ISO-10303-21;
HEADER;
FILE_DESCRIPTION(('Open CASCADE Model'),'2;1');
FILE_NAME('Open CASCADE Shape Model','2026-07-24T09:06:38',('Author'),(
    'Open CASCADE'),'Open CASCADE STEP processor 7.9','Open CASCADE 7.9'
  ,'Unknown');
FILE_SCHEMA(('AUTOMOTIVE_DESIGN { 1 0 10303 214 1 1 1 1 }'));
ENDSEC;
DATA;
#1 = APPLICATION_PROTOCOL_DEFINITION('international standard',
  'automotive_design',2000,#2);
#2 = APPLICATION_CONTEXT(
  'core data for automotive mechanical design processes');
#3 = SHAPE_DEFINITION_REPRESENTATION(#4,#10);
#4 = PRODUCT_DEFINITION_SHAPE('','',#5);
#5 = PRODUCT_DEFINITION('design','',#6,#9);
#6 = PRODUCT_DEFINITION_FORMATION('','',#7);
#7 = PRODUCT('Open CASCADE STEP translator 7.9 9',
  'Open CASCADE STEP translator 7.9 9','',(#8));
#8 = PRODUCT_CONTEXT('',#2,'mechanical');
#9 = PRODUCT_DEFINITION_CONTEXT('part definition',#2,'design');
#10 = ADVANCED_BREP_SHAPE_REPRESENTATION('',(#11,#15),#3965);
#11 = AXIS2_PLACEMENT_3D('',#12,#13,#14);
#12 = CARTESIAN_POINT('',(0.,0.,0.));
#13 = DIRECTION('',(0.,0.,1.));
#14 = DIRECTION('',(1.,0.,-0.));
#15 = MANIFOLD_SOLID_BREP('',#16);
#16 = CLOSED_SHELL('',(#17,#733,#901,#1034,#1116,#1222,#1717,#1848,#1925
    ,#1974,#2023,#2073,#2078,#2105,#2133,#2161,#2220,#2274,#2346,#2449,
    #2501,#2527,#2599,#2702,#2754,#2780,#2835,#2907,#3010,#3062,#3088,
    #3160,#3263,#3315,#3341,#3390,#3417,#3429,#3433,#3482,#3531,#3558,
    #3565,#3614,#3663,#3690,#3697,#3701,#3750,#3799,#3826,#3833,#3882,
    #3931,#3958));
#17 = ADVANCED_FACE('',(#18,#212,#559),#33,.T.);
#18 = FACE_BOUND('',#19,.F.);
#19 = EDGE_LOOP('',(#20,#55,#78,#105,#106,#129,#155,#188));
#20 = ORIENTED_EDGE('',*,*,#21,.F.);
#21 = EDGE_CURVE('',#22,#24,#26,.T.);
#22 = VERTEX_POINT('',#23);
#23 = CARTESIAN_POINT('',(15.,0.,1.));
#24 = VERTEX_POINT('',#25);
#25 = CARTESIAN_POINT('',(11.022377108305,10.173848970881,1.));
#26 = SURFACE_CURVE('',#27,(#32,#44),.PCURVE_S1.);
#27 = CIRCLE('',#28,15.);
#28 = AXIS2_PLACEMENT_3D('',#29,#30,#31);
#29 = CARTESIAN_POINT('',(0.,0.,1.));
#30 = DIRECTION('',(0.,0.,1.));
#31 = DIRECTION('',(1.,0.,-0.));
#32 = PCURVE('',#33,#38);
#33 = CYLINDRICAL_SURFACE('',#34,15.);
#34 = AXIS2_PLACEMENT_3D('',#35,#36,#37);
#35 = CARTESIAN_POINT('',(0.,0.,0.));
#36 = DIRECTION('',(-0.,-0.,-1.));
#37 = DIRECTION('',(1.,0.,0.));
#38 = DEFINITIONAL_REPRESENTATION('',(#39),#43);
#39 = LINE('',#40,#41);
#40 = CARTESIAN_POINT('',(-0.,-1.));
#41 = VECTOR('',#42,1.);
#42 = DIRECTION('',(-1.,0.));
#43 = ( GEOMETRIC_REPRESENTATION_CONTEXT(2) 
PARAMETRIC_REPRESENTATION_CONTEXT() REPRESENTATION_CONTEXT('2D SPACE',''
  ) );
#44 = PCURVE('',#45,#50);
#45 = TOROIDAL_SURFACE('',#46,14.,1.);
#46 = AXIS2_PLACEMENT_3D('',#47,#48,#49);
#47 = CARTESIAN_POINT('',(0.,0.,1.));
#48 = DIRECTION('',(-0.,-0.,-1.));
#49 = DIRECTION('',(1.,0.,-0.));
#50 = DEFINITIONAL_REPRESENTATION('',(#51),#54);
#51 = B_SPLINE_CURVE_WITH_KNOTS('',1,(#52,#53),.UNSPECIFIED.,.F.,.F.,(2,
    2),(0.,0.745387489043),.PIECEWISE_BEZIER_KNOTS.);
#52 = CARTESIAN_POINT('',(-6.28318530718,0.));
#53 = CARTESIAN_POINT('',(-7.028572796223,0.));
#54 = ( GEOMETRIC_REPRESENTATION_CONTEXT(2) 
PARAMETRIC_REPRESENTATION_CONTEXT() REPRESENTATION_CONTEXT('2D SPACE',''
  ) );
#55 = ORIENTED_EDGE('',*,*,#56,.T.);
#56 = EDGE_CURVE('',#22,#57,#59,.T.);
#57 = VERTEX_POINT('',#58);
#58 = CARTESIAN_POINT('',(15.,0.,28.));
#59 = SEAM_CURVE('',#60,(#64,#71),.PCURVE_S1.);
#60 = LINE('',#61,#62);
#61 = CARTESIAN_POINT('',(15.,0.,0.));
#62 = VECTOR('',#63,1.);
#63 = DIRECTION('',(0.,0.,1.));
#64 = PCURVE('',#33,#65);
#65 = DEFINITIONAL_REPRESENTATION('',(#66),#70);
#66 = LINE('',#67,#68);
#67 = CARTESIAN_POINT('',(-6.28318530718,0.));
#68 = VECTOR('',#69,1.);
#69 = DIRECTION('',(-0.,-1.));
#70 = ( GEOMETRIC_REPRESENTATION_CONTEXT(2) 
PARAMETRIC_REPRESENTATION_CONTEXT() REPRESENTATION_CONTEXT('2D SPACE',''
  ) );
#71 = PCURVE('',#33,#72);
#72 = DEFINITIONAL_REPRESENTATION('',(#73),#77);
#73 = LINE('',#74,#75);
#74 = CARTESIAN_POINT('',(-0.,0.));
#75 = VECTOR('',#76,1.);
#76 = DIRECTION('',(-0.,-1.));
#77 = ( GEOMETRIC_REPRESENTATION_CONTEXT(2) 
PARAMETRIC_REPRESENTATION_CONTEXT() REPRESENTATION_CONTEXT('2D SPACE',''
  ) );
#78 = ORIENTED_EDGE('',*,*,#79,.T.);
#79 = EDGE_CURVE('',#57,#57,#80,.T.);
#80 = SURFACE_CURVE('',#81,(#86,#93),.PCURVE_S1.);
#81 = CIRCLE('',#82,15.);
#82 = AXIS2_PLACEMENT_3D('',#83,#84,#85);
#83 = CARTESIAN_POINT('',(0.,0.,28.));
#84 = DIRECTION('',(0.,0.,1.));
#85 = DIRECTION('',(1.,0.,0.));
#86 = PCURVE('',#33,#87);
#87 = DEFINITIONAL_REPRESENTATION('',(#88),#92);
#88 = LINE('',#89,#90);
#89 = CARTESIAN_POINT('',(-0.,-28.));
#90 = VECTOR('',#91,1.);
#91 = DIRECTION('',(-1.,0.));
#92 = ( GEOMETRIC_REPRESENTATION_CONTEXT(2) 
PARAMETRIC_REPRESENTATION_CONTEXT() REPRESENTATION_CONTEXT('2D SPACE',''
  ) );
#93 = PCURVE('',#94,#99);
#94 = PLANE('',#95);
#95 = AXIS2_PLACEMENT_3D('',#96,#97,#98);
#96 = CARTESIAN_POINT('',(-7.29301404021E-16,1.169780044473E-16,28.));
#97 = DIRECTION('',(0.,0.,1.));
#98 = DIRECTION('',(1.,0.,-0.));
#99 = DEFINITIONAL_REPRESENTATION('',(#100),#104);
#100 = CIRCLE('',#101,15.);
#101 = AXIS2_PLACEMENT_2D('',#102,#103);
#102 = CARTESIAN_POINT('',(7.29301404021E-16,-1.169780044473E-16));
#103 = DIRECTION('',(1.,0.));
#104 = ( GEOMETRIC_REPRESENTATION_CONTEXT(2) 
PARAMETRIC_REPRESENTATION_CONTEXT() REPRESENTATION_CONTEXT('2D SPACE',''
  ) );
#105 = ORIENTED_EDGE('',*,*,#56,.F.);
#106 = ORIENTED_EDGE('',*,*,#107,.F.);
#107 = EDGE_CURVE('',#108,#22,#110,.T.);
#108 = VERTEX_POINT('',#109);
#109 = CARTESIAN_POINT('',(10.173848970881,11.022377108305,1.));
#110 = SURFACE_CURVE('',#111,(#116,#123),.PCURVE_S1.);
#111 = CIRCLE('',#112,15.);
#112 = AXIS2_PLACEMENT_3D('',#113,#114,#115);
#113 = CARTESIAN_POINT('',(0.,0.,1.));
#114 = DIRECTION('',(0.,0.,1.));
#115 = DIRECTION('',(1.,0.,-0.));
#116 = PCURVE('',#33,#117);
#117 = DEFINITIONAL_REPRESENTATION('',(#118),#122);
#118 = LINE('',#119,#120);
#119 = CARTESIAN_POINT('',(-0.,-1.));
#120 = VECTOR('',#121,1.);
#121 = DIRECTION('',(-1.,0.));
#122 = ( GEOMETRIC_REPRESENTATION_CONTEXT(2) 
PARAMETRIC_REPRESENTATION_CONTEXT() REPRESENTATION_CONTEXT('2D SPACE',''
  ) );
#123 = PCURVE('',#45,#124);
#124 = DEFINITIONAL_REPRESENTATION('',(#125),#128);
#125 = B_SPLINE_CURVE_WITH_KNOTS('',1,(#126,#127),.UNSPECIFIED.,.F.,.F.,
  (2,2),(0.825408837751,6.28318530718),.PIECEWISE_BEZIER_KNOTS.);
#126 = CARTESIAN_POINT('',(-0.825408837751,0.));
#127 = CARTESIAN_POINT('',(-6.28318530718,0.));
#128 = ( GEOMETRIC_REPRESENTATION_CONTEXT(2) 
PARAMETRIC_REPRESENTATION_CONTEXT() REPRESENTATION_CONTEXT('2D SPACE',''
  ) );
#129 = ORIENTED_EDGE('',*,*,#130,.F.);
#130 = EDGE_CURVE('',#131,#108,#133,.T.);
#131 = VERTEX_POINT('',#132);
#132 = CARTESIAN_POINT('',(10.173848970881,11.022377108305,20.));
#133 = SURFACE_CURVE('',#134,(#138,#144),.PCURVE_S1.);
#134 = LINE('',#135,#136);
#135 = CARTESIAN_POINT('',(10.173848970881,11.022377108305,0.));
#136 = VECTOR('',#137,1.);
#137 = DIRECTION('',(-0.,-0.,-1.));
#138 = PCURVE('',#33,#139);
#139 = DEFINITIONAL_REPRESENTATION('',(#140),#143);
#140 = B_SPLINE_CURVE_WITH_KNOTS('',1,(#141,#142),.UNSPECIFIED.,.F.,.F.,
  (2,2),(-22.,-0.9999994),.PIECEWISE_BEZIER_KNOTS.);
#141 = CARTESIAN_POINT('',(-0.825408837751,-22.));
#142 = CARTESIAN_POINT('',(-0.825408837751,-0.9999994));
#143 = ( GEOMETRIC_REPRESENTATION_CONTEXT(2) 
PARAMETRIC_REPRESENTATION_CONTEXT() REPRESENTATION_CONTEXT('2D SPACE',''
  ) );
#144 = PCURVE('',#145,#150);
#145 = PLANE('',#146);
#146 = AXIS2_PLACEMENT_3D('',#147,#148,#149);
#147 = CARTESIAN_POINT('',(-0.424264068712,0.424264068712,0.));
#148 = DIRECTION('',(-0.707106781187,0.707106781187,0.));
#149 = DIRECTION('',(0.,0.,1.));
#150 = DEFINITIONAL_REPRESENTATION('',(#151),#154);
#151 = B_SPLINE_CURVE_WITH_KNOTS('',1,(#152,#153),.UNSPECIFIED.,.F.,.F.,
  (2,2),(-22.,-0.9999994),.PIECEWISE_BEZIER_KNOTS.);
#152 = CARTESIAN_POINT('',(22.,14.987995196156));
#153 = CARTESIAN_POINT('',(0.9999994,14.987995196156));
#154 = ( GEOMETRIC_REPRESENTATION_CONTEXT(2) 
PARAMETRIC_REPRESENTATION_CONTEXT() REPRESENTATION_CONTEXT('2D SPACE',''
  ) );
#155 = ORIENTED_EDGE('',*,*,#156,.T.);
#156 = EDGE_CURVE('',#131,#157,#159,.T.);
#157 = VERTEX_POINT('',#158);
#158 = CARTESIAN_POINT('',(11.022377108305,10.173848970881,20.));
#159 = SURFACE_CURVE('',#160,(#165,#172),.PCURVE_S1.);
#160 = CIRCLE('',#161,15.);
#161 = AXIS2_PLACEMENT_3D('',#162,#163,#164);
#162 = CARTESIAN_POINT('',(0.,0.,20.));
#163 = DIRECTION('',(0.,0.,-1.));
#164 = DIRECTION('',(1.,0.,0.));
#165 = PCURVE('',#33,#166);
#166 = DEFINITIONAL_REPRESENTATION('',(#167),#171);
#167 = LINE('',#168,#169);
#168 = CARTESIAN_POINT('',(-6.28318530718,-20.));
#169 = VECTOR('',#170,1.);
#170 = DIRECTION('',(1.,-0.));
#171 = ( GEOMETRIC_REPRESENTATION_CONTEXT(2) 
PARAMETRIC_REPRESENTATION_CONTEXT() REPRESENTATION_CONTEXT('2D SPACE',''
  ) );
#172 = PCURVE('',#173,#178);
#173 = PLANE('',#174);
#174 = AXIS2_PLACEMENT_3D('',#175,#176,#177);
#175 = CARTESIAN_POINT('',(0.424264068712,-0.424264068712,20.));
#176 = DIRECTION('',(0.,0.,1.));
#177 = DIRECTION('',(0.707106781187,0.707106781187,0.));
#178 = DEFINITIONAL_REPRESENTATION('',(#179),#187);
#179 = ( BOUNDED_CURVE() B_SPLINE_CURVE(2,(#180,#181,#182,#183,#184,#185
,#186),.UNSPECIFIED.,.T.,.F.) B_SPLINE_CURVE_WITH_KNOTS((1,2,2,2,2,1),(
    -2.094395102393,0.,2.094395102393,4.188790204786,6.28318530718,
8.377580409573),.UNSPECIFIED.) CURVE() GEOMETRIC_REPRESENTATION_ITEM() 
RATIONAL_B_SPLINE_CURVE((1.,0.5,1.,0.5,1.,0.5,1.)) REPRESENTATION_ITEM(
  '') );
#180 = CARTESIAN_POINT('',(10.606601717798,-10.00660171779));
#181 = CARTESIAN_POINT('',(-7.764571353076,-28.37777478867));
#182 = CARTESIAN_POINT('',(-14.48888739433,-3.282285676538));
#183 = CARTESIAN_POINT('',(-21.21320343559,21.813203435596));
#184 = CARTESIAN_POINT('',(3.882285676538,15.088887394336));
#185 = CARTESIAN_POINT('',(28.977774788672,8.364571353076));
#186 = CARTESIAN_POINT('',(10.606601717798,-10.00660171779));
#187 = ( GEOMETRIC_REPRESENTATION_CONTEXT(2) 
PARAMETRIC_REPRESENTATION_CONTEXT() REPRESENTATION_CONTEXT('2D SPACE',''
  ) );
#188 = ORIENTED_EDGE('',*,*,#189,.T.);
#189 = EDGE_CURVE('',#157,#24,#190,.T.);
#190 = SURFACE_CURVE('',#191,(#195,#201),.PCURVE_S1.);
#191 = LINE('',#192,#193);
#192 = CARTESIAN_POINT('',(11.022377108305,10.173848970881,0.));
#193 = VECTOR('',#194,1.);
#194 = DIRECTION('',(-0.,-0.,-1.));
#195 = PCURVE('',#33,#196);
#196 = DEFINITIONAL_REPRESENTATION('',(#197),#200);
#197 = B_SPLINE_CURVE_WITH_KNOTS('',1,(#198,#199),.UNSPECIFIED.,.F.,.F.,
  (2,2),(-22.,-0.9999994),.PIECEWISE_BEZIER_KNOTS.);
#198 = CARTESIAN_POINT('',(-0.745387489043,-22.));
#199 = CARTESIAN_POINT('',(-0.745387489043,-0.9999994));
#200 = ( GEOMETRIC_REPRESENTATION_CONTEXT(2) 
PARAMETRIC_REPRESENTATION_CONTEXT() REPRESENTATION_CONTEXT('2D SPACE',''
  ) );
#201 = PCURVE('',#202,#207);
#202 = PLANE('',#203);
#203 = AXIS2_PLACEMENT_3D('',#204,#205,#206);
#204 = CARTESIAN_POINT('',(0.424264068712,-0.424264068712,0.));
#205 = DIRECTION('',(-0.707106781187,0.707106781187,0.));
#206 = DIRECTION('',(0.,0.,1.));
#207 = DEFINITIONAL_REPRESENTATION('',(#208),#211);
#208 = B_SPLINE_CURVE_WITH_KNOTS('',1,(#209,#210),.UNSPECIFIED.,.F.,.F.,
  (2,2),(-22.,-0.9999994),.PIECEWISE_BEZIER_KNOTS.);
#209 = CARTESIAN_POINT('',(22.,14.987995196156));
#210 = CARTESIAN_POINT('',(0.9999994,14.987995196156));
#211 = ( GEOMETRIC_REPRESENTATION_CONTEXT(2) 
PARAMETRIC_REPRESENTATION_CONTEXT() REPRESENTATION_CONTEXT('2D SPACE',''
  ) );
#212 = FACE_BOUND('',#213,.F.);
#213 = EDGE_LOOP('',(#214,#242,#414,#435,#464,#496,#528));
#214 = ORIENTED_EDGE('',*,*,#215,.F.);
#215 = EDGE_CURVE('',#216,#218,#220,.T.);
#216 = VERTEX_POINT('',#217);
#217 = CARTESIAN_POINT('',(-4.190858355517,14.402663152193,
    6.410062762169));
#218 = VERTEX_POINT('',#219);
#219 = CARTESIAN_POINT('',(-4.190858337477,14.402663170233,5.22871870789
    ));
#220 = SURFACE_CURVE('',#221,(#225,#231),.PCURVE_S1.);
#221 = LINE('',#222,#223);
#222 = CARTESIAN_POINT('',(-4.190858337477,14.402663170233,
    -1.459677394982E-15));
#223 = VECTOR('',#224,1.);
#224 = DIRECTION('',(-0.,-0.,-1.));
#225 = PCURVE('',#33,#226);
#226 = DEFINITIONAL_REPRESENTATION('',(#227),#230);
#227 = B_SPLINE_CURVE_WITH_KNOTS('',1,(#228,#229),.UNSPECIFIED.,.F.,.F.,
  (2,2),(-11.32553755053,-4.674462449468),.PIECEWISE_BEZIER_KNOTS.);
#228 = CARTESIAN_POINT('',(-1.853955657048,-11.32553755053));
#229 = CARTESIAN_POINT('',(-1.853955657048,-4.674462449468));
#230 = ( GEOMETRIC_REPRESENTATION_CONTEXT(2) 
PARAMETRIC_REPRESENTATION_CONTEXT() REPRESENTATION_CONTEXT('2D SPACE',''
  ) );
#231 = PCURVE('',#232,#237);
#232 = PLANE('',#233);
#233 = AXIS2_PLACEMENT_3D('',#234,#235,#236);
#234 = CARTESIAN_POINT('',(-4.064170573075,14.529350934636,8.));
#235 = DIRECTION('',(0.707106781187,-0.707106781187,1.110223024625E-16)
  );
#236 = DIRECTION('',(0.707106781187,0.707106781187,0.));
#237 = DEFINITIONAL_REPRESENTATION('',(#238),#241);
#238 = B_SPLINE_CURVE_WITH_KNOTS('',1,(#239,#240),.UNSPECIFIED.,.F.,.F.,
  (2,2),(-11.32553755053,-4.674462449468),.PIECEWISE_BEZIER_KNOTS.);
#239 = CARTESIAN_POINT('',(-0.179163554604,3.325537550532));
#240 = CARTESIAN_POINT('',(-0.179163554604,-3.325537550532));
#241 = ( GEOMETRIC_REPRESENTATION_CONTEXT(2) 
PARAMETRIC_REPRESENTATION_CONTEXT() REPRESENTATION_CONTEXT('2D SPACE',''
  ) );
#242 = ORIENTED_EDGE('',*,*,#243,.T.);
#243 = EDGE_CURVE('',#216,#244,#246,.T.);
#244 = VERTEX_POINT('',#245);
#245 = CARTESIAN_POINT('',(-4.190858338514,14.402663169196,
    9.589937235218));
#246 = SURFACE_CURVE('',#247,(#299,#354),.PCURVE_S1.);
#247 = B_SPLINE_CURVE_WITH_KNOTS('',8,(#248,#249,#250,#251,#252,#253,
    #254,#255,#256,#257,#258,#259,#260,#261,#262,#263,#264,#265,#266,
    #267,#268,#269,#270,#271,#272,#273,#274,#275,#276,#277,#278,#279,
    #280,#281,#282,#283,#284,#285,#286,#287,#288,#289,#290,#291,#292,
    #293,#294,#295,#296,#297,#298),.UNSPECIFIED.,.T.,.F.,(9,7,7,7,7,7,7,
    9),(0.,0.128985220837,0.252642323939,0.396975267757,0.542929730911,
    0.751109241924,0.899387320771,1.),.UNSPECIFIED.);
#248 = CARTESIAN_POINT('',(-3.993459894956,14.458640256517,9.6));
#249 = CARTESIAN_POINT('',(-3.803845759096,14.511011463881,9.6));
#250 = CARTESIAN_POINT('',(-3.615088585412,14.560087261536,
    9.579086969862));
#251 = CARTESIAN_POINT('',(-3.430033810835,14.605174690922,
    9.538515946437));
#252 = CARTESIAN_POINT('',(-3.251392040437,14.6458675393,9.4796974635));
#253 = CARTESIAN_POINT('',(-3.081741759831,14.682010752439,
    9.404196903272));
#254 = CARTESIAN_POINT('',(-2.923489395715,14.713646241922,
    9.313722729354));
#255 = CARTESIAN_POINT('',(-2.778798813167,14.740947497009,
    9.210106226111));
#256 = CARTESIAN_POINT('',(-2.525546838528,14.786394859729,
    8.985187942532));
#257 = CARTESIAN_POINT('',(-2.414892247014,14.805025198896,
    8.864040317958));
#258 = CARTESIAN_POINT('',(-2.319621634174,14.820133870095,
    8.733400204256));
#259 = CARTESIAN_POINT('',(-2.241466209632,14.831921513451,
    8.594989370268));
#260 = CARTESIAN_POINT('',(-2.181782661128,14.840605473032,
    8.450605751847));
#261 = CARTESIAN_POINT('',(-2.141540632896,14.846353464491,
    8.302077548029));
#262 = CARTESIAN_POINT('',(-2.12132034356,14.849242404918,8.151249306736
    ));
#263 = CARTESIAN_POINT('',(-2.12132034356,14.849242404918,7.823461352854
    ));
#264 = CARTESIAN_POINT('',(-2.14886757708,14.84530720258,7.647774648137)
  );
#265 = CARTESIAN_POINT('',(-2.203495420508,14.83750273045,7.475794776129
    ));
#266 = CARTESIAN_POINT('',(-2.28414163869,14.825690738379,7.310303626829
    ));
#267 = CARTESIAN_POINT('',(-2.389125927975,14.809548691068,
    7.154057268227));
#268 = CARTESIAN_POINT('',(-2.516147155265,14.788679462345,
    7.009773356854));
#269 = CARTESIAN_POINT('',(-2.662313748813,14.762766095628,
    6.880046440324));
#270 = CARTESIAN_POINT('',(-2.987946599872,14.7003389923,6.653043162911)
  );
#271 = CARTESIAN_POINT('',(-3.170143069105,14.663253796769,
    6.554492103198));
#272 = CARTESIAN_POINT('',(-3.367560115514,14.620226570888,
    6.475161711226));
#273 = CARTESIAN_POINT('',(-3.576074326378,14.571258602856,
    6.418098178898));
#274 = CARTESIAN_POINT('',(-3.79112580807,14.516748960076,6.385707379212
    ));
#275 = CARTESIAN_POINT('',(-4.008021578652,14.45758575348,6.379715607027
    ));
#276 = CARTESIAN_POINT('',(-4.222108593869,14.395159226085,
    6.401139974385));
#277 = CARTESIAN_POINT('',(-4.72365808529,14.240164531106,6.520338304967
    ));
#278 = CARTESIAN_POINT('',(-4.98969907059,14.150354959968,6.643489798032
    ));
#279 = CARTESIAN_POINT('',(-5.2186543588,14.066815804785,6.81193047492)
  );
#280 = CARTESIAN_POINT('',(-5.404936041926,13.994641355268,
    7.017288513765));
#281 = CARTESIAN_POINT('',(-5.544843297112,13.938297000805,7.24989605576
    ));
#282 = CARTESIAN_POINT('',(-5.636512165227,13.9007908534,7.498869325458)
  );
#283 = CARTESIAN_POINT('',(-5.680396077628,13.882834739392,
    7.752577220061));
#284 = CARTESIAN_POINT('',(-5.680396077628,13.882834739392,
    8.176229516026));
#285 = CARTESIAN_POINT('',(-5.658133462445,13.89194383421,8.353335691036
    ));
#286 = CARTESIAN_POINT('',(-5.613218950502,13.910321483359,
    8.528403548488));
#287 = CARTESIAN_POINT('',(-5.545434191435,13.937823182665,
    8.698409044182));
#288 = CARTESIAN_POINT('',(-5.454718234039,13.973987243389,
    8.860250771016));
#289 = CARTESIAN_POINT('',(-5.341170580028,14.01804393544,9.010752795493
    ));
#290 = CARTESIAN_POINT('',(-5.205090731934,14.068944077474,
    9.146610089366));
#291 = CARTESIAN_POINT('',(-4.939853491317,14.163714606102,9.34407011793
    ));
#292 = CARTESIAN_POINT('',(-4.822934759137,14.204441315681,
    9.415204068926));
#293 = CARTESIAN_POINT('',(-4.697334757371,14.246900443025,
    9.476122796419));
#294 = CARTESIAN_POINT('',(-4.564381947084,14.290317942147,
    9.525661036696));
#295 = CARTESIAN_POINT('',(-4.425660770724,14.333899826733,
    9.563026619433));
#296 = CARTESIAN_POINT('',(-4.282960828862,14.376897629812,
    9.587810489738));
#297 = CARTESIAN_POINT('',(-4.138221161814,14.41865736025,9.6));
#298 = CARTESIAN_POINT('',(-3.993459894956,14.458640256517,9.6));
#299 = PCURVE('',#33,#300);
#300 = DEFINITIONAL_REPRESENTATION('',(#301),#353);
#301 = B_SPLINE_CURVE_WITH_KNOTS('',8,(#302,#303,#304,#305,#306,#307,
    #308,#309,#310,#311,#312,#313,#314,#315,#316,#317,#318,#319,#320,
    #321,#322,#323,#324,#325,#326,#327,#328,#329,#330,#331,#332,#333,
    #334,#335,#336,#337,#338,#339,#340,#341,#342,#343,#344,#345,#346,
    #347,#348,#349,#350,#351,#352),.UNSPECIFIED.,.T.,.F.,(9,7,7,7,7,7,7,
    9),(0.,0.128985220837,0.252642323939,0.396975267757,0.542929730911,
    0.751109241924,0.899387320771,1.),.UNSPECIFIED.);
#302 = CARTESIAN_POINT('',(-1.840276762397,-9.6));
#303 = CARTESIAN_POINT('',(-1.827162518422,-9.6));
#304 = CARTESIAN_POINT('',(-1.814161830847,-9.579086969862));
#305 = CARTESIAN_POINT('',(-1.801466422526,-9.538515946437));
#306 = CARTESIAN_POINT('',(-1.789254471805,-9.4796974635));
#307 = CARTESIAN_POINT('',(-1.777692581143,-9.404196903272));
#308 = CARTESIAN_POINT('',(-1.766934750514,-9.313722729354));
#309 = CARTESIAN_POINT('',(-1.757118893254,-9.210106226111));
#310 = CARTESIAN_POINT('',(-1.739965723747,-8.985187942532));
#311 = CARTESIAN_POINT('',(-1.732485374892,-8.864040317958));
#312 = CARTESIAN_POINT('',(-1.726055008616,-8.733400204256));
#313 = CARTESIAN_POINT('',(-1.72078590999,-8.594989370268));
#314 = CARTESIAN_POINT('',(-1.716765140531,-8.450605751847));
#315 = CARTESIAN_POINT('',(-1.714055077989,-8.302077548029));
#316 = CARTESIAN_POINT('',(-1.712693381399,-8.151249306736));
#317 = CARTESIAN_POINT('',(-1.712693381399,-7.823461352854));
#318 = CARTESIAN_POINT('',(-1.714548508588,-7.647774648137));
#319 = CARTESIAN_POINT('',(-1.7182273381,-7.475794776129));
#320 = CARTESIAN_POINT('',(-1.723661095256,-7.310303626829));
#321 = CARTESIAN_POINT('',(-1.730741868853,-7.154057268227));
#322 = CARTESIAN_POINT('',(-1.739322475716,-7.009773356854));
#323 = CARTESIAN_POINT('',(-1.749217903856,-6.880046440324));
#324 = CARTESIAN_POINT('',(-1.771322091184,-6.653043162911));
#325 = CARTESIAN_POINT('',(-1.783716776386,-6.554492103198));
#326 = CARTESIAN_POINT('',(-1.797184725528,-6.475161711226));
#327 = CARTESIAN_POINT('',(-1.811459956329,-6.418098178898));
#328 = CARTESIAN_POINT('',(-1.826245440335,-6.385707379212));
#329 = CARTESIAN_POINT('',(-1.841229623092,-6.379715607027));
#330 = CARTESIAN_POINT('',(-1.856094590991,-6.401139974385));
#331 = CARTESIAN_POINT('',(-1.89109143198,-6.520338304967));
#332 = CARTESIAN_POINT('',(-1.909804586032,-6.643489798032));
#333 = CARTESIAN_POINT('',(-1.926045375209,-6.811930474921));
#334 = CARTESIAN_POINT('',(-1.939361020858,-7.017288513764));
#335 = CARTESIAN_POINT('',(-1.94941613638,-7.24989605576));
#336 = CARTESIAN_POINT('',(-1.956019082439,-7.498869325458));
#337 = CARTESIAN_POINT('',(-1.959180116677,-7.752577220061));
#338 = CARTESIAN_POINT('',(-1.959180116677,-8.176229516026));
#339 = CARTESIAN_POINT('',(-1.957576508288,-8.353335691036));
#340 = CARTESIAN_POINT('',(-1.954341257857,-8.528403548488));
#341 = CARTESIAN_POINT('',(-1.949464509967,-8.698409044182));
#342 = CARTESIAN_POINT('',(-1.94295420872,-8.860250771016));
#343 = CARTESIAN_POINT('',(-1.934835339694,-9.010752795493));
#344 = CARTESIAN_POINT('',(-1.92515054302,-9.146610089366));
#345 = CARTESIAN_POINT('',(-1.90637322255,-9.34407011793));
#346 = CARTESIAN_POINT('',(-1.898119556583,-9.415204068926));
#347 = CARTESIAN_POINT('',(-1.889281351899,-9.476122796419));
#348 = CARTESIAN_POINT('',(-1.879958233573,-9.525661036696));
#349 = CARTESIAN_POINT('',(-1.870265768041,-9.563026619432));
#350 = CARTESIAN_POINT('',(-1.860331100151,-9.587810489738));
#351 = CARTESIAN_POINT('',(-1.8502888565,-9.6));
#352 = CARTESIAN_POINT('',(-1.840276762397,-9.6));
#353 = ( GEOMETRIC_REPRESENTATION_CONTEXT(2) 
PARAMETRIC_REPRESENTATION_CONTEXT() REPRESENTATION_CONTEXT('2D SPACE',''
  ) );
#354 = PCURVE('',#355,#360);
#355 = CYLINDRICAL_SURFACE('',#356,1.6);
#356 = AXIS2_PLACEMENT_3D('',#357,#358,#359);
#357 = CARTESIAN_POINT('',(15.980613254816,-5.515432893255,8.));
#358 = DIRECTION('',(-0.707106781187,0.707106781187,0.));
#359 = DIRECTION('',(0.,0.,1.));
#360 = DEFINITIONAL_REPRESENTATION('',(#361),#413);
#361 = B_SPLINE_CURVE_WITH_KNOTS('',8,(#362,#363,#364,#365,#366,#367,
    #368,#369,#370,#371,#372,#373,#374,#375,#376,#377,#378,#379,#380,
    #381,#382,#383,#384,#385,#386,#387,#388,#389,#390,#391,#392,#393,
    #394,#395,#396,#397,#398,#399,#400,#401,#402,#403,#404,#405,#406,
    #407,#408,#409,#410,#411,#412),.UNSPECIFIED.,.F.,.F.,(9,7,7,7,7,7,7,
    9),(0.,0.128985220837,0.252642323939,0.396975267757,0.542929730911,
    0.751109241924,0.899387320771,1.),.UNSPECIFIED.);
#362 = CARTESIAN_POINT('',(0.,28.24760514424));
#363 = CARTESIAN_POINT('',(0.106943423213,28.15055973883));
#364 = CARTESIAN_POINT('',(0.212051811942,28.051790090635));
#365 = CARTESIAN_POINT('',(0.315624683721,27.952818231706));
#366 = CARTESIAN_POINT('',(0.417881318115,27.855273613488));
#367 = CARTESIAN_POINT('',(0.518998256192,27.760869860746));
#368 = CARTESIAN_POINT('',(0.61912007654,27.67133821008));
#369 = CARTESIAN_POINT('',(0.718360901838,27.588331420593));
#370 = CARTESIAN_POINT('',(0.911200376611,27.441391370344));
#371 = CARTESIAN_POINT('',(1.005507780915,27.376320397475));
#372 = CARTESIAN_POINT('',(1.099704195605,27.319637344948));
#373 = CARTESIAN_POINT('',(1.193809288231,27.272708236819));
#374 = CARTESIAN_POINT('',(1.287879783132,27.236646081654));
#375 = CARTESIAN_POINT('',(1.38199826587,27.212255114341));
#376 = CARTESIAN_POINT('',(1.476265510085,27.2));
#377 = CARTESIAN_POINT('',(1.681132981261,27.2));
#378 = CARTESIAN_POINT('',(1.790937214391,27.216696227367));
#379 = CARTESIAN_POINT('',(1.900471353121,27.24980535073));
#380 = CARTESIAN_POINT('',(2.009961107835,27.298478498791));
#381 = CARTESIAN_POINT('',(2.119588937586,27.361299450546));
#382 = CARTESIAN_POINT('',(2.229495652684,27.43636024857));
#383 = CARTESIAN_POINT('',(2.339774536686,27.521392120721));
#384 = CARTESIAN_POINT('',(2.562353307904,27.707506689789));
#385 = CARTESIAN_POINT('',(2.676285149184,27.810115855451));
#386 = CARTESIAN_POINT('',(2.791902459093,27.919285944493));
#387 = CARTESIAN_POINT('',(2.909044500561,28.032102174711));
#388 = CARTESIAN_POINT('',(3.027656848729,28.14562239767));
#389 = CARTESIAN_POINT('',(3.147761830191,28.257156163278));
#390 = CARTESIAN_POINT('',(3.269455637023,28.364396322655));
#391 = CARTESIAN_POINT('',(3.569021322877,28.609447569272));
#392 = CARTESIAN_POINT('',(3.740487847797,28.734061997284));
#393 = CARTESIAN_POINT('',(3.908752643063,28.836886731042));
#394 = CARTESIAN_POINT('',(4.074445040779,28.917572729709));
#395 = CARTESIAN_POINT('',(4.237942128855,28.976660623467));
#396 = CARTESIAN_POINT('',(4.399181629344,29.014959450567));
#397 = CARTESIAN_POINT('',(4.557749742923,29.033293172632));
#398 = CARTESIAN_POINT('',(4.822532427901,29.033293172632));
#399 = CARTESIAN_POINT('',(4.933223481292,29.023992229186));
#400 = CARTESIAN_POINT('',(5.044678166238,29.005227833553));
#401 = CARTESIAN_POINT('',(5.157123553213,28.976743408829));
#402 = CARTESIAN_POINT('',(5.270837911379,28.938169392766));
#403 = CARTESIAN_POINT('',(5.386155309919,28.889031862332));
#404 = CARTESIAN_POINT('',(5.503491867428,28.828800714558));
#405 = CARTESIAN_POINT('',(5.704847875842,28.708262546544));
#406 = CARTESIAN_POINT('',(5.787147136546,28.654386650691));
#407 = CARTESIAN_POINT('',(5.869991461479,28.595597174593));
#408 = CARTESIAN_POINT('',(5.953098820629,28.532286148913));
#409 = CARTESIAN_POINT('',(6.036220343563,28.465012510542));
#410 = CARTESIAN_POINT('',(6.119117281053,28.39451245211));
#411 = CARTESIAN_POINT('',(6.201539150598,28.321694640606));
#412 = CARTESIAN_POINT('',(6.28318530718,28.24760514424));
#413 = ( GEOMETRIC_REPRESENTATION_CONTEXT(2) 
PARAMETRIC_REPRESENTATION_CONTEXT() REPRESENTATION_CONTEXT('2D SPACE',''
  ) );
#414 = ORIENTED_EDGE('',*,*,#415,.F.);
#415 = EDGE_CURVE('',#416,#244,#418,.T.);
#416 = VERTEX_POINT('',#417);
#417 = CARTESIAN_POINT('',(-4.190858337477,14.402663170233,
    10.77128129211));
#418 = SURFACE_CURVE('',#419,(#423,#429),.PCURVE_S1.);
#419 = LINE('',#420,#421);
#420 = CARTESIAN_POINT('',(-4.190858337477,14.402663170233,
    -1.459677394982E-15));
#421 = VECTOR('',#422,1.);
#422 = DIRECTION('',(-0.,-0.,-1.));
#423 = PCURVE('',#33,#424);
#424 = DEFINITIONAL_REPRESENTATION('',(#425),#428);
#425 = B_SPLINE_CURVE_WITH_KNOTS('',1,(#426,#427),.UNSPECIFIED.,.F.,.F.,
  (2,2),(-11.32553755053,-4.674462449468),.PIECEWISE_BEZIER_KNOTS.);
#426 = CARTESIAN_POINT('',(-1.853955657048,-11.32553755053));
#427 = CARTESIAN_POINT('',(-1.853955657048,-4.674462449468));
#428 = ( GEOMETRIC_REPRESENTATION_CONTEXT(2) 
PARAMETRIC_REPRESENTATION_CONTEXT() REPRESENTATION_CONTEXT('2D SPACE',''
  ) );
#429 = PCURVE('',#232,#430);
#430 = DEFINITIONAL_REPRESENTATION('',(#431),#434);
#431 = B_SPLINE_CURVE_WITH_KNOTS('',1,(#432,#433),.UNSPECIFIED.,.F.,.F.,
  (2,2),(-11.32553755053,-4.674462449468),.PIECEWISE_BEZIER_KNOTS.);
#432 = CARTESIAN_POINT('',(-0.179163554604,3.325537550532));
#433 = CARTESIAN_POINT('',(-0.179163554604,-3.325537550532));
#434 = ( GEOMETRIC_REPRESENTATION_CONTEXT(2) 
PARAMETRIC_REPRESENTATION_CONTEXT() REPRESENTATION_CONTEXT('2D SPACE',''
  ) );
#435 = ORIENTED_EDGE('',*,*,#436,.T.);
#436 = EDGE_CURVE('',#416,#437,#439,.T.);
#437 = VERTEX_POINT('',#438);
#438 = CARTESIAN_POINT('',(-2.12132034356,14.849242404917,10.77128129211
    ));
#439 = SURFACE_CURVE('',#440,(#445,#452),.PCURVE_S1.);
#440 = CIRCLE('',#441,15.);
#441 = AXIS2_PLACEMENT_3D('',#442,#443,#444);
#442 = CARTESIAN_POINT('',(0.,0.,10.77128129211));
#443 = DIRECTION('',(0.,0.,-1.));
#444 = DIRECTION('',(1.,0.,0.));
#445 = PCURVE('',#33,#446);
#446 = DEFINITIONAL_REPRESENTATION('',(#447),#451);
#447 = LINE('',#448,#449);
#448 = CARTESIAN_POINT('',(-6.28318530718,-10.77128129211));
#449 = VECTOR('',#450,1.);
#450 = DIRECTION('',(1.,-0.));
#451 = ( GEOMETRIC_REPRESENTATION_CONTEXT(2) 
PARAMETRIC_REPRESENTATION_CONTEXT() REPRESENTATION_CONTEXT('2D SPACE',''
  ) );
#452 = PCURVE('',#453,#458);
#453 = PLANE('',#454);
#454 = AXIS2_PLACEMENT_3D('',#455,#456,#457);
#455 = CARTESIAN_POINT('',(-2.932799723176,15.660721784534,
    10.77128129211));
#456 = DIRECTION('',(-1.962615573355E-17,-1.766354016019E-16,-1.));
#457 = DIRECTION('',(-0.707106781187,-0.707106781187,1.387778780781E-16)
  );
#458 = DEFINITIONAL_REPRESENTATION('',(#459),#463);
#459 = CIRCLE('',#460,15.);
#460 = AXIS2_PLACEMENT_2D('',#461,#462);
#461 = CARTESIAN_POINT('',(9.,-13.14760514424));
#462 = DIRECTION('',(-0.707106781187,-0.707106781187));
#463 = ( GEOMETRIC_REPRESENTATION_CONTEXT(2) 
PARAMETRIC_REPRESENTATION_CONTEXT() REPRESENTATION_CONTEXT('2D SPACE',''
  ) );
#464 = ORIENTED_EDGE('',*,*,#465,.T.);
#465 = EDGE_CURVE('',#437,#466,#468,.T.);
#466 = VERTEX_POINT('',#467);
#467 = CARTESIAN_POINT('',(-9.33333514008E-03,14.999997096295,8.));
#468 = SURFACE_CURVE('',#469,(#474,#484),.PCURVE_S1.);
#469 = ELLIPSE('',#470,30.,15.);
#470 = AXIS2_PLACEMENT_3D('',#471,#472,#473);
#471 = CARTESIAN_POINT('',(0.,0.,26.35973856023));
#472 = DIRECTION('',(-0.612372435696,-0.612372435696,-0.5));
#473 = DIRECTION('',(0.353553390593,0.353553390593,-0.866025403784));
#474 = PCURVE('',#33,#475);
#475 = DEFINITIONAL_REPRESENTATION('',(#476),#483);
#476 = B_SPLINE_CURVE_WITH_KNOTS('',5,(#477,#478,#479,#480,#481,#482),
  .UNSPECIFIED.,.F.,.F.,(6,6),(5.342622377685,5.512356316448),
  .PIECEWISE_BEZIER_KNOTS.);
#477 = CARTESIAN_POINT('',(-1.725961092892,-11.04840942132));
#478 = CARTESIAN_POINT('',(-1.692014305139,-10.33588001257));
#479 = CARTESIAN_POINT('',(-1.658067517386,-9.645406262611));
#480 = CARTESIAN_POINT('',(-1.624120729634,-8.978698892604));
#481 = CARTESIAN_POINT('',(-1.590173941881,-8.337362366446));
#482 = CARTESIAN_POINT('',(-1.556227154129,-7.722871870789));
#483 = ( GEOMETRIC_REPRESENTATION_CONTEXT(2) 
PARAMETRIC_REPRESENTATION_CONTEXT() REPRESENTATION_CONTEXT('2D SPACE',''
  ) );
#484 = PCURVE('',#485,#490);
#485 = PLANE('',#486);
#486 = AXIS2_PLACEMENT_3D('',#487,#488,#489);
#487 = CARTESIAN_POINT('',(-1.801428873278,16.792092634433,8.));
#488 = DIRECTION('',(-0.612372435696,-0.612372435696,-0.5));
#489 = DIRECTION('',(-0.353553390593,-0.353553390593,0.866025403784));
#490 = DEFINITIONAL_REPRESENTATION('',(#491),#495);
#491 = ELLIPSE('',#492,30.,15.);
#492 = AXIS2_PLACEMENT_2D('',#493,#494);
#493 = CARTESIAN_POINT('',(21.2,-13.14760514424));
#494 = DIRECTION('',(-1.,9.614813431918E-17));
#495 = ( GEOMETRIC_REPRESENTATION_CONTEXT(2) 
PARAMETRIC_REPRESENTATION_CONTEXT() REPRESENTATION_CONTEXT('2D SPACE',''
  ) );
#496 = ORIENTED_EDGE('',*,*,#497,.T.);
#497 = EDGE_CURVE('',#466,#498,#500,.T.);
#498 = VERTEX_POINT('',#499);
#499 = CARTESIAN_POINT('',(-2.12132034356,14.849242404917,5.22871870789)
  );
#500 = SURFACE_CURVE('',#501,(#506,#516),.PCURVE_S1.);
#501 = ELLIPSE('',#502,30.,15.);
#502 = AXIS2_PLACEMENT_3D('',#503,#504,#505);
#503 = CARTESIAN_POINT('',(0.,0.,-10.35973856023));
#504 = DIRECTION('',(-0.612372435696,-0.612372435696,0.5));
#505 = DIRECTION('',(-0.353553390593,-0.353553390593,-0.866025403784));
#506 = PCURVE('',#33,#507);
#507 = DEFINITIONAL_REPRESENTATION('',(#508),#515);
#508 = B_SPLINE_CURVE_WITH_KNOTS('',5,(#509,#510,#511,#512,#513,#514),
  .UNSPECIFIED.,.F.,.F.,(6,6),(3.912421644321,4.082155583084),
  .PIECEWISE_BEZIER_KNOTS.);
#509 = CARTESIAN_POINT('',(-1.556227154129,-8.277128129211));
#510 = CARTESIAN_POINT('',(-1.590173941881,-7.662637633554));
#511 = CARTESIAN_POINT('',(-1.624120729634,-7.021301107397));
#512 = CARTESIAN_POINT('',(-1.658067517386,-6.354593737389));
#513 = CARTESIAN_POINT('',(-1.692014305139,-5.664119987426));
#514 = CARTESIAN_POINT('',(-1.725961092892,-4.951590578679));
#515 = ( GEOMETRIC_REPRESENTATION_CONTEXT(2) 
PARAMETRIC_REPRESENTATION_CONTEXT() REPRESENTATION_CONTEXT('2D SPACE',''
  ) );
#516 = PCURVE('',#517,#522);
#517 = PLANE('',#518);
#518 = AXIS2_PLACEMENT_3D('',#519,#520,#521);
#519 = CARTESIAN_POINT('',(-2.932799723176,15.660721784534,5.22871870789
    ));
#520 = DIRECTION('',(-0.612372435696,-0.612372435696,0.5));
#521 = DIRECTION('',(0.353553390593,0.353553390593,0.866025403784));
#522 = DEFINITIONAL_REPRESENTATION('',(#523),#527);
#523 = ELLIPSE('',#524,30.,15.);
#524 = AXIS2_PLACEMENT_2D('',#525,#526);
#525 = CARTESIAN_POINT('',(-18.,-13.14760514424));
#526 = DIRECTION('',(-1.,9.614813431918E-17));
#527 = ( GEOMETRIC_REPRESENTATION_CONTEXT(2) 
PARAMETRIC_REPRESENTATION_CONTEXT() REPRESENTATION_CONTEXT('2D SPACE',''
  ) );
#528 = ORIENTED_EDGE('',*,*,#529,.F.);
#529 = EDGE_CURVE('',#218,#498,#530,.T.);
#530 = SURFACE_CURVE('',#531,(#536,#543),.PCURVE_S1.);
#531 = CIRCLE('',#532,15.);
#532 = AXIS2_PLACEMENT_3D('',#533,#534,#535);
#533 = CARTESIAN_POINT('',(0.,0.,5.22871870789));
#534 = DIRECTION('',(0.,0.,-1.));
#535 = DIRECTION('',(1.,0.,0.));
#536 = PCURVE('',#33,#537);
#537 = DEFINITIONAL_REPRESENTATION('',(#538),#542);
#538 = LINE('',#539,#540);
#539 = CARTESIAN_POINT('',(-6.28318530718,-5.22871870789));
#540 = VECTOR('',#541,1.);
#541 = DIRECTION('',(1.,-0.));
#542 = ( GEOMETRIC_REPRESENTATION_CONTEXT(2) 
PARAMETRIC_REPRESENTATION_CONTEXT() REPRESENTATION_CONTEXT('2D SPACE',''
  ) );
#543 = PCURVE('',#544,#549);
#544 = PLANE('',#545);
#545 = AXIS2_PLACEMENT_3D('',#546,#547,#548);
#546 = CARTESIAN_POINT('',(-5.195541422973,13.397980084737,5.22871870789
    ));
#547 = DIRECTION('',(3.140184917368E-16,4.710277376051E-16,1.));
#548 = DIRECTION('',(0.707106781187,0.707106781187,-5.551115123126E-16)
  );
#549 = DEFINITIONAL_REPRESENTATION('',(#550),#558);
#550 = ( BOUNDED_CURVE() B_SPLINE_CURVE(2,(#551,#552,#553,#554,#555,#556
,#557),.UNSPECIFIED.,.T.,.F.) B_SPLINE_CURVE_WITH_KNOTS((1,2,2,2,2,1),(
    -2.094395102393,0.,2.094395102393,4.188790204786,6.28318530718,
8.377580409573),.UNSPECIFIED.) CURVE() GEOMETRIC_REPRESENTATION_ITEM() 
RATIONAL_B_SPLINE_CURVE((1.,0.5,1.,0.5,1.,0.5,1.)) REPRESENTATION_ITEM(
  '') );
#551 = CARTESIAN_POINT('',(4.806601717798,-23.75420686203));
#552 = CARTESIAN_POINT('',(-13.56457135307,-42.12537993291));
#553 = CARTESIAN_POINT('',(-20.28888739433,-17.02989082077));
#554 = CARTESIAN_POINT('',(-27.01320343559,8.065598291356));
#555 = CARTESIAN_POINT('',(-1.917714323462,1.341282250096));
#556 = CARTESIAN_POINT('',(23.177774788672,-5.383033791164));
#557 = CARTESIAN_POINT('',(4.806601717798,-23.75420686203));
#558 = ( GEOMETRIC_REPRESENTATION_CONTEXT(2) 
PARAMETRIC_REPRESENTATION_CONTEXT() REPRESENTATION_CONTEXT('2D SPACE',''
  ) );
#559 = FACE_BOUND('',#560,.F.);
#560 = EDGE_LOOP('',(#561));
#561 = ORIENTED_EDGE('',*,*,#562,.F.);
#562 = EDGE_CURVE('',#563,#563,#565,.T.);
#563 = VERTEX_POINT('',#564);
#564 = CARTESIAN_POINT('',(14.458640256517,-3.993459894956,9.6));
#565 = SURFACE_CURVE('',#566,(#618,#673),.PCURVE_S1.);
#566 = B_SPLINE_CURVE_WITH_KNOTS('',8,(#567,#568,#569,#570,#571,#572,
    #573,#574,#575,#576,#577,#578,#579,#580,#581,#582,#583,#584,#585,
    #586,#587,#588,#589,#590,#591,#592,#593,#594,#595,#596,#597,#598,
    #599,#600,#601,#602,#603,#604,#605,#606,#607,#608,#609,#610,#611,
    #612,#613,#614,#615,#616,#617),.UNSPECIFIED.,.T.,.F.,(9,7,7,7,7,7,7,
    9),(0.,0.128985220832,0.252642323931,0.396975267743,0.542929730892,
    0.751109241896,0.899387320754,1.),.UNSPECIFIED.);
#567 = CARTESIAN_POINT('',(14.458640256517,-3.993459894956,9.6));
#568 = CARTESIAN_POINT('',(14.511011463881,-3.803845759096,9.6));
#569 = CARTESIAN_POINT('',(14.560087261536,-3.615088585412,
    9.579086969862));
#570 = CARTESIAN_POINT('',(14.605174690922,-3.430033810835,
    9.538515946437));
#571 = CARTESIAN_POINT('',(14.6458675393,-3.251392040437,9.4796974635));
#572 = CARTESIAN_POINT('',(14.68201075244,-3.081741759831,9.404196903272
    ));
#573 = CARTESIAN_POINT('',(14.713646241922,-2.923489395715,
    9.313722729354));
#574 = CARTESIAN_POINT('',(14.740947497009,-2.778798813167,
    9.210106226111));
#575 = CARTESIAN_POINT('',(14.786394859729,-2.525546838528,
    8.985187942532));
#576 = CARTESIAN_POINT('',(14.805025198896,-2.414892247014,
    8.864040317958));
#577 = CARTESIAN_POINT('',(14.820133870095,-2.319621634174,
    8.733400204256));
#578 = CARTESIAN_POINT('',(14.831921513451,-2.241466209632,
    8.594989370268));
#579 = CARTESIAN_POINT('',(14.840605473032,-2.181782661128,
    8.450605751847));
#580 = CARTESIAN_POINT('',(14.846353464491,-2.141540632896,
    8.302077548029));
#581 = CARTESIAN_POINT('',(14.849242404917,-2.12132034356,8.151249306736
    ));
#582 = CARTESIAN_POINT('',(14.849242404917,-2.12132034356,7.823461352855
    ));
#583 = CARTESIAN_POINT('',(14.84530720258,-2.14886757708,7.647774648136)
  );
#584 = CARTESIAN_POINT('',(14.83750273045,-2.203495420508,7.475794776129
    ));
#585 = CARTESIAN_POINT('',(14.825690738379,-2.28414163869,7.31030362683)
  );
#586 = CARTESIAN_POINT('',(14.809548691068,-2.389125927974,
    7.154057268227));
#587 = CARTESIAN_POINT('',(14.788679462345,-2.516147155266,
    7.009773356854));
#588 = CARTESIAN_POINT('',(14.762766095628,-2.662313748812,
    6.880046440324));
#589 = CARTESIAN_POINT('',(14.7003389923,-2.987946599872,6.653043162911)
  );
#590 = CARTESIAN_POINT('',(14.663253796769,-3.170143069105,
    6.554492103198));
#591 = CARTESIAN_POINT('',(14.620226570888,-3.367560115515,
    6.475161711226));
#592 = CARTESIAN_POINT('',(14.571258602856,-3.576074326378,
    6.418098178898));
#593 = CARTESIAN_POINT('',(14.516748960076,-3.79112580807,6.385707379212
    ));
#594 = CARTESIAN_POINT('',(14.45758575348,-4.008021578652,6.379715607026
    ));
#595 = CARTESIAN_POINT('',(14.395159226084,-4.222108593869,
    6.401139974385));
#596 = CARTESIAN_POINT('',(14.240164531106,-4.723658085289,
    6.520338304967));
#597 = CARTESIAN_POINT('',(14.150354959967,-4.989699070592,
    6.643489798033));
#598 = CARTESIAN_POINT('',(14.066815804785,-5.218654358799,
    6.811930474921));
#599 = CARTESIAN_POINT('',(13.994641355268,-5.404936041925,
    7.017288513765));
#600 = CARTESIAN_POINT('',(13.938297000805,-5.544843297114,
    7.249896055758));
#601 = CARTESIAN_POINT('',(13.9007908534,-5.636512165227,7.498869325461)
  );
#602 = CARTESIAN_POINT('',(13.882834739392,-5.680396077628,7.75257722006
    ));
#603 = CARTESIAN_POINT('',(13.882834739392,-5.680396077628,
    8.176229516047));
#604 = CARTESIAN_POINT('',(13.891943834212,-5.658133462439,
    8.353335691043));
#605 = CARTESIAN_POINT('',(13.910321483359,-5.613218950502,
    8.528403548476));
#606 = CARTESIAN_POINT('',(13.937823182661,-5.545434191443,
    8.698409044165));
#607 = CARTESIAN_POINT('',(13.973987243386,-5.454718234048,
    8.860250771011));
#608 = CARTESIAN_POINT('',(14.018043935442,-5.341170580025,
    9.010752795502));
#609 = CARTESIAN_POINT('',(14.06894407748,-5.205090731918,9.146610089378
    ));
#610 = CARTESIAN_POINT('',(14.163714606102,-4.939853491317,9.34407011793
    ));
#611 = CARTESIAN_POINT('',(14.204441315681,-4.822934759137,
    9.415204068927));
#612 = CARTESIAN_POINT('',(14.246900443025,-4.697334757372,
    9.476122796419));
#613 = CARTESIAN_POINT('',(14.290317942147,-4.564381947084,
    9.525661036696));
#614 = CARTESIAN_POINT('',(14.333899826734,-4.425660770723,
    9.563026619433));
#615 = CARTESIAN_POINT('',(14.376897629811,-4.282960828863,
    9.587810489737));
#616 = CARTESIAN_POINT('',(14.41865736025,-4.138221161814,9.6));
#617 = CARTESIAN_POINT('',(14.458640256517,-3.993459894956,9.6));
#618 = PCURVE('',#33,#619);
#619 = DEFINITIONAL_REPRESENTATION('',(#620),#672);
#620 = B_SPLINE_CURVE_WITH_KNOTS('',8,(#621,#622,#623,#624,#625,#626,
    #627,#628,#629,#630,#631,#632,#633,#634,#635,#636,#637,#638,#639,
    #640,#641,#642,#643,#644,#645,#646,#647,#648,#649,#650,#651,#652,
    #653,#654,#655,#656,#657,#658,#659,#660,#661,#662,#663,#664,#665,
    #666,#667,#668,#669,#670,#671),.UNSPECIFIED.,.T.,.F.,(9,7,7,7,7,7,7,
    9),(0.,0.128985220832,0.252642323931,0.396975267743,0.542929730892,
    0.751109241896,0.899387320754,1.),.UNSPECIFIED.);
#621 = CARTESIAN_POINT('',(-6.013704871578,-9.6));
#622 = CARTESIAN_POINT('',(-6.026819115552,-9.6));
#623 = CARTESIAN_POINT('',(-6.039819803127,-9.579086969862));
#624 = CARTESIAN_POINT('',(-6.052515211449,-9.538515946437));
#625 = CARTESIAN_POINT('',(-6.06472716217,-9.4796974635));
#626 = CARTESIAN_POINT('',(-6.076289052831,-9.404196903272));
#627 = CARTESIAN_POINT('',(-6.08704688346,-9.313722729354));
#628 = CARTESIAN_POINT('',(-6.09686274072,-9.210106226111));
#629 = CARTESIAN_POINT('',(-6.114015910228,-8.985187942532));
#630 = CARTESIAN_POINT('',(-6.121496259082,-8.864040317959));
#631 = CARTESIAN_POINT('',(-6.127926625358,-8.733400204256));
#632 = CARTESIAN_POINT('',(-6.133195723984,-8.594989370268));
#633 = CARTESIAN_POINT('',(-6.137216493443,-8.450605751847));
#634 = CARTESIAN_POINT('',(-6.139926555985,-8.302077548029));
#635 = CARTESIAN_POINT('',(-6.141288252575,-8.151249306736));
#636 = CARTESIAN_POINT('',(-6.141288252575,-7.823461352855));
#637 = CARTESIAN_POINT('',(-6.139433125387,-7.647774648136));
#638 = CARTESIAN_POINT('',(-6.135754295875,-7.475794776129));
#639 = CARTESIAN_POINT('',(-6.130320538718,-7.31030362683));
#640 = CARTESIAN_POINT('',(-6.123239765122,-7.154057268227));
#641 = CARTESIAN_POINT('',(-6.114659158259,-7.009773356854));
#642 = CARTESIAN_POINT('',(-6.104763730119,-6.880046440324));
#643 = CARTESIAN_POINT('',(-6.082659542791,-6.653043162911));
#644 = CARTESIAN_POINT('',(-6.070264857588,-6.554492103198));
#645 = CARTESIAN_POINT('',(-6.056796908447,-6.475161711226));
#646 = CARTESIAN_POINT('',(-6.042521677645,-6.418098178898));
#647 = CARTESIAN_POINT('',(-6.02773619364,-6.385707379212));
#648 = CARTESIAN_POINT('',(-6.012752010882,-6.379715607026));
#649 = CARTESIAN_POINT('',(-5.997887042983,-6.401139974385));
#650 = CARTESIAN_POINT('',(-5.962890201995,-6.520338304967));
#651 = CARTESIAN_POINT('',(-5.944177047942,-6.643489798033));
#652 = CARTESIAN_POINT('',(-5.927936258766,-6.811930474919));
#653 = CARTESIAN_POINT('',(-5.914620613117,-7.017288513767));
#654 = CARTESIAN_POINT('',(-5.904565497594,-7.249896055756));
#655 = CARTESIAN_POINT('',(-5.897962551535,-7.498869325462));
#656 = CARTESIAN_POINT('',(-5.894801517297,-7.75257722006));
#657 = CARTESIAN_POINT('',(-5.894801517297,-8.176229516047));
#658 = CARTESIAN_POINT('',(-5.896405125687,-8.353335691043));
#659 = CARTESIAN_POINT('',(-5.899640376118,-8.528403548475));
#660 = CARTESIAN_POINT('',(-5.904517124007,-8.698409044165));
#661 = CARTESIAN_POINT('',(-5.911027425254,-8.860250771011));
#662 = CARTESIAN_POINT('',(-5.91914629428,-9.010752795502));
#663 = CARTESIAN_POINT('',(-5.928831090956,-9.146610089378));
#664 = CARTESIAN_POINT('',(-5.947608411424,-9.34407011793));
#665 = CARTESIAN_POINT('',(-5.955862077391,-9.415204068927));
#666 = CARTESIAN_POINT('',(-5.964700282076,-9.476122796419));
#667 = CARTESIAN_POINT('',(-5.974023400402,-9.525661036696));
#668 = CARTESIAN_POINT('',(-5.983715865933,-9.563026619433));
#669 = CARTESIAN_POINT('',(-5.993650533823,-9.587810489738));
#670 = CARTESIAN_POINT('',(-6.003692777474,-9.6));
#671 = CARTESIAN_POINT('',(-6.013704871578,-9.6));
#672 = ( GEOMETRIC_REPRESENTATION_CONTEXT(2) 
PARAMETRIC_REPRESENTATION_CONTEXT() REPRESENTATION_CONTEXT('2D SPACE',''
  ) );
#673 = PCURVE('',#674,#679);
#674 = CYLINDRICAL_SURFACE('',#675,1.6);
#675 = AXIS2_PLACEMENT_3D('',#676,#677,#678);
#676 = CARTESIAN_POINT('',(15.980613254816,-5.515432893255,8.));
#677 = DIRECTION('',(-0.707106781187,0.707106781187,0.));
#678 = DIRECTION('',(0.,0.,1.));
#679 = DEFINITIONAL_REPRESENTATION('',(#680),#732);
#680 = B_SPLINE_CURVE_WITH_KNOTS('',8,(#681,#682,#683,#684,#685,#686,
    #687,#688,#689,#690,#691,#692,#693,#694,#695,#696,#697,#698,#699,
    #700,#701,#702,#703,#704,#705,#706,#707,#708,#709,#710,#711,#712,
    #713,#714,#715,#716,#717,#718,#719,#720,#721,#722,#723,#724,#725,
    #726,#727,#728,#729,#730,#731),.UNSPECIFIED.,.F.,.F.,(9,7,7,7,7,7,7,
    9),(0.,0.128985220832,0.252642323931,0.396975267743,0.542929730892,
    0.751109241896,0.899387320754,1.),.UNSPECIFIED.);
#681 = CARTESIAN_POINT('',(0.,2.15239485576));
#682 = CARTESIAN_POINT('',(0.106943423213,2.24944026117));
#683 = CARTESIAN_POINT('',(0.212051811942,2.348209909365));
#684 = CARTESIAN_POINT('',(0.315624683721,2.447181768294));
#685 = CARTESIAN_POINT('',(0.417881318115,2.544726386512));
#686 = CARTESIAN_POINT('',(0.518998256192,2.639130139254));
#687 = CARTESIAN_POINT('',(0.61912007654,2.72866178992));
#688 = CARTESIAN_POINT('',(0.718360901838,2.811668579407));
#689 = CARTESIAN_POINT('',(0.911200376611,2.958608629656));
#690 = CARTESIAN_POINT('',(1.005507780915,3.023679602525));
#691 = CARTESIAN_POINT('',(1.099704195605,3.080362655052));
#692 = CARTESIAN_POINT('',(1.193809288231,3.127291763181));
#693 = CARTESIAN_POINT('',(1.287879783132,3.163353918346));
#694 = CARTESIAN_POINT('',(1.38199826587,3.187744885659));
#695 = CARTESIAN_POINT('',(1.476265510085,3.2));
#696 = CARTESIAN_POINT('',(1.681132981261,3.2));
#697 = CARTESIAN_POINT('',(1.790937214391,3.183303772633));
#698 = CARTESIAN_POINT('',(1.90047135312,3.15019464927));
#699 = CARTESIAN_POINT('',(2.009961107834,3.10152150121));
#700 = CARTESIAN_POINT('',(2.119588937586,3.038700549454));
#701 = CARTESIAN_POINT('',(2.229495652684,2.96363975143));
#702 = CARTESIAN_POINT('',(2.339774536685,2.878607879279));
#703 = CARTESIAN_POINT('',(2.562353307904,2.692493310211));
#704 = CARTESIAN_POINT('',(2.676285149184,2.589884144549));
#705 = CARTESIAN_POINT('',(2.791902459093,2.480714055507));
#706 = CARTESIAN_POINT('',(2.909044500561,2.367897825289));
#707 = CARTESIAN_POINT('',(3.027656848729,2.25437760233));
#708 = CARTESIAN_POINT('',(3.147761830191,2.142843836722));
#709 = CARTESIAN_POINT('',(3.269455637023,2.035603677345));
#710 = CARTESIAN_POINT('',(3.569021322876,1.790552430728));
#711 = CARTESIAN_POINT('',(3.740487847798,1.665938002715));
#712 = CARTESIAN_POINT('',(3.908752643062,1.563113268959));
#713 = CARTESIAN_POINT('',(4.074445040779,1.482427270292));
#714 = CARTESIAN_POINT('',(4.237942128854,1.423339376533));
#715 = CARTESIAN_POINT('',(4.399181629346,1.385040549433));
#716 = CARTESIAN_POINT('',(4.557749742922,1.366706827368));
#717 = CARTESIAN_POINT('',(4.822532427914,1.366706827368));
#718 = CARTESIAN_POINT('',(4.933223481296,1.376007770817));
#719 = CARTESIAN_POINT('',(5.04467816623,1.394772166447));
#720 = CARTESIAN_POINT('',(5.157123553202,1.423256591168));
#721 = CARTESIAN_POINT('',(5.270837911373,1.46183060723));
#722 = CARTESIAN_POINT('',(5.386155309924,1.510968137669));
#723 = CARTESIAN_POINT('',(5.50349186744,1.571199285449));
#724 = CARTESIAN_POINT('',(5.704847875842,1.691737453456));
#725 = CARTESIAN_POINT('',(5.787147136547,1.74561334931));
#726 = CARTESIAN_POINT('',(5.869991461478,1.804402825406));
#727 = CARTESIAN_POINT('',(5.953098820629,1.867713851088));
#728 = CARTESIAN_POINT('',(6.036220343565,1.934987489459));
#729 = CARTESIAN_POINT('',(6.119117281053,2.00548754789));
#730 = CARTESIAN_POINT('',(6.201539150598,2.078305359394));
#731 = CARTESIAN_POINT('',(6.28318530718,2.15239485576));
#732 = ( GEOMETRIC_REPRESENTATION_CONTEXT(2) 
PARAMETRIC_REPRESENTATION_CONTEXT() REPRESENTATION_CONTEXT('2D SPACE',''
  ) );
#733 = ADVANCED_FACE('',(#734),#45,.T.);
#734 = FACE_BOUND('',#735,.F.);
#735 = EDGE_LOOP('',(#736,#767,#833,#834,#835));
#736 = ORIENTED_EDGE('',*,*,#737,.F.);
#737 = EDGE_CURVE('',#738,#740,#742,.T.);
#738 = VERTEX_POINT('',#739);
#739 = CARTESIAN_POINT('',(9.466135316551,10.314663453974,0.));
#740 = VERTEX_POINT('',#741);
#741 = CARTESIAN_POINT('',(10.314663453974,9.466135316551,0.));
#742 = SURFACE_CURVE('',#743,(#748,#755),.PCURVE_S1.);
#743 = CIRCLE('',#744,14.);
#744 = AXIS2_PLACEMENT_3D('',#745,#746,#747);
#745 = CARTESIAN_POINT('',(0.,0.,0.));
#746 = DIRECTION('',(0.,-0.,1.));
#747 = DIRECTION('',(0.676152522611,0.736761675284,0.));
#748 = PCURVE('',#45,#749);
#749 = DEFINITIONAL_REPRESENTATION('',(#750),#754);
#750 = LINE('',#751,#752);
#751 = CARTESIAN_POINT('',(-0.828268436644,1.570796326795));
#752 = VECTOR('',#753,1.);
#753 = DIRECTION('',(-1.,0.));
#754 = ( GEOMETRIC_REPRESENTATION_CONTEXT(2) 
PARAMETRIC_REPRESENTATION_CONTEXT() REPRESENTATION_CONTEXT('2D SPACE',''
  ) );
#755 = PCURVE('',#756,#761);
#756 = PLANE('',#757);
#757 = AXIS2_PLACEMENT_3D('',#758,#759,#760);
#758 = CARTESIAN_POINT('',(-7.29301404021E-16,1.169780044473E-16,0.));
#759 = DIRECTION('',(0.,0.,1.));
#760 = DIRECTION('',(1.,0.,-0.));
#761 = DEFINITIONAL_REPRESENTATION('',(#762),#766);
#762 = CIRCLE('',#763,14.);
#763 = AXIS2_PLACEMENT_2D('',#764,#765);
#764 = CARTESIAN_POINT('',(7.29301404021E-16,-1.169780044473E-16));
#765 = DIRECTION('',(0.676152522611,0.736761675284));
#766 = ( GEOMETRIC_REPRESENTATION_CONTEXT(2) 
PARAMETRIC_REPRESENTATION_CONTEXT() REPRESENTATION_CONTEXT('2D SPACE',''
  ) );
#767 = ORIENTED_EDGE('',*,*,#768,.F.);
#768 = EDGE_CURVE('',#108,#738,#769,.T.);
#769 = SURFACE_CURVE('',#770,(#789,#811),.PCURVE_S1.);
#770 = B_SPLINE_CURVE_WITH_KNOTS('',5,(#771,#772,#773,#774,#775,#776,
    #777,#778,#779,#780,#781,#782,#783,#784,#785,#786,#787,#788),
  .UNSPECIFIED.,.F.,.F.,(6,4,4,4,6),(0.,0.271580441189,0.539561326281,
    0.769584006717,1.),.UNSPECIFIED.);
#771 = CARTESIAN_POINT('',(10.173848970881,11.022377108305,1.));
#772 = CARTESIAN_POINT('',(10.173848970881,11.022377108305,
    0.914662604103));
#773 = CARTESIAN_POINT('',(10.16740670745,11.015934844874,0.829320954394
    ));
#774 = CARTESIAN_POINT('',(10.154522506263,11.003050643687,
    0.745283172299));
#775 = CARTESIAN_POINT('',(10.135393026422,10.983921163846,
    0.663828791088));
#776 = CARTESIAN_POINT('',(10.085741391621,10.934269529045,
    0.509496440348));
#777 = CARTESIAN_POINT('',(10.055371235909,10.903899373333,0.43651172635
    ));
#778 = CARTESIAN_POINT('',(10.019659855552,10.868187992976,
    0.368336293196));
#779 = CARTESIAN_POINT('',(9.979137164997,10.827665302421,0.305979076249
    ));
#780 = CARTESIAN_POINT('',(9.896128261134,10.744656398558,0.202450592362
    ));
#781 = CARTESIAN_POINT('',(9.854730713226,10.70325885065,0.159526296453)
  );
#782 = CARTESIAN_POINT('',(9.810696987938,10.659225125361,0.12201926842)
  );
#783 = CARTESIAN_POINT('',(9.764507146522,10.613035283946,
    9.033718829249E-02));
#784 = CARTESIAN_POINT('',(9.668780306881,10.517308444305,
    3.913783855249E-02));
#785 = CARTESIAN_POINT('',(9.619235269862,10.467763407286,
    1.964015232157E-02));
#786 = CARTESIAN_POINT('',(9.568575689168,10.417103826592,
    6.546727088239E-03));
#787 = CARTESIAN_POINT('',(9.51735499938,10.365883136803,
    4.431324256276E-18));
#788 = CARTESIAN_POINT('',(9.466135316551,10.314663453974,0.));
#789 = PCURVE('',#45,#790);
#790 = DEFINITIONAL_REPRESENTATION('',(#791),#810);
#791 = B_SPLINE_CURVE_WITH_KNOTS('',5,(#792,#793,#794,#795,#796,#797,
    #798,#799,#800,#801,#802,#803,#804,#805,#806,#807,#808,#809),
  .UNSPECIFIED.,.F.,.F.,(6,4,4,4,6),(0.,0.271580441189,0.539561326281,
    0.769584006717,1.),.UNSPECIFIED.);
#792 = CARTESIAN_POINT('',(-0.825408837751,0.));
#793 = CARTESIAN_POINT('',(-0.825408837751,8.533739589696E-02));
#794 = CARTESIAN_POINT('',(-0.825433133837,0.170679074999));
#795 = CARTESIAN_POINT('',(-0.825481719722,0.256011575616));
#796 = CARTESIAN_POINT('',(-0.825554166122,0.341350138833));
#797 = CARTESIAN_POINT('',(-0.825743672778,0.510882024015));
#798 = CARTESIAN_POINT('',(-0.82586013773,0.595083689962));
#799 = CARTESIAN_POINT('',(-0.825998051671,0.679274322305));
#800 = CARTESIAN_POINT('',(-0.82615610701,0.763468617616));
#801 = CARTESIAN_POINT('',(-0.826483764211,0.919916770543));
#802 = CARTESIAN_POINT('',(-0.826648568899,0.992177513974));
#803 = CARTESIAN_POINT('',(-0.8268256489,1.064431848063));
#804 = CARTESIAN_POINT('',(-0.827013555393,1.136687042816));
#805 = CARTESIAN_POINT('',(-0.827407788704,1.281312789876));
#806 = CARTESIAN_POINT('',(-0.82761415634,1.353687051208));
#807 = CARTESIAN_POINT('',(-0.82782781451,1.42605599814));
#808 = CARTESIAN_POINT('',(-0.828046695103,1.498427309714));
#809 = CARTESIAN_POINT('',(-0.828268436644,1.570796326795));
#810 = ( GEOMETRIC_REPRESENTATION_CONTEXT(2) 
PARAMETRIC_REPRESENTATION_CONTEXT() REPRESENTATION_CONTEXT('2D SPACE',''
  ) );
#811 = PCURVE('',#145,#812);
#812 = DEFINITIONAL_REPRESENTATION('',(#813),#832);
#813 = B_SPLINE_CURVE_WITH_KNOTS('',5,(#814,#815,#816,#817,#818,#819,
    #820,#821,#822,#823,#824,#825,#826,#827,#828,#829,#830,#831),
  .UNSPECIFIED.,.F.,.F.,(6,4,4,4,6),(0.,0.271580441189,0.539561326281,
    0.769584006717,1.),.UNSPECIFIED.);
#814 = CARTESIAN_POINT('',(1.,14.987995196156));
#815 = CARTESIAN_POINT('',(0.914662604103,14.987995196156));
#816 = CARTESIAN_POINT('',(0.829320954394,14.978884459839));
#817 = CARTESIAN_POINT('',(0.745283172299,14.96066344778));
#818 = CARTESIAN_POINT('',(0.663828791088,14.933610277947));
#819 = CARTESIAN_POINT('',(0.509496440348,14.863392262618));
#820 = CARTESIAN_POINT('',(0.43651172635,14.820442376519));
#821 = CARTESIAN_POINT('',(0.368336293196,14.769938858087));
#822 = CARTESIAN_POINT('',(0.305979076249,14.71263111952));
#823 = CARTESIAN_POINT('',(0.202450592362,14.595238801879));
#824 = CARTESIAN_POINT('',(0.159526296453,14.536693828179));
#825 = CARTESIAN_POINT('',(0.12201926842,14.474420736674));
#826 = CARTESIAN_POINT('',(9.033718829249E-02,14.409098436501));
#827 = CARTESIAN_POINT('',(3.913783855249E-02,14.273720241597));
#828 = CARTESIAN_POINT('',(1.964015232157E-02,14.203652978297));
#829 = CARTESIAN_POINT('',(6.546727088239E-03,14.132009512215));
#830 = CARTESIAN_POINT('',(4.431324256276E-18,14.059572518042));
#831 = CARTESIAN_POINT('',(0.,13.987136947925));
#832 = ( GEOMETRIC_REPRESENTATION_CONTEXT(2) 
PARAMETRIC_REPRESENTATION_CONTEXT() REPRESENTATION_CONTEXT('2D SPACE',''
  ) );
#833 = ORIENTED_EDGE('',*,*,#107,.T.);
#834 = ORIENTED_EDGE('',*,*,#21,.T.);
#835 = ORIENTED_EDGE('',*,*,#836,.T.);
#836 = EDGE_CURVE('',#24,#740,#837,.T.);
#837 = SURFACE_CURVE('',#838,(#857,#879),.PCURVE_S1.);
#838 = B_SPLINE_CURVE_WITH_KNOTS('',5,(#839,#840,#841,#842,#843,#844,
    #845,#846,#847,#848,#849,#850,#851,#852,#853,#854,#855,#856),
  .UNSPECIFIED.,.F.,.F.,(6,4,4,4,6),(0.,0.270580634237,0.539561326972,
    0.769584007042,1.),.UNSPECIFIED.);
#839 = CARTESIAN_POINT('',(11.022377108305,10.173848970881,1.));
#840 = CARTESIAN_POINT('',(11.022377108305,10.173848970881,0.91497676833
    ));
#841 = CARTESIAN_POINT('',(11.015982194668,10.167454057244,
    0.829949359073));
#842 = CARTESIAN_POINT('',(11.003192686306,10.154664548882,
    0.746211413491));
#843 = CARTESIAN_POINT('',(10.984202357075,10.135674219651,
    0.665028498875));
#844 = CARTESIAN_POINT('',(10.934722321686,10.086194184262,
    0.510586053636));
#845 = CARTESIAN_POINT('',(10.90429889896,10.055770761536,0.437275074217
    ));
#846 = CARTESIAN_POINT('',(10.868490327896,10.019962190473,
    0.368801714486));
#847 = CARTESIAN_POINT('',(10.827831953814,9.97930381639,0.30618692343)
  );
#848 = CARTESIAN_POINT('',(10.744656398595,9.896128261171,0.202450592402
    ));
#849 = CARTESIAN_POINT('',(10.703258850689,9.854730713265,0.159526296489
    ));
#850 = CARTESIAN_POINT('',(10.659225125402,9.810696987978,0.122019268451
    ));
#851 = CARTESIAN_POINT('',(10.613035283988,9.764507146564,
    9.033718831993E-02));
#852 = CARTESIAN_POINT('',(10.517308444341,9.668780306917,
    3.913783856649E-02));
#853 = CARTESIAN_POINT('',(10.467763407313,9.619235269889,
    1.964015232866E-02));
#854 = CARTESIAN_POINT('',(10.41710382661,9.568575689186,
    6.546727090582E-03));
#855 = CARTESIAN_POINT('',(10.365883136813,9.517354999389,
    4.431324257075E-18));
#856 = CARTESIAN_POINT('',(10.314663453974,9.466135316551,0.));
#857 = PCURVE('',#45,#858);
#858 = DEFINITIONAL_REPRESENTATION('',(#859),#878);
#859 = B_SPLINE_CURVE_WITH_KNOTS('',5,(#860,#861,#862,#863,#864,#865,
    #866,#867,#868,#869,#870,#871,#872,#873,#874,#875,#876,#877),
  .UNSPECIFIED.,.F.,.F.,(6,4,4,4,6),(0.,0.270580634237,0.539561326972,
    0.769584007042,1.),.UNSPECIFIED.);
#860 = CARTESIAN_POINT('',(-7.028572796223,0.));
#861 = CARTESIAN_POINT('',(-7.028572796223,8.502323167039E-02));
#862 = CARTESIAN_POINT('',(-7.028548678721,0.170050669592));
#863 = CARTESIAN_POINT('',(-7.028500449871,0.255069087019));
#864 = CARTESIAN_POINT('',(-7.02842853277,0.340093443199));
#865 = CARTESIAN_POINT('',(-7.0282396975,0.509625411891));
#866 = CARTESIAN_POINT('',(-7.028123039121,0.594141323168));
#867 = CARTESIAN_POINT('',(-7.027984761499,0.678646038037));
#868 = CARTESIAN_POINT('',(-7.02782618478,0.763154527178));
#869 = CARTESIAN_POINT('',(-7.027497869764,0.919916770478));
#870 = CARTESIAN_POINT('',(-7.027333065076,0.992177513909));
#871 = CARTESIAN_POINT('',(-7.027155985075,1.064431847998));
#872 = CARTESIAN_POINT('',(-7.026968078582,1.136687042751));
#873 = CARTESIAN_POINT('',(-7.026573845271,1.281312789824));
#874 = CARTESIAN_POINT('',(-7.026367477634,1.353687051169));
#875 = CARTESIAN_POINT('',(-7.026153819464,1.426055998114));
#876 = CARTESIAN_POINT('',(-7.025934938872,1.498427309701));
#877 = CARTESIAN_POINT('',(-7.025713197331,1.570796326795));
#878 = ( GEOMETRIC_REPRESENTATION_CONTEXT(2) 
PARAMETRIC_REPRESENTATION_CONTEXT() REPRESENTATION_CONTEXT('2D SPACE',''
  ) );
#879 = PCURVE('',#202,#880);
#880 = DEFINITIONAL_REPRESENTATION('',(#881),#900);
#881 = B_SPLINE_CURVE_WITH_KNOTS('',5,(#882,#883,#884,#885,#886,#887,
    #888,#889,#890,#891,#892,#893,#894,#895,#896,#897,#898,#899),
  .UNSPECIFIED.,.F.,.F.,(6,4,4,4,6),(0.,0.270580634237,0.539561326972,
    0.769584007042,1.),.UNSPECIFIED.);
#882 = CARTESIAN_POINT('',(1.,14.987995196156));
#883 = CARTESIAN_POINT('',(0.91497676833,14.987995196156));
#884 = CARTESIAN_POINT('',(0.829949359073,14.97895142256));
#885 = CARTESIAN_POINT('',(0.746211413491,14.960864326379));
#886 = CARTESIAN_POINT('',(0.665028498875,14.934007945226));
#887 = CARTESIAN_POINT('',(0.510586053636,14.864032608112));
#888 = CARTESIAN_POINT('',(0.437275074217,14.821007391079));
#889 = CARTESIAN_POINT('',(0.368801714486,14.770366424232));
#890 = CARTESIAN_POINT('',(0.30618692343,14.71286680018));
#891 = CARTESIAN_POINT('',(0.202450592402,14.595238801931));
#892 = CARTESIAN_POINT('',(0.159526296489,14.536693828234));
#893 = CARTESIAN_POINT('',(0.122019268451,14.474420736731));
#894 = CARTESIAN_POINT('',(9.033718831993E-02,14.40909843656));
#895 = CARTESIAN_POINT('',(3.913783856649E-02,14.273720241648));
#896 = CARTESIAN_POINT('',(1.964015232866E-02,14.203652978335));
#897 = CARTESIAN_POINT('',(6.546727090582E-03,14.132009512241));
#898 = CARTESIAN_POINT('',(4.431324257075E-18,14.059572518055));
#899 = CARTESIAN_POINT('',(0.,13.987136947925));
#900 = ( GEOMETRIC_REPRESENTATION_CONTEXT(2) 
PARAMETRIC_REPRESENTATION_CONTEXT() REPRESENTATION_CONTEXT('2D SPACE',''
  ) );
#901 = ADVANCED_FACE('',(#902,#1008),#202,.T.);
#902 = FACE_BOUND('',#903,.T.);
#903 = EDGE_LOOP('',(#904,#905,#928,#960,#986,#1007));
#904 = ORIENTED_EDGE('',*,*,#836,.T.);
#905 = ORIENTED_EDGE('',*,*,#906,.F.);
#906 = EDGE_CURVE('',#907,#740,#909,.T.);
#907 = VERTEX_POINT('',#908);
#908 = CARTESIAN_POINT('',(2.321960040147,1.473431902723,0.));
#909 = SURFACE_CURVE('',#910,(#914,#921),.PCURVE_S1.);
#910 = LINE('',#911,#912);
#911 = CARTESIAN_POINT('',(0.424264068712,-0.424264068712,0.));
#912 = VECTOR('',#913,1.);
#913 = DIRECTION('',(0.707106781187,0.707106781187,0.));
#914 = PCURVE('',#202,#915);
#915 = DEFINITIONAL_REPRESENTATION('',(#916),#920);
#916 = LINE('',#917,#918);
#917 = CARTESIAN_POINT('',(0.,0.));
#918 = VECTOR('',#919,1.);
#919 = DIRECTION('',(0.,1.));
#920 = ( GEOMETRIC_REPRESENTATION_CONTEXT(2) 
PARAMETRIC_REPRESENTATION_CONTEXT() REPRESENTATION_CONTEXT('2D SPACE',''
  ) );
#921 = PCURVE('',#756,#922);
#922 = DEFINITIONAL_REPRESENTATION('',(#923),#927);
#923 = LINE('',#924,#925);
#924 = CARTESIAN_POINT('',(0.424264068712,-0.424264068712));
#925 = VECTOR('',#926,1.);
#926 = DIRECTION('',(0.707106781187,0.707106781187));
#927 = ( GEOMETRIC_REPRESENTATION_CONTEXT(2) 
PARAMETRIC_REPRESENTATION_CONTEXT() REPRESENTATION_CONTEXT('2D SPACE',''
  ) );
#928 = ORIENTED_EDGE('',*,*,#929,.T.);
#929 = EDGE_CURVE('',#907,#930,#932,.T.);
#930 = VERTEX_POINT('',#931);
#931 = CARTESIAN_POINT('',(1.884144200778,1.035616063354,0.6));
#932 = SURFACE_CURVE('',#933,(#938,#945),.PCURVE_S1.);
#933 = HYPERBOLA('',#934,0.6,0.6);
#934 = AXIS2_PLACEMENT_3D('',#935,#936,#937);
#935 = CARTESIAN_POINT('',(0.424264068712,-0.424264068712,2.75));
#936 = DIRECTION('',(-0.707106781187,0.707106781187,0.));
#937 = DIRECTION('',(-0.,0.,-1.));
#938 = PCURVE('',#202,#939);
#939 = DEFINITIONAL_REPRESENTATION('',(#940),#944);
#940 = ( BOUNDED_CURVE() B_SPLINE_CURVE(2,(#941,#942,#943),
.UNSPECIFIED.,.F.,.F.) B_SPLINE_CURVE_WITH_KNOTS((3,3),(-2.203454644927,
-1.949376107629),.PIECEWISE_BEZIER_KNOTS.) CURVE() 
GEOMETRIC_REPRESENTATION_ITEM() RATIONAL_B_SPLINE_CURVE((1.,
1.008080346502,1.)) REPRESENTATION_ITEM('') );
#941 = CARTESIAN_POINT('',(0.,2.683747380064));
#942 = CARTESIAN_POINT('',(0.339118920245,2.336256763919));
#943 = CARTESIAN_POINT('',(0.6,2.064582282206));
#944 = ( GEOMETRIC_REPRESENTATION_CONTEXT(2) 
PARAMETRIC_REPRESENTATION_CONTEXT() REPRESENTATION_CONTEXT('2D SPACE',''
  ) );
#945 = PCURVE('',#946,#951);
#946 = CONICAL_SURFACE('',#947,2.75,0.785398163397);
#947 = AXIS2_PLACEMENT_3D('',#948,#949,#950);
#948 = CARTESIAN_POINT('',(0.,0.,0.));
#949 = DIRECTION('',(-0.,-0.,-1.));
#950 = DIRECTION('',(0.707106781187,0.707106781187,0.));
#951 = DEFINITIONAL_REPRESENTATION('',(#952),#959);
#952 = B_SPLINE_CURVE_WITH_KNOTS('',5,(#953,#954,#955,#956,#957,#958),
  .UNSPECIFIED.,.F.,.F.,(6,6),(-2.203454644927,-1.949376107629),
  .PIECEWISE_BEZIER_KNOTS.);
#953 = CARTESIAN_POINT('',(-6.063234292488,6.661338147751E-16));
#954 = CARTESIAN_POINT('',(-6.052147229042,-0.136376521761));
#955 = CARTESIAN_POINT('',(-6.040372881831,-0.263876627016));
#956 = CARTESIAN_POINT('',(-6.027857311443,-0.38323384148));
#957 = CARTESIAN_POINT('',(-6.014541181143,-0.495086790721));
#958 = CARTESIAN_POINT('',(-6.00036005348,-0.6));
#959 = ( GEOMETRIC_REPRESENTATION_CONTEXT(2) 
PARAMETRIC_REPRESENTATION_CONTEXT() REPRESENTATION_CONTEXT('2D SPACE',''
  ) );
#960 = ORIENTED_EDGE('',*,*,#961,.F.);
#961 = EDGE_CURVE('',#962,#930,#964,.T.);
#962 = VERTEX_POINT('',#963);
#963 = CARTESIAN_POINT('',(1.884144200778,1.035616063354,20.));
#964 = SURFACE_CURVE('',#965,(#969,#975),.PCURVE_S1.);
#965 = LINE('',#966,#967);
#966 = CARTESIAN_POINT('',(1.884144200778,1.035616063354,0.));
#967 = VECTOR('',#968,1.);
#968 = DIRECTION('',(0.,-0.,-1.));
#969 = PCURVE('',#202,#970);
#970 = DEFINITIONAL_REPRESENTATION('',(#971),#974);
#971 = B_SPLINE_CURVE_WITH_KNOTS('',1,(#972,#973),.UNSPECIFIED.,.F.,.F.,
  (2,2),(-20.0500006,-0.5999994),.PIECEWISE_BEZIER_KNOTS.);
#972 = CARTESIAN_POINT('',(20.0500006,2.064582282206));
#973 = CARTESIAN_POINT('',(0.5999994,2.064582282206));
#974 = ( GEOMETRIC_REPRESENTATION_CONTEXT(2) 
PARAMETRIC_REPRESENTATION_CONTEXT() REPRESENTATION_CONTEXT('2D SPACE',''
  ) );
#975 = PCURVE('',#976,#981);
#976 = CYLINDRICAL_SURFACE('',#977,2.15);
#977 = AXIS2_PLACEMENT_3D('',#978,#979,#980);
#978 = CARTESIAN_POINT('',(0.,0.,0.));
#979 = DIRECTION('',(0.,-0.,-1.));
#980 = DIRECTION('',(0.707106781187,0.707106781187,0.));
#981 = DEFINITIONAL_REPRESENTATION('',(#982),#985);
#982 = B_SPLINE_CURVE_WITH_KNOTS('',1,(#983,#984),.UNSPECIFIED.,.F.,.F.,
  (2,2),(-20.0500006,-0.5999994),.PIECEWISE_BEZIER_KNOTS.);
#983 = CARTESIAN_POINT('',(-6.00036005348,-20.0500006));
#984 = CARTESIAN_POINT('',(-6.00036005348,-0.5999994));
#985 = ( GEOMETRIC_REPRESENTATION_CONTEXT(2) 
PARAMETRIC_REPRESENTATION_CONTEXT() REPRESENTATION_CONTEXT('2D SPACE',''
  ) );
#986 = ORIENTED_EDGE('',*,*,#987,.T.);
#987 = EDGE_CURVE('',#962,#157,#988,.T.);
#988 = SURFACE_CURVE('',#989,(#993,#1000),.PCURVE_S1.);
#989 = LINE('',#990,#991);
#990 = CARTESIAN_POINT('',(0.424264068712,-0.424264068712,20.));
#991 = VECTOR('',#992,1.);
#992 = DIRECTION('',(0.707106781187,0.707106781187,0.));
#993 = PCURVE('',#202,#994);
#994 = DEFINITIONAL_REPRESENTATION('',(#995),#999);
#995 = LINE('',#996,#997);
#996 = CARTESIAN_POINT('',(20.,0.));
#997 = VECTOR('',#998,1.);
#998 = DIRECTION('',(0.,1.));
#999 = ( GEOMETRIC_REPRESENTATION_CONTEXT(2) 
PARAMETRIC_REPRESENTATION_CONTEXT() REPRESENTATION_CONTEXT('2D SPACE',''
  ) );
#1000 = PCURVE('',#173,#1001);
#1001 = DEFINITIONAL_REPRESENTATION('',(#1002),#1006);
#1002 = LINE('',#1003,#1004);
#1003 = CARTESIAN_POINT('',(0.,0.));
#1004 = VECTOR('',#1005,1.);
#1005 = DIRECTION('',(1.,0.));
#1006 = ( GEOMETRIC_REPRESENTATION_CONTEXT(2) 
PARAMETRIC_REPRESENTATION_CONTEXT() REPRESENTATION_CONTEXT('2D SPACE',''
  ) );
#1007 = ORIENTED_EDGE('',*,*,#189,.T.);
#1008 = FACE_BOUND('',#1009,.T.);
#1009 = EDGE_LOOP('',(#1010));
#1010 = ORIENTED_EDGE('',*,*,#1011,.F.);
#1011 = EDGE_CURVE('',#1012,#1012,#1014,.T.);
#1012 = VERTEX_POINT('',#1013);
#1013 = CARTESIAN_POINT('',(5.656854249492,4.808326112069,9.6));
#1014 = SURFACE_CURVE('',#1015,(#1020,#1027),.PCURVE_S1.);
#1015 = CIRCLE('',#1016,1.6);
#1016 = AXIS2_PLACEMENT_3D('',#1017,#1018,#1019);
#1017 = CARTESIAN_POINT('',(5.656854249492,4.808326112069,8.));
#1018 = DIRECTION('',(-0.707106781187,0.707106781187,0.));
#1019 = DIRECTION('',(0.,0.,1.));
#1020 = PCURVE('',#202,#1021);
#1021 = DEFINITIONAL_REPRESENTATION('',(#1022),#1026);
#1022 = CIRCLE('',#1023,1.6);
#1023 = AXIS2_PLACEMENT_2D('',#1024,#1025);
#1024 = CARTESIAN_POINT('',(8.,7.4));
#1025 = DIRECTION('',(1.,0.));
#1026 = ( GEOMETRIC_REPRESENTATION_CONTEXT(2) 
PARAMETRIC_REPRESENTATION_CONTEXT() REPRESENTATION_CONTEXT('2D SPACE',''
  ) );
#1027 = PCURVE('',#674,#1028);
#1028 = DEFINITIONAL_REPRESENTATION('',(#1029),#1033);
#1029 = LINE('',#1030,#1031);
#1030 = CARTESIAN_POINT('',(0.,14.6));
#1031 = VECTOR('',#1032,1.);
#1032 = DIRECTION('',(1.,0.));
#1033 = ( GEOMETRIC_REPRESENTATION_CONTEXT(2) 
PARAMETRIC_REPRESENTATION_CONTEXT() REPRESENTATION_CONTEXT('2D SPACE',''
  ) );
#1034 = ADVANCED_FACE('',(#1035),#173,.F.);
#1035 = FACE_BOUND('',#1036,.F.);
#1036 = EDGE_LOOP('',(#1037,#1060,#1088,#1114,#1115));
#1037 = ORIENTED_EDGE('',*,*,#1038,.F.);
#1038 = EDGE_CURVE('',#1039,#131,#1041,.T.);
#1039 = VERTEX_POINT('',#1040);
#1040 = CARTESIAN_POINT('',(1.035616063354,1.884144200778,20.));
#1041 = SURFACE_CURVE('',#1042,(#1046,#1053),.PCURVE_S1.);
#1042 = LINE('',#1043,#1044);
#1043 = CARTESIAN_POINT('',(-0.424264068712,0.424264068712,20.));
#1044 = VECTOR('',#1045,1.);
#1045 = DIRECTION('',(0.707106781187,0.707106781187,0.));
#1046 = PCURVE('',#173,#1047);
#1047 = DEFINITIONAL_REPRESENTATION('',(#1048),#1052);
#1048 = LINE('',#1049,#1050);
#1049 = CARTESIAN_POINT('',(0.,1.2));
#1050 = VECTOR('',#1051,1.);
#1051 = DIRECTION('',(1.,0.));
#1052 = ( GEOMETRIC_REPRESENTATION_CONTEXT(2) 
PARAMETRIC_REPRESENTATION_CONTEXT() REPRESENTATION_CONTEXT('2D SPACE',''
  ) );
#1053 = PCURVE('',#145,#1054);
#1054 = DEFINITIONAL_REPRESENTATION('',(#1055),#1059);
#1055 = LINE('',#1056,#1057);
#1056 = CARTESIAN_POINT('',(20.,0.));
#1057 = VECTOR('',#1058,1.);
#1058 = DIRECTION('',(0.,1.));
#1059 = ( GEOMETRIC_REPRESENTATION_CONTEXT(2) 
PARAMETRIC_REPRESENTATION_CONTEXT() REPRESENTATION_CONTEXT('2D SPACE',''
  ) );
#1060 = ORIENTED_EDGE('',*,*,#1061,.T.);
#1061 = EDGE_CURVE('',#1039,#1062,#1064,.T.);
#1062 = VERTEX_POINT('',#1063);
#1063 = CARTESIAN_POINT('',(1.520279579551,1.520279579551,20.));
#1064 = SURFACE_CURVE('',#1065,(#1070,#1081),.PCURVE_S1.);
#1065 = CIRCLE('',#1066,2.15);
#1066 = AXIS2_PLACEMENT_3D('',#1067,#1068,#1069);
#1067 = CARTESIAN_POINT('',(0.,0.,20.));
#1068 = DIRECTION('',(0.,0.,-1.));
#1069 = DIRECTION('',(0.707106781187,0.707106781187,0.));
#1070 = PCURVE('',#173,#1071);
#1071 = DEFINITIONAL_REPRESENTATION('',(#1072),#1080);
#1072 = ( BOUNDED_CURVE() B_SPLINE_CURVE(2,(#1073,#1074,#1075,#1076,
#1077,#1078,#1079),.UNSPECIFIED.,.T.,.F.) B_SPLINE_CURVE_WITH_KNOTS((1,2
    ,2,2,2,1),(-2.094395102393,0.,2.094395102393,4.188790204786,
6.28318530718,8.377580409573),.UNSPECIFIED.) CURVE() 
GEOMETRIC_REPRESENTATION_ITEM() RATIONAL_B_SPLINE_CURVE((1.,0.5,1.,0.5,
1.,0.5,1.)) REPRESENTATION_ITEM('') );
#1073 = CARTESIAN_POINT('',(2.15,0.6));
#1074 = CARTESIAN_POINT('',(2.15,-3.123909236273));
#1075 = CARTESIAN_POINT('',(-1.075,-1.261954618137));
#1076 = CARTESIAN_POINT('',(-4.3,0.6));
#1077 = CARTESIAN_POINT('',(-1.075,2.461954618137));
#1078 = CARTESIAN_POINT('',(2.15,4.323909236273));
#1079 = CARTESIAN_POINT('',(2.15,0.6));
#1080 = ( GEOMETRIC_REPRESENTATION_CONTEXT(2) 
PARAMETRIC_REPRESENTATION_CONTEXT() REPRESENTATION_CONTEXT('2D SPACE',''
  ) );
#1081 = PCURVE('',#976,#1082);
#1082 = DEFINITIONAL_REPRESENTATION('',(#1083),#1087);
#1083 = LINE('',#1084,#1085);
#1084 = CARTESIAN_POINT('',(-6.28318530718,-20.));
#1085 = VECTOR('',#1086,1.);
#1086 = DIRECTION('',(1.,-0.));
#1087 = ( GEOMETRIC_REPRESENTATION_CONTEXT(2) 
PARAMETRIC_REPRESENTATION_CONTEXT() REPRESENTATION_CONTEXT('2D SPACE',''
  ) );
#1088 = ORIENTED_EDGE('',*,*,#1089,.T.);
#1089 = EDGE_CURVE('',#1062,#962,#1090,.T.);
#1090 = SURFACE_CURVE('',#1091,(#1096,#1107),.PCURVE_S1.);
#1091 = CIRCLE('',#1092,2.15);
#1092 = AXIS2_PLACEMENT_3D('',#1093,#1094,#1095);
#1093 = CARTESIAN_POINT('',(0.,0.,20.));
#1094 = DIRECTION('',(0.,0.,-1.));
#1095 = DIRECTION('',(0.707106781187,0.707106781187,0.));
#1096 = PCURVE('',#173,#1097);
#1097 = DEFINITIONAL_REPRESENTATION('',(#1098),#1106);
#1098 = ( BOUNDED_CURVE() B_SPLINE_CURVE(2,(#1099,#1100,#1101,#1102,
#1103,#1104,#1105),.UNSPECIFIED.,.T.,.F.) B_SPLINE_CURVE_WITH_KNOTS((1,2
    ,2,2,2,1),(-2.094395102393,0.,2.094395102393,4.188790204786,
6.28318530718,8.377580409573),.UNSPECIFIED.) CURVE() 
GEOMETRIC_REPRESENTATION_ITEM() RATIONAL_B_SPLINE_CURVE((1.,0.5,1.,0.5,
1.,0.5,1.)) REPRESENTATION_ITEM('') );
#1099 = CARTESIAN_POINT('',(2.15,0.6));
#1100 = CARTESIAN_POINT('',(2.15,-3.123909236273));
#1101 = CARTESIAN_POINT('',(-1.075,-1.261954618137));
#1102 = CARTESIAN_POINT('',(-4.3,0.6));
#1103 = CARTESIAN_POINT('',(-1.075,2.461954618137));
#1104 = CARTESIAN_POINT('',(2.15,4.323909236273));
#1105 = CARTESIAN_POINT('',(2.15,0.6));
#1106 = ( GEOMETRIC_REPRESENTATION_CONTEXT(2) 
PARAMETRIC_REPRESENTATION_CONTEXT() REPRESENTATION_CONTEXT('2D SPACE',''
  ) );
#1107 = PCURVE('',#976,#1108);
#1108 = DEFINITIONAL_REPRESENTATION('',(#1109),#1113);
#1109 = LINE('',#1110,#1111);
#1110 = CARTESIAN_POINT('',(-6.28318530718,-20.));
#1111 = VECTOR('',#1112,1.);
#1112 = DIRECTION('',(1.,-0.));
#1113 = ( GEOMETRIC_REPRESENTATION_CONTEXT(2) 
PARAMETRIC_REPRESENTATION_CONTEXT() REPRESENTATION_CONTEXT('2D SPACE',''
  ) );
#1114 = ORIENTED_EDGE('',*,*,#987,.T.);
#1115 = ORIENTED_EDGE('',*,*,#156,.F.);
#1116 = ADVANCED_FACE('',(#1117,#1191),#145,.F.);
#1117 = FACE_BOUND('',#1118,.F.);
#1118 = EDGE_LOOP('',(#1119,#1120,#1143,#1170,#1189,#1190));
#1119 = ORIENTED_EDGE('',*,*,#768,.T.);
#1120 = ORIENTED_EDGE('',*,*,#1121,.F.);
#1121 = EDGE_CURVE('',#1122,#738,#1124,.T.);
#1122 = VERTEX_POINT('',#1123);
#1123 = CARTESIAN_POINT('',(1.473431902723,2.321960040147,0.));
#1124 = SURFACE_CURVE('',#1125,(#1129,#1136),.PCURVE_S1.);
#1125 = LINE('',#1126,#1127);
#1126 = CARTESIAN_POINT('',(-0.424264068712,0.424264068712,0.));
#1127 = VECTOR('',#1128,1.);
#1128 = DIRECTION('',(0.707106781187,0.707106781187,0.));
#1129 = PCURVE('',#145,#1130);
#1130 = DEFINITIONAL_REPRESENTATION('',(#1131),#1135);
#1131 = LINE('',#1132,#1133);
#1132 = CARTESIAN_POINT('',(0.,0.));
#1133 = VECTOR('',#1134,1.);
#1134 = DIRECTION('',(0.,1.));
#1135 = ( GEOMETRIC_REPRESENTATION_CONTEXT(2) 
PARAMETRIC_REPRESENTATION_CONTEXT() REPRESENTATION_CONTEXT('2D SPACE',''
  ) );
#1136 = PCURVE('',#756,#1137);
#1137 = DEFINITIONAL_REPRESENTATION('',(#1138),#1142);
#1138 = LINE('',#1139,#1140);
#1139 = CARTESIAN_POINT('',(-0.424264068712,0.424264068712));
#1140 = VECTOR('',#1141,1.);
#1141 = DIRECTION('',(0.707106781187,0.707106781187));
#1142 = ( GEOMETRIC_REPRESENTATION_CONTEXT(2) 
PARAMETRIC_REPRESENTATION_CONTEXT() REPRESENTATION_CONTEXT('2D SPACE',''
  ) );
#1143 = ORIENTED_EDGE('',*,*,#1144,.T.);
#1144 = EDGE_CURVE('',#1122,#1145,#1147,.T.);
#1145 = VERTEX_POINT('',#1146);
#1146 = CARTESIAN_POINT('',(1.035616063354,1.884144200778,0.6));
#1147 = SURFACE_CURVE('',#1148,(#1153,#1160),.PCURVE_S1.);
#1148 = HYPERBOLA('',#1149,0.6,0.6);
#1149 = AXIS2_PLACEMENT_3D('',#1150,#1151,#1152);
#1150 = CARTESIAN_POINT('',(-0.424264068712,0.424264068712,2.75));
#1151 = DIRECTION('',(-0.707106781187,0.707106781187,0.));
#1152 = DIRECTION('',(-0.,0.,-1.));
#1153 = PCURVE('',#145,#1154);
#1154 = DEFINITIONAL_REPRESENTATION('',(#1155),#1159);
#1155 = ( BOUNDED_CURVE() B_SPLINE_CURVE(2,(#1156,#1157,#1158),
.UNSPECIFIED.,.F.,.F.) B_SPLINE_CURVE_WITH_KNOTS((3,3),(-2.203454644927,
-1.949376107629),.PIECEWISE_BEZIER_KNOTS.) CURVE() 
GEOMETRIC_REPRESENTATION_ITEM() RATIONAL_B_SPLINE_CURVE((1.,
1.008080346502,1.)) REPRESENTATION_ITEM('') );
#1156 = CARTESIAN_POINT('',(0.,2.683747380064));
#1157 = CARTESIAN_POINT('',(0.339118920245,2.336256763919));
#1158 = CARTESIAN_POINT('',(0.6,2.064582282206));
#1159 = ( GEOMETRIC_REPRESENTATION_CONTEXT(2) 
PARAMETRIC_REPRESENTATION_CONTEXT() REPRESENTATION_CONTEXT('2D SPACE',''
  ) );
#1160 = PCURVE('',#946,#1161);
#1161 = DEFINITIONAL_REPRESENTATION('',(#1162),#1169);
#1162 = B_SPLINE_CURVE_WITH_KNOTS('',5,(#1163,#1164,#1165,#1166,#1167,
    #1168),.UNSPECIFIED.,.F.,.F.,(6,6),(-2.203454644927,-1.949376107629)
  ,.PIECEWISE_BEZIER_KNOTS.);
#1163 = CARTESIAN_POINT('',(-0.219951014692,8.881784197001E-16));
#1164 = CARTESIAN_POINT('',(-0.231038078138,-0.136376521761));
#1165 = CARTESIAN_POINT('',(-0.242812425348,-0.263876627016));
#1166 = CARTESIAN_POINT('',(-0.255327995737,-0.38323384148));
#1167 = CARTESIAN_POINT('',(-0.268644126037,-0.495086790721));
#1168 = CARTESIAN_POINT('',(-0.2828252537,-0.6));
#1169 = ( GEOMETRIC_REPRESENTATION_CONTEXT(2) 
PARAMETRIC_REPRESENTATION_CONTEXT() REPRESENTATION_CONTEXT('2D SPACE',''
  ) );
#1170 = ORIENTED_EDGE('',*,*,#1171,.F.);
#1171 = EDGE_CURVE('',#1039,#1145,#1172,.T.);
#1172 = SURFACE_CURVE('',#1173,(#1177,#1183),.PCURVE_S1.);
#1173 = LINE('',#1174,#1175);
#1174 = CARTESIAN_POINT('',(1.035616063354,1.884144200778,0.));
#1175 = VECTOR('',#1176,1.);
#1176 = DIRECTION('',(0.,-0.,-1.));
#1177 = PCURVE('',#145,#1178);
#1178 = DEFINITIONAL_REPRESENTATION('',(#1179),#1182);
#1179 = B_SPLINE_CURVE_WITH_KNOTS('',1,(#1180,#1181),.UNSPECIFIED.,.F.,
  .F.,(2,2),(-20.0500006,-0.5999994),.PIECEWISE_BEZIER_KNOTS.);
#1180 = CARTESIAN_POINT('',(20.0500006,2.064582282206));
#1181 = CARTESIAN_POINT('',(0.5999994,2.064582282206));
#1182 = ( GEOMETRIC_REPRESENTATION_CONTEXT(2) 
PARAMETRIC_REPRESENTATION_CONTEXT() REPRESENTATION_CONTEXT('2D SPACE',''
  ) );
#1183 = PCURVE('',#976,#1184);
#1184 = DEFINITIONAL_REPRESENTATION('',(#1185),#1188);
#1185 = B_SPLINE_CURVE_WITH_KNOTS('',1,(#1186,#1187),.UNSPECIFIED.,.F.,
  .F.,(2,2),(-20.0500006,-0.5999994),.PIECEWISE_BEZIER_KNOTS.);
#1186 = CARTESIAN_POINT('',(-0.2828252537,-20.0500006));
#1187 = CARTESIAN_POINT('',(-0.2828252537,-0.5999994));
#1188 = ( GEOMETRIC_REPRESENTATION_CONTEXT(2) 
PARAMETRIC_REPRESENTATION_CONTEXT() REPRESENTATION_CONTEXT('2D SPACE',''
  ) );
#1189 = ORIENTED_EDGE('',*,*,#1038,.T.);
#1190 = ORIENTED_EDGE('',*,*,#130,.T.);
#1191 = FACE_BOUND('',#1192,.F.);
#1192 = EDGE_LOOP('',(#1193));
#1193 = ORIENTED_EDGE('',*,*,#1194,.F.);
#1194 = EDGE_CURVE('',#1195,#1195,#1197,.T.);
#1195 = VERTEX_POINT('',#1196);
#1196 = CARTESIAN_POINT('',(4.808326112069,5.656854249492,9.6));
#1197 = SURFACE_CURVE('',#1198,(#1203,#1210),.PCURVE_S1.);
#1198 = CIRCLE('',#1199,1.6);
#1199 = AXIS2_PLACEMENT_3D('',#1200,#1201,#1202);
#1200 = CARTESIAN_POINT('',(4.808326112069,5.656854249492,8.));
#1201 = DIRECTION('',(-0.707106781187,0.707106781187,0.));
#1202 = DIRECTION('',(0.,0.,1.));
#1203 = PCURVE('',#145,#1204);
#1204 = DEFINITIONAL_REPRESENTATION('',(#1205),#1209);
#1205 = CIRCLE('',#1206,1.6);
#1206 = AXIS2_PLACEMENT_2D('',#1207,#1208);
#1207 = CARTESIAN_POINT('',(8.,7.4));
#1208 = DIRECTION('',(1.,0.));
#1209 = ( GEOMETRIC_REPRESENTATION_CONTEXT(2) 
PARAMETRIC_REPRESENTATION_CONTEXT() REPRESENTATION_CONTEXT('2D SPACE',''
  ) );
#1210 = PCURVE('',#1211,#1216);
#1211 = CYLINDRICAL_SURFACE('',#1212,1.6);
#1212 = AXIS2_PLACEMENT_3D('',#1213,#1214,#1215);
#1213 = CARTESIAN_POINT('',(15.980613254816,-5.515432893255,8.));
#1214 = DIRECTION('',(-0.707106781187,0.707106781187,0.));
#1215 = DIRECTION('',(0.,0.,1.));
#1216 = DEFINITIONAL_REPRESENTATION('',(#1217),#1221);
#1217 = LINE('',#1218,#1219);
#1218 = CARTESIAN_POINT('',(0.,15.8));
#1219 = VECTOR('',#1220,1.);
#1220 = DIRECTION('',(1.,0.));
#1221 = ( GEOMETRIC_REPRESENTATION_CONTEXT(2) 
PARAMETRIC_REPRESENTATION_CONTEXT() REPRESENTATION_CONTEXT('2D SPACE',''
  ) );
#1222 = ADVANCED_FACE('',(#1223,#1226,#1340,#1454,#1489,#1603),#94,.T.);
#1223 = FACE_BOUND('',#1224,.T.);
#1224 = EDGE_LOOP('',(#1225));
#1225 = ORIENTED_EDGE('',*,*,#79,.T.);
#1226 = FACE_BOUND('',#1227,.T.);
#1227 = EDGE_LOOP('',(#1228,#1258,#1286,#1314));
#1228 = ORIENTED_EDGE('',*,*,#1229,.F.);
#1229 = EDGE_CURVE('',#1230,#1232,#1234,.T.);
#1230 = VERTEX_POINT('',#1231);
#1231 = CARTESIAN_POINT('',(4.8,-11.85,28.));
#1232 = VERTEX_POINT('',#1233);
#1233 = CARTESIAN_POINT('',(4.8,-8.85,28.));
#1234 = SURFACE_CURVE('',#1235,(#1239,#1246),.PCURVE_S1.);
#1235 = LINE('',#1236,#1237);
#1236 = CARTESIAN_POINT('',(4.8,-11.85,28.));
#1237 = VECTOR('',#1238,1.);
#1238 = DIRECTION('',(2.22044604925E-16,1.,0.));
#1239 = PCURVE('',#94,#1240);
#1240 = DEFINITIONAL_REPRESENTATION('',(#1241),#1245);
#1241 = LINE('',#1242,#1243);
#1242 = CARTESIAN_POINT('',(4.8,-11.85));
#1243 = VECTOR('',#1244,1.);
#1244 = DIRECTION('',(2.22044604925E-16,1.));
#1245 = ( GEOMETRIC_REPRESENTATION_CONTEXT(2) 
PARAMETRIC_REPRESENTATION_CONTEXT() REPRESENTATION_CONTEXT('2D SPACE',''
  ) );
#1246 = PCURVE('',#1247,#1252);
#1247 = B_SPLINE_SURFACE_WITH_KNOTS('',1,1,(
    (#1248,#1249)
    ,(#1250,#1251
    )),.UNSPECIFIED.,.F.,.F.,.F.,(2,2),(2,2),(0.,3.),(0.,1.),
  .PIECEWISE_BEZIER_KNOTS.);
#1248 = CARTESIAN_POINT('',(4.2,-11.85,27.4));
#1249 = CARTESIAN_POINT('',(4.8,-11.85,28.));
#1250 = CARTESIAN_POINT('',(4.2,-9.45,27.4));
#1251 = CARTESIAN_POINT('',(4.8,-8.85,28.));
#1252 = DEFINITIONAL_REPRESENTATION('',(#1253),#1257);
#1253 = LINE('',#1254,#1255);
#1254 = CARTESIAN_POINT('',(0.,1.));
#1255 = VECTOR('',#1256,1.);
#1256 = DIRECTION('',(1.,0.));
#1257 = ( GEOMETRIC_REPRESENTATION_CONTEXT(2) 
PARAMETRIC_REPRESENTATION_CONTEXT() REPRESENTATION_CONTEXT('2D SPACE',''
  ) );
#1258 = ORIENTED_EDGE('',*,*,#1259,.T.);
#1259 = EDGE_CURVE('',#1230,#1260,#1262,.T.);
#1260 = VERTEX_POINT('',#1261);
#1261 = CARTESIAN_POINT('',(-4.8,-11.85,28.));
#1262 = SURFACE_CURVE('',#1263,(#1267,#1274),.PCURVE_S1.);
#1263 = LINE('',#1264,#1265);
#1264 = CARTESIAN_POINT('',(4.8,-11.85,28.));
#1265 = VECTOR('',#1266,1.);
#1266 = DIRECTION('',(-1.,2.22044604925E-16,0.));
#1267 = PCURVE('',#94,#1268);
#1268 = DEFINITIONAL_REPRESENTATION('',(#1269),#1273);
#1269 = LINE('',#1270,#1271);
#1270 = CARTESIAN_POINT('',(4.8,-11.85));
#1271 = VECTOR('',#1272,1.);
#1272 = DIRECTION('',(-1.,2.22044604925E-16));
#1273 = ( GEOMETRIC_REPRESENTATION_CONTEXT(2) 
PARAMETRIC_REPRESENTATION_CONTEXT() REPRESENTATION_CONTEXT('2D SPACE',''
  ) );
#1274 = PCURVE('',#1275,#1280);
#1275 = PLANE('',#1276);
#1276 = AXIS2_PLACEMENT_3D('',#1277,#1278,#1279);
#1277 = CARTESIAN_POINT('',(-4.2,-11.85,16.));
#1278 = DIRECTION('',(-2.22044604925E-16,-1.,0.));
#1279 = DIRECTION('',(0.,0.,1.));
#1280 = DEFINITIONAL_REPRESENTATION('',(#1281),#1285);
#1281 = LINE('',#1282,#1283);
#1282 = CARTESIAN_POINT('',(12.,-9.));
#1283 = VECTOR('',#1284,1.);
#1284 = DIRECTION('',(0.,1.));
#1285 = ( GEOMETRIC_REPRESENTATION_CONTEXT(2) 
PARAMETRIC_REPRESENTATION_CONTEXT() REPRESENTATION_CONTEXT('2D SPACE',''
  ) );
#1286 = ORIENTED_EDGE('',*,*,#1287,.F.);
#1287 = EDGE_CURVE('',#1288,#1260,#1290,.T.);
#1288 = VERTEX_POINT('',#1289);
#1289 = CARTESIAN_POINT('',(-4.8,-8.85,28.));
#1290 = SURFACE_CURVE('',#1291,(#1295,#1302),.PCURVE_S1.);
#1291 = LINE('',#1292,#1293);
#1292 = CARTESIAN_POINT('',(-4.8,-8.85,28.));
#1293 = VECTOR('',#1294,1.);
#1294 = DIRECTION('',(-2.22044604925E-16,-1.,0.));
#1295 = PCURVE('',#94,#1296);
#1296 = DEFINITIONAL_REPRESENTATION('',(#1297),#1301);
#1297 = LINE('',#1298,#1299);
#1298 = CARTESIAN_POINT('',(-4.8,-8.85));
#1299 = VECTOR('',#1300,1.);
#1300 = DIRECTION('',(-2.22044604925E-16,-1.));
#1301 = ( GEOMETRIC_REPRESENTATION_CONTEXT(2) 
PARAMETRIC_REPRESENTATION_CONTEXT() REPRESENTATION_CONTEXT('2D SPACE',''
  ) );
#1302 = PCURVE('',#1303,#1308);
#1303 = B_SPLINE_SURFACE_WITH_KNOTS('',1,1,(
    (#1304,#1305)
    ,(#1306,#1307
    )),.UNSPECIFIED.,.F.,.F.,.F.,(2,2),(2,2),(0.,3.),(0.,1.),
  .PIECEWISE_BEZIER_KNOTS.);
#1304 = CARTESIAN_POINT('',(-4.2,-9.45,27.4));
#1305 = CARTESIAN_POINT('',(-4.8,-8.85,28.));
#1306 = CARTESIAN_POINT('',(-4.2,-11.85,27.4));
#1307 = CARTESIAN_POINT('',(-4.8,-11.85,28.));
#1308 = DEFINITIONAL_REPRESENTATION('',(#1309),#1313);
#1309 = LINE('',#1310,#1311);
#1310 = CARTESIAN_POINT('',(0.,1.));
#1311 = VECTOR('',#1312,1.);
#1312 = DIRECTION('',(1.,0.));
#1313 = ( GEOMETRIC_REPRESENTATION_CONTEXT(2) 
PARAMETRIC_REPRESENTATION_CONTEXT() REPRESENTATION_CONTEXT('2D SPACE',''
  ) );
#1314 = ORIENTED_EDGE('',*,*,#1315,.F.);
#1315 = EDGE_CURVE('',#1232,#1288,#1316,.T.);
#1316 = SURFACE_CURVE('',#1317,(#1321,#1328),.PCURVE_S1.);
#1317 = LINE('',#1318,#1319);
#1318 = CARTESIAN_POINT('',(4.8,-8.85,28.));
#1319 = VECTOR('',#1320,1.);
#1320 = DIRECTION('',(-1.,2.22044604925E-16,0.));
#1321 = PCURVE('',#94,#1322);
#1322 = DEFINITIONAL_REPRESENTATION('',(#1323),#1327);
#1323 = LINE('',#1324,#1325);
#1324 = CARTESIAN_POINT('',(4.8,-8.85));
#1325 = VECTOR('',#1326,1.);
#1326 = DIRECTION('',(-1.,2.22044604925E-16));
#1327 = ( GEOMETRIC_REPRESENTATION_CONTEXT(2) 
PARAMETRIC_REPRESENTATION_CONTEXT() REPRESENTATION_CONTEXT('2D SPACE',''
  ) );
#1328 = PCURVE('',#1329,#1334);
#1329 = B_SPLINE_SURFACE_WITH_KNOTS('',1,1,(
    (#1330,#1331)
    ,(#1332,#1333
    )),.UNSPECIFIED.,.F.,.F.,.F.,(2,2),(2,2),(0.,9.6),(0.,1.),
  .PIECEWISE_BEZIER_KNOTS.);
#1330 = CARTESIAN_POINT('',(4.2,-9.45,27.4));
#1331 = CARTESIAN_POINT('',(4.8,-8.85,28.));
#1332 = CARTESIAN_POINT('',(-4.2,-9.45,27.4));
#1333 = CARTESIAN_POINT('',(-4.8,-8.85,28.));
#1334 = DEFINITIONAL_REPRESENTATION('',(#1335),#1339);
#1335 = LINE('',#1336,#1337);
#1336 = CARTESIAN_POINT('',(0.,1.));
#1337 = VECTOR('',#1338,1.);
#1338 = DIRECTION('',(1.,0.));
#1339 = ( GEOMETRIC_REPRESENTATION_CONTEXT(2) 
PARAMETRIC_REPRESENTATION_CONTEXT() REPRESENTATION_CONTEXT('2D SPACE',''
  ) );
#1340 = FACE_BOUND('',#1341,.T.);
#1341 = EDGE_LOOP('',(#1342,#1372,#1400,#1428));
#1342 = ORIENTED_EDGE('',*,*,#1343,.F.);
#1343 = EDGE_CURVE('',#1344,#1346,#1348,.T.);
#1344 = VERTEX_POINT('',#1345);
#1345 = CARTESIAN_POINT('',(-11.85,-4.8,28.));
#1346 = VERTEX_POINT('',#1347);
#1347 = CARTESIAN_POINT('',(-8.85,-4.8,28.));
#1348 = SURFACE_CURVE('',#1349,(#1353,#1360),.PCURVE_S1.);
#1349 = LINE('',#1350,#1351);
#1350 = CARTESIAN_POINT('',(-11.85,-4.8,28.));
#1351 = VECTOR('',#1352,1.);
#1352 = DIRECTION('',(1.,-1.224646799147E-16,0.));
#1353 = PCURVE('',#94,#1354);
#1354 = DEFINITIONAL_REPRESENTATION('',(#1355),#1359);
#1355 = LINE('',#1356,#1357);
#1356 = CARTESIAN_POINT('',(-11.85,-4.8));
#1357 = VECTOR('',#1358,1.);
#1358 = DIRECTION('',(1.,-1.224646799147E-16));
#1359 = ( GEOMETRIC_REPRESENTATION_CONTEXT(2) 
PARAMETRIC_REPRESENTATION_CONTEXT() REPRESENTATION_CONTEXT('2D SPACE',''
  ) );
#1360 = PCURVE('',#1361,#1366);
#1361 = B_SPLINE_SURFACE_WITH_KNOTS('',1,1,(
    (#1362,#1363)
    ,(#1364,#1365
    )),.UNSPECIFIED.,.F.,.F.,.F.,(2,2),(2,2),(0.,3.),(0.,1.),
  .PIECEWISE_BEZIER_KNOTS.);
#1362 = CARTESIAN_POINT('',(-11.85,-4.2,27.4));
#1363 = CARTESIAN_POINT('',(-11.85,-4.8,28.));
#1364 = CARTESIAN_POINT('',(-9.45,-4.2,27.4));
#1365 = CARTESIAN_POINT('',(-8.85,-4.8,28.));
#1366 = DEFINITIONAL_REPRESENTATION('',(#1367),#1371);
#1367 = LINE('',#1368,#1369);
#1368 = CARTESIAN_POINT('',(0.,1.));
#1369 = VECTOR('',#1370,1.);
#1370 = DIRECTION('',(1.,0.));
#1371 = ( GEOMETRIC_REPRESENTATION_CONTEXT(2) 
PARAMETRIC_REPRESENTATION_CONTEXT() REPRESENTATION_CONTEXT('2D SPACE',''
  ) );
#1372 = ORIENTED_EDGE('',*,*,#1373,.T.);
#1373 = EDGE_CURVE('',#1344,#1374,#1376,.T.);
#1374 = VERTEX_POINT('',#1375);
#1375 = CARTESIAN_POINT('',(-11.85,4.8,28.));
#1376 = SURFACE_CURVE('',#1377,(#1381,#1388),.PCURVE_S1.);
#1377 = LINE('',#1378,#1379);
#1378 = CARTESIAN_POINT('',(-11.85,-4.8,28.));
#1379 = VECTOR('',#1380,1.);
#1380 = DIRECTION('',(1.224646799147E-16,1.,0.));
#1381 = PCURVE('',#94,#1382);
#1382 = DEFINITIONAL_REPRESENTATION('',(#1383),#1387);
#1383 = LINE('',#1384,#1385);
#1384 = CARTESIAN_POINT('',(-11.85,-4.8));
#1385 = VECTOR('',#1386,1.);
#1386 = DIRECTION('',(1.224646799147E-16,1.));
#1387 = ( GEOMETRIC_REPRESENTATION_CONTEXT(2) 
PARAMETRIC_REPRESENTATION_CONTEXT() REPRESENTATION_CONTEXT('2D SPACE',''
  ) );
#1388 = PCURVE('',#1389,#1394);
#1389 = PLANE('',#1390);
#1390 = AXIS2_PLACEMENT_3D('',#1391,#1392,#1393);
#1391 = CARTESIAN_POINT('',(-11.85,4.2,16.));
#1392 = DIRECTION('',(-1.,1.224646799147E-16,0.));
#1393 = DIRECTION('',(0.,0.,1.));
#1394 = DEFINITIONAL_REPRESENTATION('',(#1395),#1399);
#1395 = LINE('',#1396,#1397);
#1396 = CARTESIAN_POINT('',(12.,-9.));
#1397 = VECTOR('',#1398,1.);
#1398 = DIRECTION('',(0.,1.));
#1399 = ( GEOMETRIC_REPRESENTATION_CONTEXT(2) 
PARAMETRIC_REPRESENTATION_CONTEXT() REPRESENTATION_CONTEXT('2D SPACE',''
  ) );
#1400 = ORIENTED_EDGE('',*,*,#1401,.F.);
#1401 = EDGE_CURVE('',#1402,#1374,#1404,.T.);
#1402 = VERTEX_POINT('',#1403);
#1403 = CARTESIAN_POINT('',(-8.85,4.8,28.));
#1404 = SURFACE_CURVE('',#1405,(#1409,#1416),.PCURVE_S1.);
#1405 = LINE('',#1406,#1407);
#1406 = CARTESIAN_POINT('',(-8.85,4.8,28.));
#1407 = VECTOR('',#1408,1.);
#1408 = DIRECTION('',(-1.,1.224646799147E-16,0.));
#1409 = PCURVE('',#94,#1410);
#1410 = DEFINITIONAL_REPRESENTATION('',(#1411),#1415);
#1411 = LINE('',#1412,#1413);
#1412 = CARTESIAN_POINT('',(-8.85,4.8));
#1413 = VECTOR('',#1414,1.);
#1414 = DIRECTION('',(-1.,1.224646799147E-16));
#1415 = ( GEOMETRIC_REPRESENTATION_CONTEXT(2) 
PARAMETRIC_REPRESENTATION_CONTEXT() REPRESENTATION_CONTEXT('2D SPACE',''
  ) );
#1416 = PCURVE('',#1417,#1422);
#1417 = B_SPLINE_SURFACE_WITH_KNOTS('',1,1,(
    (#1418,#1419)
    ,(#1420,#1421
    )),.UNSPECIFIED.,.F.,.F.,.F.,(2,2),(2,2),(0.,3.),(0.,1.),
  .PIECEWISE_BEZIER_KNOTS.);
#1418 = CARTESIAN_POINT('',(-9.45,4.2,27.4));
#1419 = CARTESIAN_POINT('',(-8.85,4.8,28.));
#1420 = CARTESIAN_POINT('',(-11.85,4.2,27.4));
#1421 = CARTESIAN_POINT('',(-11.85,4.8,28.));
#1422 = DEFINITIONAL_REPRESENTATION('',(#1423),#1427);
#1423 = LINE('',#1424,#1425);
#1424 = CARTESIAN_POINT('',(0.,1.));
#1425 = VECTOR('',#1426,1.);
#1426 = DIRECTION('',(1.,0.));
#1427 = ( GEOMETRIC_REPRESENTATION_CONTEXT(2) 
PARAMETRIC_REPRESENTATION_CONTEXT() REPRESENTATION_CONTEXT('2D SPACE',''
  ) );
#1428 = ORIENTED_EDGE('',*,*,#1429,.F.);
#1429 = EDGE_CURVE('',#1346,#1402,#1430,.T.);
#1430 = SURFACE_CURVE('',#1431,(#1435,#1442),.PCURVE_S1.);
#1431 = LINE('',#1432,#1433);
#1432 = CARTESIAN_POINT('',(-8.85,-4.8,28.));
#1433 = VECTOR('',#1434,1.);
#1434 = DIRECTION('',(1.224646799147E-16,1.,0.));
#1435 = PCURVE('',#94,#1436);
#1436 = DEFINITIONAL_REPRESENTATION('',(#1437),#1441);
#1437 = LINE('',#1438,#1439);
#1438 = CARTESIAN_POINT('',(-8.85,-4.8));
#1439 = VECTOR('',#1440,1.);
#1440 = DIRECTION('',(1.224646799147E-16,1.));
#1441 = ( GEOMETRIC_REPRESENTATION_CONTEXT(2) 
PARAMETRIC_REPRESENTATION_CONTEXT() REPRESENTATION_CONTEXT('2D SPACE',''
  ) );
#1442 = PCURVE('',#1443,#1448);
#1443 = B_SPLINE_SURFACE_WITH_KNOTS('',1,1,(
    (#1444,#1445)
    ,(#1446,#1447
    )),.UNSPECIFIED.,.F.,.F.,.F.,(2,2),(2,2),(0.,9.6),(0.,1.),
  .PIECEWISE_BEZIER_KNOTS.);
#1444 = CARTESIAN_POINT('',(-9.45,-4.2,27.4));
#1445 = CARTESIAN_POINT('',(-8.85,-4.8,28.));
#1446 = CARTESIAN_POINT('',(-9.45,4.2,27.4));
#1447 = CARTESIAN_POINT('',(-8.85,4.8,28.));
#1448 = DEFINITIONAL_REPRESENTATION('',(#1449),#1453);
#1449 = LINE('',#1450,#1451);
#1450 = CARTESIAN_POINT('',(0.,1.));
#1451 = VECTOR('',#1452,1.);
#1452 = DIRECTION('',(1.,0.));
#1453 = ( GEOMETRIC_REPRESENTATION_CONTEXT(2) 
PARAMETRIC_REPRESENTATION_CONTEXT() REPRESENTATION_CONTEXT('2D SPACE',''
  ) );
#1454 = FACE_BOUND('',#1455,.T.);
#1455 = EDGE_LOOP('',(#1456));
#1456 = ORIENTED_EDGE('',*,*,#1457,.T.);
#1457 = EDGE_CURVE('',#1458,#1458,#1460,.T.);
#1458 = VERTEX_POINT('',#1459);
#1459 = CARTESIAN_POINT('',(4.,0.,28.));
#1460 = SURFACE_CURVE('',#1461,(#1466,#1477),.PCURVE_S1.);
#1461 = CIRCLE('',#1462,4.);
#1462 = AXIS2_PLACEMENT_3D('',#1463,#1464,#1465);
#1463 = CARTESIAN_POINT('',(0.,0.,28.));
#1464 = DIRECTION('',(0.,0.,-1.));
#1465 = DIRECTION('',(1.,0.,0.));
#1466 = PCURVE('',#94,#1467);
#1467 = DEFINITIONAL_REPRESENTATION('',(#1468),#1476);
#1468 = ( BOUNDED_CURVE() B_SPLINE_CURVE(2,(#1469,#1470,#1471,#1472,
#1473,#1474,#1475),.UNSPECIFIED.,.T.,.F.) B_SPLINE_CURVE_WITH_KNOTS((1,2
    ,2,2,2,1),(-2.094395102393,0.,2.094395102393,4.188790204786,
6.28318530718,8.377580409573),.UNSPECIFIED.) CURVE() 
GEOMETRIC_REPRESENTATION_ITEM() RATIONAL_B_SPLINE_CURVE((1.,0.5,1.,0.5,
1.,0.5,1.)) REPRESENTATION_ITEM('') );
#1469 = CARTESIAN_POINT('',(4.,-1.169780044473E-16));
#1470 = CARTESIAN_POINT('',(4.,-6.928203230276));
#1471 = CARTESIAN_POINT('',(-2.,-3.464101615138));
#1472 = CARTESIAN_POINT('',(-8.,-1.096695443765E-15));
#1473 = CARTESIAN_POINT('',(-2.,3.464101615138));
#1474 = CARTESIAN_POINT('',(4.,6.928203230276));
#1475 = CARTESIAN_POINT('',(4.,-1.169780044473E-16));
#1476 = ( GEOMETRIC_REPRESENTATION_CONTEXT(2) 
PARAMETRIC_REPRESENTATION_CONTEXT() REPRESENTATION_CONTEXT('2D SPACE',''
  ) );
#1477 = PCURVE('',#1478,#1483);
#1478 = CYLINDRICAL_SURFACE('',#1479,4.);
#1479 = AXIS2_PLACEMENT_3D('',#1480,#1481,#1482);
#1480 = CARTESIAN_POINT('',(0.,0.,22.));
#1481 = DIRECTION('',(-0.,-0.,-1.));
#1482 = DIRECTION('',(1.,0.,0.));
#1483 = DEFINITIONAL_REPRESENTATION('',(#1484),#1488);
#1484 = LINE('',#1485,#1486);
#1485 = CARTESIAN_POINT('',(-6.28318530718,-6.));
#1486 = VECTOR('',#1487,1.);
#1487 = DIRECTION('',(1.,-0.));
#1488 = ( GEOMETRIC_REPRESENTATION_CONTEXT(2) 
PARAMETRIC_REPRESENTATION_CONTEXT() REPRESENTATION_CONTEXT('2D SPACE',''
  ) );
#1489 = FACE_BOUND('',#1490,.T.);
#1490 = EDGE_LOOP('',(#1491,#1521,#1549,#1577));
#1491 = ORIENTED_EDGE('',*,*,#1492,.F.);
#1492 = EDGE_CURVE('',#1493,#1495,#1497,.T.);
#1493 = VERTEX_POINT('',#1494);
#1494 = CARTESIAN_POINT('',(11.85,4.8,28.));
#1495 = VERTEX_POINT('',#1496);
#1496 = CARTESIAN_POINT('',(8.85,4.8,28.));
#1497 = SURFACE_CURVE('',#1498,(#1502,#1509),.PCURVE_S1.);
#1498 = LINE('',#1499,#1500);
#1499 = CARTESIAN_POINT('',(11.85,4.8,28.));
#1500 = VECTOR('',#1501,1.);
#1501 = DIRECTION('',(-1.,0.,0.));
#1502 = PCURVE('',#94,#1503);
#1503 = DEFINITIONAL_REPRESENTATION('',(#1504),#1508);
#1504 = LINE('',#1505,#1506);
#1505 = CARTESIAN_POINT('',(11.85,4.8));
#1506 = VECTOR('',#1507,1.);
#1507 = DIRECTION('',(-1.,0.));
#1508 = ( GEOMETRIC_REPRESENTATION_CONTEXT(2) 
PARAMETRIC_REPRESENTATION_CONTEXT() REPRESENTATION_CONTEXT('2D SPACE',''
  ) );
#1509 = PCURVE('',#1510,#1515);
#1510 = B_SPLINE_SURFACE_WITH_KNOTS('',1,1,(
    (#1511,#1512)
    ,(#1513,#1514
    )),.UNSPECIFIED.,.F.,.F.,.F.,(2,2),(2,2),(0.,3.),(0.,1.),
  .PIECEWISE_BEZIER_KNOTS.);
#1511 = CARTESIAN_POINT('',(11.85,4.2,27.4));
#1512 = CARTESIAN_POINT('',(11.85,4.8,28.));
#1513 = CARTESIAN_POINT('',(9.45,4.2,27.4));
#1514 = CARTESIAN_POINT('',(8.85,4.8,28.));
#1515 = DEFINITIONAL_REPRESENTATION('',(#1516),#1520);
#1516 = LINE('',#1517,#1518);
#1517 = CARTESIAN_POINT('',(0.,1.));
#1518 = VECTOR('',#1519,1.);
#1519 = DIRECTION('',(1.,0.));
#1520 = ( GEOMETRIC_REPRESENTATION_CONTEXT(2) 
PARAMETRIC_REPRESENTATION_CONTEXT() REPRESENTATION_CONTEXT('2D SPACE',''
  ) );
#1521 = ORIENTED_EDGE('',*,*,#1522,.T.);
#1522 = EDGE_CURVE('',#1493,#1523,#1525,.T.);
#1523 = VERTEX_POINT('',#1524);
#1524 = CARTESIAN_POINT('',(11.85,-4.8,28.));
#1525 = SURFACE_CURVE('',#1526,(#1530,#1537),.PCURVE_S1.);
#1526 = LINE('',#1527,#1528);
#1527 = CARTESIAN_POINT('',(11.85,4.8,28.));
#1528 = VECTOR('',#1529,1.);
#1529 = DIRECTION('',(0.,-1.,0.));
#1530 = PCURVE('',#94,#1531);
#1531 = DEFINITIONAL_REPRESENTATION('',(#1532),#1536);
#1532 = LINE('',#1533,#1534);
#1533 = CARTESIAN_POINT('',(11.85,4.8));
#1534 = VECTOR('',#1535,1.);
#1535 = DIRECTION('',(0.,-1.));
#1536 = ( GEOMETRIC_REPRESENTATION_CONTEXT(2) 
PARAMETRIC_REPRESENTATION_CONTEXT() REPRESENTATION_CONTEXT('2D SPACE',''
  ) );
#1537 = PCURVE('',#1538,#1543);
#1538 = PLANE('',#1539);
#1539 = AXIS2_PLACEMENT_3D('',#1540,#1541,#1542);
#1540 = CARTESIAN_POINT('',(11.85,-4.2,16.));
#1541 = DIRECTION('',(1.,0.,0.));
#1542 = DIRECTION('',(0.,0.,1.));
#1543 = DEFINITIONAL_REPRESENTATION('',(#1544),#1548);
#1544 = LINE('',#1545,#1546);
#1545 = CARTESIAN_POINT('',(12.,-9.));
#1546 = VECTOR('',#1547,1.);
#1547 = DIRECTION('',(0.,1.));
#1548 = ( GEOMETRIC_REPRESENTATION_CONTEXT(2) 
PARAMETRIC_REPRESENTATION_CONTEXT() REPRESENTATION_CONTEXT('2D SPACE',''
  ) );
#1549 = ORIENTED_EDGE('',*,*,#1550,.F.);
#1550 = EDGE_CURVE('',#1551,#1523,#1553,.T.);
#1551 = VERTEX_POINT('',#1552);
#1552 = CARTESIAN_POINT('',(8.85,-4.8,28.));
#1553 = SURFACE_CURVE('',#1554,(#1558,#1565),.PCURVE_S1.);
#1554 = LINE('',#1555,#1556);
#1555 = CARTESIAN_POINT('',(8.85,-4.8,28.));
#1556 = VECTOR('',#1557,1.);
#1557 = DIRECTION('',(1.,0.,0.));
#1558 = PCURVE('',#94,#1559);
#1559 = DEFINITIONAL_REPRESENTATION('',(#1560),#1564);
#1560 = LINE('',#1561,#1562);
#1561 = CARTESIAN_POINT('',(8.85,-4.8));
#1562 = VECTOR('',#1563,1.);
#1563 = DIRECTION('',(1.,0.));
#1564 = ( GEOMETRIC_REPRESENTATION_CONTEXT(2) 
PARAMETRIC_REPRESENTATION_CONTEXT() REPRESENTATION_CONTEXT('2D SPACE',''
  ) );
#1565 = PCURVE('',#1566,#1571);
#1566 = B_SPLINE_SURFACE_WITH_KNOTS('',1,1,(
    (#1567,#1568)
    ,(#1569,#1570
    )),.UNSPECIFIED.,.F.,.F.,.F.,(2,2),(2,2),(0.,3.),(0.,1.),
  .PIECEWISE_BEZIER_KNOTS.);
#1567 = CARTESIAN_POINT('',(9.45,-4.2,27.4));
#1568 = CARTESIAN_POINT('',(8.85,-4.8,28.));
#1569 = CARTESIAN_POINT('',(11.85,-4.2,27.4));
#1570 = CARTESIAN_POINT('',(11.85,-4.8,28.));
#1571 = DEFINITIONAL_REPRESENTATION('',(#1572),#1576);
#1572 = LINE('',#1573,#1574);
#1573 = CARTESIAN_POINT('',(0.,1.));
#1574 = VECTOR('',#1575,1.);
#1575 = DIRECTION('',(1.,0.));
#1576 = ( GEOMETRIC_REPRESENTATION_CONTEXT(2) 
PARAMETRIC_REPRESENTATION_CONTEXT() REPRESENTATION_CONTEXT('2D SPACE',''
  ) );
#1577 = ORIENTED_EDGE('',*,*,#1578,.F.);
#1578 = EDGE_CURVE('',#1495,#1551,#1579,.T.);
#1579 = SURFACE_CURVE('',#1580,(#1584,#1591),.PCURVE_S1.);
#1580 = LINE('',#1581,#1582);
#1581 = CARTESIAN_POINT('',(8.85,4.8,28.));
#1582 = VECTOR('',#1583,1.);
#1583 = DIRECTION('',(0.,-1.,0.));
#1584 = PCURVE('',#94,#1585);
#1585 = DEFINITIONAL_REPRESENTATION('',(#1586),#1590);
#1586 = LINE('',#1587,#1588);
#1587 = CARTESIAN_POINT('',(8.85,4.8));
#1588 = VECTOR('',#1589,1.);
#1589 = DIRECTION('',(0.,-1.));
#1590 = ( GEOMETRIC_REPRESENTATION_CONTEXT(2) 
PARAMETRIC_REPRESENTATION_CONTEXT() REPRESENTATION_CONTEXT('2D SPACE',''
  ) );
#1591 = PCURVE('',#1592,#1597);
#1592 = B_SPLINE_SURFACE_WITH_KNOTS('',1,1,(
    (#1593,#1594)
    ,(#1595,#1596
    )),.UNSPECIFIED.,.F.,.F.,.F.,(2,2),(2,2),(0.,9.6),(0.,1.),
  .PIECEWISE_BEZIER_KNOTS.);
#1593 = CARTESIAN_POINT('',(9.45,4.2,27.4));
#1594 = CARTESIAN_POINT('',(8.85,4.8,28.));
#1595 = CARTESIAN_POINT('',(9.45,-4.2,27.4));
#1596 = CARTESIAN_POINT('',(8.85,-4.8,28.));
#1597 = DEFINITIONAL_REPRESENTATION('',(#1598),#1602);
#1598 = LINE('',#1599,#1600);
#1599 = CARTESIAN_POINT('',(0.,1.));
#1600 = VECTOR('',#1601,1.);
#1601 = DIRECTION('',(1.,0.));
#1602 = ( GEOMETRIC_REPRESENTATION_CONTEXT(2) 
PARAMETRIC_REPRESENTATION_CONTEXT() REPRESENTATION_CONTEXT('2D SPACE',''
  ) );
#1603 = FACE_BOUND('',#1604,.T.);
#1604 = EDGE_LOOP('',(#1605,#1635,#1663,#1691));
#1605 = ORIENTED_EDGE('',*,*,#1606,.F.);
#1606 = EDGE_CURVE('',#1607,#1609,#1611,.T.);
#1607 = VERTEX_POINT('',#1608);
#1608 = CARTESIAN_POINT('',(-4.8,11.85,28.));
#1609 = VERTEX_POINT('',#1610);
#1610 = CARTESIAN_POINT('',(-4.8,8.85,28.));
#1611 = SURFACE_CURVE('',#1612,(#1616,#1623),.PCURVE_S1.);
#1612 = LINE('',#1613,#1614);
#1613 = CARTESIAN_POINT('',(-4.8,11.85,28.));
#1614 = VECTOR('',#1615,1.);
#1615 = DIRECTION('',(-1.110223024625E-16,-1.,0.));
#1616 = PCURVE('',#94,#1617);
#1617 = DEFINITIONAL_REPRESENTATION('',(#1618),#1622);
#1618 = LINE('',#1619,#1620);
#1619 = CARTESIAN_POINT('',(-4.8,11.85));
#1620 = VECTOR('',#1621,1.);
#1621 = DIRECTION('',(-1.110223024625E-16,-1.));
#1622 = ( GEOMETRIC_REPRESENTATION_CONTEXT(2) 
PARAMETRIC_REPRESENTATION_CONTEXT() REPRESENTATION_CONTEXT('2D SPACE',''
  ) );
#1623 = PCURVE('',#1624,#1629);
#1624 = B_SPLINE_SURFACE_WITH_KNOTS('',1,1,(
    (#1625,#1626)
    ,(#1627,#1628
    )),.UNSPECIFIED.,.F.,.F.,.F.,(2,2),(2,2),(0.,3.),(0.,1.),
  .PIECEWISE_BEZIER_KNOTS.);
#1625 = CARTESIAN_POINT('',(-4.2,11.85,27.4));
#1626 = CARTESIAN_POINT('',(-4.8,11.85,28.));
#1627 = CARTESIAN_POINT('',(-4.2,9.45,27.4));
#1628 = CARTESIAN_POINT('',(-4.8,8.85,28.));
#1629 = DEFINITIONAL_REPRESENTATION('',(#1630),#1634);
#1630 = LINE('',#1631,#1632);
#1631 = CARTESIAN_POINT('',(0.,1.));
#1632 = VECTOR('',#1633,1.);
#1633 = DIRECTION('',(1.,0.));
#1634 = ( GEOMETRIC_REPRESENTATION_CONTEXT(2) 
PARAMETRIC_REPRESENTATION_CONTEXT() REPRESENTATION_CONTEXT('2D SPACE',''
  ) );
#1635 = ORIENTED_EDGE('',*,*,#1636,.T.);
#1636 = EDGE_CURVE('',#1607,#1637,#1639,.T.);
#1637 = VERTEX_POINT('',#1638);
#1638 = CARTESIAN_POINT('',(4.8,11.85,28.));
#1639 = SURFACE_CURVE('',#1640,(#1644,#1651),.PCURVE_S1.);
#1640 = LINE('',#1641,#1642);
#1641 = CARTESIAN_POINT('',(-4.8,11.85,28.));
#1642 = VECTOR('',#1643,1.);
#1643 = DIRECTION('',(1.,-1.110223024625E-16,0.));
#1644 = PCURVE('',#94,#1645);
#1645 = DEFINITIONAL_REPRESENTATION('',(#1646),#1650);
#1646 = LINE('',#1647,#1648);
#1647 = CARTESIAN_POINT('',(-4.8,11.85));
#1648 = VECTOR('',#1649,1.);
#1649 = DIRECTION('',(1.,-1.110223024625E-16));
#1650 = ( GEOMETRIC_REPRESENTATION_CONTEXT(2) 
PARAMETRIC_REPRESENTATION_CONTEXT() REPRESENTATION_CONTEXT('2D SPACE',''
  ) );
#1651 = PCURVE('',#1652,#1657);
#1652 = PLANE('',#1653);
#1653 = AXIS2_PLACEMENT_3D('',#1654,#1655,#1656);
#1654 = CARTESIAN_POINT('',(4.2,11.85,16.));
#1655 = DIRECTION('',(1.110223024625E-16,1.,0.));
#1656 = DIRECTION('',(0.,0.,1.));
#1657 = DEFINITIONAL_REPRESENTATION('',(#1658),#1662);
#1658 = LINE('',#1659,#1660);
#1659 = CARTESIAN_POINT('',(12.,-9.));
#1660 = VECTOR('',#1661,1.);
#1661 = DIRECTION('',(0.,1.));
#1662 = ( GEOMETRIC_REPRESENTATION_CONTEXT(2) 
PARAMETRIC_REPRESENTATION_CONTEXT() REPRESENTATION_CONTEXT('2D SPACE',''
  ) );
#1663 = ORIENTED_EDGE('',*,*,#1664,.F.);
#1664 = EDGE_CURVE('',#1665,#1637,#1667,.T.);
#1665 = VERTEX_POINT('',#1666);
#1666 = CARTESIAN_POINT('',(4.8,8.85,28.));
#1667 = SURFACE_CURVE('',#1668,(#1672,#1679),.PCURVE_S1.);
#1668 = LINE('',#1669,#1670);
#1669 = CARTESIAN_POINT('',(4.8,8.85,28.));
#1670 = VECTOR('',#1671,1.);
#1671 = DIRECTION('',(1.110223024625E-16,1.,0.));
#1672 = PCURVE('',#94,#1673);
#1673 = DEFINITIONAL_REPRESENTATION('',(#1674),#1678);
#1674 = LINE('',#1675,#1676);
#1675 = CARTESIAN_POINT('',(4.8,8.85));
#1676 = VECTOR('',#1677,1.);
#1677 = DIRECTION('',(1.110223024625E-16,1.));
#1678 = ( GEOMETRIC_REPRESENTATION_CONTEXT(2) 
PARAMETRIC_REPRESENTATION_CONTEXT() REPRESENTATION_CONTEXT('2D SPACE',''
  ) );
#1679 = PCURVE('',#1680,#1685);
#1680 = B_SPLINE_SURFACE_WITH_KNOTS('',1,1,(
    (#1681,#1682)
    ,(#1683,#1684
    )),.UNSPECIFIED.,.F.,.F.,.F.,(2,2),(2,2),(0.,3.),(0.,1.),
  .PIECEWISE_BEZIER_KNOTS.);
#1681 = CARTESIAN_POINT('',(4.2,9.45,27.4));
#1682 = CARTESIAN_POINT('',(4.8,8.85,28.));
#1683 = CARTESIAN_POINT('',(4.2,11.85,27.4));
#1684 = CARTESIAN_POINT('',(4.8,11.85,28.));
#1685 = DEFINITIONAL_REPRESENTATION('',(#1686),#1690);
#1686 = LINE('',#1687,#1688);
#1687 = CARTESIAN_POINT('',(0.,1.));
#1688 = VECTOR('',#1689,1.);
#1689 = DIRECTION('',(1.,0.));
#1690 = ( GEOMETRIC_REPRESENTATION_CONTEXT(2) 
PARAMETRIC_REPRESENTATION_CONTEXT() REPRESENTATION_CONTEXT('2D SPACE',''
  ) );
#1691 = ORIENTED_EDGE('',*,*,#1692,.F.);
#1692 = EDGE_CURVE('',#1609,#1665,#1693,.T.);
#1693 = SURFACE_CURVE('',#1694,(#1698,#1705),.PCURVE_S1.);
#1694 = LINE('',#1695,#1696);
#1695 = CARTESIAN_POINT('',(-4.8,8.85,28.));
#1696 = VECTOR('',#1697,1.);
#1697 = DIRECTION('',(1.,-1.110223024625E-16,0.));
#1698 = PCURVE('',#94,#1699);
#1699 = DEFINITIONAL_REPRESENTATION('',(#1700),#1704);
#1700 = LINE('',#1701,#1702);
#1701 = CARTESIAN_POINT('',(-4.8,8.85));
#1702 = VECTOR('',#1703,1.);
#1703 = DIRECTION('',(1.,-1.110223024625E-16));
#1704 = ( GEOMETRIC_REPRESENTATION_CONTEXT(2) 
PARAMETRIC_REPRESENTATION_CONTEXT() REPRESENTATION_CONTEXT('2D SPACE',''
  ) );
#1705 = PCURVE('',#1706,#1711);
#1706 = B_SPLINE_SURFACE_WITH_KNOTS('',1,1,(
    (#1707,#1708)
    ,(#1709,#1710
    )),.UNSPECIFIED.,.F.,.F.,.F.,(2,2),(2,2),(0.,9.6),(0.,1.),
  .PIECEWISE_BEZIER_KNOTS.);
#1707 = CARTESIAN_POINT('',(-4.2,9.45,27.4));
#1708 = CARTESIAN_POINT('',(-4.8,8.85,28.));
#1709 = CARTESIAN_POINT('',(4.2,9.45,27.4));
#1710 = CARTESIAN_POINT('',(4.8,8.85,28.));
#1711 = DEFINITIONAL_REPRESENTATION('',(#1712),#1716);
#1712 = LINE('',#1713,#1714);
#1713 = CARTESIAN_POINT('',(0.,1.));
#1714 = VECTOR('',#1715,1.);
#1715 = DIRECTION('',(1.,0.));
#1716 = ( GEOMETRIC_REPRESENTATION_CONTEXT(2) 
PARAMETRIC_REPRESENTATION_CONTEXT() REPRESENTATION_CONTEXT('2D SPACE',''
  ) );
#1717 = ADVANCED_FACE('',(#1718),#232,.T.);
#1718 = FACE_BOUND('',#1719,.T.);
#1719 = EDGE_LOOP('',(#1720,#1721,#1744,#1772,#1800,#1821,#1822));
#1720 = ORIENTED_EDGE('',*,*,#415,.F.);
#1721 = ORIENTED_EDGE('',*,*,#1722,.T.);
#1722 = EDGE_CURVE('',#416,#1723,#1725,.T.);
#1723 = VERTEX_POINT('',#1724);
#1724 = CARTESIAN_POINT('',(-5.195541422973,13.397980084737,
    10.77128129211));
#1725 = SURFACE_CURVE('',#1726,(#1730,#1737),.PCURVE_S1.);
#1726 = LINE('',#1727,#1728);
#1727 = CARTESIAN_POINT('',(-2.932799723176,15.660721784534,
    10.77128129211));
#1728 = VECTOR('',#1729,1.);
#1729 = DIRECTION('',(-0.707106781187,-0.707106781187,1.387778780781E-16
    ));
#1730 = PCURVE('',#232,#1731);
#1731 = DEFINITIONAL_REPRESENTATION('',(#1732),#1736);
#1732 = LINE('',#1733,#1734);
#1733 = CARTESIAN_POINT('',(1.6,2.77128129211));
#1734 = VECTOR('',#1735,1.);
#1735 = DIRECTION('',(-1.,1.387778780781E-16));
#1736 = ( GEOMETRIC_REPRESENTATION_CONTEXT(2) 
PARAMETRIC_REPRESENTATION_CONTEXT() REPRESENTATION_CONTEXT('2D SPACE',''
  ) );
#1737 = PCURVE('',#453,#1738);
#1738 = DEFINITIONAL_REPRESENTATION('',(#1739),#1743);
#1739 = LINE('',#1740,#1741);
#1740 = CARTESIAN_POINT('',(0.,0.));
#1741 = VECTOR('',#1742,1.);
#1742 = DIRECTION('',(1.,-1.54074395551E-32));
#1743 = ( GEOMETRIC_REPRESENTATION_CONTEXT(2) 
PARAMETRIC_REPRESENTATION_CONTEXT() REPRESENTATION_CONTEXT('2D SPACE',''
  ) );
#1744 = ORIENTED_EDGE('',*,*,#1745,.T.);
#1745 = EDGE_CURVE('',#1723,#1746,#1748,.T.);
#1746 = VERTEX_POINT('',#1747);
#1747 = CARTESIAN_POINT('',(-6.326912272872,12.266609234839,8.));
#1748 = SURFACE_CURVE('',#1749,(#1753,#1760),.PCURVE_S1.);
#1749 = LINE('',#1750,#1751);
#1750 = CARTESIAN_POINT('',(-5.195541422973,13.397980084737,
    10.77128129211));
#1751 = VECTOR('',#1752,1.);
#1752 = DIRECTION('',(-0.353553390593,-0.353553390593,-0.866025403784));
#1753 = PCURVE('',#232,#1754);
#1754 = DEFINITIONAL_REPRESENTATION('',(#1755),#1759);
#1755 = LINE('',#1756,#1757);
#1756 = CARTESIAN_POINT('',(-1.6,2.77128129211));
#1757 = VECTOR('',#1758,1.);
#1758 = DIRECTION('',(-0.5,-0.866025403784));
#1759 = ( GEOMETRIC_REPRESENTATION_CONTEXT(2) 
PARAMETRIC_REPRESENTATION_CONTEXT() REPRESENTATION_CONTEXT('2D SPACE',''
  ) );
#1760 = PCURVE('',#1761,#1766);
#1761 = PLANE('',#1762);
#1762 = AXIS2_PLACEMENT_3D('',#1763,#1764,#1765);
#1763 = CARTESIAN_POINT('',(-5.195541422973,13.397980084737,
    10.77128129211));
#1764 = DIRECTION('',(0.612372435696,0.612372435696,-0.5));
#1765 = DIRECTION('',(-0.353553390593,-0.353553390593,-0.866025403784));
#1766 = DEFINITIONAL_REPRESENTATION('',(#1767),#1771);
#1767 = LINE('',#1768,#1769);
#1768 = CARTESIAN_POINT('',(-0.,0.));
#1769 = VECTOR('',#1770,1.);
#1770 = DIRECTION('',(1.,4.063698308792E-17));
#1771 = ( GEOMETRIC_REPRESENTATION_CONTEXT(2) 
PARAMETRIC_REPRESENTATION_CONTEXT() REPRESENTATION_CONTEXT('2D SPACE',''
  ) );
#1772 = ORIENTED_EDGE('',*,*,#1773,.T.);
#1773 = EDGE_CURVE('',#1746,#1774,#1776,.T.);
#1774 = VERTEX_POINT('',#1775);
#1775 = CARTESIAN_POINT('',(-5.195541422973,13.397980084737,
    5.22871870789));
#1776 = SURFACE_CURVE('',#1777,(#1781,#1788),.PCURVE_S1.);
#1777 = LINE('',#1778,#1779);
#1778 = CARTESIAN_POINT('',(-6.326912272872,12.266609234839,8.));
#1779 = VECTOR('',#1780,1.);
#1780 = DIRECTION('',(0.353553390593,0.353553390593,-0.866025403784));
#1781 = PCURVE('',#232,#1782);
#1782 = DEFINITIONAL_REPRESENTATION('',(#1783),#1787);
#1783 = LINE('',#1784,#1785);
#1784 = CARTESIAN_POINT('',(-3.2,0.));
#1785 = VECTOR('',#1786,1.);
#1786 = DIRECTION('',(0.5,-0.866025403784));
#1787 = ( GEOMETRIC_REPRESENTATION_CONTEXT(2) 
PARAMETRIC_REPRESENTATION_CONTEXT() REPRESENTATION_CONTEXT('2D SPACE',''
  ) );
#1788 = PCURVE('',#1789,#1794);
#1789 = PLANE('',#1790);
#1790 = AXIS2_PLACEMENT_3D('',#1791,#1792,#1793);
#1791 = CARTESIAN_POINT('',(-6.326912272872,12.266609234839,8.));
#1792 = DIRECTION('',(0.612372435696,0.612372435696,0.5));
#1793 = DIRECTION('',(0.353553390593,0.353553390593,-0.866025403784));
#1794 = DEFINITIONAL_REPRESENTATION('',(#1795),#1799);
#1795 = LINE('',#1796,#1797);
#1796 = CARTESIAN_POINT('',(0.,0.));
#1797 = VECTOR('',#1798,1.);
#1798 = DIRECTION('',(1.,1.288140747229E-17));
#1799 = ( GEOMETRIC_REPRESENTATION_CONTEXT(2) 
PARAMETRIC_REPRESENTATION_CONTEXT() REPRESENTATION_CONTEXT('2D SPACE',''
  ) );
#1800 = ORIENTED_EDGE('',*,*,#1801,.T.);
#1801 = EDGE_CURVE('',#1774,#218,#1802,.T.);
#1802 = SURFACE_CURVE('',#1803,(#1807,#1814),.PCURVE_S1.);
#1803 = LINE('',#1804,#1805);
#1804 = CARTESIAN_POINT('',(-5.195541422973,13.397980084737,
    5.22871870789));
#1805 = VECTOR('',#1806,1.);
#1806 = DIRECTION('',(0.707106781187,0.707106781187,-5.551115123126E-16)
  );
#1807 = PCURVE('',#232,#1808);
#1808 = DEFINITIONAL_REPRESENTATION('',(#1809),#1813);
#1809 = LINE('',#1810,#1811);
#1810 = CARTESIAN_POINT('',(-1.6,-2.77128129211));
#1811 = VECTOR('',#1812,1.);
#1812 = DIRECTION('',(1.,-5.551115123126E-16));
#1813 = ( GEOMETRIC_REPRESENTATION_CONTEXT(2) 
PARAMETRIC_REPRESENTATION_CONTEXT() REPRESENTATION_CONTEXT('2D SPACE',''
  ) );
#1814 = PCURVE('',#544,#1815);
#1815 = DEFINITIONAL_REPRESENTATION('',(#1816),#1820);
#1816 = LINE('',#1817,#1818);
#1817 = CARTESIAN_POINT('',(0.,0.));
#1818 = VECTOR('',#1819,1.);
#1819 = DIRECTION('',(1.,6.162975822039E-32));
#1820 = ( GEOMETRIC_REPRESENTATION_CONTEXT(2) 
PARAMETRIC_REPRESENTATION_CONTEXT() REPRESENTATION_CONTEXT('2D SPACE',''
  ) );
#1821 = ORIENTED_EDGE('',*,*,#215,.F.);
#1822 = ORIENTED_EDGE('',*,*,#1823,.T.);
#1823 = EDGE_CURVE('',#216,#244,#1824,.T.);
#1824 = SURFACE_CURVE('',#1825,(#1830,#1841),.PCURVE_S1.);
#1825 = CIRCLE('',#1826,1.6);
#1826 = AXIS2_PLACEMENT_3D('',#1827,#1828,#1829);
#1827 = CARTESIAN_POINT('',(-4.064170573075,14.529350934636,8.));
#1828 = DIRECTION('',(-0.707106781187,0.707106781187,0.));
#1829 = DIRECTION('',(0.,0.,1.));
#1830 = PCURVE('',#232,#1831);
#1831 = DEFINITIONAL_REPRESENTATION('',(#1832),#1840);
#1832 = ( BOUNDED_CURVE() B_SPLINE_CURVE(2,(#1833,#1834,#1835,#1836,
#1837,#1838,#1839),.UNSPECIFIED.,.T.,.F.) B_SPLINE_CURVE_WITH_KNOTS((1,2
    ,2,2,2,1),(-2.094395102393,0.,2.094395102393,4.188790204786,
6.28318530718,8.377580409573),.UNSPECIFIED.) CURVE() 
GEOMETRIC_REPRESENTATION_ITEM() RATIONAL_B_SPLINE_CURVE((1.,0.5,1.,0.5,
1.,0.5,1.)) REPRESENTATION_ITEM('') );
#1833 = CARTESIAN_POINT('',(0.,1.6));
#1834 = CARTESIAN_POINT('',(2.77128129211,1.6));
#1835 = CARTESIAN_POINT('',(1.385640646055,-0.8));
#1836 = CARTESIAN_POINT('',(3.918869757272E-16,-3.2));
#1837 = CARTESIAN_POINT('',(-1.385640646055,-0.8));
#1838 = CARTESIAN_POINT('',(-2.77128129211,1.6));
#1839 = CARTESIAN_POINT('',(0.,1.6));
#1840 = ( GEOMETRIC_REPRESENTATION_CONTEXT(2) 
PARAMETRIC_REPRESENTATION_CONTEXT() REPRESENTATION_CONTEXT('2D SPACE',''
  ) );
#1841 = PCURVE('',#355,#1842);
#1842 = DEFINITIONAL_REPRESENTATION('',(#1843),#1847);
#1843 = LINE('',#1844,#1845);
#1844 = CARTESIAN_POINT('',(0.,28.34760514424));
#1845 = VECTOR('',#1846,1.);
#1846 = DIRECTION('',(1.,0.));
#1847 = ( GEOMETRIC_REPRESENTATION_CONTEXT(2) 
PARAMETRIC_REPRESENTATION_CONTEXT() REPRESENTATION_CONTEXT('2D SPACE',''
  ) );
#1848 = ADVANCED_FACE('',(#1849),#544,.T.);
#1849 = FACE_BOUND('',#1850,.T.);
#1850 = EDGE_LOOP('',(#1851,#1852,#1875,#1903,#1924));
#1851 = ORIENTED_EDGE('',*,*,#1801,.F.);
#1852 = ORIENTED_EDGE('',*,*,#1853,.T.);
#1853 = EDGE_CURVE('',#1774,#1854,#1856,.T.);
#1854 = VERTEX_POINT('',#1855);
#1855 = CARTESIAN_POINT('',(-2.932799723176,11.13523838494,5.22871870789
    ));
#1856 = SURFACE_CURVE('',#1857,(#1861,#1868),.PCURVE_S1.);
#1857 = LINE('',#1858,#1859);
#1858 = CARTESIAN_POINT('',(-5.195541422973,13.397980084737,
    5.22871870789));
#1859 = VECTOR('',#1860,1.);
#1860 = DIRECTION('',(0.707106781187,-0.707106781187,1.110223024625E-16)
  );
#1861 = PCURVE('',#544,#1862);
#1862 = DEFINITIONAL_REPRESENTATION('',(#1863),#1867);
#1863 = LINE('',#1864,#1865);
#1864 = CARTESIAN_POINT('',(0.,0.));
#1865 = VECTOR('',#1866,1.);
#1866 = DIRECTION('',(-6.162975822039E-32,-1.));
#1867 = ( GEOMETRIC_REPRESENTATION_CONTEXT(2) 
PARAMETRIC_REPRESENTATION_CONTEXT() REPRESENTATION_CONTEXT('2D SPACE',''
  ) );
#1868 = PCURVE('',#1789,#1869);
#1869 = DEFINITIONAL_REPRESENTATION('',(#1870),#1874);
#1870 = LINE('',#1871,#1872);
#1871 = CARTESIAN_POINT('',(3.2,-9.135712972663E-16));
#1872 = VECTOR('',#1873,1.);
#1873 = DIRECTION('',(1.11556261075E-17,-1.));
#1874 = ( GEOMETRIC_REPRESENTATION_CONTEXT(2) 
PARAMETRIC_REPRESENTATION_CONTEXT() REPRESENTATION_CONTEXT('2D SPACE',''
  ) );
#1875 = ORIENTED_EDGE('',*,*,#1876,.T.);
#1876 = EDGE_CURVE('',#1854,#1877,#1879,.T.);
#1877 = VERTEX_POINT('',#1878);
#1878 = CARTESIAN_POINT('',(-0.670058023379,13.397980084737,
    5.22871870789));
#1879 = SURFACE_CURVE('',#1880,(#1884,#1891),.PCURVE_S1.);
#1880 = LINE('',#1881,#1882);
#1881 = CARTESIAN_POINT('',(-2.932799723176,11.13523838494,5.22871870789
    ));
#1882 = VECTOR('',#1883,1.);
#1883 = DIRECTION('',(0.707106781187,0.707106781187,-5.551115123126E-16)
  );
#1884 = PCURVE('',#544,#1885);
#1885 = DEFINITIONAL_REPRESENTATION('',(#1886),#1890);
#1886 = LINE('',#1887,#1888);
#1887 = CARTESIAN_POINT('',(1.33226762955E-15,-3.2));
#1888 = VECTOR('',#1889,1.);
#1889 = DIRECTION('',(1.,6.162975822039E-32));
#1890 = ( GEOMETRIC_REPRESENTATION_CONTEXT(2) 
PARAMETRIC_REPRESENTATION_CONTEXT() REPRESENTATION_CONTEXT('2D SPACE',''
  ) );
#1891 = PCURVE('',#1892,#1897);
#1892 = PLANE('',#1893);
#1893 = AXIS2_PLACEMENT_3D('',#1894,#1895,#1896);
#1894 = CARTESIAN_POINT('',(-1.801428873278,12.266609234839,8.));
#1895 = DIRECTION('',(0.707106781187,-0.707106781187,1.110223024625E-16)
  );
#1896 = DIRECTION('',(0.707106781187,0.707106781187,0.));
#1897 = DEFINITIONAL_REPRESENTATION('',(#1898),#1902);
#1898 = LINE('',#1899,#1900);
#1899 = CARTESIAN_POINT('',(-1.6,-2.77128129211));
#1900 = VECTOR('',#1901,1.);
#1901 = DIRECTION('',(1.,-5.551115123126E-16));
#1902 = ( GEOMETRIC_REPRESENTATION_CONTEXT(2) 
PARAMETRIC_REPRESENTATION_CONTEXT() REPRESENTATION_CONTEXT('2D SPACE',''
  ) );
#1903 = ORIENTED_EDGE('',*,*,#1904,.F.);
#1904 = EDGE_CURVE('',#498,#1877,#1905,.T.);
#1905 = SURFACE_CURVE('',#1906,(#1910,#1917),.PCURVE_S1.);
#1906 = LINE('',#1907,#1908);
#1907 = CARTESIAN_POINT('',(-2.932799723176,15.660721784534,
    5.22871870789));
#1908 = VECTOR('',#1909,1.);
#1909 = DIRECTION('',(0.707106781187,-0.707106781187,1.110223024625E-16)
  );
#1910 = PCURVE('',#544,#1911);
#1911 = DEFINITIONAL_REPRESENTATION('',(#1912),#1916);
#1912 = LINE('',#1913,#1914);
#1913 = CARTESIAN_POINT('',(3.2,1.972152263053E-31));
#1914 = VECTOR('',#1915,1.);
#1915 = DIRECTION('',(-6.162975822039E-32,-1.));
#1916 = ( GEOMETRIC_REPRESENTATION_CONTEXT(2) 
PARAMETRIC_REPRESENTATION_CONTEXT() REPRESENTATION_CONTEXT('2D SPACE',''
  ) );
#1917 = PCURVE('',#517,#1918);
#1918 = DEFINITIONAL_REPRESENTATION('',(#1919),#1923);
#1919 = LINE('',#1920,#1921);
#1920 = CARTESIAN_POINT('',(0.,0.));
#1921 = VECTOR('',#1922,1.);
#1922 = DIRECTION('',(-3.891120172313E-17,-1.));
#1923 = ( GEOMETRIC_REPRESENTATION_CONTEXT(2) 
PARAMETRIC_REPRESENTATION_CONTEXT() REPRESENTATION_CONTEXT('2D SPACE',''
  ) );
#1924 = ORIENTED_EDGE('',*,*,#529,.F.);
#1925 = ADVANCED_FACE('',(#1926),#517,.T.);
#1926 = FACE_BOUND('',#1927,.T.);
#1927 = EDGE_LOOP('',(#1928,#1929,#1930,#1953));
#1928 = ORIENTED_EDGE('',*,*,#497,.T.);
#1929 = ORIENTED_EDGE('',*,*,#1904,.T.);
#1930 = ORIENTED_EDGE('',*,*,#1931,.T.);
#1931 = EDGE_CURVE('',#1877,#1932,#1934,.T.);
#1932 = VERTEX_POINT('',#1933);
#1933 = CARTESIAN_POINT('',(0.461312826519,14.529350934636,8.));
#1934 = SURFACE_CURVE('',#1935,(#1939,#1946),.PCURVE_S1.);
#1935 = LINE('',#1936,#1937);
#1936 = CARTESIAN_POINT('',(-0.670058023379,13.397980084737,
    5.22871870789));
#1937 = VECTOR('',#1938,1.);
#1938 = DIRECTION('',(0.353553390593,0.353553390593,0.866025403784));
#1939 = PCURVE('',#517,#1940);
#1940 = DEFINITIONAL_REPRESENTATION('',(#1941),#1945);
#1941 = LINE('',#1942,#1943);
#1942 = CARTESIAN_POINT('',(8.802073770159E-16,-3.2));
#1943 = VECTOR('',#1944,1.);
#1944 = DIRECTION('',(1.,-4.063698308792E-17));
#1945 = ( GEOMETRIC_REPRESENTATION_CONTEXT(2) 
PARAMETRIC_REPRESENTATION_CONTEXT() REPRESENTATION_CONTEXT('2D SPACE',''
  ) );
#1946 = PCURVE('',#1892,#1947);
#1947 = DEFINITIONAL_REPRESENTATION('',(#1948),#1952);
#1948 = LINE('',#1949,#1950);
#1949 = CARTESIAN_POINT('',(1.6,-2.77128129211));
#1950 = VECTOR('',#1951,1.);
#1951 = DIRECTION('',(0.5,0.866025403784));
#1952 = ( GEOMETRIC_REPRESENTATION_CONTEXT(2) 
PARAMETRIC_REPRESENTATION_CONTEXT() REPRESENTATION_CONTEXT('2D SPACE',''
  ) );
#1953 = ORIENTED_EDGE('',*,*,#1954,.F.);
#1954 = EDGE_CURVE('',#466,#1932,#1955,.T.);
#1955 = SURFACE_CURVE('',#1956,(#1960,#1967),.PCURVE_S1.);
#1956 = LINE('',#1957,#1958);
#1957 = CARTESIAN_POINT('',(-1.801428873278,16.792092634433,8.));
#1958 = VECTOR('',#1959,1.);
#1959 = DIRECTION('',(0.707106781187,-0.707106781187,1.110223024625E-16)
  );
#1960 = PCURVE('',#517,#1961);
#1961 = DEFINITIONAL_REPRESENTATION('',(#1962),#1966);
#1962 = LINE('',#1963,#1964);
#1963 = CARTESIAN_POINT('',(3.2,2.689928136667E-15));
#1964 = VECTOR('',#1965,1.);
#1965 = DIRECTION('',(-3.891120172313E-17,-1.));
#1966 = ( GEOMETRIC_REPRESENTATION_CONTEXT(2) 
PARAMETRIC_REPRESENTATION_CONTEXT() REPRESENTATION_CONTEXT('2D SPACE',''
  ) );
#1967 = PCURVE('',#485,#1968);
#1968 = DEFINITIONAL_REPRESENTATION('',(#1969),#1973);
#1969 = LINE('',#1970,#1971);
#1970 = CARTESIAN_POINT('',(0.,0.));
#1971 = VECTOR('',#1972,1.);
#1972 = DIRECTION('',(-3.891120172313E-17,-1.));
#1973 = ( GEOMETRIC_REPRESENTATION_CONTEXT(2) 
PARAMETRIC_REPRESENTATION_CONTEXT() REPRESENTATION_CONTEXT('2D SPACE',''
  ) );
#1974 = ADVANCED_FACE('',(#1975),#485,.T.);
#1975 = FACE_BOUND('',#1976,.T.);
#1976 = EDGE_LOOP('',(#1977,#1978,#1979,#2002));
#1977 = ORIENTED_EDGE('',*,*,#465,.T.);
#1978 = ORIENTED_EDGE('',*,*,#1954,.T.);
#1979 = ORIENTED_EDGE('',*,*,#1980,.T.);
#1980 = EDGE_CURVE('',#1932,#1981,#1983,.T.);
#1981 = VERTEX_POINT('',#1982);
#1982 = CARTESIAN_POINT('',(-0.670058023379,13.397980084737,
    10.77128129211));
#1983 = SURFACE_CURVE('',#1984,(#1988,#1995),.PCURVE_S1.);
#1984 = LINE('',#1985,#1986);
#1985 = CARTESIAN_POINT('',(0.461312826519,14.529350934636,8.));
#1986 = VECTOR('',#1987,1.);
#1987 = DIRECTION('',(-0.353553390593,-0.353553390593,0.866025403784));
#1988 = PCURVE('',#485,#1989);
#1989 = DEFINITIONAL_REPRESENTATION('',(#1990),#1994);
#1990 = LINE('',#1991,#1992);
#1991 = CARTESIAN_POINT('',(0.,-3.2));
#1992 = VECTOR('',#1993,1.);
#1993 = DIRECTION('',(1.,1.487416814334E-17));
#1994 = ( GEOMETRIC_REPRESENTATION_CONTEXT(2) 
PARAMETRIC_REPRESENTATION_CONTEXT() REPRESENTATION_CONTEXT('2D SPACE',''
  ) );
#1995 = PCURVE('',#1892,#1996);
#1996 = DEFINITIONAL_REPRESENTATION('',(#1997),#2001);
#1997 = LINE('',#1998,#1999);
#1998 = CARTESIAN_POINT('',(3.2,0.));
#1999 = VECTOR('',#2000,1.);
#2000 = DIRECTION('',(-0.5,0.866025403784));
#2001 = ( GEOMETRIC_REPRESENTATION_CONTEXT(2) 
PARAMETRIC_REPRESENTATION_CONTEXT() REPRESENTATION_CONTEXT('2D SPACE',''
  ) );
#2002 = ORIENTED_EDGE('',*,*,#2003,.F.);
#2003 = EDGE_CURVE('',#437,#1981,#2004,.T.);
#2004 = SURFACE_CURVE('',#2005,(#2009,#2016),.PCURVE_S1.);
#2005 = LINE('',#2006,#2007);
#2006 = CARTESIAN_POINT('',(-2.932799723176,15.660721784534,
    10.77128129211));
#2007 = VECTOR('',#2008,1.);
#2008 = DIRECTION('',(0.707106781187,-0.707106781187,1.110223024625E-16)
  );
#2009 = PCURVE('',#485,#2010);
#2010 = DEFINITIONAL_REPRESENTATION('',(#2011),#2015);
#2011 = LINE('',#2012,#2013);
#2012 = CARTESIAN_POINT('',(3.2,-6.407409372089E-16));
#2013 = VECTOR('',#2014,1.);
#2014 = DIRECTION('',(-3.891120172313E-17,-1.));
#2015 = ( GEOMETRIC_REPRESENTATION_CONTEXT(2) 
PARAMETRIC_REPRESENTATION_CONTEXT() REPRESENTATION_CONTEXT('2D SPACE',''
  ) );
#2016 = PCURVE('',#453,#2017);
#2017 = DEFINITIONAL_REPRESENTATION('',(#2018),#2022);
#2018 = LINE('',#2019,#2020);
#2019 = CARTESIAN_POINT('',(0.,0.));
#2020 = VECTOR('',#2021,1.);
#2021 = DIRECTION('',(1.54074395551E-32,-1.));
#2022 = ( GEOMETRIC_REPRESENTATION_CONTEXT(2) 
PARAMETRIC_REPRESENTATION_CONTEXT() REPRESENTATION_CONTEXT('2D SPACE',''
  ) );
#2023 = ADVANCED_FACE('',(#2024),#453,.T.);
#2024 = FACE_BOUND('',#2025,.T.);
#2025 = EDGE_LOOP('',(#2026,#2027,#2028,#2051,#2072));
#2026 = ORIENTED_EDGE('',*,*,#436,.T.);
#2027 = ORIENTED_EDGE('',*,*,#2003,.T.);
#2028 = ORIENTED_EDGE('',*,*,#2029,.T.);
#2029 = EDGE_CURVE('',#1981,#2030,#2032,.T.);
#2030 = VERTEX_POINT('',#2031);
#2031 = CARTESIAN_POINT('',(-2.932799723176,11.13523838494,
    10.77128129211));
#2032 = SURFACE_CURVE('',#2033,(#2037,#2044),.PCURVE_S1.);
#2033 = LINE('',#2034,#2035);
#2034 = CARTESIAN_POINT('',(-0.670058023379,13.397980084737,
    10.77128129211));
#2035 = VECTOR('',#2036,1.);
#2036 = DIRECTION('',(-0.707106781187,-0.707106781187,1.387778780781E-16
    ));
#2037 = PCURVE('',#453,#2038);
#2038 = DEFINITIONAL_REPRESENTATION('',(#2039),#2043);
#2039 = LINE('',#2040,#2041);
#2040 = CARTESIAN_POINT('',(0.,-3.2));
#2041 = VECTOR('',#2042,1.);
#2042 = DIRECTION('',(1.,-1.54074395551E-32));
#2043 = ( GEOMETRIC_REPRESENTATION_CONTEXT(2) 
PARAMETRIC_REPRESENTATION_CONTEXT() REPRESENTATION_CONTEXT('2D SPACE',''
  ) );
#2044 = PCURVE('',#1892,#2045);
#2045 = DEFINITIONAL_REPRESENTATION('',(#2046),#2050);
#2046 = LINE('',#2047,#2048);
#2047 = CARTESIAN_POINT('',(1.6,2.77128129211));
#2048 = VECTOR('',#2049,1.);
#2049 = DIRECTION('',(-1.,1.387778780781E-16));
#2050 = ( GEOMETRIC_REPRESENTATION_CONTEXT(2) 
PARAMETRIC_REPRESENTATION_CONTEXT() REPRESENTATION_CONTEXT('2D SPACE',''
  ) );
#2051 = ORIENTED_EDGE('',*,*,#2052,.F.);
#2052 = EDGE_CURVE('',#1723,#2030,#2053,.T.);
#2053 = SURFACE_CURVE('',#2054,(#2058,#2065),.PCURVE_S1.);
#2054 = LINE('',#2055,#2056);
#2055 = CARTESIAN_POINT('',(-5.195541422973,13.397980084737,
    10.77128129211));
#2056 = VECTOR('',#2057,1.);
#2057 = DIRECTION('',(0.707106781187,-0.707106781187,1.110223024625E-16)
  );
#2058 = PCURVE('',#453,#2059);
#2059 = DEFINITIONAL_REPRESENTATION('',(#2060),#2064);
#2060 = LINE('',#2061,#2062);
#2061 = CARTESIAN_POINT('',(3.2,-6.661338147751E-16));
#2062 = VECTOR('',#2063,1.);
#2063 = DIRECTION('',(1.54074395551E-32,-1.));
#2064 = ( GEOMETRIC_REPRESENTATION_CONTEXT(2) 
PARAMETRIC_REPRESENTATION_CONTEXT() REPRESENTATION_CONTEXT('2D SPACE',''
  ) );
#2065 = PCURVE('',#1761,#2066);
#2066 = DEFINITIONAL_REPRESENTATION('',(#2067),#2071);
#2067 = LINE('',#2068,#2069);
#2068 = CARTESIAN_POINT('',(-0.,0.));
#2069 = VECTOR('',#2070,1.);
#2070 = DIRECTION('',(-1.659994950813E-17,-1.));
#2071 = ( GEOMETRIC_REPRESENTATION_CONTEXT(2) 
PARAMETRIC_REPRESENTATION_CONTEXT() REPRESENTATION_CONTEXT('2D SPACE',''
  ) );
#2072 = ORIENTED_EDGE('',*,*,#1722,.F.);
#2073 = ADVANCED_FACE('',(#2074),#355,.F.);
#2074 = FACE_BOUND('',#2075,.F.);
#2075 = EDGE_LOOP('',(#2076,#2077));
#2076 = ORIENTED_EDGE('',*,*,#243,.F.);
#2077 = ORIENTED_EDGE('',*,*,#1823,.T.);
#2078 = ADVANCED_FACE('',(#2079),#674,.F.);
#2079 = FACE_BOUND('',#2080,.F.);
#2080 = EDGE_LOOP('',(#2081,#2082,#2103,#2104));
#2081 = ORIENTED_EDGE('',*,*,#1011,.F.);
#2082 = ORIENTED_EDGE('',*,*,#2083,.F.);
#2083 = EDGE_CURVE('',#563,#1012,#2084,.T.);
#2084 = SEAM_CURVE('',#2085,(#2089,#2096),.PCURVE_S1.);
#2085 = LINE('',#2086,#2087);
#2086 = CARTESIAN_POINT('',(15.980613254816,-5.515432893255,9.6));
#2087 = VECTOR('',#2088,1.);
#2088 = DIRECTION('',(-0.707106781187,0.707106781187,0.));
#2089 = PCURVE('',#674,#2090);
#2090 = DEFINITIONAL_REPRESENTATION('',(#2091),#2095);
#2091 = LINE('',#2092,#2093);
#2092 = CARTESIAN_POINT('',(6.28318530718,-0.));
#2093 = VECTOR('',#2094,1.);
#2094 = DIRECTION('',(0.,1.));
#2095 = ( GEOMETRIC_REPRESENTATION_CONTEXT(2) 
PARAMETRIC_REPRESENTATION_CONTEXT() REPRESENTATION_CONTEXT('2D SPACE',''
  ) );
#2096 = PCURVE('',#674,#2097);
#2097 = DEFINITIONAL_REPRESENTATION('',(#2098),#2102);
#2098 = LINE('',#2099,#2100);
#2099 = CARTESIAN_POINT('',(0.,-0.));
#2100 = VECTOR('',#2101,1.);
#2101 = DIRECTION('',(0.,1.));
#2102 = ( GEOMETRIC_REPRESENTATION_CONTEXT(2) 
PARAMETRIC_REPRESENTATION_CONTEXT() REPRESENTATION_CONTEXT('2D SPACE',''
  ) );
#2103 = ORIENTED_EDGE('',*,*,#562,.T.);
#2104 = ORIENTED_EDGE('',*,*,#2083,.T.);
#2105 = ADVANCED_FACE('',(#2106),#756,.F.);
#2106 = FACE_BOUND('',#2107,.F.);
#2107 = EDGE_LOOP('',(#2108,#2109,#2110,#2132));
#2108 = ORIENTED_EDGE('',*,*,#737,.T.);
#2109 = ORIENTED_EDGE('',*,*,#906,.F.);
#2110 = ORIENTED_EDGE('',*,*,#2111,.F.);
#2111 = EDGE_CURVE('',#1122,#907,#2112,.T.);
#2112 = SURFACE_CURVE('',#2113,(#2118,#2125),.PCURVE_S1.);
#2113 = CIRCLE('',#2114,2.75);
#2114 = AXIS2_PLACEMENT_3D('',#2115,#2116,#2117);
#2115 = CARTESIAN_POINT('',(0.,0.,0.));
#2116 = DIRECTION('',(0.,-0.,1.));
#2117 = DIRECTION('',(0.707106781187,0.707106781187,0.));
#2118 = PCURVE('',#756,#2119);
#2119 = DEFINITIONAL_REPRESENTATION('',(#2120),#2124);
#2120 = CIRCLE('',#2121,2.75);
#2121 = AXIS2_PLACEMENT_2D('',#2122,#2123);
#2122 = CARTESIAN_POINT('',(7.29301404021E-16,-1.169780044473E-16));
#2123 = DIRECTION('',(0.707106781187,0.707106781187));
#2124 = ( GEOMETRIC_REPRESENTATION_CONTEXT(2) 
PARAMETRIC_REPRESENTATION_CONTEXT() REPRESENTATION_CONTEXT('2D SPACE',''
  ) );
#2125 = PCURVE('',#946,#2126);
#2126 = DEFINITIONAL_REPRESENTATION('',(#2127),#2131);
#2127 = LINE('',#2128,#2129);
#2128 = CARTESIAN_POINT('',(-0.,-0.));
#2129 = VECTOR('',#2130,1.);
#2130 = DIRECTION('',(-1.,-0.));
#2131 = ( GEOMETRIC_REPRESENTATION_CONTEXT(2) 
PARAMETRIC_REPRESENTATION_CONTEXT() REPRESENTATION_CONTEXT('2D SPACE',''
  ) );
#2132 = ORIENTED_EDGE('',*,*,#1121,.T.);
#2133 = ADVANCED_FACE('',(#2134),#946,.F.);
#2134 = FACE_BOUND('',#2135,.F.);
#2135 = EDGE_LOOP('',(#2136,#2158,#2159,#2160));
#2136 = ORIENTED_EDGE('',*,*,#2137,.F.);
#2137 = EDGE_CURVE('',#1145,#930,#2138,.T.);
#2138 = SURFACE_CURVE('',#2139,(#2144,#2151),.PCURVE_S1.);
#2139 = CIRCLE('',#2140,2.15);
#2140 = AXIS2_PLACEMENT_3D('',#2141,#2142,#2143);
#2141 = CARTESIAN_POINT('',(0.,0.,0.6));
#2142 = DIRECTION('',(0.,-0.,1.));
#2143 = DIRECTION('',(0.707106781187,0.707106781187,0.));
#2144 = PCURVE('',#946,#2145);
#2145 = DEFINITIONAL_REPRESENTATION('',(#2146),#2150);
#2146 = LINE('',#2147,#2148);
#2147 = CARTESIAN_POINT('',(-0.,-0.6));
#2148 = VECTOR('',#2149,1.);
#2149 = DIRECTION('',(-1.,-0.));
#2150 = ( GEOMETRIC_REPRESENTATION_CONTEXT(2) 
PARAMETRIC_REPRESENTATION_CONTEXT() REPRESENTATION_CONTEXT('2D SPACE',''
  ) );
#2151 = PCURVE('',#976,#2152);
#2152 = DEFINITIONAL_REPRESENTATION('',(#2153),#2157);
#2153 = LINE('',#2154,#2155);
#2154 = CARTESIAN_POINT('',(-0.,-0.6));
#2155 = VECTOR('',#2156,1.);
#2156 = DIRECTION('',(-1.,0.));
#2157 = ( GEOMETRIC_REPRESENTATION_CONTEXT(2) 
PARAMETRIC_REPRESENTATION_CONTEXT() REPRESENTATION_CONTEXT('2D SPACE',''
  ) );
#2158 = ORIENTED_EDGE('',*,*,#1144,.F.);
#2159 = ORIENTED_EDGE('',*,*,#2111,.T.);
#2160 = ORIENTED_EDGE('',*,*,#929,.T.);
#2161 = ADVANCED_FACE('',(#2162),#976,.F.);
#2162 = FACE_BOUND('',#2163,.T.);
#2163 = EDGE_LOOP('',(#2164,#2165,#2166,#2167,#2190,#2217,#2218,#2219));
#2164 = ORIENTED_EDGE('',*,*,#2137,.F.);
#2165 = ORIENTED_EDGE('',*,*,#1171,.F.);
#2166 = ORIENTED_EDGE('',*,*,#1061,.T.);
#2167 = ORIENTED_EDGE('',*,*,#2168,.T.);
#2168 = EDGE_CURVE('',#1062,#2169,#2171,.T.);
#2169 = VERTEX_POINT('',#2170);
#2170 = CARTESIAN_POINT('',(1.520279579551,1.520279579551,20.05));
#2171 = SEAM_CURVE('',#2172,(#2176,#2183),.PCURVE_S1.);
#2172 = LINE('',#2173,#2174);
#2173 = CARTESIAN_POINT('',(1.520279579551,1.520279579551,0.));
#2174 = VECTOR('',#2175,1.);
#2175 = DIRECTION('',(0.,0.,1.));
#2176 = PCURVE('',#976,#2177);
#2177 = DEFINITIONAL_REPRESENTATION('',(#2178),#2182);
#2178 = LINE('',#2179,#2180);
#2179 = CARTESIAN_POINT('',(-6.28318530718,0.));
#2180 = VECTOR('',#2181,1.);
#2181 = DIRECTION('',(-0.,-1.));
#2182 = ( GEOMETRIC_REPRESENTATION_CONTEXT(2) 
PARAMETRIC_REPRESENTATION_CONTEXT() REPRESENTATION_CONTEXT('2D SPACE',''
  ) );
#2183 = PCURVE('',#976,#2184);
#2184 = DEFINITIONAL_REPRESENTATION('',(#2185),#2189);
#2185 = LINE('',#2186,#2187);
#2186 = CARTESIAN_POINT('',(-0.,0.));
#2187 = VECTOR('',#2188,1.);
#2188 = DIRECTION('',(-0.,-1.));
#2189 = ( GEOMETRIC_REPRESENTATION_CONTEXT(2) 
PARAMETRIC_REPRESENTATION_CONTEXT() REPRESENTATION_CONTEXT('2D SPACE',''
  ) );
#2190 = ORIENTED_EDGE('',*,*,#2191,.T.);
#2191 = EDGE_CURVE('',#2169,#2169,#2192,.T.);
#2192 = SURFACE_CURVE('',#2193,(#2198,#2205),.PCURVE_S1.);
#2193 = CIRCLE('',#2194,2.15);
#2194 = AXIS2_PLACEMENT_3D('',#2195,#2196,#2197);
#2195 = CARTESIAN_POINT('',(0.,0.,20.05));
#2196 = DIRECTION('',(0.,-0.,1.));
#2197 = DIRECTION('',(0.707106781187,0.707106781187,0.));
#2198 = PCURVE('',#976,#2199);
#2199 = DEFINITIONAL_REPRESENTATION('',(#2200),#2204);
#2200 = LINE('',#2201,#2202);
#2201 = CARTESIAN_POINT('',(-0.,-20.05));
#2202 = VECTOR('',#2203,1.);
#2203 = DIRECTION('',(-1.,0.));
#2204 = ( GEOMETRIC_REPRESENTATION_CONTEXT(2) 
PARAMETRIC_REPRESENTATION_CONTEXT() REPRESENTATION_CONTEXT('2D SPACE',''
  ) );
#2205 = PCURVE('',#2206,#2211);
#2206 = PLANE('',#2207);
#2207 = AXIS2_PLACEMENT_3D('',#2208,#2209,#2210);
#2208 = CARTESIAN_POINT('',(-1.628063719198E-16,-1.744934620052E-16,
    20.05));
#2209 = DIRECTION('',(0.,0.,1.));
#2210 = DIRECTION('',(0.707106781187,0.707106781187,0.));
#2211 = DEFINITIONAL_REPRESENTATION('',(#2212),#2216);
#2212 = CIRCLE('',#2213,2.15);
#2213 = AXIS2_PLACEMENT_2D('',#2214,#2215);
#2214 = CARTESIAN_POINT('',(2.385069998615E-16,8.264020651718E-18));
#2215 = DIRECTION('',(1.,0.));
#2216 = ( GEOMETRIC_REPRESENTATION_CONTEXT(2) 
PARAMETRIC_REPRESENTATION_CONTEXT() REPRESENTATION_CONTEXT('2D SPACE',''
  ) );
#2217 = ORIENTED_EDGE('',*,*,#2168,.F.);
#2218 = ORIENTED_EDGE('',*,*,#1089,.T.);
#2219 = ORIENTED_EDGE('',*,*,#961,.T.);
#2220 = ADVANCED_FACE('',(#2221),#1211,.F.);
#2221 = FACE_BOUND('',#2222,.F.);
#2222 = EDGE_LOOP('',(#2223,#2251,#2272,#2273));
#2223 = ORIENTED_EDGE('',*,*,#2224,.F.);
#2224 = EDGE_CURVE('',#2225,#2225,#2227,.T.);
#2225 = VERTEX_POINT('',#2226);
#2226 = CARTESIAN_POINT('',(-1.801428873278,12.266609234839,9.6));
#2227 = SURFACE_CURVE('',#2228,(#2233,#2240),.PCURVE_S1.);
#2228 = CIRCLE('',#2229,1.6);
#2229 = AXIS2_PLACEMENT_3D('',#2230,#2231,#2232);
#2230 = CARTESIAN_POINT('',(-1.801428873278,12.266609234839,8.));
#2231 = DIRECTION('',(-0.707106781187,0.707106781187,0.));
#2232 = DIRECTION('',(0.,0.,1.));
#2233 = PCURVE('',#1211,#2234);
#2234 = DEFINITIONAL_REPRESENTATION('',(#2235),#2239);
#2235 = LINE('',#2236,#2237);
#2236 = CARTESIAN_POINT('',(0.,25.14760514424));
#2237 = VECTOR('',#2238,1.);
#2238 = DIRECTION('',(1.,0.));
#2239 = ( GEOMETRIC_REPRESENTATION_CONTEXT(2) 
PARAMETRIC_REPRESENTATION_CONTEXT() REPRESENTATION_CONTEXT('2D SPACE',''
  ) );
#2240 = PCURVE('',#1892,#2241);
#2241 = DEFINITIONAL_REPRESENTATION('',(#2242),#2250);
#2242 = ( BOUNDED_CURVE() B_SPLINE_CURVE(2,(#2243,#2244,#2245,#2246,
#2247,#2248,#2249),.UNSPECIFIED.,.T.,.F.) B_SPLINE_CURVE_WITH_KNOTS((1,2
    ,2,2,2,1),(-2.094395102393,0.,2.094395102393,4.188790204786,
6.28318530718,8.377580409573),.UNSPECIFIED.) CURVE() 
GEOMETRIC_REPRESENTATION_ITEM() RATIONAL_B_SPLINE_CURVE((1.,0.5,1.,0.5,
1.,0.5,1.)) REPRESENTATION_ITEM('') );
#2243 = CARTESIAN_POINT('',(0.,1.6));
#2244 = CARTESIAN_POINT('',(2.77128129211,1.6));
#2245 = CARTESIAN_POINT('',(1.385640646055,-0.8));
#2246 = CARTESIAN_POINT('',(3.918869757272E-16,-3.2));
#2247 = CARTESIAN_POINT('',(-1.385640646055,-0.8));
#2248 = CARTESIAN_POINT('',(-2.77128129211,1.6));
#2249 = CARTESIAN_POINT('',(0.,1.6));
#2250 = ( GEOMETRIC_REPRESENTATION_CONTEXT(2) 
PARAMETRIC_REPRESENTATION_CONTEXT() REPRESENTATION_CONTEXT('2D SPACE',''
  ) );
#2251 = ORIENTED_EDGE('',*,*,#2252,.F.);
#2252 = EDGE_CURVE('',#1195,#2225,#2253,.T.);
#2253 = SEAM_CURVE('',#2254,(#2258,#2265),.PCURVE_S1.);
#2254 = LINE('',#2255,#2256);
#2255 = CARTESIAN_POINT('',(15.980613254816,-5.515432893255,9.6));
#2256 = VECTOR('',#2257,1.);
#2257 = DIRECTION('',(-0.707106781187,0.707106781187,0.));
#2258 = PCURVE('',#1211,#2259);
#2259 = DEFINITIONAL_REPRESENTATION('',(#2260),#2264);
#2260 = LINE('',#2261,#2262);
#2261 = CARTESIAN_POINT('',(6.28318530718,-0.));
#2262 = VECTOR('',#2263,1.);
#2263 = DIRECTION('',(0.,1.));
#2264 = ( GEOMETRIC_REPRESENTATION_CONTEXT(2) 
PARAMETRIC_REPRESENTATION_CONTEXT() REPRESENTATION_CONTEXT('2D SPACE',''
  ) );
#2265 = PCURVE('',#1211,#2266);
#2266 = DEFINITIONAL_REPRESENTATION('',(#2267),#2271);
#2267 = LINE('',#2268,#2269);
#2268 = CARTESIAN_POINT('',(0.,-0.));
#2269 = VECTOR('',#2270,1.);
#2270 = DIRECTION('',(0.,1.));
#2271 = ( GEOMETRIC_REPRESENTATION_CONTEXT(2) 
PARAMETRIC_REPRESENTATION_CONTEXT() REPRESENTATION_CONTEXT('2D SPACE',''
  ) );
#2272 = ORIENTED_EDGE('',*,*,#1194,.T.);
#2273 = ORIENTED_EDGE('',*,*,#2252,.T.);
#2274 = ADVANCED_FACE('',(#2275),#1247,.F.);
#2275 = FACE_BOUND('',#2276,.F.);
#2276 = EDGE_LOOP('',(#2277,#2306,#2326,#2327));
#2277 = ORIENTED_EDGE('',*,*,#2278,.T.);
#2278 = EDGE_CURVE('',#2279,#2281,#2283,.T.);
#2279 = VERTEX_POINT('',#2280);
#2280 = CARTESIAN_POINT('',(4.2,-11.85,27.4));
#2281 = VERTEX_POINT('',#2282);
#2282 = CARTESIAN_POINT('',(4.2,-9.45,27.4));
#2283 = SURFACE_CURVE('',#2284,(#2288,#2294),.PCURVE_S1.);
#2284 = LINE('',#2285,#2286);
#2285 = CARTESIAN_POINT('',(4.2,-11.85,27.4));
#2286 = VECTOR('',#2287,1.);
#2287 = DIRECTION('',(2.22044604925E-16,1.,0.));
#2288 = PCURVE('',#1247,#2289);
#2289 = DEFINITIONAL_REPRESENTATION('',(#2290),#2293);
#2290 = B_SPLINE_CURVE_WITH_KNOTS('',1,(#2291,#2292),.UNSPECIFIED.,.F.,
  .F.,(2,2),(0.,2.4),.PIECEWISE_BEZIER_KNOTS.);
#2291 = CARTESIAN_POINT('',(0.,0.));
#2292 = CARTESIAN_POINT('',(3.,0.));
#2293 = ( GEOMETRIC_REPRESENTATION_CONTEXT(2) 
PARAMETRIC_REPRESENTATION_CONTEXT() REPRESENTATION_CONTEXT('2D SPACE',''
  ) );
#2294 = PCURVE('',#2295,#2300);
#2295 = PLANE('',#2296);
#2296 = AXIS2_PLACEMENT_3D('',#2297,#2298,#2299);
#2297 = CARTESIAN_POINT('',(4.2,-9.45,16.));
#2298 = DIRECTION('',(1.,-2.22044604925E-16,0.));
#2299 = DIRECTION('',(0.,0.,1.));
#2300 = DEFINITIONAL_REPRESENTATION('',(#2301),#2305);
#2301 = LINE('',#2302,#2303);
#2302 = CARTESIAN_POINT('',(11.4,2.4));
#2303 = VECTOR('',#2304,1.);
#2304 = DIRECTION('',(0.,-1.));
#2305 = ( GEOMETRIC_REPRESENTATION_CONTEXT(2) 
PARAMETRIC_REPRESENTATION_CONTEXT() REPRESENTATION_CONTEXT('2D SPACE',''
  ) );
#2306 = ORIENTED_EDGE('',*,*,#2307,.T.);
#2307 = EDGE_CURVE('',#2281,#1232,#2308,.T.);
#2308 = SURFACE_CURVE('',#2309,(#2312,#2319),.PCURVE_S1.);
#2309 = B_SPLINE_CURVE_WITH_KNOTS('',1,(#2310,#2311),.UNSPECIFIED.,.F.,
  .F.,(2,2),(0.,1.),.PIECEWISE_BEZIER_KNOTS.);
#2310 = CARTESIAN_POINT('',(4.2,-9.45,27.4));
#2311 = CARTESIAN_POINT('',(4.8,-8.85,28.));
#2312 = PCURVE('',#1247,#2313);
#2313 = DEFINITIONAL_REPRESENTATION('',(#2314),#2318);
#2314 = LINE('',#2315,#2316);
#2315 = CARTESIAN_POINT('',(3.,0.));
#2316 = VECTOR('',#2317,1.);
#2317 = DIRECTION('',(0.,1.));
#2318 = ( GEOMETRIC_REPRESENTATION_CONTEXT(2) 
PARAMETRIC_REPRESENTATION_CONTEXT() REPRESENTATION_CONTEXT('2D SPACE',''
  ) );
#2319 = PCURVE('',#1329,#2320);
#2320 = DEFINITIONAL_REPRESENTATION('',(#2321),#2325);
#2321 = LINE('',#2322,#2323);
#2322 = CARTESIAN_POINT('',(0.,0.));
#2323 = VECTOR('',#2324,1.);
#2324 = DIRECTION('',(0.,1.));
#2325 = ( GEOMETRIC_REPRESENTATION_CONTEXT(2) 
PARAMETRIC_REPRESENTATION_CONTEXT() REPRESENTATION_CONTEXT('2D SPACE',''
  ) );
#2326 = ORIENTED_EDGE('',*,*,#1229,.F.);
#2327 = ORIENTED_EDGE('',*,*,#2328,.F.);
#2328 = EDGE_CURVE('',#2279,#1230,#2329,.T.);
#2329 = SURFACE_CURVE('',#2330,(#2333,#2340),.PCURVE_S1.);
#2330 = B_SPLINE_CURVE_WITH_KNOTS('',1,(#2331,#2332),.UNSPECIFIED.,.F.,
  .F.,(2,2),(0.,1.),.PIECEWISE_BEZIER_KNOTS.);
#2331 = CARTESIAN_POINT('',(4.2,-11.85,27.4));
#2332 = CARTESIAN_POINT('',(4.8,-11.85,28.));
#2333 = PCURVE('',#1247,#2334);
#2334 = DEFINITIONAL_REPRESENTATION('',(#2335),#2339);
#2335 = LINE('',#2336,#2337);
#2336 = CARTESIAN_POINT('',(0.,0.));
#2337 = VECTOR('',#2338,1.);
#2338 = DIRECTION('',(0.,1.));
#2339 = ( GEOMETRIC_REPRESENTATION_CONTEXT(2) 
PARAMETRIC_REPRESENTATION_CONTEXT() REPRESENTATION_CONTEXT('2D SPACE',''
  ) );
#2340 = PCURVE('',#1275,#2341);
#2341 = DEFINITIONAL_REPRESENTATION('',(#2342),#2345);
#2342 = B_SPLINE_CURVE_WITH_KNOTS('',1,(#2343,#2344),.UNSPECIFIED.,.F.,
  .F.,(2,2),(0.,1.),.PIECEWISE_BEZIER_KNOTS.);
#2343 = CARTESIAN_POINT('',(11.4,-8.4));
#2344 = CARTESIAN_POINT('',(12.,-9.));
#2345 = ( GEOMETRIC_REPRESENTATION_CONTEXT(2) 
PARAMETRIC_REPRESENTATION_CONTEXT() REPRESENTATION_CONTEXT('2D SPACE',''
  ) );
#2346 = ADVANCED_FACE('',(#2347),#1275,.F.);
#2347 = FACE_BOUND('',#2348,.F.);
#2348 = EDGE_LOOP('',(#2349,#2379,#2407,#2428,#2429,#2430));
#2349 = ORIENTED_EDGE('',*,*,#2350,.F.);
#2350 = EDGE_CURVE('',#2351,#2353,#2355,.T.);
#2351 = VERTEX_POINT('',#2352);
#2352 = CARTESIAN_POINT('',(-4.2,-11.85,16.));
#2353 = VERTEX_POINT('',#2354);
#2354 = CARTESIAN_POINT('',(-4.2,-11.85,27.4));
#2355 = SURFACE_CURVE('',#2356,(#2360,#2367),.PCURVE_S1.);
#2356 = LINE('',#2357,#2358);
#2357 = CARTESIAN_POINT('',(-4.2,-11.85,16.));
#2358 = VECTOR('',#2359,1.);
#2359 = DIRECTION('',(0.,0.,1.));
#2360 = PCURVE('',#1275,#2361);
#2361 = DEFINITIONAL_REPRESENTATION('',(#2362),#2366);
#2362 = LINE('',#2363,#2364);
#2363 = CARTESIAN_POINT('',(0.,0.));
#2364 = VECTOR('',#2365,1.);
#2365 = DIRECTION('',(1.,0.));
#2366 = ( GEOMETRIC_REPRESENTATION_CONTEXT(2) 
PARAMETRIC_REPRESENTATION_CONTEXT() REPRESENTATION_CONTEXT('2D SPACE',''
  ) );
#2367 = PCURVE('',#2368,#2373);
#2368 = PLANE('',#2369);
#2369 = AXIS2_PLACEMENT_3D('',#2370,#2371,#2372);
#2370 = CARTESIAN_POINT('',(-4.2,-9.45,16.));
#2371 = DIRECTION('',(1.,-2.22044604925E-16,0.));
#2372 = DIRECTION('',(0.,0.,1.));
#2373 = DEFINITIONAL_REPRESENTATION('',(#2374),#2378);
#2374 = LINE('',#2375,#2376);
#2375 = CARTESIAN_POINT('',(0.,2.4));
#2376 = VECTOR('',#2377,1.);
#2377 = DIRECTION('',(1.,0.));
#2378 = ( GEOMETRIC_REPRESENTATION_CONTEXT(2) 
PARAMETRIC_REPRESENTATION_CONTEXT() REPRESENTATION_CONTEXT('2D SPACE',''
  ) );
#2379 = ORIENTED_EDGE('',*,*,#2380,.T.);
#2380 = EDGE_CURVE('',#2351,#2381,#2383,.T.);
#2381 = VERTEX_POINT('',#2382);
#2382 = CARTESIAN_POINT('',(4.2,-11.85,16.));
#2383 = SURFACE_CURVE('',#2384,(#2388,#2395),.PCURVE_S1.);
#2384 = LINE('',#2385,#2386);
#2385 = CARTESIAN_POINT('',(-4.2,-11.85,16.));
#2386 = VECTOR('',#2387,1.);
#2387 = DIRECTION('',(1.,-2.22044604925E-16,0.));
#2388 = PCURVE('',#1275,#2389);
#2389 = DEFINITIONAL_REPRESENTATION('',(#2390),#2394);
#2390 = LINE('',#2391,#2392);
#2391 = CARTESIAN_POINT('',(0.,0.));
#2392 = VECTOR('',#2393,1.);
#2393 = DIRECTION('',(0.,-1.));
#2394 = ( GEOMETRIC_REPRESENTATION_CONTEXT(2) 
PARAMETRIC_REPRESENTATION_CONTEXT() REPRESENTATION_CONTEXT('2D SPACE',''
  ) );
#2395 = PCURVE('',#2396,#2401);
#2396 = PLANE('',#2397);
#2397 = AXIS2_PLACEMENT_3D('',#2398,#2399,#2400);
#2398 = CARTESIAN_POINT('',(-4.2,-9.45,16.));
#2399 = DIRECTION('',(0.,0.,1.));
#2400 = DIRECTION('',(-2.22044604925E-16,-1.,0.));
#2401 = DEFINITIONAL_REPRESENTATION('',(#2402),#2406);
#2402 = LINE('',#2403,#2404);
#2403 = CARTESIAN_POINT('',(2.4,-3.552713678801E-16));
#2404 = VECTOR('',#2405,1.);
#2405 = DIRECTION('',(0.,1.));
#2406 = ( GEOMETRIC_REPRESENTATION_CONTEXT(2) 
PARAMETRIC_REPRESENTATION_CONTEXT() REPRESENTATION_CONTEXT('2D SPACE',''
  ) );
#2407 = ORIENTED_EDGE('',*,*,#2408,.T.);
#2408 = EDGE_CURVE('',#2381,#2279,#2409,.T.);
#2409 = SURFACE_CURVE('',#2410,(#2414,#2421),.PCURVE_S1.);
#2410 = LINE('',#2411,#2412);
#2411 = CARTESIAN_POINT('',(4.2,-11.85,16.));
#2412 = VECTOR('',#2413,1.);
#2413 = DIRECTION('',(0.,0.,1.));
#2414 = PCURVE('',#1275,#2415);
#2415 = DEFINITIONAL_REPRESENTATION('',(#2416),#2420);
#2416 = LINE('',#2417,#2418);
#2417 = CARTESIAN_POINT('',(0.,-8.4));
#2418 = VECTOR('',#2419,1.);
#2419 = DIRECTION('',(1.,0.));
#2420 = ( GEOMETRIC_REPRESENTATION_CONTEXT(2) 
PARAMETRIC_REPRESENTATION_CONTEXT() REPRESENTATION_CONTEXT('2D SPACE',''
  ) );
#2421 = PCURVE('',#2295,#2422);
#2422 = DEFINITIONAL_REPRESENTATION('',(#2423),#2427);
#2423 = LINE('',#2424,#2425);
#2424 = CARTESIAN_POINT('',(0.,2.4));
#2425 = VECTOR('',#2426,1.);
#2426 = DIRECTION('',(1.,0.));
#2427 = ( GEOMETRIC_REPRESENTATION_CONTEXT(2) 
PARAMETRIC_REPRESENTATION_CONTEXT() REPRESENTATION_CONTEXT('2D SPACE',''
  ) );
#2428 = ORIENTED_EDGE('',*,*,#2328,.T.);
#2429 = ORIENTED_EDGE('',*,*,#1259,.T.);
#2430 = ORIENTED_EDGE('',*,*,#2431,.F.);
#2431 = EDGE_CURVE('',#2353,#1260,#2432,.T.);
#2432 = SURFACE_CURVE('',#2433,(#2436,#2442),.PCURVE_S1.);
#2433 = B_SPLINE_CURVE_WITH_KNOTS('',1,(#2434,#2435),.UNSPECIFIED.,.F.,
  .F.,(2,2),(0.,1.),.PIECEWISE_BEZIER_KNOTS.);
#2434 = CARTESIAN_POINT('',(-4.2,-11.85,27.4));
#2435 = CARTESIAN_POINT('',(-4.8,-11.85,28.));
#2436 = PCURVE('',#1275,#2437);
#2437 = DEFINITIONAL_REPRESENTATION('',(#2438),#2441);
#2438 = B_SPLINE_CURVE_WITH_KNOTS('',1,(#2439,#2440),.UNSPECIFIED.,.F.,
  .F.,(2,2),(0.,1.),.PIECEWISE_BEZIER_KNOTS.);
#2439 = CARTESIAN_POINT('',(11.4,0.));
#2440 = CARTESIAN_POINT('',(12.,0.6));
#2441 = ( GEOMETRIC_REPRESENTATION_CONTEXT(2) 
PARAMETRIC_REPRESENTATION_CONTEXT() REPRESENTATION_CONTEXT('2D SPACE',''
  ) );
#2442 = PCURVE('',#1303,#2443);
#2443 = DEFINITIONAL_REPRESENTATION('',(#2444),#2448);
#2444 = LINE('',#2445,#2446);
#2445 = CARTESIAN_POINT('',(3.,0.));
#2446 = VECTOR('',#2447,1.);
#2447 = DIRECTION('',(0.,1.));
#2448 = ( GEOMETRIC_REPRESENTATION_CONTEXT(2) 
PARAMETRIC_REPRESENTATION_CONTEXT() REPRESENTATION_CONTEXT('2D SPACE',''
  ) );
#2449 = ADVANCED_FACE('',(#2450),#1329,.F.);
#2450 = FACE_BOUND('',#2451,.F.);
#2451 = EDGE_LOOP('',(#2452,#2479,#2499,#2500));
#2452 = ORIENTED_EDGE('',*,*,#2453,.T.);
#2453 = EDGE_CURVE('',#2281,#2454,#2456,.T.);
#2454 = VERTEX_POINT('',#2455);
#2455 = CARTESIAN_POINT('',(-4.2,-9.45,27.4));
#2456 = SURFACE_CURVE('',#2457,(#2461,#2467),.PCURVE_S1.);
#2457 = LINE('',#2458,#2459);
#2458 = CARTESIAN_POINT('',(4.2,-9.45,27.4));
#2459 = VECTOR('',#2460,1.);
#2460 = DIRECTION('',(-1.,2.22044604925E-16,0.));
#2461 = PCURVE('',#1329,#2462);
#2462 = DEFINITIONAL_REPRESENTATION('',(#2463),#2466);
#2463 = B_SPLINE_CURVE_WITH_KNOTS('',1,(#2464,#2465),.UNSPECIFIED.,.F.,
  .F.,(2,2),(0.,8.4),.PIECEWISE_BEZIER_KNOTS.);
#2464 = CARTESIAN_POINT('',(0.,0.));
#2465 = CARTESIAN_POINT('',(9.6,0.));
#2466 = ( GEOMETRIC_REPRESENTATION_CONTEXT(2) 
PARAMETRIC_REPRESENTATION_CONTEXT() REPRESENTATION_CONTEXT('2D SPACE',''
  ) );
#2467 = PCURVE('',#2468,#2473);
#2468 = PLANE('',#2469);
#2469 = AXIS2_PLACEMENT_3D('',#2470,#2471,#2472);
#2470 = CARTESIAN_POINT('',(-4.2,-9.45,16.));
#2471 = DIRECTION('',(-2.22044604925E-16,-1.,0.));
#2472 = DIRECTION('',(0.,0.,1.));
#2473 = DEFINITIONAL_REPRESENTATION('',(#2474),#2478);
#2474 = LINE('',#2475,#2476);
#2475 = CARTESIAN_POINT('',(11.4,-8.4));
#2476 = VECTOR('',#2477,1.);
#2477 = DIRECTION('',(0.,1.));
#2478 = ( GEOMETRIC_REPRESENTATION_CONTEXT(2) 
PARAMETRIC_REPRESENTATION_CONTEXT() REPRESENTATION_CONTEXT('2D SPACE',''
  ) );
#2479 = ORIENTED_EDGE('',*,*,#2480,.T.);
#2480 = EDGE_CURVE('',#2454,#1288,#2481,.T.);
#2481 = SURFACE_CURVE('',#2482,(#2485,#2492),.PCURVE_S1.);
#2482 = B_SPLINE_CURVE_WITH_KNOTS('',1,(#2483,#2484),.UNSPECIFIED.,.F.,
  .F.,(2,2),(0.,1.),.PIECEWISE_BEZIER_KNOTS.);
#2483 = CARTESIAN_POINT('',(-4.2,-9.45,27.4));
#2484 = CARTESIAN_POINT('',(-4.8,-8.85,28.));
#2485 = PCURVE('',#1329,#2486);
#2486 = DEFINITIONAL_REPRESENTATION('',(#2487),#2491);
#2487 = LINE('',#2488,#2489);
#2488 = CARTESIAN_POINT('',(9.6,0.));
#2489 = VECTOR('',#2490,1.);
#2490 = DIRECTION('',(0.,1.));
#2491 = ( GEOMETRIC_REPRESENTATION_CONTEXT(2) 
PARAMETRIC_REPRESENTATION_CONTEXT() REPRESENTATION_CONTEXT('2D SPACE',''
  ) );
#2492 = PCURVE('',#1303,#2493);
#2493 = DEFINITIONAL_REPRESENTATION('',(#2494),#2498);
#2494 = LINE('',#2495,#2496);
#2495 = CARTESIAN_POINT('',(0.,0.));
#2496 = VECTOR('',#2497,1.);
#2497 = DIRECTION('',(0.,1.));
#2498 = ( GEOMETRIC_REPRESENTATION_CONTEXT(2) 
PARAMETRIC_REPRESENTATION_CONTEXT() REPRESENTATION_CONTEXT('2D SPACE',''
  ) );
#2499 = ORIENTED_EDGE('',*,*,#1315,.F.);
#2500 = ORIENTED_EDGE('',*,*,#2307,.F.);
#2501 = ADVANCED_FACE('',(#2502),#1303,.F.);
#2502 = FACE_BOUND('',#2503,.F.);
#2503 = EDGE_LOOP('',(#2504,#2524,#2525,#2526));
#2504 = ORIENTED_EDGE('',*,*,#2505,.T.);
#2505 = EDGE_CURVE('',#2454,#2353,#2506,.T.);
#2506 = SURFACE_CURVE('',#2507,(#2511,#2517),.PCURVE_S1.);
#2507 = LINE('',#2508,#2509);
#2508 = CARTESIAN_POINT('',(-4.2,-9.45,27.4));
#2509 = VECTOR('',#2510,1.);
#2510 = DIRECTION('',(-2.22044604925E-16,-1.,0.));
#2511 = PCURVE('',#1303,#2512);
#2512 = DEFINITIONAL_REPRESENTATION('',(#2513),#2516);
#2513 = B_SPLINE_CURVE_WITH_KNOTS('',1,(#2514,#2515),.UNSPECIFIED.,.F.,
  .F.,(2,2),(0.,2.4),.PIECEWISE_BEZIER_KNOTS.);
#2514 = CARTESIAN_POINT('',(0.,0.));
#2515 = CARTESIAN_POINT('',(3.,0.));
#2516 = ( GEOMETRIC_REPRESENTATION_CONTEXT(2) 
PARAMETRIC_REPRESENTATION_CONTEXT() REPRESENTATION_CONTEXT('2D SPACE',''
  ) );
#2517 = PCURVE('',#2368,#2518);
#2518 = DEFINITIONAL_REPRESENTATION('',(#2519),#2523);
#2519 = LINE('',#2520,#2521);
#2520 = CARTESIAN_POINT('',(11.4,0.));
#2521 = VECTOR('',#2522,1.);
#2522 = DIRECTION('',(0.,1.));
#2523 = ( GEOMETRIC_REPRESENTATION_CONTEXT(2) 
PARAMETRIC_REPRESENTATION_CONTEXT() REPRESENTATION_CONTEXT('2D SPACE',''
  ) );
#2524 = ORIENTED_EDGE('',*,*,#2431,.T.);
#2525 = ORIENTED_EDGE('',*,*,#1287,.F.);
#2526 = ORIENTED_EDGE('',*,*,#2480,.F.);
#2527 = ADVANCED_FACE('',(#2528),#1361,.F.);
#2528 = FACE_BOUND('',#2529,.F.);
#2529 = EDGE_LOOP('',(#2530,#2559,#2579,#2580));
#2530 = ORIENTED_EDGE('',*,*,#2531,.T.);
#2531 = EDGE_CURVE('',#2532,#2534,#2536,.T.);
#2532 = VERTEX_POINT('',#2533);
#2533 = CARTESIAN_POINT('',(-11.85,-4.2,27.4));
#2534 = VERTEX_POINT('',#2535);
#2535 = CARTESIAN_POINT('',(-9.45,-4.2,27.4));
#2536 = SURFACE_CURVE('',#2537,(#2541,#2547),.PCURVE_S1.);
#2537 = LINE('',#2538,#2539);
#2538 = CARTESIAN_POINT('',(-11.85,-4.2,27.4));
#2539 = VECTOR('',#2540,1.);
#2540 = DIRECTION('',(1.,-1.224646799147E-16,0.));
#2541 = PCURVE('',#1361,#2542);
#2542 = DEFINITIONAL_REPRESENTATION('',(#2543),#2546);
#2543 = B_SPLINE_CURVE_WITH_KNOTS('',1,(#2544,#2545),.UNSPECIFIED.,.F.,
  .F.,(2,2),(0.,2.4),.PIECEWISE_BEZIER_KNOTS.);
#2544 = CARTESIAN_POINT('',(0.,0.));
#2545 = CARTESIAN_POINT('',(3.,0.));
#2546 = ( GEOMETRIC_REPRESENTATION_CONTEXT(2) 
PARAMETRIC_REPRESENTATION_CONTEXT() REPRESENTATION_CONTEXT('2D SPACE',''
  ) );
#2547 = PCURVE('',#2548,#2553);
#2548 = PLANE('',#2549);
#2549 = AXIS2_PLACEMENT_3D('',#2550,#2551,#2552);
#2550 = CARTESIAN_POINT('',(-9.45,-4.2,16.));
#2551 = DIRECTION('',(-1.224646799147E-16,-1.,0.));
#2552 = DIRECTION('',(0.,0.,1.));
#2553 = DEFINITIONAL_REPRESENTATION('',(#2554),#2558);
#2554 = LINE('',#2555,#2556);
#2555 = CARTESIAN_POINT('',(11.4,2.4));
#2556 = VECTOR('',#2557,1.);
#2557 = DIRECTION('',(0.,-1.));
#2558 = ( GEOMETRIC_REPRESENTATION_CONTEXT(2) 
PARAMETRIC_REPRESENTATION_CONTEXT() REPRESENTATION_CONTEXT('2D SPACE',''
  ) );
#2559 = ORIENTED_EDGE('',*,*,#2560,.T.);
#2560 = EDGE_CURVE('',#2534,#1346,#2561,.T.);
#2561 = SURFACE_CURVE('',#2562,(#2565,#2572),.PCURVE_S1.);
#2562 = B_SPLINE_CURVE_WITH_KNOTS('',1,(#2563,#2564),.UNSPECIFIED.,.F.,
  .F.,(2,2),(0.,1.),.PIECEWISE_BEZIER_KNOTS.);
#2563 = CARTESIAN_POINT('',(-9.45,-4.2,27.4));
#2564 = CARTESIAN_POINT('',(-8.85,-4.8,28.));
#2565 = PCURVE('',#1361,#2566);
#2566 = DEFINITIONAL_REPRESENTATION('',(#2567),#2571);
#2567 = LINE('',#2568,#2569);
#2568 = CARTESIAN_POINT('',(3.,0.));
#2569 = VECTOR('',#2570,1.);
#2570 = DIRECTION('',(0.,1.));
#2571 = ( GEOMETRIC_REPRESENTATION_CONTEXT(2) 
PARAMETRIC_REPRESENTATION_CONTEXT() REPRESENTATION_CONTEXT('2D SPACE',''
  ) );
#2572 = PCURVE('',#1443,#2573);
#2573 = DEFINITIONAL_REPRESENTATION('',(#2574),#2578);
#2574 = LINE('',#2575,#2576);
#2575 = CARTESIAN_POINT('',(0.,0.));
#2576 = VECTOR('',#2577,1.);
#2577 = DIRECTION('',(0.,1.));
#2578 = ( GEOMETRIC_REPRESENTATION_CONTEXT(2) 
PARAMETRIC_REPRESENTATION_CONTEXT() REPRESENTATION_CONTEXT('2D SPACE',''
  ) );
#2579 = ORIENTED_EDGE('',*,*,#1343,.F.);
#2580 = ORIENTED_EDGE('',*,*,#2581,.F.);
#2581 = EDGE_CURVE('',#2532,#1344,#2582,.T.);
#2582 = SURFACE_CURVE('',#2583,(#2586,#2593),.PCURVE_S1.);
#2583 = B_SPLINE_CURVE_WITH_KNOTS('',1,(#2584,#2585),.UNSPECIFIED.,.F.,
  .F.,(2,2),(0.,1.),.PIECEWISE_BEZIER_KNOTS.);
#2584 = CARTESIAN_POINT('',(-11.85,-4.2,27.4));
#2585 = CARTESIAN_POINT('',(-11.85,-4.8,28.));
#2586 = PCURVE('',#1361,#2587);
#2587 = DEFINITIONAL_REPRESENTATION('',(#2588),#2592);
#2588 = LINE('',#2589,#2590);
#2589 = CARTESIAN_POINT('',(0.,0.));
#2590 = VECTOR('',#2591,1.);
#2591 = DIRECTION('',(0.,1.));
#2592 = ( GEOMETRIC_REPRESENTATION_CONTEXT(2) 
PARAMETRIC_REPRESENTATION_CONTEXT() REPRESENTATION_CONTEXT('2D SPACE',''
  ) );
#2593 = PCURVE('',#1389,#2594);
#2594 = DEFINITIONAL_REPRESENTATION('',(#2595),#2598);
#2595 = B_SPLINE_CURVE_WITH_KNOTS('',1,(#2596,#2597),.UNSPECIFIED.,.F.,
  .F.,(2,2),(0.,1.),.PIECEWISE_BEZIER_KNOTS.);
#2596 = CARTESIAN_POINT('',(11.4,-8.4));
#2597 = CARTESIAN_POINT('',(12.,-9.));
#2598 = ( GEOMETRIC_REPRESENTATION_CONTEXT(2) 
PARAMETRIC_REPRESENTATION_CONTEXT() REPRESENTATION_CONTEXT('2D SPACE',''
  ) );
#2599 = ADVANCED_FACE('',(#2600),#1389,.F.);
#2600 = FACE_BOUND('',#2601,.F.);
#2601 = EDGE_LOOP('',(#2602,#2632,#2660,#2681,#2682,#2683));
#2602 = ORIENTED_EDGE('',*,*,#2603,.F.);
#2603 = EDGE_CURVE('',#2604,#2606,#2608,.T.);
#2604 = VERTEX_POINT('',#2605);
#2605 = CARTESIAN_POINT('',(-11.85,4.2,16.));
#2606 = VERTEX_POINT('',#2607);
#2607 = CARTESIAN_POINT('',(-11.85,4.2,27.4));
#2608 = SURFACE_CURVE('',#2609,(#2613,#2620),.PCURVE_S1.);
#2609 = LINE('',#2610,#2611);
#2610 = CARTESIAN_POINT('',(-11.85,4.2,16.));
#2611 = VECTOR('',#2612,1.);
#2612 = DIRECTION('',(0.,0.,1.));
#2613 = PCURVE('',#1389,#2614);
#2614 = DEFINITIONAL_REPRESENTATION('',(#2615),#2619);
#2615 = LINE('',#2616,#2617);
#2616 = CARTESIAN_POINT('',(0.,0.));
#2617 = VECTOR('',#2618,1.);
#2618 = DIRECTION('',(1.,0.));
#2619 = ( GEOMETRIC_REPRESENTATION_CONTEXT(2) 
PARAMETRIC_REPRESENTATION_CONTEXT() REPRESENTATION_CONTEXT('2D SPACE',''
  ) );
#2620 = PCURVE('',#2621,#2626);
#2621 = PLANE('',#2622);
#2622 = AXIS2_PLACEMENT_3D('',#2623,#2624,#2625);
#2623 = CARTESIAN_POINT('',(-9.45,4.2,16.));
#2624 = DIRECTION('',(-1.224646799147E-16,-1.,0.));
#2625 = DIRECTION('',(0.,0.,1.));
#2626 = DEFINITIONAL_REPRESENTATION('',(#2627),#2631);
#2627 = LINE('',#2628,#2629);
#2628 = CARTESIAN_POINT('',(0.,2.4));
#2629 = VECTOR('',#2630,1.);
#2630 = DIRECTION('',(1.,0.));
#2631 = ( GEOMETRIC_REPRESENTATION_CONTEXT(2) 
PARAMETRIC_REPRESENTATION_CONTEXT() REPRESENTATION_CONTEXT('2D SPACE',''
  ) );
#2632 = ORIENTED_EDGE('',*,*,#2633,.T.);
#2633 = EDGE_CURVE('',#2604,#2634,#2636,.T.);
#2634 = VERTEX_POINT('',#2635);
#2635 = CARTESIAN_POINT('',(-11.85,-4.2,16.));
#2636 = SURFACE_CURVE('',#2637,(#2641,#2648),.PCURVE_S1.);
#2637 = LINE('',#2638,#2639);
#2638 = CARTESIAN_POINT('',(-11.85,4.2,16.));
#2639 = VECTOR('',#2640,1.);
#2640 = DIRECTION('',(-1.224646799147E-16,-1.,0.));
#2641 = PCURVE('',#1389,#2642);
#2642 = DEFINITIONAL_REPRESENTATION('',(#2643),#2647);
#2643 = LINE('',#2644,#2645);
#2644 = CARTESIAN_POINT('',(0.,0.));
#2645 = VECTOR('',#2646,1.);
#2646 = DIRECTION('',(0.,-1.));
#2647 = ( GEOMETRIC_REPRESENTATION_CONTEXT(2) 
PARAMETRIC_REPRESENTATION_CONTEXT() REPRESENTATION_CONTEXT('2D SPACE',''
  ) );
#2648 = PCURVE('',#2649,#2654);
#2649 = PLANE('',#2650);
#2650 = AXIS2_PLACEMENT_3D('',#2651,#2652,#2653);
#2651 = CARTESIAN_POINT('',(-9.45,4.2,16.));
#2652 = DIRECTION('',(0.,0.,1.));
#2653 = DIRECTION('',(-1.,1.224646799147E-16,0.));
#2654 = DEFINITIONAL_REPRESENTATION('',(#2655),#2659);
#2655 = LINE('',#2656,#2657);
#2656 = CARTESIAN_POINT('',(2.4,-5.942631879048E-16));
#2657 = VECTOR('',#2658,1.);
#2658 = DIRECTION('',(0.,1.));
#2659 = ( GEOMETRIC_REPRESENTATION_CONTEXT(2) 
PARAMETRIC_REPRESENTATION_CONTEXT() REPRESENTATION_CONTEXT('2D SPACE',''
  ) );
#2660 = ORIENTED_EDGE('',*,*,#2661,.T.);
#2661 = EDGE_CURVE('',#2634,#2532,#2662,.T.);
#2662 = SURFACE_CURVE('',#2663,(#2667,#2674),.PCURVE_S1.);
#2663 = LINE('',#2664,#2665);
#2664 = CARTESIAN_POINT('',(-11.85,-4.2,16.));
#2665 = VECTOR('',#2666,1.);
#2666 = DIRECTION('',(0.,0.,1.));
#2667 = PCURVE('',#1389,#2668);
#2668 = DEFINITIONAL_REPRESENTATION('',(#2669),#2673);
#2669 = LINE('',#2670,#2671);
#2670 = CARTESIAN_POINT('',(0.,-8.4));
#2671 = VECTOR('',#2672,1.);
#2672 = DIRECTION('',(1.,0.));
#2673 = ( GEOMETRIC_REPRESENTATION_CONTEXT(2) 
PARAMETRIC_REPRESENTATION_CONTEXT() REPRESENTATION_CONTEXT('2D SPACE',''
  ) );
#2674 = PCURVE('',#2548,#2675);
#2675 = DEFINITIONAL_REPRESENTATION('',(#2676),#2680);
#2676 = LINE('',#2677,#2678);
#2677 = CARTESIAN_POINT('',(0.,2.4));
#2678 = VECTOR('',#2679,1.);
#2679 = DIRECTION('',(1.,0.));
#2680 = ( GEOMETRIC_REPRESENTATION_CONTEXT(2) 
PARAMETRIC_REPRESENTATION_CONTEXT() REPRESENTATION_CONTEXT('2D SPACE',''
  ) );
#2681 = ORIENTED_EDGE('',*,*,#2581,.T.);
#2682 = ORIENTED_EDGE('',*,*,#1373,.T.);
#2683 = ORIENTED_EDGE('',*,*,#2684,.F.);
#2684 = EDGE_CURVE('',#2606,#1374,#2685,.T.);
#2685 = SURFACE_CURVE('',#2686,(#2689,#2695),.PCURVE_S1.);
#2686 = B_SPLINE_CURVE_WITH_KNOTS('',1,(#2687,#2688),.UNSPECIFIED.,.F.,
  .F.,(2,2),(0.,1.),.PIECEWISE_BEZIER_KNOTS.);
#2687 = CARTESIAN_POINT('',(-11.85,4.2,27.4));
#2688 = CARTESIAN_POINT('',(-11.85,4.8,28.));
#2689 = PCURVE('',#1389,#2690);
#2690 = DEFINITIONAL_REPRESENTATION('',(#2691),#2694);
#2691 = B_SPLINE_CURVE_WITH_KNOTS('',1,(#2692,#2693),.UNSPECIFIED.,.F.,
  .F.,(2,2),(0.,1.),.PIECEWISE_BEZIER_KNOTS.);
#2692 = CARTESIAN_POINT('',(11.4,0.));
#2693 = CARTESIAN_POINT('',(12.,0.6));
#2694 = ( GEOMETRIC_REPRESENTATION_CONTEXT(2) 
PARAMETRIC_REPRESENTATION_CONTEXT() REPRESENTATION_CONTEXT('2D SPACE',''
  ) );
#2695 = PCURVE('',#1417,#2696);
#2696 = DEFINITIONAL_REPRESENTATION('',(#2697),#2701);
#2697 = LINE('',#2698,#2699);
#2698 = CARTESIAN_POINT('',(3.,0.));
#2699 = VECTOR('',#2700,1.);
#2700 = DIRECTION('',(0.,1.));
#2701 = ( GEOMETRIC_REPRESENTATION_CONTEXT(2) 
PARAMETRIC_REPRESENTATION_CONTEXT() REPRESENTATION_CONTEXT('2D SPACE',''
  ) );
#2702 = ADVANCED_FACE('',(#2703),#1443,.F.);
#2703 = FACE_BOUND('',#2704,.F.);
#2704 = EDGE_LOOP('',(#2705,#2732,#2752,#2753));
#2705 = ORIENTED_EDGE('',*,*,#2706,.T.);
#2706 = EDGE_CURVE('',#2534,#2707,#2709,.T.);
#2707 = VERTEX_POINT('',#2708);
#2708 = CARTESIAN_POINT('',(-9.45,4.2,27.4));
#2709 = SURFACE_CURVE('',#2710,(#2714,#2720),.PCURVE_S1.);
#2710 = LINE('',#2711,#2712);
#2711 = CARTESIAN_POINT('',(-9.45,-4.2,27.4));
#2712 = VECTOR('',#2713,1.);
#2713 = DIRECTION('',(1.224646799147E-16,1.,0.));
#2714 = PCURVE('',#1443,#2715);
#2715 = DEFINITIONAL_REPRESENTATION('',(#2716),#2719);
#2716 = B_SPLINE_CURVE_WITH_KNOTS('',1,(#2717,#2718),.UNSPECIFIED.,.F.,
  .F.,(2,2),(0.,8.4),.PIECEWISE_BEZIER_KNOTS.);
#2717 = CARTESIAN_POINT('',(0.,0.));
#2718 = CARTESIAN_POINT('',(9.6,0.));
#2719 = ( GEOMETRIC_REPRESENTATION_CONTEXT(2) 
PARAMETRIC_REPRESENTATION_CONTEXT() REPRESENTATION_CONTEXT('2D SPACE',''
  ) );
#2720 = PCURVE('',#2721,#2726);
#2721 = PLANE('',#2722);
#2722 = AXIS2_PLACEMENT_3D('',#2723,#2724,#2725);
#2723 = CARTESIAN_POINT('',(-9.45,4.2,16.));
#2724 = DIRECTION('',(-1.,1.224646799147E-16,0.));
#2725 = DIRECTION('',(0.,0.,1.));
#2726 = DEFINITIONAL_REPRESENTATION('',(#2727),#2731);
#2727 = LINE('',#2728,#2729);
#2728 = CARTESIAN_POINT('',(11.4,-8.4));
#2729 = VECTOR('',#2730,1.);
#2730 = DIRECTION('',(0.,1.));
#2731 = ( GEOMETRIC_REPRESENTATION_CONTEXT(2) 
PARAMETRIC_REPRESENTATION_CONTEXT() REPRESENTATION_CONTEXT('2D SPACE',''
  ) );
#2732 = ORIENTED_EDGE('',*,*,#2733,.T.);
#2733 = EDGE_CURVE('',#2707,#1402,#2734,.T.);
#2734 = SURFACE_CURVE('',#2735,(#2738,#2745),.PCURVE_S1.);
#2735 = B_SPLINE_CURVE_WITH_KNOTS('',1,(#2736,#2737),.UNSPECIFIED.,.F.,
  .F.,(2,2),(0.,1.),.PIECEWISE_BEZIER_KNOTS.);
#2736 = CARTESIAN_POINT('',(-9.45,4.2,27.4));
#2737 = CARTESIAN_POINT('',(-8.85,4.8,28.));
#2738 = PCURVE('',#1443,#2739);
#2739 = DEFINITIONAL_REPRESENTATION('',(#2740),#2744);
#2740 = LINE('',#2741,#2742);
#2741 = CARTESIAN_POINT('',(9.6,0.));
#2742 = VECTOR('',#2743,1.);
#2743 = DIRECTION('',(0.,1.));
#2744 = ( GEOMETRIC_REPRESENTATION_CONTEXT(2) 
PARAMETRIC_REPRESENTATION_CONTEXT() REPRESENTATION_CONTEXT('2D SPACE',''
  ) );
#2745 = PCURVE('',#1417,#2746);
#2746 = DEFINITIONAL_REPRESENTATION('',(#2747),#2751);
#2747 = LINE('',#2748,#2749);
#2748 = CARTESIAN_POINT('',(0.,0.));
#2749 = VECTOR('',#2750,1.);
#2750 = DIRECTION('',(0.,1.));
#2751 = ( GEOMETRIC_REPRESENTATION_CONTEXT(2) 
PARAMETRIC_REPRESENTATION_CONTEXT() REPRESENTATION_CONTEXT('2D SPACE',''
  ) );
#2752 = ORIENTED_EDGE('',*,*,#1429,.F.);
#2753 = ORIENTED_EDGE('',*,*,#2560,.F.);
#2754 = ADVANCED_FACE('',(#2755),#1417,.F.);
#2755 = FACE_BOUND('',#2756,.F.);
#2756 = EDGE_LOOP('',(#2757,#2777,#2778,#2779));
#2757 = ORIENTED_EDGE('',*,*,#2758,.T.);
#2758 = EDGE_CURVE('',#2707,#2606,#2759,.T.);
#2759 = SURFACE_CURVE('',#2760,(#2764,#2770),.PCURVE_S1.);
#2760 = LINE('',#2761,#2762);
#2761 = CARTESIAN_POINT('',(-9.45,4.2,27.4));
#2762 = VECTOR('',#2763,1.);
#2763 = DIRECTION('',(-1.,1.224646799147E-16,0.));
#2764 = PCURVE('',#1417,#2765);
#2765 = DEFINITIONAL_REPRESENTATION('',(#2766),#2769);
#2766 = B_SPLINE_CURVE_WITH_KNOTS('',1,(#2767,#2768),.UNSPECIFIED.,.F.,
  .F.,(2,2),(0.,2.4),.PIECEWISE_BEZIER_KNOTS.);
#2767 = CARTESIAN_POINT('',(0.,0.));
#2768 = CARTESIAN_POINT('',(3.,0.));
#2769 = ( GEOMETRIC_REPRESENTATION_CONTEXT(2) 
PARAMETRIC_REPRESENTATION_CONTEXT() REPRESENTATION_CONTEXT('2D SPACE',''
  ) );
#2770 = PCURVE('',#2621,#2771);
#2771 = DEFINITIONAL_REPRESENTATION('',(#2772),#2776);
#2772 = LINE('',#2773,#2774);
#2773 = CARTESIAN_POINT('',(11.4,0.));
#2774 = VECTOR('',#2775,1.);
#2775 = DIRECTION('',(0.,1.));
#2776 = ( GEOMETRIC_REPRESENTATION_CONTEXT(2) 
PARAMETRIC_REPRESENTATION_CONTEXT() REPRESENTATION_CONTEXT('2D SPACE',''
  ) );
#2777 = ORIENTED_EDGE('',*,*,#2684,.T.);
#2778 = ORIENTED_EDGE('',*,*,#1401,.F.);
#2779 = ORIENTED_EDGE('',*,*,#2733,.F.);
#2780 = ADVANCED_FACE('',(#2781),#1478,.F.);
#2781 = FACE_BOUND('',#2782,.T.);
#2782 = EDGE_LOOP('',(#2783,#2812,#2833,#2834));
#2783 = ORIENTED_EDGE('',*,*,#2784,.F.);
#2784 = EDGE_CURVE('',#2785,#2785,#2787,.T.);
#2785 = VERTEX_POINT('',#2786);
#2786 = CARTESIAN_POINT('',(4.,0.,22.));
#2787 = SURFACE_CURVE('',#2788,(#2793,#2800),.PCURVE_S1.);
#2788 = CIRCLE('',#2789,4.);
#2789 = AXIS2_PLACEMENT_3D('',#2790,#2791,#2792);
#2790 = CARTESIAN_POINT('',(0.,0.,22.));
#2791 = DIRECTION('',(0.,0.,1.));
#2792 = DIRECTION('',(1.,0.,0.));
#2793 = PCURVE('',#1478,#2794);
#2794 = DEFINITIONAL_REPRESENTATION('',(#2795),#2799);
#2795 = LINE('',#2796,#2797);
#2796 = CARTESIAN_POINT('',(-0.,0.));
#2797 = VECTOR('',#2798,1.);
#2798 = DIRECTION('',(-1.,0.));
#2799 = ( GEOMETRIC_REPRESENTATION_CONTEXT(2) 
PARAMETRIC_REPRESENTATION_CONTEXT() REPRESENTATION_CONTEXT('2D SPACE',''
  ) );
#2800 = PCURVE('',#2801,#2806);
#2801 = PLANE('',#2802);
#2802 = AXIS2_PLACEMENT_3D('',#2803,#2804,#2805);
#2803 = CARTESIAN_POINT('',(-2.563950248511E-16,7.643776681114E-18,22.)
  );
#2804 = DIRECTION('',(0.,0.,1.));
#2805 = DIRECTION('',(1.,0.,-0.));
#2806 = DEFINITIONAL_REPRESENTATION('',(#2807),#2811);
#2807 = CIRCLE('',#2808,4.);
#2808 = AXIS2_PLACEMENT_2D('',#2809,#2810);
#2809 = CARTESIAN_POINT('',(2.563950248511E-16,-7.643776681114E-18));
#2810 = DIRECTION('',(1.,0.));
#2811 = ( GEOMETRIC_REPRESENTATION_CONTEXT(2) 
PARAMETRIC_REPRESENTATION_CONTEXT() REPRESENTATION_CONTEXT('2D SPACE',''
  ) );
#2812 = ORIENTED_EDGE('',*,*,#2813,.T.);
#2813 = EDGE_CURVE('',#2785,#1458,#2814,.T.);
#2814 = SEAM_CURVE('',#2815,(#2819,#2826),.PCURVE_S1.);
#2815 = LINE('',#2816,#2817);
#2816 = CARTESIAN_POINT('',(4.,0.,22.));
#2817 = VECTOR('',#2818,1.);
#2818 = DIRECTION('',(0.,0.,1.));
#2819 = PCURVE('',#1478,#2820);
#2820 = DEFINITIONAL_REPRESENTATION('',(#2821),#2825);
#2821 = LINE('',#2822,#2823);
#2822 = CARTESIAN_POINT('',(-6.28318530718,0.));
#2823 = VECTOR('',#2824,1.);
#2824 = DIRECTION('',(-0.,-1.));
#2825 = ( GEOMETRIC_REPRESENTATION_CONTEXT(2) 
PARAMETRIC_REPRESENTATION_CONTEXT() REPRESENTATION_CONTEXT('2D SPACE',''
  ) );
#2826 = PCURVE('',#1478,#2827);
#2827 = DEFINITIONAL_REPRESENTATION('',(#2828),#2832);
#2828 = LINE('',#2829,#2830);
#2829 = CARTESIAN_POINT('',(-0.,0.));
#2830 = VECTOR('',#2831,1.);
#2831 = DIRECTION('',(-0.,-1.));
#2832 = ( GEOMETRIC_REPRESENTATION_CONTEXT(2) 
PARAMETRIC_REPRESENTATION_CONTEXT() REPRESENTATION_CONTEXT('2D SPACE',''
  ) );
#2833 = ORIENTED_EDGE('',*,*,#1457,.F.);
#2834 = ORIENTED_EDGE('',*,*,#2813,.F.);
#2835 = ADVANCED_FACE('',(#2836),#1510,.F.);
#2836 = FACE_BOUND('',#2837,.F.);
#2837 = EDGE_LOOP('',(#2838,#2867,#2887,#2888));
#2838 = ORIENTED_EDGE('',*,*,#2839,.T.);
#2839 = EDGE_CURVE('',#2840,#2842,#2844,.T.);
#2840 = VERTEX_POINT('',#2841);
#2841 = CARTESIAN_POINT('',(11.85,4.2,27.4));
#2842 = VERTEX_POINT('',#2843);
#2843 = CARTESIAN_POINT('',(9.45,4.2,27.4));
#2844 = SURFACE_CURVE('',#2845,(#2849,#2855),.PCURVE_S1.);
#2845 = LINE('',#2846,#2847);
#2846 = CARTESIAN_POINT('',(11.85,4.2,27.4));
#2847 = VECTOR('',#2848,1.);
#2848 = DIRECTION('',(-1.,0.,0.));
#2849 = PCURVE('',#1510,#2850);
#2850 = DEFINITIONAL_REPRESENTATION('',(#2851),#2854);
#2851 = B_SPLINE_CURVE_WITH_KNOTS('',1,(#2852,#2853),.UNSPECIFIED.,.F.,
  .F.,(2,2),(0.,2.4),.PIECEWISE_BEZIER_KNOTS.);
#2852 = CARTESIAN_POINT('',(0.,0.));
#2853 = CARTESIAN_POINT('',(3.,0.));
#2854 = ( GEOMETRIC_REPRESENTATION_CONTEXT(2) 
PARAMETRIC_REPRESENTATION_CONTEXT() REPRESENTATION_CONTEXT('2D SPACE',''
  ) );
#2855 = PCURVE('',#2856,#2861);
#2856 = PLANE('',#2857);
#2857 = AXIS2_PLACEMENT_3D('',#2858,#2859,#2860);
#2858 = CARTESIAN_POINT('',(9.45,4.2,16.));
#2859 = DIRECTION('',(0.,1.,0.));
#2860 = DIRECTION('',(0.,0.,1.));
#2861 = DEFINITIONAL_REPRESENTATION('',(#2862),#2866);
#2862 = LINE('',#2863,#2864);
#2863 = CARTESIAN_POINT('',(11.4,2.4));
#2864 = VECTOR('',#2865,1.);
#2865 = DIRECTION('',(0.,-1.));
#2866 = ( GEOMETRIC_REPRESENTATION_CONTEXT(2) 
PARAMETRIC_REPRESENTATION_CONTEXT() REPRESENTATION_CONTEXT('2D SPACE',''
  ) );
#2867 = ORIENTED_EDGE('',*,*,#2868,.T.);
#2868 = EDGE_CURVE('',#2842,#1495,#2869,.T.);
#2869 = SURFACE_CURVE('',#2870,(#2873,#2880),.PCURVE_S1.);
#2870 = B_SPLINE_CURVE_WITH_KNOTS('',1,(#2871,#2872),.UNSPECIFIED.,.F.,
  .F.,(2,2),(0.,1.),.PIECEWISE_BEZIER_KNOTS.);
#2871 = CARTESIAN_POINT('',(9.45,4.2,27.4));
#2872 = CARTESIAN_POINT('',(8.85,4.8,28.));
#2873 = PCURVE('',#1510,#2874);
#2874 = DEFINITIONAL_REPRESENTATION('',(#2875),#2879);
#2875 = LINE('',#2876,#2877);
#2876 = CARTESIAN_POINT('',(3.,0.));
#2877 = VECTOR('',#2878,1.);
#2878 = DIRECTION('',(0.,1.));
#2879 = ( GEOMETRIC_REPRESENTATION_CONTEXT(2) 
PARAMETRIC_REPRESENTATION_CONTEXT() REPRESENTATION_CONTEXT('2D SPACE',''
  ) );
#2880 = PCURVE('',#1592,#2881);
#2881 = DEFINITIONAL_REPRESENTATION('',(#2882),#2886);
#2882 = LINE('',#2883,#2884);
#2883 = CARTESIAN_POINT('',(0.,0.));
#2884 = VECTOR('',#2885,1.);
#2885 = DIRECTION('',(0.,1.));
#2886 = ( GEOMETRIC_REPRESENTATION_CONTEXT(2) 
PARAMETRIC_REPRESENTATION_CONTEXT() REPRESENTATION_CONTEXT('2D SPACE',''
  ) );
#2887 = ORIENTED_EDGE('',*,*,#1492,.F.);
#2888 = ORIENTED_EDGE('',*,*,#2889,.F.);
#2889 = EDGE_CURVE('',#2840,#1493,#2890,.T.);
#2890 = SURFACE_CURVE('',#2891,(#2894,#2901),.PCURVE_S1.);
#2891 = B_SPLINE_CURVE_WITH_KNOTS('',1,(#2892,#2893),.UNSPECIFIED.,.F.,
  .F.,(2,2),(0.,1.),.PIECEWISE_BEZIER_KNOTS.);
#2892 = CARTESIAN_POINT('',(11.85,4.2,27.4));
#2893 = CARTESIAN_POINT('',(11.85,4.8,28.));
#2894 = PCURVE('',#1510,#2895);
#2895 = DEFINITIONAL_REPRESENTATION('',(#2896),#2900);
#2896 = LINE('',#2897,#2898);
#2897 = CARTESIAN_POINT('',(0.,0.));
#2898 = VECTOR('',#2899,1.);
#2899 = DIRECTION('',(0.,1.));
#2900 = ( GEOMETRIC_REPRESENTATION_CONTEXT(2) 
PARAMETRIC_REPRESENTATION_CONTEXT() REPRESENTATION_CONTEXT('2D SPACE',''
  ) );
#2901 = PCURVE('',#1538,#2902);
#2902 = DEFINITIONAL_REPRESENTATION('',(#2903),#2906);
#2903 = B_SPLINE_CURVE_WITH_KNOTS('',1,(#2904,#2905),.UNSPECIFIED.,.F.,
  .F.,(2,2),(0.,1.),.PIECEWISE_BEZIER_KNOTS.);
#2904 = CARTESIAN_POINT('',(11.4,-8.4));
#2905 = CARTESIAN_POINT('',(12.,-9.));
#2906 = ( GEOMETRIC_REPRESENTATION_CONTEXT(2) 
PARAMETRIC_REPRESENTATION_CONTEXT() REPRESENTATION_CONTEXT('2D SPACE',''
  ) );
#2907 = ADVANCED_FACE('',(#2908),#1538,.F.);
#2908 = FACE_BOUND('',#2909,.F.);
#2909 = EDGE_LOOP('',(#2910,#2940,#2968,#2989,#2990,#2991));
#2910 = ORIENTED_EDGE('',*,*,#2911,.F.);
#2911 = EDGE_CURVE('',#2912,#2914,#2916,.T.);
#2912 = VERTEX_POINT('',#2913);
#2913 = CARTESIAN_POINT('',(11.85,-4.2,16.));
#2914 = VERTEX_POINT('',#2915);
#2915 = CARTESIAN_POINT('',(11.85,-4.2,27.4));
#2916 = SURFACE_CURVE('',#2917,(#2921,#2928),.PCURVE_S1.);
#2917 = LINE('',#2918,#2919);
#2918 = CARTESIAN_POINT('',(11.85,-4.2,16.));
#2919 = VECTOR('',#2920,1.);
#2920 = DIRECTION('',(0.,0.,1.));
#2921 = PCURVE('',#1538,#2922);
#2922 = DEFINITIONAL_REPRESENTATION('',(#2923),#2927);
#2923 = LINE('',#2924,#2925);
#2924 = CARTESIAN_POINT('',(0.,0.));
#2925 = VECTOR('',#2926,1.);
#2926 = DIRECTION('',(1.,0.));
#2927 = ( GEOMETRIC_REPRESENTATION_CONTEXT(2) 
PARAMETRIC_REPRESENTATION_CONTEXT() REPRESENTATION_CONTEXT('2D SPACE',''
  ) );
#2928 = PCURVE('',#2929,#2934);
#2929 = PLANE('',#2930);
#2930 = AXIS2_PLACEMENT_3D('',#2931,#2932,#2933);
#2931 = CARTESIAN_POINT('',(9.45,-4.2,16.));
#2932 = DIRECTION('',(0.,1.,0.));
#2933 = DIRECTION('',(0.,0.,1.));
#2934 = DEFINITIONAL_REPRESENTATION('',(#2935),#2939);
#2935 = LINE('',#2936,#2937);
#2936 = CARTESIAN_POINT('',(0.,2.4));
#2937 = VECTOR('',#2938,1.);
#2938 = DIRECTION('',(1.,0.));
#2939 = ( GEOMETRIC_REPRESENTATION_CONTEXT(2) 
PARAMETRIC_REPRESENTATION_CONTEXT() REPRESENTATION_CONTEXT('2D SPACE',''
  ) );
#2940 = ORIENTED_EDGE('',*,*,#2941,.T.);
#2941 = EDGE_CURVE('',#2912,#2942,#2944,.T.);
#2942 = VERTEX_POINT('',#2943);
#2943 = CARTESIAN_POINT('',(11.85,4.2,16.));
#2944 = SURFACE_CURVE('',#2945,(#2949,#2956),.PCURVE_S1.);
#2945 = LINE('',#2946,#2947);
#2946 = CARTESIAN_POINT('',(11.85,-4.2,16.));
#2947 = VECTOR('',#2948,1.);
#2948 = DIRECTION('',(0.,1.,0.));
#2949 = PCURVE('',#1538,#2950);
#2950 = DEFINITIONAL_REPRESENTATION('',(#2951),#2955);
#2951 = LINE('',#2952,#2953);
#2952 = CARTESIAN_POINT('',(0.,0.));
#2953 = VECTOR('',#2954,1.);
#2954 = DIRECTION('',(0.,-1.));
#2955 = ( GEOMETRIC_REPRESENTATION_CONTEXT(2) 
PARAMETRIC_REPRESENTATION_CONTEXT() REPRESENTATION_CONTEXT('2D SPACE',''
  ) );
#2956 = PCURVE('',#2957,#2962);
#2957 = PLANE('',#2958);
#2958 = AXIS2_PLACEMENT_3D('',#2959,#2960,#2961);
#2959 = CARTESIAN_POINT('',(9.45,-4.2,16.));
#2960 = DIRECTION('',(0.,0.,1.));
#2961 = DIRECTION('',(1.,0.,0.));
#2962 = DEFINITIONAL_REPRESENTATION('',(#2963),#2967);
#2963 = LINE('',#2964,#2965);
#2964 = CARTESIAN_POINT('',(2.4,0.));
#2965 = VECTOR('',#2966,1.);
#2966 = DIRECTION('',(0.,1.));
#2967 = ( GEOMETRIC_REPRESENTATION_CONTEXT(2) 
PARAMETRIC_REPRESENTATION_CONTEXT() REPRESENTATION_CONTEXT('2D SPACE',''
  ) );
#2968 = ORIENTED_EDGE('',*,*,#2969,.T.);
#2969 = EDGE_CURVE('',#2942,#2840,#2970,.T.);
#2970 = SURFACE_CURVE('',#2971,(#2975,#2982),.PCURVE_S1.);
#2971 = LINE('',#2972,#2973);
#2972 = CARTESIAN_POINT('',(11.85,4.2,16.));
#2973 = VECTOR('',#2974,1.);
#2974 = DIRECTION('',(0.,0.,1.));
#2975 = PCURVE('',#1538,#2976);
#2976 = DEFINITIONAL_REPRESENTATION('',(#2977),#2981);
#2977 = LINE('',#2978,#2979);
#2978 = CARTESIAN_POINT('',(0.,-8.4));
#2979 = VECTOR('',#2980,1.);
#2980 = DIRECTION('',(1.,0.));
#2981 = ( GEOMETRIC_REPRESENTATION_CONTEXT(2) 
PARAMETRIC_REPRESENTATION_CONTEXT() REPRESENTATION_CONTEXT('2D SPACE',''
  ) );
#2982 = PCURVE('',#2856,#2983);
#2983 = DEFINITIONAL_REPRESENTATION('',(#2984),#2988);
#2984 = LINE('',#2985,#2986);
#2985 = CARTESIAN_POINT('',(0.,2.4));
#2986 = VECTOR('',#2987,1.);
#2987 = DIRECTION('',(1.,0.));
#2988 = ( GEOMETRIC_REPRESENTATION_CONTEXT(2) 
PARAMETRIC_REPRESENTATION_CONTEXT() REPRESENTATION_CONTEXT('2D SPACE',''
  ) );
#2989 = ORIENTED_EDGE('',*,*,#2889,.T.);
#2990 = ORIENTED_EDGE('',*,*,#1522,.T.);
#2991 = ORIENTED_EDGE('',*,*,#2992,.F.);
#2992 = EDGE_CURVE('',#2914,#1523,#2993,.T.);
#2993 = SURFACE_CURVE('',#2994,(#2997,#3003),.PCURVE_S1.);
#2994 = B_SPLINE_CURVE_WITH_KNOTS('',1,(#2995,#2996),.UNSPECIFIED.,.F.,
  .F.,(2,2),(0.,1.),.PIECEWISE_BEZIER_KNOTS.);
#2995 = CARTESIAN_POINT('',(11.85,-4.2,27.4));
#2996 = CARTESIAN_POINT('',(11.85,-4.8,28.));
#2997 = PCURVE('',#1538,#2998);
#2998 = DEFINITIONAL_REPRESENTATION('',(#2999),#3002);
#2999 = B_SPLINE_CURVE_WITH_KNOTS('',1,(#3000,#3001),.UNSPECIFIED.,.F.,
  .F.,(2,2),(0.,1.),.PIECEWISE_BEZIER_KNOTS.);
#3000 = CARTESIAN_POINT('',(11.4,0.));
#3001 = CARTESIAN_POINT('',(12.,0.6));
#3002 = ( GEOMETRIC_REPRESENTATION_CONTEXT(2) 
PARAMETRIC_REPRESENTATION_CONTEXT() REPRESENTATION_CONTEXT('2D SPACE',''
  ) );
#3003 = PCURVE('',#1566,#3004);
#3004 = DEFINITIONAL_REPRESENTATION('',(#3005),#3009);
#3005 = LINE('',#3006,#3007);
#3006 = CARTESIAN_POINT('',(3.,0.));
#3007 = VECTOR('',#3008,1.);
#3008 = DIRECTION('',(0.,1.));
#3009 = ( GEOMETRIC_REPRESENTATION_CONTEXT(2) 
PARAMETRIC_REPRESENTATION_CONTEXT() REPRESENTATION_CONTEXT('2D SPACE',''
  ) );
#3010 = ADVANCED_FACE('',(#3011),#1592,.F.);
#3011 = FACE_BOUND('',#3012,.F.);
#3012 = EDGE_LOOP('',(#3013,#3040,#3060,#3061));
#3013 = ORIENTED_EDGE('',*,*,#3014,.T.);
#3014 = EDGE_CURVE('',#2842,#3015,#3017,.T.);
#3015 = VERTEX_POINT('',#3016);
#3016 = CARTESIAN_POINT('',(9.45,-4.2,27.4));
#3017 = SURFACE_CURVE('',#3018,(#3022,#3028),.PCURVE_S1.);
#3018 = LINE('',#3019,#3020);
#3019 = CARTESIAN_POINT('',(9.45,4.2,27.4));
#3020 = VECTOR('',#3021,1.);
#3021 = DIRECTION('',(0.,-1.,0.));
#3022 = PCURVE('',#1592,#3023);
#3023 = DEFINITIONAL_REPRESENTATION('',(#3024),#3027);
#3024 = B_SPLINE_CURVE_WITH_KNOTS('',1,(#3025,#3026),.UNSPECIFIED.,.F.,
  .F.,(2,2),(0.,8.4),.PIECEWISE_BEZIER_KNOTS.);
#3025 = CARTESIAN_POINT('',(0.,0.));
#3026 = CARTESIAN_POINT('',(9.6,0.));
#3027 = ( GEOMETRIC_REPRESENTATION_CONTEXT(2) 
PARAMETRIC_REPRESENTATION_CONTEXT() REPRESENTATION_CONTEXT('2D SPACE',''
  ) );
#3028 = PCURVE('',#3029,#3034);
#3029 = PLANE('',#3030);
#3030 = AXIS2_PLACEMENT_3D('',#3031,#3032,#3033);
#3031 = CARTESIAN_POINT('',(9.45,-4.2,16.));
#3032 = DIRECTION('',(1.,0.,0.));
#3033 = DIRECTION('',(0.,0.,1.));
#3034 = DEFINITIONAL_REPRESENTATION('',(#3035),#3039);
#3035 = LINE('',#3036,#3037);
#3036 = CARTESIAN_POINT('',(11.4,-8.4));
#3037 = VECTOR('',#3038,1.);
#3038 = DIRECTION('',(0.,1.));
#3039 = ( GEOMETRIC_REPRESENTATION_CONTEXT(2) 
PARAMETRIC_REPRESENTATION_CONTEXT() REPRESENTATION_CONTEXT('2D SPACE',''
  ) );
#3040 = ORIENTED_EDGE('',*,*,#3041,.T.);
#3041 = EDGE_CURVE('',#3015,#1551,#3042,.T.);
#3042 = SURFACE_CURVE('',#3043,(#3046,#3053),.PCURVE_S1.);
#3043 = B_SPLINE_CURVE_WITH_KNOTS('',1,(#3044,#3045),.UNSPECIFIED.,.F.,
  .F.,(2,2),(0.,1.),.PIECEWISE_BEZIER_KNOTS.);
#3044 = CARTESIAN_POINT('',(9.45,-4.2,27.4));
#3045 = CARTESIAN_POINT('',(8.85,-4.8,28.));
#3046 = PCURVE('',#1592,#3047);
#3047 = DEFINITIONAL_REPRESENTATION('',(#3048),#3052);
#3048 = LINE('',#3049,#3050);
#3049 = CARTESIAN_POINT('',(9.6,0.));
#3050 = VECTOR('',#3051,1.);
#3051 = DIRECTION('',(0.,1.));
#3052 = ( GEOMETRIC_REPRESENTATION_CONTEXT(2) 
PARAMETRIC_REPRESENTATION_CONTEXT() REPRESENTATION_CONTEXT('2D SPACE',''
  ) );
#3053 = PCURVE('',#1566,#3054);
#3054 = DEFINITIONAL_REPRESENTATION('',(#3055),#3059);
#3055 = LINE('',#3056,#3057);
#3056 = CARTESIAN_POINT('',(0.,0.));
#3057 = VECTOR('',#3058,1.);
#3058 = DIRECTION('',(0.,1.));
#3059 = ( GEOMETRIC_REPRESENTATION_CONTEXT(2) 
PARAMETRIC_REPRESENTATION_CONTEXT() REPRESENTATION_CONTEXT('2D SPACE',''
  ) );
#3060 = ORIENTED_EDGE('',*,*,#1578,.F.);
#3061 = ORIENTED_EDGE('',*,*,#2868,.F.);
#3062 = ADVANCED_FACE('',(#3063),#1566,.F.);
#3063 = FACE_BOUND('',#3064,.F.);
#3064 = EDGE_LOOP('',(#3065,#3085,#3086,#3087));
#3065 = ORIENTED_EDGE('',*,*,#3066,.T.);
#3066 = EDGE_CURVE('',#3015,#2914,#3067,.T.);
#3067 = SURFACE_CURVE('',#3068,(#3072,#3078),.PCURVE_S1.);
#3068 = LINE('',#3069,#3070);
#3069 = CARTESIAN_POINT('',(9.45,-4.2,27.4));
#3070 = VECTOR('',#3071,1.);
#3071 = DIRECTION('',(1.,0.,0.));
#3072 = PCURVE('',#1566,#3073);
#3073 = DEFINITIONAL_REPRESENTATION('',(#3074),#3077);
#3074 = B_SPLINE_CURVE_WITH_KNOTS('',1,(#3075,#3076),.UNSPECIFIED.,.F.,
  .F.,(2,2),(0.,2.4),.PIECEWISE_BEZIER_KNOTS.);
#3075 = CARTESIAN_POINT('',(0.,0.));
#3076 = CARTESIAN_POINT('',(3.,0.));
#3077 = ( GEOMETRIC_REPRESENTATION_CONTEXT(2) 
PARAMETRIC_REPRESENTATION_CONTEXT() REPRESENTATION_CONTEXT('2D SPACE',''
  ) );
#3078 = PCURVE('',#2929,#3079);
#3079 = DEFINITIONAL_REPRESENTATION('',(#3080),#3084);
#3080 = LINE('',#3081,#3082);
#3081 = CARTESIAN_POINT('',(11.4,0.));
#3082 = VECTOR('',#3083,1.);
#3083 = DIRECTION('',(0.,1.));
#3084 = ( GEOMETRIC_REPRESENTATION_CONTEXT(2) 
PARAMETRIC_REPRESENTATION_CONTEXT() REPRESENTATION_CONTEXT('2D SPACE',''
  ) );
#3085 = ORIENTED_EDGE('',*,*,#2992,.T.);
#3086 = ORIENTED_EDGE('',*,*,#1550,.F.);
#3087 = ORIENTED_EDGE('',*,*,#3041,.F.);
#3088 = ADVANCED_FACE('',(#3089),#1624,.F.);
#3089 = FACE_BOUND('',#3090,.F.);
#3090 = EDGE_LOOP('',(#3091,#3120,#3140,#3141));
#3091 = ORIENTED_EDGE('',*,*,#3092,.T.);
#3092 = EDGE_CURVE('',#3093,#3095,#3097,.T.);
#3093 = VERTEX_POINT('',#3094);
#3094 = CARTESIAN_POINT('',(-4.2,11.85,27.4));
#3095 = VERTEX_POINT('',#3096);
#3096 = CARTESIAN_POINT('',(-4.2,9.45,27.4));
#3097 = SURFACE_CURVE('',#3098,(#3102,#3108),.PCURVE_S1.);
#3098 = LINE('',#3099,#3100);
#3099 = CARTESIAN_POINT('',(-4.2,11.85,27.4));
#3100 = VECTOR('',#3101,1.);
#3101 = DIRECTION('',(-1.110223024625E-16,-1.,0.));
#3102 = PCURVE('',#1624,#3103);
#3103 = DEFINITIONAL_REPRESENTATION('',(#3104),#3107);
#3104 = B_SPLINE_CURVE_WITH_KNOTS('',1,(#3105,#3106),.UNSPECIFIED.,.F.,
  .F.,(2,2),(0.,2.4),.PIECEWISE_BEZIER_KNOTS.);
#3105 = CARTESIAN_POINT('',(0.,0.));
#3106 = CARTESIAN_POINT('',(3.,0.));
#3107 = ( GEOMETRIC_REPRESENTATION_CONTEXT(2) 
PARAMETRIC_REPRESENTATION_CONTEXT() REPRESENTATION_CONTEXT('2D SPACE',''
  ) );
#3108 = PCURVE('',#3109,#3114);
#3109 = PLANE('',#3110);
#3110 = AXIS2_PLACEMENT_3D('',#3111,#3112,#3113);
#3111 = CARTESIAN_POINT('',(-4.2,9.45,16.));
#3112 = DIRECTION('',(-1.,1.110223024625E-16,0.));
#3113 = DIRECTION('',(0.,0.,1.));
#3114 = DEFINITIONAL_REPRESENTATION('',(#3115),#3119);
#3115 = LINE('',#3116,#3117);
#3116 = CARTESIAN_POINT('',(11.4,2.4));
#3117 = VECTOR('',#3118,1.);
#3118 = DIRECTION('',(0.,-1.));
#3119 = ( GEOMETRIC_REPRESENTATION_CONTEXT(2) 
PARAMETRIC_REPRESENTATION_CONTEXT() REPRESENTATION_CONTEXT('2D SPACE',''
  ) );
#3120 = ORIENTED_EDGE('',*,*,#3121,.T.);
#3121 = EDGE_CURVE('',#3095,#1609,#3122,.T.);
#3122 = SURFACE_CURVE('',#3123,(#3126,#3133),.PCURVE_S1.);
#3123 = B_SPLINE_CURVE_WITH_KNOTS('',1,(#3124,#3125),.UNSPECIFIED.,.F.,
  .F.,(2,2),(0.,1.),.PIECEWISE_BEZIER_KNOTS.);
#3124 = CARTESIAN_POINT('',(-4.2,9.45,27.4));
#3125 = CARTESIAN_POINT('',(-4.8,8.85,28.));
#3126 = PCURVE('',#1624,#3127);
#3127 = DEFINITIONAL_REPRESENTATION('',(#3128),#3132);
#3128 = LINE('',#3129,#3130);
#3129 = CARTESIAN_POINT('',(3.,0.));
#3130 = VECTOR('',#3131,1.);
#3131 = DIRECTION('',(0.,1.));
#3132 = ( GEOMETRIC_REPRESENTATION_CONTEXT(2) 
PARAMETRIC_REPRESENTATION_CONTEXT() REPRESENTATION_CONTEXT('2D SPACE',''
  ) );
#3133 = PCURVE('',#1706,#3134);
#3134 = DEFINITIONAL_REPRESENTATION('',(#3135),#3139);
#3135 = LINE('',#3136,#3137);
#3136 = CARTESIAN_POINT('',(0.,0.));
#3137 = VECTOR('',#3138,1.);
#3138 = DIRECTION('',(0.,1.));
#3139 = ( GEOMETRIC_REPRESENTATION_CONTEXT(2) 
PARAMETRIC_REPRESENTATION_CONTEXT() REPRESENTATION_CONTEXT('2D SPACE',''
  ) );
#3140 = ORIENTED_EDGE('',*,*,#1606,.F.);
#3141 = ORIENTED_EDGE('',*,*,#3142,.F.);
#3142 = EDGE_CURVE('',#3093,#1607,#3143,.T.);
#3143 = SURFACE_CURVE('',#3144,(#3147,#3154),.PCURVE_S1.);
#3144 = B_SPLINE_CURVE_WITH_KNOTS('',1,(#3145,#3146),.UNSPECIFIED.,.F.,
  .F.,(2,2),(0.,1.),.PIECEWISE_BEZIER_KNOTS.);
#3145 = CARTESIAN_POINT('',(-4.2,11.85,27.4));
#3146 = CARTESIAN_POINT('',(-4.8,11.85,28.));
#3147 = PCURVE('',#1624,#3148);
#3148 = DEFINITIONAL_REPRESENTATION('',(#3149),#3153);
#3149 = LINE('',#3150,#3151);
#3150 = CARTESIAN_POINT('',(0.,0.));
#3151 = VECTOR('',#3152,1.);
#3152 = DIRECTION('',(0.,1.));
#3153 = ( GEOMETRIC_REPRESENTATION_CONTEXT(2) 
PARAMETRIC_REPRESENTATION_CONTEXT() REPRESENTATION_CONTEXT('2D SPACE',''
  ) );
#3154 = PCURVE('',#1652,#3155);
#3155 = DEFINITIONAL_REPRESENTATION('',(#3156),#3159);
#3156 = B_SPLINE_CURVE_WITH_KNOTS('',1,(#3157,#3158),.UNSPECIFIED.,.F.,
  .F.,(2,2),(0.,1.),.PIECEWISE_BEZIER_KNOTS.);
#3157 = CARTESIAN_POINT('',(11.4,-8.4));
#3158 = CARTESIAN_POINT('',(12.,-9.));
#3159 = ( GEOMETRIC_REPRESENTATION_CONTEXT(2) 
PARAMETRIC_REPRESENTATION_CONTEXT() REPRESENTATION_CONTEXT('2D SPACE',''
  ) );
#3160 = ADVANCED_FACE('',(#3161),#1652,.F.);
#3161 = FACE_BOUND('',#3162,.F.);
#3162 = EDGE_LOOP('',(#3163,#3193,#3221,#3242,#3243,#3244));
#3163 = ORIENTED_EDGE('',*,*,#3164,.F.);
#3164 = EDGE_CURVE('',#3165,#3167,#3169,.T.);
#3165 = VERTEX_POINT('',#3166);
#3166 = CARTESIAN_POINT('',(4.2,11.85,16.));
#3167 = VERTEX_POINT('',#3168);
#3168 = CARTESIAN_POINT('',(4.2,11.85,27.4));
#3169 = SURFACE_CURVE('',#3170,(#3174,#3181),.PCURVE_S1.);
#3170 = LINE('',#3171,#3172);
#3171 = CARTESIAN_POINT('',(4.2,11.85,16.));
#3172 = VECTOR('',#3173,1.);
#3173 = DIRECTION('',(0.,0.,1.));
#3174 = PCURVE('',#1652,#3175);
#3175 = DEFINITIONAL_REPRESENTATION('',(#3176),#3180);
#3176 = LINE('',#3177,#3178);
#3177 = CARTESIAN_POINT('',(0.,0.));
#3178 = VECTOR('',#3179,1.);
#3179 = DIRECTION('',(1.,0.));
#3180 = ( GEOMETRIC_REPRESENTATION_CONTEXT(2) 
PARAMETRIC_REPRESENTATION_CONTEXT() REPRESENTATION_CONTEXT('2D SPACE',''
  ) );
#3181 = PCURVE('',#3182,#3187);
#3182 = PLANE('',#3183);
#3183 = AXIS2_PLACEMENT_3D('',#3184,#3185,#3186);
#3184 = CARTESIAN_POINT('',(4.2,9.45,16.));
#3185 = DIRECTION('',(-1.,1.110223024625E-16,0.));
#3186 = DIRECTION('',(0.,0.,1.));
#3187 = DEFINITIONAL_REPRESENTATION('',(#3188),#3192);
#3188 = LINE('',#3189,#3190);
#3189 = CARTESIAN_POINT('',(0.,2.4));
#3190 = VECTOR('',#3191,1.);
#3191 = DIRECTION('',(1.,0.));
#3192 = ( GEOMETRIC_REPRESENTATION_CONTEXT(2) 
PARAMETRIC_REPRESENTATION_CONTEXT() REPRESENTATION_CONTEXT('2D SPACE',''
  ) );
#3193 = ORIENTED_EDGE('',*,*,#3194,.T.);
#3194 = EDGE_CURVE('',#3165,#3195,#3197,.T.);
#3195 = VERTEX_POINT('',#3196);
#3196 = CARTESIAN_POINT('',(-4.2,11.85,16.));
#3197 = SURFACE_CURVE('',#3198,(#3202,#3209),.PCURVE_S1.);
#3198 = LINE('',#3199,#3200);
#3199 = CARTESIAN_POINT('',(4.2,11.85,16.));
#3200 = VECTOR('',#3201,1.);
#3201 = DIRECTION('',(-1.,1.110223024625E-16,0.));
#3202 = PCURVE('',#1652,#3203);
#3203 = DEFINITIONAL_REPRESENTATION('',(#3204),#3208);
#3204 = LINE('',#3205,#3206);
#3205 = CARTESIAN_POINT('',(0.,0.));
#3206 = VECTOR('',#3207,1.);
#3207 = DIRECTION('',(0.,-1.));
#3208 = ( GEOMETRIC_REPRESENTATION_CONTEXT(2) 
PARAMETRIC_REPRESENTATION_CONTEXT() REPRESENTATION_CONTEXT('2D SPACE',''
  ) );
#3209 = PCURVE('',#3210,#3215);
#3210 = PLANE('',#3211);
#3211 = AXIS2_PLACEMENT_3D('',#3212,#3213,#3214);
#3212 = CARTESIAN_POINT('',(4.2,9.45,16.));
#3213 = DIRECTION('',(0.,0.,1.));
#3214 = DIRECTION('',(1.110223024625E-16,1.,0.));
#3215 = DEFINITIONAL_REPRESENTATION('',(#3216),#3220);
#3216 = LINE('',#3217,#3218);
#3217 = CARTESIAN_POINT('',(2.4,2.6645352591E-16));
#3218 = VECTOR('',#3219,1.);
#3219 = DIRECTION('',(0.,1.));
#3220 = ( GEOMETRIC_REPRESENTATION_CONTEXT(2) 
PARAMETRIC_REPRESENTATION_CONTEXT() REPRESENTATION_CONTEXT('2D SPACE',''
  ) );
#3221 = ORIENTED_EDGE('',*,*,#3222,.T.);
#3222 = EDGE_CURVE('',#3195,#3093,#3223,.T.);
#3223 = SURFACE_CURVE('',#3224,(#3228,#3235),.PCURVE_S1.);
#3224 = LINE('',#3225,#3226);
#3225 = CARTESIAN_POINT('',(-4.2,11.85,16.));
#3226 = VECTOR('',#3227,1.);
#3227 = DIRECTION('',(0.,0.,1.));
#3228 = PCURVE('',#1652,#3229);
#3229 = DEFINITIONAL_REPRESENTATION('',(#3230),#3234);
#3230 = LINE('',#3231,#3232);
#3231 = CARTESIAN_POINT('',(0.,-8.4));
#3232 = VECTOR('',#3233,1.);
#3233 = DIRECTION('',(1.,0.));
#3234 = ( GEOMETRIC_REPRESENTATION_CONTEXT(2) 
PARAMETRIC_REPRESENTATION_CONTEXT() REPRESENTATION_CONTEXT('2D SPACE',''
  ) );
#3235 = PCURVE('',#3109,#3236);
#3236 = DEFINITIONAL_REPRESENTATION('',(#3237),#3241);
#3237 = LINE('',#3238,#3239);
#3238 = CARTESIAN_POINT('',(0.,2.4));
#3239 = VECTOR('',#3240,1.);
#3240 = DIRECTION('',(1.,0.));
#3241 = ( GEOMETRIC_REPRESENTATION_CONTEXT(2) 
PARAMETRIC_REPRESENTATION_CONTEXT() REPRESENTATION_CONTEXT('2D SPACE',''
  ) );
#3242 = ORIENTED_EDGE('',*,*,#3142,.T.);
#3243 = ORIENTED_EDGE('',*,*,#1636,.T.);
#3244 = ORIENTED_EDGE('',*,*,#3245,.F.);
#3245 = EDGE_CURVE('',#3167,#1637,#3246,.T.);
#3246 = SURFACE_CURVE('',#3247,(#3250,#3256),.PCURVE_S1.);
#3247 = B_SPLINE_CURVE_WITH_KNOTS('',1,(#3248,#3249),.UNSPECIFIED.,.F.,
  .F.,(2,2),(0.,1.),.PIECEWISE_BEZIER_KNOTS.);
#3248 = CARTESIAN_POINT('',(4.2,11.85,27.4));
#3249 = CARTESIAN_POINT('',(4.8,11.85,28.));
#3250 = PCURVE('',#1652,#3251);
#3251 = DEFINITIONAL_REPRESENTATION('',(#3252),#3255);
#3252 = B_SPLINE_CURVE_WITH_KNOTS('',1,(#3253,#3254),.UNSPECIFIED.,.F.,
  .F.,(2,2),(0.,1.),.PIECEWISE_BEZIER_KNOTS.);
#3253 = CARTESIAN_POINT('',(11.4,0.));
#3254 = CARTESIAN_POINT('',(12.,0.6));
#3255 = ( GEOMETRIC_REPRESENTATION_CONTEXT(2) 
PARAMETRIC_REPRESENTATION_CONTEXT() REPRESENTATION_CONTEXT('2D SPACE',''
  ) );
#3256 = PCURVE('',#1680,#3257);
#3257 = DEFINITIONAL_REPRESENTATION('',(#3258),#3262);
#3258 = LINE('',#3259,#3260);
#3259 = CARTESIAN_POINT('',(3.,0.));
#3260 = VECTOR('',#3261,1.);
#3261 = DIRECTION('',(0.,1.));
#3262 = ( GEOMETRIC_REPRESENTATION_CONTEXT(2) 
PARAMETRIC_REPRESENTATION_CONTEXT() REPRESENTATION_CONTEXT('2D SPACE',''
  ) );
#3263 = ADVANCED_FACE('',(#3264),#1706,.F.);
#3264 = FACE_BOUND('',#3265,.F.);
#3265 = EDGE_LOOP('',(#3266,#3293,#3313,#3314));
#3266 = ORIENTED_EDGE('',*,*,#3267,.T.);
#3267 = EDGE_CURVE('',#3095,#3268,#3270,.T.);
#3268 = VERTEX_POINT('',#3269);
#3269 = CARTESIAN_POINT('',(4.2,9.45,27.4));
#3270 = SURFACE_CURVE('',#3271,(#3275,#3281),.PCURVE_S1.);
#3271 = LINE('',#3272,#3273);
#3272 = CARTESIAN_POINT('',(-4.2,9.45,27.4));
#3273 = VECTOR('',#3274,1.);
#3274 = DIRECTION('',(1.,-1.110223024625E-16,0.));
#3275 = PCURVE('',#1706,#3276);
#3276 = DEFINITIONAL_REPRESENTATION('',(#3277),#3280);
#3277 = B_SPLINE_CURVE_WITH_KNOTS('',1,(#3278,#3279),.UNSPECIFIED.,.F.,
  .F.,(2,2),(0.,8.4),.PIECEWISE_BEZIER_KNOTS.);
#3278 = CARTESIAN_POINT('',(0.,0.));
#3279 = CARTESIAN_POINT('',(9.6,0.));
#3280 = ( GEOMETRIC_REPRESENTATION_CONTEXT(2) 
PARAMETRIC_REPRESENTATION_CONTEXT() REPRESENTATION_CONTEXT('2D SPACE',''
  ) );
#3281 = PCURVE('',#3282,#3287);
#3282 = PLANE('',#3283);
#3283 = AXIS2_PLACEMENT_3D('',#3284,#3285,#3286);
#3284 = CARTESIAN_POINT('',(4.2,9.45,16.));
#3285 = DIRECTION('',(1.110223024625E-16,1.,0.));
#3286 = DIRECTION('',(0.,0.,1.));
#3287 = DEFINITIONAL_REPRESENTATION('',(#3288),#3292);
#3288 = LINE('',#3289,#3290);
#3289 = CARTESIAN_POINT('',(11.4,-8.4));
#3290 = VECTOR('',#3291,1.);
#3291 = DIRECTION('',(0.,1.));
#3292 = ( GEOMETRIC_REPRESENTATION_CONTEXT(2) 
PARAMETRIC_REPRESENTATION_CONTEXT() REPRESENTATION_CONTEXT('2D SPACE',''
  ) );
#3293 = ORIENTED_EDGE('',*,*,#3294,.T.);
#3294 = EDGE_CURVE('',#3268,#1665,#3295,.T.);
#3295 = SURFACE_CURVE('',#3296,(#3299,#3306),.PCURVE_S1.);
#3296 = B_SPLINE_CURVE_WITH_KNOTS('',1,(#3297,#3298),.UNSPECIFIED.,.F.,
  .F.,(2,2),(0.,1.),.PIECEWISE_BEZIER_KNOTS.);
#3297 = CARTESIAN_POINT('',(4.2,9.45,27.4));
#3298 = CARTESIAN_POINT('',(4.8,8.85,28.));
#3299 = PCURVE('',#1706,#3300);
#3300 = DEFINITIONAL_REPRESENTATION('',(#3301),#3305);
#3301 = LINE('',#3302,#3303);
#3302 = CARTESIAN_POINT('',(9.6,0.));
#3303 = VECTOR('',#3304,1.);
#3304 = DIRECTION('',(0.,1.));
#3305 = ( GEOMETRIC_REPRESENTATION_CONTEXT(2) 
PARAMETRIC_REPRESENTATION_CONTEXT() REPRESENTATION_CONTEXT('2D SPACE',''
  ) );
#3306 = PCURVE('',#1680,#3307);
#3307 = DEFINITIONAL_REPRESENTATION('',(#3308),#3312);
#3308 = LINE('',#3309,#3310);
#3309 = CARTESIAN_POINT('',(0.,0.));
#3310 = VECTOR('',#3311,1.);
#3311 = DIRECTION('',(0.,1.));
#3312 = ( GEOMETRIC_REPRESENTATION_CONTEXT(2) 
PARAMETRIC_REPRESENTATION_CONTEXT() REPRESENTATION_CONTEXT('2D SPACE',''
  ) );
#3313 = ORIENTED_EDGE('',*,*,#1692,.F.);
#3314 = ORIENTED_EDGE('',*,*,#3121,.F.);
#3315 = ADVANCED_FACE('',(#3316),#1680,.F.);
#3316 = FACE_BOUND('',#3317,.F.);
#3317 = EDGE_LOOP('',(#3318,#3338,#3339,#3340));
#3318 = ORIENTED_EDGE('',*,*,#3319,.T.);
#3319 = EDGE_CURVE('',#3268,#3167,#3320,.T.);
#3320 = SURFACE_CURVE('',#3321,(#3325,#3331),.PCURVE_S1.);
#3321 = LINE('',#3322,#3323);
#3322 = CARTESIAN_POINT('',(4.2,9.45,27.4));
#3323 = VECTOR('',#3324,1.);
#3324 = DIRECTION('',(1.110223024625E-16,1.,0.));
#3325 = PCURVE('',#1680,#3326);
#3326 = DEFINITIONAL_REPRESENTATION('',(#3327),#3330);
#3327 = B_SPLINE_CURVE_WITH_KNOTS('',1,(#3328,#3329),.UNSPECIFIED.,.F.,
  .F.,(2,2),(0.,2.4),.PIECEWISE_BEZIER_KNOTS.);
#3328 = CARTESIAN_POINT('',(0.,0.));
#3329 = CARTESIAN_POINT('',(3.,0.));
#3330 = ( GEOMETRIC_REPRESENTATION_CONTEXT(2) 
PARAMETRIC_REPRESENTATION_CONTEXT() REPRESENTATION_CONTEXT('2D SPACE',''
  ) );
#3331 = PCURVE('',#3182,#3332);
#3332 = DEFINITIONAL_REPRESENTATION('',(#3333),#3337);
#3333 = LINE('',#3334,#3335);
#3334 = CARTESIAN_POINT('',(11.4,-1.7763568394E-15));
#3335 = VECTOR('',#3336,1.);
#3336 = DIRECTION('',(0.,1.));
#3337 = ( GEOMETRIC_REPRESENTATION_CONTEXT(2) 
PARAMETRIC_REPRESENTATION_CONTEXT() REPRESENTATION_CONTEXT('2D SPACE',''
  ) );
#3338 = ORIENTED_EDGE('',*,*,#3245,.T.);
#3339 = ORIENTED_EDGE('',*,*,#1664,.F.);
#3340 = ORIENTED_EDGE('',*,*,#3294,.F.);
#3341 = ADVANCED_FACE('',(#3342),#1789,.T.);
#3342 = FACE_BOUND('',#3343,.T.);
#3343 = EDGE_LOOP('',(#3344,#3367,#3388,#3389));
#3344 = ORIENTED_EDGE('',*,*,#3345,.T.);
#3345 = EDGE_CURVE('',#1746,#3346,#3348,.T.);
#3346 = VERTEX_POINT('',#3347);
#3347 = CARTESIAN_POINT('',(-4.064170573075,10.003867535042,8.));
#3348 = SURFACE_CURVE('',#3349,(#3353,#3360),.PCURVE_S1.);
#3349 = LINE('',#3350,#3351);
#3350 = CARTESIAN_POINT('',(-6.326912272872,12.266609234839,8.));
#3351 = VECTOR('',#3352,1.);
#3352 = DIRECTION('',(0.707106781187,-0.707106781187,1.110223024625E-16)
  );
#3353 = PCURVE('',#1789,#3354);
#3354 = DEFINITIONAL_REPRESENTATION('',(#3355),#3359);
#3355 = LINE('',#3356,#3357);
#3356 = CARTESIAN_POINT('',(0.,0.));
#3357 = VECTOR('',#3358,1.);
#3358 = DIRECTION('',(1.11556261075E-17,-1.));
#3359 = ( GEOMETRIC_REPRESENTATION_CONTEXT(2) 
PARAMETRIC_REPRESENTATION_CONTEXT() REPRESENTATION_CONTEXT('2D SPACE',''
  ) );
#3360 = PCURVE('',#1761,#3361);
#3361 = DEFINITIONAL_REPRESENTATION('',(#3362),#3366);
#3362 = LINE('',#3363,#3364);
#3363 = CARTESIAN_POINT('',(3.2,9.738078445965E-16));
#3364 = VECTOR('',#3365,1.);
#3365 = DIRECTION('',(-1.659994950813E-17,-1.));
#3366 = ( GEOMETRIC_REPRESENTATION_CONTEXT(2) 
PARAMETRIC_REPRESENTATION_CONTEXT() REPRESENTATION_CONTEXT('2D SPACE',''
  ) );
#3367 = ORIENTED_EDGE('',*,*,#3368,.T.);
#3368 = EDGE_CURVE('',#3346,#1854,#3369,.T.);
#3369 = SURFACE_CURVE('',#3370,(#3374,#3381),.PCURVE_S1.);
#3370 = LINE('',#3371,#3372);
#3371 = CARTESIAN_POINT('',(-4.064170573075,10.003867535042,8.));
#3372 = VECTOR('',#3373,1.);
#3373 = DIRECTION('',(0.353553390593,0.353553390593,-0.866025403784));
#3374 = PCURVE('',#1789,#3375);
#3375 = DEFINITIONAL_REPRESENTATION('',(#3376),#3380);
#3376 = LINE('',#3377,#3378);
#3377 = CARTESIAN_POINT('',(-1.110223024625E-16,-3.2));
#3378 = VECTOR('',#3379,1.);
#3379 = DIRECTION('',(1.,1.288140747229E-17));
#3380 = ( GEOMETRIC_REPRESENTATION_CONTEXT(2) 
PARAMETRIC_REPRESENTATION_CONTEXT() REPRESENTATION_CONTEXT('2D SPACE',''
  ) );
#3381 = PCURVE('',#1892,#3382);
#3382 = DEFINITIONAL_REPRESENTATION('',(#3383),#3387);
#3383 = LINE('',#3384,#3385);
#3384 = CARTESIAN_POINT('',(-3.2,0.));
#3385 = VECTOR('',#3386,1.);
#3386 = DIRECTION('',(0.5,-0.866025403784));
#3387 = ( GEOMETRIC_REPRESENTATION_CONTEXT(2) 
PARAMETRIC_REPRESENTATION_CONTEXT() REPRESENTATION_CONTEXT('2D SPACE',''
  ) );
#3388 = ORIENTED_EDGE('',*,*,#1853,.F.);
#3389 = ORIENTED_EDGE('',*,*,#1773,.F.);
#3390 = ADVANCED_FACE('',(#3391),#1761,.T.);
#3391 = FACE_BOUND('',#3392,.T.);
#3392 = EDGE_LOOP('',(#3393,#3394,#3415,#3416));
#3393 = ORIENTED_EDGE('',*,*,#2052,.T.);
#3394 = ORIENTED_EDGE('',*,*,#3395,.T.);
#3395 = EDGE_CURVE('',#2030,#3346,#3396,.T.);
#3396 = SURFACE_CURVE('',#3397,(#3401,#3408),.PCURVE_S1.);
#3397 = LINE('',#3398,#3399);
#3398 = CARTESIAN_POINT('',(-2.932799723176,11.13523838494,
    10.77128129211));
#3399 = VECTOR('',#3400,1.);
#3400 = DIRECTION('',(-0.353553390593,-0.353553390593,-0.866025403784));
#3401 = PCURVE('',#1761,#3402);
#3402 = DEFINITIONAL_REPRESENTATION('',(#3403),#3407);
#3403 = LINE('',#3404,#3405);
#3404 = CARTESIAN_POINT('',(3.330669073875E-16,-3.2));
#3405 = VECTOR('',#3406,1.);
#3406 = DIRECTION('',(1.,4.063698308792E-17));
#3407 = ( GEOMETRIC_REPRESENTATION_CONTEXT(2) 
PARAMETRIC_REPRESENTATION_CONTEXT() REPRESENTATION_CONTEXT('2D SPACE',''
  ) );
#3408 = PCURVE('',#1892,#3409);
#3409 = DEFINITIONAL_REPRESENTATION('',(#3410),#3414);
#3410 = LINE('',#3411,#3412);
#3411 = CARTESIAN_POINT('',(-1.6,2.77128129211));
#3412 = VECTOR('',#3413,1.);
#3413 = DIRECTION('',(-0.5,-0.866025403784));
#3414 = ( GEOMETRIC_REPRESENTATION_CONTEXT(2) 
PARAMETRIC_REPRESENTATION_CONTEXT() REPRESENTATION_CONTEXT('2D SPACE',''
  ) );
#3415 = ORIENTED_EDGE('',*,*,#3345,.F.);
#3416 = ORIENTED_EDGE('',*,*,#1745,.F.);
#3417 = ADVANCED_FACE('',(#3418,#3426),#1892,.F.);
#3418 = FACE_BOUND('',#3419,.F.);
#3419 = EDGE_LOOP('',(#3420,#3421,#3422,#3423,#3424,#3425));
#3420 = ORIENTED_EDGE('',*,*,#1980,.T.);
#3421 = ORIENTED_EDGE('',*,*,#2029,.T.);
#3422 = ORIENTED_EDGE('',*,*,#3395,.T.);
#3423 = ORIENTED_EDGE('',*,*,#3368,.T.);
#3424 = ORIENTED_EDGE('',*,*,#1876,.T.);
#3425 = ORIENTED_EDGE('',*,*,#1931,.T.);
#3426 = FACE_BOUND('',#3427,.F.);
#3427 = EDGE_LOOP('',(#3428));
#3428 = ORIENTED_EDGE('',*,*,#2224,.T.);
#3429 = ADVANCED_FACE('',(#3430),#2206,.F.);
#3430 = FACE_BOUND('',#3431,.F.);
#3431 = EDGE_LOOP('',(#3432));
#3432 = ORIENTED_EDGE('',*,*,#2191,.T.);
#3433 = ADVANCED_FACE('',(#3434),#2295,.F.);
#3434 = FACE_BOUND('',#3435,.F.);
#3435 = EDGE_LOOP('',(#3436,#3437,#3460,#3481));
#3436 = ORIENTED_EDGE('',*,*,#2408,.F.);
#3437 = ORIENTED_EDGE('',*,*,#3438,.F.);
#3438 = EDGE_CURVE('',#3439,#2381,#3441,.T.);
#3439 = VERTEX_POINT('',#3440);
#3440 = CARTESIAN_POINT('',(4.2,-9.45,16.));
#3441 = SURFACE_CURVE('',#3442,(#3446,#3453),.PCURVE_S1.);
#3442 = LINE('',#3443,#3444);
#3443 = CARTESIAN_POINT('',(4.2,-9.45,16.));
#3444 = VECTOR('',#3445,1.);
#3445 = DIRECTION('',(-2.22044604925E-16,-1.,0.));
#3446 = PCURVE('',#2295,#3447);
#3447 = DEFINITIONAL_REPRESENTATION('',(#3448),#3452);
#3448 = LINE('',#3449,#3450);
#3449 = CARTESIAN_POINT('',(0.,0.));
#3450 = VECTOR('',#3451,1.);
#3451 = DIRECTION('',(0.,1.));
#3452 = ( GEOMETRIC_REPRESENTATION_CONTEXT(2) 
PARAMETRIC_REPRESENTATION_CONTEXT() REPRESENTATION_CONTEXT('2D SPACE',''
  ) );
#3453 = PCURVE('',#2396,#3454);
#3454 = DEFINITIONAL_REPRESENTATION('',(#3455),#3459);
#3455 = LINE('',#3456,#3457);
#3456 = CARTESIAN_POINT('',(1.68753899743E-15,8.4));
#3457 = VECTOR('',#3458,1.);
#3458 = DIRECTION('',(1.,0.));
#3459 = ( GEOMETRIC_REPRESENTATION_CONTEXT(2) 
PARAMETRIC_REPRESENTATION_CONTEXT() REPRESENTATION_CONTEXT('2D SPACE',''
  ) );
#3460 = ORIENTED_EDGE('',*,*,#3461,.T.);
#3461 = EDGE_CURVE('',#3439,#2281,#3462,.T.);
#3462 = SURFACE_CURVE('',#3463,(#3467,#3474),.PCURVE_S1.);
#3463 = LINE('',#3464,#3465);
#3464 = CARTESIAN_POINT('',(4.2,-9.45,16.));
#3465 = VECTOR('',#3466,1.);
#3466 = DIRECTION('',(0.,0.,1.));
#3467 = PCURVE('',#2295,#3468);
#3468 = DEFINITIONAL_REPRESENTATION('',(#3469),#3473);
#3469 = LINE('',#3470,#3471);
#3470 = CARTESIAN_POINT('',(0.,0.));
#3471 = VECTOR('',#3472,1.);
#3472 = DIRECTION('',(1.,0.));
#3473 = ( GEOMETRIC_REPRESENTATION_CONTEXT(2) 
PARAMETRIC_REPRESENTATION_CONTEXT() REPRESENTATION_CONTEXT('2D SPACE',''
  ) );
#3474 = PCURVE('',#2468,#3475);
#3475 = DEFINITIONAL_REPRESENTATION('',(#3476),#3480);
#3476 = LINE('',#3477,#3478);
#3477 = CARTESIAN_POINT('',(0.,-8.4));
#3478 = VECTOR('',#3479,1.);
#3479 = DIRECTION('',(1.,0.));
#3480 = ( GEOMETRIC_REPRESENTATION_CONTEXT(2) 
PARAMETRIC_REPRESENTATION_CONTEXT() REPRESENTATION_CONTEXT('2D SPACE',''
  ) );
#3481 = ORIENTED_EDGE('',*,*,#2278,.F.);
#3482 = ADVANCED_FACE('',(#3483),#2368,.T.);
#3483 = FACE_BOUND('',#3484,.T.);
#3484 = EDGE_LOOP('',(#3485,#3486,#3509,#3530));
#3485 = ORIENTED_EDGE('',*,*,#2350,.F.);
#3486 = ORIENTED_EDGE('',*,*,#3487,.F.);
#3487 = EDGE_CURVE('',#3488,#2351,#3490,.T.);
#3488 = VERTEX_POINT('',#3489);
#3489 = CARTESIAN_POINT('',(-4.2,-9.45,16.));
#3490 = SURFACE_CURVE('',#3491,(#3495,#3502),.PCURVE_S1.);
#3491 = LINE('',#3492,#3493);
#3492 = CARTESIAN_POINT('',(-4.2,-9.45,16.));
#3493 = VECTOR('',#3494,1.);
#3494 = DIRECTION('',(-2.22044604925E-16,-1.,0.));
#3495 = PCURVE('',#2368,#3496);
#3496 = DEFINITIONAL_REPRESENTATION('',(#3497),#3501);
#3497 = LINE('',#3498,#3499);
#3498 = CARTESIAN_POINT('',(0.,0.));
#3499 = VECTOR('',#3500,1.);
#3500 = DIRECTION('',(0.,1.));
#3501 = ( GEOMETRIC_REPRESENTATION_CONTEXT(2) 
PARAMETRIC_REPRESENTATION_CONTEXT() REPRESENTATION_CONTEXT('2D SPACE',''
  ) );
#3502 = PCURVE('',#2396,#3503);
#3503 = DEFINITIONAL_REPRESENTATION('',(#3504),#3508);
#3504 = LINE('',#3505,#3506);
#3505 = CARTESIAN_POINT('',(0.,0.));
#3506 = VECTOR('',#3507,1.);
#3507 = DIRECTION('',(1.,0.));
#3508 = ( GEOMETRIC_REPRESENTATION_CONTEXT(2) 
PARAMETRIC_REPRESENTATION_CONTEXT() REPRESENTATION_CONTEXT('2D SPACE',''
  ) );
#3509 = ORIENTED_EDGE('',*,*,#3510,.T.);
#3510 = EDGE_CURVE('',#3488,#2454,#3511,.T.);
#3511 = SURFACE_CURVE('',#3512,(#3516,#3523),.PCURVE_S1.);
#3512 = LINE('',#3513,#3514);
#3513 = CARTESIAN_POINT('',(-4.2,-9.45,16.));
#3514 = VECTOR('',#3515,1.);
#3515 = DIRECTION('',(0.,0.,1.));
#3516 = PCURVE('',#2368,#3517);
#3517 = DEFINITIONAL_REPRESENTATION('',(#3518),#3522);
#3518 = LINE('',#3519,#3520);
#3519 = CARTESIAN_POINT('',(0.,0.));
#3520 = VECTOR('',#3521,1.);
#3521 = DIRECTION('',(1.,0.));
#3522 = ( GEOMETRIC_REPRESENTATION_CONTEXT(2) 
PARAMETRIC_REPRESENTATION_CONTEXT() REPRESENTATION_CONTEXT('2D SPACE',''
  ) );
#3523 = PCURVE('',#2468,#3524);
#3524 = DEFINITIONAL_REPRESENTATION('',(#3525),#3529);
#3525 = LINE('',#3526,#3527);
#3526 = CARTESIAN_POINT('',(0.,0.));
#3527 = VECTOR('',#3528,1.);
#3528 = DIRECTION('',(1.,0.));
#3529 = ( GEOMETRIC_REPRESENTATION_CONTEXT(2) 
PARAMETRIC_REPRESENTATION_CONTEXT() REPRESENTATION_CONTEXT('2D SPACE',''
  ) );
#3530 = ORIENTED_EDGE('',*,*,#2505,.T.);
#3531 = ADVANCED_FACE('',(#3532),#2396,.T.);
#3532 = FACE_BOUND('',#3533,.T.);
#3533 = EDGE_LOOP('',(#3534,#3555,#3556,#3557));
#3534 = ORIENTED_EDGE('',*,*,#3535,.F.);
#3535 = EDGE_CURVE('',#3488,#3439,#3536,.T.);
#3536 = SURFACE_CURVE('',#3537,(#3541,#3548),.PCURVE_S1.);
#3537 = LINE('',#3538,#3539);
#3538 = CARTESIAN_POINT('',(-4.2,-9.45,16.));
#3539 = VECTOR('',#3540,1.);
#3540 = DIRECTION('',(1.,-2.22044604925E-16,0.));
#3541 = PCURVE('',#2396,#3542);
#3542 = DEFINITIONAL_REPRESENTATION('',(#3543),#3547);
#3543 = LINE('',#3544,#3545);
#3544 = CARTESIAN_POINT('',(0.,0.));
#3545 = VECTOR('',#3546,1.);
#3546 = DIRECTION('',(0.,1.));
#3547 = ( GEOMETRIC_REPRESENTATION_CONTEXT(2) 
PARAMETRIC_REPRESENTATION_CONTEXT() REPRESENTATION_CONTEXT('2D SPACE',''
  ) );
#3548 = PCURVE('',#2468,#3549);
#3549 = DEFINITIONAL_REPRESENTATION('',(#3550),#3554);
#3550 = LINE('',#3551,#3552);
#3551 = CARTESIAN_POINT('',(0.,0.));
#3552 = VECTOR('',#3553,1.);
#3553 = DIRECTION('',(0.,-1.));
#3554 = ( GEOMETRIC_REPRESENTATION_CONTEXT(2) 
PARAMETRIC_REPRESENTATION_CONTEXT() REPRESENTATION_CONTEXT('2D SPACE',''
  ) );
#3555 = ORIENTED_EDGE('',*,*,#3487,.T.);
#3556 = ORIENTED_EDGE('',*,*,#2380,.T.);
#3557 = ORIENTED_EDGE('',*,*,#3438,.F.);
#3558 = ADVANCED_FACE('',(#3559),#2468,.T.);
#3559 = FACE_BOUND('',#3560,.T.);
#3560 = EDGE_LOOP('',(#3561,#3562,#3563,#3564));
#3561 = ORIENTED_EDGE('',*,*,#3510,.F.);
#3562 = ORIENTED_EDGE('',*,*,#3535,.T.);
#3563 = ORIENTED_EDGE('',*,*,#3461,.T.);
#3564 = ORIENTED_EDGE('',*,*,#2453,.T.);
#3565 = ADVANCED_FACE('',(#3566),#2548,.F.);
#3566 = FACE_BOUND('',#3567,.F.);
#3567 = EDGE_LOOP('',(#3568,#3569,#3592,#3613));
#3568 = ORIENTED_EDGE('',*,*,#2661,.F.);
#3569 = ORIENTED_EDGE('',*,*,#3570,.F.);
#3570 = EDGE_CURVE('',#3571,#2634,#3573,.T.);
#3571 = VERTEX_POINT('',#3572);
#3572 = CARTESIAN_POINT('',(-9.45,-4.2,16.));
#3573 = SURFACE_CURVE('',#3574,(#3578,#3585),.PCURVE_S1.);
#3574 = LINE('',#3575,#3576);
#3575 = CARTESIAN_POINT('',(-9.45,-4.2,16.));
#3576 = VECTOR('',#3577,1.);
#3577 = DIRECTION('',(-1.,1.224646799147E-16,0.));
#3578 = PCURVE('',#2548,#3579);
#3579 = DEFINITIONAL_REPRESENTATION('',(#3580),#3584);
#3580 = LINE('',#3581,#3582);
#3581 = CARTESIAN_POINT('',(0.,0.));
#3582 = VECTOR('',#3583,1.);
#3583 = DIRECTION('',(0.,1.));
#3584 = ( GEOMETRIC_REPRESENTATION_CONTEXT(2) 
PARAMETRIC_REPRESENTATION_CONTEXT() REPRESENTATION_CONTEXT('2D SPACE',''
  ) );
#3585 = PCURVE('',#2649,#3586);
#3586 = DEFINITIONAL_REPRESENTATION('',(#3587),#3591);
#3587 = LINE('',#3588,#3589);
#3588 = CARTESIAN_POINT('',(-1.028703311284E-15,8.4));
#3589 = VECTOR('',#3590,1.);
#3590 = DIRECTION('',(1.,0.));
#3591 = ( GEOMETRIC_REPRESENTATION_CONTEXT(2) 
PARAMETRIC_REPRESENTATION_CONTEXT() REPRESENTATION_CONTEXT('2D SPACE',''
  ) );
#3592 = ORIENTED_EDGE('',*,*,#3593,.T.);
#3593 = EDGE_CURVE('',#3571,#2534,#3594,.T.);
#3594 = SURFACE_CURVE('',#3595,(#3599,#3606),.PCURVE_S1.);
#3595 = LINE('',#3596,#3597);
#3596 = CARTESIAN_POINT('',(-9.45,-4.2,16.));
#3597 = VECTOR('',#3598,1.);
#3598 = DIRECTION('',(0.,0.,1.));
#3599 = PCURVE('',#2548,#3600);
#3600 = DEFINITIONAL_REPRESENTATION('',(#3601),#3605);
#3601 = LINE('',#3602,#3603);
#3602 = CARTESIAN_POINT('',(0.,0.));
#3603 = VECTOR('',#3604,1.);
#3604 = DIRECTION('',(1.,0.));
#3605 = ( GEOMETRIC_REPRESENTATION_CONTEXT(2) 
PARAMETRIC_REPRESENTATION_CONTEXT() REPRESENTATION_CONTEXT('2D SPACE',''
  ) );
#3606 = PCURVE('',#2721,#3607);
#3607 = DEFINITIONAL_REPRESENTATION('',(#3608),#3612);
#3608 = LINE('',#3609,#3610);
#3609 = CARTESIAN_POINT('',(0.,-8.4));
#3610 = VECTOR('',#3611,1.);
#3611 = DIRECTION('',(1.,0.));
#3612 = ( GEOMETRIC_REPRESENTATION_CONTEXT(2) 
PARAMETRIC_REPRESENTATION_CONTEXT() REPRESENTATION_CONTEXT('2D SPACE',''
  ) );
#3613 = ORIENTED_EDGE('',*,*,#2531,.F.);
#3614 = ADVANCED_FACE('',(#3615),#2621,.T.);
#3615 = FACE_BOUND('',#3616,.T.);
#3616 = EDGE_LOOP('',(#3617,#3618,#3641,#3662));
#3617 = ORIENTED_EDGE('',*,*,#2603,.F.);
#3618 = ORIENTED_EDGE('',*,*,#3619,.F.);
#3619 = EDGE_CURVE('',#3620,#2604,#3622,.T.);
#3620 = VERTEX_POINT('',#3621);
#3621 = CARTESIAN_POINT('',(-9.45,4.2,16.));
#3622 = SURFACE_CURVE('',#3623,(#3627,#3634),.PCURVE_S1.);
#3623 = LINE('',#3624,#3625);
#3624 = CARTESIAN_POINT('',(-9.45,4.2,16.));
#3625 = VECTOR('',#3626,1.);
#3626 = DIRECTION('',(-1.,1.224646799147E-16,0.));
#3627 = PCURVE('',#2621,#3628);
#3628 = DEFINITIONAL_REPRESENTATION('',(#3629),#3633);
#3629 = LINE('',#3630,#3631);
#3630 = CARTESIAN_POINT('',(0.,0.));
#3631 = VECTOR('',#3632,1.);
#3632 = DIRECTION('',(0.,1.));
#3633 = ( GEOMETRIC_REPRESENTATION_CONTEXT(2) 
PARAMETRIC_REPRESENTATION_CONTEXT() REPRESENTATION_CONTEXT('2D SPACE',''
  ) );
#3634 = PCURVE('',#2649,#3635);
#3635 = DEFINITIONAL_REPRESENTATION('',(#3636),#3640);
#3636 = LINE('',#3637,#3638);
#3637 = CARTESIAN_POINT('',(0.,0.));
#3638 = VECTOR('',#3639,1.);
#3639 = DIRECTION('',(1.,0.));
#3640 = ( GEOMETRIC_REPRESENTATION_CONTEXT(2) 
PARAMETRIC_REPRESENTATION_CONTEXT() REPRESENTATION_CONTEXT('2D SPACE',''
  ) );
#3641 = ORIENTED_EDGE('',*,*,#3642,.T.);
#3642 = EDGE_CURVE('',#3620,#2707,#3643,.T.);
#3643 = SURFACE_CURVE('',#3644,(#3648,#3655),.PCURVE_S1.);
#3644 = LINE('',#3645,#3646);
#3645 = CARTESIAN_POINT('',(-9.45,4.2,16.));
#3646 = VECTOR('',#3647,1.);
#3647 = DIRECTION('',(0.,0.,1.));
#3648 = PCURVE('',#2621,#3649);
#3649 = DEFINITIONAL_REPRESENTATION('',(#3650),#3654);
#3650 = LINE('',#3651,#3652);
#3651 = CARTESIAN_POINT('',(0.,0.));
#3652 = VECTOR('',#3653,1.);
#3653 = DIRECTION('',(1.,0.));
#3654 = ( GEOMETRIC_REPRESENTATION_CONTEXT(2) 
PARAMETRIC_REPRESENTATION_CONTEXT() REPRESENTATION_CONTEXT('2D SPACE',''
  ) );
#3655 = PCURVE('',#2721,#3656);
#3656 = DEFINITIONAL_REPRESENTATION('',(#3657),#3661);
#3657 = LINE('',#3658,#3659);
#3658 = CARTESIAN_POINT('',(0.,0.));
#3659 = VECTOR('',#3660,1.);
#3660 = DIRECTION('',(1.,0.));
#3661 = ( GEOMETRIC_REPRESENTATION_CONTEXT(2) 
PARAMETRIC_REPRESENTATION_CONTEXT() REPRESENTATION_CONTEXT('2D SPACE',''
  ) );
#3662 = ORIENTED_EDGE('',*,*,#2758,.T.);
#3663 = ADVANCED_FACE('',(#3664),#2649,.T.);
#3664 = FACE_BOUND('',#3665,.T.);
#3665 = EDGE_LOOP('',(#3666,#3687,#3688,#3689));
#3666 = ORIENTED_EDGE('',*,*,#3667,.F.);
#3667 = EDGE_CURVE('',#3620,#3571,#3668,.T.);
#3668 = SURFACE_CURVE('',#3669,(#3673,#3680),.PCURVE_S1.);
#3669 = LINE('',#3670,#3671);
#3670 = CARTESIAN_POINT('',(-9.45,4.2,16.));
#3671 = VECTOR('',#3672,1.);
#3672 = DIRECTION('',(-1.224646799147E-16,-1.,0.));
#3673 = PCURVE('',#2649,#3674);
#3674 = DEFINITIONAL_REPRESENTATION('',(#3675),#3679);
#3675 = LINE('',#3676,#3677);
#3676 = CARTESIAN_POINT('',(0.,0.));
#3677 = VECTOR('',#3678,1.);
#3678 = DIRECTION('',(0.,1.));
#3679 = ( GEOMETRIC_REPRESENTATION_CONTEXT(2) 
PARAMETRIC_REPRESENTATION_CONTEXT() REPRESENTATION_CONTEXT('2D SPACE',''
  ) );
#3680 = PCURVE('',#2721,#3681);
#3681 = DEFINITIONAL_REPRESENTATION('',(#3682),#3686);
#3682 = LINE('',#3683,#3684);
#3683 = CARTESIAN_POINT('',(0.,0.));
#3684 = VECTOR('',#3685,1.);
#3685 = DIRECTION('',(0.,-1.));
#3686 = ( GEOMETRIC_REPRESENTATION_CONTEXT(2) 
PARAMETRIC_REPRESENTATION_CONTEXT() REPRESENTATION_CONTEXT('2D SPACE',''
  ) );
#3687 = ORIENTED_EDGE('',*,*,#3619,.T.);
#3688 = ORIENTED_EDGE('',*,*,#2633,.T.);
#3689 = ORIENTED_EDGE('',*,*,#3570,.F.);
#3690 = ADVANCED_FACE('',(#3691),#2721,.T.);
#3691 = FACE_BOUND('',#3692,.T.);
#3692 = EDGE_LOOP('',(#3693,#3694,#3695,#3696));
#3693 = ORIENTED_EDGE('',*,*,#3642,.F.);
#3694 = ORIENTED_EDGE('',*,*,#3667,.T.);
#3695 = ORIENTED_EDGE('',*,*,#3593,.T.);
#3696 = ORIENTED_EDGE('',*,*,#2706,.T.);
#3697 = ADVANCED_FACE('',(#3698),#2801,.T.);
#3698 = FACE_BOUND('',#3699,.T.);
#3699 = EDGE_LOOP('',(#3700));
#3700 = ORIENTED_EDGE('',*,*,#2784,.T.);
#3701 = ADVANCED_FACE('',(#3702),#2856,.F.);
#3702 = FACE_BOUND('',#3703,.F.);
#3703 = EDGE_LOOP('',(#3704,#3705,#3728,#3749));
#3704 = ORIENTED_EDGE('',*,*,#2969,.F.);
#3705 = ORIENTED_EDGE('',*,*,#3706,.F.);
#3706 = EDGE_CURVE('',#3707,#2942,#3709,.T.);
#3707 = VERTEX_POINT('',#3708);
#3708 = CARTESIAN_POINT('',(9.45,4.2,16.));
#3709 = SURFACE_CURVE('',#3710,(#3714,#3721),.PCURVE_S1.);
#3710 = LINE('',#3711,#3712);
#3711 = CARTESIAN_POINT('',(9.45,4.2,16.));
#3712 = VECTOR('',#3713,1.);
#3713 = DIRECTION('',(1.,0.,0.));
#3714 = PCURVE('',#2856,#3715);
#3715 = DEFINITIONAL_REPRESENTATION('',(#3716),#3720);
#3716 = LINE('',#3717,#3718);
#3717 = CARTESIAN_POINT('',(0.,0.));
#3718 = VECTOR('',#3719,1.);
#3719 = DIRECTION('',(0.,1.));
#3720 = ( GEOMETRIC_REPRESENTATION_CONTEXT(2) 
PARAMETRIC_REPRESENTATION_CONTEXT() REPRESENTATION_CONTEXT('2D SPACE',''
  ) );
#3721 = PCURVE('',#2957,#3722);
#3722 = DEFINITIONAL_REPRESENTATION('',(#3723),#3727);
#3723 = LINE('',#3724,#3725);
#3724 = CARTESIAN_POINT('',(0.,8.4));
#3725 = VECTOR('',#3726,1.);
#3726 = DIRECTION('',(1.,0.));
#3727 = ( GEOMETRIC_REPRESENTATION_CONTEXT(2) 
PARAMETRIC_REPRESENTATION_CONTEXT() REPRESENTATION_CONTEXT('2D SPACE',''
  ) );
#3728 = ORIENTED_EDGE('',*,*,#3729,.T.);
#3729 = EDGE_CURVE('',#3707,#2842,#3730,.T.);
#3730 = SURFACE_CURVE('',#3731,(#3735,#3742),.PCURVE_S1.);
#3731 = LINE('',#3732,#3733);
#3732 = CARTESIAN_POINT('',(9.45,4.2,16.));
#3733 = VECTOR('',#3734,1.);
#3734 = DIRECTION('',(0.,0.,1.));
#3735 = PCURVE('',#2856,#3736);
#3736 = DEFINITIONAL_REPRESENTATION('',(#3737),#3741);
#3737 = LINE('',#3738,#3739);
#3738 = CARTESIAN_POINT('',(0.,0.));
#3739 = VECTOR('',#3740,1.);
#3740 = DIRECTION('',(1.,0.));
#3741 = ( GEOMETRIC_REPRESENTATION_CONTEXT(2) 
PARAMETRIC_REPRESENTATION_CONTEXT() REPRESENTATION_CONTEXT('2D SPACE',''
  ) );
#3742 = PCURVE('',#3029,#3743);
#3743 = DEFINITIONAL_REPRESENTATION('',(#3744),#3748);
#3744 = LINE('',#3745,#3746);
#3745 = CARTESIAN_POINT('',(0.,-8.4));
#3746 = VECTOR('',#3747,1.);
#3747 = DIRECTION('',(1.,0.));
#3748 = ( GEOMETRIC_REPRESENTATION_CONTEXT(2) 
PARAMETRIC_REPRESENTATION_CONTEXT() REPRESENTATION_CONTEXT('2D SPACE',''
  ) );
#3749 = ORIENTED_EDGE('',*,*,#2839,.F.);
#3750 = ADVANCED_FACE('',(#3751),#2929,.T.);
#3751 = FACE_BOUND('',#3752,.T.);
#3752 = EDGE_LOOP('',(#3753,#3754,#3777,#3798));
#3753 = ORIENTED_EDGE('',*,*,#2911,.F.);
#3754 = ORIENTED_EDGE('',*,*,#3755,.F.);
#3755 = EDGE_CURVE('',#3756,#2912,#3758,.T.);
#3756 = VERTEX_POINT('',#3757);
#3757 = CARTESIAN_POINT('',(9.45,-4.2,16.));
#3758 = SURFACE_CURVE('',#3759,(#3763,#3770),.PCURVE_S1.);
#3759 = LINE('',#3760,#3761);
#3760 = CARTESIAN_POINT('',(9.45,-4.2,16.));
#3761 = VECTOR('',#3762,1.);
#3762 = DIRECTION('',(1.,0.,0.));
#3763 = PCURVE('',#2929,#3764);
#3764 = DEFINITIONAL_REPRESENTATION('',(#3765),#3769);
#3765 = LINE('',#3766,#3767);
#3766 = CARTESIAN_POINT('',(0.,0.));
#3767 = VECTOR('',#3768,1.);
#3768 = DIRECTION('',(0.,1.));
#3769 = ( GEOMETRIC_REPRESENTATION_CONTEXT(2) 
PARAMETRIC_REPRESENTATION_CONTEXT() REPRESENTATION_CONTEXT('2D SPACE',''
  ) );
#3770 = PCURVE('',#2957,#3771);
#3771 = DEFINITIONAL_REPRESENTATION('',(#3772),#3776);
#3772 = LINE('',#3773,#3774);
#3773 = CARTESIAN_POINT('',(0.,0.));
#3774 = VECTOR('',#3775,1.);
#3775 = DIRECTION('',(1.,0.));
#3776 = ( GEOMETRIC_REPRESENTATION_CONTEXT(2) 
PARAMETRIC_REPRESENTATION_CONTEXT() REPRESENTATION_CONTEXT('2D SPACE',''
  ) );
#3777 = ORIENTED_EDGE('',*,*,#3778,.T.);
#3778 = EDGE_CURVE('',#3756,#3015,#3779,.T.);
#3779 = SURFACE_CURVE('',#3780,(#3784,#3791),.PCURVE_S1.);
#3780 = LINE('',#3781,#3782);
#3781 = CARTESIAN_POINT('',(9.45,-4.2,16.));
#3782 = VECTOR('',#3783,1.);
#3783 = DIRECTION('',(0.,0.,1.));
#3784 = PCURVE('',#2929,#3785);
#3785 = DEFINITIONAL_REPRESENTATION('',(#3786),#3790);
#3786 = LINE('',#3787,#3788);
#3787 = CARTESIAN_POINT('',(0.,0.));
#3788 = VECTOR('',#3789,1.);
#3789 = DIRECTION('',(1.,0.));
#3790 = ( GEOMETRIC_REPRESENTATION_CONTEXT(2) 
PARAMETRIC_REPRESENTATION_CONTEXT() REPRESENTATION_CONTEXT('2D SPACE',''
  ) );
#3791 = PCURVE('',#3029,#3792);
#3792 = DEFINITIONAL_REPRESENTATION('',(#3793),#3797);
#3793 = LINE('',#3794,#3795);
#3794 = CARTESIAN_POINT('',(0.,0.));
#3795 = VECTOR('',#3796,1.);
#3796 = DIRECTION('',(1.,0.));
#3797 = ( GEOMETRIC_REPRESENTATION_CONTEXT(2) 
PARAMETRIC_REPRESENTATION_CONTEXT() REPRESENTATION_CONTEXT('2D SPACE',''
  ) );
#3798 = ORIENTED_EDGE('',*,*,#3066,.T.);
#3799 = ADVANCED_FACE('',(#3800),#2957,.T.);
#3800 = FACE_BOUND('',#3801,.T.);
#3801 = EDGE_LOOP('',(#3802,#3823,#3824,#3825));
#3802 = ORIENTED_EDGE('',*,*,#3803,.F.);
#3803 = EDGE_CURVE('',#3756,#3707,#3804,.T.);
#3804 = SURFACE_CURVE('',#3805,(#3809,#3816),.PCURVE_S1.);
#3805 = LINE('',#3806,#3807);
#3806 = CARTESIAN_POINT('',(9.45,-4.2,16.));
#3807 = VECTOR('',#3808,1.);
#3808 = DIRECTION('',(0.,1.,0.));
#3809 = PCURVE('',#2957,#3810);
#3810 = DEFINITIONAL_REPRESENTATION('',(#3811),#3815);
#3811 = LINE('',#3812,#3813);
#3812 = CARTESIAN_POINT('',(0.,0.));
#3813 = VECTOR('',#3814,1.);
#3814 = DIRECTION('',(0.,1.));
#3815 = ( GEOMETRIC_REPRESENTATION_CONTEXT(2) 
PARAMETRIC_REPRESENTATION_CONTEXT() REPRESENTATION_CONTEXT('2D SPACE',''
  ) );
#3816 = PCURVE('',#3029,#3817);
#3817 = DEFINITIONAL_REPRESENTATION('',(#3818),#3822);
#3818 = LINE('',#3819,#3820);
#3819 = CARTESIAN_POINT('',(0.,0.));
#3820 = VECTOR('',#3821,1.);
#3821 = DIRECTION('',(0.,-1.));
#3822 = ( GEOMETRIC_REPRESENTATION_CONTEXT(2) 
PARAMETRIC_REPRESENTATION_CONTEXT() REPRESENTATION_CONTEXT('2D SPACE',''
  ) );
#3823 = ORIENTED_EDGE('',*,*,#3755,.T.);
#3824 = ORIENTED_EDGE('',*,*,#2941,.T.);
#3825 = ORIENTED_EDGE('',*,*,#3706,.F.);
#3826 = ADVANCED_FACE('',(#3827),#3029,.T.);
#3827 = FACE_BOUND('',#3828,.T.);
#3828 = EDGE_LOOP('',(#3829,#3830,#3831,#3832));
#3829 = ORIENTED_EDGE('',*,*,#3778,.F.);
#3830 = ORIENTED_EDGE('',*,*,#3803,.T.);
#3831 = ORIENTED_EDGE('',*,*,#3729,.T.);
#3832 = ORIENTED_EDGE('',*,*,#3014,.T.);
#3833 = ADVANCED_FACE('',(#3834),#3109,.F.);
#3834 = FACE_BOUND('',#3835,.F.);
#3835 = EDGE_LOOP('',(#3836,#3837,#3860,#3881));
#3836 = ORIENTED_EDGE('',*,*,#3222,.F.);
#3837 = ORIENTED_EDGE('',*,*,#3838,.F.);
#3838 = EDGE_CURVE('',#3839,#3195,#3841,.T.);
#3839 = VERTEX_POINT('',#3840);
#3840 = CARTESIAN_POINT('',(-4.2,9.45,16.));
#3841 = SURFACE_CURVE('',#3842,(#3846,#3853),.PCURVE_S1.);
#3842 = LINE('',#3843,#3844);
#3843 = CARTESIAN_POINT('',(-4.2,9.45,16.));
#3844 = VECTOR('',#3845,1.);
#3845 = DIRECTION('',(1.110223024625E-16,1.,0.));
#3846 = PCURVE('',#3109,#3847);
#3847 = DEFINITIONAL_REPRESENTATION('',(#3848),#3852);
#3848 = LINE('',#3849,#3850);
#3849 = CARTESIAN_POINT('',(0.,0.));
#3850 = VECTOR('',#3851,1.);
#3851 = DIRECTION('',(0.,1.));
#3852 = ( GEOMETRIC_REPRESENTATION_CONTEXT(2) 
PARAMETRIC_REPRESENTATION_CONTEXT() REPRESENTATION_CONTEXT('2D SPACE',''
  ) );
#3853 = PCURVE('',#3210,#3854);
#3854 = DEFINITIONAL_REPRESENTATION('',(#3855),#3859);
#3855 = LINE('',#3856,#3857);
#3856 = CARTESIAN_POINT('',(-9.325873406851E-16,8.4));
#3857 = VECTOR('',#3858,1.);
#3858 = DIRECTION('',(1.,0.));
#3859 = ( GEOMETRIC_REPRESENTATION_CONTEXT(2) 
PARAMETRIC_REPRESENTATION_CONTEXT() REPRESENTATION_CONTEXT('2D SPACE',''
  ) );
#3860 = ORIENTED_EDGE('',*,*,#3861,.T.);
#3861 = EDGE_CURVE('',#3839,#3095,#3862,.T.);
#3862 = SURFACE_CURVE('',#3863,(#3867,#3874),.PCURVE_S1.);
#3863 = LINE('',#3864,#3865);
#3864 = CARTESIAN_POINT('',(-4.2,9.45,16.));
#3865 = VECTOR('',#3866,1.);
#3866 = DIRECTION('',(0.,0.,1.));
#3867 = PCURVE('',#3109,#3868);
#3868 = DEFINITIONAL_REPRESENTATION('',(#3869),#3873);
#3869 = LINE('',#3870,#3871);
#3870 = CARTESIAN_POINT('',(0.,0.));
#3871 = VECTOR('',#3872,1.);
#3872 = DIRECTION('',(1.,0.));
#3873 = ( GEOMETRIC_REPRESENTATION_CONTEXT(2) 
PARAMETRIC_REPRESENTATION_CONTEXT() REPRESENTATION_CONTEXT('2D SPACE',''
  ) );
#3874 = PCURVE('',#3282,#3875);
#3875 = DEFINITIONAL_REPRESENTATION('',(#3876),#3880);
#3876 = LINE('',#3877,#3878);
#3877 = CARTESIAN_POINT('',(0.,-8.4));
#3878 = VECTOR('',#3879,1.);
#3879 = DIRECTION('',(1.,0.));
#3880 = ( GEOMETRIC_REPRESENTATION_CONTEXT(2) 
PARAMETRIC_REPRESENTATION_CONTEXT() REPRESENTATION_CONTEXT('2D SPACE',''
  ) );
#3881 = ORIENTED_EDGE('',*,*,#3092,.F.);
#3882 = ADVANCED_FACE('',(#3883),#3182,.T.);
#3883 = FACE_BOUND('',#3884,.T.);
#3884 = EDGE_LOOP('',(#3885,#3886,#3909,#3930));
#3885 = ORIENTED_EDGE('',*,*,#3164,.F.);
#3886 = ORIENTED_EDGE('',*,*,#3887,.F.);
#3887 = EDGE_CURVE('',#3888,#3165,#3890,.T.);
#3888 = VERTEX_POINT('',#3889);
#3889 = CARTESIAN_POINT('',(4.2,9.45,16.));
#3890 = SURFACE_CURVE('',#3891,(#3895,#3902),.PCURVE_S1.);
#3891 = LINE('',#3892,#3893);
#3892 = CARTESIAN_POINT('',(4.2,9.45,16.));
#3893 = VECTOR('',#3894,1.);
#3894 = DIRECTION('',(1.110223024625E-16,1.,0.));
#3895 = PCURVE('',#3182,#3896);
#3896 = DEFINITIONAL_REPRESENTATION('',(#3897),#3901);
#3897 = LINE('',#3898,#3899);
#3898 = CARTESIAN_POINT('',(0.,0.));
#3899 = VECTOR('',#3900,1.);
#3900 = DIRECTION('',(0.,1.));
#3901 = ( GEOMETRIC_REPRESENTATION_CONTEXT(2) 
PARAMETRIC_REPRESENTATION_CONTEXT() REPRESENTATION_CONTEXT('2D SPACE',''
  ) );
#3902 = PCURVE('',#3210,#3903);
#3903 = DEFINITIONAL_REPRESENTATION('',(#3904),#3908);
#3904 = LINE('',#3905,#3906);
#3905 = CARTESIAN_POINT('',(0.,0.));
#3906 = VECTOR('',#3907,1.);
#3907 = DIRECTION('',(1.,0.));
#3908 = ( GEOMETRIC_REPRESENTATION_CONTEXT(2) 
PARAMETRIC_REPRESENTATION_CONTEXT() REPRESENTATION_CONTEXT('2D SPACE',''
  ) );
#3909 = ORIENTED_EDGE('',*,*,#3910,.T.);
#3910 = EDGE_CURVE('',#3888,#3268,#3911,.T.);
#3911 = SURFACE_CURVE('',#3912,(#3916,#3923),.PCURVE_S1.);
#3912 = LINE('',#3913,#3914);
#3913 = CARTESIAN_POINT('',(4.2,9.45,16.));
#3914 = VECTOR('',#3915,1.);
#3915 = DIRECTION('',(0.,0.,1.));
#3916 = PCURVE('',#3182,#3917);
#3917 = DEFINITIONAL_REPRESENTATION('',(#3918),#3922);
#3918 = LINE('',#3919,#3920);
#3919 = CARTESIAN_POINT('',(0.,0.));
#3920 = VECTOR('',#3921,1.);
#3921 = DIRECTION('',(1.,0.));
#3922 = ( GEOMETRIC_REPRESENTATION_CONTEXT(2) 
PARAMETRIC_REPRESENTATION_CONTEXT() REPRESENTATION_CONTEXT('2D SPACE',''
  ) );
#3923 = PCURVE('',#3282,#3924);
#3924 = DEFINITIONAL_REPRESENTATION('',(#3925),#3929);
#3925 = LINE('',#3926,#3927);
#3926 = CARTESIAN_POINT('',(0.,0.));
#3927 = VECTOR('',#3928,1.);
#3928 = DIRECTION('',(1.,0.));
#3929 = ( GEOMETRIC_REPRESENTATION_CONTEXT(2) 
PARAMETRIC_REPRESENTATION_CONTEXT() REPRESENTATION_CONTEXT('2D SPACE',''
  ) );
#3930 = ORIENTED_EDGE('',*,*,#3319,.T.);
#3931 = ADVANCED_FACE('',(#3932),#3210,.T.);
#3932 = FACE_BOUND('',#3933,.T.);
#3933 = EDGE_LOOP('',(#3934,#3955,#3956,#3957));
#3934 = ORIENTED_EDGE('',*,*,#3935,.F.);
#3935 = EDGE_CURVE('',#3888,#3839,#3936,.T.);
#3936 = SURFACE_CURVE('',#3937,(#3941,#3948),.PCURVE_S1.);
#3937 = LINE('',#3938,#3939);
#3938 = CARTESIAN_POINT('',(4.2,9.45,16.));
#3939 = VECTOR('',#3940,1.);
#3940 = DIRECTION('',(-1.,1.110223024625E-16,0.));
#3941 = PCURVE('',#3210,#3942);
#3942 = DEFINITIONAL_REPRESENTATION('',(#3943),#3947);
#3943 = LINE('',#3944,#3945);
#3944 = CARTESIAN_POINT('',(0.,0.));
#3945 = VECTOR('',#3946,1.);
#3946 = DIRECTION('',(0.,1.));
#3947 = ( GEOMETRIC_REPRESENTATION_CONTEXT(2) 
PARAMETRIC_REPRESENTATION_CONTEXT() REPRESENTATION_CONTEXT('2D SPACE',''
  ) );
#3948 = PCURVE('',#3282,#3949);
#3949 = DEFINITIONAL_REPRESENTATION('',(#3950),#3954);
#3950 = LINE('',#3951,#3952);
#3951 = CARTESIAN_POINT('',(0.,0.));
#3952 = VECTOR('',#3953,1.);
#3953 = DIRECTION('',(0.,-1.));
#3954 = ( GEOMETRIC_REPRESENTATION_CONTEXT(2) 
PARAMETRIC_REPRESENTATION_CONTEXT() REPRESENTATION_CONTEXT('2D SPACE',''
  ) );
#3955 = ORIENTED_EDGE('',*,*,#3887,.T.);
#3956 = ORIENTED_EDGE('',*,*,#3194,.T.);
#3957 = ORIENTED_EDGE('',*,*,#3838,.F.);
#3958 = ADVANCED_FACE('',(#3959),#3282,.T.);
#3959 = FACE_BOUND('',#3960,.T.);
#3960 = EDGE_LOOP('',(#3961,#3962,#3963,#3964));
#3961 = ORIENTED_EDGE('',*,*,#3910,.F.);
#3962 = ORIENTED_EDGE('',*,*,#3935,.T.);
#3963 = ORIENTED_EDGE('',*,*,#3861,.T.);
#3964 = ORIENTED_EDGE('',*,*,#3267,.T.);
#3965 = ( GEOMETRIC_REPRESENTATION_CONTEXT(3) 
GLOBAL_UNCERTAINTY_ASSIGNED_CONTEXT((#3969)) 
GLOBAL_UNIT_ASSIGNED_CONTEXT((#3966,#3967,#3968)) REPRESENTATION_CONTEXT
('Context #1','3D Context with UNIT and UNCERTAINTY') );
#3966 = ( LENGTH_UNIT() NAMED_UNIT(*) SI_UNIT(.MILLI.,.METRE.) );
#3967 = ( NAMED_UNIT(*) PLANE_ANGLE_UNIT() SI_UNIT($,.RADIAN.) );
#3968 = ( NAMED_UNIT(*) SI_UNIT($,.STERADIAN.) SOLID_ANGLE_UNIT() );
#3969 = UNCERTAINTY_MEASURE_WITH_UNIT(LENGTH_MEASURE(1.E-07),#3966,
  'distance_accuracy_value','confusion accuracy');
#3970 = PRODUCT_RELATED_PRODUCT_CATEGORY('part',$,(#7));
ENDSEC;
END-ISO-10303-21;
