ISO-10303-21;
HEADER;
FILE_DESCRIPTION(('Open CASCADE Model'),'2;1');
FILE_NAME('Open CASCADE Shape Model','2026-07-24T09:06:32',('Author'),(
    'Open CASCADE'),'Open CASCADE STEP processor 7.9','Open CASCADE 7.9'
  ,'Unknown');
FILE_SCHEMA(('AUTOMOTIVE_DESIGN { 1 0 10303 214 1 1 1 1 }'));
ENDSEC;
DATA;
#1 = APPLICATION_PROTOCOL_DEFINITION('international standard',
  'automotive_design',2000,#2);
#2 = APPLICATION_CONTEXT(
  'core data for automotive mechanical design processes');
#3 = SHAPE_DEFINITION_REPRESENTATION(#4,#10);
#4 = PRODUCT_DEFINITION_SHAPE('','',#5);
#5 = PRODUCT_DEFINITION('design','',#6,#9);
#6 = PRODUCT_DEFINITION_FORMATION('','',#7);
#7 = PRODUCT('Open CASCADE STEP translator 7.9 3',
  'Open CASCADE STEP translator 7.9 3','',(#8));
#8 = PRODUCT_CONTEXT('',#2,'mechanical');
#9 = PRODUCT_DEFINITION_CONTEXT('part definition',#2,'design');
#10 = ADVANCED_BREP_SHAPE_REPRESENTATION('',(#11,#15),#10812);
#11 = AXIS2_PLACEMENT_3D('',#12,#13,#14);
#12 = CARTESIAN_POINT('',(0.,0.,0.));
#13 = DIRECTION('',(0.,0.,1.));
#14 = DIRECTION('',(1.,0.,-0.));
#15 = MANIFOLD_SOLID_BREP('',#16);
#16 = CLOSED_SHELL('',(#17,#137,#213,#4711,#4760,#4787,#4794,#4870,#4919
    ,#4968,#5017,#5066,#5115,#5164,#5213,#5240,#5316,#5365,#5414,#5463,
    #5512,#5561,#5610,#5659,#5708,#5757,#5806,#5855,#5904,#5953,#6002,
    #6051,#6100,#6149,#6198,#6247,#6296,#6323,#6399,#6448,#6497,#6546,
    #6595,#6644,#6693,#6742,#6791,#6840,#6889,#6938,#6987,#7036,#7085,
    #7134,#7183,#7232,#7281,#7330,#7379,#7428,#7477,#7526,#7575,#7624,
    #7673,#7722,#7771,#7798,#7874,#7923,#7972,#8021,#8070,#8119,#8168,
    #8217,#8266,#8315,#8342,#8418,#8467,#8516,#8565,#8614,#8663,#8712,
    #8761,#8810,#8859,#8908,#8957,#9006,#9055,#9104,#9153,#9202,#9251,
    #9300,#9349,#9398,#9425,#9501,#9550,#9599,#9626,#9702,#9751,#9800,
    #9827,#9903,#9952,#10001,#10028,#10104,#10153,#10202,#10229,#10305,
    #10354,#10403,#10430,#10442,#10467,#10500,#10600,#10625,#10632,
    #10639,#10646,#10653,#10660,#10734,#10781,#10806));
#17 = ADVANCED_FACE('',(#18),#32,.F.);
#18 = FACE_BOUND('',#19,.F.);
#19 = EDGE_LOOP('',(#20,#55,#83,#111));
#20 = ORIENTED_EDGE('',*,*,#21,.F.);
#21 = EDGE_CURVE('',#22,#24,#26,.T.);
#22 = VERTEX_POINT('',#23);
#23 = CARTESIAN_POINT('',(-39.,-10.,0.));
#24 = VERTEX_POINT('',#25);
#25 = CARTESIAN_POINT('',(-39.,-10.,16.));
#26 = SURFACE_CURVE('',#27,(#31,#43),.PCURVE_S1.);
#27 = LINE('',#28,#29);
#28 = CARTESIAN_POINT('',(-39.,-10.,0.));
#29 = VECTOR('',#30,1.);
#30 = DIRECTION('',(0.,0.,1.));
#31 = PCURVE('',#32,#37);
#32 = PLANE('',#33);
#33 = AXIS2_PLACEMENT_3D('',#34,#35,#36);
#34 = CARTESIAN_POINT('',(-39.,-10.,0.));
#35 = DIRECTION('',(1.,0.,0.));
#36 = DIRECTION('',(0.,0.,1.));
#37 = DEFINITIONAL_REPRESENTATION('',(#38),#42);
#38 = LINE('',#39,#40);
#39 = CARTESIAN_POINT('',(0.,0.));
#40 = VECTOR('',#41,1.);
#41 = DIRECTION('',(1.,0.));
#42 = ( GEOMETRIC_REPRESENTATION_CONTEXT(2) 
PARAMETRIC_REPRESENTATION_CONTEXT() REPRESENTATION_CONTEXT('2D SPACE',''
  ) );
#43 = PCURVE('',#44,#49);
#44 = PLANE('',#45);
#45 = AXIS2_PLACEMENT_3D('',#46,#47,#48);
#46 = CARTESIAN_POINT('',(-39.,-10.,0.));
#47 = DIRECTION('',(0.,1.,0.));
#48 = DIRECTION('',(0.,0.,1.));
#49 = DEFINITIONAL_REPRESENTATION('',(#50),#54);
#50 = LINE('',#51,#52);
#51 = CARTESIAN_POINT('',(0.,0.));
#52 = VECTOR('',#53,1.);
#53 = DIRECTION('',(1.,0.));
#54 = ( GEOMETRIC_REPRESENTATION_CONTEXT(2) 
PARAMETRIC_REPRESENTATION_CONTEXT() REPRESENTATION_CONTEXT('2D SPACE',''
  ) );
#55 = ORIENTED_EDGE('',*,*,#56,.T.);
#56 = EDGE_CURVE('',#22,#57,#59,.T.);
#57 = VERTEX_POINT('',#58);
#58 = CARTESIAN_POINT('',(-39.,10.,0.));
#59 = SURFACE_CURVE('',#60,(#64,#71),.PCURVE_S1.);
#60 = LINE('',#61,#62);
#61 = CARTESIAN_POINT('',(-39.,-10.,0.));
#62 = VECTOR('',#63,1.);
#63 = DIRECTION('',(0.,1.,0.));
#64 = PCURVE('',#32,#65);
#65 = DEFINITIONAL_REPRESENTATION('',(#66),#70);
#66 = LINE('',#67,#68);
#67 = CARTESIAN_POINT('',(0.,0.));
#68 = VECTOR('',#69,1.);
#69 = DIRECTION('',(0.,-1.));
#70 = ( GEOMETRIC_REPRESENTATION_CONTEXT(2) 
PARAMETRIC_REPRESENTATION_CONTEXT() REPRESENTATION_CONTEXT('2D SPACE',''
  ) );
#71 = PCURVE('',#72,#77);
#72 = PLANE('',#73);
#73 = AXIS2_PLACEMENT_3D('',#74,#75,#76);
#74 = CARTESIAN_POINT('',(-39.,-10.,0.));
#75 = DIRECTION('',(0.,0.,1.));
#76 = DIRECTION('',(1.,0.,0.));
#77 = DEFINITIONAL_REPRESENTATION('',(#78),#82);
#78 = LINE('',#79,#80);
#79 = CARTESIAN_POINT('',(0.,0.));
#80 = VECTOR('',#81,1.);
#81 = DIRECTION('',(0.,1.));
#82 = ( GEOMETRIC_REPRESENTATION_CONTEXT(2) 
PARAMETRIC_REPRESENTATION_CONTEXT() REPRESENTATION_CONTEXT('2D SPACE',''
  ) );
#83 = ORIENTED_EDGE('',*,*,#84,.T.);
#84 = EDGE_CURVE('',#57,#85,#87,.T.);
#85 = VERTEX_POINT('',#86);
#86 = CARTESIAN_POINT('',(-39.,10.,16.));
#87 = SURFACE_CURVE('',#88,(#92,#99),.PCURVE_S1.);
#88 = LINE('',#89,#90);
#89 = CARTESIAN_POINT('',(-39.,10.,0.));
#90 = VECTOR('',#91,1.);
#91 = DIRECTION('',(0.,0.,1.));
#92 = PCURVE('',#32,#93);
#93 = DEFINITIONAL_REPRESENTATION('',(#94),#98);
#94 = LINE('',#95,#96);
#95 = CARTESIAN_POINT('',(0.,-20.));
#96 = VECTOR('',#97,1.);
#97 = DIRECTION('',(1.,0.));
#98 = ( GEOMETRIC_REPRESENTATION_CONTEXT(2) 
PARAMETRIC_REPRESENTATION_CONTEXT() REPRESENTATION_CONTEXT('2D SPACE',''
  ) );
#99 = PCURVE('',#100,#105);
#100 = PLANE('',#101);
#101 = AXIS2_PLACEMENT_3D('',#102,#103,#104);
#102 = CARTESIAN_POINT('',(-39.,10.,0.));
#103 = DIRECTION('',(0.,1.,0.));
#104 = DIRECTION('',(0.,0.,1.));
#105 = DEFINITIONAL_REPRESENTATION('',(#106),#110);
#106 = LINE('',#107,#108);
#107 = CARTESIAN_POINT('',(0.,0.));
#108 = VECTOR('',#109,1.);
#109 = DIRECTION('',(1.,0.));
#110 = ( GEOMETRIC_REPRESENTATION_CONTEXT(2) 
PARAMETRIC_REPRESENTATION_CONTEXT() REPRESENTATION_CONTEXT('2D SPACE',''
  ) );
#111 = ORIENTED_EDGE('',*,*,#112,.F.);
#112 = EDGE_CURVE('',#24,#85,#113,.T.);
#113 = SURFACE_CURVE('',#114,(#118,#125),.PCURVE_S1.);
#114 = LINE('',#115,#116);
#115 = CARTESIAN_POINT('',(-39.,-10.,16.));
#116 = VECTOR('',#117,1.);
#117 = DIRECTION('',(0.,1.,0.));
#118 = PCURVE('',#32,#119);
#119 = DEFINITIONAL_REPRESENTATION('',(#120),#124);
#120 = LINE('',#121,#122);
#121 = CARTESIAN_POINT('',(16.,0.));
#122 = VECTOR('',#123,1.);
#123 = DIRECTION('',(0.,-1.));
#124 = ( GEOMETRIC_REPRESENTATION_CONTEXT(2) 
PARAMETRIC_REPRESENTATION_CONTEXT() REPRESENTATION_CONTEXT('2D SPACE',''
  ) );
#125 = PCURVE('',#126,#131);
#126 = PLANE('',#127);
#127 = AXIS2_PLACEMENT_3D('',#128,#129,#130);
#128 = CARTESIAN_POINT('',(-39.,-10.,16.));
#129 = DIRECTION('',(0.,0.,1.));
#130 = DIRECTION('',(1.,0.,0.));
#131 = DEFINITIONAL_REPRESENTATION('',(#132),#136);
#132 = LINE('',#133,#134);
#133 = CARTESIAN_POINT('',(0.,0.));
#134 = VECTOR('',#135,1.);
#135 = DIRECTION('',(0.,1.));
#136 = ( GEOMETRIC_REPRESENTATION_CONTEXT(2) 
PARAMETRIC_REPRESENTATION_CONTEXT() REPRESENTATION_CONTEXT('2D SPACE',''
  ) );
#137 = ADVANCED_FACE('',(#138),#44,.F.);
#138 = FACE_BOUND('',#139,.F.);
#139 = EDGE_LOOP('',(#140,#163,#164,#187));
#140 = ORIENTED_EDGE('',*,*,#141,.F.);
#141 = EDGE_CURVE('',#22,#142,#144,.T.);
#142 = VERTEX_POINT('',#143);
#143 = CARTESIAN_POINT('',(39.,-10.,0.));
#144 = SURFACE_CURVE('',#145,(#149,#156),.PCURVE_S1.);
#145 = LINE('',#146,#147);
#146 = CARTESIAN_POINT('',(-39.,-10.,0.));
#147 = VECTOR('',#148,1.);
#148 = DIRECTION('',(1.,0.,0.));
#149 = PCURVE('',#44,#150);
#150 = DEFINITIONAL_REPRESENTATION('',(#151),#155);
#151 = LINE('',#152,#153);
#152 = CARTESIAN_POINT('',(0.,0.));
#153 = VECTOR('',#154,1.);
#154 = DIRECTION('',(0.,1.));
#155 = ( GEOMETRIC_REPRESENTATION_CONTEXT(2) 
PARAMETRIC_REPRESENTATION_CONTEXT() REPRESENTATION_CONTEXT('2D SPACE',''
  ) );
#156 = PCURVE('',#72,#157);
#157 = DEFINITIONAL_REPRESENTATION('',(#158),#162);
#158 = LINE('',#159,#160);
#159 = CARTESIAN_POINT('',(0.,0.));
#160 = VECTOR('',#161,1.);
#161 = DIRECTION('',(1.,0.));
#162 = ( GEOMETRIC_REPRESENTATION_CONTEXT(2) 
PARAMETRIC_REPRESENTATION_CONTEXT() REPRESENTATION_CONTEXT('2D SPACE',''
  ) );
#163 = ORIENTED_EDGE('',*,*,#21,.T.);
#164 = ORIENTED_EDGE('',*,*,#165,.T.);
#165 = EDGE_CURVE('',#24,#166,#168,.T.);
#166 = VERTEX_POINT('',#167);
#167 = CARTESIAN_POINT('',(39.,-10.,16.));
#168 = SURFACE_CURVE('',#169,(#173,#180),.PCURVE_S1.);
#169 = LINE('',#170,#171);
#170 = CARTESIAN_POINT('',(-39.,-10.,16.));
#171 = VECTOR('',#172,1.);
#172 = DIRECTION('',(1.,0.,0.));
#173 = PCURVE('',#44,#174);
#174 = DEFINITIONAL_REPRESENTATION('',(#175),#179);
#175 = LINE('',#176,#177);
#176 = CARTESIAN_POINT('',(16.,0.));
#177 = VECTOR('',#178,1.);
#178 = DIRECTION('',(0.,1.));
#179 = ( GEOMETRIC_REPRESENTATION_CONTEXT(2) 
PARAMETRIC_REPRESENTATION_CONTEXT() REPRESENTATION_CONTEXT('2D SPACE',''
  ) );
#180 = PCURVE('',#126,#181);
#181 = DEFINITIONAL_REPRESENTATION('',(#182),#186);
#182 = LINE('',#183,#184);
#183 = CARTESIAN_POINT('',(0.,0.));
#184 = VECTOR('',#185,1.);
#185 = DIRECTION('',(1.,0.));
#186 = ( GEOMETRIC_REPRESENTATION_CONTEXT(2) 
PARAMETRIC_REPRESENTATION_CONTEXT() REPRESENTATION_CONTEXT('2D SPACE',''
  ) );
#187 = ORIENTED_EDGE('',*,*,#188,.F.);
#188 = EDGE_CURVE('',#142,#166,#189,.T.);
#189 = SURFACE_CURVE('',#190,(#194,#201),.PCURVE_S1.);
#190 = LINE('',#191,#192);
#191 = CARTESIAN_POINT('',(39.,-10.,0.));
#192 = VECTOR('',#193,1.);
#193 = DIRECTION('',(0.,0.,1.));
#194 = PCURVE('',#44,#195);
#195 = DEFINITIONAL_REPRESENTATION('',(#196),#200);
#196 = LINE('',#197,#198);
#197 = CARTESIAN_POINT('',(0.,78.));
#198 = VECTOR('',#199,1.);
#199 = DIRECTION('',(1.,0.));
#200 = ( GEOMETRIC_REPRESENTATION_CONTEXT(2) 
PARAMETRIC_REPRESENTATION_CONTEXT() REPRESENTATION_CONTEXT('2D SPACE',''
  ) );
#201 = PCURVE('',#202,#207);
#202 = PLANE('',#203);
#203 = AXIS2_PLACEMENT_3D('',#204,#205,#206);
#204 = CARTESIAN_POINT('',(39.,-10.,0.));
#205 = DIRECTION('',(1.,0.,0.));
#206 = DIRECTION('',(0.,0.,1.));
#207 = DEFINITIONAL_REPRESENTATION('',(#208),#212);
#208 = LINE('',#209,#210);
#209 = CARTESIAN_POINT('',(0.,0.));
#210 = VECTOR('',#211,1.);
#211 = DIRECTION('',(1.,0.));
#212 = ( GEOMETRIC_REPRESENTATION_CONTEXT(2) 
PARAMETRIC_REPRESENTATION_CONTEXT() REPRESENTATION_CONTEXT('2D SPACE',''
  ) );
#213 = ADVANCED_FACE('',(#214,#262,#553,#1511,#2917,#3205,#4181,#4287,
    #4393,#4499,#4605),#126,.T.);
#214 = FACE_BOUND('',#215,.T.);
#215 = EDGE_LOOP('',(#216,#217,#218,#241));
#216 = ORIENTED_EDGE('',*,*,#112,.F.);
#217 = ORIENTED_EDGE('',*,*,#165,.T.);
#218 = ORIENTED_EDGE('',*,*,#219,.T.);
#219 = EDGE_CURVE('',#166,#220,#222,.T.);
#220 = VERTEX_POINT('',#221);
#221 = CARTESIAN_POINT('',(39.,10.,16.));
#222 = SURFACE_CURVE('',#223,(#227,#234),.PCURVE_S1.);
#223 = LINE('',#224,#225);
#224 = CARTESIAN_POINT('',(39.,-10.,16.));
#225 = VECTOR('',#226,1.);
#226 = DIRECTION('',(0.,1.,0.));
#227 = PCURVE('',#126,#228);
#228 = DEFINITIONAL_REPRESENTATION('',(#229),#233);
#229 = LINE('',#230,#231);
#230 = CARTESIAN_POINT('',(78.,0.));
#231 = VECTOR('',#232,1.);
#232 = DIRECTION('',(0.,1.));
#233 = ( GEOMETRIC_REPRESENTATION_CONTEXT(2) 
PARAMETRIC_REPRESENTATION_CONTEXT() REPRESENTATION_CONTEXT('2D SPACE',''
  ) );
#234 = PCURVE('',#202,#235);
#235 = DEFINITIONAL_REPRESENTATION('',(#236),#240);
#236 = LINE('',#237,#238);
#237 = CARTESIAN_POINT('',(16.,0.));
#238 = VECTOR('',#239,1.);
#239 = DIRECTION('',(0.,-1.));
#240 = ( GEOMETRIC_REPRESENTATION_CONTEXT(2) 
PARAMETRIC_REPRESENTATION_CONTEXT() REPRESENTATION_CONTEXT('2D SPACE',''
  ) );
#241 = ORIENTED_EDGE('',*,*,#242,.F.);
#242 = EDGE_CURVE('',#85,#220,#243,.T.);
#243 = SURFACE_CURVE('',#244,(#248,#255),.PCURVE_S1.);
#244 = LINE('',#245,#246);
#245 = CARTESIAN_POINT('',(-39.,10.,16.));
#246 = VECTOR('',#247,1.);
#247 = DIRECTION('',(1.,0.,0.));
#248 = PCURVE('',#126,#249);
#249 = DEFINITIONAL_REPRESENTATION('',(#250),#254);
#250 = LINE('',#251,#252);
#251 = CARTESIAN_POINT('',(0.,20.));
#252 = VECTOR('',#253,1.);
#253 = DIRECTION('',(1.,0.));
#254 = ( GEOMETRIC_REPRESENTATION_CONTEXT(2) 
PARAMETRIC_REPRESENTATION_CONTEXT() REPRESENTATION_CONTEXT('2D SPACE',''
  ) );
#255 = PCURVE('',#100,#256);
#256 = DEFINITIONAL_REPRESENTATION('',(#257),#261);
#257 = LINE('',#258,#259);
#258 = CARTESIAN_POINT('',(16.,0.));
#259 = VECTOR('',#260,1.);
#260 = DIRECTION('',(0.,1.));
#261 = ( GEOMETRIC_REPRESENTATION_CONTEXT(2) 
PARAMETRIC_REPRESENTATION_CONTEXT() REPRESENTATION_CONTEXT('2D SPACE',''
  ) );
#262 = FACE_BOUND('',#263,.T.);
#263 = EDGE_LOOP('',(#264,#292,#318,#344,#383,#422,#448,#487,#529));
#264 = ORIENTED_EDGE('',*,*,#265,.F.);
#265 = EDGE_CURVE('',#266,#268,#270,.T.);
#266 = VERTEX_POINT('',#267);
#267 = CARTESIAN_POINT('',(-29.57482910156,-6.486450195312,16.));
#268 = VERTEX_POINT('',#269);
#269 = CARTESIAN_POINT('',(-29.57482910156,-3.252075195312,16.));
#270 = SURFACE_CURVE('',#271,(#275,#281),.PCURVE_S1.);
#271 = LINE('',#272,#273);
#272 = CARTESIAN_POINT('',(-29.57482910156,-6.626037597656,16.));
#273 = VECTOR('',#274,1.);
#274 = DIRECTION('',(0.,1.,0.));
#275 = PCURVE('',#126,#276);
#276 = DEFINITIONAL_REPRESENTATION('',(#277),#280);
#277 = B_SPLINE_CURVE_WITH_KNOTS('',1,(#278,#279),.UNSPECIFIED.,.F.,.F.,
  (2,2),(0.139587402344,3.373962402344),.PIECEWISE_BEZIER_KNOTS.);
#278 = CARTESIAN_POINT('',(9.425170898438,3.513549804688));
#279 = CARTESIAN_POINT('',(9.425170898438,6.747924804688));
#280 = ( GEOMETRIC_REPRESENTATION_CONTEXT(2) 
PARAMETRIC_REPRESENTATION_CONTEXT() REPRESENTATION_CONTEXT('2D SPACE',''
  ) );
#281 = PCURVE('',#282,#287);
#282 = PLANE('',#283);
#283 = AXIS2_PLACEMENT_3D('',#284,#285,#286);
#284 = CARTESIAN_POINT('',(-29.57482910156,-3.252075195312,15.95));
#285 = DIRECTION('',(1.,0.,0.));
#286 = DIRECTION('',(0.,-1.,0.));
#287 = DEFINITIONAL_REPRESENTATION('',(#288),#291);
#288 = B_SPLINE_CURVE_WITH_KNOTS('',1,(#289,#290),.UNSPECIFIED.,.F.,.F.,
  (2,2),(0.139587402344,3.373962402344),.PIECEWISE_BEZIER_KNOTS.);
#289 = CARTESIAN_POINT('',(3.234375,-5.E-02));
#290 = CARTESIAN_POINT('',(0.,-5.E-02));
#291 = ( GEOMETRIC_REPRESENTATION_CONTEXT(2) 
PARAMETRIC_REPRESENTATION_CONTEXT() REPRESENTATION_CONTEXT('2D SPACE',''
  ) );
#292 = ORIENTED_EDGE('',*,*,#293,.F.);
#293 = EDGE_CURVE('',#294,#266,#296,.T.);
#294 = VERTEX_POINT('',#295);
#295 = CARTESIAN_POINT('',(-29.97033691406,-6.486450195312,16.));
#296 = SURFACE_CURVE('',#297,(#301,#307),.PCURVE_S1.);
#297 = LINE('',#298,#299);
#298 = CARTESIAN_POINT('',(-34.28741455078,-6.486450195312,16.));
#299 = VECTOR('',#300,1.);
#300 = DIRECTION('',(1.,0.,-0.));
#301 = PCURVE('',#126,#302);
#302 = DEFINITIONAL_REPRESENTATION('',(#303),#306);
#303 = B_SPLINE_CURVE_WITH_KNOTS('',1,(#304,#305),.UNSPECIFIED.,.F.,.F.,
  (2,2),(4.317077636719,4.712585449219),.PIECEWISE_BEZIER_KNOTS.);
#304 = CARTESIAN_POINT('',(9.029663085938,3.513549804688));
#305 = CARTESIAN_POINT('',(9.425170898438,3.513549804688));
#306 = ( GEOMETRIC_REPRESENTATION_CONTEXT(2) 
PARAMETRIC_REPRESENTATION_CONTEXT() REPRESENTATION_CONTEXT('2D SPACE',''
  ) );
#307 = PCURVE('',#308,#313);
#308 = PLANE('',#309);
#309 = AXIS2_PLACEMENT_3D('',#310,#311,#312);
#310 = CARTESIAN_POINT('',(-29.57482910156,-6.486450195312,15.95));
#311 = DIRECTION('',(0.,-1.,0.));
#312 = DIRECTION('',(-1.,0.,0.));
#313 = DEFINITIONAL_REPRESENTATION('',(#314),#317);
#314 = B_SPLINE_CURVE_WITH_KNOTS('',1,(#315,#316),.UNSPECIFIED.,.F.,.F.,
  (2,2),(4.317077636719,4.712585449219),.PIECEWISE_BEZIER_KNOTS.);
#315 = CARTESIAN_POINT('',(0.3955078125,-5.E-02));
#316 = CARTESIAN_POINT('',(0.,-5.E-02));
#317 = ( GEOMETRIC_REPRESENTATION_CONTEXT(2) 
PARAMETRIC_REPRESENTATION_CONTEXT() REPRESENTATION_CONTEXT('2D SPACE',''
  ) );
#318 = ORIENTED_EDGE('',*,*,#319,.F.);
#319 = EDGE_CURVE('',#320,#294,#322,.T.);
#320 = VERTEX_POINT('',#321);
#321 = CARTESIAN_POINT('',(-29.97033691406,-3.966186523438,16.));
#322 = SURFACE_CURVE('',#323,(#327,#333),.PCURVE_S1.);
#323 = LINE('',#324,#325);
#324 = CARTESIAN_POINT('',(-29.97033691406,-8.243225097656,16.));
#325 = VECTOR('',#326,1.);
#326 = DIRECTION('',(0.,-1.,0.));
#327 = PCURVE('',#126,#328);
#328 = DEFINITIONAL_REPRESENTATION('',(#329),#332);
#329 = B_SPLINE_CURVE_WITH_KNOTS('',1,(#330,#331),.UNSPECIFIED.,.F.,.F.,
  (2,2),(-4.277038574219,-1.756774902344),.PIECEWISE_BEZIER_KNOTS.);
#330 = CARTESIAN_POINT('',(9.029663085938,6.033813476562));
#331 = CARTESIAN_POINT('',(9.029663085938,3.513549804688));
#332 = ( GEOMETRIC_REPRESENTATION_CONTEXT(2) 
PARAMETRIC_REPRESENTATION_CONTEXT() REPRESENTATION_CONTEXT('2D SPACE',''
  ) );
#333 = PCURVE('',#334,#339);
#334 = PLANE('',#335);
#335 = AXIS2_PLACEMENT_3D('',#336,#337,#338);
#336 = CARTESIAN_POINT('',(-29.97033691406,-6.486450195312,15.95));
#337 = DIRECTION('',(-1.,0.,0.));
#338 = DIRECTION('',(0.,1.,0.));
#339 = DEFINITIONAL_REPRESENTATION('',(#340),#343);
#340 = B_SPLINE_CURVE_WITH_KNOTS('',1,(#341,#342),.UNSPECIFIED.,.F.,.F.,
  (2,2),(-4.277038574219,-1.756774902344),.PIECEWISE_BEZIER_KNOTS.);
#341 = CARTESIAN_POINT('',(2.520263671875,-5.E-02));
#342 = CARTESIAN_POINT('',(0.,-5.E-02));
#343 = ( GEOMETRIC_REPRESENTATION_CONTEXT(2) 
PARAMETRIC_REPRESENTATION_CONTEXT() REPRESENTATION_CONTEXT('2D SPACE',''
  ) );
#344 = ORIENTED_EDGE('',*,*,#345,.F.);
#345 = EDGE_CURVE('',#346,#320,#348,.T.);
#346 = VERTEX_POINT('',#347);
#347 = CARTESIAN_POINT('',(-30.34497070312,-4.238647460938,16.));
#348 = SURFACE_CURVE('',#349,(#356,#366),.PCURVE_S1.);
#349 = B_SPLINE_CURVE_WITH_KNOTS('',5,(#350,#351,#352,#353,#354,#355),
  .UNSPECIFIED.,.F.,.F.,(6,6),(0.,1.),.PIECEWISE_BEZIER_KNOTS.);
#350 = CARTESIAN_POINT('',(-30.34497070312,-4.238647460938,16.));
#351 = CARTESIAN_POINT('',(-30.25488246805,-4.185704611892,16.));
#352 = CARTESIAN_POINT('',(-30.17179338196,-4.131938346589,16.));
#353 = CARTESIAN_POINT('',(-30.09628360187,-4.077383235251,16.));
#354 = CARTESIAN_POINT('',(-30.02895624589,-4.022100347651,16.));
#355 = CARTESIAN_POINT('',(-29.97033691406,-3.966186523438,16.));
#356 = PCURVE('',#126,#357);
#357 = DEFINITIONAL_REPRESENTATION('',(#358),#365);
#358 = B_SPLINE_CURVE_WITH_KNOTS('',5,(#359,#360,#361,#362,#363,#364),
  .UNSPECIFIED.,.F.,.F.,(6,6),(0.,1.),.PIECEWISE_BEZIER_KNOTS.);
#359 = CARTESIAN_POINT('',(8.655029296875,5.761352539062));
#360 = CARTESIAN_POINT('',(8.745117531945,5.814295388108));
#361 = CARTESIAN_POINT('',(8.828206618038,5.868061653411));
#362 = CARTESIAN_POINT('',(8.903716398128,5.922616764749));
#363 = CARTESIAN_POINT('',(8.971043754101,5.977899652349));
#364 = CARTESIAN_POINT('',(9.029663085938,6.033813476562));
#365 = ( GEOMETRIC_REPRESENTATION_CONTEXT(2) 
PARAMETRIC_REPRESENTATION_CONTEXT() REPRESENTATION_CONTEXT('2D SPACE',''
  ) );
#366 = PCURVE('',#367,#374);
#367 = SURFACE_OF_LINEAR_EXTRUSION('',#368,#372);
#368 = B_SPLINE_CURVE_WITH_KNOTS('',2,(#369,#370,#371),.UNSPECIFIED.,.F.
  ,.F.,(3,3),(0.,1.),.PIECEWISE_BEZIER_KNOTS.);
#369 = CARTESIAN_POINT('',(-29.97033691406,-3.966186523438,15.95));
#370 = CARTESIAN_POINT('',(-30.11315917968,-4.102416992188,15.95));
#371 = CARTESIAN_POINT('',(-30.34497070312,-4.238647460938,15.95));
#372 = VECTOR('',#373,1.);
#373 = DIRECTION('',(-0.,-0.,-1.));
#374 = DEFINITIONAL_REPRESENTATION('',(#375),#382);
#375 = B_SPLINE_CURVE_WITH_KNOTS('',5,(#376,#377,#378,#379,#380,#381),
  .UNSPECIFIED.,.F.,.F.,(6,6),(0.,1.),.PIECEWISE_BEZIER_KNOTS.);
#376 = CARTESIAN_POINT('',(1.,-5.E-02));
#377 = CARTESIAN_POINT('',(0.805686460849,-5.E-02));
#378 = CARTESIAN_POINT('',(0.608350777444,-5.E-02));
#379 = CARTESIAN_POINT('',(0.408119831173,-5.E-02));
#380 = CARTESIAN_POINT('',(0.20521776342,-5.E-02));
#381 = CARTESIAN_POINT('',(0.,-5.E-02));
#382 = ( GEOMETRIC_REPRESENTATION_CONTEXT(2) 
PARAMETRIC_REPRESENTATION_CONTEXT() REPRESENTATION_CONTEXT('2D SPACE',''
  ) );
#383 = ORIENTED_EDGE('',*,*,#384,.F.);
#384 = EDGE_CURVE('',#385,#346,#387,.T.);
#385 = VERTEX_POINT('',#386);
#386 = CARTESIAN_POINT('',(-30.76135253906,-4.442993164062,16.));
#387 = SURFACE_CURVE('',#388,(#395,#405),.PCURVE_S1.);
#388 = B_SPLINE_CURVE_WITH_KNOTS('',5,(#389,#390,#391,#392,#393,#394),
  .UNSPECIFIED.,.F.,.F.,(6,6),(0.,1.),.PIECEWISE_BEZIER_KNOTS.);
#389 = CARTESIAN_POINT('',(-30.76135253906,-4.442993164062,16.));
#390 = CARTESIAN_POINT('',(-30.68555939508,-4.415021884739,16.));
#391 = CARTESIAN_POINT('',(-30.60568759905,-4.380203823442,16.));
#392 = CARTESIAN_POINT('',(-30.52207542347,-4.338918214447,16.));
#393 = CARTESIAN_POINT('',(-30.43506616292,-4.291594555793,16.));
#394 = CARTESIAN_POINT('',(-30.34497070312,-4.238647460938,16.));
#395 = PCURVE('',#126,#396);
#396 = DEFINITIONAL_REPRESENTATION('',(#397),#404);
#397 = B_SPLINE_CURVE_WITH_KNOTS('',5,(#398,#399,#400,#401,#402,#403),
  .UNSPECIFIED.,.F.,.F.,(6,6),(0.,1.),.PIECEWISE_BEZIER_KNOTS.);
#398 = CARTESIAN_POINT('',(8.238647460938,5.557006835938));
#399 = CARTESIAN_POINT('',(8.314440604912,5.584978115261));
#400 = CARTESIAN_POINT('',(8.394312400945,5.619796176558));
#401 = CARTESIAN_POINT('',(8.477924576528,5.661081785553));
#402 = CARTESIAN_POINT('',(8.56493383708,5.708405444207));
#403 = CARTESIAN_POINT('',(8.655029296875,5.761352539062));
#404 = ( GEOMETRIC_REPRESENTATION_CONTEXT(2) 
PARAMETRIC_REPRESENTATION_CONTEXT() REPRESENTATION_CONTEXT('2D SPACE',''
  ) );
#405 = PCURVE('',#406,#413);
#406 = SURFACE_OF_LINEAR_EXTRUSION('',#407,#411);
#407 = B_SPLINE_CURVE_WITH_KNOTS('',2,(#408,#409,#410),.UNSPECIFIED.,.F.
  ,.F.,(3,3),(0.,1.),.PIECEWISE_BEZIER_KNOTS.);
#408 = CARTESIAN_POINT('',(-30.34497070312,-4.238647460938,15.95));
#409 = CARTESIAN_POINT('',(-30.57678222656,-4.374877929688,15.95));
#410 = CARTESIAN_POINT('',(-30.76135253906,-4.442993164062,15.95));
#411 = VECTOR('',#412,1.);
#412 = DIRECTION('',(-0.,-0.,-1.));
#413 = DEFINITIONAL_REPRESENTATION('',(#414),#421);
#414 = B_SPLINE_CURVE_WITH_KNOTS('',5,(#415,#416,#417,#418,#419,#420),
  .UNSPECIFIED.,.F.,.F.,(6,6),(0.,1.),.PIECEWISE_BEZIER_KNOTS.);
#415 = CARTESIAN_POINT('',(1.,-5.E-02));
#416 = CARTESIAN_POINT('',(0.794676773995,-5.E-02));
#417 = CARTESIAN_POINT('',(0.591792661507,-5.E-02));
#418 = CARTESIAN_POINT('',(0.391621658314,-5.E-02));
#419 = CARTESIAN_POINT('',(0.194329122338,-5.E-02));
#420 = CARTESIAN_POINT('',(0.,-5.E-02));
#421 = ( GEOMETRIC_REPRESENTATION_CONTEXT(2) 
PARAMETRIC_REPRESENTATION_CONTEXT() REPRESENTATION_CONTEXT('2D SPACE',''
  ) );
#422 = ORIENTED_EDGE('',*,*,#423,.F.);
#423 = EDGE_CURVE('',#424,#385,#426,.T.);
#424 = VERTEX_POINT('',#425);
#425 = CARTESIAN_POINT('',(-30.76135253906,-4.060668945312,16.));
#426 = SURFACE_CURVE('',#427,(#431,#437),.PCURVE_S1.);
#427 = LINE('',#428,#429);
#428 = CARTESIAN_POINT('',(-30.76135253906,-7.221496582031,16.));
#429 = VECTOR('',#430,1.);
#430 = DIRECTION('',(0.,-1.,0.));
#431 = PCURVE('',#126,#432);
#432 = DEFINITIONAL_REPRESENTATION('',(#433),#436);
#433 = B_SPLINE_CURVE_WITH_KNOTS('',1,(#434,#435),.UNSPECIFIED.,.F.,.F.,
  (2,2),(-3.160827636719,-2.778503417969),.PIECEWISE_BEZIER_KNOTS.);
#434 = CARTESIAN_POINT('',(8.238647460938,5.939331054688));
#435 = CARTESIAN_POINT('',(8.238647460938,5.557006835938));
#436 = ( GEOMETRIC_REPRESENTATION_CONTEXT(2) 
PARAMETRIC_REPRESENTATION_CONTEXT() REPRESENTATION_CONTEXT('2D SPACE',''
  ) );
#437 = PCURVE('',#438,#443);
#438 = PLANE('',#439);
#439 = AXIS2_PLACEMENT_3D('',#440,#441,#442);
#440 = CARTESIAN_POINT('',(-30.76135253906,-4.442993164062,15.95));
#441 = DIRECTION('',(-1.,0.,0.));
#442 = DIRECTION('',(0.,1.,0.));
#443 = DEFINITIONAL_REPRESENTATION('',(#444),#447);
#444 = B_SPLINE_CURVE_WITH_KNOTS('',1,(#445,#446),.UNSPECIFIED.,.F.,.F.,
  (2,2),(-3.160827636719,-2.778503417969),.PIECEWISE_BEZIER_KNOTS.);
#445 = CARTESIAN_POINT('',(0.38232421875,-5.E-02));
#446 = CARTESIAN_POINT('',(0.,-5.E-02));
#447 = ( GEOMETRIC_REPRESENTATION_CONTEXT(2) 
PARAMETRIC_REPRESENTATION_CONTEXT() REPRESENTATION_CONTEXT('2D SPACE',''
  ) );
#448 = ORIENTED_EDGE('',*,*,#449,.F.);
#449 = EDGE_CURVE('',#450,#424,#452,.T.);
#450 = VERTEX_POINT('',#451);
#451 = CARTESIAN_POINT('',(-30.18127441406,-3.682739257812,16.));
#452 = SURFACE_CURVE('',#453,(#460,#470),.PCURVE_S1.);
#453 = B_SPLINE_CURVE_WITH_KNOTS('',5,(#454,#455,#456,#457,#458,#459),
  .UNSPECIFIED.,.F.,.F.,(6,6),(0.,1.),.PIECEWISE_BEZIER_KNOTS.);
#454 = CARTESIAN_POINT('',(-30.18127441406,-3.682739257812,16.));
#455 = CARTESIAN_POINT('',(-30.28193568426,-3.772710835602,16.));
#456 = CARTESIAN_POINT('',(-30.39074536945,-3.855527485397,16.));
#457 = CARTESIAN_POINT('',(-30.50728847742,-3.931064917889,16.));
#458 = CARTESIAN_POINT('',(-30.63102125016,-3.999387345895,16.));
#459 = CARTESIAN_POINT('',(-30.76135253906,-4.060668945312,16.));
#460 = PCURVE('',#126,#461);
#461 = DEFINITIONAL_REPRESENTATION('',(#462),#469);
#462 = B_SPLINE_CURVE_WITH_KNOTS('',5,(#463,#464,#465,#466,#467,#468),
  .UNSPECIFIED.,.F.,.F.,(6,6),(0.,1.),.PIECEWISE_BEZIER_KNOTS.);
#463 = CARTESIAN_POINT('',(8.818725585938,6.317260742188));
#464 = CARTESIAN_POINT('',(8.718064315737,6.227289164398));
#465 = CARTESIAN_POINT('',(8.609254630545,6.144472514603));
#466 = CARTESIAN_POINT('',(8.492711522578,6.068935082111));
#467 = CARTESIAN_POINT('',(8.368978749839,6.000612654105));
#468 = CARTESIAN_POINT('',(8.238647460938,5.939331054688));
#469 = ( GEOMETRIC_REPRESENTATION_CONTEXT(2) 
PARAMETRIC_REPRESENTATION_CONTEXT() REPRESENTATION_CONTEXT('2D SPACE',''
  ) );
#470 = PCURVE('',#471,#478);
#471 = SURFACE_OF_LINEAR_EXTRUSION('',#472,#476);
#472 = B_SPLINE_CURVE_WITH_KNOTS('',2,(#473,#474,#475),.UNSPECIFIED.,.F.
  ,.F.,(3,3),(0.,1.),.PIECEWISE_BEZIER_KNOTS.);
#473 = CARTESIAN_POINT('',(-30.76135253906,-4.060668945312,15.95));
#474 = CARTESIAN_POINT('',(-30.42956542968,-3.904663085938,15.95));
#475 = CARTESIAN_POINT('',(-30.18127441406,-3.682739257812,15.95));
#476 = VECTOR('',#477,1.);
#477 = DIRECTION('',(-0.,-0.,-1.));
#478 = DEFINITIONAL_REPRESENTATION('',(#479),#486);
#479 = B_SPLINE_CURVE_WITH_KNOTS('',5,(#480,#481,#482,#483,#484,#485),
  .UNSPECIFIED.,.F.,.F.,(6,6),(0.,1.),.PIECEWISE_BEZIER_KNOTS.);
#480 = CARTESIAN_POINT('',(1.,-5.E-02));
#481 = CARTESIAN_POINT('',(0.797291758731,-5.E-02));
#482 = CARTESIAN_POINT('',(0.595447234169,-5.E-02));
#483 = CARTESIAN_POINT('',(0.395007067844,-5.E-02));
#484 = CARTESIAN_POINT('',(0.196408005644,-5.E-02));
#485 = CARTESIAN_POINT('',(0.,-5.E-02));
#486 = ( GEOMETRIC_REPRESENTATION_CONTEXT(2) 
PARAMETRIC_REPRESENTATION_CONTEXT() REPRESENTATION_CONTEXT('2D SPACE',''
  ) );
#487 = ORIENTED_EDGE('',*,*,#488,.F.);
#488 = EDGE_CURVE('',#489,#450,#491,.T.);
#489 = VERTEX_POINT('',#490);
#490 = CARTESIAN_POINT('',(-29.82971191406,-3.252075195312,16.));
#491 = SURFACE_CURVE('',#492,(#500,#511),.PCURVE_S1.);
#492 = B_SPLINE_CURVE_WITH_KNOTS('',6,(#493,#494,#495,#496,#497,#498,
    #499),.UNSPECIFIED.,.F.,.F.,(7,7),(0.,1.),.PIECEWISE_BEZIER_KNOTS.);
#493 = CARTESIAN_POINT('',(-29.82971191406,-3.252075195312,16.));
#494 = CARTESIAN_POINT('',(-29.86550041454,-3.324413653725,16.));
#495 = CARTESIAN_POINT('',(-29.91130462942,-3.396824808397,16.));
#496 = CARTESIAN_POINT('',(-29.96653922664,-3.469043367153,16.));
#497 = CARTESIAN_POINT('',(-30.03045379458,-3.540862666544,16.));
#498 = CARTESIAN_POINT('',(-30.10227490637,-3.612129078375,16.));
#499 = CARTESIAN_POINT('',(-30.18127441406,-3.682739257812,16.));
#500 = PCURVE('',#126,#501);
#501 = DEFINITIONAL_REPRESENTATION('',(#502),#510);
#502 = B_SPLINE_CURVE_WITH_KNOTS('',6,(#503,#504,#505,#506,#507,#508,
    #509),.UNSPECIFIED.,.F.,.F.,(7,7),(0.,1.),.PIECEWISE_BEZIER_KNOTS.);
#503 = CARTESIAN_POINT('',(9.170288085938,6.747924804688));
#504 = CARTESIAN_POINT('',(9.13449958546,6.675586346275));
#505 = CARTESIAN_POINT('',(9.088695370576,6.603175191603));
#506 = CARTESIAN_POINT('',(9.03346077336,6.530956632847));
#507 = CARTESIAN_POINT('',(8.969546205417,6.459137333456));
#508 = CARTESIAN_POINT('',(8.897725093625,6.387870921625));
#509 = CARTESIAN_POINT('',(8.818725585938,6.317260742188));
#510 = ( GEOMETRIC_REPRESENTATION_CONTEXT(2) 
PARAMETRIC_REPRESENTATION_CONTEXT() REPRESENTATION_CONTEXT('2D SPACE',''
  ) );
#511 = PCURVE('',#512,#519);
#512 = SURFACE_OF_LINEAR_EXTRUSION('',#513,#517);
#513 = B_SPLINE_CURVE_WITH_KNOTS('',2,(#514,#515,#516),.UNSPECIFIED.,.F.
  ,.F.,(3,3),(0.,1.),.PIECEWISE_BEZIER_KNOTS.);
#514 = CARTESIAN_POINT('',(-30.18127441406,-3.682739257812,15.95));
#515 = CARTESIAN_POINT('',(-29.93298339843,-3.460815429688,15.95));
#516 = CARTESIAN_POINT('',(-29.82971191406,-3.252075195312,15.95));
#517 = VECTOR('',#518,1.);
#518 = DIRECTION('',(-0.,-0.,-1.));
#519 = DEFINITIONAL_REPRESENTATION('',(#520),#528);
#520 = B_SPLINE_CURVE_WITH_KNOTS('',6,(#521,#522,#523,#524,#525,#526,
    #527),.UNSPECIFIED.,.F.,.F.,(7,7),(0.,1.),.PIECEWISE_BEZIER_KNOTS.);
#521 = CARTESIAN_POINT('',(1.,-5.E-02));
#522 = CARTESIAN_POINT('',(0.826726125347,-5.E-02));
#523 = CARTESIAN_POINT('',(0.655553618069,-5.E-02));
#524 = CARTESIAN_POINT('',(0.487014402241,-5.E-02));
#525 = CARTESIAN_POINT('',(0.321455713584,-5.E-02));
#526 = CARTESIAN_POINT('',(0.159086520889,-5.E-02));
#527 = CARTESIAN_POINT('',(0.,-5.E-02));
#528 = ( GEOMETRIC_REPRESENTATION_CONTEXT(2) 
PARAMETRIC_REPRESENTATION_CONTEXT() REPRESENTATION_CONTEXT('2D SPACE',''
  ) );
#529 = ORIENTED_EDGE('',*,*,#530,.F.);
#530 = EDGE_CURVE('',#268,#489,#531,.T.);
#531 = SURFACE_CURVE('',#532,(#536,#542),.PCURVE_S1.);
#532 = LINE('',#533,#534);
#533 = CARTESIAN_POINT('',(-34.41485595703,-3.252075195312,16.));
#534 = VECTOR('',#535,1.);
#535 = DIRECTION('',(-1.,0.,0.));
#536 = PCURVE('',#126,#537);
#537 = DEFINITIONAL_REPRESENTATION('',(#538),#541);
#538 = B_SPLINE_CURVE_WITH_KNOTS('',1,(#539,#540),.UNSPECIFIED.,.F.,.F.,
  (2,2),(-4.840026855469,-4.585144042969),.PIECEWISE_BEZIER_KNOTS.);
#539 = CARTESIAN_POINT('',(9.425170898438,6.747924804688));
#540 = CARTESIAN_POINT('',(9.170288085938,6.747924804688));
#541 = ( GEOMETRIC_REPRESENTATION_CONTEXT(2) 
PARAMETRIC_REPRESENTATION_CONTEXT() REPRESENTATION_CONTEXT('2D SPACE',''
  ) );
#542 = PCURVE('',#543,#548);
#543 = PLANE('',#544);
#544 = AXIS2_PLACEMENT_3D('',#545,#546,#547);
#545 = CARTESIAN_POINT('',(-29.82971191406,-3.252075195312,15.95));
#546 = DIRECTION('',(0.,1.,0.));
#547 = DIRECTION('',(1.,0.,0.));
#548 = DEFINITIONAL_REPRESENTATION('',(#549),#552);
#549 = B_SPLINE_CURVE_WITH_KNOTS('',1,(#550,#551),.UNSPECIFIED.,.F.,.F.,
  (2,2),(-4.840026855469,-4.585144042969),.PIECEWISE_BEZIER_KNOTS.);
#550 = CARTESIAN_POINT('',(0.2548828125,-5.E-02));
#551 = CARTESIAN_POINT('',(0.,-5.E-02));
#552 = ( GEOMETRIC_REPRESENTATION_CONTEXT(2) 
PARAMETRIC_REPRESENTATION_CONTEXT() REPRESENTATION_CONTEXT('2D SPACE',''
  ) );
#553 = FACE_BOUND('',#554,.T.);
#554 = EDGE_LOOP('',(#555,#583,#609,#635,#680,#719,#761,#806,#848,#899,
    #950,#1001,#1052,#1078,#1135,#1198,#1255,#1306,#1351,#1390,#1432,
    #1477));
#555 = ORIENTED_EDGE('',*,*,#556,.F.);
#556 = EDGE_CURVE('',#557,#559,#561,.T.);
#557 = VERTEX_POINT('',#558);
#558 = CARTESIAN_POINT('',(-13.98596191406,-6.106323242188,16.));
#559 = VERTEX_POINT('',#560);
#560 = CARTESIAN_POINT('',(-15.56579589843,-6.106323242188,16.));
#561 = SURFACE_CURVE('',#562,(#566,#572),.PCURVE_S1.);
#562 = LINE('',#563,#564);
#563 = CARTESIAN_POINT('',(-27.28289794921,-6.106323242188,16.));
#564 = VECTOR('',#565,1.);
#565 = DIRECTION('',(-1.,0.,0.));
#566 = PCURVE('',#126,#567);
#567 = DEFINITIONAL_REPRESENTATION('',(#568),#571);
#568 = B_SPLINE_CURVE_WITH_KNOTS('',1,(#569,#570),.UNSPECIFIED.,.F.,.F.,
  (2,2),(-13.29693603515,-11.71710205078),.PIECEWISE_BEZIER_KNOTS.);
#569 = CARTESIAN_POINT('',(25.014038085938,3.893676757812));
#570 = CARTESIAN_POINT('',(23.434204101562,3.893676757812));
#571 = ( GEOMETRIC_REPRESENTATION_CONTEXT(2) 
PARAMETRIC_REPRESENTATION_CONTEXT() REPRESENTATION_CONTEXT('2D SPACE',''
  ) );
#572 = PCURVE('',#573,#578);
#573 = PLANE('',#574);
#574 = AXIS2_PLACEMENT_3D('',#575,#576,#577);
#575 = CARTESIAN_POINT('',(-15.56579589843,-6.106323242188,15.95));
#576 = DIRECTION('',(0.,1.,0.));
#577 = DIRECTION('',(1.,0.,0.));
#578 = DEFINITIONAL_REPRESENTATION('',(#579),#582);
#579 = B_SPLINE_CURVE_WITH_KNOTS('',1,(#580,#581),.UNSPECIFIED.,.F.,.F.,
  (2,2),(-13.29693603515,-11.71710205078),.PIECEWISE_BEZIER_KNOTS.);
#580 = CARTESIAN_POINT('',(1.579833984375,-5.E-02));
#581 = CARTESIAN_POINT('',(0.,-5.E-02));
#582 = ( GEOMETRIC_REPRESENTATION_CONTEXT(2) 
PARAMETRIC_REPRESENTATION_CONTEXT() REPRESENTATION_CONTEXT('2D SPACE',''
  ) );
#583 = ORIENTED_EDGE('',*,*,#584,.F.);
#584 = EDGE_CURVE('',#585,#557,#587,.T.);
#585 = VERTEX_POINT('',#586);
#586 = CARTESIAN_POINT('',(-13.98596191406,-6.486450195312,16.));
#587 = SURFACE_CURVE('',#588,(#592,#598),.PCURVE_S1.);
#588 = LINE('',#589,#590);
#589 = CARTESIAN_POINT('',(-13.98596191406,-8.053161621094,16.));
#590 = VECTOR('',#591,1.);
#591 = DIRECTION('',(0.,1.,0.));
#592 = PCURVE('',#126,#593);
#593 = DEFINITIONAL_REPRESENTATION('',(#594),#597);
#594 = B_SPLINE_CURVE_WITH_KNOTS('',1,(#595,#596),.UNSPECIFIED.,.F.,.F.,
  (2,2),(1.566711425781,1.946838378906),.PIECEWISE_BEZIER_KNOTS.);
#595 = CARTESIAN_POINT('',(25.014038085938,3.513549804688));
#596 = CARTESIAN_POINT('',(25.014038085938,3.893676757812));
#597 = ( GEOMETRIC_REPRESENTATION_CONTEXT(2) 
PARAMETRIC_REPRESENTATION_CONTEXT() REPRESENTATION_CONTEXT('2D SPACE',''
  ) );
#598 = PCURVE('',#599,#604);
#599 = PLANE('',#600);
#600 = AXIS2_PLACEMENT_3D('',#601,#602,#603);
#601 = CARTESIAN_POINT('',(-13.98596191406,-6.106323242188,15.95));
#602 = DIRECTION('',(1.,0.,0.));
#603 = DIRECTION('',(0.,-1.,0.));
#604 = DEFINITIONAL_REPRESENTATION('',(#605),#608);
#605 = B_SPLINE_CURVE_WITH_KNOTS('',1,(#606,#607),.UNSPECIFIED.,.F.,.F.,
  (2,2),(1.566711425781,1.946838378906),.PIECEWISE_BEZIER_KNOTS.);
#606 = CARTESIAN_POINT('',(0.380126953125,-5.E-02));
#607 = CARTESIAN_POINT('',(0.,-5.E-02));
#608 = ( GEOMETRIC_REPRESENTATION_CONTEXT(2) 
PARAMETRIC_REPRESENTATION_CONTEXT() REPRESENTATION_CONTEXT('2D SPACE',''
  ) );
#609 = ORIENTED_EDGE('',*,*,#610,.F.);
#610 = EDGE_CURVE('',#611,#585,#613,.T.);
#611 = VERTEX_POINT('',#612);
#612 = CARTESIAN_POINT('',(-16.11511230468,-6.486450195312,16.));
#613 = SURFACE_CURVE('',#614,(#618,#624),.PCURVE_S1.);
#614 = LINE('',#615,#616);
#615 = CARTESIAN_POINT('',(-26.49298095703,-6.486450195312,16.));
#616 = VECTOR('',#617,1.);
#617 = DIRECTION('',(1.,0.,-0.));
#618 = PCURVE('',#126,#619);
#619 = DEFINITIONAL_REPRESENTATION('',(#620),#623);
#620 = B_SPLINE_CURVE_WITH_KNOTS('',1,(#621,#622),.UNSPECIFIED.,.F.,.F.,
  (2,2),(10.377868652344,12.507019042969),.PIECEWISE_BEZIER_KNOTS.);
#621 = CARTESIAN_POINT('',(22.884887695312,3.513549804688));
#622 = CARTESIAN_POINT('',(25.014038085938,3.513549804688));
#623 = ( GEOMETRIC_REPRESENTATION_CONTEXT(2) 
PARAMETRIC_REPRESENTATION_CONTEXT() REPRESENTATION_CONTEXT('2D SPACE',''
  ) );
#624 = PCURVE('',#625,#630);
#625 = PLANE('',#626);
#626 = AXIS2_PLACEMENT_3D('',#627,#628,#629);
#627 = CARTESIAN_POINT('',(-13.98596191406,-6.486450195312,15.95));
#628 = DIRECTION('',(0.,-1.,0.));
#629 = DIRECTION('',(-1.,0.,0.));
#630 = DEFINITIONAL_REPRESENTATION('',(#631),#634);
#631 = B_SPLINE_CURVE_WITH_KNOTS('',1,(#632,#633),.UNSPECIFIED.,.F.,.F.,
  (2,2),(10.377868652344,12.507019042969),.PIECEWISE_BEZIER_KNOTS.);
#632 = CARTESIAN_POINT('',(2.129150390625,-5.E-02));
#633 = CARTESIAN_POINT('',(0.,-5.E-02));
#634 = ( GEOMETRIC_REPRESENTATION_CONTEXT(2) 
PARAMETRIC_REPRESENTATION_CONTEXT() REPRESENTATION_CONTEXT('2D SPACE',''
  ) );
#635 = ORIENTED_EDGE('',*,*,#636,.F.);
#636 = EDGE_CURVE('',#637,#611,#639,.T.);
#637 = VERTEX_POINT('',#638);
#638 = CARTESIAN_POINT('',(-16.06896972656,-6.211791992188,16.));
#639 = SURFACE_CURVE('',#640,(#649,#661),.PCURVE_S1.);
#640 = B_SPLINE_CURVE_WITH_KNOTS('',4,(#641,#642,#643,#644,#645,#646,
    #647,#648),.UNSPECIFIED.,.F.,.F.,(5,3,5),(0.,0.423926733802,1.),
  .UNSPECIFIED.);
#641 = CARTESIAN_POINT('',(-16.06896972656,-6.211791992188,16.));
#642 = CARTESIAN_POINT('',(-16.07967615051,-6.23972179379,16.));
#643 = CARTESIAN_POINT('',(-16.08874640445,-6.267999726198,16.));
#644 = CARTESIAN_POINT('',(-16.09617163057,-6.296617156947,16.));
#645 = CARTESIAN_POINT('',(-16.10980175495,-6.364899683284,16.));
#646 = CARTESIAN_POINT('',(-16.11461225083,-6.404843659569,16.));
#647 = CARTESIAN_POINT('',(-16.11637630002,-6.445370346821,16.));
#648 = CARTESIAN_POINT('',(-16.11511230468,-6.486450195312,16.));
#649 = PCURVE('',#126,#650);
#650 = DEFINITIONAL_REPRESENTATION('',(#651),#660);
#651 = B_SPLINE_CURVE_WITH_KNOTS('',4,(#652,#653,#654,#655,#656,#657,
    #658,#659),.UNSPECIFIED.,.F.,.F.,(5,3,5),(0.,0.423926733802,1.),
  .UNSPECIFIED.);
#652 = CARTESIAN_POINT('',(22.931030273438,3.788208007812));
#653 = CARTESIAN_POINT('',(22.92032384949,3.76027820621));
#654 = CARTESIAN_POINT('',(22.911253595548,3.732000273802));
#655 = CARTESIAN_POINT('',(22.903828369423,3.703382843053));
#656 = CARTESIAN_POINT('',(22.890198245041,3.635100316716));
#657 = CARTESIAN_POINT('',(22.88538774917,3.595156340431));
#658 = CARTESIAN_POINT('',(22.883623699974,3.554629653179));
#659 = CARTESIAN_POINT('',(22.884887695312,3.513549804688));
#660 = ( GEOMETRIC_REPRESENTATION_CONTEXT(2) 
PARAMETRIC_REPRESENTATION_CONTEXT() REPRESENTATION_CONTEXT('2D SPACE',''
  ) );
#661 = PCURVE('',#662,#669);
#662 = SURFACE_OF_LINEAR_EXTRUSION('',#663,#667);
#663 = B_SPLINE_CURVE_WITH_KNOTS('',2,(#664,#665,#666),.UNSPECIFIED.,.F.
  ,.F.,(3,3),(0.,1.),.PIECEWISE_BEZIER_KNOTS.);
#664 = CARTESIAN_POINT('',(-16.11511230468,-6.486450195312,15.95));
#665 = CARTESIAN_POINT('',(-16.11950683593,-6.343627929688,15.95));
#666 = CARTESIAN_POINT('',(-16.06896972656,-6.211791992188,15.95));
#667 = VECTOR('',#668,1.);
#668 = DIRECTION('',(-0.,-0.,-1.));
#669 = DEFINITIONAL_REPRESENTATION('',(#670),#679);
#670 = B_SPLINE_CURVE_WITH_KNOTS('',4,(#671,#672,#673,#674,#675,#676,
    #677,#678),.UNSPECIFIED.,.F.,.F.,(5,3,5),(0.,0.423926733802,1.),
  .UNSPECIFIED.);
#671 = CARTESIAN_POINT('',(1.,-5.E-02));
#672 = CARTESIAN_POINT('',(0.89407364133,-5.E-02));
#673 = CARTESIAN_POINT('',(0.788073673,-5.E-02));
#674 = CARTESIAN_POINT('',(0.682036743531,-5.E-02));
#675 = CARTESIAN_POINT('',(0.431906862408,-5.E-02));
#676 = CARTESIAN_POINT('',(0.287813909982,-5.E-02));
#677 = CARTESIAN_POINT('',(0.143814580702,-5.E-02));
#678 = CARTESIAN_POINT('',(0.,-5.E-02));
#679 = ( GEOMETRIC_REPRESENTATION_CONTEXT(2) 
PARAMETRIC_REPRESENTATION_CONTEXT() REPRESENTATION_CONTEXT('2D SPACE',''
  ) );
#680 = ORIENTED_EDGE('',*,*,#681,.F.);
#681 = EDGE_CURVE('',#682,#637,#684,.T.);
#682 = VERTEX_POINT('',#683);
#683 = CARTESIAN_POINT('',(-15.80859375,-5.783325195312,16.));
#684 = SURFACE_CURVE('',#685,(#692,#702),.PCURVE_S1.);
#685 = B_SPLINE_CURVE_WITH_KNOTS('',5,(#686,#687,#688,#689,#690,#691),
  .UNSPECIFIED.,.F.,.F.,(6,6),(0.,1.),.PIECEWISE_BEZIER_KNOTS.);
#686 = CARTESIAN_POINT('',(-15.80859375,-5.783325195312,16.));
#687 = CARTESIAN_POINT('',(-15.87878914036,-5.866009336106,16.));
#688 = CARTESIAN_POINT('',(-15.94044550366,-5.950328848695,16.));
#689 = CARTESIAN_POINT('',(-15.99299284281,-6.036178509131,16.));
#690 = CARTESIAN_POINT('',(-16.03593637079,-6.123405445668,16.));
#691 = CARTESIAN_POINT('',(-16.06896972656,-6.211791992188,16.));
#692 = PCURVE('',#126,#693);
#693 = DEFINITIONAL_REPRESENTATION('',(#694),#701);
#694 = B_SPLINE_CURVE_WITH_KNOTS('',5,(#695,#696,#697,#698,#699,#700),
  .UNSPECIFIED.,.F.,.F.,(6,6),(0.,1.),.PIECEWISE_BEZIER_KNOTS.);
#695 = CARTESIAN_POINT('',(23.19140625,4.216674804688));
#696 = CARTESIAN_POINT('',(23.121210859639,4.133990663894));
#697 = CARTESIAN_POINT('',(23.059554496335,4.049671151305));
#698 = CARTESIAN_POINT('',(23.007007157183,3.963821490869));
#699 = CARTESIAN_POINT('',(22.964063629208,3.876594554332));
#700 = CARTESIAN_POINT('',(22.931030273438,3.788208007812));
#701 = ( GEOMETRIC_REPRESENTATION_CONTEXT(2) 
PARAMETRIC_REPRESENTATION_CONTEXT() REPRESENTATION_CONTEXT('2D SPACE',''
  ) );
#702 = PCURVE('',#703,#710);
#703 = SURFACE_OF_LINEAR_EXTRUSION('',#704,#708);
#704 = B_SPLINE_CURVE_WITH_KNOTS('',2,(#705,#706,#707),.UNSPECIFIED.,.F.
  ,.F.,(3,3),(0.,1.),.PIECEWISE_BEZIER_KNOTS.);
#705 = CARTESIAN_POINT('',(-16.06896972656,-6.211791992188,15.95));
#706 = CARTESIAN_POINT('',(-15.98767089843,-5.994262695312,15.95));
#707 = CARTESIAN_POINT('',(-15.80859375,-5.783325195312,15.95));
#708 = VECTOR('',#709,1.);
#709 = DIRECTION('',(-0.,-0.,-1.));
#710 = DEFINITIONAL_REPRESENTATION('',(#711),#718);
#711 = B_SPLINE_CURVE_WITH_KNOTS('',5,(#712,#713,#714,#715,#716,#717),
  .UNSPECIFIED.,.F.,.F.,(6,6),(0.,1.),.PIECEWISE_BEZIER_KNOTS.);
#712 = CARTESIAN_POINT('',(1.,-5.E-02));
#713 = CARTESIAN_POINT('',(0.804007962564,-5.E-02));
#714 = CARTESIAN_POINT('',(0.605640008137,-5.E-02));
#715 = CARTESIAN_POINT('',(0.405218208927,-5.E-02));
#716 = CARTESIAN_POINT('',(0.203160097949,-5.E-02));
#717 = CARTESIAN_POINT('',(0.,-5.E-02));
#718 = ( GEOMETRIC_REPRESENTATION_CONTEXT(2) 
PARAMETRIC_REPRESENTATION_CONTEXT() REPRESENTATION_CONTEXT('2D SPACE',''
  ) );
#719 = ORIENTED_EDGE('',*,*,#720,.F.);
#720 = EDGE_CURVE('',#721,#682,#723,.T.);
#721 = VERTEX_POINT('',#722);
#722 = CARTESIAN_POINT('',(-15.29113769531,-5.295532226562,16.));
#723 = SURFACE_CURVE('',#724,(#732,#743),.PCURVE_S1.);
#724 = B_SPLINE_CURVE_WITH_KNOTS('',6,(#725,#726,#727,#728,#729,#730,
    #731),.UNSPECIFIED.,.F.,.F.,(7,7),(0.,1.),.PIECEWISE_BEZIER_KNOTS.);
#725 = CARTESIAN_POINT('',(-15.29113769531,-5.295532226562,16.));
#726 = CARTESIAN_POINT('',(-15.39557445273,-5.380980482639,16.));
#727 = CARTESIAN_POINT('',(-15.49405504731,-5.465237320841,16.));
#728 = CARTESIAN_POINT('',(-15.58575962066,-5.548048773661,16.));
#729 = CARTESIAN_POINT('',(-15.669621271,-5.629026651101,16.));
#730 = CARTESIAN_POINT('',(-15.74435268953,-5.707654743721,16.));
#731 = CARTESIAN_POINT('',(-15.80859375,-5.783325195312,16.));
#732 = PCURVE('',#126,#733);
#733 = DEFINITIONAL_REPRESENTATION('',(#734),#742);
#734 = B_SPLINE_CURVE_WITH_KNOTS('',6,(#735,#736,#737,#738,#739,#740,
    #741),.UNSPECIFIED.,.F.,.F.,(7,7),(0.,1.),.PIECEWISE_BEZIER_KNOTS.);
#735 = CARTESIAN_POINT('',(23.708862304688,4.704467773438));
#736 = CARTESIAN_POINT('',(23.604425547261,4.619019517361));
#737 = CARTESIAN_POINT('',(23.505944952685,4.534762679159));
#738 = CARTESIAN_POINT('',(23.414240379334,4.451951226339));
#739 = CARTESIAN_POINT('',(23.330378728997,4.370973348899));
#740 = CARTESIAN_POINT('',(23.255647310465,4.292345256279));
#741 = CARTESIAN_POINT('',(23.19140625,4.216674804688));
#742 = ( GEOMETRIC_REPRESENTATION_CONTEXT(2) 
PARAMETRIC_REPRESENTATION_CONTEXT() REPRESENTATION_CONTEXT('2D SPACE',''
  ) );
#743 = PCURVE('',#744,#751);
#744 = SURFACE_OF_LINEAR_EXTRUSION('',#745,#749);
#745 = B_SPLINE_CURVE_WITH_KNOTS('',2,(#746,#747,#748),.UNSPECIFIED.,.F.
  ,.F.,(3,3),(0.,1.),.PIECEWISE_BEZIER_KNOTS.);
#746 = CARTESIAN_POINT('',(-15.80859375,-5.783325195312,15.95));
#747 = CARTESIAN_POINT('',(-15.62951660156,-5.572387695312,15.95));
#748 = CARTESIAN_POINT('',(-15.29113769531,-5.295532226562,15.95));
#749 = VECTOR('',#750,1.);
#750 = DIRECTION('',(-0.,-0.,-1.));
#751 = DEFINITIONAL_REPRESENTATION('',(#752),#760);
#752 = B_SPLINE_CURVE_WITH_KNOTS('',6,(#753,#754,#755,#756,#757,#758,
    #759),.UNSPECIFIED.,.F.,.F.,(7,7),(0.,1.),.PIECEWISE_BEZIER_KNOTS.);
#753 = CARTESIAN_POINT('',(1.,-5.E-02));
#754 = CARTESIAN_POINT('',(0.845680750931,-5.E-02));
#755 = CARTESIAN_POINT('',(0.68670923363,-5.E-02));
#756 = CARTESIAN_POINT('',(0.522773820118,-5.E-02));
#757 = CARTESIAN_POINT('',(0.353679801524,-5.E-02));
#758 = CARTESIAN_POINT('',(0.179366996364,-5.E-02));
#759 = CARTESIAN_POINT('',(0.,-5.E-02));
#760 = ( GEOMETRIC_REPRESENTATION_CONTEXT(2) 
PARAMETRIC_REPRESENTATION_CONTEXT() REPRESENTATION_CONTEXT('2D SPACE',''
  ) );
#761 = ORIENTED_EDGE('',*,*,#762,.F.);
#762 = EDGE_CURVE('',#763,#721,#765,.T.);
#763 = VERTEX_POINT('',#764);
#764 = CARTESIAN_POINT('',(-14.58142089843,-4.61328125,16.));
#765 = SURFACE_CURVE('',#766,(#775,#787),.PCURVE_S1.);
#766 = B_SPLINE_CURVE_WITH_KNOTS('',7,(#767,#768,#769,#770,#771,#772,
    #773,#774),.UNSPECIFIED.,.F.,.F.,(8,8),(0.,1.),
  .PIECEWISE_BEZIER_KNOTS.);
#767 = CARTESIAN_POINT('',(-14.58142089843,-4.61328125,16.));
#768 = CARTESIAN_POINT('',(-14.6447013236,-4.699538496212,16.));
#769 = CARTESIAN_POINT('',(-14.72717642129,-4.792406948362,16.));
#770 = CARTESIAN_POINT('',(-14.8237121077,-4.889510583663,16.));
#771 = CARTESIAN_POINT('',(-14.93052277916,-4.989154544629,16.));
#772 = CARTESIAN_POINT('',(-15.0449167352,-5.09025380867,16.));
#773 = CARTESIAN_POINT('',(-15.16530362973,-5.192337762738,16.));
#774 = CARTESIAN_POINT('',(-15.29113769531,-5.295532226562,16.));
#775 = PCURVE('',#126,#776);
#776 = DEFINITIONAL_REPRESENTATION('',(#777),#786);
#777 = B_SPLINE_CURVE_WITH_KNOTS('',7,(#778,#779,#780,#781,#782,#783,
    #784,#785),.UNSPECIFIED.,.F.,.F.,(8,8),(0.,1.),
  .PIECEWISE_BEZIER_KNOTS.);
#778 = CARTESIAN_POINT('',(24.418579101562,5.38671875));
#779 = CARTESIAN_POINT('',(24.355298676394,5.300461503788));
#780 = CARTESIAN_POINT('',(24.272823578704,5.207593051638));
#781 = CARTESIAN_POINT('',(24.176287892296,5.110489416337));
#782 = CARTESIAN_POINT('',(24.069477220832,5.010845455371));
#783 = CARTESIAN_POINT('',(23.955083264798,4.90974619133));
#784 = CARTESIAN_POINT('',(23.834696370269,4.807662237262));
#785 = CARTESIAN_POINT('',(23.708862304688,4.704467773438));
#786 = ( GEOMETRIC_REPRESENTATION_CONTEXT(2) 
PARAMETRIC_REPRESENTATION_CONTEXT() REPRESENTATION_CONTEXT('2D SPACE',''
  ) );
#787 = PCURVE('',#788,#795);
#788 = SURFACE_OF_LINEAR_EXTRUSION('',#789,#793);
#789 = B_SPLINE_CURVE_WITH_KNOTS('',2,(#790,#791,#792),.UNSPECIFIED.,.F.
  ,.F.,(3,3),(0.,1.),.PIECEWISE_BEZIER_KNOTS.);
#790 = CARTESIAN_POINT('',(-15.29113769531,-5.295532226562,15.95));
#791 = CARTESIAN_POINT('',(-14.76599121093,-4.864868164062,15.95));
#792 = CARTESIAN_POINT('',(-14.58142089843,-4.61328125,15.95));
#793 = VECTOR('',#794,1.);
#794 = DIRECTION('',(-0.,-0.,-1.));
#795 = DEFINITIONAL_REPRESENTATION('',(#796),#805);
#796 = B_SPLINE_CURVE_WITH_KNOTS('',7,(#797,#798,#799,#800,#801,#802,
    #803,#804),.UNSPECIFIED.,.F.,.F.,(8,8),(0.,1.),
  .PIECEWISE_BEZIER_KNOTS.);
#797 = CARTESIAN_POINT('',(1.,-5.E-02));
#798 = CARTESIAN_POINT('',(0.828573663035,-5.E-02));
#799 = CARTESIAN_POINT('',(0.668411422927,-5.E-02));
#800 = CARTESIAN_POINT('',(0.518466578432,-5.E-02));
#801 = CARTESIAN_POINT('',(0.377782613701,-5.E-02));
#802 = CARTESIAN_POINT('',(0.245290893526,-5.E-02));
#803 = CARTESIAN_POINT('',(0.119808538499,-5.E-02));
#804 = CARTESIAN_POINT('',(0.,-5.E-02));
#805 = ( GEOMETRIC_REPRESENTATION_CONTEXT(2) 
PARAMETRIC_REPRESENTATION_CONTEXT() REPRESENTATION_CONTEXT('2D SPACE',''
  ) );
#806 = ORIENTED_EDGE('',*,*,#807,.F.);
#807 = EDGE_CURVE('',#808,#763,#810,.T.);
#808 = VERTEX_POINT('',#809);
#809 = CARTESIAN_POINT('',(-14.39685058593,-4.137573242188,16.));
#810 = SURFACE_CURVE('',#811,(#819,#830),.PCURVE_S1.);
#811 = B_SPLINE_CURVE_WITH_KNOTS('',6,(#812,#813,#814,#815,#816,#817,
    #818),.UNSPECIFIED.,.F.,.F.,(7,7),(0.,1.),.PIECEWISE_BEZIER_KNOTS.);
#812 = CARTESIAN_POINT('',(-14.39685058593,-4.137573242188,16.));
#813 = CARTESIAN_POINT('',(-14.39685058593,-4.214439345578,16.));
#814 = CARTESIAN_POINT('',(-14.40987672942,-4.292930677469,16.));
#815 = CARTESIAN_POINT('',(-14.4357303302,-4.37251291645,16.));
#816 = CARTESIAN_POINT('',(-14.4736420542,-4.45269994881,16.));
#817 = CARTESIAN_POINT('',(-14.5225766229,-4.533070898229,16.));
#818 = CARTESIAN_POINT('',(-14.58142089843,-4.61328125,16.));
#819 = PCURVE('',#126,#820);
#820 = DEFINITIONAL_REPRESENTATION('',(#821),#829);
#821 = B_SPLINE_CURVE_WITH_KNOTS('',6,(#822,#823,#824,#825,#826,#827,
    #828),.UNSPECIFIED.,.F.,.F.,(7,7),(0.,1.),.PIECEWISE_BEZIER_KNOTS.);
#822 = CARTESIAN_POINT('',(24.603149414062,5.862426757812));
#823 = CARTESIAN_POINT('',(24.603149414062,5.785560654422));
#824 = CARTESIAN_POINT('',(24.590123270578,5.707069322531));
#825 = CARTESIAN_POINT('',(24.564269669797,5.62748708355));
#826 = CARTESIAN_POINT('',(24.526357945795,5.54730005119));
#827 = CARTESIAN_POINT('',(24.477423377097,5.466929101771));
#828 = CARTESIAN_POINT('',(24.418579101562,5.38671875));
#829 = ( GEOMETRIC_REPRESENTATION_CONTEXT(2) 
PARAMETRIC_REPRESENTATION_CONTEXT() REPRESENTATION_CONTEXT('2D SPACE',''
  ) );
#830 = PCURVE('',#831,#838);
#831 = SURFACE_OF_LINEAR_EXTRUSION('',#832,#836);
#832 = B_SPLINE_CURVE_WITH_KNOTS('',2,(#833,#834,#835),.UNSPECIFIED.,.F.
  ,.F.,(3,3),(0.,1.),.PIECEWISE_BEZIER_KNOTS.);
#833 = CARTESIAN_POINT('',(-14.58142089843,-4.61328125,15.95));
#834 = CARTESIAN_POINT('',(-14.39685058593,-4.361694335938,15.95));
#835 = CARTESIAN_POINT('',(-14.39685058593,-4.137573242188,15.95));
#836 = VECTOR('',#837,1.);
#837 = DIRECTION('',(-0.,-0.,-1.));
#838 = DEFINITIONAL_REPRESENTATION('',(#839),#847);
#839 = B_SPLINE_CURVE_WITH_KNOTS('',6,(#840,#841,#842,#843,#844,#845,
    #846),.UNSPECIFIED.,.F.,.F.,(7,7),(0.,1.),.PIECEWISE_BEZIER_KNOTS.);
#840 = CARTESIAN_POINT('',(1.,-5.E-02));
#841 = CARTESIAN_POINT('',(0.8285165798,-5.E-02));
#842 = CARTESIAN_POINT('',(0.657731857128,-5.E-02));
#843 = CARTESIAN_POINT('',(0.488771908529,-5.E-02));
#844 = CARTESIAN_POINT('',(0.322465815878,-5.E-02));
#845 = CARTESIAN_POINT('',(0.159408831079,-5.E-02));
#846 = CARTESIAN_POINT('',(0.,-5.E-02));
#847 = ( GEOMETRIC_REPRESENTATION_CONTEXT(2) 
PARAMETRIC_REPRESENTATION_CONTEXT() REPRESENTATION_CONTEXT('2D SPACE',''
  ) );
#848 = ORIENTED_EDGE('',*,*,#849,.F.);
#849 = EDGE_CURVE('',#850,#808,#852,.T.);
#850 = VERTEX_POINT('',#851);
#851 = CARTESIAN_POINT('',(-14.56494140625,-3.740966796875,16.));
#852 = SURFACE_CURVE('',#853,(#864,#878),.PCURVE_S1.);
#853 = B_SPLINE_CURVE_WITH_KNOTS('',5,(#854,#855,#856,#857,#858,#859,
    #860,#861,#862,#863),.UNSPECIFIED.,.F.,.F.,(6,4,6),(0.,
    0.485870376444,1.),.UNSPECIFIED.);
#854 = CARTESIAN_POINT('',(-14.56494140625,-3.740966796875,16.));
#855 = CARTESIAN_POINT('',(-14.53255097375,-3.772087016334,16.));
#856 = CARTESIAN_POINT('',(-14.50385077146,-3.805117928204,16.));
#857 = CARTESIAN_POINT('',(-14.4790068967,-3.840041997079,16.));
#858 = CARTESIAN_POINT('',(-14.45813016676,-3.876809356761,16.));
#859 = CARTESIAN_POINT('',(-14.42340761671,-3.956090790741,16.));
#860 = CARTESIAN_POINT('',(-14.41004029169,-3.998817144407,16.));
#861 = CARTESIAN_POINT('',(-14.40120504767,-4.043402251326,16.));
#862 = CARTESIAN_POINT('',(-14.39685058593,-4.089707796878,16.));
#863 = CARTESIAN_POINT('',(-14.39685058593,-4.137573242188,16.));
#864 = PCURVE('',#126,#865);
#865 = DEFINITIONAL_REPRESENTATION('',(#866),#877);
#866 = B_SPLINE_CURVE_WITH_KNOTS('',5,(#867,#868,#869,#870,#871,#872,
    #873,#874,#875,#876),.UNSPECIFIED.,.F.,.F.,(6,4,6),(0.,
    0.485870376444,1.),.UNSPECIFIED.);
#867 = CARTESIAN_POINT('',(24.43505859375,6.259033203125));
#868 = CARTESIAN_POINT('',(24.467449026248,6.227912983666));
#869 = CARTESIAN_POINT('',(24.496149228532,6.194882071796));
#870 = CARTESIAN_POINT('',(24.520993103294,6.159958002921));
#871 = CARTESIAN_POINT('',(24.541869833238,6.123190643239));
#872 = CARTESIAN_POINT('',(24.576592383282,6.043909209259));
#873 = CARTESIAN_POINT('',(24.589959708303,6.001182855593));
#874 = CARTESIAN_POINT('',(24.598794952326,5.956597748674));
#875 = CARTESIAN_POINT('',(24.603149414062,5.910292203122));
#876 = CARTESIAN_POINT('',(24.603149414062,5.862426757812));
#877 = ( GEOMETRIC_REPRESENTATION_CONTEXT(2) 
PARAMETRIC_REPRESENTATION_CONTEXT() REPRESENTATION_CONTEXT('2D SPACE',''
  ) );
#878 = PCURVE('',#879,#886);
#879 = SURFACE_OF_LINEAR_EXTRUSION('',#880,#884);
#880 = B_SPLINE_CURVE_WITH_KNOTS('',2,(#881,#882,#883),.UNSPECIFIED.,.F.
  ,.F.,(3,3),(0.,1.),.PIECEWISE_BEZIER_KNOTS.);
#881 = CARTESIAN_POINT('',(-14.39685058593,-4.137573242188,15.95));
#882 = CARTESIAN_POINT('',(-14.39685058593,-3.902465820312,15.95));
#883 = CARTESIAN_POINT('',(-14.56494140625,-3.740966796875,15.95));
#884 = VECTOR('',#885,1.);
#885 = DIRECTION('',(-0.,-0.,-1.));
#886 = DEFINITIONAL_REPRESENTATION('',(#887),#898);
#887 = B_SPLINE_CURVE_WITH_KNOTS('',5,(#888,#889,#890,#891,#892,#893,
    #894,#895,#896,#897),.UNSPECIFIED.,.F.,.F.,(6,4,6),(0.,
    0.485870376444,1.),.UNSPECIFIED.);
#888 = CARTESIAN_POINT('',(1.,-5.E-02));
#889 = CARTESIAN_POINT('',(0.903651988735,-5.E-02));
#890 = CARTESIAN_POINT('',(0.80667722302,-5.E-02));
#891 = CARTESIAN_POINT('',(0.709267680693,-5.E-02));
#892 = CARTESIAN_POINT('',(0.61163261511,-5.E-02));
#893 = CARTESIAN_POINT('',(0.410688865824,-5.E-02));
#894 = CARTESIAN_POINT('',(0.307374350092,-5.E-02));
#895 = CARTESIAN_POINT('',(0.204327549271,-5.E-02));
#896 = CARTESIAN_POINT('',(0.101794841115,-5.E-02));
#897 = CARTESIAN_POINT('',(0.,-5.E-02));
#898 = ( GEOMETRIC_REPRESENTATION_CONTEXT(2) 
PARAMETRIC_REPRESENTATION_CONTEXT() REPRESENTATION_CONTEXT('2D SPACE',''
  ) );
#899 = ORIENTED_EDGE('',*,*,#900,.F.);
#900 = EDGE_CURVE('',#901,#850,#903,.T.);
#901 = VERTEX_POINT('',#902);
#902 = CARTESIAN_POINT('',(-15.00329589843,-3.579467773438,16.));
#903 = SURFACE_CURVE('',#904,(#915,#929),.PCURVE_S1.);
#904 = B_SPLINE_CURVE_WITH_KNOTS('',5,(#905,#906,#907,#908,#909,#910,
    #911,#912,#913,#914),.UNSPECIFIED.,.F.,.F.,(6,4,6),(0.,
    0.758852507066,1.),.UNSPECIFIED.);
#905 = CARTESIAN_POINT('',(-15.00329589843,-3.579467773438,16.));
#906 = CARTESIAN_POINT('',(-14.92325140229,-3.579467773438,16.));
#907 = CARTESIAN_POINT('',(-14.84752726666,-3.588321779052,16.));
#908 = CARTESIAN_POINT('',(-14.77682380849,-3.606596292376,16.));
#909 = CARTESIAN_POINT('',(-14.71174624573,-3.634575306787,16.));
#910 = CARTESIAN_POINT('',(-14.63389251849,-3.683912062196,16.));
#911 = CARTESIAN_POINT('',(-14.61572315542,-3.696765383541,16.));
#912 = CARTESIAN_POINT('',(-14.59816991253,-3.710567354205,16.));
#913 = CARTESIAN_POINT('',(-14.58124096403,-3.725306437435,16.));
#914 = CARTESIAN_POINT('',(-14.56494140625,-3.740966796875,16.));
#915 = PCURVE('',#126,#916);
#916 = DEFINITIONAL_REPRESENTATION('',(#917),#928);
#917 = B_SPLINE_CURVE_WITH_KNOTS('',5,(#918,#919,#920,#921,#922,#923,
    #924,#925,#926,#927),.UNSPECIFIED.,.F.,.F.,(6,4,6),(0.,
    0.758852507066,1.),.UNSPECIFIED.);
#918 = CARTESIAN_POINT('',(23.996704101562,6.420532226562));
#919 = CARTESIAN_POINT('',(24.076748597701,6.420532226562));
#920 = CARTESIAN_POINT('',(24.152472733337,6.411678220948));
#921 = CARTESIAN_POINT('',(24.223176191507,6.393403707624));
#922 = CARTESIAN_POINT('',(24.28825375427,6.365424693213));
#923 = CARTESIAN_POINT('',(24.366107481504,6.316087937804));
#924 = CARTESIAN_POINT('',(24.384276844572,6.303234616459));
#925 = CARTESIAN_POINT('',(24.401830087464,6.289432645795));
#926 = CARTESIAN_POINT('',(24.418759035965,6.274693562565));
#927 = CARTESIAN_POINT('',(24.43505859375,6.259033203125));
#928 = ( GEOMETRIC_REPRESENTATION_CONTEXT(2) 
PARAMETRIC_REPRESENTATION_CONTEXT() REPRESENTATION_CONTEXT('2D SPACE',''
  ) );
#929 = PCURVE('',#930,#937);
#930 = SURFACE_OF_LINEAR_EXTRUSION('',#931,#935);
#931 = B_SPLINE_CURVE_WITH_KNOTS('',2,(#932,#933,#934),.UNSPECIFIED.,.F.
  ,.F.,(3,3),(0.,1.),.PIECEWISE_BEZIER_KNOTS.);
#932 = CARTESIAN_POINT('',(-14.56494140625,-3.740966796875,15.95));
#933 = CARTESIAN_POINT('',(-14.73303222656,-3.579467773438,15.95));
#934 = CARTESIAN_POINT('',(-15.00329589843,-3.579467773438,15.95));
#935 = VECTOR('',#936,1.);
#936 = DIRECTION('',(-0.,-0.,-1.));
#937 = DEFINITIONAL_REPRESENTATION('',(#938),#949);
#938 = B_SPLINE_CURVE_WITH_KNOTS('',5,(#939,#940,#941,#942,#943,#944,
    #945,#946,#947,#948),.UNSPECIFIED.,.F.,.F.,(6,4,6),(0.,
    0.758852507066,1.),.UNSPECIFIED.);
#939 = CARTESIAN_POINT('',(1.,-5.E-02));
#940 = CARTESIAN_POINT('',(0.851914066765,-5.E-02));
#941 = CARTESIAN_POINT('',(0.701457942144,-5.E-02));
#942 = CARTESIAN_POINT('',(0.549264189288,-5.E-02));
#943 = CARTESIAN_POINT('',(0.39612009244,-5.E-02));
#944 = CARTESIAN_POINT('',(0.194341629545,-5.E-02));
#945 = CARTESIAN_POINT('',(0.145683487699,-5.E-02));
#946 = CARTESIAN_POINT('',(9.705486199209E-02,-5.E-02));
#947 = CARTESIAN_POINT('',(4.848437813141E-02,-5.E-02));
#948 = CARTESIAN_POINT('',(0.,-5.E-02));
#949 = ( GEOMETRIC_REPRESENTATION_CONTEXT(2) 
PARAMETRIC_REPRESENTATION_CONTEXT() REPRESENTATION_CONTEXT('2D SPACE',''
  ) );
#950 = ORIENTED_EDGE('',*,*,#951,.F.);
#951 = EDGE_CURVE('',#952,#901,#954,.T.);
#952 = VERTEX_POINT('',#953);
#953 = CARTESIAN_POINT('',(-15.46032714843,-3.750854492188,16.));
#954 = SURFACE_CURVE('',#955,(#966,#980),.PCURVE_S1.);
#955 = B_SPLINE_CURVE_WITH_KNOTS('',5,(#956,#957,#958,#959,#960,#961,
    #962,#963,#964,#965),.UNSPECIFIED.,.F.,.F.,(6,4,6),(0.,0.22786002197
    ,1.),.UNSPECIFIED.);
#956 = CARTESIAN_POINT('',(-15.46032714843,-3.750854492188,16.));
#957 = CARTESIAN_POINT('',(-15.44459803409,-3.73512537784,16.));
#958 = CARTESIAN_POINT('',(-15.42823880524,-3.720269819852,16.));
#959 = CARTESIAN_POINT('',(-15.41125434035,-3.706303753958,16.));
#960 = CARTESIAN_POINT('',(-15.39365267852,-3.693238939411,16.));
#961 = CARTESIAN_POINT('',(-15.3137454669,-3.639890483101,16.));
#962 = CARTESIAN_POINT('',(-15.24507546082,-3.609126180401,16.));
#963 = CARTESIAN_POINT('',(-15.16990224931,-3.589113730117,16.));
#964 = CARTESIAN_POINT('',(-15.08901278026,-3.579467773438,16.));
#965 = CARTESIAN_POINT('',(-15.00329589843,-3.579467773438,16.));
#966 = PCURVE('',#126,#967);
#967 = DEFINITIONAL_REPRESENTATION('',(#968),#979);
#968 = B_SPLINE_CURVE_WITH_KNOTS('',5,(#969,#970,#971,#972,#973,#974,
    #975,#976,#977,#978),.UNSPECIFIED.,.F.,.F.,(6,4,6),(0.,0.22786002197
    ,1.),.UNSPECIFIED.);
#969 = CARTESIAN_POINT('',(23.539672851562,6.249145507812));
#970 = CARTESIAN_POINT('',(23.55540196591,6.26487462216));
#971 = CARTESIAN_POINT('',(23.571761194754,6.279730180148));
#972 = CARTESIAN_POINT('',(23.588745659645,6.293696246042));
#973 = CARTESIAN_POINT('',(23.606347321474,6.306761060589));
#974 = CARTESIAN_POINT('',(23.686254533091,6.360109516899));
#975 = CARTESIAN_POINT('',(23.754924539178,6.390873819599));
#976 = CARTESIAN_POINT('',(23.830097750683,6.410886269883));
#977 = CARTESIAN_POINT('',(23.910987219736,6.420532226562));
#978 = CARTESIAN_POINT('',(23.996704101562,6.420532226562));
#979 = ( GEOMETRIC_REPRESENTATION_CONTEXT(2) 
PARAMETRIC_REPRESENTATION_CONTEXT() REPRESENTATION_CONTEXT('2D SPACE',''
  ) );
#980 = PCURVE('',#981,#988);
#981 = SURFACE_OF_LINEAR_EXTRUSION('',#982,#986);
#982 = B_SPLINE_CURVE_WITH_KNOTS('',2,(#983,#984,#985),.UNSPECIFIED.,.F.
  ,.F.,(3,3),(0.,1.),.PIECEWISE_BEZIER_KNOTS.);
#983 = CARTESIAN_POINT('',(-15.00329589843,-3.579467773438,15.95));
#984 = CARTESIAN_POINT('',(-15.28894042968,-3.579467773438,15.95));
#985 = CARTESIAN_POINT('',(-15.46032714843,-3.750854492188,15.95));
#986 = VECTOR('',#987,1.);
#987 = DIRECTION('',(-0.,-0.,-1.));
#988 = DEFINITIONAL_REPRESENTATION('',(#989),#1000);
#989 = B_SPLINE_CURVE_WITH_KNOTS('',5,(#990,#991,#992,#993,#994,#995,
    #996,#997,#998,#999),.UNSPECIFIED.,.F.,.F.,(6,4,6),(0.,0.22786002197
    ,1.),.UNSPECIFIED.);
#990 = CARTESIAN_POINT('',(1.,-5.E-02));
#991 = CARTESIAN_POINT('',(0.954112213412,-5.E-02));
#992 = CARTESIAN_POINT('',(0.908140855142,-5.E-02));
#993 = CARTESIAN_POINT('',(0.862113060785,-5.E-02));
#994 = CARTESIAN_POINT('',(0.816056624698,-5.E-02));
#995 = CARTESIAN_POINT('',(0.613929791303,-5.E-02));
#996 = CARTESIAN_POINT('',(0.457827483252,-5.E-02));
#997 = CARTESIAN_POINT('',(0.302888677597,-5.E-02));
#998 = CARTESIAN_POINT('',(0.150041174343,-5.E-02));
#999 = CARTESIAN_POINT('',(0.,-5.E-02));
#1000 = ( GEOMETRIC_REPRESENTATION_CONTEXT(2) 
PARAMETRIC_REPRESENTATION_CONTEXT() REPRESENTATION_CONTEXT('2D SPACE',''
  ) );
#1001 = ORIENTED_EDGE('',*,*,#1002,.F.);
#1002 = EDGE_CURVE('',#1003,#952,#1005,.T.);
#1003 = VERTEX_POINT('',#1004);
#1004 = CARTESIAN_POINT('',(-15.63391113281,-4.225463867188,16.));
#1005 = SURFACE_CURVE('',#1006,(#1017,#1031),.PCURVE_S1.);
#1006 = B_SPLINE_CURVE_WITH_KNOTS('',5,(#1007,#1008,#1009,#1010,#1011,
    #1012,#1013,#1014,#1015,#1016),.UNSPECIFIED.,.F.,.F.,(6,4,6),(0.,
    0.862093021651,1.),.UNSPECIFIED.);
#1007 = CARTESIAN_POINT('',(-15.63391113281,-4.225463867188,16.));
#1008 = CARTESIAN_POINT('',(-15.63318098713,-4.124703763731,16.));
#1009 = CARTESIAN_POINT('',(-15.62075591433,-4.030576521989,16.));
#1010 = CARTESIAN_POINT('',(-15.59550158126,-3.944533023474,16.));
#1011 = CARTESIAN_POINT('',(-15.55672961402,-3.867917351603,16.));
#1012 = CARTESIAN_POINT('',(-15.49672414324,-3.790790415042,16.));
#1013 = CARTESIAN_POINT('',(-15.48811700068,-3.78041266831,16.));
#1014 = CARTESIAN_POINT('',(-15.47917991572,-3.770296129094,16.));
#1015 = CARTESIAN_POINT('',(-15.46991553973,-3.760442883486,16.));
#1016 = CARTESIAN_POINT('',(-15.46032714843,-3.750854492188,16.));
#1017 = PCURVE('',#126,#1018);
#1018 = DEFINITIONAL_REPRESENTATION('',(#1019),#1030);
#1019 = B_SPLINE_CURVE_WITH_KNOTS('',5,(#1020,#1021,#1022,#1023,#1024,
    #1025,#1026,#1027,#1028,#1029),.UNSPECIFIED.,.F.,.F.,(6,4,6),(0.,
    0.862093021651,1.),.UNSPECIFIED.);
#1020 = CARTESIAN_POINT('',(23.366088867188,5.774536132812));
#1021 = CARTESIAN_POINT('',(23.366819012865,5.875296236269));
#1022 = CARTESIAN_POINT('',(23.37924408567,5.969423478011));
#1023 = CARTESIAN_POINT('',(23.404498418737,6.055466976526));
#1024 = CARTESIAN_POINT('',(23.443270385971,6.132082648397));
#1025 = CARTESIAN_POINT('',(23.503275856754,6.209209584958));
#1026 = CARTESIAN_POINT('',(23.511882999317,6.21958733169));
#1027 = CARTESIAN_POINT('',(23.520820084275,6.229703870906));
#1028 = CARTESIAN_POINT('',(23.530084460264,6.239557116514));
#1029 = CARTESIAN_POINT('',(23.539672851562,6.249145507812));
#1030 = ( GEOMETRIC_REPRESENTATION_CONTEXT(2) 
PARAMETRIC_REPRESENTATION_CONTEXT() REPRESENTATION_CONTEXT('2D SPACE',''
  ) );
#1031 = PCURVE('',#1032,#1039);
#1032 = SURFACE_OF_LINEAR_EXTRUSION('',#1033,#1037);
#1033 = B_SPLINE_CURVE_WITH_KNOTS('',2,(#1034,#1035,#1036),
  .UNSPECIFIED.,.F.,.F.,(3,3),(0.,1.),.PIECEWISE_BEZIER_KNOTS.);
#1034 = CARTESIAN_POINT('',(-15.46032714843,-3.750854492188,15.95));
#1035 = CARTESIAN_POINT('',(-15.63171386718,-3.922241210938,15.95));
#1036 = CARTESIAN_POINT('',(-15.63391113281,-4.225463867188,15.95));
#1037 = VECTOR('',#1038,1.);
#1038 = DIRECTION('',(-0.,-0.,-1.));
#1039 = DEFINITIONAL_REPRESENTATION('',(#1040),#1051);
#1040 = B_SPLINE_CURVE_WITH_KNOTS('',5,(#1041,#1042,#1043,#1044,#1045,
    #1046,#1047,#1048,#1049,#1050),.UNSPECIFIED.,.F.,.F.,(6,4,6),(0.,
    0.862093021651,1.),.UNSPECIFIED.);
#1041 = CARTESIAN_POINT('',(1.,-5.E-02));
#1042 = CARTESIAN_POINT('',(0.833851294784,-5.E-02));
#1043 = CARTESIAN_POINT('',(0.663636034318,-5.E-02));
#1044 = CARTESIAN_POINT('',(0.490283901838,-5.E-02));
#1045 = CARTESIAN_POINT('',(0.315119259365,-5.E-02));
#1046 = CARTESIAN_POINT('',(0.111986586942,-5.E-02));
#1047 = CARTESIAN_POINT('',(8.397304038193E-02,-5.E-02));
#1048 = CARTESIAN_POINT('',(5.596623222338E-02,-5.E-02));
#1049 = CARTESIAN_POINT('',(2.797297062513E-02,-5.E-02));
#1050 = CARTESIAN_POINT('',(0.,-5.E-02));
#1051 = ( GEOMETRIC_REPRESENTATION_CONTEXT(2) 
PARAMETRIC_REPRESENTATION_CONTEXT() REPRESENTATION_CONTEXT('2D SPACE',''
  ) );
#1052 = ORIENTED_EDGE('',*,*,#1053,.F.);
#1053 = EDGE_CURVE('',#1054,#1003,#1056,.T.);
#1054 = VERTEX_POINT('',#1055);
#1055 = CARTESIAN_POINT('',(-16.04040527343,-4.183715820312,16.));
#1056 = SURFACE_CURVE('',#1057,(#1061,#1067),.PCURVE_S1.);
#1057 = LINE('',#1058,#1059);
#1058 = CARTESIAN_POINT('',(-26.90157575104,-3.068244257747,16.));
#1059 = VECTOR('',#1060,1.);
#1060 = DIRECTION('',(0.994767435445,-0.102165304181,0.));
#1061 = PCURVE('',#126,#1062);
#1062 = DEFINITIONAL_REPRESENTATION('',(#1063),#1066);
#1063 = B_SPLINE_CURVE_WITH_KNOTS('',1,(#1064,#1065),.UNSPECIFIED.,.F.,
  .F.,(2,2),(10.918301193438,11.326933529139),.PIECEWISE_BEZIER_KNOTS.);
#1064 = CARTESIAN_POINT('',(22.959594726563,5.816284179688));
#1065 = CARTESIAN_POINT('',(23.366088867188,5.774536132813));
#1066 = ( GEOMETRIC_REPRESENTATION_CONTEXT(2) 
PARAMETRIC_REPRESENTATION_CONTEXT() REPRESENTATION_CONTEXT('2D SPACE',''
  ) );
#1067 = PCURVE('',#1068,#1073);
#1068 = PLANE('',#1069);
#1069 = AXIS2_PLACEMENT_3D('',#1070,#1071,#1072);
#1070 = CARTESIAN_POINT('',(-15.63391113281,-4.225463867188,15.95));
#1071 = DIRECTION('',(-0.102165304181,-0.994767435445,0.));
#1072 = DIRECTION('',(-0.994767435445,0.102165304181,0.));
#1073 = DEFINITIONAL_REPRESENTATION('',(#1074),#1077);
#1074 = B_SPLINE_CURVE_WITH_KNOTS('',1,(#1075,#1076),.UNSPECIFIED.,.F.,
  .F.,(2,2),(10.918301193438,11.326933529139),.PIECEWISE_BEZIER_KNOTS.);
#1075 = CARTESIAN_POINT('',(0.408632335701,-5.E-02));
#1076 = CARTESIAN_POINT('',(0.,-5.E-02));
#1077 = ( GEOMETRIC_REPRESENTATION_CONTEXT(2) 
PARAMETRIC_REPRESENTATION_CONTEXT() REPRESENTATION_CONTEXT('2D SPACE',''
  ) );
#1078 = ORIENTED_EDGE('',*,*,#1079,.F.);
#1079 = EDGE_CURVE('',#1080,#1054,#1082,.T.);
#1080 = VERTEX_POINT('',#1081);
#1081 = CARTESIAN_POINT('',(-15.72619628906,-3.490478515625,16.));
#1082 = SURFACE_CURVE('',#1083,(#1096,#1112),.PCURVE_S1.);
#1083 = B_SPLINE_CURVE_WITH_KNOTS('',6,(#1084,#1085,#1086,#1087,#1088,
    #1089,#1090,#1091,#1092,#1093,#1094,#1095),.UNSPECIFIED.,.F.,.F.,(7,
    5,7),(0.,0.108815039315,1.),.UNSPECIFIED.);
#1084 = CARTESIAN_POINT('',(-15.72619628906,-3.490478515625,16.));
#1085 = CARTESIAN_POINT('',(-15.73635690496,-3.499369054535,16.));
#1086 = CARTESIAN_POINT('',(-15.74633173368,-3.508446068534,16.));
#1087 = CARTESIAN_POINT('',(-15.75611864022,-3.517708559217,16.));
#1088 = CARTESIAN_POINT('',(-15.76571568956,-3.527155318733,16.));
#1089 = CARTESIAN_POINT('',(-15.77512114668,-3.536784929784,16.));
#1090 = CARTESIAN_POINT('',(-15.85978159375,-3.626945590503,16.));
#1091 = CARTESIAN_POINT('',(-15.9223111967,-3.719488204971,16.));
#1092 = CARTESIAN_POINT('',(-15.97092582576,-3.823213157981,16.));
#1093 = CARTESIAN_POINT('',(-16.0060591468,-3.936390355706,16.));
#1094 = CARTESIAN_POINT('',(-16.02878673503,-4.057134901922,16.));
#1095 = CARTESIAN_POINT('',(-16.04040527343,-4.183715820312,16.));
#1096 = PCURVE('',#126,#1097);
#1097 = DEFINITIONAL_REPRESENTATION('',(#1098),#1111);
#1098 = B_SPLINE_CURVE_WITH_KNOTS('',6,(#1099,#1100,#1101,#1102,#1103,
    #1104,#1105,#1106,#1107,#1108,#1109,#1110),.UNSPECIFIED.,.F.,.F.,(7,
    5,7),(0.,0.108815039315,1.),.UNSPECIFIED.);
#1099 = CARTESIAN_POINT('',(23.273803710938,6.509521484375));
#1100 = CARTESIAN_POINT('',(23.26364309504,6.500630945465));
#1101 = CARTESIAN_POINT('',(23.253668266315,6.491553931466));
#1102 = CARTESIAN_POINT('',(23.243881359773,6.482291440783));
#1103 = CARTESIAN_POINT('',(23.234284310433,6.472844681267));
#1104 = CARTESIAN_POINT('',(23.224878853314,6.463215070216));
#1105 = CARTESIAN_POINT('',(23.140218406244,6.373054409497));
#1106 = CARTESIAN_POINT('',(23.077688803298,6.280511795029));
#1107 = CARTESIAN_POINT('',(23.02907417424,6.176786842019));
#1108 = CARTESIAN_POINT('',(22.993940853195,6.063609644294));
#1109 = CARTESIAN_POINT('',(22.971213264965,5.942865098078));
#1110 = CARTESIAN_POINT('',(22.959594726562,5.816284179688));
#1111 = ( GEOMETRIC_REPRESENTATION_CONTEXT(2) 
PARAMETRIC_REPRESENTATION_CONTEXT() REPRESENTATION_CONTEXT('2D SPACE',''
  ) );
#1112 = PCURVE('',#1113,#1120);
#1113 = SURFACE_OF_LINEAR_EXTRUSION('',#1114,#1118);
#1114 = B_SPLINE_CURVE_WITH_KNOTS('',2,(#1115,#1116,#1117),
  .UNSPECIFIED.,.F.,.F.,(3,3),(0.,1.),.PIECEWISE_BEZIER_KNOTS.);
#1115 = CARTESIAN_POINT('',(-16.04040527343,-4.183715820312,15.95));
#1116 = CARTESIAN_POINT('',(-15.99865722656,-3.728881835938,15.95));
#1117 = CARTESIAN_POINT('',(-15.72619628906,-3.490478515625,15.95));
#1118 = VECTOR('',#1119,1.);
#1119 = DIRECTION('',(-0.,-0.,-1.));
#1120 = DEFINITIONAL_REPRESENTATION('',(#1121),#1134);
#1121 = B_SPLINE_CURVE_WITH_KNOTS('',6,(#1122,#1123,#1124,#1125,#1126,
    #1127,#1128,#1129,#1130,#1131,#1132,#1133),.UNSPECIFIED.,.F.,.F.,(7,
    5,7),(0.,0.108815039315,1.),.UNSPECIFIED.);
#1122 = CARTESIAN_POINT('',(1.,-5.E-02));
#1123 = CARTESIAN_POINT('',(0.981353995199,-5.E-02));
#1124 = CARTESIAN_POINT('',(0.962695653266,-5.E-02));
#1125 = CARTESIAN_POINT('',(0.944028011919,-5.E-02));
#1126 = CARTESIAN_POINT('',(0.92535413097,-5.E-02));
#1127 = CARTESIAN_POINT('',(0.906677092329,-5.E-02));
#1128 = CARTESIAN_POINT('',(0.735036366505,-5.E-02));
#1129 = CARTESIAN_POINT('',(0.58199784106,-5.E-02));
#1130 = CARTESIAN_POINT('',(0.430853284424,-5.E-02));
#1131 = CARTESIAN_POINT('',(0.282942049116,-5.E-02));
#1132 = CARTESIAN_POINT('',(0.13915068216,-5.E-02));
#1133 = CARTESIAN_POINT('',(0.,-5.E-02));
#1134 = ( GEOMETRIC_REPRESENTATION_CONTEXT(2) 
PARAMETRIC_REPRESENTATION_CONTEXT() REPRESENTATION_CONTEXT('2D SPACE',''
  ) );
#1135 = ORIENTED_EDGE('',*,*,#1136,.F.);
#1136 = EDGE_CURVE('',#1137,#1080,#1139,.T.);
#1137 = VERTEX_POINT('',#1138);
#1138 = CARTESIAN_POINT('',(-14.99450683593,-3.252075195312,16.));
#1139 = SURFACE_CURVE('',#1140,(#1155,#1173),.PCURVE_S1.);
#1140 = B_SPLINE_CURVE_WITH_KNOTS('',5,(#1141,#1142,#1143,#1144,#1145,
    #1146,#1147,#1148,#1149,#1150,#1151,#1152,#1153,#1154),
  .UNSPECIFIED.,.F.,.F.,(6,4,4,6),(0.,0.480496985876,0.937966621862,1.),
  .UNSPECIFIED.);
#1141 = CARTESIAN_POINT('',(-14.99450683593,-3.252075195312,16.));
#1142 = CARTESIAN_POINT('',(-15.07727863297,-3.252075195312,16.));
#1143 = CARTESIAN_POINT('',(-15.15799568084,-3.256916133826,16.));
#1144 = CARTESIAN_POINT('',(-15.23625267594,-3.267002352641,16.));
#1145 = CARTESIAN_POINT('',(-15.31156220148,-3.282723364245,16.));
#1146 = CARTESIAN_POINT('',(-15.45186950303,-3.324825504406,16.));
#1147 = CARTESIAN_POINT('',(-15.51719586091,-3.350661492134,16.));
#1148 = CARTESIAN_POINT('',(-15.57898150222,-3.38197777907,16.));
#1149 = CARTESIAN_POINT('',(-15.63685284027,-3.418804753381,16.));
#1150 = CARTESIAN_POINT('',(-15.69783853488,-3.466652893073,16.));
#1151 = CARTESIAN_POINT('',(-15.70504423051,-3.472464060147,16.));
#1152 = CARTESIAN_POINT('',(-15.71217277714,-3.47837241977,16.));
#1153 = CARTESIAN_POINT('',(-15.71922362814,-3.484377437319,16.));
#1154 = CARTESIAN_POINT('',(-15.72619628906,-3.490478515625,16.));
#1155 = PCURVE('',#126,#1156);
#1156 = DEFINITIONAL_REPRESENTATION('',(#1157),#1172);
#1157 = B_SPLINE_CURVE_WITH_KNOTS('',5,(#1158,#1159,#1160,#1161,#1162,
    #1163,#1164,#1165,#1166,#1167,#1168,#1169,#1170,#1171),
  .UNSPECIFIED.,.F.,.F.,(6,4,4,6),(0.,0.480496985876,0.937966621862,1.),
  .UNSPECIFIED.);
#1158 = CARTESIAN_POINT('',(24.005493164062,6.747924804688));
#1159 = CARTESIAN_POINT('',(23.922721367025,6.747924804688));
#1160 = CARTESIAN_POINT('',(23.842004319156,6.743083866174));
#1161 = CARTESIAN_POINT('',(23.763747324056,6.732997647359));
#1162 = CARTESIAN_POINT('',(23.688437798514,6.717276635755));
#1163 = CARTESIAN_POINT('',(23.548130496964,6.675174495594));
#1164 = CARTESIAN_POINT('',(23.48280413909,6.649338507866));
#1165 = CARTESIAN_POINT('',(23.421018497776,6.61802222093));
#1166 = CARTESIAN_POINT('',(23.363147159723,6.581195246619));
#1167 = CARTESIAN_POINT('',(23.302161465114,6.533347106927));
#1168 = CARTESIAN_POINT('',(23.294955769488,6.527535939853));
#1169 = CARTESIAN_POINT('',(23.287827222859,6.52162758023));
#1170 = CARTESIAN_POINT('',(23.280776371858,6.515622562681));
#1171 = CARTESIAN_POINT('',(23.273803710938,6.509521484375));
#1172 = ( GEOMETRIC_REPRESENTATION_CONTEXT(2) 
PARAMETRIC_REPRESENTATION_CONTEXT() REPRESENTATION_CONTEXT('2D SPACE',''
  ) );
#1173 = PCURVE('',#1174,#1181);
#1174 = SURFACE_OF_LINEAR_EXTRUSION('',#1175,#1179);
#1175 = B_SPLINE_CURVE_WITH_KNOTS('',2,(#1176,#1177,#1178),
  .UNSPECIFIED.,.F.,.F.,(3,3),(0.,1.),.PIECEWISE_BEZIER_KNOTS.);
#1176 = CARTESIAN_POINT('',(-15.72619628906,-3.490478515625,15.95));
#1177 = CARTESIAN_POINT('',(-15.45373535156,-3.252075195312,15.95));
#1178 = CARTESIAN_POINT('',(-14.99450683593,-3.252075195312,15.95));
#1179 = VECTOR('',#1180,1.);
#1180 = DIRECTION('',(-0.,-0.,-1.));
#1181 = DEFINITIONAL_REPRESENTATION('',(#1182),#1197);
#1182 = B_SPLINE_CURVE_WITH_KNOTS('',5,(#1183,#1184,#1185,#1186,#1187,
    #1188,#1189,#1190,#1191,#1192,#1193,#1194,#1195,#1196),
  .UNSPECIFIED.,.F.,.F.,(6,4,4,6),(0.,0.480496985876,0.937966621862,1.),
  .UNSPECIFIED.);
#1183 = CARTESIAN_POINT('',(1.,-5.E-02));
#1184 = CARTESIAN_POINT('',(0.909879510722,-5.E-02));
#1185 = CARTESIAN_POINT('',(0.817867053628,-5.E-02));
#1186 = CARTESIAN_POINT('',(0.724059027511,-5.E-02));
#1187 = CARTESIAN_POINT('',(0.628653883411,-5.E-02));
#1188 = CARTESIAN_POINT('',(0.43997815978,-5.E-02));
#1189 = CARTESIAN_POINT('',(0.346814811164,-5.E-02));
#1190 = CARTESIAN_POINT('',(0.252832038912,-5.E-02));
#1191 = CARTESIAN_POINT('',(0.158410677716,-5.E-02));
#1192 = CARTESIAN_POINT('',(5.119780984274E-02,-5.E-02));
#1193 = CARTESIAN_POINT('',(3.83956618622E-02,-5.E-02));
#1194 = CARTESIAN_POINT('',(2.5594610689E-02,-5.E-02));
#1195 = CARTESIAN_POINT('',(1.279570749633E-02,-5.E-02));
#1196 = CARTESIAN_POINT('',(0.,-5.E-02));
#1197 = ( GEOMETRIC_REPRESENTATION_CONTEXT(2) 
PARAMETRIC_REPRESENTATION_CONTEXT() REPRESENTATION_CONTEXT('2D SPACE',''
  ) );
#1198 = ORIENTED_EDGE('',*,*,#1199,.F.);
#1199 = EDGE_CURVE('',#1200,#1137,#1202,.T.);
#1200 = VERTEX_POINT('',#1201);
#1201 = CARTESIAN_POINT('',(-14.26062011718,-3.509155273438,16.));
#1202 = SURFACE_CURVE('',#1203,(#1216,#1232),.PCURVE_S1.);
#1203 = B_SPLINE_CURVE_WITH_KNOTS('',6,(#1204,#1205,#1206,#1207,#1208,
    #1209,#1210,#1211,#1212,#1213,#1214,#1215),.UNSPECIFIED.,.F.,.F.,(7,
    5,7),(0.,0.130425407116,1.),.UNSPECIFIED.);
#1204 = CARTESIAN_POINT('',(-14.26062011718,-3.509155273438,16.));
#1205 = CARTESIAN_POINT('',(-14.2726727305,-3.497690592474,16.));
#1206 = CARTESIAN_POINT('',(-14.28496754449,-3.48652176202,16.));
#1207 = CARTESIAN_POINT('',(-14.29750255474,-3.475652578692,16.));
#1208 = CARTESIAN_POINT('',(-14.31027535838,-3.465086376757,16.));
#1209 = CARTESIAN_POINT('',(-14.32328315411,-3.454826028132,16.));
#1210 = CARTESIAN_POINT('',(-14.42479395911,-3.37852121936,16.));
#1211 = CARTESIAN_POINT('',(-14.52340874127,-3.325840804122,16.));
#1212 = CARTESIAN_POINT('',(-14.63129412469,-3.287676701575,16.));
#1213 = CARTESIAN_POINT('',(-14.74686187576,-3.263480530521,16.));
#1214 = CARTESIAN_POINT('',(-14.86843826887,-3.252075195312,16.));
#1215 = CARTESIAN_POINT('',(-14.99450683593,-3.252075195312,16.));
#1216 = PCURVE('',#126,#1217);
#1217 = DEFINITIONAL_REPRESENTATION('',(#1218),#1231);
#1218 = B_SPLINE_CURVE_WITH_KNOTS('',6,(#1219,#1220,#1221,#1222,#1223,
    #1224,#1225,#1226,#1227,#1228,#1229,#1230),.UNSPECIFIED.,.F.,.F.,(7,
    5,7),(0.,0.130425407116,1.),.UNSPECIFIED.);
#1219 = CARTESIAN_POINT('',(24.739379882812,6.490844726562));
#1220 = CARTESIAN_POINT('',(24.727327269492,6.502309407526));
#1221 = CARTESIAN_POINT('',(24.715032455501,6.51347823798));
#1222 = CARTESIAN_POINT('',(24.702497445254,6.524347421308));
#1223 = CARTESIAN_POINT('',(24.689724641612,6.534913623243));
#1224 = CARTESIAN_POINT('',(24.676716845881,6.545173971868));
#1225 = CARTESIAN_POINT('',(24.575206040884,6.62147878064));
#1226 = CARTESIAN_POINT('',(24.476591258725,6.674159195878));
#1227 = CARTESIAN_POINT('',(24.368705875303,6.712323298425));
#1228 = CARTESIAN_POINT('',(24.253138124238,6.736519469479));
#1229 = CARTESIAN_POINT('',(24.131561731129,6.747924804688));
#1230 = CARTESIAN_POINT('',(24.005493164062,6.747924804688));
#1231 = ( GEOMETRIC_REPRESENTATION_CONTEXT(2) 
PARAMETRIC_REPRESENTATION_CONTEXT() REPRESENTATION_CONTEXT('2D SPACE',''
  ) );
#1232 = PCURVE('',#1233,#1240);
#1233 = SURFACE_OF_LINEAR_EXTRUSION('',#1234,#1238);
#1234 = B_SPLINE_CURVE_WITH_KNOTS('',2,(#1235,#1236,#1237),
  .UNSPECIFIED.,.F.,.F.,(3,3),(0.,1.),.PIECEWISE_BEZIER_KNOTS.);
#1235 = CARTESIAN_POINT('',(-14.99450683593,-3.252075195312,15.95));
#1236 = CARTESIAN_POINT('',(-14.53088378906,-3.252075195312,15.95));
#1237 = CARTESIAN_POINT('',(-14.26062011718,-3.509155273438,15.95));
#1238 = VECTOR('',#1239,1.);
#1239 = DIRECTION('',(-0.,-0.,-1.));
#1240 = DEFINITIONAL_REPRESENTATION('',(#1241),#1254);
#1241 = B_SPLINE_CURVE_WITH_KNOTS('',6,(#1242,#1243,#1244,#1245,#1246,
    #1247,#1248,#1249,#1250,#1251,#1252,#1253),.UNSPECIFIED.,.F.,.F.,(7,
    5,7),(0.,0.130425407116,1.),.UNSPECIFIED.);
#1242 = CARTESIAN_POINT('',(1.,-5.E-02));
#1243 = CARTESIAN_POINT('',(0.977702120975,-5.E-02));
#1244 = CARTESIAN_POINT('',(0.955383017133,-5.E-02));
#1245 = CARTESIAN_POINT('',(0.933047929789,-5.E-02));
#1246 = CARTESIAN_POINT('',(0.910702154932,-5.E-02));
#1247 = CARTESIAN_POINT('',(0.888351043224,-5.E-02));
#1248 = CARTESIAN_POINT('',(0.716980727285,-5.E-02));
#1249 = CARTESIAN_POINT('',(0.567896617351,-5.E-02));
#1250 = CARTESIAN_POINT('',(0.420589437001,-5.E-02));
#1251 = CARTESIAN_POINT('',(0.276327216349,-5.E-02));
#1252 = CARTESIAN_POINT('',(0.135960202924,-5.E-02));
#1253 = CARTESIAN_POINT('',(0.,-5.E-02));
#1254 = ( GEOMETRIC_REPRESENTATION_CONTEXT(2) 
PARAMETRIC_REPRESENTATION_CONTEXT() REPRESENTATION_CONTEXT('2D SPACE',''
  ) );
#1255 = ORIENTED_EDGE('',*,*,#1256,.F.);
#1256 = EDGE_CURVE('',#1257,#1200,#1259,.T.);
#1257 = VERTEX_POINT('',#1258);
#1258 = CARTESIAN_POINT('',(-13.99035644531,-4.146362304688,16.));
#1259 = SURFACE_CURVE('',#1260,(#1271,#1285),.PCURVE_S1.);
#1260 = B_SPLINE_CURVE_WITH_KNOTS('',5,(#1261,#1262,#1263,#1264,#1265,
    #1266,#1267,#1268,#1269,#1270),.UNSPECIFIED.,.F.,.F.,(6,4,6),(0.,
    0.530588223559,1.),.UNSPECIFIED.);
#1261 = CARTESIAN_POINT('',(-13.99035644531,-4.146362304688,16.));
#1262 = CARTESIAN_POINT('',(-13.99035644531,-4.067489193737,16.));
#1263 = CARTESIAN_POINT('',(-13.99762872378,-3.990701194102,16.));
#1264 = CARTESIAN_POINT('',(-14.01262510719,-3.91653223859,16.));
#1265 = CARTESIAN_POINT('',(-14.03557087013,-3.845491255673,16.));
#1266 = CARTESIAN_POINT('',(-14.09343615858,-3.718274609857,16.));
#1267 = CARTESIAN_POINT('',(-14.12667564476,-3.661317102914,16.));
#1268 = CARTESIAN_POINT('',(-14.16586546689,-3.607403981514,16.));
#1269 = CARTESIAN_POINT('',(-14.21066720017,-3.556671462789,16.));
#1270 = CARTESIAN_POINT('',(-14.26062011718,-3.509155273438,16.));
#1271 = PCURVE('',#126,#1272);
#1272 = DEFINITIONAL_REPRESENTATION('',(#1273),#1284);
#1273 = B_SPLINE_CURVE_WITH_KNOTS('',5,(#1274,#1275,#1276,#1277,#1278,
    #1279,#1280,#1281,#1282,#1283),.UNSPECIFIED.,.F.,.F.,(6,4,6),(0.,
    0.530588223559,1.),.UNSPECIFIED.);
#1274 = CARTESIAN_POINT('',(25.009643554688,5.853637695312));
#1275 = CARTESIAN_POINT('',(25.009643554688,5.932510806263));
#1276 = CARTESIAN_POINT('',(25.002371276216,6.009298805898));
#1277 = CARTESIAN_POINT('',(24.987374892806,6.08346776141));
#1278 = CARTESIAN_POINT('',(24.964429129863,6.154508744327));
#1279 = CARTESIAN_POINT('',(24.906563841412,6.281725390143));
#1280 = CARTESIAN_POINT('',(24.873324355237,6.338682897086));
#1281 = CARTESIAN_POINT('',(24.834134533101,6.392596018486));
#1282 = CARTESIAN_POINT('',(24.789332799823,6.443328537211));
#1283 = CARTESIAN_POINT('',(24.739379882812,6.490844726562));
#1284 = ( GEOMETRIC_REPRESENTATION_CONTEXT(2) 
PARAMETRIC_REPRESENTATION_CONTEXT() REPRESENTATION_CONTEXT('2D SPACE',''
  ) );
#1285 = PCURVE('',#1286,#1293);
#1286 = SURFACE_OF_LINEAR_EXTRUSION('',#1287,#1291);
#1287 = B_SPLINE_CURVE_WITH_KNOTS('',2,(#1288,#1289,#1290),
  .UNSPECIFIED.,.F.,.F.,(3,3),(0.,1.),.PIECEWISE_BEZIER_KNOTS.);
#1288 = CARTESIAN_POINT('',(-14.26062011718,-3.509155273438,15.95));
#1289 = CARTESIAN_POINT('',(-13.99035644531,-3.766235351562,15.95));
#1290 = CARTESIAN_POINT('',(-13.99035644531,-4.146362304688,15.95));
#1291 = VECTOR('',#1292,1.);
#1292 = DIRECTION('',(-0.,-0.,-1.));
#1293 = DEFINITIONAL_REPRESENTATION('',(#1294),#1305);
#1294 = B_SPLINE_CURVE_WITH_KNOTS('',5,(#1295,#1296,#1297,#1298,#1299,
    #1300,#1301,#1302,#1303,#1304),.UNSPECIFIED.,.F.,.F.,(6,4,6),(0.,
    0.530588223559,1.),.UNSPECIFIED.);
#1295 = CARTESIAN_POINT('',(1.,-5.E-02));
#1296 = CARTESIAN_POINT('',(0.896254250979,-5.E-02));
#1297 = CARTESIAN_POINT('',(0.790896087044,-5.E-02));
#1298 = CARTESIAN_POINT('',(0.684357236587,-5.E-02));
#1299 = CARTESIAN_POINT('',(0.577172211073,-5.E-02));
#1300 = CARTESIAN_POINT('',(0.375184669107,-5.E-02));
#1301 = CARTESIAN_POINT('',(0.280359859987,-5.E-02));
#1302 = CARTESIAN_POINT('',(0.185976073915,-5.E-02));
#1303 = CARTESIAN_POINT('',(9.241515269845E-02,-5.E-02));
#1304 = CARTESIAN_POINT('',(0.,-5.E-02));
#1305 = ( GEOMETRIC_REPRESENTATION_CONTEXT(2) 
PARAMETRIC_REPRESENTATION_CONTEXT() REPRESENTATION_CONTEXT('2D SPACE',''
  ) );
#1306 = ORIENTED_EDGE('',*,*,#1307,.F.);
#1307 = EDGE_CURVE('',#1308,#1257,#1310,.T.);
#1308 = VERTEX_POINT('',#1309);
#1309 = CARTESIAN_POINT('',(-14.06945800781,-4.526489257812,16.));
#1310 = SURFACE_CURVE('',#1311,(#1320,#1332),.PCURVE_S1.);
#1311 = B_SPLINE_CURVE_WITH_KNOTS('',4,(#1312,#1313,#1314,#1315,#1316,
    #1317,#1318,#1319),.UNSPECIFIED.,.F.,.F.,(5,3,5),(0.,0.796352914895,
    1.),.UNSPECIFIED.);
#1312 = CARTESIAN_POINT('',(-14.06945800781,-4.526489257812,16.));
#1313 = CARTESIAN_POINT('',(-14.03812040214,-4.452497688866,16.));
#1314 = CARTESIAN_POINT('',(-14.01491574955,-4.377478297838,16.));
#1315 = CARTESIAN_POINT('',(-14.00008568716,-4.301578176432,16.));
#1316 = CARTESIAN_POINT('',(-13.99200214642,-4.205390205583,16.));
#1317 = CARTESIAN_POINT('',(-13.99090476405,-4.185756020809,16.));
#1318 = CARTESIAN_POINT('',(-13.99035644531,-4.166079036675,16.));
#1319 = CARTESIAN_POINT('',(-13.99035644531,-4.146362304688,16.));
#1320 = PCURVE('',#126,#1321);
#1321 = DEFINITIONAL_REPRESENTATION('',(#1322),#1331);
#1322 = B_SPLINE_CURVE_WITH_KNOTS('',4,(#1323,#1324,#1325,#1326,#1327,
    #1328,#1329,#1330),.UNSPECIFIED.,.F.,.F.,(5,3,5),(0.,0.796352914895,
    1.),.UNSPECIFIED.);
#1323 = CARTESIAN_POINT('',(24.930541992188,5.473510742188));
#1324 = CARTESIAN_POINT('',(24.961879597859,5.547502311134));
#1325 = CARTESIAN_POINT('',(24.985084250441,5.622521702162));
#1326 = CARTESIAN_POINT('',(24.999914312834,5.698421823568));
#1327 = CARTESIAN_POINT('',(25.007997853571,5.794609794417));
#1328 = CARTESIAN_POINT('',(25.009095235948,5.814243979191));
#1329 = CARTESIAN_POINT('',(25.009643554688,5.833920963325));
#1330 = CARTESIAN_POINT('',(25.009643554688,5.853637695312));
#1331 = ( GEOMETRIC_REPRESENTATION_CONTEXT(2) 
PARAMETRIC_REPRESENTATION_CONTEXT() REPRESENTATION_CONTEXT('2D SPACE',''
  ) );
#1332 = PCURVE('',#1333,#1340);
#1333 = SURFACE_OF_LINEAR_EXTRUSION('',#1334,#1338);
#1334 = B_SPLINE_CURVE_WITH_KNOTS('',2,(#1335,#1336,#1337),
  .UNSPECIFIED.,.F.,.F.,(3,3),(0.,1.),.PIECEWISE_BEZIER_KNOTS.);
#1335 = CARTESIAN_POINT('',(-13.99035644531,-4.146362304688,15.95));
#1336 = CARTESIAN_POINT('',(-13.99035644531,-4.339721679688,15.95));
#1337 = CARTESIAN_POINT('',(-14.06945800781,-4.526489257812,15.95));
#1338 = VECTOR('',#1339,1.);
#1339 = DIRECTION('',(-0.,-0.,-1.));
#1340 = DEFINITIONAL_REPRESENTATION('',(#1341),#1350);
#1341 = B_SPLINE_CURVE_WITH_KNOTS('',4,(#1342,#1343,#1344,#1345,#1346,
    #1347,#1348,#1349),.UNSPECIFIED.,.F.,.F.,(5,3,5),(0.,0.796352914895,
    1.),.UNSPECIFIED.);
#1342 = CARTESIAN_POINT('',(1.,-5.E-02));
#1343 = CARTESIAN_POINT('',(0.801915381435,-5.E-02));
#1344 = CARTESIAN_POINT('',(0.602925515864,-5.E-02));
#1345 = CARTESIAN_POINT('',(0.403462831577,-5.E-02));
#1346 = CARTESIAN_POINT('',(0.152992433533,-5.E-02));
#1347 = CARTESIAN_POINT('',(0.101984735288,-5.E-02));
#1348 = CARTESIAN_POINT('',(5.098468069556E-02,-5.E-02));
#1349 = CARTESIAN_POINT('',(0.,-5.E-02));
#1350 = ( GEOMETRIC_REPRESENTATION_CONTEXT(2) 
PARAMETRIC_REPRESENTATION_CONTEXT() REPRESENTATION_CONTEXT('2D SPACE',''
  ) );
#1351 = ORIENTED_EDGE('',*,*,#1352,.F.);
#1352 = EDGE_CURVE('',#1353,#1308,#1355,.T.);
#1353 = VERTEX_POINT('',#1354);
#1354 = CARTESIAN_POINT('',(-14.33203125,-4.919799804688,16.));
#1355 = SURFACE_CURVE('',#1356,(#1363,#1373),.PCURVE_S1.);
#1356 = B_SPLINE_CURVE_WITH_KNOTS('',5,(#1357,#1358,#1359,#1360,#1361,
    #1362),.UNSPECIFIED.,.F.,.F.,(6,6),(0.,1.),
  .PIECEWISE_BEZIER_KNOTS.);
#1357 = CARTESIAN_POINT('',(-14.33203125,-4.919799804688,16.));
#1358 = CARTESIAN_POINT('',(-14.26087613922,-4.839697045252,16.));
#1359 = CARTESIAN_POINT('',(-14.19830314535,-4.760069097513,16.));
#1360 = CARTESIAN_POINT('',(-14.14507102042,-4.681137313458,16.));
#1361 = CARTESIAN_POINT('',(-14.10193666489,-4.603174975928,16.));
#1362 = CARTESIAN_POINT('',(-14.06945800781,-4.526489257812,16.));
#1363 = PCURVE('',#126,#1364);
#1364 = DEFINITIONAL_REPRESENTATION('',(#1365),#1372);
#1365 = B_SPLINE_CURVE_WITH_KNOTS('',5,(#1366,#1367,#1368,#1369,#1370,
    #1371),.UNSPECIFIED.,.F.,.F.,(6,6),(0.,1.),
  .PIECEWISE_BEZIER_KNOTS.);
#1366 = CARTESIAN_POINT('',(24.66796875,5.080200195312));
#1367 = CARTESIAN_POINT('',(24.739123860775,5.160302954748));
#1368 = CARTESIAN_POINT('',(24.801696854647,5.239930902487));
#1369 = CARTESIAN_POINT('',(24.854928979571,5.318862686542));
#1370 = CARTESIAN_POINT('',(24.898063335103,5.396825024072));
#1371 = CARTESIAN_POINT('',(24.930541992188,5.473510742188));
#1372 = ( GEOMETRIC_REPRESENTATION_CONTEXT(2) 
PARAMETRIC_REPRESENTATION_CONTEXT() REPRESENTATION_CONTEXT('2D SPACE',''
  ) );
#1373 = PCURVE('',#1374,#1381);
#1374 = SURFACE_OF_LINEAR_EXTRUSION('',#1375,#1379);
#1375 = B_SPLINE_CURVE_WITH_KNOTS('',2,(#1376,#1377,#1378),
  .UNSPECIFIED.,.F.,.F.,(3,3),(0.,1.),.PIECEWISE_BEZIER_KNOTS.);
#1376 = CARTESIAN_POINT('',(-14.06945800781,-4.526489257812,15.95));
#1377 = CARTESIAN_POINT('',(-14.14855957031,-4.713256835938,15.95));
#1378 = CARTESIAN_POINT('',(-14.33203125,-4.919799804688,15.95));
#1379 = VECTOR('',#1380,1.);
#1380 = DIRECTION('',(-0.,-0.,-1.));
#1381 = DEFINITIONAL_REPRESENTATION('',(#1382),#1389);
#1382 = B_SPLINE_CURVE_WITH_KNOTS('',5,(#1383,#1384,#1385,#1386,#1387,
    #1388),.UNSPECIFIED.,.F.,.F.,(6,6),(0.,1.),
  .PIECEWISE_BEZIER_KNOTS.);
#1383 = CARTESIAN_POINT('',(1.,-5.E-02));
#1384 = CARTESIAN_POINT('',(0.806086936968,-5.E-02));
#1385 = CARTESIAN_POINT('',(0.608822860463,-5.E-02));
#1386 = CARTESIAN_POINT('',(0.408433607249,-5.E-02));
#1387 = CARTESIAN_POINT('',(0.205297190458,-5.E-02));
#1388 = CARTESIAN_POINT('',(0.,-5.E-02));
#1389 = ( GEOMETRIC_REPRESENTATION_CONTEXT(2) 
PARAMETRIC_REPRESENTATION_CONTEXT() REPRESENTATION_CONTEXT('2D SPACE',''
  ) );
#1390 = ORIENTED_EDGE('',*,*,#1391,.F.);
#1391 = EDGE_CURVE('',#1392,#1353,#1394,.T.);
#1392 = VERTEX_POINT('',#1393);
#1393 = CARTESIAN_POINT('',(-14.94177246093,-5.486694335938,16.));
#1394 = SURFACE_CURVE('',#1395,(#1403,#1414),.PCURVE_S1.);
#1395 = B_SPLINE_CURVE_WITH_KNOTS('',6,(#1396,#1397,#1398,#1399,#1400,
    #1401,#1402),.UNSPECIFIED.,.F.,.F.,(7,7),(0.,1.),
  .PIECEWISE_BEZIER_KNOTS.);
#1396 = CARTESIAN_POINT('',(-14.94177246093,-5.486694335938,16.));
#1397 = CARTESIAN_POINT('',(-14.81775283219,-5.381853000299,16.));
#1398 = CARTESIAN_POINT('',(-14.70009830305,-5.279780046664,16.));
#1399 = CARTESIAN_POINT('',(-14.58992260093,-5.180943835101,16.));
#1400 = CARTESIAN_POINT('',(-14.4894477258,-5.086562913687,16.));
#1401 = CARTESIAN_POINT('',(-14.40206077048,-4.99863543254,16.));
#1402 = CARTESIAN_POINT('',(-14.33203125,-4.919799804688,16.));
#1403 = PCURVE('',#126,#1404);
#1404 = DEFINITIONAL_REPRESENTATION('',(#1405),#1413);
#1405 = B_SPLINE_CURVE_WITH_KNOTS('',6,(#1406,#1407,#1408,#1409,#1410,
    #1411,#1412),.UNSPECIFIED.,.F.,.F.,(7,7),(0.,1.),
  .PIECEWISE_BEZIER_KNOTS.);
#1406 = CARTESIAN_POINT('',(24.058227539062,4.513305664062));
#1407 = CARTESIAN_POINT('',(24.182247167805,4.618146999701));
#1408 = CARTESIAN_POINT('',(24.299901696945,4.720219953336));
#1409 = CARTESIAN_POINT('',(24.410077399066,4.819056164899));
#1410 = CARTESIAN_POINT('',(24.510552274193,4.913437086313));
#1411 = CARTESIAN_POINT('',(24.597939229514,5.00136456746));
#1412 = CARTESIAN_POINT('',(24.66796875,5.080200195312));
#1413 = ( GEOMETRIC_REPRESENTATION_CONTEXT(2) 
PARAMETRIC_REPRESENTATION_CONTEXT() REPRESENTATION_CONTEXT('2D SPACE',''
  ) );
#1414 = PCURVE('',#1415,#1422);
#1415 = SURFACE_OF_LINEAR_EXTRUSION('',#1416,#1420);
#1416 = B_SPLINE_CURVE_WITH_KNOTS('',2,(#1417,#1418,#1419),
  .UNSPECIFIED.,.F.,.F.,(3,3),(0.,1.),.PIECEWISE_BEZIER_KNOTS.);
#1417 = CARTESIAN_POINT('',(-14.33203125,-4.919799804688,15.95));
#1418 = CARTESIAN_POINT('',(-14.51550292968,-5.126342773438,15.95));
#1419 = CARTESIAN_POINT('',(-14.94177246093,-5.486694335938,15.95));
#1420 = VECTOR('',#1421,1.);
#1421 = DIRECTION('',(-0.,-0.,-1.));
#1422 = DEFINITIONAL_REPRESENTATION('',(#1423),#1431);
#1423 = B_SPLINE_CURVE_WITH_KNOTS('',6,(#1424,#1425,#1426,#1427,#1428,
    #1429,#1430),.UNSPECIFIED.,.F.,.F.,(7,7),(0.,1.),
  .PIECEWISE_BEZIER_KNOTS.);
#1424 = CARTESIAN_POINT('',(1.,-5.E-02));
#1425 = CARTESIAN_POINT('',(0.854529095266,-5.E-02));
#1426 = CARTESIAN_POINT('',(0.702061645735,-5.E-02));
#1427 = CARTESIAN_POINT('',(0.541284666294,-5.E-02));
#1428 = CARTESIAN_POINT('',(0.371151539883,-5.E-02));
#1429 = CARTESIAN_POINT('',(0.190845586102,-5.E-02));
#1430 = CARTESIAN_POINT('',(0.,-5.E-02));
#1431 = ( GEOMETRIC_REPRESENTATION_CONTEXT(2) 
PARAMETRIC_REPRESENTATION_CONTEXT() REPRESENTATION_CONTEXT('2D SPACE',''
  ) );
#1432 = ORIENTED_EDGE('',*,*,#1433,.F.);
#1433 = EDGE_CURVE('',#1434,#1392,#1436,.T.);
#1434 = VERTEX_POINT('',#1435);
#1435 = CARTESIAN_POINT('',(-15.39880371093,-5.89208984375,16.));
#1436 = SURFACE_CURVE('',#1437,(#1446,#1458),.PCURVE_S1.);
#1437 = B_SPLINE_CURVE_WITH_KNOTS('',7,(#1438,#1439,#1440,#1441,#1442,
    #1443,#1444,#1445),.UNSPECIFIED.,.F.,.F.,(8,8),(0.,1.),
  .PIECEWISE_BEZIER_KNOTS.);
#1438 = CARTESIAN_POINT('',(-15.39880371093,-5.89208984375,16.));
#1439 = CARTESIAN_POINT('',(-15.36600970388,-5.857513553704,16.));
#1440 = CARTESIAN_POINT('',(-15.31869602337,-5.812324799735,16.));
#1441 = CARTESIAN_POINT('',(-15.25906926492,-5.758264729525,16.));
#1442 = CARTESIAN_POINT('',(-15.18973897604,-5.697316667056,16.));
#1443 = CARTESIAN_POINT('',(-15.1128168802,-5.631063185625,16.));
#1444 = CARTESIAN_POINT('',(-15.02987198334,-5.560654428819,16.));
#1445 = CARTESIAN_POINT('',(-14.94177246093,-5.486694335938,16.));
#1446 = PCURVE('',#126,#1447);
#1447 = DEFINITIONAL_REPRESENTATION('',(#1448),#1457);
#1448 = B_SPLINE_CURVE_WITH_KNOTS('',7,(#1449,#1450,#1451,#1452,#1453,
    #1454,#1455,#1456),.UNSPECIFIED.,.F.,.F.,(8,8),(0.,1.),
  .PIECEWISE_BEZIER_KNOTS.);
#1449 = CARTESIAN_POINT('',(23.601196289062,4.10791015625));
#1450 = CARTESIAN_POINT('',(23.633990296117,4.142486446296));
#1451 = CARTESIAN_POINT('',(23.681303976624,4.187675200265));
#1452 = CARTESIAN_POINT('',(23.740930735072,4.241735270475));
#1453 = CARTESIAN_POINT('',(23.810261023953,4.302683332944));
#1454 = CARTESIAN_POINT('',(23.887183119794,4.368936814375));
#1455 = CARTESIAN_POINT('',(23.970128016659,4.439345571181));
#1456 = CARTESIAN_POINT('',(24.058227539062,4.513305664062));
#1457 = ( GEOMETRIC_REPRESENTATION_CONTEXT(2) 
PARAMETRIC_REPRESENTATION_CONTEXT() REPRESENTATION_CONTEXT('2D SPACE',''
  ) );
#1458 = PCURVE('',#1459,#1466);
#1459 = SURFACE_OF_LINEAR_EXTRUSION('',#1460,#1464);
#1460 = B_SPLINE_CURVE_WITH_KNOTS('',2,(#1461,#1462,#1463),
  .UNSPECIFIED.,.F.,.F.,(3,3),(0.,1.),.PIECEWISE_BEZIER_KNOTS.);
#1461 = CARTESIAN_POINT('',(-14.94177246093,-5.486694335938,15.95));
#1462 = CARTESIAN_POINT('',(-15.29772949218,-5.785522460938,15.95));
#1463 = CARTESIAN_POINT('',(-15.39880371093,-5.89208984375,15.95));
#1464 = VECTOR('',#1465,1.);
#1465 = DIRECTION('',(-0.,-0.,-1.));
#1466 = DEFINITIONAL_REPRESENTATION('',(#1467),#1476);
#1467 = B_SPLINE_CURVE_WITH_KNOTS('',7,(#1468,#1469,#1470,#1471,#1472,
    #1473,#1474,#1475),.UNSPECIFIED.,.F.,.F.,(8,8),(0.,1.),
  .PIECEWISE_BEZIER_KNOTS.);
#1468 = CARTESIAN_POINT('',(1.,-5.E-02));
#1469 = CARTESIAN_POINT('',(0.837772641433,-5.E-02));
#1470 = CARTESIAN_POINT('',(0.681148978726,-5.E-02));
#1471 = CARTESIAN_POINT('',(0.531393433862,-5.E-02));
#1472 = CARTESIAN_POINT('',(0.388751922521,-5.E-02));
#1473 = CARTESIAN_POINT('',(0.253054268135,-5.E-02));
#1474 = CARTESIAN_POINT('',(0.12375022077,-5.E-02));
#1475 = CARTESIAN_POINT('',(0.,-5.E-02));
#1476 = ( GEOMETRIC_REPRESENTATION_CONTEXT(2) 
PARAMETRIC_REPRESENTATION_CONTEXT() REPRESENTATION_CONTEXT('2D SPACE',''
  ) );
#1477 = ORIENTED_EDGE('',*,*,#1478,.F.);
#1478 = EDGE_CURVE('',#559,#1434,#1479,.T.);
#1479 = SURFACE_CURVE('',#1480,(#1486,#1495),.PCURVE_S1.);
#1480 = B_SPLINE_CURVE_WITH_KNOTS('',4,(#1481,#1482,#1483,#1484,#1485),
  .UNSPECIFIED.,.F.,.F.,(5,5),(0.,1.),.PIECEWISE_BEZIER_KNOTS.);
#1481 = CARTESIAN_POINT('',(-15.56579589843,-6.106323242188,16.));
#1482 = CARTESIAN_POINT('',(-15.53267563517,-6.052226812191,16.));
#1483 = CARTESIAN_POINT('',(-15.49373006616,-5.998465096076,16.));
#1484 = CARTESIAN_POINT('',(-15.44905843028,-5.945075797847,16.));
#1485 = CARTESIAN_POINT('',(-15.39880371093,-5.89208984375,16.));
#1486 = PCURVE('',#126,#1487);
#1487 = DEFINITIONAL_REPRESENTATION('',(#1488),#1494);
#1488 = B_SPLINE_CURVE_WITH_KNOTS('',4,(#1489,#1490,#1491,#1492,#1493),
  .UNSPECIFIED.,.F.,.F.,(5,5),(0.,1.),.PIECEWISE_BEZIER_KNOTS.);
#1489 = CARTESIAN_POINT('',(23.434204101562,3.893676757812));
#1490 = CARTESIAN_POINT('',(23.467324364825,3.947773187809));
#1491 = CARTESIAN_POINT('',(23.506269933834,4.001534903924));
#1492 = CARTESIAN_POINT('',(23.550941569713,4.054924202153));
#1493 = CARTESIAN_POINT('',(23.601196289062,4.10791015625));
#1494 = ( GEOMETRIC_REPRESENTATION_CONTEXT(2) 
PARAMETRIC_REPRESENTATION_CONTEXT() REPRESENTATION_CONTEXT('2D SPACE',''
  ) );
#1495 = PCURVE('',#1496,#1503);
#1496 = SURFACE_OF_LINEAR_EXTRUSION('',#1497,#1501);
#1497 = B_SPLINE_CURVE_WITH_KNOTS('',2,(#1498,#1499,#1500),
  .UNSPECIFIED.,.F.,.F.,(3,3),(0.,1.),.PIECEWISE_BEZIER_KNOTS.);
#1498 = CARTESIAN_POINT('',(-15.39880371093,-5.89208984375,15.95));
#1499 = CARTESIAN_POINT('',(-15.49987792968,-5.998657226562,15.95));
#1500 = CARTESIAN_POINT('',(-15.56579589843,-6.106323242188,15.95));
#1501 = VECTOR('',#1502,1.);
#1502 = DIRECTION('',(-0.,-0.,-1.));
#1503 = DEFINITIONAL_REPRESENTATION('',(#1504),#1510);
#1504 = B_SPLINE_CURVE_WITH_KNOTS('',4,(#1505,#1506,#1507,#1508,#1509),
  .UNSPECIFIED.,.F.,.F.,(5,5),(0.,1.),.PIECEWISE_BEZIER_KNOTS.);
#1505 = CARTESIAN_POINT('',(1.,-5.E-02));
#1506 = CARTESIAN_POINT('',(0.748776669768,-5.E-02));
#1507 = CARTESIAN_POINT('',(0.498249041299,-5.E-02));
#1508 = CARTESIAN_POINT('',(0.248603056106,-5.E-02));
#1509 = CARTESIAN_POINT('',(0.,-5.E-02));
#1510 = ( GEOMETRIC_REPRESENTATION_CONTEXT(2) 
PARAMETRIC_REPRESENTATION_CONTEXT() REPRESENTATION_CONTEXT('2D SPACE',''
  ) );
#1511 = FACE_BOUND('',#1512,.T.);
#1512 = EDGE_LOOP('',(#1513,#1541,#1583,#1634,#1685,#1736,#1787,#1838,
    #1877,#1903,#1939,#1990,#2041,#2092,#2143,#2194,#2236,#2262,#2319,
    #2370,#2421,#2472,#2523,#2568,#2607,#2658,#2709,#2760,#2817,#2868));
#1513 = ORIENTED_EDGE('',*,*,#1514,.F.);
#1514 = EDGE_CURVE('',#1515,#1517,#1519,.T.);
#1515 = VERTEX_POINT('',#1516);
#1516 = CARTESIAN_POINT('',(-0.666870117188,-5.583374023438,16.));
#1517 = VERTEX_POINT('',#1518);
#1518 = CARTESIAN_POINT('',(-1.062377929688,-5.636108398438,16.));
#1519 = SURFACE_CURVE('',#1520,(#1524,#1530),.PCURVE_S1.);
#1520 = LINE('',#1521,#1522);
#1521 = CARTESIAN_POINT('',(-19.98570044904,-8.159218067686,16.));
#1522 = VECTOR('',#1523,1.);
#1523 = DIRECTION('',(-0.991227900683,-0.132163720091,0.));
#1524 = PCURVE('',#126,#1525);
#1525 = DEFINITIONAL_REPRESENTATION('',(#1526),#1529);
#1526 = B_SPLINE_CURVE_WITH_KNOTS('',1,(#1527,#1528),.UNSPECIFIED.,.F.,
  .F.,(2,2),(-19.48979676475,-19.09078881489),.PIECEWISE_BEZIER_KNOTS.);
#1527 = CARTESIAN_POINT('',(38.333129882812,4.416625976562));
#1528 = CARTESIAN_POINT('',(37.937622070312,4.363891601562));
#1529 = ( GEOMETRIC_REPRESENTATION_CONTEXT(2) 
PARAMETRIC_REPRESENTATION_CONTEXT() REPRESENTATION_CONTEXT('2D SPACE',''
  ) );
#1530 = PCURVE('',#1531,#1536);
#1531 = PLANE('',#1532);
#1532 = AXIS2_PLACEMENT_3D('',#1533,#1534,#1535);
#1533 = CARTESIAN_POINT('',(-1.062377929688,-5.636108398438,15.95));
#1534 = DIRECTION('',(-0.132163720091,0.991227900683,0.));
#1535 = DIRECTION('',(0.991227900683,0.132163720091,0.));
#1536 = DEFINITIONAL_REPRESENTATION('',(#1537),#1540);
#1537 = B_SPLINE_CURVE_WITH_KNOTS('',1,(#1538,#1539),.UNSPECIFIED.,.F.,
  .F.,(2,2),(-19.48979676475,-19.09078881489),.PIECEWISE_BEZIER_KNOTS.);
#1538 = CARTESIAN_POINT('',(0.399007949865,-5.E-02));
#1539 = CARTESIAN_POINT('',(0.,-5.E-02));
#1540 = ( GEOMETRIC_REPRESENTATION_CONTEXT(2) 
PARAMETRIC_REPRESENTATION_CONTEXT() REPRESENTATION_CONTEXT('2D SPACE',''
  ) );
#1541 = ORIENTED_EDGE('',*,*,#1542,.F.);
#1542 = EDGE_CURVE('',#1543,#1515,#1545,.T.);
#1543 = VERTEX_POINT('',#1544);
#1544 = CARTESIAN_POINT('',(-0.43505859375,-6.06787109375,16.));
#1545 = SURFACE_CURVE('',#1546,(#1554,#1565),.PCURVE_S1.);
#1546 = B_SPLINE_CURVE_WITH_KNOTS('',6,(#1547,#1548,#1549,#1550,#1551,
    #1552,#1553),.UNSPECIFIED.,.F.,.F.,(7,7),(0.,1.),
  .PIECEWISE_BEZIER_KNOTS.);
#1547 = CARTESIAN_POINT('',(-0.43505859375,-6.06787109375,16.));
#1548 = CARTESIAN_POINT('',(-0.492013260695,-6.016267872021,16.));
#1549 = CARTESIAN_POINT('',(-0.541543173967,-5.951456446272,16.));
#1550 = CARTESIAN_POINT('',(-0.58339871419,-5.874296704648,16.));
#1551 = CARTESIAN_POINT('',(-0.617881609047,-5.786235763296,16.));
#1552 = CARTESIAN_POINT('',(-0.645509350976,-5.688799740544,16.));
#1553 = CARTESIAN_POINT('',(-0.666870117188,-5.583374023438,16.));
#1554 = PCURVE('',#126,#1555);
#1555 = DEFINITIONAL_REPRESENTATION('',(#1556),#1564);
#1556 = B_SPLINE_CURVE_WITH_KNOTS('',6,(#1557,#1558,#1559,#1560,#1561,
    #1562,#1563),.UNSPECIFIED.,.F.,.F.,(7,7),(0.,1.),
  .PIECEWISE_BEZIER_KNOTS.);
#1557 = CARTESIAN_POINT('',(38.56494140625,3.93212890625));
#1558 = CARTESIAN_POINT('',(38.507986739305,3.983732127979));
#1559 = CARTESIAN_POINT('',(38.458456826033,4.048543553728));
#1560 = CARTESIAN_POINT('',(38.41660128581,4.125703295352));
#1561 = CARTESIAN_POINT('',(38.382118390953,4.213764236704));
#1562 = CARTESIAN_POINT('',(38.354490649024,4.311200259456));
#1563 = CARTESIAN_POINT('',(38.333129882812,4.416625976562));
#1564 = ( GEOMETRIC_REPRESENTATION_CONTEXT(2) 
PARAMETRIC_REPRESENTATION_CONTEXT() REPRESENTATION_CONTEXT('2D SPACE',''
  ) );
#1565 = PCURVE('',#1566,#1573);
#1566 = SURFACE_OF_LINEAR_EXTRUSION('',#1567,#1571);
#1567 = B_SPLINE_CURVE_WITH_KNOTS('',2,(#1568,#1569,#1570),
  .UNSPECIFIED.,.F.,.F.,(3,3),(0.,1.),.PIECEWISE_BEZIER_KNOTS.);
#1568 = CARTESIAN_POINT('',(-0.666870117188,-5.583374023438,15.95));
#1569 = CARTESIAN_POINT('',(-0.598754882812,-5.919555664062,15.95));
#1570 = CARTESIAN_POINT('',(-0.43505859375,-6.06787109375,15.95));
#1571 = VECTOR('',#1572,1.);
#1572 = DIRECTION('',(-0.,-0.,-1.));
#1573 = DEFINITIONAL_REPRESENTATION('',(#1574),#1582);
#1574 = B_SPLINE_CURVE_WITH_KNOTS('',6,(#1575,#1576,#1577,#1578,#1579,
    #1580,#1581),.UNSPECIFIED.,.F.,.F.,(7,7),(0.,1.),
  .PIECEWISE_BEZIER_KNOTS.);
#1575 = CARTESIAN_POINT('',(1.,-5.E-02));
#1576 = CARTESIAN_POINT('',(0.826035558682,-5.E-02));
#1577 = CARTESIAN_POINT('',(0.653544618182,-5.E-02));
#1578 = CARTESIAN_POINT('',(0.483963707694,-5.E-02));
#1579 = CARTESIAN_POINT('',(0.318201284834,-5.E-02));
#1580 = CARTESIAN_POINT('',(0.156798742654,-5.E-02));
#1581 = CARTESIAN_POINT('',(0.,-5.E-02));
#1582 = ( GEOMETRIC_REPRESENTATION_CONTEXT(2) 
PARAMETRIC_REPRESENTATION_CONTEXT() REPRESENTATION_CONTEXT('2D SPACE',''
  ) );
#1583 = ORIENTED_EDGE('',*,*,#1584,.F.);
#1584 = EDGE_CURVE('',#1585,#1543,#1587,.T.);
#1585 = VERTEX_POINT('',#1586);
#1586 = CARTESIAN_POINT('',(-3.62548828125E-02,-6.216186523438,16.));
#1587 = SURFACE_CURVE('',#1588,(#1599,#1613),.PCURVE_S1.);
#1588 = B_SPLINE_CURVE_WITH_KNOTS('',5,(#1589,#1590,#1591,#1592,#1593,
    #1594,#1595,#1596,#1597,#1598),.UNSPECIFIED.,.F.,.F.,(6,4,6),(0.,
    0.621845450078,1.),.UNSPECIFIED.);
#1589 = CARTESIAN_POINT('',(-3.62548828125E-02,-6.216186523438,16.));
#1590 = CARTESIAN_POINT('',(-9.398619091166E-02,-6.216186523438,16.));
#1591 = CARTESIAN_POINT('',(-0.149516459776,-6.21059725079,16.));
#1592 = CARTESIAN_POINT('',(-0.202607804602,-6.199228819878,16.));
#1593 = CARTESIAN_POINT('',(-0.25305807741,-6.182001926171,16.));
#1594 = CARTESIAN_POINT('',(-0.329702785024,-6.144996085973,16.));
#1595 = CARTESIAN_POINT('',(-0.357655790326,-6.12886225088,16.));
#1596 = CARTESIAN_POINT('',(-0.384545921655,-6.110604721075,16.));
#1597 = CARTESIAN_POINT('',(-0.41035091841,-6.090257242548,16.));
#1598 = CARTESIAN_POINT('',(-0.43505859375,-6.06787109375,16.));
#1599 = PCURVE('',#126,#1600);
#1600 = DEFINITIONAL_REPRESENTATION('',(#1601),#1612);
#1601 = B_SPLINE_CURVE_WITH_KNOTS('',5,(#1602,#1603,#1604,#1605,#1606,
    #1607,#1608,#1609,#1610,#1611),.UNSPECIFIED.,.F.,.F.,(6,4,6),(0.,
    0.621845450078,1.),.UNSPECIFIED.);
#1602 = CARTESIAN_POINT('',(38.963745117188,3.783813476562));
#1603 = CARTESIAN_POINT('',(38.906013809088,3.783813476562));
#1604 = CARTESIAN_POINT('',(38.850483540224,3.78940274921));
#1605 = CARTESIAN_POINT('',(38.797392195398,3.800771180122));
#1606 = CARTESIAN_POINT('',(38.74694192259,3.817998073829));
#1607 = CARTESIAN_POINT('',(38.670297214976,3.855003914027));
#1608 = CARTESIAN_POINT('',(38.642344209674,3.87113774912));
#1609 = CARTESIAN_POINT('',(38.615454078345,3.889395278925));
#1610 = CARTESIAN_POINT('',(38.58964908159,3.909742757452));
#1611 = CARTESIAN_POINT('',(38.56494140625,3.93212890625));
#1612 = ( GEOMETRIC_REPRESENTATION_CONTEXT(2) 
PARAMETRIC_REPRESENTATION_CONTEXT() REPRESENTATION_CONTEXT('2D SPACE',''
  ) );
#1613 = PCURVE('',#1614,#1621);
#1614 = SURFACE_OF_LINEAR_EXTRUSION('',#1615,#1619);
#1615 = B_SPLINE_CURVE_WITH_KNOTS('',2,(#1616,#1617,#1618),
  .UNSPECIFIED.,.F.,.F.,(3,3),(0.,1.),.PIECEWISE_BEZIER_KNOTS.);
#1616 = CARTESIAN_POINT('',(-0.43505859375,-6.06787109375,15.95));
#1617 = CARTESIAN_POINT('',(-0.271362304688,-6.216186523438,15.95));
#1618 = CARTESIAN_POINT('',(-3.62548828125E-02,-6.216186523438,15.95));
#1619 = VECTOR('',#1620,1.);
#1620 = DIRECTION('',(-0.,-0.,-1.));
#1621 = DEFINITIONAL_REPRESENTATION('',(#1622),#1633);
#1622 = B_SPLINE_CURVE_WITH_KNOTS('',5,(#1623,#1624,#1625,#1626,#1627,
    #1628,#1629,#1630,#1631,#1632),.UNSPECIFIED.,.F.,.F.,(6,4,6),(0.,
    0.621845450078,1.),.UNSPECIFIED.);
#1623 = CARTESIAN_POINT('',(1.,-5.E-02));
#1624 = CARTESIAN_POINT('',(0.877223552454,-5.E-02));
#1625 = CARTESIAN_POINT('',(0.753404832323,-5.E-02));
#1626 = CARTESIAN_POINT('',(0.62885531084,-5.E-02));
#1627 = CARTESIAN_POINT('',(0.503923688856,-5.E-02));
#1628 = CARTESIAN_POINT('',(0.303031829246,-5.E-02));
#1629 = CARTESIAN_POINT('',(0.227064112363,-5.E-02));
#1630 = CARTESIAN_POINT('',(0.151182216455,-5.E-02));
#1631 = CARTESIAN_POINT('',(7.546803743021E-02,-5.E-02));
#1632 = CARTESIAN_POINT('',(0.,-5.E-02));
#1633 = ( GEOMETRIC_REPRESENTATION_CONTEXT(2) 
PARAMETRIC_REPRESENTATION_CONTEXT() REPRESENTATION_CONTEXT('2D SPACE',''
  ) );
#1634 = ORIENTED_EDGE('',*,*,#1635,.F.);
#1635 = EDGE_CURVE('',#1636,#1585,#1638,.T.);
#1636 = VERTEX_POINT('',#1637);
#1637 = CARTESIAN_POINT('',(0.43505859375,-6.022827148438,16.));
#1638 = SURFACE_CURVE('',#1639,(#1650,#1664),.PCURVE_S1.);
#1639 = B_SPLINE_CURVE_WITH_KNOTS('',5,(#1640,#1641,#1642,#1643,#1644,
    #1645,#1646,#1647,#1648,#1649),.UNSPECIFIED.,.F.,.F.,(6,4,6),(0.,
    0.459551067204,1.),.UNSPECIFIED.);
#1640 = CARTESIAN_POINT('',(0.43505859375,-6.022827148438,16.));
#1641 = CARTESIAN_POINT('',(0.400031486763,-6.058054410322,16.));
#1642 = CARTESIAN_POINT('',(0.362948110898,-6.089527758655,16.));
#1643 = CARTESIAN_POINT('',(0.323833187396,-6.117052175639,16.));
#1644 = CARTESIAN_POINT('',(0.282750479236,-6.140494099871,16.));
#1645 = CARTESIAN_POINT('',(0.189318090739,-6.1825108227,16.));
#1646 = CARTESIAN_POINT('',(0.136253273358,-6.199504572058,16.));
#1647 = CARTESIAN_POINT('',(8.080495070207E-02,-6.210698382232,16.));
#1648 = CARTESIAN_POINT('',(2.321222974524E-02,-6.216186523438,16.));
#1649 = CARTESIAN_POINT('',(-3.62548828125E-02,-6.216186523438,16.));
#1650 = PCURVE('',#126,#1651);
#1651 = DEFINITIONAL_REPRESENTATION('',(#1652),#1663);
#1652 = B_SPLINE_CURVE_WITH_KNOTS('',5,(#1653,#1654,#1655,#1656,#1657,
    #1658,#1659,#1660,#1661,#1662),.UNSPECIFIED.,.F.,.F.,(6,4,6),(0.,
    0.459551067204,1.),.UNSPECIFIED.);
#1653 = CARTESIAN_POINT('',(39.43505859375,3.977172851562));
#1654 = CARTESIAN_POINT('',(39.400031486763,3.941945589678));
#1655 = CARTESIAN_POINT('',(39.362948110898,3.910472241345));
#1656 = CARTESIAN_POINT('',(39.323833187396,3.882947824361));
#1657 = CARTESIAN_POINT('',(39.282750479236,3.859505900129));
#1658 = CARTESIAN_POINT('',(39.189318090739,3.8174891773));
#1659 = CARTESIAN_POINT('',(39.136253273358,3.800495427942));
#1660 = CARTESIAN_POINT('',(39.080804950702,3.789301617768));
#1661 = CARTESIAN_POINT('',(39.023212229745,3.783813476562));
#1662 = CARTESIAN_POINT('',(38.963745117188,3.783813476562));
#1663 = ( GEOMETRIC_REPRESENTATION_CONTEXT(2) 
PARAMETRIC_REPRESENTATION_CONTEXT() REPRESENTATION_CONTEXT('2D SPACE',''
  ) );
#1664 = PCURVE('',#1665,#1672);
#1665 = SURFACE_OF_LINEAR_EXTRUSION('',#1666,#1670);
#1666 = B_SPLINE_CURVE_WITH_KNOTS('',2,(#1667,#1668,#1669),
  .UNSPECIFIED.,.F.,.F.,(3,3),(0.,1.),.PIECEWISE_BEZIER_KNOTS.);
#1667 = CARTESIAN_POINT('',(-3.62548828125E-02,-6.216186523438,15.95));
#1668 = CARTESIAN_POINT('',(0.242797851562,-6.216186523438,15.95));
#1669 = CARTESIAN_POINT('',(0.43505859375,-6.022827148438,15.95));
#1670 = VECTOR('',#1671,1.);
#1671 = DIRECTION('',(-0.,-0.,-1.));
#1672 = DEFINITIONAL_REPRESENTATION('',(#1673),#1684);
#1673 = B_SPLINE_CURVE_WITH_KNOTS('',5,(#1674,#1675,#1676,#1677,#1678,
    #1679,#1680,#1681,#1682,#1683),.UNSPECIFIED.,.F.,.F.,(6,4,6),(0.,
    0.459551067204,1.),.UNSPECIFIED.);
#1674 = CARTESIAN_POINT('',(1.,-5.E-02));
#1675 = CARTESIAN_POINT('',(0.9089072824,-5.E-02));
#1676 = CARTESIAN_POINT('',(0.817149325682,-5.E-02));
#1677 = CARTESIAN_POINT('',(0.724927270388,-5.E-02));
#1678 = CARTESIAN_POINT('',(0.632462784008,-5.E-02));
#1679 = CARTESIAN_POINT('',(0.43126037016,-5.E-02));
#1680 = CARTESIAN_POINT('',(0.322512656848,-5.E-02));
#1681 = CARTESIAN_POINT('',(0.214158913011,-5.E-02));
#1682 = CARTESIAN_POINT('',(0.106551746735,-5.E-02));
#1683 = CARTESIAN_POINT('',(0.,-5.E-02));
#1684 = ( GEOMETRIC_REPRESENTATION_CONTEXT(2) 
PARAMETRIC_REPRESENTATION_CONTEXT() REPRESENTATION_CONTEXT('2D SPACE',''
  ) );
#1685 = ORIENTED_EDGE('',*,*,#1686,.F.);
#1686 = EDGE_CURVE('',#1687,#1636,#1689,.T.);
#1687 = VERTEX_POINT('',#1688);
#1688 = CARTESIAN_POINT('',(0.627319335938,-5.543823242188,16.));
#1689 = SURFACE_CURVE('',#1690,(#1701,#1715),.PCURVE_S1.);
#1690 = B_SPLINE_CURVE_WITH_KNOTS('',5,(#1691,#1692,#1693,#1694,#1695,
    #1696,#1697,#1698,#1699,#1700),.UNSPECIFIED.,.F.,.F.,(6,4,6),(0.,
    0.580908709773,1.),.UNSPECIFIED.);
#1691 = CARTESIAN_POINT('',(0.627319335938,-5.543823242188,16.));
#1692 = CARTESIAN_POINT('',(0.627319335938,-5.609063596645,16.));
#1693 = CARTESIAN_POINT('',(0.621051023161,-5.67204132911,16.));
#1694 = CARTESIAN_POINT('',(0.608227571594,-5.732405486631,16.));
#1695 = CARTESIAN_POINT('',(0.588719681793,-5.789845197678,16.));
#1696 = CARTESIAN_POINT('',(0.543829909805,-5.883286685615,16.));
#1697 = CARTESIAN_POINT('',(0.521596528095,-5.920806205134,16.));
#1698 = CARTESIAN_POINT('',(0.495983819241,-5.956598354913,16.));
#1699 = CARTESIAN_POINT('',(0.467090184407,-5.99061252012,16.));
#1700 = CARTESIAN_POINT('',(0.43505859375,-6.022827148438,16.));
#1701 = PCURVE('',#126,#1702);
#1702 = DEFINITIONAL_REPRESENTATION('',(#1703),#1714);
#1703 = B_SPLINE_CURVE_WITH_KNOTS('',5,(#1704,#1705,#1706,#1707,#1708,
    #1709,#1710,#1711,#1712,#1713),.UNSPECIFIED.,.F.,.F.,(6,4,6),(0.,
    0.580908709773,1.),.UNSPECIFIED.);
#1704 = CARTESIAN_POINT('',(39.627319335938,4.456176757812));
#1705 = CARTESIAN_POINT('',(39.627319335938,4.390936403355));
#1706 = CARTESIAN_POINT('',(39.621051023161,4.32795867089));
#1707 = CARTESIAN_POINT('',(39.608227571594,4.267594513369));
#1708 = CARTESIAN_POINT('',(39.588719681793,4.210154802322));
#1709 = CARTESIAN_POINT('',(39.543829909805,4.116713314385));
#1710 = CARTESIAN_POINT('',(39.521596528095,4.079193794866));
#1711 = CARTESIAN_POINT('',(39.495983819241,4.043401645087));
#1712 = CARTESIAN_POINT('',(39.467090184407,4.00938747988));
#1713 = CARTESIAN_POINT('',(39.43505859375,3.977172851562));
#1714 = ( GEOMETRIC_REPRESENTATION_CONTEXT(2) 
PARAMETRIC_REPRESENTATION_CONTEXT() REPRESENTATION_CONTEXT('2D SPACE',''
  ) );
#1715 = PCURVE('',#1716,#1723);
#1716 = SURFACE_OF_LINEAR_EXTRUSION('',#1717,#1721);
#1717 = B_SPLINE_CURVE_WITH_KNOTS('',2,(#1718,#1719,#1720),
  .UNSPECIFIED.,.F.,.F.,(3,3),(0.,1.),.PIECEWISE_BEZIER_KNOTS.);
#1718 = CARTESIAN_POINT('',(0.43505859375,-6.022827148438,15.95));
#1719 = CARTESIAN_POINT('',(0.627319335938,-5.829467773438,15.95));
#1720 = CARTESIAN_POINT('',(0.627319335938,-5.543823242188,15.95));
#1721 = VECTOR('',#1722,1.);
#1722 = DIRECTION('',(-0.,-0.,-1.));
#1723 = DEFINITIONAL_REPRESENTATION('',(#1724),#1735);
#1724 = B_SPLINE_CURVE_WITH_KNOTS('',5,(#1725,#1726,#1727,#1728,#1729,
    #1730,#1731,#1732,#1733,#1734),.UNSPECIFIED.,.F.,.F.,(6,4,6),(0.,
    0.580908709773,1.),.UNSPECIFIED.);
#1725 = CARTESIAN_POINT('',(1.,-5.E-02));
#1726 = CARTESIAN_POINT('',(0.885801499206,-5.E-02));
#1727 = CARTESIAN_POINT('',(0.770296885291,-5.E-02));
#1728 = CARTESIAN_POINT('',(0.653859483214,-5.E-02));
#1729 = CARTESIAN_POINT('',(0.536924812945,-5.E-02));
#1730 = CARTESIAN_POINT('',(0.335645660166,-5.E-02));
#1731 = CARTESIAN_POINT('',(0.251289865697,-5.E-02));
#1732 = CARTESIAN_POINT('',(0.167118378466,-5.E-02));
#1733 = CARTESIAN_POINT('',(8.330247322492E-02,-5.E-02));
#1734 = CARTESIAN_POINT('',(0.,-5.E-02));
#1735 = ( GEOMETRIC_REPRESENTATION_CONTEXT(2) 
PARAMETRIC_REPRESENTATION_CONTEXT() REPRESENTATION_CONTEXT('2D SPACE',''
  ) );
#1736 = ORIENTED_EDGE('',*,*,#1737,.F.);
#1737 = EDGE_CURVE('',#1738,#1687,#1740,.T.);
#1738 = VERTEX_POINT('',#1739);
#1739 = CARTESIAN_POINT('',(0.449340820312,-5.094482421875,16.));
#1740 = SURFACE_CURVE('',#1741,(#1752,#1766),.PCURVE_S1.);
#1741 = B_SPLINE_CURVE_WITH_KNOTS('',5,(#1742,#1743,#1744,#1745,#1746,
    #1747,#1748,#1749,#1750,#1751),.UNSPECIFIED.,.F.,.F.,(6,4,6),(0.,
    0.360616762132,1.),.UNSPECIFIED.);
#1742 = CARTESIAN_POINT('',(0.449340820312,-5.094482421875,16.));
#1743 = CARTESIAN_POINT('',(0.474964785596,-5.119948214533,16.));
#1744 = CARTESIAN_POINT('',(0.498392389381,-5.146760607924,16.));
#1745 = CARTESIAN_POINT('',(0.519549014227,-5.174906904704,16.));
#1746 = CARTESIAN_POINT('',(0.53838472103,-5.204358079868,16.));
#1747 = CARTESIAN_POINT('',(0.584110626548,-5.289519681098,16.));
#1748 = CARTESIAN_POINT('',(0.60597539765,-5.347935718563,16.));
#1749 = CARTESIAN_POINT('',(0.620323154063,-5.410052797203,16.));
#1750 = CARTESIAN_POINT('',(0.627319335938,-5.475493293002,16.));
#1751 = CARTESIAN_POINT('',(0.627319335938,-5.543823242188,16.));
#1752 = PCURVE('',#126,#1753);
#1753 = DEFINITIONAL_REPRESENTATION('',(#1754),#1765);
#1754 = B_SPLINE_CURVE_WITH_KNOTS('',5,(#1755,#1756,#1757,#1758,#1759,
    #1760,#1761,#1762,#1763,#1764),.UNSPECIFIED.,.F.,.F.,(6,4,6),(0.,
    0.360616762132,1.),.UNSPECIFIED.);
#1755 = CARTESIAN_POINT('',(39.449340820312,4.905517578125));
#1756 = CARTESIAN_POINT('',(39.474964785596,4.880051785467));
#1757 = CARTESIAN_POINT('',(39.498392389381,4.853239392076));
#1758 = CARTESIAN_POINT('',(39.519549014227,4.825093095296));
#1759 = CARTESIAN_POINT('',(39.53838472103,4.795641920132));
#1760 = CARTESIAN_POINT('',(39.584110626548,4.710480318902));
#1761 = CARTESIAN_POINT('',(39.60597539765,4.652064281437));
#1762 = CARTESIAN_POINT('',(39.620323154063,4.589947202797));
#1763 = CARTESIAN_POINT('',(39.627319335938,4.524506706998));
#1764 = CARTESIAN_POINT('',(39.627319335938,4.456176757812));
#1765 = ( GEOMETRIC_REPRESENTATION_CONTEXT(2) 
PARAMETRIC_REPRESENTATION_CONTEXT() REPRESENTATION_CONTEXT('2D SPACE',''
  ) );
#1766 = PCURVE('',#1767,#1774);
#1767 = SURFACE_OF_LINEAR_EXTRUSION('',#1768,#1772);
#1768 = B_SPLINE_CURVE_WITH_KNOTS('',2,(#1769,#1770,#1771),
  .UNSPECIFIED.,.F.,.F.,(3,3),(0.,1.),.PIECEWISE_BEZIER_KNOTS.);
#1769 = CARTESIAN_POINT('',(0.627319335938,-5.543823242188,15.95));
#1770 = CARTESIAN_POINT('',(0.627319335938,-5.271362304688,15.95));
#1771 = CARTESIAN_POINT('',(0.449340820312,-5.094482421875,15.95));
#1772 = VECTOR('',#1773,1.);
#1773 = DIRECTION('',(-0.,-0.,-1.));
#1774 = DEFINITIONAL_REPRESENTATION('',(#1775),#1786);
#1775 = B_SPLINE_CURVE_WITH_KNOTS('',5,(#1776,#1777,#1778,#1779,#1780,
    #1781,#1782,#1783,#1784,#1785),.UNSPECIFIED.,.F.,.F.,(6,4,6),(0.,
    0.360616762132,1.),.UNSPECIFIED.);
#1776 = CARTESIAN_POINT('',(1.,-5.E-02));
#1777 = CARTESIAN_POINT('',(0.928013880796,-5.E-02));
#1778 = CARTESIAN_POINT('',(0.855721161196,-5.E-02));
#1779 = CARTESIAN_POINT('',(0.783218680175,-5.E-02));
#1780 = CARTESIAN_POINT('',(0.710608918754,-5.E-02));
#1781 = CARTESIAN_POINT('',(0.509262430242,-5.E-02));
#1782 = CARTESIAN_POINT('',(0.380513278166,-5.E-02));
#1783 = CARTESIAN_POINT('',(0.252380497239,-5.E-02));
#1784 = CARTESIAN_POINT('',(0.125394028613,-5.E-02));
#1785 = CARTESIAN_POINT('',(0.,-5.E-02));
#1786 = ( GEOMETRIC_REPRESENTATION_CONTEXT(2) 
PARAMETRIC_REPRESENTATION_CONTEXT() REPRESENTATION_CONTEXT('2D SPACE',''
  ) );
#1787 = ORIENTED_EDGE('',*,*,#1788,.F.);
#1788 = EDGE_CURVE('',#1789,#1738,#1791,.T.);
#1789 = VERTEX_POINT('',#1790);
#1790 = CARTESIAN_POINT('',(-3.2958984375E-03,-4.917602539062,16.));
#1791 = SURFACE_CURVE('',#1792,(#1803,#1817),.PCURVE_S1.);
#1792 = B_SPLINE_CURVE_WITH_KNOTS('',5,(#1793,#1794,#1795,#1796,#1797,
    #1798,#1799,#1800,#1801,#1802),.UNSPECIFIED.,.F.,.F.,(6,4,6),(0.,
    0.655493993972,1.),.UNSPECIFIED.);
#1793 = CARTESIAN_POINT('',(-3.2958984375E-03,-4.917602539062,16.));
#1794 = CARTESIAN_POINT('',(6.726108474604E-02,-4.917602539062,16.));
#1795 = CARTESIAN_POINT('',(0.134763266553,-4.924898011055,16.));
#1796 = CARTESIAN_POINT('',(0.198740219452,-4.939874716147,16.));
#1797 = CARTESIAN_POINT('',(0.258782112945,-4.962714221913,16.));
#1798 = CARTESIAN_POINT('',(0.343944554706,-5.009309115821,16.));
#1799 = CARTESIAN_POINT('',(0.372120011875,-5.027490249178,16.));
#1800 = CARTESIAN_POINT('',(0.399092688473,-5.047778046354,16.));
#1801 = CARTESIAN_POINT('',(0.424836955556,-5.070129815543,16.));
#1802 = CARTESIAN_POINT('',(0.449340820312,-5.094482421875,16.));
#1803 = PCURVE('',#126,#1804);
#1804 = DEFINITIONAL_REPRESENTATION('',(#1805),#1816);
#1805 = B_SPLINE_CURVE_WITH_KNOTS('',5,(#1806,#1807,#1808,#1809,#1810,
    #1811,#1812,#1813,#1814,#1815),.UNSPECIFIED.,.F.,.F.,(6,4,6),(0.,
    0.655493993972,1.),.UNSPECIFIED.);
#1806 = CARTESIAN_POINT('',(38.996704101562,5.082397460938));
#1807 = CARTESIAN_POINT('',(39.067261084746,5.082397460938));
#1808 = CARTESIAN_POINT('',(39.134763266553,5.075101988945));
#1809 = CARTESIAN_POINT('',(39.198740219452,5.060125283853));
#1810 = CARTESIAN_POINT('',(39.258782112945,5.037285778087));
#1811 = CARTESIAN_POINT('',(39.343944554706,4.990690884179));
#1812 = CARTESIAN_POINT('',(39.372120011875,4.972509750822));
#1813 = CARTESIAN_POINT('',(39.399092688473,4.952221953646));
#1814 = CARTESIAN_POINT('',(39.424836955556,4.929870184457));
#1815 = CARTESIAN_POINT('',(39.449340820312,4.905517578125));
#1816 = ( GEOMETRIC_REPRESENTATION_CONTEXT(2) 
PARAMETRIC_REPRESENTATION_CONTEXT() REPRESENTATION_CONTEXT('2D SPACE',''
  ) );
#1817 = PCURVE('',#1818,#1825);
#1818 = SURFACE_OF_LINEAR_EXTRUSION('',#1819,#1823);
#1819 = B_SPLINE_CURVE_WITH_KNOTS('',2,(#1820,#1821,#1822),
  .UNSPECIFIED.,.F.,.F.,(3,3),(0.,1.),.PIECEWISE_BEZIER_KNOTS.);
#1820 = CARTESIAN_POINT('',(0.449340820312,-5.094482421875,15.95));
#1821 = CARTESIAN_POINT('',(0.271362304688,-4.917602539062,15.95));
#1822 = CARTESIAN_POINT('',(-3.2958984375E-03,-4.917602539062,15.95));
#1823 = VECTOR('',#1824,1.);
#1824 = DIRECTION('',(-0.,-0.,-1.));
#1825 = DEFINITIONAL_REPRESENTATION('',(#1826),#1837);
#1826 = B_SPLINE_CURVE_WITH_KNOTS('',5,(#1827,#1828,#1829,#1830,#1831,
    #1832,#1833,#1834,#1835,#1836),.UNSPECIFIED.,.F.,.F.,(6,4,6),(0.,
    0.655493993972,1.),.UNSPECIFIED.);
#1827 = CARTESIAN_POINT('',(1.,-5.E-02));
#1828 = CARTESIAN_POINT('',(0.871554931947,-5.E-02));
#1829 = CARTESIAN_POINT('',(0.741411779168,-5.E-02));
#1830 = CARTESIAN_POINT('',(0.610043086694,-5.E-02));
#1831 = CARTESIAN_POINT('',(0.47801426381,-5.E-02));
#1832 = CARTESIAN_POINT('',(0.276617660601,-5.E-02));
#1833 = CARTESIAN_POINT('',(0.207235114183,-5.E-02));
#1834 = CARTESIAN_POINT('',(0.137945978685,-5.E-02));
#1835 = CARTESIAN_POINT('',(6.883938960296E-02,-5.E-02));
#1836 = CARTESIAN_POINT('',(0.,-5.E-02));
#1837 = ( GEOMETRIC_REPRESENTATION_CONTEXT(2) 
PARAMETRIC_REPRESENTATION_CONTEXT() REPRESENTATION_CONTEXT('2D SPACE',''
  ) );
#1838 = ORIENTED_EDGE('',*,*,#1839,.F.);
#1839 = EDGE_CURVE('',#1840,#1789,#1842,.T.);
#1840 = VERTEX_POINT('',#1841);
#1841 = CARTESIAN_POINT('',(-0.282348632812,-4.961547851562,16.));
#1842 = SURFACE_CURVE('',#1843,(#1850,#1860),.PCURVE_S1.);
#1843 = B_SPLINE_CURVE_WITH_KNOTS('',5,(#1844,#1845,#1846,#1847,#1848,
    #1849),.UNSPECIFIED.,.F.,.F.,(6,6),(0.,1.),
  .PIECEWISE_BEZIER_KNOTS.);
#1844 = CARTESIAN_POINT('',(-0.282348632812,-4.961547851562,16.));
#1845 = CARTESIAN_POINT('',(-0.216692906882,-4.944270028949,16.));
#1846 = CARTESIAN_POINT('',(-0.155703471151,-4.931069256598,16.));
#1847 = CARTESIAN_POINT('',(-9.964888555655E-02,-4.922127336553,16.));
#1848 = CARTESIAN_POINT('',(-4.877951395216E-02,-4.917602539062,16.));
#1849 = CARTESIAN_POINT('',(-3.2958984375E-03,-4.917602539062,16.));
#1850 = PCURVE('',#126,#1851);
#1851 = DEFINITIONAL_REPRESENTATION('',(#1852),#1859);
#1852 = B_SPLINE_CURVE_WITH_KNOTS('',5,(#1853,#1854,#1855,#1856,#1857,
    #1858),.UNSPECIFIED.,.F.,.F.,(6,6),(0.,1.),
  .PIECEWISE_BEZIER_KNOTS.);
#1853 = CARTESIAN_POINT('',(38.717651367188,5.038452148438));
#1854 = CARTESIAN_POINT('',(38.783307093118,5.055729971051));
#1855 = CARTESIAN_POINT('',(38.844296528849,5.068930743402));
#1856 = CARTESIAN_POINT('',(38.900351114443,5.077872663447));
#1857 = CARTESIAN_POINT('',(38.951220486048,5.082397460938));
#1858 = CARTESIAN_POINT('',(38.996704101562,5.082397460938));
#1859 = ( GEOMETRIC_REPRESENTATION_CONTEXT(2) 
PARAMETRIC_REPRESENTATION_CONTEXT() REPRESENTATION_CONTEXT('2D SPACE',''
  ) );
#1860 = PCURVE('',#1861,#1868);
#1861 = SURFACE_OF_LINEAR_EXTRUSION('',#1862,#1866);
#1862 = B_SPLINE_CURVE_WITH_KNOTS('',2,(#1863,#1864,#1865),
  .UNSPECIFIED.,.F.,.F.,(3,3),(0.,1.),.PIECEWISE_BEZIER_KNOTS.);
#1863 = CARTESIAN_POINT('',(-3.2958984375E-03,-4.917602539062,15.95));
#1864 = CARTESIAN_POINT('',(-0.115356445312,-4.917602539062,15.95));
#1865 = CARTESIAN_POINT('',(-0.282348632812,-4.961547851562,15.95));
#1866 = VECTOR('',#1867,1.);
#1867 = DIRECTION('',(-0.,-0.,-1.));
#1868 = DEFINITIONAL_REPRESENTATION('',(#1869),#1876);
#1869 = B_SPLINE_CURVE_WITH_KNOTS('',5,(#1870,#1871,#1872,#1873,#1874,
    #1875),.UNSPECIFIED.,.F.,.F.,(6,6),(0.,1.),
  .PIECEWISE_BEZIER_KNOTS.);
#1870 = CARTESIAN_POINT('',(1.,-5.E-02));
#1871 = CARTESIAN_POINT('',(0.803416773822,-5.E-02));
#1872 = CARTESIAN_POINT('',(0.604914841016,-5.E-02));
#1873 = CARTESIAN_POINT('',(0.404678509898,-5.E-02));
#1874 = CARTESIAN_POINT('',(0.202942145041,-5.E-02));
#1875 = CARTESIAN_POINT('',(0.,-5.E-02));
#1876 = ( GEOMETRIC_REPRESENTATION_CONTEXT(2) 
PARAMETRIC_REPRESENTATION_CONTEXT() REPRESENTATION_CONTEXT('2D SPACE',''
  ) );
#1877 = ORIENTED_EDGE('',*,*,#1878,.F.);
#1878 = EDGE_CURVE('',#1879,#1840,#1881,.T.);
#1879 = VERTEX_POINT('',#1880);
#1880 = CARTESIAN_POINT('',(-0.238403320312,-4.614379882812,16.));
#1881 = SURFACE_CURVE('',#1882,(#1886,#1892),.PCURVE_S1.);
#1882 = LINE('',#1883,#1884);
#1883 = CARTESIAN_POINT('',(-0.901505101349,-9.852883953004,16.));
#1884 = VECTOR('',#1885,1.);
#1885 = DIRECTION('',(-0.125580186416,-0.992083472687,0.));
#1886 = PCURVE('',#126,#1887);
#1887 = DEFINITIONAL_REPRESENTATION('',(#1888),#1891);
#1888 = B_SPLINE_CURVE_WITH_KNOTS('',1,(#1889,#1890),.UNSPECIFIED.,.F.,
  .F.,(2,2),(-5.280305754918,-4.930367490339),.PIECEWISE_BEZIER_KNOTS.);
#1889 = CARTESIAN_POINT('',(38.761596679688,5.385620117188));
#1890 = CARTESIAN_POINT('',(38.717651367188,5.038452148438));
#1891 = ( GEOMETRIC_REPRESENTATION_CONTEXT(2) 
PARAMETRIC_REPRESENTATION_CONTEXT() REPRESENTATION_CONTEXT('2D SPACE',''
  ) );
#1892 = PCURVE('',#1893,#1898);
#1893 = PLANE('',#1894);
#1894 = AXIS2_PLACEMENT_3D('',#1895,#1896,#1897);
#1895 = CARTESIAN_POINT('',(-0.282348632812,-4.961547851562,15.95));
#1896 = DIRECTION('',(-0.992083472687,0.125580186416,0.));
#1897 = DIRECTION('',(0.125580186416,0.992083472687,0.));
#1898 = DEFINITIONAL_REPRESENTATION('',(#1899),#1902);
#1899 = B_SPLINE_CURVE_WITH_KNOTS('',1,(#1900,#1901),.UNSPECIFIED.,.F.,
  .F.,(2,2),(-5.280305754918,-4.930367490339),.PIECEWISE_BEZIER_KNOTS.);
#1900 = CARTESIAN_POINT('',(0.349938264579,-5.E-02));
#1901 = CARTESIAN_POINT('',(0.,-5.E-02));
#1902 = ( GEOMETRIC_REPRESENTATION_CONTEXT(2) 
PARAMETRIC_REPRESENTATION_CONTEXT() REPRESENTATION_CONTEXT('2D SPACE',''
  ) );
#1903 = ORIENTED_EDGE('',*,*,#1904,.F.);
#1904 = EDGE_CURVE('',#1905,#1879,#1907,.T.);
#1905 = VERTEX_POINT('',#1906);
#1906 = CARTESIAN_POINT('',(-0.174682617188,-4.618774414062,16.));
#1907 = SURFACE_CURVE('',#1908,(#1914,#1923),.PCURVE_S1.);
#1908 = B_SPLINE_CURVE_WITH_KNOTS('',4,(#1909,#1910,#1911,#1912,#1913),
  .UNSPECIFIED.,.F.,.F.,(5,5),(0.,1.),.PIECEWISE_BEZIER_KNOTS.);
#1909 = CARTESIAN_POINT('',(-0.174682617188,-4.618774414062,16.));
#1910 = CARTESIAN_POINT('',(-0.186778592067,-4.618774414062,16.));
#1911 = CARTESIAN_POINT('',(-0.201436734932,-4.618040655642,16.));
#1912 = CARTESIAN_POINT('',(-0.218649259717,-4.616574778434,16.));
#1913 = CARTESIAN_POINT('',(-0.238403320312,-4.614379882812,16.));
#1914 = PCURVE('',#126,#1915);
#1915 = DEFINITIONAL_REPRESENTATION('',(#1916),#1922);
#1916 = B_SPLINE_CURVE_WITH_KNOTS('',4,(#1917,#1918,#1919,#1920,#1921),
  .UNSPECIFIED.,.F.,.F.,(5,5),(0.,1.),.PIECEWISE_BEZIER_KNOTS.);
#1917 = CARTESIAN_POINT('',(38.825317382812,5.381225585938));
#1918 = CARTESIAN_POINT('',(38.813221407933,5.381225585938));
#1919 = CARTESIAN_POINT('',(38.798563265068,5.381959344358));
#1920 = CARTESIAN_POINT('',(38.781350740283,5.383425221566));
#1921 = CARTESIAN_POINT('',(38.761596679688,5.385620117188));
#1922 = ( GEOMETRIC_REPRESENTATION_CONTEXT(2) 
PARAMETRIC_REPRESENTATION_CONTEXT() REPRESENTATION_CONTEXT('2D SPACE',''
  ) );
#1923 = PCURVE('',#1924,#1931);
#1924 = SURFACE_OF_LINEAR_EXTRUSION('',#1925,#1929);
#1925 = B_SPLINE_CURVE_WITH_KNOTS('',2,(#1926,#1927,#1928),
  .UNSPECIFIED.,.F.,.F.,(3,3),(0.,1.),.PIECEWISE_BEZIER_KNOTS.);
#1926 = CARTESIAN_POINT('',(-0.238403320312,-4.614379882812,15.95));
#1927 = CARTESIAN_POINT('',(-0.198852539062,-4.618774414062,15.95));
#1928 = CARTESIAN_POINT('',(-0.174682617188,-4.618774414062,15.95));
#1929 = VECTOR('',#1930,1.);
#1930 = DIRECTION('',(-0.,-0.,-1.));
#1931 = DEFINITIONAL_REPRESENTATION('',(#1932),#1938);
#1932 = B_SPLINE_CURVE_WITH_KNOTS('',4,(#1933,#1934,#1935,#1936,#1937),
  .UNSPECIFIED.,.F.,.F.,(5,5),(0.,1.),.PIECEWISE_BEZIER_KNOTS.);
#1933 = CARTESIAN_POINT('',(1.,-5.E-02));
#1934 = CARTESIAN_POINT('',(0.749772156036,-5.E-02));
#1935 = CARTESIAN_POINT('',(0.499668153696,-5.E-02));
#1936 = CARTESIAN_POINT('',(0.24973034629,-5.E-02));
#1937 = CARTESIAN_POINT('',(0.,-5.E-02));
#1938 = ( GEOMETRIC_REPRESENTATION_CONTEXT(2) 
PARAMETRIC_REPRESENTATION_CONTEXT() REPRESENTATION_CONTEXT('2D SPACE',''
  ) );
#1939 = ORIENTED_EDGE('',*,*,#1940,.F.);
#1940 = EDGE_CURVE('',#1941,#1905,#1943,.T.);
#1941 = VERTEX_POINT('',#1942);
#1942 = CARTESIAN_POINT('',(0.280151367188,-4.486938476562,16.));
#1943 = SURFACE_CURVE('',#1944,(#1955,#1969),.PCURVE_S1.);
#1944 = B_SPLINE_CURVE_WITH_KNOTS('',5,(#1945,#1946,#1947,#1948,#1949,
    #1950,#1951,#1952,#1953,#1954),.UNSPECIFIED.,.F.,.F.,(6,4,6),(0.,
    0.359301478196,1.),.UNSPECIFIED.);
#1945 = CARTESIAN_POINT('',(0.280151367188,-4.486938476562,16.));
#1946 = CARTESIAN_POINT('',(0.251123274111,-4.505869841613,16.));
#1947 = CARTESIAN_POINT('',(0.221383247111,-4.523141727168,16.));
#1948 = CARTESIAN_POINT('',(0.190945510127,-4.538726918319,16.));
#1949 = CARTESIAN_POINT('',(0.159828503266,-4.552607411416,16.));
#1950 = CARTESIAN_POINT('',(7.139685913999E-02,-4.586470346542,16.));
#1951 = CARTESIAN_POINT('',(1.26493102167E-02,-4.602718641627,16.));
#1952 = CARTESIAN_POINT('',(-4.805628713969E-02,-4.61346836723,16.));
#1953 = CARTESIAN_POINT('',(-0.110560256305,-4.618774414062,16.));
#1954 = CARTESIAN_POINT('',(-0.174682617188,-4.618774414062,16.));
#1955 = PCURVE('',#126,#1956);
#1956 = DEFINITIONAL_REPRESENTATION('',(#1957),#1968);
#1957 = B_SPLINE_CURVE_WITH_KNOTS('',5,(#1958,#1959,#1960,#1961,#1962,
    #1963,#1964,#1965,#1966,#1967),.UNSPECIFIED.,.F.,.F.,(6,4,6),(0.,
    0.359301478196,1.),.UNSPECIFIED.);
#1958 = CARTESIAN_POINT('',(39.280151367188,5.513061523438));
#1959 = CARTESIAN_POINT('',(39.251123274111,5.494130158387));
#1960 = CARTESIAN_POINT('',(39.221383247111,5.476858272832));
#1961 = CARTESIAN_POINT('',(39.190945510127,5.461273081681));
#1962 = CARTESIAN_POINT('',(39.159828503266,5.447392588584));
#1963 = CARTESIAN_POINT('',(39.07139685914,5.413529653458));
#1964 = CARTESIAN_POINT('',(39.012649310217,5.397281358373));
#1965 = CARTESIAN_POINT('',(38.95194371286,5.38653163277));
#1966 = CARTESIAN_POINT('',(38.889439743695,5.381225585938));
#1967 = CARTESIAN_POINT('',(38.825317382812,5.381225585938));
#1968 = ( GEOMETRIC_REPRESENTATION_CONTEXT(2) 
PARAMETRIC_REPRESENTATION_CONTEXT() REPRESENTATION_CONTEXT('2D SPACE',''
  ) );
#1969 = PCURVE('',#1970,#1977);
#1970 = SURFACE_OF_LINEAR_EXTRUSION('',#1971,#1975);
#1971 = B_SPLINE_CURVE_WITH_KNOTS('',2,(#1972,#1973,#1974),
  .UNSPECIFIED.,.F.,.F.,(3,3),(0.,1.),.PIECEWISE_BEZIER_KNOTS.);
#1972 = CARTESIAN_POINT('',(-0.174682617188,-4.618774414062,15.95));
#1973 = CARTESIAN_POINT('',(7.80029296875E-02,-4.618774414062,15.95));
#1974 = CARTESIAN_POINT('',(0.280151367188,-4.486938476562,15.95));
#1975 = VECTOR('',#1976,1.);
#1976 = DIRECTION('',(-0.,-0.,-1.));
#1977 = DEFINITIONAL_REPRESENTATION('',(#1978),#1989);
#1978 = B_SPLINE_CURVE_WITH_KNOTS('',5,(#1979,#1980,#1981,#1982,#1983,
    #1984,#1985,#1986,#1987,#1988),.UNSPECIFIED.,.F.,.F.,(6,4,6),(0.,
    0.359301478196,1.),.UNSPECIFIED.);
#1979 = CARTESIAN_POINT('',(1.,-5.E-02));
#1980 = CARTESIAN_POINT('',(0.928201045143,-5.E-02));
#1981 = CARTESIAN_POINT('',(0.856252101265,-5.E-02));
#1982 = CARTESIAN_POINT('',(0.784201956906,-5.E-02));
#1983 = CARTESIAN_POINT('',(0.712100756426,-5.E-02));
#1984 = CARTESIAN_POINT('',(0.511431511234,-5.E-02));
#1985 = CARTESIAN_POINT('',(0.382860520841,-5.E-02));
#1986 = CARTESIAN_POINT('',(0.254585820713,-5.E-02));
#1987 = CARTESIAN_POINT('',(0.126881734385,-5.E-02));
#1988 = CARTESIAN_POINT('',(0.,-5.E-02));
#1989 = ( GEOMETRIC_REPRESENTATION_CONTEXT(2) 
PARAMETRIC_REPRESENTATION_CONTEXT() REPRESENTATION_CONTEXT('2D SPACE',''
  ) );
#1990 = ORIENTED_EDGE('',*,*,#1991,.F.);
#1991 = EDGE_CURVE('',#1992,#1941,#1994,.T.);
#1992 = VERTEX_POINT('',#1993);
#1993 = CARTESIAN_POINT('',(0.482299804688,-4.080444335938,16.));
#1994 = SURFACE_CURVE('',#1995,(#2006,#2020),.PCURVE_S1.);
#1995 = B_SPLINE_CURVE_WITH_KNOTS('',5,(#1996,#1997,#1998,#1999,#2000,
    #2001,#2002,#2003,#2004,#2005),.UNSPECIFIED.,.F.,.F.,(6,4,6),(0.,
    0.642136954351,1.),.UNSPECIFIED.);
#1996 = CARTESIAN_POINT('',(0.482299804688,-4.080444335938,16.));
#1997 = CARTESIAN_POINT('',(0.482299804688,-4.148914985684,16.));
#1998 = CARTESIAN_POINT('',(0.474447770555,-4.213141184059,16.));
#1999 = CARTESIAN_POINT('',(0.458146932739,-4.272371903887,16.));
#2000 = CARTESIAN_POINT('',(0.433074977368,-4.325949611047,16.));
#2001 = CARTESIAN_POINT('',(0.380788354627,-4.400010486329,16.));
#2002 = CARTESIAN_POINT('',(0.35943352836,-4.424647767227,16.));
#2003 = CARTESIAN_POINT('',(0.335477973574,-4.447357485148,16.));
#2004 = CARTESIAN_POINT('',(0.309009662152,-4.468117849412,16.));
#2005 = CARTESIAN_POINT('',(0.280151367188,-4.486938476562,16.));
#2006 = PCURVE('',#126,#2007);
#2007 = DEFINITIONAL_REPRESENTATION('',(#2008),#2019);
#2008 = B_SPLINE_CURVE_WITH_KNOTS('',5,(#2009,#2010,#2011,#2012,#2013,
    #2014,#2015,#2016,#2017,#2018),.UNSPECIFIED.,.F.,.F.,(6,4,6),(0.,
    0.642136954351,1.),.UNSPECIFIED.);
#2009 = CARTESIAN_POINT('',(39.482299804688,5.919555664062));
#2010 = CARTESIAN_POINT('',(39.482299804688,5.851085014316));
#2011 = CARTESIAN_POINT('',(39.474447770555,5.786858815941));
#2012 = CARTESIAN_POINT('',(39.458146932739,5.727628096113));
#2013 = CARTESIAN_POINT('',(39.433074977368,5.674050388953));
#2014 = CARTESIAN_POINT('',(39.380788354627,5.599989513671));
#2015 = CARTESIAN_POINT('',(39.35943352836,5.575352232773));
#2016 = CARTESIAN_POINT('',(39.335477973574,5.552642514852));
#2017 = CARTESIAN_POINT('',(39.309009662152,5.531882150588));
#2018 = CARTESIAN_POINT('',(39.280151367188,5.513061523438));
#2019 = ( GEOMETRIC_REPRESENTATION_CONTEXT(2) 
PARAMETRIC_REPRESENTATION_CONTEXT() REPRESENTATION_CONTEXT('2D SPACE',''
  ) );
#2020 = PCURVE('',#2021,#2028);
#2021 = SURFACE_OF_LINEAR_EXTRUSION('',#2022,#2026);
#2022 = B_SPLINE_CURVE_WITH_KNOTS('',2,(#2023,#2024,#2025),
  .UNSPECIFIED.,.F.,.F.,(3,3),(0.,1.),.PIECEWISE_BEZIER_KNOTS.);
#2023 = CARTESIAN_POINT('',(0.280151367188,-4.486938476562,15.95));
#2024 = CARTESIAN_POINT('',(0.482299804688,-4.355102539062,15.95));
#2025 = CARTESIAN_POINT('',(0.482299804688,-4.080444335938,15.95));
#2026 = VECTOR('',#2027,1.);
#2027 = DIRECTION('',(-0.,-0.,-1.));
#2028 = DEFINITIONAL_REPRESENTATION('',(#2029),#2040);
#2029 = B_SPLINE_CURVE_WITH_KNOTS('',5,(#2030,#2031,#2032,#2033,#2034,
    #2035,#2036,#2037,#2038,#2039),.UNSPECIFIED.,.F.,.F.,(6,4,6),(0.,
    0.642136954351,1.),.UNSPECIFIED.);
#2030 = CARTESIAN_POINT('',(1.,-5.E-02));
#2031 = CARTESIAN_POINT('',(0.875352986061,-5.E-02));
#2032 = CARTESIAN_POINT('',(0.74833360271,-5.E-02));
#2033 = CARTESIAN_POINT('',(0.619541498006,-5.E-02));
#2034 = CARTESIAN_POINT('',(0.48975912147,-5.E-02));
#2035 = CARTESIAN_POINT('',(0.287685217156,-5.E-02));
#2036 = CARTESIAN_POINT('',(0.215368189232,-5.E-02));
#2037 = CARTESIAN_POINT('',(0.143215168313,-5.E-02));
#2038 = CARTESIAN_POINT('',(7.137897111894E-02,-5.E-02));
#2039 = CARTESIAN_POINT('',(0.,-5.E-02));
#2040 = ( GEOMETRIC_REPRESENTATION_CONTEXT(2) 
PARAMETRIC_REPRESENTATION_CONTEXT() REPRESENTATION_CONTEXT('2D SPACE',''
  ) );
#2041 = ORIENTED_EDGE('',*,*,#2042,.F.);
#2042 = EDGE_CURVE('',#2043,#1992,#2045,.T.);
#2043 = VERTEX_POINT('',#2044);
#2044 = CARTESIAN_POINT('',(0.335083007812,-3.720092773438,16.));
#2045 = SURFACE_CURVE('',#2046,(#2057,#2071),.PCURVE_S1.);
#2046 = B_SPLINE_CURVE_WITH_KNOTS('',5,(#2047,#2048,#2049,#2050,#2051,
    #2052,#2053,#2054,#2055,#2056),.UNSPECIFIED.,.F.,.F.,(6,4,6),(0.,
    0.404272369435,1.),.UNSPECIFIED.);
#2047 = CARTESIAN_POINT('',(0.335083007812,-3.720092773438,16.));
#2048 = CARTESIAN_POINT('',(0.358810602516,-3.743112081732,16.));
#2049 = CARTESIAN_POINT('',(0.38023847741,-3.767431811063,16.));
#2050 = CARTESIAN_POINT('',(0.399300764804,-3.793042868947,16.));
#2051 = CARTESIAN_POINT('',(0.415954851375,-3.819922168691,16.));
#2052 = CARTESIAN_POINT('',(0.45114530186,-3.889455638769,16.));
#2053 = CARTESIAN_POINT('',(0.466839399928,-3.933553981708,16.));
#2054 = CARTESIAN_POINT('',(0.477201326752,-3.980205834576,16.));
#2055 = CARTESIAN_POINT('',(0.482299804688,-4.029238448367,16.));
#2056 = CARTESIAN_POINT('',(0.482299804688,-4.080444335938,16.));
#2057 = PCURVE('',#126,#2058);
#2058 = DEFINITIONAL_REPRESENTATION('',(#2059),#2070);
#2059 = B_SPLINE_CURVE_WITH_KNOTS('',5,(#2060,#2061,#2062,#2063,#2064,
    #2065,#2066,#2067,#2068,#2069),.UNSPECIFIED.,.F.,.F.,(6,4,6),(0.,
    0.404272369435,1.),.UNSPECIFIED.);
#2060 = CARTESIAN_POINT('',(39.335083007812,6.279907226562));
#2061 = CARTESIAN_POINT('',(39.358810602516,6.256887918268));
#2062 = CARTESIAN_POINT('',(39.38023847741,6.232568188937));
#2063 = CARTESIAN_POINT('',(39.399300764804,6.206957131053));
#2064 = CARTESIAN_POINT('',(39.415954851375,6.180077831309));
#2065 = CARTESIAN_POINT('',(39.45114530186,6.110544361231));
#2066 = CARTESIAN_POINT('',(39.466839399928,6.066446018292));
#2067 = CARTESIAN_POINT('',(39.477201326752,6.019794165424));
#2068 = CARTESIAN_POINT('',(39.482299804688,5.970761551633));
#2069 = CARTESIAN_POINT('',(39.482299804688,5.919555664062));
#2070 = ( GEOMETRIC_REPRESENTATION_CONTEXT(2) 
PARAMETRIC_REPRESENTATION_CONTEXT() REPRESENTATION_CONTEXT('2D SPACE',''
  ) );
#2071 = PCURVE('',#2072,#2079);
#2072 = SURFACE_OF_LINEAR_EXTRUSION('',#2073,#2077);
#2073 = B_SPLINE_CURVE_WITH_KNOTS('',2,(#2074,#2075,#2076),
  .UNSPECIFIED.,.F.,.F.,(3,3),(0.,1.),.PIECEWISE_BEZIER_KNOTS.);
#2074 = CARTESIAN_POINT('',(0.482299804688,-4.080444335938,15.95));
#2075 = CARTESIAN_POINT('',(0.482299804688,-3.862915039062,15.95));
#2076 = CARTESIAN_POINT('',(0.335083007812,-3.720092773438,15.95));
#2077 = VECTOR('',#2078,1.);
#2078 = DIRECTION('',(-0.,-0.,-1.));
#2079 = DEFINITIONAL_REPRESENTATION('',(#2080),#2091);
#2080 = B_SPLINE_CURVE_WITH_KNOTS('',5,(#2081,#2082,#2083,#2084,#2085,
    #2086,#2087,#2088,#2089,#2090),.UNSPECIFIED.,.F.,.F.,(6,4,6),(0.,
    0.404272369435,1.),.UNSPECIFIED.);
#2081 = CARTESIAN_POINT('',(1.,-5.E-02));
#2082 = CARTESIAN_POINT('',(0.919412746346,-5.E-02));
#2083 = CARTESIAN_POINT('',(0.838518869526,-5.E-02));
#2084 = CARTESIAN_POINT('',(0.757416098627,-5.E-02));
#2085 = CARTESIAN_POINT('',(0.676207204549,-5.E-02));
#2086 = CARTESIAN_POINT('',(0.475334697079,-5.E-02));
#2087 = CARTESIAN_POINT('',(0.35566688025,-5.E-02));
#2088 = CARTESIAN_POINT('',(0.236349287543,-5.E-02));
#2089 = CARTESIAN_POINT('',(0.117698830241,-5.E-02));
#2090 = CARTESIAN_POINT('',(0.,-5.E-02));
#2091 = ( GEOMETRIC_REPRESENTATION_CONTEXT(2) 
PARAMETRIC_REPRESENTATION_CONTEXT() REPRESENTATION_CONTEXT('2D SPACE',''
  ) );
#2092 = ORIENTED_EDGE('',*,*,#2093,.F.);
#2093 = EDGE_CURVE('',#2094,#2043,#2096,.T.);
#2094 = VERTEX_POINT('',#2095);
#2095 = CARTESIAN_POINT('',(-4.50439453125E-02,-3.577270507812,16.));
#2096 = SURFACE_CURVE('',#2097,(#2108,#2122),.PCURVE_S1.);
#2097 = B_SPLINE_CURVE_WITH_KNOTS('',5,(#2098,#2099,#2100,#2101,#2102,
    #2103,#2104,#2105,#2106,#2107),.UNSPECIFIED.,.F.,.F.,(6,4,6),(0.,
    0.721385984031,1.),.UNSPECIFIED.);
#2098 = CARTESIAN_POINT('',(-4.50439453125E-02,-3.577270507812,16.));
#2099 = CARTESIAN_POINT('',(2.096679855028E-02,-3.577270507812,16.));
#2100 = CARTESIAN_POINT('',(8.344869685995E-02,-3.584440648234,16.));
#2101 = CARTESIAN_POINT('',(0.141980014394,-3.599116943207,16.));
#2102 = CARTESIAN_POINT('',(0.196211460094,-3.621451877782,16.));
#2103 = CARTESIAN_POINT('',(0.265122948803,-3.662841221617,16.));
#2104 = CARTESIAN_POINT('',(0.283649090601,-3.675495415238,16.));
#2105 = CARTESIAN_POINT('',(0.301489561224,-3.689264768586,16.));
#2106 = CARTESIAN_POINT('',(0.318635843174,-3.704136568938,16.));
#2107 = CARTESIAN_POINT('',(0.335083007812,-3.720092773438,16.));
#2108 = PCURVE('',#126,#2109);
#2109 = DEFINITIONAL_REPRESENTATION('',(#2110),#2121);
#2110 = B_SPLINE_CURVE_WITH_KNOTS('',5,(#2111,#2112,#2113,#2114,#2115,
    #2116,#2117,#2118,#2119,#2120),.UNSPECIFIED.,.F.,.F.,(6,4,6),(0.,
    0.721385984031,1.),.UNSPECIFIED.);
#2111 = CARTESIAN_POINT('',(38.954956054688,6.422729492188));
#2112 = CARTESIAN_POINT('',(39.02096679855,6.422729492188));
#2113 = CARTESIAN_POINT('',(39.08344869686,6.415559351766));
#2114 = CARTESIAN_POINT('',(39.141980014394,6.400883056793));
#2115 = CARTESIAN_POINT('',(39.196211460094,6.378548122218));
#2116 = CARTESIAN_POINT('',(39.265122948803,6.337158778383));
#2117 = CARTESIAN_POINT('',(39.283649090601,6.324504584762));
#2118 = CARTESIAN_POINT('',(39.301489561224,6.310735231414));
#2119 = CARTESIAN_POINT('',(39.318635843174,6.295863431062));
#2120 = CARTESIAN_POINT('',(39.335083007812,6.279907226562));
#2121 = ( GEOMETRIC_REPRESENTATION_CONTEXT(2) 
PARAMETRIC_REPRESENTATION_CONTEXT() REPRESENTATION_CONTEXT('2D SPACE',''
  ) );
#2122 = PCURVE('',#2123,#2130);
#2123 = SURFACE_OF_LINEAR_EXTRUSION('',#2124,#2128);
#2124 = B_SPLINE_CURVE_WITH_KNOTS('',2,(#2125,#2126,#2127),
  .UNSPECIFIED.,.F.,.F.,(3,3),(0.,1.),.PIECEWISE_BEZIER_KNOTS.);
#2125 = CARTESIAN_POINT('',(0.335083007812,-3.720092773438,15.95));
#2126 = CARTESIAN_POINT('',(0.187866210938,-3.577270507812,15.95));
#2127 = CARTESIAN_POINT('',(-4.50439453125E-02,-3.577270507812,15.95));
#2128 = VECTOR('',#2129,1.);
#2129 = DIRECTION('',(-0.,-0.,-1.));
#2130 = DEFINITIONAL_REPRESENTATION('',(#2131),#2142);
#2131 = B_SPLINE_CURVE_WITH_KNOTS('',5,(#2132,#2133,#2134,#2135,#2136,
    #2137,#2138,#2139,#2140,#2141),.UNSPECIFIED.,.F.,.F.,(6,4,6),(0.,
    0.721385984031,1.),.UNSPECIFIED.);
#2132 = CARTESIAN_POINT('',(1.,-5.E-02));
#2133 = CARTESIAN_POINT('',(0.858291401016,-5.E-02));
#2134 = CARTESIAN_POINT('',(0.714922851447,-5.E-02));
#2135 = CARTESIAN_POINT('',(0.570366908499,-5.E-02));
#2136 = CARTESIAN_POINT('',(0.425177004517,-5.E-02));
#2137 = CARTESIAN_POINT('',(0.223929672671,-5.E-02));
#2138 = CARTESIAN_POINT('',(0.167859429984,-5.E-02));
#2139 = CARTESIAN_POINT('',(0.111824770414,-5.E-02));
#2140 = CARTESIAN_POINT('',(5.586035353062E-02,-5.E-02));
#2141 = CARTESIAN_POINT('',(0.,-5.E-02));
#2142 = ( GEOMETRIC_REPRESENTATION_CONTEXT(2) 
PARAMETRIC_REPRESENTATION_CONTEXT() REPRESENTATION_CONTEXT('2D SPACE',''
  ) );
#2143 = ORIENTED_EDGE('',*,*,#2144,.F.);
#2144 = EDGE_CURVE('',#2145,#2094,#2147,.T.);
#2145 = VERTEX_POINT('',#2146);
#2146 = CARTESIAN_POINT('',(-0.429565429688,-3.722290039062,16.));
#2147 = SURFACE_CURVE('',#2148,(#2159,#2173),.PCURVE_S1.);
#2148 = B_SPLINE_CURVE_WITH_KNOTS('',5,(#2149,#2150,#2151,#2152,#2153,
    #2154,#2155,#2156,#2157,#2158),.UNSPECIFIED.,.F.,.F.,(6,4,6),(0.,
    0.340915520253,1.),.UNSPECIFIED.);
#2149 = CARTESIAN_POINT('',(-0.429565429688,-3.722290039062,16.));
#2150 = CARTESIAN_POINT('',(-0.408599447802,-3.702522113285,16.));
#2151 = CARTESIAN_POINT('',(-0.386684521026,-3.684385571923,16.));
#2152 = CARTESIAN_POINT('',(-0.363829036077,-3.66791562438,16.));
#2153 = CARTESIAN_POINT('',(-0.340048455443,-3.653135959215,16.));
#2154 = CARTESIAN_POINT('',(-0.267645949269,-3.61477685176,16.));
#2155 = CARTESIAN_POINT('',(-0.216550367205,-3.595856157285,16.));
#2156 = CARTESIAN_POINT('',(-0.162247180977,-3.583387699682,16.));
#2157 = CARTESIAN_POINT('',(-0.104980974726,-3.577270507812,16.));
#2158 = CARTESIAN_POINT('',(-4.50439453125E-02,-3.577270507812,16.));
#2159 = PCURVE('',#126,#2160);
#2160 = DEFINITIONAL_REPRESENTATION('',(#2161),#2172);
#2161 = B_SPLINE_CURVE_WITH_KNOTS('',5,(#2162,#2163,#2164,#2165,#2166,
    #2167,#2168,#2169,#2170,#2171),.UNSPECIFIED.,.F.,.F.,(6,4,6),(0.,
    0.340915520253,1.),.UNSPECIFIED.);
#2162 = CARTESIAN_POINT('',(38.570434570312,6.277709960938));
#2163 = CARTESIAN_POINT('',(38.591400552198,6.297477886715));
#2164 = CARTESIAN_POINT('',(38.613315478974,6.315614428077));
#2165 = CARTESIAN_POINT('',(38.636170963923,6.33208437562));
#2166 = CARTESIAN_POINT('',(38.659951544557,6.346864040785));
#2167 = CARTESIAN_POINT('',(38.732354050731,6.38522314824));
#2168 = CARTESIAN_POINT('',(38.783449632795,6.404143842715));
#2169 = CARTESIAN_POINT('',(38.837752819023,6.416612300318));
#2170 = CARTESIAN_POINT('',(38.895019025274,6.422729492188));
#2171 = CARTESIAN_POINT('',(38.954956054688,6.422729492188));
#2172 = ( GEOMETRIC_REPRESENTATION_CONTEXT(2) 
PARAMETRIC_REPRESENTATION_CONTEXT() REPRESENTATION_CONTEXT('2D SPACE',''
  ) );
#2173 = PCURVE('',#2174,#2181);
#2174 = SURFACE_OF_LINEAR_EXTRUSION('',#2175,#2179);
#2175 = B_SPLINE_CURVE_WITH_KNOTS('',2,(#2176,#2177,#2178),
  .UNSPECIFIED.,.F.,.F.,(3,3),(0.,1.),.PIECEWISE_BEZIER_KNOTS.);
#2176 = CARTESIAN_POINT('',(-4.50439453125E-02,-3.577270507812,15.95));
#2177 = CARTESIAN_POINT('',(-0.275756835938,-3.577270507812,15.95));
#2178 = CARTESIAN_POINT('',(-0.429565429688,-3.722290039062,15.95));
#2179 = VECTOR('',#2180,1.);
#2180 = DIRECTION('',(-0.,-0.,-1.));
#2181 = DEFINITIONAL_REPRESENTATION('',(#2182),#2193);
#2182 = B_SPLINE_CURVE_WITH_KNOTS('',5,(#2183,#2184,#2185,#2186,#2187,
    #2188,#2189,#2190,#2191,#2192),.UNSPECIFIED.,.F.,.F.,(6,4,6),(0.,
    0.340915520253,1.),.UNSPECIFIED.);
#2183 = CARTESIAN_POINT('',(1.,-5.E-02));
#2184 = CARTESIAN_POINT('',(0.931843919205,-5.E-02));
#2185 = CARTESIAN_POINT('',(0.863506191013,-5.E-02));
#2186 = CARTESIAN_POINT('',(0.795045456213,-5.E-02));
#2187 = CARTESIAN_POINT('',(0.726522449605,-5.E-02));
#2188 = CARTESIAN_POINT('',(0.525527054752,-5.E-02));
#2189 = CARTESIAN_POINT('',(0.39304792991,-5.E-02));
#2190 = CARTESIAN_POINT('',(0.261032664285,-5.E-02));
#2191 = CARTESIAN_POINT('',(0.129895276444,-5.E-02));
#2192 = CARTESIAN_POINT('',(0.,-5.E-02));
#2193 = ( GEOMETRIC_REPRESENTATION_CONTEXT(2) 
PARAMETRIC_REPRESENTATION_CONTEXT() REPRESENTATION_CONTEXT('2D SPACE',''
  ) );
#2194 = ORIENTED_EDGE('',*,*,#2195,.F.);
#2195 = EDGE_CURVE('',#2196,#2145,#2198,.T.);
#2196 = VERTEX_POINT('',#2197);
#2197 = CARTESIAN_POINT('',(-0.627319335938,-4.157348632812,16.));
#2198 = SURFACE_CURVE('',#2199,(#2207,#2218),.PCURVE_S1.);
#2199 = B_SPLINE_CURVE_WITH_KNOTS('',6,(#2200,#2201,#2202,#2203,#2204,
    #2205,#2206),.UNSPECIFIED.,.F.,.F.,(7,7),(0.,1.),
  .PIECEWISE_BEZIER_KNOTS.);
#2200 = CARTESIAN_POINT('',(-0.627319335938,-4.157348632812,16.));
#2201 = CARTESIAN_POINT('',(-0.613257841995,-4.06454277279,16.));
#2202 = CARTESIAN_POINT('',(-0.592143636503,-3.978641598407,16.));
#2203 = CARTESIAN_POINT('',(-0.563469291652,-3.90062310418,16.));
#2204 = CARTESIAN_POINT('',(-0.526847231505,-3.831431956572,16.));
#2205 = CARTESIAN_POINT('',(-0.482126432675,-3.771847556165,16.));
#2206 = CARTESIAN_POINT('',(-0.429565429688,-3.722290039062,16.));
#2207 = PCURVE('',#126,#2208);
#2208 = DEFINITIONAL_REPRESENTATION('',(#2209),#2217);
#2209 = B_SPLINE_CURVE_WITH_KNOTS('',6,(#2210,#2211,#2212,#2213,#2214,
    #2215,#2216),.UNSPECIFIED.,.F.,.F.,(7,7),(0.,1.),
  .PIECEWISE_BEZIER_KNOTS.);
#2210 = CARTESIAN_POINT('',(38.372680664062,5.842651367188));
#2211 = CARTESIAN_POINT('',(38.386742158005,5.93545722721));
#2212 = CARTESIAN_POINT('',(38.407856363497,6.021358401593));
#2213 = CARTESIAN_POINT('',(38.436530708348,6.09937689582));
#2214 = CARTESIAN_POINT('',(38.473152768495,6.168568043428));
#2215 = CARTESIAN_POINT('',(38.517873567325,6.228152443835));
#2216 = CARTESIAN_POINT('',(38.570434570312,6.277709960938));
#2217 = ( GEOMETRIC_REPRESENTATION_CONTEXT(2) 
PARAMETRIC_REPRESENTATION_CONTEXT() REPRESENTATION_CONTEXT('2D SPACE',''
  ) );
#2218 = PCURVE('',#2219,#2226);
#2219 = SURFACE_OF_LINEAR_EXTRUSION('',#2220,#2224);
#2220 = B_SPLINE_CURVE_WITH_KNOTS('',2,(#2221,#2222,#2223),
  .UNSPECIFIED.,.F.,.F.,(3,3),(0.,1.),.PIECEWISE_BEZIER_KNOTS.);
#2221 = CARTESIAN_POINT('',(-0.429565429688,-3.722290039062,15.95));
#2222 = CARTESIAN_POINT('',(-0.583374023438,-3.867309570312,15.95));
#2223 = CARTESIAN_POINT('',(-0.627319335938,-4.157348632812,15.95));
#2224 = VECTOR('',#2225,1.);
#2225 = DIRECTION('',(-0.,-0.,-1.));
#2226 = DEFINITIONAL_REPRESENTATION('',(#2227),#2235);
#2227 = B_SPLINE_CURVE_WITH_KNOTS('',6,(#2228,#2229,#2230,#2231,#2232,
    #2233,#2234),.UNSPECIFIED.,.F.,.F.,(7,7),(0.,1.),
  .PIECEWISE_BEZIER_KNOTS.);
#2228 = CARTESIAN_POINT('',(1.,-5.E-02));
#2229 = CARTESIAN_POINT('',(0.840011446695,-5.E-02));
#2230 = CARTESIAN_POINT('',(0.676568051849,-5.E-02));
#2231 = CARTESIAN_POINT('',(0.510112557268,-5.E-02));
#2232 = CARTESIAN_POINT('',(0.341267100744,-5.E-02));
#2233 = CARTESIAN_POINT('',(0.170864974792,-5.E-02));
#2234 = CARTESIAN_POINT('',(0.,-5.E-02));
#2235 = ( GEOMETRIC_REPRESENTATION_CONTEXT(2) 
PARAMETRIC_REPRESENTATION_CONTEXT() REPRESENTATION_CONTEXT('2D SPACE',''
  ) );
#2236 = ORIENTED_EDGE('',*,*,#2237,.F.);
#2237 = EDGE_CURVE('',#2238,#2196,#2240,.T.);
#2238 = VERTEX_POINT('',#2239);
#2239 = CARTESIAN_POINT('',(-1.022827148438,-4.087036132812,16.));
#2240 = SURFACE_CURVE('',#2241,(#2245,#2251),.PCURVE_S1.);
#2241 = LINE('',#2242,#2243);
#2242 = CARTESIAN_POINT('',(-18.72241839111,-0.940442134114,16.));
#2243 = VECTOR('',#2244,1.);
#2244 = DIRECTION('',(0.984562507786,-0.175033334717,0.));
#2245 = PCURVE('',#126,#2246);
#2246 = DEFINITIONAL_REPRESENTATION('',(#2247),#2250);
#2247 = B_SPLINE_CURVE_WITH_KNOTS('',1,(#2248,#2249),.UNSPECIFIED.,.F.,
  .F.,(2,2),(17.977112781272,18.378821976343),.PIECEWISE_BEZIER_KNOTS.);
#2248 = CARTESIAN_POINT('',(37.977172851562,5.912963867187));
#2249 = CARTESIAN_POINT('',(38.372680664062,5.842651367187));
#2250 = ( GEOMETRIC_REPRESENTATION_CONTEXT(2) 
PARAMETRIC_REPRESENTATION_CONTEXT() REPRESENTATION_CONTEXT('2D SPACE',''
  ) );
#2251 = PCURVE('',#2252,#2257);
#2252 = PLANE('',#2253);
#2253 = AXIS2_PLACEMENT_3D('',#2254,#2255,#2256);
#2254 = CARTESIAN_POINT('',(-0.627319335938,-4.157348632812,15.95));
#2255 = DIRECTION('',(-0.175033334717,-0.984562507786,0.));
#2256 = DIRECTION('',(-0.984562507786,0.175033334717,0.));
#2257 = DEFINITIONAL_REPRESENTATION('',(#2258),#2261);
#2258 = B_SPLINE_CURVE_WITH_KNOTS('',1,(#2259,#2260),.UNSPECIFIED.,.F.,
  .F.,(2,2),(17.977112781272,18.378821976343),.PIECEWISE_BEZIER_KNOTS.);
#2259 = CARTESIAN_POINT('',(0.401709195071,-5.E-02));
#2260 = CARTESIAN_POINT('',(0.,-5.E-02));
#2261 = ( GEOMETRIC_REPRESENTATION_CONTEXT(2) 
PARAMETRIC_REPRESENTATION_CONTEXT() REPRESENTATION_CONTEXT('2D SPACE',''
  ) );
#2262 = ORIENTED_EDGE('',*,*,#2263,.F.);
#2263 = EDGE_CURVE('',#2264,#2238,#2266,.T.);
#2264 = VERTEX_POINT('',#2265);
#2265 = CARTESIAN_POINT('',(-0.693237304688,-3.470703125,16.));
#2266 = SURFACE_CURVE('',#2267,(#2280,#2296),.PCURVE_S1.);
#2267 = B_SPLINE_CURVE_WITH_KNOTS('',6,(#2268,#2269,#2270,#2271,#2272,
    #2273,#2274,#2275,#2276,#2277,#2278,#2279),.UNSPECIFIED.,.F.,.F.,(7,
    5,7),(0.,0.123596937985,1.),.UNSPECIFIED.);
#2268 = CARTESIAN_POINT('',(-0.693237304688,-3.470703125,16.));
#2269 = CARTESIAN_POINT('',(-0.704024341626,-3.479876716243,16.));
#2270 = CARTESIAN_POINT('',(-0.714622599222,-3.489244749033,16.));
#2271 = CARTESIAN_POINT('',(-0.725030114166,-3.498806321168,16.));
#2272 = CARTESIAN_POINT('',(-0.735245101554,-3.508560339812,16.));
#2273 = CARTESIAN_POINT('',(-0.745265954893,-3.51850552149,16.));
#2274 = CARTESIAN_POINT('',(-0.824760571514,-3.600504887861,16.));
#2275 = CARTESIAN_POINT('',(-0.884619317584,-3.681929561243,16.));
#2276 = CARTESIAN_POINT('',(-0.934082352878,-3.772334191734,16.));
#2277 = CARTESIAN_POINT('',(-0.973241364039,-3.870750344834,16.));
#2278 = CARTESIAN_POINT('',(-1.002589732615,-3.976036973303,16.));
#2279 = CARTESIAN_POINT('',(-1.022827148438,-4.087036132812,16.));
#2280 = PCURVE('',#126,#2281);
#2281 = DEFINITIONAL_REPRESENTATION('',(#2282),#2295);
#2282 = B_SPLINE_CURVE_WITH_KNOTS('',6,(#2283,#2284,#2285,#2286,#2287,
    #2288,#2289,#2290,#2291,#2292,#2293,#2294),.UNSPECIFIED.,.F.,.F.,(7,
    5,7),(0.,0.123596937985,1.),.UNSPECIFIED.);
#2283 = CARTESIAN_POINT('',(38.306762695312,6.529296875));
#2284 = CARTESIAN_POINT('',(38.295975658374,6.520123283757));
#2285 = CARTESIAN_POINT('',(38.285377400778,6.510755250967));
#2286 = CARTESIAN_POINT('',(38.274969885834,6.501193678832));
#2287 = CARTESIAN_POINT('',(38.264754898446,6.491439660188));
#2288 = CARTESIAN_POINT('',(38.254734045107,6.48149447851));
#2289 = CARTESIAN_POINT('',(38.175239428486,6.399495112139));
#2290 = CARTESIAN_POINT('',(38.115380682416,6.318070438757));
#2291 = CARTESIAN_POINT('',(38.065917647122,6.227665808266));
#2292 = CARTESIAN_POINT('',(38.026758635961,6.129249655166));
#2293 = CARTESIAN_POINT('',(37.997410267385,6.023963026697));
#2294 = CARTESIAN_POINT('',(37.977172851562,5.912963867188));
#2295 = ( GEOMETRIC_REPRESENTATION_CONTEXT(2) 
PARAMETRIC_REPRESENTATION_CONTEXT() REPRESENTATION_CONTEXT('2D SPACE',''
  ) );
#2296 = PCURVE('',#2297,#2304);
#2297 = SURFACE_OF_LINEAR_EXTRUSION('',#2298,#2302);
#2298 = B_SPLINE_CURVE_WITH_KNOTS('',2,(#2299,#2300,#2301),
  .UNSPECIFIED.,.F.,.F.,(3,3),(0.,1.),.PIECEWISE_BEZIER_KNOTS.);
#2299 = CARTESIAN_POINT('',(-1.022827148438,-4.087036132812,15.95));
#2300 = CARTESIAN_POINT('',(-0.950317382812,-3.689331054688,15.95));
#2301 = CARTESIAN_POINT('',(-0.693237304688,-3.470703125,15.95));
#2302 = VECTOR('',#2303,1.);
#2303 = DIRECTION('',(-0.,-0.,-1.));
#2304 = DEFINITIONAL_REPRESENTATION('',(#2305),#2318);
#2305 = B_SPLINE_CURVE_WITH_KNOTS('',6,(#2306,#2307,#2308,#2309,#2310,
    #2311,#2312,#2313,#2314,#2315,#2316,#2317),.UNSPECIFIED.,.F.,.F.,(7,
    5,7),(0.,0.123596937985,1.),.UNSPECIFIED.);
#2306 = CARTESIAN_POINT('',(1.,-5.E-02));
#2307 = CARTESIAN_POINT('',(0.979020083902,-5.E-02));
#2308 = CARTESIAN_POINT('',(0.958028117305,-5.E-02));
#2309 = CARTESIAN_POINT('',(0.93702709886,-5.E-02));
#2310 = CARTESIAN_POINT('',(0.916020045956,-5.E-02));
#2311 = CARTESIAN_POINT('',(0.895009994716,-5.E-02));
#2312 = CARTESIAN_POINT('',(0.725022007488,-5.E-02));
#2313 = CARTESIAN_POINT('',(0.575999597519,-5.E-02));
#2314 = CARTESIAN_POINT('',(0.428159049959,-5.E-02));
#2315 = CARTESIAN_POINT('',(0.282439862538,-5.E-02));
#2316 = CARTESIAN_POINT('',(0.139549587892,-5.E-02));
#2317 = CARTESIAN_POINT('',(0.,-5.E-02));
#2318 = ( GEOMETRIC_REPRESENTATION_CONTEXT(2) 
PARAMETRIC_REPRESENTATION_CONTEXT() REPRESENTATION_CONTEXT('2D SPACE',''
  ) );
#2319 = ORIENTED_EDGE('',*,*,#2320,.F.);
#2320 = EDGE_CURVE('',#2321,#2264,#2323,.T.);
#2321 = VERTEX_POINT('',#2322);
#2322 = CARTESIAN_POINT('',(-5.38330078125E-02,-3.252075195312,16.));
#2323 = SURFACE_CURVE('',#2324,(#2335,#2349),.PCURVE_S1.);
#2324 = B_SPLINE_CURVE_WITH_KNOTS('',5,(#2325,#2326,#2327,#2328,#2329,
    #2330,#2331,#2332,#2333,#2334),.UNSPECIFIED.,.F.,.F.,(6,4,6),(0.,
    0.756686798016,1.),.UNSPECIFIED.);
#2325 = CARTESIAN_POINT('',(-5.38330078125E-02,-3.252075195312,16.));
#2326 = CARTESIAN_POINT('',(-0.165561595287,-3.252075195312,16.));
#2327 = CARTESIAN_POINT('',(-0.273110837938,-3.263745130306,16.));
#2328 = CARTESIAN_POINT('',(-0.375286552383,-3.288128704209,16.));
#2329 = CARTESIAN_POINT('',(-0.47091951007,-3.325833921495,16.));
#2330 = CARTESIAN_POINT('',(-0.587553131797,-3.392618157752,16.));
#2331 = CARTESIAN_POINT('',(-0.615171195072,-3.410195537122,16.));
#2332 = CARTESIAN_POINT('',(-0.642003223148,-3.429085966727,16.));
#2333 = CARTESIAN_POINT('',(-0.668029722519,-3.449265907686,16.));
#2334 = CARTESIAN_POINT('',(-0.693237304688,-3.470703125,16.));
#2335 = PCURVE('',#126,#2336);
#2336 = DEFINITIONAL_REPRESENTATION('',(#2337),#2348);
#2337 = B_SPLINE_CURVE_WITH_KNOTS('',5,(#2338,#2339,#2340,#2341,#2342,
    #2343,#2344,#2345,#2346,#2347),.UNSPECIFIED.,.F.,.F.,(6,4,6),(0.,
    0.756686798016,1.),.UNSPECIFIED.);
#2338 = CARTESIAN_POINT('',(38.946166992188,6.747924804688));
#2339 = CARTESIAN_POINT('',(38.834438404713,6.747924804688));
#2340 = CARTESIAN_POINT('',(38.726889162062,6.736254869694));
#2341 = CARTESIAN_POINT('',(38.624713447617,6.711871295791));
#2342 = CARTESIAN_POINT('',(38.52908048993,6.674166078505));
#2343 = CARTESIAN_POINT('',(38.412446868203,6.607381842248));
#2344 = CARTESIAN_POINT('',(38.384828804928,6.589804462878));
#2345 = CARTESIAN_POINT('',(38.357996776852,6.570914033273));
#2346 = CARTESIAN_POINT('',(38.331970277481,6.550734092314));
#2347 = CARTESIAN_POINT('',(38.306762695312,6.529296875));
#2348 = ( GEOMETRIC_REPRESENTATION_CONTEXT(2) 
PARAMETRIC_REPRESENTATION_CONTEXT() REPRESENTATION_CONTEXT('2D SPACE',''
  ) );
#2349 = PCURVE('',#2350,#2357);
#2350 = SURFACE_OF_LINEAR_EXTRUSION('',#2351,#2355);
#2351 = B_SPLINE_CURVE_WITH_KNOTS('',2,(#2352,#2353,#2354),
  .UNSPECIFIED.,.F.,.F.,(3,3),(0.,1.),.PIECEWISE_BEZIER_KNOTS.);
#2352 = CARTESIAN_POINT('',(-0.693237304688,-3.470703125,15.95));
#2353 = CARTESIAN_POINT('',(-0.436157226562,-3.252075195312,15.95));
#2354 = CARTESIAN_POINT('',(-5.38330078125E-02,-3.252075195312,15.95));
#2355 = VECTOR('',#2356,1.);
#2356 = DIRECTION('',(-0.,-0.,-1.));
#2357 = DEFINITIONAL_REPRESENTATION('',(#2358),#2369);
#2358 = B_SPLINE_CURVE_WITH_KNOTS('',5,(#2359,#2360,#2361,#2362,#2363,
    #2364,#2365,#2366,#2367,#2368),.UNSPECIFIED.,.F.,.F.,(6,4,6),(0.,
    0.756686798016,1.),.UNSPECIFIED.);
#2359 = CARTESIAN_POINT('',(1.,-5.E-02));
#2360 = CARTESIAN_POINT('',(0.853882409229,-5.E-02));
#2361 = CARTESIAN_POINT('',(0.704487567832,-5.E-02));
#2362 = CARTESIAN_POINT('',(0.552595288621,-5.E-02));
#2363 = CARTESIAN_POINT('',(0.399279168873,-5.E-02));
#2364 = CARTESIAN_POINT('',(0.19671296939,-5.E-02));
#2365 = CARTESIAN_POINT('',(0.14742559112,-5.E-02));
#2366 = CARTESIAN_POINT('',(9.818246268334E-02,-5.E-02));
#2367 = CARTESIAN_POINT('',(4.902671251724E-02,-5.E-02));
#2368 = CARTESIAN_POINT('',(0.,-5.E-02));
#2369 = ( GEOMETRIC_REPRESENTATION_CONTEXT(2) 
PARAMETRIC_REPRESENTATION_CONTEXT() REPRESENTATION_CONTEXT('2D SPACE',''
  ) );
#2370 = ORIENTED_EDGE('',*,*,#2371,.F.);
#2371 = EDGE_CURVE('',#2372,#2321,#2374,.T.);
#2372 = VERTEX_POINT('',#2373);
#2373 = CARTESIAN_POINT('',(0.431762695312,-3.365234375,16.));
#2374 = SURFACE_CURVE('',#2375,(#2386,#2400),.PCURVE_S1.);
#2375 = B_SPLINE_CURVE_WITH_KNOTS('',5,(#2376,#2377,#2378,#2379,#2380,
    #2381,#2382,#2383,#2384,#2385),.UNSPECIFIED.,.F.,.F.,(6,4,6),(0.,
    0.242271519482,1.),.UNSPECIFIED.);
#2376 = CARTESIAN_POINT('',(0.431762695312,-3.365234375,16.));
#2377 = CARTESIAN_POINT('',(0.410211547319,-3.3542454233,16.));
#2378 = CARTESIAN_POINT('',(0.388399489699,-3.343915864742,16.));
#2379 = CARTESIAN_POINT('',(0.36633074146,-3.334250041854,16.));
#2380 = CARTESIAN_POINT('',(0.344010018664,-3.325251092539,16.));
#2381 = CARTESIAN_POINT('',(0.250860463618,-3.290867593877,16.));
#2382 = CARTESIAN_POINT('',(0.177862724673,-3.271355700473,16.));
#2383 = CARTESIAN_POINT('',(0.102613517721,-3.258446856732,16.));
#2384 = CARTESIAN_POINT('',(2.530875687077E-02,-3.252075195312,16.));
#2385 = CARTESIAN_POINT('',(-5.38330078125E-02,-3.252075195312,16.));
#2386 = PCURVE('',#126,#2387);
#2387 = DEFINITIONAL_REPRESENTATION('',(#2388),#2399);
#2388 = B_SPLINE_CURVE_WITH_KNOTS('',5,(#2389,#2390,#2391,#2392,#2393,
    #2394,#2395,#2396,#2397,#2398),.UNSPECIFIED.,.F.,.F.,(6,4,6),(0.,
    0.242271519482,1.),.UNSPECIFIED.);
#2389 = CARTESIAN_POINT('',(39.431762695312,6.634765625));
#2390 = CARTESIAN_POINT('',(39.410211547319,6.6457545767));
#2391 = CARTESIAN_POINT('',(39.388399489699,6.656084135258));
#2392 = CARTESIAN_POINT('',(39.36633074146,6.665749958146));
#2393 = CARTESIAN_POINT('',(39.344010018664,6.674748907461));
#2394 = CARTESIAN_POINT('',(39.250860463618,6.709132406123));
#2395 = CARTESIAN_POINT('',(39.177862724673,6.728644299527));
#2396 = CARTESIAN_POINT('',(39.102613517721,6.741553143268));
#2397 = CARTESIAN_POINT('',(39.025308756871,6.747924804688));
#2398 = CARTESIAN_POINT('',(38.946166992188,6.747924804688));
#2399 = ( GEOMETRIC_REPRESENTATION_CONTEXT(2) 
PARAMETRIC_REPRESENTATION_CONTEXT() REPRESENTATION_CONTEXT('2D SPACE',''
  ) );
#2400 = PCURVE('',#2401,#2408);
#2401 = SURFACE_OF_LINEAR_EXTRUSION('',#2402,#2406);
#2402 = B_SPLINE_CURVE_WITH_KNOTS('',2,(#2403,#2404,#2405),
  .UNSPECIFIED.,.F.,.F.,(3,3),(0.,1.),.PIECEWISE_BEZIER_KNOTS.);
#2403 = CARTESIAN_POINT('',(-5.38330078125E-02,-3.252075195312,15.95));
#2404 = CARTESIAN_POINT('',(0.209838867188,-3.252075195312,15.95));
#2405 = CARTESIAN_POINT('',(0.431762695312,-3.365234375,15.95));
#2406 = VECTOR('',#2407,1.);
#2407 = DIRECTION('',(-0.,-0.,-1.));
#2408 = DEFINITIONAL_REPRESENTATION('',(#2409),#2420);
#2409 = B_SPLINE_CURVE_WITH_KNOTS('',5,(#2410,#2411,#2412,#2413,#2414,
    #2415,#2416,#2417,#2418,#2419),.UNSPECIFIED.,.F.,.F.,(6,4,6),(0.,
    0.242271519482,1.),.UNSPECIFIED.);
#2410 = CARTESIAN_POINT('',(1.,-5.E-02));
#2411 = CARTESIAN_POINT('',(0.951444718272,-5.E-02));
#2412 = CARTESIAN_POINT('',(0.902855988967,-5.E-02));
#2413 = CARTESIAN_POINT('',(0.854244850628,-5.E-02));
#2414 = CARTESIAN_POINT('',(0.805622441593,-5.E-02));
#2415 = CARTESIAN_POINT('',(0.604928436383,-5.E-02));
#2416 = CARTESIAN_POINT('',(0.452852486759,-5.E-02));
#2417 = CARTESIAN_POINT('',(0.301126609678,-5.E-02));
#2418 = CARTESIAN_POINT('',(0.150076235251,-5.E-02));
#2419 = CARTESIAN_POINT('',(0.,-5.E-02));
#2420 = ( GEOMETRIC_REPRESENTATION_CONTEXT(2) 
PARAMETRIC_REPRESENTATION_CONTEXT() REPRESENTATION_CONTEXT('2D SPACE',''
  ) );
#2421 = ORIENTED_EDGE('',*,*,#2422,.F.);
#2422 = EDGE_CURVE('',#2423,#2372,#2425,.T.);
#2423 = VERTEX_POINT('',#2424);
#2424 = CARTESIAN_POINT('',(0.771240234375,-3.673950195312,16.));
#2425 = SURFACE_CURVE('',#2426,(#2437,#2451),.PCURVE_S1.);
#2426 = B_SPLINE_CURVE_WITH_KNOTS('',5,(#2427,#2428,#2429,#2430,#2431,
    #2432,#2433,#2434,#2435,#2436),.UNSPECIFIED.,.F.,.F.,(6,4,6),(0.,
    0.21507722364,1.),.UNSPECIFIED.);
#2427 = CARTESIAN_POINT('',(0.771240234375,-3.673950195312,16.));
#2428 = CARTESIAN_POINT('',(0.761092936545,-3.657069643783,16.));
#2429 = CARTESIAN_POINT('',(0.750452615721,-3.640561222379,16.));
#2430 = CARTESIAN_POINT('',(0.739320220272,-3.624429796451,16.));
#2431 = CARTESIAN_POINT('',(0.727697606585,-3.608679565363,16.));
#2432 = CARTESIAN_POINT('',(0.671391934988,-3.53723777063,16.));
#2433 = CARTESIAN_POINT('',(0.620702038398,-3.486282991955,16.));
#2434 = CARTESIAN_POINT('',(0.563656739261,-3.440629514059,16.));
#2435 = CARTESIAN_POINT('',(0.500545686419,-3.400306890267,16.));
#2436 = CARTESIAN_POINT('',(0.431762695312,-3.365234375,16.));
#2437 = PCURVE('',#126,#2438);
#2438 = DEFINITIONAL_REPRESENTATION('',(#2439),#2450);
#2439 = B_SPLINE_CURVE_WITH_KNOTS('',5,(#2440,#2441,#2442,#2443,#2444,
    #2445,#2446,#2447,#2448,#2449),.UNSPECIFIED.,.F.,.F.,(6,4,6),(0.,
    0.21507722364,1.),.UNSPECIFIED.);
#2440 = CARTESIAN_POINT('',(39.771240234375,6.326049804688));
#2441 = CARTESIAN_POINT('',(39.761092936545,6.342930356217));
#2442 = CARTESIAN_POINT('',(39.750452615721,6.359438777621));
#2443 = CARTESIAN_POINT('',(39.739320220272,6.375570203549));
#2444 = CARTESIAN_POINT('',(39.727697606585,6.391320434637));
#2445 = CARTESIAN_POINT('',(39.671391934988,6.46276222937));
#2446 = CARTESIAN_POINT('',(39.620702038398,6.513717008045));
#2447 = CARTESIAN_POINT('',(39.563656739261,6.559370485941));
#2448 = CARTESIAN_POINT('',(39.500545686419,6.599693109733));
#2449 = CARTESIAN_POINT('',(39.431762695312,6.634765625));
#2450 = ( GEOMETRIC_REPRESENTATION_CONTEXT(2) 
PARAMETRIC_REPRESENTATION_CONTEXT() REPRESENTATION_CONTEXT('2D SPACE',''
  ) );
#2451 = PCURVE('',#2452,#2459);
#2452 = SURFACE_OF_LINEAR_EXTRUSION('',#2453,#2457);
#2453 = B_SPLINE_CURVE_WITH_KNOTS('',2,(#2454,#2455,#2456),
  .UNSPECIFIED.,.F.,.F.,(3,3),(0.,1.),.PIECEWISE_BEZIER_KNOTS.);
#2454 = CARTESIAN_POINT('',(0.431762695312,-3.365234375,15.95));
#2455 = CARTESIAN_POINT('',(0.653686523438,-3.478393554688,15.95));
#2456 = CARTESIAN_POINT('',(0.771240234375,-3.673950195312,15.95));
#2457 = VECTOR('',#2458,1.);
#2458 = DIRECTION('',(-0.,-0.,-1.));
#2459 = DEFINITIONAL_REPRESENTATION('',(#2460),#2471);
#2460 = B_SPLINE_CURVE_WITH_KNOTS('',5,(#2461,#2462,#2463,#2464,#2465,
    #2466,#2467,#2468,#2469,#2470),.UNSPECIFIED.,.F.,.F.,(6,4,6),(0.,
    0.21507722364,1.),.UNSPECIFIED.);
#2461 = CARTESIAN_POINT('',(1.,-5.E-02));
#2462 = CARTESIAN_POINT('',(0.95683973841,-5.E-02));
#2463 = CARTESIAN_POINT('',(0.913649829118,-5.E-02));
#2464 = CARTESIAN_POINT('',(0.870440006516,-5.E-02));
#2465 = CARTESIAN_POINT('',(0.827220093206,-5.E-02));
#2466 = CARTESIAN_POINT('',(0.626268581583,-5.E-02));
#2467 = CARTESIAN_POINT('',(0.468527522782,-5.E-02));
#2468 = CARTESIAN_POINT('',(0.311278688197,-5.E-02));
#2469 = CARTESIAN_POINT('',(0.154969819347,-5.E-02));
#2470 = CARTESIAN_POINT('',(0.,-5.E-02));
#2471 = ( GEOMETRIC_REPRESENTATION_CONTEXT(2) 
PARAMETRIC_REPRESENTATION_CONTEXT() REPRESENTATION_CONTEXT('2D SPACE',''
  ) );
#2472 = ORIENTED_EDGE('',*,*,#2473,.F.);
#2473 = EDGE_CURVE('',#2474,#2423,#2476,.T.);
#2474 = VERTEX_POINT('',#2475);
#2475 = CARTESIAN_POINT('',(0.888793945312,-4.089233398438,16.));
#2476 = SURFACE_CURVE('',#2477,(#2488,#2502),.PCURVE_S1.);
#2477 = B_SPLINE_CURVE_WITH_KNOTS('',5,(#2478,#2479,#2480,#2481,#2482,
    #2483,#2484,#2485,#2486,#2487),.UNSPECIFIED.,.F.,.F.,(6,4,6),(0.,
    0.368507974409,1.),.UNSPECIFIED.);
#2478 = CARTESIAN_POINT('',(0.888793945312,-4.089233398438,16.));
#2479 = CARTESIAN_POINT('',(0.888793945312,-4.056872862707,16.));
#2480 = CARTESIAN_POINT('',(0.887200355038,-4.024786887974,16.));
#2481 = CARTESIAN_POINT('',(0.884002627456,-3.99299499489,16.));
#2482 = CARTESIAN_POINT('',(0.879197243981,-3.961515636062,16.));
#2483 = CARTESIAN_POINT('',(0.861804053199,-3.876987098879,16.));
#2484 = CARTESIAN_POINT('',(0.846109572046,-3.824575923764,16.));
#2485 = CARTESIAN_POINT('',(0.825722287839,-3.773221600301,16.));
#2486 = CARTESIAN_POINT('',(0.800722078656,-3.722994758695,16.));
#2487 = CARTESIAN_POINT('',(0.771240234375,-3.673950195312,16.));
#2488 = PCURVE('',#126,#2489);
#2489 = DEFINITIONAL_REPRESENTATION('',(#2490),#2501);
#2490 = B_SPLINE_CURVE_WITH_KNOTS('',5,(#2491,#2492,#2493,#2494,#2495,
    #2496,#2497,#2498,#2499,#2500),.UNSPECIFIED.,.F.,.F.,(6,4,6),(0.,
    0.368507974409,1.),.UNSPECIFIED.);
#2491 = CARTESIAN_POINT('',(39.888793945312,5.910766601562));
#2492 = CARTESIAN_POINT('',(39.888793945312,5.943127137293));
#2493 = CARTESIAN_POINT('',(39.887200355038,5.975213112026));
#2494 = CARTESIAN_POINT('',(39.884002627456,6.00700500511));
#2495 = CARTESIAN_POINT('',(39.879197243981,6.038484363938));
#2496 = CARTESIAN_POINT('',(39.861804053199,6.123012901121));
#2497 = CARTESIAN_POINT('',(39.846109572046,6.175424076236));
#2498 = CARTESIAN_POINT('',(39.825722287839,6.226778399699));
#2499 = CARTESIAN_POINT('',(39.800722078656,6.277005241305));
#2500 = CARTESIAN_POINT('',(39.771240234375,6.326049804688));
#2501 = ( GEOMETRIC_REPRESENTATION_CONTEXT(2) 
PARAMETRIC_REPRESENTATION_CONTEXT() REPRESENTATION_CONTEXT('2D SPACE',''
  ) );
#2502 = PCURVE('',#2503,#2510);
#2503 = SURFACE_OF_LINEAR_EXTRUSION('',#2504,#2508);
#2504 = B_SPLINE_CURVE_WITH_KNOTS('',2,(#2505,#2506,#2507),
  .UNSPECIFIED.,.F.,.F.,(3,3),(0.,1.),.PIECEWISE_BEZIER_KNOTS.);
#2505 = CARTESIAN_POINT('',(0.771240234375,-3.673950195312,15.95));
#2506 = CARTESIAN_POINT('',(0.888793945312,-3.869506835938,15.95));
#2507 = CARTESIAN_POINT('',(0.888793945312,-4.089233398438,15.95));
#2508 = VECTOR('',#2509,1.);
#2509 = DIRECTION('',(-0.,-0.,-1.));
#2510 = DEFINITIONAL_REPRESENTATION('',(#2511),#2522);
#2511 = B_SPLINE_CURVE_WITH_KNOTS('',5,(#2512,#2513,#2514,#2515,#2516,
    #2517,#2518,#2519,#2520,#2521),.UNSPECIFIED.,.F.,.F.,(6,4,6),(0.,
    0.368507974409,1.),.UNSPECIFIED.);
#2512 = CARTESIAN_POINT('',(1.,-5.E-02));
#2513 = CARTESIAN_POINT('',(0.926361803138,-5.E-02));
#2514 = CARTESIAN_POINT('',(0.852602790027,-5.E-02));
#2515 = CARTESIAN_POINT('',(0.778762446344,-5.E-02));
#2516 = CARTESIAN_POINT('',(0.704881115773,-5.E-02));
#2517 = CARTESIAN_POINT('',(0.504393959718,-5.E-02));
#2518 = CARTESIAN_POINT('',(0.37778642272,-5.E-02));
#2519 = CARTESIAN_POINT('',(0.251388182808,-5.E-02));
#2520 = CARTESIAN_POINT('',(0.12539733559,-5.E-02));
#2521 = CARTESIAN_POINT('',(0.,-5.E-02));
#2522 = ( GEOMETRIC_REPRESENTATION_CONTEXT(2) 
PARAMETRIC_REPRESENTATION_CONTEXT() REPRESENTATION_CONTEXT('2D SPACE',''
  ) );
#2523 = ORIENTED_EDGE('',*,*,#2524,.F.);
#2524 = EDGE_CURVE('',#2525,#2474,#2527,.T.);
#2525 = VERTEX_POINT('',#2526);
#2526 = CARTESIAN_POINT('',(0.776733398438,-4.469360351562,16.));
#2527 = SURFACE_CURVE('',#2528,(#2537,#2549),.PCURVE_S1.);
#2528 = B_SPLINE_CURVE_WITH_KNOTS('',4,(#2529,#2530,#2531,#2532,#2533,
    #2534,#2535,#2536),.UNSPECIFIED.,.F.,.F.,(5,3,5),(0.,0.440768726873,
    1.),.UNSPECIFIED.);
#2529 = CARTESIAN_POINT('',(0.776733398438,-4.469360351562,16.));
#2530 = CARTESIAN_POINT('',(0.801365979553,-4.43168699221,16.));
#2531 = CARTESIAN_POINT('',(0.822465154585,-4.392693826563,16.));
#2532 = CARTESIAN_POINT('',(0.839943041389,-4.352420495453,16.));
#2533 = CARTESIAN_POINT('',(0.871329370164,-4.258294536939,16.));
#2534 = CARTESIAN_POINT('',(0.883016029955,-4.203700453376,16.));
#2535 = CARTESIAN_POINT('',(0.888793945312,-4.147286610545,16.));
#2536 = CARTESIAN_POINT('',(0.888793945312,-4.089233398438,16.));
#2537 = PCURVE('',#126,#2538);
#2538 = DEFINITIONAL_REPRESENTATION('',(#2539),#2548);
#2539 = B_SPLINE_CURVE_WITH_KNOTS('',4,(#2540,#2541,#2542,#2543,#2544,
    #2545,#2546,#2547),.UNSPECIFIED.,.F.,.F.,(5,3,5),(0.,0.440768726873,
    1.),.UNSPECIFIED.);
#2540 = CARTESIAN_POINT('',(39.776733398438,5.530639648438));
#2541 = CARTESIAN_POINT('',(39.801365979553,5.56831300779));
#2542 = CARTESIAN_POINT('',(39.822465154585,5.607306173437));
#2543 = CARTESIAN_POINT('',(39.839943041389,5.647579504547));
#2544 = CARTESIAN_POINT('',(39.871329370164,5.741705463061));
#2545 = CARTESIAN_POINT('',(39.883016029955,5.796299546624));
#2546 = CARTESIAN_POINT('',(39.888793945312,5.852713389455));
#2547 = CARTESIAN_POINT('',(39.888793945312,5.910766601562));
#2548 = ( GEOMETRIC_REPRESENTATION_CONTEXT(2) 
PARAMETRIC_REPRESENTATION_CONTEXT() REPRESENTATION_CONTEXT('2D SPACE',''
  ) );
#2549 = PCURVE('',#2550,#2557);
#2550 = SURFACE_OF_LINEAR_EXTRUSION('',#2551,#2555);
#2551 = B_SPLINE_CURVE_WITH_KNOTS('',2,(#2552,#2553,#2554),
  .UNSPECIFIED.,.F.,.F.,(3,3),(0.,1.),.PIECEWISE_BEZIER_KNOTS.);
#2552 = CARTESIAN_POINT('',(0.888793945312,-4.089233398438,15.95));
#2553 = CARTESIAN_POINT('',(0.888793945312,-4.297973632812,15.95));
#2554 = CARTESIAN_POINT('',(0.776733398438,-4.469360351562,15.95));
#2555 = VECTOR('',#2556,1.);
#2556 = DIRECTION('',(-0.,-0.,-1.));
#2557 = DEFINITIONAL_REPRESENTATION('',(#2558),#2567);
#2558 = B_SPLINE_CURVE_WITH_KNOTS('',4,(#2559,#2560,#2561,#2562,#2563,
    #2564,#2565,#2566),.UNSPECIFIED.,.F.,.F.,(5,3,5),(0.,0.440768726873,
    1.),.UNSPECIFIED.);
#2559 = CARTESIAN_POINT('',(1.,-5.E-02));
#2560 = CARTESIAN_POINT('',(0.890092535678,-5.E-02));
#2561 = CARTESIAN_POINT('',(0.779844925464,-5.E-02));
#2562 = CARTESIAN_POINT('',(0.669422290564,-5.E-02));
#2563 = CARTESIAN_POINT('',(0.418900228014,-5.E-02));
#2564 = CARTESIAN_POINT('',(0.278798735359,-5.E-02));
#2565 = CARTESIAN_POINT('',(0.139056115084,-5.E-02));
#2566 = CARTESIAN_POINT('',(0.,-5.E-02));
#2567 = ( GEOMETRIC_REPRESENTATION_CONTEXT(2) 
PARAMETRIC_REPRESENTATION_CONTEXT() REPRESENTATION_CONTEXT('2D SPACE',''
  ) );
#2568 = ORIENTED_EDGE('',*,*,#2569,.F.);
#2569 = EDGE_CURVE('',#2570,#2525,#2572,.T.);
#2570 = VERTEX_POINT('',#2571);
#2571 = CARTESIAN_POINT('',(0.444946289062,-4.741821289062,16.));
#2572 = SURFACE_CURVE('',#2573,(#2580,#2590),.PCURVE_S1.);
#2573 = B_SPLINE_CURVE_WITH_KNOTS('',5,(#2574,#2575,#2576,#2577,#2578,
    #2579),.UNSPECIFIED.,.F.,.F.,(6,6),(0.,1.),
  .PIECEWISE_BEZIER_KNOTS.);
#2574 = CARTESIAN_POINT('',(0.444946289062,-4.741821289062,16.));
#2575 = CARTESIAN_POINT('',(0.531244631633,-4.70212405148,16.));
#2576 = CARTESIAN_POINT('',(0.608309830342,-4.655120451205,16.));
#2577 = CARTESIAN_POINT('',(0.675272045415,-4.600596501605,16.));
#2578 = CARTESIAN_POINT('',(0.731489311243,-4.538557190802,16.));
#2579 = CARTESIAN_POINT('',(0.776733398438,-4.469360351562,16.));
#2580 = PCURVE('',#126,#2581);
#2581 = DEFINITIONAL_REPRESENTATION('',(#2582),#2589);
#2582 = B_SPLINE_CURVE_WITH_KNOTS('',5,(#2583,#2584,#2585,#2586,#2587,
    #2588),.UNSPECIFIED.,.F.,.F.,(6,6),(0.,1.),
  .PIECEWISE_BEZIER_KNOTS.);
#2583 = CARTESIAN_POINT('',(39.444946289062,5.258178710938));
#2584 = CARTESIAN_POINT('',(39.531244631633,5.29787594852));
#2585 = CARTESIAN_POINT('',(39.608309830342,5.344879548795));
#2586 = CARTESIAN_POINT('',(39.675272045415,5.399403498395));
#2587 = CARTESIAN_POINT('',(39.731489311243,5.461442809198));
#2588 = CARTESIAN_POINT('',(39.776733398438,5.530639648438));
#2589 = ( GEOMETRIC_REPRESENTATION_CONTEXT(2) 
PARAMETRIC_REPRESENTATION_CONTEXT() REPRESENTATION_CONTEXT('2D SPACE',''
  ) );
#2590 = PCURVE('',#2591,#2598);
#2591 = SURFACE_OF_LINEAR_EXTRUSION('',#2592,#2596);
#2592 = B_SPLINE_CURVE_WITH_KNOTS('',2,(#2593,#2594,#2595),
  .UNSPECIFIED.,.F.,.F.,(3,3),(0.,1.),.PIECEWISE_BEZIER_KNOTS.);
#2593 = CARTESIAN_POINT('',(0.776733398438,-4.469360351562,15.95));
#2594 = CARTESIAN_POINT('',(0.664672851562,-4.640747070312,15.95));
#2595 = CARTESIAN_POINT('',(0.444946289062,-4.741821289062,15.95));
#2596 = VECTOR('',#2597,1.);
#2597 = DIRECTION('',(-0.,-0.,-1.));
#2598 = DEFINITIONAL_REPRESENTATION('',(#2599),#2606);
#2599 = B_SPLINE_CURVE_WITH_KNOTS('',5,(#2600,#2601,#2602,#2603,#2604,
    #2605),.UNSPECIFIED.,.F.,.F.,(6,6),(0.,1.),
  .PIECEWISE_BEZIER_KNOTS.);
#2600 = CARTESIAN_POINT('',(1.,-5.E-02));
#2601 = CARTESIAN_POINT('',(0.803623327128,-5.E-02));
#2602 = CARTESIAN_POINT('',(0.6046368512,-5.E-02));
#2603 = CARTESIAN_POINT('',(0.4037644412,-5.E-02));
#2604 = CARTESIAN_POINT('',(0.201873399946,-5.E-02));
#2605 = CARTESIAN_POINT('',(0.,-5.E-02));
#2606 = ( GEOMETRIC_REPRESENTATION_CONTEXT(2) 
PARAMETRIC_REPRESENTATION_CONTEXT() REPRESENTATION_CONTEXT('2D SPACE',''
  ) );
#2607 = ORIENTED_EDGE('',*,*,#2608,.F.);
#2608 = EDGE_CURVE('',#2609,#2570,#2611,.T.);
#2609 = VERTEX_POINT('',#2610);
#2610 = CARTESIAN_POINT('',(0.888793945312,-5.015380859375,16.));
#2611 = SURFACE_CURVE('',#2612,(#2623,#2637),.PCURVE_S1.);
#2612 = B_SPLINE_CURVE_WITH_KNOTS('',5,(#2613,#2614,#2615,#2616,#2617,
    #2618,#2619,#2620,#2621,#2622),.UNSPECIFIED.,.F.,.F.,(6,4,6),(0.,
    0.254245135609,1.),.UNSPECIFIED.);
#2613 = CARTESIAN_POINT('',(0.888793945312,-5.015380859375,16.));
#2614 = CARTESIAN_POINT('',(0.872634204159,-4.994171199112,16.));
#2615 = CARTESIAN_POINT('',(0.855613338595,-4.973846225162,16.));
#2616 = CARTESIAN_POINT('',(0.837734934771,-4.954425793872,16.));
#2617 = CARTESIAN_POINT('',(0.819006996512,-4.935925436532,16.));
#2618 = CARTESIAN_POINT('',(0.742053503765,-4.866822532696,16.));
#2619 = CARTESIAN_POINT('',(0.67745553269,-4.823294446892,16.));
#2620 = CARTESIAN_POINT('',(0.605979087789,-4.788075383641,16.));
#2621 = CARTESIAN_POINT('',(0.528230755033,-4.76104078121,16.));
#2622 = CARTESIAN_POINT('',(0.444946289062,-4.741821289062,16.));
#2623 = PCURVE('',#126,#2624);
#2624 = DEFINITIONAL_REPRESENTATION('',(#2625),#2636);
#2625 = B_SPLINE_CURVE_WITH_KNOTS('',5,(#2626,#2627,#2628,#2629,#2630,
    #2631,#2632,#2633,#2634,#2635),.UNSPECIFIED.,.F.,.F.,(6,4,6),(0.,
    0.254245135609,1.),.UNSPECIFIED.);
#2626 = CARTESIAN_POINT('',(39.888793945312,4.984619140625));
#2627 = CARTESIAN_POINT('',(39.872634204159,5.005828800888));
#2628 = CARTESIAN_POINT('',(39.855613338595,5.026153774838));
#2629 = CARTESIAN_POINT('',(39.837734934771,5.045574206128));
#2630 = CARTESIAN_POINT('',(39.819006996512,5.064074563468));
#2631 = CARTESIAN_POINT('',(39.742053503765,5.133177467304));
#2632 = CARTESIAN_POINT('',(39.67745553269,5.176705553108));
#2633 = CARTESIAN_POINT('',(39.605979087789,5.211924616359));
#2634 = CARTESIAN_POINT('',(39.528230755033,5.23895921879));
#2635 = CARTESIAN_POINT('',(39.444946289062,5.258178710938));
#2636 = ( GEOMETRIC_REPRESENTATION_CONTEXT(2) 
PARAMETRIC_REPRESENTATION_CONTEXT() REPRESENTATION_CONTEXT('2D SPACE',''
  ) );
#2637 = PCURVE('',#2638,#2645);
#2638 = SURFACE_OF_LINEAR_EXTRUSION('',#2639,#2643);
#2639 = B_SPLINE_CURVE_WITH_KNOTS('',2,(#2640,#2641,#2642),
  .UNSPECIFIED.,.F.,.F.,(3,3),(0.,1.),.PIECEWISE_BEZIER_KNOTS.);
#2640 = CARTESIAN_POINT('',(0.444946289062,-4.741821289062,15.95));
#2641 = CARTESIAN_POINT('',(0.730590820312,-4.807739257812,15.95));
#2642 = CARTESIAN_POINT('',(0.888793945312,-5.015380859375,15.95));
#2643 = VECTOR('',#2644,1.);
#2644 = DIRECTION('',(-0.,-0.,-1.));
#2645 = DEFINITIONAL_REPRESENTATION('',(#2646),#2657);
#2646 = B_SPLINE_CURVE_WITH_KNOTS('',5,(#2647,#2648,#2649,#2650,#2651,
    #2652,#2653,#2654,#2655,#2656),.UNSPECIFIED.,.F.,.F.,(6,4,6),(0.,
    0.254245135609,1.),.UNSPECIFIED.);
#2647 = CARTESIAN_POINT('',(1.,-5.E-02));
#2648 = CARTESIAN_POINT('',(0.948927237837,-5.E-02));
#2649 = CARTESIAN_POINT('',(0.897759391876,-5.E-02));
#2650 = CARTESIAN_POINT('',(0.846527543954,-5.E-02));
#2651 = CARTESIAN_POINT('',(0.795263541994,-5.E-02));
#2652 = CARTESIAN_POINT('',(0.593633167156,-5.E-02));
#2653 = CARTESIAN_POINT('',(0.443251013726,-5.E-02));
#2654 = CARTESIAN_POINT('',(0.293728778612,-5.E-02));
#2655 = CARTESIAN_POINT('',(0.1457834071,-5.E-02));
#2656 = CARTESIAN_POINT('',(0.,-5.E-02));
#2657 = ( GEOMETRIC_REPRESENTATION_CONTEXT(2) 
PARAMETRIC_REPRESENTATION_CONTEXT() REPRESENTATION_CONTEXT('2D SPACE',''
  ) );
#2658 = ORIENTED_EDGE('',*,*,#2659,.F.);
#2659 = EDGE_CURVE('',#2660,#2609,#2662,.T.);
#2660 = VERTEX_POINT('',#2661);
#2661 = CARTESIAN_POINT('',(1.046997070312,-5.535034179688,16.));
#2662 = SURFACE_CURVE('',#2663,(#2674,#2688),.PCURVE_S1.);
#2663 = B_SPLINE_CURVE_WITH_KNOTS('',5,(#2664,#2665,#2666,#2667,#2668,
    #2669,#2670,#2671,#2672,#2673),.UNSPECIFIED.,.F.,.F.,(6,4,6),(0.,
    0.908253438072,1.),.UNSPECIFIED.);
#2664 = CARTESIAN_POINT('',(1.046997070312,-5.535034179688,16.));
#2665 = CARTESIAN_POINT('',(1.046997070312,-5.425110456646,16.));
#2666 = CARTESIAN_POINT('',(1.034724147931,-5.320978397215,16.));
#2667 = CARTESIAN_POINT('',(1.009151177082,-5.223881980573,16.));
#2668 = CARTESIAN_POINT('',(0.969702558803,-5.134959741854,16.));
#2669 = CARTESIAN_POINT('',(0.911512709083,-5.04681821209,16.));
#2670 = CARTESIAN_POINT('',(0.906037121329,-5.038821838489,16.));
#2671 = CARTESIAN_POINT('',(0.900425100863,-5.03091643293,16.));
#2672 = CARTESIAN_POINT('',(0.894677171667,-5.023102593965,16.));
#2673 = CARTESIAN_POINT('',(0.888793945312,-5.015380859375,16.));
#2674 = PCURVE('',#126,#2675);
#2675 = DEFINITIONAL_REPRESENTATION('',(#2676),#2687);
#2676 = B_SPLINE_CURVE_WITH_KNOTS('',5,(#2677,#2678,#2679,#2680,#2681,
    #2682,#2683,#2684,#2685,#2686),.UNSPECIFIED.,.F.,.F.,(6,4,6),(0.,
    0.908253438072,1.),.UNSPECIFIED.);
#2677 = CARTESIAN_POINT('',(40.046997070312,4.464965820312));
#2678 = CARTESIAN_POINT('',(40.046997070312,4.574889543354));
#2679 = CARTESIAN_POINT('',(40.034724147931,4.679021602785));
#2680 = CARTESIAN_POINT('',(40.009151177082,4.776118019427));
#2681 = CARTESIAN_POINT('',(39.969702558803,4.865040258146));
#2682 = CARTESIAN_POINT('',(39.911512709083,4.95318178791));
#2683 = CARTESIAN_POINT('',(39.906037121329,4.961178161511));
#2684 = CARTESIAN_POINT('',(39.900425100863,4.96908356707));
#2685 = CARTESIAN_POINT('',(39.894677171667,4.976897406035));
#2686 = CARTESIAN_POINT('',(39.888793945312,4.984619140625));
#2687 = ( GEOMETRIC_REPRESENTATION_CONTEXT(2) 
PARAMETRIC_REPRESENTATION_CONTEXT() REPRESENTATION_CONTEXT('2D SPACE',''
  ) );
#2688 = PCURVE('',#2689,#2696);
#2689 = SURFACE_OF_LINEAR_EXTRUSION('',#2690,#2694);
#2690 = B_SPLINE_CURVE_WITH_KNOTS('',2,(#2691,#2692,#2693),
  .UNSPECIFIED.,.F.,.F.,(3,3),(0.,1.),.PIECEWISE_BEZIER_KNOTS.);
#2691 = CARTESIAN_POINT('',(0.888793945312,-5.015380859375,15.95));
#2692 = CARTESIAN_POINT('',(1.046997070312,-5.223022460938,15.95));
#2693 = CARTESIAN_POINT('',(1.046997070312,-5.535034179688,15.95));
#2694 = VECTOR('',#2695,1.);
#2695 = DIRECTION('',(-0.,-0.,-1.));
#2696 = DEFINITIONAL_REPRESENTATION('',(#2697),#2708);
#2697 = B_SPLINE_CURVE_WITH_KNOTS('',5,(#2698,#2699,#2700,#2701,#2702,
    #2703,#2704,#2705,#2706,#2707),.UNSPECIFIED.,.F.,.F.,(6,4,6),(0.,
    0.908253438072,1.),.UNSPECIFIED.);
#2698 = CARTESIAN_POINT('',(1.,-5.E-02));
#2699 = CARTESIAN_POINT('',(0.823846803765,-5.E-02));
#2700 = CARTESIAN_POINT('',(0.643999746245,-5.E-02));
#2701 = CARTESIAN_POINT('',(0.4613664236,-5.E-02));
#2702 = CARTESIAN_POINT('',(0.277162815328,-5.E-02));
#2703 = CARTESIAN_POINT('',(7.439692685659E-02,-5.E-02));
#2704 = CARTESIAN_POINT('',(5.57938747518E-02,-5.E-02));
#2705 = CARTESIAN_POINT('',(3.719236161206E-02,-5.E-02));
#2706 = CARTESIAN_POINT('',(1.859390057711E-02,-5.E-02));
#2707 = CARTESIAN_POINT('',(0.,-5.E-02));
#2708 = ( GEOMETRIC_REPRESENTATION_CONTEXT(2) 
PARAMETRIC_REPRESENTATION_CONTEXT() REPRESENTATION_CONTEXT('2D SPACE',''
  ) );
#2709 = ORIENTED_EDGE('',*,*,#2710,.F.);
#2710 = EDGE_CURVE('',#2711,#2660,#2713,.T.);
#2711 = VERTEX_POINT('',#2712);
#2712 = CARTESIAN_POINT('',(0.739379882812,-6.250244140625,16.));
#2713 = SURFACE_CURVE('',#2714,(#2725,#2739),.PCURVE_S1.);
#2714 = B_SPLINE_CURVE_WITH_KNOTS('',5,(#2715,#2716,#2717,#2718,#2719,
    #2720,#2721,#2722,#2723,#2724),.UNSPECIFIED.,.F.,.F.,(6,4,6),(0.,
    0.512271367701,1.),.UNSPECIFIED.);
#2715 = CARTESIAN_POINT('',(0.739379882812,-6.250244140625,16.));
#2716 = CARTESIAN_POINT('',(0.800935747435,-6.19154622686,16.));
#2717 = CARTESIAN_POINT('',(0.855822442382,-6.128649755866,16.));
#2718 = CARTESIAN_POINT('',(0.903254845,-6.061597778843,16.));
#2719 = CARTESIAN_POINT('',(0.942628581525,-5.990605289601,16.));
#2720 = CARTESIAN_POINT('',(1.003360652941,-5.845307008906,16.));
#2721 = CARTESIAN_POINT('',(1.025499849653,-5.771303526019,16.));
#2722 = CARTESIAN_POINT('',(1.039974478746,-5.694589182551,16.));
#2723 = CARTESIAN_POINT('',(1.046997070312,-5.61566224649,16.));
#2724 = CARTESIAN_POINT('',(1.046997070312,-5.535034179688,16.));
#2725 = PCURVE('',#126,#2726);
#2726 = DEFINITIONAL_REPRESENTATION('',(#2727),#2738);
#2727 = B_SPLINE_CURVE_WITH_KNOTS('',5,(#2728,#2729,#2730,#2731,#2732,
    #2733,#2734,#2735,#2736,#2737),.UNSPECIFIED.,.F.,.F.,(6,4,6),(0.,
    0.512271367701,1.),.UNSPECIFIED.);
#2728 = CARTESIAN_POINT('',(39.739379882812,3.749755859375));
#2729 = CARTESIAN_POINT('',(39.800935747435,3.80845377314));
#2730 = CARTESIAN_POINT('',(39.855822442382,3.871350244134));
#2731 = CARTESIAN_POINT('',(39.903254845,3.938402221157));
#2732 = CARTESIAN_POINT('',(39.942628581525,4.009394710399));
#2733 = CARTESIAN_POINT('',(40.003360652941,4.154692991094));
#2734 = CARTESIAN_POINT('',(40.025499849653,4.228696473981));
#2735 = CARTESIAN_POINT('',(40.039974478746,4.305410817449));
#2736 = CARTESIAN_POINT('',(40.046997070312,4.38433775351));
#2737 = CARTESIAN_POINT('',(40.046997070312,4.464965820312));
#2738 = ( GEOMETRIC_REPRESENTATION_CONTEXT(2) 
PARAMETRIC_REPRESENTATION_CONTEXT() REPRESENTATION_CONTEXT('2D SPACE',''
  ) );
#2739 = PCURVE('',#2740,#2747);
#2740 = SURFACE_OF_LINEAR_EXTRUSION('',#2741,#2745);
#2741 = B_SPLINE_CURVE_WITH_KNOTS('',2,(#2742,#2743,#2744),
  .UNSPECIFIED.,.F.,.F.,(3,3),(0.,1.),.PIECEWISE_BEZIER_KNOTS.);
#2742 = CARTESIAN_POINT('',(1.046997070312,-5.535034179688,15.95));
#2743 = CARTESIAN_POINT('',(1.046997070312,-5.956909179688,15.95));
#2744 = CARTESIAN_POINT('',(0.739379882812,-6.250244140625,15.95));
#2745 = VECTOR('',#2746,1.);
#2746 = DIRECTION('',(-0.,-0.,-1.));
#2747 = DEFINITIONAL_REPRESENTATION('',(#2748),#2759);
#2748 = B_SPLINE_CURVE_WITH_KNOTS('',5,(#2749,#2750,#2751,#2752,#2753,
    #2754,#2755,#2756,#2757,#2758),.UNSPECIFIED.,.F.,.F.,(6,4,6),(0.,
    0.512271367701,1.),.UNSPECIFIED.);
#2749 = CARTESIAN_POINT('',(1.,-5.E-02));
#2750 = CARTESIAN_POINT('',(0.899947293059,-5.E-02));
#2751 = CARTESIAN_POINT('',(0.798221345176,-5.E-02));
#2752 = CARTESIAN_POINT('',(0.695262002646,-5.E-02));
#2753 = CARTESIAN_POINT('',(0.591623381858,-5.E-02));
#2754 = CARTESIAN_POINT('',(0.389341176778,-5.E-02));
#2755 = CARTESIAN_POINT('',(0.290669171598,-5.E-02));
#2756 = CARTESIAN_POINT('',(0.192580080487,-5.E-02));
#2757 = CARTESIAN_POINT('',(9.555919028475E-02,-5.E-02));
#2758 = CARTESIAN_POINT('',(0.,-5.E-02));
#2759 = ( GEOMETRIC_REPRESENTATION_CONTEXT(2) 
PARAMETRIC_REPRESENTATION_CONTEXT() REPRESENTATION_CONTEXT('2D SPACE',''
  ) );
#2760 = ORIENTED_EDGE('',*,*,#2761,.F.);
#2761 = EDGE_CURVE('',#2762,#2711,#2764,.T.);
#2762 = VERTEX_POINT('',#2763);
#2763 = CARTESIAN_POINT('',(-3.84521484375E-02,-6.543579101562,16.));
#2764 = SURFACE_CURVE('',#2765,(#2778,#2794),.PCURVE_S1.);
#2765 = B_SPLINE_CURVE_WITH_KNOTS('',6,(#2766,#2767,#2768,#2769,#2770,
    #2771,#2772,#2773,#2774,#2775,#2776,#2777),.UNSPECIFIED.,.F.,.F.,(7,
    5,7),(0.,0.683358665806,1.),.UNSPECIFIED.);
#2766 = CARTESIAN_POINT('',(-3.84521484375E-02,-6.543579101562,16.));
#2767 = CARTESIAN_POINT('',(6.410445899211E-02,-6.543579101562,16.));
#2768 = CARTESIAN_POINT('',(0.164241079502,-6.535206645763,16.));
#2769 = CARTESIAN_POINT('',(0.26121856713,-6.517782229739,16.));
#2770 = CARTESIAN_POINT('',(0.354273747975,-6.490797371791,16.));
#2771 = CARTESIAN_POINT('',(0.442684735363,-6.454068740365,16.));
#2772 = CARTESIAN_POINT('',(0.56439263432,-6.38656725535,16.));
#2773 = CARTESIAN_POINT('',(0.601810863479,-6.363172307546,16.));
#2774 = CARTESIAN_POINT('',(0.638054140856,-6.337786717219,16.));
#2775 = CARTESIAN_POINT('',(0.673080908119,-6.310458734086,16.));
#2776 = CARTESIAN_POINT('',(0.706862119427,-6.28125215071,16.));
#2777 = CARTESIAN_POINT('',(0.739379882812,-6.250244140625,16.));
#2778 = PCURVE('',#126,#2779);
#2779 = DEFINITIONAL_REPRESENTATION('',(#2780),#2793);
#2780 = B_SPLINE_CURVE_WITH_KNOTS('',6,(#2781,#2782,#2783,#2784,#2785,
    #2786,#2787,#2788,#2789,#2790,#2791,#2792),.UNSPECIFIED.,.F.,.F.,(7,
    5,7),(0.,0.683358665806,1.),.UNSPECIFIED.);
#2781 = CARTESIAN_POINT('',(38.961547851562,3.456420898438));
#2782 = CARTESIAN_POINT('',(39.064104458992,3.456420898438));
#2783 = CARTESIAN_POINT('',(39.164241079502,3.464793354237));
#2784 = CARTESIAN_POINT('',(39.26121856713,3.482217770261));
#2785 = CARTESIAN_POINT('',(39.354273747975,3.509202628209));
#2786 = CARTESIAN_POINT('',(39.442684735363,3.545931259635));
#2787 = CARTESIAN_POINT('',(39.56439263432,3.61343274465));
#2788 = CARTESIAN_POINT('',(39.601810863479,3.636827692454));
#2789 = CARTESIAN_POINT('',(39.638054140856,3.662213282781));
#2790 = CARTESIAN_POINT('',(39.673080908119,3.689541265914));
#2791 = CARTESIAN_POINT('',(39.706862119427,3.71874784929));
#2792 = CARTESIAN_POINT('',(39.739379882812,3.749755859375));
#2793 = ( GEOMETRIC_REPRESENTATION_CONTEXT(2) 
PARAMETRIC_REPRESENTATION_CONTEXT() REPRESENTATION_CONTEXT('2D SPACE',''
  ) );
#2794 = PCURVE('',#2795,#2802);
#2795 = SURFACE_OF_LINEAR_EXTRUSION('',#2796,#2800);
#2796 = B_SPLINE_CURVE_WITH_KNOTS('',2,(#2797,#2798,#2799),
  .UNSPECIFIED.,.F.,.F.,(3,3),(0.,1.),.PIECEWISE_BEZIER_KNOTS.);
#2797 = CARTESIAN_POINT('',(0.739379882812,-6.250244140625,15.95));
#2798 = CARTESIAN_POINT('',(0.431762695312,-6.543579101562,15.95));
#2799 = CARTESIAN_POINT('',(-3.84521484375E-02,-6.543579101562,15.95));
#2800 = VECTOR('',#2801,1.);
#2801 = DIRECTION('',(-0.,-0.,-1.));
#2802 = DEFINITIONAL_REPRESENTATION('',(#2803),#2816);
#2803 = B_SPLINE_CURVE_WITH_KNOTS('',6,(#2804,#2805,#2806,#2807,#2808,
    #2809,#2810,#2811,#2812,#2813,#2814,#2815),.UNSPECIFIED.,.F.,.F.,(7,
    5,7),(0.,0.683358665806,1.),.UNSPECIFIED.);
#2804 = CARTESIAN_POINT('',(1.,-5.E-02));
#2805 = CARTESIAN_POINT('',(0.890947075797,-5.E-02));
#2806 = CARTESIAN_POINT('',(0.779532545043,-5.E-02));
#2807 = CARTESIAN_POINT('',(0.666141861145,-5.E-02));
#2808 = CARTESIAN_POINT('',(0.551286831504,-5.E-02));
#2809 = CARTESIAN_POINT('',(0.435627010683,-5.E-02));
#2810 = CARTESIAN_POINT('',(0.266423023862,-5.E-02));
#2811 = CARTESIAN_POINT('',(0.21284515847,-5.E-02));
#2812 = CARTESIAN_POINT('',(0.15934334817,-5.E-02));
#2813 = CARTESIAN_POINT('',(0.105990223052,-5.E-02));
#2814 = CARTESIAN_POINT('',(5.285426937557E-02,-5.E-02));
#2815 = CARTESIAN_POINT('',(0.,-5.E-02));
#2816 = ( GEOMETRIC_REPRESENTATION_CONTEXT(2) 
PARAMETRIC_REPRESENTATION_CONTEXT() REPRESENTATION_CONTEXT('2D SPACE',''
  ) );
#2817 = ORIENTED_EDGE('',*,*,#2818,.F.);
#2818 = EDGE_CURVE('',#2819,#2762,#2821,.T.);
#2819 = VERTEX_POINT('',#2820);
#2820 = CARTESIAN_POINT('',(-0.74267578125,-6.290893554688,16.));
#2821 = SURFACE_CURVE('',#2822,(#2833,#2847),.PCURVE_S1.);
#2822 = B_SPLINE_CURVE_WITH_KNOTS('',5,(#2823,#2824,#2825,#2826,#2827,
    #2828,#2829,#2830,#2831,#2832),.UNSPECIFIED.,.F.,.F.,(6,4,6),(0.,
    0.274864896955,1.),.UNSPECIFIED.);
#2823 = CARTESIAN_POINT('',(-0.74267578125,-6.290893554688,16.));
#2824 = CARTESIAN_POINT('',(-0.711696838389,-6.318835346288,16.));
#2825 = CARTESIAN_POINT('',(-0.67948932112,-6.344962344641,16.));
#2826 = CARTESIAN_POINT('',(-0.646075222451,-6.369205062758,16.));
#2827 = CARTESIAN_POINT('',(-0.611491252477,-6.391513705374,16.));
#2828 = CARTESIAN_POINT('',(-0.481600478887,-6.465529935882,16.));
#2829 = CARTESIAN_POINT('',(-0.379597410199,-6.505549434138,16.));
#2830 = CARTESIAN_POINT('',(-0.270808523657,-6.531312502662,16.));
#2831 = CARTESIAN_POINT('',(-0.156635708677,-6.543579101562,16.));
#2832 = CARTESIAN_POINT('',(-3.84521484375E-02,-6.543579101562,16.));
#2833 = PCURVE('',#126,#2834);
#2834 = DEFINITIONAL_REPRESENTATION('',(#2835),#2846);
#2835 = B_SPLINE_CURVE_WITH_KNOTS('',5,(#2836,#2837,#2838,#2839,#2840,
    #2841,#2842,#2843,#2844,#2845),.UNSPECIFIED.,.F.,.F.,(6,4,6),(0.,
    0.274864896955,1.),.UNSPECIFIED.);
#2836 = CARTESIAN_POINT('',(38.25732421875,3.709106445312));
#2837 = CARTESIAN_POINT('',(38.288303161611,3.681164653712));
#2838 = CARTESIAN_POINT('',(38.32051067888,3.655037655359));
#2839 = CARTESIAN_POINT('',(38.353924777549,3.630794937242));
#2840 = CARTESIAN_POINT('',(38.388508747523,3.608486294626));
#2841 = CARTESIAN_POINT('',(38.518399521113,3.534470064118));
#2842 = CARTESIAN_POINT('',(38.620402589801,3.494450565862));
#2843 = CARTESIAN_POINT('',(38.729191476343,3.468687497338));
#2844 = CARTESIAN_POINT('',(38.843364291323,3.456420898438));
#2845 = CARTESIAN_POINT('',(38.961547851562,3.456420898438));
#2846 = ( GEOMETRIC_REPRESENTATION_CONTEXT(2) 
PARAMETRIC_REPRESENTATION_CONTEXT() REPRESENTATION_CONTEXT('2D SPACE',''
  ) );
#2847 = PCURVE('',#2848,#2855);
#2848 = SURFACE_OF_LINEAR_EXTRUSION('',#2849,#2853);
#2849 = B_SPLINE_CURVE_WITH_KNOTS('',2,(#2850,#2851,#2852),
  .UNSPECIFIED.,.F.,.F.,(3,3),(0.,1.),.PIECEWISE_BEZIER_KNOTS.);
#2850 = CARTESIAN_POINT('',(-3.84521484375E-02,-6.543579101562,15.95));
#2851 = CARTESIAN_POINT('',(-0.462524414062,-6.543579101562,15.95));
#2852 = CARTESIAN_POINT('',(-0.74267578125,-6.290893554688,15.95));
#2853 = VECTOR('',#2854,1.);
#2854 = DIRECTION('',(-0.,-0.,-1.));
#2855 = DEFINITIONAL_REPRESENTATION('',(#2856),#2867);
#2856 = B_SPLINE_CURVE_WITH_KNOTS('',5,(#2857,#2858,#2859,#2860,#2861,
    #2862,#2863,#2864,#2865,#2866),.UNSPECIFIED.,.F.,.F.,(6,4,6),(0.,
    0.274864896955,1.),.UNSPECIFIED.);
#2857 = CARTESIAN_POINT('',(1.,-5.E-02));
#2858 = CARTESIAN_POINT('',(0.944710348601,-5.E-02));
#2859 = CARTESIAN_POINT('',(0.889190864563,-5.E-02));
#2860 = CARTESIAN_POINT('',(0.83351414209,-5.E-02));
#2861 = CARTESIAN_POINT('',(0.777756903656,-5.E-02));
#2862 = CARTESIAN_POINT('',(0.574904868807,-5.E-02));
#2863 = CARTESIAN_POINT('',(0.427763929599,-5.E-02));
#2864 = CARTESIAN_POINT('',(0.282196010786,-5.E-02));
#2865 = CARTESIAN_POINT('',(0.139343656517,-5.E-02));
#2866 = CARTESIAN_POINT('',(0.,-5.E-02));
#2867 = ( GEOMETRIC_REPRESENTATION_CONTEXT(2) 
PARAMETRIC_REPRESENTATION_CONTEXT() REPRESENTATION_CONTEXT('2D SPACE',''
  ) );
#2868 = ORIENTED_EDGE('',*,*,#2869,.F.);
#2869 = EDGE_CURVE('',#1517,#2819,#2870,.T.);
#2870 = SURFACE_CURVE('',#2871,(#2882,#2896),.PCURVE_S1.);
#2871 = B_SPLINE_CURVE_WITH_KNOTS('',5,(#2872,#2873,#2874,#2875,#2876,
    #2877,#2878,#2879,#2880,#2881),.UNSPECIFIED.,.F.,.F.,(6,4,6),(0.,
    0.632070682382,1.),.UNSPECIFIED.);
#2872 = CARTESIAN_POINT('',(-1.062377929688,-5.636108398438,16.));
#2873 = CARTESIAN_POINT('',(-1.052672019733,-5.734785149644,16.));
#2874 = CARTESIAN_POINT('',(-1.033725299221,-5.829714592338,16.));
#2875 = CARTESIAN_POINT('',(-1.004896665142,-5.919995212359,16.));
#2876 = CARTESIAN_POINT('',(-0.965875610444,-6.004777469987,16.));
#2877 = CARTESIAN_POINT('',(-0.888627861021,-6.12924771841,16.));
#2878 = CARTESIAN_POINT('',(-0.856879874888,-6.172980664074,16.));
#2879 = CARTESIAN_POINT('',(-0.821876483215,-6.214534891959,16.));
#2880 = CARTESIAN_POINT('',(-0.783749417401,-6.25384674561,16.));
#2881 = CARTESIAN_POINT('',(-0.74267578125,-6.290893554688,16.));
#2882 = PCURVE('',#126,#2883);
#2883 = DEFINITIONAL_REPRESENTATION('',(#2884),#2895);
#2884 = B_SPLINE_CURVE_WITH_KNOTS('',5,(#2885,#2886,#2887,#2888,#2889,
    #2890,#2891,#2892,#2893,#2894),.UNSPECIFIED.,.F.,.F.,(6,4,6),(0.,
    0.632070682382,1.),.UNSPECIFIED.);
#2885 = CARTESIAN_POINT('',(37.937622070312,4.363891601562));
#2886 = CARTESIAN_POINT('',(37.947327980267,4.265214850356));
#2887 = CARTESIAN_POINT('',(37.966274700779,4.170285407662));
#2888 = CARTESIAN_POINT('',(37.995103334858,4.080004787641));
#2889 = CARTESIAN_POINT('',(38.034124389556,3.995222530013));
#2890 = CARTESIAN_POINT('',(38.111372138979,3.87075228159));
#2891 = CARTESIAN_POINT('',(38.143120125112,3.827019335926));
#2892 = CARTESIAN_POINT('',(38.178123516785,3.785465108041));
#2893 = CARTESIAN_POINT('',(38.216250582599,3.74615325439));
#2894 = CARTESIAN_POINT('',(38.25732421875,3.709106445312));
#2895 = ( GEOMETRIC_REPRESENTATION_CONTEXT(2) 
PARAMETRIC_REPRESENTATION_CONTEXT() REPRESENTATION_CONTEXT('2D SPACE',''
  ) );
#2896 = PCURVE('',#2897,#2904);
#2897 = SURFACE_OF_LINEAR_EXTRUSION('',#2898,#2902);
#2898 = B_SPLINE_CURVE_WITH_KNOTS('',2,(#2899,#2900,#2901),
  .UNSPECIFIED.,.F.,.F.,(3,3),(0.,1.),.PIECEWISE_BEZIER_KNOTS.);
#2899 = CARTESIAN_POINT('',(-0.74267578125,-6.290893554688,15.95));
#2900 = CARTESIAN_POINT('',(-1.022827148438,-6.038208007812,15.95));
#2901 = CARTESIAN_POINT('',(-1.062377929688,-5.636108398438,15.95));
#2902 = VECTOR('',#2903,1.);
#2903 = DIRECTION('',(-0.,-0.,-1.));
#2904 = DEFINITIONAL_REPRESENTATION('',(#2905),#2916);
#2905 = B_SPLINE_CURVE_WITH_KNOTS('',5,(#2906,#2907,#2908,#2909,#2910,
    #2911,#2912,#2913,#2914,#2915),.UNSPECIFIED.,.F.,.F.,(6,4,6),(0.,
    0.632070682382,1.),.UNSPECIFIED.);
#2906 = CARTESIAN_POINT('',(1.,-5.E-02));
#2907 = CARTESIAN_POINT('',(0.877298126005,-5.E-02));
#2908 = CARTESIAN_POINT('',(0.75226269228,-5.E-02));
#2909 = CARTESIAN_POINT('',(0.62548361268,-5.E-02));
#2910 = CARTESIAN_POINT('',(0.497730483786,-5.E-02));
#2911 = CARTESIAN_POINT('',(0.29564788868,-5.E-02));
#2912 = CARTESIAN_POINT('',(0.221293054249,-5.E-02));
#2913 = CARTESIAN_POINT('',(0.147122319301,-5.E-02));
#2914 = CARTESIAN_POINT('',(7.330614974986E-02,-5.E-02));
#2915 = CARTESIAN_POINT('',(0.,-5.E-02));
#2916 = ( GEOMETRIC_REPRESENTATION_CONTEXT(2) 
PARAMETRIC_REPRESENTATION_CONTEXT() REPRESENTATION_CONTEXT('2D SPACE',''
  ) );
#2917 = FACE_BOUND('',#2918,.T.);
#2918 = EDGE_LOOP('',(#2919,#2947,#2973,#2999,#3025,#3051,#3077,#3103,
    #3129,#3155,#3181));
#2919 = ORIENTED_EDGE('',*,*,#2920,.F.);
#2920 = EDGE_CURVE('',#2921,#2923,#2925,.T.);
#2921 = VERTEX_POINT('',#2922);
#2922 = CARTESIAN_POINT('',(15.203247070312,-6.486450195312,16.));
#2923 = VERTEX_POINT('',#2924);
#2924 = CARTESIAN_POINT('',(15.598754882812,-6.486450195312,16.));
#2925 = SURFACE_CURVE('',#2926,(#2930,#2936),.PCURVE_S1.);
#2926 = LINE('',#2927,#2928);
#2927 = CARTESIAN_POINT('',(-11.70062255859,-6.486450195312,16.));
#2928 = VECTOR('',#2929,1.);
#2929 = DIRECTION('',(1.,0.,-0.));
#2930 = PCURVE('',#126,#2931);
#2931 = DEFINITIONAL_REPRESENTATION('',(#2932),#2935);
#2932 = B_SPLINE_CURVE_WITH_KNOTS('',1,(#2933,#2934),.UNSPECIFIED.,.F.,
  .F.,(2,2),(26.903869628906,27.299377441406),.PIECEWISE_BEZIER_KNOTS.);
#2933 = CARTESIAN_POINT('',(54.203247070312,3.513549804688));
#2934 = CARTESIAN_POINT('',(54.598754882812,3.513549804688));
#2935 = ( GEOMETRIC_REPRESENTATION_CONTEXT(2) 
PARAMETRIC_REPRESENTATION_CONTEXT() REPRESENTATION_CONTEXT('2D SPACE',''
  ) );
#2936 = PCURVE('',#2937,#2942);
#2937 = PLANE('',#2938);
#2938 = AXIS2_PLACEMENT_3D('',#2939,#2940,#2941);
#2939 = CARTESIAN_POINT('',(15.598754882812,-6.486450195312,15.95));
#2940 = DIRECTION('',(0.,-1.,0.));
#2941 = DIRECTION('',(-1.,0.,0.));
#2942 = DEFINITIONAL_REPRESENTATION('',(#2943),#2946);
#2943 = B_SPLINE_CURVE_WITH_KNOTS('',1,(#2944,#2945),.UNSPECIFIED.,.F.,
  .F.,(2,2),(26.903869628906,27.299377441406),.PIECEWISE_BEZIER_KNOTS.);
#2944 = CARTESIAN_POINT('',(0.3955078125,-5.E-02));
#2945 = CARTESIAN_POINT('',(0.,-5.E-02));
#2946 = ( GEOMETRIC_REPRESENTATION_CONTEXT(2) 
PARAMETRIC_REPRESENTATION_CONTEXT() REPRESENTATION_CONTEXT('2D SPACE',''
  ) );
#2947 = ORIENTED_EDGE('',*,*,#2948,.F.);
#2948 = EDGE_CURVE('',#2949,#2921,#2951,.T.);
#2949 = VERTEX_POINT('',#2950);
#2950 = CARTESIAN_POINT('',(15.203247070312,-5.715209960938,16.));
#2951 = SURFACE_CURVE('',#2952,(#2956,#2962),.PCURVE_S1.);
#2952 = LINE('',#2953,#2954);
#2953 = CARTESIAN_POINT('',(15.203247070312,-8.243225097656,16.));
#2954 = VECTOR('',#2955,1.);
#2955 = DIRECTION('',(0.,-1.,0.));
#2956 = PCURVE('',#126,#2957);
#2957 = DEFINITIONAL_REPRESENTATION('',(#2958),#2961);
#2958 = B_SPLINE_CURVE_WITH_KNOTS('',1,(#2959,#2960),.UNSPECIFIED.,.F.,
  .F.,(2,2),(-2.528015136719,-1.756774902344),.PIECEWISE_BEZIER_KNOTS.);
#2959 = CARTESIAN_POINT('',(54.203247070312,4.284790039062));
#2960 = CARTESIAN_POINT('',(54.203247070312,3.513549804688));
#2961 = ( GEOMETRIC_REPRESENTATION_CONTEXT(2) 
PARAMETRIC_REPRESENTATION_CONTEXT() REPRESENTATION_CONTEXT('2D SPACE',''
  ) );
#2962 = PCURVE('',#2963,#2968);
#2963 = PLANE('',#2964);
#2964 = AXIS2_PLACEMENT_3D('',#2965,#2966,#2967);
#2965 = CARTESIAN_POINT('',(15.203247070312,-6.486450195312,15.95));
#2966 = DIRECTION('',(-1.,0.,0.));
#2967 = DIRECTION('',(0.,1.,0.));
#2968 = DEFINITIONAL_REPRESENTATION('',(#2969),#2972);
#2969 = B_SPLINE_CURVE_WITH_KNOTS('',1,(#2970,#2971),.UNSPECIFIED.,.F.,
  .F.,(2,2),(-2.528015136719,-1.756774902344),.PIECEWISE_BEZIER_KNOTS.);
#2970 = CARTESIAN_POINT('',(0.771240234375,-5.E-02));
#2971 = CARTESIAN_POINT('',(0.,-5.E-02));
#2972 = ( GEOMETRIC_REPRESENTATION_CONTEXT(2) 
PARAMETRIC_REPRESENTATION_CONTEXT() REPRESENTATION_CONTEXT('2D SPACE',''
  ) );
#2973 = ORIENTED_EDGE('',*,*,#2974,.F.);
#2974 = EDGE_CURVE('',#2975,#2949,#2977,.T.);
#2975 = VERTEX_POINT('',#2976);
#2976 = CARTESIAN_POINT('',(13.805786132812,-5.715209960938,16.));
#2977 = SURFACE_CURVE('',#2978,(#2982,#2988),.PCURVE_S1.);
#2978 = LINE('',#2979,#2980);
#2979 = CARTESIAN_POINT('',(-11.89837646484,-5.715209960938,16.));
#2980 = VECTOR('',#2981,1.);
#2981 = DIRECTION('',(1.,0.,-0.));
#2982 = PCURVE('',#126,#2983);
#2983 = DEFINITIONAL_REPRESENTATION('',(#2984),#2987);
#2984 = B_SPLINE_CURVE_WITH_KNOTS('',1,(#2985,#2986),.UNSPECIFIED.,.F.,
  .F.,(2,2),(25.704162597656,27.101623535156),.PIECEWISE_BEZIER_KNOTS.);
#2985 = CARTESIAN_POINT('',(52.805786132812,4.284790039062));
#2986 = CARTESIAN_POINT('',(54.203247070312,4.284790039062));
#2987 = ( GEOMETRIC_REPRESENTATION_CONTEXT(2) 
PARAMETRIC_REPRESENTATION_CONTEXT() REPRESENTATION_CONTEXT('2D SPACE',''
  ) );
#2988 = PCURVE('',#2989,#2994);
#2989 = PLANE('',#2990);
#2990 = AXIS2_PLACEMENT_3D('',#2991,#2992,#2993);
#2991 = CARTESIAN_POINT('',(15.203247070312,-5.715209960938,15.95));
#2992 = DIRECTION('',(0.,-1.,0.));
#2993 = DIRECTION('',(-1.,0.,0.));
#2994 = DEFINITIONAL_REPRESENTATION('',(#2995),#2998);
#2995 = B_SPLINE_CURVE_WITH_KNOTS('',1,(#2996,#2997),.UNSPECIFIED.,.F.,
  .F.,(2,2),(25.704162597656,27.101623535156),.PIECEWISE_BEZIER_KNOTS.);
#2996 = CARTESIAN_POINT('',(1.3974609375,-5.E-02));
#2997 = CARTESIAN_POINT('',(0.,-5.E-02));
#2998 = ( GEOMETRIC_REPRESENTATION_CONTEXT(2) 
PARAMETRIC_REPRESENTATION_CONTEXT() REPRESENTATION_CONTEXT('2D SPACE',''
  ) );
#2999 = ORIENTED_EDGE('',*,*,#3000,.F.);
#3000 = EDGE_CURVE('',#3001,#2975,#3003,.T.);
#3001 = VERTEX_POINT('',#3002);
#3002 = CARTESIAN_POINT('',(13.805786132812,-5.352661132812,16.));
#3003 = SURFACE_CURVE('',#3004,(#3008,#3014),.PCURVE_S1.);
#3004 = LINE('',#3005,#3006);
#3005 = CARTESIAN_POINT('',(13.805786132812,-7.857604980469,16.));
#3006 = VECTOR('',#3007,1.);
#3007 = DIRECTION('',(0.,-1.,0.));
#3008 = PCURVE('',#126,#3009);
#3009 = DEFINITIONAL_REPRESENTATION('',(#3010),#3013);
#3010 = B_SPLINE_CURVE_WITH_KNOTS('',1,(#3011,#3012),.UNSPECIFIED.,.F.,
  .F.,(2,2),(-2.504943847656,-2.142395019531),.PIECEWISE_BEZIER_KNOTS.);
#3011 = CARTESIAN_POINT('',(52.805786132812,4.647338867188));
#3012 = CARTESIAN_POINT('',(52.805786132812,4.284790039062));
#3013 = ( GEOMETRIC_REPRESENTATION_CONTEXT(2) 
PARAMETRIC_REPRESENTATION_CONTEXT() REPRESENTATION_CONTEXT('2D SPACE',''
  ) );
#3014 = PCURVE('',#3015,#3020);
#3015 = PLANE('',#3016);
#3016 = AXIS2_PLACEMENT_3D('',#3017,#3018,#3019);
#3017 = CARTESIAN_POINT('',(13.805786132812,-5.715209960938,15.95));
#3018 = DIRECTION('',(-1.,0.,0.));
#3019 = DIRECTION('',(0.,1.,0.));
#3020 = DEFINITIONAL_REPRESENTATION('',(#3021),#3024);
#3021 = B_SPLINE_CURVE_WITH_KNOTS('',1,(#3022,#3023),.UNSPECIFIED.,.F.,
  .F.,(2,2),(-2.504943847656,-2.142395019531),.PIECEWISE_BEZIER_KNOTS.);
#3022 = CARTESIAN_POINT('',(0.362548828125,-5.E-02));
#3023 = CARTESIAN_POINT('',(0.,-5.E-02));
#3024 = ( GEOMETRIC_REPRESENTATION_CONTEXT(2) 
PARAMETRIC_REPRESENTATION_CONTEXT() REPRESENTATION_CONTEXT('2D SPACE',''
  ) );
#3025 = ORIENTED_EDGE('',*,*,#3026,.F.);
#3026 = EDGE_CURVE('',#3027,#3001,#3029,.T.);
#3027 = VERTEX_POINT('',#3028);
#3028 = CARTESIAN_POINT('',(15.275756835938,-3.265258789062,16.));
#3029 = SURFACE_CURVE('',#3030,(#3034,#3040),.PCURVE_S1.);
#3030 = LINE('',#3031,#3032);
#3031 = CARTESIAN_POINT('',(3.959035999141,-19.33534069482,16.));
#3032 = VECTOR('',#3033,1.);
#3033 = DIRECTION('',(-0.575770516134,-0.817611345781,0.));
#3034 = PCURVE('',#126,#3035);
#3035 = DEFINITIONAL_REPRESENTATION('',(#3036),#3039);
#3036 = B_SPLINE_CURVE_WITH_KNOTS('',1,(#3037,#3038),.UNSPECIFIED.,.F.,
  .F.,(2,2),(-19.65491549093,-17.10186586103),.PIECEWISE_BEZIER_KNOTS.);
#3037 = CARTESIAN_POINT('',(54.275756835938,6.734741210938));
#3038 = CARTESIAN_POINT('',(52.805786132813,4.647338867188));
#3039 = ( GEOMETRIC_REPRESENTATION_CONTEXT(2) 
PARAMETRIC_REPRESENTATION_CONTEXT() REPRESENTATION_CONTEXT('2D SPACE',''
  ) );
#3040 = PCURVE('',#3041,#3046);
#3041 = PLANE('',#3042);
#3042 = AXIS2_PLACEMENT_3D('',#3043,#3044,#3045);
#3043 = CARTESIAN_POINT('',(13.805786132812,-5.352661132812,15.95));
#3044 = DIRECTION('',(-0.817611345781,0.575770516134,0.));
#3045 = DIRECTION('',(0.575770516134,0.817611345781,0.));
#3046 = DEFINITIONAL_REPRESENTATION('',(#3047),#3050);
#3047 = B_SPLINE_CURVE_WITH_KNOTS('',1,(#3048,#3049),.UNSPECIFIED.,.F.,
  .F.,(2,2),(-19.65491549093,-17.10186586103),.PIECEWISE_BEZIER_KNOTS.);
#3048 = CARTESIAN_POINT('',(2.553049629901,-5.E-02));
#3049 = CARTESIAN_POINT('',(0.,-5.E-02));
#3050 = ( GEOMETRIC_REPRESENTATION_CONTEXT(2) 
PARAMETRIC_REPRESENTATION_CONTEXT() REPRESENTATION_CONTEXT('2D SPACE',''
  ) );
#3051 = ORIENTED_EDGE('',*,*,#3052,.F.);
#3052 = EDGE_CURVE('',#3053,#3027,#3055,.T.);
#3053 = VERTEX_POINT('',#3054);
#3054 = CARTESIAN_POINT('',(15.598754882812,-3.265258789062,16.));
#3055 = SURFACE_CURVE('',#3056,(#3060,#3066),.PCURVE_S1.);
#3056 = LINE('',#3057,#3058);
#3057 = CARTESIAN_POINT('',(-11.86212158203,-3.265258789062,16.));
#3058 = VECTOR('',#3059,1.);
#3059 = DIRECTION('',(-1.,0.,0.));
#3060 = PCURVE('',#126,#3061);
#3061 = DEFINITIONAL_REPRESENTATION('',(#3062),#3065);
#3062 = B_SPLINE_CURVE_WITH_KNOTS('',1,(#3063,#3064),.UNSPECIFIED.,.F.,
  .F.,(2,2),(-27.46087646484,-27.13787841796),.PIECEWISE_BEZIER_KNOTS.);
#3063 = CARTESIAN_POINT('',(54.598754882812,6.734741210938));
#3064 = CARTESIAN_POINT('',(54.275756835938,6.734741210938));
#3065 = ( GEOMETRIC_REPRESENTATION_CONTEXT(2) 
PARAMETRIC_REPRESENTATION_CONTEXT() REPRESENTATION_CONTEXT('2D SPACE',''
  ) );
#3066 = PCURVE('',#3067,#3072);
#3067 = PLANE('',#3068);
#3068 = AXIS2_PLACEMENT_3D('',#3069,#3070,#3071);
#3069 = CARTESIAN_POINT('',(15.275756835938,-3.265258789062,15.95));
#3070 = DIRECTION('',(0.,1.,0.));
#3071 = DIRECTION('',(1.,0.,0.));
#3072 = DEFINITIONAL_REPRESENTATION('',(#3073),#3076);
#3073 = B_SPLINE_CURVE_WITH_KNOTS('',1,(#3074,#3075),.UNSPECIFIED.,.F.,
  .F.,(2,2),(-27.46087646484,-27.13787841796),.PIECEWISE_BEZIER_KNOTS.);
#3074 = CARTESIAN_POINT('',(0.322998046875,-5.E-02));
#3075 = CARTESIAN_POINT('',(0.,-5.E-02));
#3076 = ( GEOMETRIC_REPRESENTATION_CONTEXT(2) 
PARAMETRIC_REPRESENTATION_CONTEXT() REPRESENTATION_CONTEXT('2D SPACE',''
  ) );
#3077 = ORIENTED_EDGE('',*,*,#3078,.F.);
#3078 = EDGE_CURVE('',#3079,#3053,#3081,.T.);
#3079 = VERTEX_POINT('',#3080);
#3080 = CARTESIAN_POINT('',(15.598754882812,-5.352661132812,16.));
#3081 = SURFACE_CURVE('',#3082,(#3086,#3092),.PCURVE_S1.);
#3082 = LINE('',#3083,#3084);
#3083 = CARTESIAN_POINT('',(15.598754882812,-6.632629394531,16.));
#3084 = VECTOR('',#3085,1.);
#3085 = DIRECTION('',(0.,1.,0.));
#3086 = PCURVE('',#126,#3087);
#3087 = DEFINITIONAL_REPRESENTATION('',(#3088),#3091);
#3088 = B_SPLINE_CURVE_WITH_KNOTS('',1,(#3089,#3090),.UNSPECIFIED.,.F.,
  .F.,(2,2),(1.279968261719,3.367370605469),.PIECEWISE_BEZIER_KNOTS.);
#3089 = CARTESIAN_POINT('',(54.598754882812,4.647338867188));
#3090 = CARTESIAN_POINT('',(54.598754882812,6.734741210938));
#3091 = ( GEOMETRIC_REPRESENTATION_CONTEXT(2) 
PARAMETRIC_REPRESENTATION_CONTEXT() REPRESENTATION_CONTEXT('2D SPACE',''
  ) );
#3092 = PCURVE('',#3093,#3098);
#3093 = PLANE('',#3094);
#3094 = AXIS2_PLACEMENT_3D('',#3095,#3096,#3097);
#3095 = CARTESIAN_POINT('',(15.598754882812,-3.265258789062,15.95));
#3096 = DIRECTION('',(1.,0.,0.));
#3097 = DIRECTION('',(0.,-1.,0.));
#3098 = DEFINITIONAL_REPRESENTATION('',(#3099),#3102);
#3099 = B_SPLINE_CURVE_WITH_KNOTS('',1,(#3100,#3101),.UNSPECIFIED.,.F.,
  .F.,(2,2),(1.279968261719,3.367370605469),.PIECEWISE_BEZIER_KNOTS.);
#3100 = CARTESIAN_POINT('',(2.08740234375,-5.E-02));
#3101 = CARTESIAN_POINT('',(0.,-5.E-02));
#3102 = ( GEOMETRIC_REPRESENTATION_CONTEXT(2) 
PARAMETRIC_REPRESENTATION_CONTEXT() REPRESENTATION_CONTEXT('2D SPACE',''
  ) );
#3103 = ORIENTED_EDGE('',*,*,#3104,.F.);
#3104 = EDGE_CURVE('',#3105,#3079,#3107,.T.);
#3105 = VERTEX_POINT('',#3106);
#3106 = CARTESIAN_POINT('',(16.033813476562,-5.352661132812,16.));
#3107 = SURFACE_CURVE('',#3108,(#3112,#3118),.PCURVE_S1.);
#3108 = LINE('',#3109,#3110);
#3109 = CARTESIAN_POINT('',(-11.70062255859,-5.352661132812,16.));
#3110 = VECTOR('',#3111,1.);
#3111 = DIRECTION('',(-1.,0.,0.));
#3112 = PCURVE('',#126,#3113);
#3113 = DEFINITIONAL_REPRESENTATION('',(#3114),#3117);
#3114 = B_SPLINE_CURVE_WITH_KNOTS('',1,(#3115,#3116),.UNSPECIFIED.,.F.,
  .F.,(2,2),(-27.73443603515,-27.2993774414),.PIECEWISE_BEZIER_KNOTS.);
#3115 = CARTESIAN_POINT('',(55.033813476562,4.647338867188));
#3116 = CARTESIAN_POINT('',(54.598754882812,4.647338867188));
#3117 = ( GEOMETRIC_REPRESENTATION_CONTEXT(2) 
PARAMETRIC_REPRESENTATION_CONTEXT() REPRESENTATION_CONTEXT('2D SPACE',''
  ) );
#3118 = PCURVE('',#3119,#3124);
#3119 = PLANE('',#3120);
#3120 = AXIS2_PLACEMENT_3D('',#3121,#3122,#3123);
#3121 = CARTESIAN_POINT('',(15.598754882812,-5.352661132812,15.95));
#3122 = DIRECTION('',(0.,1.,0.));
#3123 = DIRECTION('',(1.,0.,0.));
#3124 = DEFINITIONAL_REPRESENTATION('',(#3125),#3128);
#3125 = B_SPLINE_CURVE_WITH_KNOTS('',1,(#3126,#3127),.UNSPECIFIED.,.F.,
  .F.,(2,2),(-27.73443603515,-27.2993774414),.PIECEWISE_BEZIER_KNOTS.);
#3126 = CARTESIAN_POINT('',(0.43505859375,-5.E-02));
#3127 = CARTESIAN_POINT('',(0.,-5.E-02));
#3128 = ( GEOMETRIC_REPRESENTATION_CONTEXT(2) 
PARAMETRIC_REPRESENTATION_CONTEXT() REPRESENTATION_CONTEXT('2D SPACE',''
  ) );
#3129 = ORIENTED_EDGE('',*,*,#3130,.F.);
#3130 = EDGE_CURVE('',#3131,#3105,#3133,.T.);
#3131 = VERTEX_POINT('',#3132);
#3132 = CARTESIAN_POINT('',(16.033813476562,-5.715209960938,16.));
#3133 = SURFACE_CURVE('',#3134,(#3138,#3144),.PCURVE_S1.);
#3134 = LINE('',#3135,#3136);
#3135 = CARTESIAN_POINT('',(16.033813476562,-7.676330566406,16.));
#3136 = VECTOR('',#3137,1.);
#3137 = DIRECTION('',(0.,1.,0.));
#3138 = PCURVE('',#126,#3139);
#3139 = DEFINITIONAL_REPRESENTATION('',(#3140),#3143);
#3140 = B_SPLINE_CURVE_WITH_KNOTS('',1,(#3141,#3142),.UNSPECIFIED.,.F.,
  .F.,(2,2),(1.961120605469,2.323669433594),.PIECEWISE_BEZIER_KNOTS.);
#3141 = CARTESIAN_POINT('',(55.033813476562,4.284790039062));
#3142 = CARTESIAN_POINT('',(55.033813476562,4.647338867188));
#3143 = ( GEOMETRIC_REPRESENTATION_CONTEXT(2) 
PARAMETRIC_REPRESENTATION_CONTEXT() REPRESENTATION_CONTEXT('2D SPACE',''
  ) );
#3144 = PCURVE('',#3145,#3150);
#3145 = PLANE('',#3146);
#3146 = AXIS2_PLACEMENT_3D('',#3147,#3148,#3149);
#3147 = CARTESIAN_POINT('',(16.033813476562,-5.352661132812,15.95));
#3148 = DIRECTION('',(1.,0.,0.));
#3149 = DIRECTION('',(0.,-1.,0.));
#3150 = DEFINITIONAL_REPRESENTATION('',(#3151),#3154);
#3151 = B_SPLINE_CURVE_WITH_KNOTS('',1,(#3152,#3153),.UNSPECIFIED.,.F.,
  .F.,(2,2),(1.961120605469,2.323669433594),.PIECEWISE_BEZIER_KNOTS.);
#3152 = CARTESIAN_POINT('',(0.362548828125,-5.E-02));
#3153 = CARTESIAN_POINT('',(0.,-5.E-02));
#3154 = ( GEOMETRIC_REPRESENTATION_CONTEXT(2) 
PARAMETRIC_REPRESENTATION_CONTEXT() REPRESENTATION_CONTEXT('2D SPACE',''
  ) );
#3155 = ORIENTED_EDGE('',*,*,#3156,.F.);
#3156 = EDGE_CURVE('',#3157,#3131,#3159,.T.);
#3157 = VERTEX_POINT('',#3158);
#3158 = CARTESIAN_POINT('',(15.598754882812,-5.715209960938,16.));
#3159 = SURFACE_CURVE('',#3160,(#3164,#3170),.PCURVE_S1.);
#3160 = LINE('',#3161,#3162);
#3161 = CARTESIAN_POINT('',(-11.48309326171,-5.715209960938,16.));
#3162 = VECTOR('',#3163,1.);
#3163 = DIRECTION('',(1.,0.,-0.));
#3164 = PCURVE('',#126,#3165);
#3165 = DEFINITIONAL_REPRESENTATION('',(#3166),#3169);
#3166 = B_SPLINE_CURVE_WITH_KNOTS('',1,(#3167,#3168),.UNSPECIFIED.,.F.,
  .F.,(2,2),(27.081848144531,27.516906738281),.PIECEWISE_BEZIER_KNOTS.);
#3167 = CARTESIAN_POINT('',(54.598754882812,4.284790039062));
#3168 = CARTESIAN_POINT('',(55.033813476562,4.284790039062));
#3169 = ( GEOMETRIC_REPRESENTATION_CONTEXT(2) 
PARAMETRIC_REPRESENTATION_CONTEXT() REPRESENTATION_CONTEXT('2D SPACE',''
  ) );
#3170 = PCURVE('',#3171,#3176);
#3171 = PLANE('',#3172);
#3172 = AXIS2_PLACEMENT_3D('',#3173,#3174,#3175);
#3173 = CARTESIAN_POINT('',(16.033813476562,-5.715209960938,15.95));
#3174 = DIRECTION('',(0.,-1.,0.));
#3175 = DIRECTION('',(-1.,0.,0.));
#3176 = DEFINITIONAL_REPRESENTATION('',(#3177),#3180);
#3177 = B_SPLINE_CURVE_WITH_KNOTS('',1,(#3178,#3179),.UNSPECIFIED.,.F.,
  .F.,(2,2),(27.081848144531,27.516906738281),.PIECEWISE_BEZIER_KNOTS.);
#3178 = CARTESIAN_POINT('',(0.43505859375,-5.E-02));
#3179 = CARTESIAN_POINT('',(0.,-5.E-02));
#3180 = ( GEOMETRIC_REPRESENTATION_CONTEXT(2) 
PARAMETRIC_REPRESENTATION_CONTEXT() REPRESENTATION_CONTEXT('2D SPACE',''
  ) );
#3181 = ORIENTED_EDGE('',*,*,#3182,.F.);
#3182 = EDGE_CURVE('',#2923,#3157,#3183,.T.);
#3183 = SURFACE_CURVE('',#3184,(#3188,#3194),.PCURVE_S1.);
#3184 = LINE('',#3185,#3186);
#3185 = CARTESIAN_POINT('',(15.598754882812,-7.857604980469,16.));
#3186 = VECTOR('',#3187,1.);
#3187 = DIRECTION('',(0.,1.,0.));
#3188 = PCURVE('',#126,#3189);
#3189 = DEFINITIONAL_REPRESENTATION('',(#3190),#3193);
#3190 = B_SPLINE_CURVE_WITH_KNOTS('',1,(#3191,#3192),.UNSPECIFIED.,.F.,
  .F.,(2,2),(1.371154785156,2.142395019531),.PIECEWISE_BEZIER_KNOTS.);
#3191 = CARTESIAN_POINT('',(54.598754882812,3.513549804688));
#3192 = CARTESIAN_POINT('',(54.598754882812,4.284790039062));
#3193 = ( GEOMETRIC_REPRESENTATION_CONTEXT(2) 
PARAMETRIC_REPRESENTATION_CONTEXT() REPRESENTATION_CONTEXT('2D SPACE',''
  ) );
#3194 = PCURVE('',#3195,#3200);
#3195 = PLANE('',#3196);
#3196 = AXIS2_PLACEMENT_3D('',#3197,#3198,#3199);
#3197 = CARTESIAN_POINT('',(15.598754882812,-5.715209960938,15.95));
#3198 = DIRECTION('',(1.,0.,0.));
#3199 = DIRECTION('',(0.,-1.,0.));
#3200 = DEFINITIONAL_REPRESENTATION('',(#3201),#3204);
#3201 = B_SPLINE_CURVE_WITH_KNOTS('',1,(#3202,#3203),.UNSPECIFIED.,.F.,
  .F.,(2,2),(1.371154785156,2.142395019531),.PIECEWISE_BEZIER_KNOTS.);
#3202 = CARTESIAN_POINT('',(0.771240234375,-5.E-02));
#3203 = CARTESIAN_POINT('',(0.,-5.E-02));
#3204 = ( GEOMETRIC_REPRESENTATION_CONTEXT(2) 
PARAMETRIC_REPRESENTATION_CONTEXT() REPRESENTATION_CONTEXT('2D SPACE',''
  ) );
#3205 = FACE_BOUND('',#3206,.T.);
#3206 = EDGE_LOOP('',(#3207,#3235,#3277,#3328,#3379,#3436,#3493,#3544,
    #3595,#3646,#3672,#3698,#3724,#3750,#3776,#3802,#3853,#3904,#3961,
    #4012,#4075,#4132));
#3207 = ORIENTED_EDGE('',*,*,#3208,.F.);
#3208 = EDGE_CURVE('',#3209,#3211,#3213,.T.);
#3209 = VERTEX_POINT('',#3210);
#3210 = CARTESIAN_POINT('',(29.350708007812,-5.607543945312,16.));
#3211 = VERTEX_POINT('',#3212);
#3212 = CARTESIAN_POINT('',(28.935424804688,-5.642700195312,16.));
#3213 = SURFACE_CURVE('',#3214,(#3218,#3224),.PCURVE_S1.);
#3214 = LINE('',#3215,#3216);
#3215 = CARTESIAN_POINT('',(-4.973708586891,-8.513314662324,16.));
#3216 = VECTOR('',#3217,1.);
#3217 = DIRECTION('',(-0.996435819697,-8.43543551066E-02,0.));
#3218 = PCURVE('',#126,#3219);
#3219 = DEFINITIONAL_REPRESENTATION('',(#3220),#3223);
#3220 = B_SPLINE_CURVE_WITH_KNOTS('',1,(#3221,#3222),.UNSPECIFIED.,.F.,
  .F.,(2,2),(-34.44719260007,-34.03042395836),.PIECEWISE_BEZIER_KNOTS.);
#3221 = CARTESIAN_POINT('',(68.350708007812,4.392456054687));
#3222 = CARTESIAN_POINT('',(67.935424804688,4.357299804687));
#3223 = ( GEOMETRIC_REPRESENTATION_CONTEXT(2) 
PARAMETRIC_REPRESENTATION_CONTEXT() REPRESENTATION_CONTEXT('2D SPACE',''
  ) );
#3224 = PCURVE('',#3225,#3230);
#3225 = PLANE('',#3226);
#3226 = AXIS2_PLACEMENT_3D('',#3227,#3228,#3229);
#3227 = CARTESIAN_POINT('',(28.935424804688,-5.642700195312,15.95));
#3228 = DIRECTION('',(-8.43543551066E-02,0.996435819697,0.));
#3229 = DIRECTION('',(0.996435819697,8.43543551066E-02,0.));
#3230 = DEFINITIONAL_REPRESENTATION('',(#3231),#3234);
#3231 = B_SPLINE_CURVE_WITH_KNOTS('',1,(#3232,#3233),.UNSPECIFIED.,.F.,
  .F.,(2,2),(-34.44719260007,-34.03042395836),.PIECEWISE_BEZIER_KNOTS.);
#3232 = CARTESIAN_POINT('',(0.416768641709,-5.E-02));
#3233 = CARTESIAN_POINT('',(0.,-5.E-02));
#3234 = ( GEOMETRIC_REPRESENTATION_CONTEXT(2) 
PARAMETRIC_REPRESENTATION_CONTEXT() REPRESENTATION_CONTEXT('2D SPACE',''
  ) );
#3235 = ORIENTED_EDGE('',*,*,#3236,.F.);
#3236 = EDGE_CURVE('',#3237,#3209,#3239,.T.);
#3237 = VERTEX_POINT('',#3238);
#3238 = CARTESIAN_POINT('',(29.56494140625,-6.0634765625,16.));
#3239 = SURFACE_CURVE('',#3240,(#3248,#3259),.PCURVE_S1.);
#3240 = B_SPLINE_CURVE_WITH_KNOTS('',6,(#3241,#3242,#3243,#3244,#3245,
    #3246,#3247),.UNSPECIFIED.,.F.,.F.,(7,7),(0.,1.),
  .PIECEWISE_BEZIER_KNOTS.);
#3241 = CARTESIAN_POINT('',(29.56494140625,-6.0634765625,16.));
#3242 = CARTESIAN_POINT('',(29.50754825353,-6.011335070813,16.));
#3243 = CARTESIAN_POINT('',(29.458769166544,-5.948741633513,16.));
#3244 = CARTESIAN_POINT('',(29.41897204911,-5.876129862281,16.));
#3245 = CARTESIAN_POINT('',(29.388014368899,-5.794353115864,16.));
#3246 = CARTESIAN_POINT('',(29.36545627927,-5.70446115775,16.));
#3247 = CARTESIAN_POINT('',(29.350708007812,-5.607543945312,16.));
#3248 = PCURVE('',#126,#3249);
#3249 = DEFINITIONAL_REPRESENTATION('',(#3250),#3258);
#3250 = B_SPLINE_CURVE_WITH_KNOTS('',6,(#3251,#3252,#3253,#3254,#3255,
    #3256,#3257),.UNSPECIFIED.,.F.,.F.,(7,7),(0.,1.),
  .PIECEWISE_BEZIER_KNOTS.);
#3251 = CARTESIAN_POINT('',(68.56494140625,3.9365234375));
#3252 = CARTESIAN_POINT('',(68.50754825353,3.988664929187));
#3253 = CARTESIAN_POINT('',(68.458769166544,4.051258366487));
#3254 = CARTESIAN_POINT('',(68.41897204911,4.123870137719));
#3255 = CARTESIAN_POINT('',(68.388014368899,4.205646884136));
#3256 = CARTESIAN_POINT('',(68.36545627927,4.29553884225));
#3257 = CARTESIAN_POINT('',(68.350708007812,4.392456054688));
#3258 = ( GEOMETRIC_REPRESENTATION_CONTEXT(2) 
PARAMETRIC_REPRESENTATION_CONTEXT() REPRESENTATION_CONTEXT('2D SPACE',''
  ) );
#3259 = PCURVE('',#3260,#3267);
#3260 = SURFACE_OF_LINEAR_EXTRUSION('',#3261,#3265);
#3261 = B_SPLINE_CURVE_WITH_KNOTS('',2,(#3262,#3263,#3264),
  .UNSPECIFIED.,.F.,.F.,(3,3),(0.,1.),.PIECEWISE_BEZIER_KNOTS.);
#3262 = CARTESIAN_POINT('',(29.350708007812,-5.607543945312,15.95));
#3263 = CARTESIAN_POINT('',(29.396850585938,-5.910766601562,15.95));
#3264 = CARTESIAN_POINT('',(29.56494140625,-6.0634765625,15.95));
#3265 = VECTOR('',#3266,1.);
#3266 = DIRECTION('',(-0.,-0.,-1.));
#3267 = DEFINITIONAL_REPRESENTATION('',(#3268),#3276);
#3268 = B_SPLINE_CURVE_WITH_KNOTS('',6,(#3269,#3270,#3271,#3272,#3273,
    #3274,#3275),.UNSPECIFIED.,.F.,.F.,(7,7),(0.,1.),
  .PIECEWISE_BEZIER_KNOTS.);
#3269 = CARTESIAN_POINT('',(1.,-5.E-02));
#3270 = CARTESIAN_POINT('',(0.829279336571,-5.E-02));
#3271 = CARTESIAN_POINT('',(0.658808315688,-5.E-02));
#3272 = CARTESIAN_POINT('',(0.489819248168,-5.E-02));
#3273 = CARTESIAN_POINT('',(0.323252570555,-5.E-02));
#3274 = CARTESIAN_POINT('',(0.159811957385,-5.E-02));
#3275 = CARTESIAN_POINT('',(0.,-5.E-02));
#3276 = ( GEOMETRIC_REPRESENTATION_CONTEXT(2) 
PARAMETRIC_REPRESENTATION_CONTEXT() REPRESENTATION_CONTEXT('2D SPACE',''
  ) );
#3277 = ORIENTED_EDGE('',*,*,#3278,.F.);
#3278 = EDGE_CURVE('',#3279,#3237,#3281,.T.);
#3279 = VERTEX_POINT('',#3280);
#3280 = CARTESIAN_POINT('',(29.970336914062,-6.216186523438,16.));
#3281 = SURFACE_CURVE('',#3282,(#3293,#3307),.PCURVE_S1.);
#3282 = B_SPLINE_CURVE_WITH_KNOTS('',5,(#3283,#3284,#3285,#3286,#3287,
    #3288,#3289,#3290,#3291,#3292),.UNSPECIFIED.,.F.,.F.,(6,4,6),(0.,
    0.584639101116,1.),.UNSPECIFIED.);
#3283 = CARTESIAN_POINT('',(29.970336914062,-6.216186523438,16.));
#3284 = CARTESIAN_POINT('',(29.915485539294,-6.216186523438,16.));
#3285 = CARTESIAN_POINT('',(29.862518160884,-6.211087246719,16.));
#3286 = CARTESIAN_POINT('',(29.811635397954,-6.200729753009,16.));
#3287 = CARTESIAN_POINT('',(29.763009427886,-6.185048605736,16.));
#3288 = CARTESIAN_POINT('',(29.68392032138,-6.149223545975,16.));
#3289 = CARTESIAN_POINT('',(29.652273810869,-6.131685717297,16.));
#3290 = CARTESIAN_POINT('',(29.621877048416,-6.111511920464,16.));
#3291 = CARTESIAN_POINT('',(29.592760908972,-6.08875048981,16.));
#3292 = CARTESIAN_POINT('',(29.56494140625,-6.0634765625,16.));
#3293 = PCURVE('',#126,#3294);
#3294 = DEFINITIONAL_REPRESENTATION('',(#3295),#3306);
#3295 = B_SPLINE_CURVE_WITH_KNOTS('',5,(#3296,#3297,#3298,#3299,#3300,
    #3301,#3302,#3303,#3304,#3305),.UNSPECIFIED.,.F.,.F.,(6,4,6),(0.,
    0.584639101116,1.),.UNSPECIFIED.);
#3296 = CARTESIAN_POINT('',(68.970336914062,3.783813476562));
#3297 = CARTESIAN_POINT('',(68.915485539294,3.783813476562));
#3298 = CARTESIAN_POINT('',(68.862518160884,3.788912753281));
#3299 = CARTESIAN_POINT('',(68.811635397954,3.799270246991));
#3300 = CARTESIAN_POINT('',(68.763009427886,3.814951394264));
#3301 = CARTESIAN_POINT('',(68.68392032138,3.850776454025));
#3302 = CARTESIAN_POINT('',(68.652273810869,3.868314282703));
#3303 = CARTESIAN_POINT('',(68.621877048416,3.888488079536));
#3304 = CARTESIAN_POINT('',(68.592760908972,3.91124951019));
#3305 = CARTESIAN_POINT('',(68.56494140625,3.9365234375));
#3306 = ( GEOMETRIC_REPRESENTATION_CONTEXT(2) 
PARAMETRIC_REPRESENTATION_CONTEXT() REPRESENTATION_CONTEXT('2D SPACE',''
  ) );
#3307 = PCURVE('',#3308,#3315);
#3308 = SURFACE_OF_LINEAR_EXTRUSION('',#3309,#3313);
#3309 = B_SPLINE_CURVE_WITH_KNOTS('',2,(#3310,#3311,#3312),
  .UNSPECIFIED.,.F.,.F.,(3,3),(0.,1.),.PIECEWISE_BEZIER_KNOTS.);
#3310 = CARTESIAN_POINT('',(29.56494140625,-6.0634765625,15.95));
#3311 = CARTESIAN_POINT('',(29.733032226562,-6.216186523438,15.95));
#3312 = CARTESIAN_POINT('',(29.970336914062,-6.216186523438,15.95));
#3313 = VECTOR('',#3314,1.);
#3314 = DIRECTION('',(-0.,-0.,-1.));
#3315 = DEFINITIONAL_REPRESENTATION('',(#3316),#3327);
#3316 = B_SPLINE_CURVE_WITH_KNOTS('',5,(#3317,#3318,#3319,#3320,#3321,
    #3322,#3323,#3324,#3325,#3326),.UNSPECIFIED.,.F.,.F.,(6,4,6),(0.,
    0.584639101116,1.),.UNSPECIFIED.);
#3317 = CARTESIAN_POINT('',(1.,-5.E-02));
#3318 = CARTESIAN_POINT('',(0.884428379088,-5.E-02));
#3319 = CARTESIAN_POINT('',(0.767956677738,-5.E-02));
#3320 = CARTESIAN_POINT('',(0.650855816521,-5.E-02));
#3321 = CARTESIAN_POINT('',(0.533426082553,-5.E-02));
#3322 = CARTESIAN_POINT('',(0.3325738263,-5.E-02));
#3323 = CARTESIAN_POINT('',(0.249146669896,-5.E-02));
#3324 = CARTESIAN_POINT('',(0.165835458689,-5.E-02));
#3325 = CARTESIAN_POINT('',(8.275140388533E-02,-5.E-02));
#3326 = CARTESIAN_POINT('',(0.,-5.E-02));
#3327 = ( GEOMETRIC_REPRESENTATION_CONTEXT(2) 
PARAMETRIC_REPRESENTATION_CONTEXT() REPRESENTATION_CONTEXT('2D SPACE',''
  ) );
#3328 = ORIENTED_EDGE('',*,*,#3329,.F.);
#3329 = EDGE_CURVE('',#3330,#3279,#3332,.T.);
#3330 = VERTEX_POINT('',#3331);
#3331 = CARTESIAN_POINT('',(30.453735351562,-6.000854492188,16.));
#3332 = SURFACE_CURVE('',#3333,(#3344,#3358),.PCURVE_S1.);
#3333 = B_SPLINE_CURVE_WITH_KNOTS('',5,(#3334,#3335,#3336,#3337,#3338,
    #3339,#3340,#3341,#3342,#3343),.UNSPECIFIED.,.F.,.F.,(6,4,6),(0.,
    0.536490865707,1.),.UNSPECIFIED.);
#3334 = CARTESIAN_POINT('',(30.453735351562,-6.000854492188,16.));
#3335 = CARTESIAN_POINT('',(30.411998488157,-6.046301299007,16.));
#3336 = CARTESIAN_POINT('',(30.367335294686,-6.086275345027,16.));
#3337 = CARTESIAN_POINT('',(30.31977017285,-6.120352087772,16.));
#3338 = CARTESIAN_POINT('',(30.269412111338,-6.148233085529,16.));
#3339 = CARTESIAN_POINT('',(30.170771900184,-6.188482257115,16.));
#3340 = CARTESIAN_POINT('',(30.123134157621,-6.202446850817,16.));
#3341 = CARTESIAN_POINT('',(30.073725768271,-6.211659354296,16.));
#3342 = CARTESIAN_POINT('',(30.022726567443,-6.216186523438,16.));
#3343 = CARTESIAN_POINT('',(29.970336914062,-6.216186523438,16.));
#3344 = PCURVE('',#126,#3345);
#3345 = DEFINITIONAL_REPRESENTATION('',(#3346),#3357);
#3346 = B_SPLINE_CURVE_WITH_KNOTS('',5,(#3347,#3348,#3349,#3350,#3351,
    #3352,#3353,#3354,#3355,#3356),.UNSPECIFIED.,.F.,.F.,(6,4,6),(0.,
    0.536490865707,1.),.UNSPECIFIED.);
#3347 = CARTESIAN_POINT('',(69.453735351562,3.999145507812));
#3348 = CARTESIAN_POINT('',(69.411998488157,3.953698700993));
#3349 = CARTESIAN_POINT('',(69.367335294686,3.913724654973));
#3350 = CARTESIAN_POINT('',(69.31977017285,3.879647912228));
#3351 = CARTESIAN_POINT('',(69.269412111338,3.851766914471));
#3352 = CARTESIAN_POINT('',(69.170771900184,3.811517742885));
#3353 = CARTESIAN_POINT('',(69.123134157621,3.797553149183));
#3354 = CARTESIAN_POINT('',(69.073725768271,3.788340645704));
#3355 = CARTESIAN_POINT('',(69.022726567443,3.783813476562));
#3356 = CARTESIAN_POINT('',(68.970336914062,3.783813476562));
#3357 = ( GEOMETRIC_REPRESENTATION_CONTEXT(2) 
PARAMETRIC_REPRESENTATION_CONTEXT() REPRESENTATION_CONTEXT('2D SPACE',''
  ) );
#3358 = PCURVE('',#3359,#3366);
#3359 = SURFACE_OF_LINEAR_EXTRUSION('',#3360,#3364);
#3360 = B_SPLINE_CURVE_WITH_KNOTS('',2,(#3361,#3362,#3363),
  .UNSPECIFIED.,.F.,.F.,(3,3),(0.,1.),.PIECEWISE_BEZIER_KNOTS.);
#3361 = CARTESIAN_POINT('',(29.970336914062,-6.216186523438,15.95));
#3362 = CARTESIAN_POINT('',(30.255981445312,-6.216186523438,15.95));
#3363 = CARTESIAN_POINT('',(30.453735351562,-6.000854492188,15.95));
#3364 = VECTOR('',#3365,1.);
#3365 = DIRECTION('',(-0.,-0.,-1.));
#3366 = DEFINITIONAL_REPRESENTATION('',(#3367),#3378);
#3367 = B_SPLINE_CURVE_WITH_KNOTS('',5,(#3368,#3369,#3370,#3371,#3372,
    #3373,#3374,#3375,#3376,#3377),.UNSPECIFIED.,.F.,.F.,(6,4,6),(0.,
    0.536490865707,1.),.UNSPECIFIED.);
#3368 = CARTESIAN_POINT('',(1.,-5.E-02));
#3369 = CARTESIAN_POINT('',(0.894472720674,-5.E-02));
#3370 = CARTESIAN_POINT('',(0.787733182628,-5.E-02));
#3371 = CARTESIAN_POINT('',(0.680127417945,-5.E-02));
#3372 = CARTESIAN_POINT('',(0.572059428113,-5.E-02));
#3373 = CARTESIAN_POINT('',(0.370640475769,-5.E-02));
#3374 = CARTESIAN_POINT('',(0.277276922661,-5.E-02));
#3375 = CARTESIAN_POINT('',(0.184209160048,-5.E-02));
#3376 = CARTESIAN_POINT('',(9.17042821558E-02,-5.E-02));
#3377 = CARTESIAN_POINT('',(0.,-5.E-02));
#3378 = ( GEOMETRIC_REPRESENTATION_CONTEXT(2) 
PARAMETRIC_REPRESENTATION_CONTEXT() REPRESENTATION_CONTEXT('2D SPACE',''
  ) );
#3379 = ORIENTED_EDGE('',*,*,#3380,.F.);
#3380 = EDGE_CURVE('',#3381,#3330,#3383,.T.);
#3381 = VERTEX_POINT('',#3382);
#3382 = CARTESIAN_POINT('',(30.651489257812,-5.429565429688,16.));
#3383 = SURFACE_CURVE('',#3384,(#3397,#3413),.PCURVE_S1.);
#3384 = B_SPLINE_CURVE_WITH_KNOTS('',6,(#3385,#3386,#3387,#3388,#3389,
    #3390,#3391,#3392,#3393,#3394,#3395,#3396),.UNSPECIFIED.,.F.,.F.,(7,
    5,7),(0.,0.852521872522,1.),.UNSPECIFIED.);
#3385 = CARTESIAN_POINT('',(30.651489257812,-5.429565429688,16.));
#3386 = CARTESIAN_POINT('',(30.651489257812,-5.526517765244,16.));
#3387 = CARTESIAN_POINT('',(30.642686859333,-5.619358353273,16.));
#3388 = CARTESIAN_POINT('',(30.624351280672,-5.707221878377,16.));
#3389 = CARTESIAN_POINT('',(30.595932070117,-5.789253949521,16.));
#3390 = CARTESIAN_POINT('',(30.557227914291,-5.864710874393,16.));
#3391 = CARTESIAN_POINT('',(30.500201982979,-5.944919896734,16.));
#3392 = CARTESIAN_POINT('',(30.491494872947,-5.95653776966,16.));
#3393 = CARTESIAN_POINT('',(30.482492411906,-5.967942080317,16.));
#3394 = CARTESIAN_POINT('',(30.473196655599,-5.979130766015,16.));
#3395 = CARTESIAN_POINT('',(30.463610034048,-5.990102060147,16.));
#3396 = CARTESIAN_POINT('',(30.453735351562,-6.000854492188,16.));
#3397 = PCURVE('',#126,#3398);
#3398 = DEFINITIONAL_REPRESENTATION('',(#3399),#3412);
#3399 = B_SPLINE_CURVE_WITH_KNOTS('',6,(#3400,#3401,#3402,#3403,#3404,
    #3405,#3406,#3407,#3408,#3409,#3410,#3411),.UNSPECIFIED.,.F.,.F.,(7,
    5,7),(0.,0.852521872522,1.),.UNSPECIFIED.);
#3400 = CARTESIAN_POINT('',(69.651489257812,4.570434570312));
#3401 = CARTESIAN_POINT('',(69.651489257812,4.473482234756));
#3402 = CARTESIAN_POINT('',(69.642686859333,4.380641646727));
#3403 = CARTESIAN_POINT('',(69.624351280672,4.292778121623));
#3404 = CARTESIAN_POINT('',(69.595932070117,4.210746050479));
#3405 = CARTESIAN_POINT('',(69.557227914291,4.135289125607));
#3406 = CARTESIAN_POINT('',(69.500201982979,4.055080103266));
#3407 = CARTESIAN_POINT('',(69.491494872947,4.04346223034));
#3408 = CARTESIAN_POINT('',(69.482492411906,4.032057919683));
#3409 = CARTESIAN_POINT('',(69.473196655599,4.020869233985));
#3410 = CARTESIAN_POINT('',(69.463610034048,4.009897939853));
#3411 = CARTESIAN_POINT('',(69.453735351562,3.999145507812));
#3412 = ( GEOMETRIC_REPRESENTATION_CONTEXT(2) 
PARAMETRIC_REPRESENTATION_CONTEXT() REPRESENTATION_CONTEXT('2D SPACE',''
  ) );
#3413 = PCURVE('',#3414,#3421);
#3414 = SURFACE_OF_LINEAR_EXTRUSION('',#3415,#3419);
#3415 = B_SPLINE_CURVE_WITH_KNOTS('',2,(#3416,#3417,#3418),
  .UNSPECIFIED.,.F.,.F.,(3,3),(0.,1.),.PIECEWISE_BEZIER_KNOTS.);
#3416 = CARTESIAN_POINT('',(30.453735351562,-6.000854492188,15.95));
#3417 = CARTESIAN_POINT('',(30.651489257812,-5.785522460938,15.95));
#3418 = CARTESIAN_POINT('',(30.651489257812,-5.429565429688,15.95));
#3419 = VECTOR('',#3420,1.);
#3420 = DIRECTION('',(-0.,-0.,-1.));
#3421 = DEFINITIONAL_REPRESENTATION('',(#3422),#3435);
#3422 = B_SPLINE_CURVE_WITH_KNOTS('',6,(#3423,#3424,#3425,#3426,#3427,
    #3428,#3429,#3430,#3431,#3432,#3433,#3434),.UNSPECIFIED.,.F.,.F.,(7,
    5,7),(0.,0.852521872522,1.),.UNSPECIFIED.);
#3423 = CARTESIAN_POINT('',(1.,-5.E-02));
#3424 = CARTESIAN_POINT('',(0.863814551976,-5.E-02));
#3425 = CARTESIAN_POINT('',(0.724612256906,-5.E-02));
#3426 = CARTESIAN_POINT('',(0.582878634642,-5.E-02));
#3427 = CARTESIAN_POINT('',(0.439263986577,-5.E-02));
#3428 = CARTESIAN_POINT('',(0.294611864151,-5.E-02));
#3429 = CARTESIAN_POINT('',(0.12498353107,-5.E-02));
#3430 = CARTESIAN_POINT('',(9.996703462237E-02,-5.E-02));
#3431 = CARTESIAN_POINT('',(7.495550350067E-02,-5.E-02));
#3432 = CARTESIAN_POINT('',(4.995388851333E-02,-5.E-02));
#3433 = CARTESIAN_POINT('',(2.496709843368E-02,-5.E-02));
#3434 = CARTESIAN_POINT('',(0.,-5.E-02));
#3435 = ( GEOMETRIC_REPRESENTATION_CONTEXT(2) 
PARAMETRIC_REPRESENTATION_CONTEXT() REPRESENTATION_CONTEXT('2D SPACE',''
  ) );
#3436 = ORIENTED_EDGE('',*,*,#3437,.F.);
#3437 = EDGE_CURVE('',#3438,#3381,#3440,.T.);
#3438 = VERTEX_POINT('',#3439);
#3439 = CARTESIAN_POINT('',(30.46142578125,-4.895629882812,16.));
#3440 = SURFACE_CURVE('',#3441,(#3454,#3470),.PCURVE_S1.);
#3441 = B_SPLINE_CURVE_WITH_KNOTS('',6,(#3442,#3443,#3444,#3445,#3446,
    #3447,#3448,#3449,#3450,#3451,#3452,#3453),.UNSPECIFIED.,.F.,.F.,(7,
    5,7),(0.,0.141550482803,1.),.UNSPECIFIED.);
#3442 = CARTESIAN_POINT('',(30.46142578125,-4.895629882812,16.));
#3443 = CARTESIAN_POINT('',(30.470537719151,-4.90500517152,16.));
#3444 = CARTESIAN_POINT('',(30.479394179194,-4.914584233139,16.));
#3445 = CARTESIAN_POINT('',(30.487992816862,-4.924365933707,16.));
#3446 = CARTESIAN_POINT('',(30.496331591358,-4.934348887816,16.));
#3447 = CARTESIAN_POINT('',(30.504408765606,-4.944531458615,16.));
#3448 = CARTESIAN_POINT('',(30.559612679356,-5.017864300662,16.));
#3449 = CARTESIAN_POINT('',(30.597341936851,-5.088107232766,16.));
#3450 = CARTESIAN_POINT('',(30.625042912014,-5.165176957096,16.));
#3451 = CARTESIAN_POINT('',(30.64291230999,-5.24834698397,16.));
#3452 = CARTESIAN_POINT('',(30.651489257812,-5.336766486527,16.));
#3453 = CARTESIAN_POINT('',(30.651489257812,-5.429565429688,16.));
#3454 = PCURVE('',#126,#3455);
#3455 = DEFINITIONAL_REPRESENTATION('',(#3456),#3469);
#3456 = B_SPLINE_CURVE_WITH_KNOTS('',6,(#3457,#3458,#3459,#3460,#3461,
    #3462,#3463,#3464,#3465,#3466,#3467,#3468),.UNSPECIFIED.,.F.,.F.,(7,
    5,7),(0.,0.141550482803,1.),.UNSPECIFIED.);
#3457 = CARTESIAN_POINT('',(69.46142578125,5.104370117188));
#3458 = CARTESIAN_POINT('',(69.470537719151,5.09499482848));
#3459 = CARTESIAN_POINT('',(69.479394179194,5.085415766861));
#3460 = CARTESIAN_POINT('',(69.487992816862,5.075634066293));
#3461 = CARTESIAN_POINT('',(69.496331591358,5.065651112184));
#3462 = CARTESIAN_POINT('',(69.504408765606,5.055468541385));
#3463 = CARTESIAN_POINT('',(69.559612679356,4.982135699338));
#3464 = CARTESIAN_POINT('',(69.597341936851,4.911892767234));
#3465 = CARTESIAN_POINT('',(69.625042912014,4.834823042904));
#3466 = CARTESIAN_POINT('',(69.64291230999,4.75165301603));
#3467 = CARTESIAN_POINT('',(69.651489257812,4.663233513473));
#3468 = CARTESIAN_POINT('',(69.651489257812,4.570434570312));
#3469 = ( GEOMETRIC_REPRESENTATION_CONTEXT(2) 
PARAMETRIC_REPRESENTATION_CONTEXT() REPRESENTATION_CONTEXT('2D SPACE',''
  ) );
#3470 = PCURVE('',#3471,#3478);
#3471 = SURFACE_OF_LINEAR_EXTRUSION('',#3472,#3476);
#3472 = B_SPLINE_CURVE_WITH_KNOTS('',2,(#3473,#3474,#3475),
  .UNSPECIFIED.,.F.,.F.,(3,3),(0.,1.),.PIECEWISE_BEZIER_KNOTS.);
#3473 = CARTESIAN_POINT('',(30.651489257812,-5.429565429688,15.95));
#3474 = CARTESIAN_POINT('',(30.651489257812,-5.091186523438,15.95));
#3475 = CARTESIAN_POINT('',(30.46142578125,-4.895629882812,15.95));
#3476 = VECTOR('',#3477,1.);
#3477 = DIRECTION('',(-0.,-0.,-1.));
#3478 = DEFINITIONAL_REPRESENTATION('',(#3479),#3492);
#3479 = B_SPLINE_CURVE_WITH_KNOTS('',6,(#3480,#3481,#3482,#3483,#3484,
    #3485,#3486,#3487,#3488,#3489,#3490,#3491),.UNSPECIFIED.,.F.,.F.,(7,
    5,7),(0.,0.141550482803,1.),.UNSPECIFIED.);
#3480 = CARTESIAN_POINT('',(1.,-5.E-02));
#3481 = CARTESIAN_POINT('',(0.976029224379,-5.E-02));
#3482 = CARTESIAN_POINT('',(0.952041019582,-5.E-02));
#3483 = CARTESIAN_POINT('',(0.92803966445,-5.E-02));
#3484 = CARTESIAN_POINT('',(0.904029472129,-5.E-02));
#3485 = CARTESIAN_POINT('',(0.880014790063,-5.E-02));
#3486 = CARTESIAN_POINT('',(0.710359486969,-5.E-02));
#3487 = CARTESIAN_POINT('',(0.564673104851,-5.E-02));
#3488 = CARTESIAN_POINT('',(0.420034233744,-5.E-02));
#3489 = CARTESIAN_POINT('',(0.277297945515,-5.E-02));
#3490 = CARTESIAN_POINT('',(0.137122825103,-5.E-02));
#3491 = CARTESIAN_POINT('',(0.,-5.E-02));
#3492 = ( GEOMETRIC_REPRESENTATION_CONTEXT(2) 
PARAMETRIC_REPRESENTATION_CONTEXT() REPRESENTATION_CONTEXT('2D SPACE',''
  ) );
#3493 = ORIENTED_EDGE('',*,*,#3494,.F.);
#3494 = EDGE_CURVE('',#3495,#3438,#3497,.T.);
#3495 = VERTEX_POINT('',#3496);
#3496 = CARTESIAN_POINT('',(29.963745117188,-4.700073242188,16.));
#3497 = SURFACE_CURVE('',#3498,(#3509,#3523),.PCURVE_S1.);
#3498 = B_SPLINE_CURVE_WITH_KNOTS('',5,(#3499,#3500,#3501,#3502,#3503,
    #3504,#3505,#3506,#3507,#3508),.UNSPECIFIED.,.F.,.F.,(6,4,6),(0.,
    0.696189689482,1.),.UNSPECIFIED.);
#3499 = CARTESIAN_POINT('',(29.963745117188,-4.700073242188,16.));
#3500 = CARTESIAN_POINT('',(30.047029932651,-4.700073242188,16.));
#3501 = CARTESIAN_POINT('',(30.126426578479,-4.709032435994,16.));
#3502 = CARTESIAN_POINT('',(30.201163121795,-4.727594291748,16.));
#3503 = CARTESIAN_POINT('',(30.270540931149,-4.756098299805,16.));
#3504 = CARTESIAN_POINT('',(30.36183608264,-4.810913906992,16.));
#3505 = CARTESIAN_POINT('',(30.388466568177,-4.829408195744,16.));
#3506 = CARTESIAN_POINT('',(30.413955224451,-4.849721152471,16.));
#3507 = CARTESIAN_POINT('',(30.438278616575,-4.871813724939,16.));
#3508 = CARTESIAN_POINT('',(30.46142578125,-4.895629882812,16.));
#3509 = PCURVE('',#126,#3510);
#3510 = DEFINITIONAL_REPRESENTATION('',(#3511),#3522);
#3511 = B_SPLINE_CURVE_WITH_KNOTS('',5,(#3512,#3513,#3514,#3515,#3516,
    #3517,#3518,#3519,#3520,#3521),.UNSPECIFIED.,.F.,.F.,(6,4,6),(0.,
    0.696189689482,1.),.UNSPECIFIED.);
#3512 = CARTESIAN_POINT('',(68.963745117188,5.299926757812));
#3513 = CARTESIAN_POINT('',(69.047029932651,5.299926757812));
#3514 = CARTESIAN_POINT('',(69.126426578479,5.290967564006));
#3515 = CARTESIAN_POINT('',(69.201163121795,5.272405708252));
#3516 = CARTESIAN_POINT('',(69.270540931149,5.243901700195));
#3517 = CARTESIAN_POINT('',(69.36183608264,5.189086093008));
#3518 = CARTESIAN_POINT('',(69.388466568177,5.170591804256));
#3519 = CARTESIAN_POINT('',(69.413955224451,5.150278847529));
#3520 = CARTESIAN_POINT('',(69.438278616575,5.128186275061));
#3521 = CARTESIAN_POINT('',(69.46142578125,5.104370117188));
#3522 = ( GEOMETRIC_REPRESENTATION_CONTEXT(2) 
PARAMETRIC_REPRESENTATION_CONTEXT() REPRESENTATION_CONTEXT('2D SPACE',''
  ) );
#3523 = PCURVE('',#3524,#3531);
#3524 = SURFACE_OF_LINEAR_EXTRUSION('',#3525,#3529);
#3525 = B_SPLINE_CURVE_WITH_KNOTS('',2,(#3526,#3527,#3528),
  .UNSPECIFIED.,.F.,.F.,(3,3),(0.,1.),.PIECEWISE_BEZIER_KNOTS.);
#3526 = CARTESIAN_POINT('',(30.46142578125,-4.895629882812,15.95));
#3527 = CARTESIAN_POINT('',(30.271362304688,-4.700073242188,15.95));
#3528 = CARTESIAN_POINT('',(29.963745117188,-4.700073242188,15.95));
#3529 = VECTOR('',#3530,1.);
#3530 = DIRECTION('',(-0.,-0.,-1.));
#3531 = DEFINITIONAL_REPRESENTATION('',(#3532),#3543);
#3532 = B_SPLINE_CURVE_WITH_KNOTS('',5,(#3533,#3534,#3535,#3536,#3537,
    #3538,#3539,#3540,#3541,#3542),.UNSPECIFIED.,.F.,.F.,(6,4,6),(0.,
    0.696189689482,1.),.UNSPECIFIED.);
#3533 = CARTESIAN_POINT('',(1.,-5.E-02));
#3534 = CARTESIAN_POINT('',(0.864629125341,-5.E-02));
#3535 = CARTESIAN_POINT('',(0.72682436009,-5.E-02));
#3536 = CARTESIAN_POINT('',(0.587211691689,-5.E-02));
#3537 = CARTESIAN_POINT('',(0.446594969543,-5.E-02));
#3538 = CARTESIAN_POINT('',(0.244645742677,-5.E-02));
#3539 = CARTESIAN_POINT('',(0.183290525183,-5.E-02));
#3540 = CARTESIAN_POINT('',(0.122014277644,-5.E-02));
#3541 = CARTESIAN_POINT('',(6.089324759728E-02,-5.E-02));
#3542 = CARTESIAN_POINT('',(0.,-5.E-02));
#3543 = ( GEOMETRIC_REPRESENTATION_CONTEXT(2) 
PARAMETRIC_REPRESENTATION_CONTEXT() REPRESENTATION_CONTEXT('2D SPACE',''
  ) );
#3544 = ORIENTED_EDGE('',*,*,#3545,.F.);
#3545 = EDGE_CURVE('',#3546,#3495,#3548,.T.);
#3546 = VERTEX_POINT('',#3547);
#3547 = CARTESIAN_POINT('',(29.618774414062,-4.786865234375,16.));
#3548 = SURFACE_CURVE('',#3549,(#3560,#3574),.PCURVE_S1.);
#3549 = B_SPLINE_CURVE_WITH_KNOTS('',5,(#3550,#3551,#3552,#3553,#3554,
    #3555,#3556,#3557,#3558,#3559),.UNSPECIFIED.,.F.,.F.,(6,4,6),(0.,
    0.200492683101,1.),.UNSPECIFIED.);
#3550 = CARTESIAN_POINT('',(29.618774414062,-4.786865234375,16.));
#3551 = CARTESIAN_POINT('',(29.631135366678,-4.779890125399,16.));
#3552 = CARTESIAN_POINT('',(29.643651050639,-4.773263138742,16.));
#3553 = CARTESIAN_POINT('',(29.656320342983,-4.766985465264,16.));
#3554 = CARTESIAN_POINT('',(29.669141986182,-4.761057998927,16.));
#3555 = CARTESIAN_POINT('',(29.733845604052,-4.733243207641,16.));
#3556 = CARTESIAN_POINT('',(29.7879779421,-4.716583159334,16.));
#3557 = CARTESIAN_POINT('',(29.844421268416,-4.705540367917,16.));
#3558 = CARTESIAN_POINT('',(29.903057253544,-4.700073242188,16.));
#3559 = CARTESIAN_POINT('',(29.963745117188,-4.700073242188,16.));
#3560 = PCURVE('',#126,#3561);
#3561 = DEFINITIONAL_REPRESENTATION('',(#3562),#3573);
#3562 = B_SPLINE_CURVE_WITH_KNOTS('',5,(#3563,#3564,#3565,#3566,#3567,
    #3568,#3569,#3570,#3571,#3572),.UNSPECIFIED.,.F.,.F.,(6,4,6),(0.,
    0.200492683101,1.),.UNSPECIFIED.);
#3563 = CARTESIAN_POINT('',(68.618774414062,5.213134765625));
#3564 = CARTESIAN_POINT('',(68.631135366678,5.220109874601));
#3565 = CARTESIAN_POINT('',(68.643651050639,5.226736861258));
#3566 = CARTESIAN_POINT('',(68.656320342983,5.233014534736));
#3567 = CARTESIAN_POINT('',(68.669141986182,5.238942001073));
#3568 = CARTESIAN_POINT('',(68.733845604052,5.266756792359));
#3569 = CARTESIAN_POINT('',(68.7879779421,5.283416840666));
#3570 = CARTESIAN_POINT('',(68.844421268416,5.294459632083));
#3571 = CARTESIAN_POINT('',(68.903057253544,5.299926757812));
#3572 = CARTESIAN_POINT('',(68.963745117188,5.299926757812));
#3573 = ( GEOMETRIC_REPRESENTATION_CONTEXT(2) 
PARAMETRIC_REPRESENTATION_CONTEXT() REPRESENTATION_CONTEXT('2D SPACE',''
  ) );
#3574 = PCURVE('',#3575,#3582);
#3575 = SURFACE_OF_LINEAR_EXTRUSION('',#3576,#3580);
#3576 = B_SPLINE_CURVE_WITH_KNOTS('',2,(#3577,#3578,#3579),
  .UNSPECIFIED.,.F.,.F.,(3,3),(0.,1.),.PIECEWISE_BEZIER_KNOTS.);
#3577 = CARTESIAN_POINT('',(29.963745117188,-4.700073242188,15.95));
#3578 = CARTESIAN_POINT('',(29.772583007812,-4.700073242188,15.95));
#3579 = CARTESIAN_POINT('',(29.618774414062,-4.786865234375,15.95));
#3580 = VECTOR('',#3581,1.);
#3581 = DIRECTION('',(-0.,-0.,-1.));
#3582 = DEFINITIONAL_REPRESENTATION('',(#3583),#3594);
#3583 = B_SPLINE_CURVE_WITH_KNOTS('',5,(#3584,#3585,#3586,#3587,#3588,
    #3589,#3590,#3591,#3592,#3593),.UNSPECIFIED.,.F.,.F.,(6,4,6),(0.,
    0.200492683101,1.),.UNSPECIFIED.);
#3584 = CARTESIAN_POINT('',(1.,-5.E-02));
#3585 = CARTESIAN_POINT('',(0.95981709372,-5.E-02));
#3586 = CARTESIAN_POINT('',(0.919621353961,-5.E-02));
#3587 = CARTESIAN_POINT('',(0.879417058462,-5.E-02));
#3588 = CARTESIAN_POINT('',(0.839208502724,-5.E-02));
#3589 = CARTESIAN_POINT('',(0.638660023338,-5.E-02));
#3590 = CARTESIAN_POINT('',(0.478318401192,-5.E-02));
#3591 = CARTESIAN_POINT('',(0.318255509308,-5.E-02));
#3592 = CARTESIAN_POINT('',(0.158734029044,-5.E-02));
#3593 = CARTESIAN_POINT('',(0.,-5.E-02));
#3594 = ( GEOMETRIC_REPRESENTATION_CONTEXT(2) 
PARAMETRIC_REPRESENTATION_CONTEXT() REPRESENTATION_CONTEXT('2D SPACE',''
  ) );
#3595 = ORIENTED_EDGE('',*,*,#3596,.F.);
#3596 = EDGE_CURVE('',#3597,#3546,#3599,.T.);
#3597 = VERTEX_POINT('',#3598);
#3598 = CARTESIAN_POINT('',(29.377075195312,-5.012084960938,16.));
#3599 = SURFACE_CURVE('',#3600,(#3611,#3625),.PCURVE_S1.);
#3600 = B_SPLINE_CURVE_WITH_KNOTS('',5,(#3601,#3602,#3603,#3604,#3605,
    #3606,#3607,#3608,#3609,#3610),.UNSPECIFIED.,.F.,.F.,(6,4,6),(0.,
    0.192598583839,1.),.UNSPECIFIED.);
#3601 = CARTESIAN_POINT('',(29.377075195312,-5.012084960938,16.));
#3602 = CARTESIAN_POINT('',(29.383858215326,-5.001401704417,16.));
#3603 = CARTESIAN_POINT('',(29.390888218969,-4.990908144025,16.));
#3604 = CARTESIAN_POINT('',(29.398164906621,-4.980605298507,16.));
#3605 = CARTESIAN_POINT('',(29.405687822563,-4.970494068239,16.));
#3606 = CARTESIAN_POINT('',(29.446023178422,-4.918994037389,16.));
#3607 = CARTESIAN_POINT('',(29.482906810664,-4.880793620929,16.));
#3608 = CARTESIAN_POINT('',(29.52406144504,-4.846032922149,16.));
#3609 = CARTESIAN_POINT('',(29.569394679937,-4.814729512917,16.));
#3610 = CARTESIAN_POINT('',(29.618774414062,-4.786865234375,16.));
#3611 = PCURVE('',#126,#3612);
#3612 = DEFINITIONAL_REPRESENTATION('',(#3613),#3624);
#3613 = B_SPLINE_CURVE_WITH_KNOTS('',5,(#3614,#3615,#3616,#3617,#3618,
    #3619,#3620,#3621,#3622,#3623),.UNSPECIFIED.,.F.,.F.,(6,4,6),(0.,
    0.192598583839,1.),.UNSPECIFIED.);
#3614 = CARTESIAN_POINT('',(68.377075195312,4.987915039062));
#3615 = CARTESIAN_POINT('',(68.383858215326,4.998598295583));
#3616 = CARTESIAN_POINT('',(68.390888218969,5.009091855975));
#3617 = CARTESIAN_POINT('',(68.398164906621,5.019394701493));
#3618 = CARTESIAN_POINT('',(68.405687822563,5.029505931761));
#3619 = CARTESIAN_POINT('',(68.446023178422,5.081005962611));
#3620 = CARTESIAN_POINT('',(68.482906810664,5.119206379071));
#3621 = CARTESIAN_POINT('',(68.52406144504,5.153967077851));
#3622 = CARTESIAN_POINT('',(68.569394679937,5.185270487083));
#3623 = CARTESIAN_POINT('',(68.618774414062,5.213134765625));
#3624 = ( GEOMETRIC_REPRESENTATION_CONTEXT(2) 
PARAMETRIC_REPRESENTATION_CONTEXT() REPRESENTATION_CONTEXT('2D SPACE',''
  ) );
#3625 = PCURVE('',#3626,#3633);
#3626 = SURFACE_OF_LINEAR_EXTRUSION('',#3627,#3631);
#3627 = B_SPLINE_CURVE_WITH_KNOTS('',2,(#3628,#3629,#3630),
  .UNSPECIFIED.,.F.,.F.,(3,3),(0.,1.),.PIECEWISE_BEZIER_KNOTS.);
#3628 = CARTESIAN_POINT('',(29.618774414062,-4.786865234375,15.95));
#3629 = CARTESIAN_POINT('',(29.464965820312,-4.873657226562,15.95));
#3630 = CARTESIAN_POINT('',(29.377075195312,-5.012084960938,15.95));
#3631 = VECTOR('',#3632,1.);
#3632 = DIRECTION('',(-0.,-0.,-1.));
#3633 = DEFINITIONAL_REPRESENTATION('',(#3634),#3645);
#3634 = B_SPLINE_CURVE_WITH_KNOTS('',5,(#3635,#3636,#3637,#3638,#3639,
    #3640,#3641,#3642,#3643,#3644),.UNSPECIFIED.,.F.,.F.,(6,4,6),(0.,
    0.192598583839,1.),.UNSPECIFIED.);
#3635 = CARTESIAN_POINT('',(1.,-5.E-02));
#3636 = CARTESIAN_POINT('',(0.961412152813,-5.E-02));
#3637 = CARTESIAN_POINT('',(0.922815200878,-5.E-02));
#3638 = CARTESIAN_POINT('',(0.884212167821,-5.E-02));
#3639 = CARTESIAN_POINT('',(0.8456060867,-5.E-02));
#3640 = CARTESIAN_POINT('',(0.645157641387,-5.E-02));
#3641 = CARTESIAN_POINT('',(0.483313548733,-5.E-02));
#3642 = CARTESIAN_POINT('',(0.321696447189,-5.E-02));
#3643 = CARTESIAN_POINT('',(0.160523326172,-5.E-02));
#3644 = CARTESIAN_POINT('',(0.,-5.E-02));
#3645 = ( GEOMETRIC_REPRESENTATION_CONTEXT(2) 
PARAMETRIC_REPRESENTATION_CONTEXT() REPRESENTATION_CONTEXT('2D SPACE',''
  ) );
#3646 = ORIENTED_EDGE('',*,*,#3647,.F.);
#3647 = EDGE_CURVE('',#3648,#3597,#3650,.T.);
#3648 = VERTEX_POINT('',#3649);
#3649 = CARTESIAN_POINT('',(29.005737304688,-4.963745117188,16.));
#3650 = SURFACE_CURVE('',#3651,(#3655,#3661),.PCURVE_S1.);
#3651 = LINE('',#3652,#3653);
#3652 = CARTESIAN_POINT('',(-3.922504362926,-0.677228450398,16.));
#3653 = VECTOR('',#3654,1.);
#3654 = DIRECTION('',(0.991633098704,-0.129088332376,0.));
#3655 = PCURVE('',#126,#3656);
#3656 = DEFINITIONAL_REPRESENTATION('',(#3657),#3660);
#3657 = B_SPLINE_CURVE_WITH_KNOTS('',1,(#3658,#3659),.UNSPECIFIED.,.F.,
  .F.,(2,2),(33.206073607933,33.580544660896),.PIECEWISE_BEZIER_KNOTS.);
#3658 = CARTESIAN_POINT('',(68.005737304688,5.036254882812));
#3659 = CARTESIAN_POINT('',(68.377075195312,4.987915039062));
#3660 = ( GEOMETRIC_REPRESENTATION_CONTEXT(2) 
PARAMETRIC_REPRESENTATION_CONTEXT() REPRESENTATION_CONTEXT('2D SPACE',''
  ) );
#3661 = PCURVE('',#3662,#3667);
#3662 = PLANE('',#3663);
#3663 = AXIS2_PLACEMENT_3D('',#3664,#3665,#3666);
#3664 = CARTESIAN_POINT('',(29.377075195312,-5.012084960938,15.95));
#3665 = DIRECTION('',(-0.129088332376,-0.991633098704,0.));
#3666 = DIRECTION('',(-0.991633098704,0.129088332376,0.));
#3667 = DEFINITIONAL_REPRESENTATION('',(#3668),#3671);
#3668 = B_SPLINE_CURVE_WITH_KNOTS('',1,(#3669,#3670),.UNSPECIFIED.,.F.,
  .F.,(2,2),(33.206073607933,33.580544660896),.PIECEWISE_BEZIER_KNOTS.);
#3669 = CARTESIAN_POINT('',(0.374471052964,-5.E-02));
#3670 = CARTESIAN_POINT('',(0.,-5.E-02));
#3671 = ( GEOMETRIC_REPRESENTATION_CONTEXT(2) 
PARAMETRIC_REPRESENTATION_CONTEXT() REPRESENTATION_CONTEXT('2D SPACE',''
  ) );
#3672 = ORIENTED_EDGE('',*,*,#3673,.F.);
#3673 = EDGE_CURVE('',#3674,#3648,#3676,.T.);
#3674 = VERTEX_POINT('',#3675);
#3675 = CARTESIAN_POINT('',(29.317749023438,-3.309204101562,16.));
#3676 = SURFACE_CURVE('',#3677,(#3681,#3687),.PCURVE_S1.);
#3677 = LINE('',#3678,#3679);
#3678 = CARTESIAN_POINT('',(27.379492333775,-13.58742443477,16.));
#3679 = VECTOR('',#3680,1.);
#3680 = DIRECTION('',(-0.18531275207,-0.982679593723,0.));
#3681 = PCURVE('',#126,#3682);
#3682 = DEFINITIONAL_REPRESENTATION('',(#3683),#3686);
#3683 = B_SPLINE_CURVE_WITH_KNOTS('',1,(#3684,#3685),.UNSPECIFIED.,.F.,
  .F.,(2,2),(-10.45938106261,-8.775677619305),.PIECEWISE_BEZIER_KNOTS.);
#3684 = CARTESIAN_POINT('',(68.317749023438,6.690795898438));
#3685 = CARTESIAN_POINT('',(68.005737304688,5.036254882812));
#3686 = ( GEOMETRIC_REPRESENTATION_CONTEXT(2) 
PARAMETRIC_REPRESENTATION_CONTEXT() REPRESENTATION_CONTEXT('2D SPACE',''
  ) );
#3687 = PCURVE('',#3688,#3693);
#3688 = PLANE('',#3689);
#3689 = AXIS2_PLACEMENT_3D('',#3690,#3691,#3692);
#3690 = CARTESIAN_POINT('',(29.005737304688,-4.963745117188,15.95));
#3691 = DIRECTION('',(-0.982679593723,0.18531275207,0.));
#3692 = DIRECTION('',(0.18531275207,0.982679593723,0.));
#3693 = DEFINITIONAL_REPRESENTATION('',(#3694),#3697);
#3694 = B_SPLINE_CURVE_WITH_KNOTS('',1,(#3695,#3696),.UNSPECIFIED.,.F.,
  .F.,(2,2),(-10.45938106261,-8.775677619305),.PIECEWISE_BEZIER_KNOTS.);
#3695 = CARTESIAN_POINT('',(1.683703443313,-5.E-02));
#3696 = CARTESIAN_POINT('',(0.,-5.E-02));
#3697 = ( GEOMETRIC_REPRESENTATION_CONTEXT(2) 
PARAMETRIC_REPRESENTATION_CONTEXT() REPRESENTATION_CONTEXT('2D SPACE',''
  ) );
#3698 = ORIENTED_EDGE('',*,*,#3699,.F.);
#3699 = EDGE_CURVE('',#3700,#3674,#3702,.T.);
#3700 = VERTEX_POINT('',#3701);
#3701 = CARTESIAN_POINT('',(30.919555664062,-3.309204101562,16.));
#3702 = SURFACE_CURVE('',#3703,(#3707,#3713),.PCURVE_S1.);
#3703 = LINE('',#3704,#3705);
#3704 = CARTESIAN_POINT('',(-4.841125488281,-3.309204101562,16.));
#3705 = VECTOR('',#3706,1.);
#3706 = DIRECTION('',(-1.,0.,0.));
#3707 = PCURVE('',#126,#3708);
#3708 = DEFINITIONAL_REPRESENTATION('',(#3709),#3712);
#3709 = B_SPLINE_CURVE_WITH_KNOTS('',1,(#3710,#3711),.UNSPECIFIED.,.F.,
  .F.,(2,2),(-35.76068115234,-34.15887451171),.PIECEWISE_BEZIER_KNOTS.);
#3710 = CARTESIAN_POINT('',(69.919555664062,6.690795898438));
#3711 = CARTESIAN_POINT('',(68.317749023438,6.690795898438));
#3712 = ( GEOMETRIC_REPRESENTATION_CONTEXT(2) 
PARAMETRIC_REPRESENTATION_CONTEXT() REPRESENTATION_CONTEXT('2D SPACE',''
  ) );
#3713 = PCURVE('',#3714,#3719);
#3714 = PLANE('',#3715);
#3715 = AXIS2_PLACEMENT_3D('',#3716,#3717,#3718);
#3716 = CARTESIAN_POINT('',(29.317749023438,-3.309204101562,15.95));
#3717 = DIRECTION('',(0.,1.,0.));
#3718 = DIRECTION('',(1.,0.,0.));
#3719 = DEFINITIONAL_REPRESENTATION('',(#3720),#3723);
#3720 = B_SPLINE_CURVE_WITH_KNOTS('',1,(#3721,#3722),.UNSPECIFIED.,.F.,
  .F.,(2,2),(-35.76068115234,-34.15887451171),.PIECEWISE_BEZIER_KNOTS.);
#3721 = CARTESIAN_POINT('',(1.601806640625,-5.E-02));
#3722 = CARTESIAN_POINT('',(0.,-5.E-02));
#3723 = ( GEOMETRIC_REPRESENTATION_CONTEXT(2) 
PARAMETRIC_REPRESENTATION_CONTEXT() REPRESENTATION_CONTEXT('2D SPACE',''
  ) );
#3724 = ORIENTED_EDGE('',*,*,#3725,.F.);
#3725 = EDGE_CURVE('',#3726,#3700,#3728,.T.);
#3726 = VERTEX_POINT('',#3727);
#3727 = CARTESIAN_POINT('',(30.919555664062,-3.687133789062,16.));
#3728 = SURFACE_CURVE('',#3729,(#3733,#3739),.PCURVE_S1.);
#3729 = LINE('',#3730,#3731);
#3730 = CARTESIAN_POINT('',(30.919555664062,-6.654602050781,16.));
#3731 = VECTOR('',#3732,1.);
#3732 = DIRECTION('',(0.,1.,0.));
#3733 = PCURVE('',#126,#3734);
#3734 = DEFINITIONAL_REPRESENTATION('',(#3735),#3738);
#3735 = B_SPLINE_CURVE_WITH_KNOTS('',1,(#3736,#3737),.UNSPECIFIED.,.F.,
  .F.,(2,2),(2.967468261719,3.345397949219),.PIECEWISE_BEZIER_KNOTS.);
#3736 = CARTESIAN_POINT('',(69.919555664062,6.312866210938));
#3737 = CARTESIAN_POINT('',(69.919555664062,6.690795898438));
#3738 = ( GEOMETRIC_REPRESENTATION_CONTEXT(2) 
PARAMETRIC_REPRESENTATION_CONTEXT() REPRESENTATION_CONTEXT('2D SPACE',''
  ) );
#3739 = PCURVE('',#3740,#3745);
#3740 = PLANE('',#3741);
#3741 = AXIS2_PLACEMENT_3D('',#3742,#3743,#3744);
#3742 = CARTESIAN_POINT('',(30.919555664062,-3.309204101562,15.95));
#3743 = DIRECTION('',(1.,0.,0.));
#3744 = DIRECTION('',(0.,-1.,0.));
#3745 = DEFINITIONAL_REPRESENTATION('',(#3746),#3749);
#3746 = B_SPLINE_CURVE_WITH_KNOTS('',1,(#3747,#3748),.UNSPECIFIED.,.F.,
  .F.,(2,2),(2.967468261719,3.345397949219),.PIECEWISE_BEZIER_KNOTS.);
#3747 = CARTESIAN_POINT('',(0.3779296875,-5.E-02));
#3748 = CARTESIAN_POINT('',(0.,-5.E-02));
#3749 = ( GEOMETRIC_REPRESENTATION_CONTEXT(2) 
PARAMETRIC_REPRESENTATION_CONTEXT() REPRESENTATION_CONTEXT('2D SPACE',''
  ) );
#3750 = ORIENTED_EDGE('',*,*,#3751,.F.);
#3751 = EDGE_CURVE('',#3752,#3726,#3754,.T.);
#3752 = VERTEX_POINT('',#3753);
#3753 = CARTESIAN_POINT('',(29.634155273438,-3.687133789062,16.));
#3754 = SURFACE_CURVE('',#3755,(#3759,#3765),.PCURVE_S1.);
#3755 = LINE('',#3756,#3757);
#3756 = CARTESIAN_POINT('',(-4.040222167969,-3.687133789062,16.));
#3757 = VECTOR('',#3758,1.);
#3758 = DIRECTION('',(1.,0.,-0.));
#3759 = PCURVE('',#126,#3760);
#3760 = DEFINITIONAL_REPRESENTATION('',(#3761),#3764);
#3761 = B_SPLINE_CURVE_WITH_KNOTS('',1,(#3762,#3763),.UNSPECIFIED.,.F.,
  .F.,(2,2),(33.674377441406,34.959777832031),.PIECEWISE_BEZIER_KNOTS.);
#3762 = CARTESIAN_POINT('',(68.634155273438,6.312866210938));
#3763 = CARTESIAN_POINT('',(69.919555664062,6.312866210938));
#3764 = ( GEOMETRIC_REPRESENTATION_CONTEXT(2) 
PARAMETRIC_REPRESENTATION_CONTEXT() REPRESENTATION_CONTEXT('2D SPACE',''
  ) );
#3765 = PCURVE('',#3766,#3771);
#3766 = PLANE('',#3767);
#3767 = AXIS2_PLACEMENT_3D('',#3768,#3769,#3770);
#3768 = CARTESIAN_POINT('',(30.919555664062,-3.687133789062,15.95));
#3769 = DIRECTION('',(0.,-1.,0.));
#3770 = DIRECTION('',(-1.,0.,0.));
#3771 = DEFINITIONAL_REPRESENTATION('',(#3772),#3775);
#3772 = B_SPLINE_CURVE_WITH_KNOTS('',1,(#3773,#3774),.UNSPECIFIED.,.F.,
  .F.,(2,2),(33.674377441406,34.959777832031),.PIECEWISE_BEZIER_KNOTS.);
#3773 = CARTESIAN_POINT('',(1.285400390625,-5.E-02));
#3774 = CARTESIAN_POINT('',(0.,-5.E-02));
#3775 = ( GEOMETRIC_REPRESENTATION_CONTEXT(2) 
PARAMETRIC_REPRESENTATION_CONTEXT() REPRESENTATION_CONTEXT('2D SPACE',''
  ) );
#3776 = ORIENTED_EDGE('',*,*,#3777,.F.);
#3777 = EDGE_CURVE('',#3778,#3752,#3780,.T.);
#3778 = VERTEX_POINT('',#3779);
#3779 = CARTESIAN_POINT('',(29.460571289062,-4.552856445312,16.));
#3780 = SURFACE_CURVE('',#3781,(#3785,#3791),.PCURVE_S1.);
#3781 = LINE('',#3782,#3783);
#3782 = CARTESIAN_POINT('',(27.699390456333,-13.33646718069,16.));
#3783 = VECTOR('',#3784,1.);
#3784 = DIRECTION('',(0.196594677209,0.980484845825,-0.));
#3785 = PCURVE('',#126,#3786);
#3786 = DEFINITIONAL_REPRESENTATION('',(#3787),#3790);
#3787 = B_SPLINE_CURVE_WITH_KNOTS('',1,(#3788,#3789),.UNSPECIFIED.,.F.,
  .F.,(2,2),(8.958435994991,9.841389627508),.PIECEWISE_BEZIER_KNOTS.);
#3788 = CARTESIAN_POINT('',(68.460571289062,5.447143554688));
#3789 = CARTESIAN_POINT('',(68.634155273438,6.312866210938));
#3790 = ( GEOMETRIC_REPRESENTATION_CONTEXT(2) 
PARAMETRIC_REPRESENTATION_CONTEXT() REPRESENTATION_CONTEXT('2D SPACE',''
  ) );
#3791 = PCURVE('',#3792,#3797);
#3792 = PLANE('',#3793);
#3793 = AXIS2_PLACEMENT_3D('',#3794,#3795,#3796);
#3794 = CARTESIAN_POINT('',(29.634155273438,-3.687133789062,15.95));
#3795 = DIRECTION('',(0.980484845825,-0.196594677209,0.));
#3796 = DIRECTION('',(-0.196594677209,-0.980484845825,0.));
#3797 = DEFINITIONAL_REPRESENTATION('',(#3798),#3801);
#3798 = B_SPLINE_CURVE_WITH_KNOTS('',1,(#3799,#3800),.UNSPECIFIED.,.F.,
  .F.,(2,2),(8.958435994991,9.841389627508),.PIECEWISE_BEZIER_KNOTS.);
#3799 = CARTESIAN_POINT('',(0.882953632518,-5.E-02));
#3800 = CARTESIAN_POINT('',(0.,-5.E-02));
#3801 = ( GEOMETRIC_REPRESENTATION_CONTEXT(2) 
PARAMETRIC_REPRESENTATION_CONTEXT() REPRESENTATION_CONTEXT('2D SPACE',''
  ) );
#3802 = ORIENTED_EDGE('',*,*,#3803,.F.);
#3803 = EDGE_CURVE('',#3804,#3778,#3806,.T.);
#3804 = VERTEX_POINT('',#3805);
#3805 = CARTESIAN_POINT('',(30.069213867188,-4.350708007812,16.));
#3806 = SURFACE_CURVE('',#3807,(#3818,#3832),.PCURVE_S1.);
#3807 = B_SPLINE_CURVE_WITH_KNOTS('',5,(#3808,#3809,#3810,#3811,#3812,
    #3813,#3814,#3815,#3816,#3817),.UNSPECIFIED.,.F.,.F.,(6,4,6),(0.,
    0.216137089638,1.),.UNSPECIFIED.);
#3808 = CARTESIAN_POINT('',(30.069213867188,-4.350708007812,16.));
#3809 = CARTESIAN_POINT('',(30.041484018791,-4.350708007812,16.));
#3810 = CARTESIAN_POINT('',(30.013850316928,-4.351665069346,16.));
#3811 = CARTESIAN_POINT('',(29.986326311781,-4.353584628389,16.));
#3812 = CARTESIAN_POINT('',(29.958925281348,-4.356468506369,16.));
#3813 = CARTESIAN_POINT('',(29.832778260729,-4.374264636565,16.));
#3814 = CARTESIAN_POINT('',(29.735669259067,-4.400876485571,16.));
#3815 = CARTESIAN_POINT('',(29.641000607564,-4.440064449421,16.));
#3816 = CARTESIAN_POINT('',(29.549208182683,-4.491079216425,16.));
#3817 = CARTESIAN_POINT('',(29.460571289062,-4.552856445312,16.));
#3818 = PCURVE('',#126,#3819);
#3819 = DEFINITIONAL_REPRESENTATION('',(#3820),#3831);
#3820 = B_SPLINE_CURVE_WITH_KNOTS('',5,(#3821,#3822,#3823,#3824,#3825,
    #3826,#3827,#3828,#3829,#3830),.UNSPECIFIED.,.F.,.F.,(6,4,6),(0.,
    0.216137089638,1.),.UNSPECIFIED.);
#3821 = CARTESIAN_POINT('',(69.069213867188,5.649291992188));
#3822 = CARTESIAN_POINT('',(69.041484018791,5.649291992188));
#3823 = CARTESIAN_POINT('',(69.013850316928,5.648334930654));
#3824 = CARTESIAN_POINT('',(68.986326311781,5.646415371611));
#3825 = CARTESIAN_POINT('',(68.958925281348,5.643531493631));
#3826 = CARTESIAN_POINT('',(68.832778260729,5.625735363435));
#3827 = CARTESIAN_POINT('',(68.735669259067,5.599123514429));
#3828 = CARTESIAN_POINT('',(68.641000607564,5.559935550579));
#3829 = CARTESIAN_POINT('',(68.549208182683,5.508920783575));
#3830 = CARTESIAN_POINT('',(68.460571289062,5.447143554688));
#3831 = ( GEOMETRIC_REPRESENTATION_CONTEXT(2) 
PARAMETRIC_REPRESENTATION_CONTEXT() REPRESENTATION_CONTEXT('2D SPACE',''
  ) );
#3832 = PCURVE('',#3833,#3840);
#3833 = SURFACE_OF_LINEAR_EXTRUSION('',#3834,#3838);
#3834 = B_SPLINE_CURVE_WITH_KNOTS('',2,(#3835,#3836,#3837),
  .UNSPECIFIED.,.F.,.F.,(3,3),(0.,1.),.PIECEWISE_BEZIER_KNOTS.);
#3835 = CARTESIAN_POINT('',(29.460571289062,-4.552856445312,15.95));
#3836 = CARTESIAN_POINT('',(29.750610351562,-4.350708007812,15.95));
#3837 = CARTESIAN_POINT('',(30.069213867188,-4.350708007812,15.95));
#3838 = VECTOR('',#3839,1.);
#3839 = DIRECTION('',(-0.,-0.,-1.));
#3840 = DEFINITIONAL_REPRESENTATION('',(#3841),#3852);
#3841 = B_SPLINE_CURVE_WITH_KNOTS('',5,(#3842,#3843,#3844,#3845,#3846,
    #3847,#3848,#3849,#3850,#3851),.UNSPECIFIED.,.F.,.F.,(6,4,6),(0.,
    0.216137089638,1.),.UNSPECIFIED.);
#3842 = CARTESIAN_POINT('',(1.,-5.E-02));
#3843 = CARTESIAN_POINT('',(0.956482199604,-5.E-02));
#3844 = CARTESIAN_POINT('',(0.912903052708,-5.E-02));
#3845 = CARTESIAN_POINT('',(0.86928261881,-5.E-02));
#3846 = CARTESIAN_POINT('',(0.825641331809,-5.E-02));
#3847 = CARTESIAN_POINT('',(0.623726279274,-5.E-02));
#3848 = CARTESIAN_POINT('',(0.465427066172,-5.E-02));
#3849 = CARTESIAN_POINT('',(0.308168787051,-5.E-02));
#3850 = CARTESIAN_POINT('',(0.152801648262,-5.E-02));
#3851 = CARTESIAN_POINT('',(0.,-5.E-02));
#3852 = ( GEOMETRIC_REPRESENTATION_CONTEXT(2) 
PARAMETRIC_REPRESENTATION_CONTEXT() REPRESENTATION_CONTEXT('2D SPACE',''
  ) );
#3853 = ORIENTED_EDGE('',*,*,#3854,.F.);
#3854 = EDGE_CURVE('',#3855,#3804,#3857,.T.);
#3855 = VERTEX_POINT('',#3856);
#3856 = CARTESIAN_POINT('',(30.781127929688,-4.642944335938,16.));
#3857 = SURFACE_CURVE('',#3858,(#3869,#3883),.PCURVE_S1.);
#3858 = B_SPLINE_CURVE_WITH_KNOTS('',5,(#3859,#3860,#3861,#3862,#3863,
    #3864,#3865,#3866,#3867,#3868),.UNSPECIFIED.,.F.,.F.,(6,4,6),(0.,
    0.457158810718,1.),.UNSPECIFIED.);
#3859 = CARTESIAN_POINT('',(30.781127929688,-4.642944335938,16.));
#3860 = CARTESIAN_POINT('',(30.728916675517,-4.590337541962,16.));
#3861 = CARTESIAN_POINT('',(30.673369124693,-4.542978254409,16.));
#3862 = CARTESIAN_POINT('',(30.614535029446,-4.50135598326,16.));
#3863 = CARTESIAN_POINT('',(30.552571921429,-4.465834884289,16.));
#3864 = CARTESIAN_POINT('',(30.410883289237,-4.40179069856,16.));
#3865 = CARTESIAN_POINT('',(30.329984253215,-4.375817545757,16.));
#3866 = CARTESIAN_POINT('',(30.245638699264,-4.358888287724,16.));
#3867 = CARTESIAN_POINT('',(30.1584947335,-4.350708007812,16.));
#3868 = CARTESIAN_POINT('',(30.069213867188,-4.350708007812,16.));
#3869 = PCURVE('',#126,#3870);
#3870 = DEFINITIONAL_REPRESENTATION('',(#3871),#3882);
#3871 = B_SPLINE_CURVE_WITH_KNOTS('',5,(#3872,#3873,#3874,#3875,#3876,
    #3877,#3878,#3879,#3880,#3881),.UNSPECIFIED.,.F.,.F.,(6,4,6),(0.,
    0.457158810718,1.),.UNSPECIFIED.);
#3872 = CARTESIAN_POINT('',(69.781127929688,5.357055664062));
#3873 = CARTESIAN_POINT('',(69.728916675517,5.409662458038));
#3874 = CARTESIAN_POINT('',(69.673369124693,5.457021745591));
#3875 = CARTESIAN_POINT('',(69.614535029446,5.49864401674));
#3876 = CARTESIAN_POINT('',(69.552571921429,5.534165115711));
#3877 = CARTESIAN_POINT('',(69.410883289237,5.59820930144));
#3878 = CARTESIAN_POINT('',(69.329984253215,5.624182454243));
#3879 = CARTESIAN_POINT('',(69.245638699264,5.641111712276));
#3880 = CARTESIAN_POINT('',(69.1584947335,5.649291992188));
#3881 = CARTESIAN_POINT('',(69.069213867188,5.649291992188));
#3882 = ( GEOMETRIC_REPRESENTATION_CONTEXT(2) 
PARAMETRIC_REPRESENTATION_CONTEXT() REPRESENTATION_CONTEXT('2D SPACE',''
  ) );
#3883 = PCURVE('',#3884,#3891);
#3884 = SURFACE_OF_LINEAR_EXTRUSION('',#3885,#3889);
#3885 = B_SPLINE_CURVE_WITH_KNOTS('',2,(#3886,#3887,#3888),
  .UNSPECIFIED.,.F.,.F.,(3,3),(0.,1.),.PIECEWISE_BEZIER_KNOTS.);
#3886 = CARTESIAN_POINT('',(30.069213867188,-4.350708007812,15.95));
#3887 = CARTESIAN_POINT('',(30.491088867188,-4.350708007812,15.95));
#3888 = CARTESIAN_POINT('',(30.781127929688,-4.642944335938,15.95));
#3889 = VECTOR('',#3890,1.);
#3890 = DIRECTION('',(-0.,-0.,-1.));
#3891 = DEFINITIONAL_REPRESENTATION('',(#3892),#3903);
#3892 = B_SPLINE_CURVE_WITH_KNOTS('',5,(#3893,#3894,#3895,#3896,#3897,
    #3898,#3899,#3900,#3901,#3902),.UNSPECIFIED.,.F.,.F.,(6,4,6),(0.,
    0.457158810718,1.),.UNSPECIFIED.);
#3893 = CARTESIAN_POINT('',(1.,-5.E-02));
#3894 = CARTESIAN_POINT('',(0.909992720083,-5.E-02));
#3895 = CARTESIAN_POINT('',(0.818836995102,-5.E-02));
#3896 = CARTESIAN_POINT('',(0.726853516967,-5.E-02));
#3897 = CARTESIAN_POINT('',(0.634423693034,-5.E-02));
#3898 = CARTESIAN_POINT('',(0.432253919933,-5.E-02));
#3899 = CARTESIAN_POINT('',(0.322486515118,-5.E-02));
#3900 = CARTESIAN_POINT('',(0.213469847605,-5.E-02));
#3901 = CARTESIAN_POINT('',(0.105814360074,-5.E-02));
#3902 = CARTESIAN_POINT('',(0.,-5.E-02));
#3903 = ( GEOMETRIC_REPRESENTATION_CONTEXT(2) 
PARAMETRIC_REPRESENTATION_CONTEXT() REPRESENTATION_CONTEXT('2D SPACE',''
  ) );
#3904 = ORIENTED_EDGE('',*,*,#3905,.F.);
#3905 = EDGE_CURVE('',#3906,#3855,#3908,.T.);
#3906 = VERTEX_POINT('',#3907);
#3907 = CARTESIAN_POINT('',(31.071166992188,-5.394409179688,16.));
#3908 = SURFACE_CURVE('',#3909,(#3922,#3938),.PCURVE_S1.);
#3909 = B_SPLINE_CURVE_WITH_KNOTS('',6,(#3910,#3911,#3912,#3913,#3914,
    #3915,#3916,#3917,#3918,#3919,#3920,#3921),.UNSPECIFIED.,.F.,.F.,(7,
    5,7),(0.,0.687508864526,1.),.UNSPECIFIED.);
#3910 = CARTESIAN_POINT('',(31.071166992188,-5.394409179688,16.));
#3911 = CARTESIAN_POINT('',(31.071166992188,-5.293789723908,16.));
#3912 = CARTESIAN_POINT('',(31.062812552689,-5.195734879481,16.));
#3913 = CARTESIAN_POINT('',(31.045404933833,-5.10100616691,16.));
#3914 = CARTESIAN_POINT('',(31.018416422673,-5.010390113605,16.));
#3915 = CARTESIAN_POINT('',(30.98165263695,-4.924626287525,16.));
#3916 = CARTESIAN_POINT('',(30.914479451599,-4.807808273269,16.));
#3917 = CARTESIAN_POINT('',(30.891539467014,-4.772424207173,16.));
#3918 = CARTESIAN_POINT('',(30.866680295888,-4.738213059237,16.));
#3919 = CARTESIAN_POINT('',(30.83994870376,-4.705213572353,16.));
#3920 = CARTESIAN_POINT('',(30.811406390084,-4.67345217861,16.));
#3921 = CARTESIAN_POINT('',(30.781127929688,-4.642944335938,16.));
#3922 = PCURVE('',#126,#3923);
#3923 = DEFINITIONAL_REPRESENTATION('',(#3924),#3937);
#3924 = B_SPLINE_CURVE_WITH_KNOTS('',6,(#3925,#3926,#3927,#3928,#3929,
    #3930,#3931,#3932,#3933,#3934,#3935,#3936),.UNSPECIFIED.,.F.,.F.,(7,
    5,7),(0.,0.687508864526,1.),.UNSPECIFIED.);
#3925 = CARTESIAN_POINT('',(70.071166992188,4.605590820312));
#3926 = CARTESIAN_POINT('',(70.071166992188,4.706210276092));
#3927 = CARTESIAN_POINT('',(70.062812552689,4.804265120519));
#3928 = CARTESIAN_POINT('',(70.045404933833,4.89899383309));
#3929 = CARTESIAN_POINT('',(70.018416422673,4.989609886395));
#3930 = CARTESIAN_POINT('',(69.98165263695,5.075373712475));
#3931 = CARTESIAN_POINT('',(69.914479451599,5.192191726731));
#3932 = CARTESIAN_POINT('',(69.891539467014,5.227575792827));
#3933 = CARTESIAN_POINT('',(69.866680295888,5.261786940763));
#3934 = CARTESIAN_POINT('',(69.83994870376,5.294786427647));
#3935 = CARTESIAN_POINT('',(69.811406390084,5.32654782139));
#3936 = CARTESIAN_POINT('',(69.781127929688,5.357055664062));
#3937 = ( GEOMETRIC_REPRESENTATION_CONTEXT(2) 
PARAMETRIC_REPRESENTATION_CONTEXT() REPRESENTATION_CONTEXT('2D SPACE',''
  ) );
#3938 = PCURVE('',#3939,#3946);
#3939 = SURFACE_OF_LINEAR_EXTRUSION('',#3940,#3944);
#3940 = B_SPLINE_CURVE_WITH_KNOTS('',2,(#3941,#3942,#3943),
  .UNSPECIFIED.,.F.,.F.,(3,3),(0.,1.),.PIECEWISE_BEZIER_KNOTS.);
#3941 = CARTESIAN_POINT('',(30.781127929688,-4.642944335938,15.95));
#3942 = CARTESIAN_POINT('',(31.071166992188,-4.935180664062,15.95));
#3943 = CARTESIAN_POINT('',(31.071166992188,-5.394409179688,15.95));
#3944 = VECTOR('',#3945,1.);
#3945 = DIRECTION('',(-0.,-0.,-1.));
#3946 = DEFINITIONAL_REPRESENTATION('',(#3947),#3960);
#3947 = B_SPLINE_CURVE_WITH_KNOTS('',6,(#3948,#3949,#3950,#3951,#3952,
    #3953,#3954,#3955,#3956,#3957,#3958,#3959),.UNSPECIFIED.,.F.,.F.,(7,
    5,7),(0.,0.687508864526,1.),.UNSPECIFIED.);
#3948 = CARTESIAN_POINT('',(1.,-5.E-02));
#3949 = CARTESIAN_POINT('',(0.890447291102,-5.E-02));
#3950 = CARTESIAN_POINT('',(0.778449698663,-5.E-02));
#3951 = CARTESIAN_POINT('',(0.66439833051,-5.E-02));
#3952 = CARTESIAN_POINT('',(0.548818734022,-5.E-02));
#3953 = CARTESIAN_POINT('',(0.432394284553,-5.E-02));
#3954 = CARTESIAN_POINT('',(0.263095689933,-5.E-02));
#3955 = CARTESIAN_POINT('',(0.210189637331,-5.E-02));
#3956 = CARTESIAN_POINT('',(0.157357547872,-5.E-02));
#3957 = CARTESIAN_POINT('',(0.104670920281,-5.E-02));
#3958 = CARTESIAN_POINT('',(5.219721118884E-02,-5.E-02));
#3959 = CARTESIAN_POINT('',(0.,-5.E-02));
#3960 = ( GEOMETRIC_REPRESENTATION_CONTEXT(2) 
PARAMETRIC_REPRESENTATION_CONTEXT() REPRESENTATION_CONTEXT('2D SPACE',''
  ) );
#3961 = ORIENTED_EDGE('',*,*,#3962,.F.);
#3962 = EDGE_CURVE('',#3963,#3906,#3965,.T.);
#3963 = VERTEX_POINT('',#3964);
#3964 = CARTESIAN_POINT('',(30.816284179688,-6.150268554688,16.));
#3965 = SURFACE_CURVE('',#3966,(#3977,#3991),.PCURVE_S1.);
#3966 = B_SPLINE_CURVE_WITH_KNOTS('',5,(#3967,#3968,#3969,#3970,#3971,
    #3972,#3973,#3974,#3975,#3976),.UNSPECIFIED.,.F.,.F.,(6,4,6),(0.,
    0.341778797926,1.),.UNSPECIFIED.);
#3967 = CARTESIAN_POINT('',(30.816284179688,-6.150268554688,16.));
#3968 = CARTESIAN_POINT('',(30.851092552566,-6.10675808859,16.));
#3969 = CARTESIAN_POINT('',(30.883124395913,-6.061621442183,16.));
#3970 = CARTESIAN_POINT('',(30.912252871596,-6.014903187758,16.));
#3971 = CARTESIAN_POINT('',(30.938387170641,-5.966672594839,16.));
#3972 = CARTESIAN_POINT('',(31.005958862293,-5.821420452364,16.));
#3973 = CARTESIAN_POINT('',(31.039171677971,-5.720547987425,16.));
#3974 = CARTESIAN_POINT('',(31.06076539215,-5.615154346899,16.));
#3975 = CARTESIAN_POINT('',(31.071166992188,-5.506139595825,16.));
#3976 = CARTESIAN_POINT('',(31.071166992188,-5.394409179688,16.));
#3977 = PCURVE('',#126,#3978);
#3978 = DEFINITIONAL_REPRESENTATION('',(#3979),#3990);
#3979 = B_SPLINE_CURVE_WITH_KNOTS('',5,(#3980,#3981,#3982,#3983,#3984,
    #3985,#3986,#3987,#3988,#3989),.UNSPECIFIED.,.F.,.F.,(6,4,6),(0.,
    0.341778797926,1.),.UNSPECIFIED.);
#3980 = CARTESIAN_POINT('',(69.816284179688,3.849731445312));
#3981 = CARTESIAN_POINT('',(69.851092552566,3.89324191141));
#3982 = CARTESIAN_POINT('',(69.883124395913,3.938378557817));
#3983 = CARTESIAN_POINT('',(69.912252871596,3.985096812242));
#3984 = CARTESIAN_POINT('',(69.938387170641,4.033327405161));
#3985 = CARTESIAN_POINT('',(70.005958862293,4.178579547636));
#3986 = CARTESIAN_POINT('',(70.039171677971,4.279452012575));
#3987 = CARTESIAN_POINT('',(70.06076539215,4.384845653101));
#3988 = CARTESIAN_POINT('',(70.071166992188,4.493860404175));
#3989 = CARTESIAN_POINT('',(70.071166992188,4.605590820312));
#3990 = ( GEOMETRIC_REPRESENTATION_CONTEXT(2) 
PARAMETRIC_REPRESENTATION_CONTEXT() REPRESENTATION_CONTEXT('2D SPACE',''
  ) );
#3991 = PCURVE('',#3992,#3999);
#3992 = SURFACE_OF_LINEAR_EXTRUSION('',#3993,#3997);
#3993 = B_SPLINE_CURVE_WITH_KNOTS('',2,(#3994,#3995,#3996),
  .UNSPECIFIED.,.F.,.F.,(3,3),(0.,1.),.PIECEWISE_BEZIER_KNOTS.);
#3994 = CARTESIAN_POINT('',(31.071166992188,-5.394409179688,15.95));
#3995 = CARTESIAN_POINT('',(31.071166992188,-5.831665039062,15.95));
#3996 = CARTESIAN_POINT('',(30.816284179688,-6.150268554688,15.95));
#3997 = VECTOR('',#3998,1.);
#3998 = DIRECTION('',(-0.,-0.,-1.));
#3999 = DEFINITIONAL_REPRESENTATION('',(#4000),#4011);
#4000 = B_SPLINE_CURVE_WITH_KNOTS('',5,(#4001,#4002,#4003,#4004,#4005,
    #4006,#4007,#4008,#4009,#4010),.UNSPECIFIED.,.F.,.F.,(6,4,6),(0.,
    0.341778797926,1.),.UNSPECIFIED.);
#4001 = CARTESIAN_POINT('',(1.,-5.E-02));
#4002 = CARTESIAN_POINT('',(0.931716908377,-5.E-02));
#4003 = CARTESIAN_POINT('',(0.863052280482,-5.E-02));
#4004 = CARTESIAN_POINT('',(0.794124602581,-5.E-02));
#4005 = CARTESIAN_POINT('',(0.725061423185,-5.E-02));
#4006 = CARTESIAN_POINT('',(0.522996743914,-5.E-02));
#4007 = CARTESIAN_POINT('',(0.389969820686,-5.E-02));
#4008 = CARTESIAN_POINT('',(0.257957997052,-5.E-02));
#4009 = CARTESIAN_POINT('',(0.127763200586,-5.E-02));
#4010 = CARTESIAN_POINT('',(0.,-5.E-02));
#4011 = ( GEOMETRIC_REPRESENTATION_CONTEXT(2) 
PARAMETRIC_REPRESENTATION_CONTEXT() REPRESENTATION_CONTEXT('2D SPACE',''
  ) );
#4012 = ORIENTED_EDGE('',*,*,#4013,.F.);
#4013 = EDGE_CURVE('',#4014,#3963,#4016,.T.);
#4014 = VERTEX_POINT('',#4015);
#4015 = CARTESIAN_POINT('',(29.970336914062,-6.541381835938,16.));
#4016 = SURFACE_CURVE('',#4017,(#4032,#4050),.PCURVE_S1.);
#4017 = B_SPLINE_CURVE_WITH_KNOTS('',5,(#4018,#4019,#4020,#4021,#4022,
    #4023,#4024,#4025,#4026,#4027,#4028,#4029,#4030,#4031),
  .UNSPECIFIED.,.F.,.F.,(6,4,4,6),(0.,0.20039835931,0.597162876095,1.),
  .UNSPECIFIED.);
#4018 = CARTESIAN_POINT('',(29.970336914062,-6.541381835938,16.));
#4019 = CARTESIAN_POINT('',(30.011118271668,-6.541381835938,16.));
#4020 = CARTESIAN_POINT('',(30.051519035869,-6.539967462842,16.));
#4021 = CARTESIAN_POINT('',(30.091482216426,-6.537078035998,16.));
#4022 = CARTESIAN_POINT('',(30.130944483225,-6.53265737919,16.));
#4023 = CARTESIAN_POINT('',(30.246844627708,-6.514791565776,16.));
#4024 = CARTESIAN_POINT('',(30.321638073681,-6.49674585327,16.));
#4025 = CARTESIAN_POINT('',(30.393663583281,-6.472187781343,16.));
#4026 = CARTESIAN_POINT('',(30.462393538213,-6.440984650577,16.));
#4027 = CARTESIAN_POINT('',(30.593420412027,-6.365205824521,16.));
#4028 = CARTESIAN_POINT('',(30.655622341195,-6.320421441644,16.));
#4029 = CARTESIAN_POINT('',(30.713571939777,-6.269280624113,16.));
#4030 = CARTESIAN_POINT('',(30.767118760557,-6.212335537704,16.));
#4031 = CARTESIAN_POINT('',(30.816284179688,-6.150268554688,16.));
#4032 = PCURVE('',#126,#4033);
#4033 = DEFINITIONAL_REPRESENTATION('',(#4034),#4049);
#4034 = B_SPLINE_CURVE_WITH_KNOTS('',5,(#4035,#4036,#4037,#4038,#4039,
    #4040,#4041,#4042,#4043,#4044,#4045,#4046,#4047,#4048),
  .UNSPECIFIED.,.F.,.F.,(6,4,4,6),(0.,0.20039835931,0.597162876095,1.),
  .UNSPECIFIED.);
#4035 = CARTESIAN_POINT('',(68.970336914062,3.458618164062));
#4036 = CARTESIAN_POINT('',(69.011118271668,3.458618164062));
#4037 = CARTESIAN_POINT('',(69.051519035869,3.460032537158));
#4038 = CARTESIAN_POINT('',(69.091482216426,3.462921964002));
#4039 = CARTESIAN_POINT('',(69.130944483225,3.46734262081));
#4040 = CARTESIAN_POINT('',(69.246844627708,3.485208434224));
#4041 = CARTESIAN_POINT('',(69.321638073681,3.50325414673));
#4042 = CARTESIAN_POINT('',(69.393663583281,3.527812218657));
#4043 = CARTESIAN_POINT('',(69.462393538213,3.559015349423));
#4044 = CARTESIAN_POINT('',(69.593420412027,3.634794175479));
#4045 = CARTESIAN_POINT('',(69.655622341195,3.679578558356));
#4046 = CARTESIAN_POINT('',(69.713571939777,3.730719375887));
#4047 = CARTESIAN_POINT('',(69.767118760557,3.787664462296));
#4048 = CARTESIAN_POINT('',(69.816284179688,3.849731445312));
#4049 = ( GEOMETRIC_REPRESENTATION_CONTEXT(2) 
PARAMETRIC_REPRESENTATION_CONTEXT() REPRESENTATION_CONTEXT('2D SPACE',''
  ) );
#4050 = PCURVE('',#4051,#4058);
#4051 = SURFACE_OF_LINEAR_EXTRUSION('',#4052,#4056);
#4052 = B_SPLINE_CURVE_WITH_KNOTS('',2,(#4053,#4054,#4055),
  .UNSPECIFIED.,.F.,.F.,(3,3),(0.,1.),.PIECEWISE_BEZIER_KNOTS.);
#4053 = CARTESIAN_POINT('',(30.816284179688,-6.150268554688,15.95));
#4054 = CARTESIAN_POINT('',(30.506469726562,-6.541381835938,15.95));
#4055 = CARTESIAN_POINT('',(29.970336914062,-6.541381835938,15.95));
#4056 = VECTOR('',#4057,1.);
#4057 = DIRECTION('',(-0.,-0.,-1.));
#4058 = DEFINITIONAL_REPRESENTATION('',(#4059),#4074);
#4059 = B_SPLINE_CURVE_WITH_KNOTS('',5,(#4060,#4061,#4062,#4063,#4064,
    #4065,#4066,#4067,#4068,#4069,#4070,#4071,#4072,#4073),
  .UNSPECIFIED.,.F.,.F.,(6,4,4,6),(0.,0.20039835931,0.597162876095,1.),
  .UNSPECIFIED.);
#4060 = CARTESIAN_POINT('',(1.,-5.E-02));
#4061 = CARTESIAN_POINT('',(0.961967112761,-5.E-02));
#4062 = CARTESIAN_POINT('',(0.923525897622,-5.E-02));
#4063 = CARTESIAN_POINT('',(0.884696757437,-5.E-02));
#4064 = CARTESIAN_POINT('',(0.845508438486,-5.E-02));
#4065 = CARTESIAN_POINT('',(0.727778069646,-5.E-02));
#4066 = CARTESIAN_POINT('',(0.648286919374,-5.E-02));
#4067 = CARTESIAN_POINT('',(0.567862743405,-5.E-02));
#4068 = CARTESIAN_POINT('',(0.48692598938,-5.E-02));
#4069 = CARTESIAN_POINT('',(0.323835412614,-5.E-02));
#4070 = CARTESIAN_POINT('',(0.241657558783,-5.E-02));
#4071 = CARTESIAN_POINT('',(0.160015177644,-5.E-02));
#4072 = CARTESIAN_POINT('',(7.934655506679E-02,-5.E-02));
#4073 = CARTESIAN_POINT('',(0.,-5.E-02));
#4074 = ( GEOMETRIC_REPRESENTATION_CONTEXT(2) 
PARAMETRIC_REPRESENTATION_CONTEXT() REPRESENTATION_CONTEXT('2D SPACE',''
  ) );
#4075 = ORIENTED_EDGE('',*,*,#4076,.F.);
#4076 = EDGE_CURVE('',#4077,#4014,#4079,.T.);
#4077 = VERTEX_POINT('',#4078);
#4078 = CARTESIAN_POINT('',(29.2529296875,-6.295288085938,16.));
#4079 = SURFACE_CURVE('',#4080,(#4093,#4109),.PCURVE_S1.);
#4080 = B_SPLINE_CURVE_WITH_KNOTS('',6,(#4081,#4082,#4083,#4084,#4085,
    #4086,#4087,#4088,#4089,#4090,#4091,#4092),.UNSPECIFIED.,.F.,.F.,(7,
    5,7),(0.,0.176627231208,1.),.UNSPECIFIED.);
#4081 = CARTESIAN_POINT('',(29.2529296875,-6.295288085938,16.));
#4082 = CARTESIAN_POINT('',(29.269566328492,-6.310017760176,16.));
#4083 = CARTESIAN_POINT('',(29.286574278828,-6.32423986912,16.));
#4084 = CARTESIAN_POINT('',(29.303949570169,-6.337946299448,16.));
#4085 = CARTESIAN_POINT('',(29.321687295884,-6.3511301387,16.));
#4086 = CARTESIAN_POINT('',(29.339781611044,-6.363785675276,16.));
#4087 = CARTESIAN_POINT('',(29.444205607571,-6.432420183549,16.));
#4088 = CARTESIAN_POINT('',(29.537817582351,-6.477373947401,16.));
#4089 = CARTESIAN_POINT('',(29.638296531092,-6.510241667406,16.));
#4090 = CARTESIAN_POINT('',(29.744610420751,-6.531324333429,16.));
#4091 = CARTESIAN_POINT('',(29.855645855117,-6.541381835938,16.));
#4092 = CARTESIAN_POINT('',(29.970336914062,-6.541381835938,16.));
#4093 = PCURVE('',#126,#4094);
#4094 = DEFINITIONAL_REPRESENTATION('',(#4095),#4108);
#4095 = B_SPLINE_CURVE_WITH_KNOTS('',6,(#4096,#4097,#4098,#4099,#4100,
    #4101,#4102,#4103,#4104,#4105,#4106,#4107),.UNSPECIFIED.,.F.,.F.,(7,
    5,7),(0.,0.176627231208,1.),.UNSPECIFIED.);
#4096 = CARTESIAN_POINT('',(68.2529296875,3.704711914062));
#4097 = CARTESIAN_POINT('',(68.269566328492,3.689982239824));
#4098 = CARTESIAN_POINT('',(68.286574278828,3.67576013088));
#4099 = CARTESIAN_POINT('',(68.303949570169,3.662053700552));
#4100 = CARTESIAN_POINT('',(68.321687295884,3.6488698613));
#4101 = CARTESIAN_POINT('',(68.339781611044,3.636214324724));
#4102 = CARTESIAN_POINT('',(68.444205607571,3.567579816451));
#4103 = CARTESIAN_POINT('',(68.537817582351,3.522626052599));
#4104 = CARTESIAN_POINT('',(68.638296531092,3.489758332594));
#4105 = CARTESIAN_POINT('',(68.744610420751,3.468675666571));
#4106 = CARTESIAN_POINT('',(68.855645855117,3.458618164062));
#4107 = CARTESIAN_POINT('',(68.970336914062,3.458618164062));
#4108 = ( GEOMETRIC_REPRESENTATION_CONTEXT(2) 
PARAMETRIC_REPRESENTATION_CONTEXT() REPRESENTATION_CONTEXT('2D SPACE',''
  ) );
#4109 = PCURVE('',#4110,#4117);
#4110 = SURFACE_OF_LINEAR_EXTRUSION('',#4111,#4115);
#4111 = B_SPLINE_CURVE_WITH_KNOTS('',2,(#4112,#4113,#4114),
  .UNSPECIFIED.,.F.,.F.,(3,3),(0.,1.),.PIECEWISE_BEZIER_KNOTS.);
#4112 = CARTESIAN_POINT('',(29.970336914062,-6.541381835938,15.95));
#4113 = CARTESIAN_POINT('',(29.530883789062,-6.541381835938,15.95));
#4114 = CARTESIAN_POINT('',(29.2529296875,-6.295288085938,15.95));
#4115 = VECTOR('',#4116,1.);
#4116 = DIRECTION('',(-0.,-0.,-1.));
#4117 = DEFINITIONAL_REPRESENTATION('',(#4118),#4131);
#4118 = B_SPLINE_CURVE_WITH_KNOTS('',6,(#4119,#4120,#4121,#4122,#4123,
    #4124,#4125,#4126,#4127,#4128,#4129,#4130),.UNSPECIFIED.,.F.,.F.,(7,
    5,7),(0.,0.176627231208,1.),.UNSPECIFIED.);
#4119 = CARTESIAN_POINT('',(1.,-5.E-02));
#4120 = CARTESIAN_POINT('',(0.970073042818,-5.E-02));
#4121 = CARTESIAN_POINT('',(0.940102600202,-5.E-02));
#4122 = CARTESIAN_POINT('',(0.910099245186,-5.E-02));
#4123 = CARTESIAN_POINT('',(0.880073721731,-5.E-02));
#4124 = CARTESIAN_POINT('',(0.850036944729,-5.E-02));
#4125 = CARTESIAN_POINT('',(0.679978542503,-5.E-02));
#4126 = CARTESIAN_POINT('',(0.539903440855,-5.E-02));
#4127 = CARTESIAN_POINT('',(0.401039494906,-5.E-02));
#4128 = CARTESIAN_POINT('',(0.264336189818,-5.E-02));
#4129 = CARTESIAN_POINT('',(0.130492938178,-5.E-02));
#4130 = CARTESIAN_POINT('',(0.,-5.E-02));
#4131 = ( GEOMETRIC_REPRESENTATION_CONTEXT(2) 
PARAMETRIC_REPRESENTATION_CONTEXT() REPRESENTATION_CONTEXT('2D SPACE',''
  ) );
#4132 = ORIENTED_EDGE('',*,*,#4133,.F.);
#4133 = EDGE_CURVE('',#3211,#4077,#4134,.T.);
#4134 = SURFACE_CURVE('',#4135,(#4146,#4160),.PCURVE_S1.);
#4135 = B_SPLINE_CURVE_WITH_KNOTS('',5,(#4136,#4137,#4138,#4139,#4140,
    #4141,#4142,#4143,#4144,#4145),.UNSPECIFIED.,.F.,.F.,(6,4,6),(0.,
    0.678696121589,1.),.UNSPECIFIED.);
#4136 = CARTESIAN_POINT('',(28.935424804688,-5.642700195312,16.));
#4137 = CARTESIAN_POINT('',(28.945789967031,-5.749231030505,16.));
#4138 = CARTESIAN_POINT('',(28.966620066449,-5.851248264191,16.));
#4139 = CARTESIAN_POINT('',(28.998768660811,-5.947573302474,16.));
#4140 = CARTESIAN_POINT('',(29.042686631474,-6.037073412013,16.));
#4141 = CARTESIAN_POINT('',(29.123953377241,-6.157757367487,16.));
#4142 = CARTESIAN_POINT('',(29.15258673578,-6.194837320279,16.));
#4143 = CARTESIAN_POINT('',(29.183690636199,-6.230144233136,16.));
#4144 = CARTESIAN_POINT('',(29.217177192895,-6.263633703362,16.));
#4145 = CARTESIAN_POINT('',(29.2529296875,-6.295288085938,16.));
#4146 = PCURVE('',#126,#4147);
#4147 = DEFINITIONAL_REPRESENTATION('',(#4148),#4159);
#4148 = B_SPLINE_CURVE_WITH_KNOTS('',5,(#4149,#4150,#4151,#4152,#4153,
    #4154,#4155,#4156,#4157,#4158),.UNSPECIFIED.,.F.,.F.,(6,4,6),(0.,
    0.678696121589,1.),.UNSPECIFIED.);
#4149 = CARTESIAN_POINT('',(67.935424804688,4.357299804688));
#4150 = CARTESIAN_POINT('',(67.945789967031,4.250768969495));
#4151 = CARTESIAN_POINT('',(67.966620066449,4.148751735809));
#4152 = CARTESIAN_POINT('',(67.998768660811,4.052426697526));
#4153 = CARTESIAN_POINT('',(68.042686631474,3.962926587987));
#4154 = CARTESIAN_POINT('',(68.123953377241,3.842242632513));
#4155 = CARTESIAN_POINT('',(68.15258673578,3.805162679721));
#4156 = CARTESIAN_POINT('',(68.183690636199,3.769855766864));
#4157 = CARTESIAN_POINT('',(68.217177192895,3.736366296638));
#4158 = CARTESIAN_POINT('',(68.2529296875,3.704711914062));
#4159 = ( GEOMETRIC_REPRESENTATION_CONTEXT(2) 
PARAMETRIC_REPRESENTATION_CONTEXT() REPRESENTATION_CONTEXT('2D SPACE',''
  ) );
#4160 = PCURVE('',#4161,#4168);
#4161 = SURFACE_OF_LINEAR_EXTRUSION('',#4162,#4166);
#4162 = B_SPLINE_CURVE_WITH_KNOTS('',2,(#4163,#4164,#4165),
  .UNSPECIFIED.,.F.,.F.,(3,3),(0.,1.),.PIECEWISE_BEZIER_KNOTS.);
#4163 = CARTESIAN_POINT('',(29.2529296875,-6.295288085938,15.95));
#4164 = CARTESIAN_POINT('',(28.974975585938,-6.049194335938,15.95));
#4165 = CARTESIAN_POINT('',(28.935424804688,-5.642700195312,15.95));
#4166 = VECTOR('',#4167,1.);
#4167 = DIRECTION('',(-0.,-0.,-1.));
#4168 = DEFINITIONAL_REPRESENTATION('',(#4169),#4180);
#4169 = B_SPLINE_CURVE_WITH_KNOTS('',5,(#4170,#4171,#4172,#4173,#4174,
    #4175,#4176,#4177,#4178,#4179),.UNSPECIFIED.,.F.,.F.,(6,4,6),(0.,
    0.678696121589,1.),.UNSPECIFIED.);
#4170 = CARTESIAN_POINT('',(1.,-5.E-02));
#4171 = CARTESIAN_POINT('',(0.868963873588,-5.E-02));
#4172 = CARTESIAN_POINT('',(0.735010062403,-5.E-02));
#4173 = CARTESIAN_POINT('',(0.59883621671,-5.E-02));
#4174 = CARTESIAN_POINT('',(0.461399814065,-5.E-02));
#4175 = CARTESIAN_POINT('',(0.258953078782,-5.E-02));
#4176 = CARTESIAN_POINT('',(0.193905482375,-5.E-02));
#4177 = CARTESIAN_POINT('',(0.128985836698,-5.E-02));
#4178 = CARTESIAN_POINT('',(6.431366618435E-02,-5.E-02));
#4179 = CARTESIAN_POINT('',(0.,-5.E-02));
#4180 = ( GEOMETRIC_REPRESENTATION_CONTEXT(2) 
PARAMETRIC_REPRESENTATION_CONTEXT() REPRESENTATION_CONTEXT('2D SPACE',''
  ) );
#4181 = FACE_BOUND('',#4182,.T.);
#4182 = EDGE_LOOP('',(#4183,#4211,#4237,#4263));
#4183 = ORIENTED_EDGE('',*,*,#4184,.T.);
#4184 = EDGE_CURVE('',#4185,#4187,#4189,.T.);
#4185 = VERTEX_POINT('',#4186);
#4186 = CARTESIAN_POINT('',(-25.9,2.8,16.));
#4187 = VERTEX_POINT('',#4188);
#4188 = CARTESIAN_POINT('',(-34.1,2.8,16.));
#4189 = SURFACE_CURVE('',#4190,(#4194,#4200),.PCURVE_S1.);
#4190 = LINE('',#4191,#4192);
#4191 = CARTESIAN_POINT('',(-36.55,2.8,16.));
#4192 = VECTOR('',#4193,1.);
#4193 = DIRECTION('',(-1.,0.,0.));
#4194 = PCURVE('',#126,#4195);
#4195 = DEFINITIONAL_REPRESENTATION('',(#4196),#4199);
#4196 = B_SPLINE_CURVE_WITH_KNOTS('',1,(#4197,#4198),.UNSPECIFIED.,.F.,
  .F.,(2,2),(-10.65,-2.45),.PIECEWISE_BEZIER_KNOTS.);
#4197 = CARTESIAN_POINT('',(13.1,12.8));
#4198 = CARTESIAN_POINT('',(4.9,12.8));
#4199 = ( GEOMETRIC_REPRESENTATION_CONTEXT(2) 
PARAMETRIC_REPRESENTATION_CONTEXT() REPRESENTATION_CONTEXT('2D SPACE',''
  ) );
#4200 = PCURVE('',#4201,#4206);
#4201 = PLANE('',#4202);
#4202 = AXIS2_PLACEMENT_3D('',#4203,#4204,#4205);
#4203 = CARTESIAN_POINT('',(-34.1,2.8,4.));
#4204 = DIRECTION('',(0.,1.,0.));
#4205 = DIRECTION('',(0.,0.,1.));
#4206 = DEFINITIONAL_REPRESENTATION('',(#4207),#4210);
#4207 = B_SPLINE_CURVE_WITH_KNOTS('',1,(#4208,#4209),.UNSPECIFIED.,.F.,
  .F.,(2,2),(-10.65,-2.45),.PIECEWISE_BEZIER_KNOTS.);
#4208 = CARTESIAN_POINT('',(12.,8.2));
#4209 = CARTESIAN_POINT('',(12.,0.));
#4210 = ( GEOMETRIC_REPRESENTATION_CONTEXT(2) 
PARAMETRIC_REPRESENTATION_CONTEXT() REPRESENTATION_CONTEXT('2D SPACE',''
  ) );
#4211 = ORIENTED_EDGE('',*,*,#4212,.T.);
#4212 = EDGE_CURVE('',#4187,#4213,#4215,.T.);
#4213 = VERTEX_POINT('',#4214);
#4214 = CARTESIAN_POINT('',(-34.1,5.2,16.));
#4215 = SURFACE_CURVE('',#4216,(#4220,#4226),.PCURVE_S1.);
#4216 = LINE('',#4217,#4218);
#4217 = CARTESIAN_POINT('',(-34.1,-3.6,16.));
#4218 = VECTOR('',#4219,1.);
#4219 = DIRECTION('',(0.,1.,0.));
#4220 = PCURVE('',#126,#4221);
#4221 = DEFINITIONAL_REPRESENTATION('',(#4222),#4225);
#4222 = B_SPLINE_CURVE_WITH_KNOTS('',1,(#4223,#4224),.UNSPECIFIED.,.F.,
  .F.,(2,2),(6.4,8.8),.PIECEWISE_BEZIER_KNOTS.);
#4223 = CARTESIAN_POINT('',(4.9,12.8));
#4224 = CARTESIAN_POINT('',(4.9,15.2));
#4225 = ( GEOMETRIC_REPRESENTATION_CONTEXT(2) 
PARAMETRIC_REPRESENTATION_CONTEXT() REPRESENTATION_CONTEXT('2D SPACE',''
  ) );
#4226 = PCURVE('',#4227,#4232);
#4227 = PLANE('',#4228);
#4228 = AXIS2_PLACEMENT_3D('',#4229,#4230,#4231);
#4229 = CARTESIAN_POINT('',(-34.1,2.8,4.));
#4230 = DIRECTION('',(1.,0.,0.));
#4231 = DIRECTION('',(0.,0.,1.));
#4232 = DEFINITIONAL_REPRESENTATION('',(#4233),#4236);
#4233 = B_SPLINE_CURVE_WITH_KNOTS('',1,(#4234,#4235),.UNSPECIFIED.,.F.,
  .F.,(2,2),(6.4,8.8),.PIECEWISE_BEZIER_KNOTS.);
#4234 = CARTESIAN_POINT('',(12.,0.));
#4235 = CARTESIAN_POINT('',(12.,-2.4));
#4236 = ( GEOMETRIC_REPRESENTATION_CONTEXT(2) 
PARAMETRIC_REPRESENTATION_CONTEXT() REPRESENTATION_CONTEXT('2D SPACE',''
  ) );
#4237 = ORIENTED_EDGE('',*,*,#4238,.F.);
#4238 = EDGE_CURVE('',#4239,#4213,#4241,.T.);
#4239 = VERTEX_POINT('',#4240);
#4240 = CARTESIAN_POINT('',(-25.9,5.2,16.));
#4241 = SURFACE_CURVE('',#4242,(#4246,#4252),.PCURVE_S1.);
#4242 = LINE('',#4243,#4244);
#4243 = CARTESIAN_POINT('',(-36.55,5.2,16.));
#4244 = VECTOR('',#4245,1.);
#4245 = DIRECTION('',(-1.,0.,0.));
#4246 = PCURVE('',#126,#4247);
#4247 = DEFINITIONAL_REPRESENTATION('',(#4248),#4251);
#4248 = B_SPLINE_CURVE_WITH_KNOTS('',1,(#4249,#4250),.UNSPECIFIED.,.F.,
  .F.,(2,2),(-10.65,-2.45),.PIECEWISE_BEZIER_KNOTS.);
#4249 = CARTESIAN_POINT('',(13.1,15.2));
#4250 = CARTESIAN_POINT('',(4.9,15.2));
#4251 = ( GEOMETRIC_REPRESENTATION_CONTEXT(2) 
PARAMETRIC_REPRESENTATION_CONTEXT() REPRESENTATION_CONTEXT('2D SPACE',''
  ) );
#4252 = PCURVE('',#4253,#4258);
#4253 = PLANE('',#4254);
#4254 = AXIS2_PLACEMENT_3D('',#4255,#4256,#4257);
#4255 = CARTESIAN_POINT('',(-34.1,5.2,4.));
#4256 = DIRECTION('',(0.,1.,0.));
#4257 = DIRECTION('',(0.,0.,1.));
#4258 = DEFINITIONAL_REPRESENTATION('',(#4259),#4262);
#4259 = B_SPLINE_CURVE_WITH_KNOTS('',1,(#4260,#4261),.UNSPECIFIED.,.F.,
  .F.,(2,2),(-10.65,-2.45),.PIECEWISE_BEZIER_KNOTS.);
#4260 = CARTESIAN_POINT('',(12.,8.2));
#4261 = CARTESIAN_POINT('',(12.,0.));
#4262 = ( GEOMETRIC_REPRESENTATION_CONTEXT(2) 
PARAMETRIC_REPRESENTATION_CONTEXT() REPRESENTATION_CONTEXT('2D SPACE',''
  ) );
#4263 = ORIENTED_EDGE('',*,*,#4264,.F.);
#4264 = EDGE_CURVE('',#4185,#4239,#4265,.T.);
#4265 = SURFACE_CURVE('',#4266,(#4270,#4276),.PCURVE_S1.);
#4266 = LINE('',#4267,#4268);
#4267 = CARTESIAN_POINT('',(-25.9,-3.6,16.));
#4268 = VECTOR('',#4269,1.);
#4269 = DIRECTION('',(0.,1.,0.));
#4270 = PCURVE('',#126,#4271);
#4271 = DEFINITIONAL_REPRESENTATION('',(#4272),#4275);
#4272 = B_SPLINE_CURVE_WITH_KNOTS('',1,(#4273,#4274),.UNSPECIFIED.,.F.,
  .F.,(2,2),(6.4,8.8),.PIECEWISE_BEZIER_KNOTS.);
#4273 = CARTESIAN_POINT('',(13.1,12.8));
#4274 = CARTESIAN_POINT('',(13.1,15.2));
#4275 = ( GEOMETRIC_REPRESENTATION_CONTEXT(2) 
PARAMETRIC_REPRESENTATION_CONTEXT() REPRESENTATION_CONTEXT('2D SPACE',''
  ) );
#4276 = PCURVE('',#4277,#4282);
#4277 = PLANE('',#4278);
#4278 = AXIS2_PLACEMENT_3D('',#4279,#4280,#4281);
#4279 = CARTESIAN_POINT('',(-25.9,2.8,4.));
#4280 = DIRECTION('',(1.,0.,0.));
#4281 = DIRECTION('',(0.,0.,1.));
#4282 = DEFINITIONAL_REPRESENTATION('',(#4283),#4286);
#4283 = B_SPLINE_CURVE_WITH_KNOTS('',1,(#4284,#4285),.UNSPECIFIED.,.F.,
  .F.,(2,2),(6.4,8.8),.PIECEWISE_BEZIER_KNOTS.);
#4284 = CARTESIAN_POINT('',(12.,0.));
#4285 = CARTESIAN_POINT('',(12.,-2.4));
#4286 = ( GEOMETRIC_REPRESENTATION_CONTEXT(2) 
PARAMETRIC_REPRESENTATION_CONTEXT() REPRESENTATION_CONTEXT('2D SPACE',''
  ) );
#4287 = FACE_BOUND('',#4288,.T.);
#4288 = EDGE_LOOP('',(#4289,#4317,#4343,#4369));
#4289 = ORIENTED_EDGE('',*,*,#4290,.T.);
#4290 = EDGE_CURVE('',#4291,#4293,#4295,.T.);
#4291 = VERTEX_POINT('',#4292);
#4292 = CARTESIAN_POINT('',(-10.8,2.8,16.));
#4293 = VERTEX_POINT('',#4294);
#4294 = CARTESIAN_POINT('',(-19.2,2.8,16.));
#4295 = SURFACE_CURVE('',#4296,(#4300,#4306),.PCURVE_S1.);
#4296 = LINE('',#4297,#4298);
#4297 = CARTESIAN_POINT('',(-29.1,2.8,16.));
#4298 = VECTOR('',#4299,1.);
#4299 = DIRECTION('',(-1.,0.,0.));
#4300 = PCURVE('',#126,#4301);
#4301 = DEFINITIONAL_REPRESENTATION('',(#4302),#4305);
#4302 = B_SPLINE_CURVE_WITH_KNOTS('',1,(#4303,#4304),.UNSPECIFIED.,.F.,
  .F.,(2,2),(-18.3,-9.9),.PIECEWISE_BEZIER_KNOTS.);
#4303 = CARTESIAN_POINT('',(28.2,12.8));
#4304 = CARTESIAN_POINT('',(19.8,12.8));
#4305 = ( GEOMETRIC_REPRESENTATION_CONTEXT(2) 
PARAMETRIC_REPRESENTATION_CONTEXT() REPRESENTATION_CONTEXT('2D SPACE',''
  ) );
#4306 = PCURVE('',#4307,#4312);
#4307 = PLANE('',#4308);
#4308 = AXIS2_PLACEMENT_3D('',#4309,#4310,#4311);
#4309 = CARTESIAN_POINT('',(-19.2,2.8,4.));
#4310 = DIRECTION('',(0.,1.,0.));
#4311 = DIRECTION('',(0.,0.,1.));
#4312 = DEFINITIONAL_REPRESENTATION('',(#4313),#4316);
#4313 = B_SPLINE_CURVE_WITH_KNOTS('',1,(#4314,#4315),.UNSPECIFIED.,.F.,
  .F.,(2,2),(-18.3,-9.9),.PIECEWISE_BEZIER_KNOTS.);
#4314 = CARTESIAN_POINT('',(12.,8.4));
#4315 = CARTESIAN_POINT('',(12.,0.));
#4316 = ( GEOMETRIC_REPRESENTATION_CONTEXT(2) 
PARAMETRIC_REPRESENTATION_CONTEXT() REPRESENTATION_CONTEXT('2D SPACE',''
  ) );
#4317 = ORIENTED_EDGE('',*,*,#4318,.T.);
#4318 = EDGE_CURVE('',#4293,#4319,#4321,.T.);
#4319 = VERTEX_POINT('',#4320);
#4320 = CARTESIAN_POINT('',(-19.2,5.2,16.));
#4321 = SURFACE_CURVE('',#4322,(#4326,#4332),.PCURVE_S1.);
#4322 = LINE('',#4323,#4324);
#4323 = CARTESIAN_POINT('',(-19.2,-3.6,16.));
#4324 = VECTOR('',#4325,1.);
#4325 = DIRECTION('',(0.,1.,0.));
#4326 = PCURVE('',#126,#4327);
#4327 = DEFINITIONAL_REPRESENTATION('',(#4328),#4331);
#4328 = B_SPLINE_CURVE_WITH_KNOTS('',1,(#4329,#4330),.UNSPECIFIED.,.F.,
  .F.,(2,2),(6.4,8.8),.PIECEWISE_BEZIER_KNOTS.);
#4329 = CARTESIAN_POINT('',(19.8,12.8));
#4330 = CARTESIAN_POINT('',(19.8,15.2));
#4331 = ( GEOMETRIC_REPRESENTATION_CONTEXT(2) 
PARAMETRIC_REPRESENTATION_CONTEXT() REPRESENTATION_CONTEXT('2D SPACE',''
  ) );
#4332 = PCURVE('',#4333,#4338);
#4333 = PLANE('',#4334);
#4334 = AXIS2_PLACEMENT_3D('',#4335,#4336,#4337);
#4335 = CARTESIAN_POINT('',(-19.2,2.8,4.));
#4336 = DIRECTION('',(1.,0.,0.));
#4337 = DIRECTION('',(0.,0.,1.));
#4338 = DEFINITIONAL_REPRESENTATION('',(#4339),#4342);
#4339 = B_SPLINE_CURVE_WITH_KNOTS('',1,(#4340,#4341),.UNSPECIFIED.,.F.,
  .F.,(2,2),(6.4,8.8),.PIECEWISE_BEZIER_KNOTS.);
#4340 = CARTESIAN_POINT('',(12.,0.));
#4341 = CARTESIAN_POINT('',(12.,-2.4));
#4342 = ( GEOMETRIC_REPRESENTATION_CONTEXT(2) 
PARAMETRIC_REPRESENTATION_CONTEXT() REPRESENTATION_CONTEXT('2D SPACE',''
  ) );
#4343 = ORIENTED_EDGE('',*,*,#4344,.F.);
#4344 = EDGE_CURVE('',#4345,#4319,#4347,.T.);
#4345 = VERTEX_POINT('',#4346);
#4346 = CARTESIAN_POINT('',(-10.8,5.2,16.));
#4347 = SURFACE_CURVE('',#4348,(#4352,#4358),.PCURVE_S1.);
#4348 = LINE('',#4349,#4350);
#4349 = CARTESIAN_POINT('',(-29.1,5.2,16.));
#4350 = VECTOR('',#4351,1.);
#4351 = DIRECTION('',(-1.,0.,0.));
#4352 = PCURVE('',#126,#4353);
#4353 = DEFINITIONAL_REPRESENTATION('',(#4354),#4357);
#4354 = B_SPLINE_CURVE_WITH_KNOTS('',1,(#4355,#4356),.UNSPECIFIED.,.F.,
  .F.,(2,2),(-18.3,-9.9),.PIECEWISE_BEZIER_KNOTS.);
#4355 = CARTESIAN_POINT('',(28.2,15.2));
#4356 = CARTESIAN_POINT('',(19.8,15.2));
#4357 = ( GEOMETRIC_REPRESENTATION_CONTEXT(2) 
PARAMETRIC_REPRESENTATION_CONTEXT() REPRESENTATION_CONTEXT('2D SPACE',''
  ) );
#4358 = PCURVE('',#4359,#4364);
#4359 = PLANE('',#4360);
#4360 = AXIS2_PLACEMENT_3D('',#4361,#4362,#4363);
#4361 = CARTESIAN_POINT('',(-19.2,5.2,4.));
#4362 = DIRECTION('',(0.,1.,0.));
#4363 = DIRECTION('',(0.,0.,1.));
#4364 = DEFINITIONAL_REPRESENTATION('',(#4365),#4368);
#4365 = B_SPLINE_CURVE_WITH_KNOTS('',1,(#4366,#4367),.UNSPECIFIED.,.F.,
  .F.,(2,2),(-18.3,-9.9),.PIECEWISE_BEZIER_KNOTS.);
#4366 = CARTESIAN_POINT('',(12.,8.4));
#4367 = CARTESIAN_POINT('',(12.,0.));
#4368 = ( GEOMETRIC_REPRESENTATION_CONTEXT(2) 
PARAMETRIC_REPRESENTATION_CONTEXT() REPRESENTATION_CONTEXT('2D SPACE',''
  ) );
#4369 = ORIENTED_EDGE('',*,*,#4370,.F.);
#4370 = EDGE_CURVE('',#4291,#4345,#4371,.T.);
#4371 = SURFACE_CURVE('',#4372,(#4376,#4382),.PCURVE_S1.);
#4372 = LINE('',#4373,#4374);
#4373 = CARTESIAN_POINT('',(-10.8,-3.6,16.));
#4374 = VECTOR('',#4375,1.);
#4375 = DIRECTION('',(0.,1.,0.));
#4376 = PCURVE('',#126,#4377);
#4377 = DEFINITIONAL_REPRESENTATION('',(#4378),#4381);
#4378 = B_SPLINE_CURVE_WITH_KNOTS('',1,(#4379,#4380),.UNSPECIFIED.,.F.,
  .F.,(2,2),(6.4,8.8),.PIECEWISE_BEZIER_KNOTS.);
#4379 = CARTESIAN_POINT('',(28.2,12.8));
#4380 = CARTESIAN_POINT('',(28.2,15.2));
#4381 = ( GEOMETRIC_REPRESENTATION_CONTEXT(2) 
PARAMETRIC_REPRESENTATION_CONTEXT() REPRESENTATION_CONTEXT('2D SPACE',''
  ) );
#4382 = PCURVE('',#4383,#4388);
#4383 = PLANE('',#4384);
#4384 = AXIS2_PLACEMENT_3D('',#4385,#4386,#4387);
#4385 = CARTESIAN_POINT('',(-10.8,2.8,4.));
#4386 = DIRECTION('',(1.,0.,0.));
#4387 = DIRECTION('',(0.,0.,1.));
#4388 = DEFINITIONAL_REPRESENTATION('',(#4389),#4392);
#4389 = B_SPLINE_CURVE_WITH_KNOTS('',1,(#4390,#4391),.UNSPECIFIED.,.F.,
  .F.,(2,2),(6.4,8.8),.PIECEWISE_BEZIER_KNOTS.);
#4390 = CARTESIAN_POINT('',(12.,0.));
#4391 = CARTESIAN_POINT('',(12.,-2.4));
#4392 = ( GEOMETRIC_REPRESENTATION_CONTEXT(2) 
PARAMETRIC_REPRESENTATION_CONTEXT() REPRESENTATION_CONTEXT('2D SPACE',''
  ) );
#4393 = FACE_BOUND('',#4394,.T.);
#4394 = EDGE_LOOP('',(#4395,#4423,#4449,#4475));
#4395 = ORIENTED_EDGE('',*,*,#4396,.T.);
#4396 = EDGE_CURVE('',#4397,#4399,#4401,.T.);
#4397 = VERTEX_POINT('',#4398);
#4398 = CARTESIAN_POINT('',(4.3,2.8,16.));
#4399 = VERTEX_POINT('',#4400);
#4400 = CARTESIAN_POINT('',(-4.3,2.8,16.));
#4401 = SURFACE_CURVE('',#4402,(#4406,#4412),.PCURVE_S1.);
#4402 = LINE('',#4403,#4404);
#4403 = CARTESIAN_POINT('',(-21.65,2.8,16.));
#4404 = VECTOR('',#4405,1.);
#4405 = DIRECTION('',(-1.,0.,0.));
#4406 = PCURVE('',#126,#4407);
#4407 = DEFINITIONAL_REPRESENTATION('',(#4408),#4411);
#4408 = B_SPLINE_CURVE_WITH_KNOTS('',1,(#4409,#4410),.UNSPECIFIED.,.F.,
  .F.,(2,2),(-25.95,-17.35),.PIECEWISE_BEZIER_KNOTS.);
#4409 = CARTESIAN_POINT('',(43.3,12.8));
#4410 = CARTESIAN_POINT('',(34.7,12.8));
#4411 = ( GEOMETRIC_REPRESENTATION_CONTEXT(2) 
PARAMETRIC_REPRESENTATION_CONTEXT() REPRESENTATION_CONTEXT('2D SPACE',''
  ) );
#4412 = PCURVE('',#4413,#4418);
#4413 = PLANE('',#4414);
#4414 = AXIS2_PLACEMENT_3D('',#4415,#4416,#4417);
#4415 = CARTESIAN_POINT('',(-4.3,2.8,4.));
#4416 = DIRECTION('',(0.,1.,0.));
#4417 = DIRECTION('',(0.,0.,1.));
#4418 = DEFINITIONAL_REPRESENTATION('',(#4419),#4422);
#4419 = B_SPLINE_CURVE_WITH_KNOTS('',1,(#4420,#4421),.UNSPECIFIED.,.F.,
  .F.,(2,2),(-25.95,-17.35),.PIECEWISE_BEZIER_KNOTS.);
#4420 = CARTESIAN_POINT('',(12.,8.6));
#4421 = CARTESIAN_POINT('',(12.,0.));
#4422 = ( GEOMETRIC_REPRESENTATION_CONTEXT(2) 
PARAMETRIC_REPRESENTATION_CONTEXT() REPRESENTATION_CONTEXT('2D SPACE',''
  ) );
#4423 = ORIENTED_EDGE('',*,*,#4424,.T.);
#4424 = EDGE_CURVE('',#4399,#4425,#4427,.T.);
#4425 = VERTEX_POINT('',#4426);
#4426 = CARTESIAN_POINT('',(-4.3,5.2,16.));
#4427 = SURFACE_CURVE('',#4428,(#4432,#4438),.PCURVE_S1.);
#4428 = LINE('',#4429,#4430);
#4429 = CARTESIAN_POINT('',(-4.3,-3.6,16.));
#4430 = VECTOR('',#4431,1.);
#4431 = DIRECTION('',(0.,1.,0.));
#4432 = PCURVE('',#126,#4433);
#4433 = DEFINITIONAL_REPRESENTATION('',(#4434),#4437);
#4434 = B_SPLINE_CURVE_WITH_KNOTS('',1,(#4435,#4436),.UNSPECIFIED.,.F.,
  .F.,(2,2),(6.4,8.8),.PIECEWISE_BEZIER_KNOTS.);
#4435 = CARTESIAN_POINT('',(34.7,12.8));
#4436 = CARTESIAN_POINT('',(34.7,15.2));
#4437 = ( GEOMETRIC_REPRESENTATION_CONTEXT(2) 
PARAMETRIC_REPRESENTATION_CONTEXT() REPRESENTATION_CONTEXT('2D SPACE',''
  ) );
#4438 = PCURVE('',#4439,#4444);
#4439 = PLANE('',#4440);
#4440 = AXIS2_PLACEMENT_3D('',#4441,#4442,#4443);
#4441 = CARTESIAN_POINT('',(-4.3,2.8,4.));
#4442 = DIRECTION('',(1.,0.,0.));
#4443 = DIRECTION('',(0.,0.,1.));
#4444 = DEFINITIONAL_REPRESENTATION('',(#4445),#4448);
#4445 = B_SPLINE_CURVE_WITH_KNOTS('',1,(#4446,#4447),.UNSPECIFIED.,.F.,
  .F.,(2,2),(6.4,8.8),.PIECEWISE_BEZIER_KNOTS.);
#4446 = CARTESIAN_POINT('',(12.,0.));
#4447 = CARTESIAN_POINT('',(12.,-2.4));
#4448 = ( GEOMETRIC_REPRESENTATION_CONTEXT(2) 
PARAMETRIC_REPRESENTATION_CONTEXT() REPRESENTATION_CONTEXT('2D SPACE',''
  ) );
#4449 = ORIENTED_EDGE('',*,*,#4450,.F.);
#4450 = EDGE_CURVE('',#4451,#4425,#4453,.T.);
#4451 = VERTEX_POINT('',#4452);
#4452 = CARTESIAN_POINT('',(4.3,5.2,16.));
#4453 = SURFACE_CURVE('',#4454,(#4458,#4464),.PCURVE_S1.);
#4454 = LINE('',#4455,#4456);
#4455 = CARTESIAN_POINT('',(-21.65,5.2,16.));
#4456 = VECTOR('',#4457,1.);
#4457 = DIRECTION('',(-1.,0.,0.));
#4458 = PCURVE('',#126,#4459);
#4459 = DEFINITIONAL_REPRESENTATION('',(#4460),#4463);
#4460 = B_SPLINE_CURVE_WITH_KNOTS('',1,(#4461,#4462),.UNSPECIFIED.,.F.,
  .F.,(2,2),(-25.95,-17.35),.PIECEWISE_BEZIER_KNOTS.);
#4461 = CARTESIAN_POINT('',(43.3,15.2));
#4462 = CARTESIAN_POINT('',(34.7,15.2));
#4463 = ( GEOMETRIC_REPRESENTATION_CONTEXT(2) 
PARAMETRIC_REPRESENTATION_CONTEXT() REPRESENTATION_CONTEXT('2D SPACE',''
  ) );
#4464 = PCURVE('',#4465,#4470);
#4465 = PLANE('',#4466);
#4466 = AXIS2_PLACEMENT_3D('',#4467,#4468,#4469);
#4467 = CARTESIAN_POINT('',(-4.3,5.2,4.));
#4468 = DIRECTION('',(0.,1.,0.));
#4469 = DIRECTION('',(0.,0.,1.));
#4470 = DEFINITIONAL_REPRESENTATION('',(#4471),#4474);
#4471 = B_SPLINE_CURVE_WITH_KNOTS('',1,(#4472,#4473),.UNSPECIFIED.,.F.,
  .F.,(2,2),(-25.95,-17.35),.PIECEWISE_BEZIER_KNOTS.);
#4472 = CARTESIAN_POINT('',(12.,8.6));
#4473 = CARTESIAN_POINT('',(12.,0.));
#4474 = ( GEOMETRIC_REPRESENTATION_CONTEXT(2) 
PARAMETRIC_REPRESENTATION_CONTEXT() REPRESENTATION_CONTEXT('2D SPACE',''
  ) );
#4475 = ORIENTED_EDGE('',*,*,#4476,.F.);
#4476 = EDGE_CURVE('',#4397,#4451,#4477,.T.);
#4477 = SURFACE_CURVE('',#4478,(#4482,#4488),.PCURVE_S1.);
#4478 = LINE('',#4479,#4480);
#4479 = CARTESIAN_POINT('',(4.3,-3.6,16.));
#4480 = VECTOR('',#4481,1.);
#4481 = DIRECTION('',(0.,1.,0.));
#4482 = PCURVE('',#126,#4483);
#4483 = DEFINITIONAL_REPRESENTATION('',(#4484),#4487);
#4484 = B_SPLINE_CURVE_WITH_KNOTS('',1,(#4485,#4486),.UNSPECIFIED.,.F.,
  .F.,(2,2),(6.4,8.8),.PIECEWISE_BEZIER_KNOTS.);
#4485 = CARTESIAN_POINT('',(43.3,12.8));
#4486 = CARTESIAN_POINT('',(43.3,15.2));
#4487 = ( GEOMETRIC_REPRESENTATION_CONTEXT(2) 
PARAMETRIC_REPRESENTATION_CONTEXT() REPRESENTATION_CONTEXT('2D SPACE',''
  ) );
#4488 = PCURVE('',#4489,#4494);
#4489 = PLANE('',#4490);
#4490 = AXIS2_PLACEMENT_3D('',#4491,#4492,#4493);
#4491 = CARTESIAN_POINT('',(4.3,2.8,4.));
#4492 = DIRECTION('',(1.,0.,0.));
#4493 = DIRECTION('',(0.,0.,1.));
#4494 = DEFINITIONAL_REPRESENTATION('',(#4495),#4498);
#4495 = B_SPLINE_CURVE_WITH_KNOTS('',1,(#4496,#4497),.UNSPECIFIED.,.F.,
  .F.,(2,2),(6.4,8.8),.PIECEWISE_BEZIER_KNOTS.);
#4496 = CARTESIAN_POINT('',(12.,0.));
#4497 = CARTESIAN_POINT('',(12.,-2.4));
#4498 = ( GEOMETRIC_REPRESENTATION_CONTEXT(2) 
PARAMETRIC_REPRESENTATION_CONTEXT() REPRESENTATION_CONTEXT('2D SPACE',''
  ) );
#4499 = FACE_BOUND('',#4500,.T.);
#4500 = EDGE_LOOP('',(#4501,#4529,#4555,#4581));
#4501 = ORIENTED_EDGE('',*,*,#4502,.T.);
#4502 = EDGE_CURVE('',#4503,#4505,#4507,.T.);
#4503 = VERTEX_POINT('',#4504);
#4504 = CARTESIAN_POINT('',(19.2,2.9,16.));
#4505 = VERTEX_POINT('',#4506);
#4506 = CARTESIAN_POINT('',(10.8,2.9,16.));
#4507 = SURFACE_CURVE('',#4508,(#4512,#4518),.PCURVE_S1.);
#4508 = LINE('',#4509,#4510);
#4509 = CARTESIAN_POINT('',(-14.1,2.9,16.));
#4510 = VECTOR('',#4511,1.);
#4511 = DIRECTION('',(-1.,0.,0.));
#4512 = PCURVE('',#126,#4513);
#4513 = DEFINITIONAL_REPRESENTATION('',(#4514),#4517);
#4514 = B_SPLINE_CURVE_WITH_KNOTS('',1,(#4515,#4516),.UNSPECIFIED.,.F.,
  .F.,(2,2),(-33.3,-24.9),.PIECEWISE_BEZIER_KNOTS.);
#4515 = CARTESIAN_POINT('',(58.2,12.9));
#4516 = CARTESIAN_POINT('',(49.8,12.9));
#4517 = ( GEOMETRIC_REPRESENTATION_CONTEXT(2) 
PARAMETRIC_REPRESENTATION_CONTEXT() REPRESENTATION_CONTEXT('2D SPACE',''
  ) );
#4518 = PCURVE('',#4519,#4524);
#4519 = PLANE('',#4520);
#4520 = AXIS2_PLACEMENT_3D('',#4521,#4522,#4523);
#4521 = CARTESIAN_POINT('',(10.8,2.9,4.));
#4522 = DIRECTION('',(0.,1.,0.));
#4523 = DIRECTION('',(0.,0.,1.));
#4524 = DEFINITIONAL_REPRESENTATION('',(#4525),#4528);
#4525 = B_SPLINE_CURVE_WITH_KNOTS('',1,(#4526,#4527),.UNSPECIFIED.,.F.,
  .F.,(2,2),(-33.3,-24.9),.PIECEWISE_BEZIER_KNOTS.);
#4526 = CARTESIAN_POINT('',(12.,8.4));
#4527 = CARTESIAN_POINT('',(12.,0.));
#4528 = ( GEOMETRIC_REPRESENTATION_CONTEXT(2) 
PARAMETRIC_REPRESENTATION_CONTEXT() REPRESENTATION_CONTEXT('2D SPACE',''
  ) );
#4529 = ORIENTED_EDGE('',*,*,#4530,.T.);
#4530 = EDGE_CURVE('',#4505,#4531,#4533,.T.);
#4531 = VERTEX_POINT('',#4532);
#4532 = CARTESIAN_POINT('',(10.8,5.1,16.));
#4533 = SURFACE_CURVE('',#4534,(#4538,#4544),.PCURVE_S1.);
#4534 = LINE('',#4535,#4536);
#4535 = CARTESIAN_POINT('',(10.8,-3.55,16.));
#4536 = VECTOR('',#4537,1.);
#4537 = DIRECTION('',(0.,1.,0.));
#4538 = PCURVE('',#126,#4539);
#4539 = DEFINITIONAL_REPRESENTATION('',(#4540),#4543);
#4540 = B_SPLINE_CURVE_WITH_KNOTS('',1,(#4541,#4542),.UNSPECIFIED.,.F.,
  .F.,(2,2),(6.45,8.65),.PIECEWISE_BEZIER_KNOTS.);
#4541 = CARTESIAN_POINT('',(49.8,12.9));
#4542 = CARTESIAN_POINT('',(49.8,15.1));
#4543 = ( GEOMETRIC_REPRESENTATION_CONTEXT(2) 
PARAMETRIC_REPRESENTATION_CONTEXT() REPRESENTATION_CONTEXT('2D SPACE',''
  ) );
#4544 = PCURVE('',#4545,#4550);
#4545 = PLANE('',#4546);
#4546 = AXIS2_PLACEMENT_3D('',#4547,#4548,#4549);
#4547 = CARTESIAN_POINT('',(10.8,2.9,4.));
#4548 = DIRECTION('',(1.,0.,0.));
#4549 = DIRECTION('',(0.,0.,1.));
#4550 = DEFINITIONAL_REPRESENTATION('',(#4551),#4554);
#4551 = B_SPLINE_CURVE_WITH_KNOTS('',1,(#4552,#4553),.UNSPECIFIED.,.F.,
  .F.,(2,2),(6.45,8.65),.PIECEWISE_BEZIER_KNOTS.);
#4552 = CARTESIAN_POINT('',(12.,0.));
#4553 = CARTESIAN_POINT('',(12.,-2.2));
#4554 = ( GEOMETRIC_REPRESENTATION_CONTEXT(2) 
PARAMETRIC_REPRESENTATION_CONTEXT() REPRESENTATION_CONTEXT('2D SPACE',''
  ) );
#4555 = ORIENTED_EDGE('',*,*,#4556,.F.);
#4556 = EDGE_CURVE('',#4557,#4531,#4559,.T.);
#4557 = VERTEX_POINT('',#4558);
#4558 = CARTESIAN_POINT('',(19.2,5.1,16.));
#4559 = SURFACE_CURVE('',#4560,(#4564,#4570),.PCURVE_S1.);
#4560 = LINE('',#4561,#4562);
#4561 = CARTESIAN_POINT('',(-14.1,5.1,16.));
#4562 = VECTOR('',#4563,1.);
#4563 = DIRECTION('',(-1.,0.,0.));
#4564 = PCURVE('',#126,#4565);
#4565 = DEFINITIONAL_REPRESENTATION('',(#4566),#4569);
#4566 = B_SPLINE_CURVE_WITH_KNOTS('',1,(#4567,#4568),.UNSPECIFIED.,.F.,
  .F.,(2,2),(-33.3,-24.9),.PIECEWISE_BEZIER_KNOTS.);
#4567 = CARTESIAN_POINT('',(58.2,15.1));
#4568 = CARTESIAN_POINT('',(49.8,15.1));
#4569 = ( GEOMETRIC_REPRESENTATION_CONTEXT(2) 
PARAMETRIC_REPRESENTATION_CONTEXT() REPRESENTATION_CONTEXT('2D SPACE',''
  ) );
#4570 = PCURVE('',#4571,#4576);
#4571 = PLANE('',#4572);
#4572 = AXIS2_PLACEMENT_3D('',#4573,#4574,#4575);
#4573 = CARTESIAN_POINT('',(10.8,5.1,4.));
#4574 = DIRECTION('',(0.,1.,0.));
#4575 = DIRECTION('',(0.,0.,1.));
#4576 = DEFINITIONAL_REPRESENTATION('',(#4577),#4580);
#4577 = B_SPLINE_CURVE_WITH_KNOTS('',1,(#4578,#4579),.UNSPECIFIED.,.F.,
  .F.,(2,2),(-33.3,-24.9),.PIECEWISE_BEZIER_KNOTS.);
#4578 = CARTESIAN_POINT('',(12.,8.4));
#4579 = CARTESIAN_POINT('',(12.,0.));
#4580 = ( GEOMETRIC_REPRESENTATION_CONTEXT(2) 
PARAMETRIC_REPRESENTATION_CONTEXT() REPRESENTATION_CONTEXT('2D SPACE',''
  ) );
#4581 = ORIENTED_EDGE('',*,*,#4582,.F.);
#4582 = EDGE_CURVE('',#4503,#4557,#4583,.T.);
#4583 = SURFACE_CURVE('',#4584,(#4588,#4594),.PCURVE_S1.);
#4584 = LINE('',#4585,#4586);
#4585 = CARTESIAN_POINT('',(19.2,-3.55,16.));
#4586 = VECTOR('',#4587,1.);
#4587 = DIRECTION('',(0.,1.,0.));
#4588 = PCURVE('',#126,#4589);
#4589 = DEFINITIONAL_REPRESENTATION('',(#4590),#4593);
#4590 = B_SPLINE_CURVE_WITH_KNOTS('',1,(#4591,#4592),.UNSPECIFIED.,.F.,
  .F.,(2,2),(6.45,8.65),.PIECEWISE_BEZIER_KNOTS.);
#4591 = CARTESIAN_POINT('',(58.2,12.9));
#4592 = CARTESIAN_POINT('',(58.2,15.1));
#4593 = ( GEOMETRIC_REPRESENTATION_CONTEXT(2) 
PARAMETRIC_REPRESENTATION_CONTEXT() REPRESENTATION_CONTEXT('2D SPACE',''
  ) );
#4594 = PCURVE('',#4595,#4600);
#4595 = PLANE('',#4596);
#4596 = AXIS2_PLACEMENT_3D('',#4597,#4598,#4599);
#4597 = CARTESIAN_POINT('',(19.2,2.9,4.));
#4598 = DIRECTION('',(1.,0.,0.));
#4599 = DIRECTION('',(0.,0.,1.));
#4600 = DEFINITIONAL_REPRESENTATION('',(#4601),#4604);
#4601 = B_SPLINE_CURVE_WITH_KNOTS('',1,(#4602,#4603),.UNSPECIFIED.,.F.,
  .F.,(2,2),(6.45,8.65),.PIECEWISE_BEZIER_KNOTS.);
#4602 = CARTESIAN_POINT('',(12.,0.));
#4603 = CARTESIAN_POINT('',(12.,-2.2));
#4604 = ( GEOMETRIC_REPRESENTATION_CONTEXT(2) 
PARAMETRIC_REPRESENTATION_CONTEXT() REPRESENTATION_CONTEXT('2D SPACE',''
  ) );
#4605 = FACE_BOUND('',#4606,.T.);
#4606 = EDGE_LOOP('',(#4607,#4635,#4661,#4687));
#4607 = ORIENTED_EDGE('',*,*,#4608,.T.);
#4608 = EDGE_CURVE('',#4609,#4611,#4613,.T.);
#4609 = VERTEX_POINT('',#4610);
#4610 = CARTESIAN_POINT('',(34.2,2.7,16.));
#4611 = VERTEX_POINT('',#4612);
#4612 = CARTESIAN_POINT('',(25.8,2.7,16.));
#4613 = SURFACE_CURVE('',#4614,(#4618,#4624),.PCURVE_S1.);
#4614 = LINE('',#4615,#4616);
#4615 = CARTESIAN_POINT('',(-6.6,2.7,16.));
#4616 = VECTOR('',#4617,1.);
#4617 = DIRECTION('',(-1.,0.,0.));
#4618 = PCURVE('',#126,#4619);
#4619 = DEFINITIONAL_REPRESENTATION('',(#4620),#4623);
#4620 = B_SPLINE_CURVE_WITH_KNOTS('',1,(#4621,#4622),.UNSPECIFIED.,.F.,
  .F.,(2,2),(-40.8,-32.4),.PIECEWISE_BEZIER_KNOTS.);
#4621 = CARTESIAN_POINT('',(73.2,12.7));
#4622 = CARTESIAN_POINT('',(64.8,12.7));
#4623 = ( GEOMETRIC_REPRESENTATION_CONTEXT(2) 
PARAMETRIC_REPRESENTATION_CONTEXT() REPRESENTATION_CONTEXT('2D SPACE',''
  ) );
#4624 = PCURVE('',#4625,#4630);
#4625 = PLANE('',#4626);
#4626 = AXIS2_PLACEMENT_3D('',#4627,#4628,#4629);
#4627 = CARTESIAN_POINT('',(25.8,2.7,4.));
#4628 = DIRECTION('',(0.,1.,0.));
#4629 = DIRECTION('',(0.,0.,1.));
#4630 = DEFINITIONAL_REPRESENTATION('',(#4631),#4634);
#4631 = B_SPLINE_CURVE_WITH_KNOTS('',1,(#4632,#4633),.UNSPECIFIED.,.F.,
  .F.,(2,2),(-40.8,-32.4),.PIECEWISE_BEZIER_KNOTS.);
#4632 = CARTESIAN_POINT('',(12.,8.4));
#4633 = CARTESIAN_POINT('',(12.,0.));
#4634 = ( GEOMETRIC_REPRESENTATION_CONTEXT(2) 
PARAMETRIC_REPRESENTATION_CONTEXT() REPRESENTATION_CONTEXT('2D SPACE',''
  ) );
#4635 = ORIENTED_EDGE('',*,*,#4636,.T.);
#4636 = EDGE_CURVE('',#4611,#4637,#4639,.T.);
#4637 = VERTEX_POINT('',#4638);
#4638 = CARTESIAN_POINT('',(25.8,5.3,16.));
#4639 = SURFACE_CURVE('',#4640,(#4644,#4650),.PCURVE_S1.);
#4640 = LINE('',#4641,#4642);
#4641 = CARTESIAN_POINT('',(25.8,-3.65,16.));
#4642 = VECTOR('',#4643,1.);
#4643 = DIRECTION('',(0.,1.,0.));
#4644 = PCURVE('',#126,#4645);
#4645 = DEFINITIONAL_REPRESENTATION('',(#4646),#4649);
#4646 = B_SPLINE_CURVE_WITH_KNOTS('',1,(#4647,#4648),.UNSPECIFIED.,.F.,
  .F.,(2,2),(6.35,8.95),.PIECEWISE_BEZIER_KNOTS.);
#4647 = CARTESIAN_POINT('',(64.8,12.7));
#4648 = CARTESIAN_POINT('',(64.8,15.3));
#4649 = ( GEOMETRIC_REPRESENTATION_CONTEXT(2) 
PARAMETRIC_REPRESENTATION_CONTEXT() REPRESENTATION_CONTEXT('2D SPACE',''
  ) );
#4650 = PCURVE('',#4651,#4656);
#4651 = PLANE('',#4652);
#4652 = AXIS2_PLACEMENT_3D('',#4653,#4654,#4655);
#4653 = CARTESIAN_POINT('',(25.8,2.7,4.));
#4654 = DIRECTION('',(1.,0.,0.));
#4655 = DIRECTION('',(0.,0.,1.));
#4656 = DEFINITIONAL_REPRESENTATION('',(#4657),#4660);
#4657 = B_SPLINE_CURVE_WITH_KNOTS('',1,(#4658,#4659),.UNSPECIFIED.,.F.,
  .F.,(2,2),(6.35,8.95),.PIECEWISE_BEZIER_KNOTS.);
#4658 = CARTESIAN_POINT('',(12.,0.));
#4659 = CARTESIAN_POINT('',(12.,-2.6));
#4660 = ( GEOMETRIC_REPRESENTATION_CONTEXT(2) 
PARAMETRIC_REPRESENTATION_CONTEXT() REPRESENTATION_CONTEXT('2D SPACE',''
  ) );
#4661 = ORIENTED_EDGE('',*,*,#4662,.F.);
#4662 = EDGE_CURVE('',#4663,#4637,#4665,.T.);
#4663 = VERTEX_POINT('',#4664);
#4664 = CARTESIAN_POINT('',(34.2,5.3,16.));
#4665 = SURFACE_CURVE('',#4666,(#4670,#4676),.PCURVE_S1.);
#4666 = LINE('',#4667,#4668);
#4667 = CARTESIAN_POINT('',(-6.6,5.3,16.));
#4668 = VECTOR('',#4669,1.);
#4669 = DIRECTION('',(-1.,0.,0.));
#4670 = PCURVE('',#126,#4671);
#4671 = DEFINITIONAL_REPRESENTATION('',(#4672),#4675);
#4672 = B_SPLINE_CURVE_WITH_KNOTS('',1,(#4673,#4674),.UNSPECIFIED.,.F.,
  .F.,(2,2),(-40.8,-32.4),.PIECEWISE_BEZIER_KNOTS.);
#4673 = CARTESIAN_POINT('',(73.2,15.3));
#4674 = CARTESIAN_POINT('',(64.8,15.3));
#4675 = ( GEOMETRIC_REPRESENTATION_CONTEXT(2) 
PARAMETRIC_REPRESENTATION_CONTEXT() REPRESENTATION_CONTEXT('2D SPACE',''
  ) );
#4676 = PCURVE('',#4677,#4682);
#4677 = PLANE('',#4678);
#4678 = AXIS2_PLACEMENT_3D('',#4679,#4680,#4681);
#4679 = CARTESIAN_POINT('',(25.8,5.3,4.));
#4680 = DIRECTION('',(0.,1.,0.));
#4681 = DIRECTION('',(0.,0.,1.));
#4682 = DEFINITIONAL_REPRESENTATION('',(#4683),#4686);
#4683 = B_SPLINE_CURVE_WITH_KNOTS('',1,(#4684,#4685),.UNSPECIFIED.,.F.,
  .F.,(2,2),(-40.8,-32.4),.PIECEWISE_BEZIER_KNOTS.);
#4684 = CARTESIAN_POINT('',(12.,8.4));
#4685 = CARTESIAN_POINT('',(12.,0.));
#4686 = ( GEOMETRIC_REPRESENTATION_CONTEXT(2) 
PARAMETRIC_REPRESENTATION_CONTEXT() REPRESENTATION_CONTEXT('2D SPACE',''
  ) );
#4687 = ORIENTED_EDGE('',*,*,#4688,.F.);
#4688 = EDGE_CURVE('',#4609,#4663,#4689,.T.);
#4689 = SURFACE_CURVE('',#4690,(#4694,#4700),.PCURVE_S1.);
#4690 = LINE('',#4691,#4692);
#4691 = CARTESIAN_POINT('',(34.2,-3.65,16.));
#4692 = VECTOR('',#4693,1.);
#4693 = DIRECTION('',(0.,1.,0.));
#4694 = PCURVE('',#126,#4695);
#4695 = DEFINITIONAL_REPRESENTATION('',(#4696),#4699);
#4696 = B_SPLINE_CURVE_WITH_KNOTS('',1,(#4697,#4698),.UNSPECIFIED.,.F.,
  .F.,(2,2),(6.35,8.95),.PIECEWISE_BEZIER_KNOTS.);
#4697 = CARTESIAN_POINT('',(73.2,12.7));
#4698 = CARTESIAN_POINT('',(73.2,15.3));
#4699 = ( GEOMETRIC_REPRESENTATION_CONTEXT(2) 
PARAMETRIC_REPRESENTATION_CONTEXT() REPRESENTATION_CONTEXT('2D SPACE',''
  ) );
#4700 = PCURVE('',#4701,#4706);
#4701 = PLANE('',#4702);
#4702 = AXIS2_PLACEMENT_3D('',#4703,#4704,#4705);
#4703 = CARTESIAN_POINT('',(34.2,2.7,4.));
#4704 = DIRECTION('',(1.,0.,0.));
#4705 = DIRECTION('',(0.,0.,1.));
#4706 = DEFINITIONAL_REPRESENTATION('',(#4707),#4710);
#4707 = B_SPLINE_CURVE_WITH_KNOTS('',1,(#4708,#4709),.UNSPECIFIED.,.F.,
  .F.,(2,2),(6.35,8.95),.PIECEWISE_BEZIER_KNOTS.);
#4708 = CARTESIAN_POINT('',(12.,0.));
#4709 = CARTESIAN_POINT('',(12.,-2.6));
#4710 = ( GEOMETRIC_REPRESENTATION_CONTEXT(2) 
PARAMETRIC_REPRESENTATION_CONTEXT() REPRESENTATION_CONTEXT('2D SPACE',''
  ) );
#4711 = ADVANCED_FACE('',(#4712),#100,.T.);
#4712 = FACE_BOUND('',#4713,.T.);
#4713 = EDGE_LOOP('',(#4714,#4737,#4738,#4739));
#4714 = ORIENTED_EDGE('',*,*,#4715,.F.);
#4715 = EDGE_CURVE('',#57,#4716,#4718,.T.);
#4716 = VERTEX_POINT('',#4717);
#4717 = CARTESIAN_POINT('',(39.,10.,0.));
#4718 = SURFACE_CURVE('',#4719,(#4723,#4730),.PCURVE_S1.);
#4719 = LINE('',#4720,#4721);
#4720 = CARTESIAN_POINT('',(-39.,10.,0.));
#4721 = VECTOR('',#4722,1.);
#4722 = DIRECTION('',(1.,0.,0.));
#4723 = PCURVE('',#100,#4724);
#4724 = DEFINITIONAL_REPRESENTATION('',(#4725),#4729);
#4725 = LINE('',#4726,#4727);
#4726 = CARTESIAN_POINT('',(0.,0.));
#4727 = VECTOR('',#4728,1.);
#4728 = DIRECTION('',(0.,1.));
#4729 = ( GEOMETRIC_REPRESENTATION_CONTEXT(2) 
PARAMETRIC_REPRESENTATION_CONTEXT() REPRESENTATION_CONTEXT('2D SPACE',''
  ) );
#4730 = PCURVE('',#72,#4731);
#4731 = DEFINITIONAL_REPRESENTATION('',(#4732),#4736);
#4732 = LINE('',#4733,#4734);
#4733 = CARTESIAN_POINT('',(0.,20.));
#4734 = VECTOR('',#4735,1.);
#4735 = DIRECTION('',(1.,0.));
#4736 = ( GEOMETRIC_REPRESENTATION_CONTEXT(2) 
PARAMETRIC_REPRESENTATION_CONTEXT() REPRESENTATION_CONTEXT('2D SPACE',''
  ) );
#4737 = ORIENTED_EDGE('',*,*,#84,.T.);
#4738 = ORIENTED_EDGE('',*,*,#242,.T.);
#4739 = ORIENTED_EDGE('',*,*,#4740,.F.);
#4740 = EDGE_CURVE('',#4716,#220,#4741,.T.);
#4741 = SURFACE_CURVE('',#4742,(#4746,#4753),.PCURVE_S1.);
#4742 = LINE('',#4743,#4744);
#4743 = CARTESIAN_POINT('',(39.,10.,0.));
#4744 = VECTOR('',#4745,1.);
#4745 = DIRECTION('',(0.,0.,1.));
#4746 = PCURVE('',#100,#4747);
#4747 = DEFINITIONAL_REPRESENTATION('',(#4748),#4752);
#4748 = LINE('',#4749,#4750);
#4749 = CARTESIAN_POINT('',(0.,78.));
#4750 = VECTOR('',#4751,1.);
#4751 = DIRECTION('',(1.,0.));
#4752 = ( GEOMETRIC_REPRESENTATION_CONTEXT(2) 
PARAMETRIC_REPRESENTATION_CONTEXT() REPRESENTATION_CONTEXT('2D SPACE',''
  ) );
#4753 = PCURVE('',#202,#4754);
#4754 = DEFINITIONAL_REPRESENTATION('',(#4755),#4759);
#4755 = LINE('',#4756,#4757);
#4756 = CARTESIAN_POINT('',(0.,-20.));
#4757 = VECTOR('',#4758,1.);
#4758 = DIRECTION('',(1.,0.));
#4759 = ( GEOMETRIC_REPRESENTATION_CONTEXT(2) 
PARAMETRIC_REPRESENTATION_CONTEXT() REPRESENTATION_CONTEXT('2D SPACE',''
  ) );
#4760 = ADVANCED_FACE('',(#4761),#72,.F.);
#4761 = FACE_BOUND('',#4762,.F.);
#4762 = EDGE_LOOP('',(#4763,#4764,#4765,#4786));
#4763 = ORIENTED_EDGE('',*,*,#56,.F.);
#4764 = ORIENTED_EDGE('',*,*,#141,.T.);
#4765 = ORIENTED_EDGE('',*,*,#4766,.T.);
#4766 = EDGE_CURVE('',#142,#4716,#4767,.T.);
#4767 = SURFACE_CURVE('',#4768,(#4772,#4779),.PCURVE_S1.);
#4768 = LINE('',#4769,#4770);
#4769 = CARTESIAN_POINT('',(39.,-10.,0.));
#4770 = VECTOR('',#4771,1.);
#4771 = DIRECTION('',(0.,1.,0.));
#4772 = PCURVE('',#72,#4773);
#4773 = DEFINITIONAL_REPRESENTATION('',(#4774),#4778);
#4774 = LINE('',#4775,#4776);
#4775 = CARTESIAN_POINT('',(78.,0.));
#4776 = VECTOR('',#4777,1.);
#4777 = DIRECTION('',(0.,1.));
#4778 = ( GEOMETRIC_REPRESENTATION_CONTEXT(2) 
PARAMETRIC_REPRESENTATION_CONTEXT() REPRESENTATION_CONTEXT('2D SPACE',''
  ) );
#4779 = PCURVE('',#202,#4780);
#4780 = DEFINITIONAL_REPRESENTATION('',(#4781),#4785);
#4781 = LINE('',#4782,#4783);
#4782 = CARTESIAN_POINT('',(0.,0.));
#4783 = VECTOR('',#4784,1.);
#4784 = DIRECTION('',(0.,-1.));
#4785 = ( GEOMETRIC_REPRESENTATION_CONTEXT(2) 
PARAMETRIC_REPRESENTATION_CONTEXT() REPRESENTATION_CONTEXT('2D SPACE',''
  ) );
#4786 = ORIENTED_EDGE('',*,*,#4715,.F.);
#4787 = ADVANCED_FACE('',(#4788),#202,.T.);
#4788 = FACE_BOUND('',#4789,.T.);
#4789 = EDGE_LOOP('',(#4790,#4791,#4792,#4793));
#4790 = ORIENTED_EDGE('',*,*,#188,.F.);
#4791 = ORIENTED_EDGE('',*,*,#4766,.T.);
#4792 = ORIENTED_EDGE('',*,*,#4740,.T.);
#4793 = ORIENTED_EDGE('',*,*,#219,.F.);
#4794 = ADVANCED_FACE('',(#4795),#282,.T.);
#4795 = FACE_BOUND('',#4796,.T.);
#4796 = EDGE_LOOP('',(#4797,#4798,#4821,#4849));
#4797 = ORIENTED_EDGE('',*,*,#265,.T.);
#4798 = ORIENTED_EDGE('',*,*,#4799,.T.);
#4799 = EDGE_CURVE('',#268,#4800,#4802,.T.);
#4800 = VERTEX_POINT('',#4801);
#4801 = CARTESIAN_POINT('',(-29.57482910156,-3.252075195312,16.6));
#4802 = SURFACE_CURVE('',#4803,(#4807,#4814),.PCURVE_S1.);
#4803 = LINE('',#4804,#4805);
#4804 = CARTESIAN_POINT('',(-29.57482910156,-3.252075195312,15.95));
#4805 = VECTOR('',#4806,1.);
#4806 = DIRECTION('',(0.,0.,1.));
#4807 = PCURVE('',#282,#4808);
#4808 = DEFINITIONAL_REPRESENTATION('',(#4809),#4813);
#4809 = LINE('',#4810,#4811);
#4810 = CARTESIAN_POINT('',(0.,0.));
#4811 = VECTOR('',#4812,1.);
#4812 = DIRECTION('',(0.,-1.));
#4813 = ( GEOMETRIC_REPRESENTATION_CONTEXT(2) 
PARAMETRIC_REPRESENTATION_CONTEXT() REPRESENTATION_CONTEXT('2D SPACE',''
  ) );
#4814 = PCURVE('',#543,#4815);
#4815 = DEFINITIONAL_REPRESENTATION('',(#4816),#4820);
#4816 = LINE('',#4817,#4818);
#4817 = CARTESIAN_POINT('',(0.2548828125,0.));
#4818 = VECTOR('',#4819,1.);
#4819 = DIRECTION('',(0.,-1.));
#4820 = ( GEOMETRIC_REPRESENTATION_CONTEXT(2) 
PARAMETRIC_REPRESENTATION_CONTEXT() REPRESENTATION_CONTEXT('2D SPACE',''
  ) );
#4821 = ORIENTED_EDGE('',*,*,#4822,.T.);
#4822 = EDGE_CURVE('',#4800,#4823,#4825,.T.);
#4823 = VERTEX_POINT('',#4824);
#4824 = CARTESIAN_POINT('',(-29.57482910156,-6.486450195312,16.6));
#4825 = SURFACE_CURVE('',#4826,(#4830,#4837),.PCURVE_S1.);
#4826 = LINE('',#4827,#4828);
#4827 = CARTESIAN_POINT('',(-29.57482910156,-3.252075195312,16.6));
#4828 = VECTOR('',#4829,1.);
#4829 = DIRECTION('',(0.,-1.,0.));
#4830 = PCURVE('',#282,#4831);
#4831 = DEFINITIONAL_REPRESENTATION('',(#4832),#4836);
#4832 = LINE('',#4833,#4834);
#4833 = CARTESIAN_POINT('',(0.,-0.65));
#4834 = VECTOR('',#4835,1.);
#4835 = DIRECTION('',(1.,0.));
#4836 = ( GEOMETRIC_REPRESENTATION_CONTEXT(2) 
PARAMETRIC_REPRESENTATION_CONTEXT() REPRESENTATION_CONTEXT('2D SPACE',''
  ) );
#4837 = PCURVE('',#4838,#4843);
#4838 = PLANE('',#4839);
#4839 = AXIS2_PLACEMENT_3D('',#4840,#4841,#4842);
#4840 = CARTESIAN_POINT('',(-31.25134277343,-6.486450195312,16.6));
#4841 = DIRECTION('',(0.,0.,1.));
#4842 = DIRECTION('',(1.,0.,0.));
#4843 = DEFINITIONAL_REPRESENTATION('',(#4844),#4848);
#4844 = LINE('',#4845,#4846);
#4845 = CARTESIAN_POINT('',(1.676513671875,3.234375));
#4846 = VECTOR('',#4847,1.);
#4847 = DIRECTION('',(0.,-1.));
#4848 = ( GEOMETRIC_REPRESENTATION_CONTEXT(2) 
PARAMETRIC_REPRESENTATION_CONTEXT() REPRESENTATION_CONTEXT('2D SPACE',''
  ) );
#4849 = ORIENTED_EDGE('',*,*,#4850,.F.);
#4850 = EDGE_CURVE('',#266,#4823,#4851,.T.);
#4851 = SURFACE_CURVE('',#4852,(#4856,#4863),.PCURVE_S1.);
#4852 = LINE('',#4853,#4854);
#4853 = CARTESIAN_POINT('',(-29.57482910156,-6.486450195312,15.95));
#4854 = VECTOR('',#4855,1.);
#4855 = DIRECTION('',(0.,0.,1.));
#4856 = PCURVE('',#282,#4857);
#4857 = DEFINITIONAL_REPRESENTATION('',(#4858),#4862);
#4858 = LINE('',#4859,#4860);
#4859 = CARTESIAN_POINT('',(3.234375,0.));
#4860 = VECTOR('',#4861,1.);
#4861 = DIRECTION('',(0.,-1.));
#4862 = ( GEOMETRIC_REPRESENTATION_CONTEXT(2) 
PARAMETRIC_REPRESENTATION_CONTEXT() REPRESENTATION_CONTEXT('2D SPACE',''
  ) );
#4863 = PCURVE('',#308,#4864);
#4864 = DEFINITIONAL_REPRESENTATION('',(#4865),#4869);
#4865 = LINE('',#4866,#4867);
#4866 = CARTESIAN_POINT('',(0.,-0.));
#4867 = VECTOR('',#4868,1.);
#4868 = DIRECTION('',(0.,-1.));
#4869 = ( GEOMETRIC_REPRESENTATION_CONTEXT(2) 
PARAMETRIC_REPRESENTATION_CONTEXT() REPRESENTATION_CONTEXT('2D SPACE',''
  ) );
#4870 = ADVANCED_FACE('',(#4871),#308,.T.);
#4871 = FACE_BOUND('',#4872,.T.);
#4872 = EDGE_LOOP('',(#4873,#4874,#4875,#4898));
#4873 = ORIENTED_EDGE('',*,*,#293,.T.);
#4874 = ORIENTED_EDGE('',*,*,#4850,.T.);
#4875 = ORIENTED_EDGE('',*,*,#4876,.T.);
#4876 = EDGE_CURVE('',#4823,#4877,#4879,.T.);
#4877 = VERTEX_POINT('',#4878);
#4878 = CARTESIAN_POINT('',(-29.97033691406,-6.486450195312,16.6));
#4879 = SURFACE_CURVE('',#4880,(#4884,#4891),.PCURVE_S1.);
#4880 = LINE('',#4881,#4882);
#4881 = CARTESIAN_POINT('',(-29.57482910156,-6.486450195312,16.6));
#4882 = VECTOR('',#4883,1.);
#4883 = DIRECTION('',(-1.,0.,0.));
#4884 = PCURVE('',#308,#4885);
#4885 = DEFINITIONAL_REPRESENTATION('',(#4886),#4890);
#4886 = LINE('',#4887,#4888);
#4887 = CARTESIAN_POINT('',(0.,-0.65));
#4888 = VECTOR('',#4889,1.);
#4889 = DIRECTION('',(1.,0.));
#4890 = ( GEOMETRIC_REPRESENTATION_CONTEXT(2) 
PARAMETRIC_REPRESENTATION_CONTEXT() REPRESENTATION_CONTEXT('2D SPACE',''
  ) );
#4891 = PCURVE('',#4838,#4892);
#4892 = DEFINITIONAL_REPRESENTATION('',(#4893),#4897);
#4893 = LINE('',#4894,#4895);
#4894 = CARTESIAN_POINT('',(1.676513671875,0.));
#4895 = VECTOR('',#4896,1.);
#4896 = DIRECTION('',(-1.,0.));
#4897 = ( GEOMETRIC_REPRESENTATION_CONTEXT(2) 
PARAMETRIC_REPRESENTATION_CONTEXT() REPRESENTATION_CONTEXT('2D SPACE',''
  ) );
#4898 = ORIENTED_EDGE('',*,*,#4899,.F.);
#4899 = EDGE_CURVE('',#294,#4877,#4900,.T.);
#4900 = SURFACE_CURVE('',#4901,(#4905,#4912),.PCURVE_S1.);
#4901 = LINE('',#4902,#4903);
#4902 = CARTESIAN_POINT('',(-29.97033691406,-6.486450195312,15.95));
#4903 = VECTOR('',#4904,1.);
#4904 = DIRECTION('',(0.,0.,1.));
#4905 = PCURVE('',#308,#4906);
#4906 = DEFINITIONAL_REPRESENTATION('',(#4907),#4911);
#4907 = LINE('',#4908,#4909);
#4908 = CARTESIAN_POINT('',(0.3955078125,0.));
#4909 = VECTOR('',#4910,1.);
#4910 = DIRECTION('',(0.,-1.));
#4911 = ( GEOMETRIC_REPRESENTATION_CONTEXT(2) 
PARAMETRIC_REPRESENTATION_CONTEXT() REPRESENTATION_CONTEXT('2D SPACE',''
  ) );
#4912 = PCURVE('',#334,#4913);
#4913 = DEFINITIONAL_REPRESENTATION('',(#4914),#4918);
#4914 = LINE('',#4915,#4916);
#4915 = CARTESIAN_POINT('',(0.,0.));
#4916 = VECTOR('',#4917,1.);
#4917 = DIRECTION('',(0.,-1.));
#4918 = ( GEOMETRIC_REPRESENTATION_CONTEXT(2) 
PARAMETRIC_REPRESENTATION_CONTEXT() REPRESENTATION_CONTEXT('2D SPACE',''
  ) );
#4919 = ADVANCED_FACE('',(#4920),#543,.T.);
#4920 = FACE_BOUND('',#4921,.T.);
#4921 = EDGE_LOOP('',(#4922,#4923,#4946,#4967));
#4922 = ORIENTED_EDGE('',*,*,#530,.T.);
#4923 = ORIENTED_EDGE('',*,*,#4924,.T.);
#4924 = EDGE_CURVE('',#489,#4925,#4927,.T.);
#4925 = VERTEX_POINT('',#4926);
#4926 = CARTESIAN_POINT('',(-29.82971191406,-3.252075195312,16.6));
#4927 = SURFACE_CURVE('',#4928,(#4932,#4939),.PCURVE_S1.);
#4928 = LINE('',#4929,#4930);
#4929 = CARTESIAN_POINT('',(-29.82971191406,-3.252075195312,15.95));
#4930 = VECTOR('',#4931,1.);
#4931 = DIRECTION('',(0.,0.,1.));
#4932 = PCURVE('',#543,#4933);
#4933 = DEFINITIONAL_REPRESENTATION('',(#4934),#4938);
#4934 = LINE('',#4935,#4936);
#4935 = CARTESIAN_POINT('',(0.,0.));
#4936 = VECTOR('',#4937,1.);
#4937 = DIRECTION('',(0.,-1.));
#4938 = ( GEOMETRIC_REPRESENTATION_CONTEXT(2) 
PARAMETRIC_REPRESENTATION_CONTEXT() REPRESENTATION_CONTEXT('2D SPACE',''
  ) );
#4939 = PCURVE('',#512,#4940);
#4940 = DEFINITIONAL_REPRESENTATION('',(#4941),#4945);
#4941 = LINE('',#4942,#4943);
#4942 = CARTESIAN_POINT('',(1.,0.));
#4943 = VECTOR('',#4944,1.);
#4944 = DIRECTION('',(0.,-1.));
#4945 = ( GEOMETRIC_REPRESENTATION_CONTEXT(2) 
PARAMETRIC_REPRESENTATION_CONTEXT() REPRESENTATION_CONTEXT('2D SPACE',''
  ) );
#4946 = ORIENTED_EDGE('',*,*,#4947,.T.);
#4947 = EDGE_CURVE('',#4925,#4800,#4948,.T.);
#4948 = SURFACE_CURVE('',#4949,(#4953,#4960),.PCURVE_S1.);
#4949 = LINE('',#4950,#4951);
#4950 = CARTESIAN_POINT('',(-29.82971191406,-3.252075195312,16.6));
#4951 = VECTOR('',#4952,1.);
#4952 = DIRECTION('',(1.,0.,0.));
#4953 = PCURVE('',#543,#4954);
#4954 = DEFINITIONAL_REPRESENTATION('',(#4955),#4959);
#4955 = LINE('',#4956,#4957);
#4956 = CARTESIAN_POINT('',(0.,-0.65));
#4957 = VECTOR('',#4958,1.);
#4958 = DIRECTION('',(1.,0.));
#4959 = ( GEOMETRIC_REPRESENTATION_CONTEXT(2) 
PARAMETRIC_REPRESENTATION_CONTEXT() REPRESENTATION_CONTEXT('2D SPACE',''
  ) );
#4960 = PCURVE('',#4838,#4961);
#4961 = DEFINITIONAL_REPRESENTATION('',(#4962),#4966);
#4962 = LINE('',#4963,#4964);
#4963 = CARTESIAN_POINT('',(1.421630859375,3.234375));
#4964 = VECTOR('',#4965,1.);
#4965 = DIRECTION('',(1.,0.));
#4966 = ( GEOMETRIC_REPRESENTATION_CONTEXT(2) 
PARAMETRIC_REPRESENTATION_CONTEXT() REPRESENTATION_CONTEXT('2D SPACE',''
  ) );
#4967 = ORIENTED_EDGE('',*,*,#4799,.F.);
#4968 = ADVANCED_FACE('',(#4969),#334,.T.);
#4969 = FACE_BOUND('',#4970,.T.);
#4970 = EDGE_LOOP('',(#4971,#4972,#4973,#4996));
#4971 = ORIENTED_EDGE('',*,*,#319,.T.);
#4972 = ORIENTED_EDGE('',*,*,#4899,.T.);
#4973 = ORIENTED_EDGE('',*,*,#4974,.T.);
#4974 = EDGE_CURVE('',#4877,#4975,#4977,.T.);
#4975 = VERTEX_POINT('',#4976);
#4976 = CARTESIAN_POINT('',(-29.97033691406,-3.966186523438,16.6));
#4977 = SURFACE_CURVE('',#4978,(#4982,#4989),.PCURVE_S1.);
#4978 = LINE('',#4979,#4980);
#4979 = CARTESIAN_POINT('',(-29.97033691406,-6.486450195312,16.6));
#4980 = VECTOR('',#4981,1.);
#4981 = DIRECTION('',(0.,1.,0.));
#4982 = PCURVE('',#334,#4983);
#4983 = DEFINITIONAL_REPRESENTATION('',(#4984),#4988);
#4984 = LINE('',#4985,#4986);
#4985 = CARTESIAN_POINT('',(0.,-0.65));
#4986 = VECTOR('',#4987,1.);
#4987 = DIRECTION('',(1.,0.));
#4988 = ( GEOMETRIC_REPRESENTATION_CONTEXT(2) 
PARAMETRIC_REPRESENTATION_CONTEXT() REPRESENTATION_CONTEXT('2D SPACE',''
  ) );
#4989 = PCURVE('',#4838,#4990);
#4990 = DEFINITIONAL_REPRESENTATION('',(#4991),#4995);
#4991 = LINE('',#4992,#4993);
#4992 = CARTESIAN_POINT('',(1.281005859375,0.));
#4993 = VECTOR('',#4994,1.);
#4994 = DIRECTION('',(0.,1.));
#4995 = ( GEOMETRIC_REPRESENTATION_CONTEXT(2) 
PARAMETRIC_REPRESENTATION_CONTEXT() REPRESENTATION_CONTEXT('2D SPACE',''
  ) );
#4996 = ORIENTED_EDGE('',*,*,#4997,.F.);
#4997 = EDGE_CURVE('',#320,#4975,#4998,.T.);
#4998 = SURFACE_CURVE('',#4999,(#5003,#5010),.PCURVE_S1.);
#4999 = LINE('',#5000,#5001);
#5000 = CARTESIAN_POINT('',(-29.97033691406,-3.966186523438,15.95));
#5001 = VECTOR('',#5002,1.);
#5002 = DIRECTION('',(0.,0.,1.));
#5003 = PCURVE('',#334,#5004);
#5004 = DEFINITIONAL_REPRESENTATION('',(#5005),#5009);
#5005 = LINE('',#5006,#5007);
#5006 = CARTESIAN_POINT('',(2.520263671875,0.));
#5007 = VECTOR('',#5008,1.);
#5008 = DIRECTION('',(0.,-1.));
#5009 = ( GEOMETRIC_REPRESENTATION_CONTEXT(2) 
PARAMETRIC_REPRESENTATION_CONTEXT() REPRESENTATION_CONTEXT('2D SPACE',''
  ) );
#5010 = PCURVE('',#367,#5011);
#5011 = DEFINITIONAL_REPRESENTATION('',(#5012),#5016);
#5012 = LINE('',#5013,#5014);
#5013 = CARTESIAN_POINT('',(0.,0.));
#5014 = VECTOR('',#5015,1.);
#5015 = DIRECTION('',(0.,-1.));
#5016 = ( GEOMETRIC_REPRESENTATION_CONTEXT(2) 
PARAMETRIC_REPRESENTATION_CONTEXT() REPRESENTATION_CONTEXT('2D SPACE',''
  ) );
#5017 = ADVANCED_FACE('',(#5018),#512,.T.);
#5018 = FACE_BOUND('',#5019,.T.);
#5019 = EDGE_LOOP('',(#5020,#5021,#5044,#5065));
#5020 = ORIENTED_EDGE('',*,*,#488,.T.);
#5021 = ORIENTED_EDGE('',*,*,#5022,.T.);
#5022 = EDGE_CURVE('',#450,#5023,#5025,.T.);
#5023 = VERTEX_POINT('',#5024);
#5024 = CARTESIAN_POINT('',(-30.18127441406,-3.682739257812,16.6));
#5025 = SURFACE_CURVE('',#5026,(#5030,#5037),.PCURVE_S1.);
#5026 = LINE('',#5027,#5028);
#5027 = CARTESIAN_POINT('',(-30.18127441406,-3.682739257812,15.95));
#5028 = VECTOR('',#5029,1.);
#5029 = DIRECTION('',(0.,0.,1.));
#5030 = PCURVE('',#512,#5031);
#5031 = DEFINITIONAL_REPRESENTATION('',(#5032),#5036);
#5032 = LINE('',#5033,#5034);
#5033 = CARTESIAN_POINT('',(0.,0.));
#5034 = VECTOR('',#5035,1.);
#5035 = DIRECTION('',(0.,-1.));
#5036 = ( GEOMETRIC_REPRESENTATION_CONTEXT(2) 
PARAMETRIC_REPRESENTATION_CONTEXT() REPRESENTATION_CONTEXT('2D SPACE',''
  ) );
#5037 = PCURVE('',#471,#5038);
#5038 = DEFINITIONAL_REPRESENTATION('',(#5039),#5043);
#5039 = LINE('',#5040,#5041);
#5040 = CARTESIAN_POINT('',(1.,0.));
#5041 = VECTOR('',#5042,1.);
#5042 = DIRECTION('',(0.,-1.));
#5043 = ( GEOMETRIC_REPRESENTATION_CONTEXT(2) 
PARAMETRIC_REPRESENTATION_CONTEXT() REPRESENTATION_CONTEXT('2D SPACE',''
  ) );
#5044 = ORIENTED_EDGE('',*,*,#5045,.T.);
#5045 = EDGE_CURVE('',#5023,#4925,#5046,.T.);
#5046 = SURFACE_CURVE('',#5047,(#5051,#5058),.PCURVE_S1.);
#5047 = B_SPLINE_CURVE_WITH_KNOTS('',2,(#5048,#5049,#5050),
  .UNSPECIFIED.,.F.,.F.,(3,3),(0.,1.),.PIECEWISE_BEZIER_KNOTS.);
#5048 = CARTESIAN_POINT('',(-30.18127441406,-3.682739257812,16.6));
#5049 = CARTESIAN_POINT('',(-29.93298339843,-3.460815429688,16.6));
#5050 = CARTESIAN_POINT('',(-29.82971191406,-3.252075195312,16.6));
#5051 = PCURVE('',#512,#5052);
#5052 = DEFINITIONAL_REPRESENTATION('',(#5053),#5057);
#5053 = LINE('',#5054,#5055);
#5054 = CARTESIAN_POINT('',(0.,-0.65));
#5055 = VECTOR('',#5056,1.);
#5056 = DIRECTION('',(1.,0.));
#5057 = ( GEOMETRIC_REPRESENTATION_CONTEXT(2) 
PARAMETRIC_REPRESENTATION_CONTEXT() REPRESENTATION_CONTEXT('2D SPACE',''
  ) );
#5058 = PCURVE('',#4838,#5059);
#5059 = DEFINITIONAL_REPRESENTATION('',(#5060),#5064);
#5060 = B_SPLINE_CURVE_WITH_KNOTS('',2,(#5061,#5062,#5063),
  .UNSPECIFIED.,.F.,.F.,(3,3),(0.,1.),.PIECEWISE_BEZIER_KNOTS.);
#5061 = CARTESIAN_POINT('',(1.070068359375,2.8037109375));
#5062 = CARTESIAN_POINT('',(1.318359375,3.025634765625));
#5063 = CARTESIAN_POINT('',(1.421630859375,3.234375));
#5064 = ( GEOMETRIC_REPRESENTATION_CONTEXT(2) 
PARAMETRIC_REPRESENTATION_CONTEXT() REPRESENTATION_CONTEXT('2D SPACE',''
  ) );
#5065 = ORIENTED_EDGE('',*,*,#4924,.F.);
#5066 = ADVANCED_FACE('',(#5067),#367,.T.);
#5067 = FACE_BOUND('',#5068,.T.);
#5068 = EDGE_LOOP('',(#5069,#5070,#5071,#5094));
#5069 = ORIENTED_EDGE('',*,*,#345,.T.);
#5070 = ORIENTED_EDGE('',*,*,#4997,.T.);
#5071 = ORIENTED_EDGE('',*,*,#5072,.T.);
#5072 = EDGE_CURVE('',#4975,#5073,#5075,.T.);
#5073 = VERTEX_POINT('',#5074);
#5074 = CARTESIAN_POINT('',(-30.34497070312,-4.238647460938,16.6));
#5075 = SURFACE_CURVE('',#5076,(#5080,#5087),.PCURVE_S1.);
#5076 = B_SPLINE_CURVE_WITH_KNOTS('',2,(#5077,#5078,#5079),
  .UNSPECIFIED.,.F.,.F.,(3,3),(0.,1.),.PIECEWISE_BEZIER_KNOTS.);
#5077 = CARTESIAN_POINT('',(-29.97033691406,-3.966186523438,16.6));
#5078 = CARTESIAN_POINT('',(-30.11315917968,-4.102416992188,16.6));
#5079 = CARTESIAN_POINT('',(-30.34497070312,-4.238647460938,16.6));
#5080 = PCURVE('',#367,#5081);
#5081 = DEFINITIONAL_REPRESENTATION('',(#5082),#5086);
#5082 = LINE('',#5083,#5084);
#5083 = CARTESIAN_POINT('',(0.,-0.65));
#5084 = VECTOR('',#5085,1.);
#5085 = DIRECTION('',(1.,0.));
#5086 = ( GEOMETRIC_REPRESENTATION_CONTEXT(2) 
PARAMETRIC_REPRESENTATION_CONTEXT() REPRESENTATION_CONTEXT('2D SPACE',''
  ) );
#5087 = PCURVE('',#4838,#5088);
#5088 = DEFINITIONAL_REPRESENTATION('',(#5089),#5093);
#5089 = B_SPLINE_CURVE_WITH_KNOTS('',2,(#5090,#5091,#5092),
  .UNSPECIFIED.,.F.,.F.,(3,3),(0.,1.),.PIECEWISE_BEZIER_KNOTS.);
#5090 = CARTESIAN_POINT('',(1.281005859375,2.520263671875));
#5091 = CARTESIAN_POINT('',(1.13818359375,2.384033203125));
#5092 = CARTESIAN_POINT('',(0.906372070312,2.247802734375));
#5093 = ( GEOMETRIC_REPRESENTATION_CONTEXT(2) 
PARAMETRIC_REPRESENTATION_CONTEXT() REPRESENTATION_CONTEXT('2D SPACE',''
  ) );
#5094 = ORIENTED_EDGE('',*,*,#5095,.F.);
#5095 = EDGE_CURVE('',#346,#5073,#5096,.T.);
#5096 = SURFACE_CURVE('',#5097,(#5101,#5108),.PCURVE_S1.);
#5097 = LINE('',#5098,#5099);
#5098 = CARTESIAN_POINT('',(-30.34497070312,-4.238647460938,15.95));
#5099 = VECTOR('',#5100,1.);
#5100 = DIRECTION('',(0.,0.,1.));
#5101 = PCURVE('',#367,#5102);
#5102 = DEFINITIONAL_REPRESENTATION('',(#5103),#5107);
#5103 = LINE('',#5104,#5105);
#5104 = CARTESIAN_POINT('',(1.,0.));
#5105 = VECTOR('',#5106,1.);
#5106 = DIRECTION('',(0.,-1.));
#5107 = ( GEOMETRIC_REPRESENTATION_CONTEXT(2) 
PARAMETRIC_REPRESENTATION_CONTEXT() REPRESENTATION_CONTEXT('2D SPACE',''
  ) );
#5108 = PCURVE('',#406,#5109);
#5109 = DEFINITIONAL_REPRESENTATION('',(#5110),#5114);
#5110 = LINE('',#5111,#5112);
#5111 = CARTESIAN_POINT('',(0.,0.));
#5112 = VECTOR('',#5113,1.);
#5113 = DIRECTION('',(0.,-1.));
#5114 = ( GEOMETRIC_REPRESENTATION_CONTEXT(2) 
PARAMETRIC_REPRESENTATION_CONTEXT() REPRESENTATION_CONTEXT('2D SPACE',''
  ) );
#5115 = ADVANCED_FACE('',(#5116),#471,.T.);
#5116 = FACE_BOUND('',#5117,.T.);
#5117 = EDGE_LOOP('',(#5118,#5119,#5142,#5163));
#5118 = ORIENTED_EDGE('',*,*,#449,.T.);
#5119 = ORIENTED_EDGE('',*,*,#5120,.T.);
#5120 = EDGE_CURVE('',#424,#5121,#5123,.T.);
#5121 = VERTEX_POINT('',#5122);
#5122 = CARTESIAN_POINT('',(-30.76135253906,-4.060668945312,16.6));
#5123 = SURFACE_CURVE('',#5124,(#5128,#5135),.PCURVE_S1.);
#5124 = LINE('',#5125,#5126);
#5125 = CARTESIAN_POINT('',(-30.76135253906,-4.060668945312,15.95));
#5126 = VECTOR('',#5127,1.);
#5127 = DIRECTION('',(0.,0.,1.));
#5128 = PCURVE('',#471,#5129);
#5129 = DEFINITIONAL_REPRESENTATION('',(#5130),#5134);
#5130 = LINE('',#5131,#5132);
#5131 = CARTESIAN_POINT('',(0.,0.));
#5132 = VECTOR('',#5133,1.);
#5133 = DIRECTION('',(0.,-1.));
#5134 = ( GEOMETRIC_REPRESENTATION_CONTEXT(2) 
PARAMETRIC_REPRESENTATION_CONTEXT() REPRESENTATION_CONTEXT('2D SPACE',''
  ) );
#5135 = PCURVE('',#438,#5136);
#5136 = DEFINITIONAL_REPRESENTATION('',(#5137),#5141);
#5137 = LINE('',#5138,#5139);
#5138 = CARTESIAN_POINT('',(0.38232421875,0.));
#5139 = VECTOR('',#5140,1.);
#5140 = DIRECTION('',(0.,-1.));
#5141 = ( GEOMETRIC_REPRESENTATION_CONTEXT(2) 
PARAMETRIC_REPRESENTATION_CONTEXT() REPRESENTATION_CONTEXT('2D SPACE',''
  ) );
#5142 = ORIENTED_EDGE('',*,*,#5143,.T.);
#5143 = EDGE_CURVE('',#5121,#5023,#5144,.T.);
#5144 = SURFACE_CURVE('',#5145,(#5149,#5156),.PCURVE_S1.);
#5145 = B_SPLINE_CURVE_WITH_KNOTS('',2,(#5146,#5147,#5148),
  .UNSPECIFIED.,.F.,.F.,(3,3),(0.,1.),.PIECEWISE_BEZIER_KNOTS.);
#5146 = CARTESIAN_POINT('',(-30.76135253906,-4.060668945312,16.6));
#5147 = CARTESIAN_POINT('',(-30.42956542968,-3.904663085938,16.6));
#5148 = CARTESIAN_POINT('',(-30.18127441406,-3.682739257812,16.6));
#5149 = PCURVE('',#471,#5150);
#5150 = DEFINITIONAL_REPRESENTATION('',(#5151),#5155);
#5151 = LINE('',#5152,#5153);
#5152 = CARTESIAN_POINT('',(0.,-0.65));
#5153 = VECTOR('',#5154,1.);
#5154 = DIRECTION('',(1.,0.));
#5155 = ( GEOMETRIC_REPRESENTATION_CONTEXT(2) 
PARAMETRIC_REPRESENTATION_CONTEXT() REPRESENTATION_CONTEXT('2D SPACE',''
  ) );
#5156 = PCURVE('',#4838,#5157);
#5157 = DEFINITIONAL_REPRESENTATION('',(#5158),#5162);
#5158 = B_SPLINE_CURVE_WITH_KNOTS('',2,(#5159,#5160,#5161),
  .UNSPECIFIED.,.F.,.F.,(3,3),(0.,1.),.PIECEWISE_BEZIER_KNOTS.);
#5159 = CARTESIAN_POINT('',(0.489990234375,2.42578125));
#5160 = CARTESIAN_POINT('',(0.82177734375,2.581787109375));
#5161 = CARTESIAN_POINT('',(1.070068359375,2.8037109375));
#5162 = ( GEOMETRIC_REPRESENTATION_CONTEXT(2) 
PARAMETRIC_REPRESENTATION_CONTEXT() REPRESENTATION_CONTEXT('2D SPACE',''
  ) );
#5163 = ORIENTED_EDGE('',*,*,#5022,.F.);
#5164 = ADVANCED_FACE('',(#5165),#406,.T.);
#5165 = FACE_BOUND('',#5166,.T.);
#5166 = EDGE_LOOP('',(#5167,#5168,#5169,#5192));
#5167 = ORIENTED_EDGE('',*,*,#384,.T.);
#5168 = ORIENTED_EDGE('',*,*,#5095,.T.);
#5169 = ORIENTED_EDGE('',*,*,#5170,.T.);
#5170 = EDGE_CURVE('',#5073,#5171,#5173,.T.);
#5171 = VERTEX_POINT('',#5172);
#5172 = CARTESIAN_POINT('',(-30.76135253906,-4.442993164062,16.6));
#5173 = SURFACE_CURVE('',#5174,(#5178,#5185),.PCURVE_S1.);
#5174 = B_SPLINE_CURVE_WITH_KNOTS('',2,(#5175,#5176,#5177),
  .UNSPECIFIED.,.F.,.F.,(3,3),(0.,1.),.PIECEWISE_BEZIER_KNOTS.);
#5175 = CARTESIAN_POINT('',(-30.34497070312,-4.238647460938,16.6));
#5176 = CARTESIAN_POINT('',(-30.57678222656,-4.374877929688,16.6));
#5177 = CARTESIAN_POINT('',(-30.76135253906,-4.442993164062,16.6));
#5178 = PCURVE('',#406,#5179);
#5179 = DEFINITIONAL_REPRESENTATION('',(#5180),#5184);
#5180 = LINE('',#5181,#5182);
#5181 = CARTESIAN_POINT('',(0.,-0.65));
#5182 = VECTOR('',#5183,1.);
#5183 = DIRECTION('',(1.,0.));
#5184 = ( GEOMETRIC_REPRESENTATION_CONTEXT(2) 
PARAMETRIC_REPRESENTATION_CONTEXT() REPRESENTATION_CONTEXT('2D SPACE',''
  ) );
#5185 = PCURVE('',#4838,#5186);
#5186 = DEFINITIONAL_REPRESENTATION('',(#5187),#5191);
#5187 = B_SPLINE_CURVE_WITH_KNOTS('',2,(#5188,#5189,#5190),
  .UNSPECIFIED.,.F.,.F.,(3,3),(0.,1.),.PIECEWISE_BEZIER_KNOTS.);
#5188 = CARTESIAN_POINT('',(0.906372070312,2.247802734375));
#5189 = CARTESIAN_POINT('',(0.674560546875,2.111572265625));
#5190 = CARTESIAN_POINT('',(0.489990234375,2.04345703125));
#5191 = ( GEOMETRIC_REPRESENTATION_CONTEXT(2) 
PARAMETRIC_REPRESENTATION_CONTEXT() REPRESENTATION_CONTEXT('2D SPACE',''
  ) );
#5192 = ORIENTED_EDGE('',*,*,#5193,.F.);
#5193 = EDGE_CURVE('',#385,#5171,#5194,.T.);
#5194 = SURFACE_CURVE('',#5195,(#5199,#5206),.PCURVE_S1.);
#5195 = LINE('',#5196,#5197);
#5196 = CARTESIAN_POINT('',(-30.76135253906,-4.442993164062,15.95));
#5197 = VECTOR('',#5198,1.);
#5198 = DIRECTION('',(0.,0.,1.));
#5199 = PCURVE('',#406,#5200);
#5200 = DEFINITIONAL_REPRESENTATION('',(#5201),#5205);
#5201 = LINE('',#5202,#5203);
#5202 = CARTESIAN_POINT('',(1.,0.));
#5203 = VECTOR('',#5204,1.);
#5204 = DIRECTION('',(0.,-1.));
#5205 = ( GEOMETRIC_REPRESENTATION_CONTEXT(2) 
PARAMETRIC_REPRESENTATION_CONTEXT() REPRESENTATION_CONTEXT('2D SPACE',''
  ) );
#5206 = PCURVE('',#438,#5207);
#5207 = DEFINITIONAL_REPRESENTATION('',(#5208),#5212);
#5208 = LINE('',#5209,#5210);
#5209 = CARTESIAN_POINT('',(0.,0.));
#5210 = VECTOR('',#5211,1.);
#5211 = DIRECTION('',(0.,-1.));
#5212 = ( GEOMETRIC_REPRESENTATION_CONTEXT(2) 
PARAMETRIC_REPRESENTATION_CONTEXT() REPRESENTATION_CONTEXT('2D SPACE',''
  ) );
#5213 = ADVANCED_FACE('',(#5214),#438,.T.);
#5214 = FACE_BOUND('',#5215,.T.);
#5215 = EDGE_LOOP('',(#5216,#5217,#5218,#5239));
#5216 = ORIENTED_EDGE('',*,*,#423,.T.);
#5217 = ORIENTED_EDGE('',*,*,#5193,.T.);
#5218 = ORIENTED_EDGE('',*,*,#5219,.T.);
#5219 = EDGE_CURVE('',#5171,#5121,#5220,.T.);
#5220 = SURFACE_CURVE('',#5221,(#5225,#5232),.PCURVE_S1.);
#5221 = LINE('',#5222,#5223);
#5222 = CARTESIAN_POINT('',(-30.76135253906,-4.442993164062,16.6));
#5223 = VECTOR('',#5224,1.);
#5224 = DIRECTION('',(0.,1.,0.));
#5225 = PCURVE('',#438,#5226);
#5226 = DEFINITIONAL_REPRESENTATION('',(#5227),#5231);
#5227 = LINE('',#5228,#5229);
#5228 = CARTESIAN_POINT('',(0.,-0.65));
#5229 = VECTOR('',#5230,1.);
#5230 = DIRECTION('',(1.,0.));
#5231 = ( GEOMETRIC_REPRESENTATION_CONTEXT(2) 
PARAMETRIC_REPRESENTATION_CONTEXT() REPRESENTATION_CONTEXT('2D SPACE',''
  ) );
#5232 = PCURVE('',#4838,#5233);
#5233 = DEFINITIONAL_REPRESENTATION('',(#5234),#5238);
#5234 = LINE('',#5235,#5236);
#5235 = CARTESIAN_POINT('',(0.489990234375,2.04345703125));
#5236 = VECTOR('',#5237,1.);
#5237 = DIRECTION('',(0.,1.));
#5238 = ( GEOMETRIC_REPRESENTATION_CONTEXT(2) 
PARAMETRIC_REPRESENTATION_CONTEXT() REPRESENTATION_CONTEXT('2D SPACE',''
  ) );
#5239 = ORIENTED_EDGE('',*,*,#5120,.F.);
#5240 = ADVANCED_FACE('',(#5241),#573,.T.);
#5241 = FACE_BOUND('',#5242,.T.);
#5242 = EDGE_LOOP('',(#5243,#5244,#5267,#5295));
#5243 = ORIENTED_EDGE('',*,*,#556,.T.);
#5244 = ORIENTED_EDGE('',*,*,#5245,.T.);
#5245 = EDGE_CURVE('',#559,#5246,#5248,.T.);
#5246 = VERTEX_POINT('',#5247);
#5247 = CARTESIAN_POINT('',(-15.56579589843,-6.106323242188,16.6));
#5248 = SURFACE_CURVE('',#5249,(#5253,#5260),.PCURVE_S1.);
#5249 = LINE('',#5250,#5251);
#5250 = CARTESIAN_POINT('',(-15.56579589843,-6.106323242188,15.95));
#5251 = VECTOR('',#5252,1.);
#5252 = DIRECTION('',(0.,0.,1.));
#5253 = PCURVE('',#573,#5254);
#5254 = DEFINITIONAL_REPRESENTATION('',(#5255),#5259);
#5255 = LINE('',#5256,#5257);
#5256 = CARTESIAN_POINT('',(0.,0.));
#5257 = VECTOR('',#5258,1.);
#5258 = DIRECTION('',(0.,-1.));
#5259 = ( GEOMETRIC_REPRESENTATION_CONTEXT(2) 
PARAMETRIC_REPRESENTATION_CONTEXT() REPRESENTATION_CONTEXT('2D SPACE',''
  ) );
#5260 = PCURVE('',#1496,#5261);
#5261 = DEFINITIONAL_REPRESENTATION('',(#5262),#5266);
#5262 = LINE('',#5263,#5264);
#5263 = CARTESIAN_POINT('',(1.,0.));
#5264 = VECTOR('',#5265,1.);
#5265 = DIRECTION('',(0.,-1.));
#5266 = ( GEOMETRIC_REPRESENTATION_CONTEXT(2) 
PARAMETRIC_REPRESENTATION_CONTEXT() REPRESENTATION_CONTEXT('2D SPACE',''
  ) );
#5267 = ORIENTED_EDGE('',*,*,#5268,.T.);
#5268 = EDGE_CURVE('',#5246,#5269,#5271,.T.);
#5269 = VERTEX_POINT('',#5270);
#5270 = CARTESIAN_POINT('',(-13.98596191406,-6.106323242188,16.6));
#5271 = SURFACE_CURVE('',#5272,(#5276,#5283),.PCURVE_S1.);
#5272 = LINE('',#5273,#5274);
#5273 = CARTESIAN_POINT('',(-15.56579589843,-6.106323242188,16.6));
#5274 = VECTOR('',#5275,1.);
#5275 = DIRECTION('',(1.,0.,0.));
#5276 = PCURVE('',#573,#5277);
#5277 = DEFINITIONAL_REPRESENTATION('',(#5278),#5282);
#5278 = LINE('',#5279,#5280);
#5279 = CARTESIAN_POINT('',(0.,-0.65));
#5280 = VECTOR('',#5281,1.);
#5281 = DIRECTION('',(1.,0.));
#5282 = ( GEOMETRIC_REPRESENTATION_CONTEXT(2) 
PARAMETRIC_REPRESENTATION_CONTEXT() REPRESENTATION_CONTEXT('2D SPACE',''
  ) );
#5283 = PCURVE('',#5284,#5289);
#5284 = PLANE('',#5285);
#5285 = AXIS2_PLACEMENT_3D('',#5286,#5287,#5288);
#5286 = CARTESIAN_POINT('',(-16.25134277343,-6.486450195312,16.6));
#5287 = DIRECTION('',(0.,0.,1.));
#5288 = DIRECTION('',(1.,0.,0.));
#5289 = DEFINITIONAL_REPRESENTATION('',(#5290),#5294);
#5290 = LINE('',#5291,#5292);
#5291 = CARTESIAN_POINT('',(0.685546875,0.380126953125));
#5292 = VECTOR('',#5293,1.);
#5293 = DIRECTION('',(1.,0.));
#5294 = ( GEOMETRIC_REPRESENTATION_CONTEXT(2) 
PARAMETRIC_REPRESENTATION_CONTEXT() REPRESENTATION_CONTEXT('2D SPACE',''
  ) );
#5295 = ORIENTED_EDGE('',*,*,#5296,.F.);
#5296 = EDGE_CURVE('',#557,#5269,#5297,.T.);
#5297 = SURFACE_CURVE('',#5298,(#5302,#5309),.PCURVE_S1.);
#5298 = LINE('',#5299,#5300);
#5299 = CARTESIAN_POINT('',(-13.98596191406,-6.106323242188,15.95));
#5300 = VECTOR('',#5301,1.);
#5301 = DIRECTION('',(0.,0.,1.));
#5302 = PCURVE('',#573,#5303);
#5303 = DEFINITIONAL_REPRESENTATION('',(#5304),#5308);
#5304 = LINE('',#5305,#5306);
#5305 = CARTESIAN_POINT('',(1.579833984375,0.));
#5306 = VECTOR('',#5307,1.);
#5307 = DIRECTION('',(0.,-1.));
#5308 = ( GEOMETRIC_REPRESENTATION_CONTEXT(2) 
PARAMETRIC_REPRESENTATION_CONTEXT() REPRESENTATION_CONTEXT('2D SPACE',''
  ) );
#5309 = PCURVE('',#599,#5310);
#5310 = DEFINITIONAL_REPRESENTATION('',(#5311),#5315);
#5311 = LINE('',#5312,#5313);
#5312 = CARTESIAN_POINT('',(0.,0.));
#5313 = VECTOR('',#5314,1.);
#5314 = DIRECTION('',(0.,-1.));
#5315 = ( GEOMETRIC_REPRESENTATION_CONTEXT(2) 
PARAMETRIC_REPRESENTATION_CONTEXT() REPRESENTATION_CONTEXT('2D SPACE',''
  ) );
#5316 = ADVANCED_FACE('',(#5317),#599,.T.);
#5317 = FACE_BOUND('',#5318,.T.);
#5318 = EDGE_LOOP('',(#5319,#5320,#5321,#5344));
#5319 = ORIENTED_EDGE('',*,*,#584,.T.);
#5320 = ORIENTED_EDGE('',*,*,#5296,.T.);
#5321 = ORIENTED_EDGE('',*,*,#5322,.T.);
#5322 = EDGE_CURVE('',#5269,#5323,#5325,.T.);
#5323 = VERTEX_POINT('',#5324);
#5324 = CARTESIAN_POINT('',(-13.98596191406,-6.486450195312,16.6));
#5325 = SURFACE_CURVE('',#5326,(#5330,#5337),.PCURVE_S1.);
#5326 = LINE('',#5327,#5328);
#5327 = CARTESIAN_POINT('',(-13.98596191406,-6.106323242188,16.6));
#5328 = VECTOR('',#5329,1.);
#5329 = DIRECTION('',(0.,-1.,0.));
#5330 = PCURVE('',#599,#5331);
#5331 = DEFINITIONAL_REPRESENTATION('',(#5332),#5336);
#5332 = LINE('',#5333,#5334);
#5333 = CARTESIAN_POINT('',(0.,-0.65));
#5334 = VECTOR('',#5335,1.);
#5335 = DIRECTION('',(1.,0.));
#5336 = ( GEOMETRIC_REPRESENTATION_CONTEXT(2) 
PARAMETRIC_REPRESENTATION_CONTEXT() REPRESENTATION_CONTEXT('2D SPACE',''
  ) );
#5337 = PCURVE('',#5284,#5338);
#5338 = DEFINITIONAL_REPRESENTATION('',(#5339),#5343);
#5339 = LINE('',#5340,#5341);
#5340 = CARTESIAN_POINT('',(2.265380859375,0.380126953125));
#5341 = VECTOR('',#5342,1.);
#5342 = DIRECTION('',(0.,-1.));
#5343 = ( GEOMETRIC_REPRESENTATION_CONTEXT(2) 
PARAMETRIC_REPRESENTATION_CONTEXT() REPRESENTATION_CONTEXT('2D SPACE',''
  ) );
#5344 = ORIENTED_EDGE('',*,*,#5345,.F.);
#5345 = EDGE_CURVE('',#585,#5323,#5346,.T.);
#5346 = SURFACE_CURVE('',#5347,(#5351,#5358),.PCURVE_S1.);
#5347 = LINE('',#5348,#5349);
#5348 = CARTESIAN_POINT('',(-13.98596191406,-6.486450195312,15.95));
#5349 = VECTOR('',#5350,1.);
#5350 = DIRECTION('',(0.,0.,1.));
#5351 = PCURVE('',#599,#5352);
#5352 = DEFINITIONAL_REPRESENTATION('',(#5353),#5357);
#5353 = LINE('',#5354,#5355);
#5354 = CARTESIAN_POINT('',(0.380126953125,0.));
#5355 = VECTOR('',#5356,1.);
#5356 = DIRECTION('',(0.,-1.));
#5357 = ( GEOMETRIC_REPRESENTATION_CONTEXT(2) 
PARAMETRIC_REPRESENTATION_CONTEXT() REPRESENTATION_CONTEXT('2D SPACE',''
  ) );
#5358 = PCURVE('',#625,#5359);
#5359 = DEFINITIONAL_REPRESENTATION('',(#5360),#5364);
#5360 = LINE('',#5361,#5362);
#5361 = CARTESIAN_POINT('',(0.,-0.));
#5362 = VECTOR('',#5363,1.);
#5363 = DIRECTION('',(0.,-1.));
#5364 = ( GEOMETRIC_REPRESENTATION_CONTEXT(2) 
PARAMETRIC_REPRESENTATION_CONTEXT() REPRESENTATION_CONTEXT('2D SPACE',''
  ) );
#5365 = ADVANCED_FACE('',(#5366),#1496,.T.);
#5366 = FACE_BOUND('',#5367,.T.);
#5367 = EDGE_LOOP('',(#5368,#5369,#5392,#5413));
#5368 = ORIENTED_EDGE('',*,*,#1478,.T.);
#5369 = ORIENTED_EDGE('',*,*,#5370,.T.);
#5370 = EDGE_CURVE('',#1434,#5371,#5373,.T.);
#5371 = VERTEX_POINT('',#5372);
#5372 = CARTESIAN_POINT('',(-15.39880371093,-5.89208984375,16.6));
#5373 = SURFACE_CURVE('',#5374,(#5378,#5385),.PCURVE_S1.);
#5374 = LINE('',#5375,#5376);
#5375 = CARTESIAN_POINT('',(-15.39880371093,-5.89208984375,15.95));
#5376 = VECTOR('',#5377,1.);
#5377 = DIRECTION('',(0.,0.,1.));
#5378 = PCURVE('',#1496,#5379);
#5379 = DEFINITIONAL_REPRESENTATION('',(#5380),#5384);
#5380 = LINE('',#5381,#5382);
#5381 = CARTESIAN_POINT('',(0.,0.));
#5382 = VECTOR('',#5383,1.);
#5383 = DIRECTION('',(0.,-1.));
#5384 = ( GEOMETRIC_REPRESENTATION_CONTEXT(2) 
PARAMETRIC_REPRESENTATION_CONTEXT() REPRESENTATION_CONTEXT('2D SPACE',''
  ) );
#5385 = PCURVE('',#1459,#5386);
#5386 = DEFINITIONAL_REPRESENTATION('',(#5387),#5391);
#5387 = LINE('',#5388,#5389);
#5388 = CARTESIAN_POINT('',(1.,0.));
#5389 = VECTOR('',#5390,1.);
#5390 = DIRECTION('',(0.,-1.));
#5391 = ( GEOMETRIC_REPRESENTATION_CONTEXT(2) 
PARAMETRIC_REPRESENTATION_CONTEXT() REPRESENTATION_CONTEXT('2D SPACE',''
  ) );
#5392 = ORIENTED_EDGE('',*,*,#5393,.T.);
#5393 = EDGE_CURVE('',#5371,#5246,#5394,.T.);
#5394 = SURFACE_CURVE('',#5395,(#5399,#5406),.PCURVE_S1.);
#5395 = B_SPLINE_CURVE_WITH_KNOTS('',2,(#5396,#5397,#5398),
  .UNSPECIFIED.,.F.,.F.,(3,3),(0.,1.),.PIECEWISE_BEZIER_KNOTS.);
#5396 = CARTESIAN_POINT('',(-15.39880371093,-5.89208984375,16.6));
#5397 = CARTESIAN_POINT('',(-15.49987792968,-5.998657226562,16.6));
#5398 = CARTESIAN_POINT('',(-15.56579589843,-6.106323242188,16.6));
#5399 = PCURVE('',#1496,#5400);
#5400 = DEFINITIONAL_REPRESENTATION('',(#5401),#5405);
#5401 = LINE('',#5402,#5403);
#5402 = CARTESIAN_POINT('',(0.,-0.65));
#5403 = VECTOR('',#5404,1.);
#5404 = DIRECTION('',(1.,0.));
#5405 = ( GEOMETRIC_REPRESENTATION_CONTEXT(2) 
PARAMETRIC_REPRESENTATION_CONTEXT() REPRESENTATION_CONTEXT('2D SPACE',''
  ) );
#5406 = PCURVE('',#5284,#5407);
#5407 = DEFINITIONAL_REPRESENTATION('',(#5408),#5412);
#5408 = B_SPLINE_CURVE_WITH_KNOTS('',2,(#5409,#5410,#5411),
  .UNSPECIFIED.,.F.,.F.,(3,3),(0.,1.),.PIECEWISE_BEZIER_KNOTS.);
#5409 = CARTESIAN_POINT('',(0.8525390625,0.594360351562));
#5410 = CARTESIAN_POINT('',(0.75146484375,0.48779296875));
#5411 = CARTESIAN_POINT('',(0.685546875,0.380126953125));
#5412 = ( GEOMETRIC_REPRESENTATION_CONTEXT(2) 
PARAMETRIC_REPRESENTATION_CONTEXT() REPRESENTATION_CONTEXT('2D SPACE',''
  ) );
#5413 = ORIENTED_EDGE('',*,*,#5245,.F.);
#5414 = ADVANCED_FACE('',(#5415),#625,.T.);
#5415 = FACE_BOUND('',#5416,.T.);
#5416 = EDGE_LOOP('',(#5417,#5418,#5419,#5442));
#5417 = ORIENTED_EDGE('',*,*,#610,.T.);
#5418 = ORIENTED_EDGE('',*,*,#5345,.T.);
#5419 = ORIENTED_EDGE('',*,*,#5420,.T.);
#5420 = EDGE_CURVE('',#5323,#5421,#5423,.T.);
#5421 = VERTEX_POINT('',#5422);
#5422 = CARTESIAN_POINT('',(-16.11511230468,-6.486450195312,16.6));
#5423 = SURFACE_CURVE('',#5424,(#5428,#5435),.PCURVE_S1.);
#5424 = LINE('',#5425,#5426);
#5425 = CARTESIAN_POINT('',(-13.98596191406,-6.486450195312,16.6));
#5426 = VECTOR('',#5427,1.);
#5427 = DIRECTION('',(-1.,0.,0.));
#5428 = PCURVE('',#625,#5429);
#5429 = DEFINITIONAL_REPRESENTATION('',(#5430),#5434);
#5430 = LINE('',#5431,#5432);
#5431 = CARTESIAN_POINT('',(0.,-0.65));
#5432 = VECTOR('',#5433,1.);
#5433 = DIRECTION('',(1.,0.));
#5434 = ( GEOMETRIC_REPRESENTATION_CONTEXT(2) 
PARAMETRIC_REPRESENTATION_CONTEXT() REPRESENTATION_CONTEXT('2D SPACE',''
  ) );
#5435 = PCURVE('',#5284,#5436);
#5436 = DEFINITIONAL_REPRESENTATION('',(#5437),#5441);
#5437 = LINE('',#5438,#5439);
#5438 = CARTESIAN_POINT('',(2.265380859375,0.));
#5439 = VECTOR('',#5440,1.);
#5440 = DIRECTION('',(-1.,0.));
#5441 = ( GEOMETRIC_REPRESENTATION_CONTEXT(2) 
PARAMETRIC_REPRESENTATION_CONTEXT() REPRESENTATION_CONTEXT('2D SPACE',''
  ) );
#5442 = ORIENTED_EDGE('',*,*,#5443,.F.);
#5443 = EDGE_CURVE('',#611,#5421,#5444,.T.);
#5444 = SURFACE_CURVE('',#5445,(#5449,#5456),.PCURVE_S1.);
#5445 = LINE('',#5446,#5447);
#5446 = CARTESIAN_POINT('',(-16.11511230468,-6.486450195312,15.95));
#5447 = VECTOR('',#5448,1.);
#5448 = DIRECTION('',(0.,0.,1.));
#5449 = PCURVE('',#625,#5450);
#5450 = DEFINITIONAL_REPRESENTATION('',(#5451),#5455);
#5451 = LINE('',#5452,#5453);
#5452 = CARTESIAN_POINT('',(2.129150390625,0.));
#5453 = VECTOR('',#5454,1.);
#5454 = DIRECTION('',(0.,-1.));
#5455 = ( GEOMETRIC_REPRESENTATION_CONTEXT(2) 
PARAMETRIC_REPRESENTATION_CONTEXT() REPRESENTATION_CONTEXT('2D SPACE',''
  ) );
#5456 = PCURVE('',#662,#5457);
#5457 = DEFINITIONAL_REPRESENTATION('',(#5458),#5462);
#5458 = LINE('',#5459,#5460);
#5459 = CARTESIAN_POINT('',(0.,0.));
#5460 = VECTOR('',#5461,1.);
#5461 = DIRECTION('',(0.,-1.));
#5462 = ( GEOMETRIC_REPRESENTATION_CONTEXT(2) 
PARAMETRIC_REPRESENTATION_CONTEXT() REPRESENTATION_CONTEXT('2D SPACE',''
  ) );
#5463 = ADVANCED_FACE('',(#5464),#1459,.T.);
#5464 = FACE_BOUND('',#5465,.T.);
#5465 = EDGE_LOOP('',(#5466,#5467,#5490,#5511));
#5466 = ORIENTED_EDGE('',*,*,#1433,.T.);
#5467 = ORIENTED_EDGE('',*,*,#5468,.T.);
#5468 = EDGE_CURVE('',#1392,#5469,#5471,.T.);
#5469 = VERTEX_POINT('',#5470);
#5470 = CARTESIAN_POINT('',(-14.94177246093,-5.486694335938,16.6));
#5471 = SURFACE_CURVE('',#5472,(#5476,#5483),.PCURVE_S1.);
#5472 = LINE('',#5473,#5474);
#5473 = CARTESIAN_POINT('',(-14.94177246093,-5.486694335938,15.95));
#5474 = VECTOR('',#5475,1.);
#5475 = DIRECTION('',(0.,0.,1.));
#5476 = PCURVE('',#1459,#5477);
#5477 = DEFINITIONAL_REPRESENTATION('',(#5478),#5482);
#5478 = LINE('',#5479,#5480);
#5479 = CARTESIAN_POINT('',(0.,0.));
#5480 = VECTOR('',#5481,1.);
#5481 = DIRECTION('',(0.,-1.));
#5482 = ( GEOMETRIC_REPRESENTATION_CONTEXT(2) 
PARAMETRIC_REPRESENTATION_CONTEXT() REPRESENTATION_CONTEXT('2D SPACE',''
  ) );
#5483 = PCURVE('',#1415,#5484);
#5484 = DEFINITIONAL_REPRESENTATION('',(#5485),#5489);
#5485 = LINE('',#5486,#5487);
#5486 = CARTESIAN_POINT('',(1.,0.));
#5487 = VECTOR('',#5488,1.);
#5488 = DIRECTION('',(0.,-1.));
#5489 = ( GEOMETRIC_REPRESENTATION_CONTEXT(2) 
PARAMETRIC_REPRESENTATION_CONTEXT() REPRESENTATION_CONTEXT('2D SPACE',''
  ) );
#5490 = ORIENTED_EDGE('',*,*,#5491,.T.);
#5491 = EDGE_CURVE('',#5469,#5371,#5492,.T.);
#5492 = SURFACE_CURVE('',#5493,(#5497,#5504),.PCURVE_S1.);
#5493 = B_SPLINE_CURVE_WITH_KNOTS('',2,(#5494,#5495,#5496),
  .UNSPECIFIED.,.F.,.F.,(3,3),(0.,1.),.PIECEWISE_BEZIER_KNOTS.);
#5494 = CARTESIAN_POINT('',(-14.94177246093,-5.486694335938,16.6));
#5495 = CARTESIAN_POINT('',(-15.29772949218,-5.785522460938,16.6));
#5496 = CARTESIAN_POINT('',(-15.39880371093,-5.89208984375,16.6));
#5497 = PCURVE('',#1459,#5498);
#5498 = DEFINITIONAL_REPRESENTATION('',(#5499),#5503);
#5499 = LINE('',#5500,#5501);
#5500 = CARTESIAN_POINT('',(0.,-0.65));
#5501 = VECTOR('',#5502,1.);
#5502 = DIRECTION('',(1.,0.));
#5503 = ( GEOMETRIC_REPRESENTATION_CONTEXT(2) 
PARAMETRIC_REPRESENTATION_CONTEXT() REPRESENTATION_CONTEXT('2D SPACE',''
  ) );
#5504 = PCURVE('',#5284,#5505);
#5505 = DEFINITIONAL_REPRESENTATION('',(#5506),#5510);
#5506 = B_SPLINE_CURVE_WITH_KNOTS('',2,(#5507,#5508,#5509),
  .UNSPECIFIED.,.F.,.F.,(3,3),(0.,1.),.PIECEWISE_BEZIER_KNOTS.);
#5507 = CARTESIAN_POINT('',(1.3095703125,0.999755859375));
#5508 = CARTESIAN_POINT('',(0.95361328125,0.700927734375));
#5509 = CARTESIAN_POINT('',(0.8525390625,0.594360351562));
#5510 = ( GEOMETRIC_REPRESENTATION_CONTEXT(2) 
PARAMETRIC_REPRESENTATION_CONTEXT() REPRESENTATION_CONTEXT('2D SPACE',''
  ) );
#5511 = ORIENTED_EDGE('',*,*,#5370,.F.);
#5512 = ADVANCED_FACE('',(#5513),#662,.T.);
#5513 = FACE_BOUND('',#5514,.T.);
#5514 = EDGE_LOOP('',(#5515,#5516,#5517,#5540));
#5515 = ORIENTED_EDGE('',*,*,#636,.T.);
#5516 = ORIENTED_EDGE('',*,*,#5443,.T.);
#5517 = ORIENTED_EDGE('',*,*,#5518,.T.);
#5518 = EDGE_CURVE('',#5421,#5519,#5521,.T.);
#5519 = VERTEX_POINT('',#5520);
#5520 = CARTESIAN_POINT('',(-16.06896972656,-6.211791992188,16.6));
#5521 = SURFACE_CURVE('',#5522,(#5526,#5533),.PCURVE_S1.);
#5522 = B_SPLINE_CURVE_WITH_KNOTS('',2,(#5523,#5524,#5525),
  .UNSPECIFIED.,.F.,.F.,(3,3),(0.,1.),.PIECEWISE_BEZIER_KNOTS.);
#5523 = CARTESIAN_POINT('',(-16.11511230468,-6.486450195312,16.6));
#5524 = CARTESIAN_POINT('',(-16.11950683593,-6.343627929688,16.6));
#5525 = CARTESIAN_POINT('',(-16.06896972656,-6.211791992188,16.6));
#5526 = PCURVE('',#662,#5527);
#5527 = DEFINITIONAL_REPRESENTATION('',(#5528),#5532);
#5528 = LINE('',#5529,#5530);
#5529 = CARTESIAN_POINT('',(0.,-0.65));
#5530 = VECTOR('',#5531,1.);
#5531 = DIRECTION('',(1.,0.));
#5532 = ( GEOMETRIC_REPRESENTATION_CONTEXT(2) 
PARAMETRIC_REPRESENTATION_CONTEXT() REPRESENTATION_CONTEXT('2D SPACE',''
  ) );
#5533 = PCURVE('',#5284,#5534);
#5534 = DEFINITIONAL_REPRESENTATION('',(#5535),#5539);
#5535 = B_SPLINE_CURVE_WITH_KNOTS('',2,(#5536,#5537,#5538),
  .UNSPECIFIED.,.F.,.F.,(3,3),(0.,1.),.PIECEWISE_BEZIER_KNOTS.);
#5536 = CARTESIAN_POINT('',(0.13623046875,0.));
#5537 = CARTESIAN_POINT('',(0.1318359375,0.142822265625));
#5538 = CARTESIAN_POINT('',(0.182373046875,0.274658203125));
#5539 = ( GEOMETRIC_REPRESENTATION_CONTEXT(2) 
PARAMETRIC_REPRESENTATION_CONTEXT() REPRESENTATION_CONTEXT('2D SPACE',''
  ) );
#5540 = ORIENTED_EDGE('',*,*,#5541,.F.);
#5541 = EDGE_CURVE('',#637,#5519,#5542,.T.);
#5542 = SURFACE_CURVE('',#5543,(#5547,#5554),.PCURVE_S1.);
#5543 = LINE('',#5544,#5545);
#5544 = CARTESIAN_POINT('',(-16.06896972656,-6.211791992188,15.95));
#5545 = VECTOR('',#5546,1.);
#5546 = DIRECTION('',(0.,0.,1.));
#5547 = PCURVE('',#662,#5548);
#5548 = DEFINITIONAL_REPRESENTATION('',(#5549),#5553);
#5549 = LINE('',#5550,#5551);
#5550 = CARTESIAN_POINT('',(1.,0.));
#5551 = VECTOR('',#5552,1.);
#5552 = DIRECTION('',(0.,-1.));
#5553 = ( GEOMETRIC_REPRESENTATION_CONTEXT(2) 
PARAMETRIC_REPRESENTATION_CONTEXT() REPRESENTATION_CONTEXT('2D SPACE',''
  ) );
#5554 = PCURVE('',#703,#5555);
#5555 = DEFINITIONAL_REPRESENTATION('',(#5556),#5560);
#5556 = LINE('',#5557,#5558);
#5557 = CARTESIAN_POINT('',(0.,0.));
#5558 = VECTOR('',#5559,1.);
#5559 = DIRECTION('',(0.,-1.));
#5560 = ( GEOMETRIC_REPRESENTATION_CONTEXT(2) 
PARAMETRIC_REPRESENTATION_CONTEXT() REPRESENTATION_CONTEXT('2D SPACE',''
  ) );
#5561 = ADVANCED_FACE('',(#5562),#1415,.T.);
#5562 = FACE_BOUND('',#5563,.T.);
#5563 = EDGE_LOOP('',(#5564,#5565,#5588,#5609));
#5564 = ORIENTED_EDGE('',*,*,#1391,.T.);
#5565 = ORIENTED_EDGE('',*,*,#5566,.T.);
#5566 = EDGE_CURVE('',#1353,#5567,#5569,.T.);
#5567 = VERTEX_POINT('',#5568);
#5568 = CARTESIAN_POINT('',(-14.33203125,-4.919799804688,16.6));
#5569 = SURFACE_CURVE('',#5570,(#5574,#5581),.PCURVE_S1.);
#5570 = LINE('',#5571,#5572);
#5571 = CARTESIAN_POINT('',(-14.33203125,-4.919799804688,15.95));
#5572 = VECTOR('',#5573,1.);
#5573 = DIRECTION('',(0.,0.,1.));
#5574 = PCURVE('',#1415,#5575);
#5575 = DEFINITIONAL_REPRESENTATION('',(#5576),#5580);
#5576 = LINE('',#5577,#5578);
#5577 = CARTESIAN_POINT('',(0.,0.));
#5578 = VECTOR('',#5579,1.);
#5579 = DIRECTION('',(0.,-1.));
#5580 = ( GEOMETRIC_REPRESENTATION_CONTEXT(2) 
PARAMETRIC_REPRESENTATION_CONTEXT() REPRESENTATION_CONTEXT('2D SPACE',''
  ) );
#5581 = PCURVE('',#1374,#5582);
#5582 = DEFINITIONAL_REPRESENTATION('',(#5583),#5587);
#5583 = LINE('',#5584,#5585);
#5584 = CARTESIAN_POINT('',(1.,0.));
#5585 = VECTOR('',#5586,1.);
#5586 = DIRECTION('',(0.,-1.));
#5587 = ( GEOMETRIC_REPRESENTATION_CONTEXT(2) 
PARAMETRIC_REPRESENTATION_CONTEXT() REPRESENTATION_CONTEXT('2D SPACE',''
  ) );
#5588 = ORIENTED_EDGE('',*,*,#5589,.T.);
#5589 = EDGE_CURVE('',#5567,#5469,#5590,.T.);
#5590 = SURFACE_CURVE('',#5591,(#5595,#5602),.PCURVE_S1.);
#5591 = B_SPLINE_CURVE_WITH_KNOTS('',2,(#5592,#5593,#5594),
  .UNSPECIFIED.,.F.,.F.,(3,3),(0.,1.),.PIECEWISE_BEZIER_KNOTS.);
#5592 = CARTESIAN_POINT('',(-14.33203125,-4.919799804688,16.6));
#5593 = CARTESIAN_POINT('',(-14.51550292968,-5.126342773438,16.6));
#5594 = CARTESIAN_POINT('',(-14.94177246093,-5.486694335938,16.6));
#5595 = PCURVE('',#1415,#5596);
#5596 = DEFINITIONAL_REPRESENTATION('',(#5597),#5601);
#5597 = LINE('',#5598,#5599);
#5598 = CARTESIAN_POINT('',(0.,-0.65));
#5599 = VECTOR('',#5600,1.);
#5600 = DIRECTION('',(1.,0.));
#5601 = ( GEOMETRIC_REPRESENTATION_CONTEXT(2) 
PARAMETRIC_REPRESENTATION_CONTEXT() REPRESENTATION_CONTEXT('2D SPACE',''
  ) );
#5602 = PCURVE('',#5284,#5603);
#5603 = DEFINITIONAL_REPRESENTATION('',(#5604),#5608);
#5604 = B_SPLINE_CURVE_WITH_KNOTS('',2,(#5605,#5606,#5607),
  .UNSPECIFIED.,.F.,.F.,(3,3),(0.,1.),.PIECEWISE_BEZIER_KNOTS.);
#5605 = CARTESIAN_POINT('',(1.919311523438,1.566650390625));
#5606 = CARTESIAN_POINT('',(1.73583984375,1.360107421875));
#5607 = CARTESIAN_POINT('',(1.3095703125,0.999755859375));
#5608 = ( GEOMETRIC_REPRESENTATION_CONTEXT(2) 
PARAMETRIC_REPRESENTATION_CONTEXT() REPRESENTATION_CONTEXT('2D SPACE',''
  ) );
#5609 = ORIENTED_EDGE('',*,*,#5468,.F.);
#5610 = ADVANCED_FACE('',(#5611),#703,.T.);
#5611 = FACE_BOUND('',#5612,.T.);
#5612 = EDGE_LOOP('',(#5613,#5614,#5615,#5638));
#5613 = ORIENTED_EDGE('',*,*,#681,.T.);
#5614 = ORIENTED_EDGE('',*,*,#5541,.T.);
#5615 = ORIENTED_EDGE('',*,*,#5616,.T.);
#5616 = EDGE_CURVE('',#5519,#5617,#5619,.T.);
#5617 = VERTEX_POINT('',#5618);
#5618 = CARTESIAN_POINT('',(-15.80859375,-5.783325195312,16.6));
#5619 = SURFACE_CURVE('',#5620,(#5624,#5631),.PCURVE_S1.);
#5620 = B_SPLINE_CURVE_WITH_KNOTS('',2,(#5621,#5622,#5623),
  .UNSPECIFIED.,.F.,.F.,(3,3),(0.,1.),.PIECEWISE_BEZIER_KNOTS.);
#5621 = CARTESIAN_POINT('',(-16.06896972656,-6.211791992188,16.6));
#5622 = CARTESIAN_POINT('',(-15.98767089843,-5.994262695312,16.6));
#5623 = CARTESIAN_POINT('',(-15.80859375,-5.783325195312,16.6));
#5624 = PCURVE('',#703,#5625);
#5625 = DEFINITIONAL_REPRESENTATION('',(#5626),#5630);
#5626 = LINE('',#5627,#5628);
#5627 = CARTESIAN_POINT('',(0.,-0.65));
#5628 = VECTOR('',#5629,1.);
#5629 = DIRECTION('',(1.,0.));
#5630 = ( GEOMETRIC_REPRESENTATION_CONTEXT(2) 
PARAMETRIC_REPRESENTATION_CONTEXT() REPRESENTATION_CONTEXT('2D SPACE',''
  ) );
#5631 = PCURVE('',#5284,#5632);
#5632 = DEFINITIONAL_REPRESENTATION('',(#5633),#5637);
#5633 = B_SPLINE_CURVE_WITH_KNOTS('',2,(#5634,#5635,#5636),
  .UNSPECIFIED.,.F.,.F.,(3,3),(0.,1.),.PIECEWISE_BEZIER_KNOTS.);
#5634 = CARTESIAN_POINT('',(0.182373046875,0.274658203125));
#5635 = CARTESIAN_POINT('',(0.263671875,0.4921875));
#5636 = CARTESIAN_POINT('',(0.442749023438,0.703125));
#5637 = ( GEOMETRIC_REPRESENTATION_CONTEXT(2) 
PARAMETRIC_REPRESENTATION_CONTEXT() REPRESENTATION_CONTEXT('2D SPACE',''
  ) );
#5638 = ORIENTED_EDGE('',*,*,#5639,.F.);
#5639 = EDGE_CURVE('',#682,#5617,#5640,.T.);
#5640 = SURFACE_CURVE('',#5641,(#5645,#5652),.PCURVE_S1.);
#5641 = LINE('',#5642,#5643);
#5642 = CARTESIAN_POINT('',(-15.80859375,-5.783325195312,15.95));
#5643 = VECTOR('',#5644,1.);
#5644 = DIRECTION('',(0.,0.,1.));
#5645 = PCURVE('',#703,#5646);
#5646 = DEFINITIONAL_REPRESENTATION('',(#5647),#5651);
#5647 = LINE('',#5648,#5649);
#5648 = CARTESIAN_POINT('',(1.,0.));
#5649 = VECTOR('',#5650,1.);
#5650 = DIRECTION('',(0.,-1.));
#5651 = ( GEOMETRIC_REPRESENTATION_CONTEXT(2) 
PARAMETRIC_REPRESENTATION_CONTEXT() REPRESENTATION_CONTEXT('2D SPACE',''
  ) );
#5652 = PCURVE('',#744,#5653);
#5653 = DEFINITIONAL_REPRESENTATION('',(#5654),#5658);
#5654 = LINE('',#5655,#5656);
#5655 = CARTESIAN_POINT('',(0.,0.));
#5656 = VECTOR('',#5657,1.);
#5657 = DIRECTION('',(0.,-1.));
#5658 = ( GEOMETRIC_REPRESENTATION_CONTEXT(2) 
PARAMETRIC_REPRESENTATION_CONTEXT() REPRESENTATION_CONTEXT('2D SPACE',''
  ) );
#5659 = ADVANCED_FACE('',(#5660),#1374,.T.);
#5660 = FACE_BOUND('',#5661,.T.);
#5661 = EDGE_LOOP('',(#5662,#5663,#5686,#5707));
#5662 = ORIENTED_EDGE('',*,*,#1352,.T.);
#5663 = ORIENTED_EDGE('',*,*,#5664,.T.);
#5664 = EDGE_CURVE('',#1308,#5665,#5667,.T.);
#5665 = VERTEX_POINT('',#5666);
#5666 = CARTESIAN_POINT('',(-14.06945800781,-4.526489257812,16.6));
#5667 = SURFACE_CURVE('',#5668,(#5672,#5679),.PCURVE_S1.);
#5668 = LINE('',#5669,#5670);
#5669 = CARTESIAN_POINT('',(-14.06945800781,-4.526489257812,15.95));
#5670 = VECTOR('',#5671,1.);
#5671 = DIRECTION('',(0.,0.,1.));
#5672 = PCURVE('',#1374,#5673);
#5673 = DEFINITIONAL_REPRESENTATION('',(#5674),#5678);
#5674 = LINE('',#5675,#5676);
#5675 = CARTESIAN_POINT('',(0.,0.));
#5676 = VECTOR('',#5677,1.);
#5677 = DIRECTION('',(0.,-1.));
#5678 = ( GEOMETRIC_REPRESENTATION_CONTEXT(2) 
PARAMETRIC_REPRESENTATION_CONTEXT() REPRESENTATION_CONTEXT('2D SPACE',''
  ) );
#5679 = PCURVE('',#1333,#5680);
#5680 = DEFINITIONAL_REPRESENTATION('',(#5681),#5685);
#5681 = LINE('',#5682,#5683);
#5682 = CARTESIAN_POINT('',(1.,0.));
#5683 = VECTOR('',#5684,1.);
#5684 = DIRECTION('',(0.,-1.));
#5685 = ( GEOMETRIC_REPRESENTATION_CONTEXT(2) 
PARAMETRIC_REPRESENTATION_CONTEXT() REPRESENTATION_CONTEXT('2D SPACE',''
  ) );
#5686 = ORIENTED_EDGE('',*,*,#5687,.T.);
#5687 = EDGE_CURVE('',#5665,#5567,#5688,.T.);
#5688 = SURFACE_CURVE('',#5689,(#5693,#5700),.PCURVE_S1.);
#5689 = B_SPLINE_CURVE_WITH_KNOTS('',2,(#5690,#5691,#5692),
  .UNSPECIFIED.,.F.,.F.,(3,3),(0.,1.),.PIECEWISE_BEZIER_KNOTS.);
#5690 = CARTESIAN_POINT('',(-14.06945800781,-4.526489257812,16.6));
#5691 = CARTESIAN_POINT('',(-14.14855957031,-4.713256835938,16.6));
#5692 = CARTESIAN_POINT('',(-14.33203125,-4.919799804688,16.6));
#5693 = PCURVE('',#1374,#5694);
#5694 = DEFINITIONAL_REPRESENTATION('',(#5695),#5699);
#5695 = LINE('',#5696,#5697);
#5696 = CARTESIAN_POINT('',(0.,-0.65));
#5697 = VECTOR('',#5698,1.);
#5698 = DIRECTION('',(1.,0.));
#5699 = ( GEOMETRIC_REPRESENTATION_CONTEXT(2) 
PARAMETRIC_REPRESENTATION_CONTEXT() REPRESENTATION_CONTEXT('2D SPACE',''
  ) );
#5700 = PCURVE('',#5284,#5701);
#5701 = DEFINITIONAL_REPRESENTATION('',(#5702),#5706);
#5702 = B_SPLINE_CURVE_WITH_KNOTS('',2,(#5703,#5704,#5705),
  .UNSPECIFIED.,.F.,.F.,(3,3),(0.,1.),.PIECEWISE_BEZIER_KNOTS.);
#5703 = CARTESIAN_POINT('',(2.181884765625,1.9599609375));
#5704 = CARTESIAN_POINT('',(2.102783203125,1.773193359375));
#5705 = CARTESIAN_POINT('',(1.919311523438,1.566650390625));
#5706 = ( GEOMETRIC_REPRESENTATION_CONTEXT(2) 
PARAMETRIC_REPRESENTATION_CONTEXT() REPRESENTATION_CONTEXT('2D SPACE',''
  ) );
#5707 = ORIENTED_EDGE('',*,*,#5566,.F.);
#5708 = ADVANCED_FACE('',(#5709),#744,.T.);
#5709 = FACE_BOUND('',#5710,.T.);
#5710 = EDGE_LOOP('',(#5711,#5712,#5713,#5736));
#5711 = ORIENTED_EDGE('',*,*,#720,.T.);
#5712 = ORIENTED_EDGE('',*,*,#5639,.T.);
#5713 = ORIENTED_EDGE('',*,*,#5714,.T.);
#5714 = EDGE_CURVE('',#5617,#5715,#5717,.T.);
#5715 = VERTEX_POINT('',#5716);
#5716 = CARTESIAN_POINT('',(-15.29113769531,-5.295532226562,16.6));
#5717 = SURFACE_CURVE('',#5718,(#5722,#5729),.PCURVE_S1.);
#5718 = B_SPLINE_CURVE_WITH_KNOTS('',2,(#5719,#5720,#5721),
  .UNSPECIFIED.,.F.,.F.,(3,3),(0.,1.),.PIECEWISE_BEZIER_KNOTS.);
#5719 = CARTESIAN_POINT('',(-15.80859375,-5.783325195312,16.6));
#5720 = CARTESIAN_POINT('',(-15.62951660156,-5.572387695312,16.6));
#5721 = CARTESIAN_POINT('',(-15.29113769531,-5.295532226562,16.6));
#5722 = PCURVE('',#744,#5723);
#5723 = DEFINITIONAL_REPRESENTATION('',(#5724),#5728);
#5724 = LINE('',#5725,#5726);
#5725 = CARTESIAN_POINT('',(0.,-0.65));
#5726 = VECTOR('',#5727,1.);
#5727 = DIRECTION('',(1.,0.));
#5728 = ( GEOMETRIC_REPRESENTATION_CONTEXT(2) 
PARAMETRIC_REPRESENTATION_CONTEXT() REPRESENTATION_CONTEXT('2D SPACE',''
  ) );
#5729 = PCURVE('',#5284,#5730);
#5730 = DEFINITIONAL_REPRESENTATION('',(#5731),#5735);
#5731 = B_SPLINE_CURVE_WITH_KNOTS('',2,(#5732,#5733,#5734),
  .UNSPECIFIED.,.F.,.F.,(3,3),(0.,1.),.PIECEWISE_BEZIER_KNOTS.);
#5732 = CARTESIAN_POINT('',(0.442749023438,0.703125));
#5733 = CARTESIAN_POINT('',(0.621826171875,0.9140625));
#5734 = CARTESIAN_POINT('',(0.960205078125,1.19091796875));
#5735 = ( GEOMETRIC_REPRESENTATION_CONTEXT(2) 
PARAMETRIC_REPRESENTATION_CONTEXT() REPRESENTATION_CONTEXT('2D SPACE',''
  ) );
#5736 = ORIENTED_EDGE('',*,*,#5737,.F.);
#5737 = EDGE_CURVE('',#721,#5715,#5738,.T.);
#5738 = SURFACE_CURVE('',#5739,(#5743,#5750),.PCURVE_S1.);
#5739 = LINE('',#5740,#5741);
#5740 = CARTESIAN_POINT('',(-15.29113769531,-5.295532226562,15.95));
#5741 = VECTOR('',#5742,1.);
#5742 = DIRECTION('',(0.,0.,1.));
#5743 = PCURVE('',#744,#5744);
#5744 = DEFINITIONAL_REPRESENTATION('',(#5745),#5749);
#5745 = LINE('',#5746,#5747);
#5746 = CARTESIAN_POINT('',(1.,0.));
#5747 = VECTOR('',#5748,1.);
#5748 = DIRECTION('',(0.,-1.));
#5749 = ( GEOMETRIC_REPRESENTATION_CONTEXT(2) 
PARAMETRIC_REPRESENTATION_CONTEXT() REPRESENTATION_CONTEXT('2D SPACE',''
  ) );
#5750 = PCURVE('',#788,#5751);
#5751 = DEFINITIONAL_REPRESENTATION('',(#5752),#5756);
#5752 = LINE('',#5753,#5754);
#5753 = CARTESIAN_POINT('',(0.,0.));
#5754 = VECTOR('',#5755,1.);
#5755 = DIRECTION('',(0.,-1.));
#5756 = ( GEOMETRIC_REPRESENTATION_CONTEXT(2) 
PARAMETRIC_REPRESENTATION_CONTEXT() REPRESENTATION_CONTEXT('2D SPACE',''
  ) );
#5757 = ADVANCED_FACE('',(#5758),#1333,.T.);
#5758 = FACE_BOUND('',#5759,.T.);
#5759 = EDGE_LOOP('',(#5760,#5761,#5784,#5805));
#5760 = ORIENTED_EDGE('',*,*,#1307,.T.);
#5761 = ORIENTED_EDGE('',*,*,#5762,.T.);
#5762 = EDGE_CURVE('',#1257,#5763,#5765,.T.);
#5763 = VERTEX_POINT('',#5764);
#5764 = CARTESIAN_POINT('',(-13.99035644531,-4.146362304688,16.6));
#5765 = SURFACE_CURVE('',#5766,(#5770,#5777),.PCURVE_S1.);
#5766 = LINE('',#5767,#5768);
#5767 = CARTESIAN_POINT('',(-13.99035644531,-4.146362304688,15.95));
#5768 = VECTOR('',#5769,1.);
#5769 = DIRECTION('',(0.,0.,1.));
#5770 = PCURVE('',#1333,#5771);
#5771 = DEFINITIONAL_REPRESENTATION('',(#5772),#5776);
#5772 = LINE('',#5773,#5774);
#5773 = CARTESIAN_POINT('',(0.,0.));
#5774 = VECTOR('',#5775,1.);
#5775 = DIRECTION('',(0.,-1.));
#5776 = ( GEOMETRIC_REPRESENTATION_CONTEXT(2) 
PARAMETRIC_REPRESENTATION_CONTEXT() REPRESENTATION_CONTEXT('2D SPACE',''
  ) );
#5777 = PCURVE('',#1286,#5778);
#5778 = DEFINITIONAL_REPRESENTATION('',(#5779),#5783);
#5779 = LINE('',#5780,#5781);
#5780 = CARTESIAN_POINT('',(1.,0.));
#5781 = VECTOR('',#5782,1.);
#5782 = DIRECTION('',(0.,-1.));
#5783 = ( GEOMETRIC_REPRESENTATION_CONTEXT(2) 
PARAMETRIC_REPRESENTATION_CONTEXT() REPRESENTATION_CONTEXT('2D SPACE',''
  ) );
#5784 = ORIENTED_EDGE('',*,*,#5785,.T.);
#5785 = EDGE_CURVE('',#5763,#5665,#5786,.T.);
#5786 = SURFACE_CURVE('',#5787,(#5791,#5798),.PCURVE_S1.);
#5787 = B_SPLINE_CURVE_WITH_KNOTS('',2,(#5788,#5789,#5790),
  .UNSPECIFIED.,.F.,.F.,(3,3),(0.,1.),.PIECEWISE_BEZIER_KNOTS.);
#5788 = CARTESIAN_POINT('',(-13.99035644531,-4.146362304688,16.6));
#5789 = CARTESIAN_POINT('',(-13.99035644531,-4.339721679688,16.6));
#5790 = CARTESIAN_POINT('',(-14.06945800781,-4.526489257812,16.6));
#5791 = PCURVE('',#1333,#5792);
#5792 = DEFINITIONAL_REPRESENTATION('',(#5793),#5797);
#5793 = LINE('',#5794,#5795);
#5794 = CARTESIAN_POINT('',(0.,-0.65));
#5795 = VECTOR('',#5796,1.);
#5796 = DIRECTION('',(1.,0.));
#5797 = ( GEOMETRIC_REPRESENTATION_CONTEXT(2) 
PARAMETRIC_REPRESENTATION_CONTEXT() REPRESENTATION_CONTEXT('2D SPACE',''
  ) );
#5798 = PCURVE('',#5284,#5799);
#5799 = DEFINITIONAL_REPRESENTATION('',(#5800),#5804);
#5800 = B_SPLINE_CURVE_WITH_KNOTS('',2,(#5801,#5802,#5803),
  .UNSPECIFIED.,.F.,.F.,(3,3),(0.,1.),.PIECEWISE_BEZIER_KNOTS.);
#5801 = CARTESIAN_POINT('',(2.260986328125,2.340087890625));
#5802 = CARTESIAN_POINT('',(2.260986328125,2.146728515625));
#5803 = CARTESIAN_POINT('',(2.181884765625,1.9599609375));
#5804 = ( GEOMETRIC_REPRESENTATION_CONTEXT(2) 
PARAMETRIC_REPRESENTATION_CONTEXT() REPRESENTATION_CONTEXT('2D SPACE',''
  ) );
#5805 = ORIENTED_EDGE('',*,*,#5664,.F.);
#5806 = ADVANCED_FACE('',(#5807),#788,.T.);
#5807 = FACE_BOUND('',#5808,.T.);
#5808 = EDGE_LOOP('',(#5809,#5810,#5811,#5834));
#5809 = ORIENTED_EDGE('',*,*,#762,.T.);
#5810 = ORIENTED_EDGE('',*,*,#5737,.T.);
#5811 = ORIENTED_EDGE('',*,*,#5812,.T.);
#5812 = EDGE_CURVE('',#5715,#5813,#5815,.T.);
#5813 = VERTEX_POINT('',#5814);
#5814 = CARTESIAN_POINT('',(-14.58142089843,-4.61328125,16.6));
#5815 = SURFACE_CURVE('',#5816,(#5820,#5827),.PCURVE_S1.);
#5816 = B_SPLINE_CURVE_WITH_KNOTS('',2,(#5817,#5818,#5819),
  .UNSPECIFIED.,.F.,.F.,(3,3),(0.,1.),.PIECEWISE_BEZIER_KNOTS.);
#5817 = CARTESIAN_POINT('',(-15.29113769531,-5.295532226562,16.6));
#5818 = CARTESIAN_POINT('',(-14.76599121093,-4.864868164062,16.6));
#5819 = CARTESIAN_POINT('',(-14.58142089843,-4.61328125,16.6));
#5820 = PCURVE('',#788,#5821);
#5821 = DEFINITIONAL_REPRESENTATION('',(#5822),#5826);
#5822 = LINE('',#5823,#5824);
#5823 = CARTESIAN_POINT('',(0.,-0.65));
#5824 = VECTOR('',#5825,1.);
#5825 = DIRECTION('',(1.,0.));
#5826 = ( GEOMETRIC_REPRESENTATION_CONTEXT(2) 
PARAMETRIC_REPRESENTATION_CONTEXT() REPRESENTATION_CONTEXT('2D SPACE',''
  ) );
#5827 = PCURVE('',#5284,#5828);
#5828 = DEFINITIONAL_REPRESENTATION('',(#5829),#5833);
#5829 = B_SPLINE_CURVE_WITH_KNOTS('',2,(#5830,#5831,#5832),
  .UNSPECIFIED.,.F.,.F.,(3,3),(0.,1.),.PIECEWISE_BEZIER_KNOTS.);
#5830 = CARTESIAN_POINT('',(0.960205078125,1.19091796875));
#5831 = CARTESIAN_POINT('',(1.4853515625,1.62158203125));
#5832 = CARTESIAN_POINT('',(1.669921875,1.873168945312));
#5833 = ( GEOMETRIC_REPRESENTATION_CONTEXT(2) 
PARAMETRIC_REPRESENTATION_CONTEXT() REPRESENTATION_CONTEXT('2D SPACE',''
  ) );
#5834 = ORIENTED_EDGE('',*,*,#5835,.F.);
#5835 = EDGE_CURVE('',#763,#5813,#5836,.T.);
#5836 = SURFACE_CURVE('',#5837,(#5841,#5848),.PCURVE_S1.);
#5837 = LINE('',#5838,#5839);
#5838 = CARTESIAN_POINT('',(-14.58142089843,-4.61328125,15.95));
#5839 = VECTOR('',#5840,1.);
#5840 = DIRECTION('',(0.,0.,1.));
#5841 = PCURVE('',#788,#5842);
#5842 = DEFINITIONAL_REPRESENTATION('',(#5843),#5847);
#5843 = LINE('',#5844,#5845);
#5844 = CARTESIAN_POINT('',(1.,0.));
#5845 = VECTOR('',#5846,1.);
#5846 = DIRECTION('',(0.,-1.));
#5847 = ( GEOMETRIC_REPRESENTATION_CONTEXT(2) 
PARAMETRIC_REPRESENTATION_CONTEXT() REPRESENTATION_CONTEXT('2D SPACE',''
  ) );
#5848 = PCURVE('',#831,#5849);
#5849 = DEFINITIONAL_REPRESENTATION('',(#5850),#5854);
#5850 = LINE('',#5851,#5852);
#5851 = CARTESIAN_POINT('',(0.,0.));
#5852 = VECTOR('',#5853,1.);
#5853 = DIRECTION('',(0.,-1.));
#5854 = ( GEOMETRIC_REPRESENTATION_CONTEXT(2) 
PARAMETRIC_REPRESENTATION_CONTEXT() REPRESENTATION_CONTEXT('2D SPACE',''
  ) );
#5855 = ADVANCED_FACE('',(#5856),#1286,.T.);
#5856 = FACE_BOUND('',#5857,.T.);
#5857 = EDGE_LOOP('',(#5858,#5859,#5882,#5903));
#5858 = ORIENTED_EDGE('',*,*,#1256,.T.);
#5859 = ORIENTED_EDGE('',*,*,#5860,.T.);
#5860 = EDGE_CURVE('',#1200,#5861,#5863,.T.);
#5861 = VERTEX_POINT('',#5862);
#5862 = CARTESIAN_POINT('',(-14.26062011718,-3.509155273438,16.6));
#5863 = SURFACE_CURVE('',#5864,(#5868,#5875),.PCURVE_S1.);
#5864 = LINE('',#5865,#5866);
#5865 = CARTESIAN_POINT('',(-14.26062011718,-3.509155273438,15.95));
#5866 = VECTOR('',#5867,1.);
#5867 = DIRECTION('',(0.,0.,1.));
#5868 = PCURVE('',#1286,#5869);
#5869 = DEFINITIONAL_REPRESENTATION('',(#5870),#5874);
#5870 = LINE('',#5871,#5872);
#5871 = CARTESIAN_POINT('',(0.,0.));
#5872 = VECTOR('',#5873,1.);
#5873 = DIRECTION('',(0.,-1.));
#5874 = ( GEOMETRIC_REPRESENTATION_CONTEXT(2) 
PARAMETRIC_REPRESENTATION_CONTEXT() REPRESENTATION_CONTEXT('2D SPACE',''
  ) );
#5875 = PCURVE('',#1233,#5876);
#5876 = DEFINITIONAL_REPRESENTATION('',(#5877),#5881);
#5877 = LINE('',#5878,#5879);
#5878 = CARTESIAN_POINT('',(1.,0.));
#5879 = VECTOR('',#5880,1.);
#5880 = DIRECTION('',(0.,-1.));
#5881 = ( GEOMETRIC_REPRESENTATION_CONTEXT(2) 
PARAMETRIC_REPRESENTATION_CONTEXT() REPRESENTATION_CONTEXT('2D SPACE',''
  ) );
#5882 = ORIENTED_EDGE('',*,*,#5883,.T.);
#5883 = EDGE_CURVE('',#5861,#5763,#5884,.T.);
#5884 = SURFACE_CURVE('',#5885,(#5889,#5896),.PCURVE_S1.);
#5885 = B_SPLINE_CURVE_WITH_KNOTS('',2,(#5886,#5887,#5888),
  .UNSPECIFIED.,.F.,.F.,(3,3),(0.,1.),.PIECEWISE_BEZIER_KNOTS.);
#5886 = CARTESIAN_POINT('',(-14.26062011718,-3.509155273438,16.6));
#5887 = CARTESIAN_POINT('',(-13.99035644531,-3.766235351562,16.6));
#5888 = CARTESIAN_POINT('',(-13.99035644531,-4.146362304688,16.6));
#5889 = PCURVE('',#1286,#5890);
#5890 = DEFINITIONAL_REPRESENTATION('',(#5891),#5895);
#5891 = LINE('',#5892,#5893);
#5892 = CARTESIAN_POINT('',(0.,-0.65));
#5893 = VECTOR('',#5894,1.);
#5894 = DIRECTION('',(1.,0.));
#5895 = ( GEOMETRIC_REPRESENTATION_CONTEXT(2) 
PARAMETRIC_REPRESENTATION_CONTEXT() REPRESENTATION_CONTEXT('2D SPACE',''
  ) );
#5896 = PCURVE('',#5284,#5897);
#5897 = DEFINITIONAL_REPRESENTATION('',(#5898),#5902);
#5898 = B_SPLINE_CURVE_WITH_KNOTS('',2,(#5899,#5900,#5901),
  .UNSPECIFIED.,.F.,.F.,(3,3),(0.,1.),.PIECEWISE_BEZIER_KNOTS.);
#5899 = CARTESIAN_POINT('',(1.99072265625,2.977294921875));
#5900 = CARTESIAN_POINT('',(2.260986328125,2.72021484375));
#5901 = CARTESIAN_POINT('',(2.260986328125,2.340087890625));
#5902 = ( GEOMETRIC_REPRESENTATION_CONTEXT(2) 
PARAMETRIC_REPRESENTATION_CONTEXT() REPRESENTATION_CONTEXT('2D SPACE',''
  ) );
#5903 = ORIENTED_EDGE('',*,*,#5762,.F.);
#5904 = ADVANCED_FACE('',(#5905),#831,.T.);
#5905 = FACE_BOUND('',#5906,.T.);
#5906 = EDGE_LOOP('',(#5907,#5908,#5909,#5932));
#5907 = ORIENTED_EDGE('',*,*,#807,.T.);
#5908 = ORIENTED_EDGE('',*,*,#5835,.T.);
#5909 = ORIENTED_EDGE('',*,*,#5910,.T.);
#5910 = EDGE_CURVE('',#5813,#5911,#5913,.T.);
#5911 = VERTEX_POINT('',#5912);
#5912 = CARTESIAN_POINT('',(-14.39685058593,-4.137573242188,16.6));
#5913 = SURFACE_CURVE('',#5914,(#5918,#5925),.PCURVE_S1.);
#5914 = B_SPLINE_CURVE_WITH_KNOTS('',2,(#5915,#5916,#5917),
  .UNSPECIFIED.,.F.,.F.,(3,3),(0.,1.),.PIECEWISE_BEZIER_KNOTS.);
#5915 = CARTESIAN_POINT('',(-14.58142089843,-4.61328125,16.6));
#5916 = CARTESIAN_POINT('',(-14.39685058593,-4.361694335938,16.6));
#5917 = CARTESIAN_POINT('',(-14.39685058593,-4.137573242188,16.6));
#5918 = PCURVE('',#831,#5919);
#5919 = DEFINITIONAL_REPRESENTATION('',(#5920),#5924);
#5920 = LINE('',#5921,#5922);
#5921 = CARTESIAN_POINT('',(0.,-0.65));
#5922 = VECTOR('',#5923,1.);
#5923 = DIRECTION('',(1.,0.));
#5924 = ( GEOMETRIC_REPRESENTATION_CONTEXT(2) 
PARAMETRIC_REPRESENTATION_CONTEXT() REPRESENTATION_CONTEXT('2D SPACE',''
  ) );
#5925 = PCURVE('',#5284,#5926);
#5926 = DEFINITIONAL_REPRESENTATION('',(#5927),#5931);
#5927 = B_SPLINE_CURVE_WITH_KNOTS('',2,(#5928,#5929,#5930),
  .UNSPECIFIED.,.F.,.F.,(3,3),(0.,1.),.PIECEWISE_BEZIER_KNOTS.);
#5928 = CARTESIAN_POINT('',(1.669921875,1.873168945312));
#5929 = CARTESIAN_POINT('',(1.8544921875,2.124755859375));
#5930 = CARTESIAN_POINT('',(1.8544921875,2.348876953125));
#5931 = ( GEOMETRIC_REPRESENTATION_CONTEXT(2) 
PARAMETRIC_REPRESENTATION_CONTEXT() REPRESENTATION_CONTEXT('2D SPACE',''
  ) );
#5932 = ORIENTED_EDGE('',*,*,#5933,.F.);
#5933 = EDGE_CURVE('',#808,#5911,#5934,.T.);
#5934 = SURFACE_CURVE('',#5935,(#5939,#5946),.PCURVE_S1.);
#5935 = LINE('',#5936,#5937);
#5936 = CARTESIAN_POINT('',(-14.39685058593,-4.137573242188,15.95));
#5937 = VECTOR('',#5938,1.);
#5938 = DIRECTION('',(0.,0.,1.));
#5939 = PCURVE('',#831,#5940);
#5940 = DEFINITIONAL_REPRESENTATION('',(#5941),#5945);
#5941 = LINE('',#5942,#5943);
#5942 = CARTESIAN_POINT('',(1.,0.));
#5943 = VECTOR('',#5944,1.);
#5944 = DIRECTION('',(0.,-1.));
#5945 = ( GEOMETRIC_REPRESENTATION_CONTEXT(2) 
PARAMETRIC_REPRESENTATION_CONTEXT() REPRESENTATION_CONTEXT('2D SPACE',''
  ) );
#5946 = PCURVE('',#879,#5947);
#5947 = DEFINITIONAL_REPRESENTATION('',(#5948),#5952);
#5948 = LINE('',#5949,#5950);
#5949 = CARTESIAN_POINT('',(0.,0.));
#5950 = VECTOR('',#5951,1.);
#5951 = DIRECTION('',(0.,-1.));
#5952 = ( GEOMETRIC_REPRESENTATION_CONTEXT(2) 
PARAMETRIC_REPRESENTATION_CONTEXT() REPRESENTATION_CONTEXT('2D SPACE',''
  ) );
#5953 = ADVANCED_FACE('',(#5954),#1233,.T.);
#5954 = FACE_BOUND('',#5955,.T.);
#5955 = EDGE_LOOP('',(#5956,#5957,#5980,#6001));
#5956 = ORIENTED_EDGE('',*,*,#1199,.T.);
#5957 = ORIENTED_EDGE('',*,*,#5958,.T.);
#5958 = EDGE_CURVE('',#1137,#5959,#5961,.T.);
#5959 = VERTEX_POINT('',#5960);
#5960 = CARTESIAN_POINT('',(-14.99450683593,-3.252075195312,16.6));
#5961 = SURFACE_CURVE('',#5962,(#5966,#5973),.PCURVE_S1.);
#5962 = LINE('',#5963,#5964);
#5963 = CARTESIAN_POINT('',(-14.99450683593,-3.252075195312,15.95));
#5964 = VECTOR('',#5965,1.);
#5965 = DIRECTION('',(0.,0.,1.));
#5966 = PCURVE('',#1233,#5967);
#5967 = DEFINITIONAL_REPRESENTATION('',(#5968),#5972);
#5968 = LINE('',#5969,#5970);
#5969 = CARTESIAN_POINT('',(0.,0.));
#5970 = VECTOR('',#5971,1.);
#5971 = DIRECTION('',(0.,-1.));
#5972 = ( GEOMETRIC_REPRESENTATION_CONTEXT(2) 
PARAMETRIC_REPRESENTATION_CONTEXT() REPRESENTATION_CONTEXT('2D SPACE',''
  ) );
#5973 = PCURVE('',#1174,#5974);
#5974 = DEFINITIONAL_REPRESENTATION('',(#5975),#5979);
#5975 = LINE('',#5976,#5977);
#5976 = CARTESIAN_POINT('',(1.,0.));
#5977 = VECTOR('',#5978,1.);
#5978 = DIRECTION('',(0.,-1.));
#5979 = ( GEOMETRIC_REPRESENTATION_CONTEXT(2) 
PARAMETRIC_REPRESENTATION_CONTEXT() REPRESENTATION_CONTEXT('2D SPACE',''
  ) );
#5980 = ORIENTED_EDGE('',*,*,#5981,.T.);
#5981 = EDGE_CURVE('',#5959,#5861,#5982,.T.);
#5982 = SURFACE_CURVE('',#5983,(#5987,#5994),.PCURVE_S1.);
#5983 = B_SPLINE_CURVE_WITH_KNOTS('',2,(#5984,#5985,#5986),
  .UNSPECIFIED.,.F.,.F.,(3,3),(0.,1.),.PIECEWISE_BEZIER_KNOTS.);
#5984 = CARTESIAN_POINT('',(-14.99450683593,-3.252075195312,16.6));
#5985 = CARTESIAN_POINT('',(-14.53088378906,-3.252075195312,16.6));
#5986 = CARTESIAN_POINT('',(-14.26062011718,-3.509155273438,16.6));
#5987 = PCURVE('',#1233,#5988);
#5988 = DEFINITIONAL_REPRESENTATION('',(#5989),#5993);
#5989 = LINE('',#5990,#5991);
#5990 = CARTESIAN_POINT('',(0.,-0.65));
#5991 = VECTOR('',#5992,1.);
#5992 = DIRECTION('',(1.,0.));
#5993 = ( GEOMETRIC_REPRESENTATION_CONTEXT(2) 
PARAMETRIC_REPRESENTATION_CONTEXT() REPRESENTATION_CONTEXT('2D SPACE',''
  ) );
#5994 = PCURVE('',#5284,#5995);
#5995 = DEFINITIONAL_REPRESENTATION('',(#5996),#6000);
#5996 = B_SPLINE_CURVE_WITH_KNOTS('',2,(#5997,#5998,#5999),
  .UNSPECIFIED.,.F.,.F.,(3,3),(0.,1.),.PIECEWISE_BEZIER_KNOTS.);
#5997 = CARTESIAN_POINT('',(1.2568359375,3.234375));
#5998 = CARTESIAN_POINT('',(1.720458984375,3.234375));
#5999 = CARTESIAN_POINT('',(1.99072265625,2.977294921875));
#6000 = ( GEOMETRIC_REPRESENTATION_CONTEXT(2) 
PARAMETRIC_REPRESENTATION_CONTEXT() REPRESENTATION_CONTEXT('2D SPACE',''
  ) );
#6001 = ORIENTED_EDGE('',*,*,#5860,.F.);
#6002 = ADVANCED_FACE('',(#6003),#879,.T.);
#6003 = FACE_BOUND('',#6004,.T.);
#6004 = EDGE_LOOP('',(#6005,#6006,#6007,#6030));
#6005 = ORIENTED_EDGE('',*,*,#849,.T.);
#6006 = ORIENTED_EDGE('',*,*,#5933,.T.);
#6007 = ORIENTED_EDGE('',*,*,#6008,.T.);
#6008 = EDGE_CURVE('',#5911,#6009,#6011,.T.);
#6009 = VERTEX_POINT('',#6010);
#6010 = CARTESIAN_POINT('',(-14.56494140625,-3.740966796875,16.6));
#6011 = SURFACE_CURVE('',#6012,(#6016,#6023),.PCURVE_S1.);
#6012 = B_SPLINE_CURVE_WITH_KNOTS('',2,(#6013,#6014,#6015),
  .UNSPECIFIED.,.F.,.F.,(3,3),(0.,1.),.PIECEWISE_BEZIER_KNOTS.);
#6013 = CARTESIAN_POINT('',(-14.39685058593,-4.137573242188,16.6));
#6014 = CARTESIAN_POINT('',(-14.39685058593,-3.902465820312,16.6));
#6015 = CARTESIAN_POINT('',(-14.56494140625,-3.740966796875,16.6));
#6016 = PCURVE('',#879,#6017);
#6017 = DEFINITIONAL_REPRESENTATION('',(#6018),#6022);
#6018 = LINE('',#6019,#6020);
#6019 = CARTESIAN_POINT('',(0.,-0.65));
#6020 = VECTOR('',#6021,1.);
#6021 = DIRECTION('',(1.,0.));
#6022 = ( GEOMETRIC_REPRESENTATION_CONTEXT(2) 
PARAMETRIC_REPRESENTATION_CONTEXT() REPRESENTATION_CONTEXT('2D SPACE',''
  ) );
#6023 = PCURVE('',#5284,#6024);
#6024 = DEFINITIONAL_REPRESENTATION('',(#6025),#6029);
#6025 = B_SPLINE_CURVE_WITH_KNOTS('',2,(#6026,#6027,#6028),
  .UNSPECIFIED.,.F.,.F.,(3,3),(0.,1.),.PIECEWISE_BEZIER_KNOTS.);
#6026 = CARTESIAN_POINT('',(1.8544921875,2.348876953125));
#6027 = CARTESIAN_POINT('',(1.8544921875,2.583984375));
#6028 = CARTESIAN_POINT('',(1.686401367188,2.745483398438));
#6029 = ( GEOMETRIC_REPRESENTATION_CONTEXT(2) 
PARAMETRIC_REPRESENTATION_CONTEXT() REPRESENTATION_CONTEXT('2D SPACE',''
  ) );
#6030 = ORIENTED_EDGE('',*,*,#6031,.F.);
#6031 = EDGE_CURVE('',#850,#6009,#6032,.T.);
#6032 = SURFACE_CURVE('',#6033,(#6037,#6044),.PCURVE_S1.);
#6033 = LINE('',#6034,#6035);
#6034 = CARTESIAN_POINT('',(-14.56494140625,-3.740966796875,15.95));
#6035 = VECTOR('',#6036,1.);
#6036 = DIRECTION('',(0.,0.,1.));
#6037 = PCURVE('',#879,#6038);
#6038 = DEFINITIONAL_REPRESENTATION('',(#6039),#6043);
#6039 = LINE('',#6040,#6041);
#6040 = CARTESIAN_POINT('',(1.,0.));
#6041 = VECTOR('',#6042,1.);
#6042 = DIRECTION('',(0.,-1.));
#6043 = ( GEOMETRIC_REPRESENTATION_CONTEXT(2) 
PARAMETRIC_REPRESENTATION_CONTEXT() REPRESENTATION_CONTEXT('2D SPACE',''
  ) );
#6044 = PCURVE('',#930,#6045);
#6045 = DEFINITIONAL_REPRESENTATION('',(#6046),#6050);
#6046 = LINE('',#6047,#6048);
#6047 = CARTESIAN_POINT('',(0.,0.));
#6048 = VECTOR('',#6049,1.);
#6049 = DIRECTION('',(0.,-1.));
#6050 = ( GEOMETRIC_REPRESENTATION_CONTEXT(2) 
PARAMETRIC_REPRESENTATION_CONTEXT() REPRESENTATION_CONTEXT('2D SPACE',''
  ) );
#6051 = ADVANCED_FACE('',(#6052),#1174,.T.);
#6052 = FACE_BOUND('',#6053,.T.);
#6053 = EDGE_LOOP('',(#6054,#6055,#6078,#6099));
#6054 = ORIENTED_EDGE('',*,*,#1136,.T.);
#6055 = ORIENTED_EDGE('',*,*,#6056,.T.);
#6056 = EDGE_CURVE('',#1080,#6057,#6059,.T.);
#6057 = VERTEX_POINT('',#6058);
#6058 = CARTESIAN_POINT('',(-15.72619628906,-3.490478515625,16.6));
#6059 = SURFACE_CURVE('',#6060,(#6064,#6071),.PCURVE_S1.);
#6060 = LINE('',#6061,#6062);
#6061 = CARTESIAN_POINT('',(-15.72619628906,-3.490478515625,15.95));
#6062 = VECTOR('',#6063,1.);
#6063 = DIRECTION('',(0.,0.,1.));
#6064 = PCURVE('',#1174,#6065);
#6065 = DEFINITIONAL_REPRESENTATION('',(#6066),#6070);
#6066 = LINE('',#6067,#6068);
#6067 = CARTESIAN_POINT('',(0.,0.));
#6068 = VECTOR('',#6069,1.);
#6069 = DIRECTION('',(0.,-1.));
#6070 = ( GEOMETRIC_REPRESENTATION_CONTEXT(2) 
PARAMETRIC_REPRESENTATION_CONTEXT() REPRESENTATION_CONTEXT('2D SPACE',''
  ) );
#6071 = PCURVE('',#1113,#6072);
#6072 = DEFINITIONAL_REPRESENTATION('',(#6073),#6077);
#6073 = LINE('',#6074,#6075);
#6074 = CARTESIAN_POINT('',(1.,0.));
#6075 = VECTOR('',#6076,1.);
#6076 = DIRECTION('',(0.,-1.));
#6077 = ( GEOMETRIC_REPRESENTATION_CONTEXT(2) 
PARAMETRIC_REPRESENTATION_CONTEXT() REPRESENTATION_CONTEXT('2D SPACE',''
  ) );
#6078 = ORIENTED_EDGE('',*,*,#6079,.T.);
#6079 = EDGE_CURVE('',#6057,#5959,#6080,.T.);
#6080 = SURFACE_CURVE('',#6081,(#6085,#6092),.PCURVE_S1.);
#6081 = B_SPLINE_CURVE_WITH_KNOTS('',2,(#6082,#6083,#6084),
  .UNSPECIFIED.,.F.,.F.,(3,3),(0.,1.),.PIECEWISE_BEZIER_KNOTS.);
#6082 = CARTESIAN_POINT('',(-15.72619628906,-3.490478515625,16.6));
#6083 = CARTESIAN_POINT('',(-15.45373535156,-3.252075195312,16.6));
#6084 = CARTESIAN_POINT('',(-14.99450683593,-3.252075195312,16.6));
#6085 = PCURVE('',#1174,#6086);
#6086 = DEFINITIONAL_REPRESENTATION('',(#6087),#6091);
#6087 = LINE('',#6088,#6089);
#6088 = CARTESIAN_POINT('',(0.,-0.65));
#6089 = VECTOR('',#6090,1.);
#6090 = DIRECTION('',(1.,0.));
#6091 = ( GEOMETRIC_REPRESENTATION_CONTEXT(2) 
PARAMETRIC_REPRESENTATION_CONTEXT() REPRESENTATION_CONTEXT('2D SPACE',''
  ) );
#6092 = PCURVE('',#5284,#6093);
#6093 = DEFINITIONAL_REPRESENTATION('',(#6094),#6098);
#6094 = B_SPLINE_CURVE_WITH_KNOTS('',2,(#6095,#6096,#6097),
  .UNSPECIFIED.,.F.,.F.,(3,3),(0.,1.),.PIECEWISE_BEZIER_KNOTS.);
#6095 = CARTESIAN_POINT('',(0.525146484375,2.995971679688));
#6096 = CARTESIAN_POINT('',(0.797607421875,3.234375));
#6097 = CARTESIAN_POINT('',(1.2568359375,3.234375));
#6098 = ( GEOMETRIC_REPRESENTATION_CONTEXT(2) 
PARAMETRIC_REPRESENTATION_CONTEXT() REPRESENTATION_CONTEXT('2D SPACE',''
  ) );
#6099 = ORIENTED_EDGE('',*,*,#5958,.F.);
#6100 = ADVANCED_FACE('',(#6101),#930,.T.);
#6101 = FACE_BOUND('',#6102,.T.);
#6102 = EDGE_LOOP('',(#6103,#6104,#6105,#6128));
#6103 = ORIENTED_EDGE('',*,*,#900,.T.);
#6104 = ORIENTED_EDGE('',*,*,#6031,.T.);
#6105 = ORIENTED_EDGE('',*,*,#6106,.T.);
#6106 = EDGE_CURVE('',#6009,#6107,#6109,.T.);
#6107 = VERTEX_POINT('',#6108);
#6108 = CARTESIAN_POINT('',(-15.00329589843,-3.579467773438,16.6));
#6109 = SURFACE_CURVE('',#6110,(#6114,#6121),.PCURVE_S1.);
#6110 = B_SPLINE_CURVE_WITH_KNOTS('',2,(#6111,#6112,#6113),
  .UNSPECIFIED.,.F.,.F.,(3,3),(0.,1.),.PIECEWISE_BEZIER_KNOTS.);
#6111 = CARTESIAN_POINT('',(-14.56494140625,-3.740966796875,16.6));
#6112 = CARTESIAN_POINT('',(-14.73303222656,-3.579467773438,16.6));
#6113 = CARTESIAN_POINT('',(-15.00329589843,-3.579467773438,16.6));
#6114 = PCURVE('',#930,#6115);
#6115 = DEFINITIONAL_REPRESENTATION('',(#6116),#6120);
#6116 = LINE('',#6117,#6118);
#6117 = CARTESIAN_POINT('',(0.,-0.65));
#6118 = VECTOR('',#6119,1.);
#6119 = DIRECTION('',(1.,0.));
#6120 = ( GEOMETRIC_REPRESENTATION_CONTEXT(2) 
PARAMETRIC_REPRESENTATION_CONTEXT() REPRESENTATION_CONTEXT('2D SPACE',''
  ) );
#6121 = PCURVE('',#5284,#6122);
#6122 = DEFINITIONAL_REPRESENTATION('',(#6123),#6127);
#6123 = B_SPLINE_CURVE_WITH_KNOTS('',2,(#6124,#6125,#6126),
  .UNSPECIFIED.,.F.,.F.,(3,3),(0.,1.),.PIECEWISE_BEZIER_KNOTS.);
#6124 = CARTESIAN_POINT('',(1.686401367188,2.745483398438));
#6125 = CARTESIAN_POINT('',(1.518310546875,2.906982421875));
#6126 = CARTESIAN_POINT('',(1.248046875,2.906982421875));
#6127 = ( GEOMETRIC_REPRESENTATION_CONTEXT(2) 
PARAMETRIC_REPRESENTATION_CONTEXT() REPRESENTATION_CONTEXT('2D SPACE',''
  ) );
#6128 = ORIENTED_EDGE('',*,*,#6129,.F.);
#6129 = EDGE_CURVE('',#901,#6107,#6130,.T.);
#6130 = SURFACE_CURVE('',#6131,(#6135,#6142),.PCURVE_S1.);
#6131 = LINE('',#6132,#6133);
#6132 = CARTESIAN_POINT('',(-15.00329589843,-3.579467773438,15.95));
#6133 = VECTOR('',#6134,1.);
#6134 = DIRECTION('',(0.,0.,1.));
#6135 = PCURVE('',#930,#6136);
#6136 = DEFINITIONAL_REPRESENTATION('',(#6137),#6141);
#6137 = LINE('',#6138,#6139);
#6138 = CARTESIAN_POINT('',(1.,0.));
#6139 = VECTOR('',#6140,1.);
#6140 = DIRECTION('',(0.,-1.));
#6141 = ( GEOMETRIC_REPRESENTATION_CONTEXT(2) 
PARAMETRIC_REPRESENTATION_CONTEXT() REPRESENTATION_CONTEXT('2D SPACE',''
  ) );
#6142 = PCURVE('',#981,#6143);
#6143 = DEFINITIONAL_REPRESENTATION('',(#6144),#6148);
#6144 = LINE('',#6145,#6146);
#6145 = CARTESIAN_POINT('',(0.,0.));
#6146 = VECTOR('',#6147,1.);
#6147 = DIRECTION('',(0.,-1.));
#6148 = ( GEOMETRIC_REPRESENTATION_CONTEXT(2) 
PARAMETRIC_REPRESENTATION_CONTEXT() REPRESENTATION_CONTEXT('2D SPACE',''
  ) );
#6149 = ADVANCED_FACE('',(#6150),#1113,.T.);
#6150 = FACE_BOUND('',#6151,.T.);
#6151 = EDGE_LOOP('',(#6152,#6153,#6176,#6197));
#6152 = ORIENTED_EDGE('',*,*,#1079,.T.);
#6153 = ORIENTED_EDGE('',*,*,#6154,.T.);
#6154 = EDGE_CURVE('',#1054,#6155,#6157,.T.);
#6155 = VERTEX_POINT('',#6156);
#6156 = CARTESIAN_POINT('',(-16.04040527343,-4.183715820312,16.6));
#6157 = SURFACE_CURVE('',#6158,(#6162,#6169),.PCURVE_S1.);
#6158 = LINE('',#6159,#6160);
#6159 = CARTESIAN_POINT('',(-16.04040527343,-4.183715820312,15.95));
#6160 = VECTOR('',#6161,1.);
#6161 = DIRECTION('',(0.,0.,1.));
#6162 = PCURVE('',#1113,#6163);
#6163 = DEFINITIONAL_REPRESENTATION('',(#6164),#6168);
#6164 = LINE('',#6165,#6166);
#6165 = CARTESIAN_POINT('',(0.,0.));
#6166 = VECTOR('',#6167,1.);
#6167 = DIRECTION('',(0.,-1.));
#6168 = ( GEOMETRIC_REPRESENTATION_CONTEXT(2) 
PARAMETRIC_REPRESENTATION_CONTEXT() REPRESENTATION_CONTEXT('2D SPACE',''
  ) );
#6169 = PCURVE('',#1068,#6170);
#6170 = DEFINITIONAL_REPRESENTATION('',(#6171),#6175);
#6171 = LINE('',#6172,#6173);
#6172 = CARTESIAN_POINT('',(0.408632335701,0.));
#6173 = VECTOR('',#6174,1.);
#6174 = DIRECTION('',(0.,-1.));
#6175 = ( GEOMETRIC_REPRESENTATION_CONTEXT(2) 
PARAMETRIC_REPRESENTATION_CONTEXT() REPRESENTATION_CONTEXT('2D SPACE',''
  ) );
#6176 = ORIENTED_EDGE('',*,*,#6177,.T.);
#6177 = EDGE_CURVE('',#6155,#6057,#6178,.T.);
#6178 = SURFACE_CURVE('',#6179,(#6183,#6190),.PCURVE_S1.);
#6179 = B_SPLINE_CURVE_WITH_KNOTS('',2,(#6180,#6181,#6182),
  .UNSPECIFIED.,.F.,.F.,(3,3),(0.,1.),.PIECEWISE_BEZIER_KNOTS.);
#6180 = CARTESIAN_POINT('',(-16.04040527343,-4.183715820312,16.6));
#6181 = CARTESIAN_POINT('',(-15.99865722656,-3.728881835938,16.6));
#6182 = CARTESIAN_POINT('',(-15.72619628906,-3.490478515625,16.6));
#6183 = PCURVE('',#1113,#6184);
#6184 = DEFINITIONAL_REPRESENTATION('',(#6185),#6189);
#6185 = LINE('',#6186,#6187);
#6186 = CARTESIAN_POINT('',(0.,-0.65));
#6187 = VECTOR('',#6188,1.);
#6188 = DIRECTION('',(1.,0.));
#6189 = ( GEOMETRIC_REPRESENTATION_CONTEXT(2) 
PARAMETRIC_REPRESENTATION_CONTEXT() REPRESENTATION_CONTEXT('2D SPACE',''
  ) );
#6190 = PCURVE('',#5284,#6191);
#6191 = DEFINITIONAL_REPRESENTATION('',(#6192),#6196);
#6192 = B_SPLINE_CURVE_WITH_KNOTS('',2,(#6193,#6194,#6195),
  .UNSPECIFIED.,.F.,.F.,(3,3),(0.,1.),.PIECEWISE_BEZIER_KNOTS.);
#6193 = CARTESIAN_POINT('',(0.2109375,2.302734375));
#6194 = CARTESIAN_POINT('',(0.252685546875,2.757568359375));
#6195 = CARTESIAN_POINT('',(0.525146484375,2.995971679688));
#6196 = ( GEOMETRIC_REPRESENTATION_CONTEXT(2) 
PARAMETRIC_REPRESENTATION_CONTEXT() REPRESENTATION_CONTEXT('2D SPACE',''
  ) );
#6197 = ORIENTED_EDGE('',*,*,#6056,.F.);
#6198 = ADVANCED_FACE('',(#6199),#981,.T.);
#6199 = FACE_BOUND('',#6200,.T.);
#6200 = EDGE_LOOP('',(#6201,#6202,#6203,#6226));
#6201 = ORIENTED_EDGE('',*,*,#951,.T.);
#6202 = ORIENTED_EDGE('',*,*,#6129,.T.);
#6203 = ORIENTED_EDGE('',*,*,#6204,.T.);
#6204 = EDGE_CURVE('',#6107,#6205,#6207,.T.);
#6205 = VERTEX_POINT('',#6206);
#6206 = CARTESIAN_POINT('',(-15.46032714843,-3.750854492188,16.6));
#6207 = SURFACE_CURVE('',#6208,(#6212,#6219),.PCURVE_S1.);
#6208 = B_SPLINE_CURVE_WITH_KNOTS('',2,(#6209,#6210,#6211),
  .UNSPECIFIED.,.F.,.F.,(3,3),(0.,1.),.PIECEWISE_BEZIER_KNOTS.);
#6209 = CARTESIAN_POINT('',(-15.00329589843,-3.579467773438,16.6));
#6210 = CARTESIAN_POINT('',(-15.28894042968,-3.579467773438,16.6));
#6211 = CARTESIAN_POINT('',(-15.46032714843,-3.750854492188,16.6));
#6212 = PCURVE('',#981,#6213);
#6213 = DEFINITIONAL_REPRESENTATION('',(#6214),#6218);
#6214 = LINE('',#6215,#6216);
#6215 = CARTESIAN_POINT('',(0.,-0.65));
#6216 = VECTOR('',#6217,1.);
#6217 = DIRECTION('',(1.,0.));
#6218 = ( GEOMETRIC_REPRESENTATION_CONTEXT(2) 
PARAMETRIC_REPRESENTATION_CONTEXT() REPRESENTATION_CONTEXT('2D SPACE',''
  ) );
#6219 = PCURVE('',#5284,#6220);
#6220 = DEFINITIONAL_REPRESENTATION('',(#6221),#6225);
#6221 = B_SPLINE_CURVE_WITH_KNOTS('',2,(#6222,#6223,#6224),
  .UNSPECIFIED.,.F.,.F.,(3,3),(0.,1.),.PIECEWISE_BEZIER_KNOTS.);
#6222 = CARTESIAN_POINT('',(1.248046875,2.906982421875));
#6223 = CARTESIAN_POINT('',(0.96240234375,2.906982421875));
#6224 = CARTESIAN_POINT('',(0.791015625,2.735595703125));
#6225 = ( GEOMETRIC_REPRESENTATION_CONTEXT(2) 
PARAMETRIC_REPRESENTATION_CONTEXT() REPRESENTATION_CONTEXT('2D SPACE',''
  ) );
#6226 = ORIENTED_EDGE('',*,*,#6227,.F.);
#6227 = EDGE_CURVE('',#952,#6205,#6228,.T.);
#6228 = SURFACE_CURVE('',#6229,(#6233,#6240),.PCURVE_S1.);
#6229 = LINE('',#6230,#6231);
#6230 = CARTESIAN_POINT('',(-15.46032714843,-3.750854492188,15.95));
#6231 = VECTOR('',#6232,1.);
#6232 = DIRECTION('',(0.,0.,1.));
#6233 = PCURVE('',#981,#6234);
#6234 = DEFINITIONAL_REPRESENTATION('',(#6235),#6239);
#6235 = LINE('',#6236,#6237);
#6236 = CARTESIAN_POINT('',(1.,0.));
#6237 = VECTOR('',#6238,1.);
#6238 = DIRECTION('',(0.,-1.));
#6239 = ( GEOMETRIC_REPRESENTATION_CONTEXT(2) 
PARAMETRIC_REPRESENTATION_CONTEXT() REPRESENTATION_CONTEXT('2D SPACE',''
  ) );
#6240 = PCURVE('',#1032,#6241);
#6241 = DEFINITIONAL_REPRESENTATION('',(#6242),#6246);
#6242 = LINE('',#6243,#6244);
#6243 = CARTESIAN_POINT('',(0.,0.));
#6244 = VECTOR('',#6245,1.);
#6245 = DIRECTION('',(0.,-1.));
#6246 = ( GEOMETRIC_REPRESENTATION_CONTEXT(2) 
PARAMETRIC_REPRESENTATION_CONTEXT() REPRESENTATION_CONTEXT('2D SPACE',''
  ) );
#6247 = ADVANCED_FACE('',(#6248),#1068,.T.);
#6248 = FACE_BOUND('',#6249,.T.);
#6249 = EDGE_LOOP('',(#6250,#6251,#6274,#6295));
#6250 = ORIENTED_EDGE('',*,*,#1053,.T.);
#6251 = ORIENTED_EDGE('',*,*,#6252,.T.);
#6252 = EDGE_CURVE('',#1003,#6253,#6255,.T.);
#6253 = VERTEX_POINT('',#6254);
#6254 = CARTESIAN_POINT('',(-15.63391113281,-4.225463867188,16.6));
#6255 = SURFACE_CURVE('',#6256,(#6260,#6267),.PCURVE_S1.);
#6256 = LINE('',#6257,#6258);
#6257 = CARTESIAN_POINT('',(-15.63391113281,-4.225463867188,15.95));
#6258 = VECTOR('',#6259,1.);
#6259 = DIRECTION('',(0.,0.,1.));
#6260 = PCURVE('',#1068,#6261);
#6261 = DEFINITIONAL_REPRESENTATION('',(#6262),#6266);
#6262 = LINE('',#6263,#6264);
#6263 = CARTESIAN_POINT('',(0.,0.));
#6264 = VECTOR('',#6265,1.);
#6265 = DIRECTION('',(0.,-1.));
#6266 = ( GEOMETRIC_REPRESENTATION_CONTEXT(2) 
PARAMETRIC_REPRESENTATION_CONTEXT() REPRESENTATION_CONTEXT('2D SPACE',''
  ) );
#6267 = PCURVE('',#1032,#6268);
#6268 = DEFINITIONAL_REPRESENTATION('',(#6269),#6273);
#6269 = LINE('',#6270,#6271);
#6270 = CARTESIAN_POINT('',(1.,0.));
#6271 = VECTOR('',#6272,1.);
#6272 = DIRECTION('',(0.,-1.));
#6273 = ( GEOMETRIC_REPRESENTATION_CONTEXT(2) 
PARAMETRIC_REPRESENTATION_CONTEXT() REPRESENTATION_CONTEXT('2D SPACE',''
  ) );
#6274 = ORIENTED_EDGE('',*,*,#6275,.T.);
#6275 = EDGE_CURVE('',#6253,#6155,#6276,.T.);
#6276 = SURFACE_CURVE('',#6277,(#6281,#6288),.PCURVE_S1.);
#6277 = LINE('',#6278,#6279);
#6278 = CARTESIAN_POINT('',(-15.63391113281,-4.225463867188,16.6));
#6279 = VECTOR('',#6280,1.);
#6280 = DIRECTION('',(-0.994767435445,0.102165304181,0.));
#6281 = PCURVE('',#1068,#6282);
#6282 = DEFINITIONAL_REPRESENTATION('',(#6283),#6287);
#6283 = LINE('',#6284,#6285);
#6284 = CARTESIAN_POINT('',(0.,-0.65));
#6285 = VECTOR('',#6286,1.);
#6286 = DIRECTION('',(1.,0.));
#6287 = ( GEOMETRIC_REPRESENTATION_CONTEXT(2) 
PARAMETRIC_REPRESENTATION_CONTEXT() REPRESENTATION_CONTEXT('2D SPACE',''
  ) );
#6288 = PCURVE('',#5284,#6289);
#6289 = DEFINITIONAL_REPRESENTATION('',(#6290),#6294);
#6290 = LINE('',#6291,#6292);
#6291 = CARTESIAN_POINT('',(0.617431640625,2.260986328125));
#6292 = VECTOR('',#6293,1.);
#6293 = DIRECTION('',(-0.994767435445,0.102165304181));
#6294 = ( GEOMETRIC_REPRESENTATION_CONTEXT(2) 
PARAMETRIC_REPRESENTATION_CONTEXT() REPRESENTATION_CONTEXT('2D SPACE',''
  ) );
#6295 = ORIENTED_EDGE('',*,*,#6154,.F.);
#6296 = ADVANCED_FACE('',(#6297),#1032,.T.);
#6297 = FACE_BOUND('',#6298,.T.);
#6298 = EDGE_LOOP('',(#6299,#6300,#6301,#6322));
#6299 = ORIENTED_EDGE('',*,*,#1002,.T.);
#6300 = ORIENTED_EDGE('',*,*,#6227,.T.);
#6301 = ORIENTED_EDGE('',*,*,#6302,.T.);
#6302 = EDGE_CURVE('',#6205,#6253,#6303,.T.);
#6303 = SURFACE_CURVE('',#6304,(#6308,#6315),.PCURVE_S1.);
#6304 = B_SPLINE_CURVE_WITH_KNOTS('',2,(#6305,#6306,#6307),
  .UNSPECIFIED.,.F.,.F.,(3,3),(0.,1.),.PIECEWISE_BEZIER_KNOTS.);
#6305 = CARTESIAN_POINT('',(-15.46032714843,-3.750854492188,16.6));
#6306 = CARTESIAN_POINT('',(-15.63171386718,-3.922241210938,16.6));
#6307 = CARTESIAN_POINT('',(-15.63391113281,-4.225463867188,16.6));
#6308 = PCURVE('',#1032,#6309);
#6309 = DEFINITIONAL_REPRESENTATION('',(#6310),#6314);
#6310 = LINE('',#6311,#6312);
#6311 = CARTESIAN_POINT('',(0.,-0.65));
#6312 = VECTOR('',#6313,1.);
#6313 = DIRECTION('',(1.,0.));
#6314 = ( GEOMETRIC_REPRESENTATION_CONTEXT(2) 
PARAMETRIC_REPRESENTATION_CONTEXT() REPRESENTATION_CONTEXT('2D SPACE',''
  ) );
#6315 = PCURVE('',#5284,#6316);
#6316 = DEFINITIONAL_REPRESENTATION('',(#6317),#6321);
#6317 = B_SPLINE_CURVE_WITH_KNOTS('',2,(#6318,#6319,#6320),
  .UNSPECIFIED.,.F.,.F.,(3,3),(0.,1.),.PIECEWISE_BEZIER_KNOTS.);
#6318 = CARTESIAN_POINT('',(0.791015625,2.735595703125));
#6319 = CARTESIAN_POINT('',(0.61962890625,2.564208984375));
#6320 = CARTESIAN_POINT('',(0.617431640625,2.260986328125));
#6321 = ( GEOMETRIC_REPRESENTATION_CONTEXT(2) 
PARAMETRIC_REPRESENTATION_CONTEXT() REPRESENTATION_CONTEXT('2D SPACE',''
  ) );
#6322 = ORIENTED_EDGE('',*,*,#6252,.F.);
#6323 = ADVANCED_FACE('',(#6324),#1531,.T.);
#6324 = FACE_BOUND('',#6325,.T.);
#6325 = EDGE_LOOP('',(#6326,#6327,#6350,#6378));
#6326 = ORIENTED_EDGE('',*,*,#1514,.T.);
#6327 = ORIENTED_EDGE('',*,*,#6328,.T.);
#6328 = EDGE_CURVE('',#1517,#6329,#6331,.T.);
#6329 = VERTEX_POINT('',#6330);
#6330 = CARTESIAN_POINT('',(-1.062377929688,-5.636108398438,16.6));
#6331 = SURFACE_CURVE('',#6332,(#6336,#6343),.PCURVE_S1.);
#6332 = LINE('',#6333,#6334);
#6333 = CARTESIAN_POINT('',(-1.062377929688,-5.636108398438,15.95));
#6334 = VECTOR('',#6335,1.);
#6335 = DIRECTION('',(0.,0.,1.));
#6336 = PCURVE('',#1531,#6337);
#6337 = DEFINITIONAL_REPRESENTATION('',(#6338),#6342);
#6338 = LINE('',#6339,#6340);
#6339 = CARTESIAN_POINT('',(0.,0.));
#6340 = VECTOR('',#6341,1.);
#6341 = DIRECTION('',(0.,-1.));
#6342 = ( GEOMETRIC_REPRESENTATION_CONTEXT(2) 
PARAMETRIC_REPRESENTATION_CONTEXT() REPRESENTATION_CONTEXT('2D SPACE',''
  ) );
#6343 = PCURVE('',#2897,#6344);
#6344 = DEFINITIONAL_REPRESENTATION('',(#6345),#6349);
#6345 = LINE('',#6346,#6347);
#6346 = CARTESIAN_POINT('',(1.,0.));
#6347 = VECTOR('',#6348,1.);
#6348 = DIRECTION('',(0.,-1.));
#6349 = ( GEOMETRIC_REPRESENTATION_CONTEXT(2) 
PARAMETRIC_REPRESENTATION_CONTEXT() REPRESENTATION_CONTEXT('2D SPACE',''
  ) );
#6350 = ORIENTED_EDGE('',*,*,#6351,.T.);
#6351 = EDGE_CURVE('',#6329,#6352,#6354,.T.);
#6352 = VERTEX_POINT('',#6353);
#6353 = CARTESIAN_POINT('',(-0.666870117188,-5.583374023438,16.6));
#6354 = SURFACE_CURVE('',#6355,(#6359,#6366),.PCURVE_S1.);
#6355 = LINE('',#6356,#6357);
#6356 = CARTESIAN_POINT('',(-1.062377929688,-5.636108398438,16.6));
#6357 = VECTOR('',#6358,1.);
#6358 = DIRECTION('',(0.991227900683,0.132163720091,0.));
#6359 = PCURVE('',#1531,#6360);
#6360 = DEFINITIONAL_REPRESENTATION('',(#6361),#6365);
#6361 = LINE('',#6362,#6363);
#6362 = CARTESIAN_POINT('',(0.,-0.65));
#6363 = VECTOR('',#6364,1.);
#6364 = DIRECTION('',(1.,0.));
#6365 = ( GEOMETRIC_REPRESENTATION_CONTEXT(2) 
PARAMETRIC_REPRESENTATION_CONTEXT() REPRESENTATION_CONTEXT('2D SPACE',''
  ) );
#6366 = PCURVE('',#6367,#6372);
#6367 = PLANE('',#6368);
#6368 = AXIS2_PLACEMENT_3D('',#6369,#6370,#6371);
#6369 = CARTESIAN_POINT('',(-1.251342773438,-6.486450195312,16.6));
#6370 = DIRECTION('',(0.,0.,1.));
#6371 = DIRECTION('',(1.,0.,0.));
#6372 = DEFINITIONAL_REPRESENTATION('',(#6373),#6377);
#6373 = LINE('',#6374,#6375);
#6374 = CARTESIAN_POINT('',(0.18896484375,0.850341796875));
#6375 = VECTOR('',#6376,1.);
#6376 = DIRECTION('',(0.991227900683,0.132163720091));
#6377 = ( GEOMETRIC_REPRESENTATION_CONTEXT(2) 
PARAMETRIC_REPRESENTATION_CONTEXT() REPRESENTATION_CONTEXT('2D SPACE',''
  ) );
#6378 = ORIENTED_EDGE('',*,*,#6379,.F.);
#6379 = EDGE_CURVE('',#1515,#6352,#6380,.T.);
#6380 = SURFACE_CURVE('',#6381,(#6385,#6392),.PCURVE_S1.);
#6381 = LINE('',#6382,#6383);
#6382 = CARTESIAN_POINT('',(-0.666870117188,-5.583374023438,15.95));
#6383 = VECTOR('',#6384,1.);
#6384 = DIRECTION('',(0.,0.,1.));
#6385 = PCURVE('',#1531,#6386);
#6386 = DEFINITIONAL_REPRESENTATION('',(#6387),#6391);
#6387 = LINE('',#6388,#6389);
#6388 = CARTESIAN_POINT('',(0.399007949865,0.));
#6389 = VECTOR('',#6390,1.);
#6390 = DIRECTION('',(0.,-1.));
#6391 = ( GEOMETRIC_REPRESENTATION_CONTEXT(2) 
PARAMETRIC_REPRESENTATION_CONTEXT() REPRESENTATION_CONTEXT('2D SPACE',''
  ) );
#6392 = PCURVE('',#1566,#6393);
#6393 = DEFINITIONAL_REPRESENTATION('',(#6394),#6398);
#6394 = LINE('',#6395,#6396);
#6395 = CARTESIAN_POINT('',(0.,0.));
#6396 = VECTOR('',#6397,1.);
#6397 = DIRECTION('',(0.,-1.));
#6398 = ( GEOMETRIC_REPRESENTATION_CONTEXT(2) 
PARAMETRIC_REPRESENTATION_CONTEXT() REPRESENTATION_CONTEXT('2D SPACE',''
  ) );
#6399 = ADVANCED_FACE('',(#6400),#1566,.T.);
#6400 = FACE_BOUND('',#6401,.T.);
#6401 = EDGE_LOOP('',(#6402,#6403,#6404,#6427));
#6402 = ORIENTED_EDGE('',*,*,#1542,.T.);
#6403 = ORIENTED_EDGE('',*,*,#6379,.T.);
#6404 = ORIENTED_EDGE('',*,*,#6405,.T.);
#6405 = EDGE_CURVE('',#6352,#6406,#6408,.T.);
#6406 = VERTEX_POINT('',#6407);
#6407 = CARTESIAN_POINT('',(-0.43505859375,-6.06787109375,16.6));
#6408 = SURFACE_CURVE('',#6409,(#6413,#6420),.PCURVE_S1.);
#6409 = B_SPLINE_CURVE_WITH_KNOTS('',2,(#6410,#6411,#6412),
  .UNSPECIFIED.,.F.,.F.,(3,3),(0.,1.),.PIECEWISE_BEZIER_KNOTS.);
#6410 = CARTESIAN_POINT('',(-0.666870117188,-5.583374023438,16.6));
#6411 = CARTESIAN_POINT('',(-0.598754882812,-5.919555664062,16.6));
#6412 = CARTESIAN_POINT('',(-0.43505859375,-6.06787109375,16.6));
#6413 = PCURVE('',#1566,#6414);
#6414 = DEFINITIONAL_REPRESENTATION('',(#6415),#6419);
#6415 = LINE('',#6416,#6417);
#6416 = CARTESIAN_POINT('',(0.,-0.65));
#6417 = VECTOR('',#6418,1.);
#6418 = DIRECTION('',(1.,0.));
#6419 = ( GEOMETRIC_REPRESENTATION_CONTEXT(2) 
PARAMETRIC_REPRESENTATION_CONTEXT() REPRESENTATION_CONTEXT('2D SPACE',''
  ) );
#6420 = PCURVE('',#6367,#6421);
#6421 = DEFINITIONAL_REPRESENTATION('',(#6422),#6426);
#6422 = B_SPLINE_CURVE_WITH_KNOTS('',2,(#6423,#6424,#6425),
  .UNSPECIFIED.,.F.,.F.,(3,3),(0.,1.),.PIECEWISE_BEZIER_KNOTS.);
#6423 = CARTESIAN_POINT('',(0.58447265625,0.903076171875));
#6424 = CARTESIAN_POINT('',(0.652587890625,0.56689453125));
#6425 = CARTESIAN_POINT('',(0.816284179688,0.418579101562));
#6426 = ( GEOMETRIC_REPRESENTATION_CONTEXT(2) 
PARAMETRIC_REPRESENTATION_CONTEXT() REPRESENTATION_CONTEXT('2D SPACE',''
  ) );
#6427 = ORIENTED_EDGE('',*,*,#6428,.F.);
#6428 = EDGE_CURVE('',#1543,#6406,#6429,.T.);
#6429 = SURFACE_CURVE('',#6430,(#6434,#6441),.PCURVE_S1.);
#6430 = LINE('',#6431,#6432);
#6431 = CARTESIAN_POINT('',(-0.43505859375,-6.06787109375,15.95));
#6432 = VECTOR('',#6433,1.);
#6433 = DIRECTION('',(0.,0.,1.));
#6434 = PCURVE('',#1566,#6435);
#6435 = DEFINITIONAL_REPRESENTATION('',(#6436),#6440);
#6436 = LINE('',#6437,#6438);
#6437 = CARTESIAN_POINT('',(1.,0.));
#6438 = VECTOR('',#6439,1.);
#6439 = DIRECTION('',(0.,-1.));
#6440 = ( GEOMETRIC_REPRESENTATION_CONTEXT(2) 
PARAMETRIC_REPRESENTATION_CONTEXT() REPRESENTATION_CONTEXT('2D SPACE',''
  ) );
#6441 = PCURVE('',#1614,#6442);
#6442 = DEFINITIONAL_REPRESENTATION('',(#6443),#6447);
#6443 = LINE('',#6444,#6445);
#6444 = CARTESIAN_POINT('',(0.,0.));
#6445 = VECTOR('',#6446,1.);
#6446 = DIRECTION('',(0.,-1.));
#6447 = ( GEOMETRIC_REPRESENTATION_CONTEXT(2) 
PARAMETRIC_REPRESENTATION_CONTEXT() REPRESENTATION_CONTEXT('2D SPACE',''
  ) );
#6448 = ADVANCED_FACE('',(#6449),#2897,.T.);
#6449 = FACE_BOUND('',#6450,.T.);
#6450 = EDGE_LOOP('',(#6451,#6452,#6475,#6496));
#6451 = ORIENTED_EDGE('',*,*,#2869,.T.);
#6452 = ORIENTED_EDGE('',*,*,#6453,.T.);
#6453 = EDGE_CURVE('',#2819,#6454,#6456,.T.);
#6454 = VERTEX_POINT('',#6455);
#6455 = CARTESIAN_POINT('',(-0.74267578125,-6.290893554688,16.6));
#6456 = SURFACE_CURVE('',#6457,(#6461,#6468),.PCURVE_S1.);
#6457 = LINE('',#6458,#6459);
#6458 = CARTESIAN_POINT('',(-0.74267578125,-6.290893554688,15.95));
#6459 = VECTOR('',#6460,1.);
#6460 = DIRECTION('',(0.,0.,1.));
#6461 = PCURVE('',#2897,#6462);
#6462 = DEFINITIONAL_REPRESENTATION('',(#6463),#6467);
#6463 = LINE('',#6464,#6465);
#6464 = CARTESIAN_POINT('',(0.,0.));
#6465 = VECTOR('',#6466,1.);
#6466 = DIRECTION('',(0.,-1.));
#6467 = ( GEOMETRIC_REPRESENTATION_CONTEXT(2) 
PARAMETRIC_REPRESENTATION_CONTEXT() REPRESENTATION_CONTEXT('2D SPACE',''
  ) );
#6468 = PCURVE('',#2848,#6469);
#6469 = DEFINITIONAL_REPRESENTATION('',(#6470),#6474);
#6470 = LINE('',#6471,#6472);
#6471 = CARTESIAN_POINT('',(1.,0.));
#6472 = VECTOR('',#6473,1.);
#6473 = DIRECTION('',(0.,-1.));
#6474 = ( GEOMETRIC_REPRESENTATION_CONTEXT(2) 
PARAMETRIC_REPRESENTATION_CONTEXT() REPRESENTATION_CONTEXT('2D SPACE',''
  ) );
#6475 = ORIENTED_EDGE('',*,*,#6476,.T.);
#6476 = EDGE_CURVE('',#6454,#6329,#6477,.T.);
#6477 = SURFACE_CURVE('',#6478,(#6482,#6489),.PCURVE_S1.);
#6478 = B_SPLINE_CURVE_WITH_KNOTS('',2,(#6479,#6480,#6481),
  .UNSPECIFIED.,.F.,.F.,(3,3),(0.,1.),.PIECEWISE_BEZIER_KNOTS.);
#6479 = CARTESIAN_POINT('',(-0.74267578125,-6.290893554688,16.6));
#6480 = CARTESIAN_POINT('',(-1.022827148438,-6.038208007812,16.6));
#6481 = CARTESIAN_POINT('',(-1.062377929688,-5.636108398438,16.6));
#6482 = PCURVE('',#2897,#6483);
#6483 = DEFINITIONAL_REPRESENTATION('',(#6484),#6488);
#6484 = LINE('',#6485,#6486);
#6485 = CARTESIAN_POINT('',(0.,-0.65));
#6486 = VECTOR('',#6487,1.);
#6487 = DIRECTION('',(1.,0.));
#6488 = ( GEOMETRIC_REPRESENTATION_CONTEXT(2) 
PARAMETRIC_REPRESENTATION_CONTEXT() REPRESENTATION_CONTEXT('2D SPACE',''
  ) );
#6489 = PCURVE('',#6367,#6490);
#6490 = DEFINITIONAL_REPRESENTATION('',(#6491),#6495);
#6491 = B_SPLINE_CURVE_WITH_KNOTS('',2,(#6492,#6493,#6494),
  .UNSPECIFIED.,.F.,.F.,(3,3),(0.,1.),.PIECEWISE_BEZIER_KNOTS.);
#6492 = CARTESIAN_POINT('',(0.508666992188,0.195556640625));
#6493 = CARTESIAN_POINT('',(0.228515625,0.4482421875));
#6494 = CARTESIAN_POINT('',(0.18896484375,0.850341796875));
#6495 = ( GEOMETRIC_REPRESENTATION_CONTEXT(2) 
PARAMETRIC_REPRESENTATION_CONTEXT() REPRESENTATION_CONTEXT('2D SPACE',''
  ) );
#6496 = ORIENTED_EDGE('',*,*,#6328,.F.);
#6497 = ADVANCED_FACE('',(#6498),#1614,.T.);
#6498 = FACE_BOUND('',#6499,.T.);
#6499 = EDGE_LOOP('',(#6500,#6501,#6502,#6525));
#6500 = ORIENTED_EDGE('',*,*,#1584,.T.);
#6501 = ORIENTED_EDGE('',*,*,#6428,.T.);
#6502 = ORIENTED_EDGE('',*,*,#6503,.T.);
#6503 = EDGE_CURVE('',#6406,#6504,#6506,.T.);
#6504 = VERTEX_POINT('',#6505);
#6505 = CARTESIAN_POINT('',(-3.62548828125E-02,-6.216186523438,16.6));
#6506 = SURFACE_CURVE('',#6507,(#6511,#6518),.PCURVE_S1.);
#6507 = B_SPLINE_CURVE_WITH_KNOTS('',2,(#6508,#6509,#6510),
  .UNSPECIFIED.,.F.,.F.,(3,3),(0.,1.),.PIECEWISE_BEZIER_KNOTS.);
#6508 = CARTESIAN_POINT('',(-0.43505859375,-6.06787109375,16.6));
#6509 = CARTESIAN_POINT('',(-0.271362304688,-6.216186523438,16.6));
#6510 = CARTESIAN_POINT('',(-3.62548828125E-02,-6.216186523438,16.6));
#6511 = PCURVE('',#1614,#6512);
#6512 = DEFINITIONAL_REPRESENTATION('',(#6513),#6517);
#6513 = LINE('',#6514,#6515);
#6514 = CARTESIAN_POINT('',(0.,-0.65));
#6515 = VECTOR('',#6516,1.);
#6516 = DIRECTION('',(1.,0.));
#6517 = ( GEOMETRIC_REPRESENTATION_CONTEXT(2) 
PARAMETRIC_REPRESENTATION_CONTEXT() REPRESENTATION_CONTEXT('2D SPACE',''
  ) );
#6518 = PCURVE('',#6367,#6519);
#6519 = DEFINITIONAL_REPRESENTATION('',(#6520),#6524);
#6520 = B_SPLINE_CURVE_WITH_KNOTS('',2,(#6521,#6522,#6523),
  .UNSPECIFIED.,.F.,.F.,(3,3),(0.,1.),.PIECEWISE_BEZIER_KNOTS.);
#6521 = CARTESIAN_POINT('',(0.816284179688,0.418579101562));
#6522 = CARTESIAN_POINT('',(0.97998046875,0.270263671875));
#6523 = CARTESIAN_POINT('',(1.215087890625,0.270263671875));
#6524 = ( GEOMETRIC_REPRESENTATION_CONTEXT(2) 
PARAMETRIC_REPRESENTATION_CONTEXT() REPRESENTATION_CONTEXT('2D SPACE',''
  ) );
#6525 = ORIENTED_EDGE('',*,*,#6526,.F.);
#6526 = EDGE_CURVE('',#1585,#6504,#6527,.T.);
#6527 = SURFACE_CURVE('',#6528,(#6532,#6539),.PCURVE_S1.);
#6528 = LINE('',#6529,#6530);
#6529 = CARTESIAN_POINT('',(-3.62548828125E-02,-6.216186523438,15.95));
#6530 = VECTOR('',#6531,1.);
#6531 = DIRECTION('',(0.,0.,1.));
#6532 = PCURVE('',#1614,#6533);
#6533 = DEFINITIONAL_REPRESENTATION('',(#6534),#6538);
#6534 = LINE('',#6535,#6536);
#6535 = CARTESIAN_POINT('',(1.,0.));
#6536 = VECTOR('',#6537,1.);
#6537 = DIRECTION('',(0.,-1.));
#6538 = ( GEOMETRIC_REPRESENTATION_CONTEXT(2) 
PARAMETRIC_REPRESENTATION_CONTEXT() REPRESENTATION_CONTEXT('2D SPACE',''
  ) );
#6539 = PCURVE('',#1665,#6540);
#6540 = DEFINITIONAL_REPRESENTATION('',(#6541),#6545);
#6541 = LINE('',#6542,#6543);
#6542 = CARTESIAN_POINT('',(0.,0.));
#6543 = VECTOR('',#6544,1.);
#6544 = DIRECTION('',(0.,-1.));
#6545 = ( GEOMETRIC_REPRESENTATION_CONTEXT(2) 
PARAMETRIC_REPRESENTATION_CONTEXT() REPRESENTATION_CONTEXT('2D SPACE',''
  ) );
#6546 = ADVANCED_FACE('',(#6547),#2848,.T.);
#6547 = FACE_BOUND('',#6548,.T.);
#6548 = EDGE_LOOP('',(#6549,#6550,#6573,#6594));
#6549 = ORIENTED_EDGE('',*,*,#2818,.T.);
#6550 = ORIENTED_EDGE('',*,*,#6551,.T.);
#6551 = EDGE_CURVE('',#2762,#6552,#6554,.T.);
#6552 = VERTEX_POINT('',#6553);
#6553 = CARTESIAN_POINT('',(-3.84521484375E-02,-6.543579101562,16.6));
#6554 = SURFACE_CURVE('',#6555,(#6559,#6566),.PCURVE_S1.);
#6555 = LINE('',#6556,#6557);
#6556 = CARTESIAN_POINT('',(-3.84521484375E-02,-6.543579101562,15.95));
#6557 = VECTOR('',#6558,1.);
#6558 = DIRECTION('',(0.,0.,1.));
#6559 = PCURVE('',#2848,#6560);
#6560 = DEFINITIONAL_REPRESENTATION('',(#6561),#6565);
#6561 = LINE('',#6562,#6563);
#6562 = CARTESIAN_POINT('',(0.,0.));
#6563 = VECTOR('',#6564,1.);
#6564 = DIRECTION('',(0.,-1.));
#6565 = ( GEOMETRIC_REPRESENTATION_CONTEXT(2) 
PARAMETRIC_REPRESENTATION_CONTEXT() REPRESENTATION_CONTEXT('2D SPACE',''
  ) );
#6566 = PCURVE('',#2795,#6567);
#6567 = DEFINITIONAL_REPRESENTATION('',(#6568),#6572);
#6568 = LINE('',#6569,#6570);
#6569 = CARTESIAN_POINT('',(1.,0.));
#6570 = VECTOR('',#6571,1.);
#6571 = DIRECTION('',(0.,-1.));
#6572 = ( GEOMETRIC_REPRESENTATION_CONTEXT(2) 
PARAMETRIC_REPRESENTATION_CONTEXT() REPRESENTATION_CONTEXT('2D SPACE',''
  ) );
#6573 = ORIENTED_EDGE('',*,*,#6574,.T.);
#6574 = EDGE_CURVE('',#6552,#6454,#6575,.T.);
#6575 = SURFACE_CURVE('',#6576,(#6580,#6587),.PCURVE_S1.);
#6576 = B_SPLINE_CURVE_WITH_KNOTS('',2,(#6577,#6578,#6579),
  .UNSPECIFIED.,.F.,.F.,(3,3),(0.,1.),.PIECEWISE_BEZIER_KNOTS.);
#6577 = CARTESIAN_POINT('',(-3.84521484375E-02,-6.543579101562,16.6));
#6578 = CARTESIAN_POINT('',(-0.462524414062,-6.543579101562,16.6));
#6579 = CARTESIAN_POINT('',(-0.74267578125,-6.290893554688,16.6));
#6580 = PCURVE('',#2848,#6581);
#6581 = DEFINITIONAL_REPRESENTATION('',(#6582),#6586);
#6582 = LINE('',#6583,#6584);
#6583 = CARTESIAN_POINT('',(0.,-0.65));
#6584 = VECTOR('',#6585,1.);
#6585 = DIRECTION('',(1.,0.));
#6586 = ( GEOMETRIC_REPRESENTATION_CONTEXT(2) 
PARAMETRIC_REPRESENTATION_CONTEXT() REPRESENTATION_CONTEXT('2D SPACE',''
  ) );
#6587 = PCURVE('',#6367,#6588);
#6588 = DEFINITIONAL_REPRESENTATION('',(#6589),#6593);
#6589 = B_SPLINE_CURVE_WITH_KNOTS('',2,(#6590,#6591,#6592),
  .UNSPECIFIED.,.F.,.F.,(3,3),(0.,1.),.PIECEWISE_BEZIER_KNOTS.);
#6590 = CARTESIAN_POINT('',(1.212890625,-5.712890625E-02));
#6591 = CARTESIAN_POINT('',(0.788818359375,-5.712890625E-02));
#6592 = CARTESIAN_POINT('',(0.508666992188,0.195556640625));
#6593 = ( GEOMETRIC_REPRESENTATION_CONTEXT(2) 
PARAMETRIC_REPRESENTATION_CONTEXT() REPRESENTATION_CONTEXT('2D SPACE',''
  ) );
#6594 = ORIENTED_EDGE('',*,*,#6453,.F.);
#6595 = ADVANCED_FACE('',(#6596),#1665,.T.);
#6596 = FACE_BOUND('',#6597,.T.);
#6597 = EDGE_LOOP('',(#6598,#6599,#6600,#6623));
#6598 = ORIENTED_EDGE('',*,*,#1635,.T.);
#6599 = ORIENTED_EDGE('',*,*,#6526,.T.);
#6600 = ORIENTED_EDGE('',*,*,#6601,.T.);
#6601 = EDGE_CURVE('',#6504,#6602,#6604,.T.);
#6602 = VERTEX_POINT('',#6603);
#6603 = CARTESIAN_POINT('',(0.43505859375,-6.022827148438,16.6));
#6604 = SURFACE_CURVE('',#6605,(#6609,#6616),.PCURVE_S1.);
#6605 = B_SPLINE_CURVE_WITH_KNOTS('',2,(#6606,#6607,#6608),
  .UNSPECIFIED.,.F.,.F.,(3,3),(0.,1.),.PIECEWISE_BEZIER_KNOTS.);
#6606 = CARTESIAN_POINT('',(-3.62548828125E-02,-6.216186523438,16.6));
#6607 = CARTESIAN_POINT('',(0.242797851562,-6.216186523438,16.6));
#6608 = CARTESIAN_POINT('',(0.43505859375,-6.022827148438,16.6));
#6609 = PCURVE('',#1665,#6610);
#6610 = DEFINITIONAL_REPRESENTATION('',(#6611),#6615);
#6611 = LINE('',#6612,#6613);
#6612 = CARTESIAN_POINT('',(0.,-0.65));
#6613 = VECTOR('',#6614,1.);
#6614 = DIRECTION('',(1.,0.));
#6615 = ( GEOMETRIC_REPRESENTATION_CONTEXT(2) 
PARAMETRIC_REPRESENTATION_CONTEXT() REPRESENTATION_CONTEXT('2D SPACE',''
  ) );
#6616 = PCURVE('',#6367,#6617);
#6617 = DEFINITIONAL_REPRESENTATION('',(#6618),#6622);
#6618 = B_SPLINE_CURVE_WITH_KNOTS('',2,(#6619,#6620,#6621),
  .UNSPECIFIED.,.F.,.F.,(3,3),(0.,1.),.PIECEWISE_BEZIER_KNOTS.);
#6619 = CARTESIAN_POINT('',(1.215087890625,0.270263671875));
#6620 = CARTESIAN_POINT('',(1.494140625,0.270263671875));
#6621 = CARTESIAN_POINT('',(1.686401367188,0.463623046875));
#6622 = ( GEOMETRIC_REPRESENTATION_CONTEXT(2) 
PARAMETRIC_REPRESENTATION_CONTEXT() REPRESENTATION_CONTEXT('2D SPACE',''
  ) );
#6623 = ORIENTED_EDGE('',*,*,#6624,.F.);
#6624 = EDGE_CURVE('',#1636,#6602,#6625,.T.);
#6625 = SURFACE_CURVE('',#6626,(#6630,#6637),.PCURVE_S1.);
#6626 = LINE('',#6627,#6628);
#6627 = CARTESIAN_POINT('',(0.43505859375,-6.022827148438,15.95));
#6628 = VECTOR('',#6629,1.);
#6629 = DIRECTION('',(0.,0.,1.));
#6630 = PCURVE('',#1665,#6631);
#6631 = DEFINITIONAL_REPRESENTATION('',(#6632),#6636);
#6632 = LINE('',#6633,#6634);
#6633 = CARTESIAN_POINT('',(1.,0.));
#6634 = VECTOR('',#6635,1.);
#6635 = DIRECTION('',(0.,-1.));
#6636 = ( GEOMETRIC_REPRESENTATION_CONTEXT(2) 
PARAMETRIC_REPRESENTATION_CONTEXT() REPRESENTATION_CONTEXT('2D SPACE',''
  ) );
#6637 = PCURVE('',#1716,#6638);
#6638 = DEFINITIONAL_REPRESENTATION('',(#6639),#6643);
#6639 = LINE('',#6640,#6641);
#6640 = CARTESIAN_POINT('',(0.,0.));
#6641 = VECTOR('',#6642,1.);
#6642 = DIRECTION('',(0.,-1.));
#6643 = ( GEOMETRIC_REPRESENTATION_CONTEXT(2) 
PARAMETRIC_REPRESENTATION_CONTEXT() REPRESENTATION_CONTEXT('2D SPACE',''
  ) );
#6644 = ADVANCED_FACE('',(#6645),#2795,.T.);
#6645 = FACE_BOUND('',#6646,.T.);
#6646 = EDGE_LOOP('',(#6647,#6648,#6671,#6692));
#6647 = ORIENTED_EDGE('',*,*,#2761,.T.);
#6648 = ORIENTED_EDGE('',*,*,#6649,.T.);
#6649 = EDGE_CURVE('',#2711,#6650,#6652,.T.);
#6650 = VERTEX_POINT('',#6651);
#6651 = CARTESIAN_POINT('',(0.739379882812,-6.250244140625,16.6));
#6652 = SURFACE_CURVE('',#6653,(#6657,#6664),.PCURVE_S1.);
#6653 = LINE('',#6654,#6655);
#6654 = CARTESIAN_POINT('',(0.739379882812,-6.250244140625,15.95));
#6655 = VECTOR('',#6656,1.);
#6656 = DIRECTION('',(0.,0.,1.));
#6657 = PCURVE('',#2795,#6658);
#6658 = DEFINITIONAL_REPRESENTATION('',(#6659),#6663);
#6659 = LINE('',#6660,#6661);
#6660 = CARTESIAN_POINT('',(0.,0.));
#6661 = VECTOR('',#6662,1.);
#6662 = DIRECTION('',(0.,-1.));
#6663 = ( GEOMETRIC_REPRESENTATION_CONTEXT(2) 
PARAMETRIC_REPRESENTATION_CONTEXT() REPRESENTATION_CONTEXT('2D SPACE',''
  ) );
#6664 = PCURVE('',#2740,#6665);
#6665 = DEFINITIONAL_REPRESENTATION('',(#6666),#6670);
#6666 = LINE('',#6667,#6668);
#6667 = CARTESIAN_POINT('',(1.,0.));
#6668 = VECTOR('',#6669,1.);
#6669 = DIRECTION('',(0.,-1.));
#6670 = ( GEOMETRIC_REPRESENTATION_CONTEXT(2) 
PARAMETRIC_REPRESENTATION_CONTEXT() REPRESENTATION_CONTEXT('2D SPACE',''
  ) );
#6671 = ORIENTED_EDGE('',*,*,#6672,.T.);
#6672 = EDGE_CURVE('',#6650,#6552,#6673,.T.);
#6673 = SURFACE_CURVE('',#6674,(#6678,#6685),.PCURVE_S1.);
#6674 = B_SPLINE_CURVE_WITH_KNOTS('',2,(#6675,#6676,#6677),
  .UNSPECIFIED.,.F.,.F.,(3,3),(0.,1.),.PIECEWISE_BEZIER_KNOTS.);
#6675 = CARTESIAN_POINT('',(0.739379882812,-6.250244140625,16.6));
#6676 = CARTESIAN_POINT('',(0.431762695312,-6.543579101562,16.6));
#6677 = CARTESIAN_POINT('',(-3.84521484375E-02,-6.543579101562,16.6));
#6678 = PCURVE('',#2795,#6679);
#6679 = DEFINITIONAL_REPRESENTATION('',(#6680),#6684);
#6680 = LINE('',#6681,#6682);
#6681 = CARTESIAN_POINT('',(0.,-0.65));
#6682 = VECTOR('',#6683,1.);
#6683 = DIRECTION('',(1.,0.));
#6684 = ( GEOMETRIC_REPRESENTATION_CONTEXT(2) 
PARAMETRIC_REPRESENTATION_CONTEXT() REPRESENTATION_CONTEXT('2D SPACE',''
  ) );
#6685 = PCURVE('',#6367,#6686);
#6686 = DEFINITIONAL_REPRESENTATION('',(#6687),#6691);
#6687 = B_SPLINE_CURVE_WITH_KNOTS('',2,(#6688,#6689,#6690),
  .UNSPECIFIED.,.F.,.F.,(3,3),(0.,1.),.PIECEWISE_BEZIER_KNOTS.);
#6688 = CARTESIAN_POINT('',(1.99072265625,0.236206054688));
#6689 = CARTESIAN_POINT('',(1.68310546875,-5.712890625E-02));
#6690 = CARTESIAN_POINT('',(1.212890625,-5.712890625E-02));
#6691 = ( GEOMETRIC_REPRESENTATION_CONTEXT(2) 
PARAMETRIC_REPRESENTATION_CONTEXT() REPRESENTATION_CONTEXT('2D SPACE',''
  ) );
#6692 = ORIENTED_EDGE('',*,*,#6551,.F.);
#6693 = ADVANCED_FACE('',(#6694),#1716,.T.);
#6694 = FACE_BOUND('',#6695,.T.);
#6695 = EDGE_LOOP('',(#6696,#6697,#6698,#6721));
#6696 = ORIENTED_EDGE('',*,*,#1686,.T.);
#6697 = ORIENTED_EDGE('',*,*,#6624,.T.);
#6698 = ORIENTED_EDGE('',*,*,#6699,.T.);
#6699 = EDGE_CURVE('',#6602,#6700,#6702,.T.);
#6700 = VERTEX_POINT('',#6701);
#6701 = CARTESIAN_POINT('',(0.627319335938,-5.543823242188,16.6));
#6702 = SURFACE_CURVE('',#6703,(#6707,#6714),.PCURVE_S1.);
#6703 = B_SPLINE_CURVE_WITH_KNOTS('',2,(#6704,#6705,#6706),
  .UNSPECIFIED.,.F.,.F.,(3,3),(0.,1.),.PIECEWISE_BEZIER_KNOTS.);
#6704 = CARTESIAN_POINT('',(0.43505859375,-6.022827148438,16.6));
#6705 = CARTESIAN_POINT('',(0.627319335938,-5.829467773438,16.6));
#6706 = CARTESIAN_POINT('',(0.627319335938,-5.543823242188,16.6));
#6707 = PCURVE('',#1716,#6708);
#6708 = DEFINITIONAL_REPRESENTATION('',(#6709),#6713);
#6709 = LINE('',#6710,#6711);
#6710 = CARTESIAN_POINT('',(0.,-0.65));
#6711 = VECTOR('',#6712,1.);
#6712 = DIRECTION('',(1.,0.));
#6713 = ( GEOMETRIC_REPRESENTATION_CONTEXT(2) 
PARAMETRIC_REPRESENTATION_CONTEXT() REPRESENTATION_CONTEXT('2D SPACE',''
  ) );
#6714 = PCURVE('',#6367,#6715);
#6715 = DEFINITIONAL_REPRESENTATION('',(#6716),#6720);
#6716 = B_SPLINE_CURVE_WITH_KNOTS('',2,(#6717,#6718,#6719),
  .UNSPECIFIED.,.F.,.F.,(3,3),(0.,1.),.PIECEWISE_BEZIER_KNOTS.);
#6717 = CARTESIAN_POINT('',(1.686401367188,0.463623046875));
#6718 = CARTESIAN_POINT('',(1.878662109375,0.656982421875));
#6719 = CARTESIAN_POINT('',(1.878662109375,0.942626953125));
#6720 = ( GEOMETRIC_REPRESENTATION_CONTEXT(2) 
PARAMETRIC_REPRESENTATION_CONTEXT() REPRESENTATION_CONTEXT('2D SPACE',''
  ) );
#6721 = ORIENTED_EDGE('',*,*,#6722,.F.);
#6722 = EDGE_CURVE('',#1687,#6700,#6723,.T.);
#6723 = SURFACE_CURVE('',#6724,(#6728,#6735),.PCURVE_S1.);
#6724 = LINE('',#6725,#6726);
#6725 = CARTESIAN_POINT('',(0.627319335938,-5.543823242188,15.95));
#6726 = VECTOR('',#6727,1.);
#6727 = DIRECTION('',(0.,0.,1.));
#6728 = PCURVE('',#1716,#6729);
#6729 = DEFINITIONAL_REPRESENTATION('',(#6730),#6734);
#6730 = LINE('',#6731,#6732);
#6731 = CARTESIAN_POINT('',(1.,0.));
#6732 = VECTOR('',#6733,1.);
#6733 = DIRECTION('',(0.,-1.));
#6734 = ( GEOMETRIC_REPRESENTATION_CONTEXT(2) 
PARAMETRIC_REPRESENTATION_CONTEXT() REPRESENTATION_CONTEXT('2D SPACE',''
  ) );
#6735 = PCURVE('',#1767,#6736);
#6736 = DEFINITIONAL_REPRESENTATION('',(#6737),#6741);
#6737 = LINE('',#6738,#6739);
#6738 = CARTESIAN_POINT('',(0.,0.));
#6739 = VECTOR('',#6740,1.);
#6740 = DIRECTION('',(0.,-1.));
#6741 = ( GEOMETRIC_REPRESENTATION_CONTEXT(2) 
PARAMETRIC_REPRESENTATION_CONTEXT() REPRESENTATION_CONTEXT('2D SPACE',''
  ) );
#6742 = ADVANCED_FACE('',(#6743),#2740,.T.);
#6743 = FACE_BOUND('',#6744,.T.);
#6744 = EDGE_LOOP('',(#6745,#6746,#6769,#6790));
#6745 = ORIENTED_EDGE('',*,*,#2710,.T.);
#6746 = ORIENTED_EDGE('',*,*,#6747,.T.);
#6747 = EDGE_CURVE('',#2660,#6748,#6750,.T.);
#6748 = VERTEX_POINT('',#6749);
#6749 = CARTESIAN_POINT('',(1.046997070312,-5.535034179688,16.6));
#6750 = SURFACE_CURVE('',#6751,(#6755,#6762),.PCURVE_S1.);
#6751 = LINE('',#6752,#6753);
#6752 = CARTESIAN_POINT('',(1.046997070312,-5.535034179688,15.95));
#6753 = VECTOR('',#6754,1.);
#6754 = DIRECTION('',(0.,0.,1.));
#6755 = PCURVE('',#2740,#6756);
#6756 = DEFINITIONAL_REPRESENTATION('',(#6757),#6761);
#6757 = LINE('',#6758,#6759);
#6758 = CARTESIAN_POINT('',(0.,0.));
#6759 = VECTOR('',#6760,1.);
#6760 = DIRECTION('',(0.,-1.));
#6761 = ( GEOMETRIC_REPRESENTATION_CONTEXT(2) 
PARAMETRIC_REPRESENTATION_CONTEXT() REPRESENTATION_CONTEXT('2D SPACE',''
  ) );
#6762 = PCURVE('',#2689,#6763);
#6763 = DEFINITIONAL_REPRESENTATION('',(#6764),#6768);
#6764 = LINE('',#6765,#6766);
#6765 = CARTESIAN_POINT('',(1.,0.));
#6766 = VECTOR('',#6767,1.);
#6767 = DIRECTION('',(0.,-1.));
#6768 = ( GEOMETRIC_REPRESENTATION_CONTEXT(2) 
PARAMETRIC_REPRESENTATION_CONTEXT() REPRESENTATION_CONTEXT('2D SPACE',''
  ) );
#6769 = ORIENTED_EDGE('',*,*,#6770,.T.);
#6770 = EDGE_CURVE('',#6748,#6650,#6771,.T.);
#6771 = SURFACE_CURVE('',#6772,(#6776,#6783),.PCURVE_S1.);
#6772 = B_SPLINE_CURVE_WITH_KNOTS('',2,(#6773,#6774,#6775),
  .UNSPECIFIED.,.F.,.F.,(3,3),(0.,1.),.PIECEWISE_BEZIER_KNOTS.);
#6773 = CARTESIAN_POINT('',(1.046997070312,-5.535034179688,16.6));
#6774 = CARTESIAN_POINT('',(1.046997070312,-5.956909179688,16.6));
#6775 = CARTESIAN_POINT('',(0.739379882812,-6.250244140625,16.6));
#6776 = PCURVE('',#2740,#6777);
#6777 = DEFINITIONAL_REPRESENTATION('',(#6778),#6782);
#6778 = LINE('',#6779,#6780);
#6779 = CARTESIAN_POINT('',(0.,-0.65));
#6780 = VECTOR('',#6781,1.);
#6781 = DIRECTION('',(1.,0.));
#6782 = ( GEOMETRIC_REPRESENTATION_CONTEXT(2) 
PARAMETRIC_REPRESENTATION_CONTEXT() REPRESENTATION_CONTEXT('2D SPACE',''
  ) );
#6783 = PCURVE('',#6367,#6784);
#6784 = DEFINITIONAL_REPRESENTATION('',(#6785),#6789);
#6785 = B_SPLINE_CURVE_WITH_KNOTS('',2,(#6786,#6787,#6788),
  .UNSPECIFIED.,.F.,.F.,(3,3),(0.,1.),.PIECEWISE_BEZIER_KNOTS.);
#6786 = CARTESIAN_POINT('',(2.29833984375,0.951416015625));
#6787 = CARTESIAN_POINT('',(2.29833984375,0.529541015625));
#6788 = CARTESIAN_POINT('',(1.99072265625,0.236206054688));
#6789 = ( GEOMETRIC_REPRESENTATION_CONTEXT(2) 
PARAMETRIC_REPRESENTATION_CONTEXT() REPRESENTATION_CONTEXT('2D SPACE',''
  ) );
#6790 = ORIENTED_EDGE('',*,*,#6649,.F.);
#6791 = ADVANCED_FACE('',(#6792),#1767,.T.);
#6792 = FACE_BOUND('',#6793,.T.);
#6793 = EDGE_LOOP('',(#6794,#6795,#6796,#6819));
#6794 = ORIENTED_EDGE('',*,*,#1737,.T.);
#6795 = ORIENTED_EDGE('',*,*,#6722,.T.);
#6796 = ORIENTED_EDGE('',*,*,#6797,.T.);
#6797 = EDGE_CURVE('',#6700,#6798,#6800,.T.);
#6798 = VERTEX_POINT('',#6799);
#6799 = CARTESIAN_POINT('',(0.449340820312,-5.094482421875,16.6));
#6800 = SURFACE_CURVE('',#6801,(#6805,#6812),.PCURVE_S1.);
#6801 = B_SPLINE_CURVE_WITH_KNOTS('',2,(#6802,#6803,#6804),
  .UNSPECIFIED.,.F.,.F.,(3,3),(0.,1.),.PIECEWISE_BEZIER_KNOTS.);
#6802 = CARTESIAN_POINT('',(0.627319335938,-5.543823242188,16.6));
#6803 = CARTESIAN_POINT('',(0.627319335938,-5.271362304688,16.6));
#6804 = CARTESIAN_POINT('',(0.449340820312,-5.094482421875,16.6));
#6805 = PCURVE('',#1767,#6806);
#6806 = DEFINITIONAL_REPRESENTATION('',(#6807),#6811);
#6807 = LINE('',#6808,#6809);
#6808 = CARTESIAN_POINT('',(0.,-0.65));
#6809 = VECTOR('',#6810,1.);
#6810 = DIRECTION('',(1.,0.));
#6811 = ( GEOMETRIC_REPRESENTATION_CONTEXT(2) 
PARAMETRIC_REPRESENTATION_CONTEXT() REPRESENTATION_CONTEXT('2D SPACE',''
  ) );
#6812 = PCURVE('',#6367,#6813);
#6813 = DEFINITIONAL_REPRESENTATION('',(#6814),#6818);
#6814 = B_SPLINE_CURVE_WITH_KNOTS('',2,(#6815,#6816,#6817),
  .UNSPECIFIED.,.F.,.F.,(3,3),(0.,1.),.PIECEWISE_BEZIER_KNOTS.);
#6815 = CARTESIAN_POINT('',(1.878662109375,0.942626953125));
#6816 = CARTESIAN_POINT('',(1.878662109375,1.215087890625));
#6817 = CARTESIAN_POINT('',(1.70068359375,1.391967773438));
#6818 = ( GEOMETRIC_REPRESENTATION_CONTEXT(2) 
PARAMETRIC_REPRESENTATION_CONTEXT() REPRESENTATION_CONTEXT('2D SPACE',''
  ) );
#6819 = ORIENTED_EDGE('',*,*,#6820,.F.);
#6820 = EDGE_CURVE('',#1738,#6798,#6821,.T.);
#6821 = SURFACE_CURVE('',#6822,(#6826,#6833),.PCURVE_S1.);
#6822 = LINE('',#6823,#6824);
#6823 = CARTESIAN_POINT('',(0.449340820312,-5.094482421875,15.95));
#6824 = VECTOR('',#6825,1.);
#6825 = DIRECTION('',(0.,0.,1.));
#6826 = PCURVE('',#1767,#6827);
#6827 = DEFINITIONAL_REPRESENTATION('',(#6828),#6832);
#6828 = LINE('',#6829,#6830);
#6829 = CARTESIAN_POINT('',(1.,0.));
#6830 = VECTOR('',#6831,1.);
#6831 = DIRECTION('',(0.,-1.));
#6832 = ( GEOMETRIC_REPRESENTATION_CONTEXT(2) 
PARAMETRIC_REPRESENTATION_CONTEXT() REPRESENTATION_CONTEXT('2D SPACE',''
  ) );
#6833 = PCURVE('',#1818,#6834);
#6834 = DEFINITIONAL_REPRESENTATION('',(#6835),#6839);
#6835 = LINE('',#6836,#6837);
#6836 = CARTESIAN_POINT('',(0.,0.));
#6837 = VECTOR('',#6838,1.);
#6838 = DIRECTION('',(0.,-1.));
#6839 = ( GEOMETRIC_REPRESENTATION_CONTEXT(2) 
PARAMETRIC_REPRESENTATION_CONTEXT() REPRESENTATION_CONTEXT('2D SPACE',''
  ) );
#6840 = ADVANCED_FACE('',(#6841),#2689,.T.);
#6841 = FACE_BOUND('',#6842,.T.);
#6842 = EDGE_LOOP('',(#6843,#6844,#6867,#6888));
#6843 = ORIENTED_EDGE('',*,*,#2659,.T.);
#6844 = ORIENTED_EDGE('',*,*,#6845,.T.);
#6845 = EDGE_CURVE('',#2609,#6846,#6848,.T.);
#6846 = VERTEX_POINT('',#6847);
#6847 = CARTESIAN_POINT('',(0.888793945312,-5.015380859375,16.6));
#6848 = SURFACE_CURVE('',#6849,(#6853,#6860),.PCURVE_S1.);
#6849 = LINE('',#6850,#6851);
#6850 = CARTESIAN_POINT('',(0.888793945312,-5.015380859375,15.95));
#6851 = VECTOR('',#6852,1.);
#6852 = DIRECTION('',(0.,0.,1.));
#6853 = PCURVE('',#2689,#6854);
#6854 = DEFINITIONAL_REPRESENTATION('',(#6855),#6859);
#6855 = LINE('',#6856,#6857);
#6856 = CARTESIAN_POINT('',(0.,0.));
#6857 = VECTOR('',#6858,1.);
#6858 = DIRECTION('',(0.,-1.));
#6859 = ( GEOMETRIC_REPRESENTATION_CONTEXT(2) 
PARAMETRIC_REPRESENTATION_CONTEXT() REPRESENTATION_CONTEXT('2D SPACE',''
  ) );
#6860 = PCURVE('',#2638,#6861);
#6861 = DEFINITIONAL_REPRESENTATION('',(#6862),#6866);
#6862 = LINE('',#6863,#6864);
#6863 = CARTESIAN_POINT('',(1.,0.));
#6864 = VECTOR('',#6865,1.);
#6865 = DIRECTION('',(0.,-1.));
#6866 = ( GEOMETRIC_REPRESENTATION_CONTEXT(2) 
PARAMETRIC_REPRESENTATION_CONTEXT() REPRESENTATION_CONTEXT('2D SPACE',''
  ) );
#6867 = ORIENTED_EDGE('',*,*,#6868,.T.);
#6868 = EDGE_CURVE('',#6846,#6748,#6869,.T.);
#6869 = SURFACE_CURVE('',#6870,(#6874,#6881),.PCURVE_S1.);
#6870 = B_SPLINE_CURVE_WITH_KNOTS('',2,(#6871,#6872,#6873),
  .UNSPECIFIED.,.F.,.F.,(3,3),(0.,1.),.PIECEWISE_BEZIER_KNOTS.);
#6871 = CARTESIAN_POINT('',(0.888793945312,-5.015380859375,16.6));
#6872 = CARTESIAN_POINT('',(1.046997070312,-5.223022460938,16.6));
#6873 = CARTESIAN_POINT('',(1.046997070312,-5.535034179688,16.6));
#6874 = PCURVE('',#2689,#6875);
#6875 = DEFINITIONAL_REPRESENTATION('',(#6876),#6880);
#6876 = LINE('',#6877,#6878);
#6877 = CARTESIAN_POINT('',(0.,-0.65));
#6878 = VECTOR('',#6879,1.);
#6879 = DIRECTION('',(1.,0.));
#6880 = ( GEOMETRIC_REPRESENTATION_CONTEXT(2) 
PARAMETRIC_REPRESENTATION_CONTEXT() REPRESENTATION_CONTEXT('2D SPACE',''
  ) );
#6881 = PCURVE('',#6367,#6882);
#6882 = DEFINITIONAL_REPRESENTATION('',(#6883),#6887);
#6883 = B_SPLINE_CURVE_WITH_KNOTS('',2,(#6884,#6885,#6886),
  .UNSPECIFIED.,.F.,.F.,(3,3),(0.,1.),.PIECEWISE_BEZIER_KNOTS.);
#6884 = CARTESIAN_POINT('',(2.14013671875,1.471069335938));
#6885 = CARTESIAN_POINT('',(2.29833984375,1.263427734375));
#6886 = CARTESIAN_POINT('',(2.29833984375,0.951416015625));
#6887 = ( GEOMETRIC_REPRESENTATION_CONTEXT(2) 
PARAMETRIC_REPRESENTATION_CONTEXT() REPRESENTATION_CONTEXT('2D SPACE',''
  ) );
#6888 = ORIENTED_EDGE('',*,*,#6747,.F.);
#6889 = ADVANCED_FACE('',(#6890),#1818,.T.);
#6890 = FACE_BOUND('',#6891,.T.);
#6891 = EDGE_LOOP('',(#6892,#6893,#6894,#6917));
#6892 = ORIENTED_EDGE('',*,*,#1788,.T.);
#6893 = ORIENTED_EDGE('',*,*,#6820,.T.);
#6894 = ORIENTED_EDGE('',*,*,#6895,.T.);
#6895 = EDGE_CURVE('',#6798,#6896,#6898,.T.);
#6896 = VERTEX_POINT('',#6897);
#6897 = CARTESIAN_POINT('',(-3.2958984375E-03,-4.917602539062,16.6));
#6898 = SURFACE_CURVE('',#6899,(#6903,#6910),.PCURVE_S1.);
#6899 = B_SPLINE_CURVE_WITH_KNOTS('',2,(#6900,#6901,#6902),
  .UNSPECIFIED.,.F.,.F.,(3,3),(0.,1.),.PIECEWISE_BEZIER_KNOTS.);
#6900 = CARTESIAN_POINT('',(0.449340820312,-5.094482421875,16.6));
#6901 = CARTESIAN_POINT('',(0.271362304688,-4.917602539062,16.6));
#6902 = CARTESIAN_POINT('',(-3.2958984375E-03,-4.917602539062,16.6));
#6903 = PCURVE('',#1818,#6904);
#6904 = DEFINITIONAL_REPRESENTATION('',(#6905),#6909);
#6905 = LINE('',#6906,#6907);
#6906 = CARTESIAN_POINT('',(0.,-0.65));
#6907 = VECTOR('',#6908,1.);
#6908 = DIRECTION('',(1.,0.));
#6909 = ( GEOMETRIC_REPRESENTATION_CONTEXT(2) 
PARAMETRIC_REPRESENTATION_CONTEXT() REPRESENTATION_CONTEXT('2D SPACE',''
  ) );
#6910 = PCURVE('',#6367,#6911);
#6911 = DEFINITIONAL_REPRESENTATION('',(#6912),#6916);
#6912 = B_SPLINE_CURVE_WITH_KNOTS('',2,(#6913,#6914,#6915),
  .UNSPECIFIED.,.F.,.F.,(3,3),(0.,1.),.PIECEWISE_BEZIER_KNOTS.);
#6913 = CARTESIAN_POINT('',(1.70068359375,1.391967773438));
#6914 = CARTESIAN_POINT('',(1.522705078125,1.56884765625));
#6915 = CARTESIAN_POINT('',(1.248046875,1.56884765625));
#6916 = ( GEOMETRIC_REPRESENTATION_CONTEXT(2) 
PARAMETRIC_REPRESENTATION_CONTEXT() REPRESENTATION_CONTEXT('2D SPACE',''
  ) );
#6917 = ORIENTED_EDGE('',*,*,#6918,.F.);
#6918 = EDGE_CURVE('',#1789,#6896,#6919,.T.);
#6919 = SURFACE_CURVE('',#6920,(#6924,#6931),.PCURVE_S1.);
#6920 = LINE('',#6921,#6922);
#6921 = CARTESIAN_POINT('',(-3.2958984375E-03,-4.917602539062,15.95));
#6922 = VECTOR('',#6923,1.);
#6923 = DIRECTION('',(0.,0.,1.));
#6924 = PCURVE('',#1818,#6925);
#6925 = DEFINITIONAL_REPRESENTATION('',(#6926),#6930);
#6926 = LINE('',#6927,#6928);
#6927 = CARTESIAN_POINT('',(1.,0.));
#6928 = VECTOR('',#6929,1.);
#6929 = DIRECTION('',(0.,-1.));
#6930 = ( GEOMETRIC_REPRESENTATION_CONTEXT(2) 
PARAMETRIC_REPRESENTATION_CONTEXT() REPRESENTATION_CONTEXT('2D SPACE',''
  ) );
#6931 = PCURVE('',#1861,#6932);
#6932 = DEFINITIONAL_REPRESENTATION('',(#6933),#6937);
#6933 = LINE('',#6934,#6935);
#6934 = CARTESIAN_POINT('',(0.,0.));
#6935 = VECTOR('',#6936,1.);
#6936 = DIRECTION('',(0.,-1.));
#6937 = ( GEOMETRIC_REPRESENTATION_CONTEXT(2) 
PARAMETRIC_REPRESENTATION_CONTEXT() REPRESENTATION_CONTEXT('2D SPACE',''
  ) );
#6938 = ADVANCED_FACE('',(#6939),#2638,.T.);
#6939 = FACE_BOUND('',#6940,.T.);
#6940 = EDGE_LOOP('',(#6941,#6942,#6965,#6986));
#6941 = ORIENTED_EDGE('',*,*,#2608,.T.);
#6942 = ORIENTED_EDGE('',*,*,#6943,.T.);
#6943 = EDGE_CURVE('',#2570,#6944,#6946,.T.);
#6944 = VERTEX_POINT('',#6945);
#6945 = CARTESIAN_POINT('',(0.444946289062,-4.741821289062,16.6));
#6946 = SURFACE_CURVE('',#6947,(#6951,#6958),.PCURVE_S1.);
#6947 = LINE('',#6948,#6949);
#6948 = CARTESIAN_POINT('',(0.444946289062,-4.741821289062,15.95));
#6949 = VECTOR('',#6950,1.);
#6950 = DIRECTION('',(0.,0.,1.));
#6951 = PCURVE('',#2638,#6952);
#6952 = DEFINITIONAL_REPRESENTATION('',(#6953),#6957);
#6953 = LINE('',#6954,#6955);
#6954 = CARTESIAN_POINT('',(0.,0.));
#6955 = VECTOR('',#6956,1.);
#6956 = DIRECTION('',(0.,-1.));
#6957 = ( GEOMETRIC_REPRESENTATION_CONTEXT(2) 
PARAMETRIC_REPRESENTATION_CONTEXT() REPRESENTATION_CONTEXT('2D SPACE',''
  ) );
#6958 = PCURVE('',#2591,#6959);
#6959 = DEFINITIONAL_REPRESENTATION('',(#6960),#6964);
#6960 = LINE('',#6961,#6962);
#6961 = CARTESIAN_POINT('',(1.,0.));
#6962 = VECTOR('',#6963,1.);
#6963 = DIRECTION('',(0.,-1.));
#6964 = ( GEOMETRIC_REPRESENTATION_CONTEXT(2) 
PARAMETRIC_REPRESENTATION_CONTEXT() REPRESENTATION_CONTEXT('2D SPACE',''
  ) );
#6965 = ORIENTED_EDGE('',*,*,#6966,.T.);
#6966 = EDGE_CURVE('',#6944,#6846,#6967,.T.);
#6967 = SURFACE_CURVE('',#6968,(#6972,#6979),.PCURVE_S1.);
#6968 = B_SPLINE_CURVE_WITH_KNOTS('',2,(#6969,#6970,#6971),
  .UNSPECIFIED.,.F.,.F.,(3,3),(0.,1.),.PIECEWISE_BEZIER_KNOTS.);
#6969 = CARTESIAN_POINT('',(0.444946289062,-4.741821289062,16.6));
#6970 = CARTESIAN_POINT('',(0.730590820312,-4.807739257812,16.6));
#6971 = CARTESIAN_POINT('',(0.888793945312,-5.015380859375,16.6));
#6972 = PCURVE('',#2638,#6973);
#6973 = DEFINITIONAL_REPRESENTATION('',(#6974),#6978);
#6974 = LINE('',#6975,#6976);
#6975 = CARTESIAN_POINT('',(0.,-0.65));
#6976 = VECTOR('',#6977,1.);
#6977 = DIRECTION('',(1.,0.));
#6978 = ( GEOMETRIC_REPRESENTATION_CONTEXT(2) 
PARAMETRIC_REPRESENTATION_CONTEXT() REPRESENTATION_CONTEXT('2D SPACE',''
  ) );
#6979 = PCURVE('',#6367,#6980);
#6980 = DEFINITIONAL_REPRESENTATION('',(#6981),#6985);
#6981 = B_SPLINE_CURVE_WITH_KNOTS('',2,(#6982,#6983,#6984),
  .UNSPECIFIED.,.F.,.F.,(3,3),(0.,1.),.PIECEWISE_BEZIER_KNOTS.);
#6982 = CARTESIAN_POINT('',(1.6962890625,1.74462890625));
#6983 = CARTESIAN_POINT('',(1.98193359375,1.6787109375));
#6984 = CARTESIAN_POINT('',(2.14013671875,1.471069335938));
#6985 = ( GEOMETRIC_REPRESENTATION_CONTEXT(2) 
PARAMETRIC_REPRESENTATION_CONTEXT() REPRESENTATION_CONTEXT('2D SPACE',''
  ) );
#6986 = ORIENTED_EDGE('',*,*,#6845,.F.);
#6987 = ADVANCED_FACE('',(#6988),#1861,.T.);
#6988 = FACE_BOUND('',#6989,.T.);
#6989 = EDGE_LOOP('',(#6990,#6991,#6992,#7015));
#6990 = ORIENTED_EDGE('',*,*,#1839,.T.);
#6991 = ORIENTED_EDGE('',*,*,#6918,.T.);
#6992 = ORIENTED_EDGE('',*,*,#6993,.T.);
#6993 = EDGE_CURVE('',#6896,#6994,#6996,.T.);
#6994 = VERTEX_POINT('',#6995);
#6995 = CARTESIAN_POINT('',(-0.282348632812,-4.961547851562,16.6));
#6996 = SURFACE_CURVE('',#6997,(#7001,#7008),.PCURVE_S1.);
#6997 = B_SPLINE_CURVE_WITH_KNOTS('',2,(#6998,#6999,#7000),
  .UNSPECIFIED.,.F.,.F.,(3,3),(0.,1.),.PIECEWISE_BEZIER_KNOTS.);
#6998 = CARTESIAN_POINT('',(-3.2958984375E-03,-4.917602539062,16.6));
#6999 = CARTESIAN_POINT('',(-0.115356445312,-4.917602539062,16.6));
#7000 = CARTESIAN_POINT('',(-0.282348632812,-4.961547851562,16.6));
#7001 = PCURVE('',#1861,#7002);
#7002 = DEFINITIONAL_REPRESENTATION('',(#7003),#7007);
#7003 = LINE('',#7004,#7005);
#7004 = CARTESIAN_POINT('',(0.,-0.65));
#7005 = VECTOR('',#7006,1.);
#7006 = DIRECTION('',(1.,0.));
#7007 = ( GEOMETRIC_REPRESENTATION_CONTEXT(2) 
PARAMETRIC_REPRESENTATION_CONTEXT() REPRESENTATION_CONTEXT('2D SPACE',''
  ) );
#7008 = PCURVE('',#6367,#7009);
#7009 = DEFINITIONAL_REPRESENTATION('',(#7010),#7014);
#7010 = B_SPLINE_CURVE_WITH_KNOTS('',2,(#7011,#7012,#7013),
  .UNSPECIFIED.,.F.,.F.,(3,3),(0.,1.),.PIECEWISE_BEZIER_KNOTS.);
#7011 = CARTESIAN_POINT('',(1.248046875,1.56884765625));
#7012 = CARTESIAN_POINT('',(1.135986328125,1.56884765625));
#7013 = CARTESIAN_POINT('',(0.968994140625,1.52490234375));
#7014 = ( GEOMETRIC_REPRESENTATION_CONTEXT(2) 
PARAMETRIC_REPRESENTATION_CONTEXT() REPRESENTATION_CONTEXT('2D SPACE',''
  ) );
#7015 = ORIENTED_EDGE('',*,*,#7016,.F.);
#7016 = EDGE_CURVE('',#1840,#6994,#7017,.T.);
#7017 = SURFACE_CURVE('',#7018,(#7022,#7029),.PCURVE_S1.);
#7018 = LINE('',#7019,#7020);
#7019 = CARTESIAN_POINT('',(-0.282348632812,-4.961547851562,15.95));
#7020 = VECTOR('',#7021,1.);
#7021 = DIRECTION('',(0.,0.,1.));
#7022 = PCURVE('',#1861,#7023);
#7023 = DEFINITIONAL_REPRESENTATION('',(#7024),#7028);
#7024 = LINE('',#7025,#7026);
#7025 = CARTESIAN_POINT('',(1.,0.));
#7026 = VECTOR('',#7027,1.);
#7027 = DIRECTION('',(0.,-1.));
#7028 = ( GEOMETRIC_REPRESENTATION_CONTEXT(2) 
PARAMETRIC_REPRESENTATION_CONTEXT() REPRESENTATION_CONTEXT('2D SPACE',''
  ) );
#7029 = PCURVE('',#1893,#7030);
#7030 = DEFINITIONAL_REPRESENTATION('',(#7031),#7035);
#7031 = LINE('',#7032,#7033);
#7032 = CARTESIAN_POINT('',(0.,0.));
#7033 = VECTOR('',#7034,1.);
#7034 = DIRECTION('',(0.,-1.));
#7035 = ( GEOMETRIC_REPRESENTATION_CONTEXT(2) 
PARAMETRIC_REPRESENTATION_CONTEXT() REPRESENTATION_CONTEXT('2D SPACE',''
  ) );
#7036 = ADVANCED_FACE('',(#7037),#2591,.T.);
#7037 = FACE_BOUND('',#7038,.T.);
#7038 = EDGE_LOOP('',(#7039,#7040,#7063,#7084));
#7039 = ORIENTED_EDGE('',*,*,#2569,.T.);
#7040 = ORIENTED_EDGE('',*,*,#7041,.T.);
#7041 = EDGE_CURVE('',#2525,#7042,#7044,.T.);
#7042 = VERTEX_POINT('',#7043);
#7043 = CARTESIAN_POINT('',(0.776733398438,-4.469360351562,16.6));
#7044 = SURFACE_CURVE('',#7045,(#7049,#7056),.PCURVE_S1.);
#7045 = LINE('',#7046,#7047);
#7046 = CARTESIAN_POINT('',(0.776733398438,-4.469360351562,15.95));
#7047 = VECTOR('',#7048,1.);
#7048 = DIRECTION('',(0.,0.,1.));
#7049 = PCURVE('',#2591,#7050);
#7050 = DEFINITIONAL_REPRESENTATION('',(#7051),#7055);
#7051 = LINE('',#7052,#7053);
#7052 = CARTESIAN_POINT('',(0.,0.));
#7053 = VECTOR('',#7054,1.);
#7054 = DIRECTION('',(0.,-1.));
#7055 = ( GEOMETRIC_REPRESENTATION_CONTEXT(2) 
PARAMETRIC_REPRESENTATION_CONTEXT() REPRESENTATION_CONTEXT('2D SPACE',''
  ) );
#7056 = PCURVE('',#2550,#7057);
#7057 = DEFINITIONAL_REPRESENTATION('',(#7058),#7062);
#7058 = LINE('',#7059,#7060);
#7059 = CARTESIAN_POINT('',(1.,0.));
#7060 = VECTOR('',#7061,1.);
#7061 = DIRECTION('',(0.,-1.));
#7062 = ( GEOMETRIC_REPRESENTATION_CONTEXT(2) 
PARAMETRIC_REPRESENTATION_CONTEXT() REPRESENTATION_CONTEXT('2D SPACE',''
  ) );
#7063 = ORIENTED_EDGE('',*,*,#7064,.T.);
#7064 = EDGE_CURVE('',#7042,#6944,#7065,.T.);
#7065 = SURFACE_CURVE('',#7066,(#7070,#7077),.PCURVE_S1.);
#7066 = B_SPLINE_CURVE_WITH_KNOTS('',2,(#7067,#7068,#7069),
  .UNSPECIFIED.,.F.,.F.,(3,3),(0.,1.),.PIECEWISE_BEZIER_KNOTS.);
#7067 = CARTESIAN_POINT('',(0.776733398438,-4.469360351562,16.6));
#7068 = CARTESIAN_POINT('',(0.664672851562,-4.640747070312,16.6));
#7069 = CARTESIAN_POINT('',(0.444946289062,-4.741821289062,16.6));
#7070 = PCURVE('',#2591,#7071);
#7071 = DEFINITIONAL_REPRESENTATION('',(#7072),#7076);
#7072 = LINE('',#7073,#7074);
#7073 = CARTESIAN_POINT('',(0.,-0.65));
#7074 = VECTOR('',#7075,1.);
#7075 = DIRECTION('',(1.,0.));
#7076 = ( GEOMETRIC_REPRESENTATION_CONTEXT(2) 
PARAMETRIC_REPRESENTATION_CONTEXT() REPRESENTATION_CONTEXT('2D SPACE',''
  ) );
#7077 = PCURVE('',#6367,#7078);
#7078 = DEFINITIONAL_REPRESENTATION('',(#7079),#7083);
#7079 = B_SPLINE_CURVE_WITH_KNOTS('',2,(#7080,#7081,#7082),
  .UNSPECIFIED.,.F.,.F.,(3,3),(0.,1.),.PIECEWISE_BEZIER_KNOTS.);
#7080 = CARTESIAN_POINT('',(2.028076171875,2.01708984375));
#7081 = CARTESIAN_POINT('',(1.916015625,1.845703125));
#7082 = CARTESIAN_POINT('',(1.6962890625,1.74462890625));
#7083 = ( GEOMETRIC_REPRESENTATION_CONTEXT(2) 
PARAMETRIC_REPRESENTATION_CONTEXT() REPRESENTATION_CONTEXT('2D SPACE',''
  ) );
#7084 = ORIENTED_EDGE('',*,*,#6943,.F.);
#7085 = ADVANCED_FACE('',(#7086),#1893,.T.);
#7086 = FACE_BOUND('',#7087,.T.);
#7087 = EDGE_LOOP('',(#7088,#7089,#7090,#7113));
#7088 = ORIENTED_EDGE('',*,*,#1878,.T.);
#7089 = ORIENTED_EDGE('',*,*,#7016,.T.);
#7090 = ORIENTED_EDGE('',*,*,#7091,.T.);
#7091 = EDGE_CURVE('',#6994,#7092,#7094,.T.);
#7092 = VERTEX_POINT('',#7093);
#7093 = CARTESIAN_POINT('',(-0.238403320312,-4.614379882812,16.6));
#7094 = SURFACE_CURVE('',#7095,(#7099,#7106),.PCURVE_S1.);
#7095 = LINE('',#7096,#7097);
#7096 = CARTESIAN_POINT('',(-0.282348632812,-4.961547851562,16.6));
#7097 = VECTOR('',#7098,1.);
#7098 = DIRECTION('',(0.125580186416,0.992083472687,0.));
#7099 = PCURVE('',#1893,#7100);
#7100 = DEFINITIONAL_REPRESENTATION('',(#7101),#7105);
#7101 = LINE('',#7102,#7103);
#7102 = CARTESIAN_POINT('',(0.,-0.65));
#7103 = VECTOR('',#7104,1.);
#7104 = DIRECTION('',(1.,0.));
#7105 = ( GEOMETRIC_REPRESENTATION_CONTEXT(2) 
PARAMETRIC_REPRESENTATION_CONTEXT() REPRESENTATION_CONTEXT('2D SPACE',''
  ) );
#7106 = PCURVE('',#6367,#7107);
#7107 = DEFINITIONAL_REPRESENTATION('',(#7108),#7112);
#7108 = LINE('',#7109,#7110);
#7109 = CARTESIAN_POINT('',(0.968994140625,1.52490234375));
#7110 = VECTOR('',#7111,1.);
#7111 = DIRECTION('',(0.125580186416,0.992083472687));
#7112 = ( GEOMETRIC_REPRESENTATION_CONTEXT(2) 
PARAMETRIC_REPRESENTATION_CONTEXT() REPRESENTATION_CONTEXT('2D SPACE',''
  ) );
#7113 = ORIENTED_EDGE('',*,*,#7114,.F.);
#7114 = EDGE_CURVE('',#1879,#7092,#7115,.T.);
#7115 = SURFACE_CURVE('',#7116,(#7120,#7127),.PCURVE_S1.);
#7116 = LINE('',#7117,#7118);
#7117 = CARTESIAN_POINT('',(-0.238403320312,-4.614379882812,15.95));
#7118 = VECTOR('',#7119,1.);
#7119 = DIRECTION('',(0.,0.,1.));
#7120 = PCURVE('',#1893,#7121);
#7121 = DEFINITIONAL_REPRESENTATION('',(#7122),#7126);
#7122 = LINE('',#7123,#7124);
#7123 = CARTESIAN_POINT('',(0.349938264579,0.));
#7124 = VECTOR('',#7125,1.);
#7125 = DIRECTION('',(0.,-1.));
#7126 = ( GEOMETRIC_REPRESENTATION_CONTEXT(2) 
PARAMETRIC_REPRESENTATION_CONTEXT() REPRESENTATION_CONTEXT('2D SPACE',''
  ) );
#7127 = PCURVE('',#1924,#7128);
#7128 = DEFINITIONAL_REPRESENTATION('',(#7129),#7133);
#7129 = LINE('',#7130,#7131);
#7130 = CARTESIAN_POINT('',(0.,0.));
#7131 = VECTOR('',#7132,1.);
#7132 = DIRECTION('',(0.,-1.));
#7133 = ( GEOMETRIC_REPRESENTATION_CONTEXT(2) 
PARAMETRIC_REPRESENTATION_CONTEXT() REPRESENTATION_CONTEXT('2D SPACE',''
  ) );
#7134 = ADVANCED_FACE('',(#7135),#2550,.T.);
#7135 = FACE_BOUND('',#7136,.T.);
#7136 = EDGE_LOOP('',(#7137,#7138,#7161,#7182));
#7137 = ORIENTED_EDGE('',*,*,#2524,.T.);
#7138 = ORIENTED_EDGE('',*,*,#7139,.T.);
#7139 = EDGE_CURVE('',#2474,#7140,#7142,.T.);
#7140 = VERTEX_POINT('',#7141);
#7141 = CARTESIAN_POINT('',(0.888793945312,-4.089233398438,16.6));
#7142 = SURFACE_CURVE('',#7143,(#7147,#7154),.PCURVE_S1.);
#7143 = LINE('',#7144,#7145);
#7144 = CARTESIAN_POINT('',(0.888793945312,-4.089233398438,15.95));
#7145 = VECTOR('',#7146,1.);
#7146 = DIRECTION('',(0.,0.,1.));
#7147 = PCURVE('',#2550,#7148);
#7148 = DEFINITIONAL_REPRESENTATION('',(#7149),#7153);
#7149 = LINE('',#7150,#7151);
#7150 = CARTESIAN_POINT('',(0.,0.));
#7151 = VECTOR('',#7152,1.);
#7152 = DIRECTION('',(0.,-1.));
#7153 = ( GEOMETRIC_REPRESENTATION_CONTEXT(2) 
PARAMETRIC_REPRESENTATION_CONTEXT() REPRESENTATION_CONTEXT('2D SPACE',''
  ) );
#7154 = PCURVE('',#2503,#7155);
#7155 = DEFINITIONAL_REPRESENTATION('',(#7156),#7160);
#7156 = LINE('',#7157,#7158);
#7157 = CARTESIAN_POINT('',(1.,0.));
#7158 = VECTOR('',#7159,1.);
#7159 = DIRECTION('',(0.,-1.));
#7160 = ( GEOMETRIC_REPRESENTATION_CONTEXT(2) 
PARAMETRIC_REPRESENTATION_CONTEXT() REPRESENTATION_CONTEXT('2D SPACE',''
  ) );
#7161 = ORIENTED_EDGE('',*,*,#7162,.T.);
#7162 = EDGE_CURVE('',#7140,#7042,#7163,.T.);
#7163 = SURFACE_CURVE('',#7164,(#7168,#7175),.PCURVE_S1.);
#7164 = B_SPLINE_CURVE_WITH_KNOTS('',2,(#7165,#7166,#7167),
  .UNSPECIFIED.,.F.,.F.,(3,3),(0.,1.),.PIECEWISE_BEZIER_KNOTS.);
#7165 = CARTESIAN_POINT('',(0.888793945312,-4.089233398438,16.6));
#7166 = CARTESIAN_POINT('',(0.888793945312,-4.297973632812,16.6));
#7167 = CARTESIAN_POINT('',(0.776733398438,-4.469360351562,16.6));
#7168 = PCURVE('',#2550,#7169);
#7169 = DEFINITIONAL_REPRESENTATION('',(#7170),#7174);
#7170 = LINE('',#7171,#7172);
#7171 = CARTESIAN_POINT('',(0.,-0.65));
#7172 = VECTOR('',#7173,1.);
#7173 = DIRECTION('',(1.,0.));
#7174 = ( GEOMETRIC_REPRESENTATION_CONTEXT(2) 
PARAMETRIC_REPRESENTATION_CONTEXT() REPRESENTATION_CONTEXT('2D SPACE',''
  ) );
#7175 = PCURVE('',#6367,#7176);
#7176 = DEFINITIONAL_REPRESENTATION('',(#7177),#7181);
#7177 = B_SPLINE_CURVE_WITH_KNOTS('',2,(#7178,#7179,#7180),
  .UNSPECIFIED.,.F.,.F.,(3,3),(0.,1.),.PIECEWISE_BEZIER_KNOTS.);
#7178 = CARTESIAN_POINT('',(2.14013671875,2.397216796875));
#7179 = CARTESIAN_POINT('',(2.14013671875,2.1884765625));
#7180 = CARTESIAN_POINT('',(2.028076171875,2.01708984375));
#7181 = ( GEOMETRIC_REPRESENTATION_CONTEXT(2) 
PARAMETRIC_REPRESENTATION_CONTEXT() REPRESENTATION_CONTEXT('2D SPACE',''
  ) );
#7182 = ORIENTED_EDGE('',*,*,#7041,.F.);
#7183 = ADVANCED_FACE('',(#7184),#1924,.T.);
#7184 = FACE_BOUND('',#7185,.T.);
#7185 = EDGE_LOOP('',(#7186,#7187,#7188,#7211));
#7186 = ORIENTED_EDGE('',*,*,#1904,.T.);
#7187 = ORIENTED_EDGE('',*,*,#7114,.T.);
#7188 = ORIENTED_EDGE('',*,*,#7189,.T.);
#7189 = EDGE_CURVE('',#7092,#7190,#7192,.T.);
#7190 = VERTEX_POINT('',#7191);
#7191 = CARTESIAN_POINT('',(-0.174682617188,-4.618774414062,16.6));
#7192 = SURFACE_CURVE('',#7193,(#7197,#7204),.PCURVE_S1.);
#7193 = B_SPLINE_CURVE_WITH_KNOTS('',2,(#7194,#7195,#7196),
  .UNSPECIFIED.,.F.,.F.,(3,3),(0.,1.),.PIECEWISE_BEZIER_KNOTS.);
#7194 = CARTESIAN_POINT('',(-0.238403320312,-4.614379882812,16.6));
#7195 = CARTESIAN_POINT('',(-0.198852539062,-4.618774414062,16.6));
#7196 = CARTESIAN_POINT('',(-0.174682617188,-4.618774414062,16.6));
#7197 = PCURVE('',#1924,#7198);
#7198 = DEFINITIONAL_REPRESENTATION('',(#7199),#7203);
#7199 = LINE('',#7200,#7201);
#7200 = CARTESIAN_POINT('',(0.,-0.65));
#7201 = VECTOR('',#7202,1.);
#7202 = DIRECTION('',(1.,0.));
#7203 = ( GEOMETRIC_REPRESENTATION_CONTEXT(2) 
PARAMETRIC_REPRESENTATION_CONTEXT() REPRESENTATION_CONTEXT('2D SPACE',''
  ) );
#7204 = PCURVE('',#6367,#7205);
#7205 = DEFINITIONAL_REPRESENTATION('',(#7206),#7210);
#7206 = B_SPLINE_CURVE_WITH_KNOTS('',2,(#7207,#7208,#7209),
  .UNSPECIFIED.,.F.,.F.,(3,3),(0.,1.),.PIECEWISE_BEZIER_KNOTS.);
#7207 = CARTESIAN_POINT('',(1.012939453125,1.8720703125));
#7208 = CARTESIAN_POINT('',(1.052490234375,1.86767578125));
#7209 = CARTESIAN_POINT('',(1.07666015625,1.86767578125));
#7210 = ( GEOMETRIC_REPRESENTATION_CONTEXT(2) 
PARAMETRIC_REPRESENTATION_CONTEXT() REPRESENTATION_CONTEXT('2D SPACE',''
  ) );
#7211 = ORIENTED_EDGE('',*,*,#7212,.F.);
#7212 = EDGE_CURVE('',#1905,#7190,#7213,.T.);
#7213 = SURFACE_CURVE('',#7214,(#7218,#7225),.PCURVE_S1.);
#7214 = LINE('',#7215,#7216);
#7215 = CARTESIAN_POINT('',(-0.174682617188,-4.618774414062,15.95));
#7216 = VECTOR('',#7217,1.);
#7217 = DIRECTION('',(0.,0.,1.));
#7218 = PCURVE('',#1924,#7219);
#7219 = DEFINITIONAL_REPRESENTATION('',(#7220),#7224);
#7220 = LINE('',#7221,#7222);
#7221 = CARTESIAN_POINT('',(1.,0.));
#7222 = VECTOR('',#7223,1.);
#7223 = DIRECTION('',(0.,-1.));
#7224 = ( GEOMETRIC_REPRESENTATION_CONTEXT(2) 
PARAMETRIC_REPRESENTATION_CONTEXT() REPRESENTATION_CONTEXT('2D SPACE',''
  ) );
#7225 = PCURVE('',#1970,#7226);
#7226 = DEFINITIONAL_REPRESENTATION('',(#7227),#7231);
#7227 = LINE('',#7228,#7229);
#7228 = CARTESIAN_POINT('',(0.,0.));
#7229 = VECTOR('',#7230,1.);
#7230 = DIRECTION('',(0.,-1.));
#7231 = ( GEOMETRIC_REPRESENTATION_CONTEXT(2) 
PARAMETRIC_REPRESENTATION_CONTEXT() REPRESENTATION_CONTEXT('2D SPACE',''
  ) );
#7232 = ADVANCED_FACE('',(#7233),#2503,.T.);
#7233 = FACE_BOUND('',#7234,.T.);
#7234 = EDGE_LOOP('',(#7235,#7236,#7259,#7280));
#7235 = ORIENTED_EDGE('',*,*,#2473,.T.);
#7236 = ORIENTED_EDGE('',*,*,#7237,.T.);
#7237 = EDGE_CURVE('',#2423,#7238,#7240,.T.);
#7238 = VERTEX_POINT('',#7239);
#7239 = CARTESIAN_POINT('',(0.771240234375,-3.673950195312,16.6));
#7240 = SURFACE_CURVE('',#7241,(#7245,#7252),.PCURVE_S1.);
#7241 = LINE('',#7242,#7243);
#7242 = CARTESIAN_POINT('',(0.771240234375,-3.673950195312,15.95));
#7243 = VECTOR('',#7244,1.);
#7244 = DIRECTION('',(0.,0.,1.));
#7245 = PCURVE('',#2503,#7246);
#7246 = DEFINITIONAL_REPRESENTATION('',(#7247),#7251);
#7247 = LINE('',#7248,#7249);
#7248 = CARTESIAN_POINT('',(0.,0.));
#7249 = VECTOR('',#7250,1.);
#7250 = DIRECTION('',(0.,-1.));
#7251 = ( GEOMETRIC_REPRESENTATION_CONTEXT(2) 
PARAMETRIC_REPRESENTATION_CONTEXT() REPRESENTATION_CONTEXT('2D SPACE',''
  ) );
#7252 = PCURVE('',#2452,#7253);
#7253 = DEFINITIONAL_REPRESENTATION('',(#7254),#7258);
#7254 = LINE('',#7255,#7256);
#7255 = CARTESIAN_POINT('',(1.,0.));
#7256 = VECTOR('',#7257,1.);
#7257 = DIRECTION('',(0.,-1.));
#7258 = ( GEOMETRIC_REPRESENTATION_CONTEXT(2) 
PARAMETRIC_REPRESENTATION_CONTEXT() REPRESENTATION_CONTEXT('2D SPACE',''
  ) );
#7259 = ORIENTED_EDGE('',*,*,#7260,.T.);
#7260 = EDGE_CURVE('',#7238,#7140,#7261,.T.);
#7261 = SURFACE_CURVE('',#7262,(#7266,#7273),.PCURVE_S1.);
#7262 = B_SPLINE_CURVE_WITH_KNOTS('',2,(#7263,#7264,#7265),
  .UNSPECIFIED.,.F.,.F.,(3,3),(0.,1.),.PIECEWISE_BEZIER_KNOTS.);
#7263 = CARTESIAN_POINT('',(0.771240234375,-3.673950195312,16.6));
#7264 = CARTESIAN_POINT('',(0.888793945312,-3.869506835938,16.6));
#7265 = CARTESIAN_POINT('',(0.888793945312,-4.089233398438,16.6));
#7266 = PCURVE('',#2503,#7267);
#7267 = DEFINITIONAL_REPRESENTATION('',(#7268),#7272);
#7268 = LINE('',#7269,#7270);
#7269 = CARTESIAN_POINT('',(0.,-0.65));
#7270 = VECTOR('',#7271,1.);
#7271 = DIRECTION('',(1.,0.));
#7272 = ( GEOMETRIC_REPRESENTATION_CONTEXT(2) 
PARAMETRIC_REPRESENTATION_CONTEXT() REPRESENTATION_CONTEXT('2D SPACE',''
  ) );
#7273 = PCURVE('',#6367,#7274);
#7274 = DEFINITIONAL_REPRESENTATION('',(#7275),#7279);
#7275 = B_SPLINE_CURVE_WITH_KNOTS('',2,(#7276,#7277,#7278),
  .UNSPECIFIED.,.F.,.F.,(3,3),(0.,1.),.PIECEWISE_BEZIER_KNOTS.);
#7276 = CARTESIAN_POINT('',(2.022583007812,2.8125));
#7277 = CARTESIAN_POINT('',(2.14013671875,2.616943359375));
#7278 = CARTESIAN_POINT('',(2.14013671875,2.397216796875));
#7279 = ( GEOMETRIC_REPRESENTATION_CONTEXT(2) 
PARAMETRIC_REPRESENTATION_CONTEXT() REPRESENTATION_CONTEXT('2D SPACE',''
  ) );
#7280 = ORIENTED_EDGE('',*,*,#7139,.F.);
#7281 = ADVANCED_FACE('',(#7282),#1970,.T.);
#7282 = FACE_BOUND('',#7283,.T.);
#7283 = EDGE_LOOP('',(#7284,#7285,#7286,#7309));
#7284 = ORIENTED_EDGE('',*,*,#1940,.T.);
#7285 = ORIENTED_EDGE('',*,*,#7212,.T.);
#7286 = ORIENTED_EDGE('',*,*,#7287,.T.);
#7287 = EDGE_CURVE('',#7190,#7288,#7290,.T.);
#7288 = VERTEX_POINT('',#7289);
#7289 = CARTESIAN_POINT('',(0.280151367188,-4.486938476562,16.6));
#7290 = SURFACE_CURVE('',#7291,(#7295,#7302),.PCURVE_S1.);
#7291 = B_SPLINE_CURVE_WITH_KNOTS('',2,(#7292,#7293,#7294),
  .UNSPECIFIED.,.F.,.F.,(3,3),(0.,1.),.PIECEWISE_BEZIER_KNOTS.);
#7292 = CARTESIAN_POINT('',(-0.174682617188,-4.618774414062,16.6));
#7293 = CARTESIAN_POINT('',(7.80029296875E-02,-4.618774414062,16.6));
#7294 = CARTESIAN_POINT('',(0.280151367188,-4.486938476562,16.6));
#7295 = PCURVE('',#1970,#7296);
#7296 = DEFINITIONAL_REPRESENTATION('',(#7297),#7301);
#7297 = LINE('',#7298,#7299);
#7298 = CARTESIAN_POINT('',(0.,-0.65));
#7299 = VECTOR('',#7300,1.);
#7300 = DIRECTION('',(1.,0.));
#7301 = ( GEOMETRIC_REPRESENTATION_CONTEXT(2) 
PARAMETRIC_REPRESENTATION_CONTEXT() REPRESENTATION_CONTEXT('2D SPACE',''
  ) );
#7302 = PCURVE('',#6367,#7303);
#7303 = DEFINITIONAL_REPRESENTATION('',(#7304),#7308);
#7304 = B_SPLINE_CURVE_WITH_KNOTS('',2,(#7305,#7306,#7307),
  .UNSPECIFIED.,.F.,.F.,(3,3),(0.,1.),.PIECEWISE_BEZIER_KNOTS.);
#7305 = CARTESIAN_POINT('',(1.07666015625,1.86767578125));
#7306 = CARTESIAN_POINT('',(1.329345703125,1.86767578125));
#7307 = CARTESIAN_POINT('',(1.531494140625,1.99951171875));
#7308 = ( GEOMETRIC_REPRESENTATION_CONTEXT(2) 
PARAMETRIC_REPRESENTATION_CONTEXT() REPRESENTATION_CONTEXT('2D SPACE',''
  ) );
#7309 = ORIENTED_EDGE('',*,*,#7310,.F.);
#7310 = EDGE_CURVE('',#1941,#7288,#7311,.T.);
#7311 = SURFACE_CURVE('',#7312,(#7316,#7323),.PCURVE_S1.);
#7312 = LINE('',#7313,#7314);
#7313 = CARTESIAN_POINT('',(0.280151367188,-4.486938476562,15.95));
#7314 = VECTOR('',#7315,1.);
#7315 = DIRECTION('',(0.,0.,1.));
#7316 = PCURVE('',#1970,#7317);
#7317 = DEFINITIONAL_REPRESENTATION('',(#7318),#7322);
#7318 = LINE('',#7319,#7320);
#7319 = CARTESIAN_POINT('',(1.,0.));
#7320 = VECTOR('',#7321,1.);
#7321 = DIRECTION('',(0.,-1.));
#7322 = ( GEOMETRIC_REPRESENTATION_CONTEXT(2) 
PARAMETRIC_REPRESENTATION_CONTEXT() REPRESENTATION_CONTEXT('2D SPACE',''
  ) );
#7323 = PCURVE('',#2021,#7324);
#7324 = DEFINITIONAL_REPRESENTATION('',(#7325),#7329);
#7325 = LINE('',#7326,#7327);
#7326 = CARTESIAN_POINT('',(0.,0.));
#7327 = VECTOR('',#7328,1.);
#7328 = DIRECTION('',(0.,-1.));
#7329 = ( GEOMETRIC_REPRESENTATION_CONTEXT(2) 
PARAMETRIC_REPRESENTATION_CONTEXT() REPRESENTATION_CONTEXT('2D SPACE',''
  ) );
#7330 = ADVANCED_FACE('',(#7331),#2452,.T.);
#7331 = FACE_BOUND('',#7332,.T.);
#7332 = EDGE_LOOP('',(#7333,#7334,#7357,#7378));
#7333 = ORIENTED_EDGE('',*,*,#2422,.T.);
#7334 = ORIENTED_EDGE('',*,*,#7335,.T.);
#7335 = EDGE_CURVE('',#2372,#7336,#7338,.T.);
#7336 = VERTEX_POINT('',#7337);
#7337 = CARTESIAN_POINT('',(0.431762695312,-3.365234375,16.6));
#7338 = SURFACE_CURVE('',#7339,(#7343,#7350),.PCURVE_S1.);
#7339 = LINE('',#7340,#7341);
#7340 = CARTESIAN_POINT('',(0.431762695312,-3.365234375,15.95));
#7341 = VECTOR('',#7342,1.);
#7342 = DIRECTION('',(0.,0.,1.));
#7343 = PCURVE('',#2452,#7344);
#7344 = DEFINITIONAL_REPRESENTATION('',(#7345),#7349);
#7345 = LINE('',#7346,#7347);
#7346 = CARTESIAN_POINT('',(0.,0.));
#7347 = VECTOR('',#7348,1.);
#7348 = DIRECTION('',(0.,-1.));
#7349 = ( GEOMETRIC_REPRESENTATION_CONTEXT(2) 
PARAMETRIC_REPRESENTATION_CONTEXT() REPRESENTATION_CONTEXT('2D SPACE',''
  ) );
#7350 = PCURVE('',#2401,#7351);
#7351 = DEFINITIONAL_REPRESENTATION('',(#7352),#7356);
#7352 = LINE('',#7353,#7354);
#7353 = CARTESIAN_POINT('',(1.,0.));
#7354 = VECTOR('',#7355,1.);
#7355 = DIRECTION('',(0.,-1.));
#7356 = ( GEOMETRIC_REPRESENTATION_CONTEXT(2) 
PARAMETRIC_REPRESENTATION_CONTEXT() REPRESENTATION_CONTEXT('2D SPACE',''
  ) );
#7357 = ORIENTED_EDGE('',*,*,#7358,.T.);
#7358 = EDGE_CURVE('',#7336,#7238,#7359,.T.);
#7359 = SURFACE_CURVE('',#7360,(#7364,#7371),.PCURVE_S1.);
#7360 = B_SPLINE_CURVE_WITH_KNOTS('',2,(#7361,#7362,#7363),
  .UNSPECIFIED.,.F.,.F.,(3,3),(0.,1.),.PIECEWISE_BEZIER_KNOTS.);
#7361 = CARTESIAN_POINT('',(0.431762695312,-3.365234375,16.6));
#7362 = CARTESIAN_POINT('',(0.653686523438,-3.478393554688,16.6));
#7363 = CARTESIAN_POINT('',(0.771240234375,-3.673950195312,16.6));
#7364 = PCURVE('',#2452,#7365);
#7365 = DEFINITIONAL_REPRESENTATION('',(#7366),#7370);
#7366 = LINE('',#7367,#7368);
#7367 = CARTESIAN_POINT('',(0.,-0.65));
#7368 = VECTOR('',#7369,1.);
#7369 = DIRECTION('',(1.,0.));
#7370 = ( GEOMETRIC_REPRESENTATION_CONTEXT(2) 
PARAMETRIC_REPRESENTATION_CONTEXT() REPRESENTATION_CONTEXT('2D SPACE',''
  ) );
#7371 = PCURVE('',#6367,#7372);
#7372 = DEFINITIONAL_REPRESENTATION('',(#7373),#7377);
#7373 = B_SPLINE_CURVE_WITH_KNOTS('',2,(#7374,#7375,#7376),
  .UNSPECIFIED.,.F.,.F.,(3,3),(0.,1.),.PIECEWISE_BEZIER_KNOTS.);
#7374 = CARTESIAN_POINT('',(1.68310546875,3.121215820312));
#7375 = CARTESIAN_POINT('',(1.905029296875,3.008056640625));
#7376 = CARTESIAN_POINT('',(2.022583007812,2.8125));
#7377 = ( GEOMETRIC_REPRESENTATION_CONTEXT(2) 
PARAMETRIC_REPRESENTATION_CONTEXT() REPRESENTATION_CONTEXT('2D SPACE',''
  ) );
#7378 = ORIENTED_EDGE('',*,*,#7237,.F.);
#7379 = ADVANCED_FACE('',(#7380),#2021,.T.);
#7380 = FACE_BOUND('',#7381,.T.);
#7381 = EDGE_LOOP('',(#7382,#7383,#7384,#7407));
#7382 = ORIENTED_EDGE('',*,*,#1991,.T.);
#7383 = ORIENTED_EDGE('',*,*,#7310,.T.);
#7384 = ORIENTED_EDGE('',*,*,#7385,.T.);
#7385 = EDGE_CURVE('',#7288,#7386,#7388,.T.);
#7386 = VERTEX_POINT('',#7387);
#7387 = CARTESIAN_POINT('',(0.482299804688,-4.080444335938,16.6));
#7388 = SURFACE_CURVE('',#7389,(#7393,#7400),.PCURVE_S1.);
#7389 = B_SPLINE_CURVE_WITH_KNOTS('',2,(#7390,#7391,#7392),
  .UNSPECIFIED.,.F.,.F.,(3,3),(0.,1.),.PIECEWISE_BEZIER_KNOTS.);
#7390 = CARTESIAN_POINT('',(0.280151367188,-4.486938476562,16.6));
#7391 = CARTESIAN_POINT('',(0.482299804688,-4.355102539062,16.6));
#7392 = CARTESIAN_POINT('',(0.482299804688,-4.080444335938,16.6));
#7393 = PCURVE('',#2021,#7394);
#7394 = DEFINITIONAL_REPRESENTATION('',(#7395),#7399);
#7395 = LINE('',#7396,#7397);
#7396 = CARTESIAN_POINT('',(0.,-0.65));
#7397 = VECTOR('',#7398,1.);
#7398 = DIRECTION('',(1.,0.));
#7399 = ( GEOMETRIC_REPRESENTATION_CONTEXT(2) 
PARAMETRIC_REPRESENTATION_CONTEXT() REPRESENTATION_CONTEXT('2D SPACE',''
  ) );
#7400 = PCURVE('',#6367,#7401);
#7401 = DEFINITIONAL_REPRESENTATION('',(#7402),#7406);
#7402 = B_SPLINE_CURVE_WITH_KNOTS('',2,(#7403,#7404,#7405),
  .UNSPECIFIED.,.F.,.F.,(3,3),(0.,1.),.PIECEWISE_BEZIER_KNOTS.);
#7403 = CARTESIAN_POINT('',(1.531494140625,1.99951171875));
#7404 = CARTESIAN_POINT('',(1.733642578125,2.13134765625));
#7405 = CARTESIAN_POINT('',(1.733642578125,2.406005859375));
#7406 = ( GEOMETRIC_REPRESENTATION_CONTEXT(2) 
PARAMETRIC_REPRESENTATION_CONTEXT() REPRESENTATION_CONTEXT('2D SPACE',''
  ) );
#7407 = ORIENTED_EDGE('',*,*,#7408,.F.);
#7408 = EDGE_CURVE('',#1992,#7386,#7409,.T.);
#7409 = SURFACE_CURVE('',#7410,(#7414,#7421),.PCURVE_S1.);
#7410 = LINE('',#7411,#7412);
#7411 = CARTESIAN_POINT('',(0.482299804688,-4.080444335938,15.95));
#7412 = VECTOR('',#7413,1.);
#7413 = DIRECTION('',(0.,0.,1.));
#7414 = PCURVE('',#2021,#7415);
#7415 = DEFINITIONAL_REPRESENTATION('',(#7416),#7420);
#7416 = LINE('',#7417,#7418);
#7417 = CARTESIAN_POINT('',(1.,0.));
#7418 = VECTOR('',#7419,1.);
#7419 = DIRECTION('',(0.,-1.));
#7420 = ( GEOMETRIC_REPRESENTATION_CONTEXT(2) 
PARAMETRIC_REPRESENTATION_CONTEXT() REPRESENTATION_CONTEXT('2D SPACE',''
  ) );
#7421 = PCURVE('',#2072,#7422);
#7422 = DEFINITIONAL_REPRESENTATION('',(#7423),#7427);
#7423 = LINE('',#7424,#7425);
#7424 = CARTESIAN_POINT('',(0.,0.));
#7425 = VECTOR('',#7426,1.);
#7426 = DIRECTION('',(0.,-1.));
#7427 = ( GEOMETRIC_REPRESENTATION_CONTEXT(2) 
PARAMETRIC_REPRESENTATION_CONTEXT() REPRESENTATION_CONTEXT('2D SPACE',''
  ) );
#7428 = ADVANCED_FACE('',(#7429),#2401,.T.);
#7429 = FACE_BOUND('',#7430,.T.);
#7430 = EDGE_LOOP('',(#7431,#7432,#7455,#7476));
#7431 = ORIENTED_EDGE('',*,*,#2371,.T.);
#7432 = ORIENTED_EDGE('',*,*,#7433,.T.);
#7433 = EDGE_CURVE('',#2321,#7434,#7436,.T.);
#7434 = VERTEX_POINT('',#7435);
#7435 = CARTESIAN_POINT('',(-5.38330078125E-02,-3.252075195312,16.6));
#7436 = SURFACE_CURVE('',#7437,(#7441,#7448),.PCURVE_S1.);
#7437 = LINE('',#7438,#7439);
#7438 = CARTESIAN_POINT('',(-5.38330078125E-02,-3.252075195312,15.95));
#7439 = VECTOR('',#7440,1.);
#7440 = DIRECTION('',(0.,0.,1.));
#7441 = PCURVE('',#2401,#7442);
#7442 = DEFINITIONAL_REPRESENTATION('',(#7443),#7447);
#7443 = LINE('',#7444,#7445);
#7444 = CARTESIAN_POINT('',(0.,0.));
#7445 = VECTOR('',#7446,1.);
#7446 = DIRECTION('',(0.,-1.));
#7447 = ( GEOMETRIC_REPRESENTATION_CONTEXT(2) 
PARAMETRIC_REPRESENTATION_CONTEXT() REPRESENTATION_CONTEXT('2D SPACE',''
  ) );
#7448 = PCURVE('',#2350,#7449);
#7449 = DEFINITIONAL_REPRESENTATION('',(#7450),#7454);
#7450 = LINE('',#7451,#7452);
#7451 = CARTESIAN_POINT('',(1.,0.));
#7452 = VECTOR('',#7453,1.);
#7453 = DIRECTION('',(0.,-1.));
#7454 = ( GEOMETRIC_REPRESENTATION_CONTEXT(2) 
PARAMETRIC_REPRESENTATION_CONTEXT() REPRESENTATION_CONTEXT('2D SPACE',''
  ) );
#7455 = ORIENTED_EDGE('',*,*,#7456,.T.);
#7456 = EDGE_CURVE('',#7434,#7336,#7457,.T.);
#7457 = SURFACE_CURVE('',#7458,(#7462,#7469),.PCURVE_S1.);
#7458 = B_SPLINE_CURVE_WITH_KNOTS('',2,(#7459,#7460,#7461),
  .UNSPECIFIED.,.F.,.F.,(3,3),(0.,1.),.PIECEWISE_BEZIER_KNOTS.);
#7459 = CARTESIAN_POINT('',(-5.38330078125E-02,-3.252075195312,16.6));
#7460 = CARTESIAN_POINT('',(0.209838867188,-3.252075195312,16.6));
#7461 = CARTESIAN_POINT('',(0.431762695312,-3.365234375,16.6));
#7462 = PCURVE('',#2401,#7463);
#7463 = DEFINITIONAL_REPRESENTATION('',(#7464),#7468);
#7464 = LINE('',#7465,#7466);
#7465 = CARTESIAN_POINT('',(0.,-0.65));
#7466 = VECTOR('',#7467,1.);
#7467 = DIRECTION('',(1.,0.));
#7468 = ( GEOMETRIC_REPRESENTATION_CONTEXT(2) 
PARAMETRIC_REPRESENTATION_CONTEXT() REPRESENTATION_CONTEXT('2D SPACE',''
  ) );
#7469 = PCURVE('',#6367,#7470);
#7470 = DEFINITIONAL_REPRESENTATION('',(#7471),#7475);
#7471 = B_SPLINE_CURVE_WITH_KNOTS('',2,(#7472,#7473,#7474),
  .UNSPECIFIED.,.F.,.F.,(3,3),(0.,1.),.PIECEWISE_BEZIER_KNOTS.);
#7472 = CARTESIAN_POINT('',(1.197509765625,3.234375));
#7473 = CARTESIAN_POINT('',(1.461181640625,3.234375));
#7474 = CARTESIAN_POINT('',(1.68310546875,3.121215820312));
#7475 = ( GEOMETRIC_REPRESENTATION_CONTEXT(2) 
PARAMETRIC_REPRESENTATION_CONTEXT() REPRESENTATION_CONTEXT('2D SPACE',''
  ) );
#7476 = ORIENTED_EDGE('',*,*,#7335,.F.);
#7477 = ADVANCED_FACE('',(#7478),#2072,.T.);
#7478 = FACE_BOUND('',#7479,.T.);
#7479 = EDGE_LOOP('',(#7480,#7481,#7482,#7505));
#7480 = ORIENTED_EDGE('',*,*,#2042,.T.);
#7481 = ORIENTED_EDGE('',*,*,#7408,.T.);
#7482 = ORIENTED_EDGE('',*,*,#7483,.T.);
#7483 = EDGE_CURVE('',#7386,#7484,#7486,.T.);
#7484 = VERTEX_POINT('',#7485);
#7485 = CARTESIAN_POINT('',(0.335083007812,-3.720092773438,16.6));
#7486 = SURFACE_CURVE('',#7487,(#7491,#7498),.PCURVE_S1.);
#7487 = B_SPLINE_CURVE_WITH_KNOTS('',2,(#7488,#7489,#7490),
  .UNSPECIFIED.,.F.,.F.,(3,3),(0.,1.),.PIECEWISE_BEZIER_KNOTS.);
#7488 = CARTESIAN_POINT('',(0.482299804688,-4.080444335938,16.6));
#7489 = CARTESIAN_POINT('',(0.482299804688,-3.862915039062,16.6));
#7490 = CARTESIAN_POINT('',(0.335083007812,-3.720092773438,16.6));
#7491 = PCURVE('',#2072,#7492);
#7492 = DEFINITIONAL_REPRESENTATION('',(#7493),#7497);
#7493 = LINE('',#7494,#7495);
#7494 = CARTESIAN_POINT('',(0.,-0.65));
#7495 = VECTOR('',#7496,1.);
#7496 = DIRECTION('',(1.,0.));
#7497 = ( GEOMETRIC_REPRESENTATION_CONTEXT(2) 
PARAMETRIC_REPRESENTATION_CONTEXT() REPRESENTATION_CONTEXT('2D SPACE',''
  ) );
#7498 = PCURVE('',#6367,#7499);
#7499 = DEFINITIONAL_REPRESENTATION('',(#7500),#7504);
#7500 = B_SPLINE_CURVE_WITH_KNOTS('',2,(#7501,#7502,#7503),
  .UNSPECIFIED.,.F.,.F.,(3,3),(0.,1.),.PIECEWISE_BEZIER_KNOTS.);
#7501 = CARTESIAN_POINT('',(1.733642578125,2.406005859375));
#7502 = CARTESIAN_POINT('',(1.733642578125,2.62353515625));
#7503 = CARTESIAN_POINT('',(1.58642578125,2.766357421875));
#7504 = ( GEOMETRIC_REPRESENTATION_CONTEXT(2) 
PARAMETRIC_REPRESENTATION_CONTEXT() REPRESENTATION_CONTEXT('2D SPACE',''
  ) );
#7505 = ORIENTED_EDGE('',*,*,#7506,.F.);
#7506 = EDGE_CURVE('',#2043,#7484,#7507,.T.);
#7507 = SURFACE_CURVE('',#7508,(#7512,#7519),.PCURVE_S1.);
#7508 = LINE('',#7509,#7510);
#7509 = CARTESIAN_POINT('',(0.335083007812,-3.720092773438,15.95));
#7510 = VECTOR('',#7511,1.);
#7511 = DIRECTION('',(0.,0.,1.));
#7512 = PCURVE('',#2072,#7513);
#7513 = DEFINITIONAL_REPRESENTATION('',(#7514),#7518);
#7514 = LINE('',#7515,#7516);
#7515 = CARTESIAN_POINT('',(1.,0.));
#7516 = VECTOR('',#7517,1.);
#7517 = DIRECTION('',(0.,-1.));
#7518 = ( GEOMETRIC_REPRESENTATION_CONTEXT(2) 
PARAMETRIC_REPRESENTATION_CONTEXT() REPRESENTATION_CONTEXT('2D SPACE',''
  ) );
#7519 = PCURVE('',#2123,#7520);
#7520 = DEFINITIONAL_REPRESENTATION('',(#7521),#7525);
#7521 = LINE('',#7522,#7523);
#7522 = CARTESIAN_POINT('',(0.,0.));
#7523 = VECTOR('',#7524,1.);
#7524 = DIRECTION('',(0.,-1.));
#7525 = ( GEOMETRIC_REPRESENTATION_CONTEXT(2) 
PARAMETRIC_REPRESENTATION_CONTEXT() REPRESENTATION_CONTEXT('2D SPACE',''
  ) );
#7526 = ADVANCED_FACE('',(#7527),#2350,.T.);
#7527 = FACE_BOUND('',#7528,.T.);
#7528 = EDGE_LOOP('',(#7529,#7530,#7553,#7574));
#7529 = ORIENTED_EDGE('',*,*,#2320,.T.);
#7530 = ORIENTED_EDGE('',*,*,#7531,.T.);
#7531 = EDGE_CURVE('',#2264,#7532,#7534,.T.);
#7532 = VERTEX_POINT('',#7533);
#7533 = CARTESIAN_POINT('',(-0.693237304688,-3.470703125,16.6));
#7534 = SURFACE_CURVE('',#7535,(#7539,#7546),.PCURVE_S1.);
#7535 = LINE('',#7536,#7537);
#7536 = CARTESIAN_POINT('',(-0.693237304688,-3.470703125,15.95));
#7537 = VECTOR('',#7538,1.);
#7538 = DIRECTION('',(0.,0.,1.));
#7539 = PCURVE('',#2350,#7540);
#7540 = DEFINITIONAL_REPRESENTATION('',(#7541),#7545);
#7541 = LINE('',#7542,#7543);
#7542 = CARTESIAN_POINT('',(0.,0.));
#7543 = VECTOR('',#7544,1.);
#7544 = DIRECTION('',(0.,-1.));
#7545 = ( GEOMETRIC_REPRESENTATION_CONTEXT(2) 
PARAMETRIC_REPRESENTATION_CONTEXT() REPRESENTATION_CONTEXT('2D SPACE',''
  ) );
#7546 = PCURVE('',#2297,#7547);
#7547 = DEFINITIONAL_REPRESENTATION('',(#7548),#7552);
#7548 = LINE('',#7549,#7550);
#7549 = CARTESIAN_POINT('',(1.,0.));
#7550 = VECTOR('',#7551,1.);
#7551 = DIRECTION('',(0.,-1.));
#7552 = ( GEOMETRIC_REPRESENTATION_CONTEXT(2) 
PARAMETRIC_REPRESENTATION_CONTEXT() REPRESENTATION_CONTEXT('2D SPACE',''
  ) );
#7553 = ORIENTED_EDGE('',*,*,#7554,.T.);
#7554 = EDGE_CURVE('',#7532,#7434,#7555,.T.);
#7555 = SURFACE_CURVE('',#7556,(#7560,#7567),.PCURVE_S1.);
#7556 = B_SPLINE_CURVE_WITH_KNOTS('',2,(#7557,#7558,#7559),
  .UNSPECIFIED.,.F.,.F.,(3,3),(0.,1.),.PIECEWISE_BEZIER_KNOTS.);
#7557 = CARTESIAN_POINT('',(-0.693237304688,-3.470703125,16.6));
#7558 = CARTESIAN_POINT('',(-0.436157226562,-3.252075195312,16.6));
#7559 = CARTESIAN_POINT('',(-5.38330078125E-02,-3.252075195312,16.6));
#7560 = PCURVE('',#2350,#7561);
#7561 = DEFINITIONAL_REPRESENTATION('',(#7562),#7566);
#7562 = LINE('',#7563,#7564);
#7563 = CARTESIAN_POINT('',(0.,-0.65));
#7564 = VECTOR('',#7565,1.);
#7565 = DIRECTION('',(1.,0.));
#7566 = ( GEOMETRIC_REPRESENTATION_CONTEXT(2) 
PARAMETRIC_REPRESENTATION_CONTEXT() REPRESENTATION_CONTEXT('2D SPACE',''
  ) );
#7567 = PCURVE('',#6367,#7568);
#7568 = DEFINITIONAL_REPRESENTATION('',(#7569),#7573);
#7569 = B_SPLINE_CURVE_WITH_KNOTS('',2,(#7570,#7571,#7572),
  .UNSPECIFIED.,.F.,.F.,(3,3),(0.,1.),.PIECEWISE_BEZIER_KNOTS.);
#7570 = CARTESIAN_POINT('',(0.55810546875,3.015747070312));
#7571 = CARTESIAN_POINT('',(0.815185546875,3.234375));
#7572 = CARTESIAN_POINT('',(1.197509765625,3.234375));
#7573 = ( GEOMETRIC_REPRESENTATION_CONTEXT(2) 
PARAMETRIC_REPRESENTATION_CONTEXT() REPRESENTATION_CONTEXT('2D SPACE',''
  ) );
#7574 = ORIENTED_EDGE('',*,*,#7433,.F.);
#7575 = ADVANCED_FACE('',(#7576),#2123,.T.);
#7576 = FACE_BOUND('',#7577,.T.);
#7577 = EDGE_LOOP('',(#7578,#7579,#7580,#7603));
#7578 = ORIENTED_EDGE('',*,*,#2093,.T.);
#7579 = ORIENTED_EDGE('',*,*,#7506,.T.);
#7580 = ORIENTED_EDGE('',*,*,#7581,.T.);
#7581 = EDGE_CURVE('',#7484,#7582,#7584,.T.);
#7582 = VERTEX_POINT('',#7583);
#7583 = CARTESIAN_POINT('',(-4.50439453125E-02,-3.577270507812,16.6));
#7584 = SURFACE_CURVE('',#7585,(#7589,#7596),.PCURVE_S1.);
#7585 = B_SPLINE_CURVE_WITH_KNOTS('',2,(#7586,#7587,#7588),
  .UNSPECIFIED.,.F.,.F.,(3,3),(0.,1.),.PIECEWISE_BEZIER_KNOTS.);
#7586 = CARTESIAN_POINT('',(0.335083007812,-3.720092773438,16.6));
#7587 = CARTESIAN_POINT('',(0.187866210938,-3.577270507812,16.6));
#7588 = CARTESIAN_POINT('',(-4.50439453125E-02,-3.577270507812,16.6));
#7589 = PCURVE('',#2123,#7590);
#7590 = DEFINITIONAL_REPRESENTATION('',(#7591),#7595);
#7591 = LINE('',#7592,#7593);
#7592 = CARTESIAN_POINT('',(0.,-0.65));
#7593 = VECTOR('',#7594,1.);
#7594 = DIRECTION('',(1.,0.));
#7595 = ( GEOMETRIC_REPRESENTATION_CONTEXT(2) 
PARAMETRIC_REPRESENTATION_CONTEXT() REPRESENTATION_CONTEXT('2D SPACE',''
  ) );
#7596 = PCURVE('',#6367,#7597);
#7597 = DEFINITIONAL_REPRESENTATION('',(#7598),#7602);
#7598 = B_SPLINE_CURVE_WITH_KNOTS('',2,(#7599,#7600,#7601),
  .UNSPECIFIED.,.F.,.F.,(3,3),(0.,1.),.PIECEWISE_BEZIER_KNOTS.);
#7599 = CARTESIAN_POINT('',(1.58642578125,2.766357421875));
#7600 = CARTESIAN_POINT('',(1.439208984375,2.9091796875));
#7601 = CARTESIAN_POINT('',(1.206298828125,2.9091796875));
#7602 = ( GEOMETRIC_REPRESENTATION_CONTEXT(2) 
PARAMETRIC_REPRESENTATION_CONTEXT() REPRESENTATION_CONTEXT('2D SPACE',''
  ) );
#7603 = ORIENTED_EDGE('',*,*,#7604,.F.);
#7604 = EDGE_CURVE('',#2094,#7582,#7605,.T.);
#7605 = SURFACE_CURVE('',#7606,(#7610,#7617),.PCURVE_S1.);
#7606 = LINE('',#7607,#7608);
#7607 = CARTESIAN_POINT('',(-4.50439453125E-02,-3.577270507812,15.95));
#7608 = VECTOR('',#7609,1.);
#7609 = DIRECTION('',(0.,0.,1.));
#7610 = PCURVE('',#2123,#7611);
#7611 = DEFINITIONAL_REPRESENTATION('',(#7612),#7616);
#7612 = LINE('',#7613,#7614);
#7613 = CARTESIAN_POINT('',(1.,0.));
#7614 = VECTOR('',#7615,1.);
#7615 = DIRECTION('',(0.,-1.));
#7616 = ( GEOMETRIC_REPRESENTATION_CONTEXT(2) 
PARAMETRIC_REPRESENTATION_CONTEXT() REPRESENTATION_CONTEXT('2D SPACE',''
  ) );
#7617 = PCURVE('',#2174,#7618);
#7618 = DEFINITIONAL_REPRESENTATION('',(#7619),#7623);
#7619 = LINE('',#7620,#7621);
#7620 = CARTESIAN_POINT('',(0.,0.));
#7621 = VECTOR('',#7622,1.);
#7622 = DIRECTION('',(0.,-1.));
#7623 = ( GEOMETRIC_REPRESENTATION_CONTEXT(2) 
PARAMETRIC_REPRESENTATION_CONTEXT() REPRESENTATION_CONTEXT('2D SPACE',''
  ) );
#7624 = ADVANCED_FACE('',(#7625),#2297,.T.);
#7625 = FACE_BOUND('',#7626,.T.);
#7626 = EDGE_LOOP('',(#7627,#7628,#7651,#7672));
#7627 = ORIENTED_EDGE('',*,*,#2263,.T.);
#7628 = ORIENTED_EDGE('',*,*,#7629,.T.);
#7629 = EDGE_CURVE('',#2238,#7630,#7632,.T.);
#7630 = VERTEX_POINT('',#7631);
#7631 = CARTESIAN_POINT('',(-1.022827148438,-4.087036132812,16.6));
#7632 = SURFACE_CURVE('',#7633,(#7637,#7644),.PCURVE_S1.);
#7633 = LINE('',#7634,#7635);
#7634 = CARTESIAN_POINT('',(-1.022827148438,-4.087036132812,15.95));
#7635 = VECTOR('',#7636,1.);
#7636 = DIRECTION('',(0.,0.,1.));
#7637 = PCURVE('',#2297,#7638);
#7638 = DEFINITIONAL_REPRESENTATION('',(#7639),#7643);
#7639 = LINE('',#7640,#7641);
#7640 = CARTESIAN_POINT('',(0.,0.));
#7641 = VECTOR('',#7642,1.);
#7642 = DIRECTION('',(0.,-1.));
#7643 = ( GEOMETRIC_REPRESENTATION_CONTEXT(2) 
PARAMETRIC_REPRESENTATION_CONTEXT() REPRESENTATION_CONTEXT('2D SPACE',''
  ) );
#7644 = PCURVE('',#2252,#7645);
#7645 = DEFINITIONAL_REPRESENTATION('',(#7646),#7650);
#7646 = LINE('',#7647,#7648);
#7647 = CARTESIAN_POINT('',(0.401709195071,0.));
#7648 = VECTOR('',#7649,1.);
#7649 = DIRECTION('',(0.,-1.));
#7650 = ( GEOMETRIC_REPRESENTATION_CONTEXT(2) 
PARAMETRIC_REPRESENTATION_CONTEXT() REPRESENTATION_CONTEXT('2D SPACE',''
  ) );
#7651 = ORIENTED_EDGE('',*,*,#7652,.T.);
#7652 = EDGE_CURVE('',#7630,#7532,#7653,.T.);
#7653 = SURFACE_CURVE('',#7654,(#7658,#7665),.PCURVE_S1.);
#7654 = B_SPLINE_CURVE_WITH_KNOTS('',2,(#7655,#7656,#7657),
  .UNSPECIFIED.,.F.,.F.,(3,3),(0.,1.),.PIECEWISE_BEZIER_KNOTS.);
#7655 = CARTESIAN_POINT('',(-1.022827148438,-4.087036132812,16.6));
#7656 = CARTESIAN_POINT('',(-0.950317382812,-3.689331054688,16.6));
#7657 = CARTESIAN_POINT('',(-0.693237304688,-3.470703125,16.6));
#7658 = PCURVE('',#2297,#7659);
#7659 = DEFINITIONAL_REPRESENTATION('',(#7660),#7664);
#7660 = LINE('',#7661,#7662);
#7661 = CARTESIAN_POINT('',(0.,-0.65));
#7662 = VECTOR('',#7663,1.);
#7663 = DIRECTION('',(1.,0.));
#7664 = ( GEOMETRIC_REPRESENTATION_CONTEXT(2) 
PARAMETRIC_REPRESENTATION_CONTEXT() REPRESENTATION_CONTEXT('2D SPACE',''
  ) );
#7665 = PCURVE('',#6367,#7666);
#7666 = DEFINITIONAL_REPRESENTATION('',(#7667),#7671);
#7667 = B_SPLINE_CURVE_WITH_KNOTS('',2,(#7668,#7669,#7670),
  .UNSPECIFIED.,.F.,.F.,(3,3),(0.,1.),.PIECEWISE_BEZIER_KNOTS.);
#7668 = CARTESIAN_POINT('',(0.228515625,2.3994140625));
#7669 = CARTESIAN_POINT('',(0.301025390625,2.797119140625));
#7670 = CARTESIAN_POINT('',(0.55810546875,3.015747070312));
#7671 = ( GEOMETRIC_REPRESENTATION_CONTEXT(2) 
PARAMETRIC_REPRESENTATION_CONTEXT() REPRESENTATION_CONTEXT('2D SPACE',''
  ) );
#7672 = ORIENTED_EDGE('',*,*,#7531,.F.);
#7673 = ADVANCED_FACE('',(#7674),#2174,.T.);
#7674 = FACE_BOUND('',#7675,.T.);
#7675 = EDGE_LOOP('',(#7676,#7677,#7678,#7701));
#7676 = ORIENTED_EDGE('',*,*,#2144,.T.);
#7677 = ORIENTED_EDGE('',*,*,#7604,.T.);
#7678 = ORIENTED_EDGE('',*,*,#7679,.T.);
#7679 = EDGE_CURVE('',#7582,#7680,#7682,.T.);
#7680 = VERTEX_POINT('',#7681);
#7681 = CARTESIAN_POINT('',(-0.429565429688,-3.722290039062,16.6));
#7682 = SURFACE_CURVE('',#7683,(#7687,#7694),.PCURVE_S1.);
#7683 = B_SPLINE_CURVE_WITH_KNOTS('',2,(#7684,#7685,#7686),
  .UNSPECIFIED.,.F.,.F.,(3,3),(0.,1.),.PIECEWISE_BEZIER_KNOTS.);
#7684 = CARTESIAN_POINT('',(-4.50439453125E-02,-3.577270507812,16.6));
#7685 = CARTESIAN_POINT('',(-0.275756835938,-3.577270507812,16.6));
#7686 = CARTESIAN_POINT('',(-0.429565429688,-3.722290039062,16.6));
#7687 = PCURVE('',#2174,#7688);
#7688 = DEFINITIONAL_REPRESENTATION('',(#7689),#7693);
#7689 = LINE('',#7690,#7691);
#7690 = CARTESIAN_POINT('',(0.,-0.65));
#7691 = VECTOR('',#7692,1.);
#7692 = DIRECTION('',(1.,0.));
#7693 = ( GEOMETRIC_REPRESENTATION_CONTEXT(2) 
PARAMETRIC_REPRESENTATION_CONTEXT() REPRESENTATION_CONTEXT('2D SPACE',''
  ) );
#7694 = PCURVE('',#6367,#7695);
#7695 = DEFINITIONAL_REPRESENTATION('',(#7696),#7700);
#7696 = B_SPLINE_CURVE_WITH_KNOTS('',2,(#7697,#7698,#7699),
  .UNSPECIFIED.,.F.,.F.,(3,3),(0.,1.),.PIECEWISE_BEZIER_KNOTS.);
#7697 = CARTESIAN_POINT('',(1.206298828125,2.9091796875));
#7698 = CARTESIAN_POINT('',(0.9755859375,2.9091796875));
#7699 = CARTESIAN_POINT('',(0.82177734375,2.76416015625));
#7700 = ( GEOMETRIC_REPRESENTATION_CONTEXT(2) 
PARAMETRIC_REPRESENTATION_CONTEXT() REPRESENTATION_CONTEXT('2D SPACE',''
  ) );
#7701 = ORIENTED_EDGE('',*,*,#7702,.F.);
#7702 = EDGE_CURVE('',#2145,#7680,#7703,.T.);
#7703 = SURFACE_CURVE('',#7704,(#7708,#7715),.PCURVE_S1.);
#7704 = LINE('',#7705,#7706);
#7705 = CARTESIAN_POINT('',(-0.429565429688,-3.722290039062,15.95));
#7706 = VECTOR('',#7707,1.);
#7707 = DIRECTION('',(0.,0.,1.));
#7708 = PCURVE('',#2174,#7709);
#7709 = DEFINITIONAL_REPRESENTATION('',(#7710),#7714);
#7710 = LINE('',#7711,#7712);
#7711 = CARTESIAN_POINT('',(1.,0.));
#7712 = VECTOR('',#7713,1.);
#7713 = DIRECTION('',(0.,-1.));
#7714 = ( GEOMETRIC_REPRESENTATION_CONTEXT(2) 
PARAMETRIC_REPRESENTATION_CONTEXT() REPRESENTATION_CONTEXT('2D SPACE',''
  ) );
#7715 = PCURVE('',#2219,#7716);
#7716 = DEFINITIONAL_REPRESENTATION('',(#7717),#7721);
#7717 = LINE('',#7718,#7719);
#7718 = CARTESIAN_POINT('',(0.,0.));
#7719 = VECTOR('',#7720,1.);
#7720 = DIRECTION('',(0.,-1.));
#7721 = ( GEOMETRIC_REPRESENTATION_CONTEXT(2) 
PARAMETRIC_REPRESENTATION_CONTEXT() REPRESENTATION_CONTEXT('2D SPACE',''
  ) );
#7722 = ADVANCED_FACE('',(#7723),#2252,.T.);
#7723 = FACE_BOUND('',#7724,.T.);
#7724 = EDGE_LOOP('',(#7725,#7726,#7749,#7770));
#7725 = ORIENTED_EDGE('',*,*,#2237,.T.);
#7726 = ORIENTED_EDGE('',*,*,#7727,.T.);
#7727 = EDGE_CURVE('',#2196,#7728,#7730,.T.);
#7728 = VERTEX_POINT('',#7729);
#7729 = CARTESIAN_POINT('',(-0.627319335938,-4.157348632812,16.6));
#7730 = SURFACE_CURVE('',#7731,(#7735,#7742),.PCURVE_S1.);
#7731 = LINE('',#7732,#7733);
#7732 = CARTESIAN_POINT('',(-0.627319335938,-4.157348632812,15.95));
#7733 = VECTOR('',#7734,1.);
#7734 = DIRECTION('',(0.,0.,1.));
#7735 = PCURVE('',#2252,#7736);
#7736 = DEFINITIONAL_REPRESENTATION('',(#7737),#7741);
#7737 = LINE('',#7738,#7739);
#7738 = CARTESIAN_POINT('',(0.,0.));
#7739 = VECTOR('',#7740,1.);
#7740 = DIRECTION('',(0.,-1.));
#7741 = ( GEOMETRIC_REPRESENTATION_CONTEXT(2) 
PARAMETRIC_REPRESENTATION_CONTEXT() REPRESENTATION_CONTEXT('2D SPACE',''
  ) );
#7742 = PCURVE('',#2219,#7743);
#7743 = DEFINITIONAL_REPRESENTATION('',(#7744),#7748);
#7744 = LINE('',#7745,#7746);
#7745 = CARTESIAN_POINT('',(1.,0.));
#7746 = VECTOR('',#7747,1.);
#7747 = DIRECTION('',(0.,-1.));
#7748 = ( GEOMETRIC_REPRESENTATION_CONTEXT(2) 
PARAMETRIC_REPRESENTATION_CONTEXT() REPRESENTATION_CONTEXT('2D SPACE',''
  ) );
#7749 = ORIENTED_EDGE('',*,*,#7750,.T.);
#7750 = EDGE_CURVE('',#7728,#7630,#7751,.T.);
#7751 = SURFACE_CURVE('',#7752,(#7756,#7763),.PCURVE_S1.);
#7752 = LINE('',#7753,#7754);
#7753 = CARTESIAN_POINT('',(-0.627319335938,-4.157348632812,16.6));
#7754 = VECTOR('',#7755,1.);
#7755 = DIRECTION('',(-0.984562507786,0.175033334717,0.));
#7756 = PCURVE('',#2252,#7757);
#7757 = DEFINITIONAL_REPRESENTATION('',(#7758),#7762);
#7758 = LINE('',#7759,#7760);
#7759 = CARTESIAN_POINT('',(0.,-0.65));
#7760 = VECTOR('',#7761,1.);
#7761 = DIRECTION('',(1.,0.));
#7762 = ( GEOMETRIC_REPRESENTATION_CONTEXT(2) 
PARAMETRIC_REPRESENTATION_CONTEXT() REPRESENTATION_CONTEXT('2D SPACE',''
  ) );
#7763 = PCURVE('',#6367,#7764);
#7764 = DEFINITIONAL_REPRESENTATION('',(#7765),#7769);
#7765 = LINE('',#7766,#7767);
#7766 = CARTESIAN_POINT('',(0.6240234375,2.3291015625));
#7767 = VECTOR('',#7768,1.);
#7768 = DIRECTION('',(-0.984562507786,0.175033334717));
#7769 = ( GEOMETRIC_REPRESENTATION_CONTEXT(2) 
PARAMETRIC_REPRESENTATION_CONTEXT() REPRESENTATION_CONTEXT('2D SPACE',''
  ) );
#7770 = ORIENTED_EDGE('',*,*,#7629,.F.);
#7771 = ADVANCED_FACE('',(#7772),#2219,.T.);
#7772 = FACE_BOUND('',#7773,.T.);
#7773 = EDGE_LOOP('',(#7774,#7775,#7776,#7797));
#7774 = ORIENTED_EDGE('',*,*,#2195,.T.);
#7775 = ORIENTED_EDGE('',*,*,#7702,.T.);
#7776 = ORIENTED_EDGE('',*,*,#7777,.T.);
#7777 = EDGE_CURVE('',#7680,#7728,#7778,.T.);
#7778 = SURFACE_CURVE('',#7779,(#7783,#7790),.PCURVE_S1.);
#7779 = B_SPLINE_CURVE_WITH_KNOTS('',2,(#7780,#7781,#7782),
  .UNSPECIFIED.,.F.,.F.,(3,3),(0.,1.),.PIECEWISE_BEZIER_KNOTS.);
#7780 = CARTESIAN_POINT('',(-0.429565429688,-3.722290039062,16.6));
#7781 = CARTESIAN_POINT('',(-0.583374023438,-3.867309570312,16.6));
#7782 = CARTESIAN_POINT('',(-0.627319335938,-4.157348632812,16.6));
#7783 = PCURVE('',#2219,#7784);
#7784 = DEFINITIONAL_REPRESENTATION('',(#7785),#7789);
#7785 = LINE('',#7786,#7787);
#7786 = CARTESIAN_POINT('',(0.,-0.65));
#7787 = VECTOR('',#7788,1.);
#7788 = DIRECTION('',(1.,0.));
#7789 = ( GEOMETRIC_REPRESENTATION_CONTEXT(2) 
PARAMETRIC_REPRESENTATION_CONTEXT() REPRESENTATION_CONTEXT('2D SPACE',''
  ) );
#7790 = PCURVE('',#6367,#7791);
#7791 = DEFINITIONAL_REPRESENTATION('',(#7792),#7796);
#7792 = B_SPLINE_CURVE_WITH_KNOTS('',2,(#7793,#7794,#7795),
  .UNSPECIFIED.,.F.,.F.,(3,3),(0.,1.),.PIECEWISE_BEZIER_KNOTS.);
#7793 = CARTESIAN_POINT('',(0.82177734375,2.76416015625));
#7794 = CARTESIAN_POINT('',(0.66796875,2.619140625));
#7795 = CARTESIAN_POINT('',(0.6240234375,2.3291015625));
#7796 = ( GEOMETRIC_REPRESENTATION_CONTEXT(2) 
PARAMETRIC_REPRESENTATION_CONTEXT() REPRESENTATION_CONTEXT('2D SPACE',''
  ) );
#7797 = ORIENTED_EDGE('',*,*,#7727,.F.);
#7798 = ADVANCED_FACE('',(#7799),#2937,.T.);
#7799 = FACE_BOUND('',#7800,.T.);
#7800 = EDGE_LOOP('',(#7801,#7802,#7825,#7853));
#7801 = ORIENTED_EDGE('',*,*,#2920,.T.);
#7802 = ORIENTED_EDGE('',*,*,#7803,.T.);
#7803 = EDGE_CURVE('',#2923,#7804,#7806,.T.);
#7804 = VERTEX_POINT('',#7805);
#7805 = CARTESIAN_POINT('',(15.598754882812,-6.486450195312,16.6));
#7806 = SURFACE_CURVE('',#7807,(#7811,#7818),.PCURVE_S1.);
#7807 = LINE('',#7808,#7809);
#7808 = CARTESIAN_POINT('',(15.598754882812,-6.486450195312,15.95));
#7809 = VECTOR('',#7810,1.);
#7810 = DIRECTION('',(0.,0.,1.));
#7811 = PCURVE('',#2937,#7812);
#7812 = DEFINITIONAL_REPRESENTATION('',(#7813),#7817);
#7813 = LINE('',#7814,#7815);
#7814 = CARTESIAN_POINT('',(0.,-0.));
#7815 = VECTOR('',#7816,1.);
#7816 = DIRECTION('',(0.,-1.));
#7817 = ( GEOMETRIC_REPRESENTATION_CONTEXT(2) 
PARAMETRIC_REPRESENTATION_CONTEXT() REPRESENTATION_CONTEXT('2D SPACE',''
  ) );
#7818 = PCURVE('',#3195,#7819);
#7819 = DEFINITIONAL_REPRESENTATION('',(#7820),#7824);
#7820 = LINE('',#7821,#7822);
#7821 = CARTESIAN_POINT('',(0.771240234375,0.));
#7822 = VECTOR('',#7823,1.);
#7823 = DIRECTION('',(0.,-1.));
#7824 = ( GEOMETRIC_REPRESENTATION_CONTEXT(2) 
PARAMETRIC_REPRESENTATION_CONTEXT() REPRESENTATION_CONTEXT('2D SPACE',''
  ) );
#7825 = ORIENTED_EDGE('',*,*,#7826,.T.);
#7826 = EDGE_CURVE('',#7804,#7827,#7829,.T.);
#7827 = VERTEX_POINT('',#7828);
#7828 = CARTESIAN_POINT('',(15.203247070312,-6.486450195312,16.6));
#7829 = SURFACE_CURVE('',#7830,(#7834,#7841),.PCURVE_S1.);
#7830 = LINE('',#7831,#7832);
#7831 = CARTESIAN_POINT('',(15.598754882812,-6.486450195312,16.6));
#7832 = VECTOR('',#7833,1.);
#7833 = DIRECTION('',(-1.,0.,0.));
#7834 = PCURVE('',#2937,#7835);
#7835 = DEFINITIONAL_REPRESENTATION('',(#7836),#7840);
#7836 = LINE('',#7837,#7838);
#7837 = CARTESIAN_POINT('',(0.,-0.65));
#7838 = VECTOR('',#7839,1.);
#7839 = DIRECTION('',(1.,0.));
#7840 = ( GEOMETRIC_REPRESENTATION_CONTEXT(2) 
PARAMETRIC_REPRESENTATION_CONTEXT() REPRESENTATION_CONTEXT('2D SPACE',''
  ) );
#7841 = PCURVE('',#7842,#7847);
#7842 = PLANE('',#7843);
#7843 = AXIS2_PLACEMENT_3D('',#7844,#7845,#7846);
#7844 = CARTESIAN_POINT('',(13.748657226562,-6.486450195312,16.6));
#7845 = DIRECTION('',(0.,0.,1.));
#7846 = DIRECTION('',(1.,0.,0.));
#7847 = DEFINITIONAL_REPRESENTATION('',(#7848),#7852);
#7848 = LINE('',#7849,#7850);
#7849 = CARTESIAN_POINT('',(1.85009765625,0.));
#7850 = VECTOR('',#7851,1.);
#7851 = DIRECTION('',(-1.,0.));
#7852 = ( GEOMETRIC_REPRESENTATION_CONTEXT(2) 
PARAMETRIC_REPRESENTATION_CONTEXT() REPRESENTATION_CONTEXT('2D SPACE',''
  ) );
#7853 = ORIENTED_EDGE('',*,*,#7854,.F.);
#7854 = EDGE_CURVE('',#2921,#7827,#7855,.T.);
#7855 = SURFACE_CURVE('',#7856,(#7860,#7867),.PCURVE_S1.);
#7856 = LINE('',#7857,#7858);
#7857 = CARTESIAN_POINT('',(15.203247070312,-6.486450195312,15.95));
#7858 = VECTOR('',#7859,1.);
#7859 = DIRECTION('',(0.,0.,1.));
#7860 = PCURVE('',#2937,#7861);
#7861 = DEFINITIONAL_REPRESENTATION('',(#7862),#7866);
#7862 = LINE('',#7863,#7864);
#7863 = CARTESIAN_POINT('',(0.3955078125,0.));
#7864 = VECTOR('',#7865,1.);
#7865 = DIRECTION('',(0.,-1.));
#7866 = ( GEOMETRIC_REPRESENTATION_CONTEXT(2) 
PARAMETRIC_REPRESENTATION_CONTEXT() REPRESENTATION_CONTEXT('2D SPACE',''
  ) );
#7867 = PCURVE('',#2963,#7868);
#7868 = DEFINITIONAL_REPRESENTATION('',(#7869),#7873);
#7869 = LINE('',#7870,#7871);
#7870 = CARTESIAN_POINT('',(0.,0.));
#7871 = VECTOR('',#7872,1.);
#7872 = DIRECTION('',(0.,-1.));
#7873 = ( GEOMETRIC_REPRESENTATION_CONTEXT(2) 
PARAMETRIC_REPRESENTATION_CONTEXT() REPRESENTATION_CONTEXT('2D SPACE',''
  ) );
#7874 = ADVANCED_FACE('',(#7875),#2963,.T.);
#7875 = FACE_BOUND('',#7876,.T.);
#7876 = EDGE_LOOP('',(#7877,#7878,#7879,#7902));
#7877 = ORIENTED_EDGE('',*,*,#2948,.T.);
#7878 = ORIENTED_EDGE('',*,*,#7854,.T.);
#7879 = ORIENTED_EDGE('',*,*,#7880,.T.);
#7880 = EDGE_CURVE('',#7827,#7881,#7883,.T.);
#7881 = VERTEX_POINT('',#7882);
#7882 = CARTESIAN_POINT('',(15.203247070312,-5.715209960938,16.6));
#7883 = SURFACE_CURVE('',#7884,(#7888,#7895),.PCURVE_S1.);
#7884 = LINE('',#7885,#7886);
#7885 = CARTESIAN_POINT('',(15.203247070312,-6.486450195312,16.6));
#7886 = VECTOR('',#7887,1.);
#7887 = DIRECTION('',(0.,1.,0.));
#7888 = PCURVE('',#2963,#7889);
#7889 = DEFINITIONAL_REPRESENTATION('',(#7890),#7894);
#7890 = LINE('',#7891,#7892);
#7891 = CARTESIAN_POINT('',(0.,-0.65));
#7892 = VECTOR('',#7893,1.);
#7893 = DIRECTION('',(1.,0.));
#7894 = ( GEOMETRIC_REPRESENTATION_CONTEXT(2) 
PARAMETRIC_REPRESENTATION_CONTEXT() REPRESENTATION_CONTEXT('2D SPACE',''
  ) );
#7895 = PCURVE('',#7842,#7896);
#7896 = DEFINITIONAL_REPRESENTATION('',(#7897),#7901);
#7897 = LINE('',#7898,#7899);
#7898 = CARTESIAN_POINT('',(1.45458984375,0.));
#7899 = VECTOR('',#7900,1.);
#7900 = DIRECTION('',(0.,1.));
#7901 = ( GEOMETRIC_REPRESENTATION_CONTEXT(2) 
PARAMETRIC_REPRESENTATION_CONTEXT() REPRESENTATION_CONTEXT('2D SPACE',''
  ) );
#7902 = ORIENTED_EDGE('',*,*,#7903,.F.);
#7903 = EDGE_CURVE('',#2949,#7881,#7904,.T.);
#7904 = SURFACE_CURVE('',#7905,(#7909,#7916),.PCURVE_S1.);
#7905 = LINE('',#7906,#7907);
#7906 = CARTESIAN_POINT('',(15.203247070312,-5.715209960938,15.95));
#7907 = VECTOR('',#7908,1.);
#7908 = DIRECTION('',(0.,0.,1.));
#7909 = PCURVE('',#2963,#7910);
#7910 = DEFINITIONAL_REPRESENTATION('',(#7911),#7915);
#7911 = LINE('',#7912,#7913);
#7912 = CARTESIAN_POINT('',(0.771240234375,0.));
#7913 = VECTOR('',#7914,1.);
#7914 = DIRECTION('',(0.,-1.));
#7915 = ( GEOMETRIC_REPRESENTATION_CONTEXT(2) 
PARAMETRIC_REPRESENTATION_CONTEXT() REPRESENTATION_CONTEXT('2D SPACE',''
  ) );
#7916 = PCURVE('',#2989,#7917);
#7917 = DEFINITIONAL_REPRESENTATION('',(#7918),#7922);
#7918 = LINE('',#7919,#7920);
#7919 = CARTESIAN_POINT('',(0.,-0.));
#7920 = VECTOR('',#7921,1.);
#7921 = DIRECTION('',(0.,-1.));
#7922 = ( GEOMETRIC_REPRESENTATION_CONTEXT(2) 
PARAMETRIC_REPRESENTATION_CONTEXT() REPRESENTATION_CONTEXT('2D SPACE',''
  ) );
#7923 = ADVANCED_FACE('',(#7924),#3195,.T.);
#7924 = FACE_BOUND('',#7925,.T.);
#7925 = EDGE_LOOP('',(#7926,#7927,#7950,#7971));
#7926 = ORIENTED_EDGE('',*,*,#3182,.T.);
#7927 = ORIENTED_EDGE('',*,*,#7928,.T.);
#7928 = EDGE_CURVE('',#3157,#7929,#7931,.T.);
#7929 = VERTEX_POINT('',#7930);
#7930 = CARTESIAN_POINT('',(15.598754882812,-5.715209960938,16.6));
#7931 = SURFACE_CURVE('',#7932,(#7936,#7943),.PCURVE_S1.);
#7932 = LINE('',#7933,#7934);
#7933 = CARTESIAN_POINT('',(15.598754882812,-5.715209960938,15.95));
#7934 = VECTOR('',#7935,1.);
#7935 = DIRECTION('',(0.,0.,1.));
#7936 = PCURVE('',#3195,#7937);
#7937 = DEFINITIONAL_REPRESENTATION('',(#7938),#7942);
#7938 = LINE('',#7939,#7940);
#7939 = CARTESIAN_POINT('',(0.,0.));
#7940 = VECTOR('',#7941,1.);
#7941 = DIRECTION('',(0.,-1.));
#7942 = ( GEOMETRIC_REPRESENTATION_CONTEXT(2) 
PARAMETRIC_REPRESENTATION_CONTEXT() REPRESENTATION_CONTEXT('2D SPACE',''
  ) );
#7943 = PCURVE('',#3171,#7944);
#7944 = DEFINITIONAL_REPRESENTATION('',(#7945),#7949);
#7945 = LINE('',#7946,#7947);
#7946 = CARTESIAN_POINT('',(0.43505859375,0.));
#7947 = VECTOR('',#7948,1.);
#7948 = DIRECTION('',(0.,-1.));
#7949 = ( GEOMETRIC_REPRESENTATION_CONTEXT(2) 
PARAMETRIC_REPRESENTATION_CONTEXT() REPRESENTATION_CONTEXT('2D SPACE',''
  ) );
#7950 = ORIENTED_EDGE('',*,*,#7951,.T.);
#7951 = EDGE_CURVE('',#7929,#7804,#7952,.T.);
#7952 = SURFACE_CURVE('',#7953,(#7957,#7964),.PCURVE_S1.);
#7953 = LINE('',#7954,#7955);
#7954 = CARTESIAN_POINT('',(15.598754882812,-5.715209960938,16.6));
#7955 = VECTOR('',#7956,1.);
#7956 = DIRECTION('',(0.,-1.,0.));
#7957 = PCURVE('',#3195,#7958);
#7958 = DEFINITIONAL_REPRESENTATION('',(#7959),#7963);
#7959 = LINE('',#7960,#7961);
#7960 = CARTESIAN_POINT('',(0.,-0.65));
#7961 = VECTOR('',#7962,1.);
#7962 = DIRECTION('',(1.,0.));
#7963 = ( GEOMETRIC_REPRESENTATION_CONTEXT(2) 
PARAMETRIC_REPRESENTATION_CONTEXT() REPRESENTATION_CONTEXT('2D SPACE',''
  ) );
#7964 = PCURVE('',#7842,#7965);
#7965 = DEFINITIONAL_REPRESENTATION('',(#7966),#7970);
#7966 = LINE('',#7967,#7968);
#7967 = CARTESIAN_POINT('',(1.85009765625,0.771240234375));
#7968 = VECTOR('',#7969,1.);
#7969 = DIRECTION('',(0.,-1.));
#7970 = ( GEOMETRIC_REPRESENTATION_CONTEXT(2) 
PARAMETRIC_REPRESENTATION_CONTEXT() REPRESENTATION_CONTEXT('2D SPACE',''
  ) );
#7971 = ORIENTED_EDGE('',*,*,#7803,.F.);
#7972 = ADVANCED_FACE('',(#7973),#2989,.T.);
#7973 = FACE_BOUND('',#7974,.T.);
#7974 = EDGE_LOOP('',(#7975,#7976,#7977,#8000));
#7975 = ORIENTED_EDGE('',*,*,#2974,.T.);
#7976 = ORIENTED_EDGE('',*,*,#7903,.T.);
#7977 = ORIENTED_EDGE('',*,*,#7978,.T.);
#7978 = EDGE_CURVE('',#7881,#7979,#7981,.T.);
#7979 = VERTEX_POINT('',#7980);
#7980 = CARTESIAN_POINT('',(13.805786132812,-5.715209960938,16.6));
#7981 = SURFACE_CURVE('',#7982,(#7986,#7993),.PCURVE_S1.);
#7982 = LINE('',#7983,#7984);
#7983 = CARTESIAN_POINT('',(15.203247070312,-5.715209960938,16.6));
#7984 = VECTOR('',#7985,1.);
#7985 = DIRECTION('',(-1.,0.,0.));
#7986 = PCURVE('',#2989,#7987);
#7987 = DEFINITIONAL_REPRESENTATION('',(#7988),#7992);
#7988 = LINE('',#7989,#7990);
#7989 = CARTESIAN_POINT('',(0.,-0.65));
#7990 = VECTOR('',#7991,1.);
#7991 = DIRECTION('',(1.,0.));
#7992 = ( GEOMETRIC_REPRESENTATION_CONTEXT(2) 
PARAMETRIC_REPRESENTATION_CONTEXT() REPRESENTATION_CONTEXT('2D SPACE',''
  ) );
#7993 = PCURVE('',#7842,#7994);
#7994 = DEFINITIONAL_REPRESENTATION('',(#7995),#7999);
#7995 = LINE('',#7996,#7997);
#7996 = CARTESIAN_POINT('',(1.45458984375,0.771240234375));
#7997 = VECTOR('',#7998,1.);
#7998 = DIRECTION('',(-1.,0.));
#7999 = ( GEOMETRIC_REPRESENTATION_CONTEXT(2) 
PARAMETRIC_REPRESENTATION_CONTEXT() REPRESENTATION_CONTEXT('2D SPACE',''
  ) );
#8000 = ORIENTED_EDGE('',*,*,#8001,.F.);
#8001 = EDGE_CURVE('',#2975,#7979,#8002,.T.);
#8002 = SURFACE_CURVE('',#8003,(#8007,#8014),.PCURVE_S1.);
#8003 = LINE('',#8004,#8005);
#8004 = CARTESIAN_POINT('',(13.805786132812,-5.715209960938,15.95));
#8005 = VECTOR('',#8006,1.);
#8006 = DIRECTION('',(0.,0.,1.));
#8007 = PCURVE('',#2989,#8008);
#8008 = DEFINITIONAL_REPRESENTATION('',(#8009),#8013);
#8009 = LINE('',#8010,#8011);
#8010 = CARTESIAN_POINT('',(1.3974609375,0.));
#8011 = VECTOR('',#8012,1.);
#8012 = DIRECTION('',(0.,-1.));
#8013 = ( GEOMETRIC_REPRESENTATION_CONTEXT(2) 
PARAMETRIC_REPRESENTATION_CONTEXT() REPRESENTATION_CONTEXT('2D SPACE',''
  ) );
#8014 = PCURVE('',#3015,#8015);
#8015 = DEFINITIONAL_REPRESENTATION('',(#8016),#8020);
#8016 = LINE('',#8017,#8018);
#8017 = CARTESIAN_POINT('',(0.,0.));
#8018 = VECTOR('',#8019,1.);
#8019 = DIRECTION('',(0.,-1.));
#8020 = ( GEOMETRIC_REPRESENTATION_CONTEXT(2) 
PARAMETRIC_REPRESENTATION_CONTEXT() REPRESENTATION_CONTEXT('2D SPACE',''
  ) );
#8021 = ADVANCED_FACE('',(#8022),#3171,.T.);
#8022 = FACE_BOUND('',#8023,.T.);
#8023 = EDGE_LOOP('',(#8024,#8025,#8048,#8069));
#8024 = ORIENTED_EDGE('',*,*,#3156,.T.);
#8025 = ORIENTED_EDGE('',*,*,#8026,.T.);
#8026 = EDGE_CURVE('',#3131,#8027,#8029,.T.);
#8027 = VERTEX_POINT('',#8028);
#8028 = CARTESIAN_POINT('',(16.033813476562,-5.715209960938,16.6));
#8029 = SURFACE_CURVE('',#8030,(#8034,#8041),.PCURVE_S1.);
#8030 = LINE('',#8031,#8032);
#8031 = CARTESIAN_POINT('',(16.033813476562,-5.715209960938,15.95));
#8032 = VECTOR('',#8033,1.);
#8033 = DIRECTION('',(0.,0.,1.));
#8034 = PCURVE('',#3171,#8035);
#8035 = DEFINITIONAL_REPRESENTATION('',(#8036),#8040);
#8036 = LINE('',#8037,#8038);
#8037 = CARTESIAN_POINT('',(0.,-0.));
#8038 = VECTOR('',#8039,1.);
#8039 = DIRECTION('',(0.,-1.));
#8040 = ( GEOMETRIC_REPRESENTATION_CONTEXT(2) 
PARAMETRIC_REPRESENTATION_CONTEXT() REPRESENTATION_CONTEXT('2D SPACE',''
  ) );
#8041 = PCURVE('',#3145,#8042);
#8042 = DEFINITIONAL_REPRESENTATION('',(#8043),#8047);
#8043 = LINE('',#8044,#8045);
#8044 = CARTESIAN_POINT('',(0.362548828125,0.));
#8045 = VECTOR('',#8046,1.);
#8046 = DIRECTION('',(0.,-1.));
#8047 = ( GEOMETRIC_REPRESENTATION_CONTEXT(2) 
PARAMETRIC_REPRESENTATION_CONTEXT() REPRESENTATION_CONTEXT('2D SPACE',''
  ) );
#8048 = ORIENTED_EDGE('',*,*,#8049,.T.);
#8049 = EDGE_CURVE('',#8027,#7929,#8050,.T.);
#8050 = SURFACE_CURVE('',#8051,(#8055,#8062),.PCURVE_S1.);
#8051 = LINE('',#8052,#8053);
#8052 = CARTESIAN_POINT('',(16.033813476562,-5.715209960938,16.6));
#8053 = VECTOR('',#8054,1.);
#8054 = DIRECTION('',(-1.,0.,0.));
#8055 = PCURVE('',#3171,#8056);
#8056 = DEFINITIONAL_REPRESENTATION('',(#8057),#8061);
#8057 = LINE('',#8058,#8059);
#8058 = CARTESIAN_POINT('',(0.,-0.65));
#8059 = VECTOR('',#8060,1.);
#8060 = DIRECTION('',(1.,0.));
#8061 = ( GEOMETRIC_REPRESENTATION_CONTEXT(2) 
PARAMETRIC_REPRESENTATION_CONTEXT() REPRESENTATION_CONTEXT('2D SPACE',''
  ) );
#8062 = PCURVE('',#7842,#8063);
#8063 = DEFINITIONAL_REPRESENTATION('',(#8064),#8068);
#8064 = LINE('',#8065,#8066);
#8065 = CARTESIAN_POINT('',(2.28515625,0.771240234375));
#8066 = VECTOR('',#8067,1.);
#8067 = DIRECTION('',(-1.,0.));
#8068 = ( GEOMETRIC_REPRESENTATION_CONTEXT(2) 
PARAMETRIC_REPRESENTATION_CONTEXT() REPRESENTATION_CONTEXT('2D SPACE',''
  ) );
#8069 = ORIENTED_EDGE('',*,*,#7928,.F.);
#8070 = ADVANCED_FACE('',(#8071),#3015,.T.);
#8071 = FACE_BOUND('',#8072,.T.);
#8072 = EDGE_LOOP('',(#8073,#8074,#8075,#8098));
#8073 = ORIENTED_EDGE('',*,*,#3000,.T.);
#8074 = ORIENTED_EDGE('',*,*,#8001,.T.);
#8075 = ORIENTED_EDGE('',*,*,#8076,.T.);
#8076 = EDGE_CURVE('',#7979,#8077,#8079,.T.);
#8077 = VERTEX_POINT('',#8078);
#8078 = CARTESIAN_POINT('',(13.805786132812,-5.352661132812,16.6));
#8079 = SURFACE_CURVE('',#8080,(#8084,#8091),.PCURVE_S1.);
#8080 = LINE('',#8081,#8082);
#8081 = CARTESIAN_POINT('',(13.805786132812,-5.715209960938,16.6));
#8082 = VECTOR('',#8083,1.);
#8083 = DIRECTION('',(0.,1.,0.));
#8084 = PCURVE('',#3015,#8085);
#8085 = DEFINITIONAL_REPRESENTATION('',(#8086),#8090);
#8086 = LINE('',#8087,#8088);
#8087 = CARTESIAN_POINT('',(0.,-0.65));
#8088 = VECTOR('',#8089,1.);
#8089 = DIRECTION('',(1.,0.));
#8090 = ( GEOMETRIC_REPRESENTATION_CONTEXT(2) 
PARAMETRIC_REPRESENTATION_CONTEXT() REPRESENTATION_CONTEXT('2D SPACE',''
  ) );
#8091 = PCURVE('',#7842,#8092);
#8092 = DEFINITIONAL_REPRESENTATION('',(#8093),#8097);
#8093 = LINE('',#8094,#8095);
#8094 = CARTESIAN_POINT('',(5.712890625E-02,0.771240234375));
#8095 = VECTOR('',#8096,1.);
#8096 = DIRECTION('',(0.,1.));
#8097 = ( GEOMETRIC_REPRESENTATION_CONTEXT(2) 
PARAMETRIC_REPRESENTATION_CONTEXT() REPRESENTATION_CONTEXT('2D SPACE',''
  ) );
#8098 = ORIENTED_EDGE('',*,*,#8099,.F.);
#8099 = EDGE_CURVE('',#3001,#8077,#8100,.T.);
#8100 = SURFACE_CURVE('',#8101,(#8105,#8112),.PCURVE_S1.);
#8101 = LINE('',#8102,#8103);
#8102 = CARTESIAN_POINT('',(13.805786132812,-5.352661132812,15.95));
#8103 = VECTOR('',#8104,1.);
#8104 = DIRECTION('',(0.,0.,1.));
#8105 = PCURVE('',#3015,#8106);
#8106 = DEFINITIONAL_REPRESENTATION('',(#8107),#8111);
#8107 = LINE('',#8108,#8109);
#8108 = CARTESIAN_POINT('',(0.362548828125,0.));
#8109 = VECTOR('',#8110,1.);
#8110 = DIRECTION('',(0.,-1.));
#8111 = ( GEOMETRIC_REPRESENTATION_CONTEXT(2) 
PARAMETRIC_REPRESENTATION_CONTEXT() REPRESENTATION_CONTEXT('2D SPACE',''
  ) );
#8112 = PCURVE('',#3041,#8113);
#8113 = DEFINITIONAL_REPRESENTATION('',(#8114),#8118);
#8114 = LINE('',#8115,#8116);
#8115 = CARTESIAN_POINT('',(0.,0.));
#8116 = VECTOR('',#8117,1.);
#8117 = DIRECTION('',(0.,-1.));
#8118 = ( GEOMETRIC_REPRESENTATION_CONTEXT(2) 
PARAMETRIC_REPRESENTATION_CONTEXT() REPRESENTATION_CONTEXT('2D SPACE',''
  ) );
#8119 = ADVANCED_FACE('',(#8120),#3145,.T.);
#8120 = FACE_BOUND('',#8121,.T.);
#8121 = EDGE_LOOP('',(#8122,#8123,#8146,#8167));
#8122 = ORIENTED_EDGE('',*,*,#3130,.T.);
#8123 = ORIENTED_EDGE('',*,*,#8124,.T.);
#8124 = EDGE_CURVE('',#3105,#8125,#8127,.T.);
#8125 = VERTEX_POINT('',#8126);
#8126 = CARTESIAN_POINT('',(16.033813476562,-5.352661132812,16.6));
#8127 = SURFACE_CURVE('',#8128,(#8132,#8139),.PCURVE_S1.);
#8128 = LINE('',#8129,#8130);
#8129 = CARTESIAN_POINT('',(16.033813476562,-5.352661132812,15.95));
#8130 = VECTOR('',#8131,1.);
#8131 = DIRECTION('',(0.,0.,1.));
#8132 = PCURVE('',#3145,#8133);
#8133 = DEFINITIONAL_REPRESENTATION('',(#8134),#8138);
#8134 = LINE('',#8135,#8136);
#8135 = CARTESIAN_POINT('',(0.,0.));
#8136 = VECTOR('',#8137,1.);
#8137 = DIRECTION('',(0.,-1.));
#8138 = ( GEOMETRIC_REPRESENTATION_CONTEXT(2) 
PARAMETRIC_REPRESENTATION_CONTEXT() REPRESENTATION_CONTEXT('2D SPACE',''
  ) );
#8139 = PCURVE('',#3119,#8140);
#8140 = DEFINITIONAL_REPRESENTATION('',(#8141),#8145);
#8141 = LINE('',#8142,#8143);
#8142 = CARTESIAN_POINT('',(0.43505859375,0.));
#8143 = VECTOR('',#8144,1.);
#8144 = DIRECTION('',(0.,-1.));
#8145 = ( GEOMETRIC_REPRESENTATION_CONTEXT(2) 
PARAMETRIC_REPRESENTATION_CONTEXT() REPRESENTATION_CONTEXT('2D SPACE',''
  ) );
#8146 = ORIENTED_EDGE('',*,*,#8147,.T.);
#8147 = EDGE_CURVE('',#8125,#8027,#8148,.T.);
#8148 = SURFACE_CURVE('',#8149,(#8153,#8160),.PCURVE_S1.);
#8149 = LINE('',#8150,#8151);
#8150 = CARTESIAN_POINT('',(16.033813476562,-5.352661132812,16.6));
#8151 = VECTOR('',#8152,1.);
#8152 = DIRECTION('',(0.,-1.,0.));
#8153 = PCURVE('',#3145,#8154);
#8154 = DEFINITIONAL_REPRESENTATION('',(#8155),#8159);
#8155 = LINE('',#8156,#8157);
#8156 = CARTESIAN_POINT('',(0.,-0.65));
#8157 = VECTOR('',#8158,1.);
#8158 = DIRECTION('',(1.,0.));
#8159 = ( GEOMETRIC_REPRESENTATION_CONTEXT(2) 
PARAMETRIC_REPRESENTATION_CONTEXT() REPRESENTATION_CONTEXT('2D SPACE',''
  ) );
#8160 = PCURVE('',#7842,#8161);
#8161 = DEFINITIONAL_REPRESENTATION('',(#8162),#8166);
#8162 = LINE('',#8163,#8164);
#8163 = CARTESIAN_POINT('',(2.28515625,1.1337890625));
#8164 = VECTOR('',#8165,1.);
#8165 = DIRECTION('',(0.,-1.));
#8166 = ( GEOMETRIC_REPRESENTATION_CONTEXT(2) 
PARAMETRIC_REPRESENTATION_CONTEXT() REPRESENTATION_CONTEXT('2D SPACE',''
  ) );
#8167 = ORIENTED_EDGE('',*,*,#8026,.F.);
#8168 = ADVANCED_FACE('',(#8169),#3041,.T.);
#8169 = FACE_BOUND('',#8170,.T.);
#8170 = EDGE_LOOP('',(#8171,#8172,#8173,#8196));
#8171 = ORIENTED_EDGE('',*,*,#3026,.T.);
#8172 = ORIENTED_EDGE('',*,*,#8099,.T.);
#8173 = ORIENTED_EDGE('',*,*,#8174,.T.);
#8174 = EDGE_CURVE('',#8077,#8175,#8177,.T.);
#8175 = VERTEX_POINT('',#8176);
#8176 = CARTESIAN_POINT('',(15.275756835938,-3.265258789062,16.6));
#8177 = SURFACE_CURVE('',#8178,(#8182,#8189),.PCURVE_S1.);
#8178 = LINE('',#8179,#8180);
#8179 = CARTESIAN_POINT('',(13.805786132812,-5.352661132812,16.6));
#8180 = VECTOR('',#8181,1.);
#8181 = DIRECTION('',(0.575770516134,0.817611345781,0.));
#8182 = PCURVE('',#3041,#8183);
#8183 = DEFINITIONAL_REPRESENTATION('',(#8184),#8188);
#8184 = LINE('',#8185,#8186);
#8185 = CARTESIAN_POINT('',(0.,-0.65));
#8186 = VECTOR('',#8187,1.);
#8187 = DIRECTION('',(1.,0.));
#8188 = ( GEOMETRIC_REPRESENTATION_CONTEXT(2) 
PARAMETRIC_REPRESENTATION_CONTEXT() REPRESENTATION_CONTEXT('2D SPACE',''
  ) );
#8189 = PCURVE('',#7842,#8190);
#8190 = DEFINITIONAL_REPRESENTATION('',(#8191),#8195);
#8191 = LINE('',#8192,#8193);
#8192 = CARTESIAN_POINT('',(5.712890625E-02,1.1337890625));
#8193 = VECTOR('',#8194,1.);
#8194 = DIRECTION('',(0.575770516134,0.817611345781));
#8195 = ( GEOMETRIC_REPRESENTATION_CONTEXT(2) 
PARAMETRIC_REPRESENTATION_CONTEXT() REPRESENTATION_CONTEXT('2D SPACE',''
  ) );
#8196 = ORIENTED_EDGE('',*,*,#8197,.F.);
#8197 = EDGE_CURVE('',#3027,#8175,#8198,.T.);
#8198 = SURFACE_CURVE('',#8199,(#8203,#8210),.PCURVE_S1.);
#8199 = LINE('',#8200,#8201);
#8200 = CARTESIAN_POINT('',(15.275756835938,-3.265258789062,15.95));
#8201 = VECTOR('',#8202,1.);
#8202 = DIRECTION('',(0.,0.,1.));
#8203 = PCURVE('',#3041,#8204);
#8204 = DEFINITIONAL_REPRESENTATION('',(#8205),#8209);
#8205 = LINE('',#8206,#8207);
#8206 = CARTESIAN_POINT('',(2.553049629901,0.));
#8207 = VECTOR('',#8208,1.);
#8208 = DIRECTION('',(0.,-1.));
#8209 = ( GEOMETRIC_REPRESENTATION_CONTEXT(2) 
PARAMETRIC_REPRESENTATION_CONTEXT() REPRESENTATION_CONTEXT('2D SPACE',''
  ) );
#8210 = PCURVE('',#3067,#8211);
#8211 = DEFINITIONAL_REPRESENTATION('',(#8212),#8216);
#8212 = LINE('',#8213,#8214);
#8213 = CARTESIAN_POINT('',(0.,0.));
#8214 = VECTOR('',#8215,1.);
#8215 = DIRECTION('',(0.,-1.));
#8216 = ( GEOMETRIC_REPRESENTATION_CONTEXT(2) 
PARAMETRIC_REPRESENTATION_CONTEXT() REPRESENTATION_CONTEXT('2D SPACE',''
  ) );
#8217 = ADVANCED_FACE('',(#8218),#3119,.T.);
#8218 = FACE_BOUND('',#8219,.T.);
#8219 = EDGE_LOOP('',(#8220,#8221,#8244,#8265));
#8220 = ORIENTED_EDGE('',*,*,#3104,.T.);
#8221 = ORIENTED_EDGE('',*,*,#8222,.T.);
#8222 = EDGE_CURVE('',#3079,#8223,#8225,.T.);
#8223 = VERTEX_POINT('',#8224);
#8224 = CARTESIAN_POINT('',(15.598754882812,-5.352661132812,16.6));
#8225 = SURFACE_CURVE('',#8226,(#8230,#8237),.PCURVE_S1.);
#8226 = LINE('',#8227,#8228);
#8227 = CARTESIAN_POINT('',(15.598754882812,-5.352661132812,15.95));
#8228 = VECTOR('',#8229,1.);
#8229 = DIRECTION('',(0.,0.,1.));
#8230 = PCURVE('',#3119,#8231);
#8231 = DEFINITIONAL_REPRESENTATION('',(#8232),#8236);
#8232 = LINE('',#8233,#8234);
#8233 = CARTESIAN_POINT('',(0.,0.));
#8234 = VECTOR('',#8235,1.);
#8235 = DIRECTION('',(0.,-1.));
#8236 = ( GEOMETRIC_REPRESENTATION_CONTEXT(2) 
PARAMETRIC_REPRESENTATION_CONTEXT() REPRESENTATION_CONTEXT('2D SPACE',''
  ) );
#8237 = PCURVE('',#3093,#8238);
#8238 = DEFINITIONAL_REPRESENTATION('',(#8239),#8243);
#8239 = LINE('',#8240,#8241);
#8240 = CARTESIAN_POINT('',(2.08740234375,0.));
#8241 = VECTOR('',#8242,1.);
#8242 = DIRECTION('',(0.,-1.));
#8243 = ( GEOMETRIC_REPRESENTATION_CONTEXT(2) 
PARAMETRIC_REPRESENTATION_CONTEXT() REPRESENTATION_CONTEXT('2D SPACE',''
  ) );
#8244 = ORIENTED_EDGE('',*,*,#8245,.T.);
#8245 = EDGE_CURVE('',#8223,#8125,#8246,.T.);
#8246 = SURFACE_CURVE('',#8247,(#8251,#8258),.PCURVE_S1.);
#8247 = LINE('',#8248,#8249);
#8248 = CARTESIAN_POINT('',(15.598754882812,-5.352661132812,16.6));
#8249 = VECTOR('',#8250,1.);
#8250 = DIRECTION('',(1.,0.,0.));
#8251 = PCURVE('',#3119,#8252);
#8252 = DEFINITIONAL_REPRESENTATION('',(#8253),#8257);
#8253 = LINE('',#8254,#8255);
#8254 = CARTESIAN_POINT('',(0.,-0.65));
#8255 = VECTOR('',#8256,1.);
#8256 = DIRECTION('',(1.,0.));
#8257 = ( GEOMETRIC_REPRESENTATION_CONTEXT(2) 
PARAMETRIC_REPRESENTATION_CONTEXT() REPRESENTATION_CONTEXT('2D SPACE',''
  ) );
#8258 = PCURVE('',#7842,#8259);
#8259 = DEFINITIONAL_REPRESENTATION('',(#8260),#8264);
#8260 = LINE('',#8261,#8262);
#8261 = CARTESIAN_POINT('',(1.85009765625,1.1337890625));
#8262 = VECTOR('',#8263,1.);
#8263 = DIRECTION('',(1.,0.));
#8264 = ( GEOMETRIC_REPRESENTATION_CONTEXT(2) 
PARAMETRIC_REPRESENTATION_CONTEXT() REPRESENTATION_CONTEXT('2D SPACE',''
  ) );
#8265 = ORIENTED_EDGE('',*,*,#8124,.F.);
#8266 = ADVANCED_FACE('',(#8267),#3067,.T.);
#8267 = FACE_BOUND('',#8268,.T.);
#8268 = EDGE_LOOP('',(#8269,#8270,#8271,#8294));
#8269 = ORIENTED_EDGE('',*,*,#3052,.T.);
#8270 = ORIENTED_EDGE('',*,*,#8197,.T.);
#8271 = ORIENTED_EDGE('',*,*,#8272,.T.);
#8272 = EDGE_CURVE('',#8175,#8273,#8275,.T.);
#8273 = VERTEX_POINT('',#8274);
#8274 = CARTESIAN_POINT('',(15.598754882812,-3.265258789062,16.6));
#8275 = SURFACE_CURVE('',#8276,(#8280,#8287),.PCURVE_S1.);
#8276 = LINE('',#8277,#8278);
#8277 = CARTESIAN_POINT('',(15.275756835938,-3.265258789062,16.6));
#8278 = VECTOR('',#8279,1.);
#8279 = DIRECTION('',(1.,0.,0.));
#8280 = PCURVE('',#3067,#8281);
#8281 = DEFINITIONAL_REPRESENTATION('',(#8282),#8286);
#8282 = LINE('',#8283,#8284);
#8283 = CARTESIAN_POINT('',(0.,-0.65));
#8284 = VECTOR('',#8285,1.);
#8285 = DIRECTION('',(1.,0.));
#8286 = ( GEOMETRIC_REPRESENTATION_CONTEXT(2) 
PARAMETRIC_REPRESENTATION_CONTEXT() REPRESENTATION_CONTEXT('2D SPACE',''
  ) );
#8287 = PCURVE('',#7842,#8288);
#8288 = DEFINITIONAL_REPRESENTATION('',(#8289),#8293);
#8289 = LINE('',#8290,#8291);
#8290 = CARTESIAN_POINT('',(1.527099609375,3.22119140625));
#8291 = VECTOR('',#8292,1.);
#8292 = DIRECTION('',(1.,0.));
#8293 = ( GEOMETRIC_REPRESENTATION_CONTEXT(2) 
PARAMETRIC_REPRESENTATION_CONTEXT() REPRESENTATION_CONTEXT('2D SPACE',''
  ) );
#8294 = ORIENTED_EDGE('',*,*,#8295,.F.);
#8295 = EDGE_CURVE('',#3053,#8273,#8296,.T.);
#8296 = SURFACE_CURVE('',#8297,(#8301,#8308),.PCURVE_S1.);
#8297 = LINE('',#8298,#8299);
#8298 = CARTESIAN_POINT('',(15.598754882812,-3.265258789062,15.95));
#8299 = VECTOR('',#8300,1.);
#8300 = DIRECTION('',(0.,0.,1.));
#8301 = PCURVE('',#3067,#8302);
#8302 = DEFINITIONAL_REPRESENTATION('',(#8303),#8307);
#8303 = LINE('',#8304,#8305);
#8304 = CARTESIAN_POINT('',(0.322998046875,0.));
#8305 = VECTOR('',#8306,1.);
#8306 = DIRECTION('',(0.,-1.));
#8307 = ( GEOMETRIC_REPRESENTATION_CONTEXT(2) 
PARAMETRIC_REPRESENTATION_CONTEXT() REPRESENTATION_CONTEXT('2D SPACE',''
  ) );
#8308 = PCURVE('',#3093,#8309);
#8309 = DEFINITIONAL_REPRESENTATION('',(#8310),#8314);
#8310 = LINE('',#8311,#8312);
#8311 = CARTESIAN_POINT('',(0.,0.));
#8312 = VECTOR('',#8313,1.);
#8313 = DIRECTION('',(0.,-1.));
#8314 = ( GEOMETRIC_REPRESENTATION_CONTEXT(2) 
PARAMETRIC_REPRESENTATION_CONTEXT() REPRESENTATION_CONTEXT('2D SPACE',''
  ) );
#8315 = ADVANCED_FACE('',(#8316),#3093,.T.);
#8316 = FACE_BOUND('',#8317,.T.);
#8317 = EDGE_LOOP('',(#8318,#8319,#8320,#8341));
#8318 = ORIENTED_EDGE('',*,*,#3078,.T.);
#8319 = ORIENTED_EDGE('',*,*,#8295,.T.);
#8320 = ORIENTED_EDGE('',*,*,#8321,.T.);
#8321 = EDGE_CURVE('',#8273,#8223,#8322,.T.);
#8322 = SURFACE_CURVE('',#8323,(#8327,#8334),.PCURVE_S1.);
#8323 = LINE('',#8324,#8325);
#8324 = CARTESIAN_POINT('',(15.598754882812,-3.265258789062,16.6));
#8325 = VECTOR('',#8326,1.);
#8326 = DIRECTION('',(0.,-1.,0.));
#8327 = PCURVE('',#3093,#8328);
#8328 = DEFINITIONAL_REPRESENTATION('',(#8329),#8333);
#8329 = LINE('',#8330,#8331);
#8330 = CARTESIAN_POINT('',(0.,-0.65));
#8331 = VECTOR('',#8332,1.);
#8332 = DIRECTION('',(1.,0.));
#8333 = ( GEOMETRIC_REPRESENTATION_CONTEXT(2) 
PARAMETRIC_REPRESENTATION_CONTEXT() REPRESENTATION_CONTEXT('2D SPACE',''
  ) );
#8334 = PCURVE('',#7842,#8335);
#8335 = DEFINITIONAL_REPRESENTATION('',(#8336),#8340);
#8336 = LINE('',#8337,#8338);
#8337 = CARTESIAN_POINT('',(1.85009765625,3.22119140625));
#8338 = VECTOR('',#8339,1.);
#8339 = DIRECTION('',(0.,-1.));
#8340 = ( GEOMETRIC_REPRESENTATION_CONTEXT(2) 
PARAMETRIC_REPRESENTATION_CONTEXT() REPRESENTATION_CONTEXT('2D SPACE',''
  ) );
#8341 = ORIENTED_EDGE('',*,*,#8222,.F.);
#8342 = ADVANCED_FACE('',(#8343),#3225,.T.);
#8343 = FACE_BOUND('',#8344,.T.);
#8344 = EDGE_LOOP('',(#8345,#8346,#8369,#8397));
#8345 = ORIENTED_EDGE('',*,*,#3208,.T.);
#8346 = ORIENTED_EDGE('',*,*,#8347,.T.);
#8347 = EDGE_CURVE('',#3211,#8348,#8350,.T.);
#8348 = VERTEX_POINT('',#8349);
#8349 = CARTESIAN_POINT('',(28.935424804688,-5.642700195312,16.6));
#8350 = SURFACE_CURVE('',#8351,(#8355,#8362),.PCURVE_S1.);
#8351 = LINE('',#8352,#8353);
#8352 = CARTESIAN_POINT('',(28.935424804688,-5.642700195312,15.95));
#8353 = VECTOR('',#8354,1.);
#8354 = DIRECTION('',(0.,0.,1.));
#8355 = PCURVE('',#3225,#8356);
#8356 = DEFINITIONAL_REPRESENTATION('',(#8357),#8361);
#8357 = LINE('',#8358,#8359);
#8358 = CARTESIAN_POINT('',(0.,0.));
#8359 = VECTOR('',#8360,1.);
#8360 = DIRECTION('',(0.,-1.));
#8361 = ( GEOMETRIC_REPRESENTATION_CONTEXT(2) 
PARAMETRIC_REPRESENTATION_CONTEXT() REPRESENTATION_CONTEXT('2D SPACE',''
  ) );
#8362 = PCURVE('',#4161,#8363);
#8363 = DEFINITIONAL_REPRESENTATION('',(#8364),#8368);
#8364 = LINE('',#8365,#8366);
#8365 = CARTESIAN_POINT('',(1.,0.));
#8366 = VECTOR('',#8367,1.);
#8367 = DIRECTION('',(0.,-1.));
#8368 = ( GEOMETRIC_REPRESENTATION_CONTEXT(2) 
PARAMETRIC_REPRESENTATION_CONTEXT() REPRESENTATION_CONTEXT('2D SPACE',''
  ) );
#8369 = ORIENTED_EDGE('',*,*,#8370,.T.);
#8370 = EDGE_CURVE('',#8348,#8371,#8373,.T.);
#8371 = VERTEX_POINT('',#8372);
#8372 = CARTESIAN_POINT('',(29.350708007812,-5.607543945312,16.6));
#8373 = SURFACE_CURVE('',#8374,(#8378,#8385),.PCURVE_S1.);
#8374 = LINE('',#8375,#8376);
#8375 = CARTESIAN_POINT('',(28.935424804688,-5.642700195312,16.6));
#8376 = VECTOR('',#8377,1.);
#8377 = DIRECTION('',(0.996435819697,8.43543551066E-02,0.));
#8378 = PCURVE('',#3225,#8379);
#8379 = DEFINITIONAL_REPRESENTATION('',(#8380),#8384);
#8380 = LINE('',#8381,#8382);
#8381 = CARTESIAN_POINT('',(0.,-0.65));
#8382 = VECTOR('',#8383,1.);
#8383 = DIRECTION('',(1.,0.));
#8384 = ( GEOMETRIC_REPRESENTATION_CONTEXT(2) 
PARAMETRIC_REPRESENTATION_CONTEXT() REPRESENTATION_CONTEXT('2D SPACE',''
  ) );
#8385 = PCURVE('',#8386,#8391);
#8386 = PLANE('',#8387);
#8387 = AXIS2_PLACEMENT_3D('',#8388,#8389,#8390);
#8388 = CARTESIAN_POINT('',(28.748657226562,-6.486450195312,16.6));
#8389 = DIRECTION('',(0.,0.,1.));
#8390 = DIRECTION('',(1.,0.,0.));
#8391 = DEFINITIONAL_REPRESENTATION('',(#8392),#8396);
#8392 = LINE('',#8393,#8394);
#8393 = CARTESIAN_POINT('',(0.186767578125,0.84375));
#8394 = VECTOR('',#8395,1.);
#8395 = DIRECTION('',(0.996435819697,8.43543551066E-02));
#8396 = ( GEOMETRIC_REPRESENTATION_CONTEXT(2) 
PARAMETRIC_REPRESENTATION_CONTEXT() REPRESENTATION_CONTEXT('2D SPACE',''
  ) );
#8397 = ORIENTED_EDGE('',*,*,#8398,.F.);
#8398 = EDGE_CURVE('',#3209,#8371,#8399,.T.);
#8399 = SURFACE_CURVE('',#8400,(#8404,#8411),.PCURVE_S1.);
#8400 = LINE('',#8401,#8402);
#8401 = CARTESIAN_POINT('',(29.350708007812,-5.607543945312,15.95));
#8402 = VECTOR('',#8403,1.);
#8403 = DIRECTION('',(0.,0.,1.));
#8404 = PCURVE('',#3225,#8405);
#8405 = DEFINITIONAL_REPRESENTATION('',(#8406),#8410);
#8406 = LINE('',#8407,#8408);
#8407 = CARTESIAN_POINT('',(0.416768641709,0.));
#8408 = VECTOR('',#8409,1.);
#8409 = DIRECTION('',(0.,-1.));
#8410 = ( GEOMETRIC_REPRESENTATION_CONTEXT(2) 
PARAMETRIC_REPRESENTATION_CONTEXT() REPRESENTATION_CONTEXT('2D SPACE',''
  ) );
#8411 = PCURVE('',#3260,#8412);
#8412 = DEFINITIONAL_REPRESENTATION('',(#8413),#8417);
#8413 = LINE('',#8414,#8415);
#8414 = CARTESIAN_POINT('',(0.,0.));
#8415 = VECTOR('',#8416,1.);
#8416 = DIRECTION('',(0.,-1.));
#8417 = ( GEOMETRIC_REPRESENTATION_CONTEXT(2) 
PARAMETRIC_REPRESENTATION_CONTEXT() REPRESENTATION_CONTEXT('2D SPACE',''
  ) );
#8418 = ADVANCED_FACE('',(#8419),#4161,.T.);
#8419 = FACE_BOUND('',#8420,.T.);
#8420 = EDGE_LOOP('',(#8421,#8422,#8445,#8466));
#8421 = ORIENTED_EDGE('',*,*,#4133,.T.);
#8422 = ORIENTED_EDGE('',*,*,#8423,.T.);
#8423 = EDGE_CURVE('',#4077,#8424,#8426,.T.);
#8424 = VERTEX_POINT('',#8425);
#8425 = CARTESIAN_POINT('',(29.2529296875,-6.295288085938,16.6));
#8426 = SURFACE_CURVE('',#8427,(#8431,#8438),.PCURVE_S1.);
#8427 = LINE('',#8428,#8429);
#8428 = CARTESIAN_POINT('',(29.2529296875,-6.295288085938,15.95));
#8429 = VECTOR('',#8430,1.);
#8430 = DIRECTION('',(0.,0.,1.));
#8431 = PCURVE('',#4161,#8432);
#8432 = DEFINITIONAL_REPRESENTATION('',(#8433),#8437);
#8433 = LINE('',#8434,#8435);
#8434 = CARTESIAN_POINT('',(0.,0.));
#8435 = VECTOR('',#8436,1.);
#8436 = DIRECTION('',(0.,-1.));
#8437 = ( GEOMETRIC_REPRESENTATION_CONTEXT(2) 
PARAMETRIC_REPRESENTATION_CONTEXT() REPRESENTATION_CONTEXT('2D SPACE',''
  ) );
#8438 = PCURVE('',#4110,#8439);
#8439 = DEFINITIONAL_REPRESENTATION('',(#8440),#8444);
#8440 = LINE('',#8441,#8442);
#8441 = CARTESIAN_POINT('',(1.,0.));
#8442 = VECTOR('',#8443,1.);
#8443 = DIRECTION('',(0.,-1.));
#8444 = ( GEOMETRIC_REPRESENTATION_CONTEXT(2) 
PARAMETRIC_REPRESENTATION_CONTEXT() REPRESENTATION_CONTEXT('2D SPACE',''
  ) );
#8445 = ORIENTED_EDGE('',*,*,#8446,.T.);
#8446 = EDGE_CURVE('',#8424,#8348,#8447,.T.);
#8447 = SURFACE_CURVE('',#8448,(#8452,#8459),.PCURVE_S1.);
#8448 = B_SPLINE_CURVE_WITH_KNOTS('',2,(#8449,#8450,#8451),
  .UNSPECIFIED.,.F.,.F.,(3,3),(0.,1.),.PIECEWISE_BEZIER_KNOTS.);
#8449 = CARTESIAN_POINT('',(29.2529296875,-6.295288085938,16.6));
#8450 = CARTESIAN_POINT('',(28.974975585938,-6.049194335938,16.6));
#8451 = CARTESIAN_POINT('',(28.935424804688,-5.642700195312,16.6));
#8452 = PCURVE('',#4161,#8453);
#8453 = DEFINITIONAL_REPRESENTATION('',(#8454),#8458);
#8454 = LINE('',#8455,#8456);
#8455 = CARTESIAN_POINT('',(0.,-0.65));
#8456 = VECTOR('',#8457,1.);
#8457 = DIRECTION('',(1.,0.));
#8458 = ( GEOMETRIC_REPRESENTATION_CONTEXT(2) 
PARAMETRIC_REPRESENTATION_CONTEXT() REPRESENTATION_CONTEXT('2D SPACE',''
  ) );
#8459 = PCURVE('',#8386,#8460);
#8460 = DEFINITIONAL_REPRESENTATION('',(#8461),#8465);
#8461 = B_SPLINE_CURVE_WITH_KNOTS('',2,(#8462,#8463,#8464),
  .UNSPECIFIED.,.F.,.F.,(3,3),(0.,1.),.PIECEWISE_BEZIER_KNOTS.);
#8462 = CARTESIAN_POINT('',(0.504272460938,0.191162109375));
#8463 = CARTESIAN_POINT('',(0.226318359375,0.437255859375));
#8464 = CARTESIAN_POINT('',(0.186767578125,0.84375));
#8465 = ( GEOMETRIC_REPRESENTATION_CONTEXT(2) 
PARAMETRIC_REPRESENTATION_CONTEXT() REPRESENTATION_CONTEXT('2D SPACE',''
  ) );
#8466 = ORIENTED_EDGE('',*,*,#8347,.F.);
#8467 = ADVANCED_FACE('',(#8468),#4110,.T.);
#8468 = FACE_BOUND('',#8469,.T.);
#8469 = EDGE_LOOP('',(#8470,#8471,#8494,#8515));
#8470 = ORIENTED_EDGE('',*,*,#4076,.T.);
#8471 = ORIENTED_EDGE('',*,*,#8472,.T.);
#8472 = EDGE_CURVE('',#4014,#8473,#8475,.T.);
#8473 = VERTEX_POINT('',#8474);
#8474 = CARTESIAN_POINT('',(29.970336914062,-6.541381835938,16.6));
#8475 = SURFACE_CURVE('',#8476,(#8480,#8487),.PCURVE_S1.);
#8476 = LINE('',#8477,#8478);
#8477 = CARTESIAN_POINT('',(29.970336914062,-6.541381835938,15.95));
#8478 = VECTOR('',#8479,1.);
#8479 = DIRECTION('',(0.,0.,1.));
#8480 = PCURVE('',#4110,#8481);
#8481 = DEFINITIONAL_REPRESENTATION('',(#8482),#8486);
#8482 = LINE('',#8483,#8484);
#8483 = CARTESIAN_POINT('',(0.,0.));
#8484 = VECTOR('',#8485,1.);
#8485 = DIRECTION('',(0.,-1.));
#8486 = ( GEOMETRIC_REPRESENTATION_CONTEXT(2) 
PARAMETRIC_REPRESENTATION_CONTEXT() REPRESENTATION_CONTEXT('2D SPACE',''
  ) );
#8487 = PCURVE('',#4051,#8488);
#8488 = DEFINITIONAL_REPRESENTATION('',(#8489),#8493);
#8489 = LINE('',#8490,#8491);
#8490 = CARTESIAN_POINT('',(1.,0.));
#8491 = VECTOR('',#8492,1.);
#8492 = DIRECTION('',(0.,-1.));
#8493 = ( GEOMETRIC_REPRESENTATION_CONTEXT(2) 
PARAMETRIC_REPRESENTATION_CONTEXT() REPRESENTATION_CONTEXT('2D SPACE',''
  ) );
#8494 = ORIENTED_EDGE('',*,*,#8495,.T.);
#8495 = EDGE_CURVE('',#8473,#8424,#8496,.T.);
#8496 = SURFACE_CURVE('',#8497,(#8501,#8508),.PCURVE_S1.);
#8497 = B_SPLINE_CURVE_WITH_KNOTS('',2,(#8498,#8499,#8500),
  .UNSPECIFIED.,.F.,.F.,(3,3),(0.,1.),.PIECEWISE_BEZIER_KNOTS.);
#8498 = CARTESIAN_POINT('',(29.970336914062,-6.541381835938,16.6));
#8499 = CARTESIAN_POINT('',(29.530883789062,-6.541381835938,16.6));
#8500 = CARTESIAN_POINT('',(29.2529296875,-6.295288085938,16.6));
#8501 = PCURVE('',#4110,#8502);
#8502 = DEFINITIONAL_REPRESENTATION('',(#8503),#8507);
#8503 = LINE('',#8504,#8505);
#8504 = CARTESIAN_POINT('',(0.,-0.65));
#8505 = VECTOR('',#8506,1.);
#8506 = DIRECTION('',(1.,0.));
#8507 = ( GEOMETRIC_REPRESENTATION_CONTEXT(2) 
PARAMETRIC_REPRESENTATION_CONTEXT() REPRESENTATION_CONTEXT('2D SPACE',''
  ) );
#8508 = PCURVE('',#8386,#8509);
#8509 = DEFINITIONAL_REPRESENTATION('',(#8510),#8514);
#8510 = B_SPLINE_CURVE_WITH_KNOTS('',2,(#8511,#8512,#8513),
  .UNSPECIFIED.,.F.,.F.,(3,3),(0.,1.),.PIECEWISE_BEZIER_KNOTS.);
#8511 = CARTESIAN_POINT('',(1.2216796875,-5.4931640625E-02));
#8512 = CARTESIAN_POINT('',(0.7822265625,-5.4931640625E-02));
#8513 = CARTESIAN_POINT('',(0.504272460938,0.191162109375));
#8514 = ( GEOMETRIC_REPRESENTATION_CONTEXT(2) 
PARAMETRIC_REPRESENTATION_CONTEXT() REPRESENTATION_CONTEXT('2D SPACE',''
  ) );
#8515 = ORIENTED_EDGE('',*,*,#8423,.F.);
#8516 = ADVANCED_FACE('',(#8517),#4051,.T.);
#8517 = FACE_BOUND('',#8518,.T.);
#8518 = EDGE_LOOP('',(#8519,#8520,#8543,#8564));
#8519 = ORIENTED_EDGE('',*,*,#4013,.T.);
#8520 = ORIENTED_EDGE('',*,*,#8521,.T.);
#8521 = EDGE_CURVE('',#3963,#8522,#8524,.T.);
#8522 = VERTEX_POINT('',#8523);
#8523 = CARTESIAN_POINT('',(30.816284179688,-6.150268554688,16.6));
#8524 = SURFACE_CURVE('',#8525,(#8529,#8536),.PCURVE_S1.);
#8525 = LINE('',#8526,#8527);
#8526 = CARTESIAN_POINT('',(30.816284179688,-6.150268554688,15.95));
#8527 = VECTOR('',#8528,1.);
#8528 = DIRECTION('',(0.,0.,1.));
#8529 = PCURVE('',#4051,#8530);
#8530 = DEFINITIONAL_REPRESENTATION('',(#8531),#8535);
#8531 = LINE('',#8532,#8533);
#8532 = CARTESIAN_POINT('',(0.,0.));
#8533 = VECTOR('',#8534,1.);
#8534 = DIRECTION('',(0.,-1.));
#8535 = ( GEOMETRIC_REPRESENTATION_CONTEXT(2) 
PARAMETRIC_REPRESENTATION_CONTEXT() REPRESENTATION_CONTEXT('2D SPACE',''
  ) );
#8536 = PCURVE('',#3992,#8537);
#8537 = DEFINITIONAL_REPRESENTATION('',(#8538),#8542);
#8538 = LINE('',#8539,#8540);
#8539 = CARTESIAN_POINT('',(1.,0.));
#8540 = VECTOR('',#8541,1.);
#8541 = DIRECTION('',(0.,-1.));
#8542 = ( GEOMETRIC_REPRESENTATION_CONTEXT(2) 
PARAMETRIC_REPRESENTATION_CONTEXT() REPRESENTATION_CONTEXT('2D SPACE',''
  ) );
#8543 = ORIENTED_EDGE('',*,*,#8544,.T.);
#8544 = EDGE_CURVE('',#8522,#8473,#8545,.T.);
#8545 = SURFACE_CURVE('',#8546,(#8550,#8557),.PCURVE_S1.);
#8546 = B_SPLINE_CURVE_WITH_KNOTS('',2,(#8547,#8548,#8549),
  .UNSPECIFIED.,.F.,.F.,(3,3),(0.,1.),.PIECEWISE_BEZIER_KNOTS.);
#8547 = CARTESIAN_POINT('',(30.816284179688,-6.150268554688,16.6));
#8548 = CARTESIAN_POINT('',(30.506469726562,-6.541381835938,16.6));
#8549 = CARTESIAN_POINT('',(29.970336914062,-6.541381835938,16.6));
#8550 = PCURVE('',#4051,#8551);
#8551 = DEFINITIONAL_REPRESENTATION('',(#8552),#8556);
#8552 = LINE('',#8553,#8554);
#8553 = CARTESIAN_POINT('',(0.,-0.65));
#8554 = VECTOR('',#8555,1.);
#8555 = DIRECTION('',(1.,0.));
#8556 = ( GEOMETRIC_REPRESENTATION_CONTEXT(2) 
PARAMETRIC_REPRESENTATION_CONTEXT() REPRESENTATION_CONTEXT('2D SPACE',''
  ) );
#8557 = PCURVE('',#8386,#8558);
#8558 = DEFINITIONAL_REPRESENTATION('',(#8559),#8563);
#8559 = B_SPLINE_CURVE_WITH_KNOTS('',2,(#8560,#8561,#8562),
  .UNSPECIFIED.,.F.,.F.,(3,3),(0.,1.),.PIECEWISE_BEZIER_KNOTS.);
#8560 = CARTESIAN_POINT('',(2.067626953125,0.336181640625));
#8561 = CARTESIAN_POINT('',(1.7578125,-5.4931640625E-02));
#8562 = CARTESIAN_POINT('',(1.2216796875,-5.4931640625E-02));
#8563 = ( GEOMETRIC_REPRESENTATION_CONTEXT(2) 
PARAMETRIC_REPRESENTATION_CONTEXT() REPRESENTATION_CONTEXT('2D SPACE',''
  ) );
#8564 = ORIENTED_EDGE('',*,*,#8472,.F.);
#8565 = ADVANCED_FACE('',(#8566),#3992,.T.);
#8566 = FACE_BOUND('',#8567,.T.);
#8567 = EDGE_LOOP('',(#8568,#8569,#8592,#8613));
#8568 = ORIENTED_EDGE('',*,*,#3962,.T.);
#8569 = ORIENTED_EDGE('',*,*,#8570,.T.);
#8570 = EDGE_CURVE('',#3906,#8571,#8573,.T.);
#8571 = VERTEX_POINT('',#8572);
#8572 = CARTESIAN_POINT('',(31.071166992188,-5.394409179688,16.6));
#8573 = SURFACE_CURVE('',#8574,(#8578,#8585),.PCURVE_S1.);
#8574 = LINE('',#8575,#8576);
#8575 = CARTESIAN_POINT('',(31.071166992188,-5.394409179688,15.95));
#8576 = VECTOR('',#8577,1.);
#8577 = DIRECTION('',(0.,0.,1.));
#8578 = PCURVE('',#3992,#8579);
#8579 = DEFINITIONAL_REPRESENTATION('',(#8580),#8584);
#8580 = LINE('',#8581,#8582);
#8581 = CARTESIAN_POINT('',(0.,0.));
#8582 = VECTOR('',#8583,1.);
#8583 = DIRECTION('',(0.,-1.));
#8584 = ( GEOMETRIC_REPRESENTATION_CONTEXT(2) 
PARAMETRIC_REPRESENTATION_CONTEXT() REPRESENTATION_CONTEXT('2D SPACE',''
  ) );
#8585 = PCURVE('',#3939,#8586);
#8586 = DEFINITIONAL_REPRESENTATION('',(#8587),#8591);
#8587 = LINE('',#8588,#8589);
#8588 = CARTESIAN_POINT('',(1.,0.));
#8589 = VECTOR('',#8590,1.);
#8590 = DIRECTION('',(0.,-1.));
#8591 = ( GEOMETRIC_REPRESENTATION_CONTEXT(2) 
PARAMETRIC_REPRESENTATION_CONTEXT() REPRESENTATION_CONTEXT('2D SPACE',''
  ) );
#8592 = ORIENTED_EDGE('',*,*,#8593,.T.);
#8593 = EDGE_CURVE('',#8571,#8522,#8594,.T.);
#8594 = SURFACE_CURVE('',#8595,(#8599,#8606),.PCURVE_S1.);
#8595 = B_SPLINE_CURVE_WITH_KNOTS('',2,(#8596,#8597,#8598),
  .UNSPECIFIED.,.F.,.F.,(3,3),(0.,1.),.PIECEWISE_BEZIER_KNOTS.);
#8596 = CARTESIAN_POINT('',(31.071166992188,-5.394409179688,16.6));
#8597 = CARTESIAN_POINT('',(31.071166992188,-5.831665039062,16.6));
#8598 = CARTESIAN_POINT('',(30.816284179688,-6.150268554688,16.6));
#8599 = PCURVE('',#3992,#8600);
#8600 = DEFINITIONAL_REPRESENTATION('',(#8601),#8605);
#8601 = LINE('',#8602,#8603);
#8602 = CARTESIAN_POINT('',(0.,-0.65));
#8603 = VECTOR('',#8604,1.);
#8604 = DIRECTION('',(1.,0.));
#8605 = ( GEOMETRIC_REPRESENTATION_CONTEXT(2) 
PARAMETRIC_REPRESENTATION_CONTEXT() REPRESENTATION_CONTEXT('2D SPACE',''
  ) );
#8606 = PCURVE('',#8386,#8607);
#8607 = DEFINITIONAL_REPRESENTATION('',(#8608),#8612);
#8608 = B_SPLINE_CURVE_WITH_KNOTS('',2,(#8609,#8610,#8611),
  .UNSPECIFIED.,.F.,.F.,(3,3),(0.,1.),.PIECEWISE_BEZIER_KNOTS.);
#8609 = CARTESIAN_POINT('',(2.322509765625,1.092041015625));
#8610 = CARTESIAN_POINT('',(2.322509765625,0.65478515625));
#8611 = CARTESIAN_POINT('',(2.067626953125,0.336181640625));
#8612 = ( GEOMETRIC_REPRESENTATION_CONTEXT(2) 
PARAMETRIC_REPRESENTATION_CONTEXT() REPRESENTATION_CONTEXT('2D SPACE',''
  ) );
#8613 = ORIENTED_EDGE('',*,*,#8521,.F.);
#8614 = ADVANCED_FACE('',(#8615),#3939,.T.);
#8615 = FACE_BOUND('',#8616,.T.);
#8616 = EDGE_LOOP('',(#8617,#8618,#8641,#8662));
#8617 = ORIENTED_EDGE('',*,*,#3905,.T.);
#8618 = ORIENTED_EDGE('',*,*,#8619,.T.);
#8619 = EDGE_CURVE('',#3855,#8620,#8622,.T.);
#8620 = VERTEX_POINT('',#8621);
#8621 = CARTESIAN_POINT('',(30.781127929688,-4.642944335938,16.6));
#8622 = SURFACE_CURVE('',#8623,(#8627,#8634),.PCURVE_S1.);
#8623 = LINE('',#8624,#8625);
#8624 = CARTESIAN_POINT('',(30.781127929688,-4.642944335938,15.95));
#8625 = VECTOR('',#8626,1.);
#8626 = DIRECTION('',(0.,0.,1.));
#8627 = PCURVE('',#3939,#8628);
#8628 = DEFINITIONAL_REPRESENTATION('',(#8629),#8633);
#8629 = LINE('',#8630,#8631);
#8630 = CARTESIAN_POINT('',(0.,0.));
#8631 = VECTOR('',#8632,1.);
#8632 = DIRECTION('',(0.,-1.));
#8633 = ( GEOMETRIC_REPRESENTATION_CONTEXT(2) 
PARAMETRIC_REPRESENTATION_CONTEXT() REPRESENTATION_CONTEXT('2D SPACE',''
  ) );
#8634 = PCURVE('',#3884,#8635);
#8635 = DEFINITIONAL_REPRESENTATION('',(#8636),#8640);
#8636 = LINE('',#8637,#8638);
#8637 = CARTESIAN_POINT('',(1.,0.));
#8638 = VECTOR('',#8639,1.);
#8639 = DIRECTION('',(0.,-1.));
#8640 = ( GEOMETRIC_REPRESENTATION_CONTEXT(2) 
PARAMETRIC_REPRESENTATION_CONTEXT() REPRESENTATION_CONTEXT('2D SPACE',''
  ) );
#8641 = ORIENTED_EDGE('',*,*,#8642,.T.);
#8642 = EDGE_CURVE('',#8620,#8571,#8643,.T.);
#8643 = SURFACE_CURVE('',#8644,(#8648,#8655),.PCURVE_S1.);
#8644 = B_SPLINE_CURVE_WITH_KNOTS('',2,(#8645,#8646,#8647),
  .UNSPECIFIED.,.F.,.F.,(3,3),(0.,1.),.PIECEWISE_BEZIER_KNOTS.);
#8645 = CARTESIAN_POINT('',(30.781127929688,-4.642944335938,16.6));
#8646 = CARTESIAN_POINT('',(31.071166992188,-4.935180664062,16.6));
#8647 = CARTESIAN_POINT('',(31.071166992188,-5.394409179688,16.6));
#8648 = PCURVE('',#3939,#8649);
#8649 = DEFINITIONAL_REPRESENTATION('',(#8650),#8654);
#8650 = LINE('',#8651,#8652);
#8651 = CARTESIAN_POINT('',(0.,-0.65));
#8652 = VECTOR('',#8653,1.);
#8653 = DIRECTION('',(1.,0.));
#8654 = ( GEOMETRIC_REPRESENTATION_CONTEXT(2) 
PARAMETRIC_REPRESENTATION_CONTEXT() REPRESENTATION_CONTEXT('2D SPACE',''
  ) );
#8655 = PCURVE('',#8386,#8656);
#8656 = DEFINITIONAL_REPRESENTATION('',(#8657),#8661);
#8657 = B_SPLINE_CURVE_WITH_KNOTS('',2,(#8658,#8659,#8660),
  .UNSPECIFIED.,.F.,.F.,(3,3),(0.,1.),.PIECEWISE_BEZIER_KNOTS.);
#8658 = CARTESIAN_POINT('',(2.032470703125,1.843505859375));
#8659 = CARTESIAN_POINT('',(2.322509765625,1.55126953125));
#8660 = CARTESIAN_POINT('',(2.322509765625,1.092041015625));
#8661 = ( GEOMETRIC_REPRESENTATION_CONTEXT(2) 
PARAMETRIC_REPRESENTATION_CONTEXT() REPRESENTATION_CONTEXT('2D SPACE',''
  ) );
#8662 = ORIENTED_EDGE('',*,*,#8570,.F.);
#8663 = ADVANCED_FACE('',(#8664),#3884,.T.);
#8664 = FACE_BOUND('',#8665,.T.);
#8665 = EDGE_LOOP('',(#8666,#8667,#8690,#8711));
#8666 = ORIENTED_EDGE('',*,*,#3854,.T.);
#8667 = ORIENTED_EDGE('',*,*,#8668,.T.);
#8668 = EDGE_CURVE('',#3804,#8669,#8671,.T.);
#8669 = VERTEX_POINT('',#8670);
#8670 = CARTESIAN_POINT('',(30.069213867188,-4.350708007812,16.6));
#8671 = SURFACE_CURVE('',#8672,(#8676,#8683),.PCURVE_S1.);
#8672 = LINE('',#8673,#8674);
#8673 = CARTESIAN_POINT('',(30.069213867188,-4.350708007812,15.95));
#8674 = VECTOR('',#8675,1.);
#8675 = DIRECTION('',(0.,0.,1.));
#8676 = PCURVE('',#3884,#8677);
#8677 = DEFINITIONAL_REPRESENTATION('',(#8678),#8682);
#8678 = LINE('',#8679,#8680);
#8679 = CARTESIAN_POINT('',(0.,0.));
#8680 = VECTOR('',#8681,1.);
#8681 = DIRECTION('',(0.,-1.));
#8682 = ( GEOMETRIC_REPRESENTATION_CONTEXT(2) 
PARAMETRIC_REPRESENTATION_CONTEXT() REPRESENTATION_CONTEXT('2D SPACE',''
  ) );
#8683 = PCURVE('',#3833,#8684);
#8684 = DEFINITIONAL_REPRESENTATION('',(#8685),#8689);
#8685 = LINE('',#8686,#8687);
#8686 = CARTESIAN_POINT('',(1.,0.));
#8687 = VECTOR('',#8688,1.);
#8688 = DIRECTION('',(0.,-1.));
#8689 = ( GEOMETRIC_REPRESENTATION_CONTEXT(2) 
PARAMETRIC_REPRESENTATION_CONTEXT() REPRESENTATION_CONTEXT('2D SPACE',''
  ) );
#8690 = ORIENTED_EDGE('',*,*,#8691,.T.);
#8691 = EDGE_CURVE('',#8669,#8620,#8692,.T.);
#8692 = SURFACE_CURVE('',#8693,(#8697,#8704),.PCURVE_S1.);
#8693 = B_SPLINE_CURVE_WITH_KNOTS('',2,(#8694,#8695,#8696),
  .UNSPECIFIED.,.F.,.F.,(3,3),(0.,1.),.PIECEWISE_BEZIER_KNOTS.);
#8694 = CARTESIAN_POINT('',(30.069213867188,-4.350708007812,16.6));
#8695 = CARTESIAN_POINT('',(30.491088867188,-4.350708007812,16.6));
#8696 = CARTESIAN_POINT('',(30.781127929688,-4.642944335938,16.6));
#8697 = PCURVE('',#3884,#8698);
#8698 = DEFINITIONAL_REPRESENTATION('',(#8699),#8703);
#8699 = LINE('',#8700,#8701);
#8700 = CARTESIAN_POINT('',(0.,-0.65));
#8701 = VECTOR('',#8702,1.);
#8702 = DIRECTION('',(1.,0.));
#8703 = ( GEOMETRIC_REPRESENTATION_CONTEXT(2) 
PARAMETRIC_REPRESENTATION_CONTEXT() REPRESENTATION_CONTEXT('2D SPACE',''
  ) );
#8704 = PCURVE('',#8386,#8705);
#8705 = DEFINITIONAL_REPRESENTATION('',(#8706),#8710);
#8706 = B_SPLINE_CURVE_WITH_KNOTS('',2,(#8707,#8708,#8709),
  .UNSPECIFIED.,.F.,.F.,(3,3),(0.,1.),.PIECEWISE_BEZIER_KNOTS.);
#8707 = CARTESIAN_POINT('',(1.320556640625,2.1357421875));
#8708 = CARTESIAN_POINT('',(1.742431640625,2.1357421875));
#8709 = CARTESIAN_POINT('',(2.032470703125,1.843505859375));
#8710 = ( GEOMETRIC_REPRESENTATION_CONTEXT(2) 
PARAMETRIC_REPRESENTATION_CONTEXT() REPRESENTATION_CONTEXT('2D SPACE',''
  ) );
#8711 = ORIENTED_EDGE('',*,*,#8619,.F.);
#8712 = ADVANCED_FACE('',(#8713),#3833,.T.);
#8713 = FACE_BOUND('',#8714,.T.);
#8714 = EDGE_LOOP('',(#8715,#8716,#8739,#8760));
#8715 = ORIENTED_EDGE('',*,*,#3803,.T.);
#8716 = ORIENTED_EDGE('',*,*,#8717,.T.);
#8717 = EDGE_CURVE('',#3778,#8718,#8720,.T.);
#8718 = VERTEX_POINT('',#8719);
#8719 = CARTESIAN_POINT('',(29.460571289062,-4.552856445312,16.6));
#8720 = SURFACE_CURVE('',#8721,(#8725,#8732),.PCURVE_S1.);
#8721 = LINE('',#8722,#8723);
#8722 = CARTESIAN_POINT('',(29.460571289062,-4.552856445312,15.95));
#8723 = VECTOR('',#8724,1.);
#8724 = DIRECTION('',(0.,0.,1.));
#8725 = PCURVE('',#3833,#8726);
#8726 = DEFINITIONAL_REPRESENTATION('',(#8727),#8731);
#8727 = LINE('',#8728,#8729);
#8728 = CARTESIAN_POINT('',(0.,0.));
#8729 = VECTOR('',#8730,1.);
#8730 = DIRECTION('',(0.,-1.));
#8731 = ( GEOMETRIC_REPRESENTATION_CONTEXT(2) 
PARAMETRIC_REPRESENTATION_CONTEXT() REPRESENTATION_CONTEXT('2D SPACE',''
  ) );
#8732 = PCURVE('',#3792,#8733);
#8733 = DEFINITIONAL_REPRESENTATION('',(#8734),#8738);
#8734 = LINE('',#8735,#8736);
#8735 = CARTESIAN_POINT('',(0.882953632518,0.));
#8736 = VECTOR('',#8737,1.);
#8737 = DIRECTION('',(0.,-1.));
#8738 = ( GEOMETRIC_REPRESENTATION_CONTEXT(2) 
PARAMETRIC_REPRESENTATION_CONTEXT() REPRESENTATION_CONTEXT('2D SPACE',''
  ) );
#8739 = ORIENTED_EDGE('',*,*,#8740,.T.);
#8740 = EDGE_CURVE('',#8718,#8669,#8741,.T.);
#8741 = SURFACE_CURVE('',#8742,(#8746,#8753),.PCURVE_S1.);
#8742 = B_SPLINE_CURVE_WITH_KNOTS('',2,(#8743,#8744,#8745),
  .UNSPECIFIED.,.F.,.F.,(3,3),(0.,1.),.PIECEWISE_BEZIER_KNOTS.);
#8743 = CARTESIAN_POINT('',(29.460571289062,-4.552856445312,16.6));
#8744 = CARTESIAN_POINT('',(29.750610351562,-4.350708007812,16.6));
#8745 = CARTESIAN_POINT('',(30.069213867188,-4.350708007812,16.6));
#8746 = PCURVE('',#3833,#8747);
#8747 = DEFINITIONAL_REPRESENTATION('',(#8748),#8752);
#8748 = LINE('',#8749,#8750);
#8749 = CARTESIAN_POINT('',(0.,-0.65));
#8750 = VECTOR('',#8751,1.);
#8751 = DIRECTION('',(1.,0.));
#8752 = ( GEOMETRIC_REPRESENTATION_CONTEXT(2) 
PARAMETRIC_REPRESENTATION_CONTEXT() REPRESENTATION_CONTEXT('2D SPACE',''
  ) );
#8753 = PCURVE('',#8386,#8754);
#8754 = DEFINITIONAL_REPRESENTATION('',(#8755),#8759);
#8755 = B_SPLINE_CURVE_WITH_KNOTS('',2,(#8756,#8757,#8758),
  .UNSPECIFIED.,.F.,.F.,(3,3),(0.,1.),.PIECEWISE_BEZIER_KNOTS.);
#8756 = CARTESIAN_POINT('',(0.7119140625,1.93359375));
#8757 = CARTESIAN_POINT('',(1.001953125,2.1357421875));
#8758 = CARTESIAN_POINT('',(1.320556640625,2.1357421875));
#8759 = ( GEOMETRIC_REPRESENTATION_CONTEXT(2) 
PARAMETRIC_REPRESENTATION_CONTEXT() REPRESENTATION_CONTEXT('2D SPACE',''
  ) );
#8760 = ORIENTED_EDGE('',*,*,#8668,.F.);
#8761 = ADVANCED_FACE('',(#8762),#3792,.T.);
#8762 = FACE_BOUND('',#8763,.T.);
#8763 = EDGE_LOOP('',(#8764,#8765,#8788,#8809));
#8764 = ORIENTED_EDGE('',*,*,#3777,.T.);
#8765 = ORIENTED_EDGE('',*,*,#8766,.T.);
#8766 = EDGE_CURVE('',#3752,#8767,#8769,.T.);
#8767 = VERTEX_POINT('',#8768);
#8768 = CARTESIAN_POINT('',(29.634155273438,-3.687133789062,16.6));
#8769 = SURFACE_CURVE('',#8770,(#8774,#8781),.PCURVE_S1.);
#8770 = LINE('',#8771,#8772);
#8771 = CARTESIAN_POINT('',(29.634155273438,-3.687133789062,15.95));
#8772 = VECTOR('',#8773,1.);
#8773 = DIRECTION('',(0.,0.,1.));
#8774 = PCURVE('',#3792,#8775);
#8775 = DEFINITIONAL_REPRESENTATION('',(#8776),#8780);
#8776 = LINE('',#8777,#8778);
#8777 = CARTESIAN_POINT('',(0.,0.));
#8778 = VECTOR('',#8779,1.);
#8779 = DIRECTION('',(0.,-1.));
#8780 = ( GEOMETRIC_REPRESENTATION_CONTEXT(2) 
PARAMETRIC_REPRESENTATION_CONTEXT() REPRESENTATION_CONTEXT('2D SPACE',''
  ) );
#8781 = PCURVE('',#3766,#8782);
#8782 = DEFINITIONAL_REPRESENTATION('',(#8783),#8787);
#8783 = LINE('',#8784,#8785);
#8784 = CARTESIAN_POINT('',(1.285400390625,0.));
#8785 = VECTOR('',#8786,1.);
#8786 = DIRECTION('',(0.,-1.));
#8787 = ( GEOMETRIC_REPRESENTATION_CONTEXT(2) 
PARAMETRIC_REPRESENTATION_CONTEXT() REPRESENTATION_CONTEXT('2D SPACE',''
  ) );
#8788 = ORIENTED_EDGE('',*,*,#8789,.T.);
#8789 = EDGE_CURVE('',#8767,#8718,#8790,.T.);
#8790 = SURFACE_CURVE('',#8791,(#8795,#8802),.PCURVE_S1.);
#8791 = LINE('',#8792,#8793);
#8792 = CARTESIAN_POINT('',(29.634155273438,-3.687133789062,16.6));
#8793 = VECTOR('',#8794,1.);
#8794 = DIRECTION('',(-0.196594677209,-0.980484845825,0.));
#8795 = PCURVE('',#3792,#8796);
#8796 = DEFINITIONAL_REPRESENTATION('',(#8797),#8801);
#8797 = LINE('',#8798,#8799);
#8798 = CARTESIAN_POINT('',(0.,-0.65));
#8799 = VECTOR('',#8800,1.);
#8800 = DIRECTION('',(1.,0.));
#8801 = ( GEOMETRIC_REPRESENTATION_CONTEXT(2) 
PARAMETRIC_REPRESENTATION_CONTEXT() REPRESENTATION_CONTEXT('2D SPACE',''
  ) );
#8802 = PCURVE('',#8386,#8803);
#8803 = DEFINITIONAL_REPRESENTATION('',(#8804),#8808);
#8804 = LINE('',#8805,#8806);
#8805 = CARTESIAN_POINT('',(0.885498046875,2.79931640625));
#8806 = VECTOR('',#8807,1.);
#8807 = DIRECTION('',(-0.196594677209,-0.980484845825));
#8808 = ( GEOMETRIC_REPRESENTATION_CONTEXT(2) 
PARAMETRIC_REPRESENTATION_CONTEXT() REPRESENTATION_CONTEXT('2D SPACE',''
  ) );
#8809 = ORIENTED_EDGE('',*,*,#8717,.F.);
#8810 = ADVANCED_FACE('',(#8811),#3766,.T.);
#8811 = FACE_BOUND('',#8812,.T.);
#8812 = EDGE_LOOP('',(#8813,#8814,#8837,#8858));
#8813 = ORIENTED_EDGE('',*,*,#3751,.T.);
#8814 = ORIENTED_EDGE('',*,*,#8815,.T.);
#8815 = EDGE_CURVE('',#3726,#8816,#8818,.T.);
#8816 = VERTEX_POINT('',#8817);
#8817 = CARTESIAN_POINT('',(30.919555664062,-3.687133789062,16.6));
#8818 = SURFACE_CURVE('',#8819,(#8823,#8830),.PCURVE_S1.);
#8819 = LINE('',#8820,#8821);
#8820 = CARTESIAN_POINT('',(30.919555664062,-3.687133789062,15.95));
#8821 = VECTOR('',#8822,1.);
#8822 = DIRECTION('',(0.,0.,1.));
#8823 = PCURVE('',#3766,#8824);
#8824 = DEFINITIONAL_REPRESENTATION('',(#8825),#8829);
#8825 = LINE('',#8826,#8827);
#8826 = CARTESIAN_POINT('',(0.,-0.));
#8827 = VECTOR('',#8828,1.);
#8828 = DIRECTION('',(0.,-1.));
#8829 = ( GEOMETRIC_REPRESENTATION_CONTEXT(2) 
PARAMETRIC_REPRESENTATION_CONTEXT() REPRESENTATION_CONTEXT('2D SPACE',''
  ) );
#8830 = PCURVE('',#3740,#8831);
#8831 = DEFINITIONAL_REPRESENTATION('',(#8832),#8836);
#8832 = LINE('',#8833,#8834);
#8833 = CARTESIAN_POINT('',(0.3779296875,0.));
#8834 = VECTOR('',#8835,1.);
#8835 = DIRECTION('',(0.,-1.));
#8836 = ( GEOMETRIC_REPRESENTATION_CONTEXT(2) 
PARAMETRIC_REPRESENTATION_CONTEXT() REPRESENTATION_CONTEXT('2D SPACE',''
  ) );
#8837 = ORIENTED_EDGE('',*,*,#8838,.T.);
#8838 = EDGE_CURVE('',#8816,#8767,#8839,.T.);
#8839 = SURFACE_CURVE('',#8840,(#8844,#8851),.PCURVE_S1.);
#8840 = LINE('',#8841,#8842);
#8841 = CARTESIAN_POINT('',(30.919555664062,-3.687133789062,16.6));
#8842 = VECTOR('',#8843,1.);
#8843 = DIRECTION('',(-1.,0.,0.));
#8844 = PCURVE('',#3766,#8845);
#8845 = DEFINITIONAL_REPRESENTATION('',(#8846),#8850);
#8846 = LINE('',#8847,#8848);
#8847 = CARTESIAN_POINT('',(0.,-0.65));
#8848 = VECTOR('',#8849,1.);
#8849 = DIRECTION('',(1.,0.));
#8850 = ( GEOMETRIC_REPRESENTATION_CONTEXT(2) 
PARAMETRIC_REPRESENTATION_CONTEXT() REPRESENTATION_CONTEXT('2D SPACE',''
  ) );
#8851 = PCURVE('',#8386,#8852);
#8852 = DEFINITIONAL_REPRESENTATION('',(#8853),#8857);
#8853 = LINE('',#8854,#8855);
#8854 = CARTESIAN_POINT('',(2.1708984375,2.79931640625));
#8855 = VECTOR('',#8856,1.);
#8856 = DIRECTION('',(-1.,0.));
#8857 = ( GEOMETRIC_REPRESENTATION_CONTEXT(2) 
PARAMETRIC_REPRESENTATION_CONTEXT() REPRESENTATION_CONTEXT('2D SPACE',''
  ) );
#8858 = ORIENTED_EDGE('',*,*,#8766,.F.);
#8859 = ADVANCED_FACE('',(#8860),#3740,.T.);
#8860 = FACE_BOUND('',#8861,.T.);
#8861 = EDGE_LOOP('',(#8862,#8863,#8886,#8907));
#8862 = ORIENTED_EDGE('',*,*,#3725,.T.);
#8863 = ORIENTED_EDGE('',*,*,#8864,.T.);
#8864 = EDGE_CURVE('',#3700,#8865,#8867,.T.);
#8865 = VERTEX_POINT('',#8866);
#8866 = CARTESIAN_POINT('',(30.919555664062,-3.309204101562,16.6));
#8867 = SURFACE_CURVE('',#8868,(#8872,#8879),.PCURVE_S1.);
#8868 = LINE('',#8869,#8870);
#8869 = CARTESIAN_POINT('',(30.919555664062,-3.309204101562,15.95));
#8870 = VECTOR('',#8871,1.);
#8871 = DIRECTION('',(0.,0.,1.));
#8872 = PCURVE('',#3740,#8873);
#8873 = DEFINITIONAL_REPRESENTATION('',(#8874),#8878);
#8874 = LINE('',#8875,#8876);
#8875 = CARTESIAN_POINT('',(0.,0.));
#8876 = VECTOR('',#8877,1.);
#8877 = DIRECTION('',(0.,-1.));
#8878 = ( GEOMETRIC_REPRESENTATION_CONTEXT(2) 
PARAMETRIC_REPRESENTATION_CONTEXT() REPRESENTATION_CONTEXT('2D SPACE',''
  ) );
#8879 = PCURVE('',#3714,#8880);
#8880 = DEFINITIONAL_REPRESENTATION('',(#8881),#8885);
#8881 = LINE('',#8882,#8883);
#8882 = CARTESIAN_POINT('',(1.601806640625,0.));
#8883 = VECTOR('',#8884,1.);
#8884 = DIRECTION('',(0.,-1.));
#8885 = ( GEOMETRIC_REPRESENTATION_CONTEXT(2) 
PARAMETRIC_REPRESENTATION_CONTEXT() REPRESENTATION_CONTEXT('2D SPACE',''
  ) );
#8886 = ORIENTED_EDGE('',*,*,#8887,.T.);
#8887 = EDGE_CURVE('',#8865,#8816,#8888,.T.);
#8888 = SURFACE_CURVE('',#8889,(#8893,#8900),.PCURVE_S1.);
#8889 = LINE('',#8890,#8891);
#8890 = CARTESIAN_POINT('',(30.919555664062,-3.309204101562,16.6));
#8891 = VECTOR('',#8892,1.);
#8892 = DIRECTION('',(0.,-1.,0.));
#8893 = PCURVE('',#3740,#8894);
#8894 = DEFINITIONAL_REPRESENTATION('',(#8895),#8899);
#8895 = LINE('',#8896,#8897);
#8896 = CARTESIAN_POINT('',(0.,-0.65));
#8897 = VECTOR('',#8898,1.);
#8898 = DIRECTION('',(1.,0.));
#8899 = ( GEOMETRIC_REPRESENTATION_CONTEXT(2) 
PARAMETRIC_REPRESENTATION_CONTEXT() REPRESENTATION_CONTEXT('2D SPACE',''
  ) );
#8900 = PCURVE('',#8386,#8901);
#8901 = DEFINITIONAL_REPRESENTATION('',(#8902),#8906);
#8902 = LINE('',#8903,#8904);
#8903 = CARTESIAN_POINT('',(2.1708984375,3.17724609375));
#8904 = VECTOR('',#8905,1.);
#8905 = DIRECTION('',(0.,-1.));
#8906 = ( GEOMETRIC_REPRESENTATION_CONTEXT(2) 
PARAMETRIC_REPRESENTATION_CONTEXT() REPRESENTATION_CONTEXT('2D SPACE',''
  ) );
#8907 = ORIENTED_EDGE('',*,*,#8815,.F.);
#8908 = ADVANCED_FACE('',(#8909),#3714,.T.);
#8909 = FACE_BOUND('',#8910,.T.);
#8910 = EDGE_LOOP('',(#8911,#8912,#8935,#8956));
#8911 = ORIENTED_EDGE('',*,*,#3699,.T.);
#8912 = ORIENTED_EDGE('',*,*,#8913,.T.);
#8913 = EDGE_CURVE('',#3674,#8914,#8916,.T.);
#8914 = VERTEX_POINT('',#8915);
#8915 = CARTESIAN_POINT('',(29.317749023438,-3.309204101562,16.6));
#8916 = SURFACE_CURVE('',#8917,(#8921,#8928),.PCURVE_S1.);
#8917 = LINE('',#8918,#8919);
#8918 = CARTESIAN_POINT('',(29.317749023438,-3.309204101562,15.95));
#8919 = VECTOR('',#8920,1.);
#8920 = DIRECTION('',(0.,0.,1.));
#8921 = PCURVE('',#3714,#8922);
#8922 = DEFINITIONAL_REPRESENTATION('',(#8923),#8927);
#8923 = LINE('',#8924,#8925);
#8924 = CARTESIAN_POINT('',(0.,0.));
#8925 = VECTOR('',#8926,1.);
#8926 = DIRECTION('',(0.,-1.));
#8927 = ( GEOMETRIC_REPRESENTATION_CONTEXT(2) 
PARAMETRIC_REPRESENTATION_CONTEXT() REPRESENTATION_CONTEXT('2D SPACE',''
  ) );
#8928 = PCURVE('',#3688,#8929);
#8929 = DEFINITIONAL_REPRESENTATION('',(#8930),#8934);
#8930 = LINE('',#8931,#8932);
#8931 = CARTESIAN_POINT('',(1.683703443313,0.));
#8932 = VECTOR('',#8933,1.);
#8933 = DIRECTION('',(0.,-1.));
#8934 = ( GEOMETRIC_REPRESENTATION_CONTEXT(2) 
PARAMETRIC_REPRESENTATION_CONTEXT() REPRESENTATION_CONTEXT('2D SPACE',''
  ) );
#8935 = ORIENTED_EDGE('',*,*,#8936,.T.);
#8936 = EDGE_CURVE('',#8914,#8865,#8937,.T.);
#8937 = SURFACE_CURVE('',#8938,(#8942,#8949),.PCURVE_S1.);
#8938 = LINE('',#8939,#8940);
#8939 = CARTESIAN_POINT('',(29.317749023438,-3.309204101562,16.6));
#8940 = VECTOR('',#8941,1.);
#8941 = DIRECTION('',(1.,0.,0.));
#8942 = PCURVE('',#3714,#8943);
#8943 = DEFINITIONAL_REPRESENTATION('',(#8944),#8948);
#8944 = LINE('',#8945,#8946);
#8945 = CARTESIAN_POINT('',(0.,-0.65));
#8946 = VECTOR('',#8947,1.);
#8947 = DIRECTION('',(1.,0.));
#8948 = ( GEOMETRIC_REPRESENTATION_CONTEXT(2) 
PARAMETRIC_REPRESENTATION_CONTEXT() REPRESENTATION_CONTEXT('2D SPACE',''
  ) );
#8949 = PCURVE('',#8386,#8950);
#8950 = DEFINITIONAL_REPRESENTATION('',(#8951),#8955);
#8951 = LINE('',#8952,#8953);
#8952 = CARTESIAN_POINT('',(0.569091796875,3.17724609375));
#8953 = VECTOR('',#8954,1.);
#8954 = DIRECTION('',(1.,0.));
#8955 = ( GEOMETRIC_REPRESENTATION_CONTEXT(2) 
PARAMETRIC_REPRESENTATION_CONTEXT() REPRESENTATION_CONTEXT('2D SPACE',''
  ) );
#8956 = ORIENTED_EDGE('',*,*,#8864,.F.);
#8957 = ADVANCED_FACE('',(#8958),#3688,.T.);
#8958 = FACE_BOUND('',#8959,.T.);
#8959 = EDGE_LOOP('',(#8960,#8961,#8984,#9005));
#8960 = ORIENTED_EDGE('',*,*,#3673,.T.);
#8961 = ORIENTED_EDGE('',*,*,#8962,.T.);
#8962 = EDGE_CURVE('',#3648,#8963,#8965,.T.);
#8963 = VERTEX_POINT('',#8964);
#8964 = CARTESIAN_POINT('',(29.005737304688,-4.963745117188,16.6));
#8965 = SURFACE_CURVE('',#8966,(#8970,#8977),.PCURVE_S1.);
#8966 = LINE('',#8967,#8968);
#8967 = CARTESIAN_POINT('',(29.005737304688,-4.963745117188,15.95));
#8968 = VECTOR('',#8969,1.);
#8969 = DIRECTION('',(0.,0.,1.));
#8970 = PCURVE('',#3688,#8971);
#8971 = DEFINITIONAL_REPRESENTATION('',(#8972),#8976);
#8972 = LINE('',#8973,#8974);
#8973 = CARTESIAN_POINT('',(0.,0.));
#8974 = VECTOR('',#8975,1.);
#8975 = DIRECTION('',(0.,-1.));
#8976 = ( GEOMETRIC_REPRESENTATION_CONTEXT(2) 
PARAMETRIC_REPRESENTATION_CONTEXT() REPRESENTATION_CONTEXT('2D SPACE',''
  ) );
#8977 = PCURVE('',#3662,#8978);
#8978 = DEFINITIONAL_REPRESENTATION('',(#8979),#8983);
#8979 = LINE('',#8980,#8981);
#8980 = CARTESIAN_POINT('',(0.374471052964,0.));
#8981 = VECTOR('',#8982,1.);
#8982 = DIRECTION('',(0.,-1.));
#8983 = ( GEOMETRIC_REPRESENTATION_CONTEXT(2) 
PARAMETRIC_REPRESENTATION_CONTEXT() REPRESENTATION_CONTEXT('2D SPACE',''
  ) );
#8984 = ORIENTED_EDGE('',*,*,#8985,.T.);
#8985 = EDGE_CURVE('',#8963,#8914,#8986,.T.);
#8986 = SURFACE_CURVE('',#8987,(#8991,#8998),.PCURVE_S1.);
#8987 = LINE('',#8988,#8989);
#8988 = CARTESIAN_POINT('',(29.005737304688,-4.963745117188,16.6));
#8989 = VECTOR('',#8990,1.);
#8990 = DIRECTION('',(0.18531275207,0.982679593723,0.));
#8991 = PCURVE('',#3688,#8992);
#8992 = DEFINITIONAL_REPRESENTATION('',(#8993),#8997);
#8993 = LINE('',#8994,#8995);
#8994 = CARTESIAN_POINT('',(0.,-0.65));
#8995 = VECTOR('',#8996,1.);
#8996 = DIRECTION('',(1.,0.));
#8997 = ( GEOMETRIC_REPRESENTATION_CONTEXT(2) 
PARAMETRIC_REPRESENTATION_CONTEXT() REPRESENTATION_CONTEXT('2D SPACE',''
  ) );
#8998 = PCURVE('',#8386,#8999);
#8999 = DEFINITIONAL_REPRESENTATION('',(#9000),#9004);
#9000 = LINE('',#9001,#9002);
#9001 = CARTESIAN_POINT('',(0.257080078125,1.522705078125));
#9002 = VECTOR('',#9003,1.);
#9003 = DIRECTION('',(0.18531275207,0.982679593723));
#9004 = ( GEOMETRIC_REPRESENTATION_CONTEXT(2) 
PARAMETRIC_REPRESENTATION_CONTEXT() REPRESENTATION_CONTEXT('2D SPACE',''
  ) );
#9005 = ORIENTED_EDGE('',*,*,#8913,.F.);
#9006 = ADVANCED_FACE('',(#9007),#3662,.T.);
#9007 = FACE_BOUND('',#9008,.T.);
#9008 = EDGE_LOOP('',(#9009,#9010,#9033,#9054));
#9009 = ORIENTED_EDGE('',*,*,#3647,.T.);
#9010 = ORIENTED_EDGE('',*,*,#9011,.T.);
#9011 = EDGE_CURVE('',#3597,#9012,#9014,.T.);
#9012 = VERTEX_POINT('',#9013);
#9013 = CARTESIAN_POINT('',(29.377075195312,-5.012084960938,16.6));
#9014 = SURFACE_CURVE('',#9015,(#9019,#9026),.PCURVE_S1.);
#9015 = LINE('',#9016,#9017);
#9016 = CARTESIAN_POINT('',(29.377075195312,-5.012084960938,15.95));
#9017 = VECTOR('',#9018,1.);
#9018 = DIRECTION('',(0.,0.,1.));
#9019 = PCURVE('',#3662,#9020);
#9020 = DEFINITIONAL_REPRESENTATION('',(#9021),#9025);
#9021 = LINE('',#9022,#9023);
#9022 = CARTESIAN_POINT('',(0.,0.));
#9023 = VECTOR('',#9024,1.);
#9024 = DIRECTION('',(0.,-1.));
#9025 = ( GEOMETRIC_REPRESENTATION_CONTEXT(2) 
PARAMETRIC_REPRESENTATION_CONTEXT() REPRESENTATION_CONTEXT('2D SPACE',''
  ) );
#9026 = PCURVE('',#3626,#9027);
#9027 = DEFINITIONAL_REPRESENTATION('',(#9028),#9032);
#9028 = LINE('',#9029,#9030);
#9029 = CARTESIAN_POINT('',(1.,0.));
#9030 = VECTOR('',#9031,1.);
#9031 = DIRECTION('',(0.,-1.));
#9032 = ( GEOMETRIC_REPRESENTATION_CONTEXT(2) 
PARAMETRIC_REPRESENTATION_CONTEXT() REPRESENTATION_CONTEXT('2D SPACE',''
  ) );
#9033 = ORIENTED_EDGE('',*,*,#9034,.T.);
#9034 = EDGE_CURVE('',#9012,#8963,#9035,.T.);
#9035 = SURFACE_CURVE('',#9036,(#9040,#9047),.PCURVE_S1.);
#9036 = LINE('',#9037,#9038);
#9037 = CARTESIAN_POINT('',(29.377075195312,-5.012084960938,16.6));
#9038 = VECTOR('',#9039,1.);
#9039 = DIRECTION('',(-0.991633098704,0.129088332376,0.));
#9040 = PCURVE('',#3662,#9041);
#9041 = DEFINITIONAL_REPRESENTATION('',(#9042),#9046);
#9042 = LINE('',#9043,#9044);
#9043 = CARTESIAN_POINT('',(0.,-0.65));
#9044 = VECTOR('',#9045,1.);
#9045 = DIRECTION('',(1.,0.));
#9046 = ( GEOMETRIC_REPRESENTATION_CONTEXT(2) 
PARAMETRIC_REPRESENTATION_CONTEXT() REPRESENTATION_CONTEXT('2D SPACE',''
  ) );
#9047 = PCURVE('',#8386,#9048);
#9048 = DEFINITIONAL_REPRESENTATION('',(#9049),#9053);
#9049 = LINE('',#9050,#9051);
#9050 = CARTESIAN_POINT('',(0.62841796875,1.474365234375));
#9051 = VECTOR('',#9052,1.);
#9052 = DIRECTION('',(-0.991633098704,0.129088332376));
#9053 = ( GEOMETRIC_REPRESENTATION_CONTEXT(2) 
PARAMETRIC_REPRESENTATION_CONTEXT() REPRESENTATION_CONTEXT('2D SPACE',''
  ) );
#9054 = ORIENTED_EDGE('',*,*,#8962,.F.);
#9055 = ADVANCED_FACE('',(#9056),#3626,.T.);
#9056 = FACE_BOUND('',#9057,.T.);
#9057 = EDGE_LOOP('',(#9058,#9059,#9082,#9103));
#9058 = ORIENTED_EDGE('',*,*,#3596,.T.);
#9059 = ORIENTED_EDGE('',*,*,#9060,.T.);
#9060 = EDGE_CURVE('',#3546,#9061,#9063,.T.);
#9061 = VERTEX_POINT('',#9062);
#9062 = CARTESIAN_POINT('',(29.618774414062,-4.786865234375,16.6));
#9063 = SURFACE_CURVE('',#9064,(#9068,#9075),.PCURVE_S1.);
#9064 = LINE('',#9065,#9066);
#9065 = CARTESIAN_POINT('',(29.618774414062,-4.786865234375,15.95));
#9066 = VECTOR('',#9067,1.);
#9067 = DIRECTION('',(0.,0.,1.));
#9068 = PCURVE('',#3626,#9069);
#9069 = DEFINITIONAL_REPRESENTATION('',(#9070),#9074);
#9070 = LINE('',#9071,#9072);
#9071 = CARTESIAN_POINT('',(0.,0.));
#9072 = VECTOR('',#9073,1.);
#9073 = DIRECTION('',(0.,-1.));
#9074 = ( GEOMETRIC_REPRESENTATION_CONTEXT(2) 
PARAMETRIC_REPRESENTATION_CONTEXT() REPRESENTATION_CONTEXT('2D SPACE',''
  ) );
#9075 = PCURVE('',#3575,#9076);
#9076 = DEFINITIONAL_REPRESENTATION('',(#9077),#9081);
#9077 = LINE('',#9078,#9079);
#9078 = CARTESIAN_POINT('',(1.,0.));
#9079 = VECTOR('',#9080,1.);
#9080 = DIRECTION('',(0.,-1.));
#9081 = ( GEOMETRIC_REPRESENTATION_CONTEXT(2) 
PARAMETRIC_REPRESENTATION_CONTEXT() REPRESENTATION_CONTEXT('2D SPACE',''
  ) );
#9082 = ORIENTED_EDGE('',*,*,#9083,.T.);
#9083 = EDGE_CURVE('',#9061,#9012,#9084,.T.);
#9084 = SURFACE_CURVE('',#9085,(#9089,#9096),.PCURVE_S1.);
#9085 = B_SPLINE_CURVE_WITH_KNOTS('',2,(#9086,#9087,#9088),
  .UNSPECIFIED.,.F.,.F.,(3,3),(0.,1.),.PIECEWISE_BEZIER_KNOTS.);
#9086 = CARTESIAN_POINT('',(29.618774414062,-4.786865234375,16.6));
#9087 = CARTESIAN_POINT('',(29.464965820312,-4.873657226562,16.6));
#9088 = CARTESIAN_POINT('',(29.377075195312,-5.012084960938,16.6));
#9089 = PCURVE('',#3626,#9090);
#9090 = DEFINITIONAL_REPRESENTATION('',(#9091),#9095);
#9091 = LINE('',#9092,#9093);
#9092 = CARTESIAN_POINT('',(0.,-0.65));
#9093 = VECTOR('',#9094,1.);
#9094 = DIRECTION('',(1.,0.));
#9095 = ( GEOMETRIC_REPRESENTATION_CONTEXT(2) 
PARAMETRIC_REPRESENTATION_CONTEXT() REPRESENTATION_CONTEXT('2D SPACE',''
  ) );
#9096 = PCURVE('',#8386,#9097);
#9097 = DEFINITIONAL_REPRESENTATION('',(#9098),#9102);
#9098 = B_SPLINE_CURVE_WITH_KNOTS('',2,(#9099,#9100,#9101),
  .UNSPECIFIED.,.F.,.F.,(3,3),(0.,1.),.PIECEWISE_BEZIER_KNOTS.);
#9099 = CARTESIAN_POINT('',(0.8701171875,1.699584960938));
#9100 = CARTESIAN_POINT('',(0.71630859375,1.61279296875));
#9101 = CARTESIAN_POINT('',(0.62841796875,1.474365234375));
#9102 = ( GEOMETRIC_REPRESENTATION_CONTEXT(2) 
PARAMETRIC_REPRESENTATION_CONTEXT() REPRESENTATION_CONTEXT('2D SPACE',''
  ) );
#9103 = ORIENTED_EDGE('',*,*,#9011,.F.);
#9104 = ADVANCED_FACE('',(#9105),#3575,.T.);
#9105 = FACE_BOUND('',#9106,.T.);
#9106 = EDGE_LOOP('',(#9107,#9108,#9131,#9152));
#9107 = ORIENTED_EDGE('',*,*,#3545,.T.);
#9108 = ORIENTED_EDGE('',*,*,#9109,.T.);
#9109 = EDGE_CURVE('',#3495,#9110,#9112,.T.);
#9110 = VERTEX_POINT('',#9111);
#9111 = CARTESIAN_POINT('',(29.963745117188,-4.700073242188,16.6));
#9112 = SURFACE_CURVE('',#9113,(#9117,#9124),.PCURVE_S1.);
#9113 = LINE('',#9114,#9115);
#9114 = CARTESIAN_POINT('',(29.963745117188,-4.700073242188,15.95));
#9115 = VECTOR('',#9116,1.);
#9116 = DIRECTION('',(0.,0.,1.));
#9117 = PCURVE('',#3575,#9118);
#9118 = DEFINITIONAL_REPRESENTATION('',(#9119),#9123);
#9119 = LINE('',#9120,#9121);
#9120 = CARTESIAN_POINT('',(0.,0.));
#9121 = VECTOR('',#9122,1.);
#9122 = DIRECTION('',(0.,-1.));
#9123 = ( GEOMETRIC_REPRESENTATION_CONTEXT(2) 
PARAMETRIC_REPRESENTATION_CONTEXT() REPRESENTATION_CONTEXT('2D SPACE',''
  ) );
#9124 = PCURVE('',#3524,#9125);
#9125 = DEFINITIONAL_REPRESENTATION('',(#9126),#9130);
#9126 = LINE('',#9127,#9128);
#9127 = CARTESIAN_POINT('',(1.,0.));
#9128 = VECTOR('',#9129,1.);
#9129 = DIRECTION('',(0.,-1.));
#9130 = ( GEOMETRIC_REPRESENTATION_CONTEXT(2) 
PARAMETRIC_REPRESENTATION_CONTEXT() REPRESENTATION_CONTEXT('2D SPACE',''
  ) );
#9131 = ORIENTED_EDGE('',*,*,#9132,.T.);
#9132 = EDGE_CURVE('',#9110,#9061,#9133,.T.);
#9133 = SURFACE_CURVE('',#9134,(#9138,#9145),.PCURVE_S1.);
#9134 = B_SPLINE_CURVE_WITH_KNOTS('',2,(#9135,#9136,#9137),
  .UNSPECIFIED.,.F.,.F.,(3,3),(0.,1.),.PIECEWISE_BEZIER_KNOTS.);
#9135 = CARTESIAN_POINT('',(29.963745117188,-4.700073242188,16.6));
#9136 = CARTESIAN_POINT('',(29.772583007812,-4.700073242188,16.6));
#9137 = CARTESIAN_POINT('',(29.618774414062,-4.786865234375,16.6));
#9138 = PCURVE('',#3575,#9139);
#9139 = DEFINITIONAL_REPRESENTATION('',(#9140),#9144);
#9140 = LINE('',#9141,#9142);
#9141 = CARTESIAN_POINT('',(0.,-0.65));
#9142 = VECTOR('',#9143,1.);
#9143 = DIRECTION('',(1.,0.));
#9144 = ( GEOMETRIC_REPRESENTATION_CONTEXT(2) 
PARAMETRIC_REPRESENTATION_CONTEXT() REPRESENTATION_CONTEXT('2D SPACE',''
  ) );
#9145 = PCURVE('',#8386,#9146);
#9146 = DEFINITIONAL_REPRESENTATION('',(#9147),#9151);
#9147 = B_SPLINE_CURVE_WITH_KNOTS('',2,(#9148,#9149,#9150),
  .UNSPECIFIED.,.F.,.F.,(3,3),(0.,1.),.PIECEWISE_BEZIER_KNOTS.);
#9148 = CARTESIAN_POINT('',(1.215087890625,1.786376953125));
#9149 = CARTESIAN_POINT('',(1.02392578125,1.786376953125));
#9150 = CARTESIAN_POINT('',(0.8701171875,1.699584960938));
#9151 = ( GEOMETRIC_REPRESENTATION_CONTEXT(2) 
PARAMETRIC_REPRESENTATION_CONTEXT() REPRESENTATION_CONTEXT('2D SPACE',''
  ) );
#9152 = ORIENTED_EDGE('',*,*,#9060,.F.);
#9153 = ADVANCED_FACE('',(#9154),#3524,.T.);
#9154 = FACE_BOUND('',#9155,.T.);
#9155 = EDGE_LOOP('',(#9156,#9157,#9180,#9201));
#9156 = ORIENTED_EDGE('',*,*,#3494,.T.);
#9157 = ORIENTED_EDGE('',*,*,#9158,.T.);
#9158 = EDGE_CURVE('',#3438,#9159,#9161,.T.);
#9159 = VERTEX_POINT('',#9160);
#9160 = CARTESIAN_POINT('',(30.46142578125,-4.895629882812,16.6));
#9161 = SURFACE_CURVE('',#9162,(#9166,#9173),.PCURVE_S1.);
#9162 = LINE('',#9163,#9164);
#9163 = CARTESIAN_POINT('',(30.46142578125,-4.895629882812,15.95));
#9164 = VECTOR('',#9165,1.);
#9165 = DIRECTION('',(0.,0.,1.));
#9166 = PCURVE('',#3524,#9167);
#9167 = DEFINITIONAL_REPRESENTATION('',(#9168),#9172);
#9168 = LINE('',#9169,#9170);
#9169 = CARTESIAN_POINT('',(0.,0.));
#9170 = VECTOR('',#9171,1.);
#9171 = DIRECTION('',(0.,-1.));
#9172 = ( GEOMETRIC_REPRESENTATION_CONTEXT(2) 
PARAMETRIC_REPRESENTATION_CONTEXT() REPRESENTATION_CONTEXT('2D SPACE',''
  ) );
#9173 = PCURVE('',#3471,#9174);
#9174 = DEFINITIONAL_REPRESENTATION('',(#9175),#9179);
#9175 = LINE('',#9176,#9177);
#9176 = CARTESIAN_POINT('',(1.,0.));
#9177 = VECTOR('',#9178,1.);
#9178 = DIRECTION('',(0.,-1.));
#9179 = ( GEOMETRIC_REPRESENTATION_CONTEXT(2) 
PARAMETRIC_REPRESENTATION_CONTEXT() REPRESENTATION_CONTEXT('2D SPACE',''
  ) );
#9180 = ORIENTED_EDGE('',*,*,#9181,.T.);
#9181 = EDGE_CURVE('',#9159,#9110,#9182,.T.);
#9182 = SURFACE_CURVE('',#9183,(#9187,#9194),.PCURVE_S1.);
#9183 = B_SPLINE_CURVE_WITH_KNOTS('',2,(#9184,#9185,#9186),
  .UNSPECIFIED.,.F.,.F.,(3,3),(0.,1.),.PIECEWISE_BEZIER_KNOTS.);
#9184 = CARTESIAN_POINT('',(30.46142578125,-4.895629882812,16.6));
#9185 = CARTESIAN_POINT('',(30.271362304688,-4.700073242188,16.6));
#9186 = CARTESIAN_POINT('',(29.963745117188,-4.700073242188,16.6));
#9187 = PCURVE('',#3524,#9188);
#9188 = DEFINITIONAL_REPRESENTATION('',(#9189),#9193);
#9189 = LINE('',#9190,#9191);
#9190 = CARTESIAN_POINT('',(0.,-0.65));
#9191 = VECTOR('',#9192,1.);
#9192 = DIRECTION('',(1.,0.));
#9193 = ( GEOMETRIC_REPRESENTATION_CONTEXT(2) 
PARAMETRIC_REPRESENTATION_CONTEXT() REPRESENTATION_CONTEXT('2D SPACE',''
  ) );
#9194 = PCURVE('',#8386,#9195);
#9195 = DEFINITIONAL_REPRESENTATION('',(#9196),#9200);
#9196 = B_SPLINE_CURVE_WITH_KNOTS('',2,(#9197,#9198,#9199),
  .UNSPECIFIED.,.F.,.F.,(3,3),(0.,1.),.PIECEWISE_BEZIER_KNOTS.);
#9197 = CARTESIAN_POINT('',(1.712768554688,1.5908203125));
#9198 = CARTESIAN_POINT('',(1.522705078125,1.786376953125));
#9199 = CARTESIAN_POINT('',(1.215087890625,1.786376953125));
#9200 = ( GEOMETRIC_REPRESENTATION_CONTEXT(2) 
PARAMETRIC_REPRESENTATION_CONTEXT() REPRESENTATION_CONTEXT('2D SPACE',''
  ) );
#9201 = ORIENTED_EDGE('',*,*,#9109,.F.);
#9202 = ADVANCED_FACE('',(#9203),#3471,.T.);
#9203 = FACE_BOUND('',#9204,.T.);
#9204 = EDGE_LOOP('',(#9205,#9206,#9229,#9250));
#9205 = ORIENTED_EDGE('',*,*,#3437,.T.);
#9206 = ORIENTED_EDGE('',*,*,#9207,.T.);
#9207 = EDGE_CURVE('',#3381,#9208,#9210,.T.);
#9208 = VERTEX_POINT('',#9209);
#9209 = CARTESIAN_POINT('',(30.651489257812,-5.429565429688,16.6));
#9210 = SURFACE_CURVE('',#9211,(#9215,#9222),.PCURVE_S1.);
#9211 = LINE('',#9212,#9213);
#9212 = CARTESIAN_POINT('',(30.651489257812,-5.429565429688,15.95));
#9213 = VECTOR('',#9214,1.);
#9214 = DIRECTION('',(0.,0.,1.));
#9215 = PCURVE('',#3471,#9216);
#9216 = DEFINITIONAL_REPRESENTATION('',(#9217),#9221);
#9217 = LINE('',#9218,#9219);
#9218 = CARTESIAN_POINT('',(0.,0.));
#9219 = VECTOR('',#9220,1.);
#9220 = DIRECTION('',(0.,-1.));
#9221 = ( GEOMETRIC_REPRESENTATION_CONTEXT(2) 
PARAMETRIC_REPRESENTATION_CONTEXT() REPRESENTATION_CONTEXT('2D SPACE',''
  ) );
#9222 = PCURVE('',#3414,#9223);
#9223 = DEFINITIONAL_REPRESENTATION('',(#9224),#9228);
#9224 = LINE('',#9225,#9226);
#9225 = CARTESIAN_POINT('',(1.,0.));
#9226 = VECTOR('',#9227,1.);
#9227 = DIRECTION('',(0.,-1.));
#9228 = ( GEOMETRIC_REPRESENTATION_CONTEXT(2) 
PARAMETRIC_REPRESENTATION_CONTEXT() REPRESENTATION_CONTEXT('2D SPACE',''
  ) );
#9229 = ORIENTED_EDGE('',*,*,#9230,.T.);
#9230 = EDGE_CURVE('',#9208,#9159,#9231,.T.);
#9231 = SURFACE_CURVE('',#9232,(#9236,#9243),.PCURVE_S1.);
#9232 = B_SPLINE_CURVE_WITH_KNOTS('',2,(#9233,#9234,#9235),
  .UNSPECIFIED.,.F.,.F.,(3,3),(0.,1.),.PIECEWISE_BEZIER_KNOTS.);
#9233 = CARTESIAN_POINT('',(30.651489257812,-5.429565429688,16.6));
#9234 = CARTESIAN_POINT('',(30.651489257812,-5.091186523438,16.6));
#9235 = CARTESIAN_POINT('',(30.46142578125,-4.895629882812,16.6));
#9236 = PCURVE('',#3471,#9237);
#9237 = DEFINITIONAL_REPRESENTATION('',(#9238),#9242);
#9238 = LINE('',#9239,#9240);
#9239 = CARTESIAN_POINT('',(0.,-0.65));
#9240 = VECTOR('',#9241,1.);
#9241 = DIRECTION('',(1.,0.));
#9242 = ( GEOMETRIC_REPRESENTATION_CONTEXT(2) 
PARAMETRIC_REPRESENTATION_CONTEXT() REPRESENTATION_CONTEXT('2D SPACE',''
  ) );
#9243 = PCURVE('',#8386,#9244);
#9244 = DEFINITIONAL_REPRESENTATION('',(#9245),#9249);
#9245 = B_SPLINE_CURVE_WITH_KNOTS('',2,(#9246,#9247,#9248),
  .UNSPECIFIED.,.F.,.F.,(3,3),(0.,1.),.PIECEWISE_BEZIER_KNOTS.);
#9246 = CARTESIAN_POINT('',(1.90283203125,1.056884765625));
#9247 = CARTESIAN_POINT('',(1.90283203125,1.395263671875));
#9248 = CARTESIAN_POINT('',(1.712768554688,1.5908203125));
#9249 = ( GEOMETRIC_REPRESENTATION_CONTEXT(2) 
PARAMETRIC_REPRESENTATION_CONTEXT() REPRESENTATION_CONTEXT('2D SPACE',''
  ) );
#9250 = ORIENTED_EDGE('',*,*,#9158,.F.);
#9251 = ADVANCED_FACE('',(#9252),#3414,.T.);
#9252 = FACE_BOUND('',#9253,.T.);
#9253 = EDGE_LOOP('',(#9254,#9255,#9278,#9299));
#9254 = ORIENTED_EDGE('',*,*,#3380,.T.);
#9255 = ORIENTED_EDGE('',*,*,#9256,.T.);
#9256 = EDGE_CURVE('',#3330,#9257,#9259,.T.);
#9257 = VERTEX_POINT('',#9258);
#9258 = CARTESIAN_POINT('',(30.453735351562,-6.000854492188,16.6));
#9259 = SURFACE_CURVE('',#9260,(#9264,#9271),.PCURVE_S1.);
#9260 = LINE('',#9261,#9262);
#9261 = CARTESIAN_POINT('',(30.453735351562,-6.000854492188,15.95));
#9262 = VECTOR('',#9263,1.);
#9263 = DIRECTION('',(0.,0.,1.));
#9264 = PCURVE('',#3414,#9265);
#9265 = DEFINITIONAL_REPRESENTATION('',(#9266),#9270);
#9266 = LINE('',#9267,#9268);
#9267 = CARTESIAN_POINT('',(0.,0.));
#9268 = VECTOR('',#9269,1.);
#9269 = DIRECTION('',(0.,-1.));
#9270 = ( GEOMETRIC_REPRESENTATION_CONTEXT(2) 
PARAMETRIC_REPRESENTATION_CONTEXT() REPRESENTATION_CONTEXT('2D SPACE',''
  ) );
#9271 = PCURVE('',#3359,#9272);
#9272 = DEFINITIONAL_REPRESENTATION('',(#9273),#9277);
#9273 = LINE('',#9274,#9275);
#9274 = CARTESIAN_POINT('',(1.,0.));
#9275 = VECTOR('',#9276,1.);
#9276 = DIRECTION('',(0.,-1.));
#9277 = ( GEOMETRIC_REPRESENTATION_CONTEXT(2) 
PARAMETRIC_REPRESENTATION_CONTEXT() REPRESENTATION_CONTEXT('2D SPACE',''
  ) );
#9278 = ORIENTED_EDGE('',*,*,#9279,.T.);
#9279 = EDGE_CURVE('',#9257,#9208,#9280,.T.);
#9280 = SURFACE_CURVE('',#9281,(#9285,#9292),.PCURVE_S1.);
#9281 = B_SPLINE_CURVE_WITH_KNOTS('',2,(#9282,#9283,#9284),
  .UNSPECIFIED.,.F.,.F.,(3,3),(0.,1.),.PIECEWISE_BEZIER_KNOTS.);
#9282 = CARTESIAN_POINT('',(30.453735351562,-6.000854492188,16.6));
#9283 = CARTESIAN_POINT('',(30.651489257812,-5.785522460938,16.6));
#9284 = CARTESIAN_POINT('',(30.651489257812,-5.429565429688,16.6));
#9285 = PCURVE('',#3414,#9286);
#9286 = DEFINITIONAL_REPRESENTATION('',(#9287),#9291);
#9287 = LINE('',#9288,#9289);
#9288 = CARTESIAN_POINT('',(0.,-0.65));
#9289 = VECTOR('',#9290,1.);
#9290 = DIRECTION('',(1.,0.));
#9291 = ( GEOMETRIC_REPRESENTATION_CONTEXT(2) 
PARAMETRIC_REPRESENTATION_CONTEXT() REPRESENTATION_CONTEXT('2D SPACE',''
  ) );
#9292 = PCURVE('',#8386,#9293);
#9293 = DEFINITIONAL_REPRESENTATION('',(#9294),#9298);
#9294 = B_SPLINE_CURVE_WITH_KNOTS('',2,(#9295,#9296,#9297),
  .UNSPECIFIED.,.F.,.F.,(3,3),(0.,1.),.PIECEWISE_BEZIER_KNOTS.);
#9295 = CARTESIAN_POINT('',(1.705078125,0.485595703125));
#9296 = CARTESIAN_POINT('',(1.90283203125,0.700927734375));
#9297 = CARTESIAN_POINT('',(1.90283203125,1.056884765625));
#9298 = ( GEOMETRIC_REPRESENTATION_CONTEXT(2) 
PARAMETRIC_REPRESENTATION_CONTEXT() REPRESENTATION_CONTEXT('2D SPACE',''
  ) );
#9299 = ORIENTED_EDGE('',*,*,#9207,.F.);
#9300 = ADVANCED_FACE('',(#9301),#3359,.T.);
#9301 = FACE_BOUND('',#9302,.T.);
#9302 = EDGE_LOOP('',(#9303,#9304,#9327,#9348));
#9303 = ORIENTED_EDGE('',*,*,#3329,.T.);
#9304 = ORIENTED_EDGE('',*,*,#9305,.T.);
#9305 = EDGE_CURVE('',#3279,#9306,#9308,.T.);
#9306 = VERTEX_POINT('',#9307);
#9307 = CARTESIAN_POINT('',(29.970336914062,-6.216186523438,16.6));
#9308 = SURFACE_CURVE('',#9309,(#9313,#9320),.PCURVE_S1.);
#9309 = LINE('',#9310,#9311);
#9310 = CARTESIAN_POINT('',(29.970336914062,-6.216186523438,15.95));
#9311 = VECTOR('',#9312,1.);
#9312 = DIRECTION('',(0.,0.,1.));
#9313 = PCURVE('',#3359,#9314);
#9314 = DEFINITIONAL_REPRESENTATION('',(#9315),#9319);
#9315 = LINE('',#9316,#9317);
#9316 = CARTESIAN_POINT('',(0.,0.));
#9317 = VECTOR('',#9318,1.);
#9318 = DIRECTION('',(0.,-1.));
#9319 = ( GEOMETRIC_REPRESENTATION_CONTEXT(2) 
PARAMETRIC_REPRESENTATION_CONTEXT() REPRESENTATION_CONTEXT('2D SPACE',''
  ) );
#9320 = PCURVE('',#3308,#9321);
#9321 = DEFINITIONAL_REPRESENTATION('',(#9322),#9326);
#9322 = LINE('',#9323,#9324);
#9323 = CARTESIAN_POINT('',(1.,0.));
#9324 = VECTOR('',#9325,1.);
#9325 = DIRECTION('',(0.,-1.));
#9326 = ( GEOMETRIC_REPRESENTATION_CONTEXT(2) 
PARAMETRIC_REPRESENTATION_CONTEXT() REPRESENTATION_CONTEXT('2D SPACE',''
  ) );
#9327 = ORIENTED_EDGE('',*,*,#9328,.T.);
#9328 = EDGE_CURVE('',#9306,#9257,#9329,.T.);
#9329 = SURFACE_CURVE('',#9330,(#9334,#9341),.PCURVE_S1.);
#9330 = B_SPLINE_CURVE_WITH_KNOTS('',2,(#9331,#9332,#9333),
  .UNSPECIFIED.,.F.,.F.,(3,3),(0.,1.),.PIECEWISE_BEZIER_KNOTS.);
#9331 = CARTESIAN_POINT('',(29.970336914062,-6.216186523438,16.6));
#9332 = CARTESIAN_POINT('',(30.255981445312,-6.216186523438,16.6));
#9333 = CARTESIAN_POINT('',(30.453735351562,-6.000854492188,16.6));
#9334 = PCURVE('',#3359,#9335);
#9335 = DEFINITIONAL_REPRESENTATION('',(#9336),#9340);
#9336 = LINE('',#9337,#9338);
#9337 = CARTESIAN_POINT('',(0.,-0.65));
#9338 = VECTOR('',#9339,1.);
#9339 = DIRECTION('',(1.,0.));
#9340 = ( GEOMETRIC_REPRESENTATION_CONTEXT(2) 
PARAMETRIC_REPRESENTATION_CONTEXT() REPRESENTATION_CONTEXT('2D SPACE',''
  ) );
#9341 = PCURVE('',#8386,#9342);
#9342 = DEFINITIONAL_REPRESENTATION('',(#9343),#9347);
#9343 = B_SPLINE_CURVE_WITH_KNOTS('',2,(#9344,#9345,#9346),
  .UNSPECIFIED.,.F.,.F.,(3,3),(0.,1.),.PIECEWISE_BEZIER_KNOTS.);
#9344 = CARTESIAN_POINT('',(1.2216796875,0.270263671875));
#9345 = CARTESIAN_POINT('',(1.50732421875,0.270263671875));
#9346 = CARTESIAN_POINT('',(1.705078125,0.485595703125));
#9347 = ( GEOMETRIC_REPRESENTATION_CONTEXT(2) 
PARAMETRIC_REPRESENTATION_CONTEXT() REPRESENTATION_CONTEXT('2D SPACE',''
  ) );
#9348 = ORIENTED_EDGE('',*,*,#9256,.F.);
#9349 = ADVANCED_FACE('',(#9350),#3308,.T.);
#9350 = FACE_BOUND('',#9351,.T.);
#9351 = EDGE_LOOP('',(#9352,#9353,#9376,#9397));
#9352 = ORIENTED_EDGE('',*,*,#3278,.T.);
#9353 = ORIENTED_EDGE('',*,*,#9354,.T.);
#9354 = EDGE_CURVE('',#3237,#9355,#9357,.T.);
#9355 = VERTEX_POINT('',#9356);
#9356 = CARTESIAN_POINT('',(29.56494140625,-6.0634765625,16.6));
#9357 = SURFACE_CURVE('',#9358,(#9362,#9369),.PCURVE_S1.);
#9358 = LINE('',#9359,#9360);
#9359 = CARTESIAN_POINT('',(29.56494140625,-6.0634765625,15.95));
#9360 = VECTOR('',#9361,1.);
#9361 = DIRECTION('',(0.,0.,1.));
#9362 = PCURVE('',#3308,#9363);
#9363 = DEFINITIONAL_REPRESENTATION('',(#9364),#9368);
#9364 = LINE('',#9365,#9366);
#9365 = CARTESIAN_POINT('',(0.,0.));
#9366 = VECTOR('',#9367,1.);
#9367 = DIRECTION('',(0.,-1.));
#9368 = ( GEOMETRIC_REPRESENTATION_CONTEXT(2) 
PARAMETRIC_REPRESENTATION_CONTEXT() REPRESENTATION_CONTEXT('2D SPACE',''
  ) );
#9369 = PCURVE('',#3260,#9370);
#9370 = DEFINITIONAL_REPRESENTATION('',(#9371),#9375);
#9371 = LINE('',#9372,#9373);
#9372 = CARTESIAN_POINT('',(1.,0.));
#9373 = VECTOR('',#9374,1.);
#9374 = DIRECTION('',(0.,-1.));
#9375 = ( GEOMETRIC_REPRESENTATION_CONTEXT(2) 
PARAMETRIC_REPRESENTATION_CONTEXT() REPRESENTATION_CONTEXT('2D SPACE',''
  ) );
#9376 = ORIENTED_EDGE('',*,*,#9377,.T.);
#9377 = EDGE_CURVE('',#9355,#9306,#9378,.T.);
#9378 = SURFACE_CURVE('',#9379,(#9383,#9390),.PCURVE_S1.);
#9379 = B_SPLINE_CURVE_WITH_KNOTS('',2,(#9380,#9381,#9382),
  .UNSPECIFIED.,.F.,.F.,(3,3),(0.,1.),.PIECEWISE_BEZIER_KNOTS.);
#9380 = CARTESIAN_POINT('',(29.56494140625,-6.0634765625,16.6));
#9381 = CARTESIAN_POINT('',(29.733032226562,-6.216186523438,16.6));
#9382 = CARTESIAN_POINT('',(29.970336914062,-6.216186523438,16.6));
#9383 = PCURVE('',#3308,#9384);
#9384 = DEFINITIONAL_REPRESENTATION('',(#9385),#9389);
#9385 = LINE('',#9386,#9387);
#9386 = CARTESIAN_POINT('',(0.,-0.65));
#9387 = VECTOR('',#9388,1.);
#9388 = DIRECTION('',(1.,0.));
#9389 = ( GEOMETRIC_REPRESENTATION_CONTEXT(2) 
PARAMETRIC_REPRESENTATION_CONTEXT() REPRESENTATION_CONTEXT('2D SPACE',''
  ) );
#9390 = PCURVE('',#8386,#9391);
#9391 = DEFINITIONAL_REPRESENTATION('',(#9392),#9396);
#9392 = B_SPLINE_CURVE_WITH_KNOTS('',2,(#9393,#9394,#9395),
  .UNSPECIFIED.,.F.,.F.,(3,3),(0.,1.),.PIECEWISE_BEZIER_KNOTS.);
#9393 = CARTESIAN_POINT('',(0.816284179688,0.422973632812));
#9394 = CARTESIAN_POINT('',(0.984375,0.270263671875));
#9395 = CARTESIAN_POINT('',(1.2216796875,0.270263671875));
#9396 = ( GEOMETRIC_REPRESENTATION_CONTEXT(2) 
PARAMETRIC_REPRESENTATION_CONTEXT() REPRESENTATION_CONTEXT('2D SPACE',''
  ) );
#9397 = ORIENTED_EDGE('',*,*,#9305,.F.);
#9398 = ADVANCED_FACE('',(#9399),#3260,.T.);
#9399 = FACE_BOUND('',#9400,.T.);
#9400 = EDGE_LOOP('',(#9401,#9402,#9403,#9424));
#9401 = ORIENTED_EDGE('',*,*,#3236,.T.);
#9402 = ORIENTED_EDGE('',*,*,#8398,.T.);
#9403 = ORIENTED_EDGE('',*,*,#9404,.T.);
#9404 = EDGE_CURVE('',#8371,#9355,#9405,.T.);
#9405 = SURFACE_CURVE('',#9406,(#9410,#9417),.PCURVE_S1.);
#9406 = B_SPLINE_CURVE_WITH_KNOTS('',2,(#9407,#9408,#9409),
  .UNSPECIFIED.,.F.,.F.,(3,3),(0.,1.),.PIECEWISE_BEZIER_KNOTS.);
#9407 = CARTESIAN_POINT('',(29.350708007812,-5.607543945312,16.6));
#9408 = CARTESIAN_POINT('',(29.396850585938,-5.910766601562,16.6));
#9409 = CARTESIAN_POINT('',(29.56494140625,-6.0634765625,16.6));
#9410 = PCURVE('',#3260,#9411);
#9411 = DEFINITIONAL_REPRESENTATION('',(#9412),#9416);
#9412 = LINE('',#9413,#9414);
#9413 = CARTESIAN_POINT('',(0.,-0.65));
#9414 = VECTOR('',#9415,1.);
#9415 = DIRECTION('',(1.,0.));
#9416 = ( GEOMETRIC_REPRESENTATION_CONTEXT(2) 
PARAMETRIC_REPRESENTATION_CONTEXT() REPRESENTATION_CONTEXT('2D SPACE',''
  ) );
#9417 = PCURVE('',#8386,#9418);
#9418 = DEFINITIONAL_REPRESENTATION('',(#9419),#9423);
#9419 = B_SPLINE_CURVE_WITH_KNOTS('',2,(#9420,#9421,#9422),
  .UNSPECIFIED.,.F.,.F.,(3,3),(0.,1.),.PIECEWISE_BEZIER_KNOTS.);
#9420 = CARTESIAN_POINT('',(0.60205078125,0.87890625));
#9421 = CARTESIAN_POINT('',(0.648193359375,0.57568359375));
#9422 = CARTESIAN_POINT('',(0.816284179688,0.422973632812));
#9423 = ( GEOMETRIC_REPRESENTATION_CONTEXT(2) 
PARAMETRIC_REPRESENTATION_CONTEXT() REPRESENTATION_CONTEXT('2D SPACE',''
  ) );
#9424 = ORIENTED_EDGE('',*,*,#9354,.F.);
#9425 = ADVANCED_FACE('',(#9426),#4201,.T.);
#9426 = FACE_BOUND('',#9427,.T.);
#9427 = EDGE_LOOP('',(#9428,#9451,#9479,#9500));
#9428 = ORIENTED_EDGE('',*,*,#9429,.F.);
#9429 = EDGE_CURVE('',#9430,#4185,#9432,.T.);
#9430 = VERTEX_POINT('',#9431);
#9431 = CARTESIAN_POINT('',(-25.9,2.8,4.));
#9432 = SURFACE_CURVE('',#9433,(#9437,#9444),.PCURVE_S1.);
#9433 = LINE('',#9434,#9435);
#9434 = CARTESIAN_POINT('',(-25.9,2.8,4.));
#9435 = VECTOR('',#9436,1.);
#9436 = DIRECTION('',(0.,0.,1.));
#9437 = PCURVE('',#4201,#9438);
#9438 = DEFINITIONAL_REPRESENTATION('',(#9439),#9443);
#9439 = LINE('',#9440,#9441);
#9440 = CARTESIAN_POINT('',(0.,8.2));
#9441 = VECTOR('',#9442,1.);
#9442 = DIRECTION('',(1.,0.));
#9443 = ( GEOMETRIC_REPRESENTATION_CONTEXT(2) 
PARAMETRIC_REPRESENTATION_CONTEXT() REPRESENTATION_CONTEXT('2D SPACE',''
  ) );
#9444 = PCURVE('',#4277,#9445);
#9445 = DEFINITIONAL_REPRESENTATION('',(#9446),#9450);
#9446 = LINE('',#9447,#9448);
#9447 = CARTESIAN_POINT('',(0.,0.));
#9448 = VECTOR('',#9449,1.);
#9449 = DIRECTION('',(1.,0.));
#9450 = ( GEOMETRIC_REPRESENTATION_CONTEXT(2) 
PARAMETRIC_REPRESENTATION_CONTEXT() REPRESENTATION_CONTEXT('2D SPACE',''
  ) );
#9451 = ORIENTED_EDGE('',*,*,#9452,.F.);
#9452 = EDGE_CURVE('',#9453,#9430,#9455,.T.);
#9453 = VERTEX_POINT('',#9454);
#9454 = CARTESIAN_POINT('',(-34.1,2.8,4.));
#9455 = SURFACE_CURVE('',#9456,(#9460,#9467),.PCURVE_S1.);
#9456 = LINE('',#9457,#9458);
#9457 = CARTESIAN_POINT('',(-34.1,2.8,4.));
#9458 = VECTOR('',#9459,1.);
#9459 = DIRECTION('',(1.,0.,0.));
#9460 = PCURVE('',#4201,#9461);
#9461 = DEFINITIONAL_REPRESENTATION('',(#9462),#9466);
#9462 = LINE('',#9463,#9464);
#9463 = CARTESIAN_POINT('',(0.,0.));
#9464 = VECTOR('',#9465,1.);
#9465 = DIRECTION('',(0.,1.));
#9466 = ( GEOMETRIC_REPRESENTATION_CONTEXT(2) 
PARAMETRIC_REPRESENTATION_CONTEXT() REPRESENTATION_CONTEXT('2D SPACE',''
  ) );
#9467 = PCURVE('',#9468,#9473);
#9468 = PLANE('',#9469);
#9469 = AXIS2_PLACEMENT_3D('',#9470,#9471,#9472);
#9470 = CARTESIAN_POINT('',(-34.1,2.8,4.));
#9471 = DIRECTION('',(0.,0.,1.));
#9472 = DIRECTION('',(1.,0.,0.));
#9473 = DEFINITIONAL_REPRESENTATION('',(#9474),#9478);
#9474 = LINE('',#9475,#9476);
#9475 = CARTESIAN_POINT('',(0.,0.));
#9476 = VECTOR('',#9477,1.);
#9477 = DIRECTION('',(1.,0.));
#9478 = ( GEOMETRIC_REPRESENTATION_CONTEXT(2) 
PARAMETRIC_REPRESENTATION_CONTEXT() REPRESENTATION_CONTEXT('2D SPACE',''
  ) );
#9479 = ORIENTED_EDGE('',*,*,#9480,.T.);
#9480 = EDGE_CURVE('',#9453,#4187,#9481,.T.);
#9481 = SURFACE_CURVE('',#9482,(#9486,#9493),.PCURVE_S1.);
#9482 = LINE('',#9483,#9484);
#9483 = CARTESIAN_POINT('',(-34.1,2.8,4.));
#9484 = VECTOR('',#9485,1.);
#9485 = DIRECTION('',(0.,0.,1.));
#9486 = PCURVE('',#4201,#9487);
#9487 = DEFINITIONAL_REPRESENTATION('',(#9488),#9492);
#9488 = LINE('',#9489,#9490);
#9489 = CARTESIAN_POINT('',(0.,0.));
#9490 = VECTOR('',#9491,1.);
#9491 = DIRECTION('',(1.,0.));
#9492 = ( GEOMETRIC_REPRESENTATION_CONTEXT(2) 
PARAMETRIC_REPRESENTATION_CONTEXT() REPRESENTATION_CONTEXT('2D SPACE',''
  ) );
#9493 = PCURVE('',#4227,#9494);
#9494 = DEFINITIONAL_REPRESENTATION('',(#9495),#9499);
#9495 = LINE('',#9496,#9497);
#9496 = CARTESIAN_POINT('',(0.,0.));
#9497 = VECTOR('',#9498,1.);
#9498 = DIRECTION('',(1.,0.));
#9499 = ( GEOMETRIC_REPRESENTATION_CONTEXT(2) 
PARAMETRIC_REPRESENTATION_CONTEXT() REPRESENTATION_CONTEXT('2D SPACE',''
  ) );
#9500 = ORIENTED_EDGE('',*,*,#4184,.F.);
#9501 = ADVANCED_FACE('',(#9502),#4277,.F.);
#9502 = FACE_BOUND('',#9503,.F.);
#9503 = EDGE_LOOP('',(#9504,#9505,#9528,#9549));
#9504 = ORIENTED_EDGE('',*,*,#9429,.F.);
#9505 = ORIENTED_EDGE('',*,*,#9506,.T.);
#9506 = EDGE_CURVE('',#9430,#9507,#9509,.T.);
#9507 = VERTEX_POINT('',#9508);
#9508 = CARTESIAN_POINT('',(-25.9,5.2,4.));
#9509 = SURFACE_CURVE('',#9510,(#9514,#9521),.PCURVE_S1.);
#9510 = LINE('',#9511,#9512);
#9511 = CARTESIAN_POINT('',(-25.9,2.8,4.));
#9512 = VECTOR('',#9513,1.);
#9513 = DIRECTION('',(0.,1.,0.));
#9514 = PCURVE('',#4277,#9515);
#9515 = DEFINITIONAL_REPRESENTATION('',(#9516),#9520);
#9516 = LINE('',#9517,#9518);
#9517 = CARTESIAN_POINT('',(0.,0.));
#9518 = VECTOR('',#9519,1.);
#9519 = DIRECTION('',(0.,-1.));
#9520 = ( GEOMETRIC_REPRESENTATION_CONTEXT(2) 
PARAMETRIC_REPRESENTATION_CONTEXT() REPRESENTATION_CONTEXT('2D SPACE',''
  ) );
#9521 = PCURVE('',#9468,#9522);
#9522 = DEFINITIONAL_REPRESENTATION('',(#9523),#9527);
#9523 = LINE('',#9524,#9525);
#9524 = CARTESIAN_POINT('',(8.2,0.));
#9525 = VECTOR('',#9526,1.);
#9526 = DIRECTION('',(0.,1.));
#9527 = ( GEOMETRIC_REPRESENTATION_CONTEXT(2) 
PARAMETRIC_REPRESENTATION_CONTEXT() REPRESENTATION_CONTEXT('2D SPACE',''
  ) );
#9528 = ORIENTED_EDGE('',*,*,#9529,.T.);
#9529 = EDGE_CURVE('',#9507,#4239,#9530,.T.);
#9530 = SURFACE_CURVE('',#9531,(#9535,#9542),.PCURVE_S1.);
#9531 = LINE('',#9532,#9533);
#9532 = CARTESIAN_POINT('',(-25.9,5.2,4.));
#9533 = VECTOR('',#9534,1.);
#9534 = DIRECTION('',(0.,0.,1.));
#9535 = PCURVE('',#4277,#9536);
#9536 = DEFINITIONAL_REPRESENTATION('',(#9537),#9541);
#9537 = LINE('',#9538,#9539);
#9538 = CARTESIAN_POINT('',(0.,-2.4));
#9539 = VECTOR('',#9540,1.);
#9540 = DIRECTION('',(1.,0.));
#9541 = ( GEOMETRIC_REPRESENTATION_CONTEXT(2) 
PARAMETRIC_REPRESENTATION_CONTEXT() REPRESENTATION_CONTEXT('2D SPACE',''
  ) );
#9542 = PCURVE('',#4253,#9543);
#9543 = DEFINITIONAL_REPRESENTATION('',(#9544),#9548);
#9544 = LINE('',#9545,#9546);
#9545 = CARTESIAN_POINT('',(0.,8.2));
#9546 = VECTOR('',#9547,1.);
#9547 = DIRECTION('',(1.,0.));
#9548 = ( GEOMETRIC_REPRESENTATION_CONTEXT(2) 
PARAMETRIC_REPRESENTATION_CONTEXT() REPRESENTATION_CONTEXT('2D SPACE',''
  ) );
#9549 = ORIENTED_EDGE('',*,*,#4264,.F.);
#9550 = ADVANCED_FACE('',(#9551),#4227,.T.);
#9551 = FACE_BOUND('',#9552,.T.);
#9552 = EDGE_LOOP('',(#9553,#9554,#9577,#9598));
#9553 = ORIENTED_EDGE('',*,*,#9480,.F.);
#9554 = ORIENTED_EDGE('',*,*,#9555,.T.);
#9555 = EDGE_CURVE('',#9453,#9556,#9558,.T.);
#9556 = VERTEX_POINT('',#9557);
#9557 = CARTESIAN_POINT('',(-34.1,5.2,4.));
#9558 = SURFACE_CURVE('',#9559,(#9563,#9570),.PCURVE_S1.);
#9559 = LINE('',#9560,#9561);
#9560 = CARTESIAN_POINT('',(-34.1,2.8,4.));
#9561 = VECTOR('',#9562,1.);
#9562 = DIRECTION('',(0.,1.,0.));
#9563 = PCURVE('',#4227,#9564);
#9564 = DEFINITIONAL_REPRESENTATION('',(#9565),#9569);
#9565 = LINE('',#9566,#9567);
#9566 = CARTESIAN_POINT('',(0.,0.));
#9567 = VECTOR('',#9568,1.);
#9568 = DIRECTION('',(0.,-1.));
#9569 = ( GEOMETRIC_REPRESENTATION_CONTEXT(2) 
PARAMETRIC_REPRESENTATION_CONTEXT() REPRESENTATION_CONTEXT('2D SPACE',''
  ) );
#9570 = PCURVE('',#9468,#9571);
#9571 = DEFINITIONAL_REPRESENTATION('',(#9572),#9576);
#9572 = LINE('',#9573,#9574);
#9573 = CARTESIAN_POINT('',(0.,0.));
#9574 = VECTOR('',#9575,1.);
#9575 = DIRECTION('',(0.,1.));
#9576 = ( GEOMETRIC_REPRESENTATION_CONTEXT(2) 
PARAMETRIC_REPRESENTATION_CONTEXT() REPRESENTATION_CONTEXT('2D SPACE',''
  ) );
#9577 = ORIENTED_EDGE('',*,*,#9578,.T.);
#9578 = EDGE_CURVE('',#9556,#4213,#9579,.T.);
#9579 = SURFACE_CURVE('',#9580,(#9584,#9591),.PCURVE_S1.);
#9580 = LINE('',#9581,#9582);
#9581 = CARTESIAN_POINT('',(-34.1,5.2,4.));
#9582 = VECTOR('',#9583,1.);
#9583 = DIRECTION('',(0.,0.,1.));
#9584 = PCURVE('',#4227,#9585);
#9585 = DEFINITIONAL_REPRESENTATION('',(#9586),#9590);
#9586 = LINE('',#9587,#9588);
#9587 = CARTESIAN_POINT('',(0.,-2.4));
#9588 = VECTOR('',#9589,1.);
#9589 = DIRECTION('',(1.,0.));
#9590 = ( GEOMETRIC_REPRESENTATION_CONTEXT(2) 
PARAMETRIC_REPRESENTATION_CONTEXT() REPRESENTATION_CONTEXT('2D SPACE',''
  ) );
#9591 = PCURVE('',#4253,#9592);
#9592 = DEFINITIONAL_REPRESENTATION('',(#9593),#9597);
#9593 = LINE('',#9594,#9595);
#9594 = CARTESIAN_POINT('',(0.,0.));
#9595 = VECTOR('',#9596,1.);
#9596 = DIRECTION('',(1.,0.));
#9597 = ( GEOMETRIC_REPRESENTATION_CONTEXT(2) 
PARAMETRIC_REPRESENTATION_CONTEXT() REPRESENTATION_CONTEXT('2D SPACE',''
  ) );
#9598 = ORIENTED_EDGE('',*,*,#4212,.F.);
#9599 = ADVANCED_FACE('',(#9600),#4253,.F.);
#9600 = FACE_BOUND('',#9601,.F.);
#9601 = EDGE_LOOP('',(#9602,#9603,#9624,#9625));
#9602 = ORIENTED_EDGE('',*,*,#9529,.F.);
#9603 = ORIENTED_EDGE('',*,*,#9604,.F.);
#9604 = EDGE_CURVE('',#9556,#9507,#9605,.T.);
#9605 = SURFACE_CURVE('',#9606,(#9610,#9617),.PCURVE_S1.);
#9606 = LINE('',#9607,#9608);
#9607 = CARTESIAN_POINT('',(-34.1,5.2,4.));
#9608 = VECTOR('',#9609,1.);
#9609 = DIRECTION('',(1.,0.,0.));
#9610 = PCURVE('',#4253,#9611);
#9611 = DEFINITIONAL_REPRESENTATION('',(#9612),#9616);
#9612 = LINE('',#9613,#9614);
#9613 = CARTESIAN_POINT('',(0.,0.));
#9614 = VECTOR('',#9615,1.);
#9615 = DIRECTION('',(0.,1.));
#9616 = ( GEOMETRIC_REPRESENTATION_CONTEXT(2) 
PARAMETRIC_REPRESENTATION_CONTEXT() REPRESENTATION_CONTEXT('2D SPACE',''
  ) );
#9617 = PCURVE('',#9468,#9618);
#9618 = DEFINITIONAL_REPRESENTATION('',(#9619),#9623);
#9619 = LINE('',#9620,#9621);
#9620 = CARTESIAN_POINT('',(0.,2.4));
#9621 = VECTOR('',#9622,1.);
#9622 = DIRECTION('',(1.,0.));
#9623 = ( GEOMETRIC_REPRESENTATION_CONTEXT(2) 
PARAMETRIC_REPRESENTATION_CONTEXT() REPRESENTATION_CONTEXT('2D SPACE',''
  ) );
#9624 = ORIENTED_EDGE('',*,*,#9578,.T.);
#9625 = ORIENTED_EDGE('',*,*,#4238,.F.);
#9626 = ADVANCED_FACE('',(#9627),#4307,.T.);
#9627 = FACE_BOUND('',#9628,.T.);
#9628 = EDGE_LOOP('',(#9629,#9652,#9680,#9701));
#9629 = ORIENTED_EDGE('',*,*,#9630,.F.);
#9630 = EDGE_CURVE('',#9631,#4291,#9633,.T.);
#9631 = VERTEX_POINT('',#9632);
#9632 = CARTESIAN_POINT('',(-10.8,2.8,4.));
#9633 = SURFACE_CURVE('',#9634,(#9638,#9645),.PCURVE_S1.);
#9634 = LINE('',#9635,#9636);
#9635 = CARTESIAN_POINT('',(-10.8,2.8,4.));
#9636 = VECTOR('',#9637,1.);
#9637 = DIRECTION('',(0.,0.,1.));
#9638 = PCURVE('',#4307,#9639);
#9639 = DEFINITIONAL_REPRESENTATION('',(#9640),#9644);
#9640 = LINE('',#9641,#9642);
#9641 = CARTESIAN_POINT('',(0.,8.4));
#9642 = VECTOR('',#9643,1.);
#9643 = DIRECTION('',(1.,0.));
#9644 = ( GEOMETRIC_REPRESENTATION_CONTEXT(2) 
PARAMETRIC_REPRESENTATION_CONTEXT() REPRESENTATION_CONTEXT('2D SPACE',''
  ) );
#9645 = PCURVE('',#4383,#9646);
#9646 = DEFINITIONAL_REPRESENTATION('',(#9647),#9651);
#9647 = LINE('',#9648,#9649);
#9648 = CARTESIAN_POINT('',(0.,0.));
#9649 = VECTOR('',#9650,1.);
#9650 = DIRECTION('',(1.,0.));
#9651 = ( GEOMETRIC_REPRESENTATION_CONTEXT(2) 
PARAMETRIC_REPRESENTATION_CONTEXT() REPRESENTATION_CONTEXT('2D SPACE',''
  ) );
#9652 = ORIENTED_EDGE('',*,*,#9653,.F.);
#9653 = EDGE_CURVE('',#9654,#9631,#9656,.T.);
#9654 = VERTEX_POINT('',#9655);
#9655 = CARTESIAN_POINT('',(-19.2,2.8,4.));
#9656 = SURFACE_CURVE('',#9657,(#9661,#9668),.PCURVE_S1.);
#9657 = LINE('',#9658,#9659);
#9658 = CARTESIAN_POINT('',(-19.2,2.8,4.));
#9659 = VECTOR('',#9660,1.);
#9660 = DIRECTION('',(1.,0.,0.));
#9661 = PCURVE('',#4307,#9662);
#9662 = DEFINITIONAL_REPRESENTATION('',(#9663),#9667);
#9663 = LINE('',#9664,#9665);
#9664 = CARTESIAN_POINT('',(0.,0.));
#9665 = VECTOR('',#9666,1.);
#9666 = DIRECTION('',(0.,1.));
#9667 = ( GEOMETRIC_REPRESENTATION_CONTEXT(2) 
PARAMETRIC_REPRESENTATION_CONTEXT() REPRESENTATION_CONTEXT('2D SPACE',''
  ) );
#9668 = PCURVE('',#9669,#9674);
#9669 = PLANE('',#9670);
#9670 = AXIS2_PLACEMENT_3D('',#9671,#9672,#9673);
#9671 = CARTESIAN_POINT('',(-19.2,2.8,4.));
#9672 = DIRECTION('',(0.,0.,1.));
#9673 = DIRECTION('',(1.,0.,0.));
#9674 = DEFINITIONAL_REPRESENTATION('',(#9675),#9679);
#9675 = LINE('',#9676,#9677);
#9676 = CARTESIAN_POINT('',(0.,0.));
#9677 = VECTOR('',#9678,1.);
#9678 = DIRECTION('',(1.,0.));
#9679 = ( GEOMETRIC_REPRESENTATION_CONTEXT(2) 
PARAMETRIC_REPRESENTATION_CONTEXT() REPRESENTATION_CONTEXT('2D SPACE',''
  ) );
#9680 = ORIENTED_EDGE('',*,*,#9681,.T.);
#9681 = EDGE_CURVE('',#9654,#4293,#9682,.T.);
#9682 = SURFACE_CURVE('',#9683,(#9687,#9694),.PCURVE_S1.);
#9683 = LINE('',#9684,#9685);
#9684 = CARTESIAN_POINT('',(-19.2,2.8,4.));
#9685 = VECTOR('',#9686,1.);
#9686 = DIRECTION('',(0.,0.,1.));
#9687 = PCURVE('',#4307,#9688);
#9688 = DEFINITIONAL_REPRESENTATION('',(#9689),#9693);
#9689 = LINE('',#9690,#9691);
#9690 = CARTESIAN_POINT('',(0.,0.));
#9691 = VECTOR('',#9692,1.);
#9692 = DIRECTION('',(1.,0.));
#9693 = ( GEOMETRIC_REPRESENTATION_CONTEXT(2) 
PARAMETRIC_REPRESENTATION_CONTEXT() REPRESENTATION_CONTEXT('2D SPACE',''
  ) );
#9694 = PCURVE('',#4333,#9695);
#9695 = DEFINITIONAL_REPRESENTATION('',(#9696),#9700);
#9696 = LINE('',#9697,#9698);
#9697 = CARTESIAN_POINT('',(0.,0.));
#9698 = VECTOR('',#9699,1.);
#9699 = DIRECTION('',(1.,0.));
#9700 = ( GEOMETRIC_REPRESENTATION_CONTEXT(2) 
PARAMETRIC_REPRESENTATION_CONTEXT() REPRESENTATION_CONTEXT('2D SPACE',''
  ) );
#9701 = ORIENTED_EDGE('',*,*,#4290,.F.);
#9702 = ADVANCED_FACE('',(#9703),#4383,.F.);
#9703 = FACE_BOUND('',#9704,.F.);
#9704 = EDGE_LOOP('',(#9705,#9706,#9729,#9750));
#9705 = ORIENTED_EDGE('',*,*,#9630,.F.);
#9706 = ORIENTED_EDGE('',*,*,#9707,.T.);
#9707 = EDGE_CURVE('',#9631,#9708,#9710,.T.);
#9708 = VERTEX_POINT('',#9709);
#9709 = CARTESIAN_POINT('',(-10.8,5.2,4.));
#9710 = SURFACE_CURVE('',#9711,(#9715,#9722),.PCURVE_S1.);
#9711 = LINE('',#9712,#9713);
#9712 = CARTESIAN_POINT('',(-10.8,2.8,4.));
#9713 = VECTOR('',#9714,1.);
#9714 = DIRECTION('',(0.,1.,0.));
#9715 = PCURVE('',#4383,#9716);
#9716 = DEFINITIONAL_REPRESENTATION('',(#9717),#9721);
#9717 = LINE('',#9718,#9719);
#9718 = CARTESIAN_POINT('',(0.,0.));
#9719 = VECTOR('',#9720,1.);
#9720 = DIRECTION('',(0.,-1.));
#9721 = ( GEOMETRIC_REPRESENTATION_CONTEXT(2) 
PARAMETRIC_REPRESENTATION_CONTEXT() REPRESENTATION_CONTEXT('2D SPACE',''
  ) );
#9722 = PCURVE('',#9669,#9723);
#9723 = DEFINITIONAL_REPRESENTATION('',(#9724),#9728);
#9724 = LINE('',#9725,#9726);
#9725 = CARTESIAN_POINT('',(8.4,0.));
#9726 = VECTOR('',#9727,1.);
#9727 = DIRECTION('',(0.,1.));
#9728 = ( GEOMETRIC_REPRESENTATION_CONTEXT(2) 
PARAMETRIC_REPRESENTATION_CONTEXT() REPRESENTATION_CONTEXT('2D SPACE',''
  ) );
#9729 = ORIENTED_EDGE('',*,*,#9730,.T.);
#9730 = EDGE_CURVE('',#9708,#4345,#9731,.T.);
#9731 = SURFACE_CURVE('',#9732,(#9736,#9743),.PCURVE_S1.);
#9732 = LINE('',#9733,#9734);
#9733 = CARTESIAN_POINT('',(-10.8,5.2,4.));
#9734 = VECTOR('',#9735,1.);
#9735 = DIRECTION('',(0.,0.,1.));
#9736 = PCURVE('',#4383,#9737);
#9737 = DEFINITIONAL_REPRESENTATION('',(#9738),#9742);
#9738 = LINE('',#9739,#9740);
#9739 = CARTESIAN_POINT('',(0.,-2.4));
#9740 = VECTOR('',#9741,1.);
#9741 = DIRECTION('',(1.,0.));
#9742 = ( GEOMETRIC_REPRESENTATION_CONTEXT(2) 
PARAMETRIC_REPRESENTATION_CONTEXT() REPRESENTATION_CONTEXT('2D SPACE',''
  ) );
#9743 = PCURVE('',#4359,#9744);
#9744 = DEFINITIONAL_REPRESENTATION('',(#9745),#9749);
#9745 = LINE('',#9746,#9747);
#9746 = CARTESIAN_POINT('',(0.,8.4));
#9747 = VECTOR('',#9748,1.);
#9748 = DIRECTION('',(1.,0.));
#9749 = ( GEOMETRIC_REPRESENTATION_CONTEXT(2) 
PARAMETRIC_REPRESENTATION_CONTEXT() REPRESENTATION_CONTEXT('2D SPACE',''
  ) );
#9750 = ORIENTED_EDGE('',*,*,#4370,.F.);
#9751 = ADVANCED_FACE('',(#9752),#4333,.T.);
#9752 = FACE_BOUND('',#9753,.T.);
#9753 = EDGE_LOOP('',(#9754,#9755,#9778,#9799));
#9754 = ORIENTED_EDGE('',*,*,#9681,.F.);
#9755 = ORIENTED_EDGE('',*,*,#9756,.T.);
#9756 = EDGE_CURVE('',#9654,#9757,#9759,.T.);
#9757 = VERTEX_POINT('',#9758);
#9758 = CARTESIAN_POINT('',(-19.2,5.2,4.));
#9759 = SURFACE_CURVE('',#9760,(#9764,#9771),.PCURVE_S1.);
#9760 = LINE('',#9761,#9762);
#9761 = CARTESIAN_POINT('',(-19.2,2.8,4.));
#9762 = VECTOR('',#9763,1.);
#9763 = DIRECTION('',(0.,1.,0.));
#9764 = PCURVE('',#4333,#9765);
#9765 = DEFINITIONAL_REPRESENTATION('',(#9766),#9770);
#9766 = LINE('',#9767,#9768);
#9767 = CARTESIAN_POINT('',(0.,0.));
#9768 = VECTOR('',#9769,1.);
#9769 = DIRECTION('',(0.,-1.));
#9770 = ( GEOMETRIC_REPRESENTATION_CONTEXT(2) 
PARAMETRIC_REPRESENTATION_CONTEXT() REPRESENTATION_CONTEXT('2D SPACE',''
  ) );
#9771 = PCURVE('',#9669,#9772);
#9772 = DEFINITIONAL_REPRESENTATION('',(#9773),#9777);
#9773 = LINE('',#9774,#9775);
#9774 = CARTESIAN_POINT('',(0.,0.));
#9775 = VECTOR('',#9776,1.);
#9776 = DIRECTION('',(0.,1.));
#9777 = ( GEOMETRIC_REPRESENTATION_CONTEXT(2) 
PARAMETRIC_REPRESENTATION_CONTEXT() REPRESENTATION_CONTEXT('2D SPACE',''
  ) );
#9778 = ORIENTED_EDGE('',*,*,#9779,.T.);
#9779 = EDGE_CURVE('',#9757,#4319,#9780,.T.);
#9780 = SURFACE_CURVE('',#9781,(#9785,#9792),.PCURVE_S1.);
#9781 = LINE('',#9782,#9783);
#9782 = CARTESIAN_POINT('',(-19.2,5.2,4.));
#9783 = VECTOR('',#9784,1.);
#9784 = DIRECTION('',(0.,0.,1.));
#9785 = PCURVE('',#4333,#9786);
#9786 = DEFINITIONAL_REPRESENTATION('',(#9787),#9791);
#9787 = LINE('',#9788,#9789);
#9788 = CARTESIAN_POINT('',(0.,-2.4));
#9789 = VECTOR('',#9790,1.);
#9790 = DIRECTION('',(1.,0.));
#9791 = ( GEOMETRIC_REPRESENTATION_CONTEXT(2) 
PARAMETRIC_REPRESENTATION_CONTEXT() REPRESENTATION_CONTEXT('2D SPACE',''
  ) );
#9792 = PCURVE('',#4359,#9793);
#9793 = DEFINITIONAL_REPRESENTATION('',(#9794),#9798);
#9794 = LINE('',#9795,#9796);
#9795 = CARTESIAN_POINT('',(0.,0.));
#9796 = VECTOR('',#9797,1.);
#9797 = DIRECTION('',(1.,0.));
#9798 = ( GEOMETRIC_REPRESENTATION_CONTEXT(2) 
PARAMETRIC_REPRESENTATION_CONTEXT() REPRESENTATION_CONTEXT('2D SPACE',''
  ) );
#9799 = ORIENTED_EDGE('',*,*,#4318,.F.);
#9800 = ADVANCED_FACE('',(#9801),#4359,.F.);
#9801 = FACE_BOUND('',#9802,.F.);
#9802 = EDGE_LOOP('',(#9803,#9804,#9825,#9826));
#9803 = ORIENTED_EDGE('',*,*,#9730,.F.);
#9804 = ORIENTED_EDGE('',*,*,#9805,.F.);
#9805 = EDGE_CURVE('',#9757,#9708,#9806,.T.);
#9806 = SURFACE_CURVE('',#9807,(#9811,#9818),.PCURVE_S1.);
#9807 = LINE('',#9808,#9809);
#9808 = CARTESIAN_POINT('',(-19.2,5.2,4.));
#9809 = VECTOR('',#9810,1.);
#9810 = DIRECTION('',(1.,0.,0.));
#9811 = PCURVE('',#4359,#9812);
#9812 = DEFINITIONAL_REPRESENTATION('',(#9813),#9817);
#9813 = LINE('',#9814,#9815);
#9814 = CARTESIAN_POINT('',(0.,0.));
#9815 = VECTOR('',#9816,1.);
#9816 = DIRECTION('',(0.,1.));
#9817 = ( GEOMETRIC_REPRESENTATION_CONTEXT(2) 
PARAMETRIC_REPRESENTATION_CONTEXT() REPRESENTATION_CONTEXT('2D SPACE',''
  ) );
#9818 = PCURVE('',#9669,#9819);
#9819 = DEFINITIONAL_REPRESENTATION('',(#9820),#9824);
#9820 = LINE('',#9821,#9822);
#9821 = CARTESIAN_POINT('',(0.,2.4));
#9822 = VECTOR('',#9823,1.);
#9823 = DIRECTION('',(1.,0.));
#9824 = ( GEOMETRIC_REPRESENTATION_CONTEXT(2) 
PARAMETRIC_REPRESENTATION_CONTEXT() REPRESENTATION_CONTEXT('2D SPACE',''
  ) );
#9825 = ORIENTED_EDGE('',*,*,#9779,.T.);
#9826 = ORIENTED_EDGE('',*,*,#4344,.F.);
#9827 = ADVANCED_FACE('',(#9828),#4413,.T.);
#9828 = FACE_BOUND('',#9829,.T.);
#9829 = EDGE_LOOP('',(#9830,#9853,#9881,#9902));
#9830 = ORIENTED_EDGE('',*,*,#9831,.F.);
#9831 = EDGE_CURVE('',#9832,#4397,#9834,.T.);
#9832 = VERTEX_POINT('',#9833);
#9833 = CARTESIAN_POINT('',(4.3,2.8,4.));
#9834 = SURFACE_CURVE('',#9835,(#9839,#9846),.PCURVE_S1.);
#9835 = LINE('',#9836,#9837);
#9836 = CARTESIAN_POINT('',(4.3,2.8,4.));
#9837 = VECTOR('',#9838,1.);
#9838 = DIRECTION('',(0.,0.,1.));
#9839 = PCURVE('',#4413,#9840);
#9840 = DEFINITIONAL_REPRESENTATION('',(#9841),#9845);
#9841 = LINE('',#9842,#9843);
#9842 = CARTESIAN_POINT('',(0.,8.6));
#9843 = VECTOR('',#9844,1.);
#9844 = DIRECTION('',(1.,0.));
#9845 = ( GEOMETRIC_REPRESENTATION_CONTEXT(2) 
PARAMETRIC_REPRESENTATION_CONTEXT() REPRESENTATION_CONTEXT('2D SPACE',''
  ) );
#9846 = PCURVE('',#4489,#9847);
#9847 = DEFINITIONAL_REPRESENTATION('',(#9848),#9852);
#9848 = LINE('',#9849,#9850);
#9849 = CARTESIAN_POINT('',(0.,0.));
#9850 = VECTOR('',#9851,1.);
#9851 = DIRECTION('',(1.,0.));
#9852 = ( GEOMETRIC_REPRESENTATION_CONTEXT(2) 
PARAMETRIC_REPRESENTATION_CONTEXT() REPRESENTATION_CONTEXT('2D SPACE',''
  ) );
#9853 = ORIENTED_EDGE('',*,*,#9854,.F.);
#9854 = EDGE_CURVE('',#9855,#9832,#9857,.T.);
#9855 = VERTEX_POINT('',#9856);
#9856 = CARTESIAN_POINT('',(-4.3,2.8,4.));
#9857 = SURFACE_CURVE('',#9858,(#9862,#9869),.PCURVE_S1.);
#9858 = LINE('',#9859,#9860);
#9859 = CARTESIAN_POINT('',(-4.3,2.8,4.));
#9860 = VECTOR('',#9861,1.);
#9861 = DIRECTION('',(1.,0.,0.));
#9862 = PCURVE('',#4413,#9863);
#9863 = DEFINITIONAL_REPRESENTATION('',(#9864),#9868);
#9864 = LINE('',#9865,#9866);
#9865 = CARTESIAN_POINT('',(0.,0.));
#9866 = VECTOR('',#9867,1.);
#9867 = DIRECTION('',(0.,1.));
#9868 = ( GEOMETRIC_REPRESENTATION_CONTEXT(2) 
PARAMETRIC_REPRESENTATION_CONTEXT() REPRESENTATION_CONTEXT('2D SPACE',''
  ) );
#9869 = PCURVE('',#9870,#9875);
#9870 = PLANE('',#9871);
#9871 = AXIS2_PLACEMENT_3D('',#9872,#9873,#9874);
#9872 = CARTESIAN_POINT('',(-4.3,2.8,4.));
#9873 = DIRECTION('',(0.,0.,1.));
#9874 = DIRECTION('',(1.,0.,0.));
#9875 = DEFINITIONAL_REPRESENTATION('',(#9876),#9880);
#9876 = LINE('',#9877,#9878);
#9877 = CARTESIAN_POINT('',(0.,0.));
#9878 = VECTOR('',#9879,1.);
#9879 = DIRECTION('',(1.,0.));
#9880 = ( GEOMETRIC_REPRESENTATION_CONTEXT(2) 
PARAMETRIC_REPRESENTATION_CONTEXT() REPRESENTATION_CONTEXT('2D SPACE',''
  ) );
#9881 = ORIENTED_EDGE('',*,*,#9882,.T.);
#9882 = EDGE_CURVE('',#9855,#4399,#9883,.T.);
#9883 = SURFACE_CURVE('',#9884,(#9888,#9895),.PCURVE_S1.);
#9884 = LINE('',#9885,#9886);
#9885 = CARTESIAN_POINT('',(-4.3,2.8,4.));
#9886 = VECTOR('',#9887,1.);
#9887 = DIRECTION('',(0.,0.,1.));
#9888 = PCURVE('',#4413,#9889);
#9889 = DEFINITIONAL_REPRESENTATION('',(#9890),#9894);
#9890 = LINE('',#9891,#9892);
#9891 = CARTESIAN_POINT('',(0.,0.));
#9892 = VECTOR('',#9893,1.);
#9893 = DIRECTION('',(1.,0.));
#9894 = ( GEOMETRIC_REPRESENTATION_CONTEXT(2) 
PARAMETRIC_REPRESENTATION_CONTEXT() REPRESENTATION_CONTEXT('2D SPACE',''
  ) );
#9895 = PCURVE('',#4439,#9896);
#9896 = DEFINITIONAL_REPRESENTATION('',(#9897),#9901);
#9897 = LINE('',#9898,#9899);
#9898 = CARTESIAN_POINT('',(0.,0.));
#9899 = VECTOR('',#9900,1.);
#9900 = DIRECTION('',(1.,0.));
#9901 = ( GEOMETRIC_REPRESENTATION_CONTEXT(2) 
PARAMETRIC_REPRESENTATION_CONTEXT() REPRESENTATION_CONTEXT('2D SPACE',''
  ) );
#9902 = ORIENTED_EDGE('',*,*,#4396,.F.);
#9903 = ADVANCED_FACE('',(#9904),#4489,.F.);
#9904 = FACE_BOUND('',#9905,.F.);
#9905 = EDGE_LOOP('',(#9906,#9907,#9930,#9951));
#9906 = ORIENTED_EDGE('',*,*,#9831,.F.);
#9907 = ORIENTED_EDGE('',*,*,#9908,.T.);
#9908 = EDGE_CURVE('',#9832,#9909,#9911,.T.);
#9909 = VERTEX_POINT('',#9910);
#9910 = CARTESIAN_POINT('',(4.3,5.2,4.));
#9911 = SURFACE_CURVE('',#9912,(#9916,#9923),.PCURVE_S1.);
#9912 = LINE('',#9913,#9914);
#9913 = CARTESIAN_POINT('',(4.3,2.8,4.));
#9914 = VECTOR('',#9915,1.);
#9915 = DIRECTION('',(0.,1.,0.));
#9916 = PCURVE('',#4489,#9917);
#9917 = DEFINITIONAL_REPRESENTATION('',(#9918),#9922);
#9918 = LINE('',#9919,#9920);
#9919 = CARTESIAN_POINT('',(0.,0.));
#9920 = VECTOR('',#9921,1.);
#9921 = DIRECTION('',(0.,-1.));
#9922 = ( GEOMETRIC_REPRESENTATION_CONTEXT(2) 
PARAMETRIC_REPRESENTATION_CONTEXT() REPRESENTATION_CONTEXT('2D SPACE',''
  ) );
#9923 = PCURVE('',#9870,#9924);
#9924 = DEFINITIONAL_REPRESENTATION('',(#9925),#9929);
#9925 = LINE('',#9926,#9927);
#9926 = CARTESIAN_POINT('',(8.6,0.));
#9927 = VECTOR('',#9928,1.);
#9928 = DIRECTION('',(0.,1.));
#9929 = ( GEOMETRIC_REPRESENTATION_CONTEXT(2) 
PARAMETRIC_REPRESENTATION_CONTEXT() REPRESENTATION_CONTEXT('2D SPACE',''
  ) );
#9930 = ORIENTED_EDGE('',*,*,#9931,.T.);
#9931 = EDGE_CURVE('',#9909,#4451,#9932,.T.);
#9932 = SURFACE_CURVE('',#9933,(#9937,#9944),.PCURVE_S1.);
#9933 = LINE('',#9934,#9935);
#9934 = CARTESIAN_POINT('',(4.3,5.2,4.));
#9935 = VECTOR('',#9936,1.);
#9936 = DIRECTION('',(0.,0.,1.));
#9937 = PCURVE('',#4489,#9938);
#9938 = DEFINITIONAL_REPRESENTATION('',(#9939),#9943);
#9939 = LINE('',#9940,#9941);
#9940 = CARTESIAN_POINT('',(0.,-2.4));
#9941 = VECTOR('',#9942,1.);
#9942 = DIRECTION('',(1.,0.));
#9943 = ( GEOMETRIC_REPRESENTATION_CONTEXT(2) 
PARAMETRIC_REPRESENTATION_CONTEXT() REPRESENTATION_CONTEXT('2D SPACE',''
  ) );
#9944 = PCURVE('',#4465,#9945);
#9945 = DEFINITIONAL_REPRESENTATION('',(#9946),#9950);
#9946 = LINE('',#9947,#9948);
#9947 = CARTESIAN_POINT('',(0.,8.6));
#9948 = VECTOR('',#9949,1.);
#9949 = DIRECTION('',(1.,0.));
#9950 = ( GEOMETRIC_REPRESENTATION_CONTEXT(2) 
PARAMETRIC_REPRESENTATION_CONTEXT() REPRESENTATION_CONTEXT('2D SPACE',''
  ) );
#9951 = ORIENTED_EDGE('',*,*,#4476,.F.);
#9952 = ADVANCED_FACE('',(#9953),#4439,.T.);
#9953 = FACE_BOUND('',#9954,.T.);
#9954 = EDGE_LOOP('',(#9955,#9956,#9979,#10000));
#9955 = ORIENTED_EDGE('',*,*,#9882,.F.);
#9956 = ORIENTED_EDGE('',*,*,#9957,.T.);
#9957 = EDGE_CURVE('',#9855,#9958,#9960,.T.);
#9958 = VERTEX_POINT('',#9959);
#9959 = CARTESIAN_POINT('',(-4.3,5.2,4.));
#9960 = SURFACE_CURVE('',#9961,(#9965,#9972),.PCURVE_S1.);
#9961 = LINE('',#9962,#9963);
#9962 = CARTESIAN_POINT('',(-4.3,2.8,4.));
#9963 = VECTOR('',#9964,1.);
#9964 = DIRECTION('',(0.,1.,0.));
#9965 = PCURVE('',#4439,#9966);
#9966 = DEFINITIONAL_REPRESENTATION('',(#9967),#9971);
#9967 = LINE('',#9968,#9969);
#9968 = CARTESIAN_POINT('',(0.,0.));
#9969 = VECTOR('',#9970,1.);
#9970 = DIRECTION('',(0.,-1.));
#9971 = ( GEOMETRIC_REPRESENTATION_CONTEXT(2) 
PARAMETRIC_REPRESENTATION_CONTEXT() REPRESENTATION_CONTEXT('2D SPACE',''
  ) );
#9972 = PCURVE('',#9870,#9973);
#9973 = DEFINITIONAL_REPRESENTATION('',(#9974),#9978);
#9974 = LINE('',#9975,#9976);
#9975 = CARTESIAN_POINT('',(0.,0.));
#9976 = VECTOR('',#9977,1.);
#9977 = DIRECTION('',(0.,1.));
#9978 = ( GEOMETRIC_REPRESENTATION_CONTEXT(2) 
PARAMETRIC_REPRESENTATION_CONTEXT() REPRESENTATION_CONTEXT('2D SPACE',''
  ) );
#9979 = ORIENTED_EDGE('',*,*,#9980,.T.);
#9980 = EDGE_CURVE('',#9958,#4425,#9981,.T.);
#9981 = SURFACE_CURVE('',#9982,(#9986,#9993),.PCURVE_S1.);
#9982 = LINE('',#9983,#9984);
#9983 = CARTESIAN_POINT('',(-4.3,5.2,4.));
#9984 = VECTOR('',#9985,1.);
#9985 = DIRECTION('',(0.,0.,1.));
#9986 = PCURVE('',#4439,#9987);
#9987 = DEFINITIONAL_REPRESENTATION('',(#9988),#9992);
#9988 = LINE('',#9989,#9990);
#9989 = CARTESIAN_POINT('',(0.,-2.4));
#9990 = VECTOR('',#9991,1.);
#9991 = DIRECTION('',(1.,0.));
#9992 = ( GEOMETRIC_REPRESENTATION_CONTEXT(2) 
PARAMETRIC_REPRESENTATION_CONTEXT() REPRESENTATION_CONTEXT('2D SPACE',''
  ) );
#9993 = PCURVE('',#4465,#9994);
#9994 = DEFINITIONAL_REPRESENTATION('',(#9995),#9999);
#9995 = LINE('',#9996,#9997);
#9996 = CARTESIAN_POINT('',(0.,0.));
#9997 = VECTOR('',#9998,1.);
#9998 = DIRECTION('',(1.,0.));
#9999 = ( GEOMETRIC_REPRESENTATION_CONTEXT(2) 
PARAMETRIC_REPRESENTATION_CONTEXT() REPRESENTATION_CONTEXT('2D SPACE',''
  ) );
#10000 = ORIENTED_EDGE('',*,*,#4424,.F.);
#10001 = ADVANCED_FACE('',(#10002),#4465,.F.);
#10002 = FACE_BOUND('',#10003,.F.);
#10003 = EDGE_LOOP('',(#10004,#10005,#10026,#10027));
#10004 = ORIENTED_EDGE('',*,*,#9931,.F.);
#10005 = ORIENTED_EDGE('',*,*,#10006,.F.);
#10006 = EDGE_CURVE('',#9958,#9909,#10007,.T.);
#10007 = SURFACE_CURVE('',#10008,(#10012,#10019),.PCURVE_S1.);
#10008 = LINE('',#10009,#10010);
#10009 = CARTESIAN_POINT('',(-4.3,5.2,4.));
#10010 = VECTOR('',#10011,1.);
#10011 = DIRECTION('',(1.,0.,0.));
#10012 = PCURVE('',#4465,#10013);
#10013 = DEFINITIONAL_REPRESENTATION('',(#10014),#10018);
#10014 = LINE('',#10015,#10016);
#10015 = CARTESIAN_POINT('',(0.,0.));
#10016 = VECTOR('',#10017,1.);
#10017 = DIRECTION('',(0.,1.));
#10018 = ( GEOMETRIC_REPRESENTATION_CONTEXT(2) 
PARAMETRIC_REPRESENTATION_CONTEXT() REPRESENTATION_CONTEXT('2D SPACE',''
  ) );
#10019 = PCURVE('',#9870,#10020);
#10020 = DEFINITIONAL_REPRESENTATION('',(#10021),#10025);
#10021 = LINE('',#10022,#10023);
#10022 = CARTESIAN_POINT('',(0.,2.4));
#10023 = VECTOR('',#10024,1.);
#10024 = DIRECTION('',(1.,0.));
#10025 = ( GEOMETRIC_REPRESENTATION_CONTEXT(2) 
PARAMETRIC_REPRESENTATION_CONTEXT() REPRESENTATION_CONTEXT('2D SPACE',''
  ) );
#10026 = ORIENTED_EDGE('',*,*,#9980,.T.);
#10027 = ORIENTED_EDGE('',*,*,#4450,.F.);
#10028 = ADVANCED_FACE('',(#10029),#4519,.T.);
#10029 = FACE_BOUND('',#10030,.T.);
#10030 = EDGE_LOOP('',(#10031,#10054,#10082,#10103));
#10031 = ORIENTED_EDGE('',*,*,#10032,.F.);
#10032 = EDGE_CURVE('',#10033,#4503,#10035,.T.);
#10033 = VERTEX_POINT('',#10034);
#10034 = CARTESIAN_POINT('',(19.2,2.9,4.));
#10035 = SURFACE_CURVE('',#10036,(#10040,#10047),.PCURVE_S1.);
#10036 = LINE('',#10037,#10038);
#10037 = CARTESIAN_POINT('',(19.2,2.9,4.));
#10038 = VECTOR('',#10039,1.);
#10039 = DIRECTION('',(0.,0.,1.));
#10040 = PCURVE('',#4519,#10041);
#10041 = DEFINITIONAL_REPRESENTATION('',(#10042),#10046);
#10042 = LINE('',#10043,#10044);
#10043 = CARTESIAN_POINT('',(0.,8.4));
#10044 = VECTOR('',#10045,1.);
#10045 = DIRECTION('',(1.,0.));
#10046 = ( GEOMETRIC_REPRESENTATION_CONTEXT(2) 
PARAMETRIC_REPRESENTATION_CONTEXT() REPRESENTATION_CONTEXT('2D SPACE',''
  ) );
#10047 = PCURVE('',#4595,#10048);
#10048 = DEFINITIONAL_REPRESENTATION('',(#10049),#10053);
#10049 = LINE('',#10050,#10051);
#10050 = CARTESIAN_POINT('',(0.,0.));
#10051 = VECTOR('',#10052,1.);
#10052 = DIRECTION('',(1.,0.));
#10053 = ( GEOMETRIC_REPRESENTATION_CONTEXT(2) 
PARAMETRIC_REPRESENTATION_CONTEXT() REPRESENTATION_CONTEXT('2D SPACE',''
  ) );
#10054 = ORIENTED_EDGE('',*,*,#10055,.F.);
#10055 = EDGE_CURVE('',#10056,#10033,#10058,.T.);
#10056 = VERTEX_POINT('',#10057);
#10057 = CARTESIAN_POINT('',(10.8,2.9,4.));
#10058 = SURFACE_CURVE('',#10059,(#10063,#10070),.PCURVE_S1.);
#10059 = LINE('',#10060,#10061);
#10060 = CARTESIAN_POINT('',(10.8,2.9,4.));
#10061 = VECTOR('',#10062,1.);
#10062 = DIRECTION('',(1.,0.,0.));
#10063 = PCURVE('',#4519,#10064);
#10064 = DEFINITIONAL_REPRESENTATION('',(#10065),#10069);
#10065 = LINE('',#10066,#10067);
#10066 = CARTESIAN_POINT('',(0.,0.));
#10067 = VECTOR('',#10068,1.);
#10068 = DIRECTION('',(0.,1.));
#10069 = ( GEOMETRIC_REPRESENTATION_CONTEXT(2) 
PARAMETRIC_REPRESENTATION_CONTEXT() REPRESENTATION_CONTEXT('2D SPACE',''
  ) );
#10070 = PCURVE('',#10071,#10076);
#10071 = PLANE('',#10072);
#10072 = AXIS2_PLACEMENT_3D('',#10073,#10074,#10075);
#10073 = CARTESIAN_POINT('',(10.8,2.9,4.));
#10074 = DIRECTION('',(0.,0.,1.));
#10075 = DIRECTION('',(1.,0.,0.));
#10076 = DEFINITIONAL_REPRESENTATION('',(#10077),#10081);
#10077 = LINE('',#10078,#10079);
#10078 = CARTESIAN_POINT('',(0.,0.));
#10079 = VECTOR('',#10080,1.);
#10080 = DIRECTION('',(1.,0.));
#10081 = ( GEOMETRIC_REPRESENTATION_CONTEXT(2) 
PARAMETRIC_REPRESENTATION_CONTEXT() REPRESENTATION_CONTEXT('2D SPACE',''
  ) );
#10082 = ORIENTED_EDGE('',*,*,#10083,.T.);
#10083 = EDGE_CURVE('',#10056,#4505,#10084,.T.);
#10084 = SURFACE_CURVE('',#10085,(#10089,#10096),.PCURVE_S1.);
#10085 = LINE('',#10086,#10087);
#10086 = CARTESIAN_POINT('',(10.8,2.9,4.));
#10087 = VECTOR('',#10088,1.);
#10088 = DIRECTION('',(0.,0.,1.));
#10089 = PCURVE('',#4519,#10090);
#10090 = DEFINITIONAL_REPRESENTATION('',(#10091),#10095);
#10091 = LINE('',#10092,#10093);
#10092 = CARTESIAN_POINT('',(0.,0.));
#10093 = VECTOR('',#10094,1.);
#10094 = DIRECTION('',(1.,0.));
#10095 = ( GEOMETRIC_REPRESENTATION_CONTEXT(2) 
PARAMETRIC_REPRESENTATION_CONTEXT() REPRESENTATION_CONTEXT('2D SPACE',''
  ) );
#10096 = PCURVE('',#4545,#10097);
#10097 = DEFINITIONAL_REPRESENTATION('',(#10098),#10102);
#10098 = LINE('',#10099,#10100);
#10099 = CARTESIAN_POINT('',(0.,0.));
#10100 = VECTOR('',#10101,1.);
#10101 = DIRECTION('',(1.,0.));
#10102 = ( GEOMETRIC_REPRESENTATION_CONTEXT(2) 
PARAMETRIC_REPRESENTATION_CONTEXT() REPRESENTATION_CONTEXT('2D SPACE',''
  ) );
#10103 = ORIENTED_EDGE('',*,*,#4502,.F.);
#10104 = ADVANCED_FACE('',(#10105),#4595,.F.);
#10105 = FACE_BOUND('',#10106,.F.);
#10106 = EDGE_LOOP('',(#10107,#10108,#10131,#10152));
#10107 = ORIENTED_EDGE('',*,*,#10032,.F.);
#10108 = ORIENTED_EDGE('',*,*,#10109,.T.);
#10109 = EDGE_CURVE('',#10033,#10110,#10112,.T.);
#10110 = VERTEX_POINT('',#10111);
#10111 = CARTESIAN_POINT('',(19.2,5.1,4.));
#10112 = SURFACE_CURVE('',#10113,(#10117,#10124),.PCURVE_S1.);
#10113 = LINE('',#10114,#10115);
#10114 = CARTESIAN_POINT('',(19.2,2.9,4.));
#10115 = VECTOR('',#10116,1.);
#10116 = DIRECTION('',(0.,1.,0.));
#10117 = PCURVE('',#4595,#10118);
#10118 = DEFINITIONAL_REPRESENTATION('',(#10119),#10123);
#10119 = LINE('',#10120,#10121);
#10120 = CARTESIAN_POINT('',(0.,0.));
#10121 = VECTOR('',#10122,1.);
#10122 = DIRECTION('',(0.,-1.));
#10123 = ( GEOMETRIC_REPRESENTATION_CONTEXT(2) 
PARAMETRIC_REPRESENTATION_CONTEXT() REPRESENTATION_CONTEXT('2D SPACE',''
  ) );
#10124 = PCURVE('',#10071,#10125);
#10125 = DEFINITIONAL_REPRESENTATION('',(#10126),#10130);
#10126 = LINE('',#10127,#10128);
#10127 = CARTESIAN_POINT('',(8.4,0.));
#10128 = VECTOR('',#10129,1.);
#10129 = DIRECTION('',(0.,1.));
#10130 = ( GEOMETRIC_REPRESENTATION_CONTEXT(2) 
PARAMETRIC_REPRESENTATION_CONTEXT() REPRESENTATION_CONTEXT('2D SPACE',''
  ) );
#10131 = ORIENTED_EDGE('',*,*,#10132,.T.);
#10132 = EDGE_CURVE('',#10110,#4557,#10133,.T.);
#10133 = SURFACE_CURVE('',#10134,(#10138,#10145),.PCURVE_S1.);
#10134 = LINE('',#10135,#10136);
#10135 = CARTESIAN_POINT('',(19.2,5.1,4.));
#10136 = VECTOR('',#10137,1.);
#10137 = DIRECTION('',(0.,0.,1.));
#10138 = PCURVE('',#4595,#10139);
#10139 = DEFINITIONAL_REPRESENTATION('',(#10140),#10144);
#10140 = LINE('',#10141,#10142);
#10141 = CARTESIAN_POINT('',(0.,-2.2));
#10142 = VECTOR('',#10143,1.);
#10143 = DIRECTION('',(1.,0.));
#10144 = ( GEOMETRIC_REPRESENTATION_CONTEXT(2) 
PARAMETRIC_REPRESENTATION_CONTEXT() REPRESENTATION_CONTEXT('2D SPACE',''
  ) );
#10145 = PCURVE('',#4571,#10146);
#10146 = DEFINITIONAL_REPRESENTATION('',(#10147),#10151);
#10147 = LINE('',#10148,#10149);
#10148 = CARTESIAN_POINT('',(0.,8.4));
#10149 = VECTOR('',#10150,1.);
#10150 = DIRECTION('',(1.,0.));
#10151 = ( GEOMETRIC_REPRESENTATION_CONTEXT(2) 
PARAMETRIC_REPRESENTATION_CONTEXT() REPRESENTATION_CONTEXT('2D SPACE',''
  ) );
#10152 = ORIENTED_EDGE('',*,*,#4582,.F.);
#10153 = ADVANCED_FACE('',(#10154),#4545,.T.);
#10154 = FACE_BOUND('',#10155,.T.);
#10155 = EDGE_LOOP('',(#10156,#10157,#10180,#10201));
#10156 = ORIENTED_EDGE('',*,*,#10083,.F.);
#10157 = ORIENTED_EDGE('',*,*,#10158,.T.);
#10158 = EDGE_CURVE('',#10056,#10159,#10161,.T.);
#10159 = VERTEX_POINT('',#10160);
#10160 = CARTESIAN_POINT('',(10.8,5.1,4.));
#10161 = SURFACE_CURVE('',#10162,(#10166,#10173),.PCURVE_S1.);
#10162 = LINE('',#10163,#10164);
#10163 = CARTESIAN_POINT('',(10.8,2.9,4.));
#10164 = VECTOR('',#10165,1.);
#10165 = DIRECTION('',(0.,1.,0.));
#10166 = PCURVE('',#4545,#10167);
#10167 = DEFINITIONAL_REPRESENTATION('',(#10168),#10172);
#10168 = LINE('',#10169,#10170);
#10169 = CARTESIAN_POINT('',(0.,0.));
#10170 = VECTOR('',#10171,1.);
#10171 = DIRECTION('',(0.,-1.));
#10172 = ( GEOMETRIC_REPRESENTATION_CONTEXT(2) 
PARAMETRIC_REPRESENTATION_CONTEXT() REPRESENTATION_CONTEXT('2D SPACE',''
  ) );
#10173 = PCURVE('',#10071,#10174);
#10174 = DEFINITIONAL_REPRESENTATION('',(#10175),#10179);
#10175 = LINE('',#10176,#10177);
#10176 = CARTESIAN_POINT('',(0.,0.));
#10177 = VECTOR('',#10178,1.);
#10178 = DIRECTION('',(0.,1.));
#10179 = ( GEOMETRIC_REPRESENTATION_CONTEXT(2) 
PARAMETRIC_REPRESENTATION_CONTEXT() REPRESENTATION_CONTEXT('2D SPACE',''
  ) );
#10180 = ORIENTED_EDGE('',*,*,#10181,.T.);
#10181 = EDGE_CURVE('',#10159,#4531,#10182,.T.);
#10182 = SURFACE_CURVE('',#10183,(#10187,#10194),.PCURVE_S1.);
#10183 = LINE('',#10184,#10185);
#10184 = CARTESIAN_POINT('',(10.8,5.1,4.));
#10185 = VECTOR('',#10186,1.);
#10186 = DIRECTION('',(0.,0.,1.));
#10187 = PCURVE('',#4545,#10188);
#10188 = DEFINITIONAL_REPRESENTATION('',(#10189),#10193);
#10189 = LINE('',#10190,#10191);
#10190 = CARTESIAN_POINT('',(0.,-2.2));
#10191 = VECTOR('',#10192,1.);
#10192 = DIRECTION('',(1.,0.));
#10193 = ( GEOMETRIC_REPRESENTATION_CONTEXT(2) 
PARAMETRIC_REPRESENTATION_CONTEXT() REPRESENTATION_CONTEXT('2D SPACE',''
  ) );
#10194 = PCURVE('',#4571,#10195);
#10195 = DEFINITIONAL_REPRESENTATION('',(#10196),#10200);
#10196 = LINE('',#10197,#10198);
#10197 = CARTESIAN_POINT('',(0.,0.));
#10198 = VECTOR('',#10199,1.);
#10199 = DIRECTION('',(1.,0.));
#10200 = ( GEOMETRIC_REPRESENTATION_CONTEXT(2) 
PARAMETRIC_REPRESENTATION_CONTEXT() REPRESENTATION_CONTEXT('2D SPACE',''
  ) );
#10201 = ORIENTED_EDGE('',*,*,#4530,.F.);
#10202 = ADVANCED_FACE('',(#10203),#4571,.F.);
#10203 = FACE_BOUND('',#10204,.F.);
#10204 = EDGE_LOOP('',(#10205,#10206,#10227,#10228));
#10205 = ORIENTED_EDGE('',*,*,#10132,.F.);
#10206 = ORIENTED_EDGE('',*,*,#10207,.F.);
#10207 = EDGE_CURVE('',#10159,#10110,#10208,.T.);
#10208 = SURFACE_CURVE('',#10209,(#10213,#10220),.PCURVE_S1.);
#10209 = LINE('',#10210,#10211);
#10210 = CARTESIAN_POINT('',(10.8,5.1,4.));
#10211 = VECTOR('',#10212,1.);
#10212 = DIRECTION('',(1.,0.,0.));
#10213 = PCURVE('',#4571,#10214);
#10214 = DEFINITIONAL_REPRESENTATION('',(#10215),#10219);
#10215 = LINE('',#10216,#10217);
#10216 = CARTESIAN_POINT('',(0.,0.));
#10217 = VECTOR('',#10218,1.);
#10218 = DIRECTION('',(0.,1.));
#10219 = ( GEOMETRIC_REPRESENTATION_CONTEXT(2) 
PARAMETRIC_REPRESENTATION_CONTEXT() REPRESENTATION_CONTEXT('2D SPACE',''
  ) );
#10220 = PCURVE('',#10071,#10221);
#10221 = DEFINITIONAL_REPRESENTATION('',(#10222),#10226);
#10222 = LINE('',#10223,#10224);
#10223 = CARTESIAN_POINT('',(0.,2.2));
#10224 = VECTOR('',#10225,1.);
#10225 = DIRECTION('',(1.,0.));
#10226 = ( GEOMETRIC_REPRESENTATION_CONTEXT(2) 
PARAMETRIC_REPRESENTATION_CONTEXT() REPRESENTATION_CONTEXT('2D SPACE',''
  ) );
#10227 = ORIENTED_EDGE('',*,*,#10181,.T.);
#10228 = ORIENTED_EDGE('',*,*,#4556,.F.);
#10229 = ADVANCED_FACE('',(#10230),#4625,.T.);
#10230 = FACE_BOUND('',#10231,.T.);
#10231 = EDGE_LOOP('',(#10232,#10255,#10283,#10304));
#10232 = ORIENTED_EDGE('',*,*,#10233,.F.);
#10233 = EDGE_CURVE('',#10234,#4609,#10236,.T.);
#10234 = VERTEX_POINT('',#10235);
#10235 = CARTESIAN_POINT('',(34.2,2.7,4.));
#10236 = SURFACE_CURVE('',#10237,(#10241,#10248),.PCURVE_S1.);
#10237 = LINE('',#10238,#10239);
#10238 = CARTESIAN_POINT('',(34.2,2.7,4.));
#10239 = VECTOR('',#10240,1.);
#10240 = DIRECTION('',(0.,0.,1.));
#10241 = PCURVE('',#4625,#10242);
#10242 = DEFINITIONAL_REPRESENTATION('',(#10243),#10247);
#10243 = LINE('',#10244,#10245);
#10244 = CARTESIAN_POINT('',(0.,8.4));
#10245 = VECTOR('',#10246,1.);
#10246 = DIRECTION('',(1.,0.));
#10247 = ( GEOMETRIC_REPRESENTATION_CONTEXT(2) 
PARAMETRIC_REPRESENTATION_CONTEXT() REPRESENTATION_CONTEXT('2D SPACE',''
  ) );
#10248 = PCURVE('',#4701,#10249);
#10249 = DEFINITIONAL_REPRESENTATION('',(#10250),#10254);
#10250 = LINE('',#10251,#10252);
#10251 = CARTESIAN_POINT('',(0.,0.));
#10252 = VECTOR('',#10253,1.);
#10253 = DIRECTION('',(1.,0.));
#10254 = ( GEOMETRIC_REPRESENTATION_CONTEXT(2) 
PARAMETRIC_REPRESENTATION_CONTEXT() REPRESENTATION_CONTEXT('2D SPACE',''
  ) );
#10255 = ORIENTED_EDGE('',*,*,#10256,.F.);
#10256 = EDGE_CURVE('',#10257,#10234,#10259,.T.);
#10257 = VERTEX_POINT('',#10258);
#10258 = CARTESIAN_POINT('',(25.8,2.7,4.));
#10259 = SURFACE_CURVE('',#10260,(#10264,#10271),.PCURVE_S1.);
#10260 = LINE('',#10261,#10262);
#10261 = CARTESIAN_POINT('',(25.8,2.7,4.));
#10262 = VECTOR('',#10263,1.);
#10263 = DIRECTION('',(1.,0.,0.));
#10264 = PCURVE('',#4625,#10265);
#10265 = DEFINITIONAL_REPRESENTATION('',(#10266),#10270);
#10266 = LINE('',#10267,#10268);
#10267 = CARTESIAN_POINT('',(0.,0.));
#10268 = VECTOR('',#10269,1.);
#10269 = DIRECTION('',(0.,1.));
#10270 = ( GEOMETRIC_REPRESENTATION_CONTEXT(2) 
PARAMETRIC_REPRESENTATION_CONTEXT() REPRESENTATION_CONTEXT('2D SPACE',''
  ) );
#10271 = PCURVE('',#10272,#10277);
#10272 = PLANE('',#10273);
#10273 = AXIS2_PLACEMENT_3D('',#10274,#10275,#10276);
#10274 = CARTESIAN_POINT('',(25.8,2.7,4.));
#10275 = DIRECTION('',(0.,0.,1.));
#10276 = DIRECTION('',(1.,0.,0.));
#10277 = DEFINITIONAL_REPRESENTATION('',(#10278),#10282);
#10278 = LINE('',#10279,#10280);
#10279 = CARTESIAN_POINT('',(0.,0.));
#10280 = VECTOR('',#10281,1.);
#10281 = DIRECTION('',(1.,0.));
#10282 = ( GEOMETRIC_REPRESENTATION_CONTEXT(2) 
PARAMETRIC_REPRESENTATION_CONTEXT() REPRESENTATION_CONTEXT('2D SPACE',''
  ) );
#10283 = ORIENTED_EDGE('',*,*,#10284,.T.);
#10284 = EDGE_CURVE('',#10257,#4611,#10285,.T.);
#10285 = SURFACE_CURVE('',#10286,(#10290,#10297),.PCURVE_S1.);
#10286 = LINE('',#10287,#10288);
#10287 = CARTESIAN_POINT('',(25.8,2.7,4.));
#10288 = VECTOR('',#10289,1.);
#10289 = DIRECTION('',(0.,0.,1.));
#10290 = PCURVE('',#4625,#10291);
#10291 = DEFINITIONAL_REPRESENTATION('',(#10292),#10296);
#10292 = LINE('',#10293,#10294);
#10293 = CARTESIAN_POINT('',(0.,0.));
#10294 = VECTOR('',#10295,1.);
#10295 = DIRECTION('',(1.,0.));
#10296 = ( GEOMETRIC_REPRESENTATION_CONTEXT(2) 
PARAMETRIC_REPRESENTATION_CONTEXT() REPRESENTATION_CONTEXT('2D SPACE',''
  ) );
#10297 = PCURVE('',#4651,#10298);
#10298 = DEFINITIONAL_REPRESENTATION('',(#10299),#10303);
#10299 = LINE('',#10300,#10301);
#10300 = CARTESIAN_POINT('',(0.,0.));
#10301 = VECTOR('',#10302,1.);
#10302 = DIRECTION('',(1.,0.));
#10303 = ( GEOMETRIC_REPRESENTATION_CONTEXT(2) 
PARAMETRIC_REPRESENTATION_CONTEXT() REPRESENTATION_CONTEXT('2D SPACE',''
  ) );
#10304 = ORIENTED_EDGE('',*,*,#4608,.F.);
#10305 = ADVANCED_FACE('',(#10306),#4701,.F.);
#10306 = FACE_BOUND('',#10307,.F.);
#10307 = EDGE_LOOP('',(#10308,#10309,#10332,#10353));
#10308 = ORIENTED_EDGE('',*,*,#10233,.F.);
#10309 = ORIENTED_EDGE('',*,*,#10310,.T.);
#10310 = EDGE_CURVE('',#10234,#10311,#10313,.T.);
#10311 = VERTEX_POINT('',#10312);
#10312 = CARTESIAN_POINT('',(34.2,5.3,4.));
#10313 = SURFACE_CURVE('',#10314,(#10318,#10325),.PCURVE_S1.);
#10314 = LINE('',#10315,#10316);
#10315 = CARTESIAN_POINT('',(34.2,2.7,4.));
#10316 = VECTOR('',#10317,1.);
#10317 = DIRECTION('',(0.,1.,0.));
#10318 = PCURVE('',#4701,#10319);
#10319 = DEFINITIONAL_REPRESENTATION('',(#10320),#10324);
#10320 = LINE('',#10321,#10322);
#10321 = CARTESIAN_POINT('',(0.,0.));
#10322 = VECTOR('',#10323,1.);
#10323 = DIRECTION('',(0.,-1.));
#10324 = ( GEOMETRIC_REPRESENTATION_CONTEXT(2) 
PARAMETRIC_REPRESENTATION_CONTEXT() REPRESENTATION_CONTEXT('2D SPACE',''
  ) );
#10325 = PCURVE('',#10272,#10326);
#10326 = DEFINITIONAL_REPRESENTATION('',(#10327),#10331);
#10327 = LINE('',#10328,#10329);
#10328 = CARTESIAN_POINT('',(8.4,0.));
#10329 = VECTOR('',#10330,1.);
#10330 = DIRECTION('',(0.,1.));
#10331 = ( GEOMETRIC_REPRESENTATION_CONTEXT(2) 
PARAMETRIC_REPRESENTATION_CONTEXT() REPRESENTATION_CONTEXT('2D SPACE',''
  ) );
#10332 = ORIENTED_EDGE('',*,*,#10333,.T.);
#10333 = EDGE_CURVE('',#10311,#4663,#10334,.T.);
#10334 = SURFACE_CURVE('',#10335,(#10339,#10346),.PCURVE_S1.);
#10335 = LINE('',#10336,#10337);
#10336 = CARTESIAN_POINT('',(34.2,5.3,4.));
#10337 = VECTOR('',#10338,1.);
#10338 = DIRECTION('',(0.,0.,1.));
#10339 = PCURVE('',#4701,#10340);
#10340 = DEFINITIONAL_REPRESENTATION('',(#10341),#10345);
#10341 = LINE('',#10342,#10343);
#10342 = CARTESIAN_POINT('',(0.,-2.6));
#10343 = VECTOR('',#10344,1.);
#10344 = DIRECTION('',(1.,0.));
#10345 = ( GEOMETRIC_REPRESENTATION_CONTEXT(2) 
PARAMETRIC_REPRESENTATION_CONTEXT() REPRESENTATION_CONTEXT('2D SPACE',''
  ) );
#10346 = PCURVE('',#4677,#10347);
#10347 = DEFINITIONAL_REPRESENTATION('',(#10348),#10352);
#10348 = LINE('',#10349,#10350);
#10349 = CARTESIAN_POINT('',(0.,8.4));
#10350 = VECTOR('',#10351,1.);
#10351 = DIRECTION('',(1.,0.));
#10352 = ( GEOMETRIC_REPRESENTATION_CONTEXT(2) 
PARAMETRIC_REPRESENTATION_CONTEXT() REPRESENTATION_CONTEXT('2D SPACE',''
  ) );
#10353 = ORIENTED_EDGE('',*,*,#4688,.F.);
#10354 = ADVANCED_FACE('',(#10355),#4651,.T.);
#10355 = FACE_BOUND('',#10356,.T.);
#10356 = EDGE_LOOP('',(#10357,#10358,#10381,#10402));
#10357 = ORIENTED_EDGE('',*,*,#10284,.F.);
#10358 = ORIENTED_EDGE('',*,*,#10359,.T.);
#10359 = EDGE_CURVE('',#10257,#10360,#10362,.T.);
#10360 = VERTEX_POINT('',#10361);
#10361 = CARTESIAN_POINT('',(25.8,5.3,4.));
#10362 = SURFACE_CURVE('',#10363,(#10367,#10374),.PCURVE_S1.);
#10363 = LINE('',#10364,#10365);
#10364 = CARTESIAN_POINT('',(25.8,2.7,4.));
#10365 = VECTOR('',#10366,1.);
#10366 = DIRECTION('',(0.,1.,0.));
#10367 = PCURVE('',#4651,#10368);
#10368 = DEFINITIONAL_REPRESENTATION('',(#10369),#10373);
#10369 = LINE('',#10370,#10371);
#10370 = CARTESIAN_POINT('',(0.,0.));
#10371 = VECTOR('',#10372,1.);
#10372 = DIRECTION('',(0.,-1.));
#10373 = ( GEOMETRIC_REPRESENTATION_CONTEXT(2) 
PARAMETRIC_REPRESENTATION_CONTEXT() REPRESENTATION_CONTEXT('2D SPACE',''
  ) );
#10374 = PCURVE('',#10272,#10375);
#10375 = DEFINITIONAL_REPRESENTATION('',(#10376),#10380);
#10376 = LINE('',#10377,#10378);
#10377 = CARTESIAN_POINT('',(0.,0.));
#10378 = VECTOR('',#10379,1.);
#10379 = DIRECTION('',(0.,1.));
#10380 = ( GEOMETRIC_REPRESENTATION_CONTEXT(2) 
PARAMETRIC_REPRESENTATION_CONTEXT() REPRESENTATION_CONTEXT('2D SPACE',''
  ) );
#10381 = ORIENTED_EDGE('',*,*,#10382,.T.);
#10382 = EDGE_CURVE('',#10360,#4637,#10383,.T.);
#10383 = SURFACE_CURVE('',#10384,(#10388,#10395),.PCURVE_S1.);
#10384 = LINE('',#10385,#10386);
#10385 = CARTESIAN_POINT('',(25.8,5.3,4.));
#10386 = VECTOR('',#10387,1.);
#10387 = DIRECTION('',(0.,0.,1.));
#10388 = PCURVE('',#4651,#10389);
#10389 = DEFINITIONAL_REPRESENTATION('',(#10390),#10394);
#10390 = LINE('',#10391,#10392);
#10391 = CARTESIAN_POINT('',(0.,-2.6));
#10392 = VECTOR('',#10393,1.);
#10393 = DIRECTION('',(1.,0.));
#10394 = ( GEOMETRIC_REPRESENTATION_CONTEXT(2) 
PARAMETRIC_REPRESENTATION_CONTEXT() REPRESENTATION_CONTEXT('2D SPACE',''
  ) );
#10395 = PCURVE('',#4677,#10396);
#10396 = DEFINITIONAL_REPRESENTATION('',(#10397),#10401);
#10397 = LINE('',#10398,#10399);
#10398 = CARTESIAN_POINT('',(0.,0.));
#10399 = VECTOR('',#10400,1.);
#10400 = DIRECTION('',(1.,0.));
#10401 = ( GEOMETRIC_REPRESENTATION_CONTEXT(2) 
PARAMETRIC_REPRESENTATION_CONTEXT() REPRESENTATION_CONTEXT('2D SPACE',''
  ) );
#10402 = ORIENTED_EDGE('',*,*,#4636,.F.);
#10403 = ADVANCED_FACE('',(#10404),#4677,.F.);
#10404 = FACE_BOUND('',#10405,.F.);
#10405 = EDGE_LOOP('',(#10406,#10407,#10428,#10429));
#10406 = ORIENTED_EDGE('',*,*,#10333,.F.);
#10407 = ORIENTED_EDGE('',*,*,#10408,.F.);
#10408 = EDGE_CURVE('',#10360,#10311,#10409,.T.);
#10409 = SURFACE_CURVE('',#10410,(#10414,#10421),.PCURVE_S1.);
#10410 = LINE('',#10411,#10412);
#10411 = CARTESIAN_POINT('',(25.8,5.3,4.));
#10412 = VECTOR('',#10413,1.);
#10413 = DIRECTION('',(1.,0.,0.));
#10414 = PCURVE('',#4677,#10415);
#10415 = DEFINITIONAL_REPRESENTATION('',(#10416),#10420);
#10416 = LINE('',#10417,#10418);
#10417 = CARTESIAN_POINT('',(0.,0.));
#10418 = VECTOR('',#10419,1.);
#10419 = DIRECTION('',(0.,1.));
#10420 = ( GEOMETRIC_REPRESENTATION_CONTEXT(2) 
PARAMETRIC_REPRESENTATION_CONTEXT() REPRESENTATION_CONTEXT('2D SPACE',''
  ) );
#10421 = PCURVE('',#10272,#10422);
#10422 = DEFINITIONAL_REPRESENTATION('',(#10423),#10427);
#10423 = LINE('',#10424,#10425);
#10424 = CARTESIAN_POINT('',(0.,2.6));
#10425 = VECTOR('',#10426,1.);
#10426 = DIRECTION('',(1.,0.));
#10427 = ( GEOMETRIC_REPRESENTATION_CONTEXT(2) 
PARAMETRIC_REPRESENTATION_CONTEXT() REPRESENTATION_CONTEXT('2D SPACE',''
  ) );
#10428 = ORIENTED_EDGE('',*,*,#10382,.T.);
#10429 = ORIENTED_EDGE('',*,*,#4662,.F.);
#10430 = ADVANCED_FACE('',(#10431),#4838,.T.);
#10431 = FACE_BOUND('',#10432,.F.);
#10432 = EDGE_LOOP('',(#10433,#10434,#10435,#10436,#10437,#10438,#10439,
    #10440,#10441));
#10433 = ORIENTED_EDGE('',*,*,#4822,.T.);
#10434 = ORIENTED_EDGE('',*,*,#4876,.T.);
#10435 = ORIENTED_EDGE('',*,*,#4974,.T.);
#10436 = ORIENTED_EDGE('',*,*,#5072,.T.);
#10437 = ORIENTED_EDGE('',*,*,#5170,.T.);
#10438 = ORIENTED_EDGE('',*,*,#5219,.T.);
#10439 = ORIENTED_EDGE('',*,*,#5143,.T.);
#10440 = ORIENTED_EDGE('',*,*,#5045,.T.);
#10441 = ORIENTED_EDGE('',*,*,#4947,.T.);
#10442 = ADVANCED_FACE('',(#10443),#5284,.T.);
#10443 = FACE_BOUND('',#10444,.F.);
#10444 = EDGE_LOOP('',(#10445,#10446,#10447,#10448,#10449,#10450,#10451,
    #10452,#10453,#10454,#10455,#10456,#10457,#10458,#10459,#10460,
    #10461,#10462,#10463,#10464,#10465,#10466));
#10445 = ORIENTED_EDGE('',*,*,#5268,.T.);
#10446 = ORIENTED_EDGE('',*,*,#5322,.T.);
#10447 = ORIENTED_EDGE('',*,*,#5420,.T.);
#10448 = ORIENTED_EDGE('',*,*,#5518,.T.);
#10449 = ORIENTED_EDGE('',*,*,#5616,.T.);
#10450 = ORIENTED_EDGE('',*,*,#5714,.T.);
#10451 = ORIENTED_EDGE('',*,*,#5812,.T.);
#10452 = ORIENTED_EDGE('',*,*,#5910,.T.);
#10453 = ORIENTED_EDGE('',*,*,#6008,.T.);
#10454 = ORIENTED_EDGE('',*,*,#6106,.T.);
#10455 = ORIENTED_EDGE('',*,*,#6204,.T.);
#10456 = ORIENTED_EDGE('',*,*,#6302,.T.);
#10457 = ORIENTED_EDGE('',*,*,#6275,.T.);
#10458 = ORIENTED_EDGE('',*,*,#6177,.T.);
#10459 = ORIENTED_EDGE('',*,*,#6079,.T.);
#10460 = ORIENTED_EDGE('',*,*,#5981,.T.);
#10461 = ORIENTED_EDGE('',*,*,#5883,.T.);
#10462 = ORIENTED_EDGE('',*,*,#5785,.T.);
#10463 = ORIENTED_EDGE('',*,*,#5687,.T.);
#10464 = ORIENTED_EDGE('',*,*,#5589,.T.);
#10465 = ORIENTED_EDGE('',*,*,#5491,.T.);
#10466 = ORIENTED_EDGE('',*,*,#5393,.T.);
#10467 = ADVANCED_FACE('',(#10468),#6367,.T.);
#10468 = FACE_BOUND('',#10469,.F.);
#10469 = EDGE_LOOP('',(#10470,#10471,#10472,#10473,#10474,#10475,#10476,
    #10477,#10478,#10479,#10480,#10481,#10482,#10483,#10484,#10485,
    #10486,#10487,#10488,#10489,#10490,#10491,#10492,#10493,#10494,
    #10495,#10496,#10497,#10498,#10499));
#10470 = ORIENTED_EDGE('',*,*,#6351,.T.);
#10471 = ORIENTED_EDGE('',*,*,#6405,.T.);
#10472 = ORIENTED_EDGE('',*,*,#6503,.T.);
#10473 = ORIENTED_EDGE('',*,*,#6601,.T.);
#10474 = ORIENTED_EDGE('',*,*,#6699,.T.);
#10475 = ORIENTED_EDGE('',*,*,#6797,.T.);
#10476 = ORIENTED_EDGE('',*,*,#6895,.T.);
#10477 = ORIENTED_EDGE('',*,*,#6993,.T.);
#10478 = ORIENTED_EDGE('',*,*,#7091,.T.);
#10479 = ORIENTED_EDGE('',*,*,#7189,.T.);
#10480 = ORIENTED_EDGE('',*,*,#7287,.T.);
#10481 = ORIENTED_EDGE('',*,*,#7385,.T.);
#10482 = ORIENTED_EDGE('',*,*,#7483,.T.);
#10483 = ORIENTED_EDGE('',*,*,#7581,.T.);
#10484 = ORIENTED_EDGE('',*,*,#7679,.T.);
#10485 = ORIENTED_EDGE('',*,*,#7777,.T.);
#10486 = ORIENTED_EDGE('',*,*,#7750,.T.);
#10487 = ORIENTED_EDGE('',*,*,#7652,.T.);
#10488 = ORIENTED_EDGE('',*,*,#7554,.T.);
#10489 = ORIENTED_EDGE('',*,*,#7456,.T.);
#10490 = ORIENTED_EDGE('',*,*,#7358,.T.);
#10491 = ORIENTED_EDGE('',*,*,#7260,.T.);
#10492 = ORIENTED_EDGE('',*,*,#7162,.T.);
#10493 = ORIENTED_EDGE('',*,*,#7064,.T.);
#10494 = ORIENTED_EDGE('',*,*,#6966,.T.);
#10495 = ORIENTED_EDGE('',*,*,#6868,.T.);
#10496 = ORIENTED_EDGE('',*,*,#6770,.T.);
#10497 = ORIENTED_EDGE('',*,*,#6672,.T.);
#10498 = ORIENTED_EDGE('',*,*,#6574,.T.);
#10499 = ORIENTED_EDGE('',*,*,#6476,.T.);
#10500 = ADVANCED_FACE('',(#10501,#10514),#7842,.T.);
#10501 = FACE_BOUND('',#10502,.F.);
#10502 = EDGE_LOOP('',(#10503,#10504,#10505,#10506,#10507,#10508,#10509,
    #10510,#10511,#10512,#10513));
#10503 = ORIENTED_EDGE('',*,*,#7826,.T.);
#10504 = ORIENTED_EDGE('',*,*,#7880,.T.);
#10505 = ORIENTED_EDGE('',*,*,#7978,.T.);
#10506 = ORIENTED_EDGE('',*,*,#8076,.T.);
#10507 = ORIENTED_EDGE('',*,*,#8174,.T.);
#10508 = ORIENTED_EDGE('',*,*,#8272,.T.);
#10509 = ORIENTED_EDGE('',*,*,#8321,.T.);
#10510 = ORIENTED_EDGE('',*,*,#8245,.T.);
#10511 = ORIENTED_EDGE('',*,*,#8147,.T.);
#10512 = ORIENTED_EDGE('',*,*,#8049,.T.);
#10513 = ORIENTED_EDGE('',*,*,#7951,.T.);
#10514 = FACE_BOUND('',#10515,.F.);
#10515 = EDGE_LOOP('',(#10516,#10546,#10574));
#10516 = ORIENTED_EDGE('',*,*,#10517,.T.);
#10517 = EDGE_CURVE('',#10518,#10520,#10522,.T.);
#10518 = VERTEX_POINT('',#10519);
#10519 = CARTESIAN_POINT('',(14.194702148438,-5.352661132812,16.6));
#10520 = VERTEX_POINT('',#10521);
#10521 = CARTESIAN_POINT('',(15.203247070312,-5.352661132812,16.6));
#10522 = SURFACE_CURVE('',#10523,(#10527,#10534),.PCURVE_S1.);
#10523 = LINE('',#10524,#10525);
#10524 = CARTESIAN_POINT('',(14.194702148438,-5.352661132812,16.6));
#10525 = VECTOR('',#10526,1.);
#10526 = DIRECTION('',(1.,0.,0.));
#10527 = PCURVE('',#7842,#10528);
#10528 = DEFINITIONAL_REPRESENTATION('',(#10529),#10533);
#10529 = LINE('',#10530,#10531);
#10530 = CARTESIAN_POINT('',(0.446044921875,1.1337890625));
#10531 = VECTOR('',#10532,1.);
#10532 = DIRECTION('',(1.,0.));
#10533 = ( GEOMETRIC_REPRESENTATION_CONTEXT(2) 
PARAMETRIC_REPRESENTATION_CONTEXT() REPRESENTATION_CONTEXT('2D SPACE',''
  ) );
#10534 = PCURVE('',#10535,#10540);
#10535 = PLANE('',#10536);
#10536 = AXIS2_PLACEMENT_3D('',#10537,#10538,#10539);
#10537 = CARTESIAN_POINT('',(14.194702148438,-5.352661132812,15.95));
#10538 = DIRECTION('',(0.,1.,0.));
#10539 = DIRECTION('',(1.,0.,0.));
#10540 = DEFINITIONAL_REPRESENTATION('',(#10541),#10545);
#10541 = LINE('',#10542,#10543);
#10542 = CARTESIAN_POINT('',(0.,-0.65));
#10543 = VECTOR('',#10544,1.);
#10544 = DIRECTION('',(1.,0.));
#10545 = ( GEOMETRIC_REPRESENTATION_CONTEXT(2) 
PARAMETRIC_REPRESENTATION_CONTEXT() REPRESENTATION_CONTEXT('2D SPACE',''
  ) );
#10546 = ORIENTED_EDGE('',*,*,#10547,.T.);
#10547 = EDGE_CURVE('',#10520,#10548,#10550,.T.);
#10548 = VERTEX_POINT('',#10549);
#10549 = CARTESIAN_POINT('',(15.203247070312,-3.900268554688,16.6));
#10550 = SURFACE_CURVE('',#10551,(#10555,#10562),.PCURVE_S1.);
#10551 = LINE('',#10552,#10553);
#10552 = CARTESIAN_POINT('',(15.203247070312,-5.352661132812,16.6));
#10553 = VECTOR('',#10554,1.);
#10554 = DIRECTION('',(0.,1.,0.));
#10555 = PCURVE('',#7842,#10556);
#10556 = DEFINITIONAL_REPRESENTATION('',(#10557),#10561);
#10557 = LINE('',#10558,#10559);
#10558 = CARTESIAN_POINT('',(1.45458984375,1.1337890625));
#10559 = VECTOR('',#10560,1.);
#10560 = DIRECTION('',(0.,1.));
#10561 = ( GEOMETRIC_REPRESENTATION_CONTEXT(2) 
PARAMETRIC_REPRESENTATION_CONTEXT() REPRESENTATION_CONTEXT('2D SPACE',''
  ) );
#10562 = PCURVE('',#10563,#10568);
#10563 = PLANE('',#10564);
#10564 = AXIS2_PLACEMENT_3D('',#10565,#10566,#10567);
#10565 = CARTESIAN_POINT('',(15.203247070312,-5.352661132812,15.95));
#10566 = DIRECTION('',(-1.,0.,0.));
#10567 = DIRECTION('',(0.,1.,0.));
#10568 = DEFINITIONAL_REPRESENTATION('',(#10569),#10573);
#10569 = LINE('',#10570,#10571);
#10570 = CARTESIAN_POINT('',(0.,-0.65));
#10571 = VECTOR('',#10572,1.);
#10572 = DIRECTION('',(1.,0.));
#10573 = ( GEOMETRIC_REPRESENTATION_CONTEXT(2) 
PARAMETRIC_REPRESENTATION_CONTEXT() REPRESENTATION_CONTEXT('2D SPACE',''
  ) );
#10574 = ORIENTED_EDGE('',*,*,#10575,.T.);
#10575 = EDGE_CURVE('',#10548,#10518,#10576,.T.);
#10576 = SURFACE_CURVE('',#10577,(#10581,#10588),.PCURVE_S1.);
#10577 = LINE('',#10578,#10579);
#10578 = CARTESIAN_POINT('',(15.203247070312,-3.900268554688,16.6));
#10579 = VECTOR('',#10580,1.);
#10580 = DIRECTION('',(-0.570372521864,-0.82138613715,0.));
#10581 = PCURVE('',#7842,#10582);
#10582 = DEFINITIONAL_REPRESENTATION('',(#10583),#10587);
#10583 = LINE('',#10584,#10585);
#10584 = CARTESIAN_POINT('',(1.45458984375,2.586181640625));
#10585 = VECTOR('',#10586,1.);
#10586 = DIRECTION('',(-0.570372521864,-0.82138613715));
#10587 = ( GEOMETRIC_REPRESENTATION_CONTEXT(2) 
PARAMETRIC_REPRESENTATION_CONTEXT() REPRESENTATION_CONTEXT('2D SPACE',''
  ) );
#10588 = PCURVE('',#10589,#10594);
#10589 = PLANE('',#10590);
#10590 = AXIS2_PLACEMENT_3D('',#10591,#10592,#10593);
#10591 = CARTESIAN_POINT('',(15.203247070312,-3.900268554688,15.95));
#10592 = DIRECTION('',(0.82138613715,-0.570372521864,0.));
#10593 = DIRECTION('',(-0.570372521864,-0.82138613715,0.));
#10594 = DEFINITIONAL_REPRESENTATION('',(#10595),#10599);
#10595 = LINE('',#10596,#10597);
#10596 = CARTESIAN_POINT('',(0.,-0.65));
#10597 = VECTOR('',#10598,1.);
#10598 = DIRECTION('',(1.,0.));
#10599 = ( GEOMETRIC_REPRESENTATION_CONTEXT(2) 
PARAMETRIC_REPRESENTATION_CONTEXT() REPRESENTATION_CONTEXT('2D SPACE',''
  ) );
#10600 = ADVANCED_FACE('',(#10601),#8386,.T.);
#10601 = FACE_BOUND('',#10602,.F.);
#10602 = EDGE_LOOP('',(#10603,#10604,#10605,#10606,#10607,#10608,#10609,
    #10610,#10611,#10612,#10613,#10614,#10615,#10616,#10617,#10618,
    #10619,#10620,#10621,#10622,#10623,#10624));
#10603 = ORIENTED_EDGE('',*,*,#8370,.T.);
#10604 = ORIENTED_EDGE('',*,*,#9404,.T.);
#10605 = ORIENTED_EDGE('',*,*,#9377,.T.);
#10606 = ORIENTED_EDGE('',*,*,#9328,.T.);
#10607 = ORIENTED_EDGE('',*,*,#9279,.T.);
#10608 = ORIENTED_EDGE('',*,*,#9230,.T.);
#10609 = ORIENTED_EDGE('',*,*,#9181,.T.);
#10610 = ORIENTED_EDGE('',*,*,#9132,.T.);
#10611 = ORIENTED_EDGE('',*,*,#9083,.T.);
#10612 = ORIENTED_EDGE('',*,*,#9034,.T.);
#10613 = ORIENTED_EDGE('',*,*,#8985,.T.);
#10614 = ORIENTED_EDGE('',*,*,#8936,.T.);
#10615 = ORIENTED_EDGE('',*,*,#8887,.T.);
#10616 = ORIENTED_EDGE('',*,*,#8838,.T.);
#10617 = ORIENTED_EDGE('',*,*,#8789,.T.);
#10618 = ORIENTED_EDGE('',*,*,#8740,.T.);
#10619 = ORIENTED_EDGE('',*,*,#8691,.T.);
#10620 = ORIENTED_EDGE('',*,*,#8642,.T.);
#10621 = ORIENTED_EDGE('',*,*,#8593,.T.);
#10622 = ORIENTED_EDGE('',*,*,#8544,.T.);
#10623 = ORIENTED_EDGE('',*,*,#8495,.T.);
#10624 = ORIENTED_EDGE('',*,*,#8446,.T.);
#10625 = ADVANCED_FACE('',(#10626),#9468,.T.);
#10626 = FACE_BOUND('',#10627,.T.);
#10627 = EDGE_LOOP('',(#10628,#10629,#10630,#10631));
#10628 = ORIENTED_EDGE('',*,*,#9555,.F.);
#10629 = ORIENTED_EDGE('',*,*,#9452,.T.);
#10630 = ORIENTED_EDGE('',*,*,#9506,.T.);
#10631 = ORIENTED_EDGE('',*,*,#9604,.F.);
#10632 = ADVANCED_FACE('',(#10633),#9669,.T.);
#10633 = FACE_BOUND('',#10634,.T.);
#10634 = EDGE_LOOP('',(#10635,#10636,#10637,#10638));
#10635 = ORIENTED_EDGE('',*,*,#9756,.F.);
#10636 = ORIENTED_EDGE('',*,*,#9653,.T.);
#10637 = ORIENTED_EDGE('',*,*,#9707,.T.);
#10638 = ORIENTED_EDGE('',*,*,#9805,.F.);
#10639 = ADVANCED_FACE('',(#10640),#9870,.T.);
#10640 = FACE_BOUND('',#10641,.T.);
#10641 = EDGE_LOOP('',(#10642,#10643,#10644,#10645));
#10642 = ORIENTED_EDGE('',*,*,#9957,.F.);
#10643 = ORIENTED_EDGE('',*,*,#9854,.T.);
#10644 = ORIENTED_EDGE('',*,*,#9908,.T.);
#10645 = ORIENTED_EDGE('',*,*,#10006,.F.);
#10646 = ADVANCED_FACE('',(#10647),#10071,.T.);
#10647 = FACE_BOUND('',#10648,.T.);
#10648 = EDGE_LOOP('',(#10649,#10650,#10651,#10652));
#10649 = ORIENTED_EDGE('',*,*,#10158,.F.);
#10650 = ORIENTED_EDGE('',*,*,#10055,.T.);
#10651 = ORIENTED_EDGE('',*,*,#10109,.T.);
#10652 = ORIENTED_EDGE('',*,*,#10207,.F.);
#10653 = ADVANCED_FACE('',(#10654),#10272,.T.);
#10654 = FACE_BOUND('',#10655,.T.);
#10655 = EDGE_LOOP('',(#10656,#10657,#10658,#10659));
#10656 = ORIENTED_EDGE('',*,*,#10359,.F.);
#10657 = ORIENTED_EDGE('',*,*,#10256,.T.);
#10658 = ORIENTED_EDGE('',*,*,#10310,.T.);
#10659 = ORIENTED_EDGE('',*,*,#10408,.F.);
#10660 = ADVANCED_FACE('',(#10661),#10535,.T.);
#10661 = FACE_BOUND('',#10662,.T.);
#10662 = EDGE_LOOP('',(#10663,#10691,#10712,#10713));
#10663 = ORIENTED_EDGE('',*,*,#10664,.T.);
#10664 = EDGE_CURVE('',#10665,#10667,#10669,.T.);
#10665 = VERTEX_POINT('',#10666);
#10666 = CARTESIAN_POINT('',(15.203247070312,-5.352661132812,16.));
#10667 = VERTEX_POINT('',#10668);
#10668 = CARTESIAN_POINT('',(14.194702148438,-5.352661132812,16.));
#10669 = SURFACE_CURVE('',#10670,(#10674,#10680),.PCURVE_S1.);
#10670 = LINE('',#10671,#10672);
#10671 = CARTESIAN_POINT('',(-12.40264892578,-5.352661132812,16.));
#10672 = VECTOR('',#10673,1.);
#10673 = DIRECTION('',(-1.,0.,0.));
#10674 = PCURVE('',#10535,#10675);
#10675 = DEFINITIONAL_REPRESENTATION('',(#10676),#10679);
#10676 = B_SPLINE_CURVE_WITH_KNOTS('',1,(#10677,#10678),.UNSPECIFIED.,
  .F.,.F.,(2,2),(-27.60589599609,-26.59735107421),
  .PIECEWISE_BEZIER_KNOTS.);
#10677 = CARTESIAN_POINT('',(1.008544921875,-5.E-02));
#10678 = CARTESIAN_POINT('',(0.,-5.E-02));
#10679 = ( GEOMETRIC_REPRESENTATION_CONTEXT(2) 
PARAMETRIC_REPRESENTATION_CONTEXT() REPRESENTATION_CONTEXT('2D SPACE',''
  ) );
#10680 = PCURVE('',#10681,#10686);
#10681 = PLANE('',#10682);
#10682 = AXIS2_PLACEMENT_3D('',#10683,#10684,#10685);
#10683 = CARTESIAN_POINT('',(-39.,-10.,16.));
#10684 = DIRECTION('',(0.,0.,1.));
#10685 = DIRECTION('',(1.,0.,0.));
#10686 = DEFINITIONAL_REPRESENTATION('',(#10687),#10690);
#10687 = B_SPLINE_CURVE_WITH_KNOTS('',1,(#10688,#10689),.UNSPECIFIED.,
  .F.,.F.,(2,2),(-27.60589599609,-26.59735107421),
  .PIECEWISE_BEZIER_KNOTS.);
#10688 = CARTESIAN_POINT('',(54.203247070312,4.647338867188));
#10689 = CARTESIAN_POINT('',(53.194702148438,4.647338867188));
#10690 = ( GEOMETRIC_REPRESENTATION_CONTEXT(2) 
PARAMETRIC_REPRESENTATION_CONTEXT() REPRESENTATION_CONTEXT('2D SPACE',''
  ) );
#10691 = ORIENTED_EDGE('',*,*,#10692,.T.);
#10692 = EDGE_CURVE('',#10667,#10518,#10693,.T.);
#10693 = SURFACE_CURVE('',#10694,(#10698,#10705),.PCURVE_S1.);
#10694 = LINE('',#10695,#10696);
#10695 = CARTESIAN_POINT('',(14.194702148438,-5.352661132812,15.95));
#10696 = VECTOR('',#10697,1.);
#10697 = DIRECTION('',(0.,0.,1.));
#10698 = PCURVE('',#10535,#10699);
#10699 = DEFINITIONAL_REPRESENTATION('',(#10700),#10704);
#10700 = LINE('',#10701,#10702);
#10701 = CARTESIAN_POINT('',(0.,0.));
#10702 = VECTOR('',#10703,1.);
#10703 = DIRECTION('',(0.,-1.));
#10704 = ( GEOMETRIC_REPRESENTATION_CONTEXT(2) 
PARAMETRIC_REPRESENTATION_CONTEXT() REPRESENTATION_CONTEXT('2D SPACE',''
  ) );
#10705 = PCURVE('',#10589,#10706);
#10706 = DEFINITIONAL_REPRESENTATION('',(#10707),#10711);
#10707 = LINE('',#10708,#10709);
#10708 = CARTESIAN_POINT('',(1.768221439875,0.));
#10709 = VECTOR('',#10710,1.);
#10710 = DIRECTION('',(0.,-1.));
#10711 = ( GEOMETRIC_REPRESENTATION_CONTEXT(2) 
PARAMETRIC_REPRESENTATION_CONTEXT() REPRESENTATION_CONTEXT('2D SPACE',''
  ) );
#10712 = ORIENTED_EDGE('',*,*,#10517,.T.);
#10713 = ORIENTED_EDGE('',*,*,#10714,.F.);
#10714 = EDGE_CURVE('',#10665,#10520,#10715,.T.);
#10715 = SURFACE_CURVE('',#10716,(#10720,#10727),.PCURVE_S1.);
#10716 = LINE('',#10717,#10718);
#10717 = CARTESIAN_POINT('',(15.203247070312,-5.352661132812,15.95));
#10718 = VECTOR('',#10719,1.);
#10719 = DIRECTION('',(0.,0.,1.));
#10720 = PCURVE('',#10535,#10721);
#10721 = DEFINITIONAL_REPRESENTATION('',(#10722),#10726);
#10722 = LINE('',#10723,#10724);
#10723 = CARTESIAN_POINT('',(1.008544921875,0.));
#10724 = VECTOR('',#10725,1.);
#10725 = DIRECTION('',(0.,-1.));
#10726 = ( GEOMETRIC_REPRESENTATION_CONTEXT(2) 
PARAMETRIC_REPRESENTATION_CONTEXT() REPRESENTATION_CONTEXT('2D SPACE',''
  ) );
#10727 = PCURVE('',#10563,#10728);
#10728 = DEFINITIONAL_REPRESENTATION('',(#10729),#10733);
#10729 = LINE('',#10730,#10731);
#10730 = CARTESIAN_POINT('',(0.,0.));
#10731 = VECTOR('',#10732,1.);
#10732 = DIRECTION('',(0.,-1.));
#10733 = ( GEOMETRIC_REPRESENTATION_CONTEXT(2) 
PARAMETRIC_REPRESENTATION_CONTEXT() REPRESENTATION_CONTEXT('2D SPACE',''
  ) );
#10734 = ADVANCED_FACE('',(#10735),#10563,.T.);
#10735 = FACE_BOUND('',#10736,.T.);
#10736 = EDGE_LOOP('',(#10737,#10758,#10759,#10760));
#10737 = ORIENTED_EDGE('',*,*,#10738,.T.);
#10738 = EDGE_CURVE('',#10739,#10665,#10741,.T.);
#10739 = VERTEX_POINT('',#10740);
#10740 = CARTESIAN_POINT('',(15.203247070312,-3.900268554688,16.));
#10741 = SURFACE_CURVE('',#10742,(#10746,#10752),.PCURVE_S1.);
#10742 = LINE('',#10743,#10744);
#10743 = CARTESIAN_POINT('',(15.203247070312,-7.676330566406,16.));
#10744 = VECTOR('',#10745,1.);
#10745 = DIRECTION('',(0.,-1.,0.));
#10746 = PCURVE('',#10563,#10747);
#10747 = DEFINITIONAL_REPRESENTATION('',(#10748),#10751);
#10748 = B_SPLINE_CURVE_WITH_KNOTS('',1,(#10749,#10750),.UNSPECIFIED.,
  .F.,.F.,(2,2),(-3.776062011719,-2.323669433594),
  .PIECEWISE_BEZIER_KNOTS.);
#10749 = CARTESIAN_POINT('',(1.452392578125,-5.E-02));
#10750 = CARTESIAN_POINT('',(0.,-5.E-02));
#10751 = ( GEOMETRIC_REPRESENTATION_CONTEXT(2) 
PARAMETRIC_REPRESENTATION_CONTEXT() REPRESENTATION_CONTEXT('2D SPACE',''
  ) );
#10752 = PCURVE('',#10681,#10753);
#10753 = DEFINITIONAL_REPRESENTATION('',(#10754),#10757);
#10754 = B_SPLINE_CURVE_WITH_KNOTS('',1,(#10755,#10756),.UNSPECIFIED.,
  .F.,.F.,(2,2),(-3.776062011719,-2.323669433594),
  .PIECEWISE_BEZIER_KNOTS.);
#10755 = CARTESIAN_POINT('',(54.203247070312,6.099731445312));
#10756 = CARTESIAN_POINT('',(54.203247070312,4.647338867188));
#10757 = ( GEOMETRIC_REPRESENTATION_CONTEXT(2) 
PARAMETRIC_REPRESENTATION_CONTEXT() REPRESENTATION_CONTEXT('2D SPACE',''
  ) );
#10758 = ORIENTED_EDGE('',*,*,#10714,.T.);
#10759 = ORIENTED_EDGE('',*,*,#10547,.T.);
#10760 = ORIENTED_EDGE('',*,*,#10761,.F.);
#10761 = EDGE_CURVE('',#10739,#10548,#10762,.T.);
#10762 = SURFACE_CURVE('',#10763,(#10767,#10774),.PCURVE_S1.);
#10763 = LINE('',#10764,#10765);
#10764 = CARTESIAN_POINT('',(15.203247070312,-3.900268554688,15.95));
#10765 = VECTOR('',#10766,1.);
#10766 = DIRECTION('',(0.,0.,1.));
#10767 = PCURVE('',#10563,#10768);
#10768 = DEFINITIONAL_REPRESENTATION('',(#10769),#10773);
#10769 = LINE('',#10770,#10771);
#10770 = CARTESIAN_POINT('',(1.452392578125,0.));
#10771 = VECTOR('',#10772,1.);
#10772 = DIRECTION('',(0.,-1.));
#10773 = ( GEOMETRIC_REPRESENTATION_CONTEXT(2) 
PARAMETRIC_REPRESENTATION_CONTEXT() REPRESENTATION_CONTEXT('2D SPACE',''
  ) );
#10774 = PCURVE('',#10589,#10775);
#10775 = DEFINITIONAL_REPRESENTATION('',(#10776),#10780);
#10776 = LINE('',#10777,#10778);
#10777 = CARTESIAN_POINT('',(0.,0.));
#10778 = VECTOR('',#10779,1.);
#10779 = DIRECTION('',(0.,-1.));
#10780 = ( GEOMETRIC_REPRESENTATION_CONTEXT(2) 
PARAMETRIC_REPRESENTATION_CONTEXT() REPRESENTATION_CONTEXT('2D SPACE',''
  ) );
#10781 = ADVANCED_FACE('',(#10782),#10589,.T.);
#10782 = FACE_BOUND('',#10783,.T.);
#10783 = EDGE_LOOP('',(#10784,#10803,#10804,#10805));
#10784 = ORIENTED_EDGE('',*,*,#10785,.T.);
#10785 = EDGE_CURVE('',#10667,#10739,#10786,.T.);
#10786 = SURFACE_CURVE('',#10787,(#10791,#10797),.PCURVE_S1.);
#10787 = LINE('',#10788,#10789);
#10788 = CARTESIAN_POINT('',(4.957566299718,-18.65494173412,16.));
#10789 = VECTOR('',#10790,1.);
#10790 = DIRECTION('',(0.570372521864,0.82138613715,-0.));
#10791 = PCURVE('',#10589,#10792);
#10792 = DEFINITIONAL_REPRESENTATION('',(#10793),#10796);
#10793 = B_SPLINE_CURVE_WITH_KNOTS('',1,(#10794,#10795),.UNSPECIFIED.,
  .F.,.F.,(2,2),(16.194917347236,17.963138787111),
  .PIECEWISE_BEZIER_KNOTS.);
#10794 = CARTESIAN_POINT('',(1.768221439875,-5.E-02));
#10795 = CARTESIAN_POINT('',(0.,-5.E-02));
#10796 = ( GEOMETRIC_REPRESENTATION_CONTEXT(2) 
PARAMETRIC_REPRESENTATION_CONTEXT() REPRESENTATION_CONTEXT('2D SPACE',''
  ) );
#10797 = PCURVE('',#10681,#10798);
#10798 = DEFINITIONAL_REPRESENTATION('',(#10799),#10802);
#10799 = B_SPLINE_CURVE_WITH_KNOTS('',1,(#10800,#10801),.UNSPECIFIED.,
  .F.,.F.,(2,2),(16.194917347236,17.963138787111),
  .PIECEWISE_BEZIER_KNOTS.);
#10800 = CARTESIAN_POINT('',(53.194702148437,4.647338867188));
#10801 = CARTESIAN_POINT('',(54.203247070312,6.099731445312));
#10802 = ( GEOMETRIC_REPRESENTATION_CONTEXT(2) 
PARAMETRIC_REPRESENTATION_CONTEXT() REPRESENTATION_CONTEXT('2D SPACE',''
  ) );
#10803 = ORIENTED_EDGE('',*,*,#10761,.T.);
#10804 = ORIENTED_EDGE('',*,*,#10575,.T.);
#10805 = ORIENTED_EDGE('',*,*,#10692,.F.);
#10806 = ADVANCED_FACE('',(#10807),#10681,.T.);
#10807 = FACE_BOUND('',#10808,.T.);
#10808 = EDGE_LOOP('',(#10809,#10810,#10811));
#10809 = ORIENTED_EDGE('',*,*,#10664,.F.);
#10810 = ORIENTED_EDGE('',*,*,#10738,.F.);
#10811 = ORIENTED_EDGE('',*,*,#10785,.F.);
#10812 = ( GEOMETRIC_REPRESENTATION_CONTEXT(3) 
GLOBAL_UNCERTAINTY_ASSIGNED_CONTEXT((#10816)) 
GLOBAL_UNIT_ASSIGNED_CONTEXT((#10813,#10814,#10815)) 
REPRESENTATION_CONTEXT('Context #1',
  '3D Context with UNIT and UNCERTAINTY') );
#10813 = ( LENGTH_UNIT() NAMED_UNIT(*) SI_UNIT(.MILLI.,.METRE.) );
#10814 = ( NAMED_UNIT(*) PLANE_ANGLE_UNIT() SI_UNIT($,.RADIAN.) );
#10815 = ( NAMED_UNIT(*) SI_UNIT($,.STERADIAN.) SOLID_ANGLE_UNIT() );
#10816 = UNCERTAINTY_MEASURE_WITH_UNIT(LENGTH_MEASURE(1.E-06),#10813,
  'distance_accuracy_value','confusion accuracy');
#10817 = PRODUCT_RELATED_PRODUCT_CATEGORY('part',$,(#7));
ENDSEC;
END-ISO-10303-21;
