candidate_id,search_stage,architecture,motor_envelope,frame_layout,frame_section,belt_layout,pto_x_offset_from_motor_mm,pto_axis_x_mm,pto_axis_z_mm,pto_belt_plane_abs_y_mm,drive_belt_plane_abs_y_mm,frame_rail_abs_y_mm,l_bracket_size,l_bracket_placement,l_bracket_x_offset_mm,center_pto_end_gap_mm,coupling_candidate,belt_to_fixed_clearance_mm,belt_to_l_bracket_clearance_mm,pto_rotation_to_fixed_clearance_mm,pto_rotation_to_l_bracket_clearance_mm,pto_safety_to_kp000_clearance_mm,drive_pto_belt_safety_gap_mm,clutch_to_belt_clearance_mm,clutch_to_fixed_clearance_mm,pto_rotation_bottom_z_mm,total_width_mm,absolute_contract_pass,target_contract_pass,score,status,rejection_reason
S0-V090-OUTWARD-BASELINE,0,B,MOTOR_MEDIUM,FRAME-E,F2040-A,B1,160.0,100.0,320.0,58.25,119.0,88.75,L_LARGE,FORE_AFT_X,0.0,0.0,C1,-56.0,-60.0,-56.0,-60.0,-16.75,29.75,0.0,12.0,260.0,290.0,False,False,216.5,BASELINE_REPRODUCED_NOT_V091_CANDIDATE,OUTWARD_PTO_PARENT
S1-V090-FLIP-INWARD-ONLY,1,B,MOTOR_MEDIUM,FRAME-E,F2040-A,B1,160.0,100.0,320.0,58.25,119.0,88.75,L_LARGE,FORE_AFT_X,0.0,30.0,C1,-56.0,-60.0,-56.0,-60.0,-16.75,29.75,0.0,12.0,260.0,290.0,False,False,213.5,FAIL_ENVELOPE_CONTRACT,V090_CLEARANCES_NOT_RELEASABLE;CENTRAL_BAY_NOT_DEFINED;OUTBOARD_POD_NOT_MODELED
S2-MOTOR_SMALL-FRAME-A,2,B,MOTOR_SMALL,FRAME-A,F2040-A,B1,210.0,150.0,320.0,85.0,125.0,48.0,L_LARGE,FORE_AFT_X,70.0,60.0,C1,11.5,10.0,10.0,10.0,10.0,9.0,10.0,12.0,260.0,290.0,True,True,5.0,INTERMEDIATE_STAGE,ADVANCE_TO_SAME_PLANE_X_LAYOUT
S2-MOTOR_SMALL-FRAME-B,2,B,MOTOR_SMALL,FRAME-B,F2040-A,B1,210.0,150.0,320.0,85.0,125.0,48.0,L_LARGE,FORE_AFT_X,70.0,60.0,C1,11.5,10.0,10.0,10.0,10.0,9.0,10.0,12.0,260.0,290.0,True,True,5.0,INTERMEDIATE_STAGE,ADVANCE_TO_SAME_PLANE_X_LAYOUT
S2-MOTOR_SMALL-FRAME-C,2,B,MOTOR_SMALL,FRAME-C,F2040-A,B1,210.0,150.0,320.0,85.0,125.0,48.0,L_LARGE,FORE_AFT_X,70.0,60.0,C1,11.5,10.0,10.0,10.0,10.0,9.0,10.0,12.0,260.0,290.0,True,True,5.0,INTERMEDIATE_STAGE,ADVANCE_TO_SAME_PLANE_X_LAYOUT
S2-MOTOR_SMALL-FRAME-D,2,B,MOTOR_SMALL,FRAME-D,F2040-A,B1,210.0,150.0,320.0,85.0,125.0,48.0,L_LARGE,FORE_AFT_X,70.0,60.0,C1,11.5,10.0,10.0,10.0,10.0,9.0,10.0,12.0,260.0,290.0,True,True,5.0,INTERMEDIATE_STAGE,ADVANCE_TO_SAME_PLANE_X_LAYOUT
S2-MOTOR_SMALL-FRAME-E,2,B,MOTOR_SMALL,FRAME-E,F2040-A,B1,210.0,150.0,320.0,85.0,125.0,48.0,L_LARGE,FORE_AFT_X,70.0,60.0,C1,11.5,10.0,10.0,10.0,10.0,9.0,10.0,12.0,260.0,290.0,True,True,2.0,INTERMEDIATE_STAGE,ADVANCE_TO_SAME_PLANE_X_LAYOUT
S2-MOTOR_MEDIUM-FRAME-A,2,B,MOTOR_MEDIUM,FRAME-A,F2040-A,B1,210.0,150.0,320.0,85.0,125.0,48.0,L_LARGE,FORE_AFT_X,70.0,60.0,C1,11.5,10.0,10.0,10.0,10.0,9.0,10.0,12.0,260.0,290.0,True,True,3.0,INTERMEDIATE_STAGE,ADVANCE_TO_SAME_PLANE_X_LAYOUT
S2-MOTOR_MEDIUM-FRAME-B,2,B,MOTOR_MEDIUM,FRAME-B,F2040-A,B1,210.0,150.0,320.0,85.0,125.0,48.0,L_LARGE,FORE_AFT_X,70.0,60.0,C1,11.5,10.0,10.0,10.0,10.0,9.0,10.0,12.0,260.0,290.0,True,True,3.0,INTERMEDIATE_STAGE,ADVANCE_TO_SAME_PLANE_X_LAYOUT
S2-MOTOR_MEDIUM-FRAME-C,2,B,MOTOR_MEDIUM,FRAME-C,F2040-A,B1,210.0,150.0,320.0,85.0,125.0,48.0,L_LARGE,FORE_AFT_X,70.0,60.0,C1,11.5,10.0,10.0,10.0,10.0,9.0,10.0,12.0,260.0,290.0,True,True,3.0,INTERMEDIATE_STAGE,ADVANCE_TO_SAME_PLANE_X_LAYOUT
S2-MOTOR_MEDIUM-FRAME-D,2,B,MOTOR_MEDIUM,FRAME-D,F2040-A,B1,210.0,150.0,320.0,85.0,125.0,48.0,L_LARGE,FORE_AFT_X,70.0,60.0,C1,11.5,10.0,10.0,10.0,10.0,9.0,10.0,12.0,260.0,290.0,True,True,3.0,INTERMEDIATE_STAGE,ADVANCE_TO_SAME_PLANE_X_LAYOUT
S2-MOTOR_MEDIUM-FRAME-E,2,B,MOTOR_MEDIUM,FRAME-E,F2040-A,B1,210.0,150.0,320.0,85.0,125.0,48.0,L_LARGE,FORE_AFT_X,70.0,60.0,C1,11.5,10.0,10.0,10.0,10.0,9.0,10.0,12.0,260.0,290.0,True,True,0.0,INTERMEDIATE_STAGE,ADVANCE_TO_SAME_PLANE_X_LAYOUT
S2-MOTOR_LARGE-FRAME-A,2,B,MOTOR_LARGE,FRAME-A,F2040-A,B1,210.0,150.0,320.0,85.0,125.0,48.0,L_LARGE,FORE_AFT_X,70.0,60.0,C1,11.5,10.0,10.0,10.0,10.0,9.0,10.0,12.0,260.0,290.0,True,True,5.0,INTERMEDIATE_STAGE,ADVANCE_TO_SAME_PLANE_X_LAYOUT
S2-MOTOR_LARGE-FRAME-B,2,B,MOTOR_LARGE,FRAME-B,F2040-A,B1,210.0,150.0,320.0,85.0,125.0,48.0,L_LARGE,FORE_AFT_X,70.0,60.0,C1,11.5,10.0,10.0,10.0,10.0,9.0,10.0,12.0,260.0,290.0,True,True,5.0,INTERMEDIATE_STAGE,ADVANCE_TO_SAME_PLANE_X_LAYOUT
S2-MOTOR_LARGE-FRAME-C,2,B,MOTOR_LARGE,FRAME-C,F2040-A,B1,210.0,150.0,320.0,85.0,125.0,48.0,L_LARGE,FORE_AFT_X,70.0,60.0,C1,11.5,10.0,10.0,10.0,10.0,9.0,10.0,12.0,260.0,290.0,True,True,5.0,INTERMEDIATE_STAGE,ADVANCE_TO_SAME_PLANE_X_LAYOUT
S2-MOTOR_LARGE-FRAME-D,2,B,MOTOR_LARGE,FRAME-D,F2040-A,B1,210.0,150.0,320.0,85.0,125.0,48.0,L_LARGE,FORE_AFT_X,70.0,60.0,C1,11.5,10.0,10.0,10.0,10.0,9.0,10.0,12.0,260.0,290.0,True,True,5.0,INTERMEDIATE_STAGE,ADVANCE_TO_SAME_PLANE_X_LAYOUT
S2-MOTOR_LARGE-FRAME-E,2,B,MOTOR_LARGE,FRAME-E,F2040-A,B1,210.0,150.0,320.0,85.0,125.0,48.0,L_LARGE,FORE_AFT_X,70.0,60.0,C1,11.5,10.0,10.0,10.0,10.0,9.0,10.0,12.0,260.0,290.0,True,True,2.0,INTERMEDIATE_STAGE,ADVANCE_TO_SAME_PLANE_X_LAYOUT
S3-X080-PY80.0,3,B,MOTOR_MEDIUM,FRAME-E,F2040-A,B1,80.0,20.0,320.0,80.0,120.0,48.0,L_LARGE,FORE_AFT_X,70.0,60.0,C1,6.5,10.0,-120.0,10.0,5.0,9.0,0.0,12.0,260.0,290.0,False,False,10.0,INTERMEDIATE_STAGE,FRAME_SECTION_NOT_YET_SELECTED
S3-X080-PY85.0,3,B,MOTOR_MEDIUM,FRAME-E,F2040-A,B1,80.0,20.0,320.0,85.0,125.0,48.0,L_LARGE,FORE_AFT_X,70.0,60.0,C1,11.5,10.0,-120.0,10.0,10.0,9.0,0.0,12.0,260.0,290.0,False,False,0.0,INTERMEDIATE_STAGE,FRAME_SECTION_NOT_YET_SELECTED
S3-X080-PY90.0,3,B,MOTOR_MEDIUM,FRAME-E,F2040-A,B1,80.0,20.0,320.0,90.0,130.0,48.0,L_LARGE,FORE_AFT_X,70.0,60.0,C1,16.5,10.0,-120.0,10.0,5.0,9.0,0.0,12.0,260.0,295.0,False,False,10.0,INTERMEDIATE_STAGE,FRAME_SECTION_NOT_YET_SELECTED
S3-X090-PY80.0,3,B,MOTOR_MEDIUM,FRAME-E,F2040-A,B1,90.0,30.0,320.0,80.0,120.0,48.0,L_LARGE,FORE_AFT_X,70.0,60.0,C1,6.5,10.0,-110.0,10.0,5.0,9.0,0.0,12.0,260.0,290.0,False,False,10.0,INTERMEDIATE_STAGE,FRAME_SECTION_NOT_YET_SELECTED
S3-X090-PY85.0,3,B,MOTOR_MEDIUM,FRAME-E,F2040-A,B1,90.0,30.0,320.0,85.0,125.0,48.0,L_LARGE,FORE_AFT_X,70.0,60.0,C1,11.5,10.0,-110.0,10.0,10.0,9.0,0.0,12.0,260.0,290.0,False,False,0.0,INTERMEDIATE_STAGE,FRAME_SECTION_NOT_YET_SELECTED
S3-X090-PY90.0,3,B,MOTOR_MEDIUM,FRAME-E,F2040-A,B1,90.0,30.0,320.0,90.0,130.0,48.0,L_LARGE,FORE_AFT_X,70.0,60.0,C1,16.5,10.0,-110.0,10.0,5.0,9.0,0.0,12.0,260.0,295.0,False,False,10.0,INTERMEDIATE_STAGE,FRAME_SECTION_NOT_YET_SELECTED
S3-X100-PY80.0,3,B,MOTOR_MEDIUM,FRAME-E,F2040-A,B1,100.0,40.0,320.0,80.0,120.0,48.0,L_LARGE,FORE_AFT_X,70.0,60.0,C1,6.5,10.0,-100.0,10.0,5.0,9.0,0.0,12.0,260.0,290.0,False,False,10.0,INTERMEDIATE_STAGE,FRAME_SECTION_NOT_YET_SELECTED
S3-X100-PY85.0,3,B,MOTOR_MEDIUM,FRAME-E,F2040-A,B1,100.0,40.0,320.0,85.0,125.0,48.0,L_LARGE,FORE_AFT_X,70.0,60.0,C1,11.5,10.0,-100.0,10.0,10.0,9.0,0.0,12.0,260.0,290.0,False,False,0.0,INTERMEDIATE_STAGE,FRAME_SECTION_NOT_YET_SELECTED
S3-X100-PY90.0,3,B,MOTOR_MEDIUM,FRAME-E,F2040-A,B1,100.0,40.0,320.0,90.0,130.0,48.0,L_LARGE,FORE_AFT_X,70.0,60.0,C1,16.5,10.0,-100.0,10.0,5.0,9.0,0.0,12.0,260.0,295.0,False,False,10.0,INTERMEDIATE_STAGE,FRAME_SECTION_NOT_YET_SELECTED
S3-X110-PY80.0,3,B,MOTOR_MEDIUM,FRAME-E,F2040-A,B1,110.0,50.0,320.0,80.0,120.0,48.0,L_LARGE,FORE_AFT_X,70.0,60.0,C1,6.5,10.0,-90.0,10.0,5.0,9.0,0.0,12.0,260.0,290.0,False,False,10.0,INTERMEDIATE_STAGE,FRAME_SECTION_NOT_YET_SELECTED
S3-X110-PY85.0,3,B,MOTOR_MEDIUM,FRAME-E,F2040-A,B1,110.0,50.0,320.0,85.0,125.0,48.0,L_LARGE,FORE_AFT_X,70.0,60.0,C1,11.5,10.0,-90.0,10.0,10.0,9.0,0.0,12.0,260.0,290.0,False,False,0.0,INTERMEDIATE_STAGE,FRAME_SECTION_NOT_YET_SELECTED
S3-X110-PY90.0,3,B,MOTOR_MEDIUM,FRAME-E,F2040-A,B1,110.0,50.0,320.0,90.0,130.0,48.0,L_LARGE,FORE_AFT_X,70.0,60.0,C1,16.5,10.0,-90.0,10.0,5.0,9.0,0.0,12.0,260.0,295.0,False,False,10.0,INTERMEDIATE_STAGE,FRAME_SECTION_NOT_YET_SELECTED
S3-X120-PY80.0,3,B,MOTOR_MEDIUM,FRAME-E,F2040-A,B1,120.0,60.0,320.0,80.0,120.0,48.0,L_LARGE,FORE_AFT_X,70.0,60.0,C1,6.5,10.0,-80.0,10.0,5.0,9.0,0.0,12.0,260.0,290.0,False,False,10.0,INTERMEDIATE_STAGE,FRAME_SECTION_NOT_YET_SELECTED
S3-X120-PY85.0,3,B,MOTOR_MEDIUM,FRAME-E,F2040-A,B1,120.0,60.0,320.0,85.0,125.0,48.0,L_LARGE,FORE_AFT_X,70.0,60.0,C1,11.5,10.0,-80.0,10.0,10.0,9.0,0.0,12.0,260.0,290.0,False,False,0.0,INTERMEDIATE_STAGE,FRAME_SECTION_NOT_YET_SELECTED
S3-X120-PY90.0,3,B,MOTOR_MEDIUM,FRAME-E,F2040-A,B1,120.0,60.0,320.0,90.0,130.0,48.0,L_LARGE,FORE_AFT_X,70.0,60.0,C1,16.5,10.0,-80.0,10.0,5.0,9.0,0.0,12.0,260.0,295.0,False,False,10.0,INTERMEDIATE_STAGE,FRAME_SECTION_NOT_YET_SELECTED
S3-X130-PY80.0,3,B,MOTOR_MEDIUM,FRAME-E,F2040-A,B1,130.0,70.0,320.0,80.0,120.0,48.0,L_LARGE,FORE_AFT_X,70.0,60.0,C1,6.5,10.0,-70.0,10.0,5.0,9.0,0.0,12.0,260.0,290.0,False,False,10.0,INTERMEDIATE_STAGE,FRAME_SECTION_NOT_YET_SELECTED
S3-X130-PY85.0,3,B,MOTOR_MEDIUM,FRAME-E,F2040-A,B1,130.0,70.0,320.0,85.0,125.0,48.0,L_LARGE,FORE_AFT_X,70.0,60.0,C1,11.5,10.0,-70.0,10.0,10.0,9.0,0.0,12.0,260.0,290.0,False,False,0.0,INTERMEDIATE_STAGE,FRAME_SECTION_NOT_YET_SELECTED
S3-X130-PY90.0,3,B,MOTOR_MEDIUM,FRAME-E,F2040-A,B1,130.0,70.0,320.0,90.0,130.0,48.0,L_LARGE,FORE_AFT_X,70.0,60.0,C1,16.5,10.0,-70.0,10.0,5.0,9.0,0.0,12.0,260.0,295.0,False,False,10.0,INTERMEDIATE_STAGE,FRAME_SECTION_NOT_YET_SELECTED
S3-X140-PY80.0,3,B,MOTOR_MEDIUM,FRAME-E,F2040-A,B1,140.0,80.0,320.0,80.0,120.0,48.0,L_LARGE,FORE_AFT_X,70.0,60.0,C1,6.5,10.0,-60.0,10.0,5.0,9.0,0.0,12.0,260.0,290.0,False,False,10.0,INTERMEDIATE_STAGE,FRAME_SECTION_NOT_YET_SELECTED
S3-X140-PY85.0,3,B,MOTOR_MEDIUM,FRAME-E,F2040-A,B1,140.0,80.0,320.0,85.0,125.0,48.0,L_LARGE,FORE_AFT_X,70.0,60.0,C1,11.5,10.0,-60.0,10.0,10.0,9.0,0.0,12.0,260.0,290.0,False,False,0.0,INTERMEDIATE_STAGE,FRAME_SECTION_NOT_YET_SELECTED
S3-X140-PY90.0,3,B,MOTOR_MEDIUM,FRAME-E,F2040-A,B1,140.0,80.0,320.0,90.0,130.0,48.0,L_LARGE,FORE_AFT_X,70.0,60.0,C1,16.5,10.0,-60.0,10.0,5.0,9.0,0.0,12.0,260.0,295.0,False,False,10.0,INTERMEDIATE_STAGE,FRAME_SECTION_NOT_YET_SELECTED
S3-X150-PY80.0,3,B,MOTOR_MEDIUM,FRAME-E,F2040-A,B1,150.0,90.0,320.0,80.0,120.0,48.0,L_LARGE,FORE_AFT_X,70.0,60.0,C1,6.5,10.0,-50.0,10.0,5.0,9.0,0.0,12.0,260.0,290.0,False,False,10.0,INTERMEDIATE_STAGE,FRAME_SECTION_NOT_YET_SELECTED
S3-X150-PY85.0,3,B,MOTOR_MEDIUM,FRAME-E,F2040-A,B1,150.0,90.0,320.0,85.0,125.0,48.0,L_LARGE,FORE_AFT_X,70.0,60.0,C1,11.5,10.0,-50.0,10.0,10.0,9.0,0.0,12.0,260.0,290.0,False,False,0.0,INTERMEDIATE_STAGE,FRAME_SECTION_NOT_YET_SELECTED
S3-X150-PY90.0,3,B,MOTOR_MEDIUM,FRAME-E,F2040-A,B1,150.0,90.0,320.0,90.0,130.0,48.0,L_LARGE,FORE_AFT_X,70.0,60.0,C1,16.5,10.0,-50.0,10.0,5.0,9.0,0.0,12.0,260.0,295.0,False,False,10.0,INTERMEDIATE_STAGE,FRAME_SECTION_NOT_YET_SELECTED
S3-X160-PY80.0,3,B,MOTOR_MEDIUM,FRAME-E,F2040-A,B1,160.0,100.0,320.0,80.0,120.0,48.0,L_LARGE,FORE_AFT_X,70.0,60.0,C1,6.5,10.0,-40.0,10.0,5.0,9.0,0.0,12.0,260.0,290.0,False,False,10.0,INTERMEDIATE_STAGE,FRAME_SECTION_NOT_YET_SELECTED
S3-X160-PY85.0,3,B,MOTOR_MEDIUM,FRAME-E,F2040-A,B1,160.0,100.0,320.0,85.0,125.0,48.0,L_LARGE,FORE_AFT_X,70.0,60.0,C1,11.5,10.0,-40.0,10.0,10.0,9.0,0.0,12.0,260.0,290.0,False,False,0.0,INTERMEDIATE_STAGE,FRAME_SECTION_NOT_YET_SELECTED
S3-X160-PY90.0,3,B,MOTOR_MEDIUM,FRAME-E,F2040-A,B1,160.0,100.0,320.0,90.0,130.0,48.0,L_LARGE,FORE_AFT_X,70.0,60.0,C1,16.5,10.0,-40.0,10.0,5.0,9.0,0.0,12.0,260.0,295.0,False,False,10.0,INTERMEDIATE_STAGE,FRAME_SECTION_NOT_YET_SELECTED
S3-X170-PY80.0,3,B,MOTOR_MEDIUM,FRAME-E,F2040-A,B1,170.0,110.0,320.0,80.0,120.0,48.0,L_LARGE,FORE_AFT_X,70.0,60.0,C1,6.5,10.0,-30.0,10.0,5.0,9.0,0.0,12.0,260.0,290.0,False,False,10.0,INTERMEDIATE_STAGE,FRAME_SECTION_NOT_YET_SELECTED
S3-X170-PY85.0,3,B,MOTOR_MEDIUM,FRAME-E,F2040-A,B1,170.0,110.0,320.0,85.0,125.0,48.0,L_LARGE,FORE_AFT_X,70.0,60.0,C1,11.5,10.0,-30.0,10.0,10.0,9.0,0.0,12.0,260.0,290.0,False,False,0.0,INTERMEDIATE_STAGE,FRAME_SECTION_NOT_YET_SELECTED
S3-X170-PY90.0,3,B,MOTOR_MEDIUM,FRAME-E,F2040-A,B1,170.0,110.0,320.0,90.0,130.0,48.0,L_LARGE,FORE_AFT_X,70.0,60.0,C1,16.5,10.0,-30.0,10.0,5.0,9.0,0.0,12.0,260.0,295.0,False,False,10.0,INTERMEDIATE_STAGE,FRAME_SECTION_NOT_YET_SELECTED
S3-X180-PY80.0,3,B,MOTOR_MEDIUM,FRAME-E,F2040-A,B1,180.0,120.0,320.0,80.0,120.0,48.0,L_LARGE,FORE_AFT_X,70.0,60.0,C1,6.5,10.0,-20.0,10.0,5.0,9.0,0.0,12.0,260.0,290.0,False,False,10.0,INTERMEDIATE_STAGE,FRAME_SECTION_NOT_YET_SELECTED
S3-X180-PY85.0,3,B,MOTOR_MEDIUM,FRAME-E,F2040-A,B1,180.0,120.0,320.0,85.0,125.0,48.0,L_LARGE,FORE_AFT_X,70.0,60.0,C1,11.5,10.0,-20.0,10.0,10.0,9.0,0.0,12.0,260.0,290.0,False,False,0.0,INTERMEDIATE_STAGE,FRAME_SECTION_NOT_YET_SELECTED
S3-X180-PY90.0,3,B,MOTOR_MEDIUM,FRAME-E,F2040-A,B1,180.0,120.0,320.0,90.0,130.0,48.0,L_LARGE,FORE_AFT_X,70.0,60.0,C1,16.5,10.0,-20.0,10.0,5.0,9.0,0.0,12.0,260.0,295.0,False,False,10.0,INTERMEDIATE_STAGE,FRAME_SECTION_NOT_YET_SELECTED
S3-X190-PY80.0,3,B,MOTOR_MEDIUM,FRAME-E,F2040-A,B1,190.0,130.0,320.0,80.0,120.0,48.0,L_LARGE,FORE_AFT_X,70.0,60.0,C1,6.5,10.0,-10.0,10.0,5.0,9.0,0.0,12.0,260.0,290.0,False,False,10.0,INTERMEDIATE_STAGE,FRAME_SECTION_NOT_YET_SELECTED
S3-X190-PY85.0,3,B,MOTOR_MEDIUM,FRAME-E,F2040-A,B1,190.0,130.0,320.0,85.0,125.0,48.0,L_LARGE,FORE_AFT_X,70.0,60.0,C1,11.5,10.0,-10.0,10.0,10.0,9.0,0.0,12.0,260.0,290.0,False,False,0.0,INTERMEDIATE_STAGE,FRAME_SECTION_NOT_YET_SELECTED
S3-X190-PY90.0,3,B,MOTOR_MEDIUM,FRAME-E,F2040-A,B1,190.0,130.0,320.0,90.0,130.0,48.0,L_LARGE,FORE_AFT_X,70.0,60.0,C1,16.5,10.0,-10.0,10.0,5.0,9.0,0.0,12.0,260.0,295.0,False,False,10.0,INTERMEDIATE_STAGE,FRAME_SECTION_NOT_YET_SELECTED
S3-X200-PY80.0,3,B,MOTOR_MEDIUM,FRAME-E,F2040-A,B1,200.0,140.0,320.0,80.0,120.0,48.0,L_LARGE,FORE_AFT_X,70.0,60.0,C1,6.5,10.0,0.0,10.0,5.0,9.0,0.0,12.0,260.0,290.0,False,False,10.0,INTERMEDIATE_STAGE,FRAME_SECTION_NOT_YET_SELECTED
S3-X200-PY85.0,3,B,MOTOR_MEDIUM,FRAME-E,F2040-A,B1,200.0,140.0,320.0,85.0,125.0,48.0,L_LARGE,FORE_AFT_X,70.0,60.0,C1,11.5,10.0,0.0,10.0,10.0,9.0,0.0,12.0,260.0,290.0,False,False,0.0,INTERMEDIATE_STAGE,FRAME_SECTION_NOT_YET_SELECTED
S3-X200-PY90.0,3,B,MOTOR_MEDIUM,FRAME-E,F2040-A,B1,200.0,140.0,320.0,90.0,130.0,48.0,L_LARGE,FORE_AFT_X,70.0,60.0,C1,16.5,10.0,0.0,10.0,5.0,9.0,0.0,12.0,260.0,295.0,False,False,10.0,INTERMEDIATE_STAGE,FRAME_SECTION_NOT_YET_SELECTED
S3-X210-PY80.0,3,B,MOTOR_MEDIUM,FRAME-E,F2040-A,B1,210.0,150.0,320.0,80.0,120.0,48.0,L_LARGE,FORE_AFT_X,70.0,60.0,C1,6.5,10.0,6.5,10.0,5.0,9.0,10.0,12.0,260.0,290.0,False,False,10.0,INTERMEDIATE_STAGE,FRAME_SECTION_NOT_YET_SELECTED
S3-X210-PY85.0,3,B,MOTOR_MEDIUM,FRAME-E,F2040-A,B1,210.0,150.0,320.0,85.0,125.0,48.0,L_LARGE,FORE_AFT_X,70.0,60.0,C1,11.5,10.0,10.0,10.0,10.0,9.0,10.0,12.0,260.0,290.0,True,True,0.0,INTERMEDIATE_STAGE,FRAME_SECTION_NOT_YET_SELECTED
S3-X210-PY90.0,3,B,MOTOR_MEDIUM,FRAME-E,F2040-A,B1,210.0,150.0,320.0,90.0,130.0,48.0,L_LARGE,FORE_AFT_X,70.0,60.0,C1,16.5,10.0,10.0,10.0,5.0,9.0,10.0,12.0,260.0,295.0,True,False,10.0,INTERMEDIATE_STAGE,FRAME_SECTION_NOT_YET_SELECTED
S3-X220-PY80.0,3,B,MOTOR_MEDIUM,FRAME-E,F2040-A,B1,220.0,160.0,320.0,80.0,120.0,48.0,L_LARGE,FORE_AFT_X,70.0,60.0,C1,6.5,10.0,6.5,10.0,5.0,9.0,20.0,12.0,260.0,290.0,False,False,10.0,INTERMEDIATE_STAGE,FRAME_SECTION_NOT_YET_SELECTED
S3-X220-PY85.0,3,B,MOTOR_MEDIUM,FRAME-E,F2040-A,B1,220.0,160.0,320.0,85.0,125.0,48.0,L_LARGE,FORE_AFT_X,70.0,60.0,C1,11.5,10.0,11.5,10.0,10.0,9.0,20.0,12.0,260.0,290.0,True,True,0.0,INTERMEDIATE_STAGE,FRAME_SECTION_NOT_YET_SELECTED
S3-X220-PY90.0,3,B,MOTOR_MEDIUM,FRAME-E,F2040-A,B1,220.0,160.0,320.0,90.0,130.0,48.0,L_LARGE,FORE_AFT_X,70.0,60.0,C1,16.5,10.0,16.5,10.0,5.0,9.0,20.0,12.0,260.0,295.0,True,False,10.0,INTERMEDIATE_STAGE,FRAME_SECTION_NOT_YET_SELECTED
S3-X230-PY80.0,3,B,MOTOR_MEDIUM,FRAME-E,F2040-A,B1,230.0,170.0,320.0,80.0,120.0,48.0,L_LARGE,FORE_AFT_X,70.0,60.0,C1,6.5,10.0,6.5,10.0,5.0,9.0,30.0,12.0,260.0,290.0,False,False,10.0,INTERMEDIATE_STAGE,FRAME_SECTION_NOT_YET_SELECTED
S3-X230-PY85.0,3,B,MOTOR_MEDIUM,FRAME-E,F2040-A,B1,230.0,170.0,320.0,85.0,125.0,48.0,L_LARGE,FORE_AFT_X,70.0,60.0,C1,11.5,10.0,11.5,10.0,10.0,9.0,30.0,12.0,260.0,290.0,True,True,0.0,INTERMEDIATE_STAGE,FRAME_SECTION_NOT_YET_SELECTED
S3-X230-PY90.0,3,B,MOTOR_MEDIUM,FRAME-E,F2040-A,B1,230.0,170.0,320.0,90.0,130.0,48.0,L_LARGE,FORE_AFT_X,70.0,60.0,C1,16.5,10.0,16.5,10.0,5.0,9.0,30.0,12.0,260.0,295.0,True,False,10.0,INTERMEDIATE_STAGE,FRAME_SECTION_NOT_YET_SELECTED
S3-X240-PY80.0,3,B,MOTOR_MEDIUM,FRAME-E,F2040-A,B1,240.0,180.0,320.0,80.0,120.0,48.0,L_LARGE,FORE_AFT_X,70.0,60.0,C1,6.5,10.0,6.5,10.0,5.0,9.0,40.0,12.0,260.0,290.0,False,False,10.0,INTERMEDIATE_STAGE,FRAME_SECTION_NOT_YET_SELECTED
S3-X240-PY85.0,3,B,MOTOR_MEDIUM,FRAME-E,F2040-A,B1,240.0,180.0,320.0,85.0,125.0,48.0,L_LARGE,FORE_AFT_X,70.0,60.0,C1,11.5,10.0,11.5,10.0,10.0,9.0,40.0,12.0,260.0,290.0,True,True,0.0,INTERMEDIATE_STAGE,FRAME_SECTION_NOT_YET_SELECTED
S3-X240-PY90.0,3,B,MOTOR_MEDIUM,FRAME-E,F2040-A,B1,240.0,180.0,320.0,90.0,130.0,48.0,L_LARGE,FORE_AFT_X,70.0,60.0,C1,16.5,10.0,16.5,10.0,5.0,9.0,40.0,12.0,260.0,295.0,True,False,10.0,INTERMEDIATE_STAGE,FRAME_SECTION_NOT_YET_SELECTED
S3-X250-PY80.0,3,B,MOTOR_MEDIUM,FRAME-E,F2040-A,B1,250.0,190.0,320.0,80.0,120.0,48.0,L_LARGE,FORE_AFT_X,70.0,60.0,C1,6.5,10.0,6.5,10.0,5.0,9.0,50.0,12.0,260.0,290.0,False,False,10.0,INTERMEDIATE_STAGE,FRAME_SECTION_NOT_YET_SELECTED
S3-X250-PY85.0,3,B,MOTOR_MEDIUM,FRAME-E,F2040-A,B1,250.0,190.0,320.0,85.0,125.0,48.0,L_LARGE,FORE_AFT_X,70.0,60.0,C1,11.5,10.0,11.5,10.0,10.0,9.0,50.0,12.0,260.0,290.0,True,True,0.0,INTERMEDIATE_STAGE,FRAME_SECTION_NOT_YET_SELECTED
S3-X250-PY90.0,3,B,MOTOR_MEDIUM,FRAME-E,F2040-A,B1,250.0,190.0,320.0,90.0,130.0,48.0,L_LARGE,FORE_AFT_X,70.0,60.0,C1,16.5,10.0,16.5,10.0,5.0,9.0,50.0,12.0,260.0,295.0,True,False,10.0,INTERMEDIATE_STAGE,FRAME_SECTION_NOT_YET_SELECTED
S4-F2040-A-FRAME-A,4,B,MOTOR_MEDIUM,FRAME-A,F2040-A,B1,210.0,150.0,320.0,85.0,125.0,48.0,L_LARGE,FORE_AFT_X,70.0,60.0,C1,11.5,10.0,10.0,10.0,10.0,9.0,10.0,12.0,260.0,290.0,True,True,3.0,CONDITIONAL_PASS_CANDIDATE,
S4-F2040-A-FRAME-B,4,B,MOTOR_MEDIUM,FRAME-B,F2040-A,B1,210.0,150.0,320.0,85.0,125.0,48.0,L_LARGE,FORE_AFT_X,70.0,60.0,C1,11.5,10.0,10.0,10.0,10.0,9.0,10.0,12.0,260.0,290.0,True,True,3.0,CONDITIONAL_PASS_CANDIDATE,
S4-F2040-A-FRAME-C,4,B,MOTOR_MEDIUM,FRAME-C,F2040-A,B1,210.0,150.0,320.0,85.0,125.0,48.0,L_LARGE,FORE_AFT_X,70.0,60.0,C1,11.5,10.0,10.0,10.0,10.0,9.0,10.0,12.0,260.0,290.0,True,True,3.0,CONDITIONAL_PASS_CANDIDATE,
S4-F2040-A-FRAME-D,4,B,MOTOR_MEDIUM,FRAME-D,F2040-A,B1,210.0,150.0,320.0,85.0,125.0,48.0,L_LARGE,FORE_AFT_X,70.0,60.0,C1,11.5,10.0,10.0,10.0,10.0,9.0,10.0,12.0,260.0,290.0,True,True,3.0,CONDITIONAL_PASS_CANDIDATE,
S4-F2040-A-FRAME-E,4,B,MOTOR_MEDIUM,FRAME-E,F2040-A,B1,210.0,150.0,320.0,85.0,125.0,48.0,L_LARGE,FORE_AFT_X,70.0,60.0,C1,11.5,10.0,10.0,10.0,10.0,9.0,10.0,12.0,260.0,290.0,True,True,0.0,CONDITIONAL_PASS_CANDIDATE,
S4-F2040-B-FRAME-A,4,B,MOTOR_MEDIUM,FRAME-A,F2040-B,B1,210.0,150.0,320.0,85.0,125.0,48.0,L_LARGE,FORE_AFT_X,70.0,60.0,C1,1.5,10.0,1.5,10.0,10.0,9.0,10.0,12.0,260.0,290.0,False,False,3.0,FAIL_ENVELOPE_CONTRACT,BELT_FIXED_CLEARANCE_LT_5;PTO_FIXED_CLEARANCE_LT_8;F2040_B_Y_WIDTH_CONSUMES_CORRIDOR
S4-F2040-B-FRAME-B,4,B,MOTOR_MEDIUM,FRAME-B,F2040-B,B1,210.0,150.0,320.0,85.0,125.0,48.0,L_LARGE,FORE_AFT_X,70.0,60.0,C1,1.5,10.0,1.5,10.0,10.0,9.0,10.0,12.0,260.0,290.0,False,False,3.0,FAIL_ENVELOPE_CONTRACT,BELT_FIXED_CLEARANCE_LT_5;PTO_FIXED_CLEARANCE_LT_8;F2040_B_Y_WIDTH_CONSUMES_CORRIDOR
S4-F2040-B-FRAME-C,4,B,MOTOR_MEDIUM,FRAME-C,F2040-B,B1,210.0,150.0,320.0,85.0,125.0,48.0,L_LARGE,FORE_AFT_X,70.0,60.0,C1,1.5,10.0,1.5,10.0,10.0,9.0,10.0,12.0,260.0,290.0,False,False,3.0,FAIL_ENVELOPE_CONTRACT,BELT_FIXED_CLEARANCE_LT_5;PTO_FIXED_CLEARANCE_LT_8;F2040_B_Y_WIDTH_CONSUMES_CORRIDOR
S4-F2040-B-FRAME-D,4,B,MOTOR_MEDIUM,FRAME-D,F2040-B,B1,210.0,150.0,320.0,85.0,125.0,48.0,L_LARGE,FORE_AFT_X,70.0,60.0,C1,1.5,10.0,1.5,10.0,10.0,9.0,10.0,12.0,260.0,290.0,False,False,3.0,FAIL_ENVELOPE_CONTRACT,BELT_FIXED_CLEARANCE_LT_5;PTO_FIXED_CLEARANCE_LT_8;F2040_B_Y_WIDTH_CONSUMES_CORRIDOR
S4-F2040-B-FRAME-E,4,B,MOTOR_MEDIUM,FRAME-E,F2040-B,B1,210.0,150.0,320.0,85.0,125.0,48.0,L_LARGE,FORE_AFT_X,70.0,60.0,C1,1.5,10.0,1.5,10.0,10.0,9.0,10.0,12.0,260.0,290.0,False,False,0.0,FAIL_ENVELOPE_CONTRACT,BELT_FIXED_CLEARANCE_LT_5;PTO_FIXED_CLEARANCE_LT_8;F2040_B_Y_WIDTH_CONSUMES_CORRIDOR
S5-L_SMALL-ABOVE-X00,5,B,MOTOR_MEDIUM,FRAME-E,F2040-A,B1,210.0,150.0,320.0,85.0,125.0,48.0,L_SMALL,ABOVE,0.0,60.0,C1,11.5,-60.0,10.0,-60.0,10.0,9.0,10.0,12.0,260.0,290.0,False,False,14.0,FAIL_ENVELOPE_CONTRACT,PTO_L_BRACKET_CLEARANCE_LT_8
S5-L_SMALL-ABOVE-X05,5,B,MOTOR_MEDIUM,FRAME-E,F2040-A,B1,210.0,150.0,320.0,85.0,125.0,48.0,L_SMALL,ABOVE,5.0,60.0,C1,11.5,-55.0,10.0,-55.0,10.0,9.0,10.0,12.0,260.0,290.0,False,False,13.0,FAIL_ENVELOPE_CONTRACT,PTO_L_BRACKET_CLEARANCE_LT_8
S5-L_SMALL-ABOVE-X10,5,B,MOTOR_MEDIUM,FRAME-E,F2040-A,B1,210.0,150.0,320.0,85.0,125.0,48.0,L_SMALL,ABOVE,10.0,60.0,C1,11.5,-50.0,10.0,-50.0,10.0,9.0,10.0,12.0,260.0,290.0,False,False,12.0,FAIL_ENVELOPE_CONTRACT,PTO_L_BRACKET_CLEARANCE_LT_8
S5-L_SMALL-ABOVE-X15,5,B,MOTOR_MEDIUM,FRAME-E,F2040-A,B1,210.0,150.0,320.0,85.0,125.0,48.0,L_SMALL,ABOVE,15.0,60.0,C1,11.5,-45.0,10.0,-45.0,10.0,9.0,10.0,12.0,260.0,290.0,False,False,11.0,FAIL_ENVELOPE_CONTRACT,PTO_L_BRACKET_CLEARANCE_LT_8
S5-L_SMALL-ABOVE-X20,5,B,MOTOR_MEDIUM,FRAME-E,F2040-A,B1,210.0,150.0,320.0,85.0,125.0,48.0,L_SMALL,ABOVE,20.0,60.0,C1,11.5,-40.0,10.0,-40.0,10.0,9.0,10.0,12.0,260.0,290.0,False,False,10.0,FAIL_ENVELOPE_CONTRACT,PTO_L_BRACKET_CLEARANCE_LT_8
S5-L_SMALL-ABOVE-X25,5,B,MOTOR_MEDIUM,FRAME-E,F2040-A,B1,210.0,150.0,320.0,85.0,125.0,48.0,L_SMALL,ABOVE,25.0,60.0,C1,11.5,-35.0,10.0,-35.0,10.0,9.0,10.0,12.0,260.0,290.0,False,False,9.0,FAIL_ENVELOPE_CONTRACT,PTO_L_BRACKET_CLEARANCE_LT_8
S5-L_SMALL-ABOVE-X30,5,B,MOTOR_MEDIUM,FRAME-E,F2040-A,B1,210.0,150.0,320.0,85.0,125.0,48.0,L_SMALL,ABOVE,30.0,60.0,C1,11.5,-30.0,10.0,-30.0,10.0,9.0,10.0,12.0,260.0,290.0,False,False,8.0,FAIL_ENVELOPE_CONTRACT,PTO_L_BRACKET_CLEARANCE_LT_8
S5-L_SMALL-ABOVE-X35,5,B,MOTOR_MEDIUM,FRAME-E,F2040-A,B1,210.0,150.0,320.0,85.0,125.0,48.0,L_SMALL,ABOVE,35.0,60.0,C1,11.5,-25.0,10.0,-25.0,10.0,9.0,10.0,12.0,260.0,290.0,False,False,7.0,FAIL_ENVELOPE_CONTRACT,PTO_L_BRACKET_CLEARANCE_LT_8
S5-L_SMALL-ABOVE-X40,5,B,MOTOR_MEDIUM,FRAME-E,F2040-A,B1,210.0,150.0,320.0,85.0,125.0,48.0,L_SMALL,ABOVE,40.0,60.0,C1,11.5,-20.0,10.0,-20.0,10.0,9.0,10.0,12.0,260.0,290.0,False,False,6.0,FAIL_ENVELOPE_CONTRACT,PTO_L_BRACKET_CLEARANCE_LT_8
S5-L_SMALL-ABOVE-X45,5,B,MOTOR_MEDIUM,FRAME-E,F2040-A,B1,210.0,150.0,320.0,85.0,125.0,48.0,L_SMALL,ABOVE,45.0,60.0,C1,11.5,-15.0,10.0,-15.0,10.0,9.0,10.0,12.0,260.0,290.0,False,False,5.0,FAIL_ENVELOPE_CONTRACT,PTO_L_BRACKET_CLEARANCE_LT_8
S5-L_SMALL-ABOVE-X50,5,B,MOTOR_MEDIUM,FRAME-E,F2040-A,B1,210.0,150.0,320.0,85.0,125.0,48.0,L_SMALL,ABOVE,50.0,60.0,C1,11.5,-10.0,10.0,-10.0,10.0,9.0,10.0,12.0,260.0,290.0,False,False,4.0,FAIL_ENVELOPE_CONTRACT,PTO_L_BRACKET_CLEARANCE_LT_8
S5-L_SMALL-ABOVE-X55,5,B,MOTOR_MEDIUM,FRAME-E,F2040-A,B1,210.0,150.0,320.0,85.0,125.0,48.0,L_SMALL,ABOVE,55.0,60.0,C1,11.5,-5.0,10.0,-5.0,10.0,9.0,10.0,12.0,260.0,290.0,False,False,3.0,FAIL_ENVELOPE_CONTRACT,PTO_L_BRACKET_CLEARANCE_LT_8
S5-L_SMALL-ABOVE-X60,5,B,MOTOR_MEDIUM,FRAME-E,F2040-A,B1,210.0,150.0,320.0,85.0,125.0,48.0,L_SMALL,ABOVE,60.0,60.0,C1,11.5,0.0,10.0,0.0,10.0,9.0,10.0,12.0,260.0,290.0,False,False,2.0,FAIL_ENVELOPE_CONTRACT,PTO_L_BRACKET_CLEARANCE_LT_8
S5-L_SMALL-ABOVE-X65,5,B,MOTOR_MEDIUM,FRAME-E,F2040-A,B1,210.0,150.0,320.0,85.0,125.0,48.0,L_SMALL,ABOVE,65.0,60.0,C1,11.5,5.0,10.0,5.0,10.0,9.0,10.0,12.0,260.0,290.0,False,False,1.0,FAIL_ENVELOPE_CONTRACT,PTO_L_BRACKET_CLEARANCE_LT_8
S5-L_SMALL-ABOVE-X70,5,B,MOTOR_MEDIUM,FRAME-E,F2040-A,B1,210.0,150.0,320.0,85.0,125.0,48.0,L_SMALL,ABOVE,70.0,60.0,C1,11.5,10.0,10.0,10.0,10.0,9.0,10.0,12.0,260.0,290.0,True,True,0.0,CONDITIONAL_PASS_CANDIDATE,
S5-L_SMALL-ABOVE-X75,5,B,MOTOR_MEDIUM,FRAME-E,F2040-A,B1,210.0,150.0,320.0,85.0,125.0,48.0,L_SMALL,ABOVE,75.0,60.0,C1,11.5,15.0,10.0,15.0,10.0,9.0,10.0,12.0,260.0,290.0,True,True,1.0,CONDITIONAL_PASS_CANDIDATE,
S5-L_SMALL-ABOVE-X80,5,B,MOTOR_MEDIUM,FRAME-E,F2040-A,B1,210.0,150.0,320.0,85.0,125.0,48.0,L_SMALL,ABOVE,80.0,60.0,C1,11.5,20.0,10.0,20.0,10.0,9.0,10.0,12.0,260.0,290.0,True,True,2.0,CONDITIONAL_PASS_CANDIDATE,
S5-L_SMALL-BELOW-X00,5,B,MOTOR_MEDIUM,FRAME-E,F2040-A,B1,210.0,150.0,320.0,85.0,125.0,48.0,L_SMALL,BELOW,0.0,60.0,C1,11.5,-60.0,10.0,-60.0,10.0,9.0,10.0,12.0,260.0,290.0,False,False,14.0,FAIL_ENVELOPE_CONTRACT,PTO_L_BRACKET_CLEARANCE_LT_8
S5-L_SMALL-BELOW-X05,5,B,MOTOR_MEDIUM,FRAME-E,F2040-A,B1,210.0,150.0,320.0,85.0,125.0,48.0,L_SMALL,BELOW,5.0,60.0,C1,11.5,-55.0,10.0,-55.0,10.0,9.0,10.0,12.0,260.0,290.0,False,False,13.0,FAIL_ENVELOPE_CONTRACT,PTO_L_BRACKET_CLEARANCE_LT_8
S5-L_SMALL-BELOW-X10,5,B,MOTOR_MEDIUM,FRAME-E,F2040-A,B1,210.0,150.0,320.0,85.0,125.0,48.0,L_SMALL,BELOW,10.0,60.0,C1,11.5,-50.0,10.0,-50.0,10.0,9.0,10.0,12.0,260.0,290.0,False,False,12.0,FAIL_ENVELOPE_CONTRACT,PTO_L_BRACKET_CLEARANCE_LT_8
S5-L_SMALL-BELOW-X15,5,B,MOTOR_MEDIUM,FRAME-E,F2040-A,B1,210.0,150.0,320.0,85.0,125.0,48.0,L_SMALL,BELOW,15.0,60.0,C1,11.5,-45.0,10.0,-45.0,10.0,9.0,10.0,12.0,260.0,290.0,False,False,11.0,FAIL_ENVELOPE_CONTRACT,PTO_L_BRACKET_CLEARANCE_LT_8
S5-L_SMALL-BELOW-X20,5,B,MOTOR_MEDIUM,FRAME-E,F2040-A,B1,210.0,150.0,320.0,85.0,125.0,48.0,L_SMALL,BELOW,20.0,60.0,C1,11.5,-40.0,10.0,-40.0,10.0,9.0,10.0,12.0,260.0,290.0,False,False,10.0,FAIL_ENVELOPE_CONTRACT,PTO_L_BRACKET_CLEARANCE_LT_8
S5-L_SMALL-BELOW-X25,5,B,MOTOR_MEDIUM,FRAME-E,F2040-A,B1,210.0,150.0,320.0,85.0,125.0,48.0,L_SMALL,BELOW,25.0,60.0,C1,11.5,-35.0,10.0,-35.0,10.0,9.0,10.0,12.0,260.0,290.0,False,False,9.0,FAIL_ENVELOPE_CONTRACT,PTO_L_BRACKET_CLEARANCE_LT_8
S5-L_SMALL-BELOW-X30,5,B,MOTOR_MEDIUM,FRAME-E,F2040-A,B1,210.0,150.0,320.0,85.0,125.0,48.0,L_SMALL,BELOW,30.0,60.0,C1,11.5,-30.0,10.0,-30.0,10.0,9.0,10.0,12.0,260.0,290.0,False,False,8.0,FAIL_ENVELOPE_CONTRACT,PTO_L_BRACKET_CLEARANCE_LT_8
S5-L_SMALL-BELOW-X35,5,B,MOTOR_MEDIUM,FRAME-E,F2040-A,B1,210.0,150.0,320.0,85.0,125.0,48.0,L_SMALL,BELOW,35.0,60.0,C1,11.5,-25.0,10.0,-25.0,10.0,9.0,10.0,12.0,260.0,290.0,False,False,7.0,FAIL_ENVELOPE_CONTRACT,PTO_L_BRACKET_CLEARANCE_LT_8
S5-L_SMALL-BELOW-X40,5,B,MOTOR_MEDIUM,FRAME-E,F2040-A,B1,210.0,150.0,320.0,85.0,125.0,48.0,L_SMALL,BELOW,40.0,60.0,C1,11.5,-20.0,10.0,-20.0,10.0,9.0,10.0,12.0,260.0,290.0,False,False,6.0,FAIL_ENVELOPE_CONTRACT,PTO_L_BRACKET_CLEARANCE_LT_8
S5-L_SMALL-BELOW-X45,5,B,MOTOR_MEDIUM,FRAME-E,F2040-A,B1,210.0,150.0,320.0,85.0,125.0,48.0,L_SMALL,BELOW,45.0,60.0,C1,11.5,-15.0,10.0,-15.0,10.0,9.0,10.0,12.0,260.0,290.0,False,False,5.0,FAIL_ENVELOPE_CONTRACT,PTO_L_BRACKET_CLEARANCE_LT_8
S5-L_SMALL-BELOW-X50,5,B,MOTOR_MEDIUM,FRAME-E,F2040-A,B1,210.0,150.0,320.0,85.0,125.0,48.0,L_SMALL,BELOW,50.0,60.0,C1,11.5,-10.0,10.0,-10.0,10.0,9.0,10.0,12.0,260.0,290.0,False,False,4.0,FAIL_ENVELOPE_CONTRACT,PTO_L_BRACKET_CLEARANCE_LT_8
S5-L_SMALL-BELOW-X55,5,B,MOTOR_MEDIUM,FRAME-E,F2040-A,B1,210.0,150.0,320.0,85.0,125.0,48.0,L_SMALL,BELOW,55.0,60.0,C1,11.5,-5.0,10.0,-5.0,10.0,9.0,10.0,12.0,260.0,290.0,False,False,3.0,FAIL_ENVELOPE_CONTRACT,PTO_L_BRACKET_CLEARANCE_LT_8
S5-L_SMALL-BELOW-X60,5,B,MOTOR_MEDIUM,FRAME-E,F2040-A,B1,210.0,150.0,320.0,85.0,125.0,48.0,L_SMALL,BELOW,60.0,60.0,C1,11.5,0.0,10.0,0.0,10.0,9.0,10.0,12.0,260.0,290.0,False,False,2.0,FAIL_ENVELOPE_CONTRACT,PTO_L_BRACKET_CLEARANCE_LT_8
S5-L_SMALL-BELOW-X65,5,B,MOTOR_MEDIUM,FRAME-E,F2040-A,B1,210.0,150.0,320.0,85.0,125.0,48.0,L_SMALL,BELOW,65.0,60.0,C1,11.5,5.0,10.0,5.0,10.0,9.0,10.0,12.0,260.0,290.0,False,False,1.0,FAIL_ENVELOPE_CONTRACT,PTO_L_BRACKET_CLEARANCE_LT_8
S5-L_SMALL-BELOW-X70,5,B,MOTOR_MEDIUM,FRAME-E,F2040-A,B1,210.0,150.0,320.0,85.0,125.0,48.0,L_SMALL,BELOW,70.0,60.0,C1,11.5,10.0,10.0,10.0,10.0,9.0,10.0,12.0,260.0,290.0,True,True,0.0,CONDITIONAL_PASS_CANDIDATE,
S5-L_SMALL-BELOW-X75,5,B,MOTOR_MEDIUM,FRAME-E,F2040-A,B1,210.0,150.0,320.0,85.0,125.0,48.0,L_SMALL,BELOW,75.0,60.0,C1,11.5,15.0,10.0,15.0,10.0,9.0,10.0,12.0,260.0,290.0,True,True,1.0,CONDITIONAL_PASS_CANDIDATE,
S5-L_SMALL-BELOW-X80,5,B,MOTOR_MEDIUM,FRAME-E,F2040-A,B1,210.0,150.0,320.0,85.0,125.0,48.0,L_SMALL,BELOW,80.0,60.0,C1,11.5,20.0,10.0,20.0,10.0,9.0,10.0,12.0,260.0,290.0,True,True,2.0,CONDITIONAL_PASS_CANDIDATE,
S5-L_SMALL-FORE_AFT_X-X00,5,B,MOTOR_MEDIUM,FRAME-E,F2040-A,B1,210.0,150.0,320.0,85.0,125.0,48.0,L_SMALL,FORE_AFT_X,0.0,60.0,C1,11.5,-60.0,10.0,-60.0,10.0,9.0,10.0,12.0,260.0,290.0,False,False,14.0,FAIL_ENVELOPE_CONTRACT,PTO_L_BRACKET_CLEARANCE_LT_8
S5-L_SMALL-FORE_AFT_X-X05,5,B,MOTOR_MEDIUM,FRAME-E,F2040-A,B1,210.0,150.0,320.0,85.0,125.0,48.0,L_SMALL,FORE_AFT_X,5.0,60.0,C1,11.5,-55.0,10.0,-55.0,10.0,9.0,10.0,12.0,260.0,290.0,False,False,13.0,FAIL_ENVELOPE_CONTRACT,PTO_L_BRACKET_CLEARANCE_LT_8
S5-L_SMALL-FORE_AFT_X-X10,5,B,MOTOR_MEDIUM,FRAME-E,F2040-A,B1,210.0,150.0,320.0,85.0,125.0,48.0,L_SMALL,FORE_AFT_X,10.0,60.0,C1,11.5,-50.0,10.0,-50.0,10.0,9.0,10.0,12.0,260.0,290.0,False,False,12.0,FAIL_ENVELOPE_CONTRACT,PTO_L_BRACKET_CLEARANCE_LT_8
S5-L_SMALL-FORE_AFT_X-X15,5,B,MOTOR_MEDIUM,FRAME-E,F2040-A,B1,210.0,150.0,320.0,85.0,125.0,48.0,L_SMALL,FORE_AFT_X,15.0,60.0,C1,11.5,-45.0,10.0,-45.0,10.0,9.0,10.0,12.0,260.0,290.0,False,False,11.0,FAIL_ENVELOPE_CONTRACT,PTO_L_BRACKET_CLEARANCE_LT_8
S5-L_SMALL-FORE_AFT_X-X20,5,B,MOTOR_MEDIUM,FRAME-E,F2040-A,B1,210.0,150.0,320.0,85.0,125.0,48.0,L_SMALL,FORE_AFT_X,20.0,60.0,C1,11.5,-40.0,10.0,-40.0,10.0,9.0,10.0,12.0,260.0,290.0,False,False,10.0,FAIL_ENVELOPE_CONTRACT,PTO_L_BRACKET_CLEARANCE_LT_8
S5-L_SMALL-FORE_AFT_X-X25,5,B,MOTOR_MEDIUM,FRAME-E,F2040-A,B1,210.0,150.0,320.0,85.0,125.0,48.0,L_SMALL,FORE_AFT_X,25.0,60.0,C1,11.5,-35.0,10.0,-35.0,10.0,9.0,10.0,12.0,260.0,290.0,False,False,9.0,FAIL_ENVELOPE_CONTRACT,PTO_L_BRACKET_CLEARANCE_LT_8
S5-L_SMALL-FORE_AFT_X-X30,5,B,MOTOR_MEDIUM,FRAME-E,F2040-A,B1,210.0,150.0,320.0,85.0,125.0,48.0,L_SMALL,FORE_AFT_X,30.0,60.0,C1,11.5,-30.0,10.0,-30.0,10.0,9.0,10.0,12.0,260.0,290.0,False,False,8.0,FAIL_ENVELOPE_CONTRACT,PTO_L_BRACKET_CLEARANCE_LT_8
S5-L_SMALL-FORE_AFT_X-X35,5,B,MOTOR_MEDIUM,FRAME-E,F2040-A,B1,210.0,150.0,320.0,85.0,125.0,48.0,L_SMALL,FORE_AFT_X,35.0,60.0,C1,11.5,-25.0,10.0,-25.0,10.0,9.0,10.0,12.0,260.0,290.0,False,False,7.0,FAIL_ENVELOPE_CONTRACT,PTO_L_BRACKET_CLEARANCE_LT_8
S5-L_SMALL-FORE_AFT_X-X40,5,B,MOTOR_MEDIUM,FRAME-E,F2040-A,B1,210.0,150.0,320.0,85.0,125.0,48.0,L_SMALL,FORE_AFT_X,40.0,60.0,C1,11.5,-20.0,10.0,-20.0,10.0,9.0,10.0,12.0,260.0,290.0,False,False,6.0,FAIL_ENVELOPE_CONTRACT,PTO_L_BRACKET_CLEARANCE_LT_8
S5-L_SMALL-FORE_AFT_X-X45,5,B,MOTOR_MEDIUM,FRAME-E,F2040-A,B1,210.0,150.0,320.0,85.0,125.0,48.0,L_SMALL,FORE_AFT_X,45.0,60.0,C1,11.5,-15.0,10.0,-15.0,10.0,9.0,10.0,12.0,260.0,290.0,False,False,5.0,FAIL_ENVELOPE_CONTRACT,PTO_L_BRACKET_CLEARANCE_LT_8
S5-L_SMALL-FORE_AFT_X-X50,5,B,MOTOR_MEDIUM,FRAME-E,F2040-A,B1,210.0,150.0,320.0,85.0,125.0,48.0,L_SMALL,FORE_AFT_X,50.0,60.0,C1,11.5,-10.0,10.0,-10.0,10.0,9.0,10.0,12.0,260.0,290.0,False,False,4.0,FAIL_ENVELOPE_CONTRACT,PTO_L_BRACKET_CLEARANCE_LT_8
S5-L_SMALL-FORE_AFT_X-X55,5,B,MOTOR_MEDIUM,FRAME-E,F2040-A,B1,210.0,150.0,320.0,85.0,125.0,48.0,L_SMALL,FORE_AFT_X,55.0,60.0,C1,11.5,-5.0,10.0,-5.0,10.0,9.0,10.0,12.0,260.0,290.0,False,False,3.0,FAIL_ENVELOPE_CONTRACT,PTO_L_BRACKET_CLEARANCE_LT_8
S5-L_SMALL-FORE_AFT_X-X60,5,B,MOTOR_MEDIUM,FRAME-E,F2040-A,B1,210.0,150.0,320.0,85.0,125.0,48.0,L_SMALL,FORE_AFT_X,60.0,60.0,C1,11.5,0.0,10.0,0.0,10.0,9.0,10.0,12.0,260.0,290.0,False,False,2.0,FAIL_ENVELOPE_CONTRACT,PTO_L_BRACKET_CLEARANCE_LT_8
S5-L_SMALL-FORE_AFT_X-X65,5,B,MOTOR_MEDIUM,FRAME-E,F2040-A,B1,210.0,150.0,320.0,85.0,125.0,48.0,L_SMALL,FORE_AFT_X,65.0,60.0,C1,11.5,5.0,10.0,5.0,10.0,9.0,10.0,12.0,260.0,290.0,False,False,1.0,FAIL_ENVELOPE_CONTRACT,PTO_L_BRACKET_CLEARANCE_LT_8
S5-L_SMALL-FORE_AFT_X-X70,5,B,MOTOR_MEDIUM,FRAME-E,F2040-A,B1,210.0,150.0,320.0,85.0,125.0,48.0,L_SMALL,FORE_AFT_X,70.0,60.0,C1,11.5,10.0,10.0,10.0,10.0,9.0,10.0,12.0,260.0,290.0,True,True,0.0,CONDITIONAL_PASS_CANDIDATE,
S5-L_SMALL-FORE_AFT_X-X75,5,B,MOTOR_MEDIUM,FRAME-E,F2040-A,B1,210.0,150.0,320.0,85.0,125.0,48.0,L_SMALL,FORE_AFT_X,75.0,60.0,C1,11.5,15.0,10.0,15.0,10.0,9.0,10.0,12.0,260.0,290.0,True,True,1.0,CONDITIONAL_PASS_CANDIDATE,
S5-L_SMALL-FORE_AFT_X-X80,5,B,MOTOR_MEDIUM,FRAME-E,F2040-A,B1,210.0,150.0,320.0,85.0,125.0,48.0,L_SMALL,FORE_AFT_X,80.0,60.0,C1,11.5,20.0,10.0,20.0,10.0,9.0,10.0,12.0,260.0,290.0,True,True,2.0,CONDITIONAL_PASS_CANDIDATE,
S5-L_SMALL-PLATE_BACK-X00,5,B,MOTOR_MEDIUM,FRAME-E,F2040-A,B1,210.0,150.0,320.0,85.0,125.0,48.0,L_SMALL,PLATE_BACK,0.0,60.0,C1,11.5,-60.0,10.0,-60.0,10.0,9.0,10.0,12.0,260.0,290.0,False,False,14.0,FAIL_ENVELOPE_CONTRACT,PTO_L_BRACKET_CLEARANCE_LT_8
S5-L_SMALL-PLATE_BACK-X05,5,B,MOTOR_MEDIUM,FRAME-E,F2040-A,B1,210.0,150.0,320.0,85.0,125.0,48.0,L_SMALL,PLATE_BACK,5.0,60.0,C1,11.5,-55.0,10.0,-55.0,10.0,9.0,10.0,12.0,260.0,290.0,False,False,13.0,FAIL_ENVELOPE_CONTRACT,PTO_L_BRACKET_CLEARANCE_LT_8
S5-L_SMALL-PLATE_BACK-X10,5,B,MOTOR_MEDIUM,FRAME-E,F2040-A,B1,210.0,150.0,320.0,85.0,125.0,48.0,L_SMALL,PLATE_BACK,10.0,60.0,C1,11.5,-50.0,10.0,-50.0,10.0,9.0,10.0,12.0,260.0,290.0,False,False,12.0,FAIL_ENVELOPE_CONTRACT,PTO_L_BRACKET_CLEARANCE_LT_8
S5-L_SMALL-PLATE_BACK-X15,5,B,MOTOR_MEDIUM,FRAME-E,F2040-A,B1,210.0,150.0,320.0,85.0,125.0,48.0,L_SMALL,PLATE_BACK,15.0,60.0,C1,11.5,-45.0,10.0,-45.0,10.0,9.0,10.0,12.0,260.0,290.0,False,False,11.0,FAIL_ENVELOPE_CONTRACT,PTO_L_BRACKET_CLEARANCE_LT_8
S5-L_SMALL-PLATE_BACK-X20,5,B,MOTOR_MEDIUM,FRAME-E,F2040-A,B1,210.0,150.0,320.0,85.0,125.0,48.0,L_SMALL,PLATE_BACK,20.0,60.0,C1,11.5,-40.0,10.0,-40.0,10.0,9.0,10.0,12.0,260.0,290.0,False,False,10.0,FAIL_ENVELOPE_CONTRACT,PTO_L_BRACKET_CLEARANCE_LT_8
S5-L_SMALL-PLATE_BACK-X25,5,B,MOTOR_MEDIUM,FRAME-E,F2040-A,B1,210.0,150.0,320.0,85.0,125.0,48.0,L_SMALL,PLATE_BACK,25.0,60.0,C1,11.5,-35.0,10.0,-35.0,10.0,9.0,10.0,12.0,260.0,290.0,False,False,9.0,FAIL_ENVELOPE_CONTRACT,PTO_L_BRACKET_CLEARANCE_LT_8
S5-L_SMALL-PLATE_BACK-X30,5,B,MOTOR_MEDIUM,FRAME-E,F2040-A,B1,210.0,150.0,320.0,85.0,125.0,48.0,L_SMALL,PLATE_BACK,30.0,60.0,C1,11.5,-30.0,10.0,-30.0,10.0,9.0,10.0,12.0,260.0,290.0,False,False,8.0,FAIL_ENVELOPE_CONTRACT,PTO_L_BRACKET_CLEARANCE_LT_8
S5-L_SMALL-PLATE_BACK-X35,5,B,MOTOR_MEDIUM,FRAME-E,F2040-A,B1,210.0,150.0,320.0,85.0,125.0,48.0,L_SMALL,PLATE_BACK,35.0,60.0,C1,11.5,-25.0,10.0,-25.0,10.0,9.0,10.0,12.0,260.0,290.0,False,False,7.0,FAIL_ENVELOPE_CONTRACT,PTO_L_BRACKET_CLEARANCE_LT_8
S5-L_SMALL-PLATE_BACK-X40,5,B,MOTOR_MEDIUM,FRAME-E,F2040-A,B1,210.0,150.0,320.0,85.0,125.0,48.0,L_SMALL,PLATE_BACK,40.0,60.0,C1,11.5,-20.0,10.0,-20.0,10.0,9.0,10.0,12.0,260.0,290.0,False,False,6.0,FAIL_ENVELOPE_CONTRACT,PTO_L_BRACKET_CLEARANCE_LT_8
S5-L_SMALL-PLATE_BACK-X45,5,B,MOTOR_MEDIUM,FRAME-E,F2040-A,B1,210.0,150.0,320.0,85.0,125.0,48.0,L_SMALL,PLATE_BACK,45.0,60.0,C1,11.5,-15.0,10.0,-15.0,10.0,9.0,10.0,12.0,260.0,290.0,False,False,5.0,FAIL_ENVELOPE_CONTRACT,PTO_L_BRACKET_CLEARANCE_LT_8
S5-L_SMALL-PLATE_BACK-X50,5,B,MOTOR_MEDIUM,FRAME-E,F2040-A,B1,210.0,150.0,320.0,85.0,125.0,48.0,L_SMALL,PLATE_BACK,50.0,60.0,C1,11.5,-10.0,10.0,-10.0,10.0,9.0,10.0,12.0,260.0,290.0,False,False,4.0,FAIL_ENVELOPE_CONTRACT,PTO_L_BRACKET_CLEARANCE_LT_8
S5-L_SMALL-PLATE_BACK-X55,5,B,MOTOR_MEDIUM,FRAME-E,F2040-A,B1,210.0,150.0,320.0,85.0,125.0,48.0,L_SMALL,PLATE_BACK,55.0,60.0,C1,11.5,-5.0,10.0,-5.0,10.0,9.0,10.0,12.0,260.0,290.0,False,False,3.0,FAIL_ENVELOPE_CONTRACT,PTO_L_BRACKET_CLEARANCE_LT_8
S5-L_SMALL-PLATE_BACK-X60,5,B,MOTOR_MEDIUM,FRAME-E,F2040-A,B1,210.0,150.0,320.0,85.0,125.0,48.0,L_SMALL,PLATE_BACK,60.0,60.0,C1,11.5,0.0,10.0,0.0,10.0,9.0,10.0,12.0,260.0,290.0,False,False,2.0,FAIL_ENVELOPE_CONTRACT,PTO_L_BRACKET_CLEARANCE_LT_8
S5-L_SMALL-PLATE_BACK-X65,5,B,MOTOR_MEDIUM,FRAME-E,F2040-A,B1,210.0,150.0,320.0,85.0,125.0,48.0,L_SMALL,PLATE_BACK,65.0,60.0,C1,11.5,5.0,10.0,5.0,10.0,9.0,10.0,12.0,260.0,290.0,False,False,1.0,FAIL_ENVELOPE_CONTRACT,PTO_L_BRACKET_CLEARANCE_LT_8
S5-L_SMALL-PLATE_BACK-X70,5,B,MOTOR_MEDIUM,FRAME-E,F2040-A,B1,210.0,150.0,320.0,85.0,125.0,48.0,L_SMALL,PLATE_BACK,70.0,60.0,C1,11.5,10.0,10.0,10.0,10.0,9.0,10.0,12.0,260.0,290.0,True,True,0.0,CONDITIONAL_PASS_CANDIDATE,
S5-L_SMALL-PLATE_BACK-X75,5,B,MOTOR_MEDIUM,FRAME-E,F2040-A,B1,210.0,150.0,320.0,85.0,125.0,48.0,L_SMALL,PLATE_BACK,75.0,60.0,C1,11.5,15.0,10.0,15.0,10.0,9.0,10.0,12.0,260.0,290.0,True,True,1.0,CONDITIONAL_PASS_CANDIDATE,
S5-L_SMALL-PLATE_BACK-X80,5,B,MOTOR_MEDIUM,FRAME-E,F2040-A,B1,210.0,150.0,320.0,85.0,125.0,48.0,L_SMALL,PLATE_BACK,80.0,60.0,C1,11.5,20.0,10.0,20.0,10.0,9.0,10.0,12.0,260.0,290.0,True,True,2.0,CONDITIONAL_PASS_CANDIDATE,
S5-L_MEDIUM-ABOVE-X00,5,B,MOTOR_MEDIUM,FRAME-E,F2040-A,B1,210.0,150.0,320.0,85.0,125.0,48.0,L_MEDIUM,ABOVE,0.0,60.0,C1,11.5,-60.0,10.0,-60.0,10.0,9.0,10.0,12.0,260.0,290.0,False,False,14.0,FAIL_ENVELOPE_CONTRACT,PTO_L_BRACKET_CLEARANCE_LT_8
S5-L_MEDIUM-ABOVE-X05,5,B,MOTOR_MEDIUM,FRAME-E,F2040-A,B1,210.0,150.0,320.0,85.0,125.0,48.0,L_MEDIUM,ABOVE,5.0,60.0,C1,11.5,-55.0,10.0,-55.0,10.0,9.0,10.0,12.0,260.0,290.0,False,False,13.0,FAIL_ENVELOPE_CONTRACT,PTO_L_BRACKET_CLEARANCE_LT_8
S5-L_MEDIUM-ABOVE-X10,5,B,MOTOR_MEDIUM,FRAME-E,F2040-A,B1,210.0,150.0,320.0,85.0,125.0,48.0,L_MEDIUM,ABOVE,10.0,60.0,C1,11.5,-50.0,10.0,-50.0,10.0,9.0,10.0,12.0,260.0,290.0,False,False,12.0,FAIL_ENVELOPE_CONTRACT,PTO_L_BRACKET_CLEARANCE_LT_8
S5-L_MEDIUM-ABOVE-X15,5,B,MOTOR_MEDIUM,FRAME-E,F2040-A,B1,210.0,150.0,320.0,85.0,125.0,48.0,L_MEDIUM,ABOVE,15.0,60.0,C1,11.5,-45.0,10.0,-45.0,10.0,9.0,10.0,12.0,260.0,290.0,False,False,11.0,FAIL_ENVELOPE_CONTRACT,PTO_L_BRACKET_CLEARANCE_LT_8
S5-L_MEDIUM-ABOVE-X20,5,B,MOTOR_MEDIUM,FRAME-E,F2040-A,B1,210.0,150.0,320.0,85.0,125.0,48.0,L_MEDIUM,ABOVE,20.0,60.0,C1,11.5,-40.0,10.0,-40.0,10.0,9.0,10.0,12.0,260.0,290.0,False,False,10.0,FAIL_ENVELOPE_CONTRACT,PTO_L_BRACKET_CLEARANCE_LT_8
S5-L_MEDIUM-ABOVE-X25,5,B,MOTOR_MEDIUM,FRAME-E,F2040-A,B1,210.0,150.0,320.0,85.0,125.0,48.0,L_MEDIUM,ABOVE,25.0,60.0,C1,11.5,-35.0,10.0,-35.0,10.0,9.0,10.0,12.0,260.0,290.0,False,False,9.0,FAIL_ENVELOPE_CONTRACT,PTO_L_BRACKET_CLEARANCE_LT_8
S5-L_MEDIUM-ABOVE-X30,5,B,MOTOR_MEDIUM,FRAME-E,F2040-A,B1,210.0,150.0,320.0,85.0,125.0,48.0,L_MEDIUM,ABOVE,30.0,60.0,C1,11.5,-30.0,10.0,-30.0,10.0,9.0,10.0,12.0,260.0,290.0,False,False,8.0,FAIL_ENVELOPE_CONTRACT,PTO_L_BRACKET_CLEARANCE_LT_8
S5-L_MEDIUM-ABOVE-X35,5,B,MOTOR_MEDIUM,FRAME-E,F2040-A,B1,210.0,150.0,320.0,85.0,125.0,48.0,L_MEDIUM,ABOVE,35.0,60.0,C1,11.5,-25.0,10.0,-25.0,10.0,9.0,10.0,12.0,260.0,290.0,False,False,7.0,FAIL_ENVELOPE_CONTRACT,PTO_L_BRACKET_CLEARANCE_LT_8
S5-L_MEDIUM-ABOVE-X40,5,B,MOTOR_MEDIUM,FRAME-E,F2040-A,B1,210.0,150.0,320.0,85.0,125.0,48.0,L_MEDIUM,ABOVE,40.0,60.0,C1,11.5,-20.0,10.0,-20.0,10.0,9.0,10.0,12.0,260.0,290.0,False,False,6.0,FAIL_ENVELOPE_CONTRACT,PTO_L_BRACKET_CLEARANCE_LT_8
S5-L_MEDIUM-ABOVE-X45,5,B,MOTOR_MEDIUM,FRAME-E,F2040-A,B1,210.0,150.0,320.0,85.0,125.0,48.0,L_MEDIUM,ABOVE,45.0,60.0,C1,11.5,-15.0,10.0,-15.0,10.0,9.0,10.0,12.0,260.0,290.0,False,False,5.0,FAIL_ENVELOPE_CONTRACT,PTO_L_BRACKET_CLEARANCE_LT_8
S5-L_MEDIUM-ABOVE-X50,5,B,MOTOR_MEDIUM,FRAME-E,F2040-A,B1,210.0,150.0,320.0,85.0,125.0,48.0,L_MEDIUM,ABOVE,50.0,60.0,C1,11.5,-10.0,10.0,-10.0,10.0,9.0,10.0,12.0,260.0,290.0,False,False,4.0,FAIL_ENVELOPE_CONTRACT,PTO_L_BRACKET_CLEARANCE_LT_8
S5-L_MEDIUM-ABOVE-X55,5,B,MOTOR_MEDIUM,FRAME-E,F2040-A,B1,210.0,150.0,320.0,85.0,125.0,48.0,L_MEDIUM,ABOVE,55.0,60.0,C1,11.5,-5.0,10.0,-5.0,10.0,9.0,10.0,12.0,260.0,290.0,False,False,3.0,FAIL_ENVELOPE_CONTRACT,PTO_L_BRACKET_CLEARANCE_LT_8
S5-L_MEDIUM-ABOVE-X60,5,B,MOTOR_MEDIUM,FRAME-E,F2040-A,B1,210.0,150.0,320.0,85.0,125.0,48.0,L_MEDIUM,ABOVE,60.0,60.0,C1,11.5,0.0,10.0,0.0,10.0,9.0,10.0,12.0,260.0,290.0,False,False,2.0,FAIL_ENVELOPE_CONTRACT,PTO_L_BRACKET_CLEARANCE_LT_8
S5-L_MEDIUM-ABOVE-X65,5,B,MOTOR_MEDIUM,FRAME-E,F2040-A,B1,210.0,150.0,320.0,85.0,125.0,48.0,L_MEDIUM,ABOVE,65.0,60.0,C1,11.5,5.0,10.0,5.0,10.0,9.0,10.0,12.0,260.0,290.0,False,False,1.0,FAIL_ENVELOPE_CONTRACT,PTO_L_BRACKET_CLEARANCE_LT_8
S5-L_MEDIUM-ABOVE-X70,5,B,MOTOR_MEDIUM,FRAME-E,F2040-A,B1,210.0,150.0,320.0,85.0,125.0,48.0,L_MEDIUM,ABOVE,70.0,60.0,C1,11.5,10.0,10.0,10.0,10.0,9.0,10.0,12.0,260.0,290.0,True,True,0.0,CONDITIONAL_PASS_CANDIDATE,
S5-L_MEDIUM-ABOVE-X75,5,B,MOTOR_MEDIUM,FRAME-E,F2040-A,B1,210.0,150.0,320.0,85.0,125.0,48.0,L_MEDIUM,ABOVE,75.0,60.0,C1,11.5,15.0,10.0,15.0,10.0,9.0,10.0,12.0,260.0,290.0,True,True,1.0,CONDITIONAL_PASS_CANDIDATE,
S5-L_MEDIUM-ABOVE-X80,5,B,MOTOR_MEDIUM,FRAME-E,F2040-A,B1,210.0,150.0,320.0,85.0,125.0,48.0,L_MEDIUM,ABOVE,80.0,60.0,C1,11.5,20.0,10.0,20.0,10.0,9.0,10.0,12.0,260.0,290.0,True,True,2.0,CONDITIONAL_PASS_CANDIDATE,
S5-L_MEDIUM-BELOW-X00,5,B,MOTOR_MEDIUM,FRAME-E,F2040-A,B1,210.0,150.0,320.0,85.0,125.0,48.0,L_MEDIUM,BELOW,0.0,60.0,C1,11.5,-60.0,10.0,-60.0,10.0,9.0,10.0,12.0,260.0,290.0,False,False,14.0,FAIL_ENVELOPE_CONTRACT,PTO_L_BRACKET_CLEARANCE_LT_8
S5-L_MEDIUM-BELOW-X05,5,B,MOTOR_MEDIUM,FRAME-E,F2040-A,B1,210.0,150.0,320.0,85.0,125.0,48.0,L_MEDIUM,BELOW,5.0,60.0,C1,11.5,-55.0,10.0,-55.0,10.0,9.0,10.0,12.0,260.0,290.0,False,False,13.0,FAIL_ENVELOPE_CONTRACT,PTO_L_BRACKET_CLEARANCE_LT_8
S5-L_MEDIUM-BELOW-X10,5,B,MOTOR_MEDIUM,FRAME-E,F2040-A,B1,210.0,150.0,320.0,85.0,125.0,48.0,L_MEDIUM,BELOW,10.0,60.0,C1,11.5,-50.0,10.0,-50.0,10.0,9.0,10.0,12.0,260.0,290.0,False,False,12.0,FAIL_ENVELOPE_CONTRACT,PTO_L_BRACKET_CLEARANCE_LT_8
S5-L_MEDIUM-BELOW-X15,5,B,MOTOR_MEDIUM,FRAME-E,F2040-A,B1,210.0,150.0,320.0,85.0,125.0,48.0,L_MEDIUM,BELOW,15.0,60.0,C1,11.5,-45.0,10.0,-45.0,10.0,9.0,10.0,12.0,260.0,290.0,False,False,11.0,FAIL_ENVELOPE_CONTRACT,PTO_L_BRACKET_CLEARANCE_LT_8
S5-L_MEDIUM-BELOW-X20,5,B,MOTOR_MEDIUM,FRAME-E,F2040-A,B1,210.0,150.0,320.0,85.0,125.0,48.0,L_MEDIUM,BELOW,20.0,60.0,C1,11.5,-40.0,10.0,-40.0,10.0,9.0,10.0,12.0,260.0,290.0,False,False,10.0,FAIL_ENVELOPE_CONTRACT,PTO_L_BRACKET_CLEARANCE_LT_8
S5-L_MEDIUM-BELOW-X25,5,B,MOTOR_MEDIUM,FRAME-E,F2040-A,B1,210.0,150.0,320.0,85.0,125.0,48.0,L_MEDIUM,BELOW,25.0,60.0,C1,11.5,-35.0,10.0,-35.0,10.0,9.0,10.0,12.0,260.0,290.0,False,False,9.0,FAIL_ENVELOPE_CONTRACT,PTO_L_BRACKET_CLEARANCE_LT_8
S5-L_MEDIUM-BELOW-X30,5,B,MOTOR_MEDIUM,FRAME-E,F2040-A,B1,210.0,150.0,320.0,85.0,125.0,48.0,L_MEDIUM,BELOW,30.0,60.0,C1,11.5,-30.0,10.0,-30.0,10.0,9.0,10.0,12.0,260.0,290.0,False,False,8.0,FAIL_ENVELOPE_CONTRACT,PTO_L_BRACKET_CLEARANCE_LT_8
S5-L_MEDIUM-BELOW-X35,5,B,MOTOR_MEDIUM,FRAME-E,F2040-A,B1,210.0,150.0,320.0,85.0,125.0,48.0,L_MEDIUM,BELOW,35.0,60.0,C1,11.5,-25.0,10.0,-25.0,10.0,9.0,10.0,12.0,260.0,290.0,False,False,7.0,FAIL_ENVELOPE_CONTRACT,PTO_L_BRACKET_CLEARANCE_LT_8
S5-L_MEDIUM-BELOW-X40,5,B,MOTOR_MEDIUM,FRAME-E,F2040-A,B1,210.0,150.0,320.0,85.0,125.0,48.0,L_MEDIUM,BELOW,40.0,60.0,C1,11.5,-20.0,10.0,-20.0,10.0,9.0,10.0,12.0,260.0,290.0,False,False,6.0,FAIL_ENVELOPE_CONTRACT,PTO_L_BRACKET_CLEARANCE_LT_8
S5-L_MEDIUM-BELOW-X45,5,B,MOTOR_MEDIUM,FRAME-E,F2040-A,B1,210.0,150.0,320.0,85.0,125.0,48.0,L_MEDIUM,BELOW,45.0,60.0,C1,11.5,-15.0,10.0,-15.0,10.0,9.0,10.0,12.0,260.0,290.0,False,False,5.0,FAIL_ENVELOPE_CONTRACT,PTO_L_BRACKET_CLEARANCE_LT_8
S5-L_MEDIUM-BELOW-X50,5,B,MOTOR_MEDIUM,FRAME-E,F2040-A,B1,210.0,150.0,320.0,85.0,125.0,48.0,L_MEDIUM,BELOW,50.0,60.0,C1,11.5,-10.0,10.0,-10.0,10.0,9.0,10.0,12.0,260.0,290.0,False,False,4.0,FAIL_ENVELOPE_CONTRACT,PTO_L_BRACKET_CLEARANCE_LT_8
S5-L_MEDIUM-BELOW-X55,5,B,MOTOR_MEDIUM,FRAME-E,F2040-A,B1,210.0,150.0,320.0,85.0,125.0,48.0,L_MEDIUM,BELOW,55.0,60.0,C1,11.5,-5.0,10.0,-5.0,10.0,9.0,10.0,12.0,260.0,290.0,False,False,3.0,FAIL_ENVELOPE_CONTRACT,PTO_L_BRACKET_CLEARANCE_LT_8
S5-L_MEDIUM-BELOW-X60,5,B,MOTOR_MEDIUM,FRAME-E,F2040-A,B1,210.0,150.0,320.0,85.0,125.0,48.0,L_MEDIUM,BELOW,60.0,60.0,C1,11.5,0.0,10.0,0.0,10.0,9.0,10.0,12.0,260.0,290.0,False,False,2.0,FAIL_ENVELOPE_CONTRACT,PTO_L_BRACKET_CLEARANCE_LT_8
S5-L_MEDIUM-BELOW-X65,5,B,MOTOR_MEDIUM,FRAME-E,F2040-A,B1,210.0,150.0,320.0,85.0,125.0,48.0,L_MEDIUM,BELOW,65.0,60.0,C1,11.5,5.0,10.0,5.0,10.0,9.0,10.0,12.0,260.0,290.0,False,False,1.0,FAIL_ENVELOPE_CONTRACT,PTO_L_BRACKET_CLEARANCE_LT_8
S5-L_MEDIUM-BELOW-X70,5,B,MOTOR_MEDIUM,FRAME-E,F2040-A,B1,210.0,150.0,320.0,85.0,125.0,48.0,L_MEDIUM,BELOW,70.0,60.0,C1,11.5,10.0,10.0,10.0,10.0,9.0,10.0,12.0,260.0,290.0,True,True,0.0,CONDITIONAL_PASS_CANDIDATE,
S5-L_MEDIUM-BELOW-X75,5,B,MOTOR_MEDIUM,FRAME-E,F2040-A,B1,210.0,150.0,320.0,85.0,125.0,48.0,L_MEDIUM,BELOW,75.0,60.0,C1,11.5,15.0,10.0,15.0,10.0,9.0,10.0,12.0,260.0,290.0,True,True,1.0,CONDITIONAL_PASS_CANDIDATE,
S5-L_MEDIUM-BELOW-X80,5,B,MOTOR_MEDIUM,FRAME-E,F2040-A,B1,210.0,150.0,320.0,85.0,125.0,48.0,L_MEDIUM,BELOW,80.0,60.0,C1,11.5,20.0,10.0,20.0,10.0,9.0,10.0,12.0,260.0,290.0,True,True,2.0,CONDITIONAL_PASS_CANDIDATE,
S5-L_MEDIUM-FORE_AFT_X-X00,5,B,MOTOR_MEDIUM,FRAME-E,F2040-A,B1,210.0,150.0,320.0,85.0,125.0,48.0,L_MEDIUM,FORE_AFT_X,0.0,60.0,C1,11.5,-60.0,10.0,-60.0,10.0,9.0,10.0,12.0,260.0,290.0,False,False,14.0,FAIL_ENVELOPE_CONTRACT,PTO_L_BRACKET_CLEARANCE_LT_8
S5-L_MEDIUM-FORE_AFT_X-X05,5,B,MOTOR_MEDIUM,FRAME-E,F2040-A,B1,210.0,150.0,320.0,85.0,125.0,48.0,L_MEDIUM,FORE_AFT_X,5.0,60.0,C1,11.5,-55.0,10.0,-55.0,10.0,9.0,10.0,12.0,260.0,290.0,False,False,13.0,FAIL_ENVELOPE_CONTRACT,PTO_L_BRACKET_CLEARANCE_LT_8
S5-L_MEDIUM-FORE_AFT_X-X10,5,B,MOTOR_MEDIUM,FRAME-E,F2040-A,B1,210.0,150.0,320.0,85.0,125.0,48.0,L_MEDIUM,FORE_AFT_X,10.0,60.0,C1,11.5,-50.0,10.0,-50.0,10.0,9.0,10.0,12.0,260.0,290.0,False,False,12.0,FAIL_ENVELOPE_CONTRACT,PTO_L_BRACKET_CLEARANCE_LT_8
S5-L_MEDIUM-FORE_AFT_X-X15,5,B,MOTOR_MEDIUM,FRAME-E,F2040-A,B1,210.0,150.0,320.0,85.0,125.0,48.0,L_MEDIUM,FORE_AFT_X,15.0,60.0,C1,11.5,-45.0,10.0,-45.0,10.0,9.0,10.0,12.0,260.0,290.0,False,False,11.0,FAIL_ENVELOPE_CONTRACT,PTO_L_BRACKET_CLEARANCE_LT_8
S5-L_MEDIUM-FORE_AFT_X-X20,5,B,MOTOR_MEDIUM,FRAME-E,F2040-A,B1,210.0,150.0,320.0,85.0,125.0,48.0,L_MEDIUM,FORE_AFT_X,20.0,60.0,C1,11.5,-40.0,10.0,-40.0,10.0,9.0,10.0,12.0,260.0,290.0,False,False,10.0,FAIL_ENVELOPE_CONTRACT,PTO_L_BRACKET_CLEARANCE_LT_8
S5-L_MEDIUM-FORE_AFT_X-X25,5,B,MOTOR_MEDIUM,FRAME-E,F2040-A,B1,210.0,150.0,320.0,85.0,125.0,48.0,L_MEDIUM,FORE_AFT_X,25.0,60.0,C1,11.5,-35.0,10.0,-35.0,10.0,9.0,10.0,12.0,260.0,290.0,False,False,9.0,FAIL_ENVELOPE_CONTRACT,PTO_L_BRACKET_CLEARANCE_LT_8
S5-L_MEDIUM-FORE_AFT_X-X30,5,B,MOTOR_MEDIUM,FRAME-E,F2040-A,B1,210.0,150.0,320.0,85.0,125.0,48.0,L_MEDIUM,FORE_AFT_X,30.0,60.0,C1,11.5,-30.0,10.0,-30.0,10.0,9.0,10.0,12.0,260.0,290.0,False,False,8.0,FAIL_ENVELOPE_CONTRACT,PTO_L_BRACKET_CLEARANCE_LT_8
S5-L_MEDIUM-FORE_AFT_X-X35,5,B,MOTOR_MEDIUM,FRAME-E,F2040-A,B1,210.0,150.0,320.0,85.0,125.0,48.0,L_MEDIUM,FORE_AFT_X,35.0,60.0,C1,11.5,-25.0,10.0,-25.0,10.0,9.0,10.0,12.0,260.0,290.0,False,False,7.0,FAIL_ENVELOPE_CONTRACT,PTO_L_BRACKET_CLEARANCE_LT_8
S5-L_MEDIUM-FORE_AFT_X-X40,5,B,MOTOR_MEDIUM,FRAME-E,F2040-A,B1,210.0,150.0,320.0,85.0,125.0,48.0,L_MEDIUM,FORE_AFT_X,40.0,60.0,C1,11.5,-20.0,10.0,-20.0,10.0,9.0,10.0,12.0,260.0,290.0,False,False,6.0,FAIL_ENVELOPE_CONTRACT,PTO_L_BRACKET_CLEARANCE_LT_8
S5-L_MEDIUM-FORE_AFT_X-X45,5,B,MOTOR_MEDIUM,FRAME-E,F2040-A,B1,210.0,150.0,320.0,85.0,125.0,48.0,L_MEDIUM,FORE_AFT_X,45.0,60.0,C1,11.5,-15.0,10.0,-15.0,10.0,9.0,10.0,12.0,260.0,290.0,False,False,5.0,FAIL_ENVELOPE_CONTRACT,PTO_L_BRACKET_CLEARANCE_LT_8
S5-L_MEDIUM-FORE_AFT_X-X50,5,B,MOTOR_MEDIUM,FRAME-E,F2040-A,B1,210.0,150.0,320.0,85.0,125.0,48.0,L_MEDIUM,FORE_AFT_X,50.0,60.0,C1,11.5,-10.0,10.0,-10.0,10.0,9.0,10.0,12.0,260.0,290.0,False,False,4.0,FAIL_ENVELOPE_CONTRACT,PTO_L_BRACKET_CLEARANCE_LT_8
S5-L_MEDIUM-FORE_AFT_X-X55,5,B,MOTOR_MEDIUM,FRAME-E,F2040-A,B1,210.0,150.0,320.0,85.0,125.0,48.0,L_MEDIUM,FORE_AFT_X,55.0,60.0,C1,11.5,-5.0,10.0,-5.0,10.0,9.0,10.0,12.0,260.0,290.0,False,False,3.0,FAIL_ENVELOPE_CONTRACT,PTO_L_BRACKET_CLEARANCE_LT_8
S5-L_MEDIUM-FORE_AFT_X-X60,5,B,MOTOR_MEDIUM,FRAME-E,F2040-A,B1,210.0,150.0,320.0,85.0,125.0,48.0,L_MEDIUM,FORE_AFT_X,60.0,60.0,C1,11.5,0.0,10.0,0.0,10.0,9.0,10.0,12.0,260.0,290.0,False,False,2.0,FAIL_ENVELOPE_CONTRACT,PTO_L_BRACKET_CLEARANCE_LT_8
S5-L_MEDIUM-FORE_AFT_X-X65,5,B,MOTOR_MEDIUM,FRAME-E,F2040-A,B1,210.0,150.0,320.0,85.0,125.0,48.0,L_MEDIUM,FORE_AFT_X,65.0,60.0,C1,11.5,5.0,10.0,5.0,10.0,9.0,10.0,12.0,260.0,290.0,False,False,1.0,FAIL_ENVELOPE_CONTRACT,PTO_L_BRACKET_CLEARANCE_LT_8
S5-L_MEDIUM-FORE_AFT_X-X70,5,B,MOTOR_MEDIUM,FRAME-E,F2040-A,B1,210.0,150.0,320.0,85.0,125.0,48.0,L_MEDIUM,FORE_AFT_X,70.0,60.0,C1,11.5,10.0,10.0,10.0,10.0,9.0,10.0,12.0,260.0,290.0,True,True,0.0,CONDITIONAL_PASS_CANDIDATE,
S5-L_MEDIUM-FORE_AFT_X-X75,5,B,MOTOR_MEDIUM,FRAME-E,F2040-A,B1,210.0,150.0,320.0,85.0,125.0,48.0,L_MEDIUM,FORE_AFT_X,75.0,60.0,C1,11.5,15.0,10.0,15.0,10.0,9.0,10.0,12.0,260.0,290.0,True,True,1.0,CONDITIONAL_PASS_CANDIDATE,
S5-L_MEDIUM-FORE_AFT_X-X80,5,B,MOTOR_MEDIUM,FRAME-E,F2040-A,B1,210.0,150.0,320.0,85.0,125.0,48.0,L_MEDIUM,FORE_AFT_X,80.0,60.0,C1,11.5,20.0,10.0,20.0,10.0,9.0,10.0,12.0,260.0,290.0,True,True,2.0,CONDITIONAL_PASS_CANDIDATE,
S5-L_MEDIUM-PLATE_BACK-X00,5,B,MOTOR_MEDIUM,FRAME-E,F2040-A,B1,210.0,150.0,320.0,85.0,125.0,48.0,L_MEDIUM,PLATE_BACK,0.0,60.0,C1,11.5,-60.0,10.0,-60.0,10.0,9.0,10.0,12.0,260.0,290.0,False,False,14.0,FAIL_ENVELOPE_CONTRACT,PTO_L_BRACKET_CLEARANCE_LT_8
S5-L_MEDIUM-PLATE_BACK-X05,5,B,MOTOR_MEDIUM,FRAME-E,F2040-A,B1,210.0,150.0,320.0,85.0,125.0,48.0,L_MEDIUM,PLATE_BACK,5.0,60.0,C1,11.5,-55.0,10.0,-55.0,10.0,9.0,10.0,12.0,260.0,290.0,False,False,13.0,FAIL_ENVELOPE_CONTRACT,PTO_L_BRACKET_CLEARANCE_LT_8
S5-L_MEDIUM-PLATE_BACK-X10,5,B,MOTOR_MEDIUM,FRAME-E,F2040-A,B1,210.0,150.0,320.0,85.0,125.0,48.0,L_MEDIUM,PLATE_BACK,10.0,60.0,C1,11.5,-50.0,10.0,-50.0,10.0,9.0,10.0,12.0,260.0,290.0,False,False,12.0,FAIL_ENVELOPE_CONTRACT,PTO_L_BRACKET_CLEARANCE_LT_8
S5-L_MEDIUM-PLATE_BACK-X15,5,B,MOTOR_MEDIUM,FRAME-E,F2040-A,B1,210.0,150.0,320.0,85.0,125.0,48.0,L_MEDIUM,PLATE_BACK,15.0,60.0,C1,11.5,-45.0,10.0,-45.0,10.0,9.0,10.0,12.0,260.0,290.0,False,False,11.0,FAIL_ENVELOPE_CONTRACT,PTO_L_BRACKET_CLEARANCE_LT_8
S5-L_MEDIUM-PLATE_BACK-X20,5,B,MOTOR_MEDIUM,FRAME-E,F2040-A,B1,210.0,150.0,320.0,85.0,125.0,48.0,L_MEDIUM,PLATE_BACK,20.0,60.0,C1,11.5,-40.0,10.0,-40.0,10.0,9.0,10.0,12.0,260.0,290.0,False,False,10.0,FAIL_ENVELOPE_CONTRACT,PTO_L_BRACKET_CLEARANCE_LT_8
S5-L_MEDIUM-PLATE_BACK-X25,5,B,MOTOR_MEDIUM,FRAME-E,F2040-A,B1,210.0,150.0,320.0,85.0,125.0,48.0,L_MEDIUM,PLATE_BACK,25.0,60.0,C1,11.5,-35.0,10.0,-35.0,10.0,9.0,10.0,12.0,260.0,290.0,False,False,9.0,FAIL_ENVELOPE_CONTRACT,PTO_L_BRACKET_CLEARANCE_LT_8
S5-L_MEDIUM-PLATE_BACK-X30,5,B,MOTOR_MEDIUM,FRAME-E,F2040-A,B1,210.0,150.0,320.0,85.0,125.0,48.0,L_MEDIUM,PLATE_BACK,30.0,60.0,C1,11.5,-30.0,10.0,-30.0,10.0,9.0,10.0,12.0,260.0,290.0,False,False,8.0,FAIL_ENVELOPE_CONTRACT,PTO_L_BRACKET_CLEARANCE_LT_8
S5-L_MEDIUM-PLATE_BACK-X35,5,B,MOTOR_MEDIUM,FRAME-E,F2040-A,B1,210.0,150.0,320.0,85.0,125.0,48.0,L_MEDIUM,PLATE_BACK,35.0,60.0,C1,11.5,-25.0,10.0,-25.0,10.0,9.0,10.0,12.0,260.0,290.0,False,False,7.0,FAIL_ENVELOPE_CONTRACT,PTO_L_BRACKET_CLEARANCE_LT_8
S5-L_MEDIUM-PLATE_BACK-X40,5,B,MOTOR_MEDIUM,FRAME-E,F2040-A,B1,210.0,150.0,320.0,85.0,125.0,48.0,L_MEDIUM,PLATE_BACK,40.0,60.0,C1,11.5,-20.0,10.0,-20.0,10.0,9.0,10.0,12.0,260.0,290.0,False,False,6.0,FAIL_ENVELOPE_CONTRACT,PTO_L_BRACKET_CLEARANCE_LT_8
S5-L_MEDIUM-PLATE_BACK-X45,5,B,MOTOR_MEDIUM,FRAME-E,F2040-A,B1,210.0,150.0,320.0,85.0,125.0,48.0,L_MEDIUM,PLATE_BACK,45.0,60.0,C1,11.5,-15.0,10.0,-15.0,10.0,9.0,10.0,12.0,260.0,290.0,False,False,5.0,FAIL_ENVELOPE_CONTRACT,PTO_L_BRACKET_CLEARANCE_LT_8
S5-L_MEDIUM-PLATE_BACK-X50,5,B,MOTOR_MEDIUM,FRAME-E,F2040-A,B1,210.0,150.0,320.0,85.0,125.0,48.0,L_MEDIUM,PLATE_BACK,50.0,60.0,C1,11.5,-10.0,10.0,-10.0,10.0,9.0,10.0,12.0,260.0,290.0,False,False,4.0,FAIL_ENVELOPE_CONTRACT,PTO_L_BRACKET_CLEARANCE_LT_8
S5-L_MEDIUM-PLATE_BACK-X55,5,B,MOTOR_MEDIUM,FRAME-E,F2040-A,B1,210.0,150.0,320.0,85.0,125.0,48.0,L_MEDIUM,PLATE_BACK,55.0,60.0,C1,11.5,-5.0,10.0,-5.0,10.0,9.0,10.0,12.0,260.0,290.0,False,False,3.0,FAIL_ENVELOPE_CONTRACT,PTO_L_BRACKET_CLEARANCE_LT_8
S5-L_MEDIUM-PLATE_BACK-X60,5,B,MOTOR_MEDIUM,FRAME-E,F2040-A,B1,210.0,150.0,320.0,85.0,125.0,48.0,L_MEDIUM,PLATE_BACK,60.0,60.0,C1,11.5,0.0,10.0,0.0,10.0,9.0,10.0,12.0,260.0,290.0,False,False,2.0,FAIL_ENVELOPE_CONTRACT,PTO_L_BRACKET_CLEARANCE_LT_8
S5-L_MEDIUM-PLATE_BACK-X65,5,B,MOTOR_MEDIUM,FRAME-E,F2040-A,B1,210.0,150.0,320.0,85.0,125.0,48.0,L_MEDIUM,PLATE_BACK,65.0,60.0,C1,11.5,5.0,10.0,5.0,10.0,9.0,10.0,12.0,260.0,290.0,False,False,1.0,FAIL_ENVELOPE_CONTRACT,PTO_L_BRACKET_CLEARANCE_LT_8
S5-L_MEDIUM-PLATE_BACK-X70,5,B,MOTOR_MEDIUM,FRAME-E,F2040-A,B1,210.0,150.0,320.0,85.0,125.0,48.0,L_MEDIUM,PLATE_BACK,70.0,60.0,C1,11.5,10.0,10.0,10.0,10.0,9.0,10.0,12.0,260.0,290.0,True,True,0.0,CONDITIONAL_PASS_CANDIDATE,
S5-L_MEDIUM-PLATE_BACK-X75,5,B,MOTOR_MEDIUM,FRAME-E,F2040-A,B1,210.0,150.0,320.0,85.0,125.0,48.0,L_MEDIUM,PLATE_BACK,75.0,60.0,C1,11.5,15.0,10.0,15.0,10.0,9.0,10.0,12.0,260.0,290.0,True,True,1.0,CONDITIONAL_PASS_CANDIDATE,
S5-L_MEDIUM-PLATE_BACK-X80,5,B,MOTOR_MEDIUM,FRAME-E,F2040-A,B1,210.0,150.0,320.0,85.0,125.0,48.0,L_MEDIUM,PLATE_BACK,80.0,60.0,C1,11.5,20.0,10.0,20.0,10.0,9.0,10.0,12.0,260.0,290.0,True,True,2.0,CONDITIONAL_PASS_CANDIDATE,
S5-L_LARGE-ABOVE-X00,5,B,MOTOR_MEDIUM,FRAME-E,F2040-A,B1,210.0,150.0,320.0,85.0,125.0,48.0,L_LARGE,ABOVE,0.0,60.0,C1,11.5,-60.0,10.0,-60.0,10.0,9.0,10.0,12.0,260.0,290.0,False,False,14.0,FAIL_ENVELOPE_CONTRACT,PTO_L_BRACKET_CLEARANCE_LT_8
S5-L_LARGE-ABOVE-X05,5,B,MOTOR_MEDIUM,FRAME-E,F2040-A,B1,210.0,150.0,320.0,85.0,125.0,48.0,L_LARGE,ABOVE,5.0,60.0,C1,11.5,-55.0,10.0,-55.0,10.0,9.0,10.0,12.0,260.0,290.0,False,False,13.0,FAIL_ENVELOPE_CONTRACT,PTO_L_BRACKET_CLEARANCE_LT_8
S5-L_LARGE-ABOVE-X10,5,B,MOTOR_MEDIUM,FRAME-E,F2040-A,B1,210.0,150.0,320.0,85.0,125.0,48.0,L_LARGE,ABOVE,10.0,60.0,C1,11.5,-50.0,10.0,-50.0,10.0,9.0,10.0,12.0,260.0,290.0,False,False,12.0,FAIL_ENVELOPE_CONTRACT,PTO_L_BRACKET_CLEARANCE_LT_8
S5-L_LARGE-ABOVE-X15,5,B,MOTOR_MEDIUM,FRAME-E,F2040-A,B1,210.0,150.0,320.0,85.0,125.0,48.0,L_LARGE,ABOVE,15.0,60.0,C1,11.5,-45.0,10.0,-45.0,10.0,9.0,10.0,12.0,260.0,290.0,False,False,11.0,FAIL_ENVELOPE_CONTRACT,PTO_L_BRACKET_CLEARANCE_LT_8
S5-L_LARGE-ABOVE-X20,5,B,MOTOR_MEDIUM,FRAME-E,F2040-A,B1,210.0,150.0,320.0,85.0,125.0,48.0,L_LARGE,ABOVE,20.0,60.0,C1,11.5,-40.0,10.0,-40.0,10.0,9.0,10.0,12.0,260.0,290.0,False,False,10.0,FAIL_ENVELOPE_CONTRACT,PTO_L_BRACKET_CLEARANCE_LT_8
S5-L_LARGE-ABOVE-X25,5,B,MOTOR_MEDIUM,FRAME-E,F2040-A,B1,210.0,150.0,320.0,85.0,125.0,48.0,L_LARGE,ABOVE,25.0,60.0,C1,11.5,-35.0,10.0,-35.0,10.0,9.0,10.0,12.0,260.0,290.0,False,False,9.0,FAIL_ENVELOPE_CONTRACT,PTO_L_BRACKET_CLEARANCE_LT_8
S5-L_LARGE-ABOVE-X30,5,B,MOTOR_MEDIUM,FRAME-E,F2040-A,B1,210.0,150.0,320.0,85.0,125.0,48.0,L_LARGE,ABOVE,30.0,60.0,C1,11.5,-30.0,10.0,-30.0,10.0,9.0,10.0,12.0,260.0,290.0,False,False,8.0,FAIL_ENVELOPE_CONTRACT,PTO_L_BRACKET_CLEARANCE_LT_8
S5-L_LARGE-ABOVE-X35,5,B,MOTOR_MEDIUM,FRAME-E,F2040-A,B1,210.0,150.0,320.0,85.0,125.0,48.0,L_LARGE,ABOVE,35.0,60.0,C1,11.5,-25.0,10.0,-25.0,10.0,9.0,10.0,12.0,260.0,290.0,False,False,7.0,FAIL_ENVELOPE_CONTRACT,PTO_L_BRACKET_CLEARANCE_LT_8
S5-L_LARGE-ABOVE-X40,5,B,MOTOR_MEDIUM,FRAME-E,F2040-A,B1,210.0,150.0,320.0,85.0,125.0,48.0,L_LARGE,ABOVE,40.0,60.0,C1,11.5,-20.0,10.0,-20.0,10.0,9.0,10.0,12.0,260.0,290.0,False,False,6.0,FAIL_ENVELOPE_CONTRACT,PTO_L_BRACKET_CLEARANCE_LT_8
S5-L_LARGE-ABOVE-X45,5,B,MOTOR_MEDIUM,FRAME-E,F2040-A,B1,210.0,150.0,320.0,85.0,125.0,48.0,L_LARGE,ABOVE,45.0,60.0,C1,11.5,-15.0,10.0,-15.0,10.0,9.0,10.0,12.0,260.0,290.0,False,False,5.0,FAIL_ENVELOPE_CONTRACT,PTO_L_BRACKET_CLEARANCE_LT_8
S5-L_LARGE-ABOVE-X50,5,B,MOTOR_MEDIUM,FRAME-E,F2040-A,B1,210.0,150.0,320.0,85.0,125.0,48.0,L_LARGE,ABOVE,50.0,60.0,C1,11.5,-10.0,10.0,-10.0,10.0,9.0,10.0,12.0,260.0,290.0,False,False,4.0,FAIL_ENVELOPE_CONTRACT,PTO_L_BRACKET_CLEARANCE_LT_8
S5-L_LARGE-ABOVE-X55,5,B,MOTOR_MEDIUM,FRAME-E,F2040-A,B1,210.0,150.0,320.0,85.0,125.0,48.0,L_LARGE,ABOVE,55.0,60.0,C1,11.5,-5.0,10.0,-5.0,10.0,9.0,10.0,12.0,260.0,290.0,False,False,3.0,FAIL_ENVELOPE_CONTRACT,PTO_L_BRACKET_CLEARANCE_LT_8
S5-L_LARGE-ABOVE-X60,5,B,MOTOR_MEDIUM,FRAME-E,F2040-A,B1,210.0,150.0,320.0,85.0,125.0,48.0,L_LARGE,ABOVE,60.0,60.0,C1,11.5,0.0,10.0,0.0,10.0,9.0,10.0,12.0,260.0,290.0,False,False,2.0,FAIL_ENVELOPE_CONTRACT,PTO_L_BRACKET_CLEARANCE_LT_8
S5-L_LARGE-ABOVE-X65,5,B,MOTOR_MEDIUM,FRAME-E,F2040-A,B1,210.0,150.0,320.0,85.0,125.0,48.0,L_LARGE,ABOVE,65.0,60.0,C1,11.5,5.0,10.0,5.0,10.0,9.0,10.0,12.0,260.0,290.0,False,False,1.0,FAIL_ENVELOPE_CONTRACT,PTO_L_BRACKET_CLEARANCE_LT_8
S5-L_LARGE-ABOVE-X70,5,B,MOTOR_MEDIUM,FRAME-E,F2040-A,B1,210.0,150.0,320.0,85.0,125.0,48.0,L_LARGE,ABOVE,70.0,60.0,C1,11.5,10.0,10.0,10.0,10.0,9.0,10.0,12.0,260.0,290.0,True,True,0.0,CONDITIONAL_PASS_CANDIDATE,
S5-L_LARGE-ABOVE-X75,5,B,MOTOR_MEDIUM,FRAME-E,F2040-A,B1,210.0,150.0,320.0,85.0,125.0,48.0,L_LARGE,ABOVE,75.0,60.0,C1,11.5,15.0,10.0,15.0,10.0,9.0,10.0,12.0,260.0,290.0,True,True,1.0,CONDITIONAL_PASS_CANDIDATE,
S5-L_LARGE-ABOVE-X80,5,B,MOTOR_MEDIUM,FRAME-E,F2040-A,B1,210.0,150.0,320.0,85.0,125.0,48.0,L_LARGE,ABOVE,80.0,60.0,C1,11.5,20.0,10.0,20.0,10.0,9.0,10.0,12.0,260.0,290.0,True,True,2.0,CONDITIONAL_PASS_CANDIDATE,
S5-L_LARGE-BELOW-X00,5,B,MOTOR_MEDIUM,FRAME-E,F2040-A,B1,210.0,150.0,320.0,85.0,125.0,48.0,L_LARGE,BELOW,0.0,60.0,C1,11.5,-60.0,10.0,-60.0,10.0,9.0,10.0,12.0,260.0,290.0,False,False,14.0,FAIL_ENVELOPE_CONTRACT,PTO_L_BRACKET_CLEARANCE_LT_8
S5-L_LARGE-BELOW-X05,5,B,MOTOR_MEDIUM,FRAME-E,F2040-A,B1,210.0,150.0,320.0,85.0,125.0,48.0,L_LARGE,BELOW,5.0,60.0,C1,11.5,-55.0,10.0,-55.0,10.0,9.0,10.0,12.0,260.0,290.0,False,False,13.0,FAIL_ENVELOPE_CONTRACT,PTO_L_BRACKET_CLEARANCE_LT_8
S5-L_LARGE-BELOW-X10,5,B,MOTOR_MEDIUM,FRAME-E,F2040-A,B1,210.0,150.0,320.0,85.0,125.0,48.0,L_LARGE,BELOW,10.0,60.0,C1,11.5,-50.0,10.0,-50.0,10.0,9.0,10.0,12.0,260.0,290.0,False,False,12.0,FAIL_ENVELOPE_CONTRACT,PTO_L_BRACKET_CLEARANCE_LT_8
S5-L_LARGE-BELOW-X15,5,B,MOTOR_MEDIUM,FRAME-E,F2040-A,B1,210.0,150.0,320.0,85.0,125.0,48.0,L_LARGE,BELOW,15.0,60.0,C1,11.5,-45.0,10.0,-45.0,10.0,9.0,10.0,12.0,260.0,290.0,False,False,11.0,FAIL_ENVELOPE_CONTRACT,PTO_L_BRACKET_CLEARANCE_LT_8
S5-L_LARGE-BELOW-X20,5,B,MOTOR_MEDIUM,FRAME-E,F2040-A,B1,210.0,150.0,320.0,85.0,125.0,48.0,L_LARGE,BELOW,20.0,60.0,C1,11.5,-40.0,10.0,-40.0,10.0,9.0,10.0,12.0,260.0,290.0,False,False,10.0,FAIL_ENVELOPE_CONTRACT,PTO_L_BRACKET_CLEARANCE_LT_8
S5-L_LARGE-BELOW-X25,5,B,MOTOR_MEDIUM,FRAME-E,F2040-A,B1,210.0,150.0,320.0,85.0,125.0,48.0,L_LARGE,BELOW,25.0,60.0,C1,11.5,-35.0,10.0,-35.0,10.0,9.0,10.0,12.0,260.0,290.0,False,False,9.0,FAIL_ENVELOPE_CONTRACT,PTO_L_BRACKET_CLEARANCE_LT_8
S5-L_LARGE-BELOW-X30,5,B,MOTOR_MEDIUM,FRAME-E,F2040-A,B1,210.0,150.0,320.0,85.0,125.0,48.0,L_LARGE,BELOW,30.0,60.0,C1,11.5,-30.0,10.0,-30.0,10.0,9.0,10.0,12.0,260.0,290.0,False,False,8.0,FAIL_ENVELOPE_CONTRACT,PTO_L_BRACKET_CLEARANCE_LT_8
S5-L_LARGE-BELOW-X35,5,B,MOTOR_MEDIUM,FRAME-E,F2040-A,B1,210.0,150.0,320.0,85.0,125.0,48.0,L_LARGE,BELOW,35.0,60.0,C1,11.5,-25.0,10.0,-25.0,10.0,9.0,10.0,12.0,260.0,290.0,False,False,7.0,FAIL_ENVELOPE_CONTRACT,PTO_L_BRACKET_CLEARANCE_LT_8
S5-L_LARGE-BELOW-X40,5,B,MOTOR_MEDIUM,FRAME-E,F2040-A,B1,210.0,150.0,320.0,85.0,125.0,48.0,L_LARGE,BELOW,40.0,60.0,C1,11.5,-20.0,10.0,-20.0,10.0,9.0,10.0,12.0,260.0,290.0,False,False,6.0,FAIL_ENVELOPE_CONTRACT,PTO_L_BRACKET_CLEARANCE_LT_8
S5-L_LARGE-BELOW-X45,5,B,MOTOR_MEDIUM,FRAME-E,F2040-A,B1,210.0,150.0,320.0,85.0,125.0,48.0,L_LARGE,BELOW,45.0,60.0,C1,11.5,-15.0,10.0,-15.0,10.0,9.0,10.0,12.0,260.0,290.0,False,False,5.0,FAIL_ENVELOPE_CONTRACT,PTO_L_BRACKET_CLEARANCE_LT_8
S5-L_LARGE-BELOW-X50,5,B,MOTOR_MEDIUM,FRAME-E,F2040-A,B1,210.0,150.0,320.0,85.0,125.0,48.0,L_LARGE,BELOW,50.0,60.0,C1,11.5,-10.0,10.0,-10.0,10.0,9.0,10.0,12.0,260.0,290.0,False,False,4.0,FAIL_ENVELOPE_CONTRACT,PTO_L_BRACKET_CLEARANCE_LT_8
S5-L_LARGE-BELOW-X55,5,B,MOTOR_MEDIUM,FRAME-E,F2040-A,B1,210.0,150.0,320.0,85.0,125.0,48.0,L_LARGE,BELOW,55.0,60.0,C1,11.5,-5.0,10.0,-5.0,10.0,9.0,10.0,12.0,260.0,290.0,False,False,3.0,FAIL_ENVELOPE_CONTRACT,PTO_L_BRACKET_CLEARANCE_LT_8
S5-L_LARGE-BELOW-X60,5,B,MOTOR_MEDIUM,FRAME-E,F2040-A,B1,210.0,150.0,320.0,85.0,125.0,48.0,L_LARGE,BELOW,60.0,60.0,C1,11.5,0.0,10.0,0.0,10.0,9.0,10.0,12.0,260.0,290.0,False,False,2.0,FAIL_ENVELOPE_CONTRACT,PTO_L_BRACKET_CLEARANCE_LT_8
S5-L_LARGE-BELOW-X65,5,B,MOTOR_MEDIUM,FRAME-E,F2040-A,B1,210.0,150.0,320.0,85.0,125.0,48.0,L_LARGE,BELOW,65.0,60.0,C1,11.5,5.0,10.0,5.0,10.0,9.0,10.0,12.0,260.0,290.0,False,False,1.0,FAIL_ENVELOPE_CONTRACT,PTO_L_BRACKET_CLEARANCE_LT_8
S5-L_LARGE-BELOW-X70,5,B,MOTOR_MEDIUM,FRAME-E,F2040-A,B1,210.0,150.0,320.0,85.0,125.0,48.0,L_LARGE,BELOW,70.0,60.0,C1,11.5,10.0,10.0,10.0,10.0,9.0,10.0,12.0,260.0,290.0,True,True,0.0,CONDITIONAL_PASS_CANDIDATE,
S5-L_LARGE-BELOW-X75,5,B,MOTOR_MEDIUM,FRAME-E,F2040-A,B1,210.0,150.0,320.0,85.0,125.0,48.0,L_LARGE,BELOW,75.0,60.0,C1,11.5,15.0,10.0,15.0,10.0,9.0,10.0,12.0,260.0,290.0,True,True,1.0,CONDITIONAL_PASS_CANDIDATE,
S5-L_LARGE-BELOW-X80,5,B,MOTOR_MEDIUM,FRAME-E,F2040-A,B1,210.0,150.0,320.0,85.0,125.0,48.0,L_LARGE,BELOW,80.0,60.0,C1,11.5,20.0,10.0,20.0,10.0,9.0,10.0,12.0,260.0,290.0,True,True,2.0,CONDITIONAL_PASS_CANDIDATE,
S5-L_LARGE-FORE_AFT_X-X00,5,B,MOTOR_MEDIUM,FRAME-E,F2040-A,B1,210.0,150.0,320.0,85.0,125.0,48.0,L_LARGE,FORE_AFT_X,0.0,60.0,C1,11.5,-60.0,10.0,-60.0,10.0,9.0,10.0,12.0,260.0,290.0,False,False,14.0,FAIL_ENVELOPE_CONTRACT,PTO_L_BRACKET_CLEARANCE_LT_8
S5-L_LARGE-FORE_AFT_X-X05,5,B,MOTOR_MEDIUM,FRAME-E,F2040-A,B1,210.0,150.0,320.0,85.0,125.0,48.0,L_LARGE,FORE_AFT_X,5.0,60.0,C1,11.5,-55.0,10.0,-55.0,10.0,9.0,10.0,12.0,260.0,290.0,False,False,13.0,FAIL_ENVELOPE_CONTRACT,PTO_L_BRACKET_CLEARANCE_LT_8
S5-L_LARGE-FORE_AFT_X-X10,5,B,MOTOR_MEDIUM,FRAME-E,F2040-A,B1,210.0,150.0,320.0,85.0,125.0,48.0,L_LARGE,FORE_AFT_X,10.0,60.0,C1,11.5,-50.0,10.0,-50.0,10.0,9.0,10.0,12.0,260.0,290.0,False,False,12.0,FAIL_ENVELOPE_CONTRACT,PTO_L_BRACKET_CLEARANCE_LT_8
S5-L_LARGE-FORE_AFT_X-X15,5,B,MOTOR_MEDIUM,FRAME-E,F2040-A,B1,210.0,150.0,320.0,85.0,125.0,48.0,L_LARGE,FORE_AFT_X,15.0,60.0,C1,11.5,-45.0,10.0,-45.0,10.0,9.0,10.0,12.0,260.0,290.0,False,False,11.0,FAIL_ENVELOPE_CONTRACT,PTO_L_BRACKET_CLEARANCE_LT_8
S5-L_LARGE-FORE_AFT_X-X20,5,B,MOTOR_MEDIUM,FRAME-E,F2040-A,B1,210.0,150.0,320.0,85.0,125.0,48.0,L_LARGE,FORE_AFT_X,20.0,60.0,C1,11.5,-40.0,10.0,-40.0,10.0,9.0,10.0,12.0,260.0,290.0,False,False,10.0,FAIL_ENVELOPE_CONTRACT,PTO_L_BRACKET_CLEARANCE_LT_8
S5-L_LARGE-FORE_AFT_X-X25,5,B,MOTOR_MEDIUM,FRAME-E,F2040-A,B1,210.0,150.0,320.0,85.0,125.0,48.0,L_LARGE,FORE_AFT_X,25.0,60.0,C1,11.5,-35.0,10.0,-35.0,10.0,9.0,10.0,12.0,260.0,290.0,False,False,9.0,FAIL_ENVELOPE_CONTRACT,PTO_L_BRACKET_CLEARANCE_LT_8
S5-L_LARGE-FORE_AFT_X-X30,5,B,MOTOR_MEDIUM,FRAME-E,F2040-A,B1,210.0,150.0,320.0,85.0,125.0,48.0,L_LARGE,FORE_AFT_X,30.0,60.0,C1,11.5,-30.0,10.0,-30.0,10.0,9.0,10.0,12.0,260.0,290.0,False,False,8.0,FAIL_ENVELOPE_CONTRACT,PTO_L_BRACKET_CLEARANCE_LT_8
S5-L_LARGE-FORE_AFT_X-X35,5,B,MOTOR_MEDIUM,FRAME-E,F2040-A,B1,210.0,150.0,320.0,85.0,125.0,48.0,L_LARGE,FORE_AFT_X,35.0,60.0,C1,11.5,-25.0,10.0,-25.0,10.0,9.0,10.0,12.0,260.0,290.0,False,False,7.0,FAIL_ENVELOPE_CONTRACT,PTO_L_BRACKET_CLEARANCE_LT_8
S5-L_LARGE-FORE_AFT_X-X40,5,B,MOTOR_MEDIUM,FRAME-E,F2040-A,B1,210.0,150.0,320.0,85.0,125.0,48.0,L_LARGE,FORE_AFT_X,40.0,60.0,C1,11.5,-20.0,10.0,-20.0,10.0,9.0,10.0,12.0,260.0,290.0,False,False,6.0,FAIL_ENVELOPE_CONTRACT,PTO_L_BRACKET_CLEARANCE_LT_8
S5-L_LARGE-FORE_AFT_X-X45,5,B,MOTOR_MEDIUM,FRAME-E,F2040-A,B1,210.0,150.0,320.0,85.0,125.0,48.0,L_LARGE,FORE_AFT_X,45.0,60.0,C1,11.5,-15.0,10.0,-15.0,10.0,9.0,10.0,12.0,260.0,290.0,False,False,5.0,FAIL_ENVELOPE_CONTRACT,PTO_L_BRACKET_CLEARANCE_LT_8
S5-L_LARGE-FORE_AFT_X-X50,5,B,MOTOR_MEDIUM,FRAME-E,F2040-A,B1,210.0,150.0,320.0,85.0,125.0,48.0,L_LARGE,FORE_AFT_X,50.0,60.0,C1,11.5,-10.0,10.0,-10.0,10.0,9.0,10.0,12.0,260.0,290.0,False,False,4.0,FAIL_ENVELOPE_CONTRACT,PTO_L_BRACKET_CLEARANCE_LT_8
S5-L_LARGE-FORE_AFT_X-X55,5,B,MOTOR_MEDIUM,FRAME-E,F2040-A,B1,210.0,150.0,320.0,85.0,125.0,48.0,L_LARGE,FORE_AFT_X,55.0,60.0,C1,11.5,-5.0,10.0,-5.0,10.0,9.0,10.0,12.0,260.0,290.0,False,False,3.0,FAIL_ENVELOPE_CONTRACT,PTO_L_BRACKET_CLEARANCE_LT_8
S5-L_LARGE-FORE_AFT_X-X60,5,B,MOTOR_MEDIUM,FRAME-E,F2040-A,B1,210.0,150.0,320.0,85.0,125.0,48.0,L_LARGE,FORE_AFT_X,60.0,60.0,C1,11.5,0.0,10.0,0.0,10.0,9.0,10.0,12.0,260.0,290.0,False,False,2.0,FAIL_ENVELOPE_CONTRACT,PTO_L_BRACKET_CLEARANCE_LT_8
S5-L_LARGE-FORE_AFT_X-X65,5,B,MOTOR_MEDIUM,FRAME-E,F2040-A,B1,210.0,150.0,320.0,85.0,125.0,48.0,L_LARGE,FORE_AFT_X,65.0,60.0,C1,11.5,5.0,10.0,5.0,10.0,9.0,10.0,12.0,260.0,290.0,False,False,1.0,FAIL_ENVELOPE_CONTRACT,PTO_L_BRACKET_CLEARANCE_LT_8
S5-L_LARGE-FORE_AFT_X-X70,5,B,MOTOR_MEDIUM,FRAME-E,F2040-A,B1,210.0,150.0,320.0,85.0,125.0,48.0,L_LARGE,FORE_AFT_X,70.0,60.0,C1,11.5,10.0,10.0,10.0,10.0,9.0,10.0,12.0,260.0,290.0,True,True,0.0,CONDITIONAL_PASS_CANDIDATE,
S5-L_LARGE-FORE_AFT_X-X75,5,B,MOTOR_MEDIUM,FRAME-E,F2040-A,B1,210.0,150.0,320.0,85.0,125.0,48.0,L_LARGE,FORE_AFT_X,75.0,60.0,C1,11.5,15.0,10.0,15.0,10.0,9.0,10.0,12.0,260.0,290.0,True,True,1.0,CONDITIONAL_PASS_CANDIDATE,
S5-L_LARGE-FORE_AFT_X-X80,5,B,MOTOR_MEDIUM,FRAME-E,F2040-A,B1,210.0,150.0,320.0,85.0,125.0,48.0,L_LARGE,FORE_AFT_X,80.0,60.0,C1,11.5,20.0,10.0,20.0,10.0,9.0,10.0,12.0,260.0,290.0,True,True,2.0,CONDITIONAL_PASS_CANDIDATE,
S5-L_LARGE-PLATE_BACK-X00,5,B,MOTOR_MEDIUM,FRAME-E,F2040-A,B1,210.0,150.0,320.0,85.0,125.0,48.0,L_LARGE,PLATE_BACK,0.0,60.0,C1,11.5,-60.0,10.0,-60.0,10.0,9.0,10.0,12.0,260.0,290.0,False,False,14.0,FAIL_ENVELOPE_CONTRACT,PTO_L_BRACKET_CLEARANCE_LT_8
S5-L_LARGE-PLATE_BACK-X05,5,B,MOTOR_MEDIUM,FRAME-E,F2040-A,B1,210.0,150.0,320.0,85.0,125.0,48.0,L_LARGE,PLATE_BACK,5.0,60.0,C1,11.5,-55.0,10.0,-55.0,10.0,9.0,10.0,12.0,260.0,290.0,False,False,13.0,FAIL_ENVELOPE_CONTRACT,PTO_L_BRACKET_CLEARANCE_LT_8
S5-L_LARGE-PLATE_BACK-X10,5,B,MOTOR_MEDIUM,FRAME-E,F2040-A,B1,210.0,150.0,320.0,85.0,125.0,48.0,L_LARGE,PLATE_BACK,10.0,60.0,C1,11.5,-50.0,10.0,-50.0,10.0,9.0,10.0,12.0,260.0,290.0,False,False,12.0,FAIL_ENVELOPE_CONTRACT,PTO_L_BRACKET_CLEARANCE_LT_8
S5-L_LARGE-PLATE_BACK-X15,5,B,MOTOR_MEDIUM,FRAME-E,F2040-A,B1,210.0,150.0,320.0,85.0,125.0,48.0,L_LARGE,PLATE_BACK,15.0,60.0,C1,11.5,-45.0,10.0,-45.0,10.0,9.0,10.0,12.0,260.0,290.0,False,False,11.0,FAIL_ENVELOPE_CONTRACT,PTO_L_BRACKET_CLEARANCE_LT_8
S5-L_LARGE-PLATE_BACK-X20,5,B,MOTOR_MEDIUM,FRAME-E,F2040-A,B1,210.0,150.0,320.0,85.0,125.0,48.0,L_LARGE,PLATE_BACK,20.0,60.0,C1,11.5,-40.0,10.0,-40.0,10.0,9.0,10.0,12.0,260.0,290.0,False,False,10.0,FAIL_ENVELOPE_CONTRACT,PTO_L_BRACKET_CLEARANCE_LT_8
S5-L_LARGE-PLATE_BACK-X25,5,B,MOTOR_MEDIUM,FRAME-E,F2040-A,B1,210.0,150.0,320.0,85.0,125.0,48.0,L_LARGE,PLATE_BACK,25.0,60.0,C1,11.5,-35.0,10.0,-35.0,10.0,9.0,10.0,12.0,260.0,290.0,False,False,9.0,FAIL_ENVELOPE_CONTRACT,PTO_L_BRACKET_CLEARANCE_LT_8
S5-L_LARGE-PLATE_BACK-X30,5,B,MOTOR_MEDIUM,FRAME-E,F2040-A,B1,210.0,150.0,320.0,85.0,125.0,48.0,L_LARGE,PLATE_BACK,30.0,60.0,C1,11.5,-30.0,10.0,-30.0,10.0,9.0,10.0,12.0,260.0,290.0,False,False,8.0,FAIL_ENVELOPE_CONTRACT,PTO_L_BRACKET_CLEARANCE_LT_8
S5-L_LARGE-PLATE_BACK-X35,5,B,MOTOR_MEDIUM,FRAME-E,F2040-A,B1,210.0,150.0,320.0,85.0,125.0,48.0,L_LARGE,PLATE_BACK,35.0,60.0,C1,11.5,-25.0,10.0,-25.0,10.0,9.0,10.0,12.0,260.0,290.0,False,False,7.0,FAIL_ENVELOPE_CONTRACT,PTO_L_BRACKET_CLEARANCE_LT_8
S5-L_LARGE-PLATE_BACK-X40,5,B,MOTOR_MEDIUM,FRAME-E,F2040-A,B1,210.0,150.0,320.0,85.0,125.0,48.0,L_LARGE,PLATE_BACK,40.0,60.0,C1,11.5,-20.0,10.0,-20.0,10.0,9.0,10.0,12.0,260.0,290.0,False,False,6.0,FAIL_ENVELOPE_CONTRACT,PTO_L_BRACKET_CLEARANCE_LT_8
S5-L_LARGE-PLATE_BACK-X45,5,B,MOTOR_MEDIUM,FRAME-E,F2040-A,B1,210.0,150.0,320.0,85.0,125.0,48.0,L_LARGE,PLATE_BACK,45.0,60.0,C1,11.5,-15.0,10.0,-15.0,10.0,9.0,10.0,12.0,260.0,290.0,False,False,5.0,FAIL_ENVELOPE_CONTRACT,PTO_L_BRACKET_CLEARANCE_LT_8
S5-L_LARGE-PLATE_BACK-X50,5,B,MOTOR_MEDIUM,FRAME-E,F2040-A,B1,210.0,150.0,320.0,85.0,125.0,48.0,L_LARGE,PLATE_BACK,50.0,60.0,C1,11.5,-10.0,10.0,-10.0,10.0,9.0,10.0,12.0,260.0,290.0,False,False,4.0,FAIL_ENVELOPE_CONTRACT,PTO_L_BRACKET_CLEARANCE_LT_8
S5-L_LARGE-PLATE_BACK-X55,5,B,MOTOR_MEDIUM,FRAME-E,F2040-A,B1,210.0,150.0,320.0,85.0,125.0,48.0,L_LARGE,PLATE_BACK,55.0,60.0,C1,11.5,-5.0,10.0,-5.0,10.0,9.0,10.0,12.0,260.0,290.0,False,False,3.0,FAIL_ENVELOPE_CONTRACT,PTO_L_BRACKET_CLEARANCE_LT_8
S5-L_LARGE-PLATE_BACK-X60,5,B,MOTOR_MEDIUM,FRAME-E,F2040-A,B1,210.0,150.0,320.0,85.0,125.0,48.0,L_LARGE,PLATE_BACK,60.0,60.0,C1,11.5,0.0,10.0,0.0,10.0,9.0,10.0,12.0,260.0,290.0,False,False,2.0,FAIL_ENVELOPE_CONTRACT,PTO_L_BRACKET_CLEARANCE_LT_8
S5-L_LARGE-PLATE_BACK-X65,5,B,MOTOR_MEDIUM,FRAME-E,F2040-A,B1,210.0,150.0,320.0,85.0,125.0,48.0,L_LARGE,PLATE_BACK,65.0,60.0,C1,11.5,5.0,10.0,5.0,10.0,9.0,10.0,12.0,260.0,290.0,False,False,1.0,FAIL_ENVELOPE_CONTRACT,PTO_L_BRACKET_CLEARANCE_LT_8
S5-L_LARGE-PLATE_BACK-X70,5,B,MOTOR_MEDIUM,FRAME-E,F2040-A,B1,210.0,150.0,320.0,85.0,125.0,48.0,L_LARGE,PLATE_BACK,70.0,60.0,C1,11.5,10.0,10.0,10.0,10.0,9.0,10.0,12.0,260.0,290.0,True,True,0.0,CONDITIONAL_PASS_CANDIDATE,
S5-L_LARGE-PLATE_BACK-X75,5,B,MOTOR_MEDIUM,FRAME-E,F2040-A,B1,210.0,150.0,320.0,85.0,125.0,48.0,L_LARGE,PLATE_BACK,75.0,60.0,C1,11.5,15.0,10.0,15.0,10.0,9.0,10.0,12.0,260.0,290.0,True,True,1.0,CONDITIONAL_PASS_CANDIDATE,
S5-L_LARGE-PLATE_BACK-X80,5,B,MOTOR_MEDIUM,FRAME-E,F2040-A,B1,210.0,150.0,320.0,85.0,125.0,48.0,L_LARGE,PLATE_BACK,80.0,60.0,C1,11.5,20.0,10.0,20.0,10.0,9.0,10.0,12.0,260.0,290.0,True,True,2.0,CONDITIONAL_PASS_CANDIDATE,
S6-Z370,6,B,MOTOR_MEDIUM,FRAME-E,F2040-A,B1,210.0,150.0,370.0,85.0,125.0,48.0,L_LARGE,FORE_AFT_X,70.0,60.0,C1,11.5,10.0,10.0,10.0,10.0,9.0,10.0,12.0,310.0,290.0,True,True,0.0,CONDITIONAL_PASS_CANDIDATE,
S6-Z350,6,B,MOTOR_MEDIUM,FRAME-E,F2040-A,B1,210.0,150.0,350.0,85.0,125.0,48.0,L_LARGE,FORE_AFT_X,70.0,60.0,C1,11.5,10.0,10.0,10.0,10.0,9.0,10.0,12.0,290.0,290.0,True,True,0.0,CONDITIONAL_PASS_CANDIDATE,
S6-Z330,6,B,MOTOR_MEDIUM,FRAME-E,F2040-A,B1,210.0,150.0,330.0,85.0,125.0,48.0,L_LARGE,FORE_AFT_X,70.0,60.0,C1,11.5,10.0,10.0,10.0,10.0,9.0,10.0,12.0,270.0,290.0,True,True,0.0,CONDITIONAL_PASS_CANDIDATE,
S6-Z320,6,B,MOTOR_MEDIUM,FRAME-E,F2040-A,B1,210.0,150.0,320.0,85.0,125.0,48.0,L_LARGE,FORE_AFT_X,70.0,60.0,C1,11.5,10.0,10.0,10.0,10.0,9.0,10.0,12.0,260.0,290.0,True,True,0.0,CONDITIONAL_PASS_CANDIDATE,
S6-Z310,6,B,MOTOR_MEDIUM,FRAME-E,F2040-A,B1,210.0,150.0,310.0,85.0,125.0,48.0,L_LARGE,FORE_AFT_X,70.0,60.0,C1,11.5,10.0,10.0,10.0,10.0,9.0,10.0,12.0,250.0,290.0,True,True,0.0,CONDITIONAL_PASS_CANDIDATE,
S6-Z300,6,B,MOTOR_MEDIUM,FRAME-E,F2040-A,B1,210.0,150.0,300.0,85.0,125.0,48.0,L_LARGE,FORE_AFT_X,70.0,60.0,C1,11.5,10.0,10.0,10.0,10.0,9.0,10.0,12.0,240.0,290.0,True,True,0.0,CONDITIONAL_PASS_CANDIDATE,
S6-Z290,6,B,MOTOR_MEDIUM,FRAME-E,F2040-A,B1,210.0,150.0,290.0,85.0,125.0,48.0,L_LARGE,FORE_AFT_X,70.0,60.0,C1,11.5,10.0,10.0,10.0,10.0,9.0,10.0,12.0,230.0,290.0,True,True,0.0,CONDITIONAL_PASS_CANDIDATE,
S6-Z280,6,B,MOTOR_MEDIUM,FRAME-E,F2040-A,B1,210.0,150.0,280.0,85.0,125.0,48.0,L_LARGE,FORE_AFT_X,70.0,60.0,C1,11.5,10.0,10.0,10.0,10.0,9.0,10.0,12.0,220.0,290.0,True,True,0.0,CONDITIONAL_PASS_CANDIDATE,
S7-B1-DY20,7,B,MOTOR_MEDIUM,FRAME-E,F2040-A,B1,210.0,150.0,320.0,85.0,105.0,48.0,L_LARGE,FORE_AFT_X,70.0,60.0,C1,11.5,10.0,10.0,10.0,10.0,-11.0,10.0,12.0,260.0,290.0,False,True,20.0,FAIL_ENVELOPE_CONTRACT,DRIVE_PTO_BELT_INTERSECTION
S7-B1-DY25,7,B,MOTOR_MEDIUM,FRAME-E,F2040-A,B1,210.0,150.0,320.0,85.0,110.0,48.0,L_LARGE,FORE_AFT_X,70.0,60.0,C1,11.5,10.0,10.0,10.0,10.0,-6.0,10.0,12.0,260.0,290.0,False,True,15.0,FAIL_ENVELOPE_CONTRACT,DRIVE_PTO_BELT_INTERSECTION
S7-B1-DY30,7,B,MOTOR_MEDIUM,FRAME-E,F2040-A,B1,210.0,150.0,320.0,85.0,115.0,48.0,L_LARGE,FORE_AFT_X,70.0,60.0,C1,11.5,10.0,10.0,10.0,10.0,-1.0,10.0,12.0,260.0,290.0,False,True,10.0,FAIL_ENVELOPE_CONTRACT,DRIVE_PTO_BELT_INTERSECTION
S7-B1-DY35,7,B,MOTOR_MEDIUM,FRAME-E,F2040-A,B1,210.0,150.0,320.0,85.0,120.0,48.0,L_LARGE,FORE_AFT_X,70.0,60.0,C1,11.5,10.0,10.0,10.0,10.0,4.0,10.0,12.0,260.0,290.0,True,True,5.0,CONDITIONAL_PASS_CANDIDATE,
S7-B1-DY40,7,B,MOTOR_MEDIUM,FRAME-E,F2040-A,B1,210.0,150.0,320.0,85.0,125.0,48.0,L_LARGE,FORE_AFT_X,70.0,60.0,C1,11.5,10.0,10.0,10.0,10.0,9.0,10.0,12.0,260.0,290.0,True,True,0.0,CONDITIONAL_PASS_CANDIDATE,
S7-B1-DY45,7,B,MOTOR_MEDIUM,FRAME-E,F2040-A,B1,210.0,150.0,320.0,85.0,130.0,48.0,L_LARGE,FORE_AFT_X,70.0,60.0,C1,11.5,10.0,10.0,10.0,10.0,14.0,10.0,12.0,260.0,295.0,True,True,5.0,CONDITIONAL_PASS_CANDIDATE,
S7-B1-DY50,7,B,MOTOR_MEDIUM,FRAME-E,F2040-A,B1,210.0,150.0,320.0,85.0,135.0,48.0,L_LARGE,FORE_AFT_X,70.0,60.0,C1,11.5,10.0,10.0,10.0,10.0,19.0,10.0,12.0,260.0,305.0,False,True,10.0,FAIL_ENVELOPE_CONTRACT,TOTAL_WIDTH_GTE_300
S7-B1-DY55,7,B,MOTOR_MEDIUM,FRAME-E,F2040-A,B1,210.0,150.0,320.0,85.0,140.0,48.0,L_LARGE,FORE_AFT_X,70.0,60.0,C1,11.5,10.0,10.0,10.0,10.0,24.0,10.0,12.0,260.0,315.0,False,True,15.0,FAIL_ENVELOPE_CONTRACT,TOTAL_WIDTH_GTE_300
S7-B1-DY60,7,B,MOTOR_MEDIUM,FRAME-E,F2040-A,B1,210.0,150.0,320.0,85.0,145.0,48.0,L_LARGE,FORE_AFT_X,70.0,60.0,C1,11.5,10.0,10.0,10.0,10.0,29.0,10.0,12.0,260.0,325.0,False,True,20.0,FAIL_ENVELOPE_CONTRACT,TOTAL_WIDTH_GTE_300
S7-B1-DY65,7,B,MOTOR_MEDIUM,FRAME-E,F2040-A,B1,210.0,150.0,320.0,85.0,150.0,48.0,L_LARGE,FORE_AFT_X,70.0,60.0,C1,11.5,10.0,10.0,10.0,10.0,34.0,10.0,12.0,260.0,335.0,False,True,25.0,FAIL_ENVELOPE_CONTRACT,TOTAL_WIDTH_GTE_300
S7-B1-DY70,7,B,MOTOR_MEDIUM,FRAME-E,F2040-A,B1,210.0,150.0,320.0,85.0,155.0,48.0,L_LARGE,FORE_AFT_X,70.0,60.0,C1,11.5,10.0,10.0,10.0,10.0,39.0,10.0,12.0,260.0,345.0,False,True,30.0,FAIL_ENVELOPE_CONTRACT,TOTAL_WIDTH_GTE_300
S7-B2-DY20,7,B,MOTOR_MEDIUM,FRAME-E,F2040-A,B2,210.0,150.0,320.0,85.0,105.0,48.0,L_LARGE,FORE_AFT_X,70.0,60.0,C1,11.5,10.0,10.0,10.0,10.0,-11.0,10.0,12.0,260.0,290.0,False,True,20.0,FAIL_ENVELOPE_CONTRACT,DRIVE_PTO_BELT_INTERSECTION
S7-B2-DY25,7,B,MOTOR_MEDIUM,FRAME-E,F2040-A,B2,210.0,150.0,320.0,85.0,110.0,48.0,L_LARGE,FORE_AFT_X,70.0,60.0,C1,11.5,10.0,10.0,10.0,10.0,-6.0,10.0,12.0,260.0,290.0,False,True,15.0,FAIL_ENVELOPE_CONTRACT,DRIVE_PTO_BELT_INTERSECTION
S7-B2-DY30,7,B,MOTOR_MEDIUM,FRAME-E,F2040-A,B2,210.0,150.0,320.0,85.0,115.0,48.0,L_LARGE,FORE_AFT_X,70.0,60.0,C1,11.5,10.0,10.0,10.0,10.0,-1.0,10.0,12.0,260.0,290.0,False,True,10.0,FAIL_ENVELOPE_CONTRACT,DRIVE_PTO_BELT_INTERSECTION
S7-B2-DY35,7,B,MOTOR_MEDIUM,FRAME-E,F2040-A,B2,210.0,150.0,320.0,85.0,120.0,48.0,L_LARGE,FORE_AFT_X,70.0,60.0,C1,11.5,10.0,10.0,10.0,10.0,4.0,10.0,12.0,260.0,290.0,True,True,5.0,CONDITIONAL_PASS_CANDIDATE,
S7-B2-DY40,7,B,MOTOR_MEDIUM,FRAME-E,F2040-A,B2,210.0,150.0,320.0,85.0,125.0,48.0,L_LARGE,FORE_AFT_X,70.0,60.0,C1,11.5,10.0,10.0,10.0,10.0,9.0,10.0,12.0,260.0,290.0,True,True,0.0,CONDITIONAL_PASS_CANDIDATE,
S7-B2-DY45,7,B,MOTOR_MEDIUM,FRAME-E,F2040-A,B2,210.0,150.0,320.0,85.0,130.0,48.0,L_LARGE,FORE_AFT_X,70.0,60.0,C1,11.5,10.0,10.0,10.0,10.0,14.0,10.0,12.0,260.0,295.0,True,True,5.0,CONDITIONAL_PASS_CANDIDATE,
S7-B2-DY50,7,B,MOTOR_MEDIUM,FRAME-E,F2040-A,B2,210.0,150.0,320.0,85.0,135.0,48.0,L_LARGE,FORE_AFT_X,70.0,60.0,C1,11.5,10.0,10.0,10.0,10.0,19.0,10.0,12.0,260.0,305.0,False,True,10.0,FAIL_ENVELOPE_CONTRACT,TOTAL_WIDTH_GTE_300
S7-B2-DY55,7,B,MOTOR_MEDIUM,FRAME-E,F2040-A,B2,210.0,150.0,320.0,85.0,140.0,48.0,L_LARGE,FORE_AFT_X,70.0,60.0,C1,11.5,10.0,10.0,10.0,10.0,24.0,10.0,12.0,260.0,315.0,False,True,15.0,FAIL_ENVELOPE_CONTRACT,TOTAL_WIDTH_GTE_300
S7-B2-DY60,7,B,MOTOR_MEDIUM,FRAME-E,F2040-A,B2,210.0,150.0,320.0,85.0,145.0,48.0,L_LARGE,FORE_AFT_X,70.0,60.0,C1,11.5,10.0,10.0,10.0,10.0,29.0,10.0,12.0,260.0,325.0,False,True,20.0,FAIL_ENVELOPE_CONTRACT,TOTAL_WIDTH_GTE_300
S7-B2-DY65,7,B,MOTOR_MEDIUM,FRAME-E,F2040-A,B2,210.0,150.0,320.0,85.0,150.0,48.0,L_LARGE,FORE_AFT_X,70.0,60.0,C1,11.5,10.0,10.0,10.0,10.0,34.0,10.0,12.0,260.0,335.0,False,True,25.0,FAIL_ENVELOPE_CONTRACT,TOTAL_WIDTH_GTE_300
S7-B2-DY70,7,B,MOTOR_MEDIUM,FRAME-E,F2040-A,B2,210.0,150.0,320.0,85.0,155.0,48.0,L_LARGE,FORE_AFT_X,70.0,60.0,C1,11.5,10.0,10.0,10.0,10.0,39.0,10.0,12.0,260.0,345.0,False,True,30.0,FAIL_ENVELOPE_CONTRACT,TOTAL_WIDTH_GTE_300
S7-B3-DY20,7,B,MOTOR_MEDIUM,FRAME-E,F2040-A,B3,210.0,150.0,320.0,85.0,105.0,48.0,L_LARGE,FORE_AFT_X,70.0,60.0,C1,11.5,10.0,10.0,10.0,10.0,-11.0,10.0,12.0,260.0,290.0,False,True,20.0,FAIL_ENVELOPE_CONTRACT,DRIVE_PTO_BELT_INTERSECTION
S7-B3-DY25,7,B,MOTOR_MEDIUM,FRAME-E,F2040-A,B3,210.0,150.0,320.0,85.0,110.0,48.0,L_LARGE,FORE_AFT_X,70.0,60.0,C1,11.5,10.0,10.0,10.0,10.0,-6.0,10.0,12.0,260.0,290.0,False,True,15.0,FAIL_ENVELOPE_CONTRACT,DRIVE_PTO_BELT_INTERSECTION
S7-B3-DY30,7,B,MOTOR_MEDIUM,FRAME-E,F2040-A,B3,210.0,150.0,320.0,85.0,115.0,48.0,L_LARGE,FORE_AFT_X,70.0,60.0,C1,11.5,10.0,10.0,10.0,10.0,-1.0,10.0,12.0,260.0,290.0,False,True,10.0,FAIL_ENVELOPE_CONTRACT,DRIVE_PTO_BELT_INTERSECTION
S7-B3-DY35,7,B,MOTOR_MEDIUM,FRAME-E,F2040-A,B3,210.0,150.0,320.0,85.0,120.0,48.0,L_LARGE,FORE_AFT_X,70.0,60.0,C1,11.5,10.0,10.0,10.0,10.0,4.0,10.0,12.0,260.0,290.0,True,True,5.0,CONDITIONAL_PASS_CANDIDATE,
S7-B3-DY40,7,B,MOTOR_MEDIUM,FRAME-E,F2040-A,B3,210.0,150.0,320.0,85.0,125.0,48.0,L_LARGE,FORE_AFT_X,70.0,60.0,C1,11.5,10.0,10.0,10.0,10.0,9.0,10.0,12.0,260.0,290.0,True,True,0.0,CONDITIONAL_PASS_CANDIDATE,
S7-B3-DY45,7,B,MOTOR_MEDIUM,FRAME-E,F2040-A,B3,210.0,150.0,320.0,85.0,130.0,48.0,L_LARGE,FORE_AFT_X,70.0,60.0,C1,11.5,10.0,10.0,10.0,10.0,14.0,10.0,12.0,260.0,295.0,True,True,5.0,CONDITIONAL_PASS_CANDIDATE,
S7-B3-DY50,7,B,MOTOR_MEDIUM,FRAME-E,F2040-A,B3,210.0,150.0,320.0,85.0,135.0,48.0,L_LARGE,FORE_AFT_X,70.0,60.0,C1,11.5,10.0,10.0,10.0,10.0,19.0,10.0,12.0,260.0,305.0,False,True,10.0,FAIL_ENVELOPE_CONTRACT,TOTAL_WIDTH_GTE_300
S7-B3-DY55,7,B,MOTOR_MEDIUM,FRAME-E,F2040-A,B3,210.0,150.0,320.0,85.0,140.0,48.0,L_LARGE,FORE_AFT_X,70.0,60.0,C1,11.5,10.0,10.0,10.0,10.0,24.0,10.0,12.0,260.0,315.0,False,True,15.0,FAIL_ENVELOPE_CONTRACT,TOTAL_WIDTH_GTE_300
S7-B3-DY60,7,B,MOTOR_MEDIUM,FRAME-E,F2040-A,B3,210.0,150.0,320.0,85.0,145.0,48.0,L_LARGE,FORE_AFT_X,70.0,60.0,C1,11.5,10.0,10.0,10.0,10.0,29.0,10.0,12.0,260.0,325.0,False,True,20.0,FAIL_ENVELOPE_CONTRACT,TOTAL_WIDTH_GTE_300
S7-B3-DY65,7,B,MOTOR_MEDIUM,FRAME-E,F2040-A,B3,210.0,150.0,320.0,85.0,150.0,48.0,L_LARGE,FORE_AFT_X,70.0,60.0,C1,11.5,10.0,10.0,10.0,10.0,34.0,10.0,12.0,260.0,335.0,False,True,25.0,FAIL_ENVELOPE_CONTRACT,TOTAL_WIDTH_GTE_300
S7-B3-DY70,7,B,MOTOR_MEDIUM,FRAME-E,F2040-A,B3,210.0,150.0,320.0,85.0,155.0,48.0,L_LARGE,FORE_AFT_X,70.0,60.0,C1,11.5,10.0,10.0,10.0,10.0,39.0,10.0,12.0,260.0,345.0,False,True,30.0,FAIL_ENVELOPE_CONTRACT,TOTAL_WIDTH_GTE_300
S7-B4-DY20,7,B,MOTOR_MEDIUM,FRAME-E,F2040-A,B4,210.0,150.0,320.0,85.0,105.0,48.0,L_LARGE,FORE_AFT_X,70.0,60.0,C1,11.5,10.0,10.0,10.0,10.0,-11.0,10.0,12.0,260.0,290.0,False,True,20.0,FAIL_ENVELOPE_CONTRACT,DRIVE_PTO_BELT_INTERSECTION
S7-B4-DY25,7,B,MOTOR_MEDIUM,FRAME-E,F2040-A,B4,210.0,150.0,320.0,85.0,110.0,48.0,L_LARGE,FORE_AFT_X,70.0,60.0,C1,11.5,10.0,10.0,10.0,10.0,-6.0,10.0,12.0,260.0,290.0,False,True,15.0,FAIL_ENVELOPE_CONTRACT,DRIVE_PTO_BELT_INTERSECTION
S7-B4-DY30,7,B,MOTOR_MEDIUM,FRAME-E,F2040-A,B4,210.0,150.0,320.0,85.0,115.0,48.0,L_LARGE,FORE_AFT_X,70.0,60.0,C1,11.5,10.0,10.0,10.0,10.0,-1.0,10.0,12.0,260.0,290.0,False,True,10.0,FAIL_ENVELOPE_CONTRACT,DRIVE_PTO_BELT_INTERSECTION
S7-B4-DY35,7,B,MOTOR_MEDIUM,FRAME-E,F2040-A,B4,210.0,150.0,320.0,85.0,120.0,48.0,L_LARGE,FORE_AFT_X,70.0,60.0,C1,11.5,10.0,10.0,10.0,10.0,4.0,10.0,12.0,260.0,290.0,True,True,5.0,CONDITIONAL_PASS_CANDIDATE,
S7-B4-DY40,7,B,MOTOR_MEDIUM,FRAME-E,F2040-A,B4,210.0,150.0,320.0,85.0,125.0,48.0,L_LARGE,FORE_AFT_X,70.0,60.0,C1,11.5,10.0,10.0,10.0,10.0,9.0,10.0,12.0,260.0,290.0,True,True,0.0,CONDITIONAL_PASS_CANDIDATE,
S7-B4-DY45,7,B,MOTOR_MEDIUM,FRAME-E,F2040-A,B4,210.0,150.0,320.0,85.0,130.0,48.0,L_LARGE,FORE_AFT_X,70.0,60.0,C1,11.5,10.0,10.0,10.0,10.0,14.0,10.0,12.0,260.0,295.0,True,True,5.0,CONDITIONAL_PASS_CANDIDATE,
S7-B4-DY50,7,B,MOTOR_MEDIUM,FRAME-E,F2040-A,B4,210.0,150.0,320.0,85.0,135.0,48.0,L_LARGE,FORE_AFT_X,70.0,60.0,C1,11.5,10.0,10.0,10.0,10.0,19.0,10.0,12.0,260.0,305.0,False,True,10.0,FAIL_ENVELOPE_CONTRACT,TOTAL_WIDTH_GTE_300
S7-B4-DY55,7,B,MOTOR_MEDIUM,FRAME-E,F2040-A,B4,210.0,150.0,320.0,85.0,140.0,48.0,L_LARGE,FORE_AFT_X,70.0,60.0,C1,11.5,10.0,10.0,10.0,10.0,24.0,10.0,12.0,260.0,315.0,False,True,15.0,FAIL_ENVELOPE_CONTRACT,TOTAL_WIDTH_GTE_300
S7-B4-DY60,7,B,MOTOR_MEDIUM,FRAME-E,F2040-A,B4,210.0,150.0,320.0,85.0,145.0,48.0,L_LARGE,FORE_AFT_X,70.0,60.0,C1,11.5,10.0,10.0,10.0,10.0,29.0,10.0,12.0,260.0,325.0,False,True,20.0,FAIL_ENVELOPE_CONTRACT,TOTAL_WIDTH_GTE_300
S7-B4-DY65,7,B,MOTOR_MEDIUM,FRAME-E,F2040-A,B4,210.0,150.0,320.0,85.0,150.0,48.0,L_LARGE,FORE_AFT_X,70.0,60.0,C1,11.5,10.0,10.0,10.0,10.0,34.0,10.0,12.0,260.0,335.0,False,True,25.0,FAIL_ENVELOPE_CONTRACT,TOTAL_WIDTH_GTE_300
S7-B4-DY70,7,B,MOTOR_MEDIUM,FRAME-E,F2040-A,B4,210.0,150.0,320.0,85.0,155.0,48.0,L_LARGE,FORE_AFT_X,70.0,60.0,C1,11.5,10.0,10.0,10.0,10.0,39.0,10.0,12.0,260.0,345.0,False,True,30.0,FAIL_ENVELOPE_CONTRACT,TOTAL_WIDTH_GTE_300
S7-B5-DY20,7,B,MOTOR_MEDIUM,FRAME-E,F2040-A,B5,210.0,150.0,320.0,85.0,105.0,48.0,L_LARGE,FORE_AFT_X,70.0,60.0,C1,11.5,10.0,10.0,10.0,10.0,-11.0,10.0,12.0,260.0,290.0,False,True,20.0,FAIL_ENVELOPE_CONTRACT,DRIVE_PTO_BELT_INTERSECTION
S7-B5-DY25,7,B,MOTOR_MEDIUM,FRAME-E,F2040-A,B5,210.0,150.0,320.0,85.0,110.0,48.0,L_LARGE,FORE_AFT_X,70.0,60.0,C1,11.5,10.0,10.0,10.0,10.0,-6.0,10.0,12.0,260.0,290.0,False,True,15.0,FAIL_ENVELOPE_CONTRACT,DRIVE_PTO_BELT_INTERSECTION
S7-B5-DY30,7,B,MOTOR_MEDIUM,FRAME-E,F2040-A,B5,210.0,150.0,320.0,85.0,115.0,48.0,L_LARGE,FORE_AFT_X,70.0,60.0,C1,11.5,10.0,10.0,10.0,10.0,-1.0,10.0,12.0,260.0,290.0,False,True,10.0,FAIL_ENVELOPE_CONTRACT,DRIVE_PTO_BELT_INTERSECTION
S7-B5-DY35,7,B,MOTOR_MEDIUM,FRAME-E,F2040-A,B5,210.0,150.0,320.0,85.0,120.0,48.0,L_LARGE,FORE_AFT_X,70.0,60.0,C1,11.5,10.0,10.0,10.0,10.0,4.0,10.0,12.0,260.0,290.0,True,True,5.0,CONDITIONAL_PASS_CANDIDATE,
S7-B5-DY40,7,B,MOTOR_MEDIUM,FRAME-E,F2040-A,B5,210.0,150.0,320.0,85.0,125.0,48.0,L_LARGE,FORE_AFT_X,70.0,60.0,C1,11.5,10.0,10.0,10.0,10.0,9.0,10.0,12.0,260.0,290.0,True,True,0.0,CONDITIONAL_PASS_CANDIDATE,
S7-B5-DY45,7,B,MOTOR_MEDIUM,FRAME-E,F2040-A,B5,210.0,150.0,320.0,85.0,130.0,48.0,L_LARGE,FORE_AFT_X,70.0,60.0,C1,11.5,10.0,10.0,10.0,10.0,14.0,10.0,12.0,260.0,295.0,True,True,5.0,CONDITIONAL_PASS_CANDIDATE,
S7-B5-DY50,7,B,MOTOR_MEDIUM,FRAME-E,F2040-A,B5,210.0,150.0,320.0,85.0,135.0,48.0,L_LARGE,FORE_AFT_X,70.0,60.0,C1,11.5,10.0,10.0,10.0,10.0,19.0,10.0,12.0,260.0,305.0,False,True,10.0,FAIL_ENVELOPE_CONTRACT,TOTAL_WIDTH_GTE_300
S7-B5-DY55,7,B,MOTOR_MEDIUM,FRAME-E,F2040-A,B5,210.0,150.0,320.0,85.0,140.0,48.0,L_LARGE,FORE_AFT_X,70.0,60.0,C1,11.5,10.0,10.0,10.0,10.0,24.0,10.0,12.0,260.0,315.0,False,True,15.0,FAIL_ENVELOPE_CONTRACT,TOTAL_WIDTH_GTE_300
S7-B5-DY60,7,B,MOTOR_MEDIUM,FRAME-E,F2040-A,B5,210.0,150.0,320.0,85.0,145.0,48.0,L_LARGE,FORE_AFT_X,70.0,60.0,C1,11.5,10.0,10.0,10.0,10.0,29.0,10.0,12.0,260.0,325.0,False,True,20.0,FAIL_ENVELOPE_CONTRACT,TOTAL_WIDTH_GTE_300
S7-B5-DY65,7,B,MOTOR_MEDIUM,FRAME-E,F2040-A,B5,210.0,150.0,320.0,85.0,150.0,48.0,L_LARGE,FORE_AFT_X,70.0,60.0,C1,11.5,10.0,10.0,10.0,10.0,34.0,10.0,12.0,260.0,335.0,False,True,25.0,FAIL_ENVELOPE_CONTRACT,TOTAL_WIDTH_GTE_300
S7-B5-DY70,7,B,MOTOR_MEDIUM,FRAME-E,F2040-A,B5,210.0,150.0,320.0,85.0,155.0,48.0,L_LARGE,FORE_AFT_X,70.0,60.0,C1,11.5,10.0,10.0,10.0,10.0,39.0,10.0,12.0,260.0,345.0,False,True,30.0,FAIL_ENVELOPE_CONTRACT,TOTAL_WIDTH_GTE_300
S8-GAP30-C1,8,B,MOTOR_MEDIUM,FRAME-E,F2040-A,B1,210.0,150.0,320.0,85.0,125.0,48.0,L_LARGE,FORE_AFT_X,70.0,30.0,C1,11.5,10.0,10.0,10.0,10.0,9.0,10.0,12.0,260.0,290.0,True,False,3.0,CONDITIONAL_PASS_CANDIDATE,
S8-GAP30-C2,8,B,MOTOR_MEDIUM,FRAME-E,F2040-A,B1,210.0,150.0,320.0,85.0,125.0,48.0,L_LARGE,FORE_AFT_X,70.0,30.0,C2,11.5,10.0,10.0,10.0,10.0,9.0,10.0,12.0,260.0,290.0,True,False,3.0,CONDITIONAL_PASS_CANDIDATE,
S8-GAP30-C3,8,B,MOTOR_MEDIUM,FRAME-E,F2040-A,B1,210.0,150.0,320.0,85.0,125.0,48.0,L_LARGE,FORE_AFT_X,70.0,30.0,C3,11.5,10.0,10.0,10.0,10.0,9.0,10.0,12.0,260.0,290.0,True,False,3.0,CONDITIONAL_PASS_CANDIDATE,
S8-GAP30-C4,8,B,MOTOR_MEDIUM,FRAME-E,F2040-A,B1,210.0,150.0,320.0,85.0,125.0,48.0,L_LARGE,FORE_AFT_X,70.0,30.0,C4,11.5,10.0,10.0,10.0,10.0,9.0,10.0,12.0,260.0,290.0,True,False,3.0,CONDITIONAL_PASS_CANDIDATE,
S8-GAP30-C5,8,B,MOTOR_MEDIUM,FRAME-E,F2040-A,B1,210.0,150.0,320.0,85.0,125.0,48.0,L_LARGE,FORE_AFT_X,70.0,30.0,C5,11.5,10.0,10.0,10.0,10.0,9.0,10.0,12.0,260.0,290.0,True,False,3.0,CONDITIONAL_PASS_CANDIDATE,
S8-GAP40-C1,8,B,MOTOR_MEDIUM,FRAME-E,F2040-A,B1,210.0,150.0,320.0,85.0,125.0,48.0,L_LARGE,FORE_AFT_X,70.0,40.0,C1,11.5,10.0,10.0,10.0,10.0,9.0,10.0,12.0,260.0,290.0,True,False,2.0,CONDITIONAL_PASS_CANDIDATE,
S8-GAP40-C2,8,B,MOTOR_MEDIUM,FRAME-E,F2040-A,B1,210.0,150.0,320.0,85.0,125.0,48.0,L_LARGE,FORE_AFT_X,70.0,40.0,C2,11.5,10.0,10.0,10.0,10.0,9.0,10.0,12.0,260.0,290.0,True,False,2.0,CONDITIONAL_PASS_CANDIDATE,
S8-GAP40-C3,8,B,MOTOR_MEDIUM,FRAME-E,F2040-A,B1,210.0,150.0,320.0,85.0,125.0,48.0,L_LARGE,FORE_AFT_X,70.0,40.0,C3,11.5,10.0,10.0,10.0,10.0,9.0,10.0,12.0,260.0,290.0,True,False,2.0,CONDITIONAL_PASS_CANDIDATE,
S8-GAP40-C4,8,B,MOTOR_MEDIUM,FRAME-E,F2040-A,B1,210.0,150.0,320.0,85.0,125.0,48.0,L_LARGE,FORE_AFT_X,70.0,40.0,C4,11.5,10.0,10.0,10.0,10.0,9.0,10.0,12.0,260.0,290.0,True,False,2.0,CONDITIONAL_PASS_CANDIDATE,
S8-GAP40-C5,8,B,MOTOR_MEDIUM,FRAME-E,F2040-A,B1,210.0,150.0,320.0,85.0,125.0,48.0,L_LARGE,FORE_AFT_X,70.0,40.0,C5,11.5,10.0,10.0,10.0,10.0,9.0,10.0,12.0,260.0,290.0,True,False,2.0,CONDITIONAL_PASS_CANDIDATE,
S8-GAP50-C1,8,B,MOTOR_MEDIUM,FRAME-E,F2040-A,B1,210.0,150.0,320.0,85.0,125.0,48.0,L_LARGE,FORE_AFT_X,70.0,50.0,C1,11.5,10.0,10.0,10.0,10.0,9.0,10.0,12.0,260.0,290.0,True,True,1.0,CONDITIONAL_PASS_CANDIDATE,
S8-GAP50-C2,8,B,MOTOR_MEDIUM,FRAME-E,F2040-A,B1,210.0,150.0,320.0,85.0,125.0,48.0,L_LARGE,FORE_AFT_X,70.0,50.0,C2,11.5,10.0,10.0,10.0,10.0,9.0,10.0,12.0,260.0,290.0,True,True,1.0,CONDITIONAL_PASS_CANDIDATE,
S8-GAP50-C3,8,B,MOTOR_MEDIUM,FRAME-E,F2040-A,B1,210.0,150.0,320.0,85.0,125.0,48.0,L_LARGE,FORE_AFT_X,70.0,50.0,C3,11.5,10.0,10.0,10.0,10.0,9.0,10.0,12.0,260.0,290.0,True,True,1.0,CONDITIONAL_PASS_CANDIDATE,
S8-GAP50-C4,8,B,MOTOR_MEDIUM,FRAME-E,F2040-A,B1,210.0,150.0,320.0,85.0,125.0,48.0,L_LARGE,FORE_AFT_X,70.0,50.0,C4,11.5,10.0,10.0,10.0,10.0,9.0,10.0,12.0,260.0,290.0,True,True,1.0,CONDITIONAL_PASS_CANDIDATE,
S8-GAP50-C5,8,B,MOTOR_MEDIUM,FRAME-E,F2040-A,B1,210.0,150.0,320.0,85.0,125.0,48.0,L_LARGE,FORE_AFT_X,70.0,50.0,C5,11.5,10.0,10.0,10.0,10.0,9.0,10.0,12.0,260.0,290.0,True,True,1.0,CONDITIONAL_PASS_CANDIDATE,
S8-GAP60-C1,8,B,MOTOR_MEDIUM,FRAME-E,F2040-A,B1,210.0,150.0,320.0,85.0,125.0,48.0,L_LARGE,FORE_AFT_X,70.0,60.0,C1,11.5,10.0,10.0,10.0,10.0,9.0,10.0,12.0,260.0,290.0,True,True,0.0,CONDITIONAL_PASS_CANDIDATE,
S8-GAP60-C2,8,B,MOTOR_MEDIUM,FRAME-E,F2040-A,B1,210.0,150.0,320.0,85.0,125.0,48.0,L_LARGE,FORE_AFT_X,70.0,60.0,C2,11.5,10.0,10.0,10.0,10.0,9.0,10.0,12.0,260.0,290.0,True,True,0.0,CONDITIONAL_PASS_CANDIDATE,
S8-GAP60-C3,8,B,MOTOR_MEDIUM,FRAME-E,F2040-A,B1,210.0,150.0,320.0,85.0,125.0,48.0,L_LARGE,FORE_AFT_X,70.0,60.0,C3,11.5,10.0,10.0,10.0,10.0,9.0,10.0,12.0,260.0,290.0,True,True,0.0,CONDITIONAL_PASS_CANDIDATE,
S8-GAP60-C4,8,B,MOTOR_MEDIUM,FRAME-E,F2040-A,B1,210.0,150.0,320.0,85.0,125.0,48.0,L_LARGE,FORE_AFT_X,70.0,60.0,C4,11.5,10.0,10.0,10.0,10.0,9.0,10.0,12.0,260.0,290.0,True,True,0.0,CONDITIONAL_PASS_CANDIDATE,
S8-GAP60-C5,8,B,MOTOR_MEDIUM,FRAME-E,F2040-A,B1,210.0,150.0,320.0,85.0,125.0,48.0,L_LARGE,FORE_AFT_X,70.0,60.0,C5,11.5,10.0,10.0,10.0,10.0,9.0,10.0,12.0,260.0,290.0,True,True,0.0,CONDITIONAL_PASS_CANDIDATE,
S8-GAP70-C1,8,B,MOTOR_MEDIUM,FRAME-E,F2040-A,B1,210.0,150.0,320.0,85.0,125.0,48.0,L_LARGE,FORE_AFT_X,70.0,70.0,C1,11.5,10.0,10.0,10.0,10.0,9.0,10.0,12.0,260.0,290.0,True,True,1.0,CONDITIONAL_PASS_CANDIDATE,
S8-GAP70-C2,8,B,MOTOR_MEDIUM,FRAME-E,F2040-A,B1,210.0,150.0,320.0,85.0,125.0,48.0,L_LARGE,FORE_AFT_X,70.0,70.0,C2,11.5,10.0,10.0,10.0,10.0,9.0,10.0,12.0,260.0,290.0,True,True,1.0,CONDITIONAL_PASS_CANDIDATE,
S8-GAP70-C3,8,B,MOTOR_MEDIUM,FRAME-E,F2040-A,B1,210.0,150.0,320.0,85.0,125.0,48.0,L_LARGE,FORE_AFT_X,70.0,70.0,C3,11.5,10.0,10.0,10.0,10.0,9.0,10.0,12.0,260.0,290.0,True,True,1.0,CONDITIONAL_PASS_CANDIDATE,
S8-GAP70-C4,8,B,MOTOR_MEDIUM,FRAME-E,F2040-A,B1,210.0,150.0,320.0,85.0,125.0,48.0,L_LARGE,FORE_AFT_X,70.0,70.0,C4,11.5,10.0,10.0,10.0,10.0,9.0,10.0,12.0,260.0,290.0,True,True,1.0,CONDITIONAL_PASS_CANDIDATE,
S8-GAP70-C5,8,B,MOTOR_MEDIUM,FRAME-E,F2040-A,B1,210.0,150.0,320.0,85.0,125.0,48.0,L_LARGE,FORE_AFT_X,70.0,70.0,C5,11.5,10.0,10.0,10.0,10.0,9.0,10.0,12.0,260.0,290.0,True,True,1.0,CONDITIONAL_PASS_CANDIDATE,
S8-GAP80-C1,8,B,MOTOR_MEDIUM,FRAME-E,F2040-A,B1,210.0,150.0,320.0,85.0,125.0,48.0,L_LARGE,FORE_AFT_X,70.0,80.0,C1,11.5,10.0,10.0,10.0,10.0,9.0,10.0,12.0,260.0,290.0,True,True,2.0,CONDITIONAL_PASS_CANDIDATE,
S8-GAP80-C2,8,B,MOTOR_MEDIUM,FRAME-E,F2040-A,B1,210.0,150.0,320.0,85.0,125.0,48.0,L_LARGE,FORE_AFT_X,70.0,80.0,C2,11.5,10.0,10.0,10.0,10.0,9.0,10.0,12.0,260.0,290.0,True,True,2.0,CONDITIONAL_PASS_CANDIDATE,
S8-GAP80-C3,8,B,MOTOR_MEDIUM,FRAME-E,F2040-A,B1,210.0,150.0,320.0,85.0,125.0,48.0,L_LARGE,FORE_AFT_X,70.0,80.0,C3,11.5,10.0,10.0,10.0,10.0,9.0,10.0,12.0,260.0,290.0,True,True,2.0,CONDITIONAL_PASS_CANDIDATE,
S8-GAP80-C4,8,B,MOTOR_MEDIUM,FRAME-E,F2040-A,B1,210.0,150.0,320.0,85.0,125.0,48.0,L_LARGE,FORE_AFT_X,70.0,80.0,C4,11.5,10.0,10.0,10.0,10.0,9.0,10.0,12.0,260.0,290.0,True,True,2.0,CONDITIONAL_PASS_CANDIDATE,
S8-GAP80-C5,8,B,MOTOR_MEDIUM,FRAME-E,F2040-A,B1,210.0,150.0,320.0,85.0,125.0,48.0,L_LARGE,FORE_AFT_X,70.0,80.0,C5,11.5,10.0,10.0,10.0,10.0,9.0,10.0,12.0,260.0,290.0,True,True,2.0,CONDITIONAL_PASS_CANDIDATE,
S9-PY82.5-DY35.0-FY00.0-LX65.0-G50,9,B,MOTOR_MEDIUM,FRAME-E,F2040-A,B1,210.0,150.0,320.0,82.5,117.5,48.0,L_LARGE,FORE_AFT_X,65.0,50.0,C1,9.0,5.0,9.0,5.0,7.5,4.0,10.0,12.0,260.0,290.0,False,False,12.0,FAIL_ENVELOPE_CONTRACT,PTO_L_BRACKET_CLEARANCE_LT_8
S9-PY82.5-DY35.0-FY00.0-LX65.0-G60,9,B,MOTOR_MEDIUM,FRAME-E,F2040-A,B1,210.0,150.0,320.0,82.5,117.5,48.0,L_LARGE,FORE_AFT_X,65.0,60.0,C1,9.0,5.0,9.0,5.0,7.5,4.0,10.0,12.0,260.0,290.0,False,False,11.0,FAIL_ENVELOPE_CONTRACT,PTO_L_BRACKET_CLEARANCE_LT_8
S9-PY82.5-DY35.0-FY00.0-LX65.0-G70,9,B,MOTOR_MEDIUM,FRAME-E,F2040-A,B1,210.0,150.0,320.0,82.5,117.5,48.0,L_LARGE,FORE_AFT_X,65.0,70.0,C1,9.0,5.0,9.0,5.0,7.5,4.0,10.0,12.0,260.0,290.0,False,False,12.0,FAIL_ENVELOPE_CONTRACT,PTO_L_BRACKET_CLEARANCE_LT_8
S9-PY82.5-DY35.0-FY00.0-LX70.0-G50,9,B,MOTOR_MEDIUM,FRAME-E,F2040-A,B1,210.0,150.0,320.0,82.5,117.5,48.0,L_LARGE,FORE_AFT_X,70.0,50.0,C1,9.0,10.0,9.0,10.0,7.5,4.0,10.0,12.0,260.0,290.0,True,False,11.0,CONDITIONAL_PASS_CANDIDATE,
S9-PY82.5-DY35.0-FY00.0-LX70.0-G60,9,B,MOTOR_MEDIUM,FRAME-E,F2040-A,B1,210.0,150.0,320.0,82.5,117.5,48.0,L_LARGE,FORE_AFT_X,70.0,60.0,C1,9.0,10.0,9.0,10.0,7.5,4.0,10.0,12.0,260.0,290.0,True,False,10.0,CONDITIONAL_PASS_CANDIDATE,
S9-PY82.5-DY35.0-FY00.0-LX70.0-G70,9,B,MOTOR_MEDIUM,FRAME-E,F2040-A,B1,210.0,150.0,320.0,82.5,117.5,48.0,L_LARGE,FORE_AFT_X,70.0,70.0,C1,9.0,10.0,9.0,10.0,7.5,4.0,10.0,12.0,260.0,290.0,True,False,11.0,CONDITIONAL_PASS_CANDIDATE,
S9-PY82.5-DY35.0-FY00.0-LX75.0-G50,9,B,MOTOR_MEDIUM,FRAME-E,F2040-A,B1,210.0,150.0,320.0,82.5,117.5,48.0,L_LARGE,FORE_AFT_X,75.0,50.0,C1,9.0,15.0,9.0,15.0,7.5,4.0,10.0,12.0,260.0,290.0,True,False,12.0,CONDITIONAL_PASS_CANDIDATE,
S9-PY82.5-DY35.0-FY00.0-LX75.0-G60,9,B,MOTOR_MEDIUM,FRAME-E,F2040-A,B1,210.0,150.0,320.0,82.5,117.5,48.0,L_LARGE,FORE_AFT_X,75.0,60.0,C1,9.0,15.0,9.0,15.0,7.5,4.0,10.0,12.0,260.0,290.0,True,False,11.0,CONDITIONAL_PASS_CANDIDATE,
S9-PY82.5-DY35.0-FY00.0-LX75.0-G70,9,B,MOTOR_MEDIUM,FRAME-E,F2040-A,B1,210.0,150.0,320.0,82.5,117.5,48.0,L_LARGE,FORE_AFT_X,75.0,70.0,C1,9.0,15.0,9.0,15.0,7.5,4.0,10.0,12.0,260.0,290.0,True,False,12.0,CONDITIONAL_PASS_CANDIDATE,
S9-PY82.5-DY35.0-FY00.0-LX80.0-G50,9,B,MOTOR_MEDIUM,FRAME-E,F2040-A,B1,210.0,150.0,320.0,82.5,117.5,48.0,L_LARGE,FORE_AFT_X,80.0,50.0,C1,9.0,20.0,9.0,20.0,7.5,4.0,10.0,12.0,260.0,290.0,True,False,13.0,CONDITIONAL_PASS_CANDIDATE,
S9-PY82.5-DY35.0-FY00.0-LX80.0-G60,9,B,MOTOR_MEDIUM,FRAME-E,F2040-A,B1,210.0,150.0,320.0,82.5,117.5,48.0,L_LARGE,FORE_AFT_X,80.0,60.0,C1,9.0,20.0,9.0,20.0,7.5,4.0,10.0,12.0,260.0,290.0,True,False,12.0,CONDITIONAL_PASS_CANDIDATE,
S9-PY82.5-DY35.0-FY00.0-LX80.0-G70,9,B,MOTOR_MEDIUM,FRAME-E,F2040-A,B1,210.0,150.0,320.0,82.5,117.5,48.0,L_LARGE,FORE_AFT_X,80.0,70.0,C1,9.0,20.0,9.0,20.0,7.5,4.0,10.0,12.0,260.0,290.0,True,False,13.0,CONDITIONAL_PASS_CANDIDATE,
S9-PY82.5-DY35.0-FY05.0-LX65.0-G50,9,B,MOTOR_MEDIUM,FRAME-E,F2040-A,B1,210.0,150.0,320.0,82.5,117.5,53.0,L_LARGE,FORE_AFT_X,65.0,50.0,C1,4.0,5.0,4.0,5.0,7.5,4.0,10.0,12.0,260.0,290.0,False,False,27.0,FAIL_ENVELOPE_CONTRACT,BELT_FIXED_CLEARANCE_LT_5;PTO_FIXED_CLEARANCE_LT_8;PTO_L_BRACKET_CLEARANCE_LT_8
S9-PY82.5-DY35.0-FY05.0-LX65.0-G60,9,B,MOTOR_MEDIUM,FRAME-E,F2040-A,B1,210.0,150.0,320.0,82.5,117.5,53.0,L_LARGE,FORE_AFT_X,65.0,60.0,C1,4.0,5.0,4.0,5.0,7.5,4.0,10.0,12.0,260.0,290.0,False,False,26.0,FAIL_ENVELOPE_CONTRACT,BELT_FIXED_CLEARANCE_LT_5;PTO_FIXED_CLEARANCE_LT_8;PTO_L_BRACKET_CLEARANCE_LT_8
S9-PY82.5-DY35.0-FY05.0-LX65.0-G70,9,B,MOTOR_MEDIUM,FRAME-E,F2040-A,B1,210.0,150.0,320.0,82.5,117.5,53.0,L_LARGE,FORE_AFT_X,65.0,70.0,C1,4.0,5.0,4.0,5.0,7.5,4.0,10.0,12.0,260.0,290.0,False,False,27.0,FAIL_ENVELOPE_CONTRACT,BELT_FIXED_CLEARANCE_LT_5;PTO_FIXED_CLEARANCE_LT_8;PTO_L_BRACKET_CLEARANCE_LT_8
S9-PY82.5-DY35.0-FY05.0-LX70.0-G50,9,B,MOTOR_MEDIUM,FRAME-E,F2040-A,B1,210.0,150.0,320.0,82.5,117.5,53.0,L_LARGE,FORE_AFT_X,70.0,50.0,C1,4.0,10.0,4.0,10.0,7.5,4.0,10.0,12.0,260.0,290.0,False,False,26.0,FAIL_ENVELOPE_CONTRACT,BELT_FIXED_CLEARANCE_LT_5;PTO_FIXED_CLEARANCE_LT_8
S9-PY82.5-DY35.0-FY05.0-LX70.0-G60,9,B,MOTOR_MEDIUM,FRAME-E,F2040-A,B1,210.0,150.0,320.0,82.5,117.5,53.0,L_LARGE,FORE_AFT_X,70.0,60.0,C1,4.0,10.0,4.0,10.0,7.5,4.0,10.0,12.0,260.0,290.0,False,False,25.0,FAIL_ENVELOPE_CONTRACT,BELT_FIXED_CLEARANCE_LT_5;PTO_FIXED_CLEARANCE_LT_8
S9-PY82.5-DY35.0-FY05.0-LX70.0-G70,9,B,MOTOR_MEDIUM,FRAME-E,F2040-A,B1,210.0,150.0,320.0,82.5,117.5,53.0,L_LARGE,FORE_AFT_X,70.0,70.0,C1,4.0,10.0,4.0,10.0,7.5,4.0,10.0,12.0,260.0,290.0,False,False,26.0,FAIL_ENVELOPE_CONTRACT,BELT_FIXED_CLEARANCE_LT_5;PTO_FIXED_CLEARANCE_LT_8
S9-PY82.5-DY35.0-FY05.0-LX75.0-G50,9,B,MOTOR_MEDIUM,FRAME-E,F2040-A,B1,210.0,150.0,320.0,82.5,117.5,53.0,L_LARGE,FORE_AFT_X,75.0,50.0,C1,4.0,15.0,4.0,15.0,7.5,4.0,10.0,12.0,260.0,290.0,False,False,27.0,FAIL_ENVELOPE_CONTRACT,BELT_FIXED_CLEARANCE_LT_5;PTO_FIXED_CLEARANCE_LT_8
S9-PY82.5-DY35.0-FY05.0-LX75.0-G60,9,B,MOTOR_MEDIUM,FRAME-E,F2040-A,B1,210.0,150.0,320.0,82.5,117.5,53.0,L_LARGE,FORE_AFT_X,75.0,60.0,C1,4.0,15.0,4.0,15.0,7.5,4.0,10.0,12.0,260.0,290.0,False,False,26.0,FAIL_ENVELOPE_CONTRACT,BELT_FIXED_CLEARANCE_LT_5;PTO_FIXED_CLEARANCE_LT_8
S9-PY82.5-DY35.0-FY05.0-LX75.0-G70,9,B,MOTOR_MEDIUM,FRAME-E,F2040-A,B1,210.0,150.0,320.0,82.5,117.5,53.0,L_LARGE,FORE_AFT_X,75.0,70.0,C1,4.0,15.0,4.0,15.0,7.5,4.0,10.0,12.0,260.0,290.0,False,False,27.0,FAIL_ENVELOPE_CONTRACT,BELT_FIXED_CLEARANCE_LT_5;PTO_FIXED_CLEARANCE_LT_8
S9-PY82.5-DY35.0-FY05.0-LX80.0-G50,9,B,MOTOR_MEDIUM,FRAME-E,F2040-A,B1,210.0,150.0,320.0,82.5,117.5,53.0,L_LARGE,FORE_AFT_X,80.0,50.0,C1,4.0,20.0,4.0,20.0,7.5,4.0,10.0,12.0,260.0,290.0,False,False,28.0,FAIL_ENVELOPE_CONTRACT,BELT_FIXED_CLEARANCE_LT_5;PTO_FIXED_CLEARANCE_LT_8
S9-PY82.5-DY35.0-FY05.0-LX80.0-G60,9,B,MOTOR_MEDIUM,FRAME-E,F2040-A,B1,210.0,150.0,320.0,82.5,117.5,53.0,L_LARGE,FORE_AFT_X,80.0,60.0,C1,4.0,20.0,4.0,20.0,7.5,4.0,10.0,12.0,260.0,290.0,False,False,27.0,FAIL_ENVELOPE_CONTRACT,BELT_FIXED_CLEARANCE_LT_5;PTO_FIXED_CLEARANCE_LT_8
S9-PY82.5-DY35.0-FY05.0-LX80.0-G70,9,B,MOTOR_MEDIUM,FRAME-E,F2040-A,B1,210.0,150.0,320.0,82.5,117.5,53.0,L_LARGE,FORE_AFT_X,80.0,70.0,C1,4.0,20.0,4.0,20.0,7.5,4.0,10.0,12.0,260.0,290.0,False,False,28.0,FAIL_ENVELOPE_CONTRACT,BELT_FIXED_CLEARANCE_LT_5;PTO_FIXED_CLEARANCE_LT_8
S9-PY82.5-DY35.0-FY10.0-LX65.0-G50,9,B,MOTOR_MEDIUM,FRAME-E,F2040-A,B1,210.0,150.0,320.0,82.5,117.5,58.0,L_LARGE,FORE_AFT_X,65.0,50.0,C1,-1.0,5.0,-1.0,5.0,7.5,4.0,10.0,12.0,260.0,290.0,False,False,42.0,FAIL_ENVELOPE_CONTRACT,BELT_FIXED_CLEARANCE_LT_5;PTO_FIXED_CLEARANCE_LT_8;PTO_L_BRACKET_CLEARANCE_LT_8
S9-PY82.5-DY35.0-FY10.0-LX65.0-G60,9,B,MOTOR_MEDIUM,FRAME-E,F2040-A,B1,210.0,150.0,320.0,82.5,117.5,58.0,L_LARGE,FORE_AFT_X,65.0,60.0,C1,-1.0,5.0,-1.0,5.0,7.5,4.0,10.0,12.0,260.0,290.0,False,False,41.0,FAIL_ENVELOPE_CONTRACT,BELT_FIXED_CLEARANCE_LT_5;PTO_FIXED_CLEARANCE_LT_8;PTO_L_BRACKET_CLEARANCE_LT_8
S9-PY82.5-DY35.0-FY10.0-LX65.0-G70,9,B,MOTOR_MEDIUM,FRAME-E,F2040-A,B1,210.0,150.0,320.0,82.5,117.5,58.0,L_LARGE,FORE_AFT_X,65.0,70.0,C1,-1.0,5.0,-1.0,5.0,7.5,4.0,10.0,12.0,260.0,290.0,False,False,42.0,FAIL_ENVELOPE_CONTRACT,BELT_FIXED_CLEARANCE_LT_5;PTO_FIXED_CLEARANCE_LT_8;PTO_L_BRACKET_CLEARANCE_LT_8
S9-PY82.5-DY35.0-FY10.0-LX70.0-G50,9,B,MOTOR_MEDIUM,FRAME-E,F2040-A,B1,210.0,150.0,320.0,82.5,117.5,58.0,L_LARGE,FORE_AFT_X,70.0,50.0,C1,-1.0,10.0,-1.0,10.0,7.5,4.0,10.0,12.0,260.0,290.0,False,False,41.0,FAIL_ENVELOPE_CONTRACT,BELT_FIXED_CLEARANCE_LT_5;PTO_FIXED_CLEARANCE_LT_8
S9-PY82.5-DY35.0-FY10.0-LX70.0-G60,9,B,MOTOR_MEDIUM,FRAME-E,F2040-A,B1,210.0,150.0,320.0,82.5,117.5,58.0,L_LARGE,FORE_AFT_X,70.0,60.0,C1,-1.0,10.0,-1.0,10.0,7.5,4.0,10.0,12.0,260.0,290.0,False,False,40.0,FAIL_ENVELOPE_CONTRACT,BELT_FIXED_CLEARANCE_LT_5;PTO_FIXED_CLEARANCE_LT_8
S9-PY82.5-DY35.0-FY10.0-LX70.0-G70,9,B,MOTOR_MEDIUM,FRAME-E,F2040-A,B1,210.0,150.0,320.0,82.5,117.5,58.0,L_LARGE,FORE_AFT_X,70.0,70.0,C1,-1.0,10.0,-1.0,10.0,7.5,4.0,10.0,12.0,260.0,290.0,False,False,41.0,FAIL_ENVELOPE_CONTRACT,BELT_FIXED_CLEARANCE_LT_5;PTO_FIXED_CLEARANCE_LT_8
S9-PY82.5-DY35.0-FY10.0-LX75.0-G50,9,B,MOTOR_MEDIUM,FRAME-E,F2040-A,B1,210.0,150.0,320.0,82.5,117.5,58.0,L_LARGE,FORE_AFT_X,75.0,50.0,C1,-1.0,15.0,-1.0,15.0,7.5,4.0,10.0,12.0,260.0,290.0,False,False,42.0,FAIL_ENVELOPE_CONTRACT,BELT_FIXED_CLEARANCE_LT_5;PTO_FIXED_CLEARANCE_LT_8
S9-PY82.5-DY35.0-FY10.0-LX75.0-G60,9,B,MOTOR_MEDIUM,FRAME-E,F2040-A,B1,210.0,150.0,320.0,82.5,117.5,58.0,L_LARGE,FORE_AFT_X,75.0,60.0,C1,-1.0,15.0,-1.0,15.0,7.5,4.0,10.0,12.0,260.0,290.0,False,False,41.0,FAIL_ENVELOPE_CONTRACT,BELT_FIXED_CLEARANCE_LT_5;PTO_FIXED_CLEARANCE_LT_8
S9-PY82.5-DY35.0-FY10.0-LX75.0-G70,9,B,MOTOR_MEDIUM,FRAME-E,F2040-A,B1,210.0,150.0,320.0,82.5,117.5,58.0,L_LARGE,FORE_AFT_X,75.0,70.0,C1,-1.0,15.0,-1.0,15.0,7.5,4.0,10.0,12.0,260.0,290.0,False,False,42.0,FAIL_ENVELOPE_CONTRACT,BELT_FIXED_CLEARANCE_LT_5;PTO_FIXED_CLEARANCE_LT_8
S9-PY82.5-DY35.0-FY10.0-LX80.0-G50,9,B,MOTOR_MEDIUM,FRAME-E,F2040-A,B1,210.0,150.0,320.0,82.5,117.5,58.0,L_LARGE,FORE_AFT_X,80.0,50.0,C1,-1.0,20.0,-1.0,20.0,7.5,4.0,10.0,12.0,260.0,290.0,False,False,43.0,FAIL_ENVELOPE_CONTRACT,BELT_FIXED_CLEARANCE_LT_5;PTO_FIXED_CLEARANCE_LT_8
S9-PY82.5-DY35.0-FY10.0-LX80.0-G60,9,B,MOTOR_MEDIUM,FRAME-E,F2040-A,B1,210.0,150.0,320.0,82.5,117.5,58.0,L_LARGE,FORE_AFT_X,80.0,60.0,C1,-1.0,20.0,-1.0,20.0,7.5,4.0,10.0,12.0,260.0,290.0,False,False,42.0,FAIL_ENVELOPE_CONTRACT,BELT_FIXED_CLEARANCE_LT_5;PTO_FIXED_CLEARANCE_LT_8
S9-PY82.5-DY35.0-FY10.0-LX80.0-G70,9,B,MOTOR_MEDIUM,FRAME-E,F2040-A,B1,210.0,150.0,320.0,82.5,117.5,58.0,L_LARGE,FORE_AFT_X,80.0,70.0,C1,-1.0,20.0,-1.0,20.0,7.5,4.0,10.0,12.0,260.0,290.0,False,False,43.0,FAIL_ENVELOPE_CONTRACT,BELT_FIXED_CLEARANCE_LT_5;PTO_FIXED_CLEARANCE_LT_8
S9-PY82.5-DY40.0-FY00.0-LX65.0-G50,9,B,MOTOR_MEDIUM,FRAME-E,F2040-A,B1,210.0,150.0,320.0,82.5,122.5,48.0,L_LARGE,FORE_AFT_X,65.0,50.0,C1,9.0,5.0,9.0,5.0,7.5,9.0,10.0,12.0,260.0,290.0,False,False,7.0,FAIL_ENVELOPE_CONTRACT,PTO_L_BRACKET_CLEARANCE_LT_8
S9-PY82.5-DY40.0-FY00.0-LX65.0-G60,9,B,MOTOR_MEDIUM,FRAME-E,F2040-A,B1,210.0,150.0,320.0,82.5,122.5,48.0,L_LARGE,FORE_AFT_X,65.0,60.0,C1,9.0,5.0,9.0,5.0,7.5,9.0,10.0,12.0,260.0,290.0,False,False,6.0,FAIL_ENVELOPE_CONTRACT,PTO_L_BRACKET_CLEARANCE_LT_8
S9-PY82.5-DY40.0-FY00.0-LX65.0-G70,9,B,MOTOR_MEDIUM,FRAME-E,F2040-A,B1,210.0,150.0,320.0,82.5,122.5,48.0,L_LARGE,FORE_AFT_X,65.0,70.0,C1,9.0,5.0,9.0,5.0,7.5,9.0,10.0,12.0,260.0,290.0,False,False,7.0,FAIL_ENVELOPE_CONTRACT,PTO_L_BRACKET_CLEARANCE_LT_8
S9-PY82.5-DY40.0-FY00.0-LX70.0-G50,9,B,MOTOR_MEDIUM,FRAME-E,F2040-A,B1,210.0,150.0,320.0,82.5,122.5,48.0,L_LARGE,FORE_AFT_X,70.0,50.0,C1,9.0,10.0,9.0,10.0,7.5,9.0,10.0,12.0,260.0,290.0,True,False,6.0,CONDITIONAL_PASS_CANDIDATE,
S9-PY82.5-DY40.0-FY00.0-LX70.0-G60,9,B,MOTOR_MEDIUM,FRAME-E,F2040-A,B1,210.0,150.0,320.0,82.5,122.5,48.0,L_LARGE,FORE_AFT_X,70.0,60.0,C1,9.0,10.0,9.0,10.0,7.5,9.0,10.0,12.0,260.0,290.0,True,False,5.0,CONDITIONAL_PASS_CANDIDATE,
S9-PY82.5-DY40.0-FY00.0-LX70.0-G70,9,B,MOTOR_MEDIUM,FRAME-E,F2040-A,B1,210.0,150.0,320.0,82.5,122.5,48.0,L_LARGE,FORE_AFT_X,70.0,70.0,C1,9.0,10.0,9.0,10.0,7.5,9.0,10.0,12.0,260.0,290.0,True,False,6.0,CONDITIONAL_PASS_CANDIDATE,
S9-PY82.5-DY40.0-FY00.0-LX75.0-G50,9,B,MOTOR_MEDIUM,FRAME-E,F2040-A,B1,210.0,150.0,320.0,82.5,122.5,48.0,L_LARGE,FORE_AFT_X,75.0,50.0,C1,9.0,15.0,9.0,15.0,7.5,9.0,10.0,12.0,260.0,290.0,True,False,7.0,CONDITIONAL_PASS_CANDIDATE,
S9-PY82.5-DY40.0-FY00.0-LX75.0-G60,9,B,MOTOR_MEDIUM,FRAME-E,F2040-A,B1,210.0,150.0,320.0,82.5,122.5,48.0,L_LARGE,FORE_AFT_X,75.0,60.0,C1,9.0,15.0,9.0,15.0,7.5,9.0,10.0,12.0,260.0,290.0,True,False,6.0,CONDITIONAL_PASS_CANDIDATE,
S9-PY82.5-DY40.0-FY00.0-LX75.0-G70,9,B,MOTOR_MEDIUM,FRAME-E,F2040-A,B1,210.0,150.0,320.0,82.5,122.5,48.0,L_LARGE,FORE_AFT_X,75.0,70.0,C1,9.0,15.0,9.0,15.0,7.5,9.0,10.0,12.0,260.0,290.0,True,False,7.0,CONDITIONAL_PASS_CANDIDATE,
S9-PY82.5-DY40.0-FY00.0-LX80.0-G50,9,B,MOTOR_MEDIUM,FRAME-E,F2040-A,B1,210.0,150.0,320.0,82.5,122.5,48.0,L_LARGE,FORE_AFT_X,80.0,50.0,C1,9.0,20.0,9.0,20.0,7.5,9.0,10.0,12.0,260.0,290.0,True,False,8.0,CONDITIONAL_PASS_CANDIDATE,
S9-PY82.5-DY40.0-FY00.0-LX80.0-G60,9,B,MOTOR_MEDIUM,FRAME-E,F2040-A,B1,210.0,150.0,320.0,82.5,122.5,48.0,L_LARGE,FORE_AFT_X,80.0,60.0,C1,9.0,20.0,9.0,20.0,7.5,9.0,10.0,12.0,260.0,290.0,True,False,7.0,CONDITIONAL_PASS_CANDIDATE,
S9-PY82.5-DY40.0-FY00.0-LX80.0-G70,9,B,MOTOR_MEDIUM,FRAME-E,F2040-A,B1,210.0,150.0,320.0,82.5,122.5,48.0,L_LARGE,FORE_AFT_X,80.0,70.0,C1,9.0,20.0,9.0,20.0,7.5,9.0,10.0,12.0,260.0,290.0,True,False,8.0,CONDITIONAL_PASS_CANDIDATE,
S9-PY82.5-DY40.0-FY05.0-LX65.0-G50,9,B,MOTOR_MEDIUM,FRAME-E,F2040-A,B1,210.0,150.0,320.0,82.5,122.5,53.0,L_LARGE,FORE_AFT_X,65.0,50.0,C1,4.0,5.0,4.0,5.0,7.5,9.0,10.0,12.0,260.0,290.0,False,False,22.0,FAIL_ENVELOPE_CONTRACT,BELT_FIXED_CLEARANCE_LT_5;PTO_FIXED_CLEARANCE_LT_8;PTO_L_BRACKET_CLEARANCE_LT_8
S9-PY82.5-DY40.0-FY05.0-LX65.0-G60,9,B,MOTOR_MEDIUM,FRAME-E,F2040-A,B1,210.0,150.0,320.0,82.5,122.5,53.0,L_LARGE,FORE_AFT_X,65.0,60.0,C1,4.0,5.0,4.0,5.0,7.5,9.0,10.0,12.0,260.0,290.0,False,False,21.0,FAIL_ENVELOPE_CONTRACT,BELT_FIXED_CLEARANCE_LT_5;PTO_FIXED_CLEARANCE_LT_8;PTO_L_BRACKET_CLEARANCE_LT_8
S9-PY82.5-DY40.0-FY05.0-LX65.0-G70,9,B,MOTOR_MEDIUM,FRAME-E,F2040-A,B1,210.0,150.0,320.0,82.5,122.5,53.0,L_LARGE,FORE_AFT_X,65.0,70.0,C1,4.0,5.0,4.0,5.0,7.5,9.0,10.0,12.0,260.0,290.0,False,False,22.0,FAIL_ENVELOPE_CONTRACT,BELT_FIXED_CLEARANCE_LT_5;PTO_FIXED_CLEARANCE_LT_8;PTO_L_BRACKET_CLEARANCE_LT_8
S9-PY82.5-DY40.0-FY05.0-LX70.0-G50,9,B,MOTOR_MEDIUM,FRAME-E,F2040-A,B1,210.0,150.0,320.0,82.5,122.5,53.0,L_LARGE,FORE_AFT_X,70.0,50.0,C1,4.0,10.0,4.0,10.0,7.5,9.0,10.0,12.0,260.0,290.0,False,False,21.0,FAIL_ENVELOPE_CONTRACT,BELT_FIXED_CLEARANCE_LT_5;PTO_FIXED_CLEARANCE_LT_8
S9-PY82.5-DY40.0-FY05.0-LX70.0-G60,9,B,MOTOR_MEDIUM,FRAME-E,F2040-A,B1,210.0,150.0,320.0,82.5,122.5,53.0,L_LARGE,FORE_AFT_X,70.0,60.0,C1,4.0,10.0,4.0,10.0,7.5,9.0,10.0,12.0,260.0,290.0,False,False,20.0,FAIL_ENVELOPE_CONTRACT,BELT_FIXED_CLEARANCE_LT_5;PTO_FIXED_CLEARANCE_LT_8
S9-PY82.5-DY40.0-FY05.0-LX70.0-G70,9,B,MOTOR_MEDIUM,FRAME-E,F2040-A,B1,210.0,150.0,320.0,82.5,122.5,53.0,L_LARGE,FORE_AFT_X,70.0,70.0,C1,4.0,10.0,4.0,10.0,7.5,9.0,10.0,12.0,260.0,290.0,False,False,21.0,FAIL_ENVELOPE_CONTRACT,BELT_FIXED_CLEARANCE_LT_5;PTO_FIXED_CLEARANCE_LT_8
S9-PY82.5-DY40.0-FY05.0-LX75.0-G50,9,B,MOTOR_MEDIUM,FRAME-E,F2040-A,B1,210.0,150.0,320.0,82.5,122.5,53.0,L_LARGE,FORE_AFT_X,75.0,50.0,C1,4.0,15.0,4.0,15.0,7.5,9.0,10.0,12.0,260.0,290.0,False,False,22.0,FAIL_ENVELOPE_CONTRACT,BELT_FIXED_CLEARANCE_LT_5;PTO_FIXED_CLEARANCE_LT_8
S9-PY82.5-DY40.0-FY05.0-LX75.0-G60,9,B,MOTOR_MEDIUM,FRAME-E,F2040-A,B1,210.0,150.0,320.0,82.5,122.5,53.0,L_LARGE,FORE_AFT_X,75.0,60.0,C1,4.0,15.0,4.0,15.0,7.5,9.0,10.0,12.0,260.0,290.0,False,False,21.0,FAIL_ENVELOPE_CONTRACT,BELT_FIXED_CLEARANCE_LT_5;PTO_FIXED_CLEARANCE_LT_8
S9-PY82.5-DY40.0-FY05.0-LX75.0-G70,9,B,MOTOR_MEDIUM,FRAME-E,F2040-A,B1,210.0,150.0,320.0,82.5,122.5,53.0,L_LARGE,FORE_AFT_X,75.0,70.0,C1,4.0,15.0,4.0,15.0,7.5,9.0,10.0,12.0,260.0,290.0,False,False,22.0,FAIL_ENVELOPE_CONTRACT,BELT_FIXED_CLEARANCE_LT_5;PTO_FIXED_CLEARANCE_LT_8
S9-PY82.5-DY40.0-FY05.0-LX80.0-G50,9,B,MOTOR_MEDIUM,FRAME-E,F2040-A,B1,210.0,150.0,320.0,82.5,122.5,53.0,L_LARGE,FORE_AFT_X,80.0,50.0,C1,4.0,20.0,4.0,20.0,7.5,9.0,10.0,12.0,260.0,290.0,False,False,23.0,FAIL_ENVELOPE_CONTRACT,BELT_FIXED_CLEARANCE_LT_5;PTO_FIXED_CLEARANCE_LT_8
S9-PY82.5-DY40.0-FY05.0-LX80.0-G60,9,B,MOTOR_MEDIUM,FRAME-E,F2040-A,B1,210.0,150.0,320.0,82.5,122.5,53.0,L_LARGE,FORE_AFT_X,80.0,60.0,C1,4.0,20.0,4.0,20.0,7.5,9.0,10.0,12.0,260.0,290.0,False,False,22.0,FAIL_ENVELOPE_CONTRACT,BELT_FIXED_CLEARANCE_LT_5;PTO_FIXED_CLEARANCE_LT_8
S9-PY82.5-DY40.0-FY05.0-LX80.0-G70,9,B,MOTOR_MEDIUM,FRAME-E,F2040-A,B1,210.0,150.0,320.0,82.5,122.5,53.0,L_LARGE,FORE_AFT_X,80.0,70.0,C1,4.0,20.0,4.0,20.0,7.5,9.0,10.0,12.0,260.0,290.0,False,False,23.0,FAIL_ENVELOPE_CONTRACT,BELT_FIXED_CLEARANCE_LT_5;PTO_FIXED_CLEARANCE_LT_8
S9-PY82.5-DY40.0-FY10.0-LX65.0-G50,9,B,MOTOR_MEDIUM,FRAME-E,F2040-A,B1,210.0,150.0,320.0,82.5,122.5,58.0,L_LARGE,FORE_AFT_X,65.0,50.0,C1,-1.0,5.0,-1.0,5.0,7.5,9.0,10.0,12.0,260.0,290.0,False,False,37.0,FAIL_ENVELOPE_CONTRACT,BELT_FIXED_CLEARANCE_LT_5;PTO_FIXED_CLEARANCE_LT_8;PTO_L_BRACKET_CLEARANCE_LT_8
S9-PY82.5-DY40.0-FY10.0-LX65.0-G60,9,B,MOTOR_MEDIUM,FRAME-E,F2040-A,B1,210.0,150.0,320.0,82.5,122.5,58.0,L_LARGE,FORE_AFT_X,65.0,60.0,C1,-1.0,5.0,-1.0,5.0,7.5,9.0,10.0,12.0,260.0,290.0,False,False,36.0,FAIL_ENVELOPE_CONTRACT,BELT_FIXED_CLEARANCE_LT_5;PTO_FIXED_CLEARANCE_LT_8;PTO_L_BRACKET_CLEARANCE_LT_8
S9-PY82.5-DY40.0-FY10.0-LX65.0-G70,9,B,MOTOR_MEDIUM,FRAME-E,F2040-A,B1,210.0,150.0,320.0,82.5,122.5,58.0,L_LARGE,FORE_AFT_X,65.0,70.0,C1,-1.0,5.0,-1.0,5.0,7.5,9.0,10.0,12.0,260.0,290.0,False,False,37.0,FAIL_ENVELOPE_CONTRACT,BELT_FIXED_CLEARANCE_LT_5;PTO_FIXED_CLEARANCE_LT_8;PTO_L_BRACKET_CLEARANCE_LT_8
S9-PY82.5-DY40.0-FY10.0-LX70.0-G50,9,B,MOTOR_MEDIUM,FRAME-E,F2040-A,B1,210.0,150.0,320.0,82.5,122.5,58.0,L_LARGE,FORE_AFT_X,70.0,50.0,C1,-1.0,10.0,-1.0,10.0,7.5,9.0,10.0,12.0,260.0,290.0,False,False,36.0,FAIL_ENVELOPE_CONTRACT,BELT_FIXED_CLEARANCE_LT_5;PTO_FIXED_CLEARANCE_LT_8
S9-PY82.5-DY40.0-FY10.0-LX70.0-G60,9,B,MOTOR_MEDIUM,FRAME-E,F2040-A,B1,210.0,150.0,320.0,82.5,122.5,58.0,L_LARGE,FORE_AFT_X,70.0,60.0,C1,-1.0,10.0,-1.0,10.0,7.5,9.0,10.0,12.0,260.0,290.0,False,False,35.0,FAIL_ENVELOPE_CONTRACT,BELT_FIXED_CLEARANCE_LT_5;PTO_FIXED_CLEARANCE_LT_8
S9-PY82.5-DY40.0-FY10.0-LX70.0-G70,9,B,MOTOR_MEDIUM,FRAME-E,F2040-A,B1,210.0,150.0,320.0,82.5,122.5,58.0,L_LARGE,FORE_AFT_X,70.0,70.0,C1,-1.0,10.0,-1.0,10.0,7.5,9.0,10.0,12.0,260.0,290.0,False,False,36.0,FAIL_ENVELOPE_CONTRACT,BELT_FIXED_CLEARANCE_LT_5;PTO_FIXED_CLEARANCE_LT_8
S9-PY82.5-DY40.0-FY10.0-LX75.0-G50,9,B,MOTOR_MEDIUM,FRAME-E,F2040-A,B1,210.0,150.0,320.0,82.5,122.5,58.0,L_LARGE,FORE_AFT_X,75.0,50.0,C1,-1.0,15.0,-1.0,15.0,7.5,9.0,10.0,12.0,260.0,290.0,False,False,37.0,FAIL_ENVELOPE_CONTRACT,BELT_FIXED_CLEARANCE_LT_5;PTO_FIXED_CLEARANCE_LT_8
S9-PY82.5-DY40.0-FY10.0-LX75.0-G60,9,B,MOTOR_MEDIUM,FRAME-E,F2040-A,B1,210.0,150.0,320.0,82.5,122.5,58.0,L_LARGE,FORE_AFT_X,75.0,60.0,C1,-1.0,15.0,-1.0,15.0,7.5,9.0,10.0,12.0,260.0,290.0,False,False,36.0,FAIL_ENVELOPE_CONTRACT,BELT_FIXED_CLEARANCE_LT_5;PTO_FIXED_CLEARANCE_LT_8
S9-PY82.5-DY40.0-FY10.0-LX75.0-G70,9,B,MOTOR_MEDIUM,FRAME-E,F2040-A,B1,210.0,150.0,320.0,82.5,122.5,58.0,L_LARGE,FORE_AFT_X,75.0,70.0,C1,-1.0,15.0,-1.0,15.0,7.5,9.0,10.0,12.0,260.0,290.0,False,False,37.0,FAIL_ENVELOPE_CONTRACT,BELT_FIXED_CLEARANCE_LT_5;PTO_FIXED_CLEARANCE_LT_8
S9-PY82.5-DY40.0-FY10.0-LX80.0-G50,9,B,MOTOR_MEDIUM,FRAME-E,F2040-A,B1,210.0,150.0,320.0,82.5,122.5,58.0,L_LARGE,FORE_AFT_X,80.0,50.0,C1,-1.0,20.0,-1.0,20.0,7.5,9.0,10.0,12.0,260.0,290.0,False,False,38.0,FAIL_ENVELOPE_CONTRACT,BELT_FIXED_CLEARANCE_LT_5;PTO_FIXED_CLEARANCE_LT_8
S9-PY82.5-DY40.0-FY10.0-LX80.0-G60,9,B,MOTOR_MEDIUM,FRAME-E,F2040-A,B1,210.0,150.0,320.0,82.5,122.5,58.0,L_LARGE,FORE_AFT_X,80.0,60.0,C1,-1.0,20.0,-1.0,20.0,7.5,9.0,10.0,12.0,260.0,290.0,False,False,37.0,FAIL_ENVELOPE_CONTRACT,BELT_FIXED_CLEARANCE_LT_5;PTO_FIXED_CLEARANCE_LT_8
S9-PY82.5-DY40.0-FY10.0-LX80.0-G70,9,B,MOTOR_MEDIUM,FRAME-E,F2040-A,B1,210.0,150.0,320.0,82.5,122.5,58.0,L_LARGE,FORE_AFT_X,80.0,70.0,C1,-1.0,20.0,-1.0,20.0,7.5,9.0,10.0,12.0,260.0,290.0,False,False,38.0,FAIL_ENVELOPE_CONTRACT,BELT_FIXED_CLEARANCE_LT_5;PTO_FIXED_CLEARANCE_LT_8
S9-PY82.5-DY45.0-FY00.0-LX65.0-G50,9,B,MOTOR_MEDIUM,FRAME-E,F2040-A,B1,210.0,150.0,320.0,82.5,127.5,48.0,L_LARGE,FORE_AFT_X,65.0,50.0,C1,9.0,5.0,9.0,5.0,7.5,14.0,10.0,12.0,260.0,290.0,False,False,12.0,FAIL_ENVELOPE_CONTRACT,PTO_L_BRACKET_CLEARANCE_LT_8
S9-PY82.5-DY45.0-FY00.0-LX65.0-G60,9,B,MOTOR_MEDIUM,FRAME-E,F2040-A,B1,210.0,150.0,320.0,82.5,127.5,48.0,L_LARGE,FORE_AFT_X,65.0,60.0,C1,9.0,5.0,9.0,5.0,7.5,14.0,10.0,12.0,260.0,290.0,False,False,11.0,FAIL_ENVELOPE_CONTRACT,PTO_L_BRACKET_CLEARANCE_LT_8
S9-PY82.5-DY45.0-FY00.0-LX65.0-G70,9,B,MOTOR_MEDIUM,FRAME-E,F2040-A,B1,210.0,150.0,320.0,82.5,127.5,48.0,L_LARGE,FORE_AFT_X,65.0,70.0,C1,9.0,5.0,9.0,5.0,7.5,14.0,10.0,12.0,260.0,290.0,False,False,12.0,FAIL_ENVELOPE_CONTRACT,PTO_L_BRACKET_CLEARANCE_LT_8
S9-PY82.5-DY45.0-FY00.0-LX70.0-G50,9,B,MOTOR_MEDIUM,FRAME-E,F2040-A,B1,210.0,150.0,320.0,82.5,127.5,48.0,L_LARGE,FORE_AFT_X,70.0,50.0,C1,9.0,10.0,9.0,10.0,7.5,14.0,10.0,12.0,260.0,290.0,True,False,11.0,CONDITIONAL_PASS_CANDIDATE,
S9-PY82.5-DY45.0-FY00.0-LX70.0-G60,9,B,MOTOR_MEDIUM,FRAME-E,F2040-A,B1,210.0,150.0,320.0,82.5,127.5,48.0,L_LARGE,FORE_AFT_X,70.0,60.0,C1,9.0,10.0,9.0,10.0,7.5,14.0,10.0,12.0,260.0,290.0,True,False,10.0,CONDITIONAL_PASS_CANDIDATE,
S9-PY82.5-DY45.0-FY00.0-LX70.0-G70,9,B,MOTOR_MEDIUM,FRAME-E,F2040-A,B1,210.0,150.0,320.0,82.5,127.5,48.0,L_LARGE,FORE_AFT_X,70.0,70.0,C1,9.0,10.0,9.0,10.0,7.5,14.0,10.0,12.0,260.0,290.0,True,False,11.0,CONDITIONAL_PASS_CANDIDATE,
S9-PY82.5-DY45.0-FY00.0-LX75.0-G50,9,B,MOTOR_MEDIUM,FRAME-E,F2040-A,B1,210.0,150.0,320.0,82.5,127.5,48.0,L_LARGE,FORE_AFT_X,75.0,50.0,C1,9.0,15.0,9.0,15.0,7.5,14.0,10.0,12.0,260.0,290.0,True,False,12.0,CONDITIONAL_PASS_CANDIDATE,
S9-PY82.5-DY45.0-FY00.0-LX75.0-G60,9,B,MOTOR_MEDIUM,FRAME-E,F2040-A,B1,210.0,150.0,320.0,82.5,127.5,48.0,L_LARGE,FORE_AFT_X,75.0,60.0,C1,9.0,15.0,9.0,15.0,7.5,14.0,10.0,12.0,260.0,290.0,True,False,11.0,CONDITIONAL_PASS_CANDIDATE,
S9-PY82.5-DY45.0-FY00.0-LX75.0-G70,9,B,MOTOR_MEDIUM,FRAME-E,F2040-A,B1,210.0,150.0,320.0,82.5,127.5,48.0,L_LARGE,FORE_AFT_X,75.0,70.0,C1,9.0,15.0,9.0,15.0,7.5,14.0,10.0,12.0,260.0,290.0,True,False,12.0,CONDITIONAL_PASS_CANDIDATE,
S9-PY82.5-DY45.0-FY00.0-LX80.0-G50,9,B,MOTOR_MEDIUM,FRAME-E,F2040-A,B1,210.0,150.0,320.0,82.5,127.5,48.0,L_LARGE,FORE_AFT_X,80.0,50.0,C1,9.0,20.0,9.0,20.0,7.5,14.0,10.0,12.0,260.0,290.0,True,False,13.0,CONDITIONAL_PASS_CANDIDATE,
S9-PY82.5-DY45.0-FY00.0-LX80.0-G60,9,B,MOTOR_MEDIUM,FRAME-E,F2040-A,B1,210.0,150.0,320.0,82.5,127.5,48.0,L_LARGE,FORE_AFT_X,80.0,60.0,C1,9.0,20.0,9.0,20.0,7.5,14.0,10.0,12.0,260.0,290.0,True,False,12.0,CONDITIONAL_PASS_CANDIDATE,
S9-PY82.5-DY45.0-FY00.0-LX80.0-G70,9,B,MOTOR_MEDIUM,FRAME-E,F2040-A,B1,210.0,150.0,320.0,82.5,127.5,48.0,L_LARGE,FORE_AFT_X,80.0,70.0,C1,9.0,20.0,9.0,20.0,7.5,14.0,10.0,12.0,260.0,290.0,True,False,13.0,CONDITIONAL_PASS_CANDIDATE,
S9-PY82.5-DY45.0-FY05.0-LX65.0-G50,9,B,MOTOR_MEDIUM,FRAME-E,F2040-A,B1,210.0,150.0,320.0,82.5,127.5,53.0,L_LARGE,FORE_AFT_X,65.0,50.0,C1,4.0,5.0,4.0,5.0,7.5,14.0,10.0,12.0,260.0,290.0,False,False,27.0,FAIL_ENVELOPE_CONTRACT,BELT_FIXED_CLEARANCE_LT_5;PTO_FIXED_CLEARANCE_LT_8;PTO_L_BRACKET_CLEARANCE_LT_8
S9-PY82.5-DY45.0-FY05.0-LX65.0-G60,9,B,MOTOR_MEDIUM,FRAME-E,F2040-A,B1,210.0,150.0,320.0,82.5,127.5,53.0,L_LARGE,FORE_AFT_X,65.0,60.0,C1,4.0,5.0,4.0,5.0,7.5,14.0,10.0,12.0,260.0,290.0,False,False,26.0,FAIL_ENVELOPE_CONTRACT,BELT_FIXED_CLEARANCE_LT_5;PTO_FIXED_CLEARANCE_LT_8;PTO_L_BRACKET_CLEARANCE_LT_8
S9-PY82.5-DY45.0-FY05.0-LX65.0-G70,9,B,MOTOR_MEDIUM,FRAME-E,F2040-A,B1,210.0,150.0,320.0,82.5,127.5,53.0,L_LARGE,FORE_AFT_X,65.0,70.0,C1,4.0,5.0,4.0,5.0,7.5,14.0,10.0,12.0,260.0,290.0,False,False,27.0,FAIL_ENVELOPE_CONTRACT,BELT_FIXED_CLEARANCE_LT_5;PTO_FIXED_CLEARANCE_LT_8;PTO_L_BRACKET_CLEARANCE_LT_8
S9-PY82.5-DY45.0-FY05.0-LX70.0-G50,9,B,MOTOR_MEDIUM,FRAME-E,F2040-A,B1,210.0,150.0,320.0,82.5,127.5,53.0,L_LARGE,FORE_AFT_X,70.0,50.0,C1,4.0,10.0,4.0,10.0,7.5,14.0,10.0,12.0,260.0,290.0,False,False,26.0,FAIL_ENVELOPE_CONTRACT,BELT_FIXED_CLEARANCE_LT_5;PTO_FIXED_CLEARANCE_LT_8
S9-PY82.5-DY45.0-FY05.0-LX70.0-G60,9,B,MOTOR_MEDIUM,FRAME-E,F2040-A,B1,210.0,150.0,320.0,82.5,127.5,53.0,L_LARGE,FORE_AFT_X,70.0,60.0,C1,4.0,10.0,4.0,10.0,7.5,14.0,10.0,12.0,260.0,290.0,False,False,25.0,FAIL_ENVELOPE_CONTRACT,BELT_FIXED_CLEARANCE_LT_5;PTO_FIXED_CLEARANCE_LT_8
S9-PY82.5-DY45.0-FY05.0-LX70.0-G70,9,B,MOTOR_MEDIUM,FRAME-E,F2040-A,B1,210.0,150.0,320.0,82.5,127.5,53.0,L_LARGE,FORE_AFT_X,70.0,70.0,C1,4.0,10.0,4.0,10.0,7.5,14.0,10.0,12.0,260.0,290.0,False,False,26.0,FAIL_ENVELOPE_CONTRACT,BELT_FIXED_CLEARANCE_LT_5;PTO_FIXED_CLEARANCE_LT_8
S9-PY82.5-DY45.0-FY05.0-LX75.0-G50,9,B,MOTOR_MEDIUM,FRAME-E,F2040-A,B1,210.0,150.0,320.0,82.5,127.5,53.0,L_LARGE,FORE_AFT_X,75.0,50.0,C1,4.0,15.0,4.0,15.0,7.5,14.0,10.0,12.0,260.0,290.0,False,False,27.0,FAIL_ENVELOPE_CONTRACT,BELT_FIXED_CLEARANCE_LT_5;PTO_FIXED_CLEARANCE_LT_8
S9-PY82.5-DY45.0-FY05.0-LX75.0-G60,9,B,MOTOR_MEDIUM,FRAME-E,F2040-A,B1,210.0,150.0,320.0,82.5,127.5,53.0,L_LARGE,FORE_AFT_X,75.0,60.0,C1,4.0,15.0,4.0,15.0,7.5,14.0,10.0,12.0,260.0,290.0,False,False,26.0,FAIL_ENVELOPE_CONTRACT,BELT_FIXED_CLEARANCE_LT_5;PTO_FIXED_CLEARANCE_LT_8
S9-PY82.5-DY45.0-FY05.0-LX75.0-G70,9,B,MOTOR_MEDIUM,FRAME-E,F2040-A,B1,210.0,150.0,320.0,82.5,127.5,53.0,L_LARGE,FORE_AFT_X,75.0,70.0,C1,4.0,15.0,4.0,15.0,7.5,14.0,10.0,12.0,260.0,290.0,False,False,27.0,FAIL_ENVELOPE_CONTRACT,BELT_FIXED_CLEARANCE_LT_5;PTO_FIXED_CLEARANCE_LT_8
S9-PY82.5-DY45.0-FY05.0-LX80.0-G50,9,B,MOTOR_MEDIUM,FRAME-E,F2040-A,B1,210.0,150.0,320.0,82.5,127.5,53.0,L_LARGE,FORE_AFT_X,80.0,50.0,C1,4.0,20.0,4.0,20.0,7.5,14.0,10.0,12.0,260.0,290.0,False,False,28.0,FAIL_ENVELOPE_CONTRACT,BELT_FIXED_CLEARANCE_LT_5;PTO_FIXED_CLEARANCE_LT_8
S9-PY82.5-DY45.0-FY05.0-LX80.0-G60,9,B,MOTOR_MEDIUM,FRAME-E,F2040-A,B1,210.0,150.0,320.0,82.5,127.5,53.0,L_LARGE,FORE_AFT_X,80.0,60.0,C1,4.0,20.0,4.0,20.0,7.5,14.0,10.0,12.0,260.0,290.0,False,False,27.0,FAIL_ENVELOPE_CONTRACT,BELT_FIXED_CLEARANCE_LT_5;PTO_FIXED_CLEARANCE_LT_8
S9-PY82.5-DY45.0-FY05.0-LX80.0-G70,9,B,MOTOR_MEDIUM,FRAME-E,F2040-A,B1,210.0,150.0,320.0,82.5,127.5,53.0,L_LARGE,FORE_AFT_X,80.0,70.0,C1,4.0,20.0,4.0,20.0,7.5,14.0,10.0,12.0,260.0,290.0,False,False,28.0,FAIL_ENVELOPE_CONTRACT,BELT_FIXED_CLEARANCE_LT_5;PTO_FIXED_CLEARANCE_LT_8
S9-PY82.5-DY45.0-FY10.0-LX65.0-G50,9,B,MOTOR_MEDIUM,FRAME-E,F2040-A,B1,210.0,150.0,320.0,82.5,127.5,58.0,L_LARGE,FORE_AFT_X,65.0,50.0,C1,-1.0,5.0,-1.0,5.0,7.5,14.0,10.0,12.0,260.0,290.0,False,False,42.0,FAIL_ENVELOPE_CONTRACT,BELT_FIXED_CLEARANCE_LT_5;PTO_FIXED_CLEARANCE_LT_8;PTO_L_BRACKET_CLEARANCE_LT_8
S9-PY82.5-DY45.0-FY10.0-LX65.0-G60,9,B,MOTOR_MEDIUM,FRAME-E,F2040-A,B1,210.0,150.0,320.0,82.5,127.5,58.0,L_LARGE,FORE_AFT_X,65.0,60.0,C1,-1.0,5.0,-1.0,5.0,7.5,14.0,10.0,12.0,260.0,290.0,False,False,41.0,FAIL_ENVELOPE_CONTRACT,BELT_FIXED_CLEARANCE_LT_5;PTO_FIXED_CLEARANCE_LT_8;PTO_L_BRACKET_CLEARANCE_LT_8
S9-PY82.5-DY45.0-FY10.0-LX65.0-G70,9,B,MOTOR_MEDIUM,FRAME-E,F2040-A,B1,210.0,150.0,320.0,82.5,127.5,58.0,L_LARGE,FORE_AFT_X,65.0,70.0,C1,-1.0,5.0,-1.0,5.0,7.5,14.0,10.0,12.0,260.0,290.0,False,False,42.0,FAIL_ENVELOPE_CONTRACT,BELT_FIXED_CLEARANCE_LT_5;PTO_FIXED_CLEARANCE_LT_8;PTO_L_BRACKET_CLEARANCE_LT_8
S9-PY82.5-DY45.0-FY10.0-LX70.0-G50,9,B,MOTOR_MEDIUM,FRAME-E,F2040-A,B1,210.0,150.0,320.0,82.5,127.5,58.0,L_LARGE,FORE_AFT_X,70.0,50.0,C1,-1.0,10.0,-1.0,10.0,7.5,14.0,10.0,12.0,260.0,290.0,False,False,41.0,FAIL_ENVELOPE_CONTRACT,BELT_FIXED_CLEARANCE_LT_5;PTO_FIXED_CLEARANCE_LT_8
S9-PY82.5-DY45.0-FY10.0-LX70.0-G60,9,B,MOTOR_MEDIUM,FRAME-E,F2040-A,B1,210.0,150.0,320.0,82.5,127.5,58.0,L_LARGE,FORE_AFT_X,70.0,60.0,C1,-1.0,10.0,-1.0,10.0,7.5,14.0,10.0,12.0,260.0,290.0,False,False,40.0,FAIL_ENVELOPE_CONTRACT,BELT_FIXED_CLEARANCE_LT_5;PTO_FIXED_CLEARANCE_LT_8
S9-PY82.5-DY45.0-FY10.0-LX70.0-G70,9,B,MOTOR_MEDIUM,FRAME-E,F2040-A,B1,210.0,150.0,320.0,82.5,127.5,58.0,L_LARGE,FORE_AFT_X,70.0,70.0,C1,-1.0,10.0,-1.0,10.0,7.5,14.0,10.0,12.0,260.0,290.0,False,False,41.0,FAIL_ENVELOPE_CONTRACT,BELT_FIXED_CLEARANCE_LT_5;PTO_FIXED_CLEARANCE_LT_8
S9-PY82.5-DY45.0-FY10.0-LX75.0-G50,9,B,MOTOR_MEDIUM,FRAME-E,F2040-A,B1,210.0,150.0,320.0,82.5,127.5,58.0,L_LARGE,FORE_AFT_X,75.0,50.0,C1,-1.0,15.0,-1.0,15.0,7.5,14.0,10.0,12.0,260.0,290.0,False,False,42.0,FAIL_ENVELOPE_CONTRACT,BELT_FIXED_CLEARANCE_LT_5;PTO_FIXED_CLEARANCE_LT_8
S9-PY82.5-DY45.0-FY10.0-LX75.0-G60,9,B,MOTOR_MEDIUM,FRAME-E,F2040-A,B1,210.0,150.0,320.0,82.5,127.5,58.0,L_LARGE,FORE_AFT_X,75.0,60.0,C1,-1.0,15.0,-1.0,15.0,7.5,14.0,10.0,12.0,260.0,290.0,False,False,41.0,FAIL_ENVELOPE_CONTRACT,BELT_FIXED_CLEARANCE_LT_5;PTO_FIXED_CLEARANCE_LT_8
S9-PY82.5-DY45.0-FY10.0-LX75.0-G70,9,B,MOTOR_MEDIUM,FRAME-E,F2040-A,B1,210.0,150.0,320.0,82.5,127.5,58.0,L_LARGE,FORE_AFT_X,75.0,70.0,C1,-1.0,15.0,-1.0,15.0,7.5,14.0,10.0,12.0,260.0,290.0,False,False,42.0,FAIL_ENVELOPE_CONTRACT,BELT_FIXED_CLEARANCE_LT_5;PTO_FIXED_CLEARANCE_LT_8
S9-PY82.5-DY45.0-FY10.0-LX80.0-G50,9,B,MOTOR_MEDIUM,FRAME-E,F2040-A,B1,210.0,150.0,320.0,82.5,127.5,58.0,L_LARGE,FORE_AFT_X,80.0,50.0,C1,-1.0,20.0,-1.0,20.0,7.5,14.0,10.0,12.0,260.0,290.0,False,False,43.0,FAIL_ENVELOPE_CONTRACT,BELT_FIXED_CLEARANCE_LT_5;PTO_FIXED_CLEARANCE_LT_8
S9-PY82.5-DY45.0-FY10.0-LX80.0-G60,9,B,MOTOR_MEDIUM,FRAME-E,F2040-A,B1,210.0,150.0,320.0,82.5,127.5,58.0,L_LARGE,FORE_AFT_X,80.0,60.0,C1,-1.0,20.0,-1.0,20.0,7.5,14.0,10.0,12.0,260.0,290.0,False,False,42.0,FAIL_ENVELOPE_CONTRACT,BELT_FIXED_CLEARANCE_LT_5;PTO_FIXED_CLEARANCE_LT_8
S9-PY82.5-DY45.0-FY10.0-LX80.0-G70,9,B,MOTOR_MEDIUM,FRAME-E,F2040-A,B1,210.0,150.0,320.0,82.5,127.5,58.0,L_LARGE,FORE_AFT_X,80.0,70.0,C1,-1.0,20.0,-1.0,20.0,7.5,14.0,10.0,12.0,260.0,290.0,False,False,43.0,FAIL_ENVELOPE_CONTRACT,BELT_FIXED_CLEARANCE_LT_5;PTO_FIXED_CLEARANCE_LT_8
S9-PY85.0-DY35.0-FY00.0-LX65.0-G50,9,B,MOTOR_MEDIUM,FRAME-E,F2040-A,B1,210.0,150.0,320.0,85.0,120.0,48.0,L_LARGE,FORE_AFT_X,65.0,50.0,C1,11.5,5.0,10.0,5.0,10.0,4.0,10.0,12.0,260.0,290.0,False,False,7.0,FAIL_ENVELOPE_CONTRACT,PTO_L_BRACKET_CLEARANCE_LT_8
S9-PY85.0-DY35.0-FY00.0-LX65.0-G60,9,B,MOTOR_MEDIUM,FRAME-E,F2040-A,B1,210.0,150.0,320.0,85.0,120.0,48.0,L_LARGE,FORE_AFT_X,65.0,60.0,C1,11.5,5.0,10.0,5.0,10.0,4.0,10.0,12.0,260.0,290.0,False,False,6.0,FAIL_ENVELOPE_CONTRACT,PTO_L_BRACKET_CLEARANCE_LT_8
S9-PY85.0-DY35.0-FY00.0-LX65.0-G70,9,B,MOTOR_MEDIUM,FRAME-E,F2040-A,B1,210.0,150.0,320.0,85.0,120.0,48.0,L_LARGE,FORE_AFT_X,65.0,70.0,C1,11.5,5.0,10.0,5.0,10.0,4.0,10.0,12.0,260.0,290.0,False,False,7.0,FAIL_ENVELOPE_CONTRACT,PTO_L_BRACKET_CLEARANCE_LT_8
S9-PY85.0-DY35.0-FY00.0-LX70.0-G50,9,B,MOTOR_MEDIUM,FRAME-E,F2040-A,B1,210.0,150.0,320.0,85.0,120.0,48.0,L_LARGE,FORE_AFT_X,70.0,50.0,C1,11.5,10.0,10.0,10.0,10.0,4.0,10.0,12.0,260.0,290.0,True,True,6.0,CONDITIONAL_PASS_CANDIDATE,
S9-PY85.0-DY35.0-FY00.0-LX70.0-G60,9,B,MOTOR_MEDIUM,FRAME-E,F2040-A,B1,210.0,150.0,320.0,85.0,120.0,48.0,L_LARGE,FORE_AFT_X,70.0,60.0,C1,11.5,10.0,10.0,10.0,10.0,4.0,10.0,12.0,260.0,290.0,True,True,5.0,CONDITIONAL_PASS_CANDIDATE,
S9-PY85.0-DY35.0-FY00.0-LX70.0-G70,9,B,MOTOR_MEDIUM,FRAME-E,F2040-A,B1,210.0,150.0,320.0,85.0,120.0,48.0,L_LARGE,FORE_AFT_X,70.0,70.0,C1,11.5,10.0,10.0,10.0,10.0,4.0,10.0,12.0,260.0,290.0,True,True,6.0,CONDITIONAL_PASS_CANDIDATE,
S9-PY85.0-DY35.0-FY00.0-LX75.0-G50,9,B,MOTOR_MEDIUM,FRAME-E,F2040-A,B1,210.0,150.0,320.0,85.0,120.0,48.0,L_LARGE,FORE_AFT_X,75.0,50.0,C1,11.5,15.0,10.0,15.0,10.0,4.0,10.0,12.0,260.0,290.0,True,True,7.0,CONDITIONAL_PASS_CANDIDATE,
S9-PY85.0-DY35.0-FY00.0-LX75.0-G60,9,B,MOTOR_MEDIUM,FRAME-E,F2040-A,B1,210.0,150.0,320.0,85.0,120.0,48.0,L_LARGE,FORE_AFT_X,75.0,60.0,C1,11.5,15.0,10.0,15.0,10.0,4.0,10.0,12.0,260.0,290.0,True,True,6.0,CONDITIONAL_PASS_CANDIDATE,
S9-PY85.0-DY35.0-FY00.0-LX75.0-G70,9,B,MOTOR_MEDIUM,FRAME-E,F2040-A,B1,210.0,150.0,320.0,85.0,120.0,48.0,L_LARGE,FORE_AFT_X,75.0,70.0,C1,11.5,15.0,10.0,15.0,10.0,4.0,10.0,12.0,260.0,290.0,True,True,7.0,CONDITIONAL_PASS_CANDIDATE,
S9-PY85.0-DY35.0-FY00.0-LX80.0-G50,9,B,MOTOR_MEDIUM,FRAME-E,F2040-A,B1,210.0,150.0,320.0,85.0,120.0,48.0,L_LARGE,FORE_AFT_X,80.0,50.0,C1,11.5,20.0,10.0,20.0,10.0,4.0,10.0,12.0,260.0,290.0,True,True,8.0,CONDITIONAL_PASS_CANDIDATE,
S9-PY85.0-DY35.0-FY00.0-LX80.0-G60,9,B,MOTOR_MEDIUM,FRAME-E,F2040-A,B1,210.0,150.0,320.0,85.0,120.0,48.0,L_LARGE,FORE_AFT_X,80.0,60.0,C1,11.5,20.0,10.0,20.0,10.0,4.0,10.0,12.0,260.0,290.0,True,True,7.0,CONDITIONAL_PASS_CANDIDATE,
S9-PY85.0-DY35.0-FY00.0-LX80.0-G70,9,B,MOTOR_MEDIUM,FRAME-E,F2040-A,B1,210.0,150.0,320.0,85.0,120.0,48.0,L_LARGE,FORE_AFT_X,80.0,70.0,C1,11.5,20.0,10.0,20.0,10.0,4.0,10.0,12.0,260.0,290.0,True,True,8.0,CONDITIONAL_PASS_CANDIDATE,
S9-PY85.0-DY35.0-FY05.0-LX65.0-G50,9,B,MOTOR_MEDIUM,FRAME-E,F2040-A,B1,210.0,150.0,320.0,85.0,120.0,53.0,L_LARGE,FORE_AFT_X,65.0,50.0,C1,6.5,5.0,6.5,5.0,10.0,4.0,10.0,12.0,260.0,290.0,False,False,22.0,FAIL_ENVELOPE_CONTRACT,PTO_FIXED_CLEARANCE_LT_8;PTO_L_BRACKET_CLEARANCE_LT_8
S9-PY85.0-DY35.0-FY05.0-LX65.0-G60,9,B,MOTOR_MEDIUM,FRAME-E,F2040-A,B1,210.0,150.0,320.0,85.0,120.0,53.0,L_LARGE,FORE_AFT_X,65.0,60.0,C1,6.5,5.0,6.5,5.0,10.0,4.0,10.0,12.0,260.0,290.0,False,False,21.0,FAIL_ENVELOPE_CONTRACT,PTO_FIXED_CLEARANCE_LT_8;PTO_L_BRACKET_CLEARANCE_LT_8
S9-PY85.0-DY35.0-FY05.0-LX65.0-G70,9,B,MOTOR_MEDIUM,FRAME-E,F2040-A,B1,210.0,150.0,320.0,85.0,120.0,53.0,L_LARGE,FORE_AFT_X,65.0,70.0,C1,6.5,5.0,6.5,5.0,10.0,4.0,10.0,12.0,260.0,290.0,False,False,22.0,FAIL_ENVELOPE_CONTRACT,PTO_FIXED_CLEARANCE_LT_8;PTO_L_BRACKET_CLEARANCE_LT_8
S9-PY85.0-DY35.0-FY05.0-LX70.0-G50,9,B,MOTOR_MEDIUM,FRAME-E,F2040-A,B1,210.0,150.0,320.0,85.0,120.0,53.0,L_LARGE,FORE_AFT_X,70.0,50.0,C1,6.5,10.0,6.5,10.0,10.0,4.0,10.0,12.0,260.0,290.0,False,False,21.0,FAIL_ENVELOPE_CONTRACT,PTO_FIXED_CLEARANCE_LT_8
S9-PY85.0-DY35.0-FY05.0-LX70.0-G60,9,B,MOTOR_MEDIUM,FRAME-E,F2040-A,B1,210.0,150.0,320.0,85.0,120.0,53.0,L_LARGE,FORE_AFT_X,70.0,60.0,C1,6.5,10.0,6.5,10.0,10.0,4.0,10.0,12.0,260.0,290.0,False,False,20.0,FAIL_ENVELOPE_CONTRACT,PTO_FIXED_CLEARANCE_LT_8
S9-PY85.0-DY35.0-FY05.0-LX70.0-G70,9,B,MOTOR_MEDIUM,FRAME-E,F2040-A,B1,210.0,150.0,320.0,85.0,120.0,53.0,L_LARGE,FORE_AFT_X,70.0,70.0,C1,6.5,10.0,6.5,10.0,10.0,4.0,10.0,12.0,260.0,290.0,False,False,21.0,FAIL_ENVELOPE_CONTRACT,PTO_FIXED_CLEARANCE_LT_8
S9-PY85.0-DY35.0-FY05.0-LX75.0-G50,9,B,MOTOR_MEDIUM,FRAME-E,F2040-A,B1,210.0,150.0,320.0,85.0,120.0,53.0,L_LARGE,FORE_AFT_X,75.0,50.0,C1,6.5,15.0,6.5,15.0,10.0,4.0,10.0,12.0,260.0,290.0,False,False,22.0,FAIL_ENVELOPE_CONTRACT,PTO_FIXED_CLEARANCE_LT_8
S9-PY85.0-DY35.0-FY05.0-LX75.0-G60,9,B,MOTOR_MEDIUM,FRAME-E,F2040-A,B1,210.0,150.0,320.0,85.0,120.0,53.0,L_LARGE,FORE_AFT_X,75.0,60.0,C1,6.5,15.0,6.5,15.0,10.0,4.0,10.0,12.0,260.0,290.0,False,False,21.0,FAIL_ENVELOPE_CONTRACT,PTO_FIXED_CLEARANCE_LT_8
S9-PY85.0-DY35.0-FY05.0-LX75.0-G70,9,B,MOTOR_MEDIUM,FRAME-E,F2040-A,B1,210.0,150.0,320.0,85.0,120.0,53.0,L_LARGE,FORE_AFT_X,75.0,70.0,C1,6.5,15.0,6.5,15.0,10.0,4.0,10.0,12.0,260.0,290.0,False,False,22.0,FAIL_ENVELOPE_CONTRACT,PTO_FIXED_CLEARANCE_LT_8
S9-PY85.0-DY35.0-FY05.0-LX80.0-G50,9,B,MOTOR_MEDIUM,FRAME-E,F2040-A,B1,210.0,150.0,320.0,85.0,120.0,53.0,L_LARGE,FORE_AFT_X,80.0,50.0,C1,6.5,20.0,6.5,20.0,10.0,4.0,10.0,12.0,260.0,290.0,False,False,23.0,FAIL_ENVELOPE_CONTRACT,PTO_FIXED_CLEARANCE_LT_8
S9-PY85.0-DY35.0-FY05.0-LX80.0-G60,9,B,MOTOR_MEDIUM,FRAME-E,F2040-A,B1,210.0,150.0,320.0,85.0,120.0,53.0,L_LARGE,FORE_AFT_X,80.0,60.0,C1,6.5,20.0,6.5,20.0,10.0,4.0,10.0,12.0,260.0,290.0,False,False,22.0,FAIL_ENVELOPE_CONTRACT,PTO_FIXED_CLEARANCE_LT_8
S9-PY85.0-DY35.0-FY05.0-LX80.0-G70,9,B,MOTOR_MEDIUM,FRAME-E,F2040-A,B1,210.0,150.0,320.0,85.0,120.0,53.0,L_LARGE,FORE_AFT_X,80.0,70.0,C1,6.5,20.0,6.5,20.0,10.0,4.0,10.0,12.0,260.0,290.0,False,False,23.0,FAIL_ENVELOPE_CONTRACT,PTO_FIXED_CLEARANCE_LT_8
S9-PY85.0-DY35.0-FY10.0-LX65.0-G50,9,B,MOTOR_MEDIUM,FRAME-E,F2040-A,B1,210.0,150.0,320.0,85.0,120.0,58.0,L_LARGE,FORE_AFT_X,65.0,50.0,C1,1.5,5.0,1.5,5.0,10.0,4.0,10.0,12.0,260.0,290.0,False,False,37.0,FAIL_ENVELOPE_CONTRACT,BELT_FIXED_CLEARANCE_LT_5;PTO_FIXED_CLEARANCE_LT_8;PTO_L_BRACKET_CLEARANCE_LT_8
S9-PY85.0-DY35.0-FY10.0-LX65.0-G60,9,B,MOTOR_MEDIUM,FRAME-E,F2040-A,B1,210.0,150.0,320.0,85.0,120.0,58.0,L_LARGE,FORE_AFT_X,65.0,60.0,C1,1.5,5.0,1.5,5.0,10.0,4.0,10.0,12.0,260.0,290.0,False,False,36.0,FAIL_ENVELOPE_CONTRACT,BELT_FIXED_CLEARANCE_LT_5;PTO_FIXED_CLEARANCE_LT_8;PTO_L_BRACKET_CLEARANCE_LT_8
S9-PY85.0-DY35.0-FY10.0-LX65.0-G70,9,B,MOTOR_MEDIUM,FRAME-E,F2040-A,B1,210.0,150.0,320.0,85.0,120.0,58.0,L_LARGE,FORE_AFT_X,65.0,70.0,C1,1.5,5.0,1.5,5.0,10.0,4.0,10.0,12.0,260.0,290.0,False,False,37.0,FAIL_ENVELOPE_CONTRACT,BELT_FIXED_CLEARANCE_LT_5;PTO_FIXED_CLEARANCE_LT_8;PTO_L_BRACKET_CLEARANCE_LT_8
S9-PY85.0-DY35.0-FY10.0-LX70.0-G50,9,B,MOTOR_MEDIUM,FRAME-E,F2040-A,B1,210.0,150.0,320.0,85.0,120.0,58.0,L_LARGE,FORE_AFT_X,70.0,50.0,C1,1.5,10.0,1.5,10.0,10.0,4.0,10.0,12.0,260.0,290.0,False,False,36.0,FAIL_ENVELOPE_CONTRACT,BELT_FIXED_CLEARANCE_LT_5;PTO_FIXED_CLEARANCE_LT_8
S9-PY85.0-DY35.0-FY10.0-LX70.0-G60,9,B,MOTOR_MEDIUM,FRAME-E,F2040-A,B1,210.0,150.0,320.0,85.0,120.0,58.0,L_LARGE,FORE_AFT_X,70.0,60.0,C1,1.5,10.0,1.5,10.0,10.0,4.0,10.0,12.0,260.0,290.0,False,False,35.0,FAIL_ENVELOPE_CONTRACT,BELT_FIXED_CLEARANCE_LT_5;PTO_FIXED_CLEARANCE_LT_8
S9-PY85.0-DY35.0-FY10.0-LX70.0-G70,9,B,MOTOR_MEDIUM,FRAME-E,F2040-A,B1,210.0,150.0,320.0,85.0,120.0,58.0,L_LARGE,FORE_AFT_X,70.0,70.0,C1,1.5,10.0,1.5,10.0,10.0,4.0,10.0,12.0,260.0,290.0,False,False,36.0,FAIL_ENVELOPE_CONTRACT,BELT_FIXED_CLEARANCE_LT_5;PTO_FIXED_CLEARANCE_LT_8
S9-PY85.0-DY35.0-FY10.0-LX75.0-G50,9,B,MOTOR_MEDIUM,FRAME-E,F2040-A,B1,210.0,150.0,320.0,85.0,120.0,58.0,L_LARGE,FORE_AFT_X,75.0,50.0,C1,1.5,15.0,1.5,15.0,10.0,4.0,10.0,12.0,260.0,290.0,False,False,37.0,FAIL_ENVELOPE_CONTRACT,BELT_FIXED_CLEARANCE_LT_5;PTO_FIXED_CLEARANCE_LT_8
S9-PY85.0-DY35.0-FY10.0-LX75.0-G60,9,B,MOTOR_MEDIUM,FRAME-E,F2040-A,B1,210.0,150.0,320.0,85.0,120.0,58.0,L_LARGE,FORE_AFT_X,75.0,60.0,C1,1.5,15.0,1.5,15.0,10.0,4.0,10.0,12.0,260.0,290.0,False,False,36.0,FAIL_ENVELOPE_CONTRACT,BELT_FIXED_CLEARANCE_LT_5;PTO_FIXED_CLEARANCE_LT_8
S9-PY85.0-DY35.0-FY10.0-LX75.0-G70,9,B,MOTOR_MEDIUM,FRAME-E,F2040-A,B1,210.0,150.0,320.0,85.0,120.0,58.0,L_LARGE,FORE_AFT_X,75.0,70.0,C1,1.5,15.0,1.5,15.0,10.0,4.0,10.0,12.0,260.0,290.0,False,False,37.0,FAIL_ENVELOPE_CONTRACT,BELT_FIXED_CLEARANCE_LT_5;PTO_FIXED_CLEARANCE_LT_8
S9-PY85.0-DY35.0-FY10.0-LX80.0-G50,9,B,MOTOR_MEDIUM,FRAME-E,F2040-A,B1,210.0,150.0,320.0,85.0,120.0,58.0,L_LARGE,FORE_AFT_X,80.0,50.0,C1,1.5,20.0,1.5,20.0,10.0,4.0,10.0,12.0,260.0,290.0,False,False,38.0,FAIL_ENVELOPE_CONTRACT,BELT_FIXED_CLEARANCE_LT_5;PTO_FIXED_CLEARANCE_LT_8
S9-PY85.0-DY35.0-FY10.0-LX80.0-G60,9,B,MOTOR_MEDIUM,FRAME-E,F2040-A,B1,210.0,150.0,320.0,85.0,120.0,58.0,L_LARGE,FORE_AFT_X,80.0,60.0,C1,1.5,20.0,1.5,20.0,10.0,4.0,10.0,12.0,260.0,290.0,False,False,37.0,FAIL_ENVELOPE_CONTRACT,BELT_FIXED_CLEARANCE_LT_5;PTO_FIXED_CLEARANCE_LT_8
S9-PY85.0-DY35.0-FY10.0-LX80.0-G70,9,B,MOTOR_MEDIUM,FRAME-E,F2040-A,B1,210.0,150.0,320.0,85.0,120.0,58.0,L_LARGE,FORE_AFT_X,80.0,70.0,C1,1.5,20.0,1.5,20.0,10.0,4.0,10.0,12.0,260.0,290.0,False,False,38.0,FAIL_ENVELOPE_CONTRACT,BELT_FIXED_CLEARANCE_LT_5;PTO_FIXED_CLEARANCE_LT_8
S9-PY85.0-DY40.0-FY00.0-LX65.0-G50,9,B,MOTOR_MEDIUM,FRAME-E,F2040-A,B1,210.0,150.0,320.0,85.0,125.0,48.0,L_LARGE,FORE_AFT_X,65.0,50.0,C1,11.5,5.0,10.0,5.0,10.0,9.0,10.0,12.0,260.0,290.0,False,False,2.0,FAIL_ENVELOPE_CONTRACT,PTO_L_BRACKET_CLEARANCE_LT_8
S9-PY85.0-DY40.0-FY00.0-LX65.0-G60,9,B,MOTOR_MEDIUM,FRAME-E,F2040-A,B1,210.0,150.0,320.0,85.0,125.0,48.0,L_LARGE,FORE_AFT_X,65.0,60.0,C1,11.5,5.0,10.0,5.0,10.0,9.0,10.0,12.0,260.0,290.0,False,False,1.0,FAIL_ENVELOPE_CONTRACT,PTO_L_BRACKET_CLEARANCE_LT_8
S9-PY85.0-DY40.0-FY00.0-LX65.0-G70,9,B,MOTOR_MEDIUM,FRAME-E,F2040-A,B1,210.0,150.0,320.0,85.0,125.0,48.0,L_LARGE,FORE_AFT_X,65.0,70.0,C1,11.5,5.0,10.0,5.0,10.0,9.0,10.0,12.0,260.0,290.0,False,False,2.0,FAIL_ENVELOPE_CONTRACT,PTO_L_BRACKET_CLEARANCE_LT_8
S9-PY85.0-DY40.0-FY00.0-LX70.0-G50,9,B,MOTOR_MEDIUM,FRAME-E,F2040-A,B1,210.0,150.0,320.0,85.0,125.0,48.0,L_LARGE,FORE_AFT_X,70.0,50.0,C1,11.5,10.0,10.0,10.0,10.0,9.0,10.0,12.0,260.0,290.0,True,True,1.0,CONDITIONAL_PASS_CANDIDATE,
S9-B1-F2040A-FRAMEE-PTOX210-Z320-PY85.0-DY40.0-LX70-GAP60-C1,9,B,MOTOR_MEDIUM,FRAME-E,F2040-A,B1,210.0,150.0,320.0,85.0,125.0,48.0,L_LARGE,FORE_AFT_X,70.0,60.0,C1,11.5,10.0,10.0,10.0,10.0,9.0,10.0,12.0,260.0,290.0,True,True,0.0,CONDITIONAL_PASS_CANDIDATE,
S9-PY85.0-DY40.0-FY00.0-LX70.0-G70,9,B,MOTOR_MEDIUM,FRAME-E,F2040-A,B1,210.0,150.0,320.0,85.0,125.0,48.0,L_LARGE,FORE_AFT_X,70.0,70.0,C1,11.5,10.0,10.0,10.0,10.0,9.0,10.0,12.0,260.0,290.0,True,True,1.0,CONDITIONAL_PASS_CANDIDATE,
S9-PY85.0-DY40.0-FY00.0-LX75.0-G50,9,B,MOTOR_MEDIUM,FRAME-E,F2040-A,B1,210.0,150.0,320.0,85.0,125.0,48.0,L_LARGE,FORE_AFT_X,75.0,50.0,C1,11.5,15.0,10.0,15.0,10.0,9.0,10.0,12.0,260.0,290.0,True,True,2.0,CONDITIONAL_PASS_CANDIDATE,
S9-PY85.0-DY40.0-FY00.0-LX75.0-G60,9,B,MOTOR_MEDIUM,FRAME-E,F2040-A,B1,210.0,150.0,320.0,85.0,125.0,48.0,L_LARGE,FORE_AFT_X,75.0,60.0,C1,11.5,15.0,10.0,15.0,10.0,9.0,10.0,12.0,260.0,290.0,True,True,1.0,CONDITIONAL_PASS_CANDIDATE,
S9-PY85.0-DY40.0-FY00.0-LX75.0-G70,9,B,MOTOR_MEDIUM,FRAME-E,F2040-A,B1,210.0,150.0,320.0,85.0,125.0,48.0,L_LARGE,FORE_AFT_X,75.0,70.0,C1,11.5,15.0,10.0,15.0,10.0,9.0,10.0,12.0,260.0,290.0,True,True,2.0,CONDITIONAL_PASS_CANDIDATE,
S9-PY85.0-DY40.0-FY00.0-LX80.0-G50,9,B,MOTOR_MEDIUM,FRAME-E,F2040-A,B1,210.0,150.0,320.0,85.0,125.0,48.0,L_LARGE,FORE_AFT_X,80.0,50.0,C1,11.5,20.0,10.0,20.0,10.0,9.0,10.0,12.0,260.0,290.0,True,True,3.0,CONDITIONAL_PASS_CANDIDATE,
S9-PY85.0-DY40.0-FY00.0-LX80.0-G60,9,B,MOTOR_MEDIUM,FRAME-E,F2040-A,B1,210.0,150.0,320.0,85.0,125.0,48.0,L_LARGE,FORE_AFT_X,80.0,60.0,C1,11.5,20.0,10.0,20.0,10.0,9.0,10.0,12.0,260.0,290.0,True,True,2.0,CONDITIONAL_PASS_CANDIDATE,
S9-PY85.0-DY40.0-FY00.0-LX80.0-G70,9,B,MOTOR_MEDIUM,FRAME-E,F2040-A,B1,210.0,150.0,320.0,85.0,125.0,48.0,L_LARGE,FORE_AFT_X,80.0,70.0,C1,11.5,20.0,10.0,20.0,10.0,9.0,10.0,12.0,260.0,290.0,True,True,3.0,CONDITIONAL_PASS_CANDIDATE,
S9-PY85.0-DY40.0-FY05.0-LX65.0-G50,9,B,MOTOR_MEDIUM,FRAME-E,F2040-A,B1,210.0,150.0,320.0,85.0,125.0,53.0,L_LARGE,FORE_AFT_X,65.0,50.0,C1,6.5,5.0,6.5,5.0,10.0,9.0,10.0,12.0,260.0,290.0,False,False,17.0,FAIL_ENVELOPE_CONTRACT,PTO_FIXED_CLEARANCE_LT_8;PTO_L_BRACKET_CLEARANCE_LT_8
S9-PY85.0-DY40.0-FY05.0-LX65.0-G60,9,B,MOTOR_MEDIUM,FRAME-E,F2040-A,B1,210.0,150.0,320.0,85.0,125.0,53.0,L_LARGE,FORE_AFT_X,65.0,60.0,C1,6.5,5.0,6.5,5.0,10.0,9.0,10.0,12.0,260.0,290.0,False,False,16.0,FAIL_ENVELOPE_CONTRACT,PTO_FIXED_CLEARANCE_LT_8;PTO_L_BRACKET_CLEARANCE_LT_8
S9-PY85.0-DY40.0-FY05.0-LX65.0-G70,9,B,MOTOR_MEDIUM,FRAME-E,F2040-A,B1,210.0,150.0,320.0,85.0,125.0,53.0,L_LARGE,FORE_AFT_X,65.0,70.0,C1,6.5,5.0,6.5,5.0,10.0,9.0,10.0,12.0,260.0,290.0,False,False,17.0,FAIL_ENVELOPE_CONTRACT,PTO_FIXED_CLEARANCE_LT_8;PTO_L_BRACKET_CLEARANCE_LT_8
S9-PY85.0-DY40.0-FY05.0-LX70.0-G50,9,B,MOTOR_MEDIUM,FRAME-E,F2040-A,B1,210.0,150.0,320.0,85.0,125.0,53.0,L_LARGE,FORE_AFT_X,70.0,50.0,C1,6.5,10.0,6.5,10.0,10.0,9.0,10.0,12.0,260.0,290.0,False,False,16.0,FAIL_ENVELOPE_CONTRACT,PTO_FIXED_CLEARANCE_LT_8
S9-PY85.0-DY40.0-FY05.0-LX70.0-G60,9,B,MOTOR_MEDIUM,FRAME-E,F2040-A,B1,210.0,150.0,320.0,85.0,125.0,53.0,L_LARGE,FORE_AFT_X,70.0,60.0,C1,6.5,10.0,6.5,10.0,10.0,9.0,10.0,12.0,260.0,290.0,False,False,15.0,FAIL_ENVELOPE_CONTRACT,PTO_FIXED_CLEARANCE_LT_8
S9-PY85.0-DY40.0-FY05.0-LX70.0-G70,9,B,MOTOR_MEDIUM,FRAME-E,F2040-A,B1,210.0,150.0,320.0,85.0,125.0,53.0,L_LARGE,FORE_AFT_X,70.0,70.0,C1,6.5,10.0,6.5,10.0,10.0,9.0,10.0,12.0,260.0,290.0,False,False,16.0,FAIL_ENVELOPE_CONTRACT,PTO_FIXED_CLEARANCE_LT_8
S9-PY85.0-DY40.0-FY05.0-LX75.0-G50,9,B,MOTOR_MEDIUM,FRAME-E,F2040-A,B1,210.0,150.0,320.0,85.0,125.0,53.0,L_LARGE,FORE_AFT_X,75.0,50.0,C1,6.5,15.0,6.5,15.0,10.0,9.0,10.0,12.0,260.0,290.0,False,False,17.0,FAIL_ENVELOPE_CONTRACT,PTO_FIXED_CLEARANCE_LT_8
S9-PY85.0-DY40.0-FY05.0-LX75.0-G60,9,B,MOTOR_MEDIUM,FRAME-E,F2040-A,B1,210.0,150.0,320.0,85.0,125.0,53.0,L_LARGE,FORE_AFT_X,75.0,60.0,C1,6.5,15.0,6.5,15.0,10.0,9.0,10.0,12.0,260.0,290.0,False,False,16.0,FAIL_ENVELOPE_CONTRACT,PTO_FIXED_CLEARANCE_LT_8
S9-PY85.0-DY40.0-FY05.0-LX75.0-G70,9,B,MOTOR_MEDIUM,FRAME-E,F2040-A,B1,210.0,150.0,320.0,85.0,125.0,53.0,L_LARGE,FORE_AFT_X,75.0,70.0,C1,6.5,15.0,6.5,15.0,10.0,9.0,10.0,12.0,260.0,290.0,False,False,17.0,FAIL_ENVELOPE_CONTRACT,PTO_FIXED_CLEARANCE_LT_8
S9-PY85.0-DY40.0-FY05.0-LX80.0-G50,9,B,MOTOR_MEDIUM,FRAME-E,F2040-A,B1,210.0,150.0,320.0,85.0,125.0,53.0,L_LARGE,FORE_AFT_X,80.0,50.0,C1,6.5,20.0,6.5,20.0,10.0,9.0,10.0,12.0,260.0,290.0,False,False,18.0,FAIL_ENVELOPE_CONTRACT,PTO_FIXED_CLEARANCE_LT_8
S9-PY85.0-DY40.0-FY05.0-LX80.0-G60,9,B,MOTOR_MEDIUM,FRAME-E,F2040-A,B1,210.0,150.0,320.0,85.0,125.0,53.0,L_LARGE,FORE_AFT_X,80.0,60.0,C1,6.5,20.0,6.5,20.0,10.0,9.0,10.0,12.0,260.0,290.0,False,False,17.0,FAIL_ENVELOPE_CONTRACT,PTO_FIXED_CLEARANCE_LT_8
S9-PY85.0-DY40.0-FY05.0-LX80.0-G70,9,B,MOTOR_MEDIUM,FRAME-E,F2040-A,B1,210.0,150.0,320.0,85.0,125.0,53.0,L_LARGE,FORE_AFT_X,80.0,70.0,C1,6.5,20.0,6.5,20.0,10.0,9.0,10.0,12.0,260.0,290.0,False,False,18.0,FAIL_ENVELOPE_CONTRACT,PTO_FIXED_CLEARANCE_LT_8
S9-PY85.0-DY40.0-FY10.0-LX65.0-G50,9,B,MOTOR_MEDIUM,FRAME-E,F2040-A,B1,210.0,150.0,320.0,85.0,125.0,58.0,L_LARGE,FORE_AFT_X,65.0,50.0,C1,1.5,5.0,1.5,5.0,10.0,9.0,10.0,12.0,260.0,290.0,False,False,32.0,FAIL_ENVELOPE_CONTRACT,BELT_FIXED_CLEARANCE_LT_5;PTO_FIXED_CLEARANCE_LT_8;PTO_L_BRACKET_CLEARANCE_LT_8
S9-PY85.0-DY40.0-FY10.0-LX65.0-G60,9,B,MOTOR_MEDIUM,FRAME-E,F2040-A,B1,210.0,150.0,320.0,85.0,125.0,58.0,L_LARGE,FORE_AFT_X,65.0,60.0,C1,1.5,5.0,1.5,5.0,10.0,9.0,10.0,12.0,260.0,290.0,False,False,31.0,FAIL_ENVELOPE_CONTRACT,BELT_FIXED_CLEARANCE_LT_5;PTO_FIXED_CLEARANCE_LT_8;PTO_L_BRACKET_CLEARANCE_LT_8
S9-PY85.0-DY40.0-FY10.0-LX65.0-G70,9,B,MOTOR_MEDIUM,FRAME-E,F2040-A,B1,210.0,150.0,320.0,85.0,125.0,58.0,L_LARGE,FORE_AFT_X,65.0,70.0,C1,1.5,5.0,1.5,5.0,10.0,9.0,10.0,12.0,260.0,290.0,False,False,32.0,FAIL_ENVELOPE_CONTRACT,BELT_FIXED_CLEARANCE_LT_5;PTO_FIXED_CLEARANCE_LT_8;PTO_L_BRACKET_CLEARANCE_LT_8
S9-PY85.0-DY40.0-FY10.0-LX70.0-G50,9,B,MOTOR_MEDIUM,FRAME-E,F2040-A,B1,210.0,150.0,320.0,85.0,125.0,58.0,L_LARGE,FORE_AFT_X,70.0,50.0,C1,1.5,10.0,1.5,10.0,10.0,9.0,10.0,12.0,260.0,290.0,False,False,31.0,FAIL_ENVELOPE_CONTRACT,BELT_FIXED_CLEARANCE_LT_5;PTO_FIXED_CLEARANCE_LT_8
S9-PY85.0-DY40.0-FY10.0-LX70.0-G60,9,B,MOTOR_MEDIUM,FRAME-E,F2040-A,B1,210.0,150.0,320.0,85.0,125.0,58.0,L_LARGE,FORE_AFT_X,70.0,60.0,C1,1.5,10.0,1.5,10.0,10.0,9.0,10.0,12.0,260.0,290.0,False,False,30.0,FAIL_ENVELOPE_CONTRACT,BELT_FIXED_CLEARANCE_LT_5;PTO_FIXED_CLEARANCE_LT_8
S9-PY85.0-DY40.0-FY10.0-LX70.0-G70,9,B,MOTOR_MEDIUM,FRAME-E,F2040-A,B1,210.0,150.0,320.0,85.0,125.0,58.0,L_LARGE,FORE_AFT_X,70.0,70.0,C1,1.5,10.0,1.5,10.0,10.0,9.0,10.0,12.0,260.0,290.0,False,False,31.0,FAIL_ENVELOPE_CONTRACT,BELT_FIXED_CLEARANCE_LT_5;PTO_FIXED_CLEARANCE_LT_8
S9-PY85.0-DY40.0-FY10.0-LX75.0-G50,9,B,MOTOR_MEDIUM,FRAME-E,F2040-A,B1,210.0,150.0,320.0,85.0,125.0,58.0,L_LARGE,FORE_AFT_X,75.0,50.0,C1,1.5,15.0,1.5,15.0,10.0,9.0,10.0,12.0,260.0,290.0,False,False,32.0,FAIL_ENVELOPE_CONTRACT,BELT_FIXED_CLEARANCE_LT_5;PTO_FIXED_CLEARANCE_LT_8
S9-PY85.0-DY40.0-FY10.0-LX75.0-G60,9,B,MOTOR_MEDIUM,FRAME-E,F2040-A,B1,210.0,150.0,320.0,85.0,125.0,58.0,L_LARGE,FORE_AFT_X,75.0,60.0,C1,1.5,15.0,1.5,15.0,10.0,9.0,10.0,12.0,260.0,290.0,False,False,31.0,FAIL_ENVELOPE_CONTRACT,BELT_FIXED_CLEARANCE_LT_5;PTO_FIXED_CLEARANCE_LT_8
S9-PY85.0-DY40.0-FY10.0-LX75.0-G70,9,B,MOTOR_MEDIUM,FRAME-E,F2040-A,B1,210.0,150.0,320.0,85.0,125.0,58.0,L_LARGE,FORE_AFT_X,75.0,70.0,C1,1.5,15.0,1.5,15.0,10.0,9.0,10.0,12.0,260.0,290.0,False,False,32.0,FAIL_ENVELOPE_CONTRACT,BELT_FIXED_CLEARANCE_LT_5;PTO_FIXED_CLEARANCE_LT_8
S9-PY85.0-DY40.0-FY10.0-LX80.0-G50,9,B,MOTOR_MEDIUM,FRAME-E,F2040-A,B1,210.0,150.0,320.0,85.0,125.0,58.0,L_LARGE,FORE_AFT_X,80.0,50.0,C1,1.5,20.0,1.5,20.0,10.0,9.0,10.0,12.0,260.0,290.0,False,False,33.0,FAIL_ENVELOPE_CONTRACT,BELT_FIXED_CLEARANCE_LT_5;PTO_FIXED_CLEARANCE_LT_8
S9-PY85.0-DY40.0-FY10.0-LX80.0-G60,9,B,MOTOR_MEDIUM,FRAME-E,F2040-A,B1,210.0,150.0,320.0,85.0,125.0,58.0,L_LARGE,FORE_AFT_X,80.0,60.0,C1,1.5,20.0,1.5,20.0,10.0,9.0,10.0,12.0,260.0,290.0,False,False,32.0,FAIL_ENVELOPE_CONTRACT,BELT_FIXED_CLEARANCE_LT_5;PTO_FIXED_CLEARANCE_LT_8
S9-PY85.0-DY40.0-FY10.0-LX80.0-G70,9,B,MOTOR_MEDIUM,FRAME-E,F2040-A,B1,210.0,150.0,320.0,85.0,125.0,58.0,L_LARGE,FORE_AFT_X,80.0,70.0,C1,1.5,20.0,1.5,20.0,10.0,9.0,10.0,12.0,260.0,290.0,False,False,33.0,FAIL_ENVELOPE_CONTRACT,BELT_FIXED_CLEARANCE_LT_5;PTO_FIXED_CLEARANCE_LT_8
S9-PY85.0-DY45.0-FY00.0-LX65.0-G50,9,B,MOTOR_MEDIUM,FRAME-E,F2040-A,B1,210.0,150.0,320.0,85.0,130.0,48.0,L_LARGE,FORE_AFT_X,65.0,50.0,C1,11.5,5.0,10.0,5.0,10.0,14.0,10.0,12.0,260.0,295.0,False,False,7.0,FAIL_ENVELOPE_CONTRACT,PTO_L_BRACKET_CLEARANCE_LT_8
S9-PY85.0-DY45.0-FY00.0-LX65.0-G60,9,B,MOTOR_MEDIUM,FRAME-E,F2040-A,B1,210.0,150.0,320.0,85.0,130.0,48.0,L_LARGE,FORE_AFT_X,65.0,60.0,C1,11.5,5.0,10.0,5.0,10.0,14.0,10.0,12.0,260.0,295.0,False,False,6.0,FAIL_ENVELOPE_CONTRACT,PTO_L_BRACKET_CLEARANCE_LT_8
S9-PY85.0-DY45.0-FY00.0-LX65.0-G70,9,B,MOTOR_MEDIUM,FRAME-E,F2040-A,B1,210.0,150.0,320.0,85.0,130.0,48.0,L_LARGE,FORE_AFT_X,65.0,70.0,C1,11.5,5.0,10.0,5.0,10.0,14.0,10.0,12.0,260.0,295.0,False,False,7.0,FAIL_ENVELOPE_CONTRACT,PTO_L_BRACKET_CLEARANCE_LT_8
S9-PY85.0-DY45.0-FY00.0-LX70.0-G50,9,B,MOTOR_MEDIUM,FRAME-E,F2040-A,B1,210.0,150.0,320.0,85.0,130.0,48.0,L_LARGE,FORE_AFT_X,70.0,50.0,C1,11.5,10.0,10.0,10.0,10.0,14.0,10.0,12.0,260.0,295.0,True,True,6.0,CONDITIONAL_PASS_CANDIDATE,
S9-PY85.0-DY45.0-FY00.0-LX70.0-G60,9,B,MOTOR_MEDIUM,FRAME-E,F2040-A,B1,210.0,150.0,320.0,85.0,130.0,48.0,L_LARGE,FORE_AFT_X,70.0,60.0,C1,11.5,10.0,10.0,10.0,10.0,14.0,10.0,12.0,260.0,295.0,True,True,5.0,CONDITIONAL_PASS_CANDIDATE,
S9-PY85.0-DY45.0-FY00.0-LX70.0-G70,9,B,MOTOR_MEDIUM,FRAME-E,F2040-A,B1,210.0,150.0,320.0,85.0,130.0,48.0,L_LARGE,FORE_AFT_X,70.0,70.0,C1,11.5,10.0,10.0,10.0,10.0,14.0,10.0,12.0,260.0,295.0,True,True,6.0,CONDITIONAL_PASS_CANDIDATE,
S9-PY85.0-DY45.0-FY00.0-LX75.0-G50,9,B,MOTOR_MEDIUM,FRAME-E,F2040-A,B1,210.0,150.0,320.0,85.0,130.0,48.0,L_LARGE,FORE_AFT_X,75.0,50.0,C1,11.5,15.0,10.0,15.0,10.0,14.0,10.0,12.0,260.0,295.0,True,True,7.0,CONDITIONAL_PASS_CANDIDATE,
S9-PY85.0-DY45.0-FY00.0-LX75.0-G60,9,B,MOTOR_MEDIUM,FRAME-E,F2040-A,B1,210.0,150.0,320.0,85.0,130.0,48.0,L_LARGE,FORE_AFT_X,75.0,60.0,C1,11.5,15.0,10.0,15.0,10.0,14.0,10.0,12.0,260.0,295.0,True,True,6.0,CONDITIONAL_PASS_CANDIDATE,
S9-PY85.0-DY45.0-FY00.0-LX75.0-G70,9,B,MOTOR_MEDIUM,FRAME-E,F2040-A,B1,210.0,150.0,320.0,85.0,130.0,48.0,L_LARGE,FORE_AFT_X,75.0,70.0,C1,11.5,15.0,10.0,15.0,10.0,14.0,10.0,12.0,260.0,295.0,True,True,7.0,CONDITIONAL_PASS_CANDIDATE,
S9-PY85.0-DY45.0-FY00.0-LX80.0-G50,9,B,MOTOR_MEDIUM,FRAME-E,F2040-A,B1,210.0,150.0,320.0,85.0,130.0,48.0,L_LARGE,FORE_AFT_X,80.0,50.0,C1,11.5,20.0,10.0,20.0,10.0,14.0,10.0,12.0,260.0,295.0,True,True,8.0,CONDITIONAL_PASS_CANDIDATE,
S9-PY85.0-DY45.0-FY00.0-LX80.0-G60,9,B,MOTOR_MEDIUM,FRAME-E,F2040-A,B1,210.0,150.0,320.0,85.0,130.0,48.0,L_LARGE,FORE_AFT_X,80.0,60.0,C1,11.5,20.0,10.0,20.0,10.0,14.0,10.0,12.0,260.0,295.0,True,True,7.0,CONDITIONAL_PASS_CANDIDATE,
S9-PY85.0-DY45.0-FY00.0-LX80.0-G70,9,B,MOTOR_MEDIUM,FRAME-E,F2040-A,B1,210.0,150.0,320.0,85.0,130.0,48.0,L_LARGE,FORE_AFT_X,80.0,70.0,C1,11.5,20.0,10.0,20.0,10.0,14.0,10.0,12.0,260.0,295.0,True,True,8.0,CONDITIONAL_PASS_CANDIDATE,
S9-PY85.0-DY45.0-FY05.0-LX65.0-G50,9,B,MOTOR_MEDIUM,FRAME-E,F2040-A,B1,210.0,150.0,320.0,85.0,130.0,53.0,L_LARGE,FORE_AFT_X,65.0,50.0,C1,6.5,5.0,6.5,5.0,10.0,14.0,10.0,12.0,260.0,295.0,False,False,22.0,FAIL_ENVELOPE_CONTRACT,PTO_FIXED_CLEARANCE_LT_8;PTO_L_BRACKET_CLEARANCE_LT_8
S9-PY85.0-DY45.0-FY05.0-LX65.0-G60,9,B,MOTOR_MEDIUM,FRAME-E,F2040-A,B1,210.0,150.0,320.0,85.0,130.0,53.0,L_LARGE,FORE_AFT_X,65.0,60.0,C1,6.5,5.0,6.5,5.0,10.0,14.0,10.0,12.0,260.0,295.0,False,False,21.0,FAIL_ENVELOPE_CONTRACT,PTO_FIXED_CLEARANCE_LT_8;PTO_L_BRACKET_CLEARANCE_LT_8
S9-PY85.0-DY45.0-FY05.0-LX65.0-G70,9,B,MOTOR_MEDIUM,FRAME-E,F2040-A,B1,210.0,150.0,320.0,85.0,130.0,53.0,L_LARGE,FORE_AFT_X,65.0,70.0,C1,6.5,5.0,6.5,5.0,10.0,14.0,10.0,12.0,260.0,295.0,False,False,22.0,FAIL_ENVELOPE_CONTRACT,PTO_FIXED_CLEARANCE_LT_8;PTO_L_BRACKET_CLEARANCE_LT_8
S9-PY85.0-DY45.0-FY05.0-LX70.0-G50,9,B,MOTOR_MEDIUM,FRAME-E,F2040-A,B1,210.0,150.0,320.0,85.0,130.0,53.0,L_LARGE,FORE_AFT_X,70.0,50.0,C1,6.5,10.0,6.5,10.0,10.0,14.0,10.0,12.0,260.0,295.0,False,False,21.0,FAIL_ENVELOPE_CONTRACT,PTO_FIXED_CLEARANCE_LT_8
S9-PY85.0-DY45.0-FY05.0-LX70.0-G60,9,B,MOTOR_MEDIUM,FRAME-E,F2040-A,B1,210.0,150.0,320.0,85.0,130.0,53.0,L_LARGE,FORE_AFT_X,70.0,60.0,C1,6.5,10.0,6.5,10.0,10.0,14.0,10.0,12.0,260.0,295.0,False,False,20.0,FAIL_ENVELOPE_CONTRACT,PTO_FIXED_CLEARANCE_LT_8
S9-PY85.0-DY45.0-FY05.0-LX70.0-G70,9,B,MOTOR_MEDIUM,FRAME-E,F2040-A,B1,210.0,150.0,320.0,85.0,130.0,53.0,L_LARGE,FORE_AFT_X,70.0,70.0,C1,6.5,10.0,6.5,10.0,10.0,14.0,10.0,12.0,260.0,295.0,False,False,21.0,FAIL_ENVELOPE_CONTRACT,PTO_FIXED_CLEARANCE_LT_8
S9-PY85.0-DY45.0-FY05.0-LX75.0-G50,9,B,MOTOR_MEDIUM,FRAME-E,F2040-A,B1,210.0,150.0,320.0,85.0,130.0,53.0,L_LARGE,FORE_AFT_X,75.0,50.0,C1,6.5,15.0,6.5,15.0,10.0,14.0,10.0,12.0,260.0,295.0,False,False,22.0,FAIL_ENVELOPE_CONTRACT,PTO_FIXED_CLEARANCE_LT_8
S9-PY85.0-DY45.0-FY05.0-LX75.0-G60,9,B,MOTOR_MEDIUM,FRAME-E,F2040-A,B1,210.0,150.0,320.0,85.0,130.0,53.0,L_LARGE,FORE_AFT_X,75.0,60.0,C1,6.5,15.0,6.5,15.0,10.0,14.0,10.0,12.0,260.0,295.0,False,False,21.0,FAIL_ENVELOPE_CONTRACT,PTO_FIXED_CLEARANCE_LT_8
S9-PY85.0-DY45.0-FY05.0-LX75.0-G70,9,B,MOTOR_MEDIUM,FRAME-E,F2040-A,B1,210.0,150.0,320.0,85.0,130.0,53.0,L_LARGE,FORE_AFT_X,75.0,70.0,C1,6.5,15.0,6.5,15.0,10.0,14.0,10.0,12.0,260.0,295.0,False,False,22.0,FAIL_ENVELOPE_CONTRACT,PTO_FIXED_CLEARANCE_LT_8
S9-PY85.0-DY45.0-FY05.0-LX80.0-G50,9,B,MOTOR_MEDIUM,FRAME-E,F2040-A,B1,210.0,150.0,320.0,85.0,130.0,53.0,L_LARGE,FORE_AFT_X,80.0,50.0,C1,6.5,20.0,6.5,20.0,10.0,14.0,10.0,12.0,260.0,295.0,False,False,23.0,FAIL_ENVELOPE_CONTRACT,PTO_FIXED_CLEARANCE_LT_8
S9-PY85.0-DY45.0-FY05.0-LX80.0-G60,9,B,MOTOR_MEDIUM,FRAME-E,F2040-A,B1,210.0,150.0,320.0,85.0,130.0,53.0,L_LARGE,FORE_AFT_X,80.0,60.0,C1,6.5,20.0,6.5,20.0,10.0,14.0,10.0,12.0,260.0,295.0,False,False,22.0,FAIL_ENVELOPE_CONTRACT,PTO_FIXED_CLEARANCE_LT_8
S9-PY85.0-DY45.0-FY05.0-LX80.0-G70,9,B,MOTOR_MEDIUM,FRAME-E,F2040-A,B1,210.0,150.0,320.0,85.0,130.0,53.0,L_LARGE,FORE_AFT_X,80.0,70.0,C1,6.5,20.0,6.5,20.0,10.0,14.0,10.0,12.0,260.0,295.0,False,False,23.0,FAIL_ENVELOPE_CONTRACT,PTO_FIXED_CLEARANCE_LT_8
S9-PY85.0-DY45.0-FY10.0-LX65.0-G50,9,B,MOTOR_MEDIUM,FRAME-E,F2040-A,B1,210.0,150.0,320.0,85.0,130.0,58.0,L_LARGE,FORE_AFT_X,65.0,50.0,C1,1.5,5.0,1.5,5.0,10.0,14.0,10.0,12.0,260.0,295.0,False,False,37.0,FAIL_ENVELOPE_CONTRACT,BELT_FIXED_CLEARANCE_LT_5;PTO_FIXED_CLEARANCE_LT_8;PTO_L_BRACKET_CLEARANCE_LT_8
S9-PY85.0-DY45.0-FY10.0-LX65.0-G60,9,B,MOTOR_MEDIUM,FRAME-E,F2040-A,B1,210.0,150.0,320.0,85.0,130.0,58.0,L_LARGE,FORE_AFT_X,65.0,60.0,C1,1.5,5.0,1.5,5.0,10.0,14.0,10.0,12.0,260.0,295.0,False,False,36.0,FAIL_ENVELOPE_CONTRACT,BELT_FIXED_CLEARANCE_LT_5;PTO_FIXED_CLEARANCE_LT_8;PTO_L_BRACKET_CLEARANCE_LT_8
S9-PY85.0-DY45.0-FY10.0-LX65.0-G70,9,B,MOTOR_MEDIUM,FRAME-E,F2040-A,B1,210.0,150.0,320.0,85.0,130.0,58.0,L_LARGE,FORE_AFT_X,65.0,70.0,C1,1.5,5.0,1.5,5.0,10.0,14.0,10.0,12.0,260.0,295.0,False,False,37.0,FAIL_ENVELOPE_CONTRACT,BELT_FIXED_CLEARANCE_LT_5;PTO_FIXED_CLEARANCE_LT_8;PTO_L_BRACKET_CLEARANCE_LT_8
S9-PY85.0-DY45.0-FY10.0-LX70.0-G50,9,B,MOTOR_MEDIUM,FRAME-E,F2040-A,B1,210.0,150.0,320.0,85.0,130.0,58.0,L_LARGE,FORE_AFT_X,70.0,50.0,C1,1.5,10.0,1.5,10.0,10.0,14.0,10.0,12.0,260.0,295.0,False,False,36.0,FAIL_ENVELOPE_CONTRACT,BELT_FIXED_CLEARANCE_LT_5;PTO_FIXED_CLEARANCE_LT_8
S9-PY85.0-DY45.0-FY10.0-LX70.0-G60,9,B,MOTOR_MEDIUM,FRAME-E,F2040-A,B1,210.0,150.0,320.0,85.0,130.0,58.0,L_LARGE,FORE_AFT_X,70.0,60.0,C1,1.5,10.0,1.5,10.0,10.0,14.0,10.0,12.0,260.0,295.0,False,False,35.0,FAIL_ENVELOPE_CONTRACT,BELT_FIXED_CLEARANCE_LT_5;PTO_FIXED_CLEARANCE_LT_8
S9-PY85.0-DY45.0-FY10.0-LX70.0-G70,9,B,MOTOR_MEDIUM,FRAME-E,F2040-A,B1,210.0,150.0,320.0,85.0,130.0,58.0,L_LARGE,FORE_AFT_X,70.0,70.0,C1,1.5,10.0,1.5,10.0,10.0,14.0,10.0,12.0,260.0,295.0,False,False,36.0,FAIL_ENVELOPE_CONTRACT,BELT_FIXED_CLEARANCE_LT_5;PTO_FIXED_CLEARANCE_LT_8
S9-PY85.0-DY45.0-FY10.0-LX75.0-G50,9,B,MOTOR_MEDIUM,FRAME-E,F2040-A,B1,210.0,150.0,320.0,85.0,130.0,58.0,L_LARGE,FORE_AFT_X,75.0,50.0,C1,1.5,15.0,1.5,15.0,10.0,14.0,10.0,12.0,260.0,295.0,False,False,37.0,FAIL_ENVELOPE_CONTRACT,BELT_FIXED_CLEARANCE_LT_5;PTO_FIXED_CLEARANCE_LT_8
S9-PY85.0-DY45.0-FY10.0-LX75.0-G60,9,B,MOTOR_MEDIUM,FRAME-E,F2040-A,B1,210.0,150.0,320.0,85.0,130.0,58.0,L_LARGE,FORE_AFT_X,75.0,60.0,C1,1.5,15.0,1.5,15.0,10.0,14.0,10.0,12.0,260.0,295.0,False,False,36.0,FAIL_ENVELOPE_CONTRACT,BELT_FIXED_CLEARANCE_LT_5;PTO_FIXED_CLEARANCE_LT_8
S9-PY85.0-DY45.0-FY10.0-LX75.0-G70,9,B,MOTOR_MEDIUM,FRAME-E,F2040-A,B1,210.0,150.0,320.0,85.0,130.0,58.0,L_LARGE,FORE_AFT_X,75.0,70.0,C1,1.5,15.0,1.5,15.0,10.0,14.0,10.0,12.0,260.0,295.0,False,False,37.0,FAIL_ENVELOPE_CONTRACT,BELT_FIXED_CLEARANCE_LT_5;PTO_FIXED_CLEARANCE_LT_8
S9-PY85.0-DY45.0-FY10.0-LX80.0-G50,9,B,MOTOR_MEDIUM,FRAME-E,F2040-A,B1,210.0,150.0,320.0,85.0,130.0,58.0,L_LARGE,FORE_AFT_X,80.0,50.0,C1,1.5,20.0,1.5,20.0,10.0,14.0,10.0,12.0,260.0,295.0,False,False,38.0,FAIL_ENVELOPE_CONTRACT,BELT_FIXED_CLEARANCE_LT_5;PTO_FIXED_CLEARANCE_LT_8
S9-PY85.0-DY45.0-FY10.0-LX80.0-G60,9,B,MOTOR_MEDIUM,FRAME-E,F2040-A,B1,210.0,150.0,320.0,85.0,130.0,58.0,L_LARGE,FORE_AFT_X,80.0,60.0,C1,1.5,20.0,1.5,20.0,10.0,14.0,10.0,12.0,260.0,295.0,False,False,37.0,FAIL_ENVELOPE_CONTRACT,BELT_FIXED_CLEARANCE_LT_5;PTO_FIXED_CLEARANCE_LT_8
S9-PY85.0-DY45.0-FY10.0-LX80.0-G70,9,B,MOTOR_MEDIUM,FRAME-E,F2040-A,B1,210.0,150.0,320.0,85.0,130.0,58.0,L_LARGE,FORE_AFT_X,80.0,70.0,C1,1.5,20.0,1.5,20.0,10.0,14.0,10.0,12.0,260.0,295.0,False,False,38.0,FAIL_ENVELOPE_CONTRACT,BELT_FIXED_CLEARANCE_LT_5;PTO_FIXED_CLEARANCE_LT_8
S9-PY87.5-DY35.0-FY00.0-LX65.0-G50,9,B,MOTOR_MEDIUM,FRAME-E,F2040-A,B1,210.0,150.0,320.0,87.5,122.5,48.0,L_LARGE,FORE_AFT_X,65.0,50.0,C1,14.0,5.0,10.0,5.0,7.5,4.0,10.0,12.0,260.0,290.0,False,False,12.0,FAIL_ENVELOPE_CONTRACT,PTO_L_BRACKET_CLEARANCE_LT_8
S9-PY87.5-DY35.0-FY00.0-LX65.0-G60,9,B,MOTOR_MEDIUM,FRAME-E,F2040-A,B1,210.0,150.0,320.0,87.5,122.5,48.0,L_LARGE,FORE_AFT_X,65.0,60.0,C1,14.0,5.0,10.0,5.0,7.5,4.0,10.0,12.0,260.0,290.0,False,False,11.0,FAIL_ENVELOPE_CONTRACT,PTO_L_BRACKET_CLEARANCE_LT_8
S9-PY87.5-DY35.0-FY00.0-LX65.0-G70,9,B,MOTOR_MEDIUM,FRAME-E,F2040-A,B1,210.0,150.0,320.0,87.5,122.5,48.0,L_LARGE,FORE_AFT_X,65.0,70.0,C1,14.0,5.0,10.0,5.0,7.5,4.0,10.0,12.0,260.0,290.0,False,False,12.0,FAIL_ENVELOPE_CONTRACT,PTO_L_BRACKET_CLEARANCE_LT_8
S9-PY87.5-DY35.0-FY00.0-LX70.0-G50,9,B,MOTOR_MEDIUM,FRAME-E,F2040-A,B1,210.0,150.0,320.0,87.5,122.5,48.0,L_LARGE,FORE_AFT_X,70.0,50.0,C1,14.0,10.0,10.0,10.0,7.5,4.0,10.0,12.0,260.0,290.0,True,False,11.0,CONDITIONAL_PASS_CANDIDATE,
S9-PY87.5-DY35.0-FY00.0-LX70.0-G60,9,B,MOTOR_MEDIUM,FRAME-E,F2040-A,B1,210.0,150.0,320.0,87.5,122.5,48.0,L_LARGE,FORE_AFT_X,70.0,60.0,C1,14.0,10.0,10.0,10.0,7.5,4.0,10.0,12.0,260.0,290.0,True,False,10.0,CONDITIONAL_PASS_CANDIDATE,
S9-PY87.5-DY35.0-FY00.0-LX70.0-G70,9,B,MOTOR_MEDIUM,FRAME-E,F2040-A,B1,210.0,150.0,320.0,87.5,122.5,48.0,L_LARGE,FORE_AFT_X,70.0,70.0,C1,14.0,10.0,10.0,10.0,7.5,4.0,10.0,12.0,260.0,290.0,True,False,11.0,CONDITIONAL_PASS_CANDIDATE,
S9-PY87.5-DY35.0-FY00.0-LX75.0-G50,9,B,MOTOR_MEDIUM,FRAME-E,F2040-A,B1,210.0,150.0,320.0,87.5,122.5,48.0,L_LARGE,FORE_AFT_X,75.0,50.0,C1,14.0,15.0,10.0,15.0,7.5,4.0,10.0,12.0,260.0,290.0,True,False,12.0,CONDITIONAL_PASS_CANDIDATE,
S9-PY87.5-DY35.0-FY00.0-LX75.0-G60,9,B,MOTOR_MEDIUM,FRAME-E,F2040-A,B1,210.0,150.0,320.0,87.5,122.5,48.0,L_LARGE,FORE_AFT_X,75.0,60.0,C1,14.0,15.0,10.0,15.0,7.5,4.0,10.0,12.0,260.0,290.0,True,False,11.0,CONDITIONAL_PASS_CANDIDATE,
S9-PY87.5-DY35.0-FY00.0-LX75.0-G70,9,B,MOTOR_MEDIUM,FRAME-E,F2040-A,B1,210.0,150.0,320.0,87.5,122.5,48.0,L_LARGE,FORE_AFT_X,75.0,70.0,C1,14.0,15.0,10.0,15.0,7.5,4.0,10.0,12.0,260.0,290.0,True,False,12.0,CONDITIONAL_PASS_CANDIDATE,
S9-PY87.5-DY35.0-FY00.0-LX80.0-G50,9,B,MOTOR_MEDIUM,FRAME-E,F2040-A,B1,210.0,150.0,320.0,87.5,122.5,48.0,L_LARGE,FORE_AFT_X,80.0,50.0,C1,14.0,20.0,10.0,20.0,7.5,4.0,10.0,12.0,260.0,290.0,True,False,13.0,CONDITIONAL_PASS_CANDIDATE,
S9-PY87.5-DY35.0-FY00.0-LX80.0-G60,9,B,MOTOR_MEDIUM,FRAME-E,F2040-A,B1,210.0,150.0,320.0,87.5,122.5,48.0,L_LARGE,FORE_AFT_X,80.0,60.0,C1,14.0,20.0,10.0,20.0,7.5,4.0,10.0,12.0,260.0,290.0,True,False,12.0,CONDITIONAL_PASS_CANDIDATE,
S9-PY87.5-DY35.0-FY00.0-LX80.0-G70,9,B,MOTOR_MEDIUM,FRAME-E,F2040-A,B1,210.0,150.0,320.0,87.5,122.5,48.0,L_LARGE,FORE_AFT_X,80.0,70.0,C1,14.0,20.0,10.0,20.0,7.5,4.0,10.0,12.0,260.0,290.0,True,False,13.0,CONDITIONAL_PASS_CANDIDATE,
S9-PY87.5-DY35.0-FY05.0-LX65.0-G50,9,B,MOTOR_MEDIUM,FRAME-E,F2040-A,B1,210.0,150.0,320.0,87.5,122.5,53.0,L_LARGE,FORE_AFT_X,65.0,50.0,C1,9.0,5.0,9.0,5.0,7.5,4.0,10.0,12.0,260.0,290.0,False,False,27.0,FAIL_ENVELOPE_CONTRACT,PTO_L_BRACKET_CLEARANCE_LT_8
S9-PY87.5-DY35.0-FY05.0-LX65.0-G60,9,B,MOTOR_MEDIUM,FRAME-E,F2040-A,B1,210.0,150.0,320.0,87.5,122.5,53.0,L_LARGE,FORE_AFT_X,65.0,60.0,C1,9.0,5.0,9.0,5.0,7.5,4.0,10.0,12.0,260.0,290.0,False,False,26.0,FAIL_ENVELOPE_CONTRACT,PTO_L_BRACKET_CLEARANCE_LT_8
S9-PY87.5-DY35.0-FY05.0-LX65.0-G70,9,B,MOTOR_MEDIUM,FRAME-E,F2040-A,B1,210.0,150.0,320.0,87.5,122.5,53.0,L_LARGE,FORE_AFT_X,65.0,70.0,C1,9.0,5.0,9.0,5.0,7.5,4.0,10.0,12.0,260.0,290.0,False,False,27.0,FAIL_ENVELOPE_CONTRACT,PTO_L_BRACKET_CLEARANCE_LT_8
S9-PY87.5-DY35.0-FY05.0-LX70.0-G50,9,B,MOTOR_MEDIUM,FRAME-E,F2040-A,B1,210.0,150.0,320.0,87.5,122.5,53.0,L_LARGE,FORE_AFT_X,70.0,50.0,C1,9.0,10.0,9.0,10.0,7.5,4.0,10.0,12.0,260.0,290.0,True,False,26.0,CONDITIONAL_PASS_CANDIDATE,
S9-PY87.5-DY35.0-FY05.0-LX70.0-G60,9,B,MOTOR_MEDIUM,FRAME-E,F2040-A,B1,210.0,150.0,320.0,87.5,122.5,53.0,L_LARGE,FORE_AFT_X,70.0,60.0,C1,9.0,10.0,9.0,10.0,7.5,4.0,10.0,12.0,260.0,290.0,True,False,25.0,CONDITIONAL_PASS_CANDIDATE,
S9-PY87.5-DY35.0-FY05.0-LX70.0-G70,9,B,MOTOR_MEDIUM,FRAME-E,F2040-A,B1,210.0,150.0,320.0,87.5,122.5,53.0,L_LARGE,FORE_AFT_X,70.0,70.0,C1,9.0,10.0,9.0,10.0,7.5,4.0,10.0,12.0,260.0,290.0,True,False,26.0,CONDITIONAL_PASS_CANDIDATE,
S9-PY87.5-DY35.0-FY05.0-LX75.0-G50,9,B,MOTOR_MEDIUM,FRAME-E,F2040-A,B1,210.0,150.0,320.0,87.5,122.5,53.0,L_LARGE,FORE_AFT_X,75.0,50.0,C1,9.0,15.0,9.0,15.0,7.5,4.0,10.0,12.0,260.0,290.0,True,False,27.0,CONDITIONAL_PASS_CANDIDATE,
S9-PY87.5-DY35.0-FY05.0-LX75.0-G60,9,B,MOTOR_MEDIUM,FRAME-E,F2040-A,B1,210.0,150.0,320.0,87.5,122.5,53.0,L_LARGE,FORE_AFT_X,75.0,60.0,C1,9.0,15.0,9.0,15.0,7.5,4.0,10.0,12.0,260.0,290.0,True,False,26.0,CONDITIONAL_PASS_CANDIDATE,
S9-PY87.5-DY35.0-FY05.0-LX75.0-G70,9,B,MOTOR_MEDIUM,FRAME-E,F2040-A,B1,210.0,150.0,320.0,87.5,122.5,53.0,L_LARGE,FORE_AFT_X,75.0,70.0,C1,9.0,15.0,9.0,15.0,7.5,4.0,10.0,12.0,260.0,290.0,True,False,27.0,CONDITIONAL_PASS_CANDIDATE,
S9-PY87.5-DY35.0-FY05.0-LX80.0-G50,9,B,MOTOR_MEDIUM,FRAME-E,F2040-A,B1,210.0,150.0,320.0,87.5,122.5,53.0,L_LARGE,FORE_AFT_X,80.0,50.0,C1,9.0,20.0,9.0,20.0,7.5,4.0,10.0,12.0,260.0,290.0,True,False,28.0,CONDITIONAL_PASS_CANDIDATE,
S9-PY87.5-DY35.0-FY05.0-LX80.0-G60,9,B,MOTOR_MEDIUM,FRAME-E,F2040-A,B1,210.0,150.0,320.0,87.5,122.5,53.0,L_LARGE,FORE_AFT_X,80.0,60.0,C1,9.0,20.0,9.0,20.0,7.5,4.0,10.0,12.0,260.0,290.0,True,False,27.0,CONDITIONAL_PASS_CANDIDATE,
S9-PY87.5-DY35.0-FY05.0-LX80.0-G70,9,B,MOTOR_MEDIUM,FRAME-E,F2040-A,B1,210.0,150.0,320.0,87.5,122.5,53.0,L_LARGE,FORE_AFT_X,80.0,70.0,C1,9.0,20.0,9.0,20.0,7.5,4.0,10.0,12.0,260.0,290.0,True,False,28.0,CONDITIONAL_PASS_CANDIDATE,
S9-PY87.5-DY35.0-FY10.0-LX65.0-G50,9,B,MOTOR_MEDIUM,FRAME-E,F2040-A,B1,210.0,150.0,320.0,87.5,122.5,58.0,L_LARGE,FORE_AFT_X,65.0,50.0,C1,4.0,5.0,4.0,5.0,7.5,4.0,10.0,12.0,260.0,290.0,False,False,42.0,FAIL_ENVELOPE_CONTRACT,BELT_FIXED_CLEARANCE_LT_5;PTO_FIXED_CLEARANCE_LT_8;PTO_L_BRACKET_CLEARANCE_LT_8
S9-PY87.5-DY35.0-FY10.0-LX65.0-G60,9,B,MOTOR_MEDIUM,FRAME-E,F2040-A,B1,210.0,150.0,320.0,87.5,122.5,58.0,L_LARGE,FORE_AFT_X,65.0,60.0,C1,4.0,5.0,4.0,5.0,7.5,4.0,10.0,12.0,260.0,290.0,False,False,41.0,FAIL_ENVELOPE_CONTRACT,BELT_FIXED_CLEARANCE_LT_5;PTO_FIXED_CLEARANCE_LT_8;PTO_L_BRACKET_CLEARANCE_LT_8
S9-PY87.5-DY35.0-FY10.0-LX65.0-G70,9,B,MOTOR_MEDIUM,FRAME-E,F2040-A,B1,210.0,150.0,320.0,87.5,122.5,58.0,L_LARGE,FORE_AFT_X,65.0,70.0,C1,4.0,5.0,4.0,5.0,7.5,4.0,10.0,12.0,260.0,290.0,False,False,42.0,FAIL_ENVELOPE_CONTRACT,BELT_FIXED_CLEARANCE_LT_5;PTO_FIXED_CLEARANCE_LT_8;PTO_L_BRACKET_CLEARANCE_LT_8
S9-PY87.5-DY35.0-FY10.0-LX70.0-G50,9,B,MOTOR_MEDIUM,FRAME-E,F2040-A,B1,210.0,150.0,320.0,87.5,122.5,58.0,L_LARGE,FORE_AFT_X,70.0,50.0,C1,4.0,10.0,4.0,10.0,7.5,4.0,10.0,12.0,260.0,290.0,False,False,41.0,FAIL_ENVELOPE_CONTRACT,BELT_FIXED_CLEARANCE_LT_5;PTO_FIXED_CLEARANCE_LT_8
S9-PY87.5-DY35.0-FY10.0-LX70.0-G60,9,B,MOTOR_MEDIUM,FRAME-E,F2040-A,B1,210.0,150.0,320.0,87.5,122.5,58.0,L_LARGE,FORE_AFT_X,70.0,60.0,C1,4.0,10.0,4.0,10.0,7.5,4.0,10.0,12.0,260.0,290.0,False,False,40.0,FAIL_ENVELOPE_CONTRACT,BELT_FIXED_CLEARANCE_LT_5;PTO_FIXED_CLEARANCE_LT_8
S9-PY87.5-DY35.0-FY10.0-LX70.0-G70,9,B,MOTOR_MEDIUM,FRAME-E,F2040-A,B1,210.0,150.0,320.0,87.5,122.5,58.0,L_LARGE,FORE_AFT_X,70.0,70.0,C1,4.0,10.0,4.0,10.0,7.5,4.0,10.0,12.0,260.0,290.0,False,False,41.0,FAIL_ENVELOPE_CONTRACT,BELT_FIXED_CLEARANCE_LT_5;PTO_FIXED_CLEARANCE_LT_8
S9-PY87.5-DY35.0-FY10.0-LX75.0-G50,9,B,MOTOR_MEDIUM,FRAME-E,F2040-A,B1,210.0,150.0,320.0,87.5,122.5,58.0,L_LARGE,FORE_AFT_X,75.0,50.0,C1,4.0,15.0,4.0,15.0,7.5,4.0,10.0,12.0,260.0,290.0,False,False,42.0,FAIL_ENVELOPE_CONTRACT,BELT_FIXED_CLEARANCE_LT_5;PTO_FIXED_CLEARANCE_LT_8
S9-PY87.5-DY35.0-FY10.0-LX75.0-G60,9,B,MOTOR_MEDIUM,FRAME-E,F2040-A,B1,210.0,150.0,320.0,87.5,122.5,58.0,L_LARGE,FORE_AFT_X,75.0,60.0,C1,4.0,15.0,4.0,15.0,7.5,4.0,10.0,12.0,260.0,290.0,False,False,41.0,FAIL_ENVELOPE_CONTRACT,BELT_FIXED_CLEARANCE_LT_5;PTO_FIXED_CLEARANCE_LT_8
S9-PY87.5-DY35.0-FY10.0-LX75.0-G70,9,B,MOTOR_MEDIUM,FRAME-E,F2040-A,B1,210.0,150.0,320.0,87.5,122.5,58.0,L_LARGE,FORE_AFT_X,75.0,70.0,C1,4.0,15.0,4.0,15.0,7.5,4.0,10.0,12.0,260.0,290.0,False,False,42.0,FAIL_ENVELOPE_CONTRACT,BELT_FIXED_CLEARANCE_LT_5;PTO_FIXED_CLEARANCE_LT_8
S9-PY87.5-DY35.0-FY10.0-LX80.0-G50,9,B,MOTOR_MEDIUM,FRAME-E,F2040-A,B1,210.0,150.0,320.0,87.5,122.5,58.0,L_LARGE,FORE_AFT_X,80.0,50.0,C1,4.0,20.0,4.0,20.0,7.5,4.0,10.0,12.0,260.0,290.0,False,False,43.0,FAIL_ENVELOPE_CONTRACT,BELT_FIXED_CLEARANCE_LT_5;PTO_FIXED_CLEARANCE_LT_8
S9-PY87.5-DY35.0-FY10.0-LX80.0-G60,9,B,MOTOR_MEDIUM,FRAME-E,F2040-A,B1,210.0,150.0,320.0,87.5,122.5,58.0,L_LARGE,FORE_AFT_X,80.0,60.0,C1,4.0,20.0,4.0,20.0,7.5,4.0,10.0,12.0,260.0,290.0,False,False,42.0,FAIL_ENVELOPE_CONTRACT,BELT_FIXED_CLEARANCE_LT_5;PTO_FIXED_CLEARANCE_LT_8
S9-PY87.5-DY35.0-FY10.0-LX80.0-G70,9,B,MOTOR_MEDIUM,FRAME-E,F2040-A,B1,210.0,150.0,320.0,87.5,122.5,58.0,L_LARGE,FORE_AFT_X,80.0,70.0,C1,4.0,20.0,4.0,20.0,7.5,4.0,10.0,12.0,260.0,290.0,False,False,43.0,FAIL_ENVELOPE_CONTRACT,BELT_FIXED_CLEARANCE_LT_5;PTO_FIXED_CLEARANCE_LT_8
S9-PY87.5-DY40.0-FY00.0-LX65.0-G50,9,B,MOTOR_MEDIUM,FRAME-E,F2040-A,B1,210.0,150.0,320.0,87.5,127.5,48.0,L_LARGE,FORE_AFT_X,65.0,50.0,C1,14.0,5.0,10.0,5.0,7.5,9.0,10.0,12.0,260.0,290.0,False,False,7.0,FAIL_ENVELOPE_CONTRACT,PTO_L_BRACKET_CLEARANCE_LT_8
S9-PY87.5-DY40.0-FY00.0-LX65.0-G60,9,B,MOTOR_MEDIUM,FRAME-E,F2040-A,B1,210.0,150.0,320.0,87.5,127.5,48.0,L_LARGE,FORE_AFT_X,65.0,60.0,C1,14.0,5.0,10.0,5.0,7.5,9.0,10.0,12.0,260.0,290.0,False,False,6.0,FAIL_ENVELOPE_CONTRACT,PTO_L_BRACKET_CLEARANCE_LT_8
S9-PY87.5-DY40.0-FY00.0-LX65.0-G70,9,B,MOTOR_MEDIUM,FRAME-E,F2040-A,B1,210.0,150.0,320.0,87.5,127.5,48.0,L_LARGE,FORE_AFT_X,65.0,70.0,C1,14.0,5.0,10.0,5.0,7.5,9.0,10.0,12.0,260.0,290.0,False,False,7.0,FAIL_ENVELOPE_CONTRACT,PTO_L_BRACKET_CLEARANCE_LT_8
S9-PY87.5-DY40.0-FY00.0-LX70.0-G50,9,B,MOTOR_MEDIUM,FRAME-E,F2040-A,B1,210.0,150.0,320.0,87.5,127.5,48.0,L_LARGE,FORE_AFT_X,70.0,50.0,C1,14.0,10.0,10.0,10.0,7.5,9.0,10.0,12.0,260.0,290.0,True,False,6.0,CONDITIONAL_PASS_CANDIDATE,
S9-PY87.5-DY40.0-FY00.0-LX70.0-G60,9,B,MOTOR_MEDIUM,FRAME-E,F2040-A,B1,210.0,150.0,320.0,87.5,127.5,48.0,L_LARGE,FORE_AFT_X,70.0,60.0,C1,14.0,10.0,10.0,10.0,7.5,9.0,10.0,12.0,260.0,290.0,True,False,5.0,CONDITIONAL_PASS_CANDIDATE,
S9-PY87.5-DY40.0-FY00.0-LX70.0-G70,9,B,MOTOR_MEDIUM,FRAME-E,F2040-A,B1,210.0,150.0,320.0,87.5,127.5,48.0,L_LARGE,FORE_AFT_X,70.0,70.0,C1,14.0,10.0,10.0,10.0,7.5,9.0,10.0,12.0,260.0,290.0,True,False,6.0,CONDITIONAL_PASS_CANDIDATE,
S9-PY87.5-DY40.0-FY00.0-LX75.0-G50,9,B,MOTOR_MEDIUM,FRAME-E,F2040-A,B1,210.0,150.0,320.0,87.5,127.5,48.0,L_LARGE,FORE_AFT_X,75.0,50.0,C1,14.0,15.0,10.0,15.0,7.5,9.0,10.0,12.0,260.0,290.0,True,False,7.0,CONDITIONAL_PASS_CANDIDATE,
S9-PY87.5-DY40.0-FY00.0-LX75.0-G60,9,B,MOTOR_MEDIUM,FRAME-E,F2040-A,B1,210.0,150.0,320.0,87.5,127.5,48.0,L_LARGE,FORE_AFT_X,75.0,60.0,C1,14.0,15.0,10.0,15.0,7.5,9.0,10.0,12.0,260.0,290.0,True,False,6.0,CONDITIONAL_PASS_CANDIDATE,
S9-PY87.5-DY40.0-FY00.0-LX75.0-G70,9,B,MOTOR_MEDIUM,FRAME-E,F2040-A,B1,210.0,150.0,320.0,87.5,127.5,48.0,L_LARGE,FORE_AFT_X,75.0,70.0,C1,14.0,15.0,10.0,15.0,7.5,9.0,10.0,12.0,260.0,290.0,True,False,7.0,CONDITIONAL_PASS_CANDIDATE,
S9-PY87.5-DY40.0-FY00.0-LX80.0-G50,9,B,MOTOR_MEDIUM,FRAME-E,F2040-A,B1,210.0,150.0,320.0,87.5,127.5,48.0,L_LARGE,FORE_AFT_X,80.0,50.0,C1,14.0,20.0,10.0,20.0,7.5,9.0,10.0,12.0,260.0,290.0,True,False,8.0,CONDITIONAL_PASS_CANDIDATE,
S9-PY87.5-DY40.0-FY00.0-LX80.0-G60,9,B,MOTOR_MEDIUM,FRAME-E,F2040-A,B1,210.0,150.0,320.0,87.5,127.5,48.0,L_LARGE,FORE_AFT_X,80.0,60.0,C1,14.0,20.0,10.0,20.0,7.5,9.0,10.0,12.0,260.0,290.0,True,False,7.0,CONDITIONAL_PASS_CANDIDATE,
S9-PY87.5-DY40.0-FY00.0-LX80.0-G70,9,B,MOTOR_MEDIUM,FRAME-E,F2040-A,B1,210.0,150.0,320.0,87.5,127.5,48.0,L_LARGE,FORE_AFT_X,80.0,70.0,C1,14.0,20.0,10.0,20.0,7.5,9.0,10.0,12.0,260.0,290.0,True,False,8.0,CONDITIONAL_PASS_CANDIDATE,
S9-PY87.5-DY40.0-FY05.0-LX65.0-G50,9,B,MOTOR_MEDIUM,FRAME-E,F2040-A,B1,210.0,150.0,320.0,87.5,127.5,53.0,L_LARGE,FORE_AFT_X,65.0,50.0,C1,9.0,5.0,9.0,5.0,7.5,9.0,10.0,12.0,260.0,290.0,False,False,22.0,FAIL_ENVELOPE_CONTRACT,PTO_L_BRACKET_CLEARANCE_LT_8
S9-PY87.5-DY40.0-FY05.0-LX65.0-G60,9,B,MOTOR_MEDIUM,FRAME-E,F2040-A,B1,210.0,150.0,320.0,87.5,127.5,53.0,L_LARGE,FORE_AFT_X,65.0,60.0,C1,9.0,5.0,9.0,5.0,7.5,9.0,10.0,12.0,260.0,290.0,False,False,21.0,FAIL_ENVELOPE_CONTRACT,PTO_L_BRACKET_CLEARANCE_LT_8
S9-PY87.5-DY40.0-FY05.0-LX65.0-G70,9,B,MOTOR_MEDIUM,FRAME-E,F2040-A,B1,210.0,150.0,320.0,87.5,127.5,53.0,L_LARGE,FORE_AFT_X,65.0,70.0,C1,9.0,5.0,9.0,5.0,7.5,9.0,10.0,12.0,260.0,290.0,False,False,22.0,FAIL_ENVELOPE_CONTRACT,PTO_L_BRACKET_CLEARANCE_LT_8
S9-PY87.5-DY40.0-FY05.0-LX70.0-G50,9,B,MOTOR_MEDIUM,FRAME-E,F2040-A,B1,210.0,150.0,320.0,87.5,127.5,53.0,L_LARGE,FORE_AFT_X,70.0,50.0,C1,9.0,10.0,9.0,10.0,7.5,9.0,10.0,12.0,260.0,290.0,True,False,21.0,CONDITIONAL_PASS_CANDIDATE,
S9-PY87.5-DY40.0-FY05.0-LX70.0-G60,9,B,MOTOR_MEDIUM,FRAME-E,F2040-A,B1,210.0,150.0,320.0,87.5,127.5,53.0,L_LARGE,FORE_AFT_X,70.0,60.0,C1,9.0,10.0,9.0,10.0,7.5,9.0,10.0,12.0,260.0,290.0,True,False,20.0,CONDITIONAL_PASS_CANDIDATE,
S9-PY87.5-DY40.0-FY05.0-LX70.0-G70,9,B,MOTOR_MEDIUM,FRAME-E,F2040-A,B1,210.0,150.0,320.0,87.5,127.5,53.0,L_LARGE,FORE_AFT_X,70.0,70.0,C1,9.0,10.0,9.0,10.0,7.5,9.0,10.0,12.0,260.0,290.0,True,False,21.0,CONDITIONAL_PASS_CANDIDATE,
S9-PY87.5-DY40.0-FY05.0-LX75.0-G50,9,B,MOTOR_MEDIUM,FRAME-E,F2040-A,B1,210.0,150.0,320.0,87.5,127.5,53.0,L_LARGE,FORE_AFT_X,75.0,50.0,C1,9.0,15.0,9.0,15.0,7.5,9.0,10.0,12.0,260.0,290.0,True,False,22.0,CONDITIONAL_PASS_CANDIDATE,
S9-PY87.5-DY40.0-FY05.0-LX75.0-G60,9,B,MOTOR_MEDIUM,FRAME-E,F2040-A,B1,210.0,150.0,320.0,87.5,127.5,53.0,L_LARGE,FORE_AFT_X,75.0,60.0,C1,9.0,15.0,9.0,15.0,7.5,9.0,10.0,12.0,260.0,290.0,True,False,21.0,CONDITIONAL_PASS_CANDIDATE,
S9-PY87.5-DY40.0-FY05.0-LX75.0-G70,9,B,MOTOR_MEDIUM,FRAME-E,F2040-A,B1,210.0,150.0,320.0,87.5,127.5,53.0,L_LARGE,FORE_AFT_X,75.0,70.0,C1,9.0,15.0,9.0,15.0,7.5,9.0,10.0,12.0,260.0,290.0,True,False,22.0,CONDITIONAL_PASS_CANDIDATE,
S9-PY87.5-DY40.0-FY05.0-LX80.0-G50,9,B,MOTOR_MEDIUM,FRAME-E,F2040-A,B1,210.0,150.0,320.0,87.5,127.5,53.0,L_LARGE,FORE_AFT_X,80.0,50.0,C1,9.0,20.0,9.0,20.0,7.5,9.0,10.0,12.0,260.0,290.0,True,False,23.0,CONDITIONAL_PASS_CANDIDATE,
S9-PY87.5-DY40.0-FY05.0-LX80.0-G60,9,B,MOTOR_MEDIUM,FRAME-E,F2040-A,B1,210.0,150.0,320.0,87.5,127.5,53.0,L_LARGE,FORE_AFT_X,80.0,60.0,C1,9.0,20.0,9.0,20.0,7.5,9.0,10.0,12.0,260.0,290.0,True,False,22.0,CONDITIONAL_PASS_CANDIDATE,
S9-PY87.5-DY40.0-FY05.0-LX80.0-G70,9,B,MOTOR_MEDIUM,FRAME-E,F2040-A,B1,210.0,150.0,320.0,87.5,127.5,53.0,L_LARGE,FORE_AFT_X,80.0,70.0,C1,9.0,20.0,9.0,20.0,7.5,9.0,10.0,12.0,260.0,290.0,True,False,23.0,CONDITIONAL_PASS_CANDIDATE,
S9-PY87.5-DY40.0-FY10.0-LX65.0-G50,9,B,MOTOR_MEDIUM,FRAME-E,F2040-A,B1,210.0,150.0,320.0,87.5,127.5,58.0,L_LARGE,FORE_AFT_X,65.0,50.0,C1,4.0,5.0,4.0,5.0,7.5,9.0,10.0,12.0,260.0,290.0,False,False,37.0,FAIL_ENVELOPE_CONTRACT,BELT_FIXED_CLEARANCE_LT_5;PTO_FIXED_CLEARANCE_LT_8;PTO_L_BRACKET_CLEARANCE_LT_8
S9-PY87.5-DY40.0-FY10.0-LX65.0-G60,9,B,MOTOR_MEDIUM,FRAME-E,F2040-A,B1,210.0,150.0,320.0,87.5,127.5,58.0,L_LARGE,FORE_AFT_X,65.0,60.0,C1,4.0,5.0,4.0,5.0,7.5,9.0,10.0,12.0,260.0,290.0,False,False,36.0,FAIL_ENVELOPE_CONTRACT,BELT_FIXED_CLEARANCE_LT_5;PTO_FIXED_CLEARANCE_LT_8;PTO_L_BRACKET_CLEARANCE_LT_8
S9-PY87.5-DY40.0-FY10.0-LX65.0-G70,9,B,MOTOR_MEDIUM,FRAME-E,F2040-A,B1,210.0,150.0,320.0,87.5,127.5,58.0,L_LARGE,FORE_AFT_X,65.0,70.0,C1,4.0,5.0,4.0,5.0,7.5,9.0,10.0,12.0,260.0,290.0,False,False,37.0,FAIL_ENVELOPE_CONTRACT,BELT_FIXED_CLEARANCE_LT_5;PTO_FIXED_CLEARANCE_LT_8;PTO_L_BRACKET_CLEARANCE_LT_8
S9-PY87.5-DY40.0-FY10.0-LX70.0-G50,9,B,MOTOR_MEDIUM,FRAME-E,F2040-A,B1,210.0,150.0,320.0,87.5,127.5,58.0,L_LARGE,FORE_AFT_X,70.0,50.0,C1,4.0,10.0,4.0,10.0,7.5,9.0,10.0,12.0,260.0,290.0,False,False,36.0,FAIL_ENVELOPE_CONTRACT,BELT_FIXED_CLEARANCE_LT_5;PTO_FIXED_CLEARANCE_LT_8
S9-PY87.5-DY40.0-FY10.0-LX70.0-G60,9,B,MOTOR_MEDIUM,FRAME-E,F2040-A,B1,210.0,150.0,320.0,87.5,127.5,58.0,L_LARGE,FORE_AFT_X,70.0,60.0,C1,4.0,10.0,4.0,10.0,7.5,9.0,10.0,12.0,260.0,290.0,False,False,35.0,FAIL_ENVELOPE_CONTRACT,BELT_FIXED_CLEARANCE_LT_5;PTO_FIXED_CLEARANCE_LT_8
S9-PY87.5-DY40.0-FY10.0-LX70.0-G70,9,B,MOTOR_MEDIUM,FRAME-E,F2040-A,B1,210.0,150.0,320.0,87.5,127.5,58.0,L_LARGE,FORE_AFT_X,70.0,70.0,C1,4.0,10.0,4.0,10.0,7.5,9.0,10.0,12.0,260.0,290.0,False,False,36.0,FAIL_ENVELOPE_CONTRACT,BELT_FIXED_CLEARANCE_LT_5;PTO_FIXED_CLEARANCE_LT_8
S9-PY87.5-DY40.0-FY10.0-LX75.0-G50,9,B,MOTOR_MEDIUM,FRAME-E,F2040-A,B1,210.0,150.0,320.0,87.5,127.5,58.0,L_LARGE,FORE_AFT_X,75.0,50.0,C1,4.0,15.0,4.0,15.0,7.5,9.0,10.0,12.0,260.0,290.0,False,False,37.0,FAIL_ENVELOPE_CONTRACT,BELT_FIXED_CLEARANCE_LT_5;PTO_FIXED_CLEARANCE_LT_8
S9-PY87.5-DY40.0-FY10.0-LX75.0-G60,9,B,MOTOR_MEDIUM,FRAME-E,F2040-A,B1,210.0,150.0,320.0,87.5,127.5,58.0,L_LARGE,FORE_AFT_X,75.0,60.0,C1,4.0,15.0,4.0,15.0,7.5,9.0,10.0,12.0,260.0,290.0,False,False,36.0,FAIL_ENVELOPE_CONTRACT,BELT_FIXED_CLEARANCE_LT_5;PTO_FIXED_CLEARANCE_LT_8
S9-PY87.5-DY40.0-FY10.0-LX75.0-G70,9,B,MOTOR_MEDIUM,FRAME-E,F2040-A,B1,210.0,150.0,320.0,87.5,127.5,58.0,L_LARGE,FORE_AFT_X,75.0,70.0,C1,4.0,15.0,4.0,15.0,7.5,9.0,10.0,12.0,260.0,290.0,False,False,37.0,FAIL_ENVELOPE_CONTRACT,BELT_FIXED_CLEARANCE_LT_5;PTO_FIXED_CLEARANCE_LT_8
S9-PY87.5-DY40.0-FY10.0-LX80.0-G50,9,B,MOTOR_MEDIUM,FRAME-E,F2040-A,B1,210.0,150.0,320.0,87.5,127.5,58.0,L_LARGE,FORE_AFT_X,80.0,50.0,C1,4.0,20.0,4.0,20.0,7.5,9.0,10.0,12.0,260.0,290.0,False,False,38.0,FAIL_ENVELOPE_CONTRACT,BELT_FIXED_CLEARANCE_LT_5;PTO_FIXED_CLEARANCE_LT_8
S9-PY87.5-DY40.0-FY10.0-LX80.0-G60,9,B,MOTOR_MEDIUM,FRAME-E,F2040-A,B1,210.0,150.0,320.0,87.5,127.5,58.0,L_LARGE,FORE_AFT_X,80.0,60.0,C1,4.0,20.0,4.0,20.0,7.5,9.0,10.0,12.0,260.0,290.0,False,False,37.0,FAIL_ENVELOPE_CONTRACT,BELT_FIXED_CLEARANCE_LT_5;PTO_FIXED_CLEARANCE_LT_8
S9-PY87.5-DY40.0-FY10.0-LX80.0-G70,9,B,MOTOR_MEDIUM,FRAME-E,F2040-A,B1,210.0,150.0,320.0,87.5,127.5,58.0,L_LARGE,FORE_AFT_X,80.0,70.0,C1,4.0,20.0,4.0,20.0,7.5,9.0,10.0,12.0,260.0,290.0,False,False,38.0,FAIL_ENVELOPE_CONTRACT,BELT_FIXED_CLEARANCE_LT_5;PTO_FIXED_CLEARANCE_LT_8
S9-PY87.5-DY45.0-FY00.0-LX65.0-G50,9,B,MOTOR_MEDIUM,FRAME-E,F2040-A,B1,210.0,150.0,320.0,87.5,132.5,48.0,L_LARGE,FORE_AFT_X,65.0,50.0,C1,14.0,5.0,10.0,5.0,7.5,14.0,10.0,12.0,260.0,300.0,False,False,12.0,FAIL_ENVELOPE_CONTRACT,PTO_L_BRACKET_CLEARANCE_LT_8;TOTAL_WIDTH_GTE_300
S9-PY87.5-DY45.0-FY00.0-LX65.0-G60,9,B,MOTOR_MEDIUM,FRAME-E,F2040-A,B1,210.0,150.0,320.0,87.5,132.5,48.0,L_LARGE,FORE_AFT_X,65.0,60.0,C1,14.0,5.0,10.0,5.0,7.5,14.0,10.0,12.0,260.0,300.0,False,False,11.0,FAIL_ENVELOPE_CONTRACT,PTO_L_BRACKET_CLEARANCE_LT_8;TOTAL_WIDTH_GTE_300
S9-PY87.5-DY45.0-FY00.0-LX65.0-G70,9,B,MOTOR_MEDIUM,FRAME-E,F2040-A,B1,210.0,150.0,320.0,87.5,132.5,48.0,L_LARGE,FORE_AFT_X,65.0,70.0,C1,14.0,5.0,10.0,5.0,7.5,14.0,10.0,12.0,260.0,300.0,False,False,12.0,FAIL_ENVELOPE_CONTRACT,PTO_L_BRACKET_CLEARANCE_LT_8;TOTAL_WIDTH_GTE_300
S9-PY87.5-DY45.0-FY00.0-LX70.0-G50,9,B,MOTOR_MEDIUM,FRAME-E,F2040-A,B1,210.0,150.0,320.0,87.5,132.5,48.0,L_LARGE,FORE_AFT_X,70.0,50.0,C1,14.0,10.0,10.0,10.0,7.5,14.0,10.0,12.0,260.0,300.0,False,False,11.0,FAIL_ENVELOPE_CONTRACT,TOTAL_WIDTH_GTE_300
S9-PY87.5-DY45.0-FY00.0-LX70.0-G60,9,B,MOTOR_MEDIUM,FRAME-E,F2040-A,B1,210.0,150.0,320.0,87.5,132.5,48.0,L_LARGE,FORE_AFT_X,70.0,60.0,C1,14.0,10.0,10.0,10.0,7.5,14.0,10.0,12.0,260.0,300.0,False,False,10.0,FAIL_ENVELOPE_CONTRACT,TOTAL_WIDTH_GTE_300
S9-PY87.5-DY45.0-FY00.0-LX70.0-G70,9,B,MOTOR_MEDIUM,FRAME-E,F2040-A,B1,210.0,150.0,320.0,87.5,132.5,48.0,L_LARGE,FORE_AFT_X,70.0,70.0,C1,14.0,10.0,10.0,10.0,7.5,14.0,10.0,12.0,260.0,300.0,False,False,11.0,FAIL_ENVELOPE_CONTRACT,TOTAL_WIDTH_GTE_300
S9-PY87.5-DY45.0-FY00.0-LX75.0-G50,9,B,MOTOR_MEDIUM,FRAME-E,F2040-A,B1,210.0,150.0,320.0,87.5,132.5,48.0,L_LARGE,FORE_AFT_X,75.0,50.0,C1,14.0,15.0,10.0,15.0,7.5,14.0,10.0,12.0,260.0,300.0,False,False,12.0,FAIL_ENVELOPE_CONTRACT,TOTAL_WIDTH_GTE_300
S9-PY87.5-DY45.0-FY00.0-LX75.0-G60,9,B,MOTOR_MEDIUM,FRAME-E,F2040-A,B1,210.0,150.0,320.0,87.5,132.5,48.0,L_LARGE,FORE_AFT_X,75.0,60.0,C1,14.0,15.0,10.0,15.0,7.5,14.0,10.0,12.0,260.0,300.0,False,False,11.0,FAIL_ENVELOPE_CONTRACT,TOTAL_WIDTH_GTE_300
S9-PY87.5-DY45.0-FY00.0-LX75.0-G70,9,B,MOTOR_MEDIUM,FRAME-E,F2040-A,B1,210.0,150.0,320.0,87.5,132.5,48.0,L_LARGE,FORE_AFT_X,75.0,70.0,C1,14.0,15.0,10.0,15.0,7.5,14.0,10.0,12.0,260.0,300.0,False,False,12.0,FAIL_ENVELOPE_CONTRACT,TOTAL_WIDTH_GTE_300
S9-PY87.5-DY45.0-FY00.0-LX80.0-G50,9,B,MOTOR_MEDIUM,FRAME-E,F2040-A,B1,210.0,150.0,320.0,87.5,132.5,48.0,L_LARGE,FORE_AFT_X,80.0,50.0,C1,14.0,20.0,10.0,20.0,7.5,14.0,10.0,12.0,260.0,300.0,False,False,13.0,FAIL_ENVELOPE_CONTRACT,TOTAL_WIDTH_GTE_300
S9-PY87.5-DY45.0-FY00.0-LX80.0-G60,9,B,MOTOR_MEDIUM,FRAME-E,F2040-A,B1,210.0,150.0,320.0,87.5,132.5,48.0,L_LARGE,FORE_AFT_X,80.0,60.0,C1,14.0,20.0,10.0,20.0,7.5,14.0,10.0,12.0,260.0,300.0,False,False,12.0,FAIL_ENVELOPE_CONTRACT,TOTAL_WIDTH_GTE_300
S9-PY87.5-DY45.0-FY00.0-LX80.0-G70,9,B,MOTOR_MEDIUM,FRAME-E,F2040-A,B1,210.0,150.0,320.0,87.5,132.5,48.0,L_LARGE,FORE_AFT_X,80.0,70.0,C1,14.0,20.0,10.0,20.0,7.5,14.0,10.0,12.0,260.0,300.0,False,False,13.0,FAIL_ENVELOPE_CONTRACT,TOTAL_WIDTH_GTE_300
S9-PY87.5-DY45.0-FY05.0-LX65.0-G50,9,B,MOTOR_MEDIUM,FRAME-E,F2040-A,B1,210.0,150.0,320.0,87.5,132.5,53.0,L_LARGE,FORE_AFT_X,65.0,50.0,C1,9.0,5.0,9.0,5.0,7.5,14.0,10.0,12.0,260.0,300.0,False,False,27.0,FAIL_ENVELOPE_CONTRACT,PTO_L_BRACKET_CLEARANCE_LT_8;TOTAL_WIDTH_GTE_300
S9-PY87.5-DY45.0-FY05.0-LX65.0-G60,9,B,MOTOR_MEDIUM,FRAME-E,F2040-A,B1,210.0,150.0,320.0,87.5,132.5,53.0,L_LARGE,FORE_AFT_X,65.0,60.0,C1,9.0,5.0,9.0,5.0,7.5,14.0,10.0,12.0,260.0,300.0,False,False,26.0,FAIL_ENVELOPE_CONTRACT,PTO_L_BRACKET_CLEARANCE_LT_8;TOTAL_WIDTH_GTE_300
S9-PY87.5-DY45.0-FY05.0-LX65.0-G70,9,B,MOTOR_MEDIUM,FRAME-E,F2040-A,B1,210.0,150.0,320.0,87.5,132.5,53.0,L_LARGE,FORE_AFT_X,65.0,70.0,C1,9.0,5.0,9.0,5.0,7.5,14.0,10.0,12.0,260.0,300.0,False,False,27.0,FAIL_ENVELOPE_CONTRACT,PTO_L_BRACKET_CLEARANCE_LT_8;TOTAL_WIDTH_GTE_300
S9-PY87.5-DY45.0-FY05.0-LX70.0-G50,9,B,MOTOR_MEDIUM,FRAME-E,F2040-A,B1,210.0,150.0,320.0,87.5,132.5,53.0,L_LARGE,FORE_AFT_X,70.0,50.0,C1,9.0,10.0,9.0,10.0,7.5,14.0,10.0,12.0,260.0,300.0,False,False,26.0,FAIL_ENVELOPE_CONTRACT,TOTAL_WIDTH_GTE_300
S9-PY87.5-DY45.0-FY05.0-LX70.0-G60,9,B,MOTOR_MEDIUM,FRAME-E,F2040-A,B1,210.0,150.0,320.0,87.5,132.5,53.0,L_LARGE,FORE_AFT_X,70.0,60.0,C1,9.0,10.0,9.0,10.0,7.5,14.0,10.0,12.0,260.0,300.0,False,False,25.0,FAIL_ENVELOPE_CONTRACT,TOTAL_WIDTH_GTE_300
S9-PY87.5-DY45.0-FY05.0-LX70.0-G70,9,B,MOTOR_MEDIUM,FRAME-E,F2040-A,B1,210.0,150.0,320.0,87.5,132.5,53.0,L_LARGE,FORE_AFT_X,70.0,70.0,C1,9.0,10.0,9.0,10.0,7.5,14.0,10.0,12.0,260.0,300.0,False,False,26.0,FAIL_ENVELOPE_CONTRACT,TOTAL_WIDTH_GTE_300
S9-PY87.5-DY45.0-FY05.0-LX75.0-G50,9,B,MOTOR_MEDIUM,FRAME-E,F2040-A,B1,210.0,150.0,320.0,87.5,132.5,53.0,L_LARGE,FORE_AFT_X,75.0,50.0,C1,9.0,15.0,9.0,15.0,7.5,14.0,10.0,12.0,260.0,300.0,False,False,27.0,FAIL_ENVELOPE_CONTRACT,TOTAL_WIDTH_GTE_300
S9-PY87.5-DY45.0-FY05.0-LX75.0-G60,9,B,MOTOR_MEDIUM,FRAME-E,F2040-A,B1,210.0,150.0,320.0,87.5,132.5,53.0,L_LARGE,FORE_AFT_X,75.0,60.0,C1,9.0,15.0,9.0,15.0,7.5,14.0,10.0,12.0,260.0,300.0,False,False,26.0,FAIL_ENVELOPE_CONTRACT,TOTAL_WIDTH_GTE_300
S9-PY87.5-DY45.0-FY05.0-LX75.0-G70,9,B,MOTOR_MEDIUM,FRAME-E,F2040-A,B1,210.0,150.0,320.0,87.5,132.5,53.0,L_LARGE,FORE_AFT_X,75.0,70.0,C1,9.0,15.0,9.0,15.0,7.5,14.0,10.0,12.0,260.0,300.0,False,False,27.0,FAIL_ENVELOPE_CONTRACT,TOTAL_WIDTH_GTE_300
S9-PY87.5-DY45.0-FY05.0-LX80.0-G50,9,B,MOTOR_MEDIUM,FRAME-E,F2040-A,B1,210.0,150.0,320.0,87.5,132.5,53.0,L_LARGE,FORE_AFT_X,80.0,50.0,C1,9.0,20.0,9.0,20.0,7.5,14.0,10.0,12.0,260.0,300.0,False,False,28.0,FAIL_ENVELOPE_CONTRACT,TOTAL_WIDTH_GTE_300
S9-PY87.5-DY45.0-FY05.0-LX80.0-G60,9,B,MOTOR_MEDIUM,FRAME-E,F2040-A,B1,210.0,150.0,320.0,87.5,132.5,53.0,L_LARGE,FORE_AFT_X,80.0,60.0,C1,9.0,20.0,9.0,20.0,7.5,14.0,10.0,12.0,260.0,300.0,False,False,27.0,FAIL_ENVELOPE_CONTRACT,TOTAL_WIDTH_GTE_300
S9-PY87.5-DY45.0-FY05.0-LX80.0-G70,9,B,MOTOR_MEDIUM,FRAME-E,F2040-A,B1,210.0,150.0,320.0,87.5,132.5,53.0,L_LARGE,FORE_AFT_X,80.0,70.0,C1,9.0,20.0,9.0,20.0,7.5,14.0,10.0,12.0,260.0,300.0,False,False,28.0,FAIL_ENVELOPE_CONTRACT,TOTAL_WIDTH_GTE_300
S9-PY87.5-DY45.0-FY10.0-LX65.0-G50,9,B,MOTOR_MEDIUM,FRAME-E,F2040-A,B1,210.0,150.0,320.0,87.5,132.5,58.0,L_LARGE,FORE_AFT_X,65.0,50.0,C1,4.0,5.0,4.0,5.0,7.5,14.0,10.0,12.0,260.0,300.0,False,False,42.0,FAIL_ENVELOPE_CONTRACT,BELT_FIXED_CLEARANCE_LT_5;PTO_FIXED_CLEARANCE_LT_8;PTO_L_BRACKET_CLEARANCE_LT_8;TOTAL_WIDTH_GTE_300
S9-PY87.5-DY45.0-FY10.0-LX65.0-G60,9,B,MOTOR_MEDIUM,FRAME-E,F2040-A,B1,210.0,150.0,320.0,87.5,132.5,58.0,L_LARGE,FORE_AFT_X,65.0,60.0,C1,4.0,5.0,4.0,5.0,7.5,14.0,10.0,12.0,260.0,300.0,False,False,41.0,FAIL_ENVELOPE_CONTRACT,BELT_FIXED_CLEARANCE_LT_5;PTO_FIXED_CLEARANCE_LT_8;PTO_L_BRACKET_CLEARANCE_LT_8;TOTAL_WIDTH_GTE_300
S9-PY87.5-DY45.0-FY10.0-LX65.0-G70,9,B,MOTOR_MEDIUM,FRAME-E,F2040-A,B1,210.0,150.0,320.0,87.5,132.5,58.0,L_LARGE,FORE_AFT_X,65.0,70.0,C1,4.0,5.0,4.0,5.0,7.5,14.0,10.0,12.0,260.0,300.0,False,False,42.0,FAIL_ENVELOPE_CONTRACT,BELT_FIXED_CLEARANCE_LT_5;PTO_FIXED_CLEARANCE_LT_8;PTO_L_BRACKET_CLEARANCE_LT_8;TOTAL_WIDTH_GTE_300
S9-PY87.5-DY45.0-FY10.0-LX70.0-G50,9,B,MOTOR_MEDIUM,FRAME-E,F2040-A,B1,210.0,150.0,320.0,87.5,132.5,58.0,L_LARGE,FORE_AFT_X,70.0,50.0,C1,4.0,10.0,4.0,10.0,7.5,14.0,10.0,12.0,260.0,300.0,False,False,41.0,FAIL_ENVELOPE_CONTRACT,BELT_FIXED_CLEARANCE_LT_5;PTO_FIXED_CLEARANCE_LT_8;TOTAL_WIDTH_GTE_300
S9-PY87.5-DY45.0-FY10.0-LX70.0-G60,9,B,MOTOR_MEDIUM,FRAME-E,F2040-A,B1,210.0,150.0,320.0,87.5,132.5,58.0,L_LARGE,FORE_AFT_X,70.0,60.0,C1,4.0,10.0,4.0,10.0,7.5,14.0,10.0,12.0,260.0,300.0,False,False,40.0,FAIL_ENVELOPE_CONTRACT,BELT_FIXED_CLEARANCE_LT_5;PTO_FIXED_CLEARANCE_LT_8;TOTAL_WIDTH_GTE_300
S9-PY87.5-DY45.0-FY10.0-LX70.0-G70,9,B,MOTOR_MEDIUM,FRAME-E,F2040-A,B1,210.0,150.0,320.0,87.5,132.5,58.0,L_LARGE,FORE_AFT_X,70.0,70.0,C1,4.0,10.0,4.0,10.0,7.5,14.0,10.0,12.0,260.0,300.0,False,False,41.0,FAIL_ENVELOPE_CONTRACT,BELT_FIXED_CLEARANCE_LT_5;PTO_FIXED_CLEARANCE_LT_8;TOTAL_WIDTH_GTE_300
S9-PY87.5-DY45.0-FY10.0-LX75.0-G50,9,B,MOTOR_MEDIUM,FRAME-E,F2040-A,B1,210.0,150.0,320.0,87.5,132.5,58.0,L_LARGE,FORE_AFT_X,75.0,50.0,C1,4.0,15.0,4.0,15.0,7.5,14.0,10.0,12.0,260.0,300.0,False,False,42.0,FAIL_ENVELOPE_CONTRACT,BELT_FIXED_CLEARANCE_LT_5;PTO_FIXED_CLEARANCE_LT_8;TOTAL_WIDTH_GTE_300
S9-PY87.5-DY45.0-FY10.0-LX75.0-G60,9,B,MOTOR_MEDIUM,FRAME-E,F2040-A,B1,210.0,150.0,320.0,87.5,132.5,58.0,L_LARGE,FORE_AFT_X,75.0,60.0,C1,4.0,15.0,4.0,15.0,7.5,14.0,10.0,12.0,260.0,300.0,False,False,41.0,FAIL_ENVELOPE_CONTRACT,BELT_FIXED_CLEARANCE_LT_5;PTO_FIXED_CLEARANCE_LT_8;TOTAL_WIDTH_GTE_300
S9-PY87.5-DY45.0-FY10.0-LX75.0-G70,9,B,MOTOR_MEDIUM,FRAME-E,F2040-A,B1,210.0,150.0,320.0,87.5,132.5,58.0,L_LARGE,FORE_AFT_X,75.0,70.0,C1,4.0,15.0,4.0,15.0,7.5,14.0,10.0,12.0,260.0,300.0,False,False,42.0,FAIL_ENVELOPE_CONTRACT,BELT_FIXED_CLEARANCE_LT_5;PTO_FIXED_CLEARANCE_LT_8;TOTAL_WIDTH_GTE_300
S9-PY87.5-DY45.0-FY10.0-LX80.0-G50,9,B,MOTOR_MEDIUM,FRAME-E,F2040-A,B1,210.0,150.0,320.0,87.5,132.5,58.0,L_LARGE,FORE_AFT_X,80.0,50.0,C1,4.0,20.0,4.0,20.0,7.5,14.0,10.0,12.0,260.0,300.0,False,False,43.0,FAIL_ENVELOPE_CONTRACT,BELT_FIXED_CLEARANCE_LT_5;PTO_FIXED_CLEARANCE_LT_8;TOTAL_WIDTH_GTE_300
S9-PY87.5-DY45.0-FY10.0-LX80.0-G60,9,B,MOTOR_MEDIUM,FRAME-E,F2040-A,B1,210.0,150.0,320.0,87.5,132.5,58.0,L_LARGE,FORE_AFT_X,80.0,60.0,C1,4.0,20.0,4.0,20.0,7.5,14.0,10.0,12.0,260.0,300.0,False,False,42.0,FAIL_ENVELOPE_CONTRACT,BELT_FIXED_CLEARANCE_LT_5;PTO_FIXED_CLEARANCE_LT_8;TOTAL_WIDTH_GTE_300
S9-PY87.5-DY45.0-FY10.0-LX80.0-G70,9,B,MOTOR_MEDIUM,FRAME-E,F2040-A,B1,210.0,150.0,320.0,87.5,132.5,58.0,L_LARGE,FORE_AFT_X,80.0,70.0,C1,4.0,20.0,4.0,20.0,7.5,14.0,10.0,12.0,260.0,300.0,False,False,43.0,FAIL_ENVELOPE_CONTRACT,BELT_FIXED_CLEARANCE_LT_5;PTO_FIXED_CLEARANCE_LT_8;TOTAL_WIDTH_GTE_300
S9-B5-F2040A-FRAMEC-PTOX210-Z330-PY85.0-DY40.0-LX70-GAP50-C3,9,B,MOTOR_MEDIUM,FRAME-C,F2040-A,B5,210.0,150.0,330.0,85.0,125.0,48.0,L_LARGE,FORE_AFT_X,70.0,50.0,C3,11.5,10.0,10.0,10.0,10.0,9.0,10.0,12.0,270.0,290.0,True,True,4.0,CONDITIONAL_PASS_CANDIDATE,
S9-B4-F2040A-FRAMED-PTOX220-Z300-PY87.5-DY40.0-LX75-GAP70-C5,9,B,MOTOR_MEDIUM,FRAME-D,F2040-A,B4,220.0,160.0,300.0,87.5,127.5,48.0,L_LARGE,FORE_AFT_X,75.0,70.0,C5,14.0,15.0,14.0,15.0,7.5,9.0,20.0,12.0,240.0,295.0,True,False,10.0,CONDITIONAL_PASS_CANDIDATE,
