candidate_id,search_stage,architecture_id,pto_axis_x_mm,pto_axis_z_mm,frame_x_offset_mm,frame_y_offset_mm,frame_z_offset_mm,rail_abs_y_mm,rail_center_z_mm,front_cross_x_mm,belt_frame_clearance_mm,pto_rotation_frame_clearance_mm,clutch_frame_clearance_mm,electrical_separation_mm,tool_access_mm,belt_replacement_clearance_mm,load_path_score,added_part_count,total_width_mm,max_member_length_mm,status,selection,rejection_reason
S0-A-PTOX020.0-Z370.0-FX40.0-FY20.0-FZ20.0,0,A,80.0,370.0,40.0,20.0,20.0,88.75,225.0,180.0,4.75,5.0,55.0,10.0,12.0,14.75,5,0,298.0,290.0,CONDITIONAL_PASS_CANDIDATE,,
S1-A-PTOX020.0-Z370.0-FX00.0-FY00.0-FZ00.0,1,A,80.0,370.0,0.0,0.0,0.0,68.75,205.0,140.0,-15.0,-15.0,35.0,10.0,-7.0,-5.0,3,0,298.0,290.0,FAIL,,BELT_SAFETY_ENVELOPE_INTERSECTS_FRAME|PTO_ROTATION_ENVELOPE_INTERSECTS_FRAME
S1-A-PTOX020.0-Z370.0-FX00.0-FY00.0-FZ10.0,1,A,80.0,370.0,0.0,0.0,10.0,68.75,215.0,140.0,-15.0,-15.0,45.0,10.0,-7.0,-5.0,3,0,298.0,290.0,FAIL,,BELT_SAFETY_ENVELOPE_INTERSECTS_FRAME|PTO_ROTATION_ENVELOPE_INTERSECTS_FRAME
S1-A-PTOX020.0-Z370.0-FX00.0-FY00.0-FZ20.0,1,A,80.0,370.0,0.0,0.0,20.0,68.75,225.0,140.0,-15.0,-15.0,55.0,10.0,-7.0,-5.0,3,0,298.0,290.0,FAIL,,BELT_SAFETY_ENVELOPE_INTERSECTS_FRAME|PTO_ROTATION_ENVELOPE_INTERSECTS_FRAME
S1-A-PTOX020.0-Z370.0-FX00.0-FY00.0-FZ30.0,1,A,80.0,370.0,0.0,0.0,30.0,68.75,235.0,140.0,-15.0,-15.0,65.0,10.0,-7.0,-5.0,3,0,298.0,290.0,FAIL,,BELT_SAFETY_ENVELOPE_INTERSECTS_FRAME|PTO_ROTATION_ENVELOPE_INTERSECTS_FRAME
S1-A-PTOX020.0-Z370.0-FX00.0-FY00.0-FZ40.0,1,A,80.0,370.0,0.0,0.0,40.0,68.75,245.0,140.0,-15.0,-15.0,75.0,10.0,-7.0,-5.0,3,0,298.0,290.0,FAIL,,BELT_SAFETY_ENVELOPE_INTERSECTS_FRAME|PTO_ROTATION_ENVELOPE_INTERSECTS_FRAME
S1-A-PTOX020.0-Z370.0-FX00.0-FY00.0-FZ50.0,1,A,80.0,370.0,0.0,0.0,50.0,68.75,255.0,140.0,-15.0,-15.0,85.0,10.0,-7.0,-5.0,3,0,298.0,290.0,FAIL,,BELT_SAFETY_ENVELOPE_INTERSECTS_FRAME|PTO_ROTATION_ENVELOPE_INTERSECTS_FRAME
S1-A-PTOX020.0-Z370.0-FX00.0-FY00.0-FZ60.0,1,A,80.0,370.0,0.0,0.0,60.0,68.75,265.0,140.0,-15.0,-15.0,95.0,10.0,-7.0,-5.0,3,0,298.0,290.0,FAIL,,BELT_SAFETY_ENVELOPE_INTERSECTS_FRAME|PTO_ROTATION_ENVELOPE_INTERSECTS_FRAME
S1-A-PTOX020.0-Z370.0-FX00.0-FY00.0-FZ70.0,1,A,80.0,370.0,0.0,0.0,70.0,68.75,275.0,140.0,-15.0,-15.0,105.0,10.0,-7.0,-5.0,3,0,298.0,290.0,FAIL,,BELT_SAFETY_ENVELOPE_INTERSECTS_FRAME|PTO_ROTATION_ENVELOPE_INTERSECTS_FRAME
S1-A-PTOX020.0-Z370.0-FX00.0-FY00.0-FZ80.0,1,A,80.0,370.0,0.0,0.0,80.0,68.75,285.0,140.0,-15.0,-15.0,115.0,10.0,-7.0,-5.0,3,0,298.0,290.0,FAIL,,BELT_SAFETY_ENVELOPE_INTERSECTS_FRAME|PTO_ROTATION_ENVELOPE_INTERSECTS_FRAME
S1-A-PTOX020.0-Z370.0-FX00.0-FY05.0-FZ00.0,1,A,80.0,370.0,0.0,5.0,0.0,73.75,205.0,140.0,-10.0,-10.0,35.0,10.0,-2.0,0.0,3,0,298.0,290.0,FAIL,,BELT_SAFETY_ENVELOPE_INTERSECTS_FRAME|PTO_ROTATION_ENVELOPE_INTERSECTS_FRAME
S1-A-PTOX020.0-Z370.0-FX00.0-FY05.0-FZ10.0,1,A,80.0,370.0,0.0,5.0,10.0,73.75,215.0,140.0,-10.0,-10.0,45.0,10.0,-2.0,0.0,3,0,298.0,290.0,FAIL,,BELT_SAFETY_ENVELOPE_INTERSECTS_FRAME|PTO_ROTATION_ENVELOPE_INTERSECTS_FRAME
S1-A-PTOX020.0-Z370.0-FX00.0-FY05.0-FZ20.0,1,A,80.0,370.0,0.0,5.0,20.0,73.75,225.0,140.0,-10.0,-10.0,55.0,10.0,-2.0,0.0,3,0,298.0,290.0,FAIL,,BELT_SAFETY_ENVELOPE_INTERSECTS_FRAME|PTO_ROTATION_ENVELOPE_INTERSECTS_FRAME
S1-A-PTOX020.0-Z370.0-FX00.0-FY05.0-FZ30.0,1,A,80.0,370.0,0.0,5.0,30.0,73.75,235.0,140.0,-10.0,-10.0,65.0,10.0,-2.0,0.0,3,0,298.0,290.0,FAIL,,BELT_SAFETY_ENVELOPE_INTERSECTS_FRAME|PTO_ROTATION_ENVELOPE_INTERSECTS_FRAME
S1-A-PTOX020.0-Z370.0-FX00.0-FY05.0-FZ40.0,1,A,80.0,370.0,0.0,5.0,40.0,73.75,245.0,140.0,-10.0,-10.0,75.0,10.0,-2.0,0.0,3,0,298.0,290.0,FAIL,,BELT_SAFETY_ENVELOPE_INTERSECTS_FRAME|PTO_ROTATION_ENVELOPE_INTERSECTS_FRAME
S1-A-PTOX020.0-Z370.0-FX00.0-FY05.0-FZ50.0,1,A,80.0,370.0,0.0,5.0,50.0,73.75,255.0,140.0,-10.0,-10.0,85.0,10.0,-2.0,0.0,3,0,298.0,290.0,FAIL,,BELT_SAFETY_ENVELOPE_INTERSECTS_FRAME|PTO_ROTATION_ENVELOPE_INTERSECTS_FRAME
S1-A-PTOX020.0-Z370.0-FX00.0-FY05.0-FZ60.0,1,A,80.0,370.0,0.0,5.0,60.0,73.75,265.0,140.0,-10.0,-10.0,95.0,10.0,-2.0,0.0,3,0,298.0,290.0,FAIL,,BELT_SAFETY_ENVELOPE_INTERSECTS_FRAME|PTO_ROTATION_ENVELOPE_INTERSECTS_FRAME
S1-A-PTOX020.0-Z370.0-FX00.0-FY05.0-FZ70.0,1,A,80.0,370.0,0.0,5.0,70.0,73.75,275.0,140.0,-10.0,-10.0,105.0,10.0,-2.0,0.0,3,0,298.0,290.0,FAIL,,BELT_SAFETY_ENVELOPE_INTERSECTS_FRAME|PTO_ROTATION_ENVELOPE_INTERSECTS_FRAME
S1-A-PTOX020.0-Z370.0-FX00.0-FY05.0-FZ80.0,1,A,80.0,370.0,0.0,5.0,80.0,73.75,285.0,140.0,-10.0,-10.0,115.0,10.0,-2.0,0.0,3,0,298.0,290.0,FAIL,,BELT_SAFETY_ENVELOPE_INTERSECTS_FRAME|PTO_ROTATION_ENVELOPE_INTERSECTS_FRAME
S1-A-PTOX020.0-Z370.0-FX00.0-FY10.0-FZ00.0,1,A,80.0,370.0,0.0,10.0,0.0,78.75,205.0,140.0,-5.0,-10.0,35.0,10.0,3.0,5.0,3,0,298.0,290.0,FAIL,,BELT_SAFETY_ENVELOPE_INTERSECTS_FRAME|PTO_ROTATION_ENVELOPE_INTERSECTS_FRAME
S1-A-PTOX020.0-Z370.0-FX00.0-FY10.0-FZ10.0,1,A,80.0,370.0,0.0,10.0,10.0,78.75,215.0,140.0,-5.0,-10.0,45.0,10.0,3.0,5.0,3,0,298.0,290.0,FAIL,,BELT_SAFETY_ENVELOPE_INTERSECTS_FRAME|PTO_ROTATION_ENVELOPE_INTERSECTS_FRAME
S1-A-PTOX020.0-Z370.0-FX00.0-FY10.0-FZ20.0,1,A,80.0,370.0,0.0,10.0,20.0,78.75,225.0,140.0,-5.0,-10.0,55.0,10.0,3.0,5.0,3,0,298.0,290.0,FAIL,,BELT_SAFETY_ENVELOPE_INTERSECTS_FRAME|PTO_ROTATION_ENVELOPE_INTERSECTS_FRAME
S1-A-PTOX020.0-Z370.0-FX00.0-FY10.0-FZ30.0,1,A,80.0,370.0,0.0,10.0,30.0,78.75,235.0,140.0,-5.0,-10.0,65.0,10.0,3.0,5.0,3,0,298.0,290.0,FAIL,,BELT_SAFETY_ENVELOPE_INTERSECTS_FRAME|PTO_ROTATION_ENVELOPE_INTERSECTS_FRAME
S1-A-PTOX020.0-Z370.0-FX00.0-FY10.0-FZ40.0,1,A,80.0,370.0,0.0,10.0,40.0,78.75,245.0,140.0,-5.0,-10.0,75.0,10.0,3.0,5.0,3,0,298.0,290.0,FAIL,,BELT_SAFETY_ENVELOPE_INTERSECTS_FRAME|PTO_ROTATION_ENVELOPE_INTERSECTS_FRAME
S1-A-PTOX020.0-Z370.0-FX00.0-FY10.0-FZ50.0,1,A,80.0,370.0,0.0,10.0,50.0,78.75,255.0,140.0,-5.0,-10.0,85.0,10.0,3.0,5.0,3,0,298.0,290.0,FAIL,,BELT_SAFETY_ENVELOPE_INTERSECTS_FRAME|PTO_ROTATION_ENVELOPE_INTERSECTS_FRAME
S1-A-PTOX020.0-Z370.0-FX00.0-FY10.0-FZ60.0,1,A,80.0,370.0,0.0,10.0,60.0,78.75,265.0,140.0,-5.0,-10.0,95.0,10.0,3.0,5.0,3,0,298.0,290.0,FAIL,,BELT_SAFETY_ENVELOPE_INTERSECTS_FRAME|PTO_ROTATION_ENVELOPE_INTERSECTS_FRAME
S1-A-PTOX020.0-Z370.0-FX00.0-FY10.0-FZ70.0,1,A,80.0,370.0,0.0,10.0,70.0,78.75,275.0,140.0,-5.0,-10.0,105.0,10.0,3.0,5.0,3,0,298.0,290.0,FAIL,,BELT_SAFETY_ENVELOPE_INTERSECTS_FRAME|PTO_ROTATION_ENVELOPE_INTERSECTS_FRAME
S1-A-PTOX020.0-Z370.0-FX00.0-FY10.0-FZ80.0,1,A,80.0,370.0,0.0,10.0,80.0,78.75,285.0,140.0,-5.0,-10.0,115.0,10.0,3.0,5.0,3,0,298.0,290.0,FAIL,,BELT_SAFETY_ENVELOPE_INTERSECTS_FRAME|PTO_ROTATION_ENVELOPE_INTERSECTS_FRAME
S1-A-PTOX020.0-Z370.0-FX00.0-FY15.0-FZ00.0,1,A,80.0,370.0,0.0,15.0,0.0,83.75,205.0,140.0,0.0,-10.0,35.0,10.0,8.0,10.0,5,0,298.0,290.0,FAIL,,PTO_ROTATION_ENVELOPE_INTERSECTS_FRAME
S1-A-PTOX020.0-Z370.0-FX00.0-FY15.0-FZ10.0,1,A,80.0,370.0,0.0,15.0,10.0,83.75,215.0,140.0,0.0,-10.0,45.0,10.0,8.0,10.0,5,0,298.0,290.0,FAIL,,PTO_ROTATION_ENVELOPE_INTERSECTS_FRAME
S1-A-PTOX020.0-Z370.0-FX00.0-FY15.0-FZ20.0,1,A,80.0,370.0,0.0,15.0,20.0,83.75,225.0,140.0,0.0,-10.0,55.0,10.0,8.0,10.0,5,0,298.0,290.0,FAIL,,PTO_ROTATION_ENVELOPE_INTERSECTS_FRAME
S1-A-PTOX020.0-Z370.0-FX00.0-FY15.0-FZ30.0,1,A,80.0,370.0,0.0,15.0,30.0,83.75,235.0,140.0,0.0,-10.0,65.0,10.0,8.0,10.0,5,0,298.0,290.0,FAIL,,PTO_ROTATION_ENVELOPE_INTERSECTS_FRAME
S1-A-PTOX020.0-Z370.0-FX00.0-FY15.0-FZ40.0,1,A,80.0,370.0,0.0,15.0,40.0,83.75,245.0,140.0,0.0,-10.0,75.0,10.0,8.0,10.0,3,0,298.0,290.0,FAIL,,PTO_ROTATION_ENVELOPE_INTERSECTS_FRAME
S1-A-PTOX020.0-Z370.0-FX00.0-FY15.0-FZ50.0,1,A,80.0,370.0,0.0,15.0,50.0,83.75,255.0,140.0,0.0,-10.0,85.0,10.0,8.0,10.0,3,0,298.0,290.0,FAIL,,PTO_ROTATION_ENVELOPE_INTERSECTS_FRAME
S1-A-PTOX020.0-Z370.0-FX00.0-FY15.0-FZ60.0,1,A,80.0,370.0,0.0,15.0,60.0,83.75,265.0,140.0,0.0,-10.0,95.0,10.0,8.0,10.0,3,0,298.0,290.0,FAIL,,PTO_ROTATION_ENVELOPE_INTERSECTS_FRAME
S1-A-PTOX020.0-Z370.0-FX00.0-FY15.0-FZ70.0,1,A,80.0,370.0,0.0,15.0,70.0,83.75,275.0,140.0,0.0,-10.0,105.0,10.0,8.0,10.0,3,0,298.0,290.0,FAIL,,PTO_ROTATION_ENVELOPE_INTERSECTS_FRAME
S1-A-PTOX020.0-Z370.0-FX00.0-FY15.0-FZ80.0,1,A,80.0,370.0,0.0,15.0,80.0,83.75,285.0,140.0,0.0,-10.0,115.0,10.0,8.0,10.0,3,0,298.0,290.0,FAIL,,PTO_ROTATION_ENVELOPE_INTERSECTS_FRAME
S1-A-PTOX020.0-Z370.0-FX00.0-FY20.0-FZ00.0,1,A,80.0,370.0,0.0,20.0,0.0,88.75,205.0,140.0,4.75,-10.0,35.0,10.0,12.0,14.75,5,0,298.0,290.0,FAIL,,PTO_ROTATION_ENVELOPE_INTERSECTS_FRAME
S1-A-PTOX020.0-Z370.0-FX00.0-FY20.0-FZ10.0,1,A,80.0,370.0,0.0,20.0,10.0,88.75,215.0,140.0,4.75,-10.0,45.0,10.0,12.0,14.75,5,0,298.0,290.0,FAIL,,PTO_ROTATION_ENVELOPE_INTERSECTS_FRAME
S1-A-PTOX020.0-Z370.0-FX00.0-FY20.0-FZ20.0,1,A,80.0,370.0,0.0,20.0,20.0,88.75,225.0,140.0,4.75,-10.0,55.0,10.0,12.0,14.75,5,0,298.0,290.0,FAIL,,PTO_ROTATION_ENVELOPE_INTERSECTS_FRAME
S1-A-PTOX020.0-Z370.0-FX00.0-FY20.0-FZ30.0,1,A,80.0,370.0,0.0,20.0,30.0,88.75,235.0,140.0,4.75,-10.0,65.0,10.0,12.0,14.75,5,0,298.0,290.0,FAIL,,PTO_ROTATION_ENVELOPE_INTERSECTS_FRAME
S1-A-PTOX020.0-Z370.0-FX00.0-FY20.0-FZ40.0,1,A,80.0,370.0,0.0,20.0,40.0,88.75,245.0,140.0,4.75,-10.0,75.0,10.0,12.0,14.75,3,0,298.0,290.0,FAIL,,PTO_ROTATION_ENVELOPE_INTERSECTS_FRAME
S1-A-PTOX020.0-Z370.0-FX00.0-FY20.0-FZ50.0,1,A,80.0,370.0,0.0,20.0,50.0,88.75,255.0,140.0,4.75,-10.0,85.0,10.0,12.0,14.75,3,0,298.0,290.0,FAIL,,PTO_ROTATION_ENVELOPE_INTERSECTS_FRAME
S1-A-PTOX020.0-Z370.0-FX00.0-FY20.0-FZ60.0,1,A,80.0,370.0,0.0,20.0,60.0,88.75,265.0,140.0,4.75,-10.0,95.0,10.0,12.0,14.75,3,0,298.0,290.0,FAIL,,PTO_ROTATION_ENVELOPE_INTERSECTS_FRAME
S1-A-PTOX020.0-Z370.0-FX00.0-FY20.0-FZ70.0,1,A,80.0,370.0,0.0,20.0,70.0,88.75,275.0,140.0,4.75,-10.0,105.0,10.0,12.0,14.75,3,0,298.0,290.0,FAIL,,PTO_ROTATION_ENVELOPE_INTERSECTS_FRAME
S1-A-PTOX020.0-Z370.0-FX00.0-FY20.0-FZ80.0,1,A,80.0,370.0,0.0,20.0,80.0,88.75,285.0,140.0,4.75,-10.0,115.0,10.0,12.0,14.75,3,0,298.0,290.0,FAIL,,PTO_ROTATION_ENVELOPE_INTERSECTS_FRAME
S1-A-PTOX020.0-Z370.0-FX00.0-FY25.0-FZ00.0,1,A,80.0,370.0,0.0,25.0,0.0,93.75,205.0,140.0,-0.25,-10.0,35.0,10.0,7.75,9.75,3,0,298.0,290.0,FAIL,,BELT_SAFETY_ENVELOPE_INTERSECTS_FRAME|PTO_ROTATION_ENVELOPE_INTERSECTS_FRAME
S1-A-PTOX020.0-Z370.0-FX00.0-FY25.0-FZ10.0,1,A,80.0,370.0,0.0,25.0,10.0,93.75,215.0,140.0,-0.25,-10.0,45.0,10.0,7.75,9.75,3,0,298.0,290.0,FAIL,,BELT_SAFETY_ENVELOPE_INTERSECTS_FRAME|PTO_ROTATION_ENVELOPE_INTERSECTS_FRAME
S1-A-PTOX020.0-Z370.0-FX00.0-FY25.0-FZ20.0,1,A,80.0,370.0,0.0,25.0,20.0,93.75,225.0,140.0,-0.25,-10.0,55.0,10.0,7.75,9.75,3,0,298.0,290.0,FAIL,,BELT_SAFETY_ENVELOPE_INTERSECTS_FRAME|PTO_ROTATION_ENVELOPE_INTERSECTS_FRAME
S1-A-PTOX020.0-Z370.0-FX00.0-FY25.0-FZ30.0,1,A,80.0,370.0,0.0,25.0,30.0,93.75,235.0,140.0,-0.25,-10.0,65.0,10.0,7.75,9.75,3,0,298.0,290.0,FAIL,,BELT_SAFETY_ENVELOPE_INTERSECTS_FRAME|PTO_ROTATION_ENVELOPE_INTERSECTS_FRAME
S1-A-PTOX020.0-Z370.0-FX00.0-FY25.0-FZ40.0,1,A,80.0,370.0,0.0,25.0,40.0,93.75,245.0,140.0,-0.25,-10.0,75.0,10.0,7.75,9.75,3,0,298.0,290.0,FAIL,,BELT_SAFETY_ENVELOPE_INTERSECTS_FRAME|PTO_ROTATION_ENVELOPE_INTERSECTS_FRAME
S1-A-PTOX020.0-Z370.0-FX00.0-FY25.0-FZ50.0,1,A,80.0,370.0,0.0,25.0,50.0,93.75,255.0,140.0,-0.25,-10.0,85.0,10.0,7.75,9.75,3,0,298.0,290.0,FAIL,,BELT_SAFETY_ENVELOPE_INTERSECTS_FRAME|PTO_ROTATION_ENVELOPE_INTERSECTS_FRAME
S1-A-PTOX020.0-Z370.0-FX00.0-FY25.0-FZ60.0,1,A,80.0,370.0,0.0,25.0,60.0,93.75,265.0,140.0,-0.25,-10.0,95.0,10.0,7.75,9.75,3,0,298.0,290.0,FAIL,,BELT_SAFETY_ENVELOPE_INTERSECTS_FRAME|PTO_ROTATION_ENVELOPE_INTERSECTS_FRAME
S1-A-PTOX020.0-Z370.0-FX00.0-FY25.0-FZ70.0,1,A,80.0,370.0,0.0,25.0,70.0,93.75,275.0,140.0,-0.25,-10.0,105.0,10.0,7.75,9.75,3,0,298.0,290.0,FAIL,,BELT_SAFETY_ENVELOPE_INTERSECTS_FRAME|PTO_ROTATION_ENVELOPE_INTERSECTS_FRAME
S1-A-PTOX020.0-Z370.0-FX00.0-FY25.0-FZ80.0,1,A,80.0,370.0,0.0,25.0,80.0,93.75,285.0,140.0,-0.25,-10.0,115.0,10.0,7.75,9.75,3,0,298.0,290.0,FAIL,,BELT_SAFETY_ENVELOPE_INTERSECTS_FRAME|PTO_ROTATION_ENVELOPE_INTERSECTS_FRAME
S1-A-PTOX020.0-Z370.0-FX00.0-FY30.0-FZ00.0,1,A,80.0,370.0,0.0,30.0,0.0,98.75,205.0,140.0,-5.25,-10.0,35.0,10.0,2.75,4.75,3,0,298.0,290.0,FAIL,,BELT_SAFETY_ENVELOPE_INTERSECTS_FRAME|PTO_ROTATION_ENVELOPE_INTERSECTS_FRAME
S1-A-PTOX020.0-Z370.0-FX00.0-FY30.0-FZ10.0,1,A,80.0,370.0,0.0,30.0,10.0,98.75,215.0,140.0,-5.25,-10.0,45.0,10.0,2.75,4.75,3,0,298.0,290.0,FAIL,,BELT_SAFETY_ENVELOPE_INTERSECTS_FRAME|PTO_ROTATION_ENVELOPE_INTERSECTS_FRAME
S1-A-PTOX020.0-Z370.0-FX00.0-FY30.0-FZ20.0,1,A,80.0,370.0,0.0,30.0,20.0,98.75,225.0,140.0,-5.25,-10.0,55.0,10.0,2.75,4.75,3,0,298.0,290.0,FAIL,,BELT_SAFETY_ENVELOPE_INTERSECTS_FRAME|PTO_ROTATION_ENVELOPE_INTERSECTS_FRAME
S1-A-PTOX020.0-Z370.0-FX00.0-FY30.0-FZ30.0,1,A,80.0,370.0,0.0,30.0,30.0,98.75,235.0,140.0,-5.25,-10.0,65.0,10.0,2.75,4.75,3,0,298.0,290.0,FAIL,,BELT_SAFETY_ENVELOPE_INTERSECTS_FRAME|PTO_ROTATION_ENVELOPE_INTERSECTS_FRAME
S1-A-PTOX020.0-Z370.0-FX00.0-FY30.0-FZ40.0,1,A,80.0,370.0,0.0,30.0,40.0,98.75,245.0,140.0,-5.25,-10.0,75.0,10.0,2.75,4.75,3,0,298.0,290.0,FAIL,,BELT_SAFETY_ENVELOPE_INTERSECTS_FRAME|PTO_ROTATION_ENVELOPE_INTERSECTS_FRAME
S1-A-PTOX020.0-Z370.0-FX00.0-FY30.0-FZ50.0,1,A,80.0,370.0,0.0,30.0,50.0,98.75,255.0,140.0,-5.25,-10.0,85.0,10.0,2.75,4.75,3,0,298.0,290.0,FAIL,,BELT_SAFETY_ENVELOPE_INTERSECTS_FRAME|PTO_ROTATION_ENVELOPE_INTERSECTS_FRAME
S1-A-PTOX020.0-Z370.0-FX00.0-FY30.0-FZ60.0,1,A,80.0,370.0,0.0,30.0,60.0,98.75,265.0,140.0,-5.25,-10.0,95.0,10.0,2.75,4.75,3,0,298.0,290.0,FAIL,,BELT_SAFETY_ENVELOPE_INTERSECTS_FRAME|PTO_ROTATION_ENVELOPE_INTERSECTS_FRAME
S1-A-PTOX020.0-Z370.0-FX00.0-FY30.0-FZ70.0,1,A,80.0,370.0,0.0,30.0,70.0,98.75,275.0,140.0,-5.25,-10.0,105.0,10.0,2.75,4.75,3,0,298.0,290.0,FAIL,,BELT_SAFETY_ENVELOPE_INTERSECTS_FRAME|PTO_ROTATION_ENVELOPE_INTERSECTS_FRAME
S1-A-PTOX020.0-Z370.0-FX00.0-FY30.0-FZ80.0,1,A,80.0,370.0,0.0,30.0,80.0,98.75,285.0,140.0,-5.25,-10.0,115.0,10.0,2.75,4.75,3,0,298.0,290.0,FAIL,,BELT_SAFETY_ENVELOPE_INTERSECTS_FRAME|PTO_ROTATION_ENVELOPE_INTERSECTS_FRAME
S1-A-PTOX020.0-Z370.0-FX10.0-FY00.0-FZ00.0,1,A,80.0,370.0,10.0,0.0,0.0,68.75,205.0,150.0,-15.0,-15.0,35.0,10.0,-7.0,-5.0,3,0,298.0,290.0,FAIL,,BELT_SAFETY_ENVELOPE_INTERSECTS_FRAME|PTO_ROTATION_ENVELOPE_INTERSECTS_FRAME
S1-A-PTOX020.0-Z370.0-FX10.0-FY00.0-FZ10.0,1,A,80.0,370.0,10.0,0.0,10.0,68.75,215.0,150.0,-15.0,-15.0,45.0,10.0,-7.0,-5.0,3,0,298.0,290.0,FAIL,,BELT_SAFETY_ENVELOPE_INTERSECTS_FRAME|PTO_ROTATION_ENVELOPE_INTERSECTS_FRAME
S1-A-PTOX020.0-Z370.0-FX10.0-FY00.0-FZ20.0,1,A,80.0,370.0,10.0,0.0,20.0,68.75,225.0,150.0,-15.0,-15.0,55.0,10.0,-7.0,-5.0,3,0,298.0,290.0,FAIL,,BELT_SAFETY_ENVELOPE_INTERSECTS_FRAME|PTO_ROTATION_ENVELOPE_INTERSECTS_FRAME
S1-A-PTOX020.0-Z370.0-FX10.0-FY00.0-FZ30.0,1,A,80.0,370.0,10.0,0.0,30.0,68.75,235.0,150.0,-15.0,-15.0,65.0,10.0,-7.0,-5.0,3,0,298.0,290.0,FAIL,,BELT_SAFETY_ENVELOPE_INTERSECTS_FRAME|PTO_ROTATION_ENVELOPE_INTERSECTS_FRAME
S1-A-PTOX020.0-Z370.0-FX10.0-FY00.0-FZ40.0,1,A,80.0,370.0,10.0,0.0,40.0,68.75,245.0,150.0,-15.0,-15.0,75.0,10.0,-7.0,-5.0,3,0,298.0,290.0,FAIL,,BELT_SAFETY_ENVELOPE_INTERSECTS_FRAME|PTO_ROTATION_ENVELOPE_INTERSECTS_FRAME
S1-A-PTOX020.0-Z370.0-FX10.0-FY00.0-FZ50.0,1,A,80.0,370.0,10.0,0.0,50.0,68.75,255.0,150.0,-15.0,-15.0,85.0,10.0,-7.0,-5.0,3,0,298.0,290.0,FAIL,,BELT_SAFETY_ENVELOPE_INTERSECTS_FRAME|PTO_ROTATION_ENVELOPE_INTERSECTS_FRAME
S1-A-PTOX020.0-Z370.0-FX10.0-FY00.0-FZ60.0,1,A,80.0,370.0,10.0,0.0,60.0,68.75,265.0,150.0,-15.0,-15.0,95.0,10.0,-7.0,-5.0,3,0,298.0,290.0,FAIL,,BELT_SAFETY_ENVELOPE_INTERSECTS_FRAME|PTO_ROTATION_ENVELOPE_INTERSECTS_FRAME
S1-A-PTOX020.0-Z370.0-FX10.0-FY00.0-FZ70.0,1,A,80.0,370.0,10.0,0.0,70.0,68.75,275.0,150.0,-15.0,-15.0,105.0,10.0,-7.0,-5.0,3,0,298.0,290.0,FAIL,,BELT_SAFETY_ENVELOPE_INTERSECTS_FRAME|PTO_ROTATION_ENVELOPE_INTERSECTS_FRAME
S1-A-PTOX020.0-Z370.0-FX10.0-FY00.0-FZ80.0,1,A,80.0,370.0,10.0,0.0,80.0,68.75,285.0,150.0,-15.0,-15.0,115.0,10.0,-7.0,-5.0,3,0,298.0,290.0,FAIL,,BELT_SAFETY_ENVELOPE_INTERSECTS_FRAME|PTO_ROTATION_ENVELOPE_INTERSECTS_FRAME
S1-A-PTOX020.0-Z370.0-FX10.0-FY05.0-FZ00.0,1,A,80.0,370.0,10.0,5.0,0.0,73.75,205.0,150.0,-10.0,-10.0,35.0,10.0,-2.0,0.0,3,0,298.0,290.0,FAIL,,BELT_SAFETY_ENVELOPE_INTERSECTS_FRAME|PTO_ROTATION_ENVELOPE_INTERSECTS_FRAME
S1-A-PTOX020.0-Z370.0-FX10.0-FY05.0-FZ10.0,1,A,80.0,370.0,10.0,5.0,10.0,73.75,215.0,150.0,-10.0,-10.0,45.0,10.0,-2.0,0.0,3,0,298.0,290.0,FAIL,,BELT_SAFETY_ENVELOPE_INTERSECTS_FRAME|PTO_ROTATION_ENVELOPE_INTERSECTS_FRAME
S1-A-PTOX020.0-Z370.0-FX10.0-FY05.0-FZ20.0,1,A,80.0,370.0,10.0,5.0,20.0,73.75,225.0,150.0,-10.0,-10.0,55.0,10.0,-2.0,0.0,3,0,298.0,290.0,FAIL,,BELT_SAFETY_ENVELOPE_INTERSECTS_FRAME|PTO_ROTATION_ENVELOPE_INTERSECTS_FRAME
S1-A-PTOX020.0-Z370.0-FX10.0-FY05.0-FZ30.0,1,A,80.0,370.0,10.0,5.0,30.0,73.75,235.0,150.0,-10.0,-10.0,65.0,10.0,-2.0,0.0,3,0,298.0,290.0,FAIL,,BELT_SAFETY_ENVELOPE_INTERSECTS_FRAME|PTO_ROTATION_ENVELOPE_INTERSECTS_FRAME
S1-A-PTOX020.0-Z370.0-FX10.0-FY05.0-FZ40.0,1,A,80.0,370.0,10.0,5.0,40.0,73.75,245.0,150.0,-10.0,-10.0,75.0,10.0,-2.0,0.0,3,0,298.0,290.0,FAIL,,BELT_SAFETY_ENVELOPE_INTERSECTS_FRAME|PTO_ROTATION_ENVELOPE_INTERSECTS_FRAME
S1-A-PTOX020.0-Z370.0-FX10.0-FY05.0-FZ50.0,1,A,80.0,370.0,10.0,5.0,50.0,73.75,255.0,150.0,-10.0,-10.0,85.0,10.0,-2.0,0.0,3,0,298.0,290.0,FAIL,,BELT_SAFETY_ENVELOPE_INTERSECTS_FRAME|PTO_ROTATION_ENVELOPE_INTERSECTS_FRAME
S1-A-PTOX020.0-Z370.0-FX10.0-FY05.0-FZ60.0,1,A,80.0,370.0,10.0,5.0,60.0,73.75,265.0,150.0,-10.0,-10.0,95.0,10.0,-2.0,0.0,3,0,298.0,290.0,FAIL,,BELT_SAFETY_ENVELOPE_INTERSECTS_FRAME|PTO_ROTATION_ENVELOPE_INTERSECTS_FRAME
S1-A-PTOX020.0-Z370.0-FX10.0-FY05.0-FZ70.0,1,A,80.0,370.0,10.0,5.0,70.0,73.75,275.0,150.0,-10.0,-10.0,105.0,10.0,-2.0,0.0,3,0,298.0,290.0,FAIL,,BELT_SAFETY_ENVELOPE_INTERSECTS_FRAME|PTO_ROTATION_ENVELOPE_INTERSECTS_FRAME
S1-A-PTOX020.0-Z370.0-FX10.0-FY05.0-FZ80.0,1,A,80.0,370.0,10.0,5.0,80.0,73.75,285.0,150.0,-10.0,-10.0,115.0,10.0,-2.0,0.0,3,0,298.0,290.0,FAIL,,BELT_SAFETY_ENVELOPE_INTERSECTS_FRAME|PTO_ROTATION_ENVELOPE_INTERSECTS_FRAME
S1-A-PTOX020.0-Z370.0-FX10.0-FY10.0-FZ00.0,1,A,80.0,370.0,10.0,10.0,0.0,78.75,205.0,150.0,-5.0,-5.0,35.0,10.0,3.0,5.0,3,0,298.0,290.0,FAIL,,BELT_SAFETY_ENVELOPE_INTERSECTS_FRAME|PTO_ROTATION_ENVELOPE_INTERSECTS_FRAME
S1-A-PTOX020.0-Z370.0-FX10.0-FY10.0-FZ10.0,1,A,80.0,370.0,10.0,10.0,10.0,78.75,215.0,150.0,-5.0,-5.0,45.0,10.0,3.0,5.0,3,0,298.0,290.0,FAIL,,BELT_SAFETY_ENVELOPE_INTERSECTS_FRAME|PTO_ROTATION_ENVELOPE_INTERSECTS_FRAME
S1-A-PTOX020.0-Z370.0-FX10.0-FY10.0-FZ20.0,1,A,80.0,370.0,10.0,10.0,20.0,78.75,225.0,150.0,-5.0,-5.0,55.0,10.0,3.0,5.0,3,0,298.0,290.0,FAIL,,BELT_SAFETY_ENVELOPE_INTERSECTS_FRAME|PTO_ROTATION_ENVELOPE_INTERSECTS_FRAME
S1-A-PTOX020.0-Z370.0-FX10.0-FY10.0-FZ30.0,1,A,80.0,370.0,10.0,10.0,30.0,78.75,235.0,150.0,-5.0,-5.0,65.0,10.0,3.0,5.0,3,0,298.0,290.0,FAIL,,BELT_SAFETY_ENVELOPE_INTERSECTS_FRAME|PTO_ROTATION_ENVELOPE_INTERSECTS_FRAME
S1-A-PTOX020.0-Z370.0-FX10.0-FY10.0-FZ40.0,1,A,80.0,370.0,10.0,10.0,40.0,78.75,245.0,150.0,-5.0,-5.0,75.0,10.0,3.0,5.0,3,0,298.0,290.0,FAIL,,BELT_SAFETY_ENVELOPE_INTERSECTS_FRAME|PTO_ROTATION_ENVELOPE_INTERSECTS_FRAME
S1-A-PTOX020.0-Z370.0-FX10.0-FY10.0-FZ50.0,1,A,80.0,370.0,10.0,10.0,50.0,78.75,255.0,150.0,-5.0,-5.0,85.0,10.0,3.0,5.0,3,0,298.0,290.0,FAIL,,BELT_SAFETY_ENVELOPE_INTERSECTS_FRAME|PTO_ROTATION_ENVELOPE_INTERSECTS_FRAME
S1-A-PTOX020.0-Z370.0-FX10.0-FY10.0-FZ60.0,1,A,80.0,370.0,10.0,10.0,60.0,78.75,265.0,150.0,-5.0,-5.0,95.0,10.0,3.0,5.0,3,0,298.0,290.0,FAIL,,BELT_SAFETY_ENVELOPE_INTERSECTS_FRAME|PTO_ROTATION_ENVELOPE_INTERSECTS_FRAME
S1-A-PTOX020.0-Z370.0-FX10.0-FY10.0-FZ70.0,1,A,80.0,370.0,10.0,10.0,70.0,78.75,275.0,150.0,-5.0,-5.0,105.0,10.0,3.0,5.0,3,0,298.0,290.0,FAIL,,BELT_SAFETY_ENVELOPE_INTERSECTS_FRAME|PTO_ROTATION_ENVELOPE_INTERSECTS_FRAME
S1-A-PTOX020.0-Z370.0-FX10.0-FY10.0-FZ80.0,1,A,80.0,370.0,10.0,10.0,80.0,78.75,285.0,150.0,-5.0,-5.0,115.0,10.0,3.0,5.0,3,0,298.0,290.0,FAIL,,BELT_SAFETY_ENVELOPE_INTERSECTS_FRAME|PTO_ROTATION_ENVELOPE_INTERSECTS_FRAME
S1-A-PTOX020.0-Z370.0-FX10.0-FY15.0-FZ00.0,1,A,80.0,370.0,10.0,15.0,0.0,83.75,205.0,150.0,0.0,0.0,35.0,10.0,8.0,10.0,5,0,298.0,290.0,CONDITIONAL_PASS_CANDIDATE,,
S1-A-PTOX020.0-Z370.0-FX10.0-FY15.0-FZ10.0,1,A,80.0,370.0,10.0,15.0,10.0,83.75,215.0,150.0,0.0,0.0,45.0,10.0,8.0,10.0,5,0,298.0,290.0,CONDITIONAL_PASS_CANDIDATE,,
S1-A-PTOX020.0-Z370.0-FX10.0-FY15.0-FZ20.0,1,A,80.0,370.0,10.0,15.0,20.0,83.75,225.0,150.0,0.0,0.0,55.0,10.0,8.0,10.0,5,0,298.0,290.0,CONDITIONAL_PASS_CANDIDATE,,
S1-A-PTOX020.0-Z370.0-FX10.0-FY15.0-FZ30.0,1,A,80.0,370.0,10.0,15.0,30.0,83.75,235.0,150.0,0.0,0.0,65.0,10.0,8.0,10.0,5,0,298.0,290.0,CONDITIONAL_PASS_CANDIDATE,,
S1-A-PTOX020.0-Z370.0-FX10.0-FY15.0-FZ40.0,1,A,80.0,370.0,10.0,15.0,40.0,83.75,245.0,150.0,0.0,0.0,75.0,10.0,8.0,10.0,3,0,298.0,290.0,CONDITIONAL_PASS_CANDIDATE,,
S1-A-PTOX020.0-Z370.0-FX10.0-FY15.0-FZ50.0,1,A,80.0,370.0,10.0,15.0,50.0,83.75,255.0,150.0,0.0,0.0,85.0,10.0,8.0,10.0,3,0,298.0,290.0,CONDITIONAL_PASS_CANDIDATE,,
S1-A-PTOX020.0-Z370.0-FX10.0-FY15.0-FZ60.0,1,A,80.0,370.0,10.0,15.0,60.0,83.75,265.0,150.0,0.0,0.0,95.0,10.0,8.0,10.0,3,0,298.0,290.0,CONDITIONAL_PASS_CANDIDATE,,
S1-A-PTOX020.0-Z370.0-FX10.0-FY15.0-FZ70.0,1,A,80.0,370.0,10.0,15.0,70.0,83.75,275.0,150.0,0.0,0.0,105.0,10.0,8.0,10.0,3,0,298.0,290.0,CONDITIONAL_PASS_CANDIDATE,,
S1-A-PTOX020.0-Z370.0-FX10.0-FY15.0-FZ80.0,1,A,80.0,370.0,10.0,15.0,80.0,83.75,285.0,150.0,0.0,0.0,115.0,10.0,8.0,10.0,3,0,298.0,290.0,CONDITIONAL_PASS_CANDIDATE,,
S1-A-PTOX020.0-Z370.0-FX10.0-FY20.0-FZ00.0,1,A,80.0,370.0,10.0,20.0,0.0,88.75,205.0,150.0,4.75,0.0,35.0,10.0,12.0,14.75,5,0,298.0,290.0,CONDITIONAL_PASS_CANDIDATE,,
S1-A-PTOX020.0-Z370.0-FX10.0-FY20.0-FZ10.0,1,A,80.0,370.0,10.0,20.0,10.0,88.75,215.0,150.0,4.75,0.0,45.0,10.0,12.0,14.75,5,0,298.0,290.0,CONDITIONAL_PASS_CANDIDATE,,
S1-A-PTOX020.0-Z370.0-FX10.0-FY20.0-FZ20.0,1,A,80.0,370.0,10.0,20.0,20.0,88.75,225.0,150.0,4.75,0.0,55.0,10.0,12.0,14.75,5,0,298.0,290.0,CONDITIONAL_PASS_CANDIDATE,,
S1-A-PTOX020.0-Z370.0-FX10.0-FY20.0-FZ30.0,1,A,80.0,370.0,10.0,20.0,30.0,88.75,235.0,150.0,4.75,0.0,65.0,10.0,12.0,14.75,5,0,298.0,290.0,CONDITIONAL_PASS_CANDIDATE,,
S1-A-PTOX020.0-Z370.0-FX10.0-FY20.0-FZ40.0,1,A,80.0,370.0,10.0,20.0,40.0,88.75,245.0,150.0,4.75,0.0,75.0,10.0,12.0,14.75,3,0,298.0,290.0,CONDITIONAL_PASS_CANDIDATE,,
S1-A-PTOX020.0-Z370.0-FX10.0-FY20.0-FZ50.0,1,A,80.0,370.0,10.0,20.0,50.0,88.75,255.0,150.0,4.75,0.0,85.0,10.0,12.0,14.75,3,0,298.0,290.0,CONDITIONAL_PASS_CANDIDATE,,
S1-A-PTOX020.0-Z370.0-FX10.0-FY20.0-FZ60.0,1,A,80.0,370.0,10.0,20.0,60.0,88.75,265.0,150.0,4.75,0.0,95.0,10.0,12.0,14.75,3,0,298.0,290.0,CONDITIONAL_PASS_CANDIDATE,,
S1-A-PTOX020.0-Z370.0-FX10.0-FY20.0-FZ70.0,1,A,80.0,370.0,10.0,20.0,70.0,88.75,275.0,150.0,4.75,0.0,105.0,10.0,12.0,14.75,3,0,298.0,290.0,CONDITIONAL_PASS_CANDIDATE,,
S1-A-PTOX020.0-Z370.0-FX10.0-FY20.0-FZ80.0,1,A,80.0,370.0,10.0,20.0,80.0,88.75,285.0,150.0,4.75,0.0,115.0,10.0,12.0,14.75,3,0,298.0,290.0,CONDITIONAL_PASS_CANDIDATE,,
S1-A-PTOX020.0-Z370.0-FX10.0-FY25.0-FZ00.0,1,A,80.0,370.0,10.0,25.0,0.0,93.75,205.0,150.0,-0.25,0.0,35.0,10.0,7.75,9.75,3,0,298.0,290.0,FAIL,,BELT_SAFETY_ENVELOPE_INTERSECTS_FRAME
S1-A-PTOX020.0-Z370.0-FX10.0-FY25.0-FZ10.0,1,A,80.0,370.0,10.0,25.0,10.0,93.75,215.0,150.0,-0.25,0.0,45.0,10.0,7.75,9.75,3,0,298.0,290.0,FAIL,,BELT_SAFETY_ENVELOPE_INTERSECTS_FRAME
S1-A-PTOX020.0-Z370.0-FX10.0-FY25.0-FZ20.0,1,A,80.0,370.0,10.0,25.0,20.0,93.75,225.0,150.0,-0.25,0.0,55.0,10.0,7.75,9.75,3,0,298.0,290.0,FAIL,,BELT_SAFETY_ENVELOPE_INTERSECTS_FRAME
S1-A-PTOX020.0-Z370.0-FX10.0-FY25.0-FZ30.0,1,A,80.0,370.0,10.0,25.0,30.0,93.75,235.0,150.0,-0.25,0.0,65.0,10.0,7.75,9.75,3,0,298.0,290.0,FAIL,,BELT_SAFETY_ENVELOPE_INTERSECTS_FRAME
S1-A-PTOX020.0-Z370.0-FX10.0-FY25.0-FZ40.0,1,A,80.0,370.0,10.0,25.0,40.0,93.75,245.0,150.0,-0.25,0.0,75.0,10.0,7.75,9.75,3,0,298.0,290.0,FAIL,,BELT_SAFETY_ENVELOPE_INTERSECTS_FRAME
S1-A-PTOX020.0-Z370.0-FX10.0-FY25.0-FZ50.0,1,A,80.0,370.0,10.0,25.0,50.0,93.75,255.0,150.0,-0.25,0.0,85.0,10.0,7.75,9.75,3,0,298.0,290.0,FAIL,,BELT_SAFETY_ENVELOPE_INTERSECTS_FRAME
S1-A-PTOX020.0-Z370.0-FX10.0-FY25.0-FZ60.0,1,A,80.0,370.0,10.0,25.0,60.0,93.75,265.0,150.0,-0.25,0.0,95.0,10.0,7.75,9.75,3,0,298.0,290.0,FAIL,,BELT_SAFETY_ENVELOPE_INTERSECTS_FRAME
S1-A-PTOX020.0-Z370.0-FX10.0-FY25.0-FZ70.0,1,A,80.0,370.0,10.0,25.0,70.0,93.75,275.0,150.0,-0.25,0.0,105.0,10.0,7.75,9.75,3,0,298.0,290.0,FAIL,,BELT_SAFETY_ENVELOPE_INTERSECTS_FRAME
S1-A-PTOX020.0-Z370.0-FX10.0-FY25.0-FZ80.0,1,A,80.0,370.0,10.0,25.0,80.0,93.75,285.0,150.0,-0.25,0.0,115.0,10.0,7.75,9.75,3,0,298.0,290.0,FAIL,,BELT_SAFETY_ENVELOPE_INTERSECTS_FRAME
S1-A-PTOX020.0-Z370.0-FX10.0-FY30.0-FZ00.0,1,A,80.0,370.0,10.0,30.0,0.0,98.75,205.0,150.0,-5.25,0.0,35.0,10.0,2.75,4.75,3,0,298.0,290.0,FAIL,,BELT_SAFETY_ENVELOPE_INTERSECTS_FRAME
S1-A-PTOX020.0-Z370.0-FX10.0-FY30.0-FZ10.0,1,A,80.0,370.0,10.0,30.0,10.0,98.75,215.0,150.0,-5.25,0.0,45.0,10.0,2.75,4.75,3,0,298.0,290.0,FAIL,,BELT_SAFETY_ENVELOPE_INTERSECTS_FRAME
S1-A-PTOX020.0-Z370.0-FX10.0-FY30.0-FZ20.0,1,A,80.0,370.0,10.0,30.0,20.0,98.75,225.0,150.0,-5.25,0.0,55.0,10.0,2.75,4.75,3,0,298.0,290.0,FAIL,,BELT_SAFETY_ENVELOPE_INTERSECTS_FRAME
S1-A-PTOX020.0-Z370.0-FX10.0-FY30.0-FZ30.0,1,A,80.0,370.0,10.0,30.0,30.0,98.75,235.0,150.0,-5.25,0.0,65.0,10.0,2.75,4.75,3,0,298.0,290.0,FAIL,,BELT_SAFETY_ENVELOPE_INTERSECTS_FRAME
S1-A-PTOX020.0-Z370.0-FX10.0-FY30.0-FZ40.0,1,A,80.0,370.0,10.0,30.0,40.0,98.75,245.0,150.0,-5.25,0.0,75.0,10.0,2.75,4.75,3,0,298.0,290.0,FAIL,,BELT_SAFETY_ENVELOPE_INTERSECTS_FRAME
S1-A-PTOX020.0-Z370.0-FX10.0-FY30.0-FZ50.0,1,A,80.0,370.0,10.0,30.0,50.0,98.75,255.0,150.0,-5.25,0.0,85.0,10.0,2.75,4.75,3,0,298.0,290.0,FAIL,,BELT_SAFETY_ENVELOPE_INTERSECTS_FRAME
S1-A-PTOX020.0-Z370.0-FX10.0-FY30.0-FZ60.0,1,A,80.0,370.0,10.0,30.0,60.0,98.75,265.0,150.0,-5.25,0.0,95.0,10.0,2.75,4.75,3,0,298.0,290.0,FAIL,,BELT_SAFETY_ENVELOPE_INTERSECTS_FRAME
S1-A-PTOX020.0-Z370.0-FX10.0-FY30.0-FZ70.0,1,A,80.0,370.0,10.0,30.0,70.0,98.75,275.0,150.0,-5.25,0.0,105.0,10.0,2.75,4.75,3,0,298.0,290.0,FAIL,,BELT_SAFETY_ENVELOPE_INTERSECTS_FRAME
S1-A-PTOX020.0-Z370.0-FX10.0-FY30.0-FZ80.0,1,A,80.0,370.0,10.0,30.0,80.0,98.75,285.0,150.0,-5.25,0.0,115.0,10.0,2.75,4.75,3,0,298.0,290.0,FAIL,,BELT_SAFETY_ENVELOPE_INTERSECTS_FRAME
S1-A-PTOX020.0-Z370.0-FX20.0-FY00.0-FZ00.0,1,A,80.0,370.0,20.0,0.0,0.0,68.75,205.0,160.0,-15.0,-15.0,35.0,10.0,-7.0,-5.0,3,0,298.0,290.0,FAIL,,BELT_SAFETY_ENVELOPE_INTERSECTS_FRAME|PTO_ROTATION_ENVELOPE_INTERSECTS_FRAME
S1-A-PTOX020.0-Z370.0-FX20.0-FY00.0-FZ10.0,1,A,80.0,370.0,20.0,0.0,10.0,68.75,215.0,160.0,-15.0,-15.0,45.0,10.0,-7.0,-5.0,3,0,298.0,290.0,FAIL,,BELT_SAFETY_ENVELOPE_INTERSECTS_FRAME|PTO_ROTATION_ENVELOPE_INTERSECTS_FRAME
S1-A-PTOX020.0-Z370.0-FX20.0-FY00.0-FZ20.0,1,A,80.0,370.0,20.0,0.0,20.0,68.75,225.0,160.0,-15.0,-15.0,55.0,10.0,-7.0,-5.0,3,0,298.0,290.0,FAIL,,BELT_SAFETY_ENVELOPE_INTERSECTS_FRAME|PTO_ROTATION_ENVELOPE_INTERSECTS_FRAME
S1-A-PTOX020.0-Z370.0-FX20.0-FY00.0-FZ30.0,1,A,80.0,370.0,20.0,0.0,30.0,68.75,235.0,160.0,-15.0,-15.0,65.0,10.0,-7.0,-5.0,3,0,298.0,290.0,FAIL,,BELT_SAFETY_ENVELOPE_INTERSECTS_FRAME|PTO_ROTATION_ENVELOPE_INTERSECTS_FRAME
S1-A-PTOX020.0-Z370.0-FX20.0-FY00.0-FZ40.0,1,A,80.0,370.0,20.0,0.0,40.0,68.75,245.0,160.0,-15.0,-15.0,75.0,10.0,-7.0,-5.0,3,0,298.0,290.0,FAIL,,BELT_SAFETY_ENVELOPE_INTERSECTS_FRAME|PTO_ROTATION_ENVELOPE_INTERSECTS_FRAME
S1-A-PTOX020.0-Z370.0-FX20.0-FY00.0-FZ50.0,1,A,80.0,370.0,20.0,0.0,50.0,68.75,255.0,160.0,-15.0,-15.0,85.0,10.0,-7.0,-5.0,3,0,298.0,290.0,FAIL,,BELT_SAFETY_ENVELOPE_INTERSECTS_FRAME|PTO_ROTATION_ENVELOPE_INTERSECTS_FRAME
S1-A-PTOX020.0-Z370.0-FX20.0-FY00.0-FZ60.0,1,A,80.0,370.0,20.0,0.0,60.0,68.75,265.0,160.0,-15.0,-15.0,95.0,10.0,-7.0,-5.0,3,0,298.0,290.0,FAIL,,BELT_SAFETY_ENVELOPE_INTERSECTS_FRAME|PTO_ROTATION_ENVELOPE_INTERSECTS_FRAME
S1-A-PTOX020.0-Z370.0-FX20.0-FY00.0-FZ70.0,1,A,80.0,370.0,20.0,0.0,70.0,68.75,275.0,160.0,-15.0,-15.0,105.0,10.0,-7.0,-5.0,3,0,298.0,290.0,FAIL,,BELT_SAFETY_ENVELOPE_INTERSECTS_FRAME|PTO_ROTATION_ENVELOPE_INTERSECTS_FRAME
S1-A-PTOX020.0-Z370.0-FX20.0-FY00.0-FZ80.0,1,A,80.0,370.0,20.0,0.0,80.0,68.75,285.0,160.0,-15.0,-15.0,115.0,10.0,-7.0,-5.0,3,0,298.0,290.0,FAIL,,BELT_SAFETY_ENVELOPE_INTERSECTS_FRAME|PTO_ROTATION_ENVELOPE_INTERSECTS_FRAME
S1-A-PTOX020.0-Z370.0-FX20.0-FY05.0-FZ00.0,1,A,80.0,370.0,20.0,5.0,0.0,73.75,205.0,160.0,-10.0,-10.0,35.0,10.0,-2.0,0.0,3,0,298.0,290.0,FAIL,,BELT_SAFETY_ENVELOPE_INTERSECTS_FRAME|PTO_ROTATION_ENVELOPE_INTERSECTS_FRAME
S1-A-PTOX020.0-Z370.0-FX20.0-FY05.0-FZ10.0,1,A,80.0,370.0,20.0,5.0,10.0,73.75,215.0,160.0,-10.0,-10.0,45.0,10.0,-2.0,0.0,3,0,298.0,290.0,FAIL,,BELT_SAFETY_ENVELOPE_INTERSECTS_FRAME|PTO_ROTATION_ENVELOPE_INTERSECTS_FRAME
S1-A-PTOX020.0-Z370.0-FX20.0-FY05.0-FZ20.0,1,A,80.0,370.0,20.0,5.0,20.0,73.75,225.0,160.0,-10.0,-10.0,55.0,10.0,-2.0,0.0,3,0,298.0,290.0,FAIL,,BELT_SAFETY_ENVELOPE_INTERSECTS_FRAME|PTO_ROTATION_ENVELOPE_INTERSECTS_FRAME
S1-A-PTOX020.0-Z370.0-FX20.0-FY05.0-FZ30.0,1,A,80.0,370.0,20.0,5.0,30.0,73.75,235.0,160.0,-10.0,-10.0,65.0,10.0,-2.0,0.0,3,0,298.0,290.0,FAIL,,BELT_SAFETY_ENVELOPE_INTERSECTS_FRAME|PTO_ROTATION_ENVELOPE_INTERSECTS_FRAME
S1-A-PTOX020.0-Z370.0-FX20.0-FY05.0-FZ40.0,1,A,80.0,370.0,20.0,5.0,40.0,73.75,245.0,160.0,-10.0,-10.0,75.0,10.0,-2.0,0.0,3,0,298.0,290.0,FAIL,,BELT_SAFETY_ENVELOPE_INTERSECTS_FRAME|PTO_ROTATION_ENVELOPE_INTERSECTS_FRAME
S1-A-PTOX020.0-Z370.0-FX20.0-FY05.0-FZ50.0,1,A,80.0,370.0,20.0,5.0,50.0,73.75,255.0,160.0,-10.0,-10.0,85.0,10.0,-2.0,0.0,3,0,298.0,290.0,FAIL,,BELT_SAFETY_ENVELOPE_INTERSECTS_FRAME|PTO_ROTATION_ENVELOPE_INTERSECTS_FRAME
S1-A-PTOX020.0-Z370.0-FX20.0-FY05.0-FZ60.0,1,A,80.0,370.0,20.0,5.0,60.0,73.75,265.0,160.0,-10.0,-10.0,95.0,10.0,-2.0,0.0,3,0,298.0,290.0,FAIL,,BELT_SAFETY_ENVELOPE_INTERSECTS_FRAME|PTO_ROTATION_ENVELOPE_INTERSECTS_FRAME
S1-A-PTOX020.0-Z370.0-FX20.0-FY05.0-FZ70.0,1,A,80.0,370.0,20.0,5.0,70.0,73.75,275.0,160.0,-10.0,-10.0,105.0,10.0,-2.0,0.0,3,0,298.0,290.0,FAIL,,BELT_SAFETY_ENVELOPE_INTERSECTS_FRAME|PTO_ROTATION_ENVELOPE_INTERSECTS_FRAME
S1-A-PTOX020.0-Z370.0-FX20.0-FY05.0-FZ80.0,1,A,80.0,370.0,20.0,5.0,80.0,73.75,285.0,160.0,-10.0,-10.0,115.0,10.0,-2.0,0.0,3,0,298.0,290.0,FAIL,,BELT_SAFETY_ENVELOPE_INTERSECTS_FRAME|PTO_ROTATION_ENVELOPE_INTERSECTS_FRAME
S1-A-PTOX020.0-Z370.0-FX20.0-FY10.0-FZ00.0,1,A,80.0,370.0,20.0,10.0,0.0,78.75,205.0,160.0,-5.0,-5.0,35.0,10.0,3.0,5.0,3,0,298.0,290.0,FAIL,,BELT_SAFETY_ENVELOPE_INTERSECTS_FRAME|PTO_ROTATION_ENVELOPE_INTERSECTS_FRAME
S1-A-PTOX020.0-Z370.0-FX20.0-FY10.0-FZ10.0,1,A,80.0,370.0,20.0,10.0,10.0,78.75,215.0,160.0,-5.0,-5.0,45.0,10.0,3.0,5.0,3,0,298.0,290.0,FAIL,,BELT_SAFETY_ENVELOPE_INTERSECTS_FRAME|PTO_ROTATION_ENVELOPE_INTERSECTS_FRAME
S1-A-PTOX020.0-Z370.0-FX20.0-FY10.0-FZ20.0,1,A,80.0,370.0,20.0,10.0,20.0,78.75,225.0,160.0,-5.0,-5.0,55.0,10.0,3.0,5.0,3,0,298.0,290.0,FAIL,,BELT_SAFETY_ENVELOPE_INTERSECTS_FRAME|PTO_ROTATION_ENVELOPE_INTERSECTS_FRAME
S1-A-PTOX020.0-Z370.0-FX20.0-FY10.0-FZ30.0,1,A,80.0,370.0,20.0,10.0,30.0,78.75,235.0,160.0,-5.0,-5.0,65.0,10.0,3.0,5.0,3,0,298.0,290.0,FAIL,,BELT_SAFETY_ENVELOPE_INTERSECTS_FRAME|PTO_ROTATION_ENVELOPE_INTERSECTS_FRAME
S1-A-PTOX020.0-Z370.0-FX20.0-FY10.0-FZ40.0,1,A,80.0,370.0,20.0,10.0,40.0,78.75,245.0,160.0,-5.0,-5.0,75.0,10.0,3.0,5.0,3,0,298.0,290.0,FAIL,,BELT_SAFETY_ENVELOPE_INTERSECTS_FRAME|PTO_ROTATION_ENVELOPE_INTERSECTS_FRAME
S1-A-PTOX020.0-Z370.0-FX20.0-FY10.0-FZ50.0,1,A,80.0,370.0,20.0,10.0,50.0,78.75,255.0,160.0,-5.0,-5.0,85.0,10.0,3.0,5.0,3,0,298.0,290.0,FAIL,,BELT_SAFETY_ENVELOPE_INTERSECTS_FRAME|PTO_ROTATION_ENVELOPE_INTERSECTS_FRAME
S1-A-PTOX020.0-Z370.0-FX20.0-FY10.0-FZ60.0,1,A,80.0,370.0,20.0,10.0,60.0,78.75,265.0,160.0,-5.0,-5.0,95.0,10.0,3.0,5.0,3,0,298.0,290.0,FAIL,,BELT_SAFETY_ENVELOPE_INTERSECTS_FRAME|PTO_ROTATION_ENVELOPE_INTERSECTS_FRAME
S1-A-PTOX020.0-Z370.0-FX20.0-FY10.0-FZ70.0,1,A,80.0,370.0,20.0,10.0,70.0,78.75,275.0,160.0,-5.0,-5.0,105.0,10.0,3.0,5.0,3,0,298.0,290.0,FAIL,,BELT_SAFETY_ENVELOPE_INTERSECTS_FRAME|PTO_ROTATION_ENVELOPE_INTERSECTS_FRAME
S1-A-PTOX020.0-Z370.0-FX20.0-FY10.0-FZ80.0,1,A,80.0,370.0,20.0,10.0,80.0,78.75,285.0,160.0,-5.0,-5.0,115.0,10.0,3.0,5.0,3,0,298.0,290.0,FAIL,,BELT_SAFETY_ENVELOPE_INTERSECTS_FRAME|PTO_ROTATION_ENVELOPE_INTERSECTS_FRAME
S1-A-PTOX020.0-Z370.0-FX20.0-FY15.0-FZ00.0,1,A,80.0,370.0,20.0,15.0,0.0,83.75,205.0,160.0,0.0,0.0,35.0,10.0,8.0,10.0,5,0,298.0,290.0,CONDITIONAL_PASS_CANDIDATE,,
S1-A-PTOX020.0-Z370.0-FX20.0-FY15.0-FZ10.0,1,A,80.0,370.0,20.0,15.0,10.0,83.75,215.0,160.0,0.0,0.0,45.0,10.0,8.0,10.0,5,0,298.0,290.0,CONDITIONAL_PASS_CANDIDATE,,
S1-A-PTOX020.0-Z370.0-FX20.0-FY15.0-FZ20.0,1,A,80.0,370.0,20.0,15.0,20.0,83.75,225.0,160.0,0.0,0.0,55.0,10.0,8.0,10.0,5,0,298.0,290.0,CONDITIONAL_PASS_CANDIDATE,,
S1-A-PTOX020.0-Z370.0-FX20.0-FY15.0-FZ30.0,1,A,80.0,370.0,20.0,15.0,30.0,83.75,235.0,160.0,0.0,0.0,65.0,10.0,8.0,10.0,5,0,298.0,290.0,CONDITIONAL_PASS_CANDIDATE,,
S1-A-PTOX020.0-Z370.0-FX20.0-FY15.0-FZ40.0,1,A,80.0,370.0,20.0,15.0,40.0,83.75,245.0,160.0,0.0,0.0,75.0,10.0,8.0,10.0,3,0,298.0,290.0,CONDITIONAL_PASS_CANDIDATE,,
S1-A-PTOX020.0-Z370.0-FX20.0-FY15.0-FZ50.0,1,A,80.0,370.0,20.0,15.0,50.0,83.75,255.0,160.0,0.0,0.0,85.0,10.0,8.0,10.0,3,0,298.0,290.0,CONDITIONAL_PASS_CANDIDATE,,
S1-A-PTOX020.0-Z370.0-FX20.0-FY15.0-FZ60.0,1,A,80.0,370.0,20.0,15.0,60.0,83.75,265.0,160.0,0.0,0.0,95.0,10.0,8.0,10.0,3,0,298.0,290.0,CONDITIONAL_PASS_CANDIDATE,,
S1-A-PTOX020.0-Z370.0-FX20.0-FY15.0-FZ70.0,1,A,80.0,370.0,20.0,15.0,70.0,83.75,275.0,160.0,0.0,0.0,105.0,10.0,8.0,10.0,3,0,298.0,290.0,CONDITIONAL_PASS_CANDIDATE,,
S1-A-PTOX020.0-Z370.0-FX20.0-FY15.0-FZ80.0,1,A,80.0,370.0,20.0,15.0,80.0,83.75,285.0,160.0,0.0,0.0,115.0,10.0,8.0,10.0,3,0,298.0,290.0,CONDITIONAL_PASS_CANDIDATE,,
S1-A-PTOX020.0-Z370.0-FX20.0-FY20.0-FZ00.0,1,A,80.0,370.0,20.0,20.0,0.0,88.75,205.0,160.0,4.75,5.0,35.0,10.0,12.0,14.75,5,0,298.0,290.0,CONDITIONAL_PASS_CANDIDATE,,
S1-A-PTOX020.0-Z370.0-FX20.0-FY20.0-FZ10.0,1,A,80.0,370.0,20.0,20.0,10.0,88.75,215.0,160.0,4.75,5.0,45.0,10.0,12.0,14.75,5,0,298.0,290.0,CONDITIONAL_PASS_CANDIDATE,,
S1-A-PTOX020.0-Z370.0-FX20.0-FY20.0-FZ20.0,1,A,80.0,370.0,20.0,20.0,20.0,88.75,225.0,160.0,4.75,5.0,55.0,10.0,12.0,14.75,5,0,298.0,290.0,CONDITIONAL_PASS_CANDIDATE,,
S1-A-PTOX020.0-Z370.0-FX20.0-FY20.0-FZ30.0,1,A,80.0,370.0,20.0,20.0,30.0,88.75,235.0,160.0,4.75,5.0,65.0,10.0,12.0,14.75,5,0,298.0,290.0,CONDITIONAL_PASS_CANDIDATE,,
S1-A-PTOX020.0-Z370.0-FX20.0-FY20.0-FZ40.0,1,A,80.0,370.0,20.0,20.0,40.0,88.75,245.0,160.0,4.75,5.0,75.0,10.0,12.0,14.75,3,0,298.0,290.0,CONDITIONAL_PASS_CANDIDATE,,
S1-A-PTOX020.0-Z370.0-FX20.0-FY20.0-FZ50.0,1,A,80.0,370.0,20.0,20.0,50.0,88.75,255.0,160.0,4.75,5.0,85.0,10.0,12.0,14.75,3,0,298.0,290.0,CONDITIONAL_PASS_CANDIDATE,,
S1-A-PTOX020.0-Z370.0-FX20.0-FY20.0-FZ60.0,1,A,80.0,370.0,20.0,20.0,60.0,88.75,265.0,160.0,4.75,5.0,95.0,10.0,12.0,14.75,3,0,298.0,290.0,CONDITIONAL_PASS_CANDIDATE,,
S1-A-PTOX020.0-Z370.0-FX20.0-FY20.0-FZ70.0,1,A,80.0,370.0,20.0,20.0,70.0,88.75,275.0,160.0,4.75,5.0,105.0,10.0,12.0,14.75,3,0,298.0,290.0,CONDITIONAL_PASS_CANDIDATE,,
S1-A-PTOX020.0-Z370.0-FX20.0-FY20.0-FZ80.0,1,A,80.0,370.0,20.0,20.0,80.0,88.75,285.0,160.0,4.75,5.0,115.0,10.0,12.0,14.75,3,0,298.0,290.0,CONDITIONAL_PASS_CANDIDATE,,
S1-A-PTOX020.0-Z370.0-FX20.0-FY25.0-FZ00.0,1,A,80.0,370.0,20.0,25.0,0.0,93.75,205.0,160.0,-0.25,10.0,35.0,10.0,7.75,9.75,3,0,298.0,290.0,FAIL,,BELT_SAFETY_ENVELOPE_INTERSECTS_FRAME
S1-A-PTOX020.0-Z370.0-FX20.0-FY25.0-FZ10.0,1,A,80.0,370.0,20.0,25.0,10.0,93.75,215.0,160.0,-0.25,10.0,45.0,10.0,7.75,9.75,3,0,298.0,290.0,FAIL,,BELT_SAFETY_ENVELOPE_INTERSECTS_FRAME
S1-A-PTOX020.0-Z370.0-FX20.0-FY25.0-FZ20.0,1,A,80.0,370.0,20.0,25.0,20.0,93.75,225.0,160.0,-0.25,10.0,55.0,10.0,7.75,9.75,3,0,298.0,290.0,FAIL,,BELT_SAFETY_ENVELOPE_INTERSECTS_FRAME
S1-A-PTOX020.0-Z370.0-FX20.0-FY25.0-FZ30.0,1,A,80.0,370.0,20.0,25.0,30.0,93.75,235.0,160.0,-0.25,10.0,65.0,10.0,7.75,9.75,3,0,298.0,290.0,FAIL,,BELT_SAFETY_ENVELOPE_INTERSECTS_FRAME
S1-A-PTOX020.0-Z370.0-FX20.0-FY25.0-FZ40.0,1,A,80.0,370.0,20.0,25.0,40.0,93.75,245.0,160.0,-0.25,10.0,75.0,10.0,7.75,9.75,3,0,298.0,290.0,FAIL,,BELT_SAFETY_ENVELOPE_INTERSECTS_FRAME
S1-A-PTOX020.0-Z370.0-FX20.0-FY25.0-FZ50.0,1,A,80.0,370.0,20.0,25.0,50.0,93.75,255.0,160.0,-0.25,10.0,85.0,10.0,7.75,9.75,3,0,298.0,290.0,FAIL,,BELT_SAFETY_ENVELOPE_INTERSECTS_FRAME
S1-A-PTOX020.0-Z370.0-FX20.0-FY25.0-FZ60.0,1,A,80.0,370.0,20.0,25.0,60.0,93.75,265.0,160.0,-0.25,10.0,95.0,10.0,7.75,9.75,3,0,298.0,290.0,FAIL,,BELT_SAFETY_ENVELOPE_INTERSECTS_FRAME
S1-A-PTOX020.0-Z370.0-FX20.0-FY25.0-FZ70.0,1,A,80.0,370.0,20.0,25.0,70.0,93.75,275.0,160.0,-0.25,10.0,105.0,10.0,7.75,9.75,3,0,298.0,290.0,FAIL,,BELT_SAFETY_ENVELOPE_INTERSECTS_FRAME
S1-A-PTOX020.0-Z370.0-FX20.0-FY25.0-FZ80.0,1,A,80.0,370.0,20.0,25.0,80.0,93.75,285.0,160.0,-0.25,10.0,115.0,10.0,7.75,9.75,3,0,298.0,290.0,FAIL,,BELT_SAFETY_ENVELOPE_INTERSECTS_FRAME
S1-A-PTOX020.0-Z370.0-FX20.0-FY30.0-FZ00.0,1,A,80.0,370.0,20.0,30.0,0.0,98.75,205.0,160.0,-5.25,10.0,35.0,10.0,2.75,4.75,3,0,298.0,290.0,FAIL,,BELT_SAFETY_ENVELOPE_INTERSECTS_FRAME
S1-A-PTOX020.0-Z370.0-FX20.0-FY30.0-FZ10.0,1,A,80.0,370.0,20.0,30.0,10.0,98.75,215.0,160.0,-5.25,10.0,45.0,10.0,2.75,4.75,3,0,298.0,290.0,FAIL,,BELT_SAFETY_ENVELOPE_INTERSECTS_FRAME
S1-A-PTOX020.0-Z370.0-FX20.0-FY30.0-FZ20.0,1,A,80.0,370.0,20.0,30.0,20.0,98.75,225.0,160.0,-5.25,10.0,55.0,10.0,2.75,4.75,3,0,298.0,290.0,FAIL,,BELT_SAFETY_ENVELOPE_INTERSECTS_FRAME
S1-A-PTOX020.0-Z370.0-FX20.0-FY30.0-FZ30.0,1,A,80.0,370.0,20.0,30.0,30.0,98.75,235.0,160.0,-5.25,10.0,65.0,10.0,2.75,4.75,3,0,298.0,290.0,FAIL,,BELT_SAFETY_ENVELOPE_INTERSECTS_FRAME
S1-A-PTOX020.0-Z370.0-FX20.0-FY30.0-FZ40.0,1,A,80.0,370.0,20.0,30.0,40.0,98.75,245.0,160.0,-5.25,10.0,75.0,10.0,2.75,4.75,3,0,298.0,290.0,FAIL,,BELT_SAFETY_ENVELOPE_INTERSECTS_FRAME
S1-A-PTOX020.0-Z370.0-FX20.0-FY30.0-FZ50.0,1,A,80.0,370.0,20.0,30.0,50.0,98.75,255.0,160.0,-5.25,10.0,85.0,10.0,2.75,4.75,3,0,298.0,290.0,FAIL,,BELT_SAFETY_ENVELOPE_INTERSECTS_FRAME
S1-A-PTOX020.0-Z370.0-FX20.0-FY30.0-FZ60.0,1,A,80.0,370.0,20.0,30.0,60.0,98.75,265.0,160.0,-5.25,10.0,95.0,10.0,2.75,4.75,3,0,298.0,290.0,FAIL,,BELT_SAFETY_ENVELOPE_INTERSECTS_FRAME
S1-A-PTOX020.0-Z370.0-FX20.0-FY30.0-FZ70.0,1,A,80.0,370.0,20.0,30.0,70.0,98.75,275.0,160.0,-5.25,10.0,105.0,10.0,2.75,4.75,3,0,298.0,290.0,FAIL,,BELT_SAFETY_ENVELOPE_INTERSECTS_FRAME
S1-A-PTOX020.0-Z370.0-FX20.0-FY30.0-FZ80.0,1,A,80.0,370.0,20.0,30.0,80.0,98.75,285.0,160.0,-5.25,10.0,115.0,10.0,2.75,4.75,3,0,298.0,290.0,FAIL,,BELT_SAFETY_ENVELOPE_INTERSECTS_FRAME
S1-A-PTOX020.0-Z370.0-FX30.0-FY00.0-FZ00.0,1,A,80.0,370.0,30.0,0.0,0.0,68.75,205.0,170.0,-15.0,-15.0,35.0,10.0,-7.0,-5.0,3,0,298.0,290.0,FAIL,,BELT_SAFETY_ENVELOPE_INTERSECTS_FRAME|PTO_ROTATION_ENVELOPE_INTERSECTS_FRAME
S1-A-PTOX020.0-Z370.0-FX30.0-FY00.0-FZ10.0,1,A,80.0,370.0,30.0,0.0,10.0,68.75,215.0,170.0,-15.0,-15.0,45.0,10.0,-7.0,-5.0,3,0,298.0,290.0,FAIL,,BELT_SAFETY_ENVELOPE_INTERSECTS_FRAME|PTO_ROTATION_ENVELOPE_INTERSECTS_FRAME
S1-A-PTOX020.0-Z370.0-FX30.0-FY00.0-FZ20.0,1,A,80.0,370.0,30.0,0.0,20.0,68.75,225.0,170.0,-15.0,-15.0,55.0,10.0,-7.0,-5.0,3,0,298.0,290.0,FAIL,,BELT_SAFETY_ENVELOPE_INTERSECTS_FRAME|PTO_ROTATION_ENVELOPE_INTERSECTS_FRAME
S1-A-PTOX020.0-Z370.0-FX30.0-FY00.0-FZ30.0,1,A,80.0,370.0,30.0,0.0,30.0,68.75,235.0,170.0,-15.0,-15.0,65.0,10.0,-7.0,-5.0,3,0,298.0,290.0,FAIL,,BELT_SAFETY_ENVELOPE_INTERSECTS_FRAME|PTO_ROTATION_ENVELOPE_INTERSECTS_FRAME
S1-A-PTOX020.0-Z370.0-FX30.0-FY00.0-FZ40.0,1,A,80.0,370.0,30.0,0.0,40.0,68.75,245.0,170.0,-15.0,-15.0,75.0,10.0,-7.0,-5.0,3,0,298.0,290.0,FAIL,,BELT_SAFETY_ENVELOPE_INTERSECTS_FRAME|PTO_ROTATION_ENVELOPE_INTERSECTS_FRAME
S1-A-PTOX020.0-Z370.0-FX30.0-FY00.0-FZ50.0,1,A,80.0,370.0,30.0,0.0,50.0,68.75,255.0,170.0,-15.0,-15.0,85.0,10.0,-7.0,-5.0,3,0,298.0,290.0,FAIL,,BELT_SAFETY_ENVELOPE_INTERSECTS_FRAME|PTO_ROTATION_ENVELOPE_INTERSECTS_FRAME
S1-A-PTOX020.0-Z370.0-FX30.0-FY00.0-FZ60.0,1,A,80.0,370.0,30.0,0.0,60.0,68.75,265.0,170.0,-15.0,-15.0,95.0,10.0,-7.0,-5.0,3,0,298.0,290.0,FAIL,,BELT_SAFETY_ENVELOPE_INTERSECTS_FRAME|PTO_ROTATION_ENVELOPE_INTERSECTS_FRAME
S1-A-PTOX020.0-Z370.0-FX30.0-FY00.0-FZ70.0,1,A,80.0,370.0,30.0,0.0,70.0,68.75,275.0,170.0,-15.0,-15.0,105.0,10.0,-7.0,-5.0,3,0,298.0,290.0,FAIL,,BELT_SAFETY_ENVELOPE_INTERSECTS_FRAME|PTO_ROTATION_ENVELOPE_INTERSECTS_FRAME
S1-A-PTOX020.0-Z370.0-FX30.0-FY00.0-FZ80.0,1,A,80.0,370.0,30.0,0.0,80.0,68.75,285.0,170.0,-15.0,-15.0,115.0,10.0,-7.0,-5.0,3,0,298.0,290.0,FAIL,,BELT_SAFETY_ENVELOPE_INTERSECTS_FRAME|PTO_ROTATION_ENVELOPE_INTERSECTS_FRAME
S1-A-PTOX020.0-Z370.0-FX30.0-FY05.0-FZ00.0,1,A,80.0,370.0,30.0,5.0,0.0,73.75,205.0,170.0,-10.0,-10.0,35.0,10.0,-2.0,0.0,3,0,298.0,290.0,FAIL,,BELT_SAFETY_ENVELOPE_INTERSECTS_FRAME|PTO_ROTATION_ENVELOPE_INTERSECTS_FRAME
S1-A-PTOX020.0-Z370.0-FX30.0-FY05.0-FZ10.0,1,A,80.0,370.0,30.0,5.0,10.0,73.75,215.0,170.0,-10.0,-10.0,45.0,10.0,-2.0,0.0,3,0,298.0,290.0,FAIL,,BELT_SAFETY_ENVELOPE_INTERSECTS_FRAME|PTO_ROTATION_ENVELOPE_INTERSECTS_FRAME
S1-A-PTOX020.0-Z370.0-FX30.0-FY05.0-FZ20.0,1,A,80.0,370.0,30.0,5.0,20.0,73.75,225.0,170.0,-10.0,-10.0,55.0,10.0,-2.0,0.0,3,0,298.0,290.0,FAIL,,BELT_SAFETY_ENVELOPE_INTERSECTS_FRAME|PTO_ROTATION_ENVELOPE_INTERSECTS_FRAME
S1-A-PTOX020.0-Z370.0-FX30.0-FY05.0-FZ30.0,1,A,80.0,370.0,30.0,5.0,30.0,73.75,235.0,170.0,-10.0,-10.0,65.0,10.0,-2.0,0.0,3,0,298.0,290.0,FAIL,,BELT_SAFETY_ENVELOPE_INTERSECTS_FRAME|PTO_ROTATION_ENVELOPE_INTERSECTS_FRAME
S1-A-PTOX020.0-Z370.0-FX30.0-FY05.0-FZ40.0,1,A,80.0,370.0,30.0,5.0,40.0,73.75,245.0,170.0,-10.0,-10.0,75.0,10.0,-2.0,0.0,3,0,298.0,290.0,FAIL,,BELT_SAFETY_ENVELOPE_INTERSECTS_FRAME|PTO_ROTATION_ENVELOPE_INTERSECTS_FRAME
S1-A-PTOX020.0-Z370.0-FX30.0-FY05.0-FZ50.0,1,A,80.0,370.0,30.0,5.0,50.0,73.75,255.0,170.0,-10.0,-10.0,85.0,10.0,-2.0,0.0,3,0,298.0,290.0,FAIL,,BELT_SAFETY_ENVELOPE_INTERSECTS_FRAME|PTO_ROTATION_ENVELOPE_INTERSECTS_FRAME
S1-A-PTOX020.0-Z370.0-FX30.0-FY05.0-FZ60.0,1,A,80.0,370.0,30.0,5.0,60.0,73.75,265.0,170.0,-10.0,-10.0,95.0,10.0,-2.0,0.0,3,0,298.0,290.0,FAIL,,BELT_SAFETY_ENVELOPE_INTERSECTS_FRAME|PTO_ROTATION_ENVELOPE_INTERSECTS_FRAME
S1-A-PTOX020.0-Z370.0-FX30.0-FY05.0-FZ70.0,1,A,80.0,370.0,30.0,5.0,70.0,73.75,275.0,170.0,-10.0,-10.0,105.0,10.0,-2.0,0.0,3,0,298.0,290.0,FAIL,,BELT_SAFETY_ENVELOPE_INTERSECTS_FRAME|PTO_ROTATION_ENVELOPE_INTERSECTS_FRAME
S1-A-PTOX020.0-Z370.0-FX30.0-FY05.0-FZ80.0,1,A,80.0,370.0,30.0,5.0,80.0,73.75,285.0,170.0,-10.0,-10.0,115.0,10.0,-2.0,0.0,3,0,298.0,290.0,FAIL,,BELT_SAFETY_ENVELOPE_INTERSECTS_FRAME|PTO_ROTATION_ENVELOPE_INTERSECTS_FRAME
S1-A-PTOX020.0-Z370.0-FX30.0-FY10.0-FZ00.0,1,A,80.0,370.0,30.0,10.0,0.0,78.75,205.0,170.0,-5.0,-5.0,35.0,10.0,3.0,5.0,3,0,298.0,290.0,FAIL,,BELT_SAFETY_ENVELOPE_INTERSECTS_FRAME|PTO_ROTATION_ENVELOPE_INTERSECTS_FRAME
S1-A-PTOX020.0-Z370.0-FX30.0-FY10.0-FZ10.0,1,A,80.0,370.0,30.0,10.0,10.0,78.75,215.0,170.0,-5.0,-5.0,45.0,10.0,3.0,5.0,3,0,298.0,290.0,FAIL,,BELT_SAFETY_ENVELOPE_INTERSECTS_FRAME|PTO_ROTATION_ENVELOPE_INTERSECTS_FRAME
S1-A-PTOX020.0-Z370.0-FX30.0-FY10.0-FZ20.0,1,A,80.0,370.0,30.0,10.0,20.0,78.75,225.0,170.0,-5.0,-5.0,55.0,10.0,3.0,5.0,3,0,298.0,290.0,FAIL,,BELT_SAFETY_ENVELOPE_INTERSECTS_FRAME|PTO_ROTATION_ENVELOPE_INTERSECTS_FRAME
S1-A-PTOX020.0-Z370.0-FX30.0-FY10.0-FZ30.0,1,A,80.0,370.0,30.0,10.0,30.0,78.75,235.0,170.0,-5.0,-5.0,65.0,10.0,3.0,5.0,3,0,298.0,290.0,FAIL,,BELT_SAFETY_ENVELOPE_INTERSECTS_FRAME|PTO_ROTATION_ENVELOPE_INTERSECTS_FRAME
S1-A-PTOX020.0-Z370.0-FX30.0-FY10.0-FZ40.0,1,A,80.0,370.0,30.0,10.0,40.0,78.75,245.0,170.0,-5.0,-5.0,75.0,10.0,3.0,5.0,3,0,298.0,290.0,FAIL,,BELT_SAFETY_ENVELOPE_INTERSECTS_FRAME|PTO_ROTATION_ENVELOPE_INTERSECTS_FRAME
S1-A-PTOX020.0-Z370.0-FX30.0-FY10.0-FZ50.0,1,A,80.0,370.0,30.0,10.0,50.0,78.75,255.0,170.0,-5.0,-5.0,85.0,10.0,3.0,5.0,3,0,298.0,290.0,FAIL,,BELT_SAFETY_ENVELOPE_INTERSECTS_FRAME|PTO_ROTATION_ENVELOPE_INTERSECTS_FRAME
S1-A-PTOX020.0-Z370.0-FX30.0-FY10.0-FZ60.0,1,A,80.0,370.0,30.0,10.0,60.0,78.75,265.0,170.0,-5.0,-5.0,95.0,10.0,3.0,5.0,3,0,298.0,290.0,FAIL,,BELT_SAFETY_ENVELOPE_INTERSECTS_FRAME|PTO_ROTATION_ENVELOPE_INTERSECTS_FRAME
S1-A-PTOX020.0-Z370.0-FX30.0-FY10.0-FZ70.0,1,A,80.0,370.0,30.0,10.0,70.0,78.75,275.0,170.0,-5.0,-5.0,105.0,10.0,3.0,5.0,3,0,298.0,290.0,FAIL,,BELT_SAFETY_ENVELOPE_INTERSECTS_FRAME|PTO_ROTATION_ENVELOPE_INTERSECTS_FRAME
S1-A-PTOX020.0-Z370.0-FX30.0-FY10.0-FZ80.0,1,A,80.0,370.0,30.0,10.0,80.0,78.75,285.0,170.0,-5.0,-5.0,115.0,10.0,3.0,5.0,3,0,298.0,290.0,FAIL,,BELT_SAFETY_ENVELOPE_INTERSECTS_FRAME|PTO_ROTATION_ENVELOPE_INTERSECTS_FRAME
S1-A-PTOX020.0-Z370.0-FX30.0-FY15.0-FZ00.0,1,A,80.0,370.0,30.0,15.0,0.0,83.75,205.0,170.0,0.0,0.0,35.0,10.0,8.0,10.0,5,0,298.0,290.0,CONDITIONAL_PASS_CANDIDATE,,
S1-A-PTOX020.0-Z370.0-FX30.0-FY15.0-FZ10.0,1,A,80.0,370.0,30.0,15.0,10.0,83.75,215.0,170.0,0.0,0.0,45.0,10.0,8.0,10.0,5,0,298.0,290.0,CONDITIONAL_PASS_CANDIDATE,,
S1-A-PTOX020.0-Z370.0-FX30.0-FY15.0-FZ20.0,1,A,80.0,370.0,30.0,15.0,20.0,83.75,225.0,170.0,0.0,0.0,55.0,10.0,8.0,10.0,5,0,298.0,290.0,CONDITIONAL_PASS_CANDIDATE,,
S1-A-PTOX020.0-Z370.0-FX30.0-FY15.0-FZ30.0,1,A,80.0,370.0,30.0,15.0,30.0,83.75,235.0,170.0,0.0,0.0,65.0,10.0,8.0,10.0,5,0,298.0,290.0,CONDITIONAL_PASS_CANDIDATE,,
S1-A-PTOX020.0-Z370.0-FX30.0-FY15.0-FZ40.0,1,A,80.0,370.0,30.0,15.0,40.0,83.75,245.0,170.0,0.0,0.0,75.0,10.0,8.0,10.0,3,0,298.0,290.0,CONDITIONAL_PASS_CANDIDATE,,
S1-A-PTOX020.0-Z370.0-FX30.0-FY15.0-FZ50.0,1,A,80.0,370.0,30.0,15.0,50.0,83.75,255.0,170.0,0.0,0.0,85.0,10.0,8.0,10.0,3,0,298.0,290.0,CONDITIONAL_PASS_CANDIDATE,,
S1-A-PTOX020.0-Z370.0-FX30.0-FY15.0-FZ60.0,1,A,80.0,370.0,30.0,15.0,60.0,83.75,265.0,170.0,0.0,0.0,95.0,10.0,8.0,10.0,3,0,298.0,290.0,CONDITIONAL_PASS_CANDIDATE,,
S1-A-PTOX020.0-Z370.0-FX30.0-FY15.0-FZ70.0,1,A,80.0,370.0,30.0,15.0,70.0,83.75,275.0,170.0,0.0,0.0,105.0,10.0,8.0,10.0,3,0,298.0,290.0,CONDITIONAL_PASS_CANDIDATE,,
S1-A-PTOX020.0-Z370.0-FX30.0-FY15.0-FZ80.0,1,A,80.0,370.0,30.0,15.0,80.0,83.75,285.0,170.0,0.0,0.0,115.0,10.0,8.0,10.0,3,0,298.0,290.0,CONDITIONAL_PASS_CANDIDATE,,
S1-A-PTOX020.0-Z370.0-FX30.0-FY20.0-FZ00.0,1,A,80.0,370.0,30.0,20.0,0.0,88.75,205.0,170.0,4.75,5.0,35.0,10.0,12.0,14.75,5,0,298.0,290.0,CONDITIONAL_PASS_CANDIDATE,,
S1-A-PTOX020.0-Z370.0-FX30.0-FY20.0-FZ10.0,1,A,80.0,370.0,30.0,20.0,10.0,88.75,215.0,170.0,4.75,5.0,45.0,10.0,12.0,14.75,5,0,298.0,290.0,CONDITIONAL_PASS_CANDIDATE,,
S1-A-PTOX020.0-Z370.0-FX30.0-FY20.0-FZ20.0,1,A,80.0,370.0,30.0,20.0,20.0,88.75,225.0,170.0,4.75,5.0,55.0,10.0,12.0,14.75,5,0,298.0,290.0,CONDITIONAL_PASS_CANDIDATE,,
S1-A-PTOX020.0-Z370.0-FX30.0-FY20.0-FZ30.0,1,A,80.0,370.0,30.0,20.0,30.0,88.75,235.0,170.0,4.75,5.0,65.0,10.0,12.0,14.75,5,0,298.0,290.0,CONDITIONAL_PASS_CANDIDATE,,
S1-A-PTOX020.0-Z370.0-FX30.0-FY20.0-FZ40.0,1,A,80.0,370.0,30.0,20.0,40.0,88.75,245.0,170.0,4.75,5.0,75.0,10.0,12.0,14.75,3,0,298.0,290.0,CONDITIONAL_PASS_CANDIDATE,,
S1-A-PTOX020.0-Z370.0-FX30.0-FY20.0-FZ50.0,1,A,80.0,370.0,30.0,20.0,50.0,88.75,255.0,170.0,4.75,5.0,85.0,10.0,12.0,14.75,3,0,298.0,290.0,CONDITIONAL_PASS_CANDIDATE,,
S1-A-PTOX020.0-Z370.0-FX30.0-FY20.0-FZ60.0,1,A,80.0,370.0,30.0,20.0,60.0,88.75,265.0,170.0,4.75,5.0,95.0,10.0,12.0,14.75,3,0,298.0,290.0,CONDITIONAL_PASS_CANDIDATE,,
S1-A-PTOX020.0-Z370.0-FX30.0-FY20.0-FZ70.0,1,A,80.0,370.0,30.0,20.0,70.0,88.75,275.0,170.0,4.75,5.0,105.0,10.0,12.0,14.75,3,0,298.0,290.0,CONDITIONAL_PASS_CANDIDATE,,
S1-A-PTOX020.0-Z370.0-FX30.0-FY20.0-FZ80.0,1,A,80.0,370.0,30.0,20.0,80.0,88.75,285.0,170.0,4.75,5.0,115.0,10.0,12.0,14.75,3,0,298.0,290.0,CONDITIONAL_PASS_CANDIDATE,,
S1-A-PTOX020.0-Z370.0-FX30.0-FY25.0-FZ00.0,1,A,80.0,370.0,30.0,25.0,0.0,93.75,205.0,170.0,-0.25,10.0,35.0,10.0,7.75,9.75,3,0,298.0,290.0,FAIL,,BELT_SAFETY_ENVELOPE_INTERSECTS_FRAME
S1-A-PTOX020.0-Z370.0-FX30.0-FY25.0-FZ10.0,1,A,80.0,370.0,30.0,25.0,10.0,93.75,215.0,170.0,-0.25,10.0,45.0,10.0,7.75,9.75,3,0,298.0,290.0,FAIL,,BELT_SAFETY_ENVELOPE_INTERSECTS_FRAME
S1-A-PTOX020.0-Z370.0-FX30.0-FY25.0-FZ20.0,1,A,80.0,370.0,30.0,25.0,20.0,93.75,225.0,170.0,-0.25,10.0,55.0,10.0,7.75,9.75,3,0,298.0,290.0,FAIL,,BELT_SAFETY_ENVELOPE_INTERSECTS_FRAME
S1-A-PTOX020.0-Z370.0-FX30.0-FY25.0-FZ30.0,1,A,80.0,370.0,30.0,25.0,30.0,93.75,235.0,170.0,-0.25,10.0,65.0,10.0,7.75,9.75,3,0,298.0,290.0,FAIL,,BELT_SAFETY_ENVELOPE_INTERSECTS_FRAME
S1-A-PTOX020.0-Z370.0-FX30.0-FY25.0-FZ40.0,1,A,80.0,370.0,30.0,25.0,40.0,93.75,245.0,170.0,-0.25,10.0,75.0,10.0,7.75,9.75,3,0,298.0,290.0,FAIL,,BELT_SAFETY_ENVELOPE_INTERSECTS_FRAME
S1-A-PTOX020.0-Z370.0-FX30.0-FY25.0-FZ50.0,1,A,80.0,370.0,30.0,25.0,50.0,93.75,255.0,170.0,-0.25,10.0,85.0,10.0,7.75,9.75,3,0,298.0,290.0,FAIL,,BELT_SAFETY_ENVELOPE_INTERSECTS_FRAME
S1-A-PTOX020.0-Z370.0-FX30.0-FY25.0-FZ60.0,1,A,80.0,370.0,30.0,25.0,60.0,93.75,265.0,170.0,-0.25,10.0,95.0,10.0,7.75,9.75,3,0,298.0,290.0,FAIL,,BELT_SAFETY_ENVELOPE_INTERSECTS_FRAME
S1-A-PTOX020.0-Z370.0-FX30.0-FY25.0-FZ70.0,1,A,80.0,370.0,30.0,25.0,70.0,93.75,275.0,170.0,-0.25,10.0,105.0,10.0,7.75,9.75,3,0,298.0,290.0,FAIL,,BELT_SAFETY_ENVELOPE_INTERSECTS_FRAME
S1-A-PTOX020.0-Z370.0-FX30.0-FY25.0-FZ80.0,1,A,80.0,370.0,30.0,25.0,80.0,93.75,285.0,170.0,-0.25,10.0,115.0,10.0,7.75,9.75,3,0,298.0,290.0,FAIL,,BELT_SAFETY_ENVELOPE_INTERSECTS_FRAME
S1-A-PTOX020.0-Z370.0-FX30.0-FY30.0-FZ00.0,1,A,80.0,370.0,30.0,30.0,0.0,98.75,205.0,170.0,-5.25,15.0,35.0,10.0,2.75,4.75,3,0,298.0,290.0,FAIL,,BELT_SAFETY_ENVELOPE_INTERSECTS_FRAME
S1-A-PTOX020.0-Z370.0-FX30.0-FY30.0-FZ10.0,1,A,80.0,370.0,30.0,30.0,10.0,98.75,215.0,170.0,-5.25,15.0,45.0,10.0,2.75,4.75,3,0,298.0,290.0,FAIL,,BELT_SAFETY_ENVELOPE_INTERSECTS_FRAME
S1-A-PTOX020.0-Z370.0-FX30.0-FY30.0-FZ20.0,1,A,80.0,370.0,30.0,30.0,20.0,98.75,225.0,170.0,-5.25,15.0,55.0,10.0,2.75,4.75,3,0,298.0,290.0,FAIL,,BELT_SAFETY_ENVELOPE_INTERSECTS_FRAME
S1-A-PTOX020.0-Z370.0-FX30.0-FY30.0-FZ30.0,1,A,80.0,370.0,30.0,30.0,30.0,98.75,235.0,170.0,-5.25,15.0,65.0,10.0,2.75,4.75,3,0,298.0,290.0,FAIL,,BELT_SAFETY_ENVELOPE_INTERSECTS_FRAME
S1-A-PTOX020.0-Z370.0-FX30.0-FY30.0-FZ40.0,1,A,80.0,370.0,30.0,30.0,40.0,98.75,245.0,170.0,-5.25,15.0,75.0,10.0,2.75,4.75,3,0,298.0,290.0,FAIL,,BELT_SAFETY_ENVELOPE_INTERSECTS_FRAME
S1-A-PTOX020.0-Z370.0-FX30.0-FY30.0-FZ50.0,1,A,80.0,370.0,30.0,30.0,50.0,98.75,255.0,170.0,-5.25,15.0,85.0,10.0,2.75,4.75,3,0,298.0,290.0,FAIL,,BELT_SAFETY_ENVELOPE_INTERSECTS_FRAME
S1-A-PTOX020.0-Z370.0-FX30.0-FY30.0-FZ60.0,1,A,80.0,370.0,30.0,30.0,60.0,98.75,265.0,170.0,-5.25,15.0,95.0,10.0,2.75,4.75,3,0,298.0,290.0,FAIL,,BELT_SAFETY_ENVELOPE_INTERSECTS_FRAME
S1-A-PTOX020.0-Z370.0-FX30.0-FY30.0-FZ70.0,1,A,80.0,370.0,30.0,30.0,70.0,98.75,275.0,170.0,-5.25,15.0,105.0,10.0,2.75,4.75,3,0,298.0,290.0,FAIL,,BELT_SAFETY_ENVELOPE_INTERSECTS_FRAME
S1-A-PTOX020.0-Z370.0-FX30.0-FY30.0-FZ80.0,1,A,80.0,370.0,30.0,30.0,80.0,98.75,285.0,170.0,-5.25,15.0,115.0,10.0,2.75,4.75,3,0,298.0,290.0,FAIL,,BELT_SAFETY_ENVELOPE_INTERSECTS_FRAME
S1-A-PTOX020.0-Z370.0-FX40.0-FY00.0-FZ00.0,1,A,80.0,370.0,40.0,0.0,0.0,68.75,205.0,180.0,-15.0,-15.0,35.0,10.0,-7.0,-5.0,3,0,298.0,290.0,FAIL,,BELT_SAFETY_ENVELOPE_INTERSECTS_FRAME|PTO_ROTATION_ENVELOPE_INTERSECTS_FRAME
S1-A-PTOX020.0-Z370.0-FX40.0-FY00.0-FZ10.0,1,A,80.0,370.0,40.0,0.0,10.0,68.75,215.0,180.0,-15.0,-15.0,45.0,10.0,-7.0,-5.0,3,0,298.0,290.0,FAIL,,BELT_SAFETY_ENVELOPE_INTERSECTS_FRAME|PTO_ROTATION_ENVELOPE_INTERSECTS_FRAME
S1-A-PTOX020.0-Z370.0-FX40.0-FY00.0-FZ20.0,1,A,80.0,370.0,40.0,0.0,20.0,68.75,225.0,180.0,-15.0,-15.0,55.0,10.0,-7.0,-5.0,3,0,298.0,290.0,FAIL,,BELT_SAFETY_ENVELOPE_INTERSECTS_FRAME|PTO_ROTATION_ENVELOPE_INTERSECTS_FRAME
S1-A-PTOX020.0-Z370.0-FX40.0-FY00.0-FZ30.0,1,A,80.0,370.0,40.0,0.0,30.0,68.75,235.0,180.0,-15.0,-15.0,65.0,10.0,-7.0,-5.0,3,0,298.0,290.0,FAIL,,BELT_SAFETY_ENVELOPE_INTERSECTS_FRAME|PTO_ROTATION_ENVELOPE_INTERSECTS_FRAME
S1-A-PTOX020.0-Z370.0-FX40.0-FY00.0-FZ40.0,1,A,80.0,370.0,40.0,0.0,40.0,68.75,245.0,180.0,-15.0,-15.0,75.0,10.0,-7.0,-5.0,3,0,298.0,290.0,FAIL,,BELT_SAFETY_ENVELOPE_INTERSECTS_FRAME|PTO_ROTATION_ENVELOPE_INTERSECTS_FRAME
S1-A-PTOX020.0-Z370.0-FX40.0-FY00.0-FZ50.0,1,A,80.0,370.0,40.0,0.0,50.0,68.75,255.0,180.0,-15.0,-15.0,85.0,10.0,-7.0,-5.0,3,0,298.0,290.0,FAIL,,BELT_SAFETY_ENVELOPE_INTERSECTS_FRAME|PTO_ROTATION_ENVELOPE_INTERSECTS_FRAME
S1-A-PTOX020.0-Z370.0-FX40.0-FY00.0-FZ60.0,1,A,80.0,370.0,40.0,0.0,60.0,68.75,265.0,180.0,-15.0,-15.0,95.0,10.0,-7.0,-5.0,3,0,298.0,290.0,FAIL,,BELT_SAFETY_ENVELOPE_INTERSECTS_FRAME|PTO_ROTATION_ENVELOPE_INTERSECTS_FRAME
S1-A-PTOX020.0-Z370.0-FX40.0-FY00.0-FZ70.0,1,A,80.0,370.0,40.0,0.0,70.0,68.75,275.0,180.0,-15.0,-15.0,105.0,10.0,-7.0,-5.0,3,0,298.0,290.0,FAIL,,BELT_SAFETY_ENVELOPE_INTERSECTS_FRAME|PTO_ROTATION_ENVELOPE_INTERSECTS_FRAME
S1-A-PTOX020.0-Z370.0-FX40.0-FY00.0-FZ80.0,1,A,80.0,370.0,40.0,0.0,80.0,68.75,285.0,180.0,-15.0,-15.0,115.0,10.0,-7.0,-5.0,3,0,298.0,290.0,FAIL,,BELT_SAFETY_ENVELOPE_INTERSECTS_FRAME|PTO_ROTATION_ENVELOPE_INTERSECTS_FRAME
S1-A-PTOX020.0-Z370.0-FX40.0-FY05.0-FZ00.0,1,A,80.0,370.0,40.0,5.0,0.0,73.75,205.0,180.0,-10.0,-10.0,35.0,10.0,-2.0,0.0,3,0,298.0,290.0,FAIL,,BELT_SAFETY_ENVELOPE_INTERSECTS_FRAME|PTO_ROTATION_ENVELOPE_INTERSECTS_FRAME
S1-A-PTOX020.0-Z370.0-FX40.0-FY05.0-FZ10.0,1,A,80.0,370.0,40.0,5.0,10.0,73.75,215.0,180.0,-10.0,-10.0,45.0,10.0,-2.0,0.0,3,0,298.0,290.0,FAIL,,BELT_SAFETY_ENVELOPE_INTERSECTS_FRAME|PTO_ROTATION_ENVELOPE_INTERSECTS_FRAME
S1-A-PTOX020.0-Z370.0-FX40.0-FY05.0-FZ20.0,1,A,80.0,370.0,40.0,5.0,20.0,73.75,225.0,180.0,-10.0,-10.0,55.0,10.0,-2.0,0.0,3,0,298.0,290.0,FAIL,,BELT_SAFETY_ENVELOPE_INTERSECTS_FRAME|PTO_ROTATION_ENVELOPE_INTERSECTS_FRAME
S1-A-PTOX020.0-Z370.0-FX40.0-FY05.0-FZ30.0,1,A,80.0,370.0,40.0,5.0,30.0,73.75,235.0,180.0,-10.0,-10.0,65.0,10.0,-2.0,0.0,3,0,298.0,290.0,FAIL,,BELT_SAFETY_ENVELOPE_INTERSECTS_FRAME|PTO_ROTATION_ENVELOPE_INTERSECTS_FRAME
S1-A-PTOX020.0-Z370.0-FX40.0-FY05.0-FZ40.0,1,A,80.0,370.0,40.0,5.0,40.0,73.75,245.0,180.0,-10.0,-10.0,75.0,10.0,-2.0,0.0,3,0,298.0,290.0,FAIL,,BELT_SAFETY_ENVELOPE_INTERSECTS_FRAME|PTO_ROTATION_ENVELOPE_INTERSECTS_FRAME
S1-A-PTOX020.0-Z370.0-FX40.0-FY05.0-FZ50.0,1,A,80.0,370.0,40.0,5.0,50.0,73.75,255.0,180.0,-10.0,-10.0,85.0,10.0,-2.0,0.0,3,0,298.0,290.0,FAIL,,BELT_SAFETY_ENVELOPE_INTERSECTS_FRAME|PTO_ROTATION_ENVELOPE_INTERSECTS_FRAME
S1-A-PTOX020.0-Z370.0-FX40.0-FY05.0-FZ60.0,1,A,80.0,370.0,40.0,5.0,60.0,73.75,265.0,180.0,-10.0,-10.0,95.0,10.0,-2.0,0.0,3,0,298.0,290.0,FAIL,,BELT_SAFETY_ENVELOPE_INTERSECTS_FRAME|PTO_ROTATION_ENVELOPE_INTERSECTS_FRAME
S1-A-PTOX020.0-Z370.0-FX40.0-FY05.0-FZ70.0,1,A,80.0,370.0,40.0,5.0,70.0,73.75,275.0,180.0,-10.0,-10.0,105.0,10.0,-2.0,0.0,3,0,298.0,290.0,FAIL,,BELT_SAFETY_ENVELOPE_INTERSECTS_FRAME|PTO_ROTATION_ENVELOPE_INTERSECTS_FRAME
S1-A-PTOX020.0-Z370.0-FX40.0-FY05.0-FZ80.0,1,A,80.0,370.0,40.0,5.0,80.0,73.75,285.0,180.0,-10.0,-10.0,115.0,10.0,-2.0,0.0,3,0,298.0,290.0,FAIL,,BELT_SAFETY_ENVELOPE_INTERSECTS_FRAME|PTO_ROTATION_ENVELOPE_INTERSECTS_FRAME
S1-A-PTOX020.0-Z370.0-FX40.0-FY10.0-FZ00.0,1,A,80.0,370.0,40.0,10.0,0.0,78.75,205.0,180.0,-5.0,-5.0,35.0,10.0,3.0,5.0,3,0,298.0,290.0,FAIL,,BELT_SAFETY_ENVELOPE_INTERSECTS_FRAME|PTO_ROTATION_ENVELOPE_INTERSECTS_FRAME
S1-A-PTOX020.0-Z370.0-FX40.0-FY10.0-FZ10.0,1,A,80.0,370.0,40.0,10.0,10.0,78.75,215.0,180.0,-5.0,-5.0,45.0,10.0,3.0,5.0,3,0,298.0,290.0,FAIL,,BELT_SAFETY_ENVELOPE_INTERSECTS_FRAME|PTO_ROTATION_ENVELOPE_INTERSECTS_FRAME
S1-A-PTOX020.0-Z370.0-FX40.0-FY10.0-FZ20.0,1,A,80.0,370.0,40.0,10.0,20.0,78.75,225.0,180.0,-5.0,-5.0,55.0,10.0,3.0,5.0,3,0,298.0,290.0,FAIL,,BELT_SAFETY_ENVELOPE_INTERSECTS_FRAME|PTO_ROTATION_ENVELOPE_INTERSECTS_FRAME
S1-A-PTOX020.0-Z370.0-FX40.0-FY10.0-FZ30.0,1,A,80.0,370.0,40.0,10.0,30.0,78.75,235.0,180.0,-5.0,-5.0,65.0,10.0,3.0,5.0,3,0,298.0,290.0,FAIL,,BELT_SAFETY_ENVELOPE_INTERSECTS_FRAME|PTO_ROTATION_ENVELOPE_INTERSECTS_FRAME
S1-A-PTOX020.0-Z370.0-FX40.0-FY10.0-FZ40.0,1,A,80.0,370.0,40.0,10.0,40.0,78.75,245.0,180.0,-5.0,-5.0,75.0,10.0,3.0,5.0,3,0,298.0,290.0,FAIL,,BELT_SAFETY_ENVELOPE_INTERSECTS_FRAME|PTO_ROTATION_ENVELOPE_INTERSECTS_FRAME
S1-A-PTOX020.0-Z370.0-FX40.0-FY10.0-FZ50.0,1,A,80.0,370.0,40.0,10.0,50.0,78.75,255.0,180.0,-5.0,-5.0,85.0,10.0,3.0,5.0,3,0,298.0,290.0,FAIL,,BELT_SAFETY_ENVELOPE_INTERSECTS_FRAME|PTO_ROTATION_ENVELOPE_INTERSECTS_FRAME
S1-A-PTOX020.0-Z370.0-FX40.0-FY10.0-FZ60.0,1,A,80.0,370.0,40.0,10.0,60.0,78.75,265.0,180.0,-5.0,-5.0,95.0,10.0,3.0,5.0,3,0,298.0,290.0,FAIL,,BELT_SAFETY_ENVELOPE_INTERSECTS_FRAME|PTO_ROTATION_ENVELOPE_INTERSECTS_FRAME
S1-A-PTOX020.0-Z370.0-FX40.0-FY10.0-FZ70.0,1,A,80.0,370.0,40.0,10.0,70.0,78.75,275.0,180.0,-5.0,-5.0,105.0,10.0,3.0,5.0,3,0,298.0,290.0,FAIL,,BELT_SAFETY_ENVELOPE_INTERSECTS_FRAME|PTO_ROTATION_ENVELOPE_INTERSECTS_FRAME
S1-A-PTOX020.0-Z370.0-FX40.0-FY10.0-FZ80.0,1,A,80.0,370.0,40.0,10.0,80.0,78.75,285.0,180.0,-5.0,-5.0,115.0,10.0,3.0,5.0,3,0,298.0,290.0,FAIL,,BELT_SAFETY_ENVELOPE_INTERSECTS_FRAME|PTO_ROTATION_ENVELOPE_INTERSECTS_FRAME
S1-A-PTOX020.0-Z370.0-FX40.0-FY15.0-FZ00.0,1,A,80.0,370.0,40.0,15.0,0.0,83.75,205.0,180.0,0.0,0.0,35.0,10.0,8.0,10.0,5,0,298.0,290.0,CONDITIONAL_PASS_CANDIDATE,,
S1-A-PTOX020.0-Z370.0-FX40.0-FY15.0-FZ10.0,1,A,80.0,370.0,40.0,15.0,10.0,83.75,215.0,180.0,0.0,0.0,45.0,10.0,8.0,10.0,5,0,298.0,290.0,CONDITIONAL_PASS_CANDIDATE,,
S1-A-PTOX020.0-Z370.0-FX40.0-FY15.0-FZ20.0,1,A,80.0,370.0,40.0,15.0,20.0,83.75,225.0,180.0,0.0,0.0,55.0,10.0,8.0,10.0,5,0,298.0,290.0,CONDITIONAL_PASS_CANDIDATE,,
S1-A-PTOX020.0-Z370.0-FX40.0-FY15.0-FZ30.0,1,A,80.0,370.0,40.0,15.0,30.0,83.75,235.0,180.0,0.0,0.0,65.0,10.0,8.0,10.0,5,0,298.0,290.0,CONDITIONAL_PASS_CANDIDATE,,
S1-A-PTOX020.0-Z370.0-FX40.0-FY15.0-FZ40.0,1,A,80.0,370.0,40.0,15.0,40.0,83.75,245.0,180.0,0.0,0.0,75.0,10.0,8.0,10.0,3,0,298.0,290.0,CONDITIONAL_PASS_CANDIDATE,,
S1-A-PTOX020.0-Z370.0-FX40.0-FY15.0-FZ50.0,1,A,80.0,370.0,40.0,15.0,50.0,83.75,255.0,180.0,0.0,0.0,85.0,10.0,8.0,10.0,3,0,298.0,290.0,CONDITIONAL_PASS_CANDIDATE,,
S1-A-PTOX020.0-Z370.0-FX40.0-FY15.0-FZ60.0,1,A,80.0,370.0,40.0,15.0,60.0,83.75,265.0,180.0,0.0,0.0,95.0,10.0,8.0,10.0,3,0,298.0,290.0,CONDITIONAL_PASS_CANDIDATE,,
S1-A-PTOX020.0-Z370.0-FX40.0-FY15.0-FZ70.0,1,A,80.0,370.0,40.0,15.0,70.0,83.75,275.0,180.0,0.0,0.0,105.0,10.0,8.0,10.0,3,0,298.0,290.0,CONDITIONAL_PASS_CANDIDATE,,
S1-A-PTOX020.0-Z370.0-FX40.0-FY15.0-FZ80.0,1,A,80.0,370.0,40.0,15.0,80.0,83.75,285.0,180.0,0.0,0.0,115.0,10.0,8.0,10.0,3,0,298.0,290.0,CONDITIONAL_PASS_CANDIDATE,,
S1-A-PTOX020.0-Z370.0-FX40.0-FY20.0-FZ00.0,1,A,80.0,370.0,40.0,20.0,0.0,88.75,205.0,180.0,4.75,5.0,35.0,10.0,12.0,14.75,5,0,298.0,290.0,CONDITIONAL_PASS_CANDIDATE,,
S1-A-PTOX020.0-Z370.0-FX40.0-FY20.0-FZ10.0,1,A,80.0,370.0,40.0,20.0,10.0,88.75,215.0,180.0,4.75,5.0,45.0,10.0,12.0,14.75,5,0,298.0,290.0,CONDITIONAL_PASS_CANDIDATE,,
S1-A-PTOX020.0-Z370.0-FX40.0-FY20.0-FZ20.0,1,A,80.0,370.0,40.0,20.0,20.0,88.75,225.0,180.0,4.75,5.0,55.0,10.0,12.0,14.75,5,0,298.0,290.0,CONDITIONAL_PASS_CANDIDATE,HIGH_ALTERNATIVE,
S1-A-PTOX020.0-Z370.0-FX40.0-FY20.0-FZ30.0,1,A,80.0,370.0,40.0,20.0,30.0,88.75,235.0,180.0,4.75,5.0,65.0,10.0,12.0,14.75,5,0,298.0,290.0,CONDITIONAL_PASS_CANDIDATE,,
S1-A-PTOX020.0-Z370.0-FX40.0-FY20.0-FZ40.0,1,A,80.0,370.0,40.0,20.0,40.0,88.75,245.0,180.0,4.75,5.0,75.0,10.0,12.0,14.75,3,0,298.0,290.0,CONDITIONAL_PASS_CANDIDATE,,
S1-A-PTOX020.0-Z370.0-FX40.0-FY20.0-FZ50.0,1,A,80.0,370.0,40.0,20.0,50.0,88.75,255.0,180.0,4.75,5.0,85.0,10.0,12.0,14.75,3,0,298.0,290.0,CONDITIONAL_PASS_CANDIDATE,,
S1-A-PTOX020.0-Z370.0-FX40.0-FY20.0-FZ60.0,1,A,80.0,370.0,40.0,20.0,60.0,88.75,265.0,180.0,4.75,5.0,95.0,10.0,12.0,14.75,3,0,298.0,290.0,CONDITIONAL_PASS_CANDIDATE,,
S1-A-PTOX020.0-Z370.0-FX40.0-FY20.0-FZ70.0,1,A,80.0,370.0,40.0,20.0,70.0,88.75,275.0,180.0,4.75,5.0,105.0,10.0,12.0,14.75,3,0,298.0,290.0,CONDITIONAL_PASS_CANDIDATE,,
S1-A-PTOX020.0-Z370.0-FX40.0-FY20.0-FZ80.0,1,A,80.0,370.0,40.0,20.0,80.0,88.75,285.0,180.0,4.75,5.0,115.0,10.0,12.0,14.75,3,0,298.0,290.0,CONDITIONAL_PASS_CANDIDATE,,
S1-A-PTOX020.0-Z370.0-FX40.0-FY25.0-FZ00.0,1,A,80.0,370.0,40.0,25.0,0.0,93.75,205.0,180.0,-0.25,10.0,35.0,10.0,7.75,9.75,3,0,298.0,290.0,FAIL,,BELT_SAFETY_ENVELOPE_INTERSECTS_FRAME
S1-A-PTOX020.0-Z370.0-FX40.0-FY25.0-FZ10.0,1,A,80.0,370.0,40.0,25.0,10.0,93.75,215.0,180.0,-0.25,10.0,45.0,10.0,7.75,9.75,3,0,298.0,290.0,FAIL,,BELT_SAFETY_ENVELOPE_INTERSECTS_FRAME
S1-A-PTOX020.0-Z370.0-FX40.0-FY25.0-FZ20.0,1,A,80.0,370.0,40.0,25.0,20.0,93.75,225.0,180.0,-0.25,10.0,55.0,10.0,7.75,9.75,3,0,298.0,290.0,FAIL,,BELT_SAFETY_ENVELOPE_INTERSECTS_FRAME
S1-A-PTOX020.0-Z370.0-FX40.0-FY25.0-FZ30.0,1,A,80.0,370.0,40.0,25.0,30.0,93.75,235.0,180.0,-0.25,10.0,65.0,10.0,7.75,9.75,3,0,298.0,290.0,FAIL,,BELT_SAFETY_ENVELOPE_INTERSECTS_FRAME
S1-A-PTOX020.0-Z370.0-FX40.0-FY25.0-FZ40.0,1,A,80.0,370.0,40.0,25.0,40.0,93.75,245.0,180.0,-0.25,10.0,75.0,10.0,7.75,9.75,3,0,298.0,290.0,FAIL,,BELT_SAFETY_ENVELOPE_INTERSECTS_FRAME
S1-A-PTOX020.0-Z370.0-FX40.0-FY25.0-FZ50.0,1,A,80.0,370.0,40.0,25.0,50.0,93.75,255.0,180.0,-0.25,10.0,85.0,10.0,7.75,9.75,3,0,298.0,290.0,FAIL,,BELT_SAFETY_ENVELOPE_INTERSECTS_FRAME
S1-A-PTOX020.0-Z370.0-FX40.0-FY25.0-FZ60.0,1,A,80.0,370.0,40.0,25.0,60.0,93.75,265.0,180.0,-0.25,10.0,95.0,10.0,7.75,9.75,3,0,298.0,290.0,FAIL,,BELT_SAFETY_ENVELOPE_INTERSECTS_FRAME
S1-A-PTOX020.0-Z370.0-FX40.0-FY25.0-FZ70.0,1,A,80.0,370.0,40.0,25.0,70.0,93.75,275.0,180.0,-0.25,10.0,105.0,10.0,7.75,9.75,3,0,298.0,290.0,FAIL,,BELT_SAFETY_ENVELOPE_INTERSECTS_FRAME
S1-A-PTOX020.0-Z370.0-FX40.0-FY25.0-FZ80.0,1,A,80.0,370.0,40.0,25.0,80.0,93.75,285.0,180.0,-0.25,10.0,115.0,10.0,7.75,9.75,3,0,298.0,290.0,FAIL,,BELT_SAFETY_ENVELOPE_INTERSECTS_FRAME
S1-A-PTOX020.0-Z370.0-FX40.0-FY30.0-FZ00.0,1,A,80.0,370.0,40.0,30.0,0.0,98.75,205.0,180.0,-5.25,15.0,35.0,10.0,2.75,4.75,3,0,298.0,290.0,FAIL,,BELT_SAFETY_ENVELOPE_INTERSECTS_FRAME
S1-A-PTOX020.0-Z370.0-FX40.0-FY30.0-FZ10.0,1,A,80.0,370.0,40.0,30.0,10.0,98.75,215.0,180.0,-5.25,15.0,45.0,10.0,2.75,4.75,3,0,298.0,290.0,FAIL,,BELT_SAFETY_ENVELOPE_INTERSECTS_FRAME
S1-A-PTOX020.0-Z370.0-FX40.0-FY30.0-FZ20.0,1,A,80.0,370.0,40.0,30.0,20.0,98.75,225.0,180.0,-5.25,15.0,55.0,10.0,2.75,4.75,3,0,298.0,290.0,FAIL,,BELT_SAFETY_ENVELOPE_INTERSECTS_FRAME
S1-A-PTOX020.0-Z370.0-FX40.0-FY30.0-FZ30.0,1,A,80.0,370.0,40.0,30.0,30.0,98.75,235.0,180.0,-5.25,15.0,65.0,10.0,2.75,4.75,3,0,298.0,290.0,FAIL,,BELT_SAFETY_ENVELOPE_INTERSECTS_FRAME
S1-A-PTOX020.0-Z370.0-FX40.0-FY30.0-FZ40.0,1,A,80.0,370.0,40.0,30.0,40.0,98.75,245.0,180.0,-5.25,15.0,75.0,10.0,2.75,4.75,3,0,298.0,290.0,FAIL,,BELT_SAFETY_ENVELOPE_INTERSECTS_FRAME
S1-A-PTOX020.0-Z370.0-FX40.0-FY30.0-FZ50.0,1,A,80.0,370.0,40.0,30.0,50.0,98.75,255.0,180.0,-5.25,15.0,85.0,10.0,2.75,4.75,3,0,298.0,290.0,FAIL,,BELT_SAFETY_ENVELOPE_INTERSECTS_FRAME
S1-A-PTOX020.0-Z370.0-FX40.0-FY30.0-FZ60.0,1,A,80.0,370.0,40.0,30.0,60.0,98.75,265.0,180.0,-5.25,15.0,95.0,10.0,2.75,4.75,3,0,298.0,290.0,FAIL,,BELT_SAFETY_ENVELOPE_INTERSECTS_FRAME
S1-A-PTOX020.0-Z370.0-FX40.0-FY30.0-FZ70.0,1,A,80.0,370.0,40.0,30.0,70.0,98.75,275.0,180.0,-5.25,15.0,105.0,10.0,2.75,4.75,3,0,298.0,290.0,FAIL,,BELT_SAFETY_ENVELOPE_INTERSECTS_FRAME
S1-A-PTOX020.0-Z370.0-FX40.0-FY30.0-FZ80.0,1,A,80.0,370.0,40.0,30.0,80.0,98.75,285.0,180.0,-5.25,15.0,115.0,10.0,2.75,4.75,3,0,298.0,290.0,FAIL,,BELT_SAFETY_ENVELOPE_INTERSECTS_FRAME
S1-A-PTOX020.0-Z370.0-FX50.0-FY00.0-FZ00.0,1,A,80.0,370.0,50.0,0.0,0.0,68.75,205.0,190.0,-15.0,-15.0,35.0,10.0,-7.0,-5.0,3,0,298.0,290.0,FAIL,,BELT_SAFETY_ENVELOPE_INTERSECTS_FRAME|PTO_ROTATION_ENVELOPE_INTERSECTS_FRAME
S1-A-PTOX020.0-Z370.0-FX50.0-FY00.0-FZ10.0,1,A,80.0,370.0,50.0,0.0,10.0,68.75,215.0,190.0,-15.0,-15.0,45.0,10.0,-7.0,-5.0,3,0,298.0,290.0,FAIL,,BELT_SAFETY_ENVELOPE_INTERSECTS_FRAME|PTO_ROTATION_ENVELOPE_INTERSECTS_FRAME
S1-A-PTOX020.0-Z370.0-FX50.0-FY00.0-FZ20.0,1,A,80.0,370.0,50.0,0.0,20.0,68.75,225.0,190.0,-15.0,-15.0,55.0,10.0,-7.0,-5.0,3,0,298.0,290.0,FAIL,,BELT_SAFETY_ENVELOPE_INTERSECTS_FRAME|PTO_ROTATION_ENVELOPE_INTERSECTS_FRAME
S1-A-PTOX020.0-Z370.0-FX50.0-FY00.0-FZ30.0,1,A,80.0,370.0,50.0,0.0,30.0,68.75,235.0,190.0,-15.0,-15.0,65.0,10.0,-7.0,-5.0,3,0,298.0,290.0,FAIL,,BELT_SAFETY_ENVELOPE_INTERSECTS_FRAME|PTO_ROTATION_ENVELOPE_INTERSECTS_FRAME
S1-A-PTOX020.0-Z370.0-FX50.0-FY00.0-FZ40.0,1,A,80.0,370.0,50.0,0.0,40.0,68.75,245.0,190.0,-15.0,-15.0,75.0,10.0,-7.0,-5.0,3,0,298.0,290.0,FAIL,,BELT_SAFETY_ENVELOPE_INTERSECTS_FRAME|PTO_ROTATION_ENVELOPE_INTERSECTS_FRAME
S1-A-PTOX020.0-Z370.0-FX50.0-FY00.0-FZ50.0,1,A,80.0,370.0,50.0,0.0,50.0,68.75,255.0,190.0,-15.0,-15.0,85.0,10.0,-7.0,-5.0,3,0,298.0,290.0,FAIL,,BELT_SAFETY_ENVELOPE_INTERSECTS_FRAME|PTO_ROTATION_ENVELOPE_INTERSECTS_FRAME
S1-A-PTOX020.0-Z370.0-FX50.0-FY00.0-FZ60.0,1,A,80.0,370.0,50.0,0.0,60.0,68.75,265.0,190.0,-15.0,-15.0,95.0,10.0,-7.0,-5.0,3,0,298.0,290.0,FAIL,,BELT_SAFETY_ENVELOPE_INTERSECTS_FRAME|PTO_ROTATION_ENVELOPE_INTERSECTS_FRAME
S1-A-PTOX020.0-Z370.0-FX50.0-FY00.0-FZ70.0,1,A,80.0,370.0,50.0,0.0,70.0,68.75,275.0,190.0,-15.0,-15.0,105.0,10.0,-7.0,-5.0,3,0,298.0,290.0,FAIL,,BELT_SAFETY_ENVELOPE_INTERSECTS_FRAME|PTO_ROTATION_ENVELOPE_INTERSECTS_FRAME
S1-A-PTOX020.0-Z370.0-FX50.0-FY00.0-FZ80.0,1,A,80.0,370.0,50.0,0.0,80.0,68.75,285.0,190.0,-15.0,-15.0,115.0,10.0,-7.0,-5.0,3,0,298.0,290.0,FAIL,,BELT_SAFETY_ENVELOPE_INTERSECTS_FRAME|PTO_ROTATION_ENVELOPE_INTERSECTS_FRAME
S1-A-PTOX020.0-Z370.0-FX50.0-FY05.0-FZ00.0,1,A,80.0,370.0,50.0,5.0,0.0,73.75,205.0,190.0,-10.0,-10.0,35.0,10.0,-2.0,0.0,3,0,298.0,290.0,FAIL,,BELT_SAFETY_ENVELOPE_INTERSECTS_FRAME|PTO_ROTATION_ENVELOPE_INTERSECTS_FRAME
S1-A-PTOX020.0-Z370.0-FX50.0-FY05.0-FZ10.0,1,A,80.0,370.0,50.0,5.0,10.0,73.75,215.0,190.0,-10.0,-10.0,45.0,10.0,-2.0,0.0,3,0,298.0,290.0,FAIL,,BELT_SAFETY_ENVELOPE_INTERSECTS_FRAME|PTO_ROTATION_ENVELOPE_INTERSECTS_FRAME
S1-A-PTOX020.0-Z370.0-FX50.0-FY05.0-FZ20.0,1,A,80.0,370.0,50.0,5.0,20.0,73.75,225.0,190.0,-10.0,-10.0,55.0,10.0,-2.0,0.0,3,0,298.0,290.0,FAIL,,BELT_SAFETY_ENVELOPE_INTERSECTS_FRAME|PTO_ROTATION_ENVELOPE_INTERSECTS_FRAME
S1-A-PTOX020.0-Z370.0-FX50.0-FY05.0-FZ30.0,1,A,80.0,370.0,50.0,5.0,30.0,73.75,235.0,190.0,-10.0,-10.0,65.0,10.0,-2.0,0.0,3,0,298.0,290.0,FAIL,,BELT_SAFETY_ENVELOPE_INTERSECTS_FRAME|PTO_ROTATION_ENVELOPE_INTERSECTS_FRAME
S1-A-PTOX020.0-Z370.0-FX50.0-FY05.0-FZ40.0,1,A,80.0,370.0,50.0,5.0,40.0,73.75,245.0,190.0,-10.0,-10.0,75.0,10.0,-2.0,0.0,3,0,298.0,290.0,FAIL,,BELT_SAFETY_ENVELOPE_INTERSECTS_FRAME|PTO_ROTATION_ENVELOPE_INTERSECTS_FRAME
S1-A-PTOX020.0-Z370.0-FX50.0-FY05.0-FZ50.0,1,A,80.0,370.0,50.0,5.0,50.0,73.75,255.0,190.0,-10.0,-10.0,85.0,10.0,-2.0,0.0,3,0,298.0,290.0,FAIL,,BELT_SAFETY_ENVELOPE_INTERSECTS_FRAME|PTO_ROTATION_ENVELOPE_INTERSECTS_FRAME
S1-A-PTOX020.0-Z370.0-FX50.0-FY05.0-FZ60.0,1,A,80.0,370.0,50.0,5.0,60.0,73.75,265.0,190.0,-10.0,-10.0,95.0,10.0,-2.0,0.0,3,0,298.0,290.0,FAIL,,BELT_SAFETY_ENVELOPE_INTERSECTS_FRAME|PTO_ROTATION_ENVELOPE_INTERSECTS_FRAME
S1-A-PTOX020.0-Z370.0-FX50.0-FY05.0-FZ70.0,1,A,80.0,370.0,50.0,5.0,70.0,73.75,275.0,190.0,-10.0,-10.0,105.0,10.0,-2.0,0.0,3,0,298.0,290.0,FAIL,,BELT_SAFETY_ENVELOPE_INTERSECTS_FRAME|PTO_ROTATION_ENVELOPE_INTERSECTS_FRAME
S1-A-PTOX020.0-Z370.0-FX50.0-FY05.0-FZ80.0,1,A,80.0,370.0,50.0,5.0,80.0,73.75,285.0,190.0,-10.0,-10.0,115.0,10.0,-2.0,0.0,3,0,298.0,290.0,FAIL,,BELT_SAFETY_ENVELOPE_INTERSECTS_FRAME|PTO_ROTATION_ENVELOPE_INTERSECTS_FRAME
S1-A-PTOX020.0-Z370.0-FX50.0-FY10.0-FZ00.0,1,A,80.0,370.0,50.0,10.0,0.0,78.75,205.0,190.0,-5.0,-5.0,35.0,10.0,3.0,5.0,3,0,298.0,290.0,FAIL,,BELT_SAFETY_ENVELOPE_INTERSECTS_FRAME|PTO_ROTATION_ENVELOPE_INTERSECTS_FRAME
S1-A-PTOX020.0-Z370.0-FX50.0-FY10.0-FZ10.0,1,A,80.0,370.0,50.0,10.0,10.0,78.75,215.0,190.0,-5.0,-5.0,45.0,10.0,3.0,5.0,3,0,298.0,290.0,FAIL,,BELT_SAFETY_ENVELOPE_INTERSECTS_FRAME|PTO_ROTATION_ENVELOPE_INTERSECTS_FRAME
S1-A-PTOX020.0-Z370.0-FX50.0-FY10.0-FZ20.0,1,A,80.0,370.0,50.0,10.0,20.0,78.75,225.0,190.0,-5.0,-5.0,55.0,10.0,3.0,5.0,3,0,298.0,290.0,FAIL,,BELT_SAFETY_ENVELOPE_INTERSECTS_FRAME|PTO_ROTATION_ENVELOPE_INTERSECTS_FRAME
S1-A-PTOX020.0-Z370.0-FX50.0-FY10.0-FZ30.0,1,A,80.0,370.0,50.0,10.0,30.0,78.75,235.0,190.0,-5.0,-5.0,65.0,10.0,3.0,5.0,3,0,298.0,290.0,FAIL,,BELT_SAFETY_ENVELOPE_INTERSECTS_FRAME|PTO_ROTATION_ENVELOPE_INTERSECTS_FRAME
S1-A-PTOX020.0-Z370.0-FX50.0-FY10.0-FZ40.0,1,A,80.0,370.0,50.0,10.0,40.0,78.75,245.0,190.0,-5.0,-5.0,75.0,10.0,3.0,5.0,3,0,298.0,290.0,FAIL,,BELT_SAFETY_ENVELOPE_INTERSECTS_FRAME|PTO_ROTATION_ENVELOPE_INTERSECTS_FRAME
S1-A-PTOX020.0-Z370.0-FX50.0-FY10.0-FZ50.0,1,A,80.0,370.0,50.0,10.0,50.0,78.75,255.0,190.0,-5.0,-5.0,85.0,10.0,3.0,5.0,3,0,298.0,290.0,FAIL,,BELT_SAFETY_ENVELOPE_INTERSECTS_FRAME|PTO_ROTATION_ENVELOPE_INTERSECTS_FRAME
S1-A-PTOX020.0-Z370.0-FX50.0-FY10.0-FZ60.0,1,A,80.0,370.0,50.0,10.0,60.0,78.75,265.0,190.0,-5.0,-5.0,95.0,10.0,3.0,5.0,3,0,298.0,290.0,FAIL,,BELT_SAFETY_ENVELOPE_INTERSECTS_FRAME|PTO_ROTATION_ENVELOPE_INTERSECTS_FRAME
S1-A-PTOX020.0-Z370.0-FX50.0-FY10.0-FZ70.0,1,A,80.0,370.0,50.0,10.0,70.0,78.75,275.0,190.0,-5.0,-5.0,105.0,10.0,3.0,5.0,3,0,298.0,290.0,FAIL,,BELT_SAFETY_ENVELOPE_INTERSECTS_FRAME|PTO_ROTATION_ENVELOPE_INTERSECTS_FRAME
S1-A-PTOX020.0-Z370.0-FX50.0-FY10.0-FZ80.0,1,A,80.0,370.0,50.0,10.0,80.0,78.75,285.0,190.0,-5.0,-5.0,115.0,10.0,3.0,5.0,3,0,298.0,290.0,FAIL,,BELT_SAFETY_ENVELOPE_INTERSECTS_FRAME|PTO_ROTATION_ENVELOPE_INTERSECTS_FRAME
S1-A-PTOX020.0-Z370.0-FX50.0-FY15.0-FZ00.0,1,A,80.0,370.0,50.0,15.0,0.0,83.75,205.0,190.0,0.0,0.0,35.0,10.0,8.0,10.0,5,0,298.0,290.0,CONDITIONAL_PASS_CANDIDATE,,
S1-A-PTOX020.0-Z370.0-FX50.0-FY15.0-FZ10.0,1,A,80.0,370.0,50.0,15.0,10.0,83.75,215.0,190.0,0.0,0.0,45.0,10.0,8.0,10.0,5,0,298.0,290.0,CONDITIONAL_PASS_CANDIDATE,,
S1-A-PTOX020.0-Z370.0-FX50.0-FY15.0-FZ20.0,1,A,80.0,370.0,50.0,15.0,20.0,83.75,225.0,190.0,0.0,0.0,55.0,10.0,8.0,10.0,5,0,298.0,290.0,CONDITIONAL_PASS_CANDIDATE,,
S1-A-PTOX020.0-Z370.0-FX50.0-FY15.0-FZ30.0,1,A,80.0,370.0,50.0,15.0,30.0,83.75,235.0,190.0,0.0,0.0,65.0,10.0,8.0,10.0,5,0,298.0,290.0,CONDITIONAL_PASS_CANDIDATE,,
S1-A-PTOX020.0-Z370.0-FX50.0-FY15.0-FZ40.0,1,A,80.0,370.0,50.0,15.0,40.0,83.75,245.0,190.0,0.0,0.0,75.0,10.0,8.0,10.0,3,0,298.0,290.0,CONDITIONAL_PASS_CANDIDATE,,
S1-A-PTOX020.0-Z370.0-FX50.0-FY15.0-FZ50.0,1,A,80.0,370.0,50.0,15.0,50.0,83.75,255.0,190.0,0.0,0.0,85.0,10.0,8.0,10.0,3,0,298.0,290.0,CONDITIONAL_PASS_CANDIDATE,,
S1-A-PTOX020.0-Z370.0-FX50.0-FY15.0-FZ60.0,1,A,80.0,370.0,50.0,15.0,60.0,83.75,265.0,190.0,0.0,0.0,95.0,10.0,8.0,10.0,3,0,298.0,290.0,CONDITIONAL_PASS_CANDIDATE,,
S1-A-PTOX020.0-Z370.0-FX50.0-FY15.0-FZ70.0,1,A,80.0,370.0,50.0,15.0,70.0,83.75,275.0,190.0,0.0,0.0,105.0,10.0,8.0,10.0,3,0,298.0,290.0,CONDITIONAL_PASS_CANDIDATE,,
S1-A-PTOX020.0-Z370.0-FX50.0-FY15.0-FZ80.0,1,A,80.0,370.0,50.0,15.0,80.0,83.75,285.0,190.0,0.0,0.0,115.0,10.0,8.0,10.0,3,0,298.0,290.0,CONDITIONAL_PASS_CANDIDATE,,
S1-A-PTOX020.0-Z370.0-FX50.0-FY20.0-FZ00.0,1,A,80.0,370.0,50.0,20.0,0.0,88.75,205.0,190.0,4.75,5.0,35.0,10.0,12.0,14.75,5,0,298.0,290.0,CONDITIONAL_PASS_CANDIDATE,,
S1-A-PTOX020.0-Z370.0-FX50.0-FY20.0-FZ10.0,1,A,80.0,370.0,50.0,20.0,10.0,88.75,215.0,190.0,4.75,5.0,45.0,10.0,12.0,14.75,5,0,298.0,290.0,CONDITIONAL_PASS_CANDIDATE,,
S1-A-PTOX020.0-Z370.0-FX50.0-FY20.0-FZ20.0,1,A,80.0,370.0,50.0,20.0,20.0,88.75,225.0,190.0,4.75,5.0,55.0,10.0,12.0,14.75,5,0,298.0,290.0,CONDITIONAL_PASS_CANDIDATE,,
S1-A-PTOX020.0-Z370.0-FX50.0-FY20.0-FZ30.0,1,A,80.0,370.0,50.0,20.0,30.0,88.75,235.0,190.0,4.75,5.0,65.0,10.0,12.0,14.75,5,0,298.0,290.0,CONDITIONAL_PASS_CANDIDATE,,
S1-A-PTOX020.0-Z370.0-FX50.0-FY20.0-FZ40.0,1,A,80.0,370.0,50.0,20.0,40.0,88.75,245.0,190.0,4.75,5.0,75.0,10.0,12.0,14.75,3,0,298.0,290.0,CONDITIONAL_PASS_CANDIDATE,,
S1-A-PTOX020.0-Z370.0-FX50.0-FY20.0-FZ50.0,1,A,80.0,370.0,50.0,20.0,50.0,88.75,255.0,190.0,4.75,5.0,85.0,10.0,12.0,14.75,3,0,298.0,290.0,CONDITIONAL_PASS_CANDIDATE,,
S1-A-PTOX020.0-Z370.0-FX50.0-FY20.0-FZ60.0,1,A,80.0,370.0,50.0,20.0,60.0,88.75,265.0,190.0,4.75,5.0,95.0,10.0,12.0,14.75,3,0,298.0,290.0,CONDITIONAL_PASS_CANDIDATE,,
S1-A-PTOX020.0-Z370.0-FX50.0-FY20.0-FZ70.0,1,A,80.0,370.0,50.0,20.0,70.0,88.75,275.0,190.0,4.75,5.0,105.0,10.0,12.0,14.75,3,0,298.0,290.0,CONDITIONAL_PASS_CANDIDATE,,
S1-A-PTOX020.0-Z370.0-FX50.0-FY20.0-FZ80.0,1,A,80.0,370.0,50.0,20.0,80.0,88.75,285.0,190.0,4.75,5.0,115.0,10.0,12.0,14.75,3,0,298.0,290.0,CONDITIONAL_PASS_CANDIDATE,,
S1-A-PTOX020.0-Z370.0-FX50.0-FY25.0-FZ00.0,1,A,80.0,370.0,50.0,25.0,0.0,93.75,205.0,190.0,-0.25,10.0,35.0,10.0,7.75,9.75,3,0,298.0,290.0,FAIL,,BELT_SAFETY_ENVELOPE_INTERSECTS_FRAME
S1-A-PTOX020.0-Z370.0-FX50.0-FY25.0-FZ10.0,1,A,80.0,370.0,50.0,25.0,10.0,93.75,215.0,190.0,-0.25,10.0,45.0,10.0,7.75,9.75,3,0,298.0,290.0,FAIL,,BELT_SAFETY_ENVELOPE_INTERSECTS_FRAME
S1-A-PTOX020.0-Z370.0-FX50.0-FY25.0-FZ20.0,1,A,80.0,370.0,50.0,25.0,20.0,93.75,225.0,190.0,-0.25,10.0,55.0,10.0,7.75,9.75,3,0,298.0,290.0,FAIL,,BELT_SAFETY_ENVELOPE_INTERSECTS_FRAME
S1-A-PTOX020.0-Z370.0-FX50.0-FY25.0-FZ30.0,1,A,80.0,370.0,50.0,25.0,30.0,93.75,235.0,190.0,-0.25,10.0,65.0,10.0,7.75,9.75,3,0,298.0,290.0,FAIL,,BELT_SAFETY_ENVELOPE_INTERSECTS_FRAME
S1-A-PTOX020.0-Z370.0-FX50.0-FY25.0-FZ40.0,1,A,80.0,370.0,50.0,25.0,40.0,93.75,245.0,190.0,-0.25,10.0,75.0,10.0,7.75,9.75,3,0,298.0,290.0,FAIL,,BELT_SAFETY_ENVELOPE_INTERSECTS_FRAME
S1-A-PTOX020.0-Z370.0-FX50.0-FY25.0-FZ50.0,1,A,80.0,370.0,50.0,25.0,50.0,93.75,255.0,190.0,-0.25,10.0,85.0,10.0,7.75,9.75,3,0,298.0,290.0,FAIL,,BELT_SAFETY_ENVELOPE_INTERSECTS_FRAME
S1-A-PTOX020.0-Z370.0-FX50.0-FY25.0-FZ60.0,1,A,80.0,370.0,50.0,25.0,60.0,93.75,265.0,190.0,-0.25,10.0,95.0,10.0,7.75,9.75,3,0,298.0,290.0,FAIL,,BELT_SAFETY_ENVELOPE_INTERSECTS_FRAME
S1-A-PTOX020.0-Z370.0-FX50.0-FY25.0-FZ70.0,1,A,80.0,370.0,50.0,25.0,70.0,93.75,275.0,190.0,-0.25,10.0,105.0,10.0,7.75,9.75,3,0,298.0,290.0,FAIL,,BELT_SAFETY_ENVELOPE_INTERSECTS_FRAME
S1-A-PTOX020.0-Z370.0-FX50.0-FY25.0-FZ80.0,1,A,80.0,370.0,50.0,25.0,80.0,93.75,285.0,190.0,-0.25,10.0,115.0,10.0,7.75,9.75,3,0,298.0,290.0,FAIL,,BELT_SAFETY_ENVELOPE_INTERSECTS_FRAME
S1-A-PTOX020.0-Z370.0-FX50.0-FY30.0-FZ00.0,1,A,80.0,370.0,50.0,30.0,0.0,98.75,205.0,190.0,-5.25,15.0,35.0,10.0,2.75,4.75,3,0,298.0,290.0,FAIL,,BELT_SAFETY_ENVELOPE_INTERSECTS_FRAME
S1-A-PTOX020.0-Z370.0-FX50.0-FY30.0-FZ10.0,1,A,80.0,370.0,50.0,30.0,10.0,98.75,215.0,190.0,-5.25,15.0,45.0,10.0,2.75,4.75,3,0,298.0,290.0,FAIL,,BELT_SAFETY_ENVELOPE_INTERSECTS_FRAME
S1-A-PTOX020.0-Z370.0-FX50.0-FY30.0-FZ20.0,1,A,80.0,370.0,50.0,30.0,20.0,98.75,225.0,190.0,-5.25,15.0,55.0,10.0,2.75,4.75,3,0,298.0,290.0,FAIL,,BELT_SAFETY_ENVELOPE_INTERSECTS_FRAME
S1-A-PTOX020.0-Z370.0-FX50.0-FY30.0-FZ30.0,1,A,80.0,370.0,50.0,30.0,30.0,98.75,235.0,190.0,-5.25,15.0,65.0,10.0,2.75,4.75,3,0,298.0,290.0,FAIL,,BELT_SAFETY_ENVELOPE_INTERSECTS_FRAME
S1-A-PTOX020.0-Z370.0-FX50.0-FY30.0-FZ40.0,1,A,80.0,370.0,50.0,30.0,40.0,98.75,245.0,190.0,-5.25,15.0,75.0,10.0,2.75,4.75,3,0,298.0,290.0,FAIL,,BELT_SAFETY_ENVELOPE_INTERSECTS_FRAME
S1-A-PTOX020.0-Z370.0-FX50.0-FY30.0-FZ50.0,1,A,80.0,370.0,50.0,30.0,50.0,98.75,255.0,190.0,-5.25,15.0,85.0,10.0,2.75,4.75,3,0,298.0,290.0,FAIL,,BELT_SAFETY_ENVELOPE_INTERSECTS_FRAME
S1-A-PTOX020.0-Z370.0-FX50.0-FY30.0-FZ60.0,1,A,80.0,370.0,50.0,30.0,60.0,98.75,265.0,190.0,-5.25,15.0,95.0,10.0,2.75,4.75,3,0,298.0,290.0,FAIL,,BELT_SAFETY_ENVELOPE_INTERSECTS_FRAME
S1-A-PTOX020.0-Z370.0-FX50.0-FY30.0-FZ70.0,1,A,80.0,370.0,50.0,30.0,70.0,98.75,275.0,190.0,-5.25,15.0,105.0,10.0,2.75,4.75,3,0,298.0,290.0,FAIL,,BELT_SAFETY_ENVELOPE_INTERSECTS_FRAME
S1-A-PTOX020.0-Z370.0-FX50.0-FY30.0-FZ80.0,1,A,80.0,370.0,50.0,30.0,80.0,98.75,285.0,190.0,-5.25,15.0,115.0,10.0,2.75,4.75,3,0,298.0,290.0,FAIL,,BELT_SAFETY_ENVELOPE_INTERSECTS_FRAME
S1-A-PTOX020.0-Z370.0-FX60.0-FY00.0-FZ00.0,1,A,80.0,370.0,60.0,0.0,0.0,68.75,205.0,200.0,-15.0,-15.0,35.0,10.0,-7.0,-5.0,3,0,298.0,290.0,FAIL,,BELT_SAFETY_ENVELOPE_INTERSECTS_FRAME|PTO_ROTATION_ENVELOPE_INTERSECTS_FRAME
S1-A-PTOX020.0-Z370.0-FX60.0-FY00.0-FZ10.0,1,A,80.0,370.0,60.0,0.0,10.0,68.75,215.0,200.0,-15.0,-15.0,45.0,10.0,-7.0,-5.0,3,0,298.0,290.0,FAIL,,BELT_SAFETY_ENVELOPE_INTERSECTS_FRAME|PTO_ROTATION_ENVELOPE_INTERSECTS_FRAME
S1-A-PTOX020.0-Z370.0-FX60.0-FY00.0-FZ20.0,1,A,80.0,370.0,60.0,0.0,20.0,68.75,225.0,200.0,-15.0,-15.0,55.0,10.0,-7.0,-5.0,3,0,298.0,290.0,FAIL,,BELT_SAFETY_ENVELOPE_INTERSECTS_FRAME|PTO_ROTATION_ENVELOPE_INTERSECTS_FRAME
S1-A-PTOX020.0-Z370.0-FX60.0-FY00.0-FZ30.0,1,A,80.0,370.0,60.0,0.0,30.0,68.75,235.0,200.0,-15.0,-15.0,65.0,10.0,-7.0,-5.0,3,0,298.0,290.0,FAIL,,BELT_SAFETY_ENVELOPE_INTERSECTS_FRAME|PTO_ROTATION_ENVELOPE_INTERSECTS_FRAME
S1-A-PTOX020.0-Z370.0-FX60.0-FY00.0-FZ40.0,1,A,80.0,370.0,60.0,0.0,40.0,68.75,245.0,200.0,-15.0,-15.0,75.0,10.0,-7.0,-5.0,3,0,298.0,290.0,FAIL,,BELT_SAFETY_ENVELOPE_INTERSECTS_FRAME|PTO_ROTATION_ENVELOPE_INTERSECTS_FRAME
S1-A-PTOX020.0-Z370.0-FX60.0-FY00.0-FZ50.0,1,A,80.0,370.0,60.0,0.0,50.0,68.75,255.0,200.0,-15.0,-15.0,85.0,10.0,-7.0,-5.0,3,0,298.0,290.0,FAIL,,BELT_SAFETY_ENVELOPE_INTERSECTS_FRAME|PTO_ROTATION_ENVELOPE_INTERSECTS_FRAME
S1-A-PTOX020.0-Z370.0-FX60.0-FY00.0-FZ60.0,1,A,80.0,370.0,60.0,0.0,60.0,68.75,265.0,200.0,-15.0,-15.0,95.0,10.0,-7.0,-5.0,3,0,298.0,290.0,FAIL,,BELT_SAFETY_ENVELOPE_INTERSECTS_FRAME|PTO_ROTATION_ENVELOPE_INTERSECTS_FRAME
S1-A-PTOX020.0-Z370.0-FX60.0-FY00.0-FZ70.0,1,A,80.0,370.0,60.0,0.0,70.0,68.75,275.0,200.0,-15.0,-15.0,105.0,10.0,-7.0,-5.0,3,0,298.0,290.0,FAIL,,BELT_SAFETY_ENVELOPE_INTERSECTS_FRAME|PTO_ROTATION_ENVELOPE_INTERSECTS_FRAME
S1-A-PTOX020.0-Z370.0-FX60.0-FY00.0-FZ80.0,1,A,80.0,370.0,60.0,0.0,80.0,68.75,285.0,200.0,-15.0,-15.0,115.0,10.0,-7.0,-5.0,3,0,298.0,290.0,FAIL,,BELT_SAFETY_ENVELOPE_INTERSECTS_FRAME|PTO_ROTATION_ENVELOPE_INTERSECTS_FRAME
S1-A-PTOX020.0-Z370.0-FX60.0-FY05.0-FZ00.0,1,A,80.0,370.0,60.0,5.0,0.0,73.75,205.0,200.0,-10.0,-10.0,35.0,10.0,-2.0,0.0,3,0,298.0,290.0,FAIL,,BELT_SAFETY_ENVELOPE_INTERSECTS_FRAME|PTO_ROTATION_ENVELOPE_INTERSECTS_FRAME
S1-A-PTOX020.0-Z370.0-FX60.0-FY05.0-FZ10.0,1,A,80.0,370.0,60.0,5.0,10.0,73.75,215.0,200.0,-10.0,-10.0,45.0,10.0,-2.0,0.0,3,0,298.0,290.0,FAIL,,BELT_SAFETY_ENVELOPE_INTERSECTS_FRAME|PTO_ROTATION_ENVELOPE_INTERSECTS_FRAME
S1-A-PTOX020.0-Z370.0-FX60.0-FY05.0-FZ20.0,1,A,80.0,370.0,60.0,5.0,20.0,73.75,225.0,200.0,-10.0,-10.0,55.0,10.0,-2.0,0.0,3,0,298.0,290.0,FAIL,,BELT_SAFETY_ENVELOPE_INTERSECTS_FRAME|PTO_ROTATION_ENVELOPE_INTERSECTS_FRAME
S1-A-PTOX020.0-Z370.0-FX60.0-FY05.0-FZ30.0,1,A,80.0,370.0,60.0,5.0,30.0,73.75,235.0,200.0,-10.0,-10.0,65.0,10.0,-2.0,0.0,3,0,298.0,290.0,FAIL,,BELT_SAFETY_ENVELOPE_INTERSECTS_FRAME|PTO_ROTATION_ENVELOPE_INTERSECTS_FRAME
S1-A-PTOX020.0-Z370.0-FX60.0-FY05.0-FZ40.0,1,A,80.0,370.0,60.0,5.0,40.0,73.75,245.0,200.0,-10.0,-10.0,75.0,10.0,-2.0,0.0,3,0,298.0,290.0,FAIL,,BELT_SAFETY_ENVELOPE_INTERSECTS_FRAME|PTO_ROTATION_ENVELOPE_INTERSECTS_FRAME
S1-A-PTOX020.0-Z370.0-FX60.0-FY05.0-FZ50.0,1,A,80.0,370.0,60.0,5.0,50.0,73.75,255.0,200.0,-10.0,-10.0,85.0,10.0,-2.0,0.0,3,0,298.0,290.0,FAIL,,BELT_SAFETY_ENVELOPE_INTERSECTS_FRAME|PTO_ROTATION_ENVELOPE_INTERSECTS_FRAME
S1-A-PTOX020.0-Z370.0-FX60.0-FY05.0-FZ60.0,1,A,80.0,370.0,60.0,5.0,60.0,73.75,265.0,200.0,-10.0,-10.0,95.0,10.0,-2.0,0.0,3,0,298.0,290.0,FAIL,,BELT_SAFETY_ENVELOPE_INTERSECTS_FRAME|PTO_ROTATION_ENVELOPE_INTERSECTS_FRAME
S1-A-PTOX020.0-Z370.0-FX60.0-FY05.0-FZ70.0,1,A,80.0,370.0,60.0,5.0,70.0,73.75,275.0,200.0,-10.0,-10.0,105.0,10.0,-2.0,0.0,3,0,298.0,290.0,FAIL,,BELT_SAFETY_ENVELOPE_INTERSECTS_FRAME|PTO_ROTATION_ENVELOPE_INTERSECTS_FRAME
S1-A-PTOX020.0-Z370.0-FX60.0-FY05.0-FZ80.0,1,A,80.0,370.0,60.0,5.0,80.0,73.75,285.0,200.0,-10.0,-10.0,115.0,10.0,-2.0,0.0,3,0,298.0,290.0,FAIL,,BELT_SAFETY_ENVELOPE_INTERSECTS_FRAME|PTO_ROTATION_ENVELOPE_INTERSECTS_FRAME
S1-A-PTOX020.0-Z370.0-FX60.0-FY10.0-FZ00.0,1,A,80.0,370.0,60.0,10.0,0.0,78.75,205.0,200.0,-5.0,-5.0,35.0,10.0,3.0,5.0,3,0,298.0,290.0,FAIL,,BELT_SAFETY_ENVELOPE_INTERSECTS_FRAME|PTO_ROTATION_ENVELOPE_INTERSECTS_FRAME
S1-A-PTOX020.0-Z370.0-FX60.0-FY10.0-FZ10.0,1,A,80.0,370.0,60.0,10.0,10.0,78.75,215.0,200.0,-5.0,-5.0,45.0,10.0,3.0,5.0,3,0,298.0,290.0,FAIL,,BELT_SAFETY_ENVELOPE_INTERSECTS_FRAME|PTO_ROTATION_ENVELOPE_INTERSECTS_FRAME
S1-A-PTOX020.0-Z370.0-FX60.0-FY10.0-FZ20.0,1,A,80.0,370.0,60.0,10.0,20.0,78.75,225.0,200.0,-5.0,-5.0,55.0,10.0,3.0,5.0,3,0,298.0,290.0,FAIL,,BELT_SAFETY_ENVELOPE_INTERSECTS_FRAME|PTO_ROTATION_ENVELOPE_INTERSECTS_FRAME
S1-A-PTOX020.0-Z370.0-FX60.0-FY10.0-FZ30.0,1,A,80.0,370.0,60.0,10.0,30.0,78.75,235.0,200.0,-5.0,-5.0,65.0,10.0,3.0,5.0,3,0,298.0,290.0,FAIL,,BELT_SAFETY_ENVELOPE_INTERSECTS_FRAME|PTO_ROTATION_ENVELOPE_INTERSECTS_FRAME
S1-A-PTOX020.0-Z370.0-FX60.0-FY10.0-FZ40.0,1,A,80.0,370.0,60.0,10.0,40.0,78.75,245.0,200.0,-5.0,-5.0,75.0,10.0,3.0,5.0,3,0,298.0,290.0,FAIL,,BELT_SAFETY_ENVELOPE_INTERSECTS_FRAME|PTO_ROTATION_ENVELOPE_INTERSECTS_FRAME
S1-A-PTOX020.0-Z370.0-FX60.0-FY10.0-FZ50.0,1,A,80.0,370.0,60.0,10.0,50.0,78.75,255.0,200.0,-5.0,-5.0,85.0,10.0,3.0,5.0,3,0,298.0,290.0,FAIL,,BELT_SAFETY_ENVELOPE_INTERSECTS_FRAME|PTO_ROTATION_ENVELOPE_INTERSECTS_FRAME
S1-A-PTOX020.0-Z370.0-FX60.0-FY10.0-FZ60.0,1,A,80.0,370.0,60.0,10.0,60.0,78.75,265.0,200.0,-5.0,-5.0,95.0,10.0,3.0,5.0,3,0,298.0,290.0,FAIL,,BELT_SAFETY_ENVELOPE_INTERSECTS_FRAME|PTO_ROTATION_ENVELOPE_INTERSECTS_FRAME
S1-A-PTOX020.0-Z370.0-FX60.0-FY10.0-FZ70.0,1,A,80.0,370.0,60.0,10.0,70.0,78.75,275.0,200.0,-5.0,-5.0,105.0,10.0,3.0,5.0,3,0,298.0,290.0,FAIL,,BELT_SAFETY_ENVELOPE_INTERSECTS_FRAME|PTO_ROTATION_ENVELOPE_INTERSECTS_FRAME
S1-A-PTOX020.0-Z370.0-FX60.0-FY10.0-FZ80.0,1,A,80.0,370.0,60.0,10.0,80.0,78.75,285.0,200.0,-5.0,-5.0,115.0,10.0,3.0,5.0,3,0,298.0,290.0,FAIL,,BELT_SAFETY_ENVELOPE_INTERSECTS_FRAME|PTO_ROTATION_ENVELOPE_INTERSECTS_FRAME
S1-A-PTOX020.0-Z370.0-FX60.0-FY15.0-FZ00.0,1,A,80.0,370.0,60.0,15.0,0.0,83.75,205.0,200.0,0.0,0.0,35.0,10.0,8.0,10.0,5,0,298.0,290.0,CONDITIONAL_PASS_CANDIDATE,,
S1-A-PTOX020.0-Z370.0-FX60.0-FY15.0-FZ10.0,1,A,80.0,370.0,60.0,15.0,10.0,83.75,215.0,200.0,0.0,0.0,45.0,10.0,8.0,10.0,5,0,298.0,290.0,CONDITIONAL_PASS_CANDIDATE,,
S1-A-PTOX020.0-Z370.0-FX60.0-FY15.0-FZ20.0,1,A,80.0,370.0,60.0,15.0,20.0,83.75,225.0,200.0,0.0,0.0,55.0,10.0,8.0,10.0,5,0,298.0,290.0,CONDITIONAL_PASS_CANDIDATE,,
S1-A-PTOX020.0-Z370.0-FX60.0-FY15.0-FZ30.0,1,A,80.0,370.0,60.0,15.0,30.0,83.75,235.0,200.0,0.0,0.0,65.0,10.0,8.0,10.0,5,0,298.0,290.0,CONDITIONAL_PASS_CANDIDATE,,
S1-A-PTOX020.0-Z370.0-FX60.0-FY15.0-FZ40.0,1,A,80.0,370.0,60.0,15.0,40.0,83.75,245.0,200.0,0.0,0.0,75.0,10.0,8.0,10.0,3,0,298.0,290.0,CONDITIONAL_PASS_CANDIDATE,,
S1-A-PTOX020.0-Z370.0-FX60.0-FY15.0-FZ50.0,1,A,80.0,370.0,60.0,15.0,50.0,83.75,255.0,200.0,0.0,0.0,85.0,10.0,8.0,10.0,3,0,298.0,290.0,CONDITIONAL_PASS_CANDIDATE,,
S1-A-PTOX020.0-Z370.0-FX60.0-FY15.0-FZ60.0,1,A,80.0,370.0,60.0,15.0,60.0,83.75,265.0,200.0,0.0,0.0,95.0,10.0,8.0,10.0,3,0,298.0,290.0,CONDITIONAL_PASS_CANDIDATE,,
S1-A-PTOX020.0-Z370.0-FX60.0-FY15.0-FZ70.0,1,A,80.0,370.0,60.0,15.0,70.0,83.75,275.0,200.0,0.0,0.0,105.0,10.0,8.0,10.0,3,0,298.0,290.0,CONDITIONAL_PASS_CANDIDATE,,
S1-A-PTOX020.0-Z370.0-FX60.0-FY15.0-FZ80.0,1,A,80.0,370.0,60.0,15.0,80.0,83.75,285.0,200.0,0.0,0.0,115.0,10.0,8.0,10.0,3,0,298.0,290.0,CONDITIONAL_PASS_CANDIDATE,,
S1-A-PTOX020.0-Z370.0-FX60.0-FY20.0-FZ00.0,1,A,80.0,370.0,60.0,20.0,0.0,88.75,205.0,200.0,4.75,5.0,35.0,10.0,12.0,14.75,5,0,298.0,290.0,CONDITIONAL_PASS_CANDIDATE,,
S1-A-PTOX020.0-Z370.0-FX60.0-FY20.0-FZ10.0,1,A,80.0,370.0,60.0,20.0,10.0,88.75,215.0,200.0,4.75,5.0,45.0,10.0,12.0,14.75,5,0,298.0,290.0,CONDITIONAL_PASS_CANDIDATE,,
S1-A-PTOX020.0-Z370.0-FX60.0-FY20.0-FZ20.0,1,A,80.0,370.0,60.0,20.0,20.0,88.75,225.0,200.0,4.75,5.0,55.0,10.0,12.0,14.75,5,0,298.0,290.0,CONDITIONAL_PASS_CANDIDATE,,
S1-A-PTOX020.0-Z370.0-FX60.0-FY20.0-FZ30.0,1,A,80.0,370.0,60.0,20.0,30.0,88.75,235.0,200.0,4.75,5.0,65.0,10.0,12.0,14.75,5,0,298.0,290.0,CONDITIONAL_PASS_CANDIDATE,,
S1-A-PTOX020.0-Z370.0-FX60.0-FY20.0-FZ40.0,1,A,80.0,370.0,60.0,20.0,40.0,88.75,245.0,200.0,4.75,5.0,75.0,10.0,12.0,14.75,3,0,298.0,290.0,CONDITIONAL_PASS_CANDIDATE,,
S1-A-PTOX020.0-Z370.0-FX60.0-FY20.0-FZ50.0,1,A,80.0,370.0,60.0,20.0,50.0,88.75,255.0,200.0,4.75,5.0,85.0,10.0,12.0,14.75,3,0,298.0,290.0,CONDITIONAL_PASS_CANDIDATE,,
S1-A-PTOX020.0-Z370.0-FX60.0-FY20.0-FZ60.0,1,A,80.0,370.0,60.0,20.0,60.0,88.75,265.0,200.0,4.75,5.0,95.0,10.0,12.0,14.75,3,0,298.0,290.0,CONDITIONAL_PASS_CANDIDATE,,
S1-A-PTOX020.0-Z370.0-FX60.0-FY20.0-FZ70.0,1,A,80.0,370.0,60.0,20.0,70.0,88.75,275.0,200.0,4.75,5.0,105.0,10.0,12.0,14.75,3,0,298.0,290.0,CONDITIONAL_PASS_CANDIDATE,,
S1-A-PTOX020.0-Z370.0-FX60.0-FY20.0-FZ80.0,1,A,80.0,370.0,60.0,20.0,80.0,88.75,285.0,200.0,4.75,5.0,115.0,10.0,12.0,14.75,3,0,298.0,290.0,CONDITIONAL_PASS_CANDIDATE,,
S1-A-PTOX020.0-Z370.0-FX60.0-FY25.0-FZ00.0,1,A,80.0,370.0,60.0,25.0,0.0,93.75,205.0,200.0,-0.25,10.0,35.0,10.0,7.75,9.75,3,0,298.0,290.0,FAIL,,BELT_SAFETY_ENVELOPE_INTERSECTS_FRAME
S1-A-PTOX020.0-Z370.0-FX60.0-FY25.0-FZ10.0,1,A,80.0,370.0,60.0,25.0,10.0,93.75,215.0,200.0,-0.25,10.0,45.0,10.0,7.75,9.75,3,0,298.0,290.0,FAIL,,BELT_SAFETY_ENVELOPE_INTERSECTS_FRAME
S1-A-PTOX020.0-Z370.0-FX60.0-FY25.0-FZ20.0,1,A,80.0,370.0,60.0,25.0,20.0,93.75,225.0,200.0,-0.25,10.0,55.0,10.0,7.75,9.75,3,0,298.0,290.0,FAIL,,BELT_SAFETY_ENVELOPE_INTERSECTS_FRAME
S1-A-PTOX020.0-Z370.0-FX60.0-FY25.0-FZ30.0,1,A,80.0,370.0,60.0,25.0,30.0,93.75,235.0,200.0,-0.25,10.0,65.0,10.0,7.75,9.75,3,0,298.0,290.0,FAIL,,BELT_SAFETY_ENVELOPE_INTERSECTS_FRAME
S1-A-PTOX020.0-Z370.0-FX60.0-FY25.0-FZ40.0,1,A,80.0,370.0,60.0,25.0,40.0,93.75,245.0,200.0,-0.25,10.0,75.0,10.0,7.75,9.75,3,0,298.0,290.0,FAIL,,BELT_SAFETY_ENVELOPE_INTERSECTS_FRAME
S1-A-PTOX020.0-Z370.0-FX60.0-FY25.0-FZ50.0,1,A,80.0,370.0,60.0,25.0,50.0,93.75,255.0,200.0,-0.25,10.0,85.0,10.0,7.75,9.75,3,0,298.0,290.0,FAIL,,BELT_SAFETY_ENVELOPE_INTERSECTS_FRAME
S1-A-PTOX020.0-Z370.0-FX60.0-FY25.0-FZ60.0,1,A,80.0,370.0,60.0,25.0,60.0,93.75,265.0,200.0,-0.25,10.0,95.0,10.0,7.75,9.75,3,0,298.0,290.0,FAIL,,BELT_SAFETY_ENVELOPE_INTERSECTS_FRAME
S1-A-PTOX020.0-Z370.0-FX60.0-FY25.0-FZ70.0,1,A,80.0,370.0,60.0,25.0,70.0,93.75,275.0,200.0,-0.25,10.0,105.0,10.0,7.75,9.75,3,0,298.0,290.0,FAIL,,BELT_SAFETY_ENVELOPE_INTERSECTS_FRAME
S1-A-PTOX020.0-Z370.0-FX60.0-FY25.0-FZ80.0,1,A,80.0,370.0,60.0,25.0,80.0,93.75,285.0,200.0,-0.25,10.0,115.0,10.0,7.75,9.75,3,0,298.0,290.0,FAIL,,BELT_SAFETY_ENVELOPE_INTERSECTS_FRAME
S1-A-PTOX020.0-Z370.0-FX60.0-FY30.0-FZ00.0,1,A,80.0,370.0,60.0,30.0,0.0,98.75,205.0,200.0,-5.25,15.0,35.0,10.0,2.75,4.75,3,0,298.0,290.0,FAIL,,BELT_SAFETY_ENVELOPE_INTERSECTS_FRAME
S1-A-PTOX020.0-Z370.0-FX60.0-FY30.0-FZ10.0,1,A,80.0,370.0,60.0,30.0,10.0,98.75,215.0,200.0,-5.25,15.0,45.0,10.0,2.75,4.75,3,0,298.0,290.0,FAIL,,BELT_SAFETY_ENVELOPE_INTERSECTS_FRAME
S1-A-PTOX020.0-Z370.0-FX60.0-FY30.0-FZ20.0,1,A,80.0,370.0,60.0,30.0,20.0,98.75,225.0,200.0,-5.25,15.0,55.0,10.0,2.75,4.75,3,0,298.0,290.0,FAIL,,BELT_SAFETY_ENVELOPE_INTERSECTS_FRAME
S1-A-PTOX020.0-Z370.0-FX60.0-FY30.0-FZ30.0,1,A,80.0,370.0,60.0,30.0,30.0,98.75,235.0,200.0,-5.25,15.0,65.0,10.0,2.75,4.75,3,0,298.0,290.0,FAIL,,BELT_SAFETY_ENVELOPE_INTERSECTS_FRAME
S1-A-PTOX020.0-Z370.0-FX60.0-FY30.0-FZ40.0,1,A,80.0,370.0,60.0,30.0,40.0,98.75,245.0,200.0,-5.25,15.0,75.0,10.0,2.75,4.75,3,0,298.0,290.0,FAIL,,BELT_SAFETY_ENVELOPE_INTERSECTS_FRAME
S1-A-PTOX020.0-Z370.0-FX60.0-FY30.0-FZ50.0,1,A,80.0,370.0,60.0,30.0,50.0,98.75,255.0,200.0,-5.25,15.0,85.0,10.0,2.75,4.75,3,0,298.0,290.0,FAIL,,BELT_SAFETY_ENVELOPE_INTERSECTS_FRAME
S1-A-PTOX020.0-Z370.0-FX60.0-FY30.0-FZ60.0,1,A,80.0,370.0,60.0,30.0,60.0,98.75,265.0,200.0,-5.25,15.0,95.0,10.0,2.75,4.75,3,0,298.0,290.0,FAIL,,BELT_SAFETY_ENVELOPE_INTERSECTS_FRAME
S1-A-PTOX020.0-Z370.0-FX60.0-FY30.0-FZ70.0,1,A,80.0,370.0,60.0,30.0,70.0,98.75,275.0,200.0,-5.25,15.0,105.0,10.0,2.75,4.75,3,0,298.0,290.0,FAIL,,BELT_SAFETY_ENVELOPE_INTERSECTS_FRAME
S1-A-PTOX020.0-Z370.0-FX60.0-FY30.0-FZ80.0,1,A,80.0,370.0,60.0,30.0,80.0,98.75,285.0,200.0,-5.25,15.0,115.0,10.0,2.75,4.75,3,0,298.0,290.0,FAIL,,BELT_SAFETY_ENVELOPE_INTERSECTS_FRAME
S1-A-PTOX020.0-Z370.0-FX70.0-FY00.0-FZ00.0,1,A,80.0,370.0,70.0,0.0,0.0,68.75,205.0,210.0,-15.0,-15.0,35.0,10.0,-7.0,-5.0,3,0,298.0,290.0,FAIL,,BELT_SAFETY_ENVELOPE_INTERSECTS_FRAME|PTO_ROTATION_ENVELOPE_INTERSECTS_FRAME
S1-A-PTOX020.0-Z370.0-FX70.0-FY00.0-FZ10.0,1,A,80.0,370.0,70.0,0.0,10.0,68.75,215.0,210.0,-15.0,-15.0,45.0,10.0,-7.0,-5.0,3,0,298.0,290.0,FAIL,,BELT_SAFETY_ENVELOPE_INTERSECTS_FRAME|PTO_ROTATION_ENVELOPE_INTERSECTS_FRAME
S1-A-PTOX020.0-Z370.0-FX70.0-FY00.0-FZ20.0,1,A,80.0,370.0,70.0,0.0,20.0,68.75,225.0,210.0,-15.0,-15.0,55.0,10.0,-7.0,-5.0,3,0,298.0,290.0,FAIL,,BELT_SAFETY_ENVELOPE_INTERSECTS_FRAME|PTO_ROTATION_ENVELOPE_INTERSECTS_FRAME
S1-A-PTOX020.0-Z370.0-FX70.0-FY00.0-FZ30.0,1,A,80.0,370.0,70.0,0.0,30.0,68.75,235.0,210.0,-15.0,-15.0,65.0,10.0,-7.0,-5.0,3,0,298.0,290.0,FAIL,,BELT_SAFETY_ENVELOPE_INTERSECTS_FRAME|PTO_ROTATION_ENVELOPE_INTERSECTS_FRAME
S1-A-PTOX020.0-Z370.0-FX70.0-FY00.0-FZ40.0,1,A,80.0,370.0,70.0,0.0,40.0,68.75,245.0,210.0,-15.0,-15.0,75.0,10.0,-7.0,-5.0,3,0,298.0,290.0,FAIL,,BELT_SAFETY_ENVELOPE_INTERSECTS_FRAME|PTO_ROTATION_ENVELOPE_INTERSECTS_FRAME
S1-A-PTOX020.0-Z370.0-FX70.0-FY00.0-FZ50.0,1,A,80.0,370.0,70.0,0.0,50.0,68.75,255.0,210.0,-15.0,-15.0,85.0,10.0,-7.0,-5.0,3,0,298.0,290.0,FAIL,,BELT_SAFETY_ENVELOPE_INTERSECTS_FRAME|PTO_ROTATION_ENVELOPE_INTERSECTS_FRAME
S1-A-PTOX020.0-Z370.0-FX70.0-FY00.0-FZ60.0,1,A,80.0,370.0,70.0,0.0,60.0,68.75,265.0,210.0,-15.0,-15.0,95.0,10.0,-7.0,-5.0,3,0,298.0,290.0,FAIL,,BELT_SAFETY_ENVELOPE_INTERSECTS_FRAME|PTO_ROTATION_ENVELOPE_INTERSECTS_FRAME
S1-A-PTOX020.0-Z370.0-FX70.0-FY00.0-FZ70.0,1,A,80.0,370.0,70.0,0.0,70.0,68.75,275.0,210.0,-15.0,-15.0,105.0,10.0,-7.0,-5.0,3,0,298.0,290.0,FAIL,,BELT_SAFETY_ENVELOPE_INTERSECTS_FRAME|PTO_ROTATION_ENVELOPE_INTERSECTS_FRAME
S1-A-PTOX020.0-Z370.0-FX70.0-FY00.0-FZ80.0,1,A,80.0,370.0,70.0,0.0,80.0,68.75,285.0,210.0,-15.0,-15.0,115.0,10.0,-7.0,-5.0,3,0,298.0,290.0,FAIL,,BELT_SAFETY_ENVELOPE_INTERSECTS_FRAME|PTO_ROTATION_ENVELOPE_INTERSECTS_FRAME
S1-A-PTOX020.0-Z370.0-FX70.0-FY05.0-FZ00.0,1,A,80.0,370.0,70.0,5.0,0.0,73.75,205.0,210.0,-10.0,-10.0,35.0,10.0,-2.0,0.0,3,0,298.0,290.0,FAIL,,BELT_SAFETY_ENVELOPE_INTERSECTS_FRAME|PTO_ROTATION_ENVELOPE_INTERSECTS_FRAME
S1-A-PTOX020.0-Z370.0-FX70.0-FY05.0-FZ10.0,1,A,80.0,370.0,70.0,5.0,10.0,73.75,215.0,210.0,-10.0,-10.0,45.0,10.0,-2.0,0.0,3,0,298.0,290.0,FAIL,,BELT_SAFETY_ENVELOPE_INTERSECTS_FRAME|PTO_ROTATION_ENVELOPE_INTERSECTS_FRAME
S1-A-PTOX020.0-Z370.0-FX70.0-FY05.0-FZ20.0,1,A,80.0,370.0,70.0,5.0,20.0,73.75,225.0,210.0,-10.0,-10.0,55.0,10.0,-2.0,0.0,3,0,298.0,290.0,FAIL,,BELT_SAFETY_ENVELOPE_INTERSECTS_FRAME|PTO_ROTATION_ENVELOPE_INTERSECTS_FRAME
S1-A-PTOX020.0-Z370.0-FX70.0-FY05.0-FZ30.0,1,A,80.0,370.0,70.0,5.0,30.0,73.75,235.0,210.0,-10.0,-10.0,65.0,10.0,-2.0,0.0,3,0,298.0,290.0,FAIL,,BELT_SAFETY_ENVELOPE_INTERSECTS_FRAME|PTO_ROTATION_ENVELOPE_INTERSECTS_FRAME
S1-A-PTOX020.0-Z370.0-FX70.0-FY05.0-FZ40.0,1,A,80.0,370.0,70.0,5.0,40.0,73.75,245.0,210.0,-10.0,-10.0,75.0,10.0,-2.0,0.0,3,0,298.0,290.0,FAIL,,BELT_SAFETY_ENVELOPE_INTERSECTS_FRAME|PTO_ROTATION_ENVELOPE_INTERSECTS_FRAME
S1-A-PTOX020.0-Z370.0-FX70.0-FY05.0-FZ50.0,1,A,80.0,370.0,70.0,5.0,50.0,73.75,255.0,210.0,-10.0,-10.0,85.0,10.0,-2.0,0.0,3,0,298.0,290.0,FAIL,,BELT_SAFETY_ENVELOPE_INTERSECTS_FRAME|PTO_ROTATION_ENVELOPE_INTERSECTS_FRAME
S1-A-PTOX020.0-Z370.0-FX70.0-FY05.0-FZ60.0,1,A,80.0,370.0,70.0,5.0,60.0,73.75,265.0,210.0,-10.0,-10.0,95.0,10.0,-2.0,0.0,3,0,298.0,290.0,FAIL,,BELT_SAFETY_ENVELOPE_INTERSECTS_FRAME|PTO_ROTATION_ENVELOPE_INTERSECTS_FRAME
S1-A-PTOX020.0-Z370.0-FX70.0-FY05.0-FZ70.0,1,A,80.0,370.0,70.0,5.0,70.0,73.75,275.0,210.0,-10.0,-10.0,105.0,10.0,-2.0,0.0,3,0,298.0,290.0,FAIL,,BELT_SAFETY_ENVELOPE_INTERSECTS_FRAME|PTO_ROTATION_ENVELOPE_INTERSECTS_FRAME
S1-A-PTOX020.0-Z370.0-FX70.0-FY05.0-FZ80.0,1,A,80.0,370.0,70.0,5.0,80.0,73.75,285.0,210.0,-10.0,-10.0,115.0,10.0,-2.0,0.0,3,0,298.0,290.0,FAIL,,BELT_SAFETY_ENVELOPE_INTERSECTS_FRAME|PTO_ROTATION_ENVELOPE_INTERSECTS_FRAME
S1-A-PTOX020.0-Z370.0-FX70.0-FY10.0-FZ00.0,1,A,80.0,370.0,70.0,10.0,0.0,78.75,205.0,210.0,-5.0,-5.0,35.0,10.0,3.0,5.0,3,0,298.0,290.0,FAIL,,BELT_SAFETY_ENVELOPE_INTERSECTS_FRAME|PTO_ROTATION_ENVELOPE_INTERSECTS_FRAME
S1-A-PTOX020.0-Z370.0-FX70.0-FY10.0-FZ10.0,1,A,80.0,370.0,70.0,10.0,10.0,78.75,215.0,210.0,-5.0,-5.0,45.0,10.0,3.0,5.0,3,0,298.0,290.0,FAIL,,BELT_SAFETY_ENVELOPE_INTERSECTS_FRAME|PTO_ROTATION_ENVELOPE_INTERSECTS_FRAME
S1-A-PTOX020.0-Z370.0-FX70.0-FY10.0-FZ20.0,1,A,80.0,370.0,70.0,10.0,20.0,78.75,225.0,210.0,-5.0,-5.0,55.0,10.0,3.0,5.0,3,0,298.0,290.0,FAIL,,BELT_SAFETY_ENVELOPE_INTERSECTS_FRAME|PTO_ROTATION_ENVELOPE_INTERSECTS_FRAME
S1-A-PTOX020.0-Z370.0-FX70.0-FY10.0-FZ30.0,1,A,80.0,370.0,70.0,10.0,30.0,78.75,235.0,210.0,-5.0,-5.0,65.0,10.0,3.0,5.0,3,0,298.0,290.0,FAIL,,BELT_SAFETY_ENVELOPE_INTERSECTS_FRAME|PTO_ROTATION_ENVELOPE_INTERSECTS_FRAME
S1-A-PTOX020.0-Z370.0-FX70.0-FY10.0-FZ40.0,1,A,80.0,370.0,70.0,10.0,40.0,78.75,245.0,210.0,-5.0,-5.0,75.0,10.0,3.0,5.0,3,0,298.0,290.0,FAIL,,BELT_SAFETY_ENVELOPE_INTERSECTS_FRAME|PTO_ROTATION_ENVELOPE_INTERSECTS_FRAME
S1-A-PTOX020.0-Z370.0-FX70.0-FY10.0-FZ50.0,1,A,80.0,370.0,70.0,10.0,50.0,78.75,255.0,210.0,-5.0,-5.0,85.0,10.0,3.0,5.0,3,0,298.0,290.0,FAIL,,BELT_SAFETY_ENVELOPE_INTERSECTS_FRAME|PTO_ROTATION_ENVELOPE_INTERSECTS_FRAME
S1-A-PTOX020.0-Z370.0-FX70.0-FY10.0-FZ60.0,1,A,80.0,370.0,70.0,10.0,60.0,78.75,265.0,210.0,-5.0,-5.0,95.0,10.0,3.0,5.0,3,0,298.0,290.0,FAIL,,BELT_SAFETY_ENVELOPE_INTERSECTS_FRAME|PTO_ROTATION_ENVELOPE_INTERSECTS_FRAME
S1-A-PTOX020.0-Z370.0-FX70.0-FY10.0-FZ70.0,1,A,80.0,370.0,70.0,10.0,70.0,78.75,275.0,210.0,-5.0,-5.0,105.0,10.0,3.0,5.0,3,0,298.0,290.0,FAIL,,BELT_SAFETY_ENVELOPE_INTERSECTS_FRAME|PTO_ROTATION_ENVELOPE_INTERSECTS_FRAME
S1-A-PTOX020.0-Z370.0-FX70.0-FY10.0-FZ80.0,1,A,80.0,370.0,70.0,10.0,80.0,78.75,285.0,210.0,-5.0,-5.0,115.0,10.0,3.0,5.0,3,0,298.0,290.0,FAIL,,BELT_SAFETY_ENVELOPE_INTERSECTS_FRAME|PTO_ROTATION_ENVELOPE_INTERSECTS_FRAME
S1-A-PTOX020.0-Z370.0-FX70.0-FY15.0-FZ00.0,1,A,80.0,370.0,70.0,15.0,0.0,83.75,205.0,210.0,0.0,0.0,35.0,10.0,8.0,10.0,5,0,298.0,290.0,CONDITIONAL_PASS_CANDIDATE,,
S1-A-PTOX020.0-Z370.0-FX70.0-FY15.0-FZ10.0,1,A,80.0,370.0,70.0,15.0,10.0,83.75,215.0,210.0,0.0,0.0,45.0,10.0,8.0,10.0,5,0,298.0,290.0,CONDITIONAL_PASS_CANDIDATE,,
S1-A-PTOX020.0-Z370.0-FX70.0-FY15.0-FZ20.0,1,A,80.0,370.0,70.0,15.0,20.0,83.75,225.0,210.0,0.0,0.0,55.0,10.0,8.0,10.0,5,0,298.0,290.0,CONDITIONAL_PASS_CANDIDATE,,
S1-A-PTOX020.0-Z370.0-FX70.0-FY15.0-FZ30.0,1,A,80.0,370.0,70.0,15.0,30.0,83.75,235.0,210.0,0.0,0.0,65.0,10.0,8.0,10.0,5,0,298.0,290.0,CONDITIONAL_PASS_CANDIDATE,,
S1-A-PTOX020.0-Z370.0-FX70.0-FY15.0-FZ40.0,1,A,80.0,370.0,70.0,15.0,40.0,83.75,245.0,210.0,0.0,0.0,75.0,10.0,8.0,10.0,3,0,298.0,290.0,CONDITIONAL_PASS_CANDIDATE,,
S1-A-PTOX020.0-Z370.0-FX70.0-FY15.0-FZ50.0,1,A,80.0,370.0,70.0,15.0,50.0,83.75,255.0,210.0,0.0,0.0,85.0,10.0,8.0,10.0,3,0,298.0,290.0,CONDITIONAL_PASS_CANDIDATE,,
S1-A-PTOX020.0-Z370.0-FX70.0-FY15.0-FZ60.0,1,A,80.0,370.0,70.0,15.0,60.0,83.75,265.0,210.0,0.0,0.0,95.0,10.0,8.0,10.0,3,0,298.0,290.0,CONDITIONAL_PASS_CANDIDATE,,
S1-A-PTOX020.0-Z370.0-FX70.0-FY15.0-FZ70.0,1,A,80.0,370.0,70.0,15.0,70.0,83.75,275.0,210.0,0.0,0.0,105.0,10.0,8.0,10.0,3,0,298.0,290.0,CONDITIONAL_PASS_CANDIDATE,,
S1-A-PTOX020.0-Z370.0-FX70.0-FY15.0-FZ80.0,1,A,80.0,370.0,70.0,15.0,80.0,83.75,285.0,210.0,0.0,0.0,115.0,10.0,8.0,10.0,3,0,298.0,290.0,CONDITIONAL_PASS_CANDIDATE,,
S1-A-PTOX020.0-Z370.0-FX70.0-FY20.0-FZ00.0,1,A,80.0,370.0,70.0,20.0,0.0,88.75,205.0,210.0,4.75,5.0,35.0,10.0,12.0,14.75,5,0,298.0,290.0,CONDITIONAL_PASS_CANDIDATE,,
S1-A-PTOX020.0-Z370.0-FX70.0-FY20.0-FZ10.0,1,A,80.0,370.0,70.0,20.0,10.0,88.75,215.0,210.0,4.75,5.0,45.0,10.0,12.0,14.75,5,0,298.0,290.0,CONDITIONAL_PASS_CANDIDATE,,
S1-A-PTOX020.0-Z370.0-FX70.0-FY20.0-FZ20.0,1,A,80.0,370.0,70.0,20.0,20.0,88.75,225.0,210.0,4.75,5.0,55.0,10.0,12.0,14.75,5,0,298.0,290.0,CONDITIONAL_PASS_CANDIDATE,,
S1-A-PTOX020.0-Z370.0-FX70.0-FY20.0-FZ30.0,1,A,80.0,370.0,70.0,20.0,30.0,88.75,235.0,210.0,4.75,5.0,65.0,10.0,12.0,14.75,5,0,298.0,290.0,CONDITIONAL_PASS_CANDIDATE,,
S1-A-PTOX020.0-Z370.0-FX70.0-FY20.0-FZ40.0,1,A,80.0,370.0,70.0,20.0,40.0,88.75,245.0,210.0,4.75,5.0,75.0,10.0,12.0,14.75,3,0,298.0,290.0,CONDITIONAL_PASS_CANDIDATE,,
S1-A-PTOX020.0-Z370.0-FX70.0-FY20.0-FZ50.0,1,A,80.0,370.0,70.0,20.0,50.0,88.75,255.0,210.0,4.75,5.0,85.0,10.0,12.0,14.75,3,0,298.0,290.0,CONDITIONAL_PASS_CANDIDATE,,
S1-A-PTOX020.0-Z370.0-FX70.0-FY20.0-FZ60.0,1,A,80.0,370.0,70.0,20.0,60.0,88.75,265.0,210.0,4.75,5.0,95.0,10.0,12.0,14.75,3,0,298.0,290.0,CONDITIONAL_PASS_CANDIDATE,,
S1-A-PTOX020.0-Z370.0-FX70.0-FY20.0-FZ70.0,1,A,80.0,370.0,70.0,20.0,70.0,88.75,275.0,210.0,4.75,5.0,105.0,10.0,12.0,14.75,3,0,298.0,290.0,CONDITIONAL_PASS_CANDIDATE,,
S1-A-PTOX020.0-Z370.0-FX70.0-FY20.0-FZ80.0,1,A,80.0,370.0,70.0,20.0,80.0,88.75,285.0,210.0,4.75,5.0,115.0,10.0,12.0,14.75,3,0,298.0,290.0,CONDITIONAL_PASS_CANDIDATE,,
S1-A-PTOX020.0-Z370.0-FX70.0-FY25.0-FZ00.0,1,A,80.0,370.0,70.0,25.0,0.0,93.75,205.0,210.0,-0.25,10.0,35.0,10.0,7.75,9.75,3,0,298.0,290.0,FAIL,,BELT_SAFETY_ENVELOPE_INTERSECTS_FRAME
S1-A-PTOX020.0-Z370.0-FX70.0-FY25.0-FZ10.0,1,A,80.0,370.0,70.0,25.0,10.0,93.75,215.0,210.0,-0.25,10.0,45.0,10.0,7.75,9.75,3,0,298.0,290.0,FAIL,,BELT_SAFETY_ENVELOPE_INTERSECTS_FRAME
S1-A-PTOX020.0-Z370.0-FX70.0-FY25.0-FZ20.0,1,A,80.0,370.0,70.0,25.0,20.0,93.75,225.0,210.0,-0.25,10.0,55.0,10.0,7.75,9.75,3,0,298.0,290.0,FAIL,,BELT_SAFETY_ENVELOPE_INTERSECTS_FRAME
S1-A-PTOX020.0-Z370.0-FX70.0-FY25.0-FZ30.0,1,A,80.0,370.0,70.0,25.0,30.0,93.75,235.0,210.0,-0.25,10.0,65.0,10.0,7.75,9.75,3,0,298.0,290.0,FAIL,,BELT_SAFETY_ENVELOPE_INTERSECTS_FRAME
S1-A-PTOX020.0-Z370.0-FX70.0-FY25.0-FZ40.0,1,A,80.0,370.0,70.0,25.0,40.0,93.75,245.0,210.0,-0.25,10.0,75.0,10.0,7.75,9.75,3,0,298.0,290.0,FAIL,,BELT_SAFETY_ENVELOPE_INTERSECTS_FRAME
S1-A-PTOX020.0-Z370.0-FX70.0-FY25.0-FZ50.0,1,A,80.0,370.0,70.0,25.0,50.0,93.75,255.0,210.0,-0.25,10.0,85.0,10.0,7.75,9.75,3,0,298.0,290.0,FAIL,,BELT_SAFETY_ENVELOPE_INTERSECTS_FRAME
S1-A-PTOX020.0-Z370.0-FX70.0-FY25.0-FZ60.0,1,A,80.0,370.0,70.0,25.0,60.0,93.75,265.0,210.0,-0.25,10.0,95.0,10.0,7.75,9.75,3,0,298.0,290.0,FAIL,,BELT_SAFETY_ENVELOPE_INTERSECTS_FRAME
S1-A-PTOX020.0-Z370.0-FX70.0-FY25.0-FZ70.0,1,A,80.0,370.0,70.0,25.0,70.0,93.75,275.0,210.0,-0.25,10.0,105.0,10.0,7.75,9.75,3,0,298.0,290.0,FAIL,,BELT_SAFETY_ENVELOPE_INTERSECTS_FRAME
S1-A-PTOX020.0-Z370.0-FX70.0-FY25.0-FZ80.0,1,A,80.0,370.0,70.0,25.0,80.0,93.75,285.0,210.0,-0.25,10.0,115.0,10.0,7.75,9.75,3,0,298.0,290.0,FAIL,,BELT_SAFETY_ENVELOPE_INTERSECTS_FRAME
S1-A-PTOX020.0-Z370.0-FX70.0-FY30.0-FZ00.0,1,A,80.0,370.0,70.0,30.0,0.0,98.75,205.0,210.0,-5.25,15.0,35.0,10.0,2.75,4.75,3,0,298.0,290.0,FAIL,,BELT_SAFETY_ENVELOPE_INTERSECTS_FRAME
S1-A-PTOX020.0-Z370.0-FX70.0-FY30.0-FZ10.0,1,A,80.0,370.0,70.0,30.0,10.0,98.75,215.0,210.0,-5.25,15.0,45.0,10.0,2.75,4.75,3,0,298.0,290.0,FAIL,,BELT_SAFETY_ENVELOPE_INTERSECTS_FRAME
S1-A-PTOX020.0-Z370.0-FX70.0-FY30.0-FZ20.0,1,A,80.0,370.0,70.0,30.0,20.0,98.75,225.0,210.0,-5.25,15.0,55.0,10.0,2.75,4.75,3,0,298.0,290.0,FAIL,,BELT_SAFETY_ENVELOPE_INTERSECTS_FRAME
S1-A-PTOX020.0-Z370.0-FX70.0-FY30.0-FZ30.0,1,A,80.0,370.0,70.0,30.0,30.0,98.75,235.0,210.0,-5.25,15.0,65.0,10.0,2.75,4.75,3,0,298.0,290.0,FAIL,,BELT_SAFETY_ENVELOPE_INTERSECTS_FRAME
S1-A-PTOX020.0-Z370.0-FX70.0-FY30.0-FZ40.0,1,A,80.0,370.0,70.0,30.0,40.0,98.75,245.0,210.0,-5.25,15.0,75.0,10.0,2.75,4.75,3,0,298.0,290.0,FAIL,,BELT_SAFETY_ENVELOPE_INTERSECTS_FRAME
S1-A-PTOX020.0-Z370.0-FX70.0-FY30.0-FZ50.0,1,A,80.0,370.0,70.0,30.0,50.0,98.75,255.0,210.0,-5.25,15.0,85.0,10.0,2.75,4.75,3,0,298.0,290.0,FAIL,,BELT_SAFETY_ENVELOPE_INTERSECTS_FRAME
S1-A-PTOX020.0-Z370.0-FX70.0-FY30.0-FZ60.0,1,A,80.0,370.0,70.0,30.0,60.0,98.75,265.0,210.0,-5.25,15.0,95.0,10.0,2.75,4.75,3,0,298.0,290.0,FAIL,,BELT_SAFETY_ENVELOPE_INTERSECTS_FRAME
S1-A-PTOX020.0-Z370.0-FX70.0-FY30.0-FZ70.0,1,A,80.0,370.0,70.0,30.0,70.0,98.75,275.0,210.0,-5.25,15.0,105.0,10.0,2.75,4.75,3,0,298.0,290.0,FAIL,,BELT_SAFETY_ENVELOPE_INTERSECTS_FRAME
S1-A-PTOX020.0-Z370.0-FX70.0-FY30.0-FZ80.0,1,A,80.0,370.0,70.0,30.0,80.0,98.75,285.0,210.0,-5.25,15.0,115.0,10.0,2.75,4.75,3,0,298.0,290.0,FAIL,,BELT_SAFETY_ENVELOPE_INTERSECTS_FRAME
S1-A-PTOX020.0-Z370.0-FX80.0-FY00.0-FZ00.0,1,A,80.0,370.0,80.0,0.0,0.0,68.75,205.0,220.0,-15.0,-15.0,35.0,10.0,-7.0,-5.0,3,0,298.0,290.0,FAIL,,BELT_SAFETY_ENVELOPE_INTERSECTS_FRAME|PTO_ROTATION_ENVELOPE_INTERSECTS_FRAME
S1-A-PTOX020.0-Z370.0-FX80.0-FY00.0-FZ10.0,1,A,80.0,370.0,80.0,0.0,10.0,68.75,215.0,220.0,-15.0,-15.0,45.0,10.0,-7.0,-5.0,3,0,298.0,290.0,FAIL,,BELT_SAFETY_ENVELOPE_INTERSECTS_FRAME|PTO_ROTATION_ENVELOPE_INTERSECTS_FRAME
S1-A-PTOX020.0-Z370.0-FX80.0-FY00.0-FZ20.0,1,A,80.0,370.0,80.0,0.0,20.0,68.75,225.0,220.0,-15.0,-15.0,55.0,10.0,-7.0,-5.0,3,0,298.0,290.0,FAIL,,BELT_SAFETY_ENVELOPE_INTERSECTS_FRAME|PTO_ROTATION_ENVELOPE_INTERSECTS_FRAME
S1-A-PTOX020.0-Z370.0-FX80.0-FY00.0-FZ30.0,1,A,80.0,370.0,80.0,0.0,30.0,68.75,235.0,220.0,-15.0,-15.0,65.0,10.0,-7.0,-5.0,3,0,298.0,290.0,FAIL,,BELT_SAFETY_ENVELOPE_INTERSECTS_FRAME|PTO_ROTATION_ENVELOPE_INTERSECTS_FRAME
S1-A-PTOX020.0-Z370.0-FX80.0-FY00.0-FZ40.0,1,A,80.0,370.0,80.0,0.0,40.0,68.75,245.0,220.0,-15.0,-15.0,75.0,10.0,-7.0,-5.0,3,0,298.0,290.0,FAIL,,BELT_SAFETY_ENVELOPE_INTERSECTS_FRAME|PTO_ROTATION_ENVELOPE_INTERSECTS_FRAME
S1-A-PTOX020.0-Z370.0-FX80.0-FY00.0-FZ50.0,1,A,80.0,370.0,80.0,0.0,50.0,68.75,255.0,220.0,-15.0,-15.0,85.0,10.0,-7.0,-5.0,3,0,298.0,290.0,FAIL,,BELT_SAFETY_ENVELOPE_INTERSECTS_FRAME|PTO_ROTATION_ENVELOPE_INTERSECTS_FRAME
S1-A-PTOX020.0-Z370.0-FX80.0-FY00.0-FZ60.0,1,A,80.0,370.0,80.0,0.0,60.0,68.75,265.0,220.0,-15.0,-15.0,95.0,10.0,-7.0,-5.0,3,0,298.0,290.0,FAIL,,BELT_SAFETY_ENVELOPE_INTERSECTS_FRAME|PTO_ROTATION_ENVELOPE_INTERSECTS_FRAME
S1-A-PTOX020.0-Z370.0-FX80.0-FY00.0-FZ70.0,1,A,80.0,370.0,80.0,0.0,70.0,68.75,275.0,220.0,-15.0,-15.0,105.0,10.0,-7.0,-5.0,3,0,298.0,290.0,FAIL,,BELT_SAFETY_ENVELOPE_INTERSECTS_FRAME|PTO_ROTATION_ENVELOPE_INTERSECTS_FRAME
S1-A-PTOX020.0-Z370.0-FX80.0-FY00.0-FZ80.0,1,A,80.0,370.0,80.0,0.0,80.0,68.75,285.0,220.0,-15.0,-15.0,115.0,10.0,-7.0,-5.0,3,0,298.0,290.0,FAIL,,BELT_SAFETY_ENVELOPE_INTERSECTS_FRAME|PTO_ROTATION_ENVELOPE_INTERSECTS_FRAME
S1-A-PTOX020.0-Z370.0-FX80.0-FY05.0-FZ00.0,1,A,80.0,370.0,80.0,5.0,0.0,73.75,205.0,220.0,-10.0,-10.0,35.0,10.0,-2.0,0.0,3,0,298.0,290.0,FAIL,,BELT_SAFETY_ENVELOPE_INTERSECTS_FRAME|PTO_ROTATION_ENVELOPE_INTERSECTS_FRAME
S1-A-PTOX020.0-Z370.0-FX80.0-FY05.0-FZ10.0,1,A,80.0,370.0,80.0,5.0,10.0,73.75,215.0,220.0,-10.0,-10.0,45.0,10.0,-2.0,0.0,3,0,298.0,290.0,FAIL,,BELT_SAFETY_ENVELOPE_INTERSECTS_FRAME|PTO_ROTATION_ENVELOPE_INTERSECTS_FRAME
S1-A-PTOX020.0-Z370.0-FX80.0-FY05.0-FZ20.0,1,A,80.0,370.0,80.0,5.0,20.0,73.75,225.0,220.0,-10.0,-10.0,55.0,10.0,-2.0,0.0,3,0,298.0,290.0,FAIL,,BELT_SAFETY_ENVELOPE_INTERSECTS_FRAME|PTO_ROTATION_ENVELOPE_INTERSECTS_FRAME
S1-A-PTOX020.0-Z370.0-FX80.0-FY05.0-FZ30.0,1,A,80.0,370.0,80.0,5.0,30.0,73.75,235.0,220.0,-10.0,-10.0,65.0,10.0,-2.0,0.0,3,0,298.0,290.0,FAIL,,BELT_SAFETY_ENVELOPE_INTERSECTS_FRAME|PTO_ROTATION_ENVELOPE_INTERSECTS_FRAME
S1-A-PTOX020.0-Z370.0-FX80.0-FY05.0-FZ40.0,1,A,80.0,370.0,80.0,5.0,40.0,73.75,245.0,220.0,-10.0,-10.0,75.0,10.0,-2.0,0.0,3,0,298.0,290.0,FAIL,,BELT_SAFETY_ENVELOPE_INTERSECTS_FRAME|PTO_ROTATION_ENVELOPE_INTERSECTS_FRAME
S1-A-PTOX020.0-Z370.0-FX80.0-FY05.0-FZ50.0,1,A,80.0,370.0,80.0,5.0,50.0,73.75,255.0,220.0,-10.0,-10.0,85.0,10.0,-2.0,0.0,3,0,298.0,290.0,FAIL,,BELT_SAFETY_ENVELOPE_INTERSECTS_FRAME|PTO_ROTATION_ENVELOPE_INTERSECTS_FRAME
S1-A-PTOX020.0-Z370.0-FX80.0-FY05.0-FZ60.0,1,A,80.0,370.0,80.0,5.0,60.0,73.75,265.0,220.0,-10.0,-10.0,95.0,10.0,-2.0,0.0,3,0,298.0,290.0,FAIL,,BELT_SAFETY_ENVELOPE_INTERSECTS_FRAME|PTO_ROTATION_ENVELOPE_INTERSECTS_FRAME
S1-A-PTOX020.0-Z370.0-FX80.0-FY05.0-FZ70.0,1,A,80.0,370.0,80.0,5.0,70.0,73.75,275.0,220.0,-10.0,-10.0,105.0,10.0,-2.0,0.0,3,0,298.0,290.0,FAIL,,BELT_SAFETY_ENVELOPE_INTERSECTS_FRAME|PTO_ROTATION_ENVELOPE_INTERSECTS_FRAME
S1-A-PTOX020.0-Z370.0-FX80.0-FY05.0-FZ80.0,1,A,80.0,370.0,80.0,5.0,80.0,73.75,285.0,220.0,-10.0,-10.0,115.0,10.0,-2.0,0.0,3,0,298.0,290.0,FAIL,,BELT_SAFETY_ENVELOPE_INTERSECTS_FRAME|PTO_ROTATION_ENVELOPE_INTERSECTS_FRAME
S1-A-PTOX020.0-Z370.0-FX80.0-FY10.0-FZ00.0,1,A,80.0,370.0,80.0,10.0,0.0,78.75,205.0,220.0,-5.0,-5.0,35.0,10.0,3.0,5.0,3,0,298.0,290.0,FAIL,,BELT_SAFETY_ENVELOPE_INTERSECTS_FRAME|PTO_ROTATION_ENVELOPE_INTERSECTS_FRAME
S1-A-PTOX020.0-Z370.0-FX80.0-FY10.0-FZ10.0,1,A,80.0,370.0,80.0,10.0,10.0,78.75,215.0,220.0,-5.0,-5.0,45.0,10.0,3.0,5.0,3,0,298.0,290.0,FAIL,,BELT_SAFETY_ENVELOPE_INTERSECTS_FRAME|PTO_ROTATION_ENVELOPE_INTERSECTS_FRAME
S1-A-PTOX020.0-Z370.0-FX80.0-FY10.0-FZ20.0,1,A,80.0,370.0,80.0,10.0,20.0,78.75,225.0,220.0,-5.0,-5.0,55.0,10.0,3.0,5.0,3,0,298.0,290.0,FAIL,,BELT_SAFETY_ENVELOPE_INTERSECTS_FRAME|PTO_ROTATION_ENVELOPE_INTERSECTS_FRAME
S1-A-PTOX020.0-Z370.0-FX80.0-FY10.0-FZ30.0,1,A,80.0,370.0,80.0,10.0,30.0,78.75,235.0,220.0,-5.0,-5.0,65.0,10.0,3.0,5.0,3,0,298.0,290.0,FAIL,,BELT_SAFETY_ENVELOPE_INTERSECTS_FRAME|PTO_ROTATION_ENVELOPE_INTERSECTS_FRAME
S1-A-PTOX020.0-Z370.0-FX80.0-FY10.0-FZ40.0,1,A,80.0,370.0,80.0,10.0,40.0,78.75,245.0,220.0,-5.0,-5.0,75.0,10.0,3.0,5.0,3,0,298.0,290.0,FAIL,,BELT_SAFETY_ENVELOPE_INTERSECTS_FRAME|PTO_ROTATION_ENVELOPE_INTERSECTS_FRAME
S1-A-PTOX020.0-Z370.0-FX80.0-FY10.0-FZ50.0,1,A,80.0,370.0,80.0,10.0,50.0,78.75,255.0,220.0,-5.0,-5.0,85.0,10.0,3.0,5.0,3,0,298.0,290.0,FAIL,,BELT_SAFETY_ENVELOPE_INTERSECTS_FRAME|PTO_ROTATION_ENVELOPE_INTERSECTS_FRAME
S1-A-PTOX020.0-Z370.0-FX80.0-FY10.0-FZ60.0,1,A,80.0,370.0,80.0,10.0,60.0,78.75,265.0,220.0,-5.0,-5.0,95.0,10.0,3.0,5.0,3,0,298.0,290.0,FAIL,,BELT_SAFETY_ENVELOPE_INTERSECTS_FRAME|PTO_ROTATION_ENVELOPE_INTERSECTS_FRAME
S1-A-PTOX020.0-Z370.0-FX80.0-FY10.0-FZ70.0,1,A,80.0,370.0,80.0,10.0,70.0,78.75,275.0,220.0,-5.0,-5.0,105.0,10.0,3.0,5.0,3,0,298.0,290.0,FAIL,,BELT_SAFETY_ENVELOPE_INTERSECTS_FRAME|PTO_ROTATION_ENVELOPE_INTERSECTS_FRAME
S1-A-PTOX020.0-Z370.0-FX80.0-FY10.0-FZ80.0,1,A,80.0,370.0,80.0,10.0,80.0,78.75,285.0,220.0,-5.0,-5.0,115.0,10.0,3.0,5.0,3,0,298.0,290.0,FAIL,,BELT_SAFETY_ENVELOPE_INTERSECTS_FRAME|PTO_ROTATION_ENVELOPE_INTERSECTS_FRAME
S1-A-PTOX020.0-Z370.0-FX80.0-FY15.0-FZ00.0,1,A,80.0,370.0,80.0,15.0,0.0,83.75,205.0,220.0,0.0,0.0,35.0,10.0,8.0,10.0,5,0,298.0,290.0,CONDITIONAL_PASS_CANDIDATE,,
S1-A-PTOX020.0-Z370.0-FX80.0-FY15.0-FZ10.0,1,A,80.0,370.0,80.0,15.0,10.0,83.75,215.0,220.0,0.0,0.0,45.0,10.0,8.0,10.0,5,0,298.0,290.0,CONDITIONAL_PASS_CANDIDATE,,
S1-A-PTOX020.0-Z370.0-FX80.0-FY15.0-FZ20.0,1,A,80.0,370.0,80.0,15.0,20.0,83.75,225.0,220.0,0.0,0.0,55.0,10.0,8.0,10.0,5,0,298.0,290.0,CONDITIONAL_PASS_CANDIDATE,,
S1-A-PTOX020.0-Z370.0-FX80.0-FY15.0-FZ30.0,1,A,80.0,370.0,80.0,15.0,30.0,83.75,235.0,220.0,0.0,0.0,65.0,10.0,8.0,10.0,5,0,298.0,290.0,CONDITIONAL_PASS_CANDIDATE,,
S1-A-PTOX020.0-Z370.0-FX80.0-FY15.0-FZ40.0,1,A,80.0,370.0,80.0,15.0,40.0,83.75,245.0,220.0,0.0,0.0,75.0,10.0,8.0,10.0,3,0,298.0,290.0,CONDITIONAL_PASS_CANDIDATE,,
S1-A-PTOX020.0-Z370.0-FX80.0-FY15.0-FZ50.0,1,A,80.0,370.0,80.0,15.0,50.0,83.75,255.0,220.0,0.0,0.0,85.0,10.0,8.0,10.0,3,0,298.0,290.0,CONDITIONAL_PASS_CANDIDATE,,
S1-A-PTOX020.0-Z370.0-FX80.0-FY15.0-FZ60.0,1,A,80.0,370.0,80.0,15.0,60.0,83.75,265.0,220.0,0.0,0.0,95.0,10.0,8.0,10.0,3,0,298.0,290.0,CONDITIONAL_PASS_CANDIDATE,,
S1-A-PTOX020.0-Z370.0-FX80.0-FY15.0-FZ70.0,1,A,80.0,370.0,80.0,15.0,70.0,83.75,275.0,220.0,0.0,0.0,105.0,10.0,8.0,10.0,3,0,298.0,290.0,CONDITIONAL_PASS_CANDIDATE,,
S1-A-PTOX020.0-Z370.0-FX80.0-FY15.0-FZ80.0,1,A,80.0,370.0,80.0,15.0,80.0,83.75,285.0,220.0,0.0,0.0,115.0,10.0,8.0,10.0,3,0,298.0,290.0,CONDITIONAL_PASS_CANDIDATE,,
S1-A-PTOX020.0-Z370.0-FX80.0-FY20.0-FZ00.0,1,A,80.0,370.0,80.0,20.0,0.0,88.75,205.0,220.0,4.75,5.0,35.0,10.0,12.0,14.75,5,0,298.0,290.0,CONDITIONAL_PASS_CANDIDATE,,
S1-A-PTOX020.0-Z370.0-FX80.0-FY20.0-FZ10.0,1,A,80.0,370.0,80.0,20.0,10.0,88.75,215.0,220.0,4.75,5.0,45.0,10.0,12.0,14.75,5,0,298.0,290.0,CONDITIONAL_PASS_CANDIDATE,,
S1-A-PTOX020.0-Z370.0-FX80.0-FY20.0-FZ20.0,1,A,80.0,370.0,80.0,20.0,20.0,88.75,225.0,220.0,4.75,5.0,55.0,10.0,12.0,14.75,5,0,298.0,290.0,CONDITIONAL_PASS_CANDIDATE,,
S1-A-PTOX020.0-Z370.0-FX80.0-FY20.0-FZ30.0,1,A,80.0,370.0,80.0,20.0,30.0,88.75,235.0,220.0,4.75,5.0,65.0,10.0,12.0,14.75,5,0,298.0,290.0,CONDITIONAL_PASS_CANDIDATE,,
S1-A-PTOX020.0-Z370.0-FX80.0-FY20.0-FZ40.0,1,A,80.0,370.0,80.0,20.0,40.0,88.75,245.0,220.0,4.75,5.0,75.0,10.0,12.0,14.75,3,0,298.0,290.0,CONDITIONAL_PASS_CANDIDATE,,
S1-A-PTOX020.0-Z370.0-FX80.0-FY20.0-FZ50.0,1,A,80.0,370.0,80.0,20.0,50.0,88.75,255.0,220.0,4.75,5.0,85.0,10.0,12.0,14.75,3,0,298.0,290.0,CONDITIONAL_PASS_CANDIDATE,,
S1-A-PTOX020.0-Z370.0-FX80.0-FY20.0-FZ60.0,1,A,80.0,370.0,80.0,20.0,60.0,88.75,265.0,220.0,4.75,5.0,95.0,10.0,12.0,14.75,3,0,298.0,290.0,CONDITIONAL_PASS_CANDIDATE,,
S1-A-PTOX020.0-Z370.0-FX80.0-FY20.0-FZ70.0,1,A,80.0,370.0,80.0,20.0,70.0,88.75,275.0,220.0,4.75,5.0,105.0,10.0,12.0,14.75,3,0,298.0,290.0,CONDITIONAL_PASS_CANDIDATE,,
S1-A-PTOX020.0-Z370.0-FX80.0-FY20.0-FZ80.0,1,A,80.0,370.0,80.0,20.0,80.0,88.75,285.0,220.0,4.75,5.0,115.0,10.0,12.0,14.75,3,0,298.0,290.0,CONDITIONAL_PASS_CANDIDATE,,
S1-A-PTOX020.0-Z370.0-FX80.0-FY25.0-FZ00.0,1,A,80.0,370.0,80.0,25.0,0.0,93.75,205.0,220.0,-0.25,10.0,35.0,10.0,7.75,9.75,3,0,298.0,290.0,FAIL,,BELT_SAFETY_ENVELOPE_INTERSECTS_FRAME
S1-A-PTOX020.0-Z370.0-FX80.0-FY25.0-FZ10.0,1,A,80.0,370.0,80.0,25.0,10.0,93.75,215.0,220.0,-0.25,10.0,45.0,10.0,7.75,9.75,3,0,298.0,290.0,FAIL,,BELT_SAFETY_ENVELOPE_INTERSECTS_FRAME
S1-A-PTOX020.0-Z370.0-FX80.0-FY25.0-FZ20.0,1,A,80.0,370.0,80.0,25.0,20.0,93.75,225.0,220.0,-0.25,10.0,55.0,10.0,7.75,9.75,3,0,298.0,290.0,FAIL,,BELT_SAFETY_ENVELOPE_INTERSECTS_FRAME
S1-A-PTOX020.0-Z370.0-FX80.0-FY25.0-FZ30.0,1,A,80.0,370.0,80.0,25.0,30.0,93.75,235.0,220.0,-0.25,10.0,65.0,10.0,7.75,9.75,3,0,298.0,290.0,FAIL,,BELT_SAFETY_ENVELOPE_INTERSECTS_FRAME
S1-A-PTOX020.0-Z370.0-FX80.0-FY25.0-FZ40.0,1,A,80.0,370.0,80.0,25.0,40.0,93.75,245.0,220.0,-0.25,10.0,75.0,10.0,7.75,9.75,3,0,298.0,290.0,FAIL,,BELT_SAFETY_ENVELOPE_INTERSECTS_FRAME
S1-A-PTOX020.0-Z370.0-FX80.0-FY25.0-FZ50.0,1,A,80.0,370.0,80.0,25.0,50.0,93.75,255.0,220.0,-0.25,10.0,85.0,10.0,7.75,9.75,3,0,298.0,290.0,FAIL,,BELT_SAFETY_ENVELOPE_INTERSECTS_FRAME
S1-A-PTOX020.0-Z370.0-FX80.0-FY25.0-FZ60.0,1,A,80.0,370.0,80.0,25.0,60.0,93.75,265.0,220.0,-0.25,10.0,95.0,10.0,7.75,9.75,3,0,298.0,290.0,FAIL,,BELT_SAFETY_ENVELOPE_INTERSECTS_FRAME
S1-A-PTOX020.0-Z370.0-FX80.0-FY25.0-FZ70.0,1,A,80.0,370.0,80.0,25.0,70.0,93.75,275.0,220.0,-0.25,10.0,105.0,10.0,7.75,9.75,3,0,298.0,290.0,FAIL,,BELT_SAFETY_ENVELOPE_INTERSECTS_FRAME
S1-A-PTOX020.0-Z370.0-FX80.0-FY25.0-FZ80.0,1,A,80.0,370.0,80.0,25.0,80.0,93.75,285.0,220.0,-0.25,10.0,115.0,10.0,7.75,9.75,3,0,298.0,290.0,FAIL,,BELT_SAFETY_ENVELOPE_INTERSECTS_FRAME
S1-A-PTOX020.0-Z370.0-FX80.0-FY30.0-FZ00.0,1,A,80.0,370.0,80.0,30.0,0.0,98.75,205.0,220.0,-5.25,15.0,35.0,10.0,2.75,4.75,3,0,298.0,290.0,FAIL,,BELT_SAFETY_ENVELOPE_INTERSECTS_FRAME
S1-A-PTOX020.0-Z370.0-FX80.0-FY30.0-FZ10.0,1,A,80.0,370.0,80.0,30.0,10.0,98.75,215.0,220.0,-5.25,15.0,45.0,10.0,2.75,4.75,3,0,298.0,290.0,FAIL,,BELT_SAFETY_ENVELOPE_INTERSECTS_FRAME
S1-A-PTOX020.0-Z370.0-FX80.0-FY30.0-FZ20.0,1,A,80.0,370.0,80.0,30.0,20.0,98.75,225.0,220.0,-5.25,15.0,55.0,10.0,2.75,4.75,3,0,298.0,290.0,FAIL,,BELT_SAFETY_ENVELOPE_INTERSECTS_FRAME
S1-A-PTOX020.0-Z370.0-FX80.0-FY30.0-FZ30.0,1,A,80.0,370.0,80.0,30.0,30.0,98.75,235.0,220.0,-5.25,15.0,65.0,10.0,2.75,4.75,3,0,298.0,290.0,FAIL,,BELT_SAFETY_ENVELOPE_INTERSECTS_FRAME
S1-A-PTOX020.0-Z370.0-FX80.0-FY30.0-FZ40.0,1,A,80.0,370.0,80.0,30.0,40.0,98.75,245.0,220.0,-5.25,15.0,75.0,10.0,2.75,4.75,3,0,298.0,290.0,FAIL,,BELT_SAFETY_ENVELOPE_INTERSECTS_FRAME
S1-A-PTOX020.0-Z370.0-FX80.0-FY30.0-FZ50.0,1,A,80.0,370.0,80.0,30.0,50.0,98.75,255.0,220.0,-5.25,15.0,85.0,10.0,2.75,4.75,3,0,298.0,290.0,FAIL,,BELT_SAFETY_ENVELOPE_INTERSECTS_FRAME
S1-A-PTOX020.0-Z370.0-FX80.0-FY30.0-FZ60.0,1,A,80.0,370.0,80.0,30.0,60.0,98.75,265.0,220.0,-5.25,15.0,95.0,10.0,2.75,4.75,3,0,298.0,290.0,FAIL,,BELT_SAFETY_ENVELOPE_INTERSECTS_FRAME
S1-A-PTOX020.0-Z370.0-FX80.0-FY30.0-FZ70.0,1,A,80.0,370.0,80.0,30.0,70.0,98.75,275.0,220.0,-5.25,15.0,105.0,10.0,2.75,4.75,3,0,298.0,290.0,FAIL,,BELT_SAFETY_ENVELOPE_INTERSECTS_FRAME
S1-A-PTOX020.0-Z370.0-FX80.0-FY30.0-FZ80.0,1,A,80.0,370.0,80.0,30.0,80.0,98.75,285.0,220.0,-5.25,15.0,115.0,10.0,2.75,4.75,3,0,298.0,290.0,FAIL,,BELT_SAFETY_ENVELOPE_INTERSECTS_FRAME
S2-A-PTOX020.0-Z280.0-FX40.0-FY20.0-FZ20.0,2,A,80.0,280.0,40.0,20.0,20.0,88.75,225.0,180.0,4.75,5.0,55.0,100.0,12.0,14.75,5,0,298.0,290.0,FAIL,,ARCH_A_LOW_PTO_AXIAL_STACK_HOLD
S2-A-PTOX020.0-Z290.0-FX40.0-FY20.0-FZ20.0,2,A,80.0,290.0,40.0,20.0,20.0,88.75,225.0,180.0,4.75,5.0,55.0,90.0,12.0,14.75,5,0,298.0,290.0,FAIL,,ARCH_A_LOW_PTO_AXIAL_STACK_HOLD
S2-A-PTOX020.0-Z300.0-FX40.0-FY20.0-FZ20.0,2,A,80.0,300.0,40.0,20.0,20.0,88.75,225.0,180.0,4.75,5.0,55.0,80.0,12.0,14.75,5,0,298.0,290.0,FAIL,,ARCH_A_LOW_PTO_AXIAL_STACK_HOLD
S2-A-PTOX020.0-Z310.0-FX40.0-FY20.0-FZ20.0,2,A,80.0,310.0,40.0,20.0,20.0,88.75,225.0,180.0,4.75,5.0,55.0,70.0,12.0,14.75,5,0,298.0,290.0,FAIL,,ARCH_A_LOW_PTO_AXIAL_STACK_HOLD
S2-A-PTOX020.0-Z320.0-FX40.0-FY20.0-FZ20.0,2,A,80.0,320.0,40.0,20.0,20.0,88.75,225.0,180.0,4.75,5.0,55.0,60.0,12.0,14.75,5,0,298.0,290.0,FAIL,,ARCH_A_LOW_PTO_AXIAL_STACK_HOLD
S2-A-PTOX020.0-Z330.0-FX40.0-FY20.0-FZ20.0,2,A,80.0,330.0,40.0,20.0,20.0,88.75,225.0,180.0,4.75,5.0,55.0,50.0,12.0,14.75,5,0,298.0,290.0,FAIL,,ARCH_A_LOW_PTO_AXIAL_STACK_HOLD
S2-A-PTOX020.0-Z340.0-FX40.0-FY20.0-FZ20.0,2,A,80.0,340.0,40.0,20.0,20.0,88.75,225.0,180.0,4.75,5.0,55.0,40.0,12.0,14.75,5,0,298.0,290.0,FAIL,,ARCH_A_LOW_PTO_AXIAL_STACK_HOLD
S2-A-PTOX020.0-Z350.0-FX40.0-FY20.0-FZ20.0,2,A,80.0,350.0,40.0,20.0,20.0,88.75,225.0,180.0,4.75,5.0,55.0,30.0,12.0,14.75,5,0,298.0,290.0,CONDITIONAL_PASS_CANDIDATE,,
S2-A-PTOX020.0-Z360.0-FX40.0-FY20.0-FZ20.0,2,A,80.0,360.0,40.0,20.0,20.0,88.75,225.0,180.0,4.75,5.0,55.0,20.0,12.0,14.75,5,0,298.0,290.0,CONDITIONAL_PASS_CANDIDATE,,
S2-B-PTOX020.0-Z280.0-FX40.0-FY20.0-FZ20.0,2,B,80.0,280.0,40.0,20.0,20.0,88.75,225.0,180.0,4.75,5.0,55.0,100.0,12.0,14.75,5,4,290.0,290.0,CONDITIONAL_PASS_CANDIDATE,,
S2-B-PTOX020.0-Z290.0-FX40.0-FY20.0-FZ20.0,2,B,80.0,290.0,40.0,20.0,20.0,88.75,225.0,180.0,4.75,5.0,55.0,90.0,12.0,14.75,5,4,290.0,290.0,CONDITIONAL_PASS_CANDIDATE,,
S2-B-PTOX020.0-Z300.0-FX40.0-FY20.0-FZ20.0,2,B,80.0,300.0,40.0,20.0,20.0,88.75,225.0,180.0,4.75,5.0,55.0,80.0,12.0,14.75,5,4,290.0,290.0,CONDITIONAL_PASS_CANDIDATE,,
S2-B-PTOX020.0-Z310.0-FX40.0-FY20.0-FZ20.0,2,B,80.0,310.0,40.0,20.0,20.0,88.75,225.0,180.0,4.75,5.0,55.0,70.0,12.0,14.75,5,4,290.0,290.0,CONDITIONAL_PASS_CANDIDATE,,
S2-B-PTOX020.0-Z320.0-FX40.0-FY20.0-FZ20.0,2,B,80.0,320.0,40.0,20.0,20.0,88.75,225.0,180.0,4.75,5.0,55.0,60.0,12.0,14.75,5,4,290.0,290.0,CONDITIONAL_PASS_CANDIDATE,,
S2-B-PTOX020.0-Z330.0-FX40.0-FY20.0-FZ20.0,2,B,80.0,330.0,40.0,20.0,20.0,88.75,225.0,180.0,4.75,5.0,55.0,50.0,12.0,14.75,5,4,290.0,290.0,CONDITIONAL_PASS_CANDIDATE,,
S2-B-PTOX020.0-Z340.0-FX40.0-FY20.0-FZ20.0,2,B,80.0,340.0,40.0,20.0,20.0,88.75,225.0,180.0,4.75,5.0,55.0,40.0,12.0,14.75,5,4,290.0,290.0,CONDITIONAL_PASS_CANDIDATE,,
S2-B-PTOX020.0-Z350.0-FX40.0-FY20.0-FZ20.0,2,B,80.0,350.0,40.0,20.0,20.0,88.75,225.0,180.0,4.75,5.0,55.0,30.0,12.0,14.75,5,4,290.0,290.0,CONDITIONAL_PASS_CANDIDATE,,
S2-B-PTOX020.0-Z360.0-FX40.0-FY20.0-FZ20.0,2,B,80.0,360.0,40.0,20.0,20.0,88.75,225.0,180.0,4.75,5.0,55.0,20.0,12.0,14.75,5,4,290.0,290.0,CONDITIONAL_PASS_CANDIDATE,,
S3-A-PTOX000.0-Z280.0-FX40.0-FY20.0-FZ20.0,3,A,60.0,280.0,40.0,20.0,20.0,88.75,225.0,180.0,4.75,5.0,55.0,100.0,12.0,14.75,5,0,298.0,290.0,FAIL,,ARCH_A_LOW_PTO_AXIAL_STACK_HOLD
S3-A-PTOX010.0-Z280.0-FX40.0-FY20.0-FZ20.0,3,A,70.0,280.0,40.0,20.0,20.0,88.75,225.0,180.0,4.75,5.0,55.0,100.0,12.0,14.75,5,0,298.0,290.0,FAIL,,ARCH_A_LOW_PTO_AXIAL_STACK_HOLD
S3-A-PTOX020.0-Z280.0-FX40.0-FY20.0-FZ20.0,3,A,80.0,280.0,40.0,20.0,20.0,88.75,225.0,180.0,4.75,5.0,55.0,100.0,12.0,14.75,5,0,298.0,290.0,FAIL,,ARCH_A_LOW_PTO_AXIAL_STACK_HOLD
S3-A-PTOX030.0-Z280.0-FX40.0-FY20.0-FZ20.0,3,A,90.0,280.0,40.0,20.0,20.0,88.75,225.0,180.0,4.75,5.0,55.0,100.0,12.0,14.75,5,0,298.0,290.0,FAIL,,ARCH_A_LOW_PTO_AXIAL_STACK_HOLD
S3-A-PTOX040.0-Z280.0-FX40.0-FY20.0-FZ20.0,3,A,100.0,280.0,40.0,20.0,20.0,88.75,225.0,180.0,4.75,5.0,55.0,100.0,12.0,14.75,5,0,298.0,290.0,FAIL,,ARCH_A_LOW_PTO_AXIAL_STACK_HOLD
S3-A-PTOX050.0-Z280.0-FX40.0-FY20.0-FZ20.0,3,A,110.0,280.0,40.0,20.0,20.0,88.75,225.0,180.0,4.75,0.0,55.0,100.0,12.0,14.75,5,0,298.0,290.0,FAIL,,ARCH_A_LOW_PTO_AXIAL_STACK_HOLD
S3-A-PTOX060.0-Z280.0-FX40.0-FY20.0-FZ20.0,3,A,120.0,280.0,40.0,20.0,20.0,88.75,225.0,180.0,4.75,-10.0,55.0,100.0,12.0,14.75,5,0,298.0,290.0,FAIL,,PTO_ROTATION_ENVELOPE_INTERSECTS_FRAME|ARCH_A_LOW_PTO_AXIAL_STACK_HOLD
S3-A-PTOX070.0-Z280.0-FX40.0-FY20.0-FZ20.0,3,A,130.0,280.0,40.0,20.0,20.0,88.75,225.0,180.0,4.75,-20.0,55.0,100.0,12.0,14.75,5,0,298.0,290.0,FAIL,,PTO_ROTATION_ENVELOPE_INTERSECTS_FRAME|ARCH_A_LOW_PTO_AXIAL_STACK_HOLD
S3-A-PTOX080.0-Z280.0-FX40.0-FY20.0-FZ20.0,3,A,140.0,280.0,40.0,20.0,20.0,88.75,225.0,180.0,4.75,-30.0,55.0,100.0,12.0,14.75,5,0,298.0,290.0,FAIL,,PTO_ROTATION_ENVELOPE_INTERSECTS_FRAME|ARCH_A_LOW_PTO_AXIAL_STACK_HOLD
S3-A-PTOX000.0-Z290.0-FX40.0-FY20.0-FZ20.0,3,A,60.0,290.0,40.0,20.0,20.0,88.75,225.0,180.0,4.75,5.0,55.0,90.0,12.0,14.75,5,0,298.0,290.0,FAIL,,ARCH_A_LOW_PTO_AXIAL_STACK_HOLD
S3-A-PTOX010.0-Z290.0-FX40.0-FY20.0-FZ20.0,3,A,70.0,290.0,40.0,20.0,20.0,88.75,225.0,180.0,4.75,5.0,55.0,90.0,12.0,14.75,5,0,298.0,290.0,FAIL,,ARCH_A_LOW_PTO_AXIAL_STACK_HOLD
S3-A-PTOX020.0-Z290.0-FX40.0-FY20.0-FZ20.0,3,A,80.0,290.0,40.0,20.0,20.0,88.75,225.0,180.0,4.75,5.0,55.0,90.0,12.0,14.75,5,0,298.0,290.0,FAIL,,ARCH_A_LOW_PTO_AXIAL_STACK_HOLD
S3-A-PTOX030.0-Z290.0-FX40.0-FY20.0-FZ20.0,3,A,90.0,290.0,40.0,20.0,20.0,88.75,225.0,180.0,4.75,5.0,55.0,90.0,12.0,14.75,5,0,298.0,290.0,FAIL,,ARCH_A_LOW_PTO_AXIAL_STACK_HOLD
S3-A-PTOX040.0-Z290.0-FX40.0-FY20.0-FZ20.0,3,A,100.0,290.0,40.0,20.0,20.0,88.75,225.0,180.0,4.75,5.0,55.0,90.0,12.0,14.75,5,0,298.0,290.0,FAIL,,ARCH_A_LOW_PTO_AXIAL_STACK_HOLD
S3-A-PTOX050.0-Z290.0-FX40.0-FY20.0-FZ20.0,3,A,110.0,290.0,40.0,20.0,20.0,88.75,225.0,180.0,4.75,0.0,55.0,90.0,12.0,14.75,5,0,298.0,290.0,FAIL,,ARCH_A_LOW_PTO_AXIAL_STACK_HOLD
S3-A-PTOX060.0-Z290.0-FX40.0-FY20.0-FZ20.0,3,A,120.0,290.0,40.0,20.0,20.0,88.75,225.0,180.0,4.75,-10.0,55.0,90.0,12.0,14.75,5,0,298.0,290.0,FAIL,,PTO_ROTATION_ENVELOPE_INTERSECTS_FRAME|ARCH_A_LOW_PTO_AXIAL_STACK_HOLD
S3-A-PTOX070.0-Z290.0-FX40.0-FY20.0-FZ20.0,3,A,130.0,290.0,40.0,20.0,20.0,88.75,225.0,180.0,4.75,-20.0,55.0,90.0,12.0,14.75,5,0,298.0,290.0,FAIL,,PTO_ROTATION_ENVELOPE_INTERSECTS_FRAME|ARCH_A_LOW_PTO_AXIAL_STACK_HOLD
S3-A-PTOX080.0-Z290.0-FX40.0-FY20.0-FZ20.0,3,A,140.0,290.0,40.0,20.0,20.0,88.75,225.0,180.0,4.75,-30.0,55.0,90.0,12.0,14.75,5,0,298.0,290.0,FAIL,,PTO_ROTATION_ENVELOPE_INTERSECTS_FRAME|ARCH_A_LOW_PTO_AXIAL_STACK_HOLD
S3-A-PTOX000.0-Z300.0-FX40.0-FY20.0-FZ20.0,3,A,60.0,300.0,40.0,20.0,20.0,88.75,225.0,180.0,4.75,5.0,55.0,80.0,12.0,14.75,5,0,298.0,290.0,FAIL,,ARCH_A_LOW_PTO_AXIAL_STACK_HOLD
S3-A-PTOX010.0-Z300.0-FX40.0-FY20.0-FZ20.0,3,A,70.0,300.0,40.0,20.0,20.0,88.75,225.0,180.0,4.75,5.0,55.0,80.0,12.0,14.75,5,0,298.0,290.0,FAIL,,ARCH_A_LOW_PTO_AXIAL_STACK_HOLD
S3-A-PTOX020.0-Z300.0-FX40.0-FY20.0-FZ20.0,3,A,80.0,300.0,40.0,20.0,20.0,88.75,225.0,180.0,4.75,5.0,55.0,80.0,12.0,14.75,5,0,298.0,290.0,FAIL,,ARCH_A_LOW_PTO_AXIAL_STACK_HOLD
S3-A-PTOX030.0-Z300.0-FX40.0-FY20.0-FZ20.0,3,A,90.0,300.0,40.0,20.0,20.0,88.75,225.0,180.0,4.75,5.0,55.0,80.0,12.0,14.75,5,0,298.0,290.0,FAIL,,ARCH_A_LOW_PTO_AXIAL_STACK_HOLD
S3-A-PTOX040.0-Z300.0-FX40.0-FY20.0-FZ20.0,3,A,100.0,300.0,40.0,20.0,20.0,88.75,225.0,180.0,4.75,5.0,55.0,80.0,12.0,14.75,5,0,298.0,290.0,FAIL,,ARCH_A_LOW_PTO_AXIAL_STACK_HOLD
S3-A-PTOX050.0-Z300.0-FX40.0-FY20.0-FZ20.0,3,A,110.0,300.0,40.0,20.0,20.0,88.75,225.0,180.0,4.75,0.0,55.0,80.0,12.0,14.75,5,0,298.0,290.0,FAIL,,ARCH_A_LOW_PTO_AXIAL_STACK_HOLD
S3-A-PTOX060.0-Z300.0-FX40.0-FY20.0-FZ20.0,3,A,120.0,300.0,40.0,20.0,20.0,88.75,225.0,180.0,4.75,-10.0,55.0,80.0,12.0,14.75,5,0,298.0,290.0,FAIL,,PTO_ROTATION_ENVELOPE_INTERSECTS_FRAME|ARCH_A_LOW_PTO_AXIAL_STACK_HOLD
S3-A-PTOX070.0-Z300.0-FX40.0-FY20.0-FZ20.0,3,A,130.0,300.0,40.0,20.0,20.0,88.75,225.0,180.0,4.75,-20.0,55.0,80.0,12.0,14.75,5,0,298.0,290.0,FAIL,,PTO_ROTATION_ENVELOPE_INTERSECTS_FRAME|ARCH_A_LOW_PTO_AXIAL_STACK_HOLD
S3-A-PTOX080.0-Z300.0-FX40.0-FY20.0-FZ20.0,3,A,140.0,300.0,40.0,20.0,20.0,88.75,225.0,180.0,4.75,-30.0,55.0,80.0,12.0,14.75,5,0,298.0,290.0,FAIL,,PTO_ROTATION_ENVELOPE_INTERSECTS_FRAME|ARCH_A_LOW_PTO_AXIAL_STACK_HOLD
S3-A-PTOX000.0-Z310.0-FX40.0-FY20.0-FZ20.0,3,A,60.0,310.0,40.0,20.0,20.0,88.75,225.0,180.0,4.75,5.0,55.0,70.0,12.0,14.75,5,0,298.0,290.0,FAIL,,ARCH_A_LOW_PTO_AXIAL_STACK_HOLD
S3-A-PTOX010.0-Z310.0-FX40.0-FY20.0-FZ20.0,3,A,70.0,310.0,40.0,20.0,20.0,88.75,225.0,180.0,4.75,5.0,55.0,70.0,12.0,14.75,5,0,298.0,290.0,FAIL,,ARCH_A_LOW_PTO_AXIAL_STACK_HOLD
S3-A-PTOX020.0-Z310.0-FX40.0-FY20.0-FZ20.0,3,A,80.0,310.0,40.0,20.0,20.0,88.75,225.0,180.0,4.75,5.0,55.0,70.0,12.0,14.75,5,0,298.0,290.0,FAIL,,ARCH_A_LOW_PTO_AXIAL_STACK_HOLD
S3-A-PTOX030.0-Z310.0-FX40.0-FY20.0-FZ20.0,3,A,90.0,310.0,40.0,20.0,20.0,88.75,225.0,180.0,4.75,5.0,55.0,70.0,12.0,14.75,5,0,298.0,290.0,FAIL,,ARCH_A_LOW_PTO_AXIAL_STACK_HOLD
S3-A-PTOX040.0-Z310.0-FX40.0-FY20.0-FZ20.0,3,A,100.0,310.0,40.0,20.0,20.0,88.75,225.0,180.0,4.75,5.0,55.0,70.0,12.0,14.75,5,0,298.0,290.0,FAIL,,ARCH_A_LOW_PTO_AXIAL_STACK_HOLD
S3-A-PTOX050.0-Z310.0-FX40.0-FY20.0-FZ20.0,3,A,110.0,310.0,40.0,20.0,20.0,88.75,225.0,180.0,4.75,0.0,55.0,70.0,12.0,14.75,5,0,298.0,290.0,FAIL,,ARCH_A_LOW_PTO_AXIAL_STACK_HOLD
S3-A-PTOX060.0-Z310.0-FX40.0-FY20.0-FZ20.0,3,A,120.0,310.0,40.0,20.0,20.0,88.75,225.0,180.0,4.75,-10.0,55.0,70.0,12.0,14.75,5,0,298.0,290.0,FAIL,,PTO_ROTATION_ENVELOPE_INTERSECTS_FRAME|ARCH_A_LOW_PTO_AXIAL_STACK_HOLD
S3-A-PTOX070.0-Z310.0-FX40.0-FY20.0-FZ20.0,3,A,130.0,310.0,40.0,20.0,20.0,88.75,225.0,180.0,4.75,-20.0,55.0,70.0,12.0,14.75,5,0,298.0,290.0,FAIL,,PTO_ROTATION_ENVELOPE_INTERSECTS_FRAME|ARCH_A_LOW_PTO_AXIAL_STACK_HOLD
S3-A-PTOX080.0-Z310.0-FX40.0-FY20.0-FZ20.0,3,A,140.0,310.0,40.0,20.0,20.0,88.75,225.0,180.0,4.75,-30.0,55.0,70.0,12.0,14.75,5,0,298.0,290.0,FAIL,,PTO_ROTATION_ENVELOPE_INTERSECTS_FRAME|ARCH_A_LOW_PTO_AXIAL_STACK_HOLD
S3-A-PTOX000.0-Z320.0-FX40.0-FY20.0-FZ20.0,3,A,60.0,320.0,40.0,20.0,20.0,88.75,225.0,180.0,4.75,5.0,55.0,60.0,12.0,14.75,5,0,298.0,290.0,FAIL,,ARCH_A_LOW_PTO_AXIAL_STACK_HOLD
S3-A-PTOX010.0-Z320.0-FX40.0-FY20.0-FZ20.0,3,A,70.0,320.0,40.0,20.0,20.0,88.75,225.0,180.0,4.75,5.0,55.0,60.0,12.0,14.75,5,0,298.0,290.0,FAIL,,ARCH_A_LOW_PTO_AXIAL_STACK_HOLD
S3-A-PTOX020.0-Z320.0-FX40.0-FY20.0-FZ20.0,3,A,80.0,320.0,40.0,20.0,20.0,88.75,225.0,180.0,4.75,5.0,55.0,60.0,12.0,14.75,5,0,298.0,290.0,FAIL,,ARCH_A_LOW_PTO_AXIAL_STACK_HOLD
S3-A-PTOX030.0-Z320.0-FX40.0-FY20.0-FZ20.0,3,A,90.0,320.0,40.0,20.0,20.0,88.75,225.0,180.0,4.75,5.0,55.0,60.0,12.0,14.75,5,0,298.0,290.0,FAIL,,ARCH_A_LOW_PTO_AXIAL_STACK_HOLD
S3-A-PTOX040.0-Z320.0-FX40.0-FY20.0-FZ20.0,3,A,100.0,320.0,40.0,20.0,20.0,88.75,225.0,180.0,4.75,5.0,55.0,60.0,12.0,14.75,5,0,298.0,290.0,FAIL,,ARCH_A_LOW_PTO_AXIAL_STACK_HOLD
S3-A-PTOX050.0-Z320.0-FX40.0-FY20.0-FZ20.0,3,A,110.0,320.0,40.0,20.0,20.0,88.75,225.0,180.0,4.75,0.0,55.0,60.0,12.0,14.75,5,0,298.0,290.0,FAIL,,ARCH_A_LOW_PTO_AXIAL_STACK_HOLD
S3-A-PTOX060.0-Z320.0-FX40.0-FY20.0-FZ20.0,3,A,120.0,320.0,40.0,20.0,20.0,88.75,225.0,180.0,4.75,-10.0,55.0,60.0,12.0,14.75,5,0,298.0,290.0,FAIL,,PTO_ROTATION_ENVELOPE_INTERSECTS_FRAME|ARCH_A_LOW_PTO_AXIAL_STACK_HOLD
S3-A-PTOX070.0-Z320.0-FX40.0-FY20.0-FZ20.0,3,A,130.0,320.0,40.0,20.0,20.0,88.75,225.0,180.0,4.75,-20.0,55.0,60.0,12.0,14.75,5,0,298.0,290.0,FAIL,,PTO_ROTATION_ENVELOPE_INTERSECTS_FRAME|ARCH_A_LOW_PTO_AXIAL_STACK_HOLD
S3-A-PTOX080.0-Z320.0-FX40.0-FY20.0-FZ20.0,3,A,140.0,320.0,40.0,20.0,20.0,88.75,225.0,180.0,4.75,-30.0,55.0,60.0,12.0,14.75,5,0,298.0,290.0,FAIL,,PTO_ROTATION_ENVELOPE_INTERSECTS_FRAME|ARCH_A_LOW_PTO_AXIAL_STACK_HOLD
S3-A-PTOX000.0-Z330.0-FX40.0-FY20.0-FZ20.0,3,A,60.0,330.0,40.0,20.0,20.0,88.75,225.0,180.0,4.75,5.0,55.0,50.0,12.0,14.75,5,0,298.0,290.0,FAIL,,ARCH_A_LOW_PTO_AXIAL_STACK_HOLD
S3-A-PTOX010.0-Z330.0-FX40.0-FY20.0-FZ20.0,3,A,70.0,330.0,40.0,20.0,20.0,88.75,225.0,180.0,4.75,5.0,55.0,50.0,12.0,14.75,5,0,298.0,290.0,FAIL,,ARCH_A_LOW_PTO_AXIAL_STACK_HOLD
S3-A-PTOX020.0-Z330.0-FX40.0-FY20.0-FZ20.0,3,A,80.0,330.0,40.0,20.0,20.0,88.75,225.0,180.0,4.75,5.0,55.0,50.0,12.0,14.75,5,0,298.0,290.0,FAIL,,ARCH_A_LOW_PTO_AXIAL_STACK_HOLD
S3-A-PTOX030.0-Z330.0-FX40.0-FY20.0-FZ20.0,3,A,90.0,330.0,40.0,20.0,20.0,88.75,225.0,180.0,4.75,5.0,55.0,50.0,12.0,14.75,5,0,298.0,290.0,FAIL,,ARCH_A_LOW_PTO_AXIAL_STACK_HOLD
S3-A-PTOX040.0-Z330.0-FX40.0-FY20.0-FZ20.0,3,A,100.0,330.0,40.0,20.0,20.0,88.75,225.0,180.0,4.75,5.0,55.0,50.0,12.0,14.75,5,0,298.0,290.0,FAIL,,ARCH_A_LOW_PTO_AXIAL_STACK_HOLD
S3-A-PTOX050.0-Z330.0-FX40.0-FY20.0-FZ20.0,3,A,110.0,330.0,40.0,20.0,20.0,88.75,225.0,180.0,4.75,0.0,55.0,50.0,12.0,14.75,5,0,298.0,290.0,FAIL,,ARCH_A_LOW_PTO_AXIAL_STACK_HOLD
S3-A-PTOX060.0-Z330.0-FX40.0-FY20.0-FZ20.0,3,A,120.0,330.0,40.0,20.0,20.0,88.75,225.0,180.0,4.75,-10.0,55.0,50.0,12.0,14.75,5,0,298.0,290.0,FAIL,,PTO_ROTATION_ENVELOPE_INTERSECTS_FRAME|ARCH_A_LOW_PTO_AXIAL_STACK_HOLD
S3-A-PTOX070.0-Z330.0-FX40.0-FY20.0-FZ20.0,3,A,130.0,330.0,40.0,20.0,20.0,88.75,225.0,180.0,4.75,-20.0,55.0,50.0,12.0,14.75,5,0,298.0,290.0,FAIL,,PTO_ROTATION_ENVELOPE_INTERSECTS_FRAME|ARCH_A_LOW_PTO_AXIAL_STACK_HOLD
S3-A-PTOX080.0-Z330.0-FX40.0-FY20.0-FZ20.0,3,A,140.0,330.0,40.0,20.0,20.0,88.75,225.0,180.0,4.75,-30.0,55.0,50.0,12.0,14.75,5,0,298.0,290.0,FAIL,,PTO_ROTATION_ENVELOPE_INTERSECTS_FRAME|ARCH_A_LOW_PTO_AXIAL_STACK_HOLD
S3-A-PTOX000.0-Z340.0-FX40.0-FY20.0-FZ20.0,3,A,60.0,340.0,40.0,20.0,20.0,88.75,225.0,180.0,4.75,5.0,55.0,40.0,12.0,14.75,5,0,298.0,290.0,FAIL,,ARCH_A_LOW_PTO_AXIAL_STACK_HOLD
S3-A-PTOX010.0-Z340.0-FX40.0-FY20.0-FZ20.0,3,A,70.0,340.0,40.0,20.0,20.0,88.75,225.0,180.0,4.75,5.0,55.0,40.0,12.0,14.75,5,0,298.0,290.0,FAIL,,ARCH_A_LOW_PTO_AXIAL_STACK_HOLD
S3-A-PTOX020.0-Z340.0-FX40.0-FY20.0-FZ20.0,3,A,80.0,340.0,40.0,20.0,20.0,88.75,225.0,180.0,4.75,5.0,55.0,40.0,12.0,14.75,5,0,298.0,290.0,FAIL,,ARCH_A_LOW_PTO_AXIAL_STACK_HOLD
S3-A-PTOX030.0-Z340.0-FX40.0-FY20.0-FZ20.0,3,A,90.0,340.0,40.0,20.0,20.0,88.75,225.0,180.0,4.75,5.0,55.0,40.0,12.0,14.75,5,0,298.0,290.0,FAIL,,ARCH_A_LOW_PTO_AXIAL_STACK_HOLD
S3-A-PTOX040.0-Z340.0-FX40.0-FY20.0-FZ20.0,3,A,100.0,340.0,40.0,20.0,20.0,88.75,225.0,180.0,4.75,5.0,55.0,40.0,12.0,14.75,5,0,298.0,290.0,FAIL,,ARCH_A_LOW_PTO_AXIAL_STACK_HOLD
S3-A-PTOX050.0-Z340.0-FX40.0-FY20.0-FZ20.0,3,A,110.0,340.0,40.0,20.0,20.0,88.75,225.0,180.0,4.75,0.0,55.0,40.0,12.0,14.75,5,0,298.0,290.0,FAIL,,ARCH_A_LOW_PTO_AXIAL_STACK_HOLD
S3-A-PTOX060.0-Z340.0-FX40.0-FY20.0-FZ20.0,3,A,120.0,340.0,40.0,20.0,20.0,88.75,225.0,180.0,4.75,-10.0,55.0,40.0,12.0,14.75,5,0,298.0,290.0,FAIL,,PTO_ROTATION_ENVELOPE_INTERSECTS_FRAME|ARCH_A_LOW_PTO_AXIAL_STACK_HOLD
S3-A-PTOX070.0-Z340.0-FX40.0-FY20.0-FZ20.0,3,A,130.0,340.0,40.0,20.0,20.0,88.75,225.0,180.0,4.75,-20.0,55.0,40.0,12.0,14.75,5,0,298.0,290.0,FAIL,,PTO_ROTATION_ENVELOPE_INTERSECTS_FRAME|ARCH_A_LOW_PTO_AXIAL_STACK_HOLD
S3-A-PTOX080.0-Z340.0-FX40.0-FY20.0-FZ20.0,3,A,140.0,340.0,40.0,20.0,20.0,88.75,225.0,180.0,4.75,-30.0,55.0,40.0,12.0,14.75,5,0,298.0,290.0,FAIL,,PTO_ROTATION_ENVELOPE_INTERSECTS_FRAME|ARCH_A_LOW_PTO_AXIAL_STACK_HOLD
S3-A-PTOX000.0-Z350.0-FX40.0-FY20.0-FZ20.0,3,A,60.0,350.0,40.0,20.0,20.0,88.75,225.0,180.0,4.75,5.0,55.0,30.0,12.0,14.75,5,0,298.0,290.0,CONDITIONAL_PASS_CANDIDATE,,
S3-A-PTOX010.0-Z350.0-FX40.0-FY20.0-FZ20.0,3,A,70.0,350.0,40.0,20.0,20.0,88.75,225.0,180.0,4.75,5.0,55.0,30.0,12.0,14.75,5,0,298.0,290.0,CONDITIONAL_PASS_CANDIDATE,,
S3-A-PTOX020.0-Z350.0-FX40.0-FY20.0-FZ20.0,3,A,80.0,350.0,40.0,20.0,20.0,88.75,225.0,180.0,4.75,5.0,55.0,30.0,12.0,14.75,5,0,298.0,290.0,CONDITIONAL_PASS_CANDIDATE,,
S3-A-PTOX030.0-Z350.0-FX40.0-FY20.0-FZ20.0,3,A,90.0,350.0,40.0,20.0,20.0,88.75,225.0,180.0,4.75,5.0,55.0,30.0,12.0,14.75,5,0,298.0,290.0,CONDITIONAL_PASS_CANDIDATE,,
S3-A-PTOX040.0-Z350.0-FX40.0-FY20.0-FZ20.0,3,A,100.0,350.0,40.0,20.0,20.0,88.75,225.0,180.0,4.75,5.0,55.0,30.0,12.0,14.75,5,0,298.0,290.0,CONDITIONAL_PASS_CANDIDATE,,
S3-A-PTOX050.0-Z350.0-FX40.0-FY20.0-FZ20.0,3,A,110.0,350.0,40.0,20.0,20.0,88.75,225.0,180.0,4.75,0.0,55.0,30.0,12.0,14.75,5,0,298.0,290.0,CONDITIONAL_PASS_CANDIDATE,,
S3-A-PTOX060.0-Z350.0-FX40.0-FY20.0-FZ20.0,3,A,120.0,350.0,40.0,20.0,20.0,88.75,225.0,180.0,4.75,-10.0,55.0,30.0,12.0,14.75,5,0,298.0,290.0,FAIL,,PTO_ROTATION_ENVELOPE_INTERSECTS_FRAME
S3-A-PTOX070.0-Z350.0-FX40.0-FY20.0-FZ20.0,3,A,130.0,350.0,40.0,20.0,20.0,88.75,225.0,180.0,4.75,-20.0,55.0,30.0,12.0,14.75,5,0,298.0,290.0,FAIL,,PTO_ROTATION_ENVELOPE_INTERSECTS_FRAME
S3-A-PTOX080.0-Z350.0-FX40.0-FY20.0-FZ20.0,3,A,140.0,350.0,40.0,20.0,20.0,88.75,225.0,180.0,4.75,-30.0,55.0,30.0,12.0,14.75,5,0,298.0,290.0,FAIL,,PTO_ROTATION_ENVELOPE_INTERSECTS_FRAME
S3-A-PTOX000.0-Z360.0-FX40.0-FY20.0-FZ20.0,3,A,60.0,360.0,40.0,20.0,20.0,88.75,225.0,180.0,4.75,5.0,55.0,20.0,12.0,14.75,5,0,298.0,290.0,CONDITIONAL_PASS_CANDIDATE,,
S3-A-PTOX010.0-Z360.0-FX40.0-FY20.0-FZ20.0,3,A,70.0,360.0,40.0,20.0,20.0,88.75,225.0,180.0,4.75,5.0,55.0,20.0,12.0,14.75,5,0,298.0,290.0,CONDITIONAL_PASS_CANDIDATE,,
S3-A-PTOX020.0-Z360.0-FX40.0-FY20.0-FZ20.0,3,A,80.0,360.0,40.0,20.0,20.0,88.75,225.0,180.0,4.75,5.0,55.0,20.0,12.0,14.75,5,0,298.0,290.0,CONDITIONAL_PASS_CANDIDATE,,
S3-A-PTOX030.0-Z360.0-FX40.0-FY20.0-FZ20.0,3,A,90.0,360.0,40.0,20.0,20.0,88.75,225.0,180.0,4.75,5.0,55.0,20.0,12.0,14.75,5,0,298.0,290.0,CONDITIONAL_PASS_CANDIDATE,,
S3-A-PTOX040.0-Z360.0-FX40.0-FY20.0-FZ20.0,3,A,100.0,360.0,40.0,20.0,20.0,88.75,225.0,180.0,4.75,5.0,55.0,20.0,12.0,14.75,5,0,298.0,290.0,CONDITIONAL_PASS_CANDIDATE,,
S3-A-PTOX050.0-Z360.0-FX40.0-FY20.0-FZ20.0,3,A,110.0,360.0,40.0,20.0,20.0,88.75,225.0,180.0,4.75,0.0,55.0,20.0,12.0,14.75,5,0,298.0,290.0,CONDITIONAL_PASS_CANDIDATE,,
S3-A-PTOX060.0-Z360.0-FX40.0-FY20.0-FZ20.0,3,A,120.0,360.0,40.0,20.0,20.0,88.75,225.0,180.0,4.75,-10.0,55.0,20.0,12.0,14.75,5,0,298.0,290.0,FAIL,,PTO_ROTATION_ENVELOPE_INTERSECTS_FRAME
S3-A-PTOX070.0-Z360.0-FX40.0-FY20.0-FZ20.0,3,A,130.0,360.0,40.0,20.0,20.0,88.75,225.0,180.0,4.75,-20.0,55.0,20.0,12.0,14.75,5,0,298.0,290.0,FAIL,,PTO_ROTATION_ENVELOPE_INTERSECTS_FRAME
S3-A-PTOX080.0-Z360.0-FX40.0-FY20.0-FZ20.0,3,A,140.0,360.0,40.0,20.0,20.0,88.75,225.0,180.0,4.75,-30.0,55.0,20.0,12.0,14.75,5,0,298.0,290.0,FAIL,,PTO_ROTATION_ENVELOPE_INTERSECTS_FRAME
S3-B-PTOX000.0-Z280.0-FX40.0-FY20.0-FZ20.0,3,B,60.0,280.0,40.0,20.0,20.0,88.75,225.0,180.0,4.75,5.0,55.0,100.0,12.0,14.75,5,4,290.0,290.0,CONDITIONAL_PASS_CANDIDATE,,
S3-B-PTOX010.0-Z280.0-FX40.0-FY20.0-FZ20.0,3,B,70.0,280.0,40.0,20.0,20.0,88.75,225.0,180.0,4.75,5.0,55.0,100.0,12.0,14.75,5,4,290.0,290.0,CONDITIONAL_PASS_CANDIDATE,,
S3-B-PTOX020.0-Z280.0-FX40.0-FY20.0-FZ20.0,3,B,80.0,280.0,40.0,20.0,20.0,88.75,225.0,180.0,4.75,5.0,55.0,100.0,12.0,14.75,5,4,290.0,290.0,CONDITIONAL_PASS_CANDIDATE,,
S3-B-PTOX030.0-Z280.0-FX40.0-FY20.0-FZ20.0,3,B,90.0,280.0,40.0,20.0,20.0,88.75,225.0,180.0,4.75,5.0,55.0,100.0,12.0,14.75,5,4,290.0,290.0,CONDITIONAL_PASS_CANDIDATE,,
S3-B-PTOX040.0-Z280.0-FX40.0-FY20.0-FZ20.0,3,B,100.0,280.0,40.0,20.0,20.0,88.75,225.0,180.0,4.75,5.0,55.0,100.0,12.0,14.75,5,4,290.0,290.0,CONDITIONAL_PASS_CANDIDATE,LOW_ALTERNATIVE,
S3-B-PTOX050.0-Z280.0-FX40.0-FY20.0-FZ20.0,3,B,110.0,280.0,40.0,20.0,20.0,88.75,225.0,180.0,4.75,0.0,55.0,100.0,12.0,14.75,5,4,290.0,290.0,CONDITIONAL_PASS_CANDIDATE,,
S3-B-PTOX060.0-Z280.0-FX40.0-FY20.0-FZ20.0,3,B,120.0,280.0,40.0,20.0,20.0,88.75,225.0,180.0,4.75,-10.0,55.0,100.0,12.0,14.75,5,4,290.0,290.0,FAIL,,PTO_ROTATION_ENVELOPE_INTERSECTS_FRAME
S3-B-PTOX070.0-Z280.0-FX40.0-FY20.0-FZ20.0,3,B,130.0,280.0,40.0,20.0,20.0,88.75,225.0,180.0,4.75,-20.0,55.0,100.0,12.0,14.75,5,4,290.0,290.0,FAIL,,PTO_ROTATION_ENVELOPE_INTERSECTS_FRAME
S3-B-PTOX080.0-Z280.0-FX40.0-FY20.0-FZ20.0,3,B,140.0,280.0,40.0,20.0,20.0,88.75,225.0,180.0,4.75,-30.0,55.0,100.0,12.0,14.75,5,4,290.0,290.0,FAIL,,PTO_ROTATION_ENVELOPE_INTERSECTS_FRAME
S3-B-PTOX000.0-Z290.0-FX40.0-FY20.0-FZ20.0,3,B,60.0,290.0,40.0,20.0,20.0,88.75,225.0,180.0,4.75,5.0,55.0,90.0,12.0,14.75,5,4,290.0,290.0,CONDITIONAL_PASS_CANDIDATE,,
S3-B-PTOX010.0-Z290.0-FX40.0-FY20.0-FZ20.0,3,B,70.0,290.0,40.0,20.0,20.0,88.75,225.0,180.0,4.75,5.0,55.0,90.0,12.0,14.75,5,4,290.0,290.0,CONDITIONAL_PASS_CANDIDATE,,
S3-B-PTOX020.0-Z290.0-FX40.0-FY20.0-FZ20.0,3,B,80.0,290.0,40.0,20.0,20.0,88.75,225.0,180.0,4.75,5.0,55.0,90.0,12.0,14.75,5,4,290.0,290.0,CONDITIONAL_PASS_CANDIDATE,,
S3-B-PTOX030.0-Z290.0-FX40.0-FY20.0-FZ20.0,3,B,90.0,290.0,40.0,20.0,20.0,88.75,225.0,180.0,4.75,5.0,55.0,90.0,12.0,14.75,5,4,290.0,290.0,CONDITIONAL_PASS_CANDIDATE,,
S3-B-PTOX040.0-Z290.0-FX40.0-FY20.0-FZ20.0,3,B,100.0,290.0,40.0,20.0,20.0,88.75,225.0,180.0,4.75,5.0,55.0,90.0,12.0,14.75,5,4,290.0,290.0,CONDITIONAL_PASS_CANDIDATE,,
S3-B-PTOX050.0-Z290.0-FX40.0-FY20.0-FZ20.0,3,B,110.0,290.0,40.0,20.0,20.0,88.75,225.0,180.0,4.75,0.0,55.0,90.0,12.0,14.75,5,4,290.0,290.0,CONDITIONAL_PASS_CANDIDATE,,
S3-B-PTOX060.0-Z290.0-FX40.0-FY20.0-FZ20.0,3,B,120.0,290.0,40.0,20.0,20.0,88.75,225.0,180.0,4.75,-10.0,55.0,90.0,12.0,14.75,5,4,290.0,290.0,FAIL,,PTO_ROTATION_ENVELOPE_INTERSECTS_FRAME
S3-B-PTOX070.0-Z290.0-FX40.0-FY20.0-FZ20.0,3,B,130.0,290.0,40.0,20.0,20.0,88.75,225.0,180.0,4.75,-20.0,55.0,90.0,12.0,14.75,5,4,290.0,290.0,FAIL,,PTO_ROTATION_ENVELOPE_INTERSECTS_FRAME
S3-B-PTOX080.0-Z290.0-FX40.0-FY20.0-FZ20.0,3,B,140.0,290.0,40.0,20.0,20.0,88.75,225.0,180.0,4.75,-30.0,55.0,90.0,12.0,14.75,5,4,290.0,290.0,FAIL,,PTO_ROTATION_ENVELOPE_INTERSECTS_FRAME
S3-B-PTOX000.0-Z300.0-FX40.0-FY20.0-FZ20.0,3,B,60.0,300.0,40.0,20.0,20.0,88.75,225.0,180.0,4.75,5.0,55.0,80.0,12.0,14.75,5,4,290.0,290.0,CONDITIONAL_PASS_CANDIDATE,,
S3-B-PTOX010.0-Z300.0-FX40.0-FY20.0-FZ20.0,3,B,70.0,300.0,40.0,20.0,20.0,88.75,225.0,180.0,4.75,5.0,55.0,80.0,12.0,14.75,5,4,290.0,290.0,CONDITIONAL_PASS_CANDIDATE,,
S3-B-PTOX020.0-Z300.0-FX40.0-FY20.0-FZ20.0,3,B,80.0,300.0,40.0,20.0,20.0,88.75,225.0,180.0,4.75,5.0,55.0,80.0,12.0,14.75,5,4,290.0,290.0,CONDITIONAL_PASS_CANDIDATE,,
S3-B-PTOX030.0-Z300.0-FX40.0-FY20.0-FZ20.0,3,B,90.0,300.0,40.0,20.0,20.0,88.75,225.0,180.0,4.75,5.0,55.0,80.0,12.0,14.75,5,4,290.0,290.0,CONDITIONAL_PASS_CANDIDATE,,
S3-B-PTOX040.0-Z300.0-FX40.0-FY20.0-FZ20.0,3,B,100.0,300.0,40.0,20.0,20.0,88.75,225.0,180.0,4.75,5.0,55.0,80.0,12.0,14.75,5,4,290.0,290.0,CONDITIONAL_PASS_CANDIDATE,,
S3-B-PTOX050.0-Z300.0-FX40.0-FY20.0-FZ20.0,3,B,110.0,300.0,40.0,20.0,20.0,88.75,225.0,180.0,4.75,0.0,55.0,80.0,12.0,14.75,5,4,290.0,290.0,CONDITIONAL_PASS_CANDIDATE,,
S3-B-PTOX060.0-Z300.0-FX40.0-FY20.0-FZ20.0,3,B,120.0,300.0,40.0,20.0,20.0,88.75,225.0,180.0,4.75,-10.0,55.0,80.0,12.0,14.75,5,4,290.0,290.0,FAIL,,PTO_ROTATION_ENVELOPE_INTERSECTS_FRAME
S3-B-PTOX070.0-Z300.0-FX40.0-FY20.0-FZ20.0,3,B,130.0,300.0,40.0,20.0,20.0,88.75,225.0,180.0,4.75,-20.0,55.0,80.0,12.0,14.75,5,4,290.0,290.0,FAIL,,PTO_ROTATION_ENVELOPE_INTERSECTS_FRAME
S3-B-PTOX080.0-Z300.0-FX40.0-FY20.0-FZ20.0,3,B,140.0,300.0,40.0,20.0,20.0,88.75,225.0,180.0,4.75,-30.0,55.0,80.0,12.0,14.75,5,4,290.0,290.0,FAIL,,PTO_ROTATION_ENVELOPE_INTERSECTS_FRAME
S3-B-PTOX000.0-Z310.0-FX40.0-FY20.0-FZ20.0,3,B,60.0,310.0,40.0,20.0,20.0,88.75,225.0,180.0,4.75,5.0,55.0,70.0,12.0,14.75,5,4,290.0,290.0,CONDITIONAL_PASS_CANDIDATE,,
S3-B-PTOX010.0-Z310.0-FX40.0-FY20.0-FZ20.0,3,B,70.0,310.0,40.0,20.0,20.0,88.75,225.0,180.0,4.75,5.0,55.0,70.0,12.0,14.75,5,4,290.0,290.0,CONDITIONAL_PASS_CANDIDATE,,
S3-B-PTOX020.0-Z310.0-FX40.0-FY20.0-FZ20.0,3,B,80.0,310.0,40.0,20.0,20.0,88.75,225.0,180.0,4.75,5.0,55.0,70.0,12.0,14.75,5,4,290.0,290.0,CONDITIONAL_PASS_CANDIDATE,,
S3-B-PTOX030.0-Z310.0-FX40.0-FY20.0-FZ20.0,3,B,90.0,310.0,40.0,20.0,20.0,88.75,225.0,180.0,4.75,5.0,55.0,70.0,12.0,14.75,5,4,290.0,290.0,CONDITIONAL_PASS_CANDIDATE,,
S3-B-PTOX040.0-Z310.0-FX40.0-FY20.0-FZ20.0,3,B,100.0,310.0,40.0,20.0,20.0,88.75,225.0,180.0,4.75,5.0,55.0,70.0,12.0,14.75,5,4,290.0,290.0,CONDITIONAL_PASS_CANDIDATE,,
S3-B-PTOX050.0-Z310.0-FX40.0-FY20.0-FZ20.0,3,B,110.0,310.0,40.0,20.0,20.0,88.75,225.0,180.0,4.75,0.0,55.0,70.0,12.0,14.75,5,4,290.0,290.0,CONDITIONAL_PASS_CANDIDATE,,
S3-B-PTOX060.0-Z310.0-FX40.0-FY20.0-FZ20.0,3,B,120.0,310.0,40.0,20.0,20.0,88.75,225.0,180.0,4.75,-10.0,55.0,70.0,12.0,14.75,5,4,290.0,290.0,FAIL,,PTO_ROTATION_ENVELOPE_INTERSECTS_FRAME
S3-B-PTOX070.0-Z310.0-FX40.0-FY20.0-FZ20.0,3,B,130.0,310.0,40.0,20.0,20.0,88.75,225.0,180.0,4.75,-20.0,55.0,70.0,12.0,14.75,5,4,290.0,290.0,FAIL,,PTO_ROTATION_ENVELOPE_INTERSECTS_FRAME
S3-B-PTOX080.0-Z310.0-FX40.0-FY20.0-FZ20.0,3,B,140.0,310.0,40.0,20.0,20.0,88.75,225.0,180.0,4.75,-30.0,55.0,70.0,12.0,14.75,5,4,290.0,290.0,FAIL,,PTO_ROTATION_ENVELOPE_INTERSECTS_FRAME
S3-B-PTOX000.0-Z320.0-FX40.0-FY20.0-FZ20.0,3,B,60.0,320.0,40.0,20.0,20.0,88.75,225.0,180.0,4.75,5.0,55.0,60.0,12.0,14.75,5,4,290.0,290.0,CONDITIONAL_PASS_CANDIDATE,,
S3-B-PTOX010.0-Z320.0-FX40.0-FY20.0-FZ20.0,3,B,70.0,320.0,40.0,20.0,20.0,88.75,225.0,180.0,4.75,5.0,55.0,60.0,12.0,14.75,5,4,290.0,290.0,CONDITIONAL_PASS_CANDIDATE,,
S3-B-PTOX020.0-Z320.0-FX40.0-FY20.0-FZ20.0,3,B,80.0,320.0,40.0,20.0,20.0,88.75,225.0,180.0,4.75,5.0,55.0,60.0,12.0,14.75,5,4,290.0,290.0,CONDITIONAL_PASS_CANDIDATE,,
S3-B-PTOX030.0-Z320.0-FX40.0-FY20.0-FZ20.0,3,B,90.0,320.0,40.0,20.0,20.0,88.75,225.0,180.0,4.75,5.0,55.0,60.0,12.0,14.75,5,4,290.0,290.0,CONDITIONAL_PASS_CANDIDATE,,
S3-B-PTOX040.0-Z320.0-FX40.0-FY20.0-FZ20.0,3,B,100.0,320.0,40.0,20.0,20.0,88.75,225.0,180.0,4.75,5.0,55.0,60.0,12.0,14.75,5,4,290.0,290.0,CONDITIONAL_PASS_CANDIDATE,,
S3-B-PTOX050.0-Z320.0-FX40.0-FY20.0-FZ20.0,3,B,110.0,320.0,40.0,20.0,20.0,88.75,225.0,180.0,4.75,0.0,55.0,60.0,12.0,14.75,5,4,290.0,290.0,CONDITIONAL_PASS_CANDIDATE,,
S3-B-PTOX060.0-Z320.0-FX40.0-FY20.0-FZ20.0,3,B,120.0,320.0,40.0,20.0,20.0,88.75,225.0,180.0,4.75,-10.0,55.0,60.0,12.0,14.75,5,4,290.0,290.0,FAIL,,PTO_ROTATION_ENVELOPE_INTERSECTS_FRAME
S3-B-PTOX070.0-Z320.0-FX40.0-FY20.0-FZ20.0,3,B,130.0,320.0,40.0,20.0,20.0,88.75,225.0,180.0,4.75,-20.0,55.0,60.0,12.0,14.75,5,4,290.0,290.0,FAIL,,PTO_ROTATION_ENVELOPE_INTERSECTS_FRAME
S3-B-PTOX080.0-Z320.0-FX40.0-FY20.0-FZ20.0,3,B,140.0,320.0,40.0,20.0,20.0,88.75,225.0,180.0,4.75,-30.0,55.0,60.0,12.0,14.75,5,4,290.0,290.0,FAIL,,PTO_ROTATION_ENVELOPE_INTERSECTS_FRAME
S3-B-PTOX000.0-Z330.0-FX40.0-FY20.0-FZ20.0,3,B,60.0,330.0,40.0,20.0,20.0,88.75,225.0,180.0,4.75,5.0,55.0,50.0,12.0,14.75,5,4,290.0,290.0,CONDITIONAL_PASS_CANDIDATE,,
S3-B-PTOX010.0-Z330.0-FX40.0-FY20.0-FZ20.0,3,B,70.0,330.0,40.0,20.0,20.0,88.75,225.0,180.0,4.75,5.0,55.0,50.0,12.0,14.75,5,4,290.0,290.0,CONDITIONAL_PASS_CANDIDATE,,
S3-B-PTOX020.0-Z330.0-FX40.0-FY20.0-FZ20.0,3,B,80.0,330.0,40.0,20.0,20.0,88.75,225.0,180.0,4.75,5.0,55.0,50.0,12.0,14.75,5,4,290.0,290.0,CONDITIONAL_PASS_CANDIDATE,,
S3-B-PTOX030.0-Z330.0-FX40.0-FY20.0-FZ20.0,3,B,90.0,330.0,40.0,20.0,20.0,88.75,225.0,180.0,4.75,5.0,55.0,50.0,12.0,14.75,5,4,290.0,290.0,CONDITIONAL_PASS_CANDIDATE,,
S3-B-PTOX040.0-Z330.0-FX40.0-FY20.0-FZ20.0,3,B,100.0,330.0,40.0,20.0,20.0,88.75,225.0,180.0,4.75,5.0,55.0,50.0,12.0,14.75,5,4,290.0,290.0,CONDITIONAL_PASS_CANDIDATE,,
S3-B-PTOX050.0-Z330.0-FX40.0-FY20.0-FZ20.0,3,B,110.0,330.0,40.0,20.0,20.0,88.75,225.0,180.0,4.75,0.0,55.0,50.0,12.0,14.75,5,4,290.0,290.0,CONDITIONAL_PASS_CANDIDATE,,
S3-B-PTOX060.0-Z330.0-FX40.0-FY20.0-FZ20.0,3,B,120.0,330.0,40.0,20.0,20.0,88.75,225.0,180.0,4.75,-10.0,55.0,50.0,12.0,14.75,5,4,290.0,290.0,FAIL,,PTO_ROTATION_ENVELOPE_INTERSECTS_FRAME
S3-B-PTOX070.0-Z330.0-FX40.0-FY20.0-FZ20.0,3,B,130.0,330.0,40.0,20.0,20.0,88.75,225.0,180.0,4.75,-20.0,55.0,50.0,12.0,14.75,5,4,290.0,290.0,FAIL,,PTO_ROTATION_ENVELOPE_INTERSECTS_FRAME
S3-B-PTOX080.0-Z330.0-FX40.0-FY20.0-FZ20.0,3,B,140.0,330.0,40.0,20.0,20.0,88.75,225.0,180.0,4.75,-30.0,55.0,50.0,12.0,14.75,5,4,290.0,290.0,FAIL,,PTO_ROTATION_ENVELOPE_INTERSECTS_FRAME
S3-B-PTOX000.0-Z340.0-FX40.0-FY20.0-FZ20.0,3,B,60.0,340.0,40.0,20.0,20.0,88.75,225.0,180.0,4.75,5.0,55.0,40.0,12.0,14.75,5,4,290.0,290.0,CONDITIONAL_PASS_CANDIDATE,,
S3-B-PTOX010.0-Z340.0-FX40.0-FY20.0-FZ20.0,3,B,70.0,340.0,40.0,20.0,20.0,88.75,225.0,180.0,4.75,5.0,55.0,40.0,12.0,14.75,5,4,290.0,290.0,CONDITIONAL_PASS_CANDIDATE,,
S3-B-PTOX020.0-Z340.0-FX40.0-FY20.0-FZ20.0,3,B,80.0,340.0,40.0,20.0,20.0,88.75,225.0,180.0,4.75,5.0,55.0,40.0,12.0,14.75,5,4,290.0,290.0,CONDITIONAL_PASS_CANDIDATE,,
S3-B-PTOX030.0-Z340.0-FX40.0-FY20.0-FZ20.0,3,B,90.0,340.0,40.0,20.0,20.0,88.75,225.0,180.0,4.75,5.0,55.0,40.0,12.0,14.75,5,4,290.0,290.0,CONDITIONAL_PASS_CANDIDATE,,
S3-B-PTOX040.0-Z340.0-FX40.0-FY20.0-FZ20.0,3,B,100.0,340.0,40.0,20.0,20.0,88.75,225.0,180.0,4.75,5.0,55.0,40.0,12.0,14.75,5,4,290.0,290.0,CONDITIONAL_PASS_CANDIDATE,,
S3-B-PTOX050.0-Z340.0-FX40.0-FY20.0-FZ20.0,3,B,110.0,340.0,40.0,20.0,20.0,88.75,225.0,180.0,4.75,0.0,55.0,40.0,12.0,14.75,5,4,290.0,290.0,CONDITIONAL_PASS_CANDIDATE,,
S3-B-PTOX060.0-Z340.0-FX40.0-FY20.0-FZ20.0,3,B,120.0,340.0,40.0,20.0,20.0,88.75,225.0,180.0,4.75,-10.0,55.0,40.0,12.0,14.75,5,4,290.0,290.0,FAIL,,PTO_ROTATION_ENVELOPE_INTERSECTS_FRAME
S3-B-PTOX070.0-Z340.0-FX40.0-FY20.0-FZ20.0,3,B,130.0,340.0,40.0,20.0,20.0,88.75,225.0,180.0,4.75,-20.0,55.0,40.0,12.0,14.75,5,4,290.0,290.0,FAIL,,PTO_ROTATION_ENVELOPE_INTERSECTS_FRAME
S3-B-PTOX080.0-Z340.0-FX40.0-FY20.0-FZ20.0,3,B,140.0,340.0,40.0,20.0,20.0,88.75,225.0,180.0,4.75,-30.0,55.0,40.0,12.0,14.75,5,4,290.0,290.0,FAIL,,PTO_ROTATION_ENVELOPE_INTERSECTS_FRAME
S3-B-PTOX000.0-Z350.0-FX40.0-FY20.0-FZ20.0,3,B,60.0,350.0,40.0,20.0,20.0,88.75,225.0,180.0,4.75,5.0,55.0,30.0,12.0,14.75,5,4,290.0,290.0,CONDITIONAL_PASS_CANDIDATE,,
S3-B-PTOX010.0-Z350.0-FX40.0-FY20.0-FZ20.0,3,B,70.0,350.0,40.0,20.0,20.0,88.75,225.0,180.0,4.75,5.0,55.0,30.0,12.0,14.75,5,4,290.0,290.0,CONDITIONAL_PASS_CANDIDATE,,
S3-B-PTOX020.0-Z350.0-FX40.0-FY20.0-FZ20.0,3,B,80.0,350.0,40.0,20.0,20.0,88.75,225.0,180.0,4.75,5.0,55.0,30.0,12.0,14.75,5,4,290.0,290.0,CONDITIONAL_PASS_CANDIDATE,,
S3-B-PTOX030.0-Z350.0-FX40.0-FY20.0-FZ20.0,3,B,90.0,350.0,40.0,20.0,20.0,88.75,225.0,180.0,4.75,5.0,55.0,30.0,12.0,14.75,5,4,290.0,290.0,CONDITIONAL_PASS_CANDIDATE,,
S3-B-PTOX040.0-Z350.0-FX40.0-FY20.0-FZ20.0,3,B,100.0,350.0,40.0,20.0,20.0,88.75,225.0,180.0,4.75,5.0,55.0,30.0,12.0,14.75,5,4,290.0,290.0,CONDITIONAL_PASS_CANDIDATE,,
S3-B-PTOX050.0-Z350.0-FX40.0-FY20.0-FZ20.0,3,B,110.0,350.0,40.0,20.0,20.0,88.75,225.0,180.0,4.75,0.0,55.0,30.0,12.0,14.75,5,4,290.0,290.0,CONDITIONAL_PASS_CANDIDATE,,
S3-B-PTOX060.0-Z350.0-FX40.0-FY20.0-FZ20.0,3,B,120.0,350.0,40.0,20.0,20.0,88.75,225.0,180.0,4.75,-10.0,55.0,30.0,12.0,14.75,5,4,290.0,290.0,FAIL,,PTO_ROTATION_ENVELOPE_INTERSECTS_FRAME
S3-B-PTOX070.0-Z350.0-FX40.0-FY20.0-FZ20.0,3,B,130.0,350.0,40.0,20.0,20.0,88.75,225.0,180.0,4.75,-20.0,55.0,30.0,12.0,14.75,5,4,290.0,290.0,FAIL,,PTO_ROTATION_ENVELOPE_INTERSECTS_FRAME
S3-B-PTOX080.0-Z350.0-FX40.0-FY20.0-FZ20.0,3,B,140.0,350.0,40.0,20.0,20.0,88.75,225.0,180.0,4.75,-30.0,55.0,30.0,12.0,14.75,5,4,290.0,290.0,FAIL,,PTO_ROTATION_ENVELOPE_INTERSECTS_FRAME
S3-B-PTOX000.0-Z360.0-FX40.0-FY20.0-FZ20.0,3,B,60.0,360.0,40.0,20.0,20.0,88.75,225.0,180.0,4.75,5.0,55.0,20.0,12.0,14.75,5,4,290.0,290.0,CONDITIONAL_PASS_CANDIDATE,,
S3-B-PTOX010.0-Z360.0-FX40.0-FY20.0-FZ20.0,3,B,70.0,360.0,40.0,20.0,20.0,88.75,225.0,180.0,4.75,5.0,55.0,20.0,12.0,14.75,5,4,290.0,290.0,CONDITIONAL_PASS_CANDIDATE,,
S3-B-PTOX020.0-Z360.0-FX40.0-FY20.0-FZ20.0,3,B,80.0,360.0,40.0,20.0,20.0,88.75,225.0,180.0,4.75,5.0,55.0,20.0,12.0,14.75,5,4,290.0,290.0,CONDITIONAL_PASS_CANDIDATE,,
S3-B-PTOX030.0-Z360.0-FX40.0-FY20.0-FZ20.0,3,B,90.0,360.0,40.0,20.0,20.0,88.75,225.0,180.0,4.75,5.0,55.0,20.0,12.0,14.75,5,4,290.0,290.0,CONDITIONAL_PASS_CANDIDATE,,
S3-B-PTOX040.0-Z360.0-FX40.0-FY20.0-FZ20.0,3,B,100.0,360.0,40.0,20.0,20.0,88.75,225.0,180.0,4.75,5.0,55.0,20.0,12.0,14.75,5,4,290.0,290.0,CONDITIONAL_PASS_CANDIDATE,,
S3-B-PTOX050.0-Z360.0-FX40.0-FY20.0-FZ20.0,3,B,110.0,360.0,40.0,20.0,20.0,88.75,225.0,180.0,4.75,0.0,55.0,20.0,12.0,14.75,5,4,290.0,290.0,CONDITIONAL_PASS_CANDIDATE,,
S3-B-PTOX060.0-Z360.0-FX40.0-FY20.0-FZ20.0,3,B,120.0,360.0,40.0,20.0,20.0,88.75,225.0,180.0,4.75,-10.0,55.0,20.0,12.0,14.75,5,4,290.0,290.0,FAIL,,PTO_ROTATION_ENVELOPE_INTERSECTS_FRAME
S3-B-PTOX070.0-Z360.0-FX40.0-FY20.0-FZ20.0,3,B,130.0,360.0,40.0,20.0,20.0,88.75,225.0,180.0,4.75,-20.0,55.0,20.0,12.0,14.75,5,4,290.0,290.0,FAIL,,PTO_ROTATION_ENVELOPE_INTERSECTS_FRAME
S3-B-PTOX080.0-Z360.0-FX40.0-FY20.0-FZ20.0,3,B,140.0,360.0,40.0,20.0,20.0,88.75,225.0,180.0,4.75,-30.0,55.0,20.0,12.0,14.75,5,4,290.0,290.0,FAIL,,PTO_ROTATION_ENVELOPE_INTERSECTS_FRAME
S4-B-PTOX030.0-Z310.0-FX30.0-FY15.0-FZ10.0,4,B,90.0,310.0,30.0,15.0,10.0,83.75,215.0,170.0,0.0,0.0,45.0,70.0,8.0,10.0,5,4,290.0,290.0,CONDITIONAL_PASS_CANDIDATE,,
S4-B-PTOX030.0-Z310.0-FX30.0-FY15.0-FZ15.0,4,B,90.0,310.0,30.0,15.0,15.0,83.75,220.0,170.0,0.0,0.0,50.0,70.0,8.0,10.0,5,4,290.0,290.0,CONDITIONAL_PASS_CANDIDATE,,
S4-B-PTOX030.0-Z310.0-FX30.0-FY15.0-FZ20.0,4,B,90.0,310.0,30.0,15.0,20.0,83.75,225.0,170.0,0.0,0.0,55.0,70.0,8.0,10.0,5,4,290.0,290.0,CONDITIONAL_PASS_CANDIDATE,,
S4-B-PTOX030.0-Z310.0-FX30.0-FY15.0-FZ25.0,4,B,90.0,310.0,30.0,15.0,25.0,83.75,230.0,170.0,0.0,0.0,60.0,70.0,8.0,10.0,5,4,290.0,290.0,CONDITIONAL_PASS_CANDIDATE,,
S4-B-PTOX030.0-Z310.0-FX30.0-FY15.0-FZ30.0,4,B,90.0,310.0,30.0,15.0,30.0,83.75,235.0,170.0,0.0,0.0,65.0,70.0,8.0,10.0,5,4,290.0,290.0,CONDITIONAL_PASS_CANDIDATE,,
S4-B-PTOX030.0-Z310.0-FX30.0-FY17.5-FZ10.0,4,B,90.0,310.0,30.0,17.5,10.0,86.25,215.0,170.0,2.5,2.5,45.0,70.0,10.5,12.5,5,4,290.0,290.0,CONDITIONAL_PASS_CANDIDATE,,
S4-B-PTOX030.0-Z310.0-FX30.0-FY17.5-FZ15.0,4,B,90.0,310.0,30.0,17.5,15.0,86.25,220.0,170.0,2.5,2.5,50.0,70.0,10.5,12.5,5,4,290.0,290.0,CONDITIONAL_PASS_CANDIDATE,,
S4-B-PTOX030.0-Z310.0-FX30.0-FY17.5-FZ20.0,4,B,90.0,310.0,30.0,17.5,20.0,86.25,225.0,170.0,2.5,2.5,55.0,70.0,10.5,12.5,5,4,290.0,290.0,CONDITIONAL_PASS_CANDIDATE,,
S4-B-PTOX030.0-Z310.0-FX30.0-FY17.5-FZ25.0,4,B,90.0,310.0,30.0,17.5,25.0,86.25,230.0,170.0,2.5,2.5,60.0,70.0,10.5,12.5,5,4,290.0,290.0,CONDITIONAL_PASS_CANDIDATE,,
S4-B-PTOX030.0-Z310.0-FX30.0-FY17.5-FZ30.0,4,B,90.0,310.0,30.0,17.5,30.0,86.25,235.0,170.0,2.5,2.5,65.0,70.0,10.5,12.5,5,4,290.0,290.0,CONDITIONAL_PASS_CANDIDATE,,
S4-B-PTOX030.0-Z310.0-FX30.0-FY20.0-FZ10.0,4,B,90.0,310.0,30.0,20.0,10.0,88.75,215.0,170.0,4.75,5.0,45.0,70.0,12.0,14.75,5,4,290.0,290.0,CONDITIONAL_PASS_CANDIDATE,,
S4-B-PTOX030.0-Z310.0-FX30.0-FY20.0-FZ15.0,4,B,90.0,310.0,30.0,20.0,15.0,88.75,220.0,170.0,4.75,5.0,50.0,70.0,12.0,14.75,5,4,290.0,290.0,CONDITIONAL_PASS_CANDIDATE,,
S4-B-PTOX030.0-Z310.0-FX30.0-FY20.0-FZ20.0,4,B,90.0,310.0,30.0,20.0,20.0,88.75,225.0,170.0,4.75,5.0,55.0,70.0,12.0,14.75,5,4,290.0,290.0,CONDITIONAL_PASS_CANDIDATE,,
S4-B-PTOX030.0-Z310.0-FX30.0-FY20.0-FZ25.0,4,B,90.0,310.0,30.0,20.0,25.0,88.75,230.0,170.0,4.75,5.0,60.0,70.0,12.0,14.75,5,4,290.0,290.0,CONDITIONAL_PASS_CANDIDATE,,
S4-B-PTOX030.0-Z310.0-FX30.0-FY20.0-FZ30.0,4,B,90.0,310.0,30.0,20.0,30.0,88.75,235.0,170.0,4.75,5.0,65.0,70.0,12.0,14.75,5,4,290.0,290.0,CONDITIONAL_PASS_CANDIDATE,,
S4-B-PTOX030.0-Z310.0-FX30.0-FY22.5-FZ10.0,4,B,90.0,310.0,30.0,22.5,10.0,91.25,215.0,170.0,2.25,7.5,45.0,70.0,10.25,12.25,5,4,290.0,290.0,CONDITIONAL_PASS_CANDIDATE,,
S4-B-PTOX030.0-Z310.0-FX30.0-FY22.5-FZ15.0,4,B,90.0,310.0,30.0,22.5,15.0,91.25,220.0,170.0,2.25,7.5,50.0,70.0,10.25,12.25,5,4,290.0,290.0,CONDITIONAL_PASS_CANDIDATE,,
S4-B-PTOX030.0-Z310.0-FX30.0-FY22.5-FZ20.0,4,B,90.0,310.0,30.0,22.5,20.0,91.25,225.0,170.0,2.25,7.5,55.0,70.0,10.25,12.25,5,4,290.0,290.0,CONDITIONAL_PASS_CANDIDATE,,
S4-B-PTOX030.0-Z310.0-FX30.0-FY22.5-FZ25.0,4,B,90.0,310.0,30.0,22.5,25.0,91.25,230.0,170.0,2.25,7.5,60.0,70.0,10.25,12.25,5,4,290.0,290.0,CONDITIONAL_PASS_CANDIDATE,,
S4-B-PTOX030.0-Z310.0-FX30.0-FY22.5-FZ30.0,4,B,90.0,310.0,30.0,22.5,30.0,91.25,235.0,170.0,2.25,7.5,65.0,70.0,10.25,12.25,5,4,290.0,290.0,CONDITIONAL_PASS_CANDIDATE,,
S4-B-PTOX030.0-Z310.0-FX30.0-FY25.0-FZ10.0,4,B,90.0,310.0,30.0,25.0,10.0,93.75,215.0,170.0,-0.25,10.0,45.0,70.0,7.75,9.75,3,4,290.0,290.0,FAIL,,BELT_SAFETY_ENVELOPE_INTERSECTS_FRAME
S4-B-PTOX030.0-Z310.0-FX30.0-FY25.0-FZ15.0,4,B,90.0,310.0,30.0,25.0,15.0,93.75,220.0,170.0,-0.25,10.0,50.0,70.0,7.75,9.75,3,4,290.0,290.0,FAIL,,BELT_SAFETY_ENVELOPE_INTERSECTS_FRAME
S4-B-PTOX030.0-Z310.0-FX30.0-FY25.0-FZ20.0,4,B,90.0,310.0,30.0,25.0,20.0,93.75,225.0,170.0,-0.25,10.0,55.0,70.0,7.75,9.75,3,4,290.0,290.0,FAIL,,BELT_SAFETY_ENVELOPE_INTERSECTS_FRAME
S4-B-PTOX030.0-Z310.0-FX30.0-FY25.0-FZ25.0,4,B,90.0,310.0,30.0,25.0,25.0,93.75,230.0,170.0,-0.25,10.0,60.0,70.0,7.75,9.75,3,4,290.0,290.0,FAIL,,BELT_SAFETY_ENVELOPE_INTERSECTS_FRAME
S4-B-PTOX030.0-Z310.0-FX30.0-FY25.0-FZ30.0,4,B,90.0,310.0,30.0,25.0,30.0,93.75,235.0,170.0,-0.25,10.0,65.0,70.0,7.75,9.75,3,4,290.0,290.0,FAIL,,BELT_SAFETY_ENVELOPE_INTERSECTS_FRAME
S4-B-PTOX030.0-Z310.0-FX35.0-FY15.0-FZ10.0,4,B,90.0,310.0,35.0,15.0,10.0,83.75,215.0,175.0,0.0,0.0,45.0,70.0,8.0,10.0,5,4,290.0,290.0,CONDITIONAL_PASS_CANDIDATE,,
S4-B-PTOX030.0-Z310.0-FX35.0-FY15.0-FZ15.0,4,B,90.0,310.0,35.0,15.0,15.0,83.75,220.0,175.0,0.0,0.0,50.0,70.0,8.0,10.0,5,4,290.0,290.0,CONDITIONAL_PASS_CANDIDATE,,
S4-B-PTOX030.0-Z310.0-FX35.0-FY15.0-FZ20.0,4,B,90.0,310.0,35.0,15.0,20.0,83.75,225.0,175.0,0.0,0.0,55.0,70.0,8.0,10.0,5,4,290.0,290.0,CONDITIONAL_PASS_CANDIDATE,,
S4-B-PTOX030.0-Z310.0-FX35.0-FY15.0-FZ25.0,4,B,90.0,310.0,35.0,15.0,25.0,83.75,230.0,175.0,0.0,0.0,60.0,70.0,8.0,10.0,5,4,290.0,290.0,CONDITIONAL_PASS_CANDIDATE,,
S4-B-PTOX030.0-Z310.0-FX35.0-FY15.0-FZ30.0,4,B,90.0,310.0,35.0,15.0,30.0,83.75,235.0,175.0,0.0,0.0,65.0,70.0,8.0,10.0,5,4,290.0,290.0,CONDITIONAL_PASS_CANDIDATE,,
S4-B-PTOX030.0-Z310.0-FX35.0-FY17.5-FZ10.0,4,B,90.0,310.0,35.0,17.5,10.0,86.25,215.0,175.0,2.5,2.5,45.0,70.0,10.5,12.5,5,4,290.0,290.0,CONDITIONAL_PASS_CANDIDATE,,
S4-B-PTOX030.0-Z310.0-FX35.0-FY17.5-FZ15.0,4,B,90.0,310.0,35.0,17.5,15.0,86.25,220.0,175.0,2.5,2.5,50.0,70.0,10.5,12.5,5,4,290.0,290.0,CONDITIONAL_PASS_CANDIDATE,,
S4-B-PTOX030.0-Z310.0-FX35.0-FY17.5-FZ20.0,4,B,90.0,310.0,35.0,17.5,20.0,86.25,225.0,175.0,2.5,2.5,55.0,70.0,10.5,12.5,5,4,290.0,290.0,CONDITIONAL_PASS_CANDIDATE,,
S4-B-PTOX030.0-Z310.0-FX35.0-FY17.5-FZ25.0,4,B,90.0,310.0,35.0,17.5,25.0,86.25,230.0,175.0,2.5,2.5,60.0,70.0,10.5,12.5,5,4,290.0,290.0,CONDITIONAL_PASS_CANDIDATE,,
S4-B-PTOX030.0-Z310.0-FX35.0-FY17.5-FZ30.0,4,B,90.0,310.0,35.0,17.5,30.0,86.25,235.0,175.0,2.5,2.5,65.0,70.0,10.5,12.5,5,4,290.0,290.0,CONDITIONAL_PASS_CANDIDATE,,
S4-B-PTOX030.0-Z310.0-FX35.0-FY20.0-FZ10.0,4,B,90.0,310.0,35.0,20.0,10.0,88.75,215.0,175.0,4.75,5.0,45.0,70.0,12.0,14.75,5,4,290.0,290.0,CONDITIONAL_PASS_CANDIDATE,,
S4-B-PTOX030.0-Z310.0-FX35.0-FY20.0-FZ15.0,4,B,90.0,310.0,35.0,20.0,15.0,88.75,220.0,175.0,4.75,5.0,50.0,70.0,12.0,14.75,5,4,290.0,290.0,CONDITIONAL_PASS_CANDIDATE,,
S4-B-PTOX030.0-Z310.0-FX35.0-FY20.0-FZ20.0,4,B,90.0,310.0,35.0,20.0,20.0,88.75,225.0,175.0,4.75,5.0,55.0,70.0,12.0,14.75,5,4,290.0,290.0,CONDITIONAL_PASS_CANDIDATE,,
S4-B-PTOX030.0-Z310.0-FX35.0-FY20.0-FZ25.0,4,B,90.0,310.0,35.0,20.0,25.0,88.75,230.0,175.0,4.75,5.0,60.0,70.0,12.0,14.75,5,4,290.0,290.0,CONDITIONAL_PASS_CANDIDATE,,
S4-B-PTOX030.0-Z310.0-FX35.0-FY20.0-FZ30.0,4,B,90.0,310.0,35.0,20.0,30.0,88.75,235.0,175.0,4.75,5.0,65.0,70.0,12.0,14.75,5,4,290.0,290.0,CONDITIONAL_PASS_CANDIDATE,,
S4-B-PTOX030.0-Z310.0-FX35.0-FY22.5-FZ10.0,4,B,90.0,310.0,35.0,22.5,10.0,91.25,215.0,175.0,2.25,7.5,45.0,70.0,10.25,12.25,5,4,290.0,290.0,CONDITIONAL_PASS_CANDIDATE,,
S4-B-PTOX030.0-Z310.0-FX35.0-FY22.5-FZ15.0,4,B,90.0,310.0,35.0,22.5,15.0,91.25,220.0,175.0,2.25,7.5,50.0,70.0,10.25,12.25,5,4,290.0,290.0,CONDITIONAL_PASS_CANDIDATE,,
S4-B-PTOX030.0-Z310.0-FX35.0-FY22.5-FZ20.0,4,B,90.0,310.0,35.0,22.5,20.0,91.25,225.0,175.0,2.25,7.5,55.0,70.0,10.25,12.25,5,4,290.0,290.0,CONDITIONAL_PASS_CANDIDATE,,
S4-B-PTOX030.0-Z310.0-FX35.0-FY22.5-FZ25.0,4,B,90.0,310.0,35.0,22.5,25.0,91.25,230.0,175.0,2.25,7.5,60.0,70.0,10.25,12.25,5,4,290.0,290.0,CONDITIONAL_PASS_CANDIDATE,,
S4-B-PTOX030.0-Z310.0-FX35.0-FY22.5-FZ30.0,4,B,90.0,310.0,35.0,22.5,30.0,91.25,235.0,175.0,2.25,7.5,65.0,70.0,10.25,12.25,5,4,290.0,290.0,CONDITIONAL_PASS_CANDIDATE,,
S4-B-PTOX030.0-Z310.0-FX35.0-FY25.0-FZ10.0,4,B,90.0,310.0,35.0,25.0,10.0,93.75,215.0,175.0,-0.25,10.0,45.0,70.0,7.75,9.75,3,4,290.0,290.0,FAIL,,BELT_SAFETY_ENVELOPE_INTERSECTS_FRAME
S4-B-PTOX030.0-Z310.0-FX35.0-FY25.0-FZ15.0,4,B,90.0,310.0,35.0,25.0,15.0,93.75,220.0,175.0,-0.25,10.0,50.0,70.0,7.75,9.75,3,4,290.0,290.0,FAIL,,BELT_SAFETY_ENVELOPE_INTERSECTS_FRAME
S4-B-PTOX030.0-Z310.0-FX35.0-FY25.0-FZ20.0,4,B,90.0,310.0,35.0,25.0,20.0,93.75,225.0,175.0,-0.25,10.0,55.0,70.0,7.75,9.75,3,4,290.0,290.0,FAIL,,BELT_SAFETY_ENVELOPE_INTERSECTS_FRAME
S4-B-PTOX030.0-Z310.0-FX35.0-FY25.0-FZ25.0,4,B,90.0,310.0,35.0,25.0,25.0,93.75,230.0,175.0,-0.25,10.0,60.0,70.0,7.75,9.75,3,4,290.0,290.0,FAIL,,BELT_SAFETY_ENVELOPE_INTERSECTS_FRAME
S4-B-PTOX030.0-Z310.0-FX35.0-FY25.0-FZ30.0,4,B,90.0,310.0,35.0,25.0,30.0,93.75,235.0,175.0,-0.25,10.0,65.0,70.0,7.75,9.75,3,4,290.0,290.0,FAIL,,BELT_SAFETY_ENVELOPE_INTERSECTS_FRAME
S4-B-PTOX030.0-Z310.0-FX40.0-FY15.0-FZ10.0,4,B,90.0,310.0,40.0,15.0,10.0,83.75,215.0,180.0,0.0,0.0,45.0,70.0,8.0,10.0,5,4,290.0,290.0,CONDITIONAL_PASS_CANDIDATE,,
S4-B-PTOX030.0-Z310.0-FX40.0-FY15.0-FZ15.0,4,B,90.0,310.0,40.0,15.0,15.0,83.75,220.0,180.0,0.0,0.0,50.0,70.0,8.0,10.0,5,4,290.0,290.0,CONDITIONAL_PASS_CANDIDATE,,
S4-B-PTOX030.0-Z310.0-FX40.0-FY15.0-FZ20.0,4,B,90.0,310.0,40.0,15.0,20.0,83.75,225.0,180.0,0.0,0.0,55.0,70.0,8.0,10.0,5,4,290.0,290.0,CONDITIONAL_PASS_CANDIDATE,,
S4-B-PTOX030.0-Z310.0-FX40.0-FY15.0-FZ25.0,4,B,90.0,310.0,40.0,15.0,25.0,83.75,230.0,180.0,0.0,0.0,60.0,70.0,8.0,10.0,5,4,290.0,290.0,CONDITIONAL_PASS_CANDIDATE,,
S4-B-PTOX030.0-Z310.0-FX40.0-FY15.0-FZ30.0,4,B,90.0,310.0,40.0,15.0,30.0,83.75,235.0,180.0,0.0,0.0,65.0,70.0,8.0,10.0,5,4,290.0,290.0,CONDITIONAL_PASS_CANDIDATE,,
S4-B-PTOX030.0-Z310.0-FX40.0-FY17.5-FZ10.0,4,B,90.0,310.0,40.0,17.5,10.0,86.25,215.0,180.0,2.5,2.5,45.0,70.0,10.5,12.5,5,4,290.0,290.0,CONDITIONAL_PASS_CANDIDATE,,
S4-B-PTOX030.0-Z310.0-FX40.0-FY17.5-FZ15.0,4,B,90.0,310.0,40.0,17.5,15.0,86.25,220.0,180.0,2.5,2.5,50.0,70.0,10.5,12.5,5,4,290.0,290.0,CONDITIONAL_PASS_CANDIDATE,,
S4-B-PTOX030.0-Z310.0-FX40.0-FY17.5-FZ20.0,4,B,90.0,310.0,40.0,17.5,20.0,86.25,225.0,180.0,2.5,2.5,55.0,70.0,10.5,12.5,5,4,290.0,290.0,CONDITIONAL_PASS_CANDIDATE,,
S4-B-PTOX030.0-Z310.0-FX40.0-FY17.5-FZ25.0,4,B,90.0,310.0,40.0,17.5,25.0,86.25,230.0,180.0,2.5,2.5,60.0,70.0,10.5,12.5,5,4,290.0,290.0,CONDITIONAL_PASS_CANDIDATE,,
S4-B-PTOX030.0-Z310.0-FX40.0-FY17.5-FZ30.0,4,B,90.0,310.0,40.0,17.5,30.0,86.25,235.0,180.0,2.5,2.5,65.0,70.0,10.5,12.5,5,4,290.0,290.0,CONDITIONAL_PASS_CANDIDATE,,
S4-B-PTOX030.0-Z310.0-FX40.0-FY20.0-FZ10.0,4,B,90.0,310.0,40.0,20.0,10.0,88.75,215.0,180.0,4.75,5.0,45.0,70.0,12.0,14.75,5,4,290.0,290.0,CONDITIONAL_PASS_CANDIDATE,,
S4-B-PTOX030.0-Z310.0-FX40.0-FY20.0-FZ15.0,4,B,90.0,310.0,40.0,20.0,15.0,88.75,220.0,180.0,4.75,5.0,50.0,70.0,12.0,14.75,5,4,290.0,290.0,CONDITIONAL_PASS_CANDIDATE,,
S4-B-PTOX030.0-Z310.0-FX40.0-FY20.0-FZ20.0,4,B,90.0,310.0,40.0,20.0,20.0,88.75,225.0,180.0,4.75,5.0,55.0,70.0,12.0,14.75,5,4,290.0,290.0,CONDITIONAL_PASS_CANDIDATE,,
S4-B-PTOX030.0-Z310.0-FX40.0-FY20.0-FZ25.0,4,B,90.0,310.0,40.0,20.0,25.0,88.75,230.0,180.0,4.75,5.0,60.0,70.0,12.0,14.75,5,4,290.0,290.0,CONDITIONAL_PASS_CANDIDATE,,
S4-B-PTOX030.0-Z310.0-FX40.0-FY20.0-FZ30.0,4,B,90.0,310.0,40.0,20.0,30.0,88.75,235.0,180.0,4.75,5.0,65.0,70.0,12.0,14.75,5,4,290.0,290.0,CONDITIONAL_PASS_CANDIDATE,,
S4-B-PTOX030.0-Z310.0-FX40.0-FY22.5-FZ10.0,4,B,90.0,310.0,40.0,22.5,10.0,91.25,215.0,180.0,2.25,7.5,45.0,70.0,10.25,12.25,5,4,290.0,290.0,CONDITIONAL_PASS_CANDIDATE,,
S4-B-PTOX030.0-Z310.0-FX40.0-FY22.5-FZ15.0,4,B,90.0,310.0,40.0,22.5,15.0,91.25,220.0,180.0,2.25,7.5,50.0,70.0,10.25,12.25,5,4,290.0,290.0,CONDITIONAL_PASS_CANDIDATE,,
S4-B-PTOX030.0-Z310.0-FX40.0-FY22.5-FZ20.0,4,B,90.0,310.0,40.0,22.5,20.0,91.25,225.0,180.0,2.25,7.5,55.0,70.0,10.25,12.25,5,4,290.0,290.0,CONDITIONAL_PASS_CANDIDATE,,
S4-B-PTOX030.0-Z310.0-FX40.0-FY22.5-FZ25.0,4,B,90.0,310.0,40.0,22.5,25.0,91.25,230.0,180.0,2.25,7.5,60.0,70.0,10.25,12.25,5,4,290.0,290.0,CONDITIONAL_PASS_CANDIDATE,,
S4-B-PTOX030.0-Z310.0-FX40.0-FY22.5-FZ30.0,4,B,90.0,310.0,40.0,22.5,30.0,91.25,235.0,180.0,2.25,7.5,65.0,70.0,10.25,12.25,5,4,290.0,290.0,CONDITIONAL_PASS_CANDIDATE,,
S4-B-PTOX030.0-Z310.0-FX40.0-FY25.0-FZ10.0,4,B,90.0,310.0,40.0,25.0,10.0,93.75,215.0,180.0,-0.25,10.0,45.0,70.0,7.75,9.75,3,4,290.0,290.0,FAIL,,BELT_SAFETY_ENVELOPE_INTERSECTS_FRAME
S4-B-PTOX030.0-Z310.0-FX40.0-FY25.0-FZ15.0,4,B,90.0,310.0,40.0,25.0,15.0,93.75,220.0,180.0,-0.25,10.0,50.0,70.0,7.75,9.75,3,4,290.0,290.0,FAIL,,BELT_SAFETY_ENVELOPE_INTERSECTS_FRAME
S4-B-PTOX030.0-Z310.0-FX40.0-FY25.0-FZ20.0,4,B,90.0,310.0,40.0,25.0,20.0,93.75,225.0,180.0,-0.25,10.0,55.0,70.0,7.75,9.75,3,4,290.0,290.0,FAIL,,BELT_SAFETY_ENVELOPE_INTERSECTS_FRAME
S4-B-PTOX030.0-Z310.0-FX40.0-FY25.0-FZ25.0,4,B,90.0,310.0,40.0,25.0,25.0,93.75,230.0,180.0,-0.25,10.0,60.0,70.0,7.75,9.75,3,4,290.0,290.0,FAIL,,BELT_SAFETY_ENVELOPE_INTERSECTS_FRAME
S4-B-PTOX030.0-Z310.0-FX40.0-FY25.0-FZ30.0,4,B,90.0,310.0,40.0,25.0,30.0,93.75,235.0,180.0,-0.25,10.0,65.0,70.0,7.75,9.75,3,4,290.0,290.0,FAIL,,BELT_SAFETY_ENVELOPE_INTERSECTS_FRAME
S4-B-PTOX030.0-Z310.0-FX45.0-FY15.0-FZ10.0,4,B,90.0,310.0,45.0,15.0,10.0,83.75,215.0,185.0,0.0,0.0,45.0,70.0,8.0,10.0,5,4,290.0,290.0,CONDITIONAL_PASS_CANDIDATE,,
S4-B-PTOX030.0-Z310.0-FX45.0-FY15.0-FZ15.0,4,B,90.0,310.0,45.0,15.0,15.0,83.75,220.0,185.0,0.0,0.0,50.0,70.0,8.0,10.0,5,4,290.0,290.0,CONDITIONAL_PASS_CANDIDATE,,
S4-B-PTOX030.0-Z310.0-FX45.0-FY15.0-FZ20.0,4,B,90.0,310.0,45.0,15.0,20.0,83.75,225.0,185.0,0.0,0.0,55.0,70.0,8.0,10.0,5,4,290.0,290.0,CONDITIONAL_PASS_CANDIDATE,,
S4-B-PTOX030.0-Z310.0-FX45.0-FY15.0-FZ25.0,4,B,90.0,310.0,45.0,15.0,25.0,83.75,230.0,185.0,0.0,0.0,60.0,70.0,8.0,10.0,5,4,290.0,290.0,CONDITIONAL_PASS_CANDIDATE,,
S4-B-PTOX030.0-Z310.0-FX45.0-FY15.0-FZ30.0,4,B,90.0,310.0,45.0,15.0,30.0,83.75,235.0,185.0,0.0,0.0,65.0,70.0,8.0,10.0,5,4,290.0,290.0,CONDITIONAL_PASS_CANDIDATE,,
S4-B-PTOX030.0-Z310.0-FX45.0-FY17.5-FZ10.0,4,B,90.0,310.0,45.0,17.5,10.0,86.25,215.0,185.0,2.5,2.5,45.0,70.0,10.5,12.5,5,4,290.0,290.0,CONDITIONAL_PASS_CANDIDATE,,
S4-B-PTOX030.0-Z310.0-FX45.0-FY17.5-FZ15.0,4,B,90.0,310.0,45.0,17.5,15.0,86.25,220.0,185.0,2.5,2.5,50.0,70.0,10.5,12.5,5,4,290.0,290.0,CONDITIONAL_PASS_CANDIDATE,,
S4-B-PTOX030.0-Z310.0-FX45.0-FY17.5-FZ20.0,4,B,90.0,310.0,45.0,17.5,20.0,86.25,225.0,185.0,2.5,2.5,55.0,70.0,10.5,12.5,5,4,290.0,290.0,CONDITIONAL_PASS_CANDIDATE,,
S4-B-PTOX030.0-Z310.0-FX45.0-FY17.5-FZ25.0,4,B,90.0,310.0,45.0,17.5,25.0,86.25,230.0,185.0,2.5,2.5,60.0,70.0,10.5,12.5,5,4,290.0,290.0,CONDITIONAL_PASS_CANDIDATE,,
S4-B-PTOX030.0-Z310.0-FX45.0-FY17.5-FZ30.0,4,B,90.0,310.0,45.0,17.5,30.0,86.25,235.0,185.0,2.5,2.5,65.0,70.0,10.5,12.5,5,4,290.0,290.0,CONDITIONAL_PASS_CANDIDATE,,
S4-B-PTOX030.0-Z310.0-FX45.0-FY20.0-FZ10.0,4,B,90.0,310.0,45.0,20.0,10.0,88.75,215.0,185.0,4.75,5.0,45.0,70.0,12.0,14.75,5,4,290.0,290.0,CONDITIONAL_PASS_CANDIDATE,,
S4-B-PTOX030.0-Z310.0-FX45.0-FY20.0-FZ15.0,4,B,90.0,310.0,45.0,20.0,15.0,88.75,220.0,185.0,4.75,5.0,50.0,70.0,12.0,14.75,5,4,290.0,290.0,CONDITIONAL_PASS_CANDIDATE,,
S4-B-PTOX030.0-Z310.0-FX45.0-FY20.0-FZ20.0,4,B,90.0,310.0,45.0,20.0,20.0,88.75,225.0,185.0,4.75,5.0,55.0,70.0,12.0,14.75,5,4,290.0,290.0,CONDITIONAL_PASS_CANDIDATE,,
S4-B-PTOX030.0-Z310.0-FX45.0-FY20.0-FZ25.0,4,B,90.0,310.0,45.0,20.0,25.0,88.75,230.0,185.0,4.75,5.0,60.0,70.0,12.0,14.75,5,4,290.0,290.0,CONDITIONAL_PASS_CANDIDATE,,
S4-B-PTOX030.0-Z310.0-FX45.0-FY20.0-FZ30.0,4,B,90.0,310.0,45.0,20.0,30.0,88.75,235.0,185.0,4.75,5.0,65.0,70.0,12.0,14.75,5,4,290.0,290.0,CONDITIONAL_PASS_CANDIDATE,,
S4-B-PTOX030.0-Z310.0-FX45.0-FY22.5-FZ10.0,4,B,90.0,310.0,45.0,22.5,10.0,91.25,215.0,185.0,2.25,7.5,45.0,70.0,10.25,12.25,5,4,290.0,290.0,CONDITIONAL_PASS_CANDIDATE,,
S4-B-PTOX030.0-Z310.0-FX45.0-FY22.5-FZ15.0,4,B,90.0,310.0,45.0,22.5,15.0,91.25,220.0,185.0,2.25,7.5,50.0,70.0,10.25,12.25,5,4,290.0,290.0,CONDITIONAL_PASS_CANDIDATE,,
S4-B-PTOX030.0-Z310.0-FX45.0-FY22.5-FZ20.0,4,B,90.0,310.0,45.0,22.5,20.0,91.25,225.0,185.0,2.25,7.5,55.0,70.0,10.25,12.25,5,4,290.0,290.0,CONDITIONAL_PASS_CANDIDATE,,
S4-B-PTOX030.0-Z310.0-FX45.0-FY22.5-FZ25.0,4,B,90.0,310.0,45.0,22.5,25.0,91.25,230.0,185.0,2.25,7.5,60.0,70.0,10.25,12.25,5,4,290.0,290.0,CONDITIONAL_PASS_CANDIDATE,,
S4-B-PTOX030.0-Z310.0-FX45.0-FY22.5-FZ30.0,4,B,90.0,310.0,45.0,22.5,30.0,91.25,235.0,185.0,2.25,7.5,65.0,70.0,10.25,12.25,5,4,290.0,290.0,CONDITIONAL_PASS_CANDIDATE,,
S4-B-PTOX030.0-Z310.0-FX45.0-FY25.0-FZ10.0,4,B,90.0,310.0,45.0,25.0,10.0,93.75,215.0,185.0,-0.25,10.0,45.0,70.0,7.75,9.75,3,4,290.0,290.0,FAIL,,BELT_SAFETY_ENVELOPE_INTERSECTS_FRAME
S4-B-PTOX030.0-Z310.0-FX45.0-FY25.0-FZ15.0,4,B,90.0,310.0,45.0,25.0,15.0,93.75,220.0,185.0,-0.25,10.0,50.0,70.0,7.75,9.75,3,4,290.0,290.0,FAIL,,BELT_SAFETY_ENVELOPE_INTERSECTS_FRAME
S4-B-PTOX030.0-Z310.0-FX45.0-FY25.0-FZ20.0,4,B,90.0,310.0,45.0,25.0,20.0,93.75,225.0,185.0,-0.25,10.0,55.0,70.0,7.75,9.75,3,4,290.0,290.0,FAIL,,BELT_SAFETY_ENVELOPE_INTERSECTS_FRAME
S4-B-PTOX030.0-Z310.0-FX45.0-FY25.0-FZ25.0,4,B,90.0,310.0,45.0,25.0,25.0,93.75,230.0,185.0,-0.25,10.0,60.0,70.0,7.75,9.75,3,4,290.0,290.0,FAIL,,BELT_SAFETY_ENVELOPE_INTERSECTS_FRAME
S4-B-PTOX030.0-Z310.0-FX45.0-FY25.0-FZ30.0,4,B,90.0,310.0,45.0,25.0,30.0,93.75,235.0,185.0,-0.25,10.0,65.0,70.0,7.75,9.75,3,4,290.0,290.0,FAIL,,BELT_SAFETY_ENVELOPE_INTERSECTS_FRAME
S4-B-PTOX030.0-Z310.0-FX50.0-FY15.0-FZ10.0,4,B,90.0,310.0,50.0,15.0,10.0,83.75,215.0,190.0,0.0,0.0,45.0,70.0,8.0,10.0,5,4,290.0,290.0,CONDITIONAL_PASS_CANDIDATE,,
S4-B-PTOX030.0-Z310.0-FX50.0-FY15.0-FZ15.0,4,B,90.0,310.0,50.0,15.0,15.0,83.75,220.0,190.0,0.0,0.0,50.0,70.0,8.0,10.0,5,4,290.0,290.0,CONDITIONAL_PASS_CANDIDATE,,
S4-B-PTOX030.0-Z310.0-FX50.0-FY15.0-FZ20.0,4,B,90.0,310.0,50.0,15.0,20.0,83.75,225.0,190.0,0.0,0.0,55.0,70.0,8.0,10.0,5,4,290.0,290.0,CONDITIONAL_PASS_CANDIDATE,,
S4-B-PTOX030.0-Z310.0-FX50.0-FY15.0-FZ25.0,4,B,90.0,310.0,50.0,15.0,25.0,83.75,230.0,190.0,0.0,0.0,60.0,70.0,8.0,10.0,5,4,290.0,290.0,CONDITIONAL_PASS_CANDIDATE,,
S4-B-PTOX030.0-Z310.0-FX50.0-FY15.0-FZ30.0,4,B,90.0,310.0,50.0,15.0,30.0,83.75,235.0,190.0,0.0,0.0,65.0,70.0,8.0,10.0,5,4,290.0,290.0,CONDITIONAL_PASS_CANDIDATE,,
S4-B-PTOX030.0-Z310.0-FX50.0-FY17.5-FZ10.0,4,B,90.0,310.0,50.0,17.5,10.0,86.25,215.0,190.0,2.5,2.5,45.0,70.0,10.5,12.5,5,4,290.0,290.0,CONDITIONAL_PASS_CANDIDATE,,
S4-B-PTOX030.0-Z310.0-FX50.0-FY17.5-FZ15.0,4,B,90.0,310.0,50.0,17.5,15.0,86.25,220.0,190.0,2.5,2.5,50.0,70.0,10.5,12.5,5,4,290.0,290.0,CONDITIONAL_PASS_CANDIDATE,,
S4-B-PTOX030.0-Z310.0-FX50.0-FY17.5-FZ20.0,4,B,90.0,310.0,50.0,17.5,20.0,86.25,225.0,190.0,2.5,2.5,55.0,70.0,10.5,12.5,5,4,290.0,290.0,CONDITIONAL_PASS_CANDIDATE,,
S4-B-PTOX030.0-Z310.0-FX50.0-FY17.5-FZ25.0,4,B,90.0,310.0,50.0,17.5,25.0,86.25,230.0,190.0,2.5,2.5,60.0,70.0,10.5,12.5,5,4,290.0,290.0,CONDITIONAL_PASS_CANDIDATE,,
S4-B-PTOX030.0-Z310.0-FX50.0-FY17.5-FZ30.0,4,B,90.0,310.0,50.0,17.5,30.0,86.25,235.0,190.0,2.5,2.5,65.0,70.0,10.5,12.5,5,4,290.0,290.0,CONDITIONAL_PASS_CANDIDATE,,
S4-B-PTOX030.0-Z310.0-FX50.0-FY20.0-FZ10.0,4,B,90.0,310.0,50.0,20.0,10.0,88.75,215.0,190.0,4.75,5.0,45.0,70.0,12.0,14.75,5,4,290.0,290.0,CONDITIONAL_PASS_CANDIDATE,,
S4-B-PTOX030.0-Z310.0-FX50.0-FY20.0-FZ15.0,4,B,90.0,310.0,50.0,20.0,15.0,88.75,220.0,190.0,4.75,5.0,50.0,70.0,12.0,14.75,5,4,290.0,290.0,CONDITIONAL_PASS_CANDIDATE,,
S4-B-PTOX030.0-Z310.0-FX50.0-FY20.0-FZ20.0,4,B,90.0,310.0,50.0,20.0,20.0,88.75,225.0,190.0,4.75,5.0,55.0,70.0,12.0,14.75,5,4,290.0,290.0,CONDITIONAL_PASS_CANDIDATE,,
S4-B-PTOX030.0-Z310.0-FX50.0-FY20.0-FZ25.0,4,B,90.0,310.0,50.0,20.0,25.0,88.75,230.0,190.0,4.75,5.0,60.0,70.0,12.0,14.75,5,4,290.0,290.0,CONDITIONAL_PASS_CANDIDATE,,
S4-B-PTOX030.0-Z310.0-FX50.0-FY20.0-FZ30.0,4,B,90.0,310.0,50.0,20.0,30.0,88.75,235.0,190.0,4.75,5.0,65.0,70.0,12.0,14.75,5,4,290.0,290.0,CONDITIONAL_PASS_CANDIDATE,,
S4-B-PTOX030.0-Z310.0-FX50.0-FY22.5-FZ10.0,4,B,90.0,310.0,50.0,22.5,10.0,91.25,215.0,190.0,2.25,7.5,45.0,70.0,10.25,12.25,5,4,290.0,290.0,CONDITIONAL_PASS_CANDIDATE,,
S4-B-PTOX030.0-Z310.0-FX50.0-FY22.5-FZ15.0,4,B,90.0,310.0,50.0,22.5,15.0,91.25,220.0,190.0,2.25,7.5,50.0,70.0,10.25,12.25,5,4,290.0,290.0,CONDITIONAL_PASS_CANDIDATE,,
S4-B-PTOX030.0-Z310.0-FX50.0-FY22.5-FZ20.0,4,B,90.0,310.0,50.0,22.5,20.0,91.25,225.0,190.0,2.25,7.5,55.0,70.0,10.25,12.25,5,4,290.0,290.0,CONDITIONAL_PASS_CANDIDATE,,
S4-B-PTOX030.0-Z310.0-FX50.0-FY22.5-FZ25.0,4,B,90.0,310.0,50.0,22.5,25.0,91.25,230.0,190.0,2.25,7.5,60.0,70.0,10.25,12.25,5,4,290.0,290.0,CONDITIONAL_PASS_CANDIDATE,,
S4-B-PTOX030.0-Z310.0-FX50.0-FY22.5-FZ30.0,4,B,90.0,310.0,50.0,22.5,30.0,91.25,235.0,190.0,2.25,7.5,65.0,70.0,10.25,12.25,5,4,290.0,290.0,CONDITIONAL_PASS_CANDIDATE,,
S4-B-PTOX030.0-Z310.0-FX50.0-FY25.0-FZ10.0,4,B,90.0,310.0,50.0,25.0,10.0,93.75,215.0,190.0,-0.25,10.0,45.0,70.0,7.75,9.75,3,4,290.0,290.0,FAIL,,BELT_SAFETY_ENVELOPE_INTERSECTS_FRAME
S4-B-PTOX030.0-Z310.0-FX50.0-FY25.0-FZ15.0,4,B,90.0,310.0,50.0,25.0,15.0,93.75,220.0,190.0,-0.25,10.0,50.0,70.0,7.75,9.75,3,4,290.0,290.0,FAIL,,BELT_SAFETY_ENVELOPE_INTERSECTS_FRAME
S4-B-PTOX030.0-Z310.0-FX50.0-FY25.0-FZ20.0,4,B,90.0,310.0,50.0,25.0,20.0,93.75,225.0,190.0,-0.25,10.0,55.0,70.0,7.75,9.75,3,4,290.0,290.0,FAIL,,BELT_SAFETY_ENVELOPE_INTERSECTS_FRAME
S4-B-PTOX030.0-Z310.0-FX50.0-FY25.0-FZ25.0,4,B,90.0,310.0,50.0,25.0,25.0,93.75,230.0,190.0,-0.25,10.0,60.0,70.0,7.75,9.75,3,4,290.0,290.0,FAIL,,BELT_SAFETY_ENVELOPE_INTERSECTS_FRAME
S4-B-PTOX030.0-Z310.0-FX50.0-FY25.0-FZ30.0,4,B,90.0,310.0,50.0,25.0,30.0,93.75,235.0,190.0,-0.25,10.0,65.0,70.0,7.75,9.75,3,4,290.0,290.0,FAIL,,BELT_SAFETY_ENVELOPE_INTERSECTS_FRAME
S4-B-PTOX040.0-Z310.0-FX30.0-FY15.0-FZ10.0,4,B,100.0,310.0,30.0,15.0,10.0,83.75,215.0,170.0,0.0,0.0,45.0,70.0,8.0,10.0,5,4,290.0,290.0,CONDITIONAL_PASS_CANDIDATE,,
S4-B-PTOX040.0-Z310.0-FX30.0-FY15.0-FZ15.0,4,B,100.0,310.0,30.0,15.0,15.0,83.75,220.0,170.0,0.0,0.0,50.0,70.0,8.0,10.0,5,4,290.0,290.0,CONDITIONAL_PASS_CANDIDATE,,
S4-B-PTOX040.0-Z310.0-FX30.0-FY15.0-FZ20.0,4,B,100.0,310.0,30.0,15.0,20.0,83.75,225.0,170.0,0.0,0.0,55.0,70.0,8.0,10.0,5,4,290.0,290.0,CONDITIONAL_PASS_CANDIDATE,,
S4-B-PTOX040.0-Z310.0-FX30.0-FY15.0-FZ25.0,4,B,100.0,310.0,30.0,15.0,25.0,83.75,230.0,170.0,0.0,0.0,60.0,70.0,8.0,10.0,5,4,290.0,290.0,CONDITIONAL_PASS_CANDIDATE,,
S4-B-PTOX040.0-Z310.0-FX30.0-FY15.0-FZ30.0,4,B,100.0,310.0,30.0,15.0,30.0,83.75,235.0,170.0,0.0,0.0,65.0,70.0,8.0,10.0,5,4,290.0,290.0,CONDITIONAL_PASS_CANDIDATE,,
S4-B-PTOX040.0-Z310.0-FX30.0-FY17.5-FZ10.0,4,B,100.0,310.0,30.0,17.5,10.0,86.25,215.0,170.0,2.5,0.0,45.0,70.0,10.5,12.5,5,4,290.0,290.0,CONDITIONAL_PASS_CANDIDATE,,
S4-B-PTOX040.0-Z310.0-FX30.0-FY17.5-FZ15.0,4,B,100.0,310.0,30.0,17.5,15.0,86.25,220.0,170.0,2.5,0.0,50.0,70.0,10.5,12.5,5,4,290.0,290.0,CONDITIONAL_PASS_CANDIDATE,,
S4-B-PTOX040.0-Z310.0-FX30.0-FY17.5-FZ20.0,4,B,100.0,310.0,30.0,17.5,20.0,86.25,225.0,170.0,2.5,0.0,55.0,70.0,10.5,12.5,5,4,290.0,290.0,CONDITIONAL_PASS_CANDIDATE,,
S4-B-PTOX040.0-Z310.0-FX30.0-FY17.5-FZ25.0,4,B,100.0,310.0,30.0,17.5,25.0,86.25,230.0,170.0,2.5,0.0,60.0,70.0,10.5,12.5,5,4,290.0,290.0,CONDITIONAL_PASS_CANDIDATE,,
S4-B-PTOX040.0-Z310.0-FX30.0-FY17.5-FZ30.0,4,B,100.0,310.0,30.0,17.5,30.0,86.25,235.0,170.0,2.5,0.0,65.0,70.0,10.5,12.5,5,4,290.0,290.0,CONDITIONAL_PASS_CANDIDATE,,
S4-B-PTOX040.0-Z310.0-FX30.0-FY20.0-FZ10.0,4,B,100.0,310.0,30.0,20.0,10.0,88.75,215.0,170.0,4.75,0.0,45.0,70.0,12.0,14.75,5,4,290.0,290.0,CONDITIONAL_PASS_CANDIDATE,,
S4-B-PTOX040.0-Z310.0-FX30.0-FY20.0-FZ15.0,4,B,100.0,310.0,30.0,20.0,15.0,88.75,220.0,170.0,4.75,0.0,50.0,70.0,12.0,14.75,5,4,290.0,290.0,CONDITIONAL_PASS_CANDIDATE,,
S4-B-PTOX040.0-Z310.0-FX30.0-FY20.0-FZ20.0,4,B,100.0,310.0,30.0,20.0,20.0,88.75,225.0,170.0,4.75,0.0,55.0,70.0,12.0,14.75,5,4,290.0,290.0,CONDITIONAL_PASS_CANDIDATE,,
S4-B-PTOX040.0-Z310.0-FX30.0-FY20.0-FZ25.0,4,B,100.0,310.0,30.0,20.0,25.0,88.75,230.0,170.0,4.75,0.0,60.0,70.0,12.0,14.75,5,4,290.0,290.0,CONDITIONAL_PASS_CANDIDATE,,
S4-B-PTOX040.0-Z310.0-FX30.0-FY20.0-FZ30.0,4,B,100.0,310.0,30.0,20.0,30.0,88.75,235.0,170.0,4.75,0.0,65.0,70.0,12.0,14.75,5,4,290.0,290.0,CONDITIONAL_PASS_CANDIDATE,,
S4-B-PTOX040.0-Z310.0-FX30.0-FY22.5-FZ10.0,4,B,100.0,310.0,30.0,22.5,10.0,91.25,215.0,170.0,2.25,0.0,45.0,70.0,10.25,12.25,5,4,290.0,290.0,CONDITIONAL_PASS_CANDIDATE,,
S4-B-PTOX040.0-Z310.0-FX30.0-FY22.5-FZ15.0,4,B,100.0,310.0,30.0,22.5,15.0,91.25,220.0,170.0,2.25,0.0,50.0,70.0,10.25,12.25,5,4,290.0,290.0,CONDITIONAL_PASS_CANDIDATE,,
S4-B-PTOX040.0-Z310.0-FX30.0-FY22.5-FZ20.0,4,B,100.0,310.0,30.0,22.5,20.0,91.25,225.0,170.0,2.25,0.0,55.0,70.0,10.25,12.25,5,4,290.0,290.0,CONDITIONAL_PASS_CANDIDATE,,
S4-B-PTOX040.0-Z310.0-FX30.0-FY22.5-FZ25.0,4,B,100.0,310.0,30.0,22.5,25.0,91.25,230.0,170.0,2.25,0.0,60.0,70.0,10.25,12.25,5,4,290.0,290.0,CONDITIONAL_PASS_CANDIDATE,,
S4-B-PTOX040.0-Z310.0-FX30.0-FY22.5-FZ30.0,4,B,100.0,310.0,30.0,22.5,30.0,91.25,235.0,170.0,2.25,0.0,65.0,70.0,10.25,12.25,5,4,290.0,290.0,CONDITIONAL_PASS_CANDIDATE,,
S4-B-PTOX040.0-Z310.0-FX30.0-FY25.0-FZ10.0,4,B,100.0,310.0,30.0,25.0,10.0,93.75,215.0,170.0,-0.25,0.0,45.0,70.0,7.75,9.75,3,4,290.0,290.0,FAIL,,BELT_SAFETY_ENVELOPE_INTERSECTS_FRAME
S4-B-PTOX040.0-Z310.0-FX30.0-FY25.0-FZ15.0,4,B,100.0,310.0,30.0,25.0,15.0,93.75,220.0,170.0,-0.25,0.0,50.0,70.0,7.75,9.75,3,4,290.0,290.0,FAIL,,BELT_SAFETY_ENVELOPE_INTERSECTS_FRAME
S4-B-PTOX040.0-Z310.0-FX30.0-FY25.0-FZ20.0,4,B,100.0,310.0,30.0,25.0,20.0,93.75,225.0,170.0,-0.25,0.0,55.0,70.0,7.75,9.75,3,4,290.0,290.0,FAIL,,BELT_SAFETY_ENVELOPE_INTERSECTS_FRAME
S4-B-PTOX040.0-Z310.0-FX30.0-FY25.0-FZ25.0,4,B,100.0,310.0,30.0,25.0,25.0,93.75,230.0,170.0,-0.25,0.0,60.0,70.0,7.75,9.75,3,4,290.0,290.0,FAIL,,BELT_SAFETY_ENVELOPE_INTERSECTS_FRAME
S4-B-PTOX040.0-Z310.0-FX30.0-FY25.0-FZ30.0,4,B,100.0,310.0,30.0,25.0,30.0,93.75,235.0,170.0,-0.25,0.0,65.0,70.0,7.75,9.75,3,4,290.0,290.0,FAIL,,BELT_SAFETY_ENVELOPE_INTERSECTS_FRAME
S4-B-PTOX040.0-Z310.0-FX35.0-FY15.0-FZ10.0,4,B,100.0,310.0,35.0,15.0,10.0,83.75,215.0,175.0,0.0,0.0,45.0,70.0,8.0,10.0,5,4,290.0,290.0,CONDITIONAL_PASS_CANDIDATE,,
S4-B-PTOX040.0-Z310.0-FX35.0-FY15.0-FZ15.0,4,B,100.0,310.0,35.0,15.0,15.0,83.75,220.0,175.0,0.0,0.0,50.0,70.0,8.0,10.0,5,4,290.0,290.0,CONDITIONAL_PASS_CANDIDATE,,
S4-B-PTOX040.0-Z310.0-FX35.0-FY15.0-FZ20.0,4,B,100.0,310.0,35.0,15.0,20.0,83.75,225.0,175.0,0.0,0.0,55.0,70.0,8.0,10.0,5,4,290.0,290.0,CONDITIONAL_PASS_CANDIDATE,,
S4-B-PTOX040.0-Z310.0-FX35.0-FY15.0-FZ25.0,4,B,100.0,310.0,35.0,15.0,25.0,83.75,230.0,175.0,0.0,0.0,60.0,70.0,8.0,10.0,5,4,290.0,290.0,CONDITIONAL_PASS_CANDIDATE,,
S4-B-PTOX040.0-Z310.0-FX35.0-FY15.0-FZ30.0,4,B,100.0,310.0,35.0,15.0,30.0,83.75,235.0,175.0,0.0,0.0,65.0,70.0,8.0,10.0,5,4,290.0,290.0,CONDITIONAL_PASS_CANDIDATE,,
S4-B-PTOX040.0-Z310.0-FX35.0-FY17.5-FZ10.0,4,B,100.0,310.0,35.0,17.5,10.0,86.25,215.0,175.0,2.5,2.5,45.0,70.0,10.5,12.5,5,4,290.0,290.0,CONDITIONAL_PASS_CANDIDATE,,
S4-B-PTOX040.0-Z310.0-FX35.0-FY17.5-FZ15.0,4,B,100.0,310.0,35.0,17.5,15.0,86.25,220.0,175.0,2.5,2.5,50.0,70.0,10.5,12.5,5,4,290.0,290.0,CONDITIONAL_PASS_CANDIDATE,,
S4-B-PTOX040.0-Z310.0-FX35.0-FY17.5-FZ20.0,4,B,100.0,310.0,35.0,17.5,20.0,86.25,225.0,175.0,2.5,2.5,55.0,70.0,10.5,12.5,5,4,290.0,290.0,CONDITIONAL_PASS_CANDIDATE,,
S4-B-PTOX040.0-Z310.0-FX35.0-FY17.5-FZ25.0,4,B,100.0,310.0,35.0,17.5,25.0,86.25,230.0,175.0,2.5,2.5,60.0,70.0,10.5,12.5,5,4,290.0,290.0,CONDITIONAL_PASS_CANDIDATE,,
S4-B-PTOX040.0-Z310.0-FX35.0-FY17.5-FZ30.0,4,B,100.0,310.0,35.0,17.5,30.0,86.25,235.0,175.0,2.5,2.5,65.0,70.0,10.5,12.5,5,4,290.0,290.0,CONDITIONAL_PASS_CANDIDATE,,
S4-B-PTOX040.0-Z310.0-FX35.0-FY20.0-FZ10.0,4,B,100.0,310.0,35.0,20.0,10.0,88.75,215.0,175.0,4.75,5.0,45.0,70.0,12.0,14.75,5,4,290.0,290.0,CONDITIONAL_PASS_CANDIDATE,,
S4-B-PTOX040.0-Z310.0-FX35.0-FY20.0-FZ15.0,4,B,100.0,310.0,35.0,20.0,15.0,88.75,220.0,175.0,4.75,5.0,50.0,70.0,12.0,14.75,5,4,290.0,290.0,CONDITIONAL_PASS_CANDIDATE,,
S4-B-PTOX040.0-Z310.0-FX35.0-FY20.0-FZ20.0,4,B,100.0,310.0,35.0,20.0,20.0,88.75,225.0,175.0,4.75,5.0,55.0,70.0,12.0,14.75,5,4,290.0,290.0,CONDITIONAL_PASS_CANDIDATE,,
S4-B-PTOX040.0-Z310.0-FX35.0-FY20.0-FZ25.0,4,B,100.0,310.0,35.0,20.0,25.0,88.75,230.0,175.0,4.75,5.0,60.0,70.0,12.0,14.75,5,4,290.0,290.0,CONDITIONAL_PASS_CANDIDATE,,
S4-B-PTOX040.0-Z310.0-FX35.0-FY20.0-FZ30.0,4,B,100.0,310.0,35.0,20.0,30.0,88.75,235.0,175.0,4.75,5.0,65.0,70.0,12.0,14.75,5,4,290.0,290.0,CONDITIONAL_PASS_CANDIDATE,,
S4-B-PTOX040.0-Z310.0-FX35.0-FY22.5-FZ10.0,4,B,100.0,310.0,35.0,22.5,10.0,91.25,215.0,175.0,2.25,5.0,45.0,70.0,10.25,12.25,5,4,290.0,290.0,CONDITIONAL_PASS_CANDIDATE,,
S4-B-PTOX040.0-Z310.0-FX35.0-FY22.5-FZ15.0,4,B,100.0,310.0,35.0,22.5,15.0,91.25,220.0,175.0,2.25,5.0,50.0,70.0,10.25,12.25,5,4,290.0,290.0,CONDITIONAL_PASS_CANDIDATE,,
S4-B-PTOX040.0-Z310.0-FX35.0-FY22.5-FZ20.0,4,B,100.0,310.0,35.0,22.5,20.0,91.25,225.0,175.0,2.25,5.0,55.0,70.0,10.25,12.25,5,4,290.0,290.0,CONDITIONAL_PASS_CANDIDATE,,
S4-B-PTOX040.0-Z310.0-FX35.0-FY22.5-FZ25.0,4,B,100.0,310.0,35.0,22.5,25.0,91.25,230.0,175.0,2.25,5.0,60.0,70.0,10.25,12.25,5,4,290.0,290.0,CONDITIONAL_PASS_CANDIDATE,,
S4-B-PTOX040.0-Z310.0-FX35.0-FY22.5-FZ30.0,4,B,100.0,310.0,35.0,22.5,30.0,91.25,235.0,175.0,2.25,5.0,65.0,70.0,10.25,12.25,5,4,290.0,290.0,CONDITIONAL_PASS_CANDIDATE,,
S4-B-PTOX040.0-Z310.0-FX35.0-FY25.0-FZ10.0,4,B,100.0,310.0,35.0,25.0,10.0,93.75,215.0,175.0,-0.25,5.0,45.0,70.0,7.75,9.75,3,4,290.0,290.0,FAIL,,BELT_SAFETY_ENVELOPE_INTERSECTS_FRAME
S4-B-PTOX040.0-Z310.0-FX35.0-FY25.0-FZ15.0,4,B,100.0,310.0,35.0,25.0,15.0,93.75,220.0,175.0,-0.25,5.0,50.0,70.0,7.75,9.75,3,4,290.0,290.0,FAIL,,BELT_SAFETY_ENVELOPE_INTERSECTS_FRAME
S4-B-PTOX040.0-Z310.0-FX35.0-FY25.0-FZ20.0,4,B,100.0,310.0,35.0,25.0,20.0,93.75,225.0,175.0,-0.25,5.0,55.0,70.0,7.75,9.75,3,4,290.0,290.0,FAIL,,BELT_SAFETY_ENVELOPE_INTERSECTS_FRAME
S4-B-PTOX040.0-Z310.0-FX35.0-FY25.0-FZ25.0,4,B,100.0,310.0,35.0,25.0,25.0,93.75,230.0,175.0,-0.25,5.0,60.0,70.0,7.75,9.75,3,4,290.0,290.0,FAIL,,BELT_SAFETY_ENVELOPE_INTERSECTS_FRAME
S4-B-PTOX040.0-Z310.0-FX35.0-FY25.0-FZ30.0,4,B,100.0,310.0,35.0,25.0,30.0,93.75,235.0,175.0,-0.25,5.0,65.0,70.0,7.75,9.75,3,4,290.0,290.0,FAIL,,BELT_SAFETY_ENVELOPE_INTERSECTS_FRAME
S4-B-PTOX040.0-Z310.0-FX40.0-FY15.0-FZ10.0,4,B,100.0,310.0,40.0,15.0,10.0,83.75,215.0,180.0,0.0,0.0,45.0,70.0,8.0,10.0,5,4,290.0,290.0,CONDITIONAL_PASS_CANDIDATE,,
S4-B-PTOX040.0-Z310.0-FX40.0-FY15.0-FZ15.0,4,B,100.0,310.0,40.0,15.0,15.0,83.75,220.0,180.0,0.0,0.0,50.0,70.0,8.0,10.0,5,4,290.0,290.0,CONDITIONAL_PASS_CANDIDATE,,
S4-B-PTOX040.0-Z310.0-FX40.0-FY15.0-FZ20.0,4,B,100.0,310.0,40.0,15.0,20.0,83.75,225.0,180.0,0.0,0.0,55.0,70.0,8.0,10.0,5,4,290.0,290.0,CONDITIONAL_PASS_CANDIDATE,,
S4-B-PTOX040.0-Z310.0-FX40.0-FY15.0-FZ25.0,4,B,100.0,310.0,40.0,15.0,25.0,83.75,230.0,180.0,0.0,0.0,60.0,70.0,8.0,10.0,5,4,290.0,290.0,CONDITIONAL_PASS_CANDIDATE,,
S4-B-PTOX040.0-Z310.0-FX40.0-FY15.0-FZ30.0,4,B,100.0,310.0,40.0,15.0,30.0,83.75,235.0,180.0,0.0,0.0,65.0,70.0,8.0,10.0,5,4,290.0,290.0,CONDITIONAL_PASS_CANDIDATE,,
S4-B-PTOX040.0-Z310.0-FX40.0-FY17.5-FZ10.0,4,B,100.0,310.0,40.0,17.5,10.0,86.25,215.0,180.0,2.5,2.5,45.0,70.0,10.5,12.5,5,4,290.0,290.0,CONDITIONAL_PASS_CANDIDATE,,
S4-B-PTOX040.0-Z310.0-FX40.0-FY17.5-FZ15.0,4,B,100.0,310.0,40.0,17.5,15.0,86.25,220.0,180.0,2.5,2.5,50.0,70.0,10.5,12.5,5,4,290.0,290.0,CONDITIONAL_PASS_CANDIDATE,,
S4-B-PTOX040.0-Z310.0-FX40.0-FY17.5-FZ20.0,4,B,100.0,310.0,40.0,17.5,20.0,86.25,225.0,180.0,2.5,2.5,55.0,70.0,10.5,12.5,5,4,290.0,290.0,CONDITIONAL_PASS_CANDIDATE,,
S4-B-PTOX040.0-Z310.0-FX40.0-FY17.5-FZ25.0,4,B,100.0,310.0,40.0,17.5,25.0,86.25,230.0,180.0,2.5,2.5,60.0,70.0,10.5,12.5,5,4,290.0,290.0,CONDITIONAL_PASS_CANDIDATE,,
S4-B-PTOX040.0-Z310.0-FX40.0-FY17.5-FZ30.0,4,B,100.0,310.0,40.0,17.5,30.0,86.25,235.0,180.0,2.5,2.5,65.0,70.0,10.5,12.5,5,4,290.0,290.0,CONDITIONAL_PASS_CANDIDATE,,
S4-B-PTOX040.0-Z310.0-FX40.0-FY20.0-FZ10.0,4,B,100.0,310.0,40.0,20.0,10.0,88.75,215.0,180.0,4.75,5.0,45.0,70.0,12.0,14.75,5,4,290.0,290.0,CONDITIONAL_PASS_CANDIDATE,,
S4-B-PTOX040.0-Z310.0-FX40.0-FY20.0-FZ15.0,4,B,100.0,310.0,40.0,20.0,15.0,88.75,220.0,180.0,4.75,5.0,50.0,70.0,12.0,14.75,5,4,290.0,290.0,CONDITIONAL_PASS_CANDIDATE,,
S4-B-PTOX040.0-Z310.0-FX40.0-FY20.0-FZ20.0,4,B,100.0,310.0,40.0,20.0,20.0,88.75,225.0,180.0,4.75,5.0,55.0,70.0,12.0,14.75,5,4,290.0,290.0,CONDITIONAL_PASS_CANDIDATE,,
S4-B-PTOX040.0-Z310.0-FX40.0-FY20.0-FZ25.0,4,B,100.0,310.0,40.0,20.0,25.0,88.75,230.0,180.0,4.75,5.0,60.0,70.0,12.0,14.75,5,4,290.0,290.0,CONDITIONAL_PASS_CANDIDATE,,
S4-B-PTOX040.0-Z310.0-FX40.0-FY20.0-FZ30.0,4,B,100.0,310.0,40.0,20.0,30.0,88.75,235.0,180.0,4.75,5.0,65.0,70.0,12.0,14.75,5,4,290.0,290.0,CONDITIONAL_PASS_CANDIDATE,,
S4-B-PTOX040.0-Z310.0-FX40.0-FY22.5-FZ10.0,4,B,100.0,310.0,40.0,22.5,10.0,91.25,215.0,180.0,2.25,7.5,45.0,70.0,10.25,12.25,5,4,290.0,290.0,CONDITIONAL_PASS_CANDIDATE,,
S4-B-PTOX040.0-Z310.0-FX40.0-FY22.5-FZ15.0,4,B,100.0,310.0,40.0,22.5,15.0,91.25,220.0,180.0,2.25,7.5,50.0,70.0,10.25,12.25,5,4,290.0,290.0,CONDITIONAL_PASS_CANDIDATE,,
S4-B-PTOX040.0-Z310.0-FX40.0-FY22.5-FZ20.0,4,B,100.0,310.0,40.0,22.5,20.0,91.25,225.0,180.0,2.25,7.5,55.0,70.0,10.25,12.25,5,4,290.0,290.0,CONDITIONAL_PASS_CANDIDATE,,
S4-B-PTOX040.0-Z310.0-FX40.0-FY22.5-FZ25.0,4,B,100.0,310.0,40.0,22.5,25.0,91.25,230.0,180.0,2.25,7.5,60.0,70.0,10.25,12.25,5,4,290.0,290.0,CONDITIONAL_PASS_CANDIDATE,,
S4-B-PTOX040.0-Z310.0-FX40.0-FY22.5-FZ30.0,4,B,100.0,310.0,40.0,22.5,30.0,91.25,235.0,180.0,2.25,7.5,65.0,70.0,10.25,12.25,5,4,290.0,290.0,CONDITIONAL_PASS_CANDIDATE,,
S4-B-PTOX040.0-Z310.0-FX40.0-FY25.0-FZ10.0,4,B,100.0,310.0,40.0,25.0,10.0,93.75,215.0,180.0,-0.25,10.0,45.0,70.0,7.75,9.75,3,4,290.0,290.0,FAIL,,BELT_SAFETY_ENVELOPE_INTERSECTS_FRAME
S4-B-PTOX040.0-Z310.0-FX40.0-FY25.0-FZ15.0,4,B,100.0,310.0,40.0,25.0,15.0,93.75,220.0,180.0,-0.25,10.0,50.0,70.0,7.75,9.75,3,4,290.0,290.0,FAIL,,BELT_SAFETY_ENVELOPE_INTERSECTS_FRAME
S4-B-PTOX040.0-Z310.0-FX40.0-FY25.0-FZ20.0,4,B,100.0,310.0,40.0,25.0,20.0,93.75,225.0,180.0,-0.25,10.0,55.0,70.0,7.75,9.75,3,4,290.0,290.0,FAIL,,BELT_SAFETY_ENVELOPE_INTERSECTS_FRAME
S4-B-PTOX040.0-Z310.0-FX40.0-FY25.0-FZ25.0,4,B,100.0,310.0,40.0,25.0,25.0,93.75,230.0,180.0,-0.25,10.0,60.0,70.0,7.75,9.75,3,4,290.0,290.0,FAIL,,BELT_SAFETY_ENVELOPE_INTERSECTS_FRAME
S4-B-PTOX040.0-Z310.0-FX40.0-FY25.0-FZ30.0,4,B,100.0,310.0,40.0,25.0,30.0,93.75,235.0,180.0,-0.25,10.0,65.0,70.0,7.75,9.75,3,4,290.0,290.0,FAIL,,BELT_SAFETY_ENVELOPE_INTERSECTS_FRAME
S4-B-PTOX040.0-Z310.0-FX45.0-FY15.0-FZ10.0,4,B,100.0,310.0,45.0,15.0,10.0,83.75,215.0,185.0,0.0,0.0,45.0,70.0,8.0,10.0,5,4,290.0,290.0,CONDITIONAL_PASS_CANDIDATE,,
S4-B-PTOX040.0-Z310.0-FX45.0-FY15.0-FZ15.0,4,B,100.0,310.0,45.0,15.0,15.0,83.75,220.0,185.0,0.0,0.0,50.0,70.0,8.0,10.0,5,4,290.0,290.0,CONDITIONAL_PASS_CANDIDATE,,
S4-B-PTOX040.0-Z310.0-FX45.0-FY15.0-FZ20.0,4,B,100.0,310.0,45.0,15.0,20.0,83.75,225.0,185.0,0.0,0.0,55.0,70.0,8.0,10.0,5,4,290.0,290.0,CONDITIONAL_PASS_CANDIDATE,,
S4-B-PTOX040.0-Z310.0-FX45.0-FY15.0-FZ25.0,4,B,100.0,310.0,45.0,15.0,25.0,83.75,230.0,185.0,0.0,0.0,60.0,70.0,8.0,10.0,5,4,290.0,290.0,CONDITIONAL_PASS_CANDIDATE,,
S4-B-PTOX040.0-Z310.0-FX45.0-FY15.0-FZ30.0,4,B,100.0,310.0,45.0,15.0,30.0,83.75,235.0,185.0,0.0,0.0,65.0,70.0,8.0,10.0,5,4,290.0,290.0,CONDITIONAL_PASS_CANDIDATE,,
S4-B-PTOX040.0-Z310.0-FX45.0-FY17.5-FZ10.0,4,B,100.0,310.0,45.0,17.5,10.0,86.25,215.0,185.0,2.5,2.5,45.0,70.0,10.5,12.5,5,4,290.0,290.0,CONDITIONAL_PASS_CANDIDATE,,
S4-B-PTOX040.0-Z310.0-FX45.0-FY17.5-FZ15.0,4,B,100.0,310.0,45.0,17.5,15.0,86.25,220.0,185.0,2.5,2.5,50.0,70.0,10.5,12.5,5,4,290.0,290.0,CONDITIONAL_PASS_CANDIDATE,,
S4-B-PTOX040.0-Z310.0-FX45.0-FY17.5-FZ20.0,4,B,100.0,310.0,45.0,17.5,20.0,86.25,225.0,185.0,2.5,2.5,55.0,70.0,10.5,12.5,5,4,290.0,290.0,CONDITIONAL_PASS_CANDIDATE,,
S4-B-PTOX040.0-Z310.0-FX45.0-FY17.5-FZ25.0,4,B,100.0,310.0,45.0,17.5,25.0,86.25,230.0,185.0,2.5,2.5,60.0,70.0,10.5,12.5,5,4,290.0,290.0,CONDITIONAL_PASS_CANDIDATE,,
S4-B-PTOX040.0-Z310.0-FX45.0-FY17.5-FZ30.0,4,B,100.0,310.0,45.0,17.5,30.0,86.25,235.0,185.0,2.5,2.5,65.0,70.0,10.5,12.5,5,4,290.0,290.0,CONDITIONAL_PASS_CANDIDATE,,
S4-B-PTOX040.0-Z310.0-FX45.0-FY20.0-FZ10.0,4,B,100.0,310.0,45.0,20.0,10.0,88.75,215.0,185.0,4.75,5.0,45.0,70.0,12.0,14.75,5,4,290.0,290.0,CONDITIONAL_PASS_CANDIDATE,,
S4-B-PTOX040.0-Z310.0-FX45.0-FY20.0-FZ15.0,4,B,100.0,310.0,45.0,20.0,15.0,88.75,220.0,185.0,4.75,5.0,50.0,70.0,12.0,14.75,5,4,290.0,290.0,CONDITIONAL_PASS_CANDIDATE,,
S4-B-PTOX040.0-Z310.0-FX45.0-FY20.0-FZ20.0,4,B,100.0,310.0,45.0,20.0,20.0,88.75,225.0,185.0,4.75,5.0,55.0,70.0,12.0,14.75,5,4,290.0,290.0,CONDITIONAL_PASS_CANDIDATE,,
S4-B-PTOX040.0-Z310.0-FX45.0-FY20.0-FZ25.0,4,B,100.0,310.0,45.0,20.0,25.0,88.75,230.0,185.0,4.75,5.0,60.0,70.0,12.0,14.75,5,4,290.0,290.0,CONDITIONAL_PASS_CANDIDATE,,
S4-B-PTOX040.0-Z310.0-FX45.0-FY20.0-FZ30.0,4,B,100.0,310.0,45.0,20.0,30.0,88.75,235.0,185.0,4.75,5.0,65.0,70.0,12.0,14.75,5,4,290.0,290.0,CONDITIONAL_PASS_CANDIDATE,,
S4-B-PTOX040.0-Z310.0-FX45.0-FY22.5-FZ10.0,4,B,100.0,310.0,45.0,22.5,10.0,91.25,215.0,185.0,2.25,7.5,45.0,70.0,10.25,12.25,5,4,290.0,290.0,CONDITIONAL_PASS_CANDIDATE,,
S4-B-PTOX040.0-Z310.0-FX45.0-FY22.5-FZ15.0,4,B,100.0,310.0,45.0,22.5,15.0,91.25,220.0,185.0,2.25,7.5,50.0,70.0,10.25,12.25,5,4,290.0,290.0,CONDITIONAL_PASS_CANDIDATE,,
S4-B-PTOX040.0-Z310.0-FX45.0-FY22.5-FZ20.0,4,B,100.0,310.0,45.0,22.5,20.0,91.25,225.0,185.0,2.25,7.5,55.0,70.0,10.25,12.25,5,4,290.0,290.0,CONDITIONAL_PASS_CANDIDATE,,
S4-B-PTOX040.0-Z310.0-FX45.0-FY22.5-FZ25.0,4,B,100.0,310.0,45.0,22.5,25.0,91.25,230.0,185.0,2.25,7.5,60.0,70.0,10.25,12.25,5,4,290.0,290.0,CONDITIONAL_PASS_CANDIDATE,,
S4-B-PTOX040.0-Z310.0-FX45.0-FY22.5-FZ30.0,4,B,100.0,310.0,45.0,22.5,30.0,91.25,235.0,185.0,2.25,7.5,65.0,70.0,10.25,12.25,5,4,290.0,290.0,CONDITIONAL_PASS_CANDIDATE,,
S4-B-PTOX040.0-Z310.0-FX45.0-FY25.0-FZ10.0,4,B,100.0,310.0,45.0,25.0,10.0,93.75,215.0,185.0,-0.25,10.0,45.0,70.0,7.75,9.75,3,4,290.0,290.0,FAIL,,BELT_SAFETY_ENVELOPE_INTERSECTS_FRAME
S4-B-PTOX040.0-Z310.0-FX45.0-FY25.0-FZ15.0,4,B,100.0,310.0,45.0,25.0,15.0,93.75,220.0,185.0,-0.25,10.0,50.0,70.0,7.75,9.75,3,4,290.0,290.0,FAIL,,BELT_SAFETY_ENVELOPE_INTERSECTS_FRAME
S4-B-PTOX040.0-Z310.0-FX45.0-FY25.0-FZ20.0,4,B,100.0,310.0,45.0,25.0,20.0,93.75,225.0,185.0,-0.25,10.0,55.0,70.0,7.75,9.75,3,4,290.0,290.0,FAIL,,BELT_SAFETY_ENVELOPE_INTERSECTS_FRAME
S4-B-PTOX040.0-Z310.0-FX45.0-FY25.0-FZ25.0,4,B,100.0,310.0,45.0,25.0,25.0,93.75,230.0,185.0,-0.25,10.0,60.0,70.0,7.75,9.75,3,4,290.0,290.0,FAIL,,BELT_SAFETY_ENVELOPE_INTERSECTS_FRAME
S4-B-PTOX040.0-Z310.0-FX45.0-FY25.0-FZ30.0,4,B,100.0,310.0,45.0,25.0,30.0,93.75,235.0,185.0,-0.25,10.0,65.0,70.0,7.75,9.75,3,4,290.0,290.0,FAIL,,BELT_SAFETY_ENVELOPE_INTERSECTS_FRAME
S4-B-PTOX040.0-Z310.0-FX50.0-FY15.0-FZ10.0,4,B,100.0,310.0,50.0,15.0,10.0,83.75,215.0,190.0,0.0,0.0,45.0,70.0,8.0,10.0,5,4,290.0,290.0,CONDITIONAL_PASS_CANDIDATE,,
S4-B-PTOX040.0-Z310.0-FX50.0-FY15.0-FZ15.0,4,B,100.0,310.0,50.0,15.0,15.0,83.75,220.0,190.0,0.0,0.0,50.0,70.0,8.0,10.0,5,4,290.0,290.0,CONDITIONAL_PASS_CANDIDATE,,
S4-B-PTOX040.0-Z310.0-FX50.0-FY15.0-FZ20.0,4,B,100.0,310.0,50.0,15.0,20.0,83.75,225.0,190.0,0.0,0.0,55.0,70.0,8.0,10.0,5,4,290.0,290.0,CONDITIONAL_PASS_CANDIDATE,,
S4-B-PTOX040.0-Z310.0-FX50.0-FY15.0-FZ25.0,4,B,100.0,310.0,50.0,15.0,25.0,83.75,230.0,190.0,0.0,0.0,60.0,70.0,8.0,10.0,5,4,290.0,290.0,CONDITIONAL_PASS_CANDIDATE,,
S4-B-PTOX040.0-Z310.0-FX50.0-FY15.0-FZ30.0,4,B,100.0,310.0,50.0,15.0,30.0,83.75,235.0,190.0,0.0,0.0,65.0,70.0,8.0,10.0,5,4,290.0,290.0,CONDITIONAL_PASS_CANDIDATE,,
S4-B-PTOX040.0-Z310.0-FX50.0-FY17.5-FZ10.0,4,B,100.0,310.0,50.0,17.5,10.0,86.25,215.0,190.0,2.5,2.5,45.0,70.0,10.5,12.5,5,4,290.0,290.0,CONDITIONAL_PASS_CANDIDATE,,
S4-B-PTOX040.0-Z310.0-FX50.0-FY17.5-FZ15.0,4,B,100.0,310.0,50.0,17.5,15.0,86.25,220.0,190.0,2.5,2.5,50.0,70.0,10.5,12.5,5,4,290.0,290.0,CONDITIONAL_PASS_CANDIDATE,,
S4-B-PTOX040.0-Z310.0-FX50.0-FY17.5-FZ20.0,4,B,100.0,310.0,50.0,17.5,20.0,86.25,225.0,190.0,2.5,2.5,55.0,70.0,10.5,12.5,5,4,290.0,290.0,CONDITIONAL_PASS_CANDIDATE,,
S4-B-PTOX040.0-Z310.0-FX50.0-FY17.5-FZ25.0,4,B,100.0,310.0,50.0,17.5,25.0,86.25,230.0,190.0,2.5,2.5,60.0,70.0,10.5,12.5,5,4,290.0,290.0,CONDITIONAL_PASS_CANDIDATE,,
S4-B-PTOX040.0-Z310.0-FX50.0-FY17.5-FZ30.0,4,B,100.0,310.0,50.0,17.5,30.0,86.25,235.0,190.0,2.5,2.5,65.0,70.0,10.5,12.5,5,4,290.0,290.0,CONDITIONAL_PASS_CANDIDATE,,
S4-B-PTOX040.0-Z310.0-FX50.0-FY20.0-FZ10.0,4,B,100.0,310.0,50.0,20.0,10.0,88.75,215.0,190.0,4.75,5.0,45.0,70.0,12.0,14.75,5,4,290.0,290.0,CONDITIONAL_PASS_CANDIDATE,,
S4-B-PTOX040.0-Z310.0-FX50.0-FY20.0-FZ15.0,4,B,100.0,310.0,50.0,20.0,15.0,88.75,220.0,190.0,4.75,5.0,50.0,70.0,12.0,14.75,5,4,290.0,290.0,CONDITIONAL_PASS_CANDIDATE,,
S4-B-PTOX040.0-Z310.0-FX50.0-FY20.0-FZ20.0,4,B,100.0,310.0,50.0,20.0,20.0,88.75,225.0,190.0,4.75,5.0,55.0,70.0,12.0,14.75,5,4,290.0,290.0,CONDITIONAL_PASS_CANDIDATE,,
S4-B-PTOX040.0-Z310.0-FX50.0-FY20.0-FZ25.0,4,B,100.0,310.0,50.0,20.0,25.0,88.75,230.0,190.0,4.75,5.0,60.0,70.0,12.0,14.75,5,4,290.0,290.0,CONDITIONAL_PASS_CANDIDATE,,
S4-B-PTOX040.0-Z310.0-FX50.0-FY20.0-FZ30.0,4,B,100.0,310.0,50.0,20.0,30.0,88.75,235.0,190.0,4.75,5.0,65.0,70.0,12.0,14.75,5,4,290.0,290.0,CONDITIONAL_PASS_CANDIDATE,,
S4-B-PTOX040.0-Z310.0-FX50.0-FY22.5-FZ10.0,4,B,100.0,310.0,50.0,22.5,10.0,91.25,215.0,190.0,2.25,7.5,45.0,70.0,10.25,12.25,5,4,290.0,290.0,CONDITIONAL_PASS_CANDIDATE,,
S4-B-PTOX040.0-Z310.0-FX50.0-FY22.5-FZ15.0,4,B,100.0,310.0,50.0,22.5,15.0,91.25,220.0,190.0,2.25,7.5,50.0,70.0,10.25,12.25,5,4,290.0,290.0,CONDITIONAL_PASS_CANDIDATE,,
S4-B-PTOX040.0-Z310.0-FX50.0-FY22.5-FZ20.0,4,B,100.0,310.0,50.0,22.5,20.0,91.25,225.0,190.0,2.25,7.5,55.0,70.0,10.25,12.25,5,4,290.0,290.0,CONDITIONAL_PASS_CANDIDATE,,
S4-B-PTOX040.0-Z310.0-FX50.0-FY22.5-FZ25.0,4,B,100.0,310.0,50.0,22.5,25.0,91.25,230.0,190.0,2.25,7.5,60.0,70.0,10.25,12.25,5,4,290.0,290.0,CONDITIONAL_PASS_CANDIDATE,,
S4-B-PTOX040.0-Z310.0-FX50.0-FY22.5-FZ30.0,4,B,100.0,310.0,50.0,22.5,30.0,91.25,235.0,190.0,2.25,7.5,65.0,70.0,10.25,12.25,5,4,290.0,290.0,CONDITIONAL_PASS_CANDIDATE,,
S4-B-PTOX040.0-Z310.0-FX50.0-FY25.0-FZ10.0,4,B,100.0,310.0,50.0,25.0,10.0,93.75,215.0,190.0,-0.25,10.0,45.0,70.0,7.75,9.75,3,4,290.0,290.0,FAIL,,BELT_SAFETY_ENVELOPE_INTERSECTS_FRAME
S4-B-PTOX040.0-Z310.0-FX50.0-FY25.0-FZ15.0,4,B,100.0,310.0,50.0,25.0,15.0,93.75,220.0,190.0,-0.25,10.0,50.0,70.0,7.75,9.75,3,4,290.0,290.0,FAIL,,BELT_SAFETY_ENVELOPE_INTERSECTS_FRAME
S4-B-PTOX040.0-Z310.0-FX50.0-FY25.0-FZ20.0,4,B,100.0,310.0,50.0,25.0,20.0,93.75,225.0,190.0,-0.25,10.0,55.0,70.0,7.75,9.75,3,4,290.0,290.0,FAIL,,BELT_SAFETY_ENVELOPE_INTERSECTS_FRAME
S4-B-PTOX040.0-Z310.0-FX50.0-FY25.0-FZ25.0,4,B,100.0,310.0,50.0,25.0,25.0,93.75,230.0,190.0,-0.25,10.0,60.0,70.0,7.75,9.75,3,4,290.0,290.0,FAIL,,BELT_SAFETY_ENVELOPE_INTERSECTS_FRAME
S4-B-PTOX040.0-Z310.0-FX50.0-FY25.0-FZ30.0,4,B,100.0,310.0,50.0,25.0,30.0,93.75,235.0,190.0,-0.25,10.0,65.0,70.0,7.75,9.75,3,4,290.0,290.0,FAIL,,BELT_SAFETY_ENVELOPE_INTERSECTS_FRAME
S4-B-PTOX050.0-Z310.0-FX30.0-FY15.0-FZ10.0,4,B,110.0,310.0,30.0,15.0,10.0,83.75,215.0,170.0,0.0,-10.0,45.0,70.0,8.0,10.0,5,4,290.0,290.0,FAIL,,PTO_ROTATION_ENVELOPE_INTERSECTS_FRAME
S4-B-PTOX050.0-Z310.0-FX30.0-FY15.0-FZ15.0,4,B,110.0,310.0,30.0,15.0,15.0,83.75,220.0,170.0,0.0,-10.0,50.0,70.0,8.0,10.0,5,4,290.0,290.0,FAIL,,PTO_ROTATION_ENVELOPE_INTERSECTS_FRAME
S4-B-PTOX050.0-Z310.0-FX30.0-FY15.0-FZ20.0,4,B,110.0,310.0,30.0,15.0,20.0,83.75,225.0,170.0,0.0,-10.0,55.0,70.0,8.0,10.0,5,4,290.0,290.0,FAIL,,PTO_ROTATION_ENVELOPE_INTERSECTS_FRAME
S4-B-PTOX050.0-Z310.0-FX30.0-FY15.0-FZ25.0,4,B,110.0,310.0,30.0,15.0,25.0,83.75,230.0,170.0,0.0,-10.0,60.0,70.0,8.0,10.0,5,4,290.0,290.0,FAIL,,PTO_ROTATION_ENVELOPE_INTERSECTS_FRAME
S4-B-PTOX050.0-Z310.0-FX30.0-FY15.0-FZ30.0,4,B,110.0,310.0,30.0,15.0,30.0,83.75,235.0,170.0,0.0,-10.0,65.0,70.0,8.0,10.0,5,4,290.0,290.0,FAIL,,PTO_ROTATION_ENVELOPE_INTERSECTS_FRAME
S4-B-PTOX050.0-Z310.0-FX30.0-FY17.5-FZ10.0,4,B,110.0,310.0,30.0,17.5,10.0,86.25,215.0,170.0,2.5,-10.0,45.0,70.0,10.5,12.5,5,4,290.0,290.0,FAIL,,PTO_ROTATION_ENVELOPE_INTERSECTS_FRAME
S4-B-PTOX050.0-Z310.0-FX30.0-FY17.5-FZ15.0,4,B,110.0,310.0,30.0,17.5,15.0,86.25,220.0,170.0,2.5,-10.0,50.0,70.0,10.5,12.5,5,4,290.0,290.0,FAIL,,PTO_ROTATION_ENVELOPE_INTERSECTS_FRAME
S4-B-PTOX050.0-Z310.0-FX30.0-FY17.5-FZ20.0,4,B,110.0,310.0,30.0,17.5,20.0,86.25,225.0,170.0,2.5,-10.0,55.0,70.0,10.5,12.5,5,4,290.0,290.0,FAIL,,PTO_ROTATION_ENVELOPE_INTERSECTS_FRAME
S4-B-PTOX050.0-Z310.0-FX30.0-FY17.5-FZ25.0,4,B,110.0,310.0,30.0,17.5,25.0,86.25,230.0,170.0,2.5,-10.0,60.0,70.0,10.5,12.5,5,4,290.0,290.0,FAIL,,PTO_ROTATION_ENVELOPE_INTERSECTS_FRAME
S4-B-PTOX050.0-Z310.0-FX30.0-FY17.5-FZ30.0,4,B,110.0,310.0,30.0,17.5,30.0,86.25,235.0,170.0,2.5,-10.0,65.0,70.0,10.5,12.5,5,4,290.0,290.0,FAIL,,PTO_ROTATION_ENVELOPE_INTERSECTS_FRAME
S4-B-PTOX050.0-Z310.0-FX30.0-FY20.0-FZ10.0,4,B,110.0,310.0,30.0,20.0,10.0,88.75,215.0,170.0,4.75,-10.0,45.0,70.0,12.0,14.75,5,4,290.0,290.0,FAIL,,PTO_ROTATION_ENVELOPE_INTERSECTS_FRAME
S4-B-PTOX050.0-Z310.0-FX30.0-FY20.0-FZ15.0,4,B,110.0,310.0,30.0,20.0,15.0,88.75,220.0,170.0,4.75,-10.0,50.0,70.0,12.0,14.75,5,4,290.0,290.0,FAIL,,PTO_ROTATION_ENVELOPE_INTERSECTS_FRAME
S4-B-PTOX050.0-Z310.0-FX30.0-FY20.0-FZ20.0,4,B,110.0,310.0,30.0,20.0,20.0,88.75,225.0,170.0,4.75,-10.0,55.0,70.0,12.0,14.75,5,4,290.0,290.0,FAIL,,PTO_ROTATION_ENVELOPE_INTERSECTS_FRAME
S4-B-PTOX050.0-Z310.0-FX30.0-FY20.0-FZ25.0,4,B,110.0,310.0,30.0,20.0,25.0,88.75,230.0,170.0,4.75,-10.0,60.0,70.0,12.0,14.75,5,4,290.0,290.0,FAIL,,PTO_ROTATION_ENVELOPE_INTERSECTS_FRAME
S4-B-PTOX050.0-Z310.0-FX30.0-FY20.0-FZ30.0,4,B,110.0,310.0,30.0,20.0,30.0,88.75,235.0,170.0,4.75,-10.0,65.0,70.0,12.0,14.75,5,4,290.0,290.0,FAIL,,PTO_ROTATION_ENVELOPE_INTERSECTS_FRAME
S4-B-PTOX050.0-Z310.0-FX30.0-FY22.5-FZ10.0,4,B,110.0,310.0,30.0,22.5,10.0,91.25,215.0,170.0,2.25,-10.0,45.0,70.0,10.25,12.25,5,4,290.0,290.0,FAIL,,PTO_ROTATION_ENVELOPE_INTERSECTS_FRAME
S4-B-PTOX050.0-Z310.0-FX30.0-FY22.5-FZ15.0,4,B,110.0,310.0,30.0,22.5,15.0,91.25,220.0,170.0,2.25,-10.0,50.0,70.0,10.25,12.25,5,4,290.0,290.0,FAIL,,PTO_ROTATION_ENVELOPE_INTERSECTS_FRAME
S4-B-PTOX050.0-Z310.0-FX30.0-FY22.5-FZ20.0,4,B,110.0,310.0,30.0,22.5,20.0,91.25,225.0,170.0,2.25,-10.0,55.0,70.0,10.25,12.25,5,4,290.0,290.0,FAIL,,PTO_ROTATION_ENVELOPE_INTERSECTS_FRAME
S4-B-PTOX050.0-Z310.0-FX30.0-FY22.5-FZ25.0,4,B,110.0,310.0,30.0,22.5,25.0,91.25,230.0,170.0,2.25,-10.0,60.0,70.0,10.25,12.25,5,4,290.0,290.0,FAIL,,PTO_ROTATION_ENVELOPE_INTERSECTS_FRAME
S4-B-PTOX050.0-Z310.0-FX30.0-FY22.5-FZ30.0,4,B,110.0,310.0,30.0,22.5,30.0,91.25,235.0,170.0,2.25,-10.0,65.0,70.0,10.25,12.25,5,4,290.0,290.0,FAIL,,PTO_ROTATION_ENVELOPE_INTERSECTS_FRAME
S4-B-PTOX050.0-Z310.0-FX30.0-FY25.0-FZ10.0,4,B,110.0,310.0,30.0,25.0,10.0,93.75,215.0,170.0,-0.25,-10.0,45.0,70.0,7.75,9.75,3,4,290.0,290.0,FAIL,,BELT_SAFETY_ENVELOPE_INTERSECTS_FRAME|PTO_ROTATION_ENVELOPE_INTERSECTS_FRAME
S4-B-PTOX050.0-Z310.0-FX30.0-FY25.0-FZ15.0,4,B,110.0,310.0,30.0,25.0,15.0,93.75,220.0,170.0,-0.25,-10.0,50.0,70.0,7.75,9.75,3,4,290.0,290.0,FAIL,,BELT_SAFETY_ENVELOPE_INTERSECTS_FRAME|PTO_ROTATION_ENVELOPE_INTERSECTS_FRAME
S4-B-PTOX050.0-Z310.0-FX30.0-FY25.0-FZ20.0,4,B,110.0,310.0,30.0,25.0,20.0,93.75,225.0,170.0,-0.25,-10.0,55.0,70.0,7.75,9.75,3,4,290.0,290.0,FAIL,,BELT_SAFETY_ENVELOPE_INTERSECTS_FRAME|PTO_ROTATION_ENVELOPE_INTERSECTS_FRAME
S4-B-PTOX050.0-Z310.0-FX30.0-FY25.0-FZ25.0,4,B,110.0,310.0,30.0,25.0,25.0,93.75,230.0,170.0,-0.25,-10.0,60.0,70.0,7.75,9.75,3,4,290.0,290.0,FAIL,,BELT_SAFETY_ENVELOPE_INTERSECTS_FRAME|PTO_ROTATION_ENVELOPE_INTERSECTS_FRAME
S4-B-PTOX050.0-Z310.0-FX30.0-FY25.0-FZ30.0,4,B,110.0,310.0,30.0,25.0,30.0,93.75,235.0,170.0,-0.25,-10.0,65.0,70.0,7.75,9.75,3,4,290.0,290.0,FAIL,,BELT_SAFETY_ENVELOPE_INTERSECTS_FRAME|PTO_ROTATION_ENVELOPE_INTERSECTS_FRAME
S4-B-PTOX050.0-Z310.0-FX35.0-FY15.0-FZ10.0,4,B,110.0,310.0,35.0,15.0,10.0,83.75,215.0,175.0,0.0,-5.0,45.0,70.0,8.0,10.0,5,4,290.0,290.0,FAIL,,PTO_ROTATION_ENVELOPE_INTERSECTS_FRAME
S4-B-PTOX050.0-Z310.0-FX35.0-FY15.0-FZ15.0,4,B,110.0,310.0,35.0,15.0,15.0,83.75,220.0,175.0,0.0,-5.0,50.0,70.0,8.0,10.0,5,4,290.0,290.0,FAIL,,PTO_ROTATION_ENVELOPE_INTERSECTS_FRAME
S4-B-PTOX050.0-Z310.0-FX35.0-FY15.0-FZ20.0,4,B,110.0,310.0,35.0,15.0,20.0,83.75,225.0,175.0,0.0,-5.0,55.0,70.0,8.0,10.0,5,4,290.0,290.0,FAIL,,PTO_ROTATION_ENVELOPE_INTERSECTS_FRAME
S4-B-PTOX050.0-Z310.0-FX35.0-FY15.0-FZ25.0,4,B,110.0,310.0,35.0,15.0,25.0,83.75,230.0,175.0,0.0,-5.0,60.0,70.0,8.0,10.0,5,4,290.0,290.0,FAIL,,PTO_ROTATION_ENVELOPE_INTERSECTS_FRAME
S4-B-PTOX050.0-Z310.0-FX35.0-FY15.0-FZ30.0,4,B,110.0,310.0,35.0,15.0,30.0,83.75,235.0,175.0,0.0,-5.0,65.0,70.0,8.0,10.0,5,4,290.0,290.0,FAIL,,PTO_ROTATION_ENVELOPE_INTERSECTS_FRAME
S4-B-PTOX050.0-Z310.0-FX35.0-FY17.5-FZ10.0,4,B,110.0,310.0,35.0,17.5,10.0,86.25,215.0,175.0,2.5,-5.0,45.0,70.0,10.5,12.5,5,4,290.0,290.0,FAIL,,PTO_ROTATION_ENVELOPE_INTERSECTS_FRAME
S4-B-PTOX050.0-Z310.0-FX35.0-FY17.5-FZ15.0,4,B,110.0,310.0,35.0,17.5,15.0,86.25,220.0,175.0,2.5,-5.0,50.0,70.0,10.5,12.5,5,4,290.0,290.0,FAIL,,PTO_ROTATION_ENVELOPE_INTERSECTS_FRAME
S4-B-PTOX050.0-Z310.0-FX35.0-FY17.5-FZ20.0,4,B,110.0,310.0,35.0,17.5,20.0,86.25,225.0,175.0,2.5,-5.0,55.0,70.0,10.5,12.5,5,4,290.0,290.0,FAIL,,PTO_ROTATION_ENVELOPE_INTERSECTS_FRAME
S4-B-PTOX050.0-Z310.0-FX35.0-FY17.5-FZ25.0,4,B,110.0,310.0,35.0,17.5,25.0,86.25,230.0,175.0,2.5,-5.0,60.0,70.0,10.5,12.5,5,4,290.0,290.0,FAIL,,PTO_ROTATION_ENVELOPE_INTERSECTS_FRAME
S4-B-PTOX050.0-Z310.0-FX35.0-FY17.5-FZ30.0,4,B,110.0,310.0,35.0,17.5,30.0,86.25,235.0,175.0,2.5,-5.0,65.0,70.0,10.5,12.5,5,4,290.0,290.0,FAIL,,PTO_ROTATION_ENVELOPE_INTERSECTS_FRAME
S4-B-PTOX050.0-Z310.0-FX35.0-FY20.0-FZ10.0,4,B,110.0,310.0,35.0,20.0,10.0,88.75,215.0,175.0,4.75,-5.0,45.0,70.0,12.0,14.75,5,4,290.0,290.0,FAIL,,PTO_ROTATION_ENVELOPE_INTERSECTS_FRAME
S4-B-PTOX050.0-Z310.0-FX35.0-FY20.0-FZ15.0,4,B,110.0,310.0,35.0,20.0,15.0,88.75,220.0,175.0,4.75,-5.0,50.0,70.0,12.0,14.75,5,4,290.0,290.0,FAIL,,PTO_ROTATION_ENVELOPE_INTERSECTS_FRAME
S4-B-PTOX050.0-Z310.0-FX35.0-FY20.0-FZ20.0,4,B,110.0,310.0,35.0,20.0,20.0,88.75,225.0,175.0,4.75,-5.0,55.0,70.0,12.0,14.75,5,4,290.0,290.0,FAIL,,PTO_ROTATION_ENVELOPE_INTERSECTS_FRAME
S4-B-PTOX050.0-Z310.0-FX35.0-FY20.0-FZ25.0,4,B,110.0,310.0,35.0,20.0,25.0,88.75,230.0,175.0,4.75,-5.0,60.0,70.0,12.0,14.75,5,4,290.0,290.0,FAIL,,PTO_ROTATION_ENVELOPE_INTERSECTS_FRAME
S4-B-PTOX050.0-Z310.0-FX35.0-FY20.0-FZ30.0,4,B,110.0,310.0,35.0,20.0,30.0,88.75,235.0,175.0,4.75,-5.0,65.0,70.0,12.0,14.75,5,4,290.0,290.0,FAIL,,PTO_ROTATION_ENVELOPE_INTERSECTS_FRAME
S4-B-PTOX050.0-Z310.0-FX35.0-FY22.5-FZ10.0,4,B,110.0,310.0,35.0,22.5,10.0,91.25,215.0,175.0,2.25,-5.0,45.0,70.0,10.25,12.25,5,4,290.0,290.0,FAIL,,PTO_ROTATION_ENVELOPE_INTERSECTS_FRAME
S4-B-PTOX050.0-Z310.0-FX35.0-FY22.5-FZ15.0,4,B,110.0,310.0,35.0,22.5,15.0,91.25,220.0,175.0,2.25,-5.0,50.0,70.0,10.25,12.25,5,4,290.0,290.0,FAIL,,PTO_ROTATION_ENVELOPE_INTERSECTS_FRAME
S4-B-PTOX050.0-Z310.0-FX35.0-FY22.5-FZ20.0,4,B,110.0,310.0,35.0,22.5,20.0,91.25,225.0,175.0,2.25,-5.0,55.0,70.0,10.25,12.25,5,4,290.0,290.0,FAIL,,PTO_ROTATION_ENVELOPE_INTERSECTS_FRAME
S4-B-PTOX050.0-Z310.0-FX35.0-FY22.5-FZ25.0,4,B,110.0,310.0,35.0,22.5,25.0,91.25,230.0,175.0,2.25,-5.0,60.0,70.0,10.25,12.25,5,4,290.0,290.0,FAIL,,PTO_ROTATION_ENVELOPE_INTERSECTS_FRAME
S4-B-PTOX050.0-Z310.0-FX35.0-FY22.5-FZ30.0,4,B,110.0,310.0,35.0,22.5,30.0,91.25,235.0,175.0,2.25,-5.0,65.0,70.0,10.25,12.25,5,4,290.0,290.0,FAIL,,PTO_ROTATION_ENVELOPE_INTERSECTS_FRAME
S4-B-PTOX050.0-Z310.0-FX35.0-FY25.0-FZ10.0,4,B,110.0,310.0,35.0,25.0,10.0,93.75,215.0,175.0,-0.25,-5.0,45.0,70.0,7.75,9.75,3,4,290.0,290.0,FAIL,,BELT_SAFETY_ENVELOPE_INTERSECTS_FRAME|PTO_ROTATION_ENVELOPE_INTERSECTS_FRAME
S4-B-PTOX050.0-Z310.0-FX35.0-FY25.0-FZ15.0,4,B,110.0,310.0,35.0,25.0,15.0,93.75,220.0,175.0,-0.25,-5.0,50.0,70.0,7.75,9.75,3,4,290.0,290.0,FAIL,,BELT_SAFETY_ENVELOPE_INTERSECTS_FRAME|PTO_ROTATION_ENVELOPE_INTERSECTS_FRAME
S4-B-PTOX050.0-Z310.0-FX35.0-FY25.0-FZ20.0,4,B,110.0,310.0,35.0,25.0,20.0,93.75,225.0,175.0,-0.25,-5.0,55.0,70.0,7.75,9.75,3,4,290.0,290.0,FAIL,,BELT_SAFETY_ENVELOPE_INTERSECTS_FRAME|PTO_ROTATION_ENVELOPE_INTERSECTS_FRAME
S4-B-PTOX050.0-Z310.0-FX35.0-FY25.0-FZ25.0,4,B,110.0,310.0,35.0,25.0,25.0,93.75,230.0,175.0,-0.25,-5.0,60.0,70.0,7.75,9.75,3,4,290.0,290.0,FAIL,,BELT_SAFETY_ENVELOPE_INTERSECTS_FRAME|PTO_ROTATION_ENVELOPE_INTERSECTS_FRAME
S4-B-PTOX050.0-Z310.0-FX35.0-FY25.0-FZ30.0,4,B,110.0,310.0,35.0,25.0,30.0,93.75,235.0,175.0,-0.25,-5.0,65.0,70.0,7.75,9.75,3,4,290.0,290.0,FAIL,,BELT_SAFETY_ENVELOPE_INTERSECTS_FRAME|PTO_ROTATION_ENVELOPE_INTERSECTS_FRAME
S4-B-PTOX050.0-Z310.0-FX40.0-FY15.0-FZ10.0,4,B,110.0,310.0,40.0,15.0,10.0,83.75,215.0,180.0,0.0,0.0,45.0,70.0,8.0,10.0,5,4,290.0,290.0,CONDITIONAL_PASS_CANDIDATE,,
S4-B-PTOX050.0-Z310.0-FX40.0-FY15.0-FZ15.0,4,B,110.0,310.0,40.0,15.0,15.0,83.75,220.0,180.0,0.0,0.0,50.0,70.0,8.0,10.0,5,4,290.0,290.0,CONDITIONAL_PASS_CANDIDATE,,
S4-B-PTOX050.0-Z310.0-FX40.0-FY15.0-FZ20.0,4,B,110.0,310.0,40.0,15.0,20.0,83.75,225.0,180.0,0.0,0.0,55.0,70.0,8.0,10.0,5,4,290.0,290.0,CONDITIONAL_PASS_CANDIDATE,,
S4-B-PTOX050.0-Z310.0-FX40.0-FY15.0-FZ25.0,4,B,110.0,310.0,40.0,15.0,25.0,83.75,230.0,180.0,0.0,0.0,60.0,70.0,8.0,10.0,5,4,290.0,290.0,CONDITIONAL_PASS_CANDIDATE,,
S4-B-PTOX050.0-Z310.0-FX40.0-FY15.0-FZ30.0,4,B,110.0,310.0,40.0,15.0,30.0,83.75,235.0,180.0,0.0,0.0,65.0,70.0,8.0,10.0,5,4,290.0,290.0,CONDITIONAL_PASS_CANDIDATE,,
S4-B-PTOX050.0-Z310.0-FX40.0-FY17.5-FZ10.0,4,B,110.0,310.0,40.0,17.5,10.0,86.25,215.0,180.0,2.5,0.0,45.0,70.0,10.5,12.5,5,4,290.0,290.0,CONDITIONAL_PASS_CANDIDATE,,
S4-B-PTOX050.0-Z310.0-FX40.0-FY17.5-FZ15.0,4,B,110.0,310.0,40.0,17.5,15.0,86.25,220.0,180.0,2.5,0.0,50.0,70.0,10.5,12.5,5,4,290.0,290.0,CONDITIONAL_PASS_CANDIDATE,,
S4-B-PTOX050.0-Z310.0-FX40.0-FY17.5-FZ20.0,4,B,110.0,310.0,40.0,17.5,20.0,86.25,225.0,180.0,2.5,0.0,55.0,70.0,10.5,12.5,5,4,290.0,290.0,CONDITIONAL_PASS_CANDIDATE,,
S4-B-PTOX050.0-Z310.0-FX40.0-FY17.5-FZ25.0,4,B,110.0,310.0,40.0,17.5,25.0,86.25,230.0,180.0,2.5,0.0,60.0,70.0,10.5,12.5,5,4,290.0,290.0,CONDITIONAL_PASS_CANDIDATE,,
S4-B-PTOX050.0-Z310.0-FX40.0-FY17.5-FZ30.0,4,B,110.0,310.0,40.0,17.5,30.0,86.25,235.0,180.0,2.5,0.0,65.0,70.0,10.5,12.5,5,4,290.0,290.0,CONDITIONAL_PASS_CANDIDATE,,
S4-B-PTOX050.0-Z310.0-FX40.0-FY20.0-FZ10.0,4,B,110.0,310.0,40.0,20.0,10.0,88.75,215.0,180.0,4.75,0.0,45.0,70.0,12.0,14.75,5,4,290.0,290.0,CONDITIONAL_PASS_CANDIDATE,,
S4-B-PTOX050.0-Z310.0-FX40.0-FY20.0-FZ15.0,4,B,110.0,310.0,40.0,20.0,15.0,88.75,220.0,180.0,4.75,0.0,50.0,70.0,12.0,14.75,5,4,290.0,290.0,CONDITIONAL_PASS_CANDIDATE,,
S4-B-PTOX050.0-Z310.0-FX40.0-FY20.0-FZ20.0,4,B,110.0,310.0,40.0,20.0,20.0,88.75,225.0,180.0,4.75,0.0,55.0,70.0,12.0,14.75,5,4,290.0,290.0,CONDITIONAL_PASS_CANDIDATE,,
S4-B-PTOX050.0-Z310.0-FX40.0-FY20.0-FZ25.0,4,B,110.0,310.0,40.0,20.0,25.0,88.75,230.0,180.0,4.75,0.0,60.0,70.0,12.0,14.75,5,4,290.0,290.0,CONDITIONAL_PASS_CANDIDATE,,
S4-B-PTOX050.0-Z310.0-FX40.0-FY20.0-FZ30.0,4,B,110.0,310.0,40.0,20.0,30.0,88.75,235.0,180.0,4.75,0.0,65.0,70.0,12.0,14.75,5,4,290.0,290.0,CONDITIONAL_PASS_CANDIDATE,,
S4-B-PTOX050.0-Z310.0-FX40.0-FY22.5-FZ10.0,4,B,110.0,310.0,40.0,22.5,10.0,91.25,215.0,180.0,2.25,0.0,45.0,70.0,10.25,12.25,5,4,290.0,290.0,CONDITIONAL_PASS_CANDIDATE,,
S4-B-PTOX050.0-Z310.0-FX40.0-FY22.5-FZ15.0,4,B,110.0,310.0,40.0,22.5,15.0,91.25,220.0,180.0,2.25,0.0,50.0,70.0,10.25,12.25,5,4,290.0,290.0,CONDITIONAL_PASS_CANDIDATE,,
S4-B-PTOX050.0-Z310.0-FX40.0-FY22.5-FZ20.0,4,B,110.0,310.0,40.0,22.5,20.0,91.25,225.0,180.0,2.25,0.0,55.0,70.0,10.25,12.25,5,4,290.0,290.0,CONDITIONAL_PASS_CANDIDATE,,
S4-B-PTOX050.0-Z310.0-FX40.0-FY22.5-FZ25.0,4,B,110.0,310.0,40.0,22.5,25.0,91.25,230.0,180.0,2.25,0.0,60.0,70.0,10.25,12.25,5,4,290.0,290.0,CONDITIONAL_PASS_CANDIDATE,,
S4-B-PTOX050.0-Z310.0-FX40.0-FY22.5-FZ30.0,4,B,110.0,310.0,40.0,22.5,30.0,91.25,235.0,180.0,2.25,0.0,65.0,70.0,10.25,12.25,5,4,290.0,290.0,CONDITIONAL_PASS_CANDIDATE,,
S4-B-PTOX050.0-Z310.0-FX40.0-FY25.0-FZ10.0,4,B,110.0,310.0,40.0,25.0,10.0,93.75,215.0,180.0,-0.25,0.0,45.0,70.0,7.75,9.75,3,4,290.0,290.0,FAIL,,BELT_SAFETY_ENVELOPE_INTERSECTS_FRAME
S4-B-PTOX050.0-Z310.0-FX40.0-FY25.0-FZ15.0,4,B,110.0,310.0,40.0,25.0,15.0,93.75,220.0,180.0,-0.25,0.0,50.0,70.0,7.75,9.75,3,4,290.0,290.0,FAIL,,BELT_SAFETY_ENVELOPE_INTERSECTS_FRAME
S4-B-PTOX050.0-Z310.0-FX40.0-FY25.0-FZ20.0,4,B,110.0,310.0,40.0,25.0,20.0,93.75,225.0,180.0,-0.25,0.0,55.0,70.0,7.75,9.75,3,4,290.0,290.0,FAIL,,BELT_SAFETY_ENVELOPE_INTERSECTS_FRAME
S4-B-PTOX050.0-Z310.0-FX40.0-FY25.0-FZ25.0,4,B,110.0,310.0,40.0,25.0,25.0,93.75,230.0,180.0,-0.25,0.0,60.0,70.0,7.75,9.75,3,4,290.0,290.0,FAIL,,BELT_SAFETY_ENVELOPE_INTERSECTS_FRAME
S4-B-PTOX050.0-Z310.0-FX40.0-FY25.0-FZ30.0,4,B,110.0,310.0,40.0,25.0,30.0,93.75,235.0,180.0,-0.25,0.0,65.0,70.0,7.75,9.75,3,4,290.0,290.0,FAIL,,BELT_SAFETY_ENVELOPE_INTERSECTS_FRAME
S4-B-PTOX050.0-Z310.0-FX45.0-FY15.0-FZ10.0,4,B,110.0,310.0,45.0,15.0,10.0,83.75,215.0,185.0,0.0,0.0,45.0,70.0,8.0,10.0,5,4,290.0,290.0,CONDITIONAL_PASS_CANDIDATE,,
S4-B-PTOX050.0-Z310.0-FX45.0-FY15.0-FZ15.0,4,B,110.0,310.0,45.0,15.0,15.0,83.75,220.0,185.0,0.0,0.0,50.0,70.0,8.0,10.0,5,4,290.0,290.0,CONDITIONAL_PASS_CANDIDATE,,
S4-B-PTOX050.0-Z310.0-FX45.0-FY15.0-FZ20.0,4,B,110.0,310.0,45.0,15.0,20.0,83.75,225.0,185.0,0.0,0.0,55.0,70.0,8.0,10.0,5,4,290.0,290.0,CONDITIONAL_PASS_CANDIDATE,,
S4-B-PTOX050.0-Z310.0-FX45.0-FY15.0-FZ25.0,4,B,110.0,310.0,45.0,15.0,25.0,83.75,230.0,185.0,0.0,0.0,60.0,70.0,8.0,10.0,5,4,290.0,290.0,CONDITIONAL_PASS_CANDIDATE,,
S4-B-PTOX050.0-Z310.0-FX45.0-FY15.0-FZ30.0,4,B,110.0,310.0,45.0,15.0,30.0,83.75,235.0,185.0,0.0,0.0,65.0,70.0,8.0,10.0,5,4,290.0,290.0,CONDITIONAL_PASS_CANDIDATE,,
S4-B-PTOX050.0-Z310.0-FX45.0-FY17.5-FZ10.0,4,B,110.0,310.0,45.0,17.5,10.0,86.25,215.0,185.0,2.5,2.5,45.0,70.0,10.5,12.5,5,4,290.0,290.0,CONDITIONAL_PASS_CANDIDATE,,
S4-B-PTOX050.0-Z310.0-FX45.0-FY17.5-FZ15.0,4,B,110.0,310.0,45.0,17.5,15.0,86.25,220.0,185.0,2.5,2.5,50.0,70.0,10.5,12.5,5,4,290.0,290.0,CONDITIONAL_PASS_CANDIDATE,,
S4-B-PTOX050.0-Z310.0-FX45.0-FY17.5-FZ20.0,4,B,110.0,310.0,45.0,17.5,20.0,86.25,225.0,185.0,2.5,2.5,55.0,70.0,10.5,12.5,5,4,290.0,290.0,CONDITIONAL_PASS_CANDIDATE,,
S4-B-PTOX050.0-Z310.0-FX45.0-FY17.5-FZ25.0,4,B,110.0,310.0,45.0,17.5,25.0,86.25,230.0,185.0,2.5,2.5,60.0,70.0,10.5,12.5,5,4,290.0,290.0,CONDITIONAL_PASS_CANDIDATE,,
S4-B-PTOX050.0-Z310.0-FX45.0-FY17.5-FZ30.0,4,B,110.0,310.0,45.0,17.5,30.0,86.25,235.0,185.0,2.5,2.5,65.0,70.0,10.5,12.5,5,4,290.0,290.0,CONDITIONAL_PASS_CANDIDATE,,
S4-B-PTOX050.0-Z310.0-FX45.0-FY20.0-FZ10.0,4,B,110.0,310.0,45.0,20.0,10.0,88.75,215.0,185.0,4.75,5.0,45.0,70.0,12.0,14.75,5,4,290.0,290.0,CONDITIONAL_PASS_CANDIDATE,,
S4-B-PTOX050.0-Z310.0-FX45.0-FY20.0-FZ15.0,4,B,110.0,310.0,45.0,20.0,15.0,88.75,220.0,185.0,4.75,5.0,50.0,70.0,12.0,14.75,5,4,290.0,290.0,CONDITIONAL_PASS_CANDIDATE,,
S4-B-PTOX050.0-Z310.0-FX45.0-FY20.0-FZ20.0,4,B,110.0,310.0,45.0,20.0,20.0,88.75,225.0,185.0,4.75,5.0,55.0,70.0,12.0,14.75,5,4,290.0,290.0,CONDITIONAL_PASS_CANDIDATE,,
S4-B-PTOX050.0-Z310.0-FX45.0-FY20.0-FZ25.0,4,B,110.0,310.0,45.0,20.0,25.0,88.75,230.0,185.0,4.75,5.0,60.0,70.0,12.0,14.75,5,4,290.0,290.0,CONDITIONAL_PASS_CANDIDATE,,
S4-B-PTOX050.0-Z310.0-FX45.0-FY20.0-FZ30.0,4,B,110.0,310.0,45.0,20.0,30.0,88.75,235.0,185.0,4.75,5.0,65.0,70.0,12.0,14.75,5,4,290.0,290.0,CONDITIONAL_PASS_CANDIDATE,,
S4-B-PTOX050.0-Z310.0-FX45.0-FY22.5-FZ10.0,4,B,110.0,310.0,45.0,22.5,10.0,91.25,215.0,185.0,2.25,5.0,45.0,70.0,10.25,12.25,5,4,290.0,290.0,CONDITIONAL_PASS_CANDIDATE,,
S4-B-PTOX050.0-Z310.0-FX45.0-FY22.5-FZ15.0,4,B,110.0,310.0,45.0,22.5,15.0,91.25,220.0,185.0,2.25,5.0,50.0,70.0,10.25,12.25,5,4,290.0,290.0,CONDITIONAL_PASS_CANDIDATE,,
S4-B-PTOX050.0-Z310.0-FX45.0-FY22.5-FZ20.0,4,B,110.0,310.0,45.0,22.5,20.0,91.25,225.0,185.0,2.25,5.0,55.0,70.0,10.25,12.25,5,4,290.0,290.0,CONDITIONAL_PASS_CANDIDATE,,
S4-B-PTOX050.0-Z310.0-FX45.0-FY22.5-FZ25.0,4,B,110.0,310.0,45.0,22.5,25.0,91.25,230.0,185.0,2.25,5.0,60.0,70.0,10.25,12.25,5,4,290.0,290.0,CONDITIONAL_PASS_CANDIDATE,,
S4-B-PTOX050.0-Z310.0-FX45.0-FY22.5-FZ30.0,4,B,110.0,310.0,45.0,22.5,30.0,91.25,235.0,185.0,2.25,5.0,65.0,70.0,10.25,12.25,5,4,290.0,290.0,CONDITIONAL_PASS_CANDIDATE,,
S4-B-PTOX050.0-Z310.0-FX45.0-FY25.0-FZ10.0,4,B,110.0,310.0,45.0,25.0,10.0,93.75,215.0,185.0,-0.25,5.0,45.0,70.0,7.75,9.75,3,4,290.0,290.0,FAIL,,BELT_SAFETY_ENVELOPE_INTERSECTS_FRAME
S4-B-PTOX050.0-Z310.0-FX45.0-FY25.0-FZ15.0,4,B,110.0,310.0,45.0,25.0,15.0,93.75,220.0,185.0,-0.25,5.0,50.0,70.0,7.75,9.75,3,4,290.0,290.0,FAIL,,BELT_SAFETY_ENVELOPE_INTERSECTS_FRAME
S4-B-PTOX050.0-Z310.0-FX45.0-FY25.0-FZ20.0,4,B,110.0,310.0,45.0,25.0,20.0,93.75,225.0,185.0,-0.25,5.0,55.0,70.0,7.75,9.75,3,4,290.0,290.0,FAIL,,BELT_SAFETY_ENVELOPE_INTERSECTS_FRAME
S4-B-PTOX050.0-Z310.0-FX45.0-FY25.0-FZ25.0,4,B,110.0,310.0,45.0,25.0,25.0,93.75,230.0,185.0,-0.25,5.0,60.0,70.0,7.75,9.75,3,4,290.0,290.0,FAIL,,BELT_SAFETY_ENVELOPE_INTERSECTS_FRAME
S4-B-PTOX050.0-Z310.0-FX45.0-FY25.0-FZ30.0,4,B,110.0,310.0,45.0,25.0,30.0,93.75,235.0,185.0,-0.25,5.0,65.0,70.0,7.75,9.75,3,4,290.0,290.0,FAIL,,BELT_SAFETY_ENVELOPE_INTERSECTS_FRAME
S4-B-PTOX050.0-Z310.0-FX50.0-FY15.0-FZ10.0,4,B,110.0,310.0,50.0,15.0,10.0,83.75,215.0,190.0,0.0,0.0,45.0,70.0,8.0,10.0,5,4,290.0,290.0,CONDITIONAL_PASS_CANDIDATE,,
S4-B-PTOX050.0-Z310.0-FX50.0-FY15.0-FZ15.0,4,B,110.0,310.0,50.0,15.0,15.0,83.75,220.0,190.0,0.0,0.0,50.0,70.0,8.0,10.0,5,4,290.0,290.0,CONDITIONAL_PASS_CANDIDATE,,
S4-B-PTOX050.0-Z310.0-FX50.0-FY15.0-FZ20.0,4,B,110.0,310.0,50.0,15.0,20.0,83.75,225.0,190.0,0.0,0.0,55.0,70.0,8.0,10.0,5,4,290.0,290.0,CONDITIONAL_PASS_CANDIDATE,,
S4-B-PTOX050.0-Z310.0-FX50.0-FY15.0-FZ25.0,4,B,110.0,310.0,50.0,15.0,25.0,83.75,230.0,190.0,0.0,0.0,60.0,70.0,8.0,10.0,5,4,290.0,290.0,CONDITIONAL_PASS_CANDIDATE,,
S4-B-PTOX050.0-Z310.0-FX50.0-FY15.0-FZ30.0,4,B,110.0,310.0,50.0,15.0,30.0,83.75,235.0,190.0,0.0,0.0,65.0,70.0,8.0,10.0,5,4,290.0,290.0,CONDITIONAL_PASS_CANDIDATE,,
S4-B-PTOX050.0-Z310.0-FX50.0-FY17.5-FZ10.0,4,B,110.0,310.0,50.0,17.5,10.0,86.25,215.0,190.0,2.5,2.5,45.0,70.0,10.5,12.5,5,4,290.0,290.0,CONDITIONAL_PASS_CANDIDATE,,
S4-B-PTOX050.0-Z310.0-FX50.0-FY17.5-FZ15.0,4,B,110.0,310.0,50.0,17.5,15.0,86.25,220.0,190.0,2.5,2.5,50.0,70.0,10.5,12.5,5,4,290.0,290.0,CONDITIONAL_PASS_CANDIDATE,,
S4-B-PTOX050.0-Z310.0-FX50.0-FY17.5-FZ20.0,4,B,110.0,310.0,50.0,17.5,20.0,86.25,225.0,190.0,2.5,2.5,55.0,70.0,10.5,12.5,5,4,290.0,290.0,CONDITIONAL_PASS_CANDIDATE,,
S4-B-PTOX050.0-Z310.0-FX50.0-FY17.5-FZ25.0,4,B,110.0,310.0,50.0,17.5,25.0,86.25,230.0,190.0,2.5,2.5,60.0,70.0,10.5,12.5,5,4,290.0,290.0,CONDITIONAL_PASS_CANDIDATE,,
S4-B-PTOX050.0-Z310.0-FX50.0-FY17.5-FZ30.0,4,B,110.0,310.0,50.0,17.5,30.0,86.25,235.0,190.0,2.5,2.5,65.0,70.0,10.5,12.5,5,4,290.0,290.0,CONDITIONAL_PASS_CANDIDATE,,
S4-B-PTOX050.0-Z310.0-FX50.0-FY20.0-FZ10.0,4,B,110.0,310.0,50.0,20.0,10.0,88.75,215.0,190.0,4.75,5.0,45.0,70.0,12.0,14.75,5,4,290.0,290.0,CONDITIONAL_PASS_CANDIDATE,,
S4-B-PTOX050.0-Z310.0-FX50.0-FY20.0-FZ15.0,4,B,110.0,310.0,50.0,20.0,15.0,88.75,220.0,190.0,4.75,5.0,50.0,70.0,12.0,14.75,5,4,290.0,290.0,CONDITIONAL_PASS_CANDIDATE,,
S4-B-PTOX050.0-Z310.0-FX50.0-FY20.0-FZ20.0,4,B,110.0,310.0,50.0,20.0,20.0,88.75,225.0,190.0,4.75,5.0,55.0,70.0,12.0,14.75,5,4,290.0,290.0,CONDITIONAL_PASS_CANDIDATE,,
S4-B-PTOX050.0-Z310.0-FX50.0-FY20.0-FZ25.0,4,B,110.0,310.0,50.0,20.0,25.0,88.75,230.0,190.0,4.75,5.0,60.0,70.0,12.0,14.75,5,4,290.0,290.0,CONDITIONAL_PASS_CANDIDATE,,
S4-B-PTOX050.0-Z310.0-FX50.0-FY20.0-FZ30.0,4,B,110.0,310.0,50.0,20.0,30.0,88.75,235.0,190.0,4.75,5.0,65.0,70.0,12.0,14.75,5,4,290.0,290.0,CONDITIONAL_PASS_CANDIDATE,,
S4-B-PTOX050.0-Z310.0-FX50.0-FY22.5-FZ10.0,4,B,110.0,310.0,50.0,22.5,10.0,91.25,215.0,190.0,2.25,7.5,45.0,70.0,10.25,12.25,5,4,290.0,290.0,CONDITIONAL_PASS_CANDIDATE,,
S4-B-PTOX050.0-Z310.0-FX50.0-FY22.5-FZ15.0,4,B,110.0,310.0,50.0,22.5,15.0,91.25,220.0,190.0,2.25,7.5,50.0,70.0,10.25,12.25,5,4,290.0,290.0,CONDITIONAL_PASS_CANDIDATE,,
S4-B-PTOX050.0-Z310.0-FX50.0-FY22.5-FZ20.0,4,B,110.0,310.0,50.0,22.5,20.0,91.25,225.0,190.0,2.25,7.5,55.0,70.0,10.25,12.25,5,4,290.0,290.0,CONDITIONAL_PASS_CANDIDATE,,
S4-B-PTOX050.0-Z310.0-FX50.0-FY22.5-FZ25.0,4,B,110.0,310.0,50.0,22.5,25.0,91.25,230.0,190.0,2.25,7.5,60.0,70.0,10.25,12.25,5,4,290.0,290.0,CONDITIONAL_PASS_CANDIDATE,,
S4-B-PTOX050.0-Z310.0-FX50.0-FY22.5-FZ30.0,4,B,110.0,310.0,50.0,22.5,30.0,91.25,235.0,190.0,2.25,7.5,65.0,70.0,10.25,12.25,5,4,290.0,290.0,CONDITIONAL_PASS_CANDIDATE,,
S4-B-PTOX050.0-Z310.0-FX50.0-FY25.0-FZ10.0,4,B,110.0,310.0,50.0,25.0,10.0,93.75,215.0,190.0,-0.25,10.0,45.0,70.0,7.75,9.75,3,4,290.0,290.0,FAIL,,BELT_SAFETY_ENVELOPE_INTERSECTS_FRAME
S4-B-PTOX050.0-Z310.0-FX50.0-FY25.0-FZ15.0,4,B,110.0,310.0,50.0,25.0,15.0,93.75,220.0,190.0,-0.25,10.0,50.0,70.0,7.75,9.75,3,4,290.0,290.0,FAIL,,BELT_SAFETY_ENVELOPE_INTERSECTS_FRAME
S4-B-PTOX050.0-Z310.0-FX50.0-FY25.0-FZ20.0,4,B,110.0,310.0,50.0,25.0,20.0,93.75,225.0,190.0,-0.25,10.0,55.0,70.0,7.75,9.75,3,4,290.0,290.0,FAIL,,BELT_SAFETY_ENVELOPE_INTERSECTS_FRAME
S4-B-PTOX050.0-Z310.0-FX50.0-FY25.0-FZ25.0,4,B,110.0,310.0,50.0,25.0,25.0,93.75,230.0,190.0,-0.25,10.0,60.0,70.0,7.75,9.75,3,4,290.0,290.0,FAIL,,BELT_SAFETY_ENVELOPE_INTERSECTS_FRAME
S4-B-PTOX050.0-Z310.0-FX50.0-FY25.0-FZ30.0,4,B,110.0,310.0,50.0,25.0,30.0,93.75,235.0,190.0,-0.25,10.0,65.0,70.0,7.75,9.75,3,4,290.0,290.0,FAIL,,BELT_SAFETY_ENVELOPE_INTERSECTS_FRAME
S4-B-PTOX030.0-Z320.0-FX30.0-FY15.0-FZ10.0,4,B,90.0,320.0,30.0,15.0,10.0,83.75,215.0,170.0,0.0,0.0,45.0,60.0,8.0,10.0,5,4,290.0,290.0,CONDITIONAL_PASS_CANDIDATE,,
S4-B-PTOX030.0-Z320.0-FX30.0-FY15.0-FZ15.0,4,B,90.0,320.0,30.0,15.0,15.0,83.75,220.0,170.0,0.0,0.0,50.0,60.0,8.0,10.0,5,4,290.0,290.0,CONDITIONAL_PASS_CANDIDATE,,
S4-B-PTOX030.0-Z320.0-FX30.0-FY15.0-FZ20.0,4,B,90.0,320.0,30.0,15.0,20.0,83.75,225.0,170.0,0.0,0.0,55.0,60.0,8.0,10.0,5,4,290.0,290.0,CONDITIONAL_PASS_CANDIDATE,,
S4-B-PTOX030.0-Z320.0-FX30.0-FY15.0-FZ25.0,4,B,90.0,320.0,30.0,15.0,25.0,83.75,230.0,170.0,0.0,0.0,60.0,60.0,8.0,10.0,5,4,290.0,290.0,CONDITIONAL_PASS_CANDIDATE,,
S4-B-PTOX030.0-Z320.0-FX30.0-FY15.0-FZ30.0,4,B,90.0,320.0,30.0,15.0,30.0,83.75,235.0,170.0,0.0,0.0,65.0,60.0,8.0,10.0,5,4,290.0,290.0,CONDITIONAL_PASS_CANDIDATE,,
S4-B-PTOX030.0-Z320.0-FX30.0-FY17.5-FZ10.0,4,B,90.0,320.0,30.0,17.5,10.0,86.25,215.0,170.0,2.5,2.5,45.0,60.0,10.5,12.5,5,4,290.0,290.0,CONDITIONAL_PASS_CANDIDATE,,
S4-B-PTOX030.0-Z320.0-FX30.0-FY17.5-FZ15.0,4,B,90.0,320.0,30.0,17.5,15.0,86.25,220.0,170.0,2.5,2.5,50.0,60.0,10.5,12.5,5,4,290.0,290.0,CONDITIONAL_PASS_CANDIDATE,,
S4-B-PTOX030.0-Z320.0-FX30.0-FY17.5-FZ20.0,4,B,90.0,320.0,30.0,17.5,20.0,86.25,225.0,170.0,2.5,2.5,55.0,60.0,10.5,12.5,5,4,290.0,290.0,CONDITIONAL_PASS_CANDIDATE,,
S4-B-PTOX030.0-Z320.0-FX30.0-FY17.5-FZ25.0,4,B,90.0,320.0,30.0,17.5,25.0,86.25,230.0,170.0,2.5,2.5,60.0,60.0,10.5,12.5,5,4,290.0,290.0,CONDITIONAL_PASS_CANDIDATE,,
S4-B-PTOX030.0-Z320.0-FX30.0-FY17.5-FZ30.0,4,B,90.0,320.0,30.0,17.5,30.0,86.25,235.0,170.0,2.5,2.5,65.0,60.0,10.5,12.5,5,4,290.0,290.0,CONDITIONAL_PASS_CANDIDATE,,
S4-B-PTOX030.0-Z320.0-FX30.0-FY20.0-FZ10.0,4,B,90.0,320.0,30.0,20.0,10.0,88.75,215.0,170.0,4.75,5.0,45.0,60.0,12.0,14.75,5,4,290.0,290.0,CONDITIONAL_PASS_CANDIDATE,,
S4-B-PTOX030.0-Z320.0-FX30.0-FY20.0-FZ15.0,4,B,90.0,320.0,30.0,20.0,15.0,88.75,220.0,170.0,4.75,5.0,50.0,60.0,12.0,14.75,5,4,290.0,290.0,CONDITIONAL_PASS_CANDIDATE,,
S4-B-PTOX030.0-Z320.0-FX30.0-FY20.0-FZ20.0,4,B,90.0,320.0,30.0,20.0,20.0,88.75,225.0,170.0,4.75,5.0,55.0,60.0,12.0,14.75,5,4,290.0,290.0,CONDITIONAL_PASS_CANDIDATE,,
S4-B-PTOX030.0-Z320.0-FX30.0-FY20.0-FZ25.0,4,B,90.0,320.0,30.0,20.0,25.0,88.75,230.0,170.0,4.75,5.0,60.0,60.0,12.0,14.75,5,4,290.0,290.0,CONDITIONAL_PASS_CANDIDATE,,
S4-B-PTOX030.0-Z320.0-FX30.0-FY20.0-FZ30.0,4,B,90.0,320.0,30.0,20.0,30.0,88.75,235.0,170.0,4.75,5.0,65.0,60.0,12.0,14.75,5,4,290.0,290.0,CONDITIONAL_PASS_CANDIDATE,,
S4-B-PTOX030.0-Z320.0-FX30.0-FY22.5-FZ10.0,4,B,90.0,320.0,30.0,22.5,10.0,91.25,215.0,170.0,2.25,7.5,45.0,60.0,10.25,12.25,5,4,290.0,290.0,CONDITIONAL_PASS_CANDIDATE,,
S4-B-PTOX030.0-Z320.0-FX30.0-FY22.5-FZ15.0,4,B,90.0,320.0,30.0,22.5,15.0,91.25,220.0,170.0,2.25,7.5,50.0,60.0,10.25,12.25,5,4,290.0,290.0,CONDITIONAL_PASS_CANDIDATE,,
S4-B-PTOX030.0-Z320.0-FX30.0-FY22.5-FZ20.0,4,B,90.0,320.0,30.0,22.5,20.0,91.25,225.0,170.0,2.25,7.5,55.0,60.0,10.25,12.25,5,4,290.0,290.0,CONDITIONAL_PASS_CANDIDATE,,
S4-B-PTOX030.0-Z320.0-FX30.0-FY22.5-FZ25.0,4,B,90.0,320.0,30.0,22.5,25.0,91.25,230.0,170.0,2.25,7.5,60.0,60.0,10.25,12.25,5,4,290.0,290.0,CONDITIONAL_PASS_CANDIDATE,,
S4-B-PTOX030.0-Z320.0-FX30.0-FY22.5-FZ30.0,4,B,90.0,320.0,30.0,22.5,30.0,91.25,235.0,170.0,2.25,7.5,65.0,60.0,10.25,12.25,5,4,290.0,290.0,CONDITIONAL_PASS_CANDIDATE,,
S4-B-PTOX030.0-Z320.0-FX30.0-FY25.0-FZ10.0,4,B,90.0,320.0,30.0,25.0,10.0,93.75,215.0,170.0,-0.25,10.0,45.0,60.0,7.75,9.75,3,4,290.0,290.0,FAIL,,BELT_SAFETY_ENVELOPE_INTERSECTS_FRAME
S4-B-PTOX030.0-Z320.0-FX30.0-FY25.0-FZ15.0,4,B,90.0,320.0,30.0,25.0,15.0,93.75,220.0,170.0,-0.25,10.0,50.0,60.0,7.75,9.75,3,4,290.0,290.0,FAIL,,BELT_SAFETY_ENVELOPE_INTERSECTS_FRAME
S4-B-PTOX030.0-Z320.0-FX30.0-FY25.0-FZ20.0,4,B,90.0,320.0,30.0,25.0,20.0,93.75,225.0,170.0,-0.25,10.0,55.0,60.0,7.75,9.75,3,4,290.0,290.0,FAIL,,BELT_SAFETY_ENVELOPE_INTERSECTS_FRAME
S4-B-PTOX030.0-Z320.0-FX30.0-FY25.0-FZ25.0,4,B,90.0,320.0,30.0,25.0,25.0,93.75,230.0,170.0,-0.25,10.0,60.0,60.0,7.75,9.75,3,4,290.0,290.0,FAIL,,BELT_SAFETY_ENVELOPE_INTERSECTS_FRAME
S4-B-PTOX030.0-Z320.0-FX30.0-FY25.0-FZ30.0,4,B,90.0,320.0,30.0,25.0,30.0,93.75,235.0,170.0,-0.25,10.0,65.0,60.0,7.75,9.75,3,4,290.0,290.0,FAIL,,BELT_SAFETY_ENVELOPE_INTERSECTS_FRAME
S4-B-PTOX030.0-Z320.0-FX35.0-FY15.0-FZ10.0,4,B,90.0,320.0,35.0,15.0,10.0,83.75,215.0,175.0,0.0,0.0,45.0,60.0,8.0,10.0,5,4,290.0,290.0,CONDITIONAL_PASS_CANDIDATE,,
S4-B-PTOX030.0-Z320.0-FX35.0-FY15.0-FZ15.0,4,B,90.0,320.0,35.0,15.0,15.0,83.75,220.0,175.0,0.0,0.0,50.0,60.0,8.0,10.0,5,4,290.0,290.0,CONDITIONAL_PASS_CANDIDATE,,
S4-B-PTOX030.0-Z320.0-FX35.0-FY15.0-FZ20.0,4,B,90.0,320.0,35.0,15.0,20.0,83.75,225.0,175.0,0.0,0.0,55.0,60.0,8.0,10.0,5,4,290.0,290.0,CONDITIONAL_PASS_CANDIDATE,,
S4-B-PTOX030.0-Z320.0-FX35.0-FY15.0-FZ25.0,4,B,90.0,320.0,35.0,15.0,25.0,83.75,230.0,175.0,0.0,0.0,60.0,60.0,8.0,10.0,5,4,290.0,290.0,CONDITIONAL_PASS_CANDIDATE,,
S4-B-PTOX030.0-Z320.0-FX35.0-FY15.0-FZ30.0,4,B,90.0,320.0,35.0,15.0,30.0,83.75,235.0,175.0,0.0,0.0,65.0,60.0,8.0,10.0,5,4,290.0,290.0,CONDITIONAL_PASS_CANDIDATE,,
S4-B-PTOX030.0-Z320.0-FX35.0-FY17.5-FZ10.0,4,B,90.0,320.0,35.0,17.5,10.0,86.25,215.0,175.0,2.5,2.5,45.0,60.0,10.5,12.5,5,4,290.0,290.0,CONDITIONAL_PASS_CANDIDATE,,
S4-B-PTOX030.0-Z320.0-FX35.0-FY17.5-FZ15.0,4,B,90.0,320.0,35.0,17.5,15.0,86.25,220.0,175.0,2.5,2.5,50.0,60.0,10.5,12.5,5,4,290.0,290.0,CONDITIONAL_PASS_CANDIDATE,,
S4-B-PTOX030.0-Z320.0-FX35.0-FY17.5-FZ20.0,4,B,90.0,320.0,35.0,17.5,20.0,86.25,225.0,175.0,2.5,2.5,55.0,60.0,10.5,12.5,5,4,290.0,290.0,CONDITIONAL_PASS_CANDIDATE,,
S4-B-PTOX030.0-Z320.0-FX35.0-FY17.5-FZ25.0,4,B,90.0,320.0,35.0,17.5,25.0,86.25,230.0,175.0,2.5,2.5,60.0,60.0,10.5,12.5,5,4,290.0,290.0,CONDITIONAL_PASS_CANDIDATE,,
S4-B-PTOX030.0-Z320.0-FX35.0-FY17.5-FZ30.0,4,B,90.0,320.0,35.0,17.5,30.0,86.25,235.0,175.0,2.5,2.5,65.0,60.0,10.5,12.5,5,4,290.0,290.0,CONDITIONAL_PASS_CANDIDATE,,
S4-B-PTOX030.0-Z320.0-FX35.0-FY20.0-FZ10.0,4,B,90.0,320.0,35.0,20.0,10.0,88.75,215.0,175.0,4.75,5.0,45.0,60.0,12.0,14.75,5,4,290.0,290.0,CONDITIONAL_PASS_CANDIDATE,,
S4-B-PTOX030.0-Z320.0-FX35.0-FY20.0-FZ15.0,4,B,90.0,320.0,35.0,20.0,15.0,88.75,220.0,175.0,4.75,5.0,50.0,60.0,12.0,14.75,5,4,290.0,290.0,CONDITIONAL_PASS_CANDIDATE,,
S4-B-PTOX030.0-Z320.0-FX35.0-FY20.0-FZ20.0,4,B,90.0,320.0,35.0,20.0,20.0,88.75,225.0,175.0,4.75,5.0,55.0,60.0,12.0,14.75,5,4,290.0,290.0,CONDITIONAL_PASS_CANDIDATE,,
S4-B-PTOX030.0-Z320.0-FX35.0-FY20.0-FZ25.0,4,B,90.0,320.0,35.0,20.0,25.0,88.75,230.0,175.0,4.75,5.0,60.0,60.0,12.0,14.75,5,4,290.0,290.0,CONDITIONAL_PASS_CANDIDATE,,
S4-B-PTOX030.0-Z320.0-FX35.0-FY20.0-FZ30.0,4,B,90.0,320.0,35.0,20.0,30.0,88.75,235.0,175.0,4.75,5.0,65.0,60.0,12.0,14.75,5,4,290.0,290.0,CONDITIONAL_PASS_CANDIDATE,,
S4-B-PTOX030.0-Z320.0-FX35.0-FY22.5-FZ10.0,4,B,90.0,320.0,35.0,22.5,10.0,91.25,215.0,175.0,2.25,7.5,45.0,60.0,10.25,12.25,5,4,290.0,290.0,CONDITIONAL_PASS_CANDIDATE,,
S4-B-PTOX030.0-Z320.0-FX35.0-FY22.5-FZ15.0,4,B,90.0,320.0,35.0,22.5,15.0,91.25,220.0,175.0,2.25,7.5,50.0,60.0,10.25,12.25,5,4,290.0,290.0,CONDITIONAL_PASS_CANDIDATE,,
S4-B-PTOX030.0-Z320.0-FX35.0-FY22.5-FZ20.0,4,B,90.0,320.0,35.0,22.5,20.0,91.25,225.0,175.0,2.25,7.5,55.0,60.0,10.25,12.25,5,4,290.0,290.0,CONDITIONAL_PASS_CANDIDATE,,
S4-B-PTOX030.0-Z320.0-FX35.0-FY22.5-FZ25.0,4,B,90.0,320.0,35.0,22.5,25.0,91.25,230.0,175.0,2.25,7.5,60.0,60.0,10.25,12.25,5,4,290.0,290.0,CONDITIONAL_PASS_CANDIDATE,,
S4-B-PTOX030.0-Z320.0-FX35.0-FY22.5-FZ30.0,4,B,90.0,320.0,35.0,22.5,30.0,91.25,235.0,175.0,2.25,7.5,65.0,60.0,10.25,12.25,5,4,290.0,290.0,CONDITIONAL_PASS_CANDIDATE,,
S4-B-PTOX030.0-Z320.0-FX35.0-FY25.0-FZ10.0,4,B,90.0,320.0,35.0,25.0,10.0,93.75,215.0,175.0,-0.25,10.0,45.0,60.0,7.75,9.75,3,4,290.0,290.0,FAIL,,BELT_SAFETY_ENVELOPE_INTERSECTS_FRAME
S4-B-PTOX030.0-Z320.0-FX35.0-FY25.0-FZ15.0,4,B,90.0,320.0,35.0,25.0,15.0,93.75,220.0,175.0,-0.25,10.0,50.0,60.0,7.75,9.75,3,4,290.0,290.0,FAIL,,BELT_SAFETY_ENVELOPE_INTERSECTS_FRAME
S4-B-PTOX030.0-Z320.0-FX35.0-FY25.0-FZ20.0,4,B,90.0,320.0,35.0,25.0,20.0,93.75,225.0,175.0,-0.25,10.0,55.0,60.0,7.75,9.75,3,4,290.0,290.0,FAIL,,BELT_SAFETY_ENVELOPE_INTERSECTS_FRAME
S4-B-PTOX030.0-Z320.0-FX35.0-FY25.0-FZ25.0,4,B,90.0,320.0,35.0,25.0,25.0,93.75,230.0,175.0,-0.25,10.0,60.0,60.0,7.75,9.75,3,4,290.0,290.0,FAIL,,BELT_SAFETY_ENVELOPE_INTERSECTS_FRAME
S4-B-PTOX030.0-Z320.0-FX35.0-FY25.0-FZ30.0,4,B,90.0,320.0,35.0,25.0,30.0,93.75,235.0,175.0,-0.25,10.0,65.0,60.0,7.75,9.75,3,4,290.0,290.0,FAIL,,BELT_SAFETY_ENVELOPE_INTERSECTS_FRAME
S4-B-PTOX030.0-Z320.0-FX40.0-FY15.0-FZ10.0,4,B,90.0,320.0,40.0,15.0,10.0,83.75,215.0,180.0,0.0,0.0,45.0,60.0,8.0,10.0,5,4,290.0,290.0,CONDITIONAL_PASS_CANDIDATE,,
S4-B-PTOX030.0-Z320.0-FX40.0-FY15.0-FZ15.0,4,B,90.0,320.0,40.0,15.0,15.0,83.75,220.0,180.0,0.0,0.0,50.0,60.0,8.0,10.0,5,4,290.0,290.0,CONDITIONAL_PASS_CANDIDATE,,
S4-B-PTOX030.0-Z320.0-FX40.0-FY15.0-FZ20.0,4,B,90.0,320.0,40.0,15.0,20.0,83.75,225.0,180.0,0.0,0.0,55.0,60.0,8.0,10.0,5,4,290.0,290.0,CONDITIONAL_PASS_CANDIDATE,,
S4-B-PTOX030.0-Z320.0-FX40.0-FY15.0-FZ25.0,4,B,90.0,320.0,40.0,15.0,25.0,83.75,230.0,180.0,0.0,0.0,60.0,60.0,8.0,10.0,5,4,290.0,290.0,CONDITIONAL_PASS_CANDIDATE,,
S4-B-PTOX030.0-Z320.0-FX40.0-FY15.0-FZ30.0,4,B,90.0,320.0,40.0,15.0,30.0,83.75,235.0,180.0,0.0,0.0,65.0,60.0,8.0,10.0,5,4,290.0,290.0,CONDITIONAL_PASS_CANDIDATE,,
S4-B-PTOX030.0-Z320.0-FX40.0-FY17.5-FZ10.0,4,B,90.0,320.0,40.0,17.5,10.0,86.25,215.0,180.0,2.5,2.5,45.0,60.0,10.5,12.5,5,4,290.0,290.0,CONDITIONAL_PASS_CANDIDATE,,
S4-B-PTOX030.0-Z320.0-FX40.0-FY17.5-FZ15.0,4,B,90.0,320.0,40.0,17.5,15.0,86.25,220.0,180.0,2.5,2.5,50.0,60.0,10.5,12.5,5,4,290.0,290.0,CONDITIONAL_PASS_CANDIDATE,,
S4-B-PTOX030.0-Z320.0-FX40.0-FY17.5-FZ20.0,4,B,90.0,320.0,40.0,17.5,20.0,86.25,225.0,180.0,2.5,2.5,55.0,60.0,10.5,12.5,5,4,290.0,290.0,CONDITIONAL_PASS_CANDIDATE,,
S4-B-PTOX030.0-Z320.0-FX40.0-FY17.5-FZ25.0,4,B,90.0,320.0,40.0,17.5,25.0,86.25,230.0,180.0,2.5,2.5,60.0,60.0,10.5,12.5,5,4,290.0,290.0,CONDITIONAL_PASS_CANDIDATE,,
S4-B-PTOX030.0-Z320.0-FX40.0-FY17.5-FZ30.0,4,B,90.0,320.0,40.0,17.5,30.0,86.25,235.0,180.0,2.5,2.5,65.0,60.0,10.5,12.5,5,4,290.0,290.0,CONDITIONAL_PASS_CANDIDATE,,
S4-B-PTOX030.0-Z320.0-FX40.0-FY20.0-FZ10.0,4,B,90.0,320.0,40.0,20.0,10.0,88.75,215.0,180.0,4.75,5.0,45.0,60.0,12.0,14.75,5,4,290.0,290.0,CONDITIONAL_PASS_CANDIDATE,,
S4-B-PTOX030.0-Z320.0-FX40.0-FY20.0-FZ15.0,4,B,90.0,320.0,40.0,20.0,15.0,88.75,220.0,180.0,4.75,5.0,50.0,60.0,12.0,14.75,5,4,290.0,290.0,CONDITIONAL_PASS_CANDIDATE,,
S4-B-PTOX030.0-Z320.0-FX40.0-FY20.0-FZ20.0,4,B,90.0,320.0,40.0,20.0,20.0,88.75,225.0,180.0,4.75,5.0,55.0,60.0,12.0,14.75,5,4,290.0,290.0,CONDITIONAL_PASS_CANDIDATE,,
S4-B-PTOX030.0-Z320.0-FX40.0-FY20.0-FZ25.0,4,B,90.0,320.0,40.0,20.0,25.0,88.75,230.0,180.0,4.75,5.0,60.0,60.0,12.0,14.75,5,4,290.0,290.0,CONDITIONAL_PASS_CANDIDATE,,
S4-B-PTOX030.0-Z320.0-FX40.0-FY20.0-FZ30.0,4,B,90.0,320.0,40.0,20.0,30.0,88.75,235.0,180.0,4.75,5.0,65.0,60.0,12.0,14.75,5,4,290.0,290.0,CONDITIONAL_PASS_CANDIDATE,,
S4-B-PTOX030.0-Z320.0-FX40.0-FY22.5-FZ10.0,4,B,90.0,320.0,40.0,22.5,10.0,91.25,215.0,180.0,2.25,7.5,45.0,60.0,10.25,12.25,5,4,290.0,290.0,CONDITIONAL_PASS_CANDIDATE,,
S4-B-PTOX030.0-Z320.0-FX40.0-FY22.5-FZ15.0,4,B,90.0,320.0,40.0,22.5,15.0,91.25,220.0,180.0,2.25,7.5,50.0,60.0,10.25,12.25,5,4,290.0,290.0,CONDITIONAL_PASS_CANDIDATE,,
S4-B-PTOX030.0-Z320.0-FX40.0-FY22.5-FZ20.0,4,B,90.0,320.0,40.0,22.5,20.0,91.25,225.0,180.0,2.25,7.5,55.0,60.0,10.25,12.25,5,4,290.0,290.0,CONDITIONAL_PASS_CANDIDATE,,
S4-B-PTOX030.0-Z320.0-FX40.0-FY22.5-FZ25.0,4,B,90.0,320.0,40.0,22.5,25.0,91.25,230.0,180.0,2.25,7.5,60.0,60.0,10.25,12.25,5,4,290.0,290.0,CONDITIONAL_PASS_CANDIDATE,,
S4-B-PTOX030.0-Z320.0-FX40.0-FY22.5-FZ30.0,4,B,90.0,320.0,40.0,22.5,30.0,91.25,235.0,180.0,2.25,7.5,65.0,60.0,10.25,12.25,5,4,290.0,290.0,CONDITIONAL_PASS_CANDIDATE,,
S4-B-PTOX030.0-Z320.0-FX40.0-FY25.0-FZ10.0,4,B,90.0,320.0,40.0,25.0,10.0,93.75,215.0,180.0,-0.25,10.0,45.0,60.0,7.75,9.75,3,4,290.0,290.0,FAIL,,BELT_SAFETY_ENVELOPE_INTERSECTS_FRAME
S4-B-PTOX030.0-Z320.0-FX40.0-FY25.0-FZ15.0,4,B,90.0,320.0,40.0,25.0,15.0,93.75,220.0,180.0,-0.25,10.0,50.0,60.0,7.75,9.75,3,4,290.0,290.0,FAIL,,BELT_SAFETY_ENVELOPE_INTERSECTS_FRAME
S4-B-PTOX030.0-Z320.0-FX40.0-FY25.0-FZ20.0,4,B,90.0,320.0,40.0,25.0,20.0,93.75,225.0,180.0,-0.25,10.0,55.0,60.0,7.75,9.75,3,4,290.0,290.0,FAIL,,BELT_SAFETY_ENVELOPE_INTERSECTS_FRAME
S4-B-PTOX030.0-Z320.0-FX40.0-FY25.0-FZ25.0,4,B,90.0,320.0,40.0,25.0,25.0,93.75,230.0,180.0,-0.25,10.0,60.0,60.0,7.75,9.75,3,4,290.0,290.0,FAIL,,BELT_SAFETY_ENVELOPE_INTERSECTS_FRAME
S4-B-PTOX030.0-Z320.0-FX40.0-FY25.0-FZ30.0,4,B,90.0,320.0,40.0,25.0,30.0,93.75,235.0,180.0,-0.25,10.0,65.0,60.0,7.75,9.75,3,4,290.0,290.0,FAIL,,BELT_SAFETY_ENVELOPE_INTERSECTS_FRAME
S4-B-PTOX030.0-Z320.0-FX45.0-FY15.0-FZ10.0,4,B,90.0,320.0,45.0,15.0,10.0,83.75,215.0,185.0,0.0,0.0,45.0,60.0,8.0,10.0,5,4,290.0,290.0,CONDITIONAL_PASS_CANDIDATE,,
S4-B-PTOX030.0-Z320.0-FX45.0-FY15.0-FZ15.0,4,B,90.0,320.0,45.0,15.0,15.0,83.75,220.0,185.0,0.0,0.0,50.0,60.0,8.0,10.0,5,4,290.0,290.0,CONDITIONAL_PASS_CANDIDATE,,
S4-B-PTOX030.0-Z320.0-FX45.0-FY15.0-FZ20.0,4,B,90.0,320.0,45.0,15.0,20.0,83.75,225.0,185.0,0.0,0.0,55.0,60.0,8.0,10.0,5,4,290.0,290.0,CONDITIONAL_PASS_CANDIDATE,,
S4-B-PTOX030.0-Z320.0-FX45.0-FY15.0-FZ25.0,4,B,90.0,320.0,45.0,15.0,25.0,83.75,230.0,185.0,0.0,0.0,60.0,60.0,8.0,10.0,5,4,290.0,290.0,CONDITIONAL_PASS_CANDIDATE,,
S4-B-PTOX030.0-Z320.0-FX45.0-FY15.0-FZ30.0,4,B,90.0,320.0,45.0,15.0,30.0,83.75,235.0,185.0,0.0,0.0,65.0,60.0,8.0,10.0,5,4,290.0,290.0,CONDITIONAL_PASS_CANDIDATE,,
S4-B-PTOX030.0-Z320.0-FX45.0-FY17.5-FZ10.0,4,B,90.0,320.0,45.0,17.5,10.0,86.25,215.0,185.0,2.5,2.5,45.0,60.0,10.5,12.5,5,4,290.0,290.0,CONDITIONAL_PASS_CANDIDATE,,
S4-B-PTOX030.0-Z320.0-FX45.0-FY17.5-FZ15.0,4,B,90.0,320.0,45.0,17.5,15.0,86.25,220.0,185.0,2.5,2.5,50.0,60.0,10.5,12.5,5,4,290.0,290.0,CONDITIONAL_PASS_CANDIDATE,,
S4-B-PTOX030.0-Z320.0-FX45.0-FY17.5-FZ20.0,4,B,90.0,320.0,45.0,17.5,20.0,86.25,225.0,185.0,2.5,2.5,55.0,60.0,10.5,12.5,5,4,290.0,290.0,CONDITIONAL_PASS_CANDIDATE,,
S4-B-PTOX030.0-Z320.0-FX45.0-FY17.5-FZ25.0,4,B,90.0,320.0,45.0,17.5,25.0,86.25,230.0,185.0,2.5,2.5,60.0,60.0,10.5,12.5,5,4,290.0,290.0,CONDITIONAL_PASS_CANDIDATE,,
S4-B-PTOX030.0-Z320.0-FX45.0-FY17.5-FZ30.0,4,B,90.0,320.0,45.0,17.5,30.0,86.25,235.0,185.0,2.5,2.5,65.0,60.0,10.5,12.5,5,4,290.0,290.0,CONDITIONAL_PASS_CANDIDATE,,
S4-B-PTOX030.0-Z320.0-FX45.0-FY20.0-FZ10.0,4,B,90.0,320.0,45.0,20.0,10.0,88.75,215.0,185.0,4.75,5.0,45.0,60.0,12.0,14.75,5,4,290.0,290.0,CONDITIONAL_PASS_CANDIDATE,,
S4-B-PTOX030.0-Z320.0-FX45.0-FY20.0-FZ15.0,4,B,90.0,320.0,45.0,20.0,15.0,88.75,220.0,185.0,4.75,5.0,50.0,60.0,12.0,14.75,5,4,290.0,290.0,CONDITIONAL_PASS_CANDIDATE,,
S4-B-PTOX030.0-Z320.0-FX45.0-FY20.0-FZ20.0,4,B,90.0,320.0,45.0,20.0,20.0,88.75,225.0,185.0,4.75,5.0,55.0,60.0,12.0,14.75,5,4,290.0,290.0,CONDITIONAL_PASS_CANDIDATE,,
S4-B-PTOX030.0-Z320.0-FX45.0-FY20.0-FZ25.0,4,B,90.0,320.0,45.0,20.0,25.0,88.75,230.0,185.0,4.75,5.0,60.0,60.0,12.0,14.75,5,4,290.0,290.0,CONDITIONAL_PASS_CANDIDATE,,
S4-B-PTOX030.0-Z320.0-FX45.0-FY20.0-FZ30.0,4,B,90.0,320.0,45.0,20.0,30.0,88.75,235.0,185.0,4.75,5.0,65.0,60.0,12.0,14.75,5,4,290.0,290.0,CONDITIONAL_PASS_CANDIDATE,,
S4-B-PTOX030.0-Z320.0-FX45.0-FY22.5-FZ10.0,4,B,90.0,320.0,45.0,22.5,10.0,91.25,215.0,185.0,2.25,7.5,45.0,60.0,10.25,12.25,5,4,290.0,290.0,CONDITIONAL_PASS_CANDIDATE,,
S4-B-PTOX030.0-Z320.0-FX45.0-FY22.5-FZ15.0,4,B,90.0,320.0,45.0,22.5,15.0,91.25,220.0,185.0,2.25,7.5,50.0,60.0,10.25,12.25,5,4,290.0,290.0,CONDITIONAL_PASS_CANDIDATE,,
S4-B-PTOX030.0-Z320.0-FX45.0-FY22.5-FZ20.0,4,B,90.0,320.0,45.0,22.5,20.0,91.25,225.0,185.0,2.25,7.5,55.0,60.0,10.25,12.25,5,4,290.0,290.0,CONDITIONAL_PASS_CANDIDATE,,
S4-B-PTOX030.0-Z320.0-FX45.0-FY22.5-FZ25.0,4,B,90.0,320.0,45.0,22.5,25.0,91.25,230.0,185.0,2.25,7.5,60.0,60.0,10.25,12.25,5,4,290.0,290.0,CONDITIONAL_PASS_CANDIDATE,,
S4-B-PTOX030.0-Z320.0-FX45.0-FY22.5-FZ30.0,4,B,90.0,320.0,45.0,22.5,30.0,91.25,235.0,185.0,2.25,7.5,65.0,60.0,10.25,12.25,5,4,290.0,290.0,CONDITIONAL_PASS_CANDIDATE,,
S4-B-PTOX030.0-Z320.0-FX45.0-FY25.0-FZ10.0,4,B,90.0,320.0,45.0,25.0,10.0,93.75,215.0,185.0,-0.25,10.0,45.0,60.0,7.75,9.75,3,4,290.0,290.0,FAIL,,BELT_SAFETY_ENVELOPE_INTERSECTS_FRAME
S4-B-PTOX030.0-Z320.0-FX45.0-FY25.0-FZ15.0,4,B,90.0,320.0,45.0,25.0,15.0,93.75,220.0,185.0,-0.25,10.0,50.0,60.0,7.75,9.75,3,4,290.0,290.0,FAIL,,BELT_SAFETY_ENVELOPE_INTERSECTS_FRAME
S4-B-PTOX030.0-Z320.0-FX45.0-FY25.0-FZ20.0,4,B,90.0,320.0,45.0,25.0,20.0,93.75,225.0,185.0,-0.25,10.0,55.0,60.0,7.75,9.75,3,4,290.0,290.0,FAIL,,BELT_SAFETY_ENVELOPE_INTERSECTS_FRAME
S4-B-PTOX030.0-Z320.0-FX45.0-FY25.0-FZ25.0,4,B,90.0,320.0,45.0,25.0,25.0,93.75,230.0,185.0,-0.25,10.0,60.0,60.0,7.75,9.75,3,4,290.0,290.0,FAIL,,BELT_SAFETY_ENVELOPE_INTERSECTS_FRAME
S4-B-PTOX030.0-Z320.0-FX45.0-FY25.0-FZ30.0,4,B,90.0,320.0,45.0,25.0,30.0,93.75,235.0,185.0,-0.25,10.0,65.0,60.0,7.75,9.75,3,4,290.0,290.0,FAIL,,BELT_SAFETY_ENVELOPE_INTERSECTS_FRAME
S4-B-PTOX030.0-Z320.0-FX50.0-FY15.0-FZ10.0,4,B,90.0,320.0,50.0,15.0,10.0,83.75,215.0,190.0,0.0,0.0,45.0,60.0,8.0,10.0,5,4,290.0,290.0,CONDITIONAL_PASS_CANDIDATE,,
S4-B-PTOX030.0-Z320.0-FX50.0-FY15.0-FZ15.0,4,B,90.0,320.0,50.0,15.0,15.0,83.75,220.0,190.0,0.0,0.0,50.0,60.0,8.0,10.0,5,4,290.0,290.0,CONDITIONAL_PASS_CANDIDATE,,
S4-B-PTOX030.0-Z320.0-FX50.0-FY15.0-FZ20.0,4,B,90.0,320.0,50.0,15.0,20.0,83.75,225.0,190.0,0.0,0.0,55.0,60.0,8.0,10.0,5,4,290.0,290.0,CONDITIONAL_PASS_CANDIDATE,,
S4-B-PTOX030.0-Z320.0-FX50.0-FY15.0-FZ25.0,4,B,90.0,320.0,50.0,15.0,25.0,83.75,230.0,190.0,0.0,0.0,60.0,60.0,8.0,10.0,5,4,290.0,290.0,CONDITIONAL_PASS_CANDIDATE,,
S4-B-PTOX030.0-Z320.0-FX50.0-FY15.0-FZ30.0,4,B,90.0,320.0,50.0,15.0,30.0,83.75,235.0,190.0,0.0,0.0,65.0,60.0,8.0,10.0,5,4,290.0,290.0,CONDITIONAL_PASS_CANDIDATE,,
S4-B-PTOX030.0-Z320.0-FX50.0-FY17.5-FZ10.0,4,B,90.0,320.0,50.0,17.5,10.0,86.25,215.0,190.0,2.5,2.5,45.0,60.0,10.5,12.5,5,4,290.0,290.0,CONDITIONAL_PASS_CANDIDATE,,
S4-B-PTOX030.0-Z320.0-FX50.0-FY17.5-FZ15.0,4,B,90.0,320.0,50.0,17.5,15.0,86.25,220.0,190.0,2.5,2.5,50.0,60.0,10.5,12.5,5,4,290.0,290.0,CONDITIONAL_PASS_CANDIDATE,,
S4-B-PTOX030.0-Z320.0-FX50.0-FY17.5-FZ20.0,4,B,90.0,320.0,50.0,17.5,20.0,86.25,225.0,190.0,2.5,2.5,55.0,60.0,10.5,12.5,5,4,290.0,290.0,CONDITIONAL_PASS_CANDIDATE,,
S4-B-PTOX030.0-Z320.0-FX50.0-FY17.5-FZ25.0,4,B,90.0,320.0,50.0,17.5,25.0,86.25,230.0,190.0,2.5,2.5,60.0,60.0,10.5,12.5,5,4,290.0,290.0,CONDITIONAL_PASS_CANDIDATE,,
S4-B-PTOX030.0-Z320.0-FX50.0-FY17.5-FZ30.0,4,B,90.0,320.0,50.0,17.5,30.0,86.25,235.0,190.0,2.5,2.5,65.0,60.0,10.5,12.5,5,4,290.0,290.0,CONDITIONAL_PASS_CANDIDATE,,
S4-B-PTOX030.0-Z320.0-FX50.0-FY20.0-FZ10.0,4,B,90.0,320.0,50.0,20.0,10.0,88.75,215.0,190.0,4.75,5.0,45.0,60.0,12.0,14.75,5,4,290.0,290.0,CONDITIONAL_PASS_CANDIDATE,,
S4-B-PTOX030.0-Z320.0-FX50.0-FY20.0-FZ15.0,4,B,90.0,320.0,50.0,20.0,15.0,88.75,220.0,190.0,4.75,5.0,50.0,60.0,12.0,14.75,5,4,290.0,290.0,CONDITIONAL_PASS_CANDIDATE,,
S4-B-PTOX030.0-Z320.0-FX50.0-FY20.0-FZ20.0,4,B,90.0,320.0,50.0,20.0,20.0,88.75,225.0,190.0,4.75,5.0,55.0,60.0,12.0,14.75,5,4,290.0,290.0,CONDITIONAL_PASS_CANDIDATE,,
S4-B-PTOX030.0-Z320.0-FX50.0-FY20.0-FZ25.0,4,B,90.0,320.0,50.0,20.0,25.0,88.75,230.0,190.0,4.75,5.0,60.0,60.0,12.0,14.75,5,4,290.0,290.0,CONDITIONAL_PASS_CANDIDATE,,
S4-B-PTOX030.0-Z320.0-FX50.0-FY20.0-FZ30.0,4,B,90.0,320.0,50.0,20.0,30.0,88.75,235.0,190.0,4.75,5.0,65.0,60.0,12.0,14.75,5,4,290.0,290.0,CONDITIONAL_PASS_CANDIDATE,,
S4-B-PTOX030.0-Z320.0-FX50.0-FY22.5-FZ10.0,4,B,90.0,320.0,50.0,22.5,10.0,91.25,215.0,190.0,2.25,7.5,45.0,60.0,10.25,12.25,5,4,290.0,290.0,CONDITIONAL_PASS_CANDIDATE,,
S4-B-PTOX030.0-Z320.0-FX50.0-FY22.5-FZ15.0,4,B,90.0,320.0,50.0,22.5,15.0,91.25,220.0,190.0,2.25,7.5,50.0,60.0,10.25,12.25,5,4,290.0,290.0,CONDITIONAL_PASS_CANDIDATE,,
S4-B-PTOX030.0-Z320.0-FX50.0-FY22.5-FZ20.0,4,B,90.0,320.0,50.0,22.5,20.0,91.25,225.0,190.0,2.25,7.5,55.0,60.0,10.25,12.25,5,4,290.0,290.0,CONDITIONAL_PASS_CANDIDATE,,
S4-B-PTOX030.0-Z320.0-FX50.0-FY22.5-FZ25.0,4,B,90.0,320.0,50.0,22.5,25.0,91.25,230.0,190.0,2.25,7.5,60.0,60.0,10.25,12.25,5,4,290.0,290.0,CONDITIONAL_PASS_CANDIDATE,,
S4-B-PTOX030.0-Z320.0-FX50.0-FY22.5-FZ30.0,4,B,90.0,320.0,50.0,22.5,30.0,91.25,235.0,190.0,2.25,7.5,65.0,60.0,10.25,12.25,5,4,290.0,290.0,CONDITIONAL_PASS_CANDIDATE,,
S4-B-PTOX030.0-Z320.0-FX50.0-FY25.0-FZ10.0,4,B,90.0,320.0,50.0,25.0,10.0,93.75,215.0,190.0,-0.25,10.0,45.0,60.0,7.75,9.75,3,4,290.0,290.0,FAIL,,BELT_SAFETY_ENVELOPE_INTERSECTS_FRAME
S4-B-PTOX030.0-Z320.0-FX50.0-FY25.0-FZ15.0,4,B,90.0,320.0,50.0,25.0,15.0,93.75,220.0,190.0,-0.25,10.0,50.0,60.0,7.75,9.75,3,4,290.0,290.0,FAIL,,BELT_SAFETY_ENVELOPE_INTERSECTS_FRAME
S4-B-PTOX030.0-Z320.0-FX50.0-FY25.0-FZ20.0,4,B,90.0,320.0,50.0,25.0,20.0,93.75,225.0,190.0,-0.25,10.0,55.0,60.0,7.75,9.75,3,4,290.0,290.0,FAIL,,BELT_SAFETY_ENVELOPE_INTERSECTS_FRAME
S4-B-PTOX030.0-Z320.0-FX50.0-FY25.0-FZ25.0,4,B,90.0,320.0,50.0,25.0,25.0,93.75,230.0,190.0,-0.25,10.0,60.0,60.0,7.75,9.75,3,4,290.0,290.0,FAIL,,BELT_SAFETY_ENVELOPE_INTERSECTS_FRAME
S4-B-PTOX030.0-Z320.0-FX50.0-FY25.0-FZ30.0,4,B,90.0,320.0,50.0,25.0,30.0,93.75,235.0,190.0,-0.25,10.0,65.0,60.0,7.75,9.75,3,4,290.0,290.0,FAIL,,BELT_SAFETY_ENVELOPE_INTERSECTS_FRAME
S4-B-PTOX040.0-Z320.0-FX30.0-FY15.0-FZ10.0,4,B,100.0,320.0,30.0,15.0,10.0,83.75,215.0,170.0,0.0,0.0,45.0,60.0,8.0,10.0,5,4,290.0,290.0,CONDITIONAL_PASS_CANDIDATE,,
S4-B-PTOX040.0-Z320.0-FX30.0-FY15.0-FZ15.0,4,B,100.0,320.0,30.0,15.0,15.0,83.75,220.0,170.0,0.0,0.0,50.0,60.0,8.0,10.0,5,4,290.0,290.0,CONDITIONAL_PASS_CANDIDATE,,
S4-B-PTOX040.0-Z320.0-FX30.0-FY15.0-FZ20.0,4,B,100.0,320.0,30.0,15.0,20.0,83.75,225.0,170.0,0.0,0.0,55.0,60.0,8.0,10.0,5,4,290.0,290.0,CONDITIONAL_PASS_CANDIDATE,,
S4-B-PTOX040.0-Z320.0-FX30.0-FY15.0-FZ25.0,4,B,100.0,320.0,30.0,15.0,25.0,83.75,230.0,170.0,0.0,0.0,60.0,60.0,8.0,10.0,5,4,290.0,290.0,CONDITIONAL_PASS_CANDIDATE,,
S4-B-PTOX040.0-Z320.0-FX30.0-FY15.0-FZ30.0,4,B,100.0,320.0,30.0,15.0,30.0,83.75,235.0,170.0,0.0,0.0,65.0,60.0,8.0,10.0,5,4,290.0,290.0,CONDITIONAL_PASS_CANDIDATE,,
S4-B-PTOX040.0-Z320.0-FX30.0-FY17.5-FZ10.0,4,B,100.0,320.0,30.0,17.5,10.0,86.25,215.0,170.0,2.5,0.0,45.0,60.0,10.5,12.5,5,4,290.0,290.0,CONDITIONAL_PASS_CANDIDATE,,
S4-B-PTOX040.0-Z320.0-FX30.0-FY17.5-FZ15.0,4,B,100.0,320.0,30.0,17.5,15.0,86.25,220.0,170.0,2.5,0.0,50.0,60.0,10.5,12.5,5,4,290.0,290.0,CONDITIONAL_PASS_CANDIDATE,,
S4-B-PTOX040.0-Z320.0-FX30.0-FY17.5-FZ20.0,4,B,100.0,320.0,30.0,17.5,20.0,86.25,225.0,170.0,2.5,0.0,55.0,60.0,10.5,12.5,5,4,290.0,290.0,CONDITIONAL_PASS_CANDIDATE,,
S4-B-PTOX040.0-Z320.0-FX30.0-FY17.5-FZ25.0,4,B,100.0,320.0,30.0,17.5,25.0,86.25,230.0,170.0,2.5,0.0,60.0,60.0,10.5,12.5,5,4,290.0,290.0,CONDITIONAL_PASS_CANDIDATE,,
S4-B-PTOX040.0-Z320.0-FX30.0-FY17.5-FZ30.0,4,B,100.0,320.0,30.0,17.5,30.0,86.25,235.0,170.0,2.5,0.0,65.0,60.0,10.5,12.5,5,4,290.0,290.0,CONDITIONAL_PASS_CANDIDATE,,
S4-B-PTOX040.0-Z320.0-FX30.0-FY20.0-FZ10.0,4,B,100.0,320.0,30.0,20.0,10.0,88.75,215.0,170.0,4.75,0.0,45.0,60.0,12.0,14.75,5,4,290.0,290.0,CONDITIONAL_PASS_CANDIDATE,,
S4-B-PTOX040.0-Z320.0-FX30.0-FY20.0-FZ15.0,4,B,100.0,320.0,30.0,20.0,15.0,88.75,220.0,170.0,4.75,0.0,50.0,60.0,12.0,14.75,5,4,290.0,290.0,CONDITIONAL_PASS_CANDIDATE,,
S4-B-PTOX040.0-Z320.0-FX30.0-FY20.0-FZ20.0,4,B,100.0,320.0,30.0,20.0,20.0,88.75,225.0,170.0,4.75,0.0,55.0,60.0,12.0,14.75,5,4,290.0,290.0,CONDITIONAL_PASS_CANDIDATE,,
S4-B-PTOX040.0-Z320.0-FX30.0-FY20.0-FZ25.0,4,B,100.0,320.0,30.0,20.0,25.0,88.75,230.0,170.0,4.75,0.0,60.0,60.0,12.0,14.75,5,4,290.0,290.0,CONDITIONAL_PASS_CANDIDATE,,
S4-B-PTOX040.0-Z320.0-FX30.0-FY20.0-FZ30.0,4,B,100.0,320.0,30.0,20.0,30.0,88.75,235.0,170.0,4.75,0.0,65.0,60.0,12.0,14.75,5,4,290.0,290.0,CONDITIONAL_PASS_CANDIDATE,,
S4-B-PTOX040.0-Z320.0-FX30.0-FY22.5-FZ10.0,4,B,100.0,320.0,30.0,22.5,10.0,91.25,215.0,170.0,2.25,0.0,45.0,60.0,10.25,12.25,5,4,290.0,290.0,CONDITIONAL_PASS_CANDIDATE,,
S4-B-PTOX040.0-Z320.0-FX30.0-FY22.5-FZ15.0,4,B,100.0,320.0,30.0,22.5,15.0,91.25,220.0,170.0,2.25,0.0,50.0,60.0,10.25,12.25,5,4,290.0,290.0,CONDITIONAL_PASS_CANDIDATE,,
S4-B-PTOX040.0-Z320.0-FX30.0-FY22.5-FZ20.0,4,B,100.0,320.0,30.0,22.5,20.0,91.25,225.0,170.0,2.25,0.0,55.0,60.0,10.25,12.25,5,4,290.0,290.0,CONDITIONAL_PASS_CANDIDATE,,
S4-B-PTOX040.0-Z320.0-FX30.0-FY22.5-FZ25.0,4,B,100.0,320.0,30.0,22.5,25.0,91.25,230.0,170.0,2.25,0.0,60.0,60.0,10.25,12.25,5,4,290.0,290.0,CONDITIONAL_PASS_CANDIDATE,,
S4-B-PTOX040.0-Z320.0-FX30.0-FY22.5-FZ30.0,4,B,100.0,320.0,30.0,22.5,30.0,91.25,235.0,170.0,2.25,0.0,65.0,60.0,10.25,12.25,5,4,290.0,290.0,CONDITIONAL_PASS_CANDIDATE,,
S4-B-PTOX040.0-Z320.0-FX30.0-FY25.0-FZ10.0,4,B,100.0,320.0,30.0,25.0,10.0,93.75,215.0,170.0,-0.25,0.0,45.0,60.0,7.75,9.75,3,4,290.0,290.0,FAIL,,BELT_SAFETY_ENVELOPE_INTERSECTS_FRAME
S4-B-PTOX040.0-Z320.0-FX30.0-FY25.0-FZ15.0,4,B,100.0,320.0,30.0,25.0,15.0,93.75,220.0,170.0,-0.25,0.0,50.0,60.0,7.75,9.75,3,4,290.0,290.0,FAIL,,BELT_SAFETY_ENVELOPE_INTERSECTS_FRAME
S4-B-PTOX040.0-Z320.0-FX30.0-FY25.0-FZ20.0,4,B,100.0,320.0,30.0,25.0,20.0,93.75,225.0,170.0,-0.25,0.0,55.0,60.0,7.75,9.75,3,4,290.0,290.0,FAIL,,BELT_SAFETY_ENVELOPE_INTERSECTS_FRAME
S4-B-PTOX040.0-Z320.0-FX30.0-FY25.0-FZ25.0,4,B,100.0,320.0,30.0,25.0,25.0,93.75,230.0,170.0,-0.25,0.0,60.0,60.0,7.75,9.75,3,4,290.0,290.0,FAIL,,BELT_SAFETY_ENVELOPE_INTERSECTS_FRAME
S4-B-PTOX040.0-Z320.0-FX30.0-FY25.0-FZ30.0,4,B,100.0,320.0,30.0,25.0,30.0,93.75,235.0,170.0,-0.25,0.0,65.0,60.0,7.75,9.75,3,4,290.0,290.0,FAIL,,BELT_SAFETY_ENVELOPE_INTERSECTS_FRAME
S4-B-PTOX040.0-Z320.0-FX35.0-FY15.0-FZ10.0,4,B,100.0,320.0,35.0,15.0,10.0,83.75,215.0,175.0,0.0,0.0,45.0,60.0,8.0,10.0,5,4,290.0,290.0,CONDITIONAL_PASS_CANDIDATE,,
S4-B-PTOX040.0-Z320.0-FX35.0-FY15.0-FZ15.0,4,B,100.0,320.0,35.0,15.0,15.0,83.75,220.0,175.0,0.0,0.0,50.0,60.0,8.0,10.0,5,4,290.0,290.0,CONDITIONAL_PASS_CANDIDATE,,
S4-B-PTOX040.0-Z320.0-FX35.0-FY15.0-FZ20.0,4,B,100.0,320.0,35.0,15.0,20.0,83.75,225.0,175.0,0.0,0.0,55.0,60.0,8.0,10.0,5,4,290.0,290.0,CONDITIONAL_PASS_CANDIDATE,,
S4-B-PTOX040.0-Z320.0-FX35.0-FY15.0-FZ25.0,4,B,100.0,320.0,35.0,15.0,25.0,83.75,230.0,175.0,0.0,0.0,60.0,60.0,8.0,10.0,5,4,290.0,290.0,CONDITIONAL_PASS_CANDIDATE,,
S4-B-PTOX040.0-Z320.0-FX35.0-FY15.0-FZ30.0,4,B,100.0,320.0,35.0,15.0,30.0,83.75,235.0,175.0,0.0,0.0,65.0,60.0,8.0,10.0,5,4,290.0,290.0,CONDITIONAL_PASS_CANDIDATE,,
S4-B-PTOX040.0-Z320.0-FX35.0-FY17.5-FZ10.0,4,B,100.0,320.0,35.0,17.5,10.0,86.25,215.0,175.0,2.5,2.5,45.0,60.0,10.5,12.5,5,4,290.0,290.0,CONDITIONAL_PASS_CANDIDATE,,
S4-B-PTOX040.0-Z320.0-FX35.0-FY17.5-FZ15.0,4,B,100.0,320.0,35.0,17.5,15.0,86.25,220.0,175.0,2.5,2.5,50.0,60.0,10.5,12.5,5,4,290.0,290.0,CONDITIONAL_PASS_CANDIDATE,,
S4-B-PTOX040.0-Z320.0-FX35.0-FY17.5-FZ20.0,4,B,100.0,320.0,35.0,17.5,20.0,86.25,225.0,175.0,2.5,2.5,55.0,60.0,10.5,12.5,5,4,290.0,290.0,CONDITIONAL_PASS_CANDIDATE,,
S4-B-PTOX040.0-Z320.0-FX35.0-FY17.5-FZ25.0,4,B,100.0,320.0,35.0,17.5,25.0,86.25,230.0,175.0,2.5,2.5,60.0,60.0,10.5,12.5,5,4,290.0,290.0,CONDITIONAL_PASS_CANDIDATE,,
S4-B-PTOX040.0-Z320.0-FX35.0-FY17.5-FZ30.0,4,B,100.0,320.0,35.0,17.5,30.0,86.25,235.0,175.0,2.5,2.5,65.0,60.0,10.5,12.5,5,4,290.0,290.0,CONDITIONAL_PASS_CANDIDATE,,
S4-B-PTOX040.0-Z320.0-FX35.0-FY20.0-FZ10.0,4,B,100.0,320.0,35.0,20.0,10.0,88.75,215.0,175.0,4.75,5.0,45.0,60.0,12.0,14.75,5,4,290.0,290.0,CONDITIONAL_PASS_CANDIDATE,,
S4-B-PTOX040.0-Z320.0-FX35.0-FY20.0-FZ15.0,4,B,100.0,320.0,35.0,20.0,15.0,88.75,220.0,175.0,4.75,5.0,50.0,60.0,12.0,14.75,5,4,290.0,290.0,CONDITIONAL_PASS_CANDIDATE,,
S4-B-PTOX040.0-Z320.0-FX35.0-FY20.0-FZ20.0,4,B,100.0,320.0,35.0,20.0,20.0,88.75,225.0,175.0,4.75,5.0,55.0,60.0,12.0,14.75,5,4,290.0,290.0,CONDITIONAL_PASS_CANDIDATE,,
S4-B-PTOX040.0-Z320.0-FX35.0-FY20.0-FZ25.0,4,B,100.0,320.0,35.0,20.0,25.0,88.75,230.0,175.0,4.75,5.0,60.0,60.0,12.0,14.75,5,4,290.0,290.0,CONDITIONAL_PASS_CANDIDATE,,
S4-B-PTOX040.0-Z320.0-FX35.0-FY20.0-FZ30.0,4,B,100.0,320.0,35.0,20.0,30.0,88.75,235.0,175.0,4.75,5.0,65.0,60.0,12.0,14.75,5,4,290.0,290.0,CONDITIONAL_PASS_CANDIDATE,,
S4-B-PTOX040.0-Z320.0-FX35.0-FY22.5-FZ10.0,4,B,100.0,320.0,35.0,22.5,10.0,91.25,215.0,175.0,2.25,5.0,45.0,60.0,10.25,12.25,5,4,290.0,290.0,CONDITIONAL_PASS_CANDIDATE,,
S4-B-PTOX040.0-Z320.0-FX35.0-FY22.5-FZ15.0,4,B,100.0,320.0,35.0,22.5,15.0,91.25,220.0,175.0,2.25,5.0,50.0,60.0,10.25,12.25,5,4,290.0,290.0,CONDITIONAL_PASS_CANDIDATE,,
S4-B-PTOX040.0-Z320.0-FX35.0-FY22.5-FZ20.0,4,B,100.0,320.0,35.0,22.5,20.0,91.25,225.0,175.0,2.25,5.0,55.0,60.0,10.25,12.25,5,4,290.0,290.0,CONDITIONAL_PASS_CANDIDATE,,
S4-B-PTOX040.0-Z320.0-FX35.0-FY22.5-FZ25.0,4,B,100.0,320.0,35.0,22.5,25.0,91.25,230.0,175.0,2.25,5.0,60.0,60.0,10.25,12.25,5,4,290.0,290.0,CONDITIONAL_PASS_CANDIDATE,,
S4-B-PTOX040.0-Z320.0-FX35.0-FY22.5-FZ30.0,4,B,100.0,320.0,35.0,22.5,30.0,91.25,235.0,175.0,2.25,5.0,65.0,60.0,10.25,12.25,5,4,290.0,290.0,CONDITIONAL_PASS_CANDIDATE,,
S4-B-PTOX040.0-Z320.0-FX35.0-FY25.0-FZ10.0,4,B,100.0,320.0,35.0,25.0,10.0,93.75,215.0,175.0,-0.25,5.0,45.0,60.0,7.75,9.75,3,4,290.0,290.0,FAIL,,BELT_SAFETY_ENVELOPE_INTERSECTS_FRAME
S4-B-PTOX040.0-Z320.0-FX35.0-FY25.0-FZ15.0,4,B,100.0,320.0,35.0,25.0,15.0,93.75,220.0,175.0,-0.25,5.0,50.0,60.0,7.75,9.75,3,4,290.0,290.0,FAIL,,BELT_SAFETY_ENVELOPE_INTERSECTS_FRAME
S4-B-PTOX040.0-Z320.0-FX35.0-FY25.0-FZ20.0,4,B,100.0,320.0,35.0,25.0,20.0,93.75,225.0,175.0,-0.25,5.0,55.0,60.0,7.75,9.75,3,4,290.0,290.0,FAIL,,BELT_SAFETY_ENVELOPE_INTERSECTS_FRAME
S4-B-PTOX040.0-Z320.0-FX35.0-FY25.0-FZ25.0,4,B,100.0,320.0,35.0,25.0,25.0,93.75,230.0,175.0,-0.25,5.0,60.0,60.0,7.75,9.75,3,4,290.0,290.0,FAIL,,BELT_SAFETY_ENVELOPE_INTERSECTS_FRAME
S4-B-PTOX040.0-Z320.0-FX35.0-FY25.0-FZ30.0,4,B,100.0,320.0,35.0,25.0,30.0,93.75,235.0,175.0,-0.25,5.0,65.0,60.0,7.75,9.75,3,4,290.0,290.0,FAIL,,BELT_SAFETY_ENVELOPE_INTERSECTS_FRAME
S4-B-PTOX040.0-Z320.0-FX40.0-FY15.0-FZ10.0,4,B,100.0,320.0,40.0,15.0,10.0,83.75,215.0,180.0,0.0,0.0,45.0,60.0,8.0,10.0,5,4,290.0,290.0,CONDITIONAL_PASS_CANDIDATE,,
S4-B-PTOX040.0-Z320.0-FX40.0-FY15.0-FZ15.0,4,B,100.0,320.0,40.0,15.0,15.0,83.75,220.0,180.0,0.0,0.0,50.0,60.0,8.0,10.0,5,4,290.0,290.0,CONDITIONAL_PASS_CANDIDATE,,
S4-B-PTOX040.0-Z320.0-FX40.0-FY15.0-FZ20.0,4,B,100.0,320.0,40.0,15.0,20.0,83.75,225.0,180.0,0.0,0.0,55.0,60.0,8.0,10.0,5,4,290.0,290.0,CONDITIONAL_PASS_CANDIDATE,,
S4-B-PTOX040.0-Z320.0-FX40.0-FY15.0-FZ25.0,4,B,100.0,320.0,40.0,15.0,25.0,83.75,230.0,180.0,0.0,0.0,60.0,60.0,8.0,10.0,5,4,290.0,290.0,CONDITIONAL_PASS_CANDIDATE,,
S4-B-PTOX040.0-Z320.0-FX40.0-FY15.0-FZ30.0,4,B,100.0,320.0,40.0,15.0,30.0,83.75,235.0,180.0,0.0,0.0,65.0,60.0,8.0,10.0,5,4,290.0,290.0,CONDITIONAL_PASS_CANDIDATE,,
S4-B-PTOX040.0-Z320.0-FX40.0-FY17.5-FZ10.0,4,B,100.0,320.0,40.0,17.5,10.0,86.25,215.0,180.0,2.5,2.5,45.0,60.0,10.5,12.5,5,4,290.0,290.0,CONDITIONAL_PASS_CANDIDATE,,
S4-B-PTOX040.0-Z320.0-FX40.0-FY17.5-FZ15.0,4,B,100.0,320.0,40.0,17.5,15.0,86.25,220.0,180.0,2.5,2.5,50.0,60.0,10.5,12.5,5,4,290.0,290.0,CONDITIONAL_PASS_CANDIDATE,,
S4-B-PTOX040.0-Z320.0-FX40.0-FY17.5-FZ20.0,4,B,100.0,320.0,40.0,17.5,20.0,86.25,225.0,180.0,2.5,2.5,55.0,60.0,10.5,12.5,5,4,290.0,290.0,CONDITIONAL_PASS_CANDIDATE,,
S4-B-PTOX040.0-Z320.0-FX40.0-FY17.5-FZ25.0,4,B,100.0,320.0,40.0,17.5,25.0,86.25,230.0,180.0,2.5,2.5,60.0,60.0,10.5,12.5,5,4,290.0,290.0,CONDITIONAL_PASS_CANDIDATE,,
S4-B-PTOX040.0-Z320.0-FX40.0-FY17.5-FZ30.0,4,B,100.0,320.0,40.0,17.5,30.0,86.25,235.0,180.0,2.5,2.5,65.0,60.0,10.5,12.5,5,4,290.0,290.0,CONDITIONAL_PASS_CANDIDATE,,
S4-B-PTOX040.0-Z320.0-FX40.0-FY20.0-FZ10.0,4,B,100.0,320.0,40.0,20.0,10.0,88.75,215.0,180.0,4.75,5.0,45.0,60.0,12.0,14.75,5,4,290.0,290.0,CONDITIONAL_PASS_CANDIDATE,,
S4-B-PTOX040.0-Z320.0-FX40.0-FY20.0-FZ15.0,4,B,100.0,320.0,40.0,20.0,15.0,88.75,220.0,180.0,4.75,5.0,50.0,60.0,12.0,14.75,5,4,290.0,290.0,CONDITIONAL_PASS_CANDIDATE,,
S4-B-PTOX040.0-Z320.0-FX40.0-FY20.0-FZ20.0,4,B,100.0,320.0,40.0,20.0,20.0,88.75,225.0,180.0,4.75,5.0,55.0,60.0,12.0,14.75,5,4,290.0,290.0,CONDITIONAL_PASS_CANDIDATE,RECOMMENDED,
S4-B-PTOX040.0-Z320.0-FX40.0-FY20.0-FZ25.0,4,B,100.0,320.0,40.0,20.0,25.0,88.75,230.0,180.0,4.75,5.0,60.0,60.0,12.0,14.75,5,4,290.0,290.0,CONDITIONAL_PASS_CANDIDATE,,
S4-B-PTOX040.0-Z320.0-FX40.0-FY20.0-FZ30.0,4,B,100.0,320.0,40.0,20.0,30.0,88.75,235.0,180.0,4.75,5.0,65.0,60.0,12.0,14.75,5,4,290.0,290.0,CONDITIONAL_PASS_CANDIDATE,,
S4-B-PTOX040.0-Z320.0-FX40.0-FY22.5-FZ10.0,4,B,100.0,320.0,40.0,22.5,10.0,91.25,215.0,180.0,2.25,7.5,45.0,60.0,10.25,12.25,5,4,290.0,290.0,CONDITIONAL_PASS_CANDIDATE,,
S4-B-PTOX040.0-Z320.0-FX40.0-FY22.5-FZ15.0,4,B,100.0,320.0,40.0,22.5,15.0,91.25,220.0,180.0,2.25,7.5,50.0,60.0,10.25,12.25,5,4,290.0,290.0,CONDITIONAL_PASS_CANDIDATE,,
S4-B-PTOX040.0-Z320.0-FX40.0-FY22.5-FZ20.0,4,B,100.0,320.0,40.0,22.5,20.0,91.25,225.0,180.0,2.25,7.5,55.0,60.0,10.25,12.25,5,4,290.0,290.0,CONDITIONAL_PASS_CANDIDATE,,
S4-B-PTOX040.0-Z320.0-FX40.0-FY22.5-FZ25.0,4,B,100.0,320.0,40.0,22.5,25.0,91.25,230.0,180.0,2.25,7.5,60.0,60.0,10.25,12.25,5,4,290.0,290.0,CONDITIONAL_PASS_CANDIDATE,,
S4-B-PTOX040.0-Z320.0-FX40.0-FY22.5-FZ30.0,4,B,100.0,320.0,40.0,22.5,30.0,91.25,235.0,180.0,2.25,7.5,65.0,60.0,10.25,12.25,5,4,290.0,290.0,CONDITIONAL_PASS_CANDIDATE,,
S4-B-PTOX040.0-Z320.0-FX40.0-FY25.0-FZ10.0,4,B,100.0,320.0,40.0,25.0,10.0,93.75,215.0,180.0,-0.25,10.0,45.0,60.0,7.75,9.75,3,4,290.0,290.0,FAIL,,BELT_SAFETY_ENVELOPE_INTERSECTS_FRAME
S4-B-PTOX040.0-Z320.0-FX40.0-FY25.0-FZ15.0,4,B,100.0,320.0,40.0,25.0,15.0,93.75,220.0,180.0,-0.25,10.0,50.0,60.0,7.75,9.75,3,4,290.0,290.0,FAIL,,BELT_SAFETY_ENVELOPE_INTERSECTS_FRAME
S4-B-PTOX040.0-Z320.0-FX40.0-FY25.0-FZ20.0,4,B,100.0,320.0,40.0,25.0,20.0,93.75,225.0,180.0,-0.25,10.0,55.0,60.0,7.75,9.75,3,4,290.0,290.0,FAIL,,BELT_SAFETY_ENVELOPE_INTERSECTS_FRAME
S4-B-PTOX040.0-Z320.0-FX40.0-FY25.0-FZ25.0,4,B,100.0,320.0,40.0,25.0,25.0,93.75,230.0,180.0,-0.25,10.0,60.0,60.0,7.75,9.75,3,4,290.0,290.0,FAIL,,BELT_SAFETY_ENVELOPE_INTERSECTS_FRAME
S4-B-PTOX040.0-Z320.0-FX40.0-FY25.0-FZ30.0,4,B,100.0,320.0,40.0,25.0,30.0,93.75,235.0,180.0,-0.25,10.0,65.0,60.0,7.75,9.75,3,4,290.0,290.0,FAIL,,BELT_SAFETY_ENVELOPE_INTERSECTS_FRAME
S4-B-PTOX040.0-Z320.0-FX45.0-FY15.0-FZ10.0,4,B,100.0,320.0,45.0,15.0,10.0,83.75,215.0,185.0,0.0,0.0,45.0,60.0,8.0,10.0,5,4,290.0,290.0,CONDITIONAL_PASS_CANDIDATE,,
S4-B-PTOX040.0-Z320.0-FX45.0-FY15.0-FZ15.0,4,B,100.0,320.0,45.0,15.0,15.0,83.75,220.0,185.0,0.0,0.0,50.0,60.0,8.0,10.0,5,4,290.0,290.0,CONDITIONAL_PASS_CANDIDATE,,
S4-B-PTOX040.0-Z320.0-FX45.0-FY15.0-FZ20.0,4,B,100.0,320.0,45.0,15.0,20.0,83.75,225.0,185.0,0.0,0.0,55.0,60.0,8.0,10.0,5,4,290.0,290.0,CONDITIONAL_PASS_CANDIDATE,,
S4-B-PTOX040.0-Z320.0-FX45.0-FY15.0-FZ25.0,4,B,100.0,320.0,45.0,15.0,25.0,83.75,230.0,185.0,0.0,0.0,60.0,60.0,8.0,10.0,5,4,290.0,290.0,CONDITIONAL_PASS_CANDIDATE,,
S4-B-PTOX040.0-Z320.0-FX45.0-FY15.0-FZ30.0,4,B,100.0,320.0,45.0,15.0,30.0,83.75,235.0,185.0,0.0,0.0,65.0,60.0,8.0,10.0,5,4,290.0,290.0,CONDITIONAL_PASS_CANDIDATE,,
S4-B-PTOX040.0-Z320.0-FX45.0-FY17.5-FZ10.0,4,B,100.0,320.0,45.0,17.5,10.0,86.25,215.0,185.0,2.5,2.5,45.0,60.0,10.5,12.5,5,4,290.0,290.0,CONDITIONAL_PASS_CANDIDATE,,
S4-B-PTOX040.0-Z320.0-FX45.0-FY17.5-FZ15.0,4,B,100.0,320.0,45.0,17.5,15.0,86.25,220.0,185.0,2.5,2.5,50.0,60.0,10.5,12.5,5,4,290.0,290.0,CONDITIONAL_PASS_CANDIDATE,,
S4-B-PTOX040.0-Z320.0-FX45.0-FY17.5-FZ20.0,4,B,100.0,320.0,45.0,17.5,20.0,86.25,225.0,185.0,2.5,2.5,55.0,60.0,10.5,12.5,5,4,290.0,290.0,CONDITIONAL_PASS_CANDIDATE,,
S4-B-PTOX040.0-Z320.0-FX45.0-FY17.5-FZ25.0,4,B,100.0,320.0,45.0,17.5,25.0,86.25,230.0,185.0,2.5,2.5,60.0,60.0,10.5,12.5,5,4,290.0,290.0,CONDITIONAL_PASS_CANDIDATE,,
S4-B-PTOX040.0-Z320.0-FX45.0-FY17.5-FZ30.0,4,B,100.0,320.0,45.0,17.5,30.0,86.25,235.0,185.0,2.5,2.5,65.0,60.0,10.5,12.5,5,4,290.0,290.0,CONDITIONAL_PASS_CANDIDATE,,
S4-B-PTOX040.0-Z320.0-FX45.0-FY20.0-FZ10.0,4,B,100.0,320.0,45.0,20.0,10.0,88.75,215.0,185.0,4.75,5.0,45.0,60.0,12.0,14.75,5,4,290.0,290.0,CONDITIONAL_PASS_CANDIDATE,,
S4-B-PTOX040.0-Z320.0-FX45.0-FY20.0-FZ15.0,4,B,100.0,320.0,45.0,20.0,15.0,88.75,220.0,185.0,4.75,5.0,50.0,60.0,12.0,14.75,5,4,290.0,290.0,CONDITIONAL_PASS_CANDIDATE,,
S4-B-PTOX040.0-Z320.0-FX45.0-FY20.0-FZ20.0,4,B,100.0,320.0,45.0,20.0,20.0,88.75,225.0,185.0,4.75,5.0,55.0,60.0,12.0,14.75,5,4,290.0,290.0,CONDITIONAL_PASS_CANDIDATE,,
S4-B-PTOX040.0-Z320.0-FX45.0-FY20.0-FZ25.0,4,B,100.0,320.0,45.0,20.0,25.0,88.75,230.0,185.0,4.75,5.0,60.0,60.0,12.0,14.75,5,4,290.0,290.0,CONDITIONAL_PASS_CANDIDATE,,
S4-B-PTOX040.0-Z320.0-FX45.0-FY20.0-FZ30.0,4,B,100.0,320.0,45.0,20.0,30.0,88.75,235.0,185.0,4.75,5.0,65.0,60.0,12.0,14.75,5,4,290.0,290.0,CONDITIONAL_PASS_CANDIDATE,,
S4-B-PTOX040.0-Z320.0-FX45.0-FY22.5-FZ10.0,4,B,100.0,320.0,45.0,22.5,10.0,91.25,215.0,185.0,2.25,7.5,45.0,60.0,10.25,12.25,5,4,290.0,290.0,CONDITIONAL_PASS_CANDIDATE,,
S4-B-PTOX040.0-Z320.0-FX45.0-FY22.5-FZ15.0,4,B,100.0,320.0,45.0,22.5,15.0,91.25,220.0,185.0,2.25,7.5,50.0,60.0,10.25,12.25,5,4,290.0,290.0,CONDITIONAL_PASS_CANDIDATE,,
S4-B-PTOX040.0-Z320.0-FX45.0-FY22.5-FZ20.0,4,B,100.0,320.0,45.0,22.5,20.0,91.25,225.0,185.0,2.25,7.5,55.0,60.0,10.25,12.25,5,4,290.0,290.0,CONDITIONAL_PASS_CANDIDATE,,
S4-B-PTOX040.0-Z320.0-FX45.0-FY22.5-FZ25.0,4,B,100.0,320.0,45.0,22.5,25.0,91.25,230.0,185.0,2.25,7.5,60.0,60.0,10.25,12.25,5,4,290.0,290.0,CONDITIONAL_PASS_CANDIDATE,,
S4-B-PTOX040.0-Z320.0-FX45.0-FY22.5-FZ30.0,4,B,100.0,320.0,45.0,22.5,30.0,91.25,235.0,185.0,2.25,7.5,65.0,60.0,10.25,12.25,5,4,290.0,290.0,CONDITIONAL_PASS_CANDIDATE,,
S4-B-PTOX040.0-Z320.0-FX45.0-FY25.0-FZ10.0,4,B,100.0,320.0,45.0,25.0,10.0,93.75,215.0,185.0,-0.25,10.0,45.0,60.0,7.75,9.75,3,4,290.0,290.0,FAIL,,BELT_SAFETY_ENVELOPE_INTERSECTS_FRAME
S4-B-PTOX040.0-Z320.0-FX45.0-FY25.0-FZ15.0,4,B,100.0,320.0,45.0,25.0,15.0,93.75,220.0,185.0,-0.25,10.0,50.0,60.0,7.75,9.75,3,4,290.0,290.0,FAIL,,BELT_SAFETY_ENVELOPE_INTERSECTS_FRAME
S4-B-PTOX040.0-Z320.0-FX45.0-FY25.0-FZ20.0,4,B,100.0,320.0,45.0,25.0,20.0,93.75,225.0,185.0,-0.25,10.0,55.0,60.0,7.75,9.75,3,4,290.0,290.0,FAIL,,BELT_SAFETY_ENVELOPE_INTERSECTS_FRAME
S4-B-PTOX040.0-Z320.0-FX45.0-FY25.0-FZ25.0,4,B,100.0,320.0,45.0,25.0,25.0,93.75,230.0,185.0,-0.25,10.0,60.0,60.0,7.75,9.75,3,4,290.0,290.0,FAIL,,BELT_SAFETY_ENVELOPE_INTERSECTS_FRAME
S4-B-PTOX040.0-Z320.0-FX45.0-FY25.0-FZ30.0,4,B,100.0,320.0,45.0,25.0,30.0,93.75,235.0,185.0,-0.25,10.0,65.0,60.0,7.75,9.75,3,4,290.0,290.0,FAIL,,BELT_SAFETY_ENVELOPE_INTERSECTS_FRAME
S4-B-PTOX040.0-Z320.0-FX50.0-FY15.0-FZ10.0,4,B,100.0,320.0,50.0,15.0,10.0,83.75,215.0,190.0,0.0,0.0,45.0,60.0,8.0,10.0,5,4,290.0,290.0,CONDITIONAL_PASS_CANDIDATE,,
S4-B-PTOX040.0-Z320.0-FX50.0-FY15.0-FZ15.0,4,B,100.0,320.0,50.0,15.0,15.0,83.75,220.0,190.0,0.0,0.0,50.0,60.0,8.0,10.0,5,4,290.0,290.0,CONDITIONAL_PASS_CANDIDATE,,
S4-B-PTOX040.0-Z320.0-FX50.0-FY15.0-FZ20.0,4,B,100.0,320.0,50.0,15.0,20.0,83.75,225.0,190.0,0.0,0.0,55.0,60.0,8.0,10.0,5,4,290.0,290.0,CONDITIONAL_PASS_CANDIDATE,,
S4-B-PTOX040.0-Z320.0-FX50.0-FY15.0-FZ25.0,4,B,100.0,320.0,50.0,15.0,25.0,83.75,230.0,190.0,0.0,0.0,60.0,60.0,8.0,10.0,5,4,290.0,290.0,CONDITIONAL_PASS_CANDIDATE,,
S4-B-PTOX040.0-Z320.0-FX50.0-FY15.0-FZ30.0,4,B,100.0,320.0,50.0,15.0,30.0,83.75,235.0,190.0,0.0,0.0,65.0,60.0,8.0,10.0,5,4,290.0,290.0,CONDITIONAL_PASS_CANDIDATE,,
S4-B-PTOX040.0-Z320.0-FX50.0-FY17.5-FZ10.0,4,B,100.0,320.0,50.0,17.5,10.0,86.25,215.0,190.0,2.5,2.5,45.0,60.0,10.5,12.5,5,4,290.0,290.0,CONDITIONAL_PASS_CANDIDATE,,
S4-B-PTOX040.0-Z320.0-FX50.0-FY17.5-FZ15.0,4,B,100.0,320.0,50.0,17.5,15.0,86.25,220.0,190.0,2.5,2.5,50.0,60.0,10.5,12.5,5,4,290.0,290.0,CONDITIONAL_PASS_CANDIDATE,,
S4-B-PTOX040.0-Z320.0-FX50.0-FY17.5-FZ20.0,4,B,100.0,320.0,50.0,17.5,20.0,86.25,225.0,190.0,2.5,2.5,55.0,60.0,10.5,12.5,5,4,290.0,290.0,CONDITIONAL_PASS_CANDIDATE,,
S4-B-PTOX040.0-Z320.0-FX50.0-FY17.5-FZ25.0,4,B,100.0,320.0,50.0,17.5,25.0,86.25,230.0,190.0,2.5,2.5,60.0,60.0,10.5,12.5,5,4,290.0,290.0,CONDITIONAL_PASS_CANDIDATE,,
S4-B-PTOX040.0-Z320.0-FX50.0-FY17.5-FZ30.0,4,B,100.0,320.0,50.0,17.5,30.0,86.25,235.0,190.0,2.5,2.5,65.0,60.0,10.5,12.5,5,4,290.0,290.0,CONDITIONAL_PASS_CANDIDATE,,
S4-B-PTOX040.0-Z320.0-FX50.0-FY20.0-FZ10.0,4,B,100.0,320.0,50.0,20.0,10.0,88.75,215.0,190.0,4.75,5.0,45.0,60.0,12.0,14.75,5,4,290.0,290.0,CONDITIONAL_PASS_CANDIDATE,,
S4-B-PTOX040.0-Z320.0-FX50.0-FY20.0-FZ15.0,4,B,100.0,320.0,50.0,20.0,15.0,88.75,220.0,190.0,4.75,5.0,50.0,60.0,12.0,14.75,5,4,290.0,290.0,CONDITIONAL_PASS_CANDIDATE,,
S4-B-PTOX040.0-Z320.0-FX50.0-FY20.0-FZ20.0,4,B,100.0,320.0,50.0,20.0,20.0,88.75,225.0,190.0,4.75,5.0,55.0,60.0,12.0,14.75,5,4,290.0,290.0,CONDITIONAL_PASS_CANDIDATE,,
S4-B-PTOX040.0-Z320.0-FX50.0-FY20.0-FZ25.0,4,B,100.0,320.0,50.0,20.0,25.0,88.75,230.0,190.0,4.75,5.0,60.0,60.0,12.0,14.75,5,4,290.0,290.0,CONDITIONAL_PASS_CANDIDATE,,
S4-B-PTOX040.0-Z320.0-FX50.0-FY20.0-FZ30.0,4,B,100.0,320.0,50.0,20.0,30.0,88.75,235.0,190.0,4.75,5.0,65.0,60.0,12.0,14.75,5,4,290.0,290.0,CONDITIONAL_PASS_CANDIDATE,,
S4-B-PTOX040.0-Z320.0-FX50.0-FY22.5-FZ10.0,4,B,100.0,320.0,50.0,22.5,10.0,91.25,215.0,190.0,2.25,7.5,45.0,60.0,10.25,12.25,5,4,290.0,290.0,CONDITIONAL_PASS_CANDIDATE,,
S4-B-PTOX040.0-Z320.0-FX50.0-FY22.5-FZ15.0,4,B,100.0,320.0,50.0,22.5,15.0,91.25,220.0,190.0,2.25,7.5,50.0,60.0,10.25,12.25,5,4,290.0,290.0,CONDITIONAL_PASS_CANDIDATE,,
S4-B-PTOX040.0-Z320.0-FX50.0-FY22.5-FZ20.0,4,B,100.0,320.0,50.0,22.5,20.0,91.25,225.0,190.0,2.25,7.5,55.0,60.0,10.25,12.25,5,4,290.0,290.0,CONDITIONAL_PASS_CANDIDATE,,
S4-B-PTOX040.0-Z320.0-FX50.0-FY22.5-FZ25.0,4,B,100.0,320.0,50.0,22.5,25.0,91.25,230.0,190.0,2.25,7.5,60.0,60.0,10.25,12.25,5,4,290.0,290.0,CONDITIONAL_PASS_CANDIDATE,,
S4-B-PTOX040.0-Z320.0-FX50.0-FY22.5-FZ30.0,4,B,100.0,320.0,50.0,22.5,30.0,91.25,235.0,190.0,2.25,7.5,65.0,60.0,10.25,12.25,5,4,290.0,290.0,CONDITIONAL_PASS_CANDIDATE,,
S4-B-PTOX040.0-Z320.0-FX50.0-FY25.0-FZ10.0,4,B,100.0,320.0,50.0,25.0,10.0,93.75,215.0,190.0,-0.25,10.0,45.0,60.0,7.75,9.75,3,4,290.0,290.0,FAIL,,BELT_SAFETY_ENVELOPE_INTERSECTS_FRAME
S4-B-PTOX040.0-Z320.0-FX50.0-FY25.0-FZ15.0,4,B,100.0,320.0,50.0,25.0,15.0,93.75,220.0,190.0,-0.25,10.0,50.0,60.0,7.75,9.75,3,4,290.0,290.0,FAIL,,BELT_SAFETY_ENVELOPE_INTERSECTS_FRAME
S4-B-PTOX040.0-Z320.0-FX50.0-FY25.0-FZ20.0,4,B,100.0,320.0,50.0,25.0,20.0,93.75,225.0,190.0,-0.25,10.0,55.0,60.0,7.75,9.75,3,4,290.0,290.0,FAIL,,BELT_SAFETY_ENVELOPE_INTERSECTS_FRAME
S4-B-PTOX040.0-Z320.0-FX50.0-FY25.0-FZ25.0,4,B,100.0,320.0,50.0,25.0,25.0,93.75,230.0,190.0,-0.25,10.0,60.0,60.0,7.75,9.75,3,4,290.0,290.0,FAIL,,BELT_SAFETY_ENVELOPE_INTERSECTS_FRAME
S4-B-PTOX040.0-Z320.0-FX50.0-FY25.0-FZ30.0,4,B,100.0,320.0,50.0,25.0,30.0,93.75,235.0,190.0,-0.25,10.0,65.0,60.0,7.75,9.75,3,4,290.0,290.0,FAIL,,BELT_SAFETY_ENVELOPE_INTERSECTS_FRAME
S4-B-PTOX050.0-Z320.0-FX30.0-FY15.0-FZ10.0,4,B,110.0,320.0,30.0,15.0,10.0,83.75,215.0,170.0,0.0,-10.0,45.0,60.0,8.0,10.0,5,4,290.0,290.0,FAIL,,PTO_ROTATION_ENVELOPE_INTERSECTS_FRAME
S4-B-PTOX050.0-Z320.0-FX30.0-FY15.0-FZ15.0,4,B,110.0,320.0,30.0,15.0,15.0,83.75,220.0,170.0,0.0,-10.0,50.0,60.0,8.0,10.0,5,4,290.0,290.0,FAIL,,PTO_ROTATION_ENVELOPE_INTERSECTS_FRAME
S4-B-PTOX050.0-Z320.0-FX30.0-FY15.0-FZ20.0,4,B,110.0,320.0,30.0,15.0,20.0,83.75,225.0,170.0,0.0,-10.0,55.0,60.0,8.0,10.0,5,4,290.0,290.0,FAIL,,PTO_ROTATION_ENVELOPE_INTERSECTS_FRAME
S4-B-PTOX050.0-Z320.0-FX30.0-FY15.0-FZ25.0,4,B,110.0,320.0,30.0,15.0,25.0,83.75,230.0,170.0,0.0,-10.0,60.0,60.0,8.0,10.0,5,4,290.0,290.0,FAIL,,PTO_ROTATION_ENVELOPE_INTERSECTS_FRAME
S4-B-PTOX050.0-Z320.0-FX30.0-FY15.0-FZ30.0,4,B,110.0,320.0,30.0,15.0,30.0,83.75,235.0,170.0,0.0,-10.0,65.0,60.0,8.0,10.0,5,4,290.0,290.0,FAIL,,PTO_ROTATION_ENVELOPE_INTERSECTS_FRAME
S4-B-PTOX050.0-Z320.0-FX30.0-FY17.5-FZ10.0,4,B,110.0,320.0,30.0,17.5,10.0,86.25,215.0,170.0,2.5,-10.0,45.0,60.0,10.5,12.5,5,4,290.0,290.0,FAIL,,PTO_ROTATION_ENVELOPE_INTERSECTS_FRAME
S4-B-PTOX050.0-Z320.0-FX30.0-FY17.5-FZ15.0,4,B,110.0,320.0,30.0,17.5,15.0,86.25,220.0,170.0,2.5,-10.0,50.0,60.0,10.5,12.5,5,4,290.0,290.0,FAIL,,PTO_ROTATION_ENVELOPE_INTERSECTS_FRAME
S4-B-PTOX050.0-Z320.0-FX30.0-FY17.5-FZ20.0,4,B,110.0,320.0,30.0,17.5,20.0,86.25,225.0,170.0,2.5,-10.0,55.0,60.0,10.5,12.5,5,4,290.0,290.0,FAIL,,PTO_ROTATION_ENVELOPE_INTERSECTS_FRAME
S4-B-PTOX050.0-Z320.0-FX30.0-FY17.5-FZ25.0,4,B,110.0,320.0,30.0,17.5,25.0,86.25,230.0,170.0,2.5,-10.0,60.0,60.0,10.5,12.5,5,4,290.0,290.0,FAIL,,PTO_ROTATION_ENVELOPE_INTERSECTS_FRAME
S4-B-PTOX050.0-Z320.0-FX30.0-FY17.5-FZ30.0,4,B,110.0,320.0,30.0,17.5,30.0,86.25,235.0,170.0,2.5,-10.0,65.0,60.0,10.5,12.5,5,4,290.0,290.0,FAIL,,PTO_ROTATION_ENVELOPE_INTERSECTS_FRAME
S4-B-PTOX050.0-Z320.0-FX30.0-FY20.0-FZ10.0,4,B,110.0,320.0,30.0,20.0,10.0,88.75,215.0,170.0,4.75,-10.0,45.0,60.0,12.0,14.75,5,4,290.0,290.0,FAIL,,PTO_ROTATION_ENVELOPE_INTERSECTS_FRAME
S4-B-PTOX050.0-Z320.0-FX30.0-FY20.0-FZ15.0,4,B,110.0,320.0,30.0,20.0,15.0,88.75,220.0,170.0,4.75,-10.0,50.0,60.0,12.0,14.75,5,4,290.0,290.0,FAIL,,PTO_ROTATION_ENVELOPE_INTERSECTS_FRAME
S4-B-PTOX050.0-Z320.0-FX30.0-FY20.0-FZ20.0,4,B,110.0,320.0,30.0,20.0,20.0,88.75,225.0,170.0,4.75,-10.0,55.0,60.0,12.0,14.75,5,4,290.0,290.0,FAIL,,PTO_ROTATION_ENVELOPE_INTERSECTS_FRAME
S4-B-PTOX050.0-Z320.0-FX30.0-FY20.0-FZ25.0,4,B,110.0,320.0,30.0,20.0,25.0,88.75,230.0,170.0,4.75,-10.0,60.0,60.0,12.0,14.75,5,4,290.0,290.0,FAIL,,PTO_ROTATION_ENVELOPE_INTERSECTS_FRAME
S4-B-PTOX050.0-Z320.0-FX30.0-FY20.0-FZ30.0,4,B,110.0,320.0,30.0,20.0,30.0,88.75,235.0,170.0,4.75,-10.0,65.0,60.0,12.0,14.75,5,4,290.0,290.0,FAIL,,PTO_ROTATION_ENVELOPE_INTERSECTS_FRAME
S4-B-PTOX050.0-Z320.0-FX30.0-FY22.5-FZ10.0,4,B,110.0,320.0,30.0,22.5,10.0,91.25,215.0,170.0,2.25,-10.0,45.0,60.0,10.25,12.25,5,4,290.0,290.0,FAIL,,PTO_ROTATION_ENVELOPE_INTERSECTS_FRAME
S4-B-PTOX050.0-Z320.0-FX30.0-FY22.5-FZ15.0,4,B,110.0,320.0,30.0,22.5,15.0,91.25,220.0,170.0,2.25,-10.0,50.0,60.0,10.25,12.25,5,4,290.0,290.0,FAIL,,PTO_ROTATION_ENVELOPE_INTERSECTS_FRAME
S4-B-PTOX050.0-Z320.0-FX30.0-FY22.5-FZ20.0,4,B,110.0,320.0,30.0,22.5,20.0,91.25,225.0,170.0,2.25,-10.0,55.0,60.0,10.25,12.25,5,4,290.0,290.0,FAIL,,PTO_ROTATION_ENVELOPE_INTERSECTS_FRAME
S4-B-PTOX050.0-Z320.0-FX30.0-FY22.5-FZ25.0,4,B,110.0,320.0,30.0,22.5,25.0,91.25,230.0,170.0,2.25,-10.0,60.0,60.0,10.25,12.25,5,4,290.0,290.0,FAIL,,PTO_ROTATION_ENVELOPE_INTERSECTS_FRAME
S4-B-PTOX050.0-Z320.0-FX30.0-FY22.5-FZ30.0,4,B,110.0,320.0,30.0,22.5,30.0,91.25,235.0,170.0,2.25,-10.0,65.0,60.0,10.25,12.25,5,4,290.0,290.0,FAIL,,PTO_ROTATION_ENVELOPE_INTERSECTS_FRAME
S4-B-PTOX050.0-Z320.0-FX30.0-FY25.0-FZ10.0,4,B,110.0,320.0,30.0,25.0,10.0,93.75,215.0,170.0,-0.25,-10.0,45.0,60.0,7.75,9.75,3,4,290.0,290.0,FAIL,,BELT_SAFETY_ENVELOPE_INTERSECTS_FRAME|PTO_ROTATION_ENVELOPE_INTERSECTS_FRAME
S4-B-PTOX050.0-Z320.0-FX30.0-FY25.0-FZ15.0,4,B,110.0,320.0,30.0,25.0,15.0,93.75,220.0,170.0,-0.25,-10.0,50.0,60.0,7.75,9.75,3,4,290.0,290.0,FAIL,,BELT_SAFETY_ENVELOPE_INTERSECTS_FRAME|PTO_ROTATION_ENVELOPE_INTERSECTS_FRAME
S4-B-PTOX050.0-Z320.0-FX30.0-FY25.0-FZ20.0,4,B,110.0,320.0,30.0,25.0,20.0,93.75,225.0,170.0,-0.25,-10.0,55.0,60.0,7.75,9.75,3,4,290.0,290.0,FAIL,,BELT_SAFETY_ENVELOPE_INTERSECTS_FRAME|PTO_ROTATION_ENVELOPE_INTERSECTS_FRAME
S4-B-PTOX050.0-Z320.0-FX30.0-FY25.0-FZ25.0,4,B,110.0,320.0,30.0,25.0,25.0,93.75,230.0,170.0,-0.25,-10.0,60.0,60.0,7.75,9.75,3,4,290.0,290.0,FAIL,,BELT_SAFETY_ENVELOPE_INTERSECTS_FRAME|PTO_ROTATION_ENVELOPE_INTERSECTS_FRAME
S4-B-PTOX050.0-Z320.0-FX30.0-FY25.0-FZ30.0,4,B,110.0,320.0,30.0,25.0,30.0,93.75,235.0,170.0,-0.25,-10.0,65.0,60.0,7.75,9.75,3,4,290.0,290.0,FAIL,,BELT_SAFETY_ENVELOPE_INTERSECTS_FRAME|PTO_ROTATION_ENVELOPE_INTERSECTS_FRAME
S4-B-PTOX050.0-Z320.0-FX35.0-FY15.0-FZ10.0,4,B,110.0,320.0,35.0,15.0,10.0,83.75,215.0,175.0,0.0,-5.0,45.0,60.0,8.0,10.0,5,4,290.0,290.0,FAIL,,PTO_ROTATION_ENVELOPE_INTERSECTS_FRAME
S4-B-PTOX050.0-Z320.0-FX35.0-FY15.0-FZ15.0,4,B,110.0,320.0,35.0,15.0,15.0,83.75,220.0,175.0,0.0,-5.0,50.0,60.0,8.0,10.0,5,4,290.0,290.0,FAIL,,PTO_ROTATION_ENVELOPE_INTERSECTS_FRAME
S4-B-PTOX050.0-Z320.0-FX35.0-FY15.0-FZ20.0,4,B,110.0,320.0,35.0,15.0,20.0,83.75,225.0,175.0,0.0,-5.0,55.0,60.0,8.0,10.0,5,4,290.0,290.0,FAIL,,PTO_ROTATION_ENVELOPE_INTERSECTS_FRAME
S4-B-PTOX050.0-Z320.0-FX35.0-FY15.0-FZ25.0,4,B,110.0,320.0,35.0,15.0,25.0,83.75,230.0,175.0,0.0,-5.0,60.0,60.0,8.0,10.0,5,4,290.0,290.0,FAIL,,PTO_ROTATION_ENVELOPE_INTERSECTS_FRAME
S4-B-PTOX050.0-Z320.0-FX35.0-FY15.0-FZ30.0,4,B,110.0,320.0,35.0,15.0,30.0,83.75,235.0,175.0,0.0,-5.0,65.0,60.0,8.0,10.0,5,4,290.0,290.0,FAIL,,PTO_ROTATION_ENVELOPE_INTERSECTS_FRAME
S4-B-PTOX050.0-Z320.0-FX35.0-FY17.5-FZ10.0,4,B,110.0,320.0,35.0,17.5,10.0,86.25,215.0,175.0,2.5,-5.0,45.0,60.0,10.5,12.5,5,4,290.0,290.0,FAIL,,PTO_ROTATION_ENVELOPE_INTERSECTS_FRAME
S4-B-PTOX050.0-Z320.0-FX35.0-FY17.5-FZ15.0,4,B,110.0,320.0,35.0,17.5,15.0,86.25,220.0,175.0,2.5,-5.0,50.0,60.0,10.5,12.5,5,4,290.0,290.0,FAIL,,PTO_ROTATION_ENVELOPE_INTERSECTS_FRAME
S4-B-PTOX050.0-Z320.0-FX35.0-FY17.5-FZ20.0,4,B,110.0,320.0,35.0,17.5,20.0,86.25,225.0,175.0,2.5,-5.0,55.0,60.0,10.5,12.5,5,4,290.0,290.0,FAIL,,PTO_ROTATION_ENVELOPE_INTERSECTS_FRAME
S4-B-PTOX050.0-Z320.0-FX35.0-FY17.5-FZ25.0,4,B,110.0,320.0,35.0,17.5,25.0,86.25,230.0,175.0,2.5,-5.0,60.0,60.0,10.5,12.5,5,4,290.0,290.0,FAIL,,PTO_ROTATION_ENVELOPE_INTERSECTS_FRAME
S4-B-PTOX050.0-Z320.0-FX35.0-FY17.5-FZ30.0,4,B,110.0,320.0,35.0,17.5,30.0,86.25,235.0,175.0,2.5,-5.0,65.0,60.0,10.5,12.5,5,4,290.0,290.0,FAIL,,PTO_ROTATION_ENVELOPE_INTERSECTS_FRAME
S4-B-PTOX050.0-Z320.0-FX35.0-FY20.0-FZ10.0,4,B,110.0,320.0,35.0,20.0,10.0,88.75,215.0,175.0,4.75,-5.0,45.0,60.0,12.0,14.75,5,4,290.0,290.0,FAIL,,PTO_ROTATION_ENVELOPE_INTERSECTS_FRAME
S4-B-PTOX050.0-Z320.0-FX35.0-FY20.0-FZ15.0,4,B,110.0,320.0,35.0,20.0,15.0,88.75,220.0,175.0,4.75,-5.0,50.0,60.0,12.0,14.75,5,4,290.0,290.0,FAIL,,PTO_ROTATION_ENVELOPE_INTERSECTS_FRAME
S4-B-PTOX050.0-Z320.0-FX35.0-FY20.0-FZ20.0,4,B,110.0,320.0,35.0,20.0,20.0,88.75,225.0,175.0,4.75,-5.0,55.0,60.0,12.0,14.75,5,4,290.0,290.0,FAIL,,PTO_ROTATION_ENVELOPE_INTERSECTS_FRAME
S4-B-PTOX050.0-Z320.0-FX35.0-FY20.0-FZ25.0,4,B,110.0,320.0,35.0,20.0,25.0,88.75,230.0,175.0,4.75,-5.0,60.0,60.0,12.0,14.75,5,4,290.0,290.0,FAIL,,PTO_ROTATION_ENVELOPE_INTERSECTS_FRAME
S4-B-PTOX050.0-Z320.0-FX35.0-FY20.0-FZ30.0,4,B,110.0,320.0,35.0,20.0,30.0,88.75,235.0,175.0,4.75,-5.0,65.0,60.0,12.0,14.75,5,4,290.0,290.0,FAIL,,PTO_ROTATION_ENVELOPE_INTERSECTS_FRAME
S4-B-PTOX050.0-Z320.0-FX35.0-FY22.5-FZ10.0,4,B,110.0,320.0,35.0,22.5,10.0,91.25,215.0,175.0,2.25,-5.0,45.0,60.0,10.25,12.25,5,4,290.0,290.0,FAIL,,PTO_ROTATION_ENVELOPE_INTERSECTS_FRAME
S4-B-PTOX050.0-Z320.0-FX35.0-FY22.5-FZ15.0,4,B,110.0,320.0,35.0,22.5,15.0,91.25,220.0,175.0,2.25,-5.0,50.0,60.0,10.25,12.25,5,4,290.0,290.0,FAIL,,PTO_ROTATION_ENVELOPE_INTERSECTS_FRAME
S4-B-PTOX050.0-Z320.0-FX35.0-FY22.5-FZ20.0,4,B,110.0,320.0,35.0,22.5,20.0,91.25,225.0,175.0,2.25,-5.0,55.0,60.0,10.25,12.25,5,4,290.0,290.0,FAIL,,PTO_ROTATION_ENVELOPE_INTERSECTS_FRAME
S4-B-PTOX050.0-Z320.0-FX35.0-FY22.5-FZ25.0,4,B,110.0,320.0,35.0,22.5,25.0,91.25,230.0,175.0,2.25,-5.0,60.0,60.0,10.25,12.25,5,4,290.0,290.0,FAIL,,PTO_ROTATION_ENVELOPE_INTERSECTS_FRAME
S4-B-PTOX050.0-Z320.0-FX35.0-FY22.5-FZ30.0,4,B,110.0,320.0,35.0,22.5,30.0,91.25,235.0,175.0,2.25,-5.0,65.0,60.0,10.25,12.25,5,4,290.0,290.0,FAIL,,PTO_ROTATION_ENVELOPE_INTERSECTS_FRAME
S4-B-PTOX050.0-Z320.0-FX35.0-FY25.0-FZ10.0,4,B,110.0,320.0,35.0,25.0,10.0,93.75,215.0,175.0,-0.25,-5.0,45.0,60.0,7.75,9.75,3,4,290.0,290.0,FAIL,,BELT_SAFETY_ENVELOPE_INTERSECTS_FRAME|PTO_ROTATION_ENVELOPE_INTERSECTS_FRAME
S4-B-PTOX050.0-Z320.0-FX35.0-FY25.0-FZ15.0,4,B,110.0,320.0,35.0,25.0,15.0,93.75,220.0,175.0,-0.25,-5.0,50.0,60.0,7.75,9.75,3,4,290.0,290.0,FAIL,,BELT_SAFETY_ENVELOPE_INTERSECTS_FRAME|PTO_ROTATION_ENVELOPE_INTERSECTS_FRAME
S4-B-PTOX050.0-Z320.0-FX35.0-FY25.0-FZ20.0,4,B,110.0,320.0,35.0,25.0,20.0,93.75,225.0,175.0,-0.25,-5.0,55.0,60.0,7.75,9.75,3,4,290.0,290.0,FAIL,,BELT_SAFETY_ENVELOPE_INTERSECTS_FRAME|PTO_ROTATION_ENVELOPE_INTERSECTS_FRAME
S4-B-PTOX050.0-Z320.0-FX35.0-FY25.0-FZ25.0,4,B,110.0,320.0,35.0,25.0,25.0,93.75,230.0,175.0,-0.25,-5.0,60.0,60.0,7.75,9.75,3,4,290.0,290.0,FAIL,,BELT_SAFETY_ENVELOPE_INTERSECTS_FRAME|PTO_ROTATION_ENVELOPE_INTERSECTS_FRAME
S4-B-PTOX050.0-Z320.0-FX35.0-FY25.0-FZ30.0,4,B,110.0,320.0,35.0,25.0,30.0,93.75,235.0,175.0,-0.25,-5.0,65.0,60.0,7.75,9.75,3,4,290.0,290.0,FAIL,,BELT_SAFETY_ENVELOPE_INTERSECTS_FRAME|PTO_ROTATION_ENVELOPE_INTERSECTS_FRAME
S4-B-PTOX050.0-Z320.0-FX40.0-FY15.0-FZ10.0,4,B,110.0,320.0,40.0,15.0,10.0,83.75,215.0,180.0,0.0,0.0,45.0,60.0,8.0,10.0,5,4,290.0,290.0,CONDITIONAL_PASS_CANDIDATE,,
S4-B-PTOX050.0-Z320.0-FX40.0-FY15.0-FZ15.0,4,B,110.0,320.0,40.0,15.0,15.0,83.75,220.0,180.0,0.0,0.0,50.0,60.0,8.0,10.0,5,4,290.0,290.0,CONDITIONAL_PASS_CANDIDATE,,
S4-B-PTOX050.0-Z320.0-FX40.0-FY15.0-FZ20.0,4,B,110.0,320.0,40.0,15.0,20.0,83.75,225.0,180.0,0.0,0.0,55.0,60.0,8.0,10.0,5,4,290.0,290.0,CONDITIONAL_PASS_CANDIDATE,,
S4-B-PTOX050.0-Z320.0-FX40.0-FY15.0-FZ25.0,4,B,110.0,320.0,40.0,15.0,25.0,83.75,230.0,180.0,0.0,0.0,60.0,60.0,8.0,10.0,5,4,290.0,290.0,CONDITIONAL_PASS_CANDIDATE,,
S4-B-PTOX050.0-Z320.0-FX40.0-FY15.0-FZ30.0,4,B,110.0,320.0,40.0,15.0,30.0,83.75,235.0,180.0,0.0,0.0,65.0,60.0,8.0,10.0,5,4,290.0,290.0,CONDITIONAL_PASS_CANDIDATE,,
S4-B-PTOX050.0-Z320.0-FX40.0-FY17.5-FZ10.0,4,B,110.0,320.0,40.0,17.5,10.0,86.25,215.0,180.0,2.5,0.0,45.0,60.0,10.5,12.5,5,4,290.0,290.0,CONDITIONAL_PASS_CANDIDATE,,
S4-B-PTOX050.0-Z320.0-FX40.0-FY17.5-FZ15.0,4,B,110.0,320.0,40.0,17.5,15.0,86.25,220.0,180.0,2.5,0.0,50.0,60.0,10.5,12.5,5,4,290.0,290.0,CONDITIONAL_PASS_CANDIDATE,,
S4-B-PTOX050.0-Z320.0-FX40.0-FY17.5-FZ20.0,4,B,110.0,320.0,40.0,17.5,20.0,86.25,225.0,180.0,2.5,0.0,55.0,60.0,10.5,12.5,5,4,290.0,290.0,CONDITIONAL_PASS_CANDIDATE,,
S4-B-PTOX050.0-Z320.0-FX40.0-FY17.5-FZ25.0,4,B,110.0,320.0,40.0,17.5,25.0,86.25,230.0,180.0,2.5,0.0,60.0,60.0,10.5,12.5,5,4,290.0,290.0,CONDITIONAL_PASS_CANDIDATE,,
S4-B-PTOX050.0-Z320.0-FX40.0-FY17.5-FZ30.0,4,B,110.0,320.0,40.0,17.5,30.0,86.25,235.0,180.0,2.5,0.0,65.0,60.0,10.5,12.5,5,4,290.0,290.0,CONDITIONAL_PASS_CANDIDATE,,
S4-B-PTOX050.0-Z320.0-FX40.0-FY20.0-FZ10.0,4,B,110.0,320.0,40.0,20.0,10.0,88.75,215.0,180.0,4.75,0.0,45.0,60.0,12.0,14.75,5,4,290.0,290.0,CONDITIONAL_PASS_CANDIDATE,,
S4-B-PTOX050.0-Z320.0-FX40.0-FY20.0-FZ15.0,4,B,110.0,320.0,40.0,20.0,15.0,88.75,220.0,180.0,4.75,0.0,50.0,60.0,12.0,14.75,5,4,290.0,290.0,CONDITIONAL_PASS_CANDIDATE,,
S4-B-PTOX050.0-Z320.0-FX40.0-FY20.0-FZ20.0,4,B,110.0,320.0,40.0,20.0,20.0,88.75,225.0,180.0,4.75,0.0,55.0,60.0,12.0,14.75,5,4,290.0,290.0,CONDITIONAL_PASS_CANDIDATE,,
S4-B-PTOX050.0-Z320.0-FX40.0-FY20.0-FZ25.0,4,B,110.0,320.0,40.0,20.0,25.0,88.75,230.0,180.0,4.75,0.0,60.0,60.0,12.0,14.75,5,4,290.0,290.0,CONDITIONAL_PASS_CANDIDATE,,
S4-B-PTOX050.0-Z320.0-FX40.0-FY20.0-FZ30.0,4,B,110.0,320.0,40.0,20.0,30.0,88.75,235.0,180.0,4.75,0.0,65.0,60.0,12.0,14.75,5,4,290.0,290.0,CONDITIONAL_PASS_CANDIDATE,,
S4-B-PTOX050.0-Z320.0-FX40.0-FY22.5-FZ10.0,4,B,110.0,320.0,40.0,22.5,10.0,91.25,215.0,180.0,2.25,0.0,45.0,60.0,10.25,12.25,5,4,290.0,290.0,CONDITIONAL_PASS_CANDIDATE,,
S4-B-PTOX050.0-Z320.0-FX40.0-FY22.5-FZ15.0,4,B,110.0,320.0,40.0,22.5,15.0,91.25,220.0,180.0,2.25,0.0,50.0,60.0,10.25,12.25,5,4,290.0,290.0,CONDITIONAL_PASS_CANDIDATE,,
S4-B-PTOX050.0-Z320.0-FX40.0-FY22.5-FZ20.0,4,B,110.0,320.0,40.0,22.5,20.0,91.25,225.0,180.0,2.25,0.0,55.0,60.0,10.25,12.25,5,4,290.0,290.0,CONDITIONAL_PASS_CANDIDATE,,
S4-B-PTOX050.0-Z320.0-FX40.0-FY22.5-FZ25.0,4,B,110.0,320.0,40.0,22.5,25.0,91.25,230.0,180.0,2.25,0.0,60.0,60.0,10.25,12.25,5,4,290.0,290.0,CONDITIONAL_PASS_CANDIDATE,,
S4-B-PTOX050.0-Z320.0-FX40.0-FY22.5-FZ30.0,4,B,110.0,320.0,40.0,22.5,30.0,91.25,235.0,180.0,2.25,0.0,65.0,60.0,10.25,12.25,5,4,290.0,290.0,CONDITIONAL_PASS_CANDIDATE,,
S4-B-PTOX050.0-Z320.0-FX40.0-FY25.0-FZ10.0,4,B,110.0,320.0,40.0,25.0,10.0,93.75,215.0,180.0,-0.25,0.0,45.0,60.0,7.75,9.75,3,4,290.0,290.0,FAIL,,BELT_SAFETY_ENVELOPE_INTERSECTS_FRAME
S4-B-PTOX050.0-Z320.0-FX40.0-FY25.0-FZ15.0,4,B,110.0,320.0,40.0,25.0,15.0,93.75,220.0,180.0,-0.25,0.0,50.0,60.0,7.75,9.75,3,4,290.0,290.0,FAIL,,BELT_SAFETY_ENVELOPE_INTERSECTS_FRAME
S4-B-PTOX050.0-Z320.0-FX40.0-FY25.0-FZ20.0,4,B,110.0,320.0,40.0,25.0,20.0,93.75,225.0,180.0,-0.25,0.0,55.0,60.0,7.75,9.75,3,4,290.0,290.0,FAIL,,BELT_SAFETY_ENVELOPE_INTERSECTS_FRAME
S4-B-PTOX050.0-Z320.0-FX40.0-FY25.0-FZ25.0,4,B,110.0,320.0,40.0,25.0,25.0,93.75,230.0,180.0,-0.25,0.0,60.0,60.0,7.75,9.75,3,4,290.0,290.0,FAIL,,BELT_SAFETY_ENVELOPE_INTERSECTS_FRAME
S4-B-PTOX050.0-Z320.0-FX40.0-FY25.0-FZ30.0,4,B,110.0,320.0,40.0,25.0,30.0,93.75,235.0,180.0,-0.25,0.0,65.0,60.0,7.75,9.75,3,4,290.0,290.0,FAIL,,BELT_SAFETY_ENVELOPE_INTERSECTS_FRAME
S4-B-PTOX050.0-Z320.0-FX45.0-FY15.0-FZ10.0,4,B,110.0,320.0,45.0,15.0,10.0,83.75,215.0,185.0,0.0,0.0,45.0,60.0,8.0,10.0,5,4,290.0,290.0,CONDITIONAL_PASS_CANDIDATE,,
S4-B-PTOX050.0-Z320.0-FX45.0-FY15.0-FZ15.0,4,B,110.0,320.0,45.0,15.0,15.0,83.75,220.0,185.0,0.0,0.0,50.0,60.0,8.0,10.0,5,4,290.0,290.0,CONDITIONAL_PASS_CANDIDATE,,
S4-B-PTOX050.0-Z320.0-FX45.0-FY15.0-FZ20.0,4,B,110.0,320.0,45.0,15.0,20.0,83.75,225.0,185.0,0.0,0.0,55.0,60.0,8.0,10.0,5,4,290.0,290.0,CONDITIONAL_PASS_CANDIDATE,,
S4-B-PTOX050.0-Z320.0-FX45.0-FY15.0-FZ25.0,4,B,110.0,320.0,45.0,15.0,25.0,83.75,230.0,185.0,0.0,0.0,60.0,60.0,8.0,10.0,5,4,290.0,290.0,CONDITIONAL_PASS_CANDIDATE,,
S4-B-PTOX050.0-Z320.0-FX45.0-FY15.0-FZ30.0,4,B,110.0,320.0,45.0,15.0,30.0,83.75,235.0,185.0,0.0,0.0,65.0,60.0,8.0,10.0,5,4,290.0,290.0,CONDITIONAL_PASS_CANDIDATE,,
S4-B-PTOX050.0-Z320.0-FX45.0-FY17.5-FZ10.0,4,B,110.0,320.0,45.0,17.5,10.0,86.25,215.0,185.0,2.5,2.5,45.0,60.0,10.5,12.5,5,4,290.0,290.0,CONDITIONAL_PASS_CANDIDATE,,
S4-B-PTOX050.0-Z320.0-FX45.0-FY17.5-FZ15.0,4,B,110.0,320.0,45.0,17.5,15.0,86.25,220.0,185.0,2.5,2.5,50.0,60.0,10.5,12.5,5,4,290.0,290.0,CONDITIONAL_PASS_CANDIDATE,,
S4-B-PTOX050.0-Z320.0-FX45.0-FY17.5-FZ20.0,4,B,110.0,320.0,45.0,17.5,20.0,86.25,225.0,185.0,2.5,2.5,55.0,60.0,10.5,12.5,5,4,290.0,290.0,CONDITIONAL_PASS_CANDIDATE,,
S4-B-PTOX050.0-Z320.0-FX45.0-FY17.5-FZ25.0,4,B,110.0,320.0,45.0,17.5,25.0,86.25,230.0,185.0,2.5,2.5,60.0,60.0,10.5,12.5,5,4,290.0,290.0,CONDITIONAL_PASS_CANDIDATE,,
S4-B-PTOX050.0-Z320.0-FX45.0-FY17.5-FZ30.0,4,B,110.0,320.0,45.0,17.5,30.0,86.25,235.0,185.0,2.5,2.5,65.0,60.0,10.5,12.5,5,4,290.0,290.0,CONDITIONAL_PASS_CANDIDATE,,
S4-B-PTOX050.0-Z320.0-FX45.0-FY20.0-FZ10.0,4,B,110.0,320.0,45.0,20.0,10.0,88.75,215.0,185.0,4.75,5.0,45.0,60.0,12.0,14.75,5,4,290.0,290.0,CONDITIONAL_PASS_CANDIDATE,,
S4-B-PTOX050.0-Z320.0-FX45.0-FY20.0-FZ15.0,4,B,110.0,320.0,45.0,20.0,15.0,88.75,220.0,185.0,4.75,5.0,50.0,60.0,12.0,14.75,5,4,290.0,290.0,CONDITIONAL_PASS_CANDIDATE,,
S4-B-PTOX050.0-Z320.0-FX45.0-FY20.0-FZ20.0,4,B,110.0,320.0,45.0,20.0,20.0,88.75,225.0,185.0,4.75,5.0,55.0,60.0,12.0,14.75,5,4,290.0,290.0,CONDITIONAL_PASS_CANDIDATE,,
S4-B-PTOX050.0-Z320.0-FX45.0-FY20.0-FZ25.0,4,B,110.0,320.0,45.0,20.0,25.0,88.75,230.0,185.0,4.75,5.0,60.0,60.0,12.0,14.75,5,4,290.0,290.0,CONDITIONAL_PASS_CANDIDATE,,
S4-B-PTOX050.0-Z320.0-FX45.0-FY20.0-FZ30.0,4,B,110.0,320.0,45.0,20.0,30.0,88.75,235.0,185.0,4.75,5.0,65.0,60.0,12.0,14.75,5,4,290.0,290.0,CONDITIONAL_PASS_CANDIDATE,,
S4-B-PTOX050.0-Z320.0-FX45.0-FY22.5-FZ10.0,4,B,110.0,320.0,45.0,22.5,10.0,91.25,215.0,185.0,2.25,5.0,45.0,60.0,10.25,12.25,5,4,290.0,290.0,CONDITIONAL_PASS_CANDIDATE,,
S4-B-PTOX050.0-Z320.0-FX45.0-FY22.5-FZ15.0,4,B,110.0,320.0,45.0,22.5,15.0,91.25,220.0,185.0,2.25,5.0,50.0,60.0,10.25,12.25,5,4,290.0,290.0,CONDITIONAL_PASS_CANDIDATE,,
S4-B-PTOX050.0-Z320.0-FX45.0-FY22.5-FZ20.0,4,B,110.0,320.0,45.0,22.5,20.0,91.25,225.0,185.0,2.25,5.0,55.0,60.0,10.25,12.25,5,4,290.0,290.0,CONDITIONAL_PASS_CANDIDATE,,
S4-B-PTOX050.0-Z320.0-FX45.0-FY22.5-FZ25.0,4,B,110.0,320.0,45.0,22.5,25.0,91.25,230.0,185.0,2.25,5.0,60.0,60.0,10.25,12.25,5,4,290.0,290.0,CONDITIONAL_PASS_CANDIDATE,,
S4-B-PTOX050.0-Z320.0-FX45.0-FY22.5-FZ30.0,4,B,110.0,320.0,45.0,22.5,30.0,91.25,235.0,185.0,2.25,5.0,65.0,60.0,10.25,12.25,5,4,290.0,290.0,CONDITIONAL_PASS_CANDIDATE,,
S4-B-PTOX050.0-Z320.0-FX45.0-FY25.0-FZ10.0,4,B,110.0,320.0,45.0,25.0,10.0,93.75,215.0,185.0,-0.25,5.0,45.0,60.0,7.75,9.75,3,4,290.0,290.0,FAIL,,BELT_SAFETY_ENVELOPE_INTERSECTS_FRAME
S4-B-PTOX050.0-Z320.0-FX45.0-FY25.0-FZ15.0,4,B,110.0,320.0,45.0,25.0,15.0,93.75,220.0,185.0,-0.25,5.0,50.0,60.0,7.75,9.75,3,4,290.0,290.0,FAIL,,BELT_SAFETY_ENVELOPE_INTERSECTS_FRAME
S4-B-PTOX050.0-Z320.0-FX45.0-FY25.0-FZ20.0,4,B,110.0,320.0,45.0,25.0,20.0,93.75,225.0,185.0,-0.25,5.0,55.0,60.0,7.75,9.75,3,4,290.0,290.0,FAIL,,BELT_SAFETY_ENVELOPE_INTERSECTS_FRAME
S4-B-PTOX050.0-Z320.0-FX45.0-FY25.0-FZ25.0,4,B,110.0,320.0,45.0,25.0,25.0,93.75,230.0,185.0,-0.25,5.0,60.0,60.0,7.75,9.75,3,4,290.0,290.0,FAIL,,BELT_SAFETY_ENVELOPE_INTERSECTS_FRAME
S4-B-PTOX050.0-Z320.0-FX45.0-FY25.0-FZ30.0,4,B,110.0,320.0,45.0,25.0,30.0,93.75,235.0,185.0,-0.25,5.0,65.0,60.0,7.75,9.75,3,4,290.0,290.0,FAIL,,BELT_SAFETY_ENVELOPE_INTERSECTS_FRAME
S4-B-PTOX050.0-Z320.0-FX50.0-FY15.0-FZ10.0,4,B,110.0,320.0,50.0,15.0,10.0,83.75,215.0,190.0,0.0,0.0,45.0,60.0,8.0,10.0,5,4,290.0,290.0,CONDITIONAL_PASS_CANDIDATE,,
S4-B-PTOX050.0-Z320.0-FX50.0-FY15.0-FZ15.0,4,B,110.0,320.0,50.0,15.0,15.0,83.75,220.0,190.0,0.0,0.0,50.0,60.0,8.0,10.0,5,4,290.0,290.0,CONDITIONAL_PASS_CANDIDATE,,
S4-B-PTOX050.0-Z320.0-FX50.0-FY15.0-FZ20.0,4,B,110.0,320.0,50.0,15.0,20.0,83.75,225.0,190.0,0.0,0.0,55.0,60.0,8.0,10.0,5,4,290.0,290.0,CONDITIONAL_PASS_CANDIDATE,,
S4-B-PTOX050.0-Z320.0-FX50.0-FY15.0-FZ25.0,4,B,110.0,320.0,50.0,15.0,25.0,83.75,230.0,190.0,0.0,0.0,60.0,60.0,8.0,10.0,5,4,290.0,290.0,CONDITIONAL_PASS_CANDIDATE,,
S4-B-PTOX050.0-Z320.0-FX50.0-FY15.0-FZ30.0,4,B,110.0,320.0,50.0,15.0,30.0,83.75,235.0,190.0,0.0,0.0,65.0,60.0,8.0,10.0,5,4,290.0,290.0,CONDITIONAL_PASS_CANDIDATE,,
S4-B-PTOX050.0-Z320.0-FX50.0-FY17.5-FZ10.0,4,B,110.0,320.0,50.0,17.5,10.0,86.25,215.0,190.0,2.5,2.5,45.0,60.0,10.5,12.5,5,4,290.0,290.0,CONDITIONAL_PASS_CANDIDATE,,
S4-B-PTOX050.0-Z320.0-FX50.0-FY17.5-FZ15.0,4,B,110.0,320.0,50.0,17.5,15.0,86.25,220.0,190.0,2.5,2.5,50.0,60.0,10.5,12.5,5,4,290.0,290.0,CONDITIONAL_PASS_CANDIDATE,,
S4-B-PTOX050.0-Z320.0-FX50.0-FY17.5-FZ20.0,4,B,110.0,320.0,50.0,17.5,20.0,86.25,225.0,190.0,2.5,2.5,55.0,60.0,10.5,12.5,5,4,290.0,290.0,CONDITIONAL_PASS_CANDIDATE,,
S4-B-PTOX050.0-Z320.0-FX50.0-FY17.5-FZ25.0,4,B,110.0,320.0,50.0,17.5,25.0,86.25,230.0,190.0,2.5,2.5,60.0,60.0,10.5,12.5,5,4,290.0,290.0,CONDITIONAL_PASS_CANDIDATE,,
S4-B-PTOX050.0-Z320.0-FX50.0-FY17.5-FZ30.0,4,B,110.0,320.0,50.0,17.5,30.0,86.25,235.0,190.0,2.5,2.5,65.0,60.0,10.5,12.5,5,4,290.0,290.0,CONDITIONAL_PASS_CANDIDATE,,
S4-B-PTOX050.0-Z320.0-FX50.0-FY20.0-FZ10.0,4,B,110.0,320.0,50.0,20.0,10.0,88.75,215.0,190.0,4.75,5.0,45.0,60.0,12.0,14.75,5,4,290.0,290.0,CONDITIONAL_PASS_CANDIDATE,,
S4-B-PTOX050.0-Z320.0-FX50.0-FY20.0-FZ15.0,4,B,110.0,320.0,50.0,20.0,15.0,88.75,220.0,190.0,4.75,5.0,50.0,60.0,12.0,14.75,5,4,290.0,290.0,CONDITIONAL_PASS_CANDIDATE,,
S4-B-PTOX050.0-Z320.0-FX50.0-FY20.0-FZ20.0,4,B,110.0,320.0,50.0,20.0,20.0,88.75,225.0,190.0,4.75,5.0,55.0,60.0,12.0,14.75,5,4,290.0,290.0,CONDITIONAL_PASS_CANDIDATE,,
S4-B-PTOX050.0-Z320.0-FX50.0-FY20.0-FZ25.0,4,B,110.0,320.0,50.0,20.0,25.0,88.75,230.0,190.0,4.75,5.0,60.0,60.0,12.0,14.75,5,4,290.0,290.0,CONDITIONAL_PASS_CANDIDATE,,
S4-B-PTOX050.0-Z320.0-FX50.0-FY20.0-FZ30.0,4,B,110.0,320.0,50.0,20.0,30.0,88.75,235.0,190.0,4.75,5.0,65.0,60.0,12.0,14.75,5,4,290.0,290.0,CONDITIONAL_PASS_CANDIDATE,,
S4-B-PTOX050.0-Z320.0-FX50.0-FY22.5-FZ10.0,4,B,110.0,320.0,50.0,22.5,10.0,91.25,215.0,190.0,2.25,7.5,45.0,60.0,10.25,12.25,5,4,290.0,290.0,CONDITIONAL_PASS_CANDIDATE,,
S4-B-PTOX050.0-Z320.0-FX50.0-FY22.5-FZ15.0,4,B,110.0,320.0,50.0,22.5,15.0,91.25,220.0,190.0,2.25,7.5,50.0,60.0,10.25,12.25,5,4,290.0,290.0,CONDITIONAL_PASS_CANDIDATE,,
S4-B-PTOX050.0-Z320.0-FX50.0-FY22.5-FZ20.0,4,B,110.0,320.0,50.0,22.5,20.0,91.25,225.0,190.0,2.25,7.5,55.0,60.0,10.25,12.25,5,4,290.0,290.0,CONDITIONAL_PASS_CANDIDATE,,
S4-B-PTOX050.0-Z320.0-FX50.0-FY22.5-FZ25.0,4,B,110.0,320.0,50.0,22.5,25.0,91.25,230.0,190.0,2.25,7.5,60.0,60.0,10.25,12.25,5,4,290.0,290.0,CONDITIONAL_PASS_CANDIDATE,,
S4-B-PTOX050.0-Z320.0-FX50.0-FY22.5-FZ30.0,4,B,110.0,320.0,50.0,22.5,30.0,91.25,235.0,190.0,2.25,7.5,65.0,60.0,10.25,12.25,5,4,290.0,290.0,CONDITIONAL_PASS_CANDIDATE,,
S4-B-PTOX050.0-Z320.0-FX50.0-FY25.0-FZ10.0,4,B,110.0,320.0,50.0,25.0,10.0,93.75,215.0,190.0,-0.25,10.0,45.0,60.0,7.75,9.75,3,4,290.0,290.0,FAIL,,BELT_SAFETY_ENVELOPE_INTERSECTS_FRAME
S4-B-PTOX050.0-Z320.0-FX50.0-FY25.0-FZ15.0,4,B,110.0,320.0,50.0,25.0,15.0,93.75,220.0,190.0,-0.25,10.0,50.0,60.0,7.75,9.75,3,4,290.0,290.0,FAIL,,BELT_SAFETY_ENVELOPE_INTERSECTS_FRAME
S4-B-PTOX050.0-Z320.0-FX50.0-FY25.0-FZ20.0,4,B,110.0,320.0,50.0,25.0,20.0,93.75,225.0,190.0,-0.25,10.0,55.0,60.0,7.75,9.75,3,4,290.0,290.0,FAIL,,BELT_SAFETY_ENVELOPE_INTERSECTS_FRAME
S4-B-PTOX050.0-Z320.0-FX50.0-FY25.0-FZ25.0,4,B,110.0,320.0,50.0,25.0,25.0,93.75,230.0,190.0,-0.25,10.0,60.0,60.0,7.75,9.75,3,4,290.0,290.0,FAIL,,BELT_SAFETY_ENVELOPE_INTERSECTS_FRAME
S4-B-PTOX050.0-Z320.0-FX50.0-FY25.0-FZ30.0,4,B,110.0,320.0,50.0,25.0,30.0,93.75,235.0,190.0,-0.25,10.0,65.0,60.0,7.75,9.75,3,4,290.0,290.0,FAIL,,BELT_SAFETY_ENVELOPE_INTERSECTS_FRAME
S4-B-PTOX030.0-Z330.0-FX30.0-FY15.0-FZ10.0,4,B,90.0,330.0,30.0,15.0,10.0,83.75,215.0,170.0,0.0,0.0,45.0,50.0,8.0,10.0,5,4,290.0,290.0,CONDITIONAL_PASS_CANDIDATE,,
S4-B-PTOX030.0-Z330.0-FX30.0-FY15.0-FZ15.0,4,B,90.0,330.0,30.0,15.0,15.0,83.75,220.0,170.0,0.0,0.0,50.0,50.0,8.0,10.0,5,4,290.0,290.0,CONDITIONAL_PASS_CANDIDATE,,
S4-B-PTOX030.0-Z330.0-FX30.0-FY15.0-FZ20.0,4,B,90.0,330.0,30.0,15.0,20.0,83.75,225.0,170.0,0.0,0.0,55.0,50.0,8.0,10.0,5,4,290.0,290.0,CONDITIONAL_PASS_CANDIDATE,,
S4-B-PTOX030.0-Z330.0-FX30.0-FY15.0-FZ25.0,4,B,90.0,330.0,30.0,15.0,25.0,83.75,230.0,170.0,0.0,0.0,60.0,50.0,8.0,10.0,5,4,290.0,290.0,CONDITIONAL_PASS_CANDIDATE,,
S4-B-PTOX030.0-Z330.0-FX30.0-FY15.0-FZ30.0,4,B,90.0,330.0,30.0,15.0,30.0,83.75,235.0,170.0,0.0,0.0,65.0,50.0,8.0,10.0,5,4,290.0,290.0,CONDITIONAL_PASS_CANDIDATE,,
S4-B-PTOX030.0-Z330.0-FX30.0-FY17.5-FZ10.0,4,B,90.0,330.0,30.0,17.5,10.0,86.25,215.0,170.0,2.5,2.5,45.0,50.0,10.5,12.5,5,4,290.0,290.0,CONDITIONAL_PASS_CANDIDATE,,
S4-B-PTOX030.0-Z330.0-FX30.0-FY17.5-FZ15.0,4,B,90.0,330.0,30.0,17.5,15.0,86.25,220.0,170.0,2.5,2.5,50.0,50.0,10.5,12.5,5,4,290.0,290.0,CONDITIONAL_PASS_CANDIDATE,,
S4-B-PTOX030.0-Z330.0-FX30.0-FY17.5-FZ20.0,4,B,90.0,330.0,30.0,17.5,20.0,86.25,225.0,170.0,2.5,2.5,55.0,50.0,10.5,12.5,5,4,290.0,290.0,CONDITIONAL_PASS_CANDIDATE,,
S4-B-PTOX030.0-Z330.0-FX30.0-FY17.5-FZ25.0,4,B,90.0,330.0,30.0,17.5,25.0,86.25,230.0,170.0,2.5,2.5,60.0,50.0,10.5,12.5,5,4,290.0,290.0,CONDITIONAL_PASS_CANDIDATE,,
S4-B-PTOX030.0-Z330.0-FX30.0-FY17.5-FZ30.0,4,B,90.0,330.0,30.0,17.5,30.0,86.25,235.0,170.0,2.5,2.5,65.0,50.0,10.5,12.5,5,4,290.0,290.0,CONDITIONAL_PASS_CANDIDATE,,
S4-B-PTOX030.0-Z330.0-FX30.0-FY20.0-FZ10.0,4,B,90.0,330.0,30.0,20.0,10.0,88.75,215.0,170.0,4.75,5.0,45.0,50.0,12.0,14.75,5,4,290.0,290.0,CONDITIONAL_PASS_CANDIDATE,,
S4-B-PTOX030.0-Z330.0-FX30.0-FY20.0-FZ15.0,4,B,90.0,330.0,30.0,20.0,15.0,88.75,220.0,170.0,4.75,5.0,50.0,50.0,12.0,14.75,5,4,290.0,290.0,CONDITIONAL_PASS_CANDIDATE,,
S4-B-PTOX030.0-Z330.0-FX30.0-FY20.0-FZ20.0,4,B,90.0,330.0,30.0,20.0,20.0,88.75,225.0,170.0,4.75,5.0,55.0,50.0,12.0,14.75,5,4,290.0,290.0,CONDITIONAL_PASS_CANDIDATE,,
S4-B-PTOX030.0-Z330.0-FX30.0-FY20.0-FZ25.0,4,B,90.0,330.0,30.0,20.0,25.0,88.75,230.0,170.0,4.75,5.0,60.0,50.0,12.0,14.75,5,4,290.0,290.0,CONDITIONAL_PASS_CANDIDATE,,
S4-B-PTOX030.0-Z330.0-FX30.0-FY20.0-FZ30.0,4,B,90.0,330.0,30.0,20.0,30.0,88.75,235.0,170.0,4.75,5.0,65.0,50.0,12.0,14.75,5,4,290.0,290.0,CONDITIONAL_PASS_CANDIDATE,,
S4-B-PTOX030.0-Z330.0-FX30.0-FY22.5-FZ10.0,4,B,90.0,330.0,30.0,22.5,10.0,91.25,215.0,170.0,2.25,7.5,45.0,50.0,10.25,12.25,5,4,290.0,290.0,CONDITIONAL_PASS_CANDIDATE,,
S4-B-PTOX030.0-Z330.0-FX30.0-FY22.5-FZ15.0,4,B,90.0,330.0,30.0,22.5,15.0,91.25,220.0,170.0,2.25,7.5,50.0,50.0,10.25,12.25,5,4,290.0,290.0,CONDITIONAL_PASS_CANDIDATE,,
S4-B-PTOX030.0-Z330.0-FX30.0-FY22.5-FZ20.0,4,B,90.0,330.0,30.0,22.5,20.0,91.25,225.0,170.0,2.25,7.5,55.0,50.0,10.25,12.25,5,4,290.0,290.0,CONDITIONAL_PASS_CANDIDATE,,
S4-B-PTOX030.0-Z330.0-FX30.0-FY22.5-FZ25.0,4,B,90.0,330.0,30.0,22.5,25.0,91.25,230.0,170.0,2.25,7.5,60.0,50.0,10.25,12.25,5,4,290.0,290.0,CONDITIONAL_PASS_CANDIDATE,,
S4-B-PTOX030.0-Z330.0-FX30.0-FY22.5-FZ30.0,4,B,90.0,330.0,30.0,22.5,30.0,91.25,235.0,170.0,2.25,7.5,65.0,50.0,10.25,12.25,5,4,290.0,290.0,CONDITIONAL_PASS_CANDIDATE,,
S4-B-PTOX030.0-Z330.0-FX30.0-FY25.0-FZ10.0,4,B,90.0,330.0,30.0,25.0,10.0,93.75,215.0,170.0,-0.25,10.0,45.0,50.0,7.75,9.75,3,4,290.0,290.0,FAIL,,BELT_SAFETY_ENVELOPE_INTERSECTS_FRAME
S4-B-PTOX030.0-Z330.0-FX30.0-FY25.0-FZ15.0,4,B,90.0,330.0,30.0,25.0,15.0,93.75,220.0,170.0,-0.25,10.0,50.0,50.0,7.75,9.75,3,4,290.0,290.0,FAIL,,BELT_SAFETY_ENVELOPE_INTERSECTS_FRAME
S4-B-PTOX030.0-Z330.0-FX30.0-FY25.0-FZ20.0,4,B,90.0,330.0,30.0,25.0,20.0,93.75,225.0,170.0,-0.25,10.0,55.0,50.0,7.75,9.75,3,4,290.0,290.0,FAIL,,BELT_SAFETY_ENVELOPE_INTERSECTS_FRAME
S4-B-PTOX030.0-Z330.0-FX30.0-FY25.0-FZ25.0,4,B,90.0,330.0,30.0,25.0,25.0,93.75,230.0,170.0,-0.25,10.0,60.0,50.0,7.75,9.75,3,4,290.0,290.0,FAIL,,BELT_SAFETY_ENVELOPE_INTERSECTS_FRAME
S4-B-PTOX030.0-Z330.0-FX30.0-FY25.0-FZ30.0,4,B,90.0,330.0,30.0,25.0,30.0,93.75,235.0,170.0,-0.25,10.0,65.0,50.0,7.75,9.75,3,4,290.0,290.0,FAIL,,BELT_SAFETY_ENVELOPE_INTERSECTS_FRAME
S4-B-PTOX030.0-Z330.0-FX35.0-FY15.0-FZ10.0,4,B,90.0,330.0,35.0,15.0,10.0,83.75,215.0,175.0,0.0,0.0,45.0,50.0,8.0,10.0,5,4,290.0,290.0,CONDITIONAL_PASS_CANDIDATE,,
S4-B-PTOX030.0-Z330.0-FX35.0-FY15.0-FZ15.0,4,B,90.0,330.0,35.0,15.0,15.0,83.75,220.0,175.0,0.0,0.0,50.0,50.0,8.0,10.0,5,4,290.0,290.0,CONDITIONAL_PASS_CANDIDATE,,
S4-B-PTOX030.0-Z330.0-FX35.0-FY15.0-FZ20.0,4,B,90.0,330.0,35.0,15.0,20.0,83.75,225.0,175.0,0.0,0.0,55.0,50.0,8.0,10.0,5,4,290.0,290.0,CONDITIONAL_PASS_CANDIDATE,,
S4-B-PTOX030.0-Z330.0-FX35.0-FY15.0-FZ25.0,4,B,90.0,330.0,35.0,15.0,25.0,83.75,230.0,175.0,0.0,0.0,60.0,50.0,8.0,10.0,5,4,290.0,290.0,CONDITIONAL_PASS_CANDIDATE,,
S4-B-PTOX030.0-Z330.0-FX35.0-FY15.0-FZ30.0,4,B,90.0,330.0,35.0,15.0,30.0,83.75,235.0,175.0,0.0,0.0,65.0,50.0,8.0,10.0,5,4,290.0,290.0,CONDITIONAL_PASS_CANDIDATE,,
S4-B-PTOX030.0-Z330.0-FX35.0-FY17.5-FZ10.0,4,B,90.0,330.0,35.0,17.5,10.0,86.25,215.0,175.0,2.5,2.5,45.0,50.0,10.5,12.5,5,4,290.0,290.0,CONDITIONAL_PASS_CANDIDATE,,
S4-B-PTOX030.0-Z330.0-FX35.0-FY17.5-FZ15.0,4,B,90.0,330.0,35.0,17.5,15.0,86.25,220.0,175.0,2.5,2.5,50.0,50.0,10.5,12.5,5,4,290.0,290.0,CONDITIONAL_PASS_CANDIDATE,,
S4-B-PTOX030.0-Z330.0-FX35.0-FY17.5-FZ20.0,4,B,90.0,330.0,35.0,17.5,20.0,86.25,225.0,175.0,2.5,2.5,55.0,50.0,10.5,12.5,5,4,290.0,290.0,CONDITIONAL_PASS_CANDIDATE,,
S4-B-PTOX030.0-Z330.0-FX35.0-FY17.5-FZ25.0,4,B,90.0,330.0,35.0,17.5,25.0,86.25,230.0,175.0,2.5,2.5,60.0,50.0,10.5,12.5,5,4,290.0,290.0,CONDITIONAL_PASS_CANDIDATE,,
S4-B-PTOX030.0-Z330.0-FX35.0-FY17.5-FZ30.0,4,B,90.0,330.0,35.0,17.5,30.0,86.25,235.0,175.0,2.5,2.5,65.0,50.0,10.5,12.5,5,4,290.0,290.0,CONDITIONAL_PASS_CANDIDATE,,
S4-B-PTOX030.0-Z330.0-FX35.0-FY20.0-FZ10.0,4,B,90.0,330.0,35.0,20.0,10.0,88.75,215.0,175.0,4.75,5.0,45.0,50.0,12.0,14.75,5,4,290.0,290.0,CONDITIONAL_PASS_CANDIDATE,,
S4-B-PTOX030.0-Z330.0-FX35.0-FY20.0-FZ15.0,4,B,90.0,330.0,35.0,20.0,15.0,88.75,220.0,175.0,4.75,5.0,50.0,50.0,12.0,14.75,5,4,290.0,290.0,CONDITIONAL_PASS_CANDIDATE,,
S4-B-PTOX030.0-Z330.0-FX35.0-FY20.0-FZ20.0,4,B,90.0,330.0,35.0,20.0,20.0,88.75,225.0,175.0,4.75,5.0,55.0,50.0,12.0,14.75,5,4,290.0,290.0,CONDITIONAL_PASS_CANDIDATE,,
S4-B-PTOX030.0-Z330.0-FX35.0-FY20.0-FZ25.0,4,B,90.0,330.0,35.0,20.0,25.0,88.75,230.0,175.0,4.75,5.0,60.0,50.0,12.0,14.75,5,4,290.0,290.0,CONDITIONAL_PASS_CANDIDATE,,
S4-B-PTOX030.0-Z330.0-FX35.0-FY20.0-FZ30.0,4,B,90.0,330.0,35.0,20.0,30.0,88.75,235.0,175.0,4.75,5.0,65.0,50.0,12.0,14.75,5,4,290.0,290.0,CONDITIONAL_PASS_CANDIDATE,,
S4-B-PTOX030.0-Z330.0-FX35.0-FY22.5-FZ10.0,4,B,90.0,330.0,35.0,22.5,10.0,91.25,215.0,175.0,2.25,7.5,45.0,50.0,10.25,12.25,5,4,290.0,290.0,CONDITIONAL_PASS_CANDIDATE,,
S4-B-PTOX030.0-Z330.0-FX35.0-FY22.5-FZ15.0,4,B,90.0,330.0,35.0,22.5,15.0,91.25,220.0,175.0,2.25,7.5,50.0,50.0,10.25,12.25,5,4,290.0,290.0,CONDITIONAL_PASS_CANDIDATE,,
S4-B-PTOX030.0-Z330.0-FX35.0-FY22.5-FZ20.0,4,B,90.0,330.0,35.0,22.5,20.0,91.25,225.0,175.0,2.25,7.5,55.0,50.0,10.25,12.25,5,4,290.0,290.0,CONDITIONAL_PASS_CANDIDATE,,
S4-B-PTOX030.0-Z330.0-FX35.0-FY22.5-FZ25.0,4,B,90.0,330.0,35.0,22.5,25.0,91.25,230.0,175.0,2.25,7.5,60.0,50.0,10.25,12.25,5,4,290.0,290.0,CONDITIONAL_PASS_CANDIDATE,,
S4-B-PTOX030.0-Z330.0-FX35.0-FY22.5-FZ30.0,4,B,90.0,330.0,35.0,22.5,30.0,91.25,235.0,175.0,2.25,7.5,65.0,50.0,10.25,12.25,5,4,290.0,290.0,CONDITIONAL_PASS_CANDIDATE,,
S4-B-PTOX030.0-Z330.0-FX35.0-FY25.0-FZ10.0,4,B,90.0,330.0,35.0,25.0,10.0,93.75,215.0,175.0,-0.25,10.0,45.0,50.0,7.75,9.75,3,4,290.0,290.0,FAIL,,BELT_SAFETY_ENVELOPE_INTERSECTS_FRAME
S4-B-PTOX030.0-Z330.0-FX35.0-FY25.0-FZ15.0,4,B,90.0,330.0,35.0,25.0,15.0,93.75,220.0,175.0,-0.25,10.0,50.0,50.0,7.75,9.75,3,4,290.0,290.0,FAIL,,BELT_SAFETY_ENVELOPE_INTERSECTS_FRAME
S4-B-PTOX030.0-Z330.0-FX35.0-FY25.0-FZ20.0,4,B,90.0,330.0,35.0,25.0,20.0,93.75,225.0,175.0,-0.25,10.0,55.0,50.0,7.75,9.75,3,4,290.0,290.0,FAIL,,BELT_SAFETY_ENVELOPE_INTERSECTS_FRAME
S4-B-PTOX030.0-Z330.0-FX35.0-FY25.0-FZ25.0,4,B,90.0,330.0,35.0,25.0,25.0,93.75,230.0,175.0,-0.25,10.0,60.0,50.0,7.75,9.75,3,4,290.0,290.0,FAIL,,BELT_SAFETY_ENVELOPE_INTERSECTS_FRAME
S4-B-PTOX030.0-Z330.0-FX35.0-FY25.0-FZ30.0,4,B,90.0,330.0,35.0,25.0,30.0,93.75,235.0,175.0,-0.25,10.0,65.0,50.0,7.75,9.75,3,4,290.0,290.0,FAIL,,BELT_SAFETY_ENVELOPE_INTERSECTS_FRAME
S4-B-PTOX030.0-Z330.0-FX40.0-FY15.0-FZ10.0,4,B,90.0,330.0,40.0,15.0,10.0,83.75,215.0,180.0,0.0,0.0,45.0,50.0,8.0,10.0,5,4,290.0,290.0,CONDITIONAL_PASS_CANDIDATE,,
S4-B-PTOX030.0-Z330.0-FX40.0-FY15.0-FZ15.0,4,B,90.0,330.0,40.0,15.0,15.0,83.75,220.0,180.0,0.0,0.0,50.0,50.0,8.0,10.0,5,4,290.0,290.0,CONDITIONAL_PASS_CANDIDATE,,
S4-B-PTOX030.0-Z330.0-FX40.0-FY15.0-FZ20.0,4,B,90.0,330.0,40.0,15.0,20.0,83.75,225.0,180.0,0.0,0.0,55.0,50.0,8.0,10.0,5,4,290.0,290.0,CONDITIONAL_PASS_CANDIDATE,,
S4-B-PTOX030.0-Z330.0-FX40.0-FY15.0-FZ25.0,4,B,90.0,330.0,40.0,15.0,25.0,83.75,230.0,180.0,0.0,0.0,60.0,50.0,8.0,10.0,5,4,290.0,290.0,CONDITIONAL_PASS_CANDIDATE,,
S4-B-PTOX030.0-Z330.0-FX40.0-FY15.0-FZ30.0,4,B,90.0,330.0,40.0,15.0,30.0,83.75,235.0,180.0,0.0,0.0,65.0,50.0,8.0,10.0,5,4,290.0,290.0,CONDITIONAL_PASS_CANDIDATE,,
S4-B-PTOX030.0-Z330.0-FX40.0-FY17.5-FZ10.0,4,B,90.0,330.0,40.0,17.5,10.0,86.25,215.0,180.0,2.5,2.5,45.0,50.0,10.5,12.5,5,4,290.0,290.0,CONDITIONAL_PASS_CANDIDATE,,
S4-B-PTOX030.0-Z330.0-FX40.0-FY17.5-FZ15.0,4,B,90.0,330.0,40.0,17.5,15.0,86.25,220.0,180.0,2.5,2.5,50.0,50.0,10.5,12.5,5,4,290.0,290.0,CONDITIONAL_PASS_CANDIDATE,,
S4-B-PTOX030.0-Z330.0-FX40.0-FY17.5-FZ20.0,4,B,90.0,330.0,40.0,17.5,20.0,86.25,225.0,180.0,2.5,2.5,55.0,50.0,10.5,12.5,5,4,290.0,290.0,CONDITIONAL_PASS_CANDIDATE,,
S4-B-PTOX030.0-Z330.0-FX40.0-FY17.5-FZ25.0,4,B,90.0,330.0,40.0,17.5,25.0,86.25,230.0,180.0,2.5,2.5,60.0,50.0,10.5,12.5,5,4,290.0,290.0,CONDITIONAL_PASS_CANDIDATE,,
S4-B-PTOX030.0-Z330.0-FX40.0-FY17.5-FZ30.0,4,B,90.0,330.0,40.0,17.5,30.0,86.25,235.0,180.0,2.5,2.5,65.0,50.0,10.5,12.5,5,4,290.0,290.0,CONDITIONAL_PASS_CANDIDATE,,
S4-B-PTOX030.0-Z330.0-FX40.0-FY20.0-FZ10.0,4,B,90.0,330.0,40.0,20.0,10.0,88.75,215.0,180.0,4.75,5.0,45.0,50.0,12.0,14.75,5,4,290.0,290.0,CONDITIONAL_PASS_CANDIDATE,,
S4-B-PTOX030.0-Z330.0-FX40.0-FY20.0-FZ15.0,4,B,90.0,330.0,40.0,20.0,15.0,88.75,220.0,180.0,4.75,5.0,50.0,50.0,12.0,14.75,5,4,290.0,290.0,CONDITIONAL_PASS_CANDIDATE,,
S4-B-PTOX030.0-Z330.0-FX40.0-FY20.0-FZ20.0,4,B,90.0,330.0,40.0,20.0,20.0,88.75,225.0,180.0,4.75,5.0,55.0,50.0,12.0,14.75,5,4,290.0,290.0,CONDITIONAL_PASS_CANDIDATE,,
S4-B-PTOX030.0-Z330.0-FX40.0-FY20.0-FZ25.0,4,B,90.0,330.0,40.0,20.0,25.0,88.75,230.0,180.0,4.75,5.0,60.0,50.0,12.0,14.75,5,4,290.0,290.0,CONDITIONAL_PASS_CANDIDATE,,
S4-B-PTOX030.0-Z330.0-FX40.0-FY20.0-FZ30.0,4,B,90.0,330.0,40.0,20.0,30.0,88.75,235.0,180.0,4.75,5.0,65.0,50.0,12.0,14.75,5,4,290.0,290.0,CONDITIONAL_PASS_CANDIDATE,,
S4-B-PTOX030.0-Z330.0-FX40.0-FY22.5-FZ10.0,4,B,90.0,330.0,40.0,22.5,10.0,91.25,215.0,180.0,2.25,7.5,45.0,50.0,10.25,12.25,5,4,290.0,290.0,CONDITIONAL_PASS_CANDIDATE,,
S4-B-PTOX030.0-Z330.0-FX40.0-FY22.5-FZ15.0,4,B,90.0,330.0,40.0,22.5,15.0,91.25,220.0,180.0,2.25,7.5,50.0,50.0,10.25,12.25,5,4,290.0,290.0,CONDITIONAL_PASS_CANDIDATE,,
S4-B-PTOX030.0-Z330.0-FX40.0-FY22.5-FZ20.0,4,B,90.0,330.0,40.0,22.5,20.0,91.25,225.0,180.0,2.25,7.5,55.0,50.0,10.25,12.25,5,4,290.0,290.0,CONDITIONAL_PASS_CANDIDATE,,
S4-B-PTOX030.0-Z330.0-FX40.0-FY22.5-FZ25.0,4,B,90.0,330.0,40.0,22.5,25.0,91.25,230.0,180.0,2.25,7.5,60.0,50.0,10.25,12.25,5,4,290.0,290.0,CONDITIONAL_PASS_CANDIDATE,,
S4-B-PTOX030.0-Z330.0-FX40.0-FY22.5-FZ30.0,4,B,90.0,330.0,40.0,22.5,30.0,91.25,235.0,180.0,2.25,7.5,65.0,50.0,10.25,12.25,5,4,290.0,290.0,CONDITIONAL_PASS_CANDIDATE,,
S4-B-PTOX030.0-Z330.0-FX40.0-FY25.0-FZ10.0,4,B,90.0,330.0,40.0,25.0,10.0,93.75,215.0,180.0,-0.25,10.0,45.0,50.0,7.75,9.75,3,4,290.0,290.0,FAIL,,BELT_SAFETY_ENVELOPE_INTERSECTS_FRAME
S4-B-PTOX030.0-Z330.0-FX40.0-FY25.0-FZ15.0,4,B,90.0,330.0,40.0,25.0,15.0,93.75,220.0,180.0,-0.25,10.0,50.0,50.0,7.75,9.75,3,4,290.0,290.0,FAIL,,BELT_SAFETY_ENVELOPE_INTERSECTS_FRAME
S4-B-PTOX030.0-Z330.0-FX40.0-FY25.0-FZ20.0,4,B,90.0,330.0,40.0,25.0,20.0,93.75,225.0,180.0,-0.25,10.0,55.0,50.0,7.75,9.75,3,4,290.0,290.0,FAIL,,BELT_SAFETY_ENVELOPE_INTERSECTS_FRAME
S4-B-PTOX030.0-Z330.0-FX40.0-FY25.0-FZ25.0,4,B,90.0,330.0,40.0,25.0,25.0,93.75,230.0,180.0,-0.25,10.0,60.0,50.0,7.75,9.75,3,4,290.0,290.0,FAIL,,BELT_SAFETY_ENVELOPE_INTERSECTS_FRAME
S4-B-PTOX030.0-Z330.0-FX40.0-FY25.0-FZ30.0,4,B,90.0,330.0,40.0,25.0,30.0,93.75,235.0,180.0,-0.25,10.0,65.0,50.0,7.75,9.75,3,4,290.0,290.0,FAIL,,BELT_SAFETY_ENVELOPE_INTERSECTS_FRAME
S4-B-PTOX030.0-Z330.0-FX45.0-FY15.0-FZ10.0,4,B,90.0,330.0,45.0,15.0,10.0,83.75,215.0,185.0,0.0,0.0,45.0,50.0,8.0,10.0,5,4,290.0,290.0,CONDITIONAL_PASS_CANDIDATE,,
S4-B-PTOX030.0-Z330.0-FX45.0-FY15.0-FZ15.0,4,B,90.0,330.0,45.0,15.0,15.0,83.75,220.0,185.0,0.0,0.0,50.0,50.0,8.0,10.0,5,4,290.0,290.0,CONDITIONAL_PASS_CANDIDATE,,
S4-B-PTOX030.0-Z330.0-FX45.0-FY15.0-FZ20.0,4,B,90.0,330.0,45.0,15.0,20.0,83.75,225.0,185.0,0.0,0.0,55.0,50.0,8.0,10.0,5,4,290.0,290.0,CONDITIONAL_PASS_CANDIDATE,,
S4-B-PTOX030.0-Z330.0-FX45.0-FY15.0-FZ25.0,4,B,90.0,330.0,45.0,15.0,25.0,83.75,230.0,185.0,0.0,0.0,60.0,50.0,8.0,10.0,5,4,290.0,290.0,CONDITIONAL_PASS_CANDIDATE,,
S4-B-PTOX030.0-Z330.0-FX45.0-FY15.0-FZ30.0,4,B,90.0,330.0,45.0,15.0,30.0,83.75,235.0,185.0,0.0,0.0,65.0,50.0,8.0,10.0,5,4,290.0,290.0,CONDITIONAL_PASS_CANDIDATE,,
S4-B-PTOX030.0-Z330.0-FX45.0-FY17.5-FZ10.0,4,B,90.0,330.0,45.0,17.5,10.0,86.25,215.0,185.0,2.5,2.5,45.0,50.0,10.5,12.5,5,4,290.0,290.0,CONDITIONAL_PASS_CANDIDATE,,
S4-B-PTOX030.0-Z330.0-FX45.0-FY17.5-FZ15.0,4,B,90.0,330.0,45.0,17.5,15.0,86.25,220.0,185.0,2.5,2.5,50.0,50.0,10.5,12.5,5,4,290.0,290.0,CONDITIONAL_PASS_CANDIDATE,,
S4-B-PTOX030.0-Z330.0-FX45.0-FY17.5-FZ20.0,4,B,90.0,330.0,45.0,17.5,20.0,86.25,225.0,185.0,2.5,2.5,55.0,50.0,10.5,12.5,5,4,290.0,290.0,CONDITIONAL_PASS_CANDIDATE,,
S4-B-PTOX030.0-Z330.0-FX45.0-FY17.5-FZ25.0,4,B,90.0,330.0,45.0,17.5,25.0,86.25,230.0,185.0,2.5,2.5,60.0,50.0,10.5,12.5,5,4,290.0,290.0,CONDITIONAL_PASS_CANDIDATE,,
S4-B-PTOX030.0-Z330.0-FX45.0-FY17.5-FZ30.0,4,B,90.0,330.0,45.0,17.5,30.0,86.25,235.0,185.0,2.5,2.5,65.0,50.0,10.5,12.5,5,4,290.0,290.0,CONDITIONAL_PASS_CANDIDATE,,
S4-B-PTOX030.0-Z330.0-FX45.0-FY20.0-FZ10.0,4,B,90.0,330.0,45.0,20.0,10.0,88.75,215.0,185.0,4.75,5.0,45.0,50.0,12.0,14.75,5,4,290.0,290.0,CONDITIONAL_PASS_CANDIDATE,,
S4-B-PTOX030.0-Z330.0-FX45.0-FY20.0-FZ15.0,4,B,90.0,330.0,45.0,20.0,15.0,88.75,220.0,185.0,4.75,5.0,50.0,50.0,12.0,14.75,5,4,290.0,290.0,CONDITIONAL_PASS_CANDIDATE,,
S4-B-PTOX030.0-Z330.0-FX45.0-FY20.0-FZ20.0,4,B,90.0,330.0,45.0,20.0,20.0,88.75,225.0,185.0,4.75,5.0,55.0,50.0,12.0,14.75,5,4,290.0,290.0,CONDITIONAL_PASS_CANDIDATE,,
S4-B-PTOX030.0-Z330.0-FX45.0-FY20.0-FZ25.0,4,B,90.0,330.0,45.0,20.0,25.0,88.75,230.0,185.0,4.75,5.0,60.0,50.0,12.0,14.75,5,4,290.0,290.0,CONDITIONAL_PASS_CANDIDATE,,
S4-B-PTOX030.0-Z330.0-FX45.0-FY20.0-FZ30.0,4,B,90.0,330.0,45.0,20.0,30.0,88.75,235.0,185.0,4.75,5.0,65.0,50.0,12.0,14.75,5,4,290.0,290.0,CONDITIONAL_PASS_CANDIDATE,,
S4-B-PTOX030.0-Z330.0-FX45.0-FY22.5-FZ10.0,4,B,90.0,330.0,45.0,22.5,10.0,91.25,215.0,185.0,2.25,7.5,45.0,50.0,10.25,12.25,5,4,290.0,290.0,CONDITIONAL_PASS_CANDIDATE,,
S4-B-PTOX030.0-Z330.0-FX45.0-FY22.5-FZ15.0,4,B,90.0,330.0,45.0,22.5,15.0,91.25,220.0,185.0,2.25,7.5,50.0,50.0,10.25,12.25,5,4,290.0,290.0,CONDITIONAL_PASS_CANDIDATE,,
S4-B-PTOX030.0-Z330.0-FX45.0-FY22.5-FZ20.0,4,B,90.0,330.0,45.0,22.5,20.0,91.25,225.0,185.0,2.25,7.5,55.0,50.0,10.25,12.25,5,4,290.0,290.0,CONDITIONAL_PASS_CANDIDATE,,
S4-B-PTOX030.0-Z330.0-FX45.0-FY22.5-FZ25.0,4,B,90.0,330.0,45.0,22.5,25.0,91.25,230.0,185.0,2.25,7.5,60.0,50.0,10.25,12.25,5,4,290.0,290.0,CONDITIONAL_PASS_CANDIDATE,,
S4-B-PTOX030.0-Z330.0-FX45.0-FY22.5-FZ30.0,4,B,90.0,330.0,45.0,22.5,30.0,91.25,235.0,185.0,2.25,7.5,65.0,50.0,10.25,12.25,5,4,290.0,290.0,CONDITIONAL_PASS_CANDIDATE,,
S4-B-PTOX030.0-Z330.0-FX45.0-FY25.0-FZ10.0,4,B,90.0,330.0,45.0,25.0,10.0,93.75,215.0,185.0,-0.25,10.0,45.0,50.0,7.75,9.75,3,4,290.0,290.0,FAIL,,BELT_SAFETY_ENVELOPE_INTERSECTS_FRAME
S4-B-PTOX030.0-Z330.0-FX45.0-FY25.0-FZ15.0,4,B,90.0,330.0,45.0,25.0,15.0,93.75,220.0,185.0,-0.25,10.0,50.0,50.0,7.75,9.75,3,4,290.0,290.0,FAIL,,BELT_SAFETY_ENVELOPE_INTERSECTS_FRAME
S4-B-PTOX030.0-Z330.0-FX45.0-FY25.0-FZ20.0,4,B,90.0,330.0,45.0,25.0,20.0,93.75,225.0,185.0,-0.25,10.0,55.0,50.0,7.75,9.75,3,4,290.0,290.0,FAIL,,BELT_SAFETY_ENVELOPE_INTERSECTS_FRAME
S4-B-PTOX030.0-Z330.0-FX45.0-FY25.0-FZ25.0,4,B,90.0,330.0,45.0,25.0,25.0,93.75,230.0,185.0,-0.25,10.0,60.0,50.0,7.75,9.75,3,4,290.0,290.0,FAIL,,BELT_SAFETY_ENVELOPE_INTERSECTS_FRAME
S4-B-PTOX030.0-Z330.0-FX45.0-FY25.0-FZ30.0,4,B,90.0,330.0,45.0,25.0,30.0,93.75,235.0,185.0,-0.25,10.0,65.0,50.0,7.75,9.75,3,4,290.0,290.0,FAIL,,BELT_SAFETY_ENVELOPE_INTERSECTS_FRAME
S4-B-PTOX030.0-Z330.0-FX50.0-FY15.0-FZ10.0,4,B,90.0,330.0,50.0,15.0,10.0,83.75,215.0,190.0,0.0,0.0,45.0,50.0,8.0,10.0,5,4,290.0,290.0,CONDITIONAL_PASS_CANDIDATE,,
S4-B-PTOX030.0-Z330.0-FX50.0-FY15.0-FZ15.0,4,B,90.0,330.0,50.0,15.0,15.0,83.75,220.0,190.0,0.0,0.0,50.0,50.0,8.0,10.0,5,4,290.0,290.0,CONDITIONAL_PASS_CANDIDATE,,
S4-B-PTOX030.0-Z330.0-FX50.0-FY15.0-FZ20.0,4,B,90.0,330.0,50.0,15.0,20.0,83.75,225.0,190.0,0.0,0.0,55.0,50.0,8.0,10.0,5,4,290.0,290.0,CONDITIONAL_PASS_CANDIDATE,,
S4-B-PTOX030.0-Z330.0-FX50.0-FY15.0-FZ25.0,4,B,90.0,330.0,50.0,15.0,25.0,83.75,230.0,190.0,0.0,0.0,60.0,50.0,8.0,10.0,5,4,290.0,290.0,CONDITIONAL_PASS_CANDIDATE,,
S4-B-PTOX030.0-Z330.0-FX50.0-FY15.0-FZ30.0,4,B,90.0,330.0,50.0,15.0,30.0,83.75,235.0,190.0,0.0,0.0,65.0,50.0,8.0,10.0,5,4,290.0,290.0,CONDITIONAL_PASS_CANDIDATE,,
S4-B-PTOX030.0-Z330.0-FX50.0-FY17.5-FZ10.0,4,B,90.0,330.0,50.0,17.5,10.0,86.25,215.0,190.0,2.5,2.5,45.0,50.0,10.5,12.5,5,4,290.0,290.0,CONDITIONAL_PASS_CANDIDATE,,
S4-B-PTOX030.0-Z330.0-FX50.0-FY17.5-FZ15.0,4,B,90.0,330.0,50.0,17.5,15.0,86.25,220.0,190.0,2.5,2.5,50.0,50.0,10.5,12.5,5,4,290.0,290.0,CONDITIONAL_PASS_CANDIDATE,,
S4-B-PTOX030.0-Z330.0-FX50.0-FY17.5-FZ20.0,4,B,90.0,330.0,50.0,17.5,20.0,86.25,225.0,190.0,2.5,2.5,55.0,50.0,10.5,12.5,5,4,290.0,290.0,CONDITIONAL_PASS_CANDIDATE,,
S4-B-PTOX030.0-Z330.0-FX50.0-FY17.5-FZ25.0,4,B,90.0,330.0,50.0,17.5,25.0,86.25,230.0,190.0,2.5,2.5,60.0,50.0,10.5,12.5,5,4,290.0,290.0,CONDITIONAL_PASS_CANDIDATE,,
S4-B-PTOX030.0-Z330.0-FX50.0-FY17.5-FZ30.0,4,B,90.0,330.0,50.0,17.5,30.0,86.25,235.0,190.0,2.5,2.5,65.0,50.0,10.5,12.5,5,4,290.0,290.0,CONDITIONAL_PASS_CANDIDATE,,
S4-B-PTOX030.0-Z330.0-FX50.0-FY20.0-FZ10.0,4,B,90.0,330.0,50.0,20.0,10.0,88.75,215.0,190.0,4.75,5.0,45.0,50.0,12.0,14.75,5,4,290.0,290.0,CONDITIONAL_PASS_CANDIDATE,,
S4-B-PTOX030.0-Z330.0-FX50.0-FY20.0-FZ15.0,4,B,90.0,330.0,50.0,20.0,15.0,88.75,220.0,190.0,4.75,5.0,50.0,50.0,12.0,14.75,5,4,290.0,290.0,CONDITIONAL_PASS_CANDIDATE,,
S4-B-PTOX030.0-Z330.0-FX50.0-FY20.0-FZ20.0,4,B,90.0,330.0,50.0,20.0,20.0,88.75,225.0,190.0,4.75,5.0,55.0,50.0,12.0,14.75,5,4,290.0,290.0,CONDITIONAL_PASS_CANDIDATE,,
S4-B-PTOX030.0-Z330.0-FX50.0-FY20.0-FZ25.0,4,B,90.0,330.0,50.0,20.0,25.0,88.75,230.0,190.0,4.75,5.0,60.0,50.0,12.0,14.75,5,4,290.0,290.0,CONDITIONAL_PASS_CANDIDATE,,
S4-B-PTOX030.0-Z330.0-FX50.0-FY20.0-FZ30.0,4,B,90.0,330.0,50.0,20.0,30.0,88.75,235.0,190.0,4.75,5.0,65.0,50.0,12.0,14.75,5,4,290.0,290.0,CONDITIONAL_PASS_CANDIDATE,,
S4-B-PTOX030.0-Z330.0-FX50.0-FY22.5-FZ10.0,4,B,90.0,330.0,50.0,22.5,10.0,91.25,215.0,190.0,2.25,7.5,45.0,50.0,10.25,12.25,5,4,290.0,290.0,CONDITIONAL_PASS_CANDIDATE,,
S4-B-PTOX030.0-Z330.0-FX50.0-FY22.5-FZ15.0,4,B,90.0,330.0,50.0,22.5,15.0,91.25,220.0,190.0,2.25,7.5,50.0,50.0,10.25,12.25,5,4,290.0,290.0,CONDITIONAL_PASS_CANDIDATE,,
S4-B-PTOX030.0-Z330.0-FX50.0-FY22.5-FZ20.0,4,B,90.0,330.0,50.0,22.5,20.0,91.25,225.0,190.0,2.25,7.5,55.0,50.0,10.25,12.25,5,4,290.0,290.0,CONDITIONAL_PASS_CANDIDATE,,
S4-B-PTOX030.0-Z330.0-FX50.0-FY22.5-FZ25.0,4,B,90.0,330.0,50.0,22.5,25.0,91.25,230.0,190.0,2.25,7.5,60.0,50.0,10.25,12.25,5,4,290.0,290.0,CONDITIONAL_PASS_CANDIDATE,,
S4-B-PTOX030.0-Z330.0-FX50.0-FY22.5-FZ30.0,4,B,90.0,330.0,50.0,22.5,30.0,91.25,235.0,190.0,2.25,7.5,65.0,50.0,10.25,12.25,5,4,290.0,290.0,CONDITIONAL_PASS_CANDIDATE,,
S4-B-PTOX030.0-Z330.0-FX50.0-FY25.0-FZ10.0,4,B,90.0,330.0,50.0,25.0,10.0,93.75,215.0,190.0,-0.25,10.0,45.0,50.0,7.75,9.75,3,4,290.0,290.0,FAIL,,BELT_SAFETY_ENVELOPE_INTERSECTS_FRAME
S4-B-PTOX030.0-Z330.0-FX50.0-FY25.0-FZ15.0,4,B,90.0,330.0,50.0,25.0,15.0,93.75,220.0,190.0,-0.25,10.0,50.0,50.0,7.75,9.75,3,4,290.0,290.0,FAIL,,BELT_SAFETY_ENVELOPE_INTERSECTS_FRAME
S4-B-PTOX030.0-Z330.0-FX50.0-FY25.0-FZ20.0,4,B,90.0,330.0,50.0,25.0,20.0,93.75,225.0,190.0,-0.25,10.0,55.0,50.0,7.75,9.75,3,4,290.0,290.0,FAIL,,BELT_SAFETY_ENVELOPE_INTERSECTS_FRAME
S4-B-PTOX030.0-Z330.0-FX50.0-FY25.0-FZ25.0,4,B,90.0,330.0,50.0,25.0,25.0,93.75,230.0,190.0,-0.25,10.0,60.0,50.0,7.75,9.75,3,4,290.0,290.0,FAIL,,BELT_SAFETY_ENVELOPE_INTERSECTS_FRAME
S4-B-PTOX030.0-Z330.0-FX50.0-FY25.0-FZ30.0,4,B,90.0,330.0,50.0,25.0,30.0,93.75,235.0,190.0,-0.25,10.0,65.0,50.0,7.75,9.75,3,4,290.0,290.0,FAIL,,BELT_SAFETY_ENVELOPE_INTERSECTS_FRAME
S4-B-PTOX040.0-Z330.0-FX30.0-FY15.0-FZ10.0,4,B,100.0,330.0,30.0,15.0,10.0,83.75,215.0,170.0,0.0,0.0,45.0,50.0,8.0,10.0,5,4,290.0,290.0,CONDITIONAL_PASS_CANDIDATE,,
S4-B-PTOX040.0-Z330.0-FX30.0-FY15.0-FZ15.0,4,B,100.0,330.0,30.0,15.0,15.0,83.75,220.0,170.0,0.0,0.0,50.0,50.0,8.0,10.0,5,4,290.0,290.0,CONDITIONAL_PASS_CANDIDATE,,
S4-B-PTOX040.0-Z330.0-FX30.0-FY15.0-FZ20.0,4,B,100.0,330.0,30.0,15.0,20.0,83.75,225.0,170.0,0.0,0.0,55.0,50.0,8.0,10.0,5,4,290.0,290.0,CONDITIONAL_PASS_CANDIDATE,,
S4-B-PTOX040.0-Z330.0-FX30.0-FY15.0-FZ25.0,4,B,100.0,330.0,30.0,15.0,25.0,83.75,230.0,170.0,0.0,0.0,60.0,50.0,8.0,10.0,5,4,290.0,290.0,CONDITIONAL_PASS_CANDIDATE,,
S4-B-PTOX040.0-Z330.0-FX30.0-FY15.0-FZ30.0,4,B,100.0,330.0,30.0,15.0,30.0,83.75,235.0,170.0,0.0,0.0,65.0,50.0,8.0,10.0,5,4,290.0,290.0,CONDITIONAL_PASS_CANDIDATE,,
S4-B-PTOX040.0-Z330.0-FX30.0-FY17.5-FZ10.0,4,B,100.0,330.0,30.0,17.5,10.0,86.25,215.0,170.0,2.5,0.0,45.0,50.0,10.5,12.5,5,4,290.0,290.0,CONDITIONAL_PASS_CANDIDATE,,
S4-B-PTOX040.0-Z330.0-FX30.0-FY17.5-FZ15.0,4,B,100.0,330.0,30.0,17.5,15.0,86.25,220.0,170.0,2.5,0.0,50.0,50.0,10.5,12.5,5,4,290.0,290.0,CONDITIONAL_PASS_CANDIDATE,,
S4-B-PTOX040.0-Z330.0-FX30.0-FY17.5-FZ20.0,4,B,100.0,330.0,30.0,17.5,20.0,86.25,225.0,170.0,2.5,0.0,55.0,50.0,10.5,12.5,5,4,290.0,290.0,CONDITIONAL_PASS_CANDIDATE,,
S4-B-PTOX040.0-Z330.0-FX30.0-FY17.5-FZ25.0,4,B,100.0,330.0,30.0,17.5,25.0,86.25,230.0,170.0,2.5,0.0,60.0,50.0,10.5,12.5,5,4,290.0,290.0,CONDITIONAL_PASS_CANDIDATE,,
S4-B-PTOX040.0-Z330.0-FX30.0-FY17.5-FZ30.0,4,B,100.0,330.0,30.0,17.5,30.0,86.25,235.0,170.0,2.5,0.0,65.0,50.0,10.5,12.5,5,4,290.0,290.0,CONDITIONAL_PASS_CANDIDATE,,
S4-B-PTOX040.0-Z330.0-FX30.0-FY20.0-FZ10.0,4,B,100.0,330.0,30.0,20.0,10.0,88.75,215.0,170.0,4.75,0.0,45.0,50.0,12.0,14.75,5,4,290.0,290.0,CONDITIONAL_PASS_CANDIDATE,,
S4-B-PTOX040.0-Z330.0-FX30.0-FY20.0-FZ15.0,4,B,100.0,330.0,30.0,20.0,15.0,88.75,220.0,170.0,4.75,0.0,50.0,50.0,12.0,14.75,5,4,290.0,290.0,CONDITIONAL_PASS_CANDIDATE,,
S4-B-PTOX040.0-Z330.0-FX30.0-FY20.0-FZ20.0,4,B,100.0,330.0,30.0,20.0,20.0,88.75,225.0,170.0,4.75,0.0,55.0,50.0,12.0,14.75,5,4,290.0,290.0,CONDITIONAL_PASS_CANDIDATE,,
S4-B-PTOX040.0-Z330.0-FX30.0-FY20.0-FZ25.0,4,B,100.0,330.0,30.0,20.0,25.0,88.75,230.0,170.0,4.75,0.0,60.0,50.0,12.0,14.75,5,4,290.0,290.0,CONDITIONAL_PASS_CANDIDATE,,
S4-B-PTOX040.0-Z330.0-FX30.0-FY20.0-FZ30.0,4,B,100.0,330.0,30.0,20.0,30.0,88.75,235.0,170.0,4.75,0.0,65.0,50.0,12.0,14.75,5,4,290.0,290.0,CONDITIONAL_PASS_CANDIDATE,,
S4-B-PTOX040.0-Z330.0-FX30.0-FY22.5-FZ10.0,4,B,100.0,330.0,30.0,22.5,10.0,91.25,215.0,170.0,2.25,0.0,45.0,50.0,10.25,12.25,5,4,290.0,290.0,CONDITIONAL_PASS_CANDIDATE,,
S4-B-PTOX040.0-Z330.0-FX30.0-FY22.5-FZ15.0,4,B,100.0,330.0,30.0,22.5,15.0,91.25,220.0,170.0,2.25,0.0,50.0,50.0,10.25,12.25,5,4,290.0,290.0,CONDITIONAL_PASS_CANDIDATE,,
S4-B-PTOX040.0-Z330.0-FX30.0-FY22.5-FZ20.0,4,B,100.0,330.0,30.0,22.5,20.0,91.25,225.0,170.0,2.25,0.0,55.0,50.0,10.25,12.25,5,4,290.0,290.0,CONDITIONAL_PASS_CANDIDATE,,
S4-B-PTOX040.0-Z330.0-FX30.0-FY22.5-FZ25.0,4,B,100.0,330.0,30.0,22.5,25.0,91.25,230.0,170.0,2.25,0.0,60.0,50.0,10.25,12.25,5,4,290.0,290.0,CONDITIONAL_PASS_CANDIDATE,,
S4-B-PTOX040.0-Z330.0-FX30.0-FY22.5-FZ30.0,4,B,100.0,330.0,30.0,22.5,30.0,91.25,235.0,170.0,2.25,0.0,65.0,50.0,10.25,12.25,5,4,290.0,290.0,CONDITIONAL_PASS_CANDIDATE,,
S4-B-PTOX040.0-Z330.0-FX30.0-FY25.0-FZ10.0,4,B,100.0,330.0,30.0,25.0,10.0,93.75,215.0,170.0,-0.25,0.0,45.0,50.0,7.75,9.75,3,4,290.0,290.0,FAIL,,BELT_SAFETY_ENVELOPE_INTERSECTS_FRAME
S4-B-PTOX040.0-Z330.0-FX30.0-FY25.0-FZ15.0,4,B,100.0,330.0,30.0,25.0,15.0,93.75,220.0,170.0,-0.25,0.0,50.0,50.0,7.75,9.75,3,4,290.0,290.0,FAIL,,BELT_SAFETY_ENVELOPE_INTERSECTS_FRAME
S4-B-PTOX040.0-Z330.0-FX30.0-FY25.0-FZ20.0,4,B,100.0,330.0,30.0,25.0,20.0,93.75,225.0,170.0,-0.25,0.0,55.0,50.0,7.75,9.75,3,4,290.0,290.0,FAIL,,BELT_SAFETY_ENVELOPE_INTERSECTS_FRAME
S4-B-PTOX040.0-Z330.0-FX30.0-FY25.0-FZ25.0,4,B,100.0,330.0,30.0,25.0,25.0,93.75,230.0,170.0,-0.25,0.0,60.0,50.0,7.75,9.75,3,4,290.0,290.0,FAIL,,BELT_SAFETY_ENVELOPE_INTERSECTS_FRAME
S4-B-PTOX040.0-Z330.0-FX30.0-FY25.0-FZ30.0,4,B,100.0,330.0,30.0,25.0,30.0,93.75,235.0,170.0,-0.25,0.0,65.0,50.0,7.75,9.75,3,4,290.0,290.0,FAIL,,BELT_SAFETY_ENVELOPE_INTERSECTS_FRAME
S4-B-PTOX040.0-Z330.0-FX35.0-FY15.0-FZ10.0,4,B,100.0,330.0,35.0,15.0,10.0,83.75,215.0,175.0,0.0,0.0,45.0,50.0,8.0,10.0,5,4,290.0,290.0,CONDITIONAL_PASS_CANDIDATE,,
S4-B-PTOX040.0-Z330.0-FX35.0-FY15.0-FZ15.0,4,B,100.0,330.0,35.0,15.0,15.0,83.75,220.0,175.0,0.0,0.0,50.0,50.0,8.0,10.0,5,4,290.0,290.0,CONDITIONAL_PASS_CANDIDATE,,
S4-B-PTOX040.0-Z330.0-FX35.0-FY15.0-FZ20.0,4,B,100.0,330.0,35.0,15.0,20.0,83.75,225.0,175.0,0.0,0.0,55.0,50.0,8.0,10.0,5,4,290.0,290.0,CONDITIONAL_PASS_CANDIDATE,,
S4-B-PTOX040.0-Z330.0-FX35.0-FY15.0-FZ25.0,4,B,100.0,330.0,35.0,15.0,25.0,83.75,230.0,175.0,0.0,0.0,60.0,50.0,8.0,10.0,5,4,290.0,290.0,CONDITIONAL_PASS_CANDIDATE,,
S4-B-PTOX040.0-Z330.0-FX35.0-FY15.0-FZ30.0,4,B,100.0,330.0,35.0,15.0,30.0,83.75,235.0,175.0,0.0,0.0,65.0,50.0,8.0,10.0,5,4,290.0,290.0,CONDITIONAL_PASS_CANDIDATE,,
S4-B-PTOX040.0-Z330.0-FX35.0-FY17.5-FZ10.0,4,B,100.0,330.0,35.0,17.5,10.0,86.25,215.0,175.0,2.5,2.5,45.0,50.0,10.5,12.5,5,4,290.0,290.0,CONDITIONAL_PASS_CANDIDATE,,
S4-B-PTOX040.0-Z330.0-FX35.0-FY17.5-FZ15.0,4,B,100.0,330.0,35.0,17.5,15.0,86.25,220.0,175.0,2.5,2.5,50.0,50.0,10.5,12.5,5,4,290.0,290.0,CONDITIONAL_PASS_CANDIDATE,,
S4-B-PTOX040.0-Z330.0-FX35.0-FY17.5-FZ20.0,4,B,100.0,330.0,35.0,17.5,20.0,86.25,225.0,175.0,2.5,2.5,55.0,50.0,10.5,12.5,5,4,290.0,290.0,CONDITIONAL_PASS_CANDIDATE,,
S4-B-PTOX040.0-Z330.0-FX35.0-FY17.5-FZ25.0,4,B,100.0,330.0,35.0,17.5,25.0,86.25,230.0,175.0,2.5,2.5,60.0,50.0,10.5,12.5,5,4,290.0,290.0,CONDITIONAL_PASS_CANDIDATE,,
S4-B-PTOX040.0-Z330.0-FX35.0-FY17.5-FZ30.0,4,B,100.0,330.0,35.0,17.5,30.0,86.25,235.0,175.0,2.5,2.5,65.0,50.0,10.5,12.5,5,4,290.0,290.0,CONDITIONAL_PASS_CANDIDATE,,
S4-B-PTOX040.0-Z330.0-FX35.0-FY20.0-FZ10.0,4,B,100.0,330.0,35.0,20.0,10.0,88.75,215.0,175.0,4.75,5.0,45.0,50.0,12.0,14.75,5,4,290.0,290.0,CONDITIONAL_PASS_CANDIDATE,,
S4-B-PTOX040.0-Z330.0-FX35.0-FY20.0-FZ15.0,4,B,100.0,330.0,35.0,20.0,15.0,88.75,220.0,175.0,4.75,5.0,50.0,50.0,12.0,14.75,5,4,290.0,290.0,CONDITIONAL_PASS_CANDIDATE,,
S4-B-PTOX040.0-Z330.0-FX35.0-FY20.0-FZ20.0,4,B,100.0,330.0,35.0,20.0,20.0,88.75,225.0,175.0,4.75,5.0,55.0,50.0,12.0,14.75,5,4,290.0,290.0,CONDITIONAL_PASS_CANDIDATE,,
S4-B-PTOX040.0-Z330.0-FX35.0-FY20.0-FZ25.0,4,B,100.0,330.0,35.0,20.0,25.0,88.75,230.0,175.0,4.75,5.0,60.0,50.0,12.0,14.75,5,4,290.0,290.0,CONDITIONAL_PASS_CANDIDATE,,
S4-B-PTOX040.0-Z330.0-FX35.0-FY20.0-FZ30.0,4,B,100.0,330.0,35.0,20.0,30.0,88.75,235.0,175.0,4.75,5.0,65.0,50.0,12.0,14.75,5,4,290.0,290.0,CONDITIONAL_PASS_CANDIDATE,,
S4-B-PTOX040.0-Z330.0-FX35.0-FY22.5-FZ10.0,4,B,100.0,330.0,35.0,22.5,10.0,91.25,215.0,175.0,2.25,5.0,45.0,50.0,10.25,12.25,5,4,290.0,290.0,CONDITIONAL_PASS_CANDIDATE,,
S4-B-PTOX040.0-Z330.0-FX35.0-FY22.5-FZ15.0,4,B,100.0,330.0,35.0,22.5,15.0,91.25,220.0,175.0,2.25,5.0,50.0,50.0,10.25,12.25,5,4,290.0,290.0,CONDITIONAL_PASS_CANDIDATE,,
S4-B-PTOX040.0-Z330.0-FX35.0-FY22.5-FZ20.0,4,B,100.0,330.0,35.0,22.5,20.0,91.25,225.0,175.0,2.25,5.0,55.0,50.0,10.25,12.25,5,4,290.0,290.0,CONDITIONAL_PASS_CANDIDATE,,
S4-B-PTOX040.0-Z330.0-FX35.0-FY22.5-FZ25.0,4,B,100.0,330.0,35.0,22.5,25.0,91.25,230.0,175.0,2.25,5.0,60.0,50.0,10.25,12.25,5,4,290.0,290.0,CONDITIONAL_PASS_CANDIDATE,,
S4-B-PTOX040.0-Z330.0-FX35.0-FY22.5-FZ30.0,4,B,100.0,330.0,35.0,22.5,30.0,91.25,235.0,175.0,2.25,5.0,65.0,50.0,10.25,12.25,5,4,290.0,290.0,CONDITIONAL_PASS_CANDIDATE,,
S4-B-PTOX040.0-Z330.0-FX35.0-FY25.0-FZ10.0,4,B,100.0,330.0,35.0,25.0,10.0,93.75,215.0,175.0,-0.25,5.0,45.0,50.0,7.75,9.75,3,4,290.0,290.0,FAIL,,BELT_SAFETY_ENVELOPE_INTERSECTS_FRAME
S4-B-PTOX040.0-Z330.0-FX35.0-FY25.0-FZ15.0,4,B,100.0,330.0,35.0,25.0,15.0,93.75,220.0,175.0,-0.25,5.0,50.0,50.0,7.75,9.75,3,4,290.0,290.0,FAIL,,BELT_SAFETY_ENVELOPE_INTERSECTS_FRAME
S4-B-PTOX040.0-Z330.0-FX35.0-FY25.0-FZ20.0,4,B,100.0,330.0,35.0,25.0,20.0,93.75,225.0,175.0,-0.25,5.0,55.0,50.0,7.75,9.75,3,4,290.0,290.0,FAIL,,BELT_SAFETY_ENVELOPE_INTERSECTS_FRAME
S4-B-PTOX040.0-Z330.0-FX35.0-FY25.0-FZ25.0,4,B,100.0,330.0,35.0,25.0,25.0,93.75,230.0,175.0,-0.25,5.0,60.0,50.0,7.75,9.75,3,4,290.0,290.0,FAIL,,BELT_SAFETY_ENVELOPE_INTERSECTS_FRAME
S4-B-PTOX040.0-Z330.0-FX35.0-FY25.0-FZ30.0,4,B,100.0,330.0,35.0,25.0,30.0,93.75,235.0,175.0,-0.25,5.0,65.0,50.0,7.75,9.75,3,4,290.0,290.0,FAIL,,BELT_SAFETY_ENVELOPE_INTERSECTS_FRAME
S4-B-PTOX040.0-Z330.0-FX40.0-FY15.0-FZ10.0,4,B,100.0,330.0,40.0,15.0,10.0,83.75,215.0,180.0,0.0,0.0,45.0,50.0,8.0,10.0,5,4,290.0,290.0,CONDITIONAL_PASS_CANDIDATE,,
S4-B-PTOX040.0-Z330.0-FX40.0-FY15.0-FZ15.0,4,B,100.0,330.0,40.0,15.0,15.0,83.75,220.0,180.0,0.0,0.0,50.0,50.0,8.0,10.0,5,4,290.0,290.0,CONDITIONAL_PASS_CANDIDATE,,
S4-B-PTOX040.0-Z330.0-FX40.0-FY15.0-FZ20.0,4,B,100.0,330.0,40.0,15.0,20.0,83.75,225.0,180.0,0.0,0.0,55.0,50.0,8.0,10.0,5,4,290.0,290.0,CONDITIONAL_PASS_CANDIDATE,,
S4-B-PTOX040.0-Z330.0-FX40.0-FY15.0-FZ25.0,4,B,100.0,330.0,40.0,15.0,25.0,83.75,230.0,180.0,0.0,0.0,60.0,50.0,8.0,10.0,5,4,290.0,290.0,CONDITIONAL_PASS_CANDIDATE,,
S4-B-PTOX040.0-Z330.0-FX40.0-FY15.0-FZ30.0,4,B,100.0,330.0,40.0,15.0,30.0,83.75,235.0,180.0,0.0,0.0,65.0,50.0,8.0,10.0,5,4,290.0,290.0,CONDITIONAL_PASS_CANDIDATE,,
S4-B-PTOX040.0-Z330.0-FX40.0-FY17.5-FZ10.0,4,B,100.0,330.0,40.0,17.5,10.0,86.25,215.0,180.0,2.5,2.5,45.0,50.0,10.5,12.5,5,4,290.0,290.0,CONDITIONAL_PASS_CANDIDATE,,
S4-B-PTOX040.0-Z330.0-FX40.0-FY17.5-FZ15.0,4,B,100.0,330.0,40.0,17.5,15.0,86.25,220.0,180.0,2.5,2.5,50.0,50.0,10.5,12.5,5,4,290.0,290.0,CONDITIONAL_PASS_CANDIDATE,,
S4-B-PTOX040.0-Z330.0-FX40.0-FY17.5-FZ20.0,4,B,100.0,330.0,40.0,17.5,20.0,86.25,225.0,180.0,2.5,2.5,55.0,50.0,10.5,12.5,5,4,290.0,290.0,CONDITIONAL_PASS_CANDIDATE,,
S4-B-PTOX040.0-Z330.0-FX40.0-FY17.5-FZ25.0,4,B,100.0,330.0,40.0,17.5,25.0,86.25,230.0,180.0,2.5,2.5,60.0,50.0,10.5,12.5,5,4,290.0,290.0,CONDITIONAL_PASS_CANDIDATE,,
S4-B-PTOX040.0-Z330.0-FX40.0-FY17.5-FZ30.0,4,B,100.0,330.0,40.0,17.5,30.0,86.25,235.0,180.0,2.5,2.5,65.0,50.0,10.5,12.5,5,4,290.0,290.0,CONDITIONAL_PASS_CANDIDATE,,
S4-B-PTOX040.0-Z330.0-FX40.0-FY20.0-FZ10.0,4,B,100.0,330.0,40.0,20.0,10.0,88.75,215.0,180.0,4.75,5.0,45.0,50.0,12.0,14.75,5,4,290.0,290.0,CONDITIONAL_PASS_CANDIDATE,,
S4-B-PTOX040.0-Z330.0-FX40.0-FY20.0-FZ15.0,4,B,100.0,330.0,40.0,20.0,15.0,88.75,220.0,180.0,4.75,5.0,50.0,50.0,12.0,14.75,5,4,290.0,290.0,CONDITIONAL_PASS_CANDIDATE,,
S4-B-PTOX040.0-Z330.0-FX40.0-FY20.0-FZ20.0,4,B,100.0,330.0,40.0,20.0,20.0,88.75,225.0,180.0,4.75,5.0,55.0,50.0,12.0,14.75,5,4,290.0,290.0,CONDITIONAL_PASS_CANDIDATE,,
S4-B-PTOX040.0-Z330.0-FX40.0-FY20.0-FZ25.0,4,B,100.0,330.0,40.0,20.0,25.0,88.75,230.0,180.0,4.75,5.0,60.0,50.0,12.0,14.75,5,4,290.0,290.0,CONDITIONAL_PASS_CANDIDATE,,
S4-B-PTOX040.0-Z330.0-FX40.0-FY20.0-FZ30.0,4,B,100.0,330.0,40.0,20.0,30.0,88.75,235.0,180.0,4.75,5.0,65.0,50.0,12.0,14.75,5,4,290.0,290.0,CONDITIONAL_PASS_CANDIDATE,,
S4-B-PTOX040.0-Z330.0-FX40.0-FY22.5-FZ10.0,4,B,100.0,330.0,40.0,22.5,10.0,91.25,215.0,180.0,2.25,7.5,45.0,50.0,10.25,12.25,5,4,290.0,290.0,CONDITIONAL_PASS_CANDIDATE,,
S4-B-PTOX040.0-Z330.0-FX40.0-FY22.5-FZ15.0,4,B,100.0,330.0,40.0,22.5,15.0,91.25,220.0,180.0,2.25,7.5,50.0,50.0,10.25,12.25,5,4,290.0,290.0,CONDITIONAL_PASS_CANDIDATE,,
S4-B-PTOX040.0-Z330.0-FX40.0-FY22.5-FZ20.0,4,B,100.0,330.0,40.0,22.5,20.0,91.25,225.0,180.0,2.25,7.5,55.0,50.0,10.25,12.25,5,4,290.0,290.0,CONDITIONAL_PASS_CANDIDATE,,
S4-B-PTOX040.0-Z330.0-FX40.0-FY22.5-FZ25.0,4,B,100.0,330.0,40.0,22.5,25.0,91.25,230.0,180.0,2.25,7.5,60.0,50.0,10.25,12.25,5,4,290.0,290.0,CONDITIONAL_PASS_CANDIDATE,,
S4-B-PTOX040.0-Z330.0-FX40.0-FY22.5-FZ30.0,4,B,100.0,330.0,40.0,22.5,30.0,91.25,235.0,180.0,2.25,7.5,65.0,50.0,10.25,12.25,5,4,290.0,290.0,CONDITIONAL_PASS_CANDIDATE,,
S4-B-PTOX040.0-Z330.0-FX40.0-FY25.0-FZ10.0,4,B,100.0,330.0,40.0,25.0,10.0,93.75,215.0,180.0,-0.25,10.0,45.0,50.0,7.75,9.75,3,4,290.0,290.0,FAIL,,BELT_SAFETY_ENVELOPE_INTERSECTS_FRAME
S4-B-PTOX040.0-Z330.0-FX40.0-FY25.0-FZ15.0,4,B,100.0,330.0,40.0,25.0,15.0,93.75,220.0,180.0,-0.25,10.0,50.0,50.0,7.75,9.75,3,4,290.0,290.0,FAIL,,BELT_SAFETY_ENVELOPE_INTERSECTS_FRAME
S4-B-PTOX040.0-Z330.0-FX40.0-FY25.0-FZ20.0,4,B,100.0,330.0,40.0,25.0,20.0,93.75,225.0,180.0,-0.25,10.0,55.0,50.0,7.75,9.75,3,4,290.0,290.0,FAIL,,BELT_SAFETY_ENVELOPE_INTERSECTS_FRAME
S4-B-PTOX040.0-Z330.0-FX40.0-FY25.0-FZ25.0,4,B,100.0,330.0,40.0,25.0,25.0,93.75,230.0,180.0,-0.25,10.0,60.0,50.0,7.75,9.75,3,4,290.0,290.0,FAIL,,BELT_SAFETY_ENVELOPE_INTERSECTS_FRAME
S4-B-PTOX040.0-Z330.0-FX40.0-FY25.0-FZ30.0,4,B,100.0,330.0,40.0,25.0,30.0,93.75,235.0,180.0,-0.25,10.0,65.0,50.0,7.75,9.75,3,4,290.0,290.0,FAIL,,BELT_SAFETY_ENVELOPE_INTERSECTS_FRAME
S4-B-PTOX040.0-Z330.0-FX45.0-FY15.0-FZ10.0,4,B,100.0,330.0,45.0,15.0,10.0,83.75,215.0,185.0,0.0,0.0,45.0,50.0,8.0,10.0,5,4,290.0,290.0,CONDITIONAL_PASS_CANDIDATE,,
S4-B-PTOX040.0-Z330.0-FX45.0-FY15.0-FZ15.0,4,B,100.0,330.0,45.0,15.0,15.0,83.75,220.0,185.0,0.0,0.0,50.0,50.0,8.0,10.0,5,4,290.0,290.0,CONDITIONAL_PASS_CANDIDATE,,
S4-B-PTOX040.0-Z330.0-FX45.0-FY15.0-FZ20.0,4,B,100.0,330.0,45.0,15.0,20.0,83.75,225.0,185.0,0.0,0.0,55.0,50.0,8.0,10.0,5,4,290.0,290.0,CONDITIONAL_PASS_CANDIDATE,,
S4-B-PTOX040.0-Z330.0-FX45.0-FY15.0-FZ25.0,4,B,100.0,330.0,45.0,15.0,25.0,83.75,230.0,185.0,0.0,0.0,60.0,50.0,8.0,10.0,5,4,290.0,290.0,CONDITIONAL_PASS_CANDIDATE,,
S4-B-PTOX040.0-Z330.0-FX45.0-FY15.0-FZ30.0,4,B,100.0,330.0,45.0,15.0,30.0,83.75,235.0,185.0,0.0,0.0,65.0,50.0,8.0,10.0,5,4,290.0,290.0,CONDITIONAL_PASS_CANDIDATE,,
S4-B-PTOX040.0-Z330.0-FX45.0-FY17.5-FZ10.0,4,B,100.0,330.0,45.0,17.5,10.0,86.25,215.0,185.0,2.5,2.5,45.0,50.0,10.5,12.5,5,4,290.0,290.0,CONDITIONAL_PASS_CANDIDATE,,
S4-B-PTOX040.0-Z330.0-FX45.0-FY17.5-FZ15.0,4,B,100.0,330.0,45.0,17.5,15.0,86.25,220.0,185.0,2.5,2.5,50.0,50.0,10.5,12.5,5,4,290.0,290.0,CONDITIONAL_PASS_CANDIDATE,,
S4-B-PTOX040.0-Z330.0-FX45.0-FY17.5-FZ20.0,4,B,100.0,330.0,45.0,17.5,20.0,86.25,225.0,185.0,2.5,2.5,55.0,50.0,10.5,12.5,5,4,290.0,290.0,CONDITIONAL_PASS_CANDIDATE,,
S4-B-PTOX040.0-Z330.0-FX45.0-FY17.5-FZ25.0,4,B,100.0,330.0,45.0,17.5,25.0,86.25,230.0,185.0,2.5,2.5,60.0,50.0,10.5,12.5,5,4,290.0,290.0,CONDITIONAL_PASS_CANDIDATE,,
S4-B-PTOX040.0-Z330.0-FX45.0-FY17.5-FZ30.0,4,B,100.0,330.0,45.0,17.5,30.0,86.25,235.0,185.0,2.5,2.5,65.0,50.0,10.5,12.5,5,4,290.0,290.0,CONDITIONAL_PASS_CANDIDATE,,
S4-B-PTOX040.0-Z330.0-FX45.0-FY20.0-FZ10.0,4,B,100.0,330.0,45.0,20.0,10.0,88.75,215.0,185.0,4.75,5.0,45.0,50.0,12.0,14.75,5,4,290.0,290.0,CONDITIONAL_PASS_CANDIDATE,,
S4-B-PTOX040.0-Z330.0-FX45.0-FY20.0-FZ15.0,4,B,100.0,330.0,45.0,20.0,15.0,88.75,220.0,185.0,4.75,5.0,50.0,50.0,12.0,14.75,5,4,290.0,290.0,CONDITIONAL_PASS_CANDIDATE,,
S4-B-PTOX040.0-Z330.0-FX45.0-FY20.0-FZ20.0,4,B,100.0,330.0,45.0,20.0,20.0,88.75,225.0,185.0,4.75,5.0,55.0,50.0,12.0,14.75,5,4,290.0,290.0,CONDITIONAL_PASS_CANDIDATE,,
S4-B-PTOX040.0-Z330.0-FX45.0-FY20.0-FZ25.0,4,B,100.0,330.0,45.0,20.0,25.0,88.75,230.0,185.0,4.75,5.0,60.0,50.0,12.0,14.75,5,4,290.0,290.0,CONDITIONAL_PASS_CANDIDATE,,
S4-B-PTOX040.0-Z330.0-FX45.0-FY20.0-FZ30.0,4,B,100.0,330.0,45.0,20.0,30.0,88.75,235.0,185.0,4.75,5.0,65.0,50.0,12.0,14.75,5,4,290.0,290.0,CONDITIONAL_PASS_CANDIDATE,,
S4-B-PTOX040.0-Z330.0-FX45.0-FY22.5-FZ10.0,4,B,100.0,330.0,45.0,22.5,10.0,91.25,215.0,185.0,2.25,7.5,45.0,50.0,10.25,12.25,5,4,290.0,290.0,CONDITIONAL_PASS_CANDIDATE,,
S4-B-PTOX040.0-Z330.0-FX45.0-FY22.5-FZ15.0,4,B,100.0,330.0,45.0,22.5,15.0,91.25,220.0,185.0,2.25,7.5,50.0,50.0,10.25,12.25,5,4,290.0,290.0,CONDITIONAL_PASS_CANDIDATE,,
S4-B-PTOX040.0-Z330.0-FX45.0-FY22.5-FZ20.0,4,B,100.0,330.0,45.0,22.5,20.0,91.25,225.0,185.0,2.25,7.5,55.0,50.0,10.25,12.25,5,4,290.0,290.0,CONDITIONAL_PASS_CANDIDATE,,
S4-B-PTOX040.0-Z330.0-FX45.0-FY22.5-FZ25.0,4,B,100.0,330.0,45.0,22.5,25.0,91.25,230.0,185.0,2.25,7.5,60.0,50.0,10.25,12.25,5,4,290.0,290.0,CONDITIONAL_PASS_CANDIDATE,,
S4-B-PTOX040.0-Z330.0-FX45.0-FY22.5-FZ30.0,4,B,100.0,330.0,45.0,22.5,30.0,91.25,235.0,185.0,2.25,7.5,65.0,50.0,10.25,12.25,5,4,290.0,290.0,CONDITIONAL_PASS_CANDIDATE,,
S4-B-PTOX040.0-Z330.0-FX45.0-FY25.0-FZ10.0,4,B,100.0,330.0,45.0,25.0,10.0,93.75,215.0,185.0,-0.25,10.0,45.0,50.0,7.75,9.75,3,4,290.0,290.0,FAIL,,BELT_SAFETY_ENVELOPE_INTERSECTS_FRAME
S4-B-PTOX040.0-Z330.0-FX45.0-FY25.0-FZ15.0,4,B,100.0,330.0,45.0,25.0,15.0,93.75,220.0,185.0,-0.25,10.0,50.0,50.0,7.75,9.75,3,4,290.0,290.0,FAIL,,BELT_SAFETY_ENVELOPE_INTERSECTS_FRAME
S4-B-PTOX040.0-Z330.0-FX45.0-FY25.0-FZ20.0,4,B,100.0,330.0,45.0,25.0,20.0,93.75,225.0,185.0,-0.25,10.0,55.0,50.0,7.75,9.75,3,4,290.0,290.0,FAIL,,BELT_SAFETY_ENVELOPE_INTERSECTS_FRAME
S4-B-PTOX040.0-Z330.0-FX45.0-FY25.0-FZ25.0,4,B,100.0,330.0,45.0,25.0,25.0,93.75,230.0,185.0,-0.25,10.0,60.0,50.0,7.75,9.75,3,4,290.0,290.0,FAIL,,BELT_SAFETY_ENVELOPE_INTERSECTS_FRAME
S4-B-PTOX040.0-Z330.0-FX45.0-FY25.0-FZ30.0,4,B,100.0,330.0,45.0,25.0,30.0,93.75,235.0,185.0,-0.25,10.0,65.0,50.0,7.75,9.75,3,4,290.0,290.0,FAIL,,BELT_SAFETY_ENVELOPE_INTERSECTS_FRAME
S4-B-PTOX040.0-Z330.0-FX50.0-FY15.0-FZ10.0,4,B,100.0,330.0,50.0,15.0,10.0,83.75,215.0,190.0,0.0,0.0,45.0,50.0,8.0,10.0,5,4,290.0,290.0,CONDITIONAL_PASS_CANDIDATE,,
S4-B-PTOX040.0-Z330.0-FX50.0-FY15.0-FZ15.0,4,B,100.0,330.0,50.0,15.0,15.0,83.75,220.0,190.0,0.0,0.0,50.0,50.0,8.0,10.0,5,4,290.0,290.0,CONDITIONAL_PASS_CANDIDATE,,
S4-B-PTOX040.0-Z330.0-FX50.0-FY15.0-FZ20.0,4,B,100.0,330.0,50.0,15.0,20.0,83.75,225.0,190.0,0.0,0.0,55.0,50.0,8.0,10.0,5,4,290.0,290.0,CONDITIONAL_PASS_CANDIDATE,,
S4-B-PTOX040.0-Z330.0-FX50.0-FY15.0-FZ25.0,4,B,100.0,330.0,50.0,15.0,25.0,83.75,230.0,190.0,0.0,0.0,60.0,50.0,8.0,10.0,5,4,290.0,290.0,CONDITIONAL_PASS_CANDIDATE,,
S4-B-PTOX040.0-Z330.0-FX50.0-FY15.0-FZ30.0,4,B,100.0,330.0,50.0,15.0,30.0,83.75,235.0,190.0,0.0,0.0,65.0,50.0,8.0,10.0,5,4,290.0,290.0,CONDITIONAL_PASS_CANDIDATE,,
S4-B-PTOX040.0-Z330.0-FX50.0-FY17.5-FZ10.0,4,B,100.0,330.0,50.0,17.5,10.0,86.25,215.0,190.0,2.5,2.5,45.0,50.0,10.5,12.5,5,4,290.0,290.0,CONDITIONAL_PASS_CANDIDATE,,
S4-B-PTOX040.0-Z330.0-FX50.0-FY17.5-FZ15.0,4,B,100.0,330.0,50.0,17.5,15.0,86.25,220.0,190.0,2.5,2.5,50.0,50.0,10.5,12.5,5,4,290.0,290.0,CONDITIONAL_PASS_CANDIDATE,,
S4-B-PTOX040.0-Z330.0-FX50.0-FY17.5-FZ20.0,4,B,100.0,330.0,50.0,17.5,20.0,86.25,225.0,190.0,2.5,2.5,55.0,50.0,10.5,12.5,5,4,290.0,290.0,CONDITIONAL_PASS_CANDIDATE,,
S4-B-PTOX040.0-Z330.0-FX50.0-FY17.5-FZ25.0,4,B,100.0,330.0,50.0,17.5,25.0,86.25,230.0,190.0,2.5,2.5,60.0,50.0,10.5,12.5,5,4,290.0,290.0,CONDITIONAL_PASS_CANDIDATE,,
S4-B-PTOX040.0-Z330.0-FX50.0-FY17.5-FZ30.0,4,B,100.0,330.0,50.0,17.5,30.0,86.25,235.0,190.0,2.5,2.5,65.0,50.0,10.5,12.5,5,4,290.0,290.0,CONDITIONAL_PASS_CANDIDATE,,
S4-B-PTOX040.0-Z330.0-FX50.0-FY20.0-FZ10.0,4,B,100.0,330.0,50.0,20.0,10.0,88.75,215.0,190.0,4.75,5.0,45.0,50.0,12.0,14.75,5,4,290.0,290.0,CONDITIONAL_PASS_CANDIDATE,,
S4-B-PTOX040.0-Z330.0-FX50.0-FY20.0-FZ15.0,4,B,100.0,330.0,50.0,20.0,15.0,88.75,220.0,190.0,4.75,5.0,50.0,50.0,12.0,14.75,5,4,290.0,290.0,CONDITIONAL_PASS_CANDIDATE,,
S4-B-PTOX040.0-Z330.0-FX50.0-FY20.0-FZ20.0,4,B,100.0,330.0,50.0,20.0,20.0,88.75,225.0,190.0,4.75,5.0,55.0,50.0,12.0,14.75,5,4,290.0,290.0,CONDITIONAL_PASS_CANDIDATE,,
S4-B-PTOX040.0-Z330.0-FX50.0-FY20.0-FZ25.0,4,B,100.0,330.0,50.0,20.0,25.0,88.75,230.0,190.0,4.75,5.0,60.0,50.0,12.0,14.75,5,4,290.0,290.0,CONDITIONAL_PASS_CANDIDATE,,
S4-B-PTOX040.0-Z330.0-FX50.0-FY20.0-FZ30.0,4,B,100.0,330.0,50.0,20.0,30.0,88.75,235.0,190.0,4.75,5.0,65.0,50.0,12.0,14.75,5,4,290.0,290.0,CONDITIONAL_PASS_CANDIDATE,,
S4-B-PTOX040.0-Z330.0-FX50.0-FY22.5-FZ10.0,4,B,100.0,330.0,50.0,22.5,10.0,91.25,215.0,190.0,2.25,7.5,45.0,50.0,10.25,12.25,5,4,290.0,290.0,CONDITIONAL_PASS_CANDIDATE,,
S4-B-PTOX040.0-Z330.0-FX50.0-FY22.5-FZ15.0,4,B,100.0,330.0,50.0,22.5,15.0,91.25,220.0,190.0,2.25,7.5,50.0,50.0,10.25,12.25,5,4,290.0,290.0,CONDITIONAL_PASS_CANDIDATE,,
S4-B-PTOX040.0-Z330.0-FX50.0-FY22.5-FZ20.0,4,B,100.0,330.0,50.0,22.5,20.0,91.25,225.0,190.0,2.25,7.5,55.0,50.0,10.25,12.25,5,4,290.0,290.0,CONDITIONAL_PASS_CANDIDATE,,
S4-B-PTOX040.0-Z330.0-FX50.0-FY22.5-FZ25.0,4,B,100.0,330.0,50.0,22.5,25.0,91.25,230.0,190.0,2.25,7.5,60.0,50.0,10.25,12.25,5,4,290.0,290.0,CONDITIONAL_PASS_CANDIDATE,,
S4-B-PTOX040.0-Z330.0-FX50.0-FY22.5-FZ30.0,4,B,100.0,330.0,50.0,22.5,30.0,91.25,235.0,190.0,2.25,7.5,65.0,50.0,10.25,12.25,5,4,290.0,290.0,CONDITIONAL_PASS_CANDIDATE,,
S4-B-PTOX040.0-Z330.0-FX50.0-FY25.0-FZ10.0,4,B,100.0,330.0,50.0,25.0,10.0,93.75,215.0,190.0,-0.25,10.0,45.0,50.0,7.75,9.75,3,4,290.0,290.0,FAIL,,BELT_SAFETY_ENVELOPE_INTERSECTS_FRAME
S4-B-PTOX040.0-Z330.0-FX50.0-FY25.0-FZ15.0,4,B,100.0,330.0,50.0,25.0,15.0,93.75,220.0,190.0,-0.25,10.0,50.0,50.0,7.75,9.75,3,4,290.0,290.0,FAIL,,BELT_SAFETY_ENVELOPE_INTERSECTS_FRAME
S4-B-PTOX040.0-Z330.0-FX50.0-FY25.0-FZ20.0,4,B,100.0,330.0,50.0,25.0,20.0,93.75,225.0,190.0,-0.25,10.0,55.0,50.0,7.75,9.75,3,4,290.0,290.0,FAIL,,BELT_SAFETY_ENVELOPE_INTERSECTS_FRAME
S4-B-PTOX040.0-Z330.0-FX50.0-FY25.0-FZ25.0,4,B,100.0,330.0,50.0,25.0,25.0,93.75,230.0,190.0,-0.25,10.0,60.0,50.0,7.75,9.75,3,4,290.0,290.0,FAIL,,BELT_SAFETY_ENVELOPE_INTERSECTS_FRAME
S4-B-PTOX040.0-Z330.0-FX50.0-FY25.0-FZ30.0,4,B,100.0,330.0,50.0,25.0,30.0,93.75,235.0,190.0,-0.25,10.0,65.0,50.0,7.75,9.75,3,4,290.0,290.0,FAIL,,BELT_SAFETY_ENVELOPE_INTERSECTS_FRAME
S4-B-PTOX050.0-Z330.0-FX30.0-FY15.0-FZ10.0,4,B,110.0,330.0,30.0,15.0,10.0,83.75,215.0,170.0,0.0,-10.0,45.0,50.0,8.0,10.0,5,4,290.0,290.0,FAIL,,PTO_ROTATION_ENVELOPE_INTERSECTS_FRAME
S4-B-PTOX050.0-Z330.0-FX30.0-FY15.0-FZ15.0,4,B,110.0,330.0,30.0,15.0,15.0,83.75,220.0,170.0,0.0,-10.0,50.0,50.0,8.0,10.0,5,4,290.0,290.0,FAIL,,PTO_ROTATION_ENVELOPE_INTERSECTS_FRAME
S4-B-PTOX050.0-Z330.0-FX30.0-FY15.0-FZ20.0,4,B,110.0,330.0,30.0,15.0,20.0,83.75,225.0,170.0,0.0,-10.0,55.0,50.0,8.0,10.0,5,4,290.0,290.0,FAIL,,PTO_ROTATION_ENVELOPE_INTERSECTS_FRAME
S4-B-PTOX050.0-Z330.0-FX30.0-FY15.0-FZ25.0,4,B,110.0,330.0,30.0,15.0,25.0,83.75,230.0,170.0,0.0,-10.0,60.0,50.0,8.0,10.0,5,4,290.0,290.0,FAIL,,PTO_ROTATION_ENVELOPE_INTERSECTS_FRAME
S4-B-PTOX050.0-Z330.0-FX30.0-FY15.0-FZ30.0,4,B,110.0,330.0,30.0,15.0,30.0,83.75,235.0,170.0,0.0,-10.0,65.0,50.0,8.0,10.0,5,4,290.0,290.0,FAIL,,PTO_ROTATION_ENVELOPE_INTERSECTS_FRAME
S4-B-PTOX050.0-Z330.0-FX30.0-FY17.5-FZ10.0,4,B,110.0,330.0,30.0,17.5,10.0,86.25,215.0,170.0,2.5,-10.0,45.0,50.0,10.5,12.5,5,4,290.0,290.0,FAIL,,PTO_ROTATION_ENVELOPE_INTERSECTS_FRAME
S4-B-PTOX050.0-Z330.0-FX30.0-FY17.5-FZ15.0,4,B,110.0,330.0,30.0,17.5,15.0,86.25,220.0,170.0,2.5,-10.0,50.0,50.0,10.5,12.5,5,4,290.0,290.0,FAIL,,PTO_ROTATION_ENVELOPE_INTERSECTS_FRAME
S4-B-PTOX050.0-Z330.0-FX30.0-FY17.5-FZ20.0,4,B,110.0,330.0,30.0,17.5,20.0,86.25,225.0,170.0,2.5,-10.0,55.0,50.0,10.5,12.5,5,4,290.0,290.0,FAIL,,PTO_ROTATION_ENVELOPE_INTERSECTS_FRAME
S4-B-PTOX050.0-Z330.0-FX30.0-FY17.5-FZ25.0,4,B,110.0,330.0,30.0,17.5,25.0,86.25,230.0,170.0,2.5,-10.0,60.0,50.0,10.5,12.5,5,4,290.0,290.0,FAIL,,PTO_ROTATION_ENVELOPE_INTERSECTS_FRAME
S4-B-PTOX050.0-Z330.0-FX30.0-FY17.5-FZ30.0,4,B,110.0,330.0,30.0,17.5,30.0,86.25,235.0,170.0,2.5,-10.0,65.0,50.0,10.5,12.5,5,4,290.0,290.0,FAIL,,PTO_ROTATION_ENVELOPE_INTERSECTS_FRAME
S4-B-PTOX050.0-Z330.0-FX30.0-FY20.0-FZ10.0,4,B,110.0,330.0,30.0,20.0,10.0,88.75,215.0,170.0,4.75,-10.0,45.0,50.0,12.0,14.75,5,4,290.0,290.0,FAIL,,PTO_ROTATION_ENVELOPE_INTERSECTS_FRAME
S4-B-PTOX050.0-Z330.0-FX30.0-FY20.0-FZ15.0,4,B,110.0,330.0,30.0,20.0,15.0,88.75,220.0,170.0,4.75,-10.0,50.0,50.0,12.0,14.75,5,4,290.0,290.0,FAIL,,PTO_ROTATION_ENVELOPE_INTERSECTS_FRAME
S4-B-PTOX050.0-Z330.0-FX30.0-FY20.0-FZ20.0,4,B,110.0,330.0,30.0,20.0,20.0,88.75,225.0,170.0,4.75,-10.0,55.0,50.0,12.0,14.75,5,4,290.0,290.0,FAIL,,PTO_ROTATION_ENVELOPE_INTERSECTS_FRAME
S4-B-PTOX050.0-Z330.0-FX30.0-FY20.0-FZ25.0,4,B,110.0,330.0,30.0,20.0,25.0,88.75,230.0,170.0,4.75,-10.0,60.0,50.0,12.0,14.75,5,4,290.0,290.0,FAIL,,PTO_ROTATION_ENVELOPE_INTERSECTS_FRAME
S4-B-PTOX050.0-Z330.0-FX30.0-FY20.0-FZ30.0,4,B,110.0,330.0,30.0,20.0,30.0,88.75,235.0,170.0,4.75,-10.0,65.0,50.0,12.0,14.75,5,4,290.0,290.0,FAIL,,PTO_ROTATION_ENVELOPE_INTERSECTS_FRAME
S4-B-PTOX050.0-Z330.0-FX30.0-FY22.5-FZ10.0,4,B,110.0,330.0,30.0,22.5,10.0,91.25,215.0,170.0,2.25,-10.0,45.0,50.0,10.25,12.25,5,4,290.0,290.0,FAIL,,PTO_ROTATION_ENVELOPE_INTERSECTS_FRAME
S4-B-PTOX050.0-Z330.0-FX30.0-FY22.5-FZ15.0,4,B,110.0,330.0,30.0,22.5,15.0,91.25,220.0,170.0,2.25,-10.0,50.0,50.0,10.25,12.25,5,4,290.0,290.0,FAIL,,PTO_ROTATION_ENVELOPE_INTERSECTS_FRAME
S4-B-PTOX050.0-Z330.0-FX30.0-FY22.5-FZ20.0,4,B,110.0,330.0,30.0,22.5,20.0,91.25,225.0,170.0,2.25,-10.0,55.0,50.0,10.25,12.25,5,4,290.0,290.0,FAIL,,PTO_ROTATION_ENVELOPE_INTERSECTS_FRAME
S4-B-PTOX050.0-Z330.0-FX30.0-FY22.5-FZ25.0,4,B,110.0,330.0,30.0,22.5,25.0,91.25,230.0,170.0,2.25,-10.0,60.0,50.0,10.25,12.25,5,4,290.0,290.0,FAIL,,PTO_ROTATION_ENVELOPE_INTERSECTS_FRAME
S4-B-PTOX050.0-Z330.0-FX30.0-FY22.5-FZ30.0,4,B,110.0,330.0,30.0,22.5,30.0,91.25,235.0,170.0,2.25,-10.0,65.0,50.0,10.25,12.25,5,4,290.0,290.0,FAIL,,PTO_ROTATION_ENVELOPE_INTERSECTS_FRAME
S4-B-PTOX050.0-Z330.0-FX30.0-FY25.0-FZ10.0,4,B,110.0,330.0,30.0,25.0,10.0,93.75,215.0,170.0,-0.25,-10.0,45.0,50.0,7.75,9.75,3,4,290.0,290.0,FAIL,,BELT_SAFETY_ENVELOPE_INTERSECTS_FRAME|PTO_ROTATION_ENVELOPE_INTERSECTS_FRAME
S4-B-PTOX050.0-Z330.0-FX30.0-FY25.0-FZ15.0,4,B,110.0,330.0,30.0,25.0,15.0,93.75,220.0,170.0,-0.25,-10.0,50.0,50.0,7.75,9.75,3,4,290.0,290.0,FAIL,,BELT_SAFETY_ENVELOPE_INTERSECTS_FRAME|PTO_ROTATION_ENVELOPE_INTERSECTS_FRAME
S4-B-PTOX050.0-Z330.0-FX30.0-FY25.0-FZ20.0,4,B,110.0,330.0,30.0,25.0,20.0,93.75,225.0,170.0,-0.25,-10.0,55.0,50.0,7.75,9.75,3,4,290.0,290.0,FAIL,,BELT_SAFETY_ENVELOPE_INTERSECTS_FRAME|PTO_ROTATION_ENVELOPE_INTERSECTS_FRAME
S4-B-PTOX050.0-Z330.0-FX30.0-FY25.0-FZ25.0,4,B,110.0,330.0,30.0,25.0,25.0,93.75,230.0,170.0,-0.25,-10.0,60.0,50.0,7.75,9.75,3,4,290.0,290.0,FAIL,,BELT_SAFETY_ENVELOPE_INTERSECTS_FRAME|PTO_ROTATION_ENVELOPE_INTERSECTS_FRAME
S4-B-PTOX050.0-Z330.0-FX30.0-FY25.0-FZ30.0,4,B,110.0,330.0,30.0,25.0,30.0,93.75,235.0,170.0,-0.25,-10.0,65.0,50.0,7.75,9.75,3,4,290.0,290.0,FAIL,,BELT_SAFETY_ENVELOPE_INTERSECTS_FRAME|PTO_ROTATION_ENVELOPE_INTERSECTS_FRAME
S4-B-PTOX050.0-Z330.0-FX35.0-FY15.0-FZ10.0,4,B,110.0,330.0,35.0,15.0,10.0,83.75,215.0,175.0,0.0,-5.0,45.0,50.0,8.0,10.0,5,4,290.0,290.0,FAIL,,PTO_ROTATION_ENVELOPE_INTERSECTS_FRAME
S4-B-PTOX050.0-Z330.0-FX35.0-FY15.0-FZ15.0,4,B,110.0,330.0,35.0,15.0,15.0,83.75,220.0,175.0,0.0,-5.0,50.0,50.0,8.0,10.0,5,4,290.0,290.0,FAIL,,PTO_ROTATION_ENVELOPE_INTERSECTS_FRAME
S4-B-PTOX050.0-Z330.0-FX35.0-FY15.0-FZ20.0,4,B,110.0,330.0,35.0,15.0,20.0,83.75,225.0,175.0,0.0,-5.0,55.0,50.0,8.0,10.0,5,4,290.0,290.0,FAIL,,PTO_ROTATION_ENVELOPE_INTERSECTS_FRAME
S4-B-PTOX050.0-Z330.0-FX35.0-FY15.0-FZ25.0,4,B,110.0,330.0,35.0,15.0,25.0,83.75,230.0,175.0,0.0,-5.0,60.0,50.0,8.0,10.0,5,4,290.0,290.0,FAIL,,PTO_ROTATION_ENVELOPE_INTERSECTS_FRAME
S4-B-PTOX050.0-Z330.0-FX35.0-FY15.0-FZ30.0,4,B,110.0,330.0,35.0,15.0,30.0,83.75,235.0,175.0,0.0,-5.0,65.0,50.0,8.0,10.0,5,4,290.0,290.0,FAIL,,PTO_ROTATION_ENVELOPE_INTERSECTS_FRAME
S4-B-PTOX050.0-Z330.0-FX35.0-FY17.5-FZ10.0,4,B,110.0,330.0,35.0,17.5,10.0,86.25,215.0,175.0,2.5,-5.0,45.0,50.0,10.5,12.5,5,4,290.0,290.0,FAIL,,PTO_ROTATION_ENVELOPE_INTERSECTS_FRAME
S4-B-PTOX050.0-Z330.0-FX35.0-FY17.5-FZ15.0,4,B,110.0,330.0,35.0,17.5,15.0,86.25,220.0,175.0,2.5,-5.0,50.0,50.0,10.5,12.5,5,4,290.0,290.0,FAIL,,PTO_ROTATION_ENVELOPE_INTERSECTS_FRAME
S4-B-PTOX050.0-Z330.0-FX35.0-FY17.5-FZ20.0,4,B,110.0,330.0,35.0,17.5,20.0,86.25,225.0,175.0,2.5,-5.0,55.0,50.0,10.5,12.5,5,4,290.0,290.0,FAIL,,PTO_ROTATION_ENVELOPE_INTERSECTS_FRAME
S4-B-PTOX050.0-Z330.0-FX35.0-FY17.5-FZ25.0,4,B,110.0,330.0,35.0,17.5,25.0,86.25,230.0,175.0,2.5,-5.0,60.0,50.0,10.5,12.5,5,4,290.0,290.0,FAIL,,PTO_ROTATION_ENVELOPE_INTERSECTS_FRAME
S4-B-PTOX050.0-Z330.0-FX35.0-FY17.5-FZ30.0,4,B,110.0,330.0,35.0,17.5,30.0,86.25,235.0,175.0,2.5,-5.0,65.0,50.0,10.5,12.5,5,4,290.0,290.0,FAIL,,PTO_ROTATION_ENVELOPE_INTERSECTS_FRAME
S4-B-PTOX050.0-Z330.0-FX35.0-FY20.0-FZ10.0,4,B,110.0,330.0,35.0,20.0,10.0,88.75,215.0,175.0,4.75,-5.0,45.0,50.0,12.0,14.75,5,4,290.0,290.0,FAIL,,PTO_ROTATION_ENVELOPE_INTERSECTS_FRAME
S4-B-PTOX050.0-Z330.0-FX35.0-FY20.0-FZ15.0,4,B,110.0,330.0,35.0,20.0,15.0,88.75,220.0,175.0,4.75,-5.0,50.0,50.0,12.0,14.75,5,4,290.0,290.0,FAIL,,PTO_ROTATION_ENVELOPE_INTERSECTS_FRAME
S4-B-PTOX050.0-Z330.0-FX35.0-FY20.0-FZ20.0,4,B,110.0,330.0,35.0,20.0,20.0,88.75,225.0,175.0,4.75,-5.0,55.0,50.0,12.0,14.75,5,4,290.0,290.0,FAIL,,PTO_ROTATION_ENVELOPE_INTERSECTS_FRAME
S4-B-PTOX050.0-Z330.0-FX35.0-FY20.0-FZ25.0,4,B,110.0,330.0,35.0,20.0,25.0,88.75,230.0,175.0,4.75,-5.0,60.0,50.0,12.0,14.75,5,4,290.0,290.0,FAIL,,PTO_ROTATION_ENVELOPE_INTERSECTS_FRAME
S4-B-PTOX050.0-Z330.0-FX35.0-FY20.0-FZ30.0,4,B,110.0,330.0,35.0,20.0,30.0,88.75,235.0,175.0,4.75,-5.0,65.0,50.0,12.0,14.75,5,4,290.0,290.0,FAIL,,PTO_ROTATION_ENVELOPE_INTERSECTS_FRAME
S4-B-PTOX050.0-Z330.0-FX35.0-FY22.5-FZ10.0,4,B,110.0,330.0,35.0,22.5,10.0,91.25,215.0,175.0,2.25,-5.0,45.0,50.0,10.25,12.25,5,4,290.0,290.0,FAIL,,PTO_ROTATION_ENVELOPE_INTERSECTS_FRAME
S4-B-PTOX050.0-Z330.0-FX35.0-FY22.5-FZ15.0,4,B,110.0,330.0,35.0,22.5,15.0,91.25,220.0,175.0,2.25,-5.0,50.0,50.0,10.25,12.25,5,4,290.0,290.0,FAIL,,PTO_ROTATION_ENVELOPE_INTERSECTS_FRAME
S4-B-PTOX050.0-Z330.0-FX35.0-FY22.5-FZ20.0,4,B,110.0,330.0,35.0,22.5,20.0,91.25,225.0,175.0,2.25,-5.0,55.0,50.0,10.25,12.25,5,4,290.0,290.0,FAIL,,PTO_ROTATION_ENVELOPE_INTERSECTS_FRAME
S4-B-PTOX050.0-Z330.0-FX35.0-FY22.5-FZ25.0,4,B,110.0,330.0,35.0,22.5,25.0,91.25,230.0,175.0,2.25,-5.0,60.0,50.0,10.25,12.25,5,4,290.0,290.0,FAIL,,PTO_ROTATION_ENVELOPE_INTERSECTS_FRAME
S4-B-PTOX050.0-Z330.0-FX35.0-FY22.5-FZ30.0,4,B,110.0,330.0,35.0,22.5,30.0,91.25,235.0,175.0,2.25,-5.0,65.0,50.0,10.25,12.25,5,4,290.0,290.0,FAIL,,PTO_ROTATION_ENVELOPE_INTERSECTS_FRAME
S4-B-PTOX050.0-Z330.0-FX35.0-FY25.0-FZ10.0,4,B,110.0,330.0,35.0,25.0,10.0,93.75,215.0,175.0,-0.25,-5.0,45.0,50.0,7.75,9.75,3,4,290.0,290.0,FAIL,,BELT_SAFETY_ENVELOPE_INTERSECTS_FRAME|PTO_ROTATION_ENVELOPE_INTERSECTS_FRAME
S4-B-PTOX050.0-Z330.0-FX35.0-FY25.0-FZ15.0,4,B,110.0,330.0,35.0,25.0,15.0,93.75,220.0,175.0,-0.25,-5.0,50.0,50.0,7.75,9.75,3,4,290.0,290.0,FAIL,,BELT_SAFETY_ENVELOPE_INTERSECTS_FRAME|PTO_ROTATION_ENVELOPE_INTERSECTS_FRAME
S4-B-PTOX050.0-Z330.0-FX35.0-FY25.0-FZ20.0,4,B,110.0,330.0,35.0,25.0,20.0,93.75,225.0,175.0,-0.25,-5.0,55.0,50.0,7.75,9.75,3,4,290.0,290.0,FAIL,,BELT_SAFETY_ENVELOPE_INTERSECTS_FRAME|PTO_ROTATION_ENVELOPE_INTERSECTS_FRAME
S4-B-PTOX050.0-Z330.0-FX35.0-FY25.0-FZ25.0,4,B,110.0,330.0,35.0,25.0,25.0,93.75,230.0,175.0,-0.25,-5.0,60.0,50.0,7.75,9.75,3,4,290.0,290.0,FAIL,,BELT_SAFETY_ENVELOPE_INTERSECTS_FRAME|PTO_ROTATION_ENVELOPE_INTERSECTS_FRAME
S4-B-PTOX050.0-Z330.0-FX35.0-FY25.0-FZ30.0,4,B,110.0,330.0,35.0,25.0,30.0,93.75,235.0,175.0,-0.25,-5.0,65.0,50.0,7.75,9.75,3,4,290.0,290.0,FAIL,,BELT_SAFETY_ENVELOPE_INTERSECTS_FRAME|PTO_ROTATION_ENVELOPE_INTERSECTS_FRAME
S4-B-PTOX050.0-Z330.0-FX40.0-FY15.0-FZ10.0,4,B,110.0,330.0,40.0,15.0,10.0,83.75,215.0,180.0,0.0,0.0,45.0,50.0,8.0,10.0,5,4,290.0,290.0,CONDITIONAL_PASS_CANDIDATE,,
S4-B-PTOX050.0-Z330.0-FX40.0-FY15.0-FZ15.0,4,B,110.0,330.0,40.0,15.0,15.0,83.75,220.0,180.0,0.0,0.0,50.0,50.0,8.0,10.0,5,4,290.0,290.0,CONDITIONAL_PASS_CANDIDATE,,
S4-B-PTOX050.0-Z330.0-FX40.0-FY15.0-FZ20.0,4,B,110.0,330.0,40.0,15.0,20.0,83.75,225.0,180.0,0.0,0.0,55.0,50.0,8.0,10.0,5,4,290.0,290.0,CONDITIONAL_PASS_CANDIDATE,,
S4-B-PTOX050.0-Z330.0-FX40.0-FY15.0-FZ25.0,4,B,110.0,330.0,40.0,15.0,25.0,83.75,230.0,180.0,0.0,0.0,60.0,50.0,8.0,10.0,5,4,290.0,290.0,CONDITIONAL_PASS_CANDIDATE,,
S4-B-PTOX050.0-Z330.0-FX40.0-FY15.0-FZ30.0,4,B,110.0,330.0,40.0,15.0,30.0,83.75,235.0,180.0,0.0,0.0,65.0,50.0,8.0,10.0,5,4,290.0,290.0,CONDITIONAL_PASS_CANDIDATE,,
S4-B-PTOX050.0-Z330.0-FX40.0-FY17.5-FZ10.0,4,B,110.0,330.0,40.0,17.5,10.0,86.25,215.0,180.0,2.5,0.0,45.0,50.0,10.5,12.5,5,4,290.0,290.0,CONDITIONAL_PASS_CANDIDATE,,
S4-B-PTOX050.0-Z330.0-FX40.0-FY17.5-FZ15.0,4,B,110.0,330.0,40.0,17.5,15.0,86.25,220.0,180.0,2.5,0.0,50.0,50.0,10.5,12.5,5,4,290.0,290.0,CONDITIONAL_PASS_CANDIDATE,,
S4-B-PTOX050.0-Z330.0-FX40.0-FY17.5-FZ20.0,4,B,110.0,330.0,40.0,17.5,20.0,86.25,225.0,180.0,2.5,0.0,55.0,50.0,10.5,12.5,5,4,290.0,290.0,CONDITIONAL_PASS_CANDIDATE,,
S4-B-PTOX050.0-Z330.0-FX40.0-FY17.5-FZ25.0,4,B,110.0,330.0,40.0,17.5,25.0,86.25,230.0,180.0,2.5,0.0,60.0,50.0,10.5,12.5,5,4,290.0,290.0,CONDITIONAL_PASS_CANDIDATE,,
S4-B-PTOX050.0-Z330.0-FX40.0-FY17.5-FZ30.0,4,B,110.0,330.0,40.0,17.5,30.0,86.25,235.0,180.0,2.5,0.0,65.0,50.0,10.5,12.5,5,4,290.0,290.0,CONDITIONAL_PASS_CANDIDATE,,
S4-B-PTOX050.0-Z330.0-FX40.0-FY20.0-FZ10.0,4,B,110.0,330.0,40.0,20.0,10.0,88.75,215.0,180.0,4.75,0.0,45.0,50.0,12.0,14.75,5,4,290.0,290.0,CONDITIONAL_PASS_CANDIDATE,,
S4-B-PTOX050.0-Z330.0-FX40.0-FY20.0-FZ15.0,4,B,110.0,330.0,40.0,20.0,15.0,88.75,220.0,180.0,4.75,0.0,50.0,50.0,12.0,14.75,5,4,290.0,290.0,CONDITIONAL_PASS_CANDIDATE,,
S4-B-PTOX050.0-Z330.0-FX40.0-FY20.0-FZ20.0,4,B,110.0,330.0,40.0,20.0,20.0,88.75,225.0,180.0,4.75,0.0,55.0,50.0,12.0,14.75,5,4,290.0,290.0,CONDITIONAL_PASS_CANDIDATE,,
S4-B-PTOX050.0-Z330.0-FX40.0-FY20.0-FZ25.0,4,B,110.0,330.0,40.0,20.0,25.0,88.75,230.0,180.0,4.75,0.0,60.0,50.0,12.0,14.75,5,4,290.0,290.0,CONDITIONAL_PASS_CANDIDATE,,
S4-B-PTOX050.0-Z330.0-FX40.0-FY20.0-FZ30.0,4,B,110.0,330.0,40.0,20.0,30.0,88.75,235.0,180.0,4.75,0.0,65.0,50.0,12.0,14.75,5,4,290.0,290.0,CONDITIONAL_PASS_CANDIDATE,,
S4-B-PTOX050.0-Z330.0-FX40.0-FY22.5-FZ10.0,4,B,110.0,330.0,40.0,22.5,10.0,91.25,215.0,180.0,2.25,0.0,45.0,50.0,10.25,12.25,5,4,290.0,290.0,CONDITIONAL_PASS_CANDIDATE,,
S4-B-PTOX050.0-Z330.0-FX40.0-FY22.5-FZ15.0,4,B,110.0,330.0,40.0,22.5,15.0,91.25,220.0,180.0,2.25,0.0,50.0,50.0,10.25,12.25,5,4,290.0,290.0,CONDITIONAL_PASS_CANDIDATE,,
S4-B-PTOX050.0-Z330.0-FX40.0-FY22.5-FZ20.0,4,B,110.0,330.0,40.0,22.5,20.0,91.25,225.0,180.0,2.25,0.0,55.0,50.0,10.25,12.25,5,4,290.0,290.0,CONDITIONAL_PASS_CANDIDATE,,
S4-B-PTOX050.0-Z330.0-FX40.0-FY22.5-FZ25.0,4,B,110.0,330.0,40.0,22.5,25.0,91.25,230.0,180.0,2.25,0.0,60.0,50.0,10.25,12.25,5,4,290.0,290.0,CONDITIONAL_PASS_CANDIDATE,,
S4-B-PTOX050.0-Z330.0-FX40.0-FY22.5-FZ30.0,4,B,110.0,330.0,40.0,22.5,30.0,91.25,235.0,180.0,2.25,0.0,65.0,50.0,10.25,12.25,5,4,290.0,290.0,CONDITIONAL_PASS_CANDIDATE,,
S4-B-PTOX050.0-Z330.0-FX40.0-FY25.0-FZ10.0,4,B,110.0,330.0,40.0,25.0,10.0,93.75,215.0,180.0,-0.25,0.0,45.0,50.0,7.75,9.75,3,4,290.0,290.0,FAIL,,BELT_SAFETY_ENVELOPE_INTERSECTS_FRAME
S4-B-PTOX050.0-Z330.0-FX40.0-FY25.0-FZ15.0,4,B,110.0,330.0,40.0,25.0,15.0,93.75,220.0,180.0,-0.25,0.0,50.0,50.0,7.75,9.75,3,4,290.0,290.0,FAIL,,BELT_SAFETY_ENVELOPE_INTERSECTS_FRAME
S4-B-PTOX050.0-Z330.0-FX40.0-FY25.0-FZ20.0,4,B,110.0,330.0,40.0,25.0,20.0,93.75,225.0,180.0,-0.25,0.0,55.0,50.0,7.75,9.75,3,4,290.0,290.0,FAIL,,BELT_SAFETY_ENVELOPE_INTERSECTS_FRAME
S4-B-PTOX050.0-Z330.0-FX40.0-FY25.0-FZ25.0,4,B,110.0,330.0,40.0,25.0,25.0,93.75,230.0,180.0,-0.25,0.0,60.0,50.0,7.75,9.75,3,4,290.0,290.0,FAIL,,BELT_SAFETY_ENVELOPE_INTERSECTS_FRAME
S4-B-PTOX050.0-Z330.0-FX40.0-FY25.0-FZ30.0,4,B,110.0,330.0,40.0,25.0,30.0,93.75,235.0,180.0,-0.25,0.0,65.0,50.0,7.75,9.75,3,4,290.0,290.0,FAIL,,BELT_SAFETY_ENVELOPE_INTERSECTS_FRAME
S4-B-PTOX050.0-Z330.0-FX45.0-FY15.0-FZ10.0,4,B,110.0,330.0,45.0,15.0,10.0,83.75,215.0,185.0,0.0,0.0,45.0,50.0,8.0,10.0,5,4,290.0,290.0,CONDITIONAL_PASS_CANDIDATE,,
S4-B-PTOX050.0-Z330.0-FX45.0-FY15.0-FZ15.0,4,B,110.0,330.0,45.0,15.0,15.0,83.75,220.0,185.0,0.0,0.0,50.0,50.0,8.0,10.0,5,4,290.0,290.0,CONDITIONAL_PASS_CANDIDATE,,
S4-B-PTOX050.0-Z330.0-FX45.0-FY15.0-FZ20.0,4,B,110.0,330.0,45.0,15.0,20.0,83.75,225.0,185.0,0.0,0.0,55.0,50.0,8.0,10.0,5,4,290.0,290.0,CONDITIONAL_PASS_CANDIDATE,,
S4-B-PTOX050.0-Z330.0-FX45.0-FY15.0-FZ25.0,4,B,110.0,330.0,45.0,15.0,25.0,83.75,230.0,185.0,0.0,0.0,60.0,50.0,8.0,10.0,5,4,290.0,290.0,CONDITIONAL_PASS_CANDIDATE,,
S4-B-PTOX050.0-Z330.0-FX45.0-FY15.0-FZ30.0,4,B,110.0,330.0,45.0,15.0,30.0,83.75,235.0,185.0,0.0,0.0,65.0,50.0,8.0,10.0,5,4,290.0,290.0,CONDITIONAL_PASS_CANDIDATE,,
S4-B-PTOX050.0-Z330.0-FX45.0-FY17.5-FZ10.0,4,B,110.0,330.0,45.0,17.5,10.0,86.25,215.0,185.0,2.5,2.5,45.0,50.0,10.5,12.5,5,4,290.0,290.0,CONDITIONAL_PASS_CANDIDATE,,
S4-B-PTOX050.0-Z330.0-FX45.0-FY17.5-FZ15.0,4,B,110.0,330.0,45.0,17.5,15.0,86.25,220.0,185.0,2.5,2.5,50.0,50.0,10.5,12.5,5,4,290.0,290.0,CONDITIONAL_PASS_CANDIDATE,,
S4-B-PTOX050.0-Z330.0-FX45.0-FY17.5-FZ20.0,4,B,110.0,330.0,45.0,17.5,20.0,86.25,225.0,185.0,2.5,2.5,55.0,50.0,10.5,12.5,5,4,290.0,290.0,CONDITIONAL_PASS_CANDIDATE,,
S4-B-PTOX050.0-Z330.0-FX45.0-FY17.5-FZ25.0,4,B,110.0,330.0,45.0,17.5,25.0,86.25,230.0,185.0,2.5,2.5,60.0,50.0,10.5,12.5,5,4,290.0,290.0,CONDITIONAL_PASS_CANDIDATE,,
S4-B-PTOX050.0-Z330.0-FX45.0-FY17.5-FZ30.0,4,B,110.0,330.0,45.0,17.5,30.0,86.25,235.0,185.0,2.5,2.5,65.0,50.0,10.5,12.5,5,4,290.0,290.0,CONDITIONAL_PASS_CANDIDATE,,
S4-B-PTOX050.0-Z330.0-FX45.0-FY20.0-FZ10.0,4,B,110.0,330.0,45.0,20.0,10.0,88.75,215.0,185.0,4.75,5.0,45.0,50.0,12.0,14.75,5,4,290.0,290.0,CONDITIONAL_PASS_CANDIDATE,,
S4-B-PTOX050.0-Z330.0-FX45.0-FY20.0-FZ15.0,4,B,110.0,330.0,45.0,20.0,15.0,88.75,220.0,185.0,4.75,5.0,50.0,50.0,12.0,14.75,5,4,290.0,290.0,CONDITIONAL_PASS_CANDIDATE,,
S4-B-PTOX050.0-Z330.0-FX45.0-FY20.0-FZ20.0,4,B,110.0,330.0,45.0,20.0,20.0,88.75,225.0,185.0,4.75,5.0,55.0,50.0,12.0,14.75,5,4,290.0,290.0,CONDITIONAL_PASS_CANDIDATE,,
S4-B-PTOX050.0-Z330.0-FX45.0-FY20.0-FZ25.0,4,B,110.0,330.0,45.0,20.0,25.0,88.75,230.0,185.0,4.75,5.0,60.0,50.0,12.0,14.75,5,4,290.0,290.0,CONDITIONAL_PASS_CANDIDATE,,
S4-B-PTOX050.0-Z330.0-FX45.0-FY20.0-FZ30.0,4,B,110.0,330.0,45.0,20.0,30.0,88.75,235.0,185.0,4.75,5.0,65.0,50.0,12.0,14.75,5,4,290.0,290.0,CONDITIONAL_PASS_CANDIDATE,,
S4-B-PTOX050.0-Z330.0-FX45.0-FY22.5-FZ10.0,4,B,110.0,330.0,45.0,22.5,10.0,91.25,215.0,185.0,2.25,5.0,45.0,50.0,10.25,12.25,5,4,290.0,290.0,CONDITIONAL_PASS_CANDIDATE,,
S4-B-PTOX050.0-Z330.0-FX45.0-FY22.5-FZ15.0,4,B,110.0,330.0,45.0,22.5,15.0,91.25,220.0,185.0,2.25,5.0,50.0,50.0,10.25,12.25,5,4,290.0,290.0,CONDITIONAL_PASS_CANDIDATE,,
S4-B-PTOX050.0-Z330.0-FX45.0-FY22.5-FZ20.0,4,B,110.0,330.0,45.0,22.5,20.0,91.25,225.0,185.0,2.25,5.0,55.0,50.0,10.25,12.25,5,4,290.0,290.0,CONDITIONAL_PASS_CANDIDATE,,
S4-B-PTOX050.0-Z330.0-FX45.0-FY22.5-FZ25.0,4,B,110.0,330.0,45.0,22.5,25.0,91.25,230.0,185.0,2.25,5.0,60.0,50.0,10.25,12.25,5,4,290.0,290.0,CONDITIONAL_PASS_CANDIDATE,,
S4-B-PTOX050.0-Z330.0-FX45.0-FY22.5-FZ30.0,4,B,110.0,330.0,45.0,22.5,30.0,91.25,235.0,185.0,2.25,5.0,65.0,50.0,10.25,12.25,5,4,290.0,290.0,CONDITIONAL_PASS_CANDIDATE,,
S4-B-PTOX050.0-Z330.0-FX45.0-FY25.0-FZ10.0,4,B,110.0,330.0,45.0,25.0,10.0,93.75,215.0,185.0,-0.25,5.0,45.0,50.0,7.75,9.75,3,4,290.0,290.0,FAIL,,BELT_SAFETY_ENVELOPE_INTERSECTS_FRAME
S4-B-PTOX050.0-Z330.0-FX45.0-FY25.0-FZ15.0,4,B,110.0,330.0,45.0,25.0,15.0,93.75,220.0,185.0,-0.25,5.0,50.0,50.0,7.75,9.75,3,4,290.0,290.0,FAIL,,BELT_SAFETY_ENVELOPE_INTERSECTS_FRAME
S4-B-PTOX050.0-Z330.0-FX45.0-FY25.0-FZ20.0,4,B,110.0,330.0,45.0,25.0,20.0,93.75,225.0,185.0,-0.25,5.0,55.0,50.0,7.75,9.75,3,4,290.0,290.0,FAIL,,BELT_SAFETY_ENVELOPE_INTERSECTS_FRAME
S4-B-PTOX050.0-Z330.0-FX45.0-FY25.0-FZ25.0,4,B,110.0,330.0,45.0,25.0,25.0,93.75,230.0,185.0,-0.25,5.0,60.0,50.0,7.75,9.75,3,4,290.0,290.0,FAIL,,BELT_SAFETY_ENVELOPE_INTERSECTS_FRAME
S4-B-PTOX050.0-Z330.0-FX45.0-FY25.0-FZ30.0,4,B,110.0,330.0,45.0,25.0,30.0,93.75,235.0,185.0,-0.25,5.0,65.0,50.0,7.75,9.75,3,4,290.0,290.0,FAIL,,BELT_SAFETY_ENVELOPE_INTERSECTS_FRAME
S4-B-PTOX050.0-Z330.0-FX50.0-FY15.0-FZ10.0,4,B,110.0,330.0,50.0,15.0,10.0,83.75,215.0,190.0,0.0,0.0,45.0,50.0,8.0,10.0,5,4,290.0,290.0,CONDITIONAL_PASS_CANDIDATE,,
S4-B-PTOX050.0-Z330.0-FX50.0-FY15.0-FZ15.0,4,B,110.0,330.0,50.0,15.0,15.0,83.75,220.0,190.0,0.0,0.0,50.0,50.0,8.0,10.0,5,4,290.0,290.0,CONDITIONAL_PASS_CANDIDATE,,
S4-B-PTOX050.0-Z330.0-FX50.0-FY15.0-FZ20.0,4,B,110.0,330.0,50.0,15.0,20.0,83.75,225.0,190.0,0.0,0.0,55.0,50.0,8.0,10.0,5,4,290.0,290.0,CONDITIONAL_PASS_CANDIDATE,,
S4-B-PTOX050.0-Z330.0-FX50.0-FY15.0-FZ25.0,4,B,110.0,330.0,50.0,15.0,25.0,83.75,230.0,190.0,0.0,0.0,60.0,50.0,8.0,10.0,5,4,290.0,290.0,CONDITIONAL_PASS_CANDIDATE,,
S4-B-PTOX050.0-Z330.0-FX50.0-FY15.0-FZ30.0,4,B,110.0,330.0,50.0,15.0,30.0,83.75,235.0,190.0,0.0,0.0,65.0,50.0,8.0,10.0,5,4,290.0,290.0,CONDITIONAL_PASS_CANDIDATE,,
S4-B-PTOX050.0-Z330.0-FX50.0-FY17.5-FZ10.0,4,B,110.0,330.0,50.0,17.5,10.0,86.25,215.0,190.0,2.5,2.5,45.0,50.0,10.5,12.5,5,4,290.0,290.0,CONDITIONAL_PASS_CANDIDATE,,
S4-B-PTOX050.0-Z330.0-FX50.0-FY17.5-FZ15.0,4,B,110.0,330.0,50.0,17.5,15.0,86.25,220.0,190.0,2.5,2.5,50.0,50.0,10.5,12.5,5,4,290.0,290.0,CONDITIONAL_PASS_CANDIDATE,,
S4-B-PTOX050.0-Z330.0-FX50.0-FY17.5-FZ20.0,4,B,110.0,330.0,50.0,17.5,20.0,86.25,225.0,190.0,2.5,2.5,55.0,50.0,10.5,12.5,5,4,290.0,290.0,CONDITIONAL_PASS_CANDIDATE,,
S4-B-PTOX050.0-Z330.0-FX50.0-FY17.5-FZ25.0,4,B,110.0,330.0,50.0,17.5,25.0,86.25,230.0,190.0,2.5,2.5,60.0,50.0,10.5,12.5,5,4,290.0,290.0,CONDITIONAL_PASS_CANDIDATE,,
S4-B-PTOX050.0-Z330.0-FX50.0-FY17.5-FZ30.0,4,B,110.0,330.0,50.0,17.5,30.0,86.25,235.0,190.0,2.5,2.5,65.0,50.0,10.5,12.5,5,4,290.0,290.0,CONDITIONAL_PASS_CANDIDATE,,
S4-B-PTOX050.0-Z330.0-FX50.0-FY20.0-FZ10.0,4,B,110.0,330.0,50.0,20.0,10.0,88.75,215.0,190.0,4.75,5.0,45.0,50.0,12.0,14.75,5,4,290.0,290.0,CONDITIONAL_PASS_CANDIDATE,,
S4-B-PTOX050.0-Z330.0-FX50.0-FY20.0-FZ15.0,4,B,110.0,330.0,50.0,20.0,15.0,88.75,220.0,190.0,4.75,5.0,50.0,50.0,12.0,14.75,5,4,290.0,290.0,CONDITIONAL_PASS_CANDIDATE,,
S4-B-PTOX050.0-Z330.0-FX50.0-FY20.0-FZ20.0,4,B,110.0,330.0,50.0,20.0,20.0,88.75,225.0,190.0,4.75,5.0,55.0,50.0,12.0,14.75,5,4,290.0,290.0,CONDITIONAL_PASS_CANDIDATE,,
S4-B-PTOX050.0-Z330.0-FX50.0-FY20.0-FZ25.0,4,B,110.0,330.0,50.0,20.0,25.0,88.75,230.0,190.0,4.75,5.0,60.0,50.0,12.0,14.75,5,4,290.0,290.0,CONDITIONAL_PASS_CANDIDATE,,
S4-B-PTOX050.0-Z330.0-FX50.0-FY20.0-FZ30.0,4,B,110.0,330.0,50.0,20.0,30.0,88.75,235.0,190.0,4.75,5.0,65.0,50.0,12.0,14.75,5,4,290.0,290.0,CONDITIONAL_PASS_CANDIDATE,,
S4-B-PTOX050.0-Z330.0-FX50.0-FY22.5-FZ10.0,4,B,110.0,330.0,50.0,22.5,10.0,91.25,215.0,190.0,2.25,7.5,45.0,50.0,10.25,12.25,5,4,290.0,290.0,CONDITIONAL_PASS_CANDIDATE,,
S4-B-PTOX050.0-Z330.0-FX50.0-FY22.5-FZ15.0,4,B,110.0,330.0,50.0,22.5,15.0,91.25,220.0,190.0,2.25,7.5,50.0,50.0,10.25,12.25,5,4,290.0,290.0,CONDITIONAL_PASS_CANDIDATE,,
S4-B-PTOX050.0-Z330.0-FX50.0-FY22.5-FZ20.0,4,B,110.0,330.0,50.0,22.5,20.0,91.25,225.0,190.0,2.25,7.5,55.0,50.0,10.25,12.25,5,4,290.0,290.0,CONDITIONAL_PASS_CANDIDATE,,
S4-B-PTOX050.0-Z330.0-FX50.0-FY22.5-FZ25.0,4,B,110.0,330.0,50.0,22.5,25.0,91.25,230.0,190.0,2.25,7.5,60.0,50.0,10.25,12.25,5,4,290.0,290.0,CONDITIONAL_PASS_CANDIDATE,,
S4-B-PTOX050.0-Z330.0-FX50.0-FY22.5-FZ30.0,4,B,110.0,330.0,50.0,22.5,30.0,91.25,235.0,190.0,2.25,7.5,65.0,50.0,10.25,12.25,5,4,290.0,290.0,CONDITIONAL_PASS_CANDIDATE,,
S4-B-PTOX050.0-Z330.0-FX50.0-FY25.0-FZ10.0,4,B,110.0,330.0,50.0,25.0,10.0,93.75,215.0,190.0,-0.25,10.0,45.0,50.0,7.75,9.75,3,4,290.0,290.0,FAIL,,BELT_SAFETY_ENVELOPE_INTERSECTS_FRAME
S4-B-PTOX050.0-Z330.0-FX50.0-FY25.0-FZ15.0,4,B,110.0,330.0,50.0,25.0,15.0,93.75,220.0,190.0,-0.25,10.0,50.0,50.0,7.75,9.75,3,4,290.0,290.0,FAIL,,BELT_SAFETY_ENVELOPE_INTERSECTS_FRAME
S4-B-PTOX050.0-Z330.0-FX50.0-FY25.0-FZ20.0,4,B,110.0,330.0,50.0,25.0,20.0,93.75,225.0,190.0,-0.25,10.0,55.0,50.0,7.75,9.75,3,4,290.0,290.0,FAIL,,BELT_SAFETY_ENVELOPE_INTERSECTS_FRAME
S4-B-PTOX050.0-Z330.0-FX50.0-FY25.0-FZ25.0,4,B,110.0,330.0,50.0,25.0,25.0,93.75,230.0,190.0,-0.25,10.0,60.0,50.0,7.75,9.75,3,4,290.0,290.0,FAIL,,BELT_SAFETY_ENVELOPE_INTERSECTS_FRAME
S4-B-PTOX050.0-Z330.0-FX50.0-FY25.0-FZ30.0,4,B,110.0,330.0,50.0,25.0,30.0,93.75,235.0,190.0,-0.25,10.0,65.0,50.0,7.75,9.75,3,4,290.0,290.0,FAIL,,BELT_SAFETY_ENVELOPE_INTERSECTS_FRAME
S5-A-PTOX040.0-Z320.0-FX40.0-FY20.0-FZ20.0,5,A,100.0,320.0,40.0,20.0,20.0,88.75,225.0,180.0,4.75,5.0,55.0,60.0,12.0,14.75,5,0,298.0,290.0,FAIL,,ARCH_A_LOW_PTO_AXIAL_STACK_HOLD
S5-B-PTOX040.0-Z320.0-FX40.0-FY20.0-FZ20.0,5,B,100.0,320.0,40.0,20.0,20.0,88.75,225.0,180.0,4.75,5.0,55.0,60.0,12.0,14.75,5,4,290.0,290.0,CONDITIONAL_PASS_CANDIDATE,,
