ISO-10303-21;
HEADER;
FILE_DESCRIPTION(('Open CASCADE Model'),'2;1');
FILE_NAME('Open CASCADE Shape Model','2026-08-27T07:44:05',('Author'),(
    'Open CASCADE'),'Open CASCADE STEP processor 7.9','Open CASCADE 7.9'
  ,'Unknown');
FILE_SCHEMA(('AUTOMOTIVE_DESIGN { 1 0 10303 214 1 1 1 1 }'));
ENDSEC;
DATA;
#1 = APPLICATION_PROTOCOL_DEFINITION('international standard',
  'automotive_design',2000,#2);
#2 = APPLICATION_CONTEXT(
  'core data for automotive mechanical design processes');
#3 = SHAPE_DEFINITION_REPRESENTATION(#4,#10);
#4 = PRODUCT_DEFINITION_SHAPE('','',#5);
#5 = PRODUCT_DEFINITION('design','',#6,#9);
#6 = PRODUCT_DEFINITION_FORMATION('','',#7);
#7 = PRODUCT('Open CASCADE STEP translator 7.9 4',
  'Open CASCADE STEP translator 7.9 4','',(#8));
#8 = PRODUCT_CONTEXT('',#2,'mechanical');
#9 = PRODUCT_DEFINITION_CONTEXT('part definition',#2,'design');
#10 = ADVANCED_BREP_SHAPE_REPRESENTATION('',(#11,#15),#12677);
#11 = AXIS2_PLACEMENT_3D('',#12,#13,#14);
#12 = CARTESIAN_POINT('',(0.,0.,0.));
#13 = DIRECTION('',(0.,0.,1.));
#14 = DIRECTION('',(1.,0.,-0.));
#15 = MANIFOLD_SOLID_BREP('',#16);
#16 = CLOSED_SHELL('',(#17,#137,#1499,#1549,#1603,#1863,#2354,#2845,
    #2894,#2943,#2992,#3041,#3068,#3095,#3144,#3193,#3242,#3291,#3318,
    #3345,#3372,#3399,#3424,#3449,#3526,#3575,#3624,#3777,#3925,#3974,
    #4023,#4077,#4127,#4176,#4225,#4275,#4329,#4376,#4423,#4679,#4910,
    #4957,#5004,#5079,#5134,#5189,#5244,#5299,#5395,#5445,#5622,#5799,
    #5875,#5924,#5973,#6000,#6076,#6125,#6174,#6201,#6277,#6326,#6375,
    #6402,#6579,#6756,#6832,#6881,#6930,#6957,#7033,#7082,#7131,#7158,
    #7234,#7283,#7332,#7359,#7391,#7527,#7575,#7698,#7854,#7990,#8038,
    #8136,#8283,#8388,#8437,#8513,#8676,#8703,#8716,#8743,#8748,#8892,
    #9036,#9180,#9324,#9371,#9398,#9425,#9452,#9479,#9486,#9533,#9560,
    #9587,#9614,#9641,#9648,#9655,#9662,#9669,#9716,#9743,#9770,#9797,
    #9824,#9831,#9878,#9905,#9932,#9959,#9986,#9993,#10000,#10007,#10014
    ,#10041,#10169,#10176,#10319,#10432,#10508,#10577,#10604,#10653,
    #10680,#10798,#10805,#10832,#10901,#10955,#11002,#11049,#11103,
    #11490,#11607,#11635,#11642,#11868,#11917,#11989,#12016,#12021,
    #12070,#12142,#12169,#12302,#12379,#12428,#12478,#12505,#12512,
    #12539,#12546,#12593,#12641,#12668));
#17 = ADVANCED_FACE('',(#18),#32,.F.);
#18 = FACE_BOUND('',#19,.F.);
#19 = EDGE_LOOP('',(#20,#55,#83,#111));
#20 = ORIENTED_EDGE('',*,*,#21,.F.);
#21 = EDGE_CURVE('',#22,#24,#26,.T.);
#22 = VERTEX_POINT('',#23);
#23 = CARTESIAN_POINT('',(-38.,-11.,8.));
#24 = VERTEX_POINT('',#25);
#25 = CARTESIAN_POINT('',(-38.,11.,8.));
#26 = SURFACE_CURVE('',#27,(#31,#43),.PCURVE_S1.);
#27 = LINE('',#28,#29);
#28 = CARTESIAN_POINT('',(-38.,-15.,8.));
#29 = VECTOR('',#30,1.);
#30 = DIRECTION('',(0.,1.,0.));
#31 = PCURVE('',#32,#37);
#32 = PLANE('',#33);
#33 = AXIS2_PLACEMENT_3D('',#34,#35,#36);
#34 = CARTESIAN_POINT('',(-38.,-15.,-3.));
#35 = DIRECTION('',(1.,0.,0.));
#36 = DIRECTION('',(0.,0.,1.));
#37 = DEFINITIONAL_REPRESENTATION('',(#38),#42);
#38 = LINE('',#39,#40);
#39 = CARTESIAN_POINT('',(11.,0.));
#40 = VECTOR('',#41,1.);
#41 = DIRECTION('',(0.,-1.));
#42 = ( GEOMETRIC_REPRESENTATION_CONTEXT(2) 
PARAMETRIC_REPRESENTATION_CONTEXT() REPRESENTATION_CONTEXT('2D SPACE',''
  ) );
#43 = PCURVE('',#44,#49);
#44 = PLANE('',#45);
#45 = AXIS2_PLACEMENT_3D('',#46,#47,#48);
#46 = CARTESIAN_POINT('',(-38.,-15.,8.));
#47 = DIRECTION('',(0.,0.,1.));
#48 = DIRECTION('',(1.,0.,0.));
#49 = DEFINITIONAL_REPRESENTATION('',(#50),#54);
#50 = LINE('',#51,#52);
#51 = CARTESIAN_POINT('',(0.,0.));
#52 = VECTOR('',#53,1.);
#53 = DIRECTION('',(0.,1.));
#54 = ( GEOMETRIC_REPRESENTATION_CONTEXT(2) 
PARAMETRIC_REPRESENTATION_CONTEXT() REPRESENTATION_CONTEXT('2D SPACE',''
  ) );
#55 = ORIENTED_EDGE('',*,*,#56,.F.);
#56 = EDGE_CURVE('',#57,#22,#59,.T.);
#57 = VERTEX_POINT('',#58);
#58 = CARTESIAN_POINT('',(-38.,-11.,-3.));
#59 = SURFACE_CURVE('',#60,(#64,#71),.PCURVE_S1.);
#60 = LINE('',#61,#62);
#61 = CARTESIAN_POINT('',(-38.,-11.,-3.));
#62 = VECTOR('',#63,1.);
#63 = DIRECTION('',(0.,0.,1.));
#64 = PCURVE('',#32,#65);
#65 = DEFINITIONAL_REPRESENTATION('',(#66),#70);
#66 = LINE('',#67,#68);
#67 = CARTESIAN_POINT('',(0.,-4.));
#68 = VECTOR('',#69,1.);
#69 = DIRECTION('',(1.,0.));
#70 = ( GEOMETRIC_REPRESENTATION_CONTEXT(2) 
PARAMETRIC_REPRESENTATION_CONTEXT() REPRESENTATION_CONTEXT('2D SPACE',''
  ) );
#71 = PCURVE('',#72,#77);
#72 = CYLINDRICAL_SURFACE('',#73,4.);
#73 = AXIS2_PLACEMENT_3D('',#74,#75,#76);
#74 = CARTESIAN_POINT('',(-34.,-11.,-3.));
#75 = DIRECTION('',(0.,0.,1.));
#76 = DIRECTION('',(-1.,-0.,0.));
#77 = DEFINITIONAL_REPRESENTATION('',(#78),#82);
#78 = LINE('',#79,#80);
#79 = CARTESIAN_POINT('',(0.,0.));
#80 = VECTOR('',#81,1.);
#81 = DIRECTION('',(0.,1.));
#82 = ( GEOMETRIC_REPRESENTATION_CONTEXT(2) 
PARAMETRIC_REPRESENTATION_CONTEXT() REPRESENTATION_CONTEXT('2D SPACE',''
  ) );
#83 = ORIENTED_EDGE('',*,*,#84,.T.);
#84 = EDGE_CURVE('',#57,#85,#87,.T.);
#85 = VERTEX_POINT('',#86);
#86 = CARTESIAN_POINT('',(-38.,11.,-3.));
#87 = SURFACE_CURVE('',#88,(#92,#99),.PCURVE_S1.);
#88 = LINE('',#89,#90);
#89 = CARTESIAN_POINT('',(-38.,-15.,-3.));
#90 = VECTOR('',#91,1.);
#91 = DIRECTION('',(0.,1.,0.));
#92 = PCURVE('',#32,#93);
#93 = DEFINITIONAL_REPRESENTATION('',(#94),#98);
#94 = LINE('',#95,#96);
#95 = CARTESIAN_POINT('',(0.,0.));
#96 = VECTOR('',#97,1.);
#97 = DIRECTION('',(0.,-1.));
#98 = ( GEOMETRIC_REPRESENTATION_CONTEXT(2) 
PARAMETRIC_REPRESENTATION_CONTEXT() REPRESENTATION_CONTEXT('2D SPACE',''
  ) );
#99 = PCURVE('',#100,#105);
#100 = PLANE('',#101);
#101 = AXIS2_PLACEMENT_3D('',#102,#103,#104);
#102 = CARTESIAN_POINT('',(-38.,-15.,-3.));
#103 = DIRECTION('',(0.,0.,1.));
#104 = DIRECTION('',(1.,0.,0.));
#105 = DEFINITIONAL_REPRESENTATION('',(#106),#110);
#106 = LINE('',#107,#108);
#107 = CARTESIAN_POINT('',(0.,0.));
#108 = VECTOR('',#109,1.);
#109 = DIRECTION('',(0.,1.));
#110 = ( GEOMETRIC_REPRESENTATION_CONTEXT(2) 
PARAMETRIC_REPRESENTATION_CONTEXT() REPRESENTATION_CONTEXT('2D SPACE',''
  ) );
#111 = ORIENTED_EDGE('',*,*,#112,.T.);
#112 = EDGE_CURVE('',#85,#24,#113,.T.);
#113 = SURFACE_CURVE('',#114,(#118,#125),.PCURVE_S1.);
#114 = LINE('',#115,#116);
#115 = CARTESIAN_POINT('',(-38.,11.,-3.));
#116 = VECTOR('',#117,1.);
#117 = DIRECTION('',(0.,0.,1.));
#118 = PCURVE('',#32,#119);
#119 = DEFINITIONAL_REPRESENTATION('',(#120),#124);
#120 = LINE('',#121,#122);
#121 = CARTESIAN_POINT('',(0.,-26.));
#122 = VECTOR('',#123,1.);
#123 = DIRECTION('',(1.,0.));
#124 = ( GEOMETRIC_REPRESENTATION_CONTEXT(2) 
PARAMETRIC_REPRESENTATION_CONTEXT() REPRESENTATION_CONTEXT('2D SPACE',''
  ) );
#125 = PCURVE('',#126,#131);
#126 = CYLINDRICAL_SURFACE('',#127,4.);
#127 = AXIS2_PLACEMENT_3D('',#128,#129,#130);
#128 = CARTESIAN_POINT('',(-34.,11.,-3.));
#129 = DIRECTION('',(0.,0.,1.));
#130 = DIRECTION('',(-1.,-0.,0.));
#131 = DEFINITIONAL_REPRESENTATION('',(#132),#136);
#132 = LINE('',#133,#134);
#133 = CARTESIAN_POINT('',(-0.,0.));
#134 = VECTOR('',#135,1.);
#135 = DIRECTION('',(-0.,1.));
#136 = ( GEOMETRIC_REPRESENTATION_CONTEXT(2) 
PARAMETRIC_REPRESENTATION_CONTEXT() REPRESENTATION_CONTEXT('2D SPACE',''
  ) );
#137 = ADVANCED_FACE('',(#138,#1375,#1406,#1437,#1468),#44,.T.);
#138 = FACE_BOUND('',#139,.T.);
#139 = EDGE_LOOP('',(#140,#141,#165,#193,#221,#249,#277,#300,#328,#356,
    #384,#407,#440,#468,#497,#523,#549,#577,#610,#638,#667,#695,#721,
    #747,#776,#802,#828,#856,#889,#917,#946,#974,#1000,#1026,#1050,#1078
    ,#1107,#1135,#1163,#1191,#1219,#1242,#1270,#1298,#1326,#1349));
#140 = ORIENTED_EDGE('',*,*,#21,.F.);
#141 = ORIENTED_EDGE('',*,*,#142,.T.);
#142 = EDGE_CURVE('',#22,#143,#145,.T.);
#143 = VERTEX_POINT('',#144);
#144 = CARTESIAN_POINT('',(-34.,-15.,8.));
#145 = SURFACE_CURVE('',#146,(#151,#158),.PCURVE_S1.);
#146 = CIRCLE('',#147,4.);
#147 = AXIS2_PLACEMENT_3D('',#148,#149,#150);
#148 = CARTESIAN_POINT('',(-34.,-11.,8.));
#149 = DIRECTION('',(0.,0.,1.));
#150 = DIRECTION('',(0.,-1.,0.));
#151 = PCURVE('',#44,#152);
#152 = DEFINITIONAL_REPRESENTATION('',(#153),#157);
#153 = CIRCLE('',#154,4.);
#154 = AXIS2_PLACEMENT_2D('',#155,#156);
#155 = CARTESIAN_POINT('',(4.,4.));
#156 = DIRECTION('',(0.,-1.));
#157 = ( GEOMETRIC_REPRESENTATION_CONTEXT(2) 
PARAMETRIC_REPRESENTATION_CONTEXT() REPRESENTATION_CONTEXT('2D SPACE',''
  ) );
#158 = PCURVE('',#72,#159);
#159 = DEFINITIONAL_REPRESENTATION('',(#160),#164);
#160 = LINE('',#161,#162);
#161 = CARTESIAN_POINT('',(-4.712388980385,11.));
#162 = VECTOR('',#163,1.);
#163 = DIRECTION('',(1.,0.));
#164 = ( GEOMETRIC_REPRESENTATION_CONTEXT(2) 
PARAMETRIC_REPRESENTATION_CONTEXT() REPRESENTATION_CONTEXT('2D SPACE',''
  ) );
#165 = ORIENTED_EDGE('',*,*,#166,.T.);
#166 = EDGE_CURVE('',#143,#167,#169,.T.);
#167 = VERTEX_POINT('',#168);
#168 = CARTESIAN_POINT('',(-22.5,-15.,8.));
#169 = SURFACE_CURVE('',#170,(#174,#181),.PCURVE_S1.);
#170 = LINE('',#171,#172);
#171 = CARTESIAN_POINT('',(-38.,-15.,8.));
#172 = VECTOR('',#173,1.);
#173 = DIRECTION('',(1.,0.,0.));
#174 = PCURVE('',#44,#175);
#175 = DEFINITIONAL_REPRESENTATION('',(#176),#180);
#176 = LINE('',#177,#178);
#177 = CARTESIAN_POINT('',(0.,0.));
#178 = VECTOR('',#179,1.);
#179 = DIRECTION('',(1.,0.));
#180 = ( GEOMETRIC_REPRESENTATION_CONTEXT(2) 
PARAMETRIC_REPRESENTATION_CONTEXT() REPRESENTATION_CONTEXT('2D SPACE',''
  ) );
#181 = PCURVE('',#182,#187);
#182 = PLANE('',#183);
#183 = AXIS2_PLACEMENT_3D('',#184,#185,#186);
#184 = CARTESIAN_POINT('',(-38.,-15.,-3.));
#185 = DIRECTION('',(0.,1.,0.));
#186 = DIRECTION('',(0.,0.,1.));
#187 = DEFINITIONAL_REPRESENTATION('',(#188),#192);
#188 = LINE('',#189,#190);
#189 = CARTESIAN_POINT('',(11.,0.));
#190 = VECTOR('',#191,1.);
#191 = DIRECTION('',(0.,1.));
#192 = ( GEOMETRIC_REPRESENTATION_CONTEXT(2) 
PARAMETRIC_REPRESENTATION_CONTEXT() REPRESENTATION_CONTEXT('2D SPACE',''
  ) );
#193 = ORIENTED_EDGE('',*,*,#194,.F.);
#194 = EDGE_CURVE('',#195,#167,#197,.T.);
#195 = VERTEX_POINT('',#196);
#196 = CARTESIAN_POINT('',(-22.5,-26.,8.));
#197 = SURFACE_CURVE('',#198,(#202,#209),.PCURVE_S1.);
#198 = LINE('',#199,#200);
#199 = CARTESIAN_POINT('',(-22.5,-26.,8.));
#200 = VECTOR('',#201,1.);
#201 = DIRECTION('',(0.,1.,0.));
#202 = PCURVE('',#44,#203);
#203 = DEFINITIONAL_REPRESENTATION('',(#204),#208);
#204 = LINE('',#205,#206);
#205 = CARTESIAN_POINT('',(15.5,-11.));
#206 = VECTOR('',#207,1.);
#207 = DIRECTION('',(0.,1.));
#208 = ( GEOMETRIC_REPRESENTATION_CONTEXT(2) 
PARAMETRIC_REPRESENTATION_CONTEXT() REPRESENTATION_CONTEXT('2D SPACE',''
  ) );
#209 = PCURVE('',#210,#215);
#210 = PLANE('',#211);
#211 = AXIS2_PLACEMENT_3D('',#212,#213,#214);
#212 = CARTESIAN_POINT('',(-22.5,-26.,4.));
#213 = DIRECTION('',(1.,0.,0.));
#214 = DIRECTION('',(0.,0.,1.));
#215 = DEFINITIONAL_REPRESENTATION('',(#216),#220);
#216 = LINE('',#217,#218);
#217 = CARTESIAN_POINT('',(4.,0.));
#218 = VECTOR('',#219,1.);
#219 = DIRECTION('',(0.,-1.));
#220 = ( GEOMETRIC_REPRESENTATION_CONTEXT(2) 
PARAMETRIC_REPRESENTATION_CONTEXT() REPRESENTATION_CONTEXT('2D SPACE',''
  ) );
#221 = ORIENTED_EDGE('',*,*,#222,.T.);
#222 = EDGE_CURVE('',#195,#223,#225,.T.);
#223 = VERTEX_POINT('',#224);
#224 = CARTESIAN_POINT('',(-13.5,-26.,8.));
#225 = SURFACE_CURVE('',#226,(#230,#237),.PCURVE_S1.);
#226 = LINE('',#227,#228);
#227 = CARTESIAN_POINT('',(-22.5,-26.,8.));
#228 = VECTOR('',#229,1.);
#229 = DIRECTION('',(1.,0.,0.));
#230 = PCURVE('',#44,#231);
#231 = DEFINITIONAL_REPRESENTATION('',(#232),#236);
#232 = LINE('',#233,#234);
#233 = CARTESIAN_POINT('',(15.5,-11.));
#234 = VECTOR('',#235,1.);
#235 = DIRECTION('',(1.,0.));
#236 = ( GEOMETRIC_REPRESENTATION_CONTEXT(2) 
PARAMETRIC_REPRESENTATION_CONTEXT() REPRESENTATION_CONTEXT('2D SPACE',''
  ) );
#237 = PCURVE('',#238,#243);
#238 = PLANE('',#239);
#239 = AXIS2_PLACEMENT_3D('',#240,#241,#242);
#240 = CARTESIAN_POINT('',(-22.5,-26.,4.));
#241 = DIRECTION('',(0.,1.,0.));
#242 = DIRECTION('',(0.,0.,1.));
#243 = DEFINITIONAL_REPRESENTATION('',(#244),#248);
#244 = LINE('',#245,#246);
#245 = CARTESIAN_POINT('',(4.,0.));
#246 = VECTOR('',#247,1.);
#247 = DIRECTION('',(0.,1.));
#248 = ( GEOMETRIC_REPRESENTATION_CONTEXT(2) 
PARAMETRIC_REPRESENTATION_CONTEXT() REPRESENTATION_CONTEXT('2D SPACE',''
  ) );
#249 = ORIENTED_EDGE('',*,*,#250,.T.);
#250 = EDGE_CURVE('',#223,#251,#253,.T.);
#251 = VERTEX_POINT('',#252);
#252 = CARTESIAN_POINT('',(-13.5,-15.,8.));
#253 = SURFACE_CURVE('',#254,(#258,#265),.PCURVE_S1.);
#254 = LINE('',#255,#256);
#255 = CARTESIAN_POINT('',(-13.5,-26.,8.));
#256 = VECTOR('',#257,1.);
#257 = DIRECTION('',(0.,1.,0.));
#258 = PCURVE('',#44,#259);
#259 = DEFINITIONAL_REPRESENTATION('',(#260),#264);
#260 = LINE('',#261,#262);
#261 = CARTESIAN_POINT('',(24.5,-11.));
#262 = VECTOR('',#263,1.);
#263 = DIRECTION('',(0.,1.));
#264 = ( GEOMETRIC_REPRESENTATION_CONTEXT(2) 
PARAMETRIC_REPRESENTATION_CONTEXT() REPRESENTATION_CONTEXT('2D SPACE',''
  ) );
#265 = PCURVE('',#266,#271);
#266 = PLANE('',#267);
#267 = AXIS2_PLACEMENT_3D('',#268,#269,#270);
#268 = CARTESIAN_POINT('',(-13.5,-26.,4.));
#269 = DIRECTION('',(1.,0.,0.));
#270 = DIRECTION('',(0.,0.,1.));
#271 = DEFINITIONAL_REPRESENTATION('',(#272),#276);
#272 = LINE('',#273,#274);
#273 = CARTESIAN_POINT('',(4.,0.));
#274 = VECTOR('',#275,1.);
#275 = DIRECTION('',(0.,-1.));
#276 = ( GEOMETRIC_REPRESENTATION_CONTEXT(2) 
PARAMETRIC_REPRESENTATION_CONTEXT() REPRESENTATION_CONTEXT('2D SPACE',''
  ) );
#277 = ORIENTED_EDGE('',*,*,#278,.T.);
#278 = EDGE_CURVE('',#251,#279,#281,.T.);
#279 = VERTEX_POINT('',#280);
#280 = CARTESIAN_POINT('',(13.5,-15.,8.));
#281 = SURFACE_CURVE('',#282,(#286,#293),.PCURVE_S1.);
#282 = LINE('',#283,#284);
#283 = CARTESIAN_POINT('',(-38.,-15.,8.));
#284 = VECTOR('',#285,1.);
#285 = DIRECTION('',(1.,0.,0.));
#286 = PCURVE('',#44,#287);
#287 = DEFINITIONAL_REPRESENTATION('',(#288),#292);
#288 = LINE('',#289,#290);
#289 = CARTESIAN_POINT('',(0.,0.));
#290 = VECTOR('',#291,1.);
#291 = DIRECTION('',(1.,0.));
#292 = ( GEOMETRIC_REPRESENTATION_CONTEXT(2) 
PARAMETRIC_REPRESENTATION_CONTEXT() REPRESENTATION_CONTEXT('2D SPACE',''
  ) );
#293 = PCURVE('',#182,#294);
#294 = DEFINITIONAL_REPRESENTATION('',(#295),#299);
#295 = LINE('',#296,#297);
#296 = CARTESIAN_POINT('',(11.,0.));
#297 = VECTOR('',#298,1.);
#298 = DIRECTION('',(0.,1.));
#299 = ( GEOMETRIC_REPRESENTATION_CONTEXT(2) 
PARAMETRIC_REPRESENTATION_CONTEXT() REPRESENTATION_CONTEXT('2D SPACE',''
  ) );
#300 = ORIENTED_EDGE('',*,*,#301,.F.);
#301 = EDGE_CURVE('',#302,#279,#304,.T.);
#302 = VERTEX_POINT('',#303);
#303 = CARTESIAN_POINT('',(13.5,-26.,8.));
#304 = SURFACE_CURVE('',#305,(#309,#316),.PCURVE_S1.);
#305 = LINE('',#306,#307);
#306 = CARTESIAN_POINT('',(13.5,-26.,8.));
#307 = VECTOR('',#308,1.);
#308 = DIRECTION('',(0.,1.,0.));
#309 = PCURVE('',#44,#310);
#310 = DEFINITIONAL_REPRESENTATION('',(#311),#315);
#311 = LINE('',#312,#313);
#312 = CARTESIAN_POINT('',(51.5,-11.));
#313 = VECTOR('',#314,1.);
#314 = DIRECTION('',(0.,1.));
#315 = ( GEOMETRIC_REPRESENTATION_CONTEXT(2) 
PARAMETRIC_REPRESENTATION_CONTEXT() REPRESENTATION_CONTEXT('2D SPACE',''
  ) );
#316 = PCURVE('',#317,#322);
#317 = PLANE('',#318);
#318 = AXIS2_PLACEMENT_3D('',#319,#320,#321);
#319 = CARTESIAN_POINT('',(13.5,-26.,4.));
#320 = DIRECTION('',(1.,0.,0.));
#321 = DIRECTION('',(0.,0.,1.));
#322 = DEFINITIONAL_REPRESENTATION('',(#323),#327);
#323 = LINE('',#324,#325);
#324 = CARTESIAN_POINT('',(4.,0.));
#325 = VECTOR('',#326,1.);
#326 = DIRECTION('',(0.,-1.));
#327 = ( GEOMETRIC_REPRESENTATION_CONTEXT(2) 
PARAMETRIC_REPRESENTATION_CONTEXT() REPRESENTATION_CONTEXT('2D SPACE',''
  ) );
#328 = ORIENTED_EDGE('',*,*,#329,.T.);
#329 = EDGE_CURVE('',#302,#330,#332,.T.);
#330 = VERTEX_POINT('',#331);
#331 = CARTESIAN_POINT('',(22.5,-26.,8.));
#332 = SURFACE_CURVE('',#333,(#337,#344),.PCURVE_S1.);
#333 = LINE('',#334,#335);
#334 = CARTESIAN_POINT('',(13.5,-26.,8.));
#335 = VECTOR('',#336,1.);
#336 = DIRECTION('',(1.,0.,0.));
#337 = PCURVE('',#44,#338);
#338 = DEFINITIONAL_REPRESENTATION('',(#339),#343);
#339 = LINE('',#340,#341);
#340 = CARTESIAN_POINT('',(51.5,-11.));
#341 = VECTOR('',#342,1.);
#342 = DIRECTION('',(1.,0.));
#343 = ( GEOMETRIC_REPRESENTATION_CONTEXT(2) 
PARAMETRIC_REPRESENTATION_CONTEXT() REPRESENTATION_CONTEXT('2D SPACE',''
  ) );
#344 = PCURVE('',#345,#350);
#345 = PLANE('',#346);
#346 = AXIS2_PLACEMENT_3D('',#347,#348,#349);
#347 = CARTESIAN_POINT('',(13.5,-26.,4.));
#348 = DIRECTION('',(0.,1.,0.));
#349 = DIRECTION('',(0.,0.,1.));
#350 = DEFINITIONAL_REPRESENTATION('',(#351),#355);
#351 = LINE('',#352,#353);
#352 = CARTESIAN_POINT('',(4.,0.));
#353 = VECTOR('',#354,1.);
#354 = DIRECTION('',(0.,1.));
#355 = ( GEOMETRIC_REPRESENTATION_CONTEXT(2) 
PARAMETRIC_REPRESENTATION_CONTEXT() REPRESENTATION_CONTEXT('2D SPACE',''
  ) );
#356 = ORIENTED_EDGE('',*,*,#357,.T.);
#357 = EDGE_CURVE('',#330,#358,#360,.T.);
#358 = VERTEX_POINT('',#359);
#359 = CARTESIAN_POINT('',(22.5,-15.,8.));
#360 = SURFACE_CURVE('',#361,(#365,#372),.PCURVE_S1.);
#361 = LINE('',#362,#363);
#362 = CARTESIAN_POINT('',(22.5,-26.,8.));
#363 = VECTOR('',#364,1.);
#364 = DIRECTION('',(0.,1.,0.));
#365 = PCURVE('',#44,#366);
#366 = DEFINITIONAL_REPRESENTATION('',(#367),#371);
#367 = LINE('',#368,#369);
#368 = CARTESIAN_POINT('',(60.5,-11.));
#369 = VECTOR('',#370,1.);
#370 = DIRECTION('',(0.,1.));
#371 = ( GEOMETRIC_REPRESENTATION_CONTEXT(2) 
PARAMETRIC_REPRESENTATION_CONTEXT() REPRESENTATION_CONTEXT('2D SPACE',''
  ) );
#372 = PCURVE('',#373,#378);
#373 = PLANE('',#374);
#374 = AXIS2_PLACEMENT_3D('',#375,#376,#377);
#375 = CARTESIAN_POINT('',(22.5,-26.,4.));
#376 = DIRECTION('',(1.,0.,0.));
#377 = DIRECTION('',(0.,0.,1.));
#378 = DEFINITIONAL_REPRESENTATION('',(#379),#383);
#379 = LINE('',#380,#381);
#380 = CARTESIAN_POINT('',(4.,0.));
#381 = VECTOR('',#382,1.);
#382 = DIRECTION('',(0.,-1.));
#383 = ( GEOMETRIC_REPRESENTATION_CONTEXT(2) 
PARAMETRIC_REPRESENTATION_CONTEXT() REPRESENTATION_CONTEXT('2D SPACE',''
  ) );
#384 = ORIENTED_EDGE('',*,*,#385,.T.);
#385 = EDGE_CURVE('',#358,#386,#388,.T.);
#386 = VERTEX_POINT('',#387);
#387 = CARTESIAN_POINT('',(34.,-15.,8.));
#388 = SURFACE_CURVE('',#389,(#393,#400),.PCURVE_S1.);
#389 = LINE('',#390,#391);
#390 = CARTESIAN_POINT('',(-38.,-15.,8.));
#391 = VECTOR('',#392,1.);
#392 = DIRECTION('',(1.,0.,0.));
#393 = PCURVE('',#44,#394);
#394 = DEFINITIONAL_REPRESENTATION('',(#395),#399);
#395 = LINE('',#396,#397);
#396 = CARTESIAN_POINT('',(0.,0.));
#397 = VECTOR('',#398,1.);
#398 = DIRECTION('',(1.,0.));
#399 = ( GEOMETRIC_REPRESENTATION_CONTEXT(2) 
PARAMETRIC_REPRESENTATION_CONTEXT() REPRESENTATION_CONTEXT('2D SPACE',''
  ) );
#400 = PCURVE('',#182,#401);
#401 = DEFINITIONAL_REPRESENTATION('',(#402),#406);
#402 = LINE('',#403,#404);
#403 = CARTESIAN_POINT('',(11.,0.));
#404 = VECTOR('',#405,1.);
#405 = DIRECTION('',(0.,1.));
#406 = ( GEOMETRIC_REPRESENTATION_CONTEXT(2) 
PARAMETRIC_REPRESENTATION_CONTEXT() REPRESENTATION_CONTEXT('2D SPACE',''
  ) );
#407 = ORIENTED_EDGE('',*,*,#408,.F.);
#408 = EDGE_CURVE('',#409,#386,#411,.T.);
#409 = VERTEX_POINT('',#410);
#410 = CARTESIAN_POINT('',(38.,-11.,8.));
#411 = SURFACE_CURVE('',#412,(#417,#428),.PCURVE_S1.);
#412 = CIRCLE('',#413,4.);
#413 = AXIS2_PLACEMENT_3D('',#414,#415,#416);
#414 = CARTESIAN_POINT('',(34.,-11.,8.));
#415 = DIRECTION('',(-0.,-0.,-1.));
#416 = DIRECTION('',(0.,-1.,0.));
#417 = PCURVE('',#44,#418);
#418 = DEFINITIONAL_REPRESENTATION('',(#419),#427);
#419 = ( BOUNDED_CURVE() B_SPLINE_CURVE(2,(#420,#421,#422,#423,#424,#425
,#426),.UNSPECIFIED.,.T.,.F.) B_SPLINE_CURVE_WITH_KNOTS((1,2,2,2,2,1),(
    -2.094395102393,0.,2.094395102393,4.188790204786,6.28318530718,
8.377580409573),.UNSPECIFIED.) CURVE() GEOMETRIC_REPRESENTATION_ITEM() 
RATIONAL_B_SPLINE_CURVE((1.,0.5,1.,0.5,1.,0.5,1.)) REPRESENTATION_ITEM(
  '') );
#420 = CARTESIAN_POINT('',(72.,0.));
#421 = CARTESIAN_POINT('',(65.071796769725,0.));
#422 = CARTESIAN_POINT('',(68.535898384862,6.));
#423 = CARTESIAN_POINT('',(72.,12.));
#424 = CARTESIAN_POINT('',(75.464101615138,6.));
#425 = CARTESIAN_POINT('',(78.928203230276,6.217248937901E-15));
#426 = CARTESIAN_POINT('',(72.,0.));
#427 = ( GEOMETRIC_REPRESENTATION_CONTEXT(2) 
PARAMETRIC_REPRESENTATION_CONTEXT() REPRESENTATION_CONTEXT('2D SPACE',''
  ) );
#428 = PCURVE('',#429,#434);
#429 = CYLINDRICAL_SURFACE('',#430,4.);
#430 = AXIS2_PLACEMENT_3D('',#431,#432,#433);
#431 = CARTESIAN_POINT('',(34.,-11.,-3.));
#432 = DIRECTION('',(0.,0.,1.));
#433 = DIRECTION('',(1.,0.,-0.));
#434 = DEFINITIONAL_REPRESENTATION('',(#435),#439);
#435 = LINE('',#436,#437);
#436 = CARTESIAN_POINT('',(4.712388980385,11.));
#437 = VECTOR('',#438,1.);
#438 = DIRECTION('',(-1.,0.));
#439 = ( GEOMETRIC_REPRESENTATION_CONTEXT(2) 
PARAMETRIC_REPRESENTATION_CONTEXT() REPRESENTATION_CONTEXT('2D SPACE',''
  ) );
#440 = ORIENTED_EDGE('',*,*,#441,.T.);
#441 = EDGE_CURVE('',#409,#442,#444,.T.);
#442 = VERTEX_POINT('',#443);
#443 = CARTESIAN_POINT('',(38.,-3.35410196625,8.));
#444 = SURFACE_CURVE('',#445,(#449,#456),.PCURVE_S1.);
#445 = LINE('',#446,#447);
#446 = CARTESIAN_POINT('',(38.,-15.,8.));
#447 = VECTOR('',#448,1.);
#448 = DIRECTION('',(0.,1.,0.));
#449 = PCURVE('',#44,#450);
#450 = DEFINITIONAL_REPRESENTATION('',(#451),#455);
#451 = LINE('',#452,#453);
#452 = CARTESIAN_POINT('',(76.,0.));
#453 = VECTOR('',#454,1.);
#454 = DIRECTION('',(0.,1.));
#455 = ( GEOMETRIC_REPRESENTATION_CONTEXT(2) 
PARAMETRIC_REPRESENTATION_CONTEXT() REPRESENTATION_CONTEXT('2D SPACE',''
  ) );
#456 = PCURVE('',#457,#462);
#457 = PLANE('',#458);
#458 = AXIS2_PLACEMENT_3D('',#459,#460,#461);
#459 = CARTESIAN_POINT('',(38.,-15.,-3.));
#460 = DIRECTION('',(1.,0.,0.));
#461 = DIRECTION('',(0.,0.,1.));
#462 = DEFINITIONAL_REPRESENTATION('',(#463),#467);
#463 = LINE('',#464,#465);
#464 = CARTESIAN_POINT('',(11.,0.));
#465 = VECTOR('',#466,1.);
#466 = DIRECTION('',(0.,-1.));
#467 = ( GEOMETRIC_REPRESENTATION_CONTEXT(2) 
PARAMETRIC_REPRESENTATION_CONTEXT() REPRESENTATION_CONTEXT('2D SPACE',''
  ) );
#468 = ORIENTED_EDGE('',*,*,#469,.F.);
#469 = EDGE_CURVE('',#470,#442,#472,.T.);
#470 = VERTEX_POINT('',#471);
#471 = CARTESIAN_POINT('',(37.,-4.031128874149,8.));
#472 = SURFACE_CURVE('',#473,(#478,#485),.PCURVE_S1.);
#473 = CIRCLE('',#474,4.5);
#474 = AXIS2_PLACEMENT_3D('',#475,#476,#477);
#475 = CARTESIAN_POINT('',(35.,0.,8.));
#476 = DIRECTION('',(0.,0.,1.));
#477 = DIRECTION('',(1.,0.,-0.));
#478 = PCURVE('',#44,#479);
#479 = DEFINITIONAL_REPRESENTATION('',(#480),#484);
#480 = CIRCLE('',#481,4.5);
#481 = AXIS2_PLACEMENT_2D('',#482,#483);
#482 = CARTESIAN_POINT('',(73.,15.));
#483 = DIRECTION('',(1.,0.));
#484 = ( GEOMETRIC_REPRESENTATION_CONTEXT(2) 
PARAMETRIC_REPRESENTATION_CONTEXT() REPRESENTATION_CONTEXT('2D SPACE',''
  ) );
#485 = PCURVE('',#486,#491);
#486 = CYLINDRICAL_SURFACE('',#487,4.5);
#487 = AXIS2_PLACEMENT_3D('',#488,#489,#490);
#488 = CARTESIAN_POINT('',(35.,0.,-6.));
#489 = DIRECTION('',(0.,0.,1.));
#490 = DIRECTION('',(1.,0.,-0.));
#491 = DEFINITIONAL_REPRESENTATION('',(#492),#496);
#492 = LINE('',#493,#494);
#493 = CARTESIAN_POINT('',(0.,14.));
#494 = VECTOR('',#495,1.);
#495 = DIRECTION('',(1.,0.));
#496 = ( GEOMETRIC_REPRESENTATION_CONTEXT(2) 
PARAMETRIC_REPRESENTATION_CONTEXT() REPRESENTATION_CONTEXT('2D SPACE',''
  ) );
#497 = ORIENTED_EDGE('',*,*,#498,.F.);
#498 = EDGE_CURVE('',#499,#470,#501,.T.);
#499 = VERTEX_POINT('',#500);
#500 = CARTESIAN_POINT('',(37.,-7.5,8.));
#501 = SURFACE_CURVE('',#502,(#506,#512),.PCURVE_S1.);
#502 = LINE('',#503,#504);
#503 = CARTESIAN_POINT('',(37.,-11.25,8.));
#504 = VECTOR('',#505,1.);
#505 = DIRECTION('',(0.,1.,0.));
#506 = PCURVE('',#44,#507);
#507 = DEFINITIONAL_REPRESENTATION('',(#508),#511);
#508 = B_SPLINE_CURVE_WITH_KNOTS('',1,(#509,#510),.UNSPECIFIED.,.F.,.F.,
  (2,2),(3.75,18.75),.PIECEWISE_BEZIER_KNOTS.);
#509 = CARTESIAN_POINT('',(75.,7.5));
#510 = CARTESIAN_POINT('',(75.,22.5));
#511 = ( GEOMETRIC_REPRESENTATION_CONTEXT(2) 
PARAMETRIC_REPRESENTATION_CONTEXT() REPRESENTATION_CONTEXT('2D SPACE',''
  ) );
#512 = PCURVE('',#513,#518);
#513 = PLANE('',#514);
#514 = AXIS2_PLACEMENT_3D('',#515,#516,#517);
#515 = CARTESIAN_POINT('',(37.,-7.5,-0.75));
#516 = DIRECTION('',(1.,0.,0.));
#517 = DIRECTION('',(0.,0.,1.));
#518 = DEFINITIONAL_REPRESENTATION('',(#519),#522);
#519 = B_SPLINE_CURVE_WITH_KNOTS('',1,(#520,#521),.UNSPECIFIED.,.F.,.F.,
  (2,2),(3.75,18.75),.PIECEWISE_BEZIER_KNOTS.);
#520 = CARTESIAN_POINT('',(8.75,0.));
#521 = CARTESIAN_POINT('',(8.75,-15.));
#522 = ( GEOMETRIC_REPRESENTATION_CONTEXT(2) 
PARAMETRIC_REPRESENTATION_CONTEXT() REPRESENTATION_CONTEXT('2D SPACE',''
  ) );
#523 = ORIENTED_EDGE('',*,*,#524,.T.);
#524 = EDGE_CURVE('',#499,#525,#527,.T.);
#525 = VERTEX_POINT('',#526);
#526 = CARTESIAN_POINT('',(36.,-7.5,8.));
#527 = SURFACE_CURVE('',#528,(#532,#538),.PCURVE_S1.);
#528 = LINE('',#529,#530);
#529 = CARTESIAN_POINT('',(-5.5,-7.5,8.));
#530 = VECTOR('',#531,1.);
#531 = DIRECTION('',(-1.,0.,0.));
#532 = PCURVE('',#44,#533);
#533 = DEFINITIONAL_REPRESENTATION('',(#534),#537);
#534 = B_SPLINE_CURVE_WITH_KNOTS('',1,(#535,#536),.UNSPECIFIED.,.F.,.F.,
  (2,2),(-42.5,-32.5),.PIECEWISE_BEZIER_KNOTS.);
#535 = CARTESIAN_POINT('',(75.,7.5));
#536 = CARTESIAN_POINT('',(65.,7.5));
#537 = ( GEOMETRIC_REPRESENTATION_CONTEXT(2) 
PARAMETRIC_REPRESENTATION_CONTEXT() REPRESENTATION_CONTEXT('2D SPACE',''
  ) );
#538 = PCURVE('',#539,#544);
#539 = PLANE('',#540);
#540 = AXIS2_PLACEMENT_3D('',#541,#542,#543);
#541 = CARTESIAN_POINT('',(27.,-7.5,-0.75));
#542 = DIRECTION('',(0.,1.,0.));
#543 = DIRECTION('',(0.,0.,1.));
#544 = DEFINITIONAL_REPRESENTATION('',(#545),#548);
#545 = B_SPLINE_CURVE_WITH_KNOTS('',1,(#546,#547),.UNSPECIFIED.,.F.,.F.,
  (2,2),(-42.5,-32.5),.PIECEWISE_BEZIER_KNOTS.);
#546 = CARTESIAN_POINT('',(8.75,10.));
#547 = CARTESIAN_POINT('',(8.75,0.));
#548 = ( GEOMETRIC_REPRESENTATION_CONTEXT(2) 
PARAMETRIC_REPRESENTATION_CONTEXT() REPRESENTATION_CONTEXT('2D SPACE',''
  ) );
#549 = ORIENTED_EDGE('',*,*,#550,.F.);
#550 = EDGE_CURVE('',#551,#525,#553,.T.);
#551 = VERTEX_POINT('',#552);
#552 = CARTESIAN_POINT('',(36.,-11.,8.));
#553 = SURFACE_CURVE('',#554,(#558,#565),.PCURVE_S1.);
#554 = LINE('',#555,#556);
#555 = CARTESIAN_POINT('',(36.,-14.,8.));
#556 = VECTOR('',#557,1.);
#557 = DIRECTION('',(0.,1.,0.));
#558 = PCURVE('',#44,#559);
#559 = DEFINITIONAL_REPRESENTATION('',(#560),#564);
#560 = LINE('',#561,#562);
#561 = CARTESIAN_POINT('',(74.,1.));
#562 = VECTOR('',#563,1.);
#563 = DIRECTION('',(0.,1.));
#564 = ( GEOMETRIC_REPRESENTATION_CONTEXT(2) 
PARAMETRIC_REPRESENTATION_CONTEXT() REPRESENTATION_CONTEXT('2D SPACE',''
  ) );
#565 = PCURVE('',#566,#571);
#566 = PLANE('',#567);
#567 = AXIS2_PLACEMENT_3D('',#568,#569,#570);
#568 = CARTESIAN_POINT('',(36.,-14.,8.));
#569 = DIRECTION('',(1.,0.,0.));
#570 = DIRECTION('',(0.,0.,1.));
#571 = DEFINITIONAL_REPRESENTATION('',(#572),#576);
#572 = LINE('',#573,#574);
#573 = CARTESIAN_POINT('',(0.,0.));
#574 = VECTOR('',#575,1.);
#575 = DIRECTION('',(0.,-1.));
#576 = ( GEOMETRIC_REPRESENTATION_CONTEXT(2) 
PARAMETRIC_REPRESENTATION_CONTEXT() REPRESENTATION_CONTEXT('2D SPACE',''
  ) );
#577 = ORIENTED_EDGE('',*,*,#578,.T.);
#578 = EDGE_CURVE('',#551,#579,#581,.T.);
#579 = VERTEX_POINT('',#580);
#580 = CARTESIAN_POINT('',(33.,-14.,8.));
#581 = SURFACE_CURVE('',#582,(#587,#598),.PCURVE_S1.);
#582 = CIRCLE('',#583,3.);
#583 = AXIS2_PLACEMENT_3D('',#584,#585,#586);
#584 = CARTESIAN_POINT('',(33.,-11.,8.));
#585 = DIRECTION('',(-0.,-0.,-1.));
#586 = DIRECTION('',(0.,-1.,0.));
#587 = PCURVE('',#44,#588);
#588 = DEFINITIONAL_REPRESENTATION('',(#589),#597);
#589 = ( BOUNDED_CURVE() B_SPLINE_CURVE(2,(#590,#591,#592,#593,#594,#595
,#596),.UNSPECIFIED.,.T.,.F.) B_SPLINE_CURVE_WITH_KNOTS((1,2,2,2,2,1),(
    -2.094395102393,0.,2.094395102393,4.188790204786,6.28318530718,
8.377580409573),.UNSPECIFIED.) CURVE() GEOMETRIC_REPRESENTATION_ITEM() 
RATIONAL_B_SPLINE_CURVE((1.,0.5,1.,0.5,1.,0.5,1.)) REPRESENTATION_ITEM(
  '') );
#590 = CARTESIAN_POINT('',(71.,1.));
#591 = CARTESIAN_POINT('',(65.803847577293,1.));
#592 = CARTESIAN_POINT('',(68.401923788647,5.5));
#593 = CARTESIAN_POINT('',(71.,10.));
#594 = CARTESIAN_POINT('',(73.598076211353,5.5));
#595 = CARTESIAN_POINT('',(76.196152422707,1.));
#596 = CARTESIAN_POINT('',(71.,1.));
#597 = ( GEOMETRIC_REPRESENTATION_CONTEXT(2) 
PARAMETRIC_REPRESENTATION_CONTEXT() REPRESENTATION_CONTEXT('2D SPACE',''
  ) );
#598 = PCURVE('',#599,#604);
#599 = CYLINDRICAL_SURFACE('',#600,3.);
#600 = AXIS2_PLACEMENT_3D('',#601,#602,#603);
#601 = CARTESIAN_POINT('',(33.,-11.,8.));
#602 = DIRECTION('',(0.,0.,1.));
#603 = DIRECTION('',(1.,0.,-0.));
#604 = DEFINITIONAL_REPRESENTATION('',(#605),#609);
#605 = LINE('',#606,#607);
#606 = CARTESIAN_POINT('',(4.712388980385,-0.));
#607 = VECTOR('',#608,1.);
#608 = DIRECTION('',(-1.,0.));
#609 = ( GEOMETRIC_REPRESENTATION_CONTEXT(2) 
PARAMETRIC_REPRESENTATION_CONTEXT() REPRESENTATION_CONTEXT('2D SPACE',''
  ) );
#610 = ORIENTED_EDGE('',*,*,#611,.F.);
#611 = EDGE_CURVE('',#612,#579,#614,.T.);
#612 = VERTEX_POINT('',#613);
#613 = CARTESIAN_POINT('',(-33.,-14.,8.));
#614 = SURFACE_CURVE('',#615,(#619,#626),.PCURVE_S1.);
#615 = LINE('',#616,#617);
#616 = CARTESIAN_POINT('',(-36.,-14.,8.));
#617 = VECTOR('',#618,1.);
#618 = DIRECTION('',(1.,0.,0.));
#619 = PCURVE('',#44,#620);
#620 = DEFINITIONAL_REPRESENTATION('',(#621),#625);
#621 = LINE('',#622,#623);
#622 = CARTESIAN_POINT('',(2.,1.));
#623 = VECTOR('',#624,1.);
#624 = DIRECTION('',(1.,0.));
#625 = ( GEOMETRIC_REPRESENTATION_CONTEXT(2) 
PARAMETRIC_REPRESENTATION_CONTEXT() REPRESENTATION_CONTEXT('2D SPACE',''
  ) );
#626 = PCURVE('',#627,#632);
#627 = PLANE('',#628);
#628 = AXIS2_PLACEMENT_3D('',#629,#630,#631);
#629 = CARTESIAN_POINT('',(-36.,-14.,8.));
#630 = DIRECTION('',(0.,1.,0.));
#631 = DIRECTION('',(0.,0.,1.));
#632 = DEFINITIONAL_REPRESENTATION('',(#633),#637);
#633 = LINE('',#634,#635);
#634 = CARTESIAN_POINT('',(0.,0.));
#635 = VECTOR('',#636,1.);
#636 = DIRECTION('',(0.,1.));
#637 = ( GEOMETRIC_REPRESENTATION_CONTEXT(2) 
PARAMETRIC_REPRESENTATION_CONTEXT() REPRESENTATION_CONTEXT('2D SPACE',''
  ) );
#638 = ORIENTED_EDGE('',*,*,#639,.F.);
#639 = EDGE_CURVE('',#640,#612,#642,.T.);
#640 = VERTEX_POINT('',#641);
#641 = CARTESIAN_POINT('',(-36.,-11.,8.));
#642 = SURFACE_CURVE('',#643,(#648,#655),.PCURVE_S1.);
#643 = CIRCLE('',#644,3.);
#644 = AXIS2_PLACEMENT_3D('',#645,#646,#647);
#645 = CARTESIAN_POINT('',(-33.,-11.,8.));
#646 = DIRECTION('',(0.,0.,1.));
#647 = DIRECTION('',(0.,-1.,0.));
#648 = PCURVE('',#44,#649);
#649 = DEFINITIONAL_REPRESENTATION('',(#650),#654);
#650 = CIRCLE('',#651,3.);
#651 = AXIS2_PLACEMENT_2D('',#652,#653);
#652 = CARTESIAN_POINT('',(5.,4.));
#653 = DIRECTION('',(0.,-1.));
#654 = ( GEOMETRIC_REPRESENTATION_CONTEXT(2) 
PARAMETRIC_REPRESENTATION_CONTEXT() REPRESENTATION_CONTEXT('2D SPACE',''
  ) );
#655 = PCURVE('',#656,#661);
#656 = CYLINDRICAL_SURFACE('',#657,3.);
#657 = AXIS2_PLACEMENT_3D('',#658,#659,#660);
#658 = CARTESIAN_POINT('',(-33.,-11.,8.));
#659 = DIRECTION('',(0.,0.,1.));
#660 = DIRECTION('',(-1.,-0.,0.));
#661 = DEFINITIONAL_REPRESENTATION('',(#662),#666);
#662 = LINE('',#663,#664);
#663 = CARTESIAN_POINT('',(-4.712388980385,0.));
#664 = VECTOR('',#665,1.);
#665 = DIRECTION('',(1.,0.));
#666 = ( GEOMETRIC_REPRESENTATION_CONTEXT(2) 
PARAMETRIC_REPRESENTATION_CONTEXT() REPRESENTATION_CONTEXT('2D SPACE',''
  ) );
#667 = ORIENTED_EDGE('',*,*,#668,.T.);
#668 = EDGE_CURVE('',#640,#669,#671,.T.);
#669 = VERTEX_POINT('',#670);
#670 = CARTESIAN_POINT('',(-36.,-5.3,8.));
#671 = SURFACE_CURVE('',#672,(#676,#683),.PCURVE_S1.);
#672 = LINE('',#673,#674);
#673 = CARTESIAN_POINT('',(-36.,-14.,8.));
#674 = VECTOR('',#675,1.);
#675 = DIRECTION('',(0.,1.,0.));
#676 = PCURVE('',#44,#677);
#677 = DEFINITIONAL_REPRESENTATION('',(#678),#682);
#678 = LINE('',#679,#680);
#679 = CARTESIAN_POINT('',(2.,1.));
#680 = VECTOR('',#681,1.);
#681 = DIRECTION('',(0.,1.));
#682 = ( GEOMETRIC_REPRESENTATION_CONTEXT(2) 
PARAMETRIC_REPRESENTATION_CONTEXT() REPRESENTATION_CONTEXT('2D SPACE',''
  ) );
#683 = PCURVE('',#684,#689);
#684 = PLANE('',#685);
#685 = AXIS2_PLACEMENT_3D('',#686,#687,#688);
#686 = CARTESIAN_POINT('',(-36.,-14.,8.));
#687 = DIRECTION('',(1.,0.,0.));
#688 = DIRECTION('',(0.,0.,1.));
#689 = DEFINITIONAL_REPRESENTATION('',(#690),#694);
#690 = LINE('',#691,#692);
#691 = CARTESIAN_POINT('',(0.,0.));
#692 = VECTOR('',#693,1.);
#693 = DIRECTION('',(0.,-1.));
#694 = ( GEOMETRIC_REPRESENTATION_CONTEXT(2) 
PARAMETRIC_REPRESENTATION_CONTEXT() REPRESENTATION_CONTEXT('2D SPACE',''
  ) );
#695 = ORIENTED_EDGE('',*,*,#696,.T.);
#696 = EDGE_CURVE('',#669,#697,#699,.T.);
#697 = VERTEX_POINT('',#698);
#698 = CARTESIAN_POINT('',(-37.,-5.3,8.));
#699 = SURFACE_CURVE('',#700,(#704,#710),.PCURVE_S1.);
#700 = LINE('',#701,#702);
#701 = CARTESIAN_POINT('',(-37.5,-5.3,8.));
#702 = VECTOR('',#703,1.);
#703 = DIRECTION('',(-1.,0.,0.));
#704 = PCURVE('',#44,#705);
#705 = DEFINITIONAL_REPRESENTATION('',(#706),#709);
#706 = B_SPLINE_CURVE_WITH_KNOTS('',1,(#707,#708),.UNSPECIFIED.,.F.,.F.,
  (2,2),(-10.5,-0.5),.PIECEWISE_BEZIER_KNOTS.);
#707 = CARTESIAN_POINT('',(11.,9.7));
#708 = CARTESIAN_POINT('',(1.,9.7));
#709 = ( GEOMETRIC_REPRESENTATION_CONTEXT(2) 
PARAMETRIC_REPRESENTATION_CONTEXT() REPRESENTATION_CONTEXT('2D SPACE',''
  ) );
#710 = PCURVE('',#711,#716);
#711 = PLANE('',#712);
#712 = AXIS2_PLACEMENT_3D('',#713,#714,#715);
#713 = CARTESIAN_POINT('',(-37.,-5.3,-0.75));
#714 = DIRECTION('',(0.,1.,0.));
#715 = DIRECTION('',(0.,0.,1.));
#716 = DEFINITIONAL_REPRESENTATION('',(#717),#720);
#717 = B_SPLINE_CURVE_WITH_KNOTS('',1,(#718,#719),.UNSPECIFIED.,.F.,.F.,
  (2,2),(-10.5,-0.5),.PIECEWISE_BEZIER_KNOTS.);
#718 = CARTESIAN_POINT('',(8.75,10.));
#719 = CARTESIAN_POINT('',(8.75,0.));
#720 = ( GEOMETRIC_REPRESENTATION_CONTEXT(2) 
PARAMETRIC_REPRESENTATION_CONTEXT() REPRESENTATION_CONTEXT('2D SPACE',''
  ) );
#721 = ORIENTED_EDGE('',*,*,#722,.T.);
#722 = EDGE_CURVE('',#697,#723,#725,.T.);
#723 = VERTEX_POINT('',#724);
#724 = CARTESIAN_POINT('',(-37.,-1.13578166916,8.));
#725 = SURFACE_CURVE('',#726,(#730,#736),.PCURVE_S1.);
#726 = LINE('',#727,#728);
#727 = CARTESIAN_POINT('',(-37.,-10.15,8.));
#728 = VECTOR('',#729,1.);
#729 = DIRECTION('',(0.,1.,0.));
#730 = PCURVE('',#44,#731);
#731 = DEFINITIONAL_REPRESENTATION('',(#732),#735);
#732 = B_SPLINE_CURVE_WITH_KNOTS('',1,(#733,#734),.UNSPECIFIED.,.F.,.F.,
  (2,2),(4.85,15.45),.PIECEWISE_BEZIER_KNOTS.);
#733 = CARTESIAN_POINT('',(1.,9.7));
#734 = CARTESIAN_POINT('',(1.,20.3));
#735 = ( GEOMETRIC_REPRESENTATION_CONTEXT(2) 
PARAMETRIC_REPRESENTATION_CONTEXT() REPRESENTATION_CONTEXT('2D SPACE',''
  ) );
#736 = PCURVE('',#737,#742);
#737 = PLANE('',#738);
#738 = AXIS2_PLACEMENT_3D('',#739,#740,#741);
#739 = CARTESIAN_POINT('',(-37.,-5.3,-0.75));
#740 = DIRECTION('',(1.,0.,0.));
#741 = DIRECTION('',(0.,0.,1.));
#742 = DEFINITIONAL_REPRESENTATION('',(#743),#746);
#743 = B_SPLINE_CURVE_WITH_KNOTS('',1,(#744,#745),.UNSPECIFIED.,.F.,.F.,
  (2,2),(4.85,15.45),.PIECEWISE_BEZIER_KNOTS.);
#744 = CARTESIAN_POINT('',(8.75,0.));
#745 = CARTESIAN_POINT('',(8.75,-10.6));
#746 = ( GEOMETRIC_REPRESENTATION_CONTEXT(2) 
PARAMETRIC_REPRESENTATION_CONTEXT() REPRESENTATION_CONTEXT('2D SPACE',''
  ) );
#747 = ORIENTED_EDGE('',*,*,#748,.F.);
#748 = EDGE_CURVE('',#749,#723,#751,.T.);
#749 = VERTEX_POINT('',#750);
#750 = CARTESIAN_POINT('',(-37.,1.13578166916,8.));
#751 = SURFACE_CURVE('',#752,(#757,#764),.PCURVE_S1.);
#752 = CIRCLE('',#753,2.3);
#753 = AXIS2_PLACEMENT_3D('',#754,#755,#756);
#754 = CARTESIAN_POINT('',(-35.,0.,8.));
#755 = DIRECTION('',(0.,0.,1.));
#756 = DIRECTION('',(1.,0.,-0.));
#757 = PCURVE('',#44,#758);
#758 = DEFINITIONAL_REPRESENTATION('',(#759),#763);
#759 = CIRCLE('',#760,2.3);
#760 = AXIS2_PLACEMENT_2D('',#761,#762);
#761 = CARTESIAN_POINT('',(3.,15.));
#762 = DIRECTION('',(1.,0.));
#763 = ( GEOMETRIC_REPRESENTATION_CONTEXT(2) 
PARAMETRIC_REPRESENTATION_CONTEXT() REPRESENTATION_CONTEXT('2D SPACE',''
  ) );
#764 = PCURVE('',#765,#770);
#765 = CYLINDRICAL_SURFACE('',#766,2.3);
#766 = AXIS2_PLACEMENT_3D('',#767,#768,#769);
#767 = CARTESIAN_POINT('',(-35.,0.,-6.));
#768 = DIRECTION('',(0.,0.,1.));
#769 = DIRECTION('',(1.,0.,-0.));
#770 = DEFINITIONAL_REPRESENTATION('',(#771),#775);
#771 = LINE('',#772,#773);
#772 = CARTESIAN_POINT('',(0.,14.));
#773 = VECTOR('',#774,1.);
#774 = DIRECTION('',(1.,0.));
#775 = ( GEOMETRIC_REPRESENTATION_CONTEXT(2) 
PARAMETRIC_REPRESENTATION_CONTEXT() REPRESENTATION_CONTEXT('2D SPACE',''
  ) );
#776 = ORIENTED_EDGE('',*,*,#777,.T.);
#777 = EDGE_CURVE('',#749,#778,#780,.T.);
#778 = VERTEX_POINT('',#779);
#779 = CARTESIAN_POINT('',(-37.,5.3,8.));
#780 = SURFACE_CURVE('',#781,(#785,#791),.PCURVE_S1.);
#781 = LINE('',#782,#783);
#782 = CARTESIAN_POINT('',(-37.,-10.15,8.));
#783 = VECTOR('',#784,1.);
#784 = DIRECTION('',(0.,1.,0.));
#785 = PCURVE('',#44,#786);
#786 = DEFINITIONAL_REPRESENTATION('',(#787),#790);
#787 = B_SPLINE_CURVE_WITH_KNOTS('',1,(#788,#789),.UNSPECIFIED.,.F.,.F.,
  (2,2),(4.85,15.45),.PIECEWISE_BEZIER_KNOTS.);
#788 = CARTESIAN_POINT('',(1.,9.7));
#789 = CARTESIAN_POINT('',(1.,20.3));
#790 = ( GEOMETRIC_REPRESENTATION_CONTEXT(2) 
PARAMETRIC_REPRESENTATION_CONTEXT() REPRESENTATION_CONTEXT('2D SPACE',''
  ) );
#791 = PCURVE('',#792,#797);
#792 = PLANE('',#793);
#793 = AXIS2_PLACEMENT_3D('',#794,#795,#796);
#794 = CARTESIAN_POINT('',(-37.,-5.3,-0.75));
#795 = DIRECTION('',(1.,0.,0.));
#796 = DIRECTION('',(0.,0.,1.));
#797 = DEFINITIONAL_REPRESENTATION('',(#798),#801);
#798 = B_SPLINE_CURVE_WITH_KNOTS('',1,(#799,#800),.UNSPECIFIED.,.F.,.F.,
  (2,2),(4.85,15.45),.PIECEWISE_BEZIER_KNOTS.);
#799 = CARTESIAN_POINT('',(8.75,0.));
#800 = CARTESIAN_POINT('',(8.75,-10.6));
#801 = ( GEOMETRIC_REPRESENTATION_CONTEXT(2) 
PARAMETRIC_REPRESENTATION_CONTEXT() REPRESENTATION_CONTEXT('2D SPACE',''
  ) );
#802 = ORIENTED_EDGE('',*,*,#803,.F.);
#803 = EDGE_CURVE('',#804,#778,#806,.T.);
#804 = VERTEX_POINT('',#805);
#805 = CARTESIAN_POINT('',(-36.,5.3,8.));
#806 = SURFACE_CURVE('',#807,(#811,#817),.PCURVE_S1.);
#807 = LINE('',#808,#809);
#808 = CARTESIAN_POINT('',(-37.5,5.3,8.));
#809 = VECTOR('',#810,1.);
#810 = DIRECTION('',(-1.,0.,0.));
#811 = PCURVE('',#44,#812);
#812 = DEFINITIONAL_REPRESENTATION('',(#813),#816);
#813 = B_SPLINE_CURVE_WITH_KNOTS('',1,(#814,#815),.UNSPECIFIED.,.F.,.F.,
  (2,2),(-10.5,-0.5),.PIECEWISE_BEZIER_KNOTS.);
#814 = CARTESIAN_POINT('',(11.,20.3));
#815 = CARTESIAN_POINT('',(1.,20.3));
#816 = ( GEOMETRIC_REPRESENTATION_CONTEXT(2) 
PARAMETRIC_REPRESENTATION_CONTEXT() REPRESENTATION_CONTEXT('2D SPACE',''
  ) );
#817 = PCURVE('',#818,#823);
#818 = PLANE('',#819);
#819 = AXIS2_PLACEMENT_3D('',#820,#821,#822);
#820 = CARTESIAN_POINT('',(-37.,5.3,-0.75));
#821 = DIRECTION('',(0.,1.,0.));
#822 = DIRECTION('',(0.,0.,1.));
#823 = DEFINITIONAL_REPRESENTATION('',(#824),#827);
#824 = B_SPLINE_CURVE_WITH_KNOTS('',1,(#825,#826),.UNSPECIFIED.,.F.,.F.,
  (2,2),(-10.5,-0.5),.PIECEWISE_BEZIER_KNOTS.);
#825 = CARTESIAN_POINT('',(8.75,10.));
#826 = CARTESIAN_POINT('',(8.75,0.));
#827 = ( GEOMETRIC_REPRESENTATION_CONTEXT(2) 
PARAMETRIC_REPRESENTATION_CONTEXT() REPRESENTATION_CONTEXT('2D SPACE',''
  ) );
#828 = ORIENTED_EDGE('',*,*,#829,.T.);
#829 = EDGE_CURVE('',#804,#830,#832,.T.);
#830 = VERTEX_POINT('',#831);
#831 = CARTESIAN_POINT('',(-36.,11.,8.));
#832 = SURFACE_CURVE('',#833,(#837,#844),.PCURVE_S1.);
#833 = LINE('',#834,#835);
#834 = CARTESIAN_POINT('',(-36.,-14.,8.));
#835 = VECTOR('',#836,1.);
#836 = DIRECTION('',(0.,1.,0.));
#837 = PCURVE('',#44,#838);
#838 = DEFINITIONAL_REPRESENTATION('',(#839),#843);
#839 = LINE('',#840,#841);
#840 = CARTESIAN_POINT('',(2.,1.));
#841 = VECTOR('',#842,1.);
#842 = DIRECTION('',(0.,1.));
#843 = ( GEOMETRIC_REPRESENTATION_CONTEXT(2) 
PARAMETRIC_REPRESENTATION_CONTEXT() REPRESENTATION_CONTEXT('2D SPACE',''
  ) );
#844 = PCURVE('',#845,#850);
#845 = PLANE('',#846);
#846 = AXIS2_PLACEMENT_3D('',#847,#848,#849);
#847 = CARTESIAN_POINT('',(-36.,-14.,8.));
#848 = DIRECTION('',(1.,0.,0.));
#849 = DIRECTION('',(0.,0.,1.));
#850 = DEFINITIONAL_REPRESENTATION('',(#851),#855);
#851 = LINE('',#852,#853);
#852 = CARTESIAN_POINT('',(0.,0.));
#853 = VECTOR('',#854,1.);
#854 = DIRECTION('',(0.,-1.));
#855 = ( GEOMETRIC_REPRESENTATION_CONTEXT(2) 
PARAMETRIC_REPRESENTATION_CONTEXT() REPRESENTATION_CONTEXT('2D SPACE',''
  ) );
#856 = ORIENTED_EDGE('',*,*,#857,.T.);
#857 = EDGE_CURVE('',#830,#858,#860,.T.);
#858 = VERTEX_POINT('',#859);
#859 = CARTESIAN_POINT('',(-33.,14.,8.));
#860 = SURFACE_CURVE('',#861,(#866,#877),.PCURVE_S1.);
#861 = CIRCLE('',#862,3.);
#862 = AXIS2_PLACEMENT_3D('',#863,#864,#865);
#863 = CARTESIAN_POINT('',(-33.,11.,8.));
#864 = DIRECTION('',(-0.,-0.,-1.));
#865 = DIRECTION('',(0.,-1.,0.));
#866 = PCURVE('',#44,#867);
#867 = DEFINITIONAL_REPRESENTATION('',(#868),#876);
#868 = ( BOUNDED_CURVE() B_SPLINE_CURVE(2,(#869,#870,#871,#872,#873,#874
,#875),.UNSPECIFIED.,.T.,.F.) B_SPLINE_CURVE_WITH_KNOTS((1,2,2,2,2,1),(
    -2.094395102393,0.,2.094395102393,4.188790204786,6.28318530718,
8.377580409573),.UNSPECIFIED.) CURVE() GEOMETRIC_REPRESENTATION_ITEM() 
RATIONAL_B_SPLINE_CURVE((1.,0.5,1.,0.5,1.,0.5,1.)) REPRESENTATION_ITEM(
  '') );
#869 = CARTESIAN_POINT('',(5.,23.));
#870 = CARTESIAN_POINT('',(-0.196152422707,23.));
#871 = CARTESIAN_POINT('',(2.401923788647,27.5));
#872 = CARTESIAN_POINT('',(5.,32.));
#873 = CARTESIAN_POINT('',(7.598076211353,27.5));
#874 = CARTESIAN_POINT('',(10.196152422707,23.));
#875 = CARTESIAN_POINT('',(5.,23.));
#876 = ( GEOMETRIC_REPRESENTATION_CONTEXT(2) 
PARAMETRIC_REPRESENTATION_CONTEXT() REPRESENTATION_CONTEXT('2D SPACE',''
  ) );
#877 = PCURVE('',#878,#883);
#878 = CYLINDRICAL_SURFACE('',#879,3.);
#879 = AXIS2_PLACEMENT_3D('',#880,#881,#882);
#880 = CARTESIAN_POINT('',(-33.,11.,8.));
#881 = DIRECTION('',(0.,0.,1.));
#882 = DIRECTION('',(-1.,-0.,0.));
#883 = DEFINITIONAL_REPRESENTATION('',(#884),#888);
#884 = LINE('',#885,#886);
#885 = CARTESIAN_POINT('',(1.570796326795,-0.));
#886 = VECTOR('',#887,1.);
#887 = DIRECTION('',(-1.,0.));
#888 = ( GEOMETRIC_REPRESENTATION_CONTEXT(2) 
PARAMETRIC_REPRESENTATION_CONTEXT() REPRESENTATION_CONTEXT('2D SPACE',''
  ) );
#889 = ORIENTED_EDGE('',*,*,#890,.T.);
#890 = EDGE_CURVE('',#858,#891,#893,.T.);
#891 = VERTEX_POINT('',#892);
#892 = CARTESIAN_POINT('',(33.,14.,8.));
#893 = SURFACE_CURVE('',#894,(#898,#905),.PCURVE_S1.);
#894 = LINE('',#895,#896);
#895 = CARTESIAN_POINT('',(-36.,14.,8.));
#896 = VECTOR('',#897,1.);
#897 = DIRECTION('',(1.,0.,0.));
#898 = PCURVE('',#44,#899);
#899 = DEFINITIONAL_REPRESENTATION('',(#900),#904);
#900 = LINE('',#901,#902);
#901 = CARTESIAN_POINT('',(2.,29.));
#902 = VECTOR('',#903,1.);
#903 = DIRECTION('',(1.,0.));
#904 = ( GEOMETRIC_REPRESENTATION_CONTEXT(2) 
PARAMETRIC_REPRESENTATION_CONTEXT() REPRESENTATION_CONTEXT('2D SPACE',''
  ) );
#905 = PCURVE('',#906,#911);
#906 = PLANE('',#907);
#907 = AXIS2_PLACEMENT_3D('',#908,#909,#910);
#908 = CARTESIAN_POINT('',(-36.,14.,8.));
#909 = DIRECTION('',(0.,1.,0.));
#910 = DIRECTION('',(0.,0.,1.));
#911 = DEFINITIONAL_REPRESENTATION('',(#912),#916);
#912 = LINE('',#913,#914);
#913 = CARTESIAN_POINT('',(0.,0.));
#914 = VECTOR('',#915,1.);
#915 = DIRECTION('',(0.,1.));
#916 = ( GEOMETRIC_REPRESENTATION_CONTEXT(2) 
PARAMETRIC_REPRESENTATION_CONTEXT() REPRESENTATION_CONTEXT('2D SPACE',''
  ) );
#917 = ORIENTED_EDGE('',*,*,#918,.F.);
#918 = EDGE_CURVE('',#919,#891,#921,.T.);
#919 = VERTEX_POINT('',#920);
#920 = CARTESIAN_POINT('',(36.,11.,8.));
#921 = SURFACE_CURVE('',#922,(#927,#934),.PCURVE_S1.);
#922 = CIRCLE('',#923,3.);
#923 = AXIS2_PLACEMENT_3D('',#924,#925,#926);
#924 = CARTESIAN_POINT('',(33.,11.,8.));
#925 = DIRECTION('',(0.,0.,1.));
#926 = DIRECTION('',(0.,-1.,0.));
#927 = PCURVE('',#44,#928);
#928 = DEFINITIONAL_REPRESENTATION('',(#929),#933);
#929 = CIRCLE('',#930,3.);
#930 = AXIS2_PLACEMENT_2D('',#931,#932);
#931 = CARTESIAN_POINT('',(71.,26.));
#932 = DIRECTION('',(0.,-1.));
#933 = ( GEOMETRIC_REPRESENTATION_CONTEXT(2) 
PARAMETRIC_REPRESENTATION_CONTEXT() REPRESENTATION_CONTEXT('2D SPACE',''
  ) );
#934 = PCURVE('',#935,#940);
#935 = CYLINDRICAL_SURFACE('',#936,3.);
#936 = AXIS2_PLACEMENT_3D('',#937,#938,#939);
#937 = CARTESIAN_POINT('',(33.,11.,8.));
#938 = DIRECTION('',(0.,0.,1.));
#939 = DIRECTION('',(1.,0.,-0.));
#940 = DEFINITIONAL_REPRESENTATION('',(#941),#945);
#941 = LINE('',#942,#943);
#942 = CARTESIAN_POINT('',(-1.570796326795,0.));
#943 = VECTOR('',#944,1.);
#944 = DIRECTION('',(1.,0.));
#945 = ( GEOMETRIC_REPRESENTATION_CONTEXT(2) 
PARAMETRIC_REPRESENTATION_CONTEXT() REPRESENTATION_CONTEXT('2D SPACE',''
  ) );
#946 = ORIENTED_EDGE('',*,*,#947,.F.);
#947 = EDGE_CURVE('',#948,#919,#950,.T.);
#948 = VERTEX_POINT('',#949);
#949 = CARTESIAN_POINT('',(36.,7.5,8.));
#950 = SURFACE_CURVE('',#951,(#955,#962),.PCURVE_S1.);
#951 = LINE('',#952,#953);
#952 = CARTESIAN_POINT('',(36.,-14.,8.));
#953 = VECTOR('',#954,1.);
#954 = DIRECTION('',(0.,1.,0.));
#955 = PCURVE('',#44,#956);
#956 = DEFINITIONAL_REPRESENTATION('',(#957),#961);
#957 = LINE('',#958,#959);
#958 = CARTESIAN_POINT('',(74.,1.));
#959 = VECTOR('',#960,1.);
#960 = DIRECTION('',(0.,1.));
#961 = ( GEOMETRIC_REPRESENTATION_CONTEXT(2) 
PARAMETRIC_REPRESENTATION_CONTEXT() REPRESENTATION_CONTEXT('2D SPACE',''
  ) );
#962 = PCURVE('',#963,#968);
#963 = PLANE('',#964);
#964 = AXIS2_PLACEMENT_3D('',#965,#966,#967);
#965 = CARTESIAN_POINT('',(36.,-14.,8.));
#966 = DIRECTION('',(1.,0.,0.));
#967 = DIRECTION('',(0.,0.,1.));
#968 = DEFINITIONAL_REPRESENTATION('',(#969),#973);
#969 = LINE('',#970,#971);
#970 = CARTESIAN_POINT('',(0.,0.));
#971 = VECTOR('',#972,1.);
#972 = DIRECTION('',(0.,-1.));
#973 = ( GEOMETRIC_REPRESENTATION_CONTEXT(2) 
PARAMETRIC_REPRESENTATION_CONTEXT() REPRESENTATION_CONTEXT('2D SPACE',''
  ) );
#974 = ORIENTED_EDGE('',*,*,#975,.F.);
#975 = EDGE_CURVE('',#976,#948,#978,.T.);
#976 = VERTEX_POINT('',#977);
#977 = CARTESIAN_POINT('',(37.,7.5,8.));
#978 = SURFACE_CURVE('',#979,(#983,#989),.PCURVE_S1.);
#979 = LINE('',#980,#981);
#980 = CARTESIAN_POINT('',(-5.5,7.5,8.));
#981 = VECTOR('',#982,1.);
#982 = DIRECTION('',(-1.,0.,0.));
#983 = PCURVE('',#44,#984);
#984 = DEFINITIONAL_REPRESENTATION('',(#985),#988);
#985 = B_SPLINE_CURVE_WITH_KNOTS('',1,(#986,#987),.UNSPECIFIED.,.F.,.F.,
  (2,2),(-42.5,-32.5),.PIECEWISE_BEZIER_KNOTS.);
#986 = CARTESIAN_POINT('',(75.,22.5));
#987 = CARTESIAN_POINT('',(65.,22.5));
#988 = ( GEOMETRIC_REPRESENTATION_CONTEXT(2) 
PARAMETRIC_REPRESENTATION_CONTEXT() REPRESENTATION_CONTEXT('2D SPACE',''
  ) );
#989 = PCURVE('',#990,#995);
#990 = PLANE('',#991);
#991 = AXIS2_PLACEMENT_3D('',#992,#993,#994);
#992 = CARTESIAN_POINT('',(27.,7.5,-0.75));
#993 = DIRECTION('',(0.,1.,0.));
#994 = DIRECTION('',(0.,0.,1.));
#995 = DEFINITIONAL_REPRESENTATION('',(#996),#999);
#996 = B_SPLINE_CURVE_WITH_KNOTS('',1,(#997,#998),.UNSPECIFIED.,.F.,.F.,
  (2,2),(-42.5,-32.5),.PIECEWISE_BEZIER_KNOTS.);
#997 = CARTESIAN_POINT('',(8.75,10.));
#998 = CARTESIAN_POINT('',(8.75,0.));
#999 = ( GEOMETRIC_REPRESENTATION_CONTEXT(2) 
PARAMETRIC_REPRESENTATION_CONTEXT() REPRESENTATION_CONTEXT('2D SPACE',''
  ) );
#1000 = ORIENTED_EDGE('',*,*,#1001,.F.);
#1001 = EDGE_CURVE('',#1002,#976,#1004,.T.);
#1002 = VERTEX_POINT('',#1003);
#1003 = CARTESIAN_POINT('',(37.,4.031128874149,8.));
#1004 = SURFACE_CURVE('',#1005,(#1009,#1015),.PCURVE_S1.);
#1005 = LINE('',#1006,#1007);
#1006 = CARTESIAN_POINT('',(37.,-11.25,8.));
#1007 = VECTOR('',#1008,1.);
#1008 = DIRECTION('',(0.,1.,0.));
#1009 = PCURVE('',#44,#1010);
#1010 = DEFINITIONAL_REPRESENTATION('',(#1011),#1014);
#1011 = B_SPLINE_CURVE_WITH_KNOTS('',1,(#1012,#1013),.UNSPECIFIED.,.F.,
  .F.,(2,2),(3.75,18.75),.PIECEWISE_BEZIER_KNOTS.);
#1012 = CARTESIAN_POINT('',(75.,7.5));
#1013 = CARTESIAN_POINT('',(75.,22.5));
#1014 = ( GEOMETRIC_REPRESENTATION_CONTEXT(2) 
PARAMETRIC_REPRESENTATION_CONTEXT() REPRESENTATION_CONTEXT('2D SPACE',''
  ) );
#1015 = PCURVE('',#1016,#1021);
#1016 = PLANE('',#1017);
#1017 = AXIS2_PLACEMENT_3D('',#1018,#1019,#1020);
#1018 = CARTESIAN_POINT('',(37.,-7.5,-0.75));
#1019 = DIRECTION('',(1.,0.,0.));
#1020 = DIRECTION('',(0.,0.,1.));
#1021 = DEFINITIONAL_REPRESENTATION('',(#1022),#1025);
#1022 = B_SPLINE_CURVE_WITH_KNOTS('',1,(#1023,#1024),.UNSPECIFIED.,.F.,
  .F.,(2,2),(3.75,18.75),.PIECEWISE_BEZIER_KNOTS.);
#1023 = CARTESIAN_POINT('',(8.75,0.));
#1024 = CARTESIAN_POINT('',(8.75,-15.));
#1025 = ( GEOMETRIC_REPRESENTATION_CONTEXT(2) 
PARAMETRIC_REPRESENTATION_CONTEXT() REPRESENTATION_CONTEXT('2D SPACE',''
  ) );
#1026 = ORIENTED_EDGE('',*,*,#1027,.F.);
#1027 = EDGE_CURVE('',#1028,#1002,#1030,.T.);
#1028 = VERTEX_POINT('',#1029);
#1029 = CARTESIAN_POINT('',(38.,3.35410196625,8.));
#1030 = SURFACE_CURVE('',#1031,(#1036,#1043),.PCURVE_S1.);
#1031 = CIRCLE('',#1032,4.5);
#1032 = AXIS2_PLACEMENT_3D('',#1033,#1034,#1035);
#1033 = CARTESIAN_POINT('',(35.,0.,8.));
#1034 = DIRECTION('',(0.,0.,1.));
#1035 = DIRECTION('',(1.,0.,-0.));
#1036 = PCURVE('',#44,#1037);
#1037 = DEFINITIONAL_REPRESENTATION('',(#1038),#1042);
#1038 = CIRCLE('',#1039,4.5);
#1039 = AXIS2_PLACEMENT_2D('',#1040,#1041);
#1040 = CARTESIAN_POINT('',(73.,15.));
#1041 = DIRECTION('',(1.,0.));
#1042 = ( GEOMETRIC_REPRESENTATION_CONTEXT(2) 
PARAMETRIC_REPRESENTATION_CONTEXT() REPRESENTATION_CONTEXT('2D SPACE',''
  ) );
#1043 = PCURVE('',#486,#1044);
#1044 = DEFINITIONAL_REPRESENTATION('',(#1045),#1049);
#1045 = LINE('',#1046,#1047);
#1046 = CARTESIAN_POINT('',(0.,14.));
#1047 = VECTOR('',#1048,1.);
#1048 = DIRECTION('',(1.,0.));
#1049 = ( GEOMETRIC_REPRESENTATION_CONTEXT(2) 
PARAMETRIC_REPRESENTATION_CONTEXT() REPRESENTATION_CONTEXT('2D SPACE',''
  ) );
#1050 = ORIENTED_EDGE('',*,*,#1051,.T.);
#1051 = EDGE_CURVE('',#1028,#1052,#1054,.T.);
#1052 = VERTEX_POINT('',#1053);
#1053 = CARTESIAN_POINT('',(38.,11.,8.));
#1054 = SURFACE_CURVE('',#1055,(#1059,#1066),.PCURVE_S1.);
#1055 = LINE('',#1056,#1057);
#1056 = CARTESIAN_POINT('',(38.,-15.,8.));
#1057 = VECTOR('',#1058,1.);
#1058 = DIRECTION('',(0.,1.,0.));
#1059 = PCURVE('',#44,#1060);
#1060 = DEFINITIONAL_REPRESENTATION('',(#1061),#1065);
#1061 = LINE('',#1062,#1063);
#1062 = CARTESIAN_POINT('',(76.,0.));
#1063 = VECTOR('',#1064,1.);
#1064 = DIRECTION('',(0.,1.));
#1065 = ( GEOMETRIC_REPRESENTATION_CONTEXT(2) 
PARAMETRIC_REPRESENTATION_CONTEXT() REPRESENTATION_CONTEXT('2D SPACE',''
  ) );
#1066 = PCURVE('',#1067,#1072);
#1067 = PLANE('',#1068);
#1068 = AXIS2_PLACEMENT_3D('',#1069,#1070,#1071);
#1069 = CARTESIAN_POINT('',(38.,-15.,-3.));
#1070 = DIRECTION('',(1.,0.,0.));
#1071 = DIRECTION('',(0.,0.,1.));
#1072 = DEFINITIONAL_REPRESENTATION('',(#1073),#1077);
#1073 = LINE('',#1074,#1075);
#1074 = CARTESIAN_POINT('',(11.,0.));
#1075 = VECTOR('',#1076,1.);
#1076 = DIRECTION('',(0.,-1.));
#1077 = ( GEOMETRIC_REPRESENTATION_CONTEXT(2) 
PARAMETRIC_REPRESENTATION_CONTEXT() REPRESENTATION_CONTEXT('2D SPACE',''
  ) );
#1078 = ORIENTED_EDGE('',*,*,#1079,.T.);
#1079 = EDGE_CURVE('',#1052,#1080,#1082,.T.);
#1080 = VERTEX_POINT('',#1081);
#1081 = CARTESIAN_POINT('',(34.,15.,8.));
#1082 = SURFACE_CURVE('',#1083,(#1088,#1095),.PCURVE_S1.);
#1083 = CIRCLE('',#1084,4.);
#1084 = AXIS2_PLACEMENT_3D('',#1085,#1086,#1087);
#1085 = CARTESIAN_POINT('',(34.,11.,8.));
#1086 = DIRECTION('',(0.,0.,1.));
#1087 = DIRECTION('',(0.,-1.,0.));
#1088 = PCURVE('',#44,#1089);
#1089 = DEFINITIONAL_REPRESENTATION('',(#1090),#1094);
#1090 = CIRCLE('',#1091,4.);
#1091 = AXIS2_PLACEMENT_2D('',#1092,#1093);
#1092 = CARTESIAN_POINT('',(72.,26.));
#1093 = DIRECTION('',(0.,-1.));
#1094 = ( GEOMETRIC_REPRESENTATION_CONTEXT(2) 
PARAMETRIC_REPRESENTATION_CONTEXT() REPRESENTATION_CONTEXT('2D SPACE',''
  ) );
#1095 = PCURVE('',#1096,#1101);
#1096 = CYLINDRICAL_SURFACE('',#1097,4.);
#1097 = AXIS2_PLACEMENT_3D('',#1098,#1099,#1100);
#1098 = CARTESIAN_POINT('',(34.,11.,-3.));
#1099 = DIRECTION('',(0.,0.,1.));
#1100 = DIRECTION('',(1.,0.,-0.));
#1101 = DEFINITIONAL_REPRESENTATION('',(#1102),#1106);
#1102 = LINE('',#1103,#1104);
#1103 = CARTESIAN_POINT('',(-1.570796326795,11.));
#1104 = VECTOR('',#1105,1.);
#1105 = DIRECTION('',(1.,0.));
#1106 = ( GEOMETRIC_REPRESENTATION_CONTEXT(2) 
PARAMETRIC_REPRESENTATION_CONTEXT() REPRESENTATION_CONTEXT('2D SPACE',''
  ) );
#1107 = ORIENTED_EDGE('',*,*,#1108,.F.);
#1108 = EDGE_CURVE('',#1109,#1080,#1111,.T.);
#1109 = VERTEX_POINT('',#1110);
#1110 = CARTESIAN_POINT('',(22.5,15.,8.));
#1111 = SURFACE_CURVE('',#1112,(#1116,#1123),.PCURVE_S1.);
#1112 = LINE('',#1113,#1114);
#1113 = CARTESIAN_POINT('',(-38.,15.,8.));
#1114 = VECTOR('',#1115,1.);
#1115 = DIRECTION('',(1.,0.,0.));
#1116 = PCURVE('',#44,#1117);
#1117 = DEFINITIONAL_REPRESENTATION('',(#1118),#1122);
#1118 = LINE('',#1119,#1120);
#1119 = CARTESIAN_POINT('',(0.,30.));
#1120 = VECTOR('',#1121,1.);
#1121 = DIRECTION('',(1.,0.));
#1122 = ( GEOMETRIC_REPRESENTATION_CONTEXT(2) 
PARAMETRIC_REPRESENTATION_CONTEXT() REPRESENTATION_CONTEXT('2D SPACE',''
  ) );
#1123 = PCURVE('',#1124,#1129);
#1124 = PLANE('',#1125);
#1125 = AXIS2_PLACEMENT_3D('',#1126,#1127,#1128);
#1126 = CARTESIAN_POINT('',(-38.,15.,-3.));
#1127 = DIRECTION('',(0.,1.,0.));
#1128 = DIRECTION('',(0.,0.,1.));
#1129 = DEFINITIONAL_REPRESENTATION('',(#1130),#1134);
#1130 = LINE('',#1131,#1132);
#1131 = CARTESIAN_POINT('',(11.,0.));
#1132 = VECTOR('',#1133,1.);
#1133 = DIRECTION('',(0.,1.));
#1134 = ( GEOMETRIC_REPRESENTATION_CONTEXT(2) 
PARAMETRIC_REPRESENTATION_CONTEXT() REPRESENTATION_CONTEXT('2D SPACE',''
  ) );
#1135 = ORIENTED_EDGE('',*,*,#1136,.T.);
#1136 = EDGE_CURVE('',#1109,#1137,#1139,.T.);
#1137 = VERTEX_POINT('',#1138);
#1138 = CARTESIAN_POINT('',(22.5,26.,8.));
#1139 = SURFACE_CURVE('',#1140,(#1144,#1151),.PCURVE_S1.);
#1140 = LINE('',#1141,#1142);
#1141 = CARTESIAN_POINT('',(22.5,15.,8.));
#1142 = VECTOR('',#1143,1.);
#1143 = DIRECTION('',(0.,1.,0.));
#1144 = PCURVE('',#44,#1145);
#1145 = DEFINITIONAL_REPRESENTATION('',(#1146),#1150);
#1146 = LINE('',#1147,#1148);
#1147 = CARTESIAN_POINT('',(60.5,30.));
#1148 = VECTOR('',#1149,1.);
#1149 = DIRECTION('',(0.,1.));
#1150 = ( GEOMETRIC_REPRESENTATION_CONTEXT(2) 
PARAMETRIC_REPRESENTATION_CONTEXT() REPRESENTATION_CONTEXT('2D SPACE',''
  ) );
#1151 = PCURVE('',#1152,#1157);
#1152 = PLANE('',#1153);
#1153 = AXIS2_PLACEMENT_3D('',#1154,#1155,#1156);
#1154 = CARTESIAN_POINT('',(22.5,15.,4.));
#1155 = DIRECTION('',(1.,0.,0.));
#1156 = DIRECTION('',(0.,0.,1.));
#1157 = DEFINITIONAL_REPRESENTATION('',(#1158),#1162);
#1158 = LINE('',#1159,#1160);
#1159 = CARTESIAN_POINT('',(4.,0.));
#1160 = VECTOR('',#1161,1.);
#1161 = DIRECTION('',(0.,-1.));
#1162 = ( GEOMETRIC_REPRESENTATION_CONTEXT(2) 
PARAMETRIC_REPRESENTATION_CONTEXT() REPRESENTATION_CONTEXT('2D SPACE',''
  ) );
#1163 = ORIENTED_EDGE('',*,*,#1164,.F.);
#1164 = EDGE_CURVE('',#1165,#1137,#1167,.T.);
#1165 = VERTEX_POINT('',#1166);
#1166 = CARTESIAN_POINT('',(13.5,26.,8.));
#1167 = SURFACE_CURVE('',#1168,(#1172,#1179),.PCURVE_S1.);
#1168 = LINE('',#1169,#1170);
#1169 = CARTESIAN_POINT('',(13.5,26.,8.));
#1170 = VECTOR('',#1171,1.);
#1171 = DIRECTION('',(1.,0.,0.));
#1172 = PCURVE('',#44,#1173);
#1173 = DEFINITIONAL_REPRESENTATION('',(#1174),#1178);
#1174 = LINE('',#1175,#1176);
#1175 = CARTESIAN_POINT('',(51.5,41.));
#1176 = VECTOR('',#1177,1.);
#1177 = DIRECTION('',(1.,0.));
#1178 = ( GEOMETRIC_REPRESENTATION_CONTEXT(2) 
PARAMETRIC_REPRESENTATION_CONTEXT() REPRESENTATION_CONTEXT('2D SPACE',''
  ) );
#1179 = PCURVE('',#1180,#1185);
#1180 = PLANE('',#1181);
#1181 = AXIS2_PLACEMENT_3D('',#1182,#1183,#1184);
#1182 = CARTESIAN_POINT('',(13.5,26.,4.));
#1183 = DIRECTION('',(0.,1.,0.));
#1184 = DIRECTION('',(0.,0.,1.));
#1185 = DEFINITIONAL_REPRESENTATION('',(#1186),#1190);
#1186 = LINE('',#1187,#1188);
#1187 = CARTESIAN_POINT('',(4.,0.));
#1188 = VECTOR('',#1189,1.);
#1189 = DIRECTION('',(0.,1.));
#1190 = ( GEOMETRIC_REPRESENTATION_CONTEXT(2) 
PARAMETRIC_REPRESENTATION_CONTEXT() REPRESENTATION_CONTEXT('2D SPACE',''
  ) );
#1191 = ORIENTED_EDGE('',*,*,#1192,.F.);
#1192 = EDGE_CURVE('',#1193,#1165,#1195,.T.);
#1193 = VERTEX_POINT('',#1194);
#1194 = CARTESIAN_POINT('',(13.5,15.,8.));
#1195 = SURFACE_CURVE('',#1196,(#1200,#1207),.PCURVE_S1.);
#1196 = LINE('',#1197,#1198);
#1197 = CARTESIAN_POINT('',(13.5,15.,8.));
#1198 = VECTOR('',#1199,1.);
#1199 = DIRECTION('',(0.,1.,0.));
#1200 = PCURVE('',#44,#1201);
#1201 = DEFINITIONAL_REPRESENTATION('',(#1202),#1206);
#1202 = LINE('',#1203,#1204);
#1203 = CARTESIAN_POINT('',(51.5,30.));
#1204 = VECTOR('',#1205,1.);
#1205 = DIRECTION('',(0.,1.));
#1206 = ( GEOMETRIC_REPRESENTATION_CONTEXT(2) 
PARAMETRIC_REPRESENTATION_CONTEXT() REPRESENTATION_CONTEXT('2D SPACE',''
  ) );
#1207 = PCURVE('',#1208,#1213);
#1208 = PLANE('',#1209);
#1209 = AXIS2_PLACEMENT_3D('',#1210,#1211,#1212);
#1210 = CARTESIAN_POINT('',(13.5,15.,4.));
#1211 = DIRECTION('',(1.,0.,0.));
#1212 = DIRECTION('',(0.,0.,1.));
#1213 = DEFINITIONAL_REPRESENTATION('',(#1214),#1218);
#1214 = LINE('',#1215,#1216);
#1215 = CARTESIAN_POINT('',(4.,0.));
#1216 = VECTOR('',#1217,1.);
#1217 = DIRECTION('',(0.,-1.));
#1218 = ( GEOMETRIC_REPRESENTATION_CONTEXT(2) 
PARAMETRIC_REPRESENTATION_CONTEXT() REPRESENTATION_CONTEXT('2D SPACE',''
  ) );
#1219 = ORIENTED_EDGE('',*,*,#1220,.F.);
#1220 = EDGE_CURVE('',#1221,#1193,#1223,.T.);
#1221 = VERTEX_POINT('',#1222);
#1222 = CARTESIAN_POINT('',(-13.5,15.,8.));
#1223 = SURFACE_CURVE('',#1224,(#1228,#1235),.PCURVE_S1.);
#1224 = LINE('',#1225,#1226);
#1225 = CARTESIAN_POINT('',(-38.,15.,8.));
#1226 = VECTOR('',#1227,1.);
#1227 = DIRECTION('',(1.,0.,0.));
#1228 = PCURVE('',#44,#1229);
#1229 = DEFINITIONAL_REPRESENTATION('',(#1230),#1234);
#1230 = LINE('',#1231,#1232);
#1231 = CARTESIAN_POINT('',(0.,30.));
#1232 = VECTOR('',#1233,1.);
#1233 = DIRECTION('',(1.,0.));
#1234 = ( GEOMETRIC_REPRESENTATION_CONTEXT(2) 
PARAMETRIC_REPRESENTATION_CONTEXT() REPRESENTATION_CONTEXT('2D SPACE',''
  ) );
#1235 = PCURVE('',#1124,#1236);
#1236 = DEFINITIONAL_REPRESENTATION('',(#1237),#1241);
#1237 = LINE('',#1238,#1239);
#1238 = CARTESIAN_POINT('',(11.,0.));
#1239 = VECTOR('',#1240,1.);
#1240 = DIRECTION('',(0.,1.));
#1241 = ( GEOMETRIC_REPRESENTATION_CONTEXT(2) 
PARAMETRIC_REPRESENTATION_CONTEXT() REPRESENTATION_CONTEXT('2D SPACE',''
  ) );
#1242 = ORIENTED_EDGE('',*,*,#1243,.T.);
#1243 = EDGE_CURVE('',#1221,#1244,#1246,.T.);
#1244 = VERTEX_POINT('',#1245);
#1245 = CARTESIAN_POINT('',(-13.5,26.,8.));
#1246 = SURFACE_CURVE('',#1247,(#1251,#1258),.PCURVE_S1.);
#1247 = LINE('',#1248,#1249);
#1248 = CARTESIAN_POINT('',(-13.5,15.,8.));
#1249 = VECTOR('',#1250,1.);
#1250 = DIRECTION('',(0.,1.,0.));
#1251 = PCURVE('',#44,#1252);
#1252 = DEFINITIONAL_REPRESENTATION('',(#1253),#1257);
#1253 = LINE('',#1254,#1255);
#1254 = CARTESIAN_POINT('',(24.5,30.));
#1255 = VECTOR('',#1256,1.);
#1256 = DIRECTION('',(0.,1.));
#1257 = ( GEOMETRIC_REPRESENTATION_CONTEXT(2) 
PARAMETRIC_REPRESENTATION_CONTEXT() REPRESENTATION_CONTEXT('2D SPACE',''
  ) );
#1258 = PCURVE('',#1259,#1264);
#1259 = PLANE('',#1260);
#1260 = AXIS2_PLACEMENT_3D('',#1261,#1262,#1263);
#1261 = CARTESIAN_POINT('',(-13.5,15.,4.));
#1262 = DIRECTION('',(1.,0.,0.));
#1263 = DIRECTION('',(0.,0.,1.));
#1264 = DEFINITIONAL_REPRESENTATION('',(#1265),#1269);
#1265 = LINE('',#1266,#1267);
#1266 = CARTESIAN_POINT('',(4.,0.));
#1267 = VECTOR('',#1268,1.);
#1268 = DIRECTION('',(0.,-1.));
#1269 = ( GEOMETRIC_REPRESENTATION_CONTEXT(2) 
PARAMETRIC_REPRESENTATION_CONTEXT() REPRESENTATION_CONTEXT('2D SPACE',''
  ) );
#1270 = ORIENTED_EDGE('',*,*,#1271,.F.);
#1271 = EDGE_CURVE('',#1272,#1244,#1274,.T.);
#1272 = VERTEX_POINT('',#1273);
#1273 = CARTESIAN_POINT('',(-22.5,26.,8.));
#1274 = SURFACE_CURVE('',#1275,(#1279,#1286),.PCURVE_S1.);
#1275 = LINE('',#1276,#1277);
#1276 = CARTESIAN_POINT('',(-22.5,26.,8.));
#1277 = VECTOR('',#1278,1.);
#1278 = DIRECTION('',(1.,0.,0.));
#1279 = PCURVE('',#44,#1280);
#1280 = DEFINITIONAL_REPRESENTATION('',(#1281),#1285);
#1281 = LINE('',#1282,#1283);
#1282 = CARTESIAN_POINT('',(15.5,41.));
#1283 = VECTOR('',#1284,1.);
#1284 = DIRECTION('',(1.,0.));
#1285 = ( GEOMETRIC_REPRESENTATION_CONTEXT(2) 
PARAMETRIC_REPRESENTATION_CONTEXT() REPRESENTATION_CONTEXT('2D SPACE',''
  ) );
#1286 = PCURVE('',#1287,#1292);
#1287 = PLANE('',#1288);
#1288 = AXIS2_PLACEMENT_3D('',#1289,#1290,#1291);
#1289 = CARTESIAN_POINT('',(-22.5,26.,4.));
#1290 = DIRECTION('',(0.,1.,0.));
#1291 = DIRECTION('',(0.,0.,1.));
#1292 = DEFINITIONAL_REPRESENTATION('',(#1293),#1297);
#1293 = LINE('',#1294,#1295);
#1294 = CARTESIAN_POINT('',(4.,0.));
#1295 = VECTOR('',#1296,1.);
#1296 = DIRECTION('',(0.,1.));
#1297 = ( GEOMETRIC_REPRESENTATION_CONTEXT(2) 
PARAMETRIC_REPRESENTATION_CONTEXT() REPRESENTATION_CONTEXT('2D SPACE',''
  ) );
#1298 = ORIENTED_EDGE('',*,*,#1299,.F.);
#1299 = EDGE_CURVE('',#1300,#1272,#1302,.T.);
#1300 = VERTEX_POINT('',#1301);
#1301 = CARTESIAN_POINT('',(-22.5,15.,8.));
#1302 = SURFACE_CURVE('',#1303,(#1307,#1314),.PCURVE_S1.);
#1303 = LINE('',#1304,#1305);
#1304 = CARTESIAN_POINT('',(-22.5,15.,8.));
#1305 = VECTOR('',#1306,1.);
#1306 = DIRECTION('',(0.,1.,0.));
#1307 = PCURVE('',#44,#1308);
#1308 = DEFINITIONAL_REPRESENTATION('',(#1309),#1313);
#1309 = LINE('',#1310,#1311);
#1310 = CARTESIAN_POINT('',(15.5,30.));
#1311 = VECTOR('',#1312,1.);
#1312 = DIRECTION('',(0.,1.));
#1313 = ( GEOMETRIC_REPRESENTATION_CONTEXT(2) 
PARAMETRIC_REPRESENTATION_CONTEXT() REPRESENTATION_CONTEXT('2D SPACE',''
  ) );
#1314 = PCURVE('',#1315,#1320);
#1315 = PLANE('',#1316);
#1316 = AXIS2_PLACEMENT_3D('',#1317,#1318,#1319);
#1317 = CARTESIAN_POINT('',(-22.5,15.,4.));
#1318 = DIRECTION('',(1.,0.,0.));
#1319 = DIRECTION('',(0.,0.,1.));
#1320 = DEFINITIONAL_REPRESENTATION('',(#1321),#1325);
#1321 = LINE('',#1322,#1323);
#1322 = CARTESIAN_POINT('',(4.,0.));
#1323 = VECTOR('',#1324,1.);
#1324 = DIRECTION('',(0.,-1.));
#1325 = ( GEOMETRIC_REPRESENTATION_CONTEXT(2) 
PARAMETRIC_REPRESENTATION_CONTEXT() REPRESENTATION_CONTEXT('2D SPACE',''
  ) );
#1326 = ORIENTED_EDGE('',*,*,#1327,.F.);
#1327 = EDGE_CURVE('',#1328,#1300,#1330,.T.);
#1328 = VERTEX_POINT('',#1329);
#1329 = CARTESIAN_POINT('',(-34.,15.,8.));
#1330 = SURFACE_CURVE('',#1331,(#1335,#1342),.PCURVE_S1.);
#1331 = LINE('',#1332,#1333);
#1332 = CARTESIAN_POINT('',(-38.,15.,8.));
#1333 = VECTOR('',#1334,1.);
#1334 = DIRECTION('',(1.,0.,0.));
#1335 = PCURVE('',#44,#1336);
#1336 = DEFINITIONAL_REPRESENTATION('',(#1337),#1341);
#1337 = LINE('',#1338,#1339);
#1338 = CARTESIAN_POINT('',(0.,30.));
#1339 = VECTOR('',#1340,1.);
#1340 = DIRECTION('',(1.,0.));
#1341 = ( GEOMETRIC_REPRESENTATION_CONTEXT(2) 
PARAMETRIC_REPRESENTATION_CONTEXT() REPRESENTATION_CONTEXT('2D SPACE',''
  ) );
#1342 = PCURVE('',#1124,#1343);
#1343 = DEFINITIONAL_REPRESENTATION('',(#1344),#1348);
#1344 = LINE('',#1345,#1346);
#1345 = CARTESIAN_POINT('',(11.,0.));
#1346 = VECTOR('',#1347,1.);
#1347 = DIRECTION('',(0.,1.));
#1348 = ( GEOMETRIC_REPRESENTATION_CONTEXT(2) 
PARAMETRIC_REPRESENTATION_CONTEXT() REPRESENTATION_CONTEXT('2D SPACE',''
  ) );
#1349 = ORIENTED_EDGE('',*,*,#1350,.F.);
#1350 = EDGE_CURVE('',#24,#1328,#1351,.T.);
#1351 = SURFACE_CURVE('',#1352,(#1357,#1368),.PCURVE_S1.);
#1352 = CIRCLE('',#1353,4.);
#1353 = AXIS2_PLACEMENT_3D('',#1354,#1355,#1356);
#1354 = CARTESIAN_POINT('',(-34.,11.,8.));
#1355 = DIRECTION('',(-0.,-0.,-1.));
#1356 = DIRECTION('',(0.,-1.,0.));
#1357 = PCURVE('',#44,#1358);
#1358 = DEFINITIONAL_REPRESENTATION('',(#1359),#1367);
#1359 = ( BOUNDED_CURVE() B_SPLINE_CURVE(2,(#1360,#1361,#1362,#1363,
#1364,#1365,#1366),.UNSPECIFIED.,.T.,.F.) B_SPLINE_CURVE_WITH_KNOTS((1,2
    ,2,2,2,1),(-2.094395102393,0.,2.094395102393,4.188790204786,
6.28318530718,8.377580409573),.UNSPECIFIED.) CURVE() 
GEOMETRIC_REPRESENTATION_ITEM() RATIONAL_B_SPLINE_CURVE((1.,0.5,1.,0.5,
1.,0.5,1.)) REPRESENTATION_ITEM('') );
#1360 = CARTESIAN_POINT('',(4.,22.));
#1361 = CARTESIAN_POINT('',(-2.928203230276,22.));
#1362 = CARTESIAN_POINT('',(0.535898384862,28.));
#1363 = CARTESIAN_POINT('',(4.,34.));
#1364 = CARTESIAN_POINT('',(7.464101615138,28.));
#1365 = CARTESIAN_POINT('',(10.928203230276,22.));
#1366 = CARTESIAN_POINT('',(4.,22.));
#1367 = ( GEOMETRIC_REPRESENTATION_CONTEXT(2) 
PARAMETRIC_REPRESENTATION_CONTEXT() REPRESENTATION_CONTEXT('2D SPACE',''
  ) );
#1368 = PCURVE('',#126,#1369);
#1369 = DEFINITIONAL_REPRESENTATION('',(#1370),#1374);
#1370 = LINE('',#1371,#1372);
#1371 = CARTESIAN_POINT('',(1.570796326795,11.));
#1372 = VECTOR('',#1373,1.);
#1373 = DIRECTION('',(-1.,0.));
#1374 = ( GEOMETRIC_REPRESENTATION_CONTEXT(2) 
PARAMETRIC_REPRESENTATION_CONTEXT() REPRESENTATION_CONTEXT('2D SPACE',''
  ) );
#1375 = FACE_BOUND('',#1376,.T.);
#1376 = EDGE_LOOP('',(#1377));
#1377 = ORIENTED_EDGE('',*,*,#1378,.F.);
#1378 = EDGE_CURVE('',#1379,#1379,#1381,.T.);
#1379 = VERTEX_POINT('',#1380);
#1380 = CARTESIAN_POINT('',(-16.3,-22.,8.));
#1381 = SURFACE_CURVE('',#1382,(#1387,#1394),.PCURVE_S1.);
#1382 = CIRCLE('',#1383,1.7);
#1383 = AXIS2_PLACEMENT_3D('',#1384,#1385,#1386);
#1384 = CARTESIAN_POINT('',(-18.,-22.,8.));
#1385 = DIRECTION('',(0.,0.,1.));
#1386 = DIRECTION('',(1.,0.,-0.));
#1387 = PCURVE('',#44,#1388);
#1388 = DEFINITIONAL_REPRESENTATION('',(#1389),#1393);
#1389 = CIRCLE('',#1390,1.7);
#1390 = AXIS2_PLACEMENT_2D('',#1391,#1392);
#1391 = CARTESIAN_POINT('',(20.,-7.));
#1392 = DIRECTION('',(1.,0.));
#1393 = ( GEOMETRIC_REPRESENTATION_CONTEXT(2) 
PARAMETRIC_REPRESENTATION_CONTEXT() REPRESENTATION_CONTEXT('2D SPACE',''
  ) );
#1394 = PCURVE('',#1395,#1400);
#1395 = CYLINDRICAL_SURFACE('',#1396,1.7);
#1396 = AXIS2_PLACEMENT_3D('',#1397,#1398,#1399);
#1397 = CARTESIAN_POINT('',(-18.,-22.,2.));
#1398 = DIRECTION('',(0.,0.,1.));
#1399 = DIRECTION('',(1.,0.,-0.));
#1400 = DEFINITIONAL_REPRESENTATION('',(#1401),#1405);
#1401 = LINE('',#1402,#1403);
#1402 = CARTESIAN_POINT('',(0.,6.));
#1403 = VECTOR('',#1404,1.);
#1404 = DIRECTION('',(1.,0.));
#1405 = ( GEOMETRIC_REPRESENTATION_CONTEXT(2) 
PARAMETRIC_REPRESENTATION_CONTEXT() REPRESENTATION_CONTEXT('2D SPACE',''
  ) );
#1406 = FACE_BOUND('',#1407,.T.);
#1407 = EDGE_LOOP('',(#1408));
#1408 = ORIENTED_EDGE('',*,*,#1409,.F.);
#1409 = EDGE_CURVE('',#1410,#1410,#1412,.T.);
#1410 = VERTEX_POINT('',#1411);
#1411 = CARTESIAN_POINT('',(19.7,-22.,8.));
#1412 = SURFACE_CURVE('',#1413,(#1418,#1425),.PCURVE_S1.);
#1413 = CIRCLE('',#1414,1.7);
#1414 = AXIS2_PLACEMENT_3D('',#1415,#1416,#1417);
#1415 = CARTESIAN_POINT('',(18.,-22.,8.));
#1416 = DIRECTION('',(0.,0.,1.));
#1417 = DIRECTION('',(1.,0.,-0.));
#1418 = PCURVE('',#44,#1419);
#1419 = DEFINITIONAL_REPRESENTATION('',(#1420),#1424);
#1420 = CIRCLE('',#1421,1.7);
#1421 = AXIS2_PLACEMENT_2D('',#1422,#1423);
#1422 = CARTESIAN_POINT('',(56.,-7.));
#1423 = DIRECTION('',(1.,0.));
#1424 = ( GEOMETRIC_REPRESENTATION_CONTEXT(2) 
PARAMETRIC_REPRESENTATION_CONTEXT() REPRESENTATION_CONTEXT('2D SPACE',''
  ) );
#1425 = PCURVE('',#1426,#1431);
#1426 = CYLINDRICAL_SURFACE('',#1427,1.7);
#1427 = AXIS2_PLACEMENT_3D('',#1428,#1429,#1430);
#1428 = CARTESIAN_POINT('',(18.,-22.,2.));
#1429 = DIRECTION('',(0.,0.,1.));
#1430 = DIRECTION('',(1.,0.,-0.));
#1431 = DEFINITIONAL_REPRESENTATION('',(#1432),#1436);
#1432 = LINE('',#1433,#1434);
#1433 = CARTESIAN_POINT('',(0.,6.));
#1434 = VECTOR('',#1435,1.);
#1435 = DIRECTION('',(1.,0.));
#1436 = ( GEOMETRIC_REPRESENTATION_CONTEXT(2) 
PARAMETRIC_REPRESENTATION_CONTEXT() REPRESENTATION_CONTEXT('2D SPACE',''
  ) );
#1437 = FACE_BOUND('',#1438,.T.);
#1438 = EDGE_LOOP('',(#1439));
#1439 = ORIENTED_EDGE('',*,*,#1440,.F.);
#1440 = EDGE_CURVE('',#1441,#1441,#1443,.T.);
#1441 = VERTEX_POINT('',#1442);
#1442 = CARTESIAN_POINT('',(-16.3,22.,8.));
#1443 = SURFACE_CURVE('',#1444,(#1449,#1456),.PCURVE_S1.);
#1444 = CIRCLE('',#1445,1.7);
#1445 = AXIS2_PLACEMENT_3D('',#1446,#1447,#1448);
#1446 = CARTESIAN_POINT('',(-18.,22.,8.));
#1447 = DIRECTION('',(0.,0.,1.));
#1448 = DIRECTION('',(1.,0.,-0.));
#1449 = PCURVE('',#44,#1450);
#1450 = DEFINITIONAL_REPRESENTATION('',(#1451),#1455);
#1451 = CIRCLE('',#1452,1.7);
#1452 = AXIS2_PLACEMENT_2D('',#1453,#1454);
#1453 = CARTESIAN_POINT('',(20.,37.));
#1454 = DIRECTION('',(1.,0.));
#1455 = ( GEOMETRIC_REPRESENTATION_CONTEXT(2) 
PARAMETRIC_REPRESENTATION_CONTEXT() REPRESENTATION_CONTEXT('2D SPACE',''
  ) );
#1456 = PCURVE('',#1457,#1462);
#1457 = CYLINDRICAL_SURFACE('',#1458,1.7);
#1458 = AXIS2_PLACEMENT_3D('',#1459,#1460,#1461);
#1459 = CARTESIAN_POINT('',(-18.,22.,2.));
#1460 = DIRECTION('',(0.,0.,1.));
#1461 = DIRECTION('',(1.,0.,-0.));
#1462 = DEFINITIONAL_REPRESENTATION('',(#1463),#1467);
#1463 = LINE('',#1464,#1465);
#1464 = CARTESIAN_POINT('',(0.,6.));
#1465 = VECTOR('',#1466,1.);
#1466 = DIRECTION('',(1.,0.));
#1467 = ( GEOMETRIC_REPRESENTATION_CONTEXT(2) 
PARAMETRIC_REPRESENTATION_CONTEXT() REPRESENTATION_CONTEXT('2D SPACE',''
  ) );
#1468 = FACE_BOUND('',#1469,.T.);
#1469 = EDGE_LOOP('',(#1470));
#1470 = ORIENTED_EDGE('',*,*,#1471,.F.);
#1471 = EDGE_CURVE('',#1472,#1472,#1474,.T.);
#1472 = VERTEX_POINT('',#1473);
#1473 = CARTESIAN_POINT('',(19.7,22.,8.));
#1474 = SURFACE_CURVE('',#1475,(#1480,#1487),.PCURVE_S1.);
#1475 = CIRCLE('',#1476,1.7);
#1476 = AXIS2_PLACEMENT_3D('',#1477,#1478,#1479);
#1477 = CARTESIAN_POINT('',(18.,22.,8.));
#1478 = DIRECTION('',(0.,0.,1.));
#1479 = DIRECTION('',(1.,0.,-0.));
#1480 = PCURVE('',#44,#1481);
#1481 = DEFINITIONAL_REPRESENTATION('',(#1482),#1486);
#1482 = CIRCLE('',#1483,1.7);
#1483 = AXIS2_PLACEMENT_2D('',#1484,#1485);
#1484 = CARTESIAN_POINT('',(56.,37.));
#1485 = DIRECTION('',(1.,0.));
#1486 = ( GEOMETRIC_REPRESENTATION_CONTEXT(2) 
PARAMETRIC_REPRESENTATION_CONTEXT() REPRESENTATION_CONTEXT('2D SPACE',''
  ) );
#1487 = PCURVE('',#1488,#1493);
#1488 = CYLINDRICAL_SURFACE('',#1489,1.7);
#1489 = AXIS2_PLACEMENT_3D('',#1490,#1491,#1492);
#1490 = CARTESIAN_POINT('',(18.,22.,2.));
#1491 = DIRECTION('',(0.,0.,1.));
#1492 = DIRECTION('',(1.,0.,-0.));
#1493 = DEFINITIONAL_REPRESENTATION('',(#1494),#1498);
#1494 = LINE('',#1495,#1496);
#1495 = CARTESIAN_POINT('',(0.,6.));
#1496 = VECTOR('',#1497,1.);
#1497 = DIRECTION('',(1.,0.));
#1498 = ( GEOMETRIC_REPRESENTATION_CONTEXT(2) 
PARAMETRIC_REPRESENTATION_CONTEXT() REPRESENTATION_CONTEXT('2D SPACE',''
  ) );
#1499 = ADVANCED_FACE('',(#1500),#72,.T.);
#1500 = FACE_BOUND('',#1501,.T.);
#1501 = EDGE_LOOP('',(#1502,#1526,#1547,#1548));
#1502 = ORIENTED_EDGE('',*,*,#1503,.T.);
#1503 = EDGE_CURVE('',#57,#1504,#1506,.T.);
#1504 = VERTEX_POINT('',#1505);
#1505 = CARTESIAN_POINT('',(-34.,-15.,-3.));
#1506 = SURFACE_CURVE('',#1507,(#1512,#1519),.PCURVE_S1.);
#1507 = CIRCLE('',#1508,4.);
#1508 = AXIS2_PLACEMENT_3D('',#1509,#1510,#1511);
#1509 = CARTESIAN_POINT('',(-34.,-11.,-3.));
#1510 = DIRECTION('',(0.,0.,1.));
#1511 = DIRECTION('',(0.,-1.,0.));
#1512 = PCURVE('',#72,#1513);
#1513 = DEFINITIONAL_REPRESENTATION('',(#1514),#1518);
#1514 = LINE('',#1515,#1516);
#1515 = CARTESIAN_POINT('',(-4.712388980385,0.));
#1516 = VECTOR('',#1517,1.);
#1517 = DIRECTION('',(1.,0.));
#1518 = ( GEOMETRIC_REPRESENTATION_CONTEXT(2) 
PARAMETRIC_REPRESENTATION_CONTEXT() REPRESENTATION_CONTEXT('2D SPACE',''
  ) );
#1519 = PCURVE('',#100,#1520);
#1520 = DEFINITIONAL_REPRESENTATION('',(#1521),#1525);
#1521 = CIRCLE('',#1522,4.);
#1522 = AXIS2_PLACEMENT_2D('',#1523,#1524);
#1523 = CARTESIAN_POINT('',(4.,4.));
#1524 = DIRECTION('',(0.,-1.));
#1525 = ( GEOMETRIC_REPRESENTATION_CONTEXT(2) 
PARAMETRIC_REPRESENTATION_CONTEXT() REPRESENTATION_CONTEXT('2D SPACE',''
  ) );
#1526 = ORIENTED_EDGE('',*,*,#1527,.T.);
#1527 = EDGE_CURVE('',#1504,#143,#1528,.T.);
#1528 = SURFACE_CURVE('',#1529,(#1533,#1540),.PCURVE_S1.);
#1529 = LINE('',#1530,#1531);
#1530 = CARTESIAN_POINT('',(-34.,-15.,-3.));
#1531 = VECTOR('',#1532,1.);
#1532 = DIRECTION('',(0.,0.,1.));
#1533 = PCURVE('',#72,#1534);
#1534 = DEFINITIONAL_REPRESENTATION('',(#1535),#1539);
#1535 = LINE('',#1536,#1537);
#1536 = CARTESIAN_POINT('',(1.570796326795,0.));
#1537 = VECTOR('',#1538,1.);
#1538 = DIRECTION('',(0.,1.));
#1539 = ( GEOMETRIC_REPRESENTATION_CONTEXT(2) 
PARAMETRIC_REPRESENTATION_CONTEXT() REPRESENTATION_CONTEXT('2D SPACE',''
  ) );
#1540 = PCURVE('',#182,#1541);
#1541 = DEFINITIONAL_REPRESENTATION('',(#1542),#1546);
#1542 = LINE('',#1543,#1544);
#1543 = CARTESIAN_POINT('',(0.,4.));
#1544 = VECTOR('',#1545,1.);
#1545 = DIRECTION('',(1.,0.));
#1546 = ( GEOMETRIC_REPRESENTATION_CONTEXT(2) 
PARAMETRIC_REPRESENTATION_CONTEXT() REPRESENTATION_CONTEXT('2D SPACE',''
  ) );
#1547 = ORIENTED_EDGE('',*,*,#142,.F.);
#1548 = ORIENTED_EDGE('',*,*,#56,.F.);
#1549 = ADVANCED_FACE('',(#1550),#126,.T.);
#1550 = FACE_BOUND('',#1551,.F.);
#1551 = EDGE_LOOP('',(#1552,#1580,#1601,#1602));
#1552 = ORIENTED_EDGE('',*,*,#1553,.T.);
#1553 = EDGE_CURVE('',#85,#1554,#1556,.T.);
#1554 = VERTEX_POINT('',#1555);
#1555 = CARTESIAN_POINT('',(-34.,15.,-3.));
#1556 = SURFACE_CURVE('',#1557,(#1562,#1569),.PCURVE_S1.);
#1557 = CIRCLE('',#1558,4.);
#1558 = AXIS2_PLACEMENT_3D('',#1559,#1560,#1561);
#1559 = CARTESIAN_POINT('',(-34.,11.,-3.));
#1560 = DIRECTION('',(-0.,-0.,-1.));
#1561 = DIRECTION('',(0.,-1.,0.));
#1562 = PCURVE('',#126,#1563);
#1563 = DEFINITIONAL_REPRESENTATION('',(#1564),#1568);
#1564 = LINE('',#1565,#1566);
#1565 = CARTESIAN_POINT('',(1.570796326795,-0.));
#1566 = VECTOR('',#1567,1.);
#1567 = DIRECTION('',(-1.,0.));
#1568 = ( GEOMETRIC_REPRESENTATION_CONTEXT(2) 
PARAMETRIC_REPRESENTATION_CONTEXT() REPRESENTATION_CONTEXT('2D SPACE',''
  ) );
#1569 = PCURVE('',#100,#1570);
#1570 = DEFINITIONAL_REPRESENTATION('',(#1571),#1579);
#1571 = ( BOUNDED_CURVE() B_SPLINE_CURVE(2,(#1572,#1573,#1574,#1575,
#1576,#1577,#1578),.UNSPECIFIED.,.T.,.F.) B_SPLINE_CURVE_WITH_KNOTS((1,2
    ,2,2,2,1),(-2.094395102393,0.,2.094395102393,4.188790204786,
6.28318530718,8.377580409573),.UNSPECIFIED.) CURVE() 
GEOMETRIC_REPRESENTATION_ITEM() RATIONAL_B_SPLINE_CURVE((1.,0.5,1.,0.5,
1.,0.5,1.)) REPRESENTATION_ITEM('') );
#1572 = CARTESIAN_POINT('',(4.,22.));
#1573 = CARTESIAN_POINT('',(-2.928203230276,22.));
#1574 = CARTESIAN_POINT('',(0.535898384862,28.));
#1575 = CARTESIAN_POINT('',(4.,34.));
#1576 = CARTESIAN_POINT('',(7.464101615138,28.));
#1577 = CARTESIAN_POINT('',(10.928203230276,22.));
#1578 = CARTESIAN_POINT('',(4.,22.));
#1579 = ( GEOMETRIC_REPRESENTATION_CONTEXT(2) 
PARAMETRIC_REPRESENTATION_CONTEXT() REPRESENTATION_CONTEXT('2D SPACE',''
  ) );
#1580 = ORIENTED_EDGE('',*,*,#1581,.T.);
#1581 = EDGE_CURVE('',#1554,#1328,#1582,.T.);
#1582 = SURFACE_CURVE('',#1583,(#1587,#1594),.PCURVE_S1.);
#1583 = LINE('',#1584,#1585);
#1584 = CARTESIAN_POINT('',(-34.,15.,-3.));
#1585 = VECTOR('',#1586,1.);
#1586 = DIRECTION('',(0.,0.,1.));
#1587 = PCURVE('',#126,#1588);
#1588 = DEFINITIONAL_REPRESENTATION('',(#1589),#1593);
#1589 = LINE('',#1590,#1591);
#1590 = CARTESIAN_POINT('',(-1.570796326795,0.));
#1591 = VECTOR('',#1592,1.);
#1592 = DIRECTION('',(-0.,1.));
#1593 = ( GEOMETRIC_REPRESENTATION_CONTEXT(2) 
PARAMETRIC_REPRESENTATION_CONTEXT() REPRESENTATION_CONTEXT('2D SPACE',''
  ) );
#1594 = PCURVE('',#1124,#1595);
#1595 = DEFINITIONAL_REPRESENTATION('',(#1596),#1600);
#1596 = LINE('',#1597,#1598);
#1597 = CARTESIAN_POINT('',(0.,4.));
#1598 = VECTOR('',#1599,1.);
#1599 = DIRECTION('',(1.,0.));
#1600 = ( GEOMETRIC_REPRESENTATION_CONTEXT(2) 
PARAMETRIC_REPRESENTATION_CONTEXT() REPRESENTATION_CONTEXT('2D SPACE',''
  ) );
#1601 = ORIENTED_EDGE('',*,*,#1350,.F.);
#1602 = ORIENTED_EDGE('',*,*,#112,.F.);
#1603 = ADVANCED_FACE('',(#1604,#1775,#1801,#1832),#100,.F.);
#1604 = FACE_BOUND('',#1605,.F.);
#1605 = EDGE_LOOP('',(#1606,#1607,#1608,#1631,#1659,#1682,#1706,#1729,
    #1753,#1774));
#1606 = ORIENTED_EDGE('',*,*,#84,.F.);
#1607 = ORIENTED_EDGE('',*,*,#1503,.T.);
#1608 = ORIENTED_EDGE('',*,*,#1609,.T.);
#1609 = EDGE_CURVE('',#1504,#1610,#1612,.T.);
#1610 = VERTEX_POINT('',#1611);
#1611 = CARTESIAN_POINT('',(34.,-15.,-3.));
#1612 = SURFACE_CURVE('',#1613,(#1617,#1624),.PCURVE_S1.);
#1613 = LINE('',#1614,#1615);
#1614 = CARTESIAN_POINT('',(-38.,-15.,-3.));
#1615 = VECTOR('',#1616,1.);
#1616 = DIRECTION('',(1.,0.,0.));
#1617 = PCURVE('',#100,#1618);
#1618 = DEFINITIONAL_REPRESENTATION('',(#1619),#1623);
#1619 = LINE('',#1620,#1621);
#1620 = CARTESIAN_POINT('',(0.,0.));
#1621 = VECTOR('',#1622,1.);
#1622 = DIRECTION('',(1.,0.));
#1623 = ( GEOMETRIC_REPRESENTATION_CONTEXT(2) 
PARAMETRIC_REPRESENTATION_CONTEXT() REPRESENTATION_CONTEXT('2D SPACE',''
  ) );
#1624 = PCURVE('',#182,#1625);
#1625 = DEFINITIONAL_REPRESENTATION('',(#1626),#1630);
#1626 = LINE('',#1627,#1628);
#1627 = CARTESIAN_POINT('',(0.,0.));
#1628 = VECTOR('',#1629,1.);
#1629 = DIRECTION('',(0.,1.));
#1630 = ( GEOMETRIC_REPRESENTATION_CONTEXT(2) 
PARAMETRIC_REPRESENTATION_CONTEXT() REPRESENTATION_CONTEXT('2D SPACE',''
  ) );
#1631 = ORIENTED_EDGE('',*,*,#1632,.F.);
#1632 = EDGE_CURVE('',#1633,#1610,#1635,.T.);
#1633 = VERTEX_POINT('',#1634);
#1634 = CARTESIAN_POINT('',(38.,-11.,-3.));
#1635 = SURFACE_CURVE('',#1636,(#1641,#1652),.PCURVE_S1.);
#1636 = CIRCLE('',#1637,4.);
#1637 = AXIS2_PLACEMENT_3D('',#1638,#1639,#1640);
#1638 = CARTESIAN_POINT('',(34.,-11.,-3.));
#1639 = DIRECTION('',(-0.,-0.,-1.));
#1640 = DIRECTION('',(0.,-1.,0.));
#1641 = PCURVE('',#100,#1642);
#1642 = DEFINITIONAL_REPRESENTATION('',(#1643),#1651);
#1643 = ( BOUNDED_CURVE() B_SPLINE_CURVE(2,(#1644,#1645,#1646,#1647,
#1648,#1649,#1650),.UNSPECIFIED.,.T.,.F.) B_SPLINE_CURVE_WITH_KNOTS((1,2
    ,2,2,2,1),(-2.094395102393,0.,2.094395102393,4.188790204786,
6.28318530718,8.377580409573),.UNSPECIFIED.) CURVE() 
GEOMETRIC_REPRESENTATION_ITEM() RATIONAL_B_SPLINE_CURVE((1.,0.5,1.,0.5,
1.,0.5,1.)) REPRESENTATION_ITEM('') );
#1644 = CARTESIAN_POINT('',(72.,0.));
#1645 = CARTESIAN_POINT('',(65.071796769725,0.));
#1646 = CARTESIAN_POINT('',(68.535898384862,6.));
#1647 = CARTESIAN_POINT('',(72.,12.));
#1648 = CARTESIAN_POINT('',(75.464101615138,6.));
#1649 = CARTESIAN_POINT('',(78.928203230276,6.217248937901E-15));
#1650 = CARTESIAN_POINT('',(72.,0.));
#1651 = ( GEOMETRIC_REPRESENTATION_CONTEXT(2) 
PARAMETRIC_REPRESENTATION_CONTEXT() REPRESENTATION_CONTEXT('2D SPACE',''
  ) );
#1652 = PCURVE('',#429,#1653);
#1653 = DEFINITIONAL_REPRESENTATION('',(#1654),#1658);
#1654 = LINE('',#1655,#1656);
#1655 = CARTESIAN_POINT('',(4.712388980385,-0.));
#1656 = VECTOR('',#1657,1.);
#1657 = DIRECTION('',(-1.,0.));
#1658 = ( GEOMETRIC_REPRESENTATION_CONTEXT(2) 
PARAMETRIC_REPRESENTATION_CONTEXT() REPRESENTATION_CONTEXT('2D SPACE',''
  ) );
#1659 = ORIENTED_EDGE('',*,*,#1660,.T.);
#1660 = EDGE_CURVE('',#1633,#1661,#1663,.T.);
#1661 = VERTEX_POINT('',#1662);
#1662 = CARTESIAN_POINT('',(38.,-3.35410196625,-3.));
#1663 = SURFACE_CURVE('',#1664,(#1668,#1675),.PCURVE_S1.);
#1664 = LINE('',#1665,#1666);
#1665 = CARTESIAN_POINT('',(38.,-15.,-3.));
#1666 = VECTOR('',#1667,1.);
#1667 = DIRECTION('',(0.,1.,0.));
#1668 = PCURVE('',#100,#1669);
#1669 = DEFINITIONAL_REPRESENTATION('',(#1670),#1674);
#1670 = LINE('',#1671,#1672);
#1671 = CARTESIAN_POINT('',(76.,0.));
#1672 = VECTOR('',#1673,1.);
#1673 = DIRECTION('',(0.,1.));
#1674 = ( GEOMETRIC_REPRESENTATION_CONTEXT(2) 
PARAMETRIC_REPRESENTATION_CONTEXT() REPRESENTATION_CONTEXT('2D SPACE',''
  ) );
#1675 = PCURVE('',#457,#1676);
#1676 = DEFINITIONAL_REPRESENTATION('',(#1677),#1681);
#1677 = LINE('',#1678,#1679);
#1678 = CARTESIAN_POINT('',(0.,0.));
#1679 = VECTOR('',#1680,1.);
#1680 = DIRECTION('',(0.,-1.));
#1681 = ( GEOMETRIC_REPRESENTATION_CONTEXT(2) 
PARAMETRIC_REPRESENTATION_CONTEXT() REPRESENTATION_CONTEXT('2D SPACE',''
  ) );
#1682 = ORIENTED_EDGE('',*,*,#1683,.F.);
#1683 = EDGE_CURVE('',#1684,#1661,#1686,.T.);
#1684 = VERTEX_POINT('',#1685);
#1685 = CARTESIAN_POINT('',(38.,3.35410196625,-3.));
#1686 = SURFACE_CURVE('',#1687,(#1692,#1699),.PCURVE_S1.);
#1687 = CIRCLE('',#1688,4.5);
#1688 = AXIS2_PLACEMENT_3D('',#1689,#1690,#1691);
#1689 = CARTESIAN_POINT('',(35.,0.,-3.));
#1690 = DIRECTION('',(0.,0.,1.));
#1691 = DIRECTION('',(1.,0.,-0.));
#1692 = PCURVE('',#100,#1693);
#1693 = DEFINITIONAL_REPRESENTATION('',(#1694),#1698);
#1694 = CIRCLE('',#1695,4.5);
#1695 = AXIS2_PLACEMENT_2D('',#1696,#1697);
#1696 = CARTESIAN_POINT('',(73.,15.));
#1697 = DIRECTION('',(1.,0.));
#1698 = ( GEOMETRIC_REPRESENTATION_CONTEXT(2) 
PARAMETRIC_REPRESENTATION_CONTEXT() REPRESENTATION_CONTEXT('2D SPACE',''
  ) );
#1699 = PCURVE('',#486,#1700);
#1700 = DEFINITIONAL_REPRESENTATION('',(#1701),#1705);
#1701 = LINE('',#1702,#1703);
#1702 = CARTESIAN_POINT('',(0.,3.));
#1703 = VECTOR('',#1704,1.);
#1704 = DIRECTION('',(1.,0.));
#1705 = ( GEOMETRIC_REPRESENTATION_CONTEXT(2) 
PARAMETRIC_REPRESENTATION_CONTEXT() REPRESENTATION_CONTEXT('2D SPACE',''
  ) );
#1706 = ORIENTED_EDGE('',*,*,#1707,.T.);
#1707 = EDGE_CURVE('',#1684,#1708,#1710,.T.);
#1708 = VERTEX_POINT('',#1709);
#1709 = CARTESIAN_POINT('',(38.,11.,-3.));
#1710 = SURFACE_CURVE('',#1711,(#1715,#1722),.PCURVE_S1.);
#1711 = LINE('',#1712,#1713);
#1712 = CARTESIAN_POINT('',(38.,-15.,-3.));
#1713 = VECTOR('',#1714,1.);
#1714 = DIRECTION('',(0.,1.,0.));
#1715 = PCURVE('',#100,#1716);
#1716 = DEFINITIONAL_REPRESENTATION('',(#1717),#1721);
#1717 = LINE('',#1718,#1719);
#1718 = CARTESIAN_POINT('',(76.,0.));
#1719 = VECTOR('',#1720,1.);
#1720 = DIRECTION('',(0.,1.));
#1721 = ( GEOMETRIC_REPRESENTATION_CONTEXT(2) 
PARAMETRIC_REPRESENTATION_CONTEXT() REPRESENTATION_CONTEXT('2D SPACE',''
  ) );
#1722 = PCURVE('',#1067,#1723);
#1723 = DEFINITIONAL_REPRESENTATION('',(#1724),#1728);
#1724 = LINE('',#1725,#1726);
#1725 = CARTESIAN_POINT('',(0.,0.));
#1726 = VECTOR('',#1727,1.);
#1727 = DIRECTION('',(0.,-1.));
#1728 = ( GEOMETRIC_REPRESENTATION_CONTEXT(2) 
PARAMETRIC_REPRESENTATION_CONTEXT() REPRESENTATION_CONTEXT('2D SPACE',''
  ) );
#1729 = ORIENTED_EDGE('',*,*,#1730,.T.);
#1730 = EDGE_CURVE('',#1708,#1731,#1733,.T.);
#1731 = VERTEX_POINT('',#1732);
#1732 = CARTESIAN_POINT('',(34.,15.,-3.));
#1733 = SURFACE_CURVE('',#1734,(#1739,#1746),.PCURVE_S1.);
#1734 = CIRCLE('',#1735,4.);
#1735 = AXIS2_PLACEMENT_3D('',#1736,#1737,#1738);
#1736 = CARTESIAN_POINT('',(34.,11.,-3.));
#1737 = DIRECTION('',(0.,0.,1.));
#1738 = DIRECTION('',(0.,-1.,0.));
#1739 = PCURVE('',#100,#1740);
#1740 = DEFINITIONAL_REPRESENTATION('',(#1741),#1745);
#1741 = CIRCLE('',#1742,4.);
#1742 = AXIS2_PLACEMENT_2D('',#1743,#1744);
#1743 = CARTESIAN_POINT('',(72.,26.));
#1744 = DIRECTION('',(0.,-1.));
#1745 = ( GEOMETRIC_REPRESENTATION_CONTEXT(2) 
PARAMETRIC_REPRESENTATION_CONTEXT() REPRESENTATION_CONTEXT('2D SPACE',''
  ) );
#1746 = PCURVE('',#1096,#1747);
#1747 = DEFINITIONAL_REPRESENTATION('',(#1748),#1752);
#1748 = LINE('',#1749,#1750);
#1749 = CARTESIAN_POINT('',(-1.570796326795,0.));
#1750 = VECTOR('',#1751,1.);
#1751 = DIRECTION('',(1.,0.));
#1752 = ( GEOMETRIC_REPRESENTATION_CONTEXT(2) 
PARAMETRIC_REPRESENTATION_CONTEXT() REPRESENTATION_CONTEXT('2D SPACE',''
  ) );
#1753 = ORIENTED_EDGE('',*,*,#1754,.F.);
#1754 = EDGE_CURVE('',#1554,#1731,#1755,.T.);
#1755 = SURFACE_CURVE('',#1756,(#1760,#1767),.PCURVE_S1.);
#1756 = LINE('',#1757,#1758);
#1757 = CARTESIAN_POINT('',(-38.,15.,-3.));
#1758 = VECTOR('',#1759,1.);
#1759 = DIRECTION('',(1.,0.,0.));
#1760 = PCURVE('',#100,#1761);
#1761 = DEFINITIONAL_REPRESENTATION('',(#1762),#1766);
#1762 = LINE('',#1763,#1764);
#1763 = CARTESIAN_POINT('',(0.,30.));
#1764 = VECTOR('',#1765,1.);
#1765 = DIRECTION('',(1.,0.));
#1766 = ( GEOMETRIC_REPRESENTATION_CONTEXT(2) 
PARAMETRIC_REPRESENTATION_CONTEXT() REPRESENTATION_CONTEXT('2D SPACE',''
  ) );
#1767 = PCURVE('',#1124,#1768);
#1768 = DEFINITIONAL_REPRESENTATION('',(#1769),#1773);
#1769 = LINE('',#1770,#1771);
#1770 = CARTESIAN_POINT('',(0.,0.));
#1771 = VECTOR('',#1772,1.);
#1772 = DIRECTION('',(0.,1.));
#1773 = ( GEOMETRIC_REPRESENTATION_CONTEXT(2) 
PARAMETRIC_REPRESENTATION_CONTEXT() REPRESENTATION_CONTEXT('2D SPACE',''
  ) );
#1774 = ORIENTED_EDGE('',*,*,#1553,.F.);
#1775 = FACE_BOUND('',#1776,.F.);
#1776 = EDGE_LOOP('',(#1777));
#1777 = ORIENTED_EDGE('',*,*,#1778,.F.);
#1778 = EDGE_CURVE('',#1779,#1779,#1781,.T.);
#1779 = VERTEX_POINT('',#1780);
#1780 = CARTESIAN_POINT('',(-32.7,-5.633375276078E-16,-3.));
#1781 = SURFACE_CURVE('',#1782,(#1787,#1794),.PCURVE_S1.);
#1782 = CIRCLE('',#1783,2.3);
#1783 = AXIS2_PLACEMENT_3D('',#1784,#1785,#1786);
#1784 = CARTESIAN_POINT('',(-35.,0.,-3.));
#1785 = DIRECTION('',(0.,0.,1.));
#1786 = DIRECTION('',(1.,0.,-0.));
#1787 = PCURVE('',#100,#1788);
#1788 = DEFINITIONAL_REPRESENTATION('',(#1789),#1793);
#1789 = CIRCLE('',#1790,2.3);
#1790 = AXIS2_PLACEMENT_2D('',#1791,#1792);
#1791 = CARTESIAN_POINT('',(3.,15.));
#1792 = DIRECTION('',(1.,0.));
#1793 = ( GEOMETRIC_REPRESENTATION_CONTEXT(2) 
PARAMETRIC_REPRESENTATION_CONTEXT() REPRESENTATION_CONTEXT('2D SPACE',''
  ) );
#1794 = PCURVE('',#765,#1795);
#1795 = DEFINITIONAL_REPRESENTATION('',(#1796),#1800);
#1796 = LINE('',#1797,#1798);
#1797 = CARTESIAN_POINT('',(0.,3.));
#1798 = VECTOR('',#1799,1.);
#1799 = DIRECTION('',(1.,0.));
#1800 = ( GEOMETRIC_REPRESENTATION_CONTEXT(2) 
PARAMETRIC_REPRESENTATION_CONTEXT() REPRESENTATION_CONTEXT('2D SPACE',''
  ) );
#1801 = FACE_BOUND('',#1802,.F.);
#1802 = EDGE_LOOP('',(#1803));
#1803 = ORIENTED_EDGE('',*,*,#1804,.F.);
#1804 = EDGE_CURVE('',#1805,#1805,#1807,.T.);
#1805 = VERTEX_POINT('',#1806);
#1806 = CARTESIAN_POINT('',(-29.75,5.,-3.));
#1807 = SURFACE_CURVE('',#1808,(#1813,#1820),.PCURVE_S1.);
#1808 = CIRCLE('',#1809,1.25);
#1809 = AXIS2_PLACEMENT_3D('',#1810,#1811,#1812);
#1810 = CARTESIAN_POINT('',(-31.,5.,-3.));
#1811 = DIRECTION('',(0.,0.,1.));
#1812 = DIRECTION('',(1.,0.,-0.));
#1813 = PCURVE('',#100,#1814);
#1814 = DEFINITIONAL_REPRESENTATION('',(#1815),#1819);
#1815 = CIRCLE('',#1816,1.25);
#1816 = AXIS2_PLACEMENT_2D('',#1817,#1818);
#1817 = CARTESIAN_POINT('',(7.,20.));
#1818 = DIRECTION('',(1.,0.));
#1819 = ( GEOMETRIC_REPRESENTATION_CONTEXT(2) 
PARAMETRIC_REPRESENTATION_CONTEXT() REPRESENTATION_CONTEXT('2D SPACE',''
  ) );
#1820 = PCURVE('',#1821,#1826);
#1821 = CYLINDRICAL_SURFACE('',#1822,1.25);
#1822 = AXIS2_PLACEMENT_3D('',#1823,#1824,#1825);
#1823 = CARTESIAN_POINT('',(-31.,5.,-6.));
#1824 = DIRECTION('',(0.,0.,1.));
#1825 = DIRECTION('',(1.,0.,-0.));
#1826 = DEFINITIONAL_REPRESENTATION('',(#1827),#1831);
#1827 = LINE('',#1828,#1829);
#1828 = CARTESIAN_POINT('',(0.,3.));
#1829 = VECTOR('',#1830,1.);
#1830 = DIRECTION('',(1.,0.));
#1831 = ( GEOMETRIC_REPRESENTATION_CONTEXT(2) 
PARAMETRIC_REPRESENTATION_CONTEXT() REPRESENTATION_CONTEXT('2D SPACE',''
  ) );
#1832 = FACE_BOUND('',#1833,.F.);
#1833 = EDGE_LOOP('',(#1834));
#1834 = ORIENTED_EDGE('',*,*,#1835,.F.);
#1835 = EDGE_CURVE('',#1836,#1836,#1838,.T.);
#1836 = VERTEX_POINT('',#1837);
#1837 = CARTESIAN_POINT('',(32.25,5.,-3.));
#1838 = SURFACE_CURVE('',#1839,(#1844,#1851),.PCURVE_S1.);
#1839 = CIRCLE('',#1840,1.25);
#1840 = AXIS2_PLACEMENT_3D('',#1841,#1842,#1843);
#1841 = CARTESIAN_POINT('',(31.,5.,-3.));
#1842 = DIRECTION('',(0.,0.,1.));
#1843 = DIRECTION('',(1.,0.,-0.));
#1844 = PCURVE('',#100,#1845);
#1845 = DEFINITIONAL_REPRESENTATION('',(#1846),#1850);
#1846 = CIRCLE('',#1847,1.25);
#1847 = AXIS2_PLACEMENT_2D('',#1848,#1849);
#1848 = CARTESIAN_POINT('',(69.,20.));
#1849 = DIRECTION('',(1.,0.));
#1850 = ( GEOMETRIC_REPRESENTATION_CONTEXT(2) 
PARAMETRIC_REPRESENTATION_CONTEXT() REPRESENTATION_CONTEXT('2D SPACE',''
  ) );
#1851 = PCURVE('',#1852,#1857);
#1852 = CYLINDRICAL_SURFACE('',#1853,1.25);
#1853 = AXIS2_PLACEMENT_3D('',#1854,#1855,#1856);
#1854 = CARTESIAN_POINT('',(31.,5.,-6.));
#1855 = DIRECTION('',(0.,0.,1.));
#1856 = DIRECTION('',(1.,0.,-0.));
#1857 = DEFINITIONAL_REPRESENTATION('',(#1858),#1862);
#1858 = LINE('',#1859,#1860);
#1859 = CARTESIAN_POINT('',(0.,3.));
#1860 = VECTOR('',#1861,1.);
#1861 = DIRECTION('',(1.,0.));
#1862 = ( GEOMETRIC_REPRESENTATION_CONTEXT(2) 
PARAMETRIC_REPRESENTATION_CONTEXT() REPRESENTATION_CONTEXT('2D SPACE',''
  ) );
#1863 = ADVANCED_FACE('',(#1864,#2036,#2142,#2248),#182,.F.);
#1864 = FACE_BOUND('',#1865,.F.);
#1865 = EDGE_LOOP('',(#1866,#1867,#1868,#1869,#1892,#1920,#1941,#1942,
    #1965,#1993,#2014,#2015));
#1866 = ORIENTED_EDGE('',*,*,#1609,.F.);
#1867 = ORIENTED_EDGE('',*,*,#1527,.T.);
#1868 = ORIENTED_EDGE('',*,*,#166,.T.);
#1869 = ORIENTED_EDGE('',*,*,#1870,.F.);
#1870 = EDGE_CURVE('',#1871,#167,#1873,.T.);
#1871 = VERTEX_POINT('',#1872);
#1872 = CARTESIAN_POINT('',(-22.5,-15.,4.));
#1873 = SURFACE_CURVE('',#1874,(#1878,#1885),.PCURVE_S1.);
#1874 = LINE('',#1875,#1876);
#1875 = CARTESIAN_POINT('',(-22.5,-15.,4.));
#1876 = VECTOR('',#1877,1.);
#1877 = DIRECTION('',(0.,0.,1.));
#1878 = PCURVE('',#182,#1879);
#1879 = DEFINITIONAL_REPRESENTATION('',(#1880),#1884);
#1880 = LINE('',#1881,#1882);
#1881 = CARTESIAN_POINT('',(7.,15.5));
#1882 = VECTOR('',#1883,1.);
#1883 = DIRECTION('',(1.,0.));
#1884 = ( GEOMETRIC_REPRESENTATION_CONTEXT(2) 
PARAMETRIC_REPRESENTATION_CONTEXT() REPRESENTATION_CONTEXT('2D SPACE',''
  ) );
#1885 = PCURVE('',#210,#1886);
#1886 = DEFINITIONAL_REPRESENTATION('',(#1887),#1891);
#1887 = LINE('',#1888,#1889);
#1888 = CARTESIAN_POINT('',(0.,-11.));
#1889 = VECTOR('',#1890,1.);
#1890 = DIRECTION('',(1.,0.));
#1891 = ( GEOMETRIC_REPRESENTATION_CONTEXT(2) 
PARAMETRIC_REPRESENTATION_CONTEXT() REPRESENTATION_CONTEXT('2D SPACE',''
  ) );
#1892 = ORIENTED_EDGE('',*,*,#1893,.T.);
#1893 = EDGE_CURVE('',#1871,#1894,#1896,.T.);
#1894 = VERTEX_POINT('',#1895);
#1895 = CARTESIAN_POINT('',(-13.5,-15.,4.));
#1896 = SURFACE_CURVE('',#1897,(#1901,#1908),.PCURVE_S1.);
#1897 = LINE('',#1898,#1899);
#1898 = CARTESIAN_POINT('',(-22.5,-15.,4.));
#1899 = VECTOR('',#1900,1.);
#1900 = DIRECTION('',(1.,0.,0.));
#1901 = PCURVE('',#182,#1902);
#1902 = DEFINITIONAL_REPRESENTATION('',(#1903),#1907);
#1903 = LINE('',#1904,#1905);
#1904 = CARTESIAN_POINT('',(7.,15.5));
#1905 = VECTOR('',#1906,1.);
#1906 = DIRECTION('',(0.,1.));
#1907 = ( GEOMETRIC_REPRESENTATION_CONTEXT(2) 
PARAMETRIC_REPRESENTATION_CONTEXT() REPRESENTATION_CONTEXT('2D SPACE',''
  ) );
#1908 = PCURVE('',#1909,#1914);
#1909 = PLANE('',#1910);
#1910 = AXIS2_PLACEMENT_3D('',#1911,#1912,#1913);
#1911 = CARTESIAN_POINT('',(-22.5,-26.,4.));
#1912 = DIRECTION('',(0.,0.,1.));
#1913 = DIRECTION('',(1.,0.,0.));
#1914 = DEFINITIONAL_REPRESENTATION('',(#1915),#1919);
#1915 = LINE('',#1916,#1917);
#1916 = CARTESIAN_POINT('',(0.,11.));
#1917 = VECTOR('',#1918,1.);
#1918 = DIRECTION('',(1.,0.));
#1919 = ( GEOMETRIC_REPRESENTATION_CONTEXT(2) 
PARAMETRIC_REPRESENTATION_CONTEXT() REPRESENTATION_CONTEXT('2D SPACE',''
  ) );
#1920 = ORIENTED_EDGE('',*,*,#1921,.T.);
#1921 = EDGE_CURVE('',#1894,#251,#1922,.T.);
#1922 = SURFACE_CURVE('',#1923,(#1927,#1934),.PCURVE_S1.);
#1923 = LINE('',#1924,#1925);
#1924 = CARTESIAN_POINT('',(-13.5,-15.,4.));
#1925 = VECTOR('',#1926,1.);
#1926 = DIRECTION('',(0.,0.,1.));
#1927 = PCURVE('',#182,#1928);
#1928 = DEFINITIONAL_REPRESENTATION('',(#1929),#1933);
#1929 = LINE('',#1930,#1931);
#1930 = CARTESIAN_POINT('',(7.,24.5));
#1931 = VECTOR('',#1932,1.);
#1932 = DIRECTION('',(1.,0.));
#1933 = ( GEOMETRIC_REPRESENTATION_CONTEXT(2) 
PARAMETRIC_REPRESENTATION_CONTEXT() REPRESENTATION_CONTEXT('2D SPACE',''
  ) );
#1934 = PCURVE('',#266,#1935);
#1935 = DEFINITIONAL_REPRESENTATION('',(#1936),#1940);
#1936 = LINE('',#1937,#1938);
#1937 = CARTESIAN_POINT('',(0.,-11.));
#1938 = VECTOR('',#1939,1.);
#1939 = DIRECTION('',(1.,0.));
#1940 = ( GEOMETRIC_REPRESENTATION_CONTEXT(2) 
PARAMETRIC_REPRESENTATION_CONTEXT() REPRESENTATION_CONTEXT('2D SPACE',''
  ) );
#1941 = ORIENTED_EDGE('',*,*,#278,.T.);
#1942 = ORIENTED_EDGE('',*,*,#1943,.F.);
#1943 = EDGE_CURVE('',#1944,#279,#1946,.T.);
#1944 = VERTEX_POINT('',#1945);
#1945 = CARTESIAN_POINT('',(13.5,-15.,4.));
#1946 = SURFACE_CURVE('',#1947,(#1951,#1958),.PCURVE_S1.);
#1947 = LINE('',#1948,#1949);
#1948 = CARTESIAN_POINT('',(13.5,-15.,4.));
#1949 = VECTOR('',#1950,1.);
#1950 = DIRECTION('',(0.,0.,1.));
#1951 = PCURVE('',#182,#1952);
#1952 = DEFINITIONAL_REPRESENTATION('',(#1953),#1957);
#1953 = LINE('',#1954,#1955);
#1954 = CARTESIAN_POINT('',(7.,51.5));
#1955 = VECTOR('',#1956,1.);
#1956 = DIRECTION('',(1.,0.));
#1957 = ( GEOMETRIC_REPRESENTATION_CONTEXT(2) 
PARAMETRIC_REPRESENTATION_CONTEXT() REPRESENTATION_CONTEXT('2D SPACE',''
  ) );
#1958 = PCURVE('',#317,#1959);
#1959 = DEFINITIONAL_REPRESENTATION('',(#1960),#1964);
#1960 = LINE('',#1961,#1962);
#1961 = CARTESIAN_POINT('',(0.,-11.));
#1962 = VECTOR('',#1963,1.);
#1963 = DIRECTION('',(1.,0.));
#1964 = ( GEOMETRIC_REPRESENTATION_CONTEXT(2) 
PARAMETRIC_REPRESENTATION_CONTEXT() REPRESENTATION_CONTEXT('2D SPACE',''
  ) );
#1965 = ORIENTED_EDGE('',*,*,#1966,.T.);
#1966 = EDGE_CURVE('',#1944,#1967,#1969,.T.);
#1967 = VERTEX_POINT('',#1968);
#1968 = CARTESIAN_POINT('',(22.5,-15.,4.));
#1969 = SURFACE_CURVE('',#1970,(#1974,#1981),.PCURVE_S1.);
#1970 = LINE('',#1971,#1972);
#1971 = CARTESIAN_POINT('',(13.5,-15.,4.));
#1972 = VECTOR('',#1973,1.);
#1973 = DIRECTION('',(1.,0.,0.));
#1974 = PCURVE('',#182,#1975);
#1975 = DEFINITIONAL_REPRESENTATION('',(#1976),#1980);
#1976 = LINE('',#1977,#1978);
#1977 = CARTESIAN_POINT('',(7.,51.5));
#1978 = VECTOR('',#1979,1.);
#1979 = DIRECTION('',(0.,1.));
#1980 = ( GEOMETRIC_REPRESENTATION_CONTEXT(2) 
PARAMETRIC_REPRESENTATION_CONTEXT() REPRESENTATION_CONTEXT('2D SPACE',''
  ) );
#1981 = PCURVE('',#1982,#1987);
#1982 = PLANE('',#1983);
#1983 = AXIS2_PLACEMENT_3D('',#1984,#1985,#1986);
#1984 = CARTESIAN_POINT('',(13.5,-26.,4.));
#1985 = DIRECTION('',(0.,0.,1.));
#1986 = DIRECTION('',(1.,0.,0.));
#1987 = DEFINITIONAL_REPRESENTATION('',(#1988),#1992);
#1988 = LINE('',#1989,#1990);
#1989 = CARTESIAN_POINT('',(0.,11.));
#1990 = VECTOR('',#1991,1.);
#1991 = DIRECTION('',(1.,0.));
#1992 = ( GEOMETRIC_REPRESENTATION_CONTEXT(2) 
PARAMETRIC_REPRESENTATION_CONTEXT() REPRESENTATION_CONTEXT('2D SPACE',''
  ) );
#1993 = ORIENTED_EDGE('',*,*,#1994,.T.);
#1994 = EDGE_CURVE('',#1967,#358,#1995,.T.);
#1995 = SURFACE_CURVE('',#1996,(#2000,#2007),.PCURVE_S1.);
#1996 = LINE('',#1997,#1998);
#1997 = CARTESIAN_POINT('',(22.5,-15.,4.));
#1998 = VECTOR('',#1999,1.);
#1999 = DIRECTION('',(0.,0.,1.));
#2000 = PCURVE('',#182,#2001);
#2001 = DEFINITIONAL_REPRESENTATION('',(#2002),#2006);
#2002 = LINE('',#2003,#2004);
#2003 = CARTESIAN_POINT('',(7.,60.5));
#2004 = VECTOR('',#2005,1.);
#2005 = DIRECTION('',(1.,0.));
#2006 = ( GEOMETRIC_REPRESENTATION_CONTEXT(2) 
PARAMETRIC_REPRESENTATION_CONTEXT() REPRESENTATION_CONTEXT('2D SPACE',''
  ) );
#2007 = PCURVE('',#373,#2008);
#2008 = DEFINITIONAL_REPRESENTATION('',(#2009),#2013);
#2009 = LINE('',#2010,#2011);
#2010 = CARTESIAN_POINT('',(0.,-11.));
#2011 = VECTOR('',#2012,1.);
#2012 = DIRECTION('',(1.,0.));
#2013 = ( GEOMETRIC_REPRESENTATION_CONTEXT(2) 
PARAMETRIC_REPRESENTATION_CONTEXT() REPRESENTATION_CONTEXT('2D SPACE',''
  ) );
#2014 = ORIENTED_EDGE('',*,*,#385,.T.);
#2015 = ORIENTED_EDGE('',*,*,#2016,.F.);
#2016 = EDGE_CURVE('',#1610,#386,#2017,.T.);
#2017 = SURFACE_CURVE('',#2018,(#2022,#2029),.PCURVE_S1.);
#2018 = LINE('',#2019,#2020);
#2019 = CARTESIAN_POINT('',(34.,-15.,-3.));
#2020 = VECTOR('',#2021,1.);
#2021 = DIRECTION('',(0.,0.,1.));
#2022 = PCURVE('',#182,#2023);
#2023 = DEFINITIONAL_REPRESENTATION('',(#2024),#2028);
#2024 = LINE('',#2025,#2026);
#2025 = CARTESIAN_POINT('',(0.,72.));
#2026 = VECTOR('',#2027,1.);
#2027 = DIRECTION('',(1.,0.));
#2028 = ( GEOMETRIC_REPRESENTATION_CONTEXT(2) 
PARAMETRIC_REPRESENTATION_CONTEXT() REPRESENTATION_CONTEXT('2D SPACE',''
  ) );
#2029 = PCURVE('',#429,#2030);
#2030 = DEFINITIONAL_REPRESENTATION('',(#2031),#2035);
#2031 = LINE('',#2032,#2033);
#2032 = CARTESIAN_POINT('',(-1.570796326795,0.));
#2033 = VECTOR('',#2034,1.);
#2034 = DIRECTION('',(-0.,1.));
#2035 = ( GEOMETRIC_REPRESENTATION_CONTEXT(2) 
PARAMETRIC_REPRESENTATION_CONTEXT() REPRESENTATION_CONTEXT('2D SPACE',''
  ) );
#2036 = FACE_BOUND('',#2037,.F.);
#2037 = EDGE_LOOP('',(#2038,#2066,#2092,#2118));
#2038 = ORIENTED_EDGE('',*,*,#2039,.F.);
#2039 = EDGE_CURVE('',#2040,#2042,#2044,.T.);
#2040 = VERTEX_POINT('',#2041);
#2041 = CARTESIAN_POINT('',(-5.8,-15.,-0.8));
#2042 = VERTEX_POINT('',#2043);
#2043 = CARTESIAN_POINT('',(-4.2,-15.,-0.8));
#2044 = SURFACE_CURVE('',#2045,(#2049,#2055),.PCURVE_S1.);
#2045 = LINE('',#2046,#2047);
#2046 = CARTESIAN_POINT('',(-21.9,-15.,-0.8));
#2047 = VECTOR('',#2048,1.);
#2048 = DIRECTION('',(1.,0.,0.));
#2049 = PCURVE('',#182,#2050);
#2050 = DEFINITIONAL_REPRESENTATION('',(#2051),#2054);
#2051 = B_SPLINE_CURVE_WITH_KNOTS('',1,(#2052,#2053),.UNSPECIFIED.,.F.,
  .F.,(2,2),(16.1,17.7),.PIECEWISE_BEZIER_KNOTS.);
#2052 = CARTESIAN_POINT('',(2.2,32.2));
#2053 = CARTESIAN_POINT('',(2.2,33.8));
#2054 = ( GEOMETRIC_REPRESENTATION_CONTEXT(2) 
PARAMETRIC_REPRESENTATION_CONTEXT() REPRESENTATION_CONTEXT('2D SPACE',''
  ) );
#2055 = PCURVE('',#2056,#2061);
#2056 = PLANE('',#2057);
#2057 = AXIS2_PLACEMENT_3D('',#2058,#2059,#2060);
#2058 = CARTESIAN_POINT('',(-5.8,-15.7,-0.8));
#2059 = DIRECTION('',(0.,0.,1.));
#2060 = DIRECTION('',(1.,0.,0.));
#2061 = DEFINITIONAL_REPRESENTATION('',(#2062),#2065);
#2062 = B_SPLINE_CURVE_WITH_KNOTS('',1,(#2063,#2064),.UNSPECIFIED.,.F.,
  .F.,(2,2),(16.1,17.7),.PIECEWISE_BEZIER_KNOTS.);
#2063 = CARTESIAN_POINT('',(0.,0.7));
#2064 = CARTESIAN_POINT('',(1.6,0.7));
#2065 = ( GEOMETRIC_REPRESENTATION_CONTEXT(2) 
PARAMETRIC_REPRESENTATION_CONTEXT() REPRESENTATION_CONTEXT('2D SPACE',''
  ) );
#2066 = ORIENTED_EDGE('',*,*,#2067,.T.);
#2067 = EDGE_CURVE('',#2040,#2068,#2070,.T.);
#2068 = VERTEX_POINT('',#2069);
#2069 = CARTESIAN_POINT('',(-5.8,-15.,-2.4));
#2070 = SURFACE_CURVE('',#2071,(#2075,#2081),.PCURVE_S1.);
#2071 = LINE('',#2072,#2073);
#2072 = CARTESIAN_POINT('',(-5.8,-15.,-2.7));
#2073 = VECTOR('',#2074,1.);
#2074 = DIRECTION('',(0.,0.,-1.));
#2075 = PCURVE('',#182,#2076);
#2076 = DEFINITIONAL_REPRESENTATION('',(#2077),#2080);
#2077 = B_SPLINE_CURVE_WITH_KNOTS('',1,(#2078,#2079),.UNSPECIFIED.,.F.,
  .F.,(2,2),(-1.9,-0.3),.PIECEWISE_BEZIER_KNOTS.);
#2078 = CARTESIAN_POINT('',(2.2,32.2));
#2079 = CARTESIAN_POINT('',(0.6,32.2));
#2080 = ( GEOMETRIC_REPRESENTATION_CONTEXT(2) 
PARAMETRIC_REPRESENTATION_CONTEXT() REPRESENTATION_CONTEXT('2D SPACE',''
  ) );
#2081 = PCURVE('',#2082,#2087);
#2082 = PLANE('',#2083);
#2083 = AXIS2_PLACEMENT_3D('',#2084,#2085,#2086);
#2084 = CARTESIAN_POINT('',(-5.8,-15.7,-2.4));
#2085 = DIRECTION('',(1.,0.,0.));
#2086 = DIRECTION('',(0.,0.,1.));
#2087 = DEFINITIONAL_REPRESENTATION('',(#2088),#2091);
#2088 = B_SPLINE_CURVE_WITH_KNOTS('',1,(#2089,#2090),.UNSPECIFIED.,.F.,
  .F.,(2,2),(-1.9,-0.3),.PIECEWISE_BEZIER_KNOTS.);
#2089 = CARTESIAN_POINT('',(1.6,-0.7));
#2090 = CARTESIAN_POINT('',(0.,-0.7));
#2091 = ( GEOMETRIC_REPRESENTATION_CONTEXT(2) 
PARAMETRIC_REPRESENTATION_CONTEXT() REPRESENTATION_CONTEXT('2D SPACE',''
  ) );
#2092 = ORIENTED_EDGE('',*,*,#2093,.T.);
#2093 = EDGE_CURVE('',#2068,#2094,#2096,.T.);
#2094 = VERTEX_POINT('',#2095);
#2095 = CARTESIAN_POINT('',(-4.2,-15.,-2.4));
#2096 = SURFACE_CURVE('',#2097,(#2101,#2107),.PCURVE_S1.);
#2097 = LINE('',#2098,#2099);
#2098 = CARTESIAN_POINT('',(-21.9,-15.,-2.4));
#2099 = VECTOR('',#2100,1.);
#2100 = DIRECTION('',(1.,0.,0.));
#2101 = PCURVE('',#182,#2102);
#2102 = DEFINITIONAL_REPRESENTATION('',(#2103),#2106);
#2103 = B_SPLINE_CURVE_WITH_KNOTS('',1,(#2104,#2105),.UNSPECIFIED.,.F.,
  .F.,(2,2),(16.1,17.7),.PIECEWISE_BEZIER_KNOTS.);
#2104 = CARTESIAN_POINT('',(0.6,32.2));
#2105 = CARTESIAN_POINT('',(0.6,33.8));
#2106 = ( GEOMETRIC_REPRESENTATION_CONTEXT(2) 
PARAMETRIC_REPRESENTATION_CONTEXT() REPRESENTATION_CONTEXT('2D SPACE',''
  ) );
#2107 = PCURVE('',#2108,#2113);
#2108 = PLANE('',#2109);
#2109 = AXIS2_PLACEMENT_3D('',#2110,#2111,#2112);
#2110 = CARTESIAN_POINT('',(-5.8,-15.7,-2.4));
#2111 = DIRECTION('',(0.,0.,1.));
#2112 = DIRECTION('',(1.,0.,0.));
#2113 = DEFINITIONAL_REPRESENTATION('',(#2114),#2117);
#2114 = B_SPLINE_CURVE_WITH_KNOTS('',1,(#2115,#2116),.UNSPECIFIED.,.F.,
  .F.,(2,2),(16.1,17.7),.PIECEWISE_BEZIER_KNOTS.);
#2115 = CARTESIAN_POINT('',(0.,0.7));
#2116 = CARTESIAN_POINT('',(1.6,0.7));
#2117 = ( GEOMETRIC_REPRESENTATION_CONTEXT(2) 
PARAMETRIC_REPRESENTATION_CONTEXT() REPRESENTATION_CONTEXT('2D SPACE',''
  ) );
#2118 = ORIENTED_EDGE('',*,*,#2119,.F.);
#2119 = EDGE_CURVE('',#2042,#2094,#2120,.T.);
#2120 = SURFACE_CURVE('',#2121,(#2125,#2131),.PCURVE_S1.);
#2121 = LINE('',#2122,#2123);
#2122 = CARTESIAN_POINT('',(-4.2,-15.,-2.7));
#2123 = VECTOR('',#2124,1.);
#2124 = DIRECTION('',(0.,0.,-1.));
#2125 = PCURVE('',#182,#2126);
#2126 = DEFINITIONAL_REPRESENTATION('',(#2127),#2130);
#2127 = B_SPLINE_CURVE_WITH_KNOTS('',1,(#2128,#2129),.UNSPECIFIED.,.F.,
  .F.,(2,2),(-1.9,-0.3),.PIECEWISE_BEZIER_KNOTS.);
#2128 = CARTESIAN_POINT('',(2.2,33.8));
#2129 = CARTESIAN_POINT('',(0.6,33.8));
#2130 = ( GEOMETRIC_REPRESENTATION_CONTEXT(2) 
PARAMETRIC_REPRESENTATION_CONTEXT() REPRESENTATION_CONTEXT('2D SPACE',''
  ) );
#2131 = PCURVE('',#2132,#2137);
#2132 = PLANE('',#2133);
#2133 = AXIS2_PLACEMENT_3D('',#2134,#2135,#2136);
#2134 = CARTESIAN_POINT('',(-4.2,-15.7,-2.4));
#2135 = DIRECTION('',(1.,0.,0.));
#2136 = DIRECTION('',(0.,0.,1.));
#2137 = DEFINITIONAL_REPRESENTATION('',(#2138),#2141);
#2138 = B_SPLINE_CURVE_WITH_KNOTS('',1,(#2139,#2140),.UNSPECIFIED.,.F.,
  .F.,(2,2),(-1.9,-0.3),.PIECEWISE_BEZIER_KNOTS.);
#2139 = CARTESIAN_POINT('',(1.6,-0.7));
#2140 = CARTESIAN_POINT('',(0.,-0.7));
#2141 = ( GEOMETRIC_REPRESENTATION_CONTEXT(2) 
PARAMETRIC_REPRESENTATION_CONTEXT() REPRESENTATION_CONTEXT('2D SPACE',''
  ) );
#2142 = FACE_BOUND('',#2143,.F.);
#2143 = EDGE_LOOP('',(#2144,#2172,#2198,#2224));
#2144 = ORIENTED_EDGE('',*,*,#2145,.F.);
#2145 = EDGE_CURVE('',#2146,#2148,#2150,.T.);
#2146 = VERTEX_POINT('',#2147);
#2147 = CARTESIAN_POINT('',(-0.8,-15.,-0.8));
#2148 = VERTEX_POINT('',#2149);
#2149 = CARTESIAN_POINT('',(0.8,-15.,-0.8));
#2150 = SURFACE_CURVE('',#2151,(#2155,#2161),.PCURVE_S1.);
#2151 = LINE('',#2152,#2153);
#2152 = CARTESIAN_POINT('',(-19.4,-15.,-0.8));
#2153 = VECTOR('',#2154,1.);
#2154 = DIRECTION('',(1.,0.,0.));
#2155 = PCURVE('',#182,#2156);
#2156 = DEFINITIONAL_REPRESENTATION('',(#2157),#2160);
#2157 = B_SPLINE_CURVE_WITH_KNOTS('',1,(#2158,#2159),.UNSPECIFIED.,.F.,
  .F.,(2,2),(18.6,20.2),.PIECEWISE_BEZIER_KNOTS.);
#2158 = CARTESIAN_POINT('',(2.2,37.2));
#2159 = CARTESIAN_POINT('',(2.2,38.8));
#2160 = ( GEOMETRIC_REPRESENTATION_CONTEXT(2) 
PARAMETRIC_REPRESENTATION_CONTEXT() REPRESENTATION_CONTEXT('2D SPACE',''
  ) );
#2161 = PCURVE('',#2162,#2167);
#2162 = PLANE('',#2163);
#2163 = AXIS2_PLACEMENT_3D('',#2164,#2165,#2166);
#2164 = CARTESIAN_POINT('',(-0.8,-15.7,-0.8));
#2165 = DIRECTION('',(0.,0.,1.));
#2166 = DIRECTION('',(1.,0.,0.));
#2167 = DEFINITIONAL_REPRESENTATION('',(#2168),#2171);
#2168 = B_SPLINE_CURVE_WITH_KNOTS('',1,(#2169,#2170),.UNSPECIFIED.,.F.,
  .F.,(2,2),(18.6,20.2),.PIECEWISE_BEZIER_KNOTS.);
#2169 = CARTESIAN_POINT('',(0.,0.7));
#2170 = CARTESIAN_POINT('',(1.6,0.7));
#2171 = ( GEOMETRIC_REPRESENTATION_CONTEXT(2) 
PARAMETRIC_REPRESENTATION_CONTEXT() REPRESENTATION_CONTEXT('2D SPACE',''
  ) );
#2172 = ORIENTED_EDGE('',*,*,#2173,.T.);
#2173 = EDGE_CURVE('',#2146,#2174,#2176,.T.);
#2174 = VERTEX_POINT('',#2175);
#2175 = CARTESIAN_POINT('',(-0.8,-15.,-2.4));
#2176 = SURFACE_CURVE('',#2177,(#2181,#2187),.PCURVE_S1.);
#2177 = LINE('',#2178,#2179);
#2178 = CARTESIAN_POINT('',(-0.8,-15.,-2.7));
#2179 = VECTOR('',#2180,1.);
#2180 = DIRECTION('',(0.,0.,-1.));
#2181 = PCURVE('',#182,#2182);
#2182 = DEFINITIONAL_REPRESENTATION('',(#2183),#2186);
#2183 = B_SPLINE_CURVE_WITH_KNOTS('',1,(#2184,#2185),.UNSPECIFIED.,.F.,
  .F.,(2,2),(-1.9,-0.3),.PIECEWISE_BEZIER_KNOTS.);
#2184 = CARTESIAN_POINT('',(2.2,37.2));
#2185 = CARTESIAN_POINT('',(0.6,37.2));
#2186 = ( GEOMETRIC_REPRESENTATION_CONTEXT(2) 
PARAMETRIC_REPRESENTATION_CONTEXT() REPRESENTATION_CONTEXT('2D SPACE',''
  ) );
#2187 = PCURVE('',#2188,#2193);
#2188 = PLANE('',#2189);
#2189 = AXIS2_PLACEMENT_3D('',#2190,#2191,#2192);
#2190 = CARTESIAN_POINT('',(-0.8,-15.7,-2.4));
#2191 = DIRECTION('',(1.,0.,0.));
#2192 = DIRECTION('',(0.,0.,1.));
#2193 = DEFINITIONAL_REPRESENTATION('',(#2194),#2197);
#2194 = B_SPLINE_CURVE_WITH_KNOTS('',1,(#2195,#2196),.UNSPECIFIED.,.F.,
  .F.,(2,2),(-1.9,-0.3),.PIECEWISE_BEZIER_KNOTS.);
#2195 = CARTESIAN_POINT('',(1.6,-0.7));
#2196 = CARTESIAN_POINT('',(0.,-0.7));
#2197 = ( GEOMETRIC_REPRESENTATION_CONTEXT(2) 
PARAMETRIC_REPRESENTATION_CONTEXT() REPRESENTATION_CONTEXT('2D SPACE',''
  ) );
#2198 = ORIENTED_EDGE('',*,*,#2199,.T.);
#2199 = EDGE_CURVE('',#2174,#2200,#2202,.T.);
#2200 = VERTEX_POINT('',#2201);
#2201 = CARTESIAN_POINT('',(0.8,-15.,-2.4));
#2202 = SURFACE_CURVE('',#2203,(#2207,#2213),.PCURVE_S1.);
#2203 = LINE('',#2204,#2205);
#2204 = CARTESIAN_POINT('',(-19.4,-15.,-2.4));
#2205 = VECTOR('',#2206,1.);
#2206 = DIRECTION('',(1.,0.,0.));
#2207 = PCURVE('',#182,#2208);
#2208 = DEFINITIONAL_REPRESENTATION('',(#2209),#2212);
#2209 = B_SPLINE_CURVE_WITH_KNOTS('',1,(#2210,#2211),.UNSPECIFIED.,.F.,
  .F.,(2,2),(18.6,20.2),.PIECEWISE_BEZIER_KNOTS.);
#2210 = CARTESIAN_POINT('',(0.6,37.2));
#2211 = CARTESIAN_POINT('',(0.6,38.8));
#2212 = ( GEOMETRIC_REPRESENTATION_CONTEXT(2) 
PARAMETRIC_REPRESENTATION_CONTEXT() REPRESENTATION_CONTEXT('2D SPACE',''
  ) );
#2213 = PCURVE('',#2214,#2219);
#2214 = PLANE('',#2215);
#2215 = AXIS2_PLACEMENT_3D('',#2216,#2217,#2218);
#2216 = CARTESIAN_POINT('',(-0.8,-15.7,-2.4));
#2217 = DIRECTION('',(0.,0.,1.));
#2218 = DIRECTION('',(1.,0.,0.));
#2219 = DEFINITIONAL_REPRESENTATION('',(#2220),#2223);
#2220 = B_SPLINE_CURVE_WITH_KNOTS('',1,(#2221,#2222),.UNSPECIFIED.,.F.,
  .F.,(2,2),(18.6,20.2),.PIECEWISE_BEZIER_KNOTS.);
#2221 = CARTESIAN_POINT('',(0.,0.7));
#2222 = CARTESIAN_POINT('',(1.6,0.7));
#2223 = ( GEOMETRIC_REPRESENTATION_CONTEXT(2) 
PARAMETRIC_REPRESENTATION_CONTEXT() REPRESENTATION_CONTEXT('2D SPACE',''
  ) );
#2224 = ORIENTED_EDGE('',*,*,#2225,.F.);
#2225 = EDGE_CURVE('',#2148,#2200,#2226,.T.);
#2226 = SURFACE_CURVE('',#2227,(#2231,#2237),.PCURVE_S1.);
#2227 = LINE('',#2228,#2229);
#2228 = CARTESIAN_POINT('',(0.8,-15.,-2.7));
#2229 = VECTOR('',#2230,1.);
#2230 = DIRECTION('',(0.,0.,-1.));
#2231 = PCURVE('',#182,#2232);
#2232 = DEFINITIONAL_REPRESENTATION('',(#2233),#2236);
#2233 = B_SPLINE_CURVE_WITH_KNOTS('',1,(#2234,#2235),.UNSPECIFIED.,.F.,
  .F.,(2,2),(-1.9,-0.3),.PIECEWISE_BEZIER_KNOTS.);
#2234 = CARTESIAN_POINT('',(2.2,38.8));
#2235 = CARTESIAN_POINT('',(0.6,38.8));
#2236 = ( GEOMETRIC_REPRESENTATION_CONTEXT(2) 
PARAMETRIC_REPRESENTATION_CONTEXT() REPRESENTATION_CONTEXT('2D SPACE',''
  ) );
#2237 = PCURVE('',#2238,#2243);
#2238 = PLANE('',#2239);
#2239 = AXIS2_PLACEMENT_3D('',#2240,#2241,#2242);
#2240 = CARTESIAN_POINT('',(0.8,-15.7,-2.4));
#2241 = DIRECTION('',(1.,0.,0.));
#2242 = DIRECTION('',(0.,0.,1.));
#2243 = DEFINITIONAL_REPRESENTATION('',(#2244),#2247);
#2244 = B_SPLINE_CURVE_WITH_KNOTS('',1,(#2245,#2246),.UNSPECIFIED.,.F.,
  .F.,(2,2),(-1.9,-0.3),.PIECEWISE_BEZIER_KNOTS.);
#2245 = CARTESIAN_POINT('',(1.6,-0.7));
#2246 = CARTESIAN_POINT('',(0.,-0.7));
#2247 = ( GEOMETRIC_REPRESENTATION_CONTEXT(2) 
PARAMETRIC_REPRESENTATION_CONTEXT() REPRESENTATION_CONTEXT('2D SPACE',''
  ) );
#2248 = FACE_BOUND('',#2249,.F.);
#2249 = EDGE_LOOP('',(#2250,#2278,#2304,#2330));
#2250 = ORIENTED_EDGE('',*,*,#2251,.F.);
#2251 = EDGE_CURVE('',#2252,#2254,#2256,.T.);
#2252 = VERTEX_POINT('',#2253);
#2253 = CARTESIAN_POINT('',(4.2,-15.,-0.8));
#2254 = VERTEX_POINT('',#2255);
#2255 = CARTESIAN_POINT('',(5.8,-15.,-0.8));
#2256 = SURFACE_CURVE('',#2257,(#2261,#2267),.PCURVE_S1.);
#2257 = LINE('',#2258,#2259);
#2258 = CARTESIAN_POINT('',(-16.9,-15.,-0.8));
#2259 = VECTOR('',#2260,1.);
#2260 = DIRECTION('',(1.,0.,0.));
#2261 = PCURVE('',#182,#2262);
#2262 = DEFINITIONAL_REPRESENTATION('',(#2263),#2266);
#2263 = B_SPLINE_CURVE_WITH_KNOTS('',1,(#2264,#2265),.UNSPECIFIED.,.F.,
  .F.,(2,2),(21.1,22.7),.PIECEWISE_BEZIER_KNOTS.);
#2264 = CARTESIAN_POINT('',(2.2,42.2));
#2265 = CARTESIAN_POINT('',(2.2,43.8));
#2266 = ( GEOMETRIC_REPRESENTATION_CONTEXT(2) 
PARAMETRIC_REPRESENTATION_CONTEXT() REPRESENTATION_CONTEXT('2D SPACE',''
  ) );
#2267 = PCURVE('',#2268,#2273);
#2268 = PLANE('',#2269);
#2269 = AXIS2_PLACEMENT_3D('',#2270,#2271,#2272);
#2270 = CARTESIAN_POINT('',(4.2,-15.7,-0.8));
#2271 = DIRECTION('',(0.,0.,1.));
#2272 = DIRECTION('',(1.,0.,0.));
#2273 = DEFINITIONAL_REPRESENTATION('',(#2274),#2277);
#2274 = B_SPLINE_CURVE_WITH_KNOTS('',1,(#2275,#2276),.UNSPECIFIED.,.F.,
  .F.,(2,2),(21.1,22.7),.PIECEWISE_BEZIER_KNOTS.);
#2275 = CARTESIAN_POINT('',(0.,0.7));
#2276 = CARTESIAN_POINT('',(1.6,0.7));
#2277 = ( GEOMETRIC_REPRESENTATION_CONTEXT(2) 
PARAMETRIC_REPRESENTATION_CONTEXT() REPRESENTATION_CONTEXT('2D SPACE',''
  ) );
#2278 = ORIENTED_EDGE('',*,*,#2279,.T.);
#2279 = EDGE_CURVE('',#2252,#2280,#2282,.T.);
#2280 = VERTEX_POINT('',#2281);
#2281 = CARTESIAN_POINT('',(4.2,-15.,-2.4));
#2282 = SURFACE_CURVE('',#2283,(#2287,#2293),.PCURVE_S1.);
#2283 = LINE('',#2284,#2285);
#2284 = CARTESIAN_POINT('',(4.2,-15.,-2.7));
#2285 = VECTOR('',#2286,1.);
#2286 = DIRECTION('',(0.,0.,-1.));
#2287 = PCURVE('',#182,#2288);
#2288 = DEFINITIONAL_REPRESENTATION('',(#2289),#2292);
#2289 = B_SPLINE_CURVE_WITH_KNOTS('',1,(#2290,#2291),.UNSPECIFIED.,.F.,
  .F.,(2,2),(-1.9,-0.3),.PIECEWISE_BEZIER_KNOTS.);
#2290 = CARTESIAN_POINT('',(2.2,42.2));
#2291 = CARTESIAN_POINT('',(0.6,42.2));
#2292 = ( GEOMETRIC_REPRESENTATION_CONTEXT(2) 
PARAMETRIC_REPRESENTATION_CONTEXT() REPRESENTATION_CONTEXT('2D SPACE',''
  ) );
#2293 = PCURVE('',#2294,#2299);
#2294 = PLANE('',#2295);
#2295 = AXIS2_PLACEMENT_3D('',#2296,#2297,#2298);
#2296 = CARTESIAN_POINT('',(4.2,-15.7,-2.4));
#2297 = DIRECTION('',(1.,0.,0.));
#2298 = DIRECTION('',(0.,0.,1.));
#2299 = DEFINITIONAL_REPRESENTATION('',(#2300),#2303);
#2300 = B_SPLINE_CURVE_WITH_KNOTS('',1,(#2301,#2302),.UNSPECIFIED.,.F.,
  .F.,(2,2),(-1.9,-0.3),.PIECEWISE_BEZIER_KNOTS.);
#2301 = CARTESIAN_POINT('',(1.6,-0.7));
#2302 = CARTESIAN_POINT('',(0.,-0.7));
#2303 = ( GEOMETRIC_REPRESENTATION_CONTEXT(2) 
PARAMETRIC_REPRESENTATION_CONTEXT() REPRESENTATION_CONTEXT('2D SPACE',''
  ) );
#2304 = ORIENTED_EDGE('',*,*,#2305,.T.);
#2305 = EDGE_CURVE('',#2280,#2306,#2308,.T.);
#2306 = VERTEX_POINT('',#2307);
#2307 = CARTESIAN_POINT('',(5.8,-15.,-2.4));
#2308 = SURFACE_CURVE('',#2309,(#2313,#2319),.PCURVE_S1.);
#2309 = LINE('',#2310,#2311);
#2310 = CARTESIAN_POINT('',(-16.9,-15.,-2.4));
#2311 = VECTOR('',#2312,1.);
#2312 = DIRECTION('',(1.,0.,0.));
#2313 = PCURVE('',#182,#2314);
#2314 = DEFINITIONAL_REPRESENTATION('',(#2315),#2318);
#2315 = B_SPLINE_CURVE_WITH_KNOTS('',1,(#2316,#2317),.UNSPECIFIED.,.F.,
  .F.,(2,2),(21.1,22.7),.PIECEWISE_BEZIER_KNOTS.);
#2316 = CARTESIAN_POINT('',(0.6,42.2));
#2317 = CARTESIAN_POINT('',(0.6,43.8));
#2318 = ( GEOMETRIC_REPRESENTATION_CONTEXT(2) 
PARAMETRIC_REPRESENTATION_CONTEXT() REPRESENTATION_CONTEXT('2D SPACE',''
  ) );
#2319 = PCURVE('',#2320,#2325);
#2320 = PLANE('',#2321);
#2321 = AXIS2_PLACEMENT_3D('',#2322,#2323,#2324);
#2322 = CARTESIAN_POINT('',(4.2,-15.7,-2.4));
#2323 = DIRECTION('',(0.,0.,1.));
#2324 = DIRECTION('',(1.,0.,0.));
#2325 = DEFINITIONAL_REPRESENTATION('',(#2326),#2329);
#2326 = B_SPLINE_CURVE_WITH_KNOTS('',1,(#2327,#2328),.UNSPECIFIED.,.F.,
  .F.,(2,2),(21.1,22.7),.PIECEWISE_BEZIER_KNOTS.);
#2327 = CARTESIAN_POINT('',(0.,0.7));
#2328 = CARTESIAN_POINT('',(1.6,0.7));
#2329 = ( GEOMETRIC_REPRESENTATION_CONTEXT(2) 
PARAMETRIC_REPRESENTATION_CONTEXT() REPRESENTATION_CONTEXT('2D SPACE',''
  ) );
#2330 = ORIENTED_EDGE('',*,*,#2331,.F.);
#2331 = EDGE_CURVE('',#2254,#2306,#2332,.T.);
#2332 = SURFACE_CURVE('',#2333,(#2337,#2343),.PCURVE_S1.);
#2333 = LINE('',#2334,#2335);
#2334 = CARTESIAN_POINT('',(5.8,-15.,-2.7));
#2335 = VECTOR('',#2336,1.);
#2336 = DIRECTION('',(0.,0.,-1.));
#2337 = PCURVE('',#182,#2338);
#2338 = DEFINITIONAL_REPRESENTATION('',(#2339),#2342);
#2339 = B_SPLINE_CURVE_WITH_KNOTS('',1,(#2340,#2341),.UNSPECIFIED.,.F.,
  .F.,(2,2),(-1.9,-0.3),.PIECEWISE_BEZIER_KNOTS.);
#2340 = CARTESIAN_POINT('',(2.2,43.8));
#2341 = CARTESIAN_POINT('',(0.6,43.8));
#2342 = ( GEOMETRIC_REPRESENTATION_CONTEXT(2) 
PARAMETRIC_REPRESENTATION_CONTEXT() REPRESENTATION_CONTEXT('2D SPACE',''
  ) );
#2343 = PCURVE('',#2344,#2349);
#2344 = PLANE('',#2345);
#2345 = AXIS2_PLACEMENT_3D('',#2346,#2347,#2348);
#2346 = CARTESIAN_POINT('',(5.8,-15.7,-2.4));
#2347 = DIRECTION('',(1.,0.,0.));
#2348 = DIRECTION('',(0.,0.,1.));
#2349 = DEFINITIONAL_REPRESENTATION('',(#2350),#2353);
#2350 = B_SPLINE_CURVE_WITH_KNOTS('',1,(#2351,#2352),.UNSPECIFIED.,.F.,
  .F.,(2,2),(-1.9,-0.3),.PIECEWISE_BEZIER_KNOTS.);
#2351 = CARTESIAN_POINT('',(1.6,-0.7));
#2352 = CARTESIAN_POINT('',(0.,-0.7));
#2353 = ( GEOMETRIC_REPRESENTATION_CONTEXT(2) 
PARAMETRIC_REPRESENTATION_CONTEXT() REPRESENTATION_CONTEXT('2D SPACE',''
  ) );
#2354 = ADVANCED_FACE('',(#2355,#2527,#2633,#2739),#1124,.T.);
#2355 = FACE_BOUND('',#2356,.T.);
#2356 = EDGE_LOOP('',(#2357,#2358,#2359,#2360,#2383,#2411,#2432,#2433,
    #2456,#2484,#2505,#2506));
#2357 = ORIENTED_EDGE('',*,*,#1754,.F.);
#2358 = ORIENTED_EDGE('',*,*,#1581,.T.);
#2359 = ORIENTED_EDGE('',*,*,#1327,.T.);
#2360 = ORIENTED_EDGE('',*,*,#2361,.F.);
#2361 = EDGE_CURVE('',#2362,#1300,#2364,.T.);
#2362 = VERTEX_POINT('',#2363);
#2363 = CARTESIAN_POINT('',(-22.5,15.,4.));
#2364 = SURFACE_CURVE('',#2365,(#2369,#2376),.PCURVE_S1.);
#2365 = LINE('',#2366,#2367);
#2366 = CARTESIAN_POINT('',(-22.5,15.,4.));
#2367 = VECTOR('',#2368,1.);
#2368 = DIRECTION('',(0.,0.,1.));
#2369 = PCURVE('',#1124,#2370);
#2370 = DEFINITIONAL_REPRESENTATION('',(#2371),#2375);
#2371 = LINE('',#2372,#2373);
#2372 = CARTESIAN_POINT('',(7.,15.5));
#2373 = VECTOR('',#2374,1.);
#2374 = DIRECTION('',(1.,0.));
#2375 = ( GEOMETRIC_REPRESENTATION_CONTEXT(2) 
PARAMETRIC_REPRESENTATION_CONTEXT() REPRESENTATION_CONTEXT('2D SPACE',''
  ) );
#2376 = PCURVE('',#1315,#2377);
#2377 = DEFINITIONAL_REPRESENTATION('',(#2378),#2382);
#2378 = LINE('',#2379,#2380);
#2379 = CARTESIAN_POINT('',(0.,0.));
#2380 = VECTOR('',#2381,1.);
#2381 = DIRECTION('',(1.,0.));
#2382 = ( GEOMETRIC_REPRESENTATION_CONTEXT(2) 
PARAMETRIC_REPRESENTATION_CONTEXT() REPRESENTATION_CONTEXT('2D SPACE',''
  ) );
#2383 = ORIENTED_EDGE('',*,*,#2384,.T.);
#2384 = EDGE_CURVE('',#2362,#2385,#2387,.T.);
#2385 = VERTEX_POINT('',#2386);
#2386 = CARTESIAN_POINT('',(-13.5,15.,4.));
#2387 = SURFACE_CURVE('',#2388,(#2392,#2399),.PCURVE_S1.);
#2388 = LINE('',#2389,#2390);
#2389 = CARTESIAN_POINT('',(-22.5,15.,4.));
#2390 = VECTOR('',#2391,1.);
#2391 = DIRECTION('',(1.,0.,0.));
#2392 = PCURVE('',#1124,#2393);
#2393 = DEFINITIONAL_REPRESENTATION('',(#2394),#2398);
#2394 = LINE('',#2395,#2396);
#2395 = CARTESIAN_POINT('',(7.,15.5));
#2396 = VECTOR('',#2397,1.);
#2397 = DIRECTION('',(0.,1.));
#2398 = ( GEOMETRIC_REPRESENTATION_CONTEXT(2) 
PARAMETRIC_REPRESENTATION_CONTEXT() REPRESENTATION_CONTEXT('2D SPACE',''
  ) );
#2399 = PCURVE('',#2400,#2405);
#2400 = PLANE('',#2401);
#2401 = AXIS2_PLACEMENT_3D('',#2402,#2403,#2404);
#2402 = CARTESIAN_POINT('',(-22.5,15.,4.));
#2403 = DIRECTION('',(0.,0.,1.));
#2404 = DIRECTION('',(1.,0.,0.));
#2405 = DEFINITIONAL_REPRESENTATION('',(#2406),#2410);
#2406 = LINE('',#2407,#2408);
#2407 = CARTESIAN_POINT('',(0.,0.));
#2408 = VECTOR('',#2409,1.);
#2409 = DIRECTION('',(1.,0.));
#2410 = ( GEOMETRIC_REPRESENTATION_CONTEXT(2) 
PARAMETRIC_REPRESENTATION_CONTEXT() REPRESENTATION_CONTEXT('2D SPACE',''
  ) );
#2411 = ORIENTED_EDGE('',*,*,#2412,.T.);
#2412 = EDGE_CURVE('',#2385,#1221,#2413,.T.);
#2413 = SURFACE_CURVE('',#2414,(#2418,#2425),.PCURVE_S1.);
#2414 = LINE('',#2415,#2416);
#2415 = CARTESIAN_POINT('',(-13.5,15.,4.));
#2416 = VECTOR('',#2417,1.);
#2417 = DIRECTION('',(0.,0.,1.));
#2418 = PCURVE('',#1124,#2419);
#2419 = DEFINITIONAL_REPRESENTATION('',(#2420),#2424);
#2420 = LINE('',#2421,#2422);
#2421 = CARTESIAN_POINT('',(7.,24.5));
#2422 = VECTOR('',#2423,1.);
#2423 = DIRECTION('',(1.,0.));
#2424 = ( GEOMETRIC_REPRESENTATION_CONTEXT(2) 
PARAMETRIC_REPRESENTATION_CONTEXT() REPRESENTATION_CONTEXT('2D SPACE',''
  ) );
#2425 = PCURVE('',#1259,#2426);
#2426 = DEFINITIONAL_REPRESENTATION('',(#2427),#2431);
#2427 = LINE('',#2428,#2429);
#2428 = CARTESIAN_POINT('',(0.,0.));
#2429 = VECTOR('',#2430,1.);
#2430 = DIRECTION('',(1.,0.));
#2431 = ( GEOMETRIC_REPRESENTATION_CONTEXT(2) 
PARAMETRIC_REPRESENTATION_CONTEXT() REPRESENTATION_CONTEXT('2D SPACE',''
  ) );
#2432 = ORIENTED_EDGE('',*,*,#1220,.T.);
#2433 = ORIENTED_EDGE('',*,*,#2434,.F.);
#2434 = EDGE_CURVE('',#2435,#1193,#2437,.T.);
#2435 = VERTEX_POINT('',#2436);
#2436 = CARTESIAN_POINT('',(13.5,15.,4.));
#2437 = SURFACE_CURVE('',#2438,(#2442,#2449),.PCURVE_S1.);
#2438 = LINE('',#2439,#2440);
#2439 = CARTESIAN_POINT('',(13.5,15.,4.));
#2440 = VECTOR('',#2441,1.);
#2441 = DIRECTION('',(0.,0.,1.));
#2442 = PCURVE('',#1124,#2443);
#2443 = DEFINITIONAL_REPRESENTATION('',(#2444),#2448);
#2444 = LINE('',#2445,#2446);
#2445 = CARTESIAN_POINT('',(7.,51.5));
#2446 = VECTOR('',#2447,1.);
#2447 = DIRECTION('',(1.,0.));
#2448 = ( GEOMETRIC_REPRESENTATION_CONTEXT(2) 
PARAMETRIC_REPRESENTATION_CONTEXT() REPRESENTATION_CONTEXT('2D SPACE',''
  ) );
#2449 = PCURVE('',#1208,#2450);
#2450 = DEFINITIONAL_REPRESENTATION('',(#2451),#2455);
#2451 = LINE('',#2452,#2453);
#2452 = CARTESIAN_POINT('',(0.,0.));
#2453 = VECTOR('',#2454,1.);
#2454 = DIRECTION('',(1.,0.));
#2455 = ( GEOMETRIC_REPRESENTATION_CONTEXT(2) 
PARAMETRIC_REPRESENTATION_CONTEXT() REPRESENTATION_CONTEXT('2D SPACE',''
  ) );
#2456 = ORIENTED_EDGE('',*,*,#2457,.T.);
#2457 = EDGE_CURVE('',#2435,#2458,#2460,.T.);
#2458 = VERTEX_POINT('',#2459);
#2459 = CARTESIAN_POINT('',(22.5,15.,4.));
#2460 = SURFACE_CURVE('',#2461,(#2465,#2472),.PCURVE_S1.);
#2461 = LINE('',#2462,#2463);
#2462 = CARTESIAN_POINT('',(13.5,15.,4.));
#2463 = VECTOR('',#2464,1.);
#2464 = DIRECTION('',(1.,0.,0.));
#2465 = PCURVE('',#1124,#2466);
#2466 = DEFINITIONAL_REPRESENTATION('',(#2467),#2471);
#2467 = LINE('',#2468,#2469);
#2468 = CARTESIAN_POINT('',(7.,51.5));
#2469 = VECTOR('',#2470,1.);
#2470 = DIRECTION('',(0.,1.));
#2471 = ( GEOMETRIC_REPRESENTATION_CONTEXT(2) 
PARAMETRIC_REPRESENTATION_CONTEXT() REPRESENTATION_CONTEXT('2D SPACE',''
  ) );
#2472 = PCURVE('',#2473,#2478);
#2473 = PLANE('',#2474);
#2474 = AXIS2_PLACEMENT_3D('',#2475,#2476,#2477);
#2475 = CARTESIAN_POINT('',(13.5,15.,4.));
#2476 = DIRECTION('',(0.,0.,1.));
#2477 = DIRECTION('',(1.,0.,0.));
#2478 = DEFINITIONAL_REPRESENTATION('',(#2479),#2483);
#2479 = LINE('',#2480,#2481);
#2480 = CARTESIAN_POINT('',(0.,0.));
#2481 = VECTOR('',#2482,1.);
#2482 = DIRECTION('',(1.,0.));
#2483 = ( GEOMETRIC_REPRESENTATION_CONTEXT(2) 
PARAMETRIC_REPRESENTATION_CONTEXT() REPRESENTATION_CONTEXT('2D SPACE',''
  ) );
#2484 = ORIENTED_EDGE('',*,*,#2485,.T.);
#2485 = EDGE_CURVE('',#2458,#1109,#2486,.T.);
#2486 = SURFACE_CURVE('',#2487,(#2491,#2498),.PCURVE_S1.);
#2487 = LINE('',#2488,#2489);
#2488 = CARTESIAN_POINT('',(22.5,15.,4.));
#2489 = VECTOR('',#2490,1.);
#2490 = DIRECTION('',(0.,0.,1.));
#2491 = PCURVE('',#1124,#2492);
#2492 = DEFINITIONAL_REPRESENTATION('',(#2493),#2497);
#2493 = LINE('',#2494,#2495);
#2494 = CARTESIAN_POINT('',(7.,60.5));
#2495 = VECTOR('',#2496,1.);
#2496 = DIRECTION('',(1.,0.));
#2497 = ( GEOMETRIC_REPRESENTATION_CONTEXT(2) 
PARAMETRIC_REPRESENTATION_CONTEXT() REPRESENTATION_CONTEXT('2D SPACE',''
  ) );
#2498 = PCURVE('',#1152,#2499);
#2499 = DEFINITIONAL_REPRESENTATION('',(#2500),#2504);
#2500 = LINE('',#2501,#2502);
#2501 = CARTESIAN_POINT('',(0.,0.));
#2502 = VECTOR('',#2503,1.);
#2503 = DIRECTION('',(1.,0.));
#2504 = ( GEOMETRIC_REPRESENTATION_CONTEXT(2) 
PARAMETRIC_REPRESENTATION_CONTEXT() REPRESENTATION_CONTEXT('2D SPACE',''
  ) );
#2505 = ORIENTED_EDGE('',*,*,#1108,.T.);
#2506 = ORIENTED_EDGE('',*,*,#2507,.F.);
#2507 = EDGE_CURVE('',#1731,#1080,#2508,.T.);
#2508 = SURFACE_CURVE('',#2509,(#2513,#2520),.PCURVE_S1.);
#2509 = LINE('',#2510,#2511);
#2510 = CARTESIAN_POINT('',(34.,15.,-3.));
#2511 = VECTOR('',#2512,1.);
#2512 = DIRECTION('',(0.,0.,1.));
#2513 = PCURVE('',#1124,#2514);
#2514 = DEFINITIONAL_REPRESENTATION('',(#2515),#2519);
#2515 = LINE('',#2516,#2517);
#2516 = CARTESIAN_POINT('',(0.,72.));
#2517 = VECTOR('',#2518,1.);
#2518 = DIRECTION('',(1.,0.));
#2519 = ( GEOMETRIC_REPRESENTATION_CONTEXT(2) 
PARAMETRIC_REPRESENTATION_CONTEXT() REPRESENTATION_CONTEXT('2D SPACE',''
  ) );
#2520 = PCURVE('',#1096,#2521);
#2521 = DEFINITIONAL_REPRESENTATION('',(#2522),#2526);
#2522 = LINE('',#2523,#2524);
#2523 = CARTESIAN_POINT('',(1.570796326795,0.));
#2524 = VECTOR('',#2525,1.);
#2525 = DIRECTION('',(0.,1.));
#2526 = ( GEOMETRIC_REPRESENTATION_CONTEXT(2) 
PARAMETRIC_REPRESENTATION_CONTEXT() REPRESENTATION_CONTEXT('2D SPACE',''
  ) );
#2527 = FACE_BOUND('',#2528,.T.);
#2528 = EDGE_LOOP('',(#2529,#2557,#2583,#2609));
#2529 = ORIENTED_EDGE('',*,*,#2530,.F.);
#2530 = EDGE_CURVE('',#2531,#2533,#2535,.T.);
#2531 = VERTEX_POINT('',#2532);
#2532 = CARTESIAN_POINT('',(-5.8,15.,-0.8));
#2533 = VERTEX_POINT('',#2534);
#2534 = CARTESIAN_POINT('',(-4.2,15.,-0.8));
#2535 = SURFACE_CURVE('',#2536,(#2540,#2546),.PCURVE_S1.);
#2536 = LINE('',#2537,#2538);
#2537 = CARTESIAN_POINT('',(-21.9,15.,-0.8));
#2538 = VECTOR('',#2539,1.);
#2539 = DIRECTION('',(1.,0.,0.));
#2540 = PCURVE('',#1124,#2541);
#2541 = DEFINITIONAL_REPRESENTATION('',(#2542),#2545);
#2542 = B_SPLINE_CURVE_WITH_KNOTS('',1,(#2543,#2544),.UNSPECIFIED.,.F.,
  .F.,(2,2),(16.1,17.7),.PIECEWISE_BEZIER_KNOTS.);
#2543 = CARTESIAN_POINT('',(2.2,32.2));
#2544 = CARTESIAN_POINT('',(2.2,33.8));
#2545 = ( GEOMETRIC_REPRESENTATION_CONTEXT(2) 
PARAMETRIC_REPRESENTATION_CONTEXT() REPRESENTATION_CONTEXT('2D SPACE',''
  ) );
#2546 = PCURVE('',#2547,#2552);
#2547 = PLANE('',#2548);
#2548 = AXIS2_PLACEMENT_3D('',#2549,#2550,#2551);
#2549 = CARTESIAN_POINT('',(-5.8,14.3,-0.8));
#2550 = DIRECTION('',(0.,0.,1.));
#2551 = DIRECTION('',(1.,0.,0.));
#2552 = DEFINITIONAL_REPRESENTATION('',(#2553),#2556);
#2553 = B_SPLINE_CURVE_WITH_KNOTS('',1,(#2554,#2555),.UNSPECIFIED.,.F.,
  .F.,(2,2),(16.1,17.7),.PIECEWISE_BEZIER_KNOTS.);
#2554 = CARTESIAN_POINT('',(0.,0.7));
#2555 = CARTESIAN_POINT('',(1.6,0.7));
#2556 = ( GEOMETRIC_REPRESENTATION_CONTEXT(2) 
PARAMETRIC_REPRESENTATION_CONTEXT() REPRESENTATION_CONTEXT('2D SPACE',''
  ) );
#2557 = ORIENTED_EDGE('',*,*,#2558,.T.);
#2558 = EDGE_CURVE('',#2531,#2559,#2561,.T.);
#2559 = VERTEX_POINT('',#2560);
#2560 = CARTESIAN_POINT('',(-5.8,15.,-2.4));
#2561 = SURFACE_CURVE('',#2562,(#2566,#2572),.PCURVE_S1.);
#2562 = LINE('',#2563,#2564);
#2563 = CARTESIAN_POINT('',(-5.8,15.,-2.7));
#2564 = VECTOR('',#2565,1.);
#2565 = DIRECTION('',(0.,0.,-1.));
#2566 = PCURVE('',#1124,#2567);
#2567 = DEFINITIONAL_REPRESENTATION('',(#2568),#2571);
#2568 = B_SPLINE_CURVE_WITH_KNOTS('',1,(#2569,#2570),.UNSPECIFIED.,.F.,
  .F.,(2,2),(-1.9,-0.3),.PIECEWISE_BEZIER_KNOTS.);
#2569 = CARTESIAN_POINT('',(2.2,32.2));
#2570 = CARTESIAN_POINT('',(0.6,32.2));
#2571 = ( GEOMETRIC_REPRESENTATION_CONTEXT(2) 
PARAMETRIC_REPRESENTATION_CONTEXT() REPRESENTATION_CONTEXT('2D SPACE',''
  ) );
#2572 = PCURVE('',#2573,#2578);
#2573 = PLANE('',#2574);
#2574 = AXIS2_PLACEMENT_3D('',#2575,#2576,#2577);
#2575 = CARTESIAN_POINT('',(-5.8,14.3,-2.4));
#2576 = DIRECTION('',(1.,0.,0.));
#2577 = DIRECTION('',(0.,0.,1.));
#2578 = DEFINITIONAL_REPRESENTATION('',(#2579),#2582);
#2579 = B_SPLINE_CURVE_WITH_KNOTS('',1,(#2580,#2581),.UNSPECIFIED.,.F.,
  .F.,(2,2),(-1.9,-0.3),.PIECEWISE_BEZIER_KNOTS.);
#2580 = CARTESIAN_POINT('',(1.6,-0.7));
#2581 = CARTESIAN_POINT('',(0.,-0.7));
#2582 = ( GEOMETRIC_REPRESENTATION_CONTEXT(2) 
PARAMETRIC_REPRESENTATION_CONTEXT() REPRESENTATION_CONTEXT('2D SPACE',''
  ) );
#2583 = ORIENTED_EDGE('',*,*,#2584,.T.);
#2584 = EDGE_CURVE('',#2559,#2585,#2587,.T.);
#2585 = VERTEX_POINT('',#2586);
#2586 = CARTESIAN_POINT('',(-4.2,15.,-2.4));
#2587 = SURFACE_CURVE('',#2588,(#2592,#2598),.PCURVE_S1.);
#2588 = LINE('',#2589,#2590);
#2589 = CARTESIAN_POINT('',(-21.9,15.,-2.4));
#2590 = VECTOR('',#2591,1.);
#2591 = DIRECTION('',(1.,0.,0.));
#2592 = PCURVE('',#1124,#2593);
#2593 = DEFINITIONAL_REPRESENTATION('',(#2594),#2597);
#2594 = B_SPLINE_CURVE_WITH_KNOTS('',1,(#2595,#2596),.UNSPECIFIED.,.F.,
  .F.,(2,2),(16.1,17.7),.PIECEWISE_BEZIER_KNOTS.);
#2595 = CARTESIAN_POINT('',(0.6,32.2));
#2596 = CARTESIAN_POINT('',(0.6,33.8));
#2597 = ( GEOMETRIC_REPRESENTATION_CONTEXT(2) 
PARAMETRIC_REPRESENTATION_CONTEXT() REPRESENTATION_CONTEXT('2D SPACE',''
  ) );
#2598 = PCURVE('',#2599,#2604);
#2599 = PLANE('',#2600);
#2600 = AXIS2_PLACEMENT_3D('',#2601,#2602,#2603);
#2601 = CARTESIAN_POINT('',(-5.8,14.3,-2.4));
#2602 = DIRECTION('',(0.,0.,1.));
#2603 = DIRECTION('',(1.,0.,0.));
#2604 = DEFINITIONAL_REPRESENTATION('',(#2605),#2608);
#2605 = B_SPLINE_CURVE_WITH_KNOTS('',1,(#2606,#2607),.UNSPECIFIED.,.F.,
  .F.,(2,2),(16.1,17.7),.PIECEWISE_BEZIER_KNOTS.);
#2606 = CARTESIAN_POINT('',(0.,0.7));
#2607 = CARTESIAN_POINT('',(1.6,0.7));
#2608 = ( GEOMETRIC_REPRESENTATION_CONTEXT(2) 
PARAMETRIC_REPRESENTATION_CONTEXT() REPRESENTATION_CONTEXT('2D SPACE',''
  ) );
#2609 = ORIENTED_EDGE('',*,*,#2610,.F.);
#2610 = EDGE_CURVE('',#2533,#2585,#2611,.T.);
#2611 = SURFACE_CURVE('',#2612,(#2616,#2622),.PCURVE_S1.);
#2612 = LINE('',#2613,#2614);
#2613 = CARTESIAN_POINT('',(-4.2,15.,-2.7));
#2614 = VECTOR('',#2615,1.);
#2615 = DIRECTION('',(0.,0.,-1.));
#2616 = PCURVE('',#1124,#2617);
#2617 = DEFINITIONAL_REPRESENTATION('',(#2618),#2621);
#2618 = B_SPLINE_CURVE_WITH_KNOTS('',1,(#2619,#2620),.UNSPECIFIED.,.F.,
  .F.,(2,2),(-1.9,-0.3),.PIECEWISE_BEZIER_KNOTS.);
#2619 = CARTESIAN_POINT('',(2.2,33.8));
#2620 = CARTESIAN_POINT('',(0.6,33.8));
#2621 = ( GEOMETRIC_REPRESENTATION_CONTEXT(2) 
PARAMETRIC_REPRESENTATION_CONTEXT() REPRESENTATION_CONTEXT('2D SPACE',''
  ) );
#2622 = PCURVE('',#2623,#2628);
#2623 = PLANE('',#2624);
#2624 = AXIS2_PLACEMENT_3D('',#2625,#2626,#2627);
#2625 = CARTESIAN_POINT('',(-4.2,14.3,-2.4));
#2626 = DIRECTION('',(1.,0.,0.));
#2627 = DIRECTION('',(0.,0.,1.));
#2628 = DEFINITIONAL_REPRESENTATION('',(#2629),#2632);
#2629 = B_SPLINE_CURVE_WITH_KNOTS('',1,(#2630,#2631),.UNSPECIFIED.,.F.,
  .F.,(2,2),(-1.9,-0.3),.PIECEWISE_BEZIER_KNOTS.);
#2630 = CARTESIAN_POINT('',(1.6,-0.7));
#2631 = CARTESIAN_POINT('',(0.,-0.7));
#2632 = ( GEOMETRIC_REPRESENTATION_CONTEXT(2) 
PARAMETRIC_REPRESENTATION_CONTEXT() REPRESENTATION_CONTEXT('2D SPACE',''
  ) );
#2633 = FACE_BOUND('',#2634,.T.);
#2634 = EDGE_LOOP('',(#2635,#2663,#2689,#2715));
#2635 = ORIENTED_EDGE('',*,*,#2636,.F.);
#2636 = EDGE_CURVE('',#2637,#2639,#2641,.T.);
#2637 = VERTEX_POINT('',#2638);
#2638 = CARTESIAN_POINT('',(-0.8,15.,-0.8));
#2639 = VERTEX_POINT('',#2640);
#2640 = CARTESIAN_POINT('',(0.8,15.,-0.8));
#2641 = SURFACE_CURVE('',#2642,(#2646,#2652),.PCURVE_S1.);
#2642 = LINE('',#2643,#2644);
#2643 = CARTESIAN_POINT('',(-19.4,15.,-0.8));
#2644 = VECTOR('',#2645,1.);
#2645 = DIRECTION('',(1.,0.,0.));
#2646 = PCURVE('',#1124,#2647);
#2647 = DEFINITIONAL_REPRESENTATION('',(#2648),#2651);
#2648 = B_SPLINE_CURVE_WITH_KNOTS('',1,(#2649,#2650),.UNSPECIFIED.,.F.,
  .F.,(2,2),(18.6,20.2),.PIECEWISE_BEZIER_KNOTS.);
#2649 = CARTESIAN_POINT('',(2.2,37.2));
#2650 = CARTESIAN_POINT('',(2.2,38.8));
#2651 = ( GEOMETRIC_REPRESENTATION_CONTEXT(2) 
PARAMETRIC_REPRESENTATION_CONTEXT() REPRESENTATION_CONTEXT('2D SPACE',''
  ) );
#2652 = PCURVE('',#2653,#2658);
#2653 = PLANE('',#2654);
#2654 = AXIS2_PLACEMENT_3D('',#2655,#2656,#2657);
#2655 = CARTESIAN_POINT('',(-0.8,14.3,-0.8));
#2656 = DIRECTION('',(0.,0.,1.));
#2657 = DIRECTION('',(1.,0.,0.));
#2658 = DEFINITIONAL_REPRESENTATION('',(#2659),#2662);
#2659 = B_SPLINE_CURVE_WITH_KNOTS('',1,(#2660,#2661),.UNSPECIFIED.,.F.,
  .F.,(2,2),(18.6,20.2),.PIECEWISE_BEZIER_KNOTS.);
#2660 = CARTESIAN_POINT('',(0.,0.7));
#2661 = CARTESIAN_POINT('',(1.6,0.7));
#2662 = ( GEOMETRIC_REPRESENTATION_CONTEXT(2) 
PARAMETRIC_REPRESENTATION_CONTEXT() REPRESENTATION_CONTEXT('2D SPACE',''
  ) );
#2663 = ORIENTED_EDGE('',*,*,#2664,.T.);
#2664 = EDGE_CURVE('',#2637,#2665,#2667,.T.);
#2665 = VERTEX_POINT('',#2666);
#2666 = CARTESIAN_POINT('',(-0.8,15.,-2.4));
#2667 = SURFACE_CURVE('',#2668,(#2672,#2678),.PCURVE_S1.);
#2668 = LINE('',#2669,#2670);
#2669 = CARTESIAN_POINT('',(-0.8,15.,-2.7));
#2670 = VECTOR('',#2671,1.);
#2671 = DIRECTION('',(0.,0.,-1.));
#2672 = PCURVE('',#1124,#2673);
#2673 = DEFINITIONAL_REPRESENTATION('',(#2674),#2677);
#2674 = B_SPLINE_CURVE_WITH_KNOTS('',1,(#2675,#2676),.UNSPECIFIED.,.F.,
  .F.,(2,2),(-1.9,-0.3),.PIECEWISE_BEZIER_KNOTS.);
#2675 = CARTESIAN_POINT('',(2.2,37.2));
#2676 = CARTESIAN_POINT('',(0.6,37.2));
#2677 = ( GEOMETRIC_REPRESENTATION_CONTEXT(2) 
PARAMETRIC_REPRESENTATION_CONTEXT() REPRESENTATION_CONTEXT('2D SPACE',''
  ) );
#2678 = PCURVE('',#2679,#2684);
#2679 = PLANE('',#2680);
#2680 = AXIS2_PLACEMENT_3D('',#2681,#2682,#2683);
#2681 = CARTESIAN_POINT('',(-0.8,14.3,-2.4));
#2682 = DIRECTION('',(1.,0.,0.));
#2683 = DIRECTION('',(0.,0.,1.));
#2684 = DEFINITIONAL_REPRESENTATION('',(#2685),#2688);
#2685 = B_SPLINE_CURVE_WITH_KNOTS('',1,(#2686,#2687),.UNSPECIFIED.,.F.,
  .F.,(2,2),(-1.9,-0.3),.PIECEWISE_BEZIER_KNOTS.);
#2686 = CARTESIAN_POINT('',(1.6,-0.7));
#2687 = CARTESIAN_POINT('',(0.,-0.7));
#2688 = ( GEOMETRIC_REPRESENTATION_CONTEXT(2) 
PARAMETRIC_REPRESENTATION_CONTEXT() REPRESENTATION_CONTEXT('2D SPACE',''
  ) );
#2689 = ORIENTED_EDGE('',*,*,#2690,.T.);
#2690 = EDGE_CURVE('',#2665,#2691,#2693,.T.);
#2691 = VERTEX_POINT('',#2692);
#2692 = CARTESIAN_POINT('',(0.8,15.,-2.4));
#2693 = SURFACE_CURVE('',#2694,(#2698,#2704),.PCURVE_S1.);
#2694 = LINE('',#2695,#2696);
#2695 = CARTESIAN_POINT('',(-19.4,15.,-2.4));
#2696 = VECTOR('',#2697,1.);
#2697 = DIRECTION('',(1.,0.,0.));
#2698 = PCURVE('',#1124,#2699);
#2699 = DEFINITIONAL_REPRESENTATION('',(#2700),#2703);
#2700 = B_SPLINE_CURVE_WITH_KNOTS('',1,(#2701,#2702),.UNSPECIFIED.,.F.,
  .F.,(2,2),(18.6,20.2),.PIECEWISE_BEZIER_KNOTS.);
#2701 = CARTESIAN_POINT('',(0.6,37.2));
#2702 = CARTESIAN_POINT('',(0.6,38.8));
#2703 = ( GEOMETRIC_REPRESENTATION_CONTEXT(2) 
PARAMETRIC_REPRESENTATION_CONTEXT() REPRESENTATION_CONTEXT('2D SPACE',''
  ) );
#2704 = PCURVE('',#2705,#2710);
#2705 = PLANE('',#2706);
#2706 = AXIS2_PLACEMENT_3D('',#2707,#2708,#2709);
#2707 = CARTESIAN_POINT('',(-0.8,14.3,-2.4));
#2708 = DIRECTION('',(0.,0.,1.));
#2709 = DIRECTION('',(1.,0.,0.));
#2710 = DEFINITIONAL_REPRESENTATION('',(#2711),#2714);
#2711 = B_SPLINE_CURVE_WITH_KNOTS('',1,(#2712,#2713),.UNSPECIFIED.,.F.,
  .F.,(2,2),(18.6,20.2),.PIECEWISE_BEZIER_KNOTS.);
#2712 = CARTESIAN_POINT('',(0.,0.7));
#2713 = CARTESIAN_POINT('',(1.6,0.7));
#2714 = ( GEOMETRIC_REPRESENTATION_CONTEXT(2) 
PARAMETRIC_REPRESENTATION_CONTEXT() REPRESENTATION_CONTEXT('2D SPACE',''
  ) );
#2715 = ORIENTED_EDGE('',*,*,#2716,.F.);
#2716 = EDGE_CURVE('',#2639,#2691,#2717,.T.);
#2717 = SURFACE_CURVE('',#2718,(#2722,#2728),.PCURVE_S1.);
#2718 = LINE('',#2719,#2720);
#2719 = CARTESIAN_POINT('',(0.8,15.,-2.7));
#2720 = VECTOR('',#2721,1.);
#2721 = DIRECTION('',(0.,0.,-1.));
#2722 = PCURVE('',#1124,#2723);
#2723 = DEFINITIONAL_REPRESENTATION('',(#2724),#2727);
#2724 = B_SPLINE_CURVE_WITH_KNOTS('',1,(#2725,#2726),.UNSPECIFIED.,.F.,
  .F.,(2,2),(-1.9,-0.3),.PIECEWISE_BEZIER_KNOTS.);
#2725 = CARTESIAN_POINT('',(2.2,38.8));
#2726 = CARTESIAN_POINT('',(0.6,38.8));
#2727 = ( GEOMETRIC_REPRESENTATION_CONTEXT(2) 
PARAMETRIC_REPRESENTATION_CONTEXT() REPRESENTATION_CONTEXT('2D SPACE',''
  ) );
#2728 = PCURVE('',#2729,#2734);
#2729 = PLANE('',#2730);
#2730 = AXIS2_PLACEMENT_3D('',#2731,#2732,#2733);
#2731 = CARTESIAN_POINT('',(0.8,14.3,-2.4));
#2732 = DIRECTION('',(1.,0.,0.));
#2733 = DIRECTION('',(0.,0.,1.));
#2734 = DEFINITIONAL_REPRESENTATION('',(#2735),#2738);
#2735 = B_SPLINE_CURVE_WITH_KNOTS('',1,(#2736,#2737),.UNSPECIFIED.,.F.,
  .F.,(2,2),(-1.9,-0.3),.PIECEWISE_BEZIER_KNOTS.);
#2736 = CARTESIAN_POINT('',(1.6,-0.7));
#2737 = CARTESIAN_POINT('',(0.,-0.7));
#2738 = ( GEOMETRIC_REPRESENTATION_CONTEXT(2) 
PARAMETRIC_REPRESENTATION_CONTEXT() REPRESENTATION_CONTEXT('2D SPACE',''
  ) );
#2739 = FACE_BOUND('',#2740,.T.);
#2740 = EDGE_LOOP('',(#2741,#2769,#2795,#2821));
#2741 = ORIENTED_EDGE('',*,*,#2742,.F.);
#2742 = EDGE_CURVE('',#2743,#2745,#2747,.T.);
#2743 = VERTEX_POINT('',#2744);
#2744 = CARTESIAN_POINT('',(4.2,15.,-0.8));
#2745 = VERTEX_POINT('',#2746);
#2746 = CARTESIAN_POINT('',(5.8,15.,-0.8));
#2747 = SURFACE_CURVE('',#2748,(#2752,#2758),.PCURVE_S1.);
#2748 = LINE('',#2749,#2750);
#2749 = CARTESIAN_POINT('',(-16.9,15.,-0.8));
#2750 = VECTOR('',#2751,1.);
#2751 = DIRECTION('',(1.,0.,0.));
#2752 = PCURVE('',#1124,#2753);
#2753 = DEFINITIONAL_REPRESENTATION('',(#2754),#2757);
#2754 = B_SPLINE_CURVE_WITH_KNOTS('',1,(#2755,#2756),.UNSPECIFIED.,.F.,
  .F.,(2,2),(21.1,22.7),.PIECEWISE_BEZIER_KNOTS.);
#2755 = CARTESIAN_POINT('',(2.2,42.2));
#2756 = CARTESIAN_POINT('',(2.2,43.8));
#2757 = ( GEOMETRIC_REPRESENTATION_CONTEXT(2) 
PARAMETRIC_REPRESENTATION_CONTEXT() REPRESENTATION_CONTEXT('2D SPACE',''
  ) );
#2758 = PCURVE('',#2759,#2764);
#2759 = PLANE('',#2760);
#2760 = AXIS2_PLACEMENT_3D('',#2761,#2762,#2763);
#2761 = CARTESIAN_POINT('',(4.2,14.3,-0.8));
#2762 = DIRECTION('',(0.,0.,1.));
#2763 = DIRECTION('',(1.,0.,0.));
#2764 = DEFINITIONAL_REPRESENTATION('',(#2765),#2768);
#2765 = B_SPLINE_CURVE_WITH_KNOTS('',1,(#2766,#2767),.UNSPECIFIED.,.F.,
  .F.,(2,2),(21.1,22.7),.PIECEWISE_BEZIER_KNOTS.);
#2766 = CARTESIAN_POINT('',(0.,0.7));
#2767 = CARTESIAN_POINT('',(1.6,0.7));
#2768 = ( GEOMETRIC_REPRESENTATION_CONTEXT(2) 
PARAMETRIC_REPRESENTATION_CONTEXT() REPRESENTATION_CONTEXT('2D SPACE',''
  ) );
#2769 = ORIENTED_EDGE('',*,*,#2770,.T.);
#2770 = EDGE_CURVE('',#2743,#2771,#2773,.T.);
#2771 = VERTEX_POINT('',#2772);
#2772 = CARTESIAN_POINT('',(4.2,15.,-2.4));
#2773 = SURFACE_CURVE('',#2774,(#2778,#2784),.PCURVE_S1.);
#2774 = LINE('',#2775,#2776);
#2775 = CARTESIAN_POINT('',(4.2,15.,-2.7));
#2776 = VECTOR('',#2777,1.);
#2777 = DIRECTION('',(0.,0.,-1.));
#2778 = PCURVE('',#1124,#2779);
#2779 = DEFINITIONAL_REPRESENTATION('',(#2780),#2783);
#2780 = B_SPLINE_CURVE_WITH_KNOTS('',1,(#2781,#2782),.UNSPECIFIED.,.F.,
  .F.,(2,2),(-1.9,-0.3),.PIECEWISE_BEZIER_KNOTS.);
#2781 = CARTESIAN_POINT('',(2.2,42.2));
#2782 = CARTESIAN_POINT('',(0.6,42.2));
#2783 = ( GEOMETRIC_REPRESENTATION_CONTEXT(2) 
PARAMETRIC_REPRESENTATION_CONTEXT() REPRESENTATION_CONTEXT('2D SPACE',''
  ) );
#2784 = PCURVE('',#2785,#2790);
#2785 = PLANE('',#2786);
#2786 = AXIS2_PLACEMENT_3D('',#2787,#2788,#2789);
#2787 = CARTESIAN_POINT('',(4.2,14.3,-2.4));
#2788 = DIRECTION('',(1.,0.,0.));
#2789 = DIRECTION('',(0.,0.,1.));
#2790 = DEFINITIONAL_REPRESENTATION('',(#2791),#2794);
#2791 = B_SPLINE_CURVE_WITH_KNOTS('',1,(#2792,#2793),.UNSPECIFIED.,.F.,
  .F.,(2,2),(-1.9,-0.3),.PIECEWISE_BEZIER_KNOTS.);
#2792 = CARTESIAN_POINT('',(1.6,-0.7));
#2793 = CARTESIAN_POINT('',(0.,-0.7));
#2794 = ( GEOMETRIC_REPRESENTATION_CONTEXT(2) 
PARAMETRIC_REPRESENTATION_CONTEXT() REPRESENTATION_CONTEXT('2D SPACE',''
  ) );
#2795 = ORIENTED_EDGE('',*,*,#2796,.T.);
#2796 = EDGE_CURVE('',#2771,#2797,#2799,.T.);
#2797 = VERTEX_POINT('',#2798);
#2798 = CARTESIAN_POINT('',(5.8,15.,-2.4));
#2799 = SURFACE_CURVE('',#2800,(#2804,#2810),.PCURVE_S1.);
#2800 = LINE('',#2801,#2802);
#2801 = CARTESIAN_POINT('',(-16.9,15.,-2.4));
#2802 = VECTOR('',#2803,1.);
#2803 = DIRECTION('',(1.,0.,0.));
#2804 = PCURVE('',#1124,#2805);
#2805 = DEFINITIONAL_REPRESENTATION('',(#2806),#2809);
#2806 = B_SPLINE_CURVE_WITH_KNOTS('',1,(#2807,#2808),.UNSPECIFIED.,.F.,
  .F.,(2,2),(21.1,22.7),.PIECEWISE_BEZIER_KNOTS.);
#2807 = CARTESIAN_POINT('',(0.6,42.2));
#2808 = CARTESIAN_POINT('',(0.6,43.8));
#2809 = ( GEOMETRIC_REPRESENTATION_CONTEXT(2) 
PARAMETRIC_REPRESENTATION_CONTEXT() REPRESENTATION_CONTEXT('2D SPACE',''
  ) );
#2810 = PCURVE('',#2811,#2816);
#2811 = PLANE('',#2812);
#2812 = AXIS2_PLACEMENT_3D('',#2813,#2814,#2815);
#2813 = CARTESIAN_POINT('',(4.2,14.3,-2.4));
#2814 = DIRECTION('',(0.,0.,1.));
#2815 = DIRECTION('',(1.,0.,0.));
#2816 = DEFINITIONAL_REPRESENTATION('',(#2817),#2820);
#2817 = B_SPLINE_CURVE_WITH_KNOTS('',1,(#2818,#2819),.UNSPECIFIED.,.F.,
  .F.,(2,2),(21.1,22.7),.PIECEWISE_BEZIER_KNOTS.);
#2818 = CARTESIAN_POINT('',(0.,0.7));
#2819 = CARTESIAN_POINT('',(1.6,0.7));
#2820 = ( GEOMETRIC_REPRESENTATION_CONTEXT(2) 
PARAMETRIC_REPRESENTATION_CONTEXT() REPRESENTATION_CONTEXT('2D SPACE',''
  ) );
#2821 = ORIENTED_EDGE('',*,*,#2822,.F.);
#2822 = EDGE_CURVE('',#2745,#2797,#2823,.T.);
#2823 = SURFACE_CURVE('',#2824,(#2828,#2834),.PCURVE_S1.);
#2824 = LINE('',#2825,#2826);
#2825 = CARTESIAN_POINT('',(5.8,15.,-2.7));
#2826 = VECTOR('',#2827,1.);
#2827 = DIRECTION('',(0.,0.,-1.));
#2828 = PCURVE('',#1124,#2829);
#2829 = DEFINITIONAL_REPRESENTATION('',(#2830),#2833);
#2830 = B_SPLINE_CURVE_WITH_KNOTS('',1,(#2831,#2832),.UNSPECIFIED.,.F.,
  .F.,(2,2),(-1.9,-0.3),.PIECEWISE_BEZIER_KNOTS.);
#2831 = CARTESIAN_POINT('',(2.2,43.8));
#2832 = CARTESIAN_POINT('',(0.6,43.8));
#2833 = ( GEOMETRIC_REPRESENTATION_CONTEXT(2) 
PARAMETRIC_REPRESENTATION_CONTEXT() REPRESENTATION_CONTEXT('2D SPACE',''
  ) );
#2834 = PCURVE('',#2835,#2840);
#2835 = PLANE('',#2836);
#2836 = AXIS2_PLACEMENT_3D('',#2837,#2838,#2839);
#2837 = CARTESIAN_POINT('',(5.8,14.3,-2.4));
#2838 = DIRECTION('',(1.,0.,0.));
#2839 = DIRECTION('',(0.,0.,1.));
#2840 = DEFINITIONAL_REPRESENTATION('',(#2841),#2844);
#2841 = B_SPLINE_CURVE_WITH_KNOTS('',1,(#2842,#2843),.UNSPECIFIED.,.F.,
  .F.,(2,2),(-1.9,-0.3),.PIECEWISE_BEZIER_KNOTS.);
#2842 = CARTESIAN_POINT('',(1.6,-0.7));
#2843 = CARTESIAN_POINT('',(0.,-0.7));
#2844 = ( GEOMETRIC_REPRESENTATION_CONTEXT(2) 
PARAMETRIC_REPRESENTATION_CONTEXT() REPRESENTATION_CONTEXT('2D SPACE',''
  ) );
#2845 = ADVANCED_FACE('',(#2846),#210,.F.);
#2846 = FACE_BOUND('',#2847,.F.);
#2847 = EDGE_LOOP('',(#2848,#2871,#2892,#2893));
#2848 = ORIENTED_EDGE('',*,*,#2849,.F.);
#2849 = EDGE_CURVE('',#2850,#195,#2852,.T.);
#2850 = VERTEX_POINT('',#2851);
#2851 = CARTESIAN_POINT('',(-22.5,-26.,4.));
#2852 = SURFACE_CURVE('',#2853,(#2857,#2864),.PCURVE_S1.);
#2853 = LINE('',#2854,#2855);
#2854 = CARTESIAN_POINT('',(-22.5,-26.,4.));
#2855 = VECTOR('',#2856,1.);
#2856 = DIRECTION('',(0.,0.,1.));
#2857 = PCURVE('',#210,#2858);
#2858 = DEFINITIONAL_REPRESENTATION('',(#2859),#2863);
#2859 = LINE('',#2860,#2861);
#2860 = CARTESIAN_POINT('',(0.,0.));
#2861 = VECTOR('',#2862,1.);
#2862 = DIRECTION('',(1.,0.));
#2863 = ( GEOMETRIC_REPRESENTATION_CONTEXT(2) 
PARAMETRIC_REPRESENTATION_CONTEXT() REPRESENTATION_CONTEXT('2D SPACE',''
  ) );
#2864 = PCURVE('',#238,#2865);
#2865 = DEFINITIONAL_REPRESENTATION('',(#2866),#2870);
#2866 = LINE('',#2867,#2868);
#2867 = CARTESIAN_POINT('',(0.,0.));
#2868 = VECTOR('',#2869,1.);
#2869 = DIRECTION('',(1.,0.));
#2870 = ( GEOMETRIC_REPRESENTATION_CONTEXT(2) 
PARAMETRIC_REPRESENTATION_CONTEXT() REPRESENTATION_CONTEXT('2D SPACE',''
  ) );
#2871 = ORIENTED_EDGE('',*,*,#2872,.T.);
#2872 = EDGE_CURVE('',#2850,#1871,#2873,.T.);
#2873 = SURFACE_CURVE('',#2874,(#2878,#2885),.PCURVE_S1.);
#2874 = LINE('',#2875,#2876);
#2875 = CARTESIAN_POINT('',(-22.5,-26.,4.));
#2876 = VECTOR('',#2877,1.);
#2877 = DIRECTION('',(0.,1.,0.));
#2878 = PCURVE('',#210,#2879);
#2879 = DEFINITIONAL_REPRESENTATION('',(#2880),#2884);
#2880 = LINE('',#2881,#2882);
#2881 = CARTESIAN_POINT('',(0.,0.));
#2882 = VECTOR('',#2883,1.);
#2883 = DIRECTION('',(0.,-1.));
#2884 = ( GEOMETRIC_REPRESENTATION_CONTEXT(2) 
PARAMETRIC_REPRESENTATION_CONTEXT() REPRESENTATION_CONTEXT('2D SPACE',''
  ) );
#2885 = PCURVE('',#1909,#2886);
#2886 = DEFINITIONAL_REPRESENTATION('',(#2887),#2891);
#2887 = LINE('',#2888,#2889);
#2888 = CARTESIAN_POINT('',(0.,0.));
#2889 = VECTOR('',#2890,1.);
#2890 = DIRECTION('',(0.,1.));
#2891 = ( GEOMETRIC_REPRESENTATION_CONTEXT(2) 
PARAMETRIC_REPRESENTATION_CONTEXT() REPRESENTATION_CONTEXT('2D SPACE',''
  ) );
#2892 = ORIENTED_EDGE('',*,*,#1870,.T.);
#2893 = ORIENTED_EDGE('',*,*,#194,.F.);
#2894 = ADVANCED_FACE('',(#2895),#1315,.F.);
#2895 = FACE_BOUND('',#2896,.F.);
#2896 = EDGE_LOOP('',(#2897,#2898,#2921,#2942));
#2897 = ORIENTED_EDGE('',*,*,#2361,.F.);
#2898 = ORIENTED_EDGE('',*,*,#2899,.T.);
#2899 = EDGE_CURVE('',#2362,#2900,#2902,.T.);
#2900 = VERTEX_POINT('',#2901);
#2901 = CARTESIAN_POINT('',(-22.5,26.,4.));
#2902 = SURFACE_CURVE('',#2903,(#2907,#2914),.PCURVE_S1.);
#2903 = LINE('',#2904,#2905);
#2904 = CARTESIAN_POINT('',(-22.5,15.,4.));
#2905 = VECTOR('',#2906,1.);
#2906 = DIRECTION('',(0.,1.,0.));
#2907 = PCURVE('',#1315,#2908);
#2908 = DEFINITIONAL_REPRESENTATION('',(#2909),#2913);
#2909 = LINE('',#2910,#2911);
#2910 = CARTESIAN_POINT('',(0.,0.));
#2911 = VECTOR('',#2912,1.);
#2912 = DIRECTION('',(0.,-1.));
#2913 = ( GEOMETRIC_REPRESENTATION_CONTEXT(2) 
PARAMETRIC_REPRESENTATION_CONTEXT() REPRESENTATION_CONTEXT('2D SPACE',''
  ) );
#2914 = PCURVE('',#2400,#2915);
#2915 = DEFINITIONAL_REPRESENTATION('',(#2916),#2920);
#2916 = LINE('',#2917,#2918);
#2917 = CARTESIAN_POINT('',(0.,0.));
#2918 = VECTOR('',#2919,1.);
#2919 = DIRECTION('',(0.,1.));
#2920 = ( GEOMETRIC_REPRESENTATION_CONTEXT(2) 
PARAMETRIC_REPRESENTATION_CONTEXT() REPRESENTATION_CONTEXT('2D SPACE',''
  ) );
#2921 = ORIENTED_EDGE('',*,*,#2922,.T.);
#2922 = EDGE_CURVE('',#2900,#1272,#2923,.T.);
#2923 = SURFACE_CURVE('',#2924,(#2928,#2935),.PCURVE_S1.);
#2924 = LINE('',#2925,#2926);
#2925 = CARTESIAN_POINT('',(-22.5,26.,4.));
#2926 = VECTOR('',#2927,1.);
#2927 = DIRECTION('',(0.,0.,1.));
#2928 = PCURVE('',#1315,#2929);
#2929 = DEFINITIONAL_REPRESENTATION('',(#2930),#2934);
#2930 = LINE('',#2931,#2932);
#2931 = CARTESIAN_POINT('',(0.,-11.));
#2932 = VECTOR('',#2933,1.);
#2933 = DIRECTION('',(1.,0.));
#2934 = ( GEOMETRIC_REPRESENTATION_CONTEXT(2) 
PARAMETRIC_REPRESENTATION_CONTEXT() REPRESENTATION_CONTEXT('2D SPACE',''
  ) );
#2935 = PCURVE('',#1287,#2936);
#2936 = DEFINITIONAL_REPRESENTATION('',(#2937),#2941);
#2937 = LINE('',#2938,#2939);
#2938 = CARTESIAN_POINT('',(0.,0.));
#2939 = VECTOR('',#2940,1.);
#2940 = DIRECTION('',(1.,0.));
#2941 = ( GEOMETRIC_REPRESENTATION_CONTEXT(2) 
PARAMETRIC_REPRESENTATION_CONTEXT() REPRESENTATION_CONTEXT('2D SPACE',''
  ) );
#2942 = ORIENTED_EDGE('',*,*,#1299,.F.);
#2943 = ADVANCED_FACE('',(#2944),#238,.F.);
#2944 = FACE_BOUND('',#2945,.F.);
#2945 = EDGE_LOOP('',(#2946,#2969,#2970,#2971));
#2946 = ORIENTED_EDGE('',*,*,#2947,.F.);
#2947 = EDGE_CURVE('',#2850,#2948,#2950,.T.);
#2948 = VERTEX_POINT('',#2949);
#2949 = CARTESIAN_POINT('',(-13.5,-26.,4.));
#2950 = SURFACE_CURVE('',#2951,(#2955,#2962),.PCURVE_S1.);
#2951 = LINE('',#2952,#2953);
#2952 = CARTESIAN_POINT('',(-22.5,-26.,4.));
#2953 = VECTOR('',#2954,1.);
#2954 = DIRECTION('',(1.,0.,0.));
#2955 = PCURVE('',#238,#2956);
#2956 = DEFINITIONAL_REPRESENTATION('',(#2957),#2961);
#2957 = LINE('',#2958,#2959);
#2958 = CARTESIAN_POINT('',(0.,0.));
#2959 = VECTOR('',#2960,1.);
#2960 = DIRECTION('',(0.,1.));
#2961 = ( GEOMETRIC_REPRESENTATION_CONTEXT(2) 
PARAMETRIC_REPRESENTATION_CONTEXT() REPRESENTATION_CONTEXT('2D SPACE',''
  ) );
#2962 = PCURVE('',#1909,#2963);
#2963 = DEFINITIONAL_REPRESENTATION('',(#2964),#2968);
#2964 = LINE('',#2965,#2966);
#2965 = CARTESIAN_POINT('',(0.,0.));
#2966 = VECTOR('',#2967,1.);
#2967 = DIRECTION('',(1.,0.));
#2968 = ( GEOMETRIC_REPRESENTATION_CONTEXT(2) 
PARAMETRIC_REPRESENTATION_CONTEXT() REPRESENTATION_CONTEXT('2D SPACE',''
  ) );
#2969 = ORIENTED_EDGE('',*,*,#2849,.T.);
#2970 = ORIENTED_EDGE('',*,*,#222,.T.);
#2971 = ORIENTED_EDGE('',*,*,#2972,.F.);
#2972 = EDGE_CURVE('',#2948,#223,#2973,.T.);
#2973 = SURFACE_CURVE('',#2974,(#2978,#2985),.PCURVE_S1.);
#2974 = LINE('',#2975,#2976);
#2975 = CARTESIAN_POINT('',(-13.5,-26.,4.));
#2976 = VECTOR('',#2977,1.);
#2977 = DIRECTION('',(0.,0.,1.));
#2978 = PCURVE('',#238,#2979);
#2979 = DEFINITIONAL_REPRESENTATION('',(#2980),#2984);
#2980 = LINE('',#2981,#2982);
#2981 = CARTESIAN_POINT('',(0.,9.));
#2982 = VECTOR('',#2983,1.);
#2983 = DIRECTION('',(1.,0.));
#2984 = ( GEOMETRIC_REPRESENTATION_CONTEXT(2) 
PARAMETRIC_REPRESENTATION_CONTEXT() REPRESENTATION_CONTEXT('2D SPACE',''
  ) );
#2985 = PCURVE('',#266,#2986);
#2986 = DEFINITIONAL_REPRESENTATION('',(#2987),#2991);
#2987 = LINE('',#2988,#2989);
#2988 = CARTESIAN_POINT('',(0.,0.));
#2989 = VECTOR('',#2990,1.);
#2990 = DIRECTION('',(1.,0.));
#2991 = ( GEOMETRIC_REPRESENTATION_CONTEXT(2) 
PARAMETRIC_REPRESENTATION_CONTEXT() REPRESENTATION_CONTEXT('2D SPACE',''
  ) );
#2992 = ADVANCED_FACE('',(#2993),#1287,.T.);
#2993 = FACE_BOUND('',#2994,.T.);
#2994 = EDGE_LOOP('',(#2995,#3018,#3019,#3020));
#2995 = ORIENTED_EDGE('',*,*,#2996,.F.);
#2996 = EDGE_CURVE('',#2900,#2997,#2999,.T.);
#2997 = VERTEX_POINT('',#2998);
#2998 = CARTESIAN_POINT('',(-13.5,26.,4.));
#2999 = SURFACE_CURVE('',#3000,(#3004,#3011),.PCURVE_S1.);
#3000 = LINE('',#3001,#3002);
#3001 = CARTESIAN_POINT('',(-22.5,26.,4.));
#3002 = VECTOR('',#3003,1.);
#3003 = DIRECTION('',(1.,0.,0.));
#3004 = PCURVE('',#1287,#3005);
#3005 = DEFINITIONAL_REPRESENTATION('',(#3006),#3010);
#3006 = LINE('',#3007,#3008);
#3007 = CARTESIAN_POINT('',(0.,0.));
#3008 = VECTOR('',#3009,1.);
#3009 = DIRECTION('',(0.,1.));
#3010 = ( GEOMETRIC_REPRESENTATION_CONTEXT(2) 
PARAMETRIC_REPRESENTATION_CONTEXT() REPRESENTATION_CONTEXT('2D SPACE',''
  ) );
#3011 = PCURVE('',#2400,#3012);
#3012 = DEFINITIONAL_REPRESENTATION('',(#3013),#3017);
#3013 = LINE('',#3014,#3015);
#3014 = CARTESIAN_POINT('',(0.,11.));
#3015 = VECTOR('',#3016,1.);
#3016 = DIRECTION('',(1.,0.));
#3017 = ( GEOMETRIC_REPRESENTATION_CONTEXT(2) 
PARAMETRIC_REPRESENTATION_CONTEXT() REPRESENTATION_CONTEXT('2D SPACE',''
  ) );
#3018 = ORIENTED_EDGE('',*,*,#2922,.T.);
#3019 = ORIENTED_EDGE('',*,*,#1271,.T.);
#3020 = ORIENTED_EDGE('',*,*,#3021,.F.);
#3021 = EDGE_CURVE('',#2997,#1244,#3022,.T.);
#3022 = SURFACE_CURVE('',#3023,(#3027,#3034),.PCURVE_S1.);
#3023 = LINE('',#3024,#3025);
#3024 = CARTESIAN_POINT('',(-13.5,26.,4.));
#3025 = VECTOR('',#3026,1.);
#3026 = DIRECTION('',(0.,0.,1.));
#3027 = PCURVE('',#1287,#3028);
#3028 = DEFINITIONAL_REPRESENTATION('',(#3029),#3033);
#3029 = LINE('',#3030,#3031);
#3030 = CARTESIAN_POINT('',(0.,9.));
#3031 = VECTOR('',#3032,1.);
#3032 = DIRECTION('',(1.,0.));
#3033 = ( GEOMETRIC_REPRESENTATION_CONTEXT(2) 
PARAMETRIC_REPRESENTATION_CONTEXT() REPRESENTATION_CONTEXT('2D SPACE',''
  ) );
#3034 = PCURVE('',#1259,#3035);
#3035 = DEFINITIONAL_REPRESENTATION('',(#3036),#3040);
#3036 = LINE('',#3037,#3038);
#3037 = CARTESIAN_POINT('',(0.,-11.));
#3038 = VECTOR('',#3039,1.);
#3039 = DIRECTION('',(1.,0.));
#3040 = ( GEOMETRIC_REPRESENTATION_CONTEXT(2) 
PARAMETRIC_REPRESENTATION_CONTEXT() REPRESENTATION_CONTEXT('2D SPACE',''
  ) );
#3041 = ADVANCED_FACE('',(#3042),#266,.T.);
#3042 = FACE_BOUND('',#3043,.T.);
#3043 = EDGE_LOOP('',(#3044,#3045,#3066,#3067));
#3044 = ORIENTED_EDGE('',*,*,#2972,.F.);
#3045 = ORIENTED_EDGE('',*,*,#3046,.T.);
#3046 = EDGE_CURVE('',#2948,#1894,#3047,.T.);
#3047 = SURFACE_CURVE('',#3048,(#3052,#3059),.PCURVE_S1.);
#3048 = LINE('',#3049,#3050);
#3049 = CARTESIAN_POINT('',(-13.5,-26.,4.));
#3050 = VECTOR('',#3051,1.);
#3051 = DIRECTION('',(0.,1.,0.));
#3052 = PCURVE('',#266,#3053);
#3053 = DEFINITIONAL_REPRESENTATION('',(#3054),#3058);
#3054 = LINE('',#3055,#3056);
#3055 = CARTESIAN_POINT('',(0.,0.));
#3056 = VECTOR('',#3057,1.);
#3057 = DIRECTION('',(0.,-1.));
#3058 = ( GEOMETRIC_REPRESENTATION_CONTEXT(2) 
PARAMETRIC_REPRESENTATION_CONTEXT() REPRESENTATION_CONTEXT('2D SPACE',''
  ) );
#3059 = PCURVE('',#1909,#3060);
#3060 = DEFINITIONAL_REPRESENTATION('',(#3061),#3065);
#3061 = LINE('',#3062,#3063);
#3062 = CARTESIAN_POINT('',(9.,0.));
#3063 = VECTOR('',#3064,1.);
#3064 = DIRECTION('',(0.,1.));
#3065 = ( GEOMETRIC_REPRESENTATION_CONTEXT(2) 
PARAMETRIC_REPRESENTATION_CONTEXT() REPRESENTATION_CONTEXT('2D SPACE',''
  ) );
#3066 = ORIENTED_EDGE('',*,*,#1921,.T.);
#3067 = ORIENTED_EDGE('',*,*,#250,.F.);
#3068 = ADVANCED_FACE('',(#3069),#1259,.T.);
#3069 = FACE_BOUND('',#3070,.T.);
#3070 = EDGE_LOOP('',(#3071,#3072,#3093,#3094));
#3071 = ORIENTED_EDGE('',*,*,#2412,.F.);
#3072 = ORIENTED_EDGE('',*,*,#3073,.T.);
#3073 = EDGE_CURVE('',#2385,#2997,#3074,.T.);
#3074 = SURFACE_CURVE('',#3075,(#3079,#3086),.PCURVE_S1.);
#3075 = LINE('',#3076,#3077);
#3076 = CARTESIAN_POINT('',(-13.5,15.,4.));
#3077 = VECTOR('',#3078,1.);
#3078 = DIRECTION('',(0.,1.,0.));
#3079 = PCURVE('',#1259,#3080);
#3080 = DEFINITIONAL_REPRESENTATION('',(#3081),#3085);
#3081 = LINE('',#3082,#3083);
#3082 = CARTESIAN_POINT('',(0.,0.));
#3083 = VECTOR('',#3084,1.);
#3084 = DIRECTION('',(0.,-1.));
#3085 = ( GEOMETRIC_REPRESENTATION_CONTEXT(2) 
PARAMETRIC_REPRESENTATION_CONTEXT() REPRESENTATION_CONTEXT('2D SPACE',''
  ) );
#3086 = PCURVE('',#2400,#3087);
#3087 = DEFINITIONAL_REPRESENTATION('',(#3088),#3092);
#3088 = LINE('',#3089,#3090);
#3089 = CARTESIAN_POINT('',(9.,0.));
#3090 = VECTOR('',#3091,1.);
#3091 = DIRECTION('',(0.,1.));
#3092 = ( GEOMETRIC_REPRESENTATION_CONTEXT(2) 
PARAMETRIC_REPRESENTATION_CONTEXT() REPRESENTATION_CONTEXT('2D SPACE',''
  ) );
#3093 = ORIENTED_EDGE('',*,*,#3021,.T.);
#3094 = ORIENTED_EDGE('',*,*,#1243,.F.);
#3095 = ADVANCED_FACE('',(#3096),#317,.F.);
#3096 = FACE_BOUND('',#3097,.F.);
#3097 = EDGE_LOOP('',(#3098,#3121,#3142,#3143));
#3098 = ORIENTED_EDGE('',*,*,#3099,.F.);
#3099 = EDGE_CURVE('',#3100,#302,#3102,.T.);
#3100 = VERTEX_POINT('',#3101);
#3101 = CARTESIAN_POINT('',(13.5,-26.,4.));
#3102 = SURFACE_CURVE('',#3103,(#3107,#3114),.PCURVE_S1.);
#3103 = LINE('',#3104,#3105);
#3104 = CARTESIAN_POINT('',(13.5,-26.,4.));
#3105 = VECTOR('',#3106,1.);
#3106 = DIRECTION('',(0.,0.,1.));
#3107 = PCURVE('',#317,#3108);
#3108 = DEFINITIONAL_REPRESENTATION('',(#3109),#3113);
#3109 = LINE('',#3110,#3111);
#3110 = CARTESIAN_POINT('',(0.,0.));
#3111 = VECTOR('',#3112,1.);
#3112 = DIRECTION('',(1.,0.));
#3113 = ( GEOMETRIC_REPRESENTATION_CONTEXT(2) 
PARAMETRIC_REPRESENTATION_CONTEXT() REPRESENTATION_CONTEXT('2D SPACE',''
  ) );
#3114 = PCURVE('',#345,#3115);
#3115 = DEFINITIONAL_REPRESENTATION('',(#3116),#3120);
#3116 = LINE('',#3117,#3118);
#3117 = CARTESIAN_POINT('',(0.,0.));
#3118 = VECTOR('',#3119,1.);
#3119 = DIRECTION('',(1.,0.));
#3120 = ( GEOMETRIC_REPRESENTATION_CONTEXT(2) 
PARAMETRIC_REPRESENTATION_CONTEXT() REPRESENTATION_CONTEXT('2D SPACE',''
  ) );
#3121 = ORIENTED_EDGE('',*,*,#3122,.T.);
#3122 = EDGE_CURVE('',#3100,#1944,#3123,.T.);
#3123 = SURFACE_CURVE('',#3124,(#3128,#3135),.PCURVE_S1.);
#3124 = LINE('',#3125,#3126);
#3125 = CARTESIAN_POINT('',(13.5,-26.,4.));
#3126 = VECTOR('',#3127,1.);
#3127 = DIRECTION('',(0.,1.,0.));
#3128 = PCURVE('',#317,#3129);
#3129 = DEFINITIONAL_REPRESENTATION('',(#3130),#3134);
#3130 = LINE('',#3131,#3132);
#3131 = CARTESIAN_POINT('',(0.,0.));
#3132 = VECTOR('',#3133,1.);
#3133 = DIRECTION('',(0.,-1.));
#3134 = ( GEOMETRIC_REPRESENTATION_CONTEXT(2) 
PARAMETRIC_REPRESENTATION_CONTEXT() REPRESENTATION_CONTEXT('2D SPACE',''
  ) );
#3135 = PCURVE('',#1982,#3136);
#3136 = DEFINITIONAL_REPRESENTATION('',(#3137),#3141);
#3137 = LINE('',#3138,#3139);
#3138 = CARTESIAN_POINT('',(0.,0.));
#3139 = VECTOR('',#3140,1.);
#3140 = DIRECTION('',(0.,1.));
#3141 = ( GEOMETRIC_REPRESENTATION_CONTEXT(2) 
PARAMETRIC_REPRESENTATION_CONTEXT() REPRESENTATION_CONTEXT('2D SPACE',''
  ) );
#3142 = ORIENTED_EDGE('',*,*,#1943,.T.);
#3143 = ORIENTED_EDGE('',*,*,#301,.F.);
#3144 = ADVANCED_FACE('',(#3145),#1208,.F.);
#3145 = FACE_BOUND('',#3146,.F.);
#3146 = EDGE_LOOP('',(#3147,#3148,#3171,#3192));
#3147 = ORIENTED_EDGE('',*,*,#2434,.F.);
#3148 = ORIENTED_EDGE('',*,*,#3149,.T.);
#3149 = EDGE_CURVE('',#2435,#3150,#3152,.T.);
#3150 = VERTEX_POINT('',#3151);
#3151 = CARTESIAN_POINT('',(13.5,26.,4.));
#3152 = SURFACE_CURVE('',#3153,(#3157,#3164),.PCURVE_S1.);
#3153 = LINE('',#3154,#3155);
#3154 = CARTESIAN_POINT('',(13.5,15.,4.));
#3155 = VECTOR('',#3156,1.);
#3156 = DIRECTION('',(0.,1.,0.));
#3157 = PCURVE('',#1208,#3158);
#3158 = DEFINITIONAL_REPRESENTATION('',(#3159),#3163);
#3159 = LINE('',#3160,#3161);
#3160 = CARTESIAN_POINT('',(0.,0.));
#3161 = VECTOR('',#3162,1.);
#3162 = DIRECTION('',(0.,-1.));
#3163 = ( GEOMETRIC_REPRESENTATION_CONTEXT(2) 
PARAMETRIC_REPRESENTATION_CONTEXT() REPRESENTATION_CONTEXT('2D SPACE',''
  ) );
#3164 = PCURVE('',#2473,#3165);
#3165 = DEFINITIONAL_REPRESENTATION('',(#3166),#3170);
#3166 = LINE('',#3167,#3168);
#3167 = CARTESIAN_POINT('',(0.,0.));
#3168 = VECTOR('',#3169,1.);
#3169 = DIRECTION('',(0.,1.));
#3170 = ( GEOMETRIC_REPRESENTATION_CONTEXT(2) 
PARAMETRIC_REPRESENTATION_CONTEXT() REPRESENTATION_CONTEXT('2D SPACE',''
  ) );
#3171 = ORIENTED_EDGE('',*,*,#3172,.T.);
#3172 = EDGE_CURVE('',#3150,#1165,#3173,.T.);
#3173 = SURFACE_CURVE('',#3174,(#3178,#3185),.PCURVE_S1.);
#3174 = LINE('',#3175,#3176);
#3175 = CARTESIAN_POINT('',(13.5,26.,4.));
#3176 = VECTOR('',#3177,1.);
#3177 = DIRECTION('',(0.,0.,1.));
#3178 = PCURVE('',#1208,#3179);
#3179 = DEFINITIONAL_REPRESENTATION('',(#3180),#3184);
#3180 = LINE('',#3181,#3182);
#3181 = CARTESIAN_POINT('',(0.,-11.));
#3182 = VECTOR('',#3183,1.);
#3183 = DIRECTION('',(1.,0.));
#3184 = ( GEOMETRIC_REPRESENTATION_CONTEXT(2) 
PARAMETRIC_REPRESENTATION_CONTEXT() REPRESENTATION_CONTEXT('2D SPACE',''
  ) );
#3185 = PCURVE('',#1180,#3186);
#3186 = DEFINITIONAL_REPRESENTATION('',(#3187),#3191);
#3187 = LINE('',#3188,#3189);
#3188 = CARTESIAN_POINT('',(0.,0.));
#3189 = VECTOR('',#3190,1.);
#3190 = DIRECTION('',(1.,0.));
#3191 = ( GEOMETRIC_REPRESENTATION_CONTEXT(2) 
PARAMETRIC_REPRESENTATION_CONTEXT() REPRESENTATION_CONTEXT('2D SPACE',''
  ) );
#3192 = ORIENTED_EDGE('',*,*,#1192,.F.);
#3193 = ADVANCED_FACE('',(#3194),#345,.F.);
#3194 = FACE_BOUND('',#3195,.F.);
#3195 = EDGE_LOOP('',(#3196,#3219,#3220,#3221));
#3196 = ORIENTED_EDGE('',*,*,#3197,.F.);
#3197 = EDGE_CURVE('',#3100,#3198,#3200,.T.);
#3198 = VERTEX_POINT('',#3199);
#3199 = CARTESIAN_POINT('',(22.5,-26.,4.));
#3200 = SURFACE_CURVE('',#3201,(#3205,#3212),.PCURVE_S1.);
#3201 = LINE('',#3202,#3203);
#3202 = CARTESIAN_POINT('',(13.5,-26.,4.));
#3203 = VECTOR('',#3204,1.);
#3204 = DIRECTION('',(1.,0.,0.));
#3205 = PCURVE('',#345,#3206);
#3206 = DEFINITIONAL_REPRESENTATION('',(#3207),#3211);
#3207 = LINE('',#3208,#3209);
#3208 = CARTESIAN_POINT('',(0.,0.));
#3209 = VECTOR('',#3210,1.);
#3210 = DIRECTION('',(0.,1.));
#3211 = ( GEOMETRIC_REPRESENTATION_CONTEXT(2) 
PARAMETRIC_REPRESENTATION_CONTEXT() REPRESENTATION_CONTEXT('2D SPACE',''
  ) );
#3212 = PCURVE('',#1982,#3213);
#3213 = DEFINITIONAL_REPRESENTATION('',(#3214),#3218);
#3214 = LINE('',#3215,#3216);
#3215 = CARTESIAN_POINT('',(0.,0.));
#3216 = VECTOR('',#3217,1.);
#3217 = DIRECTION('',(1.,0.));
#3218 = ( GEOMETRIC_REPRESENTATION_CONTEXT(2) 
PARAMETRIC_REPRESENTATION_CONTEXT() REPRESENTATION_CONTEXT('2D SPACE',''
  ) );
#3219 = ORIENTED_EDGE('',*,*,#3099,.T.);
#3220 = ORIENTED_EDGE('',*,*,#329,.T.);
#3221 = ORIENTED_EDGE('',*,*,#3222,.F.);
#3222 = EDGE_CURVE('',#3198,#330,#3223,.T.);
#3223 = SURFACE_CURVE('',#3224,(#3228,#3235),.PCURVE_S1.);
#3224 = LINE('',#3225,#3226);
#3225 = CARTESIAN_POINT('',(22.5,-26.,4.));
#3226 = VECTOR('',#3227,1.);
#3227 = DIRECTION('',(0.,0.,1.));
#3228 = PCURVE('',#345,#3229);
#3229 = DEFINITIONAL_REPRESENTATION('',(#3230),#3234);
#3230 = LINE('',#3231,#3232);
#3231 = CARTESIAN_POINT('',(0.,9.));
#3232 = VECTOR('',#3233,1.);
#3233 = DIRECTION('',(1.,0.));
#3234 = ( GEOMETRIC_REPRESENTATION_CONTEXT(2) 
PARAMETRIC_REPRESENTATION_CONTEXT() REPRESENTATION_CONTEXT('2D SPACE',''
  ) );
#3235 = PCURVE('',#373,#3236);
#3236 = DEFINITIONAL_REPRESENTATION('',(#3237),#3241);
#3237 = LINE('',#3238,#3239);
#3238 = CARTESIAN_POINT('',(0.,0.));
#3239 = VECTOR('',#3240,1.);
#3240 = DIRECTION('',(1.,0.));
#3241 = ( GEOMETRIC_REPRESENTATION_CONTEXT(2) 
PARAMETRIC_REPRESENTATION_CONTEXT() REPRESENTATION_CONTEXT('2D SPACE',''
  ) );
#3242 = ADVANCED_FACE('',(#3243),#1180,.T.);
#3243 = FACE_BOUND('',#3244,.T.);
#3244 = EDGE_LOOP('',(#3245,#3268,#3269,#3270));
#3245 = ORIENTED_EDGE('',*,*,#3246,.F.);
#3246 = EDGE_CURVE('',#3150,#3247,#3249,.T.);
#3247 = VERTEX_POINT('',#3248);
#3248 = CARTESIAN_POINT('',(22.5,26.,4.));
#3249 = SURFACE_CURVE('',#3250,(#3254,#3261),.PCURVE_S1.);
#3250 = LINE('',#3251,#3252);
#3251 = CARTESIAN_POINT('',(13.5,26.,4.));
#3252 = VECTOR('',#3253,1.);
#3253 = DIRECTION('',(1.,0.,0.));
#3254 = PCURVE('',#1180,#3255);
#3255 = DEFINITIONAL_REPRESENTATION('',(#3256),#3260);
#3256 = LINE('',#3257,#3258);
#3257 = CARTESIAN_POINT('',(0.,0.));
#3258 = VECTOR('',#3259,1.);
#3259 = DIRECTION('',(0.,1.));
#3260 = ( GEOMETRIC_REPRESENTATION_CONTEXT(2) 
PARAMETRIC_REPRESENTATION_CONTEXT() REPRESENTATION_CONTEXT('2D SPACE',''
  ) );
#3261 = PCURVE('',#2473,#3262);
#3262 = DEFINITIONAL_REPRESENTATION('',(#3263),#3267);
#3263 = LINE('',#3264,#3265);
#3264 = CARTESIAN_POINT('',(0.,11.));
#3265 = VECTOR('',#3266,1.);
#3266 = DIRECTION('',(1.,0.));
#3267 = ( GEOMETRIC_REPRESENTATION_CONTEXT(2) 
PARAMETRIC_REPRESENTATION_CONTEXT() REPRESENTATION_CONTEXT('2D SPACE',''
  ) );
#3268 = ORIENTED_EDGE('',*,*,#3172,.T.);
#3269 = ORIENTED_EDGE('',*,*,#1164,.T.);
#3270 = ORIENTED_EDGE('',*,*,#3271,.F.);
#3271 = EDGE_CURVE('',#3247,#1137,#3272,.T.);
#3272 = SURFACE_CURVE('',#3273,(#3277,#3284),.PCURVE_S1.);
#3273 = LINE('',#3274,#3275);
#3274 = CARTESIAN_POINT('',(22.5,26.,4.));
#3275 = VECTOR('',#3276,1.);
#3276 = DIRECTION('',(0.,0.,1.));
#3277 = PCURVE('',#1180,#3278);
#3278 = DEFINITIONAL_REPRESENTATION('',(#3279),#3283);
#3279 = LINE('',#3280,#3281);
#3280 = CARTESIAN_POINT('',(0.,9.));
#3281 = VECTOR('',#3282,1.);
#3282 = DIRECTION('',(1.,0.));
#3283 = ( GEOMETRIC_REPRESENTATION_CONTEXT(2) 
PARAMETRIC_REPRESENTATION_CONTEXT() REPRESENTATION_CONTEXT('2D SPACE',''
  ) );
#3284 = PCURVE('',#1152,#3285);
#3285 = DEFINITIONAL_REPRESENTATION('',(#3286),#3290);
#3286 = LINE('',#3287,#3288);
#3287 = CARTESIAN_POINT('',(0.,-11.));
#3288 = VECTOR('',#3289,1.);
#3289 = DIRECTION('',(1.,0.));
#3290 = ( GEOMETRIC_REPRESENTATION_CONTEXT(2) 
PARAMETRIC_REPRESENTATION_CONTEXT() REPRESENTATION_CONTEXT('2D SPACE',''
  ) );
#3291 = ADVANCED_FACE('',(#3292),#373,.T.);
#3292 = FACE_BOUND('',#3293,.T.);
#3293 = EDGE_LOOP('',(#3294,#3295,#3316,#3317));
#3294 = ORIENTED_EDGE('',*,*,#3222,.F.);
#3295 = ORIENTED_EDGE('',*,*,#3296,.T.);
#3296 = EDGE_CURVE('',#3198,#1967,#3297,.T.);
#3297 = SURFACE_CURVE('',#3298,(#3302,#3309),.PCURVE_S1.);
#3298 = LINE('',#3299,#3300);
#3299 = CARTESIAN_POINT('',(22.5,-26.,4.));
#3300 = VECTOR('',#3301,1.);
#3301 = DIRECTION('',(0.,1.,0.));
#3302 = PCURVE('',#373,#3303);
#3303 = DEFINITIONAL_REPRESENTATION('',(#3304),#3308);
#3304 = LINE('',#3305,#3306);
#3305 = CARTESIAN_POINT('',(0.,0.));
#3306 = VECTOR('',#3307,1.);
#3307 = DIRECTION('',(0.,-1.));
#3308 = ( GEOMETRIC_REPRESENTATION_CONTEXT(2) 
PARAMETRIC_REPRESENTATION_CONTEXT() REPRESENTATION_CONTEXT('2D SPACE',''
  ) );
#3309 = PCURVE('',#1982,#3310);
#3310 = DEFINITIONAL_REPRESENTATION('',(#3311),#3315);
#3311 = LINE('',#3312,#3313);
#3312 = CARTESIAN_POINT('',(9.,0.));
#3313 = VECTOR('',#3314,1.);
#3314 = DIRECTION('',(0.,1.));
#3315 = ( GEOMETRIC_REPRESENTATION_CONTEXT(2) 
PARAMETRIC_REPRESENTATION_CONTEXT() REPRESENTATION_CONTEXT('2D SPACE',''
  ) );
#3316 = ORIENTED_EDGE('',*,*,#1994,.T.);
#3317 = ORIENTED_EDGE('',*,*,#357,.F.);
#3318 = ADVANCED_FACE('',(#3319),#1152,.T.);
#3319 = FACE_BOUND('',#3320,.T.);
#3320 = EDGE_LOOP('',(#3321,#3322,#3343,#3344));
#3321 = ORIENTED_EDGE('',*,*,#2485,.F.);
#3322 = ORIENTED_EDGE('',*,*,#3323,.T.);
#3323 = EDGE_CURVE('',#2458,#3247,#3324,.T.);
#3324 = SURFACE_CURVE('',#3325,(#3329,#3336),.PCURVE_S1.);
#3325 = LINE('',#3326,#3327);
#3326 = CARTESIAN_POINT('',(22.5,15.,4.));
#3327 = VECTOR('',#3328,1.);
#3328 = DIRECTION('',(0.,1.,0.));
#3329 = PCURVE('',#1152,#3330);
#3330 = DEFINITIONAL_REPRESENTATION('',(#3331),#3335);
#3331 = LINE('',#3332,#3333);
#3332 = CARTESIAN_POINT('',(0.,0.));
#3333 = VECTOR('',#3334,1.);
#3334 = DIRECTION('',(0.,-1.));
#3335 = ( GEOMETRIC_REPRESENTATION_CONTEXT(2) 
PARAMETRIC_REPRESENTATION_CONTEXT() REPRESENTATION_CONTEXT('2D SPACE',''
  ) );
#3336 = PCURVE('',#2473,#3337);
#3337 = DEFINITIONAL_REPRESENTATION('',(#3338),#3342);
#3338 = LINE('',#3339,#3340);
#3339 = CARTESIAN_POINT('',(9.,0.));
#3340 = VECTOR('',#3341,1.);
#3341 = DIRECTION('',(0.,1.));
#3342 = ( GEOMETRIC_REPRESENTATION_CONTEXT(2) 
PARAMETRIC_REPRESENTATION_CONTEXT() REPRESENTATION_CONTEXT('2D SPACE',''
  ) );
#3343 = ORIENTED_EDGE('',*,*,#3271,.T.);
#3344 = ORIENTED_EDGE('',*,*,#1136,.F.);
#3345 = ADVANCED_FACE('',(#3346),#429,.T.);
#3346 = FACE_BOUND('',#3347,.F.);
#3347 = EDGE_LOOP('',(#3348,#3349,#3350,#3351));
#3348 = ORIENTED_EDGE('',*,*,#1632,.T.);
#3349 = ORIENTED_EDGE('',*,*,#2016,.T.);
#3350 = ORIENTED_EDGE('',*,*,#408,.F.);
#3351 = ORIENTED_EDGE('',*,*,#3352,.F.);
#3352 = EDGE_CURVE('',#1633,#409,#3353,.T.);
#3353 = SURFACE_CURVE('',#3354,(#3358,#3365),.PCURVE_S1.);
#3354 = LINE('',#3355,#3356);
#3355 = CARTESIAN_POINT('',(38.,-11.,-3.));
#3356 = VECTOR('',#3357,1.);
#3357 = DIRECTION('',(0.,0.,1.));
#3358 = PCURVE('',#429,#3359);
#3359 = DEFINITIONAL_REPRESENTATION('',(#3360),#3364);
#3360 = LINE('',#3361,#3362);
#3361 = CARTESIAN_POINT('',(-0.,0.));
#3362 = VECTOR('',#3363,1.);
#3363 = DIRECTION('',(-0.,1.));
#3364 = ( GEOMETRIC_REPRESENTATION_CONTEXT(2) 
PARAMETRIC_REPRESENTATION_CONTEXT() REPRESENTATION_CONTEXT('2D SPACE',''
  ) );
#3365 = PCURVE('',#457,#3366);
#3366 = DEFINITIONAL_REPRESENTATION('',(#3367),#3371);
#3367 = LINE('',#3368,#3369);
#3368 = CARTESIAN_POINT('',(0.,-4.));
#3369 = VECTOR('',#3370,1.);
#3370 = DIRECTION('',(1.,0.));
#3371 = ( GEOMETRIC_REPRESENTATION_CONTEXT(2) 
PARAMETRIC_REPRESENTATION_CONTEXT() REPRESENTATION_CONTEXT('2D SPACE',''
  ) );
#3372 = ADVANCED_FACE('',(#3373),#1096,.T.);
#3373 = FACE_BOUND('',#3374,.T.);
#3374 = EDGE_LOOP('',(#3375,#3376,#3377,#3378));
#3375 = ORIENTED_EDGE('',*,*,#1730,.T.);
#3376 = ORIENTED_EDGE('',*,*,#2507,.T.);
#3377 = ORIENTED_EDGE('',*,*,#1079,.F.);
#3378 = ORIENTED_EDGE('',*,*,#3379,.F.);
#3379 = EDGE_CURVE('',#1708,#1052,#3380,.T.);
#3380 = SURFACE_CURVE('',#3381,(#3385,#3392),.PCURVE_S1.);
#3381 = LINE('',#3382,#3383);
#3382 = CARTESIAN_POINT('',(38.,11.,-3.));
#3383 = VECTOR('',#3384,1.);
#3384 = DIRECTION('',(0.,0.,1.));
#3385 = PCURVE('',#1096,#3386);
#3386 = DEFINITIONAL_REPRESENTATION('',(#3387),#3391);
#3387 = LINE('',#3388,#3389);
#3388 = CARTESIAN_POINT('',(0.,0.));
#3389 = VECTOR('',#3390,1.);
#3390 = DIRECTION('',(0.,1.));
#3391 = ( GEOMETRIC_REPRESENTATION_CONTEXT(2) 
PARAMETRIC_REPRESENTATION_CONTEXT() REPRESENTATION_CONTEXT('2D SPACE',''
  ) );
#3392 = PCURVE('',#1067,#3393);
#3393 = DEFINITIONAL_REPRESENTATION('',(#3394),#3398);
#3394 = LINE('',#3395,#3396);
#3395 = CARTESIAN_POINT('',(0.,-26.));
#3396 = VECTOR('',#3397,1.);
#3397 = DIRECTION('',(1.,0.));
#3398 = ( GEOMETRIC_REPRESENTATION_CONTEXT(2) 
PARAMETRIC_REPRESENTATION_CONTEXT() REPRESENTATION_CONTEXT('2D SPACE',''
  ) );
#3399 = ADVANCED_FACE('',(#3400),#457,.T.);
#3400 = FACE_BOUND('',#3401,.T.);
#3401 = EDGE_LOOP('',(#3402,#3403,#3404,#3405));
#3402 = ORIENTED_EDGE('',*,*,#441,.F.);
#3403 = ORIENTED_EDGE('',*,*,#3352,.F.);
#3404 = ORIENTED_EDGE('',*,*,#1660,.T.);
#3405 = ORIENTED_EDGE('',*,*,#3406,.T.);
#3406 = EDGE_CURVE('',#1661,#442,#3407,.T.);
#3407 = SURFACE_CURVE('',#3408,(#3412,#3418),.PCURVE_S1.);
#3408 = LINE('',#3409,#3410);
#3409 = CARTESIAN_POINT('',(38.,-3.35410196625,-6.));
#3410 = VECTOR('',#3411,1.);
#3411 = DIRECTION('',(0.,0.,1.));
#3412 = PCURVE('',#457,#3413);
#3413 = DEFINITIONAL_REPRESENTATION('',(#3414),#3417);
#3414 = B_SPLINE_CURVE_WITH_KNOTS('',1,(#3415,#3416),.UNSPECIFIED.,.F.,
  .F.,(2,2),(1.9,15.1),.PIECEWISE_BEZIER_KNOTS.);
#3415 = CARTESIAN_POINT('',(-1.1,-11.64589803375));
#3416 = CARTESIAN_POINT('',(12.1,-11.64589803375));
#3417 = ( GEOMETRIC_REPRESENTATION_CONTEXT(2) 
PARAMETRIC_REPRESENTATION_CONTEXT() REPRESENTATION_CONTEXT('2D SPACE',''
  ) );
#3418 = PCURVE('',#486,#3419);
#3419 = DEFINITIONAL_REPRESENTATION('',(#3420),#3423);
#3420 = B_SPLINE_CURVE_WITH_KNOTS('',1,(#3421,#3422),.UNSPECIFIED.,.F.,
  .F.,(2,2),(1.9,15.1),.PIECEWISE_BEZIER_KNOTS.);
#3421 = CARTESIAN_POINT('',(5.442116636612,1.9));
#3422 = CARTESIAN_POINT('',(5.442116636612,15.1));
#3423 = ( GEOMETRIC_REPRESENTATION_CONTEXT(2) 
PARAMETRIC_REPRESENTATION_CONTEXT() REPRESENTATION_CONTEXT('2D SPACE',''
  ) );
#3424 = ADVANCED_FACE('',(#3425),#1067,.T.);
#3425 = FACE_BOUND('',#3426,.T.);
#3426 = EDGE_LOOP('',(#3427,#3428,#3447,#3448));
#3427 = ORIENTED_EDGE('',*,*,#1051,.F.);
#3428 = ORIENTED_EDGE('',*,*,#3429,.F.);
#3429 = EDGE_CURVE('',#1684,#1028,#3430,.T.);
#3430 = SURFACE_CURVE('',#3431,(#3435,#3441),.PCURVE_S1.);
#3431 = LINE('',#3432,#3433);
#3432 = CARTESIAN_POINT('',(38.,3.35410196625,-6.));
#3433 = VECTOR('',#3434,1.);
#3434 = DIRECTION('',(0.,0.,1.));
#3435 = PCURVE('',#1067,#3436);
#3436 = DEFINITIONAL_REPRESENTATION('',(#3437),#3440);
#3437 = B_SPLINE_CURVE_WITH_KNOTS('',1,(#3438,#3439),.UNSPECIFIED.,.F.,
  .F.,(2,2),(1.9,15.1),.PIECEWISE_BEZIER_KNOTS.);
#3438 = CARTESIAN_POINT('',(-1.1,-18.35410196625));
#3439 = CARTESIAN_POINT('',(12.1,-18.35410196625));
#3440 = ( GEOMETRIC_REPRESENTATION_CONTEXT(2) 
PARAMETRIC_REPRESENTATION_CONTEXT() REPRESENTATION_CONTEXT('2D SPACE',''
  ) );
#3441 = PCURVE('',#486,#3442);
#3442 = DEFINITIONAL_REPRESENTATION('',(#3443),#3446);
#3443 = B_SPLINE_CURVE_WITH_KNOTS('',1,(#3444,#3445),.UNSPECIFIED.,.F.,
  .F.,(2,2),(1.9,15.1),.PIECEWISE_BEZIER_KNOTS.);
#3444 = CARTESIAN_POINT('',(0.841068670568,1.9));
#3445 = CARTESIAN_POINT('',(0.841068670568,15.1));
#3446 = ( GEOMETRIC_REPRESENTATION_CONTEXT(2) 
PARAMETRIC_REPRESENTATION_CONTEXT() REPRESENTATION_CONTEXT('2D SPACE',''
  ) );
#3447 = ORIENTED_EDGE('',*,*,#1707,.T.);
#3448 = ORIENTED_EDGE('',*,*,#3379,.T.);
#3449 = ADVANCED_FACE('',(#3450),#486,.F.);
#3450 = FACE_BOUND('',#3451,.F.);
#3451 = EDGE_LOOP('',(#3452,#3453,#3454,#3455,#3456,#3457,#3478,#3507));
#3452 = ORIENTED_EDGE('',*,*,#1027,.F.);
#3453 = ORIENTED_EDGE('',*,*,#3429,.F.);
#3454 = ORIENTED_EDGE('',*,*,#1683,.T.);
#3455 = ORIENTED_EDGE('',*,*,#3406,.T.);
#3456 = ORIENTED_EDGE('',*,*,#469,.F.);
#3457 = ORIENTED_EDGE('',*,*,#3458,.F.);
#3458 = EDGE_CURVE('',#3459,#470,#3461,.T.);
#3459 = VERTEX_POINT('',#3460);
#3460 = CARTESIAN_POINT('',(37.,-4.031128874149,-0.75));
#3461 = SURFACE_CURVE('',#3462,(#3466,#3472),.PCURVE_S1.);
#3462 = LINE('',#3463,#3464);
#3463 = CARTESIAN_POINT('',(37.,-4.031128874149,-6.));
#3464 = VECTOR('',#3465,1.);
#3465 = DIRECTION('',(0.,0.,1.));
#3466 = PCURVE('',#486,#3467);
#3467 = DEFINITIONAL_REPRESENTATION('',(#3468),#3471);
#3468 = B_SPLINE_CURVE_WITH_KNOTS('',1,(#3469,#3470),.UNSPECIFIED.,.F.,
  .F.,(2,2),(4.375,14.875),.PIECEWISE_BEZIER_KNOTS.);
#3469 = CARTESIAN_POINT('',(5.172942972066,4.375));
#3470 = CARTESIAN_POINT('',(5.172942972066,14.875));
#3471 = ( GEOMETRIC_REPRESENTATION_CONTEXT(2) 
PARAMETRIC_REPRESENTATION_CONTEXT() REPRESENTATION_CONTEXT('2D SPACE',''
  ) );
#3472 = PCURVE('',#513,#3473);
#3473 = DEFINITIONAL_REPRESENTATION('',(#3474),#3477);
#3474 = B_SPLINE_CURVE_WITH_KNOTS('',1,(#3475,#3476),.UNSPECIFIED.,.F.,
  .F.,(2,2),(4.375,14.875),.PIECEWISE_BEZIER_KNOTS.);
#3475 = CARTESIAN_POINT('',(-0.875,-3.468871125851));
#3476 = CARTESIAN_POINT('',(9.625,-3.468871125851));
#3477 = ( GEOMETRIC_REPRESENTATION_CONTEXT(2) 
PARAMETRIC_REPRESENTATION_CONTEXT() REPRESENTATION_CONTEXT('2D SPACE',''
  ) );
#3478 = ORIENTED_EDGE('',*,*,#3479,.F.);
#3479 = EDGE_CURVE('',#3480,#3459,#3482,.T.);
#3480 = VERTEX_POINT('',#3481);
#3481 = CARTESIAN_POINT('',(37.,4.031128874149,-0.75));
#3482 = SURFACE_CURVE('',#3483,(#3488,#3495),.PCURVE_S1.);
#3483 = CIRCLE('',#3484,4.5);
#3484 = AXIS2_PLACEMENT_3D('',#3485,#3486,#3487);
#3485 = CARTESIAN_POINT('',(35.,0.,-0.75));
#3486 = DIRECTION('',(0.,0.,1.));
#3487 = DIRECTION('',(1.,0.,-0.));
#3488 = PCURVE('',#486,#3489);
#3489 = DEFINITIONAL_REPRESENTATION('',(#3490),#3494);
#3490 = LINE('',#3491,#3492);
#3491 = CARTESIAN_POINT('',(0.,5.25));
#3492 = VECTOR('',#3493,1.);
#3493 = DIRECTION('',(1.,0.));
#3494 = ( GEOMETRIC_REPRESENTATION_CONTEXT(2) 
PARAMETRIC_REPRESENTATION_CONTEXT() REPRESENTATION_CONTEXT('2D SPACE',''
  ) );
#3495 = PCURVE('',#3496,#3501);
#3496 = PLANE('',#3497);
#3497 = AXIS2_PLACEMENT_3D('',#3498,#3499,#3500);
#3498 = CARTESIAN_POINT('',(27.,-7.5,-0.75));
#3499 = DIRECTION('',(0.,0.,1.));
#3500 = DIRECTION('',(1.,0.,0.));
#3501 = DEFINITIONAL_REPRESENTATION('',(#3502),#3506);
#3502 = CIRCLE('',#3503,4.5);
#3503 = AXIS2_PLACEMENT_2D('',#3504,#3505);
#3504 = CARTESIAN_POINT('',(8.,7.5));
#3505 = DIRECTION('',(1.,0.));
#3506 = ( GEOMETRIC_REPRESENTATION_CONTEXT(2) 
PARAMETRIC_REPRESENTATION_CONTEXT() REPRESENTATION_CONTEXT('2D SPACE',''
  ) );
#3507 = ORIENTED_EDGE('',*,*,#3508,.T.);
#3508 = EDGE_CURVE('',#3480,#1002,#3509,.T.);
#3509 = SURFACE_CURVE('',#3510,(#3514,#3520),.PCURVE_S1.);
#3510 = LINE('',#3511,#3512);
#3511 = CARTESIAN_POINT('',(37.,4.031128874149,-6.));
#3512 = VECTOR('',#3513,1.);
#3513 = DIRECTION('',(0.,0.,1.));
#3514 = PCURVE('',#486,#3515);
#3515 = DEFINITIONAL_REPRESENTATION('',(#3516),#3519);
#3516 = B_SPLINE_CURVE_WITH_KNOTS('',1,(#3517,#3518),.UNSPECIFIED.,.F.,
  .F.,(2,2),(4.375,14.875),.PIECEWISE_BEZIER_KNOTS.);
#3517 = CARTESIAN_POINT('',(1.110242335114,4.375));
#3518 = CARTESIAN_POINT('',(1.110242335114,14.875));
#3519 = ( GEOMETRIC_REPRESENTATION_CONTEXT(2) 
PARAMETRIC_REPRESENTATION_CONTEXT() REPRESENTATION_CONTEXT('2D SPACE',''
  ) );
#3520 = PCURVE('',#1016,#3521);
#3521 = DEFINITIONAL_REPRESENTATION('',(#3522),#3525);
#3522 = B_SPLINE_CURVE_WITH_KNOTS('',1,(#3523,#3524),.UNSPECIFIED.,.F.,
  .F.,(2,2),(4.375,14.875),.PIECEWISE_BEZIER_KNOTS.);
#3523 = CARTESIAN_POINT('',(-0.875,-11.53112887414));
#3524 = CARTESIAN_POINT('',(9.625,-11.53112887414));
#3525 = ( GEOMETRIC_REPRESENTATION_CONTEXT(2) 
PARAMETRIC_REPRESENTATION_CONTEXT() REPRESENTATION_CONTEXT('2D SPACE',''
  ) );
#3526 = ADVANCED_FACE('',(#3527),#513,.F.);
#3527 = FACE_BOUND('',#3528,.F.);
#3528 = EDGE_LOOP('',(#3529,#3552,#3573,#3574));
#3529 = ORIENTED_EDGE('',*,*,#3530,.F.);
#3530 = EDGE_CURVE('',#3531,#499,#3533,.T.);
#3531 = VERTEX_POINT('',#3532);
#3532 = CARTESIAN_POINT('',(37.,-7.5,-0.75));
#3533 = SURFACE_CURVE('',#3534,(#3538,#3545),.PCURVE_S1.);
#3534 = LINE('',#3535,#3536);
#3535 = CARTESIAN_POINT('',(37.,-7.5,-0.75));
#3536 = VECTOR('',#3537,1.);
#3537 = DIRECTION('',(0.,0.,1.));
#3538 = PCURVE('',#513,#3539);
#3539 = DEFINITIONAL_REPRESENTATION('',(#3540),#3544);
#3540 = LINE('',#3541,#3542);
#3541 = CARTESIAN_POINT('',(0.,0.));
#3542 = VECTOR('',#3543,1.);
#3543 = DIRECTION('',(1.,0.));
#3544 = ( GEOMETRIC_REPRESENTATION_CONTEXT(2) 
PARAMETRIC_REPRESENTATION_CONTEXT() REPRESENTATION_CONTEXT('2D SPACE',''
  ) );
#3545 = PCURVE('',#539,#3546);
#3546 = DEFINITIONAL_REPRESENTATION('',(#3547),#3551);
#3547 = LINE('',#3548,#3549);
#3548 = CARTESIAN_POINT('',(0.,10.));
#3549 = VECTOR('',#3550,1.);
#3550 = DIRECTION('',(1.,0.));
#3551 = ( GEOMETRIC_REPRESENTATION_CONTEXT(2) 
PARAMETRIC_REPRESENTATION_CONTEXT() REPRESENTATION_CONTEXT('2D SPACE',''
  ) );
#3552 = ORIENTED_EDGE('',*,*,#3553,.T.);
#3553 = EDGE_CURVE('',#3531,#3459,#3554,.T.);
#3554 = SURFACE_CURVE('',#3555,(#3559,#3566),.PCURVE_S1.);
#3555 = LINE('',#3556,#3557);
#3556 = CARTESIAN_POINT('',(37.,-7.5,-0.75));
#3557 = VECTOR('',#3558,1.);
#3558 = DIRECTION('',(0.,1.,0.));
#3559 = PCURVE('',#513,#3560);
#3560 = DEFINITIONAL_REPRESENTATION('',(#3561),#3565);
#3561 = LINE('',#3562,#3563);
#3562 = CARTESIAN_POINT('',(0.,0.));
#3563 = VECTOR('',#3564,1.);
#3564 = DIRECTION('',(0.,-1.));
#3565 = ( GEOMETRIC_REPRESENTATION_CONTEXT(2) 
PARAMETRIC_REPRESENTATION_CONTEXT() REPRESENTATION_CONTEXT('2D SPACE',''
  ) );
#3566 = PCURVE('',#3496,#3567);
#3567 = DEFINITIONAL_REPRESENTATION('',(#3568),#3572);
#3568 = LINE('',#3569,#3570);
#3569 = CARTESIAN_POINT('',(10.,0.));
#3570 = VECTOR('',#3571,1.);
#3571 = DIRECTION('',(0.,1.));
#3572 = ( GEOMETRIC_REPRESENTATION_CONTEXT(2) 
PARAMETRIC_REPRESENTATION_CONTEXT() REPRESENTATION_CONTEXT('2D SPACE',''
  ) );
#3573 = ORIENTED_EDGE('',*,*,#3458,.T.);
#3574 = ORIENTED_EDGE('',*,*,#498,.F.);
#3575 = ADVANCED_FACE('',(#3576),#1016,.F.);
#3576 = FACE_BOUND('',#3577,.F.);
#3577 = EDGE_LOOP('',(#3578,#3579,#3602,#3623));
#3578 = ORIENTED_EDGE('',*,*,#3508,.F.);
#3579 = ORIENTED_EDGE('',*,*,#3580,.T.);
#3580 = EDGE_CURVE('',#3480,#3581,#3583,.T.);
#3581 = VERTEX_POINT('',#3582);
#3582 = CARTESIAN_POINT('',(37.,7.5,-0.75));
#3583 = SURFACE_CURVE('',#3584,(#3588,#3595),.PCURVE_S1.);
#3584 = LINE('',#3585,#3586);
#3585 = CARTESIAN_POINT('',(37.,-7.5,-0.75));
#3586 = VECTOR('',#3587,1.);
#3587 = DIRECTION('',(0.,1.,0.));
#3588 = PCURVE('',#1016,#3589);
#3589 = DEFINITIONAL_REPRESENTATION('',(#3590),#3594);
#3590 = LINE('',#3591,#3592);
#3591 = CARTESIAN_POINT('',(0.,0.));
#3592 = VECTOR('',#3593,1.);
#3593 = DIRECTION('',(0.,-1.));
#3594 = ( GEOMETRIC_REPRESENTATION_CONTEXT(2) 
PARAMETRIC_REPRESENTATION_CONTEXT() REPRESENTATION_CONTEXT('2D SPACE',''
  ) );
#3595 = PCURVE('',#3496,#3596);
#3596 = DEFINITIONAL_REPRESENTATION('',(#3597),#3601);
#3597 = LINE('',#3598,#3599);
#3598 = CARTESIAN_POINT('',(10.,0.));
#3599 = VECTOR('',#3600,1.);
#3600 = DIRECTION('',(0.,1.));
#3601 = ( GEOMETRIC_REPRESENTATION_CONTEXT(2) 
PARAMETRIC_REPRESENTATION_CONTEXT() REPRESENTATION_CONTEXT('2D SPACE',''
  ) );
#3602 = ORIENTED_EDGE('',*,*,#3603,.T.);
#3603 = EDGE_CURVE('',#3581,#976,#3604,.T.);
#3604 = SURFACE_CURVE('',#3605,(#3609,#3616),.PCURVE_S1.);
#3605 = LINE('',#3606,#3607);
#3606 = CARTESIAN_POINT('',(37.,7.5,-0.75));
#3607 = VECTOR('',#3608,1.);
#3608 = DIRECTION('',(0.,0.,1.));
#3609 = PCURVE('',#1016,#3610);
#3610 = DEFINITIONAL_REPRESENTATION('',(#3611),#3615);
#3611 = LINE('',#3612,#3613);
#3612 = CARTESIAN_POINT('',(0.,-15.));
#3613 = VECTOR('',#3614,1.);
#3614 = DIRECTION('',(1.,0.));
#3615 = ( GEOMETRIC_REPRESENTATION_CONTEXT(2) 
PARAMETRIC_REPRESENTATION_CONTEXT() REPRESENTATION_CONTEXT('2D SPACE',''
  ) );
#3616 = PCURVE('',#990,#3617);
#3617 = DEFINITIONAL_REPRESENTATION('',(#3618),#3622);
#3618 = LINE('',#3619,#3620);
#3619 = CARTESIAN_POINT('',(0.,10.));
#3620 = VECTOR('',#3621,1.);
#3621 = DIRECTION('',(1.,0.));
#3622 = ( GEOMETRIC_REPRESENTATION_CONTEXT(2) 
PARAMETRIC_REPRESENTATION_CONTEXT() REPRESENTATION_CONTEXT('2D SPACE',''
  ) );
#3623 = ORIENTED_EDGE('',*,*,#1001,.F.);
#3624 = ADVANCED_FACE('',(#3625),#539,.T.);
#3625 = FACE_BOUND('',#3626,.T.);
#3626 = EDGE_LOOP('',(#3627,#3628,#3651,#3679,#3705,#3731,#3757,#3776));
#3627 = ORIENTED_EDGE('',*,*,#3530,.F.);
#3628 = ORIENTED_EDGE('',*,*,#3629,.F.);
#3629 = EDGE_CURVE('',#3630,#3531,#3632,.T.);
#3630 = VERTEX_POINT('',#3631);
#3631 = CARTESIAN_POINT('',(27.,-7.5,-0.75));
#3632 = SURFACE_CURVE('',#3633,(#3637,#3644),.PCURVE_S1.);
#3633 = LINE('',#3634,#3635);
#3634 = CARTESIAN_POINT('',(27.,-7.5,-0.75));
#3635 = VECTOR('',#3636,1.);
#3636 = DIRECTION('',(1.,0.,0.));
#3637 = PCURVE('',#539,#3638);
#3638 = DEFINITIONAL_REPRESENTATION('',(#3639),#3643);
#3639 = LINE('',#3640,#3641);
#3640 = CARTESIAN_POINT('',(0.,0.));
#3641 = VECTOR('',#3642,1.);
#3642 = DIRECTION('',(0.,1.));
#3643 = ( GEOMETRIC_REPRESENTATION_CONTEXT(2) 
PARAMETRIC_REPRESENTATION_CONTEXT() REPRESENTATION_CONTEXT('2D SPACE',''
  ) );
#3644 = PCURVE('',#3496,#3645);
#3645 = DEFINITIONAL_REPRESENTATION('',(#3646),#3650);
#3646 = LINE('',#3647,#3648);
#3647 = CARTESIAN_POINT('',(0.,0.));
#3648 = VECTOR('',#3649,1.);
#3649 = DIRECTION('',(1.,0.));
#3650 = ( GEOMETRIC_REPRESENTATION_CONTEXT(2) 
PARAMETRIC_REPRESENTATION_CONTEXT() REPRESENTATION_CONTEXT('2D SPACE',''
  ) );
#3651 = ORIENTED_EDGE('',*,*,#3652,.T.);
#3652 = EDGE_CURVE('',#3630,#3653,#3655,.T.);
#3653 = VERTEX_POINT('',#3654);
#3654 = CARTESIAN_POINT('',(27.,-7.5,8.));
#3655 = SURFACE_CURVE('',#3656,(#3660,#3667),.PCURVE_S1.);
#3656 = LINE('',#3657,#3658);
#3657 = CARTESIAN_POINT('',(27.,-7.5,-0.75));
#3658 = VECTOR('',#3659,1.);
#3659 = DIRECTION('',(0.,0.,1.));
#3660 = PCURVE('',#539,#3661);
#3661 = DEFINITIONAL_REPRESENTATION('',(#3662),#3666);
#3662 = LINE('',#3663,#3664);
#3663 = CARTESIAN_POINT('',(0.,0.));
#3664 = VECTOR('',#3665,1.);
#3665 = DIRECTION('',(1.,0.));
#3666 = ( GEOMETRIC_REPRESENTATION_CONTEXT(2) 
PARAMETRIC_REPRESENTATION_CONTEXT() REPRESENTATION_CONTEXT('2D SPACE',''
  ) );
#3667 = PCURVE('',#3668,#3673);
#3668 = PLANE('',#3669);
#3669 = AXIS2_PLACEMENT_3D('',#3670,#3671,#3672);
#3670 = CARTESIAN_POINT('',(27.,-7.5,-0.75));
#3671 = DIRECTION('',(1.,0.,0.));
#3672 = DIRECTION('',(0.,0.,1.));
#3673 = DEFINITIONAL_REPRESENTATION('',(#3674),#3678);
#3674 = LINE('',#3675,#3676);
#3675 = CARTESIAN_POINT('',(0.,0.));
#3676 = VECTOR('',#3677,1.);
#3677 = DIRECTION('',(1.,0.));
#3678 = ( GEOMETRIC_REPRESENTATION_CONTEXT(2) 
PARAMETRIC_REPRESENTATION_CONTEXT() REPRESENTATION_CONTEXT('2D SPACE',''
  ) );
#3679 = ORIENTED_EDGE('',*,*,#3680,.F.);
#3680 = EDGE_CURVE('',#3681,#3653,#3683,.T.);
#3681 = VERTEX_POINT('',#3682);
#3682 = CARTESIAN_POINT('',(34.,-7.5,8.));
#3683 = SURFACE_CURVE('',#3684,(#3688,#3694),.PCURVE_S1.);
#3684 = LINE('',#3685,#3686);
#3685 = CARTESIAN_POINT('',(-5.5,-7.5,8.));
#3686 = VECTOR('',#3687,1.);
#3687 = DIRECTION('',(-1.,0.,0.));
#3688 = PCURVE('',#539,#3689);
#3689 = DEFINITIONAL_REPRESENTATION('',(#3690),#3693);
#3690 = B_SPLINE_CURVE_WITH_KNOTS('',1,(#3691,#3692),.UNSPECIFIED.,.F.,
  .F.,(2,2),(-39.5,-32.5),.PIECEWISE_BEZIER_KNOTS.);
#3691 = CARTESIAN_POINT('',(8.75,7.));
#3692 = CARTESIAN_POINT('',(8.75,0.));
#3693 = ( GEOMETRIC_REPRESENTATION_CONTEXT(2) 
PARAMETRIC_REPRESENTATION_CONTEXT() REPRESENTATION_CONTEXT('2D SPACE',''
  ) );
#3694 = PCURVE('',#3695,#3700);
#3695 = PLANE('',#3696);
#3696 = AXIS2_PLACEMENT_3D('',#3697,#3698,#3699);
#3697 = CARTESIAN_POINT('',(-38.,-15.,8.));
#3698 = DIRECTION('',(0.,0.,1.));
#3699 = DIRECTION('',(1.,0.,0.));
#3700 = DEFINITIONAL_REPRESENTATION('',(#3701),#3704);
#3701 = B_SPLINE_CURVE_WITH_KNOTS('',1,(#3702,#3703),.UNSPECIFIED.,.F.,
  .F.,(2,2),(-39.5,-32.5),.PIECEWISE_BEZIER_KNOTS.);
#3702 = CARTESIAN_POINT('',(72.,7.5));
#3703 = CARTESIAN_POINT('',(65.,7.5));
#3704 = ( GEOMETRIC_REPRESENTATION_CONTEXT(2) 
PARAMETRIC_REPRESENTATION_CONTEXT() REPRESENTATION_CONTEXT('2D SPACE',''
  ) );
#3705 = ORIENTED_EDGE('',*,*,#3706,.T.);
#3706 = EDGE_CURVE('',#3681,#3707,#3709,.T.);
#3707 = VERTEX_POINT('',#3708);
#3708 = CARTESIAN_POINT('',(34.,-7.5,10.));
#3709 = SURFACE_CURVE('',#3710,(#3714,#3720),.PCURVE_S1.);
#3710 = LINE('',#3711,#3712);
#3711 = CARTESIAN_POINT('',(34.,-7.5,3.125));
#3712 = VECTOR('',#3713,1.);
#3713 = DIRECTION('',(0.,0.,1.));
#3714 = PCURVE('',#539,#3715);
#3715 = DEFINITIONAL_REPRESENTATION('',(#3716),#3719);
#3716 = B_SPLINE_CURVE_WITH_KNOTS('',1,(#3717,#3718),.UNSPECIFIED.,.F.,
  .F.,(2,2),(4.875,6.875),.PIECEWISE_BEZIER_KNOTS.);
#3717 = CARTESIAN_POINT('',(8.75,7.));
#3718 = CARTESIAN_POINT('',(10.75,7.));
#3719 = ( GEOMETRIC_REPRESENTATION_CONTEXT(2) 
PARAMETRIC_REPRESENTATION_CONTEXT() REPRESENTATION_CONTEXT('2D SPACE',''
  ) );
#3720 = PCURVE('',#3721,#3726);
#3721 = PLANE('',#3722);
#3722 = AXIS2_PLACEMENT_3D('',#3723,#3724,#3725);
#3723 = CARTESIAN_POINT('',(34.,-12.,7.));
#3724 = DIRECTION('',(1.,0.,0.));
#3725 = DIRECTION('',(0.,0.,1.));
#3726 = DEFINITIONAL_REPRESENTATION('',(#3727),#3730);
#3727 = B_SPLINE_CURVE_WITH_KNOTS('',1,(#3728,#3729),.UNSPECIFIED.,.F.,
  .F.,(2,2),(4.875,6.875),.PIECEWISE_BEZIER_KNOTS.);
#3728 = CARTESIAN_POINT('',(1.,-4.5));
#3729 = CARTESIAN_POINT('',(3.,-4.5));
#3730 = ( GEOMETRIC_REPRESENTATION_CONTEXT(2) 
PARAMETRIC_REPRESENTATION_CONTEXT() REPRESENTATION_CONTEXT('2D SPACE',''
  ) );
#3731 = ORIENTED_EDGE('',*,*,#3732,.F.);
#3732 = EDGE_CURVE('',#3733,#3707,#3735,.T.);
#3733 = VERTEX_POINT('',#3734);
#3734 = CARTESIAN_POINT('',(36.,-7.5,10.));
#3735 = SURFACE_CURVE('',#3736,(#3740,#3746),.PCURVE_S1.);
#3736 = LINE('',#3737,#3738);
#3737 = CARTESIAN_POINT('',(-4.5,-7.5,10.));
#3738 = VECTOR('',#3739,1.);
#3739 = DIRECTION('',(-1.,0.,0.));
#3740 = PCURVE('',#539,#3741);
#3741 = DEFINITIONAL_REPRESENTATION('',(#3742),#3745);
#3742 = B_SPLINE_CURVE_WITH_KNOTS('',1,(#3743,#3744),.UNSPECIFIED.,.F.,
  .F.,(2,2),(-40.5,-31.5),.PIECEWISE_BEZIER_KNOTS.);
#3743 = CARTESIAN_POINT('',(10.75,9.));
#3744 = CARTESIAN_POINT('',(10.75,0.));
#3745 = ( GEOMETRIC_REPRESENTATION_CONTEXT(2) 
PARAMETRIC_REPRESENTATION_CONTEXT() REPRESENTATION_CONTEXT('2D SPACE',''
  ) );
#3746 = PCURVE('',#3747,#3752);
#3747 = PLANE('',#3748);
#3748 = AXIS2_PLACEMENT_3D('',#3749,#3750,#3751);
#3749 = CARTESIAN_POINT('',(-36.,-14.,10.));
#3750 = DIRECTION('',(0.,0.,1.));
#3751 = DIRECTION('',(1.,0.,0.));
#3752 = DEFINITIONAL_REPRESENTATION('',(#3753),#3756);
#3753 = B_SPLINE_CURVE_WITH_KNOTS('',1,(#3754,#3755),.UNSPECIFIED.,.F.,
  .F.,(2,2),(-40.5,-31.5),.PIECEWISE_BEZIER_KNOTS.);
#3754 = CARTESIAN_POINT('',(72.,6.5));
#3755 = CARTESIAN_POINT('',(63.,6.5));
#3756 = ( GEOMETRIC_REPRESENTATION_CONTEXT(2) 
PARAMETRIC_REPRESENTATION_CONTEXT() REPRESENTATION_CONTEXT('2D SPACE',''
  ) );
#3757 = ORIENTED_EDGE('',*,*,#3758,.F.);
#3758 = EDGE_CURVE('',#525,#3733,#3759,.T.);
#3759 = SURFACE_CURVE('',#3760,(#3764,#3770),.PCURVE_S1.);
#3760 = LINE('',#3761,#3762);
#3761 = CARTESIAN_POINT('',(36.,-7.5,3.625));
#3762 = VECTOR('',#3763,1.);
#3763 = DIRECTION('',(0.,0.,1.));
#3764 = PCURVE('',#539,#3765);
#3765 = DEFINITIONAL_REPRESENTATION('',(#3766),#3769);
#3766 = B_SPLINE_CURVE_WITH_KNOTS('',1,(#3767,#3768),.UNSPECIFIED.,.F.,
  .F.,(2,2),(4.375,6.375),.PIECEWISE_BEZIER_KNOTS.);
#3767 = CARTESIAN_POINT('',(8.75,9.));
#3768 = CARTESIAN_POINT('',(10.75,9.));
#3769 = ( GEOMETRIC_REPRESENTATION_CONTEXT(2) 
PARAMETRIC_REPRESENTATION_CONTEXT() REPRESENTATION_CONTEXT('2D SPACE',''
  ) );
#3770 = PCURVE('',#566,#3771);
#3771 = DEFINITIONAL_REPRESENTATION('',(#3772),#3775);
#3772 = B_SPLINE_CURVE_WITH_KNOTS('',1,(#3773,#3774),.UNSPECIFIED.,.F.,
  .F.,(2,2),(4.375,6.375),.PIECEWISE_BEZIER_KNOTS.);
#3773 = CARTESIAN_POINT('',(0.,-6.5));
#3774 = CARTESIAN_POINT('',(2.,-6.5));
#3775 = ( GEOMETRIC_REPRESENTATION_CONTEXT(2) 
PARAMETRIC_REPRESENTATION_CONTEXT() REPRESENTATION_CONTEXT('2D SPACE',''
  ) );
#3776 = ORIENTED_EDGE('',*,*,#524,.F.);
#3777 = ADVANCED_FACE('',(#3778),#990,.F.);
#3778 = FACE_BOUND('',#3779,.F.);
#3779 = EDGE_LOOP('',(#3780,#3781,#3804,#3827,#3853,#3879,#3905,#3924));
#3780 = ORIENTED_EDGE('',*,*,#3603,.F.);
#3781 = ORIENTED_EDGE('',*,*,#3782,.F.);
#3782 = EDGE_CURVE('',#3783,#3581,#3785,.T.);
#3783 = VERTEX_POINT('',#3784);
#3784 = CARTESIAN_POINT('',(27.,7.5,-0.75));
#3785 = SURFACE_CURVE('',#3786,(#3790,#3797),.PCURVE_S1.);
#3786 = LINE('',#3787,#3788);
#3787 = CARTESIAN_POINT('',(27.,7.5,-0.75));
#3788 = VECTOR('',#3789,1.);
#3789 = DIRECTION('',(1.,0.,0.));
#3790 = PCURVE('',#990,#3791);
#3791 = DEFINITIONAL_REPRESENTATION('',(#3792),#3796);
#3792 = LINE('',#3793,#3794);
#3793 = CARTESIAN_POINT('',(0.,0.));
#3794 = VECTOR('',#3795,1.);
#3795 = DIRECTION('',(0.,1.));
#3796 = ( GEOMETRIC_REPRESENTATION_CONTEXT(2) 
PARAMETRIC_REPRESENTATION_CONTEXT() REPRESENTATION_CONTEXT('2D SPACE',''
  ) );
#3797 = PCURVE('',#3496,#3798);
#3798 = DEFINITIONAL_REPRESENTATION('',(#3799),#3803);
#3799 = LINE('',#3800,#3801);
#3800 = CARTESIAN_POINT('',(0.,15.));
#3801 = VECTOR('',#3802,1.);
#3802 = DIRECTION('',(1.,0.));
#3803 = ( GEOMETRIC_REPRESENTATION_CONTEXT(2) 
PARAMETRIC_REPRESENTATION_CONTEXT() REPRESENTATION_CONTEXT('2D SPACE',''
  ) );
#3804 = ORIENTED_EDGE('',*,*,#3805,.T.);
#3805 = EDGE_CURVE('',#3783,#3806,#3808,.T.);
#3806 = VERTEX_POINT('',#3807);
#3807 = CARTESIAN_POINT('',(27.,7.5,8.));
#3808 = SURFACE_CURVE('',#3809,(#3813,#3820),.PCURVE_S1.);
#3809 = LINE('',#3810,#3811);
#3810 = CARTESIAN_POINT('',(27.,7.5,-0.75));
#3811 = VECTOR('',#3812,1.);
#3812 = DIRECTION('',(0.,0.,1.));
#3813 = PCURVE('',#990,#3814);
#3814 = DEFINITIONAL_REPRESENTATION('',(#3815),#3819);
#3815 = LINE('',#3816,#3817);
#3816 = CARTESIAN_POINT('',(0.,0.));
#3817 = VECTOR('',#3818,1.);
#3818 = DIRECTION('',(1.,0.));
#3819 = ( GEOMETRIC_REPRESENTATION_CONTEXT(2) 
PARAMETRIC_REPRESENTATION_CONTEXT() REPRESENTATION_CONTEXT('2D SPACE',''
  ) );
#3820 = PCURVE('',#3668,#3821);
#3821 = DEFINITIONAL_REPRESENTATION('',(#3822),#3826);
#3822 = LINE('',#3823,#3824);
#3823 = CARTESIAN_POINT('',(0.,-15.));
#3824 = VECTOR('',#3825,1.);
#3825 = DIRECTION('',(1.,0.));
#3826 = ( GEOMETRIC_REPRESENTATION_CONTEXT(2) 
PARAMETRIC_REPRESENTATION_CONTEXT() REPRESENTATION_CONTEXT('2D SPACE',''
  ) );
#3827 = ORIENTED_EDGE('',*,*,#3828,.F.);
#3828 = EDGE_CURVE('',#3829,#3806,#3831,.T.);
#3829 = VERTEX_POINT('',#3830);
#3830 = CARTESIAN_POINT('',(34.,7.5,8.));
#3831 = SURFACE_CURVE('',#3832,(#3836,#3842),.PCURVE_S1.);
#3832 = LINE('',#3833,#3834);
#3833 = CARTESIAN_POINT('',(-5.5,7.5,8.));
#3834 = VECTOR('',#3835,1.);
#3835 = DIRECTION('',(-1.,0.,0.));
#3836 = PCURVE('',#990,#3837);
#3837 = DEFINITIONAL_REPRESENTATION('',(#3838),#3841);
#3838 = B_SPLINE_CURVE_WITH_KNOTS('',1,(#3839,#3840),.UNSPECIFIED.,.F.,
  .F.,(2,2),(-39.5,-32.5),.PIECEWISE_BEZIER_KNOTS.);
#3839 = CARTESIAN_POINT('',(8.75,7.));
#3840 = CARTESIAN_POINT('',(8.75,0.));
#3841 = ( GEOMETRIC_REPRESENTATION_CONTEXT(2) 
PARAMETRIC_REPRESENTATION_CONTEXT() REPRESENTATION_CONTEXT('2D SPACE',''
  ) );
#3842 = PCURVE('',#3843,#3848);
#3843 = PLANE('',#3844);
#3844 = AXIS2_PLACEMENT_3D('',#3845,#3846,#3847);
#3845 = CARTESIAN_POINT('',(-38.,-15.,8.));
#3846 = DIRECTION('',(0.,0.,1.));
#3847 = DIRECTION('',(1.,0.,0.));
#3848 = DEFINITIONAL_REPRESENTATION('',(#3849),#3852);
#3849 = B_SPLINE_CURVE_WITH_KNOTS('',1,(#3850,#3851),.UNSPECIFIED.,.F.,
  .F.,(2,2),(-39.5,-32.5),.PIECEWISE_BEZIER_KNOTS.);
#3850 = CARTESIAN_POINT('',(72.,22.5));
#3851 = CARTESIAN_POINT('',(65.,22.5));
#3852 = ( GEOMETRIC_REPRESENTATION_CONTEXT(2) 
PARAMETRIC_REPRESENTATION_CONTEXT() REPRESENTATION_CONTEXT('2D SPACE',''
  ) );
#3853 = ORIENTED_EDGE('',*,*,#3854,.T.);
#3854 = EDGE_CURVE('',#3829,#3855,#3857,.T.);
#3855 = VERTEX_POINT('',#3856);
#3856 = CARTESIAN_POINT('',(34.,7.5,10.));
#3857 = SURFACE_CURVE('',#3858,(#3862,#3868),.PCURVE_S1.);
#3858 = LINE('',#3859,#3860);
#3859 = CARTESIAN_POINT('',(34.,7.5,3.125));
#3860 = VECTOR('',#3861,1.);
#3861 = DIRECTION('',(0.,0.,1.));
#3862 = PCURVE('',#990,#3863);
#3863 = DEFINITIONAL_REPRESENTATION('',(#3864),#3867);
#3864 = B_SPLINE_CURVE_WITH_KNOTS('',1,(#3865,#3866),.UNSPECIFIED.,.F.,
  .F.,(2,2),(4.875,6.875),.PIECEWISE_BEZIER_KNOTS.);
#3865 = CARTESIAN_POINT('',(8.75,7.));
#3866 = CARTESIAN_POINT('',(10.75,7.));
#3867 = ( GEOMETRIC_REPRESENTATION_CONTEXT(2) 
PARAMETRIC_REPRESENTATION_CONTEXT() REPRESENTATION_CONTEXT('2D SPACE',''
  ) );
#3868 = PCURVE('',#3869,#3874);
#3869 = PLANE('',#3870);
#3870 = AXIS2_PLACEMENT_3D('',#3871,#3872,#3873);
#3871 = CARTESIAN_POINT('',(34.,-12.,7.));
#3872 = DIRECTION('',(1.,0.,0.));
#3873 = DIRECTION('',(0.,0.,1.));
#3874 = DEFINITIONAL_REPRESENTATION('',(#3875),#3878);
#3875 = B_SPLINE_CURVE_WITH_KNOTS('',1,(#3876,#3877),.UNSPECIFIED.,.F.,
  .F.,(2,2),(4.875,6.875),.PIECEWISE_BEZIER_KNOTS.);
#3876 = CARTESIAN_POINT('',(1.,-19.5));
#3877 = CARTESIAN_POINT('',(3.,-19.5));
#3878 = ( GEOMETRIC_REPRESENTATION_CONTEXT(2) 
PARAMETRIC_REPRESENTATION_CONTEXT() REPRESENTATION_CONTEXT('2D SPACE',''
  ) );
#3879 = ORIENTED_EDGE('',*,*,#3880,.F.);
#3880 = EDGE_CURVE('',#3881,#3855,#3883,.T.);
#3881 = VERTEX_POINT('',#3882);
#3882 = CARTESIAN_POINT('',(36.,7.5,10.));
#3883 = SURFACE_CURVE('',#3884,(#3888,#3894),.PCURVE_S1.);
#3884 = LINE('',#3885,#3886);
#3885 = CARTESIAN_POINT('',(-4.5,7.5,10.));
#3886 = VECTOR('',#3887,1.);
#3887 = DIRECTION('',(-1.,0.,0.));
#3888 = PCURVE('',#990,#3889);
#3889 = DEFINITIONAL_REPRESENTATION('',(#3890),#3893);
#3890 = B_SPLINE_CURVE_WITH_KNOTS('',1,(#3891,#3892),.UNSPECIFIED.,.F.,
  .F.,(2,2),(-40.5,-31.5),.PIECEWISE_BEZIER_KNOTS.);
#3891 = CARTESIAN_POINT('',(10.75,9.));
#3892 = CARTESIAN_POINT('',(10.75,0.));
#3893 = ( GEOMETRIC_REPRESENTATION_CONTEXT(2) 
PARAMETRIC_REPRESENTATION_CONTEXT() REPRESENTATION_CONTEXT('2D SPACE',''
  ) );
#3894 = PCURVE('',#3895,#3900);
#3895 = PLANE('',#3896);
#3896 = AXIS2_PLACEMENT_3D('',#3897,#3898,#3899);
#3897 = CARTESIAN_POINT('',(-36.,-14.,10.));
#3898 = DIRECTION('',(0.,0.,1.));
#3899 = DIRECTION('',(1.,0.,0.));
#3900 = DEFINITIONAL_REPRESENTATION('',(#3901),#3904);
#3901 = B_SPLINE_CURVE_WITH_KNOTS('',1,(#3902,#3903),.UNSPECIFIED.,.F.,
  .F.,(2,2),(-40.5,-31.5),.PIECEWISE_BEZIER_KNOTS.);
#3902 = CARTESIAN_POINT('',(72.,21.5));
#3903 = CARTESIAN_POINT('',(63.,21.5));
#3904 = ( GEOMETRIC_REPRESENTATION_CONTEXT(2) 
PARAMETRIC_REPRESENTATION_CONTEXT() REPRESENTATION_CONTEXT('2D SPACE',''
  ) );
#3905 = ORIENTED_EDGE('',*,*,#3906,.F.);
#3906 = EDGE_CURVE('',#948,#3881,#3907,.T.);
#3907 = SURFACE_CURVE('',#3908,(#3912,#3918),.PCURVE_S1.);
#3908 = LINE('',#3909,#3910);
#3909 = CARTESIAN_POINT('',(36.,7.5,3.625));
#3910 = VECTOR('',#3911,1.);
#3911 = DIRECTION('',(0.,0.,1.));
#3912 = PCURVE('',#990,#3913);
#3913 = DEFINITIONAL_REPRESENTATION('',(#3914),#3917);
#3914 = B_SPLINE_CURVE_WITH_KNOTS('',1,(#3915,#3916),.UNSPECIFIED.,.F.,
  .F.,(2,2),(4.375,6.375),.PIECEWISE_BEZIER_KNOTS.);
#3915 = CARTESIAN_POINT('',(8.75,9.));
#3916 = CARTESIAN_POINT('',(10.75,9.));
#3917 = ( GEOMETRIC_REPRESENTATION_CONTEXT(2) 
PARAMETRIC_REPRESENTATION_CONTEXT() REPRESENTATION_CONTEXT('2D SPACE',''
  ) );
#3918 = PCURVE('',#963,#3919);
#3919 = DEFINITIONAL_REPRESENTATION('',(#3920),#3923);
#3920 = B_SPLINE_CURVE_WITH_KNOTS('',1,(#3921,#3922),.UNSPECIFIED.,.F.,
  .F.,(2,2),(4.375,6.375),.PIECEWISE_BEZIER_KNOTS.);
#3921 = CARTESIAN_POINT('',(0.,-21.5));
#3922 = CARTESIAN_POINT('',(2.,-21.5));
#3923 = ( GEOMETRIC_REPRESENTATION_CONTEXT(2) 
PARAMETRIC_REPRESENTATION_CONTEXT() REPRESENTATION_CONTEXT('2D SPACE',''
  ) );
#3924 = ORIENTED_EDGE('',*,*,#975,.F.);
#3925 = ADVANCED_FACE('',(#3926),#566,.T.);
#3926 = FACE_BOUND('',#3927,.T.);
#3927 = EDGE_LOOP('',(#3928,#3951,#3972,#3973));
#3928 = ORIENTED_EDGE('',*,*,#3929,.F.);
#3929 = EDGE_CURVE('',#3930,#3733,#3932,.T.);
#3930 = VERTEX_POINT('',#3931);
#3931 = CARTESIAN_POINT('',(36.,-11.,10.));
#3932 = SURFACE_CURVE('',#3933,(#3937,#3944),.PCURVE_S1.);
#3933 = LINE('',#3934,#3935);
#3934 = CARTESIAN_POINT('',(36.,-14.,10.));
#3935 = VECTOR('',#3936,1.);
#3936 = DIRECTION('',(0.,1.,0.));
#3937 = PCURVE('',#566,#3938);
#3938 = DEFINITIONAL_REPRESENTATION('',(#3939),#3943);
#3939 = LINE('',#3940,#3941);
#3940 = CARTESIAN_POINT('',(2.,0.));
#3941 = VECTOR('',#3942,1.);
#3942 = DIRECTION('',(0.,-1.));
#3943 = ( GEOMETRIC_REPRESENTATION_CONTEXT(2) 
PARAMETRIC_REPRESENTATION_CONTEXT() REPRESENTATION_CONTEXT('2D SPACE',''
  ) );
#3944 = PCURVE('',#3747,#3945);
#3945 = DEFINITIONAL_REPRESENTATION('',(#3946),#3950);
#3946 = LINE('',#3947,#3948);
#3947 = CARTESIAN_POINT('',(72.,0.));
#3948 = VECTOR('',#3949,1.);
#3949 = DIRECTION('',(0.,1.));
#3950 = ( GEOMETRIC_REPRESENTATION_CONTEXT(2) 
PARAMETRIC_REPRESENTATION_CONTEXT() REPRESENTATION_CONTEXT('2D SPACE',''
  ) );
#3951 = ORIENTED_EDGE('',*,*,#3952,.F.);
#3952 = EDGE_CURVE('',#551,#3930,#3953,.T.);
#3953 = SURFACE_CURVE('',#3954,(#3958,#3965),.PCURVE_S1.);
#3954 = LINE('',#3955,#3956);
#3955 = CARTESIAN_POINT('',(36.,-11.,8.));
#3956 = VECTOR('',#3957,1.);
#3957 = DIRECTION('',(0.,0.,1.));
#3958 = PCURVE('',#566,#3959);
#3959 = DEFINITIONAL_REPRESENTATION('',(#3960),#3964);
#3960 = LINE('',#3961,#3962);
#3961 = CARTESIAN_POINT('',(0.,-3.));
#3962 = VECTOR('',#3963,1.);
#3963 = DIRECTION('',(1.,0.));
#3964 = ( GEOMETRIC_REPRESENTATION_CONTEXT(2) 
PARAMETRIC_REPRESENTATION_CONTEXT() REPRESENTATION_CONTEXT('2D SPACE',''
  ) );
#3965 = PCURVE('',#599,#3966);
#3966 = DEFINITIONAL_REPRESENTATION('',(#3967),#3971);
#3967 = LINE('',#3968,#3969);
#3968 = CARTESIAN_POINT('',(-0.,0.));
#3969 = VECTOR('',#3970,1.);
#3970 = DIRECTION('',(-0.,1.));
#3971 = ( GEOMETRIC_REPRESENTATION_CONTEXT(2) 
PARAMETRIC_REPRESENTATION_CONTEXT() REPRESENTATION_CONTEXT('2D SPACE',''
  ) );
#3972 = ORIENTED_EDGE('',*,*,#550,.T.);
#3973 = ORIENTED_EDGE('',*,*,#3758,.T.);
#3974 = ADVANCED_FACE('',(#3975),#963,.T.);
#3975 = FACE_BOUND('',#3976,.T.);
#3976 = EDGE_LOOP('',(#3977,#4000,#4001,#4002));
#3977 = ORIENTED_EDGE('',*,*,#3978,.F.);
#3978 = EDGE_CURVE('',#3881,#3979,#3981,.T.);
#3979 = VERTEX_POINT('',#3980);
#3980 = CARTESIAN_POINT('',(36.,11.,10.));
#3981 = SURFACE_CURVE('',#3982,(#3986,#3993),.PCURVE_S1.);
#3982 = LINE('',#3983,#3984);
#3983 = CARTESIAN_POINT('',(36.,-14.,10.));
#3984 = VECTOR('',#3985,1.);
#3985 = DIRECTION('',(0.,1.,0.));
#3986 = PCURVE('',#963,#3987);
#3987 = DEFINITIONAL_REPRESENTATION('',(#3988),#3992);
#3988 = LINE('',#3989,#3990);
#3989 = CARTESIAN_POINT('',(2.,0.));
#3990 = VECTOR('',#3991,1.);
#3991 = DIRECTION('',(0.,-1.));
#3992 = ( GEOMETRIC_REPRESENTATION_CONTEXT(2) 
PARAMETRIC_REPRESENTATION_CONTEXT() REPRESENTATION_CONTEXT('2D SPACE',''
  ) );
#3993 = PCURVE('',#3895,#3994);
#3994 = DEFINITIONAL_REPRESENTATION('',(#3995),#3999);
#3995 = LINE('',#3996,#3997);
#3996 = CARTESIAN_POINT('',(72.,0.));
#3997 = VECTOR('',#3998,1.);
#3998 = DIRECTION('',(0.,1.));
#3999 = ( GEOMETRIC_REPRESENTATION_CONTEXT(2) 
PARAMETRIC_REPRESENTATION_CONTEXT() REPRESENTATION_CONTEXT('2D SPACE',''
  ) );
#4000 = ORIENTED_EDGE('',*,*,#3906,.F.);
#4001 = ORIENTED_EDGE('',*,*,#947,.T.);
#4002 = ORIENTED_EDGE('',*,*,#4003,.T.);
#4003 = EDGE_CURVE('',#919,#3979,#4004,.T.);
#4004 = SURFACE_CURVE('',#4005,(#4009,#4016),.PCURVE_S1.);
#4005 = LINE('',#4006,#4007);
#4006 = CARTESIAN_POINT('',(36.,11.,8.));
#4007 = VECTOR('',#4008,1.);
#4008 = DIRECTION('',(0.,0.,1.));
#4009 = PCURVE('',#963,#4010);
#4010 = DEFINITIONAL_REPRESENTATION('',(#4011),#4015);
#4011 = LINE('',#4012,#4013);
#4012 = CARTESIAN_POINT('',(0.,-25.));
#4013 = VECTOR('',#4014,1.);
#4014 = DIRECTION('',(1.,0.));
#4015 = ( GEOMETRIC_REPRESENTATION_CONTEXT(2) 
PARAMETRIC_REPRESENTATION_CONTEXT() REPRESENTATION_CONTEXT('2D SPACE',''
  ) );
#4016 = PCURVE('',#935,#4017);
#4017 = DEFINITIONAL_REPRESENTATION('',(#4018),#4022);
#4018 = LINE('',#4019,#4020);
#4019 = CARTESIAN_POINT('',(0.,0.));
#4020 = VECTOR('',#4021,1.);
#4021 = DIRECTION('',(0.,1.));
#4022 = ( GEOMETRIC_REPRESENTATION_CONTEXT(2) 
PARAMETRIC_REPRESENTATION_CONTEXT() REPRESENTATION_CONTEXT('2D SPACE',''
  ) );
#4023 = ADVANCED_FACE('',(#4024),#599,.T.);
#4024 = FACE_BOUND('',#4025,.F.);
#4025 = EDGE_LOOP('',(#4026,#4027,#4050,#4076));
#4026 = ORIENTED_EDGE('',*,*,#578,.T.);
#4027 = ORIENTED_EDGE('',*,*,#4028,.T.);
#4028 = EDGE_CURVE('',#579,#4029,#4031,.T.);
#4029 = VERTEX_POINT('',#4030);
#4030 = CARTESIAN_POINT('',(33.,-14.,10.));
#4031 = SURFACE_CURVE('',#4032,(#4036,#4043),.PCURVE_S1.);
#4032 = LINE('',#4033,#4034);
#4033 = CARTESIAN_POINT('',(33.,-14.,8.));
#4034 = VECTOR('',#4035,1.);
#4035 = DIRECTION('',(0.,0.,1.));
#4036 = PCURVE('',#599,#4037);
#4037 = DEFINITIONAL_REPRESENTATION('',(#4038),#4042);
#4038 = LINE('',#4039,#4040);
#4039 = CARTESIAN_POINT('',(-1.570796326795,0.));
#4040 = VECTOR('',#4041,1.);
#4041 = DIRECTION('',(-0.,1.));
#4042 = ( GEOMETRIC_REPRESENTATION_CONTEXT(2) 
PARAMETRIC_REPRESENTATION_CONTEXT() REPRESENTATION_CONTEXT('2D SPACE',''
  ) );
#4043 = PCURVE('',#627,#4044);
#4044 = DEFINITIONAL_REPRESENTATION('',(#4045),#4049);
#4045 = LINE('',#4046,#4047);
#4046 = CARTESIAN_POINT('',(0.,69.));
#4047 = VECTOR('',#4048,1.);
#4048 = DIRECTION('',(1.,0.));
#4049 = ( GEOMETRIC_REPRESENTATION_CONTEXT(2) 
PARAMETRIC_REPRESENTATION_CONTEXT() REPRESENTATION_CONTEXT('2D SPACE',''
  ) );
#4050 = ORIENTED_EDGE('',*,*,#4051,.F.);
#4051 = EDGE_CURVE('',#3930,#4029,#4052,.T.);
#4052 = SURFACE_CURVE('',#4053,(#4058,#4065),.PCURVE_S1.);
#4053 = CIRCLE('',#4054,3.);
#4054 = AXIS2_PLACEMENT_3D('',#4055,#4056,#4057);
#4055 = CARTESIAN_POINT('',(33.,-11.,10.));
#4056 = DIRECTION('',(-0.,-0.,-1.));
#4057 = DIRECTION('',(0.,-1.,0.));
#4058 = PCURVE('',#599,#4059);
#4059 = DEFINITIONAL_REPRESENTATION('',(#4060),#4064);
#4060 = LINE('',#4061,#4062);
#4061 = CARTESIAN_POINT('',(4.712388980385,2.));
#4062 = VECTOR('',#4063,1.);
#4063 = DIRECTION('',(-1.,0.));
#4064 = ( GEOMETRIC_REPRESENTATION_CONTEXT(2) 
PARAMETRIC_REPRESENTATION_CONTEXT() REPRESENTATION_CONTEXT('2D SPACE',''
  ) );
#4065 = PCURVE('',#3747,#4066);
#4066 = DEFINITIONAL_REPRESENTATION('',(#4067),#4075);
#4067 = ( BOUNDED_CURVE() B_SPLINE_CURVE(2,(#4068,#4069,#4070,#4071,
#4072,#4073,#4074),.UNSPECIFIED.,.T.,.F.) B_SPLINE_CURVE_WITH_KNOTS((1,2
    ,2,2,2,1),(-2.094395102393,0.,2.094395102393,4.188790204786,
6.28318530718,8.377580409573),.UNSPECIFIED.) CURVE() 
GEOMETRIC_REPRESENTATION_ITEM() RATIONAL_B_SPLINE_CURVE((1.,0.5,1.,0.5,
1.,0.5,1.)) REPRESENTATION_ITEM('') );
#4068 = CARTESIAN_POINT('',(69.,0.));
#4069 = CARTESIAN_POINT('',(63.803847577293,0.));
#4070 = CARTESIAN_POINT('',(66.401923788647,4.5));
#4071 = CARTESIAN_POINT('',(69.,9.));
#4072 = CARTESIAN_POINT('',(71.598076211353,4.5));
#4073 = CARTESIAN_POINT('',(74.196152422707,4.440892098501E-15));
#4074 = CARTESIAN_POINT('',(69.,0.));
#4075 = ( GEOMETRIC_REPRESENTATION_CONTEXT(2) 
PARAMETRIC_REPRESENTATION_CONTEXT() REPRESENTATION_CONTEXT('2D SPACE',''
  ) );
#4076 = ORIENTED_EDGE('',*,*,#3952,.F.);
#4077 = ADVANCED_FACE('',(#4078),#935,.T.);
#4078 = FACE_BOUND('',#4079,.T.);
#4079 = EDGE_LOOP('',(#4080,#4081,#4104,#4126));
#4080 = ORIENTED_EDGE('',*,*,#918,.T.);
#4081 = ORIENTED_EDGE('',*,*,#4082,.T.);
#4082 = EDGE_CURVE('',#891,#4083,#4085,.T.);
#4083 = VERTEX_POINT('',#4084);
#4084 = CARTESIAN_POINT('',(33.,14.,10.));
#4085 = SURFACE_CURVE('',#4086,(#4090,#4097),.PCURVE_S1.);
#4086 = LINE('',#4087,#4088);
#4087 = CARTESIAN_POINT('',(33.,14.,8.));
#4088 = VECTOR('',#4089,1.);
#4089 = DIRECTION('',(0.,0.,1.));
#4090 = PCURVE('',#935,#4091);
#4091 = DEFINITIONAL_REPRESENTATION('',(#4092),#4096);
#4092 = LINE('',#4093,#4094);
#4093 = CARTESIAN_POINT('',(1.570796326795,0.));
#4094 = VECTOR('',#4095,1.);
#4095 = DIRECTION('',(0.,1.));
#4096 = ( GEOMETRIC_REPRESENTATION_CONTEXT(2) 
PARAMETRIC_REPRESENTATION_CONTEXT() REPRESENTATION_CONTEXT('2D SPACE',''
  ) );
#4097 = PCURVE('',#906,#4098);
#4098 = DEFINITIONAL_REPRESENTATION('',(#4099),#4103);
#4099 = LINE('',#4100,#4101);
#4100 = CARTESIAN_POINT('',(0.,69.));
#4101 = VECTOR('',#4102,1.);
#4102 = DIRECTION('',(1.,0.));
#4103 = ( GEOMETRIC_REPRESENTATION_CONTEXT(2) 
PARAMETRIC_REPRESENTATION_CONTEXT() REPRESENTATION_CONTEXT('2D SPACE',''
  ) );
#4104 = ORIENTED_EDGE('',*,*,#4105,.F.);
#4105 = EDGE_CURVE('',#3979,#4083,#4106,.T.);
#4106 = SURFACE_CURVE('',#4107,(#4112,#4119),.PCURVE_S1.);
#4107 = CIRCLE('',#4108,3.);
#4108 = AXIS2_PLACEMENT_3D('',#4109,#4110,#4111);
#4109 = CARTESIAN_POINT('',(33.,11.,10.));
#4110 = DIRECTION('',(0.,0.,1.));
#4111 = DIRECTION('',(0.,-1.,0.));
#4112 = PCURVE('',#935,#4113);
#4113 = DEFINITIONAL_REPRESENTATION('',(#4114),#4118);
#4114 = LINE('',#4115,#4116);
#4115 = CARTESIAN_POINT('',(-1.570796326795,2.));
#4116 = VECTOR('',#4117,1.);
#4117 = DIRECTION('',(1.,0.));
#4118 = ( GEOMETRIC_REPRESENTATION_CONTEXT(2) 
PARAMETRIC_REPRESENTATION_CONTEXT() REPRESENTATION_CONTEXT('2D SPACE',''
  ) );
#4119 = PCURVE('',#3895,#4120);
#4120 = DEFINITIONAL_REPRESENTATION('',(#4121),#4125);
#4121 = CIRCLE('',#4122,3.);
#4122 = AXIS2_PLACEMENT_2D('',#4123,#4124);
#4123 = CARTESIAN_POINT('',(69.,25.));
#4124 = DIRECTION('',(0.,-1.));
#4125 = ( GEOMETRIC_REPRESENTATION_CONTEXT(2) 
PARAMETRIC_REPRESENTATION_CONTEXT() REPRESENTATION_CONTEXT('2D SPACE',''
  ) );
#4126 = ORIENTED_EDGE('',*,*,#4003,.F.);
#4127 = ADVANCED_FACE('',(#4128),#627,.F.);
#4128 = FACE_BOUND('',#4129,.F.);
#4129 = EDGE_LOOP('',(#4130,#4131,#4154,#4175));
#4130 = ORIENTED_EDGE('',*,*,#611,.F.);
#4131 = ORIENTED_EDGE('',*,*,#4132,.T.);
#4132 = EDGE_CURVE('',#612,#4133,#4135,.T.);
#4133 = VERTEX_POINT('',#4134);
#4134 = CARTESIAN_POINT('',(-33.,-14.,10.));
#4135 = SURFACE_CURVE('',#4136,(#4140,#4147),.PCURVE_S1.);
#4136 = LINE('',#4137,#4138);
#4137 = CARTESIAN_POINT('',(-33.,-14.,8.));
#4138 = VECTOR('',#4139,1.);
#4139 = DIRECTION('',(0.,0.,1.));
#4140 = PCURVE('',#627,#4141);
#4141 = DEFINITIONAL_REPRESENTATION('',(#4142),#4146);
#4142 = LINE('',#4143,#4144);
#4143 = CARTESIAN_POINT('',(0.,3.));
#4144 = VECTOR('',#4145,1.);
#4145 = DIRECTION('',(1.,0.));
#4146 = ( GEOMETRIC_REPRESENTATION_CONTEXT(2) 
PARAMETRIC_REPRESENTATION_CONTEXT() REPRESENTATION_CONTEXT('2D SPACE',''
  ) );
#4147 = PCURVE('',#656,#4148);
#4148 = DEFINITIONAL_REPRESENTATION('',(#4149),#4153);
#4149 = LINE('',#4150,#4151);
#4150 = CARTESIAN_POINT('',(1.570796326795,0.));
#4151 = VECTOR('',#4152,1.);
#4152 = DIRECTION('',(0.,1.));
#4153 = ( GEOMETRIC_REPRESENTATION_CONTEXT(2) 
PARAMETRIC_REPRESENTATION_CONTEXT() REPRESENTATION_CONTEXT('2D SPACE',''
  ) );
#4154 = ORIENTED_EDGE('',*,*,#4155,.T.);
#4155 = EDGE_CURVE('',#4133,#4029,#4156,.T.);
#4156 = SURFACE_CURVE('',#4157,(#4161,#4168),.PCURVE_S1.);
#4157 = LINE('',#4158,#4159);
#4158 = CARTESIAN_POINT('',(-36.,-14.,10.));
#4159 = VECTOR('',#4160,1.);
#4160 = DIRECTION('',(1.,0.,0.));
#4161 = PCURVE('',#627,#4162);
#4162 = DEFINITIONAL_REPRESENTATION('',(#4163),#4167);
#4163 = LINE('',#4164,#4165);
#4164 = CARTESIAN_POINT('',(2.,0.));
#4165 = VECTOR('',#4166,1.);
#4166 = DIRECTION('',(0.,1.));
#4167 = ( GEOMETRIC_REPRESENTATION_CONTEXT(2) 
PARAMETRIC_REPRESENTATION_CONTEXT() REPRESENTATION_CONTEXT('2D SPACE',''
  ) );
#4168 = PCURVE('',#3747,#4169);
#4169 = DEFINITIONAL_REPRESENTATION('',(#4170),#4174);
#4170 = LINE('',#4171,#4172);
#4171 = CARTESIAN_POINT('',(0.,0.));
#4172 = VECTOR('',#4173,1.);
#4173 = DIRECTION('',(1.,0.));
#4174 = ( GEOMETRIC_REPRESENTATION_CONTEXT(2) 
PARAMETRIC_REPRESENTATION_CONTEXT() REPRESENTATION_CONTEXT('2D SPACE',''
  ) );
#4175 = ORIENTED_EDGE('',*,*,#4028,.F.);
#4176 = ADVANCED_FACE('',(#4177),#906,.T.);
#4177 = FACE_BOUND('',#4178,.T.);
#4178 = EDGE_LOOP('',(#4179,#4180,#4203,#4224));
#4179 = ORIENTED_EDGE('',*,*,#890,.F.);
#4180 = ORIENTED_EDGE('',*,*,#4181,.T.);
#4181 = EDGE_CURVE('',#858,#4182,#4184,.T.);
#4182 = VERTEX_POINT('',#4183);
#4183 = CARTESIAN_POINT('',(-33.,14.,10.));
#4184 = SURFACE_CURVE('',#4185,(#4189,#4196),.PCURVE_S1.);
#4185 = LINE('',#4186,#4187);
#4186 = CARTESIAN_POINT('',(-33.,14.,8.));
#4187 = VECTOR('',#4188,1.);
#4188 = DIRECTION('',(0.,0.,1.));
#4189 = PCURVE('',#906,#4190);
#4190 = DEFINITIONAL_REPRESENTATION('',(#4191),#4195);
#4191 = LINE('',#4192,#4193);
#4192 = CARTESIAN_POINT('',(0.,3.));
#4193 = VECTOR('',#4194,1.);
#4194 = DIRECTION('',(1.,0.));
#4195 = ( GEOMETRIC_REPRESENTATION_CONTEXT(2) 
PARAMETRIC_REPRESENTATION_CONTEXT() REPRESENTATION_CONTEXT('2D SPACE',''
  ) );
#4196 = PCURVE('',#878,#4197);
#4197 = DEFINITIONAL_REPRESENTATION('',(#4198),#4202);
#4198 = LINE('',#4199,#4200);
#4199 = CARTESIAN_POINT('',(-1.570796326795,0.));
#4200 = VECTOR('',#4201,1.);
#4201 = DIRECTION('',(-0.,1.));
#4202 = ( GEOMETRIC_REPRESENTATION_CONTEXT(2) 
PARAMETRIC_REPRESENTATION_CONTEXT() REPRESENTATION_CONTEXT('2D SPACE',''
  ) );
#4203 = ORIENTED_EDGE('',*,*,#4204,.T.);
#4204 = EDGE_CURVE('',#4182,#4083,#4205,.T.);
#4205 = SURFACE_CURVE('',#4206,(#4210,#4217),.PCURVE_S1.);
#4206 = LINE('',#4207,#4208);
#4207 = CARTESIAN_POINT('',(-36.,14.,10.));
#4208 = VECTOR('',#4209,1.);
#4209 = DIRECTION('',(1.,0.,0.));
#4210 = PCURVE('',#906,#4211);
#4211 = DEFINITIONAL_REPRESENTATION('',(#4212),#4216);
#4212 = LINE('',#4213,#4214);
#4213 = CARTESIAN_POINT('',(2.,0.));
#4214 = VECTOR('',#4215,1.);
#4215 = DIRECTION('',(0.,1.));
#4216 = ( GEOMETRIC_REPRESENTATION_CONTEXT(2) 
PARAMETRIC_REPRESENTATION_CONTEXT() REPRESENTATION_CONTEXT('2D SPACE',''
  ) );
#4217 = PCURVE('',#3895,#4218);
#4218 = DEFINITIONAL_REPRESENTATION('',(#4219),#4223);
#4219 = LINE('',#4220,#4221);
#4220 = CARTESIAN_POINT('',(0.,28.));
#4221 = VECTOR('',#4222,1.);
#4222 = DIRECTION('',(1.,0.));
#4223 = ( GEOMETRIC_REPRESENTATION_CONTEXT(2) 
PARAMETRIC_REPRESENTATION_CONTEXT() REPRESENTATION_CONTEXT('2D SPACE',''
  ) );
#4224 = ORIENTED_EDGE('',*,*,#4082,.F.);
#4225 = ADVANCED_FACE('',(#4226),#656,.T.);
#4226 = FACE_BOUND('',#4227,.T.);
#4227 = EDGE_LOOP('',(#4228,#4229,#4230,#4254));
#4228 = ORIENTED_EDGE('',*,*,#639,.T.);
#4229 = ORIENTED_EDGE('',*,*,#4132,.T.);
#4230 = ORIENTED_EDGE('',*,*,#4231,.F.);
#4231 = EDGE_CURVE('',#4232,#4133,#4234,.T.);
#4232 = VERTEX_POINT('',#4233);
#4233 = CARTESIAN_POINT('',(-36.,-11.,10.));
#4234 = SURFACE_CURVE('',#4235,(#4240,#4247),.PCURVE_S1.);
#4235 = CIRCLE('',#4236,3.);
#4236 = AXIS2_PLACEMENT_3D('',#4237,#4238,#4239);
#4237 = CARTESIAN_POINT('',(-33.,-11.,10.));
#4238 = DIRECTION('',(0.,0.,1.));
#4239 = DIRECTION('',(0.,-1.,0.));
#4240 = PCURVE('',#656,#4241);
#4241 = DEFINITIONAL_REPRESENTATION('',(#4242),#4246);
#4242 = LINE('',#4243,#4244);
#4243 = CARTESIAN_POINT('',(-4.712388980385,2.));
#4244 = VECTOR('',#4245,1.);
#4245 = DIRECTION('',(1.,0.));
#4246 = ( GEOMETRIC_REPRESENTATION_CONTEXT(2) 
PARAMETRIC_REPRESENTATION_CONTEXT() REPRESENTATION_CONTEXT('2D SPACE',''
  ) );
#4247 = PCURVE('',#3747,#4248);
#4248 = DEFINITIONAL_REPRESENTATION('',(#4249),#4253);
#4249 = CIRCLE('',#4250,3.);
#4250 = AXIS2_PLACEMENT_2D('',#4251,#4252);
#4251 = CARTESIAN_POINT('',(3.,3.));
#4252 = DIRECTION('',(0.,-1.));
#4253 = ( GEOMETRIC_REPRESENTATION_CONTEXT(2) 
PARAMETRIC_REPRESENTATION_CONTEXT() REPRESENTATION_CONTEXT('2D SPACE',''
  ) );
#4254 = ORIENTED_EDGE('',*,*,#4255,.F.);
#4255 = EDGE_CURVE('',#640,#4232,#4256,.T.);
#4256 = SURFACE_CURVE('',#4257,(#4261,#4268),.PCURVE_S1.);
#4257 = LINE('',#4258,#4259);
#4258 = CARTESIAN_POINT('',(-36.,-11.,8.));
#4259 = VECTOR('',#4260,1.);
#4260 = DIRECTION('',(0.,0.,1.));
#4261 = PCURVE('',#656,#4262);
#4262 = DEFINITIONAL_REPRESENTATION('',(#4263),#4267);
#4263 = LINE('',#4264,#4265);
#4264 = CARTESIAN_POINT('',(0.,0.));
#4265 = VECTOR('',#4266,1.);
#4266 = DIRECTION('',(0.,1.));
#4267 = ( GEOMETRIC_REPRESENTATION_CONTEXT(2) 
PARAMETRIC_REPRESENTATION_CONTEXT() REPRESENTATION_CONTEXT('2D SPACE',''
  ) );
#4268 = PCURVE('',#684,#4269);
#4269 = DEFINITIONAL_REPRESENTATION('',(#4270),#4274);
#4270 = LINE('',#4271,#4272);
#4271 = CARTESIAN_POINT('',(0.,-3.));
#4272 = VECTOR('',#4273,1.);
#4273 = DIRECTION('',(1.,0.));
#4274 = ( GEOMETRIC_REPRESENTATION_CONTEXT(2) 
PARAMETRIC_REPRESENTATION_CONTEXT() REPRESENTATION_CONTEXT('2D SPACE',''
  ) );
#4275 = ADVANCED_FACE('',(#4276),#878,.T.);
#4276 = FACE_BOUND('',#4277,.F.);
#4277 = EDGE_LOOP('',(#4278,#4279,#4280,#4308));
#4278 = ORIENTED_EDGE('',*,*,#857,.T.);
#4279 = ORIENTED_EDGE('',*,*,#4181,.T.);
#4280 = ORIENTED_EDGE('',*,*,#4281,.F.);
#4281 = EDGE_CURVE('',#4282,#4182,#4284,.T.);
#4282 = VERTEX_POINT('',#4283);
#4283 = CARTESIAN_POINT('',(-36.,11.,10.));
#4284 = SURFACE_CURVE('',#4285,(#4290,#4297),.PCURVE_S1.);
#4285 = CIRCLE('',#4286,3.);
#4286 = AXIS2_PLACEMENT_3D('',#4287,#4288,#4289);
#4287 = CARTESIAN_POINT('',(-33.,11.,10.));
#4288 = DIRECTION('',(-0.,-0.,-1.));
#4289 = DIRECTION('',(0.,-1.,0.));
#4290 = PCURVE('',#878,#4291);
#4291 = DEFINITIONAL_REPRESENTATION('',(#4292),#4296);
#4292 = LINE('',#4293,#4294);
#4293 = CARTESIAN_POINT('',(1.570796326795,2.));
#4294 = VECTOR('',#4295,1.);
#4295 = DIRECTION('',(-1.,0.));
#4296 = ( GEOMETRIC_REPRESENTATION_CONTEXT(2) 
PARAMETRIC_REPRESENTATION_CONTEXT() REPRESENTATION_CONTEXT('2D SPACE',''
  ) );
#4297 = PCURVE('',#3895,#4298);
#4298 = DEFINITIONAL_REPRESENTATION('',(#4299),#4307);
#4299 = ( BOUNDED_CURVE() B_SPLINE_CURVE(2,(#4300,#4301,#4302,#4303,
#4304,#4305,#4306),.UNSPECIFIED.,.T.,.F.) B_SPLINE_CURVE_WITH_KNOTS((1,2
    ,2,2,2,1),(-2.094395102393,0.,2.094395102393,4.188790204786,
6.28318530718,8.377580409573),.UNSPECIFIED.) CURVE() 
GEOMETRIC_REPRESENTATION_ITEM() RATIONAL_B_SPLINE_CURVE((1.,0.5,1.,0.5,
1.,0.5,1.)) REPRESENTATION_ITEM('') );
#4300 = CARTESIAN_POINT('',(3.,22.));
#4301 = CARTESIAN_POINT('',(-2.196152422707,22.));
#4302 = CARTESIAN_POINT('',(0.401923788647,26.5));
#4303 = CARTESIAN_POINT('',(3.,31.));
#4304 = CARTESIAN_POINT('',(5.598076211353,26.5));
#4305 = CARTESIAN_POINT('',(8.196152422707,22.));
#4306 = CARTESIAN_POINT('',(3.,22.));
#4307 = ( GEOMETRIC_REPRESENTATION_CONTEXT(2) 
PARAMETRIC_REPRESENTATION_CONTEXT() REPRESENTATION_CONTEXT('2D SPACE',''
  ) );
#4308 = ORIENTED_EDGE('',*,*,#4309,.F.);
#4309 = EDGE_CURVE('',#830,#4282,#4310,.T.);
#4310 = SURFACE_CURVE('',#4311,(#4315,#4322),.PCURVE_S1.);
#4311 = LINE('',#4312,#4313);
#4312 = CARTESIAN_POINT('',(-36.,11.,8.));
#4313 = VECTOR('',#4314,1.);
#4314 = DIRECTION('',(0.,0.,1.));
#4315 = PCURVE('',#878,#4316);
#4316 = DEFINITIONAL_REPRESENTATION('',(#4317),#4321);
#4317 = LINE('',#4318,#4319);
#4318 = CARTESIAN_POINT('',(-0.,0.));
#4319 = VECTOR('',#4320,1.);
#4320 = DIRECTION('',(-0.,1.));
#4321 = ( GEOMETRIC_REPRESENTATION_CONTEXT(2) 
PARAMETRIC_REPRESENTATION_CONTEXT() REPRESENTATION_CONTEXT('2D SPACE',''
  ) );
#4322 = PCURVE('',#845,#4323);
#4323 = DEFINITIONAL_REPRESENTATION('',(#4324),#4328);
#4324 = LINE('',#4325,#4326);
#4325 = CARTESIAN_POINT('',(0.,-25.));
#4326 = VECTOR('',#4327,1.);
#4327 = DIRECTION('',(1.,0.));
#4328 = ( GEOMETRIC_REPRESENTATION_CONTEXT(2) 
PARAMETRIC_REPRESENTATION_CONTEXT() REPRESENTATION_CONTEXT('2D SPACE',''
  ) );
#4329 = ADVANCED_FACE('',(#4330),#684,.F.);
#4330 = FACE_BOUND('',#4331,.F.);
#4331 = EDGE_LOOP('',(#4332,#4355,#4356,#4357));
#4332 = ORIENTED_EDGE('',*,*,#4333,.F.);
#4333 = EDGE_CURVE('',#4232,#4334,#4336,.T.);
#4334 = VERTEX_POINT('',#4335);
#4335 = CARTESIAN_POINT('',(-36.,-5.3,10.));
#4336 = SURFACE_CURVE('',#4337,(#4341,#4348),.PCURVE_S1.);
#4337 = LINE('',#4338,#4339);
#4338 = CARTESIAN_POINT('',(-36.,-14.,10.));
#4339 = VECTOR('',#4340,1.);
#4340 = DIRECTION('',(0.,1.,0.));
#4341 = PCURVE('',#684,#4342);
#4342 = DEFINITIONAL_REPRESENTATION('',(#4343),#4347);
#4343 = LINE('',#4344,#4345);
#4344 = CARTESIAN_POINT('',(2.,0.));
#4345 = VECTOR('',#4346,1.);
#4346 = DIRECTION('',(0.,-1.));
#4347 = ( GEOMETRIC_REPRESENTATION_CONTEXT(2) 
PARAMETRIC_REPRESENTATION_CONTEXT() REPRESENTATION_CONTEXT('2D SPACE',''
  ) );
#4348 = PCURVE('',#3747,#4349);
#4349 = DEFINITIONAL_REPRESENTATION('',(#4350),#4354);
#4350 = LINE('',#4351,#4352);
#4351 = CARTESIAN_POINT('',(0.,0.));
#4352 = VECTOR('',#4353,1.);
#4353 = DIRECTION('',(0.,1.));
#4354 = ( GEOMETRIC_REPRESENTATION_CONTEXT(2) 
PARAMETRIC_REPRESENTATION_CONTEXT() REPRESENTATION_CONTEXT('2D SPACE',''
  ) );
#4355 = ORIENTED_EDGE('',*,*,#4255,.F.);
#4356 = ORIENTED_EDGE('',*,*,#668,.T.);
#4357 = ORIENTED_EDGE('',*,*,#4358,.T.);
#4358 = EDGE_CURVE('',#669,#4334,#4359,.T.);
#4359 = SURFACE_CURVE('',#4360,(#4364,#4370),.PCURVE_S1.);
#4360 = LINE('',#4361,#4362);
#4361 = CARTESIAN_POINT('',(-36.,-5.3,3.625));
#4362 = VECTOR('',#4363,1.);
#4363 = DIRECTION('',(0.,0.,1.));
#4364 = PCURVE('',#684,#4365);
#4365 = DEFINITIONAL_REPRESENTATION('',(#4366),#4369);
#4366 = B_SPLINE_CURVE_WITH_KNOTS('',1,(#4367,#4368),.UNSPECIFIED.,.F.,
  .F.,(2,2),(4.375,6.375),.PIECEWISE_BEZIER_KNOTS.);
#4367 = CARTESIAN_POINT('',(0.,-8.7));
#4368 = CARTESIAN_POINT('',(2.,-8.7));
#4369 = ( GEOMETRIC_REPRESENTATION_CONTEXT(2) 
PARAMETRIC_REPRESENTATION_CONTEXT() REPRESENTATION_CONTEXT('2D SPACE',''
  ) );
#4370 = PCURVE('',#711,#4371);
#4371 = DEFINITIONAL_REPRESENTATION('',(#4372),#4375);
#4372 = B_SPLINE_CURVE_WITH_KNOTS('',1,(#4373,#4374),.UNSPECIFIED.,.F.,
  .F.,(2,2),(4.375,6.375),.PIECEWISE_BEZIER_KNOTS.);
#4373 = CARTESIAN_POINT('',(8.75,1.));
#4374 = CARTESIAN_POINT('',(10.75,1.));
#4375 = ( GEOMETRIC_REPRESENTATION_CONTEXT(2) 
PARAMETRIC_REPRESENTATION_CONTEXT() REPRESENTATION_CONTEXT('2D SPACE',''
  ) );
#4376 = ADVANCED_FACE('',(#4377),#845,.F.);
#4377 = FACE_BOUND('',#4378,.F.);
#4378 = EDGE_LOOP('',(#4379,#4402,#4421,#4422));
#4379 = ORIENTED_EDGE('',*,*,#4380,.F.);
#4380 = EDGE_CURVE('',#4381,#4282,#4383,.T.);
#4381 = VERTEX_POINT('',#4382);
#4382 = CARTESIAN_POINT('',(-36.,5.3,10.));
#4383 = SURFACE_CURVE('',#4384,(#4388,#4395),.PCURVE_S1.);
#4384 = LINE('',#4385,#4386);
#4385 = CARTESIAN_POINT('',(-36.,-14.,10.));
#4386 = VECTOR('',#4387,1.);
#4387 = DIRECTION('',(0.,1.,0.));
#4388 = PCURVE('',#845,#4389);
#4389 = DEFINITIONAL_REPRESENTATION('',(#4390),#4394);
#4390 = LINE('',#4391,#4392);
#4391 = CARTESIAN_POINT('',(2.,0.));
#4392 = VECTOR('',#4393,1.);
#4393 = DIRECTION('',(0.,-1.));
#4394 = ( GEOMETRIC_REPRESENTATION_CONTEXT(2) 
PARAMETRIC_REPRESENTATION_CONTEXT() REPRESENTATION_CONTEXT('2D SPACE',''
  ) );
#4395 = PCURVE('',#3895,#4396);
#4396 = DEFINITIONAL_REPRESENTATION('',(#4397),#4401);
#4397 = LINE('',#4398,#4399);
#4398 = CARTESIAN_POINT('',(0.,0.));
#4399 = VECTOR('',#4400,1.);
#4400 = DIRECTION('',(0.,1.));
#4401 = ( GEOMETRIC_REPRESENTATION_CONTEXT(2) 
PARAMETRIC_REPRESENTATION_CONTEXT() REPRESENTATION_CONTEXT('2D SPACE',''
  ) );
#4402 = ORIENTED_EDGE('',*,*,#4403,.F.);
#4403 = EDGE_CURVE('',#804,#4381,#4404,.T.);
#4404 = SURFACE_CURVE('',#4405,(#4409,#4415),.PCURVE_S1.);
#4405 = LINE('',#4406,#4407);
#4406 = CARTESIAN_POINT('',(-36.,5.3,3.625));
#4407 = VECTOR('',#4408,1.);
#4408 = DIRECTION('',(0.,0.,1.));
#4409 = PCURVE('',#845,#4410);
#4410 = DEFINITIONAL_REPRESENTATION('',(#4411),#4414);
#4411 = B_SPLINE_CURVE_WITH_KNOTS('',1,(#4412,#4413),.UNSPECIFIED.,.F.,
  .F.,(2,2),(4.375,6.375),.PIECEWISE_BEZIER_KNOTS.);
#4412 = CARTESIAN_POINT('',(0.,-19.3));
#4413 = CARTESIAN_POINT('',(2.,-19.3));
#4414 = ( GEOMETRIC_REPRESENTATION_CONTEXT(2) 
PARAMETRIC_REPRESENTATION_CONTEXT() REPRESENTATION_CONTEXT('2D SPACE',''
  ) );
#4415 = PCURVE('',#818,#4416);
#4416 = DEFINITIONAL_REPRESENTATION('',(#4417),#4420);
#4417 = B_SPLINE_CURVE_WITH_KNOTS('',1,(#4418,#4419),.UNSPECIFIED.,.F.,
  .F.,(2,2),(4.375,6.375),.PIECEWISE_BEZIER_KNOTS.);
#4418 = CARTESIAN_POINT('',(8.75,1.));
#4419 = CARTESIAN_POINT('',(10.75,1.));
#4420 = ( GEOMETRIC_REPRESENTATION_CONTEXT(2) 
PARAMETRIC_REPRESENTATION_CONTEXT() REPRESENTATION_CONTEXT('2D SPACE',''
  ) );
#4421 = ORIENTED_EDGE('',*,*,#829,.T.);
#4422 = ORIENTED_EDGE('',*,*,#4309,.T.);
#4423 = ADVANCED_FACE('',(#4424),#711,.T.);
#4424 = FACE_BOUND('',#4425,.T.);
#4425 = EDGE_LOOP('',(#4426,#4456,#4484,#4505,#4506,#4507,#4528,#4554,
    #4580,#4603,#4629,#4655));
#4426 = ORIENTED_EDGE('',*,*,#4427,.F.);
#4427 = EDGE_CURVE('',#4428,#4430,#4432,.T.);
#4428 = VERTEX_POINT('',#4429);
#4429 = CARTESIAN_POINT('',(-27.,-5.3,-0.75));
#4430 = VERTEX_POINT('',#4431);
#4431 = CARTESIAN_POINT('',(-27.,-5.3,-0.25));
#4432 = SURFACE_CURVE('',#4433,(#4437,#4444),.PCURVE_S1.);
#4433 = LINE('',#4434,#4435);
#4434 = CARTESIAN_POINT('',(-27.,-5.3,-0.75));
#4435 = VECTOR('',#4436,1.);
#4436 = DIRECTION('',(0.,0.,1.));
#4437 = PCURVE('',#711,#4438);
#4438 = DEFINITIONAL_REPRESENTATION('',(#4439),#4443);
#4439 = LINE('',#4440,#4441);
#4440 = CARTESIAN_POINT('',(0.,10.));
#4441 = VECTOR('',#4442,1.);
#4442 = DIRECTION('',(1.,0.));
#4443 = ( GEOMETRIC_REPRESENTATION_CONTEXT(2) 
PARAMETRIC_REPRESENTATION_CONTEXT() REPRESENTATION_CONTEXT('2D SPACE',''
  ) );
#4444 = PCURVE('',#4445,#4450);
#4445 = PLANE('',#4446);
#4446 = AXIS2_PLACEMENT_3D('',#4447,#4448,#4449);
#4447 = CARTESIAN_POINT('',(-27.,-5.3,-0.75));
#4448 = DIRECTION('',(1.,0.,0.));
#4449 = DIRECTION('',(0.,0.,1.));
#4450 = DEFINITIONAL_REPRESENTATION('',(#4451),#4455);
#4451 = LINE('',#4452,#4453);
#4452 = CARTESIAN_POINT('',(0.,0.));
#4453 = VECTOR('',#4454,1.);
#4454 = DIRECTION('',(1.,0.));
#4455 = ( GEOMETRIC_REPRESENTATION_CONTEXT(2) 
PARAMETRIC_REPRESENTATION_CONTEXT() REPRESENTATION_CONTEXT('2D SPACE',''
  ) );
#4456 = ORIENTED_EDGE('',*,*,#4457,.F.);
#4457 = EDGE_CURVE('',#4458,#4428,#4460,.T.);
#4458 = VERTEX_POINT('',#4459);
#4459 = CARTESIAN_POINT('',(-37.,-5.3,-0.75));
#4460 = SURFACE_CURVE('',#4461,(#4465,#4472),.PCURVE_S1.);
#4461 = LINE('',#4462,#4463);
#4462 = CARTESIAN_POINT('',(-37.,-5.3,-0.75));
#4463 = VECTOR('',#4464,1.);
#4464 = DIRECTION('',(1.,0.,0.));
#4465 = PCURVE('',#711,#4466);
#4466 = DEFINITIONAL_REPRESENTATION('',(#4467),#4471);
#4467 = LINE('',#4468,#4469);
#4468 = CARTESIAN_POINT('',(0.,0.));
#4469 = VECTOR('',#4470,1.);
#4470 = DIRECTION('',(0.,1.));
#4471 = ( GEOMETRIC_REPRESENTATION_CONTEXT(2) 
PARAMETRIC_REPRESENTATION_CONTEXT() REPRESENTATION_CONTEXT('2D SPACE',''
  ) );
#4472 = PCURVE('',#4473,#4478);
#4473 = PLANE('',#4474);
#4474 = AXIS2_PLACEMENT_3D('',#4475,#4476,#4477);
#4475 = CARTESIAN_POINT('',(-37.,-5.3,-0.75));
#4476 = DIRECTION('',(0.,0.,1.));
#4477 = DIRECTION('',(1.,0.,0.));
#4478 = DEFINITIONAL_REPRESENTATION('',(#4479),#4483);
#4479 = LINE('',#4480,#4481);
#4480 = CARTESIAN_POINT('',(0.,0.));
#4481 = VECTOR('',#4482,1.);
#4482 = DIRECTION('',(1.,0.));
#4483 = ( GEOMETRIC_REPRESENTATION_CONTEXT(2) 
PARAMETRIC_REPRESENTATION_CONTEXT() REPRESENTATION_CONTEXT('2D SPACE',''
  ) );
#4484 = ORIENTED_EDGE('',*,*,#4485,.T.);
#4485 = EDGE_CURVE('',#4458,#697,#4486,.T.);
#4486 = SURFACE_CURVE('',#4487,(#4491,#4498),.PCURVE_S1.);
#4487 = LINE('',#4488,#4489);
#4488 = CARTESIAN_POINT('',(-37.,-5.3,-0.75));
#4489 = VECTOR('',#4490,1.);
#4490 = DIRECTION('',(0.,0.,1.));
#4491 = PCURVE('',#711,#4492);
#4492 = DEFINITIONAL_REPRESENTATION('',(#4493),#4497);
#4493 = LINE('',#4494,#4495);
#4494 = CARTESIAN_POINT('',(0.,0.));
#4495 = VECTOR('',#4496,1.);
#4496 = DIRECTION('',(1.,0.));
#4497 = ( GEOMETRIC_REPRESENTATION_CONTEXT(2) 
PARAMETRIC_REPRESENTATION_CONTEXT() REPRESENTATION_CONTEXT('2D SPACE',''
  ) );
#4498 = PCURVE('',#737,#4499);
#4499 = DEFINITIONAL_REPRESENTATION('',(#4500),#4504);
#4500 = LINE('',#4501,#4502);
#4501 = CARTESIAN_POINT('',(0.,0.));
#4502 = VECTOR('',#4503,1.);
#4503 = DIRECTION('',(1.,0.));
#4504 = ( GEOMETRIC_REPRESENTATION_CONTEXT(2) 
PARAMETRIC_REPRESENTATION_CONTEXT() REPRESENTATION_CONTEXT('2D SPACE',''
  ) );
#4505 = ORIENTED_EDGE('',*,*,#696,.F.);
#4506 = ORIENTED_EDGE('',*,*,#4358,.T.);
#4507 = ORIENTED_EDGE('',*,*,#4508,.F.);
#4508 = EDGE_CURVE('',#4509,#4334,#4511,.T.);
#4509 = VERTEX_POINT('',#4510);
#4510 = CARTESIAN_POINT('',(-34.,-5.3,10.));
#4511 = SURFACE_CURVE('',#4512,(#4516,#4522),.PCURVE_S1.);
#4512 = LINE('',#4513,#4514);
#4513 = CARTESIAN_POINT('',(-36.5,-5.3,10.));
#4514 = VECTOR('',#4515,1.);
#4515 = DIRECTION('',(-1.,0.,0.));
#4516 = PCURVE('',#711,#4517);
#4517 = DEFINITIONAL_REPRESENTATION('',(#4518),#4521);
#4518 = B_SPLINE_CURVE_WITH_KNOTS('',1,(#4519,#4520),.UNSPECIFIED.,.F.,
  .F.,(2,2),(-9.5,-0.5),.PIECEWISE_BEZIER_KNOTS.);
#4519 = CARTESIAN_POINT('',(10.75,10.));
#4520 = CARTESIAN_POINT('',(10.75,1.));
#4521 = ( GEOMETRIC_REPRESENTATION_CONTEXT(2) 
PARAMETRIC_REPRESENTATION_CONTEXT() REPRESENTATION_CONTEXT('2D SPACE',''
  ) );
#4522 = PCURVE('',#3747,#4523);
#4523 = DEFINITIONAL_REPRESENTATION('',(#4524),#4527);
#4524 = B_SPLINE_CURVE_WITH_KNOTS('',1,(#4525,#4526),.UNSPECIFIED.,.F.,
  .F.,(2,2),(-9.5,-0.5),.PIECEWISE_BEZIER_KNOTS.);
#4525 = CARTESIAN_POINT('',(9.,8.7));
#4526 = CARTESIAN_POINT('',(0.,8.7));
#4527 = ( GEOMETRIC_REPRESENTATION_CONTEXT(2) 
PARAMETRIC_REPRESENTATION_CONTEXT() REPRESENTATION_CONTEXT('2D SPACE',''
  ) );
#4528 = ORIENTED_EDGE('',*,*,#4529,.F.);
#4529 = EDGE_CURVE('',#4530,#4509,#4532,.T.);
#4530 = VERTEX_POINT('',#4531);
#4531 = CARTESIAN_POINT('',(-34.,-5.3,8.));
#4532 = SURFACE_CURVE('',#4533,(#4537,#4543),.PCURVE_S1.);
#4533 = LINE('',#4534,#4535);
#4534 = CARTESIAN_POINT('',(-34.,-5.3,3.125));
#4535 = VECTOR('',#4536,1.);
#4536 = DIRECTION('',(0.,0.,1.));
#4537 = PCURVE('',#711,#4538);
#4538 = DEFINITIONAL_REPRESENTATION('',(#4539),#4542);
#4539 = B_SPLINE_CURVE_WITH_KNOTS('',1,(#4540,#4541),.UNSPECIFIED.,.F.,
  .F.,(2,2),(4.875,6.875),.PIECEWISE_BEZIER_KNOTS.);
#4540 = CARTESIAN_POINT('',(8.75,3.));
#4541 = CARTESIAN_POINT('',(10.75,3.));
#4542 = ( GEOMETRIC_REPRESENTATION_CONTEXT(2) 
PARAMETRIC_REPRESENTATION_CONTEXT() REPRESENTATION_CONTEXT('2D SPACE',''
  ) );
#4543 = PCURVE('',#4544,#4549);
#4544 = PLANE('',#4545);
#4545 = AXIS2_PLACEMENT_3D('',#4546,#4547,#4548);
#4546 = CARTESIAN_POINT('',(-34.,-12.,7.));
#4547 = DIRECTION('',(1.,0.,0.));
#4548 = DIRECTION('',(0.,0.,1.));
#4549 = DEFINITIONAL_REPRESENTATION('',(#4550),#4553);
#4550 = B_SPLINE_CURVE_WITH_KNOTS('',1,(#4551,#4552),.UNSPECIFIED.,.F.,
  .F.,(2,2),(4.875,6.875),.PIECEWISE_BEZIER_KNOTS.);
#4551 = CARTESIAN_POINT('',(1.,-6.7));
#4552 = CARTESIAN_POINT('',(3.,-6.7));
#4553 = ( GEOMETRIC_REPRESENTATION_CONTEXT(2) 
PARAMETRIC_REPRESENTATION_CONTEXT() REPRESENTATION_CONTEXT('2D SPACE',''
  ) );
#4554 = ORIENTED_EDGE('',*,*,#4555,.F.);
#4555 = EDGE_CURVE('',#4556,#4530,#4558,.T.);
#4556 = VERTEX_POINT('',#4557);
#4557 = CARTESIAN_POINT('',(-27.,-5.3,8.));
#4558 = SURFACE_CURVE('',#4559,(#4563,#4569),.PCURVE_S1.);
#4559 = LINE('',#4560,#4561);
#4560 = CARTESIAN_POINT('',(-37.5,-5.3,8.));
#4561 = VECTOR('',#4562,1.);
#4562 = DIRECTION('',(-1.,0.,0.));
#4563 = PCURVE('',#711,#4564);
#4564 = DEFINITIONAL_REPRESENTATION('',(#4565),#4568);
#4565 = B_SPLINE_CURVE_WITH_KNOTS('',1,(#4566,#4567),.UNSPECIFIED.,.F.,
  .F.,(2,2),(-10.5,-3.5),.PIECEWISE_BEZIER_KNOTS.);
#4566 = CARTESIAN_POINT('',(8.75,10.));
#4567 = CARTESIAN_POINT('',(8.75,3.));
#4568 = ( GEOMETRIC_REPRESENTATION_CONTEXT(2) 
PARAMETRIC_REPRESENTATION_CONTEXT() REPRESENTATION_CONTEXT('2D SPACE',''
  ) );
#4569 = PCURVE('',#4570,#4575);
#4570 = PLANE('',#4571);
#4571 = AXIS2_PLACEMENT_3D('',#4572,#4573,#4574);
#4572 = CARTESIAN_POINT('',(-38.,-15.,8.));
#4573 = DIRECTION('',(0.,0.,1.));
#4574 = DIRECTION('',(1.,0.,0.));
#4575 = DEFINITIONAL_REPRESENTATION('',(#4576),#4579);
#4576 = B_SPLINE_CURVE_WITH_KNOTS('',1,(#4577,#4578),.UNSPECIFIED.,.F.,
  .F.,(2,2),(-10.5,-3.5),.PIECEWISE_BEZIER_KNOTS.);
#4577 = CARTESIAN_POINT('',(11.,9.7));
#4578 = CARTESIAN_POINT('',(4.,9.7));
#4579 = ( GEOMETRIC_REPRESENTATION_CONTEXT(2) 
PARAMETRIC_REPRESENTATION_CONTEXT() REPRESENTATION_CONTEXT('2D SPACE',''
  ) );
#4580 = ORIENTED_EDGE('',*,*,#4581,.F.);
#4581 = EDGE_CURVE('',#4582,#4556,#4584,.T.);
#4582 = VERTEX_POINT('',#4583);
#4583 = CARTESIAN_POINT('',(-27.,-5.3,1.75));
#4584 = SURFACE_CURVE('',#4585,(#4589,#4596),.PCURVE_S1.);
#4585 = LINE('',#4586,#4587);
#4586 = CARTESIAN_POINT('',(-27.,-5.3,-0.75));
#4587 = VECTOR('',#4588,1.);
#4588 = DIRECTION('',(0.,0.,1.));
#4589 = PCURVE('',#711,#4590);
#4590 = DEFINITIONAL_REPRESENTATION('',(#4591),#4595);
#4591 = LINE('',#4592,#4593);
#4592 = CARTESIAN_POINT('',(0.,10.));
#4593 = VECTOR('',#4594,1.);
#4594 = DIRECTION('',(1.,0.));
#4595 = ( GEOMETRIC_REPRESENTATION_CONTEXT(2) 
PARAMETRIC_REPRESENTATION_CONTEXT() REPRESENTATION_CONTEXT('2D SPACE',''
  ) );
#4596 = PCURVE('',#4445,#4597);
#4597 = DEFINITIONAL_REPRESENTATION('',(#4598),#4602);
#4598 = LINE('',#4599,#4600);
#4599 = CARTESIAN_POINT('',(0.,0.));
#4600 = VECTOR('',#4601,1.);
#4601 = DIRECTION('',(1.,0.));
#4602 = ( GEOMETRIC_REPRESENTATION_CONTEXT(2) 
PARAMETRIC_REPRESENTATION_CONTEXT() REPRESENTATION_CONTEXT('2D SPACE',''
  ) );
#4603 = ORIENTED_EDGE('',*,*,#4604,.F.);
#4604 = EDGE_CURVE('',#4605,#4582,#4607,.T.);
#4605 = VERTEX_POINT('',#4606);
#4606 = CARTESIAN_POINT('',(-28.5,-5.3,1.75));
#4607 = SURFACE_CURVE('',#4608,(#4612,#4618),.PCURVE_S1.);
#4608 = LINE('',#4609,#4610);
#4609 = CARTESIAN_POINT('',(-32.75,-5.3,1.75));
#4610 = VECTOR('',#4611,1.);
#4611 = DIRECTION('',(1.,0.,0.));
#4612 = PCURVE('',#711,#4613);
#4613 = DEFINITIONAL_REPRESENTATION('',(#4614),#4617);
#4614 = B_SPLINE_CURVE_WITH_KNOTS('',1,(#4615,#4616),.UNSPECIFIED.,.F.,
  .F.,(2,2),(4.25,5.75),.PIECEWISE_BEZIER_KNOTS.);
#4615 = CARTESIAN_POINT('',(2.5,8.5));
#4616 = CARTESIAN_POINT('',(2.5,10.));
#4617 = ( GEOMETRIC_REPRESENTATION_CONTEXT(2) 
PARAMETRIC_REPRESENTATION_CONTEXT() REPRESENTATION_CONTEXT('2D SPACE',''
  ) );
#4618 = PCURVE('',#4619,#4624);
#4619 = PLANE('',#4620);
#4620 = AXIS2_PLACEMENT_3D('',#4621,#4622,#4623);
#4621 = CARTESIAN_POINT('',(-28.5,-6.25,1.75));
#4622 = DIRECTION('',(0.,0.,1.));
#4623 = DIRECTION('',(1.,0.,0.));
#4624 = DEFINITIONAL_REPRESENTATION('',(#4625),#4628);
#4625 = B_SPLINE_CURVE_WITH_KNOTS('',1,(#4626,#4627),.UNSPECIFIED.,.F.,
  .F.,(2,2),(4.25,5.75),.PIECEWISE_BEZIER_KNOTS.);
#4626 = CARTESIAN_POINT('',(0.,0.95));
#4627 = CARTESIAN_POINT('',(1.5,0.95));
#4628 = ( GEOMETRIC_REPRESENTATION_CONTEXT(2) 
PARAMETRIC_REPRESENTATION_CONTEXT() REPRESENTATION_CONTEXT('2D SPACE',''
  ) );
#4629 = ORIENTED_EDGE('',*,*,#4630,.T.);
#4630 = EDGE_CURVE('',#4605,#4631,#4633,.T.);
#4631 = VERTEX_POINT('',#4632);
#4632 = CARTESIAN_POINT('',(-28.5,-5.3,-0.25));
#4633 = SURFACE_CURVE('',#4634,(#4638,#4644),.PCURVE_S1.);
#4634 = LINE('',#4635,#4636);
#4635 = CARTESIAN_POINT('',(-28.5,-5.3,-0.5));
#4636 = VECTOR('',#4637,1.);
#4637 = DIRECTION('',(0.,0.,-1.));
#4638 = PCURVE('',#711,#4639);
#4639 = DEFINITIONAL_REPRESENTATION('',(#4640),#4643);
#4640 = B_SPLINE_CURVE_WITH_KNOTS('',1,(#4641,#4642),.UNSPECIFIED.,.F.,
  .F.,(2,2),(-2.25,-0.25),.PIECEWISE_BEZIER_KNOTS.);
#4641 = CARTESIAN_POINT('',(2.5,8.5));
#4642 = CARTESIAN_POINT('',(0.5,8.5));
#4643 = ( GEOMETRIC_REPRESENTATION_CONTEXT(2) 
PARAMETRIC_REPRESENTATION_CONTEXT() REPRESENTATION_CONTEXT('2D SPACE',''
  ) );
#4644 = PCURVE('',#4645,#4650);
#4645 = PLANE('',#4646);
#4646 = AXIS2_PLACEMENT_3D('',#4647,#4648,#4649);
#4647 = CARTESIAN_POINT('',(-28.5,-6.25,-0.25));
#4648 = DIRECTION('',(1.,0.,0.));
#4649 = DIRECTION('',(0.,0.,1.));
#4650 = DEFINITIONAL_REPRESENTATION('',(#4651),#4654);
#4651 = B_SPLINE_CURVE_WITH_KNOTS('',1,(#4652,#4653),.UNSPECIFIED.,.F.,
  .F.,(2,2),(-2.25,-0.25),.PIECEWISE_BEZIER_KNOTS.);
#4652 = CARTESIAN_POINT('',(2.,-0.95));
#4653 = CARTESIAN_POINT('',(0.,-0.95));
#4654 = ( GEOMETRIC_REPRESENTATION_CONTEXT(2) 
PARAMETRIC_REPRESENTATION_CONTEXT() REPRESENTATION_CONTEXT('2D SPACE',''
  ) );
#4655 = ORIENTED_EDGE('',*,*,#4656,.T.);
#4656 = EDGE_CURVE('',#4631,#4430,#4657,.T.);
#4657 = SURFACE_CURVE('',#4658,(#4662,#4668),.PCURVE_S1.);
#4658 = LINE('',#4659,#4660);
#4659 = CARTESIAN_POINT('',(-32.75,-5.3,-0.25));
#4660 = VECTOR('',#4661,1.);
#4661 = DIRECTION('',(1.,0.,0.));
#4662 = PCURVE('',#711,#4663);
#4663 = DEFINITIONAL_REPRESENTATION('',(#4664),#4667);
#4664 = B_SPLINE_CURVE_WITH_KNOTS('',1,(#4665,#4666),.UNSPECIFIED.,.F.,
  .F.,(2,2),(4.25,5.75),.PIECEWISE_BEZIER_KNOTS.);
#4665 = CARTESIAN_POINT('',(0.5,8.5));
#4666 = CARTESIAN_POINT('',(0.5,10.));
#4667 = ( GEOMETRIC_REPRESENTATION_CONTEXT(2) 
PARAMETRIC_REPRESENTATION_CONTEXT() REPRESENTATION_CONTEXT('2D SPACE',''
  ) );
#4668 = PCURVE('',#4669,#4674);
#4669 = PLANE('',#4670);
#4670 = AXIS2_PLACEMENT_3D('',#4671,#4672,#4673);
#4671 = CARTESIAN_POINT('',(-28.5,-6.25,-0.25));
#4672 = DIRECTION('',(0.,0.,1.));
#4673 = DIRECTION('',(1.,0.,0.));
#4674 = DEFINITIONAL_REPRESENTATION('',(#4675),#4678);
#4675 = B_SPLINE_CURVE_WITH_KNOTS('',1,(#4676,#4677),.UNSPECIFIED.,.F.,
  .F.,(2,2),(4.25,5.75),.PIECEWISE_BEZIER_KNOTS.);
#4676 = CARTESIAN_POINT('',(0.,0.95));
#4677 = CARTESIAN_POINT('',(1.5,0.95));
#4678 = ( GEOMETRIC_REPRESENTATION_CONTEXT(2) 
PARAMETRIC_REPRESENTATION_CONTEXT() REPRESENTATION_CONTEXT('2D SPACE',''
  ) );
#4679 = ADVANCED_FACE('',(#4680),#818,.F.);
#4680 = FACE_BOUND('',#4681,.F.);
#4681 = EDGE_LOOP('',(#4682,#4707,#4730,#4751,#4777,#4798,#4821,#4842,
    #4843,#4844,#4865,#4891));
#4682 = ORIENTED_EDGE('',*,*,#4683,.F.);
#4683 = EDGE_CURVE('',#4684,#4686,#4688,.T.);
#4684 = VERTEX_POINT('',#4685);
#4685 = CARTESIAN_POINT('',(-27.,5.3,-0.75));
#4686 = VERTEX_POINT('',#4687);
#4687 = CARTESIAN_POINT('',(-27.,5.3,8.));
#4688 = SURFACE_CURVE('',#4689,(#4693,#4700),.PCURVE_S1.);
#4689 = LINE('',#4690,#4691);
#4690 = CARTESIAN_POINT('',(-27.,5.3,-0.75));
#4691 = VECTOR('',#4692,1.);
#4692 = DIRECTION('',(0.,0.,1.));
#4693 = PCURVE('',#818,#4694);
#4694 = DEFINITIONAL_REPRESENTATION('',(#4695),#4699);
#4695 = LINE('',#4696,#4697);
#4696 = CARTESIAN_POINT('',(0.,10.));
#4697 = VECTOR('',#4698,1.);
#4698 = DIRECTION('',(1.,0.));
#4699 = ( GEOMETRIC_REPRESENTATION_CONTEXT(2) 
PARAMETRIC_REPRESENTATION_CONTEXT() REPRESENTATION_CONTEXT('2D SPACE',''
  ) );
#4700 = PCURVE('',#4445,#4701);
#4701 = DEFINITIONAL_REPRESENTATION('',(#4702),#4706);
#4702 = LINE('',#4703,#4704);
#4703 = CARTESIAN_POINT('',(0.,-10.6));
#4704 = VECTOR('',#4705,1.);
#4705 = DIRECTION('',(1.,0.));
#4706 = ( GEOMETRIC_REPRESENTATION_CONTEXT(2) 
PARAMETRIC_REPRESENTATION_CONTEXT() REPRESENTATION_CONTEXT('2D SPACE',''
  ) );
#4707 = ORIENTED_EDGE('',*,*,#4708,.F.);
#4708 = EDGE_CURVE('',#4709,#4684,#4711,.T.);
#4709 = VERTEX_POINT('',#4710);
#4710 = CARTESIAN_POINT('',(-29.78653389004,5.3,-0.75));
#4711 = SURFACE_CURVE('',#4712,(#4716,#4723),.PCURVE_S1.);
#4712 = LINE('',#4713,#4714);
#4713 = CARTESIAN_POINT('',(-37.,5.3,-0.75));
#4714 = VECTOR('',#4715,1.);
#4715 = DIRECTION('',(1.,0.,0.));
#4716 = PCURVE('',#818,#4717);
#4717 = DEFINITIONAL_REPRESENTATION('',(#4718),#4722);
#4718 = LINE('',#4719,#4720);
#4719 = CARTESIAN_POINT('',(0.,0.));
#4720 = VECTOR('',#4721,1.);
#4721 = DIRECTION('',(0.,1.));
#4722 = ( GEOMETRIC_REPRESENTATION_CONTEXT(2) 
PARAMETRIC_REPRESENTATION_CONTEXT() REPRESENTATION_CONTEXT('2D SPACE',''
  ) );
#4723 = PCURVE('',#4473,#4724);
#4724 = DEFINITIONAL_REPRESENTATION('',(#4725),#4729);
#4725 = LINE('',#4726,#4727);
#4726 = CARTESIAN_POINT('',(0.,10.6));
#4727 = VECTOR('',#4728,1.);
#4728 = DIRECTION('',(1.,0.));
#4729 = ( GEOMETRIC_REPRESENTATION_CONTEXT(2) 
PARAMETRIC_REPRESENTATION_CONTEXT() REPRESENTATION_CONTEXT('2D SPACE',''
  ) );
#4730 = ORIENTED_EDGE('',*,*,#4731,.T.);
#4731 = EDGE_CURVE('',#4709,#4732,#4734,.T.);
#4732 = VERTEX_POINT('',#4733);
#4733 = CARTESIAN_POINT('',(-29.78653389004,5.3,2.));
#4734 = SURFACE_CURVE('',#4735,(#4739,#4745),.PCURVE_S1.);
#4735 = LINE('',#4736,#4737);
#4736 = CARTESIAN_POINT('',(-29.78653389004,5.3,-6.));
#4737 = VECTOR('',#4738,1.);
#4738 = DIRECTION('',(0.,0.,1.));
#4739 = PCURVE('',#818,#4740);
#4740 = DEFINITIONAL_REPRESENTATION('',(#4741),#4744);
#4741 = B_SPLINE_CURVE_WITH_KNOTS('',1,(#4742,#4743),.UNSPECIFIED.,.F.,
  .F.,(2,2),(4.175,8.0000006),.PIECEWISE_BEZIER_KNOTS.);
#4742 = CARTESIAN_POINT('',(-1.075,7.213466109951));
#4743 = CARTESIAN_POINT('',(2.7500006,7.213466109951));
#4744 = ( GEOMETRIC_REPRESENTATION_CONTEXT(2) 
PARAMETRIC_REPRESENTATION_CONTEXT() REPRESENTATION_CONTEXT('2D SPACE',''
  ) );
#4745 = PCURVE('',#1821,#4746);
#4746 = DEFINITIONAL_REPRESENTATION('',(#4747),#4750);
#4747 = B_SPLINE_CURVE_WITH_KNOTS('',1,(#4748,#4749),.UNSPECIFIED.,.F.,
  .F.,(2,2),(4.175,8.0000006),.PIECEWISE_BEZIER_KNOTS.);
#4748 = CARTESIAN_POINT('',(0.242365851039,4.175));
#4749 = CARTESIAN_POINT('',(0.242365851039,8.0000006));
#4750 = ( GEOMETRIC_REPRESENTATION_CONTEXT(2) 
PARAMETRIC_REPRESENTATION_CONTEXT() REPRESENTATION_CONTEXT('2D SPACE',''
  ) );
#4751 = ORIENTED_EDGE('',*,*,#4752,.F.);
#4752 = EDGE_CURVE('',#4753,#4732,#4755,.T.);
#4753 = VERTEX_POINT('',#4754);
#4754 = CARTESIAN_POINT('',(-32.21346610995,5.3,2.));
#4755 = SURFACE_CURVE('',#4756,(#4760,#4766),.PCURVE_S1.);
#4756 = LINE('',#4757,#4758);
#4757 = CARTESIAN_POINT('',(-34.,5.3,2.));
#4758 = VECTOR('',#4759,1.);
#4759 = DIRECTION('',(1.,0.,0.));
#4760 = PCURVE('',#818,#4761);
#4761 = DEFINITIONAL_REPRESENTATION('',(#4762),#4765);
#4762 = B_SPLINE_CURVE_WITH_KNOTS('',1,(#4763,#4764),.UNSPECIFIED.,.F.,
  .F.,(2,2),(1.75,4.25),.PIECEWISE_BEZIER_KNOTS.);
#4763 = CARTESIAN_POINT('',(2.75,4.75));
#4764 = CARTESIAN_POINT('',(2.75,7.25));
#4765 = ( GEOMETRIC_REPRESENTATION_CONTEXT(2) 
PARAMETRIC_REPRESENTATION_CONTEXT() REPRESENTATION_CONTEXT('2D SPACE',''
  ) );
#4766 = PCURVE('',#4767,#4772);
#4767 = PLANE('',#4768);
#4768 = AXIS2_PLACEMENT_3D('',#4769,#4770,#4771);
#4769 = CARTESIAN_POINT('',(-31.,5.,2.));
#4770 = DIRECTION('',(0.,0.,1.));
#4771 = DIRECTION('',(1.,0.,-0.));
#4772 = DEFINITIONAL_REPRESENTATION('',(#4773),#4776);
#4773 = B_SPLINE_CURVE_WITH_KNOTS('',1,(#4774,#4775),.UNSPECIFIED.,.F.,
  .F.,(2,2),(1.75,4.25),.PIECEWISE_BEZIER_KNOTS.);
#4774 = CARTESIAN_POINT('',(-1.25,0.3));
#4775 = CARTESIAN_POINT('',(1.25,0.3));
#4776 = ( GEOMETRIC_REPRESENTATION_CONTEXT(2) 
PARAMETRIC_REPRESENTATION_CONTEXT() REPRESENTATION_CONTEXT('2D SPACE',''
  ) );
#4777 = ORIENTED_EDGE('',*,*,#4778,.F.);
#4778 = EDGE_CURVE('',#4779,#4753,#4781,.T.);
#4779 = VERTEX_POINT('',#4780);
#4780 = CARTESIAN_POINT('',(-32.21346610995,5.3,-0.75));
#4781 = SURFACE_CURVE('',#4782,(#4786,#4792),.PCURVE_S1.);
#4782 = LINE('',#4783,#4784);
#4783 = CARTESIAN_POINT('',(-32.21346610995,5.3,-6.));
#4784 = VECTOR('',#4785,1.);
#4785 = DIRECTION('',(0.,0.,1.));
#4786 = PCURVE('',#818,#4787);
#4787 = DEFINITIONAL_REPRESENTATION('',(#4788),#4791);
#4788 = B_SPLINE_CURVE_WITH_KNOTS('',1,(#4789,#4790),.UNSPECIFIED.,.F.,
  .F.,(2,2),(4.175,8.0000006),.PIECEWISE_BEZIER_KNOTS.);
#4789 = CARTESIAN_POINT('',(-1.075,4.786533890049));
#4790 = CARTESIAN_POINT('',(2.7500006,4.786533890049));
#4791 = ( GEOMETRIC_REPRESENTATION_CONTEXT(2) 
PARAMETRIC_REPRESENTATION_CONTEXT() REPRESENTATION_CONTEXT('2D SPACE',''
  ) );
#4792 = PCURVE('',#1821,#4793);
#4793 = DEFINITIONAL_REPRESENTATION('',(#4794),#4797);
#4794 = B_SPLINE_CURVE_WITH_KNOTS('',1,(#4795,#4796),.UNSPECIFIED.,.F.,
  .F.,(2,2),(4.175,8.0000006),.PIECEWISE_BEZIER_KNOTS.);
#4795 = CARTESIAN_POINT('',(2.899226802551,4.175));
#4796 = CARTESIAN_POINT('',(2.899226802551,8.0000006));
#4797 = ( GEOMETRIC_REPRESENTATION_CONTEXT(2) 
PARAMETRIC_REPRESENTATION_CONTEXT() REPRESENTATION_CONTEXT('2D SPACE',''
  ) );
#4798 = ORIENTED_EDGE('',*,*,#4799,.F.);
#4799 = EDGE_CURVE('',#4800,#4779,#4802,.T.);
#4800 = VERTEX_POINT('',#4801);
#4801 = CARTESIAN_POINT('',(-37.,5.3,-0.75));
#4802 = SURFACE_CURVE('',#4803,(#4807,#4814),.PCURVE_S1.);
#4803 = LINE('',#4804,#4805);
#4804 = CARTESIAN_POINT('',(-37.,5.3,-0.75));
#4805 = VECTOR('',#4806,1.);
#4806 = DIRECTION('',(1.,0.,0.));
#4807 = PCURVE('',#818,#4808);
#4808 = DEFINITIONAL_REPRESENTATION('',(#4809),#4813);
#4809 = LINE('',#4810,#4811);
#4810 = CARTESIAN_POINT('',(0.,0.));
#4811 = VECTOR('',#4812,1.);
#4812 = DIRECTION('',(0.,1.));
#4813 = ( GEOMETRIC_REPRESENTATION_CONTEXT(2) 
PARAMETRIC_REPRESENTATION_CONTEXT() REPRESENTATION_CONTEXT('2D SPACE',''
  ) );
#4814 = PCURVE('',#4473,#4815);
#4815 = DEFINITIONAL_REPRESENTATION('',(#4816),#4820);
#4816 = LINE('',#4817,#4818);
#4817 = CARTESIAN_POINT('',(0.,10.6));
#4818 = VECTOR('',#4819,1.);
#4819 = DIRECTION('',(1.,0.));
#4820 = ( GEOMETRIC_REPRESENTATION_CONTEXT(2) 
PARAMETRIC_REPRESENTATION_CONTEXT() REPRESENTATION_CONTEXT('2D SPACE',''
  ) );
#4821 = ORIENTED_EDGE('',*,*,#4822,.T.);
#4822 = EDGE_CURVE('',#4800,#778,#4823,.T.);
#4823 = SURFACE_CURVE('',#4824,(#4828,#4835),.PCURVE_S1.);
#4824 = LINE('',#4825,#4826);
#4825 = CARTESIAN_POINT('',(-37.,5.3,-0.75));
#4826 = VECTOR('',#4827,1.);
#4827 = DIRECTION('',(0.,0.,1.));
#4828 = PCURVE('',#818,#4829);
#4829 = DEFINITIONAL_REPRESENTATION('',(#4830),#4834);
#4830 = LINE('',#4831,#4832);
#4831 = CARTESIAN_POINT('',(0.,0.));
#4832 = VECTOR('',#4833,1.);
#4833 = DIRECTION('',(1.,0.));
#4834 = ( GEOMETRIC_REPRESENTATION_CONTEXT(2) 
PARAMETRIC_REPRESENTATION_CONTEXT() REPRESENTATION_CONTEXT('2D SPACE',''
  ) );
#4835 = PCURVE('',#792,#4836);
#4836 = DEFINITIONAL_REPRESENTATION('',(#4837),#4841);
#4837 = LINE('',#4838,#4839);
#4838 = CARTESIAN_POINT('',(0.,-10.6));
#4839 = VECTOR('',#4840,1.);
#4840 = DIRECTION('',(1.,0.));
#4841 = ( GEOMETRIC_REPRESENTATION_CONTEXT(2) 
PARAMETRIC_REPRESENTATION_CONTEXT() REPRESENTATION_CONTEXT('2D SPACE',''
  ) );
#4842 = ORIENTED_EDGE('',*,*,#803,.F.);
#4843 = ORIENTED_EDGE('',*,*,#4403,.T.);
#4844 = ORIENTED_EDGE('',*,*,#4845,.F.);
#4845 = EDGE_CURVE('',#4846,#4381,#4848,.T.);
#4846 = VERTEX_POINT('',#4847);
#4847 = CARTESIAN_POINT('',(-34.,5.3,10.));
#4848 = SURFACE_CURVE('',#4849,(#4853,#4859),.PCURVE_S1.);
#4849 = LINE('',#4850,#4851);
#4850 = CARTESIAN_POINT('',(-36.5,5.3,10.));
#4851 = VECTOR('',#4852,1.);
#4852 = DIRECTION('',(-1.,0.,0.));
#4853 = PCURVE('',#818,#4854);
#4854 = DEFINITIONAL_REPRESENTATION('',(#4855),#4858);
#4855 = B_SPLINE_CURVE_WITH_KNOTS('',1,(#4856,#4857),.UNSPECIFIED.,.F.,
  .F.,(2,2),(-9.5,-0.5),.PIECEWISE_BEZIER_KNOTS.);
#4856 = CARTESIAN_POINT('',(10.75,10.));
#4857 = CARTESIAN_POINT('',(10.75,1.));
#4858 = ( GEOMETRIC_REPRESENTATION_CONTEXT(2) 
PARAMETRIC_REPRESENTATION_CONTEXT() REPRESENTATION_CONTEXT('2D SPACE',''
  ) );
#4859 = PCURVE('',#3895,#4860);
#4860 = DEFINITIONAL_REPRESENTATION('',(#4861),#4864);
#4861 = B_SPLINE_CURVE_WITH_KNOTS('',1,(#4862,#4863),.UNSPECIFIED.,.F.,
  .F.,(2,2),(-9.5,-0.5),.PIECEWISE_BEZIER_KNOTS.);
#4862 = CARTESIAN_POINT('',(9.,19.3));
#4863 = CARTESIAN_POINT('',(0.,19.3));
#4864 = ( GEOMETRIC_REPRESENTATION_CONTEXT(2) 
PARAMETRIC_REPRESENTATION_CONTEXT() REPRESENTATION_CONTEXT('2D SPACE',''
  ) );
#4865 = ORIENTED_EDGE('',*,*,#4866,.F.);
#4866 = EDGE_CURVE('',#4867,#4846,#4869,.T.);
#4867 = VERTEX_POINT('',#4868);
#4868 = CARTESIAN_POINT('',(-34.,5.3,8.));
#4869 = SURFACE_CURVE('',#4870,(#4874,#4880),.PCURVE_S1.);
#4870 = LINE('',#4871,#4872);
#4871 = CARTESIAN_POINT('',(-34.,5.3,3.125));
#4872 = VECTOR('',#4873,1.);
#4873 = DIRECTION('',(0.,0.,1.));
#4874 = PCURVE('',#818,#4875);
#4875 = DEFINITIONAL_REPRESENTATION('',(#4876),#4879);
#4876 = B_SPLINE_CURVE_WITH_KNOTS('',1,(#4877,#4878),.UNSPECIFIED.,.F.,
  .F.,(2,2),(4.875,6.875),.PIECEWISE_BEZIER_KNOTS.);
#4877 = CARTESIAN_POINT('',(8.75,3.));
#4878 = CARTESIAN_POINT('',(10.75,3.));
#4879 = ( GEOMETRIC_REPRESENTATION_CONTEXT(2) 
PARAMETRIC_REPRESENTATION_CONTEXT() REPRESENTATION_CONTEXT('2D SPACE',''
  ) );
#4880 = PCURVE('',#4881,#4886);
#4881 = PLANE('',#4882);
#4882 = AXIS2_PLACEMENT_3D('',#4883,#4884,#4885);
#4883 = CARTESIAN_POINT('',(-34.,-12.,7.));
#4884 = DIRECTION('',(1.,0.,0.));
#4885 = DIRECTION('',(0.,0.,1.));
#4886 = DEFINITIONAL_REPRESENTATION('',(#4887),#4890);
#4887 = B_SPLINE_CURVE_WITH_KNOTS('',1,(#4888,#4889),.UNSPECIFIED.,.F.,
  .F.,(2,2),(4.875,6.875),.PIECEWISE_BEZIER_KNOTS.);
#4888 = CARTESIAN_POINT('',(1.,-17.3));
#4889 = CARTESIAN_POINT('',(3.,-17.3));
#4890 = ( GEOMETRIC_REPRESENTATION_CONTEXT(2) 
PARAMETRIC_REPRESENTATION_CONTEXT() REPRESENTATION_CONTEXT('2D SPACE',''
  ) );
#4891 = ORIENTED_EDGE('',*,*,#4892,.F.);
#4892 = EDGE_CURVE('',#4686,#4867,#4893,.T.);
#4893 = SURFACE_CURVE('',#4894,(#4898,#4904),.PCURVE_S1.);
#4894 = LINE('',#4895,#4896);
#4895 = CARTESIAN_POINT('',(-37.5,5.3,8.));
#4896 = VECTOR('',#4897,1.);
#4897 = DIRECTION('',(-1.,0.,0.));
#4898 = PCURVE('',#818,#4899);
#4899 = DEFINITIONAL_REPRESENTATION('',(#4900),#4903);
#4900 = B_SPLINE_CURVE_WITH_KNOTS('',1,(#4901,#4902),.UNSPECIFIED.,.F.,
  .F.,(2,2),(-10.5,-3.5),.PIECEWISE_BEZIER_KNOTS.);
#4901 = CARTESIAN_POINT('',(8.75,10.));
#4902 = CARTESIAN_POINT('',(8.75,3.));
#4903 = ( GEOMETRIC_REPRESENTATION_CONTEXT(2) 
PARAMETRIC_REPRESENTATION_CONTEXT() REPRESENTATION_CONTEXT('2D SPACE',''
  ) );
#4904 = PCURVE('',#4570,#4905);
#4905 = DEFINITIONAL_REPRESENTATION('',(#4906),#4909);
#4906 = B_SPLINE_CURVE_WITH_KNOTS('',1,(#4907,#4908),.UNSPECIFIED.,.F.,
  .F.,(2,2),(-10.5,-3.5),.PIECEWISE_BEZIER_KNOTS.);
#4907 = CARTESIAN_POINT('',(11.,20.3));
#4908 = CARTESIAN_POINT('',(4.,20.3));
#4909 = ( GEOMETRIC_REPRESENTATION_CONTEXT(2) 
PARAMETRIC_REPRESENTATION_CONTEXT() REPRESENTATION_CONTEXT('2D SPACE',''
  ) );
#4910 = ADVANCED_FACE('',(#4911),#737,.T.);
#4911 = FACE_BOUND('',#4912,.T.);
#4912 = EDGE_LOOP('',(#4913,#4914,#4937,#4956));
#4913 = ORIENTED_EDGE('',*,*,#4485,.F.);
#4914 = ORIENTED_EDGE('',*,*,#4915,.T.);
#4915 = EDGE_CURVE('',#4458,#4916,#4918,.T.);
#4916 = VERTEX_POINT('',#4917);
#4917 = CARTESIAN_POINT('',(-37.,-1.13578166916,-0.75));
#4918 = SURFACE_CURVE('',#4919,(#4923,#4930),.PCURVE_S1.);
#4919 = LINE('',#4920,#4921);
#4920 = CARTESIAN_POINT('',(-37.,-5.3,-0.75));
#4921 = VECTOR('',#4922,1.);
#4922 = DIRECTION('',(0.,1.,0.));
#4923 = PCURVE('',#737,#4924);
#4924 = DEFINITIONAL_REPRESENTATION('',(#4925),#4929);
#4925 = LINE('',#4926,#4927);
#4926 = CARTESIAN_POINT('',(0.,0.));
#4927 = VECTOR('',#4928,1.);
#4928 = DIRECTION('',(0.,-1.));
#4929 = ( GEOMETRIC_REPRESENTATION_CONTEXT(2) 
PARAMETRIC_REPRESENTATION_CONTEXT() REPRESENTATION_CONTEXT('2D SPACE',''
  ) );
#4930 = PCURVE('',#4473,#4931);
#4931 = DEFINITIONAL_REPRESENTATION('',(#4932),#4936);
#4932 = LINE('',#4933,#4934);
#4933 = CARTESIAN_POINT('',(0.,0.));
#4934 = VECTOR('',#4935,1.);
#4935 = DIRECTION('',(0.,1.));
#4936 = ( GEOMETRIC_REPRESENTATION_CONTEXT(2) 
PARAMETRIC_REPRESENTATION_CONTEXT() REPRESENTATION_CONTEXT('2D SPACE',''
  ) );
#4937 = ORIENTED_EDGE('',*,*,#4938,.T.);
#4938 = EDGE_CURVE('',#4916,#723,#4939,.T.);
#4939 = SURFACE_CURVE('',#4940,(#4944,#4950),.PCURVE_S1.);
#4940 = LINE('',#4941,#4942);
#4941 = CARTESIAN_POINT('',(-37.,-1.13578166916,-6.));
#4942 = VECTOR('',#4943,1.);
#4943 = DIRECTION('',(0.,0.,1.));
#4944 = PCURVE('',#737,#4945);
#4945 = DEFINITIONAL_REPRESENTATION('',(#4946),#4949);
#4946 = B_SPLINE_CURVE_WITH_KNOTS('',1,(#4947,#4948),.UNSPECIFIED.,.F.,
  .F.,(2,2),(4.375,14.875),.PIECEWISE_BEZIER_KNOTS.);
#4947 = CARTESIAN_POINT('',(-0.875,-4.16421833084));
#4948 = CARTESIAN_POINT('',(9.625,-4.16421833084));
#4949 = ( GEOMETRIC_REPRESENTATION_CONTEXT(2) 
PARAMETRIC_REPRESENTATION_CONTEXT() REPRESENTATION_CONTEXT('2D SPACE',''
  ) );
#4950 = PCURVE('',#765,#4951);
#4951 = DEFINITIONAL_REPRESENTATION('',(#4952),#4955);
#4952 = B_SPLINE_CURVE_WITH_KNOTS('',1,(#4953,#4954),.UNSPECIFIED.,.F.,
  .F.,(2,2),(4.375,14.875),.PIECEWISE_BEZIER_KNOTS.);
#4953 = CARTESIAN_POINT('',(3.658067794437,4.375));
#4954 = CARTESIAN_POINT('',(3.658067794437,14.875));
#4955 = ( GEOMETRIC_REPRESENTATION_CONTEXT(2) 
PARAMETRIC_REPRESENTATION_CONTEXT() REPRESENTATION_CONTEXT('2D SPACE',''
  ) );
#4956 = ORIENTED_EDGE('',*,*,#722,.F.);
#4957 = ADVANCED_FACE('',(#4958),#792,.T.);
#4958 = FACE_BOUND('',#4959,.T.);
#4959 = EDGE_LOOP('',(#4960,#4981,#5002,#5003));
#4960 = ORIENTED_EDGE('',*,*,#4961,.F.);
#4961 = EDGE_CURVE('',#4962,#749,#4964,.T.);
#4962 = VERTEX_POINT('',#4963);
#4963 = CARTESIAN_POINT('',(-37.,1.13578166916,-0.75));
#4964 = SURFACE_CURVE('',#4965,(#4969,#4975),.PCURVE_S1.);
#4965 = LINE('',#4966,#4967);
#4966 = CARTESIAN_POINT('',(-37.,1.13578166916,-6.));
#4967 = VECTOR('',#4968,1.);
#4968 = DIRECTION('',(0.,0.,1.));
#4969 = PCURVE('',#792,#4970);
#4970 = DEFINITIONAL_REPRESENTATION('',(#4971),#4974);
#4971 = B_SPLINE_CURVE_WITH_KNOTS('',1,(#4972,#4973),.UNSPECIFIED.,.F.,
  .F.,(2,2),(4.375,14.875),.PIECEWISE_BEZIER_KNOTS.);
#4972 = CARTESIAN_POINT('',(-0.875,-6.43578166916));
#4973 = CARTESIAN_POINT('',(9.625,-6.43578166916));
#4974 = ( GEOMETRIC_REPRESENTATION_CONTEXT(2) 
PARAMETRIC_REPRESENTATION_CONTEXT() REPRESENTATION_CONTEXT('2D SPACE',''
  ) );
#4975 = PCURVE('',#765,#4976);
#4976 = DEFINITIONAL_REPRESENTATION('',(#4977),#4980);
#4977 = B_SPLINE_CURVE_WITH_KNOTS('',1,(#4978,#4979),.UNSPECIFIED.,.F.,
  .F.,(2,2),(4.375,14.875),.PIECEWISE_BEZIER_KNOTS.);
#4978 = CARTESIAN_POINT('',(2.625117512743,4.375));
#4979 = CARTESIAN_POINT('',(2.625117512743,14.875));
#4980 = ( GEOMETRIC_REPRESENTATION_CONTEXT(2) 
PARAMETRIC_REPRESENTATION_CONTEXT() REPRESENTATION_CONTEXT('2D SPACE',''
  ) );
#4981 = ORIENTED_EDGE('',*,*,#4982,.T.);
#4982 = EDGE_CURVE('',#4962,#4800,#4983,.T.);
#4983 = SURFACE_CURVE('',#4984,(#4988,#4995),.PCURVE_S1.);
#4984 = LINE('',#4985,#4986);
#4985 = CARTESIAN_POINT('',(-37.,-5.3,-0.75));
#4986 = VECTOR('',#4987,1.);
#4987 = DIRECTION('',(0.,1.,0.));
#4988 = PCURVE('',#792,#4989);
#4989 = DEFINITIONAL_REPRESENTATION('',(#4990),#4994);
#4990 = LINE('',#4991,#4992);
#4991 = CARTESIAN_POINT('',(0.,0.));
#4992 = VECTOR('',#4993,1.);
#4993 = DIRECTION('',(0.,-1.));
#4994 = ( GEOMETRIC_REPRESENTATION_CONTEXT(2) 
PARAMETRIC_REPRESENTATION_CONTEXT() REPRESENTATION_CONTEXT('2D SPACE',''
  ) );
#4995 = PCURVE('',#4473,#4996);
#4996 = DEFINITIONAL_REPRESENTATION('',(#4997),#5001);
#4997 = LINE('',#4998,#4999);
#4998 = CARTESIAN_POINT('',(0.,0.));
#4999 = VECTOR('',#5000,1.);
#5000 = DIRECTION('',(0.,1.));
#5001 = ( GEOMETRIC_REPRESENTATION_CONTEXT(2) 
PARAMETRIC_REPRESENTATION_CONTEXT() REPRESENTATION_CONTEXT('2D SPACE',''
  ) );
#5002 = ORIENTED_EDGE('',*,*,#4822,.T.);
#5003 = ORIENTED_EDGE('',*,*,#777,.F.);
#5004 = ADVANCED_FACE('',(#5005),#765,.F.);
#5005 = FACE_BOUND('',#5006,.F.);
#5006 = EDGE_LOOP('',(#5007,#5031,#5052,#5053,#5054,#5076,#5077,#5078));
#5007 = ORIENTED_EDGE('',*,*,#5008,.F.);
#5008 = EDGE_CURVE('',#5009,#4962,#5011,.T.);
#5009 = VERTEX_POINT('',#5010);
#5010 = CARTESIAN_POINT('',(-32.7,-5.633375276078E-16,-0.75));
#5011 = SURFACE_CURVE('',#5012,(#5017,#5024),.PCURVE_S1.);
#5012 = CIRCLE('',#5013,2.3);
#5013 = AXIS2_PLACEMENT_3D('',#5014,#5015,#5016);
#5014 = CARTESIAN_POINT('',(-35.,0.,-0.75));
#5015 = DIRECTION('',(0.,0.,1.));
#5016 = DIRECTION('',(1.,0.,-0.));
#5017 = PCURVE('',#765,#5018);
#5018 = DEFINITIONAL_REPRESENTATION('',(#5019),#5023);
#5019 = LINE('',#5020,#5021);
#5020 = CARTESIAN_POINT('',(0.,5.25));
#5021 = VECTOR('',#5022,1.);
#5022 = DIRECTION('',(1.,0.));
#5023 = ( GEOMETRIC_REPRESENTATION_CONTEXT(2) 
PARAMETRIC_REPRESENTATION_CONTEXT() REPRESENTATION_CONTEXT('2D SPACE',''
  ) );
#5024 = PCURVE('',#4473,#5025);
#5025 = DEFINITIONAL_REPRESENTATION('',(#5026),#5030);
#5026 = CIRCLE('',#5027,2.3);
#5027 = AXIS2_PLACEMENT_2D('',#5028,#5029);
#5028 = CARTESIAN_POINT('',(2.,5.3));
#5029 = DIRECTION('',(1.,0.));
#5030 = ( GEOMETRIC_REPRESENTATION_CONTEXT(2) 
PARAMETRIC_REPRESENTATION_CONTEXT() REPRESENTATION_CONTEXT('2D SPACE',''
  ) );
#5031 = ORIENTED_EDGE('',*,*,#5032,.F.);
#5032 = EDGE_CURVE('',#1779,#5009,#5033,.T.);
#5033 = SEAM_CURVE('',#5034,(#5038,#5045),.PCURVE_S1.);
#5034 = LINE('',#5035,#5036);
#5035 = CARTESIAN_POINT('',(-32.7,-5.633375276078E-16,-6.));
#5036 = VECTOR('',#5037,1.);
#5037 = DIRECTION('',(0.,0.,1.));
#5038 = PCURVE('',#765,#5039);
#5039 = DEFINITIONAL_REPRESENTATION('',(#5040),#5044);
#5040 = LINE('',#5041,#5042);
#5041 = CARTESIAN_POINT('',(6.28318530718,-0.));
#5042 = VECTOR('',#5043,1.);
#5043 = DIRECTION('',(0.,1.));
#5044 = ( GEOMETRIC_REPRESENTATION_CONTEXT(2) 
PARAMETRIC_REPRESENTATION_CONTEXT() REPRESENTATION_CONTEXT('2D SPACE',''
  ) );
#5045 = PCURVE('',#765,#5046);
#5046 = DEFINITIONAL_REPRESENTATION('',(#5047),#5051);
#5047 = LINE('',#5048,#5049);
#5048 = CARTESIAN_POINT('',(0.,-0.));
#5049 = VECTOR('',#5050,1.);
#5050 = DIRECTION('',(0.,1.));
#5051 = ( GEOMETRIC_REPRESENTATION_CONTEXT(2) 
PARAMETRIC_REPRESENTATION_CONTEXT() REPRESENTATION_CONTEXT('2D SPACE',''
  ) );
#5052 = ORIENTED_EDGE('',*,*,#1778,.T.);
#5053 = ORIENTED_EDGE('',*,*,#5032,.T.);
#5054 = ORIENTED_EDGE('',*,*,#5055,.F.);
#5055 = EDGE_CURVE('',#4916,#5009,#5056,.T.);
#5056 = SURFACE_CURVE('',#5057,(#5062,#5069),.PCURVE_S1.);
#5057 = CIRCLE('',#5058,2.3);
#5058 = AXIS2_PLACEMENT_3D('',#5059,#5060,#5061);
#5059 = CARTESIAN_POINT('',(-35.,0.,-0.75));
#5060 = DIRECTION('',(0.,0.,1.));
#5061 = DIRECTION('',(1.,0.,-0.));
#5062 = PCURVE('',#765,#5063);
#5063 = DEFINITIONAL_REPRESENTATION('',(#5064),#5068);
#5064 = LINE('',#5065,#5066);
#5065 = CARTESIAN_POINT('',(0.,5.25));
#5066 = VECTOR('',#5067,1.);
#5067 = DIRECTION('',(1.,0.));
#5068 = ( GEOMETRIC_REPRESENTATION_CONTEXT(2) 
PARAMETRIC_REPRESENTATION_CONTEXT() REPRESENTATION_CONTEXT('2D SPACE',''
  ) );
#5069 = PCURVE('',#4473,#5070);
#5070 = DEFINITIONAL_REPRESENTATION('',(#5071),#5075);
#5071 = CIRCLE('',#5072,2.3);
#5072 = AXIS2_PLACEMENT_2D('',#5073,#5074);
#5073 = CARTESIAN_POINT('',(2.,5.3));
#5074 = DIRECTION('',(1.,0.));
#5075 = ( GEOMETRIC_REPRESENTATION_CONTEXT(2) 
PARAMETRIC_REPRESENTATION_CONTEXT() REPRESENTATION_CONTEXT('2D SPACE',''
  ) );
#5076 = ORIENTED_EDGE('',*,*,#4938,.T.);
#5077 = ORIENTED_EDGE('',*,*,#748,.F.);
#5078 = ORIENTED_EDGE('',*,*,#4961,.F.);
#5079 = ADVANCED_FACE('',(#5080),#1395,.F.);
#5080 = FACE_BOUND('',#5081,.F.);
#5081 = EDGE_LOOP('',(#5082,#5105,#5106,#5107));
#5082 = ORIENTED_EDGE('',*,*,#5083,.T.);
#5083 = EDGE_CURVE('',#5084,#1379,#5086,.T.);
#5084 = VERTEX_POINT('',#5085);
#5085 = CARTESIAN_POINT('',(-16.3,-22.,6.5));
#5086 = SEAM_CURVE('',#5087,(#5091,#5098),.PCURVE_S1.);
#5087 = LINE('',#5088,#5089);
#5088 = CARTESIAN_POINT('',(-16.3,-22.,2.));
#5089 = VECTOR('',#5090,1.);
#5090 = DIRECTION('',(0.,0.,1.));
#5091 = PCURVE('',#1395,#5092);
#5092 = DEFINITIONAL_REPRESENTATION('',(#5093),#5097);
#5093 = LINE('',#5094,#5095);
#5094 = CARTESIAN_POINT('',(6.28318530718,-0.));
#5095 = VECTOR('',#5096,1.);
#5096 = DIRECTION('',(0.,1.));
#5097 = ( GEOMETRIC_REPRESENTATION_CONTEXT(2) 
PARAMETRIC_REPRESENTATION_CONTEXT() REPRESENTATION_CONTEXT('2D SPACE',''
  ) );
#5098 = PCURVE('',#1395,#5099);
#5099 = DEFINITIONAL_REPRESENTATION('',(#5100),#5104);
#5100 = LINE('',#5101,#5102);
#5101 = CARTESIAN_POINT('',(0.,-0.));
#5102 = VECTOR('',#5103,1.);
#5103 = DIRECTION('',(0.,1.));
#5104 = ( GEOMETRIC_REPRESENTATION_CONTEXT(2) 
PARAMETRIC_REPRESENTATION_CONTEXT() REPRESENTATION_CONTEXT('2D SPACE',''
  ) );
#5105 = ORIENTED_EDGE('',*,*,#1378,.F.);
#5106 = ORIENTED_EDGE('',*,*,#5083,.F.);
#5107 = ORIENTED_EDGE('',*,*,#5108,.T.);
#5108 = EDGE_CURVE('',#5084,#5084,#5109,.T.);
#5109 = SURFACE_CURVE('',#5110,(#5115,#5122),.PCURVE_S1.);
#5110 = CIRCLE('',#5111,1.7);
#5111 = AXIS2_PLACEMENT_3D('',#5112,#5113,#5114);
#5112 = CARTESIAN_POINT('',(-18.,-22.,6.5));
#5113 = DIRECTION('',(0.,0.,1.));
#5114 = DIRECTION('',(1.,0.,-0.));
#5115 = PCURVE('',#1395,#5116);
#5116 = DEFINITIONAL_REPRESENTATION('',(#5117),#5121);
#5117 = LINE('',#5118,#5119);
#5118 = CARTESIAN_POINT('',(0.,4.5));
#5119 = VECTOR('',#5120,1.);
#5120 = DIRECTION('',(1.,0.));
#5121 = ( GEOMETRIC_REPRESENTATION_CONTEXT(2) 
PARAMETRIC_REPRESENTATION_CONTEXT() REPRESENTATION_CONTEXT('2D SPACE',''
  ) );
#5122 = PCURVE('',#5123,#5128);
#5123 = PLANE('',#5124);
#5124 = AXIS2_PLACEMENT_3D('',#5125,#5126,#5127);
#5125 = CARTESIAN_POINT('',(-18.,-22.,6.5));
#5126 = DIRECTION('',(0.,0.,1.));
#5127 = DIRECTION('',(1.,0.,-0.));
#5128 = DEFINITIONAL_REPRESENTATION('',(#5129),#5133);
#5129 = CIRCLE('',#5130,1.7);
#5130 = AXIS2_PLACEMENT_2D('',#5131,#5132);
#5131 = CARTESIAN_POINT('',(-3.552713678801E-15,-3.552713678801E-15));
#5132 = DIRECTION('',(1.,0.));
#5133 = ( GEOMETRIC_REPRESENTATION_CONTEXT(2) 
PARAMETRIC_REPRESENTATION_CONTEXT() REPRESENTATION_CONTEXT('2D SPACE',''
  ) );
#5134 = ADVANCED_FACE('',(#5135),#1426,.F.);
#5135 = FACE_BOUND('',#5136,.F.);
#5136 = EDGE_LOOP('',(#5137,#5160,#5161,#5162));
#5137 = ORIENTED_EDGE('',*,*,#5138,.T.);
#5138 = EDGE_CURVE('',#5139,#1410,#5141,.T.);
#5139 = VERTEX_POINT('',#5140);
#5140 = CARTESIAN_POINT('',(19.7,-22.,6.5));
#5141 = SEAM_CURVE('',#5142,(#5146,#5153),.PCURVE_S1.);
#5142 = LINE('',#5143,#5144);
#5143 = CARTESIAN_POINT('',(19.7,-22.,2.));
#5144 = VECTOR('',#5145,1.);
#5145 = DIRECTION('',(0.,0.,1.));
#5146 = PCURVE('',#1426,#5147);
#5147 = DEFINITIONAL_REPRESENTATION('',(#5148),#5152);
#5148 = LINE('',#5149,#5150);
#5149 = CARTESIAN_POINT('',(6.28318530718,-0.));
#5150 = VECTOR('',#5151,1.);
#5151 = DIRECTION('',(0.,1.));
#5152 = ( GEOMETRIC_REPRESENTATION_CONTEXT(2) 
PARAMETRIC_REPRESENTATION_CONTEXT() REPRESENTATION_CONTEXT('2D SPACE',''
  ) );
#5153 = PCURVE('',#1426,#5154);
#5154 = DEFINITIONAL_REPRESENTATION('',(#5155),#5159);
#5155 = LINE('',#5156,#5157);
#5156 = CARTESIAN_POINT('',(0.,-0.));
#5157 = VECTOR('',#5158,1.);
#5158 = DIRECTION('',(0.,1.));
#5159 = ( GEOMETRIC_REPRESENTATION_CONTEXT(2) 
PARAMETRIC_REPRESENTATION_CONTEXT() REPRESENTATION_CONTEXT('2D SPACE',''
  ) );
#5160 = ORIENTED_EDGE('',*,*,#1409,.F.);
#5161 = ORIENTED_EDGE('',*,*,#5138,.F.);
#5162 = ORIENTED_EDGE('',*,*,#5163,.T.);
#5163 = EDGE_CURVE('',#5139,#5139,#5164,.T.);
#5164 = SURFACE_CURVE('',#5165,(#5170,#5177),.PCURVE_S1.);
#5165 = CIRCLE('',#5166,1.7);
#5166 = AXIS2_PLACEMENT_3D('',#5167,#5168,#5169);
#5167 = CARTESIAN_POINT('',(18.,-22.,6.5));
#5168 = DIRECTION('',(0.,0.,1.));
#5169 = DIRECTION('',(1.,0.,-0.));
#5170 = PCURVE('',#1426,#5171);
#5171 = DEFINITIONAL_REPRESENTATION('',(#5172),#5176);
#5172 = LINE('',#5173,#5174);
#5173 = CARTESIAN_POINT('',(0.,4.5));
#5174 = VECTOR('',#5175,1.);
#5175 = DIRECTION('',(1.,0.));
#5176 = ( GEOMETRIC_REPRESENTATION_CONTEXT(2) 
PARAMETRIC_REPRESENTATION_CONTEXT() REPRESENTATION_CONTEXT('2D SPACE',''
  ) );
#5177 = PCURVE('',#5178,#5183);
#5178 = PLANE('',#5179);
#5179 = AXIS2_PLACEMENT_3D('',#5180,#5181,#5182);
#5180 = CARTESIAN_POINT('',(18.,-22.,6.5));
#5181 = DIRECTION('',(0.,0.,1.));
#5182 = DIRECTION('',(1.,0.,-0.));
#5183 = DEFINITIONAL_REPRESENTATION('',(#5184),#5188);
#5184 = CIRCLE('',#5185,1.7);
#5185 = AXIS2_PLACEMENT_2D('',#5186,#5187);
#5186 = CARTESIAN_POINT('',(0.,-3.552713678801E-15));
#5187 = DIRECTION('',(1.,0.));
#5188 = ( GEOMETRIC_REPRESENTATION_CONTEXT(2) 
PARAMETRIC_REPRESENTATION_CONTEXT() REPRESENTATION_CONTEXT('2D SPACE',''
  ) );
#5189 = ADVANCED_FACE('',(#5190),#1457,.F.);
#5190 = FACE_BOUND('',#5191,.F.);
#5191 = EDGE_LOOP('',(#5192,#5215,#5216,#5217));
#5192 = ORIENTED_EDGE('',*,*,#5193,.T.);
#5193 = EDGE_CURVE('',#5194,#1441,#5196,.T.);
#5194 = VERTEX_POINT('',#5195);
#5195 = CARTESIAN_POINT('',(-16.3,22.,6.5));
#5196 = SEAM_CURVE('',#5197,(#5201,#5208),.PCURVE_S1.);
#5197 = LINE('',#5198,#5199);
#5198 = CARTESIAN_POINT('',(-16.3,22.,2.));
#5199 = VECTOR('',#5200,1.);
#5200 = DIRECTION('',(0.,0.,1.));
#5201 = PCURVE('',#1457,#5202);
#5202 = DEFINITIONAL_REPRESENTATION('',(#5203),#5207);
#5203 = LINE('',#5204,#5205);
#5204 = CARTESIAN_POINT('',(6.28318530718,-0.));
#5205 = VECTOR('',#5206,1.);
#5206 = DIRECTION('',(0.,1.));
#5207 = ( GEOMETRIC_REPRESENTATION_CONTEXT(2) 
PARAMETRIC_REPRESENTATION_CONTEXT() REPRESENTATION_CONTEXT('2D SPACE',''
  ) );
#5208 = PCURVE('',#1457,#5209);
#5209 = DEFINITIONAL_REPRESENTATION('',(#5210),#5214);
#5210 = LINE('',#5211,#5212);
#5211 = CARTESIAN_POINT('',(0.,-0.));
#5212 = VECTOR('',#5213,1.);
#5213 = DIRECTION('',(0.,1.));
#5214 = ( GEOMETRIC_REPRESENTATION_CONTEXT(2) 
PARAMETRIC_REPRESENTATION_CONTEXT() REPRESENTATION_CONTEXT('2D SPACE',''
  ) );
#5215 = ORIENTED_EDGE('',*,*,#1440,.F.);
#5216 = ORIENTED_EDGE('',*,*,#5193,.F.);
#5217 = ORIENTED_EDGE('',*,*,#5218,.T.);
#5218 = EDGE_CURVE('',#5194,#5194,#5219,.T.);
#5219 = SURFACE_CURVE('',#5220,(#5225,#5232),.PCURVE_S1.);
#5220 = CIRCLE('',#5221,1.7);
#5221 = AXIS2_PLACEMENT_3D('',#5222,#5223,#5224);
#5222 = CARTESIAN_POINT('',(-18.,22.,6.5));
#5223 = DIRECTION('',(0.,0.,1.));
#5224 = DIRECTION('',(1.,0.,-0.));
#5225 = PCURVE('',#1457,#5226);
#5226 = DEFINITIONAL_REPRESENTATION('',(#5227),#5231);
#5227 = LINE('',#5228,#5229);
#5228 = CARTESIAN_POINT('',(0.,4.5));
#5229 = VECTOR('',#5230,1.);
#5230 = DIRECTION('',(1.,0.));
#5231 = ( GEOMETRIC_REPRESENTATION_CONTEXT(2) 
PARAMETRIC_REPRESENTATION_CONTEXT() REPRESENTATION_CONTEXT('2D SPACE',''
  ) );
#5232 = PCURVE('',#5233,#5238);
#5233 = PLANE('',#5234);
#5234 = AXIS2_PLACEMENT_3D('',#5235,#5236,#5237);
#5235 = CARTESIAN_POINT('',(-18.,22.,6.5));
#5236 = DIRECTION('',(0.,0.,1.));
#5237 = DIRECTION('',(1.,0.,-0.));
#5238 = DEFINITIONAL_REPRESENTATION('',(#5239),#5243);
#5239 = CIRCLE('',#5240,1.7);
#5240 = AXIS2_PLACEMENT_2D('',#5241,#5242);
#5241 = CARTESIAN_POINT('',(-3.552713678801E-15,3.552713678801E-15));
#5242 = DIRECTION('',(1.,0.));
#5243 = ( GEOMETRIC_REPRESENTATION_CONTEXT(2) 
PARAMETRIC_REPRESENTATION_CONTEXT() REPRESENTATION_CONTEXT('2D SPACE',''
  ) );
#5244 = ADVANCED_FACE('',(#5245),#1488,.F.);
#5245 = FACE_BOUND('',#5246,.F.);
#5246 = EDGE_LOOP('',(#5247,#5270,#5271,#5272));
#5247 = ORIENTED_EDGE('',*,*,#5248,.T.);
#5248 = EDGE_CURVE('',#5249,#1472,#5251,.T.);
#5249 = VERTEX_POINT('',#5250);
#5250 = CARTESIAN_POINT('',(19.7,22.,6.5));
#5251 = SEAM_CURVE('',#5252,(#5256,#5263),.PCURVE_S1.);
#5252 = LINE('',#5253,#5254);
#5253 = CARTESIAN_POINT('',(19.7,22.,2.));
#5254 = VECTOR('',#5255,1.);
#5255 = DIRECTION('',(0.,0.,1.));
#5256 = PCURVE('',#1488,#5257);
#5257 = DEFINITIONAL_REPRESENTATION('',(#5258),#5262);
#5258 = LINE('',#5259,#5260);
#5259 = CARTESIAN_POINT('',(6.28318530718,-0.));
#5260 = VECTOR('',#5261,1.);
#5261 = DIRECTION('',(0.,1.));
#5262 = ( GEOMETRIC_REPRESENTATION_CONTEXT(2) 
PARAMETRIC_REPRESENTATION_CONTEXT() REPRESENTATION_CONTEXT('2D SPACE',''
  ) );
#5263 = PCURVE('',#1488,#5264);
#5264 = DEFINITIONAL_REPRESENTATION('',(#5265),#5269);
#5265 = LINE('',#5266,#5267);
#5266 = CARTESIAN_POINT('',(0.,-0.));
#5267 = VECTOR('',#5268,1.);
#5268 = DIRECTION('',(0.,1.));
#5269 = ( GEOMETRIC_REPRESENTATION_CONTEXT(2) 
PARAMETRIC_REPRESENTATION_CONTEXT() REPRESENTATION_CONTEXT('2D SPACE',''
  ) );
#5270 = ORIENTED_EDGE('',*,*,#1471,.F.);
#5271 = ORIENTED_EDGE('',*,*,#5248,.F.);
#5272 = ORIENTED_EDGE('',*,*,#5273,.T.);
#5273 = EDGE_CURVE('',#5249,#5249,#5274,.T.);
#5274 = SURFACE_CURVE('',#5275,(#5280,#5287),.PCURVE_S1.);
#5275 = CIRCLE('',#5276,1.7);
#5276 = AXIS2_PLACEMENT_3D('',#5277,#5278,#5279);
#5277 = CARTESIAN_POINT('',(18.,22.,6.5));
#5278 = DIRECTION('',(0.,0.,1.));
#5279 = DIRECTION('',(1.,0.,-0.));
#5280 = PCURVE('',#1488,#5281);
#5281 = DEFINITIONAL_REPRESENTATION('',(#5282),#5286);
#5282 = LINE('',#5283,#5284);
#5283 = CARTESIAN_POINT('',(0.,4.5));
#5284 = VECTOR('',#5285,1.);
#5285 = DIRECTION('',(1.,0.));
#5286 = ( GEOMETRIC_REPRESENTATION_CONTEXT(2) 
PARAMETRIC_REPRESENTATION_CONTEXT() REPRESENTATION_CONTEXT('2D SPACE',''
  ) );
#5287 = PCURVE('',#5288,#5293);
#5288 = PLANE('',#5289);
#5289 = AXIS2_PLACEMENT_3D('',#5290,#5291,#5292);
#5290 = CARTESIAN_POINT('',(18.,22.,6.5));
#5291 = DIRECTION('',(0.,0.,1.));
#5292 = DIRECTION('',(1.,0.,-0.));
#5293 = DEFINITIONAL_REPRESENTATION('',(#5294),#5298);
#5294 = CIRCLE('',#5295,1.7);
#5295 = AXIS2_PLACEMENT_2D('',#5296,#5297);
#5296 = CARTESIAN_POINT('',(0.,3.552713678801E-15));
#5297 = DIRECTION('',(1.,0.));
#5298 = ( GEOMETRIC_REPRESENTATION_CONTEXT(2) 
PARAMETRIC_REPRESENTATION_CONTEXT() REPRESENTATION_CONTEXT('2D SPACE',''
  ) );
#5299 = ADVANCED_FACE('',(#5300),#1821,.F.);
#5300 = FACE_BOUND('',#5301,.F.);
#5301 = EDGE_LOOP('',(#5302,#5324,#5325,#5349,#5370,#5371,#5372,#5394));
#5302 = ORIENTED_EDGE('',*,*,#5303,.F.);
#5303 = EDGE_CURVE('',#4732,#4753,#5304,.T.);
#5304 = SURFACE_CURVE('',#5305,(#5310,#5317),.PCURVE_S1.);
#5305 = CIRCLE('',#5306,1.25);
#5306 = AXIS2_PLACEMENT_3D('',#5307,#5308,#5309);
#5307 = CARTESIAN_POINT('',(-31.,5.,2.));
#5308 = DIRECTION('',(0.,0.,1.));
#5309 = DIRECTION('',(1.,0.,-0.));
#5310 = PCURVE('',#1821,#5311);
#5311 = DEFINITIONAL_REPRESENTATION('',(#5312),#5316);
#5312 = LINE('',#5313,#5314);
#5313 = CARTESIAN_POINT('',(0.,8.));
#5314 = VECTOR('',#5315,1.);
#5315 = DIRECTION('',(1.,0.));
#5316 = ( GEOMETRIC_REPRESENTATION_CONTEXT(2) 
PARAMETRIC_REPRESENTATION_CONTEXT() REPRESENTATION_CONTEXT('2D SPACE',''
  ) );
#5317 = PCURVE('',#4767,#5318);
#5318 = DEFINITIONAL_REPRESENTATION('',(#5319),#5323);
#5319 = CIRCLE('',#5320,1.25);
#5320 = AXIS2_PLACEMENT_2D('',#5321,#5322);
#5321 = CARTESIAN_POINT('',(0.,0.));
#5322 = DIRECTION('',(1.,0.));
#5323 = ( GEOMETRIC_REPRESENTATION_CONTEXT(2) 
PARAMETRIC_REPRESENTATION_CONTEXT() REPRESENTATION_CONTEXT('2D SPACE',''
  ) );
#5324 = ORIENTED_EDGE('',*,*,#4731,.F.);
#5325 = ORIENTED_EDGE('',*,*,#5326,.F.);
#5326 = EDGE_CURVE('',#5327,#4709,#5329,.T.);
#5327 = VERTEX_POINT('',#5328);
#5328 = CARTESIAN_POINT('',(-29.75,5.,-0.75));
#5329 = SURFACE_CURVE('',#5330,(#5335,#5342),.PCURVE_S1.);
#5330 = CIRCLE('',#5331,1.25);
#5331 = AXIS2_PLACEMENT_3D('',#5332,#5333,#5334);
#5332 = CARTESIAN_POINT('',(-31.,5.,-0.75));
#5333 = DIRECTION('',(0.,0.,1.));
#5334 = DIRECTION('',(1.,0.,-0.));
#5335 = PCURVE('',#1821,#5336);
#5336 = DEFINITIONAL_REPRESENTATION('',(#5337),#5341);
#5337 = LINE('',#5338,#5339);
#5338 = CARTESIAN_POINT('',(0.,5.25));
#5339 = VECTOR('',#5340,1.);
#5340 = DIRECTION('',(1.,0.));
#5341 = ( GEOMETRIC_REPRESENTATION_CONTEXT(2) 
PARAMETRIC_REPRESENTATION_CONTEXT() REPRESENTATION_CONTEXT('2D SPACE',''
  ) );
#5342 = PCURVE('',#4473,#5343);
#5343 = DEFINITIONAL_REPRESENTATION('',(#5344),#5348);
#5344 = CIRCLE('',#5345,1.25);
#5345 = AXIS2_PLACEMENT_2D('',#5346,#5347);
#5346 = CARTESIAN_POINT('',(6.,10.3));
#5347 = DIRECTION('',(1.,0.));
#5348 = ( GEOMETRIC_REPRESENTATION_CONTEXT(2) 
PARAMETRIC_REPRESENTATION_CONTEXT() REPRESENTATION_CONTEXT('2D SPACE',''
  ) );
#5349 = ORIENTED_EDGE('',*,*,#5350,.F.);
#5350 = EDGE_CURVE('',#1805,#5327,#5351,.T.);
#5351 = SEAM_CURVE('',#5352,(#5356,#5363),.PCURVE_S1.);
#5352 = LINE('',#5353,#5354);
#5353 = CARTESIAN_POINT('',(-29.75,5.,-6.));
#5354 = VECTOR('',#5355,1.);
#5355 = DIRECTION('',(0.,0.,1.));
#5356 = PCURVE('',#1821,#5357);
#5357 = DEFINITIONAL_REPRESENTATION('',(#5358),#5362);
#5358 = LINE('',#5359,#5360);
#5359 = CARTESIAN_POINT('',(6.28318530718,-0.));
#5360 = VECTOR('',#5361,1.);
#5361 = DIRECTION('',(0.,1.));
#5362 = ( GEOMETRIC_REPRESENTATION_CONTEXT(2) 
PARAMETRIC_REPRESENTATION_CONTEXT() REPRESENTATION_CONTEXT('2D SPACE',''
  ) );
#5363 = PCURVE('',#1821,#5364);
#5364 = DEFINITIONAL_REPRESENTATION('',(#5365),#5369);
#5365 = LINE('',#5366,#5367);
#5366 = CARTESIAN_POINT('',(0.,-0.));
#5367 = VECTOR('',#5368,1.);
#5368 = DIRECTION('',(0.,1.));
#5369 = ( GEOMETRIC_REPRESENTATION_CONTEXT(2) 
PARAMETRIC_REPRESENTATION_CONTEXT() REPRESENTATION_CONTEXT('2D SPACE',''
  ) );
#5370 = ORIENTED_EDGE('',*,*,#1804,.T.);
#5371 = ORIENTED_EDGE('',*,*,#5350,.T.);
#5372 = ORIENTED_EDGE('',*,*,#5373,.F.);
#5373 = EDGE_CURVE('',#4779,#5327,#5374,.T.);
#5374 = SURFACE_CURVE('',#5375,(#5380,#5387),.PCURVE_S1.);
#5375 = CIRCLE('',#5376,1.25);
#5376 = AXIS2_PLACEMENT_3D('',#5377,#5378,#5379);
#5377 = CARTESIAN_POINT('',(-31.,5.,-0.75));
#5378 = DIRECTION('',(0.,0.,1.));
#5379 = DIRECTION('',(1.,0.,-0.));
#5380 = PCURVE('',#1821,#5381);
#5381 = DEFINITIONAL_REPRESENTATION('',(#5382),#5386);
#5382 = LINE('',#5383,#5384);
#5383 = CARTESIAN_POINT('',(0.,5.25));
#5384 = VECTOR('',#5385,1.);
#5385 = DIRECTION('',(1.,0.));
#5386 = ( GEOMETRIC_REPRESENTATION_CONTEXT(2) 
PARAMETRIC_REPRESENTATION_CONTEXT() REPRESENTATION_CONTEXT('2D SPACE',''
  ) );
#5387 = PCURVE('',#4473,#5388);
#5388 = DEFINITIONAL_REPRESENTATION('',(#5389),#5393);
#5389 = CIRCLE('',#5390,1.25);
#5390 = AXIS2_PLACEMENT_2D('',#5391,#5392);
#5391 = CARTESIAN_POINT('',(6.,10.3));
#5392 = DIRECTION('',(1.,0.));
#5393 = ( GEOMETRIC_REPRESENTATION_CONTEXT(2) 
PARAMETRIC_REPRESENTATION_CONTEXT() REPRESENTATION_CONTEXT('2D SPACE',''
  ) );
#5394 = ORIENTED_EDGE('',*,*,#4778,.T.);
#5395 = ADVANCED_FACE('',(#5396),#1852,.F.);
#5396 = FACE_BOUND('',#5397,.F.);
#5397 = EDGE_LOOP('',(#5398,#5422,#5443,#5444));
#5398 = ORIENTED_EDGE('',*,*,#5399,.F.);
#5399 = EDGE_CURVE('',#5400,#5400,#5402,.T.);
#5400 = VERTEX_POINT('',#5401);
#5401 = CARTESIAN_POINT('',(32.25,5.,-0.75));
#5402 = SURFACE_CURVE('',#5403,(#5408,#5415),.PCURVE_S1.);
#5403 = CIRCLE('',#5404,1.25);
#5404 = AXIS2_PLACEMENT_3D('',#5405,#5406,#5407);
#5405 = CARTESIAN_POINT('',(31.,5.,-0.75));
#5406 = DIRECTION('',(0.,0.,1.));
#5407 = DIRECTION('',(1.,0.,-0.));
#5408 = PCURVE('',#1852,#5409);
#5409 = DEFINITIONAL_REPRESENTATION('',(#5410),#5414);
#5410 = LINE('',#5411,#5412);
#5411 = CARTESIAN_POINT('',(0.,5.25));
#5412 = VECTOR('',#5413,1.);
#5413 = DIRECTION('',(1.,0.));
#5414 = ( GEOMETRIC_REPRESENTATION_CONTEXT(2) 
PARAMETRIC_REPRESENTATION_CONTEXT() REPRESENTATION_CONTEXT('2D SPACE',''
  ) );
#5415 = PCURVE('',#3496,#5416);
#5416 = DEFINITIONAL_REPRESENTATION('',(#5417),#5421);
#5417 = CIRCLE('',#5418,1.25);
#5418 = AXIS2_PLACEMENT_2D('',#5419,#5420);
#5419 = CARTESIAN_POINT('',(4.,12.5));
#5420 = DIRECTION('',(1.,0.));
#5421 = ( GEOMETRIC_REPRESENTATION_CONTEXT(2) 
PARAMETRIC_REPRESENTATION_CONTEXT() REPRESENTATION_CONTEXT('2D SPACE',''
  ) );
#5422 = ORIENTED_EDGE('',*,*,#5423,.F.);
#5423 = EDGE_CURVE('',#1836,#5400,#5424,.T.);
#5424 = SEAM_CURVE('',#5425,(#5429,#5436),.PCURVE_S1.);
#5425 = LINE('',#5426,#5427);
#5426 = CARTESIAN_POINT('',(32.25,5.,-6.));
#5427 = VECTOR('',#5428,1.);
#5428 = DIRECTION('',(0.,0.,1.));
#5429 = PCURVE('',#1852,#5430);
#5430 = DEFINITIONAL_REPRESENTATION('',(#5431),#5435);
#5431 = LINE('',#5432,#5433);
#5432 = CARTESIAN_POINT('',(6.28318530718,-0.));
#5433 = VECTOR('',#5434,1.);
#5434 = DIRECTION('',(0.,1.));
#5435 = ( GEOMETRIC_REPRESENTATION_CONTEXT(2) 
PARAMETRIC_REPRESENTATION_CONTEXT() REPRESENTATION_CONTEXT('2D SPACE',''
  ) );
#5436 = PCURVE('',#1852,#5437);
#5437 = DEFINITIONAL_REPRESENTATION('',(#5438),#5442);
#5438 = LINE('',#5439,#5440);
#5439 = CARTESIAN_POINT('',(0.,-0.));
#5440 = VECTOR('',#5441,1.);
#5441 = DIRECTION('',(0.,1.));
#5442 = ( GEOMETRIC_REPRESENTATION_CONTEXT(2) 
PARAMETRIC_REPRESENTATION_CONTEXT() REPRESENTATION_CONTEXT('2D SPACE',''
  ) );
#5443 = ORIENTED_EDGE('',*,*,#1835,.T.);
#5444 = ORIENTED_EDGE('',*,*,#5423,.T.);
#5445 = ADVANCED_FACE('',(#5446,#5452),#1909,.F.);
#5446 = FACE_BOUND('',#5447,.F.);
#5447 = EDGE_LOOP('',(#5448,#5449,#5450,#5451));
#5448 = ORIENTED_EDGE('',*,*,#2872,.F.);
#5449 = ORIENTED_EDGE('',*,*,#2947,.T.);
#5450 = ORIENTED_EDGE('',*,*,#3046,.T.);
#5451 = ORIENTED_EDGE('',*,*,#1893,.F.);
#5452 = FACE_BOUND('',#5453,.F.);
#5453 = EDGE_LOOP('',(#5454,#5484,#5512,#5540,#5568,#5596));
#5454 = ORIENTED_EDGE('',*,*,#5455,.F.);
#5455 = EDGE_CURVE('',#5456,#5458,#5460,.T.);
#5456 = VERTEX_POINT('',#5457);
#5457 = CARTESIAN_POINT('',(-14.6513684387,-22.,4.));
#5458 = VERTEX_POINT('',#5459);
#5459 = CARTESIAN_POINT('',(-16.32568421935,-19.1,4.));
#5460 = SURFACE_CURVE('',#5461,(#5465,#5472),.PCURVE_S1.);
#5461 = LINE('',#5462,#5463);
#5462 = CARTESIAN_POINT('',(-14.6513684387,-22.,4.));
#5463 = VECTOR('',#5464,1.);
#5464 = DIRECTION('',(-0.5,0.866025403784,0.));
#5465 = PCURVE('',#1909,#5466);
#5466 = DEFINITIONAL_REPRESENTATION('',(#5467),#5471);
#5467 = LINE('',#5468,#5469);
#5468 = CARTESIAN_POINT('',(7.8486315613,4.));
#5469 = VECTOR('',#5470,1.);
#5470 = DIRECTION('',(-0.5,0.866025403784));
#5471 = ( GEOMETRIC_REPRESENTATION_CONTEXT(2) 
PARAMETRIC_REPRESENTATION_CONTEXT() REPRESENTATION_CONTEXT('2D SPACE',''
  ) );
#5472 = PCURVE('',#5473,#5478);
#5473 = PLANE('',#5474);
#5474 = AXIS2_PLACEMENT_3D('',#5475,#5476,#5477);
#5475 = CARTESIAN_POINT('',(-14.6513684387,-22.,4.));
#5476 = DIRECTION('',(-0.866025403784,-0.5,0.));
#5477 = DIRECTION('',(-0.5,0.866025403784,0.));
#5478 = DEFINITIONAL_REPRESENTATION('',(#5479),#5483);
#5479 = LINE('',#5480,#5481);
#5480 = CARTESIAN_POINT('',(0.,0.));
#5481 = VECTOR('',#5482,1.);
#5482 = DIRECTION('',(1.,0.));
#5483 = ( GEOMETRIC_REPRESENTATION_CONTEXT(2) 
PARAMETRIC_REPRESENTATION_CONTEXT() REPRESENTATION_CONTEXT('2D SPACE',''
  ) );
#5484 = ORIENTED_EDGE('',*,*,#5485,.F.);
#5485 = EDGE_CURVE('',#5486,#5456,#5488,.T.);
#5486 = VERTEX_POINT('',#5487);
#5487 = CARTESIAN_POINT('',(-16.32568421935,-24.9,4.));
#5488 = SURFACE_CURVE('',#5489,(#5493,#5500),.PCURVE_S1.);
#5489 = LINE('',#5490,#5491);
#5490 = CARTESIAN_POINT('',(-16.32568421935,-24.9,4.));
#5491 = VECTOR('',#5492,1.);
#5492 = DIRECTION('',(0.5,0.866025403784,0.));
#5493 = PCURVE('',#1909,#5494);
#5494 = DEFINITIONAL_REPRESENTATION('',(#5495),#5499);
#5495 = LINE('',#5496,#5497);
#5496 = CARTESIAN_POINT('',(6.17431578065,1.1));
#5497 = VECTOR('',#5498,1.);
#5498 = DIRECTION('',(0.5,0.866025403784));
#5499 = ( GEOMETRIC_REPRESENTATION_CONTEXT(2) 
PARAMETRIC_REPRESENTATION_CONTEXT() REPRESENTATION_CONTEXT('2D SPACE',''
  ) );
#5500 = PCURVE('',#5501,#5506);
#5501 = PLANE('',#5502);
#5502 = AXIS2_PLACEMENT_3D('',#5503,#5504,#5505);
#5503 = CARTESIAN_POINT('',(-16.32568421935,-24.9,4.));
#5504 = DIRECTION('',(-0.866025403784,0.5,0.));
#5505 = DIRECTION('',(0.5,0.866025403784,0.));
#5506 = DEFINITIONAL_REPRESENTATION('',(#5507),#5511);
#5507 = LINE('',#5508,#5509);
#5508 = CARTESIAN_POINT('',(0.,0.));
#5509 = VECTOR('',#5510,1.);
#5510 = DIRECTION('',(1.,0.));
#5511 = ( GEOMETRIC_REPRESENTATION_CONTEXT(2) 
PARAMETRIC_REPRESENTATION_CONTEXT() REPRESENTATION_CONTEXT('2D SPACE',''
  ) );
#5512 = ORIENTED_EDGE('',*,*,#5513,.F.);
#5513 = EDGE_CURVE('',#5514,#5486,#5516,.T.);
#5514 = VERTEX_POINT('',#5515);
#5515 = CARTESIAN_POINT('',(-19.67431578065,-24.9,4.));
#5516 = SURFACE_CURVE('',#5517,(#5521,#5528),.PCURVE_S1.);
#5517 = LINE('',#5518,#5519);
#5518 = CARTESIAN_POINT('',(-19.67431578065,-24.9,4.));
#5519 = VECTOR('',#5520,1.);
#5520 = DIRECTION('',(1.,-5.304724652093E-16,0.));
#5521 = PCURVE('',#1909,#5522);
#5522 = DEFINITIONAL_REPRESENTATION('',(#5523),#5527);
#5523 = LINE('',#5524,#5525);
#5524 = CARTESIAN_POINT('',(2.82568421935,1.1));
#5525 = VECTOR('',#5526,1.);
#5526 = DIRECTION('',(1.,-5.304724652093E-16));
#5527 = ( GEOMETRIC_REPRESENTATION_CONTEXT(2) 
PARAMETRIC_REPRESENTATION_CONTEXT() REPRESENTATION_CONTEXT('2D SPACE',''
  ) );
#5528 = PCURVE('',#5529,#5534);
#5529 = PLANE('',#5530);
#5530 = AXIS2_PLACEMENT_3D('',#5531,#5532,#5533);
#5531 = CARTESIAN_POINT('',(-19.67431578065,-24.9,4.));
#5532 = DIRECTION('',(5.304724652093E-16,1.,-0.));
#5533 = DIRECTION('',(1.,-5.304724652093E-16,0.));
#5534 = DEFINITIONAL_REPRESENTATION('',(#5535),#5539);
#5535 = LINE('',#5536,#5537);
#5536 = CARTESIAN_POINT('',(0.,0.));
#5537 = VECTOR('',#5538,1.);
#5538 = DIRECTION('',(1.,0.));
#5539 = ( GEOMETRIC_REPRESENTATION_CONTEXT(2) 
PARAMETRIC_REPRESENTATION_CONTEXT() REPRESENTATION_CONTEXT('2D SPACE',''
  ) );
#5540 = ORIENTED_EDGE('',*,*,#5541,.F.);
#5541 = EDGE_CURVE('',#5542,#5514,#5544,.T.);
#5542 = VERTEX_POINT('',#5543);
#5543 = CARTESIAN_POINT('',(-21.3486315613,-22.,4.));
#5544 = SURFACE_CURVE('',#5545,(#5549,#5556),.PCURVE_S1.);
#5545 = LINE('',#5546,#5547);
#5546 = CARTESIAN_POINT('',(-21.3486315613,-22.,4.));
#5547 = VECTOR('',#5548,1.);
#5548 = DIRECTION('',(0.5,-0.866025403784,0.));
#5549 = PCURVE('',#1909,#5550);
#5550 = DEFINITIONAL_REPRESENTATION('',(#5551),#5555);
#5551 = LINE('',#5552,#5553);
#5552 = CARTESIAN_POINT('',(1.1513684387,4.));
#5553 = VECTOR('',#5554,1.);
#5554 = DIRECTION('',(0.5,-0.866025403784));
#5555 = ( GEOMETRIC_REPRESENTATION_CONTEXT(2) 
PARAMETRIC_REPRESENTATION_CONTEXT() REPRESENTATION_CONTEXT('2D SPACE',''
  ) );
#5556 = PCURVE('',#5557,#5562);
#5557 = PLANE('',#5558);
#5558 = AXIS2_PLACEMENT_3D('',#5559,#5560,#5561);
#5559 = CARTESIAN_POINT('',(-21.3486315613,-22.,4.));
#5560 = DIRECTION('',(0.866025403784,0.5,-0.));
#5561 = DIRECTION('',(0.5,-0.866025403784,0.));
#5562 = DEFINITIONAL_REPRESENTATION('',(#5563),#5567);
#5563 = LINE('',#5564,#5565);
#5564 = CARTESIAN_POINT('',(0.,0.));
#5565 = VECTOR('',#5566,1.);
#5566 = DIRECTION('',(1.,0.));
#5567 = ( GEOMETRIC_REPRESENTATION_CONTEXT(2) 
PARAMETRIC_REPRESENTATION_CONTEXT() REPRESENTATION_CONTEXT('2D SPACE',''
  ) );
#5568 = ORIENTED_EDGE('',*,*,#5569,.F.);
#5569 = EDGE_CURVE('',#5570,#5542,#5572,.T.);
#5570 = VERTEX_POINT('',#5571);
#5571 = CARTESIAN_POINT('',(-19.67431578065,-19.1,4.));
#5572 = SURFACE_CURVE('',#5573,(#5577,#5584),.PCURVE_S1.);
#5573 = LINE('',#5574,#5575);
#5574 = CARTESIAN_POINT('',(-19.67431578065,-19.1,4.));
#5575 = VECTOR('',#5576,1.);
#5576 = DIRECTION('',(-0.5,-0.866025403784,0.));
#5577 = PCURVE('',#1909,#5578);
#5578 = DEFINITIONAL_REPRESENTATION('',(#5579),#5583);
#5579 = LINE('',#5580,#5581);
#5580 = CARTESIAN_POINT('',(2.82568421935,6.9));
#5581 = VECTOR('',#5582,1.);
#5582 = DIRECTION('',(-0.5,-0.866025403784));
#5583 = ( GEOMETRIC_REPRESENTATION_CONTEXT(2) 
PARAMETRIC_REPRESENTATION_CONTEXT() REPRESENTATION_CONTEXT('2D SPACE',''
  ) );
#5584 = PCURVE('',#5585,#5590);
#5585 = PLANE('',#5586);
#5586 = AXIS2_PLACEMENT_3D('',#5587,#5588,#5589);
#5587 = CARTESIAN_POINT('',(-19.67431578065,-19.1,4.));
#5588 = DIRECTION('',(0.866025403784,-0.5,0.));
#5589 = DIRECTION('',(-0.5,-0.866025403784,0.));
#5590 = DEFINITIONAL_REPRESENTATION('',(#5591),#5595);
#5591 = LINE('',#5592,#5593);
#5592 = CARTESIAN_POINT('',(0.,0.));
#5593 = VECTOR('',#5594,1.);
#5594 = DIRECTION('',(1.,0.));
#5595 = ( GEOMETRIC_REPRESENTATION_CONTEXT(2) 
PARAMETRIC_REPRESENTATION_CONTEXT() REPRESENTATION_CONTEXT('2D SPACE',''
  ) );
#5596 = ORIENTED_EDGE('',*,*,#5597,.F.);
#5597 = EDGE_CURVE('',#5458,#5570,#5598,.T.);
#5598 = SURFACE_CURVE('',#5599,(#5603,#5610),.PCURVE_S1.);
#5599 = LINE('',#5600,#5601);
#5600 = CARTESIAN_POINT('',(-16.32568421935,-19.1,4.));
#5601 = VECTOR('',#5602,1.);
#5602 = DIRECTION('',(-1.,1.326181163023E-16,0.));
#5603 = PCURVE('',#1909,#5604);
#5604 = DEFINITIONAL_REPRESENTATION('',(#5605),#5609);
#5605 = LINE('',#5606,#5607);
#5606 = CARTESIAN_POINT('',(6.17431578065,6.9));
#5607 = VECTOR('',#5608,1.);
#5608 = DIRECTION('',(-1.,1.326181163023E-16));
#5609 = ( GEOMETRIC_REPRESENTATION_CONTEXT(2) 
PARAMETRIC_REPRESENTATION_CONTEXT() REPRESENTATION_CONTEXT('2D SPACE',''
  ) );
#5610 = PCURVE('',#5611,#5616);
#5611 = PLANE('',#5612);
#5612 = AXIS2_PLACEMENT_3D('',#5613,#5614,#5615);
#5613 = CARTESIAN_POINT('',(-16.32568421935,-19.1,4.));
#5614 = DIRECTION('',(-1.326181163023E-16,-1.,0.));
#5615 = DIRECTION('',(-1.,1.326181163023E-16,0.));
#5616 = DEFINITIONAL_REPRESENTATION('',(#5617),#5621);
#5617 = LINE('',#5618,#5619);
#5618 = CARTESIAN_POINT('',(0.,0.));
#5619 = VECTOR('',#5620,1.);
#5620 = DIRECTION('',(1.,0.));
#5621 = ( GEOMETRIC_REPRESENTATION_CONTEXT(2) 
PARAMETRIC_REPRESENTATION_CONTEXT() REPRESENTATION_CONTEXT('2D SPACE',''
  ) );
#5622 = ADVANCED_FACE('',(#5623,#5629),#1982,.F.);
#5623 = FACE_BOUND('',#5624,.F.);
#5624 = EDGE_LOOP('',(#5625,#5626,#5627,#5628));
#5625 = ORIENTED_EDGE('',*,*,#3122,.F.);
#5626 = ORIENTED_EDGE('',*,*,#3197,.T.);
#5627 = ORIENTED_EDGE('',*,*,#3296,.T.);
#5628 = ORIENTED_EDGE('',*,*,#1966,.F.);
#5629 = FACE_BOUND('',#5630,.F.);
#5630 = EDGE_LOOP('',(#5631,#5661,#5689,#5717,#5745,#5773));
#5631 = ORIENTED_EDGE('',*,*,#5632,.F.);
#5632 = EDGE_CURVE('',#5633,#5635,#5637,.T.);
#5633 = VERTEX_POINT('',#5634);
#5634 = CARTESIAN_POINT('',(21.3486315613,-22.,4.));
#5635 = VERTEX_POINT('',#5636);
#5636 = CARTESIAN_POINT('',(19.67431578065,-19.1,4.));
#5637 = SURFACE_CURVE('',#5638,(#5642,#5649),.PCURVE_S1.);
#5638 = LINE('',#5639,#5640);
#5639 = CARTESIAN_POINT('',(21.3486315613,-22.,4.));
#5640 = VECTOR('',#5641,1.);
#5641 = DIRECTION('',(-0.5,0.866025403784,0.));
#5642 = PCURVE('',#1982,#5643);
#5643 = DEFINITIONAL_REPRESENTATION('',(#5644),#5648);
#5644 = LINE('',#5645,#5646);
#5645 = CARTESIAN_POINT('',(7.8486315613,4.));
#5646 = VECTOR('',#5647,1.);
#5647 = DIRECTION('',(-0.5,0.866025403784));
#5648 = ( GEOMETRIC_REPRESENTATION_CONTEXT(2) 
PARAMETRIC_REPRESENTATION_CONTEXT() REPRESENTATION_CONTEXT('2D SPACE',''
  ) );
#5649 = PCURVE('',#5650,#5655);
#5650 = PLANE('',#5651);
#5651 = AXIS2_PLACEMENT_3D('',#5652,#5653,#5654);
#5652 = CARTESIAN_POINT('',(21.3486315613,-22.,4.));
#5653 = DIRECTION('',(-0.866025403784,-0.5,0.));
#5654 = DIRECTION('',(-0.5,0.866025403784,0.));
#5655 = DEFINITIONAL_REPRESENTATION('',(#5656),#5660);
#5656 = LINE('',#5657,#5658);
#5657 = CARTESIAN_POINT('',(0.,0.));
#5658 = VECTOR('',#5659,1.);
#5659 = DIRECTION('',(1.,0.));
#5660 = ( GEOMETRIC_REPRESENTATION_CONTEXT(2) 
PARAMETRIC_REPRESENTATION_CONTEXT() REPRESENTATION_CONTEXT('2D SPACE',''
  ) );
#5661 = ORIENTED_EDGE('',*,*,#5662,.F.);
#5662 = EDGE_CURVE('',#5663,#5633,#5665,.T.);
#5663 = VERTEX_POINT('',#5664);
#5664 = CARTESIAN_POINT('',(19.67431578065,-24.9,4.));
#5665 = SURFACE_CURVE('',#5666,(#5670,#5677),.PCURVE_S1.);
#5666 = LINE('',#5667,#5668);
#5667 = CARTESIAN_POINT('',(19.67431578065,-24.9,4.));
#5668 = VECTOR('',#5669,1.);
#5669 = DIRECTION('',(0.5,0.866025403784,0.));
#5670 = PCURVE('',#1982,#5671);
#5671 = DEFINITIONAL_REPRESENTATION('',(#5672),#5676);
#5672 = LINE('',#5673,#5674);
#5673 = CARTESIAN_POINT('',(6.17431578065,1.1));
#5674 = VECTOR('',#5675,1.);
#5675 = DIRECTION('',(0.5,0.866025403784));
#5676 = ( GEOMETRIC_REPRESENTATION_CONTEXT(2) 
PARAMETRIC_REPRESENTATION_CONTEXT() REPRESENTATION_CONTEXT('2D SPACE',''
  ) );
#5677 = PCURVE('',#5678,#5683);
#5678 = PLANE('',#5679);
#5679 = AXIS2_PLACEMENT_3D('',#5680,#5681,#5682);
#5680 = CARTESIAN_POINT('',(19.67431578065,-24.9,4.));
#5681 = DIRECTION('',(-0.866025403784,0.5,0.));
#5682 = DIRECTION('',(0.5,0.866025403784,0.));
#5683 = DEFINITIONAL_REPRESENTATION('',(#5684),#5688);
#5684 = LINE('',#5685,#5686);
#5685 = CARTESIAN_POINT('',(0.,0.));
#5686 = VECTOR('',#5687,1.);
#5687 = DIRECTION('',(1.,0.));
#5688 = ( GEOMETRIC_REPRESENTATION_CONTEXT(2) 
PARAMETRIC_REPRESENTATION_CONTEXT() REPRESENTATION_CONTEXT('2D SPACE',''
  ) );
#5689 = ORIENTED_EDGE('',*,*,#5690,.F.);
#5690 = EDGE_CURVE('',#5691,#5663,#5693,.T.);
#5691 = VERTEX_POINT('',#5692);
#5692 = CARTESIAN_POINT('',(16.32568421935,-24.9,4.));
#5693 = SURFACE_CURVE('',#5694,(#5698,#5705),.PCURVE_S1.);
#5694 = LINE('',#5695,#5696);
#5695 = CARTESIAN_POINT('',(16.32568421935,-24.9,4.));
#5696 = VECTOR('',#5697,1.);
#5697 = DIRECTION('',(1.,-5.304724652093E-16,0.));
#5698 = PCURVE('',#1982,#5699);
#5699 = DEFINITIONAL_REPRESENTATION('',(#5700),#5704);
#5700 = LINE('',#5701,#5702);
#5701 = CARTESIAN_POINT('',(2.82568421935,1.1));
#5702 = VECTOR('',#5703,1.);
#5703 = DIRECTION('',(1.,-5.304724652093E-16));
#5704 = ( GEOMETRIC_REPRESENTATION_CONTEXT(2) 
PARAMETRIC_REPRESENTATION_CONTEXT() REPRESENTATION_CONTEXT('2D SPACE',''
  ) );
#5705 = PCURVE('',#5706,#5711);
#5706 = PLANE('',#5707);
#5707 = AXIS2_PLACEMENT_3D('',#5708,#5709,#5710);
#5708 = CARTESIAN_POINT('',(16.32568421935,-24.9,4.));
#5709 = DIRECTION('',(5.304724652093E-16,1.,-0.));
#5710 = DIRECTION('',(1.,-5.304724652093E-16,0.));
#5711 = DEFINITIONAL_REPRESENTATION('',(#5712),#5716);
#5712 = LINE('',#5713,#5714);
#5713 = CARTESIAN_POINT('',(0.,0.));
#5714 = VECTOR('',#5715,1.);
#5715 = DIRECTION('',(1.,0.));
#5716 = ( GEOMETRIC_REPRESENTATION_CONTEXT(2) 
PARAMETRIC_REPRESENTATION_CONTEXT() REPRESENTATION_CONTEXT('2D SPACE',''
  ) );
#5717 = ORIENTED_EDGE('',*,*,#5718,.F.);
#5718 = EDGE_CURVE('',#5719,#5691,#5721,.T.);
#5719 = VERTEX_POINT('',#5720);
#5720 = CARTESIAN_POINT('',(14.6513684387,-22.,4.));
#5721 = SURFACE_CURVE('',#5722,(#5726,#5733),.PCURVE_S1.);
#5722 = LINE('',#5723,#5724);
#5723 = CARTESIAN_POINT('',(14.6513684387,-22.,4.));
#5724 = VECTOR('',#5725,1.);
#5725 = DIRECTION('',(0.5,-0.866025403784,0.));
#5726 = PCURVE('',#1982,#5727);
#5727 = DEFINITIONAL_REPRESENTATION('',(#5728),#5732);
#5728 = LINE('',#5729,#5730);
#5729 = CARTESIAN_POINT('',(1.1513684387,4.));
#5730 = VECTOR('',#5731,1.);
#5731 = DIRECTION('',(0.5,-0.866025403784));
#5732 = ( GEOMETRIC_REPRESENTATION_CONTEXT(2) 
PARAMETRIC_REPRESENTATION_CONTEXT() REPRESENTATION_CONTEXT('2D SPACE',''
  ) );
#5733 = PCURVE('',#5734,#5739);
#5734 = PLANE('',#5735);
#5735 = AXIS2_PLACEMENT_3D('',#5736,#5737,#5738);
#5736 = CARTESIAN_POINT('',(14.6513684387,-22.,4.));
#5737 = DIRECTION('',(0.866025403784,0.5,-0.));
#5738 = DIRECTION('',(0.5,-0.866025403784,0.));
#5739 = DEFINITIONAL_REPRESENTATION('',(#5740),#5744);
#5740 = LINE('',#5741,#5742);
#5741 = CARTESIAN_POINT('',(0.,0.));
#5742 = VECTOR('',#5743,1.);
#5743 = DIRECTION('',(1.,0.));
#5744 = ( GEOMETRIC_REPRESENTATION_CONTEXT(2) 
PARAMETRIC_REPRESENTATION_CONTEXT() REPRESENTATION_CONTEXT('2D SPACE',''
  ) );
#5745 = ORIENTED_EDGE('',*,*,#5746,.F.);
#5746 = EDGE_CURVE('',#5747,#5719,#5749,.T.);
#5747 = VERTEX_POINT('',#5748);
#5748 = CARTESIAN_POINT('',(16.32568421935,-19.1,4.));
#5749 = SURFACE_CURVE('',#5750,(#5754,#5761),.PCURVE_S1.);
#5750 = LINE('',#5751,#5752);
#5751 = CARTESIAN_POINT('',(16.32568421935,-19.1,4.));
#5752 = VECTOR('',#5753,1.);
#5753 = DIRECTION('',(-0.5,-0.866025403784,0.));
#5754 = PCURVE('',#1982,#5755);
#5755 = DEFINITIONAL_REPRESENTATION('',(#5756),#5760);
#5756 = LINE('',#5757,#5758);
#5757 = CARTESIAN_POINT('',(2.82568421935,6.9));
#5758 = VECTOR('',#5759,1.);
#5759 = DIRECTION('',(-0.5,-0.866025403784));
#5760 = ( GEOMETRIC_REPRESENTATION_CONTEXT(2) 
PARAMETRIC_REPRESENTATION_CONTEXT() REPRESENTATION_CONTEXT('2D SPACE',''
  ) );
#5761 = PCURVE('',#5762,#5767);
#5762 = PLANE('',#5763);
#5763 = AXIS2_PLACEMENT_3D('',#5764,#5765,#5766);
#5764 = CARTESIAN_POINT('',(16.32568421935,-19.1,4.));
#5765 = DIRECTION('',(0.866025403784,-0.5,0.));
#5766 = DIRECTION('',(-0.5,-0.866025403784,0.));
#5767 = DEFINITIONAL_REPRESENTATION('',(#5768),#5772);
#5768 = LINE('',#5769,#5770);
#5769 = CARTESIAN_POINT('',(0.,0.));
#5770 = VECTOR('',#5771,1.);
#5771 = DIRECTION('',(1.,0.));
#5772 = ( GEOMETRIC_REPRESENTATION_CONTEXT(2) 
PARAMETRIC_REPRESENTATION_CONTEXT() REPRESENTATION_CONTEXT('2D SPACE',''
  ) );
#5773 = ORIENTED_EDGE('',*,*,#5774,.F.);
#5774 = EDGE_CURVE('',#5635,#5747,#5775,.T.);
#5775 = SURFACE_CURVE('',#5776,(#5780,#5787),.PCURVE_S1.);
#5776 = LINE('',#5777,#5778);
#5777 = CARTESIAN_POINT('',(19.67431578065,-19.1,4.));
#5778 = VECTOR('',#5779,1.);
#5779 = DIRECTION('',(-1.,1.326181163023E-16,0.));
#5780 = PCURVE('',#1982,#5781);
#5781 = DEFINITIONAL_REPRESENTATION('',(#5782),#5786);
#5782 = LINE('',#5783,#5784);
#5783 = CARTESIAN_POINT('',(6.17431578065,6.9));
#5784 = VECTOR('',#5785,1.);
#5785 = DIRECTION('',(-1.,1.326181163023E-16));
#5786 = ( GEOMETRIC_REPRESENTATION_CONTEXT(2) 
PARAMETRIC_REPRESENTATION_CONTEXT() REPRESENTATION_CONTEXT('2D SPACE',''
  ) );
#5787 = PCURVE('',#5788,#5793);
#5788 = PLANE('',#5789);
#5789 = AXIS2_PLACEMENT_3D('',#5790,#5791,#5792);
#5790 = CARTESIAN_POINT('',(19.67431578065,-19.1,4.));
#5791 = DIRECTION('',(-1.326181163023E-16,-1.,0.));
#5792 = DIRECTION('',(-1.,1.326181163023E-16,0.));
#5793 = DEFINITIONAL_REPRESENTATION('',(#5794),#5798);
#5794 = LINE('',#5795,#5796);
#5795 = CARTESIAN_POINT('',(0.,0.));
#5796 = VECTOR('',#5797,1.);
#5797 = DIRECTION('',(1.,0.));
#5798 = ( GEOMETRIC_REPRESENTATION_CONTEXT(2) 
PARAMETRIC_REPRESENTATION_CONTEXT() REPRESENTATION_CONTEXT('2D SPACE',''
  ) );
#5799 = ADVANCED_FACE('',(#5800),#2056,.F.);
#5800 = FACE_BOUND('',#5801,.F.);
#5801 = EDGE_LOOP('',(#5802,#5825,#5826,#5849));
#5802 = ORIENTED_EDGE('',*,*,#5803,.F.);
#5803 = EDGE_CURVE('',#2040,#5804,#5806,.T.);
#5804 = VERTEX_POINT('',#5805);
#5805 = CARTESIAN_POINT('',(-5.8,-14.3,-0.8));
#5806 = SURFACE_CURVE('',#5807,(#5811,#5818),.PCURVE_S1.);
#5807 = LINE('',#5808,#5809);
#5808 = CARTESIAN_POINT('',(-5.8,-15.7,-0.8));
#5809 = VECTOR('',#5810,1.);
#5810 = DIRECTION('',(0.,1.,0.));
#5811 = PCURVE('',#2056,#5812);
#5812 = DEFINITIONAL_REPRESENTATION('',(#5813),#5817);
#5813 = LINE('',#5814,#5815);
#5814 = CARTESIAN_POINT('',(0.,0.));
#5815 = VECTOR('',#5816,1.);
#5816 = DIRECTION('',(0.,1.));
#5817 = ( GEOMETRIC_REPRESENTATION_CONTEXT(2) 
PARAMETRIC_REPRESENTATION_CONTEXT() REPRESENTATION_CONTEXT('2D SPACE',''
  ) );
#5818 = PCURVE('',#2082,#5819);
#5819 = DEFINITIONAL_REPRESENTATION('',(#5820),#5824);
#5820 = LINE('',#5821,#5822);
#5821 = CARTESIAN_POINT('',(1.6,0.));
#5822 = VECTOR('',#5823,1.);
#5823 = DIRECTION('',(0.,-1.));
#5824 = ( GEOMETRIC_REPRESENTATION_CONTEXT(2) 
PARAMETRIC_REPRESENTATION_CONTEXT() REPRESENTATION_CONTEXT('2D SPACE',''
  ) );
#5825 = ORIENTED_EDGE('',*,*,#2039,.T.);
#5826 = ORIENTED_EDGE('',*,*,#5827,.T.);
#5827 = EDGE_CURVE('',#2042,#5828,#5830,.T.);
#5828 = VERTEX_POINT('',#5829);
#5829 = CARTESIAN_POINT('',(-4.2,-14.3,-0.8));
#5830 = SURFACE_CURVE('',#5831,(#5835,#5842),.PCURVE_S1.);
#5831 = LINE('',#5832,#5833);
#5832 = CARTESIAN_POINT('',(-4.2,-15.7,-0.8));
#5833 = VECTOR('',#5834,1.);
#5834 = DIRECTION('',(0.,1.,0.));
#5835 = PCURVE('',#2056,#5836);
#5836 = DEFINITIONAL_REPRESENTATION('',(#5837),#5841);
#5837 = LINE('',#5838,#5839);
#5838 = CARTESIAN_POINT('',(1.6,0.));
#5839 = VECTOR('',#5840,1.);
#5840 = DIRECTION('',(0.,1.));
#5841 = ( GEOMETRIC_REPRESENTATION_CONTEXT(2) 
PARAMETRIC_REPRESENTATION_CONTEXT() REPRESENTATION_CONTEXT('2D SPACE',''
  ) );
#5842 = PCURVE('',#2132,#5843);
#5843 = DEFINITIONAL_REPRESENTATION('',(#5844),#5848);
#5844 = LINE('',#5845,#5846);
#5845 = CARTESIAN_POINT('',(1.6,0.));
#5846 = VECTOR('',#5847,1.);
#5847 = DIRECTION('',(0.,-1.));
#5848 = ( GEOMETRIC_REPRESENTATION_CONTEXT(2) 
PARAMETRIC_REPRESENTATION_CONTEXT() REPRESENTATION_CONTEXT('2D SPACE',''
  ) );
#5849 = ORIENTED_EDGE('',*,*,#5850,.F.);
#5850 = EDGE_CURVE('',#5804,#5828,#5851,.T.);
#5851 = SURFACE_CURVE('',#5852,(#5856,#5863),.PCURVE_S1.);
#5852 = LINE('',#5853,#5854);
#5853 = CARTESIAN_POINT('',(-5.8,-14.3,-0.8));
#5854 = VECTOR('',#5855,1.);
#5855 = DIRECTION('',(1.,0.,0.));
#5856 = PCURVE('',#2056,#5857);
#5857 = DEFINITIONAL_REPRESENTATION('',(#5858),#5862);
#5858 = LINE('',#5859,#5860);
#5859 = CARTESIAN_POINT('',(0.,1.4));
#5860 = VECTOR('',#5861,1.);
#5861 = DIRECTION('',(1.,0.));
#5862 = ( GEOMETRIC_REPRESENTATION_CONTEXT(2) 
PARAMETRIC_REPRESENTATION_CONTEXT() REPRESENTATION_CONTEXT('2D SPACE',''
  ) );
#5863 = PCURVE('',#5864,#5869);
#5864 = PLANE('',#5865);
#5865 = AXIS2_PLACEMENT_3D('',#5866,#5867,#5868);
#5866 = CARTESIAN_POINT('',(-5.8,-14.3,-2.4));
#5867 = DIRECTION('',(0.,1.,0.));
#5868 = DIRECTION('',(0.,0.,1.));
#5869 = DEFINITIONAL_REPRESENTATION('',(#5870),#5874);
#5870 = LINE('',#5871,#5872);
#5871 = CARTESIAN_POINT('',(1.6,0.));
#5872 = VECTOR('',#5873,1.);
#5873 = DIRECTION('',(0.,1.));
#5874 = ( GEOMETRIC_REPRESENTATION_CONTEXT(2) 
PARAMETRIC_REPRESENTATION_CONTEXT() REPRESENTATION_CONTEXT('2D SPACE',''
  ) );
#5875 = ADVANCED_FACE('',(#5876),#2082,.T.);
#5876 = FACE_BOUND('',#5877,.T.);
#5877 = EDGE_LOOP('',(#5878,#5879,#5880,#5903));
#5878 = ORIENTED_EDGE('',*,*,#5803,.F.);
#5879 = ORIENTED_EDGE('',*,*,#2067,.T.);
#5880 = ORIENTED_EDGE('',*,*,#5881,.T.);
#5881 = EDGE_CURVE('',#2068,#5882,#5884,.T.);
#5882 = VERTEX_POINT('',#5883);
#5883 = CARTESIAN_POINT('',(-5.8,-14.3,-2.4));
#5884 = SURFACE_CURVE('',#5885,(#5889,#5896),.PCURVE_S1.);
#5885 = LINE('',#5886,#5887);
#5886 = CARTESIAN_POINT('',(-5.8,-15.7,-2.4));
#5887 = VECTOR('',#5888,1.);
#5888 = DIRECTION('',(0.,1.,0.));
#5889 = PCURVE('',#2082,#5890);
#5890 = DEFINITIONAL_REPRESENTATION('',(#5891),#5895);
#5891 = LINE('',#5892,#5893);
#5892 = CARTESIAN_POINT('',(0.,0.));
#5893 = VECTOR('',#5894,1.);
#5894 = DIRECTION('',(0.,-1.));
#5895 = ( GEOMETRIC_REPRESENTATION_CONTEXT(2) 
PARAMETRIC_REPRESENTATION_CONTEXT() REPRESENTATION_CONTEXT('2D SPACE',''
  ) );
#5896 = PCURVE('',#2108,#5897);
#5897 = DEFINITIONAL_REPRESENTATION('',(#5898),#5902);
#5898 = LINE('',#5899,#5900);
#5899 = CARTESIAN_POINT('',(0.,0.));
#5900 = VECTOR('',#5901,1.);
#5901 = DIRECTION('',(0.,1.));
#5902 = ( GEOMETRIC_REPRESENTATION_CONTEXT(2) 
PARAMETRIC_REPRESENTATION_CONTEXT() REPRESENTATION_CONTEXT('2D SPACE',''
  ) );
#5903 = ORIENTED_EDGE('',*,*,#5904,.T.);
#5904 = EDGE_CURVE('',#5882,#5804,#5905,.T.);
#5905 = SURFACE_CURVE('',#5906,(#5910,#5917),.PCURVE_S1.);
#5906 = LINE('',#5907,#5908);
#5907 = CARTESIAN_POINT('',(-5.8,-14.3,-2.4));
#5908 = VECTOR('',#5909,1.);
#5909 = DIRECTION('',(0.,0.,1.));
#5910 = PCURVE('',#2082,#5911);
#5911 = DEFINITIONAL_REPRESENTATION('',(#5912),#5916);
#5912 = LINE('',#5913,#5914);
#5913 = CARTESIAN_POINT('',(0.,-1.4));
#5914 = VECTOR('',#5915,1.);
#5915 = DIRECTION('',(1.,0.));
#5916 = ( GEOMETRIC_REPRESENTATION_CONTEXT(2) 
PARAMETRIC_REPRESENTATION_CONTEXT() REPRESENTATION_CONTEXT('2D SPACE',''
  ) );
#5917 = PCURVE('',#5864,#5918);
#5918 = DEFINITIONAL_REPRESENTATION('',(#5919),#5923);
#5919 = LINE('',#5920,#5921);
#5920 = CARTESIAN_POINT('',(0.,0.));
#5921 = VECTOR('',#5922,1.);
#5922 = DIRECTION('',(1.,0.));
#5923 = ( GEOMETRIC_REPRESENTATION_CONTEXT(2) 
PARAMETRIC_REPRESENTATION_CONTEXT() REPRESENTATION_CONTEXT('2D SPACE',''
  ) );
#5924 = ADVANCED_FACE('',(#5925),#2132,.F.);
#5925 = FACE_BOUND('',#5926,.F.);
#5926 = EDGE_LOOP('',(#5927,#5928,#5929,#5952));
#5927 = ORIENTED_EDGE('',*,*,#5827,.F.);
#5928 = ORIENTED_EDGE('',*,*,#2119,.T.);
#5929 = ORIENTED_EDGE('',*,*,#5930,.T.);
#5930 = EDGE_CURVE('',#2094,#5931,#5933,.T.);
#5931 = VERTEX_POINT('',#5932);
#5932 = CARTESIAN_POINT('',(-4.2,-14.3,-2.4));
#5933 = SURFACE_CURVE('',#5934,(#5938,#5945),.PCURVE_S1.);
#5934 = LINE('',#5935,#5936);
#5935 = CARTESIAN_POINT('',(-4.2,-15.7,-2.4));
#5936 = VECTOR('',#5937,1.);
#5937 = DIRECTION('',(0.,1.,0.));
#5938 = PCURVE('',#2132,#5939);
#5939 = DEFINITIONAL_REPRESENTATION('',(#5940),#5944);
#5940 = LINE('',#5941,#5942);
#5941 = CARTESIAN_POINT('',(0.,0.));
#5942 = VECTOR('',#5943,1.);
#5943 = DIRECTION('',(0.,-1.));
#5944 = ( GEOMETRIC_REPRESENTATION_CONTEXT(2) 
PARAMETRIC_REPRESENTATION_CONTEXT() REPRESENTATION_CONTEXT('2D SPACE',''
  ) );
#5945 = PCURVE('',#2108,#5946);
#5946 = DEFINITIONAL_REPRESENTATION('',(#5947),#5951);
#5947 = LINE('',#5948,#5949);
#5948 = CARTESIAN_POINT('',(1.6,0.));
#5949 = VECTOR('',#5950,1.);
#5950 = DIRECTION('',(0.,1.));
#5951 = ( GEOMETRIC_REPRESENTATION_CONTEXT(2) 
PARAMETRIC_REPRESENTATION_CONTEXT() REPRESENTATION_CONTEXT('2D SPACE',''
  ) );
#5952 = ORIENTED_EDGE('',*,*,#5953,.T.);
#5953 = EDGE_CURVE('',#5931,#5828,#5954,.T.);
#5954 = SURFACE_CURVE('',#5955,(#5959,#5966),.PCURVE_S1.);
#5955 = LINE('',#5956,#5957);
#5956 = CARTESIAN_POINT('',(-4.2,-14.3,-2.4));
#5957 = VECTOR('',#5958,1.);
#5958 = DIRECTION('',(0.,0.,1.));
#5959 = PCURVE('',#2132,#5960);
#5960 = DEFINITIONAL_REPRESENTATION('',(#5961),#5965);
#5961 = LINE('',#5962,#5963);
#5962 = CARTESIAN_POINT('',(0.,-1.4));
#5963 = VECTOR('',#5964,1.);
#5964 = DIRECTION('',(1.,0.));
#5965 = ( GEOMETRIC_REPRESENTATION_CONTEXT(2) 
PARAMETRIC_REPRESENTATION_CONTEXT() REPRESENTATION_CONTEXT('2D SPACE',''
  ) );
#5966 = PCURVE('',#5864,#5967);
#5967 = DEFINITIONAL_REPRESENTATION('',(#5968),#5972);
#5968 = LINE('',#5969,#5970);
#5969 = CARTESIAN_POINT('',(0.,1.6));
#5970 = VECTOR('',#5971,1.);
#5971 = DIRECTION('',(1.,0.));
#5972 = ( GEOMETRIC_REPRESENTATION_CONTEXT(2) 
PARAMETRIC_REPRESENTATION_CONTEXT() REPRESENTATION_CONTEXT('2D SPACE',''
  ) );
#5973 = ADVANCED_FACE('',(#5974),#2108,.T.);
#5974 = FACE_BOUND('',#5975,.T.);
#5975 = EDGE_LOOP('',(#5976,#5977,#5978,#5979));
#5976 = ORIENTED_EDGE('',*,*,#5881,.F.);
#5977 = ORIENTED_EDGE('',*,*,#2093,.T.);
#5978 = ORIENTED_EDGE('',*,*,#5930,.T.);
#5979 = ORIENTED_EDGE('',*,*,#5980,.F.);
#5980 = EDGE_CURVE('',#5882,#5931,#5981,.T.);
#5981 = SURFACE_CURVE('',#5982,(#5986,#5993),.PCURVE_S1.);
#5982 = LINE('',#5983,#5984);
#5983 = CARTESIAN_POINT('',(-5.8,-14.3,-2.4));
#5984 = VECTOR('',#5985,1.);
#5985 = DIRECTION('',(1.,0.,0.));
#5986 = PCURVE('',#2108,#5987);
#5987 = DEFINITIONAL_REPRESENTATION('',(#5988),#5992);
#5988 = LINE('',#5989,#5990);
#5989 = CARTESIAN_POINT('',(0.,1.4));
#5990 = VECTOR('',#5991,1.);
#5991 = DIRECTION('',(1.,0.));
#5992 = ( GEOMETRIC_REPRESENTATION_CONTEXT(2) 
PARAMETRIC_REPRESENTATION_CONTEXT() REPRESENTATION_CONTEXT('2D SPACE',''
  ) );
#5993 = PCURVE('',#5864,#5994);
#5994 = DEFINITIONAL_REPRESENTATION('',(#5995),#5999);
#5995 = LINE('',#5996,#5997);
#5996 = CARTESIAN_POINT('',(0.,0.));
#5997 = VECTOR('',#5998,1.);
#5998 = DIRECTION('',(0.,1.));
#5999 = ( GEOMETRIC_REPRESENTATION_CONTEXT(2) 
PARAMETRIC_REPRESENTATION_CONTEXT() REPRESENTATION_CONTEXT('2D SPACE',''
  ) );
#6000 = ADVANCED_FACE('',(#6001),#2162,.F.);
#6001 = FACE_BOUND('',#6002,.F.);
#6002 = EDGE_LOOP('',(#6003,#6026,#6027,#6050));
#6003 = ORIENTED_EDGE('',*,*,#6004,.F.);
#6004 = EDGE_CURVE('',#2146,#6005,#6007,.T.);
#6005 = VERTEX_POINT('',#6006);
#6006 = CARTESIAN_POINT('',(-0.8,-14.3,-0.8));
#6007 = SURFACE_CURVE('',#6008,(#6012,#6019),.PCURVE_S1.);
#6008 = LINE('',#6009,#6010);
#6009 = CARTESIAN_POINT('',(-0.8,-15.7,-0.8));
#6010 = VECTOR('',#6011,1.);
#6011 = DIRECTION('',(0.,1.,0.));
#6012 = PCURVE('',#2162,#6013);
#6013 = DEFINITIONAL_REPRESENTATION('',(#6014),#6018);
#6014 = LINE('',#6015,#6016);
#6015 = CARTESIAN_POINT('',(0.,0.));
#6016 = VECTOR('',#6017,1.);
#6017 = DIRECTION('',(0.,1.));
#6018 = ( GEOMETRIC_REPRESENTATION_CONTEXT(2) 
PARAMETRIC_REPRESENTATION_CONTEXT() REPRESENTATION_CONTEXT('2D SPACE',''
  ) );
#6019 = PCURVE('',#2188,#6020);
#6020 = DEFINITIONAL_REPRESENTATION('',(#6021),#6025);
#6021 = LINE('',#6022,#6023);
#6022 = CARTESIAN_POINT('',(1.6,0.));
#6023 = VECTOR('',#6024,1.);
#6024 = DIRECTION('',(0.,-1.));
#6025 = ( GEOMETRIC_REPRESENTATION_CONTEXT(2) 
PARAMETRIC_REPRESENTATION_CONTEXT() REPRESENTATION_CONTEXT('2D SPACE',''
  ) );
#6026 = ORIENTED_EDGE('',*,*,#2145,.T.);
#6027 = ORIENTED_EDGE('',*,*,#6028,.T.);
#6028 = EDGE_CURVE('',#2148,#6029,#6031,.T.);
#6029 = VERTEX_POINT('',#6030);
#6030 = CARTESIAN_POINT('',(0.8,-14.3,-0.8));
#6031 = SURFACE_CURVE('',#6032,(#6036,#6043),.PCURVE_S1.);
#6032 = LINE('',#6033,#6034);
#6033 = CARTESIAN_POINT('',(0.8,-15.7,-0.8));
#6034 = VECTOR('',#6035,1.);
#6035 = DIRECTION('',(0.,1.,0.));
#6036 = PCURVE('',#2162,#6037);
#6037 = DEFINITIONAL_REPRESENTATION('',(#6038),#6042);
#6038 = LINE('',#6039,#6040);
#6039 = CARTESIAN_POINT('',(1.6,0.));
#6040 = VECTOR('',#6041,1.);
#6041 = DIRECTION('',(0.,1.));
#6042 = ( GEOMETRIC_REPRESENTATION_CONTEXT(2) 
PARAMETRIC_REPRESENTATION_CONTEXT() REPRESENTATION_CONTEXT('2D SPACE',''
  ) );
#6043 = PCURVE('',#2238,#6044);
#6044 = DEFINITIONAL_REPRESENTATION('',(#6045),#6049);
#6045 = LINE('',#6046,#6047);
#6046 = CARTESIAN_POINT('',(1.6,0.));
#6047 = VECTOR('',#6048,1.);
#6048 = DIRECTION('',(0.,-1.));
#6049 = ( GEOMETRIC_REPRESENTATION_CONTEXT(2) 
PARAMETRIC_REPRESENTATION_CONTEXT() REPRESENTATION_CONTEXT('2D SPACE',''
  ) );
#6050 = ORIENTED_EDGE('',*,*,#6051,.F.);
#6051 = EDGE_CURVE('',#6005,#6029,#6052,.T.);
#6052 = SURFACE_CURVE('',#6053,(#6057,#6064),.PCURVE_S1.);
#6053 = LINE('',#6054,#6055);
#6054 = CARTESIAN_POINT('',(-0.8,-14.3,-0.8));
#6055 = VECTOR('',#6056,1.);
#6056 = DIRECTION('',(1.,0.,0.));
#6057 = PCURVE('',#2162,#6058);
#6058 = DEFINITIONAL_REPRESENTATION('',(#6059),#6063);
#6059 = LINE('',#6060,#6061);
#6060 = CARTESIAN_POINT('',(0.,1.4));
#6061 = VECTOR('',#6062,1.);
#6062 = DIRECTION('',(1.,0.));
#6063 = ( GEOMETRIC_REPRESENTATION_CONTEXT(2) 
PARAMETRIC_REPRESENTATION_CONTEXT() REPRESENTATION_CONTEXT('2D SPACE',''
  ) );
#6064 = PCURVE('',#6065,#6070);
#6065 = PLANE('',#6066);
#6066 = AXIS2_PLACEMENT_3D('',#6067,#6068,#6069);
#6067 = CARTESIAN_POINT('',(-0.8,-14.3,-2.4));
#6068 = DIRECTION('',(0.,1.,0.));
#6069 = DIRECTION('',(0.,0.,1.));
#6070 = DEFINITIONAL_REPRESENTATION('',(#6071),#6075);
#6071 = LINE('',#6072,#6073);
#6072 = CARTESIAN_POINT('',(1.6,0.));
#6073 = VECTOR('',#6074,1.);
#6074 = DIRECTION('',(0.,1.));
#6075 = ( GEOMETRIC_REPRESENTATION_CONTEXT(2) 
PARAMETRIC_REPRESENTATION_CONTEXT() REPRESENTATION_CONTEXT('2D SPACE',''
  ) );
#6076 = ADVANCED_FACE('',(#6077),#2188,.T.);
#6077 = FACE_BOUND('',#6078,.T.);
#6078 = EDGE_LOOP('',(#6079,#6080,#6081,#6104));
#6079 = ORIENTED_EDGE('',*,*,#6004,.F.);
#6080 = ORIENTED_EDGE('',*,*,#2173,.T.);
#6081 = ORIENTED_EDGE('',*,*,#6082,.T.);
#6082 = EDGE_CURVE('',#2174,#6083,#6085,.T.);
#6083 = VERTEX_POINT('',#6084);
#6084 = CARTESIAN_POINT('',(-0.8,-14.3,-2.4));
#6085 = SURFACE_CURVE('',#6086,(#6090,#6097),.PCURVE_S1.);
#6086 = LINE('',#6087,#6088);
#6087 = CARTESIAN_POINT('',(-0.8,-15.7,-2.4));
#6088 = VECTOR('',#6089,1.);
#6089 = DIRECTION('',(0.,1.,0.));
#6090 = PCURVE('',#2188,#6091);
#6091 = DEFINITIONAL_REPRESENTATION('',(#6092),#6096);
#6092 = LINE('',#6093,#6094);
#6093 = CARTESIAN_POINT('',(0.,0.));
#6094 = VECTOR('',#6095,1.);
#6095 = DIRECTION('',(0.,-1.));
#6096 = ( GEOMETRIC_REPRESENTATION_CONTEXT(2) 
PARAMETRIC_REPRESENTATION_CONTEXT() REPRESENTATION_CONTEXT('2D SPACE',''
  ) );
#6097 = PCURVE('',#2214,#6098);
#6098 = DEFINITIONAL_REPRESENTATION('',(#6099),#6103);
#6099 = LINE('',#6100,#6101);
#6100 = CARTESIAN_POINT('',(0.,0.));
#6101 = VECTOR('',#6102,1.);
#6102 = DIRECTION('',(0.,1.));
#6103 = ( GEOMETRIC_REPRESENTATION_CONTEXT(2) 
PARAMETRIC_REPRESENTATION_CONTEXT() REPRESENTATION_CONTEXT('2D SPACE',''
  ) );
#6104 = ORIENTED_EDGE('',*,*,#6105,.T.);
#6105 = EDGE_CURVE('',#6083,#6005,#6106,.T.);
#6106 = SURFACE_CURVE('',#6107,(#6111,#6118),.PCURVE_S1.);
#6107 = LINE('',#6108,#6109);
#6108 = CARTESIAN_POINT('',(-0.8,-14.3,-2.4));
#6109 = VECTOR('',#6110,1.);
#6110 = DIRECTION('',(0.,0.,1.));
#6111 = PCURVE('',#2188,#6112);
#6112 = DEFINITIONAL_REPRESENTATION('',(#6113),#6117);
#6113 = LINE('',#6114,#6115);
#6114 = CARTESIAN_POINT('',(0.,-1.4));
#6115 = VECTOR('',#6116,1.);
#6116 = DIRECTION('',(1.,0.));
#6117 = ( GEOMETRIC_REPRESENTATION_CONTEXT(2) 
PARAMETRIC_REPRESENTATION_CONTEXT() REPRESENTATION_CONTEXT('2D SPACE',''
  ) );
#6118 = PCURVE('',#6065,#6119);
#6119 = DEFINITIONAL_REPRESENTATION('',(#6120),#6124);
#6120 = LINE('',#6121,#6122);
#6121 = CARTESIAN_POINT('',(0.,0.));
#6122 = VECTOR('',#6123,1.);
#6123 = DIRECTION('',(1.,0.));
#6124 = ( GEOMETRIC_REPRESENTATION_CONTEXT(2) 
PARAMETRIC_REPRESENTATION_CONTEXT() REPRESENTATION_CONTEXT('2D SPACE',''
  ) );
#6125 = ADVANCED_FACE('',(#6126),#2238,.F.);
#6126 = FACE_BOUND('',#6127,.F.);
#6127 = EDGE_LOOP('',(#6128,#6129,#6130,#6153));
#6128 = ORIENTED_EDGE('',*,*,#6028,.F.);
#6129 = ORIENTED_EDGE('',*,*,#2225,.T.);
#6130 = ORIENTED_EDGE('',*,*,#6131,.T.);
#6131 = EDGE_CURVE('',#2200,#6132,#6134,.T.);
#6132 = VERTEX_POINT('',#6133);
#6133 = CARTESIAN_POINT('',(0.8,-14.3,-2.4));
#6134 = SURFACE_CURVE('',#6135,(#6139,#6146),.PCURVE_S1.);
#6135 = LINE('',#6136,#6137);
#6136 = CARTESIAN_POINT('',(0.8,-15.7,-2.4));
#6137 = VECTOR('',#6138,1.);
#6138 = DIRECTION('',(0.,1.,0.));
#6139 = PCURVE('',#2238,#6140);
#6140 = DEFINITIONAL_REPRESENTATION('',(#6141),#6145);
#6141 = LINE('',#6142,#6143);
#6142 = CARTESIAN_POINT('',(0.,0.));
#6143 = VECTOR('',#6144,1.);
#6144 = DIRECTION('',(0.,-1.));
#6145 = ( GEOMETRIC_REPRESENTATION_CONTEXT(2) 
PARAMETRIC_REPRESENTATION_CONTEXT() REPRESENTATION_CONTEXT('2D SPACE',''
  ) );
#6146 = PCURVE('',#2214,#6147);
#6147 = DEFINITIONAL_REPRESENTATION('',(#6148),#6152);
#6148 = LINE('',#6149,#6150);
#6149 = CARTESIAN_POINT('',(1.6,0.));
#6150 = VECTOR('',#6151,1.);
#6151 = DIRECTION('',(0.,1.));
#6152 = ( GEOMETRIC_REPRESENTATION_CONTEXT(2) 
PARAMETRIC_REPRESENTATION_CONTEXT() REPRESENTATION_CONTEXT('2D SPACE',''
  ) );
#6153 = ORIENTED_EDGE('',*,*,#6154,.T.);
#6154 = EDGE_CURVE('',#6132,#6029,#6155,.T.);
#6155 = SURFACE_CURVE('',#6156,(#6160,#6167),.PCURVE_S1.);
#6156 = LINE('',#6157,#6158);
#6157 = CARTESIAN_POINT('',(0.8,-14.3,-2.4));
#6158 = VECTOR('',#6159,1.);
#6159 = DIRECTION('',(0.,0.,1.));
#6160 = PCURVE('',#2238,#6161);
#6161 = DEFINITIONAL_REPRESENTATION('',(#6162),#6166);
#6162 = LINE('',#6163,#6164);
#6163 = CARTESIAN_POINT('',(0.,-1.4));
#6164 = VECTOR('',#6165,1.);
#6165 = DIRECTION('',(1.,0.));
#6166 = ( GEOMETRIC_REPRESENTATION_CONTEXT(2) 
PARAMETRIC_REPRESENTATION_CONTEXT() REPRESENTATION_CONTEXT('2D SPACE',''
  ) );
#6167 = PCURVE('',#6065,#6168);
#6168 = DEFINITIONAL_REPRESENTATION('',(#6169),#6173);
#6169 = LINE('',#6170,#6171);
#6170 = CARTESIAN_POINT('',(0.,1.6));
#6171 = VECTOR('',#6172,1.);
#6172 = DIRECTION('',(1.,0.));
#6173 = ( GEOMETRIC_REPRESENTATION_CONTEXT(2) 
PARAMETRIC_REPRESENTATION_CONTEXT() REPRESENTATION_CONTEXT('2D SPACE',''
  ) );
#6174 = ADVANCED_FACE('',(#6175),#2214,.T.);
#6175 = FACE_BOUND('',#6176,.T.);
#6176 = EDGE_LOOP('',(#6177,#6178,#6179,#6180));
#6177 = ORIENTED_EDGE('',*,*,#6082,.F.);
#6178 = ORIENTED_EDGE('',*,*,#2199,.T.);
#6179 = ORIENTED_EDGE('',*,*,#6131,.T.);
#6180 = ORIENTED_EDGE('',*,*,#6181,.F.);
#6181 = EDGE_CURVE('',#6083,#6132,#6182,.T.);
#6182 = SURFACE_CURVE('',#6183,(#6187,#6194),.PCURVE_S1.);
#6183 = LINE('',#6184,#6185);
#6184 = CARTESIAN_POINT('',(-0.8,-14.3,-2.4));
#6185 = VECTOR('',#6186,1.);
#6186 = DIRECTION('',(1.,0.,0.));
#6187 = PCURVE('',#2214,#6188);
#6188 = DEFINITIONAL_REPRESENTATION('',(#6189),#6193);
#6189 = LINE('',#6190,#6191);
#6190 = CARTESIAN_POINT('',(0.,1.4));
#6191 = VECTOR('',#6192,1.);
#6192 = DIRECTION('',(1.,0.));
#6193 = ( GEOMETRIC_REPRESENTATION_CONTEXT(2) 
PARAMETRIC_REPRESENTATION_CONTEXT() REPRESENTATION_CONTEXT('2D SPACE',''
  ) );
#6194 = PCURVE('',#6065,#6195);
#6195 = DEFINITIONAL_REPRESENTATION('',(#6196),#6200);
#6196 = LINE('',#6197,#6198);
#6197 = CARTESIAN_POINT('',(0.,0.));
#6198 = VECTOR('',#6199,1.);
#6199 = DIRECTION('',(0.,1.));
#6200 = ( GEOMETRIC_REPRESENTATION_CONTEXT(2) 
PARAMETRIC_REPRESENTATION_CONTEXT() REPRESENTATION_CONTEXT('2D SPACE',''
  ) );
#6201 = ADVANCED_FACE('',(#6202),#2268,.F.);
#6202 = FACE_BOUND('',#6203,.F.);
#6203 = EDGE_LOOP('',(#6204,#6227,#6228,#6251));
#6204 = ORIENTED_EDGE('',*,*,#6205,.F.);
#6205 = EDGE_CURVE('',#2252,#6206,#6208,.T.);
#6206 = VERTEX_POINT('',#6207);
#6207 = CARTESIAN_POINT('',(4.2,-14.3,-0.8));
#6208 = SURFACE_CURVE('',#6209,(#6213,#6220),.PCURVE_S1.);
#6209 = LINE('',#6210,#6211);
#6210 = CARTESIAN_POINT('',(4.2,-15.7,-0.8));
#6211 = VECTOR('',#6212,1.);
#6212 = DIRECTION('',(0.,1.,0.));
#6213 = PCURVE('',#2268,#6214);
#6214 = DEFINITIONAL_REPRESENTATION('',(#6215),#6219);
#6215 = LINE('',#6216,#6217);
#6216 = CARTESIAN_POINT('',(0.,0.));
#6217 = VECTOR('',#6218,1.);
#6218 = DIRECTION('',(0.,1.));
#6219 = ( GEOMETRIC_REPRESENTATION_CONTEXT(2) 
PARAMETRIC_REPRESENTATION_CONTEXT() REPRESENTATION_CONTEXT('2D SPACE',''
  ) );
#6220 = PCURVE('',#2294,#6221);
#6221 = DEFINITIONAL_REPRESENTATION('',(#6222),#6226);
#6222 = LINE('',#6223,#6224);
#6223 = CARTESIAN_POINT('',(1.6,0.));
#6224 = VECTOR('',#6225,1.);
#6225 = DIRECTION('',(0.,-1.));
#6226 = ( GEOMETRIC_REPRESENTATION_CONTEXT(2) 
PARAMETRIC_REPRESENTATION_CONTEXT() REPRESENTATION_CONTEXT('2D SPACE',''
  ) );
#6227 = ORIENTED_EDGE('',*,*,#2251,.T.);
#6228 = ORIENTED_EDGE('',*,*,#6229,.T.);
#6229 = EDGE_CURVE('',#2254,#6230,#6232,.T.);
#6230 = VERTEX_POINT('',#6231);
#6231 = CARTESIAN_POINT('',(5.8,-14.3,-0.8));
#6232 = SURFACE_CURVE('',#6233,(#6237,#6244),.PCURVE_S1.);
#6233 = LINE('',#6234,#6235);
#6234 = CARTESIAN_POINT('',(5.8,-15.7,-0.8));
#6235 = VECTOR('',#6236,1.);
#6236 = DIRECTION('',(0.,1.,0.));
#6237 = PCURVE('',#2268,#6238);
#6238 = DEFINITIONAL_REPRESENTATION('',(#6239),#6243);
#6239 = LINE('',#6240,#6241);
#6240 = CARTESIAN_POINT('',(1.6,0.));
#6241 = VECTOR('',#6242,1.);
#6242 = DIRECTION('',(0.,1.));
#6243 = ( GEOMETRIC_REPRESENTATION_CONTEXT(2) 
PARAMETRIC_REPRESENTATION_CONTEXT() REPRESENTATION_CONTEXT('2D SPACE',''
  ) );
#6244 = PCURVE('',#2344,#6245);
#6245 = DEFINITIONAL_REPRESENTATION('',(#6246),#6250);
#6246 = LINE('',#6247,#6248);
#6247 = CARTESIAN_POINT('',(1.6,0.));
#6248 = VECTOR('',#6249,1.);
#6249 = DIRECTION('',(0.,-1.));
#6250 = ( GEOMETRIC_REPRESENTATION_CONTEXT(2) 
PARAMETRIC_REPRESENTATION_CONTEXT() REPRESENTATION_CONTEXT('2D SPACE',''
  ) );
#6251 = ORIENTED_EDGE('',*,*,#6252,.F.);
#6252 = EDGE_CURVE('',#6206,#6230,#6253,.T.);
#6253 = SURFACE_CURVE('',#6254,(#6258,#6265),.PCURVE_S1.);
#6254 = LINE('',#6255,#6256);
#6255 = CARTESIAN_POINT('',(4.2,-14.3,-0.8));
#6256 = VECTOR('',#6257,1.);
#6257 = DIRECTION('',(1.,0.,0.));
#6258 = PCURVE('',#2268,#6259);
#6259 = DEFINITIONAL_REPRESENTATION('',(#6260),#6264);
#6260 = LINE('',#6261,#6262);
#6261 = CARTESIAN_POINT('',(0.,1.4));
#6262 = VECTOR('',#6263,1.);
#6263 = DIRECTION('',(1.,0.));
#6264 = ( GEOMETRIC_REPRESENTATION_CONTEXT(2) 
PARAMETRIC_REPRESENTATION_CONTEXT() REPRESENTATION_CONTEXT('2D SPACE',''
  ) );
#6265 = PCURVE('',#6266,#6271);
#6266 = PLANE('',#6267);
#6267 = AXIS2_PLACEMENT_3D('',#6268,#6269,#6270);
#6268 = CARTESIAN_POINT('',(4.2,-14.3,-2.4));
#6269 = DIRECTION('',(0.,1.,0.));
#6270 = DIRECTION('',(0.,0.,1.));
#6271 = DEFINITIONAL_REPRESENTATION('',(#6272),#6276);
#6272 = LINE('',#6273,#6274);
#6273 = CARTESIAN_POINT('',(1.6,0.));
#6274 = VECTOR('',#6275,1.);
#6275 = DIRECTION('',(0.,1.));
#6276 = ( GEOMETRIC_REPRESENTATION_CONTEXT(2) 
PARAMETRIC_REPRESENTATION_CONTEXT() REPRESENTATION_CONTEXT('2D SPACE',''
  ) );
#6277 = ADVANCED_FACE('',(#6278),#2344,.F.);
#6278 = FACE_BOUND('',#6279,.F.);
#6279 = EDGE_LOOP('',(#6280,#6281,#6282,#6305));
#6280 = ORIENTED_EDGE('',*,*,#6229,.F.);
#6281 = ORIENTED_EDGE('',*,*,#2331,.T.);
#6282 = ORIENTED_EDGE('',*,*,#6283,.T.);
#6283 = EDGE_CURVE('',#2306,#6284,#6286,.T.);
#6284 = VERTEX_POINT('',#6285);
#6285 = CARTESIAN_POINT('',(5.8,-14.3,-2.4));
#6286 = SURFACE_CURVE('',#6287,(#6291,#6298),.PCURVE_S1.);
#6287 = LINE('',#6288,#6289);
#6288 = CARTESIAN_POINT('',(5.8,-15.7,-2.4));
#6289 = VECTOR('',#6290,1.);
#6290 = DIRECTION('',(0.,1.,0.));
#6291 = PCURVE('',#2344,#6292);
#6292 = DEFINITIONAL_REPRESENTATION('',(#6293),#6297);
#6293 = LINE('',#6294,#6295);
#6294 = CARTESIAN_POINT('',(0.,0.));
#6295 = VECTOR('',#6296,1.);
#6296 = DIRECTION('',(0.,-1.));
#6297 = ( GEOMETRIC_REPRESENTATION_CONTEXT(2) 
PARAMETRIC_REPRESENTATION_CONTEXT() REPRESENTATION_CONTEXT('2D SPACE',''
  ) );
#6298 = PCURVE('',#2320,#6299);
#6299 = DEFINITIONAL_REPRESENTATION('',(#6300),#6304);
#6300 = LINE('',#6301,#6302);
#6301 = CARTESIAN_POINT('',(1.6,0.));
#6302 = VECTOR('',#6303,1.);
#6303 = DIRECTION('',(0.,1.));
#6304 = ( GEOMETRIC_REPRESENTATION_CONTEXT(2) 
PARAMETRIC_REPRESENTATION_CONTEXT() REPRESENTATION_CONTEXT('2D SPACE',''
  ) );
#6305 = ORIENTED_EDGE('',*,*,#6306,.T.);
#6306 = EDGE_CURVE('',#6284,#6230,#6307,.T.);
#6307 = SURFACE_CURVE('',#6308,(#6312,#6319),.PCURVE_S1.);
#6308 = LINE('',#6309,#6310);
#6309 = CARTESIAN_POINT('',(5.8,-14.3,-2.4));
#6310 = VECTOR('',#6311,1.);
#6311 = DIRECTION('',(0.,0.,1.));
#6312 = PCURVE('',#2344,#6313);
#6313 = DEFINITIONAL_REPRESENTATION('',(#6314),#6318);
#6314 = LINE('',#6315,#6316);
#6315 = CARTESIAN_POINT('',(0.,-1.4));
#6316 = VECTOR('',#6317,1.);
#6317 = DIRECTION('',(1.,0.));
#6318 = ( GEOMETRIC_REPRESENTATION_CONTEXT(2) 
PARAMETRIC_REPRESENTATION_CONTEXT() REPRESENTATION_CONTEXT('2D SPACE',''
  ) );
#6319 = PCURVE('',#6266,#6320);
#6320 = DEFINITIONAL_REPRESENTATION('',(#6321),#6325);
#6321 = LINE('',#6322,#6323);
#6322 = CARTESIAN_POINT('',(0.,1.6));
#6323 = VECTOR('',#6324,1.);
#6324 = DIRECTION('',(1.,0.));
#6325 = ( GEOMETRIC_REPRESENTATION_CONTEXT(2) 
PARAMETRIC_REPRESENTATION_CONTEXT() REPRESENTATION_CONTEXT('2D SPACE',''
  ) );
#6326 = ADVANCED_FACE('',(#6327),#2320,.T.);
#6327 = FACE_BOUND('',#6328,.T.);
#6328 = EDGE_LOOP('',(#6329,#6352,#6353,#6354));
#6329 = ORIENTED_EDGE('',*,*,#6330,.F.);
#6330 = EDGE_CURVE('',#2280,#6331,#6333,.T.);
#6331 = VERTEX_POINT('',#6332);
#6332 = CARTESIAN_POINT('',(4.2,-14.3,-2.4));
#6333 = SURFACE_CURVE('',#6334,(#6338,#6345),.PCURVE_S1.);
#6334 = LINE('',#6335,#6336);
#6335 = CARTESIAN_POINT('',(4.2,-15.7,-2.4));
#6336 = VECTOR('',#6337,1.);
#6337 = DIRECTION('',(0.,1.,0.));
#6338 = PCURVE('',#2320,#6339);
#6339 = DEFINITIONAL_REPRESENTATION('',(#6340),#6344);
#6340 = LINE('',#6341,#6342);
#6341 = CARTESIAN_POINT('',(0.,0.));
#6342 = VECTOR('',#6343,1.);
#6343 = DIRECTION('',(0.,1.));
#6344 = ( GEOMETRIC_REPRESENTATION_CONTEXT(2) 
PARAMETRIC_REPRESENTATION_CONTEXT() REPRESENTATION_CONTEXT('2D SPACE',''
  ) );
#6345 = PCURVE('',#2294,#6346);
#6346 = DEFINITIONAL_REPRESENTATION('',(#6347),#6351);
#6347 = LINE('',#6348,#6349);
#6348 = CARTESIAN_POINT('',(0.,0.));
#6349 = VECTOR('',#6350,1.);
#6350 = DIRECTION('',(0.,-1.));
#6351 = ( GEOMETRIC_REPRESENTATION_CONTEXT(2) 
PARAMETRIC_REPRESENTATION_CONTEXT() REPRESENTATION_CONTEXT('2D SPACE',''
  ) );
#6352 = ORIENTED_EDGE('',*,*,#2305,.T.);
#6353 = ORIENTED_EDGE('',*,*,#6283,.T.);
#6354 = ORIENTED_EDGE('',*,*,#6355,.F.);
#6355 = EDGE_CURVE('',#6331,#6284,#6356,.T.);
#6356 = SURFACE_CURVE('',#6357,(#6361,#6368),.PCURVE_S1.);
#6357 = LINE('',#6358,#6359);
#6358 = CARTESIAN_POINT('',(4.2,-14.3,-2.4));
#6359 = VECTOR('',#6360,1.);
#6360 = DIRECTION('',(1.,0.,0.));
#6361 = PCURVE('',#2320,#6362);
#6362 = DEFINITIONAL_REPRESENTATION('',(#6363),#6367);
#6363 = LINE('',#6364,#6365);
#6364 = CARTESIAN_POINT('',(0.,1.4));
#6365 = VECTOR('',#6366,1.);
#6366 = DIRECTION('',(1.,0.));
#6367 = ( GEOMETRIC_REPRESENTATION_CONTEXT(2) 
PARAMETRIC_REPRESENTATION_CONTEXT() REPRESENTATION_CONTEXT('2D SPACE',''
  ) );
#6368 = PCURVE('',#6266,#6369);
#6369 = DEFINITIONAL_REPRESENTATION('',(#6370),#6374);
#6370 = LINE('',#6371,#6372);
#6371 = CARTESIAN_POINT('',(0.,0.));
#6372 = VECTOR('',#6373,1.);
#6373 = DIRECTION('',(0.,1.));
#6374 = ( GEOMETRIC_REPRESENTATION_CONTEXT(2) 
PARAMETRIC_REPRESENTATION_CONTEXT() REPRESENTATION_CONTEXT('2D SPACE',''
  ) );
#6375 = ADVANCED_FACE('',(#6376),#2294,.T.);
#6376 = FACE_BOUND('',#6377,.T.);
#6377 = EDGE_LOOP('',(#6378,#6379,#6380,#6381));
#6378 = ORIENTED_EDGE('',*,*,#6205,.F.);
#6379 = ORIENTED_EDGE('',*,*,#2279,.T.);
#6380 = ORIENTED_EDGE('',*,*,#6330,.T.);
#6381 = ORIENTED_EDGE('',*,*,#6382,.T.);
#6382 = EDGE_CURVE('',#6331,#6206,#6383,.T.);
#6383 = SURFACE_CURVE('',#6384,(#6388,#6395),.PCURVE_S1.);
#6384 = LINE('',#6385,#6386);
#6385 = CARTESIAN_POINT('',(4.2,-14.3,-2.4));
#6386 = VECTOR('',#6387,1.);
#6387 = DIRECTION('',(0.,0.,1.));
#6388 = PCURVE('',#2294,#6389);
#6389 = DEFINITIONAL_REPRESENTATION('',(#6390),#6394);
#6390 = LINE('',#6391,#6392);
#6391 = CARTESIAN_POINT('',(0.,-1.4));
#6392 = VECTOR('',#6393,1.);
#6393 = DIRECTION('',(1.,0.));
#6394 = ( GEOMETRIC_REPRESENTATION_CONTEXT(2) 
PARAMETRIC_REPRESENTATION_CONTEXT() REPRESENTATION_CONTEXT('2D SPACE',''
  ) );
#6395 = PCURVE('',#6266,#6396);
#6396 = DEFINITIONAL_REPRESENTATION('',(#6397),#6401);
#6397 = LINE('',#6398,#6399);
#6398 = CARTESIAN_POINT('',(0.,0.));
#6399 = VECTOR('',#6400,1.);
#6400 = DIRECTION('',(1.,0.));
#6401 = ( GEOMETRIC_REPRESENTATION_CONTEXT(2) 
PARAMETRIC_REPRESENTATION_CONTEXT() REPRESENTATION_CONTEXT('2D SPACE',''
  ) );
#6402 = ADVANCED_FACE('',(#6403,#6409),#2400,.F.);
#6403 = FACE_BOUND('',#6404,.F.);
#6404 = EDGE_LOOP('',(#6405,#6406,#6407,#6408));
#6405 = ORIENTED_EDGE('',*,*,#2899,.F.);
#6406 = ORIENTED_EDGE('',*,*,#2384,.T.);
#6407 = ORIENTED_EDGE('',*,*,#3073,.T.);
#6408 = ORIENTED_EDGE('',*,*,#2996,.F.);
#6409 = FACE_BOUND('',#6410,.F.);
#6410 = EDGE_LOOP('',(#6411,#6441,#6469,#6497,#6525,#6553));
#6411 = ORIENTED_EDGE('',*,*,#6412,.F.);
#6412 = EDGE_CURVE('',#6413,#6415,#6417,.T.);
#6413 = VERTEX_POINT('',#6414);
#6414 = CARTESIAN_POINT('',(-14.6513684387,22.,4.));
#6415 = VERTEX_POINT('',#6416);
#6416 = CARTESIAN_POINT('',(-16.32568421935,24.9,4.));
#6417 = SURFACE_CURVE('',#6418,(#6422,#6429),.PCURVE_S1.);
#6418 = LINE('',#6419,#6420);
#6419 = CARTESIAN_POINT('',(-14.6513684387,22.,4.));
#6420 = VECTOR('',#6421,1.);
#6421 = DIRECTION('',(-0.5,0.866025403784,0.));
#6422 = PCURVE('',#2400,#6423);
#6423 = DEFINITIONAL_REPRESENTATION('',(#6424),#6428);
#6424 = LINE('',#6425,#6426);
#6425 = CARTESIAN_POINT('',(7.8486315613,7.));
#6426 = VECTOR('',#6427,1.);
#6427 = DIRECTION('',(-0.5,0.866025403784));
#6428 = ( GEOMETRIC_REPRESENTATION_CONTEXT(2) 
PARAMETRIC_REPRESENTATION_CONTEXT() REPRESENTATION_CONTEXT('2D SPACE',''
  ) );
#6429 = PCURVE('',#6430,#6435);
#6430 = PLANE('',#6431);
#6431 = AXIS2_PLACEMENT_3D('',#6432,#6433,#6434);
#6432 = CARTESIAN_POINT('',(-14.6513684387,22.,4.));
#6433 = DIRECTION('',(-0.866025403784,-0.5,0.));
#6434 = DIRECTION('',(-0.5,0.866025403784,0.));
#6435 = DEFINITIONAL_REPRESENTATION('',(#6436),#6440);
#6436 = LINE('',#6437,#6438);
#6437 = CARTESIAN_POINT('',(0.,0.));
#6438 = VECTOR('',#6439,1.);
#6439 = DIRECTION('',(1.,0.));
#6440 = ( GEOMETRIC_REPRESENTATION_CONTEXT(2) 
PARAMETRIC_REPRESENTATION_CONTEXT() REPRESENTATION_CONTEXT('2D SPACE',''
  ) );
#6441 = ORIENTED_EDGE('',*,*,#6442,.F.);
#6442 = EDGE_CURVE('',#6443,#6413,#6445,.T.);
#6443 = VERTEX_POINT('',#6444);
#6444 = CARTESIAN_POINT('',(-16.32568421935,19.1,4.));
#6445 = SURFACE_CURVE('',#6446,(#6450,#6457),.PCURVE_S1.);
#6446 = LINE('',#6447,#6448);
#6447 = CARTESIAN_POINT('',(-16.32568421935,19.1,4.));
#6448 = VECTOR('',#6449,1.);
#6449 = DIRECTION('',(0.5,0.866025403784,0.));
#6450 = PCURVE('',#2400,#6451);
#6451 = DEFINITIONAL_REPRESENTATION('',(#6452),#6456);
#6452 = LINE('',#6453,#6454);
#6453 = CARTESIAN_POINT('',(6.17431578065,4.1));
#6454 = VECTOR('',#6455,1.);
#6455 = DIRECTION('',(0.5,0.866025403784));
#6456 = ( GEOMETRIC_REPRESENTATION_CONTEXT(2) 
PARAMETRIC_REPRESENTATION_CONTEXT() REPRESENTATION_CONTEXT('2D SPACE',''
  ) );
#6457 = PCURVE('',#6458,#6463);
#6458 = PLANE('',#6459);
#6459 = AXIS2_PLACEMENT_3D('',#6460,#6461,#6462);
#6460 = CARTESIAN_POINT('',(-16.32568421935,19.1,4.));
#6461 = DIRECTION('',(-0.866025403784,0.5,0.));
#6462 = DIRECTION('',(0.5,0.866025403784,0.));
#6463 = DEFINITIONAL_REPRESENTATION('',(#6464),#6468);
#6464 = LINE('',#6465,#6466);
#6465 = CARTESIAN_POINT('',(0.,0.));
#6466 = VECTOR('',#6467,1.);
#6467 = DIRECTION('',(1.,0.));
#6468 = ( GEOMETRIC_REPRESENTATION_CONTEXT(2) 
PARAMETRIC_REPRESENTATION_CONTEXT() REPRESENTATION_CONTEXT('2D SPACE',''
  ) );
#6469 = ORIENTED_EDGE('',*,*,#6470,.F.);
#6470 = EDGE_CURVE('',#6471,#6443,#6473,.T.);
#6471 = VERTEX_POINT('',#6472);
#6472 = CARTESIAN_POINT('',(-19.67431578065,19.1,4.));
#6473 = SURFACE_CURVE('',#6474,(#6478,#6485),.PCURVE_S1.);
#6474 = LINE('',#6475,#6476);
#6475 = CARTESIAN_POINT('',(-19.67431578065,19.1,4.));
#6476 = VECTOR('',#6477,1.);
#6477 = DIRECTION('',(1.,-5.304724652093E-16,0.));
#6478 = PCURVE('',#2400,#6479);
#6479 = DEFINITIONAL_REPRESENTATION('',(#6480),#6484);
#6480 = LINE('',#6481,#6482);
#6481 = CARTESIAN_POINT('',(2.82568421935,4.1));
#6482 = VECTOR('',#6483,1.);
#6483 = DIRECTION('',(1.,-5.304724652093E-16));
#6484 = ( GEOMETRIC_REPRESENTATION_CONTEXT(2) 
PARAMETRIC_REPRESENTATION_CONTEXT() REPRESENTATION_CONTEXT('2D SPACE',''
  ) );
#6485 = PCURVE('',#6486,#6491);
#6486 = PLANE('',#6487);
#6487 = AXIS2_PLACEMENT_3D('',#6488,#6489,#6490);
#6488 = CARTESIAN_POINT('',(-19.67431578065,19.1,4.));
#6489 = DIRECTION('',(5.304724652093E-16,1.,-0.));
#6490 = DIRECTION('',(1.,-5.304724652093E-16,0.));
#6491 = DEFINITIONAL_REPRESENTATION('',(#6492),#6496);
#6492 = LINE('',#6493,#6494);
#6493 = CARTESIAN_POINT('',(0.,0.));
#6494 = VECTOR('',#6495,1.);
#6495 = DIRECTION('',(1.,0.));
#6496 = ( GEOMETRIC_REPRESENTATION_CONTEXT(2) 
PARAMETRIC_REPRESENTATION_CONTEXT() REPRESENTATION_CONTEXT('2D SPACE',''
  ) );
#6497 = ORIENTED_EDGE('',*,*,#6498,.F.);
#6498 = EDGE_CURVE('',#6499,#6471,#6501,.T.);
#6499 = VERTEX_POINT('',#6500);
#6500 = CARTESIAN_POINT('',(-21.3486315613,22.,4.));
#6501 = SURFACE_CURVE('',#6502,(#6506,#6513),.PCURVE_S1.);
#6502 = LINE('',#6503,#6504);
#6503 = CARTESIAN_POINT('',(-21.3486315613,22.,4.));
#6504 = VECTOR('',#6505,1.);
#6505 = DIRECTION('',(0.5,-0.866025403784,0.));
#6506 = PCURVE('',#2400,#6507);
#6507 = DEFINITIONAL_REPRESENTATION('',(#6508),#6512);
#6508 = LINE('',#6509,#6510);
#6509 = CARTESIAN_POINT('',(1.1513684387,7.));
#6510 = VECTOR('',#6511,1.);
#6511 = DIRECTION('',(0.5,-0.866025403784));
#6512 = ( GEOMETRIC_REPRESENTATION_CONTEXT(2) 
PARAMETRIC_REPRESENTATION_CONTEXT() REPRESENTATION_CONTEXT('2D SPACE',''
  ) );
#6513 = PCURVE('',#6514,#6519);
#6514 = PLANE('',#6515);
#6515 = AXIS2_PLACEMENT_3D('',#6516,#6517,#6518);
#6516 = CARTESIAN_POINT('',(-21.3486315613,22.,4.));
#6517 = DIRECTION('',(0.866025403784,0.5,-0.));
#6518 = DIRECTION('',(0.5,-0.866025403784,0.));
#6519 = DEFINITIONAL_REPRESENTATION('',(#6520),#6524);
#6520 = LINE('',#6521,#6522);
#6521 = CARTESIAN_POINT('',(0.,0.));
#6522 = VECTOR('',#6523,1.);
#6523 = DIRECTION('',(1.,0.));
#6524 = ( GEOMETRIC_REPRESENTATION_CONTEXT(2) 
PARAMETRIC_REPRESENTATION_CONTEXT() REPRESENTATION_CONTEXT('2D SPACE',''
  ) );
#6525 = ORIENTED_EDGE('',*,*,#6526,.F.);
#6526 = EDGE_CURVE('',#6527,#6499,#6529,.T.);
#6527 = VERTEX_POINT('',#6528);
#6528 = CARTESIAN_POINT('',(-19.67431578065,24.9,4.));
#6529 = SURFACE_CURVE('',#6530,(#6534,#6541),.PCURVE_S1.);
#6530 = LINE('',#6531,#6532);
#6531 = CARTESIAN_POINT('',(-19.67431578065,24.9,4.));
#6532 = VECTOR('',#6533,1.);
#6533 = DIRECTION('',(-0.5,-0.866025403784,0.));
#6534 = PCURVE('',#2400,#6535);
#6535 = DEFINITIONAL_REPRESENTATION('',(#6536),#6540);
#6536 = LINE('',#6537,#6538);
#6537 = CARTESIAN_POINT('',(2.82568421935,9.9));
#6538 = VECTOR('',#6539,1.);
#6539 = DIRECTION('',(-0.5,-0.866025403784));
#6540 = ( GEOMETRIC_REPRESENTATION_CONTEXT(2) 
PARAMETRIC_REPRESENTATION_CONTEXT() REPRESENTATION_CONTEXT('2D SPACE',''
  ) );
#6541 = PCURVE('',#6542,#6547);
#6542 = PLANE('',#6543);
#6543 = AXIS2_PLACEMENT_3D('',#6544,#6545,#6546);
#6544 = CARTESIAN_POINT('',(-19.67431578065,24.9,4.));
#6545 = DIRECTION('',(0.866025403784,-0.5,0.));
#6546 = DIRECTION('',(-0.5,-0.866025403784,0.));
#6547 = DEFINITIONAL_REPRESENTATION('',(#6548),#6552);
#6548 = LINE('',#6549,#6550);
#6549 = CARTESIAN_POINT('',(0.,0.));
#6550 = VECTOR('',#6551,1.);
#6551 = DIRECTION('',(1.,0.));
#6552 = ( GEOMETRIC_REPRESENTATION_CONTEXT(2) 
PARAMETRIC_REPRESENTATION_CONTEXT() REPRESENTATION_CONTEXT('2D SPACE',''
  ) );
#6553 = ORIENTED_EDGE('',*,*,#6554,.F.);
#6554 = EDGE_CURVE('',#6415,#6527,#6555,.T.);
#6555 = SURFACE_CURVE('',#6556,(#6560,#6567),.PCURVE_S1.);
#6556 = LINE('',#6557,#6558);
#6557 = CARTESIAN_POINT('',(-16.32568421935,24.9,4.));
#6558 = VECTOR('',#6559,1.);
#6559 = DIRECTION('',(-1.,1.326181163023E-16,0.));
#6560 = PCURVE('',#2400,#6561);
#6561 = DEFINITIONAL_REPRESENTATION('',(#6562),#6566);
#6562 = LINE('',#6563,#6564);
#6563 = CARTESIAN_POINT('',(6.17431578065,9.9));
#6564 = VECTOR('',#6565,1.);
#6565 = DIRECTION('',(-1.,1.326181163023E-16));
#6566 = ( GEOMETRIC_REPRESENTATION_CONTEXT(2) 
PARAMETRIC_REPRESENTATION_CONTEXT() REPRESENTATION_CONTEXT('2D SPACE',''
  ) );
#6567 = PCURVE('',#6568,#6573);
#6568 = PLANE('',#6569);
#6569 = AXIS2_PLACEMENT_3D('',#6570,#6571,#6572);
#6570 = CARTESIAN_POINT('',(-16.32568421935,24.9,4.));
#6571 = DIRECTION('',(-1.326181163023E-16,-1.,0.));
#6572 = DIRECTION('',(-1.,1.326181163023E-16,0.));
#6573 = DEFINITIONAL_REPRESENTATION('',(#6574),#6578);
#6574 = LINE('',#6575,#6576);
#6575 = CARTESIAN_POINT('',(0.,0.));
#6576 = VECTOR('',#6577,1.);
#6577 = DIRECTION('',(1.,0.));
#6578 = ( GEOMETRIC_REPRESENTATION_CONTEXT(2) 
PARAMETRIC_REPRESENTATION_CONTEXT() REPRESENTATION_CONTEXT('2D SPACE',''
  ) );
#6579 = ADVANCED_FACE('',(#6580,#6586),#2473,.F.);
#6580 = FACE_BOUND('',#6581,.F.);
#6581 = EDGE_LOOP('',(#6582,#6583,#6584,#6585));
#6582 = ORIENTED_EDGE('',*,*,#3149,.F.);
#6583 = ORIENTED_EDGE('',*,*,#2457,.T.);
#6584 = ORIENTED_EDGE('',*,*,#3323,.T.);
#6585 = ORIENTED_EDGE('',*,*,#3246,.F.);
#6586 = FACE_BOUND('',#6587,.F.);
#6587 = EDGE_LOOP('',(#6588,#6618,#6646,#6674,#6702,#6730));
#6588 = ORIENTED_EDGE('',*,*,#6589,.F.);
#6589 = EDGE_CURVE('',#6590,#6592,#6594,.T.);
#6590 = VERTEX_POINT('',#6591);
#6591 = CARTESIAN_POINT('',(21.3486315613,22.,4.));
#6592 = VERTEX_POINT('',#6593);
#6593 = CARTESIAN_POINT('',(19.67431578065,24.9,4.));
#6594 = SURFACE_CURVE('',#6595,(#6599,#6606),.PCURVE_S1.);
#6595 = LINE('',#6596,#6597);
#6596 = CARTESIAN_POINT('',(21.3486315613,22.,4.));
#6597 = VECTOR('',#6598,1.);
#6598 = DIRECTION('',(-0.5,0.866025403784,0.));
#6599 = PCURVE('',#2473,#6600);
#6600 = DEFINITIONAL_REPRESENTATION('',(#6601),#6605);
#6601 = LINE('',#6602,#6603);
#6602 = CARTESIAN_POINT('',(7.8486315613,7.));
#6603 = VECTOR('',#6604,1.);
#6604 = DIRECTION('',(-0.5,0.866025403784));
#6605 = ( GEOMETRIC_REPRESENTATION_CONTEXT(2) 
PARAMETRIC_REPRESENTATION_CONTEXT() REPRESENTATION_CONTEXT('2D SPACE',''
  ) );
#6606 = PCURVE('',#6607,#6612);
#6607 = PLANE('',#6608);
#6608 = AXIS2_PLACEMENT_3D('',#6609,#6610,#6611);
#6609 = CARTESIAN_POINT('',(21.3486315613,22.,4.));
#6610 = DIRECTION('',(-0.866025403784,-0.5,0.));
#6611 = DIRECTION('',(-0.5,0.866025403784,0.));
#6612 = DEFINITIONAL_REPRESENTATION('',(#6613),#6617);
#6613 = LINE('',#6614,#6615);
#6614 = CARTESIAN_POINT('',(0.,0.));
#6615 = VECTOR('',#6616,1.);
#6616 = DIRECTION('',(1.,0.));
#6617 = ( GEOMETRIC_REPRESENTATION_CONTEXT(2) 
PARAMETRIC_REPRESENTATION_CONTEXT() REPRESENTATION_CONTEXT('2D SPACE',''
  ) );
#6618 = ORIENTED_EDGE('',*,*,#6619,.F.);
#6619 = EDGE_CURVE('',#6620,#6590,#6622,.T.);
#6620 = VERTEX_POINT('',#6621);
#6621 = CARTESIAN_POINT('',(19.67431578065,19.1,4.));
#6622 = SURFACE_CURVE('',#6623,(#6627,#6634),.PCURVE_S1.);
#6623 = LINE('',#6624,#6625);
#6624 = CARTESIAN_POINT('',(19.67431578065,19.1,4.));
#6625 = VECTOR('',#6626,1.);
#6626 = DIRECTION('',(0.5,0.866025403784,0.));
#6627 = PCURVE('',#2473,#6628);
#6628 = DEFINITIONAL_REPRESENTATION('',(#6629),#6633);
#6629 = LINE('',#6630,#6631);
#6630 = CARTESIAN_POINT('',(6.17431578065,4.1));
#6631 = VECTOR('',#6632,1.);
#6632 = DIRECTION('',(0.5,0.866025403784));
#6633 = ( GEOMETRIC_REPRESENTATION_CONTEXT(2) 
PARAMETRIC_REPRESENTATION_CONTEXT() REPRESENTATION_CONTEXT('2D SPACE',''
  ) );
#6634 = PCURVE('',#6635,#6640);
#6635 = PLANE('',#6636);
#6636 = AXIS2_PLACEMENT_3D('',#6637,#6638,#6639);
#6637 = CARTESIAN_POINT('',(19.67431578065,19.1,4.));
#6638 = DIRECTION('',(-0.866025403784,0.5,0.));
#6639 = DIRECTION('',(0.5,0.866025403784,0.));
#6640 = DEFINITIONAL_REPRESENTATION('',(#6641),#6645);
#6641 = LINE('',#6642,#6643);
#6642 = CARTESIAN_POINT('',(0.,0.));
#6643 = VECTOR('',#6644,1.);
#6644 = DIRECTION('',(1.,0.));
#6645 = ( GEOMETRIC_REPRESENTATION_CONTEXT(2) 
PARAMETRIC_REPRESENTATION_CONTEXT() REPRESENTATION_CONTEXT('2D SPACE',''
  ) );
#6646 = ORIENTED_EDGE('',*,*,#6647,.F.);
#6647 = EDGE_CURVE('',#6648,#6620,#6650,.T.);
#6648 = VERTEX_POINT('',#6649);
#6649 = CARTESIAN_POINT('',(16.32568421935,19.1,4.));
#6650 = SURFACE_CURVE('',#6651,(#6655,#6662),.PCURVE_S1.);
#6651 = LINE('',#6652,#6653);
#6652 = CARTESIAN_POINT('',(16.32568421935,19.1,4.));
#6653 = VECTOR('',#6654,1.);
#6654 = DIRECTION('',(1.,-5.304724652093E-16,0.));
#6655 = PCURVE('',#2473,#6656);
#6656 = DEFINITIONAL_REPRESENTATION('',(#6657),#6661);
#6657 = LINE('',#6658,#6659);
#6658 = CARTESIAN_POINT('',(2.82568421935,4.1));
#6659 = VECTOR('',#6660,1.);
#6660 = DIRECTION('',(1.,-5.304724652093E-16));
#6661 = ( GEOMETRIC_REPRESENTATION_CONTEXT(2) 
PARAMETRIC_REPRESENTATION_CONTEXT() REPRESENTATION_CONTEXT('2D SPACE',''
  ) );
#6662 = PCURVE('',#6663,#6668);
#6663 = PLANE('',#6664);
#6664 = AXIS2_PLACEMENT_3D('',#6665,#6666,#6667);
#6665 = CARTESIAN_POINT('',(16.32568421935,19.1,4.));
#6666 = DIRECTION('',(5.304724652093E-16,1.,-0.));
#6667 = DIRECTION('',(1.,-5.304724652093E-16,0.));
#6668 = DEFINITIONAL_REPRESENTATION('',(#6669),#6673);
#6669 = LINE('',#6670,#6671);
#6670 = CARTESIAN_POINT('',(0.,0.));
#6671 = VECTOR('',#6672,1.);
#6672 = DIRECTION('',(1.,0.));
#6673 = ( GEOMETRIC_REPRESENTATION_CONTEXT(2) 
PARAMETRIC_REPRESENTATION_CONTEXT() REPRESENTATION_CONTEXT('2D SPACE',''
  ) );
#6674 = ORIENTED_EDGE('',*,*,#6675,.F.);
#6675 = EDGE_CURVE('',#6676,#6648,#6678,.T.);
#6676 = VERTEX_POINT('',#6677);
#6677 = CARTESIAN_POINT('',(14.6513684387,22.,4.));
#6678 = SURFACE_CURVE('',#6679,(#6683,#6690),.PCURVE_S1.);
#6679 = LINE('',#6680,#6681);
#6680 = CARTESIAN_POINT('',(14.6513684387,22.,4.));
#6681 = VECTOR('',#6682,1.);
#6682 = DIRECTION('',(0.5,-0.866025403784,0.));
#6683 = PCURVE('',#2473,#6684);
#6684 = DEFINITIONAL_REPRESENTATION('',(#6685),#6689);
#6685 = LINE('',#6686,#6687);
#6686 = CARTESIAN_POINT('',(1.1513684387,7.));
#6687 = VECTOR('',#6688,1.);
#6688 = DIRECTION('',(0.5,-0.866025403784));
#6689 = ( GEOMETRIC_REPRESENTATION_CONTEXT(2) 
PARAMETRIC_REPRESENTATION_CONTEXT() REPRESENTATION_CONTEXT('2D SPACE',''
  ) );
#6690 = PCURVE('',#6691,#6696);
#6691 = PLANE('',#6692);
#6692 = AXIS2_PLACEMENT_3D('',#6693,#6694,#6695);
#6693 = CARTESIAN_POINT('',(14.6513684387,22.,4.));
#6694 = DIRECTION('',(0.866025403784,0.5,-0.));
#6695 = DIRECTION('',(0.5,-0.866025403784,0.));
#6696 = DEFINITIONAL_REPRESENTATION('',(#6697),#6701);
#6697 = LINE('',#6698,#6699);
#6698 = CARTESIAN_POINT('',(0.,0.));
#6699 = VECTOR('',#6700,1.);
#6700 = DIRECTION('',(1.,0.));
#6701 = ( GEOMETRIC_REPRESENTATION_CONTEXT(2) 
PARAMETRIC_REPRESENTATION_CONTEXT() REPRESENTATION_CONTEXT('2D SPACE',''
  ) );
#6702 = ORIENTED_EDGE('',*,*,#6703,.F.);
#6703 = EDGE_CURVE('',#6704,#6676,#6706,.T.);
#6704 = VERTEX_POINT('',#6705);
#6705 = CARTESIAN_POINT('',(16.32568421935,24.9,4.));
#6706 = SURFACE_CURVE('',#6707,(#6711,#6718),.PCURVE_S1.);
#6707 = LINE('',#6708,#6709);
#6708 = CARTESIAN_POINT('',(16.32568421935,24.9,4.));
#6709 = VECTOR('',#6710,1.);
#6710 = DIRECTION('',(-0.5,-0.866025403784,0.));
#6711 = PCURVE('',#2473,#6712);
#6712 = DEFINITIONAL_REPRESENTATION('',(#6713),#6717);
#6713 = LINE('',#6714,#6715);
#6714 = CARTESIAN_POINT('',(2.82568421935,9.9));
#6715 = VECTOR('',#6716,1.);
#6716 = DIRECTION('',(-0.5,-0.866025403784));
#6717 = ( GEOMETRIC_REPRESENTATION_CONTEXT(2) 
PARAMETRIC_REPRESENTATION_CONTEXT() REPRESENTATION_CONTEXT('2D SPACE',''
  ) );
#6718 = PCURVE('',#6719,#6724);
#6719 = PLANE('',#6720);
#6720 = AXIS2_PLACEMENT_3D('',#6721,#6722,#6723);
#6721 = CARTESIAN_POINT('',(16.32568421935,24.9,4.));
#6722 = DIRECTION('',(0.866025403784,-0.5,0.));
#6723 = DIRECTION('',(-0.5,-0.866025403784,0.));
#6724 = DEFINITIONAL_REPRESENTATION('',(#6725),#6729);
#6725 = LINE('',#6726,#6727);
#6726 = CARTESIAN_POINT('',(0.,0.));
#6727 = VECTOR('',#6728,1.);
#6728 = DIRECTION('',(1.,0.));
#6729 = ( GEOMETRIC_REPRESENTATION_CONTEXT(2) 
PARAMETRIC_REPRESENTATION_CONTEXT() REPRESENTATION_CONTEXT('2D SPACE',''
  ) );
#6730 = ORIENTED_EDGE('',*,*,#6731,.F.);
#6731 = EDGE_CURVE('',#6592,#6704,#6732,.T.);
#6732 = SURFACE_CURVE('',#6733,(#6737,#6744),.PCURVE_S1.);
#6733 = LINE('',#6734,#6735);
#6734 = CARTESIAN_POINT('',(19.67431578065,24.9,4.));
#6735 = VECTOR('',#6736,1.);
#6736 = DIRECTION('',(-1.,1.326181163023E-16,0.));
#6737 = PCURVE('',#2473,#6738);
#6738 = DEFINITIONAL_REPRESENTATION('',(#6739),#6743);
#6739 = LINE('',#6740,#6741);
#6740 = CARTESIAN_POINT('',(6.17431578065,9.9));
#6741 = VECTOR('',#6742,1.);
#6742 = DIRECTION('',(-1.,1.326181163023E-16));
#6743 = ( GEOMETRIC_REPRESENTATION_CONTEXT(2) 
PARAMETRIC_REPRESENTATION_CONTEXT() REPRESENTATION_CONTEXT('2D SPACE',''
  ) );
#6744 = PCURVE('',#6745,#6750);
#6745 = PLANE('',#6746);
#6746 = AXIS2_PLACEMENT_3D('',#6747,#6748,#6749);
#6747 = CARTESIAN_POINT('',(19.67431578065,24.9,4.));
#6748 = DIRECTION('',(-1.326181163023E-16,-1.,0.));
#6749 = DIRECTION('',(-1.,1.326181163023E-16,0.));
#6750 = DEFINITIONAL_REPRESENTATION('',(#6751),#6755);
#6751 = LINE('',#6752,#6753);
#6752 = CARTESIAN_POINT('',(0.,0.));
#6753 = VECTOR('',#6754,1.);
#6754 = DIRECTION('',(1.,0.));
#6755 = ( GEOMETRIC_REPRESENTATION_CONTEXT(2) 
PARAMETRIC_REPRESENTATION_CONTEXT() REPRESENTATION_CONTEXT('2D SPACE',''
  ) );
#6756 = ADVANCED_FACE('',(#6757),#2547,.F.);
#6757 = FACE_BOUND('',#6758,.F.);
#6758 = EDGE_LOOP('',(#6759,#6782,#6810,#6831));
#6759 = ORIENTED_EDGE('',*,*,#6760,.F.);
#6760 = EDGE_CURVE('',#6761,#2531,#6763,.T.);
#6761 = VERTEX_POINT('',#6762);
#6762 = CARTESIAN_POINT('',(-5.8,14.3,-0.8));
#6763 = SURFACE_CURVE('',#6764,(#6768,#6775),.PCURVE_S1.);
#6764 = LINE('',#6765,#6766);
#6765 = CARTESIAN_POINT('',(-5.8,14.3,-0.8));
#6766 = VECTOR('',#6767,1.);
#6767 = DIRECTION('',(0.,1.,0.));
#6768 = PCURVE('',#2547,#6769);
#6769 = DEFINITIONAL_REPRESENTATION('',(#6770),#6774);
#6770 = LINE('',#6771,#6772);
#6771 = CARTESIAN_POINT('',(0.,0.));
#6772 = VECTOR('',#6773,1.);
#6773 = DIRECTION('',(0.,1.));
#6774 = ( GEOMETRIC_REPRESENTATION_CONTEXT(2) 
PARAMETRIC_REPRESENTATION_CONTEXT() REPRESENTATION_CONTEXT('2D SPACE',''
  ) );
#6775 = PCURVE('',#2573,#6776);
#6776 = DEFINITIONAL_REPRESENTATION('',(#6777),#6781);
#6777 = LINE('',#6778,#6779);
#6778 = CARTESIAN_POINT('',(1.6,0.));
#6779 = VECTOR('',#6780,1.);
#6780 = DIRECTION('',(0.,-1.));
#6781 = ( GEOMETRIC_REPRESENTATION_CONTEXT(2) 
PARAMETRIC_REPRESENTATION_CONTEXT() REPRESENTATION_CONTEXT('2D SPACE',''
  ) );
#6782 = ORIENTED_EDGE('',*,*,#6783,.T.);
#6783 = EDGE_CURVE('',#6761,#6784,#6786,.T.);
#6784 = VERTEX_POINT('',#6785);
#6785 = CARTESIAN_POINT('',(-4.2,14.3,-0.8));
#6786 = SURFACE_CURVE('',#6787,(#6791,#6798),.PCURVE_S1.);
#6787 = LINE('',#6788,#6789);
#6788 = CARTESIAN_POINT('',(-5.8,14.3,-0.8));
#6789 = VECTOR('',#6790,1.);
#6790 = DIRECTION('',(1.,0.,0.));
#6791 = PCURVE('',#2547,#6792);
#6792 = DEFINITIONAL_REPRESENTATION('',(#6793),#6797);
#6793 = LINE('',#6794,#6795);
#6794 = CARTESIAN_POINT('',(0.,0.));
#6795 = VECTOR('',#6796,1.);
#6796 = DIRECTION('',(1.,0.));
#6797 = ( GEOMETRIC_REPRESENTATION_CONTEXT(2) 
PARAMETRIC_REPRESENTATION_CONTEXT() REPRESENTATION_CONTEXT('2D SPACE',''
  ) );
#6798 = PCURVE('',#6799,#6804);
#6799 = PLANE('',#6800);
#6800 = AXIS2_PLACEMENT_3D('',#6801,#6802,#6803);
#6801 = CARTESIAN_POINT('',(-5.8,14.3,-2.4));
#6802 = DIRECTION('',(0.,1.,0.));
#6803 = DIRECTION('',(0.,0.,1.));
#6804 = DEFINITIONAL_REPRESENTATION('',(#6805),#6809);
#6805 = LINE('',#6806,#6807);
#6806 = CARTESIAN_POINT('',(1.6,0.));
#6807 = VECTOR('',#6808,1.);
#6808 = DIRECTION('',(0.,1.));
#6809 = ( GEOMETRIC_REPRESENTATION_CONTEXT(2) 
PARAMETRIC_REPRESENTATION_CONTEXT() REPRESENTATION_CONTEXT('2D SPACE',''
  ) );
#6810 = ORIENTED_EDGE('',*,*,#6811,.T.);
#6811 = EDGE_CURVE('',#6784,#2533,#6812,.T.);
#6812 = SURFACE_CURVE('',#6813,(#6817,#6824),.PCURVE_S1.);
#6813 = LINE('',#6814,#6815);
#6814 = CARTESIAN_POINT('',(-4.2,14.3,-0.8));
#6815 = VECTOR('',#6816,1.);
#6816 = DIRECTION('',(0.,1.,0.));
#6817 = PCURVE('',#2547,#6818);
#6818 = DEFINITIONAL_REPRESENTATION('',(#6819),#6823);
#6819 = LINE('',#6820,#6821);
#6820 = CARTESIAN_POINT('',(1.6,0.));
#6821 = VECTOR('',#6822,1.);
#6822 = DIRECTION('',(0.,1.));
#6823 = ( GEOMETRIC_REPRESENTATION_CONTEXT(2) 
PARAMETRIC_REPRESENTATION_CONTEXT() REPRESENTATION_CONTEXT('2D SPACE',''
  ) );
#6824 = PCURVE('',#2623,#6825);
#6825 = DEFINITIONAL_REPRESENTATION('',(#6826),#6830);
#6826 = LINE('',#6827,#6828);
#6827 = CARTESIAN_POINT('',(1.6,0.));
#6828 = VECTOR('',#6829,1.);
#6829 = DIRECTION('',(0.,-1.));
#6830 = ( GEOMETRIC_REPRESENTATION_CONTEXT(2) 
PARAMETRIC_REPRESENTATION_CONTEXT() REPRESENTATION_CONTEXT('2D SPACE',''
  ) );
#6831 = ORIENTED_EDGE('',*,*,#2530,.F.);
#6832 = ADVANCED_FACE('',(#6833),#2573,.T.);
#6833 = FACE_BOUND('',#6834,.T.);
#6834 = EDGE_LOOP('',(#6835,#6836,#6859,#6880));
#6835 = ORIENTED_EDGE('',*,*,#6760,.F.);
#6836 = ORIENTED_EDGE('',*,*,#6837,.F.);
#6837 = EDGE_CURVE('',#6838,#6761,#6840,.T.);
#6838 = VERTEX_POINT('',#6839);
#6839 = CARTESIAN_POINT('',(-5.8,14.3,-2.4));
#6840 = SURFACE_CURVE('',#6841,(#6845,#6852),.PCURVE_S1.);
#6841 = LINE('',#6842,#6843);
#6842 = CARTESIAN_POINT('',(-5.8,14.3,-2.4));
#6843 = VECTOR('',#6844,1.);
#6844 = DIRECTION('',(0.,0.,1.));
#6845 = PCURVE('',#2573,#6846);
#6846 = DEFINITIONAL_REPRESENTATION('',(#6847),#6851);
#6847 = LINE('',#6848,#6849);
#6848 = CARTESIAN_POINT('',(0.,0.));
#6849 = VECTOR('',#6850,1.);
#6850 = DIRECTION('',(1.,0.));
#6851 = ( GEOMETRIC_REPRESENTATION_CONTEXT(2) 
PARAMETRIC_REPRESENTATION_CONTEXT() REPRESENTATION_CONTEXT('2D SPACE',''
  ) );
#6852 = PCURVE('',#6799,#6853);
#6853 = DEFINITIONAL_REPRESENTATION('',(#6854),#6858);
#6854 = LINE('',#6855,#6856);
#6855 = CARTESIAN_POINT('',(0.,0.));
#6856 = VECTOR('',#6857,1.);
#6857 = DIRECTION('',(1.,0.));
#6858 = ( GEOMETRIC_REPRESENTATION_CONTEXT(2) 
PARAMETRIC_REPRESENTATION_CONTEXT() REPRESENTATION_CONTEXT('2D SPACE',''
  ) );
#6859 = ORIENTED_EDGE('',*,*,#6860,.T.);
#6860 = EDGE_CURVE('',#6838,#2559,#6861,.T.);
#6861 = SURFACE_CURVE('',#6862,(#6866,#6873),.PCURVE_S1.);
#6862 = LINE('',#6863,#6864);
#6863 = CARTESIAN_POINT('',(-5.8,14.3,-2.4));
#6864 = VECTOR('',#6865,1.);
#6865 = DIRECTION('',(0.,1.,0.));
#6866 = PCURVE('',#2573,#6867);
#6867 = DEFINITIONAL_REPRESENTATION('',(#6868),#6872);
#6868 = LINE('',#6869,#6870);
#6869 = CARTESIAN_POINT('',(0.,0.));
#6870 = VECTOR('',#6871,1.);
#6871 = DIRECTION('',(0.,-1.));
#6872 = ( GEOMETRIC_REPRESENTATION_CONTEXT(2) 
PARAMETRIC_REPRESENTATION_CONTEXT() REPRESENTATION_CONTEXT('2D SPACE',''
  ) );
#6873 = PCURVE('',#2599,#6874);
#6874 = DEFINITIONAL_REPRESENTATION('',(#6875),#6879);
#6875 = LINE('',#6876,#6877);
#6876 = CARTESIAN_POINT('',(0.,0.));
#6877 = VECTOR('',#6878,1.);
#6878 = DIRECTION('',(0.,1.));
#6879 = ( GEOMETRIC_REPRESENTATION_CONTEXT(2) 
PARAMETRIC_REPRESENTATION_CONTEXT() REPRESENTATION_CONTEXT('2D SPACE',''
  ) );
#6880 = ORIENTED_EDGE('',*,*,#2558,.F.);
#6881 = ADVANCED_FACE('',(#6882),#2623,.F.);
#6882 = FACE_BOUND('',#6883,.F.);
#6883 = EDGE_LOOP('',(#6884,#6885,#6908,#6929));
#6884 = ORIENTED_EDGE('',*,*,#6811,.F.);
#6885 = ORIENTED_EDGE('',*,*,#6886,.F.);
#6886 = EDGE_CURVE('',#6887,#6784,#6889,.T.);
#6887 = VERTEX_POINT('',#6888);
#6888 = CARTESIAN_POINT('',(-4.2,14.3,-2.4));
#6889 = SURFACE_CURVE('',#6890,(#6894,#6901),.PCURVE_S1.);
#6890 = LINE('',#6891,#6892);
#6891 = CARTESIAN_POINT('',(-4.2,14.3,-2.4));
#6892 = VECTOR('',#6893,1.);
#6893 = DIRECTION('',(0.,0.,1.));
#6894 = PCURVE('',#2623,#6895);
#6895 = DEFINITIONAL_REPRESENTATION('',(#6896),#6900);
#6896 = LINE('',#6897,#6898);
#6897 = CARTESIAN_POINT('',(0.,0.));
#6898 = VECTOR('',#6899,1.);
#6899 = DIRECTION('',(1.,0.));
#6900 = ( GEOMETRIC_REPRESENTATION_CONTEXT(2) 
PARAMETRIC_REPRESENTATION_CONTEXT() REPRESENTATION_CONTEXT('2D SPACE',''
  ) );
#6901 = PCURVE('',#6799,#6902);
#6902 = DEFINITIONAL_REPRESENTATION('',(#6903),#6907);
#6903 = LINE('',#6904,#6905);
#6904 = CARTESIAN_POINT('',(0.,1.6));
#6905 = VECTOR('',#6906,1.);
#6906 = DIRECTION('',(1.,0.));
#6907 = ( GEOMETRIC_REPRESENTATION_CONTEXT(2) 
PARAMETRIC_REPRESENTATION_CONTEXT() REPRESENTATION_CONTEXT('2D SPACE',''
  ) );
#6908 = ORIENTED_EDGE('',*,*,#6909,.T.);
#6909 = EDGE_CURVE('',#6887,#2585,#6910,.T.);
#6910 = SURFACE_CURVE('',#6911,(#6915,#6922),.PCURVE_S1.);
#6911 = LINE('',#6912,#6913);
#6912 = CARTESIAN_POINT('',(-4.2,14.3,-2.4));
#6913 = VECTOR('',#6914,1.);
#6914 = DIRECTION('',(0.,1.,0.));
#6915 = PCURVE('',#2623,#6916);
#6916 = DEFINITIONAL_REPRESENTATION('',(#6917),#6921);
#6917 = LINE('',#6918,#6919);
#6918 = CARTESIAN_POINT('',(0.,0.));
#6919 = VECTOR('',#6920,1.);
#6920 = DIRECTION('',(0.,-1.));
#6921 = ( GEOMETRIC_REPRESENTATION_CONTEXT(2) 
PARAMETRIC_REPRESENTATION_CONTEXT() REPRESENTATION_CONTEXT('2D SPACE',''
  ) );
#6922 = PCURVE('',#2599,#6923);
#6923 = DEFINITIONAL_REPRESENTATION('',(#6924),#6928);
#6924 = LINE('',#6925,#6926);
#6925 = CARTESIAN_POINT('',(1.6,0.));
#6926 = VECTOR('',#6927,1.);
#6927 = DIRECTION('',(0.,1.));
#6928 = ( GEOMETRIC_REPRESENTATION_CONTEXT(2) 
PARAMETRIC_REPRESENTATION_CONTEXT() REPRESENTATION_CONTEXT('2D SPACE',''
  ) );
#6929 = ORIENTED_EDGE('',*,*,#2610,.F.);
#6930 = ADVANCED_FACE('',(#6931),#2599,.T.);
#6931 = FACE_BOUND('',#6932,.T.);
#6932 = EDGE_LOOP('',(#6933,#6934,#6955,#6956));
#6933 = ORIENTED_EDGE('',*,*,#6860,.F.);
#6934 = ORIENTED_EDGE('',*,*,#6935,.T.);
#6935 = EDGE_CURVE('',#6838,#6887,#6936,.T.);
#6936 = SURFACE_CURVE('',#6937,(#6941,#6948),.PCURVE_S1.);
#6937 = LINE('',#6938,#6939);
#6938 = CARTESIAN_POINT('',(-5.8,14.3,-2.4));
#6939 = VECTOR('',#6940,1.);
#6940 = DIRECTION('',(1.,0.,0.));
#6941 = PCURVE('',#2599,#6942);
#6942 = DEFINITIONAL_REPRESENTATION('',(#6943),#6947);
#6943 = LINE('',#6944,#6945);
#6944 = CARTESIAN_POINT('',(0.,0.));
#6945 = VECTOR('',#6946,1.);
#6946 = DIRECTION('',(1.,0.));
#6947 = ( GEOMETRIC_REPRESENTATION_CONTEXT(2) 
PARAMETRIC_REPRESENTATION_CONTEXT() REPRESENTATION_CONTEXT('2D SPACE',''
  ) );
#6948 = PCURVE('',#6799,#6949);
#6949 = DEFINITIONAL_REPRESENTATION('',(#6950),#6954);
#6950 = LINE('',#6951,#6952);
#6951 = CARTESIAN_POINT('',(0.,0.));
#6952 = VECTOR('',#6953,1.);
#6953 = DIRECTION('',(0.,1.));
#6954 = ( GEOMETRIC_REPRESENTATION_CONTEXT(2) 
PARAMETRIC_REPRESENTATION_CONTEXT() REPRESENTATION_CONTEXT('2D SPACE',''
  ) );
#6955 = ORIENTED_EDGE('',*,*,#6909,.T.);
#6956 = ORIENTED_EDGE('',*,*,#2584,.F.);
#6957 = ADVANCED_FACE('',(#6958),#2653,.F.);
#6958 = FACE_BOUND('',#6959,.F.);
#6959 = EDGE_LOOP('',(#6960,#6983,#7011,#7032));
#6960 = ORIENTED_EDGE('',*,*,#6961,.F.);
#6961 = EDGE_CURVE('',#6962,#2637,#6964,.T.);
#6962 = VERTEX_POINT('',#6963);
#6963 = CARTESIAN_POINT('',(-0.8,14.3,-0.8));
#6964 = SURFACE_CURVE('',#6965,(#6969,#6976),.PCURVE_S1.);
#6965 = LINE('',#6966,#6967);
#6966 = CARTESIAN_POINT('',(-0.8,14.3,-0.8));
#6967 = VECTOR('',#6968,1.);
#6968 = DIRECTION('',(0.,1.,0.));
#6969 = PCURVE('',#2653,#6970);
#6970 = DEFINITIONAL_REPRESENTATION('',(#6971),#6975);
#6971 = LINE('',#6972,#6973);
#6972 = CARTESIAN_POINT('',(0.,0.));
#6973 = VECTOR('',#6974,1.);
#6974 = DIRECTION('',(0.,1.));
#6975 = ( GEOMETRIC_REPRESENTATION_CONTEXT(2) 
PARAMETRIC_REPRESENTATION_CONTEXT() REPRESENTATION_CONTEXT('2D SPACE',''
  ) );
#6976 = PCURVE('',#2679,#6977);
#6977 = DEFINITIONAL_REPRESENTATION('',(#6978),#6982);
#6978 = LINE('',#6979,#6980);
#6979 = CARTESIAN_POINT('',(1.6,0.));
#6980 = VECTOR('',#6981,1.);
#6981 = DIRECTION('',(0.,-1.));
#6982 = ( GEOMETRIC_REPRESENTATION_CONTEXT(2) 
PARAMETRIC_REPRESENTATION_CONTEXT() REPRESENTATION_CONTEXT('2D SPACE',''
  ) );
#6983 = ORIENTED_EDGE('',*,*,#6984,.T.);
#6984 = EDGE_CURVE('',#6962,#6985,#6987,.T.);
#6985 = VERTEX_POINT('',#6986);
#6986 = CARTESIAN_POINT('',(0.8,14.3,-0.8));
#6987 = SURFACE_CURVE('',#6988,(#6992,#6999),.PCURVE_S1.);
#6988 = LINE('',#6989,#6990);
#6989 = CARTESIAN_POINT('',(-0.8,14.3,-0.8));
#6990 = VECTOR('',#6991,1.);
#6991 = DIRECTION('',(1.,0.,0.));
#6992 = PCURVE('',#2653,#6993);
#6993 = DEFINITIONAL_REPRESENTATION('',(#6994),#6998);
#6994 = LINE('',#6995,#6996);
#6995 = CARTESIAN_POINT('',(0.,0.));
#6996 = VECTOR('',#6997,1.);
#6997 = DIRECTION('',(1.,0.));
#6998 = ( GEOMETRIC_REPRESENTATION_CONTEXT(2) 
PARAMETRIC_REPRESENTATION_CONTEXT() REPRESENTATION_CONTEXT('2D SPACE',''
  ) );
#6999 = PCURVE('',#7000,#7005);
#7000 = PLANE('',#7001);
#7001 = AXIS2_PLACEMENT_3D('',#7002,#7003,#7004);
#7002 = CARTESIAN_POINT('',(-0.8,14.3,-2.4));
#7003 = DIRECTION('',(0.,1.,0.));
#7004 = DIRECTION('',(0.,0.,1.));
#7005 = DEFINITIONAL_REPRESENTATION('',(#7006),#7010);
#7006 = LINE('',#7007,#7008);
#7007 = CARTESIAN_POINT('',(1.6,0.));
#7008 = VECTOR('',#7009,1.);
#7009 = DIRECTION('',(0.,1.));
#7010 = ( GEOMETRIC_REPRESENTATION_CONTEXT(2) 
PARAMETRIC_REPRESENTATION_CONTEXT() REPRESENTATION_CONTEXT('2D SPACE',''
  ) );
#7011 = ORIENTED_EDGE('',*,*,#7012,.T.);
#7012 = EDGE_CURVE('',#6985,#2639,#7013,.T.);
#7013 = SURFACE_CURVE('',#7014,(#7018,#7025),.PCURVE_S1.);
#7014 = LINE('',#7015,#7016);
#7015 = CARTESIAN_POINT('',(0.8,14.3,-0.8));
#7016 = VECTOR('',#7017,1.);
#7017 = DIRECTION('',(0.,1.,0.));
#7018 = PCURVE('',#2653,#7019);
#7019 = DEFINITIONAL_REPRESENTATION('',(#7020),#7024);
#7020 = LINE('',#7021,#7022);
#7021 = CARTESIAN_POINT('',(1.6,0.));
#7022 = VECTOR('',#7023,1.);
#7023 = DIRECTION('',(0.,1.));
#7024 = ( GEOMETRIC_REPRESENTATION_CONTEXT(2) 
PARAMETRIC_REPRESENTATION_CONTEXT() REPRESENTATION_CONTEXT('2D SPACE',''
  ) );
#7025 = PCURVE('',#2729,#7026);
#7026 = DEFINITIONAL_REPRESENTATION('',(#7027),#7031);
#7027 = LINE('',#7028,#7029);
#7028 = CARTESIAN_POINT('',(1.6,0.));
#7029 = VECTOR('',#7030,1.);
#7030 = DIRECTION('',(0.,-1.));
#7031 = ( GEOMETRIC_REPRESENTATION_CONTEXT(2) 
PARAMETRIC_REPRESENTATION_CONTEXT() REPRESENTATION_CONTEXT('2D SPACE',''
  ) );
#7032 = ORIENTED_EDGE('',*,*,#2636,.F.);
#7033 = ADVANCED_FACE('',(#7034),#2679,.T.);
#7034 = FACE_BOUND('',#7035,.T.);
#7035 = EDGE_LOOP('',(#7036,#7037,#7060,#7081));
#7036 = ORIENTED_EDGE('',*,*,#6961,.F.);
#7037 = ORIENTED_EDGE('',*,*,#7038,.F.);
#7038 = EDGE_CURVE('',#7039,#6962,#7041,.T.);
#7039 = VERTEX_POINT('',#7040);
#7040 = CARTESIAN_POINT('',(-0.8,14.3,-2.4));
#7041 = SURFACE_CURVE('',#7042,(#7046,#7053),.PCURVE_S1.);
#7042 = LINE('',#7043,#7044);
#7043 = CARTESIAN_POINT('',(-0.8,14.3,-2.4));
#7044 = VECTOR('',#7045,1.);
#7045 = DIRECTION('',(0.,0.,1.));
#7046 = PCURVE('',#2679,#7047);
#7047 = DEFINITIONAL_REPRESENTATION('',(#7048),#7052);
#7048 = LINE('',#7049,#7050);
#7049 = CARTESIAN_POINT('',(0.,0.));
#7050 = VECTOR('',#7051,1.);
#7051 = DIRECTION('',(1.,0.));
#7052 = ( GEOMETRIC_REPRESENTATION_CONTEXT(2) 
PARAMETRIC_REPRESENTATION_CONTEXT() REPRESENTATION_CONTEXT('2D SPACE',''
  ) );
#7053 = PCURVE('',#7000,#7054);
#7054 = DEFINITIONAL_REPRESENTATION('',(#7055),#7059);
#7055 = LINE('',#7056,#7057);
#7056 = CARTESIAN_POINT('',(0.,0.));
#7057 = VECTOR('',#7058,1.);
#7058 = DIRECTION('',(1.,0.));
#7059 = ( GEOMETRIC_REPRESENTATION_CONTEXT(2) 
PARAMETRIC_REPRESENTATION_CONTEXT() REPRESENTATION_CONTEXT('2D SPACE',''
  ) );
#7060 = ORIENTED_EDGE('',*,*,#7061,.T.);
#7061 = EDGE_CURVE('',#7039,#2665,#7062,.T.);
#7062 = SURFACE_CURVE('',#7063,(#7067,#7074),.PCURVE_S1.);
#7063 = LINE('',#7064,#7065);
#7064 = CARTESIAN_POINT('',(-0.8,14.3,-2.4));
#7065 = VECTOR('',#7066,1.);
#7066 = DIRECTION('',(0.,1.,0.));
#7067 = PCURVE('',#2679,#7068);
#7068 = DEFINITIONAL_REPRESENTATION('',(#7069),#7073);
#7069 = LINE('',#7070,#7071);
#7070 = CARTESIAN_POINT('',(0.,0.));
#7071 = VECTOR('',#7072,1.);
#7072 = DIRECTION('',(0.,-1.));
#7073 = ( GEOMETRIC_REPRESENTATION_CONTEXT(2) 
PARAMETRIC_REPRESENTATION_CONTEXT() REPRESENTATION_CONTEXT('2D SPACE',''
  ) );
#7074 = PCURVE('',#2705,#7075);
#7075 = DEFINITIONAL_REPRESENTATION('',(#7076),#7080);
#7076 = LINE('',#7077,#7078);
#7077 = CARTESIAN_POINT('',(0.,0.));
#7078 = VECTOR('',#7079,1.);
#7079 = DIRECTION('',(0.,1.));
#7080 = ( GEOMETRIC_REPRESENTATION_CONTEXT(2) 
PARAMETRIC_REPRESENTATION_CONTEXT() REPRESENTATION_CONTEXT('2D SPACE',''
  ) );
#7081 = ORIENTED_EDGE('',*,*,#2664,.F.);
#7082 = ADVANCED_FACE('',(#7083),#2729,.F.);
#7083 = FACE_BOUND('',#7084,.F.);
#7084 = EDGE_LOOP('',(#7085,#7086,#7109,#7130));
#7085 = ORIENTED_EDGE('',*,*,#7012,.F.);
#7086 = ORIENTED_EDGE('',*,*,#7087,.F.);
#7087 = EDGE_CURVE('',#7088,#6985,#7090,.T.);
#7088 = VERTEX_POINT('',#7089);
#7089 = CARTESIAN_POINT('',(0.8,14.3,-2.4));
#7090 = SURFACE_CURVE('',#7091,(#7095,#7102),.PCURVE_S1.);
#7091 = LINE('',#7092,#7093);
#7092 = CARTESIAN_POINT('',(0.8,14.3,-2.4));
#7093 = VECTOR('',#7094,1.);
#7094 = DIRECTION('',(0.,0.,1.));
#7095 = PCURVE('',#2729,#7096);
#7096 = DEFINITIONAL_REPRESENTATION('',(#7097),#7101);
#7097 = LINE('',#7098,#7099);
#7098 = CARTESIAN_POINT('',(0.,0.));
#7099 = VECTOR('',#7100,1.);
#7100 = DIRECTION('',(1.,0.));
#7101 = ( GEOMETRIC_REPRESENTATION_CONTEXT(2) 
PARAMETRIC_REPRESENTATION_CONTEXT() REPRESENTATION_CONTEXT('2D SPACE',''
  ) );
#7102 = PCURVE('',#7000,#7103);
#7103 = DEFINITIONAL_REPRESENTATION('',(#7104),#7108);
#7104 = LINE('',#7105,#7106);
#7105 = CARTESIAN_POINT('',(0.,1.6));
#7106 = VECTOR('',#7107,1.);
#7107 = DIRECTION('',(1.,0.));
#7108 = ( GEOMETRIC_REPRESENTATION_CONTEXT(2) 
PARAMETRIC_REPRESENTATION_CONTEXT() REPRESENTATION_CONTEXT('2D SPACE',''
  ) );
#7109 = ORIENTED_EDGE('',*,*,#7110,.T.);
#7110 = EDGE_CURVE('',#7088,#2691,#7111,.T.);
#7111 = SURFACE_CURVE('',#7112,(#7116,#7123),.PCURVE_S1.);
#7112 = LINE('',#7113,#7114);
#7113 = CARTESIAN_POINT('',(0.8,14.3,-2.4));
#7114 = VECTOR('',#7115,1.);
#7115 = DIRECTION('',(0.,1.,0.));
#7116 = PCURVE('',#2729,#7117);
#7117 = DEFINITIONAL_REPRESENTATION('',(#7118),#7122);
#7118 = LINE('',#7119,#7120);
#7119 = CARTESIAN_POINT('',(0.,0.));
#7120 = VECTOR('',#7121,1.);
#7121 = DIRECTION('',(0.,-1.));
#7122 = ( GEOMETRIC_REPRESENTATION_CONTEXT(2) 
PARAMETRIC_REPRESENTATION_CONTEXT() REPRESENTATION_CONTEXT('2D SPACE',''
  ) );
#7123 = PCURVE('',#2705,#7124);
#7124 = DEFINITIONAL_REPRESENTATION('',(#7125),#7129);
#7125 = LINE('',#7126,#7127);
#7126 = CARTESIAN_POINT('',(1.6,0.));
#7127 = VECTOR('',#7128,1.);
#7128 = DIRECTION('',(0.,1.));
#7129 = ( GEOMETRIC_REPRESENTATION_CONTEXT(2) 
PARAMETRIC_REPRESENTATION_CONTEXT() REPRESENTATION_CONTEXT('2D SPACE',''
  ) );
#7130 = ORIENTED_EDGE('',*,*,#2716,.F.);
#7131 = ADVANCED_FACE('',(#7132),#2705,.T.);
#7132 = FACE_BOUND('',#7133,.T.);
#7133 = EDGE_LOOP('',(#7134,#7135,#7156,#7157));
#7134 = ORIENTED_EDGE('',*,*,#7061,.F.);
#7135 = ORIENTED_EDGE('',*,*,#7136,.T.);
#7136 = EDGE_CURVE('',#7039,#7088,#7137,.T.);
#7137 = SURFACE_CURVE('',#7138,(#7142,#7149),.PCURVE_S1.);
#7138 = LINE('',#7139,#7140);
#7139 = CARTESIAN_POINT('',(-0.8,14.3,-2.4));
#7140 = VECTOR('',#7141,1.);
#7141 = DIRECTION('',(1.,0.,0.));
#7142 = PCURVE('',#2705,#7143);
#7143 = DEFINITIONAL_REPRESENTATION('',(#7144),#7148);
#7144 = LINE('',#7145,#7146);
#7145 = CARTESIAN_POINT('',(0.,0.));
#7146 = VECTOR('',#7147,1.);
#7147 = DIRECTION('',(1.,0.));
#7148 = ( GEOMETRIC_REPRESENTATION_CONTEXT(2) 
PARAMETRIC_REPRESENTATION_CONTEXT() REPRESENTATION_CONTEXT('2D SPACE',''
  ) );
#7149 = PCURVE('',#7000,#7150);
#7150 = DEFINITIONAL_REPRESENTATION('',(#7151),#7155);
#7151 = LINE('',#7152,#7153);
#7152 = CARTESIAN_POINT('',(0.,0.));
#7153 = VECTOR('',#7154,1.);
#7154 = DIRECTION('',(0.,1.));
#7155 = ( GEOMETRIC_REPRESENTATION_CONTEXT(2) 
PARAMETRIC_REPRESENTATION_CONTEXT() REPRESENTATION_CONTEXT('2D SPACE',''
  ) );
#7156 = ORIENTED_EDGE('',*,*,#7110,.T.);
#7157 = ORIENTED_EDGE('',*,*,#2690,.F.);
#7158 = ADVANCED_FACE('',(#7159),#2759,.F.);
#7159 = FACE_BOUND('',#7160,.F.);
#7160 = EDGE_LOOP('',(#7161,#7184,#7212,#7233));
#7161 = ORIENTED_EDGE('',*,*,#7162,.F.);
#7162 = EDGE_CURVE('',#7163,#2743,#7165,.T.);
#7163 = VERTEX_POINT('',#7164);
#7164 = CARTESIAN_POINT('',(4.2,14.3,-0.8));
#7165 = SURFACE_CURVE('',#7166,(#7170,#7177),.PCURVE_S1.);
#7166 = LINE('',#7167,#7168);
#7167 = CARTESIAN_POINT('',(4.2,14.3,-0.8));
#7168 = VECTOR('',#7169,1.);
#7169 = DIRECTION('',(0.,1.,0.));
#7170 = PCURVE('',#2759,#7171);
#7171 = DEFINITIONAL_REPRESENTATION('',(#7172),#7176);
#7172 = LINE('',#7173,#7174);
#7173 = CARTESIAN_POINT('',(0.,0.));
#7174 = VECTOR('',#7175,1.);
#7175 = DIRECTION('',(0.,1.));
#7176 = ( GEOMETRIC_REPRESENTATION_CONTEXT(2) 
PARAMETRIC_REPRESENTATION_CONTEXT() REPRESENTATION_CONTEXT('2D SPACE',''
  ) );
#7177 = PCURVE('',#2785,#7178);
#7178 = DEFINITIONAL_REPRESENTATION('',(#7179),#7183);
#7179 = LINE('',#7180,#7181);
#7180 = CARTESIAN_POINT('',(1.6,0.));
#7181 = VECTOR('',#7182,1.);
#7182 = DIRECTION('',(0.,-1.));
#7183 = ( GEOMETRIC_REPRESENTATION_CONTEXT(2) 
PARAMETRIC_REPRESENTATION_CONTEXT() REPRESENTATION_CONTEXT('2D SPACE',''
  ) );
#7184 = ORIENTED_EDGE('',*,*,#7185,.T.);
#7185 = EDGE_CURVE('',#7163,#7186,#7188,.T.);
#7186 = VERTEX_POINT('',#7187);
#7187 = CARTESIAN_POINT('',(5.8,14.3,-0.8));
#7188 = SURFACE_CURVE('',#7189,(#7193,#7200),.PCURVE_S1.);
#7189 = LINE('',#7190,#7191);
#7190 = CARTESIAN_POINT('',(4.2,14.3,-0.8));
#7191 = VECTOR('',#7192,1.);
#7192 = DIRECTION('',(1.,0.,0.));
#7193 = PCURVE('',#2759,#7194);
#7194 = DEFINITIONAL_REPRESENTATION('',(#7195),#7199);
#7195 = LINE('',#7196,#7197);
#7196 = CARTESIAN_POINT('',(0.,0.));
#7197 = VECTOR('',#7198,1.);
#7198 = DIRECTION('',(1.,0.));
#7199 = ( GEOMETRIC_REPRESENTATION_CONTEXT(2) 
PARAMETRIC_REPRESENTATION_CONTEXT() REPRESENTATION_CONTEXT('2D SPACE',''
  ) );
#7200 = PCURVE('',#7201,#7206);
#7201 = PLANE('',#7202);
#7202 = AXIS2_PLACEMENT_3D('',#7203,#7204,#7205);
#7203 = CARTESIAN_POINT('',(4.2,14.3,-2.4));
#7204 = DIRECTION('',(0.,1.,0.));
#7205 = DIRECTION('',(0.,0.,1.));
#7206 = DEFINITIONAL_REPRESENTATION('',(#7207),#7211);
#7207 = LINE('',#7208,#7209);
#7208 = CARTESIAN_POINT('',(1.6,0.));
#7209 = VECTOR('',#7210,1.);
#7210 = DIRECTION('',(0.,1.));
#7211 = ( GEOMETRIC_REPRESENTATION_CONTEXT(2) 
PARAMETRIC_REPRESENTATION_CONTEXT() REPRESENTATION_CONTEXT('2D SPACE',''
  ) );
#7212 = ORIENTED_EDGE('',*,*,#7213,.T.);
#7213 = EDGE_CURVE('',#7186,#2745,#7214,.T.);
#7214 = SURFACE_CURVE('',#7215,(#7219,#7226),.PCURVE_S1.);
#7215 = LINE('',#7216,#7217);
#7216 = CARTESIAN_POINT('',(5.8,14.3,-0.8));
#7217 = VECTOR('',#7218,1.);
#7218 = DIRECTION('',(0.,1.,0.));
#7219 = PCURVE('',#2759,#7220);
#7220 = DEFINITIONAL_REPRESENTATION('',(#7221),#7225);
#7221 = LINE('',#7222,#7223);
#7222 = CARTESIAN_POINT('',(1.6,0.));
#7223 = VECTOR('',#7224,1.);
#7224 = DIRECTION('',(0.,1.));
#7225 = ( GEOMETRIC_REPRESENTATION_CONTEXT(2) 
PARAMETRIC_REPRESENTATION_CONTEXT() REPRESENTATION_CONTEXT('2D SPACE',''
  ) );
#7226 = PCURVE('',#2835,#7227);
#7227 = DEFINITIONAL_REPRESENTATION('',(#7228),#7232);
#7228 = LINE('',#7229,#7230);
#7229 = CARTESIAN_POINT('',(1.6,0.));
#7230 = VECTOR('',#7231,1.);
#7231 = DIRECTION('',(0.,-1.));
#7232 = ( GEOMETRIC_REPRESENTATION_CONTEXT(2) 
PARAMETRIC_REPRESENTATION_CONTEXT() REPRESENTATION_CONTEXT('2D SPACE',''
  ) );
#7233 = ORIENTED_EDGE('',*,*,#2742,.F.);
#7234 = ADVANCED_FACE('',(#7235),#2835,.F.);
#7235 = FACE_BOUND('',#7236,.F.);
#7236 = EDGE_LOOP('',(#7237,#7238,#7261,#7282));
#7237 = ORIENTED_EDGE('',*,*,#7213,.F.);
#7238 = ORIENTED_EDGE('',*,*,#7239,.F.);
#7239 = EDGE_CURVE('',#7240,#7186,#7242,.T.);
#7240 = VERTEX_POINT('',#7241);
#7241 = CARTESIAN_POINT('',(5.8,14.3,-2.4));
#7242 = SURFACE_CURVE('',#7243,(#7247,#7254),.PCURVE_S1.);
#7243 = LINE('',#7244,#7245);
#7244 = CARTESIAN_POINT('',(5.8,14.3,-2.4));
#7245 = VECTOR('',#7246,1.);
#7246 = DIRECTION('',(0.,0.,1.));
#7247 = PCURVE('',#2835,#7248);
#7248 = DEFINITIONAL_REPRESENTATION('',(#7249),#7253);
#7249 = LINE('',#7250,#7251);
#7250 = CARTESIAN_POINT('',(0.,0.));
#7251 = VECTOR('',#7252,1.);
#7252 = DIRECTION('',(1.,0.));
#7253 = ( GEOMETRIC_REPRESENTATION_CONTEXT(2) 
PARAMETRIC_REPRESENTATION_CONTEXT() REPRESENTATION_CONTEXT('2D SPACE',''
  ) );
#7254 = PCURVE('',#7201,#7255);
#7255 = DEFINITIONAL_REPRESENTATION('',(#7256),#7260);
#7256 = LINE('',#7257,#7258);
#7257 = CARTESIAN_POINT('',(0.,1.6));
#7258 = VECTOR('',#7259,1.);
#7259 = DIRECTION('',(1.,0.));
#7260 = ( GEOMETRIC_REPRESENTATION_CONTEXT(2) 
PARAMETRIC_REPRESENTATION_CONTEXT() REPRESENTATION_CONTEXT('2D SPACE',''
  ) );
#7261 = ORIENTED_EDGE('',*,*,#7262,.T.);
#7262 = EDGE_CURVE('',#7240,#2797,#7263,.T.);
#7263 = SURFACE_CURVE('',#7264,(#7268,#7275),.PCURVE_S1.);
#7264 = LINE('',#7265,#7266);
#7265 = CARTESIAN_POINT('',(5.8,14.3,-2.4));
#7266 = VECTOR('',#7267,1.);
#7267 = DIRECTION('',(0.,1.,0.));
#7268 = PCURVE('',#2835,#7269);
#7269 = DEFINITIONAL_REPRESENTATION('',(#7270),#7274);
#7270 = LINE('',#7271,#7272);
#7271 = CARTESIAN_POINT('',(0.,0.));
#7272 = VECTOR('',#7273,1.);
#7273 = DIRECTION('',(0.,-1.));
#7274 = ( GEOMETRIC_REPRESENTATION_CONTEXT(2) 
PARAMETRIC_REPRESENTATION_CONTEXT() REPRESENTATION_CONTEXT('2D SPACE',''
  ) );
#7275 = PCURVE('',#2811,#7276);
#7276 = DEFINITIONAL_REPRESENTATION('',(#7277),#7281);
#7277 = LINE('',#7278,#7279);
#7278 = CARTESIAN_POINT('',(1.6,0.));
#7279 = VECTOR('',#7280,1.);
#7280 = DIRECTION('',(0.,1.));
#7281 = ( GEOMETRIC_REPRESENTATION_CONTEXT(2) 
PARAMETRIC_REPRESENTATION_CONTEXT() REPRESENTATION_CONTEXT('2D SPACE',''
  ) );
#7282 = ORIENTED_EDGE('',*,*,#2822,.F.);
#7283 = ADVANCED_FACE('',(#7284),#2811,.T.);
#7284 = FACE_BOUND('',#7285,.T.);
#7285 = EDGE_LOOP('',(#7286,#7309,#7330,#7331));
#7286 = ORIENTED_EDGE('',*,*,#7287,.F.);
#7287 = EDGE_CURVE('',#7288,#2771,#7290,.T.);
#7288 = VERTEX_POINT('',#7289);
#7289 = CARTESIAN_POINT('',(4.2,14.3,-2.4));
#7290 = SURFACE_CURVE('',#7291,(#7295,#7302),.PCURVE_S1.);
#7291 = LINE('',#7292,#7293);
#7292 = CARTESIAN_POINT('',(4.2,14.3,-2.4));
#7293 = VECTOR('',#7294,1.);
#7294 = DIRECTION('',(0.,1.,0.));
#7295 = PCURVE('',#2811,#7296);
#7296 = DEFINITIONAL_REPRESENTATION('',(#7297),#7301);
#7297 = LINE('',#7298,#7299);
#7298 = CARTESIAN_POINT('',(0.,0.));
#7299 = VECTOR('',#7300,1.);
#7300 = DIRECTION('',(0.,1.));
#7301 = ( GEOMETRIC_REPRESENTATION_CONTEXT(2) 
PARAMETRIC_REPRESENTATION_CONTEXT() REPRESENTATION_CONTEXT('2D SPACE',''
  ) );
#7302 = PCURVE('',#2785,#7303);
#7303 = DEFINITIONAL_REPRESENTATION('',(#7304),#7308);
#7304 = LINE('',#7305,#7306);
#7305 = CARTESIAN_POINT('',(0.,0.));
#7306 = VECTOR('',#7307,1.);
#7307 = DIRECTION('',(0.,-1.));
#7308 = ( GEOMETRIC_REPRESENTATION_CONTEXT(2) 
PARAMETRIC_REPRESENTATION_CONTEXT() REPRESENTATION_CONTEXT('2D SPACE',''
  ) );
#7309 = ORIENTED_EDGE('',*,*,#7310,.T.);
#7310 = EDGE_CURVE('',#7288,#7240,#7311,.T.);
#7311 = SURFACE_CURVE('',#7312,(#7316,#7323),.PCURVE_S1.);
#7312 = LINE('',#7313,#7314);
#7313 = CARTESIAN_POINT('',(4.2,14.3,-2.4));
#7314 = VECTOR('',#7315,1.);
#7315 = DIRECTION('',(1.,0.,0.));
#7316 = PCURVE('',#2811,#7317);
#7317 = DEFINITIONAL_REPRESENTATION('',(#7318),#7322);
#7318 = LINE('',#7319,#7320);
#7319 = CARTESIAN_POINT('',(0.,0.));
#7320 = VECTOR('',#7321,1.);
#7321 = DIRECTION('',(1.,0.));
#7322 = ( GEOMETRIC_REPRESENTATION_CONTEXT(2) 
PARAMETRIC_REPRESENTATION_CONTEXT() REPRESENTATION_CONTEXT('2D SPACE',''
  ) );
#7323 = PCURVE('',#7201,#7324);
#7324 = DEFINITIONAL_REPRESENTATION('',(#7325),#7329);
#7325 = LINE('',#7326,#7327);
#7326 = CARTESIAN_POINT('',(0.,0.));
#7327 = VECTOR('',#7328,1.);
#7328 = DIRECTION('',(0.,1.));
#7329 = ( GEOMETRIC_REPRESENTATION_CONTEXT(2) 
PARAMETRIC_REPRESENTATION_CONTEXT() REPRESENTATION_CONTEXT('2D SPACE',''
  ) );
#7330 = ORIENTED_EDGE('',*,*,#7262,.T.);
#7331 = ORIENTED_EDGE('',*,*,#2796,.F.);
#7332 = ADVANCED_FACE('',(#7333),#2785,.T.);
#7333 = FACE_BOUND('',#7334,.T.);
#7334 = EDGE_LOOP('',(#7335,#7336,#7357,#7358));
#7335 = ORIENTED_EDGE('',*,*,#7162,.F.);
#7336 = ORIENTED_EDGE('',*,*,#7337,.F.);
#7337 = EDGE_CURVE('',#7288,#7163,#7338,.T.);
#7338 = SURFACE_CURVE('',#7339,(#7343,#7350),.PCURVE_S1.);
#7339 = LINE('',#7340,#7341);
#7340 = CARTESIAN_POINT('',(4.2,14.3,-2.4));
#7341 = VECTOR('',#7342,1.);
#7342 = DIRECTION('',(0.,0.,1.));
#7343 = PCURVE('',#2785,#7344);
#7344 = DEFINITIONAL_REPRESENTATION('',(#7345),#7349);
#7345 = LINE('',#7346,#7347);
#7346 = CARTESIAN_POINT('',(0.,0.));
#7347 = VECTOR('',#7348,1.);
#7348 = DIRECTION('',(1.,0.));
#7349 = ( GEOMETRIC_REPRESENTATION_CONTEXT(2) 
PARAMETRIC_REPRESENTATION_CONTEXT() REPRESENTATION_CONTEXT('2D SPACE',''
  ) );
#7350 = PCURVE('',#7201,#7351);
#7351 = DEFINITIONAL_REPRESENTATION('',(#7352),#7356);
#7352 = LINE('',#7353,#7354);
#7353 = CARTESIAN_POINT('',(0.,0.));
#7354 = VECTOR('',#7355,1.);
#7355 = DIRECTION('',(1.,0.));
#7356 = ( GEOMETRIC_REPRESENTATION_CONTEXT(2) 
PARAMETRIC_REPRESENTATION_CONTEXT() REPRESENTATION_CONTEXT('2D SPACE',''
  ) );
#7357 = ORIENTED_EDGE('',*,*,#7287,.T.);
#7358 = ORIENTED_EDGE('',*,*,#2770,.F.);
#7359 = ADVANCED_FACE('',(#7360,#7388),#3496,.T.);
#7360 = FACE_BOUND('',#7361,.T.);
#7361 = EDGE_LOOP('',(#7362,#7363,#7384,#7385,#7386,#7387));
#7362 = ORIENTED_EDGE('',*,*,#3782,.F.);
#7363 = ORIENTED_EDGE('',*,*,#7364,.F.);
#7364 = EDGE_CURVE('',#3630,#3783,#7365,.T.);
#7365 = SURFACE_CURVE('',#7366,(#7370,#7377),.PCURVE_S1.);
#7366 = LINE('',#7367,#7368);
#7367 = CARTESIAN_POINT('',(27.,-7.5,-0.75));
#7368 = VECTOR('',#7369,1.);
#7369 = DIRECTION('',(0.,1.,0.));
#7370 = PCURVE('',#3496,#7371);
#7371 = DEFINITIONAL_REPRESENTATION('',(#7372),#7376);
#7372 = LINE('',#7373,#7374);
#7373 = CARTESIAN_POINT('',(0.,0.));
#7374 = VECTOR('',#7375,1.);
#7375 = DIRECTION('',(0.,1.));
#7376 = ( GEOMETRIC_REPRESENTATION_CONTEXT(2) 
PARAMETRIC_REPRESENTATION_CONTEXT() REPRESENTATION_CONTEXT('2D SPACE',''
  ) );
#7377 = PCURVE('',#3668,#7378);
#7378 = DEFINITIONAL_REPRESENTATION('',(#7379),#7383);
#7379 = LINE('',#7380,#7381);
#7380 = CARTESIAN_POINT('',(0.,0.));
#7381 = VECTOR('',#7382,1.);
#7382 = DIRECTION('',(0.,-1.));
#7383 = ( GEOMETRIC_REPRESENTATION_CONTEXT(2) 
PARAMETRIC_REPRESENTATION_CONTEXT() REPRESENTATION_CONTEXT('2D SPACE',''
  ) );
#7384 = ORIENTED_EDGE('',*,*,#3629,.T.);
#7385 = ORIENTED_EDGE('',*,*,#3553,.T.);
#7386 = ORIENTED_EDGE('',*,*,#3479,.F.);
#7387 = ORIENTED_EDGE('',*,*,#3580,.T.);
#7388 = FACE_BOUND('',#7389,.T.);
#7389 = EDGE_LOOP('',(#7390));
#7390 = ORIENTED_EDGE('',*,*,#5399,.F.);
#7391 = ADVANCED_FACE('',(#7392),#3747,.T.);
#7392 = FACE_BOUND('',#7393,.T.);
#7393 = EDGE_LOOP('',(#7394,#7395,#7396,#7397,#7398,#7399,#7400,#7421,
    #7450,#7478,#7507,#7526));
#7394 = ORIENTED_EDGE('',*,*,#4333,.F.);
#7395 = ORIENTED_EDGE('',*,*,#4231,.T.);
#7396 = ORIENTED_EDGE('',*,*,#4155,.T.);
#7397 = ORIENTED_EDGE('',*,*,#4051,.F.);
#7398 = ORIENTED_EDGE('',*,*,#3929,.T.);
#7399 = ORIENTED_EDGE('',*,*,#3732,.T.);
#7400 = ORIENTED_EDGE('',*,*,#7401,.F.);
#7401 = EDGE_CURVE('',#7402,#3707,#7404,.T.);
#7402 = VERTEX_POINT('',#7403);
#7403 = CARTESIAN_POINT('',(34.,-10.,10.));
#7404 = SURFACE_CURVE('',#7405,(#7409,#7415),.PCURVE_S1.);
#7405 = LINE('',#7406,#7407);
#7406 = CARTESIAN_POINT('',(34.,-13.,10.));
#7407 = VECTOR('',#7408,1.);
#7408 = DIRECTION('',(0.,1.,0.));
#7409 = PCURVE('',#3747,#7410);
#7410 = DEFINITIONAL_REPRESENTATION('',(#7411),#7414);
#7411 = B_SPLINE_CURVE_WITH_KNOTS('',1,(#7412,#7413),.UNSPECIFIED.,.F.,
  .F.,(2,2),(3.,23.),.PIECEWISE_BEZIER_KNOTS.);
#7412 = CARTESIAN_POINT('',(70.,4.));
#7413 = CARTESIAN_POINT('',(70.,24.));
#7414 = ( GEOMETRIC_REPRESENTATION_CONTEXT(2) 
PARAMETRIC_REPRESENTATION_CONTEXT() REPRESENTATION_CONTEXT('2D SPACE',''
  ) );
#7415 = PCURVE('',#3721,#7416);
#7416 = DEFINITIONAL_REPRESENTATION('',(#7417),#7420);
#7417 = B_SPLINE_CURVE_WITH_KNOTS('',1,(#7418,#7419),.UNSPECIFIED.,.F.,
  .F.,(2,2),(3.,23.),.PIECEWISE_BEZIER_KNOTS.);
#7418 = CARTESIAN_POINT('',(3.,-2.));
#7419 = CARTESIAN_POINT('',(3.,-22.));
#7420 = ( GEOMETRIC_REPRESENTATION_CONTEXT(2) 
PARAMETRIC_REPRESENTATION_CONTEXT() REPRESENTATION_CONTEXT('2D SPACE',''
  ) );
#7421 = ORIENTED_EDGE('',*,*,#7422,.F.);
#7422 = EDGE_CURVE('',#7423,#7402,#7425,.T.);
#7423 = VERTEX_POINT('',#7424);
#7424 = CARTESIAN_POINT('',(32.,-12.,10.));
#7425 = SURFACE_CURVE('',#7426,(#7431,#7438),.PCURVE_S1.);
#7426 = CIRCLE('',#7427,2.);
#7427 = AXIS2_PLACEMENT_3D('',#7428,#7429,#7430);
#7428 = CARTESIAN_POINT('',(32.,-10.,10.));
#7429 = DIRECTION('',(0.,0.,1.));
#7430 = DIRECTION('',(1.,0.,-0.));
#7431 = PCURVE('',#3747,#7432);
#7432 = DEFINITIONAL_REPRESENTATION('',(#7433),#7437);
#7433 = CIRCLE('',#7434,2.);
#7434 = AXIS2_PLACEMENT_2D('',#7435,#7436);
#7435 = CARTESIAN_POINT('',(68.,4.));
#7436 = DIRECTION('',(1.,0.));
#7437 = ( GEOMETRIC_REPRESENTATION_CONTEXT(2) 
PARAMETRIC_REPRESENTATION_CONTEXT() REPRESENTATION_CONTEXT('2D SPACE',''
  ) );
#7438 = PCURVE('',#7439,#7444);
#7439 = CYLINDRICAL_SURFACE('',#7440,2.);
#7440 = AXIS2_PLACEMENT_3D('',#7441,#7442,#7443);
#7441 = CARTESIAN_POINT('',(32.,-10.,7.));
#7442 = DIRECTION('',(0.,0.,1.));
#7443 = DIRECTION('',(1.,0.,-0.));
#7444 = DEFINITIONAL_REPRESENTATION('',(#7445),#7449);
#7445 = LINE('',#7446,#7447);
#7446 = CARTESIAN_POINT('',(-6.28318530718,3.));
#7447 = VECTOR('',#7448,1.);
#7448 = DIRECTION('',(1.,-0.));
#7449 = ( GEOMETRIC_REPRESENTATION_CONTEXT(2) 
PARAMETRIC_REPRESENTATION_CONTEXT() REPRESENTATION_CONTEXT('2D SPACE',''
  ) );
#7450 = ORIENTED_EDGE('',*,*,#7451,.T.);
#7451 = EDGE_CURVE('',#7423,#7452,#7454,.T.);
#7452 = VERTEX_POINT('',#7453);
#7453 = CARTESIAN_POINT('',(-32.,-12.,10.));
#7454 = SURFACE_CURVE('',#7455,(#7459,#7466),.PCURVE_S1.);
#7455 = LINE('',#7456,#7457);
#7456 = CARTESIAN_POINT('',(32.,-12.,10.));
#7457 = VECTOR('',#7458,1.);
#7458 = DIRECTION('',(-1.,0.,0.));
#7459 = PCURVE('',#3747,#7460);
#7460 = DEFINITIONAL_REPRESENTATION('',(#7461),#7465);
#7461 = LINE('',#7462,#7463);
#7462 = CARTESIAN_POINT('',(68.,2.));
#7463 = VECTOR('',#7464,1.);
#7464 = DIRECTION('',(-1.,0.));
#7465 = ( GEOMETRIC_REPRESENTATION_CONTEXT(2) 
PARAMETRIC_REPRESENTATION_CONTEXT() REPRESENTATION_CONTEXT('2D SPACE',''
  ) );
#7466 = PCURVE('',#7467,#7472);
#7467 = PLANE('',#7468);
#7468 = AXIS2_PLACEMENT_3D('',#7469,#7470,#7471);
#7469 = CARTESIAN_POINT('',(-34.,-12.,7.));
#7470 = DIRECTION('',(0.,1.,0.));
#7471 = DIRECTION('',(0.,0.,1.));
#7472 = DEFINITIONAL_REPRESENTATION('',(#7473),#7477);
#7473 = LINE('',#7474,#7475);
#7474 = CARTESIAN_POINT('',(3.,66.));
#7475 = VECTOR('',#7476,1.);
#7476 = DIRECTION('',(0.,-1.));
#7477 = ( GEOMETRIC_REPRESENTATION_CONTEXT(2) 
PARAMETRIC_REPRESENTATION_CONTEXT() REPRESENTATION_CONTEXT('2D SPACE',''
  ) );
#7478 = ORIENTED_EDGE('',*,*,#7479,.F.);
#7479 = EDGE_CURVE('',#7480,#7452,#7482,.T.);
#7480 = VERTEX_POINT('',#7481);
#7481 = CARTESIAN_POINT('',(-34.,-10.,10.));
#7482 = SURFACE_CURVE('',#7483,(#7488,#7495),.PCURVE_S1.);
#7483 = CIRCLE('',#7484,2.);
#7484 = AXIS2_PLACEMENT_3D('',#7485,#7486,#7487);
#7485 = CARTESIAN_POINT('',(-32.,-10.,10.));
#7486 = DIRECTION('',(0.,0.,1.));
#7487 = DIRECTION('',(-1.,-0.,0.));
#7488 = PCURVE('',#3747,#7489);
#7489 = DEFINITIONAL_REPRESENTATION('',(#7490),#7494);
#7490 = CIRCLE('',#7491,2.);
#7491 = AXIS2_PLACEMENT_2D('',#7492,#7493);
#7492 = CARTESIAN_POINT('',(4.,4.));
#7493 = DIRECTION('',(-1.,0.));
#7494 = ( GEOMETRIC_REPRESENTATION_CONTEXT(2) 
PARAMETRIC_REPRESENTATION_CONTEXT() REPRESENTATION_CONTEXT('2D SPACE',''
  ) );
#7495 = PCURVE('',#7496,#7501);
#7496 = CYLINDRICAL_SURFACE('',#7497,2.);
#7497 = AXIS2_PLACEMENT_3D('',#7498,#7499,#7500);
#7498 = CARTESIAN_POINT('',(-32.,-10.,7.));
#7499 = DIRECTION('',(0.,0.,1.));
#7500 = DIRECTION('',(-1.,-0.,0.));
#7501 = DEFINITIONAL_REPRESENTATION('',(#7502),#7506);
#7502 = LINE('',#7503,#7504);
#7503 = CARTESIAN_POINT('',(0.,3.));
#7504 = VECTOR('',#7505,1.);
#7505 = DIRECTION('',(1.,0.));
#7506 = ( GEOMETRIC_REPRESENTATION_CONTEXT(2) 
PARAMETRIC_REPRESENTATION_CONTEXT() REPRESENTATION_CONTEXT('2D SPACE',''
  ) );
#7507 = ORIENTED_EDGE('',*,*,#7508,.T.);
#7508 = EDGE_CURVE('',#7480,#4509,#7509,.T.);
#7509 = SURFACE_CURVE('',#7510,(#7514,#7520),.PCURVE_S1.);
#7510 = LINE('',#7511,#7512);
#7511 = CARTESIAN_POINT('',(-34.,-13.,10.));
#7512 = VECTOR('',#7513,1.);
#7513 = DIRECTION('',(0.,1.,0.));
#7514 = PCURVE('',#3747,#7515);
#7515 = DEFINITIONAL_REPRESENTATION('',(#7516),#7519);
#7516 = B_SPLINE_CURVE_WITH_KNOTS('',1,(#7517,#7518),.UNSPECIFIED.,.F.,
  .F.,(2,2),(3.,23.),.PIECEWISE_BEZIER_KNOTS.);
#7517 = CARTESIAN_POINT('',(2.,4.));
#7518 = CARTESIAN_POINT('',(2.,24.));
#7519 = ( GEOMETRIC_REPRESENTATION_CONTEXT(2) 
PARAMETRIC_REPRESENTATION_CONTEXT() REPRESENTATION_CONTEXT('2D SPACE',''
  ) );
#7520 = PCURVE('',#4544,#7521);
#7521 = DEFINITIONAL_REPRESENTATION('',(#7522),#7525);
#7522 = B_SPLINE_CURVE_WITH_KNOTS('',1,(#7523,#7524),.UNSPECIFIED.,.F.,
  .F.,(2,2),(3.,23.),.PIECEWISE_BEZIER_KNOTS.);
#7523 = CARTESIAN_POINT('',(3.,-2.));
#7524 = CARTESIAN_POINT('',(3.,-22.));
#7525 = ( GEOMETRIC_REPRESENTATION_CONTEXT(2) 
PARAMETRIC_REPRESENTATION_CONTEXT() REPRESENTATION_CONTEXT('2D SPACE',''
  ) );
#7526 = ORIENTED_EDGE('',*,*,#4508,.T.);
#7527 = ADVANCED_FACE('',(#7528),#3721,.F.);
#7528 = FACE_BOUND('',#7529,.F.);
#7529 = EDGE_LOOP('',(#7530,#7531,#7554,#7574));
#7530 = ORIENTED_EDGE('',*,*,#7401,.F.);
#7531 = ORIENTED_EDGE('',*,*,#7532,.F.);
#7532 = EDGE_CURVE('',#7533,#7402,#7535,.T.);
#7533 = VERTEX_POINT('',#7534);
#7534 = CARTESIAN_POINT('',(34.,-10.,8.));
#7535 = SURFACE_CURVE('',#7536,(#7540,#7547),.PCURVE_S1.);
#7536 = LINE('',#7537,#7538);
#7537 = CARTESIAN_POINT('',(34.,-10.,7.));
#7538 = VECTOR('',#7539,1.);
#7539 = DIRECTION('',(0.,0.,1.));
#7540 = PCURVE('',#3721,#7541);
#7541 = DEFINITIONAL_REPRESENTATION('',(#7542),#7546);
#7542 = LINE('',#7543,#7544);
#7543 = CARTESIAN_POINT('',(0.,-2.));
#7544 = VECTOR('',#7545,1.);
#7545 = DIRECTION('',(1.,0.));
#7546 = ( GEOMETRIC_REPRESENTATION_CONTEXT(2) 
PARAMETRIC_REPRESENTATION_CONTEXT() REPRESENTATION_CONTEXT('2D SPACE',''
  ) );
#7547 = PCURVE('',#7439,#7548);
#7548 = DEFINITIONAL_REPRESENTATION('',(#7549),#7553);
#7549 = LINE('',#7550,#7551);
#7550 = CARTESIAN_POINT('',(-0.,0.));
#7551 = VECTOR('',#7552,1.);
#7552 = DIRECTION('',(-0.,1.));
#7553 = ( GEOMETRIC_REPRESENTATION_CONTEXT(2) 
PARAMETRIC_REPRESENTATION_CONTEXT() REPRESENTATION_CONTEXT('2D SPACE',''
  ) );
#7554 = ORIENTED_EDGE('',*,*,#7555,.T.);
#7555 = EDGE_CURVE('',#7533,#3681,#7556,.T.);
#7556 = SURFACE_CURVE('',#7557,(#7561,#7567),.PCURVE_S1.);
#7557 = LINE('',#7558,#7559);
#7558 = CARTESIAN_POINT('',(34.,-13.,8.));
#7559 = VECTOR('',#7560,1.);
#7560 = DIRECTION('',(0.,1.,0.));
#7561 = PCURVE('',#3721,#7562);
#7562 = DEFINITIONAL_REPRESENTATION('',(#7563),#7566);
#7563 = B_SPLINE_CURVE_WITH_KNOTS('',1,(#7564,#7565),.UNSPECIFIED.,.F.,
  .F.,(2,2),(3.,23.),.PIECEWISE_BEZIER_KNOTS.);
#7564 = CARTESIAN_POINT('',(1.,-2.));
#7565 = CARTESIAN_POINT('',(1.,-22.));
#7566 = ( GEOMETRIC_REPRESENTATION_CONTEXT(2) 
PARAMETRIC_REPRESENTATION_CONTEXT() REPRESENTATION_CONTEXT('2D SPACE',''
  ) );
#7567 = PCURVE('',#3695,#7568);
#7568 = DEFINITIONAL_REPRESENTATION('',(#7569),#7573);
#7569 = LINE('',#7570,#7571);
#7570 = CARTESIAN_POINT('',(72.,2.));
#7571 = VECTOR('',#7572,1.);
#7572 = DIRECTION('',(0.,1.));
#7573 = ( GEOMETRIC_REPRESENTATION_CONTEXT(2) 
PARAMETRIC_REPRESENTATION_CONTEXT() REPRESENTATION_CONTEXT('2D SPACE',''
  ) );
#7574 = ORIENTED_EDGE('',*,*,#3706,.T.);
#7575 = ADVANCED_FACE('',(#7576),#3695,.T.);
#7576 = FACE_BOUND('',#7577,.T.);
#7577 = EDGE_LOOP('',(#7578,#7606,#7632,#7655,#7677,#7678,#7679));
#7578 = ORIENTED_EDGE('',*,*,#7579,.F.);
#7579 = EDGE_CURVE('',#7580,#7582,#7584,.T.);
#7580 = VERTEX_POINT('',#7581);
#7581 = CARTESIAN_POINT('',(25.,-2.487468592767,8.));
#7582 = VERTEX_POINT('',#7583);
#7583 = CARTESIAN_POINT('',(27.,-2.487468592767,8.));
#7584 = SURFACE_CURVE('',#7585,(#7589,#7595),.PCURVE_S1.);
#7585 = LINE('',#7586,#7587);
#7586 = CARTESIAN_POINT('',(23.5,-2.487468592767,8.));
#7587 = VECTOR('',#7588,1.);
#7588 = DIRECTION('',(1.,0.,0.));
#7589 = PCURVE('',#3695,#7590);
#7590 = DEFINITIONAL_REPRESENTATION('',(#7591),#7594);
#7591 = B_SPLINE_CURVE_WITH_KNOTS('',1,(#7592,#7593),.UNSPECIFIED.,.F.,
  .F.,(2,2),(0.6,9.5000006),.PIECEWISE_BEZIER_KNOTS.);
#7592 = CARTESIAN_POINT('',(62.1,12.512531407233));
#7593 = CARTESIAN_POINT('',(71.0000006,12.512531407233));
#7594 = ( GEOMETRIC_REPRESENTATION_CONTEXT(2) 
PARAMETRIC_REPRESENTATION_CONTEXT() REPRESENTATION_CONTEXT('2D SPACE',''
  ) );
#7595 = PCURVE('',#7596,#7601);
#7596 = CYLINDRICAL_SURFACE('',#7597,4.5);
#7597 = AXIS2_PLACEMENT_3D('',#7598,#7599,#7600);
#7598 = CARTESIAN_POINT('',(23.5,0.,4.25));
#7599 = DIRECTION('',(1.,0.,0.));
#7600 = DIRECTION('',(-0.,0.,1.));
#7601 = DEFINITIONAL_REPRESENTATION('',(#7602),#7605);
#7602 = B_SPLINE_CURVE_WITH_KNOTS('',1,(#7603,#7604),.UNSPECIFIED.,.F.,
  .F.,(2,2),(0.6,9.5000006),.PIECEWISE_BEZIER_KNOTS.);
#7603 = CARTESIAN_POINT('',(0.585685543457,0.6));
#7604 = CARTESIAN_POINT('',(0.585685543457,9.5000006));
#7605 = ( GEOMETRIC_REPRESENTATION_CONTEXT(2) 
PARAMETRIC_REPRESENTATION_CONTEXT() REPRESENTATION_CONTEXT('2D SPACE',''
  ) );
#7606 = ORIENTED_EDGE('',*,*,#7607,.T.);
#7607 = EDGE_CURVE('',#7580,#7608,#7610,.T.);
#7608 = VERTEX_POINT('',#7609);
#7609 = CARTESIAN_POINT('',(25.,-12.,8.));
#7610 = SURFACE_CURVE('',#7611,(#7615,#7621),.PCURVE_S1.);
#7611 = LINE('',#7612,#7613);
#7612 = CARTESIAN_POINT('',(25.,-7.5,8.));
#7613 = VECTOR('',#7614,1.);
#7614 = DIRECTION('',(0.,-1.,0.));
#7615 = PCURVE('',#3695,#7616);
#7616 = DEFINITIONAL_REPRESENTATION('',(#7617),#7620);
#7617 = B_SPLINE_CURVE_WITH_KNOTS('',1,(#7618,#7619),.UNSPECIFIED.,.F.,
  .F.,(2,2),(-19.5,4.5),.PIECEWISE_BEZIER_KNOTS.);
#7618 = CARTESIAN_POINT('',(63.,27.));
#7619 = CARTESIAN_POINT('',(63.,3.));
#7620 = ( GEOMETRIC_REPRESENTATION_CONTEXT(2) 
PARAMETRIC_REPRESENTATION_CONTEXT() REPRESENTATION_CONTEXT('2D SPACE',''
  ) );
#7621 = PCURVE('',#7622,#7627);
#7622 = PLANE('',#7623);
#7623 = AXIS2_PLACEMENT_3D('',#7624,#7625,#7626);
#7624 = CARTESIAN_POINT('',(25.,0.,0.));
#7625 = DIRECTION('',(-1.,0.,0.));
#7626 = DIRECTION('',(0.,0.,1.));
#7627 = DEFINITIONAL_REPRESENTATION('',(#7628),#7631);
#7628 = B_SPLINE_CURVE_WITH_KNOTS('',1,(#7629,#7630),.UNSPECIFIED.,.F.,
  .F.,(2,2),(-19.5,4.5),.PIECEWISE_BEZIER_KNOTS.);
#7629 = CARTESIAN_POINT('',(8.,12.));
#7630 = CARTESIAN_POINT('',(8.,-12.));
#7631 = ( GEOMETRIC_REPRESENTATION_CONTEXT(2) 
PARAMETRIC_REPRESENTATION_CONTEXT() REPRESENTATION_CONTEXT('2D SPACE',''
  ) );
#7632 = ORIENTED_EDGE('',*,*,#7633,.F.);
#7633 = EDGE_CURVE('',#7634,#7608,#7636,.T.);
#7634 = VERTEX_POINT('',#7635);
#7635 = CARTESIAN_POINT('',(32.,-12.,8.));
#7636 = SURFACE_CURVE('',#7637,(#7641,#7648),.PCURVE_S1.);
#7637 = LINE('',#7638,#7639);
#7638 = CARTESIAN_POINT('',(-35.,-12.,8.));
#7639 = VECTOR('',#7640,1.);
#7640 = DIRECTION('',(-1.,0.,0.));
#7641 = PCURVE('',#3695,#7642);
#7642 = DEFINITIONAL_REPRESENTATION('',(#7643),#7647);
#7643 = LINE('',#7644,#7645);
#7644 = CARTESIAN_POINT('',(3.,3.));
#7645 = VECTOR('',#7646,1.);
#7646 = DIRECTION('',(-1.,0.));
#7647 = ( GEOMETRIC_REPRESENTATION_CONTEXT(2) 
PARAMETRIC_REPRESENTATION_CONTEXT() REPRESENTATION_CONTEXT('2D SPACE',''
  ) );
#7648 = PCURVE('',#7467,#7649);
#7649 = DEFINITIONAL_REPRESENTATION('',(#7650),#7654);
#7650 = LINE('',#7651,#7652);
#7651 = CARTESIAN_POINT('',(1.,-1.));
#7652 = VECTOR('',#7653,1.);
#7653 = DIRECTION('',(0.,-1.));
#7654 = ( GEOMETRIC_REPRESENTATION_CONTEXT(2) 
PARAMETRIC_REPRESENTATION_CONTEXT() REPRESENTATION_CONTEXT('2D SPACE',''
  ) );
#7655 = ORIENTED_EDGE('',*,*,#7656,.T.);
#7656 = EDGE_CURVE('',#7634,#7533,#7657,.T.);
#7657 = SURFACE_CURVE('',#7658,(#7663,#7670),.PCURVE_S1.);
#7658 = CIRCLE('',#7659,2.);
#7659 = AXIS2_PLACEMENT_3D('',#7660,#7661,#7662);
#7660 = CARTESIAN_POINT('',(32.,-10.,8.));
#7661 = DIRECTION('',(0.,0.,1.));
#7662 = DIRECTION('',(1.,0.,-0.));
#7663 = PCURVE('',#3695,#7664);
#7664 = DEFINITIONAL_REPRESENTATION('',(#7665),#7669);
#7665 = CIRCLE('',#7666,2.);
#7666 = AXIS2_PLACEMENT_2D('',#7667,#7668);
#7667 = CARTESIAN_POINT('',(70.,5.));
#7668 = DIRECTION('',(1.,0.));
#7669 = ( GEOMETRIC_REPRESENTATION_CONTEXT(2) 
PARAMETRIC_REPRESENTATION_CONTEXT() REPRESENTATION_CONTEXT('2D SPACE',''
  ) );
#7670 = PCURVE('',#7439,#7671);
#7671 = DEFINITIONAL_REPRESENTATION('',(#7672),#7676);
#7672 = LINE('',#7673,#7674);
#7673 = CARTESIAN_POINT('',(-6.28318530718,1.));
#7674 = VECTOR('',#7675,1.);
#7675 = DIRECTION('',(1.,-0.));
#7676 = ( GEOMETRIC_REPRESENTATION_CONTEXT(2) 
PARAMETRIC_REPRESENTATION_CONTEXT() REPRESENTATION_CONTEXT('2D SPACE',''
  ) );
#7677 = ORIENTED_EDGE('',*,*,#7555,.T.);
#7678 = ORIENTED_EDGE('',*,*,#3680,.T.);
#7679 = ORIENTED_EDGE('',*,*,#7680,.T.);
#7680 = EDGE_CURVE('',#3653,#7582,#7681,.T.);
#7681 = SURFACE_CURVE('',#7682,(#7686,#7692),.PCURVE_S1.);
#7682 = LINE('',#7683,#7684);
#7683 = CARTESIAN_POINT('',(27.,-11.25,8.));
#7684 = VECTOR('',#7685,1.);
#7685 = DIRECTION('',(0.,1.,0.));
#7686 = PCURVE('',#3695,#7687);
#7687 = DEFINITIONAL_REPRESENTATION('',(#7688),#7691);
#7688 = B_SPLINE_CURVE_WITH_KNOTS('',1,(#7689,#7690),.UNSPECIFIED.,.F.,
  .F.,(2,2),(3.75,18.75),.PIECEWISE_BEZIER_KNOTS.);
#7689 = CARTESIAN_POINT('',(65.,7.5));
#7690 = CARTESIAN_POINT('',(65.,22.5));
#7691 = ( GEOMETRIC_REPRESENTATION_CONTEXT(2) 
PARAMETRIC_REPRESENTATION_CONTEXT() REPRESENTATION_CONTEXT('2D SPACE',''
  ) );
#7692 = PCURVE('',#3668,#7693);
#7693 = DEFINITIONAL_REPRESENTATION('',(#7694),#7697);
#7694 = B_SPLINE_CURVE_WITH_KNOTS('',1,(#7695,#7696),.UNSPECIFIED.,.F.,
  .F.,(2,2),(3.75,18.75),.PIECEWISE_BEZIER_KNOTS.);
#7695 = CARTESIAN_POINT('',(8.75,0.));
#7696 = CARTESIAN_POINT('',(8.75,-15.));
#7697 = ( GEOMETRIC_REPRESENTATION_CONTEXT(2) 
PARAMETRIC_REPRESENTATION_CONTEXT() REPRESENTATION_CONTEXT('2D SPACE',''
  ) );
#7698 = ADVANCED_FACE('',(#7699,#7748),#3668,.T.);
#7699 = FACE_BOUND('',#7700,.T.);
#7700 = EDGE_LOOP('',(#7701,#7702,#7703,#7704,#7725,#7747));
#7701 = ORIENTED_EDGE('',*,*,#3652,.F.);
#7702 = ORIENTED_EDGE('',*,*,#7364,.T.);
#7703 = ORIENTED_EDGE('',*,*,#3805,.T.);
#7704 = ORIENTED_EDGE('',*,*,#7705,.F.);
#7705 = EDGE_CURVE('',#7706,#3806,#7708,.T.);
#7706 = VERTEX_POINT('',#7707);
#7707 = CARTESIAN_POINT('',(27.,2.487468592767,8.));
#7708 = SURFACE_CURVE('',#7709,(#7713,#7719),.PCURVE_S1.);
#7709 = LINE('',#7710,#7711);
#7710 = CARTESIAN_POINT('',(27.,-11.25,8.));
#7711 = VECTOR('',#7712,1.);
#7712 = DIRECTION('',(0.,1.,0.));
#7713 = PCURVE('',#3668,#7714);
#7714 = DEFINITIONAL_REPRESENTATION('',(#7715),#7718);
#7715 = B_SPLINE_CURVE_WITH_KNOTS('',1,(#7716,#7717),.UNSPECIFIED.,.F.,
  .F.,(2,2),(3.75,18.75),.PIECEWISE_BEZIER_KNOTS.);
#7716 = CARTESIAN_POINT('',(8.75,0.));
#7717 = CARTESIAN_POINT('',(8.75,-15.));
#7718 = ( GEOMETRIC_REPRESENTATION_CONTEXT(2) 
PARAMETRIC_REPRESENTATION_CONTEXT() REPRESENTATION_CONTEXT('2D SPACE',''
  ) );
#7719 = PCURVE('',#3843,#7720);
#7720 = DEFINITIONAL_REPRESENTATION('',(#7721),#7724);
#7721 = B_SPLINE_CURVE_WITH_KNOTS('',1,(#7722,#7723),.UNSPECIFIED.,.F.,
  .F.,(2,2),(3.75,18.75),.PIECEWISE_BEZIER_KNOTS.);
#7722 = CARTESIAN_POINT('',(65.,7.5));
#7723 = CARTESIAN_POINT('',(65.,22.5));
#7724 = ( GEOMETRIC_REPRESENTATION_CONTEXT(2) 
PARAMETRIC_REPRESENTATION_CONTEXT() REPRESENTATION_CONTEXT('2D SPACE',''
  ) );
#7725 = ORIENTED_EDGE('',*,*,#7726,.F.);
#7726 = EDGE_CURVE('',#7582,#7706,#7727,.T.);
#7727 = SURFACE_CURVE('',#7728,(#7733,#7740),.PCURVE_S1.);
#7728 = CIRCLE('',#7729,4.5);
#7729 = AXIS2_PLACEMENT_3D('',#7730,#7731,#7732);
#7730 = CARTESIAN_POINT('',(27.,0.,4.25));
#7731 = DIRECTION('',(1.,0.,0.));
#7732 = DIRECTION('',(-0.,0.,1.));
#7733 = PCURVE('',#3668,#7734);
#7734 = DEFINITIONAL_REPRESENTATION('',(#7735),#7739);
#7735 = CIRCLE('',#7736,4.5);
#7736 = AXIS2_PLACEMENT_2D('',#7737,#7738);
#7737 = CARTESIAN_POINT('',(5.,-7.5));
#7738 = DIRECTION('',(1.,0.));
#7739 = ( GEOMETRIC_REPRESENTATION_CONTEXT(2) 
PARAMETRIC_REPRESENTATION_CONTEXT() REPRESENTATION_CONTEXT('2D SPACE',''
  ) );
#7740 = PCURVE('',#7596,#7741);
#7741 = DEFINITIONAL_REPRESENTATION('',(#7742),#7746);
#7742 = LINE('',#7743,#7744);
#7743 = CARTESIAN_POINT('',(0.,3.5));
#7744 = VECTOR('',#7745,1.);
#7745 = DIRECTION('',(1.,0.));
#7746 = ( GEOMETRIC_REPRESENTATION_CONTEXT(2) 
PARAMETRIC_REPRESENTATION_CONTEXT() REPRESENTATION_CONTEXT('2D SPACE',''
  ) );
#7747 = ORIENTED_EDGE('',*,*,#7680,.F.);
#7748 = FACE_BOUND('',#7749,.T.);
#7749 = EDGE_LOOP('',(#7750,#7778,#7804,#7830));
#7750 = ORIENTED_EDGE('',*,*,#7751,.T.);
#7751 = EDGE_CURVE('',#7752,#7754,#7756,.T.);
#7752 = VERTEX_POINT('',#7753);
#7753 = CARTESIAN_POINT('',(27.,-3.75,-0.25));
#7754 = VERTEX_POINT('',#7755);
#7755 = CARTESIAN_POINT('',(27.,-6.25,-0.25));
#7756 = SURFACE_CURVE('',#7757,(#7761,#7767),.PCURVE_S1.);
#7757 = LINE('',#7758,#7759);
#7758 = CARTESIAN_POINT('',(27.,-6.875,-0.25));
#7759 = VECTOR('',#7760,1.);
#7760 = DIRECTION('',(0.,-1.,0.));
#7761 = PCURVE('',#3668,#7762);
#7762 = DEFINITIONAL_REPRESENTATION('',(#7763),#7766);
#7763 = B_SPLINE_CURVE_WITH_KNOTS('',1,(#7764,#7765),.UNSPECIFIED.,.F.,
  .F.,(2,2),(-3.125,-0.625),.PIECEWISE_BEZIER_KNOTS.);
#7764 = CARTESIAN_POINT('',(0.5,-3.75));
#7765 = CARTESIAN_POINT('',(0.5,-1.25));
#7766 = ( GEOMETRIC_REPRESENTATION_CONTEXT(2) 
PARAMETRIC_REPRESENTATION_CONTEXT() REPRESENTATION_CONTEXT('2D SPACE',''
  ) );
#7767 = PCURVE('',#7768,#7773);
#7768 = PLANE('',#7769);
#7769 = AXIS2_PLACEMENT_3D('',#7770,#7771,#7772);
#7770 = CARTESIAN_POINT('',(23.5,-6.25,-0.25));
#7771 = DIRECTION('',(0.,0.,1.));
#7772 = DIRECTION('',(1.,0.,0.));
#7773 = DEFINITIONAL_REPRESENTATION('',(#7774),#7777);
#7774 = B_SPLINE_CURVE_WITH_KNOTS('',1,(#7775,#7776),.UNSPECIFIED.,.F.,
  .F.,(2,2),(-3.125,-0.625),.PIECEWISE_BEZIER_KNOTS.);
#7775 = CARTESIAN_POINT('',(3.5,2.5));
#7776 = CARTESIAN_POINT('',(3.5,0.));
#7777 = ( GEOMETRIC_REPRESENTATION_CONTEXT(2) 
PARAMETRIC_REPRESENTATION_CONTEXT() REPRESENTATION_CONTEXT('2D SPACE',''
  ) );
#7778 = ORIENTED_EDGE('',*,*,#7779,.T.);
#7779 = EDGE_CURVE('',#7754,#7780,#7782,.T.);
#7780 = VERTEX_POINT('',#7781);
#7781 = CARTESIAN_POINT('',(27.,-6.25,1.75));
#7782 = SURFACE_CURVE('',#7783,(#7787,#7793),.PCURVE_S1.);
#7783 = LINE('',#7784,#7785);
#7784 = CARTESIAN_POINT('',(27.,-6.25,-0.5));
#7785 = VECTOR('',#7786,1.);
#7786 = DIRECTION('',(0.,0.,1.));
#7787 = PCURVE('',#3668,#7788);
#7788 = DEFINITIONAL_REPRESENTATION('',(#7789),#7792);
#7789 = B_SPLINE_CURVE_WITH_KNOTS('',1,(#7790,#7791),.UNSPECIFIED.,.F.,
  .F.,(2,2),(0.25,2.25),.PIECEWISE_BEZIER_KNOTS.);
#7790 = CARTESIAN_POINT('',(0.5,-1.25));
#7791 = CARTESIAN_POINT('',(2.5,-1.25));
#7792 = ( GEOMETRIC_REPRESENTATION_CONTEXT(2) 
PARAMETRIC_REPRESENTATION_CONTEXT() REPRESENTATION_CONTEXT('2D SPACE',''
  ) );
#7793 = PCURVE('',#7794,#7799);
#7794 = PLANE('',#7795);
#7795 = AXIS2_PLACEMENT_3D('',#7796,#7797,#7798);
#7796 = CARTESIAN_POINT('',(23.5,-6.25,-0.25));
#7797 = DIRECTION('',(0.,1.,0.));
#7798 = DIRECTION('',(0.,0.,1.));
#7799 = DEFINITIONAL_REPRESENTATION('',(#7800),#7803);
#7800 = B_SPLINE_CURVE_WITH_KNOTS('',1,(#7801,#7802),.UNSPECIFIED.,.F.,
  .F.,(2,2),(0.25,2.25),.PIECEWISE_BEZIER_KNOTS.);
#7801 = CARTESIAN_POINT('',(0.,3.5));
#7802 = CARTESIAN_POINT('',(2.,3.5));
#7803 = ( GEOMETRIC_REPRESENTATION_CONTEXT(2) 
PARAMETRIC_REPRESENTATION_CONTEXT() REPRESENTATION_CONTEXT('2D SPACE',''
  ) );
#7804 = ORIENTED_EDGE('',*,*,#7805,.F.);
#7805 = EDGE_CURVE('',#7806,#7780,#7808,.T.);
#7806 = VERTEX_POINT('',#7807);
#7807 = CARTESIAN_POINT('',(27.,-3.75,1.75));
#7808 = SURFACE_CURVE('',#7809,(#7813,#7819),.PCURVE_S1.);
#7809 = LINE('',#7810,#7811);
#7810 = CARTESIAN_POINT('',(27.,-6.875,1.75));
#7811 = VECTOR('',#7812,1.);
#7812 = DIRECTION('',(0.,-1.,0.));
#7813 = PCURVE('',#3668,#7814);
#7814 = DEFINITIONAL_REPRESENTATION('',(#7815),#7818);
#7815 = B_SPLINE_CURVE_WITH_KNOTS('',1,(#7816,#7817),.UNSPECIFIED.,.F.,
  .F.,(2,2),(-3.125,-0.625),.PIECEWISE_BEZIER_KNOTS.);
#7816 = CARTESIAN_POINT('',(2.5,-3.75));
#7817 = CARTESIAN_POINT('',(2.5,-1.25));
#7818 = ( GEOMETRIC_REPRESENTATION_CONTEXT(2) 
PARAMETRIC_REPRESENTATION_CONTEXT() REPRESENTATION_CONTEXT('2D SPACE',''
  ) );
#7819 = PCURVE('',#7820,#7825);
#7820 = PLANE('',#7821);
#7821 = AXIS2_PLACEMENT_3D('',#7822,#7823,#7824);
#7822 = CARTESIAN_POINT('',(23.5,-6.25,1.75));
#7823 = DIRECTION('',(0.,0.,1.));
#7824 = DIRECTION('',(1.,0.,0.));
#7825 = DEFINITIONAL_REPRESENTATION('',(#7826),#7829);
#7826 = B_SPLINE_CURVE_WITH_KNOTS('',1,(#7827,#7828),.UNSPECIFIED.,.F.,
  .F.,(2,2),(-3.125,-0.625),.PIECEWISE_BEZIER_KNOTS.);
#7827 = CARTESIAN_POINT('',(3.5,2.5));
#7828 = CARTESIAN_POINT('',(3.5,0.));
#7829 = ( GEOMETRIC_REPRESENTATION_CONTEXT(2) 
PARAMETRIC_REPRESENTATION_CONTEXT() REPRESENTATION_CONTEXT('2D SPACE',''
  ) );
#7830 = ORIENTED_EDGE('',*,*,#7831,.F.);
#7831 = EDGE_CURVE('',#7752,#7806,#7832,.T.);
#7832 = SURFACE_CURVE('',#7833,(#7837,#7843),.PCURVE_S1.);
#7833 = LINE('',#7834,#7835);
#7834 = CARTESIAN_POINT('',(27.,-3.75,-0.5));
#7835 = VECTOR('',#7836,1.);
#7836 = DIRECTION('',(0.,0.,1.));
#7837 = PCURVE('',#3668,#7838);
#7838 = DEFINITIONAL_REPRESENTATION('',(#7839),#7842);
#7839 = B_SPLINE_CURVE_WITH_KNOTS('',1,(#7840,#7841),.UNSPECIFIED.,.F.,
  .F.,(2,2),(0.25,2.25),.PIECEWISE_BEZIER_KNOTS.);
#7840 = CARTESIAN_POINT('',(0.5,-3.75));
#7841 = CARTESIAN_POINT('',(2.5,-3.75));
#7842 = ( GEOMETRIC_REPRESENTATION_CONTEXT(2) 
PARAMETRIC_REPRESENTATION_CONTEXT() REPRESENTATION_CONTEXT('2D SPACE',''
  ) );
#7843 = PCURVE('',#7844,#7849);
#7844 = PLANE('',#7845);
#7845 = AXIS2_PLACEMENT_3D('',#7846,#7847,#7848);
#7846 = CARTESIAN_POINT('',(23.5,-3.75,-0.25));
#7847 = DIRECTION('',(0.,1.,0.));
#7848 = DIRECTION('',(0.,0.,1.));
#7849 = DEFINITIONAL_REPRESENTATION('',(#7850),#7853);
#7850 = B_SPLINE_CURVE_WITH_KNOTS('',1,(#7851,#7852),.UNSPECIFIED.,.F.,
  .F.,(2,2),(0.25,2.25),.PIECEWISE_BEZIER_KNOTS.);
#7851 = CARTESIAN_POINT('',(0.,3.5));
#7852 = CARTESIAN_POINT('',(2.,3.5));
#7853 = ( GEOMETRIC_REPRESENTATION_CONTEXT(2) 
PARAMETRIC_REPRESENTATION_CONTEXT() REPRESENTATION_CONTEXT('2D SPACE',''
  ) );
#7854 = ADVANCED_FACE('',(#7855),#3895,.T.);
#7855 = FACE_BOUND('',#7856,.T.);
#7856 = EDGE_LOOP('',(#7857,#7858,#7859,#7860,#7861,#7862,#7863,#7864,
    #7885,#7914,#7942,#7971));
#7857 = ORIENTED_EDGE('',*,*,#3880,.F.);
#7858 = ORIENTED_EDGE('',*,*,#3978,.T.);
#7859 = ORIENTED_EDGE('',*,*,#4105,.T.);
#7860 = ORIENTED_EDGE('',*,*,#4204,.F.);
#7861 = ORIENTED_EDGE('',*,*,#4281,.F.);
#7862 = ORIENTED_EDGE('',*,*,#4380,.F.);
#7863 = ORIENTED_EDGE('',*,*,#4845,.F.);
#7864 = ORIENTED_EDGE('',*,*,#7865,.T.);
#7865 = EDGE_CURVE('',#4846,#7866,#7868,.T.);
#7866 = VERTEX_POINT('',#7867);
#7867 = CARTESIAN_POINT('',(-34.,10.,10.));
#7868 = SURFACE_CURVE('',#7869,(#7873,#7879),.PCURVE_S1.);
#7869 = LINE('',#7870,#7871);
#7870 = CARTESIAN_POINT('',(-34.,-13.,10.));
#7871 = VECTOR('',#7872,1.);
#7872 = DIRECTION('',(0.,1.,0.));
#7873 = PCURVE('',#3895,#7874);
#7874 = DEFINITIONAL_REPRESENTATION('',(#7875),#7878);
#7875 = B_SPLINE_CURVE_WITH_KNOTS('',1,(#7876,#7877),.UNSPECIFIED.,.F.,
  .F.,(2,2),(3.,23.),.PIECEWISE_BEZIER_KNOTS.);
#7876 = CARTESIAN_POINT('',(2.,4.));
#7877 = CARTESIAN_POINT('',(2.,24.));
#7878 = ( GEOMETRIC_REPRESENTATION_CONTEXT(2) 
PARAMETRIC_REPRESENTATION_CONTEXT() REPRESENTATION_CONTEXT('2D SPACE',''
  ) );
#7879 = PCURVE('',#4881,#7880);
#7880 = DEFINITIONAL_REPRESENTATION('',(#7881),#7884);
#7881 = B_SPLINE_CURVE_WITH_KNOTS('',1,(#7882,#7883),.UNSPECIFIED.,.F.,
  .F.,(2,2),(3.,23.),.PIECEWISE_BEZIER_KNOTS.);
#7882 = CARTESIAN_POINT('',(3.,-2.));
#7883 = CARTESIAN_POINT('',(3.,-22.));
#7884 = ( GEOMETRIC_REPRESENTATION_CONTEXT(2) 
PARAMETRIC_REPRESENTATION_CONTEXT() REPRESENTATION_CONTEXT('2D SPACE',''
  ) );
#7885 = ORIENTED_EDGE('',*,*,#7886,.F.);
#7886 = EDGE_CURVE('',#7887,#7866,#7889,.T.);
#7887 = VERTEX_POINT('',#7888);
#7888 = CARTESIAN_POINT('',(-32.,12.,10.));
#7889 = SURFACE_CURVE('',#7890,(#7895,#7902),.PCURVE_S1.);
#7890 = CIRCLE('',#7891,2.);
#7891 = AXIS2_PLACEMENT_3D('',#7892,#7893,#7894);
#7892 = CARTESIAN_POINT('',(-32.,10.,10.));
#7893 = DIRECTION('',(0.,0.,1.));
#7894 = DIRECTION('',(-1.,-0.,0.));
#7895 = PCURVE('',#3895,#7896);
#7896 = DEFINITIONAL_REPRESENTATION('',(#7897),#7901);
#7897 = CIRCLE('',#7898,2.);
#7898 = AXIS2_PLACEMENT_2D('',#7899,#7900);
#7899 = CARTESIAN_POINT('',(4.,24.));
#7900 = DIRECTION('',(-1.,0.));
#7901 = ( GEOMETRIC_REPRESENTATION_CONTEXT(2) 
PARAMETRIC_REPRESENTATION_CONTEXT() REPRESENTATION_CONTEXT('2D SPACE',''
  ) );
#7902 = PCURVE('',#7903,#7908);
#7903 = CYLINDRICAL_SURFACE('',#7904,2.);
#7904 = AXIS2_PLACEMENT_3D('',#7905,#7906,#7907);
#7905 = CARTESIAN_POINT('',(-32.,10.,7.));
#7906 = DIRECTION('',(0.,0.,1.));
#7907 = DIRECTION('',(-1.,-0.,0.));
#7908 = DEFINITIONAL_REPRESENTATION('',(#7909),#7913);
#7909 = LINE('',#7910,#7911);
#7910 = CARTESIAN_POINT('',(-6.28318530718,3.));
#7911 = VECTOR('',#7912,1.);
#7912 = DIRECTION('',(1.,-0.));
#7913 = ( GEOMETRIC_REPRESENTATION_CONTEXT(2) 
PARAMETRIC_REPRESENTATION_CONTEXT() REPRESENTATION_CONTEXT('2D SPACE',''
  ) );
#7914 = ORIENTED_EDGE('',*,*,#7915,.T.);
#7915 = EDGE_CURVE('',#7887,#7916,#7918,.T.);
#7916 = VERTEX_POINT('',#7917);
#7917 = CARTESIAN_POINT('',(32.,12.,10.));
#7918 = SURFACE_CURVE('',#7919,(#7923,#7930),.PCURVE_S1.);
#7919 = LINE('',#7920,#7921);
#7920 = CARTESIAN_POINT('',(-32.,12.,10.));
#7921 = VECTOR('',#7922,1.);
#7922 = DIRECTION('',(1.,0.,0.));
#7923 = PCURVE('',#3895,#7924);
#7924 = DEFINITIONAL_REPRESENTATION('',(#7925),#7929);
#7925 = LINE('',#7926,#7927);
#7926 = CARTESIAN_POINT('',(4.,26.));
#7927 = VECTOR('',#7928,1.);
#7928 = DIRECTION('',(1.,0.));
#7929 = ( GEOMETRIC_REPRESENTATION_CONTEXT(2) 
PARAMETRIC_REPRESENTATION_CONTEXT() REPRESENTATION_CONTEXT('2D SPACE',''
  ) );
#7930 = PCURVE('',#7931,#7936);
#7931 = PLANE('',#7932);
#7932 = AXIS2_PLACEMENT_3D('',#7933,#7934,#7935);
#7933 = CARTESIAN_POINT('',(-34.,12.,7.));
#7934 = DIRECTION('',(0.,1.,0.));
#7935 = DIRECTION('',(0.,0.,1.));
#7936 = DEFINITIONAL_REPRESENTATION('',(#7937),#7941);
#7937 = LINE('',#7938,#7939);
#7938 = CARTESIAN_POINT('',(3.,2.));
#7939 = VECTOR('',#7940,1.);
#7940 = DIRECTION('',(0.,1.));
#7941 = ( GEOMETRIC_REPRESENTATION_CONTEXT(2) 
PARAMETRIC_REPRESENTATION_CONTEXT() REPRESENTATION_CONTEXT('2D SPACE',''
  ) );
#7942 = ORIENTED_EDGE('',*,*,#7943,.F.);
#7943 = EDGE_CURVE('',#7944,#7916,#7946,.T.);
#7944 = VERTEX_POINT('',#7945);
#7945 = CARTESIAN_POINT('',(34.,10.,10.));
#7946 = SURFACE_CURVE('',#7947,(#7952,#7959),.PCURVE_S1.);
#7947 = CIRCLE('',#7948,2.);
#7948 = AXIS2_PLACEMENT_3D('',#7949,#7950,#7951);
#7949 = CARTESIAN_POINT('',(32.,10.,10.));
#7950 = DIRECTION('',(0.,0.,1.));
#7951 = DIRECTION('',(1.,0.,-0.));
#7952 = PCURVE('',#3895,#7953);
#7953 = DEFINITIONAL_REPRESENTATION('',(#7954),#7958);
#7954 = CIRCLE('',#7955,2.);
#7955 = AXIS2_PLACEMENT_2D('',#7956,#7957);
#7956 = CARTESIAN_POINT('',(68.,24.));
#7957 = DIRECTION('',(1.,0.));
#7958 = ( GEOMETRIC_REPRESENTATION_CONTEXT(2) 
PARAMETRIC_REPRESENTATION_CONTEXT() REPRESENTATION_CONTEXT('2D SPACE',''
  ) );
#7959 = PCURVE('',#7960,#7965);
#7960 = CYLINDRICAL_SURFACE('',#7961,2.);
#7961 = AXIS2_PLACEMENT_3D('',#7962,#7963,#7964);
#7962 = CARTESIAN_POINT('',(32.,10.,7.));
#7963 = DIRECTION('',(0.,0.,1.));
#7964 = DIRECTION('',(1.,0.,-0.));
#7965 = DEFINITIONAL_REPRESENTATION('',(#7966),#7970);
#7966 = LINE('',#7967,#7968);
#7967 = CARTESIAN_POINT('',(0.,3.));
#7968 = VECTOR('',#7969,1.);
#7969 = DIRECTION('',(1.,0.));
#7970 = ( GEOMETRIC_REPRESENTATION_CONTEXT(2) 
PARAMETRIC_REPRESENTATION_CONTEXT() REPRESENTATION_CONTEXT('2D SPACE',''
  ) );
#7971 = ORIENTED_EDGE('',*,*,#7972,.F.);
#7972 = EDGE_CURVE('',#3855,#7944,#7973,.T.);
#7973 = SURFACE_CURVE('',#7974,(#7978,#7984),.PCURVE_S1.);
#7974 = LINE('',#7975,#7976);
#7975 = CARTESIAN_POINT('',(34.,-13.,10.));
#7976 = VECTOR('',#7977,1.);
#7977 = DIRECTION('',(0.,1.,0.));
#7978 = PCURVE('',#3895,#7979);
#7979 = DEFINITIONAL_REPRESENTATION('',(#7980),#7983);
#7980 = B_SPLINE_CURVE_WITH_KNOTS('',1,(#7981,#7982),.UNSPECIFIED.,.F.,
  .F.,(2,2),(3.,23.),.PIECEWISE_BEZIER_KNOTS.);
#7981 = CARTESIAN_POINT('',(70.,4.));
#7982 = CARTESIAN_POINT('',(70.,24.));
#7983 = ( GEOMETRIC_REPRESENTATION_CONTEXT(2) 
PARAMETRIC_REPRESENTATION_CONTEXT() REPRESENTATION_CONTEXT('2D SPACE',''
  ) );
#7984 = PCURVE('',#3869,#7985);
#7985 = DEFINITIONAL_REPRESENTATION('',(#7986),#7989);
#7986 = B_SPLINE_CURVE_WITH_KNOTS('',1,(#7987,#7988),.UNSPECIFIED.,.F.,
  .F.,(2,2),(3.,23.),.PIECEWISE_BEZIER_KNOTS.);
#7987 = CARTESIAN_POINT('',(3.,-2.));
#7988 = CARTESIAN_POINT('',(3.,-22.));
#7989 = ( GEOMETRIC_REPRESENTATION_CONTEXT(2) 
PARAMETRIC_REPRESENTATION_CONTEXT() REPRESENTATION_CONTEXT('2D SPACE',''
  ) );
#7990 = ADVANCED_FACE('',(#7991),#3869,.F.);
#7991 = FACE_BOUND('',#7992,.F.);
#7992 = EDGE_LOOP('',(#7993,#7994,#7995,#8017));
#7993 = ORIENTED_EDGE('',*,*,#7972,.F.);
#7994 = ORIENTED_EDGE('',*,*,#3854,.F.);
#7995 = ORIENTED_EDGE('',*,*,#7996,.T.);
#7996 = EDGE_CURVE('',#3829,#7997,#7999,.T.);
#7997 = VERTEX_POINT('',#7998);
#7998 = CARTESIAN_POINT('',(34.,10.,8.));
#7999 = SURFACE_CURVE('',#8000,(#8004,#8010),.PCURVE_S1.);
#8000 = LINE('',#8001,#8002);
#8001 = CARTESIAN_POINT('',(34.,-13.,8.));
#8002 = VECTOR('',#8003,1.);
#8003 = DIRECTION('',(0.,1.,0.));
#8004 = PCURVE('',#3869,#8005);
#8005 = DEFINITIONAL_REPRESENTATION('',(#8006),#8009);
#8006 = B_SPLINE_CURVE_WITH_KNOTS('',1,(#8007,#8008),.UNSPECIFIED.,.F.,
  .F.,(2,2),(3.,23.),.PIECEWISE_BEZIER_KNOTS.);
#8007 = CARTESIAN_POINT('',(1.,-2.));
#8008 = CARTESIAN_POINT('',(1.,-22.));
#8009 = ( GEOMETRIC_REPRESENTATION_CONTEXT(2) 
PARAMETRIC_REPRESENTATION_CONTEXT() REPRESENTATION_CONTEXT('2D SPACE',''
  ) );
#8010 = PCURVE('',#3843,#8011);
#8011 = DEFINITIONAL_REPRESENTATION('',(#8012),#8016);
#8012 = LINE('',#8013,#8014);
#8013 = CARTESIAN_POINT('',(72.,2.));
#8014 = VECTOR('',#8015,1.);
#8015 = DIRECTION('',(0.,1.));
#8016 = ( GEOMETRIC_REPRESENTATION_CONTEXT(2) 
PARAMETRIC_REPRESENTATION_CONTEXT() REPRESENTATION_CONTEXT('2D SPACE',''
  ) );
#8017 = ORIENTED_EDGE('',*,*,#8018,.T.);
#8018 = EDGE_CURVE('',#7997,#7944,#8019,.T.);
#8019 = SURFACE_CURVE('',#8020,(#8024,#8031),.PCURVE_S1.);
#8020 = LINE('',#8021,#8022);
#8021 = CARTESIAN_POINT('',(34.,10.,7.));
#8022 = VECTOR('',#8023,1.);
#8023 = DIRECTION('',(0.,0.,1.));
#8024 = PCURVE('',#3869,#8025);
#8025 = DEFINITIONAL_REPRESENTATION('',(#8026),#8030);
#8026 = LINE('',#8027,#8028);
#8027 = CARTESIAN_POINT('',(0.,-22.));
#8028 = VECTOR('',#8029,1.);
#8029 = DIRECTION('',(1.,0.));
#8030 = ( GEOMETRIC_REPRESENTATION_CONTEXT(2) 
PARAMETRIC_REPRESENTATION_CONTEXT() REPRESENTATION_CONTEXT('2D SPACE',''
  ) );
#8031 = PCURVE('',#7960,#8032);
#8032 = DEFINITIONAL_REPRESENTATION('',(#8033),#8037);
#8033 = LINE('',#8034,#8035);
#8034 = CARTESIAN_POINT('',(0.,0.));
#8035 = VECTOR('',#8036,1.);
#8036 = DIRECTION('',(0.,1.));
#8037 = ( GEOMETRIC_REPRESENTATION_CONTEXT(2) 
PARAMETRIC_REPRESENTATION_CONTEXT() REPRESENTATION_CONTEXT('2D SPACE',''
  ) );
#8038 = ADVANCED_FACE('',(#8039),#3843,.T.);
#8039 = FACE_BOUND('',#8040,.T.);
#8040 = EDGE_LOOP('',(#8041,#8065,#8088,#8114,#8133,#8134,#8135));
#8041 = ORIENTED_EDGE('',*,*,#8042,.T.);
#8042 = EDGE_CURVE('',#7997,#8043,#8045,.T.);
#8043 = VERTEX_POINT('',#8044);
#8044 = CARTESIAN_POINT('',(32.,12.,8.));
#8045 = SURFACE_CURVE('',#8046,(#8051,#8058),.PCURVE_S1.);
#8046 = CIRCLE('',#8047,2.);
#8047 = AXIS2_PLACEMENT_3D('',#8048,#8049,#8050);
#8048 = CARTESIAN_POINT('',(32.,10.,8.));
#8049 = DIRECTION('',(0.,0.,1.));
#8050 = DIRECTION('',(1.,0.,-0.));
#8051 = PCURVE('',#3843,#8052);
#8052 = DEFINITIONAL_REPRESENTATION('',(#8053),#8057);
#8053 = CIRCLE('',#8054,2.);
#8054 = AXIS2_PLACEMENT_2D('',#8055,#8056);
#8055 = CARTESIAN_POINT('',(70.,25.));
#8056 = DIRECTION('',(1.,0.));
#8057 = ( GEOMETRIC_REPRESENTATION_CONTEXT(2) 
PARAMETRIC_REPRESENTATION_CONTEXT() REPRESENTATION_CONTEXT('2D SPACE',''
  ) );
#8058 = PCURVE('',#7960,#8059);
#8059 = DEFINITIONAL_REPRESENTATION('',(#8060),#8064);
#8060 = LINE('',#8061,#8062);
#8061 = CARTESIAN_POINT('',(0.,1.));
#8062 = VECTOR('',#8063,1.);
#8063 = DIRECTION('',(1.,0.));
#8064 = ( GEOMETRIC_REPRESENTATION_CONTEXT(2) 
PARAMETRIC_REPRESENTATION_CONTEXT() REPRESENTATION_CONTEXT('2D SPACE',''
  ) );
#8065 = ORIENTED_EDGE('',*,*,#8066,.T.);
#8066 = EDGE_CURVE('',#8043,#8067,#8069,.T.);
#8067 = VERTEX_POINT('',#8068);
#8068 = CARTESIAN_POINT('',(25.,12.,8.));
#8069 = SURFACE_CURVE('',#8070,(#8074,#8081),.PCURVE_S1.);
#8070 = LINE('',#8071,#8072);
#8071 = CARTESIAN_POINT('',(-35.,12.,8.));
#8072 = VECTOR('',#8073,1.);
#8073 = DIRECTION('',(-1.,0.,0.));
#8074 = PCURVE('',#3843,#8075);
#8075 = DEFINITIONAL_REPRESENTATION('',(#8076),#8080);
#8076 = LINE('',#8077,#8078);
#8077 = CARTESIAN_POINT('',(3.,27.));
#8078 = VECTOR('',#8079,1.);
#8079 = DIRECTION('',(-1.,0.));
#8080 = ( GEOMETRIC_REPRESENTATION_CONTEXT(2) 
PARAMETRIC_REPRESENTATION_CONTEXT() REPRESENTATION_CONTEXT('2D SPACE',''
  ) );
#8081 = PCURVE('',#7931,#8082);
#8082 = DEFINITIONAL_REPRESENTATION('',(#8083),#8087);
#8083 = LINE('',#8084,#8085);
#8084 = CARTESIAN_POINT('',(1.,-1.));
#8085 = VECTOR('',#8086,1.);
#8086 = DIRECTION('',(0.,-1.));
#8087 = ( GEOMETRIC_REPRESENTATION_CONTEXT(2) 
PARAMETRIC_REPRESENTATION_CONTEXT() REPRESENTATION_CONTEXT('2D SPACE',''
  ) );
#8088 = ORIENTED_EDGE('',*,*,#8089,.T.);
#8089 = EDGE_CURVE('',#8067,#8090,#8092,.T.);
#8090 = VERTEX_POINT('',#8091);
#8091 = CARTESIAN_POINT('',(25.,2.487468592767,8.));
#8092 = SURFACE_CURVE('',#8093,(#8097,#8103),.PCURVE_S1.);
#8093 = LINE('',#8094,#8095);
#8094 = CARTESIAN_POINT('',(25.,-7.5,8.));
#8095 = VECTOR('',#8096,1.);
#8096 = DIRECTION('',(0.,-1.,0.));
#8097 = PCURVE('',#3843,#8098);
#8098 = DEFINITIONAL_REPRESENTATION('',(#8099),#8102);
#8099 = B_SPLINE_CURVE_WITH_KNOTS('',1,(#8100,#8101),.UNSPECIFIED.,.F.,
  .F.,(2,2),(-19.5,4.5),.PIECEWISE_BEZIER_KNOTS.);
#8100 = CARTESIAN_POINT('',(63.,27.));
#8101 = CARTESIAN_POINT('',(63.,3.));
#8102 = ( GEOMETRIC_REPRESENTATION_CONTEXT(2) 
PARAMETRIC_REPRESENTATION_CONTEXT() REPRESENTATION_CONTEXT('2D SPACE',''
  ) );
#8103 = PCURVE('',#8104,#8109);
#8104 = PLANE('',#8105);
#8105 = AXIS2_PLACEMENT_3D('',#8106,#8107,#8108);
#8106 = CARTESIAN_POINT('',(25.,0.,0.));
#8107 = DIRECTION('',(-1.,0.,0.));
#8108 = DIRECTION('',(0.,0.,1.));
#8109 = DEFINITIONAL_REPRESENTATION('',(#8110),#8113);
#8110 = B_SPLINE_CURVE_WITH_KNOTS('',1,(#8111,#8112),.UNSPECIFIED.,.F.,
  .F.,(2,2),(-19.5,4.5),.PIECEWISE_BEZIER_KNOTS.);
#8111 = CARTESIAN_POINT('',(8.,12.));
#8112 = CARTESIAN_POINT('',(8.,-12.));
#8113 = ( GEOMETRIC_REPRESENTATION_CONTEXT(2) 
PARAMETRIC_REPRESENTATION_CONTEXT() REPRESENTATION_CONTEXT('2D SPACE',''
  ) );
#8114 = ORIENTED_EDGE('',*,*,#8115,.T.);
#8115 = EDGE_CURVE('',#8090,#7706,#8116,.T.);
#8116 = SURFACE_CURVE('',#8117,(#8121,#8127),.PCURVE_S1.);
#8117 = LINE('',#8118,#8119);
#8118 = CARTESIAN_POINT('',(23.5,2.487468592767,8.));
#8119 = VECTOR('',#8120,1.);
#8120 = DIRECTION('',(1.,0.,0.));
#8121 = PCURVE('',#3843,#8122);
#8122 = DEFINITIONAL_REPRESENTATION('',(#8123),#8126);
#8123 = B_SPLINE_CURVE_WITH_KNOTS('',1,(#8124,#8125),.UNSPECIFIED.,.F.,
  .F.,(2,2),(0.6,9.5000006),.PIECEWISE_BEZIER_KNOTS.);
#8124 = CARTESIAN_POINT('',(62.1,17.487468592767));
#8125 = CARTESIAN_POINT('',(71.0000006,17.487468592767));
#8126 = ( GEOMETRIC_REPRESENTATION_CONTEXT(2) 
PARAMETRIC_REPRESENTATION_CONTEXT() REPRESENTATION_CONTEXT('2D SPACE',''
  ) );
#8127 = PCURVE('',#7596,#8128);
#8128 = DEFINITIONAL_REPRESENTATION('',(#8129),#8132);
#8129 = B_SPLINE_CURVE_WITH_KNOTS('',1,(#8130,#8131),.UNSPECIFIED.,.F.,
  .F.,(2,2),(0.6,9.5000006),.PIECEWISE_BEZIER_KNOTS.);
#8130 = CARTESIAN_POINT('',(5.697499763722,0.6));
#8131 = CARTESIAN_POINT('',(5.697499763722,9.5000006));
#8132 = ( GEOMETRIC_REPRESENTATION_CONTEXT(2) 
PARAMETRIC_REPRESENTATION_CONTEXT() REPRESENTATION_CONTEXT('2D SPACE',''
  ) );
#8133 = ORIENTED_EDGE('',*,*,#7705,.T.);
#8134 = ORIENTED_EDGE('',*,*,#3828,.F.);
#8135 = ORIENTED_EDGE('',*,*,#7996,.T.);
#8136 = ADVANCED_FACE('',(#8137,#8248),#4445,.F.);
#8137 = FACE_BOUND('',#8138,.F.);
#8138 = EDGE_LOOP('',(#8139,#8140,#8161,#8162,#8181,#8182,#8203,#8229));
#8139 = ORIENTED_EDGE('',*,*,#4427,.F.);
#8140 = ORIENTED_EDGE('',*,*,#8141,.T.);
#8141 = EDGE_CURVE('',#4428,#4684,#8142,.T.);
#8142 = SURFACE_CURVE('',#8143,(#8147,#8154),.PCURVE_S1.);
#8143 = LINE('',#8144,#8145);
#8144 = CARTESIAN_POINT('',(-27.,-5.3,-0.75));
#8145 = VECTOR('',#8146,1.);
#8146 = DIRECTION('',(0.,1.,0.));
#8147 = PCURVE('',#4445,#8148);
#8148 = DEFINITIONAL_REPRESENTATION('',(#8149),#8153);
#8149 = LINE('',#8150,#8151);
#8150 = CARTESIAN_POINT('',(0.,0.));
#8151 = VECTOR('',#8152,1.);
#8152 = DIRECTION('',(0.,-1.));
#8153 = ( GEOMETRIC_REPRESENTATION_CONTEXT(2) 
PARAMETRIC_REPRESENTATION_CONTEXT() REPRESENTATION_CONTEXT('2D SPACE',''
  ) );
#8154 = PCURVE('',#4473,#8155);
#8155 = DEFINITIONAL_REPRESENTATION('',(#8156),#8160);
#8156 = LINE('',#8157,#8158);
#8157 = CARTESIAN_POINT('',(10.,0.));
#8158 = VECTOR('',#8159,1.);
#8159 = DIRECTION('',(0.,1.));
#8160 = ( GEOMETRIC_REPRESENTATION_CONTEXT(2) 
PARAMETRIC_REPRESENTATION_CONTEXT() REPRESENTATION_CONTEXT('2D SPACE',''
  ) );
#8161 = ORIENTED_EDGE('',*,*,#4683,.T.);
#8162 = ORIENTED_EDGE('',*,*,#8163,.F.);
#8163 = EDGE_CURVE('',#4556,#4686,#8164,.T.);
#8164 = SURFACE_CURVE('',#8165,(#8169,#8175),.PCURVE_S1.);
#8165 = LINE('',#8166,#8167);
#8166 = CARTESIAN_POINT('',(-27.,-10.15,8.));
#8167 = VECTOR('',#8168,1.);
#8168 = DIRECTION('',(0.,1.,0.));
#8169 = PCURVE('',#4445,#8170);
#8170 = DEFINITIONAL_REPRESENTATION('',(#8171),#8174);
#8171 = B_SPLINE_CURVE_WITH_KNOTS('',1,(#8172,#8173),.UNSPECIFIED.,.F.,
  .F.,(2,2),(4.85,15.45),.PIECEWISE_BEZIER_KNOTS.);
#8172 = CARTESIAN_POINT('',(8.75,0.));
#8173 = CARTESIAN_POINT('',(8.75,-10.6));
#8174 = ( GEOMETRIC_REPRESENTATION_CONTEXT(2) 
PARAMETRIC_REPRESENTATION_CONTEXT() REPRESENTATION_CONTEXT('2D SPACE',''
  ) );
#8175 = PCURVE('',#4570,#8176);
#8176 = DEFINITIONAL_REPRESENTATION('',(#8177),#8180);
#8177 = B_SPLINE_CURVE_WITH_KNOTS('',1,(#8178,#8179),.UNSPECIFIED.,.F.,
  .F.,(2,2),(4.85,15.45),.PIECEWISE_BEZIER_KNOTS.);
#8178 = CARTESIAN_POINT('',(11.,9.7));
#8179 = CARTESIAN_POINT('',(11.,20.3));
#8180 = ( GEOMETRIC_REPRESENTATION_CONTEXT(2) 
PARAMETRIC_REPRESENTATION_CONTEXT() REPRESENTATION_CONTEXT('2D SPACE',''
  ) );
#8181 = ORIENTED_EDGE('',*,*,#4581,.F.);
#8182 = ORIENTED_EDGE('',*,*,#8183,.F.);
#8183 = EDGE_CURVE('',#8184,#4582,#8186,.T.);
#8184 = VERTEX_POINT('',#8185);
#8185 = CARTESIAN_POINT('',(-27.,-3.75,1.75));
#8186 = SURFACE_CURVE('',#8187,(#8191,#8197),.PCURVE_S1.);
#8187 = LINE('',#8188,#8189);
#8188 = CARTESIAN_POINT('',(-27.,-5.775,1.75));
#8189 = VECTOR('',#8190,1.);
#8190 = DIRECTION('',(0.,-1.,0.));
#8191 = PCURVE('',#4445,#8192);
#8192 = DEFINITIONAL_REPRESENTATION('',(#8193),#8196);
#8193 = B_SPLINE_CURVE_WITH_KNOTS('',1,(#8194,#8195),.UNSPECIFIED.,.F.,
  .F.,(2,2),(-2.025,-0.475),.PIECEWISE_BEZIER_KNOTS.);
#8194 = CARTESIAN_POINT('',(2.5,-1.55));
#8195 = CARTESIAN_POINT('',(2.5,0.));
#8196 = ( GEOMETRIC_REPRESENTATION_CONTEXT(2) 
PARAMETRIC_REPRESENTATION_CONTEXT() REPRESENTATION_CONTEXT('2D SPACE',''
  ) );
#8197 = PCURVE('',#4619,#8198);
#8198 = DEFINITIONAL_REPRESENTATION('',(#8199),#8202);
#8199 = B_SPLINE_CURVE_WITH_KNOTS('',1,(#8200,#8201),.UNSPECIFIED.,.F.,
  .F.,(2,2),(-2.025,-0.475),.PIECEWISE_BEZIER_KNOTS.);
#8200 = CARTESIAN_POINT('',(1.5,2.5));
#8201 = CARTESIAN_POINT('',(1.5,0.95));
#8202 = ( GEOMETRIC_REPRESENTATION_CONTEXT(2) 
PARAMETRIC_REPRESENTATION_CONTEXT() REPRESENTATION_CONTEXT('2D SPACE',''
  ) );
#8203 = ORIENTED_EDGE('',*,*,#8204,.F.);
#8204 = EDGE_CURVE('',#8205,#8184,#8207,.T.);
#8205 = VERTEX_POINT('',#8206);
#8206 = CARTESIAN_POINT('',(-27.,-3.75,-0.25));
#8207 = SURFACE_CURVE('',#8208,(#8212,#8218),.PCURVE_S1.);
#8208 = LINE('',#8209,#8210);
#8209 = CARTESIAN_POINT('',(-27.,-3.75,-0.5));
#8210 = VECTOR('',#8211,1.);
#8211 = DIRECTION('',(0.,0.,1.));
#8212 = PCURVE('',#4445,#8213);
#8213 = DEFINITIONAL_REPRESENTATION('',(#8214),#8217);
#8214 = B_SPLINE_CURVE_WITH_KNOTS('',1,(#8215,#8216),.UNSPECIFIED.,.F.,
  .F.,(2,2),(0.25,2.25),.PIECEWISE_BEZIER_KNOTS.);
#8215 = CARTESIAN_POINT('',(0.5,-1.55));
#8216 = CARTESIAN_POINT('',(2.5,-1.55));
#8217 = ( GEOMETRIC_REPRESENTATION_CONTEXT(2) 
PARAMETRIC_REPRESENTATION_CONTEXT() REPRESENTATION_CONTEXT('2D SPACE',''
  ) );
#8218 = PCURVE('',#8219,#8224);
#8219 = PLANE('',#8220);
#8220 = AXIS2_PLACEMENT_3D('',#8221,#8222,#8223);
#8221 = CARTESIAN_POINT('',(-28.5,-3.75,-0.25));
#8222 = DIRECTION('',(0.,1.,0.));
#8223 = DIRECTION('',(0.,0.,1.));
#8224 = DEFINITIONAL_REPRESENTATION('',(#8225),#8228);
#8225 = B_SPLINE_CURVE_WITH_KNOTS('',1,(#8226,#8227),.UNSPECIFIED.,.F.,
  .F.,(2,2),(0.25,2.25),.PIECEWISE_BEZIER_KNOTS.);
#8226 = CARTESIAN_POINT('',(0.,1.5));
#8227 = CARTESIAN_POINT('',(2.,1.5));
#8228 = ( GEOMETRIC_REPRESENTATION_CONTEXT(2) 
PARAMETRIC_REPRESENTATION_CONTEXT() REPRESENTATION_CONTEXT('2D SPACE',''
  ) );
#8229 = ORIENTED_EDGE('',*,*,#8230,.T.);
#8230 = EDGE_CURVE('',#8205,#4430,#8231,.T.);
#8231 = SURFACE_CURVE('',#8232,(#8236,#8242),.PCURVE_S1.);
#8232 = LINE('',#8233,#8234);
#8233 = CARTESIAN_POINT('',(-27.,-5.775,-0.25));
#8234 = VECTOR('',#8235,1.);
#8235 = DIRECTION('',(0.,-1.,0.));
#8236 = PCURVE('',#4445,#8237);
#8237 = DEFINITIONAL_REPRESENTATION('',(#8238),#8241);
#8238 = B_SPLINE_CURVE_WITH_KNOTS('',1,(#8239,#8240),.UNSPECIFIED.,.F.,
  .F.,(2,2),(-2.025,-0.475),.PIECEWISE_BEZIER_KNOTS.);
#8239 = CARTESIAN_POINT('',(0.5,-1.55));
#8240 = CARTESIAN_POINT('',(0.5,0.));
#8241 = ( GEOMETRIC_REPRESENTATION_CONTEXT(2) 
PARAMETRIC_REPRESENTATION_CONTEXT() REPRESENTATION_CONTEXT('2D SPACE',''
  ) );
#8242 = PCURVE('',#4669,#8243);
#8243 = DEFINITIONAL_REPRESENTATION('',(#8244),#8247);
#8244 = B_SPLINE_CURVE_WITH_KNOTS('',1,(#8245,#8246),.UNSPECIFIED.,.F.,
  .F.,(2,2),(-2.025,-0.475),.PIECEWISE_BEZIER_KNOTS.);
#8245 = CARTESIAN_POINT('',(1.5,2.5));
#8246 = CARTESIAN_POINT('',(1.5,0.95));
#8247 = ( GEOMETRIC_REPRESENTATION_CONTEXT(2) 
PARAMETRIC_REPRESENTATION_CONTEXT() REPRESENTATION_CONTEXT('2D SPACE',''
  ) );
#8248 = FACE_BOUND('',#8249,.F.);
#8249 = EDGE_LOOP('',(#8250));
#8250 = ORIENTED_EDGE('',*,*,#8251,.T.);
#8251 = EDGE_CURVE('',#8252,#8252,#8254,.T.);
#8252 = VERTEX_POINT('',#8253);
#8253 = CARTESIAN_POINT('',(-27.,5.633375276078E-16,1.95));
#8254 = SURFACE_CURVE('',#8255,(#8260,#8271),.PCURVE_S1.);
#8255 = CIRCLE('',#8256,2.3);
#8256 = AXIS2_PLACEMENT_3D('',#8257,#8258,#8259);
#8257 = CARTESIAN_POINT('',(-27.,0.,4.25));
#8258 = DIRECTION('',(-1.,0.,0.));
#8259 = DIRECTION('',(0.,0.,-1.));
#8260 = PCURVE('',#4445,#8261);
#8261 = DEFINITIONAL_REPRESENTATION('',(#8262),#8270);
#8262 = ( BOUNDED_CURVE() B_SPLINE_CURVE(2,(#8263,#8264,#8265,#8266,
#8267,#8268,#8269),.UNSPECIFIED.,.T.,.F.) B_SPLINE_CURVE_WITH_KNOTS((1,2
    ,2,2,2,1),(-2.094395102393,0.,2.094395102393,4.188790204786,
6.28318530718,8.377580409573),.UNSPECIFIED.) CURVE() 
GEOMETRIC_REPRESENTATION_ITEM() RATIONAL_B_SPLINE_CURVE((1.,0.5,1.,0.5,
1.,0.5,1.)) REPRESENTATION_ITEM('') );
#8263 = CARTESIAN_POINT('',(2.7,-5.3));
#8264 = CARTESIAN_POINT('',(2.7,-1.316283142592));
#8265 = CARTESIAN_POINT('',(6.15,-3.308141571296));
#8266 = CARTESIAN_POINT('',(9.6,-5.3));
#8267 = CARTESIAN_POINT('',(6.15,-7.291858428704));
#8268 = CARTESIAN_POINT('',(2.7,-9.283716857408));
#8269 = CARTESIAN_POINT('',(2.7,-5.3));
#8270 = ( GEOMETRIC_REPRESENTATION_CONTEXT(2) 
PARAMETRIC_REPRESENTATION_CONTEXT() REPRESENTATION_CONTEXT('2D SPACE',''
  ) );
#8271 = PCURVE('',#8272,#8277);
#8272 = CYLINDRICAL_SURFACE('',#8273,2.3);
#8273 = AXIS2_PLACEMENT_3D('',#8274,#8275,#8276);
#8274 = CARTESIAN_POINT('',(-23.5,0.,4.25));
#8275 = DIRECTION('',(-1.,0.,0.));
#8276 = DIRECTION('',(0.,0.,-1.));
#8277 = DEFINITIONAL_REPRESENTATION('',(#8278),#8282);
#8278 = LINE('',#8279,#8280);
#8279 = CARTESIAN_POINT('',(0.,3.5));
#8280 = VECTOR('',#8281,1.);
#8281 = DIRECTION('',(1.,0.));
#8282 = ( GEOMETRIC_REPRESENTATION_CONTEXT(2) 
PARAMETRIC_REPRESENTATION_CONTEXT() REPRESENTATION_CONTEXT('2D SPACE',''
  ) );
#8283 = ADVANCED_FACE('',(#8284),#4669,.T.);
#8284 = FACE_BOUND('',#8285,.T.);
#8285 = EDGE_LOOP('',(#8286,#8309,#8337,#8365,#8386,#8387));
#8286 = ORIENTED_EDGE('',*,*,#8287,.F.);
#8287 = EDGE_CURVE('',#8288,#4631,#8290,.T.);
#8288 = VERTEX_POINT('',#8289);
#8289 = CARTESIAN_POINT('',(-28.5,-6.25,-0.25));
#8290 = SURFACE_CURVE('',#8291,(#8295,#8302),.PCURVE_S1.);
#8291 = LINE('',#8292,#8293);
#8292 = CARTESIAN_POINT('',(-28.5,-6.25,-0.25));
#8293 = VECTOR('',#8294,1.);
#8294 = DIRECTION('',(0.,1.,0.));
#8295 = PCURVE('',#4669,#8296);
#8296 = DEFINITIONAL_REPRESENTATION('',(#8297),#8301);
#8297 = LINE('',#8298,#8299);
#8298 = CARTESIAN_POINT('',(0.,0.));
#8299 = VECTOR('',#8300,1.);
#8300 = DIRECTION('',(0.,1.));
#8301 = ( GEOMETRIC_REPRESENTATION_CONTEXT(2) 
PARAMETRIC_REPRESENTATION_CONTEXT() REPRESENTATION_CONTEXT('2D SPACE',''
  ) );
#8302 = PCURVE('',#4645,#8303);
#8303 = DEFINITIONAL_REPRESENTATION('',(#8304),#8308);
#8304 = LINE('',#8305,#8306);
#8305 = CARTESIAN_POINT('',(0.,0.));
#8306 = VECTOR('',#8307,1.);
#8307 = DIRECTION('',(0.,-1.));
#8308 = ( GEOMETRIC_REPRESENTATION_CONTEXT(2) 
PARAMETRIC_REPRESENTATION_CONTEXT() REPRESENTATION_CONTEXT('2D SPACE',''
  ) );
#8309 = ORIENTED_EDGE('',*,*,#8310,.T.);
#8310 = EDGE_CURVE('',#8288,#8311,#8313,.T.);
#8311 = VERTEX_POINT('',#8312);
#8312 = CARTESIAN_POINT('',(-23.5,-6.25,-0.25));
#8313 = SURFACE_CURVE('',#8314,(#8318,#8325),.PCURVE_S1.);
#8314 = LINE('',#8315,#8316);
#8315 = CARTESIAN_POINT('',(-28.5,-6.25,-0.25));
#8316 = VECTOR('',#8317,1.);
#8317 = DIRECTION('',(1.,0.,0.));
#8318 = PCURVE('',#4669,#8319);
#8319 = DEFINITIONAL_REPRESENTATION('',(#8320),#8324);
#8320 = LINE('',#8321,#8322);
#8321 = CARTESIAN_POINT('',(0.,0.));
#8322 = VECTOR('',#8323,1.);
#8323 = DIRECTION('',(1.,0.));
#8324 = ( GEOMETRIC_REPRESENTATION_CONTEXT(2) 
PARAMETRIC_REPRESENTATION_CONTEXT() REPRESENTATION_CONTEXT('2D SPACE',''
  ) );
#8325 = PCURVE('',#8326,#8331);
#8326 = PLANE('',#8327);
#8327 = AXIS2_PLACEMENT_3D('',#8328,#8329,#8330);
#8328 = CARTESIAN_POINT('',(-28.5,-6.25,-0.25));
#8329 = DIRECTION('',(0.,1.,0.));
#8330 = DIRECTION('',(0.,0.,1.));
#8331 = DEFINITIONAL_REPRESENTATION('',(#8332),#8336);
#8332 = LINE('',#8333,#8334);
#8333 = CARTESIAN_POINT('',(0.,0.));
#8334 = VECTOR('',#8335,1.);
#8335 = DIRECTION('',(0.,1.));
#8336 = ( GEOMETRIC_REPRESENTATION_CONTEXT(2) 
PARAMETRIC_REPRESENTATION_CONTEXT() REPRESENTATION_CONTEXT('2D SPACE',''
  ) );
#8337 = ORIENTED_EDGE('',*,*,#8338,.T.);
#8338 = EDGE_CURVE('',#8311,#8339,#8341,.T.);
#8339 = VERTEX_POINT('',#8340);
#8340 = CARTESIAN_POINT('',(-23.5,-3.75,-0.25));
#8341 = SURFACE_CURVE('',#8342,(#8346,#8353),.PCURVE_S1.);
#8342 = LINE('',#8343,#8344);
#8343 = CARTESIAN_POINT('',(-23.5,-6.25,-0.25));
#8344 = VECTOR('',#8345,1.);
#8345 = DIRECTION('',(0.,1.,0.));
#8346 = PCURVE('',#4669,#8347);
#8347 = DEFINITIONAL_REPRESENTATION('',(#8348),#8352);
#8348 = LINE('',#8349,#8350);
#8349 = CARTESIAN_POINT('',(5.,0.));
#8350 = VECTOR('',#8351,1.);
#8351 = DIRECTION('',(0.,1.));
#8352 = ( GEOMETRIC_REPRESENTATION_CONTEXT(2) 
PARAMETRIC_REPRESENTATION_CONTEXT() REPRESENTATION_CONTEXT('2D SPACE',''
  ) );
#8353 = PCURVE('',#8354,#8359);
#8354 = PLANE('',#8355);
#8355 = AXIS2_PLACEMENT_3D('',#8356,#8357,#8358);
#8356 = CARTESIAN_POINT('',(-23.5,-6.25,-0.25));
#8357 = DIRECTION('',(1.,0.,0.));
#8358 = DIRECTION('',(0.,0.,1.));
#8359 = DEFINITIONAL_REPRESENTATION('',(#8360),#8364);
#8360 = LINE('',#8361,#8362);
#8361 = CARTESIAN_POINT('',(0.,0.));
#8362 = VECTOR('',#8363,1.);
#8363 = DIRECTION('',(0.,-1.));
#8364 = ( GEOMETRIC_REPRESENTATION_CONTEXT(2) 
PARAMETRIC_REPRESENTATION_CONTEXT() REPRESENTATION_CONTEXT('2D SPACE',''
  ) );
#8365 = ORIENTED_EDGE('',*,*,#8366,.F.);
#8366 = EDGE_CURVE('',#8205,#8339,#8367,.T.);
#8367 = SURFACE_CURVE('',#8368,(#8372,#8379),.PCURVE_S1.);
#8368 = LINE('',#8369,#8370);
#8369 = CARTESIAN_POINT('',(-28.5,-3.75,-0.25));
#8370 = VECTOR('',#8371,1.);
#8371 = DIRECTION('',(1.,0.,0.));
#8372 = PCURVE('',#4669,#8373);
#8373 = DEFINITIONAL_REPRESENTATION('',(#8374),#8378);
#8374 = LINE('',#8375,#8376);
#8375 = CARTESIAN_POINT('',(0.,2.5));
#8376 = VECTOR('',#8377,1.);
#8377 = DIRECTION('',(1.,0.));
#8378 = ( GEOMETRIC_REPRESENTATION_CONTEXT(2) 
PARAMETRIC_REPRESENTATION_CONTEXT() REPRESENTATION_CONTEXT('2D SPACE',''
  ) );
#8379 = PCURVE('',#8219,#8380);
#8380 = DEFINITIONAL_REPRESENTATION('',(#8381),#8385);
#8381 = LINE('',#8382,#8383);
#8382 = CARTESIAN_POINT('',(0.,0.));
#8383 = VECTOR('',#8384,1.);
#8384 = DIRECTION('',(0.,1.));
#8385 = ( GEOMETRIC_REPRESENTATION_CONTEXT(2) 
PARAMETRIC_REPRESENTATION_CONTEXT() REPRESENTATION_CONTEXT('2D SPACE',''
  ) );
#8386 = ORIENTED_EDGE('',*,*,#8230,.T.);
#8387 = ORIENTED_EDGE('',*,*,#4656,.F.);
#8388 = ADVANCED_FACE('',(#8389),#4645,.T.);
#8389 = FACE_BOUND('',#8390,.T.);
#8390 = EDGE_LOOP('',(#8391,#8414,#8435,#8436));
#8391 = ORIENTED_EDGE('',*,*,#8392,.F.);
#8392 = EDGE_CURVE('',#8393,#4605,#8395,.T.);
#8393 = VERTEX_POINT('',#8394);
#8394 = CARTESIAN_POINT('',(-28.5,-6.25,1.75));
#8395 = SURFACE_CURVE('',#8396,(#8400,#8407),.PCURVE_S1.);
#8396 = LINE('',#8397,#8398);
#8397 = CARTESIAN_POINT('',(-28.5,-6.25,1.75));
#8398 = VECTOR('',#8399,1.);
#8399 = DIRECTION('',(0.,1.,0.));
#8400 = PCURVE('',#4645,#8401);
#8401 = DEFINITIONAL_REPRESENTATION('',(#8402),#8406);
#8402 = LINE('',#8403,#8404);
#8403 = CARTESIAN_POINT('',(2.,0.));
#8404 = VECTOR('',#8405,1.);
#8405 = DIRECTION('',(0.,-1.));
#8406 = ( GEOMETRIC_REPRESENTATION_CONTEXT(2) 
PARAMETRIC_REPRESENTATION_CONTEXT() REPRESENTATION_CONTEXT('2D SPACE',''
  ) );
#8407 = PCURVE('',#4619,#8408);
#8408 = DEFINITIONAL_REPRESENTATION('',(#8409),#8413);
#8409 = LINE('',#8410,#8411);
#8410 = CARTESIAN_POINT('',(0.,0.));
#8411 = VECTOR('',#8412,1.);
#8412 = DIRECTION('',(0.,1.));
#8413 = ( GEOMETRIC_REPRESENTATION_CONTEXT(2) 
PARAMETRIC_REPRESENTATION_CONTEXT() REPRESENTATION_CONTEXT('2D SPACE',''
  ) );
#8414 = ORIENTED_EDGE('',*,*,#8415,.F.);
#8415 = EDGE_CURVE('',#8288,#8393,#8416,.T.);
#8416 = SURFACE_CURVE('',#8417,(#8421,#8428),.PCURVE_S1.);
#8417 = LINE('',#8418,#8419);
#8418 = CARTESIAN_POINT('',(-28.5,-6.25,-0.25));
#8419 = VECTOR('',#8420,1.);
#8420 = DIRECTION('',(0.,0.,1.));
#8421 = PCURVE('',#4645,#8422);
#8422 = DEFINITIONAL_REPRESENTATION('',(#8423),#8427);
#8423 = LINE('',#8424,#8425);
#8424 = CARTESIAN_POINT('',(0.,0.));
#8425 = VECTOR('',#8426,1.);
#8426 = DIRECTION('',(1.,0.));
#8427 = ( GEOMETRIC_REPRESENTATION_CONTEXT(2) 
PARAMETRIC_REPRESENTATION_CONTEXT() REPRESENTATION_CONTEXT('2D SPACE',''
  ) );
#8428 = PCURVE('',#8326,#8429);
#8429 = DEFINITIONAL_REPRESENTATION('',(#8430),#8434);
#8430 = LINE('',#8431,#8432);
#8431 = CARTESIAN_POINT('',(0.,0.));
#8432 = VECTOR('',#8433,1.);
#8433 = DIRECTION('',(1.,0.));
#8434 = ( GEOMETRIC_REPRESENTATION_CONTEXT(2) 
PARAMETRIC_REPRESENTATION_CONTEXT() REPRESENTATION_CONTEXT('2D SPACE',''
  ) );
#8435 = ORIENTED_EDGE('',*,*,#8287,.T.);
#8436 = ORIENTED_EDGE('',*,*,#4630,.F.);
#8437 = ADVANCED_FACE('',(#8438),#4619,.F.);
#8438 = FACE_BOUND('',#8439,.F.);
#8439 = EDGE_LOOP('',(#8440,#8441,#8464,#8490,#8511,#8512));
#8440 = ORIENTED_EDGE('',*,*,#8392,.F.);
#8441 = ORIENTED_EDGE('',*,*,#8442,.T.);
#8442 = EDGE_CURVE('',#8393,#8443,#8445,.T.);
#8443 = VERTEX_POINT('',#8444);
#8444 = CARTESIAN_POINT('',(-25.,-6.25,1.75));
#8445 = SURFACE_CURVE('',#8446,(#8450,#8457),.PCURVE_S1.);
#8446 = LINE('',#8447,#8448);
#8447 = CARTESIAN_POINT('',(-28.5,-6.25,1.75));
#8448 = VECTOR('',#8449,1.);
#8449 = DIRECTION('',(1.,0.,0.));
#8450 = PCURVE('',#4619,#8451);
#8451 = DEFINITIONAL_REPRESENTATION('',(#8452),#8456);
#8452 = LINE('',#8453,#8454);
#8453 = CARTESIAN_POINT('',(0.,0.));
#8454 = VECTOR('',#8455,1.);
#8455 = DIRECTION('',(1.,0.));
#8456 = ( GEOMETRIC_REPRESENTATION_CONTEXT(2) 
PARAMETRIC_REPRESENTATION_CONTEXT() REPRESENTATION_CONTEXT('2D SPACE',''
  ) );
#8457 = PCURVE('',#8326,#8458);
#8458 = DEFINITIONAL_REPRESENTATION('',(#8459),#8463);
#8459 = LINE('',#8460,#8461);
#8460 = CARTESIAN_POINT('',(2.,0.));
#8461 = VECTOR('',#8462,1.);
#8462 = DIRECTION('',(0.,1.));
#8463 = ( GEOMETRIC_REPRESENTATION_CONTEXT(2) 
PARAMETRIC_REPRESENTATION_CONTEXT() REPRESENTATION_CONTEXT('2D SPACE',''
  ) );
#8464 = ORIENTED_EDGE('',*,*,#8465,.F.);
#8465 = EDGE_CURVE('',#8466,#8443,#8468,.T.);
#8466 = VERTEX_POINT('',#8467);
#8467 = CARTESIAN_POINT('',(-25.,-3.75,1.75));
#8468 = SURFACE_CURVE('',#8469,(#8473,#8479),.PCURVE_S1.);
#8469 = LINE('',#8470,#8471);
#8470 = CARTESIAN_POINT('',(-25.,-3.125,1.75));
#8471 = VECTOR('',#8472,1.);
#8472 = DIRECTION('',(0.,-1.,0.));
#8473 = PCURVE('',#4619,#8474);
#8474 = DEFINITIONAL_REPRESENTATION('',(#8475),#8478);
#8475 = B_SPLINE_CURVE_WITH_KNOTS('',1,(#8476,#8477),.UNSPECIFIED.,.F.,
  .F.,(2,2),(0.625,3.125),.PIECEWISE_BEZIER_KNOTS.);
#8476 = CARTESIAN_POINT('',(3.5,2.5));
#8477 = CARTESIAN_POINT('',(3.5,0.));
#8478 = ( GEOMETRIC_REPRESENTATION_CONTEXT(2) 
PARAMETRIC_REPRESENTATION_CONTEXT() REPRESENTATION_CONTEXT('2D SPACE',''
  ) );
#8479 = PCURVE('',#8480,#8485);
#8480 = PLANE('',#8481);
#8481 = AXIS2_PLACEMENT_3D('',#8482,#8483,#8484);
#8482 = CARTESIAN_POINT('',(-25.,0.,30.));
#8483 = DIRECTION('',(1.,0.,0.));
#8484 = DIRECTION('',(0.,0.,-1.));
#8485 = DEFINITIONAL_REPRESENTATION('',(#8486),#8489);
#8486 = B_SPLINE_CURVE_WITH_KNOTS('',1,(#8487,#8488),.UNSPECIFIED.,.F.,
  .F.,(2,2),(0.625,3.125),.PIECEWISE_BEZIER_KNOTS.);
#8487 = CARTESIAN_POINT('',(28.25,-3.75));
#8488 = CARTESIAN_POINT('',(28.25,-6.25));
#8489 = ( GEOMETRIC_REPRESENTATION_CONTEXT(2) 
PARAMETRIC_REPRESENTATION_CONTEXT() REPRESENTATION_CONTEXT('2D SPACE',''
  ) );
#8490 = ORIENTED_EDGE('',*,*,#8491,.F.);
#8491 = EDGE_CURVE('',#8184,#8466,#8492,.T.);
#8492 = SURFACE_CURVE('',#8493,(#8497,#8504),.PCURVE_S1.);
#8493 = LINE('',#8494,#8495);
#8494 = CARTESIAN_POINT('',(-28.5,-3.75,1.75));
#8495 = VECTOR('',#8496,1.);
#8496 = DIRECTION('',(1.,0.,0.));
#8497 = PCURVE('',#4619,#8498);
#8498 = DEFINITIONAL_REPRESENTATION('',(#8499),#8503);
#8499 = LINE('',#8500,#8501);
#8500 = CARTESIAN_POINT('',(0.,2.5));
#8501 = VECTOR('',#8502,1.);
#8502 = DIRECTION('',(1.,0.));
#8503 = ( GEOMETRIC_REPRESENTATION_CONTEXT(2) 
PARAMETRIC_REPRESENTATION_CONTEXT() REPRESENTATION_CONTEXT('2D SPACE',''
  ) );
#8504 = PCURVE('',#8219,#8505);
#8505 = DEFINITIONAL_REPRESENTATION('',(#8506),#8510);
#8506 = LINE('',#8507,#8508);
#8507 = CARTESIAN_POINT('',(2.,0.));
#8508 = VECTOR('',#8509,1.);
#8509 = DIRECTION('',(0.,1.));
#8510 = ( GEOMETRIC_REPRESENTATION_CONTEXT(2) 
PARAMETRIC_REPRESENTATION_CONTEXT() REPRESENTATION_CONTEXT('2D SPACE',''
  ) );
#8511 = ORIENTED_EDGE('',*,*,#8183,.T.);
#8512 = ORIENTED_EDGE('',*,*,#4604,.F.);
#8513 = ADVANCED_FACE('',(#8514),#4570,.T.);
#8514 = FACE_BOUND('',#8515,.T.);
#8515 = EDGE_LOOP('',(#8516,#8538,#8562,#8585,#8606,#8629,#8653,#8673,
    #8674,#8675));
#8516 = ORIENTED_EDGE('',*,*,#8517,.F.);
#8517 = EDGE_CURVE('',#8518,#4530,#8520,.T.);
#8518 = VERTEX_POINT('',#8519);
#8519 = CARTESIAN_POINT('',(-34.,-10.,8.));
#8520 = SURFACE_CURVE('',#8521,(#8525,#8532),.PCURVE_S1.);
#8521 = LINE('',#8522,#8523);
#8522 = CARTESIAN_POINT('',(-34.,-13.,8.));
#8523 = VECTOR('',#8524,1.);
#8524 = DIRECTION('',(0.,1.,0.));
#8525 = PCURVE('',#4570,#8526);
#8526 = DEFINITIONAL_REPRESENTATION('',(#8527),#8531);
#8527 = LINE('',#8528,#8529);
#8528 = CARTESIAN_POINT('',(4.,2.));
#8529 = VECTOR('',#8530,1.);
#8530 = DIRECTION('',(0.,1.));
#8531 = ( GEOMETRIC_REPRESENTATION_CONTEXT(2) 
PARAMETRIC_REPRESENTATION_CONTEXT() REPRESENTATION_CONTEXT('2D SPACE',''
  ) );
#8532 = PCURVE('',#4544,#8533);
#8533 = DEFINITIONAL_REPRESENTATION('',(#8534),#8537);
#8534 = B_SPLINE_CURVE_WITH_KNOTS('',1,(#8535,#8536),.UNSPECIFIED.,.F.,
  .F.,(2,2),(3.,23.),.PIECEWISE_BEZIER_KNOTS.);
#8535 = CARTESIAN_POINT('',(1.,-2.));
#8536 = CARTESIAN_POINT('',(1.,-22.));
#8537 = ( GEOMETRIC_REPRESENTATION_CONTEXT(2) 
PARAMETRIC_REPRESENTATION_CONTEXT() REPRESENTATION_CONTEXT('2D SPACE',''
  ) );
#8538 = ORIENTED_EDGE('',*,*,#8539,.T.);
#8539 = EDGE_CURVE('',#8518,#8540,#8542,.T.);
#8540 = VERTEX_POINT('',#8541);
#8541 = CARTESIAN_POINT('',(-32.,-12.,8.));
#8542 = SURFACE_CURVE('',#8543,(#8548,#8555),.PCURVE_S1.);
#8543 = CIRCLE('',#8544,2.);
#8544 = AXIS2_PLACEMENT_3D('',#8545,#8546,#8547);
#8545 = CARTESIAN_POINT('',(-32.,-10.,8.));
#8546 = DIRECTION('',(0.,0.,1.));
#8547 = DIRECTION('',(-1.,-0.,0.));
#8548 = PCURVE('',#4570,#8549);
#8549 = DEFINITIONAL_REPRESENTATION('',(#8550),#8554);
#8550 = CIRCLE('',#8551,2.);
#8551 = AXIS2_PLACEMENT_2D('',#8552,#8553);
#8552 = CARTESIAN_POINT('',(6.,5.));
#8553 = DIRECTION('',(-1.,0.));
#8554 = ( GEOMETRIC_REPRESENTATION_CONTEXT(2) 
PARAMETRIC_REPRESENTATION_CONTEXT() REPRESENTATION_CONTEXT('2D SPACE',''
  ) );
#8555 = PCURVE('',#7496,#8556);
#8556 = DEFINITIONAL_REPRESENTATION('',(#8557),#8561);
#8557 = LINE('',#8558,#8559);
#8558 = CARTESIAN_POINT('',(0.,1.));
#8559 = VECTOR('',#8560,1.);
#8560 = DIRECTION('',(1.,0.));
#8561 = ( GEOMETRIC_REPRESENTATION_CONTEXT(2) 
PARAMETRIC_REPRESENTATION_CONTEXT() REPRESENTATION_CONTEXT('2D SPACE',''
  ) );
#8562 = ORIENTED_EDGE('',*,*,#8563,.F.);
#8563 = EDGE_CURVE('',#8564,#8540,#8566,.T.);
#8564 = VERTEX_POINT('',#8565);
#8565 = CARTESIAN_POINT('',(-25.,-12.,8.));
#8566 = SURFACE_CURVE('',#8567,(#8571,#8578),.PCURVE_S1.);
#8567 = LINE('',#8568,#8569);
#8568 = CARTESIAN_POINT('',(-35.,-12.,8.));
#8569 = VECTOR('',#8570,1.);
#8570 = DIRECTION('',(-1.,0.,0.));
#8571 = PCURVE('',#4570,#8572);
#8572 = DEFINITIONAL_REPRESENTATION('',(#8573),#8577);
#8573 = LINE('',#8574,#8575);
#8574 = CARTESIAN_POINT('',(3.,3.));
#8575 = VECTOR('',#8576,1.);
#8576 = DIRECTION('',(-1.,0.));
#8577 = ( GEOMETRIC_REPRESENTATION_CONTEXT(2) 
PARAMETRIC_REPRESENTATION_CONTEXT() REPRESENTATION_CONTEXT('2D SPACE',''
  ) );
#8578 = PCURVE('',#7467,#8579);
#8579 = DEFINITIONAL_REPRESENTATION('',(#8580),#8584);
#8580 = LINE('',#8581,#8582);
#8581 = CARTESIAN_POINT('',(1.,-1.));
#8582 = VECTOR('',#8583,1.);
#8583 = DIRECTION('',(0.,-1.));
#8584 = ( GEOMETRIC_REPRESENTATION_CONTEXT(2) 
PARAMETRIC_REPRESENTATION_CONTEXT() REPRESENTATION_CONTEXT('2D SPACE',''
  ) );
#8585 = ORIENTED_EDGE('',*,*,#8586,.T.);
#8586 = EDGE_CURVE('',#8564,#8587,#8589,.T.);
#8587 = VERTEX_POINT('',#8588);
#8588 = CARTESIAN_POINT('',(-25.,12.,8.));
#8589 = SURFACE_CURVE('',#8590,(#8594,#8600),.PCURVE_S1.);
#8590 = LINE('',#8591,#8592);
#8591 = CARTESIAN_POINT('',(-25.,-7.5,8.));
#8592 = VECTOR('',#8593,1.);
#8593 = DIRECTION('',(0.,1.,0.));
#8594 = PCURVE('',#4570,#8595);
#8595 = DEFINITIONAL_REPRESENTATION('',(#8596),#8599);
#8596 = B_SPLINE_CURVE_WITH_KNOTS('',1,(#8597,#8598),.UNSPECIFIED.,.F.,
  .F.,(2,2),(-4.5,19.5),.PIECEWISE_BEZIER_KNOTS.);
#8597 = CARTESIAN_POINT('',(13.,3.));
#8598 = CARTESIAN_POINT('',(13.,27.));
#8599 = ( GEOMETRIC_REPRESENTATION_CONTEXT(2) 
PARAMETRIC_REPRESENTATION_CONTEXT() REPRESENTATION_CONTEXT('2D SPACE',''
  ) );
#8600 = PCURVE('',#8480,#8601);
#8601 = DEFINITIONAL_REPRESENTATION('',(#8602),#8605);
#8602 = B_SPLINE_CURVE_WITH_KNOTS('',1,(#8603,#8604),.UNSPECIFIED.,.F.,
  .F.,(2,2),(-4.5,19.5),.PIECEWISE_BEZIER_KNOTS.);
#8603 = CARTESIAN_POINT('',(22.,-12.));
#8604 = CARTESIAN_POINT('',(22.,12.));
#8605 = ( GEOMETRIC_REPRESENTATION_CONTEXT(2) 
PARAMETRIC_REPRESENTATION_CONTEXT() REPRESENTATION_CONTEXT('2D SPACE',''
  ) );
#8606 = ORIENTED_EDGE('',*,*,#8607,.T.);
#8607 = EDGE_CURVE('',#8587,#8608,#8610,.T.);
#8608 = VERTEX_POINT('',#8609);
#8609 = CARTESIAN_POINT('',(-32.,12.,8.));
#8610 = SURFACE_CURVE('',#8611,(#8615,#8622),.PCURVE_S1.);
#8611 = LINE('',#8612,#8613);
#8612 = CARTESIAN_POINT('',(-35.,12.,8.));
#8613 = VECTOR('',#8614,1.);
#8614 = DIRECTION('',(-1.,0.,0.));
#8615 = PCURVE('',#4570,#8616);
#8616 = DEFINITIONAL_REPRESENTATION('',(#8617),#8621);
#8617 = LINE('',#8618,#8619);
#8618 = CARTESIAN_POINT('',(3.,27.));
#8619 = VECTOR('',#8620,1.);
#8620 = DIRECTION('',(-1.,0.));
#8621 = ( GEOMETRIC_REPRESENTATION_CONTEXT(2) 
PARAMETRIC_REPRESENTATION_CONTEXT() REPRESENTATION_CONTEXT('2D SPACE',''
  ) );
#8622 = PCURVE('',#7931,#8623);
#8623 = DEFINITIONAL_REPRESENTATION('',(#8624),#8628);
#8624 = LINE('',#8625,#8626);
#8625 = CARTESIAN_POINT('',(1.,-1.));
#8626 = VECTOR('',#8627,1.);
#8627 = DIRECTION('',(0.,-1.));
#8628 = ( GEOMETRIC_REPRESENTATION_CONTEXT(2) 
PARAMETRIC_REPRESENTATION_CONTEXT() REPRESENTATION_CONTEXT('2D SPACE',''
  ) );
#8629 = ORIENTED_EDGE('',*,*,#8630,.T.);
#8630 = EDGE_CURVE('',#8608,#8631,#8633,.T.);
#8631 = VERTEX_POINT('',#8632);
#8632 = CARTESIAN_POINT('',(-34.,10.,8.));
#8633 = SURFACE_CURVE('',#8634,(#8639,#8646),.PCURVE_S1.);
#8634 = CIRCLE('',#8635,2.);
#8635 = AXIS2_PLACEMENT_3D('',#8636,#8637,#8638);
#8636 = CARTESIAN_POINT('',(-32.,10.,8.));
#8637 = DIRECTION('',(0.,0.,1.));
#8638 = DIRECTION('',(-1.,-0.,0.));
#8639 = PCURVE('',#4570,#8640);
#8640 = DEFINITIONAL_REPRESENTATION('',(#8641),#8645);
#8641 = CIRCLE('',#8642,2.);
#8642 = AXIS2_PLACEMENT_2D('',#8643,#8644);
#8643 = CARTESIAN_POINT('',(6.,25.));
#8644 = DIRECTION('',(-1.,0.));
#8645 = ( GEOMETRIC_REPRESENTATION_CONTEXT(2) 
PARAMETRIC_REPRESENTATION_CONTEXT() REPRESENTATION_CONTEXT('2D SPACE',''
  ) );
#8646 = PCURVE('',#7903,#8647);
#8647 = DEFINITIONAL_REPRESENTATION('',(#8648),#8652);
#8648 = LINE('',#8649,#8650);
#8649 = CARTESIAN_POINT('',(-6.28318530718,1.));
#8650 = VECTOR('',#8651,1.);
#8651 = DIRECTION('',(1.,-0.));
#8652 = ( GEOMETRIC_REPRESENTATION_CONTEXT(2) 
PARAMETRIC_REPRESENTATION_CONTEXT() REPRESENTATION_CONTEXT('2D SPACE',''
  ) );
#8653 = ORIENTED_EDGE('',*,*,#8654,.F.);
#8654 = EDGE_CURVE('',#4867,#8631,#8655,.T.);
#8655 = SURFACE_CURVE('',#8656,(#8660,#8667),.PCURVE_S1.);
#8656 = LINE('',#8657,#8658);
#8657 = CARTESIAN_POINT('',(-34.,-13.,8.));
#8658 = VECTOR('',#8659,1.);
#8659 = DIRECTION('',(0.,1.,0.));
#8660 = PCURVE('',#4570,#8661);
#8661 = DEFINITIONAL_REPRESENTATION('',(#8662),#8666);
#8662 = LINE('',#8663,#8664);
#8663 = CARTESIAN_POINT('',(4.,2.));
#8664 = VECTOR('',#8665,1.);
#8665 = DIRECTION('',(0.,1.));
#8666 = ( GEOMETRIC_REPRESENTATION_CONTEXT(2) 
PARAMETRIC_REPRESENTATION_CONTEXT() REPRESENTATION_CONTEXT('2D SPACE',''
  ) );
#8667 = PCURVE('',#4881,#8668);
#8668 = DEFINITIONAL_REPRESENTATION('',(#8669),#8672);
#8669 = B_SPLINE_CURVE_WITH_KNOTS('',1,(#8670,#8671),.UNSPECIFIED.,.F.,
  .F.,(2,2),(3.,23.),.PIECEWISE_BEZIER_KNOTS.);
#8670 = CARTESIAN_POINT('',(1.,-2.));
#8671 = CARTESIAN_POINT('',(1.,-22.));
#8672 = ( GEOMETRIC_REPRESENTATION_CONTEXT(2) 
PARAMETRIC_REPRESENTATION_CONTEXT() REPRESENTATION_CONTEXT('2D SPACE',''
  ) );
#8673 = ORIENTED_EDGE('',*,*,#4892,.F.);
#8674 = ORIENTED_EDGE('',*,*,#8163,.F.);
#8675 = ORIENTED_EDGE('',*,*,#4555,.T.);
#8676 = ADVANCED_FACE('',(#8677),#4544,.T.);
#8677 = FACE_BOUND('',#8678,.T.);
#8678 = EDGE_LOOP('',(#8679,#8680,#8701,#8702));
#8679 = ORIENTED_EDGE('',*,*,#7508,.F.);
#8680 = ORIENTED_EDGE('',*,*,#8681,.F.);
#8681 = EDGE_CURVE('',#8518,#7480,#8682,.T.);
#8682 = SURFACE_CURVE('',#8683,(#8687,#8694),.PCURVE_S1.);
#8683 = LINE('',#8684,#8685);
#8684 = CARTESIAN_POINT('',(-34.,-10.,7.));
#8685 = VECTOR('',#8686,1.);
#8686 = DIRECTION('',(0.,0.,1.));
#8687 = PCURVE('',#4544,#8688);
#8688 = DEFINITIONAL_REPRESENTATION('',(#8689),#8693);
#8689 = LINE('',#8690,#8691);
#8690 = CARTESIAN_POINT('',(0.,-2.));
#8691 = VECTOR('',#8692,1.);
#8692 = DIRECTION('',(1.,0.));
#8693 = ( GEOMETRIC_REPRESENTATION_CONTEXT(2) 
PARAMETRIC_REPRESENTATION_CONTEXT() REPRESENTATION_CONTEXT('2D SPACE',''
  ) );
#8694 = PCURVE('',#7496,#8695);
#8695 = DEFINITIONAL_REPRESENTATION('',(#8696),#8700);
#8696 = LINE('',#8697,#8698);
#8697 = CARTESIAN_POINT('',(0.,0.));
#8698 = VECTOR('',#8699,1.);
#8699 = DIRECTION('',(0.,1.));
#8700 = ( GEOMETRIC_REPRESENTATION_CONTEXT(2) 
PARAMETRIC_REPRESENTATION_CONTEXT() REPRESENTATION_CONTEXT('2D SPACE',''
  ) );
#8701 = ORIENTED_EDGE('',*,*,#8517,.T.);
#8702 = ORIENTED_EDGE('',*,*,#4529,.T.);
#8703 = ADVANCED_FACE('',(#8704),#4473,.T.);
#8704 = FACE_BOUND('',#8705,.T.);
#8705 = EDGE_LOOP('',(#8706,#8707,#8708,#8709,#8710,#8711,#8712,#8713,
    #8714,#8715));
#8706 = ORIENTED_EDGE('',*,*,#4915,.F.);
#8707 = ORIENTED_EDGE('',*,*,#4457,.T.);
#8708 = ORIENTED_EDGE('',*,*,#8141,.T.);
#8709 = ORIENTED_EDGE('',*,*,#4708,.F.);
#8710 = ORIENTED_EDGE('',*,*,#5326,.F.);
#8711 = ORIENTED_EDGE('',*,*,#5373,.F.);
#8712 = ORIENTED_EDGE('',*,*,#4799,.F.);
#8713 = ORIENTED_EDGE('',*,*,#4982,.F.);
#8714 = ORIENTED_EDGE('',*,*,#5008,.F.);
#8715 = ORIENTED_EDGE('',*,*,#5055,.F.);
#8716 = ADVANCED_FACE('',(#8717),#4881,.T.);
#8717 = FACE_BOUND('',#8718,.T.);
#8718 = EDGE_LOOP('',(#8719,#8720,#8721,#8722));
#8719 = ORIENTED_EDGE('',*,*,#7865,.F.);
#8720 = ORIENTED_EDGE('',*,*,#4866,.F.);
#8721 = ORIENTED_EDGE('',*,*,#8654,.T.);
#8722 = ORIENTED_EDGE('',*,*,#8723,.T.);
#8723 = EDGE_CURVE('',#8631,#7866,#8724,.T.);
#8724 = SURFACE_CURVE('',#8725,(#8729,#8736),.PCURVE_S1.);
#8725 = LINE('',#8726,#8727);
#8726 = CARTESIAN_POINT('',(-34.,10.,7.));
#8727 = VECTOR('',#8728,1.);
#8728 = DIRECTION('',(0.,0.,1.));
#8729 = PCURVE('',#4881,#8730);
#8730 = DEFINITIONAL_REPRESENTATION('',(#8731),#8735);
#8731 = LINE('',#8732,#8733);
#8732 = CARTESIAN_POINT('',(0.,-22.));
#8733 = VECTOR('',#8734,1.);
#8734 = DIRECTION('',(1.,0.));
#8735 = ( GEOMETRIC_REPRESENTATION_CONTEXT(2) 
PARAMETRIC_REPRESENTATION_CONTEXT() REPRESENTATION_CONTEXT('2D SPACE',''
  ) );
#8736 = PCURVE('',#7903,#8737);
#8737 = DEFINITIONAL_REPRESENTATION('',(#8738),#8742);
#8738 = LINE('',#8739,#8740);
#8739 = CARTESIAN_POINT('',(-0.,0.));
#8740 = VECTOR('',#8741,1.);
#8741 = DIRECTION('',(-0.,1.));
#8742 = ( GEOMETRIC_REPRESENTATION_CONTEXT(2) 
PARAMETRIC_REPRESENTATION_CONTEXT() REPRESENTATION_CONTEXT('2D SPACE',''
  ) );
#8743 = ADVANCED_FACE('',(#8744),#4767,.F.);
#8744 = FACE_BOUND('',#8745,.F.);
#8745 = EDGE_LOOP('',(#8746,#8747));
#8746 = ORIENTED_EDGE('',*,*,#4752,.T.);
#8747 = ORIENTED_EDGE('',*,*,#5303,.T.);
#8748 = ADVANCED_FACE('',(#8749,#8889),#5123,.F.);
#8749 = FACE_BOUND('',#8750,.F.);
#8750 = EDGE_LOOP('',(#8751,#8776,#8799,#8822,#8845,#8868));
#8751 = ORIENTED_EDGE('',*,*,#8752,.T.);
#8752 = EDGE_CURVE('',#8753,#8755,#8757,.T.);
#8753 = VERTEX_POINT('',#8754);
#8754 = CARTESIAN_POINT('',(-14.6513684387,-22.,6.5));
#8755 = VERTEX_POINT('',#8756);
#8756 = CARTESIAN_POINT('',(-16.32568421935,-19.1,6.5));
#8757 = SURFACE_CURVE('',#8758,(#8762,#8769),.PCURVE_S1.);
#8758 = LINE('',#8759,#8760);
#8759 = CARTESIAN_POINT('',(-14.6513684387,-22.,6.5));
#8760 = VECTOR('',#8761,1.);
#8761 = DIRECTION('',(-0.5,0.866025403784,0.));
#8762 = PCURVE('',#5123,#8763);
#8763 = DEFINITIONAL_REPRESENTATION('',(#8764),#8768);
#8764 = LINE('',#8765,#8766);
#8765 = CARTESIAN_POINT('',(3.3486315613,-3.552713678801E-15));
#8766 = VECTOR('',#8767,1.);
#8767 = DIRECTION('',(-0.5,0.866025403784));
#8768 = ( GEOMETRIC_REPRESENTATION_CONTEXT(2) 
PARAMETRIC_REPRESENTATION_CONTEXT() REPRESENTATION_CONTEXT('2D SPACE',''
  ) );
#8769 = PCURVE('',#5473,#8770);
#8770 = DEFINITIONAL_REPRESENTATION('',(#8771),#8775);
#8771 = LINE('',#8772,#8773);
#8772 = CARTESIAN_POINT('',(0.,-2.5));
#8773 = VECTOR('',#8774,1.);
#8774 = DIRECTION('',(1.,0.));
#8775 = ( GEOMETRIC_REPRESENTATION_CONTEXT(2) 
PARAMETRIC_REPRESENTATION_CONTEXT() REPRESENTATION_CONTEXT('2D SPACE',''
  ) );
#8776 = ORIENTED_EDGE('',*,*,#8777,.T.);
#8777 = EDGE_CURVE('',#8755,#8778,#8780,.T.);
#8778 = VERTEX_POINT('',#8779);
#8779 = CARTESIAN_POINT('',(-19.67431578065,-19.1,6.5));
#8780 = SURFACE_CURVE('',#8781,(#8785,#8792),.PCURVE_S1.);
#8781 = LINE('',#8782,#8783);
#8782 = CARTESIAN_POINT('',(-16.32568421935,-19.1,6.5));
#8783 = VECTOR('',#8784,1.);
#8784 = DIRECTION('',(-1.,1.326181163023E-16,0.));
#8785 = PCURVE('',#5123,#8786);
#8786 = DEFINITIONAL_REPRESENTATION('',(#8787),#8791);
#8787 = LINE('',#8788,#8789);
#8788 = CARTESIAN_POINT('',(1.67431578065,2.9));
#8789 = VECTOR('',#8790,1.);
#8790 = DIRECTION('',(-1.,1.326181163023E-16));
#8791 = ( GEOMETRIC_REPRESENTATION_CONTEXT(2) 
PARAMETRIC_REPRESENTATION_CONTEXT() REPRESENTATION_CONTEXT('2D SPACE',''
  ) );
#8792 = PCURVE('',#5611,#8793);
#8793 = DEFINITIONAL_REPRESENTATION('',(#8794),#8798);
#8794 = LINE('',#8795,#8796);
#8795 = CARTESIAN_POINT('',(0.,-2.5));
#8796 = VECTOR('',#8797,1.);
#8797 = DIRECTION('',(1.,0.));
#8798 = ( GEOMETRIC_REPRESENTATION_CONTEXT(2) 
PARAMETRIC_REPRESENTATION_CONTEXT() REPRESENTATION_CONTEXT('2D SPACE',''
  ) );
#8799 = ORIENTED_EDGE('',*,*,#8800,.T.);
#8800 = EDGE_CURVE('',#8778,#8801,#8803,.T.);
#8801 = VERTEX_POINT('',#8802);
#8802 = CARTESIAN_POINT('',(-21.3486315613,-22.,6.5));
#8803 = SURFACE_CURVE('',#8804,(#8808,#8815),.PCURVE_S1.);
#8804 = LINE('',#8805,#8806);
#8805 = CARTESIAN_POINT('',(-19.67431578065,-19.1,6.5));
#8806 = VECTOR('',#8807,1.);
#8807 = DIRECTION('',(-0.5,-0.866025403784,0.));
#8808 = PCURVE('',#5123,#8809);
#8809 = DEFINITIONAL_REPRESENTATION('',(#8810),#8814);
#8810 = LINE('',#8811,#8812);
#8811 = CARTESIAN_POINT('',(-1.67431578065,2.9));
#8812 = VECTOR('',#8813,1.);
#8813 = DIRECTION('',(-0.5,-0.866025403784));
#8814 = ( GEOMETRIC_REPRESENTATION_CONTEXT(2) 
PARAMETRIC_REPRESENTATION_CONTEXT() REPRESENTATION_CONTEXT('2D SPACE',''
  ) );
#8815 = PCURVE('',#5585,#8816);
#8816 = DEFINITIONAL_REPRESENTATION('',(#8817),#8821);
#8817 = LINE('',#8818,#8819);
#8818 = CARTESIAN_POINT('',(0.,-2.5));
#8819 = VECTOR('',#8820,1.);
#8820 = DIRECTION('',(1.,0.));
#8821 = ( GEOMETRIC_REPRESENTATION_CONTEXT(2) 
PARAMETRIC_REPRESENTATION_CONTEXT() REPRESENTATION_CONTEXT('2D SPACE',''
  ) );
#8822 = ORIENTED_EDGE('',*,*,#8823,.T.);
#8823 = EDGE_CURVE('',#8801,#8824,#8826,.T.);
#8824 = VERTEX_POINT('',#8825);
#8825 = CARTESIAN_POINT('',(-19.67431578065,-24.9,6.5));
#8826 = SURFACE_CURVE('',#8827,(#8831,#8838),.PCURVE_S1.);
#8827 = LINE('',#8828,#8829);
#8828 = CARTESIAN_POINT('',(-21.3486315613,-22.,6.5));
#8829 = VECTOR('',#8830,1.);
#8830 = DIRECTION('',(0.5,-0.866025403784,0.));
#8831 = PCURVE('',#5123,#8832);
#8832 = DEFINITIONAL_REPRESENTATION('',(#8833),#8837);
#8833 = LINE('',#8834,#8835);
#8834 = CARTESIAN_POINT('',(-3.3486315613,-3.552713678801E-15));
#8835 = VECTOR('',#8836,1.);
#8836 = DIRECTION('',(0.5,-0.866025403784));
#8837 = ( GEOMETRIC_REPRESENTATION_CONTEXT(2) 
PARAMETRIC_REPRESENTATION_CONTEXT() REPRESENTATION_CONTEXT('2D SPACE',''
  ) );
#8838 = PCURVE('',#5557,#8839);
#8839 = DEFINITIONAL_REPRESENTATION('',(#8840),#8844);
#8840 = LINE('',#8841,#8842);
#8841 = CARTESIAN_POINT('',(0.,-2.5));
#8842 = VECTOR('',#8843,1.);
#8843 = DIRECTION('',(1.,0.));
#8844 = ( GEOMETRIC_REPRESENTATION_CONTEXT(2) 
PARAMETRIC_REPRESENTATION_CONTEXT() REPRESENTATION_CONTEXT('2D SPACE',''
  ) );
#8845 = ORIENTED_EDGE('',*,*,#8846,.T.);
#8846 = EDGE_CURVE('',#8824,#8847,#8849,.T.);
#8847 = VERTEX_POINT('',#8848);
#8848 = CARTESIAN_POINT('',(-16.32568421935,-24.9,6.5));
#8849 = SURFACE_CURVE('',#8850,(#8854,#8861),.PCURVE_S1.);
#8850 = LINE('',#8851,#8852);
#8851 = CARTESIAN_POINT('',(-19.67431578065,-24.9,6.5));
#8852 = VECTOR('',#8853,1.);
#8853 = DIRECTION('',(1.,-5.304724652093E-16,0.));
#8854 = PCURVE('',#5123,#8855);
#8855 = DEFINITIONAL_REPRESENTATION('',(#8856),#8860);
#8856 = LINE('',#8857,#8858);
#8857 = CARTESIAN_POINT('',(-1.67431578065,-2.9));
#8858 = VECTOR('',#8859,1.);
#8859 = DIRECTION('',(1.,-5.304724652093E-16));
#8860 = ( GEOMETRIC_REPRESENTATION_CONTEXT(2) 
PARAMETRIC_REPRESENTATION_CONTEXT() REPRESENTATION_CONTEXT('2D SPACE',''
  ) );
#8861 = PCURVE('',#5529,#8862);
#8862 = DEFINITIONAL_REPRESENTATION('',(#8863),#8867);
#8863 = LINE('',#8864,#8865);
#8864 = CARTESIAN_POINT('',(0.,-2.5));
#8865 = VECTOR('',#8866,1.);
#8866 = DIRECTION('',(1.,0.));
#8867 = ( GEOMETRIC_REPRESENTATION_CONTEXT(2) 
PARAMETRIC_REPRESENTATION_CONTEXT() REPRESENTATION_CONTEXT('2D SPACE',''
  ) );
#8868 = ORIENTED_EDGE('',*,*,#8869,.T.);
#8869 = EDGE_CURVE('',#8847,#8753,#8870,.T.);
#8870 = SURFACE_CURVE('',#8871,(#8875,#8882),.PCURVE_S1.);
#8871 = LINE('',#8872,#8873);
#8872 = CARTESIAN_POINT('',(-16.32568421935,-24.9,6.5));
#8873 = VECTOR('',#8874,1.);
#8874 = DIRECTION('',(0.5,0.866025403784,0.));
#8875 = PCURVE('',#5123,#8876);
#8876 = DEFINITIONAL_REPRESENTATION('',(#8877),#8881);
#8877 = LINE('',#8878,#8879);
#8878 = CARTESIAN_POINT('',(1.67431578065,-2.9));
#8879 = VECTOR('',#8880,1.);
#8880 = DIRECTION('',(0.5,0.866025403784));
#8881 = ( GEOMETRIC_REPRESENTATION_CONTEXT(2) 
PARAMETRIC_REPRESENTATION_CONTEXT() REPRESENTATION_CONTEXT('2D SPACE',''
  ) );
#8882 = PCURVE('',#5501,#8883);
#8883 = DEFINITIONAL_REPRESENTATION('',(#8884),#8888);
#8884 = LINE('',#8885,#8886);
#8885 = CARTESIAN_POINT('',(0.,-2.5));
#8886 = VECTOR('',#8887,1.);
#8887 = DIRECTION('',(1.,0.));
#8888 = ( GEOMETRIC_REPRESENTATION_CONTEXT(2) 
PARAMETRIC_REPRESENTATION_CONTEXT() REPRESENTATION_CONTEXT('2D SPACE',''
  ) );
#8889 = FACE_BOUND('',#8890,.F.);
#8890 = EDGE_LOOP('',(#8891));
#8891 = ORIENTED_EDGE('',*,*,#5108,.F.);
#8892 = ADVANCED_FACE('',(#8893,#9033),#5178,.F.);
#8893 = FACE_BOUND('',#8894,.F.);
#8894 = EDGE_LOOP('',(#8895,#8920,#8943,#8966,#8989,#9012));
#8895 = ORIENTED_EDGE('',*,*,#8896,.T.);
#8896 = EDGE_CURVE('',#8897,#8899,#8901,.T.);
#8897 = VERTEX_POINT('',#8898);
#8898 = CARTESIAN_POINT('',(21.3486315613,-22.,6.5));
#8899 = VERTEX_POINT('',#8900);
#8900 = CARTESIAN_POINT('',(19.67431578065,-19.1,6.5));
#8901 = SURFACE_CURVE('',#8902,(#8906,#8913),.PCURVE_S1.);
#8902 = LINE('',#8903,#8904);
#8903 = CARTESIAN_POINT('',(21.3486315613,-22.,6.5));
#8904 = VECTOR('',#8905,1.);
#8905 = DIRECTION('',(-0.5,0.866025403784,0.));
#8906 = PCURVE('',#5178,#8907);
#8907 = DEFINITIONAL_REPRESENTATION('',(#8908),#8912);
#8908 = LINE('',#8909,#8910);
#8909 = CARTESIAN_POINT('',(3.3486315613,-3.552713678801E-15));
#8910 = VECTOR('',#8911,1.);
#8911 = DIRECTION('',(-0.5,0.866025403784));
#8912 = ( GEOMETRIC_REPRESENTATION_CONTEXT(2) 
PARAMETRIC_REPRESENTATION_CONTEXT() REPRESENTATION_CONTEXT('2D SPACE',''
  ) );
#8913 = PCURVE('',#5650,#8914);
#8914 = DEFINITIONAL_REPRESENTATION('',(#8915),#8919);
#8915 = LINE('',#8916,#8917);
#8916 = CARTESIAN_POINT('',(0.,-2.5));
#8917 = VECTOR('',#8918,1.);
#8918 = DIRECTION('',(1.,0.));
#8919 = ( GEOMETRIC_REPRESENTATION_CONTEXT(2) 
PARAMETRIC_REPRESENTATION_CONTEXT() REPRESENTATION_CONTEXT('2D SPACE',''
  ) );
#8920 = ORIENTED_EDGE('',*,*,#8921,.T.);
#8921 = EDGE_CURVE('',#8899,#8922,#8924,.T.);
#8922 = VERTEX_POINT('',#8923);
#8923 = CARTESIAN_POINT('',(16.32568421935,-19.1,6.5));
#8924 = SURFACE_CURVE('',#8925,(#8929,#8936),.PCURVE_S1.);
#8925 = LINE('',#8926,#8927);
#8926 = CARTESIAN_POINT('',(19.67431578065,-19.1,6.5));
#8927 = VECTOR('',#8928,1.);
#8928 = DIRECTION('',(-1.,1.326181163023E-16,0.));
#8929 = PCURVE('',#5178,#8930);
#8930 = DEFINITIONAL_REPRESENTATION('',(#8931),#8935);
#8931 = LINE('',#8932,#8933);
#8932 = CARTESIAN_POINT('',(1.67431578065,2.9));
#8933 = VECTOR('',#8934,1.);
#8934 = DIRECTION('',(-1.,1.326181163023E-16));
#8935 = ( GEOMETRIC_REPRESENTATION_CONTEXT(2) 
PARAMETRIC_REPRESENTATION_CONTEXT() REPRESENTATION_CONTEXT('2D SPACE',''
  ) );
#8936 = PCURVE('',#5788,#8937);
#8937 = DEFINITIONAL_REPRESENTATION('',(#8938),#8942);
#8938 = LINE('',#8939,#8940);
#8939 = CARTESIAN_POINT('',(0.,-2.5));
#8940 = VECTOR('',#8941,1.);
#8941 = DIRECTION('',(1.,0.));
#8942 = ( GEOMETRIC_REPRESENTATION_CONTEXT(2) 
PARAMETRIC_REPRESENTATION_CONTEXT() REPRESENTATION_CONTEXT('2D SPACE',''
  ) );
#8943 = ORIENTED_EDGE('',*,*,#8944,.T.);
#8944 = EDGE_CURVE('',#8922,#8945,#8947,.T.);
#8945 = VERTEX_POINT('',#8946);
#8946 = CARTESIAN_POINT('',(14.6513684387,-22.,6.5));
#8947 = SURFACE_CURVE('',#8948,(#8952,#8959),.PCURVE_S1.);
#8948 = LINE('',#8949,#8950);
#8949 = CARTESIAN_POINT('',(16.32568421935,-19.1,6.5));
#8950 = VECTOR('',#8951,1.);
#8951 = DIRECTION('',(-0.5,-0.866025403784,0.));
#8952 = PCURVE('',#5178,#8953);
#8953 = DEFINITIONAL_REPRESENTATION('',(#8954),#8958);
#8954 = LINE('',#8955,#8956);
#8955 = CARTESIAN_POINT('',(-1.67431578065,2.9));
#8956 = VECTOR('',#8957,1.);
#8957 = DIRECTION('',(-0.5,-0.866025403784));
#8958 = ( GEOMETRIC_REPRESENTATION_CONTEXT(2) 
PARAMETRIC_REPRESENTATION_CONTEXT() REPRESENTATION_CONTEXT('2D SPACE',''
  ) );
#8959 = PCURVE('',#5762,#8960);
#8960 = DEFINITIONAL_REPRESENTATION('',(#8961),#8965);
#8961 = LINE('',#8962,#8963);
#8962 = CARTESIAN_POINT('',(0.,-2.5));
#8963 = VECTOR('',#8964,1.);
#8964 = DIRECTION('',(1.,0.));
#8965 = ( GEOMETRIC_REPRESENTATION_CONTEXT(2) 
PARAMETRIC_REPRESENTATION_CONTEXT() REPRESENTATION_CONTEXT('2D SPACE',''
  ) );
#8966 = ORIENTED_EDGE('',*,*,#8967,.T.);
#8967 = EDGE_CURVE('',#8945,#8968,#8970,.T.);
#8968 = VERTEX_POINT('',#8969);
#8969 = CARTESIAN_POINT('',(16.32568421935,-24.9,6.5));
#8970 = SURFACE_CURVE('',#8971,(#8975,#8982),.PCURVE_S1.);
#8971 = LINE('',#8972,#8973);
#8972 = CARTESIAN_POINT('',(14.6513684387,-22.,6.5));
#8973 = VECTOR('',#8974,1.);
#8974 = DIRECTION('',(0.5,-0.866025403784,0.));
#8975 = PCURVE('',#5178,#8976);
#8976 = DEFINITIONAL_REPRESENTATION('',(#8977),#8981);
#8977 = LINE('',#8978,#8979);
#8978 = CARTESIAN_POINT('',(-3.3486315613,-3.552713678801E-15));
#8979 = VECTOR('',#8980,1.);
#8980 = DIRECTION('',(0.5,-0.866025403784));
#8981 = ( GEOMETRIC_REPRESENTATION_CONTEXT(2) 
PARAMETRIC_REPRESENTATION_CONTEXT() REPRESENTATION_CONTEXT('2D SPACE',''
  ) );
#8982 = PCURVE('',#5734,#8983);
#8983 = DEFINITIONAL_REPRESENTATION('',(#8984),#8988);
#8984 = LINE('',#8985,#8986);
#8985 = CARTESIAN_POINT('',(0.,-2.5));
#8986 = VECTOR('',#8987,1.);
#8987 = DIRECTION('',(1.,0.));
#8988 = ( GEOMETRIC_REPRESENTATION_CONTEXT(2) 
PARAMETRIC_REPRESENTATION_CONTEXT() REPRESENTATION_CONTEXT('2D SPACE',''
  ) );
#8989 = ORIENTED_EDGE('',*,*,#8990,.T.);
#8990 = EDGE_CURVE('',#8968,#8991,#8993,.T.);
#8991 = VERTEX_POINT('',#8992);
#8992 = CARTESIAN_POINT('',(19.67431578065,-24.9,6.5));
#8993 = SURFACE_CURVE('',#8994,(#8998,#9005),.PCURVE_S1.);
#8994 = LINE('',#8995,#8996);
#8995 = CARTESIAN_POINT('',(16.32568421935,-24.9,6.5));
#8996 = VECTOR('',#8997,1.);
#8997 = DIRECTION('',(1.,-5.304724652093E-16,0.));
#8998 = PCURVE('',#5178,#8999);
#8999 = DEFINITIONAL_REPRESENTATION('',(#9000),#9004);
#9000 = LINE('',#9001,#9002);
#9001 = CARTESIAN_POINT('',(-1.67431578065,-2.9));
#9002 = VECTOR('',#9003,1.);
#9003 = DIRECTION('',(1.,-5.304724652093E-16));
#9004 = ( GEOMETRIC_REPRESENTATION_CONTEXT(2) 
PARAMETRIC_REPRESENTATION_CONTEXT() REPRESENTATION_CONTEXT('2D SPACE',''
  ) );
#9005 = PCURVE('',#5706,#9006);
#9006 = DEFINITIONAL_REPRESENTATION('',(#9007),#9011);
#9007 = LINE('',#9008,#9009);
#9008 = CARTESIAN_POINT('',(0.,-2.5));
#9009 = VECTOR('',#9010,1.);
#9010 = DIRECTION('',(1.,0.));
#9011 = ( GEOMETRIC_REPRESENTATION_CONTEXT(2) 
PARAMETRIC_REPRESENTATION_CONTEXT() REPRESENTATION_CONTEXT('2D SPACE',''
  ) );
#9012 = ORIENTED_EDGE('',*,*,#9013,.T.);
#9013 = EDGE_CURVE('',#8991,#8897,#9014,.T.);
#9014 = SURFACE_CURVE('',#9015,(#9019,#9026),.PCURVE_S1.);
#9015 = LINE('',#9016,#9017);
#9016 = CARTESIAN_POINT('',(19.67431578065,-24.9,6.5));
#9017 = VECTOR('',#9018,1.);
#9018 = DIRECTION('',(0.5,0.866025403784,0.));
#9019 = PCURVE('',#5178,#9020);
#9020 = DEFINITIONAL_REPRESENTATION('',(#9021),#9025);
#9021 = LINE('',#9022,#9023);
#9022 = CARTESIAN_POINT('',(1.67431578065,-2.9));
#9023 = VECTOR('',#9024,1.);
#9024 = DIRECTION('',(0.5,0.866025403784));
#9025 = ( GEOMETRIC_REPRESENTATION_CONTEXT(2) 
PARAMETRIC_REPRESENTATION_CONTEXT() REPRESENTATION_CONTEXT('2D SPACE',''
  ) );
#9026 = PCURVE('',#5678,#9027);
#9027 = DEFINITIONAL_REPRESENTATION('',(#9028),#9032);
#9028 = LINE('',#9029,#9030);
#9029 = CARTESIAN_POINT('',(0.,-2.5));
#9030 = VECTOR('',#9031,1.);
#9031 = DIRECTION('',(1.,0.));
#9032 = ( GEOMETRIC_REPRESENTATION_CONTEXT(2) 
PARAMETRIC_REPRESENTATION_CONTEXT() REPRESENTATION_CONTEXT('2D SPACE',''
  ) );
#9033 = FACE_BOUND('',#9034,.F.);
#9034 = EDGE_LOOP('',(#9035));
#9035 = ORIENTED_EDGE('',*,*,#5163,.F.);
#9036 = ADVANCED_FACE('',(#9037,#9177),#5233,.F.);
#9037 = FACE_BOUND('',#9038,.F.);
#9038 = EDGE_LOOP('',(#9039,#9064,#9087,#9110,#9133,#9156));
#9039 = ORIENTED_EDGE('',*,*,#9040,.T.);
#9040 = EDGE_CURVE('',#9041,#9043,#9045,.T.);
#9041 = VERTEX_POINT('',#9042);
#9042 = CARTESIAN_POINT('',(-14.6513684387,22.,6.5));
#9043 = VERTEX_POINT('',#9044);
#9044 = CARTESIAN_POINT('',(-16.32568421935,24.9,6.5));
#9045 = SURFACE_CURVE('',#9046,(#9050,#9057),.PCURVE_S1.);
#9046 = LINE('',#9047,#9048);
#9047 = CARTESIAN_POINT('',(-14.6513684387,22.,6.5));
#9048 = VECTOR('',#9049,1.);
#9049 = DIRECTION('',(-0.5,0.866025403784,0.));
#9050 = PCURVE('',#5233,#9051);
#9051 = DEFINITIONAL_REPRESENTATION('',(#9052),#9056);
#9052 = LINE('',#9053,#9054);
#9053 = CARTESIAN_POINT('',(3.3486315613,3.552713678801E-15));
#9054 = VECTOR('',#9055,1.);
#9055 = DIRECTION('',(-0.5,0.866025403784));
#9056 = ( GEOMETRIC_REPRESENTATION_CONTEXT(2) 
PARAMETRIC_REPRESENTATION_CONTEXT() REPRESENTATION_CONTEXT('2D SPACE',''
  ) );
#9057 = PCURVE('',#6430,#9058);
#9058 = DEFINITIONAL_REPRESENTATION('',(#9059),#9063);
#9059 = LINE('',#9060,#9061);
#9060 = CARTESIAN_POINT('',(0.,-2.5));
#9061 = VECTOR('',#9062,1.);
#9062 = DIRECTION('',(1.,0.));
#9063 = ( GEOMETRIC_REPRESENTATION_CONTEXT(2) 
PARAMETRIC_REPRESENTATION_CONTEXT() REPRESENTATION_CONTEXT('2D SPACE',''
  ) );
#9064 = ORIENTED_EDGE('',*,*,#9065,.T.);
#9065 = EDGE_CURVE('',#9043,#9066,#9068,.T.);
#9066 = VERTEX_POINT('',#9067);
#9067 = CARTESIAN_POINT('',(-19.67431578065,24.9,6.5));
#9068 = SURFACE_CURVE('',#9069,(#9073,#9080),.PCURVE_S1.);
#9069 = LINE('',#9070,#9071);
#9070 = CARTESIAN_POINT('',(-16.32568421935,24.9,6.5));
#9071 = VECTOR('',#9072,1.);
#9072 = DIRECTION('',(-1.,1.326181163023E-16,0.));
#9073 = PCURVE('',#5233,#9074);
#9074 = DEFINITIONAL_REPRESENTATION('',(#9075),#9079);
#9075 = LINE('',#9076,#9077);
#9076 = CARTESIAN_POINT('',(1.67431578065,2.9));
#9077 = VECTOR('',#9078,1.);
#9078 = DIRECTION('',(-1.,1.326181163023E-16));
#9079 = ( GEOMETRIC_REPRESENTATION_CONTEXT(2) 
PARAMETRIC_REPRESENTATION_CONTEXT() REPRESENTATION_CONTEXT('2D SPACE',''
  ) );
#9080 = PCURVE('',#6568,#9081);
#9081 = DEFINITIONAL_REPRESENTATION('',(#9082),#9086);
#9082 = LINE('',#9083,#9084);
#9083 = CARTESIAN_POINT('',(0.,-2.5));
#9084 = VECTOR('',#9085,1.);
#9085 = DIRECTION('',(1.,0.));
#9086 = ( GEOMETRIC_REPRESENTATION_CONTEXT(2) 
PARAMETRIC_REPRESENTATION_CONTEXT() REPRESENTATION_CONTEXT('2D SPACE',''
  ) );
#9087 = ORIENTED_EDGE('',*,*,#9088,.T.);
#9088 = EDGE_CURVE('',#9066,#9089,#9091,.T.);
#9089 = VERTEX_POINT('',#9090);
#9090 = CARTESIAN_POINT('',(-21.3486315613,22.,6.5));
#9091 = SURFACE_CURVE('',#9092,(#9096,#9103),.PCURVE_S1.);
#9092 = LINE('',#9093,#9094);
#9093 = CARTESIAN_POINT('',(-19.67431578065,24.9,6.5));
#9094 = VECTOR('',#9095,1.);
#9095 = DIRECTION('',(-0.5,-0.866025403784,0.));
#9096 = PCURVE('',#5233,#9097);
#9097 = DEFINITIONAL_REPRESENTATION('',(#9098),#9102);
#9098 = LINE('',#9099,#9100);
#9099 = CARTESIAN_POINT('',(-1.67431578065,2.9));
#9100 = VECTOR('',#9101,1.);
#9101 = DIRECTION('',(-0.5,-0.866025403784));
#9102 = ( GEOMETRIC_REPRESENTATION_CONTEXT(2) 
PARAMETRIC_REPRESENTATION_CONTEXT() REPRESENTATION_CONTEXT('2D SPACE',''
  ) );
#9103 = PCURVE('',#6542,#9104);
#9104 = DEFINITIONAL_REPRESENTATION('',(#9105),#9109);
#9105 = LINE('',#9106,#9107);
#9106 = CARTESIAN_POINT('',(0.,-2.5));
#9107 = VECTOR('',#9108,1.);
#9108 = DIRECTION('',(1.,0.));
#9109 = ( GEOMETRIC_REPRESENTATION_CONTEXT(2) 
PARAMETRIC_REPRESENTATION_CONTEXT() REPRESENTATION_CONTEXT('2D SPACE',''
  ) );
#9110 = ORIENTED_EDGE('',*,*,#9111,.T.);
#9111 = EDGE_CURVE('',#9089,#9112,#9114,.T.);
#9112 = VERTEX_POINT('',#9113);
#9113 = CARTESIAN_POINT('',(-19.67431578065,19.1,6.5));
#9114 = SURFACE_CURVE('',#9115,(#9119,#9126),.PCURVE_S1.);
#9115 = LINE('',#9116,#9117);
#9116 = CARTESIAN_POINT('',(-21.3486315613,22.,6.5));
#9117 = VECTOR('',#9118,1.);
#9118 = DIRECTION('',(0.5,-0.866025403784,0.));
#9119 = PCURVE('',#5233,#9120);
#9120 = DEFINITIONAL_REPRESENTATION('',(#9121),#9125);
#9121 = LINE('',#9122,#9123);
#9122 = CARTESIAN_POINT('',(-3.3486315613,3.552713678801E-15));
#9123 = VECTOR('',#9124,1.);
#9124 = DIRECTION('',(0.5,-0.866025403784));
#9125 = ( GEOMETRIC_REPRESENTATION_CONTEXT(2) 
PARAMETRIC_REPRESENTATION_CONTEXT() REPRESENTATION_CONTEXT('2D SPACE',''
  ) );
#9126 = PCURVE('',#6514,#9127);
#9127 = DEFINITIONAL_REPRESENTATION('',(#9128),#9132);
#9128 = LINE('',#9129,#9130);
#9129 = CARTESIAN_POINT('',(0.,-2.5));
#9130 = VECTOR('',#9131,1.);
#9131 = DIRECTION('',(1.,0.));
#9132 = ( GEOMETRIC_REPRESENTATION_CONTEXT(2) 
PARAMETRIC_REPRESENTATION_CONTEXT() REPRESENTATION_CONTEXT('2D SPACE',''
  ) );
#9133 = ORIENTED_EDGE('',*,*,#9134,.T.);
#9134 = EDGE_CURVE('',#9112,#9135,#9137,.T.);
#9135 = VERTEX_POINT('',#9136);
#9136 = CARTESIAN_POINT('',(-16.32568421935,19.1,6.5));
#9137 = SURFACE_CURVE('',#9138,(#9142,#9149),.PCURVE_S1.);
#9138 = LINE('',#9139,#9140);
#9139 = CARTESIAN_POINT('',(-19.67431578065,19.1,6.5));
#9140 = VECTOR('',#9141,1.);
#9141 = DIRECTION('',(1.,-5.304724652093E-16,0.));
#9142 = PCURVE('',#5233,#9143);
#9143 = DEFINITIONAL_REPRESENTATION('',(#9144),#9148);
#9144 = LINE('',#9145,#9146);
#9145 = CARTESIAN_POINT('',(-1.67431578065,-2.9));
#9146 = VECTOR('',#9147,1.);
#9147 = DIRECTION('',(1.,-5.304724652093E-16));
#9148 = ( GEOMETRIC_REPRESENTATION_CONTEXT(2) 
PARAMETRIC_REPRESENTATION_CONTEXT() REPRESENTATION_CONTEXT('2D SPACE',''
  ) );
#9149 = PCURVE('',#6486,#9150);
#9150 = DEFINITIONAL_REPRESENTATION('',(#9151),#9155);
#9151 = LINE('',#9152,#9153);
#9152 = CARTESIAN_POINT('',(0.,-2.5));
#9153 = VECTOR('',#9154,1.);
#9154 = DIRECTION('',(1.,0.));
#9155 = ( GEOMETRIC_REPRESENTATION_CONTEXT(2) 
PARAMETRIC_REPRESENTATION_CONTEXT() REPRESENTATION_CONTEXT('2D SPACE',''
  ) );
#9156 = ORIENTED_EDGE('',*,*,#9157,.T.);
#9157 = EDGE_CURVE('',#9135,#9041,#9158,.T.);
#9158 = SURFACE_CURVE('',#9159,(#9163,#9170),.PCURVE_S1.);
#9159 = LINE('',#9160,#9161);
#9160 = CARTESIAN_POINT('',(-16.32568421935,19.1,6.5));
#9161 = VECTOR('',#9162,1.);
#9162 = DIRECTION('',(0.5,0.866025403784,0.));
#9163 = PCURVE('',#5233,#9164);
#9164 = DEFINITIONAL_REPRESENTATION('',(#9165),#9169);
#9165 = LINE('',#9166,#9167);
#9166 = CARTESIAN_POINT('',(1.67431578065,-2.9));
#9167 = VECTOR('',#9168,1.);
#9168 = DIRECTION('',(0.5,0.866025403784));
#9169 = ( GEOMETRIC_REPRESENTATION_CONTEXT(2) 
PARAMETRIC_REPRESENTATION_CONTEXT() REPRESENTATION_CONTEXT('2D SPACE',''
  ) );
#9170 = PCURVE('',#6458,#9171);
#9171 = DEFINITIONAL_REPRESENTATION('',(#9172),#9176);
#9172 = LINE('',#9173,#9174);
#9173 = CARTESIAN_POINT('',(0.,-2.5));
#9174 = VECTOR('',#9175,1.);
#9175 = DIRECTION('',(1.,0.));
#9176 = ( GEOMETRIC_REPRESENTATION_CONTEXT(2) 
PARAMETRIC_REPRESENTATION_CONTEXT() REPRESENTATION_CONTEXT('2D SPACE',''
  ) );
#9177 = FACE_BOUND('',#9178,.F.);
#9178 = EDGE_LOOP('',(#9179));
#9179 = ORIENTED_EDGE('',*,*,#5218,.F.);
#9180 = ADVANCED_FACE('',(#9181,#9321),#5288,.F.);
#9181 = FACE_BOUND('',#9182,.F.);
#9182 = EDGE_LOOP('',(#9183,#9208,#9231,#9254,#9277,#9300));
#9183 = ORIENTED_EDGE('',*,*,#9184,.T.);
#9184 = EDGE_CURVE('',#9185,#9187,#9189,.T.);
#9185 = VERTEX_POINT('',#9186);
#9186 = CARTESIAN_POINT('',(21.3486315613,22.,6.5));
#9187 = VERTEX_POINT('',#9188);
#9188 = CARTESIAN_POINT('',(19.67431578065,24.9,6.5));
#9189 = SURFACE_CURVE('',#9190,(#9194,#9201),.PCURVE_S1.);
#9190 = LINE('',#9191,#9192);
#9191 = CARTESIAN_POINT('',(21.3486315613,22.,6.5));
#9192 = VECTOR('',#9193,1.);
#9193 = DIRECTION('',(-0.5,0.866025403784,0.));
#9194 = PCURVE('',#5288,#9195);
#9195 = DEFINITIONAL_REPRESENTATION('',(#9196),#9200);
#9196 = LINE('',#9197,#9198);
#9197 = CARTESIAN_POINT('',(3.3486315613,3.552713678801E-15));
#9198 = VECTOR('',#9199,1.);
#9199 = DIRECTION('',(-0.5,0.866025403784));
#9200 = ( GEOMETRIC_REPRESENTATION_CONTEXT(2) 
PARAMETRIC_REPRESENTATION_CONTEXT() REPRESENTATION_CONTEXT('2D SPACE',''
  ) );
#9201 = PCURVE('',#6607,#9202);
#9202 = DEFINITIONAL_REPRESENTATION('',(#9203),#9207);
#9203 = LINE('',#9204,#9205);
#9204 = CARTESIAN_POINT('',(0.,-2.5));
#9205 = VECTOR('',#9206,1.);
#9206 = DIRECTION('',(1.,0.));
#9207 = ( GEOMETRIC_REPRESENTATION_CONTEXT(2) 
PARAMETRIC_REPRESENTATION_CONTEXT() REPRESENTATION_CONTEXT('2D SPACE',''
  ) );
#9208 = ORIENTED_EDGE('',*,*,#9209,.T.);
#9209 = EDGE_CURVE('',#9187,#9210,#9212,.T.);
#9210 = VERTEX_POINT('',#9211);
#9211 = CARTESIAN_POINT('',(16.32568421935,24.9,6.5));
#9212 = SURFACE_CURVE('',#9213,(#9217,#9224),.PCURVE_S1.);
#9213 = LINE('',#9214,#9215);
#9214 = CARTESIAN_POINT('',(19.67431578065,24.9,6.5));
#9215 = VECTOR('',#9216,1.);
#9216 = DIRECTION('',(-1.,1.326181163023E-16,0.));
#9217 = PCURVE('',#5288,#9218);
#9218 = DEFINITIONAL_REPRESENTATION('',(#9219),#9223);
#9219 = LINE('',#9220,#9221);
#9220 = CARTESIAN_POINT('',(1.67431578065,2.9));
#9221 = VECTOR('',#9222,1.);
#9222 = DIRECTION('',(-1.,1.326181163023E-16));
#9223 = ( GEOMETRIC_REPRESENTATION_CONTEXT(2) 
PARAMETRIC_REPRESENTATION_CONTEXT() REPRESENTATION_CONTEXT('2D SPACE',''
  ) );
#9224 = PCURVE('',#6745,#9225);
#9225 = DEFINITIONAL_REPRESENTATION('',(#9226),#9230);
#9226 = LINE('',#9227,#9228);
#9227 = CARTESIAN_POINT('',(0.,-2.5));
#9228 = VECTOR('',#9229,1.);
#9229 = DIRECTION('',(1.,0.));
#9230 = ( GEOMETRIC_REPRESENTATION_CONTEXT(2) 
PARAMETRIC_REPRESENTATION_CONTEXT() REPRESENTATION_CONTEXT('2D SPACE',''
  ) );
#9231 = ORIENTED_EDGE('',*,*,#9232,.T.);
#9232 = EDGE_CURVE('',#9210,#9233,#9235,.T.);
#9233 = VERTEX_POINT('',#9234);
#9234 = CARTESIAN_POINT('',(14.6513684387,22.,6.5));
#9235 = SURFACE_CURVE('',#9236,(#9240,#9247),.PCURVE_S1.);
#9236 = LINE('',#9237,#9238);
#9237 = CARTESIAN_POINT('',(16.32568421935,24.9,6.5));
#9238 = VECTOR('',#9239,1.);
#9239 = DIRECTION('',(-0.5,-0.866025403784,0.));
#9240 = PCURVE('',#5288,#9241);
#9241 = DEFINITIONAL_REPRESENTATION('',(#9242),#9246);
#9242 = LINE('',#9243,#9244);
#9243 = CARTESIAN_POINT('',(-1.67431578065,2.9));
#9244 = VECTOR('',#9245,1.);
#9245 = DIRECTION('',(-0.5,-0.866025403784));
#9246 = ( GEOMETRIC_REPRESENTATION_CONTEXT(2) 
PARAMETRIC_REPRESENTATION_CONTEXT() REPRESENTATION_CONTEXT('2D SPACE',''
  ) );
#9247 = PCURVE('',#6719,#9248);
#9248 = DEFINITIONAL_REPRESENTATION('',(#9249),#9253);
#9249 = LINE('',#9250,#9251);
#9250 = CARTESIAN_POINT('',(0.,-2.5));
#9251 = VECTOR('',#9252,1.);
#9252 = DIRECTION('',(1.,0.));
#9253 = ( GEOMETRIC_REPRESENTATION_CONTEXT(2) 
PARAMETRIC_REPRESENTATION_CONTEXT() REPRESENTATION_CONTEXT('2D SPACE',''
  ) );
#9254 = ORIENTED_EDGE('',*,*,#9255,.T.);
#9255 = EDGE_CURVE('',#9233,#9256,#9258,.T.);
#9256 = VERTEX_POINT('',#9257);
#9257 = CARTESIAN_POINT('',(16.32568421935,19.1,6.5));
#9258 = SURFACE_CURVE('',#9259,(#9263,#9270),.PCURVE_S1.);
#9259 = LINE('',#9260,#9261);
#9260 = CARTESIAN_POINT('',(14.6513684387,22.,6.5));
#9261 = VECTOR('',#9262,1.);
#9262 = DIRECTION('',(0.5,-0.866025403784,0.));
#9263 = PCURVE('',#5288,#9264);
#9264 = DEFINITIONAL_REPRESENTATION('',(#9265),#9269);
#9265 = LINE('',#9266,#9267);
#9266 = CARTESIAN_POINT('',(-3.3486315613,3.552713678801E-15));
#9267 = VECTOR('',#9268,1.);
#9268 = DIRECTION('',(0.5,-0.866025403784));
#9269 = ( GEOMETRIC_REPRESENTATION_CONTEXT(2) 
PARAMETRIC_REPRESENTATION_CONTEXT() REPRESENTATION_CONTEXT('2D SPACE',''
  ) );
#9270 = PCURVE('',#6691,#9271);
#9271 = DEFINITIONAL_REPRESENTATION('',(#9272),#9276);
#9272 = LINE('',#9273,#9274);
#9273 = CARTESIAN_POINT('',(0.,-2.5));
#9274 = VECTOR('',#9275,1.);
#9275 = DIRECTION('',(1.,0.));
#9276 = ( GEOMETRIC_REPRESENTATION_CONTEXT(2) 
PARAMETRIC_REPRESENTATION_CONTEXT() REPRESENTATION_CONTEXT('2D SPACE',''
  ) );
#9277 = ORIENTED_EDGE('',*,*,#9278,.T.);
#9278 = EDGE_CURVE('',#9256,#9279,#9281,.T.);
#9279 = VERTEX_POINT('',#9280);
#9280 = CARTESIAN_POINT('',(19.67431578065,19.1,6.5));
#9281 = SURFACE_CURVE('',#9282,(#9286,#9293),.PCURVE_S1.);
#9282 = LINE('',#9283,#9284);
#9283 = CARTESIAN_POINT('',(16.32568421935,19.1,6.5));
#9284 = VECTOR('',#9285,1.);
#9285 = DIRECTION('',(1.,-5.304724652093E-16,0.));
#9286 = PCURVE('',#5288,#9287);
#9287 = DEFINITIONAL_REPRESENTATION('',(#9288),#9292);
#9288 = LINE('',#9289,#9290);
#9289 = CARTESIAN_POINT('',(-1.67431578065,-2.9));
#9290 = VECTOR('',#9291,1.);
#9291 = DIRECTION('',(1.,-5.304724652093E-16));
#9292 = ( GEOMETRIC_REPRESENTATION_CONTEXT(2) 
PARAMETRIC_REPRESENTATION_CONTEXT() REPRESENTATION_CONTEXT('2D SPACE',''
  ) );
#9293 = PCURVE('',#6663,#9294);
#9294 = DEFINITIONAL_REPRESENTATION('',(#9295),#9299);
#9295 = LINE('',#9296,#9297);
#9296 = CARTESIAN_POINT('',(0.,-2.5));
#9297 = VECTOR('',#9298,1.);
#9298 = DIRECTION('',(1.,0.));
#9299 = ( GEOMETRIC_REPRESENTATION_CONTEXT(2) 
PARAMETRIC_REPRESENTATION_CONTEXT() REPRESENTATION_CONTEXT('2D SPACE',''
  ) );
#9300 = ORIENTED_EDGE('',*,*,#9301,.T.);
#9301 = EDGE_CURVE('',#9279,#9185,#9302,.T.);
#9302 = SURFACE_CURVE('',#9303,(#9307,#9314),.PCURVE_S1.);
#9303 = LINE('',#9304,#9305);
#9304 = CARTESIAN_POINT('',(19.67431578065,19.1,6.5));
#9305 = VECTOR('',#9306,1.);
#9306 = DIRECTION('',(0.5,0.866025403784,0.));
#9307 = PCURVE('',#5288,#9308);
#9308 = DEFINITIONAL_REPRESENTATION('',(#9309),#9313);
#9309 = LINE('',#9310,#9311);
#9310 = CARTESIAN_POINT('',(1.67431578065,-2.9));
#9311 = VECTOR('',#9312,1.);
#9312 = DIRECTION('',(0.5,0.866025403784));
#9313 = ( GEOMETRIC_REPRESENTATION_CONTEXT(2) 
PARAMETRIC_REPRESENTATION_CONTEXT() REPRESENTATION_CONTEXT('2D SPACE',''
  ) );
#9314 = PCURVE('',#6635,#9315);
#9315 = DEFINITIONAL_REPRESENTATION('',(#9316),#9320);
#9316 = LINE('',#9317,#9318);
#9317 = CARTESIAN_POINT('',(0.,-2.5));
#9318 = VECTOR('',#9319,1.);
#9319 = DIRECTION('',(1.,0.));
#9320 = ( GEOMETRIC_REPRESENTATION_CONTEXT(2) 
PARAMETRIC_REPRESENTATION_CONTEXT() REPRESENTATION_CONTEXT('2D SPACE',''
  ) );
#9321 = FACE_BOUND('',#9322,.F.);
#9322 = EDGE_LOOP('',(#9323));
#9323 = ORIENTED_EDGE('',*,*,#5273,.F.);
#9324 = ADVANCED_FACE('',(#9325),#5473,.T.);
#9325 = FACE_BOUND('',#9326,.T.);
#9326 = EDGE_LOOP('',(#9327,#9348,#9349,#9370));
#9327 = ORIENTED_EDGE('',*,*,#9328,.T.);
#9328 = EDGE_CURVE('',#5456,#8753,#9329,.T.);
#9329 = SURFACE_CURVE('',#9330,(#9334,#9341),.PCURVE_S1.);
#9330 = LINE('',#9331,#9332);
#9331 = CARTESIAN_POINT('',(-14.6513684387,-22.,4.));
#9332 = VECTOR('',#9333,1.);
#9333 = DIRECTION('',(0.,0.,1.));
#9334 = PCURVE('',#5473,#9335);
#9335 = DEFINITIONAL_REPRESENTATION('',(#9336),#9340);
#9336 = LINE('',#9337,#9338);
#9337 = CARTESIAN_POINT('',(0.,0.));
#9338 = VECTOR('',#9339,1.);
#9339 = DIRECTION('',(0.,-1.));
#9340 = ( GEOMETRIC_REPRESENTATION_CONTEXT(2) 
PARAMETRIC_REPRESENTATION_CONTEXT() REPRESENTATION_CONTEXT('2D SPACE',''
  ) );
#9341 = PCURVE('',#5501,#9342);
#9342 = DEFINITIONAL_REPRESENTATION('',(#9343),#9347);
#9343 = LINE('',#9344,#9345);
#9344 = CARTESIAN_POINT('',(3.3486315613,0.));
#9345 = VECTOR('',#9346,1.);
#9346 = DIRECTION('',(0.,-1.));
#9347 = ( GEOMETRIC_REPRESENTATION_CONTEXT(2) 
PARAMETRIC_REPRESENTATION_CONTEXT() REPRESENTATION_CONTEXT('2D SPACE',''
  ) );
#9348 = ORIENTED_EDGE('',*,*,#8752,.T.);
#9349 = ORIENTED_EDGE('',*,*,#9350,.F.);
#9350 = EDGE_CURVE('',#5458,#8755,#9351,.T.);
#9351 = SURFACE_CURVE('',#9352,(#9356,#9363),.PCURVE_S1.);
#9352 = LINE('',#9353,#9354);
#9353 = CARTESIAN_POINT('',(-16.32568421935,-19.1,4.));
#9354 = VECTOR('',#9355,1.);
#9355 = DIRECTION('',(0.,0.,1.));
#9356 = PCURVE('',#5473,#9357);
#9357 = DEFINITIONAL_REPRESENTATION('',(#9358),#9362);
#9358 = LINE('',#9359,#9360);
#9359 = CARTESIAN_POINT('',(3.3486315613,0.));
#9360 = VECTOR('',#9361,1.);
#9361 = DIRECTION('',(0.,-1.));
#9362 = ( GEOMETRIC_REPRESENTATION_CONTEXT(2) 
PARAMETRIC_REPRESENTATION_CONTEXT() REPRESENTATION_CONTEXT('2D SPACE',''
  ) );
#9363 = PCURVE('',#5611,#9364);
#9364 = DEFINITIONAL_REPRESENTATION('',(#9365),#9369);
#9365 = LINE('',#9366,#9367);
#9366 = CARTESIAN_POINT('',(0.,0.));
#9367 = VECTOR('',#9368,1.);
#9368 = DIRECTION('',(0.,-1.));
#9369 = ( GEOMETRIC_REPRESENTATION_CONTEXT(2) 
PARAMETRIC_REPRESENTATION_CONTEXT() REPRESENTATION_CONTEXT('2D SPACE',''
  ) );
#9370 = ORIENTED_EDGE('',*,*,#5455,.F.);
#9371 = ADVANCED_FACE('',(#9372),#5611,.T.);
#9372 = FACE_BOUND('',#9373,.T.);
#9373 = EDGE_LOOP('',(#9374,#9375,#9376,#9397));
#9374 = ORIENTED_EDGE('',*,*,#9350,.T.);
#9375 = ORIENTED_EDGE('',*,*,#8777,.T.);
#9376 = ORIENTED_EDGE('',*,*,#9377,.F.);
#9377 = EDGE_CURVE('',#5570,#8778,#9378,.T.);
#9378 = SURFACE_CURVE('',#9379,(#9383,#9390),.PCURVE_S1.);
#9379 = LINE('',#9380,#9381);
#9380 = CARTESIAN_POINT('',(-19.67431578065,-19.1,4.));
#9381 = VECTOR('',#9382,1.);
#9382 = DIRECTION('',(0.,0.,1.));
#9383 = PCURVE('',#5611,#9384);
#9384 = DEFINITIONAL_REPRESENTATION('',(#9385),#9389);
#9385 = LINE('',#9386,#9387);
#9386 = CARTESIAN_POINT('',(3.3486315613,0.));
#9387 = VECTOR('',#9388,1.);
#9388 = DIRECTION('',(0.,-1.));
#9389 = ( GEOMETRIC_REPRESENTATION_CONTEXT(2) 
PARAMETRIC_REPRESENTATION_CONTEXT() REPRESENTATION_CONTEXT('2D SPACE',''
  ) );
#9390 = PCURVE('',#5585,#9391);
#9391 = DEFINITIONAL_REPRESENTATION('',(#9392),#9396);
#9392 = LINE('',#9393,#9394);
#9393 = CARTESIAN_POINT('',(0.,0.));
#9394 = VECTOR('',#9395,1.);
#9395 = DIRECTION('',(0.,-1.));
#9396 = ( GEOMETRIC_REPRESENTATION_CONTEXT(2) 
PARAMETRIC_REPRESENTATION_CONTEXT() REPRESENTATION_CONTEXT('2D SPACE',''
  ) );
#9397 = ORIENTED_EDGE('',*,*,#5597,.F.);
#9398 = ADVANCED_FACE('',(#9399),#5585,.T.);
#9399 = FACE_BOUND('',#9400,.T.);
#9400 = EDGE_LOOP('',(#9401,#9402,#9403,#9424));
#9401 = ORIENTED_EDGE('',*,*,#9377,.T.);
#9402 = ORIENTED_EDGE('',*,*,#8800,.T.);
#9403 = ORIENTED_EDGE('',*,*,#9404,.F.);
#9404 = EDGE_CURVE('',#5542,#8801,#9405,.T.);
#9405 = SURFACE_CURVE('',#9406,(#9410,#9417),.PCURVE_S1.);
#9406 = LINE('',#9407,#9408);
#9407 = CARTESIAN_POINT('',(-21.3486315613,-22.,4.));
#9408 = VECTOR('',#9409,1.);
#9409 = DIRECTION('',(0.,0.,1.));
#9410 = PCURVE('',#5585,#9411);
#9411 = DEFINITIONAL_REPRESENTATION('',(#9412),#9416);
#9412 = LINE('',#9413,#9414);
#9413 = CARTESIAN_POINT('',(3.3486315613,0.));
#9414 = VECTOR('',#9415,1.);
#9415 = DIRECTION('',(0.,-1.));
#9416 = ( GEOMETRIC_REPRESENTATION_CONTEXT(2) 
PARAMETRIC_REPRESENTATION_CONTEXT() REPRESENTATION_CONTEXT('2D SPACE',''
  ) );
#9417 = PCURVE('',#5557,#9418);
#9418 = DEFINITIONAL_REPRESENTATION('',(#9419),#9423);
#9419 = LINE('',#9420,#9421);
#9420 = CARTESIAN_POINT('',(0.,0.));
#9421 = VECTOR('',#9422,1.);
#9422 = DIRECTION('',(0.,-1.));
#9423 = ( GEOMETRIC_REPRESENTATION_CONTEXT(2) 
PARAMETRIC_REPRESENTATION_CONTEXT() REPRESENTATION_CONTEXT('2D SPACE',''
  ) );
#9424 = ORIENTED_EDGE('',*,*,#5569,.F.);
#9425 = ADVANCED_FACE('',(#9426),#5557,.T.);
#9426 = FACE_BOUND('',#9427,.T.);
#9427 = EDGE_LOOP('',(#9428,#9429,#9430,#9451));
#9428 = ORIENTED_EDGE('',*,*,#9404,.T.);
#9429 = ORIENTED_EDGE('',*,*,#8823,.T.);
#9430 = ORIENTED_EDGE('',*,*,#9431,.F.);
#9431 = EDGE_CURVE('',#5514,#8824,#9432,.T.);
#9432 = SURFACE_CURVE('',#9433,(#9437,#9444),.PCURVE_S1.);
#9433 = LINE('',#9434,#9435);
#9434 = CARTESIAN_POINT('',(-19.67431578065,-24.9,4.));
#9435 = VECTOR('',#9436,1.);
#9436 = DIRECTION('',(0.,0.,1.));
#9437 = PCURVE('',#5557,#9438);
#9438 = DEFINITIONAL_REPRESENTATION('',(#9439),#9443);
#9439 = LINE('',#9440,#9441);
#9440 = CARTESIAN_POINT('',(3.3486315613,0.));
#9441 = VECTOR('',#9442,1.);
#9442 = DIRECTION('',(0.,-1.));
#9443 = ( GEOMETRIC_REPRESENTATION_CONTEXT(2) 
PARAMETRIC_REPRESENTATION_CONTEXT() REPRESENTATION_CONTEXT('2D SPACE',''
  ) );
#9444 = PCURVE('',#5529,#9445);
#9445 = DEFINITIONAL_REPRESENTATION('',(#9446),#9450);
#9446 = LINE('',#9447,#9448);
#9447 = CARTESIAN_POINT('',(0.,0.));
#9448 = VECTOR('',#9449,1.);
#9449 = DIRECTION('',(0.,-1.));
#9450 = ( GEOMETRIC_REPRESENTATION_CONTEXT(2) 
PARAMETRIC_REPRESENTATION_CONTEXT() REPRESENTATION_CONTEXT('2D SPACE',''
  ) );
#9451 = ORIENTED_EDGE('',*,*,#5541,.F.);
#9452 = ADVANCED_FACE('',(#9453),#5529,.T.);
#9453 = FACE_BOUND('',#9454,.T.);
#9454 = EDGE_LOOP('',(#9455,#9456,#9457,#9478));
#9455 = ORIENTED_EDGE('',*,*,#9431,.T.);
#9456 = ORIENTED_EDGE('',*,*,#8846,.T.);
#9457 = ORIENTED_EDGE('',*,*,#9458,.F.);
#9458 = EDGE_CURVE('',#5486,#8847,#9459,.T.);
#9459 = SURFACE_CURVE('',#9460,(#9464,#9471),.PCURVE_S1.);
#9460 = LINE('',#9461,#9462);
#9461 = CARTESIAN_POINT('',(-16.32568421935,-24.9,4.));
#9462 = VECTOR('',#9463,1.);
#9463 = DIRECTION('',(0.,0.,1.));
#9464 = PCURVE('',#5529,#9465);
#9465 = DEFINITIONAL_REPRESENTATION('',(#9466),#9470);
#9466 = LINE('',#9467,#9468);
#9467 = CARTESIAN_POINT('',(3.3486315613,0.));
#9468 = VECTOR('',#9469,1.);
#9469 = DIRECTION('',(0.,-1.));
#9470 = ( GEOMETRIC_REPRESENTATION_CONTEXT(2) 
PARAMETRIC_REPRESENTATION_CONTEXT() REPRESENTATION_CONTEXT('2D SPACE',''
  ) );
#9471 = PCURVE('',#5501,#9472);
#9472 = DEFINITIONAL_REPRESENTATION('',(#9473),#9477);
#9473 = LINE('',#9474,#9475);
#9474 = CARTESIAN_POINT('',(0.,0.));
#9475 = VECTOR('',#9476,1.);
#9476 = DIRECTION('',(0.,-1.));
#9477 = ( GEOMETRIC_REPRESENTATION_CONTEXT(2) 
PARAMETRIC_REPRESENTATION_CONTEXT() REPRESENTATION_CONTEXT('2D SPACE',''
  ) );
#9478 = ORIENTED_EDGE('',*,*,#5513,.F.);
#9479 = ADVANCED_FACE('',(#9480),#5501,.T.);
#9480 = FACE_BOUND('',#9481,.T.);
#9481 = EDGE_LOOP('',(#9482,#9483,#9484,#9485));
#9482 = ORIENTED_EDGE('',*,*,#9458,.T.);
#9483 = ORIENTED_EDGE('',*,*,#8869,.T.);
#9484 = ORIENTED_EDGE('',*,*,#9328,.F.);
#9485 = ORIENTED_EDGE('',*,*,#5485,.F.);
#9486 = ADVANCED_FACE('',(#9487),#5650,.T.);
#9487 = FACE_BOUND('',#9488,.T.);
#9488 = EDGE_LOOP('',(#9489,#9510,#9511,#9532));
#9489 = ORIENTED_EDGE('',*,*,#9490,.T.);
#9490 = EDGE_CURVE('',#5633,#8897,#9491,.T.);
#9491 = SURFACE_CURVE('',#9492,(#9496,#9503),.PCURVE_S1.);
#9492 = LINE('',#9493,#9494);
#9493 = CARTESIAN_POINT('',(21.3486315613,-22.,4.));
#9494 = VECTOR('',#9495,1.);
#9495 = DIRECTION('',(0.,0.,1.));
#9496 = PCURVE('',#5650,#9497);
#9497 = DEFINITIONAL_REPRESENTATION('',(#9498),#9502);
#9498 = LINE('',#9499,#9500);
#9499 = CARTESIAN_POINT('',(0.,0.));
#9500 = VECTOR('',#9501,1.);
#9501 = DIRECTION('',(0.,-1.));
#9502 = ( GEOMETRIC_REPRESENTATION_CONTEXT(2) 
PARAMETRIC_REPRESENTATION_CONTEXT() REPRESENTATION_CONTEXT('2D SPACE',''
  ) );
#9503 = PCURVE('',#5678,#9504);
#9504 = DEFINITIONAL_REPRESENTATION('',(#9505),#9509);
#9505 = LINE('',#9506,#9507);
#9506 = CARTESIAN_POINT('',(3.3486315613,0.));
#9507 = VECTOR('',#9508,1.);
#9508 = DIRECTION('',(0.,-1.));
#9509 = ( GEOMETRIC_REPRESENTATION_CONTEXT(2) 
PARAMETRIC_REPRESENTATION_CONTEXT() REPRESENTATION_CONTEXT('2D SPACE',''
  ) );
#9510 = ORIENTED_EDGE('',*,*,#8896,.T.);
#9511 = ORIENTED_EDGE('',*,*,#9512,.F.);
#9512 = EDGE_CURVE('',#5635,#8899,#9513,.T.);
#9513 = SURFACE_CURVE('',#9514,(#9518,#9525),.PCURVE_S1.);
#9514 = LINE('',#9515,#9516);
#9515 = CARTESIAN_POINT('',(19.67431578065,-19.1,4.));
#9516 = VECTOR('',#9517,1.);
#9517 = DIRECTION('',(0.,0.,1.));
#9518 = PCURVE('',#5650,#9519);
#9519 = DEFINITIONAL_REPRESENTATION('',(#9520),#9524);
#9520 = LINE('',#9521,#9522);
#9521 = CARTESIAN_POINT('',(3.3486315613,0.));
#9522 = VECTOR('',#9523,1.);
#9523 = DIRECTION('',(0.,-1.));
#9524 = ( GEOMETRIC_REPRESENTATION_CONTEXT(2) 
PARAMETRIC_REPRESENTATION_CONTEXT() REPRESENTATION_CONTEXT('2D SPACE',''
  ) );
#9525 = PCURVE('',#5788,#9526);
#9526 = DEFINITIONAL_REPRESENTATION('',(#9527),#9531);
#9527 = LINE('',#9528,#9529);
#9528 = CARTESIAN_POINT('',(0.,0.));
#9529 = VECTOR('',#9530,1.);
#9530 = DIRECTION('',(0.,-1.));
#9531 = ( GEOMETRIC_REPRESENTATION_CONTEXT(2) 
PARAMETRIC_REPRESENTATION_CONTEXT() REPRESENTATION_CONTEXT('2D SPACE',''
  ) );
#9532 = ORIENTED_EDGE('',*,*,#5632,.F.);
#9533 = ADVANCED_FACE('',(#9534),#5788,.T.);
#9534 = FACE_BOUND('',#9535,.T.);
#9535 = EDGE_LOOP('',(#9536,#9537,#9538,#9559));
#9536 = ORIENTED_EDGE('',*,*,#9512,.T.);
#9537 = ORIENTED_EDGE('',*,*,#8921,.T.);
#9538 = ORIENTED_EDGE('',*,*,#9539,.F.);
#9539 = EDGE_CURVE('',#5747,#8922,#9540,.T.);
#9540 = SURFACE_CURVE('',#9541,(#9545,#9552),.PCURVE_S1.);
#9541 = LINE('',#9542,#9543);
#9542 = CARTESIAN_POINT('',(16.32568421935,-19.1,4.));
#9543 = VECTOR('',#9544,1.);
#9544 = DIRECTION('',(0.,0.,1.));
#9545 = PCURVE('',#5788,#9546);
#9546 = DEFINITIONAL_REPRESENTATION('',(#9547),#9551);
#9547 = LINE('',#9548,#9549);
#9548 = CARTESIAN_POINT('',(3.3486315613,0.));
#9549 = VECTOR('',#9550,1.);
#9550 = DIRECTION('',(0.,-1.));
#9551 = ( GEOMETRIC_REPRESENTATION_CONTEXT(2) 
PARAMETRIC_REPRESENTATION_CONTEXT() REPRESENTATION_CONTEXT('2D SPACE',''
  ) );
#9552 = PCURVE('',#5762,#9553);
#9553 = DEFINITIONAL_REPRESENTATION('',(#9554),#9558);
#9554 = LINE('',#9555,#9556);
#9555 = CARTESIAN_POINT('',(0.,0.));
#9556 = VECTOR('',#9557,1.);
#9557 = DIRECTION('',(0.,-1.));
#9558 = ( GEOMETRIC_REPRESENTATION_CONTEXT(2) 
PARAMETRIC_REPRESENTATION_CONTEXT() REPRESENTATION_CONTEXT('2D SPACE',''
  ) );
#9559 = ORIENTED_EDGE('',*,*,#5774,.F.);
#9560 = ADVANCED_FACE('',(#9561),#5762,.T.);
#9561 = FACE_BOUND('',#9562,.T.);
#9562 = EDGE_LOOP('',(#9563,#9564,#9565,#9586));
#9563 = ORIENTED_EDGE('',*,*,#9539,.T.);
#9564 = ORIENTED_EDGE('',*,*,#8944,.T.);
#9565 = ORIENTED_EDGE('',*,*,#9566,.F.);
#9566 = EDGE_CURVE('',#5719,#8945,#9567,.T.);
#9567 = SURFACE_CURVE('',#9568,(#9572,#9579),.PCURVE_S1.);
#9568 = LINE('',#9569,#9570);
#9569 = CARTESIAN_POINT('',(14.6513684387,-22.,4.));
#9570 = VECTOR('',#9571,1.);
#9571 = DIRECTION('',(0.,0.,1.));
#9572 = PCURVE('',#5762,#9573);
#9573 = DEFINITIONAL_REPRESENTATION('',(#9574),#9578);
#9574 = LINE('',#9575,#9576);
#9575 = CARTESIAN_POINT('',(3.3486315613,0.));
#9576 = VECTOR('',#9577,1.);
#9577 = DIRECTION('',(0.,-1.));
#9578 = ( GEOMETRIC_REPRESENTATION_CONTEXT(2) 
PARAMETRIC_REPRESENTATION_CONTEXT() REPRESENTATION_CONTEXT('2D SPACE',''
  ) );
#9579 = PCURVE('',#5734,#9580);
#9580 = DEFINITIONAL_REPRESENTATION('',(#9581),#9585);
#9581 = LINE('',#9582,#9583);
#9582 = CARTESIAN_POINT('',(0.,0.));
#9583 = VECTOR('',#9584,1.);
#9584 = DIRECTION('',(0.,-1.));
#9585 = ( GEOMETRIC_REPRESENTATION_CONTEXT(2) 
PARAMETRIC_REPRESENTATION_CONTEXT() REPRESENTATION_CONTEXT('2D SPACE',''
  ) );
#9586 = ORIENTED_EDGE('',*,*,#5746,.F.);
#9587 = ADVANCED_FACE('',(#9588),#5734,.T.);
#9588 = FACE_BOUND('',#9589,.T.);
#9589 = EDGE_LOOP('',(#9590,#9591,#9592,#9613));
#9590 = ORIENTED_EDGE('',*,*,#9566,.T.);
#9591 = ORIENTED_EDGE('',*,*,#8967,.T.);
#9592 = ORIENTED_EDGE('',*,*,#9593,.F.);
#9593 = EDGE_CURVE('',#5691,#8968,#9594,.T.);
#9594 = SURFACE_CURVE('',#9595,(#9599,#9606),.PCURVE_S1.);
#9595 = LINE('',#9596,#9597);
#9596 = CARTESIAN_POINT('',(16.32568421935,-24.9,4.));
#9597 = VECTOR('',#9598,1.);
#9598 = DIRECTION('',(0.,0.,1.));
#9599 = PCURVE('',#5734,#9600);
#9600 = DEFINITIONAL_REPRESENTATION('',(#9601),#9605);
#9601 = LINE('',#9602,#9603);
#9602 = CARTESIAN_POINT('',(3.3486315613,0.));
#9603 = VECTOR('',#9604,1.);
#9604 = DIRECTION('',(0.,-1.));
#9605 = ( GEOMETRIC_REPRESENTATION_CONTEXT(2) 
PARAMETRIC_REPRESENTATION_CONTEXT() REPRESENTATION_CONTEXT('2D SPACE',''
  ) );
#9606 = PCURVE('',#5706,#9607);
#9607 = DEFINITIONAL_REPRESENTATION('',(#9608),#9612);
#9608 = LINE('',#9609,#9610);
#9609 = CARTESIAN_POINT('',(0.,0.));
#9610 = VECTOR('',#9611,1.);
#9611 = DIRECTION('',(0.,-1.));
#9612 = ( GEOMETRIC_REPRESENTATION_CONTEXT(2) 
PARAMETRIC_REPRESENTATION_CONTEXT() REPRESENTATION_CONTEXT('2D SPACE',''
  ) );
#9613 = ORIENTED_EDGE('',*,*,#5718,.F.);
#9614 = ADVANCED_FACE('',(#9615),#5706,.T.);
#9615 = FACE_BOUND('',#9616,.T.);
#9616 = EDGE_LOOP('',(#9617,#9618,#9619,#9640));
#9617 = ORIENTED_EDGE('',*,*,#9593,.T.);
#9618 = ORIENTED_EDGE('',*,*,#8990,.T.);
#9619 = ORIENTED_EDGE('',*,*,#9620,.F.);
#9620 = EDGE_CURVE('',#5663,#8991,#9621,.T.);
#9621 = SURFACE_CURVE('',#9622,(#9626,#9633),.PCURVE_S1.);
#9622 = LINE('',#9623,#9624);
#9623 = CARTESIAN_POINT('',(19.67431578065,-24.9,4.));
#9624 = VECTOR('',#9625,1.);
#9625 = DIRECTION('',(0.,0.,1.));
#9626 = PCURVE('',#5706,#9627);
#9627 = DEFINITIONAL_REPRESENTATION('',(#9628),#9632);
#9628 = LINE('',#9629,#9630);
#9629 = CARTESIAN_POINT('',(3.3486315613,0.));
#9630 = VECTOR('',#9631,1.);
#9631 = DIRECTION('',(0.,-1.));
#9632 = ( GEOMETRIC_REPRESENTATION_CONTEXT(2) 
PARAMETRIC_REPRESENTATION_CONTEXT() REPRESENTATION_CONTEXT('2D SPACE',''
  ) );
#9633 = PCURVE('',#5678,#9634);
#9634 = DEFINITIONAL_REPRESENTATION('',(#9635),#9639);
#9635 = LINE('',#9636,#9637);
#9636 = CARTESIAN_POINT('',(0.,0.));
#9637 = VECTOR('',#9638,1.);
#9638 = DIRECTION('',(0.,-1.));
#9639 = ( GEOMETRIC_REPRESENTATION_CONTEXT(2) 
PARAMETRIC_REPRESENTATION_CONTEXT() REPRESENTATION_CONTEXT('2D SPACE',''
  ) );
#9640 = ORIENTED_EDGE('',*,*,#5690,.F.);
#9641 = ADVANCED_FACE('',(#9642),#5678,.T.);
#9642 = FACE_BOUND('',#9643,.T.);
#9643 = EDGE_LOOP('',(#9644,#9645,#9646,#9647));
#9644 = ORIENTED_EDGE('',*,*,#9620,.T.);
#9645 = ORIENTED_EDGE('',*,*,#9013,.T.);
#9646 = ORIENTED_EDGE('',*,*,#9490,.F.);
#9647 = ORIENTED_EDGE('',*,*,#5662,.F.);
#9648 = ADVANCED_FACE('',(#9649),#5864,.F.);
#9649 = FACE_BOUND('',#9650,.F.);
#9650 = EDGE_LOOP('',(#9651,#9652,#9653,#9654));
#9651 = ORIENTED_EDGE('',*,*,#5980,.F.);
#9652 = ORIENTED_EDGE('',*,*,#5904,.T.);
#9653 = ORIENTED_EDGE('',*,*,#5850,.T.);
#9654 = ORIENTED_EDGE('',*,*,#5953,.F.);
#9655 = ADVANCED_FACE('',(#9656),#6065,.F.);
#9656 = FACE_BOUND('',#9657,.F.);
#9657 = EDGE_LOOP('',(#9658,#9659,#9660,#9661));
#9658 = ORIENTED_EDGE('',*,*,#6181,.F.);
#9659 = ORIENTED_EDGE('',*,*,#6105,.T.);
#9660 = ORIENTED_EDGE('',*,*,#6051,.T.);
#9661 = ORIENTED_EDGE('',*,*,#6154,.F.);
#9662 = ADVANCED_FACE('',(#9663),#6266,.F.);
#9663 = FACE_BOUND('',#9664,.F.);
#9664 = EDGE_LOOP('',(#9665,#9666,#9667,#9668));
#9665 = ORIENTED_EDGE('',*,*,#6355,.F.);
#9666 = ORIENTED_EDGE('',*,*,#6382,.T.);
#9667 = ORIENTED_EDGE('',*,*,#6252,.T.);
#9668 = ORIENTED_EDGE('',*,*,#6306,.F.);
#9669 = ADVANCED_FACE('',(#9670),#6430,.T.);
#9670 = FACE_BOUND('',#9671,.T.);
#9671 = EDGE_LOOP('',(#9672,#9693,#9694,#9715));
#9672 = ORIENTED_EDGE('',*,*,#9673,.T.);
#9673 = EDGE_CURVE('',#6413,#9041,#9674,.T.);
#9674 = SURFACE_CURVE('',#9675,(#9679,#9686),.PCURVE_S1.);
#9675 = LINE('',#9676,#9677);
#9676 = CARTESIAN_POINT('',(-14.6513684387,22.,4.));
#9677 = VECTOR('',#9678,1.);
#9678 = DIRECTION('',(0.,0.,1.));
#9679 = PCURVE('',#6430,#9680);
#9680 = DEFINITIONAL_REPRESENTATION('',(#9681),#9685);
#9681 = LINE('',#9682,#9683);
#9682 = CARTESIAN_POINT('',(0.,0.));
#9683 = VECTOR('',#9684,1.);
#9684 = DIRECTION('',(0.,-1.));
#9685 = ( GEOMETRIC_REPRESENTATION_CONTEXT(2) 
PARAMETRIC_REPRESENTATION_CONTEXT() REPRESENTATION_CONTEXT('2D SPACE',''
  ) );
#9686 = PCURVE('',#6458,#9687);
#9687 = DEFINITIONAL_REPRESENTATION('',(#9688),#9692);
#9688 = LINE('',#9689,#9690);
#9689 = CARTESIAN_POINT('',(3.3486315613,0.));
#9690 = VECTOR('',#9691,1.);
#9691 = DIRECTION('',(0.,-1.));
#9692 = ( GEOMETRIC_REPRESENTATION_CONTEXT(2) 
PARAMETRIC_REPRESENTATION_CONTEXT() REPRESENTATION_CONTEXT('2D SPACE',''
  ) );
#9693 = ORIENTED_EDGE('',*,*,#9040,.T.);
#9694 = ORIENTED_EDGE('',*,*,#9695,.F.);
#9695 = EDGE_CURVE('',#6415,#9043,#9696,.T.);
#9696 = SURFACE_CURVE('',#9697,(#9701,#9708),.PCURVE_S1.);
#9697 = LINE('',#9698,#9699);
#9698 = CARTESIAN_POINT('',(-16.32568421935,24.9,4.));
#9699 = VECTOR('',#9700,1.);
#9700 = DIRECTION('',(0.,0.,1.));
#9701 = PCURVE('',#6430,#9702);
#9702 = DEFINITIONAL_REPRESENTATION('',(#9703),#9707);
#9703 = LINE('',#9704,#9705);
#9704 = CARTESIAN_POINT('',(3.3486315613,0.));
#9705 = VECTOR('',#9706,1.);
#9706 = DIRECTION('',(0.,-1.));
#9707 = ( GEOMETRIC_REPRESENTATION_CONTEXT(2) 
PARAMETRIC_REPRESENTATION_CONTEXT() REPRESENTATION_CONTEXT('2D SPACE',''
  ) );
#9708 = PCURVE('',#6568,#9709);
#9709 = DEFINITIONAL_REPRESENTATION('',(#9710),#9714);
#9710 = LINE('',#9711,#9712);
#9711 = CARTESIAN_POINT('',(0.,0.));
#9712 = VECTOR('',#9713,1.);
#9713 = DIRECTION('',(0.,-1.));
#9714 = ( GEOMETRIC_REPRESENTATION_CONTEXT(2) 
PARAMETRIC_REPRESENTATION_CONTEXT() REPRESENTATION_CONTEXT('2D SPACE',''
  ) );
#9715 = ORIENTED_EDGE('',*,*,#6412,.F.);
#9716 = ADVANCED_FACE('',(#9717),#6568,.T.);
#9717 = FACE_BOUND('',#9718,.T.);
#9718 = EDGE_LOOP('',(#9719,#9720,#9721,#9742));
#9719 = ORIENTED_EDGE('',*,*,#9695,.T.);
#9720 = ORIENTED_EDGE('',*,*,#9065,.T.);
#9721 = ORIENTED_EDGE('',*,*,#9722,.F.);
#9722 = EDGE_CURVE('',#6527,#9066,#9723,.T.);
#9723 = SURFACE_CURVE('',#9724,(#9728,#9735),.PCURVE_S1.);
#9724 = LINE('',#9725,#9726);
#9725 = CARTESIAN_POINT('',(-19.67431578065,24.9,4.));
#9726 = VECTOR('',#9727,1.);
#9727 = DIRECTION('',(0.,0.,1.));
#9728 = PCURVE('',#6568,#9729);
#9729 = DEFINITIONAL_REPRESENTATION('',(#9730),#9734);
#9730 = LINE('',#9731,#9732);
#9731 = CARTESIAN_POINT('',(3.3486315613,0.));
#9732 = VECTOR('',#9733,1.);
#9733 = DIRECTION('',(0.,-1.));
#9734 = ( GEOMETRIC_REPRESENTATION_CONTEXT(2) 
PARAMETRIC_REPRESENTATION_CONTEXT() REPRESENTATION_CONTEXT('2D SPACE',''
  ) );
#9735 = PCURVE('',#6542,#9736);
#9736 = DEFINITIONAL_REPRESENTATION('',(#9737),#9741);
#9737 = LINE('',#9738,#9739);
#9738 = CARTESIAN_POINT('',(0.,0.));
#9739 = VECTOR('',#9740,1.);
#9740 = DIRECTION('',(0.,-1.));
#9741 = ( GEOMETRIC_REPRESENTATION_CONTEXT(2) 
PARAMETRIC_REPRESENTATION_CONTEXT() REPRESENTATION_CONTEXT('2D SPACE',''
  ) );
#9742 = ORIENTED_EDGE('',*,*,#6554,.F.);
#9743 = ADVANCED_FACE('',(#9744),#6542,.T.);
#9744 = FACE_BOUND('',#9745,.T.);
#9745 = EDGE_LOOP('',(#9746,#9747,#9748,#9769));
#9746 = ORIENTED_EDGE('',*,*,#9722,.T.);
#9747 = ORIENTED_EDGE('',*,*,#9088,.T.);
#9748 = ORIENTED_EDGE('',*,*,#9749,.F.);
#9749 = EDGE_CURVE('',#6499,#9089,#9750,.T.);
#9750 = SURFACE_CURVE('',#9751,(#9755,#9762),.PCURVE_S1.);
#9751 = LINE('',#9752,#9753);
#9752 = CARTESIAN_POINT('',(-21.3486315613,22.,4.));
#9753 = VECTOR('',#9754,1.);
#9754 = DIRECTION('',(0.,0.,1.));
#9755 = PCURVE('',#6542,#9756);
#9756 = DEFINITIONAL_REPRESENTATION('',(#9757),#9761);
#9757 = LINE('',#9758,#9759);
#9758 = CARTESIAN_POINT('',(3.3486315613,0.));
#9759 = VECTOR('',#9760,1.);
#9760 = DIRECTION('',(0.,-1.));
#9761 = ( GEOMETRIC_REPRESENTATION_CONTEXT(2) 
PARAMETRIC_REPRESENTATION_CONTEXT() REPRESENTATION_CONTEXT('2D SPACE',''
  ) );
#9762 = PCURVE('',#6514,#9763);
#9763 = DEFINITIONAL_REPRESENTATION('',(#9764),#9768);
#9764 = LINE('',#9765,#9766);
#9765 = CARTESIAN_POINT('',(0.,0.));
#9766 = VECTOR('',#9767,1.);
#9767 = DIRECTION('',(0.,-1.));
#9768 = ( GEOMETRIC_REPRESENTATION_CONTEXT(2) 
PARAMETRIC_REPRESENTATION_CONTEXT() REPRESENTATION_CONTEXT('2D SPACE',''
  ) );
#9769 = ORIENTED_EDGE('',*,*,#6526,.F.);
#9770 = ADVANCED_FACE('',(#9771),#6514,.T.);
#9771 = FACE_BOUND('',#9772,.T.);
#9772 = EDGE_LOOP('',(#9773,#9774,#9775,#9796));
#9773 = ORIENTED_EDGE('',*,*,#9749,.T.);
#9774 = ORIENTED_EDGE('',*,*,#9111,.T.);
#9775 = ORIENTED_EDGE('',*,*,#9776,.F.);
#9776 = EDGE_CURVE('',#6471,#9112,#9777,.T.);
#9777 = SURFACE_CURVE('',#9778,(#9782,#9789),.PCURVE_S1.);
#9778 = LINE('',#9779,#9780);
#9779 = CARTESIAN_POINT('',(-19.67431578065,19.1,4.));
#9780 = VECTOR('',#9781,1.);
#9781 = DIRECTION('',(0.,0.,1.));
#9782 = PCURVE('',#6514,#9783);
#9783 = DEFINITIONAL_REPRESENTATION('',(#9784),#9788);
#9784 = LINE('',#9785,#9786);
#9785 = CARTESIAN_POINT('',(3.3486315613,0.));
#9786 = VECTOR('',#9787,1.);
#9787 = DIRECTION('',(0.,-1.));
#9788 = ( GEOMETRIC_REPRESENTATION_CONTEXT(2) 
PARAMETRIC_REPRESENTATION_CONTEXT() REPRESENTATION_CONTEXT('2D SPACE',''
  ) );
#9789 = PCURVE('',#6486,#9790);
#9790 = DEFINITIONAL_REPRESENTATION('',(#9791),#9795);
#9791 = LINE('',#9792,#9793);
#9792 = CARTESIAN_POINT('',(0.,0.));
#9793 = VECTOR('',#9794,1.);
#9794 = DIRECTION('',(0.,-1.));
#9795 = ( GEOMETRIC_REPRESENTATION_CONTEXT(2) 
PARAMETRIC_REPRESENTATION_CONTEXT() REPRESENTATION_CONTEXT('2D SPACE',''
  ) );
#9796 = ORIENTED_EDGE('',*,*,#6498,.F.);
#9797 = ADVANCED_FACE('',(#9798),#6486,.T.);
#9798 = FACE_BOUND('',#9799,.T.);
#9799 = EDGE_LOOP('',(#9800,#9801,#9802,#9823));
#9800 = ORIENTED_EDGE('',*,*,#9776,.T.);
#9801 = ORIENTED_EDGE('',*,*,#9134,.T.);
#9802 = ORIENTED_EDGE('',*,*,#9803,.F.);
#9803 = EDGE_CURVE('',#6443,#9135,#9804,.T.);
#9804 = SURFACE_CURVE('',#9805,(#9809,#9816),.PCURVE_S1.);
#9805 = LINE('',#9806,#9807);
#9806 = CARTESIAN_POINT('',(-16.32568421935,19.1,4.));
#9807 = VECTOR('',#9808,1.);
#9808 = DIRECTION('',(0.,0.,1.));
#9809 = PCURVE('',#6486,#9810);
#9810 = DEFINITIONAL_REPRESENTATION('',(#9811),#9815);
#9811 = LINE('',#9812,#9813);
#9812 = CARTESIAN_POINT('',(3.3486315613,0.));
#9813 = VECTOR('',#9814,1.);
#9814 = DIRECTION('',(0.,-1.));
#9815 = ( GEOMETRIC_REPRESENTATION_CONTEXT(2) 
PARAMETRIC_REPRESENTATION_CONTEXT() REPRESENTATION_CONTEXT('2D SPACE',''
  ) );
#9816 = PCURVE('',#6458,#9817);
#9817 = DEFINITIONAL_REPRESENTATION('',(#9818),#9822);
#9818 = LINE('',#9819,#9820);
#9819 = CARTESIAN_POINT('',(0.,0.));
#9820 = VECTOR('',#9821,1.);
#9821 = DIRECTION('',(0.,-1.));
#9822 = ( GEOMETRIC_REPRESENTATION_CONTEXT(2) 
PARAMETRIC_REPRESENTATION_CONTEXT() REPRESENTATION_CONTEXT('2D SPACE',''
  ) );
#9823 = ORIENTED_EDGE('',*,*,#6470,.F.);
#9824 = ADVANCED_FACE('',(#9825),#6458,.T.);
#9825 = FACE_BOUND('',#9826,.T.);
#9826 = EDGE_LOOP('',(#9827,#9828,#9829,#9830));
#9827 = ORIENTED_EDGE('',*,*,#9803,.T.);
#9828 = ORIENTED_EDGE('',*,*,#9157,.T.);
#9829 = ORIENTED_EDGE('',*,*,#9673,.F.);
#9830 = ORIENTED_EDGE('',*,*,#6442,.F.);
#9831 = ADVANCED_FACE('',(#9832),#6607,.T.);
#9832 = FACE_BOUND('',#9833,.T.);
#9833 = EDGE_LOOP('',(#9834,#9855,#9856,#9877));
#9834 = ORIENTED_EDGE('',*,*,#9835,.T.);
#9835 = EDGE_CURVE('',#6590,#9185,#9836,.T.);
#9836 = SURFACE_CURVE('',#9837,(#9841,#9848),.PCURVE_S1.);
#9837 = LINE('',#9838,#9839);
#9838 = CARTESIAN_POINT('',(21.3486315613,22.,4.));
#9839 = VECTOR('',#9840,1.);
#9840 = DIRECTION('',(0.,0.,1.));
#9841 = PCURVE('',#6607,#9842);
#9842 = DEFINITIONAL_REPRESENTATION('',(#9843),#9847);
#9843 = LINE('',#9844,#9845);
#9844 = CARTESIAN_POINT('',(0.,0.));
#9845 = VECTOR('',#9846,1.);
#9846 = DIRECTION('',(0.,-1.));
#9847 = ( GEOMETRIC_REPRESENTATION_CONTEXT(2) 
PARAMETRIC_REPRESENTATION_CONTEXT() REPRESENTATION_CONTEXT('2D SPACE',''
  ) );
#9848 = PCURVE('',#6635,#9849);
#9849 = DEFINITIONAL_REPRESENTATION('',(#9850),#9854);
#9850 = LINE('',#9851,#9852);
#9851 = CARTESIAN_POINT('',(3.3486315613,0.));
#9852 = VECTOR('',#9853,1.);
#9853 = DIRECTION('',(0.,-1.));
#9854 = ( GEOMETRIC_REPRESENTATION_CONTEXT(2) 
PARAMETRIC_REPRESENTATION_CONTEXT() REPRESENTATION_CONTEXT('2D SPACE',''
  ) );
#9855 = ORIENTED_EDGE('',*,*,#9184,.T.);
#9856 = ORIENTED_EDGE('',*,*,#9857,.F.);
#9857 = EDGE_CURVE('',#6592,#9187,#9858,.T.);
#9858 = SURFACE_CURVE('',#9859,(#9863,#9870),.PCURVE_S1.);
#9859 = LINE('',#9860,#9861);
#9860 = CARTESIAN_POINT('',(19.67431578065,24.9,4.));
#9861 = VECTOR('',#9862,1.);
#9862 = DIRECTION('',(0.,0.,1.));
#9863 = PCURVE('',#6607,#9864);
#9864 = DEFINITIONAL_REPRESENTATION('',(#9865),#9869);
#9865 = LINE('',#9866,#9867);
#9866 = CARTESIAN_POINT('',(3.3486315613,0.));
#9867 = VECTOR('',#9868,1.);
#9868 = DIRECTION('',(0.,-1.));
#9869 = ( GEOMETRIC_REPRESENTATION_CONTEXT(2) 
PARAMETRIC_REPRESENTATION_CONTEXT() REPRESENTATION_CONTEXT('2D SPACE',''
  ) );
#9870 = PCURVE('',#6745,#9871);
#9871 = DEFINITIONAL_REPRESENTATION('',(#9872),#9876);
#9872 = LINE('',#9873,#9874);
#9873 = CARTESIAN_POINT('',(0.,0.));
#9874 = VECTOR('',#9875,1.);
#9875 = DIRECTION('',(0.,-1.));
#9876 = ( GEOMETRIC_REPRESENTATION_CONTEXT(2) 
PARAMETRIC_REPRESENTATION_CONTEXT() REPRESENTATION_CONTEXT('2D SPACE',''
  ) );
#9877 = ORIENTED_EDGE('',*,*,#6589,.F.);
#9878 = ADVANCED_FACE('',(#9879),#6745,.T.);
#9879 = FACE_BOUND('',#9880,.T.);
#9880 = EDGE_LOOP('',(#9881,#9882,#9883,#9904));
#9881 = ORIENTED_EDGE('',*,*,#9857,.T.);
#9882 = ORIENTED_EDGE('',*,*,#9209,.T.);
#9883 = ORIENTED_EDGE('',*,*,#9884,.F.);
#9884 = EDGE_CURVE('',#6704,#9210,#9885,.T.);
#9885 = SURFACE_CURVE('',#9886,(#9890,#9897),.PCURVE_S1.);
#9886 = LINE('',#9887,#9888);
#9887 = CARTESIAN_POINT('',(16.32568421935,24.9,4.));
#9888 = VECTOR('',#9889,1.);
#9889 = DIRECTION('',(0.,0.,1.));
#9890 = PCURVE('',#6745,#9891);
#9891 = DEFINITIONAL_REPRESENTATION('',(#9892),#9896);
#9892 = LINE('',#9893,#9894);
#9893 = CARTESIAN_POINT('',(3.3486315613,0.));
#9894 = VECTOR('',#9895,1.);
#9895 = DIRECTION('',(0.,-1.));
#9896 = ( GEOMETRIC_REPRESENTATION_CONTEXT(2) 
PARAMETRIC_REPRESENTATION_CONTEXT() REPRESENTATION_CONTEXT('2D SPACE',''
  ) );
#9897 = PCURVE('',#6719,#9898);
#9898 = DEFINITIONAL_REPRESENTATION('',(#9899),#9903);
#9899 = LINE('',#9900,#9901);
#9900 = CARTESIAN_POINT('',(0.,0.));
#9901 = VECTOR('',#9902,1.);
#9902 = DIRECTION('',(0.,-1.));
#9903 = ( GEOMETRIC_REPRESENTATION_CONTEXT(2) 
PARAMETRIC_REPRESENTATION_CONTEXT() REPRESENTATION_CONTEXT('2D SPACE',''
  ) );
#9904 = ORIENTED_EDGE('',*,*,#6731,.F.);
#9905 = ADVANCED_FACE('',(#9906),#6719,.T.);
#9906 = FACE_BOUND('',#9907,.T.);
#9907 = EDGE_LOOP('',(#9908,#9909,#9910,#9931));
#9908 = ORIENTED_EDGE('',*,*,#9884,.T.);
#9909 = ORIENTED_EDGE('',*,*,#9232,.T.);
#9910 = ORIENTED_EDGE('',*,*,#9911,.F.);
#9911 = EDGE_CURVE('',#6676,#9233,#9912,.T.);
#9912 = SURFACE_CURVE('',#9913,(#9917,#9924),.PCURVE_S1.);
#9913 = LINE('',#9914,#9915);
#9914 = CARTESIAN_POINT('',(14.6513684387,22.,4.));
#9915 = VECTOR('',#9916,1.);
#9916 = DIRECTION('',(0.,0.,1.));
#9917 = PCURVE('',#6719,#9918);
#9918 = DEFINITIONAL_REPRESENTATION('',(#9919),#9923);
#9919 = LINE('',#9920,#9921);
#9920 = CARTESIAN_POINT('',(3.3486315613,0.));
#9921 = VECTOR('',#9922,1.);
#9922 = DIRECTION('',(0.,-1.));
#9923 = ( GEOMETRIC_REPRESENTATION_CONTEXT(2) 
PARAMETRIC_REPRESENTATION_CONTEXT() REPRESENTATION_CONTEXT('2D SPACE',''
  ) );
#9924 = PCURVE('',#6691,#9925);
#9925 = DEFINITIONAL_REPRESENTATION('',(#9926),#9930);
#9926 = LINE('',#9927,#9928);
#9927 = CARTESIAN_POINT('',(0.,0.));
#9928 = VECTOR('',#9929,1.);
#9929 = DIRECTION('',(0.,-1.));
#9930 = ( GEOMETRIC_REPRESENTATION_CONTEXT(2) 
PARAMETRIC_REPRESENTATION_CONTEXT() REPRESENTATION_CONTEXT('2D SPACE',''
  ) );
#9931 = ORIENTED_EDGE('',*,*,#6703,.F.);
#9932 = ADVANCED_FACE('',(#9933),#6691,.T.);
#9933 = FACE_BOUND('',#9934,.T.);
#9934 = EDGE_LOOP('',(#9935,#9936,#9937,#9958));
#9935 = ORIENTED_EDGE('',*,*,#9911,.T.);
#9936 = ORIENTED_EDGE('',*,*,#9255,.T.);
#9937 = ORIENTED_EDGE('',*,*,#9938,.F.);
#9938 = EDGE_CURVE('',#6648,#9256,#9939,.T.);
#9939 = SURFACE_CURVE('',#9940,(#9944,#9951),.PCURVE_S1.);
#9940 = LINE('',#9941,#9942);
#9941 = CARTESIAN_POINT('',(16.32568421935,19.1,4.));
#9942 = VECTOR('',#9943,1.);
#9943 = DIRECTION('',(0.,0.,1.));
#9944 = PCURVE('',#6691,#9945);
#9945 = DEFINITIONAL_REPRESENTATION('',(#9946),#9950);
#9946 = LINE('',#9947,#9948);
#9947 = CARTESIAN_POINT('',(3.3486315613,0.));
#9948 = VECTOR('',#9949,1.);
#9949 = DIRECTION('',(0.,-1.));
#9950 = ( GEOMETRIC_REPRESENTATION_CONTEXT(2) 
PARAMETRIC_REPRESENTATION_CONTEXT() REPRESENTATION_CONTEXT('2D SPACE',''
  ) );
#9951 = PCURVE('',#6663,#9952);
#9952 = DEFINITIONAL_REPRESENTATION('',(#9953),#9957);
#9953 = LINE('',#9954,#9955);
#9954 = CARTESIAN_POINT('',(0.,0.));
#9955 = VECTOR('',#9956,1.);
#9956 = DIRECTION('',(0.,-1.));
#9957 = ( GEOMETRIC_REPRESENTATION_CONTEXT(2) 
PARAMETRIC_REPRESENTATION_CONTEXT() REPRESENTATION_CONTEXT('2D SPACE',''
  ) );
#9958 = ORIENTED_EDGE('',*,*,#6675,.F.);
#9959 = ADVANCED_FACE('',(#9960),#6663,.T.);
#9960 = FACE_BOUND('',#9961,.T.);
#9961 = EDGE_LOOP('',(#9962,#9963,#9964,#9985));
#9962 = ORIENTED_EDGE('',*,*,#9938,.T.);
#9963 = ORIENTED_EDGE('',*,*,#9278,.T.);
#9964 = ORIENTED_EDGE('',*,*,#9965,.F.);
#9965 = EDGE_CURVE('',#6620,#9279,#9966,.T.);
#9966 = SURFACE_CURVE('',#9967,(#9971,#9978),.PCURVE_S1.);
#9967 = LINE('',#9968,#9969);
#9968 = CARTESIAN_POINT('',(19.67431578065,19.1,4.));
#9969 = VECTOR('',#9970,1.);
#9970 = DIRECTION('',(0.,0.,1.));
#9971 = PCURVE('',#6663,#9972);
#9972 = DEFINITIONAL_REPRESENTATION('',(#9973),#9977);
#9973 = LINE('',#9974,#9975);
#9974 = CARTESIAN_POINT('',(3.3486315613,0.));
#9975 = VECTOR('',#9976,1.);
#9976 = DIRECTION('',(0.,-1.));
#9977 = ( GEOMETRIC_REPRESENTATION_CONTEXT(2) 
PARAMETRIC_REPRESENTATION_CONTEXT() REPRESENTATION_CONTEXT('2D SPACE',''
  ) );
#9978 = PCURVE('',#6635,#9979);
#9979 = DEFINITIONAL_REPRESENTATION('',(#9980),#9984);
#9980 = LINE('',#9981,#9982);
#9981 = CARTESIAN_POINT('',(0.,0.));
#9982 = VECTOR('',#9983,1.);
#9983 = DIRECTION('',(0.,-1.));
#9984 = ( GEOMETRIC_REPRESENTATION_CONTEXT(2) 
PARAMETRIC_REPRESENTATION_CONTEXT() REPRESENTATION_CONTEXT('2D SPACE',''
  ) );
#9985 = ORIENTED_EDGE('',*,*,#6647,.F.);
#9986 = ADVANCED_FACE('',(#9987),#6635,.T.);
#9987 = FACE_BOUND('',#9988,.T.);
#9988 = EDGE_LOOP('',(#9989,#9990,#9991,#9992));
#9989 = ORIENTED_EDGE('',*,*,#9965,.T.);
#9990 = ORIENTED_EDGE('',*,*,#9301,.T.);
#9991 = ORIENTED_EDGE('',*,*,#9835,.F.);
#9992 = ORIENTED_EDGE('',*,*,#6619,.F.);
#9993 = ADVANCED_FACE('',(#9994),#6799,.T.);
#9994 = FACE_BOUND('',#9995,.T.);
#9995 = EDGE_LOOP('',(#9996,#9997,#9998,#9999));
#9996 = ORIENTED_EDGE('',*,*,#6935,.F.);
#9997 = ORIENTED_EDGE('',*,*,#6837,.T.);
#9998 = ORIENTED_EDGE('',*,*,#6783,.T.);
#9999 = ORIENTED_EDGE('',*,*,#6886,.F.);
#10000 = ADVANCED_FACE('',(#10001),#7000,.T.);
#10001 = FACE_BOUND('',#10002,.T.);
#10002 = EDGE_LOOP('',(#10003,#10004,#10005,#10006));
#10003 = ORIENTED_EDGE('',*,*,#7136,.F.);
#10004 = ORIENTED_EDGE('',*,*,#7038,.T.);
#10005 = ORIENTED_EDGE('',*,*,#6984,.T.);
#10006 = ORIENTED_EDGE('',*,*,#7087,.F.);
#10007 = ADVANCED_FACE('',(#10008),#7201,.T.);
#10008 = FACE_BOUND('',#10009,.T.);
#10009 = EDGE_LOOP('',(#10010,#10011,#10012,#10013));
#10010 = ORIENTED_EDGE('',*,*,#7310,.F.);
#10011 = ORIENTED_EDGE('',*,*,#7337,.T.);
#10012 = ORIENTED_EDGE('',*,*,#7185,.T.);
#10013 = ORIENTED_EDGE('',*,*,#7239,.F.);
#10014 = ADVANCED_FACE('',(#10015),#7496,.F.);
#10015 = FACE_BOUND('',#10016,.F.);
#10016 = EDGE_LOOP('',(#10017,#10018,#10019,#10040));
#10017 = ORIENTED_EDGE('',*,*,#8681,.F.);
#10018 = ORIENTED_EDGE('',*,*,#8539,.T.);
#10019 = ORIENTED_EDGE('',*,*,#10020,.T.);
#10020 = EDGE_CURVE('',#8540,#7452,#10021,.T.);
#10021 = SURFACE_CURVE('',#10022,(#10026,#10033),.PCURVE_S1.);
#10022 = LINE('',#10023,#10024);
#10023 = CARTESIAN_POINT('',(-32.,-12.,7.));
#10024 = VECTOR('',#10025,1.);
#10025 = DIRECTION('',(0.,0.,1.));
#10026 = PCURVE('',#7496,#10027);
#10027 = DEFINITIONAL_REPRESENTATION('',(#10028),#10032);
#10028 = LINE('',#10029,#10030);
#10029 = CARTESIAN_POINT('',(1.570796326795,0.));
#10030 = VECTOR('',#10031,1.);
#10031 = DIRECTION('',(0.,1.));
#10032 = ( GEOMETRIC_REPRESENTATION_CONTEXT(2) 
PARAMETRIC_REPRESENTATION_CONTEXT() REPRESENTATION_CONTEXT('2D SPACE',''
  ) );
#10033 = PCURVE('',#7467,#10034);
#10034 = DEFINITIONAL_REPRESENTATION('',(#10035),#10039);
#10035 = LINE('',#10036,#10037);
#10036 = CARTESIAN_POINT('',(0.,2.));
#10037 = VECTOR('',#10038,1.);
#10038 = DIRECTION('',(1.,0.));
#10039 = ( GEOMETRIC_REPRESENTATION_CONTEXT(2) 
PARAMETRIC_REPRESENTATION_CONTEXT() REPRESENTATION_CONTEXT('2D SPACE',''
  ) );
#10040 = ORIENTED_EDGE('',*,*,#7479,.F.);
#10041 = ADVANCED_FACE('',(#10042),#7467,.T.);
#10042 = FACE_BOUND('',#10043,.T.);
#10043 = EDGE_LOOP('',(#10044,#10065,#10066,#10089,#10117,#10145,#10166,
    #10167,#10168));
#10044 = ORIENTED_EDGE('',*,*,#10045,.F.);
#10045 = EDGE_CURVE('',#7634,#7423,#10046,.T.);
#10046 = SURFACE_CURVE('',#10047,(#10051,#10058),.PCURVE_S1.);
#10047 = LINE('',#10048,#10049);
#10048 = CARTESIAN_POINT('',(32.,-12.,7.));
#10049 = VECTOR('',#10050,1.);
#10050 = DIRECTION('',(0.,0.,1.));
#10051 = PCURVE('',#7467,#10052);
#10052 = DEFINITIONAL_REPRESENTATION('',(#10053),#10057);
#10053 = LINE('',#10054,#10055);
#10054 = CARTESIAN_POINT('',(0.,66.));
#10055 = VECTOR('',#10056,1.);
#10056 = DIRECTION('',(1.,0.));
#10057 = ( GEOMETRIC_REPRESENTATION_CONTEXT(2) 
PARAMETRIC_REPRESENTATION_CONTEXT() REPRESENTATION_CONTEXT('2D SPACE',''
  ) );
#10058 = PCURVE('',#7439,#10059);
#10059 = DEFINITIONAL_REPRESENTATION('',(#10060),#10064);
#10060 = LINE('',#10061,#10062);
#10061 = CARTESIAN_POINT('',(-1.570796326795,0.));
#10062 = VECTOR('',#10063,1.);
#10063 = DIRECTION('',(-0.,1.));
#10064 = ( GEOMETRIC_REPRESENTATION_CONTEXT(2) 
PARAMETRIC_REPRESENTATION_CONTEXT() REPRESENTATION_CONTEXT('2D SPACE',''
  ) );
#10065 = ORIENTED_EDGE('',*,*,#7633,.T.);
#10066 = ORIENTED_EDGE('',*,*,#10067,.F.);
#10067 = EDGE_CURVE('',#10068,#7608,#10070,.T.);
#10068 = VERTEX_POINT('',#10069);
#10069 = CARTESIAN_POINT('',(25.,-12.,0.));
#10070 = SURFACE_CURVE('',#10071,(#10075,#10082),.PCURVE_S1.);
#10071 = LINE('',#10072,#10073);
#10072 = CARTESIAN_POINT('',(25.,-12.,0.));
#10073 = VECTOR('',#10074,1.);
#10074 = DIRECTION('',(0.,0.,1.));
#10075 = PCURVE('',#7467,#10076);
#10076 = DEFINITIONAL_REPRESENTATION('',(#10077),#10081);
#10077 = LINE('',#10078,#10079);
#10078 = CARTESIAN_POINT('',(-7.,59.));
#10079 = VECTOR('',#10080,1.);
#10080 = DIRECTION('',(1.,0.));
#10081 = ( GEOMETRIC_REPRESENTATION_CONTEXT(2) 
PARAMETRIC_REPRESENTATION_CONTEXT() REPRESENTATION_CONTEXT('2D SPACE',''
  ) );
#10082 = PCURVE('',#7622,#10083);
#10083 = DEFINITIONAL_REPRESENTATION('',(#10084),#10088);
#10084 = LINE('',#10085,#10086);
#10085 = CARTESIAN_POINT('',(0.,-12.));
#10086 = VECTOR('',#10087,1.);
#10087 = DIRECTION('',(1.,0.));
#10088 = ( GEOMETRIC_REPRESENTATION_CONTEXT(2) 
PARAMETRIC_REPRESENTATION_CONTEXT() REPRESENTATION_CONTEXT('2D SPACE',''
  ) );
#10089 = ORIENTED_EDGE('',*,*,#10090,.F.);
#10090 = EDGE_CURVE('',#10091,#10068,#10093,.T.);
#10091 = VERTEX_POINT('',#10092);
#10092 = CARTESIAN_POINT('',(0.,-12.,0.873019237294));
#10093 = SURFACE_CURVE('',#10094,(#10098,#10105),.PCURVE_S1.);
#10094 = LINE('',#10095,#10096);
#10095 = CARTESIAN_POINT('',(0.,-12.,0.873019237294));
#10096 = VECTOR('',#10097,1.);
#10097 = DIRECTION('',(0.999390827019,0.,-3.48994967025E-02));
#10098 = PCURVE('',#7467,#10099);
#10099 = DEFINITIONAL_REPRESENTATION('',(#10100),#10104);
#10100 = LINE('',#10101,#10102);
#10101 = CARTESIAN_POINT('',(-6.126980762706,34.));
#10102 = VECTOR('',#10103,1.);
#10103 = DIRECTION('',(-3.48994967025E-02,0.999390827019));
#10104 = ( GEOMETRIC_REPRESENTATION_CONTEXT(2) 
PARAMETRIC_REPRESENTATION_CONTEXT() REPRESENTATION_CONTEXT('2D SPACE',''
  ) );
#10105 = PCURVE('',#10106,#10111);
#10106 = PLANE('',#10107);
#10107 = AXIS2_PLACEMENT_3D('',#10108,#10109,#10110);
#10108 = CARTESIAN_POINT('',(0.,0.,0.873019237294));
#10109 = DIRECTION('',(3.48994967025E-02,0.,0.999390827019));
#10110 = DIRECTION('',(0.999390827019,0.,-3.48994967025E-02));
#10111 = DEFINITIONAL_REPRESENTATION('',(#10112),#10116);
#10112 = LINE('',#10113,#10114);
#10113 = CARTESIAN_POINT('',(0.,-12.));
#10114 = VECTOR('',#10115,1.);
#10115 = DIRECTION('',(1.,0.));
#10116 = ( GEOMETRIC_REPRESENTATION_CONTEXT(2) 
PARAMETRIC_REPRESENTATION_CONTEXT() REPRESENTATION_CONTEXT('2D SPACE',''
  ) );
#10117 = ORIENTED_EDGE('',*,*,#10118,.F.);
#10118 = EDGE_CURVE('',#10119,#10091,#10121,.T.);
#10119 = VERTEX_POINT('',#10120);
#10120 = CARTESIAN_POINT('',(-25.,-12.,0.));
#10121 = SURFACE_CURVE('',#10122,(#10126,#10133),.PCURVE_S1.);
#10122 = LINE('',#10123,#10124);
#10123 = CARTESIAN_POINT('',(-25.,-12.,0.));
#10124 = VECTOR('',#10125,1.);
#10125 = DIRECTION('',(0.999390827019,0.,3.48994967025E-02));
#10126 = PCURVE('',#7467,#10127);
#10127 = DEFINITIONAL_REPRESENTATION('',(#10128),#10132);
#10128 = LINE('',#10129,#10130);
#10129 = CARTESIAN_POINT('',(-7.,9.));
#10130 = VECTOR('',#10131,1.);
#10131 = DIRECTION('',(3.48994967025E-02,0.999390827019));
#10132 = ( GEOMETRIC_REPRESENTATION_CONTEXT(2) 
PARAMETRIC_REPRESENTATION_CONTEXT() REPRESENTATION_CONTEXT('2D SPACE',''
  ) );
#10133 = PCURVE('',#10134,#10139);
#10134 = PLANE('',#10135);
#10135 = AXIS2_PLACEMENT_3D('',#10136,#10137,#10138);
#10136 = CARTESIAN_POINT('',(-25.,0.,0.));
#10137 = DIRECTION('',(-3.48994967025E-02,0.,0.999390827019));
#10138 = DIRECTION('',(0.999390827019,0.,3.48994967025E-02));
#10139 = DEFINITIONAL_REPRESENTATION('',(#10140),#10144);
#10140 = LINE('',#10141,#10142);
#10141 = CARTESIAN_POINT('',(0.,-12.));
#10142 = VECTOR('',#10143,1.);
#10143 = DIRECTION('',(1.,0.));
#10144 = ( GEOMETRIC_REPRESENTATION_CONTEXT(2) 
PARAMETRIC_REPRESENTATION_CONTEXT() REPRESENTATION_CONTEXT('2D SPACE',''
  ) );
#10145 = ORIENTED_EDGE('',*,*,#10146,.F.);
#10146 = EDGE_CURVE('',#8564,#10119,#10147,.T.);
#10147 = SURFACE_CURVE('',#10148,(#10152,#10159),.PCURVE_S1.);
#10148 = LINE('',#10149,#10150);
#10149 = CARTESIAN_POINT('',(-25.,-12.,30.));
#10150 = VECTOR('',#10151,1.);
#10151 = DIRECTION('',(0.,0.,-1.));
#10152 = PCURVE('',#7467,#10153);
#10153 = DEFINITIONAL_REPRESENTATION('',(#10154),#10158);
#10154 = LINE('',#10155,#10156);
#10155 = CARTESIAN_POINT('',(23.,9.));
#10156 = VECTOR('',#10157,1.);
#10157 = DIRECTION('',(-1.,0.));
#10158 = ( GEOMETRIC_REPRESENTATION_CONTEXT(2) 
PARAMETRIC_REPRESENTATION_CONTEXT() REPRESENTATION_CONTEXT('2D SPACE',''
  ) );
#10159 = PCURVE('',#8480,#10160);
#10160 = DEFINITIONAL_REPRESENTATION('',(#10161),#10165);
#10161 = LINE('',#10162,#10163);
#10162 = CARTESIAN_POINT('',(0.,-12.));
#10163 = VECTOR('',#10164,1.);
#10164 = DIRECTION('',(1.,0.));
#10165 = ( GEOMETRIC_REPRESENTATION_CONTEXT(2) 
PARAMETRIC_REPRESENTATION_CONTEXT() REPRESENTATION_CONTEXT('2D SPACE',''
  ) );
#10166 = ORIENTED_EDGE('',*,*,#8563,.T.);
#10167 = ORIENTED_EDGE('',*,*,#10020,.T.);
#10168 = ORIENTED_EDGE('',*,*,#7451,.F.);
#10169 = ADVANCED_FACE('',(#10170),#7439,.F.);
#10170 = FACE_BOUND('',#10171,.T.);
#10171 = EDGE_LOOP('',(#10172,#10173,#10174,#10175));
#10172 = ORIENTED_EDGE('',*,*,#7532,.F.);
#10173 = ORIENTED_EDGE('',*,*,#7656,.F.);
#10174 = ORIENTED_EDGE('',*,*,#10045,.T.);
#10175 = ORIENTED_EDGE('',*,*,#7422,.T.);
#10176 = ADVANCED_FACE('',(#10177),#7596,.F.);
#10177 = FACE_BOUND('',#10178,.F.);
#10178 = EDGE_LOOP('',(#10179,#10208,#10237,#10264,#10290,#10291,#10292,
    #10293));
#10179 = ORIENTED_EDGE('',*,*,#10180,.F.);
#10180 = EDGE_CURVE('',#10181,#10183,#10185,.T.);
#10181 = VERTEX_POINT('',#10182);
#10182 = CARTESIAN_POINT('',(24.2,-1.556978091706,2.79366155934E-02));
#10183 = VERTEX_POINT('',#10184);
#10184 = CARTESIAN_POINT('',(25.,-1.479019945775,0.));
#10185 = SURFACE_CURVE('',#10186,(#10191,#10201),.PCURVE_S1.);
#10186 = ELLIPSE('',#10187,128.94168756529,4.5);
#10187 = AXIS2_PLACEMENT_3D('',#10188,#10189,#10190);
#10188 = CARTESIAN_POINT('',(-96.70407645239,0.,4.25));
#10189 = DIRECTION('',(3.48994967025E-02,0.,0.999390827019));
#10190 = DIRECTION('',(0.999390827019,0.,-3.48994967025E-02));
#10191 = PCURVE('',#7596,#10192);
#10192 = DEFINITIONAL_REPRESENTATION('',(#10193),#10200);
#10193 = B_SPLINE_CURVE_WITH_KNOTS('',5,(#10194,#10195,#10196,#10197,
    #10198,#10199),.UNSPECIFIED.,.F.,.F.,(6,6),(5.914506188731,
    6.013462787325),.PIECEWISE_BEZIER_KNOTS.);
#10194 = CARTESIAN_POINT('',(2.772913535141,-6.000000212225E-07));
#10195 = CARTESIAN_POINT('',(2.79270485486,0.919111556599));
#10196 = CARTESIAN_POINT('',(2.812496174579,1.779369346547));
#10197 = CARTESIAN_POINT('',(2.832287494297,2.580022720167));
#10198 = CARTESIAN_POINT('',(2.852078814016,3.32041778439));
#10199 = CARTESIAN_POINT('',(2.871870133735,4.));
#10200 = ( GEOMETRIC_REPRESENTATION_CONTEXT(2) 
PARAMETRIC_REPRESENTATION_CONTEXT() REPRESENTATION_CONTEXT('2D SPACE',''
  ) );
#10201 = PCURVE('',#10106,#10202);
#10202 = DEFINITIONAL_REPRESENTATION('',(#10203),#10207);
#10203 = ELLIPSE('',#10204,128.94168756529,4.5);
#10204 = AXIS2_PLACEMENT_2D('',#10205,#10206);
#10205 = CARTESIAN_POINT('',(-96.76302187086,0.));
#10206 = DIRECTION('',(1.,0.));
#10207 = ( GEOMETRIC_REPRESENTATION_CONTEXT(2) 
PARAMETRIC_REPRESENTATION_CONTEXT() REPRESENTATION_CONTEXT('2D SPACE',''
  ) );
#10208 = ORIENTED_EDGE('',*,*,#10209,.T.);
#10209 = EDGE_CURVE('',#10181,#10210,#10212,.T.);
#10210 = VERTEX_POINT('',#10211);
#10211 = CARTESIAN_POINT('',(24.2,1.556978091706,2.79366155934E-02));
#10212 = SURFACE_CURVE('',#10213,(#10218,#10225),.PCURVE_S1.);
#10213 = CIRCLE('',#10214,4.5);
#10214 = AXIS2_PLACEMENT_3D('',#10215,#10216,#10217);
#10215 = CARTESIAN_POINT('',(24.2,0.,4.25));
#10216 = DIRECTION('',(1.,0.,0.));
#10217 = DIRECTION('',(-0.,0.,1.));
#10218 = PCURVE('',#7596,#10219);
#10219 = DEFINITIONAL_REPRESENTATION('',(#10220),#10224);
#10220 = LINE('',#10221,#10222);
#10221 = CARTESIAN_POINT('',(0.,0.7));
#10222 = VECTOR('',#10223,1.);
#10223 = DIRECTION('',(1.,0.));
#10224 = ( GEOMETRIC_REPRESENTATION_CONTEXT(2) 
PARAMETRIC_REPRESENTATION_CONTEXT() REPRESENTATION_CONTEXT('2D SPACE',''
  ) );
#10225 = PCURVE('',#10226,#10231);
#10226 = PLANE('',#10227);
#10227 = AXIS2_PLACEMENT_3D('',#10228,#10229,#10230);
#10228 = CARTESIAN_POINT('',(24.2,0.,4.25));
#10229 = DIRECTION('',(1.,0.,0.));
#10230 = DIRECTION('',(-0.,0.,1.));
#10231 = DEFINITIONAL_REPRESENTATION('',(#10232),#10236);
#10232 = CIRCLE('',#10233,4.5);
#10233 = AXIS2_PLACEMENT_2D('',#10234,#10235);
#10234 = CARTESIAN_POINT('',(0.,0.));
#10235 = DIRECTION('',(1.,0.));
#10236 = ( GEOMETRIC_REPRESENTATION_CONTEXT(2) 
PARAMETRIC_REPRESENTATION_CONTEXT() REPRESENTATION_CONTEXT('2D SPACE',''
  ) );
#10237 = ORIENTED_EDGE('',*,*,#10238,.F.);
#10238 = EDGE_CURVE('',#10239,#10210,#10241,.T.);
#10239 = VERTEX_POINT('',#10240);
#10240 = CARTESIAN_POINT('',(25.,1.479019945775,0.));
#10241 = SURFACE_CURVE('',#10242,(#10247,#10257),.PCURVE_S1.);
#10242 = ELLIPSE('',#10243,128.94168756529,4.5);
#10243 = AXIS2_PLACEMENT_3D('',#10244,#10245,#10246);
#10244 = CARTESIAN_POINT('',(-96.70407645239,0.,4.25));
#10245 = DIRECTION('',(3.48994967025E-02,0.,0.999390827019));
#10246 = DIRECTION('',(0.999390827019,0.,-3.48994967025E-02));
#10247 = PCURVE('',#7596,#10248);
#10248 = DEFINITIONAL_REPRESENTATION('',(#10249),#10256);
#10249 = B_SPLINE_CURVE_WITH_KNOTS('',5,(#10250,#10251,#10252,#10253,
    #10254,#10255),.UNSPECIFIED.,.F.,.F.,(6,6),(0.269722519855,
    0.368679118449),.PIECEWISE_BEZIER_KNOTS.);
#10250 = CARTESIAN_POINT('',(3.411315173445,4.));
#10251 = CARTESIAN_POINT('',(3.431106493163,3.32041778439));
#10252 = CARTESIAN_POINT('',(3.450897812882,2.580022720167));
#10253 = CARTESIAN_POINT('',(3.470689132601,1.779369346547));
#10254 = CARTESIAN_POINT('',(3.49048045232,0.919111556599));
#10255 = CARTESIAN_POINT('',(3.510271772039,-5.999999928008E-07));
#10256 = ( GEOMETRIC_REPRESENTATION_CONTEXT(2) 
PARAMETRIC_REPRESENTATION_CONTEXT() REPRESENTATION_CONTEXT('2D SPACE',''
  ) );
#10257 = PCURVE('',#10106,#10258);
#10258 = DEFINITIONAL_REPRESENTATION('',(#10259),#10263);
#10259 = ELLIPSE('',#10260,128.94168756529,4.5);
#10260 = AXIS2_PLACEMENT_2D('',#10261,#10262);
#10261 = CARTESIAN_POINT('',(-96.76302187086,0.));
#10262 = DIRECTION('',(1.,0.));
#10263 = ( GEOMETRIC_REPRESENTATION_CONTEXT(2) 
PARAMETRIC_REPRESENTATION_CONTEXT() REPRESENTATION_CONTEXT('2D SPACE',''
  ) );
#10264 = ORIENTED_EDGE('',*,*,#10265,.T.);
#10265 = EDGE_CURVE('',#10239,#8090,#10266,.T.);
#10266 = SURFACE_CURVE('',#10267,(#10272,#10279),.PCURVE_S1.);
#10267 = CIRCLE('',#10268,4.5);
#10268 = AXIS2_PLACEMENT_3D('',#10269,#10270,#10271);
#10269 = CARTESIAN_POINT('',(25.,0.,4.25));
#10270 = DIRECTION('',(1.,0.,0.));
#10271 = DIRECTION('',(-0.,0.,1.));
#10272 = PCURVE('',#7596,#10273);
#10273 = DEFINITIONAL_REPRESENTATION('',(#10274),#10278);
#10274 = LINE('',#10275,#10276);
#10275 = CARTESIAN_POINT('',(0.,1.5));
#10276 = VECTOR('',#10277,1.);
#10277 = DIRECTION('',(1.,0.));
#10278 = ( GEOMETRIC_REPRESENTATION_CONTEXT(2) 
PARAMETRIC_REPRESENTATION_CONTEXT() REPRESENTATION_CONTEXT('2D SPACE',''
  ) );
#10279 = PCURVE('',#8104,#10280);
#10280 = DEFINITIONAL_REPRESENTATION('',(#10281),#10289);
#10281 = ( BOUNDED_CURVE() B_SPLINE_CURVE(2,(#10282,#10283,#10284,#10285
    ,#10286,#10287,#10288),.UNSPECIFIED.,.T.,.F.) 
B_SPLINE_CURVE_WITH_KNOTS((1,2,2,2,2,1),(-2.094395102393,0.,
    2.094395102393,4.188790204786,6.28318530718,8.377580409573),
.UNSPECIFIED.) CURVE() GEOMETRIC_REPRESENTATION_ITEM() 
RATIONAL_B_SPLINE_CURVE((1.,0.5,1.,0.5,1.,0.5,1.)) REPRESENTATION_ITEM(
  '') );
#10282 = CARTESIAN_POINT('',(8.75,0.));
#10283 = CARTESIAN_POINT('',(8.75,-7.79422863406));
#10284 = CARTESIAN_POINT('',(2.,-3.89711431703));
#10285 = CARTESIAN_POINT('',(-4.75,-1.102182119233E-15));
#10286 = CARTESIAN_POINT('',(2.,3.89711431703));
#10287 = CARTESIAN_POINT('',(8.75,7.79422863406));
#10288 = CARTESIAN_POINT('',(8.75,0.));
#10289 = ( GEOMETRIC_REPRESENTATION_CONTEXT(2) 
PARAMETRIC_REPRESENTATION_CONTEXT() REPRESENTATION_CONTEXT('2D SPACE',''
  ) );
#10290 = ORIENTED_EDGE('',*,*,#8115,.T.);
#10291 = ORIENTED_EDGE('',*,*,#7726,.F.);
#10292 = ORIENTED_EDGE('',*,*,#7579,.F.);
#10293 = ORIENTED_EDGE('',*,*,#10294,.T.);
#10294 = EDGE_CURVE('',#7580,#10183,#10295,.T.);
#10295 = SURFACE_CURVE('',#10296,(#10301,#10308),.PCURVE_S1.);
#10296 = CIRCLE('',#10297,4.5);
#10297 = AXIS2_PLACEMENT_3D('',#10298,#10299,#10300);
#10298 = CARTESIAN_POINT('',(25.,0.,4.25));
#10299 = DIRECTION('',(1.,0.,0.));
#10300 = DIRECTION('',(-0.,0.,1.));
#10301 = PCURVE('',#7596,#10302);
#10302 = DEFINITIONAL_REPRESENTATION('',(#10303),#10307);
#10303 = LINE('',#10304,#10305);
#10304 = CARTESIAN_POINT('',(0.,1.5));
#10305 = VECTOR('',#10306,1.);
#10306 = DIRECTION('',(1.,0.));
#10307 = ( GEOMETRIC_REPRESENTATION_CONTEXT(2) 
PARAMETRIC_REPRESENTATION_CONTEXT() REPRESENTATION_CONTEXT('2D SPACE',''
  ) );
#10308 = PCURVE('',#7622,#10309);
#10309 = DEFINITIONAL_REPRESENTATION('',(#10310),#10318);
#10310 = ( BOUNDED_CURVE() B_SPLINE_CURVE(2,(#10311,#10312,#10313,#10314
    ,#10315,#10316,#10317),.UNSPECIFIED.,.T.,.F.) 
B_SPLINE_CURVE_WITH_KNOTS((1,2,2,2,2,1),(-2.094395102393,0.,
    2.094395102393,4.188790204786,6.28318530718,8.377580409573),
.UNSPECIFIED.) CURVE() GEOMETRIC_REPRESENTATION_ITEM() 
RATIONAL_B_SPLINE_CURVE((1.,0.5,1.,0.5,1.,0.5,1.)) REPRESENTATION_ITEM(
  '') );
#10311 = CARTESIAN_POINT('',(8.75,0.));
#10312 = CARTESIAN_POINT('',(8.75,-7.79422863406));
#10313 = CARTESIAN_POINT('',(2.,-3.89711431703));
#10314 = CARTESIAN_POINT('',(-4.75,-1.102182119233E-15));
#10315 = CARTESIAN_POINT('',(2.,3.89711431703));
#10316 = CARTESIAN_POINT('',(8.75,7.79422863406));
#10317 = CARTESIAN_POINT('',(8.75,0.));
#10318 = ( GEOMETRIC_REPRESENTATION_CONTEXT(2) 
PARAMETRIC_REPRESENTATION_CONTEXT() REPRESENTATION_CONTEXT('2D SPACE',''
  ) );
#10319 = ADVANCED_FACE('',(#10320),#7622,.T.);
#10320 = FACE_BOUND('',#10321,.T.);
#10321 = EDGE_LOOP('',(#10322,#10323,#10324,#10347,#10368,#10389,#10410,
    #10431));
#10322 = ORIENTED_EDGE('',*,*,#7607,.F.);
#10323 = ORIENTED_EDGE('',*,*,#10294,.T.);
#10324 = ORIENTED_EDGE('',*,*,#10325,.T.);
#10325 = EDGE_CURVE('',#10183,#10326,#10328,.T.);
#10326 = VERTEX_POINT('',#10327);
#10327 = CARTESIAN_POINT('',(25.,-3.75,0.));
#10328 = SURFACE_CURVE('',#10329,(#10333,#10340),.PCURVE_S1.);
#10329 = LINE('',#10330,#10331);
#10330 = CARTESIAN_POINT('',(25.,12.,0.));
#10331 = VECTOR('',#10332,1.);
#10332 = DIRECTION('',(0.,-1.,0.));
#10333 = PCURVE('',#7622,#10334);
#10334 = DEFINITIONAL_REPRESENTATION('',(#10335),#10339);
#10335 = LINE('',#10336,#10337);
#10336 = CARTESIAN_POINT('',(0.,12.));
#10337 = VECTOR('',#10338,1.);
#10338 = DIRECTION('',(0.,-1.));
#10339 = ( GEOMETRIC_REPRESENTATION_CONTEXT(2) 
PARAMETRIC_REPRESENTATION_CONTEXT() REPRESENTATION_CONTEXT('2D SPACE',''
  ) );
#10340 = PCURVE('',#10106,#10341);
#10341 = DEFINITIONAL_REPRESENTATION('',(#10342),#10346);
#10342 = LINE('',#10343,#10344);
#10343 = CARTESIAN_POINT('',(25.015238607471,12.));
#10344 = VECTOR('',#10345,1.);
#10345 = DIRECTION('',(0.,-1.));
#10346 = ( GEOMETRIC_REPRESENTATION_CONTEXT(2) 
PARAMETRIC_REPRESENTATION_CONTEXT() REPRESENTATION_CONTEXT('2D SPACE',''
  ) );
#10347 = ORIENTED_EDGE('',*,*,#10348,.F.);
#10348 = EDGE_CURVE('',#10349,#10326,#10351,.T.);
#10349 = VERTEX_POINT('',#10350);
#10350 = CARTESIAN_POINT('',(25.,-3.75,1.75));
#10351 = SURFACE_CURVE('',#10352,(#10356,#10362),.PCURVE_S1.);
#10352 = LINE('',#10353,#10354);
#10353 = CARTESIAN_POINT('',(25.,-3.75,-0.125));
#10354 = VECTOR('',#10355,1.);
#10355 = DIRECTION('',(0.,0.,-1.));
#10356 = PCURVE('',#7622,#10357);
#10357 = DEFINITIONAL_REPRESENTATION('',(#10358),#10361);
#10358 = B_SPLINE_CURVE_WITH_KNOTS('',1,(#10359,#10360),.UNSPECIFIED.,
  .F.,.F.,(2,2),(-1.875,-0.125),.PIECEWISE_BEZIER_KNOTS.);
#10359 = CARTESIAN_POINT('',(1.75,-3.75));
#10360 = CARTESIAN_POINT('',(0.,-3.75));
#10361 = ( GEOMETRIC_REPRESENTATION_CONTEXT(2) 
PARAMETRIC_REPRESENTATION_CONTEXT() REPRESENTATION_CONTEXT('2D SPACE',''
  ) );
#10362 = PCURVE('',#7844,#10363);
#10363 = DEFINITIONAL_REPRESENTATION('',(#10364),#10367);
#10364 = B_SPLINE_CURVE_WITH_KNOTS('',1,(#10365,#10366),.UNSPECIFIED.,
  .F.,.F.,(2,2),(-1.875,-0.125),.PIECEWISE_BEZIER_KNOTS.);
#10365 = CARTESIAN_POINT('',(2.,1.5));
#10366 = CARTESIAN_POINT('',(0.25,1.5));
#10367 = ( GEOMETRIC_REPRESENTATION_CONTEXT(2) 
PARAMETRIC_REPRESENTATION_CONTEXT() REPRESENTATION_CONTEXT('2D SPACE',''
  ) );
#10368 = ORIENTED_EDGE('',*,*,#10369,.F.);
#10369 = EDGE_CURVE('',#10370,#10349,#10372,.T.);
#10370 = VERTEX_POINT('',#10371);
#10371 = CARTESIAN_POINT('',(25.,-6.25,1.75));
#10372 = SURFACE_CURVE('',#10373,(#10377,#10383),.PCURVE_S1.);
#10373 = LINE('',#10374,#10375);
#10374 = CARTESIAN_POINT('',(25.,-3.125,1.75));
#10375 = VECTOR('',#10376,1.);
#10376 = DIRECTION('',(0.,1.,-0.));
#10377 = PCURVE('',#7622,#10378);
#10378 = DEFINITIONAL_REPRESENTATION('',(#10379),#10382);
#10379 = B_SPLINE_CURVE_WITH_KNOTS('',1,(#10380,#10381),.UNSPECIFIED.,
  .F.,.F.,(2,2),(-3.125,-0.625),.PIECEWISE_BEZIER_KNOTS.);
#10380 = CARTESIAN_POINT('',(1.75,-6.25));
#10381 = CARTESIAN_POINT('',(1.75,-3.75));
#10382 = ( GEOMETRIC_REPRESENTATION_CONTEXT(2) 
PARAMETRIC_REPRESENTATION_CONTEXT() REPRESENTATION_CONTEXT('2D SPACE',''
  ) );
#10383 = PCURVE('',#7820,#10384);
#10384 = DEFINITIONAL_REPRESENTATION('',(#10385),#10388);
#10385 = B_SPLINE_CURVE_WITH_KNOTS('',1,(#10386,#10387),.UNSPECIFIED.,
  .F.,.F.,(2,2),(-3.125,-0.625),.PIECEWISE_BEZIER_KNOTS.);
#10386 = CARTESIAN_POINT('',(1.5,0.));
#10387 = CARTESIAN_POINT('',(1.5,2.5));
#10388 = ( GEOMETRIC_REPRESENTATION_CONTEXT(2) 
PARAMETRIC_REPRESENTATION_CONTEXT() REPRESENTATION_CONTEXT('2D SPACE',''
  ) );
#10389 = ORIENTED_EDGE('',*,*,#10390,.T.);
#10390 = EDGE_CURVE('',#10370,#10391,#10393,.T.);
#10391 = VERTEX_POINT('',#10392);
#10392 = CARTESIAN_POINT('',(25.,-6.25,0.));
#10393 = SURFACE_CURVE('',#10394,(#10398,#10404),.PCURVE_S1.);
#10394 = LINE('',#10395,#10396);
#10395 = CARTESIAN_POINT('',(25.,-6.25,-0.125));
#10396 = VECTOR('',#10397,1.);
#10397 = DIRECTION('',(0.,0.,-1.));
#10398 = PCURVE('',#7622,#10399);
#10399 = DEFINITIONAL_REPRESENTATION('',(#10400),#10403);
#10400 = B_SPLINE_CURVE_WITH_KNOTS('',1,(#10401,#10402),.UNSPECIFIED.,
  .F.,.F.,(2,2),(-1.875,-0.125),.PIECEWISE_BEZIER_KNOTS.);
#10401 = CARTESIAN_POINT('',(1.75,-6.25));
#10402 = CARTESIAN_POINT('',(0.,-6.25));
#10403 = ( GEOMETRIC_REPRESENTATION_CONTEXT(2) 
PARAMETRIC_REPRESENTATION_CONTEXT() REPRESENTATION_CONTEXT('2D SPACE',''
  ) );
#10404 = PCURVE('',#7794,#10405);
#10405 = DEFINITIONAL_REPRESENTATION('',(#10406),#10409);
#10406 = B_SPLINE_CURVE_WITH_KNOTS('',1,(#10407,#10408),.UNSPECIFIED.,
  .F.,.F.,(2,2),(-1.875,-0.125),.PIECEWISE_BEZIER_KNOTS.);
#10407 = CARTESIAN_POINT('',(2.,1.5));
#10408 = CARTESIAN_POINT('',(0.25,1.5));
#10409 = ( GEOMETRIC_REPRESENTATION_CONTEXT(2) 
PARAMETRIC_REPRESENTATION_CONTEXT() REPRESENTATION_CONTEXT('2D SPACE',''
  ) );
#10410 = ORIENTED_EDGE('',*,*,#10411,.T.);
#10411 = EDGE_CURVE('',#10391,#10068,#10412,.T.);
#10412 = SURFACE_CURVE('',#10413,(#10417,#10424),.PCURVE_S1.);
#10413 = LINE('',#10414,#10415);
#10414 = CARTESIAN_POINT('',(25.,12.,0.));
#10415 = VECTOR('',#10416,1.);
#10416 = DIRECTION('',(0.,-1.,0.));
#10417 = PCURVE('',#7622,#10418);
#10418 = DEFINITIONAL_REPRESENTATION('',(#10419),#10423);
#10419 = LINE('',#10420,#10421);
#10420 = CARTESIAN_POINT('',(0.,12.));
#10421 = VECTOR('',#10422,1.);
#10422 = DIRECTION('',(0.,-1.));
#10423 = ( GEOMETRIC_REPRESENTATION_CONTEXT(2) 
PARAMETRIC_REPRESENTATION_CONTEXT() REPRESENTATION_CONTEXT('2D SPACE',''
  ) );
#10424 = PCURVE('',#10106,#10425);
#10425 = DEFINITIONAL_REPRESENTATION('',(#10426),#10430);
#10426 = LINE('',#10427,#10428);
#10427 = CARTESIAN_POINT('',(25.015238607471,12.));
#10428 = VECTOR('',#10429,1.);
#10429 = DIRECTION('',(0.,-1.));
#10430 = ( GEOMETRIC_REPRESENTATION_CONTEXT(2) 
PARAMETRIC_REPRESENTATION_CONTEXT() REPRESENTATION_CONTEXT('2D SPACE',''
  ) );
#10431 = ORIENTED_EDGE('',*,*,#10067,.T.);
#10432 = ADVANCED_FACE('',(#10433),#7768,.T.);
#10433 = FACE_BOUND('',#10434,.T.);
#10434 = EDGE_LOOP('',(#10435,#10458,#10486,#10507));
#10435 = ORIENTED_EDGE('',*,*,#10436,.F.);
#10436 = EDGE_CURVE('',#10437,#7752,#10439,.T.);
#10437 = VERTEX_POINT('',#10438);
#10438 = CARTESIAN_POINT('',(23.5,-3.75,-0.25));
#10439 = SURFACE_CURVE('',#10440,(#10444,#10451),.PCURVE_S1.);
#10440 = LINE('',#10441,#10442);
#10441 = CARTESIAN_POINT('',(23.5,-3.75,-0.25));
#10442 = VECTOR('',#10443,1.);
#10443 = DIRECTION('',(1.,0.,0.));
#10444 = PCURVE('',#7768,#10445);
#10445 = DEFINITIONAL_REPRESENTATION('',(#10446),#10450);
#10446 = LINE('',#10447,#10448);
#10447 = CARTESIAN_POINT('',(0.,2.5));
#10448 = VECTOR('',#10449,1.);
#10449 = DIRECTION('',(1.,0.));
#10450 = ( GEOMETRIC_REPRESENTATION_CONTEXT(2) 
PARAMETRIC_REPRESENTATION_CONTEXT() REPRESENTATION_CONTEXT('2D SPACE',''
  ) );
#10451 = PCURVE('',#7844,#10452);
#10452 = DEFINITIONAL_REPRESENTATION('',(#10453),#10457);
#10453 = LINE('',#10454,#10455);
#10454 = CARTESIAN_POINT('',(0.,0.));
#10455 = VECTOR('',#10456,1.);
#10456 = DIRECTION('',(0.,1.));
#10457 = ( GEOMETRIC_REPRESENTATION_CONTEXT(2) 
PARAMETRIC_REPRESENTATION_CONTEXT() REPRESENTATION_CONTEXT('2D SPACE',''
  ) );
#10458 = ORIENTED_EDGE('',*,*,#10459,.F.);
#10459 = EDGE_CURVE('',#10460,#10437,#10462,.T.);
#10460 = VERTEX_POINT('',#10461);
#10461 = CARTESIAN_POINT('',(23.5,-6.25,-0.25));
#10462 = SURFACE_CURVE('',#10463,(#10467,#10474),.PCURVE_S1.);
#10463 = LINE('',#10464,#10465);
#10464 = CARTESIAN_POINT('',(23.5,-6.25,-0.25));
#10465 = VECTOR('',#10466,1.);
#10466 = DIRECTION('',(0.,1.,0.));
#10467 = PCURVE('',#7768,#10468);
#10468 = DEFINITIONAL_REPRESENTATION('',(#10469),#10473);
#10469 = LINE('',#10470,#10471);
#10470 = CARTESIAN_POINT('',(0.,0.));
#10471 = VECTOR('',#10472,1.);
#10472 = DIRECTION('',(0.,1.));
#10473 = ( GEOMETRIC_REPRESENTATION_CONTEXT(2) 
PARAMETRIC_REPRESENTATION_CONTEXT() REPRESENTATION_CONTEXT('2D SPACE',''
  ) );
#10474 = PCURVE('',#10475,#10480);
#10475 = PLANE('',#10476);
#10476 = AXIS2_PLACEMENT_3D('',#10477,#10478,#10479);
#10477 = CARTESIAN_POINT('',(23.5,-6.25,-0.25));
#10478 = DIRECTION('',(1.,0.,0.));
#10479 = DIRECTION('',(0.,0.,1.));
#10480 = DEFINITIONAL_REPRESENTATION('',(#10481),#10485);
#10481 = LINE('',#10482,#10483);
#10482 = CARTESIAN_POINT('',(0.,0.));
#10483 = VECTOR('',#10484,1.);
#10484 = DIRECTION('',(0.,-1.));
#10485 = ( GEOMETRIC_REPRESENTATION_CONTEXT(2) 
PARAMETRIC_REPRESENTATION_CONTEXT() REPRESENTATION_CONTEXT('2D SPACE',''
  ) );
#10486 = ORIENTED_EDGE('',*,*,#10487,.T.);
#10487 = EDGE_CURVE('',#10460,#7754,#10488,.T.);
#10488 = SURFACE_CURVE('',#10489,(#10493,#10500),.PCURVE_S1.);
#10489 = LINE('',#10490,#10491);
#10490 = CARTESIAN_POINT('',(23.5,-6.25,-0.25));
#10491 = VECTOR('',#10492,1.);
#10492 = DIRECTION('',(1.,0.,0.));
#10493 = PCURVE('',#7768,#10494);
#10494 = DEFINITIONAL_REPRESENTATION('',(#10495),#10499);
#10495 = LINE('',#10496,#10497);
#10496 = CARTESIAN_POINT('',(0.,0.));
#10497 = VECTOR('',#10498,1.);
#10498 = DIRECTION('',(1.,0.));
#10499 = ( GEOMETRIC_REPRESENTATION_CONTEXT(2) 
PARAMETRIC_REPRESENTATION_CONTEXT() REPRESENTATION_CONTEXT('2D SPACE',''
  ) );
#10500 = PCURVE('',#7794,#10501);
#10501 = DEFINITIONAL_REPRESENTATION('',(#10502),#10506);
#10502 = LINE('',#10503,#10504);
#10503 = CARTESIAN_POINT('',(0.,0.));
#10504 = VECTOR('',#10505,1.);
#10505 = DIRECTION('',(0.,1.));
#10506 = ( GEOMETRIC_REPRESENTATION_CONTEXT(2) 
PARAMETRIC_REPRESENTATION_CONTEXT() REPRESENTATION_CONTEXT('2D SPACE',''
  ) );
#10507 = ORIENTED_EDGE('',*,*,#7751,.F.);
#10508 = ADVANCED_FACE('',(#10509),#7844,.F.);
#10509 = FACE_BOUND('',#10510,.F.);
#10510 = EDGE_LOOP('',(#10511,#10512,#10535,#10554,#10555,#10576));
#10511 = ORIENTED_EDGE('',*,*,#10436,.F.);
#10512 = ORIENTED_EDGE('',*,*,#10513,.T.);
#10513 = EDGE_CURVE('',#10437,#10514,#10516,.T.);
#10514 = VERTEX_POINT('',#10515);
#10515 = CARTESIAN_POINT('',(23.5,-3.75,5.238115423762E-02));
#10516 = SURFACE_CURVE('',#10517,(#10521,#10528),.PCURVE_S1.);
#10517 = LINE('',#10518,#10519);
#10518 = CARTESIAN_POINT('',(23.5,-3.75,-0.25));
#10519 = VECTOR('',#10520,1.);
#10520 = DIRECTION('',(0.,0.,1.));
#10521 = PCURVE('',#7844,#10522);
#10522 = DEFINITIONAL_REPRESENTATION('',(#10523),#10527);
#10523 = LINE('',#10524,#10525);
#10524 = CARTESIAN_POINT('',(0.,0.));
#10525 = VECTOR('',#10526,1.);
#10526 = DIRECTION('',(1.,0.));
#10527 = ( GEOMETRIC_REPRESENTATION_CONTEXT(2) 
PARAMETRIC_REPRESENTATION_CONTEXT() REPRESENTATION_CONTEXT('2D SPACE',''
  ) );
#10528 = PCURVE('',#10475,#10529);
#10529 = DEFINITIONAL_REPRESENTATION('',(#10530),#10534);
#10530 = LINE('',#10531,#10532);
#10531 = CARTESIAN_POINT('',(0.,-2.5));
#10532 = VECTOR('',#10533,1.);
#10533 = DIRECTION('',(1.,0.));
#10534 = ( GEOMETRIC_REPRESENTATION_CONTEXT(2) 
PARAMETRIC_REPRESENTATION_CONTEXT() REPRESENTATION_CONTEXT('2D SPACE',''
  ) );
#10535 = ORIENTED_EDGE('',*,*,#10536,.F.);
#10536 = EDGE_CURVE('',#10326,#10514,#10537,.T.);
#10537 = SURFACE_CURVE('',#10538,(#10542,#10548),.PCURVE_S1.);
#10538 = LINE('',#10539,#10540);
#10539 = CARTESIAN_POINT('',(11.755273260762,-3.75,0.462516049442));
#10540 = VECTOR('',#10541,1.);
#10541 = DIRECTION('',(-0.999390827019,0.,3.48994967025E-02));
#10542 = PCURVE('',#7844,#10543);
#10543 = DEFINITIONAL_REPRESENTATION('',(#10544),#10547);
#10544 = B_SPLINE_CURVE_WITH_KNOTS('',1,(#10545,#10546),.UNSPECIFIED.,
  .F.,.F.,(2,2),(-13.25279998691,-11.75188567046),
  .PIECEWISE_BEZIER_KNOTS.);
#10545 = CARTESIAN_POINT('',(0.25,1.5));
#10546 = CARTESIAN_POINT('',(0.302381154238,0.));
#10547 = ( GEOMETRIC_REPRESENTATION_CONTEXT(2) 
PARAMETRIC_REPRESENTATION_CONTEXT() REPRESENTATION_CONTEXT('2D SPACE',''
  ) );
#10548 = PCURVE('',#10106,#10549);
#10549 = DEFINITIONAL_REPRESENTATION('',(#10550),#10553);
#10550 = B_SPLINE_CURVE_WITH_KNOTS('',1,(#10551,#10552),.UNSPECIFIED.,
  .F.,.F.,(2,2),(-13.25279998691,-11.75188567046),
  .PIECEWISE_BEZIER_KNOTS.);
#10551 = CARTESIAN_POINT('',(25.015238607471,-3.75));
#10552 = CARTESIAN_POINT('',(23.514324291022,-3.75));
#10553 = ( GEOMETRIC_REPRESENTATION_CONTEXT(2) 
PARAMETRIC_REPRESENTATION_CONTEXT() REPRESENTATION_CONTEXT('2D SPACE',''
  ) );
#10554 = ORIENTED_EDGE('',*,*,#10348,.F.);
#10555 = ORIENTED_EDGE('',*,*,#10556,.T.);
#10556 = EDGE_CURVE('',#10349,#7806,#10557,.T.);
#10557 = SURFACE_CURVE('',#10558,(#10562,#10569),.PCURVE_S1.);
#10558 = LINE('',#10559,#10560);
#10559 = CARTESIAN_POINT('',(23.5,-3.75,1.75));
#10560 = VECTOR('',#10561,1.);
#10561 = DIRECTION('',(1.,0.,0.));
#10562 = PCURVE('',#7844,#10563);
#10563 = DEFINITIONAL_REPRESENTATION('',(#10564),#10568);
#10564 = LINE('',#10565,#10566);
#10565 = CARTESIAN_POINT('',(2.,0.));
#10566 = VECTOR('',#10567,1.);
#10567 = DIRECTION('',(0.,1.));
#10568 = ( GEOMETRIC_REPRESENTATION_CONTEXT(2) 
PARAMETRIC_REPRESENTATION_CONTEXT() REPRESENTATION_CONTEXT('2D SPACE',''
  ) );
#10569 = PCURVE('',#7820,#10570);
#10570 = DEFINITIONAL_REPRESENTATION('',(#10571),#10575);
#10571 = LINE('',#10572,#10573);
#10572 = CARTESIAN_POINT('',(0.,2.5));
#10573 = VECTOR('',#10574,1.);
#10574 = DIRECTION('',(1.,0.));
#10575 = ( GEOMETRIC_REPRESENTATION_CONTEXT(2) 
PARAMETRIC_REPRESENTATION_CONTEXT() REPRESENTATION_CONTEXT('2D SPACE',''
  ) );
#10576 = ORIENTED_EDGE('',*,*,#7831,.F.);
#10577 = ADVANCED_FACE('',(#10578),#7820,.F.);
#10578 = FACE_BOUND('',#10579,.F.);
#10579 = EDGE_LOOP('',(#10580,#10581,#10582,#10603));
#10580 = ORIENTED_EDGE('',*,*,#10556,.F.);
#10581 = ORIENTED_EDGE('',*,*,#10369,.F.);
#10582 = ORIENTED_EDGE('',*,*,#10583,.T.);
#10583 = EDGE_CURVE('',#10370,#7780,#10584,.T.);
#10584 = SURFACE_CURVE('',#10585,(#10589,#10596),.PCURVE_S1.);
#10585 = LINE('',#10586,#10587);
#10586 = CARTESIAN_POINT('',(23.5,-6.25,1.75));
#10587 = VECTOR('',#10588,1.);
#10588 = DIRECTION('',(1.,0.,0.));
#10589 = PCURVE('',#7820,#10590);
#10590 = DEFINITIONAL_REPRESENTATION('',(#10591),#10595);
#10591 = LINE('',#10592,#10593);
#10592 = CARTESIAN_POINT('',(0.,0.));
#10593 = VECTOR('',#10594,1.);
#10594 = DIRECTION('',(1.,0.));
#10595 = ( GEOMETRIC_REPRESENTATION_CONTEXT(2) 
PARAMETRIC_REPRESENTATION_CONTEXT() REPRESENTATION_CONTEXT('2D SPACE',''
  ) );
#10596 = PCURVE('',#7794,#10597);
#10597 = DEFINITIONAL_REPRESENTATION('',(#10598),#10602);
#10598 = LINE('',#10599,#10600);
#10599 = CARTESIAN_POINT('',(2.,0.));
#10600 = VECTOR('',#10601,1.);
#10601 = DIRECTION('',(0.,1.));
#10602 = ( GEOMETRIC_REPRESENTATION_CONTEXT(2) 
PARAMETRIC_REPRESENTATION_CONTEXT() REPRESENTATION_CONTEXT('2D SPACE',''
  ) );
#10603 = ORIENTED_EDGE('',*,*,#7805,.F.);
#10604 = ADVANCED_FACE('',(#10605),#7794,.T.);
#10605 = FACE_BOUND('',#10606,.T.);
#10606 = EDGE_LOOP('',(#10607,#10608,#10631,#10650,#10651,#10652));
#10607 = ORIENTED_EDGE('',*,*,#10487,.F.);
#10608 = ORIENTED_EDGE('',*,*,#10609,.T.);
#10609 = EDGE_CURVE('',#10460,#10610,#10612,.T.);
#10610 = VERTEX_POINT('',#10611);
#10611 = CARTESIAN_POINT('',(23.5,-6.25,5.238115423762E-02));
#10612 = SURFACE_CURVE('',#10613,(#10617,#10624),.PCURVE_S1.);
#10613 = LINE('',#10614,#10615);
#10614 = CARTESIAN_POINT('',(23.5,-6.25,-0.25));
#10615 = VECTOR('',#10616,1.);
#10616 = DIRECTION('',(0.,0.,1.));
#10617 = PCURVE('',#7794,#10618);
#10618 = DEFINITIONAL_REPRESENTATION('',(#10619),#10623);
#10619 = LINE('',#10620,#10621);
#10620 = CARTESIAN_POINT('',(0.,0.));
#10621 = VECTOR('',#10622,1.);
#10622 = DIRECTION('',(1.,0.));
#10623 = ( GEOMETRIC_REPRESENTATION_CONTEXT(2) 
PARAMETRIC_REPRESENTATION_CONTEXT() REPRESENTATION_CONTEXT('2D SPACE',''
  ) );
#10624 = PCURVE('',#10475,#10625);
#10625 = DEFINITIONAL_REPRESENTATION('',(#10626),#10630);
#10626 = LINE('',#10627,#10628);
#10627 = CARTESIAN_POINT('',(0.,0.));
#10628 = VECTOR('',#10629,1.);
#10629 = DIRECTION('',(1.,0.));
#10630 = ( GEOMETRIC_REPRESENTATION_CONTEXT(2) 
PARAMETRIC_REPRESENTATION_CONTEXT() REPRESENTATION_CONTEXT('2D SPACE',''
  ) );
#10631 = ORIENTED_EDGE('',*,*,#10632,.F.);
#10632 = EDGE_CURVE('',#10391,#10610,#10633,.T.);
#10633 = SURFACE_CURVE('',#10634,(#10638,#10644),.PCURVE_S1.);
#10634 = LINE('',#10635,#10636);
#10635 = CARTESIAN_POINT('',(11.755273260762,-6.25,0.462516049442));
#10636 = VECTOR('',#10637,1.);
#10637 = DIRECTION('',(-0.999390827019,0.,3.48994967025E-02));
#10638 = PCURVE('',#7794,#10639);
#10639 = DEFINITIONAL_REPRESENTATION('',(#10640),#10643);
#10640 = B_SPLINE_CURVE_WITH_KNOTS('',1,(#10641,#10642),.UNSPECIFIED.,
  .F.,.F.,(2,2),(-13.25279998691,-11.75188567046),
  .PIECEWISE_BEZIER_KNOTS.);
#10641 = CARTESIAN_POINT('',(0.25,1.5));
#10642 = CARTESIAN_POINT('',(0.302381154238,0.));
#10643 = ( GEOMETRIC_REPRESENTATION_CONTEXT(2) 
PARAMETRIC_REPRESENTATION_CONTEXT() REPRESENTATION_CONTEXT('2D SPACE',''
  ) );
#10644 = PCURVE('',#10106,#10645);
#10645 = DEFINITIONAL_REPRESENTATION('',(#10646),#10649);
#10646 = B_SPLINE_CURVE_WITH_KNOTS('',1,(#10647,#10648),.UNSPECIFIED.,
  .F.,.F.,(2,2),(-13.25279998691,-11.75188567046),
  .PIECEWISE_BEZIER_KNOTS.);
#10647 = CARTESIAN_POINT('',(25.015238607471,-6.25));
#10648 = CARTESIAN_POINT('',(23.514324291022,-6.25));
#10649 = ( GEOMETRIC_REPRESENTATION_CONTEXT(2) 
PARAMETRIC_REPRESENTATION_CONTEXT() REPRESENTATION_CONTEXT('2D SPACE',''
  ) );
#10650 = ORIENTED_EDGE('',*,*,#10390,.F.);
#10651 = ORIENTED_EDGE('',*,*,#10583,.T.);
#10652 = ORIENTED_EDGE('',*,*,#7779,.F.);
#10653 = ADVANCED_FACE('',(#10654),#7960,.F.);
#10654 = FACE_BOUND('',#10655,.F.);
#10655 = EDGE_LOOP('',(#10656,#10657,#10658,#10679));
#10656 = ORIENTED_EDGE('',*,*,#8018,.F.);
#10657 = ORIENTED_EDGE('',*,*,#8042,.T.);
#10658 = ORIENTED_EDGE('',*,*,#10659,.T.);
#10659 = EDGE_CURVE('',#8043,#7916,#10660,.T.);
#10660 = SURFACE_CURVE('',#10661,(#10665,#10672),.PCURVE_S1.);
#10661 = LINE('',#10662,#10663);
#10662 = CARTESIAN_POINT('',(32.,12.,7.));
#10663 = VECTOR('',#10664,1.);
#10664 = DIRECTION('',(0.,0.,1.));
#10665 = PCURVE('',#7960,#10666);
#10666 = DEFINITIONAL_REPRESENTATION('',(#10667),#10671);
#10667 = LINE('',#10668,#10669);
#10668 = CARTESIAN_POINT('',(1.570796326795,0.));
#10669 = VECTOR('',#10670,1.);
#10670 = DIRECTION('',(0.,1.));
#10671 = ( GEOMETRIC_REPRESENTATION_CONTEXT(2) 
PARAMETRIC_REPRESENTATION_CONTEXT() REPRESENTATION_CONTEXT('2D SPACE',''
  ) );
#10672 = PCURVE('',#7931,#10673);
#10673 = DEFINITIONAL_REPRESENTATION('',(#10674),#10678);
#10674 = LINE('',#10675,#10676);
#10675 = CARTESIAN_POINT('',(0.,66.));
#10676 = VECTOR('',#10677,1.);
#10677 = DIRECTION('',(1.,0.));
#10678 = ( GEOMETRIC_REPRESENTATION_CONTEXT(2) 
PARAMETRIC_REPRESENTATION_CONTEXT() REPRESENTATION_CONTEXT('2D SPACE',''
  ) );
#10679 = ORIENTED_EDGE('',*,*,#7943,.F.);
#10680 = ADVANCED_FACE('',(#10681),#7931,.F.);
#10681 = FACE_BOUND('',#10682,.F.);
#10682 = EDGE_LOOP('',(#10683,#10684,#10685,#10708,#10731,#10754,#10775,
    #10776,#10797));
#10683 = ORIENTED_EDGE('',*,*,#10659,.F.);
#10684 = ORIENTED_EDGE('',*,*,#8066,.T.);
#10685 = ORIENTED_EDGE('',*,*,#10686,.F.);
#10686 = EDGE_CURVE('',#10687,#8067,#10689,.T.);
#10687 = VERTEX_POINT('',#10688);
#10688 = CARTESIAN_POINT('',(25.,12.,0.));
#10689 = SURFACE_CURVE('',#10690,(#10694,#10701),.PCURVE_S1.);
#10690 = LINE('',#10691,#10692);
#10691 = CARTESIAN_POINT('',(25.,12.,0.));
#10692 = VECTOR('',#10693,1.);
#10693 = DIRECTION('',(0.,0.,1.));
#10694 = PCURVE('',#7931,#10695);
#10695 = DEFINITIONAL_REPRESENTATION('',(#10696),#10700);
#10696 = LINE('',#10697,#10698);
#10697 = CARTESIAN_POINT('',(-7.,59.));
#10698 = VECTOR('',#10699,1.);
#10699 = DIRECTION('',(1.,0.));
#10700 = ( GEOMETRIC_REPRESENTATION_CONTEXT(2) 
PARAMETRIC_REPRESENTATION_CONTEXT() REPRESENTATION_CONTEXT('2D SPACE',''
  ) );
#10701 = PCURVE('',#8104,#10702);
#10702 = DEFINITIONAL_REPRESENTATION('',(#10703),#10707);
#10703 = LINE('',#10704,#10705);
#10704 = CARTESIAN_POINT('',(0.,12.));
#10705 = VECTOR('',#10706,1.);
#10706 = DIRECTION('',(1.,0.));
#10707 = ( GEOMETRIC_REPRESENTATION_CONTEXT(2) 
PARAMETRIC_REPRESENTATION_CONTEXT() REPRESENTATION_CONTEXT('2D SPACE',''
  ) );
#10708 = ORIENTED_EDGE('',*,*,#10709,.F.);
#10709 = EDGE_CURVE('',#10710,#10687,#10712,.T.);
#10710 = VERTEX_POINT('',#10711);
#10711 = CARTESIAN_POINT('',(0.,12.,0.873019237294));
#10712 = SURFACE_CURVE('',#10713,(#10717,#10724),.PCURVE_S1.);
#10713 = LINE('',#10714,#10715);
#10714 = CARTESIAN_POINT('',(0.,12.,0.873019237294));
#10715 = VECTOR('',#10716,1.);
#10716 = DIRECTION('',(0.999390827019,0.,-3.48994967025E-02));
#10717 = PCURVE('',#7931,#10718);
#10718 = DEFINITIONAL_REPRESENTATION('',(#10719),#10723);
#10719 = LINE('',#10720,#10721);
#10720 = CARTESIAN_POINT('',(-6.126980762706,34.));
#10721 = VECTOR('',#10722,1.);
#10722 = DIRECTION('',(-3.48994967025E-02,0.999390827019));
#10723 = ( GEOMETRIC_REPRESENTATION_CONTEXT(2) 
PARAMETRIC_REPRESENTATION_CONTEXT() REPRESENTATION_CONTEXT('2D SPACE',''
  ) );
#10724 = PCURVE('',#10106,#10725);
#10725 = DEFINITIONAL_REPRESENTATION('',(#10726),#10730);
#10726 = LINE('',#10727,#10728);
#10727 = CARTESIAN_POINT('',(0.,12.));
#10728 = VECTOR('',#10729,1.);
#10729 = DIRECTION('',(1.,0.));
#10730 = ( GEOMETRIC_REPRESENTATION_CONTEXT(2) 
PARAMETRIC_REPRESENTATION_CONTEXT() REPRESENTATION_CONTEXT('2D SPACE',''
  ) );
#10731 = ORIENTED_EDGE('',*,*,#10732,.F.);
#10732 = EDGE_CURVE('',#10733,#10710,#10735,.T.);
#10733 = VERTEX_POINT('',#10734);
#10734 = CARTESIAN_POINT('',(-25.,12.,0.));
#10735 = SURFACE_CURVE('',#10736,(#10740,#10747),.PCURVE_S1.);
#10736 = LINE('',#10737,#10738);
#10737 = CARTESIAN_POINT('',(-25.,12.,0.));
#10738 = VECTOR('',#10739,1.);
#10739 = DIRECTION('',(0.999390827019,0.,3.48994967025E-02));
#10740 = PCURVE('',#7931,#10741);
#10741 = DEFINITIONAL_REPRESENTATION('',(#10742),#10746);
#10742 = LINE('',#10743,#10744);
#10743 = CARTESIAN_POINT('',(-7.,9.));
#10744 = VECTOR('',#10745,1.);
#10745 = DIRECTION('',(3.48994967025E-02,0.999390827019));
#10746 = ( GEOMETRIC_REPRESENTATION_CONTEXT(2) 
PARAMETRIC_REPRESENTATION_CONTEXT() REPRESENTATION_CONTEXT('2D SPACE',''
  ) );
#10747 = PCURVE('',#10134,#10748);
#10748 = DEFINITIONAL_REPRESENTATION('',(#10749),#10753);
#10749 = LINE('',#10750,#10751);
#10750 = CARTESIAN_POINT('',(0.,12.));
#10751 = VECTOR('',#10752,1.);
#10752 = DIRECTION('',(1.,0.));
#10753 = ( GEOMETRIC_REPRESENTATION_CONTEXT(2) 
PARAMETRIC_REPRESENTATION_CONTEXT() REPRESENTATION_CONTEXT('2D SPACE',''
  ) );
#10754 = ORIENTED_EDGE('',*,*,#10755,.F.);
#10755 = EDGE_CURVE('',#8587,#10733,#10756,.T.);
#10756 = SURFACE_CURVE('',#10757,(#10761,#10768),.PCURVE_S1.);
#10757 = LINE('',#10758,#10759);
#10758 = CARTESIAN_POINT('',(-25.,12.,30.));
#10759 = VECTOR('',#10760,1.);
#10760 = DIRECTION('',(0.,0.,-1.));
#10761 = PCURVE('',#7931,#10762);
#10762 = DEFINITIONAL_REPRESENTATION('',(#10763),#10767);
#10763 = LINE('',#10764,#10765);
#10764 = CARTESIAN_POINT('',(23.,9.));
#10765 = VECTOR('',#10766,1.);
#10766 = DIRECTION('',(-1.,0.));
#10767 = ( GEOMETRIC_REPRESENTATION_CONTEXT(2) 
PARAMETRIC_REPRESENTATION_CONTEXT() REPRESENTATION_CONTEXT('2D SPACE',''
  ) );
#10768 = PCURVE('',#8480,#10769);
#10769 = DEFINITIONAL_REPRESENTATION('',(#10770),#10774);
#10770 = LINE('',#10771,#10772);
#10771 = CARTESIAN_POINT('',(0.,12.));
#10772 = VECTOR('',#10773,1.);
#10773 = DIRECTION('',(1.,0.));
#10774 = ( GEOMETRIC_REPRESENTATION_CONTEXT(2) 
PARAMETRIC_REPRESENTATION_CONTEXT() REPRESENTATION_CONTEXT('2D SPACE',''
  ) );
#10775 = ORIENTED_EDGE('',*,*,#8607,.T.);
#10776 = ORIENTED_EDGE('',*,*,#10777,.T.);
#10777 = EDGE_CURVE('',#8608,#7887,#10778,.T.);
#10778 = SURFACE_CURVE('',#10779,(#10783,#10790),.PCURVE_S1.);
#10779 = LINE('',#10780,#10781);
#10780 = CARTESIAN_POINT('',(-32.,12.,7.));
#10781 = VECTOR('',#10782,1.);
#10782 = DIRECTION('',(0.,0.,1.));
#10783 = PCURVE('',#7931,#10784);
#10784 = DEFINITIONAL_REPRESENTATION('',(#10785),#10789);
#10785 = LINE('',#10786,#10787);
#10786 = CARTESIAN_POINT('',(0.,2.));
#10787 = VECTOR('',#10788,1.);
#10788 = DIRECTION('',(1.,0.));
#10789 = ( GEOMETRIC_REPRESENTATION_CONTEXT(2) 
PARAMETRIC_REPRESENTATION_CONTEXT() REPRESENTATION_CONTEXT('2D SPACE',''
  ) );
#10790 = PCURVE('',#7903,#10791);
#10791 = DEFINITIONAL_REPRESENTATION('',(#10792),#10796);
#10792 = LINE('',#10793,#10794);
#10793 = CARTESIAN_POINT('',(-1.570796326795,0.));
#10794 = VECTOR('',#10795,1.);
#10795 = DIRECTION('',(-0.,1.));
#10796 = ( GEOMETRIC_REPRESENTATION_CONTEXT(2) 
PARAMETRIC_REPRESENTATION_CONTEXT() REPRESENTATION_CONTEXT('2D SPACE',''
  ) );
#10797 = ORIENTED_EDGE('',*,*,#7915,.T.);
#10798 = ADVANCED_FACE('',(#10799),#7903,.F.);
#10799 = FACE_BOUND('',#10800,.T.);
#10800 = EDGE_LOOP('',(#10801,#10802,#10803,#10804));
#10801 = ORIENTED_EDGE('',*,*,#8723,.F.);
#10802 = ORIENTED_EDGE('',*,*,#8630,.F.);
#10803 = ORIENTED_EDGE('',*,*,#10777,.T.);
#10804 = ORIENTED_EDGE('',*,*,#7886,.T.);
#10805 = ADVANCED_FACE('',(#10806),#8104,.T.);
#10806 = FACE_BOUND('',#10807,.T.);
#10807 = EDGE_LOOP('',(#10808,#10809,#10830,#10831));
#10808 = ORIENTED_EDGE('',*,*,#10686,.F.);
#10809 = ORIENTED_EDGE('',*,*,#10810,.T.);
#10810 = EDGE_CURVE('',#10687,#10239,#10811,.T.);
#10811 = SURFACE_CURVE('',#10812,(#10816,#10823),.PCURVE_S1.);
#10812 = LINE('',#10813,#10814);
#10813 = CARTESIAN_POINT('',(25.,12.,0.));
#10814 = VECTOR('',#10815,1.);
#10815 = DIRECTION('',(0.,-1.,0.));
#10816 = PCURVE('',#8104,#10817);
#10817 = DEFINITIONAL_REPRESENTATION('',(#10818),#10822);
#10818 = LINE('',#10819,#10820);
#10819 = CARTESIAN_POINT('',(0.,12.));
#10820 = VECTOR('',#10821,1.);
#10821 = DIRECTION('',(0.,-1.));
#10822 = ( GEOMETRIC_REPRESENTATION_CONTEXT(2) 
PARAMETRIC_REPRESENTATION_CONTEXT() REPRESENTATION_CONTEXT('2D SPACE',''
  ) );
#10823 = PCURVE('',#10106,#10824);
#10824 = DEFINITIONAL_REPRESENTATION('',(#10825),#10829);
#10825 = LINE('',#10826,#10827);
#10826 = CARTESIAN_POINT('',(25.015238607471,12.));
#10827 = VECTOR('',#10828,1.);
#10828 = DIRECTION('',(0.,-1.));
#10829 = ( GEOMETRIC_REPRESENTATION_CONTEXT(2) 
PARAMETRIC_REPRESENTATION_CONTEXT() REPRESENTATION_CONTEXT('2D SPACE',''
  ) );
#10830 = ORIENTED_EDGE('',*,*,#10265,.T.);
#10831 = ORIENTED_EDGE('',*,*,#8089,.F.);
#10832 = ADVANCED_FACE('',(#10833),#8219,.F.);
#10833 = FACE_BOUND('',#10834,.F.);
#10834 = EDGE_LOOP('',(#10835,#10836,#10837,#10838,#10859,#10880));
#10835 = ORIENTED_EDGE('',*,*,#8366,.F.);
#10836 = ORIENTED_EDGE('',*,*,#8204,.T.);
#10837 = ORIENTED_EDGE('',*,*,#8491,.T.);
#10838 = ORIENTED_EDGE('',*,*,#10839,.F.);
#10839 = EDGE_CURVE('',#10840,#8466,#10842,.T.);
#10840 = VERTEX_POINT('',#10841);
#10841 = CARTESIAN_POINT('',(-25.,-3.75,0.));
#10842 = SURFACE_CURVE('',#10843,(#10847,#10853),.PCURVE_S1.);
#10843 = LINE('',#10844,#10845);
#10844 = CARTESIAN_POINT('',(-25.,-3.75,14.875));
#10845 = VECTOR('',#10846,1.);
#10846 = DIRECTION('',(0.,0.,1.));
#10847 = PCURVE('',#8219,#10848);
#10848 = DEFINITIONAL_REPRESENTATION('',(#10849),#10852);
#10849 = B_SPLINE_CURVE_WITH_KNOTS('',1,(#10850,#10851),.UNSPECIFIED.,
  .F.,.F.,(2,2),(-14.875,-13.125),.PIECEWISE_BEZIER_KNOTS.);
#10850 = CARTESIAN_POINT('',(0.25,3.5));
#10851 = CARTESIAN_POINT('',(2.,3.5));
#10852 = ( GEOMETRIC_REPRESENTATION_CONTEXT(2) 
PARAMETRIC_REPRESENTATION_CONTEXT() REPRESENTATION_CONTEXT('2D SPACE',''
  ) );
#10853 = PCURVE('',#8480,#10854);
#10854 = DEFINITIONAL_REPRESENTATION('',(#10855),#10858);
#10855 = B_SPLINE_CURVE_WITH_KNOTS('',1,(#10856,#10857),.UNSPECIFIED.,
  .F.,.F.,(2,2),(-14.875,-13.125),.PIECEWISE_BEZIER_KNOTS.);
#10856 = CARTESIAN_POINT('',(30.,-3.75));
#10857 = CARTESIAN_POINT('',(28.25,-3.75));
#10858 = ( GEOMETRIC_REPRESENTATION_CONTEXT(2) 
PARAMETRIC_REPRESENTATION_CONTEXT() REPRESENTATION_CONTEXT('2D SPACE',''
  ) );
#10859 = ORIENTED_EDGE('',*,*,#10860,.F.);
#10860 = EDGE_CURVE('',#10861,#10840,#10863,.T.);
#10861 = VERTEX_POINT('',#10862);
#10862 = CARTESIAN_POINT('',(-23.5,-3.75,5.238115423762E-02));
#10863 = SURFACE_CURVE('',#10864,(#10868,#10874),.PCURVE_S1.);
#10864 = LINE('',#10865,#10866);
#10865 = CARTESIAN_POINT('',(-26.75222832358,-3.75,-6.118916138487E-02)
  );
#10866 = VECTOR('',#10867,1.);
#10867 = DIRECTION('',(-0.999390827019,0.,-3.48994967025E-02));
#10868 = PCURVE('',#8219,#10869);
#10869 = DEFINITIONAL_REPRESENTATION('',(#10870),#10873);
#10870 = B_SPLINE_CURVE_WITH_KNOTS('',1,(#10871,#10872),.UNSPECIFIED.,
  .F.,.F.,(2,2),(-3.254210700819,-1.753296384371),
  .PIECEWISE_BEZIER_KNOTS.);
#10871 = CARTESIAN_POINT('',(0.302381154238,5.));
#10872 = CARTESIAN_POINT('',(0.25,3.5));
#10873 = ( GEOMETRIC_REPRESENTATION_CONTEXT(2) 
PARAMETRIC_REPRESENTATION_CONTEXT() REPRESENTATION_CONTEXT('2D SPACE',''
  ) );
#10874 = PCURVE('',#10134,#10875);
#10875 = DEFINITIONAL_REPRESENTATION('',(#10876),#10879);
#10876 = B_SPLINE_CURVE_WITH_KNOTS('',1,(#10877,#10878),.UNSPECIFIED.,
  .F.,.F.,(2,2),(-3.254210700819,-1.753296384371),
  .PIECEWISE_BEZIER_KNOTS.);
#10877 = CARTESIAN_POINT('',(1.500914316448,-3.75));
#10878 = CARTESIAN_POINT('',(0.,-3.75));
#10879 = ( GEOMETRIC_REPRESENTATION_CONTEXT(2) 
PARAMETRIC_REPRESENTATION_CONTEXT() REPRESENTATION_CONTEXT('2D SPACE',''
  ) );
#10880 = ORIENTED_EDGE('',*,*,#10881,.F.);
#10881 = EDGE_CURVE('',#8339,#10861,#10882,.T.);
#10882 = SURFACE_CURVE('',#10883,(#10887,#10894),.PCURVE_S1.);
#10883 = LINE('',#10884,#10885);
#10884 = CARTESIAN_POINT('',(-23.5,-3.75,-0.25));
#10885 = VECTOR('',#10886,1.);
#10886 = DIRECTION('',(0.,0.,1.));
#10887 = PCURVE('',#8219,#10888);
#10888 = DEFINITIONAL_REPRESENTATION('',(#10889),#10893);
#10889 = LINE('',#10890,#10891);
#10890 = CARTESIAN_POINT('',(0.,5.));
#10891 = VECTOR('',#10892,1.);
#10892 = DIRECTION('',(1.,0.));
#10893 = ( GEOMETRIC_REPRESENTATION_CONTEXT(2) 
PARAMETRIC_REPRESENTATION_CONTEXT() REPRESENTATION_CONTEXT('2D SPACE',''
  ) );
#10894 = PCURVE('',#8354,#10895);
#10895 = DEFINITIONAL_REPRESENTATION('',(#10896),#10900);
#10896 = LINE('',#10897,#10898);
#10897 = CARTESIAN_POINT('',(0.,-2.5));
#10898 = VECTOR('',#10899,1.);
#10899 = DIRECTION('',(1.,0.));
#10900 = ( GEOMETRIC_REPRESENTATION_CONTEXT(2) 
PARAMETRIC_REPRESENTATION_CONTEXT() REPRESENTATION_CONTEXT('2D SPACE',''
  ) );
#10901 = ADVANCED_FACE('',(#10902),#8272,.F.);
#10902 = FACE_BOUND('',#10903,.F.);
#10903 = EDGE_LOOP('',(#10904,#10905,#10928,#10954));
#10904 = ORIENTED_EDGE('',*,*,#8251,.F.);
#10905 = ORIENTED_EDGE('',*,*,#10906,.F.);
#10906 = EDGE_CURVE('',#10907,#8252,#10909,.T.);
#10907 = VERTEX_POINT('',#10908);
#10908 = CARTESIAN_POINT('',(-25.,5.633375276078E-16,1.95));
#10909 = SEAM_CURVE('',#10910,(#10914,#10921),.PCURVE_S1.);
#10910 = LINE('',#10911,#10912);
#10911 = CARTESIAN_POINT('',(-23.5,5.633375276078E-16,1.95));
#10912 = VECTOR('',#10913,1.);
#10913 = DIRECTION('',(-1.,0.,0.));
#10914 = PCURVE('',#8272,#10915);
#10915 = DEFINITIONAL_REPRESENTATION('',(#10916),#10920);
#10916 = LINE('',#10917,#10918);
#10917 = CARTESIAN_POINT('',(6.28318530718,-0.));
#10918 = VECTOR('',#10919,1.);
#10919 = DIRECTION('',(0.,1.));
#10920 = ( GEOMETRIC_REPRESENTATION_CONTEXT(2) 
PARAMETRIC_REPRESENTATION_CONTEXT() REPRESENTATION_CONTEXT('2D SPACE',''
  ) );
#10921 = PCURVE('',#8272,#10922);
#10922 = DEFINITIONAL_REPRESENTATION('',(#10923),#10927);
#10923 = LINE('',#10924,#10925);
#10924 = CARTESIAN_POINT('',(0.,-0.));
#10925 = VECTOR('',#10926,1.);
#10926 = DIRECTION('',(0.,1.));
#10927 = ( GEOMETRIC_REPRESENTATION_CONTEXT(2) 
PARAMETRIC_REPRESENTATION_CONTEXT() REPRESENTATION_CONTEXT('2D SPACE',''
  ) );
#10928 = ORIENTED_EDGE('',*,*,#10929,.T.);
#10929 = EDGE_CURVE('',#10907,#10907,#10930,.T.);
#10930 = SURFACE_CURVE('',#10931,(#10936,#10943),.PCURVE_S1.);
#10931 = CIRCLE('',#10932,2.3);
#10932 = AXIS2_PLACEMENT_3D('',#10933,#10934,#10935);
#10933 = CARTESIAN_POINT('',(-25.,0.,4.25));
#10934 = DIRECTION('',(-1.,0.,0.));
#10935 = DIRECTION('',(0.,0.,-1.));
#10936 = PCURVE('',#8272,#10937);
#10937 = DEFINITIONAL_REPRESENTATION('',(#10938),#10942);
#10938 = LINE('',#10939,#10940);
#10939 = CARTESIAN_POINT('',(0.,1.5));
#10940 = VECTOR('',#10941,1.);
#10941 = DIRECTION('',(1.,0.));
#10942 = ( GEOMETRIC_REPRESENTATION_CONTEXT(2) 
PARAMETRIC_REPRESENTATION_CONTEXT() REPRESENTATION_CONTEXT('2D SPACE',''
  ) );
#10943 = PCURVE('',#8480,#10944);
#10944 = DEFINITIONAL_REPRESENTATION('',(#10945),#10953);
#10945 = ( BOUNDED_CURVE() B_SPLINE_CURVE(2,(#10946,#10947,#10948,#10949
    ,#10950,#10951,#10952),.UNSPECIFIED.,.T.,.F.) 
B_SPLINE_CURVE_WITH_KNOTS((1,2,2,2,2,1),(-2.094395102393,0.,
    2.094395102393,4.188790204786,6.28318530718,8.377580409573),
.UNSPECIFIED.) CURVE() GEOMETRIC_REPRESENTATION_ITEM() 
RATIONAL_B_SPLINE_CURVE((1.,0.5,1.,0.5,1.,0.5,1.)) REPRESENTATION_ITEM(
  '') );
#10946 = CARTESIAN_POINT('',(28.05,0.));
#10947 = CARTESIAN_POINT('',(28.05,-3.983716857408));
#10948 = CARTESIAN_POINT('',(24.6,-1.991858428704));
#10949 = CARTESIAN_POINT('',(21.15,-5.633375276078E-16));
#10950 = CARTESIAN_POINT('',(24.6,1.991858428704));
#10951 = CARTESIAN_POINT('',(28.05,3.983716857408));
#10952 = CARTESIAN_POINT('',(28.05,0.));
#10953 = ( GEOMETRIC_REPRESENTATION_CONTEXT(2) 
PARAMETRIC_REPRESENTATION_CONTEXT() REPRESENTATION_CONTEXT('2D SPACE',''
  ) );
#10954 = ORIENTED_EDGE('',*,*,#10906,.T.);
#10955 = ADVANCED_FACE('',(#10956),#8354,.F.);
#10956 = FACE_BOUND('',#10957,.F.);
#10957 = EDGE_LOOP('',(#10958,#10981,#10982,#10983));
#10958 = ORIENTED_EDGE('',*,*,#10959,.F.);
#10959 = EDGE_CURVE('',#8311,#10960,#10962,.T.);
#10960 = VERTEX_POINT('',#10961);
#10961 = CARTESIAN_POINT('',(-23.5,-6.25,5.238115423762E-02));
#10962 = SURFACE_CURVE('',#10963,(#10967,#10974),.PCURVE_S1.);
#10963 = LINE('',#10964,#10965);
#10964 = CARTESIAN_POINT('',(-23.5,-6.25,-0.25));
#10965 = VECTOR('',#10966,1.);
#10966 = DIRECTION('',(0.,0.,1.));
#10967 = PCURVE('',#8354,#10968);
#10968 = DEFINITIONAL_REPRESENTATION('',(#10969),#10973);
#10969 = LINE('',#10970,#10971);
#10970 = CARTESIAN_POINT('',(0.,0.));
#10971 = VECTOR('',#10972,1.);
#10972 = DIRECTION('',(1.,0.));
#10973 = ( GEOMETRIC_REPRESENTATION_CONTEXT(2) 
PARAMETRIC_REPRESENTATION_CONTEXT() REPRESENTATION_CONTEXT('2D SPACE',''
  ) );
#10974 = PCURVE('',#8326,#10975);
#10975 = DEFINITIONAL_REPRESENTATION('',(#10976),#10980);
#10976 = LINE('',#10977,#10978);
#10977 = CARTESIAN_POINT('',(0.,5.));
#10978 = VECTOR('',#10979,1.);
#10979 = DIRECTION('',(1.,0.));
#10980 = ( GEOMETRIC_REPRESENTATION_CONTEXT(2) 
PARAMETRIC_REPRESENTATION_CONTEXT() REPRESENTATION_CONTEXT('2D SPACE',''
  ) );
#10981 = ORIENTED_EDGE('',*,*,#8338,.T.);
#10982 = ORIENTED_EDGE('',*,*,#10881,.T.);
#10983 = ORIENTED_EDGE('',*,*,#10984,.F.);
#10984 = EDGE_CURVE('',#10960,#10861,#10985,.T.);
#10985 = SURFACE_CURVE('',#10986,(#10990,#10996),.PCURVE_S1.);
#10986 = LINE('',#10987,#10988);
#10987 = CARTESIAN_POINT('',(-23.5,-3.125,5.238115423762E-02));
#10988 = VECTOR('',#10989,1.);
#10989 = DIRECTION('',(0.,1.,-0.));
#10990 = PCURVE('',#8354,#10991);
#10991 = DEFINITIONAL_REPRESENTATION('',(#10992),#10995);
#10992 = B_SPLINE_CURVE_WITH_KNOTS('',1,(#10993,#10994),.UNSPECIFIED.,
  .F.,.F.,(2,2),(-3.125,-0.625),.PIECEWISE_BEZIER_KNOTS.);
#10993 = CARTESIAN_POINT('',(0.302381154238,0.));
#10994 = CARTESIAN_POINT('',(0.302381154238,-2.5));
#10995 = ( GEOMETRIC_REPRESENTATION_CONTEXT(2) 
PARAMETRIC_REPRESENTATION_CONTEXT() REPRESENTATION_CONTEXT('2D SPACE',''
  ) );
#10996 = PCURVE('',#10134,#10997);
#10997 = DEFINITIONAL_REPRESENTATION('',(#10998),#11001);
#10998 = B_SPLINE_CURVE_WITH_KNOTS('',1,(#10999,#11000),.UNSPECIFIED.,
  .F.,.F.,(2,2),(-3.125,-0.625),.PIECEWISE_BEZIER_KNOTS.);
#10999 = CARTESIAN_POINT('',(1.500914316448,-6.25));
#11000 = CARTESIAN_POINT('',(1.500914316448,-3.75));
#11001 = ( GEOMETRIC_REPRESENTATION_CONTEXT(2) 
PARAMETRIC_REPRESENTATION_CONTEXT() REPRESENTATION_CONTEXT('2D SPACE',''
  ) );
#11002 = ADVANCED_FACE('',(#11003),#8326,.T.);
#11003 = FACE_BOUND('',#11004,.T.);
#11004 = EDGE_LOOP('',(#11005,#11006,#11007,#11008,#11009,#11030));
#11005 = ORIENTED_EDGE('',*,*,#10959,.F.);
#11006 = ORIENTED_EDGE('',*,*,#8310,.F.);
#11007 = ORIENTED_EDGE('',*,*,#8415,.T.);
#11008 = ORIENTED_EDGE('',*,*,#8442,.T.);
#11009 = ORIENTED_EDGE('',*,*,#11010,.F.);
#11010 = EDGE_CURVE('',#11011,#8443,#11013,.T.);
#11011 = VERTEX_POINT('',#11012);
#11012 = CARTESIAN_POINT('',(-25.,-6.25,0.));
#11013 = SURFACE_CURVE('',#11014,(#11018,#11024),.PCURVE_S1.);
#11014 = LINE('',#11015,#11016);
#11015 = CARTESIAN_POINT('',(-25.,-6.25,14.875));
#11016 = VECTOR('',#11017,1.);
#11017 = DIRECTION('',(0.,0.,1.));
#11018 = PCURVE('',#8326,#11019);
#11019 = DEFINITIONAL_REPRESENTATION('',(#11020),#11023);
#11020 = B_SPLINE_CURVE_WITH_KNOTS('',1,(#11021,#11022),.UNSPECIFIED.,
  .F.,.F.,(2,2),(-14.875,-13.125),.PIECEWISE_BEZIER_KNOTS.);
#11021 = CARTESIAN_POINT('',(0.25,3.5));
#11022 = CARTESIAN_POINT('',(2.,3.5));
#11023 = ( GEOMETRIC_REPRESENTATION_CONTEXT(2) 
PARAMETRIC_REPRESENTATION_CONTEXT() REPRESENTATION_CONTEXT('2D SPACE',''
  ) );
#11024 = PCURVE('',#8480,#11025);
#11025 = DEFINITIONAL_REPRESENTATION('',(#11026),#11029);
#11026 = B_SPLINE_CURVE_WITH_KNOTS('',1,(#11027,#11028),.UNSPECIFIED.,
  .F.,.F.,(2,2),(-14.875,-13.125),.PIECEWISE_BEZIER_KNOTS.);
#11027 = CARTESIAN_POINT('',(30.,-6.25));
#11028 = CARTESIAN_POINT('',(28.25,-6.25));
#11029 = ( GEOMETRIC_REPRESENTATION_CONTEXT(2) 
PARAMETRIC_REPRESENTATION_CONTEXT() REPRESENTATION_CONTEXT('2D SPACE',''
  ) );
#11030 = ORIENTED_EDGE('',*,*,#11031,.F.);
#11031 = EDGE_CURVE('',#10960,#11011,#11032,.T.);
#11032 = SURFACE_CURVE('',#11033,(#11037,#11043),.PCURVE_S1.);
#11033 = LINE('',#11034,#11035);
#11034 = CARTESIAN_POINT('',(-26.75222832358,-6.25,-6.118916138487E-02)
  );
#11035 = VECTOR('',#11036,1.);
#11036 = DIRECTION('',(-0.999390827019,0.,-3.48994967025E-02));
#11037 = PCURVE('',#8326,#11038);
#11038 = DEFINITIONAL_REPRESENTATION('',(#11039),#11042);
#11039 = B_SPLINE_CURVE_WITH_KNOTS('',1,(#11040,#11041),.UNSPECIFIED.,
  .F.,.F.,(2,2),(-3.254210700819,-1.753296384371),
  .PIECEWISE_BEZIER_KNOTS.);
#11040 = CARTESIAN_POINT('',(0.302381154238,5.));
#11041 = CARTESIAN_POINT('',(0.25,3.5));
#11042 = ( GEOMETRIC_REPRESENTATION_CONTEXT(2) 
PARAMETRIC_REPRESENTATION_CONTEXT() REPRESENTATION_CONTEXT('2D SPACE',''
  ) );
#11043 = PCURVE('',#10134,#11044);
#11044 = DEFINITIONAL_REPRESENTATION('',(#11045),#11048);
#11045 = B_SPLINE_CURVE_WITH_KNOTS('',1,(#11046,#11047),.UNSPECIFIED.,
  .F.,.F.,(2,2),(-3.254210700819,-1.753296384371),
  .PIECEWISE_BEZIER_KNOTS.);
#11046 = CARTESIAN_POINT('',(1.500914316448,-6.25));
#11047 = CARTESIAN_POINT('',(0.,-6.25));
#11048 = ( GEOMETRIC_REPRESENTATION_CONTEXT(2) 
PARAMETRIC_REPRESENTATION_CONTEXT() REPRESENTATION_CONTEXT('2D SPACE',''
  ) );
#11049 = ADVANCED_FACE('',(#11050,#11100),#8480,.T.);
#11050 = FACE_BOUND('',#11051,.T.);
#11051 = EDGE_LOOP('',(#11052,#11053,#11054,#11075,#11076,#11077,#11078,
    #11099));
#11052 = ORIENTED_EDGE('',*,*,#8586,.F.);
#11053 = ORIENTED_EDGE('',*,*,#10146,.T.);
#11054 = ORIENTED_EDGE('',*,*,#11055,.T.);
#11055 = EDGE_CURVE('',#10119,#11011,#11056,.T.);
#11056 = SURFACE_CURVE('',#11057,(#11061,#11068),.PCURVE_S1.);
#11057 = LINE('',#11058,#11059);
#11058 = CARTESIAN_POINT('',(-25.,-12.,0.));
#11059 = VECTOR('',#11060,1.);
#11060 = DIRECTION('',(0.,1.,0.));
#11061 = PCURVE('',#8480,#11062);
#11062 = DEFINITIONAL_REPRESENTATION('',(#11063),#11067);
#11063 = LINE('',#11064,#11065);
#11064 = CARTESIAN_POINT('',(30.,-12.));
#11065 = VECTOR('',#11066,1.);
#11066 = DIRECTION('',(0.,1.));
#11067 = ( GEOMETRIC_REPRESENTATION_CONTEXT(2) 
PARAMETRIC_REPRESENTATION_CONTEXT() REPRESENTATION_CONTEXT('2D SPACE',''
  ) );
#11068 = PCURVE('',#10134,#11069);
#11069 = DEFINITIONAL_REPRESENTATION('',(#11070),#11074);
#11070 = LINE('',#11071,#11072);
#11071 = CARTESIAN_POINT('',(0.,-12.));
#11072 = VECTOR('',#11073,1.);
#11073 = DIRECTION('',(0.,1.));
#11074 = ( GEOMETRIC_REPRESENTATION_CONTEXT(2) 
PARAMETRIC_REPRESENTATION_CONTEXT() REPRESENTATION_CONTEXT('2D SPACE',''
  ) );
#11075 = ORIENTED_EDGE('',*,*,#11010,.T.);
#11076 = ORIENTED_EDGE('',*,*,#8465,.F.);
#11077 = ORIENTED_EDGE('',*,*,#10839,.F.);
#11078 = ORIENTED_EDGE('',*,*,#11079,.T.);
#11079 = EDGE_CURVE('',#10840,#10733,#11080,.T.);
#11080 = SURFACE_CURVE('',#11081,(#11085,#11092),.PCURVE_S1.);
#11081 = LINE('',#11082,#11083);
#11082 = CARTESIAN_POINT('',(-25.,-12.,0.));
#11083 = VECTOR('',#11084,1.);
#11084 = DIRECTION('',(0.,1.,0.));
#11085 = PCURVE('',#8480,#11086);
#11086 = DEFINITIONAL_REPRESENTATION('',(#11087),#11091);
#11087 = LINE('',#11088,#11089);
#11088 = CARTESIAN_POINT('',(30.,-12.));
#11089 = VECTOR('',#11090,1.);
#11090 = DIRECTION('',(0.,1.));
#11091 = ( GEOMETRIC_REPRESENTATION_CONTEXT(2) 
PARAMETRIC_REPRESENTATION_CONTEXT() REPRESENTATION_CONTEXT('2D SPACE',''
  ) );
#11092 = PCURVE('',#10134,#11093);
#11093 = DEFINITIONAL_REPRESENTATION('',(#11094),#11098);
#11094 = LINE('',#11095,#11096);
#11095 = CARTESIAN_POINT('',(0.,-12.));
#11096 = VECTOR('',#11097,1.);
#11097 = DIRECTION('',(0.,1.));
#11098 = ( GEOMETRIC_REPRESENTATION_CONTEXT(2) 
PARAMETRIC_REPRESENTATION_CONTEXT() REPRESENTATION_CONTEXT('2D SPACE',''
  ) );
#11099 = ORIENTED_EDGE('',*,*,#10755,.F.);
#11100 = FACE_BOUND('',#11101,.T.);
#11101 = EDGE_LOOP('',(#11102));
#11102 = ORIENTED_EDGE('',*,*,#10929,.T.);
#11103 = ADVANCED_FACE('',(#11104),#10106,.T.);
#11104 = FACE_BOUND('',#11105,.T.);
#11105 = EDGE_LOOP('',(#11106,#11107,#11128,#11129,#11130,#11131,#11150,
    #11151,#11152,#11153,#11174,#11206,#11232,#11258,#11284,#11311,
    #11337,#11364,#11390,#11416,#11442,#11469,#11488,#11489));
#11106 = ORIENTED_EDGE('',*,*,#10709,.F.);
#11107 = ORIENTED_EDGE('',*,*,#11108,.T.);
#11108 = EDGE_CURVE('',#10710,#10091,#11109,.T.);
#11109 = SURFACE_CURVE('',#11110,(#11114,#11121),.PCURVE_S1.);
#11110 = LINE('',#11111,#11112);
#11111 = CARTESIAN_POINT('',(0.,12.,0.873019237294));
#11112 = VECTOR('',#11113,1.);
#11113 = DIRECTION('',(0.,-1.,0.));
#11114 = PCURVE('',#10106,#11115);
#11115 = DEFINITIONAL_REPRESENTATION('',(#11116),#11120);
#11116 = LINE('',#11117,#11118);
#11117 = CARTESIAN_POINT('',(0.,12.));
#11118 = VECTOR('',#11119,1.);
#11119 = DIRECTION('',(0.,-1.));
#11120 = ( GEOMETRIC_REPRESENTATION_CONTEXT(2) 
PARAMETRIC_REPRESENTATION_CONTEXT() REPRESENTATION_CONTEXT('2D SPACE',''
  ) );
#11121 = PCURVE('',#10134,#11122);
#11122 = DEFINITIONAL_REPRESENTATION('',(#11123),#11127);
#11123 = LINE('',#11124,#11125);
#11124 = CARTESIAN_POINT('',(25.015238607471,12.));
#11125 = VECTOR('',#11126,1.);
#11126 = DIRECTION('',(0.,-1.));
#11127 = ( GEOMETRIC_REPRESENTATION_CONTEXT(2) 
PARAMETRIC_REPRESENTATION_CONTEXT() REPRESENTATION_CONTEXT('2D SPACE',''
  ) );
#11128 = ORIENTED_EDGE('',*,*,#10090,.T.);
#11129 = ORIENTED_EDGE('',*,*,#10411,.F.);
#11130 = ORIENTED_EDGE('',*,*,#10632,.T.);
#11131 = ORIENTED_EDGE('',*,*,#11132,.T.);
#11132 = EDGE_CURVE('',#10610,#10514,#11133,.T.);
#11133 = SURFACE_CURVE('',#11134,(#11138,#11144),.PCURVE_S1.);
#11134 = LINE('',#11135,#11136);
#11135 = CARTESIAN_POINT('',(23.5,-3.125,5.238115423762E-02));
#11136 = VECTOR('',#11137,1.);
#11137 = DIRECTION('',(0.,1.,0.));
#11138 = PCURVE('',#10106,#11139);
#11139 = DEFINITIONAL_REPRESENTATION('',(#11140),#11143);
#11140 = B_SPLINE_CURVE_WITH_KNOTS('',1,(#11141,#11142),.UNSPECIFIED.,
  .F.,.F.,(2,2),(-3.125,-0.625),.PIECEWISE_BEZIER_KNOTS.);
#11141 = CARTESIAN_POINT('',(23.514324291022,-6.25));
#11142 = CARTESIAN_POINT('',(23.514324291022,-3.75));
#11143 = ( GEOMETRIC_REPRESENTATION_CONTEXT(2) 
PARAMETRIC_REPRESENTATION_CONTEXT() REPRESENTATION_CONTEXT('2D SPACE',''
  ) );
#11144 = PCURVE('',#10475,#11145);
#11145 = DEFINITIONAL_REPRESENTATION('',(#11146),#11149);
#11146 = B_SPLINE_CURVE_WITH_KNOTS('',1,(#11147,#11148),.UNSPECIFIED.,
  .F.,.F.,(2,2),(-3.125,-0.625),.PIECEWISE_BEZIER_KNOTS.);
#11147 = CARTESIAN_POINT('',(0.302381154238,0.));
#11148 = CARTESIAN_POINT('',(0.302381154238,-2.5));
#11149 = ( GEOMETRIC_REPRESENTATION_CONTEXT(2) 
PARAMETRIC_REPRESENTATION_CONTEXT() REPRESENTATION_CONTEXT('2D SPACE',''
  ) );
#11150 = ORIENTED_EDGE('',*,*,#10536,.F.);
#11151 = ORIENTED_EDGE('',*,*,#10325,.F.);
#11152 = ORIENTED_EDGE('',*,*,#10180,.F.);
#11153 = ORIENTED_EDGE('',*,*,#11154,.F.);
#11154 = EDGE_CURVE('',#11155,#10181,#11157,.T.);
#11155 = VERTEX_POINT('',#11156);
#11156 = CARTESIAN_POINT('',(24.2,-2.486801314551,2.79366155934E-02));
#11157 = SURFACE_CURVE('',#11158,(#11162,#11168),.PCURVE_S1.);
#11158 = LINE('',#11159,#11160);
#11159 = CARTESIAN_POINT('',(24.2,0.,2.79366155934E-02));
#11160 = VECTOR('',#11161,1.);
#11161 = DIRECTION('',(0.,1.,0.));
#11162 = PCURVE('',#10106,#11163);
#11163 = DEFINITIONAL_REPRESENTATION('',(#11164),#11167);
#11164 = B_SPLINE_CURVE_WITH_KNOTS('',1,(#11165,#11166),.UNSPECIFIED.,
  .F.,.F.,(2,2),(-4.9,4.9),.PIECEWISE_BEZIER_KNOTS.);
#11165 = CARTESIAN_POINT('',(24.214750972031,-4.9));
#11166 = CARTESIAN_POINT('',(24.214750972031,4.9));
#11167 = ( GEOMETRIC_REPRESENTATION_CONTEXT(2) 
PARAMETRIC_REPRESENTATION_CONTEXT() REPRESENTATION_CONTEXT('2D SPACE',''
  ) );
#11168 = PCURVE('',#10226,#11169);
#11169 = DEFINITIONAL_REPRESENTATION('',(#11170),#11173);
#11170 = B_SPLINE_CURVE_WITH_KNOTS('',1,(#11171,#11172),.UNSPECIFIED.,
  .F.,.F.,(2,2),(-4.9,4.9),.PIECEWISE_BEZIER_KNOTS.);
#11171 = CARTESIAN_POINT('',(-4.222063384407,4.9));
#11172 = CARTESIAN_POINT('',(-4.222063384407,-4.9));
#11173 = ( GEOMETRIC_REPRESENTATION_CONTEXT(2) 
PARAMETRIC_REPRESENTATION_CONTEXT() REPRESENTATION_CONTEXT('2D SPACE',''
  ) );
#11174 = ORIENTED_EDGE('',*,*,#11175,.F.);
#11175 = EDGE_CURVE('',#11176,#11155,#11178,.T.);
#11176 = VERTEX_POINT('',#11177);
#11177 = CARTESIAN_POINT('',(21.000000000001,-2.667450993074,
    0.139683077967));
#11178 = SURFACE_CURVE('',#11179,(#11184,#11191),.PCURVE_S1.);
#11179 = ELLIPSE('',#11180,140.40317090443,4.9);
#11180 = AXIS2_PLACEMENT_3D('',#11181,#11182,#11183);
#11181 = CARTESIAN_POINT('',(-96.70407645239,0.,4.25));
#11182 = DIRECTION('',(3.48994967025E-02,0.,0.999390827019));
#11183 = DIRECTION('',(0.999390827019,0.,-3.48994967025E-02));
#11184 = PCURVE('',#10106,#11185);
#11185 = DEFINITIONAL_REPRESENTATION('',(#11186),#11190);
#11186 = ELLIPSE('',#11187,140.40317090443,4.9);
#11187 = AXIS2_PLACEMENT_2D('',#11188,#11189);
#11188 = CARTESIAN_POINT('',(-96.76302187086,0.));
#11189 = DIRECTION('',(1.,0.));
#11190 = ( GEOMETRIC_REPRESENTATION_CONTEXT(2) 
PARAMETRIC_REPRESENTATION_CONTEXT() REPRESENTATION_CONTEXT('2D SPACE',''
  ) );
#11191 = PCURVE('',#11192,#11197);
#11192 = CYLINDRICAL_SURFACE('',#11193,4.9);
#11193 = AXIS2_PLACEMENT_3D('',#11194,#11195,#11196);
#11194 = CARTESIAN_POINT('',(17.8,0.,4.25));
#11195 = DIRECTION('',(1.,0.,0.));
#11196 = DIRECTION('',(-0.,0.,1.));
#11197 = DEFINITIONAL_REPRESENTATION('',(#11198),#11205);
#11198 = B_SPLINE_CURVE_WITH_KNOTS('',5,(#11199,#11200,#11201,#11202,
    #11203,#11204),.UNSPECIFIED.,.F.,.F.,(6,6),(5.666906193535,
    5.750892263052),.PIECEWISE_BEZIER_KNOTS.);
#11199 = CARTESIAN_POINT('',(2.525313539945,-6.000000247752E-07));
#11200 = CARTESIAN_POINT('',(2.542110753849,1.362320449736));
#11201 = CARTESIAN_POINT('',(2.558907967752,2.684257860469));
#11202 = CARTESIAN_POINT('',(2.575705181656,3.965010844871));
#11203 = CARTESIAN_POINT('',(2.592502395559,5.203826127724));
#11204 = CARTESIAN_POINT('',(2.609299609462,6.4000006));
#11205 = ( GEOMETRIC_REPRESENTATION_CONTEXT(2) 
PARAMETRIC_REPRESENTATION_CONTEXT() REPRESENTATION_CONTEXT('2D SPACE',''
  ) );
#11206 = ORIENTED_EDGE('',*,*,#11207,.T.);
#11207 = EDGE_CURVE('',#11176,#11208,#11210,.T.);
#11208 = VERTEX_POINT('',#11209);
#11209 = CARTESIAN_POINT('',(21.,-6.,0.139683077967));
#11210 = SURFACE_CURVE('',#11211,(#11215,#11221),.PCURVE_S1.);
#11211 = LINE('',#11212,#11213);
#11212 = CARTESIAN_POINT('',(21.000000000001,-3.,0.139683077967));
#11213 = VECTOR('',#11214,1.);
#11214 = DIRECTION('',(0.,-1.,0.));
#11215 = PCURVE('',#10106,#11216);
#11216 = DEFINITIONAL_REPRESENTATION('',(#11217),#11220);
#11217 = B_SPLINE_CURVE_WITH_KNOTS('',1,(#11218,#11219),.UNSPECIFIED.,
  .F.,.F.,(2,2),(-9.,3.),.PIECEWISE_BEZIER_KNOTS.);
#11218 = CARTESIAN_POINT('',(21.012800430276,6.));
#11219 = CARTESIAN_POINT('',(21.012800430276,-6.));
#11220 = ( GEOMETRIC_REPRESENTATION_CONTEXT(2) 
PARAMETRIC_REPRESENTATION_CONTEXT() REPRESENTATION_CONTEXT('2D SPACE',''
  ) );
#11221 = PCURVE('',#11222,#11227);
#11222 = PLANE('',#11223);
#11223 = AXIS2_PLACEMENT_3D('',#11224,#11225,#11226);
#11224 = CARTESIAN_POINT('',(18.5,-6.,0.139683077967));
#11225 = DIRECTION('',(0.,0.,1.));
#11226 = DIRECTION('',(1.,0.,0.));
#11227 = DEFINITIONAL_REPRESENTATION('',(#11228),#11231);
#11228 = B_SPLINE_CURVE_WITH_KNOTS('',1,(#11229,#11230),.UNSPECIFIED.,
  .F.,.F.,(2,2),(-9.,3.),.PIECEWISE_BEZIER_KNOTS.);
#11229 = CARTESIAN_POINT('',(2.500000000001,12.));
#11230 = CARTESIAN_POINT('',(2.500000000001,0.));
#11231 = ( GEOMETRIC_REPRESENTATION_CONTEXT(2) 
PARAMETRIC_REPRESENTATION_CONTEXT() REPRESENTATION_CONTEXT('2D SPACE',''
  ) );
#11232 = ORIENTED_EDGE('',*,*,#11233,.T.);
#11233 = EDGE_CURVE('',#11208,#11234,#11236,.T.);
#11234 = VERTEX_POINT('',#11235);
#11235 = CARTESIAN_POINT('',(18.5,-6.,0.226985001696));
#11236 = SURFACE_CURVE('',#11237,(#11241,#11247),.PCURVE_S1.);
#11237 = LINE('',#11238,#11239);
#11238 = CARTESIAN_POINT('',(9.251522468588,-6.,0.54994895372));
#11239 = VECTOR('',#11240,1.);
#11240 = DIRECTION('',(-0.999390827019,0.,3.48994967025E-02));
#11241 = PCURVE('',#10106,#11242);
#11242 = DEFINITIONAL_REPRESENTATION('',(#11243),#11246);
#11243 = B_SPLINE_CURVE_WITH_KNOTS('',1,(#11244,#11245),.UNSPECIFIED.,
  .F.,.F.,(2,2),(-11.75563874891,-9.254114888164),
  .PIECEWISE_BEZIER_KNOTS.);
#11244 = CARTESIAN_POINT('',(21.012800430275,-6.));
#11245 = CARTESIAN_POINT('',(18.511276569528,-6.));
#11246 = ( GEOMETRIC_REPRESENTATION_CONTEXT(2) 
PARAMETRIC_REPRESENTATION_CONTEXT() REPRESENTATION_CONTEXT('2D SPACE',''
  ) );
#11247 = PCURVE('',#11248,#11253);
#11248 = PLANE('',#11249);
#11249 = AXIS2_PLACEMENT_3D('',#11250,#11251,#11252);
#11250 = CARTESIAN_POINT('',(18.5,-6.,0.139683077967));
#11251 = DIRECTION('',(0.,1.,0.));
#11252 = DIRECTION('',(0.,0.,1.));
#11253 = DEFINITIONAL_REPRESENTATION('',(#11254),#11257);
#11254 = B_SPLINE_CURVE_WITH_KNOTS('',1,(#11255,#11256),.UNSPECIFIED.,
  .F.,.F.,(2,2),(-11.75563874891,-9.254114888164),
  .PIECEWISE_BEZIER_KNOTS.);
#11255 = CARTESIAN_POINT('',(-5.551115123126E-17,2.5));
#11256 = CARTESIAN_POINT('',(8.730192372937E-02,0.));
#11257 = ( GEOMETRIC_REPRESENTATION_CONTEXT(2) 
PARAMETRIC_REPRESENTATION_CONTEXT() REPRESENTATION_CONTEXT('2D SPACE',''
  ) );
#11258 = ORIENTED_EDGE('',*,*,#11259,.T.);
#11259 = EDGE_CURVE('',#11234,#11260,#11262,.T.);
#11260 = VERTEX_POINT('',#11261);
#11261 = CARTESIAN_POINT('',(18.5,-2.797382763124,0.226985001696));
#11262 = SURFACE_CURVE('',#11263,(#11267,#11273),.PCURVE_S1.);
#11263 = LINE('',#11264,#11265);
#11264 = CARTESIAN_POINT('',(18.5,-3.,0.226985001696));
#11265 = VECTOR('',#11266,1.);
#11266 = DIRECTION('',(0.,1.,0.));
#11267 = PCURVE('',#10106,#11268);
#11268 = DEFINITIONAL_REPRESENTATION('',(#11269),#11272);
#11269 = B_SPLINE_CURVE_WITH_KNOTS('',1,(#11270,#11271),.UNSPECIFIED.,
  .F.,.F.,(2,2),(-3.,9.),.PIECEWISE_BEZIER_KNOTS.);
#11270 = CARTESIAN_POINT('',(18.511276569528,-6.));
#11271 = CARTESIAN_POINT('',(18.511276569528,6.));
#11272 = ( GEOMETRIC_REPRESENTATION_CONTEXT(2) 
PARAMETRIC_REPRESENTATION_CONTEXT() REPRESENTATION_CONTEXT('2D SPACE',''
  ) );
#11273 = PCURVE('',#11274,#11279);
#11274 = PLANE('',#11275);
#11275 = AXIS2_PLACEMENT_3D('',#11276,#11277,#11278);
#11276 = CARTESIAN_POINT('',(18.5,-6.,0.139683077967));
#11277 = DIRECTION('',(1.,0.,0.));
#11278 = DIRECTION('',(0.,0.,1.));
#11279 = DEFINITIONAL_REPRESENTATION('',(#11280),#11283);
#11280 = B_SPLINE_CURVE_WITH_KNOTS('',1,(#11281,#11282),.UNSPECIFIED.,
  .F.,.F.,(2,2),(-3.,9.),.PIECEWISE_BEZIER_KNOTS.);
#11281 = CARTESIAN_POINT('',(8.730192372937E-02,0.));
#11282 = CARTESIAN_POINT('',(8.730192372937E-02,-12.));
#11283 = ( GEOMETRIC_REPRESENTATION_CONTEXT(2) 
PARAMETRIC_REPRESENTATION_CONTEXT() REPRESENTATION_CONTEXT('2D SPACE',''
  ) );
#11284 = ORIENTED_EDGE('',*,*,#11285,.F.);
#11285 = EDGE_CURVE('',#11286,#11260,#11288,.T.);
#11286 = VERTEX_POINT('',#11287);
#11287 = CARTESIAN_POINT('',(17.8,-2.832213671166,0.251429540341));
#11288 = SURFACE_CURVE('',#11289,(#11294,#11301),.PCURVE_S1.);
#11289 = ELLIPSE('',#11290,140.40317090443,4.9);
#11290 = AXIS2_PLACEMENT_3D('',#11291,#11292,#11293);
#11291 = CARTESIAN_POINT('',(-96.70407645239,0.,4.25));
#11292 = DIRECTION('',(3.48994967025E-02,0.,0.999390827019));
#11293 = DIRECTION('',(0.999390827019,0.,-3.48994967025E-02));
#11294 = PCURVE('',#10106,#11295);
#11295 = DEFINITIONAL_REPRESENTATION('',(#11296),#11300);
#11296 = ELLIPSE('',#11297,140.40317090443,4.9);
#11297 = AXIS2_PLACEMENT_2D('',#11298,#11299);
#11298 = CARTESIAN_POINT('',(-96.76302187086,0.));
#11299 = DIRECTION('',(1.,0.));
#11300 = ( GEOMETRIC_REPRESENTATION_CONTEXT(2) 
PARAMETRIC_REPRESENTATION_CONTEXT() REPRESENTATION_CONTEXT('2D SPACE',''
  ) );
#11301 = PCURVE('',#11192,#11302);
#11302 = DEFINITIONAL_REPRESENTATION('',(#11303),#11310);
#11303 = B_SPLINE_CURVE_WITH_KNOTS('',5,(#11304,#11305,#11306,#11307,
    #11308,#11309),.UNSPECIFIED.,.F.,.F.,(6,6),(5.666906193535,
    5.750892263052),.PIECEWISE_BEZIER_KNOTS.);
#11304 = CARTESIAN_POINT('',(2.525313539945,-6.000000247752E-07));
#11305 = CARTESIAN_POINT('',(2.542110753849,1.362320449736));
#11306 = CARTESIAN_POINT('',(2.558907967752,2.684257860469));
#11307 = CARTESIAN_POINT('',(2.575705181656,3.965010844871));
#11308 = CARTESIAN_POINT('',(2.592502395559,5.203826127724));
#11309 = CARTESIAN_POINT('',(2.609299609462,6.4000006));
#11310 = ( GEOMETRIC_REPRESENTATION_CONTEXT(2) 
PARAMETRIC_REPRESENTATION_CONTEXT() REPRESENTATION_CONTEXT('2D SPACE',''
  ) );
#11311 = ORIENTED_EDGE('',*,*,#11312,.T.);
#11312 = EDGE_CURVE('',#11286,#11313,#11315,.T.);
#11313 = VERTEX_POINT('',#11314);
#11314 = CARTESIAN_POINT('',(17.8,2.832213671166,0.251429540341));
#11315 = SURFACE_CURVE('',#11316,(#11320,#11326),.PCURVE_S1.);
#11316 = LINE('',#11317,#11318);
#11317 = CARTESIAN_POINT('',(17.8,0.,0.251429540341));
#11318 = VECTOR('',#11319,1.);
#11319 = DIRECTION('',(0.,1.,0.));
#11320 = PCURVE('',#10106,#11321);
#11321 = DEFINITIONAL_REPRESENTATION('',(#11322),#11325);
#11322 = B_SPLINE_CURVE_WITH_KNOTS('',1,(#11323,#11324),.UNSPECIFIED.,
  .F.,.F.,(2,2),(-4.9,4.9),.PIECEWISE_BEZIER_KNOTS.);
#11323 = CARTESIAN_POINT('',(17.810849888519,-4.9));
#11324 = CARTESIAN_POINT('',(17.810849888519,4.9));
#11325 = ( GEOMETRIC_REPRESENTATION_CONTEXT(2) 
PARAMETRIC_REPRESENTATION_CONTEXT() REPRESENTATION_CONTEXT('2D SPACE',''
  ) );
#11326 = PCURVE('',#11327,#11332);
#11327 = PLANE('',#11328);
#11328 = AXIS2_PLACEMENT_3D('',#11329,#11330,#11331);
#11329 = CARTESIAN_POINT('',(17.8,0.,4.25));
#11330 = DIRECTION('',(1.,0.,0.));
#11331 = DIRECTION('',(-0.,0.,1.));
#11332 = DEFINITIONAL_REPRESENTATION('',(#11333),#11336);
#11333 = B_SPLINE_CURVE_WITH_KNOTS('',1,(#11334,#11335),.UNSPECIFIED.,
  .F.,.F.,(2,2),(-4.9,4.9),.PIECEWISE_BEZIER_KNOTS.);
#11334 = CARTESIAN_POINT('',(-3.998570459659,4.9));
#11335 = CARTESIAN_POINT('',(-3.998570459659,-4.9));
#11336 = ( GEOMETRIC_REPRESENTATION_CONTEXT(2) 
PARAMETRIC_REPRESENTATION_CONTEXT() REPRESENTATION_CONTEXT('2D SPACE',''
  ) );
#11337 = ORIENTED_EDGE('',*,*,#11338,.F.);
#11338 = EDGE_CURVE('',#11339,#11313,#11341,.T.);
#11339 = VERTEX_POINT('',#11340);
#11340 = CARTESIAN_POINT('',(18.5,2.797382763124,0.226985001696));
#11341 = SURFACE_CURVE('',#11342,(#11347,#11354),.PCURVE_S1.);
#11342 = ELLIPSE('',#11343,140.40317090443,4.9);
#11343 = AXIS2_PLACEMENT_3D('',#11344,#11345,#11346);
#11344 = CARTESIAN_POINT('',(-96.70407645239,0.,4.25));
#11345 = DIRECTION('',(3.48994967025E-02,0.,0.999390827019));
#11346 = DIRECTION('',(0.999390827019,0.,-3.48994967025E-02));
#11347 = PCURVE('',#10106,#11348);
#11348 = DEFINITIONAL_REPRESENTATION('',(#11349),#11353);
#11349 = ELLIPSE('',#11350,140.40317090443,4.9);
#11350 = AXIS2_PLACEMENT_2D('',#11351,#11352);
#11351 = CARTESIAN_POINT('',(-96.76302187086,0.));
#11352 = DIRECTION('',(1.,0.));
#11353 = ( GEOMETRIC_REPRESENTATION_CONTEXT(2) 
PARAMETRIC_REPRESENTATION_CONTEXT() REPRESENTATION_CONTEXT('2D SPACE',''
  ) );
#11354 = PCURVE('',#11192,#11355);
#11355 = DEFINITIONAL_REPRESENTATION('',(#11356),#11363);
#11356 = B_SPLINE_CURVE_WITH_KNOTS('',5,(#11357,#11358,#11359,#11360,
    #11361,#11362),.UNSPECIFIED.,.F.,.F.,(6,6),(0.532293044127,
    0.616279113644),.PIECEWISE_BEZIER_KNOTS.);
#11357 = CARTESIAN_POINT('',(3.673885697717,6.4000006));
#11358 = CARTESIAN_POINT('',(3.690682911621,5.203826127724));
#11359 = CARTESIAN_POINT('',(3.707480125524,3.965010844871));
#11360 = CARTESIAN_POINT('',(3.724277339427,2.684257860469));
#11361 = CARTESIAN_POINT('',(3.741074553331,1.362320449736));
#11362 = CARTESIAN_POINT('',(3.757871767234,-6.000000105644E-07));
#11363 = ( GEOMETRIC_REPRESENTATION_CONTEXT(2) 
PARAMETRIC_REPRESENTATION_CONTEXT() REPRESENTATION_CONTEXT('2D SPACE',''
  ) );
#11364 = ORIENTED_EDGE('',*,*,#11365,.T.);
#11365 = EDGE_CURVE('',#11339,#11366,#11368,.T.);
#11366 = VERTEX_POINT('',#11367);
#11367 = CARTESIAN_POINT('',(18.5,6.,0.226985001696));
#11368 = SURFACE_CURVE('',#11369,(#11373,#11379),.PCURVE_S1.);
#11369 = LINE('',#11370,#11371);
#11370 = CARTESIAN_POINT('',(18.5,-3.,0.226985001696));
#11371 = VECTOR('',#11372,1.);
#11372 = DIRECTION('',(0.,1.,0.));
#11373 = PCURVE('',#10106,#11374);
#11374 = DEFINITIONAL_REPRESENTATION('',(#11375),#11378);
#11375 = B_SPLINE_CURVE_WITH_KNOTS('',1,(#11376,#11377),.UNSPECIFIED.,
  .F.,.F.,(2,2),(-3.,9.),.PIECEWISE_BEZIER_KNOTS.);
#11376 = CARTESIAN_POINT('',(18.511276569528,-6.));
#11377 = CARTESIAN_POINT('',(18.511276569528,6.));
#11378 = ( GEOMETRIC_REPRESENTATION_CONTEXT(2) 
PARAMETRIC_REPRESENTATION_CONTEXT() REPRESENTATION_CONTEXT('2D SPACE',''
  ) );
#11379 = PCURVE('',#11380,#11385);
#11380 = PLANE('',#11381);
#11381 = AXIS2_PLACEMENT_3D('',#11382,#11383,#11384);
#11382 = CARTESIAN_POINT('',(18.5,-6.,0.139683077967));
#11383 = DIRECTION('',(1.,0.,0.));
#11384 = DIRECTION('',(0.,0.,1.));
#11385 = DEFINITIONAL_REPRESENTATION('',(#11386),#11389);
#11386 = B_SPLINE_CURVE_WITH_KNOTS('',1,(#11387,#11388),.UNSPECIFIED.,
  .F.,.F.,(2,2),(-3.,9.),.PIECEWISE_BEZIER_KNOTS.);
#11387 = CARTESIAN_POINT('',(8.730192372937E-02,0.));
#11388 = CARTESIAN_POINT('',(8.730192372937E-02,-12.));
#11389 = ( GEOMETRIC_REPRESENTATION_CONTEXT(2) 
PARAMETRIC_REPRESENTATION_CONTEXT() REPRESENTATION_CONTEXT('2D SPACE',''
  ) );
#11390 = ORIENTED_EDGE('',*,*,#11391,.F.);
#11391 = EDGE_CURVE('',#11392,#11366,#11394,.T.);
#11392 = VERTEX_POINT('',#11393);
#11393 = CARTESIAN_POINT('',(21.,6.,0.139683077967));
#11394 = SURFACE_CURVE('',#11395,(#11399,#11405),.PCURVE_S1.);
#11395 = LINE('',#11396,#11397);
#11396 = CARTESIAN_POINT('',(9.251522468588,6.,0.54994895372));
#11397 = VECTOR('',#11398,1.);
#11398 = DIRECTION('',(-0.999390827019,0.,3.48994967025E-02));
#11399 = PCURVE('',#10106,#11400);
#11400 = DEFINITIONAL_REPRESENTATION('',(#11401),#11404);
#11401 = B_SPLINE_CURVE_WITH_KNOTS('',1,(#11402,#11403),.UNSPECIFIED.,
  .F.,.F.,(2,2),(-11.75563874891,-9.254114888164),
  .PIECEWISE_BEZIER_KNOTS.);
#11402 = CARTESIAN_POINT('',(21.012800430275,6.));
#11403 = CARTESIAN_POINT('',(18.511276569528,6.));
#11404 = ( GEOMETRIC_REPRESENTATION_CONTEXT(2) 
PARAMETRIC_REPRESENTATION_CONTEXT() REPRESENTATION_CONTEXT('2D SPACE',''
  ) );
#11405 = PCURVE('',#11406,#11411);
#11406 = PLANE('',#11407);
#11407 = AXIS2_PLACEMENT_3D('',#11408,#11409,#11410);
#11408 = CARTESIAN_POINT('',(18.5,6.,0.139683077967));
#11409 = DIRECTION('',(0.,1.,0.));
#11410 = DIRECTION('',(0.,0.,1.));
#11411 = DEFINITIONAL_REPRESENTATION('',(#11412),#11415);
#11412 = B_SPLINE_CURVE_WITH_KNOTS('',1,(#11413,#11414),.UNSPECIFIED.,
  .F.,.F.,(2,2),(-11.75563874891,-9.254114888164),
  .PIECEWISE_BEZIER_KNOTS.);
#11413 = CARTESIAN_POINT('',(-5.551115123126E-17,2.5));
#11414 = CARTESIAN_POINT('',(8.730192372937E-02,0.));
#11415 = ( GEOMETRIC_REPRESENTATION_CONTEXT(2) 
PARAMETRIC_REPRESENTATION_CONTEXT() REPRESENTATION_CONTEXT('2D SPACE',''
  ) );
#11416 = ORIENTED_EDGE('',*,*,#11417,.T.);
#11417 = EDGE_CURVE('',#11392,#11418,#11420,.T.);
#11418 = VERTEX_POINT('',#11419);
#11419 = CARTESIAN_POINT('',(21.000000000001,2.667450993074,
    0.139683077967));
#11420 = SURFACE_CURVE('',#11421,(#11425,#11431),.PCURVE_S1.);
#11421 = LINE('',#11422,#11423);
#11422 = CARTESIAN_POINT('',(21.000000000001,-3.,0.139683077967));
#11423 = VECTOR('',#11424,1.);
#11424 = DIRECTION('',(0.,-1.,0.));
#11425 = PCURVE('',#10106,#11426);
#11426 = DEFINITIONAL_REPRESENTATION('',(#11427),#11430);
#11427 = B_SPLINE_CURVE_WITH_KNOTS('',1,(#11428,#11429),.UNSPECIFIED.,
  .F.,.F.,(2,2),(-9.,3.),.PIECEWISE_BEZIER_KNOTS.);
#11428 = CARTESIAN_POINT('',(21.012800430276,6.));
#11429 = CARTESIAN_POINT('',(21.012800430276,-6.));
#11430 = ( GEOMETRIC_REPRESENTATION_CONTEXT(2) 
PARAMETRIC_REPRESENTATION_CONTEXT() REPRESENTATION_CONTEXT('2D SPACE',''
  ) );
#11431 = PCURVE('',#11432,#11437);
#11432 = PLANE('',#11433);
#11433 = AXIS2_PLACEMENT_3D('',#11434,#11435,#11436);
#11434 = CARTESIAN_POINT('',(18.5,-6.,0.139683077967));
#11435 = DIRECTION('',(0.,0.,1.));
#11436 = DIRECTION('',(1.,0.,0.));
#11437 = DEFINITIONAL_REPRESENTATION('',(#11438),#11441);
#11438 = B_SPLINE_CURVE_WITH_KNOTS('',1,(#11439,#11440),.UNSPECIFIED.,
  .F.,.F.,(2,2),(-9.,3.),.PIECEWISE_BEZIER_KNOTS.);
#11439 = CARTESIAN_POINT('',(2.500000000001,12.));
#11440 = CARTESIAN_POINT('',(2.500000000001,0.));
#11441 = ( GEOMETRIC_REPRESENTATION_CONTEXT(2) 
PARAMETRIC_REPRESENTATION_CONTEXT() REPRESENTATION_CONTEXT('2D SPACE',''
  ) );
#11442 = ORIENTED_EDGE('',*,*,#11443,.F.);
#11443 = EDGE_CURVE('',#11444,#11418,#11446,.T.);
#11444 = VERTEX_POINT('',#11445);
#11445 = CARTESIAN_POINT('',(24.2,2.486801314551,2.79366155934E-02));
#11446 = SURFACE_CURVE('',#11447,(#11452,#11459),.PCURVE_S1.);
#11447 = ELLIPSE('',#11448,140.40317090443,4.9);
#11448 = AXIS2_PLACEMENT_3D('',#11449,#11450,#11451);
#11449 = CARTESIAN_POINT('',(-96.70407645239,0.,4.25));
#11450 = DIRECTION('',(3.48994967025E-02,0.,0.999390827019));
#11451 = DIRECTION('',(0.999390827019,0.,-3.48994967025E-02));
#11452 = PCURVE('',#10106,#11453);
#11453 = DEFINITIONAL_REPRESENTATION('',(#11454),#11458);
#11454 = ELLIPSE('',#11455,140.40317090443,4.9);
#11455 = AXIS2_PLACEMENT_2D('',#11456,#11457);
#11456 = CARTESIAN_POINT('',(-96.76302187086,0.));
#11457 = DIRECTION('',(1.,0.));
#11458 = ( GEOMETRIC_REPRESENTATION_CONTEXT(2) 
PARAMETRIC_REPRESENTATION_CONTEXT() REPRESENTATION_CONTEXT('2D SPACE',''
  ) );
#11459 = PCURVE('',#11192,#11460);
#11460 = DEFINITIONAL_REPRESENTATION('',(#11461),#11468);
#11461 = B_SPLINE_CURVE_WITH_KNOTS('',5,(#11462,#11463,#11464,#11465,
    #11466,#11467),.UNSPECIFIED.,.F.,.F.,(6,6),(0.532293044127,
    0.616279113644),.PIECEWISE_BEZIER_KNOTS.);
#11462 = CARTESIAN_POINT('',(3.673885697717,6.4000006));
#11463 = CARTESIAN_POINT('',(3.690682911621,5.203826127724));
#11464 = CARTESIAN_POINT('',(3.707480125524,3.965010844871));
#11465 = CARTESIAN_POINT('',(3.724277339427,2.684257860469));
#11466 = CARTESIAN_POINT('',(3.741074553331,1.362320449736));
#11467 = CARTESIAN_POINT('',(3.757871767234,-6.000000105644E-07));
#11468 = ( GEOMETRIC_REPRESENTATION_CONTEXT(2) 
PARAMETRIC_REPRESENTATION_CONTEXT() REPRESENTATION_CONTEXT('2D SPACE',''
  ) );
#11469 = ORIENTED_EDGE('',*,*,#11470,.F.);
#11470 = EDGE_CURVE('',#10210,#11444,#11471,.T.);
#11471 = SURFACE_CURVE('',#11472,(#11476,#11482),.PCURVE_S1.);
#11472 = LINE('',#11473,#11474);
#11473 = CARTESIAN_POINT('',(24.2,0.,2.79366155934E-02));
#11474 = VECTOR('',#11475,1.);
#11475 = DIRECTION('',(0.,1.,0.));
#11476 = PCURVE('',#10106,#11477);
#11477 = DEFINITIONAL_REPRESENTATION('',(#11478),#11481);
#11478 = B_SPLINE_CURVE_WITH_KNOTS('',1,(#11479,#11480),.UNSPECIFIED.,
  .F.,.F.,(2,2),(-4.9,4.9),.PIECEWISE_BEZIER_KNOTS.);
#11479 = CARTESIAN_POINT('',(24.214750972031,-4.9));
#11480 = CARTESIAN_POINT('',(24.214750972031,4.9));
#11481 = ( GEOMETRIC_REPRESENTATION_CONTEXT(2) 
PARAMETRIC_REPRESENTATION_CONTEXT() REPRESENTATION_CONTEXT('2D SPACE',''
  ) );
#11482 = PCURVE('',#10226,#11483);
#11483 = DEFINITIONAL_REPRESENTATION('',(#11484),#11487);
#11484 = B_SPLINE_CURVE_WITH_KNOTS('',1,(#11485,#11486),.UNSPECIFIED.,
  .F.,.F.,(2,2),(-4.9,4.9),.PIECEWISE_BEZIER_KNOTS.);
#11485 = CARTESIAN_POINT('',(-4.222063384407,4.9));
#11486 = CARTESIAN_POINT('',(-4.222063384407,-4.9));
#11487 = ( GEOMETRIC_REPRESENTATION_CONTEXT(2) 
PARAMETRIC_REPRESENTATION_CONTEXT() REPRESENTATION_CONTEXT('2D SPACE',''
  ) );
#11488 = ORIENTED_EDGE('',*,*,#10238,.F.);
#11489 = ORIENTED_EDGE('',*,*,#10810,.F.);
#11490 = ADVANCED_FACE('',(#11491,#11501),#10134,.T.);
#11491 = FACE_BOUND('',#11492,.T.);
#11492 = EDGE_LOOP('',(#11493,#11494,#11495,#11496,#11497,#11498,#11499,
    #11500));
#11493 = ORIENTED_EDGE('',*,*,#11055,.F.);
#11494 = ORIENTED_EDGE('',*,*,#10118,.T.);
#11495 = ORIENTED_EDGE('',*,*,#11108,.F.);
#11496 = ORIENTED_EDGE('',*,*,#10732,.F.);
#11497 = ORIENTED_EDGE('',*,*,#11079,.F.);
#11498 = ORIENTED_EDGE('',*,*,#10860,.F.);
#11499 = ORIENTED_EDGE('',*,*,#10984,.F.);
#11500 = ORIENTED_EDGE('',*,*,#11031,.T.);
#11501 = FACE_BOUND('',#11502,.T.);
#11502 = EDGE_LOOP('',(#11503,#11531,#11557,#11583));
#11503 = ORIENTED_EDGE('',*,*,#11504,.F.);
#11504 = EDGE_CURVE('',#11505,#11507,#11509,.T.);
#11505 = VERTEX_POINT('',#11506);
#11506 = CARTESIAN_POINT('',(-18.5,-6.,0.226985001696));
#11507 = VERTEX_POINT('',#11508);
#11508 = CARTESIAN_POINT('',(-18.5,6.,0.226985001696));
#11509 = SURFACE_CURVE('',#11510,(#11514,#11520),.PCURVE_S1.);
#11510 = LINE('',#11511,#11512);
#11511 = CARTESIAN_POINT('',(-18.5,-3.,0.226985001696));
#11512 = VECTOR('',#11513,1.);
#11513 = DIRECTION('',(0.,1.,-0.));
#11514 = PCURVE('',#10134,#11515);
#11515 = DEFINITIONAL_REPRESENTATION('',(#11516),#11519);
#11516 = B_SPLINE_CURVE_WITH_KNOTS('',1,(#11517,#11518),.UNSPECIFIED.,
  .F.,.F.,(2,2),(-3.,9.),.PIECEWISE_BEZIER_KNOTS.);
#11517 = CARTESIAN_POINT('',(6.503962037942,-6.));
#11518 = CARTESIAN_POINT('',(6.503962037942,6.));
#11519 = ( GEOMETRIC_REPRESENTATION_CONTEXT(2) 
PARAMETRIC_REPRESENTATION_CONTEXT() REPRESENTATION_CONTEXT('2D SPACE',''
  ) );
#11520 = PCURVE('',#11521,#11526);
#11521 = PLANE('',#11522);
#11522 = AXIS2_PLACEMENT_3D('',#11523,#11524,#11525);
#11523 = CARTESIAN_POINT('',(-18.5,-6.,0.139683077967));
#11524 = DIRECTION('',(1.,0.,0.));
#11525 = DIRECTION('',(0.,0.,1.));
#11526 = DEFINITIONAL_REPRESENTATION('',(#11527),#11530);
#11527 = B_SPLINE_CURVE_WITH_KNOTS('',1,(#11528,#11529),.UNSPECIFIED.,
  .F.,.F.,(2,2),(-3.,9.),.PIECEWISE_BEZIER_KNOTS.);
#11528 = CARTESIAN_POINT('',(8.730192372937E-02,0.));
#11529 = CARTESIAN_POINT('',(8.730192372937E-02,-12.));
#11530 = ( GEOMETRIC_REPRESENTATION_CONTEXT(2) 
PARAMETRIC_REPRESENTATION_CONTEXT() REPRESENTATION_CONTEXT('2D SPACE',''
  ) );
#11531 = ORIENTED_EDGE('',*,*,#11532,.T.);
#11532 = EDGE_CURVE('',#11505,#11533,#11535,.T.);
#11533 = VERTEX_POINT('',#11534);
#11534 = CARTESIAN_POINT('',(-21.,-6.,0.139683077967));
#11535 = SURFACE_CURVE('',#11536,(#11540,#11546),.PCURVE_S1.);
#11536 = LINE('',#11537,#11538);
#11537 = CARTESIAN_POINT('',(-24.24847753141,-6.,2.624374289342E-02));
#11538 = VECTOR('',#11539,1.);
#11539 = DIRECTION('',(-0.999390827019,0.,-3.48994967025E-02));
#11540 = PCURVE('',#10134,#11541);
#11541 = DEFINITIONAL_REPRESENTATION('',(#11542),#11545);
#11542 = B_SPLINE_CURVE_WITH_KNOTS('',1,(#11543,#11544),.UNSPECIFIED.,
  .F.,.F.,(2,2),(-5.751981483119,-3.250457622372),
  .PIECEWISE_BEZIER_KNOTS.);
#11543 = CARTESIAN_POINT('',(6.503962037942,-6.));
#11544 = CARTESIAN_POINT('',(4.002438177195,-6.));
#11545 = ( GEOMETRIC_REPRESENTATION_CONTEXT(2) 
PARAMETRIC_REPRESENTATION_CONTEXT() REPRESENTATION_CONTEXT('2D SPACE',''
  ) );
#11546 = PCURVE('',#11547,#11552);
#11547 = PLANE('',#11548);
#11548 = AXIS2_PLACEMENT_3D('',#11549,#11550,#11551);
#11549 = CARTESIAN_POINT('',(-23.5,-6.,0.139683077967));
#11550 = DIRECTION('',(0.,1.,0.));
#11551 = DIRECTION('',(0.,0.,1.));
#11552 = DEFINITIONAL_REPRESENTATION('',(#11553),#11556);
#11553 = B_SPLINE_CURVE_WITH_KNOTS('',1,(#11554,#11555),.UNSPECIFIED.,
  .F.,.F.,(2,2),(-5.751981483119,-3.250457622372),
  .PIECEWISE_BEZIER_KNOTS.);
#11554 = CARTESIAN_POINT('',(8.730192372937E-02,5.));
#11555 = CARTESIAN_POINT('',(2.775557561563E-17,2.5));
#11556 = ( GEOMETRIC_REPRESENTATION_CONTEXT(2) 
PARAMETRIC_REPRESENTATION_CONTEXT() REPRESENTATION_CONTEXT('2D SPACE',''
  ) );
#11557 = ORIENTED_EDGE('',*,*,#11558,.T.);
#11558 = EDGE_CURVE('',#11533,#11559,#11561,.T.);
#11559 = VERTEX_POINT('',#11560);
#11560 = CARTESIAN_POINT('',(-21.,6.,0.139683077967));
#11561 = SURFACE_CURVE('',#11562,(#11566,#11572),.PCURVE_S1.);
#11562 = LINE('',#11563,#11564);
#11563 = CARTESIAN_POINT('',(-21.,-3.,0.139683077967));
#11564 = VECTOR('',#11565,1.);
#11565 = DIRECTION('',(0.,1.,-0.));
#11566 = PCURVE('',#10134,#11567);
#11567 = DEFINITIONAL_REPRESENTATION('',(#11568),#11571);
#11568 = B_SPLINE_CURVE_WITH_KNOTS('',1,(#11569,#11570),.UNSPECIFIED.,
  .F.,.F.,(2,2),(-3.,9.),.PIECEWISE_BEZIER_KNOTS.);
#11569 = CARTESIAN_POINT('',(4.002438177196,-6.));
#11570 = CARTESIAN_POINT('',(4.002438177196,6.));
#11571 = ( GEOMETRIC_REPRESENTATION_CONTEXT(2) 
PARAMETRIC_REPRESENTATION_CONTEXT() REPRESENTATION_CONTEXT('2D SPACE',''
  ) );
#11572 = PCURVE('',#11573,#11578);
#11573 = PLANE('',#11574);
#11574 = AXIS2_PLACEMENT_3D('',#11575,#11576,#11577);
#11575 = CARTESIAN_POINT('',(-23.5,-6.,0.139683077967));
#11576 = DIRECTION('',(0.,0.,1.));
#11577 = DIRECTION('',(1.,0.,0.));
#11578 = DEFINITIONAL_REPRESENTATION('',(#11579),#11582);
#11579 = B_SPLINE_CURVE_WITH_KNOTS('',1,(#11580,#11581),.UNSPECIFIED.,
  .F.,.F.,(2,2),(-3.,9.),.PIECEWISE_BEZIER_KNOTS.);
#11580 = CARTESIAN_POINT('',(2.5,0.));
#11581 = CARTESIAN_POINT('',(2.5,12.));
#11582 = ( GEOMETRIC_REPRESENTATION_CONTEXT(2) 
PARAMETRIC_REPRESENTATION_CONTEXT() REPRESENTATION_CONTEXT('2D SPACE',''
  ) );
#11583 = ORIENTED_EDGE('',*,*,#11584,.F.);
#11584 = EDGE_CURVE('',#11507,#11559,#11585,.T.);
#11585 = SURFACE_CURVE('',#11586,(#11590,#11596),.PCURVE_S1.);
#11586 = LINE('',#11587,#11588);
#11587 = CARTESIAN_POINT('',(-24.24847753141,6.,2.624374289342E-02));
#11588 = VECTOR('',#11589,1.);
#11589 = DIRECTION('',(-0.999390827019,0.,-3.48994967025E-02));
#11590 = PCURVE('',#10134,#11591);
#11591 = DEFINITIONAL_REPRESENTATION('',(#11592),#11595);
#11592 = B_SPLINE_CURVE_WITH_KNOTS('',1,(#11593,#11594),.UNSPECIFIED.,
  .F.,.F.,(2,2),(-5.751981483119,-3.250457622372),
  .PIECEWISE_BEZIER_KNOTS.);
#11593 = CARTESIAN_POINT('',(6.503962037942,6.));
#11594 = CARTESIAN_POINT('',(4.002438177195,6.));
#11595 = ( GEOMETRIC_REPRESENTATION_CONTEXT(2) 
PARAMETRIC_REPRESENTATION_CONTEXT() REPRESENTATION_CONTEXT('2D SPACE',''
  ) );
#11596 = PCURVE('',#11597,#11602);
#11597 = PLANE('',#11598);
#11598 = AXIS2_PLACEMENT_3D('',#11599,#11600,#11601);
#11599 = CARTESIAN_POINT('',(-23.5,6.,0.139683077967));
#11600 = DIRECTION('',(0.,1.,0.));
#11601 = DIRECTION('',(0.,0.,1.));
#11602 = DEFINITIONAL_REPRESENTATION('',(#11603),#11606);
#11603 = B_SPLINE_CURVE_WITH_KNOTS('',1,(#11604,#11605),.UNSPECIFIED.,
  .F.,.F.,(2,2),(-5.751981483119,-3.250457622372),
  .PIECEWISE_BEZIER_KNOTS.);
#11604 = CARTESIAN_POINT('',(8.730192372937E-02,5.));
#11605 = CARTESIAN_POINT('',(2.775557561563E-17,2.5));
#11606 = ( GEOMETRIC_REPRESENTATION_CONTEXT(2) 
PARAMETRIC_REPRESENTATION_CONTEXT() REPRESENTATION_CONTEXT('2D SPACE',''
  ) );
#11607 = ADVANCED_FACE('',(#11608),#10226,.F.);
#11608 = FACE_BOUND('',#11609,.F.);
#11609 = EDGE_LOOP('',(#11610,#11611,#11633,#11634));
#11610 = ORIENTED_EDGE('',*,*,#11154,.F.);
#11611 = ORIENTED_EDGE('',*,*,#11612,.T.);
#11612 = EDGE_CURVE('',#11155,#11444,#11613,.T.);
#11613 = SURFACE_CURVE('',#11614,(#11619,#11626),.PCURVE_S1.);
#11614 = CIRCLE('',#11615,4.9);
#11615 = AXIS2_PLACEMENT_3D('',#11616,#11617,#11618);
#11616 = CARTESIAN_POINT('',(24.2,0.,4.25));
#11617 = DIRECTION('',(1.,0.,0.));
#11618 = DIRECTION('',(-0.,0.,1.));
#11619 = PCURVE('',#10226,#11620);
#11620 = DEFINITIONAL_REPRESENTATION('',(#11621),#11625);
#11621 = CIRCLE('',#11622,4.9);
#11622 = AXIS2_PLACEMENT_2D('',#11623,#11624);
#11623 = CARTESIAN_POINT('',(0.,0.));
#11624 = DIRECTION('',(1.,0.));
#11625 = ( GEOMETRIC_REPRESENTATION_CONTEXT(2) 
PARAMETRIC_REPRESENTATION_CONTEXT() REPRESENTATION_CONTEXT('2D SPACE',''
  ) );
#11626 = PCURVE('',#11192,#11627);
#11627 = DEFINITIONAL_REPRESENTATION('',(#11628),#11632);
#11628 = LINE('',#11629,#11630);
#11629 = CARTESIAN_POINT('',(0.,6.4));
#11630 = VECTOR('',#11631,1.);
#11631 = DIRECTION('',(1.,0.));
#11632 = ( GEOMETRIC_REPRESENTATION_CONTEXT(2) 
PARAMETRIC_REPRESENTATION_CONTEXT() REPRESENTATION_CONTEXT('2D SPACE',''
  ) );
#11633 = ORIENTED_EDGE('',*,*,#11470,.F.);
#11634 = ORIENTED_EDGE('',*,*,#10209,.F.);
#11635 = ADVANCED_FACE('',(#11636),#10475,.T.);
#11636 = FACE_BOUND('',#11637,.T.);
#11637 = EDGE_LOOP('',(#11638,#11639,#11640,#11641));
#11638 = ORIENTED_EDGE('',*,*,#10609,.F.);
#11639 = ORIENTED_EDGE('',*,*,#10459,.T.);
#11640 = ORIENTED_EDGE('',*,*,#10513,.T.);
#11641 = ORIENTED_EDGE('',*,*,#11132,.F.);
#11642 = ADVANCED_FACE('',(#11643),#11192,.F.);
#11643 = FACE_BOUND('',#11644,.F.);
#11644 = EDGE_LOOP('',(#11645,#11646,#11647,#11668,#11697,#11723,#11745,
    #11746,#11768,#11769,#11793,#11819,#11848,#11867));
#11645 = ORIENTED_EDGE('',*,*,#11612,.F.);
#11646 = ORIENTED_EDGE('',*,*,#11175,.F.);
#11647 = ORIENTED_EDGE('',*,*,#11648,.T.);
#11648 = EDGE_CURVE('',#11176,#11649,#11651,.T.);
#11649 = VERTEX_POINT('',#11650);
#11650 = CARTESIAN_POINT('',(23.5,-2.667450993074,0.139683077967));
#11651 = SURFACE_CURVE('',#11652,(#11656,#11662),.PCURVE_S1.);
#11652 = LINE('',#11653,#11654);
#11653 = CARTESIAN_POINT('',(17.8,-2.667450993074,0.139683077967));
#11654 = VECTOR('',#11655,1.);
#11655 = DIRECTION('',(1.,0.,0.));
#11656 = PCURVE('',#11192,#11657);
#11657 = DEFINITIONAL_REPRESENTATION('',(#11658),#11661);
#11658 = B_SPLINE_CURVE_WITH_KNOTS('',1,(#11659,#11660),.UNSPECIFIED.,
  .F.,.F.,(2,2),(2.95,5.95),.PIECEWISE_BEZIER_KNOTS.);
#11659 = CARTESIAN_POINT('',(2.565945511191,2.95));
#11660 = CARTESIAN_POINT('',(2.565945511191,5.95));
#11661 = ( GEOMETRIC_REPRESENTATION_CONTEXT(2) 
PARAMETRIC_REPRESENTATION_CONTEXT() REPRESENTATION_CONTEXT('2D SPACE',''
  ) );
#11662 = PCURVE('',#11222,#11663);
#11663 = DEFINITIONAL_REPRESENTATION('',(#11664),#11667);
#11664 = B_SPLINE_CURVE_WITH_KNOTS('',1,(#11665,#11666),.UNSPECIFIED.,
  .F.,.F.,(2,2),(2.95,5.95),.PIECEWISE_BEZIER_KNOTS.);
#11665 = CARTESIAN_POINT('',(2.25,3.332549006926));
#11666 = CARTESIAN_POINT('',(5.25,3.332549006926));
#11667 = ( GEOMETRIC_REPRESENTATION_CONTEXT(2) 
PARAMETRIC_REPRESENTATION_CONTEXT() REPRESENTATION_CONTEXT('2D SPACE',''
  ) );
#11668 = ORIENTED_EDGE('',*,*,#11669,.F.);
#11669 = EDGE_CURVE('',#11670,#11649,#11672,.T.);
#11670 = VERTEX_POINT('',#11671);
#11671 = CARTESIAN_POINT('',(23.5,-4.77729952898,5.339683077967));
#11672 = SURFACE_CURVE('',#11673,(#11678,#11685),.PCURVE_S1.);
#11673 = CIRCLE('',#11674,4.9);
#11674 = AXIS2_PLACEMENT_3D('',#11675,#11676,#11677);
#11675 = CARTESIAN_POINT('',(23.5,0.,4.25));
#11676 = DIRECTION('',(1.,0.,0.));
#11677 = DIRECTION('',(-0.,0.,1.));
#11678 = PCURVE('',#11192,#11679);
#11679 = DEFINITIONAL_REPRESENTATION('',(#11680),#11684);
#11680 = LINE('',#11681,#11682);
#11681 = CARTESIAN_POINT('',(0.,5.7));
#11682 = VECTOR('',#11683,1.);
#11683 = DIRECTION('',(1.,0.));
#11684 = ( GEOMETRIC_REPRESENTATION_CONTEXT(2) 
PARAMETRIC_REPRESENTATION_CONTEXT() REPRESENTATION_CONTEXT('2D SPACE',''
  ) );
#11685 = PCURVE('',#11686,#11691);
#11686 = PLANE('',#11687);
#11687 = AXIS2_PLACEMENT_3D('',#11688,#11689,#11690);
#11688 = CARTESIAN_POINT('',(23.5,-6.,0.139683077967));
#11689 = DIRECTION('',(1.,0.,0.));
#11690 = DIRECTION('',(0.,0.,1.));
#11691 = DEFINITIONAL_REPRESENTATION('',(#11692),#11696);
#11692 = CIRCLE('',#11693,4.9);
#11693 = AXIS2_PLACEMENT_2D('',#11694,#11695);
#11694 = CARTESIAN_POINT('',(4.110316922033,-6.));
#11695 = DIRECTION('',(1.,0.));
#11696 = ( GEOMETRIC_REPRESENTATION_CONTEXT(2) 
PARAMETRIC_REPRESENTATION_CONTEXT() REPRESENTATION_CONTEXT('2D SPACE',''
  ) );
#11697 = ORIENTED_EDGE('',*,*,#11698,.F.);
#11698 = EDGE_CURVE('',#11699,#11670,#11701,.T.);
#11699 = VERTEX_POINT('',#11700);
#11700 = CARTESIAN_POINT('',(18.5,-4.77729952898,5.339683077967));
#11701 = SURFACE_CURVE('',#11702,(#11706,#11712),.PCURVE_S1.);
#11702 = LINE('',#11703,#11704);
#11703 = CARTESIAN_POINT('',(17.8,-4.77729952898,5.339683077967));
#11704 = VECTOR('',#11705,1.);
#11705 = DIRECTION('',(1.,0.,0.));
#11706 = PCURVE('',#11192,#11707);
#11707 = DEFINITIONAL_REPRESENTATION('',(#11708),#11711);
#11708 = B_SPLINE_CURVE_WITH_KNOTS('',1,(#11709,#11710),.UNSPECIFIED.,
  .F.,.F.,(2,2),(0.2,6.2),.PIECEWISE_BEZIER_KNOTS.);
#11709 = CARTESIAN_POINT('',(1.346536995383,0.2));
#11710 = CARTESIAN_POINT('',(1.346536995383,6.2));
#11711 = ( GEOMETRIC_REPRESENTATION_CONTEXT(2) 
PARAMETRIC_REPRESENTATION_CONTEXT() REPRESENTATION_CONTEXT('2D SPACE',''
  ) );
#11712 = PCURVE('',#11713,#11718);
#11713 = PLANE('',#11714);
#11714 = AXIS2_PLACEMENT_3D('',#11715,#11716,#11717);
#11715 = CARTESIAN_POINT('',(18.5,-6.,5.339683077967));
#11716 = DIRECTION('',(0.,0.,1.));
#11717 = DIRECTION('',(1.,0.,0.));
#11718 = DEFINITIONAL_REPRESENTATION('',(#11719),#11722);
#11719 = B_SPLINE_CURVE_WITH_KNOTS('',1,(#11720,#11721),.UNSPECIFIED.,
  .F.,.F.,(2,2),(0.2,6.2),.PIECEWISE_BEZIER_KNOTS.);
#11720 = CARTESIAN_POINT('',(-0.5,1.22270047102));
#11721 = CARTESIAN_POINT('',(5.5,1.22270047102));
#11722 = ( GEOMETRIC_REPRESENTATION_CONTEXT(2) 
PARAMETRIC_REPRESENTATION_CONTEXT() REPRESENTATION_CONTEXT('2D SPACE',''
  ) );
#11723 = ORIENTED_EDGE('',*,*,#11724,.T.);
#11724 = EDGE_CURVE('',#11699,#11260,#11725,.T.);
#11725 = SURFACE_CURVE('',#11726,(#11731,#11738),.PCURVE_S1.);
#11726 = CIRCLE('',#11727,4.9);
#11727 = AXIS2_PLACEMENT_3D('',#11728,#11729,#11730);
#11728 = CARTESIAN_POINT('',(18.5,0.,4.25));
#11729 = DIRECTION('',(1.,0.,0.));
#11730 = DIRECTION('',(-0.,0.,1.));
#11731 = PCURVE('',#11192,#11732);
#11732 = DEFINITIONAL_REPRESENTATION('',(#11733),#11737);
#11733 = LINE('',#11734,#11735);
#11734 = CARTESIAN_POINT('',(0.,0.7));
#11735 = VECTOR('',#11736,1.);
#11736 = DIRECTION('',(1.,0.));
#11737 = ( GEOMETRIC_REPRESENTATION_CONTEXT(2) 
PARAMETRIC_REPRESENTATION_CONTEXT() REPRESENTATION_CONTEXT('2D SPACE',''
  ) );
#11738 = PCURVE('',#11274,#11739);
#11739 = DEFINITIONAL_REPRESENTATION('',(#11740),#11744);
#11740 = CIRCLE('',#11741,4.9);
#11741 = AXIS2_PLACEMENT_2D('',#11742,#11743);
#11742 = CARTESIAN_POINT('',(4.110316922033,-6.));
#11743 = DIRECTION('',(1.,0.));
#11744 = ( GEOMETRIC_REPRESENTATION_CONTEXT(2) 
PARAMETRIC_REPRESENTATION_CONTEXT() REPRESENTATION_CONTEXT('2D SPACE',''
  ) );
#11745 = ORIENTED_EDGE('',*,*,#11285,.F.);
#11746 = ORIENTED_EDGE('',*,*,#11747,.T.);
#11747 = EDGE_CURVE('',#11286,#11313,#11748,.T.);
#11748 = SURFACE_CURVE('',#11749,(#11754,#11761),.PCURVE_S1.);
#11749 = CIRCLE('',#11750,4.9);
#11750 = AXIS2_PLACEMENT_3D('',#11751,#11752,#11753);
#11751 = CARTESIAN_POINT('',(17.8,0.,4.25));
#11752 = DIRECTION('',(1.,0.,0.));
#11753 = DIRECTION('',(-0.,0.,1.));
#11754 = PCURVE('',#11192,#11755);
#11755 = DEFINITIONAL_REPRESENTATION('',(#11756),#11760);
#11756 = LINE('',#11757,#11758);
#11757 = CARTESIAN_POINT('',(0.,0.));
#11758 = VECTOR('',#11759,1.);
#11759 = DIRECTION('',(1.,0.));
#11760 = ( GEOMETRIC_REPRESENTATION_CONTEXT(2) 
PARAMETRIC_REPRESENTATION_CONTEXT() REPRESENTATION_CONTEXT('2D SPACE',''
  ) );
#11761 = PCURVE('',#11327,#11762);
#11762 = DEFINITIONAL_REPRESENTATION('',(#11763),#11767);
#11763 = CIRCLE('',#11764,4.9);
#11764 = AXIS2_PLACEMENT_2D('',#11765,#11766);
#11765 = CARTESIAN_POINT('',(0.,0.));
#11766 = DIRECTION('',(1.,0.));
#11767 = ( GEOMETRIC_REPRESENTATION_CONTEXT(2) 
PARAMETRIC_REPRESENTATION_CONTEXT() REPRESENTATION_CONTEXT('2D SPACE',''
  ) );
#11768 = ORIENTED_EDGE('',*,*,#11338,.F.);
#11769 = ORIENTED_EDGE('',*,*,#11770,.T.);
#11770 = EDGE_CURVE('',#11339,#11771,#11773,.T.);
#11771 = VERTEX_POINT('',#11772);
#11772 = CARTESIAN_POINT('',(18.5,4.77729952898,5.339683077967));
#11773 = SURFACE_CURVE('',#11774,(#11779,#11786),.PCURVE_S1.);
#11774 = CIRCLE('',#11775,4.9);
#11775 = AXIS2_PLACEMENT_3D('',#11776,#11777,#11778);
#11776 = CARTESIAN_POINT('',(18.5,0.,4.25));
#11777 = DIRECTION('',(1.,0.,0.));
#11778 = DIRECTION('',(-0.,0.,1.));
#11779 = PCURVE('',#11192,#11780);
#11780 = DEFINITIONAL_REPRESENTATION('',(#11781),#11785);
#11781 = LINE('',#11782,#11783);
#11782 = CARTESIAN_POINT('',(0.,0.7));
#11783 = VECTOR('',#11784,1.);
#11784 = DIRECTION('',(1.,0.));
#11785 = ( GEOMETRIC_REPRESENTATION_CONTEXT(2) 
PARAMETRIC_REPRESENTATION_CONTEXT() REPRESENTATION_CONTEXT('2D SPACE',''
  ) );
#11786 = PCURVE('',#11380,#11787);
#11787 = DEFINITIONAL_REPRESENTATION('',(#11788),#11792);
#11788 = CIRCLE('',#11789,4.9);
#11789 = AXIS2_PLACEMENT_2D('',#11790,#11791);
#11790 = CARTESIAN_POINT('',(4.110316922033,-6.));
#11791 = DIRECTION('',(1.,0.));
#11792 = ( GEOMETRIC_REPRESENTATION_CONTEXT(2) 
PARAMETRIC_REPRESENTATION_CONTEXT() REPRESENTATION_CONTEXT('2D SPACE',''
  ) );
#11793 = ORIENTED_EDGE('',*,*,#11794,.T.);
#11794 = EDGE_CURVE('',#11771,#11795,#11797,.T.);
#11795 = VERTEX_POINT('',#11796);
#11796 = CARTESIAN_POINT('',(23.5,4.77729952898,5.339683077967));
#11797 = SURFACE_CURVE('',#11798,(#11802,#11808),.PCURVE_S1.);
#11798 = LINE('',#11799,#11800);
#11799 = CARTESIAN_POINT('',(17.8,4.77729952898,5.339683077967));
#11800 = VECTOR('',#11801,1.);
#11801 = DIRECTION('',(1.,0.,0.));
#11802 = PCURVE('',#11192,#11803);
#11803 = DEFINITIONAL_REPRESENTATION('',(#11804),#11807);
#11804 = B_SPLINE_CURVE_WITH_KNOTS('',1,(#11805,#11806),.UNSPECIFIED.,
  .F.,.F.,(2,2),(0.2,6.2),.PIECEWISE_BEZIER_KNOTS.);
#11805 = CARTESIAN_POINT('',(4.936648311797,0.2));
#11806 = CARTESIAN_POINT('',(4.936648311797,6.2));
#11807 = ( GEOMETRIC_REPRESENTATION_CONTEXT(2) 
PARAMETRIC_REPRESENTATION_CONTEXT() REPRESENTATION_CONTEXT('2D SPACE',''
  ) );
#11808 = PCURVE('',#11809,#11814);
#11809 = PLANE('',#11810);
#11810 = AXIS2_PLACEMENT_3D('',#11811,#11812,#11813);
#11811 = CARTESIAN_POINT('',(18.5,-6.,5.339683077967));
#11812 = DIRECTION('',(0.,0.,1.));
#11813 = DIRECTION('',(1.,0.,0.));
#11814 = DEFINITIONAL_REPRESENTATION('',(#11815),#11818);
#11815 = B_SPLINE_CURVE_WITH_KNOTS('',1,(#11816,#11817),.UNSPECIFIED.,
  .F.,.F.,(2,2),(0.2,6.2),.PIECEWISE_BEZIER_KNOTS.);
#11816 = CARTESIAN_POINT('',(-0.5,10.77729952898));
#11817 = CARTESIAN_POINT('',(5.5,10.77729952898));
#11818 = ( GEOMETRIC_REPRESENTATION_CONTEXT(2) 
PARAMETRIC_REPRESENTATION_CONTEXT() REPRESENTATION_CONTEXT('2D SPACE',''
  ) );
#11819 = ORIENTED_EDGE('',*,*,#11820,.F.);
#11820 = EDGE_CURVE('',#11821,#11795,#11823,.T.);
#11821 = VERTEX_POINT('',#11822);
#11822 = CARTESIAN_POINT('',(23.5,2.667450993074,0.139683077967));
#11823 = SURFACE_CURVE('',#11824,(#11829,#11836),.PCURVE_S1.);
#11824 = CIRCLE('',#11825,4.9);
#11825 = AXIS2_PLACEMENT_3D('',#11826,#11827,#11828);
#11826 = CARTESIAN_POINT('',(23.5,0.,4.25));
#11827 = DIRECTION('',(1.,0.,0.));
#11828 = DIRECTION('',(-0.,0.,1.));
#11829 = PCURVE('',#11192,#11830);
#11830 = DEFINITIONAL_REPRESENTATION('',(#11831),#11835);
#11831 = LINE('',#11832,#11833);
#11832 = CARTESIAN_POINT('',(0.,5.7));
#11833 = VECTOR('',#11834,1.);
#11834 = DIRECTION('',(1.,0.));
#11835 = ( GEOMETRIC_REPRESENTATION_CONTEXT(2) 
PARAMETRIC_REPRESENTATION_CONTEXT() REPRESENTATION_CONTEXT('2D SPACE',''
  ) );
#11836 = PCURVE('',#11837,#11842);
#11837 = PLANE('',#11838);
#11838 = AXIS2_PLACEMENT_3D('',#11839,#11840,#11841);
#11839 = CARTESIAN_POINT('',(23.5,-6.,0.139683077967));
#11840 = DIRECTION('',(1.,0.,0.));
#11841 = DIRECTION('',(0.,0.,1.));
#11842 = DEFINITIONAL_REPRESENTATION('',(#11843),#11847);
#11843 = CIRCLE('',#11844,4.9);
#11844 = AXIS2_PLACEMENT_2D('',#11845,#11846);
#11845 = CARTESIAN_POINT('',(4.110316922033,-6.));
#11846 = DIRECTION('',(1.,0.));
#11847 = ( GEOMETRIC_REPRESENTATION_CONTEXT(2) 
PARAMETRIC_REPRESENTATION_CONTEXT() REPRESENTATION_CONTEXT('2D SPACE',''
  ) );
#11848 = ORIENTED_EDGE('',*,*,#11849,.F.);
#11849 = EDGE_CURVE('',#11418,#11821,#11850,.T.);
#11850 = SURFACE_CURVE('',#11851,(#11855,#11861),.PCURVE_S1.);
#11851 = LINE('',#11852,#11853);
#11852 = CARTESIAN_POINT('',(17.8,2.667450993074,0.139683077967));
#11853 = VECTOR('',#11854,1.);
#11854 = DIRECTION('',(1.,0.,0.));
#11855 = PCURVE('',#11192,#11856);
#11856 = DEFINITIONAL_REPRESENTATION('',(#11857),#11860);
#11857 = B_SPLINE_CURVE_WITH_KNOTS('',1,(#11858,#11859),.UNSPECIFIED.,
  .F.,.F.,(2,2),(2.95,5.95),.PIECEWISE_BEZIER_KNOTS.);
#11858 = CARTESIAN_POINT('',(3.717239795989,2.95));
#11859 = CARTESIAN_POINT('',(3.717239795989,5.95));
#11860 = ( GEOMETRIC_REPRESENTATION_CONTEXT(2) 
PARAMETRIC_REPRESENTATION_CONTEXT() REPRESENTATION_CONTEXT('2D SPACE',''
  ) );
#11861 = PCURVE('',#11432,#11862);
#11862 = DEFINITIONAL_REPRESENTATION('',(#11863),#11866);
#11863 = B_SPLINE_CURVE_WITH_KNOTS('',1,(#11864,#11865),.UNSPECIFIED.,
  .F.,.F.,(2,2),(2.95,5.95),.PIECEWISE_BEZIER_KNOTS.);
#11864 = CARTESIAN_POINT('',(2.25,8.667450993074));
#11865 = CARTESIAN_POINT('',(5.25,8.667450993074));
#11866 = ( GEOMETRIC_REPRESENTATION_CONTEXT(2) 
PARAMETRIC_REPRESENTATION_CONTEXT() REPRESENTATION_CONTEXT('2D SPACE',''
  ) );
#11867 = ORIENTED_EDGE('',*,*,#11443,.F.);
#11868 = ADVANCED_FACE('',(#11869),#11432,.F.);
#11869 = FACE_BOUND('',#11870,.F.);
#11870 = EDGE_LOOP('',(#11871,#11894,#11895,#11896));
#11871 = ORIENTED_EDGE('',*,*,#11872,.F.);
#11872 = EDGE_CURVE('',#11392,#11873,#11875,.T.);
#11873 = VERTEX_POINT('',#11874);
#11874 = CARTESIAN_POINT('',(23.5,6.,0.139683077967));
#11875 = SURFACE_CURVE('',#11876,(#11880,#11887),.PCURVE_S1.);
#11876 = LINE('',#11877,#11878);
#11877 = CARTESIAN_POINT('',(18.5,6.,0.139683077967));
#11878 = VECTOR('',#11879,1.);
#11879 = DIRECTION('',(1.,0.,0.));
#11880 = PCURVE('',#11432,#11881);
#11881 = DEFINITIONAL_REPRESENTATION('',(#11882),#11886);
#11882 = LINE('',#11883,#11884);
#11883 = CARTESIAN_POINT('',(0.,12.));
#11884 = VECTOR('',#11885,1.);
#11885 = DIRECTION('',(1.,0.));
#11886 = ( GEOMETRIC_REPRESENTATION_CONTEXT(2) 
PARAMETRIC_REPRESENTATION_CONTEXT() REPRESENTATION_CONTEXT('2D SPACE',''
  ) );
#11887 = PCURVE('',#11406,#11888);
#11888 = DEFINITIONAL_REPRESENTATION('',(#11889),#11893);
#11889 = LINE('',#11890,#11891);
#11890 = CARTESIAN_POINT('',(0.,0.));
#11891 = VECTOR('',#11892,1.);
#11892 = DIRECTION('',(0.,1.));
#11893 = ( GEOMETRIC_REPRESENTATION_CONTEXT(2) 
PARAMETRIC_REPRESENTATION_CONTEXT() REPRESENTATION_CONTEXT('2D SPACE',''
  ) );
#11894 = ORIENTED_EDGE('',*,*,#11417,.T.);
#11895 = ORIENTED_EDGE('',*,*,#11849,.T.);
#11896 = ORIENTED_EDGE('',*,*,#11897,.T.);
#11897 = EDGE_CURVE('',#11821,#11873,#11898,.T.);
#11898 = SURFACE_CURVE('',#11899,(#11903,#11910),.PCURVE_S1.);
#11899 = LINE('',#11900,#11901);
#11900 = CARTESIAN_POINT('',(23.5,-6.,0.139683077967));
#11901 = VECTOR('',#11902,1.);
#11902 = DIRECTION('',(0.,1.,0.));
#11903 = PCURVE('',#11432,#11904);
#11904 = DEFINITIONAL_REPRESENTATION('',(#11905),#11909);
#11905 = LINE('',#11906,#11907);
#11906 = CARTESIAN_POINT('',(5.,0.));
#11907 = VECTOR('',#11908,1.);
#11908 = DIRECTION('',(0.,1.));
#11909 = ( GEOMETRIC_REPRESENTATION_CONTEXT(2) 
PARAMETRIC_REPRESENTATION_CONTEXT() REPRESENTATION_CONTEXT('2D SPACE',''
  ) );
#11910 = PCURVE('',#11837,#11911);
#11911 = DEFINITIONAL_REPRESENTATION('',(#11912),#11916);
#11912 = LINE('',#11913,#11914);
#11913 = CARTESIAN_POINT('',(0.,0.));
#11914 = VECTOR('',#11915,1.);
#11915 = DIRECTION('',(0.,-1.));
#11916 = ( GEOMETRIC_REPRESENTATION_CONTEXT(2) 
PARAMETRIC_REPRESENTATION_CONTEXT() REPRESENTATION_CONTEXT('2D SPACE',''
  ) );
#11917 = ADVANCED_FACE('',(#11918),#11406,.T.);
#11918 = FACE_BOUND('',#11919,.T.);
#11919 = EDGE_LOOP('',(#11920,#11921,#11922,#11945,#11968));
#11920 = ORIENTED_EDGE('',*,*,#11872,.F.);
#11921 = ORIENTED_EDGE('',*,*,#11391,.T.);
#11922 = ORIENTED_EDGE('',*,*,#11923,.T.);
#11923 = EDGE_CURVE('',#11366,#11924,#11926,.T.);
#11924 = VERTEX_POINT('',#11925);
#11925 = CARTESIAN_POINT('',(18.5,6.,5.339683077967));
#11926 = SURFACE_CURVE('',#11927,(#11931,#11938),.PCURVE_S1.);
#11927 = LINE('',#11928,#11929);
#11928 = CARTESIAN_POINT('',(18.5,6.,0.139683077967));
#11929 = VECTOR('',#11930,1.);
#11930 = DIRECTION('',(0.,0.,1.));
#11931 = PCURVE('',#11406,#11932);
#11932 = DEFINITIONAL_REPRESENTATION('',(#11933),#11937);
#11933 = LINE('',#11934,#11935);
#11934 = CARTESIAN_POINT('',(0.,0.));
#11935 = VECTOR('',#11936,1.);
#11936 = DIRECTION('',(1.,0.));
#11937 = ( GEOMETRIC_REPRESENTATION_CONTEXT(2) 
PARAMETRIC_REPRESENTATION_CONTEXT() REPRESENTATION_CONTEXT('2D SPACE',''
  ) );
#11938 = PCURVE('',#11380,#11939);
#11939 = DEFINITIONAL_REPRESENTATION('',(#11940),#11944);
#11940 = LINE('',#11941,#11942);
#11941 = CARTESIAN_POINT('',(0.,-12.));
#11942 = VECTOR('',#11943,1.);
#11943 = DIRECTION('',(1.,0.));
#11944 = ( GEOMETRIC_REPRESENTATION_CONTEXT(2) 
PARAMETRIC_REPRESENTATION_CONTEXT() REPRESENTATION_CONTEXT('2D SPACE',''
  ) );
#11945 = ORIENTED_EDGE('',*,*,#11946,.T.);
#11946 = EDGE_CURVE('',#11924,#11947,#11949,.T.);
#11947 = VERTEX_POINT('',#11948);
#11948 = CARTESIAN_POINT('',(23.5,6.,5.339683077967));
#11949 = SURFACE_CURVE('',#11950,(#11954,#11961),.PCURVE_S1.);
#11950 = LINE('',#11951,#11952);
#11951 = CARTESIAN_POINT('',(18.5,6.,5.339683077967));
#11952 = VECTOR('',#11953,1.);
#11953 = DIRECTION('',(1.,0.,0.));
#11954 = PCURVE('',#11406,#11955);
#11955 = DEFINITIONAL_REPRESENTATION('',(#11956),#11960);
#11956 = LINE('',#11957,#11958);
#11957 = CARTESIAN_POINT('',(5.2,0.));
#11958 = VECTOR('',#11959,1.);
#11959 = DIRECTION('',(0.,1.));
#11960 = ( GEOMETRIC_REPRESENTATION_CONTEXT(2) 
PARAMETRIC_REPRESENTATION_CONTEXT() REPRESENTATION_CONTEXT('2D SPACE',''
  ) );
#11961 = PCURVE('',#11809,#11962);
#11962 = DEFINITIONAL_REPRESENTATION('',(#11963),#11967);
#11963 = LINE('',#11964,#11965);
#11964 = CARTESIAN_POINT('',(0.,12.));
#11965 = VECTOR('',#11966,1.);
#11966 = DIRECTION('',(1.,0.));
#11967 = ( GEOMETRIC_REPRESENTATION_CONTEXT(2) 
PARAMETRIC_REPRESENTATION_CONTEXT() REPRESENTATION_CONTEXT('2D SPACE',''
  ) );
#11968 = ORIENTED_EDGE('',*,*,#11969,.F.);
#11969 = EDGE_CURVE('',#11873,#11947,#11970,.T.);
#11970 = SURFACE_CURVE('',#11971,(#11975,#11982),.PCURVE_S1.);
#11971 = LINE('',#11972,#11973);
#11972 = CARTESIAN_POINT('',(23.5,6.,0.139683077967));
#11973 = VECTOR('',#11974,1.);
#11974 = DIRECTION('',(0.,0.,1.));
#11975 = PCURVE('',#11406,#11976);
#11976 = DEFINITIONAL_REPRESENTATION('',(#11977),#11981);
#11977 = LINE('',#11978,#11979);
#11978 = CARTESIAN_POINT('',(0.,5.));
#11979 = VECTOR('',#11980,1.);
#11980 = DIRECTION('',(1.,0.));
#11981 = ( GEOMETRIC_REPRESENTATION_CONTEXT(2) 
PARAMETRIC_REPRESENTATION_CONTEXT() REPRESENTATION_CONTEXT('2D SPACE',''
  ) );
#11982 = PCURVE('',#11837,#11983);
#11983 = DEFINITIONAL_REPRESENTATION('',(#11984),#11988);
#11984 = LINE('',#11985,#11986);
#11985 = CARTESIAN_POINT('',(0.,-12.));
#11986 = VECTOR('',#11987,1.);
#11987 = DIRECTION('',(1.,0.));
#11988 = ( GEOMETRIC_REPRESENTATION_CONTEXT(2) 
PARAMETRIC_REPRESENTATION_CONTEXT() REPRESENTATION_CONTEXT('2D SPACE',''
  ) );
#11989 = ADVANCED_FACE('',(#11990),#11380,.F.);
#11990 = FACE_BOUND('',#11991,.F.);
#11991 = EDGE_LOOP('',(#11992,#11993,#11994,#11995));
#11992 = ORIENTED_EDGE('',*,*,#11770,.F.);
#11993 = ORIENTED_EDGE('',*,*,#11365,.T.);
#11994 = ORIENTED_EDGE('',*,*,#11923,.T.);
#11995 = ORIENTED_EDGE('',*,*,#11996,.F.);
#11996 = EDGE_CURVE('',#11771,#11924,#11997,.T.);
#11997 = SURFACE_CURVE('',#11998,(#12002,#12009),.PCURVE_S1.);
#11998 = LINE('',#11999,#12000);
#11999 = CARTESIAN_POINT('',(18.5,-6.,5.339683077967));
#12000 = VECTOR('',#12001,1.);
#12001 = DIRECTION('',(0.,1.,0.));
#12002 = PCURVE('',#11380,#12003);
#12003 = DEFINITIONAL_REPRESENTATION('',(#12004),#12008);
#12004 = LINE('',#12005,#12006);
#12005 = CARTESIAN_POINT('',(5.2,0.));
#12006 = VECTOR('',#12007,1.);
#12007 = DIRECTION('',(0.,-1.));
#12008 = ( GEOMETRIC_REPRESENTATION_CONTEXT(2) 
PARAMETRIC_REPRESENTATION_CONTEXT() REPRESENTATION_CONTEXT('2D SPACE',''
  ) );
#12009 = PCURVE('',#11809,#12010);
#12010 = DEFINITIONAL_REPRESENTATION('',(#12011),#12015);
#12011 = LINE('',#12012,#12013);
#12012 = CARTESIAN_POINT('',(0.,0.));
#12013 = VECTOR('',#12014,1.);
#12014 = DIRECTION('',(0.,1.));
#12015 = ( GEOMETRIC_REPRESENTATION_CONTEXT(2) 
PARAMETRIC_REPRESENTATION_CONTEXT() REPRESENTATION_CONTEXT('2D SPACE',''
  ) );
#12016 = ADVANCED_FACE('',(#12017),#11327,.T.);
#12017 = FACE_BOUND('',#12018,.T.);
#12018 = EDGE_LOOP('',(#12019,#12020));
#12019 = ORIENTED_EDGE('',*,*,#11312,.F.);
#12020 = ORIENTED_EDGE('',*,*,#11747,.T.);
#12021 = ADVANCED_FACE('',(#12022),#11274,.F.);
#12022 = FACE_BOUND('',#12023,.F.);
#12023 = EDGE_LOOP('',(#12024,#12047,#12048,#12049));
#12024 = ORIENTED_EDGE('',*,*,#12025,.F.);
#12025 = EDGE_CURVE('',#11234,#12026,#12028,.T.);
#12026 = VERTEX_POINT('',#12027);
#12027 = CARTESIAN_POINT('',(18.5,-6.,5.339683077967));
#12028 = SURFACE_CURVE('',#12029,(#12033,#12040),.PCURVE_S1.);
#12029 = LINE('',#12030,#12031);
#12030 = CARTESIAN_POINT('',(18.5,-6.,0.139683077967));
#12031 = VECTOR('',#12032,1.);
#12032 = DIRECTION('',(0.,0.,1.));
#12033 = PCURVE('',#11274,#12034);
#12034 = DEFINITIONAL_REPRESENTATION('',(#12035),#12039);
#12035 = LINE('',#12036,#12037);
#12036 = CARTESIAN_POINT('',(0.,0.));
#12037 = VECTOR('',#12038,1.);
#12038 = DIRECTION('',(1.,0.));
#12039 = ( GEOMETRIC_REPRESENTATION_CONTEXT(2) 
PARAMETRIC_REPRESENTATION_CONTEXT() REPRESENTATION_CONTEXT('2D SPACE',''
  ) );
#12040 = PCURVE('',#11248,#12041);
#12041 = DEFINITIONAL_REPRESENTATION('',(#12042),#12046);
#12042 = LINE('',#12043,#12044);
#12043 = CARTESIAN_POINT('',(0.,0.));
#12044 = VECTOR('',#12045,1.);
#12045 = DIRECTION('',(1.,0.));
#12046 = ( GEOMETRIC_REPRESENTATION_CONTEXT(2) 
PARAMETRIC_REPRESENTATION_CONTEXT() REPRESENTATION_CONTEXT('2D SPACE',''
  ) );
#12047 = ORIENTED_EDGE('',*,*,#11259,.T.);
#12048 = ORIENTED_EDGE('',*,*,#11724,.F.);
#12049 = ORIENTED_EDGE('',*,*,#12050,.F.);
#12050 = EDGE_CURVE('',#12026,#11699,#12051,.T.);
#12051 = SURFACE_CURVE('',#12052,(#12056,#12063),.PCURVE_S1.);
#12052 = LINE('',#12053,#12054);
#12053 = CARTESIAN_POINT('',(18.5,-6.,5.339683077967));
#12054 = VECTOR('',#12055,1.);
#12055 = DIRECTION('',(0.,1.,0.));
#12056 = PCURVE('',#11274,#12057);
#12057 = DEFINITIONAL_REPRESENTATION('',(#12058),#12062);
#12058 = LINE('',#12059,#12060);
#12059 = CARTESIAN_POINT('',(5.2,0.));
#12060 = VECTOR('',#12061,1.);
#12061 = DIRECTION('',(0.,-1.));
#12062 = ( GEOMETRIC_REPRESENTATION_CONTEXT(2) 
PARAMETRIC_REPRESENTATION_CONTEXT() REPRESENTATION_CONTEXT('2D SPACE',''
  ) );
#12063 = PCURVE('',#11713,#12064);
#12064 = DEFINITIONAL_REPRESENTATION('',(#12065),#12069);
#12065 = LINE('',#12066,#12067);
#12066 = CARTESIAN_POINT('',(0.,0.));
#12067 = VECTOR('',#12068,1.);
#12068 = DIRECTION('',(0.,1.));
#12069 = ( GEOMETRIC_REPRESENTATION_CONTEXT(2) 
PARAMETRIC_REPRESENTATION_CONTEXT() REPRESENTATION_CONTEXT('2D SPACE',''
  ) );
#12070 = ADVANCED_FACE('',(#12071),#11248,.F.);
#12071 = FACE_BOUND('',#12072,.F.);
#12072 = EDGE_LOOP('',(#12073,#12096,#12097,#12098,#12121));
#12073 = ORIENTED_EDGE('',*,*,#12074,.F.);
#12074 = EDGE_CURVE('',#11208,#12075,#12077,.T.);
#12075 = VERTEX_POINT('',#12076);
#12076 = CARTESIAN_POINT('',(23.5,-6.,0.139683077967));
#12077 = SURFACE_CURVE('',#12078,(#12082,#12089),.PCURVE_S1.);
#12078 = LINE('',#12079,#12080);
#12079 = CARTESIAN_POINT('',(18.5,-6.,0.139683077967));
#12080 = VECTOR('',#12081,1.);
#12081 = DIRECTION('',(1.,0.,0.));
#12082 = PCURVE('',#11248,#12083);
#12083 = DEFINITIONAL_REPRESENTATION('',(#12084),#12088);
#12084 = LINE('',#12085,#12086);
#12085 = CARTESIAN_POINT('',(0.,0.));
#12086 = VECTOR('',#12087,1.);
#12087 = DIRECTION('',(0.,1.));
#12088 = ( GEOMETRIC_REPRESENTATION_CONTEXT(2) 
PARAMETRIC_REPRESENTATION_CONTEXT() REPRESENTATION_CONTEXT('2D SPACE',''
  ) );
#12089 = PCURVE('',#11222,#12090);
#12090 = DEFINITIONAL_REPRESENTATION('',(#12091),#12095);
#12091 = LINE('',#12092,#12093);
#12092 = CARTESIAN_POINT('',(0.,0.));
#12093 = VECTOR('',#12094,1.);
#12094 = DIRECTION('',(1.,0.));
#12095 = ( GEOMETRIC_REPRESENTATION_CONTEXT(2) 
PARAMETRIC_REPRESENTATION_CONTEXT() REPRESENTATION_CONTEXT('2D SPACE',''
  ) );
#12096 = ORIENTED_EDGE('',*,*,#11233,.T.);
#12097 = ORIENTED_EDGE('',*,*,#12025,.T.);
#12098 = ORIENTED_EDGE('',*,*,#12099,.T.);
#12099 = EDGE_CURVE('',#12026,#12100,#12102,.T.);
#12100 = VERTEX_POINT('',#12101);
#12101 = CARTESIAN_POINT('',(23.5,-6.,5.339683077967));
#12102 = SURFACE_CURVE('',#12103,(#12107,#12114),.PCURVE_S1.);
#12103 = LINE('',#12104,#12105);
#12104 = CARTESIAN_POINT('',(18.5,-6.,5.339683077967));
#12105 = VECTOR('',#12106,1.);
#12106 = DIRECTION('',(1.,0.,0.));
#12107 = PCURVE('',#11248,#12108);
#12108 = DEFINITIONAL_REPRESENTATION('',(#12109),#12113);
#12109 = LINE('',#12110,#12111);
#12110 = CARTESIAN_POINT('',(5.2,0.));
#12111 = VECTOR('',#12112,1.);
#12112 = DIRECTION('',(0.,1.));
#12113 = ( GEOMETRIC_REPRESENTATION_CONTEXT(2) 
PARAMETRIC_REPRESENTATION_CONTEXT() REPRESENTATION_CONTEXT('2D SPACE',''
  ) );
#12114 = PCURVE('',#11713,#12115);
#12115 = DEFINITIONAL_REPRESENTATION('',(#12116),#12120);
#12116 = LINE('',#12117,#12118);
#12117 = CARTESIAN_POINT('',(0.,0.));
#12118 = VECTOR('',#12119,1.);
#12119 = DIRECTION('',(1.,0.));
#12120 = ( GEOMETRIC_REPRESENTATION_CONTEXT(2) 
PARAMETRIC_REPRESENTATION_CONTEXT() REPRESENTATION_CONTEXT('2D SPACE',''
  ) );
#12121 = ORIENTED_EDGE('',*,*,#12122,.F.);
#12122 = EDGE_CURVE('',#12075,#12100,#12123,.T.);
#12123 = SURFACE_CURVE('',#12124,(#12128,#12135),.PCURVE_S1.);
#12124 = LINE('',#12125,#12126);
#12125 = CARTESIAN_POINT('',(23.5,-6.,0.139683077967));
#12126 = VECTOR('',#12127,1.);
#12127 = DIRECTION('',(0.,0.,1.));
#12128 = PCURVE('',#11248,#12129);
#12129 = DEFINITIONAL_REPRESENTATION('',(#12130),#12134);
#12130 = LINE('',#12131,#12132);
#12131 = CARTESIAN_POINT('',(0.,5.));
#12132 = VECTOR('',#12133,1.);
#12133 = DIRECTION('',(1.,0.));
#12134 = ( GEOMETRIC_REPRESENTATION_CONTEXT(2) 
PARAMETRIC_REPRESENTATION_CONTEXT() REPRESENTATION_CONTEXT('2D SPACE',''
  ) );
#12135 = PCURVE('',#11686,#12136);
#12136 = DEFINITIONAL_REPRESENTATION('',(#12137),#12141);
#12137 = LINE('',#12138,#12139);
#12138 = CARTESIAN_POINT('',(0.,0.));
#12139 = VECTOR('',#12140,1.);
#12140 = DIRECTION('',(1.,0.));
#12141 = ( GEOMETRIC_REPRESENTATION_CONTEXT(2) 
PARAMETRIC_REPRESENTATION_CONTEXT() REPRESENTATION_CONTEXT('2D SPACE',''
  ) );
#12142 = ADVANCED_FACE('',(#12143),#11222,.F.);
#12143 = FACE_BOUND('',#12144,.F.);
#12144 = EDGE_LOOP('',(#12145,#12146,#12147,#12148));
#12145 = ORIENTED_EDGE('',*,*,#11648,.F.);
#12146 = ORIENTED_EDGE('',*,*,#11207,.T.);
#12147 = ORIENTED_EDGE('',*,*,#12074,.T.);
#12148 = ORIENTED_EDGE('',*,*,#12149,.T.);
#12149 = EDGE_CURVE('',#12075,#11649,#12150,.T.);
#12150 = SURFACE_CURVE('',#12151,(#12155,#12162),.PCURVE_S1.);
#12151 = LINE('',#12152,#12153);
#12152 = CARTESIAN_POINT('',(23.5,-6.,0.139683077967));
#12153 = VECTOR('',#12154,1.);
#12154 = DIRECTION('',(0.,1.,0.));
#12155 = PCURVE('',#11222,#12156);
#12156 = DEFINITIONAL_REPRESENTATION('',(#12157),#12161);
#12157 = LINE('',#12158,#12159);
#12158 = CARTESIAN_POINT('',(5.,0.));
#12159 = VECTOR('',#12160,1.);
#12160 = DIRECTION('',(0.,1.));
#12161 = ( GEOMETRIC_REPRESENTATION_CONTEXT(2) 
PARAMETRIC_REPRESENTATION_CONTEXT() REPRESENTATION_CONTEXT('2D SPACE',''
  ) );
#12162 = PCURVE('',#11686,#12163);
#12163 = DEFINITIONAL_REPRESENTATION('',(#12164),#12168);
#12164 = LINE('',#12165,#12166);
#12165 = CARTESIAN_POINT('',(0.,0.));
#12166 = VECTOR('',#12167,1.);
#12167 = DIRECTION('',(0.,-1.));
#12168 = ( GEOMETRIC_REPRESENTATION_CONTEXT(2) 
PARAMETRIC_REPRESENTATION_CONTEXT() REPRESENTATION_CONTEXT('2D SPACE',''
  ) );
#12169 = ADVANCED_FACE('',(#12170),#11521,.T.);
#12170 = FACE_BOUND('',#12171,.T.);
#12171 = EDGE_LOOP('',(#12172,#12195,#12196,#12219,#12247,#12276));
#12172 = ORIENTED_EDGE('',*,*,#12173,.F.);
#12173 = EDGE_CURVE('',#11505,#12174,#12176,.T.);
#12174 = VERTEX_POINT('',#12175);
#12175 = CARTESIAN_POINT('',(-18.5,-6.,5.339683077967));
#12176 = SURFACE_CURVE('',#12177,(#12181,#12188),.PCURVE_S1.);
#12177 = LINE('',#12178,#12179);
#12178 = CARTESIAN_POINT('',(-18.5,-6.,0.139683077967));
#12179 = VECTOR('',#12180,1.);
#12180 = DIRECTION('',(0.,0.,1.));
#12181 = PCURVE('',#11521,#12182);
#12182 = DEFINITIONAL_REPRESENTATION('',(#12183),#12187);
#12183 = LINE('',#12184,#12185);
#12184 = CARTESIAN_POINT('',(0.,0.));
#12185 = VECTOR('',#12186,1.);
#12186 = DIRECTION('',(1.,0.));
#12187 = ( GEOMETRIC_REPRESENTATION_CONTEXT(2) 
PARAMETRIC_REPRESENTATION_CONTEXT() REPRESENTATION_CONTEXT('2D SPACE',''
  ) );
#12188 = PCURVE('',#11547,#12189);
#12189 = DEFINITIONAL_REPRESENTATION('',(#12190),#12194);
#12190 = LINE('',#12191,#12192);
#12191 = CARTESIAN_POINT('',(0.,5.));
#12192 = VECTOR('',#12193,1.);
#12193 = DIRECTION('',(1.,0.));
#12194 = ( GEOMETRIC_REPRESENTATION_CONTEXT(2) 
PARAMETRIC_REPRESENTATION_CONTEXT() REPRESENTATION_CONTEXT('2D SPACE',''
  ) );
#12195 = ORIENTED_EDGE('',*,*,#11504,.T.);
#12196 = ORIENTED_EDGE('',*,*,#12197,.T.);
#12197 = EDGE_CURVE('',#11507,#12198,#12200,.T.);
#12198 = VERTEX_POINT('',#12199);
#12199 = CARTESIAN_POINT('',(-18.5,6.,5.339683077967));
#12200 = SURFACE_CURVE('',#12201,(#12205,#12212),.PCURVE_S1.);
#12201 = LINE('',#12202,#12203);
#12202 = CARTESIAN_POINT('',(-18.5,6.,0.139683077967));
#12203 = VECTOR('',#12204,1.);
#12204 = DIRECTION('',(0.,0.,1.));
#12205 = PCURVE('',#11521,#12206);
#12206 = DEFINITIONAL_REPRESENTATION('',(#12207),#12211);
#12207 = LINE('',#12208,#12209);
#12208 = CARTESIAN_POINT('',(0.,-12.));
#12209 = VECTOR('',#12210,1.);
#12210 = DIRECTION('',(1.,0.));
#12211 = ( GEOMETRIC_REPRESENTATION_CONTEXT(2) 
PARAMETRIC_REPRESENTATION_CONTEXT() REPRESENTATION_CONTEXT('2D SPACE',''
  ) );
#12212 = PCURVE('',#11597,#12213);
#12213 = DEFINITIONAL_REPRESENTATION('',(#12214),#12218);
#12214 = LINE('',#12215,#12216);
#12215 = CARTESIAN_POINT('',(0.,5.));
#12216 = VECTOR('',#12217,1.);
#12217 = DIRECTION('',(1.,0.));
#12218 = ( GEOMETRIC_REPRESENTATION_CONTEXT(2) 
PARAMETRIC_REPRESENTATION_CONTEXT() REPRESENTATION_CONTEXT('2D SPACE',''
  ) );
#12219 = ORIENTED_EDGE('',*,*,#12220,.F.);
#12220 = EDGE_CURVE('',#12221,#12198,#12223,.T.);
#12221 = VERTEX_POINT('',#12222);
#12222 = CARTESIAN_POINT('',(-18.5,2.470342241389,5.339683077967));
#12223 = SURFACE_CURVE('',#12224,(#12228,#12235),.PCURVE_S1.);
#12224 = LINE('',#12225,#12226);
#12225 = CARTESIAN_POINT('',(-18.5,-6.,5.339683077967));
#12226 = VECTOR('',#12227,1.);
#12227 = DIRECTION('',(0.,1.,0.));
#12228 = PCURVE('',#11521,#12229);
#12229 = DEFINITIONAL_REPRESENTATION('',(#12230),#12234);
#12230 = LINE('',#12231,#12232);
#12231 = CARTESIAN_POINT('',(5.2,0.));
#12232 = VECTOR('',#12233,1.);
#12233 = DIRECTION('',(0.,-1.));
#12234 = ( GEOMETRIC_REPRESENTATION_CONTEXT(2) 
PARAMETRIC_REPRESENTATION_CONTEXT() REPRESENTATION_CONTEXT('2D SPACE',''
  ) );
#12235 = PCURVE('',#12236,#12241);
#12236 = PLANE('',#12237);
#12237 = AXIS2_PLACEMENT_3D('',#12238,#12239,#12240);
#12238 = CARTESIAN_POINT('',(-23.5,-6.,5.339683077967));
#12239 = DIRECTION('',(0.,0.,1.));
#12240 = DIRECTION('',(1.,0.,0.));
#12241 = DEFINITIONAL_REPRESENTATION('',(#12242),#12246);
#12242 = LINE('',#12243,#12244);
#12243 = CARTESIAN_POINT('',(5.,0.));
#12244 = VECTOR('',#12245,1.);
#12245 = DIRECTION('',(0.,1.));
#12246 = ( GEOMETRIC_REPRESENTATION_CONTEXT(2) 
PARAMETRIC_REPRESENTATION_CONTEXT() REPRESENTATION_CONTEXT('2D SPACE',''
  ) );
#12247 = ORIENTED_EDGE('',*,*,#12248,.F.);
#12248 = EDGE_CURVE('',#12249,#12221,#12251,.T.);
#12249 = VERTEX_POINT('',#12250);
#12250 = CARTESIAN_POINT('',(-18.5,-2.470342241389,5.339683077967));
#12251 = SURFACE_CURVE('',#12252,(#12257,#12264),.PCURVE_S1.);
#12252 = CIRCLE('',#12253,2.7);
#12253 = AXIS2_PLACEMENT_3D('',#12254,#12255,#12256);
#12254 = CARTESIAN_POINT('',(-18.5,0.,4.25));
#12255 = DIRECTION('',(1.,0.,0.));
#12256 = DIRECTION('',(-0.,0.,1.));
#12257 = PCURVE('',#11521,#12258);
#12258 = DEFINITIONAL_REPRESENTATION('',(#12259),#12263);
#12259 = CIRCLE('',#12260,2.7);
#12260 = AXIS2_PLACEMENT_2D('',#12261,#12262);
#12261 = CARTESIAN_POINT('',(4.110316922033,-6.));
#12262 = DIRECTION('',(1.,0.));
#12263 = ( GEOMETRIC_REPRESENTATION_CONTEXT(2) 
PARAMETRIC_REPRESENTATION_CONTEXT() REPRESENTATION_CONTEXT('2D SPACE',''
  ) );
#12264 = PCURVE('',#12265,#12270);
#12265 = CYLINDRICAL_SURFACE('',#12266,2.7);
#12266 = AXIS2_PLACEMENT_3D('',#12267,#12268,#12269);
#12267 = CARTESIAN_POINT('',(-24.2,0.,4.25));
#12268 = DIRECTION('',(1.,0.,0.));
#12269 = DIRECTION('',(-0.,0.,1.));
#12270 = DEFINITIONAL_REPRESENTATION('',(#12271),#12275);
#12271 = LINE('',#12272,#12273);
#12272 = CARTESIAN_POINT('',(0.,5.7));
#12273 = VECTOR('',#12274,1.);
#12274 = DIRECTION('',(1.,0.));
#12275 = ( GEOMETRIC_REPRESENTATION_CONTEXT(2) 
PARAMETRIC_REPRESENTATION_CONTEXT() REPRESENTATION_CONTEXT('2D SPACE',''
  ) );
#12276 = ORIENTED_EDGE('',*,*,#12277,.F.);
#12277 = EDGE_CURVE('',#12174,#12249,#12278,.T.);
#12278 = SURFACE_CURVE('',#12279,(#12283,#12290),.PCURVE_S1.);
#12279 = LINE('',#12280,#12281);
#12280 = CARTESIAN_POINT('',(-18.5,-6.,5.339683077967));
#12281 = VECTOR('',#12282,1.);
#12282 = DIRECTION('',(0.,1.,0.));
#12283 = PCURVE('',#11521,#12284);
#12284 = DEFINITIONAL_REPRESENTATION('',(#12285),#12289);
#12285 = LINE('',#12286,#12287);
#12286 = CARTESIAN_POINT('',(5.2,0.));
#12287 = VECTOR('',#12288,1.);
#12288 = DIRECTION('',(0.,-1.));
#12289 = ( GEOMETRIC_REPRESENTATION_CONTEXT(2) 
PARAMETRIC_REPRESENTATION_CONTEXT() REPRESENTATION_CONTEXT('2D SPACE',''
  ) );
#12290 = PCURVE('',#12291,#12296);
#12291 = PLANE('',#12292);
#12292 = AXIS2_PLACEMENT_3D('',#12293,#12294,#12295);
#12293 = CARTESIAN_POINT('',(-23.5,-6.,5.339683077967));
#12294 = DIRECTION('',(0.,0.,1.));
#12295 = DIRECTION('',(1.,0.,0.));
#12296 = DEFINITIONAL_REPRESENTATION('',(#12297),#12301);
#12297 = LINE('',#12298,#12299);
#12298 = CARTESIAN_POINT('',(5.,0.));
#12299 = VECTOR('',#12300,1.);
#12300 = DIRECTION('',(0.,1.));
#12301 = ( GEOMETRIC_REPRESENTATION_CONTEXT(2) 
PARAMETRIC_REPRESENTATION_CONTEXT() REPRESENTATION_CONTEXT('2D SPACE',''
  ) );
#12302 = ADVANCED_FACE('',(#12303),#11597,.T.);
#12303 = FACE_BOUND('',#12304,.T.);
#12304 = EDGE_LOOP('',(#12305,#12328,#12356,#12377,#12378));
#12305 = ORIENTED_EDGE('',*,*,#12306,.F.);
#12306 = EDGE_CURVE('',#12307,#11559,#12309,.T.);
#12307 = VERTEX_POINT('',#12308);
#12308 = CARTESIAN_POINT('',(-23.5,6.,0.139683077967));
#12309 = SURFACE_CURVE('',#12310,(#12314,#12321),.PCURVE_S1.);
#12310 = LINE('',#12311,#12312);
#12311 = CARTESIAN_POINT('',(-23.5,6.,0.139683077967));
#12312 = VECTOR('',#12313,1.);
#12313 = DIRECTION('',(1.,0.,0.));
#12314 = PCURVE('',#11597,#12315);
#12315 = DEFINITIONAL_REPRESENTATION('',(#12316),#12320);
#12316 = LINE('',#12317,#12318);
#12317 = CARTESIAN_POINT('',(0.,0.));
#12318 = VECTOR('',#12319,1.);
#12319 = DIRECTION('',(0.,1.));
#12320 = ( GEOMETRIC_REPRESENTATION_CONTEXT(2) 
PARAMETRIC_REPRESENTATION_CONTEXT() REPRESENTATION_CONTEXT('2D SPACE',''
  ) );
#12321 = PCURVE('',#11573,#12322);
#12322 = DEFINITIONAL_REPRESENTATION('',(#12323),#12327);
#12323 = LINE('',#12324,#12325);
#12324 = CARTESIAN_POINT('',(0.,12.));
#12325 = VECTOR('',#12326,1.);
#12326 = DIRECTION('',(1.,0.));
#12327 = ( GEOMETRIC_REPRESENTATION_CONTEXT(2) 
PARAMETRIC_REPRESENTATION_CONTEXT() REPRESENTATION_CONTEXT('2D SPACE',''
  ) );
#12328 = ORIENTED_EDGE('',*,*,#12329,.T.);
#12329 = EDGE_CURVE('',#12307,#12330,#12332,.T.);
#12330 = VERTEX_POINT('',#12331);
#12331 = CARTESIAN_POINT('',(-23.5,6.,5.339683077967));
#12332 = SURFACE_CURVE('',#12333,(#12337,#12344),.PCURVE_S1.);
#12333 = LINE('',#12334,#12335);
#12334 = CARTESIAN_POINT('',(-23.5,6.,0.139683077967));
#12335 = VECTOR('',#12336,1.);
#12336 = DIRECTION('',(0.,0.,1.));
#12337 = PCURVE('',#11597,#12338);
#12338 = DEFINITIONAL_REPRESENTATION('',(#12339),#12343);
#12339 = LINE('',#12340,#12341);
#12340 = CARTESIAN_POINT('',(0.,0.));
#12341 = VECTOR('',#12342,1.);
#12342 = DIRECTION('',(1.,0.));
#12343 = ( GEOMETRIC_REPRESENTATION_CONTEXT(2) 
PARAMETRIC_REPRESENTATION_CONTEXT() REPRESENTATION_CONTEXT('2D SPACE',''
  ) );
#12344 = PCURVE('',#12345,#12350);
#12345 = PLANE('',#12346);
#12346 = AXIS2_PLACEMENT_3D('',#12347,#12348,#12349);
#12347 = CARTESIAN_POINT('',(-23.5,-6.,0.139683077967));
#12348 = DIRECTION('',(1.,0.,0.));
#12349 = DIRECTION('',(0.,0.,1.));
#12350 = DEFINITIONAL_REPRESENTATION('',(#12351),#12355);
#12351 = LINE('',#12352,#12353);
#12352 = CARTESIAN_POINT('',(0.,-12.));
#12353 = VECTOR('',#12354,1.);
#12354 = DIRECTION('',(1.,0.));
#12355 = ( GEOMETRIC_REPRESENTATION_CONTEXT(2) 
PARAMETRIC_REPRESENTATION_CONTEXT() REPRESENTATION_CONTEXT('2D SPACE',''
  ) );
#12356 = ORIENTED_EDGE('',*,*,#12357,.T.);
#12357 = EDGE_CURVE('',#12330,#12198,#12358,.T.);
#12358 = SURFACE_CURVE('',#12359,(#12363,#12370),.PCURVE_S1.);
#12359 = LINE('',#12360,#12361);
#12360 = CARTESIAN_POINT('',(-23.5,6.,5.339683077967));
#12361 = VECTOR('',#12362,1.);
#12362 = DIRECTION('',(1.,0.,0.));
#12363 = PCURVE('',#11597,#12364);
#12364 = DEFINITIONAL_REPRESENTATION('',(#12365),#12369);
#12365 = LINE('',#12366,#12367);
#12366 = CARTESIAN_POINT('',(5.2,0.));
#12367 = VECTOR('',#12368,1.);
#12368 = DIRECTION('',(0.,1.));
#12369 = ( GEOMETRIC_REPRESENTATION_CONTEXT(2) 
PARAMETRIC_REPRESENTATION_CONTEXT() REPRESENTATION_CONTEXT('2D SPACE',''
  ) );
#12370 = PCURVE('',#12236,#12371);
#12371 = DEFINITIONAL_REPRESENTATION('',(#12372),#12376);
#12372 = LINE('',#12373,#12374);
#12373 = CARTESIAN_POINT('',(0.,12.));
#12374 = VECTOR('',#12375,1.);
#12375 = DIRECTION('',(1.,0.));
#12376 = ( GEOMETRIC_REPRESENTATION_CONTEXT(2) 
PARAMETRIC_REPRESENTATION_CONTEXT() REPRESENTATION_CONTEXT('2D SPACE',''
  ) );
#12377 = ORIENTED_EDGE('',*,*,#12197,.F.);
#12378 = ORIENTED_EDGE('',*,*,#11584,.T.);
#12379 = ADVANCED_FACE('',(#12380),#11573,.F.);
#12380 = FACE_BOUND('',#12381,.F.);
#12381 = EDGE_LOOP('',(#12382,#12383,#12406,#12427));
#12382 = ORIENTED_EDGE('',*,*,#12306,.F.);
#12383 = ORIENTED_EDGE('',*,*,#12384,.F.);
#12384 = EDGE_CURVE('',#12385,#12307,#12387,.T.);
#12385 = VERTEX_POINT('',#12386);
#12386 = CARTESIAN_POINT('',(-23.5,-6.,0.139683077967));
#12387 = SURFACE_CURVE('',#12388,(#12392,#12399),.PCURVE_S1.);
#12388 = LINE('',#12389,#12390);
#12389 = CARTESIAN_POINT('',(-23.5,-6.,0.139683077967));
#12390 = VECTOR('',#12391,1.);
#12391 = DIRECTION('',(0.,1.,0.));
#12392 = PCURVE('',#11573,#12393);
#12393 = DEFINITIONAL_REPRESENTATION('',(#12394),#12398);
#12394 = LINE('',#12395,#12396);
#12395 = CARTESIAN_POINT('',(0.,0.));
#12396 = VECTOR('',#12397,1.);
#12397 = DIRECTION('',(0.,1.));
#12398 = ( GEOMETRIC_REPRESENTATION_CONTEXT(2) 
PARAMETRIC_REPRESENTATION_CONTEXT() REPRESENTATION_CONTEXT('2D SPACE',''
  ) );
#12399 = PCURVE('',#12345,#12400);
#12400 = DEFINITIONAL_REPRESENTATION('',(#12401),#12405);
#12401 = LINE('',#12402,#12403);
#12402 = CARTESIAN_POINT('',(0.,0.));
#12403 = VECTOR('',#12404,1.);
#12404 = DIRECTION('',(0.,-1.));
#12405 = ( GEOMETRIC_REPRESENTATION_CONTEXT(2) 
PARAMETRIC_REPRESENTATION_CONTEXT() REPRESENTATION_CONTEXT('2D SPACE',''
  ) );
#12406 = ORIENTED_EDGE('',*,*,#12407,.T.);
#12407 = EDGE_CURVE('',#12385,#11533,#12408,.T.);
#12408 = SURFACE_CURVE('',#12409,(#12413,#12420),.PCURVE_S1.);
#12409 = LINE('',#12410,#12411);
#12410 = CARTESIAN_POINT('',(-23.5,-6.,0.139683077967));
#12411 = VECTOR('',#12412,1.);
#12412 = DIRECTION('',(1.,0.,0.));
#12413 = PCURVE('',#11573,#12414);
#12414 = DEFINITIONAL_REPRESENTATION('',(#12415),#12419);
#12415 = LINE('',#12416,#12417);
#12416 = CARTESIAN_POINT('',(0.,0.));
#12417 = VECTOR('',#12418,1.);
#12418 = DIRECTION('',(1.,0.));
#12419 = ( GEOMETRIC_REPRESENTATION_CONTEXT(2) 
PARAMETRIC_REPRESENTATION_CONTEXT() REPRESENTATION_CONTEXT('2D SPACE',''
  ) );
#12420 = PCURVE('',#11547,#12421);
#12421 = DEFINITIONAL_REPRESENTATION('',(#12422),#12426);
#12422 = LINE('',#12423,#12424);
#12423 = CARTESIAN_POINT('',(0.,0.));
#12424 = VECTOR('',#12425,1.);
#12425 = DIRECTION('',(0.,1.));
#12426 = ( GEOMETRIC_REPRESENTATION_CONTEXT(2) 
PARAMETRIC_REPRESENTATION_CONTEXT() REPRESENTATION_CONTEXT('2D SPACE',''
  ) );
#12427 = ORIENTED_EDGE('',*,*,#11558,.T.);
#12428 = ADVANCED_FACE('',(#12429),#11547,.F.);
#12429 = FACE_BOUND('',#12430,.F.);
#12430 = EDGE_LOOP('',(#12431,#12432,#12455,#12476,#12477));
#12431 = ORIENTED_EDGE('',*,*,#12407,.F.);
#12432 = ORIENTED_EDGE('',*,*,#12433,.T.);
#12433 = EDGE_CURVE('',#12385,#12434,#12436,.T.);
#12434 = VERTEX_POINT('',#12435);
#12435 = CARTESIAN_POINT('',(-23.5,-6.,5.339683077967));
#12436 = SURFACE_CURVE('',#12437,(#12441,#12448),.PCURVE_S1.);
#12437 = LINE('',#12438,#12439);
#12438 = CARTESIAN_POINT('',(-23.5,-6.,0.139683077967));
#12439 = VECTOR('',#12440,1.);
#12440 = DIRECTION('',(0.,0.,1.));
#12441 = PCURVE('',#11547,#12442);
#12442 = DEFINITIONAL_REPRESENTATION('',(#12443),#12447);
#12443 = LINE('',#12444,#12445);
#12444 = CARTESIAN_POINT('',(0.,0.));
#12445 = VECTOR('',#12446,1.);
#12446 = DIRECTION('',(1.,0.));
#12447 = ( GEOMETRIC_REPRESENTATION_CONTEXT(2) 
PARAMETRIC_REPRESENTATION_CONTEXT() REPRESENTATION_CONTEXT('2D SPACE',''
  ) );
#12448 = PCURVE('',#12345,#12449);
#12449 = DEFINITIONAL_REPRESENTATION('',(#12450),#12454);
#12450 = LINE('',#12451,#12452);
#12451 = CARTESIAN_POINT('',(0.,0.));
#12452 = VECTOR('',#12453,1.);
#12453 = DIRECTION('',(1.,0.));
#12454 = ( GEOMETRIC_REPRESENTATION_CONTEXT(2) 
PARAMETRIC_REPRESENTATION_CONTEXT() REPRESENTATION_CONTEXT('2D SPACE',''
  ) );
#12455 = ORIENTED_EDGE('',*,*,#12456,.T.);
#12456 = EDGE_CURVE('',#12434,#12174,#12457,.T.);
#12457 = SURFACE_CURVE('',#12458,(#12462,#12469),.PCURVE_S1.);
#12458 = LINE('',#12459,#12460);
#12459 = CARTESIAN_POINT('',(-23.5,-6.,5.339683077967));
#12460 = VECTOR('',#12461,1.);
#12461 = DIRECTION('',(1.,0.,0.));
#12462 = PCURVE('',#11547,#12463);
#12463 = DEFINITIONAL_REPRESENTATION('',(#12464),#12468);
#12464 = LINE('',#12465,#12466);
#12465 = CARTESIAN_POINT('',(5.2,0.));
#12466 = VECTOR('',#12467,1.);
#12467 = DIRECTION('',(0.,1.));
#12468 = ( GEOMETRIC_REPRESENTATION_CONTEXT(2) 
PARAMETRIC_REPRESENTATION_CONTEXT() REPRESENTATION_CONTEXT('2D SPACE',''
  ) );
#12469 = PCURVE('',#12291,#12470);
#12470 = DEFINITIONAL_REPRESENTATION('',(#12471),#12475);
#12471 = LINE('',#12472,#12473);
#12472 = CARTESIAN_POINT('',(0.,0.));
#12473 = VECTOR('',#12474,1.);
#12474 = DIRECTION('',(1.,0.));
#12475 = ( GEOMETRIC_REPRESENTATION_CONTEXT(2) 
PARAMETRIC_REPRESENTATION_CONTEXT() REPRESENTATION_CONTEXT('2D SPACE',''
  ) );
#12476 = ORIENTED_EDGE('',*,*,#12173,.F.);
#12477 = ORIENTED_EDGE('',*,*,#11532,.T.);
#12478 = ADVANCED_FACE('',(#12479),#11837,.T.);
#12479 = FACE_BOUND('',#12480,.T.);
#12480 = EDGE_LOOP('',(#12481,#12502,#12503,#12504));
#12481 = ORIENTED_EDGE('',*,*,#12482,.F.);
#12482 = EDGE_CURVE('',#11795,#11947,#12483,.T.);
#12483 = SURFACE_CURVE('',#12484,(#12488,#12495),.PCURVE_S1.);
#12484 = LINE('',#12485,#12486);
#12485 = CARTESIAN_POINT('',(23.5,-6.,5.339683077967));
#12486 = VECTOR('',#12487,1.);
#12487 = DIRECTION('',(0.,1.,0.));
#12488 = PCURVE('',#11837,#12489);
#12489 = DEFINITIONAL_REPRESENTATION('',(#12490),#12494);
#12490 = LINE('',#12491,#12492);
#12491 = CARTESIAN_POINT('',(5.2,0.));
#12492 = VECTOR('',#12493,1.);
#12493 = DIRECTION('',(0.,-1.));
#12494 = ( GEOMETRIC_REPRESENTATION_CONTEXT(2) 
PARAMETRIC_REPRESENTATION_CONTEXT() REPRESENTATION_CONTEXT('2D SPACE',''
  ) );
#12495 = PCURVE('',#11809,#12496);
#12496 = DEFINITIONAL_REPRESENTATION('',(#12497),#12501);
#12497 = LINE('',#12498,#12499);
#12498 = CARTESIAN_POINT('',(5.,0.));
#12499 = VECTOR('',#12500,1.);
#12500 = DIRECTION('',(0.,1.));
#12501 = ( GEOMETRIC_REPRESENTATION_CONTEXT(2) 
PARAMETRIC_REPRESENTATION_CONTEXT() REPRESENTATION_CONTEXT('2D SPACE',''
  ) );
#12502 = ORIENTED_EDGE('',*,*,#11820,.F.);
#12503 = ORIENTED_EDGE('',*,*,#11897,.T.);
#12504 = ORIENTED_EDGE('',*,*,#11969,.T.);
#12505 = ADVANCED_FACE('',(#12506),#11809,.T.);
#12506 = FACE_BOUND('',#12507,.T.);
#12507 = EDGE_LOOP('',(#12508,#12509,#12510,#12511));
#12508 = ORIENTED_EDGE('',*,*,#11996,.F.);
#12509 = ORIENTED_EDGE('',*,*,#11794,.T.);
#12510 = ORIENTED_EDGE('',*,*,#12482,.T.);
#12511 = ORIENTED_EDGE('',*,*,#11946,.F.);
#12512 = ADVANCED_FACE('',(#12513),#11713,.T.);
#12513 = FACE_BOUND('',#12514,.T.);
#12514 = EDGE_LOOP('',(#12515,#12516,#12517,#12538));
#12515 = ORIENTED_EDGE('',*,*,#12050,.F.);
#12516 = ORIENTED_EDGE('',*,*,#12099,.T.);
#12517 = ORIENTED_EDGE('',*,*,#12518,.T.);
#12518 = EDGE_CURVE('',#12100,#11670,#12519,.T.);
#12519 = SURFACE_CURVE('',#12520,(#12524,#12531),.PCURVE_S1.);
#12520 = LINE('',#12521,#12522);
#12521 = CARTESIAN_POINT('',(23.5,-6.,5.339683077967));
#12522 = VECTOR('',#12523,1.);
#12523 = DIRECTION('',(0.,1.,0.));
#12524 = PCURVE('',#11713,#12525);
#12525 = DEFINITIONAL_REPRESENTATION('',(#12526),#12530);
#12526 = LINE('',#12527,#12528);
#12527 = CARTESIAN_POINT('',(5.,0.));
#12528 = VECTOR('',#12529,1.);
#12529 = DIRECTION('',(0.,1.));
#12530 = ( GEOMETRIC_REPRESENTATION_CONTEXT(2) 
PARAMETRIC_REPRESENTATION_CONTEXT() REPRESENTATION_CONTEXT('2D SPACE',''
  ) );
#12531 = PCURVE('',#11686,#12532);
#12532 = DEFINITIONAL_REPRESENTATION('',(#12533),#12537);
#12533 = LINE('',#12534,#12535);
#12534 = CARTESIAN_POINT('',(5.2,0.));
#12535 = VECTOR('',#12536,1.);
#12536 = DIRECTION('',(0.,-1.));
#12537 = ( GEOMETRIC_REPRESENTATION_CONTEXT(2) 
PARAMETRIC_REPRESENTATION_CONTEXT() REPRESENTATION_CONTEXT('2D SPACE',''
  ) );
#12538 = ORIENTED_EDGE('',*,*,#11698,.F.);
#12539 = ADVANCED_FACE('',(#12540),#11686,.T.);
#12540 = FACE_BOUND('',#12541,.T.);
#12541 = EDGE_LOOP('',(#12542,#12543,#12544,#12545));
#12542 = ORIENTED_EDGE('',*,*,#12518,.F.);
#12543 = ORIENTED_EDGE('',*,*,#12122,.F.);
#12544 = ORIENTED_EDGE('',*,*,#12149,.T.);
#12545 = ORIENTED_EDGE('',*,*,#11669,.F.);
#12546 = ADVANCED_FACE('',(#12547),#12291,.T.);
#12547 = FACE_BOUND('',#12548,.T.);
#12548 = EDGE_LOOP('',(#12549,#12572,#12573,#12574));
#12549 = ORIENTED_EDGE('',*,*,#12550,.F.);
#12550 = EDGE_CURVE('',#12434,#12551,#12553,.T.);
#12551 = VERTEX_POINT('',#12552);
#12552 = CARTESIAN_POINT('',(-23.5,-2.470342241389,5.339683077967));
#12553 = SURFACE_CURVE('',#12554,(#12558,#12565),.PCURVE_S1.);
#12554 = LINE('',#12555,#12556);
#12555 = CARTESIAN_POINT('',(-23.5,-6.,5.339683077967));
#12556 = VECTOR('',#12557,1.);
#12557 = DIRECTION('',(0.,1.,0.));
#12558 = PCURVE('',#12291,#12559);
#12559 = DEFINITIONAL_REPRESENTATION('',(#12560),#12564);
#12560 = LINE('',#12561,#12562);
#12561 = CARTESIAN_POINT('',(0.,0.));
#12562 = VECTOR('',#12563,1.);
#12563 = DIRECTION('',(0.,1.));
#12564 = ( GEOMETRIC_REPRESENTATION_CONTEXT(2) 
PARAMETRIC_REPRESENTATION_CONTEXT() REPRESENTATION_CONTEXT('2D SPACE',''
  ) );
#12565 = PCURVE('',#12345,#12566);
#12566 = DEFINITIONAL_REPRESENTATION('',(#12567),#12571);
#12567 = LINE('',#12568,#12569);
#12568 = CARTESIAN_POINT('',(5.2,0.));
#12569 = VECTOR('',#12570,1.);
#12570 = DIRECTION('',(0.,-1.));
#12571 = ( GEOMETRIC_REPRESENTATION_CONTEXT(2) 
PARAMETRIC_REPRESENTATION_CONTEXT() REPRESENTATION_CONTEXT('2D SPACE',''
  ) );
#12572 = ORIENTED_EDGE('',*,*,#12456,.T.);
#12573 = ORIENTED_EDGE('',*,*,#12277,.T.);
#12574 = ORIENTED_EDGE('',*,*,#12575,.F.);
#12575 = EDGE_CURVE('',#12551,#12249,#12576,.T.);
#12576 = SURFACE_CURVE('',#12577,(#12581,#12587),.PCURVE_S1.);
#12577 = LINE('',#12578,#12579);
#12578 = CARTESIAN_POINT('',(-24.2,-2.470342241389,5.339683077967));
#12579 = VECTOR('',#12580,1.);
#12580 = DIRECTION('',(1.,0.,0.));
#12581 = PCURVE('',#12291,#12582);
#12582 = DEFINITIONAL_REPRESENTATION('',(#12583),#12586);
#12583 = B_SPLINE_CURVE_WITH_KNOTS('',1,(#12584,#12585),.UNSPECIFIED.,
  .F.,.F.,(2,2),(0.2,6.2),.PIECEWISE_BEZIER_KNOTS.);
#12584 = CARTESIAN_POINT('',(-0.5,3.529657758611));
#12585 = CARTESIAN_POINT('',(5.5,3.529657758611));
#12586 = ( GEOMETRIC_REPRESENTATION_CONTEXT(2) 
PARAMETRIC_REPRESENTATION_CONTEXT() REPRESENTATION_CONTEXT('2D SPACE',''
  ) );
#12587 = PCURVE('',#12265,#12588);
#12588 = DEFINITIONAL_REPRESENTATION('',(#12589),#12592);
#12589 = B_SPLINE_CURVE_WITH_KNOTS('',1,(#12590,#12591),.UNSPECIFIED.,
  .F.,.F.,(2,2),(0.2,6.2),.PIECEWISE_BEZIER_KNOTS.);
#12590 = CARTESIAN_POINT('',(1.155363122159,0.2));
#12591 = CARTESIAN_POINT('',(1.155363122159,6.2));
#12592 = ( GEOMETRIC_REPRESENTATION_CONTEXT(2) 
PARAMETRIC_REPRESENTATION_CONTEXT() REPRESENTATION_CONTEXT('2D SPACE',''
  ) );
#12593 = ADVANCED_FACE('',(#12594),#12265,.F.);
#12594 = FACE_BOUND('',#12595,.F.);
#12595 = EDGE_LOOP('',(#12596,#12597,#12598,#12622));
#12596 = ORIENTED_EDGE('',*,*,#12248,.F.);
#12597 = ORIENTED_EDGE('',*,*,#12575,.F.);
#12598 = ORIENTED_EDGE('',*,*,#12599,.T.);
#12599 = EDGE_CURVE('',#12551,#12600,#12602,.T.);
#12600 = VERTEX_POINT('',#12601);
#12601 = CARTESIAN_POINT('',(-23.5,2.470342241389,5.339683077967));
#12602 = SURFACE_CURVE('',#12603,(#12608,#12615),.PCURVE_S1.);
#12603 = CIRCLE('',#12604,2.7);
#12604 = AXIS2_PLACEMENT_3D('',#12605,#12606,#12607);
#12605 = CARTESIAN_POINT('',(-23.5,0.,4.25));
#12606 = DIRECTION('',(1.,0.,0.));
#12607 = DIRECTION('',(-0.,0.,1.));
#12608 = PCURVE('',#12265,#12609);
#12609 = DEFINITIONAL_REPRESENTATION('',(#12610),#12614);
#12610 = LINE('',#12611,#12612);
#12611 = CARTESIAN_POINT('',(0.,0.7));
#12612 = VECTOR('',#12613,1.);
#12613 = DIRECTION('',(1.,0.));
#12614 = ( GEOMETRIC_REPRESENTATION_CONTEXT(2) 
PARAMETRIC_REPRESENTATION_CONTEXT() REPRESENTATION_CONTEXT('2D SPACE',''
  ) );
#12615 = PCURVE('',#12345,#12616);
#12616 = DEFINITIONAL_REPRESENTATION('',(#12617),#12621);
#12617 = CIRCLE('',#12618,2.7);
#12618 = AXIS2_PLACEMENT_2D('',#12619,#12620);
#12619 = CARTESIAN_POINT('',(4.110316922033,-6.));
#12620 = DIRECTION('',(1.,0.));
#12621 = ( GEOMETRIC_REPRESENTATION_CONTEXT(2) 
PARAMETRIC_REPRESENTATION_CONTEXT() REPRESENTATION_CONTEXT('2D SPACE',''
  ) );
#12622 = ORIENTED_EDGE('',*,*,#12623,.T.);
#12623 = EDGE_CURVE('',#12600,#12221,#12624,.T.);
#12624 = SURFACE_CURVE('',#12625,(#12629,#12635),.PCURVE_S1.);
#12625 = LINE('',#12626,#12627);
#12626 = CARTESIAN_POINT('',(-24.2,2.470342241389,5.339683077967));
#12627 = VECTOR('',#12628,1.);
#12628 = DIRECTION('',(1.,0.,0.));
#12629 = PCURVE('',#12265,#12630);
#12630 = DEFINITIONAL_REPRESENTATION('',(#12631),#12634);
#12631 = B_SPLINE_CURVE_WITH_KNOTS('',1,(#12632,#12633),.UNSPECIFIED.,
  .F.,.F.,(2,2),(0.2,6.2),.PIECEWISE_BEZIER_KNOTS.);
#12632 = CARTESIAN_POINT('',(5.12782218502,0.2));
#12633 = CARTESIAN_POINT('',(5.12782218502,6.2));
#12634 = ( GEOMETRIC_REPRESENTATION_CONTEXT(2) 
PARAMETRIC_REPRESENTATION_CONTEXT() REPRESENTATION_CONTEXT('2D SPACE',''
  ) );
#12635 = PCURVE('',#12236,#12636);
#12636 = DEFINITIONAL_REPRESENTATION('',(#12637),#12640);
#12637 = B_SPLINE_CURVE_WITH_KNOTS('',1,(#12638,#12639),.UNSPECIFIED.,
  .F.,.F.,(2,2),(0.2,6.2),.PIECEWISE_BEZIER_KNOTS.);
#12638 = CARTESIAN_POINT('',(-0.5,8.470342241389));
#12639 = CARTESIAN_POINT('',(5.5,8.470342241389));
#12640 = ( GEOMETRIC_REPRESENTATION_CONTEXT(2) 
PARAMETRIC_REPRESENTATION_CONTEXT() REPRESENTATION_CONTEXT('2D SPACE',''
  ) );
#12641 = ADVANCED_FACE('',(#12642),#12236,.T.);
#12642 = FACE_BOUND('',#12643,.T.);
#12643 = EDGE_LOOP('',(#12644,#12665,#12666,#12667));
#12644 = ORIENTED_EDGE('',*,*,#12645,.F.);
#12645 = EDGE_CURVE('',#12600,#12330,#12646,.T.);
#12646 = SURFACE_CURVE('',#12647,(#12651,#12658),.PCURVE_S1.);
#12647 = LINE('',#12648,#12649);
#12648 = CARTESIAN_POINT('',(-23.5,-6.,5.339683077967));
#12649 = VECTOR('',#12650,1.);
#12650 = DIRECTION('',(0.,1.,0.));
#12651 = PCURVE('',#12236,#12652);
#12652 = DEFINITIONAL_REPRESENTATION('',(#12653),#12657);
#12653 = LINE('',#12654,#12655);
#12654 = CARTESIAN_POINT('',(0.,0.));
#12655 = VECTOR('',#12656,1.);
#12656 = DIRECTION('',(0.,1.));
#12657 = ( GEOMETRIC_REPRESENTATION_CONTEXT(2) 
PARAMETRIC_REPRESENTATION_CONTEXT() REPRESENTATION_CONTEXT('2D SPACE',''
  ) );
#12658 = PCURVE('',#12345,#12659);
#12659 = DEFINITIONAL_REPRESENTATION('',(#12660),#12664);
#12660 = LINE('',#12661,#12662);
#12661 = CARTESIAN_POINT('',(5.2,0.));
#12662 = VECTOR('',#12663,1.);
#12663 = DIRECTION('',(0.,-1.));
#12664 = ( GEOMETRIC_REPRESENTATION_CONTEXT(2) 
PARAMETRIC_REPRESENTATION_CONTEXT() REPRESENTATION_CONTEXT('2D SPACE',''
  ) );
#12665 = ORIENTED_EDGE('',*,*,#12623,.T.);
#12666 = ORIENTED_EDGE('',*,*,#12220,.T.);
#12667 = ORIENTED_EDGE('',*,*,#12357,.F.);
#12668 = ADVANCED_FACE('',(#12669),#12345,.F.);
#12669 = FACE_BOUND('',#12670,.F.);
#12670 = EDGE_LOOP('',(#12671,#12672,#12673,#12674,#12675,#12676));
#12671 = ORIENTED_EDGE('',*,*,#12550,.F.);
#12672 = ORIENTED_EDGE('',*,*,#12433,.F.);
#12673 = ORIENTED_EDGE('',*,*,#12384,.T.);
#12674 = ORIENTED_EDGE('',*,*,#12329,.T.);
#12675 = ORIENTED_EDGE('',*,*,#12645,.F.);
#12676 = ORIENTED_EDGE('',*,*,#12599,.F.);
#12677 = ( GEOMETRIC_REPRESENTATION_CONTEXT(3) 
GLOBAL_UNCERTAINTY_ASSIGNED_CONTEXT((#12681)) 
GLOBAL_UNIT_ASSIGNED_CONTEXT((#12678,#12679,#12680)) 
REPRESENTATION_CONTEXT('Context #1',
  '3D Context with UNIT and UNCERTAINTY') );
#12678 = ( LENGTH_UNIT() NAMED_UNIT(*) SI_UNIT(.MILLI.,.METRE.) );
#12679 = ( NAMED_UNIT(*) PLANE_ANGLE_UNIT() SI_UNIT($,.RADIAN.) );
#12680 = ( NAMED_UNIT(*) SI_UNIT($,.STERADIAN.) SOLID_ANGLE_UNIT() );
#12681 = UNCERTAINTY_MEASURE_WITH_UNIT(LENGTH_MEASURE(1.E-07),#12678,
  'distance_accuracy_value','confusion accuracy');
#12682 = PRODUCT_RELATED_PRODUCT_CATEGORY('part',$,(#7));
ENDSEC;
END-ISO-10303-21;
