ISO-10303-21;
HEADER;
FILE_DESCRIPTION(('Open CASCADE Model'),'2;1');
FILE_NAME('Open CASCADE Shape Model','2026-07-30T15:14:03',('Author'),(
    'Open CASCADE'),'Open CASCADE STEP processor 7.9','Open CASCADE 7.9'
  ,'Unknown');
FILE_SCHEMA(('AUTOMOTIVE_DESIGN { 1 0 10303 214 1 1 1 1 }'));
ENDSEC;
DATA;
#1 = APPLICATION_PROTOCOL_DEFINITION('international standard',
  'automotive_design',2000,#2);
#2 = APPLICATION_CONTEXT(
  'core data for automotive mechanical design processes');
#3 = SHAPE_DEFINITION_REPRESENTATION(#4,#10);
#4 = PRODUCT_DEFINITION_SHAPE('','',#5);
#5 = PRODUCT_DEFINITION('design','',#6,#9);
#6 = PRODUCT_DEFINITION_FORMATION('','',#7);
#7 = PRODUCT('Open CASCADE STEP translator 7.9 19',
  'Open CASCADE STEP translator 7.9 19','',(#8));
#8 = PRODUCT_CONTEXT('',#2,'mechanical');
#9 = PRODUCT_DEFINITION_CONTEXT('part definition',#2,'design');
#10 = SHAPE_REPRESENTATION('',(#11,#15,#19,#23,#27,#31,#35,#39,#43,#47,
    #51,#55,#59),#63);
#11 = AXIS2_PLACEMENT_3D('',#12,#13,#14);
#12 = CARTESIAN_POINT('',(0.,0.,0.));
#13 = DIRECTION('',(0.,0.,1.));
#14 = DIRECTION('',(1.,0.,-0.));
#15 = AXIS2_PLACEMENT_3D('',#16,#17,#18);
#16 = CARTESIAN_POINT('',(0.,0.,0.));
#17 = DIRECTION('',(0.,0.,1.));
#18 = DIRECTION('',(1.,0.,-0.));
#19 = AXIS2_PLACEMENT_3D('',#20,#21,#22);
#20 = CARTESIAN_POINT('',(0.,0.,0.));
#21 = DIRECTION('',(0.,0.,1.));
#22 = DIRECTION('',(1.,0.,-0.));
#23 = AXIS2_PLACEMENT_3D('',#24,#25,#26);
#24 = CARTESIAN_POINT('',(0.,0.,0.));
#25 = DIRECTION('',(0.,0.,1.));
#26 = DIRECTION('',(1.,0.,-0.));
#27 = AXIS2_PLACEMENT_3D('',#28,#29,#30);
#28 = CARTESIAN_POINT('',(0.,0.,0.));
#29 = DIRECTION('',(0.,0.,1.));
#30 = DIRECTION('',(1.,0.,-0.));
#31 = AXIS2_PLACEMENT_3D('',#32,#33,#34);
#32 = CARTESIAN_POINT('',(0.,0.,0.));
#33 = DIRECTION('',(0.,0.,1.));
#34 = DIRECTION('',(1.,0.,-0.));
#35 = AXIS2_PLACEMENT_3D('',#36,#37,#38);
#36 = CARTESIAN_POINT('',(0.,0.,0.));
#37 = DIRECTION('',(0.,0.,1.));
#38 = DIRECTION('',(1.,0.,-0.));
#39 = AXIS2_PLACEMENT_3D('',#40,#41,#42);
#40 = CARTESIAN_POINT('',(0.,0.,0.));
#41 = DIRECTION('',(0.,0.,1.));
#42 = DIRECTION('',(1.,0.,-0.));
#43 = AXIS2_PLACEMENT_3D('',#44,#45,#46);
#44 = CARTESIAN_POINT('',(0.,0.,0.));
#45 = DIRECTION('',(0.,0.,1.));
#46 = DIRECTION('',(1.,0.,-0.));
#47 = AXIS2_PLACEMENT_3D('',#48,#49,#50);
#48 = CARTESIAN_POINT('',(0.,0.,0.));
#49 = DIRECTION('',(0.,0.,1.));
#50 = DIRECTION('',(1.,0.,-0.));
#51 = AXIS2_PLACEMENT_3D('',#52,#53,#54);
#52 = CARTESIAN_POINT('',(0.,0.,0.));
#53 = DIRECTION('',(0.,0.,1.));
#54 = DIRECTION('',(1.,0.,-0.));
#55 = AXIS2_PLACEMENT_3D('',#56,#57,#58);
#56 = CARTESIAN_POINT('',(0.,0.,0.));
#57 = DIRECTION('',(0.,0.,1.));
#58 = DIRECTION('',(1.,0.,-0.));
#59 = AXIS2_PLACEMENT_3D('',#60,#61,#62);
#60 = CARTESIAN_POINT('',(0.,0.,0.));
#61 = DIRECTION('',(0.,0.,1.));
#62 = DIRECTION('',(1.,0.,-0.));
#63 = ( GEOMETRIC_REPRESENTATION_CONTEXT(3) 
GLOBAL_UNCERTAINTY_ASSIGNED_CONTEXT((#67)) GLOBAL_UNIT_ASSIGNED_CONTEXT(
(#64,#65,#66)) REPRESENTATION_CONTEXT('Context #1',
  '3D Context with UNIT and UNCERTAINTY') );
#64 = ( LENGTH_UNIT() NAMED_UNIT(*) SI_UNIT(.MILLI.,.METRE.) );
#65 = ( NAMED_UNIT(*) PLANE_ANGLE_UNIT() SI_UNIT($,.RADIAN.) );
#66 = ( NAMED_UNIT(*) SI_UNIT($,.STERADIAN.) SOLID_ANGLE_UNIT() );
#67 = UNCERTAINTY_MEASURE_WITH_UNIT(LENGTH_MEASURE(1.E-07),#64,
  'distance_accuracy_value','confusion accuracy');
#68 = PRODUCT_RELATED_PRODUCT_CATEGORY('part',$,(#7));
#69 = SHAPE_DEFINITION_REPRESENTATION(#70,#76);
#70 = PRODUCT_DEFINITION_SHAPE('','',#71);
#71 = PRODUCT_DEFINITION('design','',#72,#75);
#72 = PRODUCT_DEFINITION_FORMATION('','',#73);
#73 = PRODUCT('Open CASCADE STEP translator 7.9 19.1',
  'Open CASCADE STEP translator 7.9 19.1','',(#74));
#74 = PRODUCT_CONTEXT('',#2,'mechanical');
#75 = PRODUCT_DEFINITION_CONTEXT('part definition',#2,'design');
#76 = ADVANCED_BREP_SHAPE_REPRESENTATION('',(#11,#77),#7405);
#77 = MANIFOLD_SOLID_BREP('',#78);
#78 = CLOSED_SHELL('',(#79,#1265,#1300,#2330,#2429,#2500,#2548,#2620,
    #2691,#2741,#2767,#2873,#2944,#2994,#3041,#3068,#3095,#3122,#3149,
    #3176,#3203,#3230,#3257,#3284,#3363,#3439,#3515,#3591,#3667,#3743,
    #3819,#3895,#3971,#4047,#4123,#4199,#4275,#4351,#4427,#4503,#4579,
    #4655,#4731,#4807,#4878,#4977,#5053,#5129,#5205,#5281,#5357,#5433,
    #5509,#5585,#5661,#5737,#5813,#5889,#5965,#6041,#6117,#6193,#6269,
    #6345,#6421,#6497,#6573,#6644,#6693,#6719,#6790,#6797,#6828,#6973,
    #6999,#7026,#7054,#7125,#7155,#7182,#7209,#7236,#7263,#7290,#7317,
    #7344,#7371,#7398));
#79 = ADVANCED_FACE('',(#80),#94,.T.);
#80 = FACE_BOUND('',#81,.F.);
#81 = EDGE_LOOP('',(#82,#112,#139,#140,#172,#204,#236,#268,#300,#332,
    #364,#396,#428,#460,#492,#526,#558,#584,#616,#650,#683,#706,#733,
    #734,#767,#796,#828,#854,#886,#915,#947,#979,#1011,#1043,#1075,#1107
    ,#1139,#1171,#1203,#1235));
#82 = ORIENTED_EDGE('',*,*,#83,.F.);
#83 = EDGE_CURVE('',#84,#86,#88,.T.);
#84 = VERTEX_POINT('',#85);
#85 = CARTESIAN_POINT('',(100.,0.,0.));
#86 = VERTEX_POINT('',#87);
#87 = CARTESIAN_POINT('',(100.,-4.041334437186E-15,11.639035643013));
#88 = SEAM_CURVE('',#89,(#93,#105),.PCURVE_S1.);
#89 = LINE('',#90,#91);
#90 = CARTESIAN_POINT('',(100.,0.,0.));
#91 = VECTOR('',#92,1.);
#92 = DIRECTION('',(0.,0.,1.));
#93 = PCURVE('',#94,#99);
#94 = CYLINDRICAL_SURFACE('',#95,100.);
#95 = AXIS2_PLACEMENT_3D('',#96,#97,#98);
#96 = CARTESIAN_POINT('',(0.,0.,0.));
#97 = DIRECTION('',(-0.,-0.,-1.));
#98 = DIRECTION('',(1.,0.,0.));
#99 = DEFINITIONAL_REPRESENTATION('',(#100),#104);
#100 = LINE('',#101,#102);
#101 = CARTESIAN_POINT('',(-6.28318530718,0.));
#102 = VECTOR('',#103,1.);
#103 = DIRECTION('',(-0.,-1.));
#104 = ( GEOMETRIC_REPRESENTATION_CONTEXT(2) 
PARAMETRIC_REPRESENTATION_CONTEXT() REPRESENTATION_CONTEXT('2D SPACE',''
  ) );
#105 = PCURVE('',#94,#106);
#106 = DEFINITIONAL_REPRESENTATION('',(#107),#111);
#107 = LINE('',#108,#109);
#108 = CARTESIAN_POINT('',(-0.,0.));
#109 = VECTOR('',#110,1.);
#110 = DIRECTION('',(-0.,-1.));
#111 = ( GEOMETRIC_REPRESENTATION_CONTEXT(2) 
PARAMETRIC_REPRESENTATION_CONTEXT() REPRESENTATION_CONTEXT('2D SPACE',''
  ) );
#112 = ORIENTED_EDGE('',*,*,#113,.F.);
#113 = EDGE_CURVE('',#84,#84,#114,.T.);
#114 = SURFACE_CURVE('',#115,(#120,#127),.PCURVE_S1.);
#115 = CIRCLE('',#116,100.);
#116 = AXIS2_PLACEMENT_3D('',#117,#118,#119);
#117 = CARTESIAN_POINT('',(0.,0.,0.));
#118 = DIRECTION('',(0.,0.,1.));
#119 = DIRECTION('',(1.,0.,0.));
#120 = PCURVE('',#94,#121);
#121 = DEFINITIONAL_REPRESENTATION('',(#122),#126);
#122 = LINE('',#123,#124);
#123 = CARTESIAN_POINT('',(-0.,0.));
#124 = VECTOR('',#125,1.);
#125 = DIRECTION('',(-1.,0.));
#126 = ( GEOMETRIC_REPRESENTATION_CONTEXT(2) 
PARAMETRIC_REPRESENTATION_CONTEXT() REPRESENTATION_CONTEXT('2D SPACE',''
  ) );
#127 = PCURVE('',#128,#133);
#128 = PLANE('',#129);
#129 = AXIS2_PLACEMENT_3D('',#130,#131,#132);
#130 = CARTESIAN_POINT('',(-7.001293478602E-15,-4.082155997158E-15,0.));
#131 = DIRECTION('',(0.,0.,1.));
#132 = DIRECTION('',(1.,0.,-0.));
#133 = DEFINITIONAL_REPRESENTATION('',(#134),#138);
#134 = CIRCLE('',#135,100.);
#135 = AXIS2_PLACEMENT_2D('',#136,#137);
#136 = CARTESIAN_POINT('',(7.001293478602E-15,4.082155997158E-15));
#137 = DIRECTION('',(1.,0.));
#138 = ( GEOMETRIC_REPRESENTATION_CONTEXT(2) 
PARAMETRIC_REPRESENTATION_CONTEXT() REPRESENTATION_CONTEXT('2D SPACE',''
  ) );
#139 = ORIENTED_EDGE('',*,*,#83,.T.);
#140 = ORIENTED_EDGE('',*,*,#141,.T.);
#141 = EDGE_CURVE('',#86,#142,#144,.T.);
#142 = VERTEX_POINT('',#143);
#143 = CARTESIAN_POINT('',(99.834944783116,5.743152457682,
    11.977408697497));
#144 = SURFACE_CURVE('',#145,(#150,#160),.PCURVE_S1.);
#145 = ELLIPSE('',#146,112.47343802787,100.);
#146 = AXIS2_PLACEMENT_3D('',#147,#148,#149);
#147 = CARTESIAN_POINT('',(0.,0.,-39.31350930643));
#148 = DIRECTION('',(-0.453018471231,-6.540312923014E-02,0.889098810825)
  );
#149 = DIRECTION('',(-0.879975337631,-0.127043695525,-0.457715309542));
#150 = PCURVE('',#94,#151);
#151 = DEFINITIONAL_REPRESENTATION('',(#152),#159);
#152 = B_SPLINE_CURVE_WITH_KNOTS('',5,(#153,#154,#155,#156,#157,#158),
  .UNSPECIFIED.,.F.,.F.,(6,6),(2.998211470536,3.061428245329),
  .PIECEWISE_BEZIER_KNOTS.);
#153 = CARTESIAN_POINT('',(0.,-11.63903564301));
#154 = CARTESIAN_POINT('',(-1.264335495865E-02,-11.73204161357));
#155 = CARTESIAN_POINT('',(-2.528670991729E-02,-11.81486634704));
#156 = CARTESIAN_POINT('',(-3.793006487594E-02,-11.88747886898));
#157 = CARTESIAN_POINT('',(-5.057341983459E-02,-11.94985498918));
#158 = CARTESIAN_POINT('',(-6.321677479323E-02,-12.00197734999));
#159 = ( GEOMETRIC_REPRESENTATION_CONTEXT(2) 
PARAMETRIC_REPRESENTATION_CONTEXT() REPRESENTATION_CONTEXT('2D SPACE',''
  ) );
#160 = PCURVE('',#161,#166);
#161 = PLANE('',#162);
#162 = AXIS2_PLACEMENT_3D('',#163,#164,#165);
#163 = CARTESIAN_POINT('',(96.877310260805,-8.082668874373E-15,
    10.047945750018));
#164 = DIRECTION('',(-0.453018471231,-6.540312923014E-02,0.889098810825)
  );
#165 = DIRECTION('',(-2.969239932372E-02,0.997858923239,
    5.827461484639E-02));
#166 = DEFINITIONAL_REPRESENTATION('',(#167),#171);
#167 = ELLIPSE('',#168,112.47343802787,100.);
#168 = AXIS2_PLACEMENT_2D('',#169,#170);
#169 = CARTESIAN_POINT('',(7.993605777301E-15,108.72794713714));
#170 = DIRECTION('',(-0.127316289474,0.991862169071));
#171 = ( GEOMETRIC_REPRESENTATION_CONTEXT(2) 
PARAMETRIC_REPRESENTATION_CONTEXT() REPRESENTATION_CONTEXT('2D SPACE',''
  ) );
#172 = ORIENTED_EDGE('',*,*,#173,.T.);
#173 = EDGE_CURVE('',#142,#174,#176,.T.);
#174 = VERTEX_POINT('',#175);
#175 = CARTESIAN_POINT('',(99.34944685736,11.388037984511,
    12.990225184575));
#176 = SURFACE_CURVE('',#177,(#182,#192),.PCURVE_S1.);
#177 = ELLIPSE('',#178,114.43139085172,100.);
#178 = AXIS2_PLACEMENT_3D('',#179,#180,#181);
#179 = CARTESIAN_POINT('',(0.,0.,-40.17316401291));
#180 = DIRECTION('',(-0.445267199587,-0.195090322016,0.873886083667));
#181 = DIRECTION('',(-0.800428287525,-0.350701359788,-0.486130756868));
#182 = PCURVE('',#94,#183);
#183 = DEFINITIONAL_REPRESENTATION('',(#184),#191);
#184 = B_SPLINE_CURVE_WITH_KNOTS('',5,(#185,#186,#187,#188,#189,#190),
  .UNSPECIFIED.,.F.,.F.,(6,6),(2.780453180167,2.848455071867),
  .PIECEWISE_BEZIER_KNOTS.);
#185 = CARTESIAN_POINT('',(-5.180981441439E-02,-11.86711996358));
#186 = CARTESIAN_POINT('',(-6.541019275435E-02,-12.13444682756));
#187 = CARTESIAN_POINT('',(-7.901057109431E-02,-12.38974130861));
#188 = CARTESIAN_POINT('',(-9.261094943427E-02,-12.63290039001));
#189 = CARTESIAN_POINT('',(-0.106211327774,-12.86383033315));
#190 = CARTESIAN_POINT('',(-0.119811706114,-13.08244689414));
#191 = ( GEOMETRIC_REPRESENTATION_CONTEXT(2) 
PARAMETRIC_REPRESENTATION_CONTEXT() REPRESENTATION_CONTEXT('2D SPACE',''
  ) );
#192 = PCURVE('',#193,#198);
#193 = PLANE('',#194);
#194 = AXIS2_PLACEMENT_3D('',#195,#196,#197);
#195 = CARTESIAN_POINT('',(96.706416387755,5.743152457682,
    10.383343860594));
#196 = DIRECTION('',(-0.445267199587,-0.195090322016,0.873886083667));
#197 = DIRECTION('',(-8.856915278645E-02,0.980785280403,0.173826749722)
  );
#198 = DEFINITIONAL_REPRESENTATION('',(#199),#203);
#199 = ELLIPSE('',#200,114.43139085172,100.);
#200 = AXIS2_PLACEMENT_2D('',#201,#202);
#201 = CARTESIAN_POINT('',(-5.855667466095,109.11822220694));
#202 = DIRECTION('',(-0.357572005611,0.933885571579));
#203 = ( GEOMETRIC_REPRESENTATION_CONTEXT(2) 
PARAMETRIC_REPRESENTATION_CONTEXT() REPRESENTATION_CONTEXT('2D SPACE',''
  ) );
#204 = ORIENTED_EDGE('',*,*,#205,.T.);
#205 = EDGE_CURVE('',#174,#206,#208,.T.);
#206 = VERTEX_POINT('',#207);
#207 = CARTESIAN_POINT('',(98.572203811159,16.838071024064,
    14.670545054985));
#208 = SURFACE_CURVE('',#209,(#214,#224),.PCURVE_S1.);
#209 = ELLIPSE('',#210,118.52260295411,100.);
#210 = AXIS2_PLACEMENT_3D('',#211,#212,#213);
#211 = CARTESIAN_POINT('',(0.,0.,-41.96944311433));
#212 = DIRECTION('',(-0.429897282708,-0.321439465303,0.843720923331));
#213 = DIRECTION('',(-0.675718032476,-0.505242651656,-0.536782081979));
#214 = PCURVE('',#94,#215);
#215 = DEFINITIONAL_REPRESENTATION('',(#216),#223);
#216 = B_SPLINE_CURVE_WITH_KNOTS('',5,(#217,#218,#219,#220,#221,#222),
  .UNSPECIFIED.,.F.,.F.,(6,6),(2.608201262833,2.674275622385),
  .PIECEWISE_BEZIER_KNOTS.);
#217 = CARTESIAN_POINT('',(-0.10864395066,-12.81365035148));
#218 = CARTESIAN_POINT('',(-0.12185882257,-13.24113053842));
#219 = CARTESIAN_POINT('',(-0.135073694481,-13.65665206654));
#220 = CARTESIAN_POINT('',(-0.148288566392,-14.06005940974));
#221 = CARTESIAN_POINT('',(-0.161503438302,-14.45120574763));
#222 = CARTESIAN_POINT('',(-0.174718310213,-14.82995328581));
#223 = ( GEOMETRIC_REPRESENTATION_CONTEXT(2) 
PARAMETRIC_REPRESENTATION_CONTEXT() REPRESENTATION_CONTEXT('2D SPACE',''
  ) );
#224 = PCURVE('',#225,#230);
#225 = PLANE('',#226);
#226 = AXIS2_PLACEMENT_3D('',#227,#228,#229);
#227 = CARTESIAN_POINT('',(96.196658810151,11.388037984511,
    11.38379943766));
#228 = DIRECTION('',(-0.429897282708,-0.321439465303,0.843720923331));
#229 = DIRECTION('',(-0.145930463489,0.946930129495,0.286404660717));
#230 = DEFINITIONAL_REPRESENTATION('',(#231),#235);
#231 = ELLIPSE('',#232,118.52260295411,100.);
#232 = AXIS2_PLACEMENT_2D('',#233,#234);
#233 = CARTESIAN_POINT('',(-12.02627060835,109.93371585387));
#234 = DIRECTION('',(-0.53355853396,0.845763141097));
#235 = ( GEOMETRIC_REPRESENTATION_CONTEXT(2) 
PARAMETRIC_REPRESENTATION_CONTEXT() REPRESENTATION_CONTEXT('2D SPACE',''
  ) );
#236 = ORIENTED_EDGE('',*,*,#237,.T.);
#237 = EDGE_CURVE('',#206,#238,#240,.T.);
#238 = VERTEX_POINT('',#239);
#239 = CARTESIAN_POINT('',(97.549987186058,22.,17.006672761127));
#240 = SURFACE_CURVE('',#241,(#246,#256),.PCURVE_S1.);
#241 = ELLIPSE('',#242,125.13773533984,100.);
#242 = AXIS2_PLACEMENT_3D('',#243,#244,#245);
#243 = CARTESIAN_POINT('',(0.,0.,-44.87386942132));
#244 = DIRECTION('',(-0.407171704131,-0.442288690219,0.799119464072));
#245 = DIRECTION('',(-0.541240601845,-0.587920512292,-0.601172256629));
#246 = PCURVE('',#94,#247);
#247 = DEFINITIONAL_REPRESENTATION('',(#248),#255);
#248 = B_SPLINE_CURVE_WITH_KNOTS('',5,(#249,#250,#251,#252,#253,#254),
  .UNSPECIFIED.,.F.,.F.,(6,6),(2.478829982134,2.541986900913),
  .PIECEWISE_BEZIER_KNOTS.);
#249 = CARTESIAN_POINT('',(-0.16395231089,-14.42906748312));
#250 = CARTESIAN_POINT('',(-0.176583694646,-15.01375382311));
#251 = CARTESIAN_POINT('',(-0.189215078402,-15.58661279618));
#252 = CARTESIAN_POINT('',(-0.201846462157,-16.14745005201));
#253 = CARTESIAN_POINT('',(-0.214477845913,-16.69607910652));
#254 = CARTESIAN_POINT('',(-0.227109229669,-17.2323217136));
#255 = ( GEOMETRIC_REPRESENTATION_CONTEXT(2) 
PARAMETRIC_REPRESENTATION_CONTEXT() REPRESENTATION_CONTEXT('2D SPACE',''
  ) );
#256 = PCURVE('',#257,#262);
#257 = PLANE('',#258);
#258 = AXIS2_PLACEMENT_3D('',#259,#260,#261);
#259 = CARTESIAN_POINT('',(95.356759621479,16.838071024064,
    13.032194408914));
#260 = DIRECTION('',(-0.407171704131,-0.442288690219,0.799119464072));
#261 = DIRECTION('',(-0.200794863502,0.896872741533,0.39408210856));
#262 = DEFINITIONAL_REPRESENTATION('',(#263),#267);
#263 = ELLIPSE('',#264,125.13773533984,100.);
#264 = AXIS2_PLACEMENT_2D('',#265,#266);
#265 = CARTESIAN_POINT('',(-18.77420312193,111.25229780443));
#266 = DIRECTION('',(-0.655522779393,0.755175400617));
#267 = ( GEOMETRIC_REPRESENTATION_CONTEXT(2) 
PARAMETRIC_REPRESENTATION_CONTEXT() REPRESENTATION_CONTEXT('2D SPACE',''
  ) );
#268 = ORIENTED_EDGE('',*,*,#269,.T.);
#269 = EDGE_CURVE('',#238,#270,#272,.T.);
#270 = VERTEX_POINT('',#271);
#271 = CARTESIAN_POINT('',(96.34592277652,26.785502876384,
    19.981888900101));
#272 = SURFACE_CURVE('',#273,(#278,#288),.PCURVE_S1.);
#273 = ELLIPSE('',#274,134.98102889489,100.);
#274 = AXIS2_PLACEMENT_3D('',#275,#276,#277);
#275 = CARTESIAN_POINT('',(0.,0.,-49.19564547682));
#276 = DIRECTION('',(-0.377479304807,-0.55557023302,0.740844849226));
#277 = DIRECTION('',(-0.416351809428,-0.612782393196,-0.671676193843));
#278 = PCURVE('',#94,#279);
#279 = DEFINITIONAL_REPRESENTATION('',(#280),#287);
#280 = B_SPLINE_CURVE_WITH_KNOTS('',5,(#281,#282,#283,#284,#285,#286),
  .UNSPECIFIED.,.F.,.F.,(6,6),(2.384504704298,2.443729708713),
  .PIECEWISE_BEZIER_KNOTS.);
#281 = CARTESIAN_POINT('',(-0.216911468615,-16.70216384523));
#282 = CARTESIAN_POINT('',(-0.228756469498,-17.43973340729));
#283 = CARTESIAN_POINT('',(-0.240601470381,-18.16574580785));
#284 = CARTESIAN_POINT('',(-0.252446471264,-18.87998545469));
#285 = CARTESIAN_POINT('',(-0.264291472147,-19.58224351448));
#286 = CARTESIAN_POINT('',(-0.27613647303,-20.27231827888));
#287 = ( GEOMETRIC_REPRESENTATION_CONTEXT(2) 
PARAMETRIC_REPRESENTATION_CONTEXT() REPRESENTATION_CONTEXT('2D SPACE',''
  ) );
#288 = PCURVE('',#289,#294);
#289 = PLANE('',#290);
#290 = AXIS2_PLACEMENT_3D('',#291,#292,#293);
#291 = CARTESIAN_POINT('',(94.20108972972,22.,15.300324279375));
#292 = DIRECTION('',(-0.377479304807,-0.55557023302,0.740844849226));
#293 = DIRECTION('',(-0.252223607729,0.831469612303,0.495016702265));
#294 = DEFINITIONAL_REPRESENTATION('',(#295),#299);
#295 = ELLIPSE('',#296,134.98102889489,100.);
#296 = AXIS2_PLACEMENT_2D('',#297,#298);
#297 = CARTESIAN_POINT('',(-26.45917502514,113.21434307563));
#298 = DIRECTION('',(-0.736987117904,0.675906789464));
#299 = ( GEOMETRIC_REPRESENTATION_CONTEXT(2) 
PARAMETRIC_REPRESENTATION_CONTEXT() REPRESENTATION_CONTEXT('2D SPACE',''
  ) );
#300 = ORIENTED_EDGE('',*,*,#301,.T.);
#301 = EDGE_CURVE('',#270,#302,#304,.T.);
#302 = VERTEX_POINT('',#303);
#303 = CARTESIAN_POINT('',(95.036834964134,31.112698372208,
    23.573933496377));
#304 = SURFACE_CURVE('',#305,(#310,#320),.PCURVE_S1.);
#305 = ELLIPSE('',#306,149.27730967021,100.);
#306 = AXIS2_PLACEMENT_3D('',#307,#308,#309);
#307 = CARTESIAN_POINT('',(0.,0.,-55.47254086676));
#308 = DIRECTION('',(-0.341328129921,-0.6593458151,0.669894173608));
#309 = DIRECTION('',(-0.307969148522,-0.594906049215,-0.742456595476));
#310 = PCURVE('',#94,#311);
#311 = DEFINITIONAL_REPRESENTATION('',(#312),#319);
#312 = B_SPLINE_CURVE_WITH_KNOTS('',5,(#313,#314,#315,#316,#317,#318),
  .UNSPECIFIED.,.F.,.F.,(6,6),(2.315162773777,2.369420515379),
  .PIECEWISE_BEZIER_KNOTS.);
#313 = CARTESIAN_POINT('',(-0.266677491411,-19.61674730156));
#314 = CARTESIAN_POINT('',(-0.277529039732,-20.50135244763));
#315 = CARTESIAN_POINT('',(-0.288380588052,-21.37490481651));
#316 = CARTESIAN_POINT('',(-0.299232136373,-22.23718739187));
#317 = CARTESIAN_POINT('',(-0.310083684693,-23.08798858217));
#318 = CARTESIAN_POINT('',(-0.320935233014,-23.927102532));
#319 = ( GEOMETRIC_REPRESENTATION_CONTEXT(2) 
PARAMETRIC_REPRESENTATION_CONTEXT() REPRESENTATION_CONTEXT('2D SPACE',''
  ) );
#320 = PCURVE('',#321,#326);
#321 = PLANE('',#322);
#322 = AXIS2_PLACEMENT_3D('',#323,#324,#325);
#323 = CARTESIAN_POINT('',(92.749422967135,26.785502876384,
    18.149380718117));
#324 = DIRECTION('',(-0.341328129921,-0.6593458151,0.669894173608));
#325 = DIRECTION('',(-0.299336736098,0.751839807479,0.58748142295));
#326 = DEFINITIONAL_REPRESENTATION('',(#327),#331);
#327 = ELLIPSE('',#328,149.27730967021,100.);
#328 = AXIS2_PLACEMENT_2D('',#329,#330);
#329 = CARTESIAN_POINT('',(-35.62660903284,116.06399395053));
#330 = DIRECTION('',(-0.791267026962,0.611470761397));
#331 = ( GEOMETRIC_REPRESENTATION_CONTEXT(2) 
PARAMETRIC_REPRESENTATION_CONTEXT() REPRESENTATION_CONTEXT('2D SPACE',''
  ) );
#332 = ORIENTED_EDGE('',*,*,#333,.T.);
#333 = EDGE_CURVE('',#302,#334,#336,.T.);
#334 = VERTEX_POINT('',#335);
#335 = CARTESIAN_POINT('',(93.709461445154,34.907546972814,
    27.754127947809));
#336 = SURFACE_CURVE('',#337,(#342,#352),.PCURVE_S1.);
#337 = ELLIPSE('',#338,170.21814834208,100.);
#338 = AXIS2_PLACEMENT_3D('',#339,#340,#341);
#339 = CARTESIAN_POINT('',(0.,0.,-64.66678206745));
#340 = DIRECTION('',(-0.299336736098,-0.751839807479,0.58748142295));
#341 = DIRECTION('',(-0.217309181293,-0.545812368894,-0.809237652169));
#342 = PCURVE('',#94,#343);
#343 = DEFINITIONAL_REPRESENTATION('',(#344),#351);
#344 = B_SPLINE_CURVE_WITH_KNOTS('',5,(#345,#346,#347,#348,#349,#350),
  .UNSPECIFIED.,.F.,.F.,(6,6),(2.262085557971,2.310334339438),
  .PIECEWISE_BEZIER_KNOTS.);
#345 = CARTESIAN_POINT('',(-0.312388208153,-23.15115447521));
#346 = CARTESIAN_POINT('',(-0.322037964447,-24.17522178726));
#347 = CARTESIAN_POINT('',(-0.33168772074,-25.18906733341));
#348 = CARTESIAN_POINT('',(-0.341337477034,-26.19249244909));
#349 = CARTESIAN_POINT('',(-0.350987233327,-27.18530243666));
#350 = CARTESIAN_POINT('',(-0.360636989621,-28.16730679202));
#351 = ( GEOMETRIC_REPRESENTATION_CONTEXT(2) 
PARAMETRIC_REPRESENTATION_CONTEXT() REPRESENTATION_CONTEXT('2D SPACE',''
  ) );
#352 = PCURVE('',#353,#358);
#353 = PLANE('',#354);
#354 = AXIS2_PLACEMENT_3D('',#355,#356,#357);
#355 = CARTESIAN_POINT('',(91.02659775451,31.112698372208,
    21.530615579564));
#356 = DIRECTION('',(-0.299336736098,-0.751839807479,0.58748142295));
#357 = DIRECTION('',(-0.341328129921,0.6593458151,0.669894173608));
#358 = DEFINITIONAL_REPRESENTATION('',(#359),#363);
#359 = ELLIPSE('',#360,170.21814834208,100.);
#360 = AXIS2_PLACEMENT_2D('',#361,#362);
#361 = CARTESIAN_POINT('',(-47.18722354745,120.23809210795));
#362 = DIRECTION('',(-0.827808953047,0.561010104415));
#363 = ( GEOMETRIC_REPRESENTATION_CONTEXT(2) 
PARAMETRIC_REPRESENTATION_CONTEXT() REPRESENTATION_CONTEXT('2D SPACE',''
  ) );
#364 = ORIENTED_EDGE('',*,*,#365,.T.);
#365 = EDGE_CURVE('',#334,#366,#368,.T.);
#366 = VERTEX_POINT('',#367);
#367 = CARTESIAN_POINT('',(92.45539465061,38.105117766515,
    32.486044439063));
#368 = SURFACE_CURVE('',#369,(#374,#384),.PCURVE_S1.);
#369 = ELLIPSE('',#370,202.01338569461,100.);
#370 = AXIS2_PLACEMENT_3D('',#371,#372,#373);
#371 = CARTESIAN_POINT('',(0.,0.,-78.62673304328));
#372 = DIRECTION('',(-0.252223607729,-0.831469612303,0.495016702265));
#373 = DIRECTION('',(-0.143695794077,-0.47370144003,-0.868883458513));
#374 = PCURVE('',#94,#375);
#375 = DEFINITIONAL_REPRESENTATION('',(#376),#383);
#376 = B_SPLINE_CURVE_WITH_KNOTS('',5,(#377,#378,#379,#380,#381,#382),
  .UNSPECIFIED.,.F.,.F.,(6,6),(2.218494973768,2.259714665677),
  .PIECEWISE_BEZIER_KNOTS.);
#377 = CARTESIAN_POINT('',(-0.353174271472,-27.27741293762));
#378 = CARTESIAN_POINT('',(-0.361418209854,-28.43137939248));
#379 = CARTESIAN_POINT('',(-0.369662148236,-29.57634895655));
#380 = CARTESIAN_POINT('',(-0.377906086617,-30.71215824125));
#381 = CARTESIAN_POINT('',(-0.386150024999,-31.83864640619));
#382 = CARTESIAN_POINT('',(-0.394393963381,-32.95565529577));
#383 = ( GEOMETRIC_REPRESENTATION_CONTEXT(2) 
PARAMETRIC_REPRESENTATION_CONTEXT() REPRESENTATION_CONTEXT('2D SPACE',''
  ) );
#384 = PCURVE('',#385,#390);
#385 = PLANE('',#386);
#386 = AXIS2_PLACEMENT_3D('',#387,#388,#389);
#387 = CARTESIAN_POINT('',(89.06209210889,34.907546972814,
    25.386174997782));
#388 = DIRECTION('',(-0.252223607729,-0.831469612303,0.495016702265));
#389 = DIRECTION('',(-0.377479304807,0.55557023302,0.740844849226));
#390 = DEFINITIONAL_REPRESENTATION('',(#391),#395);
#391 = ELLIPSE('',#392,202.01338569461,100.);
#392 = AXIS2_PLACEMENT_2D('',#393,#394);
#393 = CARTESIAN_POINT('',(-62.8319245671,126.57577722781));
#394 = DIRECTION('',(-0.852640065784,0.522498725567));
#395 = ( GEOMETRIC_REPRESENTATION_CONTEXT(2) 
PARAMETRIC_REPRESENTATION_CONTEXT() REPRESENTATION_CONTEXT('2D SPACE',''
  ) );
#396 = ORIENTED_EDGE('',*,*,#397,.T.);
#397 = EDGE_CURVE('',#366,#398,#400,.T.);
#398 = VERTEX_POINT('',#399);
#399 = CARTESIAN_POINT('',(91.36476692802,40.650699430497,
    37.723710184977));
#400 = SURFACE_CURVE('',#401,(#406,#416),.PCURVE_S1.);
#401 = ELLIPSE('',#402,253.75422488841,100.);
#402 = AXIS2_PLACEMENT_3D('',#403,#404,#405);
#403 = CARTESIAN_POINT('',(0.,0.,-101.3439586008));
#404 = DIRECTION('',(-0.200794863502,-0.896872741533,0.39408210856));
#405 = DIRECTION('',(-8.60970462376E-02,-0.384562097607,-0.919075237243)
  );
#406 = PCURVE('',#94,#407);
#407 = DEFINITIONAL_REPRESENTATION('',(#408),#415);
#408 = B_SPLINE_CURVE_WITH_KNOTS('',5,(#409,#410,#411,#412,#413,#414),
  .UNSPECIFIED.,.F.,.F.,(6,6),(2.1792288968,2.212463220399),
  .PIECEWISE_BEZIER_KNOTS.);
#409 = CARTESIAN_POINT('',(-0.38818123607,-31.95995587901));
#410 = CARTESIAN_POINT('',(-0.39482810079,-33.23194547327));
#411 = CARTESIAN_POINT('',(-0.40147496551,-34.49657322379));
#412 = CARTESIAN_POINT('',(-0.408121830229,-35.75372205234));
#413 = CARTESIAN_POINT('',(-0.414768694949,-37.00327623608));
#414 = CARTESIAN_POINT('',(-0.421415559669,-38.24512147143));
#415 = ( GEOMETRIC_REPRESENTATION_CONTEXT(2) 
PARAMETRIC_REPRESENTATION_CONTEXT() REPRESENTATION_CONTEXT('2D SPACE',''
  ) );
#416 = PCURVE('',#417,#422);
#417 = PLANE('',#418);
#418 = AXIS2_PLACEMENT_3D('',#419,#420,#421);
#419 = CARTESIAN_POINT('',(86.889519266535,38.105117766515,
    29.650089282163));
#420 = DIRECTION('',(-0.200794863502,-0.896872741533,0.39408210856));
#421 = DIRECTION('',(-0.407171704131,0.442288690219,0.799119464072));
#422 = DEFINITIONAL_REPRESENTATION('',(#423),#427);
#423 = ELLIPSE('',#424,253.75422488841,100.);
#424 = AXIS2_PLACEMENT_2D('',#425,#426);
#425 = CARTESIAN_POINT('',(-86.15440233763,136.88918181139));
#426 = DIRECTION('',(-0.869482096449,0.493964456165));
#427 = ( GEOMETRIC_REPRESENTATION_CONTEXT(2) 
PARAMETRIC_REPRESENTATION_CONTEXT() REPRESENTATION_CONTEXT('2D SPACE',''
  ) );
#428 = ORIENTED_EDGE('',*,*,#429,.T.);
#429 = EDGE_CURVE('',#398,#430,#432,.T.);
#430 = VERTEX_POINT('',#431);
#431 = CARTESIAN_POINT('',(90.518989218488,42.500736356719,
    43.40947999362));
#432 = SURFACE_CURVE('',#433,(#438,#448),.PCURVE_S1.);
#433 = ELLIPSE('',#434,349.15632919431,100.);
#434 = AXIS2_PLACEMENT_3D('',#435,#436,#437);
#435 = CARTESIAN_POINT('',(0.,0.,-143.2310086749));
#436 = DIRECTION('',(-0.145930463489,-0.946930129495,0.286404660717));
#437 = DIRECTION('',(-4.362256897448E-02,-0.28306306922,-0.958108746604)
  );
#438 = PCURVE('',#94,#439);
#439 = DEFINITIONAL_REPRESENTATION('',(#440),#447);
#440 = B_SPLINE_CURVE_WITH_KNOTS('',5,(#441,#442,#443,#444,#445,#446),
  .UNSPECIFIED.,.F.,.F.,(6,6),(2.140306093873,2.164717236532),
  .PIECEWISE_BEZIER_KNOTS.);
#441 = CARTESIAN_POINT('',(-0.416603671625,-37.15386513796));
#442 = CARTESIAN_POINT('',(-0.421485900157,-38.52933232027));
#443 = CARTESIAN_POINT('',(-0.426368128688,-39.89942490022));
#444 = CARTESIAN_POINT('',(-0.43125035722,-41.26407457395));
#445 = CARTESIAN_POINT('',(-0.436132585752,-42.62321357141));
#446 = CARTESIAN_POINT('',(-0.441014814284,-43.9767746766));
#447 = ( GEOMETRIC_REPRESENTATION_CONTEXT(2) 
PARAMETRIC_REPRESENTATION_CONTEXT() REPRESENTATION_CONTEXT('2D SPACE',''
  ) );
#448 = PCURVE('',#449,#454);
#449 = PLANE('',#450);
#450 = AXIS2_PLACEMENT_3D('',#451,#452,#453);
#451 = CARTESIAN_POINT('',(84.54605255113,40.650699430497,
    34.249401677119));
#452 = DIRECTION('',(-0.145930463489,-0.946930129495,0.286404660717));
#453 = DIRECTION('',(-0.429897282708,0.321439465303,0.843720923331));
#454 = DEFINITIONAL_REPRESENTATION('',(#455),#459);
#455 = ELLIPSE('',#456,349.15632919431,100.);
#456 = AXIS2_PLACEMENT_2D('',#457,#458);
#457 = CARTESIAN_POINT('',(-126.464556529,155.90550460712));
#458 = DIRECTION('',(-0.880610814087,0.473840262234));
#459 = ( GEOMETRIC_REPRESENTATION_CONTEXT(2) 
PARAMETRIC_REPRESENTATION_CONTEXT() REPRESENTATION_CONTEXT('2D SPACE',''
  ) );
#460 = ORIENTED_EDGE('',*,*,#461,.T.);
#461 = EDGE_CURVE('',#430,#462,#464,.T.);
#462 = VERTEX_POINT('',#463);
#463 = CARTESIAN_POINT('',(90.281578694229,43.002750475728,
    46.121035092219));
#464 = SURFACE_CURVE('',#465,(#470,#480),.PCURVE_S1.);
#465 = ELLIPSE('',#466,575.28545036773,100.);
#466 = AXIS2_PLACEMENT_3D('',#467,#468,#469);
#467 = CARTESIAN_POINT('',(0.,0.,-242.5147916763));
#468 = DIRECTION('',(-8.856915278645E-02,-0.980785280403,0.173826749722)
  );
#469 = DIRECTION('',(-1.563369137538E-02,-0.173122288031,-0.984776249247
    ));
#470 = PCURVE('',#94,#471);
#471 = DEFINITIONAL_REPRESENTATION('',(#472),#479);
#472 = B_SPLINE_CURVE_WITH_KNOTS('',5,(#473,#474,#475,#476,#477,#478),
  .UNSPECIFIED.,.F.,.F.,(6,6),(2.098586309553,2.113515699629),
  .PIECEWISE_BEZIER_KNOTS.);
#473 = CARTESIAN_POINT('',(-0.437729936934,-42.80275847451));
#474 = CARTESIAN_POINT('',(-0.44071581495,-44.26415358967));
#475 = CARTESIAN_POINT('',(-0.443701692965,-45.72236903065));
#476 = CARTESIAN_POINT('',(-0.44668757098,-47.17737765364));
#477 = CARTESIAN_POINT('',(-0.449673448995,-48.62915243298));
#478 = CARTESIAN_POINT('',(-0.452659327011,-50.07766646412));
#479 = ( GEOMETRIC_REPRESENTATION_CONTEXT(2) 
PARAMETRIC_REPRESENTATION_CONTEXT() REPRESENTATION_CONTEXT('2D SPACE',''
  ) );
#480 = PCURVE('',#481,#486);
#481 = PLANE('',#482);
#482 = AXIS2_PLACEMENT_3D('',#483,#484,#485);
#483 = CARTESIAN_POINT('',(82.071789327906,42.500736356719,
    39.105416672402));
#484 = DIRECTION('',(-8.856915278645E-02,-0.980785280403,0.173826749722)
  );
#485 = DIRECTION('',(-0.445267199587,0.195090322016,0.873886083667));
#486 = DEFINITIONAL_REPRESENTATION('',(#487),#491);
#487 = ELLIPSE('',#488,575.28545036773,100.);
#488 = AXIS2_PLACEMENT_2D('',#489,#490);
#489 = CARTESIAN_POINT('',(-217.851587498,200.97939886799));
#490 = DIRECTION('',(-0.887395572685,0.46100878254));
#491 = ( GEOMETRIC_REPRESENTATION_CONTEXT(2) 
PARAMETRIC_REPRESENTATION_CONTEXT() REPRESENTATION_CONTEXT('2D SPACE',''
  ) );
#492 = ORIENTED_EDGE('',*,*,#493,.T.);
#493 = EDGE_CURVE('',#462,#494,#496,.T.);
#494 = VERTEX_POINT('',#495);
#495 = CARTESIAN_POINT('',(87.85246444786,47.769702641292,
    50.888440231214));
#496 = SURFACE_CURVE('',#497,(#502,#514),.PCURVE_S1.);
#497 = ELLIPSE('',#498,220.26892645852,100.);
#498 = AXIS2_PLACEMENT_3D('',#499,#500,#501);
#499 = CARTESIAN_POINT('',(0.,0.,223.3086098911));
#500 = DIRECTION('',(0.891006524188,0.,0.45399049974));
#501 = DIRECTION('',(0.45399049974,0.,-0.891006524188));
#502 = PCURVE('',#94,#503);
#503 = DEFINITIONAL_REPRESENTATION('',(#504),#513);
#504 = B_SPLINE_CURVE_WITH_KNOTS('',7,(#505,#506,#507,#508,#509,#510,
    #511,#512),.UNSPECIFIED.,.F.,.F.,(8,8),(0.,0.613826938437),
  .PIECEWISE_BEZIER_KNOTS.);
#505 = CARTESIAN_POINT('',(0.,-27.04755934058));
#506 = CARTESIAN_POINT('',(-8.76895626338E-02,-27.04755934058));
#507 = CARTESIAN_POINT('',(-0.175379125268,-28.80822442607));
#508 = CARTESIAN_POINT('',(-0.263068687901,-32.32955342574));
#509 = CARTESIAN_POINT('',(-0.350758250535,-37.57838147988));
#510 = CARTESIAN_POINT('',(-0.438447813169,-44.48835696917));
#511 = CARTESIAN_POINT('',(-0.526137375803,-52.96208812658));
#512 = CARTESIAN_POINT('',(-0.613826938437,-62.87507444104));
#513 = ( GEOMETRIC_REPRESENTATION_CONTEXT(2) 
PARAMETRIC_REPRESENTATION_CONTEXT() REPRESENTATION_CONTEXT('2D SPACE',''
  ) );
#514 = PCURVE('',#515,#520);
#515 = PLANE('',#516);
#516 = AXIS2_PLACEMENT_3D('',#517,#518,#519);
#517 = CARTESIAN_POINT('',(86.08269616975,-3.709760455135E-16,
    54.361806046143));
#518 = DIRECTION('',(0.891006524188,0.,0.45399049974));
#519 = DIRECTION('',(-0.45399049974,0.,0.891006524188));
#520 = DEFINITIONAL_REPRESENTATION('',(#521),#525);
#521 = ELLIPSE('',#522,220.26892645852,100.);
#522 = AXIS2_PLACEMENT_2D('',#523,#524);
#523 = CARTESIAN_POINT('',(189.61343071966,-3.709760455135E-16));
#524 = DIRECTION('',(-1.,0.));
#525 = ( GEOMETRIC_REPRESENTATION_CONTEXT(2) 
PARAMETRIC_REPRESENTATION_CONTEXT() REPRESENTATION_CONTEXT('2D SPACE',''
  ) );
#526 = ORIENTED_EDGE('',*,*,#527,.T.);
#527 = EDGE_CURVE('',#494,#528,#530,.T.);
#528 = VERTEX_POINT('',#529);
#529 = CARTESIAN_POINT('',(87.726848797845,48.,54.767907215934));
#530 = SURFACE_CURVE('',#531,(#536,#546),.PCURVE_S1.);
#531 = ELLIPSE('',#532,1.716013057548E+03,100.);
#532 = AXIS2_PLACEMENT_3D('',#533,#534,#535);
#533 = CARTESIAN_POINT('',(0.,0.,-811.8538469473));
#534 = DIRECTION('',(-2.969239932372E-02,-0.997858923239,
    5.827461484639E-02));
#535 = DIRECTION('',(-1.733258650436E-03,-5.824883303506E-02,
    -0.998300590636));
#536 = PCURVE('',#94,#537);
#537 = DEFINITIONAL_REPRESENTATION('',(#538),#545);
#538 = B_SPLINE_CURVE_WITH_KNOTS('',5,(#539,#540,#541,#542,#543,#544),
  .UNSPECIFIED.,.F.,.F.,(6,6),(2.096511017354,2.101666527893),
  .PIECEWISE_BEZIER_KNOTS.);
#539 = CARTESIAN_POINT('',(-0.495967358737,-47.83179825464));
#540 = CARTESIAN_POINT('',(-0.496998460845,-49.35965410193));
#541 = CARTESIAN_POINT('',(-0.498029562952,-50.88636745755));
#542 = CARTESIAN_POINT('',(-0.49906066506,-52.41193493742));
#543 = CARTESIAN_POINT('',(-0.500091767168,-53.93635316247));
#544 = CARTESIAN_POINT('',(-0.501122869275,-55.45961875875));
#545 = ( GEOMETRIC_REPRESENTATION_CONTEXT(2) 
PARAMETRIC_REPRESENTATION_CONTEXT() REPRESENTATION_CONTEXT('2D SPACE',''
  ) );
#546 = PCURVE('',#547,#552);
#547 = PLANE('',#548);
#548 = AXIS2_PLACEMENT_3D('',#549,#550,#551);
#549 = CARTESIAN_POINT('',(89.101664035527,47.589353345943,
    48.436747996986));
#550 = DIRECTION('',(-2.969239932372E-02,-0.997858923239,
    5.827461484639E-02));
#551 = DIRECTION('',(-0.453018471231,6.540312923014E-02,0.889098810825)
  );
#552 = DEFINITIONAL_REPRESENTATION('',(#553),#557);
#553 = ELLIPSE('',#554,1.716013057548E+03,100.);
#554 = AXIS2_PLACEMENT_2D('',#555,#556);
#555 = CARTESIAN_POINT('',(-727.6311379304,469.9539210917));
#556 = DIRECTION('',(-0.890612325751,0.454763328799));
#557 = ( GEOMETRIC_REPRESENTATION_CONTEXT(2) 
PARAMETRIC_REPRESENTATION_CONTEXT() REPRESENTATION_CONTEXT('2D SPACE',''
  ) );
#558 = ORIENTED_EDGE('',*,*,#559,.F.);
#559 = EDGE_CURVE('',#560,#528,#562,.T.);
#560 = VERTEX_POINT('',#561);
#561 = CARTESIAN_POINT('',(87.726848797845,48.,65.991169592278));
#562 = SURFACE_CURVE('',#563,(#567,#573),.PCURVE_S1.);
#563 = LINE('',#564,#565);
#564 = CARTESIAN_POINT('',(87.726848797845,48.,0.));
#565 = VECTOR('',#566,1.);
#566 = DIRECTION('',(-0.,-0.,-1.));
#567 = PCURVE('',#94,#568);
#568 = DEFINITIONAL_REPRESENTATION('',(#569),#572);
#569 = B_SPLINE_CURVE_WITH_KNOTS('',1,(#570,#571),.UNSPECIFIED.,.F.,.F.,
  (2,2),(-67.11349582991,-53.6455809783),.PIECEWISE_BEZIER_KNOTS.);
#570 = CARTESIAN_POINT('',(-0.500654712405,-67.11349582991));
#571 = CARTESIAN_POINT('',(-0.500654712405,-53.6455809783));
#572 = ( GEOMETRIC_REPRESENTATION_CONTEXT(2) 
PARAMETRIC_REPRESENTATION_CONTEXT() REPRESENTATION_CONTEXT('2D SPACE',''
  ) );
#573 = PCURVE('',#574,#579);
#574 = PLANE('',#575);
#575 = AXIS2_PLACEMENT_3D('',#576,#577,#578);
#576 = CARTESIAN_POINT('',(86.257296776243,48.,54.019133061572));
#577 = DIRECTION('',(0.,-1.,0.));
#578 = DIRECTION('',(-0.45399049974,0.,0.891006524188));
#579 = DEFINITIONAL_REPRESENTATION('',(#580),#583);
#580 = B_SPLINE_CURVE_WITH_KNOTS('',1,(#581,#582),.UNSPECIFIED.,.F.,.F.,
  (2,2),(-67.11349582991,-53.6455809783),.PIECEWISE_BEZIER_KNOTS.);
#581 = CARTESIAN_POINT('',(11.,-7.254096735851));
#582 = CARTESIAN_POINT('',(-1.,-1.139791341918));
#583 = ( GEOMETRIC_REPRESENTATION_CONTEXT(2) 
PARAMETRIC_REPRESENTATION_CONTEXT() REPRESENTATION_CONTEXT('2D SPACE',''
  ) );
#584 = ORIENTED_EDGE('',*,*,#585,.T.);
#585 = EDGE_CURVE('',#560,#586,#588,.T.);
#586 = VERTEX_POINT('',#587);
#587 = CARTESIAN_POINT('',(90.663505542811,42.191572176073,
    74.006421886466));
#588 = SURFACE_CURVE('',#589,(#594,#604),.PCURVE_S1.);
#589 = ELLIPSE('',#590,158.72089866696,100.);
#590 = AXIS2_PLACEMENT_3D('',#591,#592,#593);
#591 = CARTESIAN_POINT('',(0.,0.,75.163766932275));
#592 = DIRECTION('',(0.32101976096,-0.707106781187,-0.630036755335));
#593 = DIRECTION('',(-0.260447183185,0.573684214393,-0.776565314012));
#594 = PCURVE('',#94,#595);
#595 = DEFINITIONAL_REPRESENTATION('',(#596),#603);
#596 = B_SPLINE_CURVE_WITH_KNOTS('',5,(#597,#598,#599,#600,#601,#602),
  .UNSPECIFIED.,.F.,.F.,(6,6),(1.440719993715,1.57538740873),
  .PIECEWISE_BEZIER_KNOTS.);
#597 = CARTESIAN_POINT('',(-0.556243801769,-59.17610352136));
#598 = CARTESIAN_POINT('',(-0.529310318766,-62.46780251395));
#599 = CARTESIAN_POINT('',(-0.502376835763,-65.77399856871));
#600 = CARTESIAN_POINT('',(-0.47544335276,-69.08971703063));
#601 = CARTESIAN_POINT('',(-0.448509869757,-72.40993937387));
#602 = CARTESIAN_POINT('',(-0.421576386754,-75.72964859384));
#603 = ( GEOMETRIC_REPRESENTATION_CONTEXT(2) 
PARAMETRIC_REPRESENTATION_CONTEXT() REPRESENTATION_CONTEXT('2D SPACE',''
  ) );
#604 = PCURVE('',#605,#610);
#605 = PLANE('',#606);
#606 = AXIS2_PLACEMENT_3D('',#607,#608,#609);
#607 = CARTESIAN_POINT('',(81.717391778848,48.,62.929198303456));
#608 = DIRECTION('',(0.32101976096,-0.707106781187,-0.630036755335));
#609 = DIRECTION('',(-0.32101976096,-0.707106781187,0.630036755335));
#610 = DEFINITIONAL_REPRESENTATION('',(#611),#615);
#611 = ELLIPSE('',#612,158.72089866696,100.);
#612 = AXIS2_PLACEMENT_2D('',#613,#614);
#613 = CARTESIAN_POINT('',(67.882250993909,67.256351288715));
#614 = DIRECTION('',(-0.811311996514,0.584613414413));
#615 = ( GEOMETRIC_REPRESENTATION_CONTEXT(2) 
PARAMETRIC_REPRESENTATION_CONTEXT() REPRESENTATION_CONTEXT('2D SPACE',''
  ) );
#616 = ORIENTED_EDGE('',*,*,#617,.F.);
#617 = EDGE_CURVE('',#618,#586,#620,.T.);
#618 = VERTEX_POINT('',#619);
#619 = CARTESIAN_POINT('',(91.569544177988,40.187293751078,
    72.228220942673));
#620 = SURFACE_CURVE('',#621,(#626,#638),.PCURVE_S1.);
#621 = ELLIPSE('',#622,220.26892645852,100.);
#622 = AXIS2_PLACEMENT_3D('',#623,#624,#625);
#623 = CARTESIAN_POINT('',(0.,0.,251.94357033071));
#624 = DIRECTION('',(0.891006524188,0.,0.45399049974));
#625 = DIRECTION('',(0.45399049974,0.,-0.891006524188));
#626 = PCURVE('',#94,#627);
#627 = DEFINITIONAL_REPRESENTATION('',(#628),#637);
#628 = B_SPLINE_CURVE_WITH_KNOTS('',7,(#629,#630,#631,#632,#633,#634,
    #635,#636),.UNSPECIFIED.,.F.,.F.,(8,8),(0.,0.613826938437),
  .PIECEWISE_BEZIER_KNOTS.);
#629 = CARTESIAN_POINT('',(0.,-55.68251978019));
#630 = CARTESIAN_POINT('',(-8.76895626338E-02,-55.68251978019));
#631 = CARTESIAN_POINT('',(-0.175379125268,-57.44318486569));
#632 = CARTESIAN_POINT('',(-0.263068687901,-60.96451386533));
#633 = CARTESIAN_POINT('',(-0.350758250535,-66.21334191951));
#634 = CARTESIAN_POINT('',(-0.438447813169,-73.12331740878));
#635 = CARTESIAN_POINT('',(-0.526137375803,-81.59704856619));
#636 = CARTESIAN_POINT('',(-0.613826938437,-91.51003488065));
#637 = ( GEOMETRIC_REPRESENTATION_CONTEXT(2) 
PARAMETRIC_REPRESENTATION_CONTEXT() REPRESENTATION_CONTEXT('2D SPACE',''
  ) );
#638 = PCURVE('',#639,#644);
#639 = PLANE('',#640);
#640 = AXIS2_PLACEMENT_3D('',#641,#642,#643);
#641 = CARTESIAN_POINT('',(97.665780984199,-3.709760455135E-16,
    60.263682542757));
#642 = DIRECTION('',(0.891006524188,0.,0.45399049974));
#643 = DIRECTION('',(-0.45399049974,0.,0.891006524188));
#644 = DEFINITIONAL_REPRESENTATION('',(#645),#649);
#645 = ELLIPSE('',#646,220.26892645852,100.);
#646 = AXIS2_PLACEMENT_2D('',#647,#648);
#647 = CARTESIAN_POINT('',(215.12736729123,-3.709760455135E-16));
#648 = DIRECTION('',(-1.,0.));
#649 = ( GEOMETRIC_REPRESENTATION_CONTEXT(2) 
PARAMETRIC_REPRESENTATION_CONTEXT() REPRESENTATION_CONTEXT('2D SPACE',''
  ) );
#650 = ORIENTED_EDGE('',*,*,#651,.T.);
#651 = EDGE_CURVE('',#618,#652,#654,.T.);
#652 = VERTEX_POINT('',#653);
#653 = CARTESIAN_POINT('',(100.,0.,121.62700693118));
#654 = SURFACE_CURVE('',#655,(#660,#671),.PCURVE_S1.);
#655 = ELLIPSE('',#656,158.72089866696,100.);
#656 = AXIS2_PLACEMENT_3D('',#657,#658,#659);
#657 = CARTESIAN_POINT('',(0.,0.,70.674461981738));
#658 = DIRECTION('',(0.32101976096,-0.707106781187,-0.630036755335));
#659 = DIRECTION('',(-0.260447183185,0.573684214393,-0.776565314012));
#660 = PCURVE('',#94,#661);
#661 = DEFINITIONAL_REPRESENTATION('',(#662),#670);
#662 = B_SPLINE_CURVE_WITH_KNOTS('',6,(#663,#664,#665,#666,#667,#668,
    #669),.UNSPECIFIED.,.F.,.F.,(7,7),(1.491743757771,1.996963795484),
  .PIECEWISE_BEZIER_KNOTS.);
#663 = CARTESIAN_POINT('',(-0.505220037713,-60.94081354943));
#664 = CARTESIAN_POINT('',(-0.421016698094,-71.2870638995));
#665 = CARTESIAN_POINT('',(-0.336813358475,-81.71612932024));
#666 = CARTESIAN_POINT('',(-0.252610018856,-92.09597579416));
#667 = CARTESIAN_POINT('',(-0.168406679238,-102.292767998));
#668 = CARTESIAN_POINT('',(-8.420333961882E-02,-112.1766451961));
#669 = CARTESIAN_POINT('',(-1.42108547152E-16,-121.6270069311));
#670 = ( GEOMETRIC_REPRESENTATION_CONTEXT(2) 
PARAMETRIC_REPRESENTATION_CONTEXT() REPRESENTATION_CONTEXT('2D SPACE',''
  ) );
#671 = PCURVE('',#672,#677);
#672 = PLANE('',#673);
#673 = AXIS2_PLACEMENT_3D('',#674,#675,#676);
#674 = CARTESIAN_POINT('',(72.36182327487,44.,58.16229805619));
#675 = DIRECTION('',(0.32101976096,-0.707106781187,-0.630036755335));
#676 = DIRECTION('',(-0.32101976096,-0.707106781187,0.630036755335));
#677 = DEFINITIONAL_REPRESENTATION('',(#678),#682);
#678 = ELLIPSE('',#679,158.72089866696,100.);
#679 = AXIS2_PLACEMENT_2D('',#680,#681);
#680 = CARTESIAN_POINT('',(62.225396744416,58.794453086692));
#681 = DIRECTION('',(-0.811311996514,0.584613414413));
#682 = ( GEOMETRIC_REPRESENTATION_CONTEXT(2) 
PARAMETRIC_REPRESENTATION_CONTEXT() REPRESENTATION_CONTEXT('2D SPACE',''
  ) );
#683 = ORIENTED_EDGE('',*,*,#684,.T.);
#684 = EDGE_CURVE('',#652,#685,#687,.T.);
#685 = VERTEX_POINT('',#686);
#686 = CARTESIAN_POINT('',(100.,0.,140.));
#687 = SEAM_CURVE('',#688,(#692,#699),.PCURVE_S1.);
#688 = LINE('',#689,#690);
#689 = CARTESIAN_POINT('',(100.,0.,0.));
#690 = VECTOR('',#691,1.);
#691 = DIRECTION('',(0.,0.,1.));
#692 = PCURVE('',#94,#693);
#693 = DEFINITIONAL_REPRESENTATION('',(#694),#698);
#694 = LINE('',#695,#696);
#695 = CARTESIAN_POINT('',(-6.28318530718,0.));
#696 = VECTOR('',#697,1.);
#697 = DIRECTION('',(-0.,-1.));
#698 = ( GEOMETRIC_REPRESENTATION_CONTEXT(2) 
PARAMETRIC_REPRESENTATION_CONTEXT() REPRESENTATION_CONTEXT('2D SPACE',''
  ) );
#699 = PCURVE('',#94,#700);
#700 = DEFINITIONAL_REPRESENTATION('',(#701),#705);
#701 = LINE('',#702,#703);
#702 = CARTESIAN_POINT('',(-0.,0.));
#703 = VECTOR('',#704,1.);
#704 = DIRECTION('',(-0.,-1.));
#705 = ( GEOMETRIC_REPRESENTATION_CONTEXT(2) 
PARAMETRIC_REPRESENTATION_CONTEXT() REPRESENTATION_CONTEXT('2D SPACE',''
  ) );
#706 = ORIENTED_EDGE('',*,*,#707,.T.);
#707 = EDGE_CURVE('',#685,#685,#708,.T.);
#708 = SURFACE_CURVE('',#709,(#714,#721),.PCURVE_S1.);
#709 = CIRCLE('',#710,100.);
#710 = AXIS2_PLACEMENT_3D('',#711,#712,#713);
#711 = CARTESIAN_POINT('',(0.,0.,140.));
#712 = DIRECTION('',(0.,0.,1.));
#713 = DIRECTION('',(1.,0.,0.));
#714 = PCURVE('',#94,#715);
#715 = DEFINITIONAL_REPRESENTATION('',(#716),#720);
#716 = LINE('',#717,#718);
#717 = CARTESIAN_POINT('',(-0.,-140.));
#718 = VECTOR('',#719,1.);
#719 = DIRECTION('',(-1.,0.));
#720 = ( GEOMETRIC_REPRESENTATION_CONTEXT(2) 
PARAMETRIC_REPRESENTATION_CONTEXT() REPRESENTATION_CONTEXT('2D SPACE',''
  ) );
#721 = PCURVE('',#722,#727);
#722 = PLANE('',#723);
#723 = AXIS2_PLACEMENT_3D('',#724,#725,#726);
#724 = CARTESIAN_POINT('',(-7.001293478602E-15,-4.082155997158E-15,140.)
  );
#725 = DIRECTION('',(0.,0.,1.));
#726 = DIRECTION('',(1.,0.,-0.));
#727 = DEFINITIONAL_REPRESENTATION('',(#728),#732);
#728 = CIRCLE('',#729,100.);
#729 = AXIS2_PLACEMENT_2D('',#730,#731);
#730 = CARTESIAN_POINT('',(7.001293478602E-15,4.082155997158E-15));
#731 = DIRECTION('',(1.,0.));
#732 = ( GEOMETRIC_REPRESENTATION_CONTEXT(2) 
PARAMETRIC_REPRESENTATION_CONTEXT() REPRESENTATION_CONTEXT('2D SPACE',''
  ) );
#733 = ORIENTED_EDGE('',*,*,#684,.F.);
#734 = ORIENTED_EDGE('',*,*,#735,.T.);
#735 = EDGE_CURVE('',#652,#736,#738,.T.);
#736 = VERTEX_POINT('',#737);
#737 = CARTESIAN_POINT('',(91.569544177988,-40.18729375107,
    72.228220942673));
#738 = SURFACE_CURVE('',#739,(#744,#755),.PCURVE_S1.);
#739 = ELLIPSE('',#740,158.72089866696,100.);
#740 = AXIS2_PLACEMENT_3D('',#741,#742,#743);
#741 = CARTESIAN_POINT('',(0.,0.,70.674461981738));
#742 = DIRECTION('',(0.32101976096,0.707106781187,-0.630036755335));
#743 = DIRECTION('',(-0.260447183185,-0.573684214393,-0.776565314012));
#744 = PCURVE('',#94,#745);
#745 = DEFINITIONAL_REPRESENTATION('',(#746),#754);
#746 = B_SPLINE_CURVE_WITH_KNOTS('',6,(#747,#748,#749,#750,#751,#752,
    #753),.UNSPECIFIED.,.F.,.F.,(7,7),(4.286221511695,4.791441549408),
  .PIECEWISE_BEZIER_KNOTS.);
#747 = CARTESIAN_POINT('',(-6.28318530718,-121.6270069311));
#748 = CARTESIAN_POINT('',(-6.198981967561,-112.1766451961));
#749 = CARTESIAN_POINT('',(-6.114778627942,-102.292767998));
#750 = CARTESIAN_POINT('',(-6.030575288323,-92.09597579416));
#751 = CARTESIAN_POINT('',(-5.946371948704,-81.71612932024));
#752 = CARTESIAN_POINT('',(-5.862168609085,-71.2870638995));
#753 = CARTESIAN_POINT('',(-5.777965269467,-60.94081354943));
#754 = ( GEOMETRIC_REPRESENTATION_CONTEXT(2) 
PARAMETRIC_REPRESENTATION_CONTEXT() REPRESENTATION_CONTEXT('2D SPACE',''
  ) );
#755 = PCURVE('',#756,#761);
#756 = PLANE('',#757);
#757 = AXIS2_PLACEMENT_3D('',#758,#759,#760);
#758 = CARTESIAN_POINT('',(52.38624128633,0.,97.366585120479));
#759 = DIRECTION('',(0.32101976096,0.707106781187,-0.630036755335));
#760 = DIRECTION('',(0.32101976096,-0.707106781187,-0.630036755335));
#761 = DEFINITIONAL_REPRESENTATION('',(#762),#766);
#762 = ELLIPSE('',#763,158.72089866696,100.);
#763 = AXIS2_PLACEMENT_2D('',#764,#765);
#764 = CARTESIAN_POINT('',(-7.105427357601E-15,58.794453086692));
#765 = DIRECTION('',(0.811311996514,0.584613414413));
#766 = ( GEOMETRIC_REPRESENTATION_CONTEXT(2) 
PARAMETRIC_REPRESENTATION_CONTEXT() REPRESENTATION_CONTEXT('2D SPACE',''
  ) );
#767 = ORIENTED_EDGE('',*,*,#768,.F.);
#768 = EDGE_CURVE('',#769,#736,#771,.T.);
#769 = VERTEX_POINT('',#770);
#770 = CARTESIAN_POINT('',(90.663505542811,-42.19157217607,
    74.006421886466));
#771 = SURFACE_CURVE('',#772,(#777,#789),.PCURVE_S1.);
#772 = ELLIPSE('',#773,220.26892645852,100.);
#773 = AXIS2_PLACEMENT_3D('',#774,#775,#776);
#774 = CARTESIAN_POINT('',(0.,0.,251.94357033071));
#775 = DIRECTION('',(0.891006524188,0.,0.45399049974));
#776 = DIRECTION('',(0.45399049974,0.,-0.891006524188));
#777 = PCURVE('',#94,#778);
#778 = DEFINITIONAL_REPRESENTATION('',(#779),#788);
#779 = B_SPLINE_CURVE_WITH_KNOTS('',7,(#780,#781,#782,#783,#784,#785,
    #786,#787),.UNSPECIFIED.,.F.,.F.,(8,8),(5.669358368743,6.28318530718
    ),.PIECEWISE_BEZIER_KNOTS.);
#780 = CARTESIAN_POINT('',(-5.669358368743,-91.51003488065));
#781 = CARTESIAN_POINT('',(-5.757047931377,-81.59704856619));
#782 = CARTESIAN_POINT('',(-5.844737494011,-73.12331740877));
#783 = CARTESIAN_POINT('',(-5.932427056643,-66.21334191953));
#784 = CARTESIAN_POINT('',(-6.020116619283,-60.96451386532));
#785 = CARTESIAN_POINT('',(-6.107806181912,-57.44318486569));
#786 = CARTESIAN_POINT('',(-6.195495744546,-55.68251978019));
#787 = CARTESIAN_POINT('',(-6.28318530718,-55.68251978019));
#788 = ( GEOMETRIC_REPRESENTATION_CONTEXT(2) 
PARAMETRIC_REPRESENTATION_CONTEXT() REPRESENTATION_CONTEXT('2D SPACE',''
  ) );
#789 = PCURVE('',#639,#790);
#790 = DEFINITIONAL_REPRESENTATION('',(#791),#795);
#791 = ELLIPSE('',#792,220.26892645852,100.);
#792 = AXIS2_PLACEMENT_2D('',#793,#794);
#793 = CARTESIAN_POINT('',(215.12736729123,-3.709760455135E-16));
#794 = DIRECTION('',(-1.,0.));
#795 = ( GEOMETRIC_REPRESENTATION_CONTEXT(2) 
PARAMETRIC_REPRESENTATION_CONTEXT() REPRESENTATION_CONTEXT('2D SPACE',''
  ) );
#796 = ORIENTED_EDGE('',*,*,#797,.T.);
#797 = EDGE_CURVE('',#769,#798,#800,.T.);
#798 = VERTEX_POINT('',#799);
#799 = CARTESIAN_POINT('',(87.726848797845,-48.,65.991169592278));
#800 = SURFACE_CURVE('',#801,(#806,#816),.PCURVE_S1.);
#801 = ELLIPSE('',#802,158.72089866696,100.);
#802 = AXIS2_PLACEMENT_3D('',#803,#804,#805);
#803 = CARTESIAN_POINT('',(0.,0.,75.163766932275));
#804 = DIRECTION('',(0.32101976096,0.707106781187,-0.630036755335));
#805 = DIRECTION('',(-0.260447183185,-0.573684214393,-0.776565314012));
#806 = PCURVE('',#94,#807);
#807 = DEFINITIONAL_REPRESENTATION('',(#808),#815);
#808 = B_SPLINE_CURVE_WITH_KNOTS('',5,(#809,#810,#811,#812,#813,#814),
  .UNSPECIFIED.,.F.,.F.,(6,6),(4.70779789845,4.842465313464),
  .PIECEWISE_BEZIER_KNOTS.);
#809 = CARTESIAN_POINT('',(-5.861608920425,-75.72964859384));
#810 = CARTESIAN_POINT('',(-5.834675437422,-72.40993937387));
#811 = CARTESIAN_POINT('',(-5.807741954419,-69.08971703063));
#812 = CARTESIAN_POINT('',(-5.780808471416,-65.77399856871));
#813 = CARTESIAN_POINT('',(-5.753874988413,-62.46780251395));
#814 = CARTESIAN_POINT('',(-5.726941505411,-59.17610352136));
#815 = ( GEOMETRIC_REPRESENTATION_CONTEXT(2) 
PARAMETRIC_REPRESENTATION_CONTEXT() REPRESENTATION_CONTEXT('2D SPACE',''
  ) );
#816 = PCURVE('',#817,#822);
#817 = PLANE('',#818);
#818 = AXIS2_PLACEMENT_3D('',#819,#820,#821);
#819 = CARTESIAN_POINT('',(59.925847791349,0.,105.69751146449));
#820 = DIRECTION('',(0.32101976096,0.707106781187,-0.630036755335));
#821 = DIRECTION('',(0.32101976096,-0.707106781187,-0.630036755335));
#822 = DEFINITIONAL_REPRESENTATION('',(#823),#827);
#823 = ELLIPSE('',#824,158.72089866696,100.);
#824 = AXIS2_PLACEMENT_2D('',#825,#826);
#825 = CARTESIAN_POINT('',(0.,67.256351288715));
#826 = DIRECTION('',(0.811311996514,0.584613414413));
#827 = ( GEOMETRIC_REPRESENTATION_CONTEXT(2) 
PARAMETRIC_REPRESENTATION_CONTEXT() REPRESENTATION_CONTEXT('2D SPACE',''
  ) );
#828 = ORIENTED_EDGE('',*,*,#829,.T.);
#829 = EDGE_CURVE('',#798,#830,#832,.T.);
#830 = VERTEX_POINT('',#831);
#831 = CARTESIAN_POINT('',(87.726848797845,-48.,54.767907215934));
#832 = SURFACE_CURVE('',#833,(#837,#843),.PCURVE_S1.);
#833 = LINE('',#834,#835);
#834 = CARTESIAN_POINT('',(87.726848797845,-48.,0.));
#835 = VECTOR('',#836,1.);
#836 = DIRECTION('',(-0.,-0.,-1.));
#837 = PCURVE('',#94,#838);
#838 = DEFINITIONAL_REPRESENTATION('',(#839),#842);
#839 = B_SPLINE_CURVE_WITH_KNOTS('',1,(#840,#841),.UNSPECIFIED.,.F.,.F.,
  (2,2),(-67.11349582991,-53.6455809783),.PIECEWISE_BEZIER_KNOTS.);
#840 = CARTESIAN_POINT('',(-5.782530594775,-67.11349582991));
#841 = CARTESIAN_POINT('',(-5.782530594775,-53.6455809783));
#842 = ( GEOMETRIC_REPRESENTATION_CONTEXT(2) 
PARAMETRIC_REPRESENTATION_CONTEXT() REPRESENTATION_CONTEXT('2D SPACE',''
  ) );
#843 = PCURVE('',#844,#849);
#844 = PLANE('',#845);
#845 = AXIS2_PLACEMENT_3D('',#846,#847,#848);
#846 = CARTESIAN_POINT('',(81.717391778848,-48.,62.929198303456));
#847 = DIRECTION('',(0.,1.,0.));
#848 = DIRECTION('',(0.45399049974,0.,-0.891006524188));
#849 = DEFINITIONAL_REPRESENTATION('',(#850),#853);
#850 = B_SPLINE_CURVE_WITH_KNOTS('',1,(#851,#852),.UNSPECIFIED.,.F.,.F.,
  (2,2),(-67.11349582991,-53.6455809783),.PIECEWISE_BEZIER_KNOTS.);
#851 = CARTESIAN_POINT('',(-1.,-7.254096735851));
#852 = CARTESIAN_POINT('',(11.,-1.139791341918));
#853 = ( GEOMETRIC_REPRESENTATION_CONTEXT(2) 
PARAMETRIC_REPRESENTATION_CONTEXT() REPRESENTATION_CONTEXT('2D SPACE',''
  ) );
#854 = ORIENTED_EDGE('',*,*,#855,.T.);
#855 = EDGE_CURVE('',#830,#856,#858,.T.);
#856 = VERTEX_POINT('',#857);
#857 = CARTESIAN_POINT('',(87.85246444786,-47.76970264129,
    50.888440231214));
#858 = SURFACE_CURVE('',#859,(#864,#874),.PCURVE_S1.);
#859 = ELLIPSE('',#860,1.716013057548E+03,100.);
#860 = AXIS2_PLACEMENT_3D('',#861,#862,#863);
#861 = CARTESIAN_POINT('',(0.,0.,-811.8538469473));
#862 = DIRECTION('',(-2.969239932372E-02,0.997858923239,
    5.827461484639E-02));
#863 = DIRECTION('',(-1.733258650436E-03,5.824883303506E-02,
    -0.998300590636));
#864 = PCURVE('',#94,#865);
#865 = DEFINITIONAL_REPRESENTATION('',(#866),#873);
#866 = B_SPLINE_CURVE_WITH_KNOTS('',5,(#867,#868,#869,#870,#871,#872),
  .UNSPECIFIED.,.F.,.F.,(6,6),(4.181518779287,4.186674289825),
  .PIECEWISE_BEZIER_KNOTS.);
#867 = CARTESIAN_POINT('',(-5.782062437904,-55.45961875875));
#868 = CARTESIAN_POINT('',(-5.783093540012,-53.93635316247));
#869 = CARTESIAN_POINT('',(-5.78412464212,-52.41193493742));
#870 = CARTESIAN_POINT('',(-5.785155744227,-50.88636745756));
#871 = CARTESIAN_POINT('',(-5.786186846335,-49.35965410193));
#872 = CARTESIAN_POINT('',(-5.787217948443,-47.83179825464));
#873 = ( GEOMETRIC_REPRESENTATION_CONTEXT(2) 
PARAMETRIC_REPRESENTATION_CONTEXT() REPRESENTATION_CONTEXT('2D SPACE',''
  ) );
#874 = PCURVE('',#875,#880);
#875 = PLANE('',#876);
#876 = AXIS2_PLACEMENT_3D('',#877,#878,#879);
#877 = CARTESIAN_POINT('',(86.257296776243,-48.,54.019133061572));
#878 = DIRECTION('',(-2.969239932372E-02,0.997858923239,
    5.827461484639E-02));
#879 = DIRECTION('',(0.453018471231,6.540312923014E-02,-0.889098810825)
  );
#880 = DEFINITIONAL_REPRESENTATION('',(#881),#885);
#881 = ELLIPSE('',#882,1.716013057548E+03,100.);
#882 = AXIS2_PLACEMENT_2D('',#883,#884);
#883 = CARTESIAN_POINT('',(733.90983833657,469.95392109171));
#884 = DIRECTION('',(0.890612325751,0.454763328799));
#885 = ( GEOMETRIC_REPRESENTATION_CONTEXT(2) 
PARAMETRIC_REPRESENTATION_CONTEXT() REPRESENTATION_CONTEXT('2D SPACE',''
  ) );
#886 = ORIENTED_EDGE('',*,*,#887,.T.);
#887 = EDGE_CURVE('',#856,#888,#890,.T.);
#888 = VERTEX_POINT('',#889);
#889 = CARTESIAN_POINT('',(90.281578694229,-43.00275047572,
    46.121035092219));
#890 = SURFACE_CURVE('',#891,(#896,#908),.PCURVE_S1.);
#891 = ELLIPSE('',#892,220.26892645852,100.);
#892 = AXIS2_PLACEMENT_3D('',#893,#894,#895);
#893 = CARTESIAN_POINT('',(0.,0.,223.3086098911));
#894 = DIRECTION('',(0.891006524188,0.,0.45399049974));
#895 = DIRECTION('',(0.45399049974,0.,-0.891006524188));
#896 = PCURVE('',#94,#897);
#897 = DEFINITIONAL_REPRESENTATION('',(#898),#907);
#898 = B_SPLINE_CURVE_WITH_KNOTS('',7,(#899,#900,#901,#902,#903,#904,
    #905,#906),.UNSPECIFIED.,.F.,.F.,(8,8),(5.669358368743,6.28318530718
    ),.PIECEWISE_BEZIER_KNOTS.);
#899 = CARTESIAN_POINT('',(-5.669358368743,-62.87507444104));
#900 = CARTESIAN_POINT('',(-5.757047931377,-52.96208812658));
#901 = CARTESIAN_POINT('',(-5.844737494011,-44.48835696916));
#902 = CARTESIAN_POINT('',(-5.932427056643,-37.57838147991));
#903 = CARTESIAN_POINT('',(-6.020116619283,-32.32955342571));
#904 = CARTESIAN_POINT('',(-6.107806181912,-28.80822442609));
#905 = CARTESIAN_POINT('',(-6.195495744546,-27.04755934058));
#906 = CARTESIAN_POINT('',(-6.28318530718,-27.04755934058));
#907 = ( GEOMETRIC_REPRESENTATION_CONTEXT(2) 
PARAMETRIC_REPRESENTATION_CONTEXT() REPRESENTATION_CONTEXT('2D SPACE',''
  ) );
#908 = PCURVE('',#515,#909);
#909 = DEFINITIONAL_REPRESENTATION('',(#910),#914);
#910 = ELLIPSE('',#911,220.26892645852,100.);
#911 = AXIS2_PLACEMENT_2D('',#912,#913);
#912 = CARTESIAN_POINT('',(189.61343071966,-3.709760455135E-16));
#913 = DIRECTION('',(-1.,0.));
#914 = ( GEOMETRIC_REPRESENTATION_CONTEXT(2) 
PARAMETRIC_REPRESENTATION_CONTEXT() REPRESENTATION_CONTEXT('2D SPACE',''
  ) );
#915 = ORIENTED_EDGE('',*,*,#916,.T.);
#916 = EDGE_CURVE('',#888,#917,#919,.T.);
#917 = VERTEX_POINT('',#918);
#918 = CARTESIAN_POINT('',(90.518989218488,-42.50073635671,
    43.40947999362));
#919 = SURFACE_CURVE('',#920,(#925,#935),.PCURVE_S1.);
#920 = ELLIPSE('',#921,575.28545036774,100.);
#921 = AXIS2_PLACEMENT_3D('',#922,#923,#924);
#922 = CARTESIAN_POINT('',(0.,0.,-242.5147916763));
#923 = DIRECTION('',(-8.856915278645E-02,0.980785280403,0.173826749722)
  );
#924 = DIRECTION('',(-1.563369137538E-02,0.173122288031,-0.984776249247)
  );
#925 = PCURVE('',#94,#926);
#926 = DEFINITIONAL_REPRESENTATION('',(#927),#934);
#927 = B_SPLINE_CURVE_WITH_KNOTS('',5,(#928,#929,#930,#931,#932,#933),
  .UNSPECIFIED.,.F.,.F.,(6,6),(4.16966960755,4.184598997627),
  .PIECEWISE_BEZIER_KNOTS.);
#928 = CARTESIAN_POINT('',(-5.830525980169,-50.07766646412));
#929 = CARTESIAN_POINT('',(-5.833511858184,-48.62915243298));
#930 = CARTESIAN_POINT('',(-5.836497736199,-47.17737765364));
#931 = CARTESIAN_POINT('',(-5.839483614215,-45.72236903065));
#932 = CARTESIAN_POINT('',(-5.84246949223,-44.26415358967));
#933 = CARTESIAN_POINT('',(-5.845455370245,-42.80275847451));
#934 = ( GEOMETRIC_REPRESENTATION_CONTEXT(2) 
PARAMETRIC_REPRESENTATION_CONTEXT() REPRESENTATION_CONTEXT('2D SPACE',''
  ) );
#935 = PCURVE('',#936,#941);
#936 = PLANE('',#937);
#937 = AXIS2_PLACEMENT_3D('',#938,#939,#940);
#938 = CARTESIAN_POINT('',(79.509064926609,-43.62357390044,
    44.135046505103));
#939 = DIRECTION('',(-8.856915278645E-02,0.980785280403,0.173826749722)
  );
#940 = DIRECTION('',(0.445267199587,0.195090322016,-0.873886083667));
#941 = DEFINITIONAL_REPRESENTATION('',(#942),#946);
#942 = ELLIPSE('',#943,575.28545036774,100.);
#943 = AXIS2_PLACEMENT_2D('',#944,#945);
#944 = CARTESIAN_POINT('',(223.6070628703,200.97939886799));
#945 = DIRECTION('',(0.887395572685,0.46100878254));
#946 = ( GEOMETRIC_REPRESENTATION_CONTEXT(2) 
PARAMETRIC_REPRESENTATION_CONTEXT() REPRESENTATION_CONTEXT('2D SPACE',''
  ) );
#947 = ORIENTED_EDGE('',*,*,#948,.T.);
#948 = EDGE_CURVE('',#917,#949,#951,.T.);
#949 = VERTEX_POINT('',#950);
#950 = CARTESIAN_POINT('',(91.36476692802,-40.65069943049,
    37.723710184978));
#951 = SURFACE_CURVE('',#952,(#957,#967),.PCURVE_S1.);
#952 = ELLIPSE('',#953,349.15632919431,100.);
#953 = AXIS2_PLACEMENT_3D('',#954,#955,#956);
#954 = CARTESIAN_POINT('',(0.,0.,-143.2310086749));
#955 = DIRECTION('',(-0.145930463489,0.946930129495,0.286404660717));
#956 = DIRECTION('',(-4.362256897448E-02,0.28306306922,-0.958108746604)
  );
#957 = PCURVE('',#94,#958);
#958 = DEFINITIONAL_REPRESENTATION('',(#959),#966);
#959 = B_SPLINE_CURVE_WITH_KNOTS('',5,(#960,#961,#962,#963,#964,#965),
  .UNSPECIFIED.,.F.,.F.,(6,6),(4.118468070647,4.142879213307),
  .PIECEWISE_BEZIER_KNOTS.);
#960 = CARTESIAN_POINT('',(-5.842170492895,-43.9767746766));
#961 = CARTESIAN_POINT('',(-5.847052721427,-42.62321357141));
#962 = CARTESIAN_POINT('',(-5.851934949959,-41.26407457395));
#963 = CARTESIAN_POINT('',(-5.856817178491,-39.89942490022));
#964 = CARTESIAN_POINT('',(-5.861699407023,-38.52933232027));
#965 = CARTESIAN_POINT('',(-5.866581635555,-37.15386513796));
#966 = ( GEOMETRIC_REPRESENTATION_CONTEXT(2) 
PARAMETRIC_REPRESENTATION_CONTEXT() REPRESENTATION_CONTEXT('2D SPACE',''
  ) );
#967 = PCURVE('',#968,#973);
#968 = PLANE('',#969);
#969 = AXIS2_PLACEMENT_3D('',#970,#971,#972);
#970 = CARTESIAN_POINT('',(82.071789327906,-42.50073635671,
    39.105416672402));
#971 = DIRECTION('',(-0.145930463489,0.946930129495,0.286404660717));
#972 = DIRECTION('',(0.429897282708,0.321439465303,-0.843720923331));
#973 = DEFINITIONAL_REPRESENTATION('',(#974),#978);
#974 = ELLIPSE('',#975,349.15632919431,100.);
#975 = AXIS2_PLACEMENT_2D('',#976,#977);
#976 = CARTESIAN_POINT('',(132.22003190129,155.90550460712));
#977 = DIRECTION('',(0.880610814087,0.473840262234));
#978 = ( GEOMETRIC_REPRESENTATION_CONTEXT(2) 
PARAMETRIC_REPRESENTATION_CONTEXT() REPRESENTATION_CONTEXT('2D SPACE',''
  ) );
#979 = ORIENTED_EDGE('',*,*,#980,.T.);
#980 = EDGE_CURVE('',#949,#981,#983,.T.);
#981 = VERTEX_POINT('',#982);
#982 = CARTESIAN_POINT('',(92.45539465061,-38.10511776651,
    32.486044439063));
#983 = SURFACE_CURVE('',#984,(#989,#999),.PCURVE_S1.);
#984 = ELLIPSE('',#985,253.75422488841,100.);
#985 = AXIS2_PLACEMENT_3D('',#986,#987,#988);
#986 = CARTESIAN_POINT('',(0.,0.,-101.3439586008));
#987 = DIRECTION('',(-0.200794863502,0.896872741533,0.39408210856));
#988 = DIRECTION('',(-8.60970462376E-02,0.384562097607,-0.919075237243)
  );
#989 = PCURVE('',#94,#990);
#990 = DEFINITIONAL_REPRESENTATION('',(#991),#998);
#991 = B_SPLINE_CURVE_WITH_KNOTS('',5,(#992,#993,#994,#995,#996,#997),
  .UNSPECIFIED.,.F.,.F.,(6,6),(4.07072208678,4.103956410379),
  .PIECEWISE_BEZIER_KNOTS.);
#992 = CARTESIAN_POINT('',(-5.861769747511,-38.24512147143));
#993 = CARTESIAN_POINT('',(-5.86841661223,-37.00327623608));
#994 = CARTESIAN_POINT('',(-5.87506347695,-35.75372205234));
#995 = CARTESIAN_POINT('',(-5.88171034167,-34.49657322379));
#996 = CARTESIAN_POINT('',(-5.88835720639,-33.23194547327));
#997 = CARTESIAN_POINT('',(-5.89500407111,-31.95995587901));
#998 = ( GEOMETRIC_REPRESENTATION_CONTEXT(2) 
PARAMETRIC_REPRESENTATION_CONTEXT() REPRESENTATION_CONTEXT('2D SPACE',''
  ) );
#999 = PCURVE('',#1000,#1005);
#1000 = PLANE('',#1001);
#1001 = AXIS2_PLACEMENT_3D('',#1002,#1003,#1004);
#1002 = CARTESIAN_POINT('',(84.54605255113,-40.65069943049,
    34.249401677119));
#1003 = DIRECTION('',(-0.200794863502,0.896872741533,0.39408210856));
#1004 = DIRECTION('',(0.407171704131,0.442288690219,-0.799119464072));
#1005 = DEFINITIONAL_REPRESENTATION('',(#1006),#1010);
#1006 = ELLIPSE('',#1007,253.75422488841,100.);
#1007 = AXIS2_PLACEMENT_2D('',#1008,#1009);
#1008 = CARTESIAN_POINT('',(91.909877709892,136.88918181139));
#1009 = DIRECTION('',(0.869482096449,0.493964456165));
#1010 = ( GEOMETRIC_REPRESENTATION_CONTEXT(2) 
PARAMETRIC_REPRESENTATION_CONTEXT() REPRESENTATION_CONTEXT('2D SPACE',''
  ) );
#1011 = ORIENTED_EDGE('',*,*,#1012,.T.);
#1012 = EDGE_CURVE('',#981,#1013,#1015,.T.);
#1013 = VERTEX_POINT('',#1014);
#1014 = CARTESIAN_POINT('',(93.709461445154,-34.90754697281,
    27.754127947809));
#1015 = SURFACE_CURVE('',#1016,(#1021,#1031),.PCURVE_S1.);
#1016 = ELLIPSE('',#1017,202.01338569461,100.);
#1017 = AXIS2_PLACEMENT_3D('',#1018,#1019,#1020);
#1018 = CARTESIAN_POINT('',(0.,0.,-78.62673304328));
#1019 = DIRECTION('',(-0.252223607729,0.831469612303,0.495016702265));
#1020 = DIRECTION('',(-0.143695794077,0.47370144003,-0.868883458513));
#1021 = PCURVE('',#94,#1022);
#1022 = DEFINITIONAL_REPRESENTATION('',(#1023),#1030);
#1023 = B_SPLINE_CURVE_WITH_KNOTS('',5,(#1024,#1025,#1026,#1027,#1028,
    #1029),.UNSPECIFIED.,.F.,.F.,(6,6),(4.023470641503,4.064690333412),
  .PIECEWISE_BEZIER_KNOTS.);
#1024 = CARTESIAN_POINT('',(-5.888791343799,-32.95565529577));
#1025 = CARTESIAN_POINT('',(-5.897035282181,-31.83864640619));
#1026 = CARTESIAN_POINT('',(-5.905279220562,-30.71215824125));
#1027 = CARTESIAN_POINT('',(-5.913523158944,-29.57634895655));
#1028 = CARTESIAN_POINT('',(-5.921767097326,-28.43137939248));
#1029 = CARTESIAN_POINT('',(-5.930011035707,-27.27741293762));
#1030 = ( GEOMETRIC_REPRESENTATION_CONTEXT(2) 
PARAMETRIC_REPRESENTATION_CONTEXT() REPRESENTATION_CONTEXT('2D SPACE',''
  ) );
#1031 = PCURVE('',#1032,#1037);
#1032 = PLANE('',#1033);
#1033 = AXIS2_PLACEMENT_3D('',#1034,#1035,#1036);
#1034 = CARTESIAN_POINT('',(86.889519266535,-38.10511776651,
    29.650089282163));
#1035 = DIRECTION('',(-0.252223607729,0.831469612303,0.495016702265));
#1036 = DIRECTION('',(0.377479304807,0.55557023302,-0.740844849226));
#1037 = DEFINITIONAL_REPRESENTATION('',(#1038),#1042);
#1038 = ELLIPSE('',#1039,202.01338569461,100.);
#1039 = AXIS2_PLACEMENT_2D('',#1040,#1041);
#1040 = CARTESIAN_POINT('',(68.587399939354,126.57577722781));
#1041 = DIRECTION('',(0.852640065784,0.522498725567));
#1042 = ( GEOMETRIC_REPRESENTATION_CONTEXT(2) 
PARAMETRIC_REPRESENTATION_CONTEXT() REPRESENTATION_CONTEXT('2D SPACE',''
  ) );
#1043 = ORIENTED_EDGE('',*,*,#1044,.T.);
#1044 = EDGE_CURVE('',#1013,#1045,#1047,.T.);
#1045 = VERTEX_POINT('',#1046);
#1046 = CARTESIAN_POINT('',(95.036834964134,-31.1126983722,
    23.573933496377));
#1047 = SURFACE_CURVE('',#1048,(#1053,#1063),.PCURVE_S1.);
#1048 = ELLIPSE('',#1049,170.21814834208,100.);
#1049 = AXIS2_PLACEMENT_3D('',#1050,#1051,#1052);
#1050 = CARTESIAN_POINT('',(0.,0.,-64.66678206745));
#1051 = DIRECTION('',(-0.299336736098,0.751839807479,0.58748142295));
#1052 = DIRECTION('',(-0.217309181293,0.545812368894,-0.809237652169));
#1053 = PCURVE('',#94,#1054);
#1054 = DEFINITIONAL_REPRESENTATION('',(#1055),#1062);
#1055 = B_SPLINE_CURVE_WITH_KNOTS('',5,(#1056,#1057,#1058,#1059,#1060,
    #1061),.UNSPECIFIED.,.F.,.F.,(6,6),(3.972850967741,4.021099749209),
  .PIECEWISE_BEZIER_KNOTS.);
#1056 = CARTESIAN_POINT('',(-5.922548317559,-28.16730679202));
#1057 = CARTESIAN_POINT('',(-5.932198073852,-27.18530243666));
#1058 = CARTESIAN_POINT('',(-5.941847830146,-26.19249244909));
#1059 = CARTESIAN_POINT('',(-5.951497586439,-25.18906733341));
#1060 = CARTESIAN_POINT('',(-5.961147342733,-24.17522178726));
#1061 = CARTESIAN_POINT('',(-5.970797099026,-23.15115447521));
#1062 = ( GEOMETRIC_REPRESENTATION_CONTEXT(2) 
PARAMETRIC_REPRESENTATION_CONTEXT() REPRESENTATION_CONTEXT('2D SPACE',''
  ) );
#1063 = PCURVE('',#1064,#1069);
#1064 = PLANE('',#1065);
#1065 = AXIS2_PLACEMENT_3D('',#1066,#1067,#1068);
#1066 = CARTESIAN_POINT('',(89.06209210889,-34.90754697281,
    25.386174997782));
#1067 = DIRECTION('',(-0.299336736098,0.751839807479,0.58748142295));
#1068 = DIRECTION('',(0.341328129921,0.6593458151,-0.669894173608));
#1069 = DEFINITIONAL_REPRESENTATION('',(#1070),#1074);
#1070 = ELLIPSE('',#1071,170.21814834208,100.);
#1071 = AXIS2_PLACEMENT_2D('',#1072,#1073);
#1072 = CARTESIAN_POINT('',(52.942698919711,120.23809210795));
#1073 = DIRECTION('',(0.827808953047,0.561010104415));
#1074 = ( GEOMETRIC_REPRESENTATION_CONTEXT(2) 
PARAMETRIC_REPRESENTATION_CONTEXT() REPRESENTATION_CONTEXT('2D SPACE',''
  ) );
#1075 = ORIENTED_EDGE('',*,*,#1076,.T.);
#1076 = EDGE_CURVE('',#1045,#1077,#1079,.T.);
#1077 = VERTEX_POINT('',#1078);
#1078 = CARTESIAN_POINT('',(96.34592277652,-26.78550287638,
    19.981888900101));
#1079 = SURFACE_CURVE('',#1080,(#1085,#1095),.PCURVE_S1.);
#1080 = ELLIPSE('',#1081,149.27730967021,100.);
#1081 = AXIS2_PLACEMENT_3D('',#1082,#1083,#1084);
#1082 = CARTESIAN_POINT('',(0.,0.,-55.47254086676));
#1083 = DIRECTION('',(-0.341328129921,0.6593458151,0.669894173608));
#1084 = DIRECTION('',(-0.307969148522,0.594906049215,-0.742456595476));
#1085 = PCURVE('',#94,#1086);
#1086 = DEFINITIONAL_REPRESENTATION('',(#1087),#1094);
#1087 = B_SPLINE_CURVE_WITH_KNOTS('',5,(#1088,#1089,#1090,#1091,#1092,
    #1093),.UNSPECIFIED.,.F.,.F.,(6,6),(3.9137647918,3.968022533403),
  .PIECEWISE_BEZIER_KNOTS.);
#1088 = CARTESIAN_POINT('',(-5.962250074166,-23.927102532));
#1089 = CARTESIAN_POINT('',(-5.973101622486,-23.08798858217));
#1090 = CARTESIAN_POINT('',(-5.983953170807,-22.23718739187));
#1091 = CARTESIAN_POINT('',(-5.994804719128,-21.37490481651));
#1092 = CARTESIAN_POINT('',(-6.005656267448,-20.50135244763));
#1093 = CARTESIAN_POINT('',(-6.016507815769,-19.61674730156));
#1094 = ( GEOMETRIC_REPRESENTATION_CONTEXT(2) 
PARAMETRIC_REPRESENTATION_CONTEXT() REPRESENTATION_CONTEXT('2D SPACE',''
  ) );
#1095 = PCURVE('',#1096,#1101);
#1096 = PLANE('',#1097);
#1097 = AXIS2_PLACEMENT_3D('',#1098,#1099,#1100);
#1098 = CARTESIAN_POINT('',(91.02659775451,-31.1126983722,
    21.530615579564));
#1099 = DIRECTION('',(-0.341328129921,0.6593458151,0.669894173608));
#1100 = DIRECTION('',(0.299336736098,0.751839807479,-0.58748142295));
#1101 = DEFINITIONAL_REPRESENTATION('',(#1102),#1106);
#1102 = ELLIPSE('',#1103,149.27730967021,100.);
#1103 = AXIS2_PLACEMENT_2D('',#1104,#1105);
#1104 = CARTESIAN_POINT('',(41.382084405099,116.06399395053));
#1105 = DIRECTION('',(0.791267026962,0.611470761397));
#1106 = ( GEOMETRIC_REPRESENTATION_CONTEXT(2) 
PARAMETRIC_REPRESENTATION_CONTEXT() REPRESENTATION_CONTEXT('2D SPACE',''
  ) );
#1107 = ORIENTED_EDGE('',*,*,#1108,.T.);
#1108 = EDGE_CURVE('',#1077,#1109,#1111,.T.);
#1109 = VERTEX_POINT('',#1110);
#1110 = CARTESIAN_POINT('',(97.549987186058,-22.,17.006672761127));
#1111 = SURFACE_CURVE('',#1112,(#1117,#1127),.PCURVE_S1.);
#1112 = ELLIPSE('',#1113,134.98102889489,100.);
#1113 = AXIS2_PLACEMENT_3D('',#1114,#1115,#1116);
#1114 = CARTESIAN_POINT('',(0.,0.,-49.19564547682));
#1115 = DIRECTION('',(-0.377479304807,0.55557023302,0.740844849226));
#1116 = DIRECTION('',(-0.416351809428,0.612782393196,-0.671676193843));
#1117 = PCURVE('',#94,#1118);
#1118 = DEFINITIONAL_REPRESENTATION('',(#1119),#1126);
#1119 = B_SPLINE_CURVE_WITH_KNOTS('',5,(#1120,#1121,#1122,#1123,#1124,
    #1125),.UNSPECIFIED.,.F.,.F.,(6,6),(3.839455598467,3.898680602882),
  .PIECEWISE_BEZIER_KNOTS.);
#1120 = CARTESIAN_POINT('',(-6.007048834149,-20.27231827888));
#1121 = CARTESIAN_POINT('',(-6.018893835033,-19.58224351448));
#1122 = CARTESIAN_POINT('',(-6.030738835916,-18.87998545469));
#1123 = CARTESIAN_POINT('',(-6.042583836799,-18.16574580785));
#1124 = CARTESIAN_POINT('',(-6.054428837682,-17.43973340729));
#1125 = CARTESIAN_POINT('',(-6.066273838565,-16.70216384523));
#1126 = ( GEOMETRIC_REPRESENTATION_CONTEXT(2) 
PARAMETRIC_REPRESENTATION_CONTEXT() REPRESENTATION_CONTEXT('2D SPACE',''
  ) );
#1127 = PCURVE('',#1128,#1133);
#1128 = PLANE('',#1129);
#1129 = AXIS2_PLACEMENT_3D('',#1130,#1131,#1132);
#1130 = CARTESIAN_POINT('',(92.749422967135,-26.78550287638,
    18.149380718117));
#1131 = DIRECTION('',(-0.377479304807,0.55557023302,0.740844849226));
#1132 = DIRECTION('',(0.252223607729,0.831469612303,-0.495016702265));
#1133 = DEFINITIONAL_REPRESENTATION('',(#1134),#1138);
#1134 = ELLIPSE('',#1135,134.98102889489,100.);
#1135 = AXIS2_PLACEMENT_2D('',#1136,#1137);
#1136 = CARTESIAN_POINT('',(32.214650397395,113.21434307563));
#1137 = DIRECTION('',(0.736987117904,0.675906789464));
#1138 = ( GEOMETRIC_REPRESENTATION_CONTEXT(2) 
PARAMETRIC_REPRESENTATION_CONTEXT() REPRESENTATION_CONTEXT('2D SPACE',''
  ) );
#1139 = ORIENTED_EDGE('',*,*,#1140,.T.);
#1140 = EDGE_CURVE('',#1109,#1141,#1143,.T.);
#1141 = VERTEX_POINT('',#1142);
#1142 = CARTESIAN_POINT('',(98.572203811159,-16.83807102406,
    14.670545054985));
#1143 = SURFACE_CURVE('',#1144,(#1149,#1159),.PCURVE_S1.);
#1144 = ELLIPSE('',#1145,125.13773533984,100.);
#1145 = AXIS2_PLACEMENT_3D('',#1146,#1147,#1148);
#1146 = CARTESIAN_POINT('',(0.,0.,-44.87386942132));
#1147 = DIRECTION('',(-0.407171704131,0.442288690219,0.799119464072));
#1148 = DIRECTION('',(-0.541240601845,0.587920512292,-0.601172256629));
#1149 = PCURVE('',#94,#1150);
#1150 = DEFINITIONAL_REPRESENTATION('',(#1151),#1158);
#1151 = B_SPLINE_CURVE_WITH_KNOTS('',5,(#1152,#1153,#1154,#1155,#1156,
    #1157),.UNSPECIFIED.,.F.,.F.,(6,6),(3.741198406267,3.804355325046),
  .PIECEWISE_BEZIER_KNOTS.);
#1152 = CARTESIAN_POINT('',(-6.056076077511,-17.2323217136));
#1153 = CARTESIAN_POINT('',(-6.068707461266,-16.69607910652));
#1154 = CARTESIAN_POINT('',(-6.081338845022,-16.14745005201));
#1155 = CARTESIAN_POINT('',(-6.093970228778,-15.58661279618));
#1156 = CARTESIAN_POINT('',(-6.106601612534,-15.01375382311));
#1157 = CARTESIAN_POINT('',(-6.11923299629,-14.42906748312));
#1158 = ( GEOMETRIC_REPRESENTATION_CONTEXT(2) 
PARAMETRIC_REPRESENTATION_CONTEXT() REPRESENTATION_CONTEXT('2D SPACE',''
  ) );
#1159 = PCURVE('',#1160,#1165);
#1160 = PLANE('',#1161);
#1161 = AXIS2_PLACEMENT_3D('',#1162,#1163,#1164);
#1162 = CARTESIAN_POINT('',(94.20108972972,-22.,15.300324279375));
#1163 = DIRECTION('',(-0.407171704131,0.442288690219,0.799119464072));
#1164 = DIRECTION('',(0.200794863502,0.896872741533,-0.39408210856));
#1165 = DEFINITIONAL_REPRESENTATION('',(#1166),#1170);
#1166 = ELLIPSE('',#1167,125.13773533984,100.);
#1167 = AXIS2_PLACEMENT_2D('',#1168,#1169);
#1168 = CARTESIAN_POINT('',(24.52967849419,111.25229780443));
#1169 = DIRECTION('',(0.655522779393,0.755175400617));
#1170 = ( GEOMETRIC_REPRESENTATION_CONTEXT(2) 
PARAMETRIC_REPRESENTATION_CONTEXT() REPRESENTATION_CONTEXT('2D SPACE',''
  ) );
#1171 = ORIENTED_EDGE('',*,*,#1172,.T.);
#1172 = EDGE_CURVE('',#1141,#1173,#1175,.T.);
#1173 = VERTEX_POINT('',#1174);
#1174 = CARTESIAN_POINT('',(99.34944685736,-11.38803798451,
    12.990225184575));
#1175 = SURFACE_CURVE('',#1176,(#1181,#1191),.PCURVE_S1.);
#1176 = ELLIPSE('',#1177,118.52260295411,100.);
#1177 = AXIS2_PLACEMENT_3D('',#1178,#1179,#1180);
#1178 = CARTESIAN_POINT('',(0.,0.,-41.96944311433));
#1179 = DIRECTION('',(-0.429897282708,0.321439465303,0.843720923331));
#1180 = DIRECTION('',(-0.675718032476,0.505242651656,-0.536782081979));
#1181 = PCURVE('',#94,#1182);
#1182 = DEFINITIONAL_REPRESENTATION('',(#1183),#1190);
#1183 = B_SPLINE_CURVE_WITH_KNOTS('',5,(#1184,#1185,#1186,#1187,#1188,
    #1189),.UNSPECIFIED.,.F.,.F.,(6,6),(3.608909684794,3.674984044347),
  .PIECEWISE_BEZIER_KNOTS.);
#1184 = CARTESIAN_POINT('',(-6.108466996967,-14.82995328581));
#1185 = CARTESIAN_POINT('',(-6.121681868878,-14.45120574763));
#1186 = CARTESIAN_POINT('',(-6.134896740788,-14.06005940974));
#1187 = CARTESIAN_POINT('',(-6.148111612699,-13.65665206654));
#1188 = CARTESIAN_POINT('',(-6.161326484609,-13.24113053842));
#1189 = CARTESIAN_POINT('',(-6.17454135652,-12.81365035148));
#1190 = ( GEOMETRIC_REPRESENTATION_CONTEXT(2) 
PARAMETRIC_REPRESENTATION_CONTEXT() REPRESENTATION_CONTEXT('2D SPACE',''
  ) );
#1191 = PCURVE('',#1192,#1197);
#1192 = PLANE('',#1193);
#1193 = AXIS2_PLACEMENT_3D('',#1194,#1195,#1196);
#1194 = CARTESIAN_POINT('',(95.356759621479,-16.83807102406,
    13.032194408914));
#1195 = DIRECTION('',(-0.429897282708,0.321439465303,0.843720923331));
#1196 = DIRECTION('',(0.145930463489,0.946930129495,-0.286404660717));
#1197 = DEFINITIONAL_REPRESENTATION('',(#1198),#1202);
#1198 = ELLIPSE('',#1199,118.52260295411,100.);
#1199 = AXIS2_PLACEMENT_2D('',#1200,#1201);
#1200 = CARTESIAN_POINT('',(17.781745980606,109.93371585387));
#1201 = DIRECTION('',(0.53355853396,0.845763141097));
#1202 = ( GEOMETRIC_REPRESENTATION_CONTEXT(2) 
PARAMETRIC_REPRESENTATION_CONTEXT() REPRESENTATION_CONTEXT('2D SPACE',''
  ) );
#1203 = ORIENTED_EDGE('',*,*,#1204,.T.);
#1204 = EDGE_CURVE('',#1173,#1205,#1207,.T.);
#1205 = VERTEX_POINT('',#1206);
#1206 = CARTESIAN_POINT('',(99.834944783116,-5.743152457682,
    11.977408697497));
#1207 = SURFACE_CURVE('',#1208,(#1213,#1223),.PCURVE_S1.);
#1208 = ELLIPSE('',#1209,114.43139085172,100.);
#1209 = AXIS2_PLACEMENT_3D('',#1210,#1211,#1212);
#1210 = CARTESIAN_POINT('',(0.,0.,-40.17316401291));
#1211 = DIRECTION('',(-0.445267199587,0.195090322016,0.873886083667));
#1212 = DIRECTION('',(-0.800428287525,0.350701359788,-0.486130756868));
#1213 = PCURVE('',#94,#1214);
#1214 = DEFINITIONAL_REPRESENTATION('',(#1215),#1222);
#1215 = B_SPLINE_CURVE_WITH_KNOTS('',5,(#1216,#1217,#1218,#1219,#1220,
    #1221),.UNSPECIFIED.,.F.,.F.,(6,6),(3.434730235313,3.502732127012),
  .PIECEWISE_BEZIER_KNOTS.);
#1216 = CARTESIAN_POINT('',(-6.163373601065,-13.08244689414));
#1217 = CARTESIAN_POINT('',(-6.176973979405,-12.86383033315));
#1218 = CARTESIAN_POINT('',(-6.190574357745,-12.63290039001));
#1219 = CARTESIAN_POINT('',(-6.204174736085,-12.38974130861));
#1220 = CARTESIAN_POINT('',(-6.217775114425,-12.13444682756));
#1221 = CARTESIAN_POINT('',(-6.231375492765,-11.86711996358));
#1222 = ( GEOMETRIC_REPRESENTATION_CONTEXT(2) 
PARAMETRIC_REPRESENTATION_CONTEXT() REPRESENTATION_CONTEXT('2D SPACE',''
  ) );
#1223 = PCURVE('',#1224,#1229);
#1224 = PLANE('',#1225);
#1225 = AXIS2_PLACEMENT_3D('',#1226,#1227,#1228);
#1226 = CARTESIAN_POINT('',(96.196658810151,-11.38803798451,
    11.38379943766));
#1227 = DIRECTION('',(-0.445267199587,0.195090322016,0.873886083667));
#1228 = DIRECTION('',(8.856915278645E-02,0.980785280403,-0.173826749722)
  );
#1229 = DEFINITIONAL_REPRESENTATION('',(#1230),#1234);
#1230 = ELLIPSE('',#1231,114.43139085172,100.);
#1231 = AXIS2_PLACEMENT_2D('',#1232,#1233);
#1232 = CARTESIAN_POINT('',(11.611142838348,109.11822220694));
#1233 = DIRECTION('',(0.357572005611,0.933885571579));
#1234 = ( GEOMETRIC_REPRESENTATION_CONTEXT(2) 
PARAMETRIC_REPRESENTATION_CONTEXT() REPRESENTATION_CONTEXT('2D SPACE',''
  ) );
#1235 = ORIENTED_EDGE('',*,*,#1236,.T.);
#1236 = EDGE_CURVE('',#1205,#86,#1237,.T.);
#1237 = SURFACE_CURVE('',#1238,(#1243,#1253),.PCURVE_S1.);
#1238 = ELLIPSE('',#1239,112.47343802787,100.);
#1239 = AXIS2_PLACEMENT_3D('',#1240,#1241,#1242);
#1240 = CARTESIAN_POINT('',(0.,0.,-39.31350930643));
#1241 = DIRECTION('',(-0.453018471231,6.540312923014E-02,0.889098810825)
  );
#1242 = DIRECTION('',(-0.879975337631,0.127043695525,-0.457715309542));
#1243 = PCURVE('',#94,#1244);
#1244 = DEFINITIONAL_REPRESENTATION('',(#1245),#1252);
#1245 = B_SPLINE_CURVE_WITH_KNOTS('',5,(#1246,#1247,#1248,#1249,#1250,
    #1251),.UNSPECIFIED.,.F.,.F.,(6,6),(3.22175706185,3.284973836643),
  .PIECEWISE_BEZIER_KNOTS.);
#1246 = CARTESIAN_POINT('',(-6.219968532386,-12.00197734999));
#1247 = CARTESIAN_POINT('',(-6.232611887345,-11.94985498918));
#1248 = CARTESIAN_POINT('',(-6.245255242304,-11.88747886898));
#1249 = CARTESIAN_POINT('',(-6.257898597262,-11.81486634704));
#1250 = CARTESIAN_POINT('',(-6.270541952221,-11.73204161357));
#1251 = CARTESIAN_POINT('',(-6.28318530718,-11.63903564301));
#1252 = ( GEOMETRIC_REPRESENTATION_CONTEXT(2) 
PARAMETRIC_REPRESENTATION_CONTEXT() REPRESENTATION_CONTEXT('2D SPACE',''
  ) );
#1253 = PCURVE('',#1254,#1259);
#1254 = PLANE('',#1255);
#1255 = AXIS2_PLACEMENT_3D('',#1256,#1257,#1258);
#1256 = CARTESIAN_POINT('',(96.706416387755,-5.743152457682,
    10.383343860594));
#1257 = DIRECTION('',(-0.453018471231,6.540312923014E-02,0.889098810825)
  );
#1258 = DIRECTION('',(2.969239932372E-02,0.997858923239,
    -5.827461484639E-02));
#1259 = DEFINITIONAL_REPRESENTATION('',(#1260),#1264);
#1260 = ELLIPSE('',#1261,112.47343802787,100.);
#1261 = AXIS2_PLACEMENT_2D('',#1262,#1263);
#1262 = CARTESIAN_POINT('',(5.755475372253,108.72794713714));
#1263 = DIRECTION('',(0.127316289474,0.991862169071));
#1264 = ( GEOMETRIC_REPRESENTATION_CONTEXT(2) 
PARAMETRIC_REPRESENTATION_CONTEXT() REPRESENTATION_CONTEXT('2D SPACE',''
  ) );
#1265 = ADVANCED_FACE('',(#1266,#1269),#128,.F.);
#1266 = FACE_BOUND('',#1267,.F.);
#1267 = EDGE_LOOP('',(#1268));
#1268 = ORIENTED_EDGE('',*,*,#113,.T.);
#1269 = FACE_BOUND('',#1270,.F.);
#1270 = EDGE_LOOP('',(#1271));
#1271 = ORIENTED_EDGE('',*,*,#1272,.F.);
#1272 = EDGE_CURVE('',#1273,#1273,#1275,.T.);
#1273 = VERTEX_POINT('',#1274);
#1274 = CARTESIAN_POINT('',(97.,3.410605131648E-15,0.));
#1275 = SURFACE_CURVE('',#1276,(#1281,#1288),.PCURVE_S1.);
#1276 = CIRCLE('',#1277,97.);
#1277 = AXIS2_PLACEMENT_3D('',#1278,#1279,#1280);
#1278 = CARTESIAN_POINT('',(4.752109816764E-13,3.410605131648E-15,0.));
#1279 = DIRECTION('',(0.,0.,1.));
#1280 = DIRECTION('',(1.,0.,0.));
#1281 = PCURVE('',#128,#1282);
#1282 = DEFINITIONAL_REPRESENTATION('',(#1283),#1287);
#1283 = CIRCLE('',#1284,97.);
#1284 = AXIS2_PLACEMENT_2D('',#1285,#1286);
#1285 = CARTESIAN_POINT('',(4.82212275155E-13,7.492761128806E-15));
#1286 = DIRECTION('',(1.,0.));
#1287 = ( GEOMETRIC_REPRESENTATION_CONTEXT(2) 
PARAMETRIC_REPRESENTATION_CONTEXT() REPRESENTATION_CONTEXT('2D SPACE',''
  ) );
#1288 = PCURVE('',#1289,#1294);
#1289 = CYLINDRICAL_SURFACE('',#1290,97.);
#1290 = AXIS2_PLACEMENT_3D('',#1291,#1292,#1293);
#1291 = CARTESIAN_POINT('',(4.752109816764E-13,3.410605131648E-15,0.));
#1292 = DIRECTION('',(-0.,-0.,-1.));
#1293 = DIRECTION('',(1.,0.,0.));
#1294 = DEFINITIONAL_REPRESENTATION('',(#1295),#1299);
#1295 = LINE('',#1296,#1297);
#1296 = CARTESIAN_POINT('',(-0.,0.));
#1297 = VECTOR('',#1298,1.);
#1298 = DIRECTION('',(-1.,0.));
#1299 = ( GEOMETRIC_REPRESENTATION_CONTEXT(2) 
PARAMETRIC_REPRESENTATION_CONTEXT() REPRESENTATION_CONTEXT('2D SPACE',''
  ) );
#1300 = ADVANCED_FACE('',(#1301),#1289,.F.);
#1301 = FACE_BOUND('',#1302,.T.);
#1302 = EDGE_LOOP('',(#1303,#1326,#1327,#1328,#1355,#1382,#1409,#1436,
    #1463,#1490,#1517,#1544,#1571,#1598,#1625,#1657,#1691,#1717,#1749,
    #1783,#1812,#1835,#1857,#1858,#1887,#1916,#1948,#1974,#2003,#2035,
    #2062,#2089,#2116,#2143,#2170,#2197,#2224,#2251,#2278,#2305));
#1303 = ORIENTED_EDGE('',*,*,#1304,.F.);
#1304 = EDGE_CURVE('',#1273,#1305,#1307,.T.);
#1305 = VERTEX_POINT('',#1306);
#1306 = CARTESIAN_POINT('',(97.,-2.336031871362E-15,10.11045929453));
#1307 = SEAM_CURVE('',#1308,(#1312,#1319),.PCURVE_S1.);
#1308 = LINE('',#1309,#1310);
#1309 = CARTESIAN_POINT('',(97.,3.410605131648E-15,0.));
#1310 = VECTOR('',#1311,1.);
#1311 = DIRECTION('',(0.,0.,1.));
#1312 = PCURVE('',#1289,#1313);
#1313 = DEFINITIONAL_REPRESENTATION('',(#1314),#1318);
#1314 = LINE('',#1315,#1316);
#1315 = CARTESIAN_POINT('',(-6.28318530718,0.));
#1316 = VECTOR('',#1317,1.);
#1317 = DIRECTION('',(-0.,-1.));
#1318 = ( GEOMETRIC_REPRESENTATION_CONTEXT(2) 
PARAMETRIC_REPRESENTATION_CONTEXT() REPRESENTATION_CONTEXT('2D SPACE',''
  ) );
#1319 = PCURVE('',#1289,#1320);
#1320 = DEFINITIONAL_REPRESENTATION('',(#1321),#1325);
#1321 = LINE('',#1322,#1323);
#1322 = CARTESIAN_POINT('',(-0.,0.));
#1323 = VECTOR('',#1324,1.);
#1324 = DIRECTION('',(-0.,-1.));
#1325 = ( GEOMETRIC_REPRESENTATION_CONTEXT(2) 
PARAMETRIC_REPRESENTATION_CONTEXT() REPRESENTATION_CONTEXT('2D SPACE',''
  ) );
#1326 = ORIENTED_EDGE('',*,*,#1272,.F.);
#1327 = ORIENTED_EDGE('',*,*,#1304,.T.);
#1328 = ORIENTED_EDGE('',*,*,#1329,.T.);
#1329 = EDGE_CURVE('',#1305,#1330,#1332,.T.);
#1330 = VERTEX_POINT('',#1331);
#1331 = CARTESIAN_POINT('',(96.829831146439,5.743152457682,
    10.446226820987));
#1332 = SURFACE_CURVE('',#1333,(#1338,#1348),.PCURVE_S1.);
#1333 = ELLIPSE('',#1334,109.09923488703,97.);
#1334 = AXIS2_PLACEMENT_3D('',#1335,#1336,#1337);
#1335 = CARTESIAN_POINT('',(4.752109816764E-13,3.410605131648E-15,
    -39.31350930642));
#1336 = DIRECTION('',(-0.453018471231,-6.540312923014E-02,0.889098810825
    ));
#1337 = DIRECTION('',(-0.879975337631,-0.127043695525,-0.457715309542));
#1338 = PCURVE('',#1289,#1339);
#1339 = DEFINITIONAL_REPRESENTATION('',(#1340),#1347);
#1340 = B_SPLINE_CURVE_WITH_KNOTS('',5,(#1341,#1342,#1343,#1344,#1345,
    #1346),.UNSPECIFIED.,.F.,.F.,(6,6),(2.998211470536,3.063386134566),
  .PIECEWISE_BEZIER_KNOTS.);
#1341 = CARTESIAN_POINT('',(0.,-10.11045929453));
#1342 = CARTESIAN_POINT('',(-1.303493280601E-02,-10.20346916282));
#1343 = CARTESIAN_POINT('',(-2.606986561201E-02,-10.28598203064));
#1344 = CARTESIAN_POINT('',(-3.910479841802E-02,-10.35796497378));
#1345 = CARTESIAN_POINT('',(-5.213973122403E-02,-10.41939250283));
#1346 = CARTESIAN_POINT('',(-6.517466403003E-02,-10.47024661732));
#1347 = ( GEOMETRIC_REPRESENTATION_CONTEXT(2) 
PARAMETRIC_REPRESENTATION_CONTEXT() REPRESENTATION_CONTEXT('2D SPACE',''
  ) );
#1348 = PCURVE('',#161,#1349);
#1349 = DEFINITIONAL_REPRESENTATION('',(#1350),#1354);
#1350 = ELLIPSE('',#1351,109.09923488703,97.);
#1351 = AXIS2_PLACEMENT_2D('',#1352,#1353);
#1352 = CARTESIAN_POINT('',(1.15463194561E-14,108.72794713714));
#1353 = DIRECTION('',(-0.127316289474,0.991862169071));
#1354 = ( GEOMETRIC_REPRESENTATION_CONTEXT(2) 
PARAMETRIC_REPRESENTATION_CONTEXT() REPRESENTATION_CONTEXT('2D SPACE',''
  ) );
#1355 = ORIENTED_EDGE('',*,*,#1356,.T.);
#1356 = EDGE_CURVE('',#1330,#1357,#1359,.T.);
#1357 = VERTEX_POINT('',#1358);
#1358 = CARTESIAN_POINT('',(96.329188675414,11.388037984511,
    11.45132677683));
#1359 = SURFACE_CURVE('',#1360,(#1365,#1375),.PCURVE_S1.);
#1360 = ELLIPSE('',#1361,110.99844912616,97.);
#1361 = AXIS2_PLACEMENT_3D('',#1362,#1363,#1364);
#1362 = CARTESIAN_POINT('',(4.752109816764E-13,3.410605131648E-15,
    -40.17316401291));
#1363 = DIRECTION('',(-0.445267199587,-0.195090322016,0.873886083667));
#1364 = DIRECTION('',(-0.800428287525,-0.350701359788,-0.486130756868));
#1365 = PCURVE('',#1289,#1366);
#1366 = DEFINITIONAL_REPRESENTATION('',(#1367),#1374);
#1367 = B_SPLINE_CURVE_WITH_KNOTS('',5,(#1368,#1369,#1370,#1371,#1372,
    #1373),.UNSPECIFIED.,.F.,.F.,(6,6),(2.782057048207,2.852179265138),
  .PIECEWISE_BEZIER_KNOTS.);
#1368 = CARTESIAN_POINT('',(-5.341368245471E-02,-10.33642611795));
#1369 = CARTESIAN_POINT('',(-6.743812584081E-02,-10.60268268289));
#1370 = CARTESIAN_POINT('',(-8.146256922691E-02,-10.85652114883));
#1371 = CARTESIAN_POINT('',(-9.5487012613E-02,-11.09783241313));
#1372 = CARTESIAN_POINT('',(-0.109511455999,-11.3265175555));
#1373 = CARTESIAN_POINT('',(-0.123535899385,-11.54248808097));
#1374 = ( GEOMETRIC_REPRESENTATION_CONTEXT(2) 
PARAMETRIC_REPRESENTATION_CONTEXT() REPRESENTATION_CONTEXT('2D SPACE',''
  ) );
#1375 = PCURVE('',#193,#1376);
#1376 = DEFINITIONAL_REPRESENTATION('',(#1377),#1381);
#1377 = ELLIPSE('',#1378,110.99844912616,97.);
#1378 = AXIS2_PLACEMENT_2D('',#1379,#1380);
#1379 = CARTESIAN_POINT('',(-5.855667466095,109.11822220694));
#1380 = DIRECTION('',(-0.357572005611,0.933885571579));
#1381 = ( GEOMETRIC_REPRESENTATION_CONTEXT(2) 
PARAMETRIC_REPRESENTATION_CONTEXT() REPRESENTATION_CONTEXT('2D SPACE',''
  ) );
#1382 = ORIENTED_EDGE('',*,*,#1383,.T.);
#1383 = EDGE_CURVE('',#1357,#1384,#1386,.T.);
#1384 = VERTEX_POINT('',#1385);
#1385 = CARTESIAN_POINT('',(95.527374946602,16.838071024064,
    13.119127259138));
#1386 = SURFACE_CURVE('',#1387,(#1392,#1402),.PCURVE_S1.);
#1387 = ELLIPSE('',#1388,114.96692486549,97.);
#1388 = AXIS2_PLACEMENT_3D('',#1389,#1390,#1391);
#1389 = CARTESIAN_POINT('',(4.752109816764E-13,3.410605131648E-15,
    -41.96944311433));
#1390 = DIRECTION('',(-0.429897282708,-0.321439465303,0.843720923331));
#1391 = DIRECTION('',(-0.675718032476,-0.505242651656,-0.536782081979));
#1392 = PCURVE('',#1289,#1393);
#1393 = DEFINITIONAL_REPRESENTATION('',(#1394),#1401);
#1394 = B_SPLINE_CURVE_WITH_KNOTS('',5,(#1395,#1396,#1397,#1398,#1399,
    #1400),.UNSPECIFIED.,.F.,.F.,(6,6),(2.611575295399,2.679737606382),
  .PIECEWISE_BEZIER_KNOTS.);
#1395 = CARTESIAN_POINT('',(-0.112017983226,-11.27572514775));
#1396 = CARTESIAN_POINT('',(-0.125650445422,-11.70103740326));
#1397 = CARTESIAN_POINT('',(-0.139282907619,-12.11398053841));
#1398 = CARTESIAN_POINT('',(-0.152915369816,-12.51438988184));
#1399 = CARTESIAN_POINT('',(-0.166547832012,-12.90211034504));
#1400 = CARTESIAN_POINT('',(-0.180180294209,-13.27699678242));
#1401 = ( GEOMETRIC_REPRESENTATION_CONTEXT(2) 
PARAMETRIC_REPRESENTATION_CONTEXT() REPRESENTATION_CONTEXT('2D SPACE',''
  ) );
#1402 = PCURVE('',#225,#1403);
#1403 = DEFINITIONAL_REPRESENTATION('',(#1404),#1408);
#1404 = ELLIPSE('',#1405,114.96692486549,97.);
#1405 = AXIS2_PLACEMENT_2D('',#1406,#1407);
#1406 = CARTESIAN_POINT('',(-12.02627060835,109.93371585387));
#1407 = DIRECTION('',(-0.53355853396,0.845763141097));
#1408 = ( GEOMETRIC_REPRESENTATION_CONTEXT(2) 
PARAMETRIC_REPRESENTATION_CONTEXT() REPRESENTATION_CONTEXT('2D SPACE',''
  ) );
#1409 = ORIENTED_EDGE('',*,*,#1410,.T.);
#1410 = EDGE_CURVE('',#1384,#1411,#1413,.T.);
#1411 = VERTEX_POINT('',#1412);
#1412 = CARTESIAN_POINT('',(94.472218138456,22.,15.438471103708));
#1413 = SURFACE_CURVE('',#1414,(#1419,#1429),.PCURVE_S1.);
#1414 = ELLIPSE('',#1415,121.38360327964,97.);
#1415 = AXIS2_PLACEMENT_3D('',#1416,#1417,#1418);
#1416 = CARTESIAN_POINT('',(4.752109816764E-13,3.410605131648E-15,
    -44.87386942132));
#1417 = DIRECTION('',(-0.407171704131,-0.442288690219,0.799119464072));
#1418 = DIRECTION('',(-0.541240601845,-0.587920512292,-0.601172256629));
#1419 = PCURVE('',#1289,#1420);
#1420 = DEFINITIONAL_REPRESENTATION('',(#1421),#1428);
#1421 = B_SPLINE_CURVE_WITH_KNOTS('',5,(#1422,#1423,#1424,#1425,#1426,
    #1427),.UNSPECIFIED.,.F.,.F.,(6,6),(2.483948789799,2.549140178489),
  .PIECEWISE_BEZIER_KNOTS.);
#1422 = CARTESIAN_POINT('',(-0.169071118555,-12.87905784256));
#1423 = CARTESIAN_POINT('',(-0.182109396293,-13.46062620369));
#1424 = CARTESIAN_POINT('',(-0.195147674031,-14.02992230713));
#1425 = CARTESIAN_POINT('',(-0.208185951769,-14.58674018387));
#1426 = CARTESIAN_POINT('',(-0.221224229507,-15.13088256159));
#1427 = CARTESIAN_POINT('',(-0.234262507245,-15.66216128368));
#1428 = ( GEOMETRIC_REPRESENTATION_CONTEXT(2) 
PARAMETRIC_REPRESENTATION_CONTEXT() REPRESENTATION_CONTEXT('2D SPACE',''
  ) );
#1429 = PCURVE('',#257,#1430);
#1430 = DEFINITIONAL_REPRESENTATION('',(#1431),#1435);
#1431 = ELLIPSE('',#1432,121.38360327964,97.);
#1432 = AXIS2_PLACEMENT_2D('',#1433,#1434);
#1433 = CARTESIAN_POINT('',(-18.77420312193,111.25229780443));
#1434 = DIRECTION('',(-0.655522779393,0.755175400617));
#1435 = ( GEOMETRIC_REPRESENTATION_CONTEXT(2) 
PARAMETRIC_REPRESENTATION_CONTEXT() REPRESENTATION_CONTEXT('2D SPACE',''
  ) );
#1436 = ORIENTED_EDGE('',*,*,#1437,.T.);
#1437 = EDGE_CURVE('',#1411,#1438,#1440,.T.);
#1438 = VERTEX_POINT('',#1439);
#1439 = CARTESIAN_POINT('',(93.228412169571,26.785502876384,
    18.393437906791));
#1440 = SURFACE_CURVE('',#1441,(#1446,#1456),.PCURVE_S1.);
#1441 = ELLIPSE('',#1442,130.93159802804,97.);
#1442 = AXIS2_PLACEMENT_3D('',#1443,#1444,#1445);
#1443 = CARTESIAN_POINT('',(4.752109816764E-13,3.410605131648E-15,
    -49.19564547682));
#1444 = DIRECTION('',(-0.377479304807,-0.55557023302,0.740844849226));
#1445 = DIRECTION('',(-0.416351809428,-0.612782393196,-0.671676193843));
#1446 = PCURVE('',#1289,#1447);
#1447 = DEFINITIONAL_REPRESENTATION('',(#1448),#1455);
#1448 = B_SPLINE_CURVE_WITH_KNOTS('',5,(#1449,#1450,#1451,#1452,#1453,
    #1454),.UNSPECIFIED.,.F.,.F.,(6,6),(2.391325719146,2.452504936679),
  .PIECEWISE_BEZIER_KNOTS.);
#1449 = CARTESIAN_POINT('',(-0.223732483464,-15.13573122073));
#1450 = CARTESIAN_POINT('',(-0.23596832697,-15.86942869326));
#1451 = CARTESIAN_POINT('',(-0.248204170477,-16.59108688116));
#1452 = CARTESIAN_POINT('',(-0.260440013983,-17.30047693757));
#1453 = CARTESIAN_POINT('',(-0.272675857489,-17.99737752905));
#1454 = CARTESIAN_POINT('',(-0.284911700996,-18.6815752495));
#1455 = ( GEOMETRIC_REPRESENTATION_CONTEXT(2) 
PARAMETRIC_REPRESENTATION_CONTEXT() REPRESENTATION_CONTEXT('2D SPACE',''
  ) );
#1456 = PCURVE('',#289,#1457);
#1457 = DEFINITIONAL_REPRESENTATION('',(#1458),#1462);
#1458 = ELLIPSE('',#1459,130.93159802804,97.);
#1459 = AXIS2_PLACEMENT_2D('',#1460,#1461);
#1460 = CARTESIAN_POINT('',(-26.45917502514,113.21434307563));
#1461 = DIRECTION('',(-0.736987117904,0.675906789464));
#1462 = ( GEOMETRIC_REPRESENTATION_CONTEXT(2) 
PARAMETRIC_REPRESENTATION_CONTEXT() REPRESENTATION_CONTEXT('2D SPACE',''
  ) );
#1463 = ORIENTED_EDGE('',*,*,#1464,.T.);
#1464 = EDGE_CURVE('',#1438,#1465,#1467,.T.);
#1465 = VERTEX_POINT('',#1466);
#1466 = CARTESIAN_POINT('',(91.874914965948,31.112698372208,
    21.962854788036));
#1467 = SURFACE_CURVE('',#1468,(#1473,#1483),.PCURVE_S1.);
#1468 = ELLIPSE('',#1469,144.79899038011,97.);
#1469 = AXIS2_PLACEMENT_3D('',#1470,#1471,#1472);
#1470 = CARTESIAN_POINT('',(4.752109816764E-13,3.410605131648E-15,
    -55.47254086676));
#1471 = DIRECTION('',(-0.341328129921,-0.6593458151,0.669894173608));
#1472 = DIRECTION('',(-0.307969148522,-0.594906049215,-0.742456595476));
#1473 = PCURVE('',#1289,#1474);
#1474 = DEFINITIONAL_REPRESENTATION('',(#1475),#1482);
#1475 = B_SPLINE_CURVE_WITH_KNOTS('',5,(#1476,#1477,#1478,#1479,#1480,
    #1481),.UNSPECIFIED.,.F.,.F.,(6,6),(2.32362165057,2.379719595812),
  .PIECEWISE_BEZIER_KNOTS.);
#1476 = CARTESIAN_POINT('',(-0.275136368204,-18.03032559352));
#1477 = CARTESIAN_POINT('',(-0.286355957253,-18.91055053058));
#1478 = CARTESIAN_POINT('',(-0.297575546301,-19.77920986716));
#1479 = CARTESIAN_POINT('',(-0.308795135349,-20.6360727653));
#1480 = CARTESIAN_POINT('',(-0.320014724398,-21.48091445528));
#1481 = CARTESIAN_POINT('',(-0.331234313446,-22.31351658907));
#1482 = ( GEOMETRIC_REPRESENTATION_CONTEXT(2) 
PARAMETRIC_REPRESENTATION_CONTEXT() REPRESENTATION_CONTEXT('2D SPACE',''
  ) );
#1483 = PCURVE('',#321,#1484);
#1484 = DEFINITIONAL_REPRESENTATION('',(#1485),#1489);
#1485 = ELLIPSE('',#1486,144.79899038011,97.);
#1486 = AXIS2_PLACEMENT_2D('',#1487,#1488);
#1487 = CARTESIAN_POINT('',(-35.62660903284,116.06399395053));
#1488 = DIRECTION('',(-0.791267026962,0.611470761397));
#1489 = ( GEOMETRIC_REPRESENTATION_CONTEXT(2) 
PARAMETRIC_REPRESENTATION_CONTEXT() REPRESENTATION_CONTEXT('2D SPACE',''
  ) );
#1490 = ORIENTED_EDGE('',*,*,#1491,.T.);
#1491 = EDGE_CURVE('',#1465,#1492,#1494,.T.);
#1492 = VERTEX_POINT('',#1493);
#1493 = CARTESIAN_POINT('',(90.501177695878,34.907546972814,
    26.119425728353));
#1494 = SURFACE_CURVE('',#1495,(#1500,#1510),.PCURVE_S1.);
#1495 = ELLIPSE('',#1496,165.11160389182,97.);
#1496 = AXIS2_PLACEMENT_3D('',#1497,#1498,#1499);
#1497 = CARTESIAN_POINT('',(4.752109816764E-13,3.410605131648E-15,
    -64.66678206745));
#1498 = DIRECTION('',(-0.299336736098,-0.751839807479,0.58748142295));
#1499 = DIRECTION('',(-0.217309181293,-0.545812368894,-0.809237652169));
#1500 = PCURVE('',#1289,#1501);
#1501 = DEFINITIONAL_REPRESENTATION('',(#1502),#1509);
#1502 = B_SPLINE_CURVE_WITH_KNOTS('',5,(#1503,#1504,#1505,#1506,#1507,
    #1508),.UNSPECIFIED.,.F.,.F.,(6,6),(2.272090428441,2.322024195922),
  .PIECEWISE_BEZIER_KNOTS.);
#1503 = CARTESIAN_POINT('',(-0.322393078624,-21.54223663632));
#1504 = CARTESIAN_POINT('',(-0.33237983212,-22.56170989059));
#1505 = CARTESIAN_POINT('',(-0.342366585616,-23.57043554786));
#1506 = CARTESIAN_POINT('',(-0.352353339112,-24.5682017799));
#1507 = CARTESIAN_POINT('',(-0.362340092608,-25.55480122603));
#1508 = CARTESIAN_POINT('',(-0.372326846104,-26.5300312515));
#1509 = ( GEOMETRIC_REPRESENTATION_CONTEXT(2) 
PARAMETRIC_REPRESENTATION_CONTEXT() REPRESENTATION_CONTEXT('2D SPACE',''
  ) );
#1510 = PCURVE('',#353,#1511);
#1511 = DEFINITIONAL_REPRESENTATION('',(#1512),#1516);
#1512 = ELLIPSE('',#1513,165.11160389182,97.);
#1513 = AXIS2_PLACEMENT_2D('',#1514,#1515);
#1514 = CARTESIAN_POINT('',(-47.18722354745,120.23809210795));
#1515 = DIRECTION('',(-0.827808953047,0.561010104415));
#1516 = ( GEOMETRIC_REPRESENTATION_CONTEXT(2) 
PARAMETRIC_REPRESENTATION_CONTEXT() REPRESENTATION_CONTEXT('2D SPACE',''
  ) );
#1517 = ORIENTED_EDGE('',*,*,#1518,.T.);
#1518 = EDGE_CURVE('',#1492,#1519,#1521,.T.);
#1519 = VERTEX_POINT('',#1520);
#1520 = CARTESIAN_POINT('',(89.202017914395,38.105117766515,
    30.828366195169));
#1521 = SURFACE_CURVE('',#1522,(#1527,#1537),.PCURVE_S1.);
#1522 = ELLIPSE('',#1523,195.95298412377,97.);
#1523 = AXIS2_PLACEMENT_3D('',#1524,#1525,#1526);
#1524 = CARTESIAN_POINT('',(4.752109816764E-13,3.410605131648E-15,
    -78.62673304328));
#1525 = DIRECTION('',(-0.252223607729,-0.831469612303,0.495016702265));
#1526 = DIRECTION('',(-0.143695794077,-0.47370144003,-0.868883458513));
#1527 = PCURVE('',#1289,#1528);
#1528 = DEFINITIONAL_REPRESENTATION('',(#1529),#1536);
#1529 = B_SPLINE_CURVE_WITH_KNOTS('',5,(#1530,#1531,#1532,#1533,#1534,
    #1535),.UNSPECIFIED.,.F.,.F.,(6,6),(2.229920206842,2.272621876916),
  .PIECEWISE_BEZIER_KNOTS.);
#1530 = CARTESIAN_POINT('',(-0.364599504546,-25.64484815867));
#1531 = CARTESIAN_POINT('',(-0.373139838561,-26.79434061196));
#1532 = CARTESIAN_POINT('',(-0.381680172576,-27.93432645512));
#1533 = CARTESIAN_POINT('',(-0.390220506591,-29.06463101949));
#1534 = CARTESIAN_POINT('',(-0.398760840605,-30.18508252615));
#1535 = CARTESIAN_POINT('',(-0.40730117462,-31.2955122424));
#1536 = ( GEOMETRIC_REPRESENTATION_CONTEXT(2) 
PARAMETRIC_REPRESENTATION_CONTEXT() REPRESENTATION_CONTEXT('2D SPACE',''
  ) );
#1537 = PCURVE('',#385,#1538);
#1538 = DEFINITIONAL_REPRESENTATION('',(#1539),#1543);
#1539 = ELLIPSE('',#1540,195.95298412377,97.);
#1540 = AXIS2_PLACEMENT_2D('',#1541,#1542);
#1541 = CARTESIAN_POINT('',(-62.8319245671,126.57577722781));
#1542 = DIRECTION('',(-0.852640065784,0.522498725567));
#1543 = ( GEOMETRIC_REPRESENTATION_CONTEXT(2) 
PARAMETRIC_REPRESENTATION_CONTEXT() REPRESENTATION_CONTEXT('2D SPACE',''
  ) );
#1544 = ORIENTED_EDGE('',*,*,#1545,.T.);
#1545 = EDGE_CURVE('',#1519,#1546,#1548,.T.);
#1546 = VERTEX_POINT('',#1547);
#1547 = CARTESIAN_POINT('',(88.071111244332,40.650699430497,
    36.045508792266));
#1548 = SURFACE_CURVE('',#1549,(#1554,#1564),.PCURVE_S1.);
#1549 = ELLIPSE('',#1550,246.14159814176,97.);
#1550 = AXIS2_PLACEMENT_3D('',#1551,#1552,#1553);
#1551 = CARTESIAN_POINT('',(4.752109816764E-13,3.410605131648E-15,
    -101.3439586008));
#1552 = DIRECTION('',(-0.200794863502,-0.896872741533,0.39408210856));
#1553 = DIRECTION('',(-8.60970462376E-02,-0.384562097607,-0.919075237243
    ));
#1554 = PCURVE('',#1289,#1555);
#1555 = DEFINITIONAL_REPRESENTATION('',(#1556),#1563);
#1556 = B_SPLINE_CURVE_WITH_KNOTS('',5,(#1557,#1558,#1559,#1560,#1561,
    #1562),.UNSPECIFIED.,.F.,.F.,(6,6),(2.191909446259,2.22637108882),
  .PIECEWISE_BEZIER_KNOTS.);
#1557 = CARTESIAN_POINT('',(-0.400861785528,-30.30421739262));
#1558 = CARTESIAN_POINT('',(-0.407754114041,-31.57220812026));
#1559 = CARTESIAN_POINT('',(-0.414646442553,-32.83238154757));
#1560 = CARTESIAN_POINT('',(-0.421538771065,-34.08461218518));
#1561 = CARTESIAN_POINT('',(-0.428431099577,-35.32877609123));
#1562 = CARTESIAN_POINT('',(-0.43532342809,-36.56475094497));
#1563 = ( GEOMETRIC_REPRESENTATION_CONTEXT(2) 
PARAMETRIC_REPRESENTATION_CONTEXT() REPRESENTATION_CONTEXT('2D SPACE',''
  ) );
#1564 = PCURVE('',#417,#1565);
#1565 = DEFINITIONAL_REPRESENTATION('',(#1566),#1570);
#1566 = ELLIPSE('',#1567,246.14159814176,97.);
#1567 = AXIS2_PLACEMENT_2D('',#1568,#1569);
#1568 = CARTESIAN_POINT('',(-86.15440233763,136.88918181139));
#1569 = DIRECTION('',(-0.869482096449,0.493964456165));
#1570 = ( GEOMETRIC_REPRESENTATION_CONTEXT(2) 
PARAMETRIC_REPRESENTATION_CONTEXT() REPRESENTATION_CONTEXT('2D SPACE',''
  ) );
#1571 = ORIENTED_EDGE('',*,*,#1572,.T.);
#1572 = EDGE_CURVE('',#1546,#1573,#1575,.T.);
#1573 = VERTEX_POINT('',#1574);
#1574 = CARTESIAN_POINT('',(87.193390856972,42.500736356719,
    41.715002993631));
#1575 = SURFACE_CURVE('',#1576,(#1581,#1591),.PCURVE_S1.);
#1576 = ELLIPSE('',#1577,338.68163931848,97.);
#1577 = AXIS2_PLACEMENT_3D('',#1578,#1579,#1580);
#1578 = CARTESIAN_POINT('',(4.752109816764E-13,3.410605131648E-15,
    -143.2310086749));
#1579 = DIRECTION('',(-0.145930463489,-0.946930129495,0.286404660717));
#1580 = DIRECTION('',(-4.362256897448E-02,-0.28306306922,-0.958108746604
    ));
#1581 = PCURVE('',#1289,#1582);
#1582 = DEFINITIONAL_REPRESENTATION('',(#1583),#1590);
#1583 = B_SPLINE_CURVE_WITH_KNOTS('',5,(#1584,#1585,#1586,#1587,#1588,
    #1589),.UNSPECIFIED.,.F.,.F.,(6,6),(2.154033943533,2.179366994161),
  .PIECEWISE_BEZIER_KNOTS.);
#1584 = CARTESIAN_POINT('',(-0.430331521285,-35.47722647426));
#1585 = CARTESIAN_POINT('',(-0.435398131411,-36.8495168634));
#1586 = CARTESIAN_POINT('',(-0.440464741537,-38.21607283184));
#1587 = CARTESIAN_POINT('',(-0.445531351662,-39.57682098906));
#1588 = CARTESIAN_POINT('',(-0.450597961788,-40.93168855799));
#1589 = CARTESIAN_POINT('',(-0.455664571913,-42.28060339826));
#1590 = ( GEOMETRIC_REPRESENTATION_CONTEXT(2) 
PARAMETRIC_REPRESENTATION_CONTEXT() REPRESENTATION_CONTEXT('2D SPACE',''
  ) );
#1591 = PCURVE('',#449,#1592);
#1592 = DEFINITIONAL_REPRESENTATION('',(#1593),#1597);
#1593 = ELLIPSE('',#1594,338.68163931848,97.);
#1594 = AXIS2_PLACEMENT_2D('',#1595,#1596);
#1595 = CARTESIAN_POINT('',(-126.464556529,155.90550460712));
#1596 = DIRECTION('',(-0.880610814087,0.473840262234));
#1597 = ( GEOMETRIC_REPRESENTATION_CONTEXT(2) 
PARAMETRIC_REPRESENTATION_CONTEXT() REPRESENTATION_CONTEXT('2D SPACE',''
  ) );
#1598 = ORIENTED_EDGE('',*,*,#1599,.T.);
#1599 = EDGE_CURVE('',#1573,#1600,#1602,.T.);
#1600 = VERTEX_POINT('',#1601);
#1601 = CARTESIAN_POINT('',(86.637080976636,43.623573900448,
    47.766952086997));
#1602 = SURFACE_CURVE('',#1603,(#1608,#1618),.PCURVE_S1.);
#1603 = ELLIPSE('',#1604,558.0268868567,97.);
#1604 = AXIS2_PLACEMENT_3D('',#1605,#1606,#1607);
#1605 = CARTESIAN_POINT('',(4.752109816764E-13,3.410605131648E-15,
    -242.5147916763));
#1606 = DIRECTION('',(-8.856915278645E-02,-0.980785280403,0.173826749722
    ));
#1607 = DIRECTION('',(-1.563369137538E-02,-0.173122288031,
    -0.984776249247));
#1608 = PCURVE('',#1289,#1609);
#1609 = DEFINITIONAL_REPRESENTATION('',(#1610),#1617);
#1610 = B_SPLINE_CURVE_WITH_KNOTS('',5,(#1611,#1612,#1613,#1614,#1615,
    #1616),.UNSPECIFIED.,.F.,.F.,(6,6),(2.11311073004,2.1286131153),
  .PIECEWISE_BEZIER_KNOTS.);
#1611 = CARTESIAN_POINT('',(-0.452254357422,-41.10930372754));
#1612 = CARTESIAN_POINT('',(-0.455354834474,-42.56864521368));
#1613 = CARTESIAN_POINT('',(-0.458455311526,-44.0245786167));
#1614 = CARTESIAN_POINT('',(-0.461555788578,-45.47707471037));
#1615 = CARTESIAN_POINT('',(-0.46465626563,-46.92610440496));
#1616 = CARTESIAN_POINT('',(-0.467756742682,-48.37163875077));
#1617 = ( GEOMETRIC_REPRESENTATION_CONTEXT(2) 
PARAMETRIC_REPRESENTATION_CONTEXT() REPRESENTATION_CONTEXT('2D SPACE',''
  ) );
#1618 = PCURVE('',#481,#1619);
#1619 = DEFINITIONAL_REPRESENTATION('',(#1620),#1624);
#1620 = ELLIPSE('',#1621,558.0268868567,97.);
#1621 = AXIS2_PLACEMENT_2D('',#1622,#1623);
#1622 = CARTESIAN_POINT('',(-217.851587498,200.97939886799));
#1623 = DIRECTION('',(-0.887395572685,0.46100878254));
#1624 = ( GEOMETRIC_REPRESENTATION_CONTEXT(2) 
PARAMETRIC_REPRESENTATION_CONTEXT() REPRESENTATION_CONTEXT('2D SPACE',''
  ) );
#1625 = ORIENTED_EDGE('',*,*,#1626,.T.);
#1626 = EDGE_CURVE('',#1600,#1627,#1629,.T.);
#1627 = VERTEX_POINT('',#1628);
#1628 = CARTESIAN_POINT('',(86.461515568773,43.970516548602,
    53.618331113931));
#1629 = SURFACE_CURVE('',#1630,(#1635,#1645),.PCURVE_S1.);
#1630 = ELLIPSE('',#1631,1.664532665822E+03,97.);
#1631 = AXIS2_PLACEMENT_3D('',#1632,#1633,#1634);
#1632 = CARTESIAN_POINT('',(4.752109816764E-13,3.410605131648E-15,
    -743.3602892726));
#1633 = DIRECTION('',(-2.969239932372E-02,-0.997858923239,
    5.827461484639E-02));
#1634 = DIRECTION('',(-1.733258650436E-03,-5.824883303506E-02,
    -0.998300590636));
#1635 = PCURVE('',#1289,#1636);
#1636 = DEFINITIONAL_REPRESENTATION('',(#1637),#1644);
#1637 = B_SPLINE_CURVE_WITH_KNOTS('',5,(#1638,#1639,#1640,#1641,#1642,
    #1643),.UNSPECIFIED.,.F.,.F.,(6,6),(2.066569514948,2.071789083922),
  .PIECEWISE_BEZIER_KNOTS.);
#1638 = CARTESIAN_POINT('',(-0.46602585633,-47.13203525875));
#1639 = CARTESIAN_POINT('',(-0.467069770125,-48.65785798642));
#1640 = CARTESIAN_POINT('',(-0.46811368392,-50.18260390938));
#1641 = CARTESIAN_POINT('',(-0.469157597715,-51.70626956352));
#1642 = CARTESIAN_POINT('',(-0.47020151151,-53.22885148962));
#1643 = CARTESIAN_POINT('',(-0.471245425305,-54.7503462334));
#1644 = ( GEOMETRIC_REPRESENTATION_CONTEXT(2) 
PARAMETRIC_REPRESENTATION_CONTEXT() REPRESENTATION_CONTEXT('2D SPACE',''
  ) );
#1645 = PCURVE('',#1646,#1651);
#1646 = PLANE('',#1647);
#1647 = AXIS2_PLACEMENT_3D('',#1648,#1649,#1650);
#1648 = CARTESIAN_POINT('',(87.08262038221,43.623573900448,
    47.993965752889));
#1649 = DIRECTION('',(-2.969239932372E-02,-0.997858923239,
    5.827461484639E-02));
#1650 = DIRECTION('',(-0.453018471231,6.540312923014E-02,0.889098810825)
  );
#1651 = DEFINITIONAL_REPRESENTATION('',(#1652),#1656);
#1652 = ELLIPSE('',#1653,1.664532665822E+03,97.);
#1653 = AXIS2_PLACEMENT_2D('',#1654,#1655);
#1654 = CARTESIAN_POINT('',(-666.9952097695,436.85849661401));
#1655 = DIRECTION('',(-0.890612325751,0.454763328799));
#1656 = ( GEOMETRIC_REPRESENTATION_CONTEXT(2) 
PARAMETRIC_REPRESENTATION_CONTEXT() REPRESENTATION_CONTEXT('2D SPACE',''
  ) );
#1657 = ORIENTED_EDGE('',*,*,#1658,.T.);
#1658 = EDGE_CURVE('',#1627,#1659,#1661,.T.);
#1659 = VERTEX_POINT('',#1660);
#1660 = CARTESIAN_POINT('',(84.291162051547,48.,57.8778897275));
#1661 = SURFACE_CURVE('',#1662,(#1667,#1679),.PCURVE_S1.);
#1662 = ELLIPSE('',#1663,213.66085866477,97.);
#1663 = AXIS2_PLACEMENT_3D('',#1664,#1665,#1666);
#1664 = CARTESIAN_POINT('',(4.752109816764E-13,3.410605131648E-15,
    223.3086098911));
#1665 = DIRECTION('',(0.891006524188,0.,0.45399049974));
#1666 = DIRECTION('',(0.45399049974,0.,-0.891006524188));
#1667 = PCURVE('',#1289,#1668);
#1668 = DEFINITIONAL_REPRESENTATION('',(#1669),#1678);
#1669 = B_SPLINE_CURVE_WITH_KNOTS('',7,(#1670,#1671,#1672,#1673,#1674,
    #1675,#1676,#1677),.UNSPECIFIED.,.F.,.F.,(8,8),(0.,0.635791363606),
  .PIECEWISE_BEZIER_KNOTS.);
#1670 = CARTESIAN_POINT('',(0.,-32.9353908571));
#1671 = CARTESIAN_POINT('',(-9.082733765803E-02,-32.9353908571));
#1672 = CARTESIAN_POINT('',(-0.181654675316,-34.76764560264));
#1673 = CARTESIAN_POINT('',(-0.272482012974,-38.43215359309));
#1674 = CARTESIAN_POINT('',(-0.363309350632,-43.89188807064));
#1675 = CARTESIAN_POINT('',(-0.45413668829,-51.07276744794));
#1676 = CARTESIAN_POINT('',(-0.544964025948,-59.8662319113));
#1677 = CARTESIAN_POINT('',(-0.635791363606,-70.1339322868));
#1678 = ( GEOMETRIC_REPRESENTATION_CONTEXT(2) 
PARAMETRIC_REPRESENTATION_CONTEXT() REPRESENTATION_CONTEXT('2D SPACE',''
  ) );
#1679 = PCURVE('',#1680,#1685);
#1680 = PLANE('',#1681);
#1681 = AXIS2_PLACEMENT_3D('',#1682,#1683,#1684);
#1682 = CARTESIAN_POINT('',(86.08269616975,-3.709760455135E-16,
    54.361806046143));
#1683 = DIRECTION('',(0.891006524188,0.,0.45399049974));
#1684 = DIRECTION('',(-0.45399049974,0.,0.891006524188));
#1685 = DEFINITIONAL_REPRESENTATION('',(#1686),#1690);
#1686 = ELLIPSE('',#1687,213.66085866477,97.);
#1687 = AXIS2_PLACEMENT_2D('',#1688,#1689);
#1688 = CARTESIAN_POINT('',(189.61343071966,-3.781581177162E-15));
#1689 = DIRECTION('',(-1.,0.));
#1690 = ( GEOMETRIC_REPRESENTATION_CONTEXT(2) 
PARAMETRIC_REPRESENTATION_CONTEXT() REPRESENTATION_CONTEXT('2D SPACE',''
  ) );
#1691 = ORIENTED_EDGE('',*,*,#1692,.F.);
#1692 = EDGE_CURVE('',#1693,#1659,#1695,.T.);
#1693 = VERTEX_POINT('',#1694);
#1694 = CARTESIAN_POINT('',(84.291162051547,48.,64.240599758548));
#1695 = SURFACE_CURVE('',#1696,(#1700,#1706),.PCURVE_S1.);
#1696 = LINE('',#1697,#1698);
#1697 = CARTESIAN_POINT('',(84.291162051547,48.,0.));
#1698 = VECTOR('',#1699,1.);
#1699 = DIRECTION('',(-0.,-0.,-1.));
#1700 = PCURVE('',#1289,#1701);
#1701 = DEFINITIONAL_REPRESENTATION('',(#1702),#1705);
#1702 = B_SPLINE_CURVE_WITH_KNOTS('',1,(#1703,#1704),.UNSPECIFIED.,.F.,
  .F.,(2,2),(-65.36292599618,-55.01439368353),.PIECEWISE_BEZIER_KNOTS.);
#1703 = CARTESIAN_POINT('',(-0.517656868014,-65.36292599618));
#1704 = CARTESIAN_POINT('',(-0.517656868014,-55.01439368353));
#1705 = ( GEOMETRIC_REPRESENTATION_CONTEXT(2) 
PARAMETRIC_REPRESENTATION_CONTEXT() REPRESENTATION_CONTEXT('2D SPACE',''
  ) );
#1706 = PCURVE('',#1707,#1712);
#1707 = PLANE('',#1708);
#1708 = AXIS2_PLACEMENT_3D('',#1709,#1710,#1711);
#1709 = CARTESIAN_POINT('',(86.257296776243,48.,54.019133061572));
#1710 = DIRECTION('',(0.,-1.,0.));
#1711 = DIRECTION('',(-0.45399049974,0.,0.891006524188));
#1712 = DEFINITIONAL_REPRESENTATION('',(#1713),#1716);
#1713 = B_SPLINE_CURVE_WITH_KNOTS('',1,(#1714,#1715),.UNSPECIFIED.,.F.,
  .F.,(2,2),(-65.36292599618,-55.01439368353),.PIECEWISE_BEZIER_KNOTS.);
#1714 = CARTESIAN_POINT('',(11.,-3.398135356188));
#1715 = CARTESIAN_POINT('',(1.779390193661,1.3));
#1716 = ( GEOMETRIC_REPRESENTATION_CONTEXT(2) 
PARAMETRIC_REPRESENTATION_CONTEXT() REPRESENTATION_CONTEXT('2D SPACE',''
  ) );
#1717 = ORIENTED_EDGE('',*,*,#1718,.T.);
#1718 = EDGE_CURVE('',#1693,#1719,#1721,.T.);
#1719 = VERTEX_POINT('',#1720);
#1720 = CARTESIAN_POINT('',(89.010467551719,38.550443139144,
    77.250691613781));
#1721 = SURFACE_CURVE('',#1722,(#1727,#1737),.PCURVE_S1.);
#1722 = ELLIPSE('',#1723,153.95927170695,97.);
#1723 = AXIS2_PLACEMENT_3D('',#1724,#1725,#1726);
#1724 = CARTESIAN_POINT('',(4.752109816764E-13,3.410605131648E-15,
    75.163766932275));
#1725 = DIRECTION('',(0.32101976096,-0.707106781187,-0.630036755335));
#1726 = DIRECTION('',(-0.260447183185,0.573684214393,-0.776565314012));
#1727 = PCURVE('',#1289,#1728);
#1728 = DEFINITIONAL_REPRESENTATION('',(#1729),#1736);
#1729 = B_SPLINE_CURVE_WITH_KNOTS('',5,(#1730,#1731,#1732,#1733,#1734,
    #1735),.UNSPECIFIED.,.F.,.F.,(6,6),(1.436690076996,1.603021134633),
  .PIECEWISE_BEZIER_KNOTS.);
#1730 = CARTESIAN_POINT('',(-0.560273718488,-59.17811646853));
#1731 = CARTESIAN_POINT('',(-0.527007506961,-63.11969457942));
#1732 = CARTESIAN_POINT('',(-0.493741295433,-67.08338565254));
#1733 = CARTESIAN_POINT('',(-0.460475083906,-71.06010240551));
#1734 = CARTESIAN_POINT('',(-0.427208872378,-75.04065542892));
#1735 = CARTESIAN_POINT('',(-0.393942660851,-79.01587981739));
#1736 = ( GEOMETRIC_REPRESENTATION_CONTEXT(2) 
PARAMETRIC_REPRESENTATION_CONTEXT() REPRESENTATION_CONTEXT('2D SPACE',''
  ) );
#1737 = PCURVE('',#1738,#1743);
#1738 = PLANE('',#1739);
#1739 = AXIS2_PLACEMENT_3D('',#1740,#1741,#1742);
#1740 = CARTESIAN_POINT('',(81.717391778848,48.,62.929198303456));
#1741 = DIRECTION('',(0.32101976096,-0.707106781187,-0.630036755335));
#1742 = DIRECTION('',(-0.32101976096,-0.707106781187,0.630036755335));
#1743 = DEFINITIONAL_REPRESENTATION('',(#1744),#1748);
#1744 = ELLIPSE('',#1745,153.95927170695,97.);
#1745 = AXIS2_PLACEMENT_2D('',#1746,#1747);
#1746 = CARTESIAN_POINT('',(67.882250993909,67.256351288714));
#1747 = DIRECTION('',(-0.811311996514,0.584613414413));
#1748 = ( GEOMETRIC_REPRESENTATION_CONTEXT(2) 
PARAMETRIC_REPRESENTATION_CONTEXT() REPRESENTATION_CONTEXT('2D SPACE',''
  ) );
#1749 = ORIENTED_EDGE('',*,*,#1750,.F.);
#1750 = EDGE_CURVE('',#1751,#1719,#1753,.T.);
#1751 = VERTEX_POINT('',#1752);
#1752 = CARTESIAN_POINT('',(89.882451277531,36.471152330882,
    75.539327192874));
#1753 = SURFACE_CURVE('',#1754,(#1759,#1771),.PCURVE_S1.);
#1754 = ELLIPSE('',#1755,213.66085866477,97.);
#1755 = AXIS2_PLACEMENT_3D('',#1756,#1757,#1758);
#1756 = CARTESIAN_POINT('',(4.752109816764E-13,3.410605131648E-15,
    251.94357033071));
#1757 = DIRECTION('',(0.891006524188,0.,0.45399049974));
#1758 = DIRECTION('',(0.45399049974,0.,-0.891006524188));
#1759 = PCURVE('',#1289,#1760);
#1760 = DEFINITIONAL_REPRESENTATION('',(#1761),#1770);
#1761 = B_SPLINE_CURVE_WITH_KNOTS('',7,(#1762,#1763,#1764,#1765,#1766,
    #1767,#1768,#1769),.UNSPECIFIED.,.F.,.F.,(8,8),(0.,0.635791363606),
  .PIECEWISE_BEZIER_KNOTS.);
#1762 = CARTESIAN_POINT('',(0.,-61.57035129671));
#1763 = CARTESIAN_POINT('',(-9.082733765803E-02,-61.57035129671));
#1764 = CARTESIAN_POINT('',(-0.181654675316,-63.40260604225));
#1765 = CARTESIAN_POINT('',(-0.272482012974,-67.06711403268));
#1766 = CARTESIAN_POINT('',(-0.363309350632,-72.52684851023));
#1767 = CARTESIAN_POINT('',(-0.45413668829,-79.70772788756));
#1768 = CARTESIAN_POINT('',(-0.544964025948,-88.50119235091));
#1769 = CARTESIAN_POINT('',(-0.635791363606,-98.76889272641));
#1770 = ( GEOMETRIC_REPRESENTATION_CONTEXT(2) 
PARAMETRIC_REPRESENTATION_CONTEXT() REPRESENTATION_CONTEXT('2D SPACE',''
  ) );
#1771 = PCURVE('',#1772,#1777);
#1772 = PLANE('',#1773);
#1773 = AXIS2_PLACEMENT_3D('',#1774,#1775,#1776);
#1774 = CARTESIAN_POINT('',(97.665780984199,-3.709760455135E-16,
    60.263682542757));
#1775 = DIRECTION('',(0.891006524188,0.,0.45399049974));
#1776 = DIRECTION('',(-0.45399049974,0.,0.891006524188));
#1777 = DEFINITIONAL_REPRESENTATION('',(#1778),#1782);
#1778 = ELLIPSE('',#1779,213.66085866477,97.);
#1779 = AXIS2_PLACEMENT_2D('',#1780,#1781);
#1780 = CARTESIAN_POINT('',(215.12736729123,-3.781581177162E-15));
#1781 = DIRECTION('',(-1.,0.));
#1782 = ( GEOMETRIC_REPRESENTATION_CONTEXT(2) 
PARAMETRIC_REPRESENTATION_CONTEXT() REPRESENTATION_CONTEXT('2D SPACE',''
  ) );
#1783 = ORIENTED_EDGE('',*,*,#1784,.T.);
#1784 = EDGE_CURVE('',#1751,#1785,#1787,.T.);
#1785 = VERTEX_POINT('',#1786);
#1786 = CARTESIAN_POINT('',(97.,1.705302565824E-15,120.09843058269));
#1787 = SURFACE_CURVE('',#1788,(#1793,#1805),.PCURVE_S1.);
#1788 = ELLIPSE('',#1789,153.95927170695,97.);
#1789 = AXIS2_PLACEMENT_3D('',#1790,#1791,#1792);
#1790 = CARTESIAN_POINT('',(4.752109816764E-13,3.410605131648E-15,
    70.674461981738));
#1791 = DIRECTION('',(0.32101976096,-0.707106781187,-0.630036755335));
#1792 = DIRECTION('',(-0.260447183185,0.573684214393,-0.776565314012));
#1793 = PCURVE('',#1289,#1794);
#1794 = DEFINITIONAL_REPRESENTATION('',(#1795),#1804);
#1795 = B_SPLINE_CURVE_WITH_KNOTS('',7,(#1796,#1797,#1798,#1799,#1800,
    #1801,#1802,#1803),.UNSPECIFIED.,.F.,.F.,(8,8),(1.474555024297,
    1.996963795484),.PIECEWISE_BEZIER_KNOTS.);
#1796 = CARTESIAN_POINT('',(-0.522408771187,-59.18566150142));
#1797 = CARTESIAN_POINT('',(-0.447778946732,-68.0670699206));
#1798 = CARTESIAN_POINT('',(-0.373149122277,-77.02313117323));
#1799 = CARTESIAN_POINT('',(-0.298519297821,-85.97305084145));
#1800 = CARTESIAN_POINT('',(-0.223889473366,-94.8350156995));
#1801 = CARTESIAN_POINT('',(-0.149259648911,-103.5280316444));
#1802 = CARTESIAN_POINT('',(-7.46298244553E-02,-111.9738066033));
#1803 = CARTESIAN_POINT('',(0.,-120.0984305826));
#1804 = ( GEOMETRIC_REPRESENTATION_CONTEXT(2) 
PARAMETRIC_REPRESENTATION_CONTEXT() REPRESENTATION_CONTEXT('2D SPACE',''
  ) );
#1805 = PCURVE('',#672,#1806);
#1806 = DEFINITIONAL_REPRESENTATION('',(#1807),#1811);
#1807 = ELLIPSE('',#1808,153.95927170695,97.);
#1808 = AXIS2_PLACEMENT_2D('',#1809,#1810);
#1809 = CARTESIAN_POINT('',(62.225396744416,58.794453086692));
#1810 = DIRECTION('',(-0.811311996514,0.584613414413));
#1811 = ( GEOMETRIC_REPRESENTATION_CONTEXT(2) 
PARAMETRIC_REPRESENTATION_CONTEXT() REPRESENTATION_CONTEXT('2D SPACE',''
  ) );
#1812 = ORIENTED_EDGE('',*,*,#1813,.T.);
#1813 = EDGE_CURVE('',#1785,#1814,#1816,.T.);
#1814 = VERTEX_POINT('',#1815);
#1815 = CARTESIAN_POINT('',(97.,3.410605131648E-15,140.));
#1816 = SEAM_CURVE('',#1817,(#1821,#1828),.PCURVE_S1.);
#1817 = LINE('',#1818,#1819);
#1818 = CARTESIAN_POINT('',(97.,3.410605131648E-15,0.));
#1819 = VECTOR('',#1820,1.);
#1820 = DIRECTION('',(0.,0.,1.));
#1821 = PCURVE('',#1289,#1822);
#1822 = DEFINITIONAL_REPRESENTATION('',(#1823),#1827);
#1823 = LINE('',#1824,#1825);
#1824 = CARTESIAN_POINT('',(-6.28318530718,0.));
#1825 = VECTOR('',#1826,1.);
#1826 = DIRECTION('',(-0.,-1.));
#1827 = ( GEOMETRIC_REPRESENTATION_CONTEXT(2) 
PARAMETRIC_REPRESENTATION_CONTEXT() REPRESENTATION_CONTEXT('2D SPACE',''
  ) );
#1828 = PCURVE('',#1289,#1829);
#1829 = DEFINITIONAL_REPRESENTATION('',(#1830),#1834);
#1830 = LINE('',#1831,#1832);
#1831 = CARTESIAN_POINT('',(-0.,0.));
#1832 = VECTOR('',#1833,1.);
#1833 = DIRECTION('',(-0.,-1.));
#1834 = ( GEOMETRIC_REPRESENTATION_CONTEXT(2) 
PARAMETRIC_REPRESENTATION_CONTEXT() REPRESENTATION_CONTEXT('2D SPACE',''
  ) );
#1835 = ORIENTED_EDGE('',*,*,#1836,.T.);
#1836 = EDGE_CURVE('',#1814,#1814,#1837,.T.);
#1837 = SURFACE_CURVE('',#1838,(#1843,#1850),.PCURVE_S1.);
#1838 = CIRCLE('',#1839,97.);
#1839 = AXIS2_PLACEMENT_3D('',#1840,#1841,#1842);
#1840 = CARTESIAN_POINT('',(4.752109816764E-13,3.410605131648E-15,140.)
  );
#1841 = DIRECTION('',(0.,0.,1.));
#1842 = DIRECTION('',(1.,0.,0.));
#1843 = PCURVE('',#1289,#1844);
#1844 = DEFINITIONAL_REPRESENTATION('',(#1845),#1849);
#1845 = LINE('',#1846,#1847);
#1846 = CARTESIAN_POINT('',(-0.,-140.));
#1847 = VECTOR('',#1848,1.);
#1848 = DIRECTION('',(-1.,0.));
#1849 = ( GEOMETRIC_REPRESENTATION_CONTEXT(2) 
PARAMETRIC_REPRESENTATION_CONTEXT() REPRESENTATION_CONTEXT('2D SPACE',''
  ) );
#1850 = PCURVE('',#722,#1851);
#1851 = DEFINITIONAL_REPRESENTATION('',(#1852),#1856);
#1852 = CIRCLE('',#1853,97.);
#1853 = AXIS2_PLACEMENT_2D('',#1854,#1855);
#1854 = CARTESIAN_POINT('',(4.82212275155E-13,7.492761128806E-15));
#1855 = DIRECTION('',(1.,0.));
#1856 = ( GEOMETRIC_REPRESENTATION_CONTEXT(2) 
PARAMETRIC_REPRESENTATION_CONTEXT() REPRESENTATION_CONTEXT('2D SPACE',''
  ) );
#1857 = ORIENTED_EDGE('',*,*,#1813,.F.);
#1858 = ORIENTED_EDGE('',*,*,#1859,.T.);
#1859 = EDGE_CURVE('',#1785,#1860,#1862,.T.);
#1860 = VERTEX_POINT('',#1861);
#1861 = CARTESIAN_POINT('',(89.882451277531,-36.47115233088,
    75.539327192874));
#1862 = SURFACE_CURVE('',#1863,(#1868,#1880),.PCURVE_S1.);
#1863 = ELLIPSE('',#1864,153.95927170695,97.);
#1864 = AXIS2_PLACEMENT_3D('',#1865,#1866,#1867);
#1865 = CARTESIAN_POINT('',(4.752109816764E-13,3.410605131648E-15,
    70.674461981738));
#1866 = DIRECTION('',(0.32101976096,0.707106781187,-0.630036755335));
#1867 = DIRECTION('',(-0.260447183185,-0.573684214393,-0.776565314012));
#1868 = PCURVE('',#1289,#1869);
#1869 = DEFINITIONAL_REPRESENTATION('',(#1870),#1879);
#1870 = B_SPLINE_CURVE_WITH_KNOTS('',7,(#1871,#1872,#1873,#1874,#1875,
    #1876,#1877,#1878),.UNSPECIFIED.,.F.,.F.,(8,8),(4.286221511695,
    4.808630282882),.PIECEWISE_BEZIER_KNOTS.);
#1871 = CARTESIAN_POINT('',(-6.28318530718,-120.0984305826));
#1872 = CARTESIAN_POINT('',(-6.208555482724,-111.9738066033));
#1873 = CARTESIAN_POINT('',(-6.133925658269,-103.5280316444));
#1874 = CARTESIAN_POINT('',(-6.059295833814,-94.83501569947));
#1875 = CARTESIAN_POINT('',(-5.984666009358,-85.97305084152));
#1876 = CARTESIAN_POINT('',(-5.910036184903,-77.02313117322));
#1877 = CARTESIAN_POINT('',(-5.835406360448,-68.0670699206));
#1878 = CARTESIAN_POINT('',(-5.760776535992,-59.18566150142));
#1879 = ( GEOMETRIC_REPRESENTATION_CONTEXT(2) 
PARAMETRIC_REPRESENTATION_CONTEXT() REPRESENTATION_CONTEXT('2D SPACE',''
  ) );
#1880 = PCURVE('',#756,#1881);
#1881 = DEFINITIONAL_REPRESENTATION('',(#1882),#1886);
#1882 = ELLIPSE('',#1883,153.95927170695,97.);
#1883 = AXIS2_PLACEMENT_2D('',#1884,#1885);
#1884 = CARTESIAN_POINT('',(0.,58.794453086692));
#1885 = DIRECTION('',(0.811311996514,0.584613414413));
#1886 = ( GEOMETRIC_REPRESENTATION_CONTEXT(2) 
PARAMETRIC_REPRESENTATION_CONTEXT() REPRESENTATION_CONTEXT('2D SPACE',''
  ) );
#1887 = ORIENTED_EDGE('',*,*,#1888,.F.);
#1888 = EDGE_CURVE('',#1889,#1860,#1891,.T.);
#1889 = VERTEX_POINT('',#1890);
#1890 = CARTESIAN_POINT('',(89.010467551719,-38.55044313914,
    77.250691613781));
#1891 = SURFACE_CURVE('',#1892,(#1897,#1909),.PCURVE_S1.);
#1892 = ELLIPSE('',#1893,213.66085866477,97.);
#1893 = AXIS2_PLACEMENT_3D('',#1894,#1895,#1896);
#1894 = CARTESIAN_POINT('',(4.752109816764E-13,3.410605131648E-15,
    251.94357033071));
#1895 = DIRECTION('',(0.891006524188,0.,0.45399049974));
#1896 = DIRECTION('',(0.45399049974,0.,-0.891006524188));
#1897 = PCURVE('',#1289,#1898);
#1898 = DEFINITIONAL_REPRESENTATION('',(#1899),#1908);
#1899 = B_SPLINE_CURVE_WITH_KNOTS('',7,(#1900,#1901,#1902,#1903,#1904,
    #1905,#1906,#1907),.UNSPECIFIED.,.F.,.F.,(8,8),(5.647393943573,
    6.28318530718),.PIECEWISE_BEZIER_KNOTS.);
#1900 = CARTESIAN_POINT('',(-5.647393943573,-98.76889272641));
#1901 = CARTESIAN_POINT('',(-5.738221281231,-88.50119235091));
#1902 = CARTESIAN_POINT('',(-5.829048618889,-79.70772788758));
#1903 = CARTESIAN_POINT('',(-5.919875956547,-72.52684851017));
#1904 = CARTESIAN_POINT('',(-6.010703294205,-67.06711403276));
#1905 = CARTESIAN_POINT('',(-6.101530631863,-63.40260604223));
#1906 = CARTESIAN_POINT('',(-6.192357969522,-61.57035129671));
#1907 = CARTESIAN_POINT('',(-6.28318530718,-61.57035129671));
#1908 = ( GEOMETRIC_REPRESENTATION_CONTEXT(2) 
PARAMETRIC_REPRESENTATION_CONTEXT() REPRESENTATION_CONTEXT('2D SPACE',''
  ) );
#1909 = PCURVE('',#1772,#1910);
#1910 = DEFINITIONAL_REPRESENTATION('',(#1911),#1915);
#1911 = ELLIPSE('',#1912,213.66085866477,97.);
#1912 = AXIS2_PLACEMENT_2D('',#1913,#1914);
#1913 = CARTESIAN_POINT('',(215.12736729123,-3.781581177162E-15));
#1914 = DIRECTION('',(-1.,0.));
#1915 = ( GEOMETRIC_REPRESENTATION_CONTEXT(2) 
PARAMETRIC_REPRESENTATION_CONTEXT() REPRESENTATION_CONTEXT('2D SPACE',''
  ) );
#1916 = ORIENTED_EDGE('',*,*,#1917,.T.);
#1917 = EDGE_CURVE('',#1889,#1918,#1920,.T.);
#1918 = VERTEX_POINT('',#1919);
#1919 = CARTESIAN_POINT('',(84.291162051547,-48.,64.240599758548));
#1920 = SURFACE_CURVE('',#1921,(#1926,#1936),.PCURVE_S1.);
#1921 = ELLIPSE('',#1922,153.95927170695,97.);
#1922 = AXIS2_PLACEMENT_3D('',#1923,#1924,#1925);
#1923 = CARTESIAN_POINT('',(4.752109816764E-13,3.410605131648E-15,
    75.163766932275));
#1924 = DIRECTION('',(0.32101976096,0.707106781187,-0.630036755335));
#1925 = DIRECTION('',(-0.260447183185,-0.573684214393,-0.776565314012));
#1926 = PCURVE('',#1289,#1927);
#1927 = DEFINITIONAL_REPRESENTATION('',(#1928),#1935);
#1928 = B_SPLINE_CURVE_WITH_KNOTS('',5,(#1929,#1930,#1931,#1932,#1933,
    #1934),.UNSPECIFIED.,.F.,.F.,(6,6),(4.680164172546,4.846495230183),
  .PIECEWISE_BEZIER_KNOTS.);
#1929 = CARTESIAN_POINT('',(-5.889242646329,-79.01587981739));
#1930 = CARTESIAN_POINT('',(-5.855976434801,-75.04065542892));
#1931 = CARTESIAN_POINT('',(-5.822710223274,-71.06010240551));
#1932 = CARTESIAN_POINT('',(-5.789444011746,-67.08338565254));
#1933 = CARTESIAN_POINT('',(-5.756177800219,-63.11969457942));
#1934 = CARTESIAN_POINT('',(-5.722911588692,-59.17811646853));
#1935 = ( GEOMETRIC_REPRESENTATION_CONTEXT(2) 
PARAMETRIC_REPRESENTATION_CONTEXT() REPRESENTATION_CONTEXT('2D SPACE',''
  ) );
#1936 = PCURVE('',#1937,#1942);
#1937 = PLANE('',#1938);
#1938 = AXIS2_PLACEMENT_3D('',#1939,#1940,#1941);
#1939 = CARTESIAN_POINT('',(59.925847791349,0.,105.69751146449));
#1940 = DIRECTION('',(0.32101976096,0.707106781187,-0.630036755335));
#1941 = DIRECTION('',(0.32101976096,-0.707106781187,-0.630036755335));
#1942 = DEFINITIONAL_REPRESENTATION('',(#1943),#1947);
#1943 = ELLIPSE('',#1944,153.95927170695,97.);
#1944 = AXIS2_PLACEMENT_2D('',#1945,#1946);
#1945 = CARTESIAN_POINT('',(-1.06581410364E-14,67.256351288714));
#1946 = DIRECTION('',(0.811311996514,0.584613414413));
#1947 = ( GEOMETRIC_REPRESENTATION_CONTEXT(2) 
PARAMETRIC_REPRESENTATION_CONTEXT() REPRESENTATION_CONTEXT('2D SPACE',''
  ) );
#1948 = ORIENTED_EDGE('',*,*,#1949,.T.);
#1949 = EDGE_CURVE('',#1918,#1950,#1952,.T.);
#1950 = VERTEX_POINT('',#1951);
#1951 = CARTESIAN_POINT('',(84.291162051547,-48.,57.8778897275));
#1952 = SURFACE_CURVE('',#1953,(#1957,#1963),.PCURVE_S1.);
#1953 = LINE('',#1954,#1955);
#1954 = CARTESIAN_POINT('',(84.291162051547,-48.,0.));
#1955 = VECTOR('',#1956,1.);
#1956 = DIRECTION('',(-0.,-0.,-1.));
#1957 = PCURVE('',#1289,#1958);
#1958 = DEFINITIONAL_REPRESENTATION('',(#1959),#1962);
#1959 = B_SPLINE_CURVE_WITH_KNOTS('',1,(#1960,#1961),.UNSPECIFIED.,.F.,
  .F.,(2,2),(-65.36292599618,-55.01439368353),.PIECEWISE_BEZIER_KNOTS.);
#1960 = CARTESIAN_POINT('',(-5.765528439165,-65.36292599618));
#1961 = CARTESIAN_POINT('',(-5.765528439165,-55.01439368353));
#1962 = ( GEOMETRIC_REPRESENTATION_CONTEXT(2) 
PARAMETRIC_REPRESENTATION_CONTEXT() REPRESENTATION_CONTEXT('2D SPACE',''
  ) );
#1963 = PCURVE('',#1964,#1969);
#1964 = PLANE('',#1965);
#1965 = AXIS2_PLACEMENT_3D('',#1966,#1967,#1968);
#1966 = CARTESIAN_POINT('',(81.717391778848,-48.,62.929198303456));
#1967 = DIRECTION('',(0.,1.,0.));
#1968 = DIRECTION('',(0.45399049974,0.,-0.891006524188));
#1969 = DEFINITIONAL_REPRESENTATION('',(#1970),#1973);
#1970 = B_SPLINE_CURVE_WITH_KNOTS('',1,(#1971,#1972),.UNSPECIFIED.,.F.,
  .F.,(2,2),(-65.36292599618,-55.01439368353),.PIECEWISE_BEZIER_KNOTS.);
#1971 = CARTESIAN_POINT('',(-1.,-3.398135356188));
#1972 = CARTESIAN_POINT('',(8.220609806339,1.3));
#1973 = ( GEOMETRIC_REPRESENTATION_CONTEXT(2) 
PARAMETRIC_REPRESENTATION_CONTEXT() REPRESENTATION_CONTEXT('2D SPACE',''
  ) );
#1974 = ORIENTED_EDGE('',*,*,#1975,.T.);
#1975 = EDGE_CURVE('',#1950,#1976,#1978,.T.);
#1976 = VERTEX_POINT('',#1977);
#1977 = CARTESIAN_POINT('',(86.461515568773,-43.9705165486,
    53.618331113931));
#1978 = SURFACE_CURVE('',#1979,(#1984,#1996),.PCURVE_S1.);
#1979 = ELLIPSE('',#1980,213.66085866477,97.);
#1980 = AXIS2_PLACEMENT_3D('',#1981,#1982,#1983);
#1981 = CARTESIAN_POINT('',(4.752109816764E-13,3.410605131648E-15,
    223.3086098911));
#1982 = DIRECTION('',(0.891006524188,0.,0.45399049974));
#1983 = DIRECTION('',(0.45399049974,0.,-0.891006524188));
#1984 = PCURVE('',#1289,#1985);
#1985 = DEFINITIONAL_REPRESENTATION('',(#1986),#1995);
#1986 = B_SPLINE_CURVE_WITH_KNOTS('',7,(#1987,#1988,#1989,#1990,#1991,
    #1992,#1993,#1994),.UNSPECIFIED.,.F.,.F.,(8,8),(5.647393943573,
    6.28318530718),.PIECEWISE_BEZIER_KNOTS.);
#1987 = CARTESIAN_POINT('',(-5.647393943573,-70.1339322868));
#1988 = CARTESIAN_POINT('',(-5.738221281231,-59.8662319113));
#1989 = CARTESIAN_POINT('',(-5.829048618889,-51.07276744797));
#1990 = CARTESIAN_POINT('',(-5.919875956547,-43.89188807058));
#1991 = CARTESIAN_POINT('',(-6.010703294205,-38.43215359313));
#1992 = CARTESIAN_POINT('',(-6.101530631863,-34.76764560263));
#1993 = CARTESIAN_POINT('',(-6.192357969522,-32.9353908571));
#1994 = CARTESIAN_POINT('',(-6.28318530718,-32.9353908571));
#1995 = ( GEOMETRIC_REPRESENTATION_CONTEXT(2) 
PARAMETRIC_REPRESENTATION_CONTEXT() REPRESENTATION_CONTEXT('2D SPACE',''
  ) );
#1996 = PCURVE('',#1680,#1997);
#1997 = DEFINITIONAL_REPRESENTATION('',(#1998),#2002);
#1998 = ELLIPSE('',#1999,213.66085866477,97.);
#1999 = AXIS2_PLACEMENT_2D('',#2000,#2001);
#2000 = CARTESIAN_POINT('',(189.61343071966,-3.781581177162E-15));
#2001 = DIRECTION('',(-1.,0.));
#2002 = ( GEOMETRIC_REPRESENTATION_CONTEXT(2) 
PARAMETRIC_REPRESENTATION_CONTEXT() REPRESENTATION_CONTEXT('2D SPACE',''
  ) );
#2003 = ORIENTED_EDGE('',*,*,#2004,.T.);
#2004 = EDGE_CURVE('',#1976,#2005,#2007,.T.);
#2005 = VERTEX_POINT('',#2006);
#2006 = CARTESIAN_POINT('',(86.637080976636,-43.62357390044,
    47.766952086997));
#2007 = SURFACE_CURVE('',#2008,(#2013,#2023),.PCURVE_S1.);
#2008 = ELLIPSE('',#2009,1.664532665822E+03,97.);
#2009 = AXIS2_PLACEMENT_3D('',#2010,#2011,#2012);
#2010 = CARTESIAN_POINT('',(4.752109816764E-13,3.410605131648E-15,
    -743.3602892726));
#2011 = DIRECTION('',(-2.969239932372E-02,0.997858923239,
    5.827461484639E-02));
#2012 = DIRECTION('',(-1.733258650436E-03,5.824883303506E-02,
    -0.998300590636));
#2013 = PCURVE('',#1289,#2014);
#2014 = DEFINITIONAL_REPRESENTATION('',(#2015),#2022);
#2015 = B_SPLINE_CURVE_WITH_KNOTS('',5,(#2016,#2017,#2018,#2019,#2020,
    #2021),.UNSPECIFIED.,.F.,.F.,(6,6),(4.211396223257,4.216615792232),
  .PIECEWISE_BEZIER_KNOTS.);
#2016 = CARTESIAN_POINT('',(-5.811939881875,-54.7503462334));
#2017 = CARTESIAN_POINT('',(-5.81298379567,-53.22885148962));
#2018 = CARTESIAN_POINT('',(-5.814027709465,-51.70626956352));
#2019 = CARTESIAN_POINT('',(-5.81507162326,-50.18260390938));
#2020 = CARTESIAN_POINT('',(-5.816115537054,-48.65785798642));
#2021 = CARTESIAN_POINT('',(-5.817159450849,-47.13203525875));
#2022 = ( GEOMETRIC_REPRESENTATION_CONTEXT(2) 
PARAMETRIC_REPRESENTATION_CONTEXT() REPRESENTATION_CONTEXT('2D SPACE',''
  ) );
#2023 = PCURVE('',#2024,#2029);
#2024 = PLANE('',#2025);
#2025 = AXIS2_PLACEMENT_3D('',#2026,#2027,#2028);
#2026 = CARTESIAN_POINT('',(76.901728272265,-44.,49.252232814307));
#2027 = DIRECTION('',(-2.969239932372E-02,0.997858923239,
    5.827461484639E-02));
#2028 = DIRECTION('',(0.453018471231,6.540312923014E-02,-0.889098810825)
  );
#2029 = DEFINITIONAL_REPRESENTATION('',(#2030),#2034);
#2030 = ELLIPSE('',#2031,1.664532665822E+03,97.);
#2031 = AXIS2_PLACEMENT_2D('',#2032,#2033);
#2032 = CARTESIAN_POINT('',(672.75068514185,428.35849661401));
#2033 = DIRECTION('',(0.890612325751,0.454763328799));
#2034 = ( GEOMETRIC_REPRESENTATION_CONTEXT(2) 
PARAMETRIC_REPRESENTATION_CONTEXT() REPRESENTATION_CONTEXT('2D SPACE',''
  ) );
#2035 = ORIENTED_EDGE('',*,*,#2036,.T.);
#2036 = EDGE_CURVE('',#2005,#2037,#2039,.T.);
#2037 = VERTEX_POINT('',#2038);
#2038 = CARTESIAN_POINT('',(87.193390856972,-42.50073635671,
    41.715002993631));
#2039 = SURFACE_CURVE('',#2040,(#2045,#2055),.PCURVE_S1.);
#2040 = ELLIPSE('',#2041,558.0268868567,97.);
#2041 = AXIS2_PLACEMENT_3D('',#2042,#2043,#2044);
#2042 = CARTESIAN_POINT('',(4.752109816764E-13,3.410605131648E-15,
    -242.5147916763));
#2043 = DIRECTION('',(-8.856915278645E-02,0.980785280403,0.173826749722)
  );
#2044 = DIRECTION('',(-1.563369137538E-02,0.173122288031,-0.984776249247
    ));
#2045 = PCURVE('',#1289,#2046);
#2046 = DEFINITIONAL_REPRESENTATION('',(#2047),#2054);
#2047 = B_SPLINE_CURVE_WITH_KNOTS('',5,(#2048,#2049,#2050,#2051,#2052,
    #2053),.UNSPECIFIED.,.F.,.F.,(6,6),(4.154572191879,4.170074577139),
  .PIECEWISE_BEZIER_KNOTS.);
#2048 = CARTESIAN_POINT('',(-5.815428564498,-48.37163875077));
#2049 = CARTESIAN_POINT('',(-5.81852904155,-46.92610440496));
#2050 = CARTESIAN_POINT('',(-5.821629518602,-45.47707471037));
#2051 = CARTESIAN_POINT('',(-5.824729995654,-44.0245786167));
#2052 = CARTESIAN_POINT('',(-5.827830472706,-42.56864521368));
#2053 = CARTESIAN_POINT('',(-5.830930949758,-41.10930372754));
#2054 = ( GEOMETRIC_REPRESENTATION_CONTEXT(2) 
PARAMETRIC_REPRESENTATION_CONTEXT() REPRESENTATION_CONTEXT('2D SPACE',''
  ) );
#2055 = PCURVE('',#936,#2056);
#2056 = DEFINITIONAL_REPRESENTATION('',(#2057),#2061);
#2057 = ELLIPSE('',#2058,558.0268868567,97.);
#2058 = AXIS2_PLACEMENT_2D('',#2059,#2060);
#2059 = CARTESIAN_POINT('',(223.6070628703,200.97939886799));
#2060 = DIRECTION('',(0.887395572685,0.46100878254));
#2061 = ( GEOMETRIC_REPRESENTATION_CONTEXT(2) 
PARAMETRIC_REPRESENTATION_CONTEXT() REPRESENTATION_CONTEXT('2D SPACE',''
  ) );
#2062 = ORIENTED_EDGE('',*,*,#2063,.T.);
#2063 = EDGE_CURVE('',#2037,#2064,#2066,.T.);
#2064 = VERTEX_POINT('',#2065);
#2065 = CARTESIAN_POINT('',(88.071111244332,-40.65069943049,
    36.045508792266));
#2066 = SURFACE_CURVE('',#2067,(#2072,#2082),.PCURVE_S1.);
#2067 = ELLIPSE('',#2068,338.68163931848,97.);
#2068 = AXIS2_PLACEMENT_3D('',#2069,#2070,#2071);
#2069 = CARTESIAN_POINT('',(4.752109816764E-13,3.410605131648E-15,
    -143.2310086749));
#2070 = DIRECTION('',(-0.145930463489,0.946930129495,0.286404660717));
#2071 = DIRECTION('',(-4.362256897448E-02,0.28306306922,-0.958108746604)
  );
#2072 = PCURVE('',#1289,#2073);
#2073 = DEFINITIONAL_REPRESENTATION('',(#2074),#2081);
#2074 = B_SPLINE_CURVE_WITH_KNOTS('',5,(#2075,#2076,#2077,#2078,#2079,
    #2080),.UNSPECIFIED.,.F.,.F.,(6,6),(4.103818313018,4.129151363646),
  .PIECEWISE_BEZIER_KNOTS.);
#2075 = CARTESIAN_POINT('',(-5.827520735266,-42.28060339826));
#2076 = CARTESIAN_POINT('',(-5.832587345392,-40.93168855799));
#2077 = CARTESIAN_POINT('',(-5.837653955518,-39.57682098906));
#2078 = CARTESIAN_POINT('',(-5.842720565643,-38.21607283184));
#2079 = CARTESIAN_POINT('',(-5.847787175769,-36.8495168634));
#2080 = CARTESIAN_POINT('',(-5.852853785894,-35.47722647426));
#2081 = ( GEOMETRIC_REPRESENTATION_CONTEXT(2) 
PARAMETRIC_REPRESENTATION_CONTEXT() REPRESENTATION_CONTEXT('2D SPACE',''
  ) );
#2082 = PCURVE('',#968,#2083);
#2083 = DEFINITIONAL_REPRESENTATION('',(#2084),#2088);
#2084 = ELLIPSE('',#2085,338.68163931848,97.);
#2085 = AXIS2_PLACEMENT_2D('',#2086,#2087);
#2086 = CARTESIAN_POINT('',(132.22003190129,155.90550460712));
#2087 = DIRECTION('',(0.880610814087,0.473840262234));
#2088 = ( GEOMETRIC_REPRESENTATION_CONTEXT(2) 
PARAMETRIC_REPRESENTATION_CONTEXT() REPRESENTATION_CONTEXT('2D SPACE',''
  ) );
#2089 = ORIENTED_EDGE('',*,*,#2090,.T.);
#2090 = EDGE_CURVE('',#2064,#2091,#2093,.T.);
#2091 = VERTEX_POINT('',#2092);
#2092 = CARTESIAN_POINT('',(89.202017914395,-38.10511776651,
    30.828366195169));
#2093 = SURFACE_CURVE('',#2094,(#2099,#2109),.PCURVE_S1.);
#2094 = ELLIPSE('',#2095,246.14159814176,97.);
#2095 = AXIS2_PLACEMENT_3D('',#2096,#2097,#2098);
#2096 = CARTESIAN_POINT('',(4.752109816764E-13,3.410605131648E-15,
    -101.3439586008));
#2097 = DIRECTION('',(-0.200794863502,0.896872741533,0.39408210856));
#2098 = DIRECTION('',(-8.60970462376E-02,0.384562097607,-0.919075237243)
  );
#2099 = PCURVE('',#1289,#2100);
#2100 = DEFINITIONAL_REPRESENTATION('',(#2101),#2108);
#2101 = B_SPLINE_CURVE_WITH_KNOTS('',5,(#2102,#2103,#2104,#2105,#2106,
    #2107),.UNSPECIFIED.,.F.,.F.,(6,6),(4.05681421836,4.091275860921),
  .PIECEWISE_BEZIER_KNOTS.);
#2102 = CARTESIAN_POINT('',(-5.84786187909,-36.56475094497));
#2103 = CARTESIAN_POINT('',(-5.854754207602,-35.32877609123));
#2104 = CARTESIAN_POINT('',(-5.861646536114,-34.08461218518));
#2105 = CARTESIAN_POINT('',(-5.868538864627,-32.83238154757));
#2106 = CARTESIAN_POINT('',(-5.875431193139,-31.57220812026));
#2107 = CARTESIAN_POINT('',(-5.882323521651,-30.30421739262));
#2108 = ( GEOMETRIC_REPRESENTATION_CONTEXT(2) 
PARAMETRIC_REPRESENTATION_CONTEXT() REPRESENTATION_CONTEXT('2D SPACE',''
  ) );
#2109 = PCURVE('',#1000,#2110);
#2110 = DEFINITIONAL_REPRESENTATION('',(#2111),#2115);
#2111 = ELLIPSE('',#2112,246.14159814176,97.);
#2112 = AXIS2_PLACEMENT_2D('',#2113,#2114);
#2113 = CARTESIAN_POINT('',(91.909877709892,136.88918181139));
#2114 = DIRECTION('',(0.869482096449,0.493964456165));
#2115 = ( GEOMETRIC_REPRESENTATION_CONTEXT(2) 
PARAMETRIC_REPRESENTATION_CONTEXT() REPRESENTATION_CONTEXT('2D SPACE',''
  ) );
#2116 = ORIENTED_EDGE('',*,*,#2117,.T.);
#2117 = EDGE_CURVE('',#2091,#2118,#2120,.T.);
#2118 = VERTEX_POINT('',#2119);
#2119 = CARTESIAN_POINT('',(90.501177695878,-34.90754697281,
    26.119425728353));
#2120 = SURFACE_CURVE('',#2121,(#2126,#2136),.PCURVE_S1.);
#2121 = ELLIPSE('',#2122,195.95298412377,97.);
#2122 = AXIS2_PLACEMENT_3D('',#2123,#2124,#2125);
#2123 = CARTESIAN_POINT('',(4.752109816764E-13,3.410605131648E-15,
    -78.62673304328));
#2124 = DIRECTION('',(-0.252223607729,0.831469612303,0.495016702265));
#2125 = DIRECTION('',(-0.143695794077,0.47370144003,-0.868883458513));
#2126 = PCURVE('',#1289,#2127);
#2127 = DEFINITIONAL_REPRESENTATION('',(#2128),#2135);
#2128 = B_SPLINE_CURVE_WITH_KNOTS('',5,(#2129,#2130,#2131,#2132,#2133,
    #2134),.UNSPECIFIED.,.F.,.F.,(6,6),(4.010563430264,4.053265100338),
  .PIECEWISE_BEZIER_KNOTS.);
#2129 = CARTESIAN_POINT('',(-5.875884132559,-31.2955122424));
#2130 = CARTESIAN_POINT('',(-5.884424466574,-30.18508252615));
#2131 = CARTESIAN_POINT('',(-5.892964800589,-29.06463101949));
#2132 = CARTESIAN_POINT('',(-5.901505134604,-27.93432645512));
#2133 = CARTESIAN_POINT('',(-5.910045468618,-26.79434061196));
#2134 = CARTESIAN_POINT('',(-5.918585802633,-25.64484815867));
#2135 = ( GEOMETRIC_REPRESENTATION_CONTEXT(2) 
PARAMETRIC_REPRESENTATION_CONTEXT() REPRESENTATION_CONTEXT('2D SPACE',''
  ) );
#2136 = PCURVE('',#1032,#2137);
#2137 = DEFINITIONAL_REPRESENTATION('',(#2138),#2142);
#2138 = ELLIPSE('',#2139,195.95298412377,97.);
#2139 = AXIS2_PLACEMENT_2D('',#2140,#2141);
#2140 = CARTESIAN_POINT('',(68.587399939354,126.57577722781));
#2141 = DIRECTION('',(0.852640065784,0.522498725567));
#2142 = ( GEOMETRIC_REPRESENTATION_CONTEXT(2) 
PARAMETRIC_REPRESENTATION_CONTEXT() REPRESENTATION_CONTEXT('2D SPACE',''
  ) );
#2143 = ORIENTED_EDGE('',*,*,#2144,.T.);
#2144 = EDGE_CURVE('',#2118,#2145,#2147,.T.);
#2145 = VERTEX_POINT('',#2146);
#2146 = CARTESIAN_POINT('',(91.874914965948,-31.1126983722,
    21.962854788036));
#2147 = SURFACE_CURVE('',#2148,(#2153,#2163),.PCURVE_S1.);
#2148 = ELLIPSE('',#2149,165.11160389182,97.);
#2149 = AXIS2_PLACEMENT_3D('',#2150,#2151,#2152);
#2150 = CARTESIAN_POINT('',(4.752109816764E-13,3.410605131648E-15,
    -64.66678206745));
#2151 = DIRECTION('',(-0.299336736098,0.751839807479,0.58748142295));
#2152 = DIRECTION('',(-0.217309181293,0.545812368894,-0.809237652169));
#2153 = PCURVE('',#1289,#2154);
#2154 = DEFINITIONAL_REPRESENTATION('',(#2155),#2162);
#2155 = B_SPLINE_CURVE_WITH_KNOTS('',5,(#2156,#2157,#2158,#2159,#2160,
    #2161),.UNSPECIFIED.,.F.,.F.,(6,6),(3.961161111258,4.011094878738),
  .PIECEWISE_BEZIER_KNOTS.);
#2156 = CARTESIAN_POINT('',(-5.910858461075,-26.5300312515));
#2157 = CARTESIAN_POINT('',(-5.920845214571,-25.55480122603));
#2158 = CARTESIAN_POINT('',(-5.930831968067,-24.5682017799));
#2159 = CARTESIAN_POINT('',(-5.940818721563,-23.57043554786));
#2160 = CARTESIAN_POINT('',(-5.95080547506,-22.56170989059));
#2161 = CARTESIAN_POINT('',(-5.960792228556,-21.54223663632));
#2162 = ( GEOMETRIC_REPRESENTATION_CONTEXT(2) 
PARAMETRIC_REPRESENTATION_CONTEXT() REPRESENTATION_CONTEXT('2D SPACE',''
  ) );
#2163 = PCURVE('',#1064,#2164);
#2164 = DEFINITIONAL_REPRESENTATION('',(#2165),#2169);
#2165 = ELLIPSE('',#2166,165.11160389182,97.);
#2166 = AXIS2_PLACEMENT_2D('',#2167,#2168);
#2167 = CARTESIAN_POINT('',(52.942698919711,120.23809210795));
#2168 = DIRECTION('',(0.827808953047,0.561010104415));
#2169 = ( GEOMETRIC_REPRESENTATION_CONTEXT(2) 
PARAMETRIC_REPRESENTATION_CONTEXT() REPRESENTATION_CONTEXT('2D SPACE',''
  ) );
#2170 = ORIENTED_EDGE('',*,*,#2171,.T.);
#2171 = EDGE_CURVE('',#2145,#2172,#2174,.T.);
#2172 = VERTEX_POINT('',#2173);
#2173 = CARTESIAN_POINT('',(93.228412169571,-26.78550287638,
    18.393437906791));
#2174 = SURFACE_CURVE('',#2175,(#2180,#2190),.PCURVE_S1.);
#2175 = ELLIPSE('',#2176,144.79899038011,97.);
#2176 = AXIS2_PLACEMENT_3D('',#2177,#2178,#2179);
#2177 = CARTESIAN_POINT('',(4.752109816764E-13,3.410605131648E-15,
    -55.47254086676));
#2178 = DIRECTION('',(-0.341328129921,0.6593458151,0.669894173608));
#2179 = DIRECTION('',(-0.307969148522,0.594906049215,-0.742456595476));
#2180 = PCURVE('',#1289,#2181);
#2181 = DEFINITIONAL_REPRESENTATION('',(#2182),#2189);
#2182 = B_SPLINE_CURVE_WITH_KNOTS('',5,(#2183,#2184,#2185,#2186,#2187,
    #2188),.UNSPECIFIED.,.F.,.F.,(6,6),(3.903465711368,3.95956365661),
  .PIECEWISE_BEZIER_KNOTS.);
#2183 = CARTESIAN_POINT('',(-5.951950993733,-22.31351658907));
#2184 = CARTESIAN_POINT('',(-5.963170582782,-21.48091445528));
#2185 = CARTESIAN_POINT('',(-5.97439017183,-20.6360727653));
#2186 = CARTESIAN_POINT('',(-5.985609760879,-19.77920986716));
#2187 = CARTESIAN_POINT('',(-5.996829349927,-18.91055053058));
#2188 = CARTESIAN_POINT('',(-6.008048938975,-18.03032559352));
#2189 = ( GEOMETRIC_REPRESENTATION_CONTEXT(2) 
PARAMETRIC_REPRESENTATION_CONTEXT() REPRESENTATION_CONTEXT('2D SPACE',''
  ) );
#2190 = PCURVE('',#1096,#2191);
#2191 = DEFINITIONAL_REPRESENTATION('',(#2192),#2196);
#2192 = ELLIPSE('',#2193,144.79899038011,97.);
#2193 = AXIS2_PLACEMENT_2D('',#2194,#2195);
#2194 = CARTESIAN_POINT('',(41.382084405099,116.06399395053));
#2195 = DIRECTION('',(0.791267026962,0.611470761397));
#2196 = ( GEOMETRIC_REPRESENTATION_CONTEXT(2) 
PARAMETRIC_REPRESENTATION_CONTEXT() REPRESENTATION_CONTEXT('2D SPACE',''
  ) );
#2197 = ORIENTED_EDGE('',*,*,#2198,.T.);
#2198 = EDGE_CURVE('',#2172,#2199,#2201,.T.);
#2199 = VERTEX_POINT('',#2200);
#2200 = CARTESIAN_POINT('',(94.472218138456,-22.,15.438471103708));
#2201 = SURFACE_CURVE('',#2202,(#2207,#2217),.PCURVE_S1.);
#2202 = ELLIPSE('',#2203,130.93159802804,97.);
#2203 = AXIS2_PLACEMENT_3D('',#2204,#2205,#2206);
#2204 = CARTESIAN_POINT('',(4.752109816764E-13,3.410605131648E-15,
    -49.19564547682));
#2205 = DIRECTION('',(-0.377479304807,0.55557023302,0.740844849226));
#2206 = DIRECTION('',(-0.416351809428,0.612782393196,-0.671676193843));
#2207 = PCURVE('',#1289,#2208);
#2208 = DEFINITIONAL_REPRESENTATION('',(#2209),#2216);
#2209 = B_SPLINE_CURVE_WITH_KNOTS('',5,(#2210,#2211,#2212,#2213,#2214,
    #2215),.UNSPECIFIED.,.F.,.F.,(6,6),(3.830680370501,3.891859588033),
  .PIECEWISE_BEZIER_KNOTS.);
#2210 = CARTESIAN_POINT('',(-5.998273606184,-18.6815752495));
#2211 = CARTESIAN_POINT('',(-6.01050944969,-17.99737752905));
#2212 = CARTESIAN_POINT('',(-6.022745293197,-17.30047693757));
#2213 = CARTESIAN_POINT('',(-6.034981136703,-16.59108688116));
#2214 = CARTESIAN_POINT('',(-6.047216980209,-15.86942869326));
#2215 = CARTESIAN_POINT('',(-6.059452823716,-15.13573122073));
#2216 = ( GEOMETRIC_REPRESENTATION_CONTEXT(2) 
PARAMETRIC_REPRESENTATION_CONTEXT() REPRESENTATION_CONTEXT('2D SPACE',''
  ) );
#2217 = PCURVE('',#1128,#2218);
#2218 = DEFINITIONAL_REPRESENTATION('',(#2219),#2223);
#2219 = ELLIPSE('',#2220,130.93159802804,97.);
#2220 = AXIS2_PLACEMENT_2D('',#2221,#2222);
#2221 = CARTESIAN_POINT('',(32.214650397395,113.21434307563));
#2222 = DIRECTION('',(0.736987117904,0.675906789464));
#2223 = ( GEOMETRIC_REPRESENTATION_CONTEXT(2) 
PARAMETRIC_REPRESENTATION_CONTEXT() REPRESENTATION_CONTEXT('2D SPACE',''
  ) );
#2224 = ORIENTED_EDGE('',*,*,#2225,.T.);
#2225 = EDGE_CURVE('',#2199,#2226,#2228,.T.);
#2226 = VERTEX_POINT('',#2227);
#2227 = CARTESIAN_POINT('',(95.527374946602,-16.83807102406,
    13.119127259138));
#2228 = SURFACE_CURVE('',#2229,(#2234,#2244),.PCURVE_S1.);
#2229 = ELLIPSE('',#2230,121.38360327964,97.);
#2230 = AXIS2_PLACEMENT_3D('',#2231,#2232,#2233);
#2231 = CARTESIAN_POINT('',(4.752109816764E-13,3.410605131648E-15,
    -44.87386942132));
#2232 = DIRECTION('',(-0.407171704131,0.442288690219,0.799119464072));
#2233 = DIRECTION('',(-0.541240601845,0.587920512292,-0.601172256629));
#2234 = PCURVE('',#1289,#2235);
#2235 = DEFINITIONAL_REPRESENTATION('',(#2236),#2243);
#2236 = B_SPLINE_CURVE_WITH_KNOTS('',5,(#2237,#2238,#2239,#2240,#2241,
    #2242),.UNSPECIFIED.,.F.,.F.,(6,6),(3.734045128691,3.799236517381),
  .PIECEWISE_BEZIER_KNOTS.);
#2237 = CARTESIAN_POINT('',(-6.048922799935,-15.66216128368));
#2238 = CARTESIAN_POINT('',(-6.061961077673,-15.13088256159));
#2239 = CARTESIAN_POINT('',(-6.074999355411,-14.58674018387));
#2240 = CARTESIAN_POINT('',(-6.088037633149,-14.02992230713));
#2241 = CARTESIAN_POINT('',(-6.101075910887,-13.46062620369));
#2242 = CARTESIAN_POINT('',(-6.114114188625,-12.87905784256));
#2243 = ( GEOMETRIC_REPRESENTATION_CONTEXT(2) 
PARAMETRIC_REPRESENTATION_CONTEXT() REPRESENTATION_CONTEXT('2D SPACE',''
  ) );
#2244 = PCURVE('',#1160,#2245);
#2245 = DEFINITIONAL_REPRESENTATION('',(#2246),#2250);
#2246 = ELLIPSE('',#2247,121.38360327964,97.);
#2247 = AXIS2_PLACEMENT_2D('',#2248,#2249);
#2248 = CARTESIAN_POINT('',(24.52967849419,111.25229780443));
#2249 = DIRECTION('',(0.655522779393,0.755175400617));
#2250 = ( GEOMETRIC_REPRESENTATION_CONTEXT(2) 
PARAMETRIC_REPRESENTATION_CONTEXT() REPRESENTATION_CONTEXT('2D SPACE',''
  ) );
#2251 = ORIENTED_EDGE('',*,*,#2252,.T.);
#2252 = EDGE_CURVE('',#2226,#2253,#2255,.T.);
#2253 = VERTEX_POINT('',#2254);
#2254 = CARTESIAN_POINT('',(96.329188675414,-11.38803798451,
    11.45132677683));
#2255 = SURFACE_CURVE('',#2256,(#2261,#2271),.PCURVE_S1.);
#2256 = ELLIPSE('',#2257,114.96692486549,97.);
#2257 = AXIS2_PLACEMENT_3D('',#2258,#2259,#2260);
#2258 = CARTESIAN_POINT('',(4.752109816764E-13,3.410605131648E-15,
    -41.96944311433));
#2259 = DIRECTION('',(-0.429897282708,0.321439465303,0.843720923331));
#2260 = DIRECTION('',(-0.675718032476,0.505242651656,-0.536782081979));
#2261 = PCURVE('',#1289,#2262);
#2262 = DEFINITIONAL_REPRESENTATION('',(#2263),#2270);
#2263 = B_SPLINE_CURVE_WITH_KNOTS('',5,(#2264,#2265,#2266,#2267,#2268,
    #2269),.UNSPECIFIED.,.F.,.F.,(6,6),(3.603447700798,3.671610011781),
  .PIECEWISE_BEZIER_KNOTS.);
#2264 = CARTESIAN_POINT('',(-6.103005012971,-13.27699678242));
#2265 = CARTESIAN_POINT('',(-6.116637475167,-12.90211034504));
#2266 = CARTESIAN_POINT('',(-6.130269937364,-12.51438988184));
#2267 = CARTESIAN_POINT('',(-6.143902399561,-12.11398053841));
#2268 = CARTESIAN_POINT('',(-6.157534861757,-11.70103740326));
#2269 = CARTESIAN_POINT('',(-6.171167323954,-11.27572514775));
#2270 = ( GEOMETRIC_REPRESENTATION_CONTEXT(2) 
PARAMETRIC_REPRESENTATION_CONTEXT() REPRESENTATION_CONTEXT('2D SPACE',''
  ) );
#2271 = PCURVE('',#1192,#2272);
#2272 = DEFINITIONAL_REPRESENTATION('',(#2273),#2277);
#2273 = ELLIPSE('',#2274,114.96692486549,97.);
#2274 = AXIS2_PLACEMENT_2D('',#2275,#2276);
#2275 = CARTESIAN_POINT('',(17.781745980606,109.93371585387));
#2276 = DIRECTION('',(0.53355853396,0.845763141097));
#2277 = ( GEOMETRIC_REPRESENTATION_CONTEXT(2) 
PARAMETRIC_REPRESENTATION_CONTEXT() REPRESENTATION_CONTEXT('2D SPACE',''
  ) );
#2278 = ORIENTED_EDGE('',*,*,#2279,.T.);
#2279 = EDGE_CURVE('',#2253,#2280,#2282,.T.);
#2280 = VERTEX_POINT('',#2281);
#2281 = CARTESIAN_POINT('',(96.829831146439,-5.743152457682,
    10.446226820987));
#2282 = SURFACE_CURVE('',#2283,(#2288,#2298),.PCURVE_S1.);
#2283 = ELLIPSE('',#2284,110.99844912616,97.);
#2284 = AXIS2_PLACEMENT_3D('',#2285,#2286,#2287);
#2285 = CARTESIAN_POINT('',(4.752109816764E-13,3.410605131648E-15,
    -40.17316401291));
#2286 = DIRECTION('',(-0.445267199587,0.195090322016,0.873886083667));
#2287 = DIRECTION('',(-0.800428287525,0.350701359788,-0.486130756868));
#2288 = PCURVE('',#1289,#2289);
#2289 = DEFINITIONAL_REPRESENTATION('',(#2290),#2297);
#2290 = B_SPLINE_CURVE_WITH_KNOTS('',5,(#2291,#2292,#2293,#2294,#2295,
    #2296),.UNSPECIFIED.,.F.,.F.,(6,6),(3.431006042042,3.501128258972),
  .PIECEWISE_BEZIER_KNOTS.);
#2291 = CARTESIAN_POINT('',(-6.159649407794,-11.54248808097));
#2292 = CARTESIAN_POINT('',(-6.17367385118,-11.3265175555));
#2293 = CARTESIAN_POINT('',(-6.187698294567,-11.09783241313));
#2294 = CARTESIAN_POINT('',(-6.201722737953,-10.85652114883));
#2295 = CARTESIAN_POINT('',(-6.215747181339,-10.60268268289));
#2296 = CARTESIAN_POINT('',(-6.229771624725,-10.33642611795));
#2297 = ( GEOMETRIC_REPRESENTATION_CONTEXT(2) 
PARAMETRIC_REPRESENTATION_CONTEXT() REPRESENTATION_CONTEXT('2D SPACE',''
  ) );
#2298 = PCURVE('',#1224,#2299);
#2299 = DEFINITIONAL_REPRESENTATION('',(#2300),#2304);
#2300 = ELLIPSE('',#2301,110.99844912616,97.);
#2301 = AXIS2_PLACEMENT_2D('',#2302,#2303);
#2302 = CARTESIAN_POINT('',(11.611142838348,109.11822220694));
#2303 = DIRECTION('',(0.357572005611,0.933885571579));
#2304 = ( GEOMETRIC_REPRESENTATION_CONTEXT(2) 
PARAMETRIC_REPRESENTATION_CONTEXT() REPRESENTATION_CONTEXT('2D SPACE',''
  ) );
#2305 = ORIENTED_EDGE('',*,*,#2306,.T.);
#2306 = EDGE_CURVE('',#2280,#1305,#2307,.T.);
#2307 = SURFACE_CURVE('',#2308,(#2313,#2323),.PCURVE_S1.);
#2308 = ELLIPSE('',#2309,109.09923488703,97.);
#2309 = AXIS2_PLACEMENT_3D('',#2310,#2311,#2312);
#2310 = CARTESIAN_POINT('',(4.752109816764E-13,3.410605131648E-15,
    -39.31350930642));
#2311 = DIRECTION('',(-0.453018471231,6.540312923014E-02,0.889098810825)
  );
#2312 = DIRECTION('',(-0.879975337631,0.127043695525,-0.457715309542));
#2313 = PCURVE('',#1289,#2314);
#2314 = DEFINITIONAL_REPRESENTATION('',(#2315),#2322);
#2315 = B_SPLINE_CURVE_WITH_KNOTS('',5,(#2316,#2317,#2318,#2319,#2320,
    #2321),.UNSPECIFIED.,.F.,.F.,(6,6),(3.219799172613,3.284973836643),
  .PIECEWISE_BEZIER_KNOTS.);
#2316 = CARTESIAN_POINT('',(-6.21801064315,-10.47024661732));
#2317 = CARTESIAN_POINT('',(-6.231045575956,-10.41939250283));
#2318 = CARTESIAN_POINT('',(-6.244080508762,-10.35796497378));
#2319 = CARTESIAN_POINT('',(-6.257115441568,-10.28598203064));
#2320 = CARTESIAN_POINT('',(-6.270150374374,-10.20346916282));
#2321 = CARTESIAN_POINT('',(-6.28318530718,-10.11045929453));
#2322 = ( GEOMETRIC_REPRESENTATION_CONTEXT(2) 
PARAMETRIC_REPRESENTATION_CONTEXT() REPRESENTATION_CONTEXT('2D SPACE',''
  ) );
#2323 = PCURVE('',#1254,#2324);
#2324 = DEFINITIONAL_REPRESENTATION('',(#2325),#2329);
#2325 = ELLIPSE('',#2326,109.09923488703,97.);
#2326 = AXIS2_PLACEMENT_2D('',#2327,#2328);
#2327 = CARTESIAN_POINT('',(5.755475372253,108.72794713714));
#2328 = DIRECTION('',(0.127316289474,0.991862169071));
#2329 = ( GEOMETRIC_REPRESENTATION_CONTEXT(2) 
PARAMETRIC_REPRESENTATION_CONTEXT() REPRESENTATION_CONTEXT('2D SPACE',''
  ) );
#2330 = ADVANCED_FACE('',(#2331),#1646,.T.);
#2331 = FACE_BOUND('',#2332,.T.);
#2332 = EDGE_LOOP('',(#2333,#2363,#2384,#2385,#2408));
#2333 = ORIENTED_EDGE('',*,*,#2334,.T.);
#2334 = EDGE_CURVE('',#2335,#2337,#2339,.T.);
#2335 = VERTEX_POINT('',#2336);
#2336 = CARTESIAN_POINT('',(97.840381590692,44.,59.921009558186));
#2337 = VERTEX_POINT('',#2338);
#2338 = CARTESIAN_POINT('',(86.257296776243,44.,54.019133061572));
#2339 = SURFACE_CURVE('',#2340,(#2344,#2351),.PCURVE_S1.);
#2340 = LINE('',#2341,#2342);
#2341 = CARTESIAN_POINT('',(97.840381590692,44.,59.921009558186));
#2342 = VECTOR('',#2343,1.);
#2343 = DIRECTION('',(-0.891006524188,0.,-0.45399049974));
#2344 = PCURVE('',#1646,#2345);
#2345 = DEFINITIONAL_REPRESENTATION('',(#2346),#2350);
#2346 = LINE('',#2347,#2348);
#2347 = CARTESIAN_POINT('',(5.755475372253,-15.));
#2348 = VECTOR('',#2349,1.);
#2349 = DIRECTION('',(0.,1.));
#2350 = ( GEOMETRIC_REPRESENTATION_CONTEXT(2) 
PARAMETRIC_REPRESENTATION_CONTEXT() REPRESENTATION_CONTEXT('2D SPACE',''
  ) );
#2351 = PCURVE('',#2352,#2357);
#2352 = PLANE('',#2353);
#2353 = AXIS2_PLACEMENT_3D('',#2354,#2355,#2356);
#2354 = CARTESIAN_POINT('',(84.475283727866,44.,53.111152062093));
#2355 = DIRECTION('',(0.,-1.,0.));
#2356 = DIRECTION('',(-0.45399049974,0.,0.891006524188));
#2357 = DEFINITIONAL_REPRESENTATION('',(#2358),#2362);
#2358 = LINE('',#2359,#2360);
#2359 = CARTESIAN_POINT('',(-1.7763568394E-15,-15.));
#2360 = VECTOR('',#2361,1.);
#2361 = DIRECTION('',(-5.551115123126E-17,1.));
#2362 = ( GEOMETRIC_REPRESENTATION_CONTEXT(2) 
PARAMETRIC_REPRESENTATION_CONTEXT() REPRESENTATION_CONTEXT('2D SPACE',''
  ) );
#2363 = ORIENTED_EDGE('',*,*,#2364,.T.);
#2364 = EDGE_CURVE('',#2337,#1627,#2365,.T.);
#2365 = SURFACE_CURVE('',#2366,(#2370,#2377),.PCURVE_S1.);
#2366 = LINE('',#2367,#2368);
#2367 = CARTESIAN_POINT('',(88.125872396853,43.730230221167,
    50.351846918233));
#2368 = VECTOR('',#2369,1.);
#2369 = DIRECTION('',(0.453018471231,-6.540312923014E-02,-0.889098810825
    ));
#2370 = PCURVE('',#1646,#2371);
#2371 = DEFINITIONAL_REPRESENTATION('',(#2372),#2376);
#2372 = LINE('',#2373,#2374);
#2373 = CARTESIAN_POINT('',(1.63075256452,-2.));
#2374 = VECTOR('',#2375,1.);
#2375 = DIRECTION('',(-1.,-5.551115123126E-17));
#2376 = ( GEOMETRIC_REPRESENTATION_CONTEXT(2) 
PARAMETRIC_REPRESENTATION_CONTEXT() REPRESENTATION_CONTEXT('2D SPACE',''
  ) );
#2377 = PCURVE('',#1680,#2378);
#2378 = DEFINITIONAL_REPRESENTATION('',(#2379),#2383);
#2379 = LINE('',#2380,#2381);
#2380 = CARTESIAN_POINT('',(-4.500482341095,-43.73023022116));
#2381 = VECTOR('',#2382,1.);
#2382 = DIRECTION('',(-0.997858923239,6.540312923014E-02));
#2383 = ( GEOMETRIC_REPRESENTATION_CONTEXT(2) 
PARAMETRIC_REPRESENTATION_CONTEXT() REPRESENTATION_CONTEXT('2D SPACE',''
  ) );
#2384 = ORIENTED_EDGE('',*,*,#1626,.F.);
#2385 = ORIENTED_EDGE('',*,*,#2386,.F.);
#2386 = EDGE_CURVE('',#2387,#1600,#2389,.T.);
#2387 = VERTEX_POINT('',#2388);
#2388 = CARTESIAN_POINT('',(100.44771824503,43.623573900448,
    54.803823248983));
#2389 = SURFACE_CURVE('',#2390,(#2394,#2401),.PCURVE_S1.);
#2390 = LINE('',#2391,#2392);
#2391 = CARTESIAN_POINT('',(100.44771824503,43.623573900448,
    54.803823248983));
#2392 = VECTOR('',#2393,1.);
#2393 = DIRECTION('',(-0.891006524188,0.,-0.45399049974));
#2394 = PCURVE('',#1646,#2395);
#2395 = DEFINITIONAL_REPRESENTATION('',(#2396),#2400);
#2396 = LINE('',#2397,#2398);
#2397 = CARTESIAN_POINT('',(4.440892098501E-15,-15.));
#2398 = VECTOR('',#2399,1.);
#2399 = DIRECTION('',(-1.110223024625E-16,1.));
#2400 = ( GEOMETRIC_REPRESENTATION_CONTEXT(2) 
PARAMETRIC_REPRESENTATION_CONTEXT() REPRESENTATION_CONTEXT('2D SPACE',''
  ) );
#2401 = PCURVE('',#481,#2402);
#2402 = DEFINITIONAL_REPRESENTATION('',(#2403),#2407);
#2403 = LINE('',#2404,#2405);
#2404 = CARTESIAN_POINT('',(5.755475372253,-23.5));
#2405 = VECTOR('',#2406,1.);
#2406 = DIRECTION('',(-1.110223024625E-16,1.));
#2407 = ( GEOMETRIC_REPRESENTATION_CONTEXT(2) 
PARAMETRIC_REPRESENTATION_CONTEXT() REPRESENTATION_CONTEXT('2D SPACE',''
  ) );
#2408 = ORIENTED_EDGE('',*,*,#2409,.F.);
#2409 = EDGE_CURVE('',#2335,#2387,#2410,.T.);
#2410 = SURFACE_CURVE('',#2411,(#2415,#2422),.PCURVE_S1.);
#2411 = LINE('',#2412,#2413);
#2412 = CARTESIAN_POINT('',(99.708957211301,43.730230221167,
    56.253723414847));
#2413 = VECTOR('',#2414,1.);
#2414 = DIRECTION('',(0.453018471231,-6.540312923014E-02,-0.889098810825
    ));
#2415 = PCURVE('',#1646,#2416);
#2416 = DEFINITIONAL_REPRESENTATION('',(#2417),#2421);
#2417 = LINE('',#2418,#2419);
#2418 = CARTESIAN_POINT('',(1.63075256452,-15.));
#2419 = VECTOR('',#2420,1.);
#2420 = DIRECTION('',(-1.,-5.551115123126E-17));
#2421 = ( GEOMETRIC_REPRESENTATION_CONTEXT(2) 
PARAMETRIC_REPRESENTATION_CONTEXT() REPRESENTATION_CONTEXT('2D SPACE',''
  ) );
#2422 = PCURVE('',#639,#2423);
#2423 = DEFINITIONAL_REPRESENTATION('',(#2424),#2428);
#2424 = LINE('',#2425,#2426);
#2425 = CARTESIAN_POINT('',(-4.500482341095,-43.73023022116));
#2426 = VECTOR('',#2427,1.);
#2427 = DIRECTION('',(-0.997858923239,6.540312923014E-02));
#2428 = ( GEOMETRIC_REPRESENTATION_CONTEXT(2) 
PARAMETRIC_REPRESENTATION_CONTEXT() REPRESENTATION_CONTEXT('2D SPACE',''
  ) );
#2429 = ADVANCED_FACE('',(#2430),#2352,.T.);
#2430 = FACE_BOUND('',#2431,.T.);
#2431 = EDGE_LOOP('',(#2432,#2457,#2478,#2479));
#2432 = ORIENTED_EDGE('',*,*,#2433,.F.);
#2433 = EDGE_CURVE('',#2434,#2436,#2438,.T.);
#2434 = VERTEX_POINT('',#2435);
#2435 = CARTESIAN_POINT('',(81.717391778848,44.,62.929198303456));
#2436 = VERTEX_POINT('',#2437);
#2437 = CARTESIAN_POINT('',(93.300476593297,44.,68.83107480007));
#2438 = SURFACE_CURVE('',#2439,(#2443,#2450),.PCURVE_S1.);
#2439 = LINE('',#2440,#2441);
#2440 = CARTESIAN_POINT('',(81.717391778848,44.,62.929198303456));
#2441 = VECTOR('',#2442,1.);
#2442 = DIRECTION('',(0.891006524188,0.,0.45399049974));
#2443 = PCURVE('',#2352,#2444);
#2444 = DEFINITIONAL_REPRESENTATION('',(#2445),#2449);
#2445 = LINE('',#2446,#2447);
#2446 = CARTESIAN_POINT('',(10.,-2.));
#2447 = VECTOR('',#2448,1.);
#2448 = DIRECTION('',(-4.996003610813E-16,-1.));
#2449 = ( GEOMETRIC_REPRESENTATION_CONTEXT(2) 
PARAMETRIC_REPRESENTATION_CONTEXT() REPRESENTATION_CONTEXT('2D SPACE',''
  ) );
#2450 = PCURVE('',#672,#2451);
#2451 = DEFINITIONAL_REPRESENTATION('',(#2452),#2456);
#2452 = LINE('',#2453,#2454);
#2453 = CARTESIAN_POINT('',(-4.440892098501E-16,-10.5));
#2454 = VECTOR('',#2455,1.);
#2455 = DIRECTION('',(-3.330669073875E-16,-1.));
#2456 = ( GEOMETRIC_REPRESENTATION_CONTEXT(2) 
PARAMETRIC_REPRESENTATION_CONTEXT() REPRESENTATION_CONTEXT('2D SPACE',''
  ) );
#2457 = ORIENTED_EDGE('',*,*,#2458,.T.);
#2458 = EDGE_CURVE('',#2434,#2337,#2459,.T.);
#2459 = SURFACE_CURVE('',#2460,(#2464,#2471),.PCURVE_S1.);
#2460 = LINE('',#2461,#2462);
#2461 = CARTESIAN_POINT('',(86.169996472997,44.,54.190469553858));
#2462 = VECTOR('',#2463,1.);
#2463 = DIRECTION('',(0.45399049974,0.,-0.891006524188));
#2464 = PCURVE('',#2352,#2465);
#2465 = DEFINITIONAL_REPRESENTATION('',(#2466),#2470);
#2466 = LINE('',#2467,#2468);
#2467 = CARTESIAN_POINT('',(0.192295440756,-2.));
#2468 = VECTOR('',#2469,1.);
#2469 = DIRECTION('',(-1.,0.));
#2470 = ( GEOMETRIC_REPRESENTATION_CONTEXT(2) 
PARAMETRIC_REPRESENTATION_CONTEXT() REPRESENTATION_CONTEXT('2D SPACE',''
  ) );
#2471 = PCURVE('',#1680,#2472);
#2472 = DEFINITIONAL_REPRESENTATION('',(#2473),#2477);
#2473 = LINE('',#2474,#2475);
#2474 = CARTESIAN_POINT('',(-0.192295440756,-44.));
#2475 = VECTOR('',#2476,1.);
#2476 = DIRECTION('',(-1.,0.));
#2477 = ( GEOMETRIC_REPRESENTATION_CONTEXT(2) 
PARAMETRIC_REPRESENTATION_CONTEXT() REPRESENTATION_CONTEXT('2D SPACE',''
  ) );
#2478 = ORIENTED_EDGE('',*,*,#2334,.F.);
#2479 = ORIENTED_EDGE('',*,*,#2480,.F.);
#2480 = EDGE_CURVE('',#2436,#2335,#2481,.T.);
#2481 = SURFACE_CURVE('',#2482,(#2486,#2493),.PCURVE_S1.);
#2482 = LINE('',#2483,#2484);
#2483 = CARTESIAN_POINT('',(97.753081287445,44.,60.092346050472));
#2484 = VECTOR('',#2485,1.);
#2485 = DIRECTION('',(0.45399049974,0.,-0.891006524188));
#2486 = PCURVE('',#2352,#2487);
#2487 = DEFINITIONAL_REPRESENTATION('',(#2488),#2492);
#2488 = LINE('',#2489,#2490);
#2489 = CARTESIAN_POINT('',(0.192295440756,-15.));
#2490 = VECTOR('',#2491,1.);
#2491 = DIRECTION('',(-1.,0.));
#2492 = ( GEOMETRIC_REPRESENTATION_CONTEXT(2) 
PARAMETRIC_REPRESENTATION_CONTEXT() REPRESENTATION_CONTEXT('2D SPACE',''
  ) );
#2493 = PCURVE('',#639,#2494);
#2494 = DEFINITIONAL_REPRESENTATION('',(#2495),#2499);
#2495 = LINE('',#2496,#2497);
#2496 = CARTESIAN_POINT('',(-0.192295440756,-44.));
#2497 = VECTOR('',#2498,1.);
#2498 = DIRECTION('',(-1.,0.));
#2499 = ( GEOMETRIC_REPRESENTATION_CONTEXT(2) 
PARAMETRIC_REPRESENTATION_CONTEXT() REPRESENTATION_CONTEXT('2D SPACE',''
  ) );
#2500 = ADVANCED_FACE('',(#2501),#1707,.F.);
#2501 = FACE_BOUND('',#2502,.F.);
#2502 = EDGE_LOOP('',(#2503,#2526,#2527));
#2503 = ORIENTED_EDGE('',*,*,#2504,.F.);
#2504 = EDGE_CURVE('',#1659,#2505,#2507,.T.);
#2505 = VERTEX_POINT('',#2506);
#2506 = CARTESIAN_POINT('',(81.717391778848,48.,62.929198303456));
#2507 = SURFACE_CURVE('',#2508,(#2512,#2519),.PCURVE_S1.);
#2508 = LINE('',#2509,#2510);
#2509 = CARTESIAN_POINT('',(86.257296776243,48.,54.019133061572));
#2510 = VECTOR('',#2511,1.);
#2511 = DIRECTION('',(-0.45399049974,0.,0.891006524188));
#2512 = PCURVE('',#1707,#2513);
#2513 = DEFINITIONAL_REPRESENTATION('',(#2514),#2518);
#2514 = LINE('',#2515,#2516);
#2515 = CARTESIAN_POINT('',(0.,0.));
#2516 = VECTOR('',#2517,1.);
#2517 = DIRECTION('',(1.,0.));
#2518 = ( GEOMETRIC_REPRESENTATION_CONTEXT(2) 
PARAMETRIC_REPRESENTATION_CONTEXT() REPRESENTATION_CONTEXT('2D SPACE',''
  ) );
#2519 = PCURVE('',#1680,#2520);
#2520 = DEFINITIONAL_REPRESENTATION('',(#2521),#2525);
#2521 = LINE('',#2522,#2523);
#2522 = CARTESIAN_POINT('',(-0.384590881513,-48.));
#2523 = VECTOR('',#2524,1.);
#2524 = DIRECTION('',(1.,0.));
#2525 = ( GEOMETRIC_REPRESENTATION_CONTEXT(2) 
PARAMETRIC_REPRESENTATION_CONTEXT() REPRESENTATION_CONTEXT('2D SPACE',''
  ) );
#2526 = ORIENTED_EDGE('',*,*,#1692,.F.);
#2527 = ORIENTED_EDGE('',*,*,#2528,.F.);
#2528 = EDGE_CURVE('',#2505,#1693,#2529,.T.);
#2529 = SURFACE_CURVE('',#2530,(#2534,#2541),.PCURVE_S1.);
#2530 = LINE('',#2531,#2532);
#2531 = CARTESIAN_POINT('',(81.717391778848,48.,62.929198303456));
#2532 = VECTOR('',#2533,1.);
#2533 = DIRECTION('',(0.891006524188,0.,0.45399049974));
#2534 = PCURVE('',#1707,#2535);
#2535 = DEFINITIONAL_REPRESENTATION('',(#2536),#2540);
#2536 = LINE('',#2537,#2538);
#2537 = CARTESIAN_POINT('',(10.,-2.6645352591E-15));
#2538 = VECTOR('',#2539,1.);
#2539 = DIRECTION('',(0.,-1.));
#2540 = ( GEOMETRIC_REPRESENTATION_CONTEXT(2) 
PARAMETRIC_REPRESENTATION_CONTEXT() REPRESENTATION_CONTEXT('2D SPACE',''
  ) );
#2541 = PCURVE('',#1738,#2542);
#2542 = DEFINITIONAL_REPRESENTATION('',(#2543),#2547);
#2543 = LINE('',#2544,#2545);
#2544 = CARTESIAN_POINT('',(0.,0.));
#2545 = VECTOR('',#2546,1.);
#2546 = DIRECTION('',(0.,-1.));
#2547 = ( GEOMETRIC_REPRESENTATION_CONTEXT(2) 
PARAMETRIC_REPRESENTATION_CONTEXT() REPRESENTATION_CONTEXT('2D SPACE',''
  ) );
#2548 = ADVANCED_FACE('',(#2549),#1738,.F.);
#2549 = FACE_BOUND('',#2550,.F.);
#2550 = EDGE_LOOP('',(#2551,#2574,#2575,#2576,#2599));
#2551 = ORIENTED_EDGE('',*,*,#2552,.F.);
#2552 = EDGE_CURVE('',#2505,#2553,#2555,.T.);
#2553 = VERTEX_POINT('',#2554);
#2554 = CARTESIAN_POINT('',(59.925847791349,0.,105.69751146449));
#2555 = SURFACE_CURVE('',#2556,(#2560,#2567),.PCURVE_S1.);
#2556 = LINE('',#2557,#2558);
#2557 = CARTESIAN_POINT('',(81.717391778848,48.,62.929198303456));
#2558 = VECTOR('',#2559,1.);
#2559 = DIRECTION('',(-0.32101976096,-0.707106781187,0.630036755335));
#2560 = PCURVE('',#1738,#2561);
#2561 = DEFINITIONAL_REPRESENTATION('',(#2562),#2566);
#2562 = LINE('',#2563,#2564);
#2563 = CARTESIAN_POINT('',(0.,0.));
#2564 = VECTOR('',#2565,1.);
#2565 = DIRECTION('',(1.,0.));
#2566 = ( GEOMETRIC_REPRESENTATION_CONTEXT(2) 
PARAMETRIC_REPRESENTATION_CONTEXT() REPRESENTATION_CONTEXT('2D SPACE',''
  ) );
#2567 = PCURVE('',#1680,#2568);
#2568 = DEFINITIONAL_REPRESENTATION('',(#2569),#2573);
#2569 = LINE('',#2570,#2571);
#2570 = CARTESIAN_POINT('',(9.615409118487,-48.));
#2571 = VECTOR('',#2572,1.);
#2572 = DIRECTION('',(0.707106781187,0.707106781187));
#2573 = ( GEOMETRIC_REPRESENTATION_CONTEXT(2) 
PARAMETRIC_REPRESENTATION_CONTEXT() REPRESENTATION_CONTEXT('2D SPACE',''
  ) );
#2574 = ORIENTED_EDGE('',*,*,#2528,.T.);
#2575 = ORIENTED_EDGE('',*,*,#1718,.T.);
#2576 = ORIENTED_EDGE('',*,*,#2577,.T.);
#2577 = EDGE_CURVE('',#1719,#2578,#2580,.T.);
#2578 = VERTEX_POINT('',#2579);
#2579 = CARTESIAN_POINT('',(71.508932605798,0.,111.59938796111));
#2580 = SURFACE_CURVE('',#2581,(#2585,#2592),.PCURVE_S1.);
#2581 = LINE('',#2582,#2583);
#2582 = CARTESIAN_POINT('',(93.300476593297,48.,68.83107480007));
#2583 = VECTOR('',#2584,1.);
#2584 = DIRECTION('',(-0.32101976096,-0.707106781187,0.630036755335));
#2585 = PCURVE('',#1738,#2586);
#2586 = DEFINITIONAL_REPRESENTATION('',(#2587),#2591);
#2587 = LINE('',#2588,#2589);
#2588 = CARTESIAN_POINT('',(4.440892098501E-16,-13.));
#2589 = VECTOR('',#2590,1.);
#2590 = DIRECTION('',(1.,0.));
#2591 = ( GEOMETRIC_REPRESENTATION_CONTEXT(2) 
PARAMETRIC_REPRESENTATION_CONTEXT() REPRESENTATION_CONTEXT('2D SPACE',''
  ) );
#2592 = PCURVE('',#1772,#2593);
#2593 = DEFINITIONAL_REPRESENTATION('',(#2594),#2598);
#2594 = LINE('',#2595,#2596);
#2595 = CARTESIAN_POINT('',(9.615409118487,-48.));
#2596 = VECTOR('',#2597,1.);
#2597 = DIRECTION('',(0.707106781187,0.707106781187));
#2598 = ( GEOMETRIC_REPRESENTATION_CONTEXT(2) 
PARAMETRIC_REPRESENTATION_CONTEXT() REPRESENTATION_CONTEXT('2D SPACE',''
  ) );
#2599 = ORIENTED_EDGE('',*,*,#2600,.F.);
#2600 = EDGE_CURVE('',#2553,#2578,#2601,.T.);
#2601 = SURFACE_CURVE('',#2602,(#2606,#2613),.PCURVE_S1.);
#2602 = LINE('',#2603,#2604);
#2603 = CARTESIAN_POINT('',(59.925847791349,0.,105.69751146449));
#2604 = VECTOR('',#2605,1.);
#2605 = DIRECTION('',(0.891006524188,0.,0.45399049974));
#2606 = PCURVE('',#1738,#2607);
#2607 = DEFINITIONAL_REPRESENTATION('',(#2608),#2612);
#2608 = LINE('',#2609,#2610);
#2609 = CARTESIAN_POINT('',(67.882250993909,7.105427357601E-15));
#2610 = VECTOR('',#2611,1.);
#2611 = DIRECTION('',(0.,-1.));
#2612 = ( GEOMETRIC_REPRESENTATION_CONTEXT(2) 
PARAMETRIC_REPRESENTATION_CONTEXT() REPRESENTATION_CONTEXT('2D SPACE',''
  ) );
#2613 = PCURVE('',#1937,#2614);
#2614 = DEFINITIONAL_REPRESENTATION('',(#2615),#2619);
#2615 = LINE('',#2616,#2617);
#2616 = CARTESIAN_POINT('',(0.,0.));
#2617 = VECTOR('',#2618,1.);
#2618 = DIRECTION('',(0.,-1.));
#2619 = ( GEOMETRIC_REPRESENTATION_CONTEXT(2) 
PARAMETRIC_REPRESENTATION_CONTEXT() REPRESENTATION_CONTEXT('2D SPACE',''
  ) );
#2620 = ADVANCED_FACE('',(#2621),#1772,.T.);
#2621 = FACE_BOUND('',#2622,.T.);
#2622 = EDGE_LOOP('',(#2623,#2644,#2645,#2668,#2689,#2690));
#2623 = ORIENTED_EDGE('',*,*,#2624,.T.);
#2624 = EDGE_CURVE('',#2578,#1889,#2625,.T.);
#2625 = SURFACE_CURVE('',#2626,(#2630,#2637),.PCURVE_S1.);
#2626 = LINE('',#2627,#2628);
#2627 = CARTESIAN_POINT('',(71.508932605798,0.,111.59938796111));
#2628 = VECTOR('',#2629,1.);
#2629 = DIRECTION('',(0.32101976096,-0.707106781187,-0.630036755335));
#2630 = PCURVE('',#1772,#2631);
#2631 = DEFINITIONAL_REPRESENTATION('',(#2632),#2636);
#2632 = LINE('',#2633,#2634);
#2633 = CARTESIAN_POINT('',(57.615409118487,-3.709760455135E-16));
#2634 = VECTOR('',#2635,1.);
#2635 = DIRECTION('',(-0.707106781187,0.707106781187));
#2636 = ( GEOMETRIC_REPRESENTATION_CONTEXT(2) 
PARAMETRIC_REPRESENTATION_CONTEXT() REPRESENTATION_CONTEXT('2D SPACE',''
  ) );
#2637 = PCURVE('',#1937,#2638);
#2638 = DEFINITIONAL_REPRESENTATION('',(#2639),#2643);
#2639 = LINE('',#2640,#2641);
#2640 = CARTESIAN_POINT('',(-1.86517468137E-14,-13.));
#2641 = VECTOR('',#2642,1.);
#2642 = DIRECTION('',(1.,0.));
#2643 = ( GEOMETRIC_REPRESENTATION_CONTEXT(2) 
PARAMETRIC_REPRESENTATION_CONTEXT() REPRESENTATION_CONTEXT('2D SPACE',''
  ) );
#2644 = ORIENTED_EDGE('',*,*,#1888,.T.);
#2645 = ORIENTED_EDGE('',*,*,#2646,.T.);
#2646 = EDGE_CURVE('',#1860,#2647,#2649,.T.);
#2647 = VERTEX_POINT('',#2648);
#2648 = CARTESIAN_POINT('',(73.324894604757,0.,108.03536186435));
#2649 = SURFACE_CURVE('',#2650,(#2654,#2661),.PCURVE_S1.);
#2650 = LINE('',#2651,#2652);
#2651 = CARTESIAN_POINT('',(79.410116199617,-13.40385227962,
    96.092442033958));
#2652 = VECTOR('',#2653,1.);
#2653 = DIRECTION('',(-0.32101976096,0.707106781187,0.630036755335));
#2654 = PCURVE('',#1772,#2655);
#2655 = DEFINITIONAL_REPRESENTATION('',(#2656),#2660);
#2656 = LINE('',#2657,#2658);
#2657 = CARTESIAN_POINT('',(40.211556838865,13.403852279622));
#2658 = VECTOR('',#2659,1.);
#2659 = DIRECTION('',(0.707106781187,-0.707106781187));
#2660 = ( GEOMETRIC_REPRESENTATION_CONTEXT(2) 
PARAMETRIC_REPRESENTATION_CONTEXT() REPRESENTATION_CONTEXT('2D SPACE',''
  ) );
#2661 = PCURVE('',#756,#2662);
#2662 = DEFINITIONAL_REPRESENTATION('',(#2663),#2667);
#2663 = LINE('',#2664,#2665);
#2664 = CARTESIAN_POINT('',(18.955909681887,-23.5));
#2665 = VECTOR('',#2666,1.);
#2666 = DIRECTION('',(-1.,0.));
#2667 = ( GEOMETRIC_REPRESENTATION_CONTEXT(2) 
PARAMETRIC_REPRESENTATION_CONTEXT() REPRESENTATION_CONTEXT('2D SPACE',''
  ) );
#2668 = ORIENTED_EDGE('',*,*,#2669,.T.);
#2669 = EDGE_CURVE('',#2647,#1751,#2670,.T.);
#2670 = SURFACE_CURVE('',#2671,(#2675,#2682),.PCURVE_S1.);
#2671 = LINE('',#2672,#2673);
#2672 = CARTESIAN_POINT('',(89.397907193887,35.403852279622,
    76.490298501814));
#2673 = VECTOR('',#2674,1.);
#2674 = DIRECTION('',(0.32101976096,0.707106781187,-0.630036755335));
#2675 = PCURVE('',#1772,#2676);
#2676 = DEFINITIONAL_REPRESENTATION('',(#2677),#2681);
#2677 = LINE('',#2678,#2679);
#2678 = CARTESIAN_POINT('',(18.211556838865,-35.40385227962));
#2679 = VECTOR('',#2680,1.);
#2680 = DIRECTION('',(-0.707106781187,-0.707106781187));
#2681 = ( GEOMETRIC_REPRESENTATION_CONTEXT(2) 
PARAMETRIC_REPRESENTATION_CONTEXT() REPRESENTATION_CONTEXT('2D SPACE',''
  ) );
#2682 = PCURVE('',#672,#2683);
#2683 = DEFINITIONAL_REPRESENTATION('',(#2684),#2688);
#2684 = LINE('',#2685,#2686);
#2685 = CARTESIAN_POINT('',(12.156788690321,-23.5));
#2686 = VECTOR('',#2687,1.);
#2687 = DIRECTION('',(-1.,0.));
#2688 = ( GEOMETRIC_REPRESENTATION_CONTEXT(2) 
PARAMETRIC_REPRESENTATION_CONTEXT() REPRESENTATION_CONTEXT('2D SPACE',''
  ) );
#2689 = ORIENTED_EDGE('',*,*,#1750,.T.);
#2690 = ORIENTED_EDGE('',*,*,#2577,.T.);
#2691 = ADVANCED_FACE('',(#2692),#1937,.F.);
#2692 = FACE_BOUND('',#2693,.F.);
#2693 = EDGE_LOOP('',(#2694,#2717,#2718,#2719,#2720));
#2694 = ORIENTED_EDGE('',*,*,#2695,.F.);
#2695 = EDGE_CURVE('',#2553,#2696,#2698,.T.);
#2696 = VERTEX_POINT('',#2697);
#2697 = CARTESIAN_POINT('',(81.717391778848,-48.,62.929198303456));
#2698 = SURFACE_CURVE('',#2699,(#2703,#2710),.PCURVE_S1.);
#2699 = LINE('',#2700,#2701);
#2700 = CARTESIAN_POINT('',(59.925847791349,0.,105.69751146449));
#2701 = VECTOR('',#2702,1.);
#2702 = DIRECTION('',(0.32101976096,-0.707106781187,-0.630036755335));
#2703 = PCURVE('',#1937,#2704);
#2704 = DEFINITIONAL_REPRESENTATION('',(#2705),#2709);
#2705 = LINE('',#2706,#2707);
#2706 = CARTESIAN_POINT('',(0.,0.));
#2707 = VECTOR('',#2708,1.);
#2708 = DIRECTION('',(1.,0.));
#2709 = ( GEOMETRIC_REPRESENTATION_CONTEXT(2) 
PARAMETRIC_REPRESENTATION_CONTEXT() REPRESENTATION_CONTEXT('2D SPACE',''
  ) );
#2710 = PCURVE('',#1680,#2711);
#2711 = DEFINITIONAL_REPRESENTATION('',(#2712),#2716);
#2712 = LINE('',#2713,#2714);
#2713 = CARTESIAN_POINT('',(57.615409118487,-3.709760455135E-16));
#2714 = VECTOR('',#2715,1.);
#2715 = DIRECTION('',(-0.707106781187,0.707106781187));
#2716 = ( GEOMETRIC_REPRESENTATION_CONTEXT(2) 
PARAMETRIC_REPRESENTATION_CONTEXT() REPRESENTATION_CONTEXT('2D SPACE',''
  ) );
#2717 = ORIENTED_EDGE('',*,*,#2600,.T.);
#2718 = ORIENTED_EDGE('',*,*,#2624,.T.);
#2719 = ORIENTED_EDGE('',*,*,#1917,.T.);
#2720 = ORIENTED_EDGE('',*,*,#2721,.F.);
#2721 = EDGE_CURVE('',#2696,#1918,#2722,.T.);
#2722 = SURFACE_CURVE('',#2723,(#2727,#2734),.PCURVE_S1.);
#2723 = LINE('',#2724,#2725);
#2724 = CARTESIAN_POINT('',(81.717391778848,-48.,62.929198303456));
#2725 = VECTOR('',#2726,1.);
#2726 = DIRECTION('',(0.891006524188,0.,0.45399049974));
#2727 = PCURVE('',#1937,#2728);
#2728 = DEFINITIONAL_REPRESENTATION('',(#2729),#2733);
#2729 = LINE('',#2730,#2731);
#2730 = CARTESIAN_POINT('',(67.882250993909,-3.552713678801E-15));
#2731 = VECTOR('',#2732,1.);
#2732 = DIRECTION('',(0.,-1.));
#2733 = ( GEOMETRIC_REPRESENTATION_CONTEXT(2) 
PARAMETRIC_REPRESENTATION_CONTEXT() REPRESENTATION_CONTEXT('2D SPACE',''
  ) );
#2734 = PCURVE('',#1964,#2735);
#2735 = DEFINITIONAL_REPRESENTATION('',(#2736),#2740);
#2736 = LINE('',#2737,#2738);
#2737 = CARTESIAN_POINT('',(0.,0.));
#2738 = VECTOR('',#2739,1.);
#2739 = DIRECTION('',(0.,-1.));
#2740 = ( GEOMETRIC_REPRESENTATION_CONTEXT(2) 
PARAMETRIC_REPRESENTATION_CONTEXT() REPRESENTATION_CONTEXT('2D SPACE',''
  ) );
#2741 = ADVANCED_FACE('',(#2742),#1964,.F.);
#2742 = FACE_BOUND('',#2743,.F.);
#2743 = EDGE_LOOP('',(#2744,#2765,#2766));
#2744 = ORIENTED_EDGE('',*,*,#2745,.F.);
#2745 = EDGE_CURVE('',#2696,#1950,#2746,.T.);
#2746 = SURFACE_CURVE('',#2747,(#2751,#2758),.PCURVE_S1.);
#2747 = LINE('',#2748,#2749);
#2748 = CARTESIAN_POINT('',(81.717391778848,-48.,62.929198303456));
#2749 = VECTOR('',#2750,1.);
#2750 = DIRECTION('',(0.45399049974,0.,-0.891006524188));
#2751 = PCURVE('',#1964,#2752);
#2752 = DEFINITIONAL_REPRESENTATION('',(#2753),#2757);
#2753 = LINE('',#2754,#2755);
#2754 = CARTESIAN_POINT('',(0.,0.));
#2755 = VECTOR('',#2756,1.);
#2756 = DIRECTION('',(1.,0.));
#2757 = ( GEOMETRIC_REPRESENTATION_CONTEXT(2) 
PARAMETRIC_REPRESENTATION_CONTEXT() REPRESENTATION_CONTEXT('2D SPACE',''
  ) );
#2758 = PCURVE('',#1680,#2759);
#2759 = DEFINITIONAL_REPRESENTATION('',(#2760),#2764);
#2760 = LINE('',#2761,#2762);
#2761 = CARTESIAN_POINT('',(9.615409118487,48.));
#2762 = VECTOR('',#2763,1.);
#2763 = DIRECTION('',(-1.,0.));
#2764 = ( GEOMETRIC_REPRESENTATION_CONTEXT(2) 
PARAMETRIC_REPRESENTATION_CONTEXT() REPRESENTATION_CONTEXT('2D SPACE',''
  ) );
#2765 = ORIENTED_EDGE('',*,*,#2721,.T.);
#2766 = ORIENTED_EDGE('',*,*,#1949,.T.);
#2767 = ADVANCED_FACE('',(#2768),#1680,.F.);
#2768 = FACE_BOUND('',#2769,.F.);
#2769 = EDGE_LOOP('',(#2770,#2771,#2772,#2795,#2823,#2846,#2867,#2868,
    #2869,#2870,#2871,#2872));
#2770 = ORIENTED_EDGE('',*,*,#2745,.T.);
#2771 = ORIENTED_EDGE('',*,*,#1975,.T.);
#2772 = ORIENTED_EDGE('',*,*,#2773,.T.);
#2773 = EDGE_CURVE('',#1976,#2774,#2776,.T.);
#2774 = VERTEX_POINT('',#2775);
#2775 = CARTESIAN_POINT('',(86.257296776243,-44.,54.019133061572));
#2776 = SURFACE_CURVE('',#2777,(#2781,#2788),.PCURVE_S1.);
#2777 = LINE('',#2778,#2779);
#2778 = CARTESIAN_POINT('',(86.822204069681,-43.91844327094,
    52.910440072835));
#2779 = VECTOR('',#2780,1.);
#2780 = DIRECTION('',(-0.453018471231,-6.540312923014E-02,0.889098810825
    ));
#2781 = PCURVE('',#1680,#2782);
#2782 = DEFINITIONAL_REPRESENTATION('',(#2783),#2787);
#2783 = LINE('',#2784,#2785);
#2784 = CARTESIAN_POINT('',(-1.628906112253,43.918443270944));
#2785 = VECTOR('',#2786,1.);
#2786 = DIRECTION('',(0.997858923239,6.540312923014E-02));
#2787 = ( GEOMETRIC_REPRESENTATION_CONTEXT(2) 
PARAMETRIC_REPRESENTATION_CONTEXT() REPRESENTATION_CONTEXT('2D SPACE',''
  ) );
#2788 = PCURVE('',#2024,#2789);
#2789 = DEFINITIONAL_REPRESENTATION('',(#2790),#2794);
#2790 = LINE('',#2791,#2792);
#2791 = CARTESIAN_POINT('',(1.246985121606,-10.5));
#2792 = VECTOR('',#2793,1.);
#2793 = DIRECTION('',(-1.,0.));
#2794 = ( GEOMETRIC_REPRESENTATION_CONTEXT(2) 
PARAMETRIC_REPRESENTATION_CONTEXT() REPRESENTATION_CONTEXT('2D SPACE',''
  ) );
#2795 = ORIENTED_EDGE('',*,*,#2796,.T.);
#2796 = EDGE_CURVE('',#2774,#2797,#2799,.T.);
#2797 = VERTEX_POINT('',#2798);
#2798 = CARTESIAN_POINT('',(81.717391778848,-44.,62.929198303456));
#2799 = SURFACE_CURVE('',#2800,(#2804,#2811),.PCURVE_S1.);
#2800 = LINE('',#2801,#2802);
#2801 = CARTESIAN_POINT('',(83.900043974299,-44.,58.645502174799));
#2802 = VECTOR('',#2803,1.);
#2803 = DIRECTION('',(-0.45399049974,0.,0.891006524188));
#2804 = PCURVE('',#1680,#2805);
#2805 = DEFINITIONAL_REPRESENTATION('',(#2806),#2810);
#2806 = LINE('',#2807,#2808);
#2807 = CARTESIAN_POINT('',(4.807704559244,44.));
#2808 = VECTOR('',#2809,1.);
#2809 = DIRECTION('',(1.,0.));
#2810 = ( GEOMETRIC_REPRESENTATION_CONTEXT(2) 
PARAMETRIC_REPRESENTATION_CONTEXT() REPRESENTATION_CONTEXT('2D SPACE',''
  ) );
#2811 = PCURVE('',#2812,#2817);
#2812 = PLANE('',#2813);
#2813 = AXIS2_PLACEMENT_3D('',#2814,#2815,#2816);
#2814 = CARTESIAN_POINT('',(79.935378730471,-44.,62.021217303976));
#2815 = DIRECTION('',(0.,1.,0.));
#2816 = DIRECTION('',(0.45399049974,0.,-0.891006524188));
#2817 = DEFINITIONAL_REPRESENTATION('',(#2818),#2822);
#2818 = LINE('',#2819,#2820);
#2819 = CARTESIAN_POINT('',(4.807704559244,-2.));
#2820 = VECTOR('',#2821,1.);
#2821 = DIRECTION('',(-1.,0.));
#2822 = ( GEOMETRIC_REPRESENTATION_CONTEXT(2) 
PARAMETRIC_REPRESENTATION_CONTEXT() REPRESENTATION_CONTEXT('2D SPACE',''
  ) );
#2823 = ORIENTED_EDGE('',*,*,#2824,.T.);
#2824 = EDGE_CURVE('',#2797,#2825,#2827,.T.);
#2825 = VERTEX_POINT('',#2826);
#2826 = CARTESIAN_POINT('',(61.741809790308,0.,102.13348536774));
#2827 = SURFACE_CURVE('',#2828,(#2832,#2839),.PCURVE_S1.);
#2828 = LINE('',#2829,#2830);
#2829 = CARTESIAN_POINT('',(67.827031385168,-13.40385227962,
    90.190565537344));
#2830 = VECTOR('',#2831,1.);
#2831 = DIRECTION('',(-0.32101976096,0.707106781187,0.630036755335));
#2832 = PCURVE('',#1680,#2833);
#2833 = DEFINITIONAL_REPRESENTATION('',(#2834),#2838);
#2834 = LINE('',#2835,#2836);
#2835 = CARTESIAN_POINT('',(40.211556838865,13.403852279622));
#2836 = VECTOR('',#2837,1.);
#2837 = DIRECTION('',(0.707106781187,-0.707106781187));
#2838 = ( GEOMETRIC_REPRESENTATION_CONTEXT(2) 
PARAMETRIC_REPRESENTATION_CONTEXT() REPRESENTATION_CONTEXT('2D SPACE',''
  ) );
#2839 = PCURVE('',#756,#2840);
#2840 = DEFINITIONAL_REPRESENTATION('',(#2841),#2845);
#2841 = LINE('',#2842,#2843);
#2842 = CARTESIAN_POINT('',(18.955909681887,-10.5));
#2843 = VECTOR('',#2844,1.);
#2844 = DIRECTION('',(-1.,0.));
#2845 = ( GEOMETRIC_REPRESENTATION_CONTEXT(2) 
PARAMETRIC_REPRESENTATION_CONTEXT() REPRESENTATION_CONTEXT('2D SPACE',''
  ) );
#2846 = ORIENTED_EDGE('',*,*,#2847,.T.);
#2847 = EDGE_CURVE('',#2825,#2434,#2848,.T.);
#2848 = SURFACE_CURVE('',#2849,(#2853,#2860),.PCURVE_S1.);
#2849 = LINE('',#2850,#2851);
#2850 = CARTESIAN_POINT('',(77.814822379438,35.403852279622,
    70.5884220052));
#2851 = VECTOR('',#2852,1.);
#2852 = DIRECTION('',(0.32101976096,0.707106781187,-0.630036755335));
#2853 = PCURVE('',#1680,#2854);
#2854 = DEFINITIONAL_REPRESENTATION('',(#2855),#2859);
#2855 = LINE('',#2856,#2857);
#2856 = CARTESIAN_POINT('',(18.211556838865,-35.40385227962));
#2857 = VECTOR('',#2858,1.);
#2858 = DIRECTION('',(-0.707106781187,-0.707106781187));
#2859 = ( GEOMETRIC_REPRESENTATION_CONTEXT(2) 
PARAMETRIC_REPRESENTATION_CONTEXT() REPRESENTATION_CONTEXT('2D SPACE',''
  ) );
#2860 = PCURVE('',#672,#2861);
#2861 = DEFINITIONAL_REPRESENTATION('',(#2862),#2866);
#2862 = LINE('',#2863,#2864);
#2863 = CARTESIAN_POINT('',(12.156788690321,-10.5));
#2864 = VECTOR('',#2865,1.);
#2865 = DIRECTION('',(-1.,0.));
#2866 = ( GEOMETRIC_REPRESENTATION_CONTEXT(2) 
PARAMETRIC_REPRESENTATION_CONTEXT() REPRESENTATION_CONTEXT('2D SPACE',''
  ) );
#2867 = ORIENTED_EDGE('',*,*,#2458,.T.);
#2868 = ORIENTED_EDGE('',*,*,#2364,.T.);
#2869 = ORIENTED_EDGE('',*,*,#1658,.T.);
#2870 = ORIENTED_EDGE('',*,*,#2504,.T.);
#2871 = ORIENTED_EDGE('',*,*,#2552,.T.);
#2872 = ORIENTED_EDGE('',*,*,#2695,.T.);
#2873 = ADVANCED_FACE('',(#2874),#2812,.T.);
#2874 = FACE_BOUND('',#2875,.T.);
#2875 = EDGE_LOOP('',(#2876,#2899,#2900,#2923));
#2876 = ORIENTED_EDGE('',*,*,#2877,.F.);
#2877 = EDGE_CURVE('',#2774,#2878,#2880,.T.);
#2878 = VERTEX_POINT('',#2879);
#2879 = CARTESIAN_POINT('',(97.840381590692,-44.,59.921009558186));
#2880 = SURFACE_CURVE('',#2881,(#2885,#2892),.PCURVE_S1.);
#2881 = LINE('',#2882,#2883);
#2882 = CARTESIAN_POINT('',(86.257296776243,-44.,54.019133061572));
#2883 = VECTOR('',#2884,1.);
#2884 = DIRECTION('',(0.891006524188,0.,0.45399049974));
#2885 = PCURVE('',#2812,#2886);
#2886 = DEFINITIONAL_REPRESENTATION('',(#2887),#2891);
#2887 = LINE('',#2888,#2889);
#2888 = CARTESIAN_POINT('',(10.,-2.));
#2889 = VECTOR('',#2890,1.);
#2890 = DIRECTION('',(-5.551115123126E-17,-1.));
#2891 = ( GEOMETRIC_REPRESENTATION_CONTEXT(2) 
PARAMETRIC_REPRESENTATION_CONTEXT() REPRESENTATION_CONTEXT('2D SPACE',''
  ) );
#2892 = PCURVE('',#2024,#2893);
#2893 = DEFINITIONAL_REPRESENTATION('',(#2894),#2898);
#2894 = LINE('',#2895,#2896);
#2895 = CARTESIAN_POINT('',(8.881784197001E-16,-10.5));
#2896 = VECTOR('',#2897,1.);
#2897 = DIRECTION('',(-5.551115123126E-17,-1.));
#2898 = ( GEOMETRIC_REPRESENTATION_CONTEXT(2) 
PARAMETRIC_REPRESENTATION_CONTEXT() REPRESENTATION_CONTEXT('2D SPACE',''
  ) );
#2899 = ORIENTED_EDGE('',*,*,#2796,.T.);
#2900 = ORIENTED_EDGE('',*,*,#2901,.F.);
#2901 = EDGE_CURVE('',#2902,#2797,#2904,.T.);
#2902 = VERTEX_POINT('',#2903);
#2903 = CARTESIAN_POINT('',(93.300476593297,-44.,68.83107480007));
#2904 = SURFACE_CURVE('',#2905,(#2909,#2916),.PCURVE_S1.);
#2905 = LINE('',#2906,#2907);
#2906 = CARTESIAN_POINT('',(93.300476593297,-44.,68.83107480007));
#2907 = VECTOR('',#2908,1.);
#2908 = DIRECTION('',(-0.891006524188,0.,-0.45399049974));
#2909 = PCURVE('',#2812,#2910);
#2910 = DEFINITIONAL_REPRESENTATION('',(#2911),#2915);
#2911 = LINE('',#2912,#2913);
#2912 = CARTESIAN_POINT('',(1.7763568394E-15,-15.));
#2913 = VECTOR('',#2914,1.);
#2914 = DIRECTION('',(-4.996003610813E-16,1.));
#2915 = ( GEOMETRIC_REPRESENTATION_CONTEXT(2) 
PARAMETRIC_REPRESENTATION_CONTEXT() REPRESENTATION_CONTEXT('2D SPACE',''
  ) );
#2916 = PCURVE('',#756,#2917);
#2917 = DEFINITIONAL_REPRESENTATION('',(#2918),#2922);
#2918 = LINE('',#2919,#2920);
#2919 = CARTESIAN_POINT('',(62.225396744416,-23.5));
#2920 = VECTOR('',#2921,1.);
#2921 = DIRECTION('',(-3.330669073875E-16,1.));
#2922 = ( GEOMETRIC_REPRESENTATION_CONTEXT(2) 
PARAMETRIC_REPRESENTATION_CONTEXT() REPRESENTATION_CONTEXT('2D SPACE',''
  ) );
#2923 = ORIENTED_EDGE('',*,*,#2924,.F.);
#2924 = EDGE_CURVE('',#2878,#2902,#2925,.T.);
#2925 = SURFACE_CURVE('',#2926,(#2930,#2937),.PCURVE_S1.);
#2926 = LINE('',#2927,#2928);
#2927 = CARTESIAN_POINT('',(95.483128788748,-44.,64.547378671413));
#2928 = VECTOR('',#2929,1.);
#2929 = DIRECTION('',(-0.45399049974,0.,0.891006524188));
#2930 = PCURVE('',#2812,#2931);
#2931 = DEFINITIONAL_REPRESENTATION('',(#2932),#2936);
#2932 = LINE('',#2933,#2934);
#2933 = CARTESIAN_POINT('',(4.807704559244,-15.));
#2934 = VECTOR('',#2935,1.);
#2935 = DIRECTION('',(-1.,0.));
#2936 = ( GEOMETRIC_REPRESENTATION_CONTEXT(2) 
PARAMETRIC_REPRESENTATION_CONTEXT() REPRESENTATION_CONTEXT('2D SPACE',''
  ) );
#2937 = PCURVE('',#639,#2938);
#2938 = DEFINITIONAL_REPRESENTATION('',(#2939),#2943);
#2939 = LINE('',#2940,#2941);
#2940 = CARTESIAN_POINT('',(4.807704559244,44.));
#2941 = VECTOR('',#2942,1.);
#2942 = DIRECTION('',(1.,0.));
#2943 = ( GEOMETRIC_REPRESENTATION_CONTEXT(2) 
PARAMETRIC_REPRESENTATION_CONTEXT() REPRESENTATION_CONTEXT('2D SPACE',''
  ) );
#2944 = ADVANCED_FACE('',(#2945),#2024,.T.);
#2945 = FACE_BOUND('',#2946,.T.);
#2946 = EDGE_LOOP('',(#2947,#2948,#2949,#2950,#2973));
#2947 = ORIENTED_EDGE('',*,*,#2004,.F.);
#2948 = ORIENTED_EDGE('',*,*,#2773,.T.);
#2949 = ORIENTED_EDGE('',*,*,#2877,.T.);
#2950 = ORIENTED_EDGE('',*,*,#2951,.F.);
#2951 = EDGE_CURVE('',#2952,#2878,#2954,.T.);
#2952 = VERTEX_POINT('',#2953);
#2953 = CARTESIAN_POINT('',(100.44771824503,-43.62357390044,
    54.803823248983));
#2954 = SURFACE_CURVE('',#2955,(#2959,#2966),.PCURVE_S1.);
#2955 = LINE('',#2956,#2957);
#2956 = CARTESIAN_POINT('',(98.405288884129,-43.91844327094,
    58.812316569449));
#2957 = VECTOR('',#2958,1.);
#2958 = DIRECTION('',(-0.453018471231,-6.540312923014E-02,0.889098810825
    ));
#2959 = PCURVE('',#2024,#2960);
#2960 = DEFINITIONAL_REPRESENTATION('',(#2961),#2965);
#2961 = LINE('',#2962,#2963);
#2962 = CARTESIAN_POINT('',(1.246985121606,-23.5));
#2963 = VECTOR('',#2964,1.);
#2964 = DIRECTION('',(-1.,0.));
#2965 = ( GEOMETRIC_REPRESENTATION_CONTEXT(2) 
PARAMETRIC_REPRESENTATION_CONTEXT() REPRESENTATION_CONTEXT('2D SPACE',''
  ) );
#2966 = PCURVE('',#639,#2967);
#2967 = DEFINITIONAL_REPRESENTATION('',(#2968),#2972);
#2968 = LINE('',#2969,#2970);
#2969 = CARTESIAN_POINT('',(-1.628906112253,43.918443270944));
#2970 = VECTOR('',#2971,1.);
#2971 = DIRECTION('',(0.997858923239,6.540312923014E-02));
#2972 = ( GEOMETRIC_REPRESENTATION_CONTEXT(2) 
PARAMETRIC_REPRESENTATION_CONTEXT() REPRESENTATION_CONTEXT('2D SPACE',''
  ) );
#2973 = ORIENTED_EDGE('',*,*,#2974,.F.);
#2974 = EDGE_CURVE('',#2005,#2952,#2975,.T.);
#2975 = SURFACE_CURVE('',#2976,(#2980,#2987),.PCURVE_S1.);
#2976 = LINE('',#2977,#2978);
#2977 = CARTESIAN_POINT('',(86.637080976636,-43.62357390044,
    47.766952086997));
#2978 = VECTOR('',#2979,1.);
#2979 = DIRECTION('',(0.891006524188,0.,0.45399049974));
#2980 = PCURVE('',#2024,#2981);
#2981 = DEFINITIONAL_REPRESENTATION('',(#2982),#2986);
#2982 = LINE('',#2983,#2984);
#2983 = CARTESIAN_POINT('',(5.755475372253,-7.999959435225));
#2984 = VECTOR('',#2985,1.);
#2985 = DIRECTION('',(2.775557561563E-16,-1.));
#2986 = ( GEOMETRIC_REPRESENTATION_CONTEXT(2) 
PARAMETRIC_REPRESENTATION_CONTEXT() REPRESENTATION_CONTEXT('2D SPACE',''
  ) );
#2987 = PCURVE('',#936,#2988);
#2988 = DEFINITIONAL_REPRESENTATION('',(#2989),#2993);
#2989 = LINE('',#2990,#2991);
#2990 = CARTESIAN_POINT('',(2.22044604925E-15,-7.999959435225));
#2991 = VECTOR('',#2992,1.);
#2992 = DIRECTION('',(3.330669073875E-16,-1.));
#2993 = ( GEOMETRIC_REPRESENTATION_CONTEXT(2) 
PARAMETRIC_REPRESENTATION_CONTEXT() REPRESENTATION_CONTEXT('2D SPACE',''
  ) );
#2994 = ADVANCED_FACE('',(#2995),#161,.T.);
#2995 = FACE_BOUND('',#2996,.T.);
#2996 = EDGE_LOOP('',(#2997,#3018,#3019,#3040));
#2997 = ORIENTED_EDGE('',*,*,#2998,.T.);
#2998 = EDGE_CURVE('',#1305,#86,#2999,.T.);
#2999 = SURFACE_CURVE('',#3000,(#3004,#3011),.PCURVE_S1.);
#3000 = LINE('',#3001,#3002);
#3001 = CARTESIAN_POINT('',(96.877310260805,-8.082668874373E-15,
    10.047945750018));
#3002 = VECTOR('',#3003,1.);
#3003 = DIRECTION('',(0.891006524188,0.,0.45399049974));
#3004 = PCURVE('',#161,#3005);
#3005 = DEFINITIONAL_REPRESENTATION('',(#3006),#3010);
#3006 = LINE('',#3007,#3008);
#3007 = CARTESIAN_POINT('',(0.,0.));
#3008 = VECTOR('',#3009,1.);
#3009 = DIRECTION('',(3.469446951954E-18,-1.));
#3010 = ( GEOMETRIC_REPRESENTATION_CONTEXT(2) 
PARAMETRIC_REPRESENTATION_CONTEXT() REPRESENTATION_CONTEXT('2D SPACE',''
  ) );
#3011 = PCURVE('',#1254,#3012);
#3012 = DEFINITIONAL_REPRESENTATION('',(#3013),#3017);
#3013 = LINE('',#3014,#3015);
#3014 = CARTESIAN_POINT('',(5.755475372253,3.663735981263E-15));
#3015 = VECTOR('',#3016,1.);
#3016 = DIRECTION('',(-3.469446951954E-18,-1.));
#3017 = ( GEOMETRIC_REPRESENTATION_CONTEXT(2) 
PARAMETRIC_REPRESENTATION_CONTEXT() REPRESENTATION_CONTEXT('2D SPACE',''
  ) );
#3018 = ORIENTED_EDGE('',*,*,#141,.T.);
#3019 = ORIENTED_EDGE('',*,*,#3020,.F.);
#3020 = EDGE_CURVE('',#1330,#142,#3021,.T.);
#3021 = SURFACE_CURVE('',#3022,(#3026,#3033),.PCURVE_S1.);
#3022 = LINE('',#3023,#3024);
#3023 = CARTESIAN_POINT('',(96.706416387755,5.743152457682,
    10.383343860594));
#3024 = VECTOR('',#3025,1.);
#3025 = DIRECTION('',(0.891006524188,0.,0.45399049974));
#3026 = PCURVE('',#161,#3027);
#3027 = DEFINITIONAL_REPRESENTATION('',(#3028),#3032);
#3028 = LINE('',#3029,#3030);
#3029 = CARTESIAN_POINT('',(5.755475372253,-3.663735981263E-15));
#3030 = VECTOR('',#3031,1.);
#3031 = DIRECTION('',(3.469446951954E-18,-1.));
#3032 = ( GEOMETRIC_REPRESENTATION_CONTEXT(2) 
PARAMETRIC_REPRESENTATION_CONTEXT() REPRESENTATION_CONTEXT('2D SPACE',''
  ) );
#3033 = PCURVE('',#193,#3034);
#3034 = DEFINITIONAL_REPRESENTATION('',(#3035),#3039);
#3035 = LINE('',#3036,#3037);
#3036 = CARTESIAN_POINT('',(0.,0.));
#3037 = VECTOR('',#3038,1.);
#3038 = DIRECTION('',(-1.387778780781E-17,-1.));
#3039 = ( GEOMETRIC_REPRESENTATION_CONTEXT(2) 
PARAMETRIC_REPRESENTATION_CONTEXT() REPRESENTATION_CONTEXT('2D SPACE',''
  ) );
#3040 = ORIENTED_EDGE('',*,*,#1329,.F.);
#3041 = ADVANCED_FACE('',(#3042),#193,.T.);
#3042 = FACE_BOUND('',#3043,.T.);
#3043 = EDGE_LOOP('',(#3044,#3045,#3046,#3067));
#3044 = ORIENTED_EDGE('',*,*,#3020,.T.);
#3045 = ORIENTED_EDGE('',*,*,#173,.T.);
#3046 = ORIENTED_EDGE('',*,*,#3047,.F.);
#3047 = EDGE_CURVE('',#1357,#174,#3048,.T.);
#3048 = SURFACE_CURVE('',#3049,(#3053,#3060),.PCURVE_S1.);
#3049 = LINE('',#3050,#3051);
#3050 = CARTESIAN_POINT('',(96.196658810151,11.388037984511,
    11.38379943766));
#3051 = VECTOR('',#3052,1.);
#3052 = DIRECTION('',(0.891006524188,0.,0.45399049974));
#3053 = PCURVE('',#193,#3054);
#3054 = DEFINITIONAL_REPRESENTATION('',(#3055),#3059);
#3055 = LINE('',#3056,#3057);
#3056 = CARTESIAN_POINT('',(5.755475372253,-8.326672684689E-16));
#3057 = VECTOR('',#3058,1.);
#3058 = DIRECTION('',(-1.387778780781E-17,-1.));
#3059 = ( GEOMETRIC_REPRESENTATION_CONTEXT(2) 
PARAMETRIC_REPRESENTATION_CONTEXT() REPRESENTATION_CONTEXT('2D SPACE',''
  ) );
#3060 = PCURVE('',#225,#3061);
#3061 = DEFINITIONAL_REPRESENTATION('',(#3062),#3066);
#3062 = LINE('',#3063,#3064);
#3063 = CARTESIAN_POINT('',(0.,0.));
#3064 = VECTOR('',#3065,1.);
#3065 = DIRECTION('',(2.775557561563E-17,-1.));
#3066 = ( GEOMETRIC_REPRESENTATION_CONTEXT(2) 
PARAMETRIC_REPRESENTATION_CONTEXT() REPRESENTATION_CONTEXT('2D SPACE',''
  ) );
#3067 = ORIENTED_EDGE('',*,*,#1356,.F.);
#3068 = ADVANCED_FACE('',(#3069),#225,.T.);
#3069 = FACE_BOUND('',#3070,.T.);
#3070 = EDGE_LOOP('',(#3071,#3072,#3073,#3094));
#3071 = ORIENTED_EDGE('',*,*,#3047,.T.);
#3072 = ORIENTED_EDGE('',*,*,#205,.T.);
#3073 = ORIENTED_EDGE('',*,*,#3074,.F.);
#3074 = EDGE_CURVE('',#1384,#206,#3075,.T.);
#3075 = SURFACE_CURVE('',#3076,(#3080,#3087),.PCURVE_S1.);
#3076 = LINE('',#3077,#3078);
#3077 = CARTESIAN_POINT('',(95.356759621479,16.838071024064,
    13.032194408914));
#3078 = VECTOR('',#3079,1.);
#3079 = DIRECTION('',(0.891006524188,0.,0.45399049974));
#3080 = PCURVE('',#225,#3081);
#3081 = DEFINITIONAL_REPRESENTATION('',(#3082),#3086);
#3082 = LINE('',#3083,#3084);
#3083 = CARTESIAN_POINT('',(5.755475372253,6.661338147751E-15));
#3084 = VECTOR('',#3085,1.);
#3085 = DIRECTION('',(2.775557561563E-17,-1.));
#3086 = ( GEOMETRIC_REPRESENTATION_CONTEXT(2) 
PARAMETRIC_REPRESENTATION_CONTEXT() REPRESENTATION_CONTEXT('2D SPACE',''
  ) );
#3087 = PCURVE('',#257,#3088);
#3088 = DEFINITIONAL_REPRESENTATION('',(#3089),#3093);
#3089 = LINE('',#3090,#3091);
#3090 = CARTESIAN_POINT('',(0.,0.));
#3091 = VECTOR('',#3092,1.);
#3092 = DIRECTION('',(0.,-1.));
#3093 = ( GEOMETRIC_REPRESENTATION_CONTEXT(2) 
PARAMETRIC_REPRESENTATION_CONTEXT() REPRESENTATION_CONTEXT('2D SPACE',''
  ) );
#3094 = ORIENTED_EDGE('',*,*,#1383,.F.);
#3095 = ADVANCED_FACE('',(#3096),#257,.T.);
#3096 = FACE_BOUND('',#3097,.T.);
#3097 = EDGE_LOOP('',(#3098,#3099,#3100,#3121));
#3098 = ORIENTED_EDGE('',*,*,#3074,.T.);
#3099 = ORIENTED_EDGE('',*,*,#237,.T.);
#3100 = ORIENTED_EDGE('',*,*,#3101,.F.);
#3101 = EDGE_CURVE('',#1411,#238,#3102,.T.);
#3102 = SURFACE_CURVE('',#3103,(#3107,#3114),.PCURVE_S1.);
#3103 = LINE('',#3104,#3105);
#3104 = CARTESIAN_POINT('',(94.20108972972,22.,15.300324279375));
#3105 = VECTOR('',#3106,1.);
#3106 = DIRECTION('',(0.891006524188,0.,0.45399049974));
#3107 = PCURVE('',#257,#3108);
#3108 = DEFINITIONAL_REPRESENTATION('',(#3109),#3113);
#3109 = LINE('',#3110,#3111);
#3110 = CARTESIAN_POINT('',(5.755475372253,-1.06581410364E-14));
#3111 = VECTOR('',#3112,1.);
#3112 = DIRECTION('',(0.,-1.));
#3113 = ( GEOMETRIC_REPRESENTATION_CONTEXT(2) 
PARAMETRIC_REPRESENTATION_CONTEXT() REPRESENTATION_CONTEXT('2D SPACE',''
  ) );
#3114 = PCURVE('',#289,#3115);
#3115 = DEFINITIONAL_REPRESENTATION('',(#3116),#3120);
#3116 = LINE('',#3117,#3118);
#3117 = CARTESIAN_POINT('',(0.,0.));
#3118 = VECTOR('',#3119,1.);
#3119 = DIRECTION('',(-2.775557561563E-17,-1.));
#3120 = ( GEOMETRIC_REPRESENTATION_CONTEXT(2) 
PARAMETRIC_REPRESENTATION_CONTEXT() REPRESENTATION_CONTEXT('2D SPACE',''
  ) );
#3121 = ORIENTED_EDGE('',*,*,#1410,.F.);
#3122 = ADVANCED_FACE('',(#3123),#289,.T.);
#3123 = FACE_BOUND('',#3124,.T.);
#3124 = EDGE_LOOP('',(#3125,#3126,#3127,#3148));
#3125 = ORIENTED_EDGE('',*,*,#3101,.T.);
#3126 = ORIENTED_EDGE('',*,*,#269,.T.);
#3127 = ORIENTED_EDGE('',*,*,#3128,.F.);
#3128 = EDGE_CURVE('',#1438,#270,#3129,.T.);
#3129 = SURFACE_CURVE('',#3130,(#3134,#3141),.PCURVE_S1.);
#3130 = LINE('',#3131,#3132);
#3131 = CARTESIAN_POINT('',(92.749422967135,26.785502876384,
    18.149380718117));
#3132 = VECTOR('',#3133,1.);
#3133 = DIRECTION('',(0.891006524188,0.,0.45399049974));
#3134 = PCURVE('',#289,#3135);
#3135 = DEFINITIONAL_REPRESENTATION('',(#3136),#3140);
#3136 = LINE('',#3137,#3138);
#3137 = CARTESIAN_POINT('',(5.755475372253,7.771561172376E-15));
#3138 = VECTOR('',#3139,1.);
#3139 = DIRECTION('',(-2.775557561563E-17,-1.));
#3140 = ( GEOMETRIC_REPRESENTATION_CONTEXT(2) 
PARAMETRIC_REPRESENTATION_CONTEXT() REPRESENTATION_CONTEXT('2D SPACE',''
  ) );
#3141 = PCURVE('',#321,#3142);
#3142 = DEFINITIONAL_REPRESENTATION('',(#3143),#3147);
#3143 = LINE('',#3144,#3145);
#3144 = CARTESIAN_POINT('',(0.,0.));
#3145 = VECTOR('',#3146,1.);
#3146 = DIRECTION('',(0.,-1.));
#3147 = ( GEOMETRIC_REPRESENTATION_CONTEXT(2) 
PARAMETRIC_REPRESENTATION_CONTEXT() REPRESENTATION_CONTEXT('2D SPACE',''
  ) );
#3148 = ORIENTED_EDGE('',*,*,#1437,.F.);
#3149 = ADVANCED_FACE('',(#3150),#321,.T.);
#3150 = FACE_BOUND('',#3151,.T.);
#3151 = EDGE_LOOP('',(#3152,#3153,#3154,#3175));
#3152 = ORIENTED_EDGE('',*,*,#3128,.T.);
#3153 = ORIENTED_EDGE('',*,*,#301,.T.);
#3154 = ORIENTED_EDGE('',*,*,#3155,.F.);
#3155 = EDGE_CURVE('',#1465,#302,#3156,.T.);
#3156 = SURFACE_CURVE('',#3157,(#3161,#3168),.PCURVE_S1.);
#3157 = LINE('',#3158,#3159);
#3158 = CARTESIAN_POINT('',(91.02659775451,31.112698372208,
    21.530615579564));
#3159 = VECTOR('',#3160,1.);
#3160 = DIRECTION('',(0.891006524188,0.,0.45399049974));
#3161 = PCURVE('',#321,#3162);
#3162 = DEFINITIONAL_REPRESENTATION('',(#3163),#3167);
#3163 = LINE('',#3164,#3165);
#3164 = CARTESIAN_POINT('',(5.755475372253,-9.769962616701E-15));
#3165 = VECTOR('',#3166,1.);
#3166 = DIRECTION('',(0.,-1.));
#3167 = ( GEOMETRIC_REPRESENTATION_CONTEXT(2) 
PARAMETRIC_REPRESENTATION_CONTEXT() REPRESENTATION_CONTEXT('2D SPACE',''
  ) );
#3168 = PCURVE('',#353,#3169);
#3169 = DEFINITIONAL_REPRESENTATION('',(#3170),#3174);
#3170 = LINE('',#3171,#3172);
#3171 = CARTESIAN_POINT('',(0.,0.));
#3172 = VECTOR('',#3173,1.);
#3173 = DIRECTION('',(0.,-1.));
#3174 = ( GEOMETRIC_REPRESENTATION_CONTEXT(2) 
PARAMETRIC_REPRESENTATION_CONTEXT() REPRESENTATION_CONTEXT('2D SPACE',''
  ) );
#3175 = ORIENTED_EDGE('',*,*,#1464,.F.);
#3176 = ADVANCED_FACE('',(#3177),#353,.T.);
#3177 = FACE_BOUND('',#3178,.T.);
#3178 = EDGE_LOOP('',(#3179,#3180,#3181,#3202));
#3179 = ORIENTED_EDGE('',*,*,#3155,.T.);
#3180 = ORIENTED_EDGE('',*,*,#333,.T.);
#3181 = ORIENTED_EDGE('',*,*,#3182,.F.);
#3182 = EDGE_CURVE('',#1492,#334,#3183,.T.);
#3183 = SURFACE_CURVE('',#3184,(#3188,#3195),.PCURVE_S1.);
#3184 = LINE('',#3185,#3186);
#3185 = CARTESIAN_POINT('',(89.06209210889,34.907546972814,
    25.386174997782));
#3186 = VECTOR('',#3187,1.);
#3187 = DIRECTION('',(0.891006524188,0.,0.45399049974));
#3188 = PCURVE('',#353,#3189);
#3189 = DEFINITIONAL_REPRESENTATION('',(#3190),#3194);
#3190 = LINE('',#3191,#3192);
#3191 = CARTESIAN_POINT('',(5.755475372253,-3.774758283726E-15));
#3192 = VECTOR('',#3193,1.);
#3193 = DIRECTION('',(0.,-1.));
#3194 = ( GEOMETRIC_REPRESENTATION_CONTEXT(2) 
PARAMETRIC_REPRESENTATION_CONTEXT() REPRESENTATION_CONTEXT('2D SPACE',''
  ) );
#3195 = PCURVE('',#385,#3196);
#3196 = DEFINITIONAL_REPRESENTATION('',(#3197),#3201);
#3197 = LINE('',#3198,#3199);
#3198 = CARTESIAN_POINT('',(0.,0.));
#3199 = VECTOR('',#3200,1.);
#3200 = DIRECTION('',(5.551115123126E-17,-1.));
#3201 = ( GEOMETRIC_REPRESENTATION_CONTEXT(2) 
PARAMETRIC_REPRESENTATION_CONTEXT() REPRESENTATION_CONTEXT('2D SPACE',''
  ) );
#3202 = ORIENTED_EDGE('',*,*,#1491,.F.);
#3203 = ADVANCED_FACE('',(#3204),#385,.T.);
#3204 = FACE_BOUND('',#3205,.T.);
#3205 = EDGE_LOOP('',(#3206,#3207,#3208,#3229));
#3206 = ORIENTED_EDGE('',*,*,#3182,.T.);
#3207 = ORIENTED_EDGE('',*,*,#365,.T.);
#3208 = ORIENTED_EDGE('',*,*,#3209,.F.);
#3209 = EDGE_CURVE('',#1519,#366,#3210,.T.);
#3210 = SURFACE_CURVE('',#3211,(#3215,#3222),.PCURVE_S1.);
#3211 = LINE('',#3212,#3213);
#3212 = CARTESIAN_POINT('',(86.889519266535,38.105117766515,
    29.650089282163));
#3213 = VECTOR('',#3214,1.);
#3214 = DIRECTION('',(0.891006524188,0.,0.45399049974));
#3215 = PCURVE('',#385,#3216);
#3216 = DEFINITIONAL_REPRESENTATION('',(#3217),#3221);
#3217 = LINE('',#3218,#3219);
#3218 = CARTESIAN_POINT('',(5.755475372253,7.549516567451E-15));
#3219 = VECTOR('',#3220,1.);
#3220 = DIRECTION('',(5.551115123126E-17,-1.));
#3221 = ( GEOMETRIC_REPRESENTATION_CONTEXT(2) 
PARAMETRIC_REPRESENTATION_CONTEXT() REPRESENTATION_CONTEXT('2D SPACE',''
  ) );
#3222 = PCURVE('',#417,#3223);
#3223 = DEFINITIONAL_REPRESENTATION('',(#3224),#3228);
#3224 = LINE('',#3225,#3226);
#3225 = CARTESIAN_POINT('',(0.,0.));
#3226 = VECTOR('',#3227,1.);
#3227 = DIRECTION('',(0.,-1.));
#3228 = ( GEOMETRIC_REPRESENTATION_CONTEXT(2) 
PARAMETRIC_REPRESENTATION_CONTEXT() REPRESENTATION_CONTEXT('2D SPACE',''
  ) );
#3229 = ORIENTED_EDGE('',*,*,#1518,.F.);
#3230 = ADVANCED_FACE('',(#3231),#417,.T.);
#3231 = FACE_BOUND('',#3232,.T.);
#3232 = EDGE_LOOP('',(#3233,#3234,#3235,#3256));
#3233 = ORIENTED_EDGE('',*,*,#3209,.T.);
#3234 = ORIENTED_EDGE('',*,*,#397,.T.);
#3235 = ORIENTED_EDGE('',*,*,#3236,.F.);
#3236 = EDGE_CURVE('',#1546,#398,#3237,.T.);
#3237 = SURFACE_CURVE('',#3238,(#3242,#3249),.PCURVE_S1.);
#3238 = LINE('',#3239,#3240);
#3239 = CARTESIAN_POINT('',(84.54605255113,40.650699430497,
    34.249401677119));
#3240 = VECTOR('',#3241,1.);
#3241 = DIRECTION('',(0.891006524188,0.,0.45399049974));
#3242 = PCURVE('',#417,#3243);
#3243 = DEFINITIONAL_REPRESENTATION('',(#3244),#3248);
#3244 = LINE('',#3245,#3246);
#3245 = CARTESIAN_POINT('',(5.755475372253,8.437694987151E-15));
#3246 = VECTOR('',#3247,1.);
#3247 = DIRECTION('',(0.,-1.));
#3248 = ( GEOMETRIC_REPRESENTATION_CONTEXT(2) 
PARAMETRIC_REPRESENTATION_CONTEXT() REPRESENTATION_CONTEXT('2D SPACE',''
  ) );
#3249 = PCURVE('',#449,#3250);
#3250 = DEFINITIONAL_REPRESENTATION('',(#3251),#3255);
#3251 = LINE('',#3252,#3253);
#3252 = CARTESIAN_POINT('',(0.,0.));
#3253 = VECTOR('',#3254,1.);
#3254 = DIRECTION('',(0.,-1.));
#3255 = ( GEOMETRIC_REPRESENTATION_CONTEXT(2) 
PARAMETRIC_REPRESENTATION_CONTEXT() REPRESENTATION_CONTEXT('2D SPACE',''
  ) );
#3256 = ORIENTED_EDGE('',*,*,#1545,.F.);
#3257 = ADVANCED_FACE('',(#3258),#449,.T.);
#3258 = FACE_BOUND('',#3259,.T.);
#3259 = EDGE_LOOP('',(#3260,#3261,#3262,#3283));
#3260 = ORIENTED_EDGE('',*,*,#3236,.T.);
#3261 = ORIENTED_EDGE('',*,*,#429,.T.);
#3262 = ORIENTED_EDGE('',*,*,#3263,.F.);
#3263 = EDGE_CURVE('',#1573,#430,#3264,.T.);
#3264 = SURFACE_CURVE('',#3265,(#3269,#3276),.PCURVE_S1.);
#3265 = LINE('',#3266,#3267);
#3266 = CARTESIAN_POINT('',(82.071789327906,42.500736356719,
    39.105416672402));
#3267 = VECTOR('',#3268,1.);
#3268 = DIRECTION('',(0.891006524188,0.,0.45399049974));
#3269 = PCURVE('',#449,#3270);
#3270 = DEFINITIONAL_REPRESENTATION('',(#3271),#3275);
#3271 = LINE('',#3272,#3273);
#3272 = CARTESIAN_POINT('',(5.755475372253,-6.217248937901E-15));
#3273 = VECTOR('',#3274,1.);
#3274 = DIRECTION('',(0.,-1.));
#3275 = ( GEOMETRIC_REPRESENTATION_CONTEXT(2) 
PARAMETRIC_REPRESENTATION_CONTEXT() REPRESENTATION_CONTEXT('2D SPACE',''
  ) );
#3276 = PCURVE('',#481,#3277);
#3277 = DEFINITIONAL_REPRESENTATION('',(#3278),#3282);
#3278 = LINE('',#3279,#3280);
#3279 = CARTESIAN_POINT('',(0.,0.));
#3280 = VECTOR('',#3281,1.);
#3281 = DIRECTION('',(-5.551115123126E-17,-1.));
#3282 = ( GEOMETRIC_REPRESENTATION_CONTEXT(2) 
PARAMETRIC_REPRESENTATION_CONTEXT() REPRESENTATION_CONTEXT('2D SPACE',''
  ) );
#3283 = ORIENTED_EDGE('',*,*,#1572,.F.);
#3284 = ADVANCED_FACE('',(#3285),#481,.T.);
#3285 = FACE_BOUND('',#3286,.T.);
#3286 = EDGE_LOOP('',(#3287,#3288,#3289,#3312,#3340,#3361,#3362));
#3287 = ORIENTED_EDGE('',*,*,#3263,.T.);
#3288 = ORIENTED_EDGE('',*,*,#461,.T.);
#3289 = ORIENTED_EDGE('',*,*,#3290,.T.);
#3290 = EDGE_CURVE('',#462,#3291,#3293,.T.);
#3291 = VERTEX_POINT('',#3292);
#3292 = CARTESIAN_POINT('',(91.427357831884,42.500736356719,
    43.872316919668));
#3293 = SURFACE_CURVE('',#3294,(#3298,#3305),.PCURVE_S1.);
#3294 = LINE('',#3295,#3296);
#3295 = CARTESIAN_POINT('',(90.702699098261,42.8182398823,
    45.294539763183));
#3296 = VECTOR('',#3297,1.);
#3297 = DIRECTION('',(0.445267199587,-0.195090322016,-0.873886083667));
#3298 = PCURVE('',#481,#3299);
#3299 = DEFINITIONAL_REPRESENTATION('',(#3300),#3304);
#3300 = LINE('',#3301,#3302);
#3301 = CARTESIAN_POINT('',(1.627469380846,-10.5));
#3302 = VECTOR('',#3303,1.);
#3303 = DIRECTION('',(-1.,-5.551115123126E-17));
#3304 = ( GEOMETRIC_REPRESENTATION_CONTEXT(2) 
PARAMETRIC_REPRESENTATION_CONTEXT() REPRESENTATION_CONTEXT('2D SPACE',''
  ) );
#3305 = PCURVE('',#515,#3306);
#3306 = DEFINITIONAL_REPRESENTATION('',(#3307),#3311);
#3307 = LINE('',#3308,#3309);
#3308 = CARTESIAN_POINT('',(-10.17643085298,-42.8182398823));
#3309 = VECTOR('',#3310,1.);
#3310 = DIRECTION('',(-0.980785280403,0.195090322016));
#3311 = ( GEOMETRIC_REPRESENTATION_CONTEXT(2) 
PARAMETRIC_REPRESENTATION_CONTEXT() REPRESENTATION_CONTEXT('2D SPACE',''
  ) );
#3312 = ORIENTED_EDGE('',*,*,#3313,.T.);
#3313 = EDGE_CURVE('',#3291,#3314,#3316,.T.);
#3314 = VERTEX_POINT('',#3315);
#3315 = CARTESIAN_POINT('',(103.01044264633,42.500736356719,
    49.774193416282));
#3316 = SURFACE_CURVE('',#3317,(#3321,#3328),.PCURVE_S1.);
#3317 = LINE('',#3318,#3319);
#3318 = CARTESIAN_POINT('',(89.645344783508,42.500736356719,
    42.964335920189));
#3319 = VECTOR('',#3320,1.);
#3320 = DIRECTION('',(0.891006524188,0.,0.45399049974));
#3321 = PCURVE('',#481,#3322);
#3322 = DEFINITIONAL_REPRESENTATION('',(#3323),#3327);
#3323 = LINE('',#3324,#3325);
#3324 = CARTESIAN_POINT('',(1.376676550535E-14,-8.5));
#3325 = VECTOR('',#3326,1.);
#3326 = DIRECTION('',(-5.551115123126E-17,-1.));
#3327 = ( GEOMETRIC_REPRESENTATION_CONTEXT(2) 
PARAMETRIC_REPRESENTATION_CONTEXT() REPRESENTATION_CONTEXT('2D SPACE',''
  ) );
#3328 = PCURVE('',#3329,#3334);
#3329 = PLANE('',#3330);
#3330 = AXIS2_PLACEMENT_3D('',#3331,#3332,#3333);
#3331 = CARTESIAN_POINT('',(92.119608006731,40.650699430497,
    38.108320924905));
#3332 = DIRECTION('',(-0.145930463489,-0.946930129495,0.286404660717));
#3333 = DIRECTION('',(-0.429897282708,0.321439465303,0.843720923331));
#3334 = DEFINITIONAL_REPRESENTATION('',(#3335),#3339);
#3335 = LINE('',#3336,#3337);
#3336 = CARTESIAN_POINT('',(5.755475372253,6.217248937901E-15));
#3337 = VECTOR('',#3338,1.);
#3338 = DIRECTION('',(0.,-1.));
#3339 = ( GEOMETRIC_REPRESENTATION_CONTEXT(2) 
PARAMETRIC_REPRESENTATION_CONTEXT() REPRESENTATION_CONTEXT('2D SPACE',''
  ) );
#3340 = ORIENTED_EDGE('',*,*,#3341,.F.);
#3341 = EDGE_CURVE('',#2387,#3314,#3342,.T.);
#3342 = SURFACE_CURVE('',#3343,(#3347,#3354),.PCURVE_S1.);
#3343 = LINE('',#3344,#3345);
#3344 = CARTESIAN_POINT('',(102.28578391271,42.8182398823,
    51.196416259797));
#3345 = VECTOR('',#3346,1.);
#3346 = DIRECTION('',(0.445267199587,-0.195090322016,-0.873886083667));
#3347 = PCURVE('',#481,#3348);
#3348 = DEFINITIONAL_REPRESENTATION('',(#3349),#3353);
#3349 = LINE('',#3350,#3351);
#3350 = CARTESIAN_POINT('',(1.627469380846,-23.5));
#3351 = VECTOR('',#3352,1.);
#3352 = DIRECTION('',(-1.,-5.551115123126E-17));
#3353 = ( GEOMETRIC_REPRESENTATION_CONTEXT(2) 
PARAMETRIC_REPRESENTATION_CONTEXT() REPRESENTATION_CONTEXT('2D SPACE',''
  ) );
#3354 = PCURVE('',#639,#3355);
#3355 = DEFINITIONAL_REPRESENTATION('',(#3356),#3360);
#3356 = LINE('',#3357,#3358);
#3357 = CARTESIAN_POINT('',(-10.17643085298,-42.8182398823));
#3358 = VECTOR('',#3359,1.);
#3359 = DIRECTION('',(-0.980785280403,0.195090322016));
#3360 = ( GEOMETRIC_REPRESENTATION_CONTEXT(2) 
PARAMETRIC_REPRESENTATION_CONTEXT() REPRESENTATION_CONTEXT('2D SPACE',''
  ) );
#3361 = ORIENTED_EDGE('',*,*,#2386,.T.);
#3362 = ORIENTED_EDGE('',*,*,#1599,.F.);
#3363 = ADVANCED_FACE('',(#3364),#3329,.T.);
#3364 = FACE_BOUND('',#3365,.T.);
#3365 = EDGE_LOOP('',(#3366,#3389,#3417,#3438));
#3366 = ORIENTED_EDGE('',*,*,#3367,.T.);
#3367 = EDGE_CURVE('',#3291,#3368,#3370,.T.);
#3368 = VERTEX_POINT('',#3369);
#3369 = CARTESIAN_POINT('',(93.901621055108,40.650699430497,
    39.016301924384));
#3370 = SURFACE_CURVE('',#3371,(#3375,#3382),.PCURVE_S1.);
#3371 = LINE('',#3372,#3373);
#3372 = CARTESIAN_POINT('',(93.204775104084,41.171739685706,
    40.383939108582));
#3373 = VECTOR('',#3374,1.);
#3374 = DIRECTION('',(0.429897282708,-0.321439465303,-0.843720923331));
#3375 = PCURVE('',#3329,#3376);
#3376 = DEFINITIONAL_REPRESENTATION('',(#3377),#3381);
#3377 = LINE('',#3378,#3379);
#3378 = CARTESIAN_POINT('',(1.62095918968,-2.));
#3379 = VECTOR('',#3380,1.);
#3380 = DIRECTION('',(-1.,0.));
#3381 = ( GEOMETRIC_REPRESENTATION_CONTEXT(2) 
PARAMETRIC_REPRESENTATION_CONTEXT() REPRESENTATION_CONTEXT('2D SPACE',''
  ) );
#3382 = PCURVE('',#515,#3383);
#3383 = DEFINITIONAL_REPRESENTATION('',(#3384),#3388);
#3384 = LINE('',#3385,#3386);
#3385 = CARTESIAN_POINT('',(-15.68772681018,-41.1717396857));
#3386 = VECTOR('',#3387,1.);
#3387 = DIRECTION('',(-0.946930129495,0.321439465303));
#3388 = ( GEOMETRIC_REPRESENTATION_CONTEXT(2) 
PARAMETRIC_REPRESENTATION_CONTEXT() REPRESENTATION_CONTEXT('2D SPACE',''
  ) );
#3389 = ORIENTED_EDGE('',*,*,#3390,.T.);
#3390 = EDGE_CURVE('',#3368,#3391,#3393,.T.);
#3391 = VERTEX_POINT('',#3392);
#3392 = CARTESIAN_POINT('',(105.48470586955,40.650699430497,
    44.918178420998));
#3393 = SURFACE_CURVE('',#3394,(#3398,#3405),.PCURVE_S1.);
#3394 = LINE('',#3395,#3396);
#3395 = CARTESIAN_POINT('',(92.119608006731,40.650699430497,
    38.108320924905));
#3396 = VECTOR('',#3397,1.);
#3397 = DIRECTION('',(0.891006524188,0.,0.45399049974));
#3398 = PCURVE('',#3329,#3399);
#3399 = DEFINITIONAL_REPRESENTATION('',(#3400),#3404);
#3400 = LINE('',#3401,#3402);
#3401 = CARTESIAN_POINT('',(0.,0.));
#3402 = VECTOR('',#3403,1.);
#3403 = DIRECTION('',(0.,-1.));
#3404 = ( GEOMETRIC_REPRESENTATION_CONTEXT(2) 
PARAMETRIC_REPRESENTATION_CONTEXT() REPRESENTATION_CONTEXT('2D SPACE',''
  ) );
#3405 = PCURVE('',#3406,#3411);
#3406 = PLANE('',#3407);
#3407 = AXIS2_PLACEMENT_3D('',#3408,#3409,#3410);
#3408 = CARTESIAN_POINT('',(94.463074722136,38.105117766515,
    33.509008529949));
#3409 = DIRECTION('',(-0.200794863502,-0.896872741533,0.39408210856));
#3410 = DIRECTION('',(-0.407171704131,0.442288690219,0.799119464072));
#3411 = DEFINITIONAL_REPRESENTATION('',(#3412),#3416);
#3412 = LINE('',#3413,#3414);
#3413 = CARTESIAN_POINT('',(5.755475372253,2.22044604925E-15));
#3414 = VECTOR('',#3415,1.);
#3415 = DIRECTION('',(0.,-1.));
#3416 = ( GEOMETRIC_REPRESENTATION_CONTEXT(2) 
PARAMETRIC_REPRESENTATION_CONTEXT() REPRESENTATION_CONTEXT('2D SPACE',''
  ) );
#3417 = ORIENTED_EDGE('',*,*,#3418,.F.);
#3418 = EDGE_CURVE('',#3314,#3391,#3419,.T.);
#3419 = SURFACE_CURVE('',#3420,(#3424,#3431),.PCURVE_S1.);
#3420 = LINE('',#3421,#3422);
#3421 = CARTESIAN_POINT('',(104.78785991853,41.171739685706,
    46.285815605196));
#3422 = VECTOR('',#3423,1.);
#3423 = DIRECTION('',(0.429897282708,-0.321439465303,-0.843720923331));
#3424 = PCURVE('',#3329,#3425);
#3425 = DEFINITIONAL_REPRESENTATION('',(#3426),#3430);
#3426 = LINE('',#3427,#3428);
#3427 = CARTESIAN_POINT('',(1.62095918968,-15.));
#3428 = VECTOR('',#3429,1.);
#3429 = DIRECTION('',(-1.,0.));
#3430 = ( GEOMETRIC_REPRESENTATION_CONTEXT(2) 
PARAMETRIC_REPRESENTATION_CONTEXT() REPRESENTATION_CONTEXT('2D SPACE',''
  ) );
#3431 = PCURVE('',#639,#3432);
#3432 = DEFINITIONAL_REPRESENTATION('',(#3433),#3437);
#3433 = LINE('',#3434,#3435);
#3434 = CARTESIAN_POINT('',(-15.68772681018,-41.1717396857));
#3435 = VECTOR('',#3436,1.);
#3436 = DIRECTION('',(-0.946930129495,0.321439465303));
#3437 = ( GEOMETRIC_REPRESENTATION_CONTEXT(2) 
PARAMETRIC_REPRESENTATION_CONTEXT() REPRESENTATION_CONTEXT('2D SPACE',''
  ) );
#3438 = ORIENTED_EDGE('',*,*,#3313,.F.);
#3439 = ADVANCED_FACE('',(#3440),#3406,.T.);
#3440 = FACE_BOUND('',#3441,.T.);
#3441 = EDGE_LOOP('',(#3442,#3465,#3493,#3514));
#3442 = ORIENTED_EDGE('',*,*,#3443,.T.);
#3443 = EDGE_CURVE('',#3368,#3444,#3446,.T.);
#3444 = VERTEX_POINT('',#3445);
#3445 = CARTESIAN_POINT('',(96.245087770513,38.105117766515,
    34.416989529428));
#3446 = SURFACE_CURVE('',#3447,(#3451,#3458),.PCURVE_S1.);
#3447 = LINE('',#3448,#3449);
#3448 = CARTESIAN_POINT('',(95.58899841136,38.817792297634,
    35.704637398252));
#3449 = VECTOR('',#3450,1.);
#3450 = DIRECTION('',(0.407171704131,-0.442288690219,-0.799119464072));
#3451 = PCURVE('',#3406,#3452);
#3452 = DEFINITIONAL_REPRESENTATION('',(#3453),#3457);
#3453 = LINE('',#3454,#3455);
#3454 = CARTESIAN_POINT('',(1.611333382199,-2.));
#3455 = VECTOR('',#3456,1.);
#3456 = DIRECTION('',(-1.,0.));
#3457 = ( GEOMETRIC_REPRESENTATION_CONTEXT(2) 
PARAMETRIC_REPRESENTATION_CONTEXT() REPRESENTATION_CONTEXT('2D SPACE',''
  ) );
#3458 = PCURVE('',#515,#3459);
#3459 = DEFINITIONAL_REPRESENTATION('',(#3460),#3464);
#3460 = LINE('',#3461,#3462);
#3461 = CARTESIAN_POINT('',(-20.93942989349,-38.81779229763));
#3462 = VECTOR('',#3463,1.);
#3463 = DIRECTION('',(-0.896872741533,0.442288690219));
#3464 = ( GEOMETRIC_REPRESENTATION_CONTEXT(2) 
PARAMETRIC_REPRESENTATION_CONTEXT() REPRESENTATION_CONTEXT('2D SPACE',''
  ) );
#3465 = ORIENTED_EDGE('',*,*,#3466,.T.);
#3466 = EDGE_CURVE('',#3444,#3467,#3469,.T.);
#3467 = VERTEX_POINT('',#3468);
#3468 = CARTESIAN_POINT('',(107.82817258496,38.105117766515,
    40.318866026042));
#3469 = SURFACE_CURVE('',#3470,(#3474,#3481),.PCURVE_S1.);
#3470 = LINE('',#3471,#3472);
#3471 = CARTESIAN_POINT('',(94.463074722136,38.105117766515,
    33.509008529949));
#3472 = VECTOR('',#3473,1.);
#3473 = DIRECTION('',(0.891006524188,0.,0.45399049974));
#3474 = PCURVE('',#3406,#3475);
#3475 = DEFINITIONAL_REPRESENTATION('',(#3476),#3480);
#3476 = LINE('',#3477,#3478);
#3477 = CARTESIAN_POINT('',(0.,0.));
#3478 = VECTOR('',#3479,1.);
#3479 = DIRECTION('',(0.,-1.));
#3480 = ( GEOMETRIC_REPRESENTATION_CONTEXT(2) 
PARAMETRIC_REPRESENTATION_CONTEXT() REPRESENTATION_CONTEXT('2D SPACE',''
  ) );
#3481 = PCURVE('',#3482,#3487);
#3482 = PLANE('',#3483);
#3483 = AXIS2_PLACEMENT_3D('',#3484,#3485,#3486);
#3484 = CARTESIAN_POINT('',(96.635647564491,34.907546972814,
    29.245094245569));
#3485 = DIRECTION('',(-0.252223607729,-0.831469612303,0.495016702265));
#3486 = DIRECTION('',(-0.377479304807,0.55557023302,0.740844849226));
#3487 = DEFINITIONAL_REPRESENTATION('',(#3488),#3492);
#3488 = LINE('',#3489,#3490);
#3489 = CARTESIAN_POINT('',(5.755475372253,-5.107025913276E-15));
#3490 = VECTOR('',#3491,1.);
#3491 = DIRECTION('',(5.551115123126E-17,-1.));
#3492 = ( GEOMETRIC_REPRESENTATION_CONTEXT(2) 
PARAMETRIC_REPRESENTATION_CONTEXT() REPRESENTATION_CONTEXT('2D SPACE',''
  ) );
#3493 = ORIENTED_EDGE('',*,*,#3494,.F.);
#3494 = EDGE_CURVE('',#3391,#3467,#3495,.T.);
#3495 = SURFACE_CURVE('',#3496,(#3500,#3507),.PCURVE_S1.);
#3496 = LINE('',#3497,#3498);
#3497 = CARTESIAN_POINT('',(107.1720832258,38.817792297634,
    41.606513894866));
#3498 = VECTOR('',#3499,1.);
#3499 = DIRECTION('',(0.407171704131,-0.442288690219,-0.799119464072));
#3500 = PCURVE('',#3406,#3501);
#3501 = DEFINITIONAL_REPRESENTATION('',(#3502),#3506);
#3502 = LINE('',#3503,#3504);
#3503 = CARTESIAN_POINT('',(1.611333382199,-15.));
#3504 = VECTOR('',#3505,1.);
#3505 = DIRECTION('',(-1.,0.));
#3506 = ( GEOMETRIC_REPRESENTATION_CONTEXT(2) 
PARAMETRIC_REPRESENTATION_CONTEXT() REPRESENTATION_CONTEXT('2D SPACE',''
  ) );
#3507 = PCURVE('',#639,#3508);
#3508 = DEFINITIONAL_REPRESENTATION('',(#3509),#3513);
#3509 = LINE('',#3510,#3511);
#3510 = CARTESIAN_POINT('',(-20.93942989349,-38.81779229763));
#3511 = VECTOR('',#3512,1.);
#3512 = DIRECTION('',(-0.896872741533,0.442288690219));
#3513 = ( GEOMETRIC_REPRESENTATION_CONTEXT(2) 
PARAMETRIC_REPRESENTATION_CONTEXT() REPRESENTATION_CONTEXT('2D SPACE',''
  ) );
#3514 = ORIENTED_EDGE('',*,*,#3390,.F.);
#3515 = ADVANCED_FACE('',(#3516),#3482,.T.);
#3516 = FACE_BOUND('',#3517,.T.);
#3517 = EDGE_LOOP('',(#3518,#3541,#3569,#3590));
#3518 = ORIENTED_EDGE('',*,*,#3519,.T.);
#3519 = EDGE_CURVE('',#3444,#3520,#3522,.T.);
#3520 = VERTEX_POINT('',#3521);
#3521 = CARTESIAN_POINT('',(98.417660612868,34.907546972814,
    30.153075245048));
#3522 = SURFACE_CURVE('',#3523,(#3527,#3534),.PCURVE_S1.);
#3523 = LINE('',#3524,#3525);
#3524 = CARTESIAN_POINT('',(97.814163060809,35.795768582195,
    31.337505880764));
#3525 = VECTOR('',#3526,1.);
#3526 = DIRECTION('',(0.377479304807,-0.55557023302,-0.740844849226));
#3527 = PCURVE('',#3482,#3528);
#3528 = DEFINITIONAL_REPRESENTATION('',(#3529),#3533);
#3529 = LINE('',#3530,#3531);
#3530 = CARTESIAN_POINT('',(1.598756658636,-2.));
#3531 = VECTOR('',#3532,1.);
#3532 = DIRECTION('',(-1.,5.551115123126E-17));
#3533 = ( GEOMETRIC_REPRESENTATION_CONTEXT(2) 
PARAMETRIC_REPRESENTATION_CONTEXT() REPRESENTATION_CONTEXT('2D SPACE',''
  ) );
#3534 = PCURVE('',#515,#3535);
#3535 = DEFINITIONAL_REPRESENTATION('',(#3536),#3540);
#3536 = LINE('',#3537,#3538);
#3537 = CARTESIAN_POINT('',(-25.84077617877,-35.79576858219));
#3538 = VECTOR('',#3539,1.);
#3539 = DIRECTION('',(-0.831469612303,0.55557023302));
#3540 = ( GEOMETRIC_REPRESENTATION_CONTEXT(2) 
PARAMETRIC_REPRESENTATION_CONTEXT() REPRESENTATION_CONTEXT('2D SPACE',''
  ) );
#3541 = ORIENTED_EDGE('',*,*,#3542,.T.);
#3542 = EDGE_CURVE('',#3520,#3543,#3545,.T.);
#3543 = VERTEX_POINT('',#3544);
#3544 = CARTESIAN_POINT('',(110.00074542731,34.907546972814,
    36.054951741662));
#3545 = SURFACE_CURVE('',#3546,(#3550,#3557),.PCURVE_S1.);
#3546 = LINE('',#3547,#3548);
#3547 = CARTESIAN_POINT('',(96.635647564491,34.907546972814,
    29.245094245569));
#3548 = VECTOR('',#3549,1.);
#3549 = DIRECTION('',(0.891006524188,0.,0.45399049974));
#3550 = PCURVE('',#3482,#3551);
#3551 = DEFINITIONAL_REPRESENTATION('',(#3552),#3556);
#3552 = LINE('',#3553,#3554);
#3553 = CARTESIAN_POINT('',(0.,0.));
#3554 = VECTOR('',#3555,1.);
#3555 = DIRECTION('',(5.551115123126E-17,-1.));
#3556 = ( GEOMETRIC_REPRESENTATION_CONTEXT(2) 
PARAMETRIC_REPRESENTATION_CONTEXT() REPRESENTATION_CONTEXT('2D SPACE',''
  ) );
#3557 = PCURVE('',#3558,#3563);
#3558 = PLANE('',#3559);
#3559 = AXIS2_PLACEMENT_3D('',#3560,#3561,#3562);
#3560 = CARTESIAN_POINT('',(98.600153210111,31.112698372208,
    25.389534827351));
#3561 = DIRECTION('',(-0.299336736098,-0.751839807479,0.58748142295));
#3562 = DIRECTION('',(-0.341328129921,0.6593458151,0.669894173608));
#3563 = DEFINITIONAL_REPRESENTATION('',(#3564),#3568);
#3564 = LINE('',#3565,#3566);
#3565 = CARTESIAN_POINT('',(5.755475372253,-3.774758283726E-15));
#3566 = VECTOR('',#3567,1.);
#3567 = DIRECTION('',(0.,-1.));
#3568 = ( GEOMETRIC_REPRESENTATION_CONTEXT(2) 
PARAMETRIC_REPRESENTATION_CONTEXT() REPRESENTATION_CONTEXT('2D SPACE',''
  ) );
#3569 = ORIENTED_EDGE('',*,*,#3570,.F.);
#3570 = EDGE_CURVE('',#3467,#3543,#3571,.T.);
#3571 = SURFACE_CURVE('',#3572,(#3576,#3583),.PCURVE_S1.);
#3572 = LINE('',#3573,#3574);
#3573 = CARTESIAN_POINT('',(109.39724787525,35.795768582195,
    37.239382377378));
#3574 = VECTOR('',#3575,1.);
#3575 = DIRECTION('',(0.377479304807,-0.55557023302,-0.740844849226));
#3576 = PCURVE('',#3482,#3577);
#3577 = DEFINITIONAL_REPRESENTATION('',(#3578),#3582);
#3578 = LINE('',#3579,#3580);
#3579 = CARTESIAN_POINT('',(1.598756658636,-15.));
#3580 = VECTOR('',#3581,1.);
#3581 = DIRECTION('',(-1.,5.551115123126E-17));
#3582 = ( GEOMETRIC_REPRESENTATION_CONTEXT(2) 
PARAMETRIC_REPRESENTATION_CONTEXT() REPRESENTATION_CONTEXT('2D SPACE',''
  ) );
#3583 = PCURVE('',#639,#3584);
#3584 = DEFINITIONAL_REPRESENTATION('',(#3585),#3589);
#3585 = LINE('',#3586,#3587);
#3586 = CARTESIAN_POINT('',(-25.84077617877,-35.79576858219));
#3587 = VECTOR('',#3588,1.);
#3588 = DIRECTION('',(-0.831469612303,0.55557023302));
#3589 = ( GEOMETRIC_REPRESENTATION_CONTEXT(2) 
PARAMETRIC_REPRESENTATION_CONTEXT() REPRESENTATION_CONTEXT('2D SPACE',''
  ) );
#3590 = ORIENTED_EDGE('',*,*,#3466,.F.);
#3591 = ADVANCED_FACE('',(#3592),#3558,.T.);
#3592 = FACE_BOUND('',#3593,.T.);
#3593 = EDGE_LOOP('',(#3594,#3617,#3645,#3666));
#3594 = ORIENTED_EDGE('',*,*,#3595,.T.);
#3595 = EDGE_CURVE('',#3520,#3596,#3598,.T.);
#3596 = VERTEX_POINT('',#3597);
#3597 = CARTESIAN_POINT('',(100.38216625848,31.112698372208,
    26.29751582683));
#3598 = SURFACE_CURVE('',#3599,(#3603,#3610),.PCURVE_S1.);
#3599 = LINE('',#3600,#3601);
#3600 = CARTESIAN_POINT('',(99.841692207378,32.156735685661,
    27.35825587749));
#3601 = VECTOR('',#3602,1.);
#3602 = DIRECTION('',(0.341328129921,-0.6593458151,-0.669894173608));
#3603 = PCURVE('',#3558,#3604);
#3604 = DEFINITIONAL_REPRESENTATION('',(#3605),#3609);
#3605 = LINE('',#3606,#3607);
#3606 = CARTESIAN_POINT('',(1.583444210221,-2.));
#3607 = VECTOR('',#3608,1.);
#3608 = DIRECTION('',(-1.,0.));
#3609 = ( GEOMETRIC_REPRESENTATION_CONTEXT(2) 
PARAMETRIC_REPRESENTATION_CONTEXT() REPRESENTATION_CONTEXT('2D SPACE',''
  ) );
#3610 = PCURVE('',#515,#3611);
#3611 = DEFINITIONAL_REPRESENTATION('',(#3612),#3616);
#3612 = LINE('',#3613,#3614);
#3613 = CARTESIAN_POINT('',(-30.30679286355,-32.15673568566));
#3614 = VECTOR('',#3615,1.);
#3615 = DIRECTION('',(-0.751839807479,0.6593458151));
#3616 = ( GEOMETRIC_REPRESENTATION_CONTEXT(2) 
PARAMETRIC_REPRESENTATION_CONTEXT() REPRESENTATION_CONTEXT('2D SPACE',''
  ) );
#3617 = ORIENTED_EDGE('',*,*,#3618,.T.);
#3618 = EDGE_CURVE('',#3596,#3619,#3621,.T.);
#3619 = VERTEX_POINT('',#3620);
#3620 = CARTESIAN_POINT('',(111.96525107293,31.112698372208,
    32.199392323444));
#3621 = SURFACE_CURVE('',#3622,(#3626,#3633),.PCURVE_S1.);
#3622 = LINE('',#3623,#3624);
#3623 = CARTESIAN_POINT('',(98.600153210111,31.112698372208,
    25.389534827351));
#3624 = VECTOR('',#3625,1.);
#3625 = DIRECTION('',(0.891006524188,0.,0.45399049974));
#3626 = PCURVE('',#3558,#3627);
#3627 = DEFINITIONAL_REPRESENTATION('',(#3628),#3632);
#3628 = LINE('',#3629,#3630);
#3629 = CARTESIAN_POINT('',(0.,0.));
#3630 = VECTOR('',#3631,1.);
#3631 = DIRECTION('',(0.,-1.));
#3632 = ( GEOMETRIC_REPRESENTATION_CONTEXT(2) 
PARAMETRIC_REPRESENTATION_CONTEXT() REPRESENTATION_CONTEXT('2D SPACE',''
  ) );
#3633 = PCURVE('',#3634,#3639);
#3634 = PLANE('',#3635);
#3635 = AXIS2_PLACEMENT_3D('',#3636,#3637,#3638);
#3636 = CARTESIAN_POINT('',(100.32297842273,26.785502876384,
    22.008299965903));
#3637 = DIRECTION('',(-0.341328129921,-0.6593458151,0.669894173608));
#3638 = DIRECTION('',(-0.299336736098,0.751839807479,0.58748142295));
#3639 = DEFINITIONAL_REPRESENTATION('',(#3640),#3644);
#3640 = LINE('',#3641,#3642);
#3641 = CARTESIAN_POINT('',(5.755475372253,4.662936703426E-15));
#3642 = VECTOR('',#3643,1.);
#3643 = DIRECTION('',(0.,-1.));
#3644 = ( GEOMETRIC_REPRESENTATION_CONTEXT(2) 
PARAMETRIC_REPRESENTATION_CONTEXT() REPRESENTATION_CONTEXT('2D SPACE',''
  ) );
#3645 = ORIENTED_EDGE('',*,*,#3646,.F.);
#3646 = EDGE_CURVE('',#3543,#3619,#3647,.T.);
#3647 = SURFACE_CURVE('',#3648,(#3652,#3659),.PCURVE_S1.);
#3648 = LINE('',#3649,#3650);
#3649 = CARTESIAN_POINT('',(111.42477702182,32.156735685661,
    33.260132374104));
#3650 = VECTOR('',#3651,1.);
#3651 = DIRECTION('',(0.341328129921,-0.6593458151,-0.669894173608));
#3652 = PCURVE('',#3558,#3653);
#3653 = DEFINITIONAL_REPRESENTATION('',(#3654),#3658);
#3654 = LINE('',#3655,#3656);
#3655 = CARTESIAN_POINT('',(1.583444210221,-15.));
#3656 = VECTOR('',#3657,1.);
#3657 = DIRECTION('',(-1.,0.));
#3658 = ( GEOMETRIC_REPRESENTATION_CONTEXT(2) 
PARAMETRIC_REPRESENTATION_CONTEXT() REPRESENTATION_CONTEXT('2D SPACE',''
  ) );
#3659 = PCURVE('',#639,#3660);
#3660 = DEFINITIONAL_REPRESENTATION('',(#3661),#3665);
#3661 = LINE('',#3662,#3663);
#3662 = CARTESIAN_POINT('',(-30.30679286355,-32.15673568566));
#3663 = VECTOR('',#3664,1.);
#3664 = DIRECTION('',(-0.751839807479,0.6593458151));
#3665 = ( GEOMETRIC_REPRESENTATION_CONTEXT(2) 
PARAMETRIC_REPRESENTATION_CONTEXT() REPRESENTATION_CONTEXT('2D SPACE',''
  ) );
#3666 = ORIENTED_EDGE('',*,*,#3542,.F.);
#3667 = ADVANCED_FACE('',(#3668),#3634,.T.);
#3668 = FACE_BOUND('',#3669,.T.);
#3669 = EDGE_LOOP('',(#3670,#3693,#3721,#3742));
#3670 = ORIENTED_EDGE('',*,*,#3671,.T.);
#3671 = EDGE_CURVE('',#3596,#3672,#3674,.T.);
#3672 = VERTEX_POINT('',#3673);
#3673 = CARTESIAN_POINT('',(102.10499147111,26.785502876384,
    22.916280965382));
#3674 = SURFACE_CURVE('',#3675,(#3679,#3686),.PCURVE_S1.);
#3675 = LINE('',#3676,#3677);
#3676 = CARTESIAN_POINT('',(101.63633250441,27.962626913642,
    23.836075976924));
#3677 = VECTOR('',#3678,1.);
#3678 = DIRECTION('',(0.299336736098,-0.751839807479,-0.58748142295));
#3679 = PCURVE('',#3634,#3680);
#3680 = DEFINITIONAL_REPRESENTATION('',(#3681),#3685);
#3681 = LINE('',#3682,#3683);
#3682 = CARTESIAN_POINT('',(1.565658037189,-2.));
#3683 = VECTOR('',#3684,1.);
#3684 = DIRECTION('',(-1.,0.));
#3685 = ( GEOMETRIC_REPRESENTATION_CONTEXT(2) 
PARAMETRIC_REPRESENTATION_CONTEXT() REPRESENTATION_CONTEXT('2D SPACE',''
  ) );
#3686 = PCURVE('',#515,#3687);
#3687 = DEFINITIONAL_REPRESENTATION('',(#3688),#3692);
#3688 = LINE('',#3689,#3690);
#3689 = CARTESIAN_POINT('',(-34.25982777962,-27.96262691364));
#3690 = VECTOR('',#3691,1.);
#3691 = DIRECTION('',(-0.6593458151,0.751839807479));
#3692 = ( GEOMETRIC_REPRESENTATION_CONTEXT(2) 
PARAMETRIC_REPRESENTATION_CONTEXT() REPRESENTATION_CONTEXT('2D SPACE',''
  ) );
#3693 = ORIENTED_EDGE('',*,*,#3694,.T.);
#3694 = EDGE_CURVE('',#3672,#3695,#3697,.T.);
#3695 = VERTEX_POINT('',#3696);
#3696 = CARTESIAN_POINT('',(113.68807628556,26.785502876384,
    28.818157461997));
#3697 = SURFACE_CURVE('',#3698,(#3702,#3709),.PCURVE_S1.);
#3698 = LINE('',#3699,#3700);
#3699 = CARTESIAN_POINT('',(100.32297842273,26.785502876384,
    22.008299965903));
#3700 = VECTOR('',#3701,1.);
#3701 = DIRECTION('',(0.891006524188,0.,0.45399049974));
#3702 = PCURVE('',#3634,#3703);
#3703 = DEFINITIONAL_REPRESENTATION('',(#3704),#3708);
#3704 = LINE('',#3705,#3706);
#3705 = CARTESIAN_POINT('',(0.,0.));
#3706 = VECTOR('',#3707,1.);
#3707 = DIRECTION('',(0.,-1.));
#3708 = ( GEOMETRIC_REPRESENTATION_CONTEXT(2) 
PARAMETRIC_REPRESENTATION_CONTEXT() REPRESENTATION_CONTEXT('2D SPACE',''
  ) );
#3709 = PCURVE('',#3710,#3715);
#3710 = PLANE('',#3711);
#3711 = AXIS2_PLACEMENT_3D('',#3712,#3713,#3714);
#3712 = CARTESIAN_POINT('',(101.77464518532,22.,19.159243527162));
#3713 = DIRECTION('',(-0.377479304807,-0.55557023302,0.740844849226));
#3714 = DIRECTION('',(-0.252223607729,0.831469612303,0.495016702265));
#3715 = DEFINITIONAL_REPRESENTATION('',(#3716),#3720);
#3716 = LINE('',#3717,#3718);
#3717 = CARTESIAN_POINT('',(5.755475372253,7.771561172376E-15));
#3718 = VECTOR('',#3719,1.);
#3719 = DIRECTION('',(-2.775557561563E-17,-1.));
#3720 = ( GEOMETRIC_REPRESENTATION_CONTEXT(2) 
PARAMETRIC_REPRESENTATION_CONTEXT() REPRESENTATION_CONTEXT('2D SPACE',''
  ) );
#3721 = ORIENTED_EDGE('',*,*,#3722,.F.);
#3722 = EDGE_CURVE('',#3619,#3695,#3723,.T.);
#3723 = SURFACE_CURVE('',#3724,(#3728,#3735),.PCURVE_S1.);
#3724 = LINE('',#3725,#3726);
#3725 = CARTESIAN_POINT('',(113.21941731886,27.962626913642,
    29.737952473538));
#3726 = VECTOR('',#3727,1.);
#3727 = DIRECTION('',(0.299336736098,-0.751839807479,-0.58748142295));
#3728 = PCURVE('',#3634,#3729);
#3729 = DEFINITIONAL_REPRESENTATION('',(#3730),#3734);
#3730 = LINE('',#3731,#3732);
#3731 = CARTESIAN_POINT('',(1.565658037189,-15.));
#3732 = VECTOR('',#3733,1.);
#3733 = DIRECTION('',(-1.,0.));
#3734 = ( GEOMETRIC_REPRESENTATION_CONTEXT(2) 
PARAMETRIC_REPRESENTATION_CONTEXT() REPRESENTATION_CONTEXT('2D SPACE',''
  ) );
#3735 = PCURVE('',#639,#3736);
#3736 = DEFINITIONAL_REPRESENTATION('',(#3737),#3741);
#3737 = LINE('',#3738,#3739);
#3738 = CARTESIAN_POINT('',(-34.25982777962,-27.96262691364));
#3739 = VECTOR('',#3740,1.);
#3740 = DIRECTION('',(-0.6593458151,0.751839807479));
#3741 = ( GEOMETRIC_REPRESENTATION_CONTEXT(2) 
PARAMETRIC_REPRESENTATION_CONTEXT() REPRESENTATION_CONTEXT('2D SPACE',''
  ) );
#3742 = ORIENTED_EDGE('',*,*,#3618,.F.);
#3743 = ADVANCED_FACE('',(#3744),#3710,.T.);
#3744 = FACE_BOUND('',#3745,.T.);
#3745 = EDGE_LOOP('',(#3746,#3769,#3797,#3818));
#3746 = ORIENTED_EDGE('',*,*,#3747,.T.);
#3747 = EDGE_CURVE('',#3672,#3748,#3750,.T.);
#3748 = VERTEX_POINT('',#3749);
#3749 = CARTESIAN_POINT('',(103.55665823369,22.,20.067224526641));
#3750 = SURFACE_CURVE('',#3751,(#3755,#3762),.PCURVE_S1.);
#3751 = LINE('',#3752,#3753);
#3752 = CARTESIAN_POINT('',(103.16679558127,23.285204630051,
    20.83237306399));
#3753 = VECTOR('',#3754,1.);
#3754 = DIRECTION('',(0.252223607729,-0.831469612303,-0.495016702265));
#3755 = PCURVE('',#3710,#3756);
#3756 = DEFINITIONAL_REPRESENTATION('',(#3757),#3761);
#3757 = LINE('',#3758,#3759);
#3758 = CARTESIAN_POINT('',(1.545702465893,-2.));
#3759 = VECTOR('',#3760,1.);
#3760 = DIRECTION('',(-1.,-5.551115123126E-17));
#3761 = ( GEOMETRIC_REPRESENTATION_CONTEXT(2) 
PARAMETRIC_REPRESENTATION_CONTEXT() REPRESENTATION_CONTEXT('2D SPACE',''
  ) );
#3762 = PCURVE('',#515,#3763);
#3763 = DEFINITIONAL_REPRESENTATION('',(#3764),#3768);
#3764 = LINE('',#3765,#3766);
#3765 = CARTESIAN_POINT('',(-37.63096236887,-23.28520463005));
#3766 = VECTOR('',#3767,1.);
#3767 = DIRECTION('',(-0.55557023302,0.831469612303));
#3768 = ( GEOMETRIC_REPRESENTATION_CONTEXT(2) 
PARAMETRIC_REPRESENTATION_CONTEXT() REPRESENTATION_CONTEXT('2D SPACE',''
  ) );
#3769 = ORIENTED_EDGE('',*,*,#3770,.T.);
#3770 = EDGE_CURVE('',#3748,#3771,#3773,.T.);
#3771 = VERTEX_POINT('',#3772);
#3772 = CARTESIAN_POINT('',(115.13974304814,22.,25.969101023255));
#3773 = SURFACE_CURVE('',#3774,(#3778,#3785),.PCURVE_S1.);
#3774 = LINE('',#3775,#3776);
#3775 = CARTESIAN_POINT('',(101.77464518532,22.,19.159243527162));
#3776 = VECTOR('',#3777,1.);
#3777 = DIRECTION('',(0.891006524188,0.,0.45399049974));
#3778 = PCURVE('',#3710,#3779);
#3779 = DEFINITIONAL_REPRESENTATION('',(#3780),#3784);
#3780 = LINE('',#3781,#3782);
#3781 = CARTESIAN_POINT('',(0.,0.));
#3782 = VECTOR('',#3783,1.);
#3783 = DIRECTION('',(-2.775557561563E-17,-1.));
#3784 = ( GEOMETRIC_REPRESENTATION_CONTEXT(2) 
PARAMETRIC_REPRESENTATION_CONTEXT() REPRESENTATION_CONTEXT('2D SPACE',''
  ) );
#3785 = PCURVE('',#3786,#3791);
#3786 = PLANE('',#3787);
#3787 = AXIS2_PLACEMENT_3D('',#3788,#3789,#3790);
#3788 = CARTESIAN_POINT('',(102.93031507708,16.838071024064,
    16.8911136567));
#3789 = DIRECTION('',(-0.407171704131,-0.442288690219,0.799119464072));
#3790 = DIRECTION('',(-0.200794863502,0.896872741533,0.39408210856));
#3791 = DEFINITIONAL_REPRESENTATION('',(#3792),#3796);
#3792 = LINE('',#3793,#3794);
#3793 = CARTESIAN_POINT('',(5.755475372253,-1.06581410364E-14));
#3794 = VECTOR('',#3795,1.);
#3795 = DIRECTION('',(0.,-1.));
#3796 = ( GEOMETRIC_REPRESENTATION_CONTEXT(2) 
PARAMETRIC_REPRESENTATION_CONTEXT() REPRESENTATION_CONTEXT('2D SPACE',''
  ) );
#3797 = ORIENTED_EDGE('',*,*,#3798,.F.);
#3798 = EDGE_CURVE('',#3695,#3771,#3799,.T.);
#3799 = SURFACE_CURVE('',#3800,(#3804,#3811),.PCURVE_S1.);
#3800 = LINE('',#3801,#3802);
#3801 = CARTESIAN_POINT('',(114.74988039572,23.285204630051,
    26.734249560604));
#3802 = VECTOR('',#3803,1.);
#3803 = DIRECTION('',(0.252223607729,-0.831469612303,-0.495016702265));
#3804 = PCURVE('',#3710,#3805);
#3805 = DEFINITIONAL_REPRESENTATION('',(#3806),#3810);
#3806 = LINE('',#3807,#3808);
#3807 = CARTESIAN_POINT('',(1.545702465893,-15.));
#3808 = VECTOR('',#3809,1.);
#3809 = DIRECTION('',(-1.,-5.551115123126E-17));
#3810 = ( GEOMETRIC_REPRESENTATION_CONTEXT(2) 
PARAMETRIC_REPRESENTATION_CONTEXT() REPRESENTATION_CONTEXT('2D SPACE',''
  ) );
#3811 = PCURVE('',#639,#3812);
#3812 = DEFINITIONAL_REPRESENTATION('',(#3813),#3817);
#3813 = LINE('',#3814,#3815);
#3814 = CARTESIAN_POINT('',(-37.63096236887,-23.28520463005));
#3815 = VECTOR('',#3816,1.);
#3816 = DIRECTION('',(-0.55557023302,0.831469612303));
#3817 = ( GEOMETRIC_REPRESENTATION_CONTEXT(2) 
PARAMETRIC_REPRESENTATION_CONTEXT() REPRESENTATION_CONTEXT('2D SPACE',''
  ) );
#3818 = ORIENTED_EDGE('',*,*,#3694,.F.);
#3819 = ADVANCED_FACE('',(#3820),#3786,.T.);
#3820 = FACE_BOUND('',#3821,.T.);
#3821 = EDGE_LOOP('',(#3822,#3845,#3873,#3894));
#3822 = ORIENTED_EDGE('',*,*,#3823,.T.);
#3823 = EDGE_CURVE('',#3748,#3824,#3826,.T.);
#3824 = VERTEX_POINT('',#3825);
#3825 = CARTESIAN_POINT('',(104.71232812545,16.838071024064,
    17.799094656179));
#3826 = SURFACE_CURVE('',#3827,(#3831,#3838),.PCURVE_S1.);
#3827 = LINE('',#3828,#3829);
#3828 = CARTESIAN_POINT('',(104.40633302957,18.204832383171,
    18.399643845995));
#3829 = VECTOR('',#3830,1.);
#3830 = DIRECTION('',(0.200794863502,-0.896872741533,-0.39408210856));
#3831 = PCURVE('',#3786,#3832);
#3832 = DEFINITIONAL_REPRESENTATION('',(#3833),#3837);
#3833 = LINE('',#3834,#3835);
#3834 = CARTESIAN_POINT('',(1.52391894169,-2.));
#3835 = VECTOR('',#3836,1.);
#3836 = DIRECTION('',(-1.,0.));
#3837 = ( GEOMETRIC_REPRESENTATION_CONTEXT(2) 
PARAMETRIC_REPRESENTATION_CONTEXT() REPRESENTATION_CONTEXT('2D SPACE',''
  ) );
#3838 = PCURVE('',#515,#3839);
#3839 = DEFINITIONAL_REPRESENTATION('',(#3840),#3844);
#3840 = LINE('',#3841,#3842);
#3841 = CARTESIAN_POINT('',(-40.36127819928,-18.20483238317));
#3842 = VECTOR('',#3843,1.);
#3843 = DIRECTION('',(-0.442288690219,0.896872741533));
#3844 = ( GEOMETRIC_REPRESENTATION_CONTEXT(2) 
PARAMETRIC_REPRESENTATION_CONTEXT() REPRESENTATION_CONTEXT('2D SPACE',''
  ) );
#3845 = ORIENTED_EDGE('',*,*,#3846,.T.);
#3846 = EDGE_CURVE('',#3824,#3847,#3849,.T.);
#3847 = VERTEX_POINT('',#3848);
#3848 = CARTESIAN_POINT('',(116.2954129399,16.838071024064,
    23.700971152793));
#3849 = SURFACE_CURVE('',#3850,(#3854,#3861),.PCURVE_S1.);
#3850 = LINE('',#3851,#3852);
#3851 = CARTESIAN_POINT('',(102.93031507708,16.838071024064,
    16.8911136567));
#3852 = VECTOR('',#3853,1.);
#3853 = DIRECTION('',(0.891006524188,0.,0.45399049974));
#3854 = PCURVE('',#3786,#3855);
#3855 = DEFINITIONAL_REPRESENTATION('',(#3856),#3860);
#3856 = LINE('',#3857,#3858);
#3857 = CARTESIAN_POINT('',(0.,0.));
#3858 = VECTOR('',#3859,1.);
#3859 = DIRECTION('',(0.,-1.));
#3860 = ( GEOMETRIC_REPRESENTATION_CONTEXT(2) 
PARAMETRIC_REPRESENTATION_CONTEXT() REPRESENTATION_CONTEXT('2D SPACE',''
  ) );
#3861 = PCURVE('',#3862,#3867);
#3862 = PLANE('',#3863);
#3863 = AXIS2_PLACEMENT_3D('',#3864,#3865,#3866);
#3864 = CARTESIAN_POINT('',(103.77021426575,11.388037984511,
    15.242718685446));
#3865 = DIRECTION('',(-0.429897282708,-0.321439465303,0.843720923331));
#3866 = DIRECTION('',(-0.145930463489,0.946930129495,0.286404660717));
#3867 = DEFINITIONAL_REPRESENTATION('',(#3868),#3872);
#3868 = LINE('',#3869,#3870);
#3869 = CARTESIAN_POINT('',(5.755475372253,5.884182030513E-15));
#3870 = VECTOR('',#3871,1.);
#3871 = DIRECTION('',(2.775557561563E-17,-1.));
#3872 = ( GEOMETRIC_REPRESENTATION_CONTEXT(2) 
PARAMETRIC_REPRESENTATION_CONTEXT() REPRESENTATION_CONTEXT('2D SPACE',''
  ) );
#3873 = ORIENTED_EDGE('',*,*,#3874,.F.);
#3874 = EDGE_CURVE('',#3771,#3847,#3875,.T.);
#3875 = SURFACE_CURVE('',#3876,(#3880,#3887),.PCURVE_S1.);
#3876 = LINE('',#3877,#3878);
#3877 = CARTESIAN_POINT('',(115.98941784402,18.204832383171,
    24.301520342609));
#3878 = VECTOR('',#3879,1.);
#3879 = DIRECTION('',(0.200794863502,-0.896872741533,-0.39408210856));
#3880 = PCURVE('',#3786,#3881);
#3881 = DEFINITIONAL_REPRESENTATION('',(#3882),#3886);
#3882 = LINE('',#3883,#3884);
#3883 = CARTESIAN_POINT('',(1.52391894169,-15.));
#3884 = VECTOR('',#3885,1.);
#3885 = DIRECTION('',(-1.,0.));
#3886 = ( GEOMETRIC_REPRESENTATION_CONTEXT(2) 
PARAMETRIC_REPRESENTATION_CONTEXT() REPRESENTATION_CONTEXT('2D SPACE',''
  ) );
#3887 = PCURVE('',#639,#3888);
#3888 = DEFINITIONAL_REPRESENTATION('',(#3889),#3893);
#3889 = LINE('',#3890,#3891);
#3890 = CARTESIAN_POINT('',(-40.36127819928,-18.20483238317));
#3891 = VECTOR('',#3892,1.);
#3892 = DIRECTION('',(-0.442288690219,0.896872741533));
#3893 = ( GEOMETRIC_REPRESENTATION_CONTEXT(2) 
PARAMETRIC_REPRESENTATION_CONTEXT() REPRESENTATION_CONTEXT('2D SPACE',''
  ) );
#3894 = ORIENTED_EDGE('',*,*,#3770,.F.);
#3895 = ADVANCED_FACE('',(#3896),#3862,.T.);
#3896 = FACE_BOUND('',#3897,.T.);
#3897 = EDGE_LOOP('',(#3898,#3921,#3949,#3970));
#3898 = ORIENTED_EDGE('',*,*,#3899,.T.);
#3899 = EDGE_CURVE('',#3824,#3900,#3902,.T.);
#3900 = VERTEX_POINT('',#3901);
#3901 = CARTESIAN_POINT('',(105.55222731412,11.388037984511,
    16.150699684926));
#3902 = SURFACE_CURVE('',#3903,(#3907,#3914),.PCURVE_S1.);
#3903 = LINE('',#3904,#3905);
#3904 = CARTESIAN_POINT('',(105.33323235893,12.809077268053,
    16.580501484647));
#3905 = VECTOR('',#3906,1.);
#3906 = DIRECTION('',(0.145930463489,-0.946930129495,-0.286404660717));
#3907 = PCURVE('',#3862,#3908);
#3908 = DEFINITIONAL_REPRESENTATION('',(#3909),#3913);
#3909 = LINE('',#3910,#3911);
#3910 = CARTESIAN_POINT('',(1.50068018672,-2.));
#3911 = VECTOR('',#3912,1.);
#3912 = DIRECTION('',(-1.,2.775557561563E-17));
#3913 = ( GEOMETRIC_REPRESENTATION_CONTEXT(2) 
PARAMETRIC_REPRESENTATION_CONTEXT() REPRESENTATION_CONTEXT('2D SPACE',''
  ) );
#3914 = PCURVE('',#515,#3915);
#3915 = DEFINITIONAL_REPRESENTATION('',(#3916),#3920);
#3916 = LINE('',#3917,#3918);
#3917 = CARTESIAN_POINT('',(-42.40294940142,-12.80907726805));
#3918 = VECTOR('',#3919,1.);
#3919 = DIRECTION('',(-0.321439465303,0.946930129495));
#3920 = ( GEOMETRIC_REPRESENTATION_CONTEXT(2) 
PARAMETRIC_REPRESENTATION_CONTEXT() REPRESENTATION_CONTEXT('2D SPACE',''
  ) );
#3921 = ORIENTED_EDGE('',*,*,#3922,.T.);
#3922 = EDGE_CURVE('',#3900,#3923,#3925,.T.);
#3923 = VERTEX_POINT('',#3924);
#3924 = CARTESIAN_POINT('',(117.13531212857,11.388037984511,
    22.05257618154));
#3925 = SURFACE_CURVE('',#3926,(#3930,#3937),.PCURVE_S1.);
#3926 = LINE('',#3927,#3928);
#3927 = CARTESIAN_POINT('',(103.77021426575,11.388037984511,
    15.242718685446));
#3928 = VECTOR('',#3929,1.);
#3929 = DIRECTION('',(0.891006524188,0.,0.45399049974));
#3930 = PCURVE('',#3862,#3931);
#3931 = DEFINITIONAL_REPRESENTATION('',(#3932),#3936);
#3932 = LINE('',#3933,#3934);
#3933 = CARTESIAN_POINT('',(0.,0.));
#3934 = VECTOR('',#3935,1.);
#3935 = DIRECTION('',(2.775557561563E-17,-1.));
#3936 = ( GEOMETRIC_REPRESENTATION_CONTEXT(2) 
PARAMETRIC_REPRESENTATION_CONTEXT() REPRESENTATION_CONTEXT('2D SPACE',''
  ) );
#3937 = PCURVE('',#3938,#3943);
#3938 = PLANE('',#3939);
#3939 = AXIS2_PLACEMENT_3D('',#3940,#3941,#3942);
#3940 = CARTESIAN_POINT('',(104.27997184335,5.743152457682,
    14.242263108381));
#3941 = DIRECTION('',(-0.445267199587,-0.195090322016,0.873886083667));
#3942 = DIRECTION('',(-8.856915278645E-02,0.980785280403,0.173826749722)
  );
#3943 = DEFINITIONAL_REPRESENTATION('',(#3944),#3948);
#3944 = LINE('',#3945,#3946);
#3945 = CARTESIAN_POINT('',(5.755475372253,-8.326672684689E-16));
#3946 = VECTOR('',#3947,1.);
#3947 = DIRECTION('',(-1.387778780781E-17,-1.));
#3948 = ( GEOMETRIC_REPRESENTATION_CONTEXT(2) 
PARAMETRIC_REPRESENTATION_CONTEXT() REPRESENTATION_CONTEXT('2D SPACE',''
  ) );
#3949 = ORIENTED_EDGE('',*,*,#3950,.F.);
#3950 = EDGE_CURVE('',#3847,#3923,#3951,.T.);
#3951 = SURFACE_CURVE('',#3952,(#3956,#3963),.PCURVE_S1.);
#3952 = LINE('',#3953,#3954);
#3953 = CARTESIAN_POINT('',(116.91631717338,12.809077268053,
    22.482377981262));
#3954 = VECTOR('',#3955,1.);
#3955 = DIRECTION('',(0.145930463489,-0.946930129495,-0.286404660717));
#3956 = PCURVE('',#3862,#3957);
#3957 = DEFINITIONAL_REPRESENTATION('',(#3958),#3962);
#3958 = LINE('',#3959,#3960);
#3959 = CARTESIAN_POINT('',(1.50068018672,-15.));
#3960 = VECTOR('',#3961,1.);
#3961 = DIRECTION('',(-1.,2.775557561563E-17));
#3962 = ( GEOMETRIC_REPRESENTATION_CONTEXT(2) 
PARAMETRIC_REPRESENTATION_CONTEXT() REPRESENTATION_CONTEXT('2D SPACE',''
  ) );
#3963 = PCURVE('',#639,#3964);
#3964 = DEFINITIONAL_REPRESENTATION('',(#3965),#3969);
#3965 = LINE('',#3966,#3967);
#3966 = CARTESIAN_POINT('',(-42.40294940142,-12.80907726805));
#3967 = VECTOR('',#3968,1.);
#3968 = DIRECTION('',(-0.321439465303,0.946930129495));
#3969 = ( GEOMETRIC_REPRESENTATION_CONTEXT(2) 
PARAMETRIC_REPRESENTATION_CONTEXT() REPRESENTATION_CONTEXT('2D SPACE',''
  ) );
#3970 = ORIENTED_EDGE('',*,*,#3846,.F.);
#3971 = ADVANCED_FACE('',(#3972),#3938,.T.);
#3972 = FACE_BOUND('',#3973,.T.);
#3973 = EDGE_LOOP('',(#3974,#3997,#4025,#4046));
#3974 = ORIENTED_EDGE('',*,*,#3975,.T.);
#3975 = EDGE_CURVE('',#3900,#3976,#3978,.T.);
#3976 = VERTEX_POINT('',#3977);
#3977 = CARTESIAN_POINT('',(106.06198489173,5.743152457682,
    15.15024410786));
#3978 = SURFACE_CURVE('',#3979,(#3983,#3990),.PCURVE_S1.);
#3979 = LINE('',#3980,#3981);
#3980 = CARTESIAN_POINT('',(105.93122282738,7.191167979038,
    15.406879109071));
#3981 = VECTOR('',#3982,1.);
#3982 = DIRECTION('',(8.856915278645E-02,-0.980785280403,-0.173826749722
    ));
#3983 = PCURVE('',#3938,#3984);
#3984 = DEFINITIONAL_REPRESENTATION('',(#3985),#3989);
#3985 = LINE('',#3986,#3987);
#3986 = CARTESIAN_POINT('',(1.476383822523,-2.));
#3987 = VECTOR('',#3988,1.);
#3988 = DIRECTION('',(-1.,0.));
#3989 = ( GEOMETRIC_REPRESENTATION_CONTEXT(2) 
PARAMETRIC_REPRESENTATION_CONTEXT() REPRESENTATION_CONTEXT('2D SPACE',''
  ) );
#3990 = PCURVE('',#515,#3991);
#3991 = DEFINITIONAL_REPRESENTATION('',(#3992),#3996);
#3992 = LINE('',#3993,#3994);
#3993 = CARTESIAN_POINT('',(-43.7201365866,-7.191167979038));
#3994 = VECTOR('',#3995,1.);
#3995 = DIRECTION('',(-0.195090322016,0.980785280403));
#3996 = ( GEOMETRIC_REPRESENTATION_CONTEXT(2) 
PARAMETRIC_REPRESENTATION_CONTEXT() REPRESENTATION_CONTEXT('2D SPACE',''
  ) );
#3997 = ORIENTED_EDGE('',*,*,#3998,.T.);
#3998 = EDGE_CURVE('',#3976,#3999,#4001,.T.);
#3999 = VERTEX_POINT('',#4000);
#4000 = CARTESIAN_POINT('',(117.64506970618,5.743152457682,
    21.052120604474));
#4001 = SURFACE_CURVE('',#4002,(#4006,#4013),.PCURVE_S1.);
#4002 = LINE('',#4003,#4004);
#4003 = CARTESIAN_POINT('',(104.27997184335,5.743152457682,
    14.242263108381));
#4004 = VECTOR('',#4005,1.);
#4005 = DIRECTION('',(0.891006524188,0.,0.45399049974));
#4006 = PCURVE('',#3938,#4007);
#4007 = DEFINITIONAL_REPRESENTATION('',(#4008),#4012);
#4008 = LINE('',#4009,#4010);
#4009 = CARTESIAN_POINT('',(0.,0.));
#4010 = VECTOR('',#4011,1.);
#4011 = DIRECTION('',(-1.387778780781E-17,-1.));
#4012 = ( GEOMETRIC_REPRESENTATION_CONTEXT(2) 
PARAMETRIC_REPRESENTATION_CONTEXT() REPRESENTATION_CONTEXT('2D SPACE',''
  ) );
#4013 = PCURVE('',#4014,#4019);
#4014 = PLANE('',#4015);
#4015 = AXIS2_PLACEMENT_3D('',#4016,#4017,#4018);
#4016 = CARTESIAN_POINT('',(104.4508657164,-8.082668874373E-15,
    13.906864997805));
#4017 = DIRECTION('',(-0.453018471231,-6.540312923014E-02,0.889098810825
    ));
#4018 = DIRECTION('',(-2.969239932372E-02,0.997858923239,
    5.827461484639E-02));
#4019 = DEFINITIONAL_REPRESENTATION('',(#4020),#4024);
#4020 = LINE('',#4021,#4022);
#4021 = CARTESIAN_POINT('',(5.755475372253,-3.663735981263E-15));
#4022 = VECTOR('',#4023,1.);
#4023 = DIRECTION('',(3.469446951954E-18,-1.));
#4024 = ( GEOMETRIC_REPRESENTATION_CONTEXT(2) 
PARAMETRIC_REPRESENTATION_CONTEXT() REPRESENTATION_CONTEXT('2D SPACE',''
  ) );
#4025 = ORIENTED_EDGE('',*,*,#4026,.F.);
#4026 = EDGE_CURVE('',#3923,#3999,#4027,.T.);
#4027 = SURFACE_CURVE('',#4028,(#4032,#4039),.PCURVE_S1.);
#4028 = LINE('',#4029,#4030);
#4029 = CARTESIAN_POINT('',(117.51430764183,7.191167979038,
    21.308755605686));
#4030 = VECTOR('',#4031,1.);
#4031 = DIRECTION('',(8.856915278645E-02,-0.980785280403,-0.173826749722
    ));
#4032 = PCURVE('',#3938,#4033);
#4033 = DEFINITIONAL_REPRESENTATION('',(#4034),#4038);
#4034 = LINE('',#4035,#4036);
#4035 = CARTESIAN_POINT('',(1.476383822523,-15.));
#4036 = VECTOR('',#4037,1.);
#4037 = DIRECTION('',(-1.,0.));
#4038 = ( GEOMETRIC_REPRESENTATION_CONTEXT(2) 
PARAMETRIC_REPRESENTATION_CONTEXT() REPRESENTATION_CONTEXT('2D SPACE',''
  ) );
#4039 = PCURVE('',#639,#4040);
#4040 = DEFINITIONAL_REPRESENTATION('',(#4041),#4045);
#4041 = LINE('',#4042,#4043);
#4042 = CARTESIAN_POINT('',(-43.7201365866,-7.191167979038));
#4043 = VECTOR('',#4044,1.);
#4044 = DIRECTION('',(-0.195090322016,0.980785280403));
#4045 = ( GEOMETRIC_REPRESENTATION_CONTEXT(2) 
PARAMETRIC_REPRESENTATION_CONTEXT() REPRESENTATION_CONTEXT('2D SPACE',''
  ) );
#4046 = ORIENTED_EDGE('',*,*,#3922,.F.);
#4047 = ADVANCED_FACE('',(#4048),#4014,.T.);
#4048 = FACE_BOUND('',#4049,.T.);
#4049 = EDGE_LOOP('',(#4050,#4073,#4101,#4122));
#4050 = ORIENTED_EDGE('',*,*,#4051,.T.);
#4051 = EDGE_CURVE('',#3976,#4052,#4054,.T.);
#4052 = VERTEX_POINT('',#4053);
#4053 = CARTESIAN_POINT('',(106.23287876478,-8.082668874373E-15,
    14.814845997284));
#4054 = SURFACE_CURVE('',#4055,(#4059,#4066),.PCURVE_S1.);
#4055 = LINE('',#4056,#4057);
#4056 = CARTESIAN_POINT('',(106.18978186342,1.448337910252,
    14.899428428649));
#4057 = VECTOR('',#4058,1.);
#4058 = DIRECTION('',(2.969239932372E-02,-0.997858923239,
    -5.827461484639E-02));
#4059 = PCURVE('',#4014,#4060);
#4060 = DEFINITIONAL_REPRESENTATION('',(#4061),#4065);
#4061 = LINE('',#4062,#4063);
#4062 = CARTESIAN_POINT('',(1.451445566625,-2.));
#4063 = VECTOR('',#4064,1.);
#4064 = DIRECTION('',(-1.,3.469446951954E-18));
#4065 = ( GEOMETRIC_REPRESENTATION_CONTEXT(2) 
PARAMETRIC_REPRESENTATION_CONTEXT() REPRESENTATION_CONTEXT('2D SPACE',''
  ) );
#4066 = PCURVE('',#515,#4067);
#4067 = DEFINITIONAL_REPRESENTATION('',(#4068),#4072);
#4068 = LINE('',#4069,#4070);
#4069 = CARTESIAN_POINT('',(-44.28966179954,-1.448337910252));
#4070 = VECTOR('',#4071,1.);
#4071 = DIRECTION('',(-6.540312923014E-02,0.997858923239));
#4072 = ( GEOMETRIC_REPRESENTATION_CONTEXT(2) 
PARAMETRIC_REPRESENTATION_CONTEXT() REPRESENTATION_CONTEXT('2D SPACE',''
  ) );
#4073 = ORIENTED_EDGE('',*,*,#4074,.T.);
#4074 = EDGE_CURVE('',#4052,#4075,#4077,.T.);
#4075 = VERTEX_POINT('',#4076);
#4076 = CARTESIAN_POINT('',(117.81596357923,-8.082668874373E-15,
    20.716722493898));
#4077 = SURFACE_CURVE('',#4078,(#4082,#4089),.PCURVE_S1.);
#4078 = LINE('',#4079,#4080);
#4079 = CARTESIAN_POINT('',(104.4508657164,-8.082668874373E-15,
    13.906864997805));
#4080 = VECTOR('',#4081,1.);
#4081 = DIRECTION('',(0.891006524188,0.,0.45399049974));
#4082 = PCURVE('',#4014,#4083);
#4083 = DEFINITIONAL_REPRESENTATION('',(#4084),#4088);
#4084 = LINE('',#4085,#4086);
#4085 = CARTESIAN_POINT('',(0.,0.));
#4086 = VECTOR('',#4087,1.);
#4087 = DIRECTION('',(3.469446951954E-18,-1.));
#4088 = ( GEOMETRIC_REPRESENTATION_CONTEXT(2) 
PARAMETRIC_REPRESENTATION_CONTEXT() REPRESENTATION_CONTEXT('2D SPACE',''
  ) );
#4089 = PCURVE('',#4090,#4095);
#4090 = PLANE('',#4091);
#4091 = AXIS2_PLACEMENT_3D('',#4092,#4093,#4094);
#4092 = CARTESIAN_POINT('',(104.27997184335,-5.743152457682,
    14.242263108381));
#4093 = DIRECTION('',(-0.453018471231,6.540312923014E-02,0.889098810825)
  );
#4094 = DIRECTION('',(2.969239932372E-02,0.997858923239,
    -5.827461484639E-02));
#4095 = DEFINITIONAL_REPRESENTATION('',(#4096),#4100);
#4096 = LINE('',#4097,#4098);
#4097 = CARTESIAN_POINT('',(5.755475372253,3.663735981263E-15));
#4098 = VECTOR('',#4099,1.);
#4099 = DIRECTION('',(-3.469446951954E-18,-1.));
#4100 = ( GEOMETRIC_REPRESENTATION_CONTEXT(2) 
PARAMETRIC_REPRESENTATION_CONTEXT() REPRESENTATION_CONTEXT('2D SPACE',''
  ) );
#4101 = ORIENTED_EDGE('',*,*,#4102,.F.);
#4102 = EDGE_CURVE('',#3999,#4075,#4103,.T.);
#4103 = SURFACE_CURVE('',#4104,(#4108,#4115),.PCURVE_S1.);
#4104 = LINE('',#4105,#4106);
#4105 = CARTESIAN_POINT('',(117.77286667787,1.448337910252,
    20.801304925263));
#4106 = VECTOR('',#4107,1.);
#4107 = DIRECTION('',(2.969239932372E-02,-0.997858923239,
    -5.827461484639E-02));
#4108 = PCURVE('',#4014,#4109);
#4109 = DEFINITIONAL_REPRESENTATION('',(#4110),#4114);
#4110 = LINE('',#4111,#4112);
#4111 = CARTESIAN_POINT('',(1.451445566625,-15.));
#4112 = VECTOR('',#4113,1.);
#4113 = DIRECTION('',(-1.,3.469446951954E-18));
#4114 = ( GEOMETRIC_REPRESENTATION_CONTEXT(2) 
PARAMETRIC_REPRESENTATION_CONTEXT() REPRESENTATION_CONTEXT('2D SPACE',''
  ) );
#4115 = PCURVE('',#639,#4116);
#4116 = DEFINITIONAL_REPRESENTATION('',(#4117),#4121);
#4117 = LINE('',#4118,#4119);
#4118 = CARTESIAN_POINT('',(-44.28966179954,-1.448337910252));
#4119 = VECTOR('',#4120,1.);
#4120 = DIRECTION('',(-6.540312923014E-02,0.997858923239));
#4121 = ( GEOMETRIC_REPRESENTATION_CONTEXT(2) 
PARAMETRIC_REPRESENTATION_CONTEXT() REPRESENTATION_CONTEXT('2D SPACE',''
  ) );
#4122 = ORIENTED_EDGE('',*,*,#3998,.F.);
#4123 = ADVANCED_FACE('',(#4124),#4090,.T.);
#4124 = FACE_BOUND('',#4125,.T.);
#4125 = EDGE_LOOP('',(#4126,#4149,#4177,#4198));
#4126 = ORIENTED_EDGE('',*,*,#4127,.T.);
#4127 = EDGE_CURVE('',#4052,#4128,#4130,.T.);
#4128 = VERTEX_POINT('',#4129);
#4129 = CARTESIAN_POINT('',(106.06198489173,-5.743152457682,
    15.15024410786));
#4130 = SURFACE_CURVE('',#4131,(#4135,#4142),.PCURVE_S1.);
#4131 = LINE('',#4132,#4133);
#4132 = CARTESIAN_POINT('',(106.10433492689,-4.319914139093,
    15.067127483937));
#4133 = VECTOR('',#4134,1.);
#4134 = DIRECTION('',(-2.969239932372E-02,-0.997858923239,
    5.827461484639E-02));
#4135 = PCURVE('',#4090,#4136);
#4136 = DEFINITIONAL_REPRESENTATION('',(#4137),#4141);
#4137 = LINE('',#4138,#4139);
#4138 = CARTESIAN_POINT('',(1.426292119501,-2.));
#4139 = VECTOR('',#4140,1.);
#4140 = DIRECTION('',(-1.,-3.469446951954E-18));
#4141 = ( GEOMETRIC_REPRESENTATION_CONTEXT(2) 
PARAMETRIC_REPRESENTATION_CONTEXT() REPRESENTATION_CONTEXT('2D SPACE',''
  ) );
#4142 = PCURVE('',#515,#4143);
#4143 = DEFINITIONAL_REPRESENTATION('',(#4144),#4148);
#4144 = LINE('',#4145,#4146);
#4145 = CARTESIAN_POINT('',(-44.10144874977,4.319914139093));
#4146 = VECTOR('',#4147,1.);
#4147 = DIRECTION('',(6.540312923014E-02,0.997858923239));
#4148 = ( GEOMETRIC_REPRESENTATION_CONTEXT(2) 
PARAMETRIC_REPRESENTATION_CONTEXT() REPRESENTATION_CONTEXT('2D SPACE',''
  ) );
#4149 = ORIENTED_EDGE('',*,*,#4150,.T.);
#4150 = EDGE_CURVE('',#4128,#4151,#4153,.T.);
#4151 = VERTEX_POINT('',#4152);
#4152 = CARTESIAN_POINT('',(117.64506970618,-5.743152457682,
    21.052120604474));
#4153 = SURFACE_CURVE('',#4154,(#4158,#4165),.PCURVE_S1.);
#4154 = LINE('',#4155,#4156);
#4155 = CARTESIAN_POINT('',(104.27997184335,-5.743152457682,
    14.242263108381));
#4156 = VECTOR('',#4157,1.);
#4157 = DIRECTION('',(0.891006524188,0.,0.45399049974));
#4158 = PCURVE('',#4090,#4159);
#4159 = DEFINITIONAL_REPRESENTATION('',(#4160),#4164);
#4160 = LINE('',#4161,#4162);
#4161 = CARTESIAN_POINT('',(0.,0.));
#4162 = VECTOR('',#4163,1.);
#4163 = DIRECTION('',(-3.469446951954E-18,-1.));
#4164 = ( GEOMETRIC_REPRESENTATION_CONTEXT(2) 
PARAMETRIC_REPRESENTATION_CONTEXT() REPRESENTATION_CONTEXT('2D SPACE',''
  ) );
#4165 = PCURVE('',#4166,#4171);
#4166 = PLANE('',#4167);
#4167 = AXIS2_PLACEMENT_3D('',#4168,#4169,#4170);
#4168 = CARTESIAN_POINT('',(103.77021426575,-11.38803798451,
    15.242718685446));
#4169 = DIRECTION('',(-0.445267199587,0.195090322016,0.873886083667));
#4170 = DIRECTION('',(8.856915278645E-02,0.980785280403,-0.173826749722)
  );
#4171 = DEFINITIONAL_REPRESENTATION('',(#4172),#4176);
#4172 = LINE('',#4173,#4174);
#4173 = CARTESIAN_POINT('',(5.755475372253,4.884981308351E-15));
#4174 = VECTOR('',#4175,1.);
#4175 = DIRECTION('',(1.387778780781E-17,-1.));
#4176 = ( GEOMETRIC_REPRESENTATION_CONTEXT(2) 
PARAMETRIC_REPRESENTATION_CONTEXT() REPRESENTATION_CONTEXT('2D SPACE',''
  ) );
#4177 = ORIENTED_EDGE('',*,*,#4178,.F.);
#4178 = EDGE_CURVE('',#4075,#4151,#4179,.T.);
#4179 = SURFACE_CURVE('',#4180,(#4184,#4191),.PCURVE_S1.);
#4180 = LINE('',#4181,#4182);
#4181 = CARTESIAN_POINT('',(117.68741974134,-4.319914139093,
    20.969003980551));
#4182 = VECTOR('',#4183,1.);
#4183 = DIRECTION('',(-2.969239932372E-02,-0.997858923239,
    5.827461484639E-02));
#4184 = PCURVE('',#4090,#4185);
#4185 = DEFINITIONAL_REPRESENTATION('',(#4186),#4190);
#4186 = LINE('',#4187,#4188);
#4187 = CARTESIAN_POINT('',(1.426292119501,-15.));
#4188 = VECTOR('',#4189,1.);
#4189 = DIRECTION('',(-1.,-3.469446951954E-18));
#4190 = ( GEOMETRIC_REPRESENTATION_CONTEXT(2) 
PARAMETRIC_REPRESENTATION_CONTEXT() REPRESENTATION_CONTEXT('2D SPACE',''
  ) );
#4191 = PCURVE('',#639,#4192);
#4192 = DEFINITIONAL_REPRESENTATION('',(#4193),#4197);
#4193 = LINE('',#4194,#4195);
#4194 = CARTESIAN_POINT('',(-44.10144874977,4.319914139093));
#4195 = VECTOR('',#4196,1.);
#4196 = DIRECTION('',(6.540312923014E-02,0.997858923239));
#4197 = ( GEOMETRIC_REPRESENTATION_CONTEXT(2) 
PARAMETRIC_REPRESENTATION_CONTEXT() REPRESENTATION_CONTEXT('2D SPACE',''
  ) );
#4198 = ORIENTED_EDGE('',*,*,#4074,.F.);
#4199 = ADVANCED_FACE('',(#4200),#4166,.T.);
#4200 = FACE_BOUND('',#4201,.T.);
#4201 = EDGE_LOOP('',(#4202,#4225,#4253,#4274));
#4202 = ORIENTED_EDGE('',*,*,#4203,.T.);
#4203 = EDGE_CURVE('',#4128,#4204,#4206,.T.);
#4204 = VERTEX_POINT('',#4205);
#4205 = CARTESIAN_POINT('',(105.55222731412,-11.38803798451,
    16.150699684926));
#4206 = SURFACE_CURVE('',#4207,(#4211,#4218),.PCURVE_S1.);
#4207 = LINE('',#4208,#4209);
#4208 = CARTESIAN_POINT('',(105.67634403858,-10.01361074245,
    15.907106897604));
#4209 = VECTOR('',#4210,1.);
#4210 = DIRECTION('',(-8.856915278645E-02,-0.980785280403,0.173826749722
    ));
#4211 = PCURVE('',#4166,#4212);
#4212 = DEFINITIONAL_REPRESENTATION('',(#4213),#4217);
#4213 = LINE('',#4214,#4215);
#4214 = CARTESIAN_POINT('',(1.401353863604,-2.));
#4215 = VECTOR('',#4216,1.);
#4216 = DIRECTION('',(-1.,0.));
#4217 = ( GEOMETRIC_REPRESENTATION_CONTEXT(2) 
PARAMETRIC_REPRESENTATION_CONTEXT() REPRESENTATION_CONTEXT('2D SPACE',''
  ) );
#4218 = PCURVE('',#515,#4219);
#4219 = DEFINITIONAL_REPRESENTATION('',(#4220),#4224);
#4220 = LINE('',#4221,#4222);
#4221 = CARTESIAN_POINT('',(-43.15871781474,10.013610742452));
#4222 = VECTOR('',#4223,1.);
#4223 = DIRECTION('',(0.195090322016,0.980785280403));
#4224 = ( GEOMETRIC_REPRESENTATION_CONTEXT(2) 
PARAMETRIC_REPRESENTATION_CONTEXT() REPRESENTATION_CONTEXT('2D SPACE',''
  ) );
#4225 = ORIENTED_EDGE('',*,*,#4226,.T.);
#4226 = EDGE_CURVE('',#4204,#4227,#4229,.T.);
#4227 = VERTEX_POINT('',#4228);
#4228 = CARTESIAN_POINT('',(117.13531212857,-11.38803798451,
    22.05257618154));
#4229 = SURFACE_CURVE('',#4230,(#4234,#4241),.PCURVE_S1.);
#4230 = LINE('',#4231,#4232);
#4231 = CARTESIAN_POINT('',(103.77021426575,-11.38803798451,
    15.242718685446));
#4232 = VECTOR('',#4233,1.);
#4233 = DIRECTION('',(0.891006524188,0.,0.45399049974));
#4234 = PCURVE('',#4166,#4235);
#4235 = DEFINITIONAL_REPRESENTATION('',(#4236),#4240);
#4236 = LINE('',#4237,#4238);
#4237 = CARTESIAN_POINT('',(0.,0.));
#4238 = VECTOR('',#4239,1.);
#4239 = DIRECTION('',(1.387778780781E-17,-1.));
#4240 = ( GEOMETRIC_REPRESENTATION_CONTEXT(2) 
PARAMETRIC_REPRESENTATION_CONTEXT() REPRESENTATION_CONTEXT('2D SPACE',''
  ) );
#4241 = PCURVE('',#4242,#4247);
#4242 = PLANE('',#4243);
#4243 = AXIS2_PLACEMENT_3D('',#4244,#4245,#4246);
#4244 = CARTESIAN_POINT('',(102.93031507708,-16.83807102406,
    16.8911136567));
#4245 = DIRECTION('',(-0.429897282708,0.321439465303,0.843720923331));
#4246 = DIRECTION('',(0.145930463489,0.946930129495,-0.286404660717));
#4247 = DEFINITIONAL_REPRESENTATION('',(#4248),#4252);
#4248 = LINE('',#4249,#4250);
#4249 = CARTESIAN_POINT('',(5.755475372253,-2.22044604925E-16));
#4250 = VECTOR('',#4251,1.);
#4251 = DIRECTION('',(0.,-1.));
#4252 = ( GEOMETRIC_REPRESENTATION_CONTEXT(2) 
PARAMETRIC_REPRESENTATION_CONTEXT() REPRESENTATION_CONTEXT('2D SPACE',''
  ) );
#4253 = ORIENTED_EDGE('',*,*,#4254,.F.);
#4254 = EDGE_CURVE('',#4151,#4227,#4255,.T.);
#4255 = SURFACE_CURVE('',#4256,(#4260,#4267),.PCURVE_S1.);
#4256 = LINE('',#4257,#4258);
#4257 = CARTESIAN_POINT('',(117.25942885303,-10.01361074245,
    21.808983394218));
#4258 = VECTOR('',#4259,1.);
#4259 = DIRECTION('',(-8.856915278645E-02,-0.980785280403,0.173826749722
    ));
#4260 = PCURVE('',#4166,#4261);
#4261 = DEFINITIONAL_REPRESENTATION('',(#4262),#4266);
#4262 = LINE('',#4263,#4264);
#4263 = CARTESIAN_POINT('',(1.401353863604,-15.));
#4264 = VECTOR('',#4265,1.);
#4265 = DIRECTION('',(-1.,0.));
#4266 = ( GEOMETRIC_REPRESENTATION_CONTEXT(2) 
PARAMETRIC_REPRESENTATION_CONTEXT() REPRESENTATION_CONTEXT('2D SPACE',''
  ) );
#4267 = PCURVE('',#639,#4268);
#4268 = DEFINITIONAL_REPRESENTATION('',(#4269),#4273);
#4269 = LINE('',#4270,#4271);
#4270 = CARTESIAN_POINT('',(-43.15871781474,10.013610742452));
#4271 = VECTOR('',#4272,1.);
#4272 = DIRECTION('',(0.195090322016,0.980785280403));
#4273 = ( GEOMETRIC_REPRESENTATION_CONTEXT(2) 
PARAMETRIC_REPRESENTATION_CONTEXT() REPRESENTATION_CONTEXT('2D SPACE',''
  ) );
#4274 = ORIENTED_EDGE('',*,*,#4150,.F.);
#4275 = ADVANCED_FACE('',(#4276),#4242,.T.);
#4276 = FACE_BOUND('',#4277,.T.);
#4277 = EDGE_LOOP('',(#4278,#4301,#4329,#4350));
#4278 = ORIENTED_EDGE('',*,*,#4279,.T.);
#4279 = EDGE_CURVE('',#4204,#4280,#4282,.T.);
#4280 = VERTEX_POINT('',#4281);
#4281 = CARTESIAN_POINT('',(104.71232812545,-16.83807102406,
    17.799094656179));
#4282 = SURFACE_CURVE('',#4283,(#4287,#4294),.PCURVE_S1.);
#4283 = LINE('',#4284,#4285);
#4284 = CARTESIAN_POINT('',(104.91328276459,-15.53409378782,
    17.404698970274));
#4285 = VECTOR('',#4286,1.);
#4286 = DIRECTION('',(-0.145930463489,-0.946930129495,0.286404660717));
#4287 = PCURVE('',#4242,#4288);
#4288 = DEFINITIONAL_REPRESENTATION('',(#4289),#4293);
#4289 = LINE('',#4290,#4291);
#4290 = CARTESIAN_POINT('',(1.377057499406,-2.));
#4291 = VECTOR('',#4292,1.);
#4292 = DIRECTION('',(-1.,0.));
#4293 = ( GEOMETRIC_REPRESENTATION_CONTEXT(2) 
PARAMETRIC_REPRESENTATION_CONTEXT() REPRESENTATION_CONTEXT('2D SPACE',''
  ) );
#4294 = PCURVE('',#515,#4295);
#4295 = DEFINITIONAL_REPRESENTATION('',(#4296),#4300);
#4296 = LINE('',#4297,#4298);
#4297 = CARTESIAN_POINT('',(-41.47793093831,15.534093787829));
#4298 = VECTOR('',#4299,1.);
#4299 = DIRECTION('',(0.321439465303,0.946930129495));
#4300 = ( GEOMETRIC_REPRESENTATION_CONTEXT(2) 
PARAMETRIC_REPRESENTATION_CONTEXT() REPRESENTATION_CONTEXT('2D SPACE',''
  ) );
#4301 = ORIENTED_EDGE('',*,*,#4302,.T.);
#4302 = EDGE_CURVE('',#4280,#4303,#4305,.T.);
#4303 = VERTEX_POINT('',#4304);
#4304 = CARTESIAN_POINT('',(116.2954129399,-16.83807102406,
    23.700971152793));
#4305 = SURFACE_CURVE('',#4306,(#4310,#4317),.PCURVE_S1.);
#4306 = LINE('',#4307,#4308);
#4307 = CARTESIAN_POINT('',(102.93031507708,-16.83807102406,
    16.8911136567));
#4308 = VECTOR('',#4309,1.);
#4309 = DIRECTION('',(0.891006524188,0.,0.45399049974));
#4310 = PCURVE('',#4242,#4311);
#4311 = DEFINITIONAL_REPRESENTATION('',(#4312),#4316);
#4312 = LINE('',#4313,#4314);
#4313 = CARTESIAN_POINT('',(0.,0.));
#4314 = VECTOR('',#4315,1.);
#4315 = DIRECTION('',(0.,-1.));
#4316 = ( GEOMETRIC_REPRESENTATION_CONTEXT(2) 
PARAMETRIC_REPRESENTATION_CONTEXT() REPRESENTATION_CONTEXT('2D SPACE',''
  ) );
#4317 = PCURVE('',#4318,#4323);
#4318 = PLANE('',#4319);
#4319 = AXIS2_PLACEMENT_3D('',#4320,#4321,#4322);
#4320 = CARTESIAN_POINT('',(101.77464518532,-22.,19.159243527162));
#4321 = DIRECTION('',(-0.407171704131,0.442288690219,0.799119464072));
#4322 = DIRECTION('',(0.200794863502,0.896872741533,-0.39408210856));
#4323 = DEFINITIONAL_REPRESENTATION('',(#4324),#4328);
#4324 = LINE('',#4325,#4326);
#4325 = CARTESIAN_POINT('',(5.755475372253,-1.465494392505E-14));
#4326 = VECTOR('',#4327,1.);
#4327 = DIRECTION('',(0.,-1.));
#4328 = ( GEOMETRIC_REPRESENTATION_CONTEXT(2) 
PARAMETRIC_REPRESENTATION_CONTEXT() REPRESENTATION_CONTEXT('2D SPACE',''
  ) );
#4329 = ORIENTED_EDGE('',*,*,#4330,.F.);
#4330 = EDGE_CURVE('',#4227,#4303,#4331,.T.);
#4331 = SURFACE_CURVE('',#4332,(#4336,#4343),.PCURVE_S1.);
#4332 = LINE('',#4333,#4334);
#4333 = CARTESIAN_POINT('',(116.49636757904,-15.53409378782,
    23.306575466888));
#4334 = VECTOR('',#4335,1.);
#4335 = DIRECTION('',(-0.145930463489,-0.946930129495,0.286404660717));
#4336 = PCURVE('',#4242,#4337);
#4337 = DEFINITIONAL_REPRESENTATION('',(#4338),#4342);
#4338 = LINE('',#4339,#4340);
#4339 = CARTESIAN_POINT('',(1.377057499406,-15.));
#4340 = VECTOR('',#4341,1.);
#4341 = DIRECTION('',(-1.,0.));
#4342 = ( GEOMETRIC_REPRESENTATION_CONTEXT(2) 
PARAMETRIC_REPRESENTATION_CONTEXT() REPRESENTATION_CONTEXT('2D SPACE',''
  ) );
#4343 = PCURVE('',#639,#4344);
#4344 = DEFINITIONAL_REPRESENTATION('',(#4345),#4349);
#4345 = LINE('',#4346,#4347);
#4346 = CARTESIAN_POINT('',(-41.47793093831,15.534093787829));
#4347 = VECTOR('',#4348,1.);
#4348 = DIRECTION('',(0.321439465303,0.946930129495));
#4349 = ( GEOMETRIC_REPRESENTATION_CONTEXT(2) 
PARAMETRIC_REPRESENTATION_CONTEXT() REPRESENTATION_CONTEXT('2D SPACE',''
  ) );
#4350 = ORIENTED_EDGE('',*,*,#4226,.F.);
#4351 = ADVANCED_FACE('',(#4352),#4318,.T.);
#4352 = FACE_BOUND('',#4353,.T.);
#4353 = EDGE_LOOP('',(#4354,#4377,#4405,#4426));
#4354 = ORIENTED_EDGE('',*,*,#4355,.T.);
#4355 = EDGE_CURVE('',#4280,#4356,#4358,.T.);
#4356 = VERTEX_POINT('',#4357);
#4357 = CARTESIAN_POINT('',(103.55665823369,-22.,20.067224526641));
#4358 = SURFACE_CURVE('',#4359,(#4363,#4370),.PCURVE_S1.);
#4359 = LINE('',#4360,#4361);
#4360 = CARTESIAN_POINT('',(103.82849808369,-20.78579687113,
    19.533708781226));
#4361 = VECTOR('',#4362,1.);
#4362 = DIRECTION('',(-0.200794863502,-0.896872741533,0.39408210856));
#4363 = PCURVE('',#4318,#4364);
#4364 = DEFINITIONAL_REPRESENTATION('',(#4365),#4369);
#4365 = LINE('',#4366,#4367);
#4366 = CARTESIAN_POINT('',(1.353818744436,-2.));
#4367 = VECTOR('',#4368,1.);
#4368 = DIRECTION('',(-1.,2.775557561563E-17));
#4369 = ( GEOMETRIC_REPRESENTATION_CONTEXT(2) 
PARAMETRIC_REPRESENTATION_CONTEXT() REPRESENTATION_CONTEXT('2D SPACE',''
  ) );
#4370 = PCURVE('',#515,#4371);
#4371 = DEFINITIONAL_REPRESENTATION('',(#4372),#4376);
#4372 = LINE('',#4373,#4374);
#4373 = CARTESIAN_POINT('',(-39.08848736729,20.785796871139));
#4374 = VECTOR('',#4375,1.);
#4375 = DIRECTION('',(0.442288690219,0.896872741533));
#4376 = ( GEOMETRIC_REPRESENTATION_CONTEXT(2) 
PARAMETRIC_REPRESENTATION_CONTEXT() REPRESENTATION_CONTEXT('2D SPACE',''
  ) );
#4377 = ORIENTED_EDGE('',*,*,#4378,.T.);
#4378 = EDGE_CURVE('',#4356,#4379,#4381,.T.);
#4379 = VERTEX_POINT('',#4380);
#4380 = CARTESIAN_POINT('',(115.13974304814,-22.,25.969101023255));
#4381 = SURFACE_CURVE('',#4382,(#4386,#4393),.PCURVE_S1.);
#4382 = LINE('',#4383,#4384);
#4383 = CARTESIAN_POINT('',(101.77464518532,-22.,19.159243527162));
#4384 = VECTOR('',#4385,1.);
#4385 = DIRECTION('',(0.891006524188,0.,0.45399049974));
#4386 = PCURVE('',#4318,#4387);
#4387 = DEFINITIONAL_REPRESENTATION('',(#4388),#4392);
#4388 = LINE('',#4389,#4390);
#4389 = CARTESIAN_POINT('',(0.,0.));
#4390 = VECTOR('',#4391,1.);
#4391 = DIRECTION('',(0.,-1.));
#4392 = ( GEOMETRIC_REPRESENTATION_CONTEXT(2) 
PARAMETRIC_REPRESENTATION_CONTEXT() REPRESENTATION_CONTEXT('2D SPACE',''
  ) );
#4393 = PCURVE('',#4394,#4399);
#4394 = PLANE('',#4395);
#4395 = AXIS2_PLACEMENT_3D('',#4396,#4397,#4398);
#4396 = CARTESIAN_POINT('',(100.32297842273,-26.78550287638,
    22.008299965903));
#4397 = DIRECTION('',(-0.377479304807,0.55557023302,0.740844849226));
#4398 = DIRECTION('',(0.252223607729,0.831469612303,-0.495016702265));
#4399 = DEFINITIONAL_REPRESENTATION('',(#4400),#4404);
#4400 = LINE('',#4401,#4402);
#4401 = CARTESIAN_POINT('',(5.755475372253,1.110223024625E-14));
#4402 = VECTOR('',#4403,1.);
#4403 = DIRECTION('',(-2.775557561563E-17,-1.));
#4404 = ( GEOMETRIC_REPRESENTATION_CONTEXT(2) 
PARAMETRIC_REPRESENTATION_CONTEXT() REPRESENTATION_CONTEXT('2D SPACE',''
  ) );
#4405 = ORIENTED_EDGE('',*,*,#4406,.F.);
#4406 = EDGE_CURVE('',#4303,#4379,#4407,.T.);
#4407 = SURFACE_CURVE('',#4408,(#4412,#4419),.PCURVE_S1.);
#4408 = LINE('',#4409,#4410);
#4409 = CARTESIAN_POINT('',(115.41158289814,-20.78579687113,
    25.43558527784));
#4410 = VECTOR('',#4411,1.);
#4411 = DIRECTION('',(-0.200794863502,-0.896872741533,0.39408210856));
#4412 = PCURVE('',#4318,#4413);
#4413 = DEFINITIONAL_REPRESENTATION('',(#4414),#4418);
#4414 = LINE('',#4415,#4416);
#4415 = CARTESIAN_POINT('',(1.353818744436,-15.));
#4416 = VECTOR('',#4417,1.);
#4417 = DIRECTION('',(-1.,2.775557561563E-17));
#4418 = ( GEOMETRIC_REPRESENTATION_CONTEXT(2) 
PARAMETRIC_REPRESENTATION_CONTEXT() REPRESENTATION_CONTEXT('2D SPACE',''
  ) );
#4419 = PCURVE('',#639,#4420);
#4420 = DEFINITIONAL_REPRESENTATION('',(#4421),#4425);
#4421 = LINE('',#4422,#4423);
#4422 = CARTESIAN_POINT('',(-39.08848736729,20.785796871139));
#4423 = VECTOR('',#4424,1.);
#4424 = DIRECTION('',(0.442288690219,0.896872741533));
#4425 = ( GEOMETRIC_REPRESENTATION_CONTEXT(2) 
PARAMETRIC_REPRESENTATION_CONTEXT() REPRESENTATION_CONTEXT('2D SPACE',''
  ) );
#4426 = ORIENTED_EDGE('',*,*,#4302,.F.);
#4427 = ADVANCED_FACE('',(#4428),#4394,.T.);
#4428 = FACE_BOUND('',#4429,.T.);
#4429 = EDGE_LOOP('',(#4430,#4453,#4481,#4502));
#4430 = ORIENTED_EDGE('',*,*,#4431,.T.);
#4431 = EDGE_CURVE('',#4356,#4432,#4434,.T.);
#4432 = VERTEX_POINT('',#4433);
#4433 = CARTESIAN_POINT('',(102.10499147111,-26.78550287638,
    22.916280965382));
#4434 = SURFACE_CURVE('',#4435,(#4439,#4446),.PCURVE_S1.);
#4435 = LINE('',#4436,#4437);
#4436 = CARTESIAN_POINT('',(102.44096219998,-25.67795606824,
    22.256901283361));
#4437 = VECTOR('',#4438,1.);
#4438 = DIRECTION('',(-0.252223607729,-0.831469612303,0.495016702265));
#4439 = PCURVE('',#4394,#4440);
#4440 = DEFINITIONAL_REPRESENTATION('',(#4441),#4445);
#4441 = LINE('',#4442,#4443);
#4442 = CARTESIAN_POINT('',(1.332035220233,-2.));
#4443 = VECTOR('',#4444,1.);
#4444 = DIRECTION('',(-1.,0.));
#4445 = ( GEOMETRIC_REPRESENTATION_CONTEXT(2) 
PARAMETRIC_REPRESENTATION_CONTEXT() REPRESENTATION_CONTEXT('2D SPACE',''
  ) );
#4446 = PCURVE('',#515,#4447);
#4447 = DEFINITIONAL_REPRESENTATION('',(#4448),#4452);
#4448 = LINE('',#4449,#4450);
#4449 = CARTESIAN_POINT('',(-36.03217697202,25.677956068243));
#4450 = VECTOR('',#4451,1.);
#4451 = DIRECTION('',(0.55557023302,0.831469612303));
#4452 = ( GEOMETRIC_REPRESENTATION_CONTEXT(2) 
PARAMETRIC_REPRESENTATION_CONTEXT() REPRESENTATION_CONTEXT('2D SPACE',''
  ) );
#4453 = ORIENTED_EDGE('',*,*,#4454,.T.);
#4454 = EDGE_CURVE('',#4432,#4455,#4457,.T.);
#4455 = VERTEX_POINT('',#4456);
#4456 = CARTESIAN_POINT('',(113.68807628556,-26.78550287638,
    28.818157461997));
#4457 = SURFACE_CURVE('',#4458,(#4462,#4469),.PCURVE_S1.);
#4458 = LINE('',#4459,#4460);
#4459 = CARTESIAN_POINT('',(100.32297842273,-26.78550287638,
    22.008299965903));
#4460 = VECTOR('',#4461,1.);
#4461 = DIRECTION('',(0.891006524188,0.,0.45399049974));
#4462 = PCURVE('',#4394,#4463);
#4463 = DEFINITIONAL_REPRESENTATION('',(#4464),#4468);
#4464 = LINE('',#4465,#4466);
#4465 = CARTESIAN_POINT('',(0.,0.));
#4466 = VECTOR('',#4467,1.);
#4467 = DIRECTION('',(-2.775557561563E-17,-1.));
#4468 = ( GEOMETRIC_REPRESENTATION_CONTEXT(2) 
PARAMETRIC_REPRESENTATION_CONTEXT() REPRESENTATION_CONTEXT('2D SPACE',''
  ) );
#4469 = PCURVE('',#4470,#4475);
#4470 = PLANE('',#4471);
#4471 = AXIS2_PLACEMENT_3D('',#4472,#4473,#4474);
#4472 = CARTESIAN_POINT('',(98.600153210111,-31.1126983722,
    25.389534827351));
#4473 = DIRECTION('',(-0.341328129921,0.6593458151,0.669894173608));
#4474 = DIRECTION('',(0.299336736098,0.751839807479,-0.58748142295));
#4475 = DEFINITIONAL_REPRESENTATION('',(#4476),#4480);
#4476 = LINE('',#4477,#4478);
#4477 = CARTESIAN_POINT('',(5.755475372253,-1.33226762955E-15));
#4478 = VECTOR('',#4479,1.);
#4479 = DIRECTION('',(0.,-1.));
#4480 = ( GEOMETRIC_REPRESENTATION_CONTEXT(2) 
PARAMETRIC_REPRESENTATION_CONTEXT() REPRESENTATION_CONTEXT('2D SPACE',''
  ) );
#4481 = ORIENTED_EDGE('',*,*,#4482,.F.);
#4482 = EDGE_CURVE('',#4379,#4455,#4483,.T.);
#4483 = SURFACE_CURVE('',#4484,(#4488,#4495),.PCURVE_S1.);
#4484 = LINE('',#4485,#4486);
#4485 = CARTESIAN_POINT('',(114.02404701443,-25.67795606824,
    28.158777779975));
#4486 = VECTOR('',#4487,1.);
#4487 = DIRECTION('',(-0.252223607729,-0.831469612303,0.495016702265));
#4488 = PCURVE('',#4394,#4489);
#4489 = DEFINITIONAL_REPRESENTATION('',(#4490),#4494);
#4490 = LINE('',#4491,#4492);
#4491 = CARTESIAN_POINT('',(1.332035220233,-15.));
#4492 = VECTOR('',#4493,1.);
#4493 = DIRECTION('',(-1.,0.));
#4494 = ( GEOMETRIC_REPRESENTATION_CONTEXT(2) 
PARAMETRIC_REPRESENTATION_CONTEXT() REPRESENTATION_CONTEXT('2D SPACE',''
  ) );
#4495 = PCURVE('',#639,#4496);
#4496 = DEFINITIONAL_REPRESENTATION('',(#4497),#4501);
#4497 = LINE('',#4498,#4499);
#4498 = CARTESIAN_POINT('',(-36.03217697202,25.677956068243));
#4499 = VECTOR('',#4500,1.);
#4500 = DIRECTION('',(0.55557023302,0.831469612303));
#4501 = ( GEOMETRIC_REPRESENTATION_CONTEXT(2) 
PARAMETRIC_REPRESENTATION_CONTEXT() REPRESENTATION_CONTEXT('2D SPACE',''
  ) );
#4502 = ORIENTED_EDGE('',*,*,#4378,.F.);
#4503 = ADVANCED_FACE('',(#4504),#4470,.T.);
#4504 = FACE_BOUND('',#4505,.T.);
#4505 = EDGE_LOOP('',(#4506,#4529,#4557,#4578));
#4506 = ORIENTED_EDGE('',*,*,#4507,.T.);
#4507 = EDGE_CURVE('',#4432,#4508,#4510,.T.);
#4508 = VERTEX_POINT('',#4509);
#4509 = CARTESIAN_POINT('',(100.38216625848,-31.1126983722,
    26.29751582683));
#4510 = SURFACE_CURVE('',#4511,(#4515,#4522),.PCURVE_S1.);
#4511 = LINE('',#4512,#4513);
#4512 = CARTESIAN_POINT('',(100.7749198981,-30.12622466155,
    25.526693407647));
#4513 = VECTOR('',#4514,1.);
#4514 = DIRECTION('',(-0.299336736098,-0.751839807479,0.58748142295));
#4515 = PCURVE('',#4470,#4516);
#4516 = DEFINITIONAL_REPRESENTATION('',(#4517),#4521);
#4517 = LINE('',#4518,#4519);
#4518 = CARTESIAN_POINT('',(1.312079648938,-2.));
#4519 = VECTOR('',#4520,1.);
#4520 = DIRECTION('',(-1.,0.));
#4521 = ( GEOMETRIC_REPRESENTATION_CONTEXT(2) 
PARAMETRIC_REPRESENTATION_CONTEXT() REPRESENTATION_CONTEXT('2D SPACE',''
  ) );
#4522 = PCURVE('',#515,#4523);
#4523 = DEFINITIONAL_REPRESENTATION('',(#4524),#4528);
#4524 = LINE('',#4525,#4526);
#4525 = CARTESIAN_POINT('',(-32.36240347932,30.126224661554));
#4526 = VECTOR('',#4527,1.);
#4527 = DIRECTION('',(0.6593458151,0.751839807479));
#4528 = ( GEOMETRIC_REPRESENTATION_CONTEXT(2) 
PARAMETRIC_REPRESENTATION_CONTEXT() REPRESENTATION_CONTEXT('2D SPACE',''
  ) );
#4529 = ORIENTED_EDGE('',*,*,#4530,.T.);
#4530 = EDGE_CURVE('',#4508,#4531,#4533,.T.);
#4531 = VERTEX_POINT('',#4532);
#4532 = CARTESIAN_POINT('',(111.96525107293,-31.1126983722,
    32.199392323444));
#4533 = SURFACE_CURVE('',#4534,(#4538,#4545),.PCURVE_S1.);
#4534 = LINE('',#4535,#4536);
#4535 = CARTESIAN_POINT('',(98.600153210111,-31.1126983722,
    25.389534827351));
#4536 = VECTOR('',#4537,1.);
#4537 = DIRECTION('',(0.891006524188,0.,0.45399049974));
#4538 = PCURVE('',#4470,#4539);
#4539 = DEFINITIONAL_REPRESENTATION('',(#4540),#4544);
#4540 = LINE('',#4541,#4542);
#4541 = CARTESIAN_POINT('',(0.,0.));
#4542 = VECTOR('',#4543,1.);
#4543 = DIRECTION('',(0.,-1.));
#4544 = ( GEOMETRIC_REPRESENTATION_CONTEXT(2) 
PARAMETRIC_REPRESENTATION_CONTEXT() REPRESENTATION_CONTEXT('2D SPACE',''
  ) );
#4545 = PCURVE('',#4546,#4551);
#4546 = PLANE('',#4547);
#4547 = AXIS2_PLACEMENT_3D('',#4548,#4549,#4550);
#4548 = CARTESIAN_POINT('',(96.635647564491,-34.90754697281,
    29.245094245569));
#4549 = DIRECTION('',(-0.299336736098,0.751839807479,0.58748142295));
#4550 = DIRECTION('',(0.341328129921,0.6593458151,-0.669894173608));
#4551 = DEFINITIONAL_REPRESENTATION('',(#4552),#4556);
#4552 = LINE('',#4553,#4554);
#4553 = CARTESIAN_POINT('',(5.755475372253,-8.881784197001E-15));
#4554 = VECTOR('',#4555,1.);
#4555 = DIRECTION('',(0.,-1.));
#4556 = ( GEOMETRIC_REPRESENTATION_CONTEXT(2) 
PARAMETRIC_REPRESENTATION_CONTEXT() REPRESENTATION_CONTEXT('2D SPACE',''
  ) );
#4557 = ORIENTED_EDGE('',*,*,#4558,.F.);
#4558 = EDGE_CURVE('',#4455,#4531,#4559,.T.);
#4559 = SURFACE_CURVE('',#4560,(#4564,#4571),.PCURVE_S1.);
#4560 = LINE('',#4561,#4562);
#4561 = CARTESIAN_POINT('',(112.35800471255,-30.12622466155,
    31.428569904262));
#4562 = VECTOR('',#4563,1.);
#4563 = DIRECTION('',(-0.299336736098,-0.751839807479,0.58748142295));
#4564 = PCURVE('',#4470,#4565);
#4565 = DEFINITIONAL_REPRESENTATION('',(#4566),#4570);
#4566 = LINE('',#4567,#4568);
#4567 = CARTESIAN_POINT('',(1.312079648938,-15.));
#4568 = VECTOR('',#4569,1.);
#4569 = DIRECTION('',(-1.,0.));
#4570 = ( GEOMETRIC_REPRESENTATION_CONTEXT(2) 
PARAMETRIC_REPRESENTATION_CONTEXT() REPRESENTATION_CONTEXT('2D SPACE',''
  ) );
#4571 = PCURVE('',#639,#4572);
#4572 = DEFINITIONAL_REPRESENTATION('',(#4573),#4577);
#4573 = LINE('',#4574,#4575);
#4574 = CARTESIAN_POINT('',(-32.36240347932,30.126224661554));
#4575 = VECTOR('',#4576,1.);
#4576 = DIRECTION('',(0.6593458151,0.751839807479));
#4577 = ( GEOMETRIC_REPRESENTATION_CONTEXT(2) 
PARAMETRIC_REPRESENTATION_CONTEXT() REPRESENTATION_CONTEXT('2D SPACE',''
  ) );
#4578 = ORIENTED_EDGE('',*,*,#4454,.F.);
#4579 = ADVANCED_FACE('',(#4580),#4546,.T.);
#4580 = FACE_BOUND('',#4581,.T.);
#4581 = EDGE_LOOP('',(#4582,#4605,#4633,#4654));
#4582 = ORIENTED_EDGE('',*,*,#4583,.T.);
#4583 = EDGE_CURVE('',#4508,#4584,#4586,.T.);
#4584 = VERTEX_POINT('',#4585);
#4585 = CARTESIAN_POINT('',(98.417660612868,-34.90754697281,
    30.153075245048));
#4586 = SURFACE_CURVE('',#4587,(#4591,#4598),.PCURVE_S1.);
#4587 = LINE('',#4588,#4589);
#4588 = CARTESIAN_POINT('',(98.859439384568,-34.05415998596,
    29.286035586599));
#4589 = VECTOR('',#4590,1.);
#4590 = DIRECTION('',(-0.341328129921,-0.6593458151,0.669894173608));
#4591 = PCURVE('',#4546,#4592);
#4592 = DEFINITIONAL_REPRESENTATION('',(#4593),#4597);
#4593 = LINE('',#4594,#4595);
#4594 = CARTESIAN_POINT('',(1.294293475906,-2.));
#4595 = VECTOR('',#4596,1.);
#4596 = DIRECTION('',(-1.,0.));
#4597 = ( GEOMETRIC_REPRESENTATION_CONTEXT(2) 
PARAMETRIC_REPRESENTATION_CONTEXT() REPRESENTATION_CONTEXT('2D SPACE',''
  ) );
#4598 = PCURVE('',#515,#4599);
#4599 = DEFINITIONAL_REPRESENTATION('',(#4600),#4604);
#4600 = LINE('',#4601,#4602);
#4601 = CARTESIAN_POINT('',(-28.14319511564,34.054159985965));
#4602 = VECTOR('',#4603,1.);
#4603 = DIRECTION('',(0.751839807479,0.6593458151));
#4604 = ( GEOMETRIC_REPRESENTATION_CONTEXT(2) 
PARAMETRIC_REPRESENTATION_CONTEXT() REPRESENTATION_CONTEXT('2D SPACE',''
  ) );
#4605 = ORIENTED_EDGE('',*,*,#4606,.T.);
#4606 = EDGE_CURVE('',#4584,#4607,#4609,.T.);
#4607 = VERTEX_POINT('',#4608);
#4608 = CARTESIAN_POINT('',(110.00074542731,-34.90754697281,
    36.054951741662));
#4609 = SURFACE_CURVE('',#4610,(#4614,#4621),.PCURVE_S1.);
#4610 = LINE('',#4611,#4612);
#4611 = CARTESIAN_POINT('',(96.635647564491,-34.90754697281,
    29.245094245569));
#4612 = VECTOR('',#4613,1.);
#4613 = DIRECTION('',(0.891006524188,0.,0.45399049974));
#4614 = PCURVE('',#4546,#4615);
#4615 = DEFINITIONAL_REPRESENTATION('',(#4616),#4620);
#4616 = LINE('',#4617,#4618);
#4617 = CARTESIAN_POINT('',(0.,0.));
#4618 = VECTOR('',#4619,1.);
#4619 = DIRECTION('',(0.,-1.));
#4620 = ( GEOMETRIC_REPRESENTATION_CONTEXT(2) 
PARAMETRIC_REPRESENTATION_CONTEXT() REPRESENTATION_CONTEXT('2D SPACE',''
  ) );
#4621 = PCURVE('',#4622,#4627);
#4622 = PLANE('',#4623);
#4623 = AXIS2_PLACEMENT_3D('',#4624,#4625,#4626);
#4624 = CARTESIAN_POINT('',(94.463074722136,-38.10511776651,
    33.509008529949));
#4625 = DIRECTION('',(-0.252223607729,0.831469612303,0.495016702265));
#4626 = DIRECTION('',(0.377479304807,0.55557023302,-0.740844849226));
#4627 = DEFINITIONAL_REPRESENTATION('',(#4628),#4632);
#4628 = LINE('',#4629,#4630);
#4629 = CARTESIAN_POINT('',(5.755475372253,1.287858708565E-14));
#4630 = VECTOR('',#4631,1.);
#4631 = DIRECTION('',(0.,-1.));
#4632 = ( GEOMETRIC_REPRESENTATION_CONTEXT(2) 
PARAMETRIC_REPRESENTATION_CONTEXT() REPRESENTATION_CONTEXT('2D SPACE',''
  ) );
#4633 = ORIENTED_EDGE('',*,*,#4634,.F.);
#4634 = EDGE_CURVE('',#4531,#4607,#4635,.T.);
#4635 = SURFACE_CURVE('',#4636,(#4640,#4647),.PCURVE_S1.);
#4636 = LINE('',#4637,#4638);
#4637 = CARTESIAN_POINT('',(110.44252419901,-34.05415998596,
    35.187912083213));
#4638 = VECTOR('',#4639,1.);
#4639 = DIRECTION('',(-0.341328129921,-0.6593458151,0.669894173608));
#4640 = PCURVE('',#4546,#4641);
#4641 = DEFINITIONAL_REPRESENTATION('',(#4642),#4646);
#4642 = LINE('',#4643,#4644);
#4643 = CARTESIAN_POINT('',(1.294293475906,-15.));
#4644 = VECTOR('',#4645,1.);
#4645 = DIRECTION('',(-1.,0.));
#4646 = ( GEOMETRIC_REPRESENTATION_CONTEXT(2) 
PARAMETRIC_REPRESENTATION_CONTEXT() REPRESENTATION_CONTEXT('2D SPACE',''
  ) );
#4647 = PCURVE('',#639,#4648);
#4648 = DEFINITIONAL_REPRESENTATION('',(#4649),#4653);
#4649 = LINE('',#4650,#4651);
#4650 = CARTESIAN_POINT('',(-28.14319511564,34.054159985965));
#4651 = VECTOR('',#4652,1.);
#4652 = DIRECTION('',(0.751839807479,0.6593458151));
#4653 = ( GEOMETRIC_REPRESENTATION_CONTEXT(2) 
PARAMETRIC_REPRESENTATION_CONTEXT() REPRESENTATION_CONTEXT('2D SPACE',''
  ) );
#4654 = ORIENTED_EDGE('',*,*,#4530,.F.);
#4655 = ADVANCED_FACE('',(#4656),#4622,.T.);
#4656 = FACE_BOUND('',#4657,.T.);
#4657 = EDGE_LOOP('',(#4658,#4681,#4709,#4730));
#4658 = ORIENTED_EDGE('',*,*,#4659,.T.);
#4659 = EDGE_CURVE('',#4584,#4660,#4662,.T.);
#4660 = VERTEX_POINT('',#4661);
#4661 = CARTESIAN_POINT('',(96.245087770513,-38.10511776651,
    34.416989529428));
#4662 = SURFACE_CURVE('',#4663,(#4667,#4674),.PCURVE_S1.);
#4663 = LINE('',#4664,#4665);
#4664 = CARTESIAN_POINT('',(96.727876639632,-37.39455397904,
    33.469463022954));
#4665 = VECTOR('',#4666,1.);
#4666 = DIRECTION('',(-0.377479304807,-0.55557023302,0.740844849226));
#4667 = PCURVE('',#4622,#4668);
#4668 = DEFINITIONAL_REPRESENTATION('',(#4669),#4673);
#4669 = LINE('',#4670,#4671);
#4670 = CARTESIAN_POINT('',(1.27898102749,-2.));
#4671 = VECTOR('',#4672,1.);
#4672 = DIRECTION('',(-1.,0.));
#4673 = ( GEOMETRIC_REPRESENTATION_CONTEXT(2) 
PARAMETRIC_REPRESENTATION_CONTEXT() REPRESENTATION_CONTEXT('2D SPACE',''
  ) );
#4674 = PCURVE('',#515,#4675);
#4675 = DEFINITIONAL_REPRESENTATION('',(#4676),#4680);
#4676 = LINE('',#4677,#4678);
#4677 = CARTESIAN_POINT('',(-23.44802474058,37.394553979045));
#4678 = VECTOR('',#4679,1.);
#4679 = DIRECTION('',(0.831469612303,0.55557023302));
#4680 = ( GEOMETRIC_REPRESENTATION_CONTEXT(2) 
PARAMETRIC_REPRESENTATION_CONTEXT() REPRESENTATION_CONTEXT('2D SPACE',''
  ) );
#4681 = ORIENTED_EDGE('',*,*,#4682,.T.);
#4682 = EDGE_CURVE('',#4660,#4683,#4685,.T.);
#4683 = VERTEX_POINT('',#4684);
#4684 = CARTESIAN_POINT('',(107.82817258496,-38.10511776651,
    40.318866026042));
#4685 = SURFACE_CURVE('',#4686,(#4690,#4697),.PCURVE_S1.);
#4686 = LINE('',#4687,#4688);
#4687 = CARTESIAN_POINT('',(94.463074722136,-38.10511776651,
    33.509008529949));
#4688 = VECTOR('',#4689,1.);
#4689 = DIRECTION('',(0.891006524188,0.,0.45399049974));
#4690 = PCURVE('',#4622,#4691);
#4691 = DEFINITIONAL_REPRESENTATION('',(#4692),#4696);
#4692 = LINE('',#4693,#4694);
#4693 = CARTESIAN_POINT('',(0.,0.));
#4694 = VECTOR('',#4695,1.);
#4695 = DIRECTION('',(0.,-1.));
#4696 = ( GEOMETRIC_REPRESENTATION_CONTEXT(2) 
PARAMETRIC_REPRESENTATION_CONTEXT() REPRESENTATION_CONTEXT('2D SPACE',''
  ) );
#4697 = PCURVE('',#4698,#4703);
#4698 = PLANE('',#4699);
#4699 = AXIS2_PLACEMENT_3D('',#4700,#4701,#4702);
#4700 = CARTESIAN_POINT('',(92.119608006731,-40.65069943049,
    38.108320924905));
#4701 = DIRECTION('',(-0.200794863502,0.896872741533,0.39408210856));
#4702 = DIRECTION('',(0.407171704131,0.442288690219,-0.799119464072));
#4703 = DEFINITIONAL_REPRESENTATION('',(#4704),#4708);
#4704 = LINE('',#4705,#4706);
#4705 = CARTESIAN_POINT('',(5.755475372253,-7.993605777301E-15));
#4706 = VECTOR('',#4707,1.);
#4707 = DIRECTION('',(5.551115123126E-17,-1.));
#4708 = ( GEOMETRIC_REPRESENTATION_CONTEXT(2) 
PARAMETRIC_REPRESENTATION_CONTEXT() REPRESENTATION_CONTEXT('2D SPACE',''
  ) );
#4709 = ORIENTED_EDGE('',*,*,#4710,.F.);
#4710 = EDGE_CURVE('',#4607,#4683,#4711,.T.);
#4711 = SURFACE_CURVE('',#4712,(#4716,#4723),.PCURVE_S1.);
#4712 = LINE('',#4713,#4714);
#4713 = CARTESIAN_POINT('',(108.31096145408,-37.39455397904,
    39.371339519568));
#4714 = VECTOR('',#4715,1.);
#4715 = DIRECTION('',(-0.377479304807,-0.55557023302,0.740844849226));
#4716 = PCURVE('',#4622,#4717);
#4717 = DEFINITIONAL_REPRESENTATION('',(#4718),#4722);
#4718 = LINE('',#4719,#4720);
#4719 = CARTESIAN_POINT('',(1.27898102749,-15.));
#4720 = VECTOR('',#4721,1.);
#4721 = DIRECTION('',(-1.,0.));
#4722 = ( GEOMETRIC_REPRESENTATION_CONTEXT(2) 
PARAMETRIC_REPRESENTATION_CONTEXT() REPRESENTATION_CONTEXT('2D SPACE',''
  ) );
#4723 = PCURVE('',#639,#4724);
#4724 = DEFINITIONAL_REPRESENTATION('',(#4725),#4729);
#4725 = LINE('',#4726,#4727);
#4726 = CARTESIAN_POINT('',(-23.44802474058,37.394553979045));
#4727 = VECTOR('',#4728,1.);
#4728 = DIRECTION('',(0.831469612303,0.55557023302));
#4729 = ( GEOMETRIC_REPRESENTATION_CONTEXT(2) 
PARAMETRIC_REPRESENTATION_CONTEXT() REPRESENTATION_CONTEXT('2D SPACE',''
  ) );
#4730 = ORIENTED_EDGE('',*,*,#4606,.F.);
#4731 = ADVANCED_FACE('',(#4732),#4698,.T.);
#4732 = FACE_BOUND('',#4733,.T.);
#4733 = EDGE_LOOP('',(#4734,#4757,#4785,#4806));
#4734 = ORIENTED_EDGE('',*,*,#4735,.T.);
#4735 = EDGE_CURVE('',#4660,#4736,#4738,.T.);
#4736 = VERTEX_POINT('',#4737);
#4737 = CARTESIAN_POINT('',(93.901621055108,-40.65069943049,
    39.016301924384));
#4738 = SURFACE_CURVE('',#4739,(#4743,#4750),.PCURVE_S1.);
#4739 = LINE('',#4740,#4741);
#4740 = CARTESIAN_POINT('',(94.417265053657,-40.09058312962,
    38.00429359573));
#4741 = VECTOR('',#4742,1.);
#4742 = DIRECTION('',(-0.407171704131,-0.442288690219,0.799119464072));
#4743 = PCURVE('',#4698,#4744);
#4744 = DEFINITIONAL_REPRESENTATION('',(#4745),#4749);
#4745 = LINE('',#4746,#4747);
#4746 = CARTESIAN_POINT('',(1.266404303928,-2.));
#4747 = VECTOR('',#4748,1.);
#4748 = DIRECTION('',(-1.,0.));
#4749 = ( GEOMETRIC_REPRESENTATION_CONTEXT(2) 
PARAMETRIC_REPRESENTATION_CONTEXT() REPRESENTATION_CONTEXT('2D SPACE',''
  ) );
#4750 = PCURVE('',#515,#4751);
#4751 = DEFINITIONAL_REPRESENTATION('',(#4752),#4756);
#4752 = LINE('',#4753,#4754);
#4753 = CARTESIAN_POINT('',(-18.35846540552,40.090583129625));
#4754 = VECTOR('',#4755,1.);
#4755 = DIRECTION('',(0.896872741533,0.442288690219));
#4756 = ( GEOMETRIC_REPRESENTATION_CONTEXT(2) 
PARAMETRIC_REPRESENTATION_CONTEXT() REPRESENTATION_CONTEXT('2D SPACE',''
  ) );
#4757 = ORIENTED_EDGE('',*,*,#4758,.T.);
#4758 = EDGE_CURVE('',#4736,#4759,#4761,.T.);
#4759 = VERTEX_POINT('',#4760);
#4760 = CARTESIAN_POINT('',(105.48470586955,-40.65069943049,
    44.918178420998));
#4761 = SURFACE_CURVE('',#4762,(#4766,#4773),.PCURVE_S1.);
#4762 = LINE('',#4763,#4764);
#4763 = CARTESIAN_POINT('',(92.119608006731,-40.65069943049,
    38.108320924905));
#4764 = VECTOR('',#4765,1.);
#4765 = DIRECTION('',(0.891006524188,0.,0.45399049974));
#4766 = PCURVE('',#4698,#4767);
#4767 = DEFINITIONAL_REPRESENTATION('',(#4768),#4772);
#4768 = LINE('',#4769,#4770);
#4769 = CARTESIAN_POINT('',(0.,0.));
#4770 = VECTOR('',#4771,1.);
#4771 = DIRECTION('',(5.551115123126E-17,-1.));
#4772 = ( GEOMETRIC_REPRESENTATION_CONTEXT(2) 
PARAMETRIC_REPRESENTATION_CONTEXT() REPRESENTATION_CONTEXT('2D SPACE',''
  ) );
#4773 = PCURVE('',#4774,#4779);
#4774 = PLANE('',#4775);
#4775 = AXIS2_PLACEMENT_3D('',#4776,#4777,#4778);
#4776 = CARTESIAN_POINT('',(89.645344783508,-42.50073635671,
    42.964335920189));
#4777 = DIRECTION('',(-0.145930463489,0.946930129495,0.286404660717));
#4778 = DIRECTION('',(0.429897282708,0.321439465303,-0.843720923331));
#4779 = DEFINITIONAL_REPRESENTATION('',(#4780),#4784);
#4780 = LINE('',#4781,#4782);
#4781 = CARTESIAN_POINT('',(5.755475372253,6.217248937901E-15));
#4782 = VECTOR('',#4783,1.);
#4783 = DIRECTION('',(0.,-1.));
#4784 = ( GEOMETRIC_REPRESENTATION_CONTEXT(2) 
PARAMETRIC_REPRESENTATION_CONTEXT() REPRESENTATION_CONTEXT('2D SPACE',''
  ) );
#4785 = ORIENTED_EDGE('',*,*,#4786,.F.);
#4786 = EDGE_CURVE('',#4683,#4759,#4787,.T.);
#4787 = SURFACE_CURVE('',#4788,(#4792,#4799),.PCURVE_S1.);
#4788 = LINE('',#4789,#4790);
#4789 = CARTESIAN_POINT('',(106.0003498681,-40.09058312962,
    43.906170092344));
#4790 = VECTOR('',#4791,1.);
#4791 = DIRECTION('',(-0.407171704131,-0.442288690219,0.799119464072));
#4792 = PCURVE('',#4698,#4793);
#4793 = DEFINITIONAL_REPRESENTATION('',(#4794),#4798);
#4794 = LINE('',#4795,#4796);
#4795 = CARTESIAN_POINT('',(1.266404303928,-15.));
#4796 = VECTOR('',#4797,1.);
#4797 = DIRECTION('',(-1.,0.));
#4798 = ( GEOMETRIC_REPRESENTATION_CONTEXT(2) 
PARAMETRIC_REPRESENTATION_CONTEXT() REPRESENTATION_CONTEXT('2D SPACE',''
  ) );
#4799 = PCURVE('',#639,#4800);
#4800 = DEFINITIONAL_REPRESENTATION('',(#4801),#4805);
#4801 = LINE('',#4802,#4803);
#4802 = CARTESIAN_POINT('',(-18.35846540552,40.090583129625));
#4803 = VECTOR('',#4804,1.);
#4804 = DIRECTION('',(0.896872741533,0.442288690219));
#4805 = ( GEOMETRIC_REPRESENTATION_CONTEXT(2) 
PARAMETRIC_REPRESENTATION_CONTEXT() REPRESENTATION_CONTEXT('2D SPACE',''
  ) );
#4806 = ORIENTED_EDGE('',*,*,#4682,.F.);
#4807 = ADVANCED_FACE('',(#4808),#4774,.T.);
#4808 = FACE_BOUND('',#4809,.T.);
#4809 = EDGE_LOOP('',(#4810,#4833,#4856,#4877));
#4810 = ORIENTED_EDGE('',*,*,#4811,.T.);
#4811 = EDGE_CURVE('',#4736,#4812,#4814,.T.);
#4812 = VERTEX_POINT('',#4813);
#4813 = CARTESIAN_POINT('',(91.427357831884,-42.50073635671,
    43.872316919668));
#4814 = SURFACE_CURVE('',#4815,(#4819,#4826),.PCURVE_S1.);
#4815 = LINE('',#4816,#4817);
#4816 = CARTESIAN_POINT('',(91.967643492472,-42.09675814881,
    42.811946606224));
#4817 = VECTOR('',#4818,1.);
#4818 = DIRECTION('',(-0.429897282708,-0.321439465303,0.843720923331));
#4819 = PCURVE('',#4774,#4820);
#4820 = DEFINITIONAL_REPRESENTATION('',(#4821),#4825);
#4821 = LINE('',#4822,#4823);
#4822 = CARTESIAN_POINT('',(1.256778496446,-2.));
#4823 = VECTOR('',#4824,1.);
#4824 = DIRECTION('',(-1.,0.));
#4825 = ( GEOMETRIC_REPRESENTATION_CONTEXT(2) 
PARAMETRIC_REPRESENTATION_CONTEXT() REPRESENTATION_CONTEXT('2D SPACE',''
  ) );
#4826 = PCURVE('',#515,#4827);
#4827 = DEFINITIONAL_REPRESENTATION('',(#4828),#4832);
#4828 = LINE('',#4829,#4830);
#4829 = CARTESIAN_POINT('',(-12.96271029041,42.096758148817));
#4830 = VECTOR('',#4831,1.);
#4831 = DIRECTION('',(0.946930129495,0.321439465303));
#4832 = ( GEOMETRIC_REPRESENTATION_CONTEXT(2) 
PARAMETRIC_REPRESENTATION_CONTEXT() REPRESENTATION_CONTEXT('2D SPACE',''
  ) );
#4833 = ORIENTED_EDGE('',*,*,#4834,.T.);
#4834 = EDGE_CURVE('',#4812,#4835,#4837,.T.);
#4835 = VERTEX_POINT('',#4836);
#4836 = CARTESIAN_POINT('',(103.01044264633,-42.50073635671,
    49.774193416282));
#4837 = SURFACE_CURVE('',#4838,(#4842,#4849),.PCURVE_S1.);
#4838 = LINE('',#4839,#4840);
#4839 = CARTESIAN_POINT('',(89.645344783508,-42.50073635671,
    42.964335920189));
#4840 = VECTOR('',#4841,1.);
#4841 = DIRECTION('',(0.891006524188,0.,0.45399049974));
#4842 = PCURVE('',#4774,#4843);
#4843 = DEFINITIONAL_REPRESENTATION('',(#4844),#4848);
#4844 = LINE('',#4845,#4846);
#4845 = CARTESIAN_POINT('',(0.,0.));
#4846 = VECTOR('',#4847,1.);
#4847 = DIRECTION('',(0.,-1.));
#4848 = ( GEOMETRIC_REPRESENTATION_CONTEXT(2) 
PARAMETRIC_REPRESENTATION_CONTEXT() REPRESENTATION_CONTEXT('2D SPACE',''
  ) );
#4849 = PCURVE('',#936,#4850);
#4850 = DEFINITIONAL_REPRESENTATION('',(#4851),#4855);
#4851 = LINE('',#4852,#4853);
#4852 = CARTESIAN_POINT('',(5.755475372253,-8.5));
#4853 = VECTOR('',#4854,1.);
#4854 = DIRECTION('',(5.551115123126E-17,-1.));
#4855 = ( GEOMETRIC_REPRESENTATION_CONTEXT(2) 
PARAMETRIC_REPRESENTATION_CONTEXT() REPRESENTATION_CONTEXT('2D SPACE',''
  ) );
#4856 = ORIENTED_EDGE('',*,*,#4857,.F.);
#4857 = EDGE_CURVE('',#4759,#4835,#4858,.T.);
#4858 = SURFACE_CURVE('',#4859,(#4863,#4870),.PCURVE_S1.);
#4859 = LINE('',#4860,#4861);
#4860 = CARTESIAN_POINT('',(103.55072830692,-42.09675814881,
    48.713823102838));
#4861 = VECTOR('',#4862,1.);
#4862 = DIRECTION('',(-0.429897282708,-0.321439465303,0.843720923331));
#4863 = PCURVE('',#4774,#4864);
#4864 = DEFINITIONAL_REPRESENTATION('',(#4865),#4869);
#4865 = LINE('',#4866,#4867);
#4866 = CARTESIAN_POINT('',(1.256778496446,-15.));
#4867 = VECTOR('',#4868,1.);
#4868 = DIRECTION('',(-1.,0.));
#4869 = ( GEOMETRIC_REPRESENTATION_CONTEXT(2) 
PARAMETRIC_REPRESENTATION_CONTEXT() REPRESENTATION_CONTEXT('2D SPACE',''
  ) );
#4870 = PCURVE('',#639,#4871);
#4871 = DEFINITIONAL_REPRESENTATION('',(#4872),#4876);
#4872 = LINE('',#4873,#4874);
#4873 = CARTESIAN_POINT('',(-12.96271029041,42.096758148817));
#4874 = VECTOR('',#4875,1.);
#4875 = DIRECTION('',(0.946930129495,0.321439465303));
#4876 = ( GEOMETRIC_REPRESENTATION_CONTEXT(2) 
PARAMETRIC_REPRESENTATION_CONTEXT() REPRESENTATION_CONTEXT('2D SPACE',''
  ) );
#4877 = ORIENTED_EDGE('',*,*,#4758,.F.);
#4878 = ADVANCED_FACE('',(#4879),#547,.F.);
#4879 = FACE_BOUND('',#4880,.F.);
#4880 = EDGE_LOOP('',(#4881,#4904,#4932,#4955,#4976));
#4881 = ORIENTED_EDGE('',*,*,#4882,.F.);
#4882 = EDGE_CURVE('',#4883,#494,#4885,.T.);
#4883 = VERTEX_POINT('',#4884);
#4884 = CARTESIAN_POINT('',(89.101664035527,47.589353345943,
    48.436747996986));
#4885 = SURFACE_CURVE('',#4886,(#4890,#4897),.PCURVE_S1.);
#4886 = LINE('',#4887,#4888);
#4887 = CARTESIAN_POINT('',(89.101664035527,47.589353345943,
    48.436747996986));
#4888 = VECTOR('',#4889,1.);
#4889 = DIRECTION('',(-0.453018471231,6.540312923014E-02,0.889098810825)
  );
#4890 = PCURVE('',#547,#4891);
#4891 = DEFINITIONAL_REPRESENTATION('',(#4892),#4896);
#4892 = LINE('',#4893,#4894);
#4893 = CARTESIAN_POINT('',(0.,0.));
#4894 = VECTOR('',#4895,1.);
#4895 = DIRECTION('',(1.,5.551115123126E-17));
#4896 = ( GEOMETRIC_REPRESENTATION_CONTEXT(2) 
PARAMETRIC_REPRESENTATION_CONTEXT() REPRESENTATION_CONTEXT('2D SPACE',''
  ) );
#4897 = PCURVE('',#515,#4898);
#4898 = DEFINITIONAL_REPRESENTATION('',(#4899),#4903);
#4899 = LINE('',#4900,#4901);
#4900 = CARTESIAN_POINT('',(-6.649848108075,-47.58935334594));
#4901 = VECTOR('',#4902,1.);
#4902 = DIRECTION('',(0.997858923239,-6.540312923014E-02));
#4903 = ( GEOMETRIC_REPRESENTATION_CONTEXT(2) 
PARAMETRIC_REPRESENTATION_CONTEXT() REPRESENTATION_CONTEXT('2D SPACE',''
  ) );
#4904 = ORIENTED_EDGE('',*,*,#4905,.T.);
#4905 = EDGE_CURVE('',#4883,#4906,#4908,.T.);
#4906 = VERTEX_POINT('',#4907);
#4907 = CARTESIAN_POINT('',(100.68474884997,47.589353345943,
    54.3386244936));
#4908 = SURFACE_CURVE('',#4909,(#4913,#4920),.PCURVE_S1.);
#4909 = LINE('',#4910,#4911);
#4910 = CARTESIAN_POINT('',(89.101664035527,47.589353345943,
    48.436747996986));
#4911 = VECTOR('',#4912,1.);
#4912 = DIRECTION('',(0.891006524188,0.,0.45399049974));
#4913 = PCURVE('',#547,#4914);
#4914 = DEFINITIONAL_REPRESENTATION('',(#4915),#4919);
#4915 = LINE('',#4916,#4917);
#4916 = CARTESIAN_POINT('',(0.,0.));
#4917 = VECTOR('',#4918,1.);
#4918 = DIRECTION('',(-5.551115123126E-17,-1.));
#4919 = ( GEOMETRIC_REPRESENTATION_CONTEXT(2) 
PARAMETRIC_REPRESENTATION_CONTEXT() REPRESENTATION_CONTEXT('2D SPACE',''
  ) );
#4920 = PCURVE('',#4921,#4926);
#4921 = PLANE('',#4922);
#4922 = AXIS2_PLACEMENT_3D('',#4923,#4924,#4925);
#4923 = CARTESIAN_POINT('',(91.897363382397,46.364439661875,
    42.949879088586));
#4924 = DIRECTION('',(-8.856915278645E-02,-0.980785280403,0.173826749722
    ));
#4925 = DIRECTION('',(-0.445267199587,0.195090322016,0.873886083667));
#4926 = DEFINITIONAL_REPRESENTATION('',(#4927),#4931);
#4927 = LINE('',#4928,#4929);
#4928 = CARTESIAN_POINT('',(6.278700406094,9.325873406851E-15));
#4929 = VECTOR('',#4930,1.);
#4930 = DIRECTION('',(-5.551115123126E-17,-1.));
#4931 = ( GEOMETRIC_REPRESENTATION_CONTEXT(2) 
PARAMETRIC_REPRESENTATION_CONTEXT() REPRESENTATION_CONTEXT('2D SPACE',''
  ) );
#4932 = ORIENTED_EDGE('',*,*,#4933,.T.);
#4933 = EDGE_CURVE('',#4906,#4934,#4936,.T.);
#4934 = VERTEX_POINT('',#4935);
#4935 = CARTESIAN_POINT('',(97.840381590692,48.,59.921009558186));
#4936 = SURFACE_CURVE('',#4937,(#4941,#4948),.PCURVE_S1.);
#4937 = LINE('',#4938,#4939);
#4938 = CARTESIAN_POINT('',(100.68474884997,47.589353345943,
    54.3386244936));
#4939 = VECTOR('',#4940,1.);
#4940 = DIRECTION('',(-0.453018471231,6.540312923014E-02,0.889098810825)
  );
#4941 = PCURVE('',#547,#4942);
#4942 = DEFINITIONAL_REPRESENTATION('',(#4943),#4947);
#4943 = LINE('',#4944,#4945);
#4944 = CARTESIAN_POINT('',(0.,-13.));
#4945 = VECTOR('',#4946,1.);
#4946 = DIRECTION('',(1.,5.551115123126E-17));
#4947 = ( GEOMETRIC_REPRESENTATION_CONTEXT(2) 
PARAMETRIC_REPRESENTATION_CONTEXT() REPRESENTATION_CONTEXT('2D SPACE',''
  ) );
#4948 = PCURVE('',#639,#4949);
#4949 = DEFINITIONAL_REPRESENTATION('',(#4950),#4954);
#4950 = LINE('',#4951,#4952);
#4951 = CARTESIAN_POINT('',(-6.649848108075,-47.58935334594));
#4952 = VECTOR('',#4953,1.);
#4953 = DIRECTION('',(0.997858923239,-6.540312923014E-02));
#4954 = ( GEOMETRIC_REPRESENTATION_CONTEXT(2) 
PARAMETRIC_REPRESENTATION_CONTEXT() REPRESENTATION_CONTEXT('2D SPACE',''
  ) );
#4955 = ORIENTED_EDGE('',*,*,#4956,.F.);
#4956 = EDGE_CURVE('',#528,#4934,#4957,.T.);
#4957 = SURFACE_CURVE('',#4958,(#4962,#4969),.PCURVE_S1.);
#4958 = LINE('',#4959,#4960);
#4959 = CARTESIAN_POINT('',(86.257296776243,48.,54.019133061572));
#4960 = VECTOR('',#4961,1.);
#4961 = DIRECTION('',(0.891006524188,0.,0.45399049974));
#4962 = PCURVE('',#547,#4963);
#4963 = DEFINITIONAL_REPRESENTATION('',(#4964),#4968);
#4964 = LINE('',#4965,#4966);
#4965 = CARTESIAN_POINT('',(6.278700406094,3.10862446895E-15));
#4966 = VECTOR('',#4967,1.);
#4967 = DIRECTION('',(-5.551115123126E-17,-1.));
#4968 = ( GEOMETRIC_REPRESENTATION_CONTEXT(2) 
PARAMETRIC_REPRESENTATION_CONTEXT() REPRESENTATION_CONTEXT('2D SPACE',''
  ) );
#4969 = PCURVE('',#574,#4970);
#4970 = DEFINITIONAL_REPRESENTATION('',(#4971),#4975);
#4971 = LINE('',#4972,#4973);
#4972 = CARTESIAN_POINT('',(0.,0.));
#4973 = VECTOR('',#4974,1.);
#4974 = DIRECTION('',(0.,-1.));
#4975 = ( GEOMETRIC_REPRESENTATION_CONTEXT(2) 
PARAMETRIC_REPRESENTATION_CONTEXT() REPRESENTATION_CONTEXT('2D SPACE',''
  ) );
#4976 = ORIENTED_EDGE('',*,*,#527,.F.);
#4977 = ADVANCED_FACE('',(#4978),#4921,.F.);
#4978 = FACE_BOUND('',#4979,.F.);
#4979 = EDGE_LOOP('',(#4980,#5010,#5031,#5032));
#4980 = ORIENTED_EDGE('',*,*,#4981,.T.);
#4981 = EDGE_CURVE('',#4982,#4984,#4986,.T.);
#4982 = VERTEX_POINT('',#4983);
#4983 = CARTESIAN_POINT('',(91.897363382397,46.364439661875,
    42.949879088586));
#4984 = VERTEX_POINT('',#4985);
#4985 = CARTESIAN_POINT('',(103.48044819684,46.364439661875,
    48.8517555852));
#4986 = SURFACE_CURVE('',#4987,(#4991,#4998),.PCURVE_S1.);
#4987 = LINE('',#4988,#4989);
#4988 = CARTESIAN_POINT('',(91.897363382397,46.364439661875,
    42.949879088586));
#4989 = VECTOR('',#4990,1.);
#4990 = DIRECTION('',(0.891006524188,0.,0.45399049974));
#4991 = PCURVE('',#4921,#4992);
#4992 = DEFINITIONAL_REPRESENTATION('',(#4993),#4997);
#4993 = LINE('',#4994,#4995);
#4994 = CARTESIAN_POINT('',(0.,0.));
#4995 = VECTOR('',#4996,1.);
#4996 = DIRECTION('',(-5.551115123126E-17,-1.));
#4997 = ( GEOMETRIC_REPRESENTATION_CONTEXT(2) 
PARAMETRIC_REPRESENTATION_CONTEXT() REPRESENTATION_CONTEXT('2D SPACE',''
  ) );
#4998 = PCURVE('',#4999,#5004);
#4999 = PLANE('',#5000);
#5000 = AXIS2_PLACEMENT_3D('',#5001,#5002,#5003);
#5001 = CARTESIAN_POINT('',(94.596559625914,44.346217560542,
    37.652408184639));
#5002 = DIRECTION('',(-0.145930463489,-0.946930129495,0.286404660717));
#5003 = DIRECTION('',(-0.429897282708,0.321439465303,0.843720923331));
#5004 = DEFINITIONAL_REPRESENTATION('',(#5005),#5009);
#5005 = LINE('',#5006,#5007);
#5006 = CARTESIAN_POINT('',(6.278700406094,-8.881784197001E-15));
#5007 = VECTOR('',#5008,1.);
#5008 = DIRECTION('',(0.,-1.));
#5009 = ( GEOMETRIC_REPRESENTATION_CONTEXT(2) 
PARAMETRIC_REPRESENTATION_CONTEXT() REPRESENTATION_CONTEXT('2D SPACE',''
  ) );
#5010 = ORIENTED_EDGE('',*,*,#5011,.T.);
#5011 = EDGE_CURVE('',#4984,#4906,#5012,.T.);
#5012 = SURFACE_CURVE('',#5013,(#5017,#5024),.PCURVE_S1.);
#5013 = LINE('',#5014,#5015);
#5014 = CARTESIAN_POINT('',(103.48044819684,46.364439661875,
    48.8517555852));
#5015 = VECTOR('',#5016,1.);
#5016 = DIRECTION('',(-0.445267199587,0.195090322016,0.873886083667));
#5017 = PCURVE('',#4921,#5018);
#5018 = DEFINITIONAL_REPRESENTATION('',(#5019),#5023);
#5019 = LINE('',#5020,#5021);
#5020 = CARTESIAN_POINT('',(7.105427357601E-15,-13.));
#5021 = VECTOR('',#5022,1.);
#5022 = DIRECTION('',(1.,5.551115123126E-17));
#5023 = ( GEOMETRIC_REPRESENTATION_CONTEXT(2) 
PARAMETRIC_REPRESENTATION_CONTEXT() REPRESENTATION_CONTEXT('2D SPACE',''
  ) );
#5024 = PCURVE('',#639,#5025);
#5025 = DEFINITIONAL_REPRESENTATION('',(#5026),#5030);
#5026 = LINE('',#5027,#5028);
#5027 = CARTESIAN_POINT('',(-12.80790504643,-46.36443966187));
#5028 = VECTOR('',#5029,1.);
#5029 = DIRECTION('',(0.980785280403,-0.195090322016));
#5030 = ( GEOMETRIC_REPRESENTATION_CONTEXT(2) 
PARAMETRIC_REPRESENTATION_CONTEXT() REPRESENTATION_CONTEXT('2D SPACE',''
  ) );
#5031 = ORIENTED_EDGE('',*,*,#4905,.F.);
#5032 = ORIENTED_EDGE('',*,*,#5033,.F.);
#5033 = EDGE_CURVE('',#4982,#4883,#5034,.T.);
#5034 = SURFACE_CURVE('',#5035,(#5039,#5046),.PCURVE_S1.);
#5035 = LINE('',#5036,#5037);
#5036 = CARTESIAN_POINT('',(91.897363382397,46.364439661875,
    42.949879088586));
#5037 = VECTOR('',#5038,1.);
#5038 = DIRECTION('',(-0.445267199587,0.195090322016,0.873886083667));
#5039 = PCURVE('',#4921,#5040);
#5040 = DEFINITIONAL_REPRESENTATION('',(#5041),#5045);
#5041 = LINE('',#5042,#5043);
#5042 = CARTESIAN_POINT('',(0.,0.));
#5043 = VECTOR('',#5044,1.);
#5044 = DIRECTION('',(1.,5.551115123126E-17));
#5045 = ( GEOMETRIC_REPRESENTATION_CONTEXT(2) 
PARAMETRIC_REPRESENTATION_CONTEXT() REPRESENTATION_CONTEXT('2D SPACE',''
  ) );
#5046 = PCURVE('',#515,#5047);
#5047 = DEFINITIONAL_REPRESENTATION('',(#5048),#5052);
#5048 = LINE('',#5049,#5050);
#5049 = CARTESIAN_POINT('',(-12.80790504643,-46.36443966187));
#5050 = VECTOR('',#5051,1.);
#5051 = DIRECTION('',(0.980785280403,-0.195090322016));
#5052 = ( GEOMETRIC_REPRESENTATION_CONTEXT(2) 
PARAMETRIC_REPRESENTATION_CONTEXT() REPRESENTATION_CONTEXT('2D SPACE',''
  ) );
#5053 = ADVANCED_FACE('',(#5054),#4999,.F.);
#5054 = FACE_BOUND('',#5055,.F.);
#5055 = EDGE_LOOP('',(#5056,#5086,#5107,#5108));
#5056 = ORIENTED_EDGE('',*,*,#5057,.T.);
#5057 = EDGE_CURVE('',#5058,#5060,#5062,.T.);
#5058 = VERTEX_POINT('',#5059);
#5059 = CARTESIAN_POINT('',(94.596559625914,44.346217560542,
    37.652408184639));
#5060 = VERTEX_POINT('',#5061);
#5061 = CARTESIAN_POINT('',(106.17964444036,44.346217560542,
    43.554284681254));
#5062 = SURFACE_CURVE('',#5063,(#5067,#5074),.PCURVE_S1.);
#5063 = LINE('',#5064,#5065);
#5064 = CARTESIAN_POINT('',(94.596559625914,44.346217560542,
    37.652408184639));
#5065 = VECTOR('',#5066,1.);
#5066 = DIRECTION('',(0.891006524188,0.,0.45399049974));
#5067 = PCURVE('',#4999,#5068);
#5068 = DEFINITIONAL_REPRESENTATION('',(#5069),#5073);
#5069 = LINE('',#5070,#5071);
#5070 = CARTESIAN_POINT('',(0.,0.));
#5071 = VECTOR('',#5072,1.);
#5072 = DIRECTION('',(0.,-1.));
#5073 = ( GEOMETRIC_REPRESENTATION_CONTEXT(2) 
PARAMETRIC_REPRESENTATION_CONTEXT() REPRESENTATION_CONTEXT('2D SPACE',''
  ) );
#5074 = PCURVE('',#5075,#5080);
#5075 = PLANE('',#5076);
#5076 = AXIS2_PLACEMENT_3D('',#5077,#5078,#5079);
#5077 = CARTESIAN_POINT('',(97.153068769992,41.569219381653,
    32.634976481051));
#5078 = DIRECTION('',(-0.200794863502,-0.896872741533,0.39408210856));
#5079 = DIRECTION('',(-0.407171704131,0.442288690219,0.799119464072));
#5080 = DEFINITIONAL_REPRESENTATION('',(#5081),#5085);
#5081 = LINE('',#5082,#5083);
#5082 = CARTESIAN_POINT('',(6.278700406094,5.773159728051E-15));
#5083 = VECTOR('',#5084,1.);
#5084 = DIRECTION('',(5.551115123126E-17,-1.));
#5085 = ( GEOMETRIC_REPRESENTATION_CONTEXT(2) 
PARAMETRIC_REPRESENTATION_CONTEXT() REPRESENTATION_CONTEXT('2D SPACE',''
  ) );
#5086 = ORIENTED_EDGE('',*,*,#5087,.T.);
#5087 = EDGE_CURVE('',#5060,#4984,#5088,.T.);
#5088 = SURFACE_CURVE('',#5089,(#5093,#5100),.PCURVE_S1.);
#5089 = LINE('',#5090,#5091);
#5090 = CARTESIAN_POINT('',(106.17964444036,44.346217560542,
    43.554284681254));
#5091 = VECTOR('',#5092,1.);
#5092 = DIRECTION('',(-0.429897282708,0.321439465303,0.843720923331));
#5093 = PCURVE('',#4999,#5094);
#5094 = DEFINITIONAL_REPRESENTATION('',(#5095),#5099);
#5095 = LINE('',#5096,#5097);
#5096 = CARTESIAN_POINT('',(0.,-13.));
#5097 = VECTOR('',#5098,1.);
#5098 = DIRECTION('',(1.,0.));
#5099 = ( GEOMETRIC_REPRESENTATION_CONTEXT(2) 
PARAMETRIC_REPRESENTATION_CONTEXT() REPRESENTATION_CONTEXT('2D SPACE',''
  ) );
#5100 = PCURVE('',#639,#5101);
#5101 = DEFINITIONAL_REPRESENTATION('',(#5102),#5106);
#5102 = LINE('',#5103,#5104);
#5103 = CARTESIAN_POINT('',(-18.75339563503,-44.34621756054));
#5104 = VECTOR('',#5105,1.);
#5105 = DIRECTION('',(0.946930129495,-0.321439465303));
#5106 = ( GEOMETRIC_REPRESENTATION_CONTEXT(2) 
PARAMETRIC_REPRESENTATION_CONTEXT() REPRESENTATION_CONTEXT('2D SPACE',''
  ) );
#5107 = ORIENTED_EDGE('',*,*,#4981,.F.);
#5108 = ORIENTED_EDGE('',*,*,#5109,.F.);
#5109 = EDGE_CURVE('',#5058,#4982,#5110,.T.);
#5110 = SURFACE_CURVE('',#5111,(#5115,#5122),.PCURVE_S1.);
#5111 = LINE('',#5112,#5113);
#5112 = CARTESIAN_POINT('',(94.596559625914,44.346217560542,
    37.652408184639));
#5113 = VECTOR('',#5114,1.);
#5114 = DIRECTION('',(-0.429897282708,0.321439465303,0.843720923331));
#5115 = PCURVE('',#4999,#5116);
#5116 = DEFINITIONAL_REPRESENTATION('',(#5117),#5121);
#5117 = LINE('',#5118,#5119);
#5118 = CARTESIAN_POINT('',(0.,0.));
#5119 = VECTOR('',#5120,1.);
#5120 = DIRECTION('',(1.,0.));
#5121 = ( GEOMETRIC_REPRESENTATION_CONTEXT(2) 
PARAMETRIC_REPRESENTATION_CONTEXT() REPRESENTATION_CONTEXT('2D SPACE',''
  ) );
#5122 = PCURVE('',#515,#5123);
#5123 = DEFINITIONAL_REPRESENTATION('',(#5124),#5128);
#5124 = LINE('',#5125,#5126);
#5125 = CARTESIAN_POINT('',(-18.75339563503,-44.34621756054));
#5126 = VECTOR('',#5127,1.);
#5127 = DIRECTION('',(0.946930129495,-0.321439465303));
#5128 = ( GEOMETRIC_REPRESENTATION_CONTEXT(2) 
PARAMETRIC_REPRESENTATION_CONTEXT() REPRESENTATION_CONTEXT('2D SPACE',''
  ) );
#5129 = ADVANCED_FACE('',(#5130),#5075,.F.);
#5130 = FACE_BOUND('',#5131,.F.);
#5131 = EDGE_LOOP('',(#5132,#5162,#5183,#5184));
#5132 = ORIENTED_EDGE('',*,*,#5133,.T.);
#5133 = EDGE_CURVE('',#5134,#5136,#5138,.T.);
#5134 = VERTEX_POINT('',#5135);
#5135 = CARTESIAN_POINT('',(97.153068769992,41.569219381653,
    32.634976481051));
#5136 = VERTEX_POINT('',#5137);
#5137 = CARTESIAN_POINT('',(108.73615358444,41.569219381653,
    38.536852977665));
#5138 = SURFACE_CURVE('',#5139,(#5143,#5150),.PCURVE_S1.);
#5139 = LINE('',#5140,#5141);
#5140 = CARTESIAN_POINT('',(97.153068769992,41.569219381653,
    32.634976481051));
#5141 = VECTOR('',#5142,1.);
#5142 = DIRECTION('',(0.891006524188,0.,0.45399049974));
#5143 = PCURVE('',#5075,#5144);
#5144 = DEFINITIONAL_REPRESENTATION('',(#5145),#5149);
#5145 = LINE('',#5146,#5147);
#5146 = CARTESIAN_POINT('',(0.,0.));
#5147 = VECTOR('',#5148,1.);
#5148 = DIRECTION('',(5.551115123126E-17,-1.));
#5149 = ( GEOMETRIC_REPRESENTATION_CONTEXT(2) 
PARAMETRIC_REPRESENTATION_CONTEXT() REPRESENTATION_CONTEXT('2D SPACE',''
  ) );
#5150 = PCURVE('',#5151,#5156);
#5151 = PLANE('',#5152);
#5152 = AXIS2_PLACEMENT_3D('',#5153,#5154,#5155);
#5153 = CARTESIAN_POINT('',(99.523148234379,38.080960333979,
    27.983433625364));
#5154 = DIRECTION('',(-0.252223607729,-0.831469612303,0.495016702265));
#5155 = DIRECTION('',(-0.377479304807,0.55557023302,0.740844849226));
#5156 = DEFINITIONAL_REPRESENTATION('',(#5157),#5161);
#5157 = LINE('',#5158,#5159);
#5158 = CARTESIAN_POINT('',(6.278700406094,8.881784197001E-16));
#5159 = VECTOR('',#5160,1.);
#5160 = DIRECTION('',(0.,-1.));
#5161 = ( GEOMETRIC_REPRESENTATION_CONTEXT(2) 
PARAMETRIC_REPRESENTATION_CONTEXT() REPRESENTATION_CONTEXT('2D SPACE',''
  ) );
#5162 = ORIENTED_EDGE('',*,*,#5163,.T.);
#5163 = EDGE_CURVE('',#5136,#5060,#5164,.T.);
#5164 = SURFACE_CURVE('',#5165,(#5169,#5176),.PCURVE_S1.);
#5165 = LINE('',#5166,#5167);
#5166 = CARTESIAN_POINT('',(108.73615358444,41.569219381653,
    38.536852977665));
#5167 = VECTOR('',#5168,1.);
#5168 = DIRECTION('',(-0.407171704131,0.442288690219,0.799119464072));
#5169 = PCURVE('',#5075,#5170);
#5170 = DEFINITIONAL_REPRESENTATION('',(#5171),#5175);
#5171 = LINE('',#5172,#5173);
#5172 = CARTESIAN_POINT('',(8.881784197001E-16,-13.));
#5173 = VECTOR('',#5174,1.);
#5174 = DIRECTION('',(1.,0.));
#5175 = ( GEOMETRIC_REPRESENTATION_CONTEXT(2) 
PARAMETRIC_REPRESENTATION_CONTEXT() REPRESENTATION_CONTEXT('2D SPACE',''
  ) );
#5176 = PCURVE('',#639,#5177);
#5177 = DEFINITIONAL_REPRESENTATION('',(#5178),#5182);
#5178 = LINE('',#5179,#5180);
#5179 = CARTESIAN_POINT('',(-24.38459088151,-41.56921938165));
#5180 = VECTOR('',#5181,1.);
#5181 = DIRECTION('',(0.896872741533,-0.442288690219));
#5182 = ( GEOMETRIC_REPRESENTATION_CONTEXT(2) 
PARAMETRIC_REPRESENTATION_CONTEXT() REPRESENTATION_CONTEXT('2D SPACE',''
  ) );
#5183 = ORIENTED_EDGE('',*,*,#5057,.F.);
#5184 = ORIENTED_EDGE('',*,*,#5185,.F.);
#5185 = EDGE_CURVE('',#5134,#5058,#5186,.T.);
#5186 = SURFACE_CURVE('',#5187,(#5191,#5198),.PCURVE_S1.);
#5187 = LINE('',#5188,#5189);
#5188 = CARTESIAN_POINT('',(97.153068769992,41.569219381653,
    32.634976481051));
#5189 = VECTOR('',#5190,1.);
#5190 = DIRECTION('',(-0.407171704131,0.442288690219,0.799119464072));
#5191 = PCURVE('',#5075,#5192);
#5192 = DEFINITIONAL_REPRESENTATION('',(#5193),#5197);
#5193 = LINE('',#5194,#5195);
#5194 = CARTESIAN_POINT('',(0.,0.));
#5195 = VECTOR('',#5196,1.);
#5196 = DIRECTION('',(1.,0.));
#5197 = ( GEOMETRIC_REPRESENTATION_CONTEXT(2) 
PARAMETRIC_REPRESENTATION_CONTEXT() REPRESENTATION_CONTEXT('2D SPACE',''
  ) );
#5198 = PCURVE('',#515,#5199);
#5199 = DEFINITIONAL_REPRESENTATION('',(#5200),#5204);
#5200 = LINE('',#5201,#5202);
#5201 = CARTESIAN_POINT('',(-24.38459088151,-41.56921938165));
#5202 = VECTOR('',#5203,1.);
#5203 = DIRECTION('',(0.896872741533,-0.442288690219));
#5204 = ( GEOMETRIC_REPRESENTATION_CONTEXT(2) 
PARAMETRIC_REPRESENTATION_CONTEXT() REPRESENTATION_CONTEXT('2D SPACE',''
  ) );
#5205 = ADVANCED_FACE('',(#5206),#5151,.F.);
#5206 = FACE_BOUND('',#5207,.F.);
#5207 = EDGE_LOOP('',(#5208,#5238,#5259,#5260));
#5208 = ORIENTED_EDGE('',*,*,#5209,.T.);
#5209 = EDGE_CURVE('',#5210,#5212,#5214,.T.);
#5210 = VERTEX_POINT('',#5211);
#5211 = CARTESIAN_POINT('',(99.523148234379,38.080960333979,
    27.983433625364));
#5212 = VERTEX_POINT('',#5213);
#5213 = CARTESIAN_POINT('',(111.10623304882,38.080960333979,
    33.885310121978));
#5214 = SURFACE_CURVE('',#5215,(#5219,#5226),.PCURVE_S1.);
#5215 = LINE('',#5216,#5217);
#5216 = CARTESIAN_POINT('',(99.523148234379,38.080960333979,
    27.983433625364));
#5217 = VECTOR('',#5218,1.);
#5218 = DIRECTION('',(0.891006524188,0.,0.45399049974));
#5219 = PCURVE('',#5151,#5220);
#5220 = DEFINITIONAL_REPRESENTATION('',(#5221),#5225);
#5221 = LINE('',#5222,#5223);
#5222 = CARTESIAN_POINT('',(0.,0.));
#5223 = VECTOR('',#5224,1.);
#5224 = DIRECTION('',(0.,-1.));
#5225 = ( GEOMETRIC_REPRESENTATION_CONTEXT(2) 
PARAMETRIC_REPRESENTATION_CONTEXT() REPRESENTATION_CONTEXT('2D SPACE',''
  ) );
#5226 = PCURVE('',#5227,#5232);
#5227 = PLANE('',#5228);
#5228 = AXIS2_PLACEMENT_3D('',#5229,#5230,#5231);
#5229 = CARTESIAN_POINT('',(101.66624530232,33.941125496954,
    23.777368805489));
#5230 = DIRECTION('',(-0.299336736098,-0.751839807479,0.58748142295));
#5231 = DIRECTION('',(-0.341328129921,0.6593458151,0.669894173608));
#5232 = DEFINITIONAL_REPRESENTATION('',(#5233),#5237);
#5233 = LINE('',#5234,#5235);
#5234 = CARTESIAN_POINT('',(6.278700406094,-1.310063169058E-14));
#5235 = VECTOR('',#5236,1.);
#5236 = DIRECTION('',(0.,-1.));
#5237 = ( GEOMETRIC_REPRESENTATION_CONTEXT(2) 
PARAMETRIC_REPRESENTATION_CONTEXT() REPRESENTATION_CONTEXT('2D SPACE',''
  ) );
#5238 = ORIENTED_EDGE('',*,*,#5239,.T.);
#5239 = EDGE_CURVE('',#5212,#5136,#5240,.T.);
#5240 = SURFACE_CURVE('',#5241,(#5245,#5252),.PCURVE_S1.);
#5241 = LINE('',#5242,#5243);
#5242 = CARTESIAN_POINT('',(111.10623304882,38.080960333979,
    33.885310121978));
#5243 = VECTOR('',#5244,1.);
#5244 = DIRECTION('',(-0.377479304807,0.55557023302,0.740844849226));
#5245 = PCURVE('',#5151,#5246);
#5246 = DEFINITIONAL_REPRESENTATION('',(#5247),#5251);
#5247 = LINE('',#5248,#5249);
#5248 = CARTESIAN_POINT('',(5.329070518201E-15,-13.));
#5249 = VECTOR('',#5250,1.);
#5250 = DIRECTION('',(1.,0.));
#5251 = ( GEOMETRIC_REPRESENTATION_CONTEXT(2) 
PARAMETRIC_REPRESENTATION_CONTEXT() REPRESENTATION_CONTEXT('2D SPACE',''
  ) );
#5252 = PCURVE('',#639,#5253);
#5253 = DEFINITIONAL_REPRESENTATION('',(#5254),#5258);
#5254 = LINE('',#5255,#5256);
#5255 = CARTESIAN_POINT('',(-29.60513947393,-38.08096033397));
#5256 = VECTOR('',#5257,1.);
#5257 = DIRECTION('',(0.831469612303,-0.55557023302));
#5258 = ( GEOMETRIC_REPRESENTATION_CONTEXT(2) 
PARAMETRIC_REPRESENTATION_CONTEXT() REPRESENTATION_CONTEXT('2D SPACE',''
  ) );
#5259 = ORIENTED_EDGE('',*,*,#5133,.F.);
#5260 = ORIENTED_EDGE('',*,*,#5261,.F.);
#5261 = EDGE_CURVE('',#5210,#5134,#5262,.T.);
#5262 = SURFACE_CURVE('',#5263,(#5267,#5274),.PCURVE_S1.);
#5263 = LINE('',#5264,#5265);
#5264 = CARTESIAN_POINT('',(99.523148234379,38.080960333979,
    27.983433625364));
#5265 = VECTOR('',#5266,1.);
#5266 = DIRECTION('',(-0.377479304807,0.55557023302,0.740844849226));
#5267 = PCURVE('',#5151,#5268);
#5268 = DEFINITIONAL_REPRESENTATION('',(#5269),#5273);
#5269 = LINE('',#5270,#5271);
#5270 = CARTESIAN_POINT('',(0.,0.));
#5271 = VECTOR('',#5272,1.);
#5272 = DIRECTION('',(1.,0.));
#5273 = ( GEOMETRIC_REPRESENTATION_CONTEXT(2) 
PARAMETRIC_REPRESENTATION_CONTEXT() REPRESENTATION_CONTEXT('2D SPACE',''
  ) );
#5274 = PCURVE('',#515,#5275);
#5275 = DEFINITIONAL_REPRESENTATION('',(#5276),#5280);
#5276 = LINE('',#5277,#5278);
#5277 = CARTESIAN_POINT('',(-29.60513947393,-38.08096033397));
#5278 = VECTOR('',#5279,1.);
#5279 = DIRECTION('',(0.831469612303,-0.55557023302));
#5280 = ( GEOMETRIC_REPRESENTATION_CONTEXT(2) 
PARAMETRIC_REPRESENTATION_CONTEXT() REPRESENTATION_CONTEXT('2D SPACE',''
  ) );
#5281 = ADVANCED_FACE('',(#5282),#5227,.F.);
#5282 = FACE_BOUND('',#5283,.F.);
#5283 = EDGE_LOOP('',(#5284,#5314,#5335,#5336));
#5284 = ORIENTED_EDGE('',*,*,#5285,.T.);
#5285 = EDGE_CURVE('',#5286,#5288,#5290,.T.);
#5286 = VERTEX_POINT('',#5287);
#5287 = CARTESIAN_POINT('',(101.66624530232,33.941125496954,
    23.777368805489));
#5288 = VERTEX_POINT('',#5289);
#5289 = CARTESIAN_POINT('',(113.24933011677,33.941125496954,
    29.679245302104));
#5290 = SURFACE_CURVE('',#5291,(#5295,#5302),.PCURVE_S1.);
#5291 = LINE('',#5292,#5293);
#5292 = CARTESIAN_POINT('',(101.66624530232,33.941125496954,
    23.777368805489));
#5293 = VECTOR('',#5294,1.);
#5294 = DIRECTION('',(0.891006524188,0.,0.45399049974));
#5295 = PCURVE('',#5227,#5296);
#5296 = DEFINITIONAL_REPRESENTATION('',(#5297),#5301);
#5297 = LINE('',#5298,#5299);
#5298 = CARTESIAN_POINT('',(0.,0.));
#5299 = VECTOR('',#5300,1.);
#5300 = DIRECTION('',(0.,-1.));
#5301 = ( GEOMETRIC_REPRESENTATION_CONTEXT(2) 
PARAMETRIC_REPRESENTATION_CONTEXT() REPRESENTATION_CONTEXT('2D SPACE',''
  ) );
#5302 = PCURVE('',#5303,#5308);
#5303 = PLANE('',#5304);
#5304 = AXIS2_PLACEMENT_3D('',#5305,#5306,#5307);
#5305 = CARTESIAN_POINT('',(103.54569098882,29.220548592419,
    20.088748956638));
#5306 = DIRECTION('',(-0.341328129921,-0.6593458151,0.669894173608));
#5307 = DIRECTION('',(-0.299336736098,0.751839807479,0.58748142295));
#5308 = DEFINITIONAL_REPRESENTATION('',(#5309),#5313);
#5309 = LINE('',#5310,#5311);
#5310 = CARTESIAN_POINT('',(6.278700406094,9.325873406851E-15));
#5311 = VECTOR('',#5312,1.);
#5312 = DIRECTION('',(5.551115123126E-17,-1.));
#5313 = ( GEOMETRIC_REPRESENTATION_CONTEXT(2) 
PARAMETRIC_REPRESENTATION_CONTEXT() REPRESENTATION_CONTEXT('2D SPACE',''
  ) );
#5314 = ORIENTED_EDGE('',*,*,#5315,.T.);
#5315 = EDGE_CURVE('',#5288,#5212,#5316,.T.);
#5316 = SURFACE_CURVE('',#5317,(#5321,#5328),.PCURVE_S1.);
#5317 = LINE('',#5318,#5319);
#5318 = CARTESIAN_POINT('',(113.24933011677,33.941125496954,
    29.679245302104));
#5319 = VECTOR('',#5320,1.);
#5320 = DIRECTION('',(-0.341328129921,0.6593458151,0.669894173608));
#5321 = PCURVE('',#5227,#5322);
#5322 = DEFINITIONAL_REPRESENTATION('',(#5323),#5327);
#5323 = LINE('',#5324,#5325);
#5324 = CARTESIAN_POINT('',(4.440892098501E-16,-13.));
#5325 = VECTOR('',#5326,1.);
#5326 = DIRECTION('',(1.,0.));
#5327 = ( GEOMETRIC_REPRESENTATION_CONTEXT(2) 
PARAMETRIC_REPRESENTATION_CONTEXT() REPRESENTATION_CONTEXT('2D SPACE',''
  ) );
#5328 = PCURVE('',#639,#5329);
#5329 = DEFINITIONAL_REPRESENTATION('',(#5330),#5334);
#5330 = LINE('',#5331,#5332);
#5331 = CARTESIAN_POINT('',(-34.32571637846,-33.94112549695));
#5332 = VECTOR('',#5333,1.);
#5333 = DIRECTION('',(0.751839807479,-0.6593458151));
#5334 = ( GEOMETRIC_REPRESENTATION_CONTEXT(2) 
PARAMETRIC_REPRESENTATION_CONTEXT() REPRESENTATION_CONTEXT('2D SPACE',''
  ) );
#5335 = ORIENTED_EDGE('',*,*,#5209,.F.);
#5336 = ORIENTED_EDGE('',*,*,#5337,.F.);
#5337 = EDGE_CURVE('',#5286,#5210,#5338,.T.);
#5338 = SURFACE_CURVE('',#5339,(#5343,#5350),.PCURVE_S1.);
#5339 = LINE('',#5340,#5341);
#5340 = CARTESIAN_POINT('',(101.66624530232,33.941125496954,
    23.777368805489));
#5341 = VECTOR('',#5342,1.);
#5342 = DIRECTION('',(-0.341328129921,0.6593458151,0.669894173608));
#5343 = PCURVE('',#5227,#5344);
#5344 = DEFINITIONAL_REPRESENTATION('',(#5345),#5349);
#5345 = LINE('',#5346,#5347);
#5346 = CARTESIAN_POINT('',(0.,0.));
#5347 = VECTOR('',#5348,1.);
#5348 = DIRECTION('',(1.,0.));
#5349 = ( GEOMETRIC_REPRESENTATION_CONTEXT(2) 
PARAMETRIC_REPRESENTATION_CONTEXT() REPRESENTATION_CONTEXT('2D SPACE',''
  ) );
#5350 = PCURVE('',#515,#5351);
#5351 = DEFINITIONAL_REPRESENTATION('',(#5352),#5356);
#5352 = LINE('',#5353,#5354);
#5353 = CARTESIAN_POINT('',(-34.32571637846,-33.94112549695));
#5354 = VECTOR('',#5355,1.);
#5355 = DIRECTION('',(0.751839807479,-0.6593458151));
#5356 = ( GEOMETRIC_REPRESENTATION_CONTEXT(2) 
PARAMETRIC_REPRESENTATION_CONTEXT() REPRESENTATION_CONTEXT('2D SPACE',''
  ) );
#5357 = ADVANCED_FACE('',(#5358),#5303,.F.);
#5358 = FACE_BOUND('',#5359,.F.);
#5359 = EDGE_LOOP('',(#5360,#5390,#5411,#5412));
#5360 = ORIENTED_EDGE('',*,*,#5361,.T.);
#5361 = EDGE_CURVE('',#5362,#5364,#5366,.T.);
#5362 = VERTEX_POINT('',#5363);
#5363 = CARTESIAN_POINT('',(103.54569098882,29.220548592419,
    20.088748956638));
#5364 = VERTEX_POINT('',#5365);
#5365 = CARTESIAN_POINT('',(115.12877580327,29.220548592419,
    25.990625453252));
#5366 = SURFACE_CURVE('',#5367,(#5371,#5378),.PCURVE_S1.);
#5367 = LINE('',#5368,#5369);
#5368 = CARTESIAN_POINT('',(103.54569098882,29.220548592419,
    20.088748956638));
#5369 = VECTOR('',#5370,1.);
#5370 = DIRECTION('',(0.891006524188,0.,0.45399049974));
#5371 = PCURVE('',#5303,#5372);
#5372 = DEFINITIONAL_REPRESENTATION('',(#5373),#5377);
#5373 = LINE('',#5374,#5375);
#5374 = CARTESIAN_POINT('',(0.,0.));
#5375 = VECTOR('',#5376,1.);
#5376 = DIRECTION('',(5.551115123126E-17,-1.));
#5377 = ( GEOMETRIC_REPRESENTATION_CONTEXT(2) 
PARAMETRIC_REPRESENTATION_CONTEXT() REPRESENTATION_CONTEXT('2D SPACE',''
  ) );
#5378 = PCURVE('',#5379,#5384);
#5379 = PLANE('',#5380);
#5380 = AXIS2_PLACEMENT_3D('',#5381,#5382,#5383);
#5381 = CARTESIAN_POINT('',(105.1293274571,24.,16.980687387101));
#5382 = DIRECTION('',(-0.377479304807,-0.55557023302,0.740844849226));
#5383 = DIRECTION('',(-0.252223607729,0.831469612303,0.495016702265));
#5384 = DEFINITIONAL_REPRESENTATION('',(#5385),#5389);
#5385 = LINE('',#5386,#5387);
#5386 = CARTESIAN_POINT('',(6.278700406094,-8.215650382226E-15));
#5387 = VECTOR('',#5388,1.);
#5388 = DIRECTION('',(0.,-1.));
#5389 = ( GEOMETRIC_REPRESENTATION_CONTEXT(2) 
PARAMETRIC_REPRESENTATION_CONTEXT() REPRESENTATION_CONTEXT('2D SPACE',''
  ) );
#5390 = ORIENTED_EDGE('',*,*,#5391,.T.);
#5391 = EDGE_CURVE('',#5364,#5288,#5392,.T.);
#5392 = SURFACE_CURVE('',#5393,(#5397,#5404),.PCURVE_S1.);
#5393 = LINE('',#5394,#5395);
#5394 = CARTESIAN_POINT('',(115.12877580327,29.220548592419,
    25.990625453252));
#5395 = VECTOR('',#5396,1.);
#5396 = DIRECTION('',(-0.299336736098,0.751839807479,0.58748142295));
#5397 = PCURVE('',#5303,#5398);
#5398 = DEFINITIONAL_REPRESENTATION('',(#5399),#5403);
#5399 = LINE('',#5400,#5401);
#5400 = CARTESIAN_POINT('',(4.440892098501E-16,-13.));
#5401 = VECTOR('',#5402,1.);
#5402 = DIRECTION('',(1.,0.));
#5403 = ( GEOMETRIC_REPRESENTATION_CONTEXT(2) 
PARAMETRIC_REPRESENTATION_CONTEXT() REPRESENTATION_CONTEXT('2D SPACE',''
  ) );
#5404 = PCURVE('',#639,#5405);
#5405 = DEFINITIONAL_REPRESENTATION('',(#5406),#5410);
#5406 = LINE('',#5407,#5408);
#5407 = CARTESIAN_POINT('',(-38.46555121549,-29.22054859241));
#5408 = VECTOR('',#5409,1.);
#5409 = DIRECTION('',(0.6593458151,-0.751839807479));
#5410 = ( GEOMETRIC_REPRESENTATION_CONTEXT(2) 
PARAMETRIC_REPRESENTATION_CONTEXT() REPRESENTATION_CONTEXT('2D SPACE',''
  ) );
#5411 = ORIENTED_EDGE('',*,*,#5285,.F.);
#5412 = ORIENTED_EDGE('',*,*,#5413,.F.);
#5413 = EDGE_CURVE('',#5362,#5286,#5414,.T.);
#5414 = SURFACE_CURVE('',#5415,(#5419,#5426),.PCURVE_S1.);
#5415 = LINE('',#5416,#5417);
#5416 = CARTESIAN_POINT('',(103.54569098882,29.220548592419,
    20.088748956638));
#5417 = VECTOR('',#5418,1.);
#5418 = DIRECTION('',(-0.299336736098,0.751839807479,0.58748142295));
#5419 = PCURVE('',#5303,#5420);
#5420 = DEFINITIONAL_REPRESENTATION('',(#5421),#5425);
#5421 = LINE('',#5422,#5423);
#5422 = CARTESIAN_POINT('',(0.,0.));
#5423 = VECTOR('',#5424,1.);
#5424 = DIRECTION('',(1.,0.));
#5425 = ( GEOMETRIC_REPRESENTATION_CONTEXT(2) 
PARAMETRIC_REPRESENTATION_CONTEXT() REPRESENTATION_CONTEXT('2D SPACE',''
  ) );
#5426 = PCURVE('',#515,#5427);
#5427 = DEFINITIONAL_REPRESENTATION('',(#5428),#5432);
#5428 = LINE('',#5429,#5430);
#5429 = CARTESIAN_POINT('',(-38.46555121549,-29.22054859241));
#5430 = VECTOR('',#5431,1.);
#5431 = DIRECTION('',(0.6593458151,-0.751839807479));
#5432 = ( GEOMETRIC_REPRESENTATION_CONTEXT(2) 
PARAMETRIC_REPRESENTATION_CONTEXT() REPRESENTATION_CONTEXT('2D SPACE',''
  ) );
#5433 = ADVANCED_FACE('',(#5434),#5379,.F.);
#5434 = FACE_BOUND('',#5435,.F.);
#5435 = EDGE_LOOP('',(#5436,#5466,#5487,#5488));
#5436 = ORIENTED_EDGE('',*,*,#5437,.T.);
#5437 = EDGE_CURVE('',#5438,#5440,#5442,.T.);
#5438 = VERTEX_POINT('',#5439);
#5439 = CARTESIAN_POINT('',(105.1293274571,24.,16.980687387101));
#5440 = VERTEX_POINT('',#5441);
#5441 = CARTESIAN_POINT('',(116.71241227155,24.,22.882563883716));
#5442 = SURFACE_CURVE('',#5443,(#5447,#5454),.PCURVE_S1.);
#5443 = LINE('',#5444,#5445);
#5444 = CARTESIAN_POINT('',(105.1293274571,24.,16.980687387101));
#5445 = VECTOR('',#5446,1.);
#5446 = DIRECTION('',(0.891006524188,0.,0.45399049974));
#5447 = PCURVE('',#5379,#5448);
#5448 = DEFINITIONAL_REPRESENTATION('',(#5449),#5453);
#5449 = LINE('',#5450,#5451);
#5450 = CARTESIAN_POINT('',(0.,0.));
#5451 = VECTOR('',#5452,1.);
#5452 = DIRECTION('',(0.,-1.));
#5453 = ( GEOMETRIC_REPRESENTATION_CONTEXT(2) 
PARAMETRIC_REPRESENTATION_CONTEXT() REPRESENTATION_CONTEXT('2D SPACE',''
  ) );
#5454 = PCURVE('',#5455,#5460);
#5455 = PLANE('',#5456);
#5456 = AXIS2_PLACEMENT_3D('',#5457,#5458,#5459);
#5457 = CARTESIAN_POINT('',(106.39005824811,18.368804753524,
    14.506363892052));
#5458 = DIRECTION('',(-0.407171704131,-0.442288690219,0.799119464072));
#5459 = DIRECTION('',(-0.200794863502,0.896872741533,0.39408210856));
#5460 = DEFINITIONAL_REPRESENTATION('',(#5461),#5465);
#5461 = LINE('',#5462,#5463);
#5462 = CARTESIAN_POINT('',(6.278700406094,1.310063169058E-14));
#5463 = VECTOR('',#5464,1.);
#5464 = DIRECTION('',(0.,-1.));
#5465 = ( GEOMETRIC_REPRESENTATION_CONTEXT(2) 
PARAMETRIC_REPRESENTATION_CONTEXT() REPRESENTATION_CONTEXT('2D SPACE',''
  ) );
#5466 = ORIENTED_EDGE('',*,*,#5467,.T.);
#5467 = EDGE_CURVE('',#5440,#5364,#5468,.T.);
#5468 = SURFACE_CURVE('',#5469,(#5473,#5480),.PCURVE_S1.);
#5469 = LINE('',#5470,#5471);
#5470 = CARTESIAN_POINT('',(116.71241227155,24.,22.882563883716));
#5471 = VECTOR('',#5472,1.);
#5472 = DIRECTION('',(-0.252223607729,0.831469612303,0.495016702265));
#5473 = PCURVE('',#5379,#5474);
#5474 = DEFINITIONAL_REPRESENTATION('',(#5475),#5479);
#5475 = LINE('',#5476,#5477);
#5476 = CARTESIAN_POINT('',(4.440892098501E-16,-13.));
#5477 = VECTOR('',#5478,1.);
#5478 = DIRECTION('',(1.,-2.775557561563E-17));
#5479 = ( GEOMETRIC_REPRESENTATION_CONTEXT(2) 
PARAMETRIC_REPRESENTATION_CONTEXT() REPRESENTATION_CONTEXT('2D SPACE',''
  ) );
#5480 = PCURVE('',#639,#5481);
#5481 = DEFINITIONAL_REPRESENTATION('',(#5482),#5486);
#5482 = LINE('',#5483,#5484);
#5483 = CARTESIAN_POINT('',(-41.95381026316,-24.));
#5484 = VECTOR('',#5485,1.);
#5485 = DIRECTION('',(0.55557023302,-0.831469612303));
#5486 = ( GEOMETRIC_REPRESENTATION_CONTEXT(2) 
PARAMETRIC_REPRESENTATION_CONTEXT() REPRESENTATION_CONTEXT('2D SPACE',''
  ) );
#5487 = ORIENTED_EDGE('',*,*,#5361,.F.);
#5488 = ORIENTED_EDGE('',*,*,#5489,.F.);
#5489 = EDGE_CURVE('',#5438,#5362,#5490,.T.);
#5490 = SURFACE_CURVE('',#5491,(#5495,#5502),.PCURVE_S1.);
#5491 = LINE('',#5492,#5493);
#5492 = CARTESIAN_POINT('',(105.1293274571,24.,16.980687387101));
#5493 = VECTOR('',#5494,1.);
#5494 = DIRECTION('',(-0.252223607729,0.831469612303,0.495016702265));
#5495 = PCURVE('',#5379,#5496);
#5496 = DEFINITIONAL_REPRESENTATION('',(#5497),#5501);
#5497 = LINE('',#5498,#5499);
#5498 = CARTESIAN_POINT('',(0.,0.));
#5499 = VECTOR('',#5500,1.);
#5500 = DIRECTION('',(1.,-2.775557561563E-17));
#5501 = ( GEOMETRIC_REPRESENTATION_CONTEXT(2) 
PARAMETRIC_REPRESENTATION_CONTEXT() REPRESENTATION_CONTEXT('2D SPACE',''
  ) );
#5502 = PCURVE('',#515,#5503);
#5503 = DEFINITIONAL_REPRESENTATION('',(#5504),#5508);
#5504 = LINE('',#5505,#5506);
#5505 = CARTESIAN_POINT('',(-41.95381026316,-24.));
#5506 = VECTOR('',#5507,1.);
#5507 = DIRECTION('',(0.55557023302,-0.831469612303));
#5508 = ( GEOMETRIC_REPRESENTATION_CONTEXT(2) 
PARAMETRIC_REPRESENTATION_CONTEXT() REPRESENTATION_CONTEXT('2D SPACE',''
  ) );
#5509 = ADVANCED_FACE('',(#5510),#5455,.F.);
#5510 = FACE_BOUND('',#5511,.F.);
#5511 = EDGE_LOOP('',(#5512,#5542,#5563,#5564));
#5512 = ORIENTED_EDGE('',*,*,#5513,.T.);
#5513 = EDGE_CURVE('',#5514,#5516,#5518,.T.);
#5514 = VERTEX_POINT('',#5515);
#5515 = CARTESIAN_POINT('',(106.39005824811,18.368804753524,
    14.506363892052));
#5516 = VERTEX_POINT('',#5517);
#5517 = CARTESIAN_POINT('',(117.97314306256,18.368804753524,
    20.408240388667));
#5518 = SURFACE_CURVE('',#5519,(#5523,#5530),.PCURVE_S1.);
#5519 = LINE('',#5520,#5521);
#5520 = CARTESIAN_POINT('',(106.39005824811,18.368804753524,
    14.506363892052));
#5521 = VECTOR('',#5522,1.);
#5522 = DIRECTION('',(0.891006524188,0.,0.45399049974));
#5523 = PCURVE('',#5455,#5524);
#5524 = DEFINITIONAL_REPRESENTATION('',(#5525),#5529);
#5525 = LINE('',#5526,#5527);
#5526 = CARTESIAN_POINT('',(0.,0.));
#5527 = VECTOR('',#5528,1.);
#5528 = DIRECTION('',(0.,-1.));
#5529 = ( GEOMETRIC_REPRESENTATION_CONTEXT(2) 
PARAMETRIC_REPRESENTATION_CONTEXT() REPRESENTATION_CONTEXT('2D SPACE',''
  ) );
#5530 = PCURVE('',#5531,#5536);
#5531 = PLANE('',#5532);
#5532 = AXIS2_PLACEMENT_3D('',#5533,#5534,#5535);
#5533 = CARTESIAN_POINT('',(107.30631190848,12.423314164921,
    12.708114832503));
#5534 = DIRECTION('',(-0.429897282708,-0.321439465303,0.843720923331));
#5535 = DIRECTION('',(-0.145930463489,0.946930129495,0.286404660717));
#5536 = DEFINITIONAL_REPRESENTATION('',(#5537),#5541);
#5537 = LINE('',#5538,#5539);
#5538 = CARTESIAN_POINT('',(6.278700406094,-7.327471962526E-15));
#5539 = VECTOR('',#5540,1.);
#5540 = DIRECTION('',(0.,-1.));
#5541 = ( GEOMETRIC_REPRESENTATION_CONTEXT(2) 
PARAMETRIC_REPRESENTATION_CONTEXT() REPRESENTATION_CONTEXT('2D SPACE',''
  ) );
#5542 = ORIENTED_EDGE('',*,*,#5543,.T.);
#5543 = EDGE_CURVE('',#5516,#5440,#5544,.T.);
#5544 = SURFACE_CURVE('',#5545,(#5549,#5556),.PCURVE_S1.);
#5545 = LINE('',#5546,#5547);
#5546 = CARTESIAN_POINT('',(117.97314306256,18.368804753524,
    20.408240388667));
#5547 = VECTOR('',#5548,1.);
#5548 = DIRECTION('',(-0.200794863502,0.896872741533,0.39408210856));
#5549 = PCURVE('',#5455,#5550);
#5550 = DEFINITIONAL_REPRESENTATION('',(#5551),#5555);
#5551 = LINE('',#5552,#5553);
#5552 = CARTESIAN_POINT('',(4.440892098501E-16,-13.));
#5553 = VECTOR('',#5554,1.);
#5554 = DIRECTION('',(1.,0.));
#5555 = ( GEOMETRIC_REPRESENTATION_CONTEXT(2) 
PARAMETRIC_REPRESENTATION_CONTEXT() REPRESENTATION_CONTEXT('2D SPACE',''
  ) );
#5556 = PCURVE('',#639,#5557);
#5557 = DEFINITIONAL_REPRESENTATION('',(#5558),#5562);
#5558 = LINE('',#5559,#5560);
#5559 = CARTESIAN_POINT('',(-44.73080844205,-18.36880475352));
#5560 = VECTOR('',#5561,1.);
#5561 = DIRECTION('',(0.442288690219,-0.896872741533));
#5562 = ( GEOMETRIC_REPRESENTATION_CONTEXT(2) 
PARAMETRIC_REPRESENTATION_CONTEXT() REPRESENTATION_CONTEXT('2D SPACE',''
  ) );
#5563 = ORIENTED_EDGE('',*,*,#5437,.F.);
#5564 = ORIENTED_EDGE('',*,*,#5565,.F.);
#5565 = EDGE_CURVE('',#5514,#5438,#5566,.T.);
#5566 = SURFACE_CURVE('',#5567,(#5571,#5578),.PCURVE_S1.);
#5567 = LINE('',#5568,#5569);
#5568 = CARTESIAN_POINT('',(106.39005824811,18.368804753524,
    14.506363892052));
#5569 = VECTOR('',#5570,1.);
#5570 = DIRECTION('',(-0.200794863502,0.896872741533,0.39408210856));
#5571 = PCURVE('',#5455,#5572);
#5572 = DEFINITIONAL_REPRESENTATION('',(#5573),#5577);
#5573 = LINE('',#5574,#5575);
#5574 = CARTESIAN_POINT('',(0.,0.));
#5575 = VECTOR('',#5576,1.);
#5576 = DIRECTION('',(1.,0.));
#5577 = ( GEOMETRIC_REPRESENTATION_CONTEXT(2) 
PARAMETRIC_REPRESENTATION_CONTEXT() REPRESENTATION_CONTEXT('2D SPACE',''
  ) );
#5578 = PCURVE('',#515,#5579);
#5579 = DEFINITIONAL_REPRESENTATION('',(#5580),#5584);
#5580 = LINE('',#5581,#5582);
#5581 = CARTESIAN_POINT('',(-44.73080844205,-18.36880475352));
#5582 = VECTOR('',#5583,1.);
#5583 = DIRECTION('',(0.442288690219,-0.896872741533));
#5584 = ( GEOMETRIC_REPRESENTATION_CONTEXT(2) 
PARAMETRIC_REPRESENTATION_CONTEXT() REPRESENTATION_CONTEXT('2D SPACE',''
  ) );
#5585 = ADVANCED_FACE('',(#5586),#5531,.F.);
#5586 = FACE_BOUND('',#5587,.F.);
#5587 = EDGE_LOOP('',(#5588,#5618,#5639,#5640));
#5588 = ORIENTED_EDGE('',*,*,#5589,.T.);
#5589 = EDGE_CURVE('',#5590,#5592,#5594,.T.);
#5590 = VERTEX_POINT('',#5591);
#5591 = CARTESIAN_POINT('',(107.30631190848,12.423314164921,
    12.708114832503));
#5592 = VERTEX_POINT('',#5593);
#5593 = CARTESIAN_POINT('',(118.88939672293,12.423314164921,
    18.609991329117));
#5594 = SURFACE_CURVE('',#5595,(#5599,#5606),.PCURVE_S1.);
#5595 = LINE('',#5596,#5597);
#5596 = CARTESIAN_POINT('',(107.30631190848,12.423314164921,
    12.708114832503));
#5597 = VECTOR('',#5598,1.);
#5598 = DIRECTION('',(0.891006524188,0.,0.45399049974));
#5599 = PCURVE('',#5531,#5600);
#5600 = DEFINITIONAL_REPRESENTATION('',(#5601),#5605);
#5601 = LINE('',#5602,#5603);
#5602 = CARTESIAN_POINT('',(0.,0.));
#5603 = VECTOR('',#5604,1.);
#5604 = DIRECTION('',(0.,-1.));
#5605 = ( GEOMETRIC_REPRESENTATION_CONTEXT(2) 
PARAMETRIC_REPRESENTATION_CONTEXT() REPRESENTATION_CONTEXT('2D SPACE',''
  ) );
#5606 = PCURVE('',#5607,#5612);
#5607 = PLANE('',#5608);
#5608 = AXIS2_PLACEMENT_3D('',#5609,#5610,#5611);
#5609 = CARTESIAN_POINT('',(107.86241108405,6.265257226562,
    11.616708748431));
#5610 = DIRECTION('',(-0.445267199587,-0.195090322016,0.873886083667));
#5611 = DIRECTION('',(-8.856915278645E-02,0.980785280403,0.173826749722)
  );
#5612 = DEFINITIONAL_REPRESENTATION('',(#5613),#5617);
#5613 = LINE('',#5614,#5615);
#5614 = CARTESIAN_POINT('',(6.278700406094,-2.498001805407E-15));
#5615 = VECTOR('',#5616,1.);
#5616 = DIRECTION('',(0.,-1.));
#5617 = ( GEOMETRIC_REPRESENTATION_CONTEXT(2) 
PARAMETRIC_REPRESENTATION_CONTEXT() REPRESENTATION_CONTEXT('2D SPACE',''
  ) );
#5618 = ORIENTED_EDGE('',*,*,#5619,.T.);
#5619 = EDGE_CURVE('',#5592,#5516,#5620,.T.);
#5620 = SURFACE_CURVE('',#5621,(#5625,#5632),.PCURVE_S1.);
#5621 = LINE('',#5622,#5623);
#5622 = CARTESIAN_POINT('',(118.88939672293,12.423314164921,
    18.609991329117));
#5623 = VECTOR('',#5624,1.);
#5624 = DIRECTION('',(-0.145930463489,0.946930129495,0.286404660717));
#5625 = PCURVE('',#5531,#5626);
#5626 = DEFINITIONAL_REPRESENTATION('',(#5627),#5631);
#5627 = LINE('',#5628,#5629);
#5628 = CARTESIAN_POINT('',(2.22044604925E-16,-13.));
#5629 = VECTOR('',#5630,1.);
#5630 = DIRECTION('',(1.,0.));
#5631 = ( GEOMETRIC_REPRESENTATION_CONTEXT(2) 
PARAMETRIC_REPRESENTATION_CONTEXT() REPRESENTATION_CONTEXT('2D SPACE',''
  ) );
#5632 = PCURVE('',#639,#5633);
#5633 = DEFINITIONAL_REPRESENTATION('',(#5634),#5638);
#5634 = LINE('',#5635,#5636);
#5635 = CARTESIAN_POINT('',(-46.74903054338,-12.42331416492));
#5636 = VECTOR('',#5637,1.);
#5637 = DIRECTION('',(0.321439465303,-0.946930129495));
#5638 = ( GEOMETRIC_REPRESENTATION_CONTEXT(2) 
PARAMETRIC_REPRESENTATION_CONTEXT() REPRESENTATION_CONTEXT('2D SPACE',''
  ) );
#5639 = ORIENTED_EDGE('',*,*,#5513,.F.);
#5640 = ORIENTED_EDGE('',*,*,#5641,.F.);
#5641 = EDGE_CURVE('',#5590,#5514,#5642,.T.);
#5642 = SURFACE_CURVE('',#5643,(#5647,#5654),.PCURVE_S1.);
#5643 = LINE('',#5644,#5645);
#5644 = CARTESIAN_POINT('',(107.30631190848,12.423314164921,
    12.708114832503));
#5645 = VECTOR('',#5646,1.);
#5646 = DIRECTION('',(-0.145930463489,0.946930129495,0.286404660717));
#5647 = PCURVE('',#5531,#5648);
#5648 = DEFINITIONAL_REPRESENTATION('',(#5649),#5653);
#5649 = LINE('',#5650,#5651);
#5650 = CARTESIAN_POINT('',(0.,0.));
#5651 = VECTOR('',#5652,1.);
#5652 = DIRECTION('',(1.,0.));
#5653 = ( GEOMETRIC_REPRESENTATION_CONTEXT(2) 
PARAMETRIC_REPRESENTATION_CONTEXT() REPRESENTATION_CONTEXT('2D SPACE',''
  ) );
#5654 = PCURVE('',#515,#5655);
#5655 = DEFINITIONAL_REPRESENTATION('',(#5656),#5660);
#5656 = LINE('',#5657,#5658);
#5657 = CARTESIAN_POINT('',(-46.74903054338,-12.42331416492));
#5658 = VECTOR('',#5659,1.);
#5659 = DIRECTION('',(0.321439465303,-0.946930129495));
#5660 = ( GEOMETRIC_REPRESENTATION_CONTEXT(2) 
PARAMETRIC_REPRESENTATION_CONTEXT() REPRESENTATION_CONTEXT('2D SPACE',''
  ) );
#5661 = ADVANCED_FACE('',(#5662),#5607,.F.);
#5662 = FACE_BOUND('',#5663,.F.);
#5663 = EDGE_LOOP('',(#5664,#5694,#5715,#5716));
#5664 = ORIENTED_EDGE('',*,*,#5665,.T.);
#5665 = EDGE_CURVE('',#5666,#5668,#5670,.T.);
#5666 = VERTEX_POINT('',#5667);
#5667 = CARTESIAN_POINT('',(107.86241108405,6.265257226562,
    11.616708748431));
#5668 = VERTEX_POINT('',#5669);
#5669 = CARTESIAN_POINT('',(119.44549589849,6.265257226562,
    17.518585245045));
#5670 = SURFACE_CURVE('',#5671,(#5675,#5682),.PCURVE_S1.);
#5671 = LINE('',#5672,#5673);
#5672 = CARTESIAN_POINT('',(107.86241108405,6.265257226562,
    11.616708748431));
#5673 = VECTOR('',#5674,1.);
#5674 = DIRECTION('',(0.891006524188,0.,0.45399049974));
#5675 = PCURVE('',#5607,#5676);
#5676 = DEFINITIONAL_REPRESENTATION('',(#5677),#5681);
#5677 = LINE('',#5678,#5679);
#5678 = CARTESIAN_POINT('',(0.,0.));
#5679 = VECTOR('',#5680,1.);
#5680 = DIRECTION('',(0.,-1.));
#5681 = ( GEOMETRIC_REPRESENTATION_CONTEXT(2) 
PARAMETRIC_REPRESENTATION_CONTEXT() REPRESENTATION_CONTEXT('2D SPACE',''
  ) );
#5682 = PCURVE('',#5683,#5688);
#5683 = PLANE('',#5684);
#5684 = AXIS2_PLACEMENT_3D('',#5685,#5686,#5687);
#5685 = CARTESIAN_POINT('',(108.04884076374,-8.817456953861E-15,
    11.25081990053));
#5686 = DIRECTION('',(-0.453018471231,-6.540312923014E-02,0.889098810825
    ));
#5687 = DIRECTION('',(-2.969239932372E-02,0.997858923239,
    5.827461484639E-02));
#5688 = DEFINITIONAL_REPRESENTATION('',(#5689),#5693);
#5689 = LINE('',#5690,#5691);
#5690 = CARTESIAN_POINT('',(6.278700406094,2.026157019941E-15));
#5691 = VECTOR('',#5692,1.);
#5692 = DIRECTION('',(-3.469446951954E-18,-1.));
#5693 = ( GEOMETRIC_REPRESENTATION_CONTEXT(2) 
PARAMETRIC_REPRESENTATION_CONTEXT() REPRESENTATION_CONTEXT('2D SPACE',''
  ) );
#5694 = ORIENTED_EDGE('',*,*,#5695,.T.);
#5695 = EDGE_CURVE('',#5668,#5592,#5696,.T.);
#5696 = SURFACE_CURVE('',#5697,(#5701,#5708),.PCURVE_S1.);
#5697 = LINE('',#5698,#5699);
#5698 = CARTESIAN_POINT('',(119.44549589849,6.265257226562,
    17.518585245045));
#5699 = VECTOR('',#5700,1.);
#5700 = DIRECTION('',(-8.856915278645E-02,0.980785280403,0.173826749722)
  );
#5701 = PCURVE('',#5607,#5702);
#5702 = DEFINITIONAL_REPRESENTATION('',(#5703),#5707);
#5703 = LINE('',#5704,#5705);
#5704 = CARTESIAN_POINT('',(2.22044604925E-16,-13.));
#5705 = VECTOR('',#5706,1.);
#5706 = DIRECTION('',(1.,0.));
#5707 = ( GEOMETRIC_REPRESENTATION_CONTEXT(2) 
PARAMETRIC_REPRESENTATION_CONTEXT() REPRESENTATION_CONTEXT('2D SPACE',''
  ) );
#5708 = PCURVE('',#639,#5709);
#5709 = DEFINITIONAL_REPRESENTATION('',(#5710),#5714);
#5710 = LINE('',#5711,#5712);
#5711 = CARTESIAN_POINT('',(-47.97394422745,-6.265257226562));
#5712 = VECTOR('',#5713,1.);
#5713 = DIRECTION('',(0.195090322016,-0.980785280403));
#5714 = ( GEOMETRIC_REPRESENTATION_CONTEXT(2) 
PARAMETRIC_REPRESENTATION_CONTEXT() REPRESENTATION_CONTEXT('2D SPACE',''
  ) );
#5715 = ORIENTED_EDGE('',*,*,#5589,.F.);
#5716 = ORIENTED_EDGE('',*,*,#5717,.F.);
#5717 = EDGE_CURVE('',#5666,#5590,#5718,.T.);
#5718 = SURFACE_CURVE('',#5719,(#5723,#5730),.PCURVE_S1.);
#5719 = LINE('',#5720,#5721);
#5720 = CARTESIAN_POINT('',(107.86241108405,6.265257226562,
    11.616708748431));
#5721 = VECTOR('',#5722,1.);
#5722 = DIRECTION('',(-8.856915278645E-02,0.980785280403,0.173826749722)
  );
#5723 = PCURVE('',#5607,#5724);
#5724 = DEFINITIONAL_REPRESENTATION('',(#5725),#5729);
#5725 = LINE('',#5726,#5727);
#5726 = CARTESIAN_POINT('',(0.,0.));
#5727 = VECTOR('',#5728,1.);
#5728 = DIRECTION('',(1.,0.));
#5729 = ( GEOMETRIC_REPRESENTATION_CONTEXT(2) 
PARAMETRIC_REPRESENTATION_CONTEXT() REPRESENTATION_CONTEXT('2D SPACE',''
  ) );
#5730 = PCURVE('',#515,#5731);
#5731 = DEFINITIONAL_REPRESENTATION('',(#5732),#5736);
#5732 = LINE('',#5733,#5734);
#5733 = CARTESIAN_POINT('',(-47.97394422745,-6.265257226562));
#5734 = VECTOR('',#5735,1.);
#5735 = DIRECTION('',(0.195090322016,-0.980785280403));
#5736 = ( GEOMETRIC_REPRESENTATION_CONTEXT(2) 
PARAMETRIC_REPRESENTATION_CONTEXT() REPRESENTATION_CONTEXT('2D SPACE',''
  ) );
#5737 = ADVANCED_FACE('',(#5738),#5683,.F.);
#5738 = FACE_BOUND('',#5739,.F.);
#5739 = EDGE_LOOP('',(#5740,#5770,#5791,#5792));
#5740 = ORIENTED_EDGE('',*,*,#5741,.T.);
#5741 = EDGE_CURVE('',#5742,#5744,#5746,.T.);
#5742 = VERTEX_POINT('',#5743);
#5743 = CARTESIAN_POINT('',(108.04884076374,-8.817456953861E-15,
    11.25081990053));
#5744 = VERTEX_POINT('',#5745);
#5745 = CARTESIAN_POINT('',(119.63192557819,-8.817456953861E-15,
    17.152696397144));
#5746 = SURFACE_CURVE('',#5747,(#5751,#5758),.PCURVE_S1.);
#5747 = LINE('',#5748,#5749);
#5748 = CARTESIAN_POINT('',(108.04884076374,-8.817456953861E-15,
    11.25081990053));
#5749 = VECTOR('',#5750,1.);
#5750 = DIRECTION('',(0.891006524188,0.,0.45399049974));
#5751 = PCURVE('',#5683,#5752);
#5752 = DEFINITIONAL_REPRESENTATION('',(#5753),#5757);
#5753 = LINE('',#5754,#5755);
#5754 = CARTESIAN_POINT('',(0.,0.));
#5755 = VECTOR('',#5756,1.);
#5756 = DIRECTION('',(-3.469446951954E-18,-1.));
#5757 = ( GEOMETRIC_REPRESENTATION_CONTEXT(2) 
PARAMETRIC_REPRESENTATION_CONTEXT() REPRESENTATION_CONTEXT('2D SPACE',''
  ) );
#5758 = PCURVE('',#5759,#5764);
#5759 = PLANE('',#5760);
#5760 = AXIS2_PLACEMENT_3D('',#5761,#5762,#5763);
#5761 = CARTESIAN_POINT('',(107.86241108405,-6.265257226562,
    11.616708748431));
#5762 = DIRECTION('',(-0.453018471231,6.540312923014E-02,0.889098810825)
  );
#5763 = DIRECTION('',(2.969239932372E-02,0.997858923239,
    -5.827461484639E-02));
#5764 = DEFINITIONAL_REPRESENTATION('',(#5765),#5769);
#5765 = LINE('',#5766,#5767);
#5766 = CARTESIAN_POINT('',(6.278700406094,2.026157019941E-15));
#5767 = VECTOR('',#5768,1.);
#5768 = DIRECTION('',(0.,-1.));
#5769 = ( GEOMETRIC_REPRESENTATION_CONTEXT(2) 
PARAMETRIC_REPRESENTATION_CONTEXT() REPRESENTATION_CONTEXT('2D SPACE',''
  ) );
#5770 = ORIENTED_EDGE('',*,*,#5771,.T.);
#5771 = EDGE_CURVE('',#5744,#5668,#5772,.T.);
#5772 = SURFACE_CURVE('',#5773,(#5777,#5784),.PCURVE_S1.);
#5773 = LINE('',#5774,#5775);
#5774 = CARTESIAN_POINT('',(119.63192557819,-8.817456953861E-15,
    17.152696397144));
#5775 = VECTOR('',#5776,1.);
#5776 = DIRECTION('',(-2.969239932372E-02,0.997858923239,
    5.827461484639E-02));
#5777 = PCURVE('',#5683,#5778);
#5778 = DEFINITIONAL_REPRESENTATION('',(#5779),#5783);
#5779 = LINE('',#5780,#5781);
#5780 = CARTESIAN_POINT('',(5.551115123126E-17,-13.));
#5781 = VECTOR('',#5782,1.);
#5782 = DIRECTION('',(1.,0.));
#5783 = ( GEOMETRIC_REPRESENTATION_CONTEXT(2) 
PARAMETRIC_REPRESENTATION_CONTEXT() REPRESENTATION_CONTEXT('2D SPACE',''
  ) );
#5784 = PCURVE('',#639,#5785);
#5785 = DEFINITIONAL_REPRESENTATION('',(#5786),#5790);
#5786 = LINE('',#5787,#5788);
#5787 = CARTESIAN_POINT('',(-48.38459088151,8.446480908347E-15));
#5788 = VECTOR('',#5789,1.);
#5789 = DIRECTION('',(6.540312923014E-02,-0.997858923239));
#5790 = ( GEOMETRIC_REPRESENTATION_CONTEXT(2) 
PARAMETRIC_REPRESENTATION_CONTEXT() REPRESENTATION_CONTEXT('2D SPACE',''
  ) );
#5791 = ORIENTED_EDGE('',*,*,#5665,.F.);
#5792 = ORIENTED_EDGE('',*,*,#5793,.F.);
#5793 = EDGE_CURVE('',#5742,#5666,#5794,.T.);
#5794 = SURFACE_CURVE('',#5795,(#5799,#5806),.PCURVE_S1.);
#5795 = LINE('',#5796,#5797);
#5796 = CARTESIAN_POINT('',(108.04884076374,-8.817456953861E-15,
    11.25081990053));
#5797 = VECTOR('',#5798,1.);
#5798 = DIRECTION('',(-2.969239932372E-02,0.997858923239,
    5.827461484639E-02));
#5799 = PCURVE('',#5683,#5800);
#5800 = DEFINITIONAL_REPRESENTATION('',(#5801),#5805);
#5801 = LINE('',#5802,#5803);
#5802 = CARTESIAN_POINT('',(0.,0.));
#5803 = VECTOR('',#5804,1.);
#5804 = DIRECTION('',(1.,0.));
#5805 = ( GEOMETRIC_REPRESENTATION_CONTEXT(2) 
PARAMETRIC_REPRESENTATION_CONTEXT() REPRESENTATION_CONTEXT('2D SPACE',''
  ) );
#5806 = PCURVE('',#515,#5807);
#5807 = DEFINITIONAL_REPRESENTATION('',(#5808),#5812);
#5808 = LINE('',#5809,#5810);
#5809 = CARTESIAN_POINT('',(-48.38459088151,8.446480908347E-15));
#5810 = VECTOR('',#5811,1.);
#5811 = DIRECTION('',(6.540312923014E-02,-0.997858923239));
#5812 = ( GEOMETRIC_REPRESENTATION_CONTEXT(2) 
PARAMETRIC_REPRESENTATION_CONTEXT() REPRESENTATION_CONTEXT('2D SPACE',''
  ) );
#5813 = ADVANCED_FACE('',(#5814),#5759,.F.);
#5814 = FACE_BOUND('',#5815,.F.);
#5815 = EDGE_LOOP('',(#5816,#5846,#5867,#5868));
#5816 = ORIENTED_EDGE('',*,*,#5817,.T.);
#5817 = EDGE_CURVE('',#5818,#5820,#5822,.T.);
#5818 = VERTEX_POINT('',#5819);
#5819 = CARTESIAN_POINT('',(107.86241108405,-6.265257226562,
    11.616708748431));
#5820 = VERTEX_POINT('',#5821);
#5821 = CARTESIAN_POINT('',(119.44549589849,-6.265257226562,
    17.518585245045));
#5822 = SURFACE_CURVE('',#5823,(#5827,#5834),.PCURVE_S1.);
#5823 = LINE('',#5824,#5825);
#5824 = CARTESIAN_POINT('',(107.86241108405,-6.265257226562,
    11.616708748431));
#5825 = VECTOR('',#5826,1.);
#5826 = DIRECTION('',(0.891006524188,0.,0.45399049974));
#5827 = PCURVE('',#5759,#5828);
#5828 = DEFINITIONAL_REPRESENTATION('',(#5829),#5833);
#5829 = LINE('',#5830,#5831);
#5830 = CARTESIAN_POINT('',(0.,0.));
#5831 = VECTOR('',#5832,1.);
#5832 = DIRECTION('',(0.,-1.));
#5833 = ( GEOMETRIC_REPRESENTATION_CONTEXT(2) 
PARAMETRIC_REPRESENTATION_CONTEXT() REPRESENTATION_CONTEXT('2D SPACE',''
  ) );
#5834 = PCURVE('',#5835,#5840);
#5835 = PLANE('',#5836);
#5836 = AXIS2_PLACEMENT_3D('',#5837,#5838,#5839);
#5837 = CARTESIAN_POINT('',(107.30631190848,-12.42331416492,
    12.708114832503));
#5838 = DIRECTION('',(-0.445267199587,0.195090322016,0.873886083667));
#5839 = DIRECTION('',(8.856915278645E-02,0.980785280403,-0.173826749722)
  );
#5840 = DEFINITIONAL_REPRESENTATION('',(#5841),#5845);
#5841 = LINE('',#5842,#5843);
#5842 = CARTESIAN_POINT('',(6.278700406094,-1.498801083244E-15));
#5843 = VECTOR('',#5844,1.);
#5844 = DIRECTION('',(0.,-1.));
#5845 = ( GEOMETRIC_REPRESENTATION_CONTEXT(2) 
PARAMETRIC_REPRESENTATION_CONTEXT() REPRESENTATION_CONTEXT('2D SPACE',''
  ) );
#5846 = ORIENTED_EDGE('',*,*,#5847,.T.);
#5847 = EDGE_CURVE('',#5820,#5744,#5848,.T.);
#5848 = SURFACE_CURVE('',#5849,(#5853,#5860),.PCURVE_S1.);
#5849 = LINE('',#5850,#5851);
#5850 = CARTESIAN_POINT('',(119.44549589849,-6.265257226562,
    17.518585245045));
#5851 = VECTOR('',#5852,1.);
#5852 = DIRECTION('',(2.969239932372E-02,0.997858923239,
    -5.827461484639E-02));
#5853 = PCURVE('',#5759,#5854);
#5854 = DEFINITIONAL_REPRESENTATION('',(#5855),#5859);
#5855 = LINE('',#5856,#5857);
#5856 = CARTESIAN_POINT('',(-5.551115123126E-17,-13.));
#5857 = VECTOR('',#5858,1.);
#5858 = DIRECTION('',(1.,0.));
#5859 = ( GEOMETRIC_REPRESENTATION_CONTEXT(2) 
PARAMETRIC_REPRESENTATION_CONTEXT() REPRESENTATION_CONTEXT('2D SPACE',''
  ) );
#5860 = PCURVE('',#639,#5861);
#5861 = DEFINITIONAL_REPRESENTATION('',(#5862),#5866);
#5862 = LINE('',#5863,#5864);
#5863 = CARTESIAN_POINT('',(-47.97394422745,6.265257226562));
#5864 = VECTOR('',#5865,1.);
#5865 = DIRECTION('',(-6.540312923014E-02,-0.997858923239));
#5866 = ( GEOMETRIC_REPRESENTATION_CONTEXT(2) 
PARAMETRIC_REPRESENTATION_CONTEXT() REPRESENTATION_CONTEXT('2D SPACE',''
  ) );
#5867 = ORIENTED_EDGE('',*,*,#5741,.F.);
#5868 = ORIENTED_EDGE('',*,*,#5869,.F.);
#5869 = EDGE_CURVE('',#5818,#5742,#5870,.T.);
#5870 = SURFACE_CURVE('',#5871,(#5875,#5882),.PCURVE_S1.);
#5871 = LINE('',#5872,#5873);
#5872 = CARTESIAN_POINT('',(107.86241108405,-6.265257226562,
    11.616708748431));
#5873 = VECTOR('',#5874,1.);
#5874 = DIRECTION('',(2.969239932372E-02,0.997858923239,
    -5.827461484639E-02));
#5875 = PCURVE('',#5759,#5876);
#5876 = DEFINITIONAL_REPRESENTATION('',(#5877),#5881);
#5877 = LINE('',#5878,#5879);
#5878 = CARTESIAN_POINT('',(0.,0.));
#5879 = VECTOR('',#5880,1.);
#5880 = DIRECTION('',(1.,0.));
#5881 = ( GEOMETRIC_REPRESENTATION_CONTEXT(2) 
PARAMETRIC_REPRESENTATION_CONTEXT() REPRESENTATION_CONTEXT('2D SPACE',''
  ) );
#5882 = PCURVE('',#515,#5883);
#5883 = DEFINITIONAL_REPRESENTATION('',(#5884),#5888);
#5884 = LINE('',#5885,#5886);
#5885 = CARTESIAN_POINT('',(-47.97394422745,6.265257226562));
#5886 = VECTOR('',#5887,1.);
#5887 = DIRECTION('',(-6.540312923014E-02,-0.997858923239));
#5888 = ( GEOMETRIC_REPRESENTATION_CONTEXT(2) 
PARAMETRIC_REPRESENTATION_CONTEXT() REPRESENTATION_CONTEXT('2D SPACE',''
  ) );
#5889 = ADVANCED_FACE('',(#5890),#5835,.F.);
#5890 = FACE_BOUND('',#5891,.F.);
#5891 = EDGE_LOOP('',(#5892,#5922,#5943,#5944));
#5892 = ORIENTED_EDGE('',*,*,#5893,.T.);
#5893 = EDGE_CURVE('',#5894,#5896,#5898,.T.);
#5894 = VERTEX_POINT('',#5895);
#5895 = CARTESIAN_POINT('',(107.30631190848,-12.42331416492,
    12.708114832503));
#5896 = VERTEX_POINT('',#5897);
#5897 = CARTESIAN_POINT('',(118.88939672293,-12.42331416492,
    18.609991329117));
#5898 = SURFACE_CURVE('',#5899,(#5903,#5910),.PCURVE_S1.);
#5899 = LINE('',#5900,#5901);
#5900 = CARTESIAN_POINT('',(107.30631190848,-12.42331416492,
    12.708114832503));
#5901 = VECTOR('',#5902,1.);
#5902 = DIRECTION('',(0.891006524188,0.,0.45399049974));
#5903 = PCURVE('',#5835,#5904);
#5904 = DEFINITIONAL_REPRESENTATION('',(#5905),#5909);
#5905 = LINE('',#5906,#5907);
#5906 = CARTESIAN_POINT('',(0.,0.));
#5907 = VECTOR('',#5908,1.);
#5908 = DIRECTION('',(0.,-1.));
#5909 = ( GEOMETRIC_REPRESENTATION_CONTEXT(2) 
PARAMETRIC_REPRESENTATION_CONTEXT() REPRESENTATION_CONTEXT('2D SPACE',''
  ) );
#5910 = PCURVE('',#5911,#5916);
#5911 = PLANE('',#5912);
#5912 = AXIS2_PLACEMENT_3D('',#5913,#5914,#5915);
#5913 = CARTESIAN_POINT('',(106.39005824811,-18.36880475352,
    14.506363892052));
#5914 = DIRECTION('',(-0.429897282708,0.321439465303,0.843720923331));
#5915 = DIRECTION('',(0.145930463489,0.946930129495,-0.286404660717));
#5916 = DEFINITIONAL_REPRESENTATION('',(#5917),#5921);
#5917 = LINE('',#5918,#5919);
#5918 = CARTESIAN_POINT('',(6.278700406094,2.775557561563E-15));
#5919 = VECTOR('',#5920,1.);
#5920 = DIRECTION('',(2.775557561563E-17,-1.));
#5921 = ( GEOMETRIC_REPRESENTATION_CONTEXT(2) 
PARAMETRIC_REPRESENTATION_CONTEXT() REPRESENTATION_CONTEXT('2D SPACE',''
  ) );
#5922 = ORIENTED_EDGE('',*,*,#5923,.T.);
#5923 = EDGE_CURVE('',#5896,#5820,#5924,.T.);
#5924 = SURFACE_CURVE('',#5925,(#5929,#5936),.PCURVE_S1.);
#5925 = LINE('',#5926,#5927);
#5926 = CARTESIAN_POINT('',(118.88939672293,-12.42331416492,
    18.609991329117));
#5927 = VECTOR('',#5928,1.);
#5928 = DIRECTION('',(8.856915278645E-02,0.980785280403,-0.173826749722)
  );
#5929 = PCURVE('',#5835,#5930);
#5930 = DEFINITIONAL_REPRESENTATION('',(#5931),#5935);
#5931 = LINE('',#5932,#5933);
#5932 = CARTESIAN_POINT('',(-2.22044604925E-16,-13.));
#5933 = VECTOR('',#5934,1.);
#5934 = DIRECTION('',(1.,1.387778780781E-17));
#5935 = ( GEOMETRIC_REPRESENTATION_CONTEXT(2) 
PARAMETRIC_REPRESENTATION_CONTEXT() REPRESENTATION_CONTEXT('2D SPACE',''
  ) );
#5936 = PCURVE('',#639,#5937);
#5937 = DEFINITIONAL_REPRESENTATION('',(#5938),#5942);
#5938 = LINE('',#5939,#5940);
#5939 = CARTESIAN_POINT('',(-46.74903054338,12.423314164921));
#5940 = VECTOR('',#5941,1.);
#5941 = DIRECTION('',(-0.195090322016,-0.980785280403));
#5942 = ( GEOMETRIC_REPRESENTATION_CONTEXT(2) 
PARAMETRIC_REPRESENTATION_CONTEXT() REPRESENTATION_CONTEXT('2D SPACE',''
  ) );
#5943 = ORIENTED_EDGE('',*,*,#5817,.F.);
#5944 = ORIENTED_EDGE('',*,*,#5945,.F.);
#5945 = EDGE_CURVE('',#5894,#5818,#5946,.T.);
#5946 = SURFACE_CURVE('',#5947,(#5951,#5958),.PCURVE_S1.);
#5947 = LINE('',#5948,#5949);
#5948 = CARTESIAN_POINT('',(107.30631190848,-12.42331416492,
    12.708114832503));
#5949 = VECTOR('',#5950,1.);
#5950 = DIRECTION('',(8.856915278645E-02,0.980785280403,-0.173826749722)
  );
#5951 = PCURVE('',#5835,#5952);
#5952 = DEFINITIONAL_REPRESENTATION('',(#5953),#5957);
#5953 = LINE('',#5954,#5955);
#5954 = CARTESIAN_POINT('',(0.,0.));
#5955 = VECTOR('',#5956,1.);
#5956 = DIRECTION('',(1.,1.387778780781E-17));
#5957 = ( GEOMETRIC_REPRESENTATION_CONTEXT(2) 
PARAMETRIC_REPRESENTATION_CONTEXT() REPRESENTATION_CONTEXT('2D SPACE',''
  ) );
#5958 = PCURVE('',#515,#5959);
#5959 = DEFINITIONAL_REPRESENTATION('',(#5960),#5964);
#5960 = LINE('',#5961,#5962);
#5961 = CARTESIAN_POINT('',(-46.74903054338,12.423314164921));
#5962 = VECTOR('',#5963,1.);
#5963 = DIRECTION('',(-0.195090322016,-0.980785280403));
#5964 = ( GEOMETRIC_REPRESENTATION_CONTEXT(2) 
PARAMETRIC_REPRESENTATION_CONTEXT() REPRESENTATION_CONTEXT('2D SPACE',''
  ) );
#5965 = ADVANCED_FACE('',(#5966),#5911,.F.);
#5966 = FACE_BOUND('',#5967,.F.);
#5967 = EDGE_LOOP('',(#5968,#5998,#6019,#6020));
#5968 = ORIENTED_EDGE('',*,*,#5969,.T.);
#5969 = EDGE_CURVE('',#5970,#5972,#5974,.T.);
#5970 = VERTEX_POINT('',#5971);
#5971 = CARTESIAN_POINT('',(106.39005824811,-18.36880475352,
    14.506363892052));
#5972 = VERTEX_POINT('',#5973);
#5973 = CARTESIAN_POINT('',(117.97314306256,-18.36880475352,
    20.408240388667));
#5974 = SURFACE_CURVE('',#5975,(#5979,#5986),.PCURVE_S1.);
#5975 = LINE('',#5976,#5977);
#5976 = CARTESIAN_POINT('',(106.39005824811,-18.36880475352,
    14.506363892052));
#5977 = VECTOR('',#5978,1.);
#5978 = DIRECTION('',(0.891006524188,0.,0.45399049974));
#5979 = PCURVE('',#5911,#5980);
#5980 = DEFINITIONAL_REPRESENTATION('',(#5981),#5985);
#5981 = LINE('',#5982,#5983);
#5982 = CARTESIAN_POINT('',(0.,0.));
#5983 = VECTOR('',#5984,1.);
#5984 = DIRECTION('',(2.775557561563E-17,-1.));
#5985 = ( GEOMETRIC_REPRESENTATION_CONTEXT(2) 
PARAMETRIC_REPRESENTATION_CONTEXT() REPRESENTATION_CONTEXT('2D SPACE',''
  ) );
#5986 = PCURVE('',#5987,#5992);
#5987 = PLANE('',#5988);
#5988 = AXIS2_PLACEMENT_3D('',#5989,#5990,#5991);
#5989 = CARTESIAN_POINT('',(105.1293274571,-24.,16.980687387101));
#5990 = DIRECTION('',(-0.407171704131,0.442288690219,0.799119464072));
#5991 = DIRECTION('',(0.200794863502,0.896872741533,-0.39408210856));
#5992 = DEFINITIONAL_REPRESENTATION('',(#5993),#5997);
#5993 = LINE('',#5994,#5995);
#5994 = CARTESIAN_POINT('',(6.278700406094,4.440892098501E-16));
#5995 = VECTOR('',#5996,1.);
#5996 = DIRECTION('',(2.775557561563E-17,-1.));
#5997 = ( GEOMETRIC_REPRESENTATION_CONTEXT(2) 
PARAMETRIC_REPRESENTATION_CONTEXT() REPRESENTATION_CONTEXT('2D SPACE',''
  ) );
#5998 = ORIENTED_EDGE('',*,*,#5999,.T.);
#5999 = EDGE_CURVE('',#5972,#5896,#6000,.T.);
#6000 = SURFACE_CURVE('',#6001,(#6005,#6012),.PCURVE_S1.);
#6001 = LINE('',#6002,#6003);
#6002 = CARTESIAN_POINT('',(117.97314306256,-18.36880475352,
    20.408240388667));
#6003 = VECTOR('',#6004,1.);
#6004 = DIRECTION('',(0.145930463489,0.946930129495,-0.286404660717));
#6005 = PCURVE('',#5911,#6006);
#6006 = DEFINITIONAL_REPRESENTATION('',(#6007),#6011);
#6007 = LINE('',#6008,#6009);
#6008 = CARTESIAN_POINT('',(2.22044604925E-16,-13.));
#6009 = VECTOR('',#6010,1.);
#6010 = DIRECTION('',(1.,-2.775557561563E-17));
#6011 = ( GEOMETRIC_REPRESENTATION_CONTEXT(2) 
PARAMETRIC_REPRESENTATION_CONTEXT() REPRESENTATION_CONTEXT('2D SPACE',''
  ) );
#6012 = PCURVE('',#639,#6013);
#6013 = DEFINITIONAL_REPRESENTATION('',(#6014),#6018);
#6014 = LINE('',#6015,#6016);
#6015 = CARTESIAN_POINT('',(-44.73080844205,18.368804753524));
#6016 = VECTOR('',#6017,1.);
#6017 = DIRECTION('',(-0.321439465303,-0.946930129495));
#6018 = ( GEOMETRIC_REPRESENTATION_CONTEXT(2) 
PARAMETRIC_REPRESENTATION_CONTEXT() REPRESENTATION_CONTEXT('2D SPACE',''
  ) );
#6019 = ORIENTED_EDGE('',*,*,#5893,.F.);
#6020 = ORIENTED_EDGE('',*,*,#6021,.F.);
#6021 = EDGE_CURVE('',#5970,#5894,#6022,.T.);
#6022 = SURFACE_CURVE('',#6023,(#6027,#6034),.PCURVE_S1.);
#6023 = LINE('',#6024,#6025);
#6024 = CARTESIAN_POINT('',(106.39005824811,-18.36880475352,
    14.506363892052));
#6025 = VECTOR('',#6026,1.);
#6026 = DIRECTION('',(0.145930463489,0.946930129495,-0.286404660717));
#6027 = PCURVE('',#5911,#6028);
#6028 = DEFINITIONAL_REPRESENTATION('',(#6029),#6033);
#6029 = LINE('',#6030,#6031);
#6030 = CARTESIAN_POINT('',(0.,0.));
#6031 = VECTOR('',#6032,1.);
#6032 = DIRECTION('',(1.,-2.775557561563E-17));
#6033 = ( GEOMETRIC_REPRESENTATION_CONTEXT(2) 
PARAMETRIC_REPRESENTATION_CONTEXT() REPRESENTATION_CONTEXT('2D SPACE',''
  ) );
#6034 = PCURVE('',#515,#6035);
#6035 = DEFINITIONAL_REPRESENTATION('',(#6036),#6040);
#6036 = LINE('',#6037,#6038);
#6037 = CARTESIAN_POINT('',(-44.73080844205,18.368804753524));
#6038 = VECTOR('',#6039,1.);
#6039 = DIRECTION('',(-0.321439465303,-0.946930129495));
#6040 = ( GEOMETRIC_REPRESENTATION_CONTEXT(2) 
PARAMETRIC_REPRESENTATION_CONTEXT() REPRESENTATION_CONTEXT('2D SPACE',''
  ) );
#6041 = ADVANCED_FACE('',(#6042),#5987,.F.);
#6042 = FACE_BOUND('',#6043,.F.);
#6043 = EDGE_LOOP('',(#6044,#6074,#6095,#6096));
#6044 = ORIENTED_EDGE('',*,*,#6045,.T.);
#6045 = EDGE_CURVE('',#6046,#6048,#6050,.T.);
#6046 = VERTEX_POINT('',#6047);
#6047 = CARTESIAN_POINT('',(105.1293274571,-24.,16.980687387101));
#6048 = VERTEX_POINT('',#6049);
#6049 = CARTESIAN_POINT('',(116.71241227155,-24.,22.882563883716));
#6050 = SURFACE_CURVE('',#6051,(#6055,#6062),.PCURVE_S1.);
#6051 = LINE('',#6052,#6053);
#6052 = CARTESIAN_POINT('',(105.1293274571,-24.,16.980687387101));
#6053 = VECTOR('',#6054,1.);
#6054 = DIRECTION('',(0.891006524188,0.,0.45399049974));
#6055 = PCURVE('',#5987,#6056);
#6056 = DEFINITIONAL_REPRESENTATION('',(#6057),#6061);
#6057 = LINE('',#6058,#6059);
#6058 = CARTESIAN_POINT('',(0.,0.));
#6059 = VECTOR('',#6060,1.);
#6060 = DIRECTION('',(2.775557561563E-17,-1.));
#6061 = ( GEOMETRIC_REPRESENTATION_CONTEXT(2) 
PARAMETRIC_REPRESENTATION_CONTEXT() REPRESENTATION_CONTEXT('2D SPACE',''
  ) );
#6062 = PCURVE('',#6063,#6068);
#6063 = PLANE('',#6064);
#6064 = AXIS2_PLACEMENT_3D('',#6065,#6066,#6067);
#6065 = CARTESIAN_POINT('',(103.54569098882,-29.22054859241,
    20.088748956638));
#6066 = DIRECTION('',(-0.377479304807,0.55557023302,0.740844849226));
#6067 = DIRECTION('',(0.252223607729,0.831469612303,-0.495016702265));
#6068 = DEFINITIONAL_REPRESENTATION('',(#6069),#6073);
#6069 = LINE('',#6070,#6071);
#6070 = CARTESIAN_POINT('',(6.278700406094,-9.103828801926E-15));
#6071 = VECTOR('',#6072,1.);
#6072 = DIRECTION('',(0.,-1.));
#6073 = ( GEOMETRIC_REPRESENTATION_CONTEXT(2) 
PARAMETRIC_REPRESENTATION_CONTEXT() REPRESENTATION_CONTEXT('2D SPACE',''
  ) );
#6074 = ORIENTED_EDGE('',*,*,#6075,.T.);
#6075 = EDGE_CURVE('',#6048,#5972,#6076,.T.);
#6076 = SURFACE_CURVE('',#6077,(#6081,#6088),.PCURVE_S1.);
#6077 = LINE('',#6078,#6079);
#6078 = CARTESIAN_POINT('',(116.71241227155,-24.,22.882563883716));
#6079 = VECTOR('',#6080,1.);
#6080 = DIRECTION('',(0.200794863502,0.896872741533,-0.39408210856));
#6081 = PCURVE('',#5987,#6082);
#6082 = DEFINITIONAL_REPRESENTATION('',(#6083),#6087);
#6083 = LINE('',#6084,#6085);
#6084 = CARTESIAN_POINT('',(0.,-13.));
#6085 = VECTOR('',#6086,1.);
#6086 = DIRECTION('',(1.,-2.775557561563E-17));
#6087 = ( GEOMETRIC_REPRESENTATION_CONTEXT(2) 
PARAMETRIC_REPRESENTATION_CONTEXT() REPRESENTATION_CONTEXT('2D SPACE',''
  ) );
#6088 = PCURVE('',#639,#6089);
#6089 = DEFINITIONAL_REPRESENTATION('',(#6090),#6094);
#6090 = LINE('',#6091,#6092);
#6091 = CARTESIAN_POINT('',(-41.95381026316,24.));
#6092 = VECTOR('',#6093,1.);
#6093 = DIRECTION('',(-0.442288690219,-0.896872741533));
#6094 = ( GEOMETRIC_REPRESENTATION_CONTEXT(2) 
PARAMETRIC_REPRESENTATION_CONTEXT() REPRESENTATION_CONTEXT('2D SPACE',''
  ) );
#6095 = ORIENTED_EDGE('',*,*,#5969,.F.);
#6096 = ORIENTED_EDGE('',*,*,#6097,.F.);
#6097 = EDGE_CURVE('',#6046,#5970,#6098,.T.);
#6098 = SURFACE_CURVE('',#6099,(#6103,#6110),.PCURVE_S1.);
#6099 = LINE('',#6100,#6101);
#6100 = CARTESIAN_POINT('',(105.1293274571,-24.,16.980687387101));
#6101 = VECTOR('',#6102,1.);
#6102 = DIRECTION('',(0.200794863502,0.896872741533,-0.39408210856));
#6103 = PCURVE('',#5987,#6104);
#6104 = DEFINITIONAL_REPRESENTATION('',(#6105),#6109);
#6105 = LINE('',#6106,#6107);
#6106 = CARTESIAN_POINT('',(0.,0.));
#6107 = VECTOR('',#6108,1.);
#6108 = DIRECTION('',(1.,-2.775557561563E-17));
#6109 = ( GEOMETRIC_REPRESENTATION_CONTEXT(2) 
PARAMETRIC_REPRESENTATION_CONTEXT() REPRESENTATION_CONTEXT('2D SPACE',''
  ) );
#6110 = PCURVE('',#515,#6111);
#6111 = DEFINITIONAL_REPRESENTATION('',(#6112),#6116);
#6112 = LINE('',#6113,#6114);
#6113 = CARTESIAN_POINT('',(-41.95381026316,24.));
#6114 = VECTOR('',#6115,1.);
#6115 = DIRECTION('',(-0.442288690219,-0.896872741533));
#6116 = ( GEOMETRIC_REPRESENTATION_CONTEXT(2) 
PARAMETRIC_REPRESENTATION_CONTEXT() REPRESENTATION_CONTEXT('2D SPACE',''
  ) );
#6117 = ADVANCED_FACE('',(#6118),#6063,.F.);
#6118 = FACE_BOUND('',#6119,.F.);
#6119 = EDGE_LOOP('',(#6120,#6150,#6171,#6172));
#6120 = ORIENTED_EDGE('',*,*,#6121,.T.);
#6121 = EDGE_CURVE('',#6122,#6124,#6126,.T.);
#6122 = VERTEX_POINT('',#6123);
#6123 = CARTESIAN_POINT('',(103.54569098882,-29.22054859241,
    20.088748956638));
#6124 = VERTEX_POINT('',#6125);
#6125 = CARTESIAN_POINT('',(115.12877580327,-29.22054859241,
    25.990625453252));
#6126 = SURFACE_CURVE('',#6127,(#6131,#6138),.PCURVE_S1.);
#6127 = LINE('',#6128,#6129);
#6128 = CARTESIAN_POINT('',(103.54569098882,-29.22054859241,
    20.088748956638));
#6129 = VECTOR('',#6130,1.);
#6130 = DIRECTION('',(0.891006524188,0.,0.45399049974));
#6131 = PCURVE('',#6063,#6132);
#6132 = DEFINITIONAL_REPRESENTATION('',(#6133),#6137);
#6133 = LINE('',#6134,#6135);
#6134 = CARTESIAN_POINT('',(0.,0.));
#6135 = VECTOR('',#6136,1.);
#6136 = DIRECTION('',(0.,-1.));
#6137 = ( GEOMETRIC_REPRESENTATION_CONTEXT(2) 
PARAMETRIC_REPRESENTATION_CONTEXT() REPRESENTATION_CONTEXT('2D SPACE',''
  ) );
#6138 = PCURVE('',#6139,#6144);
#6139 = PLANE('',#6140);
#6140 = AXIS2_PLACEMENT_3D('',#6141,#6142,#6143);
#6141 = CARTESIAN_POINT('',(101.66624530232,-33.94112549695,
    23.777368805489));
#6142 = DIRECTION('',(-0.341328129921,0.6593458151,0.669894173608));
#6143 = DIRECTION('',(0.299336736098,0.751839807479,-0.58748142295));
#6144 = DEFINITIONAL_REPRESENTATION('',(#6145),#6149);
#6145 = LINE('',#6146,#6147);
#6146 = CARTESIAN_POINT('',(6.278700406094,3.330669073875E-15));
#6147 = VECTOR('',#6148,1.);
#6148 = DIRECTION('',(0.,-1.));
#6149 = ( GEOMETRIC_REPRESENTATION_CONTEXT(2) 
PARAMETRIC_REPRESENTATION_CONTEXT() REPRESENTATION_CONTEXT('2D SPACE',''
  ) );
#6150 = ORIENTED_EDGE('',*,*,#6151,.T.);
#6151 = EDGE_CURVE('',#6124,#6048,#6152,.T.);
#6152 = SURFACE_CURVE('',#6153,(#6157,#6164),.PCURVE_S1.);
#6153 = LINE('',#6154,#6155);
#6154 = CARTESIAN_POINT('',(115.12877580327,-29.22054859241,
    25.990625453252));
#6155 = VECTOR('',#6156,1.);
#6156 = DIRECTION('',(0.252223607729,0.831469612303,-0.495016702265));
#6157 = PCURVE('',#6063,#6158);
#6158 = DEFINITIONAL_REPRESENTATION('',(#6159),#6163);
#6159 = LINE('',#6160,#6161);
#6160 = CARTESIAN_POINT('',(-4.440892098501E-16,-13.));
#6161 = VECTOR('',#6162,1.);
#6162 = DIRECTION('',(1.,2.775557561563E-17));
#6163 = ( GEOMETRIC_REPRESENTATION_CONTEXT(2) 
PARAMETRIC_REPRESENTATION_CONTEXT() REPRESENTATION_CONTEXT('2D SPACE',''
  ) );
#6164 = PCURVE('',#639,#6165);
#6165 = DEFINITIONAL_REPRESENTATION('',(#6166),#6170);
#6166 = LINE('',#6167,#6168);
#6167 = CARTESIAN_POINT('',(-38.46555121549,29.220548592419));
#6168 = VECTOR('',#6169,1.);
#6169 = DIRECTION('',(-0.55557023302,-0.831469612303));
#6170 = ( GEOMETRIC_REPRESENTATION_CONTEXT(2) 
PARAMETRIC_REPRESENTATION_CONTEXT() REPRESENTATION_CONTEXT('2D SPACE',''
  ) );
#6171 = ORIENTED_EDGE('',*,*,#6045,.F.);
#6172 = ORIENTED_EDGE('',*,*,#6173,.F.);
#6173 = EDGE_CURVE('',#6122,#6046,#6174,.T.);
#6174 = SURFACE_CURVE('',#6175,(#6179,#6186),.PCURVE_S1.);
#6175 = LINE('',#6176,#6177);
#6176 = CARTESIAN_POINT('',(103.54569098882,-29.22054859241,
    20.088748956638));
#6177 = VECTOR('',#6178,1.);
#6178 = DIRECTION('',(0.252223607729,0.831469612303,-0.495016702265));
#6179 = PCURVE('',#6063,#6180);
#6180 = DEFINITIONAL_REPRESENTATION('',(#6181),#6185);
#6181 = LINE('',#6182,#6183);
#6182 = CARTESIAN_POINT('',(0.,0.));
#6183 = VECTOR('',#6184,1.);
#6184 = DIRECTION('',(1.,2.775557561563E-17));
#6185 = ( GEOMETRIC_REPRESENTATION_CONTEXT(2) 
PARAMETRIC_REPRESENTATION_CONTEXT() REPRESENTATION_CONTEXT('2D SPACE',''
  ) );
#6186 = PCURVE('',#515,#6187);
#6187 = DEFINITIONAL_REPRESENTATION('',(#6188),#6192);
#6188 = LINE('',#6189,#6190);
#6189 = CARTESIAN_POINT('',(-38.46555121549,29.220548592419));
#6190 = VECTOR('',#6191,1.);
#6191 = DIRECTION('',(-0.55557023302,-0.831469612303));
#6192 = ( GEOMETRIC_REPRESENTATION_CONTEXT(2) 
PARAMETRIC_REPRESENTATION_CONTEXT() REPRESENTATION_CONTEXT('2D SPACE',''
  ) );
#6193 = ADVANCED_FACE('',(#6194),#6139,.F.);
#6194 = FACE_BOUND('',#6195,.F.);
#6195 = EDGE_LOOP('',(#6196,#6226,#6247,#6248));
#6196 = ORIENTED_EDGE('',*,*,#6197,.T.);
#6197 = EDGE_CURVE('',#6198,#6200,#6202,.T.);
#6198 = VERTEX_POINT('',#6199);
#6199 = CARTESIAN_POINT('',(101.66624530232,-33.94112549695,
    23.777368805489));
#6200 = VERTEX_POINT('',#6201);
#6201 = CARTESIAN_POINT('',(113.24933011677,-33.94112549695,
    29.679245302104));
#6202 = SURFACE_CURVE('',#6203,(#6207,#6214),.PCURVE_S1.);
#6203 = LINE('',#6204,#6205);
#6204 = CARTESIAN_POINT('',(101.66624530232,-33.94112549695,
    23.777368805489));
#6205 = VECTOR('',#6206,1.);
#6206 = DIRECTION('',(0.891006524188,0.,0.45399049974));
#6207 = PCURVE('',#6139,#6208);
#6208 = DEFINITIONAL_REPRESENTATION('',(#6209),#6213);
#6209 = LINE('',#6210,#6211);
#6210 = CARTESIAN_POINT('',(0.,0.));
#6211 = VECTOR('',#6212,1.);
#6212 = DIRECTION('',(0.,-1.));
#6213 = ( GEOMETRIC_REPRESENTATION_CONTEXT(2) 
PARAMETRIC_REPRESENTATION_CONTEXT() REPRESENTATION_CONTEXT('2D SPACE',''
  ) );
#6214 = PCURVE('',#6215,#6220);
#6215 = PLANE('',#6216);
#6216 = AXIS2_PLACEMENT_3D('',#6217,#6218,#6219);
#6217 = CARTESIAN_POINT('',(99.523148234379,-38.08096033397,
    27.983433625364));
#6218 = DIRECTION('',(-0.299336736098,0.751839807479,0.58748142295));
#6219 = DIRECTION('',(0.341328129921,0.6593458151,-0.669894173608));
#6220 = DEFINITIONAL_REPRESENTATION('',(#6221),#6225);
#6221 = LINE('',#6222,#6223);
#6222 = CARTESIAN_POINT('',(6.278700406094,1.998401444325E-15));
#6223 = VECTOR('',#6224,1.);
#6224 = DIRECTION('',(5.551115123126E-17,-1.));
#6225 = ( GEOMETRIC_REPRESENTATION_CONTEXT(2) 
PARAMETRIC_REPRESENTATION_CONTEXT() REPRESENTATION_CONTEXT('2D SPACE',''
  ) );
#6226 = ORIENTED_EDGE('',*,*,#6227,.T.);
#6227 = EDGE_CURVE('',#6200,#6124,#6228,.T.);
#6228 = SURFACE_CURVE('',#6229,(#6233,#6240),.PCURVE_S1.);
#6229 = LINE('',#6230,#6231);
#6230 = CARTESIAN_POINT('',(113.24933011677,-33.94112549695,
    29.679245302104));
#6231 = VECTOR('',#6232,1.);
#6232 = DIRECTION('',(0.299336736098,0.751839807479,-0.58748142295));
#6233 = PCURVE('',#6139,#6234);
#6234 = DEFINITIONAL_REPRESENTATION('',(#6235),#6239);
#6235 = LINE('',#6236,#6237);
#6236 = CARTESIAN_POINT('',(1.7763568394E-15,-13.));
#6237 = VECTOR('',#6238,1.);
#6238 = DIRECTION('',(1.,0.));
#6239 = ( GEOMETRIC_REPRESENTATION_CONTEXT(2) 
PARAMETRIC_REPRESENTATION_CONTEXT() REPRESENTATION_CONTEXT('2D SPACE',''
  ) );
#6240 = PCURVE('',#639,#6241);
#6241 = DEFINITIONAL_REPRESENTATION('',(#6242),#6246);
#6242 = LINE('',#6243,#6244);
#6243 = CARTESIAN_POINT('',(-34.32571637846,33.941125496954));
#6244 = VECTOR('',#6245,1.);
#6245 = DIRECTION('',(-0.6593458151,-0.751839807479));
#6246 = ( GEOMETRIC_REPRESENTATION_CONTEXT(2) 
PARAMETRIC_REPRESENTATION_CONTEXT() REPRESENTATION_CONTEXT('2D SPACE',''
  ) );
#6247 = ORIENTED_EDGE('',*,*,#6121,.F.);
#6248 = ORIENTED_EDGE('',*,*,#6249,.F.);
#6249 = EDGE_CURVE('',#6198,#6122,#6250,.T.);
#6250 = SURFACE_CURVE('',#6251,(#6255,#6262),.PCURVE_S1.);
#6251 = LINE('',#6252,#6253);
#6252 = CARTESIAN_POINT('',(101.66624530232,-33.94112549695,
    23.777368805489));
#6253 = VECTOR('',#6254,1.);
#6254 = DIRECTION('',(0.299336736098,0.751839807479,-0.58748142295));
#6255 = PCURVE('',#6139,#6256);
#6256 = DEFINITIONAL_REPRESENTATION('',(#6257),#6261);
#6257 = LINE('',#6258,#6259);
#6258 = CARTESIAN_POINT('',(0.,0.));
#6259 = VECTOR('',#6260,1.);
#6260 = DIRECTION('',(1.,0.));
#6261 = ( GEOMETRIC_REPRESENTATION_CONTEXT(2) 
PARAMETRIC_REPRESENTATION_CONTEXT() REPRESENTATION_CONTEXT('2D SPACE',''
  ) );
#6262 = PCURVE('',#515,#6263);
#6263 = DEFINITIONAL_REPRESENTATION('',(#6264),#6268);
#6264 = LINE('',#6265,#6266);
#6265 = CARTESIAN_POINT('',(-34.32571637846,33.941125496954));
#6266 = VECTOR('',#6267,1.);
#6267 = DIRECTION('',(-0.6593458151,-0.751839807479));
#6268 = ( GEOMETRIC_REPRESENTATION_CONTEXT(2) 
PARAMETRIC_REPRESENTATION_CONTEXT() REPRESENTATION_CONTEXT('2D SPACE',''
  ) );
#6269 = ADVANCED_FACE('',(#6270),#6215,.F.);
#6270 = FACE_BOUND('',#6271,.F.);
#6271 = EDGE_LOOP('',(#6272,#6302,#6323,#6324));
#6272 = ORIENTED_EDGE('',*,*,#6273,.T.);
#6273 = EDGE_CURVE('',#6274,#6276,#6278,.T.);
#6274 = VERTEX_POINT('',#6275);
#6275 = CARTESIAN_POINT('',(99.523148234379,-38.08096033397,
    27.983433625364));
#6276 = VERTEX_POINT('',#6277);
#6277 = CARTESIAN_POINT('',(111.10623304882,-38.08096033397,
    33.885310121978));
#6278 = SURFACE_CURVE('',#6279,(#6283,#6290),.PCURVE_S1.);
#6279 = LINE('',#6280,#6281);
#6280 = CARTESIAN_POINT('',(99.523148234379,-38.08096033397,
    27.983433625364));
#6281 = VECTOR('',#6282,1.);
#6282 = DIRECTION('',(0.891006524188,0.,0.45399049974));
#6283 = PCURVE('',#6215,#6284);
#6284 = DEFINITIONAL_REPRESENTATION('',(#6285),#6289);
#6285 = LINE('',#6286,#6287);
#6286 = CARTESIAN_POINT('',(0.,0.));
#6287 = VECTOR('',#6288,1.);
#6288 = DIRECTION('',(5.551115123126E-17,-1.));
#6289 = ( GEOMETRIC_REPRESENTATION_CONTEXT(2) 
PARAMETRIC_REPRESENTATION_CONTEXT() REPRESENTATION_CONTEXT('2D SPACE',''
  ) );
#6290 = PCURVE('',#6291,#6296);
#6291 = PLANE('',#6292);
#6292 = AXIS2_PLACEMENT_3D('',#6293,#6294,#6295);
#6293 = CARTESIAN_POINT('',(97.153068769992,-41.56921938165,
    32.634976481051));
#6294 = DIRECTION('',(-0.252223607729,0.831469612303,0.495016702265));
#6295 = DIRECTION('',(0.377479304807,0.55557023302,-0.740844849226));
#6296 = DEFINITIONAL_REPRESENTATION('',(#6297),#6301);
#6297 = LINE('',#6298,#6299);
#6298 = CARTESIAN_POINT('',(6.278700406094,5.329070518201E-15));
#6299 = VECTOR('',#6300,1.);
#6300 = DIRECTION('',(-5.551115123126E-17,-1.));
#6301 = ( GEOMETRIC_REPRESENTATION_CONTEXT(2) 
PARAMETRIC_REPRESENTATION_CONTEXT() REPRESENTATION_CONTEXT('2D SPACE',''
  ) );
#6302 = ORIENTED_EDGE('',*,*,#6303,.T.);
#6303 = EDGE_CURVE('',#6276,#6200,#6304,.T.);
#6304 = SURFACE_CURVE('',#6305,(#6309,#6316),.PCURVE_S1.);
#6305 = LINE('',#6306,#6307);
#6306 = CARTESIAN_POINT('',(111.10623304882,-38.08096033397,
    33.885310121978));
#6307 = VECTOR('',#6308,1.);
#6308 = DIRECTION('',(0.341328129921,0.6593458151,-0.669894173608));
#6309 = PCURVE('',#6215,#6310);
#6310 = DEFINITIONAL_REPRESENTATION('',(#6311),#6315);
#6311 = LINE('',#6312,#6313);
#6312 = CARTESIAN_POINT('',(-4.440892098501E-16,-13.));
#6313 = VECTOR('',#6314,1.);
#6314 = DIRECTION('',(1.,-5.551115123126E-17));
#6315 = ( GEOMETRIC_REPRESENTATION_CONTEXT(2) 
PARAMETRIC_REPRESENTATION_CONTEXT() REPRESENTATION_CONTEXT('2D SPACE',''
  ) );
#6316 = PCURVE('',#639,#6317);
#6317 = DEFINITIONAL_REPRESENTATION('',(#6318),#6322);
#6318 = LINE('',#6319,#6320);
#6319 = CARTESIAN_POINT('',(-29.60513947393,38.080960333979));
#6320 = VECTOR('',#6321,1.);
#6321 = DIRECTION('',(-0.751839807479,-0.6593458151));
#6322 = ( GEOMETRIC_REPRESENTATION_CONTEXT(2) 
PARAMETRIC_REPRESENTATION_CONTEXT() REPRESENTATION_CONTEXT('2D SPACE',''
  ) );
#6323 = ORIENTED_EDGE('',*,*,#6197,.F.);
#6324 = ORIENTED_EDGE('',*,*,#6325,.F.);
#6325 = EDGE_CURVE('',#6274,#6198,#6326,.T.);
#6326 = SURFACE_CURVE('',#6327,(#6331,#6338),.PCURVE_S1.);
#6327 = LINE('',#6328,#6329);
#6328 = CARTESIAN_POINT('',(99.523148234379,-38.08096033397,
    27.983433625364));
#6329 = VECTOR('',#6330,1.);
#6330 = DIRECTION('',(0.341328129921,0.6593458151,-0.669894173608));
#6331 = PCURVE('',#6215,#6332);
#6332 = DEFINITIONAL_REPRESENTATION('',(#6333),#6337);
#6333 = LINE('',#6334,#6335);
#6334 = CARTESIAN_POINT('',(0.,0.));
#6335 = VECTOR('',#6336,1.);
#6336 = DIRECTION('',(1.,-5.551115123126E-17));
#6337 = ( GEOMETRIC_REPRESENTATION_CONTEXT(2) 
PARAMETRIC_REPRESENTATION_CONTEXT() REPRESENTATION_CONTEXT('2D SPACE',''
  ) );
#6338 = PCURVE('',#515,#6339);
#6339 = DEFINITIONAL_REPRESENTATION('',(#6340),#6344);
#6340 = LINE('',#6341,#6342);
#6341 = CARTESIAN_POINT('',(-29.60513947393,38.080960333979));
#6342 = VECTOR('',#6343,1.);
#6343 = DIRECTION('',(-0.751839807479,-0.6593458151));
#6344 = ( GEOMETRIC_REPRESENTATION_CONTEXT(2) 
PARAMETRIC_REPRESENTATION_CONTEXT() REPRESENTATION_CONTEXT('2D SPACE',''
  ) );
#6345 = ADVANCED_FACE('',(#6346),#6291,.F.);
#6346 = FACE_BOUND('',#6347,.F.);
#6347 = EDGE_LOOP('',(#6348,#6378,#6399,#6400));
#6348 = ORIENTED_EDGE('',*,*,#6349,.T.);
#6349 = EDGE_CURVE('',#6350,#6352,#6354,.T.);
#6350 = VERTEX_POINT('',#6351);
#6351 = CARTESIAN_POINT('',(97.153068769992,-41.56921938165,
    32.634976481051));
#6352 = VERTEX_POINT('',#6353);
#6353 = CARTESIAN_POINT('',(108.73615358444,-41.56921938165,
    38.536852977665));
#6354 = SURFACE_CURVE('',#6355,(#6359,#6366),.PCURVE_S1.);
#6355 = LINE('',#6356,#6357);
#6356 = CARTESIAN_POINT('',(97.153068769992,-41.56921938165,
    32.634976481051));
#6357 = VECTOR('',#6358,1.);
#6358 = DIRECTION('',(0.891006524188,0.,0.45399049974));
#6359 = PCURVE('',#6291,#6360);
#6360 = DEFINITIONAL_REPRESENTATION('',(#6361),#6365);
#6361 = LINE('',#6362,#6363);
#6362 = CARTESIAN_POINT('',(0.,0.));
#6363 = VECTOR('',#6364,1.);
#6364 = DIRECTION('',(-5.551115123126E-17,-1.));
#6365 = ( GEOMETRIC_REPRESENTATION_CONTEXT(2) 
PARAMETRIC_REPRESENTATION_CONTEXT() REPRESENTATION_CONTEXT('2D SPACE',''
  ) );
#6366 = PCURVE('',#6367,#6372);
#6367 = PLANE('',#6368);
#6368 = AXIS2_PLACEMENT_3D('',#6369,#6370,#6371);
#6369 = CARTESIAN_POINT('',(94.596559625914,-44.34621756054,
    37.652408184639));
#6370 = DIRECTION('',(-0.200794863502,0.896872741533,0.39408210856));
#6371 = DIRECTION('',(0.407171704131,0.442288690219,-0.799119464072));
#6372 = DEFINITIONAL_REPRESENTATION('',(#6373),#6377);
#6373 = LINE('',#6374,#6375);
#6374 = CARTESIAN_POINT('',(6.278700406094,-5.329070518201E-15));
#6375 = VECTOR('',#6376,1.);
#6376 = DIRECTION('',(-5.551115123126E-17,-1.));
#6377 = ( GEOMETRIC_REPRESENTATION_CONTEXT(2) 
PARAMETRIC_REPRESENTATION_CONTEXT() REPRESENTATION_CONTEXT('2D SPACE',''
  ) );
#6378 = ORIENTED_EDGE('',*,*,#6379,.T.);
#6379 = EDGE_CURVE('',#6352,#6276,#6380,.T.);
#6380 = SURFACE_CURVE('',#6381,(#6385,#6392),.PCURVE_S1.);
#6381 = LINE('',#6382,#6383);
#6382 = CARTESIAN_POINT('',(108.73615358444,-41.56921938165,
    38.536852977665));
#6383 = VECTOR('',#6384,1.);
#6384 = DIRECTION('',(0.377479304807,0.55557023302,-0.740844849226));
#6385 = PCURVE('',#6291,#6386);
#6386 = DEFINITIONAL_REPRESENTATION('',(#6387),#6391);
#6387 = LINE('',#6388,#6389);
#6388 = CARTESIAN_POINT('',(-8.881784197001E-16,-13.));
#6389 = VECTOR('',#6390,1.);
#6390 = DIRECTION('',(1.,1.110223024625E-16));
#6391 = ( GEOMETRIC_REPRESENTATION_CONTEXT(2) 
PARAMETRIC_REPRESENTATION_CONTEXT() REPRESENTATION_CONTEXT('2D SPACE',''
  ) );
#6392 = PCURVE('',#639,#6393);
#6393 = DEFINITIONAL_REPRESENTATION('',(#6394),#6398);
#6394 = LINE('',#6395,#6396);
#6395 = CARTESIAN_POINT('',(-24.38459088151,41.569219381653));
#6396 = VECTOR('',#6397,1.);
#6397 = DIRECTION('',(-0.831469612303,-0.55557023302));
#6398 = ( GEOMETRIC_REPRESENTATION_CONTEXT(2) 
PARAMETRIC_REPRESENTATION_CONTEXT() REPRESENTATION_CONTEXT('2D SPACE',''
  ) );
#6399 = ORIENTED_EDGE('',*,*,#6273,.F.);
#6400 = ORIENTED_EDGE('',*,*,#6401,.F.);
#6401 = EDGE_CURVE('',#6350,#6274,#6402,.T.);
#6402 = SURFACE_CURVE('',#6403,(#6407,#6414),.PCURVE_S1.);
#6403 = LINE('',#6404,#6405);
#6404 = CARTESIAN_POINT('',(97.153068769992,-41.56921938165,
    32.634976481051));
#6405 = VECTOR('',#6406,1.);
#6406 = DIRECTION('',(0.377479304807,0.55557023302,-0.740844849226));
#6407 = PCURVE('',#6291,#6408);
#6408 = DEFINITIONAL_REPRESENTATION('',(#6409),#6413);
#6409 = LINE('',#6410,#6411);
#6410 = CARTESIAN_POINT('',(0.,0.));
#6411 = VECTOR('',#6412,1.);
#6412 = DIRECTION('',(1.,1.110223024625E-16));
#6413 = ( GEOMETRIC_REPRESENTATION_CONTEXT(2) 
PARAMETRIC_REPRESENTATION_CONTEXT() REPRESENTATION_CONTEXT('2D SPACE',''
  ) );
#6414 = PCURVE('',#515,#6415);
#6415 = DEFINITIONAL_REPRESENTATION('',(#6416),#6420);
#6416 = LINE('',#6417,#6418);
#6417 = CARTESIAN_POINT('',(-24.38459088151,41.569219381653));
#6418 = VECTOR('',#6419,1.);
#6419 = DIRECTION('',(-0.831469612303,-0.55557023302));
#6420 = ( GEOMETRIC_REPRESENTATION_CONTEXT(2) 
PARAMETRIC_REPRESENTATION_CONTEXT() REPRESENTATION_CONTEXT('2D SPACE',''
  ) );
#6421 = ADVANCED_FACE('',(#6422),#6367,.F.);
#6422 = FACE_BOUND('',#6423,.F.);
#6423 = EDGE_LOOP('',(#6424,#6454,#6475,#6476));
#6424 = ORIENTED_EDGE('',*,*,#6425,.T.);
#6425 = EDGE_CURVE('',#6426,#6428,#6430,.T.);
#6426 = VERTEX_POINT('',#6427);
#6427 = CARTESIAN_POINT('',(94.596559625914,-44.34621756054,
    37.652408184639));
#6428 = VERTEX_POINT('',#6429);
#6429 = CARTESIAN_POINT('',(106.17964444036,-44.34621756054,
    43.554284681254));
#6430 = SURFACE_CURVE('',#6431,(#6435,#6442),.PCURVE_S1.);
#6431 = LINE('',#6432,#6433);
#6432 = CARTESIAN_POINT('',(94.596559625914,-44.34621756054,
    37.652408184639));
#6433 = VECTOR('',#6434,1.);
#6434 = DIRECTION('',(0.891006524188,0.,0.45399049974));
#6435 = PCURVE('',#6367,#6436);
#6436 = DEFINITIONAL_REPRESENTATION('',(#6437),#6441);
#6437 = LINE('',#6438,#6439);
#6438 = CARTESIAN_POINT('',(0.,0.));
#6439 = VECTOR('',#6440,1.);
#6440 = DIRECTION('',(-5.551115123126E-17,-1.));
#6441 = ( GEOMETRIC_REPRESENTATION_CONTEXT(2) 
PARAMETRIC_REPRESENTATION_CONTEXT() REPRESENTATION_CONTEXT('2D SPACE',''
  ) );
#6442 = PCURVE('',#6443,#6448);
#6443 = PLANE('',#6444);
#6444 = AXIS2_PLACEMENT_3D('',#6445,#6446,#6447);
#6445 = CARTESIAN_POINT('',(91.897363382397,-46.36443966187,
    42.949879088586));
#6446 = DIRECTION('',(-0.145930463489,0.946930129495,0.286404660717));
#6447 = DIRECTION('',(0.429897282708,0.321439465303,-0.843720923331));
#6448 = DEFINITIONAL_REPRESENTATION('',(#6449),#6453);
#6449 = LINE('',#6450,#6451);
#6450 = CARTESIAN_POINT('',(6.278700406094,8.437694987151E-15));
#6451 = VECTOR('',#6452,1.);
#6452 = DIRECTION('',(0.,-1.));
#6453 = ( GEOMETRIC_REPRESENTATION_CONTEXT(2) 
PARAMETRIC_REPRESENTATION_CONTEXT() REPRESENTATION_CONTEXT('2D SPACE',''
  ) );
#6454 = ORIENTED_EDGE('',*,*,#6455,.T.);
#6455 = EDGE_CURVE('',#6428,#6352,#6456,.T.);
#6456 = SURFACE_CURVE('',#6457,(#6461,#6468),.PCURVE_S1.);
#6457 = LINE('',#6458,#6459);
#6458 = CARTESIAN_POINT('',(106.17964444036,-44.34621756054,
    43.554284681254));
#6459 = VECTOR('',#6460,1.);
#6460 = DIRECTION('',(0.407171704131,0.442288690219,-0.799119464072));
#6461 = PCURVE('',#6367,#6462);
#6462 = DEFINITIONAL_REPRESENTATION('',(#6463),#6467);
#6463 = LINE('',#6464,#6465);
#6464 = CARTESIAN_POINT('',(-8.881784197001E-16,-13.));
#6465 = VECTOR('',#6466,1.);
#6466 = DIRECTION('',(1.,5.551115123126E-17));
#6467 = ( GEOMETRIC_REPRESENTATION_CONTEXT(2) 
PARAMETRIC_REPRESENTATION_CONTEXT() REPRESENTATION_CONTEXT('2D SPACE',''
  ) );
#6468 = PCURVE('',#639,#6469);
#6469 = DEFINITIONAL_REPRESENTATION('',(#6470),#6474);
#6470 = LINE('',#6471,#6472);
#6471 = CARTESIAN_POINT('',(-18.75339563503,44.346217560542));
#6472 = VECTOR('',#6473,1.);
#6473 = DIRECTION('',(-0.896872741533,-0.442288690219));
#6474 = ( GEOMETRIC_REPRESENTATION_CONTEXT(2) 
PARAMETRIC_REPRESENTATION_CONTEXT() REPRESENTATION_CONTEXT('2D SPACE',''
  ) );
#6475 = ORIENTED_EDGE('',*,*,#6349,.F.);
#6476 = ORIENTED_EDGE('',*,*,#6477,.F.);
#6477 = EDGE_CURVE('',#6426,#6350,#6478,.T.);
#6478 = SURFACE_CURVE('',#6479,(#6483,#6490),.PCURVE_S1.);
#6479 = LINE('',#6480,#6481);
#6480 = CARTESIAN_POINT('',(94.596559625914,-44.34621756054,
    37.652408184639));
#6481 = VECTOR('',#6482,1.);
#6482 = DIRECTION('',(0.407171704131,0.442288690219,-0.799119464072));
#6483 = PCURVE('',#6367,#6484);
#6484 = DEFINITIONAL_REPRESENTATION('',(#6485),#6489);
#6485 = LINE('',#6486,#6487);
#6486 = CARTESIAN_POINT('',(0.,0.));
#6487 = VECTOR('',#6488,1.);
#6488 = DIRECTION('',(1.,5.551115123126E-17));
#6489 = ( GEOMETRIC_REPRESENTATION_CONTEXT(2) 
PARAMETRIC_REPRESENTATION_CONTEXT() REPRESENTATION_CONTEXT('2D SPACE',''
  ) );
#6490 = PCURVE('',#515,#6491);
#6491 = DEFINITIONAL_REPRESENTATION('',(#6492),#6496);
#6492 = LINE('',#6493,#6494);
#6493 = CARTESIAN_POINT('',(-18.75339563503,44.346217560542));
#6494 = VECTOR('',#6495,1.);
#6495 = DIRECTION('',(-0.896872741533,-0.442288690219));
#6496 = ( GEOMETRIC_REPRESENTATION_CONTEXT(2) 
PARAMETRIC_REPRESENTATION_CONTEXT() REPRESENTATION_CONTEXT('2D SPACE',''
  ) );
#6497 = ADVANCED_FACE('',(#6498),#6443,.F.);
#6498 = FACE_BOUND('',#6499,.F.);
#6499 = EDGE_LOOP('',(#6500,#6530,#6551,#6552));
#6500 = ORIENTED_EDGE('',*,*,#6501,.T.);
#6501 = EDGE_CURVE('',#6502,#6504,#6506,.T.);
#6502 = VERTEX_POINT('',#6503);
#6503 = CARTESIAN_POINT('',(91.897363382397,-46.36443966187,
    42.949879088586));
#6504 = VERTEX_POINT('',#6505);
#6505 = CARTESIAN_POINT('',(103.48044819684,-46.36443966187,
    48.8517555852));
#6506 = SURFACE_CURVE('',#6507,(#6511,#6518),.PCURVE_S1.);
#6507 = LINE('',#6508,#6509);
#6508 = CARTESIAN_POINT('',(91.897363382397,-46.36443966187,
    42.949879088586));
#6509 = VECTOR('',#6510,1.);
#6510 = DIRECTION('',(0.891006524188,0.,0.45399049974));
#6511 = PCURVE('',#6443,#6512);
#6512 = DEFINITIONAL_REPRESENTATION('',(#6513),#6517);
#6513 = LINE('',#6514,#6515);
#6514 = CARTESIAN_POINT('',(0.,0.));
#6515 = VECTOR('',#6516,1.);
#6516 = DIRECTION('',(0.,-1.));
#6517 = ( GEOMETRIC_REPRESENTATION_CONTEXT(2) 
PARAMETRIC_REPRESENTATION_CONTEXT() REPRESENTATION_CONTEXT('2D SPACE',''
  ) );
#6518 = PCURVE('',#6519,#6524);
#6519 = PLANE('',#6520);
#6520 = AXIS2_PLACEMENT_3D('',#6521,#6522,#6523);
#6521 = CARTESIAN_POINT('',(89.101664035527,-47.58935334594,
    48.436747996986));
#6522 = DIRECTION('',(-8.856915278645E-02,0.980785280403,0.173826749722)
  );
#6523 = DIRECTION('',(0.445267199587,0.195090322016,-0.873886083667));
#6524 = DEFINITIONAL_REPRESENTATION('',(#6525),#6529);
#6525 = LINE('',#6526,#6527);
#6526 = CARTESIAN_POINT('',(6.278700406094,-8.881784197001E-15));
#6527 = VECTOR('',#6528,1.);
#6528 = DIRECTION('',(5.551115123126E-17,-1.));
#6529 = ( GEOMETRIC_REPRESENTATION_CONTEXT(2) 
PARAMETRIC_REPRESENTATION_CONTEXT() REPRESENTATION_CONTEXT('2D SPACE',''
  ) );
#6530 = ORIENTED_EDGE('',*,*,#6531,.T.);
#6531 = EDGE_CURVE('',#6504,#6428,#6532,.T.);
#6532 = SURFACE_CURVE('',#6533,(#6537,#6544),.PCURVE_S1.);
#6533 = LINE('',#6534,#6535);
#6534 = CARTESIAN_POINT('',(103.48044819684,-46.36443966187,
    48.8517555852));
#6535 = VECTOR('',#6536,1.);
#6536 = DIRECTION('',(0.429897282708,0.321439465303,-0.843720923331));
#6537 = PCURVE('',#6443,#6538);
#6538 = DEFINITIONAL_REPRESENTATION('',(#6539),#6543);
#6539 = LINE('',#6540,#6541);
#6540 = CARTESIAN_POINT('',(-6.217248937901E-15,-13.));
#6541 = VECTOR('',#6542,1.);
#6542 = DIRECTION('',(1.,0.));
#6543 = ( GEOMETRIC_REPRESENTATION_CONTEXT(2) 
PARAMETRIC_REPRESENTATION_CONTEXT() REPRESENTATION_CONTEXT('2D SPACE',''
  ) );
#6544 = PCURVE('',#639,#6545);
#6545 = DEFINITIONAL_REPRESENTATION('',(#6546),#6550);
#6546 = LINE('',#6547,#6548);
#6547 = CARTESIAN_POINT('',(-12.80790504643,46.364439661875));
#6548 = VECTOR('',#6549,1.);
#6549 = DIRECTION('',(-0.946930129495,-0.321439465303));
#6550 = ( GEOMETRIC_REPRESENTATION_CONTEXT(2) 
PARAMETRIC_REPRESENTATION_CONTEXT() REPRESENTATION_CONTEXT('2D SPACE',''
  ) );
#6551 = ORIENTED_EDGE('',*,*,#6425,.F.);
#6552 = ORIENTED_EDGE('',*,*,#6553,.F.);
#6553 = EDGE_CURVE('',#6502,#6426,#6554,.T.);
#6554 = SURFACE_CURVE('',#6555,(#6559,#6566),.PCURVE_S1.);
#6555 = LINE('',#6556,#6557);
#6556 = CARTESIAN_POINT('',(91.897363382397,-46.36443966187,
    42.949879088586));
#6557 = VECTOR('',#6558,1.);
#6558 = DIRECTION('',(0.429897282708,0.321439465303,-0.843720923331));
#6559 = PCURVE('',#6443,#6560);
#6560 = DEFINITIONAL_REPRESENTATION('',(#6561),#6565);
#6561 = LINE('',#6562,#6563);
#6562 = CARTESIAN_POINT('',(0.,0.));
#6563 = VECTOR('',#6564,1.);
#6564 = DIRECTION('',(1.,0.));
#6565 = ( GEOMETRIC_REPRESENTATION_CONTEXT(2) 
PARAMETRIC_REPRESENTATION_CONTEXT() REPRESENTATION_CONTEXT('2D SPACE',''
  ) );
#6566 = PCURVE('',#515,#6567);
#6567 = DEFINITIONAL_REPRESENTATION('',(#6568),#6572);
#6568 = LINE('',#6569,#6570);
#6569 = CARTESIAN_POINT('',(-12.80790504643,46.364439661875));
#6570 = VECTOR('',#6571,1.);
#6571 = DIRECTION('',(-0.946930129495,-0.321439465303));
#6572 = ( GEOMETRIC_REPRESENTATION_CONTEXT(2) 
PARAMETRIC_REPRESENTATION_CONTEXT() REPRESENTATION_CONTEXT('2D SPACE',''
  ) );
#6573 = ADVANCED_FACE('',(#6574),#6519,.F.);
#6574 = FACE_BOUND('',#6575,.F.);
#6575 = EDGE_LOOP('',(#6576,#6601,#6622,#6623));
#6576 = ORIENTED_EDGE('',*,*,#6577,.T.);
#6577 = EDGE_CURVE('',#6578,#6580,#6582,.T.);
#6578 = VERTEX_POINT('',#6579);
#6579 = CARTESIAN_POINT('',(89.101664035527,-47.58935334594,
    48.436747996986));
#6580 = VERTEX_POINT('',#6581);
#6581 = CARTESIAN_POINT('',(100.68474884997,-47.58935334594,
    54.338624493601));
#6582 = SURFACE_CURVE('',#6583,(#6587,#6594),.PCURVE_S1.);
#6583 = LINE('',#6584,#6585);
#6584 = CARTESIAN_POINT('',(89.101664035527,-47.58935334594,
    48.436747996986));
#6585 = VECTOR('',#6586,1.);
#6586 = DIRECTION('',(0.891006524188,0.,0.45399049974));
#6587 = PCURVE('',#6519,#6588);
#6588 = DEFINITIONAL_REPRESENTATION('',(#6589),#6593);
#6589 = LINE('',#6590,#6591);
#6590 = CARTESIAN_POINT('',(0.,0.));
#6591 = VECTOR('',#6592,1.);
#6592 = DIRECTION('',(5.551115123126E-17,-1.));
#6593 = ( GEOMETRIC_REPRESENTATION_CONTEXT(2) 
PARAMETRIC_REPRESENTATION_CONTEXT() REPRESENTATION_CONTEXT('2D SPACE',''
  ) );
#6594 = PCURVE('',#875,#6595);
#6595 = DEFINITIONAL_REPRESENTATION('',(#6596),#6600);
#6596 = LINE('',#6597,#6598);
#6597 = CARTESIAN_POINT('',(6.278700406094,2.6645352591E-15));
#6598 = VECTOR('',#6599,1.);
#6599 = DIRECTION('',(0.,-1.));
#6600 = ( GEOMETRIC_REPRESENTATION_CONTEXT(2) 
PARAMETRIC_REPRESENTATION_CONTEXT() REPRESENTATION_CONTEXT('2D SPACE',''
  ) );
#6601 = ORIENTED_EDGE('',*,*,#6602,.T.);
#6602 = EDGE_CURVE('',#6580,#6504,#6603,.T.);
#6603 = SURFACE_CURVE('',#6604,(#6608,#6615),.PCURVE_S1.);
#6604 = LINE('',#6605,#6606);
#6605 = CARTESIAN_POINT('',(100.68474884997,-47.58935334594,
    54.338624493601));
#6606 = VECTOR('',#6607,1.);
#6607 = DIRECTION('',(0.445267199587,0.195090322016,-0.873886083667));
#6608 = PCURVE('',#6519,#6609);
#6609 = DEFINITIONAL_REPRESENTATION('',(#6610),#6614);
#6610 = LINE('',#6611,#6612);
#6611 = CARTESIAN_POINT('',(0.,-13.));
#6612 = VECTOR('',#6613,1.);
#6613 = DIRECTION('',(1.,-5.551115123126E-17));
#6614 = ( GEOMETRIC_REPRESENTATION_CONTEXT(2) 
PARAMETRIC_REPRESENTATION_CONTEXT() REPRESENTATION_CONTEXT('2D SPACE',''
  ) );
#6615 = PCURVE('',#639,#6616);
#6616 = DEFINITIONAL_REPRESENTATION('',(#6617),#6621);
#6617 = LINE('',#6618,#6619);
#6618 = CARTESIAN_POINT('',(-6.649848108075,47.589353345943));
#6619 = VECTOR('',#6620,1.);
#6620 = DIRECTION('',(-0.980785280403,-0.195090322016));
#6621 = ( GEOMETRIC_REPRESENTATION_CONTEXT(2) 
PARAMETRIC_REPRESENTATION_CONTEXT() REPRESENTATION_CONTEXT('2D SPACE',''
  ) );
#6622 = ORIENTED_EDGE('',*,*,#6501,.F.);
#6623 = ORIENTED_EDGE('',*,*,#6624,.F.);
#6624 = EDGE_CURVE('',#6578,#6502,#6625,.T.);
#6625 = SURFACE_CURVE('',#6626,(#6630,#6637),.PCURVE_S1.);
#6626 = LINE('',#6627,#6628);
#6627 = CARTESIAN_POINT('',(89.101664035527,-47.58935334594,
    48.436747996986));
#6628 = VECTOR('',#6629,1.);
#6629 = DIRECTION('',(0.445267199587,0.195090322016,-0.873886083667));
#6630 = PCURVE('',#6519,#6631);
#6631 = DEFINITIONAL_REPRESENTATION('',(#6632),#6636);
#6632 = LINE('',#6633,#6634);
#6633 = CARTESIAN_POINT('',(0.,0.));
#6634 = VECTOR('',#6635,1.);
#6635 = DIRECTION('',(1.,-5.551115123126E-17));
#6636 = ( GEOMETRIC_REPRESENTATION_CONTEXT(2) 
PARAMETRIC_REPRESENTATION_CONTEXT() REPRESENTATION_CONTEXT('2D SPACE',''
  ) );
#6637 = PCURVE('',#515,#6638);
#6638 = DEFINITIONAL_REPRESENTATION('',(#6639),#6643);
#6639 = LINE('',#6640,#6641);
#6640 = CARTESIAN_POINT('',(-6.649848108075,47.589353345943));
#6641 = VECTOR('',#6642,1.);
#6642 = DIRECTION('',(-0.980785280403,-0.195090322016));
#6643 = ( GEOMETRIC_REPRESENTATION_CONTEXT(2) 
PARAMETRIC_REPRESENTATION_CONTEXT() REPRESENTATION_CONTEXT('2D SPACE',''
  ) );
#6644 = ADVANCED_FACE('',(#6645),#574,.F.);
#6645 = FACE_BOUND('',#6646,.F.);
#6646 = EDGE_LOOP('',(#6647,#6648,#6649,#6672));
#6647 = ORIENTED_EDGE('',*,*,#559,.T.);
#6648 = ORIENTED_EDGE('',*,*,#4956,.T.);
#6649 = ORIENTED_EDGE('',*,*,#6650,.T.);
#6650 = EDGE_CURVE('',#4934,#6651,#6653,.T.);
#6651 = VERTEX_POINT('',#6652);
#6652 = CARTESIAN_POINT('',(93.300476593297,48.,68.83107480007));
#6653 = SURFACE_CURVE('',#6654,(#6658,#6665),.PCURVE_S1.);
#6654 = LINE('',#6655,#6656);
#6655 = CARTESIAN_POINT('',(97.840381590692,48.,59.921009558186));
#6656 = VECTOR('',#6657,1.);
#6657 = DIRECTION('',(-0.45399049974,0.,0.891006524188));
#6658 = PCURVE('',#574,#6659);
#6659 = DEFINITIONAL_REPRESENTATION('',(#6660),#6664);
#6660 = LINE('',#6661,#6662);
#6661 = CARTESIAN_POINT('',(-6.217248937901E-15,-13.));
#6662 = VECTOR('',#6663,1.);
#6663 = DIRECTION('',(1.,0.));
#6664 = ( GEOMETRIC_REPRESENTATION_CONTEXT(2) 
PARAMETRIC_REPRESENTATION_CONTEXT() REPRESENTATION_CONTEXT('2D SPACE',''
  ) );
#6665 = PCURVE('',#639,#6666);
#6666 = DEFINITIONAL_REPRESENTATION('',(#6667),#6671);
#6667 = LINE('',#6668,#6669);
#6668 = CARTESIAN_POINT('',(-0.384590881513,-48.));
#6669 = VECTOR('',#6670,1.);
#6670 = DIRECTION('',(1.,0.));
#6671 = ( GEOMETRIC_REPRESENTATION_CONTEXT(2) 
PARAMETRIC_REPRESENTATION_CONTEXT() REPRESENTATION_CONTEXT('2D SPACE',''
  ) );
#6672 = ORIENTED_EDGE('',*,*,#6673,.F.);
#6673 = EDGE_CURVE('',#560,#6651,#6674,.T.);
#6674 = SURFACE_CURVE('',#6675,(#6679,#6686),.PCURVE_S1.);
#6675 = LINE('',#6676,#6677);
#6676 = CARTESIAN_POINT('',(81.717391778848,48.,62.929198303456));
#6677 = VECTOR('',#6678,1.);
#6678 = DIRECTION('',(0.891006524188,0.,0.45399049974));
#6679 = PCURVE('',#574,#6680);
#6680 = DEFINITIONAL_REPRESENTATION('',(#6681),#6685);
#6681 = LINE('',#6682,#6683);
#6682 = CARTESIAN_POINT('',(10.,-2.6645352591E-15));
#6683 = VECTOR('',#6684,1.);
#6684 = DIRECTION('',(0.,-1.));
#6685 = ( GEOMETRIC_REPRESENTATION_CONTEXT(2) 
PARAMETRIC_REPRESENTATION_CONTEXT() REPRESENTATION_CONTEXT('2D SPACE',''
  ) );
#6686 = PCURVE('',#605,#6687);
#6687 = DEFINITIONAL_REPRESENTATION('',(#6688),#6692);
#6688 = LINE('',#6689,#6690);
#6689 = CARTESIAN_POINT('',(0.,0.));
#6690 = VECTOR('',#6691,1.);
#6691 = DIRECTION('',(0.,-1.));
#6692 = ( GEOMETRIC_REPRESENTATION_CONTEXT(2) 
PARAMETRIC_REPRESENTATION_CONTEXT() REPRESENTATION_CONTEXT('2D SPACE',''
  ) );
#6693 = ADVANCED_FACE('',(#6694),#605,.F.);
#6694 = FACE_BOUND('',#6695,.F.);
#6695 = EDGE_LOOP('',(#6696,#6697,#6698));
#6696 = ORIENTED_EDGE('',*,*,#585,.F.);
#6697 = ORIENTED_EDGE('',*,*,#6673,.T.);
#6698 = ORIENTED_EDGE('',*,*,#6699,.T.);
#6699 = EDGE_CURVE('',#6651,#586,#6700,.T.);
#6700 = SURFACE_CURVE('',#6701,(#6705,#6712),.PCURVE_S1.);
#6701 = LINE('',#6702,#6703);
#6702 = CARTESIAN_POINT('',(93.300476593297,48.,68.83107480007));
#6703 = VECTOR('',#6704,1.);
#6704 = DIRECTION('',(-0.32101976096,-0.707106781187,0.630036755335));
#6705 = PCURVE('',#605,#6706);
#6706 = DEFINITIONAL_REPRESENTATION('',(#6707),#6711);
#6707 = LINE('',#6708,#6709);
#6708 = CARTESIAN_POINT('',(4.440892098501E-16,-13.));
#6709 = VECTOR('',#6710,1.);
#6710 = DIRECTION('',(1.,0.));
#6711 = ( GEOMETRIC_REPRESENTATION_CONTEXT(2) 
PARAMETRIC_REPRESENTATION_CONTEXT() REPRESENTATION_CONTEXT('2D SPACE',''
  ) );
#6712 = PCURVE('',#639,#6713);
#6713 = DEFINITIONAL_REPRESENTATION('',(#6714),#6718);
#6714 = LINE('',#6715,#6716);
#6715 = CARTESIAN_POINT('',(9.615409118487,-48.));
#6716 = VECTOR('',#6717,1.);
#6717 = DIRECTION('',(0.707106781187,0.707106781187));
#6718 = ( GEOMETRIC_REPRESENTATION_CONTEXT(2) 
PARAMETRIC_REPRESENTATION_CONTEXT() REPRESENTATION_CONTEXT('2D SPACE',''
  ) );
#6719 = ADVANCED_FACE('',(#6720),#672,.T.);
#6720 = FACE_BOUND('',#6721,.T.);
#6721 = EDGE_LOOP('',(#6722,#6723,#6724,#6745,#6746,#6747,#6768,#6769));
#6722 = ORIENTED_EDGE('',*,*,#1784,.F.);
#6723 = ORIENTED_EDGE('',*,*,#2669,.F.);
#6724 = ORIENTED_EDGE('',*,*,#6725,.F.);
#6725 = EDGE_CURVE('',#2825,#2647,#6726,.T.);
#6726 = SURFACE_CURVE('',#6727,(#6731,#6738),.PCURVE_S1.);
#6727 = LINE('',#6728,#6729);
#6728 = CARTESIAN_POINT('',(59.959796741931,0.,101.22550436826));
#6729 = VECTOR('',#6730,1.);
#6730 = DIRECTION('',(0.891006524188,0.,0.45399049974));
#6731 = PCURVE('',#672,#6732);
#6732 = DEFINITIONAL_REPRESENTATION('',(#6733),#6737);
#6733 = LINE('',#6734,#6735);
#6734 = CARTESIAN_POINT('',(62.225396744416,-8.5));
#6735 = VECTOR('',#6736,1.);
#6736 = DIRECTION('',(0.,-1.));
#6737 = ( GEOMETRIC_REPRESENTATION_CONTEXT(2) 
PARAMETRIC_REPRESENTATION_CONTEXT() REPRESENTATION_CONTEXT('2D SPACE',''
  ) );
#6738 = PCURVE('',#756,#6739);
#6739 = DEFINITIONAL_REPRESENTATION('',(#6740),#6744);
#6740 = LINE('',#6741,#6742);
#6741 = CARTESIAN_POINT('',(1.50990331349E-14,-8.5));
#6742 = VECTOR('',#6743,1.);
#6743 = DIRECTION('',(0.,-1.));
#6744 = ( GEOMETRIC_REPRESENTATION_CONTEXT(2) 
PARAMETRIC_REPRESENTATION_CONTEXT() REPRESENTATION_CONTEXT('2D SPACE',''
  ) );
#6745 = ORIENTED_EDGE('',*,*,#2847,.T.);
#6746 = ORIENTED_EDGE('',*,*,#2433,.T.);
#6747 = ORIENTED_EDGE('',*,*,#6748,.F.);
#6748 = EDGE_CURVE('',#618,#2436,#6749,.T.);
#6749 = SURFACE_CURVE('',#6750,(#6754,#6761),.PCURVE_S1.);
#6750 = LINE('',#6751,#6752);
#6751 = CARTESIAN_POINT('',(89.397907193887,35.403852279622,
    76.490298501814));
#6752 = VECTOR('',#6753,1.);
#6753 = DIRECTION('',(0.32101976096,0.707106781187,-0.630036755335));
#6754 = PCURVE('',#672,#6755);
#6755 = DEFINITIONAL_REPRESENTATION('',(#6756),#6760);
#6756 = LINE('',#6757,#6758);
#6757 = CARTESIAN_POINT('',(12.156788690321,-23.5));
#6758 = VECTOR('',#6759,1.);
#6759 = DIRECTION('',(-1.,0.));
#6760 = ( GEOMETRIC_REPRESENTATION_CONTEXT(2) 
PARAMETRIC_REPRESENTATION_CONTEXT() REPRESENTATION_CONTEXT('2D SPACE',''
  ) );
#6761 = PCURVE('',#639,#6762);
#6762 = DEFINITIONAL_REPRESENTATION('',(#6763),#6767);
#6763 = LINE('',#6764,#6765);
#6764 = CARTESIAN_POINT('',(18.211556838865,-35.40385227962));
#6765 = VECTOR('',#6766,1.);
#6766 = DIRECTION('',(-0.707106781187,-0.707106781187));
#6767 = ( GEOMETRIC_REPRESENTATION_CONTEXT(2) 
PARAMETRIC_REPRESENTATION_CONTEXT() REPRESENTATION_CONTEXT('2D SPACE',''
  ) );
#6768 = ORIENTED_EDGE('',*,*,#651,.T.);
#6769 = ORIENTED_EDGE('',*,*,#6770,.F.);
#6770 = EDGE_CURVE('',#1785,#652,#6771,.T.);
#6771 = SURFACE_CURVE('',#6772,(#6776,#6783),.PCURVE_S1.);
#6772 = LINE('',#6773,#6774);
#6773 = CARTESIAN_POINT('',(52.38624128633,0.,97.366585120479));
#6774 = VECTOR('',#6775,1.);
#6775 = DIRECTION('',(0.891006524188,0.,0.45399049974));
#6776 = PCURVE('',#672,#6777);
#6777 = DEFINITIONAL_REPRESENTATION('',(#6778),#6782);
#6778 = LINE('',#6779,#6780);
#6779 = CARTESIAN_POINT('',(62.225396744416,-1.7763568394E-14));
#6780 = VECTOR('',#6781,1.);
#6781 = DIRECTION('',(0.,-1.));
#6782 = ( GEOMETRIC_REPRESENTATION_CONTEXT(2) 
PARAMETRIC_REPRESENTATION_CONTEXT() REPRESENTATION_CONTEXT('2D SPACE',''
  ) );
#6783 = PCURVE('',#756,#6784);
#6784 = DEFINITIONAL_REPRESENTATION('',(#6785),#6789);
#6785 = LINE('',#6786,#6787);
#6786 = CARTESIAN_POINT('',(0.,0.));
#6787 = VECTOR('',#6788,1.);
#6788 = DIRECTION('',(0.,-1.));
#6789 = ( GEOMETRIC_REPRESENTATION_CONTEXT(2) 
PARAMETRIC_REPRESENTATION_CONTEXT() REPRESENTATION_CONTEXT('2D SPACE',''
  ) );
#6790 = ADVANCED_FACE('',(#6791,#6794),#722,.T.);
#6791 = FACE_BOUND('',#6792,.T.);
#6792 = EDGE_LOOP('',(#6793));
#6793 = ORIENTED_EDGE('',*,*,#707,.T.);
#6794 = FACE_BOUND('',#6795,.T.);
#6795 = EDGE_LOOP('',(#6796));
#6796 = ORIENTED_EDGE('',*,*,#1836,.F.);
#6797 = ADVANCED_FACE('',(#6798),#756,.T.);
#6798 = FACE_BOUND('',#6799,.T.);
#6799 = EDGE_LOOP('',(#6800,#6801,#6802,#6803,#6824,#6825,#6826,#6827));
#6800 = ORIENTED_EDGE('',*,*,#1859,.F.);
#6801 = ORIENTED_EDGE('',*,*,#6770,.T.);
#6802 = ORIENTED_EDGE('',*,*,#735,.T.);
#6803 = ORIENTED_EDGE('',*,*,#6804,.F.);
#6804 = EDGE_CURVE('',#2902,#736,#6805,.T.);
#6805 = SURFACE_CURVE('',#6806,(#6810,#6817),.PCURVE_S1.);
#6806 = LINE('',#6807,#6808);
#6807 = CARTESIAN_POINT('',(79.410116199617,-13.40385227962,
    96.092442033958));
#6808 = VECTOR('',#6809,1.);
#6809 = DIRECTION('',(-0.32101976096,0.707106781187,0.630036755335));
#6810 = PCURVE('',#756,#6811);
#6811 = DEFINITIONAL_REPRESENTATION('',(#6812),#6816);
#6812 = LINE('',#6813,#6814);
#6813 = CARTESIAN_POINT('',(18.955909681887,-23.5));
#6814 = VECTOR('',#6815,1.);
#6815 = DIRECTION('',(-1.,0.));
#6816 = ( GEOMETRIC_REPRESENTATION_CONTEXT(2) 
PARAMETRIC_REPRESENTATION_CONTEXT() REPRESENTATION_CONTEXT('2D SPACE',''
  ) );
#6817 = PCURVE('',#639,#6818);
#6818 = DEFINITIONAL_REPRESENTATION('',(#6819),#6823);
#6819 = LINE('',#6820,#6821);
#6820 = CARTESIAN_POINT('',(40.211556838865,13.403852279622));
#6821 = VECTOR('',#6822,1.);
#6822 = DIRECTION('',(0.707106781187,-0.707106781187));
#6823 = ( GEOMETRIC_REPRESENTATION_CONTEXT(2) 
PARAMETRIC_REPRESENTATION_CONTEXT() REPRESENTATION_CONTEXT('2D SPACE',''
  ) );
#6824 = ORIENTED_EDGE('',*,*,#2901,.T.);
#6825 = ORIENTED_EDGE('',*,*,#2824,.T.);
#6826 = ORIENTED_EDGE('',*,*,#6725,.T.);
#6827 = ORIENTED_EDGE('',*,*,#2646,.F.);
#6828 = ADVANCED_FACE('',(#6829),#639,.T.);
#6829 = FACE_BOUND('',#6830,.T.);
#6830 = EDGE_LOOP('',(#6831,#6856,#6877,#6878,#6879,#6880,#6881,#6882,
    #6883,#6884,#6885,#6886,#6887,#6888,#6889,#6890,#6891,#6892,#6893,
    #6894,#6895,#6896,#6897,#6898,#6899,#6900,#6901,#6902,#6903,#6904,
    #6905,#6906,#6907,#6908,#6909,#6910,#6911,#6912,#6913,#6914,#6915,
    #6916,#6917,#6918,#6919,#6920,#6921,#6922,#6923,#6924,#6925,#6926,
    #6927,#6948,#6949,#6950,#6951,#6952));
#6831 = ORIENTED_EDGE('',*,*,#6832,.T.);
#6832 = EDGE_CURVE('',#6833,#6835,#6837,.T.);
#6833 = VERTEX_POINT('',#6834);
#6834 = CARTESIAN_POINT('',(93.300476593297,-48.,68.83107480007));
#6835 = VERTEX_POINT('',#6836);
#6836 = CARTESIAN_POINT('',(97.840381590692,-48.,59.921009558186));
#6837 = SURFACE_CURVE('',#6838,(#6842,#6849),.PCURVE_S1.);
#6838 = LINE('',#6839,#6840);
#6839 = CARTESIAN_POINT('',(93.300476593297,-48.,68.83107480007));
#6840 = VECTOR('',#6841,1.);
#6841 = DIRECTION('',(0.45399049974,0.,-0.891006524188));
#6842 = PCURVE('',#639,#6843);
#6843 = DEFINITIONAL_REPRESENTATION('',(#6844),#6848);
#6844 = LINE('',#6845,#6846);
#6845 = CARTESIAN_POINT('',(9.615409118487,48.));
#6846 = VECTOR('',#6847,1.);
#6847 = DIRECTION('',(-1.,0.));
#6848 = ( GEOMETRIC_REPRESENTATION_CONTEXT(2) 
PARAMETRIC_REPRESENTATION_CONTEXT() REPRESENTATION_CONTEXT('2D SPACE',''
  ) );
#6849 = PCURVE('',#844,#6850);
#6850 = DEFINITIONAL_REPRESENTATION('',(#6851),#6855);
#6851 = LINE('',#6852,#6853);
#6852 = CARTESIAN_POINT('',(-8.881784197001E-16,-13.));
#6853 = VECTOR('',#6854,1.);
#6854 = DIRECTION('',(1.,0.));
#6855 = ( GEOMETRIC_REPRESENTATION_CONTEXT(2) 
PARAMETRIC_REPRESENTATION_CONTEXT() REPRESENTATION_CONTEXT('2D SPACE',''
  ) );
#6856 = ORIENTED_EDGE('',*,*,#6857,.T.);
#6857 = EDGE_CURVE('',#6835,#6580,#6858,.T.);
#6858 = SURFACE_CURVE('',#6859,(#6863,#6870),.PCURVE_S1.);
#6859 = LINE('',#6860,#6861);
#6860 = CARTESIAN_POINT('',(97.840381590692,-48.,59.921009558186));
#6861 = VECTOR('',#6862,1.);
#6862 = DIRECTION('',(0.453018471231,6.540312923014E-02,-0.889098810825)
  );
#6863 = PCURVE('',#639,#6864);
#6864 = DEFINITIONAL_REPRESENTATION('',(#6865),#6869);
#6865 = LINE('',#6866,#6867);
#6866 = CARTESIAN_POINT('',(-0.384590881513,48.));
#6867 = VECTOR('',#6868,1.);
#6868 = DIRECTION('',(-0.997858923239,-6.540312923014E-02));
#6869 = ( GEOMETRIC_REPRESENTATION_CONTEXT(2) 
PARAMETRIC_REPRESENTATION_CONTEXT() REPRESENTATION_CONTEXT('2D SPACE',''
  ) );
#6870 = PCURVE('',#875,#6871);
#6871 = DEFINITIONAL_REPRESENTATION('',(#6872),#6876);
#6872 = LINE('',#6873,#6874);
#6873 = CARTESIAN_POINT('',(-8.881784197001E-16,-13.));
#6874 = VECTOR('',#6875,1.);
#6875 = DIRECTION('',(1.,-5.551115123126E-17));
#6876 = ( GEOMETRIC_REPRESENTATION_CONTEXT(2) 
PARAMETRIC_REPRESENTATION_CONTEXT() REPRESENTATION_CONTEXT('2D SPACE',''
  ) );
#6877 = ORIENTED_EDGE('',*,*,#6602,.T.);
#6878 = ORIENTED_EDGE('',*,*,#6531,.T.);
#6879 = ORIENTED_EDGE('',*,*,#6455,.T.);
#6880 = ORIENTED_EDGE('',*,*,#6379,.T.);
#6881 = ORIENTED_EDGE('',*,*,#6303,.T.);
#6882 = ORIENTED_EDGE('',*,*,#6227,.T.);
#6883 = ORIENTED_EDGE('',*,*,#6151,.T.);
#6884 = ORIENTED_EDGE('',*,*,#6075,.T.);
#6885 = ORIENTED_EDGE('',*,*,#5999,.T.);
#6886 = ORIENTED_EDGE('',*,*,#5923,.T.);
#6887 = ORIENTED_EDGE('',*,*,#5847,.T.);
#6888 = ORIENTED_EDGE('',*,*,#5771,.T.);
#6889 = ORIENTED_EDGE('',*,*,#5695,.T.);
#6890 = ORIENTED_EDGE('',*,*,#5619,.T.);
#6891 = ORIENTED_EDGE('',*,*,#5543,.T.);
#6892 = ORIENTED_EDGE('',*,*,#5467,.T.);
#6893 = ORIENTED_EDGE('',*,*,#5391,.T.);
#6894 = ORIENTED_EDGE('',*,*,#5315,.T.);
#6895 = ORIENTED_EDGE('',*,*,#5239,.T.);
#6896 = ORIENTED_EDGE('',*,*,#5163,.T.);
#6897 = ORIENTED_EDGE('',*,*,#5087,.T.);
#6898 = ORIENTED_EDGE('',*,*,#5011,.T.);
#6899 = ORIENTED_EDGE('',*,*,#4933,.T.);
#6900 = ORIENTED_EDGE('',*,*,#6650,.T.);
#6901 = ORIENTED_EDGE('',*,*,#6699,.T.);
#6902 = ORIENTED_EDGE('',*,*,#617,.F.);
#6903 = ORIENTED_EDGE('',*,*,#6748,.T.);
#6904 = ORIENTED_EDGE('',*,*,#2480,.T.);
#6905 = ORIENTED_EDGE('',*,*,#2409,.T.);
#6906 = ORIENTED_EDGE('',*,*,#3341,.T.);
#6907 = ORIENTED_EDGE('',*,*,#3418,.T.);
#6908 = ORIENTED_EDGE('',*,*,#3494,.T.);
#6909 = ORIENTED_EDGE('',*,*,#3570,.T.);
#6910 = ORIENTED_EDGE('',*,*,#3646,.T.);
#6911 = ORIENTED_EDGE('',*,*,#3722,.T.);
#6912 = ORIENTED_EDGE('',*,*,#3798,.T.);
#6913 = ORIENTED_EDGE('',*,*,#3874,.T.);
#6914 = ORIENTED_EDGE('',*,*,#3950,.T.);
#6915 = ORIENTED_EDGE('',*,*,#4026,.T.);
#6916 = ORIENTED_EDGE('',*,*,#4102,.T.);
#6917 = ORIENTED_EDGE('',*,*,#4178,.T.);
#6918 = ORIENTED_EDGE('',*,*,#4254,.T.);
#6919 = ORIENTED_EDGE('',*,*,#4330,.T.);
#6920 = ORIENTED_EDGE('',*,*,#4406,.T.);
#6921 = ORIENTED_EDGE('',*,*,#4482,.T.);
#6922 = ORIENTED_EDGE('',*,*,#4558,.T.);
#6923 = ORIENTED_EDGE('',*,*,#4634,.T.);
#6924 = ORIENTED_EDGE('',*,*,#4710,.T.);
#6925 = ORIENTED_EDGE('',*,*,#4786,.T.);
#6926 = ORIENTED_EDGE('',*,*,#4857,.T.);
#6927 = ORIENTED_EDGE('',*,*,#6928,.T.);
#6928 = EDGE_CURVE('',#4835,#2952,#6929,.T.);
#6929 = SURFACE_CURVE('',#6930,(#6934,#6941),.PCURVE_S1.);
#6930 = LINE('',#6931,#6932);
#6931 = CARTESIAN_POINT('',(101.00442171206,-43.37965865416,
    53.711231176148));
#6932 = VECTOR('',#6933,1.);
#6933 = DIRECTION('',(-0.445267199587,-0.195090322016,0.873886083667));
#6934 = PCURVE('',#639,#6935);
#6935 = DEFINITIONAL_REPRESENTATION('',(#6936),#6940);
#6936 = LINE('',#6937,#6938);
#6937 = CARTESIAN_POINT('',(-7.353988089569,43.379658654164));
#6938 = VECTOR('',#6939,1.);
#6939 = DIRECTION('',(0.980785280403,0.195090322016));
#6940 = ( GEOMETRIC_REPRESENTATION_CONTEXT(2) 
PARAMETRIC_REPRESENTATION_CONTEXT() REPRESENTATION_CONTEXT('2D SPACE',''
  ) );
#6941 = PCURVE('',#936,#6942);
#6942 = DEFINITIONAL_REPRESENTATION('',(#6943),#6947);
#6943 = LINE('',#6944,#6945);
#6944 = CARTESIAN_POINT('',(1.250268305281,-23.5));
#6945 = VECTOR('',#6946,1.);
#6946 = DIRECTION('',(-1.,5.551115123126E-17));
#6947 = ( GEOMETRIC_REPRESENTATION_CONTEXT(2) 
PARAMETRIC_REPRESENTATION_CONTEXT() REPRESENTATION_CONTEXT('2D SPACE',''
  ) );
#6948 = ORIENTED_EDGE('',*,*,#2951,.T.);
#6949 = ORIENTED_EDGE('',*,*,#2924,.T.);
#6950 = ORIENTED_EDGE('',*,*,#6804,.T.);
#6951 = ORIENTED_EDGE('',*,*,#768,.F.);
#6952 = ORIENTED_EDGE('',*,*,#6953,.T.);
#6953 = EDGE_CURVE('',#769,#6833,#6954,.T.);
#6954 = SURFACE_CURVE('',#6955,(#6959,#6966),.PCURVE_S1.);
#6955 = LINE('',#6956,#6957);
#6956 = CARTESIAN_POINT('',(71.508932605798,0.,111.59938796111));
#6957 = VECTOR('',#6958,1.);
#6958 = DIRECTION('',(0.32101976096,-0.707106781187,-0.630036755335));
#6959 = PCURVE('',#639,#6960);
#6960 = DEFINITIONAL_REPRESENTATION('',(#6961),#6965);
#6961 = LINE('',#6962,#6963);
#6962 = CARTESIAN_POINT('',(57.615409118487,-3.709760455135E-16));
#6963 = VECTOR('',#6964,1.);
#6964 = DIRECTION('',(-0.707106781187,0.707106781187));
#6965 = ( GEOMETRIC_REPRESENTATION_CONTEXT(2) 
PARAMETRIC_REPRESENTATION_CONTEXT() REPRESENTATION_CONTEXT('2D SPACE',''
  ) );
#6966 = PCURVE('',#817,#6967);
#6967 = DEFINITIONAL_REPRESENTATION('',(#6968),#6972);
#6968 = LINE('',#6969,#6970);
#6969 = CARTESIAN_POINT('',(-1.86517468137E-14,-13.));
#6970 = VECTOR('',#6971,1.);
#6971 = DIRECTION('',(1.,0.));
#6972 = ( GEOMETRIC_REPRESENTATION_CONTEXT(2) 
PARAMETRIC_REPRESENTATION_CONTEXT() REPRESENTATION_CONTEXT('2D SPACE',''
  ) );
#6973 = ADVANCED_FACE('',(#6974),#817,.F.);
#6974 = FACE_BOUND('',#6975,.F.);
#6975 = EDGE_LOOP('',(#6976,#6977,#6978));
#6976 = ORIENTED_EDGE('',*,*,#797,.F.);
#6977 = ORIENTED_EDGE('',*,*,#6953,.T.);
#6978 = ORIENTED_EDGE('',*,*,#6979,.F.);
#6979 = EDGE_CURVE('',#798,#6833,#6980,.T.);
#6980 = SURFACE_CURVE('',#6981,(#6985,#6992),.PCURVE_S1.);
#6981 = LINE('',#6982,#6983);
#6982 = CARTESIAN_POINT('',(81.717391778848,-48.,62.929198303456));
#6983 = VECTOR('',#6984,1.);
#6984 = DIRECTION('',(0.891006524188,0.,0.45399049974));
#6985 = PCURVE('',#817,#6986);
#6986 = DEFINITIONAL_REPRESENTATION('',(#6987),#6991);
#6987 = LINE('',#6988,#6989);
#6988 = CARTESIAN_POINT('',(67.882250993909,-3.552713678801E-15));
#6989 = VECTOR('',#6990,1.);
#6990 = DIRECTION('',(0.,-1.));
#6991 = ( GEOMETRIC_REPRESENTATION_CONTEXT(2) 
PARAMETRIC_REPRESENTATION_CONTEXT() REPRESENTATION_CONTEXT('2D SPACE',''
  ) );
#6992 = PCURVE('',#844,#6993);
#6993 = DEFINITIONAL_REPRESENTATION('',(#6994),#6998);
#6994 = LINE('',#6995,#6996);
#6995 = CARTESIAN_POINT('',(0.,0.));
#6996 = VECTOR('',#6997,1.);
#6997 = DIRECTION('',(0.,-1.));
#6998 = ( GEOMETRIC_REPRESENTATION_CONTEXT(2) 
PARAMETRIC_REPRESENTATION_CONTEXT() REPRESENTATION_CONTEXT('2D SPACE',''
  ) );
#6999 = ADVANCED_FACE('',(#7000),#844,.F.);
#7000 = FACE_BOUND('',#7001,.F.);
#7001 = EDGE_LOOP('',(#7002,#7003,#7004,#7005));
#7002 = ORIENTED_EDGE('',*,*,#829,.F.);
#7003 = ORIENTED_EDGE('',*,*,#6979,.T.);
#7004 = ORIENTED_EDGE('',*,*,#6832,.T.);
#7005 = ORIENTED_EDGE('',*,*,#7006,.F.);
#7006 = EDGE_CURVE('',#830,#6835,#7007,.T.);
#7007 = SURFACE_CURVE('',#7008,(#7012,#7019),.PCURVE_S1.);
#7008 = LINE('',#7009,#7010);
#7009 = CARTESIAN_POINT('',(86.257296776243,-48.,54.019133061572));
#7010 = VECTOR('',#7011,1.);
#7011 = DIRECTION('',(0.891006524188,0.,0.45399049974));
#7012 = PCURVE('',#844,#7013);
#7013 = DEFINITIONAL_REPRESENTATION('',(#7014),#7018);
#7014 = LINE('',#7015,#7016);
#7015 = CARTESIAN_POINT('',(10.,-3.552713678801E-15));
#7016 = VECTOR('',#7017,1.);
#7017 = DIRECTION('',(0.,-1.));
#7018 = ( GEOMETRIC_REPRESENTATION_CONTEXT(2) 
PARAMETRIC_REPRESENTATION_CONTEXT() REPRESENTATION_CONTEXT('2D SPACE',''
  ) );
#7019 = PCURVE('',#875,#7020);
#7020 = DEFINITIONAL_REPRESENTATION('',(#7021),#7025);
#7021 = LINE('',#7022,#7023);
#7022 = CARTESIAN_POINT('',(0.,0.));
#7023 = VECTOR('',#7024,1.);
#7024 = DIRECTION('',(0.,-1.));
#7025 = ( GEOMETRIC_REPRESENTATION_CONTEXT(2) 
PARAMETRIC_REPRESENTATION_CONTEXT() REPRESENTATION_CONTEXT('2D SPACE',''
  ) );
#7026 = ADVANCED_FACE('',(#7027),#875,.F.);
#7027 = FACE_BOUND('',#7028,.F.);
#7028 = EDGE_LOOP('',(#7029,#7030,#7031,#7032,#7033));
#7029 = ORIENTED_EDGE('',*,*,#855,.F.);
#7030 = ORIENTED_EDGE('',*,*,#7006,.T.);
#7031 = ORIENTED_EDGE('',*,*,#6857,.T.);
#7032 = ORIENTED_EDGE('',*,*,#6577,.F.);
#7033 = ORIENTED_EDGE('',*,*,#7034,.F.);
#7034 = EDGE_CURVE('',#856,#6578,#7035,.T.);
#7035 = SURFACE_CURVE('',#7036,(#7040,#7047),.PCURVE_S1.);
#7036 = LINE('',#7037,#7038);
#7037 = CARTESIAN_POINT('',(86.257296776243,-48.,54.019133061572));
#7038 = VECTOR('',#7039,1.);
#7039 = DIRECTION('',(0.453018471231,6.540312923014E-02,-0.889098810825)
  );
#7040 = PCURVE('',#875,#7041);
#7041 = DEFINITIONAL_REPRESENTATION('',(#7042),#7046);
#7042 = LINE('',#7043,#7044);
#7043 = CARTESIAN_POINT('',(0.,0.));
#7044 = VECTOR('',#7045,1.);
#7045 = DIRECTION('',(1.,-5.551115123126E-17));
#7046 = ( GEOMETRIC_REPRESENTATION_CONTEXT(2) 
PARAMETRIC_REPRESENTATION_CONTEXT() REPRESENTATION_CONTEXT('2D SPACE',''
  ) );
#7047 = PCURVE('',#515,#7048);
#7048 = DEFINITIONAL_REPRESENTATION('',(#7049),#7053);
#7049 = LINE('',#7050,#7051);
#7050 = CARTESIAN_POINT('',(-0.384590881513,48.));
#7051 = VECTOR('',#7052,1.);
#7052 = DIRECTION('',(-0.997858923239,-6.540312923014E-02));
#7053 = ( GEOMETRIC_REPRESENTATION_CONTEXT(2) 
PARAMETRIC_REPRESENTATION_CONTEXT() REPRESENTATION_CONTEXT('2D SPACE',''
  ) );
#7054 = ADVANCED_FACE('',(#7055),#515,.F.);
#7055 = FACE_BOUND('',#7056,.F.);
#7056 = EDGE_LOOP('',(#7057,#7058,#7059,#7060,#7061,#7062,#7063,#7064,
    #7065,#7066,#7067,#7068,#7069,#7070,#7071,#7072,#7073,#7074,#7075,
    #7076,#7077,#7078,#7079,#7080,#7081,#7082,#7083,#7084,#7085,#7086,
    #7087,#7088,#7089,#7090,#7091,#7092,#7093,#7094,#7095,#7096,#7097,
    #7098,#7099,#7100,#7101,#7102,#7103,#7104));
#7057 = ORIENTED_EDGE('',*,*,#887,.F.);
#7058 = ORIENTED_EDGE('',*,*,#7034,.T.);
#7059 = ORIENTED_EDGE('',*,*,#6624,.T.);
#7060 = ORIENTED_EDGE('',*,*,#6553,.T.);
#7061 = ORIENTED_EDGE('',*,*,#6477,.T.);
#7062 = ORIENTED_EDGE('',*,*,#6401,.T.);
#7063 = ORIENTED_EDGE('',*,*,#6325,.T.);
#7064 = ORIENTED_EDGE('',*,*,#6249,.T.);
#7065 = ORIENTED_EDGE('',*,*,#6173,.T.);
#7066 = ORIENTED_EDGE('',*,*,#6097,.T.);
#7067 = ORIENTED_EDGE('',*,*,#6021,.T.);
#7068 = ORIENTED_EDGE('',*,*,#5945,.T.);
#7069 = ORIENTED_EDGE('',*,*,#5869,.T.);
#7070 = ORIENTED_EDGE('',*,*,#5793,.T.);
#7071 = ORIENTED_EDGE('',*,*,#5717,.T.);
#7072 = ORIENTED_EDGE('',*,*,#5641,.T.);
#7073 = ORIENTED_EDGE('',*,*,#5565,.T.);
#7074 = ORIENTED_EDGE('',*,*,#5489,.T.);
#7075 = ORIENTED_EDGE('',*,*,#5413,.T.);
#7076 = ORIENTED_EDGE('',*,*,#5337,.T.);
#7077 = ORIENTED_EDGE('',*,*,#5261,.T.);
#7078 = ORIENTED_EDGE('',*,*,#5185,.T.);
#7079 = ORIENTED_EDGE('',*,*,#5109,.T.);
#7080 = ORIENTED_EDGE('',*,*,#5033,.T.);
#7081 = ORIENTED_EDGE('',*,*,#4882,.T.);
#7082 = ORIENTED_EDGE('',*,*,#493,.F.);
#7083 = ORIENTED_EDGE('',*,*,#3290,.T.);
#7084 = ORIENTED_EDGE('',*,*,#3367,.T.);
#7085 = ORIENTED_EDGE('',*,*,#3443,.T.);
#7086 = ORIENTED_EDGE('',*,*,#3519,.T.);
#7087 = ORIENTED_EDGE('',*,*,#3595,.T.);
#7088 = ORIENTED_EDGE('',*,*,#3671,.T.);
#7089 = ORIENTED_EDGE('',*,*,#3747,.T.);
#7090 = ORIENTED_EDGE('',*,*,#3823,.T.);
#7091 = ORIENTED_EDGE('',*,*,#3899,.T.);
#7092 = ORIENTED_EDGE('',*,*,#3975,.T.);
#7093 = ORIENTED_EDGE('',*,*,#4051,.T.);
#7094 = ORIENTED_EDGE('',*,*,#4127,.T.);
#7095 = ORIENTED_EDGE('',*,*,#4203,.T.);
#7096 = ORIENTED_EDGE('',*,*,#4279,.T.);
#7097 = ORIENTED_EDGE('',*,*,#4355,.T.);
#7098 = ORIENTED_EDGE('',*,*,#4431,.T.);
#7099 = ORIENTED_EDGE('',*,*,#4507,.T.);
#7100 = ORIENTED_EDGE('',*,*,#4583,.T.);
#7101 = ORIENTED_EDGE('',*,*,#4659,.T.);
#7102 = ORIENTED_EDGE('',*,*,#4735,.T.);
#7103 = ORIENTED_EDGE('',*,*,#4811,.T.);
#7104 = ORIENTED_EDGE('',*,*,#7105,.T.);
#7105 = EDGE_CURVE('',#4812,#888,#7106,.T.);
#7106 = SURFACE_CURVE('',#7107,(#7111,#7118),.PCURVE_S1.);
#7107 = LINE('',#7108,#7109);
#7108 = CARTESIAN_POINT('',(89.421336897612,-43.37965865416,
    47.809354679534));
#7109 = VECTOR('',#7110,1.);
#7110 = DIRECTION('',(-0.445267199587,-0.195090322016,0.873886083667));
#7111 = PCURVE('',#515,#7112);
#7112 = DEFINITIONAL_REPRESENTATION('',(#7113),#7117);
#7113 = LINE('',#7114,#7115);
#7114 = CARTESIAN_POINT('',(-7.353988089569,43.379658654164));
#7115 = VECTOR('',#7116,1.);
#7116 = DIRECTION('',(0.980785280403,0.195090322016));
#7117 = ( GEOMETRIC_REPRESENTATION_CONTEXT(2) 
PARAMETRIC_REPRESENTATION_CONTEXT() REPRESENTATION_CONTEXT('2D SPACE',''
  ) );
#7118 = PCURVE('',#936,#7119);
#7119 = DEFINITIONAL_REPRESENTATION('',(#7120),#7124);
#7120 = LINE('',#7121,#7122);
#7121 = CARTESIAN_POINT('',(1.250268305281,-10.5));
#7122 = VECTOR('',#7123,1.);
#7123 = DIRECTION('',(-1.,5.551115123126E-17));
#7124 = ( GEOMETRIC_REPRESENTATION_CONTEXT(2) 
PARAMETRIC_REPRESENTATION_CONTEXT() REPRESENTATION_CONTEXT('2D SPACE',''
  ) );
#7125 = ADVANCED_FACE('',(#7126),#936,.T.);
#7126 = FACE_BOUND('',#7127,.T.);
#7127 = EDGE_LOOP('',(#7128,#7129,#7130,#7131,#7132,#7133,#7154));
#7128 = ORIENTED_EDGE('',*,*,#2974,.T.);
#7129 = ORIENTED_EDGE('',*,*,#6928,.F.);
#7130 = ORIENTED_EDGE('',*,*,#4834,.F.);
#7131 = ORIENTED_EDGE('',*,*,#7105,.T.);
#7132 = ORIENTED_EDGE('',*,*,#916,.T.);
#7133 = ORIENTED_EDGE('',*,*,#7134,.F.);
#7134 = EDGE_CURVE('',#2037,#917,#7135,.T.);
#7135 = SURFACE_CURVE('',#7136,(#7140,#7147),.PCURVE_S1.);
#7136 = LINE('',#7137,#7138);
#7137 = CARTESIAN_POINT('',(82.071789327906,-42.50073635671,
    39.105416672402));
#7138 = VECTOR('',#7139,1.);
#7139 = DIRECTION('',(0.891006524188,0.,0.45399049974));
#7140 = PCURVE('',#936,#7141);
#7141 = DEFINITIONAL_REPRESENTATION('',(#7142),#7146);
#7142 = LINE('',#7143,#7144);
#7143 = CARTESIAN_POINT('',(5.755475372253,7.549516567451E-15));
#7144 = VECTOR('',#7145,1.);
#7145 = DIRECTION('',(5.551115123126E-17,-1.));
#7146 = ( GEOMETRIC_REPRESENTATION_CONTEXT(2) 
PARAMETRIC_REPRESENTATION_CONTEXT() REPRESENTATION_CONTEXT('2D SPACE',''
  ) );
#7147 = PCURVE('',#968,#7148);
#7148 = DEFINITIONAL_REPRESENTATION('',(#7149),#7153);
#7149 = LINE('',#7150,#7151);
#7150 = CARTESIAN_POINT('',(0.,0.));
#7151 = VECTOR('',#7152,1.);
#7152 = DIRECTION('',(0.,-1.));
#7153 = ( GEOMETRIC_REPRESENTATION_CONTEXT(2) 
PARAMETRIC_REPRESENTATION_CONTEXT() REPRESENTATION_CONTEXT('2D SPACE',''
  ) );
#7154 = ORIENTED_EDGE('',*,*,#2036,.F.);
#7155 = ADVANCED_FACE('',(#7156),#968,.T.);
#7156 = FACE_BOUND('',#7157,.T.);
#7157 = EDGE_LOOP('',(#7158,#7159,#7160,#7181));
#7158 = ORIENTED_EDGE('',*,*,#7134,.T.);
#7159 = ORIENTED_EDGE('',*,*,#948,.T.);
#7160 = ORIENTED_EDGE('',*,*,#7161,.F.);
#7161 = EDGE_CURVE('',#2064,#949,#7162,.T.);
#7162 = SURFACE_CURVE('',#7163,(#7167,#7174),.PCURVE_S1.);
#7163 = LINE('',#7164,#7165);
#7164 = CARTESIAN_POINT('',(84.54605255113,-40.65069943049,
    34.249401677119));
#7165 = VECTOR('',#7166,1.);
#7166 = DIRECTION('',(0.891006524188,0.,0.45399049974));
#7167 = PCURVE('',#968,#7168);
#7168 = DEFINITIONAL_REPRESENTATION('',(#7169),#7173);
#7169 = LINE('',#7170,#7171);
#7170 = CARTESIAN_POINT('',(5.755475372253,-6.661338147751E-15));
#7171 = VECTOR('',#7172,1.);
#7172 = DIRECTION('',(0.,-1.));
#7173 = ( GEOMETRIC_REPRESENTATION_CONTEXT(2) 
PARAMETRIC_REPRESENTATION_CONTEXT() REPRESENTATION_CONTEXT('2D SPACE',''
  ) );
#7174 = PCURVE('',#1000,#7175);
#7175 = DEFINITIONAL_REPRESENTATION('',(#7176),#7180);
#7176 = LINE('',#7177,#7178);
#7177 = CARTESIAN_POINT('',(0.,0.));
#7178 = VECTOR('',#7179,1.);
#7179 = DIRECTION('',(5.551115123126E-17,-1.));
#7180 = ( GEOMETRIC_REPRESENTATION_CONTEXT(2) 
PARAMETRIC_REPRESENTATION_CONTEXT() REPRESENTATION_CONTEXT('2D SPACE',''
  ) );
#7181 = ORIENTED_EDGE('',*,*,#2063,.F.);
#7182 = ADVANCED_FACE('',(#7183),#1000,.T.);
#7183 = FACE_BOUND('',#7184,.T.);
#7184 = EDGE_LOOP('',(#7185,#7186,#7187,#7208));
#7185 = ORIENTED_EDGE('',*,*,#7161,.T.);
#7186 = ORIENTED_EDGE('',*,*,#980,.T.);
#7187 = ORIENTED_EDGE('',*,*,#7188,.F.);
#7188 = EDGE_CURVE('',#2091,#981,#7189,.T.);
#7189 = SURFACE_CURVE('',#7190,(#7194,#7201),.PCURVE_S1.);
#7190 = LINE('',#7191,#7192);
#7191 = CARTESIAN_POINT('',(86.889519266535,-38.10511776651,
    29.650089282163));
#7192 = VECTOR('',#7193,1.);
#7193 = DIRECTION('',(0.891006524188,0.,0.45399049974));
#7194 = PCURVE('',#1000,#7195);
#7195 = DEFINITIONAL_REPRESENTATION('',(#7196),#7200);
#7196 = LINE('',#7197,#7198);
#7197 = CARTESIAN_POINT('',(5.755475372253,4.440892098501E-15));
#7198 = VECTOR('',#7199,1.);
#7199 = DIRECTION('',(5.551115123126E-17,-1.));
#7200 = ( GEOMETRIC_REPRESENTATION_CONTEXT(2) 
PARAMETRIC_REPRESENTATION_CONTEXT() REPRESENTATION_CONTEXT('2D SPACE',''
  ) );
#7201 = PCURVE('',#1032,#7202);
#7202 = DEFINITIONAL_REPRESENTATION('',(#7203),#7207);
#7203 = LINE('',#7204,#7205);
#7204 = CARTESIAN_POINT('',(0.,0.));
#7205 = VECTOR('',#7206,1.);
#7206 = DIRECTION('',(0.,-1.));
#7207 = ( GEOMETRIC_REPRESENTATION_CONTEXT(2) 
PARAMETRIC_REPRESENTATION_CONTEXT() REPRESENTATION_CONTEXT('2D SPACE',''
  ) );
#7208 = ORIENTED_EDGE('',*,*,#2090,.F.);
#7209 = ADVANCED_FACE('',(#7210),#1032,.T.);
#7210 = FACE_BOUND('',#7211,.T.);
#7211 = EDGE_LOOP('',(#7212,#7213,#7214,#7235));
#7212 = ORIENTED_EDGE('',*,*,#7188,.T.);
#7213 = ORIENTED_EDGE('',*,*,#1012,.T.);
#7214 = ORIENTED_EDGE('',*,*,#7215,.F.);
#7215 = EDGE_CURVE('',#2118,#1013,#7216,.T.);
#7216 = SURFACE_CURVE('',#7217,(#7221,#7228),.PCURVE_S1.);
#7217 = LINE('',#7218,#7219);
#7218 = CARTESIAN_POINT('',(89.06209210889,-34.90754697281,
    25.386174997782));
#7219 = VECTOR('',#7220,1.);
#7220 = DIRECTION('',(0.891006524188,0.,0.45399049974));
#7221 = PCURVE('',#1032,#7222);
#7222 = DEFINITIONAL_REPRESENTATION('',(#7223),#7227);
#7223 = LINE('',#7224,#7225);
#7224 = CARTESIAN_POINT('',(5.755475372253,1.998401444325E-15));
#7225 = VECTOR('',#7226,1.);
#7226 = DIRECTION('',(0.,-1.));
#7227 = ( GEOMETRIC_REPRESENTATION_CONTEXT(2) 
PARAMETRIC_REPRESENTATION_CONTEXT() REPRESENTATION_CONTEXT('2D SPACE',''
  ) );
#7228 = PCURVE('',#1064,#7229);
#7229 = DEFINITIONAL_REPRESENTATION('',(#7230),#7234);
#7230 = LINE('',#7231,#7232);
#7231 = CARTESIAN_POINT('',(0.,0.));
#7232 = VECTOR('',#7233,1.);
#7233 = DIRECTION('',(0.,-1.));
#7234 = ( GEOMETRIC_REPRESENTATION_CONTEXT(2) 
PARAMETRIC_REPRESENTATION_CONTEXT() REPRESENTATION_CONTEXT('2D SPACE',''
  ) );
#7235 = ORIENTED_EDGE('',*,*,#2117,.F.);
#7236 = ADVANCED_FACE('',(#7237),#1064,.T.);
#7237 = FACE_BOUND('',#7238,.T.);
#7238 = EDGE_LOOP('',(#7239,#7240,#7241,#7262));
#7239 = ORIENTED_EDGE('',*,*,#7215,.T.);
#7240 = ORIENTED_EDGE('',*,*,#1044,.T.);
#7241 = ORIENTED_EDGE('',*,*,#7242,.F.);
#7242 = EDGE_CURVE('',#2145,#1045,#7243,.T.);
#7243 = SURFACE_CURVE('',#7244,(#7248,#7255),.PCURVE_S1.);
#7244 = LINE('',#7245,#7246);
#7245 = CARTESIAN_POINT('',(91.02659775451,-31.1126983722,
    21.530615579564));
#7246 = VECTOR('',#7247,1.);
#7247 = DIRECTION('',(0.891006524188,0.,0.45399049974));
#7248 = PCURVE('',#1064,#7249);
#7249 = DEFINITIONAL_REPRESENTATION('',(#7250),#7254);
#7250 = LINE('',#7251,#7252);
#7251 = CARTESIAN_POINT('',(5.755475372253,-1.06581410364E-14));
#7252 = VECTOR('',#7253,1.);
#7253 = DIRECTION('',(0.,-1.));
#7254 = ( GEOMETRIC_REPRESENTATION_CONTEXT(2) 
PARAMETRIC_REPRESENTATION_CONTEXT() REPRESENTATION_CONTEXT('2D SPACE',''
  ) );
#7255 = PCURVE('',#1096,#7256);
#7256 = DEFINITIONAL_REPRESENTATION('',(#7257),#7261);
#7257 = LINE('',#7258,#7259);
#7258 = CARTESIAN_POINT('',(0.,0.));
#7259 = VECTOR('',#7260,1.);
#7260 = DIRECTION('',(0.,-1.));
#7261 = ( GEOMETRIC_REPRESENTATION_CONTEXT(2) 
PARAMETRIC_REPRESENTATION_CONTEXT() REPRESENTATION_CONTEXT('2D SPACE',''
  ) );
#7262 = ORIENTED_EDGE('',*,*,#2144,.F.);
#7263 = ADVANCED_FACE('',(#7264),#1096,.T.);
#7264 = FACE_BOUND('',#7265,.T.);
#7265 = EDGE_LOOP('',(#7266,#7267,#7268,#7289));
#7266 = ORIENTED_EDGE('',*,*,#7242,.T.);
#7267 = ORIENTED_EDGE('',*,*,#1076,.T.);
#7268 = ORIENTED_EDGE('',*,*,#7269,.F.);
#7269 = EDGE_CURVE('',#2172,#1077,#7270,.T.);
#7270 = SURFACE_CURVE('',#7271,(#7275,#7282),.PCURVE_S1.);
#7271 = LINE('',#7272,#7273);
#7272 = CARTESIAN_POINT('',(92.749422967135,-26.78550287638,
    18.149380718117));
#7273 = VECTOR('',#7274,1.);
#7274 = DIRECTION('',(0.891006524188,0.,0.45399049974));
#7275 = PCURVE('',#1096,#7276);
#7276 = DEFINITIONAL_REPRESENTATION('',(#7277),#7281);
#7277 = LINE('',#7278,#7279);
#7278 = CARTESIAN_POINT('',(5.755475372253,1.287858708565E-14));
#7279 = VECTOR('',#7280,1.);
#7280 = DIRECTION('',(0.,-1.));
#7281 = ( GEOMETRIC_REPRESENTATION_CONTEXT(2) 
PARAMETRIC_REPRESENTATION_CONTEXT() REPRESENTATION_CONTEXT('2D SPACE',''
  ) );
#7282 = PCURVE('',#1128,#7283);
#7283 = DEFINITIONAL_REPRESENTATION('',(#7284),#7288);
#7284 = LINE('',#7285,#7286);
#7285 = CARTESIAN_POINT('',(0.,0.));
#7286 = VECTOR('',#7287,1.);
#7287 = DIRECTION('',(-2.775557561563E-17,-1.));
#7288 = ( GEOMETRIC_REPRESENTATION_CONTEXT(2) 
PARAMETRIC_REPRESENTATION_CONTEXT() REPRESENTATION_CONTEXT('2D SPACE',''
  ) );
#7289 = ORIENTED_EDGE('',*,*,#2171,.F.);
#7290 = ADVANCED_FACE('',(#7291),#1128,.T.);
#7291 = FACE_BOUND('',#7292,.T.);
#7292 = EDGE_LOOP('',(#7293,#7294,#7295,#7316));
#7293 = ORIENTED_EDGE('',*,*,#7269,.T.);
#7294 = ORIENTED_EDGE('',*,*,#1108,.T.);
#7295 = ORIENTED_EDGE('',*,*,#7296,.F.);
#7296 = EDGE_CURVE('',#2199,#1109,#7297,.T.);
#7297 = SURFACE_CURVE('',#7298,(#7302,#7309),.PCURVE_S1.);
#7298 = LINE('',#7299,#7300);
#7299 = CARTESIAN_POINT('',(94.20108972972,-22.,15.300324279375));
#7300 = VECTOR('',#7301,1.);
#7301 = DIRECTION('',(0.891006524188,0.,0.45399049974));
#7302 = PCURVE('',#1128,#7303);
#7303 = DEFINITIONAL_REPRESENTATION('',(#7304),#7308);
#7304 = LINE('',#7305,#7306);
#7305 = CARTESIAN_POINT('',(5.755475372253,-3.330669073875E-15));
#7306 = VECTOR('',#7307,1.);
#7307 = DIRECTION('',(-2.775557561563E-17,-1.));
#7308 = ( GEOMETRIC_REPRESENTATION_CONTEXT(2) 
PARAMETRIC_REPRESENTATION_CONTEXT() REPRESENTATION_CONTEXT('2D SPACE',''
  ) );
#7309 = PCURVE('',#1160,#7310);
#7310 = DEFINITIONAL_REPRESENTATION('',(#7311),#7315);
#7311 = LINE('',#7312,#7313);
#7312 = CARTESIAN_POINT('',(0.,0.));
#7313 = VECTOR('',#7314,1.);
#7314 = DIRECTION('',(0.,-1.));
#7315 = ( GEOMETRIC_REPRESENTATION_CONTEXT(2) 
PARAMETRIC_REPRESENTATION_CONTEXT() REPRESENTATION_CONTEXT('2D SPACE',''
  ) );
#7316 = ORIENTED_EDGE('',*,*,#2198,.F.);
#7317 = ADVANCED_FACE('',(#7318),#1160,.T.);
#7318 = FACE_BOUND('',#7319,.T.);
#7319 = EDGE_LOOP('',(#7320,#7321,#7322,#7343));
#7320 = ORIENTED_EDGE('',*,*,#7296,.T.);
#7321 = ORIENTED_EDGE('',*,*,#1140,.T.);
#7322 = ORIENTED_EDGE('',*,*,#7323,.F.);
#7323 = EDGE_CURVE('',#2226,#1141,#7324,.T.);
#7324 = SURFACE_CURVE('',#7325,(#7329,#7336),.PCURVE_S1.);
#7325 = LINE('',#7326,#7327);
#7326 = CARTESIAN_POINT('',(95.356759621479,-16.83807102406,
    13.032194408914));
#7327 = VECTOR('',#7328,1.);
#7328 = DIRECTION('',(0.891006524188,0.,0.45399049974));
#7329 = PCURVE('',#1160,#7330);
#7330 = DEFINITIONAL_REPRESENTATION('',(#7331),#7335);
#7331 = LINE('',#7332,#7333);
#7332 = CARTESIAN_POINT('',(5.755475372253,-4.440892098501E-16));
#7333 = VECTOR('',#7334,1.);
#7334 = DIRECTION('',(0.,-1.));
#7335 = ( GEOMETRIC_REPRESENTATION_CONTEXT(2) 
PARAMETRIC_REPRESENTATION_CONTEXT() REPRESENTATION_CONTEXT('2D SPACE',''
  ) );
#7336 = PCURVE('',#1192,#7337);
#7337 = DEFINITIONAL_REPRESENTATION('',(#7338),#7342);
#7338 = LINE('',#7339,#7340);
#7339 = CARTESIAN_POINT('',(0.,0.));
#7340 = VECTOR('',#7341,1.);
#7341 = DIRECTION('',(0.,-1.));
#7342 = ( GEOMETRIC_REPRESENTATION_CONTEXT(2) 
PARAMETRIC_REPRESENTATION_CONTEXT() REPRESENTATION_CONTEXT('2D SPACE',''
  ) );
#7343 = ORIENTED_EDGE('',*,*,#2225,.F.);
#7344 = ADVANCED_FACE('',(#7345),#1192,.T.);
#7345 = FACE_BOUND('',#7346,.T.);
#7346 = EDGE_LOOP('',(#7347,#7348,#7349,#7370));
#7347 = ORIENTED_EDGE('',*,*,#7323,.T.);
#7348 = ORIENTED_EDGE('',*,*,#1172,.T.);
#7349 = ORIENTED_EDGE('',*,*,#7350,.F.);
#7350 = EDGE_CURVE('',#2253,#1173,#7351,.T.);
#7351 = SURFACE_CURVE('',#7352,(#7356,#7363),.PCURVE_S1.);
#7352 = LINE('',#7353,#7354);
#7353 = CARTESIAN_POINT('',(96.196658810151,-11.38803798451,
    11.38379943766));
#7354 = VECTOR('',#7355,1.);
#7355 = DIRECTION('',(0.891006524188,0.,0.45399049974));
#7356 = PCURVE('',#1192,#7357);
#7357 = DEFINITIONAL_REPRESENTATION('',(#7358),#7362);
#7358 = LINE('',#7359,#7360);
#7359 = CARTESIAN_POINT('',(5.755475372253,-2.22044604925E-16));
#7360 = VECTOR('',#7361,1.);
#7361 = DIRECTION('',(0.,-1.));
#7362 = ( GEOMETRIC_REPRESENTATION_CONTEXT(2) 
PARAMETRIC_REPRESENTATION_CONTEXT() REPRESENTATION_CONTEXT('2D SPACE',''
  ) );
#7363 = PCURVE('',#1224,#7364);
#7364 = DEFINITIONAL_REPRESENTATION('',(#7365),#7369);
#7365 = LINE('',#7366,#7367);
#7366 = CARTESIAN_POINT('',(0.,0.));
#7367 = VECTOR('',#7368,1.);
#7368 = DIRECTION('',(1.387778780781E-17,-1.));
#7369 = ( GEOMETRIC_REPRESENTATION_CONTEXT(2) 
PARAMETRIC_REPRESENTATION_CONTEXT() REPRESENTATION_CONTEXT('2D SPACE',''
  ) );
#7370 = ORIENTED_EDGE('',*,*,#2252,.F.);
#7371 = ADVANCED_FACE('',(#7372),#1224,.T.);
#7372 = FACE_BOUND('',#7373,.T.);
#7373 = EDGE_LOOP('',(#7374,#7375,#7376,#7397));
#7374 = ORIENTED_EDGE('',*,*,#7350,.T.);
#7375 = ORIENTED_EDGE('',*,*,#1204,.T.);
#7376 = ORIENTED_EDGE('',*,*,#7377,.F.);
#7377 = EDGE_CURVE('',#2280,#1205,#7378,.T.);
#7378 = SURFACE_CURVE('',#7379,(#7383,#7390),.PCURVE_S1.);
#7379 = LINE('',#7380,#7381);
#7380 = CARTESIAN_POINT('',(96.706416387755,-5.743152457682,
    10.383343860594));
#7381 = VECTOR('',#7382,1.);
#7382 = DIRECTION('',(0.891006524188,0.,0.45399049974));
#7383 = PCURVE('',#1224,#7384);
#7384 = DEFINITIONAL_REPRESENTATION('',(#7385),#7389);
#7385 = LINE('',#7386,#7387);
#7386 = CARTESIAN_POINT('',(5.755475372253,4.884981308351E-15));
#7387 = VECTOR('',#7388,1.);
#7388 = DIRECTION('',(1.387778780781E-17,-1.));
#7389 = ( GEOMETRIC_REPRESENTATION_CONTEXT(2) 
PARAMETRIC_REPRESENTATION_CONTEXT() REPRESENTATION_CONTEXT('2D SPACE',''
  ) );
#7390 = PCURVE('',#1254,#7391);
#7391 = DEFINITIONAL_REPRESENTATION('',(#7392),#7396);
#7392 = LINE('',#7393,#7394);
#7393 = CARTESIAN_POINT('',(0.,0.));
#7394 = VECTOR('',#7395,1.);
#7395 = DIRECTION('',(-3.469446951954E-18,-1.));
#7396 = ( GEOMETRIC_REPRESENTATION_CONTEXT(2) 
PARAMETRIC_REPRESENTATION_CONTEXT() REPRESENTATION_CONTEXT('2D SPACE',''
  ) );
#7397 = ORIENTED_EDGE('',*,*,#2279,.F.);
#7398 = ADVANCED_FACE('',(#7399),#1254,.T.);
#7399 = FACE_BOUND('',#7400,.T.);
#7400 = EDGE_LOOP('',(#7401,#7402,#7403,#7404));
#7401 = ORIENTED_EDGE('',*,*,#7377,.T.);
#7402 = ORIENTED_EDGE('',*,*,#1236,.T.);
#7403 = ORIENTED_EDGE('',*,*,#2998,.F.);
#7404 = ORIENTED_EDGE('',*,*,#2306,.F.);
#7405 = ( GEOMETRIC_REPRESENTATION_CONTEXT(3) 
GLOBAL_UNCERTAINTY_ASSIGNED_CONTEXT((#7409)) 
GLOBAL_UNIT_ASSIGNED_CONTEXT((#7406,#7407,#7408)) REPRESENTATION_CONTEXT
('Context #1','3D Context with UNIT and UNCERTAINTY') );
#7406 = ( LENGTH_UNIT() NAMED_UNIT(*) SI_UNIT(.MILLI.,.METRE.) );
#7407 = ( NAMED_UNIT(*) PLANE_ANGLE_UNIT() SI_UNIT($,.RADIAN.) );
#7408 = ( NAMED_UNIT(*) SI_UNIT($,.STERADIAN.) SOLID_ANGLE_UNIT() );
#7409 = UNCERTAINTY_MEASURE_WITH_UNIT(LENGTH_MEASURE(1.E-07),#7406,
  'distance_accuracy_value','confusion accuracy');
#7410 = CONTEXT_DEPENDENT_SHAPE_REPRESENTATION(#7411,#7413);
#7411 = ( REPRESENTATION_RELATIONSHIP('','',#76,#10) 
REPRESENTATION_RELATIONSHIP_WITH_TRANSFORMATION(#7412) 
SHAPE_REPRESENTATION_RELATIONSHIP() );
#7412 = ITEM_DEFINED_TRANSFORMATION('','',#11,#15);
#7413 = PRODUCT_DEFINITION_SHAPE('Placement','Placement of an item',
  #7414);
#7414 = NEXT_ASSEMBLY_USAGE_OCCURRENCE('48','','',#5,#71,$);
#7415 = PRODUCT_RELATED_PRODUCT_CATEGORY('part',$,(#73));
#7416 = SHAPE_DEFINITION_REPRESENTATION(#7417,#7423);
#7417 = PRODUCT_DEFINITION_SHAPE('','',#7418);
#7418 = PRODUCT_DEFINITION('design','',#7419,#7422);
#7419 = PRODUCT_DEFINITION_FORMATION('','',#7420);
#7420 = PRODUCT('Open CASCADE STEP translator 7.9 19.2',
  'Open CASCADE STEP translator 7.9 19.2','',(#7421));
#7421 = PRODUCT_CONTEXT('',#2,'mechanical');
#7422 = PRODUCT_DEFINITION_CONTEXT('part definition',#2,'design');
#7423 = ADVANCED_BREP_SHAPE_REPRESENTATION('',(#11,#7424),#8906);
#7424 = MANIFOLD_SOLID_BREP('',#7425);
#7425 = CLOSED_SHELL('',(#7426,#7552,#7699,#7748,#8142,#8169,#8176,#8235
    ,#8294,#8365,#8414,#8463,#8512,#8561,#8588,#8659,#8708,#8757,#8806,
    #8855,#8882,#8894));
#7426 = ADVANCED_FACE('',(#7427),#7442,.T.);
#7427 = FACE_BOUND('',#7428,.F.);
#7428 = EDGE_LOOP('',(#7429,#7465,#7493,#7526));
#7429 = ORIENTED_EDGE('',*,*,#7430,.F.);
#7430 = EDGE_CURVE('',#7431,#7433,#7435,.T.);
#7431 = VERTEX_POINT('',#7432);
#7432 = CARTESIAN_POINT('',(25.625535327585,-15.,121.76280144315));
#7433 = VERTEX_POINT('',#7434);
#7434 = CARTESIAN_POINT('',(25.625535327585,15.,121.76280144315));
#7435 = SURFACE_CURVE('',#7436,(#7441,#7453),.PCURVE_S1.);
#7436 = CIRCLE('',#7437,60.);
#7437 = AXIS2_PLACEMENT_3D('',#7438,#7439,#7440);
#7438 = CARTESIAN_POINT('',(52.,0.,70.));
#7439 = DIRECTION('',(0.891006524188,0.,0.45399049974));
#7440 = DIRECTION('',(-0.439574411207,-0.25,0.862713357386));
#7441 = PCURVE('',#7442,#7447);
#7442 = CYLINDRICAL_SURFACE('',#7443,60.);
#7443 = AXIS2_PLACEMENT_3D('',#7444,#7445,#7446);
#7444 = CARTESIAN_POINT('',(52.,0.,70.));
#7445 = DIRECTION('',(-0.891006524188,-0.,-0.45399049974));
#7446 = DIRECTION('',(0.45399049974,0.,-0.891006524188));
#7447 = DEFINITIONAL_REPRESENTATION('',(#7448),#7452);
#7448 = LINE('',#7449,#7450);
#7449 = CARTESIAN_POINT('',(-3.394272908732,0.));
#7450 = VECTOR('',#7451,1.);
#7451 = DIRECTION('',(-1.,0.));
#7452 = ( GEOMETRIC_REPRESENTATION_CONTEXT(2) 
PARAMETRIC_REPRESENTATION_CONTEXT() REPRESENTATION_CONTEXT('2D SPACE',''
  ) );
#7453 = PCURVE('',#7454,#7459);
#7454 = PLANE('',#7455);
#7455 = AXIS2_PLACEMENT_3D('',#7456,#7457,#7458);
#7456 = CARTESIAN_POINT('',(52.,4.679120177894E-16,70.));
#7457 = DIRECTION('',(0.891006524188,0.,0.45399049974));
#7458 = DIRECTION('',(0.45399049974,0.,-0.891006524188));
#7459 = DEFINITIONAL_REPRESENTATION('',(#7460),#7464);
#7460 = CIRCLE('',#7461,60.);
#7461 = AXIS2_PLACEMENT_2D('',#7462,#7463);
#7462 = CARTESIAN_POINT('',(0.,-4.679120177894E-16));
#7463 = DIRECTION('',(-0.968245836552,-0.25));
#7464 = ( GEOMETRIC_REPRESENTATION_CONTEXT(2) 
PARAMETRIC_REPRESENTATION_CONTEXT() REPRESENTATION_CONTEXT('2D SPACE',''
  ) );
#7465 = ORIENTED_EDGE('',*,*,#7466,.F.);
#7466 = EDGE_CURVE('',#7467,#7431,#7469,.T.);
#7467 = VERTEX_POINT('',#7468);
#7468 = CARTESIAN_POINT('',(30.971574472715,-15.,124.48674444159));
#7469 = SURFACE_CURVE('',#7470,(#7474,#7481),.PCURVE_S1.);
#7470 = LINE('',#7471,#7472);
#7471 = CARTESIAN_POINT('',(25.625535327585,-15.,121.76280144315));
#7472 = VECTOR('',#7473,1.);
#7473 = DIRECTION('',(-0.891006524188,-0.,-0.45399049974));
#7474 = PCURVE('',#7442,#7475);
#7475 = DEFINITIONAL_REPRESENTATION('',(#7476),#7480);
#7476 = LINE('',#7477,#7478);
#7477 = CARTESIAN_POINT('',(-3.394272908732,0.));
#7478 = VECTOR('',#7479,1.);
#7479 = DIRECTION('',(-0.,1.));
#7480 = ( GEOMETRIC_REPRESENTATION_CONTEXT(2) 
PARAMETRIC_REPRESENTATION_CONTEXT() REPRESENTATION_CONTEXT('2D SPACE',''
  ) );
#7481 = PCURVE('',#7482,#7487);
#7482 = PLANE('',#7483);
#7483 = AXIS2_PLACEMENT_3D('',#7484,#7485,#7486);
#7484 = CARTESIAN_POINT('',(22.96158249196,-15.,124.78841399993));
#7485 = DIRECTION('',(0.,1.,0.));
#7486 = DIRECTION('',(0.891006524188,0.,0.45399049974));
#7487 = DEFINITIONAL_REPRESENTATION('',(#7488),#7492);
#7488 = LINE('',#7489,#7490);
#7489 = CARTESIAN_POINT('',(1.,3.905249806889));
#7490 = VECTOR('',#7491,1.);
#7491 = DIRECTION('',(-1.,0.));
#7492 = ( GEOMETRIC_REPRESENTATION_CONTEXT(2) 
PARAMETRIC_REPRESENTATION_CONTEXT() REPRESENTATION_CONTEXT('2D SPACE',''
  ) );
#7493 = ORIENTED_EDGE('',*,*,#7494,.F.);
#7494 = EDGE_CURVE('',#7495,#7467,#7497,.T.);
#7495 = VERTEX_POINT('',#7496);
#7496 = CARTESIAN_POINT('',(30.971574472716,15.,124.48674444159));
#7497 = SURFACE_CURVE('',#7498,(#7503,#7510),.PCURVE_S1.);
#7498 = CIRCLE('',#7499,60.);
#7499 = AXIS2_PLACEMENT_3D('',#7500,#7501,#7502);
#7500 = CARTESIAN_POINT('',(57.34603914513,0.,72.723942998437));
#7501 = DIRECTION('',(-0.891006524188,0.,-0.45399049974));
#7502 = DIRECTION('',(-0.439574411207,0.25,0.862713357386));
#7503 = PCURVE('',#7442,#7504);
#7504 = DEFINITIONAL_REPRESENTATION('',(#7505),#7509);
#7505 = LINE('',#7506,#7507);
#7506 = CARTESIAN_POINT('',(-9.172097705627,-6.));
#7507 = VECTOR('',#7508,1.);
#7508 = DIRECTION('',(1.,-0.));
#7509 = ( GEOMETRIC_REPRESENTATION_CONTEXT(2) 
PARAMETRIC_REPRESENTATION_CONTEXT() REPRESENTATION_CONTEXT('2D SPACE',''
  ) );
#7510 = PCURVE('',#7511,#7516);
#7511 = PLANE('',#7512);
#7512 = AXIS2_PLACEMENT_3D('',#7513,#7514,#7515);
#7513 = CARTESIAN_POINT('',(57.34603914513,4.679120177894E-16,
    72.723942998437));
#7514 = DIRECTION('',(0.891006524188,0.,0.45399049974));
#7515 = DIRECTION('',(0.45399049974,0.,-0.891006524188));
#7516 = DEFINITIONAL_REPRESENTATION('',(#7517),#7525);
#7517 = ( BOUNDED_CURVE() B_SPLINE_CURVE(2,(#7518,#7519,#7520,#7521,
#7522,#7523,#7524),.UNSPECIFIED.,.T.,.F.) B_SPLINE_CURVE_WITH_KNOTS((1,2
    ,2,2,2,1),(-2.094395102393,0.,2.094395102393,4.188790204786,
6.28318530718,8.377580409573),.UNSPECIFIED.) CURVE() 
GEOMETRIC_REPRESENTATION_ITEM() RATIONAL_B_SPLINE_CURVE((1.,0.5,1.,0.5,
1.,0.5,1.)) REPRESENTATION_ITEM('') );
#7518 = CARTESIAN_POINT('',(-58.09475019311,15.));
#7519 = CARTESIAN_POINT('',(-32.11398807957,115.62305898749));
#7520 = CARTESIAN_POINT('',(42.037756153322,42.811529493745));
#7521 = CARTESIAN_POINT('',(116.18950038622,-30.));
#7522 = CARTESIAN_POINT('',(16.056994039789,-57.81152949374));
#7523 = CARTESIAN_POINT('',(-84.07551230664,-85.62305898749));
#7524 = CARTESIAN_POINT('',(-58.09475019311,15.));
#7525 = ( GEOMETRIC_REPRESENTATION_CONTEXT(2) 
PARAMETRIC_REPRESENTATION_CONTEXT() REPRESENTATION_CONTEXT('2D SPACE',''
  ) );
#7526 = ORIENTED_EDGE('',*,*,#7527,.T.);
#7527 = EDGE_CURVE('',#7495,#7433,#7528,.T.);
#7528 = SURFACE_CURVE('',#7529,(#7533,#7540),.PCURVE_S1.);
#7529 = LINE('',#7530,#7531);
#7530 = CARTESIAN_POINT('',(25.625535327585,15.,121.76280144315));
#7531 = VECTOR('',#7532,1.);
#7532 = DIRECTION('',(-0.891006524188,-0.,-0.45399049974));
#7533 = PCURVE('',#7442,#7534);
#7534 = DEFINITIONAL_REPRESENTATION('',(#7535),#7539);
#7535 = LINE('',#7536,#7537);
#7536 = CARTESIAN_POINT('',(-9.172097705627,0.));
#7537 = VECTOR('',#7538,1.);
#7538 = DIRECTION('',(-0.,1.));
#7539 = ( GEOMETRIC_REPRESENTATION_CONTEXT(2) 
PARAMETRIC_REPRESENTATION_CONTEXT() REPRESENTATION_CONTEXT('2D SPACE',''
  ) );
#7540 = PCURVE('',#7541,#7546);
#7541 = PLANE('',#7542);
#7542 = AXIS2_PLACEMENT_3D('',#7543,#7544,#7545);
#7543 = CARTESIAN_POINT('',(22.96158249196,15.,124.78841399993));
#7544 = DIRECTION('',(0.,1.,0.));
#7545 = DIRECTION('',(0.891006524188,0.,0.45399049974));
#7546 = DEFINITIONAL_REPRESENTATION('',(#7547),#7551);
#7547 = LINE('',#7548,#7549);
#7548 = CARTESIAN_POINT('',(1.,3.905249806889));
#7549 = VECTOR('',#7550,1.);
#7550 = DIRECTION('',(-1.,0.));
#7551 = ( GEOMETRIC_REPRESENTATION_CONTEXT(2) 
PARAMETRIC_REPRESENTATION_CONTEXT() REPRESENTATION_CONTEXT('2D SPACE',''
  ) );
#7552 = ADVANCED_FACE('',(#7553,#7629,#7664),#7454,.F.);
#7553 = FACE_BOUND('',#7554,.F.);
#7554 = EDGE_LOOP('',(#7555,#7556,#7579,#7608));
#7555 = ORIENTED_EDGE('',*,*,#7430,.T.);
#7556 = ORIENTED_EDGE('',*,*,#7557,.F.);
#7557 = EDGE_CURVE('',#7558,#7433,#7560,.T.);
#7558 = VERTEX_POINT('',#7559);
#7559 = CARTESIAN_POINT('',(33.221029936022,15.,106.85580393013));
#7560 = SURFACE_CURVE('',#7561,(#7565,#7572),.PCURVE_S1.);
#7561 = LINE('',#7562,#7563);
#7562 = CARTESIAN_POINT('',(37.926294508074,15.,97.621202249839));
#7563 = VECTOR('',#7564,1.);
#7564 = DIRECTION('',(-0.45399049974,0.,0.891006524188));
#7565 = PCURVE('',#7454,#7566);
#7566 = DEFINITIONAL_REPRESENTATION('',(#7567),#7571);
#7567 = LINE('',#7568,#7569);
#7568 = CARTESIAN_POINT('',(-31.,15.));
#7569 = VECTOR('',#7570,1.);
#7570 = DIRECTION('',(-1.,0.));
#7571 = ( GEOMETRIC_REPRESENTATION_CONTEXT(2) 
PARAMETRIC_REPRESENTATION_CONTEXT() REPRESENTATION_CONTEXT('2D SPACE',''
  ) );
#7572 = PCURVE('',#7541,#7573);
#7573 = DEFINITIONAL_REPRESENTATION('',(#7574),#7578);
#7574 = LINE('',#7575,#7576);
#7575 = CARTESIAN_POINT('',(1.,31.));
#7576 = VECTOR('',#7577,1.);
#7577 = DIRECTION('',(0.,-1.));
#7578 = ( GEOMETRIC_REPRESENTATION_CONTEXT(2) 
PARAMETRIC_REPRESENTATION_CONTEXT() REPRESENTATION_CONTEXT('2D SPACE',''
  ) );
#7579 = ORIENTED_EDGE('',*,*,#7580,.F.);
#7580 = EDGE_CURVE('',#7581,#7558,#7583,.T.);
#7581 = VERTEX_POINT('',#7582);
#7582 = CARTESIAN_POINT('',(33.221029936022,-15.,106.85580393013));
#7583 = SURFACE_CURVE('',#7584,(#7589,#7596),.PCURVE_S1.);
#7584 = CIRCLE('',#7585,44.);
#7585 = AXIS2_PLACEMENT_3D('',#7586,#7587,#7588);
#7586 = CARTESIAN_POINT('',(52.,-1.894780628694E-15,70.));
#7587 = DIRECTION('',(0.891006524188,0.,0.45399049974));
#7588 = DIRECTION('',(-0.426794774181,-0.340909090909,0.837631907503));
#7589 = PCURVE('',#7454,#7590);
#7590 = DEFINITIONAL_REPRESENTATION('',(#7591),#7595);
#7591 = CIRCLE('',#7592,44.);
#7592 = AXIS2_PLACEMENT_2D('',#7593,#7594);
#7593 = CARTESIAN_POINT('',(2.859796940846E-13,-2.362692646483E-15));
#7594 = DIRECTION('',(-0.94009626727,-0.340909090909));
#7595 = ( GEOMETRIC_REPRESENTATION_CONTEXT(2) 
PARAMETRIC_REPRESENTATION_CONTEXT() REPRESENTATION_CONTEXT('2D SPACE',''
  ) );
#7596 = PCURVE('',#7597,#7602);
#7597 = CYLINDRICAL_SURFACE('',#7598,44.);
#7598 = AXIS2_PLACEMENT_3D('',#7599,#7600,#7601);
#7599 = CARTESIAN_POINT('',(52.,-1.894780628694E-15,70.));
#7600 = DIRECTION('',(-0.891006524188,-0.,-0.45399049974));
#7601 = DIRECTION('',(0.45399049974,0.,-0.891006524188));
#7602 = DEFINITIONAL_REPRESENTATION('',(#7603),#7607);
#7603 = LINE('',#7604,#7605);
#7604 = CARTESIAN_POINT('',(-3.489476400728,0.));
#7605 = VECTOR('',#7606,1.);
#7606 = DIRECTION('',(-1.,0.));
#7607 = ( GEOMETRIC_REPRESENTATION_CONTEXT(2) 
PARAMETRIC_REPRESENTATION_CONTEXT() REPRESENTATION_CONTEXT('2D SPACE',''
  ) );
#7608 = ORIENTED_EDGE('',*,*,#7609,.T.);
#7609 = EDGE_CURVE('',#7581,#7431,#7610,.T.);
#7610 = SURFACE_CURVE('',#7611,(#7615,#7622),.PCURVE_S1.);
#7611 = LINE('',#7612,#7613);
#7612 = CARTESIAN_POINT('',(37.926294508074,-15.,97.621202249839));
#7613 = VECTOR('',#7614,1.);
#7614 = DIRECTION('',(-0.45399049974,0.,0.891006524188));
#7615 = PCURVE('',#7454,#7616);
#7616 = DEFINITIONAL_REPRESENTATION('',(#7617),#7621);
#7617 = LINE('',#7618,#7619);
#7618 = CARTESIAN_POINT('',(-31.,-15.));
#7619 = VECTOR('',#7620,1.);
#7620 = DIRECTION('',(-1.,0.));
#7621 = ( GEOMETRIC_REPRESENTATION_CONTEXT(2) 
PARAMETRIC_REPRESENTATION_CONTEXT() REPRESENTATION_CONTEXT('2D SPACE',''
  ) );
#7622 = PCURVE('',#7482,#7623);
#7623 = DEFINITIONAL_REPRESENTATION('',(#7624),#7628);
#7624 = LINE('',#7625,#7626);
#7625 = CARTESIAN_POINT('',(1.,31.));
#7626 = VECTOR('',#7627,1.);
#7627 = DIRECTION('',(0.,-1.));
#7628 = ( GEOMETRIC_REPRESENTATION_CONTEXT(2) 
PARAMETRIC_REPRESENTATION_CONTEXT() REPRESENTATION_CONTEXT('2D SPACE',''
  ) );
#7629 = FACE_BOUND('',#7630,.F.);
#7630 = EDGE_LOOP('',(#7631));
#7631 = ORIENTED_EDGE('',*,*,#7632,.T.);
#7632 = EDGE_CURVE('',#7633,#7633,#7635,.T.);
#7633 = VERTEX_POINT('',#7634);
#7634 = CARTESIAN_POINT('',(53.021478624414,-50.,67.995235320576));
#7635 = SURFACE_CURVE('',#7636,(#7641,#7652),.PCURVE_S1.);
#7636 = CIRCLE('',#7637,2.25);
#7637 = AXIS2_PLACEMENT_3D('',#7638,#7639,#7640);
#7638 = CARTESIAN_POINT('',(52.,-50.,70.));
#7639 = DIRECTION('',(-0.891006524188,-0.,-0.45399049974));
#7640 = DIRECTION('',(0.45399049974,0.,-0.891006524188));
#7641 = PCURVE('',#7454,#7642);
#7642 = DEFINITIONAL_REPRESENTATION('',(#7643),#7651);
#7643 = ( BOUNDED_CURVE() B_SPLINE_CURVE(2,(#7644,#7645,#7646,#7647,
#7648,#7649,#7650),.UNSPECIFIED.,.T.,.F.) B_SPLINE_CURVE_WITH_KNOTS((1,2
    ,2,2,2,1),(-2.094395102393,0.,2.094395102393,4.188790204786,
6.28318530718,8.377580409573),.UNSPECIFIED.) CURVE() 
GEOMETRIC_REPRESENTATION_ITEM() RATIONAL_B_SPLINE_CURVE((1.,0.5,1.,0.5,
1.,0.5,1.)) REPRESENTATION_ITEM('') );
#7644 = CARTESIAN_POINT('',(2.25,-50.));
#7645 = CARTESIAN_POINT('',(2.25,-53.89711431703));
#7646 = CARTESIAN_POINT('',(-1.125,-51.94855715851));
#7647 = CARTESIAN_POINT('',(-4.5,-50.));
#7648 = CARTESIAN_POINT('',(-1.125,-48.05144284148));
#7649 = CARTESIAN_POINT('',(2.25,-46.10288568297));
#7650 = CARTESIAN_POINT('',(2.25,-50.));
#7651 = ( GEOMETRIC_REPRESENTATION_CONTEXT(2) 
PARAMETRIC_REPRESENTATION_CONTEXT() REPRESENTATION_CONTEXT('2D SPACE',''
  ) );
#7652 = PCURVE('',#7653,#7658);
#7653 = CYLINDRICAL_SURFACE('',#7654,2.25);
#7654 = AXIS2_PLACEMENT_3D('',#7655,#7656,#7657);
#7655 = CARTESIAN_POINT('',(51.108993475812,-50.,69.54600950026));
#7656 = DIRECTION('',(-0.891006524188,-0.,-0.45399049974));
#7657 = DIRECTION('',(0.45399049974,0.,-0.891006524188));
#7658 = DEFINITIONAL_REPRESENTATION('',(#7659),#7663);
#7659 = LINE('',#7660,#7661);
#7660 = CARTESIAN_POINT('',(-6.28318530718,-1.));
#7661 = VECTOR('',#7662,1.);
#7662 = DIRECTION('',(1.,-0.));
#7663 = ( GEOMETRIC_REPRESENTATION_CONTEXT(2) 
PARAMETRIC_REPRESENTATION_CONTEXT() REPRESENTATION_CONTEXT('2D SPACE',''
  ) );
#7664 = FACE_BOUND('',#7665,.F.);
#7665 = EDGE_LOOP('',(#7666));
#7666 = ORIENTED_EDGE('',*,*,#7667,.T.);
#7667 = EDGE_CURVE('',#7668,#7668,#7670,.T.);
#7668 = VERTEX_POINT('',#7669);
#7669 = CARTESIAN_POINT('',(53.021478624414,50.,67.995235320576));
#7670 = SURFACE_CURVE('',#7671,(#7676,#7687),.PCURVE_S1.);
#7671 = CIRCLE('',#7672,2.25);
#7672 = AXIS2_PLACEMENT_3D('',#7673,#7674,#7675);
#7673 = CARTESIAN_POINT('',(52.,50.,70.));
#7674 = DIRECTION('',(-0.891006524188,-0.,-0.45399049974));
#7675 = DIRECTION('',(0.45399049974,0.,-0.891006524188));
#7676 = PCURVE('',#7454,#7677);
#7677 = DEFINITIONAL_REPRESENTATION('',(#7678),#7686);
#7678 = ( BOUNDED_CURVE() B_SPLINE_CURVE(2,(#7679,#7680,#7681,#7682,
#7683,#7684,#7685),.UNSPECIFIED.,.T.,.F.) B_SPLINE_CURVE_WITH_KNOTS((1,2
    ,2,2,2,1),(-2.094395102393,0.,2.094395102393,4.188790204786,
6.28318530718,8.377580409573),.UNSPECIFIED.) CURVE() 
GEOMETRIC_REPRESENTATION_ITEM() RATIONAL_B_SPLINE_CURVE((1.,0.5,1.,0.5,
1.,0.5,1.)) REPRESENTATION_ITEM('') );
#7679 = CARTESIAN_POINT('',(2.25,50.));
#7680 = CARTESIAN_POINT('',(2.25,46.10288568297));
#7681 = CARTESIAN_POINT('',(-1.125,48.051442841485));
#7682 = CARTESIAN_POINT('',(-4.5,50.));
#7683 = CARTESIAN_POINT('',(-1.125,51.948557158515));
#7684 = CARTESIAN_POINT('',(2.25,53.89711431703));
#7685 = CARTESIAN_POINT('',(2.25,50.));
#7686 = ( GEOMETRIC_REPRESENTATION_CONTEXT(2) 
PARAMETRIC_REPRESENTATION_CONTEXT() REPRESENTATION_CONTEXT('2D SPACE',''
  ) );
#7687 = PCURVE('',#7688,#7693);
#7688 = CYLINDRICAL_SURFACE('',#7689,2.25);
#7689 = AXIS2_PLACEMENT_3D('',#7690,#7691,#7692);
#7690 = CARTESIAN_POINT('',(51.108993475812,50.,69.54600950026));
#7691 = DIRECTION('',(-0.891006524188,-0.,-0.45399049974));
#7692 = DIRECTION('',(0.45399049974,0.,-0.891006524188));
#7693 = DEFINITIONAL_REPRESENTATION('',(#7694),#7698);
#7694 = LINE('',#7695,#7696);
#7695 = CARTESIAN_POINT('',(-6.28318530718,-1.));
#7696 = VECTOR('',#7697,1.);
#7697 = DIRECTION('',(1.,-0.));
#7698 = ( GEOMETRIC_REPRESENTATION_CONTEXT(2) 
PARAMETRIC_REPRESENTATION_CONTEXT() REPRESENTATION_CONTEXT('2D SPACE',''
  ) );
#7699 = ADVANCED_FACE('',(#7700),#7482,.T.);
#7700 = FACE_BOUND('',#7701,.T.);
#7701 = EDGE_LOOP('',(#7702,#7703,#7726,#7747));
#7702 = ORIENTED_EDGE('',*,*,#7466,.F.);
#7703 = ORIENTED_EDGE('',*,*,#7704,.F.);
#7704 = EDGE_CURVE('',#7705,#7467,#7707,.T.);
#7705 = VERTEX_POINT('',#7706);
#7706 = CARTESIAN_POINT('',(38.567069081152,-15.,109.57974692856));
#7707 = SURFACE_CURVE('',#7708,(#7712,#7719),.PCURVE_S1.);
#7708 = LINE('',#7709,#7710);
#7709 = CARTESIAN_POINT('',(43.272333653204,-15.,100.34514524827));
#7710 = VECTOR('',#7711,1.);
#7711 = DIRECTION('',(-0.45399049974,0.,0.891006524188));
#7712 = PCURVE('',#7482,#7713);
#7713 = DEFINITIONAL_REPRESENTATION('',(#7714),#7718);
#7714 = LINE('',#7715,#7716);
#7715 = CARTESIAN_POINT('',(7.,31.));
#7716 = VECTOR('',#7717,1.);
#7717 = DIRECTION('',(0.,-1.));
#7718 = ( GEOMETRIC_REPRESENTATION_CONTEXT(2) 
PARAMETRIC_REPRESENTATION_CONTEXT() REPRESENTATION_CONTEXT('2D SPACE',''
  ) );
#7719 = PCURVE('',#7511,#7720);
#7720 = DEFINITIONAL_REPRESENTATION('',(#7721),#7725);
#7721 = LINE('',#7722,#7723);
#7722 = CARTESIAN_POINT('',(-31.,-15.));
#7723 = VECTOR('',#7724,1.);
#7724 = DIRECTION('',(-1.,0.));
#7725 = ( GEOMETRIC_REPRESENTATION_CONTEXT(2) 
PARAMETRIC_REPRESENTATION_CONTEXT() REPRESENTATION_CONTEXT('2D SPACE',''
  ) );
#7726 = ORIENTED_EDGE('',*,*,#7727,.T.);
#7727 = EDGE_CURVE('',#7705,#7581,#7728,.T.);
#7728 = SURFACE_CURVE('',#7729,(#7733,#7740),.PCURVE_S1.);
#7729 = LINE('',#7730,#7731);
#7730 = CARTESIAN_POINT('',(33.221029936022,-15.,106.85580393013));
#7731 = VECTOR('',#7732,1.);
#7732 = DIRECTION('',(-0.891006524188,-0.,-0.45399049974));
#7733 = PCURVE('',#7482,#7734);
#7734 = DEFINITIONAL_REPRESENTATION('',(#7735),#7739);
#7735 = LINE('',#7736,#7737);
#7736 = CARTESIAN_POINT('',(1.,20.635764240107));
#7737 = VECTOR('',#7738,1.);
#7738 = DIRECTION('',(-1.,0.));
#7739 = ( GEOMETRIC_REPRESENTATION_CONTEXT(2) 
PARAMETRIC_REPRESENTATION_CONTEXT() REPRESENTATION_CONTEXT('2D SPACE',''
  ) );
#7740 = PCURVE('',#7597,#7741);
#7741 = DEFINITIONAL_REPRESENTATION('',(#7742),#7746);
#7742 = LINE('',#7743,#7744);
#7743 = CARTESIAN_POINT('',(-3.489476400728,0.));
#7744 = VECTOR('',#7745,1.);
#7745 = DIRECTION('',(-0.,1.));
#7746 = ( GEOMETRIC_REPRESENTATION_CONTEXT(2) 
PARAMETRIC_REPRESENTATION_CONTEXT() REPRESENTATION_CONTEXT('2D SPACE',''
  ) );
#7747 = ORIENTED_EDGE('',*,*,#7609,.T.);
#7748 = ADVANCED_FACE('',(#7749,#7802,#7972),#7511,.T.);
#7749 = FACE_BOUND('',#7750,.T.);
#7750 = EDGE_LOOP('',(#7751,#7752,#7753,#7776));
#7751 = ORIENTED_EDGE('',*,*,#7704,.T.);
#7752 = ORIENTED_EDGE('',*,*,#7494,.F.);
#7753 = ORIENTED_EDGE('',*,*,#7754,.F.);
#7754 = EDGE_CURVE('',#7755,#7495,#7757,.T.);
#7755 = VERTEX_POINT('',#7756);
#7756 = CARTESIAN_POINT('',(38.567069081152,15.,109.57974692856));
#7757 = SURFACE_CURVE('',#7758,(#7762,#7769),.PCURVE_S1.);
#7758 = LINE('',#7759,#7760);
#7759 = CARTESIAN_POINT('',(43.272333653204,15.,100.34514524827));
#7760 = VECTOR('',#7761,1.);
#7761 = DIRECTION('',(-0.45399049974,0.,0.891006524188));
#7762 = PCURVE('',#7511,#7763);
#7763 = DEFINITIONAL_REPRESENTATION('',(#7764),#7768);
#7764 = LINE('',#7765,#7766);
#7765 = CARTESIAN_POINT('',(-31.,15.));
#7766 = VECTOR('',#7767,1.);
#7767 = DIRECTION('',(-1.,0.));
#7768 = ( GEOMETRIC_REPRESENTATION_CONTEXT(2) 
PARAMETRIC_REPRESENTATION_CONTEXT() REPRESENTATION_CONTEXT('2D SPACE',''
  ) );
#7769 = PCURVE('',#7541,#7770);
#7770 = DEFINITIONAL_REPRESENTATION('',(#7771),#7775);
#7771 = LINE('',#7772,#7773);
#7772 = CARTESIAN_POINT('',(7.,31.));
#7773 = VECTOR('',#7774,1.);
#7774 = DIRECTION('',(0.,-1.));
#7775 = ( GEOMETRIC_REPRESENTATION_CONTEXT(2) 
PARAMETRIC_REPRESENTATION_CONTEXT() REPRESENTATION_CONTEXT('2D SPACE',''
  ) );
#7776 = ORIENTED_EDGE('',*,*,#7777,.T.);
#7777 = EDGE_CURVE('',#7755,#7705,#7778,.T.);
#7778 = SURFACE_CURVE('',#7779,(#7784,#7795),.PCURVE_S1.);
#7779 = CIRCLE('',#7780,44.);
#7780 = AXIS2_PLACEMENT_3D('',#7781,#7782,#7783);
#7781 = CARTESIAN_POINT('',(57.34603914513,-1.894780628694E-15,
    72.723942998437));
#7782 = DIRECTION('',(-0.891006524188,-2.775557561563E-17,-0.45399049974
    ));
#7783 = DIRECTION('',(-0.426794774181,0.340909090909,0.837631907503));
#7784 = PCURVE('',#7511,#7785);
#7785 = DEFINITIONAL_REPRESENTATION('',(#7786),#7794);
#7786 = ( BOUNDED_CURVE() B_SPLINE_CURVE(2,(#7787,#7788,#7789,#7790,
#7791,#7792,#7793),.UNSPECIFIED.,.T.,.F.) B_SPLINE_CURVE_WITH_KNOTS((1,2
    ,2,2,2,1),(-2.094395102393,0.,2.094395102393,4.188790204786,
6.28318530718,8.377580409573),.UNSPECIFIED.) CURVE() 
GEOMETRIC_REPRESENTATION_ITEM() RATIONAL_B_SPLINE_CURVE((1.,0.5,1.,0.5,
1.,0.5,1.)) REPRESENTATION_ITEM('') );
#7787 = CARTESIAN_POINT('',(-41.36423575989,15.));
#7788 = CARTESIAN_POINT('',(-15.38347364635,86.644957952392));
#7789 = CARTESIAN_POINT('',(33.672498936713,28.322478976196));
#7790 = CARTESIAN_POINT('',(82.728471519786,-30.));
#7791 = CARTESIAN_POINT('',(7.69173682318,-43.32247897619));
#7792 = CARTESIAN_POINT('',(-67.34499787342,-56.64495795239));
#7793 = CARTESIAN_POINT('',(-41.36423575989,15.));
#7794 = ( GEOMETRIC_REPRESENTATION_CONTEXT(2) 
PARAMETRIC_REPRESENTATION_CONTEXT() REPRESENTATION_CONTEXT('2D SPACE',''
  ) );
#7795 = PCURVE('',#7597,#7796);
#7796 = DEFINITIONAL_REPRESENTATION('',(#7797),#7801);
#7797 = LINE('',#7798,#7799);
#7798 = CARTESIAN_POINT('',(-9.076894213631,-6.));
#7799 = VECTOR('',#7800,1.);
#7800 = DIRECTION('',(1.,-0.));
#7801 = ( GEOMETRIC_REPRESENTATION_CONTEXT(2) 
PARAMETRIC_REPRESENTATION_CONTEXT() REPRESENTATION_CONTEXT('2D SPACE',''
  ) );
#7802 = FACE_BOUND('',#7803,.T.);
#7803 = EDGE_LOOP('',(#7804,#7834,#7862,#7890,#7918,#7946));
#7804 = ORIENTED_EDGE('',*,*,#7805,.F.);
#7805 = EDGE_CURVE('',#7806,#7808,#7810,.T.);
#7806 = VERTEX_POINT('',#7807);
#7807 = CARTESIAN_POINT('',(59.294317530704,-50.,68.900231371261));
#7808 = VERTEX_POINT('',#7809);
#7809 = CARTESIAN_POINT('',(58.320178337917,-46.28349364905,
    70.812087184849));
#7810 = SURFACE_CURVE('',#7811,(#7815,#7822),.PCURVE_S1.);
#7811 = LINE('',#7812,#7813);
#7812 = CARTESIAN_POINT('',(59.294317530704,-50.,68.900231371261));
#7813 = VECTOR('',#7814,1.);
#7814 = DIRECTION('',(-0.22699524987,0.866025403784,0.445503262094));
#7815 = PCURVE('',#7511,#7816);
#7816 = DEFINITIONAL_REPRESENTATION('',(#7817),#7821);
#7817 = LINE('',#7818,#7819);
#7818 = CARTESIAN_POINT('',(4.291451884327,-50.));
#7819 = VECTOR('',#7820,1.);
#7820 = DIRECTION('',(-0.5,0.866025403784));
#7821 = ( GEOMETRIC_REPRESENTATION_CONTEXT(2) 
PARAMETRIC_REPRESENTATION_CONTEXT() REPRESENTATION_CONTEXT('2D SPACE',''
  ) );
#7822 = PCURVE('',#7823,#7828);
#7823 = PLANE('',#7824);
#7824 = AXIS2_PLACEMENT_3D('',#7825,#7826,#7827);
#7825 = CARTESIAN_POINT('',(55.730291433951,-50.,67.084269372303));
#7826 = DIRECTION('',(-0.393167305851,-0.5,0.771634284885));
#7827 = DIRECTION('',(-0.22699524987,0.866025403784,0.445503262094));
#7828 = DEFINITIONAL_REPRESENTATION('',(#7829),#7833);
#7829 = LINE('',#7830,#7831);
#7830 = CARTESIAN_POINT('',(-3.330669073875E-16,-4.));
#7831 = VECTOR('',#7832,1.);
#7832 = DIRECTION('',(1.,0.));
#7833 = ( GEOMETRIC_REPRESENTATION_CONTEXT(2) 
PARAMETRIC_REPRESENTATION_CONTEXT() REPRESENTATION_CONTEXT('2D SPACE',''
  ) );
#7834 = ORIENTED_EDGE('',*,*,#7835,.F.);
#7835 = EDGE_CURVE('',#7836,#7806,#7838,.T.);
#7836 = VERTEX_POINT('',#7837);
#7837 = CARTESIAN_POINT('',(58.320178337917,-53.71650635094,
    70.812087184849));
#7838 = SURFACE_CURVE('',#7839,(#7843,#7850),.PCURVE_S1.);
#7839 = LINE('',#7840,#7841);
#7840 = CARTESIAN_POINT('',(58.320178337917,-53.71650635094,
    70.812087184849));
#7841 = VECTOR('',#7842,1.);
#7842 = DIRECTION('',(0.22699524987,0.866025403784,-0.445503262094));
#7843 = PCURVE('',#7511,#7844);
#7844 = DEFINITIONAL_REPRESENTATION('',(#7845),#7849);
#7845 = LINE('',#7846,#7847);
#7846 = CARTESIAN_POINT('',(2.145725942164,-53.71650635094));
#7847 = VECTOR('',#7848,1.);
#7848 = DIRECTION('',(0.5,0.866025403784));
#7849 = ( GEOMETRIC_REPRESENTATION_CONTEXT(2) 
PARAMETRIC_REPRESENTATION_CONTEXT() REPRESENTATION_CONTEXT('2D SPACE',''
  ) );
#7850 = PCURVE('',#7851,#7856);
#7851 = PLANE('',#7852);
#7852 = AXIS2_PLACEMENT_3D('',#7853,#7854,#7855);
#7853 = CARTESIAN_POINT('',(54.756152241164,-53.71650635094,
    68.996125185891));
#7854 = DIRECTION('',(-0.393167305851,0.5,0.771634284885));
#7855 = DIRECTION('',(0.22699524987,0.866025403784,-0.445503262094));
#7856 = DEFINITIONAL_REPRESENTATION('',(#7857),#7861);
#7857 = LINE('',#7858,#7859);
#7858 = CARTESIAN_POINT('',(4.440892098501E-16,-4.));
#7859 = VECTOR('',#7860,1.);
#7860 = DIRECTION('',(1.,0.));
#7861 = ( GEOMETRIC_REPRESENTATION_CONTEXT(2) 
PARAMETRIC_REPRESENTATION_CONTEXT() REPRESENTATION_CONTEXT('2D SPACE',''
  ) );
#7862 = ORIENTED_EDGE('',*,*,#7863,.F.);
#7863 = EDGE_CURVE('',#7864,#7836,#7866,.T.);
#7864 = VERTEX_POINT('',#7865);
#7865 = CARTESIAN_POINT('',(56.371899952343,-53.71650635094,
    74.635798812025));
#7866 = SURFACE_CURVE('',#7867,(#7871,#7878),.PCURVE_S1.);
#7867 = LINE('',#7868,#7869);
#7868 = CARTESIAN_POINT('',(56.371899952343,-53.71650635094,
    74.635798812025));
#7869 = VECTOR('',#7870,1.);
#7870 = DIRECTION('',(0.45399049974,-5.174113817656E-16,-0.891006524188)
  );
#7871 = PCURVE('',#7511,#7872);
#7872 = DEFINITIONAL_REPRESENTATION('',(#7873),#7877);
#7873 = LINE('',#7874,#7875);
#7874 = CARTESIAN_POINT('',(-2.145725942164,-53.71650635094));
#7875 = VECTOR('',#7876,1.);
#7876 = DIRECTION('',(1.,-5.174113817656E-16));
#7877 = ( GEOMETRIC_REPRESENTATION_CONTEXT(2) 
PARAMETRIC_REPRESENTATION_CONTEXT() REPRESENTATION_CONTEXT('2D SPACE',''
  ) );
#7878 = PCURVE('',#7879,#7884);
#7879 = PLANE('',#7880);
#7880 = AXIS2_PLACEMENT_3D('',#7881,#7882,#7883);
#7881 = CARTESIAN_POINT('',(52.80787385559,-53.71650635094,
    72.819836813067));
#7882 = DIRECTION('',(2.348998517787E-16,1.,-4.610169168424E-16));
#7883 = DIRECTION('',(0.45399049974,-5.174113817656E-16,-0.891006524188)
  );
#7884 = DEFINITIONAL_REPRESENTATION('',(#7885),#7889);
#7885 = LINE('',#7886,#7887);
#7886 = CARTESIAN_POINT('',(-2.442490654175E-15,-4.));
#7887 = VECTOR('',#7888,1.);
#7888 = DIRECTION('',(1.,0.));
#7889 = ( GEOMETRIC_REPRESENTATION_CONTEXT(2) 
PARAMETRIC_REPRESENTATION_CONTEXT() REPRESENTATION_CONTEXT('2D SPACE',''
  ) );
#7890 = ORIENTED_EDGE('',*,*,#7891,.F.);
#7891 = EDGE_CURVE('',#7892,#7864,#7894,.T.);
#7892 = VERTEX_POINT('',#7893);
#7893 = CARTESIAN_POINT('',(55.397760759556,-50.,76.547654625613));
#7894 = SURFACE_CURVE('',#7895,(#7899,#7906),.PCURVE_S1.);
#7895 = LINE('',#7896,#7897);
#7896 = CARTESIAN_POINT('',(55.397760759556,-50.,76.547654625613));
#7897 = VECTOR('',#7898,1.);
#7898 = DIRECTION('',(0.22699524987,-0.866025403784,-0.445503262094));
#7899 = PCURVE('',#7511,#7900);
#7900 = DEFINITIONAL_REPRESENTATION('',(#7901),#7905);
#7901 = LINE('',#7902,#7903);
#7902 = CARTESIAN_POINT('',(-4.291451884327,-50.));
#7903 = VECTOR('',#7904,1.);
#7904 = DIRECTION('',(0.5,-0.866025403784));
#7905 = ( GEOMETRIC_REPRESENTATION_CONTEXT(2) 
PARAMETRIC_REPRESENTATION_CONTEXT() REPRESENTATION_CONTEXT('2D SPACE',''
  ) );
#7906 = PCURVE('',#7907,#7912);
#7907 = PLANE('',#7908);
#7908 = AXIS2_PLACEMENT_3D('',#7909,#7910,#7911);
#7909 = CARTESIAN_POINT('',(51.833734662803,-50.,74.731692626655));
#7910 = DIRECTION('',(0.393167305851,0.5,-0.771634284885));
#7911 = DIRECTION('',(0.22699524987,-0.866025403784,-0.445503262094));
#7912 = DEFINITIONAL_REPRESENTATION('',(#7913),#7917);
#7913 = LINE('',#7914,#7915);
#7914 = CARTESIAN_POINT('',(4.440892098501E-16,-4.));
#7915 = VECTOR('',#7916,1.);
#7916 = DIRECTION('',(1.,0.));
#7917 = ( GEOMETRIC_REPRESENTATION_CONTEXT(2) 
PARAMETRIC_REPRESENTATION_CONTEXT() REPRESENTATION_CONTEXT('2D SPACE',''
  ) );
#7918 = ORIENTED_EDGE('',*,*,#7919,.F.);
#7919 = EDGE_CURVE('',#7920,#7892,#7922,.T.);
#7920 = VERTEX_POINT('',#7921);
#7921 = CARTESIAN_POINT('',(56.371899952343,-46.28349364905,
    74.635798812025));
#7922 = SURFACE_CURVE('',#7923,(#7927,#7934),.PCURVE_S1.);
#7923 = LINE('',#7924,#7925);
#7924 = CARTESIAN_POINT('',(56.371899952343,-46.28349364905,
    74.635798812025));
#7925 = VECTOR('',#7926,1.);
#7926 = DIRECTION('',(-0.22699524987,-0.866025403784,0.445503262094));
#7927 = PCURVE('',#7511,#7928);
#7928 = DEFINITIONAL_REPRESENTATION('',(#7929),#7933);
#7929 = LINE('',#7930,#7931);
#7930 = CARTESIAN_POINT('',(-2.145725942164,-46.28349364905));
#7931 = VECTOR('',#7932,1.);
#7932 = DIRECTION('',(-0.5,-0.866025403784));
#7933 = ( GEOMETRIC_REPRESENTATION_CONTEXT(2) 
PARAMETRIC_REPRESENTATION_CONTEXT() REPRESENTATION_CONTEXT('2D SPACE',''
  ) );
#7934 = PCURVE('',#7935,#7940);
#7935 = PLANE('',#7936);
#7936 = AXIS2_PLACEMENT_3D('',#7937,#7938,#7939);
#7937 = CARTESIAN_POINT('',(52.80787385559,-46.28349364905,
    72.819836813067));
#7938 = DIRECTION('',(0.393167305851,-0.5,-0.771634284885));
#7939 = DIRECTION('',(-0.22699524987,-0.866025403784,0.445503262094));
#7940 = DEFINITIONAL_REPRESENTATION('',(#7941),#7945);
#7941 = LINE('',#7942,#7943);
#7942 = CARTESIAN_POINT('',(-4.440892098501E-16,-4.));
#7943 = VECTOR('',#7944,1.);
#7944 = DIRECTION('',(1.,0.));
#7945 = ( GEOMETRIC_REPRESENTATION_CONTEXT(2) 
PARAMETRIC_REPRESENTATION_CONTEXT() REPRESENTATION_CONTEXT('2D SPACE',''
  ) );
#7946 = ORIENTED_EDGE('',*,*,#7947,.F.);
#7947 = EDGE_CURVE('',#7808,#7920,#7948,.T.);
#7948 = SURFACE_CURVE('',#7949,(#7953,#7960),.PCURVE_S1.);
#7949 = LINE('',#7950,#7951);
#7950 = CARTESIAN_POINT('',(58.320178337917,-46.28349364905,
    70.812087184849));
#7951 = VECTOR('',#7952,1.);
#7952 = DIRECTION('',(-0.45399049974,1.034822763531E-16,0.891006524188)
  );
#7953 = PCURVE('',#7511,#7954);
#7954 = DEFINITIONAL_REPRESENTATION('',(#7955),#7959);
#7955 = LINE('',#7956,#7957);
#7956 = CARTESIAN_POINT('',(2.145725942164,-46.28349364905));
#7957 = VECTOR('',#7958,1.);
#7958 = DIRECTION('',(-1.,1.034822763531E-16));
#7959 = ( GEOMETRIC_REPRESENTATION_CONTEXT(2) 
PARAMETRIC_REPRESENTATION_CONTEXT() REPRESENTATION_CONTEXT('2D SPACE',''
  ) );
#7960 = PCURVE('',#7961,#7966);
#7961 = PLANE('',#7962);
#7962 = AXIS2_PLACEMENT_3D('',#7963,#7964,#7965);
#7963 = CARTESIAN_POINT('',(54.756152241164,-46.28349364905,
    68.996125185891));
#7964 = DIRECTION('',(-4.697997035574E-17,-1.,9.220338336849E-17));
#7965 = DIRECTION('',(-0.45399049974,1.034822763531E-16,0.891006524188)
  );
#7966 = DEFINITIONAL_REPRESENTATION('',(#7967),#7971);
#7967 = LINE('',#7968,#7969);
#7968 = CARTESIAN_POINT('',(-8.881784197001E-16,-4.));
#7969 = VECTOR('',#7970,1.);
#7970 = DIRECTION('',(1.,0.));
#7971 = ( GEOMETRIC_REPRESENTATION_CONTEXT(2) 
PARAMETRIC_REPRESENTATION_CONTEXT() REPRESENTATION_CONTEXT('2D SPACE',''
  ) );
#7972 = FACE_BOUND('',#7973,.T.);
#7973 = EDGE_LOOP('',(#7974,#8004,#8032,#8060,#8088,#8116));
#7974 = ORIENTED_EDGE('',*,*,#7975,.F.);
#7975 = EDGE_CURVE('',#7976,#7978,#7980,.T.);
#7976 = VERTEX_POINT('',#7977);
#7977 = CARTESIAN_POINT('',(59.294317530704,50.,68.900231371261));
#7978 = VERTEX_POINT('',#7979);
#7979 = CARTESIAN_POINT('',(58.320178337917,53.716506350946,
    70.812087184849));
#7980 = SURFACE_CURVE('',#7981,(#7985,#7992),.PCURVE_S1.);
#7981 = LINE('',#7982,#7983);
#7982 = CARTESIAN_POINT('',(59.294317530704,50.,68.900231371261));
#7983 = VECTOR('',#7984,1.);
#7984 = DIRECTION('',(-0.22699524987,0.866025403784,0.445503262094));
#7985 = PCURVE('',#7511,#7986);
#7986 = DEFINITIONAL_REPRESENTATION('',(#7987),#7991);
#7987 = LINE('',#7988,#7989);
#7988 = CARTESIAN_POINT('',(4.291451884327,50.));
#7989 = VECTOR('',#7990,1.);
#7990 = DIRECTION('',(-0.5,0.866025403784));
#7991 = ( GEOMETRIC_REPRESENTATION_CONTEXT(2) 
PARAMETRIC_REPRESENTATION_CONTEXT() REPRESENTATION_CONTEXT('2D SPACE',''
  ) );
#7992 = PCURVE('',#7993,#7998);
#7993 = PLANE('',#7994);
#7994 = AXIS2_PLACEMENT_3D('',#7995,#7996,#7997);
#7995 = CARTESIAN_POINT('',(55.730291433951,50.,67.084269372303));
#7996 = DIRECTION('',(-0.393167305851,-0.5,0.771634284885));
#7997 = DIRECTION('',(-0.22699524987,0.866025403784,0.445503262094));
#7998 = DEFINITIONAL_REPRESENTATION('',(#7999),#8003);
#7999 = LINE('',#8000,#8001);
#8000 = CARTESIAN_POINT('',(-3.330669073875E-16,-4.));
#8001 = VECTOR('',#8002,1.);
#8002 = DIRECTION('',(1.,0.));
#8003 = ( GEOMETRIC_REPRESENTATION_CONTEXT(2) 
PARAMETRIC_REPRESENTATION_CONTEXT() REPRESENTATION_CONTEXT('2D SPACE',''
  ) );
#8004 = ORIENTED_EDGE('',*,*,#8005,.F.);
#8005 = EDGE_CURVE('',#8006,#7976,#8008,.T.);
#8006 = VERTEX_POINT('',#8007);
#8007 = CARTESIAN_POINT('',(58.320178337917,46.283493649054,
    70.812087184849));
#8008 = SURFACE_CURVE('',#8009,(#8013,#8020),.PCURVE_S1.);
#8009 = LINE('',#8010,#8011);
#8010 = CARTESIAN_POINT('',(58.320178337917,46.283493649054,
    70.812087184849));
#8011 = VECTOR('',#8012,1.);
#8012 = DIRECTION('',(0.22699524987,0.866025403784,-0.445503262094));
#8013 = PCURVE('',#7511,#8014);
#8014 = DEFINITIONAL_REPRESENTATION('',(#8015),#8019);
#8015 = LINE('',#8016,#8017);
#8016 = CARTESIAN_POINT('',(2.145725942164,46.283493649054));
#8017 = VECTOR('',#8018,1.);
#8018 = DIRECTION('',(0.5,0.866025403784));
#8019 = ( GEOMETRIC_REPRESENTATION_CONTEXT(2) 
PARAMETRIC_REPRESENTATION_CONTEXT() REPRESENTATION_CONTEXT('2D SPACE',''
  ) );
#8020 = PCURVE('',#8021,#8026);
#8021 = PLANE('',#8022);
#8022 = AXIS2_PLACEMENT_3D('',#8023,#8024,#8025);
#8023 = CARTESIAN_POINT('',(54.756152241164,46.283493649054,
    68.996125185891));
#8024 = DIRECTION('',(-0.393167305851,0.5,0.771634284885));
#8025 = DIRECTION('',(0.22699524987,0.866025403784,-0.445503262094));
#8026 = DEFINITIONAL_REPRESENTATION('',(#8027),#8031);
#8027 = LINE('',#8028,#8029);
#8028 = CARTESIAN_POINT('',(4.440892098501E-16,-4.));
#8029 = VECTOR('',#8030,1.);
#8030 = DIRECTION('',(1.,0.));
#8031 = ( GEOMETRIC_REPRESENTATION_CONTEXT(2) 
PARAMETRIC_REPRESENTATION_CONTEXT() REPRESENTATION_CONTEXT('2D SPACE',''
  ) );
#8032 = ORIENTED_EDGE('',*,*,#8033,.F.);
#8033 = EDGE_CURVE('',#8034,#8006,#8036,.T.);
#8034 = VERTEX_POINT('',#8035);
#8035 = CARTESIAN_POINT('',(56.371899952343,46.283493649054,
    74.635798812025));
#8036 = SURFACE_CURVE('',#8037,(#8041,#8048),.PCURVE_S1.);
#8037 = LINE('',#8038,#8039);
#8038 = CARTESIAN_POINT('',(56.371899952343,46.283493649054,
    74.635798812025));
#8039 = VECTOR('',#8040,1.);
#8040 = DIRECTION('',(0.45399049974,-5.174113817656E-16,-0.891006524188)
  );
#8041 = PCURVE('',#7511,#8042);
#8042 = DEFINITIONAL_REPRESENTATION('',(#8043),#8047);
#8043 = LINE('',#8044,#8045);
#8044 = CARTESIAN_POINT('',(-2.145725942164,46.283493649054));
#8045 = VECTOR('',#8046,1.);
#8046 = DIRECTION('',(1.,-5.174113817656E-16));
#8047 = ( GEOMETRIC_REPRESENTATION_CONTEXT(2) 
PARAMETRIC_REPRESENTATION_CONTEXT() REPRESENTATION_CONTEXT('2D SPACE',''
  ) );
#8048 = PCURVE('',#8049,#8054);
#8049 = PLANE('',#8050);
#8050 = AXIS2_PLACEMENT_3D('',#8051,#8052,#8053);
#8051 = CARTESIAN_POINT('',(52.80787385559,46.283493649054,
    72.819836813067));
#8052 = DIRECTION('',(2.348998517787E-16,1.,-4.610169168424E-16));
#8053 = DIRECTION('',(0.45399049974,-5.174113817656E-16,-0.891006524188)
  );
#8054 = DEFINITIONAL_REPRESENTATION('',(#8055),#8059);
#8055 = LINE('',#8056,#8057);
#8056 = CARTESIAN_POINT('',(-2.442490654175E-15,-4.));
#8057 = VECTOR('',#8058,1.);
#8058 = DIRECTION('',(1.,0.));
#8059 = ( GEOMETRIC_REPRESENTATION_CONTEXT(2) 
PARAMETRIC_REPRESENTATION_CONTEXT() REPRESENTATION_CONTEXT('2D SPACE',''
  ) );
#8060 = ORIENTED_EDGE('',*,*,#8061,.F.);
#8061 = EDGE_CURVE('',#8062,#8034,#8064,.T.);
#8062 = VERTEX_POINT('',#8063);
#8063 = CARTESIAN_POINT('',(55.397760759556,50.,76.547654625613));
#8064 = SURFACE_CURVE('',#8065,(#8069,#8076),.PCURVE_S1.);
#8065 = LINE('',#8066,#8067);
#8066 = CARTESIAN_POINT('',(55.397760759556,50.,76.547654625613));
#8067 = VECTOR('',#8068,1.);
#8068 = DIRECTION('',(0.22699524987,-0.866025403784,-0.445503262094));
#8069 = PCURVE('',#7511,#8070);
#8070 = DEFINITIONAL_REPRESENTATION('',(#8071),#8075);
#8071 = LINE('',#8072,#8073);
#8072 = CARTESIAN_POINT('',(-4.291451884327,50.));
#8073 = VECTOR('',#8074,1.);
#8074 = DIRECTION('',(0.5,-0.866025403784));
#8075 = ( GEOMETRIC_REPRESENTATION_CONTEXT(2) 
PARAMETRIC_REPRESENTATION_CONTEXT() REPRESENTATION_CONTEXT('2D SPACE',''
  ) );
#8076 = PCURVE('',#8077,#8082);
#8077 = PLANE('',#8078);
#8078 = AXIS2_PLACEMENT_3D('',#8079,#8080,#8081);
#8079 = CARTESIAN_POINT('',(51.833734662803,50.,74.731692626655));
#8080 = DIRECTION('',(0.393167305851,0.5,-0.771634284885));
#8081 = DIRECTION('',(0.22699524987,-0.866025403784,-0.445503262094));
#8082 = DEFINITIONAL_REPRESENTATION('',(#8083),#8087);
#8083 = LINE('',#8084,#8085);
#8084 = CARTESIAN_POINT('',(4.440892098501E-16,-4.));
#8085 = VECTOR('',#8086,1.);
#8086 = DIRECTION('',(1.,0.));
#8087 = ( GEOMETRIC_REPRESENTATION_CONTEXT(2) 
PARAMETRIC_REPRESENTATION_CONTEXT() REPRESENTATION_CONTEXT('2D SPACE',''
  ) );
#8088 = ORIENTED_EDGE('',*,*,#8089,.F.);
#8089 = EDGE_CURVE('',#8090,#8062,#8092,.T.);
#8090 = VERTEX_POINT('',#8091);
#8091 = CARTESIAN_POINT('',(56.371899952343,53.716506350946,
    74.635798812025));
#8092 = SURFACE_CURVE('',#8093,(#8097,#8104),.PCURVE_S1.);
#8093 = LINE('',#8094,#8095);
#8094 = CARTESIAN_POINT('',(56.371899952343,53.716506350946,
    74.635798812025));
#8095 = VECTOR('',#8096,1.);
#8096 = DIRECTION('',(-0.22699524987,-0.866025403784,0.445503262094));
#8097 = PCURVE('',#7511,#8098);
#8098 = DEFINITIONAL_REPRESENTATION('',(#8099),#8103);
#8099 = LINE('',#8100,#8101);
#8100 = CARTESIAN_POINT('',(-2.145725942164,53.716506350946));
#8101 = VECTOR('',#8102,1.);
#8102 = DIRECTION('',(-0.5,-0.866025403784));
#8103 = ( GEOMETRIC_REPRESENTATION_CONTEXT(2) 
PARAMETRIC_REPRESENTATION_CONTEXT() REPRESENTATION_CONTEXT('2D SPACE',''
  ) );
#8104 = PCURVE('',#8105,#8110);
#8105 = PLANE('',#8106);
#8106 = AXIS2_PLACEMENT_3D('',#8107,#8108,#8109);
#8107 = CARTESIAN_POINT('',(52.80787385559,53.716506350946,
    72.819836813067));
#8108 = DIRECTION('',(0.393167305851,-0.5,-0.771634284885));
#8109 = DIRECTION('',(-0.22699524987,-0.866025403784,0.445503262094));
#8110 = DEFINITIONAL_REPRESENTATION('',(#8111),#8115);
#8111 = LINE('',#8112,#8113);
#8112 = CARTESIAN_POINT('',(-4.440892098501E-16,-4.));
#8113 = VECTOR('',#8114,1.);
#8114 = DIRECTION('',(1.,0.));
#8115 = ( GEOMETRIC_REPRESENTATION_CONTEXT(2) 
PARAMETRIC_REPRESENTATION_CONTEXT() REPRESENTATION_CONTEXT('2D SPACE',''
  ) );
#8116 = ORIENTED_EDGE('',*,*,#8117,.F.);
#8117 = EDGE_CURVE('',#7978,#8090,#8118,.T.);
#8118 = SURFACE_CURVE('',#8119,(#8123,#8130),.PCURVE_S1.);
#8119 = LINE('',#8120,#8121);
#8120 = CARTESIAN_POINT('',(58.320178337917,53.716506350946,
    70.812087184849));
#8121 = VECTOR('',#8122,1.);
#8122 = DIRECTION('',(-0.45399049974,1.034822763531E-16,0.891006524188)
  );
#8123 = PCURVE('',#7511,#8124);
#8124 = DEFINITIONAL_REPRESENTATION('',(#8125),#8129);
#8125 = LINE('',#8126,#8127);
#8126 = CARTESIAN_POINT('',(2.145725942164,53.716506350946));
#8127 = VECTOR('',#8128,1.);
#8128 = DIRECTION('',(-1.,1.034822763531E-16));
#8129 = ( GEOMETRIC_REPRESENTATION_CONTEXT(2) 
PARAMETRIC_REPRESENTATION_CONTEXT() REPRESENTATION_CONTEXT('2D SPACE',''
  ) );
#8130 = PCURVE('',#8131,#8136);
#8131 = PLANE('',#8132);
#8132 = AXIS2_PLACEMENT_3D('',#8133,#8134,#8135);
#8133 = CARTESIAN_POINT('',(54.756152241164,53.716506350946,
    68.996125185891));
#8134 = DIRECTION('',(-4.697997035574E-17,-1.,9.220338336849E-17));
#8135 = DIRECTION('',(-0.45399049974,1.034822763531E-16,0.891006524188)
  );
#8136 = DEFINITIONAL_REPRESENTATION('',(#8137),#8141);
#8137 = LINE('',#8138,#8139);
#8138 = CARTESIAN_POINT('',(-8.881784197001E-16,-4.));
#8139 = VECTOR('',#8140,1.);
#8140 = DIRECTION('',(1.,0.));
#8141 = ( GEOMETRIC_REPRESENTATION_CONTEXT(2) 
PARAMETRIC_REPRESENTATION_CONTEXT() REPRESENTATION_CONTEXT('2D SPACE',''
  ) );
#8142 = ADVANCED_FACE('',(#8143),#7541,.F.);
#8143 = FACE_BOUND('',#8144,.F.);
#8144 = EDGE_LOOP('',(#8145,#8146,#8147,#8168));
#8145 = ORIENTED_EDGE('',*,*,#7527,.F.);
#8146 = ORIENTED_EDGE('',*,*,#7754,.F.);
#8147 = ORIENTED_EDGE('',*,*,#8148,.T.);
#8148 = EDGE_CURVE('',#7755,#7558,#8149,.T.);
#8149 = SURFACE_CURVE('',#8150,(#8154,#8161),.PCURVE_S1.);
#8150 = LINE('',#8151,#8152);
#8151 = CARTESIAN_POINT('',(33.221029936022,15.,106.85580393013));
#8152 = VECTOR('',#8153,1.);
#8153 = DIRECTION('',(-0.891006524188,-0.,-0.45399049974));
#8154 = PCURVE('',#7541,#8155);
#8155 = DEFINITIONAL_REPRESENTATION('',(#8156),#8160);
#8156 = LINE('',#8157,#8158);
#8157 = CARTESIAN_POINT('',(1.,20.635764240107));
#8158 = VECTOR('',#8159,1.);
#8159 = DIRECTION('',(-1.,0.));
#8160 = ( GEOMETRIC_REPRESENTATION_CONTEXT(2) 
PARAMETRIC_REPRESENTATION_CONTEXT() REPRESENTATION_CONTEXT('2D SPACE',''
  ) );
#8161 = PCURVE('',#7597,#8162);
#8162 = DEFINITIONAL_REPRESENTATION('',(#8163),#8167);
#8163 = LINE('',#8164,#8165);
#8164 = CARTESIAN_POINT('',(-9.076894213631,0.));
#8165 = VECTOR('',#8166,1.);
#8166 = DIRECTION('',(-0.,1.));
#8167 = ( GEOMETRIC_REPRESENTATION_CONTEXT(2) 
PARAMETRIC_REPRESENTATION_CONTEXT() REPRESENTATION_CONTEXT('2D SPACE',''
  ) );
#8168 = ORIENTED_EDGE('',*,*,#7557,.T.);
#8169 = ADVANCED_FACE('',(#8170),#7597,.F.);
#8170 = FACE_BOUND('',#8171,.T.);
#8171 = EDGE_LOOP('',(#8172,#8173,#8174,#8175));
#8172 = ORIENTED_EDGE('',*,*,#7777,.F.);
#8173 = ORIENTED_EDGE('',*,*,#8148,.T.);
#8174 = ORIENTED_EDGE('',*,*,#7580,.F.);
#8175 = ORIENTED_EDGE('',*,*,#7727,.F.);
#8176 = ADVANCED_FACE('',(#8177),#7653,.F.);
#8177 = FACE_BOUND('',#8178,.T.);
#8178 = EDGE_LOOP('',(#8179,#8202,#8203,#8204));
#8179 = ORIENTED_EDGE('',*,*,#8180,.F.);
#8180 = EDGE_CURVE('',#7633,#8181,#8183,.T.);
#8181 = VERTEX_POINT('',#8182);
#8182 = CARTESIAN_POINT('',(54.803491672791,-50.,68.903216320055));
#8183 = SEAM_CURVE('',#8184,(#8188,#8195),.PCURVE_S1.);
#8184 = LINE('',#8185,#8186);
#8185 = CARTESIAN_POINT('',(52.130472100226,-50.,67.541244820837));
#8186 = VECTOR('',#8187,1.);
#8187 = DIRECTION('',(0.891006524188,0.,0.45399049974));
#8188 = PCURVE('',#7653,#8189);
#8189 = DEFINITIONAL_REPRESENTATION('',(#8190),#8194);
#8190 = LINE('',#8191,#8192);
#8191 = CARTESIAN_POINT('',(-6.28318530718,0.));
#8192 = VECTOR('',#8193,1.);
#8193 = DIRECTION('',(-0.,-1.));
#8194 = ( GEOMETRIC_REPRESENTATION_CONTEXT(2) 
PARAMETRIC_REPRESENTATION_CONTEXT() REPRESENTATION_CONTEXT('2D SPACE',''
  ) );
#8195 = PCURVE('',#7653,#8196);
#8196 = DEFINITIONAL_REPRESENTATION('',(#8197),#8201);
#8197 = LINE('',#8198,#8199);
#8198 = CARTESIAN_POINT('',(-0.,0.));
#8199 = VECTOR('',#8200,1.);
#8200 = DIRECTION('',(-0.,-1.));
#8201 = ( GEOMETRIC_REPRESENTATION_CONTEXT(2) 
PARAMETRIC_REPRESENTATION_CONTEXT() REPRESENTATION_CONTEXT('2D SPACE',''
  ) );
#8202 = ORIENTED_EDGE('',*,*,#7632,.T.);
#8203 = ORIENTED_EDGE('',*,*,#8180,.T.);
#8204 = ORIENTED_EDGE('',*,*,#8205,.F.);
#8205 = EDGE_CURVE('',#8181,#8181,#8206,.T.);
#8206 = SURFACE_CURVE('',#8207,(#8212,#8219),.PCURVE_S1.);
#8207 = CIRCLE('',#8208,2.25);
#8208 = AXIS2_PLACEMENT_3D('',#8209,#8210,#8211);
#8209 = CARTESIAN_POINT('',(53.782013048377,-50.,70.907980999479));
#8210 = DIRECTION('',(-0.891006524188,-0.,-0.45399049974));
#8211 = DIRECTION('',(0.45399049974,0.,-0.891006524188));
#8212 = PCURVE('',#7653,#8213);
#8213 = DEFINITIONAL_REPRESENTATION('',(#8214),#8218);
#8214 = LINE('',#8215,#8216);
#8215 = CARTESIAN_POINT('',(-6.28318530718,-3.));
#8216 = VECTOR('',#8217,1.);
#8217 = DIRECTION('',(1.,-0.));
#8218 = ( GEOMETRIC_REPRESENTATION_CONTEXT(2) 
PARAMETRIC_REPRESENTATION_CONTEXT() REPRESENTATION_CONTEXT('2D SPACE',''
  ) );
#8219 = PCURVE('',#8220,#8225);
#8220 = PLANE('',#8221);
#8221 = AXIS2_PLACEMENT_3D('',#8222,#8223,#8224);
#8222 = CARTESIAN_POINT('',(53.782013048377,-50.,70.907980999479));
#8223 = DIRECTION('',(0.891006524188,0.,0.45399049974));
#8224 = DIRECTION('',(0.45399049974,0.,-0.891006524188));
#8225 = DEFINITIONAL_REPRESENTATION('',(#8226),#8234);
#8226 = ( BOUNDED_CURVE() B_SPLINE_CURVE(2,(#8227,#8228,#8229,#8230,
#8231,#8232,#8233),.UNSPECIFIED.,.T.,.F.) B_SPLINE_CURVE_WITH_KNOTS((1,2
    ,2,2,2,1),(-2.094395102393,0.,2.094395102393,4.188790204786,
6.28318530718,8.377580409573),.UNSPECIFIED.) CURVE() 
GEOMETRIC_REPRESENTATION_ITEM() RATIONAL_B_SPLINE_CURVE((1.,0.5,1.,0.5,
1.,0.5,1.)) REPRESENTATION_ITEM('') );
#8227 = CARTESIAN_POINT('',(2.25,-7.105427357601E-15));
#8228 = CARTESIAN_POINT('',(2.25,-3.89711431703));
#8229 = CARTESIAN_POINT('',(-1.125,-1.948557158515));
#8230 = CARTESIAN_POINT('',(-4.5,-7.656518417217E-15));
#8231 = CARTESIAN_POINT('',(-1.125,1.948557158515));
#8232 = CARTESIAN_POINT('',(2.25,3.89711431703));
#8233 = CARTESIAN_POINT('',(2.25,-7.105427357601E-15));
#8234 = ( GEOMETRIC_REPRESENTATION_CONTEXT(2) 
PARAMETRIC_REPRESENTATION_CONTEXT() REPRESENTATION_CONTEXT('2D SPACE',''
  ) );
#8235 = ADVANCED_FACE('',(#8236),#7688,.F.);
#8236 = FACE_BOUND('',#8237,.T.);
#8237 = EDGE_LOOP('',(#8238,#8261,#8262,#8263));
#8238 = ORIENTED_EDGE('',*,*,#8239,.F.);
#8239 = EDGE_CURVE('',#7668,#8240,#8242,.T.);
#8240 = VERTEX_POINT('',#8241);
#8241 = CARTESIAN_POINT('',(54.803491672791,50.,68.903216320055));
#8242 = SEAM_CURVE('',#8243,(#8247,#8254),.PCURVE_S1.);
#8243 = LINE('',#8244,#8245);
#8244 = CARTESIAN_POINT('',(52.130472100226,50.,67.541244820837));
#8245 = VECTOR('',#8246,1.);
#8246 = DIRECTION('',(0.891006524188,0.,0.45399049974));
#8247 = PCURVE('',#7688,#8248);
#8248 = DEFINITIONAL_REPRESENTATION('',(#8249),#8253);
#8249 = LINE('',#8250,#8251);
#8250 = CARTESIAN_POINT('',(-6.28318530718,0.));
#8251 = VECTOR('',#8252,1.);
#8252 = DIRECTION('',(-0.,-1.));
#8253 = ( GEOMETRIC_REPRESENTATION_CONTEXT(2) 
PARAMETRIC_REPRESENTATION_CONTEXT() REPRESENTATION_CONTEXT('2D SPACE',''
  ) );
#8254 = PCURVE('',#7688,#8255);
#8255 = DEFINITIONAL_REPRESENTATION('',(#8256),#8260);
#8256 = LINE('',#8257,#8258);
#8257 = CARTESIAN_POINT('',(-0.,0.));
#8258 = VECTOR('',#8259,1.);
#8259 = DIRECTION('',(-0.,-1.));
#8260 = ( GEOMETRIC_REPRESENTATION_CONTEXT(2) 
PARAMETRIC_REPRESENTATION_CONTEXT() REPRESENTATION_CONTEXT('2D SPACE',''
  ) );
#8261 = ORIENTED_EDGE('',*,*,#7667,.T.);
#8262 = ORIENTED_EDGE('',*,*,#8239,.T.);
#8263 = ORIENTED_EDGE('',*,*,#8264,.F.);
#8264 = EDGE_CURVE('',#8240,#8240,#8265,.T.);
#8265 = SURFACE_CURVE('',#8266,(#8271,#8278),.PCURVE_S1.);
#8266 = CIRCLE('',#8267,2.25);
#8267 = AXIS2_PLACEMENT_3D('',#8268,#8269,#8270);
#8268 = CARTESIAN_POINT('',(53.782013048377,50.,70.907980999479));
#8269 = DIRECTION('',(-0.891006524188,-0.,-0.45399049974));
#8270 = DIRECTION('',(0.45399049974,0.,-0.891006524188));
#8271 = PCURVE('',#7688,#8272);
#8272 = DEFINITIONAL_REPRESENTATION('',(#8273),#8277);
#8273 = LINE('',#8274,#8275);
#8274 = CARTESIAN_POINT('',(-6.28318530718,-3.));
#8275 = VECTOR('',#8276,1.);
#8276 = DIRECTION('',(1.,-0.));
#8277 = ( GEOMETRIC_REPRESENTATION_CONTEXT(2) 
PARAMETRIC_REPRESENTATION_CONTEXT() REPRESENTATION_CONTEXT('2D SPACE',''
  ) );
#8278 = PCURVE('',#8279,#8284);
#8279 = PLANE('',#8280);
#8280 = AXIS2_PLACEMENT_3D('',#8281,#8282,#8283);
#8281 = CARTESIAN_POINT('',(53.782013048377,50.,70.907980999479));
#8282 = DIRECTION('',(0.891006524188,0.,0.45399049974));
#8283 = DIRECTION('',(0.45399049974,0.,-0.891006524188));
#8284 = DEFINITIONAL_REPRESENTATION('',(#8285),#8293);
#8285 = ( BOUNDED_CURVE() B_SPLINE_CURVE(2,(#8286,#8287,#8288,#8289,
#8290,#8291,#8292),.UNSPECIFIED.,.T.,.F.) B_SPLINE_CURVE_WITH_KNOTS((1,2
    ,2,2,2,1),(-2.094395102393,0.,2.094395102393,4.188790204786,
6.28318530718,8.377580409573),.UNSPECIFIED.) CURVE() 
GEOMETRIC_REPRESENTATION_ITEM() RATIONAL_B_SPLINE_CURVE((1.,0.5,1.,0.5,
1.,0.5,1.)) REPRESENTATION_ITEM('') );
#8286 = CARTESIAN_POINT('',(2.25,7.105427357601E-15));
#8287 = CARTESIAN_POINT('',(2.25,-3.89711431703));
#8288 = CARTESIAN_POINT('',(-1.125,-1.948557158515));
#8289 = CARTESIAN_POINT('',(-4.5,6.554336297985E-15));
#8290 = CARTESIAN_POINT('',(-1.125,1.948557158515));
#8291 = CARTESIAN_POINT('',(2.25,3.89711431703));
#8292 = CARTESIAN_POINT('',(2.25,7.105427357601E-15));
#8293 = ( GEOMETRIC_REPRESENTATION_CONTEXT(2) 
PARAMETRIC_REPRESENTATION_CONTEXT() REPRESENTATION_CONTEXT('2D SPACE',''
  ) );
#8294 = ADVANCED_FACE('',(#8295),#7823,.T.);
#8295 = FACE_BOUND('',#8296,.T.);
#8296 = EDGE_LOOP('',(#8297,#8320,#8321,#8344));
#8297 = ORIENTED_EDGE('',*,*,#8298,.T.);
#8298 = EDGE_CURVE('',#8299,#7806,#8301,.T.);
#8299 = VERTEX_POINT('',#8300);
#8300 = CARTESIAN_POINT('',(55.730291433951,-50.,67.084269372303));
#8301 = SURFACE_CURVE('',#8302,(#8306,#8313),.PCURVE_S1.);
#8302 = LINE('',#8303,#8304);
#8303 = CARTESIAN_POINT('',(55.730291433951,-50.,67.084269372303));
#8304 = VECTOR('',#8305,1.);
#8305 = DIRECTION('',(0.891006524188,0.,0.45399049974));
#8306 = PCURVE('',#7823,#8307);
#8307 = DEFINITIONAL_REPRESENTATION('',(#8308),#8312);
#8308 = LINE('',#8309,#8310);
#8309 = CARTESIAN_POINT('',(0.,0.));
#8310 = VECTOR('',#8311,1.);
#8311 = DIRECTION('',(0.,-1.));
#8312 = ( GEOMETRIC_REPRESENTATION_CONTEXT(2) 
PARAMETRIC_REPRESENTATION_CONTEXT() REPRESENTATION_CONTEXT('2D SPACE',''
  ) );
#8313 = PCURVE('',#7851,#8314);
#8314 = DEFINITIONAL_REPRESENTATION('',(#8315),#8319);
#8315 = LINE('',#8316,#8317);
#8316 = CARTESIAN_POINT('',(4.291451884327,7.771561172376E-15));
#8317 = VECTOR('',#8318,1.);
#8318 = DIRECTION('',(0.,-1.));
#8319 = ( GEOMETRIC_REPRESENTATION_CONTEXT(2) 
PARAMETRIC_REPRESENTATION_CONTEXT() REPRESENTATION_CONTEXT('2D SPACE',''
  ) );
#8320 = ORIENTED_EDGE('',*,*,#7805,.T.);
#8321 = ORIENTED_EDGE('',*,*,#8322,.F.);
#8322 = EDGE_CURVE('',#8323,#7808,#8325,.T.);
#8323 = VERTEX_POINT('',#8324);
#8324 = CARTESIAN_POINT('',(54.756152241164,-46.28349364905,
    68.996125185891));
#8325 = SURFACE_CURVE('',#8326,(#8330,#8337),.PCURVE_S1.);
#8326 = LINE('',#8327,#8328);
#8327 = CARTESIAN_POINT('',(54.756152241164,-46.28349364905,
    68.996125185891));
#8328 = VECTOR('',#8329,1.);
#8329 = DIRECTION('',(0.891006524188,0.,0.45399049974));
#8330 = PCURVE('',#7823,#8331);
#8331 = DEFINITIONAL_REPRESENTATION('',(#8332),#8336);
#8332 = LINE('',#8333,#8334);
#8333 = CARTESIAN_POINT('',(4.291451884327,-7.771561172376E-15));
#8334 = VECTOR('',#8335,1.);
#8335 = DIRECTION('',(0.,-1.));
#8336 = ( GEOMETRIC_REPRESENTATION_CONTEXT(2) 
PARAMETRIC_REPRESENTATION_CONTEXT() REPRESENTATION_CONTEXT('2D SPACE',''
  ) );
#8337 = PCURVE('',#7961,#8338);
#8338 = DEFINITIONAL_REPRESENTATION('',(#8339),#8343);
#8339 = LINE('',#8340,#8341);
#8340 = CARTESIAN_POINT('',(0.,0.));
#8341 = VECTOR('',#8342,1.);
#8342 = DIRECTION('',(0.,-1.));
#8343 = ( GEOMETRIC_REPRESENTATION_CONTEXT(2) 
PARAMETRIC_REPRESENTATION_CONTEXT() REPRESENTATION_CONTEXT('2D SPACE',''
  ) );
#8344 = ORIENTED_EDGE('',*,*,#8345,.F.);
#8345 = EDGE_CURVE('',#8299,#8323,#8346,.T.);
#8346 = SURFACE_CURVE('',#8347,(#8351,#8358),.PCURVE_S1.);
#8347 = LINE('',#8348,#8349);
#8348 = CARTESIAN_POINT('',(55.730291433951,-50.,67.084269372303));
#8349 = VECTOR('',#8350,1.);
#8350 = DIRECTION('',(-0.22699524987,0.866025403784,0.445503262094));
#8351 = PCURVE('',#7823,#8352);
#8352 = DEFINITIONAL_REPRESENTATION('',(#8353),#8357);
#8353 = LINE('',#8354,#8355);
#8354 = CARTESIAN_POINT('',(0.,0.));
#8355 = VECTOR('',#8356,1.);
#8356 = DIRECTION('',(1.,0.));
#8357 = ( GEOMETRIC_REPRESENTATION_CONTEXT(2) 
PARAMETRIC_REPRESENTATION_CONTEXT() REPRESENTATION_CONTEXT('2D SPACE',''
  ) );
#8358 = PCURVE('',#8220,#8359);
#8359 = DEFINITIONAL_REPRESENTATION('',(#8360),#8364);
#8360 = LINE('',#8361,#8362);
#8361 = CARTESIAN_POINT('',(4.291451884327,-7.105427357601E-15));
#8362 = VECTOR('',#8363,1.);
#8363 = DIRECTION('',(-0.5,0.866025403784));
#8364 = ( GEOMETRIC_REPRESENTATION_CONTEXT(2) 
PARAMETRIC_REPRESENTATION_CONTEXT() REPRESENTATION_CONTEXT('2D SPACE',''
  ) );
#8365 = ADVANCED_FACE('',(#8366),#7851,.T.);
#8366 = FACE_BOUND('',#8367,.T.);
#8367 = EDGE_LOOP('',(#8368,#8391,#8392,#8393));
#8368 = ORIENTED_EDGE('',*,*,#8369,.T.);
#8369 = EDGE_CURVE('',#8370,#7836,#8372,.T.);
#8370 = VERTEX_POINT('',#8371);
#8371 = CARTESIAN_POINT('',(54.756152241164,-53.71650635094,
    68.996125185891));
#8372 = SURFACE_CURVE('',#8373,(#8377,#8384),.PCURVE_S1.);
#8373 = LINE('',#8374,#8375);
#8374 = CARTESIAN_POINT('',(54.756152241164,-53.71650635094,
    68.996125185891));
#8375 = VECTOR('',#8376,1.);
#8376 = DIRECTION('',(0.891006524188,0.,0.45399049974));
#8377 = PCURVE('',#7851,#8378);
#8378 = DEFINITIONAL_REPRESENTATION('',(#8379),#8383);
#8379 = LINE('',#8380,#8381);
#8380 = CARTESIAN_POINT('',(0.,0.));
#8381 = VECTOR('',#8382,1.);
#8382 = DIRECTION('',(0.,-1.));
#8383 = ( GEOMETRIC_REPRESENTATION_CONTEXT(2) 
PARAMETRIC_REPRESENTATION_CONTEXT() REPRESENTATION_CONTEXT('2D SPACE',''
  ) );
#8384 = PCURVE('',#7879,#8385);
#8385 = DEFINITIONAL_REPRESENTATION('',(#8386),#8390);
#8386 = LINE('',#8387,#8388);
#8387 = CARTESIAN_POINT('',(4.291451884327,-3.552713678801E-15));
#8388 = VECTOR('',#8389,1.);
#8389 = DIRECTION('',(0.,-1.));
#8390 = ( GEOMETRIC_REPRESENTATION_CONTEXT(2) 
PARAMETRIC_REPRESENTATION_CONTEXT() REPRESENTATION_CONTEXT('2D SPACE',''
  ) );
#8391 = ORIENTED_EDGE('',*,*,#7835,.T.);
#8392 = ORIENTED_EDGE('',*,*,#8298,.F.);
#8393 = ORIENTED_EDGE('',*,*,#8394,.F.);
#8394 = EDGE_CURVE('',#8370,#8299,#8395,.T.);
#8395 = SURFACE_CURVE('',#8396,(#8400,#8407),.PCURVE_S1.);
#8396 = LINE('',#8397,#8398);
#8397 = CARTESIAN_POINT('',(54.756152241164,-53.71650635094,
    68.996125185891));
#8398 = VECTOR('',#8399,1.);
#8399 = DIRECTION('',(0.22699524987,0.866025403784,-0.445503262094));
#8400 = PCURVE('',#7851,#8401);
#8401 = DEFINITIONAL_REPRESENTATION('',(#8402),#8406);
#8402 = LINE('',#8403,#8404);
#8403 = CARTESIAN_POINT('',(0.,0.));
#8404 = VECTOR('',#8405,1.);
#8405 = DIRECTION('',(1.,0.));
#8406 = ( GEOMETRIC_REPRESENTATION_CONTEXT(2) 
PARAMETRIC_REPRESENTATION_CONTEXT() REPRESENTATION_CONTEXT('2D SPACE',''
  ) );
#8407 = PCURVE('',#8220,#8408);
#8408 = DEFINITIONAL_REPRESENTATION('',(#8409),#8413);
#8409 = LINE('',#8410,#8411);
#8410 = CARTESIAN_POINT('',(2.145725942164,-3.716506350946));
#8411 = VECTOR('',#8412,1.);
#8412 = DIRECTION('',(0.5,0.866025403784));
#8413 = ( GEOMETRIC_REPRESENTATION_CONTEXT(2) 
PARAMETRIC_REPRESENTATION_CONTEXT() REPRESENTATION_CONTEXT('2D SPACE',''
  ) );
#8414 = ADVANCED_FACE('',(#8415),#7961,.T.);
#8415 = FACE_BOUND('',#8416,.T.);
#8416 = EDGE_LOOP('',(#8417,#8418,#8419,#8442));
#8417 = ORIENTED_EDGE('',*,*,#8322,.T.);
#8418 = ORIENTED_EDGE('',*,*,#7947,.T.);
#8419 = ORIENTED_EDGE('',*,*,#8420,.F.);
#8420 = EDGE_CURVE('',#8421,#7920,#8423,.T.);
#8421 = VERTEX_POINT('',#8422);
#8422 = CARTESIAN_POINT('',(52.80787385559,-46.28349364905,
    72.819836813067));
#8423 = SURFACE_CURVE('',#8424,(#8428,#8435),.PCURVE_S1.);
#8424 = LINE('',#8425,#8426);
#8425 = CARTESIAN_POINT('',(52.80787385559,-46.28349364905,
    72.819836813067));
#8426 = VECTOR('',#8427,1.);
#8427 = DIRECTION('',(0.891006524188,0.,0.45399049974));
#8428 = PCURVE('',#7961,#8429);
#8429 = DEFINITIONAL_REPRESENTATION('',(#8430),#8434);
#8430 = LINE('',#8431,#8432);
#8431 = CARTESIAN_POINT('',(4.291451884327,3.552713678801E-15));
#8432 = VECTOR('',#8433,1.);
#8433 = DIRECTION('',(0.,-1.));
#8434 = ( GEOMETRIC_REPRESENTATION_CONTEXT(2) 
PARAMETRIC_REPRESENTATION_CONTEXT() REPRESENTATION_CONTEXT('2D SPACE',''
  ) );
#8435 = PCURVE('',#7935,#8436);
#8436 = DEFINITIONAL_REPRESENTATION('',(#8437),#8441);
#8437 = LINE('',#8438,#8439);
#8438 = CARTESIAN_POINT('',(0.,0.));
#8439 = VECTOR('',#8440,1.);
#8440 = DIRECTION('',(0.,-1.));
#8441 = ( GEOMETRIC_REPRESENTATION_CONTEXT(2) 
PARAMETRIC_REPRESENTATION_CONTEXT() REPRESENTATION_CONTEXT('2D SPACE',''
  ) );
#8442 = ORIENTED_EDGE('',*,*,#8443,.F.);
#8443 = EDGE_CURVE('',#8323,#8421,#8444,.T.);
#8444 = SURFACE_CURVE('',#8445,(#8449,#8456),.PCURVE_S1.);
#8445 = LINE('',#8446,#8447);
#8446 = CARTESIAN_POINT('',(54.756152241164,-46.28349364905,
    68.996125185891));
#8447 = VECTOR('',#8448,1.);
#8448 = DIRECTION('',(-0.45399049974,1.034822763531E-16,0.891006524188)
  );
#8449 = PCURVE('',#7961,#8450);
#8450 = DEFINITIONAL_REPRESENTATION('',(#8451),#8455);
#8451 = LINE('',#8452,#8453);
#8452 = CARTESIAN_POINT('',(0.,0.));
#8453 = VECTOR('',#8454,1.);
#8454 = DIRECTION('',(1.,0.));
#8455 = ( GEOMETRIC_REPRESENTATION_CONTEXT(2) 
PARAMETRIC_REPRESENTATION_CONTEXT() REPRESENTATION_CONTEXT('2D SPACE',''
  ) );
#8456 = PCURVE('',#8220,#8457);
#8457 = DEFINITIONAL_REPRESENTATION('',(#8458),#8462);
#8458 = LINE('',#8459,#8460);
#8459 = CARTESIAN_POINT('',(2.145725942164,3.716506350946));
#8460 = VECTOR('',#8461,1.);
#8461 = DIRECTION('',(-1.,1.034822763531E-16));
#8462 = ( GEOMETRIC_REPRESENTATION_CONTEXT(2) 
PARAMETRIC_REPRESENTATION_CONTEXT() REPRESENTATION_CONTEXT('2D SPACE',''
  ) );
#8463 = ADVANCED_FACE('',(#8464),#7879,.T.);
#8464 = FACE_BOUND('',#8465,.T.);
#8465 = EDGE_LOOP('',(#8466,#8489,#8490,#8491));
#8466 = ORIENTED_EDGE('',*,*,#8467,.T.);
#8467 = EDGE_CURVE('',#8468,#7864,#8470,.T.);
#8468 = VERTEX_POINT('',#8469);
#8469 = CARTESIAN_POINT('',(52.80787385559,-53.71650635094,
    72.819836813067));
#8470 = SURFACE_CURVE('',#8471,(#8475,#8482),.PCURVE_S1.);
#8471 = LINE('',#8472,#8473);
#8472 = CARTESIAN_POINT('',(52.80787385559,-53.71650635094,
    72.819836813067));
#8473 = VECTOR('',#8474,1.);
#8474 = DIRECTION('',(0.891006524188,0.,0.45399049974));
#8475 = PCURVE('',#7879,#8476);
#8476 = DEFINITIONAL_REPRESENTATION('',(#8477),#8481);
#8477 = LINE('',#8478,#8479);
#8478 = CARTESIAN_POINT('',(0.,0.));
#8479 = VECTOR('',#8480,1.);
#8480 = DIRECTION('',(0.,-1.));
#8481 = ( GEOMETRIC_REPRESENTATION_CONTEXT(2) 
PARAMETRIC_REPRESENTATION_CONTEXT() REPRESENTATION_CONTEXT('2D SPACE',''
  ) );
#8482 = PCURVE('',#7907,#8483);
#8483 = DEFINITIONAL_REPRESENTATION('',(#8484),#8488);
#8484 = LINE('',#8485,#8486);
#8485 = CARTESIAN_POINT('',(4.291451884327,1.33226762955E-15));
#8486 = VECTOR('',#8487,1.);
#8487 = DIRECTION('',(0.,-1.));
#8488 = ( GEOMETRIC_REPRESENTATION_CONTEXT(2) 
PARAMETRIC_REPRESENTATION_CONTEXT() REPRESENTATION_CONTEXT('2D SPACE',''
  ) );
#8489 = ORIENTED_EDGE('',*,*,#7863,.T.);
#8490 = ORIENTED_EDGE('',*,*,#8369,.F.);
#8491 = ORIENTED_EDGE('',*,*,#8492,.F.);
#8492 = EDGE_CURVE('',#8468,#8370,#8493,.T.);
#8493 = SURFACE_CURVE('',#8494,(#8498,#8505),.PCURVE_S1.);
#8494 = LINE('',#8495,#8496);
#8495 = CARTESIAN_POINT('',(52.80787385559,-53.71650635094,
    72.819836813067));
#8496 = VECTOR('',#8497,1.);
#8497 = DIRECTION('',(0.45399049974,-5.174113817656E-16,-0.891006524188)
  );
#8498 = PCURVE('',#7879,#8499);
#8499 = DEFINITIONAL_REPRESENTATION('',(#8500),#8504);
#8500 = LINE('',#8501,#8502);
#8501 = CARTESIAN_POINT('',(0.,0.));
#8502 = VECTOR('',#8503,1.);
#8503 = DIRECTION('',(1.,0.));
#8504 = ( GEOMETRIC_REPRESENTATION_CONTEXT(2) 
PARAMETRIC_REPRESENTATION_CONTEXT() REPRESENTATION_CONTEXT('2D SPACE',''
  ) );
#8505 = PCURVE('',#8220,#8506);
#8506 = DEFINITIONAL_REPRESENTATION('',(#8507),#8511);
#8507 = LINE('',#8508,#8509);
#8508 = CARTESIAN_POINT('',(-2.145725942164,-3.716506350946));
#8509 = VECTOR('',#8510,1.);
#8510 = DIRECTION('',(1.,-5.174113817656E-16));
#8511 = ( GEOMETRIC_REPRESENTATION_CONTEXT(2) 
PARAMETRIC_REPRESENTATION_CONTEXT() REPRESENTATION_CONTEXT('2D SPACE',''
  ) );
#8512 = ADVANCED_FACE('',(#8513),#7935,.T.);
#8513 = FACE_BOUND('',#8514,.T.);
#8514 = EDGE_LOOP('',(#8515,#8516,#8517,#8540));
#8515 = ORIENTED_EDGE('',*,*,#8420,.T.);
#8516 = ORIENTED_EDGE('',*,*,#7919,.T.);
#8517 = ORIENTED_EDGE('',*,*,#8518,.F.);
#8518 = EDGE_CURVE('',#8519,#7892,#8521,.T.);
#8519 = VERTEX_POINT('',#8520);
#8520 = CARTESIAN_POINT('',(51.833734662803,-50.,74.731692626655));
#8521 = SURFACE_CURVE('',#8522,(#8526,#8533),.PCURVE_S1.);
#8522 = LINE('',#8523,#8524);
#8523 = CARTESIAN_POINT('',(51.833734662803,-50.,74.731692626655));
#8524 = VECTOR('',#8525,1.);
#8525 = DIRECTION('',(0.891006524188,0.,0.45399049974));
#8526 = PCURVE('',#7935,#8527);
#8527 = DEFINITIONAL_REPRESENTATION('',(#8528),#8532);
#8528 = LINE('',#8529,#8530);
#8529 = CARTESIAN_POINT('',(4.291451884327,-1.443289932013E-15));
#8530 = VECTOR('',#8531,1.);
#8531 = DIRECTION('',(0.,-1.));
#8532 = ( GEOMETRIC_REPRESENTATION_CONTEXT(2) 
PARAMETRIC_REPRESENTATION_CONTEXT() REPRESENTATION_CONTEXT('2D SPACE',''
  ) );
#8533 = PCURVE('',#7907,#8534);
#8534 = DEFINITIONAL_REPRESENTATION('',(#8535),#8539);
#8535 = LINE('',#8536,#8537);
#8536 = CARTESIAN_POINT('',(0.,0.));
#8537 = VECTOR('',#8538,1.);
#8538 = DIRECTION('',(0.,-1.));
#8539 = ( GEOMETRIC_REPRESENTATION_CONTEXT(2) 
PARAMETRIC_REPRESENTATION_CONTEXT() REPRESENTATION_CONTEXT('2D SPACE',''
  ) );
#8540 = ORIENTED_EDGE('',*,*,#8541,.F.);
#8541 = EDGE_CURVE('',#8421,#8519,#8542,.T.);
#8542 = SURFACE_CURVE('',#8543,(#8547,#8554),.PCURVE_S1.);
#8543 = LINE('',#8544,#8545);
#8544 = CARTESIAN_POINT('',(52.80787385559,-46.28349364905,
    72.819836813067));
#8545 = VECTOR('',#8546,1.);
#8546 = DIRECTION('',(-0.22699524987,-0.866025403784,0.445503262094));
#8547 = PCURVE('',#7935,#8548);
#8548 = DEFINITIONAL_REPRESENTATION('',(#8549),#8553);
#8549 = LINE('',#8550,#8551);
#8550 = CARTESIAN_POINT('',(0.,0.));
#8551 = VECTOR('',#8552,1.);
#8552 = DIRECTION('',(1.,0.));
#8553 = ( GEOMETRIC_REPRESENTATION_CONTEXT(2) 
PARAMETRIC_REPRESENTATION_CONTEXT() REPRESENTATION_CONTEXT('2D SPACE',''
  ) );
#8554 = PCURVE('',#8220,#8555);
#8555 = DEFINITIONAL_REPRESENTATION('',(#8556),#8560);
#8556 = LINE('',#8557,#8558);
#8557 = CARTESIAN_POINT('',(-2.145725942164,3.716506350946));
#8558 = VECTOR('',#8559,1.);
#8559 = DIRECTION('',(-0.5,-0.866025403784));
#8560 = ( GEOMETRIC_REPRESENTATION_CONTEXT(2) 
PARAMETRIC_REPRESENTATION_CONTEXT() REPRESENTATION_CONTEXT('2D SPACE',''
  ) );
#8561 = ADVANCED_FACE('',(#8562),#7907,.T.);
#8562 = FACE_BOUND('',#8563,.T.);
#8563 = EDGE_LOOP('',(#8564,#8565,#8566,#8567));
#8564 = ORIENTED_EDGE('',*,*,#8518,.T.);
#8565 = ORIENTED_EDGE('',*,*,#7891,.T.);
#8566 = ORIENTED_EDGE('',*,*,#8467,.F.);
#8567 = ORIENTED_EDGE('',*,*,#8568,.F.);
#8568 = EDGE_CURVE('',#8519,#8468,#8569,.T.);
#8569 = SURFACE_CURVE('',#8570,(#8574,#8581),.PCURVE_S1.);
#8570 = LINE('',#8571,#8572);
#8571 = CARTESIAN_POINT('',(51.833734662803,-50.,74.731692626655));
#8572 = VECTOR('',#8573,1.);
#8573 = DIRECTION('',(0.22699524987,-0.866025403784,-0.445503262094));
#8574 = PCURVE('',#7907,#8575);
#8575 = DEFINITIONAL_REPRESENTATION('',(#8576),#8580);
#8576 = LINE('',#8577,#8578);
#8577 = CARTESIAN_POINT('',(0.,0.));
#8578 = VECTOR('',#8579,1.);
#8579 = DIRECTION('',(1.,0.));
#8580 = ( GEOMETRIC_REPRESENTATION_CONTEXT(2) 
PARAMETRIC_REPRESENTATION_CONTEXT() REPRESENTATION_CONTEXT('2D SPACE',''
  ) );
#8581 = PCURVE('',#8220,#8582);
#8582 = DEFINITIONAL_REPRESENTATION('',(#8583),#8587);
#8583 = LINE('',#8584,#8585);
#8584 = CARTESIAN_POINT('',(-4.291451884327,-7.105427357601E-15));
#8585 = VECTOR('',#8586,1.);
#8586 = DIRECTION('',(0.5,-0.866025403784));
#8587 = ( GEOMETRIC_REPRESENTATION_CONTEXT(2) 
PARAMETRIC_REPRESENTATION_CONTEXT() REPRESENTATION_CONTEXT('2D SPACE',''
  ) );
#8588 = ADVANCED_FACE('',(#8589),#7993,.T.);
#8589 = FACE_BOUND('',#8590,.T.);
#8590 = EDGE_LOOP('',(#8591,#8614,#8615,#8638));
#8591 = ORIENTED_EDGE('',*,*,#8592,.T.);
#8592 = EDGE_CURVE('',#8593,#7976,#8595,.T.);
#8593 = VERTEX_POINT('',#8594);
#8594 = CARTESIAN_POINT('',(55.730291433951,50.,67.084269372303));
#8595 = SURFACE_CURVE('',#8596,(#8600,#8607),.PCURVE_S1.);
#8596 = LINE('',#8597,#8598);
#8597 = CARTESIAN_POINT('',(55.730291433951,50.,67.084269372303));
#8598 = VECTOR('',#8599,1.);
#8599 = DIRECTION('',(0.891006524188,0.,0.45399049974));
#8600 = PCURVE('',#7993,#8601);
#8601 = DEFINITIONAL_REPRESENTATION('',(#8602),#8606);
#8602 = LINE('',#8603,#8604);
#8603 = CARTESIAN_POINT('',(0.,0.));
#8604 = VECTOR('',#8605,1.);
#8605 = DIRECTION('',(0.,-1.));
#8606 = ( GEOMETRIC_REPRESENTATION_CONTEXT(2) 
PARAMETRIC_REPRESENTATION_CONTEXT() REPRESENTATION_CONTEXT('2D SPACE',''
  ) );
#8607 = PCURVE('',#8021,#8608);
#8608 = DEFINITIONAL_REPRESENTATION('',(#8609),#8613);
#8609 = LINE('',#8610,#8611);
#8610 = CARTESIAN_POINT('',(4.291451884327,7.771561172376E-15));
#8611 = VECTOR('',#8612,1.);
#8612 = DIRECTION('',(0.,-1.));
#8613 = ( GEOMETRIC_REPRESENTATION_CONTEXT(2) 
PARAMETRIC_REPRESENTATION_CONTEXT() REPRESENTATION_CONTEXT('2D SPACE',''
  ) );
#8614 = ORIENTED_EDGE('',*,*,#7975,.T.);
#8615 = ORIENTED_EDGE('',*,*,#8616,.F.);
#8616 = EDGE_CURVE('',#8617,#7978,#8619,.T.);
#8617 = VERTEX_POINT('',#8618);
#8618 = CARTESIAN_POINT('',(54.756152241164,53.716506350946,
    68.996125185891));
#8619 = SURFACE_CURVE('',#8620,(#8624,#8631),.PCURVE_S1.);
#8620 = LINE('',#8621,#8622);
#8621 = CARTESIAN_POINT('',(54.756152241164,53.716506350946,
    68.996125185891));
#8622 = VECTOR('',#8623,1.);
#8623 = DIRECTION('',(0.891006524188,0.,0.45399049974));
#8624 = PCURVE('',#7993,#8625);
#8625 = DEFINITIONAL_REPRESENTATION('',(#8626),#8630);
#8626 = LINE('',#8627,#8628);
#8627 = CARTESIAN_POINT('',(4.291451884327,-7.771561172376E-15));
#8628 = VECTOR('',#8629,1.);
#8629 = DIRECTION('',(0.,-1.));
#8630 = ( GEOMETRIC_REPRESENTATION_CONTEXT(2) 
PARAMETRIC_REPRESENTATION_CONTEXT() REPRESENTATION_CONTEXT('2D SPACE',''
  ) );
#8631 = PCURVE('',#8131,#8632);
#8632 = DEFINITIONAL_REPRESENTATION('',(#8633),#8637);
#8633 = LINE('',#8634,#8635);
#8634 = CARTESIAN_POINT('',(0.,0.));
#8635 = VECTOR('',#8636,1.);
#8636 = DIRECTION('',(0.,-1.));
#8637 = ( GEOMETRIC_REPRESENTATION_CONTEXT(2) 
PARAMETRIC_REPRESENTATION_CONTEXT() REPRESENTATION_CONTEXT('2D SPACE',''
  ) );
#8638 = ORIENTED_EDGE('',*,*,#8639,.F.);
#8639 = EDGE_CURVE('',#8593,#8617,#8640,.T.);
#8640 = SURFACE_CURVE('',#8641,(#8645,#8652),.PCURVE_S1.);
#8641 = LINE('',#8642,#8643);
#8642 = CARTESIAN_POINT('',(55.730291433951,50.,67.084269372303));
#8643 = VECTOR('',#8644,1.);
#8644 = DIRECTION('',(-0.22699524987,0.866025403784,0.445503262094));
#8645 = PCURVE('',#7993,#8646);
#8646 = DEFINITIONAL_REPRESENTATION('',(#8647),#8651);
#8647 = LINE('',#8648,#8649);
#8648 = CARTESIAN_POINT('',(0.,0.));
#8649 = VECTOR('',#8650,1.);
#8650 = DIRECTION('',(1.,0.));
#8651 = ( GEOMETRIC_REPRESENTATION_CONTEXT(2) 
PARAMETRIC_REPRESENTATION_CONTEXT() REPRESENTATION_CONTEXT('2D SPACE',''
  ) );
#8652 = PCURVE('',#8279,#8653);
#8653 = DEFINITIONAL_REPRESENTATION('',(#8654),#8658);
#8654 = LINE('',#8655,#8656);
#8655 = CARTESIAN_POINT('',(4.291451884327,7.105427357601E-15));
#8656 = VECTOR('',#8657,1.);
#8657 = DIRECTION('',(-0.5,0.866025403784));
#8658 = ( GEOMETRIC_REPRESENTATION_CONTEXT(2) 
PARAMETRIC_REPRESENTATION_CONTEXT() REPRESENTATION_CONTEXT('2D SPACE',''
  ) );
#8659 = ADVANCED_FACE('',(#8660),#8131,.T.);
#8660 = FACE_BOUND('',#8661,.T.);
#8661 = EDGE_LOOP('',(#8662,#8663,#8664,#8687));
#8662 = ORIENTED_EDGE('',*,*,#8616,.T.);
#8663 = ORIENTED_EDGE('',*,*,#8117,.T.);
#8664 = ORIENTED_EDGE('',*,*,#8665,.F.);
#8665 = EDGE_CURVE('',#8666,#8090,#8668,.T.);
#8666 = VERTEX_POINT('',#8667);
#8667 = CARTESIAN_POINT('',(52.80787385559,53.716506350946,
    72.819836813067));
#8668 = SURFACE_CURVE('',#8669,(#8673,#8680),.PCURVE_S1.);
#8669 = LINE('',#8670,#8671);
#8670 = CARTESIAN_POINT('',(52.80787385559,53.716506350946,
    72.819836813067));
#8671 = VECTOR('',#8672,1.);
#8672 = DIRECTION('',(0.891006524188,0.,0.45399049974));
#8673 = PCURVE('',#8131,#8674);
#8674 = DEFINITIONAL_REPRESENTATION('',(#8675),#8679);
#8675 = LINE('',#8676,#8677);
#8676 = CARTESIAN_POINT('',(4.291451884327,3.552713678801E-15));
#8677 = VECTOR('',#8678,1.);
#8678 = DIRECTION('',(0.,-1.));
#8679 = ( GEOMETRIC_REPRESENTATION_CONTEXT(2) 
PARAMETRIC_REPRESENTATION_CONTEXT() REPRESENTATION_CONTEXT('2D SPACE',''
  ) );
#8680 = PCURVE('',#8105,#8681);
#8681 = DEFINITIONAL_REPRESENTATION('',(#8682),#8686);
#8682 = LINE('',#8683,#8684);
#8683 = CARTESIAN_POINT('',(0.,0.));
#8684 = VECTOR('',#8685,1.);
#8685 = DIRECTION('',(0.,-1.));
#8686 = ( GEOMETRIC_REPRESENTATION_CONTEXT(2) 
PARAMETRIC_REPRESENTATION_CONTEXT() REPRESENTATION_CONTEXT('2D SPACE',''
  ) );
#8687 = ORIENTED_EDGE('',*,*,#8688,.F.);
#8688 = EDGE_CURVE('',#8617,#8666,#8689,.T.);
#8689 = SURFACE_CURVE('',#8690,(#8694,#8701),.PCURVE_S1.);
#8690 = LINE('',#8691,#8692);
#8691 = CARTESIAN_POINT('',(54.756152241164,53.716506350946,
    68.996125185891));
#8692 = VECTOR('',#8693,1.);
#8693 = DIRECTION('',(-0.45399049974,1.034822763531E-16,0.891006524188)
  );
#8694 = PCURVE('',#8131,#8695);
#8695 = DEFINITIONAL_REPRESENTATION('',(#8696),#8700);
#8696 = LINE('',#8697,#8698);
#8697 = CARTESIAN_POINT('',(0.,0.));
#8698 = VECTOR('',#8699,1.);
#8699 = DIRECTION('',(1.,0.));
#8700 = ( GEOMETRIC_REPRESENTATION_CONTEXT(2) 
PARAMETRIC_REPRESENTATION_CONTEXT() REPRESENTATION_CONTEXT('2D SPACE',''
  ) );
#8701 = PCURVE('',#8279,#8702);
#8702 = DEFINITIONAL_REPRESENTATION('',(#8703),#8707);
#8703 = LINE('',#8704,#8705);
#8704 = CARTESIAN_POINT('',(2.145725942164,3.716506350946));
#8705 = VECTOR('',#8706,1.);
#8706 = DIRECTION('',(-1.,1.034822763531E-16));
#8707 = ( GEOMETRIC_REPRESENTATION_CONTEXT(2) 
PARAMETRIC_REPRESENTATION_CONTEXT() REPRESENTATION_CONTEXT('2D SPACE',''
  ) );
#8708 = ADVANCED_FACE('',(#8709),#8105,.T.);
#8709 = FACE_BOUND('',#8710,.T.);
#8710 = EDGE_LOOP('',(#8711,#8712,#8713,#8736));
#8711 = ORIENTED_EDGE('',*,*,#8665,.T.);
#8712 = ORIENTED_EDGE('',*,*,#8089,.T.);
#8713 = ORIENTED_EDGE('',*,*,#8714,.F.);
#8714 = EDGE_CURVE('',#8715,#8062,#8717,.T.);
#8715 = VERTEX_POINT('',#8716);
#8716 = CARTESIAN_POINT('',(51.833734662803,50.,74.731692626655));
#8717 = SURFACE_CURVE('',#8718,(#8722,#8729),.PCURVE_S1.);
#8718 = LINE('',#8719,#8720);
#8719 = CARTESIAN_POINT('',(51.833734662803,50.,74.731692626655));
#8720 = VECTOR('',#8721,1.);
#8721 = DIRECTION('',(0.891006524188,0.,0.45399049974));
#8722 = PCURVE('',#8105,#8723);
#8723 = DEFINITIONAL_REPRESENTATION('',(#8724),#8728);
#8724 = LINE('',#8725,#8726);
#8725 = CARTESIAN_POINT('',(4.291451884327,-1.443289932013E-15));
#8726 = VECTOR('',#8727,1.);
#8727 = DIRECTION('',(0.,-1.));
#8728 = ( GEOMETRIC_REPRESENTATION_CONTEXT(2) 
PARAMETRIC_REPRESENTATION_CONTEXT() REPRESENTATION_CONTEXT('2D SPACE',''
  ) );
#8729 = PCURVE('',#8077,#8730);
#8730 = DEFINITIONAL_REPRESENTATION('',(#8731),#8735);
#8731 = LINE('',#8732,#8733);
#8732 = CARTESIAN_POINT('',(0.,0.));
#8733 = VECTOR('',#8734,1.);
#8734 = DIRECTION('',(0.,-1.));
#8735 = ( GEOMETRIC_REPRESENTATION_CONTEXT(2) 
PARAMETRIC_REPRESENTATION_CONTEXT() REPRESENTATION_CONTEXT('2D SPACE',''
  ) );
#8736 = ORIENTED_EDGE('',*,*,#8737,.F.);
#8737 = EDGE_CURVE('',#8666,#8715,#8738,.T.);
#8738 = SURFACE_CURVE('',#8739,(#8743,#8750),.PCURVE_S1.);
#8739 = LINE('',#8740,#8741);
#8740 = CARTESIAN_POINT('',(52.80787385559,53.716506350946,
    72.819836813067));
#8741 = VECTOR('',#8742,1.);
#8742 = DIRECTION('',(-0.22699524987,-0.866025403784,0.445503262094));
#8743 = PCURVE('',#8105,#8744);
#8744 = DEFINITIONAL_REPRESENTATION('',(#8745),#8749);
#8745 = LINE('',#8746,#8747);
#8746 = CARTESIAN_POINT('',(0.,0.));
#8747 = VECTOR('',#8748,1.);
#8748 = DIRECTION('',(1.,0.));
#8749 = ( GEOMETRIC_REPRESENTATION_CONTEXT(2) 
PARAMETRIC_REPRESENTATION_CONTEXT() REPRESENTATION_CONTEXT('2D SPACE',''
  ) );
#8750 = PCURVE('',#8279,#8751);
#8751 = DEFINITIONAL_REPRESENTATION('',(#8752),#8756);
#8752 = LINE('',#8753,#8754);
#8753 = CARTESIAN_POINT('',(-2.145725942164,3.716506350946));
#8754 = VECTOR('',#8755,1.);
#8755 = DIRECTION('',(-0.5,-0.866025403784));
#8756 = ( GEOMETRIC_REPRESENTATION_CONTEXT(2) 
PARAMETRIC_REPRESENTATION_CONTEXT() REPRESENTATION_CONTEXT('2D SPACE',''
  ) );
#8757 = ADVANCED_FACE('',(#8758),#8077,.T.);
#8758 = FACE_BOUND('',#8759,.T.);
#8759 = EDGE_LOOP('',(#8760,#8761,#8762,#8785));
#8760 = ORIENTED_EDGE('',*,*,#8714,.T.);
#8761 = ORIENTED_EDGE('',*,*,#8061,.T.);
#8762 = ORIENTED_EDGE('',*,*,#8763,.F.);
#8763 = EDGE_CURVE('',#8764,#8034,#8766,.T.);
#8764 = VERTEX_POINT('',#8765);
#8765 = CARTESIAN_POINT('',(52.80787385559,46.283493649054,
    72.819836813067));
#8766 = SURFACE_CURVE('',#8767,(#8771,#8778),.PCURVE_S1.);
#8767 = LINE('',#8768,#8769);
#8768 = CARTESIAN_POINT('',(52.80787385559,46.283493649054,
    72.819836813067));
#8769 = VECTOR('',#8770,1.);
#8770 = DIRECTION('',(0.891006524188,0.,0.45399049974));
#8771 = PCURVE('',#8077,#8772);
#8772 = DEFINITIONAL_REPRESENTATION('',(#8773),#8777);
#8773 = LINE('',#8774,#8775);
#8774 = CARTESIAN_POINT('',(4.291451884327,1.33226762955E-15));
#8775 = VECTOR('',#8776,1.);
#8776 = DIRECTION('',(0.,-1.));
#8777 = ( GEOMETRIC_REPRESENTATION_CONTEXT(2) 
PARAMETRIC_REPRESENTATION_CONTEXT() REPRESENTATION_CONTEXT('2D SPACE',''
  ) );
#8778 = PCURVE('',#8049,#8779);
#8779 = DEFINITIONAL_REPRESENTATION('',(#8780),#8784);
#8780 = LINE('',#8781,#8782);
#8781 = CARTESIAN_POINT('',(0.,0.));
#8782 = VECTOR('',#8783,1.);
#8783 = DIRECTION('',(0.,-1.));
#8784 = ( GEOMETRIC_REPRESENTATION_CONTEXT(2) 
PARAMETRIC_REPRESENTATION_CONTEXT() REPRESENTATION_CONTEXT('2D SPACE',''
  ) );
#8785 = ORIENTED_EDGE('',*,*,#8786,.F.);
#8786 = EDGE_CURVE('',#8715,#8764,#8787,.T.);
#8787 = SURFACE_CURVE('',#8788,(#8792,#8799),.PCURVE_S1.);
#8788 = LINE('',#8789,#8790);
#8789 = CARTESIAN_POINT('',(51.833734662803,50.,74.731692626655));
#8790 = VECTOR('',#8791,1.);
#8791 = DIRECTION('',(0.22699524987,-0.866025403784,-0.445503262094));
#8792 = PCURVE('',#8077,#8793);
#8793 = DEFINITIONAL_REPRESENTATION('',(#8794),#8798);
#8794 = LINE('',#8795,#8796);
#8795 = CARTESIAN_POINT('',(0.,0.));
#8796 = VECTOR('',#8797,1.);
#8797 = DIRECTION('',(1.,0.));
#8798 = ( GEOMETRIC_REPRESENTATION_CONTEXT(2) 
PARAMETRIC_REPRESENTATION_CONTEXT() REPRESENTATION_CONTEXT('2D SPACE',''
  ) );
#8799 = PCURVE('',#8279,#8800);
#8800 = DEFINITIONAL_REPRESENTATION('',(#8801),#8805);
#8801 = LINE('',#8802,#8803);
#8802 = CARTESIAN_POINT('',(-4.291451884327,7.105427357601E-15));
#8803 = VECTOR('',#8804,1.);
#8804 = DIRECTION('',(0.5,-0.866025403784));
#8805 = ( GEOMETRIC_REPRESENTATION_CONTEXT(2) 
PARAMETRIC_REPRESENTATION_CONTEXT() REPRESENTATION_CONTEXT('2D SPACE',''
  ) );
#8806 = ADVANCED_FACE('',(#8807),#8049,.T.);
#8807 = FACE_BOUND('',#8808,.T.);
#8808 = EDGE_LOOP('',(#8809,#8810,#8811,#8834));
#8809 = ORIENTED_EDGE('',*,*,#8763,.T.);
#8810 = ORIENTED_EDGE('',*,*,#8033,.T.);
#8811 = ORIENTED_EDGE('',*,*,#8812,.F.);
#8812 = EDGE_CURVE('',#8813,#8006,#8815,.T.);
#8813 = VERTEX_POINT('',#8814);
#8814 = CARTESIAN_POINT('',(54.756152241164,46.283493649054,
    68.996125185891));
#8815 = SURFACE_CURVE('',#8816,(#8820,#8827),.PCURVE_S1.);
#8816 = LINE('',#8817,#8818);
#8817 = CARTESIAN_POINT('',(54.756152241164,46.283493649054,
    68.996125185891));
#8818 = VECTOR('',#8819,1.);
#8819 = DIRECTION('',(0.891006524188,0.,0.45399049974));
#8820 = PCURVE('',#8049,#8821);
#8821 = DEFINITIONAL_REPRESENTATION('',(#8822),#8826);
#8822 = LINE('',#8823,#8824);
#8823 = CARTESIAN_POINT('',(4.291451884327,-3.552713678801E-15));
#8824 = VECTOR('',#8825,1.);
#8825 = DIRECTION('',(0.,-1.));
#8826 = ( GEOMETRIC_REPRESENTATION_CONTEXT(2) 
PARAMETRIC_REPRESENTATION_CONTEXT() REPRESENTATION_CONTEXT('2D SPACE',''
  ) );
#8827 = PCURVE('',#8021,#8828);
#8828 = DEFINITIONAL_REPRESENTATION('',(#8829),#8833);
#8829 = LINE('',#8830,#8831);
#8830 = CARTESIAN_POINT('',(0.,0.));
#8831 = VECTOR('',#8832,1.);
#8832 = DIRECTION('',(0.,-1.));
#8833 = ( GEOMETRIC_REPRESENTATION_CONTEXT(2) 
PARAMETRIC_REPRESENTATION_CONTEXT() REPRESENTATION_CONTEXT('2D SPACE',''
  ) );
#8834 = ORIENTED_EDGE('',*,*,#8835,.F.);
#8835 = EDGE_CURVE('',#8764,#8813,#8836,.T.);
#8836 = SURFACE_CURVE('',#8837,(#8841,#8848),.PCURVE_S1.);
#8837 = LINE('',#8838,#8839);
#8838 = CARTESIAN_POINT('',(52.80787385559,46.283493649054,
    72.819836813067));
#8839 = VECTOR('',#8840,1.);
#8840 = DIRECTION('',(0.45399049974,-5.174113817656E-16,-0.891006524188)
  );
#8841 = PCURVE('',#8049,#8842);
#8842 = DEFINITIONAL_REPRESENTATION('',(#8843),#8847);
#8843 = LINE('',#8844,#8845);
#8844 = CARTESIAN_POINT('',(0.,0.));
#8845 = VECTOR('',#8846,1.);
#8846 = DIRECTION('',(1.,0.));
#8847 = ( GEOMETRIC_REPRESENTATION_CONTEXT(2) 
PARAMETRIC_REPRESENTATION_CONTEXT() REPRESENTATION_CONTEXT('2D SPACE',''
  ) );
#8848 = PCURVE('',#8279,#8849);
#8849 = DEFINITIONAL_REPRESENTATION('',(#8850),#8854);
#8850 = LINE('',#8851,#8852);
#8851 = CARTESIAN_POINT('',(-2.145725942164,-3.716506350946));
#8852 = VECTOR('',#8853,1.);
#8853 = DIRECTION('',(1.,-5.174113817656E-16));
#8854 = ( GEOMETRIC_REPRESENTATION_CONTEXT(2) 
PARAMETRIC_REPRESENTATION_CONTEXT() REPRESENTATION_CONTEXT('2D SPACE',''
  ) );
#8855 = ADVANCED_FACE('',(#8856),#8021,.T.);
#8856 = FACE_BOUND('',#8857,.T.);
#8857 = EDGE_LOOP('',(#8858,#8859,#8860,#8861));
#8858 = ORIENTED_EDGE('',*,*,#8812,.T.);
#8859 = ORIENTED_EDGE('',*,*,#8005,.T.);
#8860 = ORIENTED_EDGE('',*,*,#8592,.F.);
#8861 = ORIENTED_EDGE('',*,*,#8862,.F.);
#8862 = EDGE_CURVE('',#8813,#8593,#8863,.T.);
#8863 = SURFACE_CURVE('',#8864,(#8868,#8875),.PCURVE_S1.);
#8864 = LINE('',#8865,#8866);
#8865 = CARTESIAN_POINT('',(54.756152241164,46.283493649054,
    68.996125185891));
#8866 = VECTOR('',#8867,1.);
#8867 = DIRECTION('',(0.22699524987,0.866025403784,-0.445503262094));
#8868 = PCURVE('',#8021,#8869);
#8869 = DEFINITIONAL_REPRESENTATION('',(#8870),#8874);
#8870 = LINE('',#8871,#8872);
#8871 = CARTESIAN_POINT('',(0.,0.));
#8872 = VECTOR('',#8873,1.);
#8873 = DIRECTION('',(1.,0.));
#8874 = ( GEOMETRIC_REPRESENTATION_CONTEXT(2) 
PARAMETRIC_REPRESENTATION_CONTEXT() REPRESENTATION_CONTEXT('2D SPACE',''
  ) );
#8875 = PCURVE('',#8279,#8876);
#8876 = DEFINITIONAL_REPRESENTATION('',(#8877),#8881);
#8877 = LINE('',#8878,#8879);
#8878 = CARTESIAN_POINT('',(2.145725942164,-3.716506350946));
#8879 = VECTOR('',#8880,1.);
#8880 = DIRECTION('',(0.5,0.866025403784));
#8881 = ( GEOMETRIC_REPRESENTATION_CONTEXT(2) 
PARAMETRIC_REPRESENTATION_CONTEXT() REPRESENTATION_CONTEXT('2D SPACE',''
  ) );
#8882 = ADVANCED_FACE('',(#8883,#8891),#8220,.T.);
#8883 = FACE_BOUND('',#8884,.T.);
#8884 = EDGE_LOOP('',(#8885,#8886,#8887,#8888,#8889,#8890));
#8885 = ORIENTED_EDGE('',*,*,#8345,.T.);
#8886 = ORIENTED_EDGE('',*,*,#8443,.T.);
#8887 = ORIENTED_EDGE('',*,*,#8541,.T.);
#8888 = ORIENTED_EDGE('',*,*,#8568,.T.);
#8889 = ORIENTED_EDGE('',*,*,#8492,.T.);
#8890 = ORIENTED_EDGE('',*,*,#8394,.T.);
#8891 = FACE_BOUND('',#8892,.T.);
#8892 = EDGE_LOOP('',(#8893));
#8893 = ORIENTED_EDGE('',*,*,#8205,.T.);
#8894 = ADVANCED_FACE('',(#8895,#8903),#8279,.T.);
#8895 = FACE_BOUND('',#8896,.T.);
#8896 = EDGE_LOOP('',(#8897,#8898,#8899,#8900,#8901,#8902));
#8897 = ORIENTED_EDGE('',*,*,#8639,.T.);
#8898 = ORIENTED_EDGE('',*,*,#8688,.T.);
#8899 = ORIENTED_EDGE('',*,*,#8737,.T.);
#8900 = ORIENTED_EDGE('',*,*,#8786,.T.);
#8901 = ORIENTED_EDGE('',*,*,#8835,.T.);
#8902 = ORIENTED_EDGE('',*,*,#8862,.T.);
#8903 = FACE_BOUND('',#8904,.T.);
#8904 = EDGE_LOOP('',(#8905));
#8905 = ORIENTED_EDGE('',*,*,#8264,.T.);
#8906 = ( GEOMETRIC_REPRESENTATION_CONTEXT(3) 
GLOBAL_UNCERTAINTY_ASSIGNED_CONTEXT((#8910)) 
GLOBAL_UNIT_ASSIGNED_CONTEXT((#8907,#8908,#8909)) REPRESENTATION_CONTEXT
('Context #1','3D Context with UNIT and UNCERTAINTY') );
#8907 = ( LENGTH_UNIT() NAMED_UNIT(*) SI_UNIT(.MILLI.,.METRE.) );
#8908 = ( NAMED_UNIT(*) PLANE_ANGLE_UNIT() SI_UNIT($,.RADIAN.) );
#8909 = ( NAMED_UNIT(*) SI_UNIT($,.STERADIAN.) SOLID_ANGLE_UNIT() );
#8910 = UNCERTAINTY_MEASURE_WITH_UNIT(LENGTH_MEASURE(1.E-07),#8907,
  'distance_accuracy_value','confusion accuracy');
#8911 = CONTEXT_DEPENDENT_SHAPE_REPRESENTATION(#8912,#8914);
#8912 = ( REPRESENTATION_RELATIONSHIP('','',#7423,#10) 
REPRESENTATION_RELATIONSHIP_WITH_TRANSFORMATION(#8913) 
SHAPE_REPRESENTATION_RELATIONSHIP() );
#8913 = ITEM_DEFINED_TRANSFORMATION('','',#11,#19);
#8914 = PRODUCT_DEFINITION_SHAPE('Placement','Placement of an item',
  #8915);
#8915 = NEXT_ASSEMBLY_USAGE_OCCURRENCE('49','','',#5,#7418,$);
#8916 = PRODUCT_RELATED_PRODUCT_CATEGORY('part',$,(#7420));
#8917 = SHAPE_DEFINITION_REPRESENTATION(#8918,#8924);
#8918 = PRODUCT_DEFINITION_SHAPE('','',#8919);
#8919 = PRODUCT_DEFINITION('design','',#8920,#8923);
#8920 = PRODUCT_DEFINITION_FORMATION('','',#8921);
#8921 = PRODUCT('Open CASCADE STEP translator 7.9 19.3',
  'Open CASCADE STEP translator 7.9 19.3','',(#8922));
#8922 = PRODUCT_CONTEXT('',#2,'mechanical');
#8923 = PRODUCT_DEFINITION_CONTEXT('part definition',#2,'design');
#8924 = ADVANCED_BREP_SHAPE_REPRESENTATION('',(#11,#8925),#9107);
#8925 = MANIFOLD_SOLID_BREP('',#8926);
#8926 = CLOSED_SHELL('',(#8927,#9015,#9093,#9100));
#8927 = ADVANCED_FACE('',(#8928),#8942,.T.);
#8928 = FACE_BOUND('',#8929,.F.);
#8929 = EDGE_LOOP('',(#8930,#8960,#8987,#8988));
#8930 = ORIENTED_EDGE('',*,*,#8931,.T.);
#8931 = EDGE_CURVE('',#8932,#8934,#8936,.T.);
#8932 = VERTEX_POINT('',#8933);
#8933 = CARTESIAN_POINT('',(72.723942998437,-50.,64.65396085487));
#8934 = VERTEX_POINT('',#8935);
#8935 = CARTESIAN_POINT('',(73.614949522626,-50.,65.107951354609));
#8936 = SEAM_CURVE('',#8937,(#8941,#8953),.PCURVE_S1.);
#8937 = LINE('',#8938,#8939);
#8938 = CARTESIAN_POINT('',(72.723942998437,-50.,64.65396085487));
#8939 = VECTOR('',#8940,1.);
#8940 = DIRECTION('',(0.891006524188,0.,0.45399049974));
#8941 = PCURVE('',#8942,#8947);
#8942 = CYLINDRICAL_SURFACE('',#8943,6.);
#8943 = AXIS2_PLACEMENT_3D('',#8944,#8945,#8946);
#8944 = CARTESIAN_POINT('',(70.,-50.,70.));
#8945 = DIRECTION('',(-0.891006524188,-0.,-0.45399049974));
#8946 = DIRECTION('',(0.45399049974,0.,-0.891006524188));
#8947 = DEFINITIONAL_REPRESENTATION('',(#8948),#8952);
#8948 = LINE('',#8949,#8950);
#8949 = CARTESIAN_POINT('',(-0.,0.));
#8950 = VECTOR('',#8951,1.);
#8951 = DIRECTION('',(-0.,-1.));
#8952 = ( GEOMETRIC_REPRESENTATION_CONTEXT(2) 
PARAMETRIC_REPRESENTATION_CONTEXT() REPRESENTATION_CONTEXT('2D SPACE',''
  ) );
#8953 = PCURVE('',#8942,#8954);
#8954 = DEFINITIONAL_REPRESENTATION('',(#8955),#8959);
#8955 = LINE('',#8956,#8957);
#8956 = CARTESIAN_POINT('',(-6.28318530718,0.));
#8957 = VECTOR('',#8958,1.);
#8958 = DIRECTION('',(-0.,-1.));
#8959 = ( GEOMETRIC_REPRESENTATION_CONTEXT(2) 
PARAMETRIC_REPRESENTATION_CONTEXT() REPRESENTATION_CONTEXT('2D SPACE',''
  ) );
#8960 = ORIENTED_EDGE('',*,*,#8961,.T.);
#8961 = EDGE_CURVE('',#8934,#8934,#8962,.T.);
#8962 = SURFACE_CURVE('',#8963,(#8968,#8975),.PCURVE_S1.);
#8963 = CIRCLE('',#8964,6.);
#8964 = AXIS2_PLACEMENT_3D('',#8965,#8966,#8967);
#8965 = CARTESIAN_POINT('',(70.891006524188,-50.,70.45399049974));
#8966 = DIRECTION('',(0.891006524188,-0.,0.45399049974));
#8967 = DIRECTION('',(0.45399049974,0.,-0.891006524188));
#8968 = PCURVE('',#8942,#8969);
#8969 = DEFINITIONAL_REPRESENTATION('',(#8970),#8974);
#8970 = LINE('',#8971,#8972);
#8971 = CARTESIAN_POINT('',(-0.,-1.));
#8972 = VECTOR('',#8973,1.);
#8973 = DIRECTION('',(-1.,0.));
#8974 = ( GEOMETRIC_REPRESENTATION_CONTEXT(2) 
PARAMETRIC_REPRESENTATION_CONTEXT() REPRESENTATION_CONTEXT('2D SPACE',''
  ) );
#8975 = PCURVE('',#8976,#8981);
#8976 = PLANE('',#8977);
#8977 = AXIS2_PLACEMENT_3D('',#8978,#8979,#8980);
#8978 = CARTESIAN_POINT('',(70.891006524188,-50.,70.45399049974));
#8979 = DIRECTION('',(0.891006524188,0.,0.45399049974));
#8980 = DIRECTION('',(0.45399049974,0.,-0.891006524188));
#8981 = DEFINITIONAL_REPRESENTATION('',(#8982),#8986);
#8982 = CIRCLE('',#8983,6.);
#8983 = AXIS2_PLACEMENT_2D('',#8984,#8985);
#8984 = CARTESIAN_POINT('',(0.,1.42108547152E-14));
#8985 = DIRECTION('',(1.,0.));
#8986 = ( GEOMETRIC_REPRESENTATION_CONTEXT(2) 
PARAMETRIC_REPRESENTATION_CONTEXT() REPRESENTATION_CONTEXT('2D SPACE',''
  ) );
#8987 = ORIENTED_EDGE('',*,*,#8931,.F.);
#8988 = ORIENTED_EDGE('',*,*,#8989,.F.);
#8989 = EDGE_CURVE('',#8932,#8932,#8990,.T.);
#8990 = SURFACE_CURVE('',#8991,(#8996,#9003),.PCURVE_S1.);
#8991 = CIRCLE('',#8992,6.);
#8992 = AXIS2_PLACEMENT_3D('',#8993,#8994,#8995);
#8993 = CARTESIAN_POINT('',(70.,-50.,70.));
#8994 = DIRECTION('',(0.891006524188,-0.,0.45399049974));
#8995 = DIRECTION('',(0.45399049974,0.,-0.891006524188));
#8996 = PCURVE('',#8942,#8997);
#8997 = DEFINITIONAL_REPRESENTATION('',(#8998),#9002);
#8998 = LINE('',#8999,#9000);
#8999 = CARTESIAN_POINT('',(-0.,0.));
#9000 = VECTOR('',#9001,1.);
#9001 = DIRECTION('',(-1.,0.));
#9002 = ( GEOMETRIC_REPRESENTATION_CONTEXT(2) 
PARAMETRIC_REPRESENTATION_CONTEXT() REPRESENTATION_CONTEXT('2D SPACE',''
  ) );
#9003 = PCURVE('',#9004,#9009);
#9004 = PLANE('',#9005);
#9005 = AXIS2_PLACEMENT_3D('',#9006,#9007,#9008);
#9006 = CARTESIAN_POINT('',(70.,-50.,70.));
#9007 = DIRECTION('',(0.891006524188,0.,0.45399049974));
#9008 = DIRECTION('',(0.45399049974,0.,-0.891006524188));
#9009 = DEFINITIONAL_REPRESENTATION('',(#9010),#9014);
#9010 = CIRCLE('',#9011,6.);
#9011 = AXIS2_PLACEMENT_2D('',#9012,#9013);
#9012 = CARTESIAN_POINT('',(0.,1.42108547152E-14));
#9013 = DIRECTION('',(1.,0.));
#9014 = ( GEOMETRIC_REPRESENTATION_CONTEXT(2) 
PARAMETRIC_REPRESENTATION_CONTEXT() REPRESENTATION_CONTEXT('2D SPACE',''
  ) );
#9015 = ADVANCED_FACE('',(#9016),#9030,.F.);
#9016 = FACE_BOUND('',#9017,.T.);
#9017 = EDGE_LOOP('',(#9018,#9048,#9070,#9071));
#9018 = ORIENTED_EDGE('',*,*,#9019,.T.);
#9019 = EDGE_CURVE('',#9020,#9022,#9024,.T.);
#9020 = VERTEX_POINT('',#9021);
#9021 = CARTESIAN_POINT('',(71.021478624414,-50.,67.995235320576));
#9022 = VERTEX_POINT('',#9023);
#9023 = CARTESIAN_POINT('',(71.912485148602,-50.,68.449225820316));
#9024 = SEAM_CURVE('',#9025,(#9029,#9041),.PCURVE_S1.);
#9025 = LINE('',#9026,#9027);
#9026 = CARTESIAN_POINT('',(71.021478624414,-50.,67.995235320576));
#9027 = VECTOR('',#9028,1.);
#9028 = DIRECTION('',(0.891006524188,0.,0.45399049974));
#9029 = PCURVE('',#9030,#9035);
#9030 = CYLINDRICAL_SURFACE('',#9031,2.25);
#9031 = AXIS2_PLACEMENT_3D('',#9032,#9033,#9034);
#9032 = CARTESIAN_POINT('',(70.,-50.,70.));
#9033 = DIRECTION('',(-0.891006524188,-0.,-0.45399049974));
#9034 = DIRECTION('',(0.45399049974,0.,-0.891006524188));
#9035 = DEFINITIONAL_REPRESENTATION('',(#9036),#9040);
#9036 = LINE('',#9037,#9038);
#9037 = CARTESIAN_POINT('',(-0.,0.));
#9038 = VECTOR('',#9039,1.);
#9039 = DIRECTION('',(-0.,-1.));
#9040 = ( GEOMETRIC_REPRESENTATION_CONTEXT(2) 
PARAMETRIC_REPRESENTATION_CONTEXT() REPRESENTATION_CONTEXT('2D SPACE',''
  ) );
#9041 = PCURVE('',#9030,#9042);
#9042 = DEFINITIONAL_REPRESENTATION('',(#9043),#9047);
#9043 = LINE('',#9044,#9045);
#9044 = CARTESIAN_POINT('',(-6.28318530718,0.));
#9045 = VECTOR('',#9046,1.);
#9046 = DIRECTION('',(-0.,-1.));
#9047 = ( GEOMETRIC_REPRESENTATION_CONTEXT(2) 
PARAMETRIC_REPRESENTATION_CONTEXT() REPRESENTATION_CONTEXT('2D SPACE',''
  ) );
#9048 = ORIENTED_EDGE('',*,*,#9049,.T.);
#9049 = EDGE_CURVE('',#9022,#9022,#9050,.T.);
#9050 = SURFACE_CURVE('',#9051,(#9056,#9063),.PCURVE_S1.);
#9051 = CIRCLE('',#9052,2.25);
#9052 = AXIS2_PLACEMENT_3D('',#9053,#9054,#9055);
#9053 = CARTESIAN_POINT('',(70.891006524188,-50.,70.45399049974));
#9054 = DIRECTION('',(0.891006524188,-0.,0.45399049974));
#9055 = DIRECTION('',(0.45399049974,0.,-0.891006524188));
#9056 = PCURVE('',#9030,#9057);
#9057 = DEFINITIONAL_REPRESENTATION('',(#9058),#9062);
#9058 = LINE('',#9059,#9060);
#9059 = CARTESIAN_POINT('',(-0.,-1.));
#9060 = VECTOR('',#9061,1.);
#9061 = DIRECTION('',(-1.,0.));
#9062 = ( GEOMETRIC_REPRESENTATION_CONTEXT(2) 
PARAMETRIC_REPRESENTATION_CONTEXT() REPRESENTATION_CONTEXT('2D SPACE',''
  ) );
#9063 = PCURVE('',#8976,#9064);
#9064 = DEFINITIONAL_REPRESENTATION('',(#9065),#9069);
#9065 = CIRCLE('',#9066,2.25);
#9066 = AXIS2_PLACEMENT_2D('',#9067,#9068);
#9067 = CARTESIAN_POINT('',(3.177552156496E-14,1.42108547152E-14));
#9068 = DIRECTION('',(1.,0.));
#9069 = ( GEOMETRIC_REPRESENTATION_CONTEXT(2) 
PARAMETRIC_REPRESENTATION_CONTEXT() REPRESENTATION_CONTEXT('2D SPACE',''
  ) );
#9070 = ORIENTED_EDGE('',*,*,#9019,.F.);
#9071 = ORIENTED_EDGE('',*,*,#9072,.F.);
#9072 = EDGE_CURVE('',#9020,#9020,#9073,.T.);
#9073 = SURFACE_CURVE('',#9074,(#9079,#9086),.PCURVE_S1.);
#9074 = CIRCLE('',#9075,2.25);
#9075 = AXIS2_PLACEMENT_3D('',#9076,#9077,#9078);
#9076 = CARTESIAN_POINT('',(70.,-50.,70.));
#9077 = DIRECTION('',(0.891006524188,-0.,0.45399049974));
#9078 = DIRECTION('',(0.45399049974,0.,-0.891006524188));
#9079 = PCURVE('',#9030,#9080);
#9080 = DEFINITIONAL_REPRESENTATION('',(#9081),#9085);
#9081 = LINE('',#9082,#9083);
#9082 = CARTESIAN_POINT('',(-0.,0.));
#9083 = VECTOR('',#9084,1.);
#9084 = DIRECTION('',(-1.,0.));
#9085 = ( GEOMETRIC_REPRESENTATION_CONTEXT(2) 
PARAMETRIC_REPRESENTATION_CONTEXT() REPRESENTATION_CONTEXT('2D SPACE',''
  ) );
#9086 = PCURVE('',#9004,#9087);
#9087 = DEFINITIONAL_REPRESENTATION('',(#9088),#9092);
#9088 = CIRCLE('',#9089,2.25);
#9089 = AXIS2_PLACEMENT_2D('',#9090,#9091);
#9090 = CARTESIAN_POINT('',(3.177552156496E-14,1.42108547152E-14));
#9091 = DIRECTION('',(1.,0.));
#9092 = ( GEOMETRIC_REPRESENTATION_CONTEXT(2) 
PARAMETRIC_REPRESENTATION_CONTEXT() REPRESENTATION_CONTEXT('2D SPACE',''
  ) );
#9093 = ADVANCED_FACE('',(#9094,#9097),#9004,.F.);
#9094 = FACE_BOUND('',#9095,.F.);
#9095 = EDGE_LOOP('',(#9096));
#9096 = ORIENTED_EDGE('',*,*,#8989,.T.);
#9097 = FACE_BOUND('',#9098,.F.);
#9098 = EDGE_LOOP('',(#9099));
#9099 = ORIENTED_EDGE('',*,*,#9072,.F.);
#9100 = ADVANCED_FACE('',(#9101,#9104),#8976,.T.);
#9101 = FACE_BOUND('',#9102,.T.);
#9102 = EDGE_LOOP('',(#9103));
#9103 = ORIENTED_EDGE('',*,*,#8961,.T.);
#9104 = FACE_BOUND('',#9105,.T.);
#9105 = EDGE_LOOP('',(#9106));
#9106 = ORIENTED_EDGE('',*,*,#9049,.F.);
#9107 = ( GEOMETRIC_REPRESENTATION_CONTEXT(3) 
GLOBAL_UNCERTAINTY_ASSIGNED_CONTEXT((#9111)) 
GLOBAL_UNIT_ASSIGNED_CONTEXT((#9108,#9109,#9110)) REPRESENTATION_CONTEXT
('Context #1','3D Context with UNIT and UNCERTAINTY') );
#9108 = ( LENGTH_UNIT() NAMED_UNIT(*) SI_UNIT(.MILLI.,.METRE.) );
#9109 = ( NAMED_UNIT(*) PLANE_ANGLE_UNIT() SI_UNIT($,.RADIAN.) );
#9110 = ( NAMED_UNIT(*) SI_UNIT($,.STERADIAN.) SOLID_ANGLE_UNIT() );
#9111 = UNCERTAINTY_MEASURE_WITH_UNIT(LENGTH_MEASURE(1.E-07),#9108,
  'distance_accuracy_value','confusion accuracy');
#9112 = CONTEXT_DEPENDENT_SHAPE_REPRESENTATION(#9113,#9115);
#9113 = ( REPRESENTATION_RELATIONSHIP('','',#8924,#10) 
REPRESENTATION_RELATIONSHIP_WITH_TRANSFORMATION(#9114) 
SHAPE_REPRESENTATION_RELATIONSHIP() );
#9114 = ITEM_DEFINED_TRANSFORMATION('','',#11,#23);
#9115 = PRODUCT_DEFINITION_SHAPE('Placement','Placement of an item',
  #9116);
#9116 = NEXT_ASSEMBLY_USAGE_OCCURRENCE('50','','',#5,#8919,$);
#9117 = PRODUCT_RELATED_PRODUCT_CATEGORY('part',$,(#8921));
#9118 = SHAPE_DEFINITION_REPRESENTATION(#9119,#9125);
#9119 = PRODUCT_DEFINITION_SHAPE('','',#9120);
#9120 = PRODUCT_DEFINITION('design','',#9121,#9124);
#9121 = PRODUCT_DEFINITION_FORMATION('','',#9122);
#9122 = PRODUCT('Open CASCADE STEP translator 7.9 19.4',
  'Open CASCADE STEP translator 7.9 19.4','',(#9123));
#9123 = PRODUCT_CONTEXT('',#2,'mechanical');
#9124 = PRODUCT_DEFINITION_CONTEXT('part definition',#2,'design');
#9125 = ADVANCED_BREP_SHAPE_REPRESENTATION('',(#11,#9126),#9308);
#9126 = MANIFOLD_SOLID_BREP('',#9127);
#9127 = CLOSED_SHELL('',(#9128,#9216,#9294,#9301));
#9128 = ADVANCED_FACE('',(#9129),#9143,.T.);
#9129 = FACE_BOUND('',#9130,.F.);
#9130 = EDGE_LOOP('',(#9131,#9161,#9188,#9189));
#9131 = ORIENTED_EDGE('',*,*,#9132,.T.);
#9132 = EDGE_CURVE('',#9133,#9135,#9137,.T.);
#9133 = VERTEX_POINT('',#9134);
#9134 = CARTESIAN_POINT('',(72.723942998437,50.,64.65396085487));
#9135 = VERTEX_POINT('',#9136);
#9136 = CARTESIAN_POINT('',(73.614949522626,50.,65.107951354609));
#9137 = SEAM_CURVE('',#9138,(#9142,#9154),.PCURVE_S1.);
#9138 = LINE('',#9139,#9140);
#9139 = CARTESIAN_POINT('',(72.723942998437,50.,64.65396085487));
#9140 = VECTOR('',#9141,1.);
#9141 = DIRECTION('',(0.891006524188,0.,0.45399049974));
#9142 = PCURVE('',#9143,#9148);
#9143 = CYLINDRICAL_SURFACE('',#9144,6.);
#9144 = AXIS2_PLACEMENT_3D('',#9145,#9146,#9147);
#9145 = CARTESIAN_POINT('',(70.,50.,70.));
#9146 = DIRECTION('',(-0.891006524188,-0.,-0.45399049974));
#9147 = DIRECTION('',(0.45399049974,0.,-0.891006524188));
#9148 = DEFINITIONAL_REPRESENTATION('',(#9149),#9153);
#9149 = LINE('',#9150,#9151);
#9150 = CARTESIAN_POINT('',(-0.,0.));
#9151 = VECTOR('',#9152,1.);
#9152 = DIRECTION('',(-0.,-1.));
#9153 = ( GEOMETRIC_REPRESENTATION_CONTEXT(2) 
PARAMETRIC_REPRESENTATION_CONTEXT() REPRESENTATION_CONTEXT('2D SPACE',''
  ) );
#9154 = PCURVE('',#9143,#9155);
#9155 = DEFINITIONAL_REPRESENTATION('',(#9156),#9160);
#9156 = LINE('',#9157,#9158);
#9157 = CARTESIAN_POINT('',(-6.28318530718,0.));
#9158 = VECTOR('',#9159,1.);
#9159 = DIRECTION('',(-0.,-1.));
#9160 = ( GEOMETRIC_REPRESENTATION_CONTEXT(2) 
PARAMETRIC_REPRESENTATION_CONTEXT() REPRESENTATION_CONTEXT('2D SPACE',''
  ) );
#9161 = ORIENTED_EDGE('',*,*,#9162,.T.);
#9162 = EDGE_CURVE('',#9135,#9135,#9163,.T.);
#9163 = SURFACE_CURVE('',#9164,(#9169,#9176),.PCURVE_S1.);
#9164 = CIRCLE('',#9165,6.);
#9165 = AXIS2_PLACEMENT_3D('',#9166,#9167,#9168);
#9166 = CARTESIAN_POINT('',(70.891006524188,50.,70.45399049974));
#9167 = DIRECTION('',(0.891006524188,-0.,0.45399049974));
#9168 = DIRECTION('',(0.45399049974,0.,-0.891006524188));
#9169 = PCURVE('',#9143,#9170);
#9170 = DEFINITIONAL_REPRESENTATION('',(#9171),#9175);
#9171 = LINE('',#9172,#9173);
#9172 = CARTESIAN_POINT('',(-0.,-1.));
#9173 = VECTOR('',#9174,1.);
#9174 = DIRECTION('',(-1.,0.));
#9175 = ( GEOMETRIC_REPRESENTATION_CONTEXT(2) 
PARAMETRIC_REPRESENTATION_CONTEXT() REPRESENTATION_CONTEXT('2D SPACE',''
  ) );
#9176 = PCURVE('',#9177,#9182);
#9177 = PLANE('',#9178);
#9178 = AXIS2_PLACEMENT_3D('',#9179,#9180,#9181);
#9179 = CARTESIAN_POINT('',(70.891006524188,50.,70.45399049974));
#9180 = DIRECTION('',(0.891006524188,0.,0.45399049974));
#9181 = DIRECTION('',(0.45399049974,0.,-0.891006524188));
#9182 = DEFINITIONAL_REPRESENTATION('',(#9183),#9187);
#9183 = CIRCLE('',#9184,6.);
#9184 = AXIS2_PLACEMENT_2D('',#9185,#9186);
#9185 = CARTESIAN_POINT('',(0.,0.));
#9186 = DIRECTION('',(1.,0.));
#9187 = ( GEOMETRIC_REPRESENTATION_CONTEXT(2) 
PARAMETRIC_REPRESENTATION_CONTEXT() REPRESENTATION_CONTEXT('2D SPACE',''
  ) );
#9188 = ORIENTED_EDGE('',*,*,#9132,.F.);
#9189 = ORIENTED_EDGE('',*,*,#9190,.F.);
#9190 = EDGE_CURVE('',#9133,#9133,#9191,.T.);
#9191 = SURFACE_CURVE('',#9192,(#9197,#9204),.PCURVE_S1.);
#9192 = CIRCLE('',#9193,6.);
#9193 = AXIS2_PLACEMENT_3D('',#9194,#9195,#9196);
#9194 = CARTESIAN_POINT('',(70.,50.,70.));
#9195 = DIRECTION('',(0.891006524188,-0.,0.45399049974));
#9196 = DIRECTION('',(0.45399049974,0.,-0.891006524188));
#9197 = PCURVE('',#9143,#9198);
#9198 = DEFINITIONAL_REPRESENTATION('',(#9199),#9203);
#9199 = LINE('',#9200,#9201);
#9200 = CARTESIAN_POINT('',(-0.,0.));
#9201 = VECTOR('',#9202,1.);
#9202 = DIRECTION('',(-1.,0.));
#9203 = ( GEOMETRIC_REPRESENTATION_CONTEXT(2) 
PARAMETRIC_REPRESENTATION_CONTEXT() REPRESENTATION_CONTEXT('2D SPACE',''
  ) );
#9204 = PCURVE('',#9205,#9210);
#9205 = PLANE('',#9206);
#9206 = AXIS2_PLACEMENT_3D('',#9207,#9208,#9209);
#9207 = CARTESIAN_POINT('',(70.,50.,70.));
#9208 = DIRECTION('',(0.891006524188,0.,0.45399049974));
#9209 = DIRECTION('',(0.45399049974,0.,-0.891006524188));
#9210 = DEFINITIONAL_REPRESENTATION('',(#9211),#9215);
#9211 = CIRCLE('',#9212,6.);
#9212 = AXIS2_PLACEMENT_2D('',#9213,#9214);
#9213 = CARTESIAN_POINT('',(0.,0.));
#9214 = DIRECTION('',(1.,0.));
#9215 = ( GEOMETRIC_REPRESENTATION_CONTEXT(2) 
PARAMETRIC_REPRESENTATION_CONTEXT() REPRESENTATION_CONTEXT('2D SPACE',''
  ) );
#9216 = ADVANCED_FACE('',(#9217),#9231,.F.);
#9217 = FACE_BOUND('',#9218,.T.);
#9218 = EDGE_LOOP('',(#9219,#9249,#9271,#9272));
#9219 = ORIENTED_EDGE('',*,*,#9220,.T.);
#9220 = EDGE_CURVE('',#9221,#9223,#9225,.T.);
#9221 = VERTEX_POINT('',#9222);
#9222 = CARTESIAN_POINT('',(71.021478624414,50.,67.995235320576));
#9223 = VERTEX_POINT('',#9224);
#9224 = CARTESIAN_POINT('',(71.912485148602,50.,68.449225820316));
#9225 = SEAM_CURVE('',#9226,(#9230,#9242),.PCURVE_S1.);
#9226 = LINE('',#9227,#9228);
#9227 = CARTESIAN_POINT('',(71.021478624414,50.,67.995235320576));
#9228 = VECTOR('',#9229,1.);
#9229 = DIRECTION('',(0.891006524188,0.,0.45399049974));
#9230 = PCURVE('',#9231,#9236);
#9231 = CYLINDRICAL_SURFACE('',#9232,2.25);
#9232 = AXIS2_PLACEMENT_3D('',#9233,#9234,#9235);
#9233 = CARTESIAN_POINT('',(70.,50.,70.));
#9234 = DIRECTION('',(-0.891006524188,-0.,-0.45399049974));
#9235 = DIRECTION('',(0.45399049974,0.,-0.891006524188));
#9236 = DEFINITIONAL_REPRESENTATION('',(#9237),#9241);
#9237 = LINE('',#9238,#9239);
#9238 = CARTESIAN_POINT('',(-0.,0.));
#9239 = VECTOR('',#9240,1.);
#9240 = DIRECTION('',(-0.,-1.));
#9241 = ( GEOMETRIC_REPRESENTATION_CONTEXT(2) 
PARAMETRIC_REPRESENTATION_CONTEXT() REPRESENTATION_CONTEXT('2D SPACE',''
  ) );
#9242 = PCURVE('',#9231,#9243);
#9243 = DEFINITIONAL_REPRESENTATION('',(#9244),#9248);
#9244 = LINE('',#9245,#9246);
#9245 = CARTESIAN_POINT('',(-6.28318530718,0.));
#9246 = VECTOR('',#9247,1.);
#9247 = DIRECTION('',(-0.,-1.));
#9248 = ( GEOMETRIC_REPRESENTATION_CONTEXT(2) 
PARAMETRIC_REPRESENTATION_CONTEXT() REPRESENTATION_CONTEXT('2D SPACE',''
  ) );
#9249 = ORIENTED_EDGE('',*,*,#9250,.T.);
#9250 = EDGE_CURVE('',#9223,#9223,#9251,.T.);
#9251 = SURFACE_CURVE('',#9252,(#9257,#9264),.PCURVE_S1.);
#9252 = CIRCLE('',#9253,2.25);
#9253 = AXIS2_PLACEMENT_3D('',#9254,#9255,#9256);
#9254 = CARTESIAN_POINT('',(70.891006524188,50.,70.45399049974));
#9255 = DIRECTION('',(0.891006524188,-0.,0.45399049974));
#9256 = DIRECTION('',(0.45399049974,0.,-0.891006524188));
#9257 = PCURVE('',#9231,#9258);
#9258 = DEFINITIONAL_REPRESENTATION('',(#9259),#9263);
#9259 = LINE('',#9260,#9261);
#9260 = CARTESIAN_POINT('',(-0.,-1.));
#9261 = VECTOR('',#9262,1.);
#9262 = DIRECTION('',(-1.,0.));
#9263 = ( GEOMETRIC_REPRESENTATION_CONTEXT(2) 
PARAMETRIC_REPRESENTATION_CONTEXT() REPRESENTATION_CONTEXT('2D SPACE',''
  ) );
#9264 = PCURVE('',#9177,#9265);
#9265 = DEFINITIONAL_REPRESENTATION('',(#9266),#9270);
#9266 = CIRCLE('',#9267,2.25);
#9267 = AXIS2_PLACEMENT_2D('',#9268,#9269);
#9268 = CARTESIAN_POINT('',(3.177552156496E-14,0.));
#9269 = DIRECTION('',(1.,0.));
#9270 = ( GEOMETRIC_REPRESENTATION_CONTEXT(2) 
PARAMETRIC_REPRESENTATION_CONTEXT() REPRESENTATION_CONTEXT('2D SPACE',''
  ) );
#9271 = ORIENTED_EDGE('',*,*,#9220,.F.);
#9272 = ORIENTED_EDGE('',*,*,#9273,.F.);
#9273 = EDGE_CURVE('',#9221,#9221,#9274,.T.);
#9274 = SURFACE_CURVE('',#9275,(#9280,#9287),.PCURVE_S1.);
#9275 = CIRCLE('',#9276,2.25);
#9276 = AXIS2_PLACEMENT_3D('',#9277,#9278,#9279);
#9277 = CARTESIAN_POINT('',(70.,50.,70.));
#9278 = DIRECTION('',(0.891006524188,-0.,0.45399049974));
#9279 = DIRECTION('',(0.45399049974,0.,-0.891006524188));
#9280 = PCURVE('',#9231,#9281);
#9281 = DEFINITIONAL_REPRESENTATION('',(#9282),#9286);
#9282 = LINE('',#9283,#9284);
#9283 = CARTESIAN_POINT('',(-0.,0.));
#9284 = VECTOR('',#9285,1.);
#9285 = DIRECTION('',(-1.,0.));
#9286 = ( GEOMETRIC_REPRESENTATION_CONTEXT(2) 
PARAMETRIC_REPRESENTATION_CONTEXT() REPRESENTATION_CONTEXT('2D SPACE',''
  ) );
#9287 = PCURVE('',#9205,#9288);
#9288 = DEFINITIONAL_REPRESENTATION('',(#9289),#9293);
#9289 = CIRCLE('',#9290,2.25);
#9290 = AXIS2_PLACEMENT_2D('',#9291,#9292);
#9291 = CARTESIAN_POINT('',(3.177552156496E-14,0.));
#9292 = DIRECTION('',(1.,0.));
#9293 = ( GEOMETRIC_REPRESENTATION_CONTEXT(2) 
PARAMETRIC_REPRESENTATION_CONTEXT() REPRESENTATION_CONTEXT('2D SPACE',''
  ) );
#9294 = ADVANCED_FACE('',(#9295,#9298),#9205,.F.);
#9295 = FACE_BOUND('',#9296,.F.);
#9296 = EDGE_LOOP('',(#9297));
#9297 = ORIENTED_EDGE('',*,*,#9190,.T.);
#9298 = FACE_BOUND('',#9299,.F.);
#9299 = EDGE_LOOP('',(#9300));
#9300 = ORIENTED_EDGE('',*,*,#9273,.F.);
#9301 = ADVANCED_FACE('',(#9302,#9305),#9177,.T.);
#9302 = FACE_BOUND('',#9303,.T.);
#9303 = EDGE_LOOP('',(#9304));
#9304 = ORIENTED_EDGE('',*,*,#9162,.T.);
#9305 = FACE_BOUND('',#9306,.T.);
#9306 = EDGE_LOOP('',(#9307));
#9307 = ORIENTED_EDGE('',*,*,#9250,.F.);
#9308 = ( GEOMETRIC_REPRESENTATION_CONTEXT(3) 
GLOBAL_UNCERTAINTY_ASSIGNED_CONTEXT((#9312)) 
GLOBAL_UNIT_ASSIGNED_CONTEXT((#9309,#9310,#9311)) REPRESENTATION_CONTEXT
('Context #1','3D Context with UNIT and UNCERTAINTY') );
#9309 = ( LENGTH_UNIT() NAMED_UNIT(*) SI_UNIT(.MILLI.,.METRE.) );
#9310 = ( NAMED_UNIT(*) PLANE_ANGLE_UNIT() SI_UNIT($,.RADIAN.) );
#9311 = ( NAMED_UNIT(*) SI_UNIT($,.STERADIAN.) SOLID_ANGLE_UNIT() );
#9312 = UNCERTAINTY_MEASURE_WITH_UNIT(LENGTH_MEASURE(1.E-07),#9309,
  'distance_accuracy_value','confusion accuracy');
#9313 = CONTEXT_DEPENDENT_SHAPE_REPRESENTATION(#9314,#9316);
#9314 = ( REPRESENTATION_RELATIONSHIP('','',#9125,#10) 
REPRESENTATION_RELATIONSHIP_WITH_TRANSFORMATION(#9315) 
SHAPE_REPRESENTATION_RELATIONSHIP() );
#9315 = ITEM_DEFINED_TRANSFORMATION('','',#11,#27);
#9316 = PRODUCT_DEFINITION_SHAPE('Placement','Placement of an item',
  #9317);
#9317 = NEXT_ASSEMBLY_USAGE_OCCURRENCE('51','','',#5,#9120,$);
#9318 = PRODUCT_RELATED_PRODUCT_CATEGORY('part',$,(#9122));
#9319 = SHAPE_DEFINITION_REPRESENTATION(#9320,#9326);
#9320 = PRODUCT_DEFINITION_SHAPE('','',#9321);
#9321 = PRODUCT_DEFINITION('design','',#9322,#9325);
#9322 = PRODUCT_DEFINITION_FORMATION('','',#9323);
#9323 = PRODUCT('Open CASCADE STEP translator 7.9 19.5',
  'Open CASCADE STEP translator 7.9 19.5','',(#9324));
#9324 = PRODUCT_CONTEXT('',#2,'mechanical');
#9325 = PRODUCT_DEFINITION_CONTEXT('part definition',#2,'design');
#9326 = ADVANCED_BREP_SHAPE_REPRESENTATION('',(#11,#9327),#9693);
#9327 = MANIFOLD_SOLID_BREP('',#9328);
#9328 = CLOSED_SHELL('',(#9329,#9417,#9522,#9612,#9639,#9666));
#9329 = ADVANCED_FACE('',(#9330),#9344,.T.);
#9330 = FACE_BOUND('',#9331,.F.);
#9331 = EDGE_LOOP('',(#9332,#9362,#9389,#9390));
#9332 = ORIENTED_EDGE('',*,*,#9333,.T.);
#9333 = EDGE_CURVE('',#9334,#9336,#9338,.T.);
#9334 = VERTEX_POINT('',#9335);
#9335 = CARTESIAN_POINT('',(107.42346798541,0.,20.103634645451));
#9336 = VERTEX_POINT('',#9337);
#9337 = CARTESIAN_POINT('',(109.20548103379,0.,21.011615644931));
#9338 = SEAM_CURVE('',#9339,(#9343,#9355),.PCURVE_S1.);
#9339 = LINE('',#9340,#9341);
#9340 = CARTESIAN_POINT('',(107.42346798541,0.,20.103634645451));
#9341 = VECTOR('',#9342,1.);
#9342 = DIRECTION('',(0.891006524188,0.,0.45399049974));
#9343 = PCURVE('',#9344,#9349);
#9344 = CYLINDRICAL_SURFACE('',#9345,56.);
#9345 = AXIS2_PLACEMENT_3D('',#9346,#9347,#9348);
#9346 = CARTESIAN_POINT('',(82.,0.,70.));
#9347 = DIRECTION('',(-0.891006524188,-0.,-0.45399049974));
#9348 = DIRECTION('',(0.45399049974,0.,-0.891006524188));
#9349 = DEFINITIONAL_REPRESENTATION('',(#9350),#9354);
#9350 = LINE('',#9351,#9352);
#9351 = CARTESIAN_POINT('',(-0.,0.));
#9352 = VECTOR('',#9353,1.);
#9353 = DIRECTION('',(-0.,-1.));
#9354 = ( GEOMETRIC_REPRESENTATION_CONTEXT(2) 
PARAMETRIC_REPRESENTATION_CONTEXT() REPRESENTATION_CONTEXT('2D SPACE',''
  ) );
#9355 = PCURVE('',#9344,#9356);
#9356 = DEFINITIONAL_REPRESENTATION('',(#9357),#9361);
#9357 = LINE('',#9358,#9359);
#9358 = CARTESIAN_POINT('',(-6.28318530718,0.));
#9359 = VECTOR('',#9360,1.);
#9360 = DIRECTION('',(-0.,-1.));
#9361 = ( GEOMETRIC_REPRESENTATION_CONTEXT(2) 
PARAMETRIC_REPRESENTATION_CONTEXT() REPRESENTATION_CONTEXT('2D SPACE',''
  ) );
#9362 = ORIENTED_EDGE('',*,*,#9363,.T.);
#9363 = EDGE_CURVE('',#9336,#9336,#9364,.T.);
#9364 = SURFACE_CURVE('',#9365,(#9370,#9377),.PCURVE_S1.);
#9365 = CIRCLE('',#9366,56.);
#9366 = AXIS2_PLACEMENT_3D('',#9367,#9368,#9369);
#9367 = CARTESIAN_POINT('',(83.782013048377,0.,70.907980999479));
#9368 = DIRECTION('',(0.891006524188,-0.,0.45399049974));
#9369 = DIRECTION('',(0.45399049974,0.,-0.891006524188));
#9370 = PCURVE('',#9344,#9371);
#9371 = DEFINITIONAL_REPRESENTATION('',(#9372),#9376);
#9372 = LINE('',#9373,#9374);
#9373 = CARTESIAN_POINT('',(-0.,-2.));
#9374 = VECTOR('',#9375,1.);
#9375 = DIRECTION('',(-1.,0.));
#9376 = ( GEOMETRIC_REPRESENTATION_CONTEXT(2) 
PARAMETRIC_REPRESENTATION_CONTEXT() REPRESENTATION_CONTEXT('2D SPACE',''
  ) );
#9377 = PCURVE('',#9378,#9383);
#9378 = PLANE('',#9379);
#9379 = AXIS2_PLACEMENT_3D('',#9380,#9381,#9382);
#9380 = CARTESIAN_POINT('',(83.782013048377,-2.286007358408E-15,
    70.907980999479));
#9381 = DIRECTION('',(0.891006524188,0.,0.45399049974));
#9382 = DIRECTION('',(0.45399049974,0.,-0.891006524188));
#9383 = DEFINITIONAL_REPRESENTATION('',(#9384),#9388);
#9384 = CIRCLE('',#9385,56.);
#9385 = AXIS2_PLACEMENT_2D('',#9386,#9387);
#9386 = CARTESIAN_POINT('',(0.,2.286007358408E-15));
#9387 = DIRECTION('',(1.,0.));
#9388 = ( GEOMETRIC_REPRESENTATION_CONTEXT(2) 
PARAMETRIC_REPRESENTATION_CONTEXT() REPRESENTATION_CONTEXT('2D SPACE',''
  ) );
#9389 = ORIENTED_EDGE('',*,*,#9333,.F.);
#9390 = ORIENTED_EDGE('',*,*,#9391,.F.);
#9391 = EDGE_CURVE('',#9334,#9334,#9392,.T.);
#9392 = SURFACE_CURVE('',#9393,(#9398,#9405),.PCURVE_S1.);
#9393 = CIRCLE('',#9394,56.);
#9394 = AXIS2_PLACEMENT_3D('',#9395,#9396,#9397);
#9395 = CARTESIAN_POINT('',(82.,0.,70.));
#9396 = DIRECTION('',(0.891006524188,-0.,0.45399049974));
#9397 = DIRECTION('',(0.45399049974,0.,-0.891006524188));
#9398 = PCURVE('',#9344,#9399);
#9399 = DEFINITIONAL_REPRESENTATION('',(#9400),#9404);
#9400 = LINE('',#9401,#9402);
#9401 = CARTESIAN_POINT('',(-0.,0.));
#9402 = VECTOR('',#9403,1.);
#9403 = DIRECTION('',(-1.,0.));
#9404 = ( GEOMETRIC_REPRESENTATION_CONTEXT(2) 
PARAMETRIC_REPRESENTATION_CONTEXT() REPRESENTATION_CONTEXT('2D SPACE',''
  ) );
#9405 = PCURVE('',#9406,#9411);
#9406 = PLANE('',#9407);
#9407 = AXIS2_PLACEMENT_3D('',#9408,#9409,#9410);
#9408 = CARTESIAN_POINT('',(82.,-2.286007358408E-15,70.));
#9409 = DIRECTION('',(0.891006524188,0.,0.45399049974));
#9410 = DIRECTION('',(0.45399049974,0.,-0.891006524188));
#9411 = DEFINITIONAL_REPRESENTATION('',(#9412),#9416);
#9412 = CIRCLE('',#9413,56.);
#9413 = AXIS2_PLACEMENT_2D('',#9414,#9415);
#9414 = CARTESIAN_POINT('',(0.,2.286007358408E-15));
#9415 = DIRECTION('',(1.,0.));
#9416 = ( GEOMETRIC_REPRESENTATION_CONTEXT(2) 
PARAMETRIC_REPRESENTATION_CONTEXT() REPRESENTATION_CONTEXT('2D SPACE',''
  ) );
#9417 = ADVANCED_FACE('',(#9418,#9421,#9456,#9491),#9406,.F.);
#9418 = FACE_BOUND('',#9419,.F.);
#9419 = EDGE_LOOP('',(#9420));
#9420 = ORIENTED_EDGE('',*,*,#9391,.T.);
#9421 = FACE_BOUND('',#9422,.F.);
#9422 = EDGE_LOOP('',(#9423));
#9423 = ORIENTED_EDGE('',*,*,#9424,.T.);
#9424 = EDGE_CURVE('',#9425,#9425,#9427,.T.);
#9425 = VERTEX_POINT('',#9426);
#9426 = CARTESIAN_POINT('',(83.021478624414,-50.,67.995235320576));
#9427 = SURFACE_CURVE('',#9428,(#9433,#9444),.PCURVE_S1.);
#9428 = CIRCLE('',#9429,2.25);
#9429 = AXIS2_PLACEMENT_3D('',#9430,#9431,#9432);
#9430 = CARTESIAN_POINT('',(82.,-50.,70.));
#9431 = DIRECTION('',(-0.891006524188,-0.,-0.45399049974));
#9432 = DIRECTION('',(0.45399049974,0.,-0.891006524188));
#9433 = PCURVE('',#9406,#9434);
#9434 = DEFINITIONAL_REPRESENTATION('',(#9435),#9443);
#9435 = ( BOUNDED_CURVE() B_SPLINE_CURVE(2,(#9436,#9437,#9438,#9439,
#9440,#9441,#9442),.UNSPECIFIED.,.T.,.F.) B_SPLINE_CURVE_WITH_KNOTS((1,2
    ,2,2,2,1),(-2.094395102393,0.,2.094395102393,4.188790204786,
6.28318530718,8.377580409573),.UNSPECIFIED.) CURVE() 
GEOMETRIC_REPRESENTATION_ITEM() RATIONAL_B_SPLINE_CURVE((1.,0.5,1.,0.5,
1.,0.5,1.)) REPRESENTATION_ITEM('') );
#9436 = CARTESIAN_POINT('',(2.25,-50.));
#9437 = CARTESIAN_POINT('',(2.25,-53.89711431703));
#9438 = CARTESIAN_POINT('',(-1.125,-51.94855715851));
#9439 = CARTESIAN_POINT('',(-4.5,-50.));
#9440 = CARTESIAN_POINT('',(-1.125,-48.05144284148));
#9441 = CARTESIAN_POINT('',(2.25,-46.10288568297));
#9442 = CARTESIAN_POINT('',(2.25,-50.));
#9443 = ( GEOMETRIC_REPRESENTATION_CONTEXT(2) 
PARAMETRIC_REPRESENTATION_CONTEXT() REPRESENTATION_CONTEXT('2D SPACE',''
  ) );
#9444 = PCURVE('',#9445,#9450);
#9445 = CYLINDRICAL_SURFACE('',#9446,2.25);
#9446 = AXIS2_PLACEMENT_3D('',#9447,#9448,#9449);
#9447 = CARTESIAN_POINT('',(81.108993475812,-50.,69.54600950026));
#9448 = DIRECTION('',(-0.891006524188,-0.,-0.45399049974));
#9449 = DIRECTION('',(0.45399049974,0.,-0.891006524188));
#9450 = DEFINITIONAL_REPRESENTATION('',(#9451),#9455);
#9451 = LINE('',#9452,#9453);
#9452 = CARTESIAN_POINT('',(-6.28318530718,-1.));
#9453 = VECTOR('',#9454,1.);
#9454 = DIRECTION('',(1.,-0.));
#9455 = ( GEOMETRIC_REPRESENTATION_CONTEXT(2) 
PARAMETRIC_REPRESENTATION_CONTEXT() REPRESENTATION_CONTEXT('2D SPACE',''
  ) );
#9456 = FACE_BOUND('',#9457,.F.);
#9457 = EDGE_LOOP('',(#9458));
#9458 = ORIENTED_EDGE('',*,*,#9459,.T.);
#9459 = EDGE_CURVE('',#9460,#9460,#9462,.T.);
#9460 = VERTEX_POINT('',#9461);
#9461 = CARTESIAN_POINT('',(83.021478624414,50.,67.995235320576));
#9462 = SURFACE_CURVE('',#9463,(#9468,#9479),.PCURVE_S1.);
#9463 = CIRCLE('',#9464,2.25);
#9464 = AXIS2_PLACEMENT_3D('',#9465,#9466,#9467);
#9465 = CARTESIAN_POINT('',(82.,50.,70.));
#9466 = DIRECTION('',(-0.891006524188,-0.,-0.45399049974));
#9467 = DIRECTION('',(0.45399049974,0.,-0.891006524188));
#9468 = PCURVE('',#9406,#9469);
#9469 = DEFINITIONAL_REPRESENTATION('',(#9470),#9478);
#9470 = ( BOUNDED_CURVE() B_SPLINE_CURVE(2,(#9471,#9472,#9473,#9474,
#9475,#9476,#9477),.UNSPECIFIED.,.T.,.F.) B_SPLINE_CURVE_WITH_KNOTS((1,2
    ,2,2,2,1),(-2.094395102393,0.,2.094395102393,4.188790204786,
6.28318530718,8.377580409573),.UNSPECIFIED.) CURVE() 
GEOMETRIC_REPRESENTATION_ITEM() RATIONAL_B_SPLINE_CURVE((1.,0.5,1.,0.5,
1.,0.5,1.)) REPRESENTATION_ITEM('') );
#9471 = CARTESIAN_POINT('',(2.25,50.));
#9472 = CARTESIAN_POINT('',(2.25,46.10288568297));
#9473 = CARTESIAN_POINT('',(-1.125,48.051442841485));
#9474 = CARTESIAN_POINT('',(-4.5,50.));
#9475 = CARTESIAN_POINT('',(-1.125,51.948557158515));
#9476 = CARTESIAN_POINT('',(2.25,53.89711431703));
#9477 = CARTESIAN_POINT('',(2.25,50.));
#9478 = ( GEOMETRIC_REPRESENTATION_CONTEXT(2) 
PARAMETRIC_REPRESENTATION_CONTEXT() REPRESENTATION_CONTEXT('2D SPACE',''
  ) );
#9479 = PCURVE('',#9480,#9485);
#9480 = CYLINDRICAL_SURFACE('',#9481,2.25);
#9481 = AXIS2_PLACEMENT_3D('',#9482,#9483,#9484);
#9482 = CARTESIAN_POINT('',(81.108993475812,50.,69.54600950026));
#9483 = DIRECTION('',(-0.891006524188,-0.,-0.45399049974));
#9484 = DIRECTION('',(0.45399049974,0.,-0.891006524188));
#9485 = DEFINITIONAL_REPRESENTATION('',(#9486),#9490);
#9486 = LINE('',#9487,#9488);
#9487 = CARTESIAN_POINT('',(-6.28318530718,-1.));
#9488 = VECTOR('',#9489,1.);
#9489 = DIRECTION('',(1.,-0.));
#9490 = ( GEOMETRIC_REPRESENTATION_CONTEXT(2) 
PARAMETRIC_REPRESENTATION_CONTEXT() REPRESENTATION_CONTEXT('2D SPACE',''
  ) );
#9491 = FACE_BOUND('',#9492,.F.);
#9492 = EDGE_LOOP('',(#9493));
#9493 = ORIENTED_EDGE('',*,*,#9494,.F.);
#9494 = EDGE_CURVE('',#9495,#9495,#9497,.T.);
#9495 = VERTEX_POINT('',#9496);
#9496 = CARTESIAN_POINT('',(101.06760098906,1.522591576629E-15,
    32.577725984088));
#9497 = SURFACE_CURVE('',#9498,(#9503,#9510),.PCURVE_S1.);
#9498 = CIRCLE('',#9499,42.);
#9499 = AXIS2_PLACEMENT_3D('',#9500,#9501,#9502);
#9500 = CARTESIAN_POINT('',(82.,1.522591576629E-15,70.));
#9501 = DIRECTION('',(0.891006524188,-0.,0.45399049974));
#9502 = DIRECTION('',(0.45399049974,0.,-0.891006524188));
#9503 = PCURVE('',#9406,#9504);
#9504 = DEFINITIONAL_REPRESENTATION('',(#9505),#9509);
#9505 = CIRCLE('',#9506,42.);
#9506 = AXIS2_PLACEMENT_2D('',#9507,#9508);
#9507 = CARTESIAN_POINT('',(2.542041725197E-13,3.808598935037E-15));
#9508 = DIRECTION('',(1.,0.));
#9509 = ( GEOMETRIC_REPRESENTATION_CONTEXT(2) 
PARAMETRIC_REPRESENTATION_CONTEXT() REPRESENTATION_CONTEXT('2D SPACE',''
  ) );
#9510 = PCURVE('',#9511,#9516);
#9511 = CYLINDRICAL_SURFACE('',#9512,42.);
#9512 = AXIS2_PLACEMENT_3D('',#9513,#9514,#9515);
#9513 = CARTESIAN_POINT('',(82.,1.522591576629E-15,70.));
#9514 = DIRECTION('',(-0.891006524188,-0.,-0.45399049974));
#9515 = DIRECTION('',(0.45399049974,0.,-0.891006524188));
#9516 = DEFINITIONAL_REPRESENTATION('',(#9517),#9521);
#9517 = LINE('',#9518,#9519);
#9518 = CARTESIAN_POINT('',(-0.,0.));
#9519 = VECTOR('',#9520,1.);
#9520 = DIRECTION('',(-1.,0.));
#9521 = ( GEOMETRIC_REPRESENTATION_CONTEXT(2) 
PARAMETRIC_REPRESENTATION_CONTEXT() REPRESENTATION_CONTEXT('2D SPACE',''
  ) );
#9522 = ADVANCED_FACE('',(#9523,#9526,#9556,#9586),#9378,.T.);
#9523 = FACE_BOUND('',#9524,.T.);
#9524 = EDGE_LOOP('',(#9525));
#9525 = ORIENTED_EDGE('',*,*,#9363,.T.);
#9526 = FACE_BOUND('',#9527,.T.);
#9527 = EDGE_LOOP('',(#9528));
#9528 = ORIENTED_EDGE('',*,*,#9529,.T.);
#9529 = EDGE_CURVE('',#9530,#9530,#9532,.T.);
#9530 = VERTEX_POINT('',#9531);
#9531 = CARTESIAN_POINT('',(84.803491672791,-50.,68.903216320055));
#9532 = SURFACE_CURVE('',#9533,(#9538,#9549),.PCURVE_S1.);
#9533 = CIRCLE('',#9534,2.25);
#9534 = AXIS2_PLACEMENT_3D('',#9535,#9536,#9537);
#9535 = CARTESIAN_POINT('',(83.782013048377,-50.,70.907980999479));
#9536 = DIRECTION('',(-0.891006524188,-0.,-0.45399049974));
#9537 = DIRECTION('',(0.45399049974,0.,-0.891006524188));
#9538 = PCURVE('',#9378,#9539);
#9539 = DEFINITIONAL_REPRESENTATION('',(#9540),#9548);
#9540 = ( BOUNDED_CURVE() B_SPLINE_CURVE(2,(#9541,#9542,#9543,#9544,
#9545,#9546,#9547),.UNSPECIFIED.,.T.,.F.) B_SPLINE_CURVE_WITH_KNOTS((1,2
    ,2,2,2,1),(-2.094395102393,0.,2.094395102393,4.188790204786,
6.28318530718,8.377580409573),.UNSPECIFIED.) CURVE() 
GEOMETRIC_REPRESENTATION_ITEM() RATIONAL_B_SPLINE_CURVE((1.,0.5,1.,0.5,
1.,0.5,1.)) REPRESENTATION_ITEM('') );
#9541 = CARTESIAN_POINT('',(2.25,-50.));
#9542 = CARTESIAN_POINT('',(2.25,-53.89711431703));
#9543 = CARTESIAN_POINT('',(-1.125,-51.94855715851));
#9544 = CARTESIAN_POINT('',(-4.5,-50.));
#9545 = CARTESIAN_POINT('',(-1.125,-48.05144284148));
#9546 = CARTESIAN_POINT('',(2.25,-46.10288568297));
#9547 = CARTESIAN_POINT('',(2.25,-50.));
#9548 = ( GEOMETRIC_REPRESENTATION_CONTEXT(2) 
PARAMETRIC_REPRESENTATION_CONTEXT() REPRESENTATION_CONTEXT('2D SPACE',''
  ) );
#9549 = PCURVE('',#9445,#9550);
#9550 = DEFINITIONAL_REPRESENTATION('',(#9551),#9555);
#9551 = LINE('',#9552,#9553);
#9552 = CARTESIAN_POINT('',(-6.28318530718,-3.));
#9553 = VECTOR('',#9554,1.);
#9554 = DIRECTION('',(1.,-0.));
#9555 = ( GEOMETRIC_REPRESENTATION_CONTEXT(2) 
PARAMETRIC_REPRESENTATION_CONTEXT() REPRESENTATION_CONTEXT('2D SPACE',''
  ) );
#9556 = FACE_BOUND('',#9557,.T.);
#9557 = EDGE_LOOP('',(#9558));
#9558 = ORIENTED_EDGE('',*,*,#9559,.T.);
#9559 = EDGE_CURVE('',#9560,#9560,#9562,.T.);
#9560 = VERTEX_POINT('',#9561);
#9561 = CARTESIAN_POINT('',(84.803491672791,50.,68.903216320055));
#9562 = SURFACE_CURVE('',#9563,(#9568,#9579),.PCURVE_S1.);
#9563 = CIRCLE('',#9564,2.25);
#9564 = AXIS2_PLACEMENT_3D('',#9565,#9566,#9567);
#9565 = CARTESIAN_POINT('',(83.782013048377,50.,70.907980999479));
#9566 = DIRECTION('',(-0.891006524188,-0.,-0.45399049974));
#9567 = DIRECTION('',(0.45399049974,0.,-0.891006524188));
#9568 = PCURVE('',#9378,#9569);
#9569 = DEFINITIONAL_REPRESENTATION('',(#9570),#9578);
#9570 = ( BOUNDED_CURVE() B_SPLINE_CURVE(2,(#9571,#9572,#9573,#9574,
#9575,#9576,#9577),.UNSPECIFIED.,.T.,.F.) B_SPLINE_CURVE_WITH_KNOTS((1,2
    ,2,2,2,1),(-2.094395102393,0.,2.094395102393,4.188790204786,
6.28318530718,8.377580409573),.UNSPECIFIED.) CURVE() 
GEOMETRIC_REPRESENTATION_ITEM() RATIONAL_B_SPLINE_CURVE((1.,0.5,1.,0.5,
1.,0.5,1.)) REPRESENTATION_ITEM('') );
#9571 = CARTESIAN_POINT('',(2.25,50.));
#9572 = CARTESIAN_POINT('',(2.25,46.10288568297));
#9573 = CARTESIAN_POINT('',(-1.125,48.051442841485));
#9574 = CARTESIAN_POINT('',(-4.5,50.));
#9575 = CARTESIAN_POINT('',(-1.125,51.948557158515));
#9576 = CARTESIAN_POINT('',(2.25,53.89711431703));
#9577 = CARTESIAN_POINT('',(2.25,50.));
#9578 = ( GEOMETRIC_REPRESENTATION_CONTEXT(2) 
PARAMETRIC_REPRESENTATION_CONTEXT() REPRESENTATION_CONTEXT('2D SPACE',''
  ) );
#9579 = PCURVE('',#9480,#9580);
#9580 = DEFINITIONAL_REPRESENTATION('',(#9581),#9585);
#9581 = LINE('',#9582,#9583);
#9582 = CARTESIAN_POINT('',(-6.28318530718,-3.));
#9583 = VECTOR('',#9584,1.);
#9584 = DIRECTION('',(1.,-0.));
#9585 = ( GEOMETRIC_REPRESENTATION_CONTEXT(2) 
PARAMETRIC_REPRESENTATION_CONTEXT() REPRESENTATION_CONTEXT('2D SPACE',''
  ) );
#9586 = FACE_BOUND('',#9587,.T.);
#9587 = EDGE_LOOP('',(#9588));
#9588 = ORIENTED_EDGE('',*,*,#9589,.F.);
#9589 = EDGE_CURVE('',#9590,#9590,#9592,.T.);
#9590 = VERTEX_POINT('',#9591);
#9591 = CARTESIAN_POINT('',(102.84961403743,1.522591576629E-15,
    33.485706983567));
#9592 = SURFACE_CURVE('',#9593,(#9598,#9605),.PCURVE_S1.);
#9593 = CIRCLE('',#9594,42.);
#9594 = AXIS2_PLACEMENT_3D('',#9595,#9596,#9597);
#9595 = CARTESIAN_POINT('',(83.782013048377,1.522591576629E-15,
    70.907980999479));
#9596 = DIRECTION('',(0.891006524188,-0.,0.45399049974));
#9597 = DIRECTION('',(0.45399049974,0.,-0.891006524188));
#9598 = PCURVE('',#9378,#9599);
#9599 = DEFINITIONAL_REPRESENTATION('',(#9600),#9604);
#9600 = CIRCLE('',#9601,42.);
#9601 = AXIS2_PLACEMENT_2D('',#9602,#9603);
#9602 = CARTESIAN_POINT('',(2.542041725197E-13,3.808598935037E-15));
#9603 = DIRECTION('',(1.,0.));
#9604 = ( GEOMETRIC_REPRESENTATION_CONTEXT(2) 
PARAMETRIC_REPRESENTATION_CONTEXT() REPRESENTATION_CONTEXT('2D SPACE',''
  ) );
#9605 = PCURVE('',#9511,#9606);
#9606 = DEFINITIONAL_REPRESENTATION('',(#9607),#9611);
#9607 = LINE('',#9608,#9609);
#9608 = CARTESIAN_POINT('',(-0.,-2.));
#9609 = VECTOR('',#9610,1.);
#9610 = DIRECTION('',(-1.,0.));
#9611 = ( GEOMETRIC_REPRESENTATION_CONTEXT(2) 
PARAMETRIC_REPRESENTATION_CONTEXT() REPRESENTATION_CONTEXT('2D SPACE',''
  ) );
#9612 = ADVANCED_FACE('',(#9613),#9445,.F.);
#9613 = FACE_BOUND('',#9614,.T.);
#9614 = EDGE_LOOP('',(#9615,#9616,#9637,#9638));
#9615 = ORIENTED_EDGE('',*,*,#9424,.T.);
#9616 = ORIENTED_EDGE('',*,*,#9617,.T.);
#9617 = EDGE_CURVE('',#9425,#9530,#9618,.T.);
#9618 = SEAM_CURVE('',#9619,(#9623,#9630),.PCURVE_S1.);
#9619 = LINE('',#9620,#9621);
#9620 = CARTESIAN_POINT('',(82.130472100226,-50.,67.541244820837));
#9621 = VECTOR('',#9622,1.);
#9622 = DIRECTION('',(0.891006524188,0.,0.45399049974));
#9623 = PCURVE('',#9445,#9624);
#9624 = DEFINITIONAL_REPRESENTATION('',(#9625),#9629);
#9625 = LINE('',#9626,#9627);
#9626 = CARTESIAN_POINT('',(-6.28318530718,0.));
#9627 = VECTOR('',#9628,1.);
#9628 = DIRECTION('',(-0.,-1.));
#9629 = ( GEOMETRIC_REPRESENTATION_CONTEXT(2) 
PARAMETRIC_REPRESENTATION_CONTEXT() REPRESENTATION_CONTEXT('2D SPACE',''
  ) );
#9630 = PCURVE('',#9445,#9631);
#9631 = DEFINITIONAL_REPRESENTATION('',(#9632),#9636);
#9632 = LINE('',#9633,#9634);
#9633 = CARTESIAN_POINT('',(-0.,0.));
#9634 = VECTOR('',#9635,1.);
#9635 = DIRECTION('',(-0.,-1.));
#9636 = ( GEOMETRIC_REPRESENTATION_CONTEXT(2) 
PARAMETRIC_REPRESENTATION_CONTEXT() REPRESENTATION_CONTEXT('2D SPACE',''
  ) );
#9637 = ORIENTED_EDGE('',*,*,#9529,.F.);
#9638 = ORIENTED_EDGE('',*,*,#9617,.F.);
#9639 = ADVANCED_FACE('',(#9640),#9480,.F.);
#9640 = FACE_BOUND('',#9641,.T.);
#9641 = EDGE_LOOP('',(#9642,#9643,#9664,#9665));
#9642 = ORIENTED_EDGE('',*,*,#9459,.T.);
#9643 = ORIENTED_EDGE('',*,*,#9644,.T.);
#9644 = EDGE_CURVE('',#9460,#9560,#9645,.T.);
#9645 = SEAM_CURVE('',#9646,(#9650,#9657),.PCURVE_S1.);
#9646 = LINE('',#9647,#9648);
#9647 = CARTESIAN_POINT('',(82.130472100226,50.,67.541244820837));
#9648 = VECTOR('',#9649,1.);
#9649 = DIRECTION('',(0.891006524188,0.,0.45399049974));
#9650 = PCURVE('',#9480,#9651);
#9651 = DEFINITIONAL_REPRESENTATION('',(#9652),#9656);
#9652 = LINE('',#9653,#9654);
#9653 = CARTESIAN_POINT('',(-6.28318530718,0.));
#9654 = VECTOR('',#9655,1.);
#9655 = DIRECTION('',(-0.,-1.));
#9656 = ( GEOMETRIC_REPRESENTATION_CONTEXT(2) 
PARAMETRIC_REPRESENTATION_CONTEXT() REPRESENTATION_CONTEXT('2D SPACE',''
  ) );
#9657 = PCURVE('',#9480,#9658);
#9658 = DEFINITIONAL_REPRESENTATION('',(#9659),#9663);
#9659 = LINE('',#9660,#9661);
#9660 = CARTESIAN_POINT('',(-0.,0.));
#9661 = VECTOR('',#9662,1.);
#9662 = DIRECTION('',(-0.,-1.));
#9663 = ( GEOMETRIC_REPRESENTATION_CONTEXT(2) 
PARAMETRIC_REPRESENTATION_CONTEXT() REPRESENTATION_CONTEXT('2D SPACE',''
  ) );
#9664 = ORIENTED_EDGE('',*,*,#9559,.F.);
#9665 = ORIENTED_EDGE('',*,*,#9644,.F.);
#9666 = ADVANCED_FACE('',(#9667),#9511,.F.);
#9667 = FACE_BOUND('',#9668,.T.);
#9668 = EDGE_LOOP('',(#9669,#9690,#9691,#9692));
#9669 = ORIENTED_EDGE('',*,*,#9670,.T.);
#9670 = EDGE_CURVE('',#9495,#9590,#9671,.T.);
#9671 = SEAM_CURVE('',#9672,(#9676,#9683),.PCURVE_S1.);
#9672 = LINE('',#9673,#9674);
#9673 = CARTESIAN_POINT('',(101.06760098906,1.522591576629E-15,
    32.577725984088));
#9674 = VECTOR('',#9675,1.);
#9675 = DIRECTION('',(0.891006524188,0.,0.45399049974));
#9676 = PCURVE('',#9511,#9677);
#9677 = DEFINITIONAL_REPRESENTATION('',(#9678),#9682);
#9678 = LINE('',#9679,#9680);
#9679 = CARTESIAN_POINT('',(-0.,0.));
#9680 = VECTOR('',#9681,1.);
#9681 = DIRECTION('',(-0.,-1.));
#9682 = ( GEOMETRIC_REPRESENTATION_CONTEXT(2) 
PARAMETRIC_REPRESENTATION_CONTEXT() REPRESENTATION_CONTEXT('2D SPACE',''
  ) );
#9683 = PCURVE('',#9511,#9684);
#9684 = DEFINITIONAL_REPRESENTATION('',(#9685),#9689);
#9685 = LINE('',#9686,#9687);
#9686 = CARTESIAN_POINT('',(-6.28318530718,0.));
#9687 = VECTOR('',#9688,1.);
#9688 = DIRECTION('',(-0.,-1.));
#9689 = ( GEOMETRIC_REPRESENTATION_CONTEXT(2) 
PARAMETRIC_REPRESENTATION_CONTEXT() REPRESENTATION_CONTEXT('2D SPACE',''
  ) );
#9690 = ORIENTED_EDGE('',*,*,#9589,.T.);
#9691 = ORIENTED_EDGE('',*,*,#9670,.F.);
#9692 = ORIENTED_EDGE('',*,*,#9494,.F.);
#9693 = ( GEOMETRIC_REPRESENTATION_CONTEXT(3) 
GLOBAL_UNCERTAINTY_ASSIGNED_CONTEXT((#9697)) 
GLOBAL_UNIT_ASSIGNED_CONTEXT((#9694,#9695,#9696)) REPRESENTATION_CONTEXT
('Context #1','3D Context with UNIT and UNCERTAINTY') );
#9694 = ( LENGTH_UNIT() NAMED_UNIT(*) SI_UNIT(.MILLI.,.METRE.) );
#9695 = ( NAMED_UNIT(*) PLANE_ANGLE_UNIT() SI_UNIT($,.RADIAN.) );
#9696 = ( NAMED_UNIT(*) SI_UNIT($,.STERADIAN.) SOLID_ANGLE_UNIT() );
#9697 = UNCERTAINTY_MEASURE_WITH_UNIT(LENGTH_MEASURE(1.E-07),#9694,
  'distance_accuracy_value','confusion accuracy');
#9698 = CONTEXT_DEPENDENT_SHAPE_REPRESENTATION(#9699,#9701);
#9699 = ( REPRESENTATION_RELATIONSHIP('','',#9326,#10) 
REPRESENTATION_RELATIONSHIP_WITH_TRANSFORMATION(#9700) 
SHAPE_REPRESENTATION_RELATIONSHIP() );
#9700 = ITEM_DEFINED_TRANSFORMATION('','',#11,#31);
#9701 = PRODUCT_DEFINITION_SHAPE('Placement','Placement of an item',
  #9702);
#9702 = NEXT_ASSEMBLY_USAGE_OCCURRENCE('52','','',#5,#9321,$);
#9703 = PRODUCT_RELATED_PRODUCT_CATEGORY('part',$,(#9323));
#9704 = SHAPE_DEFINITION_REPRESENTATION(#9705,#9711);
#9705 = PRODUCT_DEFINITION_SHAPE('','',#9706);
#9706 = PRODUCT_DEFINITION('design','',#9707,#9710);
#9707 = PRODUCT_DEFINITION_FORMATION('','',#9708);
#9708 = PRODUCT('Open CASCADE STEP translator 7.9 19.6',
  'Open CASCADE STEP translator 7.9 19.6','',(#9709));
#9709 = PRODUCT_CONTEXT('',#2,'mechanical');
#9710 = PRODUCT_DEFINITION_CONTEXT('part definition',#2,'design');
#9711 = ADVANCED_BREP_SHAPE_REPRESENTATION('',(#11,#9712),#10078);
#9712 = MANIFOLD_SOLID_BREP('',#9713);
#9713 = CLOSED_SHELL('',(#9714,#9802,#9907,#9997,#10024,#10051));
#9714 = ADVANCED_FACE('',(#9715),#9729,.T.);
#9715 = FACE_BOUND('',#9716,.F.);
#9716 = EDGE_LOOP('',(#9717,#9747,#9774,#9775));
#9717 = ORIENTED_EDGE('',*,*,#9718,.T.);
#9718 = EDGE_CURVE('',#9719,#9721,#9723,.T.);
#9719 = VERTEX_POINT('',#9720);
#9720 = CARTESIAN_POINT('',(122.33144898489,0.,18.321621597075));
#9721 = VERTEX_POINT('',#9722);
#9722 = CARTESIAN_POINT('',(129.4595011784,0.,21.953545594991));
#9723 = SEAM_CURVE('',#9724,(#9728,#9740),.PCURVE_S1.);
#9724 = LINE('',#9725,#9726);
#9725 = CARTESIAN_POINT('',(122.33144898489,0.,18.321621597075));
#9726 = VECTOR('',#9727,1.);
#9727 = DIRECTION('',(0.891006524188,0.,0.45399049974));
#9728 = PCURVE('',#9729,#9734);
#9729 = CYLINDRICAL_SURFACE('',#9730,58.);
#9730 = AXIS2_PLACEMENT_3D('',#9731,#9732,#9733);
#9731 = CARTESIAN_POINT('',(96.,0.,70.));
#9732 = DIRECTION('',(-0.891006524188,-0.,-0.45399049974));
#9733 = DIRECTION('',(0.45399049974,0.,-0.891006524188));
#9734 = DEFINITIONAL_REPRESENTATION('',(#9735),#9739);
#9735 = LINE('',#9736,#9737);
#9736 = CARTESIAN_POINT('',(-0.,0.));
#9737 = VECTOR('',#9738,1.);
#9738 = DIRECTION('',(-0.,-1.));
#9739 = ( GEOMETRIC_REPRESENTATION_CONTEXT(2) 
PARAMETRIC_REPRESENTATION_CONTEXT() REPRESENTATION_CONTEXT('2D SPACE',''
  ) );
#9740 = PCURVE('',#9729,#9741);
#9741 = DEFINITIONAL_REPRESENTATION('',(#9742),#9746);
#9742 = LINE('',#9743,#9744);
#9743 = CARTESIAN_POINT('',(-6.28318530718,0.));
#9744 = VECTOR('',#9745,1.);
#9745 = DIRECTION('',(-0.,-1.));
#9746 = ( GEOMETRIC_REPRESENTATION_CONTEXT(2) 
PARAMETRIC_REPRESENTATION_CONTEXT() REPRESENTATION_CONTEXT('2D SPACE',''
  ) );
#9747 = ORIENTED_EDGE('',*,*,#9748,.T.);
#9748 = EDGE_CURVE('',#9721,#9721,#9749,.T.);
#9749 = SURFACE_CURVE('',#9750,(#9755,#9762),.PCURVE_S1.);
#9750 = CIRCLE('',#9751,58.);
#9751 = AXIS2_PLACEMENT_3D('',#9752,#9753,#9754);
#9752 = CARTESIAN_POINT('',(103.1280521935,0.,73.631923997916));
#9753 = DIRECTION('',(0.891006524188,-0.,0.45399049974));
#9754 = DIRECTION('',(0.45399049974,0.,-0.891006524188));
#9755 = PCURVE('',#9729,#9756);
#9756 = DEFINITIONAL_REPRESENTATION('',(#9757),#9761);
#9757 = LINE('',#9758,#9759);
#9758 = CARTESIAN_POINT('',(-0.,-8.));
#9759 = VECTOR('',#9760,1.);
#9760 = DIRECTION('',(-1.,0.));
#9761 = ( GEOMETRIC_REPRESENTATION_CONTEXT(2) 
PARAMETRIC_REPRESENTATION_CONTEXT() REPRESENTATION_CONTEXT('2D SPACE',''
  ) );
#9762 = PCURVE('',#9763,#9768);
#9763 = PLANE('',#9764);
#9764 = AXIS2_PLACEMENT_3D('',#9765,#9766,#9767);
#9765 = CARTESIAN_POINT('',(103.1280521935,3.667947348029E-15,
    73.631923997916));
#9766 = DIRECTION('',(0.891006524188,0.,0.45399049974));
#9767 = DIRECTION('',(0.45399049974,0.,-0.891006524188));
#9768 = DEFINITIONAL_REPRESENTATION('',(#9769),#9773);
#9769 = CIRCLE('',#9770,58.);
#9770 = AXIS2_PLACEMENT_2D('',#9771,#9772);
#9771 = CARTESIAN_POINT('',(0.,-3.667947348029E-15));
#9772 = DIRECTION('',(1.,0.));
#9773 = ( GEOMETRIC_REPRESENTATION_CONTEXT(2) 
PARAMETRIC_REPRESENTATION_CONTEXT() REPRESENTATION_CONTEXT('2D SPACE',''
  ) );
#9774 = ORIENTED_EDGE('',*,*,#9718,.F.);
#9775 = ORIENTED_EDGE('',*,*,#9776,.F.);
#9776 = EDGE_CURVE('',#9719,#9719,#9777,.T.);
#9777 = SURFACE_CURVE('',#9778,(#9783,#9790),.PCURVE_S1.);
#9778 = CIRCLE('',#9779,58.);
#9779 = AXIS2_PLACEMENT_3D('',#9780,#9781,#9782);
#9780 = CARTESIAN_POINT('',(96.,0.,70.));
#9781 = DIRECTION('',(0.891006524188,-0.,0.45399049974));
#9782 = DIRECTION('',(0.45399049974,0.,-0.891006524188));
#9783 = PCURVE('',#9729,#9784);
#9784 = DEFINITIONAL_REPRESENTATION('',(#9785),#9789);
#9785 = LINE('',#9786,#9787);
#9786 = CARTESIAN_POINT('',(-0.,0.));
#9787 = VECTOR('',#9788,1.);
#9788 = DIRECTION('',(-1.,0.));
#9789 = ( GEOMETRIC_REPRESENTATION_CONTEXT(2) 
PARAMETRIC_REPRESENTATION_CONTEXT() REPRESENTATION_CONTEXT('2D SPACE',''
  ) );
#9790 = PCURVE('',#9791,#9796);
#9791 = PLANE('',#9792);
#9792 = AXIS2_PLACEMENT_3D('',#9793,#9794,#9795);
#9793 = CARTESIAN_POINT('',(96.,3.667947348029E-15,70.));
#9794 = DIRECTION('',(0.891006524188,0.,0.45399049974));
#9795 = DIRECTION('',(0.45399049974,0.,-0.891006524188));
#9796 = DEFINITIONAL_REPRESENTATION('',(#9797),#9801);
#9797 = CIRCLE('',#9798,58.);
#9798 = AXIS2_PLACEMENT_2D('',#9799,#9800);
#9799 = CARTESIAN_POINT('',(0.,-3.667947348029E-15));
#9800 = DIRECTION('',(1.,0.));
#9801 = ( GEOMETRIC_REPRESENTATION_CONTEXT(2) 
PARAMETRIC_REPRESENTATION_CONTEXT() REPRESENTATION_CONTEXT('2D SPACE',''
  ) );
#9802 = ADVANCED_FACE('',(#9803,#9806,#9841,#9876),#9791,.F.);
#9803 = FACE_BOUND('',#9804,.F.);
#9804 = EDGE_LOOP('',(#9805));
#9805 = ORIENTED_EDGE('',*,*,#9776,.T.);
#9806 = FACE_BOUND('',#9807,.F.);
#9807 = EDGE_LOOP('',(#9808));
#9808 = ORIENTED_EDGE('',*,*,#9809,.T.);
#9809 = EDGE_CURVE('',#9810,#9810,#9812,.T.);
#9810 = VERTEX_POINT('',#9811);
#9811 = CARTESIAN_POINT('',(97.021478624414,-50.,67.995235320576));
#9812 = SURFACE_CURVE('',#9813,(#9818,#9829),.PCURVE_S1.);
#9813 = CIRCLE('',#9814,2.25);
#9814 = AXIS2_PLACEMENT_3D('',#9815,#9816,#9817);
#9815 = CARTESIAN_POINT('',(96.,-50.,70.));
#9816 = DIRECTION('',(-0.891006524188,-0.,-0.45399049974));
#9817 = DIRECTION('',(0.45399049974,0.,-0.891006524188));
#9818 = PCURVE('',#9791,#9819);
#9819 = DEFINITIONAL_REPRESENTATION('',(#9820),#9828);
#9820 = ( BOUNDED_CURVE() B_SPLINE_CURVE(2,(#9821,#9822,#9823,#9824,
#9825,#9826,#9827),.UNSPECIFIED.,.T.,.F.) B_SPLINE_CURVE_WITH_KNOTS((1,2
    ,2,2,2,1),(-2.094395102393,0.,2.094395102393,4.188790204786,
6.28318530718,8.377580409573),.UNSPECIFIED.) CURVE() 
GEOMETRIC_REPRESENTATION_ITEM() RATIONAL_B_SPLINE_CURVE((1.,0.5,1.,0.5,
1.,0.5,1.)) REPRESENTATION_ITEM('') );
#9821 = CARTESIAN_POINT('',(2.25,-50.));
#9822 = CARTESIAN_POINT('',(2.25,-53.89711431703));
#9823 = CARTESIAN_POINT('',(-1.125,-51.94855715851));
#9824 = CARTESIAN_POINT('',(-4.5,-50.));
#9825 = CARTESIAN_POINT('',(-1.125,-48.05144284148));
#9826 = CARTESIAN_POINT('',(2.25,-46.10288568297));
#9827 = CARTESIAN_POINT('',(2.25,-50.));
#9828 = ( GEOMETRIC_REPRESENTATION_CONTEXT(2) 
PARAMETRIC_REPRESENTATION_CONTEXT() REPRESENTATION_CONTEXT('2D SPACE',''
  ) );
#9829 = PCURVE('',#9830,#9835);
#9830 = CYLINDRICAL_SURFACE('',#9831,2.25);
#9831 = AXIS2_PLACEMENT_3D('',#9832,#9833,#9834);
#9832 = CARTESIAN_POINT('',(95.108993475812,-50.,69.54600950026));
#9833 = DIRECTION('',(-0.891006524188,-0.,-0.45399049974));
#9834 = DIRECTION('',(0.45399049974,0.,-0.891006524188));
#9835 = DEFINITIONAL_REPRESENTATION('',(#9836),#9840);
#9836 = LINE('',#9837,#9838);
#9837 = CARTESIAN_POINT('',(-6.28318530718,-1.));
#9838 = VECTOR('',#9839,1.);
#9839 = DIRECTION('',(1.,-0.));
#9840 = ( GEOMETRIC_REPRESENTATION_CONTEXT(2) 
PARAMETRIC_REPRESENTATION_CONTEXT() REPRESENTATION_CONTEXT('2D SPACE',''
  ) );
#9841 = FACE_BOUND('',#9842,.F.);
#9842 = EDGE_LOOP('',(#9843));
#9843 = ORIENTED_EDGE('',*,*,#9844,.T.);
#9844 = EDGE_CURVE('',#9845,#9845,#9847,.T.);
#9845 = VERTEX_POINT('',#9846);
#9846 = CARTESIAN_POINT('',(97.021478624414,50.,67.995235320576));
#9847 = SURFACE_CURVE('',#9848,(#9853,#9864),.PCURVE_S1.);
#9848 = CIRCLE('',#9849,2.25);
#9849 = AXIS2_PLACEMENT_3D('',#9850,#9851,#9852);
#9850 = CARTESIAN_POINT('',(96.,50.,70.));
#9851 = DIRECTION('',(-0.891006524188,-0.,-0.45399049974));
#9852 = DIRECTION('',(0.45399049974,0.,-0.891006524188));
#9853 = PCURVE('',#9791,#9854);
#9854 = DEFINITIONAL_REPRESENTATION('',(#9855),#9863);
#9855 = ( BOUNDED_CURVE() B_SPLINE_CURVE(2,(#9856,#9857,#9858,#9859,
#9860,#9861,#9862),.UNSPECIFIED.,.T.,.F.) B_SPLINE_CURVE_WITH_KNOTS((1,2
    ,2,2,2,1),(-2.094395102393,0.,2.094395102393,4.188790204786,
6.28318530718,8.377580409573),.UNSPECIFIED.) CURVE() 
GEOMETRIC_REPRESENTATION_ITEM() RATIONAL_B_SPLINE_CURVE((1.,0.5,1.,0.5,
1.,0.5,1.)) REPRESENTATION_ITEM('') );
#9856 = CARTESIAN_POINT('',(2.25,50.));
#9857 = CARTESIAN_POINT('',(2.25,46.10288568297));
#9858 = CARTESIAN_POINT('',(-1.125,48.051442841485));
#9859 = CARTESIAN_POINT('',(-4.5,50.));
#9860 = CARTESIAN_POINT('',(-1.125,51.948557158515));
#9861 = CARTESIAN_POINT('',(2.25,53.89711431703));
#9862 = CARTESIAN_POINT('',(2.25,50.));
#9863 = ( GEOMETRIC_REPRESENTATION_CONTEXT(2) 
PARAMETRIC_REPRESENTATION_CONTEXT() REPRESENTATION_CONTEXT('2D SPACE',''
  ) );
#9864 = PCURVE('',#9865,#9870);
#9865 = CYLINDRICAL_SURFACE('',#9866,2.25);
#9866 = AXIS2_PLACEMENT_3D('',#9867,#9868,#9869);
#9867 = CARTESIAN_POINT('',(95.108993475812,50.,69.54600950026));
#9868 = DIRECTION('',(-0.891006524188,-0.,-0.45399049974));
#9869 = DIRECTION('',(0.45399049974,0.,-0.891006524188));
#9870 = DEFINITIONAL_REPRESENTATION('',(#9871),#9875);
#9871 = LINE('',#9872,#9873);
#9872 = CARTESIAN_POINT('',(-6.28318530718,-1.));
#9873 = VECTOR('',#9874,1.);
#9874 = DIRECTION('',(1.,-0.));
#9875 = ( GEOMETRIC_REPRESENTATION_CONTEXT(2) 
PARAMETRIC_REPRESENTATION_CONTEXT() REPRESENTATION_CONTEXT('2D SPACE',''
  ) );
#9876 = FACE_BOUND('',#9877,.F.);
#9877 = EDGE_LOOP('',(#9878));
#9878 = ORIENTED_EDGE('',*,*,#9879,.F.);
#9879 = EDGE_CURVE('',#9880,#9880,#9882,.T.);
#9880 = VERTEX_POINT('',#9881);
#9881 = CARTESIAN_POINT('',(115.06760098906,0.,32.577725984088));
#9882 = SURFACE_CURVE('',#9883,(#9888,#9895),.PCURVE_S1.);
#9883 = CIRCLE('',#9884,42.);
#9884 = AXIS2_PLACEMENT_3D('',#9885,#9886,#9887);
#9885 = CARTESIAN_POINT('',(96.,0.,70.));
#9886 = DIRECTION('',(0.891006524188,-0.,0.45399049974));
#9887 = DIRECTION('',(0.45399049974,0.,-0.891006524188));
#9888 = PCURVE('',#9791,#9889);
#9889 = DEFINITIONAL_REPRESENTATION('',(#9890),#9894);
#9890 = CIRCLE('',#9891,42.);
#9891 = AXIS2_PLACEMENT_2D('',#9892,#9893);
#9892 = CARTESIAN_POINT('',(2.733177298191E-13,-3.667947348029E-15));
#9893 = DIRECTION('',(1.,0.));
#9894 = ( GEOMETRIC_REPRESENTATION_CONTEXT(2) 
PARAMETRIC_REPRESENTATION_CONTEXT() REPRESENTATION_CONTEXT('2D SPACE',''
  ) );
#9895 = PCURVE('',#9896,#9901);
#9896 = CYLINDRICAL_SURFACE('',#9897,42.);
#9897 = AXIS2_PLACEMENT_3D('',#9898,#9899,#9900);
#9898 = CARTESIAN_POINT('',(96.,0.,70.));
#9899 = DIRECTION('',(-0.891006524188,-0.,-0.45399049974));
#9900 = DIRECTION('',(0.45399049974,0.,-0.891006524188));
#9901 = DEFINITIONAL_REPRESENTATION('',(#9902),#9906);
#9902 = LINE('',#9903,#9904);
#9903 = CARTESIAN_POINT('',(-0.,0.));
#9904 = VECTOR('',#9905,1.);
#9905 = DIRECTION('',(-1.,0.));
#9906 = ( GEOMETRIC_REPRESENTATION_CONTEXT(2) 
PARAMETRIC_REPRESENTATION_CONTEXT() REPRESENTATION_CONTEXT('2D SPACE',''
  ) );
#9907 = ADVANCED_FACE('',(#9908,#9911,#9941,#9971),#9763,.T.);
#9908 = FACE_BOUND('',#9909,.T.);
#9909 = EDGE_LOOP('',(#9910));
#9910 = ORIENTED_EDGE('',*,*,#9748,.T.);
#9911 = FACE_BOUND('',#9912,.T.);
#9912 = EDGE_LOOP('',(#9913));
#9913 = ORIENTED_EDGE('',*,*,#9914,.T.);
#9914 = EDGE_CURVE('',#9915,#9915,#9917,.T.);
#9915 = VERTEX_POINT('',#9916);
#9916 = CARTESIAN_POINT('',(104.14953081792,-50.,71.627159318493));
#9917 = SURFACE_CURVE('',#9918,(#9923,#9934),.PCURVE_S1.);
#9918 = CIRCLE('',#9919,2.25);
#9919 = AXIS2_PLACEMENT_3D('',#9920,#9921,#9922);
#9920 = CARTESIAN_POINT('',(103.1280521935,-50.,73.631923997916));
#9921 = DIRECTION('',(-0.891006524188,-0.,-0.45399049974));
#9922 = DIRECTION('',(0.45399049974,0.,-0.891006524188));
#9923 = PCURVE('',#9763,#9924);
#9924 = DEFINITIONAL_REPRESENTATION('',(#9925),#9933);
#9925 = ( BOUNDED_CURVE() B_SPLINE_CURVE(2,(#9926,#9927,#9928,#9929,
#9930,#9931,#9932),.UNSPECIFIED.,.T.,.F.) B_SPLINE_CURVE_WITH_KNOTS((1,2
    ,2,2,2,1),(-2.094395102393,0.,2.094395102393,4.188790204786,
6.28318530718,8.377580409573),.UNSPECIFIED.) CURVE() 
GEOMETRIC_REPRESENTATION_ITEM() RATIONAL_B_SPLINE_CURVE((1.,0.5,1.,0.5,
1.,0.5,1.)) REPRESENTATION_ITEM('') );
#9926 = CARTESIAN_POINT('',(2.25,-50.));
#9927 = CARTESIAN_POINT('',(2.25,-53.89711431703));
#9928 = CARTESIAN_POINT('',(-1.125,-51.94855715851));
#9929 = CARTESIAN_POINT('',(-4.5,-50.));
#9930 = CARTESIAN_POINT('',(-1.125,-48.05144284148));
#9931 = CARTESIAN_POINT('',(2.25,-46.10288568297));
#9932 = CARTESIAN_POINT('',(2.25,-50.));
#9933 = ( GEOMETRIC_REPRESENTATION_CONTEXT(2) 
PARAMETRIC_REPRESENTATION_CONTEXT() REPRESENTATION_CONTEXT('2D SPACE',''
  ) );
#9934 = PCURVE('',#9830,#9935);
#9935 = DEFINITIONAL_REPRESENTATION('',(#9936),#9940);
#9936 = LINE('',#9937,#9938);
#9937 = CARTESIAN_POINT('',(-6.28318530718,-9.));
#9938 = VECTOR('',#9939,1.);
#9939 = DIRECTION('',(1.,-0.));
#9940 = ( GEOMETRIC_REPRESENTATION_CONTEXT(2) 
PARAMETRIC_REPRESENTATION_CONTEXT() REPRESENTATION_CONTEXT('2D SPACE',''
  ) );
#9941 = FACE_BOUND('',#9942,.T.);
#9942 = EDGE_LOOP('',(#9943));
#9943 = ORIENTED_EDGE('',*,*,#9944,.T.);
#9944 = EDGE_CURVE('',#9945,#9945,#9947,.T.);
#9945 = VERTEX_POINT('',#9946);
#9946 = CARTESIAN_POINT('',(104.14953081792,50.,71.627159318493));
#9947 = SURFACE_CURVE('',#9948,(#9953,#9964),.PCURVE_S1.);
#9948 = CIRCLE('',#9949,2.25);
#9949 = AXIS2_PLACEMENT_3D('',#9950,#9951,#9952);
#9950 = CARTESIAN_POINT('',(103.1280521935,50.,73.631923997916));
#9951 = DIRECTION('',(-0.891006524188,-0.,-0.45399049974));
#9952 = DIRECTION('',(0.45399049974,0.,-0.891006524188));
#9953 = PCURVE('',#9763,#9954);
#9954 = DEFINITIONAL_REPRESENTATION('',(#9955),#9963);
#9955 = ( BOUNDED_CURVE() B_SPLINE_CURVE(2,(#9956,#9957,#9958,#9959,
#9960,#9961,#9962),.UNSPECIFIED.,.T.,.F.) B_SPLINE_CURVE_WITH_KNOTS((1,2
    ,2,2,2,1),(-2.094395102393,0.,2.094395102393,4.188790204786,
6.28318530718,8.377580409573),.UNSPECIFIED.) CURVE() 
GEOMETRIC_REPRESENTATION_ITEM() RATIONAL_B_SPLINE_CURVE((1.,0.5,1.,0.5,
1.,0.5,1.)) REPRESENTATION_ITEM('') );
#9956 = CARTESIAN_POINT('',(2.25,50.));
#9957 = CARTESIAN_POINT('',(2.25,46.10288568297));
#9958 = CARTESIAN_POINT('',(-1.125,48.051442841485));
#9959 = CARTESIAN_POINT('',(-4.5,50.));
#9960 = CARTESIAN_POINT('',(-1.125,51.948557158515));
#9961 = CARTESIAN_POINT('',(2.25,53.89711431703));
#9962 = CARTESIAN_POINT('',(2.25,50.));
#9963 = ( GEOMETRIC_REPRESENTATION_CONTEXT(2) 
PARAMETRIC_REPRESENTATION_CONTEXT() REPRESENTATION_CONTEXT('2D SPACE',''
  ) );
#9964 = PCURVE('',#9865,#9965);
#9965 = DEFINITIONAL_REPRESENTATION('',(#9966),#9970);
#9966 = LINE('',#9967,#9968);
#9967 = CARTESIAN_POINT('',(-6.28318530718,-9.));
#9968 = VECTOR('',#9969,1.);
#9969 = DIRECTION('',(1.,-0.));
#9970 = ( GEOMETRIC_REPRESENTATION_CONTEXT(2) 
PARAMETRIC_REPRESENTATION_CONTEXT() REPRESENTATION_CONTEXT('2D SPACE',''
  ) );
#9971 = FACE_BOUND('',#9972,.T.);
#9972 = EDGE_LOOP('',(#9973));
#9973 = ORIENTED_EDGE('',*,*,#9974,.F.);
#9974 = EDGE_CURVE('',#9975,#9975,#9977,.T.);
#9975 = VERTEX_POINT('',#9976);
#9976 = CARTESIAN_POINT('',(122.19565318256,0.,36.209649982005));
#9977 = SURFACE_CURVE('',#9978,(#9983,#9990),.PCURVE_S1.);
#9978 = CIRCLE('',#9979,42.);
#9979 = AXIS2_PLACEMENT_3D('',#9980,#9981,#9982);
#9980 = CARTESIAN_POINT('',(103.1280521935,0.,73.631923997916));
#9981 = DIRECTION('',(0.891006524188,-0.,0.45399049974));
#9982 = DIRECTION('',(0.45399049974,0.,-0.891006524188));
#9983 = PCURVE('',#9763,#9984);
#9984 = DEFINITIONAL_REPRESENTATION('',(#9985),#9989);
#9985 = CIRCLE('',#9986,42.);
#9986 = AXIS2_PLACEMENT_2D('',#9987,#9988);
#9987 = CARTESIAN_POINT('',(2.733177298191E-13,-3.667947348029E-15));
#9988 = DIRECTION('',(1.,0.));
#9989 = ( GEOMETRIC_REPRESENTATION_CONTEXT(2) 
PARAMETRIC_REPRESENTATION_CONTEXT() REPRESENTATION_CONTEXT('2D SPACE',''
  ) );
#9990 = PCURVE('',#9896,#9991);
#9991 = DEFINITIONAL_REPRESENTATION('',(#9992),#9996);
#9992 = LINE('',#9993,#9994);
#9993 = CARTESIAN_POINT('',(-0.,-8.));
#9994 = VECTOR('',#9995,1.);
#9995 = DIRECTION('',(-1.,0.));
#9996 = ( GEOMETRIC_REPRESENTATION_CONTEXT(2) 
PARAMETRIC_REPRESENTATION_CONTEXT() REPRESENTATION_CONTEXT('2D SPACE',''
  ) );
#9997 = ADVANCED_FACE('',(#9998),#9830,.F.);
#9998 = FACE_BOUND('',#9999,.T.);
#9999 = EDGE_LOOP('',(#10000,#10001,#10022,#10023));
#10000 = ORIENTED_EDGE('',*,*,#9809,.T.);
#10001 = ORIENTED_EDGE('',*,*,#10002,.T.);
#10002 = EDGE_CURVE('',#9810,#9915,#10003,.T.);
#10003 = SEAM_CURVE('',#10004,(#10008,#10015),.PCURVE_S1.);
#10004 = LINE('',#10005,#10006);
#10005 = CARTESIAN_POINT('',(96.130472100226,-50.,67.541244820837));
#10006 = VECTOR('',#10007,1.);
#10007 = DIRECTION('',(0.891006524188,0.,0.45399049974));
#10008 = PCURVE('',#9830,#10009);
#10009 = DEFINITIONAL_REPRESENTATION('',(#10010),#10014);
#10010 = LINE('',#10011,#10012);
#10011 = CARTESIAN_POINT('',(-6.28318530718,0.));
#10012 = VECTOR('',#10013,1.);
#10013 = DIRECTION('',(-0.,-1.));
#10014 = ( GEOMETRIC_REPRESENTATION_CONTEXT(2) 
PARAMETRIC_REPRESENTATION_CONTEXT() REPRESENTATION_CONTEXT('2D SPACE',''
  ) );
#10015 = PCURVE('',#9830,#10016);
#10016 = DEFINITIONAL_REPRESENTATION('',(#10017),#10021);
#10017 = LINE('',#10018,#10019);
#10018 = CARTESIAN_POINT('',(-0.,0.));
#10019 = VECTOR('',#10020,1.);
#10020 = DIRECTION('',(-0.,-1.));
#10021 = ( GEOMETRIC_REPRESENTATION_CONTEXT(2) 
PARAMETRIC_REPRESENTATION_CONTEXT() REPRESENTATION_CONTEXT('2D SPACE',''
  ) );
#10022 = ORIENTED_EDGE('',*,*,#9914,.F.);
#10023 = ORIENTED_EDGE('',*,*,#10002,.F.);
#10024 = ADVANCED_FACE('',(#10025),#9865,.F.);
#10025 = FACE_BOUND('',#10026,.T.);
#10026 = EDGE_LOOP('',(#10027,#10028,#10049,#10050));
#10027 = ORIENTED_EDGE('',*,*,#9844,.T.);
#10028 = ORIENTED_EDGE('',*,*,#10029,.T.);
#10029 = EDGE_CURVE('',#9845,#9945,#10030,.T.);
#10030 = SEAM_CURVE('',#10031,(#10035,#10042),.PCURVE_S1.);
#10031 = LINE('',#10032,#10033);
#10032 = CARTESIAN_POINT('',(96.130472100226,50.,67.541244820837));
#10033 = VECTOR('',#10034,1.);
#10034 = DIRECTION('',(0.891006524188,0.,0.45399049974));
#10035 = PCURVE('',#9865,#10036);
#10036 = DEFINITIONAL_REPRESENTATION('',(#10037),#10041);
#10037 = LINE('',#10038,#10039);
#10038 = CARTESIAN_POINT('',(-6.28318530718,0.));
#10039 = VECTOR('',#10040,1.);
#10040 = DIRECTION('',(-0.,-1.));
#10041 = ( GEOMETRIC_REPRESENTATION_CONTEXT(2) 
PARAMETRIC_REPRESENTATION_CONTEXT() REPRESENTATION_CONTEXT('2D SPACE',''
  ) );
#10042 = PCURVE('',#9865,#10043);
#10043 = DEFINITIONAL_REPRESENTATION('',(#10044),#10048);
#10044 = LINE('',#10045,#10046);
#10045 = CARTESIAN_POINT('',(-0.,0.));
#10046 = VECTOR('',#10047,1.);
#10047 = DIRECTION('',(-0.,-1.));
#10048 = ( GEOMETRIC_REPRESENTATION_CONTEXT(2) 
PARAMETRIC_REPRESENTATION_CONTEXT() REPRESENTATION_CONTEXT('2D SPACE',''
  ) );
#10049 = ORIENTED_EDGE('',*,*,#9944,.F.);
#10050 = ORIENTED_EDGE('',*,*,#10029,.F.);
#10051 = ADVANCED_FACE('',(#10052),#9896,.F.);
#10052 = FACE_BOUND('',#10053,.T.);
#10053 = EDGE_LOOP('',(#10054,#10075,#10076,#10077));
#10054 = ORIENTED_EDGE('',*,*,#10055,.T.);
#10055 = EDGE_CURVE('',#9880,#9975,#10056,.T.);
#10056 = SEAM_CURVE('',#10057,(#10061,#10068),.PCURVE_S1.);
#10057 = LINE('',#10058,#10059);
#10058 = CARTESIAN_POINT('',(115.06760098906,0.,32.577725984088));
#10059 = VECTOR('',#10060,1.);
#10060 = DIRECTION('',(0.891006524188,0.,0.45399049974));
#10061 = PCURVE('',#9896,#10062);
#10062 = DEFINITIONAL_REPRESENTATION('',(#10063),#10067);
#10063 = LINE('',#10064,#10065);
#10064 = CARTESIAN_POINT('',(-0.,0.));
#10065 = VECTOR('',#10066,1.);
#10066 = DIRECTION('',(-0.,-1.));
#10067 = ( GEOMETRIC_REPRESENTATION_CONTEXT(2) 
PARAMETRIC_REPRESENTATION_CONTEXT() REPRESENTATION_CONTEXT('2D SPACE',''
  ) );
#10068 = PCURVE('',#9896,#10069);
#10069 = DEFINITIONAL_REPRESENTATION('',(#10070),#10074);
#10070 = LINE('',#10071,#10072);
#10071 = CARTESIAN_POINT('',(-6.28318530718,0.));
#10072 = VECTOR('',#10073,1.);
#10073 = DIRECTION('',(-0.,-1.));
#10074 = ( GEOMETRIC_REPRESENTATION_CONTEXT(2) 
PARAMETRIC_REPRESENTATION_CONTEXT() REPRESENTATION_CONTEXT('2D SPACE',''
  ) );
#10075 = ORIENTED_EDGE('',*,*,#9974,.T.);
#10076 = ORIENTED_EDGE('',*,*,#10055,.F.);
#10077 = ORIENTED_EDGE('',*,*,#9879,.F.);
#10078 = ( GEOMETRIC_REPRESENTATION_CONTEXT(3) 
GLOBAL_UNCERTAINTY_ASSIGNED_CONTEXT((#10082)) 
GLOBAL_UNIT_ASSIGNED_CONTEXT((#10079,#10080,#10081)) 
REPRESENTATION_CONTEXT('Context #1',
  '3D Context with UNIT and UNCERTAINTY') );
#10079 = ( LENGTH_UNIT() NAMED_UNIT(*) SI_UNIT(.MILLI.,.METRE.) );
#10080 = ( NAMED_UNIT(*) PLANE_ANGLE_UNIT() SI_UNIT($,.RADIAN.) );
#10081 = ( NAMED_UNIT(*) SI_UNIT($,.STERADIAN.) SOLID_ANGLE_UNIT() );
#10082 = UNCERTAINTY_MEASURE_WITH_UNIT(LENGTH_MEASURE(1.E-07),#10079,
  'distance_accuracy_value','confusion accuracy');
#10083 = CONTEXT_DEPENDENT_SHAPE_REPRESENTATION(#10084,#10086);
#10084 = ( REPRESENTATION_RELATIONSHIP('','',#9711,#10) 
REPRESENTATION_RELATIONSHIP_WITH_TRANSFORMATION(#10085) 
SHAPE_REPRESENTATION_RELATIONSHIP() );
#10085 = ITEM_DEFINED_TRANSFORMATION('','',#11,#35);
#10086 = PRODUCT_DEFINITION_SHAPE('Placement','Placement of an item',
  #10087);
#10087 = NEXT_ASSEMBLY_USAGE_OCCURRENCE('53','','',#5,#9706,$);
#10088 = PRODUCT_RELATED_PRODUCT_CATEGORY('part',$,(#9708));
#10089 = SHAPE_DEFINITION_REPRESENTATION(#10090,#10096);
#10090 = PRODUCT_DEFINITION_SHAPE('','',#10091);
#10091 = PRODUCT_DEFINITION('design','',#10092,#10095);
#10092 = PRODUCT_DEFINITION_FORMATION('','',#10093);
#10093 = PRODUCT('Open CASCADE STEP translator 7.9 19.7',
  'Open CASCADE STEP translator 7.9 19.7','',(#10094));
#10094 = PRODUCT_CONTEXT('',#2,'mechanical');
#10095 = PRODUCT_DEFINITION_CONTEXT('part definition',#2,'design');
#10096 = ADVANCED_BREP_SHAPE_REPRESENTATION('',(#11,#10097),#10369);
#10097 = MANIFOLD_SOLID_BREP('',#10098);
#10098 = CLOSED_SHELL('',(#10099,#10187,#10222,#10277,#10312,#10362));
#10099 = ADVANCED_FACE('',(#10100),#10114,.T.);
#10100 = FACE_BOUND('',#10101,.F.);
#10101 = EDGE_LOOP('',(#10102,#10132,#10159,#10160));
#10102 = ORIENTED_EDGE('',*,*,#10103,.T.);
#10103 = EDGE_CURVE('',#10104,#10106,#10108,.T.);
#10104 = VERTEX_POINT('',#10105);
#10105 = CARTESIAN_POINT('',(134.84060573919,0.,33.023229246183));
#10106 = VERTEX_POINT('',#10107);
#10107 = CARTESIAN_POINT('',(141.96865793269,0.,36.655153244099));
#10108 = SEAM_CURVE('',#10109,(#10113,#10125),.PCURVE_S1.);
#10109 = LINE('',#10110,#10111);
#10110 = CARTESIAN_POINT('',(134.84060573919,0.,33.023229246183));
#10111 = VECTOR('',#10112,1.);
#10112 = DIRECTION('',(0.891006524188,0.,0.45399049974));
#10113 = PCURVE('',#10114,#10119);
#10114 = CYLINDRICAL_SURFACE('',#10115,41.5);
#10115 = AXIS2_PLACEMENT_3D('',#10116,#10117,#10118);
#10116 = CARTESIAN_POINT('',(116.,0.,70.));
#10117 = DIRECTION('',(-0.891006524188,-0.,-0.45399049974));
#10118 = DIRECTION('',(0.45399049974,0.,-0.891006524188));
#10119 = DEFINITIONAL_REPRESENTATION('',(#10120),#10124);
#10120 = LINE('',#10121,#10122);
#10121 = CARTESIAN_POINT('',(-0.,0.));
#10122 = VECTOR('',#10123,1.);
#10123 = DIRECTION('',(-0.,-1.));
#10124 = ( GEOMETRIC_REPRESENTATION_CONTEXT(2) 
PARAMETRIC_REPRESENTATION_CONTEXT() REPRESENTATION_CONTEXT('2D SPACE',''
  ) );
#10125 = PCURVE('',#10114,#10126);
#10126 = DEFINITIONAL_REPRESENTATION('',(#10127),#10131);
#10127 = LINE('',#10128,#10129);
#10128 = CARTESIAN_POINT('',(-6.28318530718,0.));
#10129 = VECTOR('',#10130,1.);
#10130 = DIRECTION('',(-0.,-1.));
#10131 = ( GEOMETRIC_REPRESENTATION_CONTEXT(2) 
PARAMETRIC_REPRESENTATION_CONTEXT() REPRESENTATION_CONTEXT('2D SPACE',''
  ) );
#10132 = ORIENTED_EDGE('',*,*,#10133,.T.);
#10133 = EDGE_CURVE('',#10106,#10106,#10134,.T.);
#10134 = SURFACE_CURVE('',#10135,(#10140,#10147),.PCURVE_S1.);
#10135 = CIRCLE('',#10136,41.5);
#10136 = AXIS2_PLACEMENT_3D('',#10137,#10138,#10139);
#10137 = CARTESIAN_POINT('',(123.1280521935,0.,73.631923997916));
#10138 = DIRECTION('',(0.891006524188,-0.,0.45399049974));
#10139 = DIRECTION('',(0.45399049974,0.,-0.891006524188));
#10140 = PCURVE('',#10114,#10141);
#10141 = DEFINITIONAL_REPRESENTATION('',(#10142),#10146);
#10142 = LINE('',#10143,#10144);
#10143 = CARTESIAN_POINT('',(-0.,-8.));
#10144 = VECTOR('',#10145,1.);
#10145 = DIRECTION('',(-1.,0.));
#10146 = ( GEOMETRIC_REPRESENTATION_CONTEXT(2) 
PARAMETRIC_REPRESENTATION_CONTEXT() REPRESENTATION_CONTEXT('2D SPACE',''
  ) );
#10147 = PCURVE('',#10148,#10153);
#10148 = PLANE('',#10149);
#10149 = AXIS2_PLACEMENT_3D('',#10150,#10151,#10152);
#10150 = CARTESIAN_POINT('',(123.1280521935,-1.361813685832E-16,
    73.631923997916));
#10151 = DIRECTION('',(0.891006524188,0.,0.45399049974));
#10152 = DIRECTION('',(0.45399049974,0.,-0.891006524188));
#10153 = DEFINITIONAL_REPRESENTATION('',(#10154),#10158);
#10154 = CIRCLE('',#10155,41.5);
#10155 = AXIS2_PLACEMENT_2D('',#10156,#10157);
#10156 = CARTESIAN_POINT('',(0.,1.361813685832E-16));
#10157 = DIRECTION('',(1.,0.));
#10158 = ( GEOMETRIC_REPRESENTATION_CONTEXT(2) 
PARAMETRIC_REPRESENTATION_CONTEXT() REPRESENTATION_CONTEXT('2D SPACE',''
  ) );
#10159 = ORIENTED_EDGE('',*,*,#10103,.F.);
#10160 = ORIENTED_EDGE('',*,*,#10161,.F.);
#10161 = EDGE_CURVE('',#10104,#10104,#10162,.T.);
#10162 = SURFACE_CURVE('',#10163,(#10168,#10175),.PCURVE_S1.);
#10163 = CIRCLE('',#10164,41.5);
#10164 = AXIS2_PLACEMENT_3D('',#10165,#10166,#10167);
#10165 = CARTESIAN_POINT('',(116.,0.,70.));
#10166 = DIRECTION('',(0.891006524188,-0.,0.45399049974));
#10167 = DIRECTION('',(0.45399049974,0.,-0.891006524188));
#10168 = PCURVE('',#10114,#10169);
#10169 = DEFINITIONAL_REPRESENTATION('',(#10170),#10174);
#10170 = LINE('',#10171,#10172);
#10171 = CARTESIAN_POINT('',(-0.,0.));
#10172 = VECTOR('',#10173,1.);
#10173 = DIRECTION('',(-1.,0.));
#10174 = ( GEOMETRIC_REPRESENTATION_CONTEXT(2) 
PARAMETRIC_REPRESENTATION_CONTEXT() REPRESENTATION_CONTEXT('2D SPACE',''
  ) );
#10175 = PCURVE('',#10176,#10181);
#10176 = PLANE('',#10177);
#10177 = AXIS2_PLACEMENT_3D('',#10178,#10179,#10180);
#10178 = CARTESIAN_POINT('',(116.,4.147285981078E-16,70.));
#10179 = DIRECTION('',(0.891006524188,0.,0.45399049974));
#10180 = DIRECTION('',(0.45399049974,0.,-0.891006524188));
#10181 = DEFINITIONAL_REPRESENTATION('',(#10182),#10186);
#10182 = CIRCLE('',#10183,41.5);
#10183 = AXIS2_PLACEMENT_2D('',#10184,#10185);
#10184 = CARTESIAN_POINT('',(0.,-4.147285981078E-16));
#10185 = DIRECTION('',(1.,0.));
#10186 = ( GEOMETRIC_REPRESENTATION_CONTEXT(2) 
PARAMETRIC_REPRESENTATION_CONTEXT() REPRESENTATION_CONTEXT('2D SPACE',''
  ) );
#10187 = ADVANCED_FACE('',(#10188,#10219),#10148,.F.);
#10188 = FACE_BOUND('',#10189,.F.);
#10189 = EDGE_LOOP('',(#10190));
#10190 = ORIENTED_EDGE('',*,*,#10191,.T.);
#10191 = EDGE_CURVE('',#10192,#10192,#10194,.T.);
#10192 = VERTEX_POINT('',#10193);
#10193 = CARTESIAN_POINT('',(144.919596181,0.,30.863610836875));
#10194 = SURFACE_CURVE('',#10195,(#10200,#10207),.PCURVE_S1.);
#10195 = CIRCLE('',#10196,48.);
#10196 = AXIS2_PLACEMENT_3D('',#10197,#10198,#10199);
#10197 = CARTESIAN_POINT('',(123.1280521935,0.,73.631923997916));
#10198 = DIRECTION('',(0.891006524188,-0.,0.45399049974));
#10199 = DIRECTION('',(0.45399049974,0.,-0.891006524188));
#10200 = PCURVE('',#10148,#10201);
#10201 = DEFINITIONAL_REPRESENTATION('',(#10202),#10206);
#10202 = CIRCLE('',#10203,48.);
#10203 = AXIS2_PLACEMENT_2D('',#10204,#10205);
#10204 = CARTESIAN_POINT('',(0.,1.361813685832E-16));
#10205 = DIRECTION('',(1.,0.));
#10206 = ( GEOMETRIC_REPRESENTATION_CONTEXT(2) 
PARAMETRIC_REPRESENTATION_CONTEXT() REPRESENTATION_CONTEXT('2D SPACE',''
  ) );
#10207 = PCURVE('',#10208,#10213);
#10208 = CYLINDRICAL_SURFACE('',#10209,48.);
#10209 = AXIS2_PLACEMENT_3D('',#10210,#10211,#10212);
#10210 = CARTESIAN_POINT('',(123.1280521935,0.,73.631923997916));
#10211 = DIRECTION('',(-0.891006524188,-0.,-0.45399049974));
#10212 = DIRECTION('',(0.45399049974,0.,-0.891006524188));
#10213 = DEFINITIONAL_REPRESENTATION('',(#10214),#10218);
#10214 = LINE('',#10215,#10216);
#10215 = CARTESIAN_POINT('',(-0.,0.));
#10216 = VECTOR('',#10217,1.);
#10217 = DIRECTION('',(-1.,0.));
#10218 = ( GEOMETRIC_REPRESENTATION_CONTEXT(2) 
PARAMETRIC_REPRESENTATION_CONTEXT() REPRESENTATION_CONTEXT('2D SPACE',''
  ) );
#10219 = FACE_BOUND('',#10220,.F.);
#10220 = EDGE_LOOP('',(#10221));
#10221 = ORIENTED_EDGE('',*,*,#10133,.F.);
#10222 = ADVANCED_FACE('',(#10223),#10208,.T.);
#10223 = FACE_BOUND('',#10224,.F.);
#10224 = EDGE_LOOP('',(#10225,#10248,#10275,#10276));
#10225 = ORIENTED_EDGE('',*,*,#10226,.T.);
#10226 = EDGE_CURVE('',#10192,#10227,#10229,.T.);
#10227 = VERTEX_POINT('',#10228);
#10228 = CARTESIAN_POINT('',(148.48362227775,0.,32.679572835833));
#10229 = SEAM_CURVE('',#10230,(#10234,#10241),.PCURVE_S1.);
#10230 = LINE('',#10231,#10232);
#10231 = CARTESIAN_POINT('',(144.919596181,0.,30.863610836875));
#10232 = VECTOR('',#10233,1.);
#10233 = DIRECTION('',(0.891006524188,0.,0.45399049974));
#10234 = PCURVE('',#10208,#10235);
#10235 = DEFINITIONAL_REPRESENTATION('',(#10236),#10240);
#10236 = LINE('',#10237,#10238);
#10237 = CARTESIAN_POINT('',(-0.,0.));
#10238 = VECTOR('',#10239,1.);
#10239 = DIRECTION('',(-0.,-1.));
#10240 = ( GEOMETRIC_REPRESENTATION_CONTEXT(2) 
PARAMETRIC_REPRESENTATION_CONTEXT() REPRESENTATION_CONTEXT('2D SPACE',''
  ) );
#10241 = PCURVE('',#10208,#10242);
#10242 = DEFINITIONAL_REPRESENTATION('',(#10243),#10247);
#10243 = LINE('',#10244,#10245);
#10244 = CARTESIAN_POINT('',(-6.28318530718,0.));
#10245 = VECTOR('',#10246,1.);
#10246 = DIRECTION('',(-0.,-1.));
#10247 = ( GEOMETRIC_REPRESENTATION_CONTEXT(2) 
PARAMETRIC_REPRESENTATION_CONTEXT() REPRESENTATION_CONTEXT('2D SPACE',''
  ) );
#10248 = ORIENTED_EDGE('',*,*,#10249,.T.);
#10249 = EDGE_CURVE('',#10227,#10227,#10250,.T.);
#10250 = SURFACE_CURVE('',#10251,(#10256,#10263),.PCURVE_S1.);
#10251 = CIRCLE('',#10252,48.);
#10252 = AXIS2_PLACEMENT_3D('',#10253,#10254,#10255);
#10253 = CARTESIAN_POINT('',(126.69207829026,0.,75.447885996875));
#10254 = DIRECTION('',(0.891006524188,-0.,0.45399049974));
#10255 = DIRECTION('',(0.45399049974,0.,-0.891006524188));
#10256 = PCURVE('',#10208,#10257);
#10257 = DEFINITIONAL_REPRESENTATION('',(#10258),#10262);
#10258 = LINE('',#10259,#10260);
#10259 = CARTESIAN_POINT('',(-0.,-4.));
#10260 = VECTOR('',#10261,1.);
#10261 = DIRECTION('',(-1.,0.));
#10262 = ( GEOMETRIC_REPRESENTATION_CONTEXT(2) 
PARAMETRIC_REPRESENTATION_CONTEXT() REPRESENTATION_CONTEXT('2D SPACE',''
  ) );
#10263 = PCURVE('',#10264,#10269);
#10264 = PLANE('',#10265);
#10265 = AXIS2_PLACEMENT_3D('',#10266,#10267,#10268);
#10266 = CARTESIAN_POINT('',(126.69207829026,-1.361813685832E-16,
    75.447885996875));
#10267 = DIRECTION('',(0.891006524188,0.,0.45399049974));
#10268 = DIRECTION('',(0.45399049974,0.,-0.891006524188));
#10269 = DEFINITIONAL_REPRESENTATION('',(#10270),#10274);
#10270 = CIRCLE('',#10271,48.);
#10271 = AXIS2_PLACEMENT_2D('',#10272,#10273);
#10272 = CARTESIAN_POINT('',(0.,1.361813685832E-16));
#10273 = DIRECTION('',(1.,0.));
#10274 = ( GEOMETRIC_REPRESENTATION_CONTEXT(2) 
PARAMETRIC_REPRESENTATION_CONTEXT() REPRESENTATION_CONTEXT('2D SPACE',''
  ) );
#10275 = ORIENTED_EDGE('',*,*,#10226,.F.);
#10276 = ORIENTED_EDGE('',*,*,#10191,.F.);
#10277 = ADVANCED_FACE('',(#10278,#10281),#10264,.T.);
#10278 = FACE_BOUND('',#10279,.T.);
#10279 = EDGE_LOOP('',(#10280));
#10280 = ORIENTED_EDGE('',*,*,#10249,.T.);
#10281 = FACE_BOUND('',#10282,.T.);
#10282 = EDGE_LOOP('',(#10283));
#10283 = ORIENTED_EDGE('',*,*,#10284,.F.);
#10284 = EDGE_CURVE('',#10285,#10285,#10287,.T.);
#10285 = VERTEX_POINT('',#10286);
#10286 = CARTESIAN_POINT('',(143.26273153075,4.144832625267E-15,
    42.926147863999));
#10287 = SURFACE_CURVE('',#10288,(#10293,#10300),.PCURVE_S1.);
#10288 = CIRCLE('',#10289,36.5);
#10289 = AXIS2_PLACEMENT_3D('',#10290,#10291,#10292);
#10290 = CARTESIAN_POINT('',(126.69207829026,4.144832625267E-15,
    75.447885996874));
#10291 = DIRECTION('',(0.891006524188,-0.,0.45399049974));
#10292 = DIRECTION('',(0.45399049974,0.,-0.891006524188));
#10293 = PCURVE('',#10264,#10294);
#10294 = DEFINITIONAL_REPRESENTATION('',(#10295),#10299);
#10295 = CIRCLE('',#10296,36.5);
#10296 = AXIS2_PLACEMENT_2D('',#10297,#10298);
#10297 = CARTESIAN_POINT('',(2.224286509547E-13,4.28101399385E-15));
#10298 = DIRECTION('',(1.,0.));
#10299 = ( GEOMETRIC_REPRESENTATION_CONTEXT(2) 
PARAMETRIC_REPRESENTATION_CONTEXT() REPRESENTATION_CONTEXT('2D SPACE',''
  ) );
#10300 = PCURVE('',#10301,#10306);
#10301 = CYLINDRICAL_SURFACE('',#10302,36.5);
#10302 = AXIS2_PLACEMENT_3D('',#10303,#10304,#10305);
#10303 = CARTESIAN_POINT('',(116.,6.848604682025E-16,70.));
#10304 = DIRECTION('',(-0.891006524188,-0.,-0.45399049974));
#10305 = DIRECTION('',(0.45399049974,0.,-0.891006524188));
#10306 = DEFINITIONAL_REPRESENTATION('',(#10307),#10311);
#10307 = LINE('',#10308,#10309);
#10308 = CARTESIAN_POINT('',(-0.,-12.));
#10309 = VECTOR('',#10310,1.);
#10310 = DIRECTION('',(-1.,0.));
#10311 = ( GEOMETRIC_REPRESENTATION_CONTEXT(2) 
PARAMETRIC_REPRESENTATION_CONTEXT() REPRESENTATION_CONTEXT('2D SPACE',''
  ) );
#10312 = ADVANCED_FACE('',(#10313),#10301,.F.);
#10313 = FACE_BOUND('',#10314,.T.);
#10314 = EDGE_LOOP('',(#10315,#10339,#10360,#10361));
#10315 = ORIENTED_EDGE('',*,*,#10316,.F.);
#10316 = EDGE_CURVE('',#10317,#10317,#10319,.T.);
#10317 = VERTEX_POINT('',#10318);
#10318 = CARTESIAN_POINT('',(132.57065324049,6.848604682025E-16,
    37.478261867124));
#10319 = SURFACE_CURVE('',#10320,(#10325,#10332),.PCURVE_S1.);
#10320 = CIRCLE('',#10321,36.5);
#10321 = AXIS2_PLACEMENT_3D('',#10322,#10323,#10324);
#10322 = CARTESIAN_POINT('',(116.,6.848604682025E-16,70.));
#10323 = DIRECTION('',(0.891006524188,-0.,0.45399049974));
#10324 = DIRECTION('',(0.45399049974,0.,-0.891006524188));
#10325 = PCURVE('',#10301,#10326);
#10326 = DEFINITIONAL_REPRESENTATION('',(#10327),#10331);
#10327 = LINE('',#10328,#10329);
#10328 = CARTESIAN_POINT('',(-0.,0.));
#10329 = VECTOR('',#10330,1.);
#10330 = DIRECTION('',(-1.,0.));
#10331 = ( GEOMETRIC_REPRESENTATION_CONTEXT(2) 
PARAMETRIC_REPRESENTATION_CONTEXT() REPRESENTATION_CONTEXT('2D SPACE',''
  ) );
#10332 = PCURVE('',#10176,#10333);
#10333 = DEFINITIONAL_REPRESENTATION('',(#10334),#10338);
#10334 = CIRCLE('',#10335,36.5);
#10335 = AXIS2_PLACEMENT_2D('',#10336,#10337);
#10336 = CARTESIAN_POINT('',(1.906531293897E-13,2.701318700947E-16));
#10337 = DIRECTION('',(1.,0.));
#10338 = ( GEOMETRIC_REPRESENTATION_CONTEXT(2) 
PARAMETRIC_REPRESENTATION_CONTEXT() REPRESENTATION_CONTEXT('2D SPACE',''
  ) );
#10339 = ORIENTED_EDGE('',*,*,#10340,.T.);
#10340 = EDGE_CURVE('',#10317,#10285,#10341,.T.);
#10341 = SEAM_CURVE('',#10342,(#10346,#10353),.PCURVE_S1.);
#10342 = LINE('',#10343,#10344);
#10343 = CARTESIAN_POINT('',(132.57065324049,6.848604682025E-16,
    37.478261867124));
#10344 = VECTOR('',#10345,1.);
#10345 = DIRECTION('',(0.891006524188,2.883310130887E-16,0.45399049974)
  );
#10346 = PCURVE('',#10301,#10347);
#10347 = DEFINITIONAL_REPRESENTATION('',(#10348),#10352);
#10348 = LINE('',#10349,#10350);
#10349 = CARTESIAN_POINT('',(-0.,0.));
#10350 = VECTOR('',#10351,1.);
#10351 = DIRECTION('',(-0.,-1.));
#10352 = ( GEOMETRIC_REPRESENTATION_CONTEXT(2) 
PARAMETRIC_REPRESENTATION_CONTEXT() REPRESENTATION_CONTEXT('2D SPACE',''
  ) );
#10353 = PCURVE('',#10301,#10354);
#10354 = DEFINITIONAL_REPRESENTATION('',(#10355),#10359);
#10355 = LINE('',#10356,#10357);
#10356 = CARTESIAN_POINT('',(-6.28318530718,0.));
#10357 = VECTOR('',#10358,1.);
#10358 = DIRECTION('',(-0.,-1.));
#10359 = ( GEOMETRIC_REPRESENTATION_CONTEXT(2) 
PARAMETRIC_REPRESENTATION_CONTEXT() REPRESENTATION_CONTEXT('2D SPACE',''
  ) );
#10360 = ORIENTED_EDGE('',*,*,#10284,.T.);
#10361 = ORIENTED_EDGE('',*,*,#10340,.F.);
#10362 = ADVANCED_FACE('',(#10363,#10366),#10176,.F.);
#10363 = FACE_BOUND('',#10364,.F.);
#10364 = EDGE_LOOP('',(#10365));
#10365 = ORIENTED_EDGE('',*,*,#10161,.T.);
#10366 = FACE_BOUND('',#10367,.F.);
#10367 = EDGE_LOOP('',(#10368));
#10368 = ORIENTED_EDGE('',*,*,#10316,.F.);
#10369 = ( GEOMETRIC_REPRESENTATION_CONTEXT(3) 
GLOBAL_UNCERTAINTY_ASSIGNED_CONTEXT((#10373)) 
GLOBAL_UNIT_ASSIGNED_CONTEXT((#10370,#10371,#10372)) 
REPRESENTATION_CONTEXT('Context #1',
  '3D Context with UNIT and UNCERTAINTY') );
#10370 = ( LENGTH_UNIT() NAMED_UNIT(*) SI_UNIT(.MILLI.,.METRE.) );
#10371 = ( NAMED_UNIT(*) PLANE_ANGLE_UNIT() SI_UNIT($,.RADIAN.) );
#10372 = ( NAMED_UNIT(*) SI_UNIT($,.STERADIAN.) SOLID_ANGLE_UNIT() );
#10373 = UNCERTAINTY_MEASURE_WITH_UNIT(LENGTH_MEASURE(1.E-07),#10370,
  'distance_accuracy_value','confusion accuracy');
#10374 = CONTEXT_DEPENDENT_SHAPE_REPRESENTATION(#10375,#10377);
#10375 = ( REPRESENTATION_RELATIONSHIP('','',#10096,#10) 
REPRESENTATION_RELATIONSHIP_WITH_TRANSFORMATION(#10376) 
SHAPE_REPRESENTATION_RELATIONSHIP() );
#10376 = ITEM_DEFINED_TRANSFORMATION('','',#11,#39);
#10377 = PRODUCT_DEFINITION_SHAPE('Placement','Placement of an item',
  #10378);
#10378 = NEXT_ASSEMBLY_USAGE_OCCURRENCE('54','','',#5,#10091,$);
#10379 = PRODUCT_RELATED_PRODUCT_CATEGORY('part',$,(#10093));
#10380 = SHAPE_DEFINITION_REPRESENTATION(#10381,#10387);
#10381 = PRODUCT_DEFINITION_SHAPE('','',#10382);
#10382 = PRODUCT_DEFINITION('design','',#10383,#10386);
#10383 = PRODUCT_DEFINITION_FORMATION('','',#10384);
#10384 = PRODUCT('Open CASCADE STEP translator 7.9 19.8',
  'Open CASCADE STEP translator 7.9 19.8','',(#10385));
#10385 = PRODUCT_CONTEXT('',#2,'mechanical');
#10386 = PRODUCT_DEFINITION_CONTEXT('part definition',#2,'design');
#10387 = ADVANCED_BREP_SHAPE_REPRESENTATION('',(#11,#10388),#10573);
#10388 = MANIFOLD_SOLID_BREP('',#10389);
#10389 = CLOSED_SHELL('',(#10390,#10478,#10513,#10517,#10569));
#10390 = ADVANCED_FACE('',(#10391),#10405,.T.);
#10391 = FACE_BOUND('',#10392,.F.);
#10392 = EDGE_LOOP('',(#10393,#10423,#10450,#10451));
#10393 = ORIENTED_EDGE('',*,*,#10394,.T.);
#10394 = EDGE_CURVE('',#10395,#10397,#10399,.T.);
#10395 = VERTEX_POINT('',#10396);
#10396 = CARTESIAN_POINT('',(98.121689994157,-8.205133554287E-15,
    4.610630443057));
#10397 = VERTEX_POINT('',#10398);
#10398 = CARTESIAN_POINT('',(95.448670421591,-8.572527594031E-15,
    3.248658943838));
#10399 = SEAM_CURVE('',#10400,(#10404,#10416),.PCURVE_S1.);
#10400 = LINE('',#10401,#10402);
#10401 = CARTESIAN_POINT('',(98.121689994157,-8.205133554287E-15,
    4.610630443057));
#10402 = VECTOR('',#10403,1.);
#10403 = DIRECTION('',(-0.891006524188,-1.224646799147E-16,
    -0.45399049974));
#10404 = PCURVE('',#10405,#10410);
#10405 = CYLINDRICAL_SURFACE('',#10406,39.25);
#10406 = AXIS2_PLACEMENT_3D('',#10407,#10408,#10409);
#10407 = CARTESIAN_POINT('',(80.302562879379,-8.205133554287E-15,
    39.58263651745));
#10408 = DIRECTION('',(0.891006524188,1.224646799147E-16,0.45399049974)
  );
#10409 = DIRECTION('',(0.45399049974,0.,-0.891006524188));
#10410 = DEFINITIONAL_REPRESENTATION('',(#10411),#10415);
#10411 = LINE('',#10412,#10413);
#10412 = CARTESIAN_POINT('',(-0.,0.));
#10413 = VECTOR('',#10414,1.);
#10414 = DIRECTION('',(-0.,-1.));
#10415 = ( GEOMETRIC_REPRESENTATION_CONTEXT(2) 
PARAMETRIC_REPRESENTATION_CONTEXT() REPRESENTATION_CONTEXT('2D SPACE',''
  ) );
#10416 = PCURVE('',#10405,#10417);
#10417 = DEFINITIONAL_REPRESENTATION('',(#10418),#10422);
#10418 = LINE('',#10419,#10420);
#10419 = CARTESIAN_POINT('',(-6.28318530718,0.));
#10420 = VECTOR('',#10421,1.);
#10421 = DIRECTION('',(-0.,-1.));
#10422 = ( GEOMETRIC_REPRESENTATION_CONTEXT(2) 
PARAMETRIC_REPRESENTATION_CONTEXT() REPRESENTATION_CONTEXT('2D SPACE',''
  ) );
#10423 = ORIENTED_EDGE('',*,*,#10424,.T.);
#10424 = EDGE_CURVE('',#10397,#10397,#10425,.T.);
#10425 = SURFACE_CURVE('',#10426,(#10431,#10438),.PCURVE_S1.);
#10426 = CIRCLE('',#10427,39.25);
#10427 = AXIS2_PLACEMENT_3D('',#10428,#10429,#10430);
#10428 = CARTESIAN_POINT('',(77.629543306814,-8.572527594031E-15,
    38.220665018232));
#10429 = DIRECTION('',(-0.891006524188,-1.224646799147E-16,
    -0.45399049974));
#10430 = DIRECTION('',(0.45399049974,0.,-0.891006524188));
#10431 = PCURVE('',#10405,#10432);
#10432 = DEFINITIONAL_REPRESENTATION('',(#10433),#10437);
#10433 = LINE('',#10434,#10435);
#10434 = CARTESIAN_POINT('',(-0.,-3.));
#10435 = VECTOR('',#10436,1.);
#10436 = DIRECTION('',(-1.,0.));
#10437 = ( GEOMETRIC_REPRESENTATION_CONTEXT(2) 
PARAMETRIC_REPRESENTATION_CONTEXT() REPRESENTATION_CONTEXT('2D SPACE',''
  ) );
#10438 = PCURVE('',#10439,#10444);
#10439 = PLANE('',#10440);
#10440 = AXIS2_PLACEMENT_3D('',#10441,#10442,#10443);
#10441 = CARTESIAN_POINT('',(77.629543306814,-9.199992664065E-15,
    38.220665018232));
#10442 = DIRECTION('',(-0.891006524188,-1.224646799147E-16,
    -0.45399049974));
#10443 = DIRECTION('',(0.45399049974,0.,-0.891006524188));
#10444 = DEFINITIONAL_REPRESENTATION('',(#10445),#10449);
#10445 = CIRCLE('',#10446,39.25);
#10446 = AXIS2_PLACEMENT_2D('',#10447,#10448);
#10447 = CARTESIAN_POINT('',(0.,-6.274650700333E-16));
#10448 = DIRECTION('',(1.,6.162975822039E-33));
#10449 = ( GEOMETRIC_REPRESENTATION_CONTEXT(2) 
PARAMETRIC_REPRESENTATION_CONTEXT() REPRESENTATION_CONTEXT('2D SPACE',''
  ) );
#10450 = ORIENTED_EDGE('',*,*,#10394,.F.);
#10451 = ORIENTED_EDGE('',*,*,#10452,.F.);
#10452 = EDGE_CURVE('',#10395,#10395,#10453,.T.);
#10453 = SURFACE_CURVE('',#10454,(#10459,#10466),.PCURVE_S1.);
#10454 = CIRCLE('',#10455,39.25);
#10455 = AXIS2_PLACEMENT_3D('',#10456,#10457,#10458);
#10456 = CARTESIAN_POINT('',(80.302562879379,-8.205133554287E-15,
    39.58263651745));
#10457 = DIRECTION('',(-0.891006524188,-1.224646799147E-16,
    -0.45399049974));
#10458 = DIRECTION('',(0.45399049974,0.,-0.891006524188));
#10459 = PCURVE('',#10405,#10460);
#10460 = DEFINITIONAL_REPRESENTATION('',(#10461),#10465);
#10461 = LINE('',#10462,#10463);
#10462 = CARTESIAN_POINT('',(-0.,0.));
#10463 = VECTOR('',#10464,1.);
#10464 = DIRECTION('',(-1.,0.));
#10465 = ( GEOMETRIC_REPRESENTATION_CONTEXT(2) 
PARAMETRIC_REPRESENTATION_CONTEXT() REPRESENTATION_CONTEXT('2D SPACE',''
  ) );
#10466 = PCURVE('',#10467,#10472);
#10467 = PLANE('',#10468);
#10468 = AXIS2_PLACEMENT_3D('',#10469,#10470,#10471);
#10469 = CARTESIAN_POINT('',(80.302562879379,-8.832598624321E-15,
    39.58263651745));
#10470 = DIRECTION('',(-0.891006524188,-1.224646799147E-16,
    -0.45399049974));
#10471 = DIRECTION('',(0.45399049974,0.,-0.891006524188));
#10472 = DEFINITIONAL_REPRESENTATION('',(#10473),#10477);
#10473 = CIRCLE('',#10474,39.25);
#10474 = AXIS2_PLACEMENT_2D('',#10475,#10476);
#10475 = CARTESIAN_POINT('',(0.,-6.274650700333E-16));
#10476 = DIRECTION('',(1.,6.162975822039E-33));
#10477 = ( GEOMETRIC_REPRESENTATION_CONTEXT(2) 
PARAMETRIC_REPRESENTATION_CONTEXT() REPRESENTATION_CONTEXT('2D SPACE',''
  ) );
#10478 = ADVANCED_FACE('',(#10479,#10482),#10467,.F.);
#10479 = FACE_BOUND('',#10480,.F.);
#10480 = EDGE_LOOP('',(#10481));
#10481 = ORIENTED_EDGE('',*,*,#10452,.T.);
#10482 = FACE_BOUND('',#10483,.F.);
#10483 = EDGE_LOOP('',(#10484));
#10484 = ORIENTED_EDGE('',*,*,#10485,.F.);
#10485 = EDGE_CURVE('',#10486,#10486,#10488,.T.);
#10486 = VERTEX_POINT('',#10487);
#10487 = CARTESIAN_POINT('',(96.646220870003,-8.205133554287E-15,
    7.506401646669));
#10488 = SURFACE_CURVE('',#10489,(#10494,#10501),.PCURVE_S1.);
#10489 = CIRCLE('',#10490,36.);
#10490 = AXIS2_PLACEMENT_3D('',#10491,#10492,#10493);
#10491 = CARTESIAN_POINT('',(80.302562879379,-8.205133554287E-15,
    39.58263651745));
#10492 = DIRECTION('',(-0.891006524188,-1.224646799147E-16,
    -0.45399049974));
#10493 = DIRECTION('',(0.45399049974,0.,-0.891006524188));
#10494 = PCURVE('',#10467,#10495);
#10495 = DEFINITIONAL_REPRESENTATION('',(#10496),#10500);
#10496 = CIRCLE('',#10497,36.);
#10497 = AXIS2_PLACEMENT_2D('',#10498,#10499);
#10498 = CARTESIAN_POINT('',(0.,-6.274650700333E-16));
#10499 = DIRECTION('',(1.,6.162975822039E-33));
#10500 = ( GEOMETRIC_REPRESENTATION_CONTEXT(2) 
PARAMETRIC_REPRESENTATION_CONTEXT() REPRESENTATION_CONTEXT('2D SPACE',''
  ) );
#10501 = PCURVE('',#10502,#10507);
#10502 = CONICAL_SURFACE('',#10503,25.,0.16272737464);
#10503 = AXIS2_PLACEMENT_3D('',#10504,#10505,#10506);
#10504 = CARTESIAN_POINT('',(140.,0.,70.));
#10505 = DIRECTION('',(-0.891006524188,-1.224646799147E-16,
    -0.45399049974));
#10506 = DIRECTION('',(0.45399049974,0.,-0.891006524188));
#10507 = DEFINITIONAL_REPRESENTATION('',(#10508),#10512);
#10508 = LINE('',#10509,#10510);
#10509 = CARTESIAN_POINT('',(0.,67.));
#10510 = VECTOR('',#10511,1.);
#10511 = DIRECTION('',(1.,0.));
#10512 = ( GEOMETRIC_REPRESENTATION_CONTEXT(2) 
PARAMETRIC_REPRESENTATION_CONTEXT() REPRESENTATION_CONTEXT('2D SPACE',''
  ) );
#10513 = ADVANCED_FACE('',(#10514),#10439,.T.);
#10514 = FACE_BOUND('',#10515,.T.);
#10515 = EDGE_LOOP('',(#10516));
#10516 = ORIENTED_EDGE('',*,*,#10424,.T.);
#10517 = ADVANCED_FACE('',(#10518),#10502,.T.);
#10518 = FACE_BOUND('',#10519,.T.);
#10519 = EDGE_LOOP('',(#10520,#10549,#10567,#10568));
#10520 = ORIENTED_EDGE('',*,*,#10521,.T.);
#10521 = EDGE_CURVE('',#10522,#10522,#10524,.T.);
#10522 = VERTEX_POINT('',#10523);
#10523 = CARTESIAN_POINT('',(151.34976249348,0.,47.724836895291));
#10524 = SURFACE_CURVE('',#10525,(#10530,#10537),.PCURVE_S1.);
#10525 = CIRCLE('',#10526,25.);
#10526 = AXIS2_PLACEMENT_3D('',#10527,#10528,#10529);
#10527 = CARTESIAN_POINT('',(140.,0.,70.));
#10528 = DIRECTION('',(-0.891006524188,-1.224646799147E-16,
    -0.45399049974));
#10529 = DIRECTION('',(0.45399049974,0.,-0.891006524188));
#10530 = PCURVE('',#10502,#10531);
#10531 = DEFINITIONAL_REPRESENTATION('',(#10532),#10536);
#10532 = LINE('',#10533,#10534);
#10533 = CARTESIAN_POINT('',(0.,0.));
#10534 = VECTOR('',#10535,1.);
#10535 = DIRECTION('',(1.,0.));
#10536 = ( GEOMETRIC_REPRESENTATION_CONTEXT(2) 
PARAMETRIC_REPRESENTATION_CONTEXT() REPRESENTATION_CONTEXT('2D SPACE',''
  ) );
#10537 = PCURVE('',#10538,#10543);
#10538 = PLANE('',#10539);
#10539 = AXIS2_PLACEMENT_3D('',#10540,#10541,#10542);
#10540 = CARTESIAN_POINT('',(140.,0.,70.));
#10541 = DIRECTION('',(-0.891006524188,-1.224646799147E-16,
    -0.45399049974));
#10542 = DIRECTION('',(0.45399049974,0.,-0.891006524188));
#10543 = DEFINITIONAL_REPRESENTATION('',(#10544),#10548);
#10544 = CIRCLE('',#10545,25.);
#10545 = AXIS2_PLACEMENT_2D('',#10546,#10547);
#10546 = CARTESIAN_POINT('',(0.,0.));
#10547 = DIRECTION('',(1.,6.162975822039E-33));
#10548 = ( GEOMETRIC_REPRESENTATION_CONTEXT(2) 
PARAMETRIC_REPRESENTATION_CONTEXT() REPRESENTATION_CONTEXT('2D SPACE',''
  ) );
#10549 = ORIENTED_EDGE('',*,*,#10550,.T.);
#10550 = EDGE_CURVE('',#10522,#10486,#10551,.T.);
#10551 = SEAM_CURVE('',#10552,(#10555,#10561),.PCURVE_S1.);
#10552 = B_SPLINE_CURVE_WITH_KNOTS('',1,(#10553,#10554),.UNSPECIFIED.,
  .F.,.F.,(2,2),(0.,1.),.PIECEWISE_BEZIER_KNOTS.);
#10553 = CARTESIAN_POINT('',(151.34976249348,0.,47.724836895291));
#10554 = CARTESIAN_POINT('',(96.646220870003,-8.205133554287E-15,
    7.506401646669));
#10555 = PCURVE('',#10502,#10556);
#10556 = DEFINITIONAL_REPRESENTATION('',(#10557),#10560);
#10557 = B_SPLINE_CURVE_WITH_KNOTS('',1,(#10558,#10559),.UNSPECIFIED.,
  .F.,.F.,(2,2),(0.,1.),.PIECEWISE_BEZIER_KNOTS.);
#10558 = CARTESIAN_POINT('',(6.28318530718,0.));
#10559 = CARTESIAN_POINT('',(6.28318530718,67.));
#10560 = ( GEOMETRIC_REPRESENTATION_CONTEXT(2) 
PARAMETRIC_REPRESENTATION_CONTEXT() REPRESENTATION_CONTEXT('2D SPACE',''
  ) );
#10561 = PCURVE('',#10502,#10562);
#10562 = DEFINITIONAL_REPRESENTATION('',(#10563),#10566);
#10563 = B_SPLINE_CURVE_WITH_KNOTS('',1,(#10564,#10565),.UNSPECIFIED.,
  .F.,.F.,(2,2),(0.,1.),.PIECEWISE_BEZIER_KNOTS.);
#10564 = CARTESIAN_POINT('',(0.,0.));
#10565 = CARTESIAN_POINT('',(0.,67.));
#10566 = ( GEOMETRIC_REPRESENTATION_CONTEXT(2) 
PARAMETRIC_REPRESENTATION_CONTEXT() REPRESENTATION_CONTEXT('2D SPACE',''
  ) );
#10567 = ORIENTED_EDGE('',*,*,#10485,.F.);
#10568 = ORIENTED_EDGE('',*,*,#10550,.F.);
#10569 = ADVANCED_FACE('',(#10570),#10538,.F.);
#10570 = FACE_BOUND('',#10571,.F.);
#10571 = EDGE_LOOP('',(#10572));
#10572 = ORIENTED_EDGE('',*,*,#10521,.T.);
#10573 = ( GEOMETRIC_REPRESENTATION_CONTEXT(3) 
GLOBAL_UNCERTAINTY_ASSIGNED_CONTEXT((#10577)) 
GLOBAL_UNIT_ASSIGNED_CONTEXT((#10574,#10575,#10576)) 
REPRESENTATION_CONTEXT('Context #1',
  '3D Context with UNIT and UNCERTAINTY') );
#10574 = ( LENGTH_UNIT() NAMED_UNIT(*) SI_UNIT(.MILLI.,.METRE.) );
#10575 = ( NAMED_UNIT(*) PLANE_ANGLE_UNIT() SI_UNIT($,.RADIAN.) );
#10576 = ( NAMED_UNIT(*) SI_UNIT($,.STERADIAN.) SOLID_ANGLE_UNIT() );
#10577 = UNCERTAINTY_MEASURE_WITH_UNIT(LENGTH_MEASURE(1.E-07),#10574,
  'distance_accuracy_value','confusion accuracy');
#10578 = CONTEXT_DEPENDENT_SHAPE_REPRESENTATION(#10579,#10581);
#10579 = ( REPRESENTATION_RELATIONSHIP('','',#10387,#10) 
REPRESENTATION_RELATIONSHIP_WITH_TRANSFORMATION(#10580) 
SHAPE_REPRESENTATION_RELATIONSHIP() );
#10580 = ITEM_DEFINED_TRANSFORMATION('','',#11,#43);
#10581 = PRODUCT_DEFINITION_SHAPE('Placement','Placement of an item',
  #10582);
#10582 = NEXT_ASSEMBLY_USAGE_OCCURRENCE('55','','',#5,#10382,$);
#10583 = PRODUCT_RELATED_PRODUCT_CATEGORY('part',$,(#10384));
#10584 = SHAPE_DEFINITION_REPRESENTATION(#10585,#10591);
#10585 = PRODUCT_DEFINITION_SHAPE('','',#10586);
#10586 = PRODUCT_DEFINITION('design','',#10587,#10590);
#10587 = PRODUCT_DEFINITION_FORMATION('','',#10588);
#10588 = PRODUCT('Open CASCADE STEP translator 7.9 19.9',
  'Open CASCADE STEP translator 7.9 19.9','',(#10589));
#10589 = PRODUCT_CONTEXT('',#2,'mechanical');
#10590 = PRODUCT_DEFINITION_CONTEXT('part definition',#2,'design');
#10591 = ADVANCED_BREP_SHAPE_REPRESENTATION('',(#11,#10592),#10774);
#10592 = MANIFOLD_SOLID_BREP('',#10593);
#10593 = CLOSED_SHELL('',(#10594,#10682,#10760,#10767));
#10594 = ADVANCED_FACE('',(#10595),#10609,.T.);
#10595 = FACE_BOUND('',#10596,.F.);
#10596 = EDGE_LOOP('',(#10597,#10627,#10654,#10655));
#10597 = ORIENTED_EDGE('',*,*,#10598,.T.);
#10598 = EDGE_CURVE('',#10599,#10601,#10603,.T.);
#10599 = VERTEX_POINT('',#10600);
#10600 = CARTESIAN_POINT('',(54.613610489321,0.,33.468732508277));
#10601 = VERTEX_POINT('',#10602);
#10602 = CARTESIAN_POINT('',(58.177636586075,0.,35.284694507235));
#10603 = SEAM_CURVE('',#10604,(#10608,#10620),.PCURVE_S1.);
#10604 = LINE('',#10605,#10606);
#10605 = CARTESIAN_POINT('',(54.613610489321,0.,33.468732508277));
#10606 = VECTOR('',#10607,1.);
#10607 = DIRECTION('',(0.891006524188,0.,0.45399049974));
#10608 = PCURVE('',#10609,#10614);
#10609 = CYLINDRICAL_SURFACE('',#10610,41.);
#10610 = AXIS2_PLACEMENT_3D('',#10611,#10612,#10613);
#10611 = CARTESIAN_POINT('',(36.,0.,70.));
#10612 = DIRECTION('',(-0.891006524188,-0.,-0.45399049974));
#10613 = DIRECTION('',(0.45399049974,0.,-0.891006524188));
#10614 = DEFINITIONAL_REPRESENTATION('',(#10615),#10619);
#10615 = LINE('',#10616,#10617);
#10616 = CARTESIAN_POINT('',(-0.,0.));
#10617 = VECTOR('',#10618,1.);
#10618 = DIRECTION('',(-0.,-1.));
#10619 = ( GEOMETRIC_REPRESENTATION_CONTEXT(2) 
PARAMETRIC_REPRESENTATION_CONTEXT() REPRESENTATION_CONTEXT('2D SPACE',''
  ) );
#10620 = PCURVE('',#10609,#10621);
#10621 = DEFINITIONAL_REPRESENTATION('',(#10622),#10626);
#10622 = LINE('',#10623,#10624);
#10623 = CARTESIAN_POINT('',(-6.28318530718,0.));
#10624 = VECTOR('',#10625,1.);
#10625 = DIRECTION('',(-0.,-1.));
#10626 = ( GEOMETRIC_REPRESENTATION_CONTEXT(2) 
PARAMETRIC_REPRESENTATION_CONTEXT() REPRESENTATION_CONTEXT('2D SPACE',''
  ) );
#10627 = ORIENTED_EDGE('',*,*,#10628,.T.);
#10628 = EDGE_CURVE('',#10601,#10601,#10629,.T.);
#10629 = SURFACE_CURVE('',#10630,(#10635,#10642),.PCURVE_S1.);
#10630 = CIRCLE('',#10631,41.);
#10631 = AXIS2_PLACEMENT_3D('',#10632,#10633,#10634);
#10632 = CARTESIAN_POINT('',(39.564026096753,0.,71.815961998958));
#10633 = DIRECTION('',(0.891006524188,-0.,0.45399049974));
#10634 = DIRECTION('',(0.45399049974,0.,-0.891006524188));
#10635 = PCURVE('',#10609,#10636);
#10636 = DEFINITIONAL_REPRESENTATION('',(#10637),#10641);
#10637 = LINE('',#10638,#10639);
#10638 = CARTESIAN_POINT('',(-0.,-4.));
#10639 = VECTOR('',#10640,1.);
#10640 = DIRECTION('',(-1.,0.));
#10641 = ( GEOMETRIC_REPRESENTATION_CONTEXT(2) 
PARAMETRIC_REPRESENTATION_CONTEXT() REPRESENTATION_CONTEXT('2D SPACE',''
  ) );
#10642 = PCURVE('',#10643,#10648);
#10643 = PLANE('',#10644);
#10644 = AXIS2_PLACEMENT_3D('',#10645,#10646,#10647);
#10645 = CARTESIAN_POINT('',(39.564026096753,-1.673683958835E-15,
    71.815961998958));
#10646 = DIRECTION('',(0.891006524188,0.,0.45399049974));
#10647 = DIRECTION('',(0.45399049974,0.,-0.891006524188));
#10648 = DEFINITIONAL_REPRESENTATION('',(#10649),#10653);
#10649 = CIRCLE('',#10650,41.);
#10650 = AXIS2_PLACEMENT_2D('',#10651,#10652);
#10651 = CARTESIAN_POINT('',(0.,1.673683958835E-15));
#10652 = DIRECTION('',(1.,0.));
#10653 = ( GEOMETRIC_REPRESENTATION_CONTEXT(2) 
PARAMETRIC_REPRESENTATION_CONTEXT() REPRESENTATION_CONTEXT('2D SPACE',''
  ) );
#10654 = ORIENTED_EDGE('',*,*,#10598,.F.);
#10655 = ORIENTED_EDGE('',*,*,#10656,.F.);
#10656 = EDGE_CURVE('',#10599,#10599,#10657,.T.);
#10657 = SURFACE_CURVE('',#10658,(#10663,#10670),.PCURVE_S1.);
#10658 = CIRCLE('',#10659,41.);
#10659 = AXIS2_PLACEMENT_3D('',#10660,#10661,#10662);
#10660 = CARTESIAN_POINT('',(36.,0.,70.));
#10661 = DIRECTION('',(0.891006524188,-0.,0.45399049974));
#10662 = DIRECTION('',(0.45399049974,0.,-0.891006524188));
#10663 = PCURVE('',#10609,#10664);
#10664 = DEFINITIONAL_REPRESENTATION('',(#10665),#10669);
#10665 = LINE('',#10666,#10667);
#10666 = CARTESIAN_POINT('',(-0.,0.));
#10667 = VECTOR('',#10668,1.);
#10668 = DIRECTION('',(-1.,0.));
#10669 = ( GEOMETRIC_REPRESENTATION_CONTEXT(2) 
PARAMETRIC_REPRESENTATION_CONTEXT() REPRESENTATION_CONTEXT('2D SPACE',''
  ) );
#10670 = PCURVE('',#10671,#10676);
#10671 = PLANE('',#10672);
#10672 = AXIS2_PLACEMENT_3D('',#10673,#10674,#10675);
#10673 = CARTESIAN_POINT('',(36.,-1.673683958835E-15,70.));
#10674 = DIRECTION('',(0.891006524188,0.,0.45399049974));
#10675 = DIRECTION('',(0.45399049974,0.,-0.891006524188));
#10676 = DEFINITIONAL_REPRESENTATION('',(#10677),#10681);
#10677 = CIRCLE('',#10678,41.);
#10678 = AXIS2_PLACEMENT_2D('',#10679,#10680);
#10679 = CARTESIAN_POINT('',(0.,1.673683958835E-15));
#10680 = DIRECTION('',(1.,0.));
#10681 = ( GEOMETRIC_REPRESENTATION_CONTEXT(2) 
PARAMETRIC_REPRESENTATION_CONTEXT() REPRESENTATION_CONTEXT('2D SPACE',''
  ) );
#10682 = ADVANCED_FACE('',(#10683),#10697,.F.);
#10683 = FACE_BOUND('',#10684,.T.);
#10684 = EDGE_LOOP('',(#10685,#10715,#10737,#10738));
#10685 = ORIENTED_EDGE('',*,*,#10686,.T.);
#10686 = EDGE_CURVE('',#10687,#10689,#10691,.T.);
#10687 = VERTEX_POINT('',#10688);
#10688 = CARTESIAN_POINT('',(47.349762493489,1.73303106283E-15,
    47.724836895291));
#10689 = VERTEX_POINT('',#10690);
#10690 = CARTESIAN_POINT('',(50.913788590242,1.73303106283E-15,
    49.540798894249));
#10691 = SEAM_CURVE('',#10692,(#10696,#10708),.PCURVE_S1.);
#10692 = LINE('',#10693,#10694);
#10693 = CARTESIAN_POINT('',(47.349762493489,1.73303106283E-15,
    47.724836895291));
#10694 = VECTOR('',#10695,1.);
#10695 = DIRECTION('',(0.891006524188,0.,0.45399049974));
#10696 = PCURVE('',#10697,#10702);
#10697 = CYLINDRICAL_SURFACE('',#10698,25.);
#10698 = AXIS2_PLACEMENT_3D('',#10699,#10700,#10701);
#10699 = CARTESIAN_POINT('',(36.,1.73303106283E-15,70.));
#10700 = DIRECTION('',(-0.891006524188,-0.,-0.45399049974));
#10701 = DIRECTION('',(0.45399049974,0.,-0.891006524188));
#10702 = DEFINITIONAL_REPRESENTATION('',(#10703),#10707);
#10703 = LINE('',#10704,#10705);
#10704 = CARTESIAN_POINT('',(-0.,0.));
#10705 = VECTOR('',#10706,1.);
#10706 = DIRECTION('',(-0.,-1.));
#10707 = ( GEOMETRIC_REPRESENTATION_CONTEXT(2) 
PARAMETRIC_REPRESENTATION_CONTEXT() REPRESENTATION_CONTEXT('2D SPACE',''
  ) );
#10708 = PCURVE('',#10697,#10709);
#10709 = DEFINITIONAL_REPRESENTATION('',(#10710),#10714);
#10710 = LINE('',#10711,#10712);
#10711 = CARTESIAN_POINT('',(-6.28318530718,0.));
#10712 = VECTOR('',#10713,1.);
#10713 = DIRECTION('',(-0.,-1.));
#10714 = ( GEOMETRIC_REPRESENTATION_CONTEXT(2) 
PARAMETRIC_REPRESENTATION_CONTEXT() REPRESENTATION_CONTEXT('2D SPACE',''
  ) );
#10715 = ORIENTED_EDGE('',*,*,#10716,.T.);
#10716 = EDGE_CURVE('',#10689,#10689,#10717,.T.);
#10717 = SURFACE_CURVE('',#10718,(#10723,#10730),.PCURVE_S1.);
#10718 = CIRCLE('',#10719,25.);
#10719 = AXIS2_PLACEMENT_3D('',#10720,#10721,#10722);
#10720 = CARTESIAN_POINT('',(39.564026096754,1.73303106283E-15,
    71.815961998958));
#10721 = DIRECTION('',(0.891006524188,-0.,0.45399049974));
#10722 = DIRECTION('',(0.45399049974,0.,-0.891006524188));
#10723 = PCURVE('',#10697,#10724);
#10724 = DEFINITIONAL_REPRESENTATION('',(#10725),#10729);
#10725 = LINE('',#10726,#10727);
#10726 = CARTESIAN_POINT('',(-0.,-4.));
#10727 = VECTOR('',#10728,1.);
#10728 = DIRECTION('',(-1.,0.));
#10729 = ( GEOMETRIC_REPRESENTATION_CONTEXT(2) 
PARAMETRIC_REPRESENTATION_CONTEXT() REPRESENTATION_CONTEXT('2D SPACE',''
  ) );
#10730 = PCURVE('',#10643,#10731);
#10731 = DEFINITIONAL_REPRESENTATION('',(#10732),#10736);
#10732 = CIRCLE('',#10733,25.);
#10733 = AXIS2_PLACEMENT_2D('',#10734,#10735);
#10734 = CARTESIAN_POINT('',(1.906531293897E-13,3.406715021664E-15));
#10735 = DIRECTION('',(1.,0.));
#10736 = ( GEOMETRIC_REPRESENTATION_CONTEXT(2) 
PARAMETRIC_REPRESENTATION_CONTEXT() REPRESENTATION_CONTEXT('2D SPACE',''
  ) );
#10737 = ORIENTED_EDGE('',*,*,#10686,.F.);
#10738 = ORIENTED_EDGE('',*,*,#10739,.F.);
#10739 = EDGE_CURVE('',#10687,#10687,#10740,.T.);
#10740 = SURFACE_CURVE('',#10741,(#10746,#10753),.PCURVE_S1.);
#10741 = CIRCLE('',#10742,25.);
#10742 = AXIS2_PLACEMENT_3D('',#10743,#10744,#10745);
#10743 = CARTESIAN_POINT('',(36.,1.73303106283E-15,70.));
#10744 = DIRECTION('',(0.891006524188,-0.,0.45399049974));
#10745 = DIRECTION('',(0.45399049974,0.,-0.891006524188));
#10746 = PCURVE('',#10697,#10747);
#10747 = DEFINITIONAL_REPRESENTATION('',(#10748),#10752);
#10748 = LINE('',#10749,#10750);
#10749 = CARTESIAN_POINT('',(-0.,0.));
#10750 = VECTOR('',#10751,1.);
#10751 = DIRECTION('',(-1.,0.));
#10752 = ( GEOMETRIC_REPRESENTATION_CONTEXT(2) 
PARAMETRIC_REPRESENTATION_CONTEXT() REPRESENTATION_CONTEXT('2D SPACE',''
  ) );
#10753 = PCURVE('',#10671,#10754);
#10754 = DEFINITIONAL_REPRESENTATION('',(#10755),#10759);
#10755 = CIRCLE('',#10756,25.);
#10756 = AXIS2_PLACEMENT_2D('',#10757,#10758);
#10757 = CARTESIAN_POINT('',(1.906531293897E-13,3.406715021664E-15));
#10758 = DIRECTION('',(1.,0.));
#10759 = ( GEOMETRIC_REPRESENTATION_CONTEXT(2) 
PARAMETRIC_REPRESENTATION_CONTEXT() REPRESENTATION_CONTEXT('2D SPACE',''
  ) );
#10760 = ADVANCED_FACE('',(#10761,#10764),#10671,.F.);
#10761 = FACE_BOUND('',#10762,.F.);
#10762 = EDGE_LOOP('',(#10763));
#10763 = ORIENTED_EDGE('',*,*,#10656,.T.);
#10764 = FACE_BOUND('',#10765,.F.);
#10765 = EDGE_LOOP('',(#10766));
#10766 = ORIENTED_EDGE('',*,*,#10739,.F.);
#10767 = ADVANCED_FACE('',(#10768,#10771),#10643,.T.);
#10768 = FACE_BOUND('',#10769,.T.);
#10769 = EDGE_LOOP('',(#10770));
#10770 = ORIENTED_EDGE('',*,*,#10628,.T.);
#10771 = FACE_BOUND('',#10772,.T.);
#10772 = EDGE_LOOP('',(#10773));
#10773 = ORIENTED_EDGE('',*,*,#10716,.F.);
#10774 = ( GEOMETRIC_REPRESENTATION_CONTEXT(3) 
GLOBAL_UNCERTAINTY_ASSIGNED_CONTEXT((#10778)) 
GLOBAL_UNIT_ASSIGNED_CONTEXT((#10775,#10776,#10777)) 
REPRESENTATION_CONTEXT('Context #1',
  '3D Context with UNIT and UNCERTAINTY') );
#10775 = ( LENGTH_UNIT() NAMED_UNIT(*) SI_UNIT(.MILLI.,.METRE.) );
#10776 = ( NAMED_UNIT(*) PLANE_ANGLE_UNIT() SI_UNIT($,.RADIAN.) );
#10777 = ( NAMED_UNIT(*) SI_UNIT($,.STERADIAN.) SOLID_ANGLE_UNIT() );
#10778 = UNCERTAINTY_MEASURE_WITH_UNIT(LENGTH_MEASURE(1.E-07),#10775,
  'distance_accuracy_value','confusion accuracy');
#10779 = CONTEXT_DEPENDENT_SHAPE_REPRESENTATION(#10780,#10782);
#10780 = ( REPRESENTATION_RELATIONSHIP('','',#10591,#10) 
REPRESENTATION_RELATIONSHIP_WITH_TRANSFORMATION(#10781) 
SHAPE_REPRESENTATION_RELATIONSHIP() );
#10781 = ITEM_DEFINED_TRANSFORMATION('','',#11,#47);
#10782 = PRODUCT_DEFINITION_SHAPE('Placement','Placement of an item',
  #10783);
#10783 = NEXT_ASSEMBLY_USAGE_OCCURRENCE('56','','',#5,#10586,$);
#10784 = PRODUCT_RELATED_PRODUCT_CATEGORY('part',$,(#10588));
#10785 = SHAPE_DEFINITION_REPRESENTATION(#10786,#10792);
#10786 = PRODUCT_DEFINITION_SHAPE('','',#10787);
#10787 = PRODUCT_DEFINITION('design','',#10788,#10791);
#10788 = PRODUCT_DEFINITION_FORMATION('','',#10789);
#10789 = PRODUCT('Open CASCADE STEP translator 7.9 19.10',
  'Open CASCADE STEP translator 7.9 19.10','',(#10790));
#10790 = PRODUCT_CONTEXT('',#2,'mechanical');
#10791 = PRODUCT_DEFINITION_CONTEXT('part definition',#2,'design');
#10792 = ADVANCED_BREP_SHAPE_REPRESENTATION('',(#11,#10793),#10891);
#10793 = MANIFOLD_SOLID_BREP('',#10794);
#10794 = CLOSED_SHELL('',(#10795,#10883,#10887));
#10795 = ADVANCED_FACE('',(#10796),#10810,.T.);
#10796 = FACE_BOUND('',#10797,.F.);
#10797 = EDGE_LOOP('',(#10798,#10828,#10855,#10856));
#10798 = ORIENTED_EDGE('',*,*,#10799,.T.);
#10799 = EDGE_CURVE('',#10800,#10802,#10804,.T.);
#10800 = VERTEX_POINT('',#10801);
#10801 = CARTESIAN_POINT('',(-68.02396878765,0.,-2.70205752638));
#10802 = VERTEX_POINT('',#10803);
#10803 = CARTESIAN_POINT('',(34.44178149401,0.,49.506849943668));
#10804 = SEAM_CURVE('',#10805,(#10809,#10821),.PCURVE_S1.);
#10805 = LINE('',#10806,#10807);
#10806 = CARTESIAN_POINT('',(-68.02396878765,0.,-2.70205752638));
#10807 = VECTOR('',#10808,1.);
#10808 = DIRECTION('',(0.891006524188,0.,0.45399049974));
#10809 = PCURVE('',#10810,#10815);
#10810 = CYLINDRICAL_SURFACE('',#10811,23.);
#10811 = AXIS2_PLACEMENT_3D('',#10812,#10813,#10814);
#10812 = CARTESIAN_POINT('',(-78.46575028166,0.,17.791092529952));
#10813 = DIRECTION('',(-0.891006524188,-0.,-0.45399049974));
#10814 = DIRECTION('',(0.45399049974,0.,-0.891006524188));
#10815 = DEFINITIONAL_REPRESENTATION('',(#10816),#10820);
#10816 = LINE('',#10817,#10818);
#10817 = CARTESIAN_POINT('',(-0.,0.));
#10818 = VECTOR('',#10819,1.);
#10819 = DIRECTION('',(-0.,-1.));
#10820 = ( GEOMETRIC_REPRESENTATION_CONTEXT(2) 
PARAMETRIC_REPRESENTATION_CONTEXT() REPRESENTATION_CONTEXT('2D SPACE',''
  ) );
#10821 = PCURVE('',#10810,#10822);
#10822 = DEFINITIONAL_REPRESENTATION('',(#10823),#10827);
#10823 = LINE('',#10824,#10825);
#10824 = CARTESIAN_POINT('',(-6.28318530718,0.));
#10825 = VECTOR('',#10826,1.);
#10826 = DIRECTION('',(-0.,-1.));
#10827 = ( GEOMETRIC_REPRESENTATION_CONTEXT(2) 
PARAMETRIC_REPRESENTATION_CONTEXT() REPRESENTATION_CONTEXT('2D SPACE',''
  ) );
#10828 = ORIENTED_EDGE('',*,*,#10829,.T.);
#10829 = EDGE_CURVE('',#10802,#10802,#10830,.T.);
#10830 = SURFACE_CURVE('',#10831,(#10836,#10843),.PCURVE_S1.);
#10831 = CIRCLE('',#10832,23.);
#10832 = AXIS2_PLACEMENT_3D('',#10833,#10834,#10835);
#10833 = CARTESIAN_POINT('',(24.,0.,70.));
#10834 = DIRECTION('',(0.891006524188,-0.,0.45399049974));
#10835 = DIRECTION('',(0.45399049974,0.,-0.891006524188));
#10836 = PCURVE('',#10810,#10837);
#10837 = DEFINITIONAL_REPRESENTATION('',(#10838),#10842);
#10838 = LINE('',#10839,#10840);
#10839 = CARTESIAN_POINT('',(-0.,-115.));
#10840 = VECTOR('',#10841,1.);
#10841 = DIRECTION('',(-1.,0.));
#10842 = ( GEOMETRIC_REPRESENTATION_CONTEXT(2) 
PARAMETRIC_REPRESENTATION_CONTEXT() REPRESENTATION_CONTEXT('2D SPACE',''
  ) );
#10843 = PCURVE('',#10844,#10849);
#10844 = PLANE('',#10845);
#10845 = AXIS2_PLACEMENT_3D('',#10846,#10847,#10848);
#10846 = CARTESIAN_POINT('',(24.,1.914892223345E-15,70.));
#10847 = DIRECTION('',(0.891006524188,0.,0.45399049974));
#10848 = DIRECTION('',(0.45399049974,0.,-0.891006524188));
#10849 = DEFINITIONAL_REPRESENTATION('',(#10850),#10854);
#10850 = CIRCLE('',#10851,23.);
#10851 = AXIS2_PLACEMENT_2D('',#10852,#10853);
#10852 = CARTESIAN_POINT('',(0.,-1.914892223345E-15));
#10853 = DIRECTION('',(1.,0.));
#10854 = ( GEOMETRIC_REPRESENTATION_CONTEXT(2) 
PARAMETRIC_REPRESENTATION_CONTEXT() REPRESENTATION_CONTEXT('2D SPACE',''
  ) );
#10855 = ORIENTED_EDGE('',*,*,#10799,.F.);
#10856 = ORIENTED_EDGE('',*,*,#10857,.F.);
#10857 = EDGE_CURVE('',#10800,#10800,#10858,.T.);
#10858 = SURFACE_CURVE('',#10859,(#10864,#10871),.PCURVE_S1.);
#10859 = CIRCLE('',#10860,23.);
#10860 = AXIS2_PLACEMENT_3D('',#10861,#10862,#10863);
#10861 = CARTESIAN_POINT('',(-78.46575028166,0.,17.791092529952));
#10862 = DIRECTION('',(0.891006524188,-0.,0.45399049974));
#10863 = DIRECTION('',(0.45399049974,0.,-0.891006524188));
#10864 = PCURVE('',#10810,#10865);
#10865 = DEFINITIONAL_REPRESENTATION('',(#10866),#10870);
#10866 = LINE('',#10867,#10868);
#10867 = CARTESIAN_POINT('',(-0.,0.));
#10868 = VECTOR('',#10869,1.);
#10869 = DIRECTION('',(-1.,0.));
#10870 = ( GEOMETRIC_REPRESENTATION_CONTEXT(2) 
PARAMETRIC_REPRESENTATION_CONTEXT() REPRESENTATION_CONTEXT('2D SPACE',''
  ) );
#10871 = PCURVE('',#10872,#10877);
#10872 = PLANE('',#10873);
#10873 = AXIS2_PLACEMENT_3D('',#10874,#10875,#10876);
#10874 = CARTESIAN_POINT('',(-78.46575028166,1.914892223345E-15,
    17.791092529952));
#10875 = DIRECTION('',(0.891006524188,0.,0.45399049974));
#10876 = DIRECTION('',(0.45399049974,0.,-0.891006524188));
#10877 = DEFINITIONAL_REPRESENTATION('',(#10878),#10882);
#10878 = CIRCLE('',#10879,23.);
#10879 = AXIS2_PLACEMENT_2D('',#10880,#10881);
#10880 = CARTESIAN_POINT('',(0.,-1.914892223345E-15));
#10881 = DIRECTION('',(1.,0.));
#10882 = ( GEOMETRIC_REPRESENTATION_CONTEXT(2) 
PARAMETRIC_REPRESENTATION_CONTEXT() REPRESENTATION_CONTEXT('2D SPACE',''
  ) );
#10883 = ADVANCED_FACE('',(#10884),#10872,.F.);
#10884 = FACE_BOUND('',#10885,.F.);
#10885 = EDGE_LOOP('',(#10886));
#10886 = ORIENTED_EDGE('',*,*,#10857,.T.);
#10887 = ADVANCED_FACE('',(#10888),#10844,.T.);
#10888 = FACE_BOUND('',#10889,.T.);
#10889 = EDGE_LOOP('',(#10890));
#10890 = ORIENTED_EDGE('',*,*,#10829,.T.);
#10891 = ( GEOMETRIC_REPRESENTATION_CONTEXT(3) 
GLOBAL_UNCERTAINTY_ASSIGNED_CONTEXT((#10895)) 
GLOBAL_UNIT_ASSIGNED_CONTEXT((#10892,#10893,#10894)) 
REPRESENTATION_CONTEXT('Context #1',
  '3D Context with UNIT and UNCERTAINTY') );
#10892 = ( LENGTH_UNIT() NAMED_UNIT(*) SI_UNIT(.MILLI.,.METRE.) );
#10893 = ( NAMED_UNIT(*) PLANE_ANGLE_UNIT() SI_UNIT($,.RADIAN.) );
#10894 = ( NAMED_UNIT(*) SI_UNIT($,.STERADIAN.) SOLID_ANGLE_UNIT() );
#10895 = UNCERTAINTY_MEASURE_WITH_UNIT(LENGTH_MEASURE(1.E-07),#10892,
  'distance_accuracy_value','confusion accuracy');
#10896 = CONTEXT_DEPENDENT_SHAPE_REPRESENTATION(#10897,#10899);
#10897 = ( REPRESENTATION_RELATIONSHIP('','',#10792,#10) 
REPRESENTATION_RELATIONSHIP_WITH_TRANSFORMATION(#10898) 
SHAPE_REPRESENTATION_RELATIONSHIP() );
#10898 = ITEM_DEFINED_TRANSFORMATION('','',#11,#51);
#10899 = PRODUCT_DEFINITION_SHAPE('Placement','Placement of an item',
  #10900);
#10900 = NEXT_ASSEMBLY_USAGE_OCCURRENCE('57','','',#5,#10787,$);
#10901 = PRODUCT_RELATED_PRODUCT_CATEGORY('part',$,(#10789));
#10902 = SHAPE_DEFINITION_REPRESENTATION(#10903,#10909);
#10903 = PRODUCT_DEFINITION_SHAPE('','',#10904);
#10904 = PRODUCT_DEFINITION('design','',#10905,#10908);
#10905 = PRODUCT_DEFINITION_FORMATION('','',#10906);
#10906 = PRODUCT('Open CASCADE STEP translator 7.9 19.11',
  'Open CASCADE STEP translator 7.9 19.11','',(#10907));
#10907 = PRODUCT_CONTEXT('',#2,'mechanical');
#10908 = PRODUCT_DEFINITION_CONTEXT('part definition',#2,'design');
#10909 = ADVANCED_BREP_SHAPE_REPRESENTATION('',(#11,#10910),#11008);
#10910 = MANIFOLD_SOLID_BREP('',#10911);
#10911 = CLOSED_SHELL('',(#10912,#11000,#11004));
#10912 = ADVANCED_FACE('',(#10913),#10927,.T.);
#10913 = FACE_BOUND('',#10914,.F.);
#10914 = EDGE_LOOP('',(#10915,#10945,#10972,#10973));
#10915 = ORIENTED_EDGE('',*,*,#10916,.T.);
#10916 = EDGE_CURVE('',#10917,#10919,#10921,.T.);
#10917 = VERTEX_POINT('',#10918);
#10918 = CARTESIAN_POINT('',(85.021478624414,-50.,67.995235320576));
#10919 = VERTEX_POINT('',#10920);
#10920 = CARTESIAN_POINT('',(109.96966130168,-50.,80.706969313283));
#10921 = SEAM_CURVE('',#10922,(#10926,#10938),.PCURVE_S1.);
#10922 = LINE('',#10923,#10924);
#10923 = CARTESIAN_POINT('',(85.021478624414,-50.,67.995235320576));
#10924 = VECTOR('',#10925,1.);
#10925 = DIRECTION('',(0.891006524188,0.,0.45399049974));
#10926 = PCURVE('',#10927,#10932);
#10927 = CYLINDRICAL_SURFACE('',#10928,2.25);
#10928 = AXIS2_PLACEMENT_3D('',#10929,#10930,#10931);
#10929 = CARTESIAN_POINT('',(84.,-50.,70.));
#10930 = DIRECTION('',(-0.891006524188,-0.,-0.45399049974));
#10931 = DIRECTION('',(0.45399049974,0.,-0.891006524188));
#10932 = DEFINITIONAL_REPRESENTATION('',(#10933),#10937);
#10933 = LINE('',#10934,#10935);
#10934 = CARTESIAN_POINT('',(-0.,0.));
#10935 = VECTOR('',#10936,1.);
#10936 = DIRECTION('',(-0.,-1.));
#10937 = ( GEOMETRIC_REPRESENTATION_CONTEXT(2) 
PARAMETRIC_REPRESENTATION_CONTEXT() REPRESENTATION_CONTEXT('2D SPACE',''
  ) );
#10938 = PCURVE('',#10927,#10939);
#10939 = DEFINITIONAL_REPRESENTATION('',(#10940),#10944);
#10940 = LINE('',#10941,#10942);
#10941 = CARTESIAN_POINT('',(-6.28318530718,0.));
#10942 = VECTOR('',#10943,1.);
#10943 = DIRECTION('',(-0.,-1.));
#10944 = ( GEOMETRIC_REPRESENTATION_CONTEXT(2) 
PARAMETRIC_REPRESENTATION_CONTEXT() REPRESENTATION_CONTEXT('2D SPACE',''
  ) );
#10945 = ORIENTED_EDGE('',*,*,#10946,.T.);
#10946 = EDGE_CURVE('',#10919,#10919,#10947,.T.);
#10947 = SURFACE_CURVE('',#10948,(#10953,#10960),.PCURVE_S1.);
#10948 = CIRCLE('',#10949,2.25);
#10949 = AXIS2_PLACEMENT_3D('',#10950,#10951,#10952);
#10950 = CARTESIAN_POINT('',(108.94818267727,-50.,82.711733992707));
#10951 = DIRECTION('',(0.891006524188,-0.,0.45399049974));
#10952 = DIRECTION('',(0.45399049974,0.,-0.891006524188));
#10953 = PCURVE('',#10927,#10954);
#10954 = DEFINITIONAL_REPRESENTATION('',(#10955),#10959);
#10955 = LINE('',#10956,#10957);
#10956 = CARTESIAN_POINT('',(-0.,-28.));
#10957 = VECTOR('',#10958,1.);
#10958 = DIRECTION('',(-1.,0.));
#10959 = ( GEOMETRIC_REPRESENTATION_CONTEXT(2) 
PARAMETRIC_REPRESENTATION_CONTEXT() REPRESENTATION_CONTEXT('2D SPACE',''
  ) );
#10960 = PCURVE('',#10961,#10966);
#10961 = PLANE('',#10962);
#10962 = AXIS2_PLACEMENT_3D('',#10963,#10964,#10965);
#10963 = CARTESIAN_POINT('',(108.94818267727,-50.,82.711733992707));
#10964 = DIRECTION('',(0.891006524188,0.,0.45399049974));
#10965 = DIRECTION('',(0.45399049974,0.,-0.891006524188));
#10966 = DEFINITIONAL_REPRESENTATION('',(#10967),#10971);
#10967 = CIRCLE('',#10968,2.25);
#10968 = AXIS2_PLACEMENT_2D('',#10969,#10970);
#10969 = CARTESIAN_POINT('',(0.,-7.105427357601E-15));
#10970 = DIRECTION('',(1.,0.));
#10971 = ( GEOMETRIC_REPRESENTATION_CONTEXT(2) 
PARAMETRIC_REPRESENTATION_CONTEXT() REPRESENTATION_CONTEXT('2D SPACE',''
  ) );
#10972 = ORIENTED_EDGE('',*,*,#10916,.F.);
#10973 = ORIENTED_EDGE('',*,*,#10974,.F.);
#10974 = EDGE_CURVE('',#10917,#10917,#10975,.T.);
#10975 = SURFACE_CURVE('',#10976,(#10981,#10988),.PCURVE_S1.);
#10976 = CIRCLE('',#10977,2.25);
#10977 = AXIS2_PLACEMENT_3D('',#10978,#10979,#10980);
#10978 = CARTESIAN_POINT('',(84.,-50.,70.));
#10979 = DIRECTION('',(0.891006524188,-0.,0.45399049974));
#10980 = DIRECTION('',(0.45399049974,0.,-0.891006524188));
#10981 = PCURVE('',#10927,#10982);
#10982 = DEFINITIONAL_REPRESENTATION('',(#10983),#10987);
#10983 = LINE('',#10984,#10985);
#10984 = CARTESIAN_POINT('',(-0.,0.));
#10985 = VECTOR('',#10986,1.);
#10986 = DIRECTION('',(-1.,0.));
#10987 = ( GEOMETRIC_REPRESENTATION_CONTEXT(2) 
PARAMETRIC_REPRESENTATION_CONTEXT() REPRESENTATION_CONTEXT('2D SPACE',''
  ) );
#10988 = PCURVE('',#10989,#10994);
#10989 = PLANE('',#10990);
#10990 = AXIS2_PLACEMENT_3D('',#10991,#10992,#10993);
#10991 = CARTESIAN_POINT('',(84.,-50.,70.));
#10992 = DIRECTION('',(0.891006524188,0.,0.45399049974));
#10993 = DIRECTION('',(0.45399049974,0.,-0.891006524188));
#10994 = DEFINITIONAL_REPRESENTATION('',(#10995),#10999);
#10995 = CIRCLE('',#10996,2.25);
#10996 = AXIS2_PLACEMENT_2D('',#10997,#10998);
#10997 = CARTESIAN_POINT('',(0.,-7.105427357601E-15));
#10998 = DIRECTION('',(1.,0.));
#10999 = ( GEOMETRIC_REPRESENTATION_CONTEXT(2) 
PARAMETRIC_REPRESENTATION_CONTEXT() REPRESENTATION_CONTEXT('2D SPACE',''
  ) );
#11000 = ADVANCED_FACE('',(#11001),#10989,.F.);
#11001 = FACE_BOUND('',#11002,.F.);
#11002 = EDGE_LOOP('',(#11003));
#11003 = ORIENTED_EDGE('',*,*,#10974,.T.);
#11004 = ADVANCED_FACE('',(#11005),#10961,.T.);
#11005 = FACE_BOUND('',#11006,.T.);
#11006 = EDGE_LOOP('',(#11007));
#11007 = ORIENTED_EDGE('',*,*,#10946,.T.);
#11008 = ( GEOMETRIC_REPRESENTATION_CONTEXT(3) 
GLOBAL_UNCERTAINTY_ASSIGNED_CONTEXT((#11012)) 
GLOBAL_UNIT_ASSIGNED_CONTEXT((#11009,#11010,#11011)) 
REPRESENTATION_CONTEXT('Context #1',
  '3D Context with UNIT and UNCERTAINTY') );
#11009 = ( LENGTH_UNIT() NAMED_UNIT(*) SI_UNIT(.MILLI.,.METRE.) );
#11010 = ( NAMED_UNIT(*) PLANE_ANGLE_UNIT() SI_UNIT($,.RADIAN.) );
#11011 = ( NAMED_UNIT(*) SI_UNIT($,.STERADIAN.) SOLID_ANGLE_UNIT() );
#11012 = UNCERTAINTY_MEASURE_WITH_UNIT(LENGTH_MEASURE(1.E-07),#11009,
  'distance_accuracy_value','confusion accuracy');
#11013 = CONTEXT_DEPENDENT_SHAPE_REPRESENTATION(#11014,#11016);
#11014 = ( REPRESENTATION_RELATIONSHIP('','',#10909,#10) 
REPRESENTATION_RELATIONSHIP_WITH_TRANSFORMATION(#11015) 
SHAPE_REPRESENTATION_RELATIONSHIP() );
#11015 = ITEM_DEFINED_TRANSFORMATION('','',#11,#55);
#11016 = PRODUCT_DEFINITION_SHAPE('Placement','Placement of an item',
  #11017);
#11017 = NEXT_ASSEMBLY_USAGE_OCCURRENCE('58','','',#5,#10904,$);
#11018 = PRODUCT_RELATED_PRODUCT_CATEGORY('part',$,(#10906));
#11019 = SHAPE_DEFINITION_REPRESENTATION(#11020,#11026);
#11020 = PRODUCT_DEFINITION_SHAPE('','',#11021);
#11021 = PRODUCT_DEFINITION('design','',#11022,#11025);
#11022 = PRODUCT_DEFINITION_FORMATION('','',#11023);
#11023 = PRODUCT('Open CASCADE STEP translator 7.9 19.12',
  'Open CASCADE STEP translator 7.9 19.12','',(#11024));
#11024 = PRODUCT_CONTEXT('',#2,'mechanical');
#11025 = PRODUCT_DEFINITION_CONTEXT('part definition',#2,'design');
#11026 = ADVANCED_BREP_SHAPE_REPRESENTATION('',(#11,#11027),#11125);
#11027 = MANIFOLD_SOLID_BREP('',#11028);
#11028 = CLOSED_SHELL('',(#11029,#11117,#11121));
#11029 = ADVANCED_FACE('',(#11030),#11044,.T.);
#11030 = FACE_BOUND('',#11031,.F.);
#11031 = EDGE_LOOP('',(#11032,#11062,#11089,#11090));
#11032 = ORIENTED_EDGE('',*,*,#11033,.T.);
#11033 = EDGE_CURVE('',#11034,#11036,#11038,.T.);
#11034 = VERTEX_POINT('',#11035);
#11035 = CARTESIAN_POINT('',(85.021478624414,50.,67.995235320576));
#11036 = VERTEX_POINT('',#11037);
#11037 = CARTESIAN_POINT('',(109.96966130168,50.,80.706969313283));
#11038 = SEAM_CURVE('',#11039,(#11043,#11055),.PCURVE_S1.);
#11039 = LINE('',#11040,#11041);
#11040 = CARTESIAN_POINT('',(85.021478624414,50.,67.995235320576));
#11041 = VECTOR('',#11042,1.);
#11042 = DIRECTION('',(0.891006524188,0.,0.45399049974));
#11043 = PCURVE('',#11044,#11049);
#11044 = CYLINDRICAL_SURFACE('',#11045,2.25);
#11045 = AXIS2_PLACEMENT_3D('',#11046,#11047,#11048);
#11046 = CARTESIAN_POINT('',(84.,50.,70.));
#11047 = DIRECTION('',(-0.891006524188,-0.,-0.45399049974));
#11048 = DIRECTION('',(0.45399049974,0.,-0.891006524188));
#11049 = DEFINITIONAL_REPRESENTATION('',(#11050),#11054);
#11050 = LINE('',#11051,#11052);
#11051 = CARTESIAN_POINT('',(-0.,0.));
#11052 = VECTOR('',#11053,1.);
#11053 = DIRECTION('',(-0.,-1.));
#11054 = ( GEOMETRIC_REPRESENTATION_CONTEXT(2) 
PARAMETRIC_REPRESENTATION_CONTEXT() REPRESENTATION_CONTEXT('2D SPACE',''
  ) );
#11055 = PCURVE('',#11044,#11056);
#11056 = DEFINITIONAL_REPRESENTATION('',(#11057),#11061);
#11057 = LINE('',#11058,#11059);
#11058 = CARTESIAN_POINT('',(-6.28318530718,0.));
#11059 = VECTOR('',#11060,1.);
#11060 = DIRECTION('',(-0.,-1.));
#11061 = ( GEOMETRIC_REPRESENTATION_CONTEXT(2) 
PARAMETRIC_REPRESENTATION_CONTEXT() REPRESENTATION_CONTEXT('2D SPACE',''
  ) );
#11062 = ORIENTED_EDGE('',*,*,#11063,.T.);
#11063 = EDGE_CURVE('',#11036,#11036,#11064,.T.);
#11064 = SURFACE_CURVE('',#11065,(#11070,#11077),.PCURVE_S1.);
#11065 = CIRCLE('',#11066,2.25);
#11066 = AXIS2_PLACEMENT_3D('',#11067,#11068,#11069);
#11067 = CARTESIAN_POINT('',(108.94818267727,50.,82.711733992707));
#11068 = DIRECTION('',(0.891006524188,-0.,0.45399049974));
#11069 = DIRECTION('',(0.45399049974,0.,-0.891006524188));
#11070 = PCURVE('',#11044,#11071);
#11071 = DEFINITIONAL_REPRESENTATION('',(#11072),#11076);
#11072 = LINE('',#11073,#11074);
#11073 = CARTESIAN_POINT('',(-0.,-28.));
#11074 = VECTOR('',#11075,1.);
#11075 = DIRECTION('',(-1.,0.));
#11076 = ( GEOMETRIC_REPRESENTATION_CONTEXT(2) 
PARAMETRIC_REPRESENTATION_CONTEXT() REPRESENTATION_CONTEXT('2D SPACE',''
  ) );
#11077 = PCURVE('',#11078,#11083);
#11078 = PLANE('',#11079);
#11079 = AXIS2_PLACEMENT_3D('',#11080,#11081,#11082);
#11080 = CARTESIAN_POINT('',(108.94818267727,50.,82.711733992707));
#11081 = DIRECTION('',(0.891006524188,0.,0.45399049974));
#11082 = DIRECTION('',(0.45399049974,0.,-0.891006524188));
#11083 = DEFINITIONAL_REPRESENTATION('',(#11084),#11088);
#11084 = CIRCLE('',#11085,2.25);
#11085 = AXIS2_PLACEMENT_2D('',#11086,#11087);
#11086 = CARTESIAN_POINT('',(0.,7.105427357601E-15));
#11087 = DIRECTION('',(1.,0.));
#11088 = ( GEOMETRIC_REPRESENTATION_CONTEXT(2) 
PARAMETRIC_REPRESENTATION_CONTEXT() REPRESENTATION_CONTEXT('2D SPACE',''
  ) );
#11089 = ORIENTED_EDGE('',*,*,#11033,.F.);
#11090 = ORIENTED_EDGE('',*,*,#11091,.F.);
#11091 = EDGE_CURVE('',#11034,#11034,#11092,.T.);
#11092 = SURFACE_CURVE('',#11093,(#11098,#11105),.PCURVE_S1.);
#11093 = CIRCLE('',#11094,2.25);
#11094 = AXIS2_PLACEMENT_3D('',#11095,#11096,#11097);
#11095 = CARTESIAN_POINT('',(84.,50.,70.));
#11096 = DIRECTION('',(0.891006524188,-0.,0.45399049974));
#11097 = DIRECTION('',(0.45399049974,0.,-0.891006524188));
#11098 = PCURVE('',#11044,#11099);
#11099 = DEFINITIONAL_REPRESENTATION('',(#11100),#11104);
#11100 = LINE('',#11101,#11102);
#11101 = CARTESIAN_POINT('',(-0.,0.));
#11102 = VECTOR('',#11103,1.);
#11103 = DIRECTION('',(-1.,0.));
#11104 = ( GEOMETRIC_REPRESENTATION_CONTEXT(2) 
PARAMETRIC_REPRESENTATION_CONTEXT() REPRESENTATION_CONTEXT('2D SPACE',''
  ) );
#11105 = PCURVE('',#11106,#11111);
#11106 = PLANE('',#11107);
#11107 = AXIS2_PLACEMENT_3D('',#11108,#11109,#11110);
#11108 = CARTESIAN_POINT('',(84.,50.,70.));
#11109 = DIRECTION('',(0.891006524188,0.,0.45399049974));
#11110 = DIRECTION('',(0.45399049974,0.,-0.891006524188));
#11111 = DEFINITIONAL_REPRESENTATION('',(#11112),#11116);
#11112 = CIRCLE('',#11113,2.25);
#11113 = AXIS2_PLACEMENT_2D('',#11114,#11115);
#11114 = CARTESIAN_POINT('',(0.,7.105427357601E-15));
#11115 = DIRECTION('',(1.,0.));
#11116 = ( GEOMETRIC_REPRESENTATION_CONTEXT(2) 
PARAMETRIC_REPRESENTATION_CONTEXT() REPRESENTATION_CONTEXT('2D SPACE',''
  ) );
#11117 = ADVANCED_FACE('',(#11118),#11106,.F.);
#11118 = FACE_BOUND('',#11119,.F.);
#11119 = EDGE_LOOP('',(#11120));
#11120 = ORIENTED_EDGE('',*,*,#11091,.T.);
#11121 = ADVANCED_FACE('',(#11122),#11078,.T.);
#11122 = FACE_BOUND('',#11123,.T.);
#11123 = EDGE_LOOP('',(#11124));
#11124 = ORIENTED_EDGE('',*,*,#11063,.T.);
#11125 = ( GEOMETRIC_REPRESENTATION_CONTEXT(3) 
GLOBAL_UNCERTAINTY_ASSIGNED_CONTEXT((#11129)) 
GLOBAL_UNIT_ASSIGNED_CONTEXT((#11126,#11127,#11128)) 
REPRESENTATION_CONTEXT('Context #1',
  '3D Context with UNIT and UNCERTAINTY') );
#11126 = ( LENGTH_UNIT() NAMED_UNIT(*) SI_UNIT(.MILLI.,.METRE.) );
#11127 = ( NAMED_UNIT(*) PLANE_ANGLE_UNIT() SI_UNIT($,.RADIAN.) );
#11128 = ( NAMED_UNIT(*) SI_UNIT($,.STERADIAN.) SOLID_ANGLE_UNIT() );
#11129 = UNCERTAINTY_MEASURE_WITH_UNIT(LENGTH_MEASURE(1.E-07),#11126,
  'distance_accuracy_value','confusion accuracy');
#11130 = CONTEXT_DEPENDENT_SHAPE_REPRESENTATION(#11131,#11133);
#11131 = ( REPRESENTATION_RELATIONSHIP('','',#11026,#10) 
REPRESENTATION_RELATIONSHIP_WITH_TRANSFORMATION(#11132) 
SHAPE_REPRESENTATION_RELATIONSHIP() );
#11132 = ITEM_DEFINED_TRANSFORMATION('','',#11,#59);
#11133 = PRODUCT_DEFINITION_SHAPE('Placement','Placement of an item',
  #11134);
#11134 = NEXT_ASSEMBLY_USAGE_OCCURRENCE('59','','',#5,#11021,$);
#11135 = PRODUCT_RELATED_PRODUCT_CATEGORY('part',$,(#11023));
ENDSEC;
END-ISO-10303-21;
