candidate_id,search_stage,architecture,coupling_envelope,coupling_od_mm,coupling_body_length_mm,required_engagement_mm,sliding_stroke_mm,stub_length_mm,stack_outward_shift_each_mm,center_end_gap_mm,coupling_body_mutual_clearance_mm,engagement_margin_mm,total_width_mm,left_right_independent,direct_left_right_coupling,status,rejection_reason
S12-C1-SMALL-STUB5-SHIFT0-RES2,12,C1,COUPLING_SMALL,20.0,25.0,8.0,10.0,5.0,0.0,51.0,11.0,-5.0,290.0,True,False,FAIL_GEOMETRY,CENTER_GAP_ENGAGEMENT_OR_WIDTH
S12-C1-SMALL-STUB5-SHIFT2.5-RES2,12,C1,COUPLING_SMALL,20.0,25.0,8.0,10.0,5.0,2.5,56.0,16.0,-5.0,290.0,True,False,FAIL_GEOMETRY,CENTER_GAP_ENGAGEMENT_OR_WIDTH
S12-C1-SMALL-STUB5-SHIFT5-RES2,12,C1,COUPLING_SMALL,20.0,25.0,8.0,10.0,5.0,5.0,61.0,21.0,-5.0,290.0,True,False,FAIL_GEOMETRY,CENTER_GAP_ENGAGEMENT_OR_WIDTH
S12-C1-SMALL-STUB5-SHIFT7.5-RES2,12,C1,COUPLING_SMALL,20.0,25.0,8.0,10.0,5.0,7.5,66.0,26.0,-5.0,294.0,True,False,FAIL_GEOMETRY,CENTER_GAP_ENGAGEMENT_OR_WIDTH
S12-C1-SMALL-STUB5-SHIFT10-RES2,12,C1,COUPLING_SMALL,20.0,25.0,8.0,10.0,5.0,10.0,71.0,31.0,-5.0,299.0,True,False,FAIL_GEOMETRY,CENTER_GAP_ENGAGEMENT_OR_WIDTH
S12-C1-SMALL-STUB5-SHIFT12.5-RES2,12,C1,COUPLING_SMALL,20.0,25.0,8.0,10.0,5.0,12.5,76.0,36.0,-5.0,304.0,True,False,FAIL_GEOMETRY,CENTER_GAP_ENGAGEMENT_OR_WIDTH
S12-C1-SMALL-STUB5-SHIFT15-RES2,12,C1,COUPLING_SMALL,20.0,25.0,8.0,10.0,5.0,15.0,81.0,41.0,-5.0,309.0,True,False,FAIL_GEOMETRY,CENTER_GAP_ENGAGEMENT_OR_WIDTH
S12-C1-SMALL-STUB7.5-SHIFT0-RES2,12,C1,COUPLING_SMALL,20.0,25.0,8.0,10.0,7.5,0.0,46.0,11.0,-2.5,290.0,True,False,FAIL_GEOMETRY,CENTER_GAP_ENGAGEMENT_OR_WIDTH
S12-C1-SMALL-STUB7.5-SHIFT2.5-RES2,12,C1,COUPLING_SMALL,20.0,25.0,8.0,10.0,7.5,2.5,51.0,16.0,-2.5,290.0,True,False,FAIL_GEOMETRY,CENTER_GAP_ENGAGEMENT_OR_WIDTH
S12-C1-SMALL-STUB7.5-SHIFT5-RES2,12,C1,COUPLING_SMALL,20.0,25.0,8.0,10.0,7.5,5.0,56.0,21.0,-2.5,290.0,True,False,FAIL_GEOMETRY,CENTER_GAP_ENGAGEMENT_OR_WIDTH
S12-C1-SMALL-STUB7.5-SHIFT7.5-RES2,12,C1,COUPLING_SMALL,20.0,25.0,8.0,10.0,7.5,7.5,61.0,26.0,-2.5,294.0,True,False,FAIL_GEOMETRY,CENTER_GAP_ENGAGEMENT_OR_WIDTH
S12-C1-SMALL-STUB7.5-SHIFT10-RES2,12,C1,COUPLING_SMALL,20.0,25.0,8.0,10.0,7.5,10.0,66.0,31.0,-2.5,299.0,True,False,FAIL_GEOMETRY,CENTER_GAP_ENGAGEMENT_OR_WIDTH
S12-C1-SMALL-STUB7.5-SHIFT12.5-RES2,12,C1,COUPLING_SMALL,20.0,25.0,8.0,10.0,7.5,12.5,71.0,36.0,-2.5,304.0,True,False,FAIL_GEOMETRY,CENTER_GAP_ENGAGEMENT_OR_WIDTH
S12-C1-SMALL-STUB7.5-SHIFT15-RES2,12,C1,COUPLING_SMALL,20.0,25.0,8.0,10.0,7.5,15.0,76.0,41.0,-2.5,309.0,True,False,FAIL_GEOMETRY,CENTER_GAP_ENGAGEMENT_OR_WIDTH
S12-C1-SMALL-STUB10-SHIFT0-RES2,12,C1,COUPLING_SMALL,20.0,25.0,8.0,10.0,10.0,0.0,41.0,11.0,0.0,290.0,True,False,CONDITIONAL_PASS,
S12-C1-SMALL-STUB10-SHIFT2.5-RES2,12,C1,COUPLING_SMALL,20.0,25.0,8.0,10.0,10.0,2.5,46.0,16.0,0.0,290.0,True,False,CONDITIONAL_PASS,
S12-C1-SMALL-STUB10-SHIFT5-RES2,12,C1,COUPLING_SMALL,20.0,25.0,8.0,10.0,10.0,5.0,51.0,21.0,0.0,290.0,True,False,CONDITIONAL_PASS,
S12-C1-SMALL-STUB10-SHIFT7.5-RES2,12,C1,COUPLING_SMALL,20.0,25.0,8.0,10.0,10.0,7.5,56.0,26.0,0.0,294.0,True,False,CONDITIONAL_PASS,
S12-C1-SMALL-STUB10-SHIFT10-RES2,12,C1,COUPLING_SMALL,20.0,25.0,8.0,10.0,10.0,10.0,61.0,31.0,0.0,299.0,True,False,WIDTH_MARGIN_CRITICAL,
S12-C1-SMALL-STUB10-SHIFT12.5-RES2,12,C1,COUPLING_SMALL,20.0,25.0,8.0,10.0,10.0,12.5,66.0,36.0,0.0,304.0,True,False,FAIL_GEOMETRY,CENTER_GAP_ENGAGEMENT_OR_WIDTH
S12-C1-SMALL-STUB10-SHIFT15-RES2,12,C1,COUPLING_SMALL,20.0,25.0,8.0,10.0,10.0,15.0,71.0,41.0,0.0,309.0,True,False,FAIL_GEOMETRY,CENTER_GAP_ENGAGEMENT_OR_WIDTH
S12-C1-SMALL-STUB12.5-SHIFT0-RES2,12,C1,COUPLING_SMALL,20.0,25.0,8.0,10.0,12.5,0.0,36.0,11.0,2.5,290.0,True,False,RECOMMENDED,
S12-C1-SMALL-STUB12.5-SHIFT2.5-RES2,12,C1,COUPLING_SMALL,20.0,25.0,8.0,10.0,12.5,2.5,41.0,16.0,2.5,290.0,True,False,CONDITIONAL_PASS,
S12-C1-SMALL-STUB12.5-SHIFT5-RES2,12,C1,COUPLING_SMALL,20.0,25.0,8.0,10.0,12.5,5.0,46.0,21.0,2.5,290.0,True,False,CONDITIONAL_PASS,
S12-C1-SMALL-STUB12.5-SHIFT7.5-RES2,12,C1,COUPLING_SMALL,20.0,25.0,8.0,10.0,12.5,7.5,51.0,26.0,2.5,294.0,True,False,CONDITIONAL_PASS,
S12-C1-SMALL-STUB12.5-SHIFT10-RES2,12,C1,COUPLING_SMALL,20.0,25.0,8.0,10.0,12.5,10.0,56.0,31.0,2.5,299.0,True,False,WIDTH_MARGIN_CRITICAL,
S12-C1-SMALL-STUB12.5-SHIFT12.5-RES2,12,C1,COUPLING_SMALL,20.0,25.0,8.0,10.0,12.5,12.5,61.0,36.0,2.5,304.0,True,False,FAIL_GEOMETRY,CENTER_GAP_ENGAGEMENT_OR_WIDTH
S12-C1-SMALL-STUB12.5-SHIFT15-RES2,12,C1,COUPLING_SMALL,20.0,25.0,8.0,10.0,12.5,15.0,66.0,41.0,2.5,309.0,True,False,FAIL_GEOMETRY,CENTER_GAP_ENGAGEMENT_OR_WIDTH
S12-C1-SMALL-STUB15-SHIFT0-RES2,12,C1,COUPLING_SMALL,20.0,25.0,8.0,10.0,15.0,0.0,31.0,11.0,5.0,290.0,True,False,CONDITIONAL_PASS,
S12-C1-SMALL-STUB15-SHIFT2.5-RES2,12,C1,COUPLING_SMALL,20.0,25.0,8.0,10.0,15.0,2.5,36.0,16.0,5.0,290.0,True,False,CONDITIONAL_PASS,
S12-C1-SMALL-STUB15-SHIFT5-RES2,12,C1,COUPLING_SMALL,20.0,25.0,8.0,10.0,15.0,5.0,41.0,21.0,5.0,290.0,True,False,CONDITIONAL_PASS,
S12-C1-SMALL-STUB15-SHIFT7.5-RES2,12,C1,COUPLING_SMALL,20.0,25.0,8.0,10.0,15.0,7.5,46.0,26.0,5.0,294.0,True,False,CONDITIONAL_PASS,
S12-C1-SMALL-STUB15-SHIFT10-RES2,12,C1,COUPLING_SMALL,20.0,25.0,8.0,10.0,15.0,10.0,51.0,31.0,5.0,299.0,True,False,WIDTH_MARGIN_CRITICAL,
S12-C1-SMALL-STUB15-SHIFT12.5-RES2,12,C1,COUPLING_SMALL,20.0,25.0,8.0,10.0,15.0,12.5,56.0,36.0,5.0,304.0,True,False,FAIL_GEOMETRY,CENTER_GAP_ENGAGEMENT_OR_WIDTH
S12-C1-SMALL-STUB15-SHIFT15-RES2,12,C1,COUPLING_SMALL,20.0,25.0,8.0,10.0,15.0,15.0,61.0,41.0,5.0,309.0,True,False,FAIL_GEOMETRY,CENTER_GAP_ENGAGEMENT_OR_WIDTH
S12-C1-SMALL-STUB17.5-SHIFT0-RES2,12,C1,COUPLING_SMALL,20.0,25.0,8.0,10.0,17.5,0.0,26.0,11.0,7.5,290.0,True,False,CONDITIONAL_PASS,
S12-C1-SMALL-STUB17.5-SHIFT2.5-RES2,12,C1,COUPLING_SMALL,20.0,25.0,8.0,10.0,17.5,2.5,31.0,16.0,7.5,290.0,True,False,CONDITIONAL_PASS,
S12-C1-SMALL-STUB17.5-SHIFT5-RES2,12,C1,COUPLING_SMALL,20.0,25.0,8.0,10.0,17.5,5.0,36.0,21.0,7.5,290.0,True,False,CONDITIONAL_PASS,
S12-C1-SMALL-STUB17.5-SHIFT7.5-RES2,12,C1,COUPLING_SMALL,20.0,25.0,8.0,10.0,17.5,7.5,41.0,26.0,7.5,294.0,True,False,CONDITIONAL_PASS,
S12-C1-SMALL-STUB17.5-SHIFT10-RES2,12,C1,COUPLING_SMALL,20.0,25.0,8.0,10.0,17.5,10.0,46.0,31.0,7.5,299.0,True,False,WIDTH_MARGIN_CRITICAL,
S12-C1-SMALL-STUB17.5-SHIFT12.5-RES2,12,C1,COUPLING_SMALL,20.0,25.0,8.0,10.0,17.5,12.5,51.0,36.0,7.5,304.0,True,False,FAIL_GEOMETRY,CENTER_GAP_ENGAGEMENT_OR_WIDTH
S12-C1-SMALL-STUB17.5-SHIFT15-RES2,12,C1,COUPLING_SMALL,20.0,25.0,8.0,10.0,17.5,15.0,56.0,41.0,7.5,309.0,True,False,FAIL_GEOMETRY,CENTER_GAP_ENGAGEMENT_OR_WIDTH
S12-C1-SMALL-STUB20-SHIFT0-RES2,12,C1,COUPLING_SMALL,20.0,25.0,8.0,10.0,20.0,0.0,21.0,11.0,10.0,290.0,True,False,CONDITIONAL_PASS,
S12-C1-SMALL-STUB20-SHIFT2.5-RES2,12,C1,COUPLING_SMALL,20.0,25.0,8.0,10.0,20.0,2.5,26.0,16.0,10.0,290.0,True,False,CONDITIONAL_PASS,
S12-C1-SMALL-STUB20-SHIFT5-RES2,12,C1,COUPLING_SMALL,20.0,25.0,8.0,10.0,20.0,5.0,31.0,21.0,10.0,290.0,True,False,CONDITIONAL_PASS,
S12-C1-SMALL-STUB20-SHIFT7.5-RES2,12,C1,COUPLING_SMALL,20.0,25.0,8.0,10.0,20.0,7.5,36.0,26.0,10.0,294.0,True,False,CONDITIONAL_PASS,
S12-C1-SMALL-STUB20-SHIFT10-RES2,12,C1,COUPLING_SMALL,20.0,25.0,8.0,10.0,20.0,10.0,41.0,31.0,10.0,299.0,True,False,WIDTH_MARGIN_CRITICAL,
S12-C1-SMALL-STUB20-SHIFT12.5-RES2,12,C1,COUPLING_SMALL,20.0,25.0,8.0,10.0,20.0,12.5,46.0,36.0,10.0,304.0,True,False,FAIL_GEOMETRY,CENTER_GAP_ENGAGEMENT_OR_WIDTH
S12-C1-SMALL-STUB20-SHIFT15-RES2,12,C1,COUPLING_SMALL,20.0,25.0,8.0,10.0,20.0,15.0,51.0,41.0,10.0,309.0,True,False,FAIL_GEOMETRY,CENTER_GAP_ENGAGEMENT_OR_WIDTH
S12-C1-SMALL-STUB25-SHIFT0-RES2,12,C1,COUPLING_SMALL,20.0,25.0,8.0,10.0,25.0,0.0,11.0,11.0,15.0,290.0,True,False,CONDITIONAL_PASS,
S12-C1-SMALL-STUB25-SHIFT2.5-RES2,12,C1,COUPLING_SMALL,20.0,25.0,8.0,10.0,25.0,2.5,16.0,16.0,15.0,290.0,True,False,CONDITIONAL_PASS,
S12-C1-SMALL-STUB25-SHIFT5-RES2,12,C1,COUPLING_SMALL,20.0,25.0,8.0,10.0,25.0,5.0,21.0,21.0,15.0,290.0,True,False,CONDITIONAL_PASS,
S12-C1-SMALL-STUB25-SHIFT7.5-RES2,12,C1,COUPLING_SMALL,20.0,25.0,8.0,10.0,25.0,7.5,26.0,26.0,15.0,294.0,True,False,CONDITIONAL_PASS,
S12-C1-SMALL-STUB25-SHIFT10-RES2,12,C1,COUPLING_SMALL,20.0,25.0,8.0,10.0,25.0,10.0,31.0,31.0,15.0,299.0,True,False,WIDTH_MARGIN_CRITICAL,
S12-C1-SMALL-STUB25-SHIFT12.5-RES2,12,C1,COUPLING_SMALL,20.0,25.0,8.0,10.0,25.0,12.5,36.0,36.0,15.0,304.0,True,False,FAIL_GEOMETRY,CENTER_GAP_ENGAGEMENT_OR_WIDTH
S12-C1-SMALL-STUB25-SHIFT15-RES2,12,C1,COUPLING_SMALL,20.0,25.0,8.0,10.0,25.0,15.0,41.0,41.0,15.0,309.0,True,False,FAIL_GEOMETRY,CENTER_GAP_ENGAGEMENT_OR_WIDTH
S12-C1-SMALL-STUB30-SHIFT0-RES2,12,C1,COUPLING_SMALL,20.0,25.0,8.0,10.0,30.0,0.0,1.0,11.0,20.0,290.0,True,False,CONDITIONAL_PASS,
S12-C1-SMALL-STUB30-SHIFT2.5-RES2,12,C1,COUPLING_SMALL,20.0,25.0,8.0,10.0,30.0,2.5,6.0,16.0,20.0,290.0,True,False,CONDITIONAL_PASS,
S12-C1-SMALL-STUB30-SHIFT5-RES2,12,C1,COUPLING_SMALL,20.0,25.0,8.0,10.0,30.0,5.0,11.0,21.0,20.0,290.0,True,False,CONDITIONAL_PASS,
S12-C1-SMALL-STUB30-SHIFT7.5-RES2,12,C1,COUPLING_SMALL,20.0,25.0,8.0,10.0,30.0,7.5,16.0,26.0,20.0,294.0,True,False,CONDITIONAL_PASS,
S12-C1-SMALL-STUB30-SHIFT10-RES2,12,C1,COUPLING_SMALL,20.0,25.0,8.0,10.0,30.0,10.0,21.0,31.0,20.0,299.0,True,False,WIDTH_MARGIN_CRITICAL,
S12-C1-SMALL-STUB30-SHIFT12.5-RES2,12,C1,COUPLING_SMALL,20.0,25.0,8.0,10.0,30.0,12.5,26.0,36.0,20.0,304.0,True,False,FAIL_GEOMETRY,CENTER_GAP_ENGAGEMENT_OR_WIDTH
S12-C1-SMALL-STUB30-SHIFT15-RES2,12,C1,COUPLING_SMALL,20.0,25.0,8.0,10.0,30.0,15.0,31.0,41.0,20.0,309.0,True,False,FAIL_GEOMETRY,CENTER_GAP_ENGAGEMENT_OR_WIDTH
S12-C1-MEDIUM-STUB5-SHIFT0-RES2,12,C1,COUPLING_MEDIUM,30.0,40.0,12.0,15.0,5.0,0.0,51.0,-19.0,-9.0,290.0,True,False,FAIL_GEOMETRY,CENTER_GAP_ENGAGEMENT_OR_WIDTH
S12-C1-MEDIUM-STUB5-SHIFT2.5-RES2,12,C1,COUPLING_MEDIUM,30.0,40.0,12.0,15.0,5.0,2.5,56.0,-14.0,-9.0,290.0,True,False,FAIL_GEOMETRY,CENTER_GAP_ENGAGEMENT_OR_WIDTH
S12-C1-MEDIUM-STUB5-SHIFT5-RES2,12,C1,COUPLING_MEDIUM,30.0,40.0,12.0,15.0,5.0,5.0,61.0,-9.0,-9.0,290.0,True,False,FAIL_GEOMETRY,CENTER_GAP_ENGAGEMENT_OR_WIDTH
S12-C1-MEDIUM-STUB5-SHIFT7.5-RES2,12,C1,COUPLING_MEDIUM,30.0,40.0,12.0,15.0,5.0,7.5,66.0,-4.0,-9.0,294.0,True,False,FAIL_GEOMETRY,CENTER_GAP_ENGAGEMENT_OR_WIDTH
S12-C1-MEDIUM-STUB5-SHIFT10-RES2,12,C1,COUPLING_MEDIUM,30.0,40.0,12.0,15.0,5.0,10.0,71.0,1.0,-9.0,299.0,True,False,FAIL_GEOMETRY,CENTER_GAP_ENGAGEMENT_OR_WIDTH
S12-C1-MEDIUM-STUB5-SHIFT12.5-RES2,12,C1,COUPLING_MEDIUM,30.0,40.0,12.0,15.0,5.0,12.5,76.0,6.0,-9.0,304.0,True,False,FAIL_GEOMETRY,CENTER_GAP_ENGAGEMENT_OR_WIDTH
S12-C1-MEDIUM-STUB5-SHIFT15-RES2,12,C1,COUPLING_MEDIUM,30.0,40.0,12.0,15.0,5.0,15.0,81.0,11.0,-9.0,309.0,True,False,FAIL_GEOMETRY,CENTER_GAP_ENGAGEMENT_OR_WIDTH
S12-C1-MEDIUM-STUB7.5-SHIFT0-RES2,12,C1,COUPLING_MEDIUM,30.0,40.0,12.0,15.0,7.5,0.0,46.0,-19.0,-6.5,290.0,True,False,FAIL_GEOMETRY,CENTER_GAP_ENGAGEMENT_OR_WIDTH
S12-C1-MEDIUM-STUB7.5-SHIFT2.5-RES2,12,C1,COUPLING_MEDIUM,30.0,40.0,12.0,15.0,7.5,2.5,51.0,-14.0,-6.5,290.0,True,False,FAIL_GEOMETRY,CENTER_GAP_ENGAGEMENT_OR_WIDTH
S12-C1-MEDIUM-STUB7.5-SHIFT5-RES2,12,C1,COUPLING_MEDIUM,30.0,40.0,12.0,15.0,7.5,5.0,56.0,-9.0,-6.5,290.0,True,False,FAIL_GEOMETRY,CENTER_GAP_ENGAGEMENT_OR_WIDTH
S12-C1-MEDIUM-STUB7.5-SHIFT7.5-RES2,12,C1,COUPLING_MEDIUM,30.0,40.0,12.0,15.0,7.5,7.5,61.0,-4.0,-6.5,294.0,True,False,FAIL_GEOMETRY,CENTER_GAP_ENGAGEMENT_OR_WIDTH
S12-C1-MEDIUM-STUB7.5-SHIFT10-RES2,12,C1,COUPLING_MEDIUM,30.0,40.0,12.0,15.0,7.5,10.0,66.0,1.0,-6.5,299.0,True,False,FAIL_GEOMETRY,CENTER_GAP_ENGAGEMENT_OR_WIDTH
S12-C1-MEDIUM-STUB7.5-SHIFT12.5-RES2,12,C1,COUPLING_MEDIUM,30.0,40.0,12.0,15.0,7.5,12.5,71.0,6.0,-6.5,304.0,True,False,FAIL_GEOMETRY,CENTER_GAP_ENGAGEMENT_OR_WIDTH
S12-C1-MEDIUM-STUB7.5-SHIFT15-RES2,12,C1,COUPLING_MEDIUM,30.0,40.0,12.0,15.0,7.5,15.0,76.0,11.0,-6.5,309.0,True,False,FAIL_GEOMETRY,CENTER_GAP_ENGAGEMENT_OR_WIDTH
S12-C1-MEDIUM-STUB10-SHIFT0-RES2,12,C1,COUPLING_MEDIUM,30.0,40.0,12.0,15.0,10.0,0.0,41.0,-19.0,-4.0,290.0,True,False,FAIL_GEOMETRY,CENTER_GAP_ENGAGEMENT_OR_WIDTH
S12-C1-MEDIUM-STUB10-SHIFT2.5-RES2,12,C1,COUPLING_MEDIUM,30.0,40.0,12.0,15.0,10.0,2.5,46.0,-14.0,-4.0,290.0,True,False,FAIL_GEOMETRY,CENTER_GAP_ENGAGEMENT_OR_WIDTH
S12-C1-MEDIUM-STUB10-SHIFT5-RES2,12,C1,COUPLING_MEDIUM,30.0,40.0,12.0,15.0,10.0,5.0,51.0,-9.0,-4.0,290.0,True,False,FAIL_GEOMETRY,CENTER_GAP_ENGAGEMENT_OR_WIDTH
S12-C1-MEDIUM-STUB10-SHIFT7.5-RES2,12,C1,COUPLING_MEDIUM,30.0,40.0,12.0,15.0,10.0,7.5,56.0,-4.0,-4.0,294.0,True,False,FAIL_GEOMETRY,CENTER_GAP_ENGAGEMENT_OR_WIDTH
S12-C1-MEDIUM-STUB10-SHIFT10-RES2,12,C1,COUPLING_MEDIUM,30.0,40.0,12.0,15.0,10.0,10.0,61.0,1.0,-4.0,299.0,True,False,FAIL_GEOMETRY,CENTER_GAP_ENGAGEMENT_OR_WIDTH
S12-C1-MEDIUM-STUB10-SHIFT12.5-RES2,12,C1,COUPLING_MEDIUM,30.0,40.0,12.0,15.0,10.0,12.5,66.0,6.0,-4.0,304.0,True,False,FAIL_GEOMETRY,CENTER_GAP_ENGAGEMENT_OR_WIDTH
S12-C1-MEDIUM-STUB10-SHIFT15-RES2,12,C1,COUPLING_MEDIUM,30.0,40.0,12.0,15.0,10.0,15.0,71.0,11.0,-4.0,309.0,True,False,FAIL_GEOMETRY,CENTER_GAP_ENGAGEMENT_OR_WIDTH
S12-C1-MEDIUM-STUB12.5-SHIFT0-RES2,12,C1,COUPLING_MEDIUM,30.0,40.0,12.0,15.0,12.5,0.0,36.0,-19.0,-1.5,290.0,True,False,FAIL_GEOMETRY,CENTER_GAP_ENGAGEMENT_OR_WIDTH
S12-C1-MEDIUM-STUB12.5-SHIFT2.5-RES2,12,C1,COUPLING_MEDIUM,30.0,40.0,12.0,15.0,12.5,2.5,41.0,-14.0,-1.5,290.0,True,False,FAIL_GEOMETRY,CENTER_GAP_ENGAGEMENT_OR_WIDTH
S12-C1-MEDIUM-STUB12.5-SHIFT5-RES2,12,C1,COUPLING_MEDIUM,30.0,40.0,12.0,15.0,12.5,5.0,46.0,-9.0,-1.5,290.0,True,False,FAIL_GEOMETRY,CENTER_GAP_ENGAGEMENT_OR_WIDTH
S12-C1-MEDIUM-STUB12.5-SHIFT7.5-RES2,12,C1,COUPLING_MEDIUM,30.0,40.0,12.0,15.0,12.5,7.5,51.0,-4.0,-1.5,294.0,True,False,FAIL_GEOMETRY,CENTER_GAP_ENGAGEMENT_OR_WIDTH
S12-C1-MEDIUM-STUB12.5-SHIFT10-RES2,12,C1,COUPLING_MEDIUM,30.0,40.0,12.0,15.0,12.5,10.0,56.0,1.0,-1.5,299.0,True,False,FAIL_GEOMETRY,CENTER_GAP_ENGAGEMENT_OR_WIDTH
S12-C1-MEDIUM-STUB12.5-SHIFT12.5-RES2,12,C1,COUPLING_MEDIUM,30.0,40.0,12.0,15.0,12.5,12.5,61.0,6.0,-1.5,304.0,True,False,FAIL_GEOMETRY,CENTER_GAP_ENGAGEMENT_OR_WIDTH
S12-C1-MEDIUM-STUB12.5-SHIFT15-RES2,12,C1,COUPLING_MEDIUM,30.0,40.0,12.0,15.0,12.5,15.0,66.0,11.0,-1.5,309.0,True,False,FAIL_GEOMETRY,CENTER_GAP_ENGAGEMENT_OR_WIDTH
S12-C1-MEDIUM-STUB15-SHIFT0-RES2,12,C1,COUPLING_MEDIUM,30.0,40.0,12.0,15.0,15.0,0.0,31.0,-19.0,1.0,290.0,True,False,FAIL_GEOMETRY,CENTER_GAP_ENGAGEMENT_OR_WIDTH
S12-C1-MEDIUM-STUB15-SHIFT2.5-RES2,12,C1,COUPLING_MEDIUM,30.0,40.0,12.0,15.0,15.0,2.5,36.0,-14.0,1.0,290.0,True,False,FAIL_GEOMETRY,CENTER_GAP_ENGAGEMENT_OR_WIDTH
S12-C1-MEDIUM-STUB15-SHIFT5-RES2,12,C1,COUPLING_MEDIUM,30.0,40.0,12.0,15.0,15.0,5.0,41.0,-9.0,1.0,290.0,True,False,FAIL_GEOMETRY,CENTER_GAP_ENGAGEMENT_OR_WIDTH
S12-C1-MEDIUM-STUB15-SHIFT7.5-RES2,12,C1,COUPLING_MEDIUM,30.0,40.0,12.0,15.0,15.0,7.5,46.0,-4.0,1.0,294.0,True,False,FAIL_GEOMETRY,CENTER_GAP_ENGAGEMENT_OR_WIDTH
S12-C1-MEDIUM-STUB15-SHIFT10-RES2,12,C1,COUPLING_MEDIUM,30.0,40.0,12.0,15.0,15.0,10.0,51.0,1.0,1.0,299.0,True,False,FAIL_GEOMETRY,CENTER_GAP_ENGAGEMENT_OR_WIDTH
S12-C1-MEDIUM-STUB15-SHIFT12.5-RES2,12,C1,COUPLING_MEDIUM,30.0,40.0,12.0,15.0,15.0,12.5,56.0,6.0,1.0,304.0,True,False,FAIL_GEOMETRY,CENTER_GAP_ENGAGEMENT_OR_WIDTH
S12-C1-MEDIUM-STUB15-SHIFT15-RES2,12,C1,COUPLING_MEDIUM,30.0,40.0,12.0,15.0,15.0,15.0,61.0,11.0,1.0,309.0,True,False,FAIL_GEOMETRY,CENTER_GAP_ENGAGEMENT_OR_WIDTH
S12-C1-MEDIUM-STUB17.5-SHIFT0-RES2,12,C1,COUPLING_MEDIUM,30.0,40.0,12.0,15.0,17.5,0.0,26.0,-19.0,3.5,290.0,True,False,FAIL_GEOMETRY,CENTER_GAP_ENGAGEMENT_OR_WIDTH
S12-C1-MEDIUM-STUB17.5-SHIFT2.5-RES2,12,C1,COUPLING_MEDIUM,30.0,40.0,12.0,15.0,17.5,2.5,31.0,-14.0,3.5,290.0,True,False,FAIL_GEOMETRY,CENTER_GAP_ENGAGEMENT_OR_WIDTH
S12-C1-MEDIUM-STUB17.5-SHIFT5-RES2,12,C1,COUPLING_MEDIUM,30.0,40.0,12.0,15.0,17.5,5.0,36.0,-9.0,3.5,290.0,True,False,FAIL_GEOMETRY,CENTER_GAP_ENGAGEMENT_OR_WIDTH
S12-C1-MEDIUM-STUB17.5-SHIFT7.5-RES2,12,C1,COUPLING_MEDIUM,30.0,40.0,12.0,15.0,17.5,7.5,41.0,-4.0,3.5,294.0,True,False,FAIL_GEOMETRY,CENTER_GAP_ENGAGEMENT_OR_WIDTH
S12-C1-MEDIUM-STUB17.5-SHIFT10-RES2,12,C1,COUPLING_MEDIUM,30.0,40.0,12.0,15.0,17.5,10.0,46.0,1.0,3.5,299.0,True,False,FAIL_GEOMETRY,CENTER_GAP_ENGAGEMENT_OR_WIDTH
S12-C1-MEDIUM-STUB17.5-SHIFT12.5-RES2,12,C1,COUPLING_MEDIUM,30.0,40.0,12.0,15.0,17.5,12.5,51.0,6.0,3.5,304.0,True,False,FAIL_GEOMETRY,CENTER_GAP_ENGAGEMENT_OR_WIDTH
S12-C1-MEDIUM-STUB17.5-SHIFT15-RES2,12,C1,COUPLING_MEDIUM,30.0,40.0,12.0,15.0,17.5,15.0,56.0,11.0,3.5,309.0,True,False,FAIL_GEOMETRY,CENTER_GAP_ENGAGEMENT_OR_WIDTH
S12-C1-MEDIUM-STUB20-SHIFT0-RES2,12,C1,COUPLING_MEDIUM,30.0,40.0,12.0,15.0,20.0,0.0,21.0,-19.0,6.0,290.0,True,False,FAIL_GEOMETRY,CENTER_GAP_ENGAGEMENT_OR_WIDTH
S12-C1-MEDIUM-STUB20-SHIFT2.5-RES2,12,C1,COUPLING_MEDIUM,30.0,40.0,12.0,15.0,20.0,2.5,26.0,-14.0,6.0,290.0,True,False,FAIL_GEOMETRY,CENTER_GAP_ENGAGEMENT_OR_WIDTH
S12-C1-MEDIUM-STUB20-SHIFT5-RES2,12,C1,COUPLING_MEDIUM,30.0,40.0,12.0,15.0,20.0,5.0,31.0,-9.0,6.0,290.0,True,False,FAIL_GEOMETRY,CENTER_GAP_ENGAGEMENT_OR_WIDTH
S12-C1-MEDIUM-STUB20-SHIFT7.5-RES2,12,C1,COUPLING_MEDIUM,30.0,40.0,12.0,15.0,20.0,7.5,36.0,-4.0,6.0,294.0,True,False,FAIL_GEOMETRY,CENTER_GAP_ENGAGEMENT_OR_WIDTH
S12-C1-MEDIUM-STUB20-SHIFT10-RES2,12,C1,COUPLING_MEDIUM,30.0,40.0,12.0,15.0,20.0,10.0,41.0,1.0,6.0,299.0,True,False,FAIL_GEOMETRY,CENTER_GAP_ENGAGEMENT_OR_WIDTH
S12-C1-MEDIUM-STUB20-SHIFT12.5-RES2,12,C1,COUPLING_MEDIUM,30.0,40.0,12.0,15.0,20.0,12.5,46.0,6.0,6.0,304.0,True,False,FAIL_GEOMETRY,CENTER_GAP_ENGAGEMENT_OR_WIDTH
S12-C1-MEDIUM-STUB20-SHIFT15-RES2,12,C1,COUPLING_MEDIUM,30.0,40.0,12.0,15.0,20.0,15.0,51.0,11.0,6.0,309.0,True,False,FAIL_GEOMETRY,CENTER_GAP_ENGAGEMENT_OR_WIDTH
S12-C1-MEDIUM-STUB25-SHIFT0-RES2,12,C1,COUPLING_MEDIUM,30.0,40.0,12.0,15.0,25.0,0.0,11.0,-19.0,11.0,290.0,True,False,FAIL_GEOMETRY,CENTER_GAP_ENGAGEMENT_OR_WIDTH
S12-C1-MEDIUM-STUB25-SHIFT2.5-RES2,12,C1,COUPLING_MEDIUM,30.0,40.0,12.0,15.0,25.0,2.5,16.0,-14.0,11.0,290.0,True,False,FAIL_GEOMETRY,CENTER_GAP_ENGAGEMENT_OR_WIDTH
S12-C1-MEDIUM-STUB25-SHIFT5-RES2,12,C1,COUPLING_MEDIUM,30.0,40.0,12.0,15.0,25.0,5.0,21.0,-9.0,11.0,290.0,True,False,FAIL_GEOMETRY,CENTER_GAP_ENGAGEMENT_OR_WIDTH
S12-C1-MEDIUM-STUB25-SHIFT7.5-RES2,12,C1,COUPLING_MEDIUM,30.0,40.0,12.0,15.0,25.0,7.5,26.0,-4.0,11.0,294.0,True,False,FAIL_GEOMETRY,CENTER_GAP_ENGAGEMENT_OR_WIDTH
S12-C1-MEDIUM-STUB25-SHIFT10-RES2,12,C1,COUPLING_MEDIUM,30.0,40.0,12.0,15.0,25.0,10.0,31.0,1.0,11.0,299.0,True,False,FAIL_GEOMETRY,CENTER_GAP_ENGAGEMENT_OR_WIDTH
S12-C1-MEDIUM-STUB25-SHIFT12.5-RES2,12,C1,COUPLING_MEDIUM,30.0,40.0,12.0,15.0,25.0,12.5,36.0,6.0,11.0,304.0,True,False,FAIL_GEOMETRY,CENTER_GAP_ENGAGEMENT_OR_WIDTH
S12-C1-MEDIUM-STUB25-SHIFT15-RES2,12,C1,COUPLING_MEDIUM,30.0,40.0,12.0,15.0,25.0,15.0,41.0,11.0,11.0,309.0,True,False,FAIL_GEOMETRY,CENTER_GAP_ENGAGEMENT_OR_WIDTH
S12-C1-MEDIUM-STUB30-SHIFT0-RES2,12,C1,COUPLING_MEDIUM,30.0,40.0,12.0,15.0,30.0,0.0,1.0,-19.0,16.0,290.0,True,False,FAIL_GEOMETRY,CENTER_GAP_ENGAGEMENT_OR_WIDTH
S12-C1-MEDIUM-STUB30-SHIFT2.5-RES2,12,C1,COUPLING_MEDIUM,30.0,40.0,12.0,15.0,30.0,2.5,6.0,-14.0,16.0,290.0,True,False,FAIL_GEOMETRY,CENTER_GAP_ENGAGEMENT_OR_WIDTH
S12-C1-MEDIUM-STUB30-SHIFT5-RES2,12,C1,COUPLING_MEDIUM,30.0,40.0,12.0,15.0,30.0,5.0,11.0,-9.0,16.0,290.0,True,False,FAIL_GEOMETRY,CENTER_GAP_ENGAGEMENT_OR_WIDTH
S12-C1-MEDIUM-STUB30-SHIFT7.5-RES2,12,C1,COUPLING_MEDIUM,30.0,40.0,12.0,15.0,30.0,7.5,16.0,-4.0,16.0,294.0,True,False,FAIL_GEOMETRY,CENTER_GAP_ENGAGEMENT_OR_WIDTH
S12-C1-MEDIUM-STUB30-SHIFT10-RES2,12,C1,COUPLING_MEDIUM,30.0,40.0,12.0,15.0,30.0,10.0,21.0,1.0,16.0,299.0,True,False,FAIL_GEOMETRY,CENTER_GAP_ENGAGEMENT_OR_WIDTH
S12-C1-MEDIUM-STUB30-SHIFT12.5-RES2,12,C1,COUPLING_MEDIUM,30.0,40.0,12.0,15.0,30.0,12.5,26.0,6.0,16.0,304.0,True,False,FAIL_GEOMETRY,CENTER_GAP_ENGAGEMENT_OR_WIDTH
S12-C1-MEDIUM-STUB30-SHIFT15-RES2,12,C1,COUPLING_MEDIUM,30.0,40.0,12.0,15.0,30.0,15.0,31.0,11.0,16.0,309.0,True,False,FAIL_GEOMETRY,CENTER_GAP_ENGAGEMENT_OR_WIDTH
S12-C1-LARGE-STUB5-SHIFT0-RES2,12,C1,COUPLING_LARGE,40.0,55.0,18.0,22.0,5.0,0.0,51.0,-49.0,-15.0,290.0,True,False,FAIL_GEOMETRY,CENTER_GAP_ENGAGEMENT_OR_WIDTH
S12-C1-LARGE-STUB5-SHIFT2.5-RES2,12,C1,COUPLING_LARGE,40.0,55.0,18.0,22.0,5.0,2.5,56.0,-44.0,-15.0,290.0,True,False,FAIL_GEOMETRY,CENTER_GAP_ENGAGEMENT_OR_WIDTH
S12-C1-LARGE-STUB5-SHIFT5-RES2,12,C1,COUPLING_LARGE,40.0,55.0,18.0,22.0,5.0,5.0,61.0,-39.0,-15.0,290.0,True,False,FAIL_GEOMETRY,CENTER_GAP_ENGAGEMENT_OR_WIDTH
S12-C1-LARGE-STUB5-SHIFT7.5-RES2,12,C1,COUPLING_LARGE,40.0,55.0,18.0,22.0,5.0,7.5,66.0,-34.0,-15.0,294.0,True,False,FAIL_GEOMETRY,CENTER_GAP_ENGAGEMENT_OR_WIDTH
S12-C1-LARGE-STUB5-SHIFT10-RES2,12,C1,COUPLING_LARGE,40.0,55.0,18.0,22.0,5.0,10.0,71.0,-29.0,-15.0,299.0,True,False,FAIL_GEOMETRY,CENTER_GAP_ENGAGEMENT_OR_WIDTH
S12-C1-LARGE-STUB5-SHIFT12.5-RES2,12,C1,COUPLING_LARGE,40.0,55.0,18.0,22.0,5.0,12.5,76.0,-24.0,-15.0,304.0,True,False,FAIL_GEOMETRY,CENTER_GAP_ENGAGEMENT_OR_WIDTH
S12-C1-LARGE-STUB5-SHIFT15-RES2,12,C1,COUPLING_LARGE,40.0,55.0,18.0,22.0,5.0,15.0,81.0,-19.0,-15.0,309.0,True,False,FAIL_GEOMETRY,CENTER_GAP_ENGAGEMENT_OR_WIDTH
S12-C1-LARGE-STUB7.5-SHIFT0-RES2,12,C1,COUPLING_LARGE,40.0,55.0,18.0,22.0,7.5,0.0,46.0,-49.0,-12.5,290.0,True,False,FAIL_GEOMETRY,CENTER_GAP_ENGAGEMENT_OR_WIDTH
S12-C1-LARGE-STUB7.5-SHIFT2.5-RES2,12,C1,COUPLING_LARGE,40.0,55.0,18.0,22.0,7.5,2.5,51.0,-44.0,-12.5,290.0,True,False,FAIL_GEOMETRY,CENTER_GAP_ENGAGEMENT_OR_WIDTH
S12-C1-LARGE-STUB7.5-SHIFT5-RES2,12,C1,COUPLING_LARGE,40.0,55.0,18.0,22.0,7.5,5.0,56.0,-39.0,-12.5,290.0,True,False,FAIL_GEOMETRY,CENTER_GAP_ENGAGEMENT_OR_WIDTH
S12-C1-LARGE-STUB7.5-SHIFT7.5-RES2,12,C1,COUPLING_LARGE,40.0,55.0,18.0,22.0,7.5,7.5,61.0,-34.0,-12.5,294.0,True,False,FAIL_GEOMETRY,CENTER_GAP_ENGAGEMENT_OR_WIDTH
S12-C1-LARGE-STUB7.5-SHIFT10-RES2,12,C1,COUPLING_LARGE,40.0,55.0,18.0,22.0,7.5,10.0,66.0,-29.0,-12.5,299.0,True,False,FAIL_GEOMETRY,CENTER_GAP_ENGAGEMENT_OR_WIDTH
S12-C1-LARGE-STUB7.5-SHIFT12.5-RES2,12,C1,COUPLING_LARGE,40.0,55.0,18.0,22.0,7.5,12.5,71.0,-24.0,-12.5,304.0,True,False,FAIL_GEOMETRY,CENTER_GAP_ENGAGEMENT_OR_WIDTH
S12-C1-LARGE-STUB7.5-SHIFT15-RES2,12,C1,COUPLING_LARGE,40.0,55.0,18.0,22.0,7.5,15.0,76.0,-19.0,-12.5,309.0,True,False,FAIL_GEOMETRY,CENTER_GAP_ENGAGEMENT_OR_WIDTH
S12-C1-LARGE-STUB10-SHIFT0-RES2,12,C1,COUPLING_LARGE,40.0,55.0,18.0,22.0,10.0,0.0,41.0,-49.0,-10.0,290.0,True,False,FAIL_GEOMETRY,CENTER_GAP_ENGAGEMENT_OR_WIDTH
S12-C1-LARGE-STUB10-SHIFT2.5-RES2,12,C1,COUPLING_LARGE,40.0,55.0,18.0,22.0,10.0,2.5,46.0,-44.0,-10.0,290.0,True,False,FAIL_GEOMETRY,CENTER_GAP_ENGAGEMENT_OR_WIDTH
S12-C1-LARGE-STUB10-SHIFT5-RES2,12,C1,COUPLING_LARGE,40.0,55.0,18.0,22.0,10.0,5.0,51.0,-39.0,-10.0,290.0,True,False,FAIL_GEOMETRY,CENTER_GAP_ENGAGEMENT_OR_WIDTH
S12-C1-LARGE-STUB10-SHIFT7.5-RES2,12,C1,COUPLING_LARGE,40.0,55.0,18.0,22.0,10.0,7.5,56.0,-34.0,-10.0,294.0,True,False,FAIL_GEOMETRY,CENTER_GAP_ENGAGEMENT_OR_WIDTH
S12-C1-LARGE-STUB10-SHIFT10-RES2,12,C1,COUPLING_LARGE,40.0,55.0,18.0,22.0,10.0,10.0,61.0,-29.0,-10.0,299.0,True,False,FAIL_GEOMETRY,CENTER_GAP_ENGAGEMENT_OR_WIDTH
S12-C1-LARGE-STUB10-SHIFT12.5-RES2,12,C1,COUPLING_LARGE,40.0,55.0,18.0,22.0,10.0,12.5,66.0,-24.0,-10.0,304.0,True,False,FAIL_GEOMETRY,CENTER_GAP_ENGAGEMENT_OR_WIDTH
S12-C1-LARGE-STUB10-SHIFT15-RES2,12,C1,COUPLING_LARGE,40.0,55.0,18.0,22.0,10.0,15.0,71.0,-19.0,-10.0,309.0,True,False,FAIL_GEOMETRY,CENTER_GAP_ENGAGEMENT_OR_WIDTH
S12-C1-LARGE-STUB12.5-SHIFT0-RES2,12,C1,COUPLING_LARGE,40.0,55.0,18.0,22.0,12.5,0.0,36.0,-49.0,-7.5,290.0,True,False,FAIL_GEOMETRY,CENTER_GAP_ENGAGEMENT_OR_WIDTH
S12-C1-LARGE-STUB12.5-SHIFT2.5-RES2,12,C1,COUPLING_LARGE,40.0,55.0,18.0,22.0,12.5,2.5,41.0,-44.0,-7.5,290.0,True,False,FAIL_GEOMETRY,CENTER_GAP_ENGAGEMENT_OR_WIDTH
S12-C1-LARGE-STUB12.5-SHIFT5-RES2,12,C1,COUPLING_LARGE,40.0,55.0,18.0,22.0,12.5,5.0,46.0,-39.0,-7.5,290.0,True,False,FAIL_GEOMETRY,CENTER_GAP_ENGAGEMENT_OR_WIDTH
S12-C1-LARGE-STUB12.5-SHIFT7.5-RES2,12,C1,COUPLING_LARGE,40.0,55.0,18.0,22.0,12.5,7.5,51.0,-34.0,-7.5,294.0,True,False,FAIL_GEOMETRY,CENTER_GAP_ENGAGEMENT_OR_WIDTH
S12-C1-LARGE-STUB12.5-SHIFT10-RES2,12,C1,COUPLING_LARGE,40.0,55.0,18.0,22.0,12.5,10.0,56.0,-29.0,-7.5,299.0,True,False,FAIL_GEOMETRY,CENTER_GAP_ENGAGEMENT_OR_WIDTH
S12-C1-LARGE-STUB12.5-SHIFT12.5-RES2,12,C1,COUPLING_LARGE,40.0,55.0,18.0,22.0,12.5,12.5,61.0,-24.0,-7.5,304.0,True,False,FAIL_GEOMETRY,CENTER_GAP_ENGAGEMENT_OR_WIDTH
S12-C1-LARGE-STUB12.5-SHIFT15-RES2,12,C1,COUPLING_LARGE,40.0,55.0,18.0,22.0,12.5,15.0,66.0,-19.0,-7.5,309.0,True,False,FAIL_GEOMETRY,CENTER_GAP_ENGAGEMENT_OR_WIDTH
S12-C1-LARGE-STUB15-SHIFT0-RES2,12,C1,COUPLING_LARGE,40.0,55.0,18.0,22.0,15.0,0.0,31.0,-49.0,-5.0,290.0,True,False,FAIL_GEOMETRY,CENTER_GAP_ENGAGEMENT_OR_WIDTH
S12-C1-LARGE-STUB15-SHIFT2.5-RES2,12,C1,COUPLING_LARGE,40.0,55.0,18.0,22.0,15.0,2.5,36.0,-44.0,-5.0,290.0,True,False,FAIL_GEOMETRY,CENTER_GAP_ENGAGEMENT_OR_WIDTH
S12-C1-LARGE-STUB15-SHIFT5-RES2,12,C1,COUPLING_LARGE,40.0,55.0,18.0,22.0,15.0,5.0,41.0,-39.0,-5.0,290.0,True,False,FAIL_GEOMETRY,CENTER_GAP_ENGAGEMENT_OR_WIDTH
S12-C1-LARGE-STUB15-SHIFT7.5-RES2,12,C1,COUPLING_LARGE,40.0,55.0,18.0,22.0,15.0,7.5,46.0,-34.0,-5.0,294.0,True,False,FAIL_GEOMETRY,CENTER_GAP_ENGAGEMENT_OR_WIDTH
S12-C1-LARGE-STUB15-SHIFT10-RES2,12,C1,COUPLING_LARGE,40.0,55.0,18.0,22.0,15.0,10.0,51.0,-29.0,-5.0,299.0,True,False,FAIL_GEOMETRY,CENTER_GAP_ENGAGEMENT_OR_WIDTH
S12-C1-LARGE-STUB15-SHIFT12.5-RES2,12,C1,COUPLING_LARGE,40.0,55.0,18.0,22.0,15.0,12.5,56.0,-24.0,-5.0,304.0,True,False,FAIL_GEOMETRY,CENTER_GAP_ENGAGEMENT_OR_WIDTH
S12-C1-LARGE-STUB15-SHIFT15-RES2,12,C1,COUPLING_LARGE,40.0,55.0,18.0,22.0,15.0,15.0,61.0,-19.0,-5.0,309.0,True,False,FAIL_GEOMETRY,CENTER_GAP_ENGAGEMENT_OR_WIDTH
S12-C1-LARGE-STUB17.5-SHIFT0-RES2,12,C1,COUPLING_LARGE,40.0,55.0,18.0,22.0,17.5,0.0,26.0,-49.0,-2.5,290.0,True,False,FAIL_GEOMETRY,CENTER_GAP_ENGAGEMENT_OR_WIDTH
S12-C1-LARGE-STUB17.5-SHIFT2.5-RES2,12,C1,COUPLING_LARGE,40.0,55.0,18.0,22.0,17.5,2.5,31.0,-44.0,-2.5,290.0,True,False,FAIL_GEOMETRY,CENTER_GAP_ENGAGEMENT_OR_WIDTH
S12-C1-LARGE-STUB17.5-SHIFT5-RES2,12,C1,COUPLING_LARGE,40.0,55.0,18.0,22.0,17.5,5.0,36.0,-39.0,-2.5,290.0,True,False,FAIL_GEOMETRY,CENTER_GAP_ENGAGEMENT_OR_WIDTH
S12-C1-LARGE-STUB17.5-SHIFT7.5-RES2,12,C1,COUPLING_LARGE,40.0,55.0,18.0,22.0,17.5,7.5,41.0,-34.0,-2.5,294.0,True,False,FAIL_GEOMETRY,CENTER_GAP_ENGAGEMENT_OR_WIDTH
S12-C1-LARGE-STUB17.5-SHIFT10-RES2,12,C1,COUPLING_LARGE,40.0,55.0,18.0,22.0,17.5,10.0,46.0,-29.0,-2.5,299.0,True,False,FAIL_GEOMETRY,CENTER_GAP_ENGAGEMENT_OR_WIDTH
S12-C1-LARGE-STUB17.5-SHIFT12.5-RES2,12,C1,COUPLING_LARGE,40.0,55.0,18.0,22.0,17.5,12.5,51.0,-24.0,-2.5,304.0,True,False,FAIL_GEOMETRY,CENTER_GAP_ENGAGEMENT_OR_WIDTH
S12-C1-LARGE-STUB17.5-SHIFT15-RES2,12,C1,COUPLING_LARGE,40.0,55.0,18.0,22.0,17.5,15.0,56.0,-19.0,-2.5,309.0,True,False,FAIL_GEOMETRY,CENTER_GAP_ENGAGEMENT_OR_WIDTH
S12-C1-LARGE-STUB20-SHIFT0-RES2,12,C1,COUPLING_LARGE,40.0,55.0,18.0,22.0,20.0,0.0,21.0,-49.0,0.0,290.0,True,False,FAIL_GEOMETRY,CENTER_GAP_ENGAGEMENT_OR_WIDTH
S12-C1-LARGE-STUB20-SHIFT2.5-RES2,12,C1,COUPLING_LARGE,40.0,55.0,18.0,22.0,20.0,2.5,26.0,-44.0,0.0,290.0,True,False,FAIL_GEOMETRY,CENTER_GAP_ENGAGEMENT_OR_WIDTH
S12-C1-LARGE-STUB20-SHIFT5-RES2,12,C1,COUPLING_LARGE,40.0,55.0,18.0,22.0,20.0,5.0,31.0,-39.0,0.0,290.0,True,False,FAIL_GEOMETRY,CENTER_GAP_ENGAGEMENT_OR_WIDTH
S12-C1-LARGE-STUB20-SHIFT7.5-RES2,12,C1,COUPLING_LARGE,40.0,55.0,18.0,22.0,20.0,7.5,36.0,-34.0,0.0,294.0,True,False,FAIL_GEOMETRY,CENTER_GAP_ENGAGEMENT_OR_WIDTH
S12-C1-LARGE-STUB20-SHIFT10-RES2,12,C1,COUPLING_LARGE,40.0,55.0,18.0,22.0,20.0,10.0,41.0,-29.0,0.0,299.0,True,False,FAIL_GEOMETRY,CENTER_GAP_ENGAGEMENT_OR_WIDTH
S12-C1-LARGE-STUB20-SHIFT12.5-RES2,12,C1,COUPLING_LARGE,40.0,55.0,18.0,22.0,20.0,12.5,46.0,-24.0,0.0,304.0,True,False,FAIL_GEOMETRY,CENTER_GAP_ENGAGEMENT_OR_WIDTH
S12-C1-LARGE-STUB20-SHIFT15-RES2,12,C1,COUPLING_LARGE,40.0,55.0,18.0,22.0,20.0,15.0,51.0,-19.0,0.0,309.0,True,False,FAIL_GEOMETRY,CENTER_GAP_ENGAGEMENT_OR_WIDTH
S12-C1-LARGE-STUB25-SHIFT0-RES2,12,C1,COUPLING_LARGE,40.0,55.0,18.0,22.0,25.0,0.0,11.0,-49.0,5.0,290.0,True,False,FAIL_GEOMETRY,CENTER_GAP_ENGAGEMENT_OR_WIDTH
S12-C1-LARGE-STUB25-SHIFT2.5-RES2,12,C1,COUPLING_LARGE,40.0,55.0,18.0,22.0,25.0,2.5,16.0,-44.0,5.0,290.0,True,False,FAIL_GEOMETRY,CENTER_GAP_ENGAGEMENT_OR_WIDTH
S12-C1-LARGE-STUB25-SHIFT5-RES2,12,C1,COUPLING_LARGE,40.0,55.0,18.0,22.0,25.0,5.0,21.0,-39.0,5.0,290.0,True,False,FAIL_GEOMETRY,CENTER_GAP_ENGAGEMENT_OR_WIDTH
S12-C1-LARGE-STUB25-SHIFT7.5-RES2,12,C1,COUPLING_LARGE,40.0,55.0,18.0,22.0,25.0,7.5,26.0,-34.0,5.0,294.0,True,False,FAIL_GEOMETRY,CENTER_GAP_ENGAGEMENT_OR_WIDTH
S12-C1-LARGE-STUB25-SHIFT10-RES2,12,C1,COUPLING_LARGE,40.0,55.0,18.0,22.0,25.0,10.0,31.0,-29.0,5.0,299.0,True,False,FAIL_GEOMETRY,CENTER_GAP_ENGAGEMENT_OR_WIDTH
S12-C1-LARGE-STUB25-SHIFT12.5-RES2,12,C1,COUPLING_LARGE,40.0,55.0,18.0,22.0,25.0,12.5,36.0,-24.0,5.0,304.0,True,False,FAIL_GEOMETRY,CENTER_GAP_ENGAGEMENT_OR_WIDTH
S12-C1-LARGE-STUB25-SHIFT15-RES2,12,C1,COUPLING_LARGE,40.0,55.0,18.0,22.0,25.0,15.0,41.0,-19.0,5.0,309.0,True,False,FAIL_GEOMETRY,CENTER_GAP_ENGAGEMENT_OR_WIDTH
S12-C1-LARGE-STUB30-SHIFT0-RES2,12,C1,COUPLING_LARGE,40.0,55.0,18.0,22.0,30.0,0.0,1.0,-49.0,10.0,290.0,True,False,FAIL_GEOMETRY,CENTER_GAP_ENGAGEMENT_OR_WIDTH
S12-C1-LARGE-STUB30-SHIFT2.5-RES2,12,C1,COUPLING_LARGE,40.0,55.0,18.0,22.0,30.0,2.5,6.0,-44.0,10.0,290.0,True,False,FAIL_GEOMETRY,CENTER_GAP_ENGAGEMENT_OR_WIDTH
S12-C1-LARGE-STUB30-SHIFT5-RES2,12,C1,COUPLING_LARGE,40.0,55.0,18.0,22.0,30.0,5.0,11.0,-39.0,10.0,290.0,True,False,FAIL_GEOMETRY,CENTER_GAP_ENGAGEMENT_OR_WIDTH
S12-C1-LARGE-STUB30-SHIFT7.5-RES2,12,C1,COUPLING_LARGE,40.0,55.0,18.0,22.0,30.0,7.5,16.0,-34.0,10.0,294.0,True,False,FAIL_GEOMETRY,CENTER_GAP_ENGAGEMENT_OR_WIDTH
S12-C1-LARGE-STUB30-SHIFT10-RES2,12,C1,COUPLING_LARGE,40.0,55.0,18.0,22.0,30.0,10.0,21.0,-29.0,10.0,299.0,True,False,FAIL_GEOMETRY,CENTER_GAP_ENGAGEMENT_OR_WIDTH
S12-C1-LARGE-STUB30-SHIFT12.5-RES2,12,C1,COUPLING_LARGE,40.0,55.0,18.0,22.0,30.0,12.5,26.0,-24.0,10.0,304.0,True,False,FAIL_GEOMETRY,CENTER_GAP_ENGAGEMENT_OR_WIDTH
S12-C1-LARGE-STUB30-SHIFT15-RES2,12,C1,COUPLING_LARGE,40.0,55.0,18.0,22.0,30.0,15.0,31.0,-19.0,10.0,309.0,True,False,FAIL_GEOMETRY,CENTER_GAP_ENGAGEMENT_OR_WIDTH
S12-C1-XL-STUB5-SHIFT0-RES2,12,C1,COUPLING_XL,50.0,70.0,25.0,30.0,5.0,0.0,51.0,-79.0,-22.0,290.0,True,False,FAIL_GEOMETRY,CENTER_GAP_ENGAGEMENT_OR_WIDTH
S12-C1-XL-STUB5-SHIFT2.5-RES2,12,C1,COUPLING_XL,50.0,70.0,25.0,30.0,5.0,2.5,56.0,-74.0,-22.0,290.0,True,False,FAIL_GEOMETRY,CENTER_GAP_ENGAGEMENT_OR_WIDTH
S12-C1-XL-STUB5-SHIFT5-RES2,12,C1,COUPLING_XL,50.0,70.0,25.0,30.0,5.0,5.0,61.0,-69.0,-22.0,290.0,True,False,FAIL_GEOMETRY,CENTER_GAP_ENGAGEMENT_OR_WIDTH
S12-C1-XL-STUB5-SHIFT7.5-RES2,12,C1,COUPLING_XL,50.0,70.0,25.0,30.0,5.0,7.5,66.0,-64.0,-22.0,294.0,True,False,FAIL_GEOMETRY,CENTER_GAP_ENGAGEMENT_OR_WIDTH
S12-C1-XL-STUB5-SHIFT10-RES2,12,C1,COUPLING_XL,50.0,70.0,25.0,30.0,5.0,10.0,71.0,-59.0,-22.0,299.0,True,False,FAIL_GEOMETRY,CENTER_GAP_ENGAGEMENT_OR_WIDTH
S12-C1-XL-STUB5-SHIFT12.5-RES2,12,C1,COUPLING_XL,50.0,70.0,25.0,30.0,5.0,12.5,76.0,-54.0,-22.0,304.0,True,False,FAIL_GEOMETRY,CENTER_GAP_ENGAGEMENT_OR_WIDTH
S12-C1-XL-STUB5-SHIFT15-RES2,12,C1,COUPLING_XL,50.0,70.0,25.0,30.0,5.0,15.0,81.0,-49.0,-22.0,309.0,True,False,FAIL_GEOMETRY,CENTER_GAP_ENGAGEMENT_OR_WIDTH
S12-C1-XL-STUB7.5-SHIFT0-RES2,12,C1,COUPLING_XL,50.0,70.0,25.0,30.0,7.5,0.0,46.0,-79.0,-19.5,290.0,True,False,FAIL_GEOMETRY,CENTER_GAP_ENGAGEMENT_OR_WIDTH
S12-C1-XL-STUB7.5-SHIFT2.5-RES2,12,C1,COUPLING_XL,50.0,70.0,25.0,30.0,7.5,2.5,51.0,-74.0,-19.5,290.0,True,False,FAIL_GEOMETRY,CENTER_GAP_ENGAGEMENT_OR_WIDTH
S12-C1-XL-STUB7.5-SHIFT5-RES2,12,C1,COUPLING_XL,50.0,70.0,25.0,30.0,7.5,5.0,56.0,-69.0,-19.5,290.0,True,False,FAIL_GEOMETRY,CENTER_GAP_ENGAGEMENT_OR_WIDTH
S12-C1-XL-STUB7.5-SHIFT7.5-RES2,12,C1,COUPLING_XL,50.0,70.0,25.0,30.0,7.5,7.5,61.0,-64.0,-19.5,294.0,True,False,FAIL_GEOMETRY,CENTER_GAP_ENGAGEMENT_OR_WIDTH
S12-C1-XL-STUB7.5-SHIFT10-RES2,12,C1,COUPLING_XL,50.0,70.0,25.0,30.0,7.5,10.0,66.0,-59.0,-19.5,299.0,True,False,FAIL_GEOMETRY,CENTER_GAP_ENGAGEMENT_OR_WIDTH
S12-C1-XL-STUB7.5-SHIFT12.5-RES2,12,C1,COUPLING_XL,50.0,70.0,25.0,30.0,7.5,12.5,71.0,-54.0,-19.5,304.0,True,False,FAIL_GEOMETRY,CENTER_GAP_ENGAGEMENT_OR_WIDTH
S12-C1-XL-STUB7.5-SHIFT15-RES2,12,C1,COUPLING_XL,50.0,70.0,25.0,30.0,7.5,15.0,76.0,-49.0,-19.5,309.0,True,False,FAIL_GEOMETRY,CENTER_GAP_ENGAGEMENT_OR_WIDTH
S12-C1-XL-STUB10-SHIFT0-RES2,12,C1,COUPLING_XL,50.0,70.0,25.0,30.0,10.0,0.0,41.0,-79.0,-17.0,290.0,True,False,FAIL_GEOMETRY,CENTER_GAP_ENGAGEMENT_OR_WIDTH
S12-C1-XL-STUB10-SHIFT2.5-RES2,12,C1,COUPLING_XL,50.0,70.0,25.0,30.0,10.0,2.5,46.0,-74.0,-17.0,290.0,True,False,FAIL_GEOMETRY,CENTER_GAP_ENGAGEMENT_OR_WIDTH
S12-C1-XL-STUB10-SHIFT5-RES2,12,C1,COUPLING_XL,50.0,70.0,25.0,30.0,10.0,5.0,51.0,-69.0,-17.0,290.0,True,False,FAIL_GEOMETRY,CENTER_GAP_ENGAGEMENT_OR_WIDTH
S12-C1-XL-STUB10-SHIFT7.5-RES2,12,C1,COUPLING_XL,50.0,70.0,25.0,30.0,10.0,7.5,56.0,-64.0,-17.0,294.0,True,False,FAIL_GEOMETRY,CENTER_GAP_ENGAGEMENT_OR_WIDTH
S12-C1-XL-STUB10-SHIFT10-RES2,12,C1,COUPLING_XL,50.0,70.0,25.0,30.0,10.0,10.0,61.0,-59.0,-17.0,299.0,True,False,FAIL_GEOMETRY,CENTER_GAP_ENGAGEMENT_OR_WIDTH
S12-C1-XL-STUB10-SHIFT12.5-RES2,12,C1,COUPLING_XL,50.0,70.0,25.0,30.0,10.0,12.5,66.0,-54.0,-17.0,304.0,True,False,FAIL_GEOMETRY,CENTER_GAP_ENGAGEMENT_OR_WIDTH
S12-C1-XL-STUB10-SHIFT15-RES2,12,C1,COUPLING_XL,50.0,70.0,25.0,30.0,10.0,15.0,71.0,-49.0,-17.0,309.0,True,False,FAIL_GEOMETRY,CENTER_GAP_ENGAGEMENT_OR_WIDTH
S12-C1-XL-STUB12.5-SHIFT0-RES2,12,C1,COUPLING_XL,50.0,70.0,25.0,30.0,12.5,0.0,36.0,-79.0,-14.5,290.0,True,False,FAIL_GEOMETRY,CENTER_GAP_ENGAGEMENT_OR_WIDTH
S12-C1-XL-STUB12.5-SHIFT2.5-RES2,12,C1,COUPLING_XL,50.0,70.0,25.0,30.0,12.5,2.5,41.0,-74.0,-14.5,290.0,True,False,FAIL_GEOMETRY,CENTER_GAP_ENGAGEMENT_OR_WIDTH
S12-C1-XL-STUB12.5-SHIFT5-RES2,12,C1,COUPLING_XL,50.0,70.0,25.0,30.0,12.5,5.0,46.0,-69.0,-14.5,290.0,True,False,FAIL_GEOMETRY,CENTER_GAP_ENGAGEMENT_OR_WIDTH
S12-C1-XL-STUB12.5-SHIFT7.5-RES2,12,C1,COUPLING_XL,50.0,70.0,25.0,30.0,12.5,7.5,51.0,-64.0,-14.5,294.0,True,False,FAIL_GEOMETRY,CENTER_GAP_ENGAGEMENT_OR_WIDTH
S12-C1-XL-STUB12.5-SHIFT10-RES2,12,C1,COUPLING_XL,50.0,70.0,25.0,30.0,12.5,10.0,56.0,-59.0,-14.5,299.0,True,False,FAIL_GEOMETRY,CENTER_GAP_ENGAGEMENT_OR_WIDTH
S12-C1-XL-STUB12.5-SHIFT12.5-RES2,12,C1,COUPLING_XL,50.0,70.0,25.0,30.0,12.5,12.5,61.0,-54.0,-14.5,304.0,True,False,FAIL_GEOMETRY,CENTER_GAP_ENGAGEMENT_OR_WIDTH
S12-C1-XL-STUB12.5-SHIFT15-RES2,12,C1,COUPLING_XL,50.0,70.0,25.0,30.0,12.5,15.0,66.0,-49.0,-14.5,309.0,True,False,FAIL_GEOMETRY,CENTER_GAP_ENGAGEMENT_OR_WIDTH
S12-C1-XL-STUB15-SHIFT0-RES2,12,C1,COUPLING_XL,50.0,70.0,25.0,30.0,15.0,0.0,31.0,-79.0,-12.0,290.0,True,False,FAIL_GEOMETRY,CENTER_GAP_ENGAGEMENT_OR_WIDTH
S12-C1-XL-STUB15-SHIFT2.5-RES2,12,C1,COUPLING_XL,50.0,70.0,25.0,30.0,15.0,2.5,36.0,-74.0,-12.0,290.0,True,False,FAIL_GEOMETRY,CENTER_GAP_ENGAGEMENT_OR_WIDTH
S12-C1-XL-STUB15-SHIFT5-RES2,12,C1,COUPLING_XL,50.0,70.0,25.0,30.0,15.0,5.0,41.0,-69.0,-12.0,290.0,True,False,FAIL_GEOMETRY,CENTER_GAP_ENGAGEMENT_OR_WIDTH
S12-C1-XL-STUB15-SHIFT7.5-RES2,12,C1,COUPLING_XL,50.0,70.0,25.0,30.0,15.0,7.5,46.0,-64.0,-12.0,294.0,True,False,FAIL_GEOMETRY,CENTER_GAP_ENGAGEMENT_OR_WIDTH
S12-C1-XL-STUB15-SHIFT10-RES2,12,C1,COUPLING_XL,50.0,70.0,25.0,30.0,15.0,10.0,51.0,-59.0,-12.0,299.0,True,False,FAIL_GEOMETRY,CENTER_GAP_ENGAGEMENT_OR_WIDTH
S12-C1-XL-STUB15-SHIFT12.5-RES2,12,C1,COUPLING_XL,50.0,70.0,25.0,30.0,15.0,12.5,56.0,-54.0,-12.0,304.0,True,False,FAIL_GEOMETRY,CENTER_GAP_ENGAGEMENT_OR_WIDTH
S12-C1-XL-STUB15-SHIFT15-RES2,12,C1,COUPLING_XL,50.0,70.0,25.0,30.0,15.0,15.0,61.0,-49.0,-12.0,309.0,True,False,FAIL_GEOMETRY,CENTER_GAP_ENGAGEMENT_OR_WIDTH
S12-C1-XL-STUB17.5-SHIFT0-RES2,12,C1,COUPLING_XL,50.0,70.0,25.0,30.0,17.5,0.0,26.0,-79.0,-9.5,290.0,True,False,FAIL_GEOMETRY,CENTER_GAP_ENGAGEMENT_OR_WIDTH
S12-C1-XL-STUB17.5-SHIFT2.5-RES2,12,C1,COUPLING_XL,50.0,70.0,25.0,30.0,17.5,2.5,31.0,-74.0,-9.5,290.0,True,False,FAIL_GEOMETRY,CENTER_GAP_ENGAGEMENT_OR_WIDTH
S12-C1-XL-STUB17.5-SHIFT5-RES2,12,C1,COUPLING_XL,50.0,70.0,25.0,30.0,17.5,5.0,36.0,-69.0,-9.5,290.0,True,False,FAIL_GEOMETRY,CENTER_GAP_ENGAGEMENT_OR_WIDTH
S12-C1-XL-STUB17.5-SHIFT7.5-RES2,12,C1,COUPLING_XL,50.0,70.0,25.0,30.0,17.5,7.5,41.0,-64.0,-9.5,294.0,True,False,FAIL_GEOMETRY,CENTER_GAP_ENGAGEMENT_OR_WIDTH
S12-C1-XL-STUB17.5-SHIFT10-RES2,12,C1,COUPLING_XL,50.0,70.0,25.0,30.0,17.5,10.0,46.0,-59.0,-9.5,299.0,True,False,FAIL_GEOMETRY,CENTER_GAP_ENGAGEMENT_OR_WIDTH
S12-C1-XL-STUB17.5-SHIFT12.5-RES2,12,C1,COUPLING_XL,50.0,70.0,25.0,30.0,17.5,12.5,51.0,-54.0,-9.5,304.0,True,False,FAIL_GEOMETRY,CENTER_GAP_ENGAGEMENT_OR_WIDTH
S12-C1-XL-STUB17.5-SHIFT15-RES2,12,C1,COUPLING_XL,50.0,70.0,25.0,30.0,17.5,15.0,56.0,-49.0,-9.5,309.0,True,False,FAIL_GEOMETRY,CENTER_GAP_ENGAGEMENT_OR_WIDTH
S12-C1-XL-STUB20-SHIFT0-RES2,12,C1,COUPLING_XL,50.0,70.0,25.0,30.0,20.0,0.0,21.0,-79.0,-7.0,290.0,True,False,FAIL_GEOMETRY,CENTER_GAP_ENGAGEMENT_OR_WIDTH
S12-C1-XL-STUB20-SHIFT2.5-RES2,12,C1,COUPLING_XL,50.0,70.0,25.0,30.0,20.0,2.5,26.0,-74.0,-7.0,290.0,True,False,FAIL_GEOMETRY,CENTER_GAP_ENGAGEMENT_OR_WIDTH
S12-C1-XL-STUB20-SHIFT5-RES2,12,C1,COUPLING_XL,50.0,70.0,25.0,30.0,20.0,5.0,31.0,-69.0,-7.0,290.0,True,False,FAIL_GEOMETRY,CENTER_GAP_ENGAGEMENT_OR_WIDTH
S12-C1-XL-STUB20-SHIFT7.5-RES2,12,C1,COUPLING_XL,50.0,70.0,25.0,30.0,20.0,7.5,36.0,-64.0,-7.0,294.0,True,False,FAIL_GEOMETRY,CENTER_GAP_ENGAGEMENT_OR_WIDTH
S12-C1-XL-STUB20-SHIFT10-RES2,12,C1,COUPLING_XL,50.0,70.0,25.0,30.0,20.0,10.0,41.0,-59.0,-7.0,299.0,True,False,FAIL_GEOMETRY,CENTER_GAP_ENGAGEMENT_OR_WIDTH
S12-C1-XL-STUB20-SHIFT12.5-RES2,12,C1,COUPLING_XL,50.0,70.0,25.0,30.0,20.0,12.5,46.0,-54.0,-7.0,304.0,True,False,FAIL_GEOMETRY,CENTER_GAP_ENGAGEMENT_OR_WIDTH
S12-C1-XL-STUB20-SHIFT15-RES2,12,C1,COUPLING_XL,50.0,70.0,25.0,30.0,20.0,15.0,51.0,-49.0,-7.0,309.0,True,False,FAIL_GEOMETRY,CENTER_GAP_ENGAGEMENT_OR_WIDTH
S12-C1-XL-STUB25-SHIFT0-RES2,12,C1,COUPLING_XL,50.0,70.0,25.0,30.0,25.0,0.0,11.0,-79.0,-2.0,290.0,True,False,FAIL_GEOMETRY,CENTER_GAP_ENGAGEMENT_OR_WIDTH
S12-C1-XL-STUB25-SHIFT2.5-RES2,12,C1,COUPLING_XL,50.0,70.0,25.0,30.0,25.0,2.5,16.0,-74.0,-2.0,290.0,True,False,FAIL_GEOMETRY,CENTER_GAP_ENGAGEMENT_OR_WIDTH
S12-C1-XL-STUB25-SHIFT5-RES2,12,C1,COUPLING_XL,50.0,70.0,25.0,30.0,25.0,5.0,21.0,-69.0,-2.0,290.0,True,False,FAIL_GEOMETRY,CENTER_GAP_ENGAGEMENT_OR_WIDTH
S12-C1-XL-STUB25-SHIFT7.5-RES2,12,C1,COUPLING_XL,50.0,70.0,25.0,30.0,25.0,7.5,26.0,-64.0,-2.0,294.0,True,False,FAIL_GEOMETRY,CENTER_GAP_ENGAGEMENT_OR_WIDTH
S12-C1-XL-STUB25-SHIFT10-RES2,12,C1,COUPLING_XL,50.0,70.0,25.0,30.0,25.0,10.0,31.0,-59.0,-2.0,299.0,True,False,FAIL_GEOMETRY,CENTER_GAP_ENGAGEMENT_OR_WIDTH
S12-C1-XL-STUB25-SHIFT12.5-RES2,12,C1,COUPLING_XL,50.0,70.0,25.0,30.0,25.0,12.5,36.0,-54.0,-2.0,304.0,True,False,FAIL_GEOMETRY,CENTER_GAP_ENGAGEMENT_OR_WIDTH
S12-C1-XL-STUB25-SHIFT15-RES2,12,C1,COUPLING_XL,50.0,70.0,25.0,30.0,25.0,15.0,41.0,-49.0,-2.0,309.0,True,False,FAIL_GEOMETRY,CENTER_GAP_ENGAGEMENT_OR_WIDTH
S12-C1-XL-STUB30-SHIFT0-RES2,12,C1,COUPLING_XL,50.0,70.0,25.0,30.0,30.0,0.0,1.0,-79.0,3.0,290.0,True,False,FAIL_GEOMETRY,CENTER_GAP_ENGAGEMENT_OR_WIDTH
S12-C1-XL-STUB30-SHIFT2.5-RES2,12,C1,COUPLING_XL,50.0,70.0,25.0,30.0,30.0,2.5,6.0,-74.0,3.0,290.0,True,False,FAIL_GEOMETRY,CENTER_GAP_ENGAGEMENT_OR_WIDTH
S12-C1-XL-STUB30-SHIFT5-RES2,12,C1,COUPLING_XL,50.0,70.0,25.0,30.0,30.0,5.0,11.0,-69.0,3.0,290.0,True,False,FAIL_GEOMETRY,CENTER_GAP_ENGAGEMENT_OR_WIDTH
S12-C1-XL-STUB30-SHIFT7.5-RES2,12,C1,COUPLING_XL,50.0,70.0,25.0,30.0,30.0,7.5,16.0,-64.0,3.0,294.0,True,False,FAIL_GEOMETRY,CENTER_GAP_ENGAGEMENT_OR_WIDTH
S12-C1-XL-STUB30-SHIFT10-RES2,12,C1,COUPLING_XL,50.0,70.0,25.0,30.0,30.0,10.0,21.0,-59.0,3.0,299.0,True,False,FAIL_GEOMETRY,CENTER_GAP_ENGAGEMENT_OR_WIDTH
S12-C1-XL-STUB30-SHIFT12.5-RES2,12,C1,COUPLING_XL,50.0,70.0,25.0,30.0,30.0,12.5,26.0,-54.0,3.0,304.0,True,False,FAIL_GEOMETRY,CENTER_GAP_ENGAGEMENT_OR_WIDTH
S12-C1-XL-STUB30-SHIFT15-RES2,12,C1,COUPLING_XL,50.0,70.0,25.0,30.0,30.0,15.0,31.0,-49.0,3.0,309.0,True,False,FAIL_GEOMETRY,CENTER_GAP_ENGAGEMENT_OR_WIDTH
S12-C2-SMALL-STUB5-SHIFT0-RES2,12,C2,COUPLING_SMALL,20.0,25.0,8.0,10.0,5.0,0.0,51.0,11.0,-5.0,290.0,True,False,FAIL_GEOMETRY,CENTER_GAP_ENGAGEMENT_OR_WIDTH
S12-C2-SMALL-STUB5-SHIFT2.5-RES2,12,C2,COUPLING_SMALL,20.0,25.0,8.0,10.0,5.0,2.5,56.0,16.0,-5.0,290.0,True,False,FAIL_GEOMETRY,CENTER_GAP_ENGAGEMENT_OR_WIDTH
S12-C2-SMALL-STUB5-SHIFT5-RES2,12,C2,COUPLING_SMALL,20.0,25.0,8.0,10.0,5.0,5.0,61.0,21.0,-5.0,290.0,True,False,FAIL_GEOMETRY,CENTER_GAP_ENGAGEMENT_OR_WIDTH
S12-C2-SMALL-STUB5-SHIFT7.5-RES2,12,C2,COUPLING_SMALL,20.0,25.0,8.0,10.0,5.0,7.5,66.0,26.0,-5.0,294.0,True,False,FAIL_GEOMETRY,CENTER_GAP_ENGAGEMENT_OR_WIDTH
S12-C2-SMALL-STUB5-SHIFT10-RES2,12,C2,COUPLING_SMALL,20.0,25.0,8.0,10.0,5.0,10.0,71.0,31.0,-5.0,299.0,True,False,FAIL_GEOMETRY,CENTER_GAP_ENGAGEMENT_OR_WIDTH
S12-C2-SMALL-STUB5-SHIFT12.5-RES2,12,C2,COUPLING_SMALL,20.0,25.0,8.0,10.0,5.0,12.5,76.0,36.0,-5.0,304.0,True,False,FAIL_GEOMETRY,CENTER_GAP_ENGAGEMENT_OR_WIDTH
S12-C2-SMALL-STUB5-SHIFT15-RES2,12,C2,COUPLING_SMALL,20.0,25.0,8.0,10.0,5.0,15.0,81.0,41.0,-5.0,309.0,True,False,FAIL_GEOMETRY,CENTER_GAP_ENGAGEMENT_OR_WIDTH
S12-C2-SMALL-STUB7.5-SHIFT0-RES2,12,C2,COUPLING_SMALL,20.0,25.0,8.0,10.0,7.5,0.0,46.0,11.0,-2.5,290.0,True,False,FAIL_GEOMETRY,CENTER_GAP_ENGAGEMENT_OR_WIDTH
S12-C2-SMALL-STUB7.5-SHIFT2.5-RES2,12,C2,COUPLING_SMALL,20.0,25.0,8.0,10.0,7.5,2.5,51.0,16.0,-2.5,290.0,True,False,FAIL_GEOMETRY,CENTER_GAP_ENGAGEMENT_OR_WIDTH
S12-C2-SMALL-STUB7.5-SHIFT5-RES2,12,C2,COUPLING_SMALL,20.0,25.0,8.0,10.0,7.5,5.0,56.0,21.0,-2.5,290.0,True,False,FAIL_GEOMETRY,CENTER_GAP_ENGAGEMENT_OR_WIDTH
S12-C2-SMALL-STUB7.5-SHIFT7.5-RES2,12,C2,COUPLING_SMALL,20.0,25.0,8.0,10.0,7.5,7.5,61.0,26.0,-2.5,294.0,True,False,FAIL_GEOMETRY,CENTER_GAP_ENGAGEMENT_OR_WIDTH
S12-C2-SMALL-STUB7.5-SHIFT10-RES2,12,C2,COUPLING_SMALL,20.0,25.0,8.0,10.0,7.5,10.0,66.0,31.0,-2.5,299.0,True,False,FAIL_GEOMETRY,CENTER_GAP_ENGAGEMENT_OR_WIDTH
S12-C2-SMALL-STUB7.5-SHIFT12.5-RES2,12,C2,COUPLING_SMALL,20.0,25.0,8.0,10.0,7.5,12.5,71.0,36.0,-2.5,304.0,True,False,FAIL_GEOMETRY,CENTER_GAP_ENGAGEMENT_OR_WIDTH
S12-C2-SMALL-STUB7.5-SHIFT15-RES2,12,C2,COUPLING_SMALL,20.0,25.0,8.0,10.0,7.5,15.0,76.0,41.0,-2.5,309.0,True,False,FAIL_GEOMETRY,CENTER_GAP_ENGAGEMENT_OR_WIDTH
S12-C2-SMALL-STUB10-SHIFT0-RES2,12,C2,COUPLING_SMALL,20.0,25.0,8.0,10.0,10.0,0.0,41.0,11.0,0.0,290.0,True,False,CONDITIONAL_PASS,
S12-C2-SMALL-STUB10-SHIFT2.5-RES2,12,C2,COUPLING_SMALL,20.0,25.0,8.0,10.0,10.0,2.5,46.0,16.0,0.0,290.0,True,False,CONDITIONAL_PASS,
S12-C2-SMALL-STUB10-SHIFT5-RES2,12,C2,COUPLING_SMALL,20.0,25.0,8.0,10.0,10.0,5.0,51.0,21.0,0.0,290.0,True,False,CONDITIONAL_PASS,
S12-C2-SMALL-STUB10-SHIFT7.5-RES2,12,C2,COUPLING_SMALL,20.0,25.0,8.0,10.0,10.0,7.5,56.0,26.0,0.0,294.0,True,False,CONDITIONAL_PASS,
S12-C2-SMALL-STUB10-SHIFT10-RES2,12,C2,COUPLING_SMALL,20.0,25.0,8.0,10.0,10.0,10.0,61.0,31.0,0.0,299.0,True,False,WIDTH_MARGIN_CRITICAL,
S12-C2-SMALL-STUB10-SHIFT12.5-RES2,12,C2,COUPLING_SMALL,20.0,25.0,8.0,10.0,10.0,12.5,66.0,36.0,0.0,304.0,True,False,FAIL_GEOMETRY,CENTER_GAP_ENGAGEMENT_OR_WIDTH
S12-C2-SMALL-STUB10-SHIFT15-RES2,12,C2,COUPLING_SMALL,20.0,25.0,8.0,10.0,10.0,15.0,71.0,41.0,0.0,309.0,True,False,FAIL_GEOMETRY,CENTER_GAP_ENGAGEMENT_OR_WIDTH
S12-C2-SMALL-STUB12.5-SHIFT0-RES2,12,C2,COUPLING_SMALL,20.0,25.0,8.0,10.0,12.5,0.0,36.0,11.0,2.5,290.0,True,False,CONDITIONAL_PASS,
S12-C2-SMALL-STUB12.5-SHIFT2.5-RES2,12,C2,COUPLING_SMALL,20.0,25.0,8.0,10.0,12.5,2.5,41.0,16.0,2.5,290.0,True,False,CONDITIONAL_PASS,
S12-C2-SMALL-STUB12.5-SHIFT5-RES2,12,C2,COUPLING_SMALL,20.0,25.0,8.0,10.0,12.5,5.0,46.0,21.0,2.5,290.0,True,False,CONDITIONAL_PASS,
S12-C2-SMALL-STUB12.5-SHIFT7.5-RES2,12,C2,COUPLING_SMALL,20.0,25.0,8.0,10.0,12.5,7.5,51.0,26.0,2.5,294.0,True,False,CONDITIONAL_PASS,
S12-C2-SMALL-STUB12.5-SHIFT10-RES2,12,C2,COUPLING_SMALL,20.0,25.0,8.0,10.0,12.5,10.0,56.0,31.0,2.5,299.0,True,False,WIDTH_MARGIN_CRITICAL,
S12-C2-SMALL-STUB12.5-SHIFT12.5-RES2,12,C2,COUPLING_SMALL,20.0,25.0,8.0,10.0,12.5,12.5,61.0,36.0,2.5,304.0,True,False,FAIL_GEOMETRY,CENTER_GAP_ENGAGEMENT_OR_WIDTH
S12-C2-SMALL-STUB12.5-SHIFT15-RES2,12,C2,COUPLING_SMALL,20.0,25.0,8.0,10.0,12.5,15.0,66.0,41.0,2.5,309.0,True,False,FAIL_GEOMETRY,CENTER_GAP_ENGAGEMENT_OR_WIDTH
S12-C2-SMALL-STUB15-SHIFT0-RES2,12,C2,COUPLING_SMALL,20.0,25.0,8.0,10.0,15.0,0.0,31.0,11.0,5.0,290.0,True,False,CONDITIONAL_PASS,
S12-C2-SMALL-STUB15-SHIFT2.5-RES2,12,C2,COUPLING_SMALL,20.0,25.0,8.0,10.0,15.0,2.5,36.0,16.0,5.0,290.0,True,False,CONDITIONAL_PASS,
S12-C2-SMALL-STUB15-SHIFT5-RES2,12,C2,COUPLING_SMALL,20.0,25.0,8.0,10.0,15.0,5.0,41.0,21.0,5.0,290.0,True,False,CONDITIONAL_PASS,
S12-C2-SMALL-STUB15-SHIFT7.5-RES2,12,C2,COUPLING_SMALL,20.0,25.0,8.0,10.0,15.0,7.5,46.0,26.0,5.0,294.0,True,False,CONDITIONAL_PASS,
S12-C2-SMALL-STUB15-SHIFT10-RES2,12,C2,COUPLING_SMALL,20.0,25.0,8.0,10.0,15.0,10.0,51.0,31.0,5.0,299.0,True,False,WIDTH_MARGIN_CRITICAL,
S12-C2-SMALL-STUB15-SHIFT12.5-RES2,12,C2,COUPLING_SMALL,20.0,25.0,8.0,10.0,15.0,12.5,56.0,36.0,5.0,304.0,True,False,FAIL_GEOMETRY,CENTER_GAP_ENGAGEMENT_OR_WIDTH
S12-C2-SMALL-STUB15-SHIFT15-RES2,12,C2,COUPLING_SMALL,20.0,25.0,8.0,10.0,15.0,15.0,61.0,41.0,5.0,309.0,True,False,FAIL_GEOMETRY,CENTER_GAP_ENGAGEMENT_OR_WIDTH
S12-C2-SMALL-STUB17.5-SHIFT0-RES2,12,C2,COUPLING_SMALL,20.0,25.0,8.0,10.0,17.5,0.0,26.0,11.0,7.5,290.0,True,False,CONDITIONAL_PASS,
S12-C2-SMALL-STUB17.5-SHIFT2.5-RES2,12,C2,COUPLING_SMALL,20.0,25.0,8.0,10.0,17.5,2.5,31.0,16.0,7.5,290.0,True,False,CONDITIONAL_PASS,
S12-C2-SMALL-STUB17.5-SHIFT5-RES2,12,C2,COUPLING_SMALL,20.0,25.0,8.0,10.0,17.5,5.0,36.0,21.0,7.5,290.0,True,False,CONDITIONAL_PASS,
S12-C2-SMALL-STUB17.5-SHIFT7.5-RES2,12,C2,COUPLING_SMALL,20.0,25.0,8.0,10.0,17.5,7.5,41.0,26.0,7.5,294.0,True,False,CONDITIONAL_PASS,
S12-C2-SMALL-STUB17.5-SHIFT10-RES2,12,C2,COUPLING_SMALL,20.0,25.0,8.0,10.0,17.5,10.0,46.0,31.0,7.5,299.0,True,False,WIDTH_MARGIN_CRITICAL,
S12-C2-SMALL-STUB17.5-SHIFT12.5-RES2,12,C2,COUPLING_SMALL,20.0,25.0,8.0,10.0,17.5,12.5,51.0,36.0,7.5,304.0,True,False,FAIL_GEOMETRY,CENTER_GAP_ENGAGEMENT_OR_WIDTH
S12-C2-SMALL-STUB17.5-SHIFT15-RES2,12,C2,COUPLING_SMALL,20.0,25.0,8.0,10.0,17.5,15.0,56.0,41.0,7.5,309.0,True,False,FAIL_GEOMETRY,CENTER_GAP_ENGAGEMENT_OR_WIDTH
S12-C2-SMALL-STUB20-SHIFT0-RES2,12,C2,COUPLING_SMALL,20.0,25.0,8.0,10.0,20.0,0.0,21.0,11.0,10.0,290.0,True,False,CONDITIONAL_PASS,
S12-C2-SMALL-STUB20-SHIFT2.5-RES2,12,C2,COUPLING_SMALL,20.0,25.0,8.0,10.0,20.0,2.5,26.0,16.0,10.0,290.0,True,False,CONDITIONAL_PASS,
S12-C2-SMALL-STUB20-SHIFT5-RES2,12,C2,COUPLING_SMALL,20.0,25.0,8.0,10.0,20.0,5.0,31.0,21.0,10.0,290.0,True,False,CONDITIONAL_PASS,
S12-C2-SMALL-STUB20-SHIFT7.5-RES2,12,C2,COUPLING_SMALL,20.0,25.0,8.0,10.0,20.0,7.5,36.0,26.0,10.0,294.0,True,False,CONDITIONAL_PASS,
S12-C2-SMALL-STUB20-SHIFT10-RES2,12,C2,COUPLING_SMALL,20.0,25.0,8.0,10.0,20.0,10.0,41.0,31.0,10.0,299.0,True,False,WIDTH_MARGIN_CRITICAL,
S12-C2-SMALL-STUB20-SHIFT12.5-RES2,12,C2,COUPLING_SMALL,20.0,25.0,8.0,10.0,20.0,12.5,46.0,36.0,10.0,304.0,True,False,FAIL_GEOMETRY,CENTER_GAP_ENGAGEMENT_OR_WIDTH
S12-C2-SMALL-STUB20-SHIFT15-RES2,12,C2,COUPLING_SMALL,20.0,25.0,8.0,10.0,20.0,15.0,51.0,41.0,10.0,309.0,True,False,FAIL_GEOMETRY,CENTER_GAP_ENGAGEMENT_OR_WIDTH
S12-C2-SMALL-STUB25-SHIFT0-RES2,12,C2,COUPLING_SMALL,20.0,25.0,8.0,10.0,25.0,0.0,11.0,11.0,15.0,290.0,True,False,CONDITIONAL_PASS,
S12-C2-SMALL-STUB25-SHIFT2.5-RES2,12,C2,COUPLING_SMALL,20.0,25.0,8.0,10.0,25.0,2.5,16.0,16.0,15.0,290.0,True,False,CONDITIONAL_PASS,
S12-C2-SMALL-STUB25-SHIFT5-RES2,12,C2,COUPLING_SMALL,20.0,25.0,8.0,10.0,25.0,5.0,21.0,21.0,15.0,290.0,True,False,CONDITIONAL_PASS,
S12-C2-SMALL-STUB25-SHIFT7.5-RES2,12,C2,COUPLING_SMALL,20.0,25.0,8.0,10.0,25.0,7.5,26.0,26.0,15.0,294.0,True,False,CONDITIONAL_PASS,
S12-C2-SMALL-STUB25-SHIFT10-RES2,12,C2,COUPLING_SMALL,20.0,25.0,8.0,10.0,25.0,10.0,31.0,31.0,15.0,299.0,True,False,WIDTH_MARGIN_CRITICAL,
S12-C2-SMALL-STUB25-SHIFT12.5-RES2,12,C2,COUPLING_SMALL,20.0,25.0,8.0,10.0,25.0,12.5,36.0,36.0,15.0,304.0,True,False,FAIL_GEOMETRY,CENTER_GAP_ENGAGEMENT_OR_WIDTH
S12-C2-SMALL-STUB25-SHIFT15-RES2,12,C2,COUPLING_SMALL,20.0,25.0,8.0,10.0,25.0,15.0,41.0,41.0,15.0,309.0,True,False,FAIL_GEOMETRY,CENTER_GAP_ENGAGEMENT_OR_WIDTH
S12-C2-SMALL-STUB30-SHIFT0-RES2,12,C2,COUPLING_SMALL,20.0,25.0,8.0,10.0,30.0,0.0,1.0,11.0,20.0,290.0,True,False,CONDITIONAL_PASS,
S12-C2-SMALL-STUB30-SHIFT2.5-RES2,12,C2,COUPLING_SMALL,20.0,25.0,8.0,10.0,30.0,2.5,6.0,16.0,20.0,290.0,True,False,CONDITIONAL_PASS,
S12-C2-SMALL-STUB30-SHIFT5-RES2,12,C2,COUPLING_SMALL,20.0,25.0,8.0,10.0,30.0,5.0,11.0,21.0,20.0,290.0,True,False,CONDITIONAL_PASS,
S12-C2-SMALL-STUB30-SHIFT7.5-RES2,12,C2,COUPLING_SMALL,20.0,25.0,8.0,10.0,30.0,7.5,16.0,26.0,20.0,294.0,True,False,CONDITIONAL_PASS,
S12-C2-SMALL-STUB30-SHIFT10-RES2,12,C2,COUPLING_SMALL,20.0,25.0,8.0,10.0,30.0,10.0,21.0,31.0,20.0,299.0,True,False,WIDTH_MARGIN_CRITICAL,
S12-C2-SMALL-STUB30-SHIFT12.5-RES2,12,C2,COUPLING_SMALL,20.0,25.0,8.0,10.0,30.0,12.5,26.0,36.0,20.0,304.0,True,False,FAIL_GEOMETRY,CENTER_GAP_ENGAGEMENT_OR_WIDTH
S12-C2-SMALL-STUB30-SHIFT15-RES2,12,C2,COUPLING_SMALL,20.0,25.0,8.0,10.0,30.0,15.0,31.0,41.0,20.0,309.0,True,False,FAIL_GEOMETRY,CENTER_GAP_ENGAGEMENT_OR_WIDTH
S12-C2-MEDIUM-STUB5-SHIFT0-RES2,12,C2,COUPLING_MEDIUM,30.0,40.0,12.0,15.0,5.0,0.0,51.0,-19.0,-9.0,290.0,True,False,FAIL_GEOMETRY,CENTER_GAP_ENGAGEMENT_OR_WIDTH
S12-C2-MEDIUM-STUB5-SHIFT2.5-RES2,12,C2,COUPLING_MEDIUM,30.0,40.0,12.0,15.0,5.0,2.5,56.0,-14.0,-9.0,290.0,True,False,FAIL_GEOMETRY,CENTER_GAP_ENGAGEMENT_OR_WIDTH
S12-C2-MEDIUM-STUB5-SHIFT5-RES2,12,C2,COUPLING_MEDIUM,30.0,40.0,12.0,15.0,5.0,5.0,61.0,-9.0,-9.0,290.0,True,False,FAIL_GEOMETRY,CENTER_GAP_ENGAGEMENT_OR_WIDTH
S12-C2-MEDIUM-STUB5-SHIFT7.5-RES2,12,C2,COUPLING_MEDIUM,30.0,40.0,12.0,15.0,5.0,7.5,66.0,-4.0,-9.0,294.0,True,False,FAIL_GEOMETRY,CENTER_GAP_ENGAGEMENT_OR_WIDTH
S12-C2-MEDIUM-STUB5-SHIFT10-RES2,12,C2,COUPLING_MEDIUM,30.0,40.0,12.0,15.0,5.0,10.0,71.0,1.0,-9.0,299.0,True,False,FAIL_GEOMETRY,CENTER_GAP_ENGAGEMENT_OR_WIDTH
S12-C2-MEDIUM-STUB5-SHIFT12.5-RES2,12,C2,COUPLING_MEDIUM,30.0,40.0,12.0,15.0,5.0,12.5,76.0,6.0,-9.0,304.0,True,False,FAIL_GEOMETRY,CENTER_GAP_ENGAGEMENT_OR_WIDTH
S12-C2-MEDIUM-STUB5-SHIFT15-RES2,12,C2,COUPLING_MEDIUM,30.0,40.0,12.0,15.0,5.0,15.0,81.0,11.0,-9.0,309.0,True,False,FAIL_GEOMETRY,CENTER_GAP_ENGAGEMENT_OR_WIDTH
S12-C2-MEDIUM-STUB7.5-SHIFT0-RES2,12,C2,COUPLING_MEDIUM,30.0,40.0,12.0,15.0,7.5,0.0,46.0,-19.0,-6.5,290.0,True,False,FAIL_GEOMETRY,CENTER_GAP_ENGAGEMENT_OR_WIDTH
S12-C2-MEDIUM-STUB7.5-SHIFT2.5-RES2,12,C2,COUPLING_MEDIUM,30.0,40.0,12.0,15.0,7.5,2.5,51.0,-14.0,-6.5,290.0,True,False,FAIL_GEOMETRY,CENTER_GAP_ENGAGEMENT_OR_WIDTH
S12-C2-MEDIUM-STUB7.5-SHIFT5-RES2,12,C2,COUPLING_MEDIUM,30.0,40.0,12.0,15.0,7.5,5.0,56.0,-9.0,-6.5,290.0,True,False,FAIL_GEOMETRY,CENTER_GAP_ENGAGEMENT_OR_WIDTH
S12-C2-MEDIUM-STUB7.5-SHIFT7.5-RES2,12,C2,COUPLING_MEDIUM,30.0,40.0,12.0,15.0,7.5,7.5,61.0,-4.0,-6.5,294.0,True,False,FAIL_GEOMETRY,CENTER_GAP_ENGAGEMENT_OR_WIDTH
S12-C2-MEDIUM-STUB7.5-SHIFT10-RES2,12,C2,COUPLING_MEDIUM,30.0,40.0,12.0,15.0,7.5,10.0,66.0,1.0,-6.5,299.0,True,False,FAIL_GEOMETRY,CENTER_GAP_ENGAGEMENT_OR_WIDTH
S12-C2-MEDIUM-STUB7.5-SHIFT12.5-RES2,12,C2,COUPLING_MEDIUM,30.0,40.0,12.0,15.0,7.5,12.5,71.0,6.0,-6.5,304.0,True,False,FAIL_GEOMETRY,CENTER_GAP_ENGAGEMENT_OR_WIDTH
S12-C2-MEDIUM-STUB7.5-SHIFT15-RES2,12,C2,COUPLING_MEDIUM,30.0,40.0,12.0,15.0,7.5,15.0,76.0,11.0,-6.5,309.0,True,False,FAIL_GEOMETRY,CENTER_GAP_ENGAGEMENT_OR_WIDTH
S12-C2-MEDIUM-STUB10-SHIFT0-RES2,12,C2,COUPLING_MEDIUM,30.0,40.0,12.0,15.0,10.0,0.0,41.0,-19.0,-4.0,290.0,True,False,FAIL_GEOMETRY,CENTER_GAP_ENGAGEMENT_OR_WIDTH
S12-C2-MEDIUM-STUB10-SHIFT2.5-RES2,12,C2,COUPLING_MEDIUM,30.0,40.0,12.0,15.0,10.0,2.5,46.0,-14.0,-4.0,290.0,True,False,FAIL_GEOMETRY,CENTER_GAP_ENGAGEMENT_OR_WIDTH
S12-C2-MEDIUM-STUB10-SHIFT5-RES2,12,C2,COUPLING_MEDIUM,30.0,40.0,12.0,15.0,10.0,5.0,51.0,-9.0,-4.0,290.0,True,False,FAIL_GEOMETRY,CENTER_GAP_ENGAGEMENT_OR_WIDTH
S12-C2-MEDIUM-STUB10-SHIFT7.5-RES2,12,C2,COUPLING_MEDIUM,30.0,40.0,12.0,15.0,10.0,7.5,56.0,-4.0,-4.0,294.0,True,False,FAIL_GEOMETRY,CENTER_GAP_ENGAGEMENT_OR_WIDTH
S12-C2-MEDIUM-STUB10-SHIFT10-RES2,12,C2,COUPLING_MEDIUM,30.0,40.0,12.0,15.0,10.0,10.0,61.0,1.0,-4.0,299.0,True,False,FAIL_GEOMETRY,CENTER_GAP_ENGAGEMENT_OR_WIDTH
S12-C2-MEDIUM-STUB10-SHIFT12.5-RES2,12,C2,COUPLING_MEDIUM,30.0,40.0,12.0,15.0,10.0,12.5,66.0,6.0,-4.0,304.0,True,False,FAIL_GEOMETRY,CENTER_GAP_ENGAGEMENT_OR_WIDTH
S12-C2-MEDIUM-STUB10-SHIFT15-RES2,12,C2,COUPLING_MEDIUM,30.0,40.0,12.0,15.0,10.0,15.0,71.0,11.0,-4.0,309.0,True,False,FAIL_GEOMETRY,CENTER_GAP_ENGAGEMENT_OR_WIDTH
S12-C2-MEDIUM-STUB12.5-SHIFT0-RES2,12,C2,COUPLING_MEDIUM,30.0,40.0,12.0,15.0,12.5,0.0,36.0,-19.0,-1.5,290.0,True,False,FAIL_GEOMETRY,CENTER_GAP_ENGAGEMENT_OR_WIDTH
S12-C2-MEDIUM-STUB12.5-SHIFT2.5-RES2,12,C2,COUPLING_MEDIUM,30.0,40.0,12.0,15.0,12.5,2.5,41.0,-14.0,-1.5,290.0,True,False,FAIL_GEOMETRY,CENTER_GAP_ENGAGEMENT_OR_WIDTH
S12-C2-MEDIUM-STUB12.5-SHIFT5-RES2,12,C2,COUPLING_MEDIUM,30.0,40.0,12.0,15.0,12.5,5.0,46.0,-9.0,-1.5,290.0,True,False,FAIL_GEOMETRY,CENTER_GAP_ENGAGEMENT_OR_WIDTH
S12-C2-MEDIUM-STUB12.5-SHIFT7.5-RES2,12,C2,COUPLING_MEDIUM,30.0,40.0,12.0,15.0,12.5,7.5,51.0,-4.0,-1.5,294.0,True,False,FAIL_GEOMETRY,CENTER_GAP_ENGAGEMENT_OR_WIDTH
S12-C2-MEDIUM-STUB12.5-SHIFT10-RES2,12,C2,COUPLING_MEDIUM,30.0,40.0,12.0,15.0,12.5,10.0,56.0,1.0,-1.5,299.0,True,False,FAIL_GEOMETRY,CENTER_GAP_ENGAGEMENT_OR_WIDTH
S12-C2-MEDIUM-STUB12.5-SHIFT12.5-RES2,12,C2,COUPLING_MEDIUM,30.0,40.0,12.0,15.0,12.5,12.5,61.0,6.0,-1.5,304.0,True,False,FAIL_GEOMETRY,CENTER_GAP_ENGAGEMENT_OR_WIDTH
S12-C2-MEDIUM-STUB12.5-SHIFT15-RES2,12,C2,COUPLING_MEDIUM,30.0,40.0,12.0,15.0,12.5,15.0,66.0,11.0,-1.5,309.0,True,False,FAIL_GEOMETRY,CENTER_GAP_ENGAGEMENT_OR_WIDTH
S12-C2-MEDIUM-STUB15-SHIFT0-RES2,12,C2,COUPLING_MEDIUM,30.0,40.0,12.0,15.0,15.0,0.0,31.0,-19.0,1.0,290.0,True,False,FAIL_GEOMETRY,CENTER_GAP_ENGAGEMENT_OR_WIDTH
S12-C2-MEDIUM-STUB15-SHIFT2.5-RES2,12,C2,COUPLING_MEDIUM,30.0,40.0,12.0,15.0,15.0,2.5,36.0,-14.0,1.0,290.0,True,False,FAIL_GEOMETRY,CENTER_GAP_ENGAGEMENT_OR_WIDTH
S12-C2-MEDIUM-STUB15-SHIFT5-RES2,12,C2,COUPLING_MEDIUM,30.0,40.0,12.0,15.0,15.0,5.0,41.0,-9.0,1.0,290.0,True,False,FAIL_GEOMETRY,CENTER_GAP_ENGAGEMENT_OR_WIDTH
S12-C2-MEDIUM-STUB15-SHIFT7.5-RES2,12,C2,COUPLING_MEDIUM,30.0,40.0,12.0,15.0,15.0,7.5,46.0,-4.0,1.0,294.0,True,False,FAIL_GEOMETRY,CENTER_GAP_ENGAGEMENT_OR_WIDTH
S12-C2-MEDIUM-STUB15-SHIFT10-RES2,12,C2,COUPLING_MEDIUM,30.0,40.0,12.0,15.0,15.0,10.0,51.0,1.0,1.0,299.0,True,False,FAIL_GEOMETRY,CENTER_GAP_ENGAGEMENT_OR_WIDTH
S12-C2-MEDIUM-STUB15-SHIFT12.5-RES2,12,C2,COUPLING_MEDIUM,30.0,40.0,12.0,15.0,15.0,12.5,56.0,6.0,1.0,304.0,True,False,FAIL_GEOMETRY,CENTER_GAP_ENGAGEMENT_OR_WIDTH
S12-C2-MEDIUM-STUB15-SHIFT15-RES2,12,C2,COUPLING_MEDIUM,30.0,40.0,12.0,15.0,15.0,15.0,61.0,11.0,1.0,309.0,True,False,FAIL_GEOMETRY,CENTER_GAP_ENGAGEMENT_OR_WIDTH
S12-C2-MEDIUM-STUB17.5-SHIFT0-RES2,12,C2,COUPLING_MEDIUM,30.0,40.0,12.0,15.0,17.5,0.0,26.0,-19.0,3.5,290.0,True,False,FAIL_GEOMETRY,CENTER_GAP_ENGAGEMENT_OR_WIDTH
S12-C2-MEDIUM-STUB17.5-SHIFT2.5-RES2,12,C2,COUPLING_MEDIUM,30.0,40.0,12.0,15.0,17.5,2.5,31.0,-14.0,3.5,290.0,True,False,FAIL_GEOMETRY,CENTER_GAP_ENGAGEMENT_OR_WIDTH
S12-C2-MEDIUM-STUB17.5-SHIFT5-RES2,12,C2,COUPLING_MEDIUM,30.0,40.0,12.0,15.0,17.5,5.0,36.0,-9.0,3.5,290.0,True,False,FAIL_GEOMETRY,CENTER_GAP_ENGAGEMENT_OR_WIDTH
S12-C2-MEDIUM-STUB17.5-SHIFT7.5-RES2,12,C2,COUPLING_MEDIUM,30.0,40.0,12.0,15.0,17.5,7.5,41.0,-4.0,3.5,294.0,True,False,FAIL_GEOMETRY,CENTER_GAP_ENGAGEMENT_OR_WIDTH
S12-C2-MEDIUM-STUB17.5-SHIFT10-RES2,12,C2,COUPLING_MEDIUM,30.0,40.0,12.0,15.0,17.5,10.0,46.0,1.0,3.5,299.0,True,False,FAIL_GEOMETRY,CENTER_GAP_ENGAGEMENT_OR_WIDTH
S12-C2-MEDIUM-STUB17.5-SHIFT12.5-RES2,12,C2,COUPLING_MEDIUM,30.0,40.0,12.0,15.0,17.5,12.5,51.0,6.0,3.5,304.0,True,False,FAIL_GEOMETRY,CENTER_GAP_ENGAGEMENT_OR_WIDTH
S12-C2-MEDIUM-STUB17.5-SHIFT15-RES2,12,C2,COUPLING_MEDIUM,30.0,40.0,12.0,15.0,17.5,15.0,56.0,11.0,3.5,309.0,True,False,FAIL_GEOMETRY,CENTER_GAP_ENGAGEMENT_OR_WIDTH
S12-C2-MEDIUM-STUB20-SHIFT0-RES2,12,C2,COUPLING_MEDIUM,30.0,40.0,12.0,15.0,20.0,0.0,21.0,-19.0,6.0,290.0,True,False,FAIL_GEOMETRY,CENTER_GAP_ENGAGEMENT_OR_WIDTH
S12-C2-MEDIUM-STUB20-SHIFT2.5-RES2,12,C2,COUPLING_MEDIUM,30.0,40.0,12.0,15.0,20.0,2.5,26.0,-14.0,6.0,290.0,True,False,FAIL_GEOMETRY,CENTER_GAP_ENGAGEMENT_OR_WIDTH
S12-C2-MEDIUM-STUB20-SHIFT5-RES2,12,C2,COUPLING_MEDIUM,30.0,40.0,12.0,15.0,20.0,5.0,31.0,-9.0,6.0,290.0,True,False,FAIL_GEOMETRY,CENTER_GAP_ENGAGEMENT_OR_WIDTH
S12-C2-MEDIUM-STUB20-SHIFT7.5-RES2,12,C2,COUPLING_MEDIUM,30.0,40.0,12.0,15.0,20.0,7.5,36.0,-4.0,6.0,294.0,True,False,FAIL_GEOMETRY,CENTER_GAP_ENGAGEMENT_OR_WIDTH
S12-C2-MEDIUM-STUB20-SHIFT10-RES2,12,C2,COUPLING_MEDIUM,30.0,40.0,12.0,15.0,20.0,10.0,41.0,1.0,6.0,299.0,True,False,FAIL_GEOMETRY,CENTER_GAP_ENGAGEMENT_OR_WIDTH
S12-C2-MEDIUM-STUB20-SHIFT12.5-RES2,12,C2,COUPLING_MEDIUM,30.0,40.0,12.0,15.0,20.0,12.5,46.0,6.0,6.0,304.0,True,False,FAIL_GEOMETRY,CENTER_GAP_ENGAGEMENT_OR_WIDTH
S12-C2-MEDIUM-STUB20-SHIFT15-RES2,12,C2,COUPLING_MEDIUM,30.0,40.0,12.0,15.0,20.0,15.0,51.0,11.0,6.0,309.0,True,False,FAIL_GEOMETRY,CENTER_GAP_ENGAGEMENT_OR_WIDTH
S12-C2-MEDIUM-STUB25-SHIFT0-RES2,12,C2,COUPLING_MEDIUM,30.0,40.0,12.0,15.0,25.0,0.0,11.0,-19.0,11.0,290.0,True,False,FAIL_GEOMETRY,CENTER_GAP_ENGAGEMENT_OR_WIDTH
S12-C2-MEDIUM-STUB25-SHIFT2.5-RES2,12,C2,COUPLING_MEDIUM,30.0,40.0,12.0,15.0,25.0,2.5,16.0,-14.0,11.0,290.0,True,False,FAIL_GEOMETRY,CENTER_GAP_ENGAGEMENT_OR_WIDTH
S12-C2-MEDIUM-STUB25-SHIFT5-RES2,12,C2,COUPLING_MEDIUM,30.0,40.0,12.0,15.0,25.0,5.0,21.0,-9.0,11.0,290.0,True,False,FAIL_GEOMETRY,CENTER_GAP_ENGAGEMENT_OR_WIDTH
S12-C2-MEDIUM-STUB25-SHIFT7.5-RES2,12,C2,COUPLING_MEDIUM,30.0,40.0,12.0,15.0,25.0,7.5,26.0,-4.0,11.0,294.0,True,False,FAIL_GEOMETRY,CENTER_GAP_ENGAGEMENT_OR_WIDTH
S12-C2-MEDIUM-STUB25-SHIFT10-RES2,12,C2,COUPLING_MEDIUM,30.0,40.0,12.0,15.0,25.0,10.0,31.0,1.0,11.0,299.0,True,False,FAIL_GEOMETRY,CENTER_GAP_ENGAGEMENT_OR_WIDTH
S12-C2-MEDIUM-STUB25-SHIFT12.5-RES2,12,C2,COUPLING_MEDIUM,30.0,40.0,12.0,15.0,25.0,12.5,36.0,6.0,11.0,304.0,True,False,FAIL_GEOMETRY,CENTER_GAP_ENGAGEMENT_OR_WIDTH
S12-C2-MEDIUM-STUB25-SHIFT15-RES2,12,C2,COUPLING_MEDIUM,30.0,40.0,12.0,15.0,25.0,15.0,41.0,11.0,11.0,309.0,True,False,FAIL_GEOMETRY,CENTER_GAP_ENGAGEMENT_OR_WIDTH
S12-C2-MEDIUM-STUB30-SHIFT0-RES2,12,C2,COUPLING_MEDIUM,30.0,40.0,12.0,15.0,30.0,0.0,1.0,-19.0,16.0,290.0,True,False,FAIL_GEOMETRY,CENTER_GAP_ENGAGEMENT_OR_WIDTH
S12-C2-MEDIUM-STUB30-SHIFT2.5-RES2,12,C2,COUPLING_MEDIUM,30.0,40.0,12.0,15.0,30.0,2.5,6.0,-14.0,16.0,290.0,True,False,FAIL_GEOMETRY,CENTER_GAP_ENGAGEMENT_OR_WIDTH
S12-C2-MEDIUM-STUB30-SHIFT5-RES2,12,C2,COUPLING_MEDIUM,30.0,40.0,12.0,15.0,30.0,5.0,11.0,-9.0,16.0,290.0,True,False,FAIL_GEOMETRY,CENTER_GAP_ENGAGEMENT_OR_WIDTH
S12-C2-MEDIUM-STUB30-SHIFT7.5-RES2,12,C2,COUPLING_MEDIUM,30.0,40.0,12.0,15.0,30.0,7.5,16.0,-4.0,16.0,294.0,True,False,FAIL_GEOMETRY,CENTER_GAP_ENGAGEMENT_OR_WIDTH
S12-C2-MEDIUM-STUB30-SHIFT10-RES2,12,C2,COUPLING_MEDIUM,30.0,40.0,12.0,15.0,30.0,10.0,21.0,1.0,16.0,299.0,True,False,FAIL_GEOMETRY,CENTER_GAP_ENGAGEMENT_OR_WIDTH
S12-C2-MEDIUM-STUB30-SHIFT12.5-RES2,12,C2,COUPLING_MEDIUM,30.0,40.0,12.0,15.0,30.0,12.5,26.0,6.0,16.0,304.0,True,False,FAIL_GEOMETRY,CENTER_GAP_ENGAGEMENT_OR_WIDTH
S12-C2-MEDIUM-STUB30-SHIFT15-RES2,12,C2,COUPLING_MEDIUM,30.0,40.0,12.0,15.0,30.0,15.0,31.0,11.0,16.0,309.0,True,False,FAIL_GEOMETRY,CENTER_GAP_ENGAGEMENT_OR_WIDTH
S12-C2-LARGE-STUB5-SHIFT0-RES2,12,C2,COUPLING_LARGE,40.0,55.0,18.0,22.0,5.0,0.0,51.0,-49.0,-15.0,290.0,True,False,FAIL_GEOMETRY,CENTER_GAP_ENGAGEMENT_OR_WIDTH
S12-C2-LARGE-STUB5-SHIFT2.5-RES2,12,C2,COUPLING_LARGE,40.0,55.0,18.0,22.0,5.0,2.5,56.0,-44.0,-15.0,290.0,True,False,FAIL_GEOMETRY,CENTER_GAP_ENGAGEMENT_OR_WIDTH
S12-C2-LARGE-STUB5-SHIFT5-RES2,12,C2,COUPLING_LARGE,40.0,55.0,18.0,22.0,5.0,5.0,61.0,-39.0,-15.0,290.0,True,False,FAIL_GEOMETRY,CENTER_GAP_ENGAGEMENT_OR_WIDTH
S12-C2-LARGE-STUB5-SHIFT7.5-RES2,12,C2,COUPLING_LARGE,40.0,55.0,18.0,22.0,5.0,7.5,66.0,-34.0,-15.0,294.0,True,False,FAIL_GEOMETRY,CENTER_GAP_ENGAGEMENT_OR_WIDTH
S12-C2-LARGE-STUB5-SHIFT10-RES2,12,C2,COUPLING_LARGE,40.0,55.0,18.0,22.0,5.0,10.0,71.0,-29.0,-15.0,299.0,True,False,FAIL_GEOMETRY,CENTER_GAP_ENGAGEMENT_OR_WIDTH
S12-C2-LARGE-STUB5-SHIFT12.5-RES2,12,C2,COUPLING_LARGE,40.0,55.0,18.0,22.0,5.0,12.5,76.0,-24.0,-15.0,304.0,True,False,FAIL_GEOMETRY,CENTER_GAP_ENGAGEMENT_OR_WIDTH
S12-C2-LARGE-STUB5-SHIFT15-RES2,12,C2,COUPLING_LARGE,40.0,55.0,18.0,22.0,5.0,15.0,81.0,-19.0,-15.0,309.0,True,False,FAIL_GEOMETRY,CENTER_GAP_ENGAGEMENT_OR_WIDTH
S12-C2-LARGE-STUB7.5-SHIFT0-RES2,12,C2,COUPLING_LARGE,40.0,55.0,18.0,22.0,7.5,0.0,46.0,-49.0,-12.5,290.0,True,False,FAIL_GEOMETRY,CENTER_GAP_ENGAGEMENT_OR_WIDTH
S12-C2-LARGE-STUB7.5-SHIFT2.5-RES2,12,C2,COUPLING_LARGE,40.0,55.0,18.0,22.0,7.5,2.5,51.0,-44.0,-12.5,290.0,True,False,FAIL_GEOMETRY,CENTER_GAP_ENGAGEMENT_OR_WIDTH
S12-C2-LARGE-STUB7.5-SHIFT5-RES2,12,C2,COUPLING_LARGE,40.0,55.0,18.0,22.0,7.5,5.0,56.0,-39.0,-12.5,290.0,True,False,FAIL_GEOMETRY,CENTER_GAP_ENGAGEMENT_OR_WIDTH
S12-C2-LARGE-STUB7.5-SHIFT7.5-RES2,12,C2,COUPLING_LARGE,40.0,55.0,18.0,22.0,7.5,7.5,61.0,-34.0,-12.5,294.0,True,False,FAIL_GEOMETRY,CENTER_GAP_ENGAGEMENT_OR_WIDTH
S12-C2-LARGE-STUB7.5-SHIFT10-RES2,12,C2,COUPLING_LARGE,40.0,55.0,18.0,22.0,7.5,10.0,66.0,-29.0,-12.5,299.0,True,False,FAIL_GEOMETRY,CENTER_GAP_ENGAGEMENT_OR_WIDTH
S12-C2-LARGE-STUB7.5-SHIFT12.5-RES2,12,C2,COUPLING_LARGE,40.0,55.0,18.0,22.0,7.5,12.5,71.0,-24.0,-12.5,304.0,True,False,FAIL_GEOMETRY,CENTER_GAP_ENGAGEMENT_OR_WIDTH
S12-C2-LARGE-STUB7.5-SHIFT15-RES2,12,C2,COUPLING_LARGE,40.0,55.0,18.0,22.0,7.5,15.0,76.0,-19.0,-12.5,309.0,True,False,FAIL_GEOMETRY,CENTER_GAP_ENGAGEMENT_OR_WIDTH
S12-C2-LARGE-STUB10-SHIFT0-RES2,12,C2,COUPLING_LARGE,40.0,55.0,18.0,22.0,10.0,0.0,41.0,-49.0,-10.0,290.0,True,False,FAIL_GEOMETRY,CENTER_GAP_ENGAGEMENT_OR_WIDTH
S12-C2-LARGE-STUB10-SHIFT2.5-RES2,12,C2,COUPLING_LARGE,40.0,55.0,18.0,22.0,10.0,2.5,46.0,-44.0,-10.0,290.0,True,False,FAIL_GEOMETRY,CENTER_GAP_ENGAGEMENT_OR_WIDTH
S12-C2-LARGE-STUB10-SHIFT5-RES2,12,C2,COUPLING_LARGE,40.0,55.0,18.0,22.0,10.0,5.0,51.0,-39.0,-10.0,290.0,True,False,FAIL_GEOMETRY,CENTER_GAP_ENGAGEMENT_OR_WIDTH
S12-C2-LARGE-STUB10-SHIFT7.5-RES2,12,C2,COUPLING_LARGE,40.0,55.0,18.0,22.0,10.0,7.5,56.0,-34.0,-10.0,294.0,True,False,FAIL_GEOMETRY,CENTER_GAP_ENGAGEMENT_OR_WIDTH
S12-C2-LARGE-STUB10-SHIFT10-RES2,12,C2,COUPLING_LARGE,40.0,55.0,18.0,22.0,10.0,10.0,61.0,-29.0,-10.0,299.0,True,False,FAIL_GEOMETRY,CENTER_GAP_ENGAGEMENT_OR_WIDTH
S12-C2-LARGE-STUB10-SHIFT12.5-RES2,12,C2,COUPLING_LARGE,40.0,55.0,18.0,22.0,10.0,12.5,66.0,-24.0,-10.0,304.0,True,False,FAIL_GEOMETRY,CENTER_GAP_ENGAGEMENT_OR_WIDTH
S12-C2-LARGE-STUB10-SHIFT15-RES2,12,C2,COUPLING_LARGE,40.0,55.0,18.0,22.0,10.0,15.0,71.0,-19.0,-10.0,309.0,True,False,FAIL_GEOMETRY,CENTER_GAP_ENGAGEMENT_OR_WIDTH
S12-C2-LARGE-STUB12.5-SHIFT0-RES2,12,C2,COUPLING_LARGE,40.0,55.0,18.0,22.0,12.5,0.0,36.0,-49.0,-7.5,290.0,True,False,FAIL_GEOMETRY,CENTER_GAP_ENGAGEMENT_OR_WIDTH
S12-C2-LARGE-STUB12.5-SHIFT2.5-RES2,12,C2,COUPLING_LARGE,40.0,55.0,18.0,22.0,12.5,2.5,41.0,-44.0,-7.5,290.0,True,False,FAIL_GEOMETRY,CENTER_GAP_ENGAGEMENT_OR_WIDTH
S12-C2-LARGE-STUB12.5-SHIFT5-RES2,12,C2,COUPLING_LARGE,40.0,55.0,18.0,22.0,12.5,5.0,46.0,-39.0,-7.5,290.0,True,False,FAIL_GEOMETRY,CENTER_GAP_ENGAGEMENT_OR_WIDTH
S12-C2-LARGE-STUB12.5-SHIFT7.5-RES2,12,C2,COUPLING_LARGE,40.0,55.0,18.0,22.0,12.5,7.5,51.0,-34.0,-7.5,294.0,True,False,FAIL_GEOMETRY,CENTER_GAP_ENGAGEMENT_OR_WIDTH
S12-C2-LARGE-STUB12.5-SHIFT10-RES2,12,C2,COUPLING_LARGE,40.0,55.0,18.0,22.0,12.5,10.0,56.0,-29.0,-7.5,299.0,True,False,FAIL_GEOMETRY,CENTER_GAP_ENGAGEMENT_OR_WIDTH
S12-C2-LARGE-STUB12.5-SHIFT12.5-RES2,12,C2,COUPLING_LARGE,40.0,55.0,18.0,22.0,12.5,12.5,61.0,-24.0,-7.5,304.0,True,False,FAIL_GEOMETRY,CENTER_GAP_ENGAGEMENT_OR_WIDTH
S12-C2-LARGE-STUB12.5-SHIFT15-RES2,12,C2,COUPLING_LARGE,40.0,55.0,18.0,22.0,12.5,15.0,66.0,-19.0,-7.5,309.0,True,False,FAIL_GEOMETRY,CENTER_GAP_ENGAGEMENT_OR_WIDTH
S12-C2-LARGE-STUB15-SHIFT0-RES2,12,C2,COUPLING_LARGE,40.0,55.0,18.0,22.0,15.0,0.0,31.0,-49.0,-5.0,290.0,True,False,FAIL_GEOMETRY,CENTER_GAP_ENGAGEMENT_OR_WIDTH
S12-C2-LARGE-STUB15-SHIFT2.5-RES2,12,C2,COUPLING_LARGE,40.0,55.0,18.0,22.0,15.0,2.5,36.0,-44.0,-5.0,290.0,True,False,FAIL_GEOMETRY,CENTER_GAP_ENGAGEMENT_OR_WIDTH
S12-C2-LARGE-STUB15-SHIFT5-RES2,12,C2,COUPLING_LARGE,40.0,55.0,18.0,22.0,15.0,5.0,41.0,-39.0,-5.0,290.0,True,False,FAIL_GEOMETRY,CENTER_GAP_ENGAGEMENT_OR_WIDTH
S12-C2-LARGE-STUB15-SHIFT7.5-RES2,12,C2,COUPLING_LARGE,40.0,55.0,18.0,22.0,15.0,7.5,46.0,-34.0,-5.0,294.0,True,False,FAIL_GEOMETRY,CENTER_GAP_ENGAGEMENT_OR_WIDTH
S12-C2-LARGE-STUB15-SHIFT10-RES2,12,C2,COUPLING_LARGE,40.0,55.0,18.0,22.0,15.0,10.0,51.0,-29.0,-5.0,299.0,True,False,FAIL_GEOMETRY,CENTER_GAP_ENGAGEMENT_OR_WIDTH
S12-C2-LARGE-STUB15-SHIFT12.5-RES2,12,C2,COUPLING_LARGE,40.0,55.0,18.0,22.0,15.0,12.5,56.0,-24.0,-5.0,304.0,True,False,FAIL_GEOMETRY,CENTER_GAP_ENGAGEMENT_OR_WIDTH
S12-C2-LARGE-STUB15-SHIFT15-RES2,12,C2,COUPLING_LARGE,40.0,55.0,18.0,22.0,15.0,15.0,61.0,-19.0,-5.0,309.0,True,False,FAIL_GEOMETRY,CENTER_GAP_ENGAGEMENT_OR_WIDTH
S12-C2-LARGE-STUB17.5-SHIFT0-RES2,12,C2,COUPLING_LARGE,40.0,55.0,18.0,22.0,17.5,0.0,26.0,-49.0,-2.5,290.0,True,False,FAIL_GEOMETRY,CENTER_GAP_ENGAGEMENT_OR_WIDTH
S12-C2-LARGE-STUB17.5-SHIFT2.5-RES2,12,C2,COUPLING_LARGE,40.0,55.0,18.0,22.0,17.5,2.5,31.0,-44.0,-2.5,290.0,True,False,FAIL_GEOMETRY,CENTER_GAP_ENGAGEMENT_OR_WIDTH
S12-C2-LARGE-STUB17.5-SHIFT5-RES2,12,C2,COUPLING_LARGE,40.0,55.0,18.0,22.0,17.5,5.0,36.0,-39.0,-2.5,290.0,True,False,FAIL_GEOMETRY,CENTER_GAP_ENGAGEMENT_OR_WIDTH
S12-C2-LARGE-STUB17.5-SHIFT7.5-RES2,12,C2,COUPLING_LARGE,40.0,55.0,18.0,22.0,17.5,7.5,41.0,-34.0,-2.5,294.0,True,False,FAIL_GEOMETRY,CENTER_GAP_ENGAGEMENT_OR_WIDTH
S12-C2-LARGE-STUB17.5-SHIFT10-RES2,12,C2,COUPLING_LARGE,40.0,55.0,18.0,22.0,17.5,10.0,46.0,-29.0,-2.5,299.0,True,False,FAIL_GEOMETRY,CENTER_GAP_ENGAGEMENT_OR_WIDTH
S12-C2-LARGE-STUB17.5-SHIFT12.5-RES2,12,C2,COUPLING_LARGE,40.0,55.0,18.0,22.0,17.5,12.5,51.0,-24.0,-2.5,304.0,True,False,FAIL_GEOMETRY,CENTER_GAP_ENGAGEMENT_OR_WIDTH
S12-C2-LARGE-STUB17.5-SHIFT15-RES2,12,C2,COUPLING_LARGE,40.0,55.0,18.0,22.0,17.5,15.0,56.0,-19.0,-2.5,309.0,True,False,FAIL_GEOMETRY,CENTER_GAP_ENGAGEMENT_OR_WIDTH
S12-C2-LARGE-STUB20-SHIFT0-RES2,12,C2,COUPLING_LARGE,40.0,55.0,18.0,22.0,20.0,0.0,21.0,-49.0,0.0,290.0,True,False,FAIL_GEOMETRY,CENTER_GAP_ENGAGEMENT_OR_WIDTH
S12-C2-LARGE-STUB20-SHIFT2.5-RES2,12,C2,COUPLING_LARGE,40.0,55.0,18.0,22.0,20.0,2.5,26.0,-44.0,0.0,290.0,True,False,FAIL_GEOMETRY,CENTER_GAP_ENGAGEMENT_OR_WIDTH
S12-C2-LARGE-STUB20-SHIFT5-RES2,12,C2,COUPLING_LARGE,40.0,55.0,18.0,22.0,20.0,5.0,31.0,-39.0,0.0,290.0,True,False,FAIL_GEOMETRY,CENTER_GAP_ENGAGEMENT_OR_WIDTH
S12-C2-LARGE-STUB20-SHIFT7.5-RES2,12,C2,COUPLING_LARGE,40.0,55.0,18.0,22.0,20.0,7.5,36.0,-34.0,0.0,294.0,True,False,FAIL_GEOMETRY,CENTER_GAP_ENGAGEMENT_OR_WIDTH
S12-C2-LARGE-STUB20-SHIFT10-RES2,12,C2,COUPLING_LARGE,40.0,55.0,18.0,22.0,20.0,10.0,41.0,-29.0,0.0,299.0,True,False,FAIL_GEOMETRY,CENTER_GAP_ENGAGEMENT_OR_WIDTH
S12-C2-LARGE-STUB20-SHIFT12.5-RES2,12,C2,COUPLING_LARGE,40.0,55.0,18.0,22.0,20.0,12.5,46.0,-24.0,0.0,304.0,True,False,FAIL_GEOMETRY,CENTER_GAP_ENGAGEMENT_OR_WIDTH
S12-C2-LARGE-STUB20-SHIFT15-RES2,12,C2,COUPLING_LARGE,40.0,55.0,18.0,22.0,20.0,15.0,51.0,-19.0,0.0,309.0,True,False,FAIL_GEOMETRY,CENTER_GAP_ENGAGEMENT_OR_WIDTH
S12-C2-LARGE-STUB25-SHIFT0-RES2,12,C2,COUPLING_LARGE,40.0,55.0,18.0,22.0,25.0,0.0,11.0,-49.0,5.0,290.0,True,False,FAIL_GEOMETRY,CENTER_GAP_ENGAGEMENT_OR_WIDTH
S12-C2-LARGE-STUB25-SHIFT2.5-RES2,12,C2,COUPLING_LARGE,40.0,55.0,18.0,22.0,25.0,2.5,16.0,-44.0,5.0,290.0,True,False,FAIL_GEOMETRY,CENTER_GAP_ENGAGEMENT_OR_WIDTH
S12-C2-LARGE-STUB25-SHIFT5-RES2,12,C2,COUPLING_LARGE,40.0,55.0,18.0,22.0,25.0,5.0,21.0,-39.0,5.0,290.0,True,False,FAIL_GEOMETRY,CENTER_GAP_ENGAGEMENT_OR_WIDTH
S12-C2-LARGE-STUB25-SHIFT7.5-RES2,12,C2,COUPLING_LARGE,40.0,55.0,18.0,22.0,25.0,7.5,26.0,-34.0,5.0,294.0,True,False,FAIL_GEOMETRY,CENTER_GAP_ENGAGEMENT_OR_WIDTH
S12-C2-LARGE-STUB25-SHIFT10-RES2,12,C2,COUPLING_LARGE,40.0,55.0,18.0,22.0,25.0,10.0,31.0,-29.0,5.0,299.0,True,False,FAIL_GEOMETRY,CENTER_GAP_ENGAGEMENT_OR_WIDTH
S12-C2-LARGE-STUB25-SHIFT12.5-RES2,12,C2,COUPLING_LARGE,40.0,55.0,18.0,22.0,25.0,12.5,36.0,-24.0,5.0,304.0,True,False,FAIL_GEOMETRY,CENTER_GAP_ENGAGEMENT_OR_WIDTH
S12-C2-LARGE-STUB25-SHIFT15-RES2,12,C2,COUPLING_LARGE,40.0,55.0,18.0,22.0,25.0,15.0,41.0,-19.0,5.0,309.0,True,False,FAIL_GEOMETRY,CENTER_GAP_ENGAGEMENT_OR_WIDTH
S12-C2-LARGE-STUB30-SHIFT0-RES2,12,C2,COUPLING_LARGE,40.0,55.0,18.0,22.0,30.0,0.0,1.0,-49.0,10.0,290.0,True,False,FAIL_GEOMETRY,CENTER_GAP_ENGAGEMENT_OR_WIDTH
S12-C2-LARGE-STUB30-SHIFT2.5-RES2,12,C2,COUPLING_LARGE,40.0,55.0,18.0,22.0,30.0,2.5,6.0,-44.0,10.0,290.0,True,False,FAIL_GEOMETRY,CENTER_GAP_ENGAGEMENT_OR_WIDTH
S12-C2-LARGE-STUB30-SHIFT5-RES2,12,C2,COUPLING_LARGE,40.0,55.0,18.0,22.0,30.0,5.0,11.0,-39.0,10.0,290.0,True,False,FAIL_GEOMETRY,CENTER_GAP_ENGAGEMENT_OR_WIDTH
S12-C2-LARGE-STUB30-SHIFT7.5-RES2,12,C2,COUPLING_LARGE,40.0,55.0,18.0,22.0,30.0,7.5,16.0,-34.0,10.0,294.0,True,False,FAIL_GEOMETRY,CENTER_GAP_ENGAGEMENT_OR_WIDTH
S12-C2-LARGE-STUB30-SHIFT10-RES2,12,C2,COUPLING_LARGE,40.0,55.0,18.0,22.0,30.0,10.0,21.0,-29.0,10.0,299.0,True,False,FAIL_GEOMETRY,CENTER_GAP_ENGAGEMENT_OR_WIDTH
S12-C2-LARGE-STUB30-SHIFT12.5-RES2,12,C2,COUPLING_LARGE,40.0,55.0,18.0,22.0,30.0,12.5,26.0,-24.0,10.0,304.0,True,False,FAIL_GEOMETRY,CENTER_GAP_ENGAGEMENT_OR_WIDTH
S12-C2-LARGE-STUB30-SHIFT15-RES2,12,C2,COUPLING_LARGE,40.0,55.0,18.0,22.0,30.0,15.0,31.0,-19.0,10.0,309.0,True,False,FAIL_GEOMETRY,CENTER_GAP_ENGAGEMENT_OR_WIDTH
S12-C2-XL-STUB5-SHIFT0-RES2,12,C2,COUPLING_XL,50.0,70.0,25.0,30.0,5.0,0.0,51.0,-79.0,-22.0,290.0,True,False,FAIL_GEOMETRY,CENTER_GAP_ENGAGEMENT_OR_WIDTH
S12-C2-XL-STUB5-SHIFT2.5-RES2,12,C2,COUPLING_XL,50.0,70.0,25.0,30.0,5.0,2.5,56.0,-74.0,-22.0,290.0,True,False,FAIL_GEOMETRY,CENTER_GAP_ENGAGEMENT_OR_WIDTH
S12-C2-XL-STUB5-SHIFT5-RES2,12,C2,COUPLING_XL,50.0,70.0,25.0,30.0,5.0,5.0,61.0,-69.0,-22.0,290.0,True,False,FAIL_GEOMETRY,CENTER_GAP_ENGAGEMENT_OR_WIDTH
S12-C2-XL-STUB5-SHIFT7.5-RES2,12,C2,COUPLING_XL,50.0,70.0,25.0,30.0,5.0,7.5,66.0,-64.0,-22.0,294.0,True,False,FAIL_GEOMETRY,CENTER_GAP_ENGAGEMENT_OR_WIDTH
S12-C2-XL-STUB5-SHIFT10-RES2,12,C2,COUPLING_XL,50.0,70.0,25.0,30.0,5.0,10.0,71.0,-59.0,-22.0,299.0,True,False,FAIL_GEOMETRY,CENTER_GAP_ENGAGEMENT_OR_WIDTH
S12-C2-XL-STUB5-SHIFT12.5-RES2,12,C2,COUPLING_XL,50.0,70.0,25.0,30.0,5.0,12.5,76.0,-54.0,-22.0,304.0,True,False,FAIL_GEOMETRY,CENTER_GAP_ENGAGEMENT_OR_WIDTH
S12-C2-XL-STUB5-SHIFT15-RES2,12,C2,COUPLING_XL,50.0,70.0,25.0,30.0,5.0,15.0,81.0,-49.0,-22.0,309.0,True,False,FAIL_GEOMETRY,CENTER_GAP_ENGAGEMENT_OR_WIDTH
S12-C2-XL-STUB7.5-SHIFT0-RES2,12,C2,COUPLING_XL,50.0,70.0,25.0,30.0,7.5,0.0,46.0,-79.0,-19.5,290.0,True,False,FAIL_GEOMETRY,CENTER_GAP_ENGAGEMENT_OR_WIDTH
S12-C2-XL-STUB7.5-SHIFT2.5-RES2,12,C2,COUPLING_XL,50.0,70.0,25.0,30.0,7.5,2.5,51.0,-74.0,-19.5,290.0,True,False,FAIL_GEOMETRY,CENTER_GAP_ENGAGEMENT_OR_WIDTH
S12-C2-XL-STUB7.5-SHIFT5-RES2,12,C2,COUPLING_XL,50.0,70.0,25.0,30.0,7.5,5.0,56.0,-69.0,-19.5,290.0,True,False,FAIL_GEOMETRY,CENTER_GAP_ENGAGEMENT_OR_WIDTH
S12-C2-XL-STUB7.5-SHIFT7.5-RES2,12,C2,COUPLING_XL,50.0,70.0,25.0,30.0,7.5,7.5,61.0,-64.0,-19.5,294.0,True,False,FAIL_GEOMETRY,CENTER_GAP_ENGAGEMENT_OR_WIDTH
S12-C2-XL-STUB7.5-SHIFT10-RES2,12,C2,COUPLING_XL,50.0,70.0,25.0,30.0,7.5,10.0,66.0,-59.0,-19.5,299.0,True,False,FAIL_GEOMETRY,CENTER_GAP_ENGAGEMENT_OR_WIDTH
S12-C2-XL-STUB7.5-SHIFT12.5-RES2,12,C2,COUPLING_XL,50.0,70.0,25.0,30.0,7.5,12.5,71.0,-54.0,-19.5,304.0,True,False,FAIL_GEOMETRY,CENTER_GAP_ENGAGEMENT_OR_WIDTH
S12-C2-XL-STUB7.5-SHIFT15-RES2,12,C2,COUPLING_XL,50.0,70.0,25.0,30.0,7.5,15.0,76.0,-49.0,-19.5,309.0,True,False,FAIL_GEOMETRY,CENTER_GAP_ENGAGEMENT_OR_WIDTH
S12-C2-XL-STUB10-SHIFT0-RES2,12,C2,COUPLING_XL,50.0,70.0,25.0,30.0,10.0,0.0,41.0,-79.0,-17.0,290.0,True,False,FAIL_GEOMETRY,CENTER_GAP_ENGAGEMENT_OR_WIDTH
S12-C2-XL-STUB10-SHIFT2.5-RES2,12,C2,COUPLING_XL,50.0,70.0,25.0,30.0,10.0,2.5,46.0,-74.0,-17.0,290.0,True,False,FAIL_GEOMETRY,CENTER_GAP_ENGAGEMENT_OR_WIDTH
S12-C2-XL-STUB10-SHIFT5-RES2,12,C2,COUPLING_XL,50.0,70.0,25.0,30.0,10.0,5.0,51.0,-69.0,-17.0,290.0,True,False,FAIL_GEOMETRY,CENTER_GAP_ENGAGEMENT_OR_WIDTH
S12-C2-XL-STUB10-SHIFT7.5-RES2,12,C2,COUPLING_XL,50.0,70.0,25.0,30.0,10.0,7.5,56.0,-64.0,-17.0,294.0,True,False,FAIL_GEOMETRY,CENTER_GAP_ENGAGEMENT_OR_WIDTH
S12-C2-XL-STUB10-SHIFT10-RES2,12,C2,COUPLING_XL,50.0,70.0,25.0,30.0,10.0,10.0,61.0,-59.0,-17.0,299.0,True,False,FAIL_GEOMETRY,CENTER_GAP_ENGAGEMENT_OR_WIDTH
S12-C2-XL-STUB10-SHIFT12.5-RES2,12,C2,COUPLING_XL,50.0,70.0,25.0,30.0,10.0,12.5,66.0,-54.0,-17.0,304.0,True,False,FAIL_GEOMETRY,CENTER_GAP_ENGAGEMENT_OR_WIDTH
S12-C2-XL-STUB10-SHIFT15-RES2,12,C2,COUPLING_XL,50.0,70.0,25.0,30.0,10.0,15.0,71.0,-49.0,-17.0,309.0,True,False,FAIL_GEOMETRY,CENTER_GAP_ENGAGEMENT_OR_WIDTH
S12-C2-XL-STUB12.5-SHIFT0-RES2,12,C2,COUPLING_XL,50.0,70.0,25.0,30.0,12.5,0.0,36.0,-79.0,-14.5,290.0,True,False,FAIL_GEOMETRY,CENTER_GAP_ENGAGEMENT_OR_WIDTH
S12-C2-XL-STUB12.5-SHIFT2.5-RES2,12,C2,COUPLING_XL,50.0,70.0,25.0,30.0,12.5,2.5,41.0,-74.0,-14.5,290.0,True,False,FAIL_GEOMETRY,CENTER_GAP_ENGAGEMENT_OR_WIDTH
S12-C2-XL-STUB12.5-SHIFT5-RES2,12,C2,COUPLING_XL,50.0,70.0,25.0,30.0,12.5,5.0,46.0,-69.0,-14.5,290.0,True,False,FAIL_GEOMETRY,CENTER_GAP_ENGAGEMENT_OR_WIDTH
S12-C2-XL-STUB12.5-SHIFT7.5-RES2,12,C2,COUPLING_XL,50.0,70.0,25.0,30.0,12.5,7.5,51.0,-64.0,-14.5,294.0,True,False,FAIL_GEOMETRY,CENTER_GAP_ENGAGEMENT_OR_WIDTH
S12-C2-XL-STUB12.5-SHIFT10-RES2,12,C2,COUPLING_XL,50.0,70.0,25.0,30.0,12.5,10.0,56.0,-59.0,-14.5,299.0,True,False,FAIL_GEOMETRY,CENTER_GAP_ENGAGEMENT_OR_WIDTH
S12-C2-XL-STUB12.5-SHIFT12.5-RES2,12,C2,COUPLING_XL,50.0,70.0,25.0,30.0,12.5,12.5,61.0,-54.0,-14.5,304.0,True,False,FAIL_GEOMETRY,CENTER_GAP_ENGAGEMENT_OR_WIDTH
S12-C2-XL-STUB12.5-SHIFT15-RES2,12,C2,COUPLING_XL,50.0,70.0,25.0,30.0,12.5,15.0,66.0,-49.0,-14.5,309.0,True,False,FAIL_GEOMETRY,CENTER_GAP_ENGAGEMENT_OR_WIDTH
S12-C2-XL-STUB15-SHIFT0-RES2,12,C2,COUPLING_XL,50.0,70.0,25.0,30.0,15.0,0.0,31.0,-79.0,-12.0,290.0,True,False,FAIL_GEOMETRY,CENTER_GAP_ENGAGEMENT_OR_WIDTH
S12-C2-XL-STUB15-SHIFT2.5-RES2,12,C2,COUPLING_XL,50.0,70.0,25.0,30.0,15.0,2.5,36.0,-74.0,-12.0,290.0,True,False,FAIL_GEOMETRY,CENTER_GAP_ENGAGEMENT_OR_WIDTH
S12-C2-XL-STUB15-SHIFT5-RES2,12,C2,COUPLING_XL,50.0,70.0,25.0,30.0,15.0,5.0,41.0,-69.0,-12.0,290.0,True,False,FAIL_GEOMETRY,CENTER_GAP_ENGAGEMENT_OR_WIDTH
S12-C2-XL-STUB15-SHIFT7.5-RES2,12,C2,COUPLING_XL,50.0,70.0,25.0,30.0,15.0,7.5,46.0,-64.0,-12.0,294.0,True,False,FAIL_GEOMETRY,CENTER_GAP_ENGAGEMENT_OR_WIDTH
S12-C2-XL-STUB15-SHIFT10-RES2,12,C2,COUPLING_XL,50.0,70.0,25.0,30.0,15.0,10.0,51.0,-59.0,-12.0,299.0,True,False,FAIL_GEOMETRY,CENTER_GAP_ENGAGEMENT_OR_WIDTH
S12-C2-XL-STUB15-SHIFT12.5-RES2,12,C2,COUPLING_XL,50.0,70.0,25.0,30.0,15.0,12.5,56.0,-54.0,-12.0,304.0,True,False,FAIL_GEOMETRY,CENTER_GAP_ENGAGEMENT_OR_WIDTH
S12-C2-XL-STUB15-SHIFT15-RES2,12,C2,COUPLING_XL,50.0,70.0,25.0,30.0,15.0,15.0,61.0,-49.0,-12.0,309.0,True,False,FAIL_GEOMETRY,CENTER_GAP_ENGAGEMENT_OR_WIDTH
S12-C2-XL-STUB17.5-SHIFT0-RES2,12,C2,COUPLING_XL,50.0,70.0,25.0,30.0,17.5,0.0,26.0,-79.0,-9.5,290.0,True,False,FAIL_GEOMETRY,CENTER_GAP_ENGAGEMENT_OR_WIDTH
S12-C2-XL-STUB17.5-SHIFT2.5-RES2,12,C2,COUPLING_XL,50.0,70.0,25.0,30.0,17.5,2.5,31.0,-74.0,-9.5,290.0,True,False,FAIL_GEOMETRY,CENTER_GAP_ENGAGEMENT_OR_WIDTH
S12-C2-XL-STUB17.5-SHIFT5-RES2,12,C2,COUPLING_XL,50.0,70.0,25.0,30.0,17.5,5.0,36.0,-69.0,-9.5,290.0,True,False,FAIL_GEOMETRY,CENTER_GAP_ENGAGEMENT_OR_WIDTH
S12-C2-XL-STUB17.5-SHIFT7.5-RES2,12,C2,COUPLING_XL,50.0,70.0,25.0,30.0,17.5,7.5,41.0,-64.0,-9.5,294.0,True,False,FAIL_GEOMETRY,CENTER_GAP_ENGAGEMENT_OR_WIDTH
S12-C2-XL-STUB17.5-SHIFT10-RES2,12,C2,COUPLING_XL,50.0,70.0,25.0,30.0,17.5,10.0,46.0,-59.0,-9.5,299.0,True,False,FAIL_GEOMETRY,CENTER_GAP_ENGAGEMENT_OR_WIDTH
S12-C2-XL-STUB17.5-SHIFT12.5-RES2,12,C2,COUPLING_XL,50.0,70.0,25.0,30.0,17.5,12.5,51.0,-54.0,-9.5,304.0,True,False,FAIL_GEOMETRY,CENTER_GAP_ENGAGEMENT_OR_WIDTH
S12-C2-XL-STUB17.5-SHIFT15-RES2,12,C2,COUPLING_XL,50.0,70.0,25.0,30.0,17.5,15.0,56.0,-49.0,-9.5,309.0,True,False,FAIL_GEOMETRY,CENTER_GAP_ENGAGEMENT_OR_WIDTH
S12-C2-XL-STUB20-SHIFT0-RES2,12,C2,COUPLING_XL,50.0,70.0,25.0,30.0,20.0,0.0,21.0,-79.0,-7.0,290.0,True,False,FAIL_GEOMETRY,CENTER_GAP_ENGAGEMENT_OR_WIDTH
S12-C2-XL-STUB20-SHIFT2.5-RES2,12,C2,COUPLING_XL,50.0,70.0,25.0,30.0,20.0,2.5,26.0,-74.0,-7.0,290.0,True,False,FAIL_GEOMETRY,CENTER_GAP_ENGAGEMENT_OR_WIDTH
S12-C2-XL-STUB20-SHIFT5-RES2,12,C2,COUPLING_XL,50.0,70.0,25.0,30.0,20.0,5.0,31.0,-69.0,-7.0,290.0,True,False,FAIL_GEOMETRY,CENTER_GAP_ENGAGEMENT_OR_WIDTH
S12-C2-XL-STUB20-SHIFT7.5-RES2,12,C2,COUPLING_XL,50.0,70.0,25.0,30.0,20.0,7.5,36.0,-64.0,-7.0,294.0,True,False,FAIL_GEOMETRY,CENTER_GAP_ENGAGEMENT_OR_WIDTH
S12-C2-XL-STUB20-SHIFT10-RES2,12,C2,COUPLING_XL,50.0,70.0,25.0,30.0,20.0,10.0,41.0,-59.0,-7.0,299.0,True,False,FAIL_GEOMETRY,CENTER_GAP_ENGAGEMENT_OR_WIDTH
S12-C2-XL-STUB20-SHIFT12.5-RES2,12,C2,COUPLING_XL,50.0,70.0,25.0,30.0,20.0,12.5,46.0,-54.0,-7.0,304.0,True,False,FAIL_GEOMETRY,CENTER_GAP_ENGAGEMENT_OR_WIDTH
S12-C2-XL-STUB20-SHIFT15-RES2,12,C2,COUPLING_XL,50.0,70.0,25.0,30.0,20.0,15.0,51.0,-49.0,-7.0,309.0,True,False,FAIL_GEOMETRY,CENTER_GAP_ENGAGEMENT_OR_WIDTH
S12-C2-XL-STUB25-SHIFT0-RES2,12,C2,COUPLING_XL,50.0,70.0,25.0,30.0,25.0,0.0,11.0,-79.0,-2.0,290.0,True,False,FAIL_GEOMETRY,CENTER_GAP_ENGAGEMENT_OR_WIDTH
S12-C2-XL-STUB25-SHIFT2.5-RES2,12,C2,COUPLING_XL,50.0,70.0,25.0,30.0,25.0,2.5,16.0,-74.0,-2.0,290.0,True,False,FAIL_GEOMETRY,CENTER_GAP_ENGAGEMENT_OR_WIDTH
S12-C2-XL-STUB25-SHIFT5-RES2,12,C2,COUPLING_XL,50.0,70.0,25.0,30.0,25.0,5.0,21.0,-69.0,-2.0,290.0,True,False,FAIL_GEOMETRY,CENTER_GAP_ENGAGEMENT_OR_WIDTH
S12-C2-XL-STUB25-SHIFT7.5-RES2,12,C2,COUPLING_XL,50.0,70.0,25.0,30.0,25.0,7.5,26.0,-64.0,-2.0,294.0,True,False,FAIL_GEOMETRY,CENTER_GAP_ENGAGEMENT_OR_WIDTH
S12-C2-XL-STUB25-SHIFT10-RES2,12,C2,COUPLING_XL,50.0,70.0,25.0,30.0,25.0,10.0,31.0,-59.0,-2.0,299.0,True,False,FAIL_GEOMETRY,CENTER_GAP_ENGAGEMENT_OR_WIDTH
S12-C2-XL-STUB25-SHIFT12.5-RES2,12,C2,COUPLING_XL,50.0,70.0,25.0,30.0,25.0,12.5,36.0,-54.0,-2.0,304.0,True,False,FAIL_GEOMETRY,CENTER_GAP_ENGAGEMENT_OR_WIDTH
S12-C2-XL-STUB25-SHIFT15-RES2,12,C2,COUPLING_XL,50.0,70.0,25.0,30.0,25.0,15.0,41.0,-49.0,-2.0,309.0,True,False,FAIL_GEOMETRY,CENTER_GAP_ENGAGEMENT_OR_WIDTH
S12-C2-XL-STUB30-SHIFT0-RES2,12,C2,COUPLING_XL,50.0,70.0,25.0,30.0,30.0,0.0,1.0,-79.0,3.0,290.0,True,False,FAIL_GEOMETRY,CENTER_GAP_ENGAGEMENT_OR_WIDTH
S12-C2-XL-STUB30-SHIFT2.5-RES2,12,C2,COUPLING_XL,50.0,70.0,25.0,30.0,30.0,2.5,6.0,-74.0,3.0,290.0,True,False,FAIL_GEOMETRY,CENTER_GAP_ENGAGEMENT_OR_WIDTH
S12-C2-XL-STUB30-SHIFT5-RES2,12,C2,COUPLING_XL,50.0,70.0,25.0,30.0,30.0,5.0,11.0,-69.0,3.0,290.0,True,False,FAIL_GEOMETRY,CENTER_GAP_ENGAGEMENT_OR_WIDTH
S12-C2-XL-STUB30-SHIFT7.5-RES2,12,C2,COUPLING_XL,50.0,70.0,25.0,30.0,30.0,7.5,16.0,-64.0,3.0,294.0,True,False,FAIL_GEOMETRY,CENTER_GAP_ENGAGEMENT_OR_WIDTH
S12-C2-XL-STUB30-SHIFT10-RES2,12,C2,COUPLING_XL,50.0,70.0,25.0,30.0,30.0,10.0,21.0,-59.0,3.0,299.0,True,False,FAIL_GEOMETRY,CENTER_GAP_ENGAGEMENT_OR_WIDTH
S12-C2-XL-STUB30-SHIFT12.5-RES2,12,C2,COUPLING_XL,50.0,70.0,25.0,30.0,30.0,12.5,26.0,-54.0,3.0,304.0,True,False,FAIL_GEOMETRY,CENTER_GAP_ENGAGEMENT_OR_WIDTH
S12-C2-XL-STUB30-SHIFT15-RES2,12,C2,COUPLING_XL,50.0,70.0,25.0,30.0,30.0,15.0,31.0,-49.0,3.0,309.0,True,False,FAIL_GEOMETRY,CENTER_GAP_ENGAGEMENT_OR_WIDTH
S12-C3-SMALL-STUB5-SHIFT0-RES2,12,C3,COUPLING_SMALL,20.0,25.0,8.0,10.0,5.0,0.0,51.0,11.0,-5.0,290.0,True,False,FAIL_GEOMETRY,CENTER_GAP_ENGAGEMENT_OR_WIDTH
S12-C3-SMALL-STUB5-SHIFT2.5-RES2,12,C3,COUPLING_SMALL,20.0,25.0,8.0,10.0,5.0,2.5,56.0,16.0,-5.0,290.0,True,False,FAIL_GEOMETRY,CENTER_GAP_ENGAGEMENT_OR_WIDTH
S12-C3-SMALL-STUB5-SHIFT5-RES2,12,C3,COUPLING_SMALL,20.0,25.0,8.0,10.0,5.0,5.0,61.0,21.0,-5.0,290.0,True,False,FAIL_GEOMETRY,CENTER_GAP_ENGAGEMENT_OR_WIDTH
S12-C3-SMALL-STUB5-SHIFT7.5-RES2,12,C3,COUPLING_SMALL,20.0,25.0,8.0,10.0,5.0,7.5,66.0,26.0,-5.0,294.0,True,False,FAIL_GEOMETRY,CENTER_GAP_ENGAGEMENT_OR_WIDTH
S12-C3-SMALL-STUB5-SHIFT10-RES2,12,C3,COUPLING_SMALL,20.0,25.0,8.0,10.0,5.0,10.0,71.0,31.0,-5.0,299.0,True,False,FAIL_GEOMETRY,CENTER_GAP_ENGAGEMENT_OR_WIDTH
S12-C3-SMALL-STUB5-SHIFT12.5-RES2,12,C3,COUPLING_SMALL,20.0,25.0,8.0,10.0,5.0,12.5,76.0,36.0,-5.0,304.0,True,False,FAIL_GEOMETRY,CENTER_GAP_ENGAGEMENT_OR_WIDTH
S12-C3-SMALL-STUB5-SHIFT15-RES2,12,C3,COUPLING_SMALL,20.0,25.0,8.0,10.0,5.0,15.0,81.0,41.0,-5.0,309.0,True,False,FAIL_GEOMETRY,CENTER_GAP_ENGAGEMENT_OR_WIDTH
S12-C3-SMALL-STUB7.5-SHIFT0-RES2,12,C3,COUPLING_SMALL,20.0,25.0,8.0,10.0,7.5,0.0,46.0,11.0,-2.5,290.0,True,False,FAIL_GEOMETRY,CENTER_GAP_ENGAGEMENT_OR_WIDTH
S12-C3-SMALL-STUB7.5-SHIFT2.5-RES2,12,C3,COUPLING_SMALL,20.0,25.0,8.0,10.0,7.5,2.5,51.0,16.0,-2.5,290.0,True,False,FAIL_GEOMETRY,CENTER_GAP_ENGAGEMENT_OR_WIDTH
S12-C3-SMALL-STUB7.5-SHIFT5-RES2,12,C3,COUPLING_SMALL,20.0,25.0,8.0,10.0,7.5,5.0,56.0,21.0,-2.5,290.0,True,False,FAIL_GEOMETRY,CENTER_GAP_ENGAGEMENT_OR_WIDTH
S12-C3-SMALL-STUB7.5-SHIFT7.5-RES2,12,C3,COUPLING_SMALL,20.0,25.0,8.0,10.0,7.5,7.5,61.0,26.0,-2.5,294.0,True,False,FAIL_GEOMETRY,CENTER_GAP_ENGAGEMENT_OR_WIDTH
S12-C3-SMALL-STUB7.5-SHIFT10-RES2,12,C3,COUPLING_SMALL,20.0,25.0,8.0,10.0,7.5,10.0,66.0,31.0,-2.5,299.0,True,False,FAIL_GEOMETRY,CENTER_GAP_ENGAGEMENT_OR_WIDTH
S12-C3-SMALL-STUB7.5-SHIFT12.5-RES2,12,C3,COUPLING_SMALL,20.0,25.0,8.0,10.0,7.5,12.5,71.0,36.0,-2.5,304.0,True,False,FAIL_GEOMETRY,CENTER_GAP_ENGAGEMENT_OR_WIDTH
S12-C3-SMALL-STUB7.5-SHIFT15-RES2,12,C3,COUPLING_SMALL,20.0,25.0,8.0,10.0,7.5,15.0,76.0,41.0,-2.5,309.0,True,False,FAIL_GEOMETRY,CENTER_GAP_ENGAGEMENT_OR_WIDTH
S12-C3-SMALL-STUB10-SHIFT0-RES2,12,C3,COUPLING_SMALL,20.0,25.0,8.0,10.0,10.0,0.0,41.0,11.0,0.0,290.0,True,False,CONDITIONAL_PASS,
S12-C3-SMALL-STUB10-SHIFT2.5-RES2,12,C3,COUPLING_SMALL,20.0,25.0,8.0,10.0,10.0,2.5,46.0,16.0,0.0,290.0,True,False,CONDITIONAL_PASS,
S12-C3-SMALL-STUB10-SHIFT5-RES2,12,C3,COUPLING_SMALL,20.0,25.0,8.0,10.0,10.0,5.0,51.0,21.0,0.0,290.0,True,False,CONDITIONAL_PASS,
S12-C3-SMALL-STUB10-SHIFT7.5-RES2,12,C3,COUPLING_SMALL,20.0,25.0,8.0,10.0,10.0,7.5,56.0,26.0,0.0,294.0,True,False,CONDITIONAL_PASS,
S12-C3-SMALL-STUB10-SHIFT10-RES2,12,C3,COUPLING_SMALL,20.0,25.0,8.0,10.0,10.0,10.0,61.0,31.0,0.0,299.0,True,False,WIDTH_MARGIN_CRITICAL,
S12-C3-SMALL-STUB10-SHIFT12.5-RES2,12,C3,COUPLING_SMALL,20.0,25.0,8.0,10.0,10.0,12.5,66.0,36.0,0.0,304.0,True,False,FAIL_GEOMETRY,CENTER_GAP_ENGAGEMENT_OR_WIDTH
S12-C3-SMALL-STUB10-SHIFT15-RES2,12,C3,COUPLING_SMALL,20.0,25.0,8.0,10.0,10.0,15.0,71.0,41.0,0.0,309.0,True,False,FAIL_GEOMETRY,CENTER_GAP_ENGAGEMENT_OR_WIDTH
S12-C3-SMALL-STUB12.5-SHIFT0-RES2,12,C3,COUPLING_SMALL,20.0,25.0,8.0,10.0,12.5,0.0,36.0,11.0,2.5,290.0,True,False,CONDITIONAL_PASS,
S12-C3-SMALL-STUB12.5-SHIFT2.5-RES2,12,C3,COUPLING_SMALL,20.0,25.0,8.0,10.0,12.5,2.5,41.0,16.0,2.5,290.0,True,False,CONDITIONAL_PASS,
S12-C3-SMALL-STUB12.5-SHIFT5-RES2,12,C3,COUPLING_SMALL,20.0,25.0,8.0,10.0,12.5,5.0,46.0,21.0,2.5,290.0,True,False,CONDITIONAL_PASS,
S12-C3-SMALL-STUB12.5-SHIFT7.5-RES2,12,C3,COUPLING_SMALL,20.0,25.0,8.0,10.0,12.5,7.5,51.0,26.0,2.5,294.0,True,False,CONDITIONAL_PASS,
S12-C3-SMALL-STUB12.5-SHIFT10-RES2,12,C3,COUPLING_SMALL,20.0,25.0,8.0,10.0,12.5,10.0,56.0,31.0,2.5,299.0,True,False,WIDTH_MARGIN_CRITICAL,
S12-C3-SMALL-STUB12.5-SHIFT12.5-RES2,12,C3,COUPLING_SMALL,20.0,25.0,8.0,10.0,12.5,12.5,61.0,36.0,2.5,304.0,True,False,FAIL_GEOMETRY,CENTER_GAP_ENGAGEMENT_OR_WIDTH
S12-C3-SMALL-STUB12.5-SHIFT15-RES2,12,C3,COUPLING_SMALL,20.0,25.0,8.0,10.0,12.5,15.0,66.0,41.0,2.5,309.0,True,False,FAIL_GEOMETRY,CENTER_GAP_ENGAGEMENT_OR_WIDTH
S12-C3-SMALL-STUB15-SHIFT0-RES2,12,C3,COUPLING_SMALL,20.0,25.0,8.0,10.0,15.0,0.0,31.0,11.0,5.0,290.0,True,False,CONDITIONAL_PASS,
S12-C3-SMALL-STUB15-SHIFT2.5-RES2,12,C3,COUPLING_SMALL,20.0,25.0,8.0,10.0,15.0,2.5,36.0,16.0,5.0,290.0,True,False,CONDITIONAL_PASS,
S12-C3-SMALL-STUB15-SHIFT5-RES2,12,C3,COUPLING_SMALL,20.0,25.0,8.0,10.0,15.0,5.0,41.0,21.0,5.0,290.0,True,False,CONDITIONAL_PASS,
S12-C3-SMALL-STUB15-SHIFT7.5-RES2,12,C3,COUPLING_SMALL,20.0,25.0,8.0,10.0,15.0,7.5,46.0,26.0,5.0,294.0,True,False,CONDITIONAL_PASS,
S12-C3-SMALL-STUB15-SHIFT10-RES2,12,C3,COUPLING_SMALL,20.0,25.0,8.0,10.0,15.0,10.0,51.0,31.0,5.0,299.0,True,False,WIDTH_MARGIN_CRITICAL,
S12-C3-SMALL-STUB15-SHIFT12.5-RES2,12,C3,COUPLING_SMALL,20.0,25.0,8.0,10.0,15.0,12.5,56.0,36.0,5.0,304.0,True,False,FAIL_GEOMETRY,CENTER_GAP_ENGAGEMENT_OR_WIDTH
S12-C3-SMALL-STUB15-SHIFT15-RES2,12,C3,COUPLING_SMALL,20.0,25.0,8.0,10.0,15.0,15.0,61.0,41.0,5.0,309.0,True,False,FAIL_GEOMETRY,CENTER_GAP_ENGAGEMENT_OR_WIDTH
S12-C3-SMALL-STUB17.5-SHIFT0-RES2,12,C3,COUPLING_SMALL,20.0,25.0,8.0,10.0,17.5,0.0,26.0,11.0,7.5,290.0,True,False,CONDITIONAL_PASS,
S12-C3-SMALL-STUB17.5-SHIFT2.5-RES2,12,C3,COUPLING_SMALL,20.0,25.0,8.0,10.0,17.5,2.5,31.0,16.0,7.5,290.0,True,False,CONDITIONAL_PASS,
S12-C3-SMALL-STUB17.5-SHIFT5-RES2,12,C3,COUPLING_SMALL,20.0,25.0,8.0,10.0,17.5,5.0,36.0,21.0,7.5,290.0,True,False,CONDITIONAL_PASS,
S12-C3-SMALL-STUB17.5-SHIFT7.5-RES2,12,C3,COUPLING_SMALL,20.0,25.0,8.0,10.0,17.5,7.5,41.0,26.0,7.5,294.0,True,False,CONDITIONAL_PASS,
S12-C3-SMALL-STUB17.5-SHIFT10-RES2,12,C3,COUPLING_SMALL,20.0,25.0,8.0,10.0,17.5,10.0,46.0,31.0,7.5,299.0,True,False,WIDTH_MARGIN_CRITICAL,
S12-C3-SMALL-STUB17.5-SHIFT12.5-RES2,12,C3,COUPLING_SMALL,20.0,25.0,8.0,10.0,17.5,12.5,51.0,36.0,7.5,304.0,True,False,FAIL_GEOMETRY,CENTER_GAP_ENGAGEMENT_OR_WIDTH
S12-C3-SMALL-STUB17.5-SHIFT15-RES2,12,C3,COUPLING_SMALL,20.0,25.0,8.0,10.0,17.5,15.0,56.0,41.0,7.5,309.0,True,False,FAIL_GEOMETRY,CENTER_GAP_ENGAGEMENT_OR_WIDTH
S12-C3-SMALL-STUB20-SHIFT0-RES2,12,C3,COUPLING_SMALL,20.0,25.0,8.0,10.0,20.0,0.0,21.0,11.0,10.0,290.0,True,False,CONDITIONAL_PASS,
S12-C3-SMALL-STUB20-SHIFT2.5-RES2,12,C3,COUPLING_SMALL,20.0,25.0,8.0,10.0,20.0,2.5,26.0,16.0,10.0,290.0,True,False,CONDITIONAL_PASS,
S12-C3-SMALL-STUB20-SHIFT5-RES2,12,C3,COUPLING_SMALL,20.0,25.0,8.0,10.0,20.0,5.0,31.0,21.0,10.0,290.0,True,False,CONDITIONAL_PASS,
S12-C3-SMALL-STUB20-SHIFT7.5-RES2,12,C3,COUPLING_SMALL,20.0,25.0,8.0,10.0,20.0,7.5,36.0,26.0,10.0,294.0,True,False,CONDITIONAL_PASS,
S12-C3-SMALL-STUB20-SHIFT10-RES2,12,C3,COUPLING_SMALL,20.0,25.0,8.0,10.0,20.0,10.0,41.0,31.0,10.0,299.0,True,False,WIDTH_MARGIN_CRITICAL,
S12-C3-SMALL-STUB20-SHIFT12.5-RES2,12,C3,COUPLING_SMALL,20.0,25.0,8.0,10.0,20.0,12.5,46.0,36.0,10.0,304.0,True,False,FAIL_GEOMETRY,CENTER_GAP_ENGAGEMENT_OR_WIDTH
S12-C3-SMALL-STUB20-SHIFT15-RES2,12,C3,COUPLING_SMALL,20.0,25.0,8.0,10.0,20.0,15.0,51.0,41.0,10.0,309.0,True,False,FAIL_GEOMETRY,CENTER_GAP_ENGAGEMENT_OR_WIDTH
S12-C3-SMALL-STUB25-SHIFT0-RES2,12,C3,COUPLING_SMALL,20.0,25.0,8.0,10.0,25.0,0.0,11.0,11.0,15.0,290.0,True,False,CONDITIONAL_PASS,
S12-C3-SMALL-STUB25-SHIFT2.5-RES2,12,C3,COUPLING_SMALL,20.0,25.0,8.0,10.0,25.0,2.5,16.0,16.0,15.0,290.0,True,False,CONDITIONAL_PASS,
S12-C3-SMALL-STUB25-SHIFT5-RES2,12,C3,COUPLING_SMALL,20.0,25.0,8.0,10.0,25.0,5.0,21.0,21.0,15.0,290.0,True,False,CONDITIONAL_PASS,
S12-C3-SMALL-STUB25-SHIFT7.5-RES2,12,C3,COUPLING_SMALL,20.0,25.0,8.0,10.0,25.0,7.5,26.0,26.0,15.0,294.0,True,False,CONDITIONAL_PASS,
S12-C3-SMALL-STUB25-SHIFT10-RES2,12,C3,COUPLING_SMALL,20.0,25.0,8.0,10.0,25.0,10.0,31.0,31.0,15.0,299.0,True,False,WIDTH_MARGIN_CRITICAL,
S12-C3-SMALL-STUB25-SHIFT12.5-RES2,12,C3,COUPLING_SMALL,20.0,25.0,8.0,10.0,25.0,12.5,36.0,36.0,15.0,304.0,True,False,FAIL_GEOMETRY,CENTER_GAP_ENGAGEMENT_OR_WIDTH
S12-C3-SMALL-STUB25-SHIFT15-RES2,12,C3,COUPLING_SMALL,20.0,25.0,8.0,10.0,25.0,15.0,41.0,41.0,15.0,309.0,True,False,FAIL_GEOMETRY,CENTER_GAP_ENGAGEMENT_OR_WIDTH
S12-C3-SMALL-STUB30-SHIFT0-RES2,12,C3,COUPLING_SMALL,20.0,25.0,8.0,10.0,30.0,0.0,1.0,11.0,20.0,290.0,True,False,CONDITIONAL_PASS,
S12-C3-SMALL-STUB30-SHIFT2.5-RES2,12,C3,COUPLING_SMALL,20.0,25.0,8.0,10.0,30.0,2.5,6.0,16.0,20.0,290.0,True,False,CONDITIONAL_PASS,
S12-C3-SMALL-STUB30-SHIFT5-RES2,12,C3,COUPLING_SMALL,20.0,25.0,8.0,10.0,30.0,5.0,11.0,21.0,20.0,290.0,True,False,CONDITIONAL_PASS,
S12-C3-SMALL-STUB30-SHIFT7.5-RES2,12,C3,COUPLING_SMALL,20.0,25.0,8.0,10.0,30.0,7.5,16.0,26.0,20.0,294.0,True,False,CONDITIONAL_PASS,
S12-C3-SMALL-STUB30-SHIFT10-RES2,12,C3,COUPLING_SMALL,20.0,25.0,8.0,10.0,30.0,10.0,21.0,31.0,20.0,299.0,True,False,WIDTH_MARGIN_CRITICAL,
S12-C3-SMALL-STUB30-SHIFT12.5-RES2,12,C3,COUPLING_SMALL,20.0,25.0,8.0,10.0,30.0,12.5,26.0,36.0,20.0,304.0,True,False,FAIL_GEOMETRY,CENTER_GAP_ENGAGEMENT_OR_WIDTH
S12-C3-SMALL-STUB30-SHIFT15-RES2,12,C3,COUPLING_SMALL,20.0,25.0,8.0,10.0,30.0,15.0,31.0,41.0,20.0,309.0,True,False,FAIL_GEOMETRY,CENTER_GAP_ENGAGEMENT_OR_WIDTH
S12-C3-MEDIUM-STUB5-SHIFT0-RES2,12,C3,COUPLING_MEDIUM,30.0,40.0,12.0,15.0,5.0,0.0,51.0,-19.0,-9.0,290.0,True,False,FAIL_GEOMETRY,CENTER_GAP_ENGAGEMENT_OR_WIDTH
S12-C3-MEDIUM-STUB5-SHIFT2.5-RES2,12,C3,COUPLING_MEDIUM,30.0,40.0,12.0,15.0,5.0,2.5,56.0,-14.0,-9.0,290.0,True,False,FAIL_GEOMETRY,CENTER_GAP_ENGAGEMENT_OR_WIDTH
S12-C3-MEDIUM-STUB5-SHIFT5-RES2,12,C3,COUPLING_MEDIUM,30.0,40.0,12.0,15.0,5.0,5.0,61.0,-9.0,-9.0,290.0,True,False,FAIL_GEOMETRY,CENTER_GAP_ENGAGEMENT_OR_WIDTH
S12-C3-MEDIUM-STUB5-SHIFT7.5-RES2,12,C3,COUPLING_MEDIUM,30.0,40.0,12.0,15.0,5.0,7.5,66.0,-4.0,-9.0,294.0,True,False,FAIL_GEOMETRY,CENTER_GAP_ENGAGEMENT_OR_WIDTH
S12-C3-MEDIUM-STUB5-SHIFT10-RES2,12,C3,COUPLING_MEDIUM,30.0,40.0,12.0,15.0,5.0,10.0,71.0,1.0,-9.0,299.0,True,False,FAIL_GEOMETRY,CENTER_GAP_ENGAGEMENT_OR_WIDTH
S12-C3-MEDIUM-STUB5-SHIFT12.5-RES2,12,C3,COUPLING_MEDIUM,30.0,40.0,12.0,15.0,5.0,12.5,76.0,6.0,-9.0,304.0,True,False,FAIL_GEOMETRY,CENTER_GAP_ENGAGEMENT_OR_WIDTH
S12-C3-MEDIUM-STUB5-SHIFT15-RES2,12,C3,COUPLING_MEDIUM,30.0,40.0,12.0,15.0,5.0,15.0,81.0,11.0,-9.0,309.0,True,False,FAIL_GEOMETRY,CENTER_GAP_ENGAGEMENT_OR_WIDTH
S12-C3-MEDIUM-STUB7.5-SHIFT0-RES2,12,C3,COUPLING_MEDIUM,30.0,40.0,12.0,15.0,7.5,0.0,46.0,-19.0,-6.5,290.0,True,False,FAIL_GEOMETRY,CENTER_GAP_ENGAGEMENT_OR_WIDTH
S12-C3-MEDIUM-STUB7.5-SHIFT2.5-RES2,12,C3,COUPLING_MEDIUM,30.0,40.0,12.0,15.0,7.5,2.5,51.0,-14.0,-6.5,290.0,True,False,FAIL_GEOMETRY,CENTER_GAP_ENGAGEMENT_OR_WIDTH
S12-C3-MEDIUM-STUB7.5-SHIFT5-RES2,12,C3,COUPLING_MEDIUM,30.0,40.0,12.0,15.0,7.5,5.0,56.0,-9.0,-6.5,290.0,True,False,FAIL_GEOMETRY,CENTER_GAP_ENGAGEMENT_OR_WIDTH
S12-C3-MEDIUM-STUB7.5-SHIFT7.5-RES2,12,C3,COUPLING_MEDIUM,30.0,40.0,12.0,15.0,7.5,7.5,61.0,-4.0,-6.5,294.0,True,False,FAIL_GEOMETRY,CENTER_GAP_ENGAGEMENT_OR_WIDTH
S12-C3-MEDIUM-STUB7.5-SHIFT10-RES2,12,C3,COUPLING_MEDIUM,30.0,40.0,12.0,15.0,7.5,10.0,66.0,1.0,-6.5,299.0,True,False,FAIL_GEOMETRY,CENTER_GAP_ENGAGEMENT_OR_WIDTH
S12-C3-MEDIUM-STUB7.5-SHIFT12.5-RES2,12,C3,COUPLING_MEDIUM,30.0,40.0,12.0,15.0,7.5,12.5,71.0,6.0,-6.5,304.0,True,False,FAIL_GEOMETRY,CENTER_GAP_ENGAGEMENT_OR_WIDTH
S12-C3-MEDIUM-STUB7.5-SHIFT15-RES2,12,C3,COUPLING_MEDIUM,30.0,40.0,12.0,15.0,7.5,15.0,76.0,11.0,-6.5,309.0,True,False,FAIL_GEOMETRY,CENTER_GAP_ENGAGEMENT_OR_WIDTH
S12-C3-MEDIUM-STUB10-SHIFT0-RES2,12,C3,COUPLING_MEDIUM,30.0,40.0,12.0,15.0,10.0,0.0,41.0,-19.0,-4.0,290.0,True,False,FAIL_GEOMETRY,CENTER_GAP_ENGAGEMENT_OR_WIDTH
S12-C3-MEDIUM-STUB10-SHIFT2.5-RES2,12,C3,COUPLING_MEDIUM,30.0,40.0,12.0,15.0,10.0,2.5,46.0,-14.0,-4.0,290.0,True,False,FAIL_GEOMETRY,CENTER_GAP_ENGAGEMENT_OR_WIDTH
S12-C3-MEDIUM-STUB10-SHIFT5-RES2,12,C3,COUPLING_MEDIUM,30.0,40.0,12.0,15.0,10.0,5.0,51.0,-9.0,-4.0,290.0,True,False,FAIL_GEOMETRY,CENTER_GAP_ENGAGEMENT_OR_WIDTH
S12-C3-MEDIUM-STUB10-SHIFT7.5-RES2,12,C3,COUPLING_MEDIUM,30.0,40.0,12.0,15.0,10.0,7.5,56.0,-4.0,-4.0,294.0,True,False,FAIL_GEOMETRY,CENTER_GAP_ENGAGEMENT_OR_WIDTH
S12-C3-MEDIUM-STUB10-SHIFT10-RES2,12,C3,COUPLING_MEDIUM,30.0,40.0,12.0,15.0,10.0,10.0,61.0,1.0,-4.0,299.0,True,False,FAIL_GEOMETRY,CENTER_GAP_ENGAGEMENT_OR_WIDTH
S12-C3-MEDIUM-STUB10-SHIFT12.5-RES2,12,C3,COUPLING_MEDIUM,30.0,40.0,12.0,15.0,10.0,12.5,66.0,6.0,-4.0,304.0,True,False,FAIL_GEOMETRY,CENTER_GAP_ENGAGEMENT_OR_WIDTH
S12-C3-MEDIUM-STUB10-SHIFT15-RES2,12,C3,COUPLING_MEDIUM,30.0,40.0,12.0,15.0,10.0,15.0,71.0,11.0,-4.0,309.0,True,False,FAIL_GEOMETRY,CENTER_GAP_ENGAGEMENT_OR_WIDTH
S12-C3-MEDIUM-STUB12.5-SHIFT0-RES2,12,C3,COUPLING_MEDIUM,30.0,40.0,12.0,15.0,12.5,0.0,36.0,-19.0,-1.5,290.0,True,False,FAIL_GEOMETRY,CENTER_GAP_ENGAGEMENT_OR_WIDTH
S12-C3-MEDIUM-STUB12.5-SHIFT2.5-RES2,12,C3,COUPLING_MEDIUM,30.0,40.0,12.0,15.0,12.5,2.5,41.0,-14.0,-1.5,290.0,True,False,FAIL_GEOMETRY,CENTER_GAP_ENGAGEMENT_OR_WIDTH
S12-C3-MEDIUM-STUB12.5-SHIFT5-RES2,12,C3,COUPLING_MEDIUM,30.0,40.0,12.0,15.0,12.5,5.0,46.0,-9.0,-1.5,290.0,True,False,FAIL_GEOMETRY,CENTER_GAP_ENGAGEMENT_OR_WIDTH
S12-C3-MEDIUM-STUB12.5-SHIFT7.5-RES2,12,C3,COUPLING_MEDIUM,30.0,40.0,12.0,15.0,12.5,7.5,51.0,-4.0,-1.5,294.0,True,False,FAIL_GEOMETRY,CENTER_GAP_ENGAGEMENT_OR_WIDTH
S12-C3-MEDIUM-STUB12.5-SHIFT10-RES2,12,C3,COUPLING_MEDIUM,30.0,40.0,12.0,15.0,12.5,10.0,56.0,1.0,-1.5,299.0,True,False,FAIL_GEOMETRY,CENTER_GAP_ENGAGEMENT_OR_WIDTH
S12-C3-MEDIUM-STUB12.5-SHIFT12.5-RES2,12,C3,COUPLING_MEDIUM,30.0,40.0,12.0,15.0,12.5,12.5,61.0,6.0,-1.5,304.0,True,False,FAIL_GEOMETRY,CENTER_GAP_ENGAGEMENT_OR_WIDTH
S12-C3-MEDIUM-STUB12.5-SHIFT15-RES2,12,C3,COUPLING_MEDIUM,30.0,40.0,12.0,15.0,12.5,15.0,66.0,11.0,-1.5,309.0,True,False,FAIL_GEOMETRY,CENTER_GAP_ENGAGEMENT_OR_WIDTH
S12-C3-MEDIUM-STUB15-SHIFT0-RES2,12,C3,COUPLING_MEDIUM,30.0,40.0,12.0,15.0,15.0,0.0,31.0,-19.0,1.0,290.0,True,False,FAIL_GEOMETRY,CENTER_GAP_ENGAGEMENT_OR_WIDTH
S12-C3-MEDIUM-STUB15-SHIFT2.5-RES2,12,C3,COUPLING_MEDIUM,30.0,40.0,12.0,15.0,15.0,2.5,36.0,-14.0,1.0,290.0,True,False,FAIL_GEOMETRY,CENTER_GAP_ENGAGEMENT_OR_WIDTH
S12-C3-MEDIUM-STUB15-SHIFT5-RES2,12,C3,COUPLING_MEDIUM,30.0,40.0,12.0,15.0,15.0,5.0,41.0,-9.0,1.0,290.0,True,False,FAIL_GEOMETRY,CENTER_GAP_ENGAGEMENT_OR_WIDTH
S12-C3-MEDIUM-STUB15-SHIFT7.5-RES2,12,C3,COUPLING_MEDIUM,30.0,40.0,12.0,15.0,15.0,7.5,46.0,-4.0,1.0,294.0,True,False,FAIL_GEOMETRY,CENTER_GAP_ENGAGEMENT_OR_WIDTH
S12-C3-MEDIUM-STUB15-SHIFT10-RES2,12,C3,COUPLING_MEDIUM,30.0,40.0,12.0,15.0,15.0,10.0,51.0,1.0,1.0,299.0,True,False,FAIL_GEOMETRY,CENTER_GAP_ENGAGEMENT_OR_WIDTH
S12-C3-MEDIUM-STUB15-SHIFT12.5-RES2,12,C3,COUPLING_MEDIUM,30.0,40.0,12.0,15.0,15.0,12.5,56.0,6.0,1.0,304.0,True,False,FAIL_GEOMETRY,CENTER_GAP_ENGAGEMENT_OR_WIDTH
S12-C3-MEDIUM-STUB15-SHIFT15-RES2,12,C3,COUPLING_MEDIUM,30.0,40.0,12.0,15.0,15.0,15.0,61.0,11.0,1.0,309.0,True,False,FAIL_GEOMETRY,CENTER_GAP_ENGAGEMENT_OR_WIDTH
S12-C3-MEDIUM-STUB17.5-SHIFT0-RES2,12,C3,COUPLING_MEDIUM,30.0,40.0,12.0,15.0,17.5,0.0,26.0,-19.0,3.5,290.0,True,False,FAIL_GEOMETRY,CENTER_GAP_ENGAGEMENT_OR_WIDTH
S12-C3-MEDIUM-STUB17.5-SHIFT2.5-RES2,12,C3,COUPLING_MEDIUM,30.0,40.0,12.0,15.0,17.5,2.5,31.0,-14.0,3.5,290.0,True,False,FAIL_GEOMETRY,CENTER_GAP_ENGAGEMENT_OR_WIDTH
S12-C3-MEDIUM-STUB17.5-SHIFT5-RES2,12,C3,COUPLING_MEDIUM,30.0,40.0,12.0,15.0,17.5,5.0,36.0,-9.0,3.5,290.0,True,False,FAIL_GEOMETRY,CENTER_GAP_ENGAGEMENT_OR_WIDTH
S12-C3-MEDIUM-STUB17.5-SHIFT7.5-RES2,12,C3,COUPLING_MEDIUM,30.0,40.0,12.0,15.0,17.5,7.5,41.0,-4.0,3.5,294.0,True,False,FAIL_GEOMETRY,CENTER_GAP_ENGAGEMENT_OR_WIDTH
S12-C3-MEDIUM-STUB17.5-SHIFT10-RES2,12,C3,COUPLING_MEDIUM,30.0,40.0,12.0,15.0,17.5,10.0,46.0,1.0,3.5,299.0,True,False,FAIL_GEOMETRY,CENTER_GAP_ENGAGEMENT_OR_WIDTH
S12-C3-MEDIUM-STUB17.5-SHIFT12.5-RES2,12,C3,COUPLING_MEDIUM,30.0,40.0,12.0,15.0,17.5,12.5,51.0,6.0,3.5,304.0,True,False,FAIL_GEOMETRY,CENTER_GAP_ENGAGEMENT_OR_WIDTH
S12-C3-MEDIUM-STUB17.5-SHIFT15-RES2,12,C3,COUPLING_MEDIUM,30.0,40.0,12.0,15.0,17.5,15.0,56.0,11.0,3.5,309.0,True,False,FAIL_GEOMETRY,CENTER_GAP_ENGAGEMENT_OR_WIDTH
S12-C3-MEDIUM-STUB20-SHIFT0-RES2,12,C3,COUPLING_MEDIUM,30.0,40.0,12.0,15.0,20.0,0.0,21.0,-19.0,6.0,290.0,True,False,FAIL_GEOMETRY,CENTER_GAP_ENGAGEMENT_OR_WIDTH
S12-C3-MEDIUM-STUB20-SHIFT2.5-RES2,12,C3,COUPLING_MEDIUM,30.0,40.0,12.0,15.0,20.0,2.5,26.0,-14.0,6.0,290.0,True,False,FAIL_GEOMETRY,CENTER_GAP_ENGAGEMENT_OR_WIDTH
S12-C3-MEDIUM-STUB20-SHIFT5-RES2,12,C3,COUPLING_MEDIUM,30.0,40.0,12.0,15.0,20.0,5.0,31.0,-9.0,6.0,290.0,True,False,FAIL_GEOMETRY,CENTER_GAP_ENGAGEMENT_OR_WIDTH
S12-C3-MEDIUM-STUB20-SHIFT7.5-RES2,12,C3,COUPLING_MEDIUM,30.0,40.0,12.0,15.0,20.0,7.5,36.0,-4.0,6.0,294.0,True,False,FAIL_GEOMETRY,CENTER_GAP_ENGAGEMENT_OR_WIDTH
S12-C3-MEDIUM-STUB20-SHIFT10-RES2,12,C3,COUPLING_MEDIUM,30.0,40.0,12.0,15.0,20.0,10.0,41.0,1.0,6.0,299.0,True,False,FAIL_GEOMETRY,CENTER_GAP_ENGAGEMENT_OR_WIDTH
S12-C3-MEDIUM-STUB20-SHIFT12.5-RES2,12,C3,COUPLING_MEDIUM,30.0,40.0,12.0,15.0,20.0,12.5,46.0,6.0,6.0,304.0,True,False,FAIL_GEOMETRY,CENTER_GAP_ENGAGEMENT_OR_WIDTH
S12-C3-MEDIUM-STUB20-SHIFT15-RES2,12,C3,COUPLING_MEDIUM,30.0,40.0,12.0,15.0,20.0,15.0,51.0,11.0,6.0,309.0,True,False,FAIL_GEOMETRY,CENTER_GAP_ENGAGEMENT_OR_WIDTH
S12-C3-MEDIUM-STUB25-SHIFT0-RES2,12,C3,COUPLING_MEDIUM,30.0,40.0,12.0,15.0,25.0,0.0,11.0,-19.0,11.0,290.0,True,False,FAIL_GEOMETRY,CENTER_GAP_ENGAGEMENT_OR_WIDTH
S12-C3-MEDIUM-STUB25-SHIFT2.5-RES2,12,C3,COUPLING_MEDIUM,30.0,40.0,12.0,15.0,25.0,2.5,16.0,-14.0,11.0,290.0,True,False,FAIL_GEOMETRY,CENTER_GAP_ENGAGEMENT_OR_WIDTH
S12-C3-MEDIUM-STUB25-SHIFT5-RES2,12,C3,COUPLING_MEDIUM,30.0,40.0,12.0,15.0,25.0,5.0,21.0,-9.0,11.0,290.0,True,False,FAIL_GEOMETRY,CENTER_GAP_ENGAGEMENT_OR_WIDTH
S12-C3-MEDIUM-STUB25-SHIFT7.5-RES2,12,C3,COUPLING_MEDIUM,30.0,40.0,12.0,15.0,25.0,7.5,26.0,-4.0,11.0,294.0,True,False,FAIL_GEOMETRY,CENTER_GAP_ENGAGEMENT_OR_WIDTH
S12-C3-MEDIUM-STUB25-SHIFT10-RES2,12,C3,COUPLING_MEDIUM,30.0,40.0,12.0,15.0,25.0,10.0,31.0,1.0,11.0,299.0,True,False,FAIL_GEOMETRY,CENTER_GAP_ENGAGEMENT_OR_WIDTH
S12-C3-MEDIUM-STUB25-SHIFT12.5-RES2,12,C3,COUPLING_MEDIUM,30.0,40.0,12.0,15.0,25.0,12.5,36.0,6.0,11.0,304.0,True,False,FAIL_GEOMETRY,CENTER_GAP_ENGAGEMENT_OR_WIDTH
S12-C3-MEDIUM-STUB25-SHIFT15-RES2,12,C3,COUPLING_MEDIUM,30.0,40.0,12.0,15.0,25.0,15.0,41.0,11.0,11.0,309.0,True,False,FAIL_GEOMETRY,CENTER_GAP_ENGAGEMENT_OR_WIDTH
S12-C3-MEDIUM-STUB30-SHIFT0-RES2,12,C3,COUPLING_MEDIUM,30.0,40.0,12.0,15.0,30.0,0.0,1.0,-19.0,16.0,290.0,True,False,FAIL_GEOMETRY,CENTER_GAP_ENGAGEMENT_OR_WIDTH
S12-C3-MEDIUM-STUB30-SHIFT2.5-RES2,12,C3,COUPLING_MEDIUM,30.0,40.0,12.0,15.0,30.0,2.5,6.0,-14.0,16.0,290.0,True,False,FAIL_GEOMETRY,CENTER_GAP_ENGAGEMENT_OR_WIDTH
S12-C3-MEDIUM-STUB30-SHIFT5-RES2,12,C3,COUPLING_MEDIUM,30.0,40.0,12.0,15.0,30.0,5.0,11.0,-9.0,16.0,290.0,True,False,FAIL_GEOMETRY,CENTER_GAP_ENGAGEMENT_OR_WIDTH
S12-C3-MEDIUM-STUB30-SHIFT7.5-RES2,12,C3,COUPLING_MEDIUM,30.0,40.0,12.0,15.0,30.0,7.5,16.0,-4.0,16.0,294.0,True,False,FAIL_GEOMETRY,CENTER_GAP_ENGAGEMENT_OR_WIDTH
S12-C3-MEDIUM-STUB30-SHIFT10-RES2,12,C3,COUPLING_MEDIUM,30.0,40.0,12.0,15.0,30.0,10.0,21.0,1.0,16.0,299.0,True,False,FAIL_GEOMETRY,CENTER_GAP_ENGAGEMENT_OR_WIDTH
S12-C3-MEDIUM-STUB30-SHIFT12.5-RES2,12,C3,COUPLING_MEDIUM,30.0,40.0,12.0,15.0,30.0,12.5,26.0,6.0,16.0,304.0,True,False,FAIL_GEOMETRY,CENTER_GAP_ENGAGEMENT_OR_WIDTH
S12-C3-MEDIUM-STUB30-SHIFT15-RES2,12,C3,COUPLING_MEDIUM,30.0,40.0,12.0,15.0,30.0,15.0,31.0,11.0,16.0,309.0,True,False,FAIL_GEOMETRY,CENTER_GAP_ENGAGEMENT_OR_WIDTH
S12-C3-LARGE-STUB5-SHIFT0-RES2,12,C3,COUPLING_LARGE,40.0,55.0,18.0,22.0,5.0,0.0,51.0,-49.0,-15.0,290.0,True,False,FAIL_GEOMETRY,CENTER_GAP_ENGAGEMENT_OR_WIDTH
S12-C3-LARGE-STUB5-SHIFT2.5-RES2,12,C3,COUPLING_LARGE,40.0,55.0,18.0,22.0,5.0,2.5,56.0,-44.0,-15.0,290.0,True,False,FAIL_GEOMETRY,CENTER_GAP_ENGAGEMENT_OR_WIDTH
S12-C3-LARGE-STUB5-SHIFT5-RES2,12,C3,COUPLING_LARGE,40.0,55.0,18.0,22.0,5.0,5.0,61.0,-39.0,-15.0,290.0,True,False,FAIL_GEOMETRY,CENTER_GAP_ENGAGEMENT_OR_WIDTH
S12-C3-LARGE-STUB5-SHIFT7.5-RES2,12,C3,COUPLING_LARGE,40.0,55.0,18.0,22.0,5.0,7.5,66.0,-34.0,-15.0,294.0,True,False,FAIL_GEOMETRY,CENTER_GAP_ENGAGEMENT_OR_WIDTH
S12-C3-LARGE-STUB5-SHIFT10-RES2,12,C3,COUPLING_LARGE,40.0,55.0,18.0,22.0,5.0,10.0,71.0,-29.0,-15.0,299.0,True,False,FAIL_GEOMETRY,CENTER_GAP_ENGAGEMENT_OR_WIDTH
S12-C3-LARGE-STUB5-SHIFT12.5-RES2,12,C3,COUPLING_LARGE,40.0,55.0,18.0,22.0,5.0,12.5,76.0,-24.0,-15.0,304.0,True,False,FAIL_GEOMETRY,CENTER_GAP_ENGAGEMENT_OR_WIDTH
S12-C3-LARGE-STUB5-SHIFT15-RES2,12,C3,COUPLING_LARGE,40.0,55.0,18.0,22.0,5.0,15.0,81.0,-19.0,-15.0,309.0,True,False,FAIL_GEOMETRY,CENTER_GAP_ENGAGEMENT_OR_WIDTH
S12-C3-LARGE-STUB7.5-SHIFT0-RES2,12,C3,COUPLING_LARGE,40.0,55.0,18.0,22.0,7.5,0.0,46.0,-49.0,-12.5,290.0,True,False,FAIL_GEOMETRY,CENTER_GAP_ENGAGEMENT_OR_WIDTH
S12-C3-LARGE-STUB7.5-SHIFT2.5-RES2,12,C3,COUPLING_LARGE,40.0,55.0,18.0,22.0,7.5,2.5,51.0,-44.0,-12.5,290.0,True,False,FAIL_GEOMETRY,CENTER_GAP_ENGAGEMENT_OR_WIDTH
S12-C3-LARGE-STUB7.5-SHIFT5-RES2,12,C3,COUPLING_LARGE,40.0,55.0,18.0,22.0,7.5,5.0,56.0,-39.0,-12.5,290.0,True,False,FAIL_GEOMETRY,CENTER_GAP_ENGAGEMENT_OR_WIDTH
S12-C3-LARGE-STUB7.5-SHIFT7.5-RES2,12,C3,COUPLING_LARGE,40.0,55.0,18.0,22.0,7.5,7.5,61.0,-34.0,-12.5,294.0,True,False,FAIL_GEOMETRY,CENTER_GAP_ENGAGEMENT_OR_WIDTH
S12-C3-LARGE-STUB7.5-SHIFT10-RES2,12,C3,COUPLING_LARGE,40.0,55.0,18.0,22.0,7.5,10.0,66.0,-29.0,-12.5,299.0,True,False,FAIL_GEOMETRY,CENTER_GAP_ENGAGEMENT_OR_WIDTH
S12-C3-LARGE-STUB7.5-SHIFT12.5-RES2,12,C3,COUPLING_LARGE,40.0,55.0,18.0,22.0,7.5,12.5,71.0,-24.0,-12.5,304.0,True,False,FAIL_GEOMETRY,CENTER_GAP_ENGAGEMENT_OR_WIDTH
S12-C3-LARGE-STUB7.5-SHIFT15-RES2,12,C3,COUPLING_LARGE,40.0,55.0,18.0,22.0,7.5,15.0,76.0,-19.0,-12.5,309.0,True,False,FAIL_GEOMETRY,CENTER_GAP_ENGAGEMENT_OR_WIDTH
S12-C3-LARGE-STUB10-SHIFT0-RES2,12,C3,COUPLING_LARGE,40.0,55.0,18.0,22.0,10.0,0.0,41.0,-49.0,-10.0,290.0,True,False,FAIL_GEOMETRY,CENTER_GAP_ENGAGEMENT_OR_WIDTH
S12-C3-LARGE-STUB10-SHIFT2.5-RES2,12,C3,COUPLING_LARGE,40.0,55.0,18.0,22.0,10.0,2.5,46.0,-44.0,-10.0,290.0,True,False,FAIL_GEOMETRY,CENTER_GAP_ENGAGEMENT_OR_WIDTH
S12-C3-LARGE-STUB10-SHIFT5-RES2,12,C3,COUPLING_LARGE,40.0,55.0,18.0,22.0,10.0,5.0,51.0,-39.0,-10.0,290.0,True,False,FAIL_GEOMETRY,CENTER_GAP_ENGAGEMENT_OR_WIDTH
S12-C3-LARGE-STUB10-SHIFT7.5-RES2,12,C3,COUPLING_LARGE,40.0,55.0,18.0,22.0,10.0,7.5,56.0,-34.0,-10.0,294.0,True,False,FAIL_GEOMETRY,CENTER_GAP_ENGAGEMENT_OR_WIDTH
S12-C3-LARGE-STUB10-SHIFT10-RES2,12,C3,COUPLING_LARGE,40.0,55.0,18.0,22.0,10.0,10.0,61.0,-29.0,-10.0,299.0,True,False,FAIL_GEOMETRY,CENTER_GAP_ENGAGEMENT_OR_WIDTH
S12-C3-LARGE-STUB10-SHIFT12.5-RES2,12,C3,COUPLING_LARGE,40.0,55.0,18.0,22.0,10.0,12.5,66.0,-24.0,-10.0,304.0,True,False,FAIL_GEOMETRY,CENTER_GAP_ENGAGEMENT_OR_WIDTH
S12-C3-LARGE-STUB10-SHIFT15-RES2,12,C3,COUPLING_LARGE,40.0,55.0,18.0,22.0,10.0,15.0,71.0,-19.0,-10.0,309.0,True,False,FAIL_GEOMETRY,CENTER_GAP_ENGAGEMENT_OR_WIDTH
S12-C3-LARGE-STUB12.5-SHIFT0-RES2,12,C3,COUPLING_LARGE,40.0,55.0,18.0,22.0,12.5,0.0,36.0,-49.0,-7.5,290.0,True,False,FAIL_GEOMETRY,CENTER_GAP_ENGAGEMENT_OR_WIDTH
S12-C3-LARGE-STUB12.5-SHIFT2.5-RES2,12,C3,COUPLING_LARGE,40.0,55.0,18.0,22.0,12.5,2.5,41.0,-44.0,-7.5,290.0,True,False,FAIL_GEOMETRY,CENTER_GAP_ENGAGEMENT_OR_WIDTH
S12-C3-LARGE-STUB12.5-SHIFT5-RES2,12,C3,COUPLING_LARGE,40.0,55.0,18.0,22.0,12.5,5.0,46.0,-39.0,-7.5,290.0,True,False,FAIL_GEOMETRY,CENTER_GAP_ENGAGEMENT_OR_WIDTH
S12-C3-LARGE-STUB12.5-SHIFT7.5-RES2,12,C3,COUPLING_LARGE,40.0,55.0,18.0,22.0,12.5,7.5,51.0,-34.0,-7.5,294.0,True,False,FAIL_GEOMETRY,CENTER_GAP_ENGAGEMENT_OR_WIDTH
S12-C3-LARGE-STUB12.5-SHIFT10-RES2,12,C3,COUPLING_LARGE,40.0,55.0,18.0,22.0,12.5,10.0,56.0,-29.0,-7.5,299.0,True,False,FAIL_GEOMETRY,CENTER_GAP_ENGAGEMENT_OR_WIDTH
S12-C3-LARGE-STUB12.5-SHIFT12.5-RES2,12,C3,COUPLING_LARGE,40.0,55.0,18.0,22.0,12.5,12.5,61.0,-24.0,-7.5,304.0,True,False,FAIL_GEOMETRY,CENTER_GAP_ENGAGEMENT_OR_WIDTH
S12-C3-LARGE-STUB12.5-SHIFT15-RES2,12,C3,COUPLING_LARGE,40.0,55.0,18.0,22.0,12.5,15.0,66.0,-19.0,-7.5,309.0,True,False,FAIL_GEOMETRY,CENTER_GAP_ENGAGEMENT_OR_WIDTH
S12-C3-LARGE-STUB15-SHIFT0-RES2,12,C3,COUPLING_LARGE,40.0,55.0,18.0,22.0,15.0,0.0,31.0,-49.0,-5.0,290.0,True,False,FAIL_GEOMETRY,CENTER_GAP_ENGAGEMENT_OR_WIDTH
S12-C3-LARGE-STUB15-SHIFT2.5-RES2,12,C3,COUPLING_LARGE,40.0,55.0,18.0,22.0,15.0,2.5,36.0,-44.0,-5.0,290.0,True,False,FAIL_GEOMETRY,CENTER_GAP_ENGAGEMENT_OR_WIDTH
S12-C3-LARGE-STUB15-SHIFT5-RES2,12,C3,COUPLING_LARGE,40.0,55.0,18.0,22.0,15.0,5.0,41.0,-39.0,-5.0,290.0,True,False,FAIL_GEOMETRY,CENTER_GAP_ENGAGEMENT_OR_WIDTH
S12-C3-LARGE-STUB15-SHIFT7.5-RES2,12,C3,COUPLING_LARGE,40.0,55.0,18.0,22.0,15.0,7.5,46.0,-34.0,-5.0,294.0,True,False,FAIL_GEOMETRY,CENTER_GAP_ENGAGEMENT_OR_WIDTH
S12-C3-LARGE-STUB15-SHIFT10-RES2,12,C3,COUPLING_LARGE,40.0,55.0,18.0,22.0,15.0,10.0,51.0,-29.0,-5.0,299.0,True,False,FAIL_GEOMETRY,CENTER_GAP_ENGAGEMENT_OR_WIDTH
S12-C3-LARGE-STUB15-SHIFT12.5-RES2,12,C3,COUPLING_LARGE,40.0,55.0,18.0,22.0,15.0,12.5,56.0,-24.0,-5.0,304.0,True,False,FAIL_GEOMETRY,CENTER_GAP_ENGAGEMENT_OR_WIDTH
S12-C3-LARGE-STUB15-SHIFT15-RES2,12,C3,COUPLING_LARGE,40.0,55.0,18.0,22.0,15.0,15.0,61.0,-19.0,-5.0,309.0,True,False,FAIL_GEOMETRY,CENTER_GAP_ENGAGEMENT_OR_WIDTH
S12-C3-LARGE-STUB17.5-SHIFT0-RES2,12,C3,COUPLING_LARGE,40.0,55.0,18.0,22.0,17.5,0.0,26.0,-49.0,-2.5,290.0,True,False,FAIL_GEOMETRY,CENTER_GAP_ENGAGEMENT_OR_WIDTH
S12-C3-LARGE-STUB17.5-SHIFT2.5-RES2,12,C3,COUPLING_LARGE,40.0,55.0,18.0,22.0,17.5,2.5,31.0,-44.0,-2.5,290.0,True,False,FAIL_GEOMETRY,CENTER_GAP_ENGAGEMENT_OR_WIDTH
S12-C3-LARGE-STUB17.5-SHIFT5-RES2,12,C3,COUPLING_LARGE,40.0,55.0,18.0,22.0,17.5,5.0,36.0,-39.0,-2.5,290.0,True,False,FAIL_GEOMETRY,CENTER_GAP_ENGAGEMENT_OR_WIDTH
S12-C3-LARGE-STUB17.5-SHIFT7.5-RES2,12,C3,COUPLING_LARGE,40.0,55.0,18.0,22.0,17.5,7.5,41.0,-34.0,-2.5,294.0,True,False,FAIL_GEOMETRY,CENTER_GAP_ENGAGEMENT_OR_WIDTH
S12-C3-LARGE-STUB17.5-SHIFT10-RES2,12,C3,COUPLING_LARGE,40.0,55.0,18.0,22.0,17.5,10.0,46.0,-29.0,-2.5,299.0,True,False,FAIL_GEOMETRY,CENTER_GAP_ENGAGEMENT_OR_WIDTH
S12-C3-LARGE-STUB17.5-SHIFT12.5-RES2,12,C3,COUPLING_LARGE,40.0,55.0,18.0,22.0,17.5,12.5,51.0,-24.0,-2.5,304.0,True,False,FAIL_GEOMETRY,CENTER_GAP_ENGAGEMENT_OR_WIDTH
S12-C3-LARGE-STUB17.5-SHIFT15-RES2,12,C3,COUPLING_LARGE,40.0,55.0,18.0,22.0,17.5,15.0,56.0,-19.0,-2.5,309.0,True,False,FAIL_GEOMETRY,CENTER_GAP_ENGAGEMENT_OR_WIDTH
S12-C3-LARGE-STUB20-SHIFT0-RES2,12,C3,COUPLING_LARGE,40.0,55.0,18.0,22.0,20.0,0.0,21.0,-49.0,0.0,290.0,True,False,FAIL_GEOMETRY,CENTER_GAP_ENGAGEMENT_OR_WIDTH
S12-C3-LARGE-STUB20-SHIFT2.5-RES2,12,C3,COUPLING_LARGE,40.0,55.0,18.0,22.0,20.0,2.5,26.0,-44.0,0.0,290.0,True,False,FAIL_GEOMETRY,CENTER_GAP_ENGAGEMENT_OR_WIDTH
S12-C3-LARGE-STUB20-SHIFT5-RES2,12,C3,COUPLING_LARGE,40.0,55.0,18.0,22.0,20.0,5.0,31.0,-39.0,0.0,290.0,True,False,FAIL_GEOMETRY,CENTER_GAP_ENGAGEMENT_OR_WIDTH
S12-C3-LARGE-STUB20-SHIFT7.5-RES2,12,C3,COUPLING_LARGE,40.0,55.0,18.0,22.0,20.0,7.5,36.0,-34.0,0.0,294.0,True,False,FAIL_GEOMETRY,CENTER_GAP_ENGAGEMENT_OR_WIDTH
S12-C3-LARGE-STUB20-SHIFT10-RES2,12,C3,COUPLING_LARGE,40.0,55.0,18.0,22.0,20.0,10.0,41.0,-29.0,0.0,299.0,True,False,FAIL_GEOMETRY,CENTER_GAP_ENGAGEMENT_OR_WIDTH
S12-C3-LARGE-STUB20-SHIFT12.5-RES2,12,C3,COUPLING_LARGE,40.0,55.0,18.0,22.0,20.0,12.5,46.0,-24.0,0.0,304.0,True,False,FAIL_GEOMETRY,CENTER_GAP_ENGAGEMENT_OR_WIDTH
S12-C3-LARGE-STUB20-SHIFT15-RES2,12,C3,COUPLING_LARGE,40.0,55.0,18.0,22.0,20.0,15.0,51.0,-19.0,0.0,309.0,True,False,FAIL_GEOMETRY,CENTER_GAP_ENGAGEMENT_OR_WIDTH
S12-C3-LARGE-STUB25-SHIFT0-RES2,12,C3,COUPLING_LARGE,40.0,55.0,18.0,22.0,25.0,0.0,11.0,-49.0,5.0,290.0,True,False,FAIL_GEOMETRY,CENTER_GAP_ENGAGEMENT_OR_WIDTH
S12-C3-LARGE-STUB25-SHIFT2.5-RES2,12,C3,COUPLING_LARGE,40.0,55.0,18.0,22.0,25.0,2.5,16.0,-44.0,5.0,290.0,True,False,FAIL_GEOMETRY,CENTER_GAP_ENGAGEMENT_OR_WIDTH
S12-C3-LARGE-STUB25-SHIFT5-RES2,12,C3,COUPLING_LARGE,40.0,55.0,18.0,22.0,25.0,5.0,21.0,-39.0,5.0,290.0,True,False,FAIL_GEOMETRY,CENTER_GAP_ENGAGEMENT_OR_WIDTH
S12-C3-LARGE-STUB25-SHIFT7.5-RES2,12,C3,COUPLING_LARGE,40.0,55.0,18.0,22.0,25.0,7.5,26.0,-34.0,5.0,294.0,True,False,FAIL_GEOMETRY,CENTER_GAP_ENGAGEMENT_OR_WIDTH
S12-C3-LARGE-STUB25-SHIFT10-RES2,12,C3,COUPLING_LARGE,40.0,55.0,18.0,22.0,25.0,10.0,31.0,-29.0,5.0,299.0,True,False,FAIL_GEOMETRY,CENTER_GAP_ENGAGEMENT_OR_WIDTH
S12-C3-LARGE-STUB25-SHIFT12.5-RES2,12,C3,COUPLING_LARGE,40.0,55.0,18.0,22.0,25.0,12.5,36.0,-24.0,5.0,304.0,True,False,FAIL_GEOMETRY,CENTER_GAP_ENGAGEMENT_OR_WIDTH
S12-C3-LARGE-STUB25-SHIFT15-RES2,12,C3,COUPLING_LARGE,40.0,55.0,18.0,22.0,25.0,15.0,41.0,-19.0,5.0,309.0,True,False,FAIL_GEOMETRY,CENTER_GAP_ENGAGEMENT_OR_WIDTH
S12-C3-LARGE-STUB30-SHIFT0-RES2,12,C3,COUPLING_LARGE,40.0,55.0,18.0,22.0,30.0,0.0,1.0,-49.0,10.0,290.0,True,False,FAIL_GEOMETRY,CENTER_GAP_ENGAGEMENT_OR_WIDTH
S12-C3-LARGE-STUB30-SHIFT2.5-RES2,12,C3,COUPLING_LARGE,40.0,55.0,18.0,22.0,30.0,2.5,6.0,-44.0,10.0,290.0,True,False,FAIL_GEOMETRY,CENTER_GAP_ENGAGEMENT_OR_WIDTH
S12-C3-LARGE-STUB30-SHIFT5-RES2,12,C3,COUPLING_LARGE,40.0,55.0,18.0,22.0,30.0,5.0,11.0,-39.0,10.0,290.0,True,False,FAIL_GEOMETRY,CENTER_GAP_ENGAGEMENT_OR_WIDTH
S12-C3-LARGE-STUB30-SHIFT7.5-RES2,12,C3,COUPLING_LARGE,40.0,55.0,18.0,22.0,30.0,7.5,16.0,-34.0,10.0,294.0,True,False,FAIL_GEOMETRY,CENTER_GAP_ENGAGEMENT_OR_WIDTH
S12-C3-LARGE-STUB30-SHIFT10-RES2,12,C3,COUPLING_LARGE,40.0,55.0,18.0,22.0,30.0,10.0,21.0,-29.0,10.0,299.0,True,False,FAIL_GEOMETRY,CENTER_GAP_ENGAGEMENT_OR_WIDTH
S12-C3-LARGE-STUB30-SHIFT12.5-RES2,12,C3,COUPLING_LARGE,40.0,55.0,18.0,22.0,30.0,12.5,26.0,-24.0,10.0,304.0,True,False,FAIL_GEOMETRY,CENTER_GAP_ENGAGEMENT_OR_WIDTH
S12-C3-LARGE-STUB30-SHIFT15-RES2,12,C3,COUPLING_LARGE,40.0,55.0,18.0,22.0,30.0,15.0,31.0,-19.0,10.0,309.0,True,False,FAIL_GEOMETRY,CENTER_GAP_ENGAGEMENT_OR_WIDTH
S12-C3-XL-STUB5-SHIFT0-RES2,12,C3,COUPLING_XL,50.0,70.0,25.0,30.0,5.0,0.0,51.0,-79.0,-22.0,290.0,True,False,FAIL_GEOMETRY,CENTER_GAP_ENGAGEMENT_OR_WIDTH
S12-C3-XL-STUB5-SHIFT2.5-RES2,12,C3,COUPLING_XL,50.0,70.0,25.0,30.0,5.0,2.5,56.0,-74.0,-22.0,290.0,True,False,FAIL_GEOMETRY,CENTER_GAP_ENGAGEMENT_OR_WIDTH
S12-C3-XL-STUB5-SHIFT5-RES2,12,C3,COUPLING_XL,50.0,70.0,25.0,30.0,5.0,5.0,61.0,-69.0,-22.0,290.0,True,False,FAIL_GEOMETRY,CENTER_GAP_ENGAGEMENT_OR_WIDTH
S12-C3-XL-STUB5-SHIFT7.5-RES2,12,C3,COUPLING_XL,50.0,70.0,25.0,30.0,5.0,7.5,66.0,-64.0,-22.0,294.0,True,False,FAIL_GEOMETRY,CENTER_GAP_ENGAGEMENT_OR_WIDTH
S12-C3-XL-STUB5-SHIFT10-RES2,12,C3,COUPLING_XL,50.0,70.0,25.0,30.0,5.0,10.0,71.0,-59.0,-22.0,299.0,True,False,FAIL_GEOMETRY,CENTER_GAP_ENGAGEMENT_OR_WIDTH
S12-C3-XL-STUB5-SHIFT12.5-RES2,12,C3,COUPLING_XL,50.0,70.0,25.0,30.0,5.0,12.5,76.0,-54.0,-22.0,304.0,True,False,FAIL_GEOMETRY,CENTER_GAP_ENGAGEMENT_OR_WIDTH
S12-C3-XL-STUB5-SHIFT15-RES2,12,C3,COUPLING_XL,50.0,70.0,25.0,30.0,5.0,15.0,81.0,-49.0,-22.0,309.0,True,False,FAIL_GEOMETRY,CENTER_GAP_ENGAGEMENT_OR_WIDTH
S12-C3-XL-STUB7.5-SHIFT0-RES2,12,C3,COUPLING_XL,50.0,70.0,25.0,30.0,7.5,0.0,46.0,-79.0,-19.5,290.0,True,False,FAIL_GEOMETRY,CENTER_GAP_ENGAGEMENT_OR_WIDTH
S12-C3-XL-STUB7.5-SHIFT2.5-RES2,12,C3,COUPLING_XL,50.0,70.0,25.0,30.0,7.5,2.5,51.0,-74.0,-19.5,290.0,True,False,FAIL_GEOMETRY,CENTER_GAP_ENGAGEMENT_OR_WIDTH
S12-C3-XL-STUB7.5-SHIFT5-RES2,12,C3,COUPLING_XL,50.0,70.0,25.0,30.0,7.5,5.0,56.0,-69.0,-19.5,290.0,True,False,FAIL_GEOMETRY,CENTER_GAP_ENGAGEMENT_OR_WIDTH
S12-C3-XL-STUB7.5-SHIFT7.5-RES2,12,C3,COUPLING_XL,50.0,70.0,25.0,30.0,7.5,7.5,61.0,-64.0,-19.5,294.0,True,False,FAIL_GEOMETRY,CENTER_GAP_ENGAGEMENT_OR_WIDTH
S12-C3-XL-STUB7.5-SHIFT10-RES2,12,C3,COUPLING_XL,50.0,70.0,25.0,30.0,7.5,10.0,66.0,-59.0,-19.5,299.0,True,False,FAIL_GEOMETRY,CENTER_GAP_ENGAGEMENT_OR_WIDTH
S12-C3-XL-STUB7.5-SHIFT12.5-RES2,12,C3,COUPLING_XL,50.0,70.0,25.0,30.0,7.5,12.5,71.0,-54.0,-19.5,304.0,True,False,FAIL_GEOMETRY,CENTER_GAP_ENGAGEMENT_OR_WIDTH
S12-C3-XL-STUB7.5-SHIFT15-RES2,12,C3,COUPLING_XL,50.0,70.0,25.0,30.0,7.5,15.0,76.0,-49.0,-19.5,309.0,True,False,FAIL_GEOMETRY,CENTER_GAP_ENGAGEMENT_OR_WIDTH
S12-C3-XL-STUB10-SHIFT0-RES2,12,C3,COUPLING_XL,50.0,70.0,25.0,30.0,10.0,0.0,41.0,-79.0,-17.0,290.0,True,False,FAIL_GEOMETRY,CENTER_GAP_ENGAGEMENT_OR_WIDTH
S12-C3-XL-STUB10-SHIFT2.5-RES2,12,C3,COUPLING_XL,50.0,70.0,25.0,30.0,10.0,2.5,46.0,-74.0,-17.0,290.0,True,False,FAIL_GEOMETRY,CENTER_GAP_ENGAGEMENT_OR_WIDTH
S12-C3-XL-STUB10-SHIFT5-RES2,12,C3,COUPLING_XL,50.0,70.0,25.0,30.0,10.0,5.0,51.0,-69.0,-17.0,290.0,True,False,FAIL_GEOMETRY,CENTER_GAP_ENGAGEMENT_OR_WIDTH
S12-C3-XL-STUB10-SHIFT7.5-RES2,12,C3,COUPLING_XL,50.0,70.0,25.0,30.0,10.0,7.5,56.0,-64.0,-17.0,294.0,True,False,FAIL_GEOMETRY,CENTER_GAP_ENGAGEMENT_OR_WIDTH
S12-C3-XL-STUB10-SHIFT10-RES2,12,C3,COUPLING_XL,50.0,70.0,25.0,30.0,10.0,10.0,61.0,-59.0,-17.0,299.0,True,False,FAIL_GEOMETRY,CENTER_GAP_ENGAGEMENT_OR_WIDTH
S12-C3-XL-STUB10-SHIFT12.5-RES2,12,C3,COUPLING_XL,50.0,70.0,25.0,30.0,10.0,12.5,66.0,-54.0,-17.0,304.0,True,False,FAIL_GEOMETRY,CENTER_GAP_ENGAGEMENT_OR_WIDTH
S12-C3-XL-STUB10-SHIFT15-RES2,12,C3,COUPLING_XL,50.0,70.0,25.0,30.0,10.0,15.0,71.0,-49.0,-17.0,309.0,True,False,FAIL_GEOMETRY,CENTER_GAP_ENGAGEMENT_OR_WIDTH
S12-C3-XL-STUB12.5-SHIFT0-RES2,12,C3,COUPLING_XL,50.0,70.0,25.0,30.0,12.5,0.0,36.0,-79.0,-14.5,290.0,True,False,FAIL_GEOMETRY,CENTER_GAP_ENGAGEMENT_OR_WIDTH
S12-C3-XL-STUB12.5-SHIFT2.5-RES2,12,C3,COUPLING_XL,50.0,70.0,25.0,30.0,12.5,2.5,41.0,-74.0,-14.5,290.0,True,False,FAIL_GEOMETRY,CENTER_GAP_ENGAGEMENT_OR_WIDTH
S12-C3-XL-STUB12.5-SHIFT5-RES2,12,C3,COUPLING_XL,50.0,70.0,25.0,30.0,12.5,5.0,46.0,-69.0,-14.5,290.0,True,False,FAIL_GEOMETRY,CENTER_GAP_ENGAGEMENT_OR_WIDTH
S12-C3-XL-STUB12.5-SHIFT7.5-RES2,12,C3,COUPLING_XL,50.0,70.0,25.0,30.0,12.5,7.5,51.0,-64.0,-14.5,294.0,True,False,FAIL_GEOMETRY,CENTER_GAP_ENGAGEMENT_OR_WIDTH
S12-C3-XL-STUB12.5-SHIFT10-RES2,12,C3,COUPLING_XL,50.0,70.0,25.0,30.0,12.5,10.0,56.0,-59.0,-14.5,299.0,True,False,FAIL_GEOMETRY,CENTER_GAP_ENGAGEMENT_OR_WIDTH
S12-C3-XL-STUB12.5-SHIFT12.5-RES2,12,C3,COUPLING_XL,50.0,70.0,25.0,30.0,12.5,12.5,61.0,-54.0,-14.5,304.0,True,False,FAIL_GEOMETRY,CENTER_GAP_ENGAGEMENT_OR_WIDTH
S12-C3-XL-STUB12.5-SHIFT15-RES2,12,C3,COUPLING_XL,50.0,70.0,25.0,30.0,12.5,15.0,66.0,-49.0,-14.5,309.0,True,False,FAIL_GEOMETRY,CENTER_GAP_ENGAGEMENT_OR_WIDTH
S12-C3-XL-STUB15-SHIFT0-RES2,12,C3,COUPLING_XL,50.0,70.0,25.0,30.0,15.0,0.0,31.0,-79.0,-12.0,290.0,True,False,FAIL_GEOMETRY,CENTER_GAP_ENGAGEMENT_OR_WIDTH
S12-C3-XL-STUB15-SHIFT2.5-RES2,12,C3,COUPLING_XL,50.0,70.0,25.0,30.0,15.0,2.5,36.0,-74.0,-12.0,290.0,True,False,FAIL_GEOMETRY,CENTER_GAP_ENGAGEMENT_OR_WIDTH
S12-C3-XL-STUB15-SHIFT5-RES2,12,C3,COUPLING_XL,50.0,70.0,25.0,30.0,15.0,5.0,41.0,-69.0,-12.0,290.0,True,False,FAIL_GEOMETRY,CENTER_GAP_ENGAGEMENT_OR_WIDTH
S12-C3-XL-STUB15-SHIFT7.5-RES2,12,C3,COUPLING_XL,50.0,70.0,25.0,30.0,15.0,7.5,46.0,-64.0,-12.0,294.0,True,False,FAIL_GEOMETRY,CENTER_GAP_ENGAGEMENT_OR_WIDTH
S12-C3-XL-STUB15-SHIFT10-RES2,12,C3,COUPLING_XL,50.0,70.0,25.0,30.0,15.0,10.0,51.0,-59.0,-12.0,299.0,True,False,FAIL_GEOMETRY,CENTER_GAP_ENGAGEMENT_OR_WIDTH
S12-C3-XL-STUB15-SHIFT12.5-RES2,12,C3,COUPLING_XL,50.0,70.0,25.0,30.0,15.0,12.5,56.0,-54.0,-12.0,304.0,True,False,FAIL_GEOMETRY,CENTER_GAP_ENGAGEMENT_OR_WIDTH
S12-C3-XL-STUB15-SHIFT15-RES2,12,C3,COUPLING_XL,50.0,70.0,25.0,30.0,15.0,15.0,61.0,-49.0,-12.0,309.0,True,False,FAIL_GEOMETRY,CENTER_GAP_ENGAGEMENT_OR_WIDTH
S12-C3-XL-STUB17.5-SHIFT0-RES2,12,C3,COUPLING_XL,50.0,70.0,25.0,30.0,17.5,0.0,26.0,-79.0,-9.5,290.0,True,False,FAIL_GEOMETRY,CENTER_GAP_ENGAGEMENT_OR_WIDTH
S12-C3-XL-STUB17.5-SHIFT2.5-RES2,12,C3,COUPLING_XL,50.0,70.0,25.0,30.0,17.5,2.5,31.0,-74.0,-9.5,290.0,True,False,FAIL_GEOMETRY,CENTER_GAP_ENGAGEMENT_OR_WIDTH
S12-C3-XL-STUB17.5-SHIFT5-RES2,12,C3,COUPLING_XL,50.0,70.0,25.0,30.0,17.5,5.0,36.0,-69.0,-9.5,290.0,True,False,FAIL_GEOMETRY,CENTER_GAP_ENGAGEMENT_OR_WIDTH
S12-C3-XL-STUB17.5-SHIFT7.5-RES2,12,C3,COUPLING_XL,50.0,70.0,25.0,30.0,17.5,7.5,41.0,-64.0,-9.5,294.0,True,False,FAIL_GEOMETRY,CENTER_GAP_ENGAGEMENT_OR_WIDTH
S12-C3-XL-STUB17.5-SHIFT10-RES2,12,C3,COUPLING_XL,50.0,70.0,25.0,30.0,17.5,10.0,46.0,-59.0,-9.5,299.0,True,False,FAIL_GEOMETRY,CENTER_GAP_ENGAGEMENT_OR_WIDTH
S12-C3-XL-STUB17.5-SHIFT12.5-RES2,12,C3,COUPLING_XL,50.0,70.0,25.0,30.0,17.5,12.5,51.0,-54.0,-9.5,304.0,True,False,FAIL_GEOMETRY,CENTER_GAP_ENGAGEMENT_OR_WIDTH
S12-C3-XL-STUB17.5-SHIFT15-RES2,12,C3,COUPLING_XL,50.0,70.0,25.0,30.0,17.5,15.0,56.0,-49.0,-9.5,309.0,True,False,FAIL_GEOMETRY,CENTER_GAP_ENGAGEMENT_OR_WIDTH
S12-C3-XL-STUB20-SHIFT0-RES2,12,C3,COUPLING_XL,50.0,70.0,25.0,30.0,20.0,0.0,21.0,-79.0,-7.0,290.0,True,False,FAIL_GEOMETRY,CENTER_GAP_ENGAGEMENT_OR_WIDTH
S12-C3-XL-STUB20-SHIFT2.5-RES2,12,C3,COUPLING_XL,50.0,70.0,25.0,30.0,20.0,2.5,26.0,-74.0,-7.0,290.0,True,False,FAIL_GEOMETRY,CENTER_GAP_ENGAGEMENT_OR_WIDTH
S12-C3-XL-STUB20-SHIFT5-RES2,12,C3,COUPLING_XL,50.0,70.0,25.0,30.0,20.0,5.0,31.0,-69.0,-7.0,290.0,True,False,FAIL_GEOMETRY,CENTER_GAP_ENGAGEMENT_OR_WIDTH
S12-C3-XL-STUB20-SHIFT7.5-RES2,12,C3,COUPLING_XL,50.0,70.0,25.0,30.0,20.0,7.5,36.0,-64.0,-7.0,294.0,True,False,FAIL_GEOMETRY,CENTER_GAP_ENGAGEMENT_OR_WIDTH
S12-C3-XL-STUB20-SHIFT10-RES2,12,C3,COUPLING_XL,50.0,70.0,25.0,30.0,20.0,10.0,41.0,-59.0,-7.0,299.0,True,False,FAIL_GEOMETRY,CENTER_GAP_ENGAGEMENT_OR_WIDTH
S12-C3-XL-STUB20-SHIFT12.5-RES2,12,C3,COUPLING_XL,50.0,70.0,25.0,30.0,20.0,12.5,46.0,-54.0,-7.0,304.0,True,False,FAIL_GEOMETRY,CENTER_GAP_ENGAGEMENT_OR_WIDTH
S12-C3-XL-STUB20-SHIFT15-RES2,12,C3,COUPLING_XL,50.0,70.0,25.0,30.0,20.0,15.0,51.0,-49.0,-7.0,309.0,True,False,FAIL_GEOMETRY,CENTER_GAP_ENGAGEMENT_OR_WIDTH
S12-C3-XL-STUB25-SHIFT0-RES2,12,C3,COUPLING_XL,50.0,70.0,25.0,30.0,25.0,0.0,11.0,-79.0,-2.0,290.0,True,False,FAIL_GEOMETRY,CENTER_GAP_ENGAGEMENT_OR_WIDTH
S12-C3-XL-STUB25-SHIFT2.5-RES2,12,C3,COUPLING_XL,50.0,70.0,25.0,30.0,25.0,2.5,16.0,-74.0,-2.0,290.0,True,False,FAIL_GEOMETRY,CENTER_GAP_ENGAGEMENT_OR_WIDTH
S12-C3-XL-STUB25-SHIFT5-RES2,12,C3,COUPLING_XL,50.0,70.0,25.0,30.0,25.0,5.0,21.0,-69.0,-2.0,290.0,True,False,FAIL_GEOMETRY,CENTER_GAP_ENGAGEMENT_OR_WIDTH
S12-C3-XL-STUB25-SHIFT7.5-RES2,12,C3,COUPLING_XL,50.0,70.0,25.0,30.0,25.0,7.5,26.0,-64.0,-2.0,294.0,True,False,FAIL_GEOMETRY,CENTER_GAP_ENGAGEMENT_OR_WIDTH
S12-C3-XL-STUB25-SHIFT10-RES2,12,C3,COUPLING_XL,50.0,70.0,25.0,30.0,25.0,10.0,31.0,-59.0,-2.0,299.0,True,False,FAIL_GEOMETRY,CENTER_GAP_ENGAGEMENT_OR_WIDTH
S12-C3-XL-STUB25-SHIFT12.5-RES2,12,C3,COUPLING_XL,50.0,70.0,25.0,30.0,25.0,12.5,36.0,-54.0,-2.0,304.0,True,False,FAIL_GEOMETRY,CENTER_GAP_ENGAGEMENT_OR_WIDTH
S12-C3-XL-STUB25-SHIFT15-RES2,12,C3,COUPLING_XL,50.0,70.0,25.0,30.0,25.0,15.0,41.0,-49.0,-2.0,309.0,True,False,FAIL_GEOMETRY,CENTER_GAP_ENGAGEMENT_OR_WIDTH
S12-C3-XL-STUB30-SHIFT0-RES2,12,C3,COUPLING_XL,50.0,70.0,25.0,30.0,30.0,0.0,1.0,-79.0,3.0,290.0,True,False,FAIL_GEOMETRY,CENTER_GAP_ENGAGEMENT_OR_WIDTH
S12-C3-XL-STUB30-SHIFT2.5-RES2,12,C3,COUPLING_XL,50.0,70.0,25.0,30.0,30.0,2.5,6.0,-74.0,3.0,290.0,True,False,FAIL_GEOMETRY,CENTER_GAP_ENGAGEMENT_OR_WIDTH
S12-C3-XL-STUB30-SHIFT5-RES2,12,C3,COUPLING_XL,50.0,70.0,25.0,30.0,30.0,5.0,11.0,-69.0,3.0,290.0,True,False,FAIL_GEOMETRY,CENTER_GAP_ENGAGEMENT_OR_WIDTH
S12-C3-XL-STUB30-SHIFT7.5-RES2,12,C3,COUPLING_XL,50.0,70.0,25.0,30.0,30.0,7.5,16.0,-64.0,3.0,294.0,True,False,FAIL_GEOMETRY,CENTER_GAP_ENGAGEMENT_OR_WIDTH
S12-C3-XL-STUB30-SHIFT10-RES2,12,C3,COUPLING_XL,50.0,70.0,25.0,30.0,30.0,10.0,21.0,-59.0,3.0,299.0,True,False,FAIL_GEOMETRY,CENTER_GAP_ENGAGEMENT_OR_WIDTH
S12-C3-XL-STUB30-SHIFT12.5-RES2,12,C3,COUPLING_XL,50.0,70.0,25.0,30.0,30.0,12.5,26.0,-54.0,3.0,304.0,True,False,FAIL_GEOMETRY,CENTER_GAP_ENGAGEMENT_OR_WIDTH
S12-C3-XL-STUB30-SHIFT15-RES2,12,C3,COUPLING_XL,50.0,70.0,25.0,30.0,30.0,15.0,31.0,-49.0,3.0,309.0,True,False,FAIL_GEOMETRY,CENTER_GAP_ENGAGEMENT_OR_WIDTH
S12-C4-SMALL-STUB5-SHIFT0-RES2,12,C4,COUPLING_SMALL,20.0,25.0,8.0,10.0,5.0,0.0,51.0,11.0,-5.0,290.0,True,False,FAIL_GEOMETRY,CENTER_GAP_ENGAGEMENT_OR_WIDTH
S12-C4-SMALL-STUB5-SHIFT2.5-RES2,12,C4,COUPLING_SMALL,20.0,25.0,8.0,10.0,5.0,2.5,56.0,16.0,-5.0,290.0,True,False,FAIL_GEOMETRY,CENTER_GAP_ENGAGEMENT_OR_WIDTH
S12-C4-SMALL-STUB5-SHIFT5-RES2,12,C4,COUPLING_SMALL,20.0,25.0,8.0,10.0,5.0,5.0,61.0,21.0,-5.0,290.0,True,False,FAIL_GEOMETRY,CENTER_GAP_ENGAGEMENT_OR_WIDTH
S12-C4-SMALL-STUB5-SHIFT7.5-RES2,12,C4,COUPLING_SMALL,20.0,25.0,8.0,10.0,5.0,7.5,66.0,26.0,-5.0,294.0,True,False,FAIL_GEOMETRY,CENTER_GAP_ENGAGEMENT_OR_WIDTH
S12-C4-SMALL-STUB5-SHIFT10-RES2,12,C4,COUPLING_SMALL,20.0,25.0,8.0,10.0,5.0,10.0,71.0,31.0,-5.0,299.0,True,False,FAIL_GEOMETRY,CENTER_GAP_ENGAGEMENT_OR_WIDTH
S12-C4-SMALL-STUB5-SHIFT12.5-RES2,12,C4,COUPLING_SMALL,20.0,25.0,8.0,10.0,5.0,12.5,76.0,36.0,-5.0,304.0,True,False,FAIL_GEOMETRY,CENTER_GAP_ENGAGEMENT_OR_WIDTH
S12-C4-SMALL-STUB5-SHIFT15-RES2,12,C4,COUPLING_SMALL,20.0,25.0,8.0,10.0,5.0,15.0,81.0,41.0,-5.0,309.0,True,False,FAIL_GEOMETRY,CENTER_GAP_ENGAGEMENT_OR_WIDTH
S12-C4-SMALL-STUB7.5-SHIFT0-RES2,12,C4,COUPLING_SMALL,20.0,25.0,8.0,10.0,7.5,0.0,46.0,11.0,-2.5,290.0,True,False,FAIL_GEOMETRY,CENTER_GAP_ENGAGEMENT_OR_WIDTH
S12-C4-SMALL-STUB7.5-SHIFT2.5-RES2,12,C4,COUPLING_SMALL,20.0,25.0,8.0,10.0,7.5,2.5,51.0,16.0,-2.5,290.0,True,False,FAIL_GEOMETRY,CENTER_GAP_ENGAGEMENT_OR_WIDTH
S12-C4-SMALL-STUB7.5-SHIFT5-RES2,12,C4,COUPLING_SMALL,20.0,25.0,8.0,10.0,7.5,5.0,56.0,21.0,-2.5,290.0,True,False,FAIL_GEOMETRY,CENTER_GAP_ENGAGEMENT_OR_WIDTH
S12-C4-SMALL-STUB7.5-SHIFT7.5-RES2,12,C4,COUPLING_SMALL,20.0,25.0,8.0,10.0,7.5,7.5,61.0,26.0,-2.5,294.0,True,False,FAIL_GEOMETRY,CENTER_GAP_ENGAGEMENT_OR_WIDTH
S12-C4-SMALL-STUB7.5-SHIFT10-RES2,12,C4,COUPLING_SMALL,20.0,25.0,8.0,10.0,7.5,10.0,66.0,31.0,-2.5,299.0,True,False,FAIL_GEOMETRY,CENTER_GAP_ENGAGEMENT_OR_WIDTH
S12-C4-SMALL-STUB7.5-SHIFT12.5-RES2,12,C4,COUPLING_SMALL,20.0,25.0,8.0,10.0,7.5,12.5,71.0,36.0,-2.5,304.0,True,False,FAIL_GEOMETRY,CENTER_GAP_ENGAGEMENT_OR_WIDTH
S12-C4-SMALL-STUB7.5-SHIFT15-RES2,12,C4,COUPLING_SMALL,20.0,25.0,8.0,10.0,7.5,15.0,76.0,41.0,-2.5,309.0,True,False,FAIL_GEOMETRY,CENTER_GAP_ENGAGEMENT_OR_WIDTH
S12-C4-SMALL-STUB10-SHIFT0-RES2,12,C4,COUPLING_SMALL,20.0,25.0,8.0,10.0,10.0,0.0,41.0,11.0,0.0,290.0,True,False,CONDITIONAL_PASS,
S12-C4-SMALL-STUB10-SHIFT2.5-RES2,12,C4,COUPLING_SMALL,20.0,25.0,8.0,10.0,10.0,2.5,46.0,16.0,0.0,290.0,True,False,CONDITIONAL_PASS,
S12-C4-SMALL-STUB10-SHIFT5-RES2,12,C4,COUPLING_SMALL,20.0,25.0,8.0,10.0,10.0,5.0,51.0,21.0,0.0,290.0,True,False,CONDITIONAL_PASS,
S12-C4-SMALL-STUB10-SHIFT7.5-RES2,12,C4,COUPLING_SMALL,20.0,25.0,8.0,10.0,10.0,7.5,56.0,26.0,0.0,294.0,True,False,CONDITIONAL_PASS,
S12-C4-SMALL-STUB10-SHIFT10-RES2,12,C4,COUPLING_SMALL,20.0,25.0,8.0,10.0,10.0,10.0,61.0,31.0,0.0,299.0,True,False,WIDTH_MARGIN_CRITICAL,
S12-C4-SMALL-STUB10-SHIFT12.5-RES2,12,C4,COUPLING_SMALL,20.0,25.0,8.0,10.0,10.0,12.5,66.0,36.0,0.0,304.0,True,False,FAIL_GEOMETRY,CENTER_GAP_ENGAGEMENT_OR_WIDTH
S12-C4-SMALL-STUB10-SHIFT15-RES2,12,C4,COUPLING_SMALL,20.0,25.0,8.0,10.0,10.0,15.0,71.0,41.0,0.0,309.0,True,False,FAIL_GEOMETRY,CENTER_GAP_ENGAGEMENT_OR_WIDTH
S12-C4-SMALL-STUB12.5-SHIFT0-RES2,12,C4,COUPLING_SMALL,20.0,25.0,8.0,10.0,12.5,0.0,36.0,11.0,2.5,290.0,True,False,CONDITIONAL_PASS,
S12-C4-SMALL-STUB12.5-SHIFT2.5-RES2,12,C4,COUPLING_SMALL,20.0,25.0,8.0,10.0,12.5,2.5,41.0,16.0,2.5,290.0,True,False,CONDITIONAL_PASS,
S12-C4-SMALL-STUB12.5-SHIFT5-RES2,12,C4,COUPLING_SMALL,20.0,25.0,8.0,10.0,12.5,5.0,46.0,21.0,2.5,290.0,True,False,CONDITIONAL_PASS,
S12-C4-SMALL-STUB12.5-SHIFT7.5-RES2,12,C4,COUPLING_SMALL,20.0,25.0,8.0,10.0,12.5,7.5,51.0,26.0,2.5,294.0,True,False,CONDITIONAL_PASS,
S12-C4-SMALL-STUB12.5-SHIFT10-RES2,12,C4,COUPLING_SMALL,20.0,25.0,8.0,10.0,12.5,10.0,56.0,31.0,2.5,299.0,True,False,WIDTH_MARGIN_CRITICAL,
S12-C4-SMALL-STUB12.5-SHIFT12.5-RES2,12,C4,COUPLING_SMALL,20.0,25.0,8.0,10.0,12.5,12.5,61.0,36.0,2.5,304.0,True,False,FAIL_GEOMETRY,CENTER_GAP_ENGAGEMENT_OR_WIDTH
S12-C4-SMALL-STUB12.5-SHIFT15-RES2,12,C4,COUPLING_SMALL,20.0,25.0,8.0,10.0,12.5,15.0,66.0,41.0,2.5,309.0,True,False,FAIL_GEOMETRY,CENTER_GAP_ENGAGEMENT_OR_WIDTH
S12-C4-SMALL-STUB15-SHIFT0-RES2,12,C4,COUPLING_SMALL,20.0,25.0,8.0,10.0,15.0,0.0,31.0,11.0,5.0,290.0,True,False,CONDITIONAL_PASS,
S12-C4-SMALL-STUB15-SHIFT2.5-RES2,12,C4,COUPLING_SMALL,20.0,25.0,8.0,10.0,15.0,2.5,36.0,16.0,5.0,290.0,True,False,CONDITIONAL_PASS,
S12-C4-SMALL-STUB15-SHIFT5-RES2,12,C4,COUPLING_SMALL,20.0,25.0,8.0,10.0,15.0,5.0,41.0,21.0,5.0,290.0,True,False,CONDITIONAL_PASS,
S12-C4-SMALL-STUB15-SHIFT7.5-RES2,12,C4,COUPLING_SMALL,20.0,25.0,8.0,10.0,15.0,7.5,46.0,26.0,5.0,294.0,True,False,CONDITIONAL_PASS,
S12-C4-SMALL-STUB15-SHIFT10-RES2,12,C4,COUPLING_SMALL,20.0,25.0,8.0,10.0,15.0,10.0,51.0,31.0,5.0,299.0,True,False,WIDTH_MARGIN_CRITICAL,
S12-C4-SMALL-STUB15-SHIFT12.5-RES2,12,C4,COUPLING_SMALL,20.0,25.0,8.0,10.0,15.0,12.5,56.0,36.0,5.0,304.0,True,False,FAIL_GEOMETRY,CENTER_GAP_ENGAGEMENT_OR_WIDTH
S12-C4-SMALL-STUB15-SHIFT15-RES2,12,C4,COUPLING_SMALL,20.0,25.0,8.0,10.0,15.0,15.0,61.0,41.0,5.0,309.0,True,False,FAIL_GEOMETRY,CENTER_GAP_ENGAGEMENT_OR_WIDTH
S12-C4-SMALL-STUB17.5-SHIFT0-RES2,12,C4,COUPLING_SMALL,20.0,25.0,8.0,10.0,17.5,0.0,26.0,11.0,7.5,290.0,True,False,CONDITIONAL_PASS,
S12-C4-SMALL-STUB17.5-SHIFT2.5-RES2,12,C4,COUPLING_SMALL,20.0,25.0,8.0,10.0,17.5,2.5,31.0,16.0,7.5,290.0,True,False,CONDITIONAL_PASS,
S12-C4-SMALL-STUB17.5-SHIFT5-RES2,12,C4,COUPLING_SMALL,20.0,25.0,8.0,10.0,17.5,5.0,36.0,21.0,7.5,290.0,True,False,CONDITIONAL_PASS,
S12-C4-SMALL-STUB17.5-SHIFT7.5-RES2,12,C4,COUPLING_SMALL,20.0,25.0,8.0,10.0,17.5,7.5,41.0,26.0,7.5,294.0,True,False,CONDITIONAL_PASS,
S12-C4-SMALL-STUB17.5-SHIFT10-RES2,12,C4,COUPLING_SMALL,20.0,25.0,8.0,10.0,17.5,10.0,46.0,31.0,7.5,299.0,True,False,WIDTH_MARGIN_CRITICAL,
S12-C4-SMALL-STUB17.5-SHIFT12.5-RES2,12,C4,COUPLING_SMALL,20.0,25.0,8.0,10.0,17.5,12.5,51.0,36.0,7.5,304.0,True,False,FAIL_GEOMETRY,CENTER_GAP_ENGAGEMENT_OR_WIDTH
S12-C4-SMALL-STUB17.5-SHIFT15-RES2,12,C4,COUPLING_SMALL,20.0,25.0,8.0,10.0,17.5,15.0,56.0,41.0,7.5,309.0,True,False,FAIL_GEOMETRY,CENTER_GAP_ENGAGEMENT_OR_WIDTH
S12-C4-SMALL-STUB20-SHIFT0-RES2,12,C4,COUPLING_SMALL,20.0,25.0,8.0,10.0,20.0,0.0,21.0,11.0,10.0,290.0,True,False,CONDITIONAL_PASS,
S12-C4-SMALL-STUB20-SHIFT2.5-RES2,12,C4,COUPLING_SMALL,20.0,25.0,8.0,10.0,20.0,2.5,26.0,16.0,10.0,290.0,True,False,CONDITIONAL_PASS,
S12-C4-SMALL-STUB20-SHIFT5-RES2,12,C4,COUPLING_SMALL,20.0,25.0,8.0,10.0,20.0,5.0,31.0,21.0,10.0,290.0,True,False,CONDITIONAL_PASS,
S12-C4-SMALL-STUB20-SHIFT7.5-RES2,12,C4,COUPLING_SMALL,20.0,25.0,8.0,10.0,20.0,7.5,36.0,26.0,10.0,294.0,True,False,CONDITIONAL_PASS,
S12-C4-SMALL-STUB20-SHIFT10-RES2,12,C4,COUPLING_SMALL,20.0,25.0,8.0,10.0,20.0,10.0,41.0,31.0,10.0,299.0,True,False,WIDTH_MARGIN_CRITICAL,
S12-C4-SMALL-STUB20-SHIFT12.5-RES2,12,C4,COUPLING_SMALL,20.0,25.0,8.0,10.0,20.0,12.5,46.0,36.0,10.0,304.0,True,False,FAIL_GEOMETRY,CENTER_GAP_ENGAGEMENT_OR_WIDTH
S12-C4-SMALL-STUB20-SHIFT15-RES2,12,C4,COUPLING_SMALL,20.0,25.0,8.0,10.0,20.0,15.0,51.0,41.0,10.0,309.0,True,False,FAIL_GEOMETRY,CENTER_GAP_ENGAGEMENT_OR_WIDTH
S12-C4-SMALL-STUB25-SHIFT0-RES2,12,C4,COUPLING_SMALL,20.0,25.0,8.0,10.0,25.0,0.0,11.0,11.0,15.0,290.0,True,False,CONDITIONAL_PASS,
S12-C4-SMALL-STUB25-SHIFT2.5-RES2,12,C4,COUPLING_SMALL,20.0,25.0,8.0,10.0,25.0,2.5,16.0,16.0,15.0,290.0,True,False,CONDITIONAL_PASS,
S12-C4-SMALL-STUB25-SHIFT5-RES2,12,C4,COUPLING_SMALL,20.0,25.0,8.0,10.0,25.0,5.0,21.0,21.0,15.0,290.0,True,False,CONDITIONAL_PASS,
S12-C4-SMALL-STUB25-SHIFT7.5-RES2,12,C4,COUPLING_SMALL,20.0,25.0,8.0,10.0,25.0,7.5,26.0,26.0,15.0,294.0,True,False,CONDITIONAL_PASS,
S12-C4-SMALL-STUB25-SHIFT10-RES2,12,C4,COUPLING_SMALL,20.0,25.0,8.0,10.0,25.0,10.0,31.0,31.0,15.0,299.0,True,False,WIDTH_MARGIN_CRITICAL,
S12-C4-SMALL-STUB25-SHIFT12.5-RES2,12,C4,COUPLING_SMALL,20.0,25.0,8.0,10.0,25.0,12.5,36.0,36.0,15.0,304.0,True,False,FAIL_GEOMETRY,CENTER_GAP_ENGAGEMENT_OR_WIDTH
S12-C4-SMALL-STUB25-SHIFT15-RES2,12,C4,COUPLING_SMALL,20.0,25.0,8.0,10.0,25.0,15.0,41.0,41.0,15.0,309.0,True,False,FAIL_GEOMETRY,CENTER_GAP_ENGAGEMENT_OR_WIDTH
S12-C4-SMALL-STUB30-SHIFT0-RES2,12,C4,COUPLING_SMALL,20.0,25.0,8.0,10.0,30.0,0.0,1.0,11.0,20.0,290.0,True,False,CONDITIONAL_PASS,
S12-C4-SMALL-STUB30-SHIFT2.5-RES2,12,C4,COUPLING_SMALL,20.0,25.0,8.0,10.0,30.0,2.5,6.0,16.0,20.0,290.0,True,False,CONDITIONAL_PASS,
S12-C4-SMALL-STUB30-SHIFT5-RES2,12,C4,COUPLING_SMALL,20.0,25.0,8.0,10.0,30.0,5.0,11.0,21.0,20.0,290.0,True,False,CONDITIONAL_PASS,
S12-C4-SMALL-STUB30-SHIFT7.5-RES2,12,C4,COUPLING_SMALL,20.0,25.0,8.0,10.0,30.0,7.5,16.0,26.0,20.0,294.0,True,False,CONDITIONAL_PASS,
S12-C4-SMALL-STUB30-SHIFT10-RES2,12,C4,COUPLING_SMALL,20.0,25.0,8.0,10.0,30.0,10.0,21.0,31.0,20.0,299.0,True,False,WIDTH_MARGIN_CRITICAL,
S12-C4-SMALL-STUB30-SHIFT12.5-RES2,12,C4,COUPLING_SMALL,20.0,25.0,8.0,10.0,30.0,12.5,26.0,36.0,20.0,304.0,True,False,FAIL_GEOMETRY,CENTER_GAP_ENGAGEMENT_OR_WIDTH
S12-C4-SMALL-STUB30-SHIFT15-RES2,12,C4,COUPLING_SMALL,20.0,25.0,8.0,10.0,30.0,15.0,31.0,41.0,20.0,309.0,True,False,FAIL_GEOMETRY,CENTER_GAP_ENGAGEMENT_OR_WIDTH
S12-C4-MEDIUM-STUB5-SHIFT0-RES2,12,C4,COUPLING_MEDIUM,30.0,40.0,12.0,15.0,5.0,0.0,51.0,-19.0,-9.0,290.0,True,False,FAIL_GEOMETRY,CENTER_GAP_ENGAGEMENT_OR_WIDTH
S12-C4-MEDIUM-STUB5-SHIFT2.5-RES2,12,C4,COUPLING_MEDIUM,30.0,40.0,12.0,15.0,5.0,2.5,56.0,-14.0,-9.0,290.0,True,False,FAIL_GEOMETRY,CENTER_GAP_ENGAGEMENT_OR_WIDTH
S12-C4-MEDIUM-STUB5-SHIFT5-RES2,12,C4,COUPLING_MEDIUM,30.0,40.0,12.0,15.0,5.0,5.0,61.0,-9.0,-9.0,290.0,True,False,FAIL_GEOMETRY,CENTER_GAP_ENGAGEMENT_OR_WIDTH
S12-C4-MEDIUM-STUB5-SHIFT7.5-RES2,12,C4,COUPLING_MEDIUM,30.0,40.0,12.0,15.0,5.0,7.5,66.0,-4.0,-9.0,294.0,True,False,FAIL_GEOMETRY,CENTER_GAP_ENGAGEMENT_OR_WIDTH
S12-C4-MEDIUM-STUB5-SHIFT10-RES2,12,C4,COUPLING_MEDIUM,30.0,40.0,12.0,15.0,5.0,10.0,71.0,1.0,-9.0,299.0,True,False,FAIL_GEOMETRY,CENTER_GAP_ENGAGEMENT_OR_WIDTH
S12-C4-MEDIUM-STUB5-SHIFT12.5-RES2,12,C4,COUPLING_MEDIUM,30.0,40.0,12.0,15.0,5.0,12.5,76.0,6.0,-9.0,304.0,True,False,FAIL_GEOMETRY,CENTER_GAP_ENGAGEMENT_OR_WIDTH
S12-C4-MEDIUM-STUB5-SHIFT15-RES2,12,C4,COUPLING_MEDIUM,30.0,40.0,12.0,15.0,5.0,15.0,81.0,11.0,-9.0,309.0,True,False,FAIL_GEOMETRY,CENTER_GAP_ENGAGEMENT_OR_WIDTH
S12-C4-MEDIUM-STUB7.5-SHIFT0-RES2,12,C4,COUPLING_MEDIUM,30.0,40.0,12.0,15.0,7.5,0.0,46.0,-19.0,-6.5,290.0,True,False,FAIL_GEOMETRY,CENTER_GAP_ENGAGEMENT_OR_WIDTH
S12-C4-MEDIUM-STUB7.5-SHIFT2.5-RES2,12,C4,COUPLING_MEDIUM,30.0,40.0,12.0,15.0,7.5,2.5,51.0,-14.0,-6.5,290.0,True,False,FAIL_GEOMETRY,CENTER_GAP_ENGAGEMENT_OR_WIDTH
S12-C4-MEDIUM-STUB7.5-SHIFT5-RES2,12,C4,COUPLING_MEDIUM,30.0,40.0,12.0,15.0,7.5,5.0,56.0,-9.0,-6.5,290.0,True,False,FAIL_GEOMETRY,CENTER_GAP_ENGAGEMENT_OR_WIDTH
S12-C4-MEDIUM-STUB7.5-SHIFT7.5-RES2,12,C4,COUPLING_MEDIUM,30.0,40.0,12.0,15.0,7.5,7.5,61.0,-4.0,-6.5,294.0,True,False,FAIL_GEOMETRY,CENTER_GAP_ENGAGEMENT_OR_WIDTH
S12-C4-MEDIUM-STUB7.5-SHIFT10-RES2,12,C4,COUPLING_MEDIUM,30.0,40.0,12.0,15.0,7.5,10.0,66.0,1.0,-6.5,299.0,True,False,FAIL_GEOMETRY,CENTER_GAP_ENGAGEMENT_OR_WIDTH
S12-C4-MEDIUM-STUB7.5-SHIFT12.5-RES2,12,C4,COUPLING_MEDIUM,30.0,40.0,12.0,15.0,7.5,12.5,71.0,6.0,-6.5,304.0,True,False,FAIL_GEOMETRY,CENTER_GAP_ENGAGEMENT_OR_WIDTH
S12-C4-MEDIUM-STUB7.5-SHIFT15-RES2,12,C4,COUPLING_MEDIUM,30.0,40.0,12.0,15.0,7.5,15.0,76.0,11.0,-6.5,309.0,True,False,FAIL_GEOMETRY,CENTER_GAP_ENGAGEMENT_OR_WIDTH
S12-C4-MEDIUM-STUB10-SHIFT0-RES2,12,C4,COUPLING_MEDIUM,30.0,40.0,12.0,15.0,10.0,0.0,41.0,-19.0,-4.0,290.0,True,False,FAIL_GEOMETRY,CENTER_GAP_ENGAGEMENT_OR_WIDTH
S12-C4-MEDIUM-STUB10-SHIFT2.5-RES2,12,C4,COUPLING_MEDIUM,30.0,40.0,12.0,15.0,10.0,2.5,46.0,-14.0,-4.0,290.0,True,False,FAIL_GEOMETRY,CENTER_GAP_ENGAGEMENT_OR_WIDTH
S12-C4-MEDIUM-STUB10-SHIFT5-RES2,12,C4,COUPLING_MEDIUM,30.0,40.0,12.0,15.0,10.0,5.0,51.0,-9.0,-4.0,290.0,True,False,FAIL_GEOMETRY,CENTER_GAP_ENGAGEMENT_OR_WIDTH
S12-C4-MEDIUM-STUB10-SHIFT7.5-RES2,12,C4,COUPLING_MEDIUM,30.0,40.0,12.0,15.0,10.0,7.5,56.0,-4.0,-4.0,294.0,True,False,FAIL_GEOMETRY,CENTER_GAP_ENGAGEMENT_OR_WIDTH
S12-C4-MEDIUM-STUB10-SHIFT10-RES2,12,C4,COUPLING_MEDIUM,30.0,40.0,12.0,15.0,10.0,10.0,61.0,1.0,-4.0,299.0,True,False,FAIL_GEOMETRY,CENTER_GAP_ENGAGEMENT_OR_WIDTH
S12-C4-MEDIUM-STUB10-SHIFT12.5-RES2,12,C4,COUPLING_MEDIUM,30.0,40.0,12.0,15.0,10.0,12.5,66.0,6.0,-4.0,304.0,True,False,FAIL_GEOMETRY,CENTER_GAP_ENGAGEMENT_OR_WIDTH
S12-C4-MEDIUM-STUB10-SHIFT15-RES2,12,C4,COUPLING_MEDIUM,30.0,40.0,12.0,15.0,10.0,15.0,71.0,11.0,-4.0,309.0,True,False,FAIL_GEOMETRY,CENTER_GAP_ENGAGEMENT_OR_WIDTH
S12-C4-MEDIUM-STUB12.5-SHIFT0-RES2,12,C4,COUPLING_MEDIUM,30.0,40.0,12.0,15.0,12.5,0.0,36.0,-19.0,-1.5,290.0,True,False,FAIL_GEOMETRY,CENTER_GAP_ENGAGEMENT_OR_WIDTH
S12-C4-MEDIUM-STUB12.5-SHIFT2.5-RES2,12,C4,COUPLING_MEDIUM,30.0,40.0,12.0,15.0,12.5,2.5,41.0,-14.0,-1.5,290.0,True,False,FAIL_GEOMETRY,CENTER_GAP_ENGAGEMENT_OR_WIDTH
S12-C4-MEDIUM-STUB12.5-SHIFT5-RES2,12,C4,COUPLING_MEDIUM,30.0,40.0,12.0,15.0,12.5,5.0,46.0,-9.0,-1.5,290.0,True,False,FAIL_GEOMETRY,CENTER_GAP_ENGAGEMENT_OR_WIDTH
S12-C4-MEDIUM-STUB12.5-SHIFT7.5-RES2,12,C4,COUPLING_MEDIUM,30.0,40.0,12.0,15.0,12.5,7.5,51.0,-4.0,-1.5,294.0,True,False,FAIL_GEOMETRY,CENTER_GAP_ENGAGEMENT_OR_WIDTH
S12-C4-MEDIUM-STUB12.5-SHIFT10-RES2,12,C4,COUPLING_MEDIUM,30.0,40.0,12.0,15.0,12.5,10.0,56.0,1.0,-1.5,299.0,True,False,FAIL_GEOMETRY,CENTER_GAP_ENGAGEMENT_OR_WIDTH
S12-C4-MEDIUM-STUB12.5-SHIFT12.5-RES2,12,C4,COUPLING_MEDIUM,30.0,40.0,12.0,15.0,12.5,12.5,61.0,6.0,-1.5,304.0,True,False,FAIL_GEOMETRY,CENTER_GAP_ENGAGEMENT_OR_WIDTH
S12-C4-MEDIUM-STUB12.5-SHIFT15-RES2,12,C4,COUPLING_MEDIUM,30.0,40.0,12.0,15.0,12.5,15.0,66.0,11.0,-1.5,309.0,True,False,FAIL_GEOMETRY,CENTER_GAP_ENGAGEMENT_OR_WIDTH
S12-C4-MEDIUM-STUB15-SHIFT0-RES2,12,C4,COUPLING_MEDIUM,30.0,40.0,12.0,15.0,15.0,0.0,31.0,-19.0,1.0,290.0,True,False,FAIL_GEOMETRY,CENTER_GAP_ENGAGEMENT_OR_WIDTH
S12-C4-MEDIUM-STUB15-SHIFT2.5-RES2,12,C4,COUPLING_MEDIUM,30.0,40.0,12.0,15.0,15.0,2.5,36.0,-14.0,1.0,290.0,True,False,FAIL_GEOMETRY,CENTER_GAP_ENGAGEMENT_OR_WIDTH
S12-C4-MEDIUM-STUB15-SHIFT5-RES2,12,C4,COUPLING_MEDIUM,30.0,40.0,12.0,15.0,15.0,5.0,41.0,-9.0,1.0,290.0,True,False,FAIL_GEOMETRY,CENTER_GAP_ENGAGEMENT_OR_WIDTH
S12-C4-MEDIUM-STUB15-SHIFT7.5-RES2,12,C4,COUPLING_MEDIUM,30.0,40.0,12.0,15.0,15.0,7.5,46.0,-4.0,1.0,294.0,True,False,FAIL_GEOMETRY,CENTER_GAP_ENGAGEMENT_OR_WIDTH
S12-C4-MEDIUM-STUB15-SHIFT10-RES2,12,C4,COUPLING_MEDIUM,30.0,40.0,12.0,15.0,15.0,10.0,51.0,1.0,1.0,299.0,True,False,FAIL_GEOMETRY,CENTER_GAP_ENGAGEMENT_OR_WIDTH
S12-C4-MEDIUM-STUB15-SHIFT12.5-RES2,12,C4,COUPLING_MEDIUM,30.0,40.0,12.0,15.0,15.0,12.5,56.0,6.0,1.0,304.0,True,False,FAIL_GEOMETRY,CENTER_GAP_ENGAGEMENT_OR_WIDTH
S12-C4-MEDIUM-STUB15-SHIFT15-RES2,12,C4,COUPLING_MEDIUM,30.0,40.0,12.0,15.0,15.0,15.0,61.0,11.0,1.0,309.0,True,False,FAIL_GEOMETRY,CENTER_GAP_ENGAGEMENT_OR_WIDTH
S12-C4-MEDIUM-STUB17.5-SHIFT0-RES2,12,C4,COUPLING_MEDIUM,30.0,40.0,12.0,15.0,17.5,0.0,26.0,-19.0,3.5,290.0,True,False,FAIL_GEOMETRY,CENTER_GAP_ENGAGEMENT_OR_WIDTH
S12-C4-MEDIUM-STUB17.5-SHIFT2.5-RES2,12,C4,COUPLING_MEDIUM,30.0,40.0,12.0,15.0,17.5,2.5,31.0,-14.0,3.5,290.0,True,False,FAIL_GEOMETRY,CENTER_GAP_ENGAGEMENT_OR_WIDTH
S12-C4-MEDIUM-STUB17.5-SHIFT5-RES2,12,C4,COUPLING_MEDIUM,30.0,40.0,12.0,15.0,17.5,5.0,36.0,-9.0,3.5,290.0,True,False,FAIL_GEOMETRY,CENTER_GAP_ENGAGEMENT_OR_WIDTH
S12-C4-MEDIUM-STUB17.5-SHIFT7.5-RES2,12,C4,COUPLING_MEDIUM,30.0,40.0,12.0,15.0,17.5,7.5,41.0,-4.0,3.5,294.0,True,False,FAIL_GEOMETRY,CENTER_GAP_ENGAGEMENT_OR_WIDTH
S12-C4-MEDIUM-STUB17.5-SHIFT10-RES2,12,C4,COUPLING_MEDIUM,30.0,40.0,12.0,15.0,17.5,10.0,46.0,1.0,3.5,299.0,True,False,FAIL_GEOMETRY,CENTER_GAP_ENGAGEMENT_OR_WIDTH
S12-C4-MEDIUM-STUB17.5-SHIFT12.5-RES2,12,C4,COUPLING_MEDIUM,30.0,40.0,12.0,15.0,17.5,12.5,51.0,6.0,3.5,304.0,True,False,FAIL_GEOMETRY,CENTER_GAP_ENGAGEMENT_OR_WIDTH
S12-C4-MEDIUM-STUB17.5-SHIFT15-RES2,12,C4,COUPLING_MEDIUM,30.0,40.0,12.0,15.0,17.5,15.0,56.0,11.0,3.5,309.0,True,False,FAIL_GEOMETRY,CENTER_GAP_ENGAGEMENT_OR_WIDTH
S12-C4-MEDIUM-STUB20-SHIFT0-RES2,12,C4,COUPLING_MEDIUM,30.0,40.0,12.0,15.0,20.0,0.0,21.0,-19.0,6.0,290.0,True,False,FAIL_GEOMETRY,CENTER_GAP_ENGAGEMENT_OR_WIDTH
S12-C4-MEDIUM-STUB20-SHIFT2.5-RES2,12,C4,COUPLING_MEDIUM,30.0,40.0,12.0,15.0,20.0,2.5,26.0,-14.0,6.0,290.0,True,False,FAIL_GEOMETRY,CENTER_GAP_ENGAGEMENT_OR_WIDTH
S12-C4-MEDIUM-STUB20-SHIFT5-RES2,12,C4,COUPLING_MEDIUM,30.0,40.0,12.0,15.0,20.0,5.0,31.0,-9.0,6.0,290.0,True,False,FAIL_GEOMETRY,CENTER_GAP_ENGAGEMENT_OR_WIDTH
S12-C4-MEDIUM-STUB20-SHIFT7.5-RES2,12,C4,COUPLING_MEDIUM,30.0,40.0,12.0,15.0,20.0,7.5,36.0,-4.0,6.0,294.0,True,False,FAIL_GEOMETRY,CENTER_GAP_ENGAGEMENT_OR_WIDTH
S12-C4-MEDIUM-STUB20-SHIFT10-RES2,12,C4,COUPLING_MEDIUM,30.0,40.0,12.0,15.0,20.0,10.0,41.0,1.0,6.0,299.0,True,False,FAIL_GEOMETRY,CENTER_GAP_ENGAGEMENT_OR_WIDTH
S12-C4-MEDIUM-STUB20-SHIFT12.5-RES2,12,C4,COUPLING_MEDIUM,30.0,40.0,12.0,15.0,20.0,12.5,46.0,6.0,6.0,304.0,True,False,FAIL_GEOMETRY,CENTER_GAP_ENGAGEMENT_OR_WIDTH
S12-C4-MEDIUM-STUB20-SHIFT15-RES2,12,C4,COUPLING_MEDIUM,30.0,40.0,12.0,15.0,20.0,15.0,51.0,11.0,6.0,309.0,True,False,FAIL_GEOMETRY,CENTER_GAP_ENGAGEMENT_OR_WIDTH
S12-C4-MEDIUM-STUB25-SHIFT0-RES2,12,C4,COUPLING_MEDIUM,30.0,40.0,12.0,15.0,25.0,0.0,11.0,-19.0,11.0,290.0,True,False,FAIL_GEOMETRY,CENTER_GAP_ENGAGEMENT_OR_WIDTH
S12-C4-MEDIUM-STUB25-SHIFT2.5-RES2,12,C4,COUPLING_MEDIUM,30.0,40.0,12.0,15.0,25.0,2.5,16.0,-14.0,11.0,290.0,True,False,FAIL_GEOMETRY,CENTER_GAP_ENGAGEMENT_OR_WIDTH
S12-C4-MEDIUM-STUB25-SHIFT5-RES2,12,C4,COUPLING_MEDIUM,30.0,40.0,12.0,15.0,25.0,5.0,21.0,-9.0,11.0,290.0,True,False,FAIL_GEOMETRY,CENTER_GAP_ENGAGEMENT_OR_WIDTH
S12-C4-MEDIUM-STUB25-SHIFT7.5-RES2,12,C4,COUPLING_MEDIUM,30.0,40.0,12.0,15.0,25.0,7.5,26.0,-4.0,11.0,294.0,True,False,FAIL_GEOMETRY,CENTER_GAP_ENGAGEMENT_OR_WIDTH
S12-C4-MEDIUM-STUB25-SHIFT10-RES2,12,C4,COUPLING_MEDIUM,30.0,40.0,12.0,15.0,25.0,10.0,31.0,1.0,11.0,299.0,True,False,FAIL_GEOMETRY,CENTER_GAP_ENGAGEMENT_OR_WIDTH
S12-C4-MEDIUM-STUB25-SHIFT12.5-RES2,12,C4,COUPLING_MEDIUM,30.0,40.0,12.0,15.0,25.0,12.5,36.0,6.0,11.0,304.0,True,False,FAIL_GEOMETRY,CENTER_GAP_ENGAGEMENT_OR_WIDTH
S12-C4-MEDIUM-STUB25-SHIFT15-RES2,12,C4,COUPLING_MEDIUM,30.0,40.0,12.0,15.0,25.0,15.0,41.0,11.0,11.0,309.0,True,False,FAIL_GEOMETRY,CENTER_GAP_ENGAGEMENT_OR_WIDTH
S12-C4-MEDIUM-STUB30-SHIFT0-RES2,12,C4,COUPLING_MEDIUM,30.0,40.0,12.0,15.0,30.0,0.0,1.0,-19.0,16.0,290.0,True,False,FAIL_GEOMETRY,CENTER_GAP_ENGAGEMENT_OR_WIDTH
S12-C4-MEDIUM-STUB30-SHIFT2.5-RES2,12,C4,COUPLING_MEDIUM,30.0,40.0,12.0,15.0,30.0,2.5,6.0,-14.0,16.0,290.0,True,False,FAIL_GEOMETRY,CENTER_GAP_ENGAGEMENT_OR_WIDTH
S12-C4-MEDIUM-STUB30-SHIFT5-RES2,12,C4,COUPLING_MEDIUM,30.0,40.0,12.0,15.0,30.0,5.0,11.0,-9.0,16.0,290.0,True,False,FAIL_GEOMETRY,CENTER_GAP_ENGAGEMENT_OR_WIDTH
S12-C4-MEDIUM-STUB30-SHIFT7.5-RES2,12,C4,COUPLING_MEDIUM,30.0,40.0,12.0,15.0,30.0,7.5,16.0,-4.0,16.0,294.0,True,False,FAIL_GEOMETRY,CENTER_GAP_ENGAGEMENT_OR_WIDTH
S12-C4-MEDIUM-STUB30-SHIFT10-RES2,12,C4,COUPLING_MEDIUM,30.0,40.0,12.0,15.0,30.0,10.0,21.0,1.0,16.0,299.0,True,False,FAIL_GEOMETRY,CENTER_GAP_ENGAGEMENT_OR_WIDTH
S12-C4-MEDIUM-STUB30-SHIFT12.5-RES2,12,C4,COUPLING_MEDIUM,30.0,40.0,12.0,15.0,30.0,12.5,26.0,6.0,16.0,304.0,True,False,FAIL_GEOMETRY,CENTER_GAP_ENGAGEMENT_OR_WIDTH
S12-C4-MEDIUM-STUB30-SHIFT15-RES2,12,C4,COUPLING_MEDIUM,30.0,40.0,12.0,15.0,30.0,15.0,31.0,11.0,16.0,309.0,True,False,FAIL_GEOMETRY,CENTER_GAP_ENGAGEMENT_OR_WIDTH
S12-C4-LARGE-STUB5-SHIFT0-RES2,12,C4,COUPLING_LARGE,40.0,55.0,18.0,22.0,5.0,0.0,51.0,-49.0,-15.0,290.0,True,False,FAIL_GEOMETRY,CENTER_GAP_ENGAGEMENT_OR_WIDTH
S12-C4-LARGE-STUB5-SHIFT2.5-RES2,12,C4,COUPLING_LARGE,40.0,55.0,18.0,22.0,5.0,2.5,56.0,-44.0,-15.0,290.0,True,False,FAIL_GEOMETRY,CENTER_GAP_ENGAGEMENT_OR_WIDTH
S12-C4-LARGE-STUB5-SHIFT5-RES2,12,C4,COUPLING_LARGE,40.0,55.0,18.0,22.0,5.0,5.0,61.0,-39.0,-15.0,290.0,True,False,FAIL_GEOMETRY,CENTER_GAP_ENGAGEMENT_OR_WIDTH
S12-C4-LARGE-STUB5-SHIFT7.5-RES2,12,C4,COUPLING_LARGE,40.0,55.0,18.0,22.0,5.0,7.5,66.0,-34.0,-15.0,294.0,True,False,FAIL_GEOMETRY,CENTER_GAP_ENGAGEMENT_OR_WIDTH
S12-C4-LARGE-STUB5-SHIFT10-RES2,12,C4,COUPLING_LARGE,40.0,55.0,18.0,22.0,5.0,10.0,71.0,-29.0,-15.0,299.0,True,False,FAIL_GEOMETRY,CENTER_GAP_ENGAGEMENT_OR_WIDTH
S12-C4-LARGE-STUB5-SHIFT12.5-RES2,12,C4,COUPLING_LARGE,40.0,55.0,18.0,22.0,5.0,12.5,76.0,-24.0,-15.0,304.0,True,False,FAIL_GEOMETRY,CENTER_GAP_ENGAGEMENT_OR_WIDTH
S12-C4-LARGE-STUB5-SHIFT15-RES2,12,C4,COUPLING_LARGE,40.0,55.0,18.0,22.0,5.0,15.0,81.0,-19.0,-15.0,309.0,True,False,FAIL_GEOMETRY,CENTER_GAP_ENGAGEMENT_OR_WIDTH
S12-C4-LARGE-STUB7.5-SHIFT0-RES2,12,C4,COUPLING_LARGE,40.0,55.0,18.0,22.0,7.5,0.0,46.0,-49.0,-12.5,290.0,True,False,FAIL_GEOMETRY,CENTER_GAP_ENGAGEMENT_OR_WIDTH
S12-C4-LARGE-STUB7.5-SHIFT2.5-RES2,12,C4,COUPLING_LARGE,40.0,55.0,18.0,22.0,7.5,2.5,51.0,-44.0,-12.5,290.0,True,False,FAIL_GEOMETRY,CENTER_GAP_ENGAGEMENT_OR_WIDTH
S12-C4-LARGE-STUB7.5-SHIFT5-RES2,12,C4,COUPLING_LARGE,40.0,55.0,18.0,22.0,7.5,5.0,56.0,-39.0,-12.5,290.0,True,False,FAIL_GEOMETRY,CENTER_GAP_ENGAGEMENT_OR_WIDTH
S12-C4-LARGE-STUB7.5-SHIFT7.5-RES2,12,C4,COUPLING_LARGE,40.0,55.0,18.0,22.0,7.5,7.5,61.0,-34.0,-12.5,294.0,True,False,FAIL_GEOMETRY,CENTER_GAP_ENGAGEMENT_OR_WIDTH
S12-C4-LARGE-STUB7.5-SHIFT10-RES2,12,C4,COUPLING_LARGE,40.0,55.0,18.0,22.0,7.5,10.0,66.0,-29.0,-12.5,299.0,True,False,FAIL_GEOMETRY,CENTER_GAP_ENGAGEMENT_OR_WIDTH
S12-C4-LARGE-STUB7.5-SHIFT12.5-RES2,12,C4,COUPLING_LARGE,40.0,55.0,18.0,22.0,7.5,12.5,71.0,-24.0,-12.5,304.0,True,False,FAIL_GEOMETRY,CENTER_GAP_ENGAGEMENT_OR_WIDTH
S12-C4-LARGE-STUB7.5-SHIFT15-RES2,12,C4,COUPLING_LARGE,40.0,55.0,18.0,22.0,7.5,15.0,76.0,-19.0,-12.5,309.0,True,False,FAIL_GEOMETRY,CENTER_GAP_ENGAGEMENT_OR_WIDTH
S12-C4-LARGE-STUB10-SHIFT0-RES2,12,C4,COUPLING_LARGE,40.0,55.0,18.0,22.0,10.0,0.0,41.0,-49.0,-10.0,290.0,True,False,FAIL_GEOMETRY,CENTER_GAP_ENGAGEMENT_OR_WIDTH
S12-C4-LARGE-STUB10-SHIFT2.5-RES2,12,C4,COUPLING_LARGE,40.0,55.0,18.0,22.0,10.0,2.5,46.0,-44.0,-10.0,290.0,True,False,FAIL_GEOMETRY,CENTER_GAP_ENGAGEMENT_OR_WIDTH
S12-C4-LARGE-STUB10-SHIFT5-RES2,12,C4,COUPLING_LARGE,40.0,55.0,18.0,22.0,10.0,5.0,51.0,-39.0,-10.0,290.0,True,False,FAIL_GEOMETRY,CENTER_GAP_ENGAGEMENT_OR_WIDTH
S12-C4-LARGE-STUB10-SHIFT7.5-RES2,12,C4,COUPLING_LARGE,40.0,55.0,18.0,22.0,10.0,7.5,56.0,-34.0,-10.0,294.0,True,False,FAIL_GEOMETRY,CENTER_GAP_ENGAGEMENT_OR_WIDTH
S12-C4-LARGE-STUB10-SHIFT10-RES2,12,C4,COUPLING_LARGE,40.0,55.0,18.0,22.0,10.0,10.0,61.0,-29.0,-10.0,299.0,True,False,FAIL_GEOMETRY,CENTER_GAP_ENGAGEMENT_OR_WIDTH
S12-C4-LARGE-STUB10-SHIFT12.5-RES2,12,C4,COUPLING_LARGE,40.0,55.0,18.0,22.0,10.0,12.5,66.0,-24.0,-10.0,304.0,True,False,FAIL_GEOMETRY,CENTER_GAP_ENGAGEMENT_OR_WIDTH
S12-C4-LARGE-STUB10-SHIFT15-RES2,12,C4,COUPLING_LARGE,40.0,55.0,18.0,22.0,10.0,15.0,71.0,-19.0,-10.0,309.0,True,False,FAIL_GEOMETRY,CENTER_GAP_ENGAGEMENT_OR_WIDTH
S12-C4-LARGE-STUB12.5-SHIFT0-RES2,12,C4,COUPLING_LARGE,40.0,55.0,18.0,22.0,12.5,0.0,36.0,-49.0,-7.5,290.0,True,False,FAIL_GEOMETRY,CENTER_GAP_ENGAGEMENT_OR_WIDTH
S12-C4-LARGE-STUB12.5-SHIFT2.5-RES2,12,C4,COUPLING_LARGE,40.0,55.0,18.0,22.0,12.5,2.5,41.0,-44.0,-7.5,290.0,True,False,FAIL_GEOMETRY,CENTER_GAP_ENGAGEMENT_OR_WIDTH
S12-C4-LARGE-STUB12.5-SHIFT5-RES2,12,C4,COUPLING_LARGE,40.0,55.0,18.0,22.0,12.5,5.0,46.0,-39.0,-7.5,290.0,True,False,FAIL_GEOMETRY,CENTER_GAP_ENGAGEMENT_OR_WIDTH
S12-C4-LARGE-STUB12.5-SHIFT7.5-RES2,12,C4,COUPLING_LARGE,40.0,55.0,18.0,22.0,12.5,7.5,51.0,-34.0,-7.5,294.0,True,False,FAIL_GEOMETRY,CENTER_GAP_ENGAGEMENT_OR_WIDTH
S12-C4-LARGE-STUB12.5-SHIFT10-RES2,12,C4,COUPLING_LARGE,40.0,55.0,18.0,22.0,12.5,10.0,56.0,-29.0,-7.5,299.0,True,False,FAIL_GEOMETRY,CENTER_GAP_ENGAGEMENT_OR_WIDTH
S12-C4-LARGE-STUB12.5-SHIFT12.5-RES2,12,C4,COUPLING_LARGE,40.0,55.0,18.0,22.0,12.5,12.5,61.0,-24.0,-7.5,304.0,True,False,FAIL_GEOMETRY,CENTER_GAP_ENGAGEMENT_OR_WIDTH
S12-C4-LARGE-STUB12.5-SHIFT15-RES2,12,C4,COUPLING_LARGE,40.0,55.0,18.0,22.0,12.5,15.0,66.0,-19.0,-7.5,309.0,True,False,FAIL_GEOMETRY,CENTER_GAP_ENGAGEMENT_OR_WIDTH
S12-C4-LARGE-STUB15-SHIFT0-RES2,12,C4,COUPLING_LARGE,40.0,55.0,18.0,22.0,15.0,0.0,31.0,-49.0,-5.0,290.0,True,False,FAIL_GEOMETRY,CENTER_GAP_ENGAGEMENT_OR_WIDTH
S12-C4-LARGE-STUB15-SHIFT2.5-RES2,12,C4,COUPLING_LARGE,40.0,55.0,18.0,22.0,15.0,2.5,36.0,-44.0,-5.0,290.0,True,False,FAIL_GEOMETRY,CENTER_GAP_ENGAGEMENT_OR_WIDTH
S12-C4-LARGE-STUB15-SHIFT5-RES2,12,C4,COUPLING_LARGE,40.0,55.0,18.0,22.0,15.0,5.0,41.0,-39.0,-5.0,290.0,True,False,FAIL_GEOMETRY,CENTER_GAP_ENGAGEMENT_OR_WIDTH
S12-C4-LARGE-STUB15-SHIFT7.5-RES2,12,C4,COUPLING_LARGE,40.0,55.0,18.0,22.0,15.0,7.5,46.0,-34.0,-5.0,294.0,True,False,FAIL_GEOMETRY,CENTER_GAP_ENGAGEMENT_OR_WIDTH
S12-C4-LARGE-STUB15-SHIFT10-RES2,12,C4,COUPLING_LARGE,40.0,55.0,18.0,22.0,15.0,10.0,51.0,-29.0,-5.0,299.0,True,False,FAIL_GEOMETRY,CENTER_GAP_ENGAGEMENT_OR_WIDTH
S12-C4-LARGE-STUB15-SHIFT12.5-RES2,12,C4,COUPLING_LARGE,40.0,55.0,18.0,22.0,15.0,12.5,56.0,-24.0,-5.0,304.0,True,False,FAIL_GEOMETRY,CENTER_GAP_ENGAGEMENT_OR_WIDTH
S12-C4-LARGE-STUB15-SHIFT15-RES2,12,C4,COUPLING_LARGE,40.0,55.0,18.0,22.0,15.0,15.0,61.0,-19.0,-5.0,309.0,True,False,FAIL_GEOMETRY,CENTER_GAP_ENGAGEMENT_OR_WIDTH
S12-C4-LARGE-STUB17.5-SHIFT0-RES2,12,C4,COUPLING_LARGE,40.0,55.0,18.0,22.0,17.5,0.0,26.0,-49.0,-2.5,290.0,True,False,FAIL_GEOMETRY,CENTER_GAP_ENGAGEMENT_OR_WIDTH
S12-C4-LARGE-STUB17.5-SHIFT2.5-RES2,12,C4,COUPLING_LARGE,40.0,55.0,18.0,22.0,17.5,2.5,31.0,-44.0,-2.5,290.0,True,False,FAIL_GEOMETRY,CENTER_GAP_ENGAGEMENT_OR_WIDTH
S12-C4-LARGE-STUB17.5-SHIFT5-RES2,12,C4,COUPLING_LARGE,40.0,55.0,18.0,22.0,17.5,5.0,36.0,-39.0,-2.5,290.0,True,False,FAIL_GEOMETRY,CENTER_GAP_ENGAGEMENT_OR_WIDTH
S12-C4-LARGE-STUB17.5-SHIFT7.5-RES2,12,C4,COUPLING_LARGE,40.0,55.0,18.0,22.0,17.5,7.5,41.0,-34.0,-2.5,294.0,True,False,FAIL_GEOMETRY,CENTER_GAP_ENGAGEMENT_OR_WIDTH
S12-C4-LARGE-STUB17.5-SHIFT10-RES2,12,C4,COUPLING_LARGE,40.0,55.0,18.0,22.0,17.5,10.0,46.0,-29.0,-2.5,299.0,True,False,FAIL_GEOMETRY,CENTER_GAP_ENGAGEMENT_OR_WIDTH
S12-C4-LARGE-STUB17.5-SHIFT12.5-RES2,12,C4,COUPLING_LARGE,40.0,55.0,18.0,22.0,17.5,12.5,51.0,-24.0,-2.5,304.0,True,False,FAIL_GEOMETRY,CENTER_GAP_ENGAGEMENT_OR_WIDTH
S12-C4-LARGE-STUB17.5-SHIFT15-RES2,12,C4,COUPLING_LARGE,40.0,55.0,18.0,22.0,17.5,15.0,56.0,-19.0,-2.5,309.0,True,False,FAIL_GEOMETRY,CENTER_GAP_ENGAGEMENT_OR_WIDTH
S12-C4-LARGE-STUB20-SHIFT0-RES2,12,C4,COUPLING_LARGE,40.0,55.0,18.0,22.0,20.0,0.0,21.0,-49.0,0.0,290.0,True,False,FAIL_GEOMETRY,CENTER_GAP_ENGAGEMENT_OR_WIDTH
S12-C4-LARGE-STUB20-SHIFT2.5-RES2,12,C4,COUPLING_LARGE,40.0,55.0,18.0,22.0,20.0,2.5,26.0,-44.0,0.0,290.0,True,False,FAIL_GEOMETRY,CENTER_GAP_ENGAGEMENT_OR_WIDTH
S12-C4-LARGE-STUB20-SHIFT5-RES2,12,C4,COUPLING_LARGE,40.0,55.0,18.0,22.0,20.0,5.0,31.0,-39.0,0.0,290.0,True,False,FAIL_GEOMETRY,CENTER_GAP_ENGAGEMENT_OR_WIDTH
S12-C4-LARGE-STUB20-SHIFT7.5-RES2,12,C4,COUPLING_LARGE,40.0,55.0,18.0,22.0,20.0,7.5,36.0,-34.0,0.0,294.0,True,False,FAIL_GEOMETRY,CENTER_GAP_ENGAGEMENT_OR_WIDTH
S12-C4-LARGE-STUB20-SHIFT10-RES2,12,C4,COUPLING_LARGE,40.0,55.0,18.0,22.0,20.0,10.0,41.0,-29.0,0.0,299.0,True,False,FAIL_GEOMETRY,CENTER_GAP_ENGAGEMENT_OR_WIDTH
S12-C4-LARGE-STUB20-SHIFT12.5-RES2,12,C4,COUPLING_LARGE,40.0,55.0,18.0,22.0,20.0,12.5,46.0,-24.0,0.0,304.0,True,False,FAIL_GEOMETRY,CENTER_GAP_ENGAGEMENT_OR_WIDTH
S12-C4-LARGE-STUB20-SHIFT15-RES2,12,C4,COUPLING_LARGE,40.0,55.0,18.0,22.0,20.0,15.0,51.0,-19.0,0.0,309.0,True,False,FAIL_GEOMETRY,CENTER_GAP_ENGAGEMENT_OR_WIDTH
S12-C4-LARGE-STUB25-SHIFT0-RES2,12,C4,COUPLING_LARGE,40.0,55.0,18.0,22.0,25.0,0.0,11.0,-49.0,5.0,290.0,True,False,FAIL_GEOMETRY,CENTER_GAP_ENGAGEMENT_OR_WIDTH
S12-C4-LARGE-STUB25-SHIFT2.5-RES2,12,C4,COUPLING_LARGE,40.0,55.0,18.0,22.0,25.0,2.5,16.0,-44.0,5.0,290.0,True,False,FAIL_GEOMETRY,CENTER_GAP_ENGAGEMENT_OR_WIDTH
S12-C4-LARGE-STUB25-SHIFT5-RES2,12,C4,COUPLING_LARGE,40.0,55.0,18.0,22.0,25.0,5.0,21.0,-39.0,5.0,290.0,True,False,FAIL_GEOMETRY,CENTER_GAP_ENGAGEMENT_OR_WIDTH
S12-C4-LARGE-STUB25-SHIFT7.5-RES2,12,C4,COUPLING_LARGE,40.0,55.0,18.0,22.0,25.0,7.5,26.0,-34.0,5.0,294.0,True,False,FAIL_GEOMETRY,CENTER_GAP_ENGAGEMENT_OR_WIDTH
S12-C4-LARGE-STUB25-SHIFT10-RES2,12,C4,COUPLING_LARGE,40.0,55.0,18.0,22.0,25.0,10.0,31.0,-29.0,5.0,299.0,True,False,FAIL_GEOMETRY,CENTER_GAP_ENGAGEMENT_OR_WIDTH
S12-C4-LARGE-STUB25-SHIFT12.5-RES2,12,C4,COUPLING_LARGE,40.0,55.0,18.0,22.0,25.0,12.5,36.0,-24.0,5.0,304.0,True,False,FAIL_GEOMETRY,CENTER_GAP_ENGAGEMENT_OR_WIDTH
S12-C4-LARGE-STUB25-SHIFT15-RES2,12,C4,COUPLING_LARGE,40.0,55.0,18.0,22.0,25.0,15.0,41.0,-19.0,5.0,309.0,True,False,FAIL_GEOMETRY,CENTER_GAP_ENGAGEMENT_OR_WIDTH
S12-C4-LARGE-STUB30-SHIFT0-RES2,12,C4,COUPLING_LARGE,40.0,55.0,18.0,22.0,30.0,0.0,1.0,-49.0,10.0,290.0,True,False,FAIL_GEOMETRY,CENTER_GAP_ENGAGEMENT_OR_WIDTH
S12-C4-LARGE-STUB30-SHIFT2.5-RES2,12,C4,COUPLING_LARGE,40.0,55.0,18.0,22.0,30.0,2.5,6.0,-44.0,10.0,290.0,True,False,FAIL_GEOMETRY,CENTER_GAP_ENGAGEMENT_OR_WIDTH
S12-C4-LARGE-STUB30-SHIFT5-RES2,12,C4,COUPLING_LARGE,40.0,55.0,18.0,22.0,30.0,5.0,11.0,-39.0,10.0,290.0,True,False,FAIL_GEOMETRY,CENTER_GAP_ENGAGEMENT_OR_WIDTH
S12-C4-LARGE-STUB30-SHIFT7.5-RES2,12,C4,COUPLING_LARGE,40.0,55.0,18.0,22.0,30.0,7.5,16.0,-34.0,10.0,294.0,True,False,FAIL_GEOMETRY,CENTER_GAP_ENGAGEMENT_OR_WIDTH
S12-C4-LARGE-STUB30-SHIFT10-RES2,12,C4,COUPLING_LARGE,40.0,55.0,18.0,22.0,30.0,10.0,21.0,-29.0,10.0,299.0,True,False,FAIL_GEOMETRY,CENTER_GAP_ENGAGEMENT_OR_WIDTH
S12-C4-LARGE-STUB30-SHIFT12.5-RES2,12,C4,COUPLING_LARGE,40.0,55.0,18.0,22.0,30.0,12.5,26.0,-24.0,10.0,304.0,True,False,FAIL_GEOMETRY,CENTER_GAP_ENGAGEMENT_OR_WIDTH
S12-C4-LARGE-STUB30-SHIFT15-RES2,12,C4,COUPLING_LARGE,40.0,55.0,18.0,22.0,30.0,15.0,31.0,-19.0,10.0,309.0,True,False,FAIL_GEOMETRY,CENTER_GAP_ENGAGEMENT_OR_WIDTH
S12-C4-XL-STUB5-SHIFT0-RES2,12,C4,COUPLING_XL,50.0,70.0,25.0,30.0,5.0,0.0,51.0,-79.0,-22.0,290.0,True,False,FAIL_GEOMETRY,CENTER_GAP_ENGAGEMENT_OR_WIDTH
S12-C4-XL-STUB5-SHIFT2.5-RES2,12,C4,COUPLING_XL,50.0,70.0,25.0,30.0,5.0,2.5,56.0,-74.0,-22.0,290.0,True,False,FAIL_GEOMETRY,CENTER_GAP_ENGAGEMENT_OR_WIDTH
S12-C4-XL-STUB5-SHIFT5-RES2,12,C4,COUPLING_XL,50.0,70.0,25.0,30.0,5.0,5.0,61.0,-69.0,-22.0,290.0,True,False,FAIL_GEOMETRY,CENTER_GAP_ENGAGEMENT_OR_WIDTH
S12-C4-XL-STUB5-SHIFT7.5-RES2,12,C4,COUPLING_XL,50.0,70.0,25.0,30.0,5.0,7.5,66.0,-64.0,-22.0,294.0,True,False,FAIL_GEOMETRY,CENTER_GAP_ENGAGEMENT_OR_WIDTH
S12-C4-XL-STUB5-SHIFT10-RES2,12,C4,COUPLING_XL,50.0,70.0,25.0,30.0,5.0,10.0,71.0,-59.0,-22.0,299.0,True,False,FAIL_GEOMETRY,CENTER_GAP_ENGAGEMENT_OR_WIDTH
S12-C4-XL-STUB5-SHIFT12.5-RES2,12,C4,COUPLING_XL,50.0,70.0,25.0,30.0,5.0,12.5,76.0,-54.0,-22.0,304.0,True,False,FAIL_GEOMETRY,CENTER_GAP_ENGAGEMENT_OR_WIDTH
S12-C4-XL-STUB5-SHIFT15-RES2,12,C4,COUPLING_XL,50.0,70.0,25.0,30.0,5.0,15.0,81.0,-49.0,-22.0,309.0,True,False,FAIL_GEOMETRY,CENTER_GAP_ENGAGEMENT_OR_WIDTH
S12-C4-XL-STUB7.5-SHIFT0-RES2,12,C4,COUPLING_XL,50.0,70.0,25.0,30.0,7.5,0.0,46.0,-79.0,-19.5,290.0,True,False,FAIL_GEOMETRY,CENTER_GAP_ENGAGEMENT_OR_WIDTH
S12-C4-XL-STUB7.5-SHIFT2.5-RES2,12,C4,COUPLING_XL,50.0,70.0,25.0,30.0,7.5,2.5,51.0,-74.0,-19.5,290.0,True,False,FAIL_GEOMETRY,CENTER_GAP_ENGAGEMENT_OR_WIDTH
S12-C4-XL-STUB7.5-SHIFT5-RES2,12,C4,COUPLING_XL,50.0,70.0,25.0,30.0,7.5,5.0,56.0,-69.0,-19.5,290.0,True,False,FAIL_GEOMETRY,CENTER_GAP_ENGAGEMENT_OR_WIDTH
S12-C4-XL-STUB7.5-SHIFT7.5-RES2,12,C4,COUPLING_XL,50.0,70.0,25.0,30.0,7.5,7.5,61.0,-64.0,-19.5,294.0,True,False,FAIL_GEOMETRY,CENTER_GAP_ENGAGEMENT_OR_WIDTH
S12-C4-XL-STUB7.5-SHIFT10-RES2,12,C4,COUPLING_XL,50.0,70.0,25.0,30.0,7.5,10.0,66.0,-59.0,-19.5,299.0,True,False,FAIL_GEOMETRY,CENTER_GAP_ENGAGEMENT_OR_WIDTH
S12-C4-XL-STUB7.5-SHIFT12.5-RES2,12,C4,COUPLING_XL,50.0,70.0,25.0,30.0,7.5,12.5,71.0,-54.0,-19.5,304.0,True,False,FAIL_GEOMETRY,CENTER_GAP_ENGAGEMENT_OR_WIDTH
S12-C4-XL-STUB7.5-SHIFT15-RES2,12,C4,COUPLING_XL,50.0,70.0,25.0,30.0,7.5,15.0,76.0,-49.0,-19.5,309.0,True,False,FAIL_GEOMETRY,CENTER_GAP_ENGAGEMENT_OR_WIDTH
S12-C4-XL-STUB10-SHIFT0-RES2,12,C4,COUPLING_XL,50.0,70.0,25.0,30.0,10.0,0.0,41.0,-79.0,-17.0,290.0,True,False,FAIL_GEOMETRY,CENTER_GAP_ENGAGEMENT_OR_WIDTH
S12-C4-XL-STUB10-SHIFT2.5-RES2,12,C4,COUPLING_XL,50.0,70.0,25.0,30.0,10.0,2.5,46.0,-74.0,-17.0,290.0,True,False,FAIL_GEOMETRY,CENTER_GAP_ENGAGEMENT_OR_WIDTH
S12-C4-XL-STUB10-SHIFT5-RES2,12,C4,COUPLING_XL,50.0,70.0,25.0,30.0,10.0,5.0,51.0,-69.0,-17.0,290.0,True,False,FAIL_GEOMETRY,CENTER_GAP_ENGAGEMENT_OR_WIDTH
S12-C4-XL-STUB10-SHIFT7.5-RES2,12,C4,COUPLING_XL,50.0,70.0,25.0,30.0,10.0,7.5,56.0,-64.0,-17.0,294.0,True,False,FAIL_GEOMETRY,CENTER_GAP_ENGAGEMENT_OR_WIDTH
S12-C4-XL-STUB10-SHIFT10-RES2,12,C4,COUPLING_XL,50.0,70.0,25.0,30.0,10.0,10.0,61.0,-59.0,-17.0,299.0,True,False,FAIL_GEOMETRY,CENTER_GAP_ENGAGEMENT_OR_WIDTH
S12-C4-XL-STUB10-SHIFT12.5-RES2,12,C4,COUPLING_XL,50.0,70.0,25.0,30.0,10.0,12.5,66.0,-54.0,-17.0,304.0,True,False,FAIL_GEOMETRY,CENTER_GAP_ENGAGEMENT_OR_WIDTH
S12-C4-XL-STUB10-SHIFT15-RES2,12,C4,COUPLING_XL,50.0,70.0,25.0,30.0,10.0,15.0,71.0,-49.0,-17.0,309.0,True,False,FAIL_GEOMETRY,CENTER_GAP_ENGAGEMENT_OR_WIDTH
S12-C4-XL-STUB12.5-SHIFT0-RES2,12,C4,COUPLING_XL,50.0,70.0,25.0,30.0,12.5,0.0,36.0,-79.0,-14.5,290.0,True,False,FAIL_GEOMETRY,CENTER_GAP_ENGAGEMENT_OR_WIDTH
S12-C4-XL-STUB12.5-SHIFT2.5-RES2,12,C4,COUPLING_XL,50.0,70.0,25.0,30.0,12.5,2.5,41.0,-74.0,-14.5,290.0,True,False,FAIL_GEOMETRY,CENTER_GAP_ENGAGEMENT_OR_WIDTH
S12-C4-XL-STUB12.5-SHIFT5-RES2,12,C4,COUPLING_XL,50.0,70.0,25.0,30.0,12.5,5.0,46.0,-69.0,-14.5,290.0,True,False,FAIL_GEOMETRY,CENTER_GAP_ENGAGEMENT_OR_WIDTH
S12-C4-XL-STUB12.5-SHIFT7.5-RES2,12,C4,COUPLING_XL,50.0,70.0,25.0,30.0,12.5,7.5,51.0,-64.0,-14.5,294.0,True,False,FAIL_GEOMETRY,CENTER_GAP_ENGAGEMENT_OR_WIDTH
S12-C4-XL-STUB12.5-SHIFT10-RES2,12,C4,COUPLING_XL,50.0,70.0,25.0,30.0,12.5,10.0,56.0,-59.0,-14.5,299.0,True,False,FAIL_GEOMETRY,CENTER_GAP_ENGAGEMENT_OR_WIDTH
S12-C4-XL-STUB12.5-SHIFT12.5-RES2,12,C4,COUPLING_XL,50.0,70.0,25.0,30.0,12.5,12.5,61.0,-54.0,-14.5,304.0,True,False,FAIL_GEOMETRY,CENTER_GAP_ENGAGEMENT_OR_WIDTH
S12-C4-XL-STUB12.5-SHIFT15-RES2,12,C4,COUPLING_XL,50.0,70.0,25.0,30.0,12.5,15.0,66.0,-49.0,-14.5,309.0,True,False,FAIL_GEOMETRY,CENTER_GAP_ENGAGEMENT_OR_WIDTH
S12-C4-XL-STUB15-SHIFT0-RES2,12,C4,COUPLING_XL,50.0,70.0,25.0,30.0,15.0,0.0,31.0,-79.0,-12.0,290.0,True,False,FAIL_GEOMETRY,CENTER_GAP_ENGAGEMENT_OR_WIDTH
S12-C4-XL-STUB15-SHIFT2.5-RES2,12,C4,COUPLING_XL,50.0,70.0,25.0,30.0,15.0,2.5,36.0,-74.0,-12.0,290.0,True,False,FAIL_GEOMETRY,CENTER_GAP_ENGAGEMENT_OR_WIDTH
S12-C4-XL-STUB15-SHIFT5-RES2,12,C4,COUPLING_XL,50.0,70.0,25.0,30.0,15.0,5.0,41.0,-69.0,-12.0,290.0,True,False,FAIL_GEOMETRY,CENTER_GAP_ENGAGEMENT_OR_WIDTH
S12-C4-XL-STUB15-SHIFT7.5-RES2,12,C4,COUPLING_XL,50.0,70.0,25.0,30.0,15.0,7.5,46.0,-64.0,-12.0,294.0,True,False,FAIL_GEOMETRY,CENTER_GAP_ENGAGEMENT_OR_WIDTH
S12-C4-XL-STUB15-SHIFT10-RES2,12,C4,COUPLING_XL,50.0,70.0,25.0,30.0,15.0,10.0,51.0,-59.0,-12.0,299.0,True,False,FAIL_GEOMETRY,CENTER_GAP_ENGAGEMENT_OR_WIDTH
S12-C4-XL-STUB15-SHIFT12.5-RES2,12,C4,COUPLING_XL,50.0,70.0,25.0,30.0,15.0,12.5,56.0,-54.0,-12.0,304.0,True,False,FAIL_GEOMETRY,CENTER_GAP_ENGAGEMENT_OR_WIDTH
S12-C4-XL-STUB15-SHIFT15-RES2,12,C4,COUPLING_XL,50.0,70.0,25.0,30.0,15.0,15.0,61.0,-49.0,-12.0,309.0,True,False,FAIL_GEOMETRY,CENTER_GAP_ENGAGEMENT_OR_WIDTH
S12-C4-XL-STUB17.5-SHIFT0-RES2,12,C4,COUPLING_XL,50.0,70.0,25.0,30.0,17.5,0.0,26.0,-79.0,-9.5,290.0,True,False,FAIL_GEOMETRY,CENTER_GAP_ENGAGEMENT_OR_WIDTH
S12-C4-XL-STUB17.5-SHIFT2.5-RES2,12,C4,COUPLING_XL,50.0,70.0,25.0,30.0,17.5,2.5,31.0,-74.0,-9.5,290.0,True,False,FAIL_GEOMETRY,CENTER_GAP_ENGAGEMENT_OR_WIDTH
S12-C4-XL-STUB17.5-SHIFT5-RES2,12,C4,COUPLING_XL,50.0,70.0,25.0,30.0,17.5,5.0,36.0,-69.0,-9.5,290.0,True,False,FAIL_GEOMETRY,CENTER_GAP_ENGAGEMENT_OR_WIDTH
S12-C4-XL-STUB17.5-SHIFT7.5-RES2,12,C4,COUPLING_XL,50.0,70.0,25.0,30.0,17.5,7.5,41.0,-64.0,-9.5,294.0,True,False,FAIL_GEOMETRY,CENTER_GAP_ENGAGEMENT_OR_WIDTH
S12-C4-XL-STUB17.5-SHIFT10-RES2,12,C4,COUPLING_XL,50.0,70.0,25.0,30.0,17.5,10.0,46.0,-59.0,-9.5,299.0,True,False,FAIL_GEOMETRY,CENTER_GAP_ENGAGEMENT_OR_WIDTH
S12-C4-XL-STUB17.5-SHIFT12.5-RES2,12,C4,COUPLING_XL,50.0,70.0,25.0,30.0,17.5,12.5,51.0,-54.0,-9.5,304.0,True,False,FAIL_GEOMETRY,CENTER_GAP_ENGAGEMENT_OR_WIDTH
S12-C4-XL-STUB17.5-SHIFT15-RES2,12,C4,COUPLING_XL,50.0,70.0,25.0,30.0,17.5,15.0,56.0,-49.0,-9.5,309.0,True,False,FAIL_GEOMETRY,CENTER_GAP_ENGAGEMENT_OR_WIDTH
S12-C4-XL-STUB20-SHIFT0-RES2,12,C4,COUPLING_XL,50.0,70.0,25.0,30.0,20.0,0.0,21.0,-79.0,-7.0,290.0,True,False,FAIL_GEOMETRY,CENTER_GAP_ENGAGEMENT_OR_WIDTH
S12-C4-XL-STUB20-SHIFT2.5-RES2,12,C4,COUPLING_XL,50.0,70.0,25.0,30.0,20.0,2.5,26.0,-74.0,-7.0,290.0,True,False,FAIL_GEOMETRY,CENTER_GAP_ENGAGEMENT_OR_WIDTH
S12-C4-XL-STUB20-SHIFT5-RES2,12,C4,COUPLING_XL,50.0,70.0,25.0,30.0,20.0,5.0,31.0,-69.0,-7.0,290.0,True,False,FAIL_GEOMETRY,CENTER_GAP_ENGAGEMENT_OR_WIDTH
S12-C4-XL-STUB20-SHIFT7.5-RES2,12,C4,COUPLING_XL,50.0,70.0,25.0,30.0,20.0,7.5,36.0,-64.0,-7.0,294.0,True,False,FAIL_GEOMETRY,CENTER_GAP_ENGAGEMENT_OR_WIDTH
S12-C4-XL-STUB20-SHIFT10-RES2,12,C4,COUPLING_XL,50.0,70.0,25.0,30.0,20.0,10.0,41.0,-59.0,-7.0,299.0,True,False,FAIL_GEOMETRY,CENTER_GAP_ENGAGEMENT_OR_WIDTH
S12-C4-XL-STUB20-SHIFT12.5-RES2,12,C4,COUPLING_XL,50.0,70.0,25.0,30.0,20.0,12.5,46.0,-54.0,-7.0,304.0,True,False,FAIL_GEOMETRY,CENTER_GAP_ENGAGEMENT_OR_WIDTH
S12-C4-XL-STUB20-SHIFT15-RES2,12,C4,COUPLING_XL,50.0,70.0,25.0,30.0,20.0,15.0,51.0,-49.0,-7.0,309.0,True,False,FAIL_GEOMETRY,CENTER_GAP_ENGAGEMENT_OR_WIDTH
S12-C4-XL-STUB25-SHIFT0-RES2,12,C4,COUPLING_XL,50.0,70.0,25.0,30.0,25.0,0.0,11.0,-79.0,-2.0,290.0,True,False,FAIL_GEOMETRY,CENTER_GAP_ENGAGEMENT_OR_WIDTH
S12-C4-XL-STUB25-SHIFT2.5-RES2,12,C4,COUPLING_XL,50.0,70.0,25.0,30.0,25.0,2.5,16.0,-74.0,-2.0,290.0,True,False,FAIL_GEOMETRY,CENTER_GAP_ENGAGEMENT_OR_WIDTH
S12-C4-XL-STUB25-SHIFT5-RES2,12,C4,COUPLING_XL,50.0,70.0,25.0,30.0,25.0,5.0,21.0,-69.0,-2.0,290.0,True,False,FAIL_GEOMETRY,CENTER_GAP_ENGAGEMENT_OR_WIDTH
S12-C4-XL-STUB25-SHIFT7.5-RES2,12,C4,COUPLING_XL,50.0,70.0,25.0,30.0,25.0,7.5,26.0,-64.0,-2.0,294.0,True,False,FAIL_GEOMETRY,CENTER_GAP_ENGAGEMENT_OR_WIDTH
S12-C4-XL-STUB25-SHIFT10-RES2,12,C4,COUPLING_XL,50.0,70.0,25.0,30.0,25.0,10.0,31.0,-59.0,-2.0,299.0,True,False,FAIL_GEOMETRY,CENTER_GAP_ENGAGEMENT_OR_WIDTH
S12-C4-XL-STUB25-SHIFT12.5-RES2,12,C4,COUPLING_XL,50.0,70.0,25.0,30.0,25.0,12.5,36.0,-54.0,-2.0,304.0,True,False,FAIL_GEOMETRY,CENTER_GAP_ENGAGEMENT_OR_WIDTH
S12-C4-XL-STUB25-SHIFT15-RES2,12,C4,COUPLING_XL,50.0,70.0,25.0,30.0,25.0,15.0,41.0,-49.0,-2.0,309.0,True,False,FAIL_GEOMETRY,CENTER_GAP_ENGAGEMENT_OR_WIDTH
S12-C4-XL-STUB30-SHIFT0-RES2,12,C4,COUPLING_XL,50.0,70.0,25.0,30.0,30.0,0.0,1.0,-79.0,3.0,290.0,True,False,FAIL_GEOMETRY,CENTER_GAP_ENGAGEMENT_OR_WIDTH
S12-C4-XL-STUB30-SHIFT2.5-RES2,12,C4,COUPLING_XL,50.0,70.0,25.0,30.0,30.0,2.5,6.0,-74.0,3.0,290.0,True,False,FAIL_GEOMETRY,CENTER_GAP_ENGAGEMENT_OR_WIDTH
S12-C4-XL-STUB30-SHIFT5-RES2,12,C4,COUPLING_XL,50.0,70.0,25.0,30.0,30.0,5.0,11.0,-69.0,3.0,290.0,True,False,FAIL_GEOMETRY,CENTER_GAP_ENGAGEMENT_OR_WIDTH
S12-C4-XL-STUB30-SHIFT7.5-RES2,12,C4,COUPLING_XL,50.0,70.0,25.0,30.0,30.0,7.5,16.0,-64.0,3.0,294.0,True,False,FAIL_GEOMETRY,CENTER_GAP_ENGAGEMENT_OR_WIDTH
S12-C4-XL-STUB30-SHIFT10-RES2,12,C4,COUPLING_XL,50.0,70.0,25.0,30.0,30.0,10.0,21.0,-59.0,3.0,299.0,True,False,FAIL_GEOMETRY,CENTER_GAP_ENGAGEMENT_OR_WIDTH
S12-C4-XL-STUB30-SHIFT12.5-RES2,12,C4,COUPLING_XL,50.0,70.0,25.0,30.0,30.0,12.5,26.0,-54.0,3.0,304.0,True,False,FAIL_GEOMETRY,CENTER_GAP_ENGAGEMENT_OR_WIDTH
S12-C4-XL-STUB30-SHIFT15-RES2,12,C4,COUPLING_XL,50.0,70.0,25.0,30.0,30.0,15.0,31.0,-49.0,3.0,309.0,True,False,FAIL_GEOMETRY,CENTER_GAP_ENGAGEMENT_OR_WIDTH
S12-C5-SMALL-STUB5-SHIFT0-RES2,12,C5,COUPLING_SMALL,20.0,25.0,8.0,10.0,5.0,0.0,51.0,11.0,-5.0,290.0,True,False,FAIL_GEOMETRY,CENTER_GAP_ENGAGEMENT_OR_WIDTH
S12-C5-SMALL-STUB5-SHIFT2.5-RES2,12,C5,COUPLING_SMALL,20.0,25.0,8.0,10.0,5.0,2.5,56.0,16.0,-5.0,290.0,True,False,FAIL_GEOMETRY,CENTER_GAP_ENGAGEMENT_OR_WIDTH
S12-C5-SMALL-STUB5-SHIFT5-RES2,12,C5,COUPLING_SMALL,20.0,25.0,8.0,10.0,5.0,5.0,61.0,21.0,-5.0,290.0,True,False,FAIL_GEOMETRY,CENTER_GAP_ENGAGEMENT_OR_WIDTH
S12-C5-SMALL-STUB5-SHIFT7.5-RES2,12,C5,COUPLING_SMALL,20.0,25.0,8.0,10.0,5.0,7.5,66.0,26.0,-5.0,294.0,True,False,FAIL_GEOMETRY,CENTER_GAP_ENGAGEMENT_OR_WIDTH
S12-C5-SMALL-STUB5-SHIFT10-RES2,12,C5,COUPLING_SMALL,20.0,25.0,8.0,10.0,5.0,10.0,71.0,31.0,-5.0,299.0,True,False,FAIL_GEOMETRY,CENTER_GAP_ENGAGEMENT_OR_WIDTH
S12-C5-SMALL-STUB5-SHIFT12.5-RES2,12,C5,COUPLING_SMALL,20.0,25.0,8.0,10.0,5.0,12.5,76.0,36.0,-5.0,304.0,True,False,FAIL_GEOMETRY,CENTER_GAP_ENGAGEMENT_OR_WIDTH
S12-C5-SMALL-STUB5-SHIFT15-RES2,12,C5,COUPLING_SMALL,20.0,25.0,8.0,10.0,5.0,15.0,81.0,41.0,-5.0,309.0,True,False,FAIL_GEOMETRY,CENTER_GAP_ENGAGEMENT_OR_WIDTH
S12-C5-SMALL-STUB7.5-SHIFT0-RES2,12,C5,COUPLING_SMALL,20.0,25.0,8.0,10.0,7.5,0.0,46.0,11.0,-2.5,290.0,True,False,FAIL_GEOMETRY,CENTER_GAP_ENGAGEMENT_OR_WIDTH
S12-C5-SMALL-STUB7.5-SHIFT2.5-RES2,12,C5,COUPLING_SMALL,20.0,25.0,8.0,10.0,7.5,2.5,51.0,16.0,-2.5,290.0,True,False,FAIL_GEOMETRY,CENTER_GAP_ENGAGEMENT_OR_WIDTH
S12-C5-SMALL-STUB7.5-SHIFT5-RES2,12,C5,COUPLING_SMALL,20.0,25.0,8.0,10.0,7.5,5.0,56.0,21.0,-2.5,290.0,True,False,FAIL_GEOMETRY,CENTER_GAP_ENGAGEMENT_OR_WIDTH
S12-C5-SMALL-STUB7.5-SHIFT7.5-RES2,12,C5,COUPLING_SMALL,20.0,25.0,8.0,10.0,7.5,7.5,61.0,26.0,-2.5,294.0,True,False,FAIL_GEOMETRY,CENTER_GAP_ENGAGEMENT_OR_WIDTH
S12-C5-SMALL-STUB7.5-SHIFT10-RES2,12,C5,COUPLING_SMALL,20.0,25.0,8.0,10.0,7.5,10.0,66.0,31.0,-2.5,299.0,True,False,FAIL_GEOMETRY,CENTER_GAP_ENGAGEMENT_OR_WIDTH
S12-C5-SMALL-STUB7.5-SHIFT12.5-RES2,12,C5,COUPLING_SMALL,20.0,25.0,8.0,10.0,7.5,12.5,71.0,36.0,-2.5,304.0,True,False,FAIL_GEOMETRY,CENTER_GAP_ENGAGEMENT_OR_WIDTH
S12-C5-SMALL-STUB7.5-SHIFT15-RES2,12,C5,COUPLING_SMALL,20.0,25.0,8.0,10.0,7.5,15.0,76.0,41.0,-2.5,309.0,True,False,FAIL_GEOMETRY,CENTER_GAP_ENGAGEMENT_OR_WIDTH
S12-C5-SMALL-STUB10-SHIFT0-RES2,12,C5,COUPLING_SMALL,20.0,25.0,8.0,10.0,10.0,0.0,41.0,11.0,0.0,290.0,True,False,CONDITIONAL_PASS,
S12-C5-SMALL-STUB10-SHIFT2.5-RES2,12,C5,COUPLING_SMALL,20.0,25.0,8.0,10.0,10.0,2.5,46.0,16.0,0.0,290.0,True,False,CONDITIONAL_PASS,
S12-C5-SMALL-STUB10-SHIFT5-RES2,12,C5,COUPLING_SMALL,20.0,25.0,8.0,10.0,10.0,5.0,51.0,21.0,0.0,290.0,True,False,CONDITIONAL_PASS,
S12-C5-SMALL-STUB10-SHIFT7.5-RES2,12,C5,COUPLING_SMALL,20.0,25.0,8.0,10.0,10.0,7.5,56.0,26.0,0.0,294.0,True,False,CONDITIONAL_PASS,
S12-C5-SMALL-STUB10-SHIFT10-RES2,12,C5,COUPLING_SMALL,20.0,25.0,8.0,10.0,10.0,10.0,61.0,31.0,0.0,299.0,True,False,WIDTH_MARGIN_CRITICAL,
S12-C5-SMALL-STUB10-SHIFT12.5-RES2,12,C5,COUPLING_SMALL,20.0,25.0,8.0,10.0,10.0,12.5,66.0,36.0,0.0,304.0,True,False,FAIL_GEOMETRY,CENTER_GAP_ENGAGEMENT_OR_WIDTH
S12-C5-SMALL-STUB10-SHIFT15-RES2,12,C5,COUPLING_SMALL,20.0,25.0,8.0,10.0,10.0,15.0,71.0,41.0,0.0,309.0,True,False,FAIL_GEOMETRY,CENTER_GAP_ENGAGEMENT_OR_WIDTH
S12-C5-SMALL-STUB12.5-SHIFT0-RES2,12,C5,COUPLING_SMALL,20.0,25.0,8.0,10.0,12.5,0.0,36.0,11.0,2.5,290.0,True,False,CONDITIONAL_PASS,
S12-C5-SMALL-STUB12.5-SHIFT2.5-RES2,12,C5,COUPLING_SMALL,20.0,25.0,8.0,10.0,12.5,2.5,41.0,16.0,2.5,290.0,True,False,CONDITIONAL_PASS,
S12-C5-SMALL-STUB12.5-SHIFT5-RES2,12,C5,COUPLING_SMALL,20.0,25.0,8.0,10.0,12.5,5.0,46.0,21.0,2.5,290.0,True,False,CONDITIONAL_PASS,
S12-C5-SMALL-STUB12.5-SHIFT7.5-RES2,12,C5,COUPLING_SMALL,20.0,25.0,8.0,10.0,12.5,7.5,51.0,26.0,2.5,294.0,True,False,CONDITIONAL_PASS,
S12-C5-SMALL-STUB12.5-SHIFT10-RES2,12,C5,COUPLING_SMALL,20.0,25.0,8.0,10.0,12.5,10.0,56.0,31.0,2.5,299.0,True,False,WIDTH_MARGIN_CRITICAL,
S12-C5-SMALL-STUB12.5-SHIFT12.5-RES2,12,C5,COUPLING_SMALL,20.0,25.0,8.0,10.0,12.5,12.5,61.0,36.0,2.5,304.0,True,False,FAIL_GEOMETRY,CENTER_GAP_ENGAGEMENT_OR_WIDTH
S12-C5-SMALL-STUB12.5-SHIFT15-RES2,12,C5,COUPLING_SMALL,20.0,25.0,8.0,10.0,12.5,15.0,66.0,41.0,2.5,309.0,True,False,FAIL_GEOMETRY,CENTER_GAP_ENGAGEMENT_OR_WIDTH
S12-C5-SMALL-STUB15-SHIFT0-RES2,12,C5,COUPLING_SMALL,20.0,25.0,8.0,10.0,15.0,0.0,31.0,11.0,5.0,290.0,True,False,CONDITIONAL_PASS,
S12-C5-SMALL-STUB15-SHIFT2.5-RES2,12,C5,COUPLING_SMALL,20.0,25.0,8.0,10.0,15.0,2.5,36.0,16.0,5.0,290.0,True,False,CONDITIONAL_PASS,
S12-C5-SMALL-STUB15-SHIFT5-RES2,12,C5,COUPLING_SMALL,20.0,25.0,8.0,10.0,15.0,5.0,41.0,21.0,5.0,290.0,True,False,CONDITIONAL_PASS,
S12-C5-SMALL-STUB15-SHIFT7.5-RES2,12,C5,COUPLING_SMALL,20.0,25.0,8.0,10.0,15.0,7.5,46.0,26.0,5.0,294.0,True,False,CONDITIONAL_PASS,
S12-C5-SMALL-STUB15-SHIFT10-RES2,12,C5,COUPLING_SMALL,20.0,25.0,8.0,10.0,15.0,10.0,51.0,31.0,5.0,299.0,True,False,WIDTH_MARGIN_CRITICAL,
S12-C5-SMALL-STUB15-SHIFT12.5-RES2,12,C5,COUPLING_SMALL,20.0,25.0,8.0,10.0,15.0,12.5,56.0,36.0,5.0,304.0,True,False,FAIL_GEOMETRY,CENTER_GAP_ENGAGEMENT_OR_WIDTH
S12-C5-SMALL-STUB15-SHIFT15-RES2,12,C5,COUPLING_SMALL,20.0,25.0,8.0,10.0,15.0,15.0,61.0,41.0,5.0,309.0,True,False,FAIL_GEOMETRY,CENTER_GAP_ENGAGEMENT_OR_WIDTH
S12-C5-SMALL-STUB17.5-SHIFT0-RES2,12,C5,COUPLING_SMALL,20.0,25.0,8.0,10.0,17.5,0.0,26.0,11.0,7.5,290.0,True,False,CONDITIONAL_PASS,
S12-C5-SMALL-STUB17.5-SHIFT2.5-RES2,12,C5,COUPLING_SMALL,20.0,25.0,8.0,10.0,17.5,2.5,31.0,16.0,7.5,290.0,True,False,CONDITIONAL_PASS,
S12-C5-SMALL-STUB17.5-SHIFT5-RES2,12,C5,COUPLING_SMALL,20.0,25.0,8.0,10.0,17.5,5.0,36.0,21.0,7.5,290.0,True,False,CONDITIONAL_PASS,
S12-C5-SMALL-STUB17.5-SHIFT7.5-RES2,12,C5,COUPLING_SMALL,20.0,25.0,8.0,10.0,17.5,7.5,41.0,26.0,7.5,294.0,True,False,CONDITIONAL_PASS,
S12-C5-SMALL-STUB17.5-SHIFT10-RES2,12,C5,COUPLING_SMALL,20.0,25.0,8.0,10.0,17.5,10.0,46.0,31.0,7.5,299.0,True,False,WIDTH_MARGIN_CRITICAL,
S12-C5-SMALL-STUB17.5-SHIFT12.5-RES2,12,C5,COUPLING_SMALL,20.0,25.0,8.0,10.0,17.5,12.5,51.0,36.0,7.5,304.0,True,False,FAIL_GEOMETRY,CENTER_GAP_ENGAGEMENT_OR_WIDTH
S12-C5-SMALL-STUB17.5-SHIFT15-RES2,12,C5,COUPLING_SMALL,20.0,25.0,8.0,10.0,17.5,15.0,56.0,41.0,7.5,309.0,True,False,FAIL_GEOMETRY,CENTER_GAP_ENGAGEMENT_OR_WIDTH
S12-C5-SMALL-STUB20-SHIFT0-RES2,12,C5,COUPLING_SMALL,20.0,25.0,8.0,10.0,20.0,0.0,21.0,11.0,10.0,290.0,True,False,CONDITIONAL_PASS,
S12-C5-SMALL-STUB20-SHIFT2.5-RES2,12,C5,COUPLING_SMALL,20.0,25.0,8.0,10.0,20.0,2.5,26.0,16.0,10.0,290.0,True,False,CONDITIONAL_PASS,
S12-C5-SMALL-STUB20-SHIFT5-RES2,12,C5,COUPLING_SMALL,20.0,25.0,8.0,10.0,20.0,5.0,31.0,21.0,10.0,290.0,True,False,CONDITIONAL_PASS,
S12-C5-SMALL-STUB20-SHIFT7.5-RES2,12,C5,COUPLING_SMALL,20.0,25.0,8.0,10.0,20.0,7.5,36.0,26.0,10.0,294.0,True,False,CONDITIONAL_PASS,
S12-C5-SMALL-STUB20-SHIFT10-RES2,12,C5,COUPLING_SMALL,20.0,25.0,8.0,10.0,20.0,10.0,41.0,31.0,10.0,299.0,True,False,WIDTH_MARGIN_CRITICAL,
S12-C5-SMALL-STUB20-SHIFT12.5-RES2,12,C5,COUPLING_SMALL,20.0,25.0,8.0,10.0,20.0,12.5,46.0,36.0,10.0,304.0,True,False,FAIL_GEOMETRY,CENTER_GAP_ENGAGEMENT_OR_WIDTH
S12-C5-SMALL-STUB20-SHIFT15-RES2,12,C5,COUPLING_SMALL,20.0,25.0,8.0,10.0,20.0,15.0,51.0,41.0,10.0,309.0,True,False,FAIL_GEOMETRY,CENTER_GAP_ENGAGEMENT_OR_WIDTH
S12-C5-SMALL-STUB25-SHIFT0-RES2,12,C5,COUPLING_SMALL,20.0,25.0,8.0,10.0,25.0,0.0,11.0,11.0,15.0,290.0,True,False,CONDITIONAL_PASS,
S12-C5-SMALL-STUB25-SHIFT2.5-RES2,12,C5,COUPLING_SMALL,20.0,25.0,8.0,10.0,25.0,2.5,16.0,16.0,15.0,290.0,True,False,CONDITIONAL_PASS,
S12-C5-SMALL-STUB25-SHIFT5-RES2,12,C5,COUPLING_SMALL,20.0,25.0,8.0,10.0,25.0,5.0,21.0,21.0,15.0,290.0,True,False,CONDITIONAL_PASS,
S12-C5-SMALL-STUB25-SHIFT7.5-RES2,12,C5,COUPLING_SMALL,20.0,25.0,8.0,10.0,25.0,7.5,26.0,26.0,15.0,294.0,True,False,CONDITIONAL_PASS,
S12-C5-SMALL-STUB25-SHIFT10-RES2,12,C5,COUPLING_SMALL,20.0,25.0,8.0,10.0,25.0,10.0,31.0,31.0,15.0,299.0,True,False,WIDTH_MARGIN_CRITICAL,
S12-C5-SMALL-STUB25-SHIFT12.5-RES2,12,C5,COUPLING_SMALL,20.0,25.0,8.0,10.0,25.0,12.5,36.0,36.0,15.0,304.0,True,False,FAIL_GEOMETRY,CENTER_GAP_ENGAGEMENT_OR_WIDTH
S12-C5-SMALL-STUB25-SHIFT15-RES2,12,C5,COUPLING_SMALL,20.0,25.0,8.0,10.0,25.0,15.0,41.0,41.0,15.0,309.0,True,False,FAIL_GEOMETRY,CENTER_GAP_ENGAGEMENT_OR_WIDTH
S12-C5-SMALL-STUB30-SHIFT0-RES2,12,C5,COUPLING_SMALL,20.0,25.0,8.0,10.0,30.0,0.0,1.0,11.0,20.0,290.0,True,False,CONDITIONAL_PASS,
S12-C5-SMALL-STUB30-SHIFT2.5-RES2,12,C5,COUPLING_SMALL,20.0,25.0,8.0,10.0,30.0,2.5,6.0,16.0,20.0,290.0,True,False,CONDITIONAL_PASS,
S12-C5-SMALL-STUB30-SHIFT5-RES2,12,C5,COUPLING_SMALL,20.0,25.0,8.0,10.0,30.0,5.0,11.0,21.0,20.0,290.0,True,False,CONDITIONAL_PASS,
S12-C5-SMALL-STUB30-SHIFT7.5-RES2,12,C5,COUPLING_SMALL,20.0,25.0,8.0,10.0,30.0,7.5,16.0,26.0,20.0,294.0,True,False,CONDITIONAL_PASS,
S12-C5-SMALL-STUB30-SHIFT10-RES2,12,C5,COUPLING_SMALL,20.0,25.0,8.0,10.0,30.0,10.0,21.0,31.0,20.0,299.0,True,False,WIDTH_MARGIN_CRITICAL,
S12-C5-SMALL-STUB30-SHIFT12.5-RES2,12,C5,COUPLING_SMALL,20.0,25.0,8.0,10.0,30.0,12.5,26.0,36.0,20.0,304.0,True,False,FAIL_GEOMETRY,CENTER_GAP_ENGAGEMENT_OR_WIDTH
S12-C5-SMALL-STUB30-SHIFT15-RES2,12,C5,COUPLING_SMALL,20.0,25.0,8.0,10.0,30.0,15.0,31.0,41.0,20.0,309.0,True,False,FAIL_GEOMETRY,CENTER_GAP_ENGAGEMENT_OR_WIDTH
S12-C5-MEDIUM-STUB5-SHIFT0-RES2,12,C5,COUPLING_MEDIUM,30.0,40.0,12.0,15.0,5.0,0.0,51.0,-19.0,-9.0,290.0,True,False,FAIL_GEOMETRY,CENTER_GAP_ENGAGEMENT_OR_WIDTH
S12-C5-MEDIUM-STUB5-SHIFT2.5-RES2,12,C5,COUPLING_MEDIUM,30.0,40.0,12.0,15.0,5.0,2.5,56.0,-14.0,-9.0,290.0,True,False,FAIL_GEOMETRY,CENTER_GAP_ENGAGEMENT_OR_WIDTH
S12-C5-MEDIUM-STUB5-SHIFT5-RES2,12,C5,COUPLING_MEDIUM,30.0,40.0,12.0,15.0,5.0,5.0,61.0,-9.0,-9.0,290.0,True,False,FAIL_GEOMETRY,CENTER_GAP_ENGAGEMENT_OR_WIDTH
S12-C5-MEDIUM-STUB5-SHIFT7.5-RES2,12,C5,COUPLING_MEDIUM,30.0,40.0,12.0,15.0,5.0,7.5,66.0,-4.0,-9.0,294.0,True,False,FAIL_GEOMETRY,CENTER_GAP_ENGAGEMENT_OR_WIDTH
S12-C5-MEDIUM-STUB5-SHIFT10-RES2,12,C5,COUPLING_MEDIUM,30.0,40.0,12.0,15.0,5.0,10.0,71.0,1.0,-9.0,299.0,True,False,FAIL_GEOMETRY,CENTER_GAP_ENGAGEMENT_OR_WIDTH
S12-C5-MEDIUM-STUB5-SHIFT12.5-RES2,12,C5,COUPLING_MEDIUM,30.0,40.0,12.0,15.0,5.0,12.5,76.0,6.0,-9.0,304.0,True,False,FAIL_GEOMETRY,CENTER_GAP_ENGAGEMENT_OR_WIDTH
S12-C5-MEDIUM-STUB5-SHIFT15-RES2,12,C5,COUPLING_MEDIUM,30.0,40.0,12.0,15.0,5.0,15.0,81.0,11.0,-9.0,309.0,True,False,FAIL_GEOMETRY,CENTER_GAP_ENGAGEMENT_OR_WIDTH
S12-C5-MEDIUM-STUB7.5-SHIFT0-RES2,12,C5,COUPLING_MEDIUM,30.0,40.0,12.0,15.0,7.5,0.0,46.0,-19.0,-6.5,290.0,True,False,FAIL_GEOMETRY,CENTER_GAP_ENGAGEMENT_OR_WIDTH
S12-C5-MEDIUM-STUB7.5-SHIFT2.5-RES2,12,C5,COUPLING_MEDIUM,30.0,40.0,12.0,15.0,7.5,2.5,51.0,-14.0,-6.5,290.0,True,False,FAIL_GEOMETRY,CENTER_GAP_ENGAGEMENT_OR_WIDTH
S12-C5-MEDIUM-STUB7.5-SHIFT5-RES2,12,C5,COUPLING_MEDIUM,30.0,40.0,12.0,15.0,7.5,5.0,56.0,-9.0,-6.5,290.0,True,False,FAIL_GEOMETRY,CENTER_GAP_ENGAGEMENT_OR_WIDTH
S12-C5-MEDIUM-STUB7.5-SHIFT7.5-RES2,12,C5,COUPLING_MEDIUM,30.0,40.0,12.0,15.0,7.5,7.5,61.0,-4.0,-6.5,294.0,True,False,FAIL_GEOMETRY,CENTER_GAP_ENGAGEMENT_OR_WIDTH
S12-C5-MEDIUM-STUB7.5-SHIFT10-RES2,12,C5,COUPLING_MEDIUM,30.0,40.0,12.0,15.0,7.5,10.0,66.0,1.0,-6.5,299.0,True,False,FAIL_GEOMETRY,CENTER_GAP_ENGAGEMENT_OR_WIDTH
S12-C5-MEDIUM-STUB7.5-SHIFT12.5-RES2,12,C5,COUPLING_MEDIUM,30.0,40.0,12.0,15.0,7.5,12.5,71.0,6.0,-6.5,304.0,True,False,FAIL_GEOMETRY,CENTER_GAP_ENGAGEMENT_OR_WIDTH
S12-C5-MEDIUM-STUB7.5-SHIFT15-RES2,12,C5,COUPLING_MEDIUM,30.0,40.0,12.0,15.0,7.5,15.0,76.0,11.0,-6.5,309.0,True,False,FAIL_GEOMETRY,CENTER_GAP_ENGAGEMENT_OR_WIDTH
S12-C5-MEDIUM-STUB10-SHIFT0-RES2,12,C5,COUPLING_MEDIUM,30.0,40.0,12.0,15.0,10.0,0.0,41.0,-19.0,-4.0,290.0,True,False,FAIL_GEOMETRY,CENTER_GAP_ENGAGEMENT_OR_WIDTH
S12-C5-MEDIUM-STUB10-SHIFT2.5-RES2,12,C5,COUPLING_MEDIUM,30.0,40.0,12.0,15.0,10.0,2.5,46.0,-14.0,-4.0,290.0,True,False,FAIL_GEOMETRY,CENTER_GAP_ENGAGEMENT_OR_WIDTH
S12-C5-MEDIUM-STUB10-SHIFT5-RES2,12,C5,COUPLING_MEDIUM,30.0,40.0,12.0,15.0,10.0,5.0,51.0,-9.0,-4.0,290.0,True,False,FAIL_GEOMETRY,CENTER_GAP_ENGAGEMENT_OR_WIDTH
S12-C5-MEDIUM-STUB10-SHIFT7.5-RES2,12,C5,COUPLING_MEDIUM,30.0,40.0,12.0,15.0,10.0,7.5,56.0,-4.0,-4.0,294.0,True,False,FAIL_GEOMETRY,CENTER_GAP_ENGAGEMENT_OR_WIDTH
S12-C5-MEDIUM-STUB10-SHIFT10-RES2,12,C5,COUPLING_MEDIUM,30.0,40.0,12.0,15.0,10.0,10.0,61.0,1.0,-4.0,299.0,True,False,FAIL_GEOMETRY,CENTER_GAP_ENGAGEMENT_OR_WIDTH
S12-C5-MEDIUM-STUB10-SHIFT12.5-RES2,12,C5,COUPLING_MEDIUM,30.0,40.0,12.0,15.0,10.0,12.5,66.0,6.0,-4.0,304.0,True,False,FAIL_GEOMETRY,CENTER_GAP_ENGAGEMENT_OR_WIDTH
S12-C5-MEDIUM-STUB10-SHIFT15-RES2,12,C5,COUPLING_MEDIUM,30.0,40.0,12.0,15.0,10.0,15.0,71.0,11.0,-4.0,309.0,True,False,FAIL_GEOMETRY,CENTER_GAP_ENGAGEMENT_OR_WIDTH
S12-C5-MEDIUM-STUB12.5-SHIFT0-RES2,12,C5,COUPLING_MEDIUM,30.0,40.0,12.0,15.0,12.5,0.0,36.0,-19.0,-1.5,290.0,True,False,FAIL_GEOMETRY,CENTER_GAP_ENGAGEMENT_OR_WIDTH
S12-C5-MEDIUM-STUB12.5-SHIFT2.5-RES2,12,C5,COUPLING_MEDIUM,30.0,40.0,12.0,15.0,12.5,2.5,41.0,-14.0,-1.5,290.0,True,False,FAIL_GEOMETRY,CENTER_GAP_ENGAGEMENT_OR_WIDTH
S12-C5-MEDIUM-STUB12.5-SHIFT5-RES2,12,C5,COUPLING_MEDIUM,30.0,40.0,12.0,15.0,12.5,5.0,46.0,-9.0,-1.5,290.0,True,False,FAIL_GEOMETRY,CENTER_GAP_ENGAGEMENT_OR_WIDTH
S12-C5-MEDIUM-STUB12.5-SHIFT7.5-RES2,12,C5,COUPLING_MEDIUM,30.0,40.0,12.0,15.0,12.5,7.5,51.0,-4.0,-1.5,294.0,True,False,FAIL_GEOMETRY,CENTER_GAP_ENGAGEMENT_OR_WIDTH
S12-C5-MEDIUM-STUB12.5-SHIFT10-RES2,12,C5,COUPLING_MEDIUM,30.0,40.0,12.0,15.0,12.5,10.0,56.0,1.0,-1.5,299.0,True,False,FAIL_GEOMETRY,CENTER_GAP_ENGAGEMENT_OR_WIDTH
S12-C5-MEDIUM-STUB12.5-SHIFT12.5-RES2,12,C5,COUPLING_MEDIUM,30.0,40.0,12.0,15.0,12.5,12.5,61.0,6.0,-1.5,304.0,True,False,FAIL_GEOMETRY,CENTER_GAP_ENGAGEMENT_OR_WIDTH
S12-C5-MEDIUM-STUB12.5-SHIFT15-RES2,12,C5,COUPLING_MEDIUM,30.0,40.0,12.0,15.0,12.5,15.0,66.0,11.0,-1.5,309.0,True,False,FAIL_GEOMETRY,CENTER_GAP_ENGAGEMENT_OR_WIDTH
S12-C5-MEDIUM-STUB15-SHIFT0-RES2,12,C5,COUPLING_MEDIUM,30.0,40.0,12.0,15.0,15.0,0.0,31.0,-19.0,1.0,290.0,True,False,FAIL_GEOMETRY,CENTER_GAP_ENGAGEMENT_OR_WIDTH
S12-C5-MEDIUM-STUB15-SHIFT2.5-RES2,12,C5,COUPLING_MEDIUM,30.0,40.0,12.0,15.0,15.0,2.5,36.0,-14.0,1.0,290.0,True,False,FAIL_GEOMETRY,CENTER_GAP_ENGAGEMENT_OR_WIDTH
S12-C5-MEDIUM-STUB15-SHIFT5-RES2,12,C5,COUPLING_MEDIUM,30.0,40.0,12.0,15.0,15.0,5.0,41.0,-9.0,1.0,290.0,True,False,FAIL_GEOMETRY,CENTER_GAP_ENGAGEMENT_OR_WIDTH
S12-C5-MEDIUM-STUB15-SHIFT7.5-RES2,12,C5,COUPLING_MEDIUM,30.0,40.0,12.0,15.0,15.0,7.5,46.0,-4.0,1.0,294.0,True,False,FAIL_GEOMETRY,CENTER_GAP_ENGAGEMENT_OR_WIDTH
S12-C5-MEDIUM-STUB15-SHIFT10-RES2,12,C5,COUPLING_MEDIUM,30.0,40.0,12.0,15.0,15.0,10.0,51.0,1.0,1.0,299.0,True,False,FAIL_GEOMETRY,CENTER_GAP_ENGAGEMENT_OR_WIDTH
S12-C5-MEDIUM-STUB15-SHIFT12.5-RES2,12,C5,COUPLING_MEDIUM,30.0,40.0,12.0,15.0,15.0,12.5,56.0,6.0,1.0,304.0,True,False,FAIL_GEOMETRY,CENTER_GAP_ENGAGEMENT_OR_WIDTH
S12-C5-MEDIUM-STUB15-SHIFT15-RES2,12,C5,COUPLING_MEDIUM,30.0,40.0,12.0,15.0,15.0,15.0,61.0,11.0,1.0,309.0,True,False,FAIL_GEOMETRY,CENTER_GAP_ENGAGEMENT_OR_WIDTH
S12-C5-MEDIUM-STUB17.5-SHIFT0-RES2,12,C5,COUPLING_MEDIUM,30.0,40.0,12.0,15.0,17.5,0.0,26.0,-19.0,3.5,290.0,True,False,FAIL_GEOMETRY,CENTER_GAP_ENGAGEMENT_OR_WIDTH
S12-C5-MEDIUM-STUB17.5-SHIFT2.5-RES2,12,C5,COUPLING_MEDIUM,30.0,40.0,12.0,15.0,17.5,2.5,31.0,-14.0,3.5,290.0,True,False,FAIL_GEOMETRY,CENTER_GAP_ENGAGEMENT_OR_WIDTH
S12-C5-MEDIUM-STUB17.5-SHIFT5-RES2,12,C5,COUPLING_MEDIUM,30.0,40.0,12.0,15.0,17.5,5.0,36.0,-9.0,3.5,290.0,True,False,FAIL_GEOMETRY,CENTER_GAP_ENGAGEMENT_OR_WIDTH
S12-C5-MEDIUM-STUB17.5-SHIFT7.5-RES2,12,C5,COUPLING_MEDIUM,30.0,40.0,12.0,15.0,17.5,7.5,41.0,-4.0,3.5,294.0,True,False,FAIL_GEOMETRY,CENTER_GAP_ENGAGEMENT_OR_WIDTH
S12-C5-MEDIUM-STUB17.5-SHIFT10-RES2,12,C5,COUPLING_MEDIUM,30.0,40.0,12.0,15.0,17.5,10.0,46.0,1.0,3.5,299.0,True,False,FAIL_GEOMETRY,CENTER_GAP_ENGAGEMENT_OR_WIDTH
S12-C5-MEDIUM-STUB17.5-SHIFT12.5-RES2,12,C5,COUPLING_MEDIUM,30.0,40.0,12.0,15.0,17.5,12.5,51.0,6.0,3.5,304.0,True,False,FAIL_GEOMETRY,CENTER_GAP_ENGAGEMENT_OR_WIDTH
S12-C5-MEDIUM-STUB17.5-SHIFT15-RES2,12,C5,COUPLING_MEDIUM,30.0,40.0,12.0,15.0,17.5,15.0,56.0,11.0,3.5,309.0,True,False,FAIL_GEOMETRY,CENTER_GAP_ENGAGEMENT_OR_WIDTH
S12-C5-MEDIUM-STUB20-SHIFT0-RES2,12,C5,COUPLING_MEDIUM,30.0,40.0,12.0,15.0,20.0,0.0,21.0,-19.0,6.0,290.0,True,False,FAIL_GEOMETRY,CENTER_GAP_ENGAGEMENT_OR_WIDTH
S12-C5-MEDIUM-STUB20-SHIFT2.5-RES2,12,C5,COUPLING_MEDIUM,30.0,40.0,12.0,15.0,20.0,2.5,26.0,-14.0,6.0,290.0,True,False,FAIL_GEOMETRY,CENTER_GAP_ENGAGEMENT_OR_WIDTH
S12-C5-MEDIUM-STUB20-SHIFT5-RES2,12,C5,COUPLING_MEDIUM,30.0,40.0,12.0,15.0,20.0,5.0,31.0,-9.0,6.0,290.0,True,False,FAIL_GEOMETRY,CENTER_GAP_ENGAGEMENT_OR_WIDTH
S12-C5-MEDIUM-STUB20-SHIFT7.5-RES2,12,C5,COUPLING_MEDIUM,30.0,40.0,12.0,15.0,20.0,7.5,36.0,-4.0,6.0,294.0,True,False,FAIL_GEOMETRY,CENTER_GAP_ENGAGEMENT_OR_WIDTH
S12-C5-MEDIUM-STUB20-SHIFT10-RES2,12,C5,COUPLING_MEDIUM,30.0,40.0,12.0,15.0,20.0,10.0,41.0,1.0,6.0,299.0,True,False,FAIL_GEOMETRY,CENTER_GAP_ENGAGEMENT_OR_WIDTH
S12-C5-MEDIUM-STUB20-SHIFT12.5-RES2,12,C5,COUPLING_MEDIUM,30.0,40.0,12.0,15.0,20.0,12.5,46.0,6.0,6.0,304.0,True,False,FAIL_GEOMETRY,CENTER_GAP_ENGAGEMENT_OR_WIDTH
S12-C5-MEDIUM-STUB20-SHIFT15-RES2,12,C5,COUPLING_MEDIUM,30.0,40.0,12.0,15.0,20.0,15.0,51.0,11.0,6.0,309.0,True,False,FAIL_GEOMETRY,CENTER_GAP_ENGAGEMENT_OR_WIDTH
S12-C5-MEDIUM-STUB25-SHIFT0-RES2,12,C5,COUPLING_MEDIUM,30.0,40.0,12.0,15.0,25.0,0.0,11.0,-19.0,11.0,290.0,True,False,FAIL_GEOMETRY,CENTER_GAP_ENGAGEMENT_OR_WIDTH
S12-C5-MEDIUM-STUB25-SHIFT2.5-RES2,12,C5,COUPLING_MEDIUM,30.0,40.0,12.0,15.0,25.0,2.5,16.0,-14.0,11.0,290.0,True,False,FAIL_GEOMETRY,CENTER_GAP_ENGAGEMENT_OR_WIDTH
S12-C5-MEDIUM-STUB25-SHIFT5-RES2,12,C5,COUPLING_MEDIUM,30.0,40.0,12.0,15.0,25.0,5.0,21.0,-9.0,11.0,290.0,True,False,FAIL_GEOMETRY,CENTER_GAP_ENGAGEMENT_OR_WIDTH
S12-C5-MEDIUM-STUB25-SHIFT7.5-RES2,12,C5,COUPLING_MEDIUM,30.0,40.0,12.0,15.0,25.0,7.5,26.0,-4.0,11.0,294.0,True,False,FAIL_GEOMETRY,CENTER_GAP_ENGAGEMENT_OR_WIDTH
S12-C5-MEDIUM-STUB25-SHIFT10-RES2,12,C5,COUPLING_MEDIUM,30.0,40.0,12.0,15.0,25.0,10.0,31.0,1.0,11.0,299.0,True,False,FAIL_GEOMETRY,CENTER_GAP_ENGAGEMENT_OR_WIDTH
S12-C5-MEDIUM-STUB25-SHIFT12.5-RES2,12,C5,COUPLING_MEDIUM,30.0,40.0,12.0,15.0,25.0,12.5,36.0,6.0,11.0,304.0,True,False,FAIL_GEOMETRY,CENTER_GAP_ENGAGEMENT_OR_WIDTH
S12-C5-MEDIUM-STUB25-SHIFT15-RES2,12,C5,COUPLING_MEDIUM,30.0,40.0,12.0,15.0,25.0,15.0,41.0,11.0,11.0,309.0,True,False,FAIL_GEOMETRY,CENTER_GAP_ENGAGEMENT_OR_WIDTH
S12-C5-MEDIUM-STUB30-SHIFT0-RES2,12,C5,COUPLING_MEDIUM,30.0,40.0,12.0,15.0,30.0,0.0,1.0,-19.0,16.0,290.0,True,False,FAIL_GEOMETRY,CENTER_GAP_ENGAGEMENT_OR_WIDTH
S12-C5-MEDIUM-STUB30-SHIFT2.5-RES2,12,C5,COUPLING_MEDIUM,30.0,40.0,12.0,15.0,30.0,2.5,6.0,-14.0,16.0,290.0,True,False,FAIL_GEOMETRY,CENTER_GAP_ENGAGEMENT_OR_WIDTH
S12-C5-MEDIUM-STUB30-SHIFT5-RES2,12,C5,COUPLING_MEDIUM,30.0,40.0,12.0,15.0,30.0,5.0,11.0,-9.0,16.0,290.0,True,False,FAIL_GEOMETRY,CENTER_GAP_ENGAGEMENT_OR_WIDTH
S12-C5-MEDIUM-STUB30-SHIFT7.5-RES2,12,C5,COUPLING_MEDIUM,30.0,40.0,12.0,15.0,30.0,7.5,16.0,-4.0,16.0,294.0,True,False,FAIL_GEOMETRY,CENTER_GAP_ENGAGEMENT_OR_WIDTH
S12-C5-MEDIUM-STUB30-SHIFT10-RES2,12,C5,COUPLING_MEDIUM,30.0,40.0,12.0,15.0,30.0,10.0,21.0,1.0,16.0,299.0,True,False,FAIL_GEOMETRY,CENTER_GAP_ENGAGEMENT_OR_WIDTH
S12-C5-MEDIUM-STUB30-SHIFT12.5-RES2,12,C5,COUPLING_MEDIUM,30.0,40.0,12.0,15.0,30.0,12.5,26.0,6.0,16.0,304.0,True,False,FAIL_GEOMETRY,CENTER_GAP_ENGAGEMENT_OR_WIDTH
S12-C5-MEDIUM-STUB30-SHIFT15-RES2,12,C5,COUPLING_MEDIUM,30.0,40.0,12.0,15.0,30.0,15.0,31.0,11.0,16.0,309.0,True,False,FAIL_GEOMETRY,CENTER_GAP_ENGAGEMENT_OR_WIDTH
S12-C5-LARGE-STUB5-SHIFT0-RES2,12,C5,COUPLING_LARGE,40.0,55.0,18.0,22.0,5.0,0.0,51.0,-49.0,-15.0,290.0,True,False,FAIL_GEOMETRY,CENTER_GAP_ENGAGEMENT_OR_WIDTH
S12-C5-LARGE-STUB5-SHIFT2.5-RES2,12,C5,COUPLING_LARGE,40.0,55.0,18.0,22.0,5.0,2.5,56.0,-44.0,-15.0,290.0,True,False,FAIL_GEOMETRY,CENTER_GAP_ENGAGEMENT_OR_WIDTH
S12-C5-LARGE-STUB5-SHIFT5-RES2,12,C5,COUPLING_LARGE,40.0,55.0,18.0,22.0,5.0,5.0,61.0,-39.0,-15.0,290.0,True,False,FAIL_GEOMETRY,CENTER_GAP_ENGAGEMENT_OR_WIDTH
S12-C5-LARGE-STUB5-SHIFT7.5-RES2,12,C5,COUPLING_LARGE,40.0,55.0,18.0,22.0,5.0,7.5,66.0,-34.0,-15.0,294.0,True,False,FAIL_GEOMETRY,CENTER_GAP_ENGAGEMENT_OR_WIDTH
S12-C5-LARGE-STUB5-SHIFT10-RES2,12,C5,COUPLING_LARGE,40.0,55.0,18.0,22.0,5.0,10.0,71.0,-29.0,-15.0,299.0,True,False,FAIL_GEOMETRY,CENTER_GAP_ENGAGEMENT_OR_WIDTH
S12-C5-LARGE-STUB5-SHIFT12.5-RES2,12,C5,COUPLING_LARGE,40.0,55.0,18.0,22.0,5.0,12.5,76.0,-24.0,-15.0,304.0,True,False,FAIL_GEOMETRY,CENTER_GAP_ENGAGEMENT_OR_WIDTH
S12-C5-LARGE-STUB5-SHIFT15-RES2,12,C5,COUPLING_LARGE,40.0,55.0,18.0,22.0,5.0,15.0,81.0,-19.0,-15.0,309.0,True,False,FAIL_GEOMETRY,CENTER_GAP_ENGAGEMENT_OR_WIDTH
S12-C5-LARGE-STUB7.5-SHIFT0-RES2,12,C5,COUPLING_LARGE,40.0,55.0,18.0,22.0,7.5,0.0,46.0,-49.0,-12.5,290.0,True,False,FAIL_GEOMETRY,CENTER_GAP_ENGAGEMENT_OR_WIDTH
S12-C5-LARGE-STUB7.5-SHIFT2.5-RES2,12,C5,COUPLING_LARGE,40.0,55.0,18.0,22.0,7.5,2.5,51.0,-44.0,-12.5,290.0,True,False,FAIL_GEOMETRY,CENTER_GAP_ENGAGEMENT_OR_WIDTH
S12-C5-LARGE-STUB7.5-SHIFT5-RES2,12,C5,COUPLING_LARGE,40.0,55.0,18.0,22.0,7.5,5.0,56.0,-39.0,-12.5,290.0,True,False,FAIL_GEOMETRY,CENTER_GAP_ENGAGEMENT_OR_WIDTH
S12-C5-LARGE-STUB7.5-SHIFT7.5-RES2,12,C5,COUPLING_LARGE,40.0,55.0,18.0,22.0,7.5,7.5,61.0,-34.0,-12.5,294.0,True,False,FAIL_GEOMETRY,CENTER_GAP_ENGAGEMENT_OR_WIDTH
S12-C5-LARGE-STUB7.5-SHIFT10-RES2,12,C5,COUPLING_LARGE,40.0,55.0,18.0,22.0,7.5,10.0,66.0,-29.0,-12.5,299.0,True,False,FAIL_GEOMETRY,CENTER_GAP_ENGAGEMENT_OR_WIDTH
S12-C5-LARGE-STUB7.5-SHIFT12.5-RES2,12,C5,COUPLING_LARGE,40.0,55.0,18.0,22.0,7.5,12.5,71.0,-24.0,-12.5,304.0,True,False,FAIL_GEOMETRY,CENTER_GAP_ENGAGEMENT_OR_WIDTH
S12-C5-LARGE-STUB7.5-SHIFT15-RES2,12,C5,COUPLING_LARGE,40.0,55.0,18.0,22.0,7.5,15.0,76.0,-19.0,-12.5,309.0,True,False,FAIL_GEOMETRY,CENTER_GAP_ENGAGEMENT_OR_WIDTH
S12-C5-LARGE-STUB10-SHIFT0-RES2,12,C5,COUPLING_LARGE,40.0,55.0,18.0,22.0,10.0,0.0,41.0,-49.0,-10.0,290.0,True,False,FAIL_GEOMETRY,CENTER_GAP_ENGAGEMENT_OR_WIDTH
S12-C5-LARGE-STUB10-SHIFT2.5-RES2,12,C5,COUPLING_LARGE,40.0,55.0,18.0,22.0,10.0,2.5,46.0,-44.0,-10.0,290.0,True,False,FAIL_GEOMETRY,CENTER_GAP_ENGAGEMENT_OR_WIDTH
S12-C5-LARGE-STUB10-SHIFT5-RES2,12,C5,COUPLING_LARGE,40.0,55.0,18.0,22.0,10.0,5.0,51.0,-39.0,-10.0,290.0,True,False,FAIL_GEOMETRY,CENTER_GAP_ENGAGEMENT_OR_WIDTH
S12-C5-LARGE-STUB10-SHIFT7.5-RES2,12,C5,COUPLING_LARGE,40.0,55.0,18.0,22.0,10.0,7.5,56.0,-34.0,-10.0,294.0,True,False,FAIL_GEOMETRY,CENTER_GAP_ENGAGEMENT_OR_WIDTH
S12-C5-LARGE-STUB10-SHIFT10-RES2,12,C5,COUPLING_LARGE,40.0,55.0,18.0,22.0,10.0,10.0,61.0,-29.0,-10.0,299.0,True,False,FAIL_GEOMETRY,CENTER_GAP_ENGAGEMENT_OR_WIDTH
S12-C5-LARGE-STUB10-SHIFT12.5-RES2,12,C5,COUPLING_LARGE,40.0,55.0,18.0,22.0,10.0,12.5,66.0,-24.0,-10.0,304.0,True,False,FAIL_GEOMETRY,CENTER_GAP_ENGAGEMENT_OR_WIDTH
S12-C5-LARGE-STUB10-SHIFT15-RES2,12,C5,COUPLING_LARGE,40.0,55.0,18.0,22.0,10.0,15.0,71.0,-19.0,-10.0,309.0,True,False,FAIL_GEOMETRY,CENTER_GAP_ENGAGEMENT_OR_WIDTH
S12-C5-LARGE-STUB12.5-SHIFT0-RES2,12,C5,COUPLING_LARGE,40.0,55.0,18.0,22.0,12.5,0.0,36.0,-49.0,-7.5,290.0,True,False,FAIL_GEOMETRY,CENTER_GAP_ENGAGEMENT_OR_WIDTH
S12-C5-LARGE-STUB12.5-SHIFT2.5-RES2,12,C5,COUPLING_LARGE,40.0,55.0,18.0,22.0,12.5,2.5,41.0,-44.0,-7.5,290.0,True,False,FAIL_GEOMETRY,CENTER_GAP_ENGAGEMENT_OR_WIDTH
S12-C5-LARGE-STUB12.5-SHIFT5-RES2,12,C5,COUPLING_LARGE,40.0,55.0,18.0,22.0,12.5,5.0,46.0,-39.0,-7.5,290.0,True,False,FAIL_GEOMETRY,CENTER_GAP_ENGAGEMENT_OR_WIDTH
S12-C5-LARGE-STUB12.5-SHIFT7.5-RES2,12,C5,COUPLING_LARGE,40.0,55.0,18.0,22.0,12.5,7.5,51.0,-34.0,-7.5,294.0,True,False,FAIL_GEOMETRY,CENTER_GAP_ENGAGEMENT_OR_WIDTH
S12-C5-LARGE-STUB12.5-SHIFT10-RES2,12,C5,COUPLING_LARGE,40.0,55.0,18.0,22.0,12.5,10.0,56.0,-29.0,-7.5,299.0,True,False,FAIL_GEOMETRY,CENTER_GAP_ENGAGEMENT_OR_WIDTH
S12-C5-LARGE-STUB12.5-SHIFT12.5-RES2,12,C5,COUPLING_LARGE,40.0,55.0,18.0,22.0,12.5,12.5,61.0,-24.0,-7.5,304.0,True,False,FAIL_GEOMETRY,CENTER_GAP_ENGAGEMENT_OR_WIDTH
S12-C5-LARGE-STUB12.5-SHIFT15-RES2,12,C5,COUPLING_LARGE,40.0,55.0,18.0,22.0,12.5,15.0,66.0,-19.0,-7.5,309.0,True,False,FAIL_GEOMETRY,CENTER_GAP_ENGAGEMENT_OR_WIDTH
S12-C5-LARGE-STUB15-SHIFT0-RES2,12,C5,COUPLING_LARGE,40.0,55.0,18.0,22.0,15.0,0.0,31.0,-49.0,-5.0,290.0,True,False,FAIL_GEOMETRY,CENTER_GAP_ENGAGEMENT_OR_WIDTH
S12-C5-LARGE-STUB15-SHIFT2.5-RES2,12,C5,COUPLING_LARGE,40.0,55.0,18.0,22.0,15.0,2.5,36.0,-44.0,-5.0,290.0,True,False,FAIL_GEOMETRY,CENTER_GAP_ENGAGEMENT_OR_WIDTH
S12-C5-LARGE-STUB15-SHIFT5-RES2,12,C5,COUPLING_LARGE,40.0,55.0,18.0,22.0,15.0,5.0,41.0,-39.0,-5.0,290.0,True,False,FAIL_GEOMETRY,CENTER_GAP_ENGAGEMENT_OR_WIDTH
S12-C5-LARGE-STUB15-SHIFT7.5-RES2,12,C5,COUPLING_LARGE,40.0,55.0,18.0,22.0,15.0,7.5,46.0,-34.0,-5.0,294.0,True,False,FAIL_GEOMETRY,CENTER_GAP_ENGAGEMENT_OR_WIDTH
S12-C5-LARGE-STUB15-SHIFT10-RES2,12,C5,COUPLING_LARGE,40.0,55.0,18.0,22.0,15.0,10.0,51.0,-29.0,-5.0,299.0,True,False,FAIL_GEOMETRY,CENTER_GAP_ENGAGEMENT_OR_WIDTH
S12-C5-LARGE-STUB15-SHIFT12.5-RES2,12,C5,COUPLING_LARGE,40.0,55.0,18.0,22.0,15.0,12.5,56.0,-24.0,-5.0,304.0,True,False,FAIL_GEOMETRY,CENTER_GAP_ENGAGEMENT_OR_WIDTH
S12-C5-LARGE-STUB15-SHIFT15-RES2,12,C5,COUPLING_LARGE,40.0,55.0,18.0,22.0,15.0,15.0,61.0,-19.0,-5.0,309.0,True,False,FAIL_GEOMETRY,CENTER_GAP_ENGAGEMENT_OR_WIDTH
S12-C5-LARGE-STUB17.5-SHIFT0-RES2,12,C5,COUPLING_LARGE,40.0,55.0,18.0,22.0,17.5,0.0,26.0,-49.0,-2.5,290.0,True,False,FAIL_GEOMETRY,CENTER_GAP_ENGAGEMENT_OR_WIDTH
S12-C5-LARGE-STUB17.5-SHIFT2.5-RES2,12,C5,COUPLING_LARGE,40.0,55.0,18.0,22.0,17.5,2.5,31.0,-44.0,-2.5,290.0,True,False,FAIL_GEOMETRY,CENTER_GAP_ENGAGEMENT_OR_WIDTH
S12-C5-LARGE-STUB17.5-SHIFT5-RES2,12,C5,COUPLING_LARGE,40.0,55.0,18.0,22.0,17.5,5.0,36.0,-39.0,-2.5,290.0,True,False,FAIL_GEOMETRY,CENTER_GAP_ENGAGEMENT_OR_WIDTH
S12-C5-LARGE-STUB17.5-SHIFT7.5-RES2,12,C5,COUPLING_LARGE,40.0,55.0,18.0,22.0,17.5,7.5,41.0,-34.0,-2.5,294.0,True,False,FAIL_GEOMETRY,CENTER_GAP_ENGAGEMENT_OR_WIDTH
S12-C5-LARGE-STUB17.5-SHIFT10-RES2,12,C5,COUPLING_LARGE,40.0,55.0,18.0,22.0,17.5,10.0,46.0,-29.0,-2.5,299.0,True,False,FAIL_GEOMETRY,CENTER_GAP_ENGAGEMENT_OR_WIDTH
S12-C5-LARGE-STUB17.5-SHIFT12.5-RES2,12,C5,COUPLING_LARGE,40.0,55.0,18.0,22.0,17.5,12.5,51.0,-24.0,-2.5,304.0,True,False,FAIL_GEOMETRY,CENTER_GAP_ENGAGEMENT_OR_WIDTH
S12-C5-LARGE-STUB17.5-SHIFT15-RES2,12,C5,COUPLING_LARGE,40.0,55.0,18.0,22.0,17.5,15.0,56.0,-19.0,-2.5,309.0,True,False,FAIL_GEOMETRY,CENTER_GAP_ENGAGEMENT_OR_WIDTH
S12-C5-LARGE-STUB20-SHIFT0-RES2,12,C5,COUPLING_LARGE,40.0,55.0,18.0,22.0,20.0,0.0,21.0,-49.0,0.0,290.0,True,False,FAIL_GEOMETRY,CENTER_GAP_ENGAGEMENT_OR_WIDTH
S12-C5-LARGE-STUB20-SHIFT2.5-RES2,12,C5,COUPLING_LARGE,40.0,55.0,18.0,22.0,20.0,2.5,26.0,-44.0,0.0,290.0,True,False,FAIL_GEOMETRY,CENTER_GAP_ENGAGEMENT_OR_WIDTH
S12-C5-LARGE-STUB20-SHIFT5-RES2,12,C5,COUPLING_LARGE,40.0,55.0,18.0,22.0,20.0,5.0,31.0,-39.0,0.0,290.0,True,False,FAIL_GEOMETRY,CENTER_GAP_ENGAGEMENT_OR_WIDTH
S12-C5-LARGE-STUB20-SHIFT7.5-RES2,12,C5,COUPLING_LARGE,40.0,55.0,18.0,22.0,20.0,7.5,36.0,-34.0,0.0,294.0,True,False,FAIL_GEOMETRY,CENTER_GAP_ENGAGEMENT_OR_WIDTH
S12-C5-LARGE-STUB20-SHIFT10-RES2,12,C5,COUPLING_LARGE,40.0,55.0,18.0,22.0,20.0,10.0,41.0,-29.0,0.0,299.0,True,False,FAIL_GEOMETRY,CENTER_GAP_ENGAGEMENT_OR_WIDTH
S12-C5-LARGE-STUB20-SHIFT12.5-RES2,12,C5,COUPLING_LARGE,40.0,55.0,18.0,22.0,20.0,12.5,46.0,-24.0,0.0,304.0,True,False,FAIL_GEOMETRY,CENTER_GAP_ENGAGEMENT_OR_WIDTH
S12-C5-LARGE-STUB20-SHIFT15-RES2,12,C5,COUPLING_LARGE,40.0,55.0,18.0,22.0,20.0,15.0,51.0,-19.0,0.0,309.0,True,False,FAIL_GEOMETRY,CENTER_GAP_ENGAGEMENT_OR_WIDTH
S12-C5-LARGE-STUB25-SHIFT0-RES2,12,C5,COUPLING_LARGE,40.0,55.0,18.0,22.0,25.0,0.0,11.0,-49.0,5.0,290.0,True,False,FAIL_GEOMETRY,CENTER_GAP_ENGAGEMENT_OR_WIDTH
S12-C5-LARGE-STUB25-SHIFT2.5-RES2,12,C5,COUPLING_LARGE,40.0,55.0,18.0,22.0,25.0,2.5,16.0,-44.0,5.0,290.0,True,False,FAIL_GEOMETRY,CENTER_GAP_ENGAGEMENT_OR_WIDTH
S12-C5-LARGE-STUB25-SHIFT5-RES2,12,C5,COUPLING_LARGE,40.0,55.0,18.0,22.0,25.0,5.0,21.0,-39.0,5.0,290.0,True,False,FAIL_GEOMETRY,CENTER_GAP_ENGAGEMENT_OR_WIDTH
S12-C5-LARGE-STUB25-SHIFT7.5-RES2,12,C5,COUPLING_LARGE,40.0,55.0,18.0,22.0,25.0,7.5,26.0,-34.0,5.0,294.0,True,False,FAIL_GEOMETRY,CENTER_GAP_ENGAGEMENT_OR_WIDTH
S12-C5-LARGE-STUB25-SHIFT10-RES2,12,C5,COUPLING_LARGE,40.0,55.0,18.0,22.0,25.0,10.0,31.0,-29.0,5.0,299.0,True,False,FAIL_GEOMETRY,CENTER_GAP_ENGAGEMENT_OR_WIDTH
S12-C5-LARGE-STUB25-SHIFT12.5-RES2,12,C5,COUPLING_LARGE,40.0,55.0,18.0,22.0,25.0,12.5,36.0,-24.0,5.0,304.0,True,False,FAIL_GEOMETRY,CENTER_GAP_ENGAGEMENT_OR_WIDTH
S12-C5-LARGE-STUB25-SHIFT15-RES2,12,C5,COUPLING_LARGE,40.0,55.0,18.0,22.0,25.0,15.0,41.0,-19.0,5.0,309.0,True,False,FAIL_GEOMETRY,CENTER_GAP_ENGAGEMENT_OR_WIDTH
S12-C5-LARGE-STUB30-SHIFT0-RES2,12,C5,COUPLING_LARGE,40.0,55.0,18.0,22.0,30.0,0.0,1.0,-49.0,10.0,290.0,True,False,FAIL_GEOMETRY,CENTER_GAP_ENGAGEMENT_OR_WIDTH
S12-C5-LARGE-STUB30-SHIFT2.5-RES2,12,C5,COUPLING_LARGE,40.0,55.0,18.0,22.0,30.0,2.5,6.0,-44.0,10.0,290.0,True,False,FAIL_GEOMETRY,CENTER_GAP_ENGAGEMENT_OR_WIDTH
S12-C5-LARGE-STUB30-SHIFT5-RES2,12,C5,COUPLING_LARGE,40.0,55.0,18.0,22.0,30.0,5.0,11.0,-39.0,10.0,290.0,True,False,FAIL_GEOMETRY,CENTER_GAP_ENGAGEMENT_OR_WIDTH
S12-C5-LARGE-STUB30-SHIFT7.5-RES2,12,C5,COUPLING_LARGE,40.0,55.0,18.0,22.0,30.0,7.5,16.0,-34.0,10.0,294.0,True,False,FAIL_GEOMETRY,CENTER_GAP_ENGAGEMENT_OR_WIDTH
S12-C5-LARGE-STUB30-SHIFT10-RES2,12,C5,COUPLING_LARGE,40.0,55.0,18.0,22.0,30.0,10.0,21.0,-29.0,10.0,299.0,True,False,FAIL_GEOMETRY,CENTER_GAP_ENGAGEMENT_OR_WIDTH
S12-C5-LARGE-STUB30-SHIFT12.5-RES2,12,C5,COUPLING_LARGE,40.0,55.0,18.0,22.0,30.0,12.5,26.0,-24.0,10.0,304.0,True,False,FAIL_GEOMETRY,CENTER_GAP_ENGAGEMENT_OR_WIDTH
S12-C5-LARGE-STUB30-SHIFT15-RES2,12,C5,COUPLING_LARGE,40.0,55.0,18.0,22.0,30.0,15.0,31.0,-19.0,10.0,309.0,True,False,FAIL_GEOMETRY,CENTER_GAP_ENGAGEMENT_OR_WIDTH
S12-C5-XL-STUB5-SHIFT0-RES2,12,C5,COUPLING_XL,50.0,70.0,25.0,30.0,5.0,0.0,51.0,-79.0,-22.0,290.0,True,False,FAIL_GEOMETRY,CENTER_GAP_ENGAGEMENT_OR_WIDTH
S12-C5-XL-STUB5-SHIFT2.5-RES2,12,C5,COUPLING_XL,50.0,70.0,25.0,30.0,5.0,2.5,56.0,-74.0,-22.0,290.0,True,False,FAIL_GEOMETRY,CENTER_GAP_ENGAGEMENT_OR_WIDTH
S12-C5-XL-STUB5-SHIFT5-RES2,12,C5,COUPLING_XL,50.0,70.0,25.0,30.0,5.0,5.0,61.0,-69.0,-22.0,290.0,True,False,FAIL_GEOMETRY,CENTER_GAP_ENGAGEMENT_OR_WIDTH
S12-C5-XL-STUB5-SHIFT7.5-RES2,12,C5,COUPLING_XL,50.0,70.0,25.0,30.0,5.0,7.5,66.0,-64.0,-22.0,294.0,True,False,FAIL_GEOMETRY,CENTER_GAP_ENGAGEMENT_OR_WIDTH
S12-C5-XL-STUB5-SHIFT10-RES2,12,C5,COUPLING_XL,50.0,70.0,25.0,30.0,5.0,10.0,71.0,-59.0,-22.0,299.0,True,False,FAIL_GEOMETRY,CENTER_GAP_ENGAGEMENT_OR_WIDTH
S12-C5-XL-STUB5-SHIFT12.5-RES2,12,C5,COUPLING_XL,50.0,70.0,25.0,30.0,5.0,12.5,76.0,-54.0,-22.0,304.0,True,False,FAIL_GEOMETRY,CENTER_GAP_ENGAGEMENT_OR_WIDTH
S12-C5-XL-STUB5-SHIFT15-RES2,12,C5,COUPLING_XL,50.0,70.0,25.0,30.0,5.0,15.0,81.0,-49.0,-22.0,309.0,True,False,FAIL_GEOMETRY,CENTER_GAP_ENGAGEMENT_OR_WIDTH
S12-C5-XL-STUB7.5-SHIFT0-RES2,12,C5,COUPLING_XL,50.0,70.0,25.0,30.0,7.5,0.0,46.0,-79.0,-19.5,290.0,True,False,FAIL_GEOMETRY,CENTER_GAP_ENGAGEMENT_OR_WIDTH
S12-C5-XL-STUB7.5-SHIFT2.5-RES2,12,C5,COUPLING_XL,50.0,70.0,25.0,30.0,7.5,2.5,51.0,-74.0,-19.5,290.0,True,False,FAIL_GEOMETRY,CENTER_GAP_ENGAGEMENT_OR_WIDTH
S12-C5-XL-STUB7.5-SHIFT5-RES2,12,C5,COUPLING_XL,50.0,70.0,25.0,30.0,7.5,5.0,56.0,-69.0,-19.5,290.0,True,False,FAIL_GEOMETRY,CENTER_GAP_ENGAGEMENT_OR_WIDTH
S12-C5-XL-STUB7.5-SHIFT7.5-RES2,12,C5,COUPLING_XL,50.0,70.0,25.0,30.0,7.5,7.5,61.0,-64.0,-19.5,294.0,True,False,FAIL_GEOMETRY,CENTER_GAP_ENGAGEMENT_OR_WIDTH
S12-C5-XL-STUB7.5-SHIFT10-RES2,12,C5,COUPLING_XL,50.0,70.0,25.0,30.0,7.5,10.0,66.0,-59.0,-19.5,299.0,True,False,FAIL_GEOMETRY,CENTER_GAP_ENGAGEMENT_OR_WIDTH
S12-C5-XL-STUB7.5-SHIFT12.5-RES2,12,C5,COUPLING_XL,50.0,70.0,25.0,30.0,7.5,12.5,71.0,-54.0,-19.5,304.0,True,False,FAIL_GEOMETRY,CENTER_GAP_ENGAGEMENT_OR_WIDTH
S12-C5-XL-STUB7.5-SHIFT15-RES2,12,C5,COUPLING_XL,50.0,70.0,25.0,30.0,7.5,15.0,76.0,-49.0,-19.5,309.0,True,False,FAIL_GEOMETRY,CENTER_GAP_ENGAGEMENT_OR_WIDTH
S12-C5-XL-STUB10-SHIFT0-RES2,12,C5,COUPLING_XL,50.0,70.0,25.0,30.0,10.0,0.0,41.0,-79.0,-17.0,290.0,True,False,FAIL_GEOMETRY,CENTER_GAP_ENGAGEMENT_OR_WIDTH
S12-C5-XL-STUB10-SHIFT2.5-RES2,12,C5,COUPLING_XL,50.0,70.0,25.0,30.0,10.0,2.5,46.0,-74.0,-17.0,290.0,True,False,FAIL_GEOMETRY,CENTER_GAP_ENGAGEMENT_OR_WIDTH
S12-C5-XL-STUB10-SHIFT5-RES2,12,C5,COUPLING_XL,50.0,70.0,25.0,30.0,10.0,5.0,51.0,-69.0,-17.0,290.0,True,False,FAIL_GEOMETRY,CENTER_GAP_ENGAGEMENT_OR_WIDTH
S12-C5-XL-STUB10-SHIFT7.5-RES2,12,C5,COUPLING_XL,50.0,70.0,25.0,30.0,10.0,7.5,56.0,-64.0,-17.0,294.0,True,False,FAIL_GEOMETRY,CENTER_GAP_ENGAGEMENT_OR_WIDTH
S12-C5-XL-STUB10-SHIFT10-RES2,12,C5,COUPLING_XL,50.0,70.0,25.0,30.0,10.0,10.0,61.0,-59.0,-17.0,299.0,True,False,FAIL_GEOMETRY,CENTER_GAP_ENGAGEMENT_OR_WIDTH
S12-C5-XL-STUB10-SHIFT12.5-RES2,12,C5,COUPLING_XL,50.0,70.0,25.0,30.0,10.0,12.5,66.0,-54.0,-17.0,304.0,True,False,FAIL_GEOMETRY,CENTER_GAP_ENGAGEMENT_OR_WIDTH
S12-C5-XL-STUB10-SHIFT15-RES2,12,C5,COUPLING_XL,50.0,70.0,25.0,30.0,10.0,15.0,71.0,-49.0,-17.0,309.0,True,False,FAIL_GEOMETRY,CENTER_GAP_ENGAGEMENT_OR_WIDTH
S12-C5-XL-STUB12.5-SHIFT0-RES2,12,C5,COUPLING_XL,50.0,70.0,25.0,30.0,12.5,0.0,36.0,-79.0,-14.5,290.0,True,False,FAIL_GEOMETRY,CENTER_GAP_ENGAGEMENT_OR_WIDTH
S12-C5-XL-STUB12.5-SHIFT2.5-RES2,12,C5,COUPLING_XL,50.0,70.0,25.0,30.0,12.5,2.5,41.0,-74.0,-14.5,290.0,True,False,FAIL_GEOMETRY,CENTER_GAP_ENGAGEMENT_OR_WIDTH
S12-C5-XL-STUB12.5-SHIFT5-RES2,12,C5,COUPLING_XL,50.0,70.0,25.0,30.0,12.5,5.0,46.0,-69.0,-14.5,290.0,True,False,FAIL_GEOMETRY,CENTER_GAP_ENGAGEMENT_OR_WIDTH
S12-C5-XL-STUB12.5-SHIFT7.5-RES2,12,C5,COUPLING_XL,50.0,70.0,25.0,30.0,12.5,7.5,51.0,-64.0,-14.5,294.0,True,False,FAIL_GEOMETRY,CENTER_GAP_ENGAGEMENT_OR_WIDTH
S12-C5-XL-STUB12.5-SHIFT10-RES2,12,C5,COUPLING_XL,50.0,70.0,25.0,30.0,12.5,10.0,56.0,-59.0,-14.5,299.0,True,False,FAIL_GEOMETRY,CENTER_GAP_ENGAGEMENT_OR_WIDTH
S12-C5-XL-STUB12.5-SHIFT12.5-RES2,12,C5,COUPLING_XL,50.0,70.0,25.0,30.0,12.5,12.5,61.0,-54.0,-14.5,304.0,True,False,FAIL_GEOMETRY,CENTER_GAP_ENGAGEMENT_OR_WIDTH
S12-C5-XL-STUB12.5-SHIFT15-RES2,12,C5,COUPLING_XL,50.0,70.0,25.0,30.0,12.5,15.0,66.0,-49.0,-14.5,309.0,True,False,FAIL_GEOMETRY,CENTER_GAP_ENGAGEMENT_OR_WIDTH
S12-C5-XL-STUB15-SHIFT0-RES2,12,C5,COUPLING_XL,50.0,70.0,25.0,30.0,15.0,0.0,31.0,-79.0,-12.0,290.0,True,False,FAIL_GEOMETRY,CENTER_GAP_ENGAGEMENT_OR_WIDTH
S12-C5-XL-STUB15-SHIFT2.5-RES2,12,C5,COUPLING_XL,50.0,70.0,25.0,30.0,15.0,2.5,36.0,-74.0,-12.0,290.0,True,False,FAIL_GEOMETRY,CENTER_GAP_ENGAGEMENT_OR_WIDTH
S12-C5-XL-STUB15-SHIFT5-RES2,12,C5,COUPLING_XL,50.0,70.0,25.0,30.0,15.0,5.0,41.0,-69.0,-12.0,290.0,True,False,FAIL_GEOMETRY,CENTER_GAP_ENGAGEMENT_OR_WIDTH
S12-C5-XL-STUB15-SHIFT7.5-RES2,12,C5,COUPLING_XL,50.0,70.0,25.0,30.0,15.0,7.5,46.0,-64.0,-12.0,294.0,True,False,FAIL_GEOMETRY,CENTER_GAP_ENGAGEMENT_OR_WIDTH
S12-C5-XL-STUB15-SHIFT10-RES2,12,C5,COUPLING_XL,50.0,70.0,25.0,30.0,15.0,10.0,51.0,-59.0,-12.0,299.0,True,False,FAIL_GEOMETRY,CENTER_GAP_ENGAGEMENT_OR_WIDTH
S12-C5-XL-STUB15-SHIFT12.5-RES2,12,C5,COUPLING_XL,50.0,70.0,25.0,30.0,15.0,12.5,56.0,-54.0,-12.0,304.0,True,False,FAIL_GEOMETRY,CENTER_GAP_ENGAGEMENT_OR_WIDTH
S12-C5-XL-STUB15-SHIFT15-RES2,12,C5,COUPLING_XL,50.0,70.0,25.0,30.0,15.0,15.0,61.0,-49.0,-12.0,309.0,True,False,FAIL_GEOMETRY,CENTER_GAP_ENGAGEMENT_OR_WIDTH
S12-C5-XL-STUB17.5-SHIFT0-RES2,12,C5,COUPLING_XL,50.0,70.0,25.0,30.0,17.5,0.0,26.0,-79.0,-9.5,290.0,True,False,FAIL_GEOMETRY,CENTER_GAP_ENGAGEMENT_OR_WIDTH
S12-C5-XL-STUB17.5-SHIFT2.5-RES2,12,C5,COUPLING_XL,50.0,70.0,25.0,30.0,17.5,2.5,31.0,-74.0,-9.5,290.0,True,False,FAIL_GEOMETRY,CENTER_GAP_ENGAGEMENT_OR_WIDTH
S12-C5-XL-STUB17.5-SHIFT5-RES2,12,C5,COUPLING_XL,50.0,70.0,25.0,30.0,17.5,5.0,36.0,-69.0,-9.5,290.0,True,False,FAIL_GEOMETRY,CENTER_GAP_ENGAGEMENT_OR_WIDTH
S12-C5-XL-STUB17.5-SHIFT7.5-RES2,12,C5,COUPLING_XL,50.0,70.0,25.0,30.0,17.5,7.5,41.0,-64.0,-9.5,294.0,True,False,FAIL_GEOMETRY,CENTER_GAP_ENGAGEMENT_OR_WIDTH
S12-C5-XL-STUB17.5-SHIFT10-RES2,12,C5,COUPLING_XL,50.0,70.0,25.0,30.0,17.5,10.0,46.0,-59.0,-9.5,299.0,True,False,FAIL_GEOMETRY,CENTER_GAP_ENGAGEMENT_OR_WIDTH
S12-C5-XL-STUB17.5-SHIFT12.5-RES2,12,C5,COUPLING_XL,50.0,70.0,25.0,30.0,17.5,12.5,51.0,-54.0,-9.5,304.0,True,False,FAIL_GEOMETRY,CENTER_GAP_ENGAGEMENT_OR_WIDTH
S12-C5-XL-STUB17.5-SHIFT15-RES2,12,C5,COUPLING_XL,50.0,70.0,25.0,30.0,17.5,15.0,56.0,-49.0,-9.5,309.0,True,False,FAIL_GEOMETRY,CENTER_GAP_ENGAGEMENT_OR_WIDTH
S12-C5-XL-STUB20-SHIFT0-RES2,12,C5,COUPLING_XL,50.0,70.0,25.0,30.0,20.0,0.0,21.0,-79.0,-7.0,290.0,True,False,FAIL_GEOMETRY,CENTER_GAP_ENGAGEMENT_OR_WIDTH
S12-C5-XL-STUB20-SHIFT2.5-RES2,12,C5,COUPLING_XL,50.0,70.0,25.0,30.0,20.0,2.5,26.0,-74.0,-7.0,290.0,True,False,FAIL_GEOMETRY,CENTER_GAP_ENGAGEMENT_OR_WIDTH
S12-C5-XL-STUB20-SHIFT5-RES2,12,C5,COUPLING_XL,50.0,70.0,25.0,30.0,20.0,5.0,31.0,-69.0,-7.0,290.0,True,False,FAIL_GEOMETRY,CENTER_GAP_ENGAGEMENT_OR_WIDTH
S12-C5-XL-STUB20-SHIFT7.5-RES2,12,C5,COUPLING_XL,50.0,70.0,25.0,30.0,20.0,7.5,36.0,-64.0,-7.0,294.0,True,False,FAIL_GEOMETRY,CENTER_GAP_ENGAGEMENT_OR_WIDTH
S12-C5-XL-STUB20-SHIFT10-RES2,12,C5,COUPLING_XL,50.0,70.0,25.0,30.0,20.0,10.0,41.0,-59.0,-7.0,299.0,True,False,FAIL_GEOMETRY,CENTER_GAP_ENGAGEMENT_OR_WIDTH
S12-C5-XL-STUB20-SHIFT12.5-RES2,12,C5,COUPLING_XL,50.0,70.0,25.0,30.0,20.0,12.5,46.0,-54.0,-7.0,304.0,True,False,FAIL_GEOMETRY,CENTER_GAP_ENGAGEMENT_OR_WIDTH
S12-C5-XL-STUB20-SHIFT15-RES2,12,C5,COUPLING_XL,50.0,70.0,25.0,30.0,20.0,15.0,51.0,-49.0,-7.0,309.0,True,False,FAIL_GEOMETRY,CENTER_GAP_ENGAGEMENT_OR_WIDTH
S12-C5-XL-STUB25-SHIFT0-RES2,12,C5,COUPLING_XL,50.0,70.0,25.0,30.0,25.0,0.0,11.0,-79.0,-2.0,290.0,True,False,FAIL_GEOMETRY,CENTER_GAP_ENGAGEMENT_OR_WIDTH
S12-C5-XL-STUB25-SHIFT2.5-RES2,12,C5,COUPLING_XL,50.0,70.0,25.0,30.0,25.0,2.5,16.0,-74.0,-2.0,290.0,True,False,FAIL_GEOMETRY,CENTER_GAP_ENGAGEMENT_OR_WIDTH
S12-C5-XL-STUB25-SHIFT5-RES2,12,C5,COUPLING_XL,50.0,70.0,25.0,30.0,25.0,5.0,21.0,-69.0,-2.0,290.0,True,False,FAIL_GEOMETRY,CENTER_GAP_ENGAGEMENT_OR_WIDTH
S12-C5-XL-STUB25-SHIFT7.5-RES2,12,C5,COUPLING_XL,50.0,70.0,25.0,30.0,25.0,7.5,26.0,-64.0,-2.0,294.0,True,False,FAIL_GEOMETRY,CENTER_GAP_ENGAGEMENT_OR_WIDTH
S12-C5-XL-STUB25-SHIFT10-RES2,12,C5,COUPLING_XL,50.0,70.0,25.0,30.0,25.0,10.0,31.0,-59.0,-2.0,299.0,True,False,FAIL_GEOMETRY,CENTER_GAP_ENGAGEMENT_OR_WIDTH
S12-C5-XL-STUB25-SHIFT12.5-RES2,12,C5,COUPLING_XL,50.0,70.0,25.0,30.0,25.0,12.5,36.0,-54.0,-2.0,304.0,True,False,FAIL_GEOMETRY,CENTER_GAP_ENGAGEMENT_OR_WIDTH
S12-C5-XL-STUB25-SHIFT15-RES2,12,C5,COUPLING_XL,50.0,70.0,25.0,30.0,25.0,15.0,41.0,-49.0,-2.0,309.0,True,False,FAIL_GEOMETRY,CENTER_GAP_ENGAGEMENT_OR_WIDTH
S12-C5-XL-STUB30-SHIFT0-RES2,12,C5,COUPLING_XL,50.0,70.0,25.0,30.0,30.0,0.0,1.0,-79.0,3.0,290.0,True,False,FAIL_GEOMETRY,CENTER_GAP_ENGAGEMENT_OR_WIDTH
S12-C5-XL-STUB30-SHIFT2.5-RES2,12,C5,COUPLING_XL,50.0,70.0,25.0,30.0,30.0,2.5,6.0,-74.0,3.0,290.0,True,False,FAIL_GEOMETRY,CENTER_GAP_ENGAGEMENT_OR_WIDTH
S12-C5-XL-STUB30-SHIFT5-RES2,12,C5,COUPLING_XL,50.0,70.0,25.0,30.0,30.0,5.0,11.0,-69.0,3.0,290.0,True,False,FAIL_GEOMETRY,CENTER_GAP_ENGAGEMENT_OR_WIDTH
S12-C5-XL-STUB30-SHIFT7.5-RES2,12,C5,COUPLING_XL,50.0,70.0,25.0,30.0,30.0,7.5,16.0,-64.0,3.0,294.0,True,False,FAIL_GEOMETRY,CENTER_GAP_ENGAGEMENT_OR_WIDTH
S12-C5-XL-STUB30-SHIFT10-RES2,12,C5,COUPLING_XL,50.0,70.0,25.0,30.0,30.0,10.0,21.0,-59.0,3.0,299.0,True,False,FAIL_GEOMETRY,CENTER_GAP_ENGAGEMENT_OR_WIDTH
S12-C5-XL-STUB30-SHIFT12.5-RES2,12,C5,COUPLING_XL,50.0,70.0,25.0,30.0,30.0,12.5,26.0,-54.0,3.0,304.0,True,False,FAIL_GEOMETRY,CENTER_GAP_ENGAGEMENT_OR_WIDTH
S12-C5-XL-STUB30-SHIFT15-RES2,12,C5,COUPLING_XL,50.0,70.0,25.0,30.0,30.0,15.0,31.0,-49.0,3.0,309.0,True,False,FAIL_GEOMETRY,CENTER_GAP_ENGAGEMENT_OR_WIDTH
S12-C6-SMALL-STUB5-SHIFT0-RES2,12,C6,COUPLING_SMALL,20.0,25.0,8.0,10.0,5.0,0.0,51.0,11.0,-5.0,290.0,True,False,FAIL_GEOMETRY,CENTER_GAP_ENGAGEMENT_OR_WIDTH
S12-C6-SMALL-STUB5-SHIFT2.5-RES2,12,C6,COUPLING_SMALL,20.0,25.0,8.0,10.0,5.0,2.5,56.0,16.0,-5.0,290.0,True,False,FAIL_GEOMETRY,CENTER_GAP_ENGAGEMENT_OR_WIDTH
S12-C6-SMALL-STUB5-SHIFT5-RES2,12,C6,COUPLING_SMALL,20.0,25.0,8.0,10.0,5.0,5.0,61.0,21.0,-5.0,290.0,True,False,FAIL_GEOMETRY,CENTER_GAP_ENGAGEMENT_OR_WIDTH
S12-C6-SMALL-STUB5-SHIFT7.5-RES2,12,C6,COUPLING_SMALL,20.0,25.0,8.0,10.0,5.0,7.5,66.0,26.0,-5.0,294.0,True,False,FAIL_GEOMETRY,CENTER_GAP_ENGAGEMENT_OR_WIDTH
S12-C6-SMALL-STUB5-SHIFT10-RES2,12,C6,COUPLING_SMALL,20.0,25.0,8.0,10.0,5.0,10.0,71.0,31.0,-5.0,299.0,True,False,FAIL_GEOMETRY,CENTER_GAP_ENGAGEMENT_OR_WIDTH
S12-C6-SMALL-STUB5-SHIFT12.5-RES2,12,C6,COUPLING_SMALL,20.0,25.0,8.0,10.0,5.0,12.5,76.0,36.0,-5.0,304.0,True,False,FAIL_GEOMETRY,CENTER_GAP_ENGAGEMENT_OR_WIDTH
S12-C6-SMALL-STUB5-SHIFT15-RES2,12,C6,COUPLING_SMALL,20.0,25.0,8.0,10.0,5.0,15.0,81.0,41.0,-5.0,309.0,True,False,FAIL_GEOMETRY,CENTER_GAP_ENGAGEMENT_OR_WIDTH
S12-C6-SMALL-STUB7.5-SHIFT0-RES2,12,C6,COUPLING_SMALL,20.0,25.0,8.0,10.0,7.5,0.0,46.0,11.0,-2.5,290.0,True,False,FAIL_GEOMETRY,CENTER_GAP_ENGAGEMENT_OR_WIDTH
S12-C6-SMALL-STUB7.5-SHIFT2.5-RES2,12,C6,COUPLING_SMALL,20.0,25.0,8.0,10.0,7.5,2.5,51.0,16.0,-2.5,290.0,True,False,FAIL_GEOMETRY,CENTER_GAP_ENGAGEMENT_OR_WIDTH
S12-C6-SMALL-STUB7.5-SHIFT5-RES2,12,C6,COUPLING_SMALL,20.0,25.0,8.0,10.0,7.5,5.0,56.0,21.0,-2.5,290.0,True,False,FAIL_GEOMETRY,CENTER_GAP_ENGAGEMENT_OR_WIDTH
S12-C6-SMALL-STUB7.5-SHIFT7.5-RES2,12,C6,COUPLING_SMALL,20.0,25.0,8.0,10.0,7.5,7.5,61.0,26.0,-2.5,294.0,True,False,FAIL_GEOMETRY,CENTER_GAP_ENGAGEMENT_OR_WIDTH
S12-C6-SMALL-STUB7.5-SHIFT10-RES2,12,C6,COUPLING_SMALL,20.0,25.0,8.0,10.0,7.5,10.0,66.0,31.0,-2.5,299.0,True,False,FAIL_GEOMETRY,CENTER_GAP_ENGAGEMENT_OR_WIDTH
S12-C6-SMALL-STUB7.5-SHIFT12.5-RES2,12,C6,COUPLING_SMALL,20.0,25.0,8.0,10.0,7.5,12.5,71.0,36.0,-2.5,304.0,True,False,FAIL_GEOMETRY,CENTER_GAP_ENGAGEMENT_OR_WIDTH
S12-C6-SMALL-STUB7.5-SHIFT15-RES2,12,C6,COUPLING_SMALL,20.0,25.0,8.0,10.0,7.5,15.0,76.0,41.0,-2.5,309.0,True,False,FAIL_GEOMETRY,CENTER_GAP_ENGAGEMENT_OR_WIDTH
S12-C6-SMALL-STUB10-SHIFT0-RES2,12,C6,COUPLING_SMALL,20.0,25.0,8.0,10.0,10.0,0.0,41.0,11.0,0.0,290.0,True,False,CONDITIONAL_PASS,
S12-C6-SMALL-STUB10-SHIFT2.5-RES2,12,C6,COUPLING_SMALL,20.0,25.0,8.0,10.0,10.0,2.5,46.0,16.0,0.0,290.0,True,False,CONDITIONAL_PASS,
S12-C6-SMALL-STUB10-SHIFT5-RES2,12,C6,COUPLING_SMALL,20.0,25.0,8.0,10.0,10.0,5.0,51.0,21.0,0.0,290.0,True,False,CONDITIONAL_PASS,
S12-C6-SMALL-STUB10-SHIFT7.5-RES2,12,C6,COUPLING_SMALL,20.0,25.0,8.0,10.0,10.0,7.5,56.0,26.0,0.0,294.0,True,False,CONDITIONAL_PASS,
S12-C6-SMALL-STUB10-SHIFT10-RES2,12,C6,COUPLING_SMALL,20.0,25.0,8.0,10.0,10.0,10.0,61.0,31.0,0.0,299.0,True,False,WIDTH_MARGIN_CRITICAL,
S12-C6-SMALL-STUB10-SHIFT12.5-RES2,12,C6,COUPLING_SMALL,20.0,25.0,8.0,10.0,10.0,12.5,66.0,36.0,0.0,304.0,True,False,FAIL_GEOMETRY,CENTER_GAP_ENGAGEMENT_OR_WIDTH
S12-C6-SMALL-STUB10-SHIFT15-RES2,12,C6,COUPLING_SMALL,20.0,25.0,8.0,10.0,10.0,15.0,71.0,41.0,0.0,309.0,True,False,FAIL_GEOMETRY,CENTER_GAP_ENGAGEMENT_OR_WIDTH
S12-C6-SMALL-STUB12.5-SHIFT0-RES2,12,C6,COUPLING_SMALL,20.0,25.0,8.0,10.0,12.5,0.0,36.0,11.0,2.5,290.0,True,False,CONDITIONAL_PASS,
S12-C6-SMALL-STUB12.5-SHIFT2.5-RES2,12,C6,COUPLING_SMALL,20.0,25.0,8.0,10.0,12.5,2.5,41.0,16.0,2.5,290.0,True,False,CONDITIONAL_PASS,
S12-C6-SMALL-STUB12.5-SHIFT5-RES2,12,C6,COUPLING_SMALL,20.0,25.0,8.0,10.0,12.5,5.0,46.0,21.0,2.5,290.0,True,False,CONDITIONAL_PASS,
S12-C6-SMALL-STUB12.5-SHIFT7.5-RES2,12,C6,COUPLING_SMALL,20.0,25.0,8.0,10.0,12.5,7.5,51.0,26.0,2.5,294.0,True,False,CONDITIONAL_PASS,
S12-C6-SMALL-STUB12.5-SHIFT10-RES2,12,C6,COUPLING_SMALL,20.0,25.0,8.0,10.0,12.5,10.0,56.0,31.0,2.5,299.0,True,False,WIDTH_MARGIN_CRITICAL,
S12-C6-SMALL-STUB12.5-SHIFT12.5-RES2,12,C6,COUPLING_SMALL,20.0,25.0,8.0,10.0,12.5,12.5,61.0,36.0,2.5,304.0,True,False,FAIL_GEOMETRY,CENTER_GAP_ENGAGEMENT_OR_WIDTH
S12-C6-SMALL-STUB12.5-SHIFT15-RES2,12,C6,COUPLING_SMALL,20.0,25.0,8.0,10.0,12.5,15.0,66.0,41.0,2.5,309.0,True,False,FAIL_GEOMETRY,CENTER_GAP_ENGAGEMENT_OR_WIDTH
S12-C6-SMALL-STUB15-SHIFT0-RES2,12,C6,COUPLING_SMALL,20.0,25.0,8.0,10.0,15.0,0.0,31.0,11.0,5.0,290.0,True,False,CONDITIONAL_PASS,
S12-C6-SMALL-STUB15-SHIFT2.5-RES2,12,C6,COUPLING_SMALL,20.0,25.0,8.0,10.0,15.0,2.5,36.0,16.0,5.0,290.0,True,False,CONDITIONAL_PASS,
S12-C6-SMALL-STUB15-SHIFT5-RES2,12,C6,COUPLING_SMALL,20.0,25.0,8.0,10.0,15.0,5.0,41.0,21.0,5.0,290.0,True,False,CONDITIONAL_PASS,
S12-C6-SMALL-STUB15-SHIFT7.5-RES2,12,C6,COUPLING_SMALL,20.0,25.0,8.0,10.0,15.0,7.5,46.0,26.0,5.0,294.0,True,False,CONDITIONAL_PASS,
S12-C6-SMALL-STUB15-SHIFT10-RES2,12,C6,COUPLING_SMALL,20.0,25.0,8.0,10.0,15.0,10.0,51.0,31.0,5.0,299.0,True,False,WIDTH_MARGIN_CRITICAL,
S12-C6-SMALL-STUB15-SHIFT12.5-RES2,12,C6,COUPLING_SMALL,20.0,25.0,8.0,10.0,15.0,12.5,56.0,36.0,5.0,304.0,True,False,FAIL_GEOMETRY,CENTER_GAP_ENGAGEMENT_OR_WIDTH
S12-C6-SMALL-STUB15-SHIFT15-RES2,12,C6,COUPLING_SMALL,20.0,25.0,8.0,10.0,15.0,15.0,61.0,41.0,5.0,309.0,True,False,FAIL_GEOMETRY,CENTER_GAP_ENGAGEMENT_OR_WIDTH
S12-C6-SMALL-STUB17.5-SHIFT0-RES2,12,C6,COUPLING_SMALL,20.0,25.0,8.0,10.0,17.5,0.0,26.0,11.0,7.5,290.0,True,False,CONDITIONAL_PASS,
S12-C6-SMALL-STUB17.5-SHIFT2.5-RES2,12,C6,COUPLING_SMALL,20.0,25.0,8.0,10.0,17.5,2.5,31.0,16.0,7.5,290.0,True,False,CONDITIONAL_PASS,
S12-C6-SMALL-STUB17.5-SHIFT5-RES2,12,C6,COUPLING_SMALL,20.0,25.0,8.0,10.0,17.5,5.0,36.0,21.0,7.5,290.0,True,False,CONDITIONAL_PASS,
S12-C6-SMALL-STUB17.5-SHIFT7.5-RES2,12,C6,COUPLING_SMALL,20.0,25.0,8.0,10.0,17.5,7.5,41.0,26.0,7.5,294.0,True,False,CONDITIONAL_PASS,
S12-C6-SMALL-STUB17.5-SHIFT10-RES2,12,C6,COUPLING_SMALL,20.0,25.0,8.0,10.0,17.5,10.0,46.0,31.0,7.5,299.0,True,False,WIDTH_MARGIN_CRITICAL,
S12-C6-SMALL-STUB17.5-SHIFT12.5-RES2,12,C6,COUPLING_SMALL,20.0,25.0,8.0,10.0,17.5,12.5,51.0,36.0,7.5,304.0,True,False,FAIL_GEOMETRY,CENTER_GAP_ENGAGEMENT_OR_WIDTH
S12-C6-SMALL-STUB17.5-SHIFT15-RES2,12,C6,COUPLING_SMALL,20.0,25.0,8.0,10.0,17.5,15.0,56.0,41.0,7.5,309.0,True,False,FAIL_GEOMETRY,CENTER_GAP_ENGAGEMENT_OR_WIDTH
S12-C6-SMALL-STUB20-SHIFT0-RES2,12,C6,COUPLING_SMALL,20.0,25.0,8.0,10.0,20.0,0.0,21.0,11.0,10.0,290.0,True,False,CONDITIONAL_PASS,
S12-C6-SMALL-STUB20-SHIFT2.5-RES2,12,C6,COUPLING_SMALL,20.0,25.0,8.0,10.0,20.0,2.5,26.0,16.0,10.0,290.0,True,False,CONDITIONAL_PASS,
S12-C6-SMALL-STUB20-SHIFT5-RES2,12,C6,COUPLING_SMALL,20.0,25.0,8.0,10.0,20.0,5.0,31.0,21.0,10.0,290.0,True,False,CONDITIONAL_PASS,
S12-C6-SMALL-STUB20-SHIFT7.5-RES2,12,C6,COUPLING_SMALL,20.0,25.0,8.0,10.0,20.0,7.5,36.0,26.0,10.0,294.0,True,False,CONDITIONAL_PASS,
S12-C6-SMALL-STUB20-SHIFT10-RES2,12,C6,COUPLING_SMALL,20.0,25.0,8.0,10.0,20.0,10.0,41.0,31.0,10.0,299.0,True,False,WIDTH_MARGIN_CRITICAL,
S12-C6-SMALL-STUB20-SHIFT12.5-RES2,12,C6,COUPLING_SMALL,20.0,25.0,8.0,10.0,20.0,12.5,46.0,36.0,10.0,304.0,True,False,FAIL_GEOMETRY,CENTER_GAP_ENGAGEMENT_OR_WIDTH
S12-C6-SMALL-STUB20-SHIFT15-RES2,12,C6,COUPLING_SMALL,20.0,25.0,8.0,10.0,20.0,15.0,51.0,41.0,10.0,309.0,True,False,FAIL_GEOMETRY,CENTER_GAP_ENGAGEMENT_OR_WIDTH
S12-C6-SMALL-STUB25-SHIFT0-RES2,12,C6,COUPLING_SMALL,20.0,25.0,8.0,10.0,25.0,0.0,11.0,11.0,15.0,290.0,True,False,CONDITIONAL_PASS,
S12-C6-SMALL-STUB25-SHIFT2.5-RES2,12,C6,COUPLING_SMALL,20.0,25.0,8.0,10.0,25.0,2.5,16.0,16.0,15.0,290.0,True,False,CONDITIONAL_PASS,
S12-C6-SMALL-STUB25-SHIFT5-RES2,12,C6,COUPLING_SMALL,20.0,25.0,8.0,10.0,25.0,5.0,21.0,21.0,15.0,290.0,True,False,CONDITIONAL_PASS,
S12-C6-SMALL-STUB25-SHIFT7.5-RES2,12,C6,COUPLING_SMALL,20.0,25.0,8.0,10.0,25.0,7.5,26.0,26.0,15.0,294.0,True,False,CONDITIONAL_PASS,
S12-C6-SMALL-STUB25-SHIFT10-RES2,12,C6,COUPLING_SMALL,20.0,25.0,8.0,10.0,25.0,10.0,31.0,31.0,15.0,299.0,True,False,WIDTH_MARGIN_CRITICAL,
S12-C6-SMALL-STUB25-SHIFT12.5-RES2,12,C6,COUPLING_SMALL,20.0,25.0,8.0,10.0,25.0,12.5,36.0,36.0,15.0,304.0,True,False,FAIL_GEOMETRY,CENTER_GAP_ENGAGEMENT_OR_WIDTH
S12-C6-SMALL-STUB25-SHIFT15-RES2,12,C6,COUPLING_SMALL,20.0,25.0,8.0,10.0,25.0,15.0,41.0,41.0,15.0,309.0,True,False,FAIL_GEOMETRY,CENTER_GAP_ENGAGEMENT_OR_WIDTH
S12-C6-SMALL-STUB30-SHIFT0-RES2,12,C6,COUPLING_SMALL,20.0,25.0,8.0,10.0,30.0,0.0,1.0,11.0,20.0,290.0,True,False,CONDITIONAL_PASS,
S12-C6-SMALL-STUB30-SHIFT2.5-RES2,12,C6,COUPLING_SMALL,20.0,25.0,8.0,10.0,30.0,2.5,6.0,16.0,20.0,290.0,True,False,CONDITIONAL_PASS,
S12-C6-SMALL-STUB30-SHIFT5-RES2,12,C6,COUPLING_SMALL,20.0,25.0,8.0,10.0,30.0,5.0,11.0,21.0,20.0,290.0,True,False,CONDITIONAL_PASS,
S12-C6-SMALL-STUB30-SHIFT7.5-RES2,12,C6,COUPLING_SMALL,20.0,25.0,8.0,10.0,30.0,7.5,16.0,26.0,20.0,294.0,True,False,CONDITIONAL_PASS,
S12-C6-SMALL-STUB30-SHIFT10-RES2,12,C6,COUPLING_SMALL,20.0,25.0,8.0,10.0,30.0,10.0,21.0,31.0,20.0,299.0,True,False,WIDTH_MARGIN_CRITICAL,
S12-C6-SMALL-STUB30-SHIFT12.5-RES2,12,C6,COUPLING_SMALL,20.0,25.0,8.0,10.0,30.0,12.5,26.0,36.0,20.0,304.0,True,False,FAIL_GEOMETRY,CENTER_GAP_ENGAGEMENT_OR_WIDTH
S12-C6-SMALL-STUB30-SHIFT15-RES2,12,C6,COUPLING_SMALL,20.0,25.0,8.0,10.0,30.0,15.0,31.0,41.0,20.0,309.0,True,False,FAIL_GEOMETRY,CENTER_GAP_ENGAGEMENT_OR_WIDTH
S12-C6-MEDIUM-STUB5-SHIFT0-RES2,12,C6,COUPLING_MEDIUM,30.0,40.0,12.0,15.0,5.0,0.0,51.0,-19.0,-9.0,290.0,True,False,FAIL_GEOMETRY,CENTER_GAP_ENGAGEMENT_OR_WIDTH
S12-C6-MEDIUM-STUB5-SHIFT2.5-RES2,12,C6,COUPLING_MEDIUM,30.0,40.0,12.0,15.0,5.0,2.5,56.0,-14.0,-9.0,290.0,True,False,FAIL_GEOMETRY,CENTER_GAP_ENGAGEMENT_OR_WIDTH
S12-C6-MEDIUM-STUB5-SHIFT5-RES2,12,C6,COUPLING_MEDIUM,30.0,40.0,12.0,15.0,5.0,5.0,61.0,-9.0,-9.0,290.0,True,False,FAIL_GEOMETRY,CENTER_GAP_ENGAGEMENT_OR_WIDTH
S12-C6-MEDIUM-STUB5-SHIFT7.5-RES2,12,C6,COUPLING_MEDIUM,30.0,40.0,12.0,15.0,5.0,7.5,66.0,-4.0,-9.0,294.0,True,False,FAIL_GEOMETRY,CENTER_GAP_ENGAGEMENT_OR_WIDTH
S12-C6-MEDIUM-STUB5-SHIFT10-RES2,12,C6,COUPLING_MEDIUM,30.0,40.0,12.0,15.0,5.0,10.0,71.0,1.0,-9.0,299.0,True,False,FAIL_GEOMETRY,CENTER_GAP_ENGAGEMENT_OR_WIDTH
S12-C6-MEDIUM-STUB5-SHIFT12.5-RES2,12,C6,COUPLING_MEDIUM,30.0,40.0,12.0,15.0,5.0,12.5,76.0,6.0,-9.0,304.0,True,False,FAIL_GEOMETRY,CENTER_GAP_ENGAGEMENT_OR_WIDTH
S12-C6-MEDIUM-STUB5-SHIFT15-RES2,12,C6,COUPLING_MEDIUM,30.0,40.0,12.0,15.0,5.0,15.0,81.0,11.0,-9.0,309.0,True,False,FAIL_GEOMETRY,CENTER_GAP_ENGAGEMENT_OR_WIDTH
S12-C6-MEDIUM-STUB7.5-SHIFT0-RES2,12,C6,COUPLING_MEDIUM,30.0,40.0,12.0,15.0,7.5,0.0,46.0,-19.0,-6.5,290.0,True,False,FAIL_GEOMETRY,CENTER_GAP_ENGAGEMENT_OR_WIDTH
S12-C6-MEDIUM-STUB7.5-SHIFT2.5-RES2,12,C6,COUPLING_MEDIUM,30.0,40.0,12.0,15.0,7.5,2.5,51.0,-14.0,-6.5,290.0,True,False,FAIL_GEOMETRY,CENTER_GAP_ENGAGEMENT_OR_WIDTH
S12-C6-MEDIUM-STUB7.5-SHIFT5-RES2,12,C6,COUPLING_MEDIUM,30.0,40.0,12.0,15.0,7.5,5.0,56.0,-9.0,-6.5,290.0,True,False,FAIL_GEOMETRY,CENTER_GAP_ENGAGEMENT_OR_WIDTH
S12-C6-MEDIUM-STUB7.5-SHIFT7.5-RES2,12,C6,COUPLING_MEDIUM,30.0,40.0,12.0,15.0,7.5,7.5,61.0,-4.0,-6.5,294.0,True,False,FAIL_GEOMETRY,CENTER_GAP_ENGAGEMENT_OR_WIDTH
S12-C6-MEDIUM-STUB7.5-SHIFT10-RES2,12,C6,COUPLING_MEDIUM,30.0,40.0,12.0,15.0,7.5,10.0,66.0,1.0,-6.5,299.0,True,False,FAIL_GEOMETRY,CENTER_GAP_ENGAGEMENT_OR_WIDTH
S12-C6-MEDIUM-STUB7.5-SHIFT12.5-RES2,12,C6,COUPLING_MEDIUM,30.0,40.0,12.0,15.0,7.5,12.5,71.0,6.0,-6.5,304.0,True,False,FAIL_GEOMETRY,CENTER_GAP_ENGAGEMENT_OR_WIDTH
S12-C6-MEDIUM-STUB7.5-SHIFT15-RES2,12,C6,COUPLING_MEDIUM,30.0,40.0,12.0,15.0,7.5,15.0,76.0,11.0,-6.5,309.0,True,False,FAIL_GEOMETRY,CENTER_GAP_ENGAGEMENT_OR_WIDTH
S12-C6-MEDIUM-STUB10-SHIFT0-RES2,12,C6,COUPLING_MEDIUM,30.0,40.0,12.0,15.0,10.0,0.0,41.0,-19.0,-4.0,290.0,True,False,FAIL_GEOMETRY,CENTER_GAP_ENGAGEMENT_OR_WIDTH
S12-C6-MEDIUM-STUB10-SHIFT2.5-RES2,12,C6,COUPLING_MEDIUM,30.0,40.0,12.0,15.0,10.0,2.5,46.0,-14.0,-4.0,290.0,True,False,FAIL_GEOMETRY,CENTER_GAP_ENGAGEMENT_OR_WIDTH
S12-C6-MEDIUM-STUB10-SHIFT5-RES2,12,C6,COUPLING_MEDIUM,30.0,40.0,12.0,15.0,10.0,5.0,51.0,-9.0,-4.0,290.0,True,False,FAIL_GEOMETRY,CENTER_GAP_ENGAGEMENT_OR_WIDTH
S12-C6-MEDIUM-STUB10-SHIFT7.5-RES2,12,C6,COUPLING_MEDIUM,30.0,40.0,12.0,15.0,10.0,7.5,56.0,-4.0,-4.0,294.0,True,False,FAIL_GEOMETRY,CENTER_GAP_ENGAGEMENT_OR_WIDTH
S12-C6-MEDIUM-STUB10-SHIFT10-RES2,12,C6,COUPLING_MEDIUM,30.0,40.0,12.0,15.0,10.0,10.0,61.0,1.0,-4.0,299.0,True,False,FAIL_GEOMETRY,CENTER_GAP_ENGAGEMENT_OR_WIDTH
S12-C6-MEDIUM-STUB10-SHIFT12.5-RES2,12,C6,COUPLING_MEDIUM,30.0,40.0,12.0,15.0,10.0,12.5,66.0,6.0,-4.0,304.0,True,False,FAIL_GEOMETRY,CENTER_GAP_ENGAGEMENT_OR_WIDTH
S12-C6-MEDIUM-STUB10-SHIFT15-RES2,12,C6,COUPLING_MEDIUM,30.0,40.0,12.0,15.0,10.0,15.0,71.0,11.0,-4.0,309.0,True,False,FAIL_GEOMETRY,CENTER_GAP_ENGAGEMENT_OR_WIDTH
S12-C6-MEDIUM-STUB12.5-SHIFT0-RES2,12,C6,COUPLING_MEDIUM,30.0,40.0,12.0,15.0,12.5,0.0,36.0,-19.0,-1.5,290.0,True,False,FAIL_GEOMETRY,CENTER_GAP_ENGAGEMENT_OR_WIDTH
S12-C6-MEDIUM-STUB12.5-SHIFT2.5-RES2,12,C6,COUPLING_MEDIUM,30.0,40.0,12.0,15.0,12.5,2.5,41.0,-14.0,-1.5,290.0,True,False,FAIL_GEOMETRY,CENTER_GAP_ENGAGEMENT_OR_WIDTH
S12-C6-MEDIUM-STUB12.5-SHIFT5-RES2,12,C6,COUPLING_MEDIUM,30.0,40.0,12.0,15.0,12.5,5.0,46.0,-9.0,-1.5,290.0,True,False,FAIL_GEOMETRY,CENTER_GAP_ENGAGEMENT_OR_WIDTH
S12-C6-MEDIUM-STUB12.5-SHIFT7.5-RES2,12,C6,COUPLING_MEDIUM,30.0,40.0,12.0,15.0,12.5,7.5,51.0,-4.0,-1.5,294.0,True,False,FAIL_GEOMETRY,CENTER_GAP_ENGAGEMENT_OR_WIDTH
S12-C6-MEDIUM-STUB12.5-SHIFT10-RES2,12,C6,COUPLING_MEDIUM,30.0,40.0,12.0,15.0,12.5,10.0,56.0,1.0,-1.5,299.0,True,False,FAIL_GEOMETRY,CENTER_GAP_ENGAGEMENT_OR_WIDTH
S12-C6-MEDIUM-STUB12.5-SHIFT12.5-RES2,12,C6,COUPLING_MEDIUM,30.0,40.0,12.0,15.0,12.5,12.5,61.0,6.0,-1.5,304.0,True,False,FAIL_GEOMETRY,CENTER_GAP_ENGAGEMENT_OR_WIDTH
S12-C6-MEDIUM-STUB12.5-SHIFT15-RES2,12,C6,COUPLING_MEDIUM,30.0,40.0,12.0,15.0,12.5,15.0,66.0,11.0,-1.5,309.0,True,False,FAIL_GEOMETRY,CENTER_GAP_ENGAGEMENT_OR_WIDTH
S12-C6-MEDIUM-STUB15-SHIFT0-RES2,12,C6,COUPLING_MEDIUM,30.0,40.0,12.0,15.0,15.0,0.0,31.0,-19.0,1.0,290.0,True,False,FAIL_GEOMETRY,CENTER_GAP_ENGAGEMENT_OR_WIDTH
S12-C6-MEDIUM-STUB15-SHIFT2.5-RES2,12,C6,COUPLING_MEDIUM,30.0,40.0,12.0,15.0,15.0,2.5,36.0,-14.0,1.0,290.0,True,False,FAIL_GEOMETRY,CENTER_GAP_ENGAGEMENT_OR_WIDTH
S12-C6-MEDIUM-STUB15-SHIFT5-RES2,12,C6,COUPLING_MEDIUM,30.0,40.0,12.0,15.0,15.0,5.0,41.0,-9.0,1.0,290.0,True,False,FAIL_GEOMETRY,CENTER_GAP_ENGAGEMENT_OR_WIDTH
S12-C6-MEDIUM-STUB15-SHIFT7.5-RES2,12,C6,COUPLING_MEDIUM,30.0,40.0,12.0,15.0,15.0,7.5,46.0,-4.0,1.0,294.0,True,False,FAIL_GEOMETRY,CENTER_GAP_ENGAGEMENT_OR_WIDTH
S12-C6-MEDIUM-STUB15-SHIFT10-RES2,12,C6,COUPLING_MEDIUM,30.0,40.0,12.0,15.0,15.0,10.0,51.0,1.0,1.0,299.0,True,False,FAIL_GEOMETRY,CENTER_GAP_ENGAGEMENT_OR_WIDTH
S12-C6-MEDIUM-STUB15-SHIFT12.5-RES2,12,C6,COUPLING_MEDIUM,30.0,40.0,12.0,15.0,15.0,12.5,56.0,6.0,1.0,304.0,True,False,FAIL_GEOMETRY,CENTER_GAP_ENGAGEMENT_OR_WIDTH
S12-C6-MEDIUM-STUB15-SHIFT15-RES2,12,C6,COUPLING_MEDIUM,30.0,40.0,12.0,15.0,15.0,15.0,61.0,11.0,1.0,309.0,True,False,FAIL_GEOMETRY,CENTER_GAP_ENGAGEMENT_OR_WIDTH
S12-C6-MEDIUM-STUB17.5-SHIFT0-RES2,12,C6,COUPLING_MEDIUM,30.0,40.0,12.0,15.0,17.5,0.0,26.0,-19.0,3.5,290.0,True,False,FAIL_GEOMETRY,CENTER_GAP_ENGAGEMENT_OR_WIDTH
S12-C6-MEDIUM-STUB17.5-SHIFT2.5-RES2,12,C6,COUPLING_MEDIUM,30.0,40.0,12.0,15.0,17.5,2.5,31.0,-14.0,3.5,290.0,True,False,FAIL_GEOMETRY,CENTER_GAP_ENGAGEMENT_OR_WIDTH
S12-C6-MEDIUM-STUB17.5-SHIFT5-RES2,12,C6,COUPLING_MEDIUM,30.0,40.0,12.0,15.0,17.5,5.0,36.0,-9.0,3.5,290.0,True,False,FAIL_GEOMETRY,CENTER_GAP_ENGAGEMENT_OR_WIDTH
S12-C6-MEDIUM-STUB17.5-SHIFT7.5-RES2,12,C6,COUPLING_MEDIUM,30.0,40.0,12.0,15.0,17.5,7.5,41.0,-4.0,3.5,294.0,True,False,FAIL_GEOMETRY,CENTER_GAP_ENGAGEMENT_OR_WIDTH
S12-C6-MEDIUM-STUB17.5-SHIFT10-RES2,12,C6,COUPLING_MEDIUM,30.0,40.0,12.0,15.0,17.5,10.0,46.0,1.0,3.5,299.0,True,False,FAIL_GEOMETRY,CENTER_GAP_ENGAGEMENT_OR_WIDTH
S12-C6-MEDIUM-STUB17.5-SHIFT12.5-RES2,12,C6,COUPLING_MEDIUM,30.0,40.0,12.0,15.0,17.5,12.5,51.0,6.0,3.5,304.0,True,False,FAIL_GEOMETRY,CENTER_GAP_ENGAGEMENT_OR_WIDTH
S12-C6-MEDIUM-STUB17.5-SHIFT15-RES2,12,C6,COUPLING_MEDIUM,30.0,40.0,12.0,15.0,17.5,15.0,56.0,11.0,3.5,309.0,True,False,FAIL_GEOMETRY,CENTER_GAP_ENGAGEMENT_OR_WIDTH
S12-C6-MEDIUM-STUB20-SHIFT0-RES2,12,C6,COUPLING_MEDIUM,30.0,40.0,12.0,15.0,20.0,0.0,21.0,-19.0,6.0,290.0,True,False,FAIL_GEOMETRY,CENTER_GAP_ENGAGEMENT_OR_WIDTH
S12-C6-MEDIUM-STUB20-SHIFT2.5-RES2,12,C6,COUPLING_MEDIUM,30.0,40.0,12.0,15.0,20.0,2.5,26.0,-14.0,6.0,290.0,True,False,FAIL_GEOMETRY,CENTER_GAP_ENGAGEMENT_OR_WIDTH
S12-C6-MEDIUM-STUB20-SHIFT5-RES2,12,C6,COUPLING_MEDIUM,30.0,40.0,12.0,15.0,20.0,5.0,31.0,-9.0,6.0,290.0,True,False,FAIL_GEOMETRY,CENTER_GAP_ENGAGEMENT_OR_WIDTH
S12-C6-MEDIUM-STUB20-SHIFT7.5-RES2,12,C6,COUPLING_MEDIUM,30.0,40.0,12.0,15.0,20.0,7.5,36.0,-4.0,6.0,294.0,True,False,FAIL_GEOMETRY,CENTER_GAP_ENGAGEMENT_OR_WIDTH
S12-C6-MEDIUM-STUB20-SHIFT10-RES2,12,C6,COUPLING_MEDIUM,30.0,40.0,12.0,15.0,20.0,10.0,41.0,1.0,6.0,299.0,True,False,FAIL_GEOMETRY,CENTER_GAP_ENGAGEMENT_OR_WIDTH
S12-C6-MEDIUM-STUB20-SHIFT12.5-RES2,12,C6,COUPLING_MEDIUM,30.0,40.0,12.0,15.0,20.0,12.5,46.0,6.0,6.0,304.0,True,False,FAIL_GEOMETRY,CENTER_GAP_ENGAGEMENT_OR_WIDTH
S12-C6-MEDIUM-STUB20-SHIFT15-RES2,12,C6,COUPLING_MEDIUM,30.0,40.0,12.0,15.0,20.0,15.0,51.0,11.0,6.0,309.0,True,False,FAIL_GEOMETRY,CENTER_GAP_ENGAGEMENT_OR_WIDTH
S12-C6-MEDIUM-STUB25-SHIFT0-RES2,12,C6,COUPLING_MEDIUM,30.0,40.0,12.0,15.0,25.0,0.0,11.0,-19.0,11.0,290.0,True,False,FAIL_GEOMETRY,CENTER_GAP_ENGAGEMENT_OR_WIDTH
S12-C6-MEDIUM-STUB25-SHIFT2.5-RES2,12,C6,COUPLING_MEDIUM,30.0,40.0,12.0,15.0,25.0,2.5,16.0,-14.0,11.0,290.0,True,False,FAIL_GEOMETRY,CENTER_GAP_ENGAGEMENT_OR_WIDTH
S12-C6-MEDIUM-STUB25-SHIFT5-RES2,12,C6,COUPLING_MEDIUM,30.0,40.0,12.0,15.0,25.0,5.0,21.0,-9.0,11.0,290.0,True,False,FAIL_GEOMETRY,CENTER_GAP_ENGAGEMENT_OR_WIDTH
S12-C6-MEDIUM-STUB25-SHIFT7.5-RES2,12,C6,COUPLING_MEDIUM,30.0,40.0,12.0,15.0,25.0,7.5,26.0,-4.0,11.0,294.0,True,False,FAIL_GEOMETRY,CENTER_GAP_ENGAGEMENT_OR_WIDTH
S12-C6-MEDIUM-STUB25-SHIFT10-RES2,12,C6,COUPLING_MEDIUM,30.0,40.0,12.0,15.0,25.0,10.0,31.0,1.0,11.0,299.0,True,False,FAIL_GEOMETRY,CENTER_GAP_ENGAGEMENT_OR_WIDTH
S12-C6-MEDIUM-STUB25-SHIFT12.5-RES2,12,C6,COUPLING_MEDIUM,30.0,40.0,12.0,15.0,25.0,12.5,36.0,6.0,11.0,304.0,True,False,FAIL_GEOMETRY,CENTER_GAP_ENGAGEMENT_OR_WIDTH
S12-C6-MEDIUM-STUB25-SHIFT15-RES2,12,C6,COUPLING_MEDIUM,30.0,40.0,12.0,15.0,25.0,15.0,41.0,11.0,11.0,309.0,True,False,FAIL_GEOMETRY,CENTER_GAP_ENGAGEMENT_OR_WIDTH
S12-C6-MEDIUM-STUB30-SHIFT0-RES2,12,C6,COUPLING_MEDIUM,30.0,40.0,12.0,15.0,30.0,0.0,1.0,-19.0,16.0,290.0,True,False,FAIL_GEOMETRY,CENTER_GAP_ENGAGEMENT_OR_WIDTH
S12-C6-MEDIUM-STUB30-SHIFT2.5-RES2,12,C6,COUPLING_MEDIUM,30.0,40.0,12.0,15.0,30.0,2.5,6.0,-14.0,16.0,290.0,True,False,FAIL_GEOMETRY,CENTER_GAP_ENGAGEMENT_OR_WIDTH
S12-C6-MEDIUM-STUB30-SHIFT5-RES2,12,C6,COUPLING_MEDIUM,30.0,40.0,12.0,15.0,30.0,5.0,11.0,-9.0,16.0,290.0,True,False,FAIL_GEOMETRY,CENTER_GAP_ENGAGEMENT_OR_WIDTH
S12-C6-MEDIUM-STUB30-SHIFT7.5-RES2,12,C6,COUPLING_MEDIUM,30.0,40.0,12.0,15.0,30.0,7.5,16.0,-4.0,16.0,294.0,True,False,FAIL_GEOMETRY,CENTER_GAP_ENGAGEMENT_OR_WIDTH
S12-C6-MEDIUM-STUB30-SHIFT10-RES2,12,C6,COUPLING_MEDIUM,30.0,40.0,12.0,15.0,30.0,10.0,21.0,1.0,16.0,299.0,True,False,FAIL_GEOMETRY,CENTER_GAP_ENGAGEMENT_OR_WIDTH
S12-C6-MEDIUM-STUB30-SHIFT12.5-RES2,12,C6,COUPLING_MEDIUM,30.0,40.0,12.0,15.0,30.0,12.5,26.0,6.0,16.0,304.0,True,False,FAIL_GEOMETRY,CENTER_GAP_ENGAGEMENT_OR_WIDTH
S12-C6-MEDIUM-STUB30-SHIFT15-RES2,12,C6,COUPLING_MEDIUM,30.0,40.0,12.0,15.0,30.0,15.0,31.0,11.0,16.0,309.0,True,False,FAIL_GEOMETRY,CENTER_GAP_ENGAGEMENT_OR_WIDTH
S12-C6-LARGE-STUB5-SHIFT0-RES2,12,C6,COUPLING_LARGE,40.0,55.0,18.0,22.0,5.0,0.0,51.0,-49.0,-15.0,290.0,True,False,FAIL_GEOMETRY,CENTER_GAP_ENGAGEMENT_OR_WIDTH
S12-C6-LARGE-STUB5-SHIFT2.5-RES2,12,C6,COUPLING_LARGE,40.0,55.0,18.0,22.0,5.0,2.5,56.0,-44.0,-15.0,290.0,True,False,FAIL_GEOMETRY,CENTER_GAP_ENGAGEMENT_OR_WIDTH
S12-C6-LARGE-STUB5-SHIFT5-RES2,12,C6,COUPLING_LARGE,40.0,55.0,18.0,22.0,5.0,5.0,61.0,-39.0,-15.0,290.0,True,False,FAIL_GEOMETRY,CENTER_GAP_ENGAGEMENT_OR_WIDTH
S12-C6-LARGE-STUB5-SHIFT7.5-RES2,12,C6,COUPLING_LARGE,40.0,55.0,18.0,22.0,5.0,7.5,66.0,-34.0,-15.0,294.0,True,False,FAIL_GEOMETRY,CENTER_GAP_ENGAGEMENT_OR_WIDTH
S12-C6-LARGE-STUB5-SHIFT10-RES2,12,C6,COUPLING_LARGE,40.0,55.0,18.0,22.0,5.0,10.0,71.0,-29.0,-15.0,299.0,True,False,FAIL_GEOMETRY,CENTER_GAP_ENGAGEMENT_OR_WIDTH
S12-C6-LARGE-STUB5-SHIFT12.5-RES2,12,C6,COUPLING_LARGE,40.0,55.0,18.0,22.0,5.0,12.5,76.0,-24.0,-15.0,304.0,True,False,FAIL_GEOMETRY,CENTER_GAP_ENGAGEMENT_OR_WIDTH
S12-C6-LARGE-STUB5-SHIFT15-RES2,12,C6,COUPLING_LARGE,40.0,55.0,18.0,22.0,5.0,15.0,81.0,-19.0,-15.0,309.0,True,False,FAIL_GEOMETRY,CENTER_GAP_ENGAGEMENT_OR_WIDTH
S12-C6-LARGE-STUB7.5-SHIFT0-RES2,12,C6,COUPLING_LARGE,40.0,55.0,18.0,22.0,7.5,0.0,46.0,-49.0,-12.5,290.0,True,False,FAIL_GEOMETRY,CENTER_GAP_ENGAGEMENT_OR_WIDTH
S12-C6-LARGE-STUB7.5-SHIFT2.5-RES2,12,C6,COUPLING_LARGE,40.0,55.0,18.0,22.0,7.5,2.5,51.0,-44.0,-12.5,290.0,True,False,FAIL_GEOMETRY,CENTER_GAP_ENGAGEMENT_OR_WIDTH
S12-C6-LARGE-STUB7.5-SHIFT5-RES2,12,C6,COUPLING_LARGE,40.0,55.0,18.0,22.0,7.5,5.0,56.0,-39.0,-12.5,290.0,True,False,FAIL_GEOMETRY,CENTER_GAP_ENGAGEMENT_OR_WIDTH
S12-C6-LARGE-STUB7.5-SHIFT7.5-RES2,12,C6,COUPLING_LARGE,40.0,55.0,18.0,22.0,7.5,7.5,61.0,-34.0,-12.5,294.0,True,False,FAIL_GEOMETRY,CENTER_GAP_ENGAGEMENT_OR_WIDTH
S12-C6-LARGE-STUB7.5-SHIFT10-RES2,12,C6,COUPLING_LARGE,40.0,55.0,18.0,22.0,7.5,10.0,66.0,-29.0,-12.5,299.0,True,False,FAIL_GEOMETRY,CENTER_GAP_ENGAGEMENT_OR_WIDTH
S12-C6-LARGE-STUB7.5-SHIFT12.5-RES2,12,C6,COUPLING_LARGE,40.0,55.0,18.0,22.0,7.5,12.5,71.0,-24.0,-12.5,304.0,True,False,FAIL_GEOMETRY,CENTER_GAP_ENGAGEMENT_OR_WIDTH
S12-C6-LARGE-STUB7.5-SHIFT15-RES2,12,C6,COUPLING_LARGE,40.0,55.0,18.0,22.0,7.5,15.0,76.0,-19.0,-12.5,309.0,True,False,FAIL_GEOMETRY,CENTER_GAP_ENGAGEMENT_OR_WIDTH
S12-C6-LARGE-STUB10-SHIFT0-RES2,12,C6,COUPLING_LARGE,40.0,55.0,18.0,22.0,10.0,0.0,41.0,-49.0,-10.0,290.0,True,False,FAIL_GEOMETRY,CENTER_GAP_ENGAGEMENT_OR_WIDTH
S12-C6-LARGE-STUB10-SHIFT2.5-RES2,12,C6,COUPLING_LARGE,40.0,55.0,18.0,22.0,10.0,2.5,46.0,-44.0,-10.0,290.0,True,False,FAIL_GEOMETRY,CENTER_GAP_ENGAGEMENT_OR_WIDTH
S12-C6-LARGE-STUB10-SHIFT5-RES2,12,C6,COUPLING_LARGE,40.0,55.0,18.0,22.0,10.0,5.0,51.0,-39.0,-10.0,290.0,True,False,FAIL_GEOMETRY,CENTER_GAP_ENGAGEMENT_OR_WIDTH
S12-C6-LARGE-STUB10-SHIFT7.5-RES2,12,C6,COUPLING_LARGE,40.0,55.0,18.0,22.0,10.0,7.5,56.0,-34.0,-10.0,294.0,True,False,FAIL_GEOMETRY,CENTER_GAP_ENGAGEMENT_OR_WIDTH
S12-C6-LARGE-STUB10-SHIFT10-RES2,12,C6,COUPLING_LARGE,40.0,55.0,18.0,22.0,10.0,10.0,61.0,-29.0,-10.0,299.0,True,False,FAIL_GEOMETRY,CENTER_GAP_ENGAGEMENT_OR_WIDTH
S12-C6-LARGE-STUB10-SHIFT12.5-RES2,12,C6,COUPLING_LARGE,40.0,55.0,18.0,22.0,10.0,12.5,66.0,-24.0,-10.0,304.0,True,False,FAIL_GEOMETRY,CENTER_GAP_ENGAGEMENT_OR_WIDTH
S12-C6-LARGE-STUB10-SHIFT15-RES2,12,C6,COUPLING_LARGE,40.0,55.0,18.0,22.0,10.0,15.0,71.0,-19.0,-10.0,309.0,True,False,FAIL_GEOMETRY,CENTER_GAP_ENGAGEMENT_OR_WIDTH
S12-C6-LARGE-STUB12.5-SHIFT0-RES2,12,C6,COUPLING_LARGE,40.0,55.0,18.0,22.0,12.5,0.0,36.0,-49.0,-7.5,290.0,True,False,FAIL_GEOMETRY,CENTER_GAP_ENGAGEMENT_OR_WIDTH
S12-C6-LARGE-STUB12.5-SHIFT2.5-RES2,12,C6,COUPLING_LARGE,40.0,55.0,18.0,22.0,12.5,2.5,41.0,-44.0,-7.5,290.0,True,False,FAIL_GEOMETRY,CENTER_GAP_ENGAGEMENT_OR_WIDTH
S12-C6-LARGE-STUB12.5-SHIFT5-RES2,12,C6,COUPLING_LARGE,40.0,55.0,18.0,22.0,12.5,5.0,46.0,-39.0,-7.5,290.0,True,False,FAIL_GEOMETRY,CENTER_GAP_ENGAGEMENT_OR_WIDTH
S12-C6-LARGE-STUB12.5-SHIFT7.5-RES2,12,C6,COUPLING_LARGE,40.0,55.0,18.0,22.0,12.5,7.5,51.0,-34.0,-7.5,294.0,True,False,FAIL_GEOMETRY,CENTER_GAP_ENGAGEMENT_OR_WIDTH
S12-C6-LARGE-STUB12.5-SHIFT10-RES2,12,C6,COUPLING_LARGE,40.0,55.0,18.0,22.0,12.5,10.0,56.0,-29.0,-7.5,299.0,True,False,FAIL_GEOMETRY,CENTER_GAP_ENGAGEMENT_OR_WIDTH
S12-C6-LARGE-STUB12.5-SHIFT12.5-RES2,12,C6,COUPLING_LARGE,40.0,55.0,18.0,22.0,12.5,12.5,61.0,-24.0,-7.5,304.0,True,False,FAIL_GEOMETRY,CENTER_GAP_ENGAGEMENT_OR_WIDTH
S12-C6-LARGE-STUB12.5-SHIFT15-RES2,12,C6,COUPLING_LARGE,40.0,55.0,18.0,22.0,12.5,15.0,66.0,-19.0,-7.5,309.0,True,False,FAIL_GEOMETRY,CENTER_GAP_ENGAGEMENT_OR_WIDTH
S12-C6-LARGE-STUB15-SHIFT0-RES2,12,C6,COUPLING_LARGE,40.0,55.0,18.0,22.0,15.0,0.0,31.0,-49.0,-5.0,290.0,True,False,FAIL_GEOMETRY,CENTER_GAP_ENGAGEMENT_OR_WIDTH
S12-C6-LARGE-STUB15-SHIFT2.5-RES2,12,C6,COUPLING_LARGE,40.0,55.0,18.0,22.0,15.0,2.5,36.0,-44.0,-5.0,290.0,True,False,FAIL_GEOMETRY,CENTER_GAP_ENGAGEMENT_OR_WIDTH
S12-C6-LARGE-STUB15-SHIFT5-RES2,12,C6,COUPLING_LARGE,40.0,55.0,18.0,22.0,15.0,5.0,41.0,-39.0,-5.0,290.0,True,False,FAIL_GEOMETRY,CENTER_GAP_ENGAGEMENT_OR_WIDTH
S12-C6-LARGE-STUB15-SHIFT7.5-RES2,12,C6,COUPLING_LARGE,40.0,55.0,18.0,22.0,15.0,7.5,46.0,-34.0,-5.0,294.0,True,False,FAIL_GEOMETRY,CENTER_GAP_ENGAGEMENT_OR_WIDTH
S12-C6-LARGE-STUB15-SHIFT10-RES2,12,C6,COUPLING_LARGE,40.0,55.0,18.0,22.0,15.0,10.0,51.0,-29.0,-5.0,299.0,True,False,FAIL_GEOMETRY,CENTER_GAP_ENGAGEMENT_OR_WIDTH
S12-C6-LARGE-STUB15-SHIFT12.5-RES2,12,C6,COUPLING_LARGE,40.0,55.0,18.0,22.0,15.0,12.5,56.0,-24.0,-5.0,304.0,True,False,FAIL_GEOMETRY,CENTER_GAP_ENGAGEMENT_OR_WIDTH
S12-C6-LARGE-STUB15-SHIFT15-RES2,12,C6,COUPLING_LARGE,40.0,55.0,18.0,22.0,15.0,15.0,61.0,-19.0,-5.0,309.0,True,False,FAIL_GEOMETRY,CENTER_GAP_ENGAGEMENT_OR_WIDTH
S12-C6-LARGE-STUB17.5-SHIFT0-RES2,12,C6,COUPLING_LARGE,40.0,55.0,18.0,22.0,17.5,0.0,26.0,-49.0,-2.5,290.0,True,False,FAIL_GEOMETRY,CENTER_GAP_ENGAGEMENT_OR_WIDTH
S12-C6-LARGE-STUB17.5-SHIFT2.5-RES2,12,C6,COUPLING_LARGE,40.0,55.0,18.0,22.0,17.5,2.5,31.0,-44.0,-2.5,290.0,True,False,FAIL_GEOMETRY,CENTER_GAP_ENGAGEMENT_OR_WIDTH
S12-C6-LARGE-STUB17.5-SHIFT5-RES2,12,C6,COUPLING_LARGE,40.0,55.0,18.0,22.0,17.5,5.0,36.0,-39.0,-2.5,290.0,True,False,FAIL_GEOMETRY,CENTER_GAP_ENGAGEMENT_OR_WIDTH
S12-C6-LARGE-STUB17.5-SHIFT7.5-RES2,12,C6,COUPLING_LARGE,40.0,55.0,18.0,22.0,17.5,7.5,41.0,-34.0,-2.5,294.0,True,False,FAIL_GEOMETRY,CENTER_GAP_ENGAGEMENT_OR_WIDTH
S12-C6-LARGE-STUB17.5-SHIFT10-RES2,12,C6,COUPLING_LARGE,40.0,55.0,18.0,22.0,17.5,10.0,46.0,-29.0,-2.5,299.0,True,False,FAIL_GEOMETRY,CENTER_GAP_ENGAGEMENT_OR_WIDTH
S12-C6-LARGE-STUB17.5-SHIFT12.5-RES2,12,C6,COUPLING_LARGE,40.0,55.0,18.0,22.0,17.5,12.5,51.0,-24.0,-2.5,304.0,True,False,FAIL_GEOMETRY,CENTER_GAP_ENGAGEMENT_OR_WIDTH
S12-C6-LARGE-STUB17.5-SHIFT15-RES2,12,C6,COUPLING_LARGE,40.0,55.0,18.0,22.0,17.5,15.0,56.0,-19.0,-2.5,309.0,True,False,FAIL_GEOMETRY,CENTER_GAP_ENGAGEMENT_OR_WIDTH
S12-C6-LARGE-STUB20-SHIFT0-RES2,12,C6,COUPLING_LARGE,40.0,55.0,18.0,22.0,20.0,0.0,21.0,-49.0,0.0,290.0,True,False,FAIL_GEOMETRY,CENTER_GAP_ENGAGEMENT_OR_WIDTH
S12-C6-LARGE-STUB20-SHIFT2.5-RES2,12,C6,COUPLING_LARGE,40.0,55.0,18.0,22.0,20.0,2.5,26.0,-44.0,0.0,290.0,True,False,FAIL_GEOMETRY,CENTER_GAP_ENGAGEMENT_OR_WIDTH
S12-C6-LARGE-STUB20-SHIFT5-RES2,12,C6,COUPLING_LARGE,40.0,55.0,18.0,22.0,20.0,5.0,31.0,-39.0,0.0,290.0,True,False,FAIL_GEOMETRY,CENTER_GAP_ENGAGEMENT_OR_WIDTH
S12-C6-LARGE-STUB20-SHIFT7.5-RES2,12,C6,COUPLING_LARGE,40.0,55.0,18.0,22.0,20.0,7.5,36.0,-34.0,0.0,294.0,True,False,FAIL_GEOMETRY,CENTER_GAP_ENGAGEMENT_OR_WIDTH
S12-C6-LARGE-STUB20-SHIFT10-RES2,12,C6,COUPLING_LARGE,40.0,55.0,18.0,22.0,20.0,10.0,41.0,-29.0,0.0,299.0,True,False,FAIL_GEOMETRY,CENTER_GAP_ENGAGEMENT_OR_WIDTH
S12-C6-LARGE-STUB20-SHIFT12.5-RES2,12,C6,COUPLING_LARGE,40.0,55.0,18.0,22.0,20.0,12.5,46.0,-24.0,0.0,304.0,True,False,FAIL_GEOMETRY,CENTER_GAP_ENGAGEMENT_OR_WIDTH
S12-C6-LARGE-STUB20-SHIFT15-RES2,12,C6,COUPLING_LARGE,40.0,55.0,18.0,22.0,20.0,15.0,51.0,-19.0,0.0,309.0,True,False,FAIL_GEOMETRY,CENTER_GAP_ENGAGEMENT_OR_WIDTH
S12-C6-LARGE-STUB25-SHIFT0-RES2,12,C6,COUPLING_LARGE,40.0,55.0,18.0,22.0,25.0,0.0,11.0,-49.0,5.0,290.0,True,False,FAIL_GEOMETRY,CENTER_GAP_ENGAGEMENT_OR_WIDTH
S12-C6-LARGE-STUB25-SHIFT2.5-RES2,12,C6,COUPLING_LARGE,40.0,55.0,18.0,22.0,25.0,2.5,16.0,-44.0,5.0,290.0,True,False,FAIL_GEOMETRY,CENTER_GAP_ENGAGEMENT_OR_WIDTH
S12-C6-LARGE-STUB25-SHIFT5-RES2,12,C6,COUPLING_LARGE,40.0,55.0,18.0,22.0,25.0,5.0,21.0,-39.0,5.0,290.0,True,False,FAIL_GEOMETRY,CENTER_GAP_ENGAGEMENT_OR_WIDTH
S12-C6-LARGE-STUB25-SHIFT7.5-RES2,12,C6,COUPLING_LARGE,40.0,55.0,18.0,22.0,25.0,7.5,26.0,-34.0,5.0,294.0,True,False,FAIL_GEOMETRY,CENTER_GAP_ENGAGEMENT_OR_WIDTH
S12-C6-LARGE-STUB25-SHIFT10-RES2,12,C6,COUPLING_LARGE,40.0,55.0,18.0,22.0,25.0,10.0,31.0,-29.0,5.0,299.0,True,False,FAIL_GEOMETRY,CENTER_GAP_ENGAGEMENT_OR_WIDTH
S12-C6-LARGE-STUB25-SHIFT12.5-RES2,12,C6,COUPLING_LARGE,40.0,55.0,18.0,22.0,25.0,12.5,36.0,-24.0,5.0,304.0,True,False,FAIL_GEOMETRY,CENTER_GAP_ENGAGEMENT_OR_WIDTH
S12-C6-LARGE-STUB25-SHIFT15-RES2,12,C6,COUPLING_LARGE,40.0,55.0,18.0,22.0,25.0,15.0,41.0,-19.0,5.0,309.0,True,False,FAIL_GEOMETRY,CENTER_GAP_ENGAGEMENT_OR_WIDTH
S12-C6-LARGE-STUB30-SHIFT0-RES2,12,C6,COUPLING_LARGE,40.0,55.0,18.0,22.0,30.0,0.0,1.0,-49.0,10.0,290.0,True,False,FAIL_GEOMETRY,CENTER_GAP_ENGAGEMENT_OR_WIDTH
S12-C6-LARGE-STUB30-SHIFT2.5-RES2,12,C6,COUPLING_LARGE,40.0,55.0,18.0,22.0,30.0,2.5,6.0,-44.0,10.0,290.0,True,False,FAIL_GEOMETRY,CENTER_GAP_ENGAGEMENT_OR_WIDTH
S12-C6-LARGE-STUB30-SHIFT5-RES2,12,C6,COUPLING_LARGE,40.0,55.0,18.0,22.0,30.0,5.0,11.0,-39.0,10.0,290.0,True,False,FAIL_GEOMETRY,CENTER_GAP_ENGAGEMENT_OR_WIDTH
S12-C6-LARGE-STUB30-SHIFT7.5-RES2,12,C6,COUPLING_LARGE,40.0,55.0,18.0,22.0,30.0,7.5,16.0,-34.0,10.0,294.0,True,False,FAIL_GEOMETRY,CENTER_GAP_ENGAGEMENT_OR_WIDTH
S12-C6-LARGE-STUB30-SHIFT10-RES2,12,C6,COUPLING_LARGE,40.0,55.0,18.0,22.0,30.0,10.0,21.0,-29.0,10.0,299.0,True,False,FAIL_GEOMETRY,CENTER_GAP_ENGAGEMENT_OR_WIDTH
S12-C6-LARGE-STUB30-SHIFT12.5-RES2,12,C6,COUPLING_LARGE,40.0,55.0,18.0,22.0,30.0,12.5,26.0,-24.0,10.0,304.0,True,False,FAIL_GEOMETRY,CENTER_GAP_ENGAGEMENT_OR_WIDTH
S12-C6-LARGE-STUB30-SHIFT15-RES2,12,C6,COUPLING_LARGE,40.0,55.0,18.0,22.0,30.0,15.0,31.0,-19.0,10.0,309.0,True,False,FAIL_GEOMETRY,CENTER_GAP_ENGAGEMENT_OR_WIDTH
S12-C6-XL-STUB5-SHIFT0-RES2,12,C6,COUPLING_XL,50.0,70.0,25.0,30.0,5.0,0.0,51.0,-79.0,-22.0,290.0,True,False,FAIL_GEOMETRY,CENTER_GAP_ENGAGEMENT_OR_WIDTH
S12-C6-XL-STUB5-SHIFT2.5-RES2,12,C6,COUPLING_XL,50.0,70.0,25.0,30.0,5.0,2.5,56.0,-74.0,-22.0,290.0,True,False,FAIL_GEOMETRY,CENTER_GAP_ENGAGEMENT_OR_WIDTH
S12-C6-XL-STUB5-SHIFT5-RES2,12,C6,COUPLING_XL,50.0,70.0,25.0,30.0,5.0,5.0,61.0,-69.0,-22.0,290.0,True,False,FAIL_GEOMETRY,CENTER_GAP_ENGAGEMENT_OR_WIDTH
S12-C6-XL-STUB5-SHIFT7.5-RES2,12,C6,COUPLING_XL,50.0,70.0,25.0,30.0,5.0,7.5,66.0,-64.0,-22.0,294.0,True,False,FAIL_GEOMETRY,CENTER_GAP_ENGAGEMENT_OR_WIDTH
S12-C6-XL-STUB5-SHIFT10-RES2,12,C6,COUPLING_XL,50.0,70.0,25.0,30.0,5.0,10.0,71.0,-59.0,-22.0,299.0,True,False,FAIL_GEOMETRY,CENTER_GAP_ENGAGEMENT_OR_WIDTH
S12-C6-XL-STUB5-SHIFT12.5-RES2,12,C6,COUPLING_XL,50.0,70.0,25.0,30.0,5.0,12.5,76.0,-54.0,-22.0,304.0,True,False,FAIL_GEOMETRY,CENTER_GAP_ENGAGEMENT_OR_WIDTH
S12-C6-XL-STUB5-SHIFT15-RES2,12,C6,COUPLING_XL,50.0,70.0,25.0,30.0,5.0,15.0,81.0,-49.0,-22.0,309.0,True,False,FAIL_GEOMETRY,CENTER_GAP_ENGAGEMENT_OR_WIDTH
S12-C6-XL-STUB7.5-SHIFT0-RES2,12,C6,COUPLING_XL,50.0,70.0,25.0,30.0,7.5,0.0,46.0,-79.0,-19.5,290.0,True,False,FAIL_GEOMETRY,CENTER_GAP_ENGAGEMENT_OR_WIDTH
S12-C6-XL-STUB7.5-SHIFT2.5-RES2,12,C6,COUPLING_XL,50.0,70.0,25.0,30.0,7.5,2.5,51.0,-74.0,-19.5,290.0,True,False,FAIL_GEOMETRY,CENTER_GAP_ENGAGEMENT_OR_WIDTH
S12-C6-XL-STUB7.5-SHIFT5-RES2,12,C6,COUPLING_XL,50.0,70.0,25.0,30.0,7.5,5.0,56.0,-69.0,-19.5,290.0,True,False,FAIL_GEOMETRY,CENTER_GAP_ENGAGEMENT_OR_WIDTH
S12-C6-XL-STUB7.5-SHIFT7.5-RES2,12,C6,COUPLING_XL,50.0,70.0,25.0,30.0,7.5,7.5,61.0,-64.0,-19.5,294.0,True,False,FAIL_GEOMETRY,CENTER_GAP_ENGAGEMENT_OR_WIDTH
S12-C6-XL-STUB7.5-SHIFT10-RES2,12,C6,COUPLING_XL,50.0,70.0,25.0,30.0,7.5,10.0,66.0,-59.0,-19.5,299.0,True,False,FAIL_GEOMETRY,CENTER_GAP_ENGAGEMENT_OR_WIDTH
S12-C6-XL-STUB7.5-SHIFT12.5-RES2,12,C6,COUPLING_XL,50.0,70.0,25.0,30.0,7.5,12.5,71.0,-54.0,-19.5,304.0,True,False,FAIL_GEOMETRY,CENTER_GAP_ENGAGEMENT_OR_WIDTH
S12-C6-XL-STUB7.5-SHIFT15-RES2,12,C6,COUPLING_XL,50.0,70.0,25.0,30.0,7.5,15.0,76.0,-49.0,-19.5,309.0,True,False,FAIL_GEOMETRY,CENTER_GAP_ENGAGEMENT_OR_WIDTH
S12-C6-XL-STUB10-SHIFT0-RES2,12,C6,COUPLING_XL,50.0,70.0,25.0,30.0,10.0,0.0,41.0,-79.0,-17.0,290.0,True,False,FAIL_GEOMETRY,CENTER_GAP_ENGAGEMENT_OR_WIDTH
S12-C6-XL-STUB10-SHIFT2.5-RES2,12,C6,COUPLING_XL,50.0,70.0,25.0,30.0,10.0,2.5,46.0,-74.0,-17.0,290.0,True,False,FAIL_GEOMETRY,CENTER_GAP_ENGAGEMENT_OR_WIDTH
S12-C6-XL-STUB10-SHIFT5-RES2,12,C6,COUPLING_XL,50.0,70.0,25.0,30.0,10.0,5.0,51.0,-69.0,-17.0,290.0,True,False,FAIL_GEOMETRY,CENTER_GAP_ENGAGEMENT_OR_WIDTH
S12-C6-XL-STUB10-SHIFT7.5-RES2,12,C6,COUPLING_XL,50.0,70.0,25.0,30.0,10.0,7.5,56.0,-64.0,-17.0,294.0,True,False,FAIL_GEOMETRY,CENTER_GAP_ENGAGEMENT_OR_WIDTH
S12-C6-XL-STUB10-SHIFT10-RES2,12,C6,COUPLING_XL,50.0,70.0,25.0,30.0,10.0,10.0,61.0,-59.0,-17.0,299.0,True,False,FAIL_GEOMETRY,CENTER_GAP_ENGAGEMENT_OR_WIDTH
S12-C6-XL-STUB10-SHIFT12.5-RES2,12,C6,COUPLING_XL,50.0,70.0,25.0,30.0,10.0,12.5,66.0,-54.0,-17.0,304.0,True,False,FAIL_GEOMETRY,CENTER_GAP_ENGAGEMENT_OR_WIDTH
S12-C6-XL-STUB10-SHIFT15-RES2,12,C6,COUPLING_XL,50.0,70.0,25.0,30.0,10.0,15.0,71.0,-49.0,-17.0,309.0,True,False,FAIL_GEOMETRY,CENTER_GAP_ENGAGEMENT_OR_WIDTH
S12-C6-XL-STUB12.5-SHIFT0-RES2,12,C6,COUPLING_XL,50.0,70.0,25.0,30.0,12.5,0.0,36.0,-79.0,-14.5,290.0,True,False,FAIL_GEOMETRY,CENTER_GAP_ENGAGEMENT_OR_WIDTH
S12-C6-XL-STUB12.5-SHIFT2.5-RES2,12,C6,COUPLING_XL,50.0,70.0,25.0,30.0,12.5,2.5,41.0,-74.0,-14.5,290.0,True,False,FAIL_GEOMETRY,CENTER_GAP_ENGAGEMENT_OR_WIDTH
S12-C6-XL-STUB12.5-SHIFT5-RES2,12,C6,COUPLING_XL,50.0,70.0,25.0,30.0,12.5,5.0,46.0,-69.0,-14.5,290.0,True,False,FAIL_GEOMETRY,CENTER_GAP_ENGAGEMENT_OR_WIDTH
S12-C6-XL-STUB12.5-SHIFT7.5-RES2,12,C6,COUPLING_XL,50.0,70.0,25.0,30.0,12.5,7.5,51.0,-64.0,-14.5,294.0,True,False,FAIL_GEOMETRY,CENTER_GAP_ENGAGEMENT_OR_WIDTH
S12-C6-XL-STUB12.5-SHIFT10-RES2,12,C6,COUPLING_XL,50.0,70.0,25.0,30.0,12.5,10.0,56.0,-59.0,-14.5,299.0,True,False,FAIL_GEOMETRY,CENTER_GAP_ENGAGEMENT_OR_WIDTH
S12-C6-XL-STUB12.5-SHIFT12.5-RES2,12,C6,COUPLING_XL,50.0,70.0,25.0,30.0,12.5,12.5,61.0,-54.0,-14.5,304.0,True,False,FAIL_GEOMETRY,CENTER_GAP_ENGAGEMENT_OR_WIDTH
S12-C6-XL-STUB12.5-SHIFT15-RES2,12,C6,COUPLING_XL,50.0,70.0,25.0,30.0,12.5,15.0,66.0,-49.0,-14.5,309.0,True,False,FAIL_GEOMETRY,CENTER_GAP_ENGAGEMENT_OR_WIDTH
S12-C6-XL-STUB15-SHIFT0-RES2,12,C6,COUPLING_XL,50.0,70.0,25.0,30.0,15.0,0.0,31.0,-79.0,-12.0,290.0,True,False,FAIL_GEOMETRY,CENTER_GAP_ENGAGEMENT_OR_WIDTH
S12-C6-XL-STUB15-SHIFT2.5-RES2,12,C6,COUPLING_XL,50.0,70.0,25.0,30.0,15.0,2.5,36.0,-74.0,-12.0,290.0,True,False,FAIL_GEOMETRY,CENTER_GAP_ENGAGEMENT_OR_WIDTH
S12-C6-XL-STUB15-SHIFT5-RES2,12,C6,COUPLING_XL,50.0,70.0,25.0,30.0,15.0,5.0,41.0,-69.0,-12.0,290.0,True,False,FAIL_GEOMETRY,CENTER_GAP_ENGAGEMENT_OR_WIDTH
S12-C6-XL-STUB15-SHIFT7.5-RES2,12,C6,COUPLING_XL,50.0,70.0,25.0,30.0,15.0,7.5,46.0,-64.0,-12.0,294.0,True,False,FAIL_GEOMETRY,CENTER_GAP_ENGAGEMENT_OR_WIDTH
S12-C6-XL-STUB15-SHIFT10-RES2,12,C6,COUPLING_XL,50.0,70.0,25.0,30.0,15.0,10.0,51.0,-59.0,-12.0,299.0,True,False,FAIL_GEOMETRY,CENTER_GAP_ENGAGEMENT_OR_WIDTH
S12-C6-XL-STUB15-SHIFT12.5-RES2,12,C6,COUPLING_XL,50.0,70.0,25.0,30.0,15.0,12.5,56.0,-54.0,-12.0,304.0,True,False,FAIL_GEOMETRY,CENTER_GAP_ENGAGEMENT_OR_WIDTH
S12-C6-XL-STUB15-SHIFT15-RES2,12,C6,COUPLING_XL,50.0,70.0,25.0,30.0,15.0,15.0,61.0,-49.0,-12.0,309.0,True,False,FAIL_GEOMETRY,CENTER_GAP_ENGAGEMENT_OR_WIDTH
S12-C6-XL-STUB17.5-SHIFT0-RES2,12,C6,COUPLING_XL,50.0,70.0,25.0,30.0,17.5,0.0,26.0,-79.0,-9.5,290.0,True,False,FAIL_GEOMETRY,CENTER_GAP_ENGAGEMENT_OR_WIDTH
S12-C6-XL-STUB17.5-SHIFT2.5-RES2,12,C6,COUPLING_XL,50.0,70.0,25.0,30.0,17.5,2.5,31.0,-74.0,-9.5,290.0,True,False,FAIL_GEOMETRY,CENTER_GAP_ENGAGEMENT_OR_WIDTH
S12-C6-XL-STUB17.5-SHIFT5-RES2,12,C6,COUPLING_XL,50.0,70.0,25.0,30.0,17.5,5.0,36.0,-69.0,-9.5,290.0,True,False,FAIL_GEOMETRY,CENTER_GAP_ENGAGEMENT_OR_WIDTH
S12-C6-XL-STUB17.5-SHIFT7.5-RES2,12,C6,COUPLING_XL,50.0,70.0,25.0,30.0,17.5,7.5,41.0,-64.0,-9.5,294.0,True,False,FAIL_GEOMETRY,CENTER_GAP_ENGAGEMENT_OR_WIDTH
S12-C6-XL-STUB17.5-SHIFT10-RES2,12,C6,COUPLING_XL,50.0,70.0,25.0,30.0,17.5,10.0,46.0,-59.0,-9.5,299.0,True,False,FAIL_GEOMETRY,CENTER_GAP_ENGAGEMENT_OR_WIDTH
S12-C6-XL-STUB17.5-SHIFT12.5-RES2,12,C6,COUPLING_XL,50.0,70.0,25.0,30.0,17.5,12.5,51.0,-54.0,-9.5,304.0,True,False,FAIL_GEOMETRY,CENTER_GAP_ENGAGEMENT_OR_WIDTH
S12-C6-XL-STUB17.5-SHIFT15-RES2,12,C6,COUPLING_XL,50.0,70.0,25.0,30.0,17.5,15.0,56.0,-49.0,-9.5,309.0,True,False,FAIL_GEOMETRY,CENTER_GAP_ENGAGEMENT_OR_WIDTH
S12-C6-XL-STUB20-SHIFT0-RES2,12,C6,COUPLING_XL,50.0,70.0,25.0,30.0,20.0,0.0,21.0,-79.0,-7.0,290.0,True,False,FAIL_GEOMETRY,CENTER_GAP_ENGAGEMENT_OR_WIDTH
S12-C6-XL-STUB20-SHIFT2.5-RES2,12,C6,COUPLING_XL,50.0,70.0,25.0,30.0,20.0,2.5,26.0,-74.0,-7.0,290.0,True,False,FAIL_GEOMETRY,CENTER_GAP_ENGAGEMENT_OR_WIDTH
S12-C6-XL-STUB20-SHIFT5-RES2,12,C6,COUPLING_XL,50.0,70.0,25.0,30.0,20.0,5.0,31.0,-69.0,-7.0,290.0,True,False,FAIL_GEOMETRY,CENTER_GAP_ENGAGEMENT_OR_WIDTH
S12-C6-XL-STUB20-SHIFT7.5-RES2,12,C6,COUPLING_XL,50.0,70.0,25.0,30.0,20.0,7.5,36.0,-64.0,-7.0,294.0,True,False,FAIL_GEOMETRY,CENTER_GAP_ENGAGEMENT_OR_WIDTH
S12-C6-XL-STUB20-SHIFT10-RES2,12,C6,COUPLING_XL,50.0,70.0,25.0,30.0,20.0,10.0,41.0,-59.0,-7.0,299.0,True,False,FAIL_GEOMETRY,CENTER_GAP_ENGAGEMENT_OR_WIDTH
S12-C6-XL-STUB20-SHIFT12.5-RES2,12,C6,COUPLING_XL,50.0,70.0,25.0,30.0,20.0,12.5,46.0,-54.0,-7.0,304.0,True,False,FAIL_GEOMETRY,CENTER_GAP_ENGAGEMENT_OR_WIDTH
S12-C6-XL-STUB20-SHIFT15-RES2,12,C6,COUPLING_XL,50.0,70.0,25.0,30.0,20.0,15.0,51.0,-49.0,-7.0,309.0,True,False,FAIL_GEOMETRY,CENTER_GAP_ENGAGEMENT_OR_WIDTH
S12-C6-XL-STUB25-SHIFT0-RES2,12,C6,COUPLING_XL,50.0,70.0,25.0,30.0,25.0,0.0,11.0,-79.0,-2.0,290.0,True,False,FAIL_GEOMETRY,CENTER_GAP_ENGAGEMENT_OR_WIDTH
S12-C6-XL-STUB25-SHIFT2.5-RES2,12,C6,COUPLING_XL,50.0,70.0,25.0,30.0,25.0,2.5,16.0,-74.0,-2.0,290.0,True,False,FAIL_GEOMETRY,CENTER_GAP_ENGAGEMENT_OR_WIDTH
S12-C6-XL-STUB25-SHIFT5-RES2,12,C6,COUPLING_XL,50.0,70.0,25.0,30.0,25.0,5.0,21.0,-69.0,-2.0,290.0,True,False,FAIL_GEOMETRY,CENTER_GAP_ENGAGEMENT_OR_WIDTH
S12-C6-XL-STUB25-SHIFT7.5-RES2,12,C6,COUPLING_XL,50.0,70.0,25.0,30.0,25.0,7.5,26.0,-64.0,-2.0,294.0,True,False,FAIL_GEOMETRY,CENTER_GAP_ENGAGEMENT_OR_WIDTH
S12-C6-XL-STUB25-SHIFT10-RES2,12,C6,COUPLING_XL,50.0,70.0,25.0,30.0,25.0,10.0,31.0,-59.0,-2.0,299.0,True,False,FAIL_GEOMETRY,CENTER_GAP_ENGAGEMENT_OR_WIDTH
S12-C6-XL-STUB25-SHIFT12.5-RES2,12,C6,COUPLING_XL,50.0,70.0,25.0,30.0,25.0,12.5,36.0,-54.0,-2.0,304.0,True,False,FAIL_GEOMETRY,CENTER_GAP_ENGAGEMENT_OR_WIDTH
S12-C6-XL-STUB25-SHIFT15-RES2,12,C6,COUPLING_XL,50.0,70.0,25.0,30.0,25.0,15.0,41.0,-49.0,-2.0,309.0,True,False,FAIL_GEOMETRY,CENTER_GAP_ENGAGEMENT_OR_WIDTH
S12-C6-XL-STUB30-SHIFT0-RES2,12,C6,COUPLING_XL,50.0,70.0,25.0,30.0,30.0,0.0,1.0,-79.0,3.0,290.0,True,False,FAIL_GEOMETRY,CENTER_GAP_ENGAGEMENT_OR_WIDTH
S12-C6-XL-STUB30-SHIFT2.5-RES2,12,C6,COUPLING_XL,50.0,70.0,25.0,30.0,30.0,2.5,6.0,-74.0,3.0,290.0,True,False,FAIL_GEOMETRY,CENTER_GAP_ENGAGEMENT_OR_WIDTH
S12-C6-XL-STUB30-SHIFT5-RES2,12,C6,COUPLING_XL,50.0,70.0,25.0,30.0,30.0,5.0,11.0,-69.0,3.0,290.0,True,False,FAIL_GEOMETRY,CENTER_GAP_ENGAGEMENT_OR_WIDTH
S12-C6-XL-STUB30-SHIFT7.5-RES2,12,C6,COUPLING_XL,50.0,70.0,25.0,30.0,30.0,7.5,16.0,-64.0,3.0,294.0,True,False,FAIL_GEOMETRY,CENTER_GAP_ENGAGEMENT_OR_WIDTH
S12-C6-XL-STUB30-SHIFT10-RES2,12,C6,COUPLING_XL,50.0,70.0,25.0,30.0,30.0,10.0,21.0,-59.0,3.0,299.0,True,False,FAIL_GEOMETRY,CENTER_GAP_ENGAGEMENT_OR_WIDTH
S12-C6-XL-STUB30-SHIFT12.5-RES2,12,C6,COUPLING_XL,50.0,70.0,25.0,30.0,30.0,12.5,26.0,-54.0,3.0,304.0,True,False,FAIL_GEOMETRY,CENTER_GAP_ENGAGEMENT_OR_WIDTH
S12-C6-XL-STUB30-SHIFT15-RES2,12,C6,COUPLING_XL,50.0,70.0,25.0,30.0,30.0,15.0,31.0,-49.0,3.0,309.0,True,False,FAIL_GEOMETRY,CENTER_GAP_ENGAGEMENT_OR_WIDTH
