analysis_scope,side,opposite_protrusion_mm,pulley_runout_mm,left_inner_centerward_error_mm,right_inner_centerward_error_mm,kp000_placement_error_mm,pulley_placement_error_mm,frame_deflection_mm,belt_wander_mm,relative_axial_error_mm,center_residual_mm,belt_nominal_mm,belt_residual_mm,pulley_nominal_mm,pulley_residual_mm,status,failure_reason
CENTER_BILATERAL,LEFT_AND_RIGHT,,,-1.0,-1.0,,,,,,11.0,,,,,PASS_BOUNDARY,
CENTER_BILATERAL,LEFT_AND_RIGHT,,,-1.0,0.0,,,,,,10.0,,,,,PASS_BOUNDARY,
CENTER_BILATERAL,LEFT_AND_RIGHT,,,-1.0,1.0,,,,,,9.0,,,,,PASS_BOUNDARY,
CENTER_BILATERAL,LEFT_AND_RIGHT,,,0.0,-1.0,,,,,,10.0,,,,,PASS_BOUNDARY,
CENTER_BILATERAL,LEFT_AND_RIGHT,,,0.0,0.0,,,,,,9.0,,,,,PASS_BOUNDARY,
CENTER_BILATERAL,LEFT_AND_RIGHT,,,0.0,1.0,,,,,,8.0,,,,,PASS_BOUNDARY,
CENTER_BILATERAL,LEFT_AND_RIGHT,,,1.0,-1.0,,,,,,9.0,,,,,PASS_BOUNDARY,
CENTER_BILATERAL,LEFT_AND_RIGHT,,,1.0,0.0,,,,,,8.0,,,,,PASS_BOUNDARY,
CENTER_BILATERAL,LEFT_AND_RIGHT,,,1.0,1.0,,,,,,7.0,,,,,PASS_BOUNDARY,
INNER_SIDE,LEFT,0,0.0,,,-1.0,-1.0,0.0,0.0,0.0,,20.25,20.25,20.75,20.75,PASS_BOUNDARY,
INNER_SIDE,LEFT,0,0.0,,,-1.0,-1.0,0.0,1.0,0.0,,20.25,19.25,20.75,20.75,PASS_BOUNDARY,
INNER_SIDE,LEFT,0,0.0,,,-1.0,-1.0,0.0,2.0,0.0,,20.25,18.25,20.75,20.75,PASS_BOUNDARY,
INNER_SIDE,LEFT,0,0.0,,,-1.0,-1.0,1.0,0.0,0.0,,20.25,19.25,20.75,20.75,PASS_BOUNDARY,
INNER_SIDE,LEFT,0,0.0,,,-1.0,-1.0,1.0,1.0,0.0,,20.25,18.25,20.75,20.75,PASS_BOUNDARY,
INNER_SIDE,LEFT,0,0.0,,,-1.0,-1.0,1.0,2.0,0.0,,20.25,17.25,20.75,20.75,PASS_BOUNDARY,
INNER_SIDE,LEFT,0,0.0,,,-1.0,-1.0,2.0,0.0,0.0,,20.25,18.25,20.75,20.75,PASS_BOUNDARY,
INNER_SIDE,LEFT,0,0.0,,,-1.0,-1.0,2.0,1.0,0.0,,20.25,17.25,20.75,20.75,PASS_BOUNDARY,
INNER_SIDE,LEFT,0,0.0,,,-1.0,-1.0,2.0,2.0,0.0,,20.25,16.25,20.75,20.75,PASS_BOUNDARY,
INNER_SIDE,LEFT,0,0.0,,,-1.0,0.0,0.0,0.0,1.0,,20.25,19.25,20.75,19.75,PASS_BOUNDARY,
INNER_SIDE,LEFT,0,0.0,,,-1.0,0.0,0.0,1.0,1.0,,20.25,18.25,20.75,19.75,PASS_BOUNDARY,
INNER_SIDE,LEFT,0,0.0,,,-1.0,0.0,0.0,2.0,1.0,,20.25,17.25,20.75,19.75,PASS_BOUNDARY,
INNER_SIDE,LEFT,0,0.0,,,-1.0,0.0,1.0,0.0,1.0,,20.25,18.25,20.75,19.75,PASS_BOUNDARY,
INNER_SIDE,LEFT,0,0.0,,,-1.0,0.0,1.0,1.0,1.0,,20.25,17.25,20.75,19.75,PASS_BOUNDARY,
INNER_SIDE,LEFT,0,0.0,,,-1.0,0.0,1.0,2.0,1.0,,20.25,16.25,20.75,19.75,PASS_BOUNDARY,
INNER_SIDE,LEFT,0,0.0,,,-1.0,0.0,2.0,0.0,1.0,,20.25,17.25,20.75,19.75,PASS_BOUNDARY,
INNER_SIDE,LEFT,0,0.0,,,-1.0,0.0,2.0,1.0,1.0,,20.25,16.25,20.75,19.75,PASS_BOUNDARY,
INNER_SIDE,LEFT,0,0.0,,,-1.0,0.0,2.0,2.0,1.0,,20.25,15.25,20.75,19.75,PASS_BOUNDARY,
INNER_SIDE,LEFT,0,0.0,,,-1.0,1.0,0.0,0.0,2.0,,20.25,18.25,20.75,18.75,PASS_BOUNDARY,
INNER_SIDE,LEFT,0,0.0,,,-1.0,1.0,0.0,1.0,2.0,,20.25,17.25,20.75,18.75,PASS_BOUNDARY,
INNER_SIDE,LEFT,0,0.0,,,-1.0,1.0,0.0,2.0,2.0,,20.25,16.25,20.75,18.75,PASS_BOUNDARY,
INNER_SIDE,LEFT,0,0.0,,,-1.0,1.0,1.0,0.0,2.0,,20.25,17.25,20.75,18.75,PASS_BOUNDARY,
INNER_SIDE,LEFT,0,0.0,,,-1.0,1.0,1.0,1.0,2.0,,20.25,16.25,20.75,18.75,PASS_BOUNDARY,
INNER_SIDE,LEFT,0,0.0,,,-1.0,1.0,1.0,2.0,2.0,,20.25,15.25,20.75,18.75,PASS_BOUNDARY,
INNER_SIDE,LEFT,0,0.0,,,-1.0,1.0,2.0,0.0,2.0,,20.25,16.25,20.75,18.75,PASS_BOUNDARY,
INNER_SIDE,LEFT,0,0.0,,,-1.0,1.0,2.0,1.0,2.0,,20.25,15.25,20.75,18.75,PASS_BOUNDARY,
INNER_SIDE,LEFT,0,0.0,,,-1.0,1.0,2.0,2.0,2.0,,20.25,14.25,20.75,18.75,PASS_BOUNDARY,
INNER_SIDE,LEFT,0,0.0,,,0.0,-1.0,0.0,0.0,1.0,,20.25,19.25,20.75,19.75,PASS_BOUNDARY,
INNER_SIDE,LEFT,0,0.0,,,0.0,-1.0,0.0,1.0,1.0,,20.25,18.25,20.75,19.75,PASS_BOUNDARY,
INNER_SIDE,LEFT,0,0.0,,,0.0,-1.0,0.0,2.0,1.0,,20.25,17.25,20.75,19.75,PASS_BOUNDARY,
INNER_SIDE,LEFT,0,0.0,,,0.0,-1.0,1.0,0.0,1.0,,20.25,18.25,20.75,19.75,PASS_BOUNDARY,
INNER_SIDE,LEFT,0,0.0,,,0.0,-1.0,1.0,1.0,1.0,,20.25,17.25,20.75,19.75,PASS_BOUNDARY,
INNER_SIDE,LEFT,0,0.0,,,0.0,-1.0,1.0,2.0,1.0,,20.25,16.25,20.75,19.75,PASS_BOUNDARY,
INNER_SIDE,LEFT,0,0.0,,,0.0,-1.0,2.0,0.0,1.0,,20.25,17.25,20.75,19.75,PASS_BOUNDARY,
INNER_SIDE,LEFT,0,0.0,,,0.0,-1.0,2.0,1.0,1.0,,20.25,16.25,20.75,19.75,PASS_BOUNDARY,
INNER_SIDE,LEFT,0,0.0,,,0.0,-1.0,2.0,2.0,1.0,,20.25,15.25,20.75,19.75,PASS_BOUNDARY,
INNER_SIDE,LEFT,0,0.0,,,0.0,0.0,0.0,0.0,0.0,,20.25,20.25,20.75,20.75,PASS_BOUNDARY,
INNER_SIDE,LEFT,0,0.0,,,0.0,0.0,0.0,1.0,0.0,,20.25,19.25,20.75,20.75,PASS_BOUNDARY,
INNER_SIDE,LEFT,0,0.0,,,0.0,0.0,0.0,2.0,0.0,,20.25,18.25,20.75,20.75,PASS_BOUNDARY,
INNER_SIDE,LEFT,0,0.0,,,0.0,0.0,1.0,0.0,0.0,,20.25,19.25,20.75,20.75,PASS_BOUNDARY,
INNER_SIDE,LEFT,0,0.0,,,0.0,0.0,1.0,1.0,0.0,,20.25,18.25,20.75,20.75,PASS_BOUNDARY,
INNER_SIDE,LEFT,0,0.0,,,0.0,0.0,1.0,2.0,0.0,,20.25,17.25,20.75,20.75,PASS_BOUNDARY,
INNER_SIDE,LEFT,0,0.0,,,0.0,0.0,2.0,0.0,0.0,,20.25,18.25,20.75,20.75,PASS_BOUNDARY,
INNER_SIDE,LEFT,0,0.0,,,0.0,0.0,2.0,1.0,0.0,,20.25,17.25,20.75,20.75,PASS_BOUNDARY,
INNER_SIDE,LEFT,0,0.0,,,0.0,0.0,2.0,2.0,0.0,,20.25,16.25,20.75,20.75,PASS_BOUNDARY,
INNER_SIDE,LEFT,0,0.0,,,0.0,1.0,0.0,0.0,1.0,,20.25,19.25,20.75,19.75,PASS_BOUNDARY,
INNER_SIDE,LEFT,0,0.0,,,0.0,1.0,0.0,1.0,1.0,,20.25,18.25,20.75,19.75,PASS_BOUNDARY,
INNER_SIDE,LEFT,0,0.0,,,0.0,1.0,0.0,2.0,1.0,,20.25,17.25,20.75,19.75,PASS_BOUNDARY,
INNER_SIDE,LEFT,0,0.0,,,0.0,1.0,1.0,0.0,1.0,,20.25,18.25,20.75,19.75,PASS_BOUNDARY,
INNER_SIDE,LEFT,0,0.0,,,0.0,1.0,1.0,1.0,1.0,,20.25,17.25,20.75,19.75,PASS_BOUNDARY,
INNER_SIDE,LEFT,0,0.0,,,0.0,1.0,1.0,2.0,1.0,,20.25,16.25,20.75,19.75,PASS_BOUNDARY,
INNER_SIDE,LEFT,0,0.0,,,0.0,1.0,2.0,0.0,1.0,,20.25,17.25,20.75,19.75,PASS_BOUNDARY,
INNER_SIDE,LEFT,0,0.0,,,0.0,1.0,2.0,1.0,1.0,,20.25,16.25,20.75,19.75,PASS_BOUNDARY,
INNER_SIDE,LEFT,0,0.0,,,0.0,1.0,2.0,2.0,1.0,,20.25,15.25,20.75,19.75,PASS_BOUNDARY,
INNER_SIDE,LEFT,0,0.0,,,1.0,-1.0,0.0,0.0,2.0,,20.25,18.25,20.75,18.75,PASS_BOUNDARY,
INNER_SIDE,LEFT,0,0.0,,,1.0,-1.0,0.0,1.0,2.0,,20.25,17.25,20.75,18.75,PASS_BOUNDARY,
INNER_SIDE,LEFT,0,0.0,,,1.0,-1.0,0.0,2.0,2.0,,20.25,16.25,20.75,18.75,PASS_BOUNDARY,
INNER_SIDE,LEFT,0,0.0,,,1.0,-1.0,1.0,0.0,2.0,,20.25,17.25,20.75,18.75,PASS_BOUNDARY,
INNER_SIDE,LEFT,0,0.0,,,1.0,-1.0,1.0,1.0,2.0,,20.25,16.25,20.75,18.75,PASS_BOUNDARY,
INNER_SIDE,LEFT,0,0.0,,,1.0,-1.0,1.0,2.0,2.0,,20.25,15.25,20.75,18.75,PASS_BOUNDARY,
INNER_SIDE,LEFT,0,0.0,,,1.0,-1.0,2.0,0.0,2.0,,20.25,16.25,20.75,18.75,PASS_BOUNDARY,
INNER_SIDE,LEFT,0,0.0,,,1.0,-1.0,2.0,1.0,2.0,,20.25,15.25,20.75,18.75,PASS_BOUNDARY,
INNER_SIDE,LEFT,0,0.0,,,1.0,-1.0,2.0,2.0,2.0,,20.25,14.25,20.75,18.75,PASS_BOUNDARY,
INNER_SIDE,LEFT,0,0.0,,,1.0,0.0,0.0,0.0,1.0,,20.25,19.25,20.75,19.75,PASS_BOUNDARY,
INNER_SIDE,LEFT,0,0.0,,,1.0,0.0,0.0,1.0,1.0,,20.25,18.25,20.75,19.75,PASS_BOUNDARY,
INNER_SIDE,LEFT,0,0.0,,,1.0,0.0,0.0,2.0,1.0,,20.25,17.25,20.75,19.75,PASS_BOUNDARY,
INNER_SIDE,LEFT,0,0.0,,,1.0,0.0,1.0,0.0,1.0,,20.25,18.25,20.75,19.75,PASS_BOUNDARY,
INNER_SIDE,LEFT,0,0.0,,,1.0,0.0,1.0,1.0,1.0,,20.25,17.25,20.75,19.75,PASS_BOUNDARY,
INNER_SIDE,LEFT,0,0.0,,,1.0,0.0,1.0,2.0,1.0,,20.25,16.25,20.75,19.75,PASS_BOUNDARY,
INNER_SIDE,LEFT,0,0.0,,,1.0,0.0,2.0,0.0,1.0,,20.25,17.25,20.75,19.75,PASS_BOUNDARY,
INNER_SIDE,LEFT,0,0.0,,,1.0,0.0,2.0,1.0,1.0,,20.25,16.25,20.75,19.75,PASS_BOUNDARY,
INNER_SIDE,LEFT,0,0.0,,,1.0,0.0,2.0,2.0,1.0,,20.25,15.25,20.75,19.75,PASS_BOUNDARY,
INNER_SIDE,LEFT,0,0.0,,,1.0,1.0,0.0,0.0,0.0,,20.25,20.25,20.75,20.75,PASS_BOUNDARY,
INNER_SIDE,LEFT,0,0.0,,,1.0,1.0,0.0,1.0,0.0,,20.25,19.25,20.75,20.75,PASS_BOUNDARY,
INNER_SIDE,LEFT,0,0.0,,,1.0,1.0,0.0,2.0,0.0,,20.25,18.25,20.75,20.75,PASS_BOUNDARY,
INNER_SIDE,LEFT,0,0.0,,,1.0,1.0,1.0,0.0,0.0,,20.25,19.25,20.75,20.75,PASS_BOUNDARY,
INNER_SIDE,LEFT,0,0.0,,,1.0,1.0,1.0,1.0,0.0,,20.25,18.25,20.75,20.75,PASS_BOUNDARY,
INNER_SIDE,LEFT,0,0.0,,,1.0,1.0,1.0,2.0,0.0,,20.25,17.25,20.75,20.75,PASS_BOUNDARY,
INNER_SIDE,LEFT,0,0.0,,,1.0,1.0,2.0,0.0,0.0,,20.25,18.25,20.75,20.75,PASS_BOUNDARY,
INNER_SIDE,LEFT,0,0.0,,,1.0,1.0,2.0,1.0,0.0,,20.25,17.25,20.75,20.75,PASS_BOUNDARY,
INNER_SIDE,LEFT,0,0.0,,,1.0,1.0,2.0,2.0,0.0,,20.25,16.25,20.75,20.75,PASS_BOUNDARY,
INNER_SIDE,LEFT,0,0.5,,,-1.0,-1.0,0.0,0.0,0.0,,20.25,20.25,20.75,20.25,PASS_BOUNDARY,
INNER_SIDE,LEFT,0,0.5,,,-1.0,-1.0,0.0,1.0,0.0,,20.25,19.25,20.75,20.25,PASS_BOUNDARY,
INNER_SIDE,LEFT,0,0.5,,,-1.0,-1.0,0.0,2.0,0.0,,20.25,18.25,20.75,20.25,PASS_BOUNDARY,
INNER_SIDE,LEFT,0,0.5,,,-1.0,-1.0,1.0,0.0,0.0,,20.25,19.25,20.75,20.25,PASS_BOUNDARY,
INNER_SIDE,LEFT,0,0.5,,,-1.0,-1.0,1.0,1.0,0.0,,20.25,18.25,20.75,20.25,PASS_BOUNDARY,
INNER_SIDE,LEFT,0,0.5,,,-1.0,-1.0,1.0,2.0,0.0,,20.25,17.25,20.75,20.25,PASS_BOUNDARY,
INNER_SIDE,LEFT,0,0.5,,,-1.0,-1.0,2.0,0.0,0.0,,20.25,18.25,20.75,20.25,PASS_BOUNDARY,
INNER_SIDE,LEFT,0,0.5,,,-1.0,-1.0,2.0,1.0,0.0,,20.25,17.25,20.75,20.25,PASS_BOUNDARY,
INNER_SIDE,LEFT,0,0.5,,,-1.0,-1.0,2.0,2.0,0.0,,20.25,16.25,20.75,20.25,PASS_BOUNDARY,
INNER_SIDE,LEFT,0,0.5,,,-1.0,0.0,0.0,0.0,1.0,,20.25,19.25,20.75,19.25,PASS_BOUNDARY,
INNER_SIDE,LEFT,0,0.5,,,-1.0,0.0,0.0,1.0,1.0,,20.25,18.25,20.75,19.25,PASS_BOUNDARY,
INNER_SIDE,LEFT,0,0.5,,,-1.0,0.0,0.0,2.0,1.0,,20.25,17.25,20.75,19.25,PASS_BOUNDARY,
INNER_SIDE,LEFT,0,0.5,,,-1.0,0.0,1.0,0.0,1.0,,20.25,18.25,20.75,19.25,PASS_BOUNDARY,
INNER_SIDE,LEFT,0,0.5,,,-1.0,0.0,1.0,1.0,1.0,,20.25,17.25,20.75,19.25,PASS_BOUNDARY,
INNER_SIDE,LEFT,0,0.5,,,-1.0,0.0,1.0,2.0,1.0,,20.25,16.25,20.75,19.25,PASS_BOUNDARY,
INNER_SIDE,LEFT,0,0.5,,,-1.0,0.0,2.0,0.0,1.0,,20.25,17.25,20.75,19.25,PASS_BOUNDARY,
INNER_SIDE,LEFT,0,0.5,,,-1.0,0.0,2.0,1.0,1.0,,20.25,16.25,20.75,19.25,PASS_BOUNDARY,
INNER_SIDE,LEFT,0,0.5,,,-1.0,0.0,2.0,2.0,1.0,,20.25,15.25,20.75,19.25,PASS_BOUNDARY,
INNER_SIDE,LEFT,0,0.5,,,-1.0,1.0,0.0,0.0,2.0,,20.25,18.25,20.75,18.25,PASS_BOUNDARY,
INNER_SIDE,LEFT,0,0.5,,,-1.0,1.0,0.0,1.0,2.0,,20.25,17.25,20.75,18.25,PASS_BOUNDARY,
INNER_SIDE,LEFT,0,0.5,,,-1.0,1.0,0.0,2.0,2.0,,20.25,16.25,20.75,18.25,PASS_BOUNDARY,
INNER_SIDE,LEFT,0,0.5,,,-1.0,1.0,1.0,0.0,2.0,,20.25,17.25,20.75,18.25,PASS_BOUNDARY,
INNER_SIDE,LEFT,0,0.5,,,-1.0,1.0,1.0,1.0,2.0,,20.25,16.25,20.75,18.25,PASS_BOUNDARY,
INNER_SIDE,LEFT,0,0.5,,,-1.0,1.0,1.0,2.0,2.0,,20.25,15.25,20.75,18.25,PASS_BOUNDARY,
INNER_SIDE,LEFT,0,0.5,,,-1.0,1.0,2.0,0.0,2.0,,20.25,16.25,20.75,18.25,PASS_BOUNDARY,
INNER_SIDE,LEFT,0,0.5,,,-1.0,1.0,2.0,1.0,2.0,,20.25,15.25,20.75,18.25,PASS_BOUNDARY,
INNER_SIDE,LEFT,0,0.5,,,-1.0,1.0,2.0,2.0,2.0,,20.25,14.25,20.75,18.25,PASS_BOUNDARY,
INNER_SIDE,LEFT,0,0.5,,,0.0,-1.0,0.0,0.0,1.0,,20.25,19.25,20.75,19.25,PASS_BOUNDARY,
INNER_SIDE,LEFT,0,0.5,,,0.0,-1.0,0.0,1.0,1.0,,20.25,18.25,20.75,19.25,PASS_BOUNDARY,
INNER_SIDE,LEFT,0,0.5,,,0.0,-1.0,0.0,2.0,1.0,,20.25,17.25,20.75,19.25,PASS_BOUNDARY,
INNER_SIDE,LEFT,0,0.5,,,0.0,-1.0,1.0,0.0,1.0,,20.25,18.25,20.75,19.25,PASS_BOUNDARY,
INNER_SIDE,LEFT,0,0.5,,,0.0,-1.0,1.0,1.0,1.0,,20.25,17.25,20.75,19.25,PASS_BOUNDARY,
INNER_SIDE,LEFT,0,0.5,,,0.0,-1.0,1.0,2.0,1.0,,20.25,16.25,20.75,19.25,PASS_BOUNDARY,
INNER_SIDE,LEFT,0,0.5,,,0.0,-1.0,2.0,0.0,1.0,,20.25,17.25,20.75,19.25,PASS_BOUNDARY,
INNER_SIDE,LEFT,0,0.5,,,0.0,-1.0,2.0,1.0,1.0,,20.25,16.25,20.75,19.25,PASS_BOUNDARY,
INNER_SIDE,LEFT,0,0.5,,,0.0,-1.0,2.0,2.0,1.0,,20.25,15.25,20.75,19.25,PASS_BOUNDARY,
INNER_SIDE,LEFT,0,0.5,,,0.0,0.0,0.0,0.0,0.0,,20.25,20.25,20.75,20.25,PASS_BOUNDARY,
INNER_SIDE,LEFT,0,0.5,,,0.0,0.0,0.0,1.0,0.0,,20.25,19.25,20.75,20.25,PASS_BOUNDARY,
INNER_SIDE,LEFT,0,0.5,,,0.0,0.0,0.0,2.0,0.0,,20.25,18.25,20.75,20.25,PASS_BOUNDARY,
INNER_SIDE,LEFT,0,0.5,,,0.0,0.0,1.0,0.0,0.0,,20.25,19.25,20.75,20.25,PASS_BOUNDARY,
INNER_SIDE,LEFT,0,0.5,,,0.0,0.0,1.0,1.0,0.0,,20.25,18.25,20.75,20.25,PASS_BOUNDARY,
INNER_SIDE,LEFT,0,0.5,,,0.0,0.0,1.0,2.0,0.0,,20.25,17.25,20.75,20.25,PASS_BOUNDARY,
INNER_SIDE,LEFT,0,0.5,,,0.0,0.0,2.0,0.0,0.0,,20.25,18.25,20.75,20.25,PASS_BOUNDARY,
INNER_SIDE,LEFT,0,0.5,,,0.0,0.0,2.0,1.0,0.0,,20.25,17.25,20.75,20.25,PASS_BOUNDARY,
INNER_SIDE,LEFT,0,0.5,,,0.0,0.0,2.0,2.0,0.0,,20.25,16.25,20.75,20.25,PASS_BOUNDARY,
INNER_SIDE,LEFT,0,0.5,,,0.0,1.0,0.0,0.0,1.0,,20.25,19.25,20.75,19.25,PASS_BOUNDARY,
INNER_SIDE,LEFT,0,0.5,,,0.0,1.0,0.0,1.0,1.0,,20.25,18.25,20.75,19.25,PASS_BOUNDARY,
INNER_SIDE,LEFT,0,0.5,,,0.0,1.0,0.0,2.0,1.0,,20.25,17.25,20.75,19.25,PASS_BOUNDARY,
INNER_SIDE,LEFT,0,0.5,,,0.0,1.0,1.0,0.0,1.0,,20.25,18.25,20.75,19.25,PASS_BOUNDARY,
INNER_SIDE,LEFT,0,0.5,,,0.0,1.0,1.0,1.0,1.0,,20.25,17.25,20.75,19.25,PASS_BOUNDARY,
INNER_SIDE,LEFT,0,0.5,,,0.0,1.0,1.0,2.0,1.0,,20.25,16.25,20.75,19.25,PASS_BOUNDARY,
INNER_SIDE,LEFT,0,0.5,,,0.0,1.0,2.0,0.0,1.0,,20.25,17.25,20.75,19.25,PASS_BOUNDARY,
INNER_SIDE,LEFT,0,0.5,,,0.0,1.0,2.0,1.0,1.0,,20.25,16.25,20.75,19.25,PASS_BOUNDARY,
INNER_SIDE,LEFT,0,0.5,,,0.0,1.0,2.0,2.0,1.0,,20.25,15.25,20.75,19.25,PASS_BOUNDARY,
INNER_SIDE,LEFT,0,0.5,,,1.0,-1.0,0.0,0.0,2.0,,20.25,18.25,20.75,18.25,PASS_BOUNDARY,
INNER_SIDE,LEFT,0,0.5,,,1.0,-1.0,0.0,1.0,2.0,,20.25,17.25,20.75,18.25,PASS_BOUNDARY,
INNER_SIDE,LEFT,0,0.5,,,1.0,-1.0,0.0,2.0,2.0,,20.25,16.25,20.75,18.25,PASS_BOUNDARY,
INNER_SIDE,LEFT,0,0.5,,,1.0,-1.0,1.0,0.0,2.0,,20.25,17.25,20.75,18.25,PASS_BOUNDARY,
INNER_SIDE,LEFT,0,0.5,,,1.0,-1.0,1.0,1.0,2.0,,20.25,16.25,20.75,18.25,PASS_BOUNDARY,
INNER_SIDE,LEFT,0,0.5,,,1.0,-1.0,1.0,2.0,2.0,,20.25,15.25,20.75,18.25,PASS_BOUNDARY,
INNER_SIDE,LEFT,0,0.5,,,1.0,-1.0,2.0,0.0,2.0,,20.25,16.25,20.75,18.25,PASS_BOUNDARY,
INNER_SIDE,LEFT,0,0.5,,,1.0,-1.0,2.0,1.0,2.0,,20.25,15.25,20.75,18.25,PASS_BOUNDARY,
INNER_SIDE,LEFT,0,0.5,,,1.0,-1.0,2.0,2.0,2.0,,20.25,14.25,20.75,18.25,PASS_BOUNDARY,
INNER_SIDE,LEFT,0,0.5,,,1.0,0.0,0.0,0.0,1.0,,20.25,19.25,20.75,19.25,PASS_BOUNDARY,
INNER_SIDE,LEFT,0,0.5,,,1.0,0.0,0.0,1.0,1.0,,20.25,18.25,20.75,19.25,PASS_BOUNDARY,
INNER_SIDE,LEFT,0,0.5,,,1.0,0.0,0.0,2.0,1.0,,20.25,17.25,20.75,19.25,PASS_BOUNDARY,
INNER_SIDE,LEFT,0,0.5,,,1.0,0.0,1.0,0.0,1.0,,20.25,18.25,20.75,19.25,PASS_BOUNDARY,
INNER_SIDE,LEFT,0,0.5,,,1.0,0.0,1.0,1.0,1.0,,20.25,17.25,20.75,19.25,PASS_BOUNDARY,
INNER_SIDE,LEFT,0,0.5,,,1.0,0.0,1.0,2.0,1.0,,20.25,16.25,20.75,19.25,PASS_BOUNDARY,
INNER_SIDE,LEFT,0,0.5,,,1.0,0.0,2.0,0.0,1.0,,20.25,17.25,20.75,19.25,PASS_BOUNDARY,
INNER_SIDE,LEFT,0,0.5,,,1.0,0.0,2.0,1.0,1.0,,20.25,16.25,20.75,19.25,PASS_BOUNDARY,
INNER_SIDE,LEFT,0,0.5,,,1.0,0.0,2.0,2.0,1.0,,20.25,15.25,20.75,19.25,PASS_BOUNDARY,
INNER_SIDE,LEFT,0,0.5,,,1.0,1.0,0.0,0.0,0.0,,20.25,20.25,20.75,20.25,PASS_BOUNDARY,
INNER_SIDE,LEFT,0,0.5,,,1.0,1.0,0.0,1.0,0.0,,20.25,19.25,20.75,20.25,PASS_BOUNDARY,
INNER_SIDE,LEFT,0,0.5,,,1.0,1.0,0.0,2.0,0.0,,20.25,18.25,20.75,20.25,PASS_BOUNDARY,
INNER_SIDE,LEFT,0,0.5,,,1.0,1.0,1.0,0.0,0.0,,20.25,19.25,20.75,20.25,PASS_BOUNDARY,
INNER_SIDE,LEFT,0,0.5,,,1.0,1.0,1.0,1.0,0.0,,20.25,18.25,20.75,20.25,PASS_BOUNDARY,
INNER_SIDE,LEFT,0,0.5,,,1.0,1.0,1.0,2.0,0.0,,20.25,17.25,20.75,20.25,PASS_BOUNDARY,
INNER_SIDE,LEFT,0,0.5,,,1.0,1.0,2.0,0.0,0.0,,20.25,18.25,20.75,20.25,PASS_BOUNDARY,
INNER_SIDE,LEFT,0,0.5,,,1.0,1.0,2.0,1.0,0.0,,20.25,17.25,20.75,20.25,PASS_BOUNDARY,
INNER_SIDE,LEFT,0,0.5,,,1.0,1.0,2.0,2.0,0.0,,20.25,16.25,20.75,20.25,PASS_BOUNDARY,
INNER_SIDE,LEFT,0,1.0,,,-1.0,-1.0,0.0,0.0,0.0,,20.25,20.25,20.75,19.75,PASS_BOUNDARY,
INNER_SIDE,LEFT,0,1.0,,,-1.0,-1.0,0.0,1.0,0.0,,20.25,19.25,20.75,19.75,PASS_BOUNDARY,
INNER_SIDE,LEFT,0,1.0,,,-1.0,-1.0,0.0,2.0,0.0,,20.25,18.25,20.75,19.75,PASS_BOUNDARY,
INNER_SIDE,LEFT,0,1.0,,,-1.0,-1.0,1.0,0.0,0.0,,20.25,19.25,20.75,19.75,PASS_BOUNDARY,
INNER_SIDE,LEFT,0,1.0,,,-1.0,-1.0,1.0,1.0,0.0,,20.25,18.25,20.75,19.75,PASS_BOUNDARY,
INNER_SIDE,LEFT,0,1.0,,,-1.0,-1.0,1.0,2.0,0.0,,20.25,17.25,20.75,19.75,PASS_BOUNDARY,
INNER_SIDE,LEFT,0,1.0,,,-1.0,-1.0,2.0,0.0,0.0,,20.25,18.25,20.75,19.75,PASS_BOUNDARY,
INNER_SIDE,LEFT,0,1.0,,,-1.0,-1.0,2.0,1.0,0.0,,20.25,17.25,20.75,19.75,PASS_BOUNDARY,
INNER_SIDE,LEFT,0,1.0,,,-1.0,-1.0,2.0,2.0,0.0,,20.25,16.25,20.75,19.75,PASS_BOUNDARY,
INNER_SIDE,LEFT,0,1.0,,,-1.0,0.0,0.0,0.0,1.0,,20.25,19.25,20.75,18.75,PASS_BOUNDARY,
INNER_SIDE,LEFT,0,1.0,,,-1.0,0.0,0.0,1.0,1.0,,20.25,18.25,20.75,18.75,PASS_BOUNDARY,
INNER_SIDE,LEFT,0,1.0,,,-1.0,0.0,0.0,2.0,1.0,,20.25,17.25,20.75,18.75,PASS_BOUNDARY,
INNER_SIDE,LEFT,0,1.0,,,-1.0,0.0,1.0,0.0,1.0,,20.25,18.25,20.75,18.75,PASS_BOUNDARY,
INNER_SIDE,LEFT,0,1.0,,,-1.0,0.0,1.0,1.0,1.0,,20.25,17.25,20.75,18.75,PASS_BOUNDARY,
INNER_SIDE,LEFT,0,1.0,,,-1.0,0.0,1.0,2.0,1.0,,20.25,16.25,20.75,18.75,PASS_BOUNDARY,
INNER_SIDE,LEFT,0,1.0,,,-1.0,0.0,2.0,0.0,1.0,,20.25,17.25,20.75,18.75,PASS_BOUNDARY,
INNER_SIDE,LEFT,0,1.0,,,-1.0,0.0,2.0,1.0,1.0,,20.25,16.25,20.75,18.75,PASS_BOUNDARY,
INNER_SIDE,LEFT,0,1.0,,,-1.0,0.0,2.0,2.0,1.0,,20.25,15.25,20.75,18.75,PASS_BOUNDARY,
INNER_SIDE,LEFT,0,1.0,,,-1.0,1.0,0.0,0.0,2.0,,20.25,18.25,20.75,17.75,PASS_BOUNDARY,
INNER_SIDE,LEFT,0,1.0,,,-1.0,1.0,0.0,1.0,2.0,,20.25,17.25,20.75,17.75,PASS_BOUNDARY,
INNER_SIDE,LEFT,0,1.0,,,-1.0,1.0,0.0,2.0,2.0,,20.25,16.25,20.75,17.75,PASS_BOUNDARY,
INNER_SIDE,LEFT,0,1.0,,,-1.0,1.0,1.0,0.0,2.0,,20.25,17.25,20.75,17.75,PASS_BOUNDARY,
INNER_SIDE,LEFT,0,1.0,,,-1.0,1.0,1.0,1.0,2.0,,20.25,16.25,20.75,17.75,PASS_BOUNDARY,
INNER_SIDE,LEFT,0,1.0,,,-1.0,1.0,1.0,2.0,2.0,,20.25,15.25,20.75,17.75,PASS_BOUNDARY,
INNER_SIDE,LEFT,0,1.0,,,-1.0,1.0,2.0,0.0,2.0,,20.25,16.25,20.75,17.75,PASS_BOUNDARY,
INNER_SIDE,LEFT,0,1.0,,,-1.0,1.0,2.0,1.0,2.0,,20.25,15.25,20.75,17.75,PASS_BOUNDARY,
INNER_SIDE,LEFT,0,1.0,,,-1.0,1.0,2.0,2.0,2.0,,20.25,14.25,20.75,17.75,PASS_BOUNDARY,
INNER_SIDE,LEFT,0,1.0,,,0.0,-1.0,0.0,0.0,1.0,,20.25,19.25,20.75,18.75,PASS_BOUNDARY,
INNER_SIDE,LEFT,0,1.0,,,0.0,-1.0,0.0,1.0,1.0,,20.25,18.25,20.75,18.75,PASS_BOUNDARY,
INNER_SIDE,LEFT,0,1.0,,,0.0,-1.0,0.0,2.0,1.0,,20.25,17.25,20.75,18.75,PASS_BOUNDARY,
INNER_SIDE,LEFT,0,1.0,,,0.0,-1.0,1.0,0.0,1.0,,20.25,18.25,20.75,18.75,PASS_BOUNDARY,
INNER_SIDE,LEFT,0,1.0,,,0.0,-1.0,1.0,1.0,1.0,,20.25,17.25,20.75,18.75,PASS_BOUNDARY,
INNER_SIDE,LEFT,0,1.0,,,0.0,-1.0,1.0,2.0,1.0,,20.25,16.25,20.75,18.75,PASS_BOUNDARY,
INNER_SIDE,LEFT,0,1.0,,,0.0,-1.0,2.0,0.0,1.0,,20.25,17.25,20.75,18.75,PASS_BOUNDARY,
INNER_SIDE,LEFT,0,1.0,,,0.0,-1.0,2.0,1.0,1.0,,20.25,16.25,20.75,18.75,PASS_BOUNDARY,
INNER_SIDE,LEFT,0,1.0,,,0.0,-1.0,2.0,2.0,1.0,,20.25,15.25,20.75,18.75,PASS_BOUNDARY,
INNER_SIDE,LEFT,0,1.0,,,0.0,0.0,0.0,0.0,0.0,,20.25,20.25,20.75,19.75,PASS_BOUNDARY,
INNER_SIDE,LEFT,0,1.0,,,0.0,0.0,0.0,1.0,0.0,,20.25,19.25,20.75,19.75,PASS_BOUNDARY,
INNER_SIDE,LEFT,0,1.0,,,0.0,0.0,0.0,2.0,0.0,,20.25,18.25,20.75,19.75,PASS_BOUNDARY,
INNER_SIDE,LEFT,0,1.0,,,0.0,0.0,1.0,0.0,0.0,,20.25,19.25,20.75,19.75,PASS_BOUNDARY,
INNER_SIDE,LEFT,0,1.0,,,0.0,0.0,1.0,1.0,0.0,,20.25,18.25,20.75,19.75,PASS_BOUNDARY,
INNER_SIDE,LEFT,0,1.0,,,0.0,0.0,1.0,2.0,0.0,,20.25,17.25,20.75,19.75,PASS_BOUNDARY,
INNER_SIDE,LEFT,0,1.0,,,0.0,0.0,2.0,0.0,0.0,,20.25,18.25,20.75,19.75,PASS_BOUNDARY,
INNER_SIDE,LEFT,0,1.0,,,0.0,0.0,2.0,1.0,0.0,,20.25,17.25,20.75,19.75,PASS_BOUNDARY,
INNER_SIDE,LEFT,0,1.0,,,0.0,0.0,2.0,2.0,0.0,,20.25,16.25,20.75,19.75,PASS_BOUNDARY,
INNER_SIDE,LEFT,0,1.0,,,0.0,1.0,0.0,0.0,1.0,,20.25,19.25,20.75,18.75,PASS_BOUNDARY,
INNER_SIDE,LEFT,0,1.0,,,0.0,1.0,0.0,1.0,1.0,,20.25,18.25,20.75,18.75,PASS_BOUNDARY,
INNER_SIDE,LEFT,0,1.0,,,0.0,1.0,0.0,2.0,1.0,,20.25,17.25,20.75,18.75,PASS_BOUNDARY,
INNER_SIDE,LEFT,0,1.0,,,0.0,1.0,1.0,0.0,1.0,,20.25,18.25,20.75,18.75,PASS_BOUNDARY,
INNER_SIDE,LEFT,0,1.0,,,0.0,1.0,1.0,1.0,1.0,,20.25,17.25,20.75,18.75,PASS_BOUNDARY,
INNER_SIDE,LEFT,0,1.0,,,0.0,1.0,1.0,2.0,1.0,,20.25,16.25,20.75,18.75,PASS_BOUNDARY,
INNER_SIDE,LEFT,0,1.0,,,0.0,1.0,2.0,0.0,1.0,,20.25,17.25,20.75,18.75,PASS_BOUNDARY,
INNER_SIDE,LEFT,0,1.0,,,0.0,1.0,2.0,1.0,1.0,,20.25,16.25,20.75,18.75,PASS_BOUNDARY,
INNER_SIDE,LEFT,0,1.0,,,0.0,1.0,2.0,2.0,1.0,,20.25,15.25,20.75,18.75,PASS_BOUNDARY,
INNER_SIDE,LEFT,0,1.0,,,1.0,-1.0,0.0,0.0,2.0,,20.25,18.25,20.75,17.75,PASS_BOUNDARY,
INNER_SIDE,LEFT,0,1.0,,,1.0,-1.0,0.0,1.0,2.0,,20.25,17.25,20.75,17.75,PASS_BOUNDARY,
INNER_SIDE,LEFT,0,1.0,,,1.0,-1.0,0.0,2.0,2.0,,20.25,16.25,20.75,17.75,PASS_BOUNDARY,
INNER_SIDE,LEFT,0,1.0,,,1.0,-1.0,1.0,0.0,2.0,,20.25,17.25,20.75,17.75,PASS_BOUNDARY,
INNER_SIDE,LEFT,0,1.0,,,1.0,-1.0,1.0,1.0,2.0,,20.25,16.25,20.75,17.75,PASS_BOUNDARY,
INNER_SIDE,LEFT,0,1.0,,,1.0,-1.0,1.0,2.0,2.0,,20.25,15.25,20.75,17.75,PASS_BOUNDARY,
INNER_SIDE,LEFT,0,1.0,,,1.0,-1.0,2.0,0.0,2.0,,20.25,16.25,20.75,17.75,PASS_BOUNDARY,
INNER_SIDE,LEFT,0,1.0,,,1.0,-1.0,2.0,1.0,2.0,,20.25,15.25,20.75,17.75,PASS_BOUNDARY,
INNER_SIDE,LEFT,0,1.0,,,1.0,-1.0,2.0,2.0,2.0,,20.25,14.25,20.75,17.75,PASS_BOUNDARY,
INNER_SIDE,LEFT,0,1.0,,,1.0,0.0,0.0,0.0,1.0,,20.25,19.25,20.75,18.75,PASS_BOUNDARY,
INNER_SIDE,LEFT,0,1.0,,,1.0,0.0,0.0,1.0,1.0,,20.25,18.25,20.75,18.75,PASS_BOUNDARY,
INNER_SIDE,LEFT,0,1.0,,,1.0,0.0,0.0,2.0,1.0,,20.25,17.25,20.75,18.75,PASS_BOUNDARY,
INNER_SIDE,LEFT,0,1.0,,,1.0,0.0,1.0,0.0,1.0,,20.25,18.25,20.75,18.75,PASS_BOUNDARY,
INNER_SIDE,LEFT,0,1.0,,,1.0,0.0,1.0,1.0,1.0,,20.25,17.25,20.75,18.75,PASS_BOUNDARY,
INNER_SIDE,LEFT,0,1.0,,,1.0,0.0,1.0,2.0,1.0,,20.25,16.25,20.75,18.75,PASS_BOUNDARY,
INNER_SIDE,LEFT,0,1.0,,,1.0,0.0,2.0,0.0,1.0,,20.25,17.25,20.75,18.75,PASS_BOUNDARY,
INNER_SIDE,LEFT,0,1.0,,,1.0,0.0,2.0,1.0,1.0,,20.25,16.25,20.75,18.75,PASS_BOUNDARY,
INNER_SIDE,LEFT,0,1.0,,,1.0,0.0,2.0,2.0,1.0,,20.25,15.25,20.75,18.75,PASS_BOUNDARY,
INNER_SIDE,LEFT,0,1.0,,,1.0,1.0,0.0,0.0,0.0,,20.25,20.25,20.75,19.75,PASS_BOUNDARY,
INNER_SIDE,LEFT,0,1.0,,,1.0,1.0,0.0,1.0,0.0,,20.25,19.25,20.75,19.75,PASS_BOUNDARY,
INNER_SIDE,LEFT,0,1.0,,,1.0,1.0,0.0,2.0,0.0,,20.25,18.25,20.75,19.75,PASS_BOUNDARY,
INNER_SIDE,LEFT,0,1.0,,,1.0,1.0,1.0,0.0,0.0,,20.25,19.25,20.75,19.75,PASS_BOUNDARY,
INNER_SIDE,LEFT,0,1.0,,,1.0,1.0,1.0,1.0,0.0,,20.25,18.25,20.75,19.75,PASS_BOUNDARY,
INNER_SIDE,LEFT,0,1.0,,,1.0,1.0,1.0,2.0,0.0,,20.25,17.25,20.75,19.75,PASS_BOUNDARY,
INNER_SIDE,LEFT,0,1.0,,,1.0,1.0,2.0,0.0,0.0,,20.25,18.25,20.75,19.75,PASS_BOUNDARY,
INNER_SIDE,LEFT,0,1.0,,,1.0,1.0,2.0,1.0,0.0,,20.25,17.25,20.75,19.75,PASS_BOUNDARY,
INNER_SIDE,LEFT,0,1.0,,,1.0,1.0,2.0,2.0,0.0,,20.25,16.25,20.75,19.75,PASS_BOUNDARY,
INNER_SIDE,LEFT,0,1.5,,,-1.0,-1.0,0.0,0.0,0.0,,20.25,20.25,20.75,19.25,PASS_BOUNDARY,
INNER_SIDE,LEFT,0,1.5,,,-1.0,-1.0,0.0,1.0,0.0,,20.25,19.25,20.75,19.25,PASS_BOUNDARY,
INNER_SIDE,LEFT,0,1.5,,,-1.0,-1.0,0.0,2.0,0.0,,20.25,18.25,20.75,19.25,PASS_BOUNDARY,
INNER_SIDE,LEFT,0,1.5,,,-1.0,-1.0,1.0,0.0,0.0,,20.25,19.25,20.75,19.25,PASS_BOUNDARY,
INNER_SIDE,LEFT,0,1.5,,,-1.0,-1.0,1.0,1.0,0.0,,20.25,18.25,20.75,19.25,PASS_BOUNDARY,
INNER_SIDE,LEFT,0,1.5,,,-1.0,-1.0,1.0,2.0,0.0,,20.25,17.25,20.75,19.25,PASS_BOUNDARY,
INNER_SIDE,LEFT,0,1.5,,,-1.0,-1.0,2.0,0.0,0.0,,20.25,18.25,20.75,19.25,PASS_BOUNDARY,
INNER_SIDE,LEFT,0,1.5,,,-1.0,-1.0,2.0,1.0,0.0,,20.25,17.25,20.75,19.25,PASS_BOUNDARY,
INNER_SIDE,LEFT,0,1.5,,,-1.0,-1.0,2.0,2.0,0.0,,20.25,16.25,20.75,19.25,PASS_BOUNDARY,
INNER_SIDE,LEFT,0,1.5,,,-1.0,0.0,0.0,0.0,1.0,,20.25,19.25,20.75,18.25,PASS_BOUNDARY,
INNER_SIDE,LEFT,0,1.5,,,-1.0,0.0,0.0,1.0,1.0,,20.25,18.25,20.75,18.25,PASS_BOUNDARY,
INNER_SIDE,LEFT,0,1.5,,,-1.0,0.0,0.0,2.0,1.0,,20.25,17.25,20.75,18.25,PASS_BOUNDARY,
INNER_SIDE,LEFT,0,1.5,,,-1.0,0.0,1.0,0.0,1.0,,20.25,18.25,20.75,18.25,PASS_BOUNDARY,
INNER_SIDE,LEFT,0,1.5,,,-1.0,0.0,1.0,1.0,1.0,,20.25,17.25,20.75,18.25,PASS_BOUNDARY,
INNER_SIDE,LEFT,0,1.5,,,-1.0,0.0,1.0,2.0,1.0,,20.25,16.25,20.75,18.25,PASS_BOUNDARY,
INNER_SIDE,LEFT,0,1.5,,,-1.0,0.0,2.0,0.0,1.0,,20.25,17.25,20.75,18.25,PASS_BOUNDARY,
INNER_SIDE,LEFT,0,1.5,,,-1.0,0.0,2.0,1.0,1.0,,20.25,16.25,20.75,18.25,PASS_BOUNDARY,
INNER_SIDE,LEFT,0,1.5,,,-1.0,0.0,2.0,2.0,1.0,,20.25,15.25,20.75,18.25,PASS_BOUNDARY,
INNER_SIDE,LEFT,0,1.5,,,-1.0,1.0,0.0,0.0,2.0,,20.25,18.25,20.75,17.25,PASS_BOUNDARY,
INNER_SIDE,LEFT,0,1.5,,,-1.0,1.0,0.0,1.0,2.0,,20.25,17.25,20.75,17.25,PASS_BOUNDARY,
INNER_SIDE,LEFT,0,1.5,,,-1.0,1.0,0.0,2.0,2.0,,20.25,16.25,20.75,17.25,PASS_BOUNDARY,
INNER_SIDE,LEFT,0,1.5,,,-1.0,1.0,1.0,0.0,2.0,,20.25,17.25,20.75,17.25,PASS_BOUNDARY,
INNER_SIDE,LEFT,0,1.5,,,-1.0,1.0,1.0,1.0,2.0,,20.25,16.25,20.75,17.25,PASS_BOUNDARY,
INNER_SIDE,LEFT,0,1.5,,,-1.0,1.0,1.0,2.0,2.0,,20.25,15.25,20.75,17.25,PASS_BOUNDARY,
INNER_SIDE,LEFT,0,1.5,,,-1.0,1.0,2.0,0.0,2.0,,20.25,16.25,20.75,17.25,PASS_BOUNDARY,
INNER_SIDE,LEFT,0,1.5,,,-1.0,1.0,2.0,1.0,2.0,,20.25,15.25,20.75,17.25,PASS_BOUNDARY,
INNER_SIDE,LEFT,0,1.5,,,-1.0,1.0,2.0,2.0,2.0,,20.25,14.25,20.75,17.25,PASS_BOUNDARY,
INNER_SIDE,LEFT,0,1.5,,,0.0,-1.0,0.0,0.0,1.0,,20.25,19.25,20.75,18.25,PASS_BOUNDARY,
INNER_SIDE,LEFT,0,1.5,,,0.0,-1.0,0.0,1.0,1.0,,20.25,18.25,20.75,18.25,PASS_BOUNDARY,
INNER_SIDE,LEFT,0,1.5,,,0.0,-1.0,0.0,2.0,1.0,,20.25,17.25,20.75,18.25,PASS_BOUNDARY,
INNER_SIDE,LEFT,0,1.5,,,0.0,-1.0,1.0,0.0,1.0,,20.25,18.25,20.75,18.25,PASS_BOUNDARY,
INNER_SIDE,LEFT,0,1.5,,,0.0,-1.0,1.0,1.0,1.0,,20.25,17.25,20.75,18.25,PASS_BOUNDARY,
INNER_SIDE,LEFT,0,1.5,,,0.0,-1.0,1.0,2.0,1.0,,20.25,16.25,20.75,18.25,PASS_BOUNDARY,
INNER_SIDE,LEFT,0,1.5,,,0.0,-1.0,2.0,0.0,1.0,,20.25,17.25,20.75,18.25,PASS_BOUNDARY,
INNER_SIDE,LEFT,0,1.5,,,0.0,-1.0,2.0,1.0,1.0,,20.25,16.25,20.75,18.25,PASS_BOUNDARY,
INNER_SIDE,LEFT,0,1.5,,,0.0,-1.0,2.0,2.0,1.0,,20.25,15.25,20.75,18.25,PASS_BOUNDARY,
INNER_SIDE,LEFT,0,1.5,,,0.0,0.0,0.0,0.0,0.0,,20.25,20.25,20.75,19.25,PASS_BOUNDARY,
INNER_SIDE,LEFT,0,1.5,,,0.0,0.0,0.0,1.0,0.0,,20.25,19.25,20.75,19.25,PASS_BOUNDARY,
INNER_SIDE,LEFT,0,1.5,,,0.0,0.0,0.0,2.0,0.0,,20.25,18.25,20.75,19.25,PASS_BOUNDARY,
INNER_SIDE,LEFT,0,1.5,,,0.0,0.0,1.0,0.0,0.0,,20.25,19.25,20.75,19.25,PASS_BOUNDARY,
INNER_SIDE,LEFT,0,1.5,,,0.0,0.0,1.0,1.0,0.0,,20.25,18.25,20.75,19.25,PASS_BOUNDARY,
INNER_SIDE,LEFT,0,1.5,,,0.0,0.0,1.0,2.0,0.0,,20.25,17.25,20.75,19.25,PASS_BOUNDARY,
INNER_SIDE,LEFT,0,1.5,,,0.0,0.0,2.0,0.0,0.0,,20.25,18.25,20.75,19.25,PASS_BOUNDARY,
INNER_SIDE,LEFT,0,1.5,,,0.0,0.0,2.0,1.0,0.0,,20.25,17.25,20.75,19.25,PASS_BOUNDARY,
INNER_SIDE,LEFT,0,1.5,,,0.0,0.0,2.0,2.0,0.0,,20.25,16.25,20.75,19.25,PASS_BOUNDARY,
INNER_SIDE,LEFT,0,1.5,,,0.0,1.0,0.0,0.0,1.0,,20.25,19.25,20.75,18.25,PASS_BOUNDARY,
INNER_SIDE,LEFT,0,1.5,,,0.0,1.0,0.0,1.0,1.0,,20.25,18.25,20.75,18.25,PASS_BOUNDARY,
INNER_SIDE,LEFT,0,1.5,,,0.0,1.0,0.0,2.0,1.0,,20.25,17.25,20.75,18.25,PASS_BOUNDARY,
INNER_SIDE,LEFT,0,1.5,,,0.0,1.0,1.0,0.0,1.0,,20.25,18.25,20.75,18.25,PASS_BOUNDARY,
INNER_SIDE,LEFT,0,1.5,,,0.0,1.0,1.0,1.0,1.0,,20.25,17.25,20.75,18.25,PASS_BOUNDARY,
INNER_SIDE,LEFT,0,1.5,,,0.0,1.0,1.0,2.0,1.0,,20.25,16.25,20.75,18.25,PASS_BOUNDARY,
INNER_SIDE,LEFT,0,1.5,,,0.0,1.0,2.0,0.0,1.0,,20.25,17.25,20.75,18.25,PASS_BOUNDARY,
INNER_SIDE,LEFT,0,1.5,,,0.0,1.0,2.0,1.0,1.0,,20.25,16.25,20.75,18.25,PASS_BOUNDARY,
INNER_SIDE,LEFT,0,1.5,,,0.0,1.0,2.0,2.0,1.0,,20.25,15.25,20.75,18.25,PASS_BOUNDARY,
INNER_SIDE,LEFT,0,1.5,,,1.0,-1.0,0.0,0.0,2.0,,20.25,18.25,20.75,17.25,PASS_BOUNDARY,
INNER_SIDE,LEFT,0,1.5,,,1.0,-1.0,0.0,1.0,2.0,,20.25,17.25,20.75,17.25,PASS_BOUNDARY,
INNER_SIDE,LEFT,0,1.5,,,1.0,-1.0,0.0,2.0,2.0,,20.25,16.25,20.75,17.25,PASS_BOUNDARY,
INNER_SIDE,LEFT,0,1.5,,,1.0,-1.0,1.0,0.0,2.0,,20.25,17.25,20.75,17.25,PASS_BOUNDARY,
INNER_SIDE,LEFT,0,1.5,,,1.0,-1.0,1.0,1.0,2.0,,20.25,16.25,20.75,17.25,PASS_BOUNDARY,
INNER_SIDE,LEFT,0,1.5,,,1.0,-1.0,1.0,2.0,2.0,,20.25,15.25,20.75,17.25,PASS_BOUNDARY,
INNER_SIDE,LEFT,0,1.5,,,1.0,-1.0,2.0,0.0,2.0,,20.25,16.25,20.75,17.25,PASS_BOUNDARY,
INNER_SIDE,LEFT,0,1.5,,,1.0,-1.0,2.0,1.0,2.0,,20.25,15.25,20.75,17.25,PASS_BOUNDARY,
INNER_SIDE,LEFT,0,1.5,,,1.0,-1.0,2.0,2.0,2.0,,20.25,14.25,20.75,17.25,PASS_BOUNDARY,
INNER_SIDE,LEFT,0,1.5,,,1.0,0.0,0.0,0.0,1.0,,20.25,19.25,20.75,18.25,PASS_BOUNDARY,
INNER_SIDE,LEFT,0,1.5,,,1.0,0.0,0.0,1.0,1.0,,20.25,18.25,20.75,18.25,PASS_BOUNDARY,
INNER_SIDE,LEFT,0,1.5,,,1.0,0.0,0.0,2.0,1.0,,20.25,17.25,20.75,18.25,PASS_BOUNDARY,
INNER_SIDE,LEFT,0,1.5,,,1.0,0.0,1.0,0.0,1.0,,20.25,18.25,20.75,18.25,PASS_BOUNDARY,
INNER_SIDE,LEFT,0,1.5,,,1.0,0.0,1.0,1.0,1.0,,20.25,17.25,20.75,18.25,PASS_BOUNDARY,
INNER_SIDE,LEFT,0,1.5,,,1.0,0.0,1.0,2.0,1.0,,20.25,16.25,20.75,18.25,PASS_BOUNDARY,
INNER_SIDE,LEFT,0,1.5,,,1.0,0.0,2.0,0.0,1.0,,20.25,17.25,20.75,18.25,PASS_BOUNDARY,
INNER_SIDE,LEFT,0,1.5,,,1.0,0.0,2.0,1.0,1.0,,20.25,16.25,20.75,18.25,PASS_BOUNDARY,
INNER_SIDE,LEFT,0,1.5,,,1.0,0.0,2.0,2.0,1.0,,20.25,15.25,20.75,18.25,PASS_BOUNDARY,
INNER_SIDE,LEFT,0,1.5,,,1.0,1.0,0.0,0.0,0.0,,20.25,20.25,20.75,19.25,PASS_BOUNDARY,
INNER_SIDE,LEFT,0,1.5,,,1.0,1.0,0.0,1.0,0.0,,20.25,19.25,20.75,19.25,PASS_BOUNDARY,
INNER_SIDE,LEFT,0,1.5,,,1.0,1.0,0.0,2.0,0.0,,20.25,18.25,20.75,19.25,PASS_BOUNDARY,
INNER_SIDE,LEFT,0,1.5,,,1.0,1.0,1.0,0.0,0.0,,20.25,19.25,20.75,19.25,PASS_BOUNDARY,
INNER_SIDE,LEFT,0,1.5,,,1.0,1.0,1.0,1.0,0.0,,20.25,18.25,20.75,19.25,PASS_BOUNDARY,
INNER_SIDE,LEFT,0,1.5,,,1.0,1.0,1.0,2.0,0.0,,20.25,17.25,20.75,19.25,PASS_BOUNDARY,
INNER_SIDE,LEFT,0,1.5,,,1.0,1.0,2.0,0.0,0.0,,20.25,18.25,20.75,19.25,PASS_BOUNDARY,
INNER_SIDE,LEFT,0,1.5,,,1.0,1.0,2.0,1.0,0.0,,20.25,17.25,20.75,19.25,PASS_BOUNDARY,
INNER_SIDE,LEFT,0,1.5,,,1.0,1.0,2.0,2.0,0.0,,20.25,16.25,20.75,19.25,PASS_BOUNDARY,
INNER_SIDE,LEFT,1,0.0,,,-1.0,-1.0,0.0,0.0,0.0,,19.25,19.25,19.75,19.75,PASS_BOUNDARY,
INNER_SIDE,LEFT,1,0.0,,,-1.0,-1.0,0.0,1.0,0.0,,19.25,18.25,19.75,19.75,PASS_BOUNDARY,
INNER_SIDE,LEFT,1,0.0,,,-1.0,-1.0,0.0,2.0,0.0,,19.25,17.25,19.75,19.75,PASS_BOUNDARY,
INNER_SIDE,LEFT,1,0.0,,,-1.0,-1.0,1.0,0.0,0.0,,19.25,18.25,19.75,19.75,PASS_BOUNDARY,
INNER_SIDE,LEFT,1,0.0,,,-1.0,-1.0,1.0,1.0,0.0,,19.25,17.25,19.75,19.75,PASS_BOUNDARY,
INNER_SIDE,LEFT,1,0.0,,,-1.0,-1.0,1.0,2.0,0.0,,19.25,16.25,19.75,19.75,PASS_BOUNDARY,
INNER_SIDE,LEFT,1,0.0,,,-1.0,-1.0,2.0,0.0,0.0,,19.25,17.25,19.75,19.75,PASS_BOUNDARY,
INNER_SIDE,LEFT,1,0.0,,,-1.0,-1.0,2.0,1.0,0.0,,19.25,16.25,19.75,19.75,PASS_BOUNDARY,
INNER_SIDE,LEFT,1,0.0,,,-1.0,-1.0,2.0,2.0,0.0,,19.25,15.25,19.75,19.75,PASS_BOUNDARY,
INNER_SIDE,LEFT,1,0.0,,,-1.0,0.0,0.0,0.0,1.0,,19.25,18.25,19.75,18.75,PASS_BOUNDARY,
INNER_SIDE,LEFT,1,0.0,,,-1.0,0.0,0.0,1.0,1.0,,19.25,17.25,19.75,18.75,PASS_BOUNDARY,
INNER_SIDE,LEFT,1,0.0,,,-1.0,0.0,0.0,2.0,1.0,,19.25,16.25,19.75,18.75,PASS_BOUNDARY,
INNER_SIDE,LEFT,1,0.0,,,-1.0,0.0,1.0,0.0,1.0,,19.25,17.25,19.75,18.75,PASS_BOUNDARY,
INNER_SIDE,LEFT,1,0.0,,,-1.0,0.0,1.0,1.0,1.0,,19.25,16.25,19.75,18.75,PASS_BOUNDARY,
INNER_SIDE,LEFT,1,0.0,,,-1.0,0.0,1.0,2.0,1.0,,19.25,15.25,19.75,18.75,PASS_BOUNDARY,
INNER_SIDE,LEFT,1,0.0,,,-1.0,0.0,2.0,0.0,1.0,,19.25,16.25,19.75,18.75,PASS_BOUNDARY,
INNER_SIDE,LEFT,1,0.0,,,-1.0,0.0,2.0,1.0,1.0,,19.25,15.25,19.75,18.75,PASS_BOUNDARY,
INNER_SIDE,LEFT,1,0.0,,,-1.0,0.0,2.0,2.0,1.0,,19.25,14.25,19.75,18.75,PASS_BOUNDARY,
INNER_SIDE,LEFT,1,0.0,,,-1.0,1.0,0.0,0.0,2.0,,19.25,17.25,19.75,17.75,PASS_BOUNDARY,
INNER_SIDE,LEFT,1,0.0,,,-1.0,1.0,0.0,1.0,2.0,,19.25,16.25,19.75,17.75,PASS_BOUNDARY,
INNER_SIDE,LEFT,1,0.0,,,-1.0,1.0,0.0,2.0,2.0,,19.25,15.25,19.75,17.75,PASS_BOUNDARY,
INNER_SIDE,LEFT,1,0.0,,,-1.0,1.0,1.0,0.0,2.0,,19.25,16.25,19.75,17.75,PASS_BOUNDARY,
INNER_SIDE,LEFT,1,0.0,,,-1.0,1.0,1.0,1.0,2.0,,19.25,15.25,19.75,17.75,PASS_BOUNDARY,
INNER_SIDE,LEFT,1,0.0,,,-1.0,1.0,1.0,2.0,2.0,,19.25,14.25,19.75,17.75,PASS_BOUNDARY,
INNER_SIDE,LEFT,1,0.0,,,-1.0,1.0,2.0,0.0,2.0,,19.25,15.25,19.75,17.75,PASS_BOUNDARY,
INNER_SIDE,LEFT,1,0.0,,,-1.0,1.0,2.0,1.0,2.0,,19.25,14.25,19.75,17.75,PASS_BOUNDARY,
INNER_SIDE,LEFT,1,0.0,,,-1.0,1.0,2.0,2.0,2.0,,19.25,13.25,19.75,17.75,PASS_BOUNDARY,
INNER_SIDE,LEFT,1,0.0,,,0.0,-1.0,0.0,0.0,1.0,,19.25,18.25,19.75,18.75,PASS_BOUNDARY,
INNER_SIDE,LEFT,1,0.0,,,0.0,-1.0,0.0,1.0,1.0,,19.25,17.25,19.75,18.75,PASS_BOUNDARY,
INNER_SIDE,LEFT,1,0.0,,,0.0,-1.0,0.0,2.0,1.0,,19.25,16.25,19.75,18.75,PASS_BOUNDARY,
INNER_SIDE,LEFT,1,0.0,,,0.0,-1.0,1.0,0.0,1.0,,19.25,17.25,19.75,18.75,PASS_BOUNDARY,
INNER_SIDE,LEFT,1,0.0,,,0.0,-1.0,1.0,1.0,1.0,,19.25,16.25,19.75,18.75,PASS_BOUNDARY,
INNER_SIDE,LEFT,1,0.0,,,0.0,-1.0,1.0,2.0,1.0,,19.25,15.25,19.75,18.75,PASS_BOUNDARY,
INNER_SIDE,LEFT,1,0.0,,,0.0,-1.0,2.0,0.0,1.0,,19.25,16.25,19.75,18.75,PASS_BOUNDARY,
INNER_SIDE,LEFT,1,0.0,,,0.0,-1.0,2.0,1.0,1.0,,19.25,15.25,19.75,18.75,PASS_BOUNDARY,
INNER_SIDE,LEFT,1,0.0,,,0.0,-1.0,2.0,2.0,1.0,,19.25,14.25,19.75,18.75,PASS_BOUNDARY,
INNER_SIDE,LEFT,1,0.0,,,0.0,0.0,0.0,0.0,0.0,,19.25,19.25,19.75,19.75,PASS_BOUNDARY,
INNER_SIDE,LEFT,1,0.0,,,0.0,0.0,0.0,1.0,0.0,,19.25,18.25,19.75,19.75,PASS_BOUNDARY,
INNER_SIDE,LEFT,1,0.0,,,0.0,0.0,0.0,2.0,0.0,,19.25,17.25,19.75,19.75,PASS_BOUNDARY,
INNER_SIDE,LEFT,1,0.0,,,0.0,0.0,1.0,0.0,0.0,,19.25,18.25,19.75,19.75,PASS_BOUNDARY,
INNER_SIDE,LEFT,1,0.0,,,0.0,0.0,1.0,1.0,0.0,,19.25,17.25,19.75,19.75,PASS_BOUNDARY,
INNER_SIDE,LEFT,1,0.0,,,0.0,0.0,1.0,2.0,0.0,,19.25,16.25,19.75,19.75,PASS_BOUNDARY,
INNER_SIDE,LEFT,1,0.0,,,0.0,0.0,2.0,0.0,0.0,,19.25,17.25,19.75,19.75,PASS_BOUNDARY,
INNER_SIDE,LEFT,1,0.0,,,0.0,0.0,2.0,1.0,0.0,,19.25,16.25,19.75,19.75,PASS_BOUNDARY,
INNER_SIDE,LEFT,1,0.0,,,0.0,0.0,2.0,2.0,0.0,,19.25,15.25,19.75,19.75,PASS_BOUNDARY,
INNER_SIDE,LEFT,1,0.0,,,0.0,1.0,0.0,0.0,1.0,,19.25,18.25,19.75,18.75,PASS_BOUNDARY,
INNER_SIDE,LEFT,1,0.0,,,0.0,1.0,0.0,1.0,1.0,,19.25,17.25,19.75,18.75,PASS_BOUNDARY,
INNER_SIDE,LEFT,1,0.0,,,0.0,1.0,0.0,2.0,1.0,,19.25,16.25,19.75,18.75,PASS_BOUNDARY,
INNER_SIDE,LEFT,1,0.0,,,0.0,1.0,1.0,0.0,1.0,,19.25,17.25,19.75,18.75,PASS_BOUNDARY,
INNER_SIDE,LEFT,1,0.0,,,0.0,1.0,1.0,1.0,1.0,,19.25,16.25,19.75,18.75,PASS_BOUNDARY,
INNER_SIDE,LEFT,1,0.0,,,0.0,1.0,1.0,2.0,1.0,,19.25,15.25,19.75,18.75,PASS_BOUNDARY,
INNER_SIDE,LEFT,1,0.0,,,0.0,1.0,2.0,0.0,1.0,,19.25,16.25,19.75,18.75,PASS_BOUNDARY,
INNER_SIDE,LEFT,1,0.0,,,0.0,1.0,2.0,1.0,1.0,,19.25,15.25,19.75,18.75,PASS_BOUNDARY,
INNER_SIDE,LEFT,1,0.0,,,0.0,1.0,2.0,2.0,1.0,,19.25,14.25,19.75,18.75,PASS_BOUNDARY,
INNER_SIDE,LEFT,1,0.0,,,1.0,-1.0,0.0,0.0,2.0,,19.25,17.25,19.75,17.75,PASS_BOUNDARY,
INNER_SIDE,LEFT,1,0.0,,,1.0,-1.0,0.0,1.0,2.0,,19.25,16.25,19.75,17.75,PASS_BOUNDARY,
INNER_SIDE,LEFT,1,0.0,,,1.0,-1.0,0.0,2.0,2.0,,19.25,15.25,19.75,17.75,PASS_BOUNDARY,
INNER_SIDE,LEFT,1,0.0,,,1.0,-1.0,1.0,0.0,2.0,,19.25,16.25,19.75,17.75,PASS_BOUNDARY,
INNER_SIDE,LEFT,1,0.0,,,1.0,-1.0,1.0,1.0,2.0,,19.25,15.25,19.75,17.75,PASS_BOUNDARY,
INNER_SIDE,LEFT,1,0.0,,,1.0,-1.0,1.0,2.0,2.0,,19.25,14.25,19.75,17.75,PASS_BOUNDARY,
INNER_SIDE,LEFT,1,0.0,,,1.0,-1.0,2.0,0.0,2.0,,19.25,15.25,19.75,17.75,PASS_BOUNDARY,
INNER_SIDE,LEFT,1,0.0,,,1.0,-1.0,2.0,1.0,2.0,,19.25,14.25,19.75,17.75,PASS_BOUNDARY,
INNER_SIDE,LEFT,1,0.0,,,1.0,-1.0,2.0,2.0,2.0,,19.25,13.25,19.75,17.75,PASS_BOUNDARY,
INNER_SIDE,LEFT,1,0.0,,,1.0,0.0,0.0,0.0,1.0,,19.25,18.25,19.75,18.75,PASS_BOUNDARY,
INNER_SIDE,LEFT,1,0.0,,,1.0,0.0,0.0,1.0,1.0,,19.25,17.25,19.75,18.75,PASS_BOUNDARY,
INNER_SIDE,LEFT,1,0.0,,,1.0,0.0,0.0,2.0,1.0,,19.25,16.25,19.75,18.75,PASS_BOUNDARY,
INNER_SIDE,LEFT,1,0.0,,,1.0,0.0,1.0,0.0,1.0,,19.25,17.25,19.75,18.75,PASS_BOUNDARY,
INNER_SIDE,LEFT,1,0.0,,,1.0,0.0,1.0,1.0,1.0,,19.25,16.25,19.75,18.75,PASS_BOUNDARY,
INNER_SIDE,LEFT,1,0.0,,,1.0,0.0,1.0,2.0,1.0,,19.25,15.25,19.75,18.75,PASS_BOUNDARY,
INNER_SIDE,LEFT,1,0.0,,,1.0,0.0,2.0,0.0,1.0,,19.25,16.25,19.75,18.75,PASS_BOUNDARY,
INNER_SIDE,LEFT,1,0.0,,,1.0,0.0,2.0,1.0,1.0,,19.25,15.25,19.75,18.75,PASS_BOUNDARY,
INNER_SIDE,LEFT,1,0.0,,,1.0,0.0,2.0,2.0,1.0,,19.25,14.25,19.75,18.75,PASS_BOUNDARY,
INNER_SIDE,LEFT,1,0.0,,,1.0,1.0,0.0,0.0,0.0,,19.25,19.25,19.75,19.75,PASS_BOUNDARY,
INNER_SIDE,LEFT,1,0.0,,,1.0,1.0,0.0,1.0,0.0,,19.25,18.25,19.75,19.75,PASS_BOUNDARY,
INNER_SIDE,LEFT,1,0.0,,,1.0,1.0,0.0,2.0,0.0,,19.25,17.25,19.75,19.75,PASS_BOUNDARY,
INNER_SIDE,LEFT,1,0.0,,,1.0,1.0,1.0,0.0,0.0,,19.25,18.25,19.75,19.75,PASS_BOUNDARY,
INNER_SIDE,LEFT,1,0.0,,,1.0,1.0,1.0,1.0,0.0,,19.25,17.25,19.75,19.75,PASS_BOUNDARY,
INNER_SIDE,LEFT,1,0.0,,,1.0,1.0,1.0,2.0,0.0,,19.25,16.25,19.75,19.75,PASS_BOUNDARY,
INNER_SIDE,LEFT,1,0.0,,,1.0,1.0,2.0,0.0,0.0,,19.25,17.25,19.75,19.75,PASS_BOUNDARY,
INNER_SIDE,LEFT,1,0.0,,,1.0,1.0,2.0,1.0,0.0,,19.25,16.25,19.75,19.75,PASS_BOUNDARY,
INNER_SIDE,LEFT,1,0.0,,,1.0,1.0,2.0,2.0,0.0,,19.25,15.25,19.75,19.75,PASS_BOUNDARY,
INNER_SIDE,LEFT,1,0.5,,,-1.0,-1.0,0.0,0.0,0.0,,19.25,19.25,19.75,19.25,PASS_BOUNDARY,
INNER_SIDE,LEFT,1,0.5,,,-1.0,-1.0,0.0,1.0,0.0,,19.25,18.25,19.75,19.25,PASS_BOUNDARY,
INNER_SIDE,LEFT,1,0.5,,,-1.0,-1.0,0.0,2.0,0.0,,19.25,17.25,19.75,19.25,PASS_BOUNDARY,
INNER_SIDE,LEFT,1,0.5,,,-1.0,-1.0,1.0,0.0,0.0,,19.25,18.25,19.75,19.25,PASS_BOUNDARY,
INNER_SIDE,LEFT,1,0.5,,,-1.0,-1.0,1.0,1.0,0.0,,19.25,17.25,19.75,19.25,PASS_BOUNDARY,
INNER_SIDE,LEFT,1,0.5,,,-1.0,-1.0,1.0,2.0,0.0,,19.25,16.25,19.75,19.25,PASS_BOUNDARY,
INNER_SIDE,LEFT,1,0.5,,,-1.0,-1.0,2.0,0.0,0.0,,19.25,17.25,19.75,19.25,PASS_BOUNDARY,
INNER_SIDE,LEFT,1,0.5,,,-1.0,-1.0,2.0,1.0,0.0,,19.25,16.25,19.75,19.25,PASS_BOUNDARY,
INNER_SIDE,LEFT,1,0.5,,,-1.0,-1.0,2.0,2.0,0.0,,19.25,15.25,19.75,19.25,PASS_BOUNDARY,
INNER_SIDE,LEFT,1,0.5,,,-1.0,0.0,0.0,0.0,1.0,,19.25,18.25,19.75,18.25,PASS_BOUNDARY,
INNER_SIDE,LEFT,1,0.5,,,-1.0,0.0,0.0,1.0,1.0,,19.25,17.25,19.75,18.25,PASS_BOUNDARY,
INNER_SIDE,LEFT,1,0.5,,,-1.0,0.0,0.0,2.0,1.0,,19.25,16.25,19.75,18.25,PASS_BOUNDARY,
INNER_SIDE,LEFT,1,0.5,,,-1.0,0.0,1.0,0.0,1.0,,19.25,17.25,19.75,18.25,PASS_BOUNDARY,
INNER_SIDE,LEFT,1,0.5,,,-1.0,0.0,1.0,1.0,1.0,,19.25,16.25,19.75,18.25,PASS_BOUNDARY,
INNER_SIDE,LEFT,1,0.5,,,-1.0,0.0,1.0,2.0,1.0,,19.25,15.25,19.75,18.25,PASS_BOUNDARY,
INNER_SIDE,LEFT,1,0.5,,,-1.0,0.0,2.0,0.0,1.0,,19.25,16.25,19.75,18.25,PASS_BOUNDARY,
INNER_SIDE,LEFT,1,0.5,,,-1.0,0.0,2.0,1.0,1.0,,19.25,15.25,19.75,18.25,PASS_BOUNDARY,
INNER_SIDE,LEFT,1,0.5,,,-1.0,0.0,2.0,2.0,1.0,,19.25,14.25,19.75,18.25,PASS_BOUNDARY,
INNER_SIDE,LEFT,1,0.5,,,-1.0,1.0,0.0,0.0,2.0,,19.25,17.25,19.75,17.25,PASS_BOUNDARY,
INNER_SIDE,LEFT,1,0.5,,,-1.0,1.0,0.0,1.0,2.0,,19.25,16.25,19.75,17.25,PASS_BOUNDARY,
INNER_SIDE,LEFT,1,0.5,,,-1.0,1.0,0.0,2.0,2.0,,19.25,15.25,19.75,17.25,PASS_BOUNDARY,
INNER_SIDE,LEFT,1,0.5,,,-1.0,1.0,1.0,0.0,2.0,,19.25,16.25,19.75,17.25,PASS_BOUNDARY,
INNER_SIDE,LEFT,1,0.5,,,-1.0,1.0,1.0,1.0,2.0,,19.25,15.25,19.75,17.25,PASS_BOUNDARY,
INNER_SIDE,LEFT,1,0.5,,,-1.0,1.0,1.0,2.0,2.0,,19.25,14.25,19.75,17.25,PASS_BOUNDARY,
INNER_SIDE,LEFT,1,0.5,,,-1.0,1.0,2.0,0.0,2.0,,19.25,15.25,19.75,17.25,PASS_BOUNDARY,
INNER_SIDE,LEFT,1,0.5,,,-1.0,1.0,2.0,1.0,2.0,,19.25,14.25,19.75,17.25,PASS_BOUNDARY,
INNER_SIDE,LEFT,1,0.5,,,-1.0,1.0,2.0,2.0,2.0,,19.25,13.25,19.75,17.25,PASS_BOUNDARY,
INNER_SIDE,LEFT,1,0.5,,,0.0,-1.0,0.0,0.0,1.0,,19.25,18.25,19.75,18.25,PASS_BOUNDARY,
INNER_SIDE,LEFT,1,0.5,,,0.0,-1.0,0.0,1.0,1.0,,19.25,17.25,19.75,18.25,PASS_BOUNDARY,
INNER_SIDE,LEFT,1,0.5,,,0.0,-1.0,0.0,2.0,1.0,,19.25,16.25,19.75,18.25,PASS_BOUNDARY,
INNER_SIDE,LEFT,1,0.5,,,0.0,-1.0,1.0,0.0,1.0,,19.25,17.25,19.75,18.25,PASS_BOUNDARY,
INNER_SIDE,LEFT,1,0.5,,,0.0,-1.0,1.0,1.0,1.0,,19.25,16.25,19.75,18.25,PASS_BOUNDARY,
INNER_SIDE,LEFT,1,0.5,,,0.0,-1.0,1.0,2.0,1.0,,19.25,15.25,19.75,18.25,PASS_BOUNDARY,
INNER_SIDE,LEFT,1,0.5,,,0.0,-1.0,2.0,0.0,1.0,,19.25,16.25,19.75,18.25,PASS_BOUNDARY,
INNER_SIDE,LEFT,1,0.5,,,0.0,-1.0,2.0,1.0,1.0,,19.25,15.25,19.75,18.25,PASS_BOUNDARY,
INNER_SIDE,LEFT,1,0.5,,,0.0,-1.0,2.0,2.0,1.0,,19.25,14.25,19.75,18.25,PASS_BOUNDARY,
INNER_SIDE,LEFT,1,0.5,,,0.0,0.0,0.0,0.0,0.0,,19.25,19.25,19.75,19.25,PASS_BOUNDARY,
INNER_SIDE,LEFT,1,0.5,,,0.0,0.0,0.0,1.0,0.0,,19.25,18.25,19.75,19.25,PASS_BOUNDARY,
INNER_SIDE,LEFT,1,0.5,,,0.0,0.0,0.0,2.0,0.0,,19.25,17.25,19.75,19.25,PASS_BOUNDARY,
INNER_SIDE,LEFT,1,0.5,,,0.0,0.0,1.0,0.0,0.0,,19.25,18.25,19.75,19.25,PASS_BOUNDARY,
INNER_SIDE,LEFT,1,0.5,,,0.0,0.0,1.0,1.0,0.0,,19.25,17.25,19.75,19.25,PASS_BOUNDARY,
INNER_SIDE,LEFT,1,0.5,,,0.0,0.0,1.0,2.0,0.0,,19.25,16.25,19.75,19.25,PASS_BOUNDARY,
INNER_SIDE,LEFT,1,0.5,,,0.0,0.0,2.0,0.0,0.0,,19.25,17.25,19.75,19.25,PASS_BOUNDARY,
INNER_SIDE,LEFT,1,0.5,,,0.0,0.0,2.0,1.0,0.0,,19.25,16.25,19.75,19.25,PASS_BOUNDARY,
INNER_SIDE,LEFT,1,0.5,,,0.0,0.0,2.0,2.0,0.0,,19.25,15.25,19.75,19.25,PASS_BOUNDARY,
INNER_SIDE,LEFT,1,0.5,,,0.0,1.0,0.0,0.0,1.0,,19.25,18.25,19.75,18.25,PASS_BOUNDARY,
INNER_SIDE,LEFT,1,0.5,,,0.0,1.0,0.0,1.0,1.0,,19.25,17.25,19.75,18.25,PASS_BOUNDARY,
INNER_SIDE,LEFT,1,0.5,,,0.0,1.0,0.0,2.0,1.0,,19.25,16.25,19.75,18.25,PASS_BOUNDARY,
INNER_SIDE,LEFT,1,0.5,,,0.0,1.0,1.0,0.0,1.0,,19.25,17.25,19.75,18.25,PASS_BOUNDARY,
INNER_SIDE,LEFT,1,0.5,,,0.0,1.0,1.0,1.0,1.0,,19.25,16.25,19.75,18.25,PASS_BOUNDARY,
INNER_SIDE,LEFT,1,0.5,,,0.0,1.0,1.0,2.0,1.0,,19.25,15.25,19.75,18.25,PASS_BOUNDARY,
INNER_SIDE,LEFT,1,0.5,,,0.0,1.0,2.0,0.0,1.0,,19.25,16.25,19.75,18.25,PASS_BOUNDARY,
INNER_SIDE,LEFT,1,0.5,,,0.0,1.0,2.0,1.0,1.0,,19.25,15.25,19.75,18.25,PASS_BOUNDARY,
INNER_SIDE,LEFT,1,0.5,,,0.0,1.0,2.0,2.0,1.0,,19.25,14.25,19.75,18.25,PASS_BOUNDARY,
INNER_SIDE,LEFT,1,0.5,,,1.0,-1.0,0.0,0.0,2.0,,19.25,17.25,19.75,17.25,PASS_BOUNDARY,
INNER_SIDE,LEFT,1,0.5,,,1.0,-1.0,0.0,1.0,2.0,,19.25,16.25,19.75,17.25,PASS_BOUNDARY,
INNER_SIDE,LEFT,1,0.5,,,1.0,-1.0,0.0,2.0,2.0,,19.25,15.25,19.75,17.25,PASS_BOUNDARY,
INNER_SIDE,LEFT,1,0.5,,,1.0,-1.0,1.0,0.0,2.0,,19.25,16.25,19.75,17.25,PASS_BOUNDARY,
INNER_SIDE,LEFT,1,0.5,,,1.0,-1.0,1.0,1.0,2.0,,19.25,15.25,19.75,17.25,PASS_BOUNDARY,
INNER_SIDE,LEFT,1,0.5,,,1.0,-1.0,1.0,2.0,2.0,,19.25,14.25,19.75,17.25,PASS_BOUNDARY,
INNER_SIDE,LEFT,1,0.5,,,1.0,-1.0,2.0,0.0,2.0,,19.25,15.25,19.75,17.25,PASS_BOUNDARY,
INNER_SIDE,LEFT,1,0.5,,,1.0,-1.0,2.0,1.0,2.0,,19.25,14.25,19.75,17.25,PASS_BOUNDARY,
INNER_SIDE,LEFT,1,0.5,,,1.0,-1.0,2.0,2.0,2.0,,19.25,13.25,19.75,17.25,PASS_BOUNDARY,
INNER_SIDE,LEFT,1,0.5,,,1.0,0.0,0.0,0.0,1.0,,19.25,18.25,19.75,18.25,PASS_BOUNDARY,
INNER_SIDE,LEFT,1,0.5,,,1.0,0.0,0.0,1.0,1.0,,19.25,17.25,19.75,18.25,PASS_BOUNDARY,
INNER_SIDE,LEFT,1,0.5,,,1.0,0.0,0.0,2.0,1.0,,19.25,16.25,19.75,18.25,PASS_BOUNDARY,
INNER_SIDE,LEFT,1,0.5,,,1.0,0.0,1.0,0.0,1.0,,19.25,17.25,19.75,18.25,PASS_BOUNDARY,
INNER_SIDE,LEFT,1,0.5,,,1.0,0.0,1.0,1.0,1.0,,19.25,16.25,19.75,18.25,PASS_BOUNDARY,
INNER_SIDE,LEFT,1,0.5,,,1.0,0.0,1.0,2.0,1.0,,19.25,15.25,19.75,18.25,PASS_BOUNDARY,
INNER_SIDE,LEFT,1,0.5,,,1.0,0.0,2.0,0.0,1.0,,19.25,16.25,19.75,18.25,PASS_BOUNDARY,
INNER_SIDE,LEFT,1,0.5,,,1.0,0.0,2.0,1.0,1.0,,19.25,15.25,19.75,18.25,PASS_BOUNDARY,
INNER_SIDE,LEFT,1,0.5,,,1.0,0.0,2.0,2.0,1.0,,19.25,14.25,19.75,18.25,PASS_BOUNDARY,
INNER_SIDE,LEFT,1,0.5,,,1.0,1.0,0.0,0.0,0.0,,19.25,19.25,19.75,19.25,PASS_BOUNDARY,
INNER_SIDE,LEFT,1,0.5,,,1.0,1.0,0.0,1.0,0.0,,19.25,18.25,19.75,19.25,PASS_BOUNDARY,
INNER_SIDE,LEFT,1,0.5,,,1.0,1.0,0.0,2.0,0.0,,19.25,17.25,19.75,19.25,PASS_BOUNDARY,
INNER_SIDE,LEFT,1,0.5,,,1.0,1.0,1.0,0.0,0.0,,19.25,18.25,19.75,19.25,PASS_BOUNDARY,
INNER_SIDE,LEFT,1,0.5,,,1.0,1.0,1.0,1.0,0.0,,19.25,17.25,19.75,19.25,PASS_BOUNDARY,
INNER_SIDE,LEFT,1,0.5,,,1.0,1.0,1.0,2.0,0.0,,19.25,16.25,19.75,19.25,PASS_BOUNDARY,
INNER_SIDE,LEFT,1,0.5,,,1.0,1.0,2.0,0.0,0.0,,19.25,17.25,19.75,19.25,PASS_BOUNDARY,
INNER_SIDE,LEFT,1,0.5,,,1.0,1.0,2.0,1.0,0.0,,19.25,16.25,19.75,19.25,PASS_BOUNDARY,
INNER_SIDE,LEFT,1,0.5,,,1.0,1.0,2.0,2.0,0.0,,19.25,15.25,19.75,19.25,PASS_BOUNDARY,
INNER_SIDE,LEFT,1,1.0,,,-1.0,-1.0,0.0,0.0,0.0,,19.25,19.25,19.75,18.75,PASS_BOUNDARY,
INNER_SIDE,LEFT,1,1.0,,,-1.0,-1.0,0.0,1.0,0.0,,19.25,18.25,19.75,18.75,PASS_BOUNDARY,
INNER_SIDE,LEFT,1,1.0,,,-1.0,-1.0,0.0,2.0,0.0,,19.25,17.25,19.75,18.75,PASS_BOUNDARY,
INNER_SIDE,LEFT,1,1.0,,,-1.0,-1.0,1.0,0.0,0.0,,19.25,18.25,19.75,18.75,PASS_BOUNDARY,
INNER_SIDE,LEFT,1,1.0,,,-1.0,-1.0,1.0,1.0,0.0,,19.25,17.25,19.75,18.75,PASS_BOUNDARY,
INNER_SIDE,LEFT,1,1.0,,,-1.0,-1.0,1.0,2.0,0.0,,19.25,16.25,19.75,18.75,PASS_BOUNDARY,
INNER_SIDE,LEFT,1,1.0,,,-1.0,-1.0,2.0,0.0,0.0,,19.25,17.25,19.75,18.75,PASS_BOUNDARY,
INNER_SIDE,LEFT,1,1.0,,,-1.0,-1.0,2.0,1.0,0.0,,19.25,16.25,19.75,18.75,PASS_BOUNDARY,
INNER_SIDE,LEFT,1,1.0,,,-1.0,-1.0,2.0,2.0,0.0,,19.25,15.25,19.75,18.75,PASS_BOUNDARY,
INNER_SIDE,LEFT,1,1.0,,,-1.0,0.0,0.0,0.0,1.0,,19.25,18.25,19.75,17.75,PASS_BOUNDARY,
INNER_SIDE,LEFT,1,1.0,,,-1.0,0.0,0.0,1.0,1.0,,19.25,17.25,19.75,17.75,PASS_BOUNDARY,
INNER_SIDE,LEFT,1,1.0,,,-1.0,0.0,0.0,2.0,1.0,,19.25,16.25,19.75,17.75,PASS_BOUNDARY,
INNER_SIDE,LEFT,1,1.0,,,-1.0,0.0,1.0,0.0,1.0,,19.25,17.25,19.75,17.75,PASS_BOUNDARY,
INNER_SIDE,LEFT,1,1.0,,,-1.0,0.0,1.0,1.0,1.0,,19.25,16.25,19.75,17.75,PASS_BOUNDARY,
INNER_SIDE,LEFT,1,1.0,,,-1.0,0.0,1.0,2.0,1.0,,19.25,15.25,19.75,17.75,PASS_BOUNDARY,
INNER_SIDE,LEFT,1,1.0,,,-1.0,0.0,2.0,0.0,1.0,,19.25,16.25,19.75,17.75,PASS_BOUNDARY,
INNER_SIDE,LEFT,1,1.0,,,-1.0,0.0,2.0,1.0,1.0,,19.25,15.25,19.75,17.75,PASS_BOUNDARY,
INNER_SIDE,LEFT,1,1.0,,,-1.0,0.0,2.0,2.0,1.0,,19.25,14.25,19.75,17.75,PASS_BOUNDARY,
INNER_SIDE,LEFT,1,1.0,,,-1.0,1.0,0.0,0.0,2.0,,19.25,17.25,19.75,16.75,PASS_BOUNDARY,
INNER_SIDE,LEFT,1,1.0,,,-1.0,1.0,0.0,1.0,2.0,,19.25,16.25,19.75,16.75,PASS_BOUNDARY,
INNER_SIDE,LEFT,1,1.0,,,-1.0,1.0,0.0,2.0,2.0,,19.25,15.25,19.75,16.75,PASS_BOUNDARY,
INNER_SIDE,LEFT,1,1.0,,,-1.0,1.0,1.0,0.0,2.0,,19.25,16.25,19.75,16.75,PASS_BOUNDARY,
INNER_SIDE,LEFT,1,1.0,,,-1.0,1.0,1.0,1.0,2.0,,19.25,15.25,19.75,16.75,PASS_BOUNDARY,
INNER_SIDE,LEFT,1,1.0,,,-1.0,1.0,1.0,2.0,2.0,,19.25,14.25,19.75,16.75,PASS_BOUNDARY,
INNER_SIDE,LEFT,1,1.0,,,-1.0,1.0,2.0,0.0,2.0,,19.25,15.25,19.75,16.75,PASS_BOUNDARY,
INNER_SIDE,LEFT,1,1.0,,,-1.0,1.0,2.0,1.0,2.0,,19.25,14.25,19.75,16.75,PASS_BOUNDARY,
INNER_SIDE,LEFT,1,1.0,,,-1.0,1.0,2.0,2.0,2.0,,19.25,13.25,19.75,16.75,PASS_BOUNDARY,
INNER_SIDE,LEFT,1,1.0,,,0.0,-1.0,0.0,0.0,1.0,,19.25,18.25,19.75,17.75,PASS_BOUNDARY,
INNER_SIDE,LEFT,1,1.0,,,0.0,-1.0,0.0,1.0,1.0,,19.25,17.25,19.75,17.75,PASS_BOUNDARY,
INNER_SIDE,LEFT,1,1.0,,,0.0,-1.0,0.0,2.0,1.0,,19.25,16.25,19.75,17.75,PASS_BOUNDARY,
INNER_SIDE,LEFT,1,1.0,,,0.0,-1.0,1.0,0.0,1.0,,19.25,17.25,19.75,17.75,PASS_BOUNDARY,
INNER_SIDE,LEFT,1,1.0,,,0.0,-1.0,1.0,1.0,1.0,,19.25,16.25,19.75,17.75,PASS_BOUNDARY,
INNER_SIDE,LEFT,1,1.0,,,0.0,-1.0,1.0,2.0,1.0,,19.25,15.25,19.75,17.75,PASS_BOUNDARY,
INNER_SIDE,LEFT,1,1.0,,,0.0,-1.0,2.0,0.0,1.0,,19.25,16.25,19.75,17.75,PASS_BOUNDARY,
INNER_SIDE,LEFT,1,1.0,,,0.0,-1.0,2.0,1.0,1.0,,19.25,15.25,19.75,17.75,PASS_BOUNDARY,
INNER_SIDE,LEFT,1,1.0,,,0.0,-1.0,2.0,2.0,1.0,,19.25,14.25,19.75,17.75,PASS_BOUNDARY,
INNER_SIDE,LEFT,1,1.0,,,0.0,0.0,0.0,0.0,0.0,,19.25,19.25,19.75,18.75,PASS_BOUNDARY,
INNER_SIDE,LEFT,1,1.0,,,0.0,0.0,0.0,1.0,0.0,,19.25,18.25,19.75,18.75,PASS_BOUNDARY,
INNER_SIDE,LEFT,1,1.0,,,0.0,0.0,0.0,2.0,0.0,,19.25,17.25,19.75,18.75,PASS_BOUNDARY,
INNER_SIDE,LEFT,1,1.0,,,0.0,0.0,1.0,0.0,0.0,,19.25,18.25,19.75,18.75,PASS_BOUNDARY,
INNER_SIDE,LEFT,1,1.0,,,0.0,0.0,1.0,1.0,0.0,,19.25,17.25,19.75,18.75,PASS_BOUNDARY,
INNER_SIDE,LEFT,1,1.0,,,0.0,0.0,1.0,2.0,0.0,,19.25,16.25,19.75,18.75,PASS_BOUNDARY,
INNER_SIDE,LEFT,1,1.0,,,0.0,0.0,2.0,0.0,0.0,,19.25,17.25,19.75,18.75,PASS_BOUNDARY,
INNER_SIDE,LEFT,1,1.0,,,0.0,0.0,2.0,1.0,0.0,,19.25,16.25,19.75,18.75,PASS_BOUNDARY,
INNER_SIDE,LEFT,1,1.0,,,0.0,0.0,2.0,2.0,0.0,,19.25,15.25,19.75,18.75,PASS_BOUNDARY,
INNER_SIDE,LEFT,1,1.0,,,0.0,1.0,0.0,0.0,1.0,,19.25,18.25,19.75,17.75,PASS_BOUNDARY,
INNER_SIDE,LEFT,1,1.0,,,0.0,1.0,0.0,1.0,1.0,,19.25,17.25,19.75,17.75,PASS_BOUNDARY,
INNER_SIDE,LEFT,1,1.0,,,0.0,1.0,0.0,2.0,1.0,,19.25,16.25,19.75,17.75,PASS_BOUNDARY,
INNER_SIDE,LEFT,1,1.0,,,0.0,1.0,1.0,0.0,1.0,,19.25,17.25,19.75,17.75,PASS_BOUNDARY,
INNER_SIDE,LEFT,1,1.0,,,0.0,1.0,1.0,1.0,1.0,,19.25,16.25,19.75,17.75,PASS_BOUNDARY,
INNER_SIDE,LEFT,1,1.0,,,0.0,1.0,1.0,2.0,1.0,,19.25,15.25,19.75,17.75,PASS_BOUNDARY,
INNER_SIDE,LEFT,1,1.0,,,0.0,1.0,2.0,0.0,1.0,,19.25,16.25,19.75,17.75,PASS_BOUNDARY,
INNER_SIDE,LEFT,1,1.0,,,0.0,1.0,2.0,1.0,1.0,,19.25,15.25,19.75,17.75,PASS_BOUNDARY,
INNER_SIDE,LEFT,1,1.0,,,0.0,1.0,2.0,2.0,1.0,,19.25,14.25,19.75,17.75,PASS_BOUNDARY,
INNER_SIDE,LEFT,1,1.0,,,1.0,-1.0,0.0,0.0,2.0,,19.25,17.25,19.75,16.75,PASS_BOUNDARY,
INNER_SIDE,LEFT,1,1.0,,,1.0,-1.0,0.0,1.0,2.0,,19.25,16.25,19.75,16.75,PASS_BOUNDARY,
INNER_SIDE,LEFT,1,1.0,,,1.0,-1.0,0.0,2.0,2.0,,19.25,15.25,19.75,16.75,PASS_BOUNDARY,
INNER_SIDE,LEFT,1,1.0,,,1.0,-1.0,1.0,0.0,2.0,,19.25,16.25,19.75,16.75,PASS_BOUNDARY,
INNER_SIDE,LEFT,1,1.0,,,1.0,-1.0,1.0,1.0,2.0,,19.25,15.25,19.75,16.75,PASS_BOUNDARY,
INNER_SIDE,LEFT,1,1.0,,,1.0,-1.0,1.0,2.0,2.0,,19.25,14.25,19.75,16.75,PASS_BOUNDARY,
INNER_SIDE,LEFT,1,1.0,,,1.0,-1.0,2.0,0.0,2.0,,19.25,15.25,19.75,16.75,PASS_BOUNDARY,
INNER_SIDE,LEFT,1,1.0,,,1.0,-1.0,2.0,1.0,2.0,,19.25,14.25,19.75,16.75,PASS_BOUNDARY,
INNER_SIDE,LEFT,1,1.0,,,1.0,-1.0,2.0,2.0,2.0,,19.25,13.25,19.75,16.75,PASS_BOUNDARY,
INNER_SIDE,LEFT,1,1.0,,,1.0,0.0,0.0,0.0,1.0,,19.25,18.25,19.75,17.75,PASS_BOUNDARY,
INNER_SIDE,LEFT,1,1.0,,,1.0,0.0,0.0,1.0,1.0,,19.25,17.25,19.75,17.75,PASS_BOUNDARY,
INNER_SIDE,LEFT,1,1.0,,,1.0,0.0,0.0,2.0,1.0,,19.25,16.25,19.75,17.75,PASS_BOUNDARY,
INNER_SIDE,LEFT,1,1.0,,,1.0,0.0,1.0,0.0,1.0,,19.25,17.25,19.75,17.75,PASS_BOUNDARY,
INNER_SIDE,LEFT,1,1.0,,,1.0,0.0,1.0,1.0,1.0,,19.25,16.25,19.75,17.75,PASS_BOUNDARY,
INNER_SIDE,LEFT,1,1.0,,,1.0,0.0,1.0,2.0,1.0,,19.25,15.25,19.75,17.75,PASS_BOUNDARY,
INNER_SIDE,LEFT,1,1.0,,,1.0,0.0,2.0,0.0,1.0,,19.25,16.25,19.75,17.75,PASS_BOUNDARY,
INNER_SIDE,LEFT,1,1.0,,,1.0,0.0,2.0,1.0,1.0,,19.25,15.25,19.75,17.75,PASS_BOUNDARY,
INNER_SIDE,LEFT,1,1.0,,,1.0,0.0,2.0,2.0,1.0,,19.25,14.25,19.75,17.75,PASS_BOUNDARY,
INNER_SIDE,LEFT,1,1.0,,,1.0,1.0,0.0,0.0,0.0,,19.25,19.25,19.75,18.75,PASS_BOUNDARY,
INNER_SIDE,LEFT,1,1.0,,,1.0,1.0,0.0,1.0,0.0,,19.25,18.25,19.75,18.75,PASS_BOUNDARY,
INNER_SIDE,LEFT,1,1.0,,,1.0,1.0,0.0,2.0,0.0,,19.25,17.25,19.75,18.75,PASS_BOUNDARY,
INNER_SIDE,LEFT,1,1.0,,,1.0,1.0,1.0,0.0,0.0,,19.25,18.25,19.75,18.75,PASS_BOUNDARY,
INNER_SIDE,LEFT,1,1.0,,,1.0,1.0,1.0,1.0,0.0,,19.25,17.25,19.75,18.75,PASS_BOUNDARY,
INNER_SIDE,LEFT,1,1.0,,,1.0,1.0,1.0,2.0,0.0,,19.25,16.25,19.75,18.75,PASS_BOUNDARY,
INNER_SIDE,LEFT,1,1.0,,,1.0,1.0,2.0,0.0,0.0,,19.25,17.25,19.75,18.75,PASS_BOUNDARY,
INNER_SIDE,LEFT,1,1.0,,,1.0,1.0,2.0,1.0,0.0,,19.25,16.25,19.75,18.75,PASS_BOUNDARY,
INNER_SIDE,LEFT,1,1.0,,,1.0,1.0,2.0,2.0,0.0,,19.25,15.25,19.75,18.75,PASS_BOUNDARY,
INNER_SIDE,LEFT,1,1.5,,,-1.0,-1.0,0.0,0.0,0.0,,19.25,19.25,19.75,18.25,PASS_BOUNDARY,
INNER_SIDE,LEFT,1,1.5,,,-1.0,-1.0,0.0,1.0,0.0,,19.25,18.25,19.75,18.25,PASS_BOUNDARY,
INNER_SIDE,LEFT,1,1.5,,,-1.0,-1.0,0.0,2.0,0.0,,19.25,17.25,19.75,18.25,PASS_BOUNDARY,
INNER_SIDE,LEFT,1,1.5,,,-1.0,-1.0,1.0,0.0,0.0,,19.25,18.25,19.75,18.25,PASS_BOUNDARY,
INNER_SIDE,LEFT,1,1.5,,,-1.0,-1.0,1.0,1.0,0.0,,19.25,17.25,19.75,18.25,PASS_BOUNDARY,
INNER_SIDE,LEFT,1,1.5,,,-1.0,-1.0,1.0,2.0,0.0,,19.25,16.25,19.75,18.25,PASS_BOUNDARY,
INNER_SIDE,LEFT,1,1.5,,,-1.0,-1.0,2.0,0.0,0.0,,19.25,17.25,19.75,18.25,PASS_BOUNDARY,
INNER_SIDE,LEFT,1,1.5,,,-1.0,-1.0,2.0,1.0,0.0,,19.25,16.25,19.75,18.25,PASS_BOUNDARY,
INNER_SIDE,LEFT,1,1.5,,,-1.0,-1.0,2.0,2.0,0.0,,19.25,15.25,19.75,18.25,PASS_BOUNDARY,
INNER_SIDE,LEFT,1,1.5,,,-1.0,0.0,0.0,0.0,1.0,,19.25,18.25,19.75,17.25,PASS_BOUNDARY,
INNER_SIDE,LEFT,1,1.5,,,-1.0,0.0,0.0,1.0,1.0,,19.25,17.25,19.75,17.25,PASS_BOUNDARY,
INNER_SIDE,LEFT,1,1.5,,,-1.0,0.0,0.0,2.0,1.0,,19.25,16.25,19.75,17.25,PASS_BOUNDARY,
INNER_SIDE,LEFT,1,1.5,,,-1.0,0.0,1.0,0.0,1.0,,19.25,17.25,19.75,17.25,PASS_BOUNDARY,
INNER_SIDE,LEFT,1,1.5,,,-1.0,0.0,1.0,1.0,1.0,,19.25,16.25,19.75,17.25,PASS_BOUNDARY,
INNER_SIDE,LEFT,1,1.5,,,-1.0,0.0,1.0,2.0,1.0,,19.25,15.25,19.75,17.25,PASS_BOUNDARY,
INNER_SIDE,LEFT,1,1.5,,,-1.0,0.0,2.0,0.0,1.0,,19.25,16.25,19.75,17.25,PASS_BOUNDARY,
INNER_SIDE,LEFT,1,1.5,,,-1.0,0.0,2.0,1.0,1.0,,19.25,15.25,19.75,17.25,PASS_BOUNDARY,
INNER_SIDE,LEFT,1,1.5,,,-1.0,0.0,2.0,2.0,1.0,,19.25,14.25,19.75,17.25,PASS_BOUNDARY,
INNER_SIDE,LEFT,1,1.5,,,-1.0,1.0,0.0,0.0,2.0,,19.25,17.25,19.75,16.25,PASS_BOUNDARY,
INNER_SIDE,LEFT,1,1.5,,,-1.0,1.0,0.0,1.0,2.0,,19.25,16.25,19.75,16.25,PASS_BOUNDARY,
INNER_SIDE,LEFT,1,1.5,,,-1.0,1.0,0.0,2.0,2.0,,19.25,15.25,19.75,16.25,PASS_BOUNDARY,
INNER_SIDE,LEFT,1,1.5,,,-1.0,1.0,1.0,0.0,2.0,,19.25,16.25,19.75,16.25,PASS_BOUNDARY,
INNER_SIDE,LEFT,1,1.5,,,-1.0,1.0,1.0,1.0,2.0,,19.25,15.25,19.75,16.25,PASS_BOUNDARY,
INNER_SIDE,LEFT,1,1.5,,,-1.0,1.0,1.0,2.0,2.0,,19.25,14.25,19.75,16.25,PASS_BOUNDARY,
INNER_SIDE,LEFT,1,1.5,,,-1.0,1.0,2.0,0.0,2.0,,19.25,15.25,19.75,16.25,PASS_BOUNDARY,
INNER_SIDE,LEFT,1,1.5,,,-1.0,1.0,2.0,1.0,2.0,,19.25,14.25,19.75,16.25,PASS_BOUNDARY,
INNER_SIDE,LEFT,1,1.5,,,-1.0,1.0,2.0,2.0,2.0,,19.25,13.25,19.75,16.25,PASS_BOUNDARY,
INNER_SIDE,LEFT,1,1.5,,,0.0,-1.0,0.0,0.0,1.0,,19.25,18.25,19.75,17.25,PASS_BOUNDARY,
INNER_SIDE,LEFT,1,1.5,,,0.0,-1.0,0.0,1.0,1.0,,19.25,17.25,19.75,17.25,PASS_BOUNDARY,
INNER_SIDE,LEFT,1,1.5,,,0.0,-1.0,0.0,2.0,1.0,,19.25,16.25,19.75,17.25,PASS_BOUNDARY,
INNER_SIDE,LEFT,1,1.5,,,0.0,-1.0,1.0,0.0,1.0,,19.25,17.25,19.75,17.25,PASS_BOUNDARY,
INNER_SIDE,LEFT,1,1.5,,,0.0,-1.0,1.0,1.0,1.0,,19.25,16.25,19.75,17.25,PASS_BOUNDARY,
INNER_SIDE,LEFT,1,1.5,,,0.0,-1.0,1.0,2.0,1.0,,19.25,15.25,19.75,17.25,PASS_BOUNDARY,
INNER_SIDE,LEFT,1,1.5,,,0.0,-1.0,2.0,0.0,1.0,,19.25,16.25,19.75,17.25,PASS_BOUNDARY,
INNER_SIDE,LEFT,1,1.5,,,0.0,-1.0,2.0,1.0,1.0,,19.25,15.25,19.75,17.25,PASS_BOUNDARY,
INNER_SIDE,LEFT,1,1.5,,,0.0,-1.0,2.0,2.0,1.0,,19.25,14.25,19.75,17.25,PASS_BOUNDARY,
INNER_SIDE,LEFT,1,1.5,,,0.0,0.0,0.0,0.0,0.0,,19.25,19.25,19.75,18.25,PASS_BOUNDARY,
INNER_SIDE,LEFT,1,1.5,,,0.0,0.0,0.0,1.0,0.0,,19.25,18.25,19.75,18.25,PASS_BOUNDARY,
INNER_SIDE,LEFT,1,1.5,,,0.0,0.0,0.0,2.0,0.0,,19.25,17.25,19.75,18.25,PASS_BOUNDARY,
INNER_SIDE,LEFT,1,1.5,,,0.0,0.0,1.0,0.0,0.0,,19.25,18.25,19.75,18.25,PASS_BOUNDARY,
INNER_SIDE,LEFT,1,1.5,,,0.0,0.0,1.0,1.0,0.0,,19.25,17.25,19.75,18.25,PASS_BOUNDARY,
INNER_SIDE,LEFT,1,1.5,,,0.0,0.0,1.0,2.0,0.0,,19.25,16.25,19.75,18.25,PASS_BOUNDARY,
INNER_SIDE,LEFT,1,1.5,,,0.0,0.0,2.0,0.0,0.0,,19.25,17.25,19.75,18.25,PASS_BOUNDARY,
INNER_SIDE,LEFT,1,1.5,,,0.0,0.0,2.0,1.0,0.0,,19.25,16.25,19.75,18.25,PASS_BOUNDARY,
INNER_SIDE,LEFT,1,1.5,,,0.0,0.0,2.0,2.0,0.0,,19.25,15.25,19.75,18.25,PASS_BOUNDARY,
INNER_SIDE,LEFT,1,1.5,,,0.0,1.0,0.0,0.0,1.0,,19.25,18.25,19.75,17.25,PASS_BOUNDARY,
INNER_SIDE,LEFT,1,1.5,,,0.0,1.0,0.0,1.0,1.0,,19.25,17.25,19.75,17.25,PASS_BOUNDARY,
INNER_SIDE,LEFT,1,1.5,,,0.0,1.0,0.0,2.0,1.0,,19.25,16.25,19.75,17.25,PASS_BOUNDARY,
INNER_SIDE,LEFT,1,1.5,,,0.0,1.0,1.0,0.0,1.0,,19.25,17.25,19.75,17.25,PASS_BOUNDARY,
INNER_SIDE,LEFT,1,1.5,,,0.0,1.0,1.0,1.0,1.0,,19.25,16.25,19.75,17.25,PASS_BOUNDARY,
INNER_SIDE,LEFT,1,1.5,,,0.0,1.0,1.0,2.0,1.0,,19.25,15.25,19.75,17.25,PASS_BOUNDARY,
INNER_SIDE,LEFT,1,1.5,,,0.0,1.0,2.0,0.0,1.0,,19.25,16.25,19.75,17.25,PASS_BOUNDARY,
INNER_SIDE,LEFT,1,1.5,,,0.0,1.0,2.0,1.0,1.0,,19.25,15.25,19.75,17.25,PASS_BOUNDARY,
INNER_SIDE,LEFT,1,1.5,,,0.0,1.0,2.0,2.0,1.0,,19.25,14.25,19.75,17.25,PASS_BOUNDARY,
INNER_SIDE,LEFT,1,1.5,,,1.0,-1.0,0.0,0.0,2.0,,19.25,17.25,19.75,16.25,PASS_BOUNDARY,
INNER_SIDE,LEFT,1,1.5,,,1.0,-1.0,0.0,1.0,2.0,,19.25,16.25,19.75,16.25,PASS_BOUNDARY,
INNER_SIDE,LEFT,1,1.5,,,1.0,-1.0,0.0,2.0,2.0,,19.25,15.25,19.75,16.25,PASS_BOUNDARY,
INNER_SIDE,LEFT,1,1.5,,,1.0,-1.0,1.0,0.0,2.0,,19.25,16.25,19.75,16.25,PASS_BOUNDARY,
INNER_SIDE,LEFT,1,1.5,,,1.0,-1.0,1.0,1.0,2.0,,19.25,15.25,19.75,16.25,PASS_BOUNDARY,
INNER_SIDE,LEFT,1,1.5,,,1.0,-1.0,1.0,2.0,2.0,,19.25,14.25,19.75,16.25,PASS_BOUNDARY,
INNER_SIDE,LEFT,1,1.5,,,1.0,-1.0,2.0,0.0,2.0,,19.25,15.25,19.75,16.25,PASS_BOUNDARY,
INNER_SIDE,LEFT,1,1.5,,,1.0,-1.0,2.0,1.0,2.0,,19.25,14.25,19.75,16.25,PASS_BOUNDARY,
INNER_SIDE,LEFT,1,1.5,,,1.0,-1.0,2.0,2.0,2.0,,19.25,13.25,19.75,16.25,PASS_BOUNDARY,
INNER_SIDE,LEFT,1,1.5,,,1.0,0.0,0.0,0.0,1.0,,19.25,18.25,19.75,17.25,PASS_BOUNDARY,
INNER_SIDE,LEFT,1,1.5,,,1.0,0.0,0.0,1.0,1.0,,19.25,17.25,19.75,17.25,PASS_BOUNDARY,
INNER_SIDE,LEFT,1,1.5,,,1.0,0.0,0.0,2.0,1.0,,19.25,16.25,19.75,17.25,PASS_BOUNDARY,
INNER_SIDE,LEFT,1,1.5,,,1.0,0.0,1.0,0.0,1.0,,19.25,17.25,19.75,17.25,PASS_BOUNDARY,
INNER_SIDE,LEFT,1,1.5,,,1.0,0.0,1.0,1.0,1.0,,19.25,16.25,19.75,17.25,PASS_BOUNDARY,
INNER_SIDE,LEFT,1,1.5,,,1.0,0.0,1.0,2.0,1.0,,19.25,15.25,19.75,17.25,PASS_BOUNDARY,
INNER_SIDE,LEFT,1,1.5,,,1.0,0.0,2.0,0.0,1.0,,19.25,16.25,19.75,17.25,PASS_BOUNDARY,
INNER_SIDE,LEFT,1,1.5,,,1.0,0.0,2.0,1.0,1.0,,19.25,15.25,19.75,17.25,PASS_BOUNDARY,
INNER_SIDE,LEFT,1,1.5,,,1.0,0.0,2.0,2.0,1.0,,19.25,14.25,19.75,17.25,PASS_BOUNDARY,
INNER_SIDE,LEFT,1,1.5,,,1.0,1.0,0.0,0.0,0.0,,19.25,19.25,19.75,18.25,PASS_BOUNDARY,
INNER_SIDE,LEFT,1,1.5,,,1.0,1.0,0.0,1.0,0.0,,19.25,18.25,19.75,18.25,PASS_BOUNDARY,
INNER_SIDE,LEFT,1,1.5,,,1.0,1.0,0.0,2.0,0.0,,19.25,17.25,19.75,18.25,PASS_BOUNDARY,
INNER_SIDE,LEFT,1,1.5,,,1.0,1.0,1.0,0.0,0.0,,19.25,18.25,19.75,18.25,PASS_BOUNDARY,
INNER_SIDE,LEFT,1,1.5,,,1.0,1.0,1.0,1.0,0.0,,19.25,17.25,19.75,18.25,PASS_BOUNDARY,
INNER_SIDE,LEFT,1,1.5,,,1.0,1.0,1.0,2.0,0.0,,19.25,16.25,19.75,18.25,PASS_BOUNDARY,
INNER_SIDE,LEFT,1,1.5,,,1.0,1.0,2.0,0.0,0.0,,19.25,17.25,19.75,18.25,PASS_BOUNDARY,
INNER_SIDE,LEFT,1,1.5,,,1.0,1.0,2.0,1.0,0.0,,19.25,16.25,19.75,18.25,PASS_BOUNDARY,
INNER_SIDE,LEFT,1,1.5,,,1.0,1.0,2.0,2.0,0.0,,19.25,15.25,19.75,18.25,PASS_BOUNDARY,
INNER_SIDE,LEFT,2,0.0,,,-1.0,-1.0,0.0,0.0,0.0,,18.25,18.25,18.75,18.75,PASS_BOUNDARY,
INNER_SIDE,LEFT,2,0.0,,,-1.0,-1.0,0.0,1.0,0.0,,18.25,17.25,18.75,18.75,PASS_BOUNDARY,
INNER_SIDE,LEFT,2,0.0,,,-1.0,-1.0,0.0,2.0,0.0,,18.25,16.25,18.75,18.75,PASS_BOUNDARY,
INNER_SIDE,LEFT,2,0.0,,,-1.0,-1.0,1.0,0.0,0.0,,18.25,17.25,18.75,18.75,PASS_BOUNDARY,
INNER_SIDE,LEFT,2,0.0,,,-1.0,-1.0,1.0,1.0,0.0,,18.25,16.25,18.75,18.75,PASS_BOUNDARY,
INNER_SIDE,LEFT,2,0.0,,,-1.0,-1.0,1.0,2.0,0.0,,18.25,15.25,18.75,18.75,PASS_BOUNDARY,
INNER_SIDE,LEFT,2,0.0,,,-1.0,-1.0,2.0,0.0,0.0,,18.25,16.25,18.75,18.75,PASS_BOUNDARY,
INNER_SIDE,LEFT,2,0.0,,,-1.0,-1.0,2.0,1.0,0.0,,18.25,15.25,18.75,18.75,PASS_BOUNDARY,
INNER_SIDE,LEFT,2,0.0,,,-1.0,-1.0,2.0,2.0,0.0,,18.25,14.25,18.75,18.75,PASS_BOUNDARY,
INNER_SIDE,LEFT,2,0.0,,,-1.0,0.0,0.0,0.0,1.0,,18.25,17.25,18.75,17.75,PASS_BOUNDARY,
INNER_SIDE,LEFT,2,0.0,,,-1.0,0.0,0.0,1.0,1.0,,18.25,16.25,18.75,17.75,PASS_BOUNDARY,
INNER_SIDE,LEFT,2,0.0,,,-1.0,0.0,0.0,2.0,1.0,,18.25,15.25,18.75,17.75,PASS_BOUNDARY,
INNER_SIDE,LEFT,2,0.0,,,-1.0,0.0,1.0,0.0,1.0,,18.25,16.25,18.75,17.75,PASS_BOUNDARY,
INNER_SIDE,LEFT,2,0.0,,,-1.0,0.0,1.0,1.0,1.0,,18.25,15.25,18.75,17.75,PASS_BOUNDARY,
INNER_SIDE,LEFT,2,0.0,,,-1.0,0.0,1.0,2.0,1.0,,18.25,14.25,18.75,17.75,PASS_BOUNDARY,
INNER_SIDE,LEFT,2,0.0,,,-1.0,0.0,2.0,0.0,1.0,,18.25,15.25,18.75,17.75,PASS_BOUNDARY,
INNER_SIDE,LEFT,2,0.0,,,-1.0,0.0,2.0,1.0,1.0,,18.25,14.25,18.75,17.75,PASS_BOUNDARY,
INNER_SIDE,LEFT,2,0.0,,,-1.0,0.0,2.0,2.0,1.0,,18.25,13.25,18.75,17.75,PASS_BOUNDARY,
INNER_SIDE,LEFT,2,0.0,,,-1.0,1.0,0.0,0.0,2.0,,18.25,16.25,18.75,16.75,PASS_BOUNDARY,
INNER_SIDE,LEFT,2,0.0,,,-1.0,1.0,0.0,1.0,2.0,,18.25,15.25,18.75,16.75,PASS_BOUNDARY,
INNER_SIDE,LEFT,2,0.0,,,-1.0,1.0,0.0,2.0,2.0,,18.25,14.25,18.75,16.75,PASS_BOUNDARY,
INNER_SIDE,LEFT,2,0.0,,,-1.0,1.0,1.0,0.0,2.0,,18.25,15.25,18.75,16.75,PASS_BOUNDARY,
INNER_SIDE,LEFT,2,0.0,,,-1.0,1.0,1.0,1.0,2.0,,18.25,14.25,18.75,16.75,PASS_BOUNDARY,
INNER_SIDE,LEFT,2,0.0,,,-1.0,1.0,1.0,2.0,2.0,,18.25,13.25,18.75,16.75,PASS_BOUNDARY,
INNER_SIDE,LEFT,2,0.0,,,-1.0,1.0,2.0,0.0,2.0,,18.25,14.25,18.75,16.75,PASS_BOUNDARY,
INNER_SIDE,LEFT,2,0.0,,,-1.0,1.0,2.0,1.0,2.0,,18.25,13.25,18.75,16.75,PASS_BOUNDARY,
INNER_SIDE,LEFT,2,0.0,,,-1.0,1.0,2.0,2.0,2.0,,18.25,12.25,18.75,16.75,PASS_BOUNDARY,
INNER_SIDE,LEFT,2,0.0,,,0.0,-1.0,0.0,0.0,1.0,,18.25,17.25,18.75,17.75,PASS_BOUNDARY,
INNER_SIDE,LEFT,2,0.0,,,0.0,-1.0,0.0,1.0,1.0,,18.25,16.25,18.75,17.75,PASS_BOUNDARY,
INNER_SIDE,LEFT,2,0.0,,,0.0,-1.0,0.0,2.0,1.0,,18.25,15.25,18.75,17.75,PASS_BOUNDARY,
INNER_SIDE,LEFT,2,0.0,,,0.0,-1.0,1.0,0.0,1.0,,18.25,16.25,18.75,17.75,PASS_BOUNDARY,
INNER_SIDE,LEFT,2,0.0,,,0.0,-1.0,1.0,1.0,1.0,,18.25,15.25,18.75,17.75,PASS_BOUNDARY,
INNER_SIDE,LEFT,2,0.0,,,0.0,-1.0,1.0,2.0,1.0,,18.25,14.25,18.75,17.75,PASS_BOUNDARY,
INNER_SIDE,LEFT,2,0.0,,,0.0,-1.0,2.0,0.0,1.0,,18.25,15.25,18.75,17.75,PASS_BOUNDARY,
INNER_SIDE,LEFT,2,0.0,,,0.0,-1.0,2.0,1.0,1.0,,18.25,14.25,18.75,17.75,PASS_BOUNDARY,
INNER_SIDE,LEFT,2,0.0,,,0.0,-1.0,2.0,2.0,1.0,,18.25,13.25,18.75,17.75,PASS_BOUNDARY,
INNER_SIDE,LEFT,2,0.0,,,0.0,0.0,0.0,0.0,0.0,,18.25,18.25,18.75,18.75,PASS_BOUNDARY,
INNER_SIDE,LEFT,2,0.0,,,0.0,0.0,0.0,1.0,0.0,,18.25,17.25,18.75,18.75,PASS_BOUNDARY,
INNER_SIDE,LEFT,2,0.0,,,0.0,0.0,0.0,2.0,0.0,,18.25,16.25,18.75,18.75,PASS_BOUNDARY,
INNER_SIDE,LEFT,2,0.0,,,0.0,0.0,1.0,0.0,0.0,,18.25,17.25,18.75,18.75,PASS_BOUNDARY,
INNER_SIDE,LEFT,2,0.0,,,0.0,0.0,1.0,1.0,0.0,,18.25,16.25,18.75,18.75,PASS_BOUNDARY,
INNER_SIDE,LEFT,2,0.0,,,0.0,0.0,1.0,2.0,0.0,,18.25,15.25,18.75,18.75,PASS_BOUNDARY,
INNER_SIDE,LEFT,2,0.0,,,0.0,0.0,2.0,0.0,0.0,,18.25,16.25,18.75,18.75,PASS_BOUNDARY,
INNER_SIDE,LEFT,2,0.0,,,0.0,0.0,2.0,1.0,0.0,,18.25,15.25,18.75,18.75,PASS_BOUNDARY,
INNER_SIDE,LEFT,2,0.0,,,0.0,0.0,2.0,2.0,0.0,,18.25,14.25,18.75,18.75,PASS_BOUNDARY,
INNER_SIDE,LEFT,2,0.0,,,0.0,1.0,0.0,0.0,1.0,,18.25,17.25,18.75,17.75,PASS_BOUNDARY,
INNER_SIDE,LEFT,2,0.0,,,0.0,1.0,0.0,1.0,1.0,,18.25,16.25,18.75,17.75,PASS_BOUNDARY,
INNER_SIDE,LEFT,2,0.0,,,0.0,1.0,0.0,2.0,1.0,,18.25,15.25,18.75,17.75,PASS_BOUNDARY,
INNER_SIDE,LEFT,2,0.0,,,0.0,1.0,1.0,0.0,1.0,,18.25,16.25,18.75,17.75,PASS_BOUNDARY,
INNER_SIDE,LEFT,2,0.0,,,0.0,1.0,1.0,1.0,1.0,,18.25,15.25,18.75,17.75,PASS_BOUNDARY,
INNER_SIDE,LEFT,2,0.0,,,0.0,1.0,1.0,2.0,1.0,,18.25,14.25,18.75,17.75,PASS_BOUNDARY,
INNER_SIDE,LEFT,2,0.0,,,0.0,1.0,2.0,0.0,1.0,,18.25,15.25,18.75,17.75,PASS_BOUNDARY,
INNER_SIDE,LEFT,2,0.0,,,0.0,1.0,2.0,1.0,1.0,,18.25,14.25,18.75,17.75,PASS_BOUNDARY,
INNER_SIDE,LEFT,2,0.0,,,0.0,1.0,2.0,2.0,1.0,,18.25,13.25,18.75,17.75,PASS_BOUNDARY,
INNER_SIDE,LEFT,2,0.0,,,1.0,-1.0,0.0,0.0,2.0,,18.25,16.25,18.75,16.75,PASS_BOUNDARY,
INNER_SIDE,LEFT,2,0.0,,,1.0,-1.0,0.0,1.0,2.0,,18.25,15.25,18.75,16.75,PASS_BOUNDARY,
INNER_SIDE,LEFT,2,0.0,,,1.0,-1.0,0.0,2.0,2.0,,18.25,14.25,18.75,16.75,PASS_BOUNDARY,
INNER_SIDE,LEFT,2,0.0,,,1.0,-1.0,1.0,0.0,2.0,,18.25,15.25,18.75,16.75,PASS_BOUNDARY,
INNER_SIDE,LEFT,2,0.0,,,1.0,-1.0,1.0,1.0,2.0,,18.25,14.25,18.75,16.75,PASS_BOUNDARY,
INNER_SIDE,LEFT,2,0.0,,,1.0,-1.0,1.0,2.0,2.0,,18.25,13.25,18.75,16.75,PASS_BOUNDARY,
INNER_SIDE,LEFT,2,0.0,,,1.0,-1.0,2.0,0.0,2.0,,18.25,14.25,18.75,16.75,PASS_BOUNDARY,
INNER_SIDE,LEFT,2,0.0,,,1.0,-1.0,2.0,1.0,2.0,,18.25,13.25,18.75,16.75,PASS_BOUNDARY,
INNER_SIDE,LEFT,2,0.0,,,1.0,-1.0,2.0,2.0,2.0,,18.25,12.25,18.75,16.75,PASS_BOUNDARY,
INNER_SIDE,LEFT,2,0.0,,,1.0,0.0,0.0,0.0,1.0,,18.25,17.25,18.75,17.75,PASS_BOUNDARY,
INNER_SIDE,LEFT,2,0.0,,,1.0,0.0,0.0,1.0,1.0,,18.25,16.25,18.75,17.75,PASS_BOUNDARY,
INNER_SIDE,LEFT,2,0.0,,,1.0,0.0,0.0,2.0,1.0,,18.25,15.25,18.75,17.75,PASS_BOUNDARY,
INNER_SIDE,LEFT,2,0.0,,,1.0,0.0,1.0,0.0,1.0,,18.25,16.25,18.75,17.75,PASS_BOUNDARY,
INNER_SIDE,LEFT,2,0.0,,,1.0,0.0,1.0,1.0,1.0,,18.25,15.25,18.75,17.75,PASS_BOUNDARY,
INNER_SIDE,LEFT,2,0.0,,,1.0,0.0,1.0,2.0,1.0,,18.25,14.25,18.75,17.75,PASS_BOUNDARY,
INNER_SIDE,LEFT,2,0.0,,,1.0,0.0,2.0,0.0,1.0,,18.25,15.25,18.75,17.75,PASS_BOUNDARY,
INNER_SIDE,LEFT,2,0.0,,,1.0,0.0,2.0,1.0,1.0,,18.25,14.25,18.75,17.75,PASS_BOUNDARY,
INNER_SIDE,LEFT,2,0.0,,,1.0,0.0,2.0,2.0,1.0,,18.25,13.25,18.75,17.75,PASS_BOUNDARY,
INNER_SIDE,LEFT,2,0.0,,,1.0,1.0,0.0,0.0,0.0,,18.25,18.25,18.75,18.75,PASS_BOUNDARY,
INNER_SIDE,LEFT,2,0.0,,,1.0,1.0,0.0,1.0,0.0,,18.25,17.25,18.75,18.75,PASS_BOUNDARY,
INNER_SIDE,LEFT,2,0.0,,,1.0,1.0,0.0,2.0,0.0,,18.25,16.25,18.75,18.75,PASS_BOUNDARY,
INNER_SIDE,LEFT,2,0.0,,,1.0,1.0,1.0,0.0,0.0,,18.25,17.25,18.75,18.75,PASS_BOUNDARY,
INNER_SIDE,LEFT,2,0.0,,,1.0,1.0,1.0,1.0,0.0,,18.25,16.25,18.75,18.75,PASS_BOUNDARY,
INNER_SIDE,LEFT,2,0.0,,,1.0,1.0,1.0,2.0,0.0,,18.25,15.25,18.75,18.75,PASS_BOUNDARY,
INNER_SIDE,LEFT,2,0.0,,,1.0,1.0,2.0,0.0,0.0,,18.25,16.25,18.75,18.75,PASS_BOUNDARY,
INNER_SIDE,LEFT,2,0.0,,,1.0,1.0,2.0,1.0,0.0,,18.25,15.25,18.75,18.75,PASS_BOUNDARY,
INNER_SIDE,LEFT,2,0.0,,,1.0,1.0,2.0,2.0,0.0,,18.25,14.25,18.75,18.75,PASS_BOUNDARY,
INNER_SIDE,LEFT,2,0.5,,,-1.0,-1.0,0.0,0.0,0.0,,18.25,18.25,18.75,18.25,PASS_BOUNDARY,
INNER_SIDE,LEFT,2,0.5,,,-1.0,-1.0,0.0,1.0,0.0,,18.25,17.25,18.75,18.25,PASS_BOUNDARY,
INNER_SIDE,LEFT,2,0.5,,,-1.0,-1.0,0.0,2.0,0.0,,18.25,16.25,18.75,18.25,PASS_BOUNDARY,
INNER_SIDE,LEFT,2,0.5,,,-1.0,-1.0,1.0,0.0,0.0,,18.25,17.25,18.75,18.25,PASS_BOUNDARY,
INNER_SIDE,LEFT,2,0.5,,,-1.0,-1.0,1.0,1.0,0.0,,18.25,16.25,18.75,18.25,PASS_BOUNDARY,
INNER_SIDE,LEFT,2,0.5,,,-1.0,-1.0,1.0,2.0,0.0,,18.25,15.25,18.75,18.25,PASS_BOUNDARY,
INNER_SIDE,LEFT,2,0.5,,,-1.0,-1.0,2.0,0.0,0.0,,18.25,16.25,18.75,18.25,PASS_BOUNDARY,
INNER_SIDE,LEFT,2,0.5,,,-1.0,-1.0,2.0,1.0,0.0,,18.25,15.25,18.75,18.25,PASS_BOUNDARY,
INNER_SIDE,LEFT,2,0.5,,,-1.0,-1.0,2.0,2.0,0.0,,18.25,14.25,18.75,18.25,PASS_BOUNDARY,
INNER_SIDE,LEFT,2,0.5,,,-1.0,0.0,0.0,0.0,1.0,,18.25,17.25,18.75,17.25,PASS_BOUNDARY,
INNER_SIDE,LEFT,2,0.5,,,-1.0,0.0,0.0,1.0,1.0,,18.25,16.25,18.75,17.25,PASS_BOUNDARY,
INNER_SIDE,LEFT,2,0.5,,,-1.0,0.0,0.0,2.0,1.0,,18.25,15.25,18.75,17.25,PASS_BOUNDARY,
INNER_SIDE,LEFT,2,0.5,,,-1.0,0.0,1.0,0.0,1.0,,18.25,16.25,18.75,17.25,PASS_BOUNDARY,
INNER_SIDE,LEFT,2,0.5,,,-1.0,0.0,1.0,1.0,1.0,,18.25,15.25,18.75,17.25,PASS_BOUNDARY,
INNER_SIDE,LEFT,2,0.5,,,-1.0,0.0,1.0,2.0,1.0,,18.25,14.25,18.75,17.25,PASS_BOUNDARY,
INNER_SIDE,LEFT,2,0.5,,,-1.0,0.0,2.0,0.0,1.0,,18.25,15.25,18.75,17.25,PASS_BOUNDARY,
INNER_SIDE,LEFT,2,0.5,,,-1.0,0.0,2.0,1.0,1.0,,18.25,14.25,18.75,17.25,PASS_BOUNDARY,
INNER_SIDE,LEFT,2,0.5,,,-1.0,0.0,2.0,2.0,1.0,,18.25,13.25,18.75,17.25,PASS_BOUNDARY,
INNER_SIDE,LEFT,2,0.5,,,-1.0,1.0,0.0,0.0,2.0,,18.25,16.25,18.75,16.25,PASS_BOUNDARY,
INNER_SIDE,LEFT,2,0.5,,,-1.0,1.0,0.0,1.0,2.0,,18.25,15.25,18.75,16.25,PASS_BOUNDARY,
INNER_SIDE,LEFT,2,0.5,,,-1.0,1.0,0.0,2.0,2.0,,18.25,14.25,18.75,16.25,PASS_BOUNDARY,
INNER_SIDE,LEFT,2,0.5,,,-1.0,1.0,1.0,0.0,2.0,,18.25,15.25,18.75,16.25,PASS_BOUNDARY,
INNER_SIDE,LEFT,2,0.5,,,-1.0,1.0,1.0,1.0,2.0,,18.25,14.25,18.75,16.25,PASS_BOUNDARY,
INNER_SIDE,LEFT,2,0.5,,,-1.0,1.0,1.0,2.0,2.0,,18.25,13.25,18.75,16.25,PASS_BOUNDARY,
INNER_SIDE,LEFT,2,0.5,,,-1.0,1.0,2.0,0.0,2.0,,18.25,14.25,18.75,16.25,PASS_BOUNDARY,
INNER_SIDE,LEFT,2,0.5,,,-1.0,1.0,2.0,1.0,2.0,,18.25,13.25,18.75,16.25,PASS_BOUNDARY,
INNER_SIDE,LEFT,2,0.5,,,-1.0,1.0,2.0,2.0,2.0,,18.25,12.25,18.75,16.25,PASS_BOUNDARY,
INNER_SIDE,LEFT,2,0.5,,,0.0,-1.0,0.0,0.0,1.0,,18.25,17.25,18.75,17.25,PASS_BOUNDARY,
INNER_SIDE,LEFT,2,0.5,,,0.0,-1.0,0.0,1.0,1.0,,18.25,16.25,18.75,17.25,PASS_BOUNDARY,
INNER_SIDE,LEFT,2,0.5,,,0.0,-1.0,0.0,2.0,1.0,,18.25,15.25,18.75,17.25,PASS_BOUNDARY,
INNER_SIDE,LEFT,2,0.5,,,0.0,-1.0,1.0,0.0,1.0,,18.25,16.25,18.75,17.25,PASS_BOUNDARY,
INNER_SIDE,LEFT,2,0.5,,,0.0,-1.0,1.0,1.0,1.0,,18.25,15.25,18.75,17.25,PASS_BOUNDARY,
INNER_SIDE,LEFT,2,0.5,,,0.0,-1.0,1.0,2.0,1.0,,18.25,14.25,18.75,17.25,PASS_BOUNDARY,
INNER_SIDE,LEFT,2,0.5,,,0.0,-1.0,2.0,0.0,1.0,,18.25,15.25,18.75,17.25,PASS_BOUNDARY,
INNER_SIDE,LEFT,2,0.5,,,0.0,-1.0,2.0,1.0,1.0,,18.25,14.25,18.75,17.25,PASS_BOUNDARY,
INNER_SIDE,LEFT,2,0.5,,,0.0,-1.0,2.0,2.0,1.0,,18.25,13.25,18.75,17.25,PASS_BOUNDARY,
INNER_SIDE,LEFT,2,0.5,,,0.0,0.0,0.0,0.0,0.0,,18.25,18.25,18.75,18.25,PASS_BOUNDARY,
INNER_SIDE,LEFT,2,0.5,,,0.0,0.0,0.0,1.0,0.0,,18.25,17.25,18.75,18.25,PASS_BOUNDARY,
INNER_SIDE,LEFT,2,0.5,,,0.0,0.0,0.0,2.0,0.0,,18.25,16.25,18.75,18.25,PASS_BOUNDARY,
INNER_SIDE,LEFT,2,0.5,,,0.0,0.0,1.0,0.0,0.0,,18.25,17.25,18.75,18.25,PASS_BOUNDARY,
INNER_SIDE,LEFT,2,0.5,,,0.0,0.0,1.0,1.0,0.0,,18.25,16.25,18.75,18.25,PASS_BOUNDARY,
INNER_SIDE,LEFT,2,0.5,,,0.0,0.0,1.0,2.0,0.0,,18.25,15.25,18.75,18.25,PASS_BOUNDARY,
INNER_SIDE,LEFT,2,0.5,,,0.0,0.0,2.0,0.0,0.0,,18.25,16.25,18.75,18.25,PASS_BOUNDARY,
INNER_SIDE,LEFT,2,0.5,,,0.0,0.0,2.0,1.0,0.0,,18.25,15.25,18.75,18.25,PASS_BOUNDARY,
INNER_SIDE,LEFT,2,0.5,,,0.0,0.0,2.0,2.0,0.0,,18.25,14.25,18.75,18.25,PASS_BOUNDARY,
INNER_SIDE,LEFT,2,0.5,,,0.0,1.0,0.0,0.0,1.0,,18.25,17.25,18.75,17.25,PASS_BOUNDARY,
INNER_SIDE,LEFT,2,0.5,,,0.0,1.0,0.0,1.0,1.0,,18.25,16.25,18.75,17.25,PASS_BOUNDARY,
INNER_SIDE,LEFT,2,0.5,,,0.0,1.0,0.0,2.0,1.0,,18.25,15.25,18.75,17.25,PASS_BOUNDARY,
INNER_SIDE,LEFT,2,0.5,,,0.0,1.0,1.0,0.0,1.0,,18.25,16.25,18.75,17.25,PASS_BOUNDARY,
INNER_SIDE,LEFT,2,0.5,,,0.0,1.0,1.0,1.0,1.0,,18.25,15.25,18.75,17.25,PASS_BOUNDARY,
INNER_SIDE,LEFT,2,0.5,,,0.0,1.0,1.0,2.0,1.0,,18.25,14.25,18.75,17.25,PASS_BOUNDARY,
INNER_SIDE,LEFT,2,0.5,,,0.0,1.0,2.0,0.0,1.0,,18.25,15.25,18.75,17.25,PASS_BOUNDARY,
INNER_SIDE,LEFT,2,0.5,,,0.0,1.0,2.0,1.0,1.0,,18.25,14.25,18.75,17.25,PASS_BOUNDARY,
INNER_SIDE,LEFT,2,0.5,,,0.0,1.0,2.0,2.0,1.0,,18.25,13.25,18.75,17.25,PASS_BOUNDARY,
INNER_SIDE,LEFT,2,0.5,,,1.0,-1.0,0.0,0.0,2.0,,18.25,16.25,18.75,16.25,PASS_BOUNDARY,
INNER_SIDE,LEFT,2,0.5,,,1.0,-1.0,0.0,1.0,2.0,,18.25,15.25,18.75,16.25,PASS_BOUNDARY,
INNER_SIDE,LEFT,2,0.5,,,1.0,-1.0,0.0,2.0,2.0,,18.25,14.25,18.75,16.25,PASS_BOUNDARY,
INNER_SIDE,LEFT,2,0.5,,,1.0,-1.0,1.0,0.0,2.0,,18.25,15.25,18.75,16.25,PASS_BOUNDARY,
INNER_SIDE,LEFT,2,0.5,,,1.0,-1.0,1.0,1.0,2.0,,18.25,14.25,18.75,16.25,PASS_BOUNDARY,
INNER_SIDE,LEFT,2,0.5,,,1.0,-1.0,1.0,2.0,2.0,,18.25,13.25,18.75,16.25,PASS_BOUNDARY,
INNER_SIDE,LEFT,2,0.5,,,1.0,-1.0,2.0,0.0,2.0,,18.25,14.25,18.75,16.25,PASS_BOUNDARY,
INNER_SIDE,LEFT,2,0.5,,,1.0,-1.0,2.0,1.0,2.0,,18.25,13.25,18.75,16.25,PASS_BOUNDARY,
INNER_SIDE,LEFT,2,0.5,,,1.0,-1.0,2.0,2.0,2.0,,18.25,12.25,18.75,16.25,PASS_BOUNDARY,
INNER_SIDE,LEFT,2,0.5,,,1.0,0.0,0.0,0.0,1.0,,18.25,17.25,18.75,17.25,PASS_BOUNDARY,
INNER_SIDE,LEFT,2,0.5,,,1.0,0.0,0.0,1.0,1.0,,18.25,16.25,18.75,17.25,PASS_BOUNDARY,
INNER_SIDE,LEFT,2,0.5,,,1.0,0.0,0.0,2.0,1.0,,18.25,15.25,18.75,17.25,PASS_BOUNDARY,
INNER_SIDE,LEFT,2,0.5,,,1.0,0.0,1.0,0.0,1.0,,18.25,16.25,18.75,17.25,PASS_BOUNDARY,
INNER_SIDE,LEFT,2,0.5,,,1.0,0.0,1.0,1.0,1.0,,18.25,15.25,18.75,17.25,PASS_BOUNDARY,
INNER_SIDE,LEFT,2,0.5,,,1.0,0.0,1.0,2.0,1.0,,18.25,14.25,18.75,17.25,PASS_BOUNDARY,
INNER_SIDE,LEFT,2,0.5,,,1.0,0.0,2.0,0.0,1.0,,18.25,15.25,18.75,17.25,PASS_BOUNDARY,
INNER_SIDE,LEFT,2,0.5,,,1.0,0.0,2.0,1.0,1.0,,18.25,14.25,18.75,17.25,PASS_BOUNDARY,
INNER_SIDE,LEFT,2,0.5,,,1.0,0.0,2.0,2.0,1.0,,18.25,13.25,18.75,17.25,PASS_BOUNDARY,
INNER_SIDE,LEFT,2,0.5,,,1.0,1.0,0.0,0.0,0.0,,18.25,18.25,18.75,18.25,PASS_BOUNDARY,
INNER_SIDE,LEFT,2,0.5,,,1.0,1.0,0.0,1.0,0.0,,18.25,17.25,18.75,18.25,PASS_BOUNDARY,
INNER_SIDE,LEFT,2,0.5,,,1.0,1.0,0.0,2.0,0.0,,18.25,16.25,18.75,18.25,PASS_BOUNDARY,
INNER_SIDE,LEFT,2,0.5,,,1.0,1.0,1.0,0.0,0.0,,18.25,17.25,18.75,18.25,PASS_BOUNDARY,
INNER_SIDE,LEFT,2,0.5,,,1.0,1.0,1.0,1.0,0.0,,18.25,16.25,18.75,18.25,PASS_BOUNDARY,
INNER_SIDE,LEFT,2,0.5,,,1.0,1.0,1.0,2.0,0.0,,18.25,15.25,18.75,18.25,PASS_BOUNDARY,
INNER_SIDE,LEFT,2,0.5,,,1.0,1.0,2.0,0.0,0.0,,18.25,16.25,18.75,18.25,PASS_BOUNDARY,
INNER_SIDE,LEFT,2,0.5,,,1.0,1.0,2.0,1.0,0.0,,18.25,15.25,18.75,18.25,PASS_BOUNDARY,
INNER_SIDE,LEFT,2,0.5,,,1.0,1.0,2.0,2.0,0.0,,18.25,14.25,18.75,18.25,PASS_BOUNDARY,
INNER_SIDE,LEFT,2,1.0,,,-1.0,-1.0,0.0,0.0,0.0,,18.25,18.25,18.75,17.75,PASS_BOUNDARY,
INNER_SIDE,LEFT,2,1.0,,,-1.0,-1.0,0.0,1.0,0.0,,18.25,17.25,18.75,17.75,PASS_BOUNDARY,
INNER_SIDE,LEFT,2,1.0,,,-1.0,-1.0,0.0,2.0,0.0,,18.25,16.25,18.75,17.75,PASS_BOUNDARY,
INNER_SIDE,LEFT,2,1.0,,,-1.0,-1.0,1.0,0.0,0.0,,18.25,17.25,18.75,17.75,PASS_BOUNDARY,
INNER_SIDE,LEFT,2,1.0,,,-1.0,-1.0,1.0,1.0,0.0,,18.25,16.25,18.75,17.75,PASS_BOUNDARY,
INNER_SIDE,LEFT,2,1.0,,,-1.0,-1.0,1.0,2.0,0.0,,18.25,15.25,18.75,17.75,PASS_BOUNDARY,
INNER_SIDE,LEFT,2,1.0,,,-1.0,-1.0,2.0,0.0,0.0,,18.25,16.25,18.75,17.75,PASS_BOUNDARY,
INNER_SIDE,LEFT,2,1.0,,,-1.0,-1.0,2.0,1.0,0.0,,18.25,15.25,18.75,17.75,PASS_BOUNDARY,
INNER_SIDE,LEFT,2,1.0,,,-1.0,-1.0,2.0,2.0,0.0,,18.25,14.25,18.75,17.75,PASS_BOUNDARY,
INNER_SIDE,LEFT,2,1.0,,,-1.0,0.0,0.0,0.0,1.0,,18.25,17.25,18.75,16.75,PASS_BOUNDARY,
INNER_SIDE,LEFT,2,1.0,,,-1.0,0.0,0.0,1.0,1.0,,18.25,16.25,18.75,16.75,PASS_BOUNDARY,
INNER_SIDE,LEFT,2,1.0,,,-1.0,0.0,0.0,2.0,1.0,,18.25,15.25,18.75,16.75,PASS_BOUNDARY,
INNER_SIDE,LEFT,2,1.0,,,-1.0,0.0,1.0,0.0,1.0,,18.25,16.25,18.75,16.75,PASS_BOUNDARY,
INNER_SIDE,LEFT,2,1.0,,,-1.0,0.0,1.0,1.0,1.0,,18.25,15.25,18.75,16.75,PASS_BOUNDARY,
INNER_SIDE,LEFT,2,1.0,,,-1.0,0.0,1.0,2.0,1.0,,18.25,14.25,18.75,16.75,PASS_BOUNDARY,
INNER_SIDE,LEFT,2,1.0,,,-1.0,0.0,2.0,0.0,1.0,,18.25,15.25,18.75,16.75,PASS_BOUNDARY,
INNER_SIDE,LEFT,2,1.0,,,-1.0,0.0,2.0,1.0,1.0,,18.25,14.25,18.75,16.75,PASS_BOUNDARY,
INNER_SIDE,LEFT,2,1.0,,,-1.0,0.0,2.0,2.0,1.0,,18.25,13.25,18.75,16.75,PASS_BOUNDARY,
INNER_SIDE,LEFT,2,1.0,,,-1.0,1.0,0.0,0.0,2.0,,18.25,16.25,18.75,15.75,PASS_BOUNDARY,
INNER_SIDE,LEFT,2,1.0,,,-1.0,1.0,0.0,1.0,2.0,,18.25,15.25,18.75,15.75,PASS_BOUNDARY,
INNER_SIDE,LEFT,2,1.0,,,-1.0,1.0,0.0,2.0,2.0,,18.25,14.25,18.75,15.75,PASS_BOUNDARY,
INNER_SIDE,LEFT,2,1.0,,,-1.0,1.0,1.0,0.0,2.0,,18.25,15.25,18.75,15.75,PASS_BOUNDARY,
INNER_SIDE,LEFT,2,1.0,,,-1.0,1.0,1.0,1.0,2.0,,18.25,14.25,18.75,15.75,PASS_BOUNDARY,
INNER_SIDE,LEFT,2,1.0,,,-1.0,1.0,1.0,2.0,2.0,,18.25,13.25,18.75,15.75,PASS_BOUNDARY,
INNER_SIDE,LEFT,2,1.0,,,-1.0,1.0,2.0,0.0,2.0,,18.25,14.25,18.75,15.75,PASS_BOUNDARY,
INNER_SIDE,LEFT,2,1.0,,,-1.0,1.0,2.0,1.0,2.0,,18.25,13.25,18.75,15.75,PASS_BOUNDARY,
INNER_SIDE,LEFT,2,1.0,,,-1.0,1.0,2.0,2.0,2.0,,18.25,12.25,18.75,15.75,PASS_BOUNDARY,
INNER_SIDE,LEFT,2,1.0,,,0.0,-1.0,0.0,0.0,1.0,,18.25,17.25,18.75,16.75,PASS_BOUNDARY,
INNER_SIDE,LEFT,2,1.0,,,0.0,-1.0,0.0,1.0,1.0,,18.25,16.25,18.75,16.75,PASS_BOUNDARY,
INNER_SIDE,LEFT,2,1.0,,,0.0,-1.0,0.0,2.0,1.0,,18.25,15.25,18.75,16.75,PASS_BOUNDARY,
INNER_SIDE,LEFT,2,1.0,,,0.0,-1.0,1.0,0.0,1.0,,18.25,16.25,18.75,16.75,PASS_BOUNDARY,
INNER_SIDE,LEFT,2,1.0,,,0.0,-1.0,1.0,1.0,1.0,,18.25,15.25,18.75,16.75,PASS_BOUNDARY,
INNER_SIDE,LEFT,2,1.0,,,0.0,-1.0,1.0,2.0,1.0,,18.25,14.25,18.75,16.75,PASS_BOUNDARY,
INNER_SIDE,LEFT,2,1.0,,,0.0,-1.0,2.0,0.0,1.0,,18.25,15.25,18.75,16.75,PASS_BOUNDARY,
INNER_SIDE,LEFT,2,1.0,,,0.0,-1.0,2.0,1.0,1.0,,18.25,14.25,18.75,16.75,PASS_BOUNDARY,
INNER_SIDE,LEFT,2,1.0,,,0.0,-1.0,2.0,2.0,1.0,,18.25,13.25,18.75,16.75,PASS_BOUNDARY,
INNER_SIDE,LEFT,2,1.0,,,0.0,0.0,0.0,0.0,0.0,,18.25,18.25,18.75,17.75,PASS_BOUNDARY,
INNER_SIDE,LEFT,2,1.0,,,0.0,0.0,0.0,1.0,0.0,,18.25,17.25,18.75,17.75,PASS_BOUNDARY,
INNER_SIDE,LEFT,2,1.0,,,0.0,0.0,0.0,2.0,0.0,,18.25,16.25,18.75,17.75,PASS_BOUNDARY,
INNER_SIDE,LEFT,2,1.0,,,0.0,0.0,1.0,0.0,0.0,,18.25,17.25,18.75,17.75,PASS_BOUNDARY,
INNER_SIDE,LEFT,2,1.0,,,0.0,0.0,1.0,1.0,0.0,,18.25,16.25,18.75,17.75,PASS_BOUNDARY,
INNER_SIDE,LEFT,2,1.0,,,0.0,0.0,1.0,2.0,0.0,,18.25,15.25,18.75,17.75,PASS_BOUNDARY,
INNER_SIDE,LEFT,2,1.0,,,0.0,0.0,2.0,0.0,0.0,,18.25,16.25,18.75,17.75,PASS_BOUNDARY,
INNER_SIDE,LEFT,2,1.0,,,0.0,0.0,2.0,1.0,0.0,,18.25,15.25,18.75,17.75,PASS_BOUNDARY,
INNER_SIDE,LEFT,2,1.0,,,0.0,0.0,2.0,2.0,0.0,,18.25,14.25,18.75,17.75,PASS_BOUNDARY,
INNER_SIDE,LEFT,2,1.0,,,0.0,1.0,0.0,0.0,1.0,,18.25,17.25,18.75,16.75,PASS_BOUNDARY,
INNER_SIDE,LEFT,2,1.0,,,0.0,1.0,0.0,1.0,1.0,,18.25,16.25,18.75,16.75,PASS_BOUNDARY,
INNER_SIDE,LEFT,2,1.0,,,0.0,1.0,0.0,2.0,1.0,,18.25,15.25,18.75,16.75,PASS_BOUNDARY,
INNER_SIDE,LEFT,2,1.0,,,0.0,1.0,1.0,0.0,1.0,,18.25,16.25,18.75,16.75,PASS_BOUNDARY,
INNER_SIDE,LEFT,2,1.0,,,0.0,1.0,1.0,1.0,1.0,,18.25,15.25,18.75,16.75,PASS_BOUNDARY,
INNER_SIDE,LEFT,2,1.0,,,0.0,1.0,1.0,2.0,1.0,,18.25,14.25,18.75,16.75,PASS_BOUNDARY,
INNER_SIDE,LEFT,2,1.0,,,0.0,1.0,2.0,0.0,1.0,,18.25,15.25,18.75,16.75,PASS_BOUNDARY,
INNER_SIDE,LEFT,2,1.0,,,0.0,1.0,2.0,1.0,1.0,,18.25,14.25,18.75,16.75,PASS_BOUNDARY,
INNER_SIDE,LEFT,2,1.0,,,0.0,1.0,2.0,2.0,1.0,,18.25,13.25,18.75,16.75,PASS_BOUNDARY,
INNER_SIDE,LEFT,2,1.0,,,1.0,-1.0,0.0,0.0,2.0,,18.25,16.25,18.75,15.75,PASS_BOUNDARY,
INNER_SIDE,LEFT,2,1.0,,,1.0,-1.0,0.0,1.0,2.0,,18.25,15.25,18.75,15.75,PASS_BOUNDARY,
INNER_SIDE,LEFT,2,1.0,,,1.0,-1.0,0.0,2.0,2.0,,18.25,14.25,18.75,15.75,PASS_BOUNDARY,
INNER_SIDE,LEFT,2,1.0,,,1.0,-1.0,1.0,0.0,2.0,,18.25,15.25,18.75,15.75,PASS_BOUNDARY,
INNER_SIDE,LEFT,2,1.0,,,1.0,-1.0,1.0,1.0,2.0,,18.25,14.25,18.75,15.75,PASS_BOUNDARY,
INNER_SIDE,LEFT,2,1.0,,,1.0,-1.0,1.0,2.0,2.0,,18.25,13.25,18.75,15.75,PASS_BOUNDARY,
INNER_SIDE,LEFT,2,1.0,,,1.0,-1.0,2.0,0.0,2.0,,18.25,14.25,18.75,15.75,PASS_BOUNDARY,
INNER_SIDE,LEFT,2,1.0,,,1.0,-1.0,2.0,1.0,2.0,,18.25,13.25,18.75,15.75,PASS_BOUNDARY,
INNER_SIDE,LEFT,2,1.0,,,1.0,-1.0,2.0,2.0,2.0,,18.25,12.25,18.75,15.75,PASS_BOUNDARY,
INNER_SIDE,LEFT,2,1.0,,,1.0,0.0,0.0,0.0,1.0,,18.25,17.25,18.75,16.75,PASS_BOUNDARY,
INNER_SIDE,LEFT,2,1.0,,,1.0,0.0,0.0,1.0,1.0,,18.25,16.25,18.75,16.75,PASS_BOUNDARY,
INNER_SIDE,LEFT,2,1.0,,,1.0,0.0,0.0,2.0,1.0,,18.25,15.25,18.75,16.75,PASS_BOUNDARY,
INNER_SIDE,LEFT,2,1.0,,,1.0,0.0,1.0,0.0,1.0,,18.25,16.25,18.75,16.75,PASS_BOUNDARY,
INNER_SIDE,LEFT,2,1.0,,,1.0,0.0,1.0,1.0,1.0,,18.25,15.25,18.75,16.75,PASS_BOUNDARY,
INNER_SIDE,LEFT,2,1.0,,,1.0,0.0,1.0,2.0,1.0,,18.25,14.25,18.75,16.75,PASS_BOUNDARY,
INNER_SIDE,LEFT,2,1.0,,,1.0,0.0,2.0,0.0,1.0,,18.25,15.25,18.75,16.75,PASS_BOUNDARY,
INNER_SIDE,LEFT,2,1.0,,,1.0,0.0,2.0,1.0,1.0,,18.25,14.25,18.75,16.75,PASS_BOUNDARY,
INNER_SIDE,LEFT,2,1.0,,,1.0,0.0,2.0,2.0,1.0,,18.25,13.25,18.75,16.75,PASS_BOUNDARY,
INNER_SIDE,LEFT,2,1.0,,,1.0,1.0,0.0,0.0,0.0,,18.25,18.25,18.75,17.75,PASS_BOUNDARY,
INNER_SIDE,LEFT,2,1.0,,,1.0,1.0,0.0,1.0,0.0,,18.25,17.25,18.75,17.75,PASS_BOUNDARY,
INNER_SIDE,LEFT,2,1.0,,,1.0,1.0,0.0,2.0,0.0,,18.25,16.25,18.75,17.75,PASS_BOUNDARY,
INNER_SIDE,LEFT,2,1.0,,,1.0,1.0,1.0,0.0,0.0,,18.25,17.25,18.75,17.75,PASS_BOUNDARY,
INNER_SIDE,LEFT,2,1.0,,,1.0,1.0,1.0,1.0,0.0,,18.25,16.25,18.75,17.75,PASS_BOUNDARY,
INNER_SIDE,LEFT,2,1.0,,,1.0,1.0,1.0,2.0,0.0,,18.25,15.25,18.75,17.75,PASS_BOUNDARY,
INNER_SIDE,LEFT,2,1.0,,,1.0,1.0,2.0,0.0,0.0,,18.25,16.25,18.75,17.75,PASS_BOUNDARY,
INNER_SIDE,LEFT,2,1.0,,,1.0,1.0,2.0,1.0,0.0,,18.25,15.25,18.75,17.75,PASS_BOUNDARY,
INNER_SIDE,LEFT,2,1.0,,,1.0,1.0,2.0,2.0,0.0,,18.25,14.25,18.75,17.75,PASS_BOUNDARY,
INNER_SIDE,LEFT,2,1.5,,,-1.0,-1.0,0.0,0.0,0.0,,18.25,18.25,18.75,17.25,PASS_BOUNDARY,
INNER_SIDE,LEFT,2,1.5,,,-1.0,-1.0,0.0,1.0,0.0,,18.25,17.25,18.75,17.25,PASS_BOUNDARY,
INNER_SIDE,LEFT,2,1.5,,,-1.0,-1.0,0.0,2.0,0.0,,18.25,16.25,18.75,17.25,PASS_BOUNDARY,
INNER_SIDE,LEFT,2,1.5,,,-1.0,-1.0,1.0,0.0,0.0,,18.25,17.25,18.75,17.25,PASS_BOUNDARY,
INNER_SIDE,LEFT,2,1.5,,,-1.0,-1.0,1.0,1.0,0.0,,18.25,16.25,18.75,17.25,PASS_BOUNDARY,
INNER_SIDE,LEFT,2,1.5,,,-1.0,-1.0,1.0,2.0,0.0,,18.25,15.25,18.75,17.25,PASS_BOUNDARY,
INNER_SIDE,LEFT,2,1.5,,,-1.0,-1.0,2.0,0.0,0.0,,18.25,16.25,18.75,17.25,PASS_BOUNDARY,
INNER_SIDE,LEFT,2,1.5,,,-1.0,-1.0,2.0,1.0,0.0,,18.25,15.25,18.75,17.25,PASS_BOUNDARY,
INNER_SIDE,LEFT,2,1.5,,,-1.0,-1.0,2.0,2.0,0.0,,18.25,14.25,18.75,17.25,PASS_BOUNDARY,
INNER_SIDE,LEFT,2,1.5,,,-1.0,0.0,0.0,0.0,1.0,,18.25,17.25,18.75,16.25,PASS_BOUNDARY,
INNER_SIDE,LEFT,2,1.5,,,-1.0,0.0,0.0,1.0,1.0,,18.25,16.25,18.75,16.25,PASS_BOUNDARY,
INNER_SIDE,LEFT,2,1.5,,,-1.0,0.0,0.0,2.0,1.0,,18.25,15.25,18.75,16.25,PASS_BOUNDARY,
INNER_SIDE,LEFT,2,1.5,,,-1.0,0.0,1.0,0.0,1.0,,18.25,16.25,18.75,16.25,PASS_BOUNDARY,
INNER_SIDE,LEFT,2,1.5,,,-1.0,0.0,1.0,1.0,1.0,,18.25,15.25,18.75,16.25,PASS_BOUNDARY,
INNER_SIDE,LEFT,2,1.5,,,-1.0,0.0,1.0,2.0,1.0,,18.25,14.25,18.75,16.25,PASS_BOUNDARY,
INNER_SIDE,LEFT,2,1.5,,,-1.0,0.0,2.0,0.0,1.0,,18.25,15.25,18.75,16.25,PASS_BOUNDARY,
INNER_SIDE,LEFT,2,1.5,,,-1.0,0.0,2.0,1.0,1.0,,18.25,14.25,18.75,16.25,PASS_BOUNDARY,
INNER_SIDE,LEFT,2,1.5,,,-1.0,0.0,2.0,2.0,1.0,,18.25,13.25,18.75,16.25,PASS_BOUNDARY,
INNER_SIDE,LEFT,2,1.5,,,-1.0,1.0,0.0,0.0,2.0,,18.25,16.25,18.75,15.25,PASS_BOUNDARY,
INNER_SIDE,LEFT,2,1.5,,,-1.0,1.0,0.0,1.0,2.0,,18.25,15.25,18.75,15.25,PASS_BOUNDARY,
INNER_SIDE,LEFT,2,1.5,,,-1.0,1.0,0.0,2.0,2.0,,18.25,14.25,18.75,15.25,PASS_BOUNDARY,
INNER_SIDE,LEFT,2,1.5,,,-1.0,1.0,1.0,0.0,2.0,,18.25,15.25,18.75,15.25,PASS_BOUNDARY,
INNER_SIDE,LEFT,2,1.5,,,-1.0,1.0,1.0,1.0,2.0,,18.25,14.25,18.75,15.25,PASS_BOUNDARY,
INNER_SIDE,LEFT,2,1.5,,,-1.0,1.0,1.0,2.0,2.0,,18.25,13.25,18.75,15.25,PASS_BOUNDARY,
INNER_SIDE,LEFT,2,1.5,,,-1.0,1.0,2.0,0.0,2.0,,18.25,14.25,18.75,15.25,PASS_BOUNDARY,
INNER_SIDE,LEFT,2,1.5,,,-1.0,1.0,2.0,1.0,2.0,,18.25,13.25,18.75,15.25,PASS_BOUNDARY,
INNER_SIDE,LEFT,2,1.5,,,-1.0,1.0,2.0,2.0,2.0,,18.25,12.25,18.75,15.25,PASS_BOUNDARY,
INNER_SIDE,LEFT,2,1.5,,,0.0,-1.0,0.0,0.0,1.0,,18.25,17.25,18.75,16.25,PASS_BOUNDARY,
INNER_SIDE,LEFT,2,1.5,,,0.0,-1.0,0.0,1.0,1.0,,18.25,16.25,18.75,16.25,PASS_BOUNDARY,
INNER_SIDE,LEFT,2,1.5,,,0.0,-1.0,0.0,2.0,1.0,,18.25,15.25,18.75,16.25,PASS_BOUNDARY,
INNER_SIDE,LEFT,2,1.5,,,0.0,-1.0,1.0,0.0,1.0,,18.25,16.25,18.75,16.25,PASS_BOUNDARY,
INNER_SIDE,LEFT,2,1.5,,,0.0,-1.0,1.0,1.0,1.0,,18.25,15.25,18.75,16.25,PASS_BOUNDARY,
INNER_SIDE,LEFT,2,1.5,,,0.0,-1.0,1.0,2.0,1.0,,18.25,14.25,18.75,16.25,PASS_BOUNDARY,
INNER_SIDE,LEFT,2,1.5,,,0.0,-1.0,2.0,0.0,1.0,,18.25,15.25,18.75,16.25,PASS_BOUNDARY,
INNER_SIDE,LEFT,2,1.5,,,0.0,-1.0,2.0,1.0,1.0,,18.25,14.25,18.75,16.25,PASS_BOUNDARY,
INNER_SIDE,LEFT,2,1.5,,,0.0,-1.0,2.0,2.0,1.0,,18.25,13.25,18.75,16.25,PASS_BOUNDARY,
INNER_SIDE,LEFT,2,1.5,,,0.0,0.0,0.0,0.0,0.0,,18.25,18.25,18.75,17.25,PASS_BOUNDARY,
INNER_SIDE,LEFT,2,1.5,,,0.0,0.0,0.0,1.0,0.0,,18.25,17.25,18.75,17.25,PASS_BOUNDARY,
INNER_SIDE,LEFT,2,1.5,,,0.0,0.0,0.0,2.0,0.0,,18.25,16.25,18.75,17.25,PASS_BOUNDARY,
INNER_SIDE,LEFT,2,1.5,,,0.0,0.0,1.0,0.0,0.0,,18.25,17.25,18.75,17.25,PASS_BOUNDARY,
INNER_SIDE,LEFT,2,1.5,,,0.0,0.0,1.0,1.0,0.0,,18.25,16.25,18.75,17.25,PASS_BOUNDARY,
INNER_SIDE,LEFT,2,1.5,,,0.0,0.0,1.0,2.0,0.0,,18.25,15.25,18.75,17.25,PASS_BOUNDARY,
INNER_SIDE,LEFT,2,1.5,,,0.0,0.0,2.0,0.0,0.0,,18.25,16.25,18.75,17.25,PASS_BOUNDARY,
INNER_SIDE,LEFT,2,1.5,,,0.0,0.0,2.0,1.0,0.0,,18.25,15.25,18.75,17.25,PASS_BOUNDARY,
INNER_SIDE,LEFT,2,1.5,,,0.0,0.0,2.0,2.0,0.0,,18.25,14.25,18.75,17.25,PASS_BOUNDARY,
INNER_SIDE,LEFT,2,1.5,,,0.0,1.0,0.0,0.0,1.0,,18.25,17.25,18.75,16.25,PASS_BOUNDARY,
INNER_SIDE,LEFT,2,1.5,,,0.0,1.0,0.0,1.0,1.0,,18.25,16.25,18.75,16.25,PASS_BOUNDARY,
INNER_SIDE,LEFT,2,1.5,,,0.0,1.0,0.0,2.0,1.0,,18.25,15.25,18.75,16.25,PASS_BOUNDARY,
INNER_SIDE,LEFT,2,1.5,,,0.0,1.0,1.0,0.0,1.0,,18.25,16.25,18.75,16.25,PASS_BOUNDARY,
INNER_SIDE,LEFT,2,1.5,,,0.0,1.0,1.0,1.0,1.0,,18.25,15.25,18.75,16.25,PASS_BOUNDARY,
INNER_SIDE,LEFT,2,1.5,,,0.0,1.0,1.0,2.0,1.0,,18.25,14.25,18.75,16.25,PASS_BOUNDARY,
INNER_SIDE,LEFT,2,1.5,,,0.0,1.0,2.0,0.0,1.0,,18.25,15.25,18.75,16.25,PASS_BOUNDARY,
INNER_SIDE,LEFT,2,1.5,,,0.0,1.0,2.0,1.0,1.0,,18.25,14.25,18.75,16.25,PASS_BOUNDARY,
INNER_SIDE,LEFT,2,1.5,,,0.0,1.0,2.0,2.0,1.0,,18.25,13.25,18.75,16.25,PASS_BOUNDARY,
INNER_SIDE,LEFT,2,1.5,,,1.0,-1.0,0.0,0.0,2.0,,18.25,16.25,18.75,15.25,PASS_BOUNDARY,
INNER_SIDE,LEFT,2,1.5,,,1.0,-1.0,0.0,1.0,2.0,,18.25,15.25,18.75,15.25,PASS_BOUNDARY,
INNER_SIDE,LEFT,2,1.5,,,1.0,-1.0,0.0,2.0,2.0,,18.25,14.25,18.75,15.25,PASS_BOUNDARY,
INNER_SIDE,LEFT,2,1.5,,,1.0,-1.0,1.0,0.0,2.0,,18.25,15.25,18.75,15.25,PASS_BOUNDARY,
INNER_SIDE,LEFT,2,1.5,,,1.0,-1.0,1.0,1.0,2.0,,18.25,14.25,18.75,15.25,PASS_BOUNDARY,
INNER_SIDE,LEFT,2,1.5,,,1.0,-1.0,1.0,2.0,2.0,,18.25,13.25,18.75,15.25,PASS_BOUNDARY,
INNER_SIDE,LEFT,2,1.5,,,1.0,-1.0,2.0,0.0,2.0,,18.25,14.25,18.75,15.25,PASS_BOUNDARY,
INNER_SIDE,LEFT,2,1.5,,,1.0,-1.0,2.0,1.0,2.0,,18.25,13.25,18.75,15.25,PASS_BOUNDARY,
INNER_SIDE,LEFT,2,1.5,,,1.0,-1.0,2.0,2.0,2.0,,18.25,12.25,18.75,15.25,PASS_BOUNDARY,
INNER_SIDE,LEFT,2,1.5,,,1.0,0.0,0.0,0.0,1.0,,18.25,17.25,18.75,16.25,PASS_BOUNDARY,
INNER_SIDE,LEFT,2,1.5,,,1.0,0.0,0.0,1.0,1.0,,18.25,16.25,18.75,16.25,PASS_BOUNDARY,
INNER_SIDE,LEFT,2,1.5,,,1.0,0.0,0.0,2.0,1.0,,18.25,15.25,18.75,16.25,PASS_BOUNDARY,
INNER_SIDE,LEFT,2,1.5,,,1.0,0.0,1.0,0.0,1.0,,18.25,16.25,18.75,16.25,PASS_BOUNDARY,
INNER_SIDE,LEFT,2,1.5,,,1.0,0.0,1.0,1.0,1.0,,18.25,15.25,18.75,16.25,PASS_BOUNDARY,
INNER_SIDE,LEFT,2,1.5,,,1.0,0.0,1.0,2.0,1.0,,18.25,14.25,18.75,16.25,PASS_BOUNDARY,
INNER_SIDE,LEFT,2,1.5,,,1.0,0.0,2.0,0.0,1.0,,18.25,15.25,18.75,16.25,PASS_BOUNDARY,
INNER_SIDE,LEFT,2,1.5,,,1.0,0.0,2.0,1.0,1.0,,18.25,14.25,18.75,16.25,PASS_BOUNDARY,
INNER_SIDE,LEFT,2,1.5,,,1.0,0.0,2.0,2.0,1.0,,18.25,13.25,18.75,16.25,PASS_BOUNDARY,
INNER_SIDE,LEFT,2,1.5,,,1.0,1.0,0.0,0.0,0.0,,18.25,18.25,18.75,17.25,PASS_BOUNDARY,
INNER_SIDE,LEFT,2,1.5,,,1.0,1.0,0.0,1.0,0.0,,18.25,17.25,18.75,17.25,PASS_BOUNDARY,
INNER_SIDE,LEFT,2,1.5,,,1.0,1.0,0.0,2.0,0.0,,18.25,16.25,18.75,17.25,PASS_BOUNDARY,
INNER_SIDE,LEFT,2,1.5,,,1.0,1.0,1.0,0.0,0.0,,18.25,17.25,18.75,17.25,PASS_BOUNDARY,
INNER_SIDE,LEFT,2,1.5,,,1.0,1.0,1.0,1.0,0.0,,18.25,16.25,18.75,17.25,PASS_BOUNDARY,
INNER_SIDE,LEFT,2,1.5,,,1.0,1.0,1.0,2.0,0.0,,18.25,15.25,18.75,17.25,PASS_BOUNDARY,
INNER_SIDE,LEFT,2,1.5,,,1.0,1.0,2.0,0.0,0.0,,18.25,16.25,18.75,17.25,PASS_BOUNDARY,
INNER_SIDE,LEFT,2,1.5,,,1.0,1.0,2.0,1.0,0.0,,18.25,15.25,18.75,17.25,PASS_BOUNDARY,
INNER_SIDE,LEFT,2,1.5,,,1.0,1.0,2.0,2.0,0.0,,18.25,14.25,18.75,17.25,PASS_BOUNDARY,
INNER_SIDE,LEFT,3,0.0,,,-1.0,-1.0,0.0,0.0,0.0,,17.25,17.25,17.75,17.75,PASS_BOUNDARY,
INNER_SIDE,LEFT,3,0.0,,,-1.0,-1.0,0.0,1.0,0.0,,17.25,16.25,17.75,17.75,PASS_BOUNDARY,
INNER_SIDE,LEFT,3,0.0,,,-1.0,-1.0,0.0,2.0,0.0,,17.25,15.25,17.75,17.75,PASS_BOUNDARY,
INNER_SIDE,LEFT,3,0.0,,,-1.0,-1.0,1.0,0.0,0.0,,17.25,16.25,17.75,17.75,PASS_BOUNDARY,
INNER_SIDE,LEFT,3,0.0,,,-1.0,-1.0,1.0,1.0,0.0,,17.25,15.25,17.75,17.75,PASS_BOUNDARY,
INNER_SIDE,LEFT,3,0.0,,,-1.0,-1.0,1.0,2.0,0.0,,17.25,14.25,17.75,17.75,PASS_BOUNDARY,
INNER_SIDE,LEFT,3,0.0,,,-1.0,-1.0,2.0,0.0,0.0,,17.25,15.25,17.75,17.75,PASS_BOUNDARY,
INNER_SIDE,LEFT,3,0.0,,,-1.0,-1.0,2.0,1.0,0.0,,17.25,14.25,17.75,17.75,PASS_BOUNDARY,
INNER_SIDE,LEFT,3,0.0,,,-1.0,-1.0,2.0,2.0,0.0,,17.25,13.25,17.75,17.75,PASS_BOUNDARY,
INNER_SIDE,LEFT,3,0.0,,,-1.0,0.0,0.0,0.0,1.0,,17.25,16.25,17.75,16.75,PASS_BOUNDARY,
INNER_SIDE,LEFT,3,0.0,,,-1.0,0.0,0.0,1.0,1.0,,17.25,15.25,17.75,16.75,PASS_BOUNDARY,
INNER_SIDE,LEFT,3,0.0,,,-1.0,0.0,0.0,2.0,1.0,,17.25,14.25,17.75,16.75,PASS_BOUNDARY,
INNER_SIDE,LEFT,3,0.0,,,-1.0,0.0,1.0,0.0,1.0,,17.25,15.25,17.75,16.75,PASS_BOUNDARY,
INNER_SIDE,LEFT,3,0.0,,,-1.0,0.0,1.0,1.0,1.0,,17.25,14.25,17.75,16.75,PASS_BOUNDARY,
INNER_SIDE,LEFT,3,0.0,,,-1.0,0.0,1.0,2.0,1.0,,17.25,13.25,17.75,16.75,PASS_BOUNDARY,
INNER_SIDE,LEFT,3,0.0,,,-1.0,0.0,2.0,0.0,1.0,,17.25,14.25,17.75,16.75,PASS_BOUNDARY,
INNER_SIDE,LEFT,3,0.0,,,-1.0,0.0,2.0,1.0,1.0,,17.25,13.25,17.75,16.75,PASS_BOUNDARY,
INNER_SIDE,LEFT,3,0.0,,,-1.0,0.0,2.0,2.0,1.0,,17.25,12.25,17.75,16.75,PASS_BOUNDARY,
INNER_SIDE,LEFT,3,0.0,,,-1.0,1.0,0.0,0.0,2.0,,17.25,15.25,17.75,15.75,PASS_BOUNDARY,
INNER_SIDE,LEFT,3,0.0,,,-1.0,1.0,0.0,1.0,2.0,,17.25,14.25,17.75,15.75,PASS_BOUNDARY,
INNER_SIDE,LEFT,3,0.0,,,-1.0,1.0,0.0,2.0,2.0,,17.25,13.25,17.75,15.75,PASS_BOUNDARY,
INNER_SIDE,LEFT,3,0.0,,,-1.0,1.0,1.0,0.0,2.0,,17.25,14.25,17.75,15.75,PASS_BOUNDARY,
INNER_SIDE,LEFT,3,0.0,,,-1.0,1.0,1.0,1.0,2.0,,17.25,13.25,17.75,15.75,PASS_BOUNDARY,
INNER_SIDE,LEFT,3,0.0,,,-1.0,1.0,1.0,2.0,2.0,,17.25,12.25,17.75,15.75,PASS_BOUNDARY,
INNER_SIDE,LEFT,3,0.0,,,-1.0,1.0,2.0,0.0,2.0,,17.25,13.25,17.75,15.75,PASS_BOUNDARY,
INNER_SIDE,LEFT,3,0.0,,,-1.0,1.0,2.0,1.0,2.0,,17.25,12.25,17.75,15.75,PASS_BOUNDARY,
INNER_SIDE,LEFT,3,0.0,,,-1.0,1.0,2.0,2.0,2.0,,17.25,11.25,17.75,15.75,PASS_BOUNDARY,
INNER_SIDE,LEFT,3,0.0,,,0.0,-1.0,0.0,0.0,1.0,,17.25,16.25,17.75,16.75,PASS_BOUNDARY,
INNER_SIDE,LEFT,3,0.0,,,0.0,-1.0,0.0,1.0,1.0,,17.25,15.25,17.75,16.75,PASS_BOUNDARY,
INNER_SIDE,LEFT,3,0.0,,,0.0,-1.0,0.0,2.0,1.0,,17.25,14.25,17.75,16.75,PASS_BOUNDARY,
INNER_SIDE,LEFT,3,0.0,,,0.0,-1.0,1.0,0.0,1.0,,17.25,15.25,17.75,16.75,PASS_BOUNDARY,
INNER_SIDE,LEFT,3,0.0,,,0.0,-1.0,1.0,1.0,1.0,,17.25,14.25,17.75,16.75,PASS_BOUNDARY,
INNER_SIDE,LEFT,3,0.0,,,0.0,-1.0,1.0,2.0,1.0,,17.25,13.25,17.75,16.75,PASS_BOUNDARY,
INNER_SIDE,LEFT,3,0.0,,,0.0,-1.0,2.0,0.0,1.0,,17.25,14.25,17.75,16.75,PASS_BOUNDARY,
INNER_SIDE,LEFT,3,0.0,,,0.0,-1.0,2.0,1.0,1.0,,17.25,13.25,17.75,16.75,PASS_BOUNDARY,
INNER_SIDE,LEFT,3,0.0,,,0.0,-1.0,2.0,2.0,1.0,,17.25,12.25,17.75,16.75,PASS_BOUNDARY,
INNER_SIDE,LEFT,3,0.0,,,0.0,0.0,0.0,0.0,0.0,,17.25,17.25,17.75,17.75,PASS_BOUNDARY,
INNER_SIDE,LEFT,3,0.0,,,0.0,0.0,0.0,1.0,0.0,,17.25,16.25,17.75,17.75,PASS_BOUNDARY,
INNER_SIDE,LEFT,3,0.0,,,0.0,0.0,0.0,2.0,0.0,,17.25,15.25,17.75,17.75,PASS_BOUNDARY,
INNER_SIDE,LEFT,3,0.0,,,0.0,0.0,1.0,0.0,0.0,,17.25,16.25,17.75,17.75,PASS_BOUNDARY,
INNER_SIDE,LEFT,3,0.0,,,0.0,0.0,1.0,1.0,0.0,,17.25,15.25,17.75,17.75,PASS_BOUNDARY,
INNER_SIDE,LEFT,3,0.0,,,0.0,0.0,1.0,2.0,0.0,,17.25,14.25,17.75,17.75,PASS_BOUNDARY,
INNER_SIDE,LEFT,3,0.0,,,0.0,0.0,2.0,0.0,0.0,,17.25,15.25,17.75,17.75,PASS_BOUNDARY,
INNER_SIDE,LEFT,3,0.0,,,0.0,0.0,2.0,1.0,0.0,,17.25,14.25,17.75,17.75,PASS_BOUNDARY,
INNER_SIDE,LEFT,3,0.0,,,0.0,0.0,2.0,2.0,0.0,,17.25,13.25,17.75,17.75,PASS_BOUNDARY,
INNER_SIDE,LEFT,3,0.0,,,0.0,1.0,0.0,0.0,1.0,,17.25,16.25,17.75,16.75,PASS_BOUNDARY,
INNER_SIDE,LEFT,3,0.0,,,0.0,1.0,0.0,1.0,1.0,,17.25,15.25,17.75,16.75,PASS_BOUNDARY,
INNER_SIDE,LEFT,3,0.0,,,0.0,1.0,0.0,2.0,1.0,,17.25,14.25,17.75,16.75,PASS_BOUNDARY,
INNER_SIDE,LEFT,3,0.0,,,0.0,1.0,1.0,0.0,1.0,,17.25,15.25,17.75,16.75,PASS_BOUNDARY,
INNER_SIDE,LEFT,3,0.0,,,0.0,1.0,1.0,1.0,1.0,,17.25,14.25,17.75,16.75,PASS_BOUNDARY,
INNER_SIDE,LEFT,3,0.0,,,0.0,1.0,1.0,2.0,1.0,,17.25,13.25,17.75,16.75,PASS_BOUNDARY,
INNER_SIDE,LEFT,3,0.0,,,0.0,1.0,2.0,0.0,1.0,,17.25,14.25,17.75,16.75,PASS_BOUNDARY,
INNER_SIDE,LEFT,3,0.0,,,0.0,1.0,2.0,1.0,1.0,,17.25,13.25,17.75,16.75,PASS_BOUNDARY,
INNER_SIDE,LEFT,3,0.0,,,0.0,1.0,2.0,2.0,1.0,,17.25,12.25,17.75,16.75,PASS_BOUNDARY,
INNER_SIDE,LEFT,3,0.0,,,1.0,-1.0,0.0,0.0,2.0,,17.25,15.25,17.75,15.75,PASS_BOUNDARY,
INNER_SIDE,LEFT,3,0.0,,,1.0,-1.0,0.0,1.0,2.0,,17.25,14.25,17.75,15.75,PASS_BOUNDARY,
INNER_SIDE,LEFT,3,0.0,,,1.0,-1.0,0.0,2.0,2.0,,17.25,13.25,17.75,15.75,PASS_BOUNDARY,
INNER_SIDE,LEFT,3,0.0,,,1.0,-1.0,1.0,0.0,2.0,,17.25,14.25,17.75,15.75,PASS_BOUNDARY,
INNER_SIDE,LEFT,3,0.0,,,1.0,-1.0,1.0,1.0,2.0,,17.25,13.25,17.75,15.75,PASS_BOUNDARY,
INNER_SIDE,LEFT,3,0.0,,,1.0,-1.0,1.0,2.0,2.0,,17.25,12.25,17.75,15.75,PASS_BOUNDARY,
INNER_SIDE,LEFT,3,0.0,,,1.0,-1.0,2.0,0.0,2.0,,17.25,13.25,17.75,15.75,PASS_BOUNDARY,
INNER_SIDE,LEFT,3,0.0,,,1.0,-1.0,2.0,1.0,2.0,,17.25,12.25,17.75,15.75,PASS_BOUNDARY,
INNER_SIDE,LEFT,3,0.0,,,1.0,-1.0,2.0,2.0,2.0,,17.25,11.25,17.75,15.75,PASS_BOUNDARY,
INNER_SIDE,LEFT,3,0.0,,,1.0,0.0,0.0,0.0,1.0,,17.25,16.25,17.75,16.75,PASS_BOUNDARY,
INNER_SIDE,LEFT,3,0.0,,,1.0,0.0,0.0,1.0,1.0,,17.25,15.25,17.75,16.75,PASS_BOUNDARY,
INNER_SIDE,LEFT,3,0.0,,,1.0,0.0,0.0,2.0,1.0,,17.25,14.25,17.75,16.75,PASS_BOUNDARY,
INNER_SIDE,LEFT,3,0.0,,,1.0,0.0,1.0,0.0,1.0,,17.25,15.25,17.75,16.75,PASS_BOUNDARY,
INNER_SIDE,LEFT,3,0.0,,,1.0,0.0,1.0,1.0,1.0,,17.25,14.25,17.75,16.75,PASS_BOUNDARY,
INNER_SIDE,LEFT,3,0.0,,,1.0,0.0,1.0,2.0,1.0,,17.25,13.25,17.75,16.75,PASS_BOUNDARY,
INNER_SIDE,LEFT,3,0.0,,,1.0,0.0,2.0,0.0,1.0,,17.25,14.25,17.75,16.75,PASS_BOUNDARY,
INNER_SIDE,LEFT,3,0.0,,,1.0,0.0,2.0,1.0,1.0,,17.25,13.25,17.75,16.75,PASS_BOUNDARY,
INNER_SIDE,LEFT,3,0.0,,,1.0,0.0,2.0,2.0,1.0,,17.25,12.25,17.75,16.75,PASS_BOUNDARY,
INNER_SIDE,LEFT,3,0.0,,,1.0,1.0,0.0,0.0,0.0,,17.25,17.25,17.75,17.75,PASS_BOUNDARY,
INNER_SIDE,LEFT,3,0.0,,,1.0,1.0,0.0,1.0,0.0,,17.25,16.25,17.75,17.75,PASS_BOUNDARY,
INNER_SIDE,LEFT,3,0.0,,,1.0,1.0,0.0,2.0,0.0,,17.25,15.25,17.75,17.75,PASS_BOUNDARY,
INNER_SIDE,LEFT,3,0.0,,,1.0,1.0,1.0,0.0,0.0,,17.25,16.25,17.75,17.75,PASS_BOUNDARY,
INNER_SIDE,LEFT,3,0.0,,,1.0,1.0,1.0,1.0,0.0,,17.25,15.25,17.75,17.75,PASS_BOUNDARY,
INNER_SIDE,LEFT,3,0.0,,,1.0,1.0,1.0,2.0,0.0,,17.25,14.25,17.75,17.75,PASS_BOUNDARY,
INNER_SIDE,LEFT,3,0.0,,,1.0,1.0,2.0,0.0,0.0,,17.25,15.25,17.75,17.75,PASS_BOUNDARY,
INNER_SIDE,LEFT,3,0.0,,,1.0,1.0,2.0,1.0,0.0,,17.25,14.25,17.75,17.75,PASS_BOUNDARY,
INNER_SIDE,LEFT,3,0.0,,,1.0,1.0,2.0,2.0,0.0,,17.25,13.25,17.75,17.75,PASS_BOUNDARY,
INNER_SIDE,LEFT,3,0.5,,,-1.0,-1.0,0.0,0.0,0.0,,17.25,17.25,17.75,17.25,PASS_BOUNDARY,
INNER_SIDE,LEFT,3,0.5,,,-1.0,-1.0,0.0,1.0,0.0,,17.25,16.25,17.75,17.25,PASS_BOUNDARY,
INNER_SIDE,LEFT,3,0.5,,,-1.0,-1.0,0.0,2.0,0.0,,17.25,15.25,17.75,17.25,PASS_BOUNDARY,
INNER_SIDE,LEFT,3,0.5,,,-1.0,-1.0,1.0,0.0,0.0,,17.25,16.25,17.75,17.25,PASS_BOUNDARY,
INNER_SIDE,LEFT,3,0.5,,,-1.0,-1.0,1.0,1.0,0.0,,17.25,15.25,17.75,17.25,PASS_BOUNDARY,
INNER_SIDE,LEFT,3,0.5,,,-1.0,-1.0,1.0,2.0,0.0,,17.25,14.25,17.75,17.25,PASS_BOUNDARY,
INNER_SIDE,LEFT,3,0.5,,,-1.0,-1.0,2.0,0.0,0.0,,17.25,15.25,17.75,17.25,PASS_BOUNDARY,
INNER_SIDE,LEFT,3,0.5,,,-1.0,-1.0,2.0,1.0,0.0,,17.25,14.25,17.75,17.25,PASS_BOUNDARY,
INNER_SIDE,LEFT,3,0.5,,,-1.0,-1.0,2.0,2.0,0.0,,17.25,13.25,17.75,17.25,PASS_BOUNDARY,
INNER_SIDE,LEFT,3,0.5,,,-1.0,0.0,0.0,0.0,1.0,,17.25,16.25,17.75,16.25,PASS_BOUNDARY,
INNER_SIDE,LEFT,3,0.5,,,-1.0,0.0,0.0,1.0,1.0,,17.25,15.25,17.75,16.25,PASS_BOUNDARY,
INNER_SIDE,LEFT,3,0.5,,,-1.0,0.0,0.0,2.0,1.0,,17.25,14.25,17.75,16.25,PASS_BOUNDARY,
INNER_SIDE,LEFT,3,0.5,,,-1.0,0.0,1.0,0.0,1.0,,17.25,15.25,17.75,16.25,PASS_BOUNDARY,
INNER_SIDE,LEFT,3,0.5,,,-1.0,0.0,1.0,1.0,1.0,,17.25,14.25,17.75,16.25,PASS_BOUNDARY,
INNER_SIDE,LEFT,3,0.5,,,-1.0,0.0,1.0,2.0,1.0,,17.25,13.25,17.75,16.25,PASS_BOUNDARY,
INNER_SIDE,LEFT,3,0.5,,,-1.0,0.0,2.0,0.0,1.0,,17.25,14.25,17.75,16.25,PASS_BOUNDARY,
INNER_SIDE,LEFT,3,0.5,,,-1.0,0.0,2.0,1.0,1.0,,17.25,13.25,17.75,16.25,PASS_BOUNDARY,
INNER_SIDE,LEFT,3,0.5,,,-1.0,0.0,2.0,2.0,1.0,,17.25,12.25,17.75,16.25,PASS_BOUNDARY,
INNER_SIDE,LEFT,3,0.5,,,-1.0,1.0,0.0,0.0,2.0,,17.25,15.25,17.75,15.25,PASS_BOUNDARY,
INNER_SIDE,LEFT,3,0.5,,,-1.0,1.0,0.0,1.0,2.0,,17.25,14.25,17.75,15.25,PASS_BOUNDARY,
INNER_SIDE,LEFT,3,0.5,,,-1.0,1.0,0.0,2.0,2.0,,17.25,13.25,17.75,15.25,PASS_BOUNDARY,
INNER_SIDE,LEFT,3,0.5,,,-1.0,1.0,1.0,0.0,2.0,,17.25,14.25,17.75,15.25,PASS_BOUNDARY,
INNER_SIDE,LEFT,3,0.5,,,-1.0,1.0,1.0,1.0,2.0,,17.25,13.25,17.75,15.25,PASS_BOUNDARY,
INNER_SIDE,LEFT,3,0.5,,,-1.0,1.0,1.0,2.0,2.0,,17.25,12.25,17.75,15.25,PASS_BOUNDARY,
INNER_SIDE,LEFT,3,0.5,,,-1.0,1.0,2.0,0.0,2.0,,17.25,13.25,17.75,15.25,PASS_BOUNDARY,
INNER_SIDE,LEFT,3,0.5,,,-1.0,1.0,2.0,1.0,2.0,,17.25,12.25,17.75,15.25,PASS_BOUNDARY,
INNER_SIDE,LEFT,3,0.5,,,-1.0,1.0,2.0,2.0,2.0,,17.25,11.25,17.75,15.25,PASS_BOUNDARY,
INNER_SIDE,LEFT,3,0.5,,,0.0,-1.0,0.0,0.0,1.0,,17.25,16.25,17.75,16.25,PASS_BOUNDARY,
INNER_SIDE,LEFT,3,0.5,,,0.0,-1.0,0.0,1.0,1.0,,17.25,15.25,17.75,16.25,PASS_BOUNDARY,
INNER_SIDE,LEFT,3,0.5,,,0.0,-1.0,0.0,2.0,1.0,,17.25,14.25,17.75,16.25,PASS_BOUNDARY,
INNER_SIDE,LEFT,3,0.5,,,0.0,-1.0,1.0,0.0,1.0,,17.25,15.25,17.75,16.25,PASS_BOUNDARY,
INNER_SIDE,LEFT,3,0.5,,,0.0,-1.0,1.0,1.0,1.0,,17.25,14.25,17.75,16.25,PASS_BOUNDARY,
INNER_SIDE,LEFT,3,0.5,,,0.0,-1.0,1.0,2.0,1.0,,17.25,13.25,17.75,16.25,PASS_BOUNDARY,
INNER_SIDE,LEFT,3,0.5,,,0.0,-1.0,2.0,0.0,1.0,,17.25,14.25,17.75,16.25,PASS_BOUNDARY,
INNER_SIDE,LEFT,3,0.5,,,0.0,-1.0,2.0,1.0,1.0,,17.25,13.25,17.75,16.25,PASS_BOUNDARY,
INNER_SIDE,LEFT,3,0.5,,,0.0,-1.0,2.0,2.0,1.0,,17.25,12.25,17.75,16.25,PASS_BOUNDARY,
INNER_SIDE,LEFT,3,0.5,,,0.0,0.0,0.0,0.0,0.0,,17.25,17.25,17.75,17.25,PASS_BOUNDARY,
INNER_SIDE,LEFT,3,0.5,,,0.0,0.0,0.0,1.0,0.0,,17.25,16.25,17.75,17.25,PASS_BOUNDARY,
INNER_SIDE,LEFT,3,0.5,,,0.0,0.0,0.0,2.0,0.0,,17.25,15.25,17.75,17.25,PASS_BOUNDARY,
INNER_SIDE,LEFT,3,0.5,,,0.0,0.0,1.0,0.0,0.0,,17.25,16.25,17.75,17.25,PASS_BOUNDARY,
INNER_SIDE,LEFT,3,0.5,,,0.0,0.0,1.0,1.0,0.0,,17.25,15.25,17.75,17.25,PASS_BOUNDARY,
INNER_SIDE,LEFT,3,0.5,,,0.0,0.0,1.0,2.0,0.0,,17.25,14.25,17.75,17.25,PASS_BOUNDARY,
INNER_SIDE,LEFT,3,0.5,,,0.0,0.0,2.0,0.0,0.0,,17.25,15.25,17.75,17.25,PASS_BOUNDARY,
INNER_SIDE,LEFT,3,0.5,,,0.0,0.0,2.0,1.0,0.0,,17.25,14.25,17.75,17.25,PASS_BOUNDARY,
INNER_SIDE,LEFT,3,0.5,,,0.0,0.0,2.0,2.0,0.0,,17.25,13.25,17.75,17.25,PASS_BOUNDARY,
INNER_SIDE,LEFT,3,0.5,,,0.0,1.0,0.0,0.0,1.0,,17.25,16.25,17.75,16.25,PASS_BOUNDARY,
INNER_SIDE,LEFT,3,0.5,,,0.0,1.0,0.0,1.0,1.0,,17.25,15.25,17.75,16.25,PASS_BOUNDARY,
INNER_SIDE,LEFT,3,0.5,,,0.0,1.0,0.0,2.0,1.0,,17.25,14.25,17.75,16.25,PASS_BOUNDARY,
INNER_SIDE,LEFT,3,0.5,,,0.0,1.0,1.0,0.0,1.0,,17.25,15.25,17.75,16.25,PASS_BOUNDARY,
INNER_SIDE,LEFT,3,0.5,,,0.0,1.0,1.0,1.0,1.0,,17.25,14.25,17.75,16.25,PASS_BOUNDARY,
INNER_SIDE,LEFT,3,0.5,,,0.0,1.0,1.0,2.0,1.0,,17.25,13.25,17.75,16.25,PASS_BOUNDARY,
INNER_SIDE,LEFT,3,0.5,,,0.0,1.0,2.0,0.0,1.0,,17.25,14.25,17.75,16.25,PASS_BOUNDARY,
INNER_SIDE,LEFT,3,0.5,,,0.0,1.0,2.0,1.0,1.0,,17.25,13.25,17.75,16.25,PASS_BOUNDARY,
INNER_SIDE,LEFT,3,0.5,,,0.0,1.0,2.0,2.0,1.0,,17.25,12.25,17.75,16.25,PASS_BOUNDARY,
INNER_SIDE,LEFT,3,0.5,,,1.0,-1.0,0.0,0.0,2.0,,17.25,15.25,17.75,15.25,PASS_BOUNDARY,
INNER_SIDE,LEFT,3,0.5,,,1.0,-1.0,0.0,1.0,2.0,,17.25,14.25,17.75,15.25,PASS_BOUNDARY,
INNER_SIDE,LEFT,3,0.5,,,1.0,-1.0,0.0,2.0,2.0,,17.25,13.25,17.75,15.25,PASS_BOUNDARY,
INNER_SIDE,LEFT,3,0.5,,,1.0,-1.0,1.0,0.0,2.0,,17.25,14.25,17.75,15.25,PASS_BOUNDARY,
INNER_SIDE,LEFT,3,0.5,,,1.0,-1.0,1.0,1.0,2.0,,17.25,13.25,17.75,15.25,PASS_BOUNDARY,
INNER_SIDE,LEFT,3,0.5,,,1.0,-1.0,1.0,2.0,2.0,,17.25,12.25,17.75,15.25,PASS_BOUNDARY,
INNER_SIDE,LEFT,3,0.5,,,1.0,-1.0,2.0,0.0,2.0,,17.25,13.25,17.75,15.25,PASS_BOUNDARY,
INNER_SIDE,LEFT,3,0.5,,,1.0,-1.0,2.0,1.0,2.0,,17.25,12.25,17.75,15.25,PASS_BOUNDARY,
INNER_SIDE,LEFT,3,0.5,,,1.0,-1.0,2.0,2.0,2.0,,17.25,11.25,17.75,15.25,PASS_BOUNDARY,
INNER_SIDE,LEFT,3,0.5,,,1.0,0.0,0.0,0.0,1.0,,17.25,16.25,17.75,16.25,PASS_BOUNDARY,
INNER_SIDE,LEFT,3,0.5,,,1.0,0.0,0.0,1.0,1.0,,17.25,15.25,17.75,16.25,PASS_BOUNDARY,
INNER_SIDE,LEFT,3,0.5,,,1.0,0.0,0.0,2.0,1.0,,17.25,14.25,17.75,16.25,PASS_BOUNDARY,
INNER_SIDE,LEFT,3,0.5,,,1.0,0.0,1.0,0.0,1.0,,17.25,15.25,17.75,16.25,PASS_BOUNDARY,
INNER_SIDE,LEFT,3,0.5,,,1.0,0.0,1.0,1.0,1.0,,17.25,14.25,17.75,16.25,PASS_BOUNDARY,
INNER_SIDE,LEFT,3,0.5,,,1.0,0.0,1.0,2.0,1.0,,17.25,13.25,17.75,16.25,PASS_BOUNDARY,
INNER_SIDE,LEFT,3,0.5,,,1.0,0.0,2.0,0.0,1.0,,17.25,14.25,17.75,16.25,PASS_BOUNDARY,
INNER_SIDE,LEFT,3,0.5,,,1.0,0.0,2.0,1.0,1.0,,17.25,13.25,17.75,16.25,PASS_BOUNDARY,
INNER_SIDE,LEFT,3,0.5,,,1.0,0.0,2.0,2.0,1.0,,17.25,12.25,17.75,16.25,PASS_BOUNDARY,
INNER_SIDE,LEFT,3,0.5,,,1.0,1.0,0.0,0.0,0.0,,17.25,17.25,17.75,17.25,PASS_BOUNDARY,
INNER_SIDE,LEFT,3,0.5,,,1.0,1.0,0.0,1.0,0.0,,17.25,16.25,17.75,17.25,PASS_BOUNDARY,
INNER_SIDE,LEFT,3,0.5,,,1.0,1.0,0.0,2.0,0.0,,17.25,15.25,17.75,17.25,PASS_BOUNDARY,
INNER_SIDE,LEFT,3,0.5,,,1.0,1.0,1.0,0.0,0.0,,17.25,16.25,17.75,17.25,PASS_BOUNDARY,
INNER_SIDE,LEFT,3,0.5,,,1.0,1.0,1.0,1.0,0.0,,17.25,15.25,17.75,17.25,PASS_BOUNDARY,
INNER_SIDE,LEFT,3,0.5,,,1.0,1.0,1.0,2.0,0.0,,17.25,14.25,17.75,17.25,PASS_BOUNDARY,
INNER_SIDE,LEFT,3,0.5,,,1.0,1.0,2.0,0.0,0.0,,17.25,15.25,17.75,17.25,PASS_BOUNDARY,
INNER_SIDE,LEFT,3,0.5,,,1.0,1.0,2.0,1.0,0.0,,17.25,14.25,17.75,17.25,PASS_BOUNDARY,
INNER_SIDE,LEFT,3,0.5,,,1.0,1.0,2.0,2.0,0.0,,17.25,13.25,17.75,17.25,PASS_BOUNDARY,
INNER_SIDE,LEFT,3,1.0,,,-1.0,-1.0,0.0,0.0,0.0,,17.25,17.25,17.75,16.75,PASS_BOUNDARY,
INNER_SIDE,LEFT,3,1.0,,,-1.0,-1.0,0.0,1.0,0.0,,17.25,16.25,17.75,16.75,PASS_BOUNDARY,
INNER_SIDE,LEFT,3,1.0,,,-1.0,-1.0,0.0,2.0,0.0,,17.25,15.25,17.75,16.75,PASS_BOUNDARY,
INNER_SIDE,LEFT,3,1.0,,,-1.0,-1.0,1.0,0.0,0.0,,17.25,16.25,17.75,16.75,PASS_BOUNDARY,
INNER_SIDE,LEFT,3,1.0,,,-1.0,-1.0,1.0,1.0,0.0,,17.25,15.25,17.75,16.75,PASS_BOUNDARY,
INNER_SIDE,LEFT,3,1.0,,,-1.0,-1.0,1.0,2.0,0.0,,17.25,14.25,17.75,16.75,PASS_BOUNDARY,
INNER_SIDE,LEFT,3,1.0,,,-1.0,-1.0,2.0,0.0,0.0,,17.25,15.25,17.75,16.75,PASS_BOUNDARY,
INNER_SIDE,LEFT,3,1.0,,,-1.0,-1.0,2.0,1.0,0.0,,17.25,14.25,17.75,16.75,PASS_BOUNDARY,
INNER_SIDE,LEFT,3,1.0,,,-1.0,-1.0,2.0,2.0,0.0,,17.25,13.25,17.75,16.75,PASS_BOUNDARY,
INNER_SIDE,LEFT,3,1.0,,,-1.0,0.0,0.0,0.0,1.0,,17.25,16.25,17.75,15.75,PASS_BOUNDARY,
INNER_SIDE,LEFT,3,1.0,,,-1.0,0.0,0.0,1.0,1.0,,17.25,15.25,17.75,15.75,PASS_BOUNDARY,
INNER_SIDE,LEFT,3,1.0,,,-1.0,0.0,0.0,2.0,1.0,,17.25,14.25,17.75,15.75,PASS_BOUNDARY,
INNER_SIDE,LEFT,3,1.0,,,-1.0,0.0,1.0,0.0,1.0,,17.25,15.25,17.75,15.75,PASS_BOUNDARY,
INNER_SIDE,LEFT,3,1.0,,,-1.0,0.0,1.0,1.0,1.0,,17.25,14.25,17.75,15.75,PASS_BOUNDARY,
INNER_SIDE,LEFT,3,1.0,,,-1.0,0.0,1.0,2.0,1.0,,17.25,13.25,17.75,15.75,PASS_BOUNDARY,
INNER_SIDE,LEFT,3,1.0,,,-1.0,0.0,2.0,0.0,1.0,,17.25,14.25,17.75,15.75,PASS_BOUNDARY,
INNER_SIDE,LEFT,3,1.0,,,-1.0,0.0,2.0,1.0,1.0,,17.25,13.25,17.75,15.75,PASS_BOUNDARY,
INNER_SIDE,LEFT,3,1.0,,,-1.0,0.0,2.0,2.0,1.0,,17.25,12.25,17.75,15.75,PASS_BOUNDARY,
INNER_SIDE,LEFT,3,1.0,,,-1.0,1.0,0.0,0.0,2.0,,17.25,15.25,17.75,14.75,PASS_BOUNDARY,
INNER_SIDE,LEFT,3,1.0,,,-1.0,1.0,0.0,1.0,2.0,,17.25,14.25,17.75,14.75,PASS_BOUNDARY,
INNER_SIDE,LEFT,3,1.0,,,-1.0,1.0,0.0,2.0,2.0,,17.25,13.25,17.75,14.75,PASS_BOUNDARY,
INNER_SIDE,LEFT,3,1.0,,,-1.0,1.0,1.0,0.0,2.0,,17.25,14.25,17.75,14.75,PASS_BOUNDARY,
INNER_SIDE,LEFT,3,1.0,,,-1.0,1.0,1.0,1.0,2.0,,17.25,13.25,17.75,14.75,PASS_BOUNDARY,
INNER_SIDE,LEFT,3,1.0,,,-1.0,1.0,1.0,2.0,2.0,,17.25,12.25,17.75,14.75,PASS_BOUNDARY,
INNER_SIDE,LEFT,3,1.0,,,-1.0,1.0,2.0,0.0,2.0,,17.25,13.25,17.75,14.75,PASS_BOUNDARY,
INNER_SIDE,LEFT,3,1.0,,,-1.0,1.0,2.0,1.0,2.0,,17.25,12.25,17.75,14.75,PASS_BOUNDARY,
INNER_SIDE,LEFT,3,1.0,,,-1.0,1.0,2.0,2.0,2.0,,17.25,11.25,17.75,14.75,PASS_BOUNDARY,
INNER_SIDE,LEFT,3,1.0,,,0.0,-1.0,0.0,0.0,1.0,,17.25,16.25,17.75,15.75,PASS_BOUNDARY,
INNER_SIDE,LEFT,3,1.0,,,0.0,-1.0,0.0,1.0,1.0,,17.25,15.25,17.75,15.75,PASS_BOUNDARY,
INNER_SIDE,LEFT,3,1.0,,,0.0,-1.0,0.0,2.0,1.0,,17.25,14.25,17.75,15.75,PASS_BOUNDARY,
INNER_SIDE,LEFT,3,1.0,,,0.0,-1.0,1.0,0.0,1.0,,17.25,15.25,17.75,15.75,PASS_BOUNDARY,
INNER_SIDE,LEFT,3,1.0,,,0.0,-1.0,1.0,1.0,1.0,,17.25,14.25,17.75,15.75,PASS_BOUNDARY,
INNER_SIDE,LEFT,3,1.0,,,0.0,-1.0,1.0,2.0,1.0,,17.25,13.25,17.75,15.75,PASS_BOUNDARY,
INNER_SIDE,LEFT,3,1.0,,,0.0,-1.0,2.0,0.0,1.0,,17.25,14.25,17.75,15.75,PASS_BOUNDARY,
INNER_SIDE,LEFT,3,1.0,,,0.0,-1.0,2.0,1.0,1.0,,17.25,13.25,17.75,15.75,PASS_BOUNDARY,
INNER_SIDE,LEFT,3,1.0,,,0.0,-1.0,2.0,2.0,1.0,,17.25,12.25,17.75,15.75,PASS_BOUNDARY,
INNER_SIDE,LEFT,3,1.0,,,0.0,0.0,0.0,0.0,0.0,,17.25,17.25,17.75,16.75,PASS_BOUNDARY,
INNER_SIDE,LEFT,3,1.0,,,0.0,0.0,0.0,1.0,0.0,,17.25,16.25,17.75,16.75,PASS_BOUNDARY,
INNER_SIDE,LEFT,3,1.0,,,0.0,0.0,0.0,2.0,0.0,,17.25,15.25,17.75,16.75,PASS_BOUNDARY,
INNER_SIDE,LEFT,3,1.0,,,0.0,0.0,1.0,0.0,0.0,,17.25,16.25,17.75,16.75,PASS_BOUNDARY,
INNER_SIDE,LEFT,3,1.0,,,0.0,0.0,1.0,1.0,0.0,,17.25,15.25,17.75,16.75,PASS_BOUNDARY,
INNER_SIDE,LEFT,3,1.0,,,0.0,0.0,1.0,2.0,0.0,,17.25,14.25,17.75,16.75,PASS_BOUNDARY,
INNER_SIDE,LEFT,3,1.0,,,0.0,0.0,2.0,0.0,0.0,,17.25,15.25,17.75,16.75,PASS_BOUNDARY,
INNER_SIDE,LEFT,3,1.0,,,0.0,0.0,2.0,1.0,0.0,,17.25,14.25,17.75,16.75,PASS_BOUNDARY,
INNER_SIDE,LEFT,3,1.0,,,0.0,0.0,2.0,2.0,0.0,,17.25,13.25,17.75,16.75,PASS_BOUNDARY,
INNER_SIDE,LEFT,3,1.0,,,0.0,1.0,0.0,0.0,1.0,,17.25,16.25,17.75,15.75,PASS_BOUNDARY,
INNER_SIDE,LEFT,3,1.0,,,0.0,1.0,0.0,1.0,1.0,,17.25,15.25,17.75,15.75,PASS_BOUNDARY,
INNER_SIDE,LEFT,3,1.0,,,0.0,1.0,0.0,2.0,1.0,,17.25,14.25,17.75,15.75,PASS_BOUNDARY,
INNER_SIDE,LEFT,3,1.0,,,0.0,1.0,1.0,0.0,1.0,,17.25,15.25,17.75,15.75,PASS_BOUNDARY,
INNER_SIDE,LEFT,3,1.0,,,0.0,1.0,1.0,1.0,1.0,,17.25,14.25,17.75,15.75,PASS_BOUNDARY,
INNER_SIDE,LEFT,3,1.0,,,0.0,1.0,1.0,2.0,1.0,,17.25,13.25,17.75,15.75,PASS_BOUNDARY,
INNER_SIDE,LEFT,3,1.0,,,0.0,1.0,2.0,0.0,1.0,,17.25,14.25,17.75,15.75,PASS_BOUNDARY,
INNER_SIDE,LEFT,3,1.0,,,0.0,1.0,2.0,1.0,1.0,,17.25,13.25,17.75,15.75,PASS_BOUNDARY,
INNER_SIDE,LEFT,3,1.0,,,0.0,1.0,2.0,2.0,1.0,,17.25,12.25,17.75,15.75,PASS_BOUNDARY,
INNER_SIDE,LEFT,3,1.0,,,1.0,-1.0,0.0,0.0,2.0,,17.25,15.25,17.75,14.75,PASS_BOUNDARY,
INNER_SIDE,LEFT,3,1.0,,,1.0,-1.0,0.0,1.0,2.0,,17.25,14.25,17.75,14.75,PASS_BOUNDARY,
INNER_SIDE,LEFT,3,1.0,,,1.0,-1.0,0.0,2.0,2.0,,17.25,13.25,17.75,14.75,PASS_BOUNDARY,
INNER_SIDE,LEFT,3,1.0,,,1.0,-1.0,1.0,0.0,2.0,,17.25,14.25,17.75,14.75,PASS_BOUNDARY,
INNER_SIDE,LEFT,3,1.0,,,1.0,-1.0,1.0,1.0,2.0,,17.25,13.25,17.75,14.75,PASS_BOUNDARY,
INNER_SIDE,LEFT,3,1.0,,,1.0,-1.0,1.0,2.0,2.0,,17.25,12.25,17.75,14.75,PASS_BOUNDARY,
INNER_SIDE,LEFT,3,1.0,,,1.0,-1.0,2.0,0.0,2.0,,17.25,13.25,17.75,14.75,PASS_BOUNDARY,
INNER_SIDE,LEFT,3,1.0,,,1.0,-1.0,2.0,1.0,2.0,,17.25,12.25,17.75,14.75,PASS_BOUNDARY,
INNER_SIDE,LEFT,3,1.0,,,1.0,-1.0,2.0,2.0,2.0,,17.25,11.25,17.75,14.75,PASS_BOUNDARY,
INNER_SIDE,LEFT,3,1.0,,,1.0,0.0,0.0,0.0,1.0,,17.25,16.25,17.75,15.75,PASS_BOUNDARY,
INNER_SIDE,LEFT,3,1.0,,,1.0,0.0,0.0,1.0,1.0,,17.25,15.25,17.75,15.75,PASS_BOUNDARY,
INNER_SIDE,LEFT,3,1.0,,,1.0,0.0,0.0,2.0,1.0,,17.25,14.25,17.75,15.75,PASS_BOUNDARY,
INNER_SIDE,LEFT,3,1.0,,,1.0,0.0,1.0,0.0,1.0,,17.25,15.25,17.75,15.75,PASS_BOUNDARY,
INNER_SIDE,LEFT,3,1.0,,,1.0,0.0,1.0,1.0,1.0,,17.25,14.25,17.75,15.75,PASS_BOUNDARY,
INNER_SIDE,LEFT,3,1.0,,,1.0,0.0,1.0,2.0,1.0,,17.25,13.25,17.75,15.75,PASS_BOUNDARY,
INNER_SIDE,LEFT,3,1.0,,,1.0,0.0,2.0,0.0,1.0,,17.25,14.25,17.75,15.75,PASS_BOUNDARY,
INNER_SIDE,LEFT,3,1.0,,,1.0,0.0,2.0,1.0,1.0,,17.25,13.25,17.75,15.75,PASS_BOUNDARY,
INNER_SIDE,LEFT,3,1.0,,,1.0,0.0,2.0,2.0,1.0,,17.25,12.25,17.75,15.75,PASS_BOUNDARY,
INNER_SIDE,LEFT,3,1.0,,,1.0,1.0,0.0,0.0,0.0,,17.25,17.25,17.75,16.75,PASS_BOUNDARY,
INNER_SIDE,LEFT,3,1.0,,,1.0,1.0,0.0,1.0,0.0,,17.25,16.25,17.75,16.75,PASS_BOUNDARY,
INNER_SIDE,LEFT,3,1.0,,,1.0,1.0,0.0,2.0,0.0,,17.25,15.25,17.75,16.75,PASS_BOUNDARY,
INNER_SIDE,LEFT,3,1.0,,,1.0,1.0,1.0,0.0,0.0,,17.25,16.25,17.75,16.75,PASS_BOUNDARY,
INNER_SIDE,LEFT,3,1.0,,,1.0,1.0,1.0,1.0,0.0,,17.25,15.25,17.75,16.75,PASS_BOUNDARY,
INNER_SIDE,LEFT,3,1.0,,,1.0,1.0,1.0,2.0,0.0,,17.25,14.25,17.75,16.75,PASS_BOUNDARY,
INNER_SIDE,LEFT,3,1.0,,,1.0,1.0,2.0,0.0,0.0,,17.25,15.25,17.75,16.75,PASS_BOUNDARY,
INNER_SIDE,LEFT,3,1.0,,,1.0,1.0,2.0,1.0,0.0,,17.25,14.25,17.75,16.75,PASS_BOUNDARY,
INNER_SIDE,LEFT,3,1.0,,,1.0,1.0,2.0,2.0,0.0,,17.25,13.25,17.75,16.75,PASS_BOUNDARY,
INNER_SIDE,LEFT,3,1.5,,,-1.0,-1.0,0.0,0.0,0.0,,17.25,17.25,17.75,16.25,PASS_BOUNDARY,
INNER_SIDE,LEFT,3,1.5,,,-1.0,-1.0,0.0,1.0,0.0,,17.25,16.25,17.75,16.25,PASS_BOUNDARY,
INNER_SIDE,LEFT,3,1.5,,,-1.0,-1.0,0.0,2.0,0.0,,17.25,15.25,17.75,16.25,PASS_BOUNDARY,
INNER_SIDE,LEFT,3,1.5,,,-1.0,-1.0,1.0,0.0,0.0,,17.25,16.25,17.75,16.25,PASS_BOUNDARY,
INNER_SIDE,LEFT,3,1.5,,,-1.0,-1.0,1.0,1.0,0.0,,17.25,15.25,17.75,16.25,PASS_BOUNDARY,
INNER_SIDE,LEFT,3,1.5,,,-1.0,-1.0,1.0,2.0,0.0,,17.25,14.25,17.75,16.25,PASS_BOUNDARY,
INNER_SIDE,LEFT,3,1.5,,,-1.0,-1.0,2.0,0.0,0.0,,17.25,15.25,17.75,16.25,PASS_BOUNDARY,
INNER_SIDE,LEFT,3,1.5,,,-1.0,-1.0,2.0,1.0,0.0,,17.25,14.25,17.75,16.25,PASS_BOUNDARY,
INNER_SIDE,LEFT,3,1.5,,,-1.0,-1.0,2.0,2.0,0.0,,17.25,13.25,17.75,16.25,PASS_BOUNDARY,
INNER_SIDE,LEFT,3,1.5,,,-1.0,0.0,0.0,0.0,1.0,,17.25,16.25,17.75,15.25,PASS_BOUNDARY,
INNER_SIDE,LEFT,3,1.5,,,-1.0,0.0,0.0,1.0,1.0,,17.25,15.25,17.75,15.25,PASS_BOUNDARY,
INNER_SIDE,LEFT,3,1.5,,,-1.0,0.0,0.0,2.0,1.0,,17.25,14.25,17.75,15.25,PASS_BOUNDARY,
INNER_SIDE,LEFT,3,1.5,,,-1.0,0.0,1.0,0.0,1.0,,17.25,15.25,17.75,15.25,PASS_BOUNDARY,
INNER_SIDE,LEFT,3,1.5,,,-1.0,0.0,1.0,1.0,1.0,,17.25,14.25,17.75,15.25,PASS_BOUNDARY,
INNER_SIDE,LEFT,3,1.5,,,-1.0,0.0,1.0,2.0,1.0,,17.25,13.25,17.75,15.25,PASS_BOUNDARY,
INNER_SIDE,LEFT,3,1.5,,,-1.0,0.0,2.0,0.0,1.0,,17.25,14.25,17.75,15.25,PASS_BOUNDARY,
INNER_SIDE,LEFT,3,1.5,,,-1.0,0.0,2.0,1.0,1.0,,17.25,13.25,17.75,15.25,PASS_BOUNDARY,
INNER_SIDE,LEFT,3,1.5,,,-1.0,0.0,2.0,2.0,1.0,,17.25,12.25,17.75,15.25,PASS_BOUNDARY,
INNER_SIDE,LEFT,3,1.5,,,-1.0,1.0,0.0,0.0,2.0,,17.25,15.25,17.75,14.25,PASS_BOUNDARY,
INNER_SIDE,LEFT,3,1.5,,,-1.0,1.0,0.0,1.0,2.0,,17.25,14.25,17.75,14.25,PASS_BOUNDARY,
INNER_SIDE,LEFT,3,1.5,,,-1.0,1.0,0.0,2.0,2.0,,17.25,13.25,17.75,14.25,PASS_BOUNDARY,
INNER_SIDE,LEFT,3,1.5,,,-1.0,1.0,1.0,0.0,2.0,,17.25,14.25,17.75,14.25,PASS_BOUNDARY,
INNER_SIDE,LEFT,3,1.5,,,-1.0,1.0,1.0,1.0,2.0,,17.25,13.25,17.75,14.25,PASS_BOUNDARY,
INNER_SIDE,LEFT,3,1.5,,,-1.0,1.0,1.0,2.0,2.0,,17.25,12.25,17.75,14.25,PASS_BOUNDARY,
INNER_SIDE,LEFT,3,1.5,,,-1.0,1.0,2.0,0.0,2.0,,17.25,13.25,17.75,14.25,PASS_BOUNDARY,
INNER_SIDE,LEFT,3,1.5,,,-1.0,1.0,2.0,1.0,2.0,,17.25,12.25,17.75,14.25,PASS_BOUNDARY,
INNER_SIDE,LEFT,3,1.5,,,-1.0,1.0,2.0,2.0,2.0,,17.25,11.25,17.75,14.25,PASS_BOUNDARY,
INNER_SIDE,LEFT,3,1.5,,,0.0,-1.0,0.0,0.0,1.0,,17.25,16.25,17.75,15.25,PASS_BOUNDARY,
INNER_SIDE,LEFT,3,1.5,,,0.0,-1.0,0.0,1.0,1.0,,17.25,15.25,17.75,15.25,PASS_BOUNDARY,
INNER_SIDE,LEFT,3,1.5,,,0.0,-1.0,0.0,2.0,1.0,,17.25,14.25,17.75,15.25,PASS_BOUNDARY,
INNER_SIDE,LEFT,3,1.5,,,0.0,-1.0,1.0,0.0,1.0,,17.25,15.25,17.75,15.25,PASS_BOUNDARY,
INNER_SIDE,LEFT,3,1.5,,,0.0,-1.0,1.0,1.0,1.0,,17.25,14.25,17.75,15.25,PASS_BOUNDARY,
INNER_SIDE,LEFT,3,1.5,,,0.0,-1.0,1.0,2.0,1.0,,17.25,13.25,17.75,15.25,PASS_BOUNDARY,
INNER_SIDE,LEFT,3,1.5,,,0.0,-1.0,2.0,0.0,1.0,,17.25,14.25,17.75,15.25,PASS_BOUNDARY,
INNER_SIDE,LEFT,3,1.5,,,0.0,-1.0,2.0,1.0,1.0,,17.25,13.25,17.75,15.25,PASS_BOUNDARY,
INNER_SIDE,LEFT,3,1.5,,,0.0,-1.0,2.0,2.0,1.0,,17.25,12.25,17.75,15.25,PASS_BOUNDARY,
INNER_SIDE,LEFT,3,1.5,,,0.0,0.0,0.0,0.0,0.0,,17.25,17.25,17.75,16.25,PASS_BOUNDARY,
INNER_SIDE,LEFT,3,1.5,,,0.0,0.0,0.0,1.0,0.0,,17.25,16.25,17.75,16.25,PASS_BOUNDARY,
INNER_SIDE,LEFT,3,1.5,,,0.0,0.0,0.0,2.0,0.0,,17.25,15.25,17.75,16.25,PASS_BOUNDARY,
INNER_SIDE,LEFT,3,1.5,,,0.0,0.0,1.0,0.0,0.0,,17.25,16.25,17.75,16.25,PASS_BOUNDARY,
INNER_SIDE,LEFT,3,1.5,,,0.0,0.0,1.0,1.0,0.0,,17.25,15.25,17.75,16.25,PASS_BOUNDARY,
INNER_SIDE,LEFT,3,1.5,,,0.0,0.0,1.0,2.0,0.0,,17.25,14.25,17.75,16.25,PASS_BOUNDARY,
INNER_SIDE,LEFT,3,1.5,,,0.0,0.0,2.0,0.0,0.0,,17.25,15.25,17.75,16.25,PASS_BOUNDARY,
INNER_SIDE,LEFT,3,1.5,,,0.0,0.0,2.0,1.0,0.0,,17.25,14.25,17.75,16.25,PASS_BOUNDARY,
INNER_SIDE,LEFT,3,1.5,,,0.0,0.0,2.0,2.0,0.0,,17.25,13.25,17.75,16.25,PASS_BOUNDARY,
INNER_SIDE,LEFT,3,1.5,,,0.0,1.0,0.0,0.0,1.0,,17.25,16.25,17.75,15.25,PASS_BOUNDARY,
INNER_SIDE,LEFT,3,1.5,,,0.0,1.0,0.0,1.0,1.0,,17.25,15.25,17.75,15.25,PASS_BOUNDARY,
INNER_SIDE,LEFT,3,1.5,,,0.0,1.0,0.0,2.0,1.0,,17.25,14.25,17.75,15.25,PASS_BOUNDARY,
INNER_SIDE,LEFT,3,1.5,,,0.0,1.0,1.0,0.0,1.0,,17.25,15.25,17.75,15.25,PASS_BOUNDARY,
INNER_SIDE,LEFT,3,1.5,,,0.0,1.0,1.0,1.0,1.0,,17.25,14.25,17.75,15.25,PASS_BOUNDARY,
INNER_SIDE,LEFT,3,1.5,,,0.0,1.0,1.0,2.0,1.0,,17.25,13.25,17.75,15.25,PASS_BOUNDARY,
INNER_SIDE,LEFT,3,1.5,,,0.0,1.0,2.0,0.0,1.0,,17.25,14.25,17.75,15.25,PASS_BOUNDARY,
INNER_SIDE,LEFT,3,1.5,,,0.0,1.0,2.0,1.0,1.0,,17.25,13.25,17.75,15.25,PASS_BOUNDARY,
INNER_SIDE,LEFT,3,1.5,,,0.0,1.0,2.0,2.0,1.0,,17.25,12.25,17.75,15.25,PASS_BOUNDARY,
INNER_SIDE,LEFT,3,1.5,,,1.0,-1.0,0.0,0.0,2.0,,17.25,15.25,17.75,14.25,PASS_BOUNDARY,
INNER_SIDE,LEFT,3,1.5,,,1.0,-1.0,0.0,1.0,2.0,,17.25,14.25,17.75,14.25,PASS_BOUNDARY,
INNER_SIDE,LEFT,3,1.5,,,1.0,-1.0,0.0,2.0,2.0,,17.25,13.25,17.75,14.25,PASS_BOUNDARY,
INNER_SIDE,LEFT,3,1.5,,,1.0,-1.0,1.0,0.0,2.0,,17.25,14.25,17.75,14.25,PASS_BOUNDARY,
INNER_SIDE,LEFT,3,1.5,,,1.0,-1.0,1.0,1.0,2.0,,17.25,13.25,17.75,14.25,PASS_BOUNDARY,
INNER_SIDE,LEFT,3,1.5,,,1.0,-1.0,1.0,2.0,2.0,,17.25,12.25,17.75,14.25,PASS_BOUNDARY,
INNER_SIDE,LEFT,3,1.5,,,1.0,-1.0,2.0,0.0,2.0,,17.25,13.25,17.75,14.25,PASS_BOUNDARY,
INNER_SIDE,LEFT,3,1.5,,,1.0,-1.0,2.0,1.0,2.0,,17.25,12.25,17.75,14.25,PASS_BOUNDARY,
INNER_SIDE,LEFT,3,1.5,,,1.0,-1.0,2.0,2.0,2.0,,17.25,11.25,17.75,14.25,PASS_BOUNDARY,
INNER_SIDE,LEFT,3,1.5,,,1.0,0.0,0.0,0.0,1.0,,17.25,16.25,17.75,15.25,PASS_BOUNDARY,
INNER_SIDE,LEFT,3,1.5,,,1.0,0.0,0.0,1.0,1.0,,17.25,15.25,17.75,15.25,PASS_BOUNDARY,
INNER_SIDE,LEFT,3,1.5,,,1.0,0.0,0.0,2.0,1.0,,17.25,14.25,17.75,15.25,PASS_BOUNDARY,
INNER_SIDE,LEFT,3,1.5,,,1.0,0.0,1.0,0.0,1.0,,17.25,15.25,17.75,15.25,PASS_BOUNDARY,
INNER_SIDE,LEFT,3,1.5,,,1.0,0.0,1.0,1.0,1.0,,17.25,14.25,17.75,15.25,PASS_BOUNDARY,
INNER_SIDE,LEFT,3,1.5,,,1.0,0.0,1.0,2.0,1.0,,17.25,13.25,17.75,15.25,PASS_BOUNDARY,
INNER_SIDE,LEFT,3,1.5,,,1.0,0.0,2.0,0.0,1.0,,17.25,14.25,17.75,15.25,PASS_BOUNDARY,
INNER_SIDE,LEFT,3,1.5,,,1.0,0.0,2.0,1.0,1.0,,17.25,13.25,17.75,15.25,PASS_BOUNDARY,
INNER_SIDE,LEFT,3,1.5,,,1.0,0.0,2.0,2.0,1.0,,17.25,12.25,17.75,15.25,PASS_BOUNDARY,
INNER_SIDE,LEFT,3,1.5,,,1.0,1.0,0.0,0.0,0.0,,17.25,17.25,17.75,16.25,PASS_BOUNDARY,
INNER_SIDE,LEFT,3,1.5,,,1.0,1.0,0.0,1.0,0.0,,17.25,16.25,17.75,16.25,PASS_BOUNDARY,
INNER_SIDE,LEFT,3,1.5,,,1.0,1.0,0.0,2.0,0.0,,17.25,15.25,17.75,16.25,PASS_BOUNDARY,
INNER_SIDE,LEFT,3,1.5,,,1.0,1.0,1.0,0.0,0.0,,17.25,16.25,17.75,16.25,PASS_BOUNDARY,
INNER_SIDE,LEFT,3,1.5,,,1.0,1.0,1.0,1.0,0.0,,17.25,15.25,17.75,16.25,PASS_BOUNDARY,
INNER_SIDE,LEFT,3,1.5,,,1.0,1.0,1.0,2.0,0.0,,17.25,14.25,17.75,16.25,PASS_BOUNDARY,
INNER_SIDE,LEFT,3,1.5,,,1.0,1.0,2.0,0.0,0.0,,17.25,15.25,17.75,16.25,PASS_BOUNDARY,
INNER_SIDE,LEFT,3,1.5,,,1.0,1.0,2.0,1.0,0.0,,17.25,14.25,17.75,16.25,PASS_BOUNDARY,
INNER_SIDE,LEFT,3,1.5,,,1.0,1.0,2.0,2.0,0.0,,17.25,13.25,17.75,16.25,PASS_BOUNDARY,
INNER_SIDE,LEFT,4,0.0,,,-1.0,-1.0,0.0,0.0,0.0,,16.25,16.25,16.75,16.75,PASS_BOUNDARY,
INNER_SIDE,LEFT,4,0.0,,,-1.0,-1.0,0.0,1.0,0.0,,16.25,15.25,16.75,16.75,PASS_BOUNDARY,
INNER_SIDE,LEFT,4,0.0,,,-1.0,-1.0,0.0,2.0,0.0,,16.25,14.25,16.75,16.75,PASS_BOUNDARY,
INNER_SIDE,LEFT,4,0.0,,,-1.0,-1.0,1.0,0.0,0.0,,16.25,15.25,16.75,16.75,PASS_BOUNDARY,
INNER_SIDE,LEFT,4,0.0,,,-1.0,-1.0,1.0,1.0,0.0,,16.25,14.25,16.75,16.75,PASS_BOUNDARY,
INNER_SIDE,LEFT,4,0.0,,,-1.0,-1.0,1.0,2.0,0.0,,16.25,13.25,16.75,16.75,PASS_BOUNDARY,
INNER_SIDE,LEFT,4,0.0,,,-1.0,-1.0,2.0,0.0,0.0,,16.25,14.25,16.75,16.75,PASS_BOUNDARY,
INNER_SIDE,LEFT,4,0.0,,,-1.0,-1.0,2.0,1.0,0.0,,16.25,13.25,16.75,16.75,PASS_BOUNDARY,
INNER_SIDE,LEFT,4,0.0,,,-1.0,-1.0,2.0,2.0,0.0,,16.25,12.25,16.75,16.75,PASS_BOUNDARY,
INNER_SIDE,LEFT,4,0.0,,,-1.0,0.0,0.0,0.0,1.0,,16.25,15.25,16.75,15.75,PASS_BOUNDARY,
INNER_SIDE,LEFT,4,0.0,,,-1.0,0.0,0.0,1.0,1.0,,16.25,14.25,16.75,15.75,PASS_BOUNDARY,
INNER_SIDE,LEFT,4,0.0,,,-1.0,0.0,0.0,2.0,1.0,,16.25,13.25,16.75,15.75,PASS_BOUNDARY,
INNER_SIDE,LEFT,4,0.0,,,-1.0,0.0,1.0,0.0,1.0,,16.25,14.25,16.75,15.75,PASS_BOUNDARY,
INNER_SIDE,LEFT,4,0.0,,,-1.0,0.0,1.0,1.0,1.0,,16.25,13.25,16.75,15.75,PASS_BOUNDARY,
INNER_SIDE,LEFT,4,0.0,,,-1.0,0.0,1.0,2.0,1.0,,16.25,12.25,16.75,15.75,PASS_BOUNDARY,
INNER_SIDE,LEFT,4,0.0,,,-1.0,0.0,2.0,0.0,1.0,,16.25,13.25,16.75,15.75,PASS_BOUNDARY,
INNER_SIDE,LEFT,4,0.0,,,-1.0,0.0,2.0,1.0,1.0,,16.25,12.25,16.75,15.75,PASS_BOUNDARY,
INNER_SIDE,LEFT,4,0.0,,,-1.0,0.0,2.0,2.0,1.0,,16.25,11.25,16.75,15.75,PASS_BOUNDARY,
INNER_SIDE,LEFT,4,0.0,,,-1.0,1.0,0.0,0.0,2.0,,16.25,14.25,16.75,14.75,PASS_BOUNDARY,
INNER_SIDE,LEFT,4,0.0,,,-1.0,1.0,0.0,1.0,2.0,,16.25,13.25,16.75,14.75,PASS_BOUNDARY,
INNER_SIDE,LEFT,4,0.0,,,-1.0,1.0,0.0,2.0,2.0,,16.25,12.25,16.75,14.75,PASS_BOUNDARY,
INNER_SIDE,LEFT,4,0.0,,,-1.0,1.0,1.0,0.0,2.0,,16.25,13.25,16.75,14.75,PASS_BOUNDARY,
INNER_SIDE,LEFT,4,0.0,,,-1.0,1.0,1.0,1.0,2.0,,16.25,12.25,16.75,14.75,PASS_BOUNDARY,
INNER_SIDE,LEFT,4,0.0,,,-1.0,1.0,1.0,2.0,2.0,,16.25,11.25,16.75,14.75,PASS_BOUNDARY,
INNER_SIDE,LEFT,4,0.0,,,-1.0,1.0,2.0,0.0,2.0,,16.25,12.25,16.75,14.75,PASS_BOUNDARY,
INNER_SIDE,LEFT,4,0.0,,,-1.0,1.0,2.0,1.0,2.0,,16.25,11.25,16.75,14.75,PASS_BOUNDARY,
INNER_SIDE,LEFT,4,0.0,,,-1.0,1.0,2.0,2.0,2.0,,16.25,10.25,16.75,14.75,PASS_BOUNDARY,
INNER_SIDE,LEFT,4,0.0,,,0.0,-1.0,0.0,0.0,1.0,,16.25,15.25,16.75,15.75,PASS_BOUNDARY,
INNER_SIDE,LEFT,4,0.0,,,0.0,-1.0,0.0,1.0,1.0,,16.25,14.25,16.75,15.75,PASS_BOUNDARY,
INNER_SIDE,LEFT,4,0.0,,,0.0,-1.0,0.0,2.0,1.0,,16.25,13.25,16.75,15.75,PASS_BOUNDARY,
INNER_SIDE,LEFT,4,0.0,,,0.0,-1.0,1.0,0.0,1.0,,16.25,14.25,16.75,15.75,PASS_BOUNDARY,
INNER_SIDE,LEFT,4,0.0,,,0.0,-1.0,1.0,1.0,1.0,,16.25,13.25,16.75,15.75,PASS_BOUNDARY,
INNER_SIDE,LEFT,4,0.0,,,0.0,-1.0,1.0,2.0,1.0,,16.25,12.25,16.75,15.75,PASS_BOUNDARY,
INNER_SIDE,LEFT,4,0.0,,,0.0,-1.0,2.0,0.0,1.0,,16.25,13.25,16.75,15.75,PASS_BOUNDARY,
INNER_SIDE,LEFT,4,0.0,,,0.0,-1.0,2.0,1.0,1.0,,16.25,12.25,16.75,15.75,PASS_BOUNDARY,
INNER_SIDE,LEFT,4,0.0,,,0.0,-1.0,2.0,2.0,1.0,,16.25,11.25,16.75,15.75,PASS_BOUNDARY,
INNER_SIDE,LEFT,4,0.0,,,0.0,0.0,0.0,0.0,0.0,,16.25,16.25,16.75,16.75,PASS_BOUNDARY,
INNER_SIDE,LEFT,4,0.0,,,0.0,0.0,0.0,1.0,0.0,,16.25,15.25,16.75,16.75,PASS_BOUNDARY,
INNER_SIDE,LEFT,4,0.0,,,0.0,0.0,0.0,2.0,0.0,,16.25,14.25,16.75,16.75,PASS_BOUNDARY,
INNER_SIDE,LEFT,4,0.0,,,0.0,0.0,1.0,0.0,0.0,,16.25,15.25,16.75,16.75,PASS_BOUNDARY,
INNER_SIDE,LEFT,4,0.0,,,0.0,0.0,1.0,1.0,0.0,,16.25,14.25,16.75,16.75,PASS_BOUNDARY,
INNER_SIDE,LEFT,4,0.0,,,0.0,0.0,1.0,2.0,0.0,,16.25,13.25,16.75,16.75,PASS_BOUNDARY,
INNER_SIDE,LEFT,4,0.0,,,0.0,0.0,2.0,0.0,0.0,,16.25,14.25,16.75,16.75,PASS_BOUNDARY,
INNER_SIDE,LEFT,4,0.0,,,0.0,0.0,2.0,1.0,0.0,,16.25,13.25,16.75,16.75,PASS_BOUNDARY,
INNER_SIDE,LEFT,4,0.0,,,0.0,0.0,2.0,2.0,0.0,,16.25,12.25,16.75,16.75,PASS_BOUNDARY,
INNER_SIDE,LEFT,4,0.0,,,0.0,1.0,0.0,0.0,1.0,,16.25,15.25,16.75,15.75,PASS_BOUNDARY,
INNER_SIDE,LEFT,4,0.0,,,0.0,1.0,0.0,1.0,1.0,,16.25,14.25,16.75,15.75,PASS_BOUNDARY,
INNER_SIDE,LEFT,4,0.0,,,0.0,1.0,0.0,2.0,1.0,,16.25,13.25,16.75,15.75,PASS_BOUNDARY,
INNER_SIDE,LEFT,4,0.0,,,0.0,1.0,1.0,0.0,1.0,,16.25,14.25,16.75,15.75,PASS_BOUNDARY,
INNER_SIDE,LEFT,4,0.0,,,0.0,1.0,1.0,1.0,1.0,,16.25,13.25,16.75,15.75,PASS_BOUNDARY,
INNER_SIDE,LEFT,4,0.0,,,0.0,1.0,1.0,2.0,1.0,,16.25,12.25,16.75,15.75,PASS_BOUNDARY,
INNER_SIDE,LEFT,4,0.0,,,0.0,1.0,2.0,0.0,1.0,,16.25,13.25,16.75,15.75,PASS_BOUNDARY,
INNER_SIDE,LEFT,4,0.0,,,0.0,1.0,2.0,1.0,1.0,,16.25,12.25,16.75,15.75,PASS_BOUNDARY,
INNER_SIDE,LEFT,4,0.0,,,0.0,1.0,2.0,2.0,1.0,,16.25,11.25,16.75,15.75,PASS_BOUNDARY,
INNER_SIDE,LEFT,4,0.0,,,1.0,-1.0,0.0,0.0,2.0,,16.25,14.25,16.75,14.75,PASS_BOUNDARY,
INNER_SIDE,LEFT,4,0.0,,,1.0,-1.0,0.0,1.0,2.0,,16.25,13.25,16.75,14.75,PASS_BOUNDARY,
INNER_SIDE,LEFT,4,0.0,,,1.0,-1.0,0.0,2.0,2.0,,16.25,12.25,16.75,14.75,PASS_BOUNDARY,
INNER_SIDE,LEFT,4,0.0,,,1.0,-1.0,1.0,0.0,2.0,,16.25,13.25,16.75,14.75,PASS_BOUNDARY,
INNER_SIDE,LEFT,4,0.0,,,1.0,-1.0,1.0,1.0,2.0,,16.25,12.25,16.75,14.75,PASS_BOUNDARY,
INNER_SIDE,LEFT,4,0.0,,,1.0,-1.0,1.0,2.0,2.0,,16.25,11.25,16.75,14.75,PASS_BOUNDARY,
INNER_SIDE,LEFT,4,0.0,,,1.0,-1.0,2.0,0.0,2.0,,16.25,12.25,16.75,14.75,PASS_BOUNDARY,
INNER_SIDE,LEFT,4,0.0,,,1.0,-1.0,2.0,1.0,2.0,,16.25,11.25,16.75,14.75,PASS_BOUNDARY,
INNER_SIDE,LEFT,4,0.0,,,1.0,-1.0,2.0,2.0,2.0,,16.25,10.25,16.75,14.75,PASS_BOUNDARY,
INNER_SIDE,LEFT,4,0.0,,,1.0,0.0,0.0,0.0,1.0,,16.25,15.25,16.75,15.75,PASS_BOUNDARY,
INNER_SIDE,LEFT,4,0.0,,,1.0,0.0,0.0,1.0,1.0,,16.25,14.25,16.75,15.75,PASS_BOUNDARY,
INNER_SIDE,LEFT,4,0.0,,,1.0,0.0,0.0,2.0,1.0,,16.25,13.25,16.75,15.75,PASS_BOUNDARY,
INNER_SIDE,LEFT,4,0.0,,,1.0,0.0,1.0,0.0,1.0,,16.25,14.25,16.75,15.75,PASS_BOUNDARY,
INNER_SIDE,LEFT,4,0.0,,,1.0,0.0,1.0,1.0,1.0,,16.25,13.25,16.75,15.75,PASS_BOUNDARY,
INNER_SIDE,LEFT,4,0.0,,,1.0,0.0,1.0,2.0,1.0,,16.25,12.25,16.75,15.75,PASS_BOUNDARY,
INNER_SIDE,LEFT,4,0.0,,,1.0,0.0,2.0,0.0,1.0,,16.25,13.25,16.75,15.75,PASS_BOUNDARY,
INNER_SIDE,LEFT,4,0.0,,,1.0,0.0,2.0,1.0,1.0,,16.25,12.25,16.75,15.75,PASS_BOUNDARY,
INNER_SIDE,LEFT,4,0.0,,,1.0,0.0,2.0,2.0,1.0,,16.25,11.25,16.75,15.75,PASS_BOUNDARY,
INNER_SIDE,LEFT,4,0.0,,,1.0,1.0,0.0,0.0,0.0,,16.25,16.25,16.75,16.75,PASS_BOUNDARY,
INNER_SIDE,LEFT,4,0.0,,,1.0,1.0,0.0,1.0,0.0,,16.25,15.25,16.75,16.75,PASS_BOUNDARY,
INNER_SIDE,LEFT,4,0.0,,,1.0,1.0,0.0,2.0,0.0,,16.25,14.25,16.75,16.75,PASS_BOUNDARY,
INNER_SIDE,LEFT,4,0.0,,,1.0,1.0,1.0,0.0,0.0,,16.25,15.25,16.75,16.75,PASS_BOUNDARY,
INNER_SIDE,LEFT,4,0.0,,,1.0,1.0,1.0,1.0,0.0,,16.25,14.25,16.75,16.75,PASS_BOUNDARY,
INNER_SIDE,LEFT,4,0.0,,,1.0,1.0,1.0,2.0,0.0,,16.25,13.25,16.75,16.75,PASS_BOUNDARY,
INNER_SIDE,LEFT,4,0.0,,,1.0,1.0,2.0,0.0,0.0,,16.25,14.25,16.75,16.75,PASS_BOUNDARY,
INNER_SIDE,LEFT,4,0.0,,,1.0,1.0,2.0,1.0,0.0,,16.25,13.25,16.75,16.75,PASS_BOUNDARY,
INNER_SIDE,LEFT,4,0.0,,,1.0,1.0,2.0,2.0,0.0,,16.25,12.25,16.75,16.75,PASS_BOUNDARY,
INNER_SIDE,LEFT,4,0.5,,,-1.0,-1.0,0.0,0.0,0.0,,16.25,16.25,16.75,16.25,PASS_BOUNDARY,
INNER_SIDE,LEFT,4,0.5,,,-1.0,-1.0,0.0,1.0,0.0,,16.25,15.25,16.75,16.25,PASS_BOUNDARY,
INNER_SIDE,LEFT,4,0.5,,,-1.0,-1.0,0.0,2.0,0.0,,16.25,14.25,16.75,16.25,PASS_BOUNDARY,
INNER_SIDE,LEFT,4,0.5,,,-1.0,-1.0,1.0,0.0,0.0,,16.25,15.25,16.75,16.25,PASS_BOUNDARY,
INNER_SIDE,LEFT,4,0.5,,,-1.0,-1.0,1.0,1.0,0.0,,16.25,14.25,16.75,16.25,PASS_BOUNDARY,
INNER_SIDE,LEFT,4,0.5,,,-1.0,-1.0,1.0,2.0,0.0,,16.25,13.25,16.75,16.25,PASS_BOUNDARY,
INNER_SIDE,LEFT,4,0.5,,,-1.0,-1.0,2.0,0.0,0.0,,16.25,14.25,16.75,16.25,PASS_BOUNDARY,
INNER_SIDE,LEFT,4,0.5,,,-1.0,-1.0,2.0,1.0,0.0,,16.25,13.25,16.75,16.25,PASS_BOUNDARY,
INNER_SIDE,LEFT,4,0.5,,,-1.0,-1.0,2.0,2.0,0.0,,16.25,12.25,16.75,16.25,PASS_BOUNDARY,
INNER_SIDE,LEFT,4,0.5,,,-1.0,0.0,0.0,0.0,1.0,,16.25,15.25,16.75,15.25,PASS_BOUNDARY,
INNER_SIDE,LEFT,4,0.5,,,-1.0,0.0,0.0,1.0,1.0,,16.25,14.25,16.75,15.25,PASS_BOUNDARY,
INNER_SIDE,LEFT,4,0.5,,,-1.0,0.0,0.0,2.0,1.0,,16.25,13.25,16.75,15.25,PASS_BOUNDARY,
INNER_SIDE,LEFT,4,0.5,,,-1.0,0.0,1.0,0.0,1.0,,16.25,14.25,16.75,15.25,PASS_BOUNDARY,
INNER_SIDE,LEFT,4,0.5,,,-1.0,0.0,1.0,1.0,1.0,,16.25,13.25,16.75,15.25,PASS_BOUNDARY,
INNER_SIDE,LEFT,4,0.5,,,-1.0,0.0,1.0,2.0,1.0,,16.25,12.25,16.75,15.25,PASS_BOUNDARY,
INNER_SIDE,LEFT,4,0.5,,,-1.0,0.0,2.0,0.0,1.0,,16.25,13.25,16.75,15.25,PASS_BOUNDARY,
INNER_SIDE,LEFT,4,0.5,,,-1.0,0.0,2.0,1.0,1.0,,16.25,12.25,16.75,15.25,PASS_BOUNDARY,
INNER_SIDE,LEFT,4,0.5,,,-1.0,0.0,2.0,2.0,1.0,,16.25,11.25,16.75,15.25,PASS_BOUNDARY,
INNER_SIDE,LEFT,4,0.5,,,-1.0,1.0,0.0,0.0,2.0,,16.25,14.25,16.75,14.25,PASS_BOUNDARY,
INNER_SIDE,LEFT,4,0.5,,,-1.0,1.0,0.0,1.0,2.0,,16.25,13.25,16.75,14.25,PASS_BOUNDARY,
INNER_SIDE,LEFT,4,0.5,,,-1.0,1.0,0.0,2.0,2.0,,16.25,12.25,16.75,14.25,PASS_BOUNDARY,
INNER_SIDE,LEFT,4,0.5,,,-1.0,1.0,1.0,0.0,2.0,,16.25,13.25,16.75,14.25,PASS_BOUNDARY,
INNER_SIDE,LEFT,4,0.5,,,-1.0,1.0,1.0,1.0,2.0,,16.25,12.25,16.75,14.25,PASS_BOUNDARY,
INNER_SIDE,LEFT,4,0.5,,,-1.0,1.0,1.0,2.0,2.0,,16.25,11.25,16.75,14.25,PASS_BOUNDARY,
INNER_SIDE,LEFT,4,0.5,,,-1.0,1.0,2.0,0.0,2.0,,16.25,12.25,16.75,14.25,PASS_BOUNDARY,
INNER_SIDE,LEFT,4,0.5,,,-1.0,1.0,2.0,1.0,2.0,,16.25,11.25,16.75,14.25,PASS_BOUNDARY,
INNER_SIDE,LEFT,4,0.5,,,-1.0,1.0,2.0,2.0,2.0,,16.25,10.25,16.75,14.25,PASS_BOUNDARY,
INNER_SIDE,LEFT,4,0.5,,,0.0,-1.0,0.0,0.0,1.0,,16.25,15.25,16.75,15.25,PASS_BOUNDARY,
INNER_SIDE,LEFT,4,0.5,,,0.0,-1.0,0.0,1.0,1.0,,16.25,14.25,16.75,15.25,PASS_BOUNDARY,
INNER_SIDE,LEFT,4,0.5,,,0.0,-1.0,0.0,2.0,1.0,,16.25,13.25,16.75,15.25,PASS_BOUNDARY,
INNER_SIDE,LEFT,4,0.5,,,0.0,-1.0,1.0,0.0,1.0,,16.25,14.25,16.75,15.25,PASS_BOUNDARY,
INNER_SIDE,LEFT,4,0.5,,,0.0,-1.0,1.0,1.0,1.0,,16.25,13.25,16.75,15.25,PASS_BOUNDARY,
INNER_SIDE,LEFT,4,0.5,,,0.0,-1.0,1.0,2.0,1.0,,16.25,12.25,16.75,15.25,PASS_BOUNDARY,
INNER_SIDE,LEFT,4,0.5,,,0.0,-1.0,2.0,0.0,1.0,,16.25,13.25,16.75,15.25,PASS_BOUNDARY,
INNER_SIDE,LEFT,4,0.5,,,0.0,-1.0,2.0,1.0,1.0,,16.25,12.25,16.75,15.25,PASS_BOUNDARY,
INNER_SIDE,LEFT,4,0.5,,,0.0,-1.0,2.0,2.0,1.0,,16.25,11.25,16.75,15.25,PASS_BOUNDARY,
INNER_SIDE,LEFT,4,0.5,,,0.0,0.0,0.0,0.0,0.0,,16.25,16.25,16.75,16.25,PASS_BOUNDARY,
INNER_SIDE,LEFT,4,0.5,,,0.0,0.0,0.0,1.0,0.0,,16.25,15.25,16.75,16.25,PASS_BOUNDARY,
INNER_SIDE,LEFT,4,0.5,,,0.0,0.0,0.0,2.0,0.0,,16.25,14.25,16.75,16.25,PASS_BOUNDARY,
INNER_SIDE,LEFT,4,0.5,,,0.0,0.0,1.0,0.0,0.0,,16.25,15.25,16.75,16.25,PASS_BOUNDARY,
INNER_SIDE,LEFT,4,0.5,,,0.0,0.0,1.0,1.0,0.0,,16.25,14.25,16.75,16.25,PASS_BOUNDARY,
INNER_SIDE,LEFT,4,0.5,,,0.0,0.0,1.0,2.0,0.0,,16.25,13.25,16.75,16.25,PASS_BOUNDARY,
INNER_SIDE,LEFT,4,0.5,,,0.0,0.0,2.0,0.0,0.0,,16.25,14.25,16.75,16.25,PASS_BOUNDARY,
INNER_SIDE,LEFT,4,0.5,,,0.0,0.0,2.0,1.0,0.0,,16.25,13.25,16.75,16.25,PASS_BOUNDARY,
INNER_SIDE,LEFT,4,0.5,,,0.0,0.0,2.0,2.0,0.0,,16.25,12.25,16.75,16.25,PASS_BOUNDARY,
INNER_SIDE,LEFT,4,0.5,,,0.0,1.0,0.0,0.0,1.0,,16.25,15.25,16.75,15.25,PASS_BOUNDARY,
INNER_SIDE,LEFT,4,0.5,,,0.0,1.0,0.0,1.0,1.0,,16.25,14.25,16.75,15.25,PASS_BOUNDARY,
INNER_SIDE,LEFT,4,0.5,,,0.0,1.0,0.0,2.0,1.0,,16.25,13.25,16.75,15.25,PASS_BOUNDARY,
INNER_SIDE,LEFT,4,0.5,,,0.0,1.0,1.0,0.0,1.0,,16.25,14.25,16.75,15.25,PASS_BOUNDARY,
INNER_SIDE,LEFT,4,0.5,,,0.0,1.0,1.0,1.0,1.0,,16.25,13.25,16.75,15.25,PASS_BOUNDARY,
INNER_SIDE,LEFT,4,0.5,,,0.0,1.0,1.0,2.0,1.0,,16.25,12.25,16.75,15.25,PASS_BOUNDARY,
INNER_SIDE,LEFT,4,0.5,,,0.0,1.0,2.0,0.0,1.0,,16.25,13.25,16.75,15.25,PASS_BOUNDARY,
INNER_SIDE,LEFT,4,0.5,,,0.0,1.0,2.0,1.0,1.0,,16.25,12.25,16.75,15.25,PASS_BOUNDARY,
INNER_SIDE,LEFT,4,0.5,,,0.0,1.0,2.0,2.0,1.0,,16.25,11.25,16.75,15.25,PASS_BOUNDARY,
INNER_SIDE,LEFT,4,0.5,,,1.0,-1.0,0.0,0.0,2.0,,16.25,14.25,16.75,14.25,PASS_BOUNDARY,
INNER_SIDE,LEFT,4,0.5,,,1.0,-1.0,0.0,1.0,2.0,,16.25,13.25,16.75,14.25,PASS_BOUNDARY,
INNER_SIDE,LEFT,4,0.5,,,1.0,-1.0,0.0,2.0,2.0,,16.25,12.25,16.75,14.25,PASS_BOUNDARY,
INNER_SIDE,LEFT,4,0.5,,,1.0,-1.0,1.0,0.0,2.0,,16.25,13.25,16.75,14.25,PASS_BOUNDARY,
INNER_SIDE,LEFT,4,0.5,,,1.0,-1.0,1.0,1.0,2.0,,16.25,12.25,16.75,14.25,PASS_BOUNDARY,
INNER_SIDE,LEFT,4,0.5,,,1.0,-1.0,1.0,2.0,2.0,,16.25,11.25,16.75,14.25,PASS_BOUNDARY,
INNER_SIDE,LEFT,4,0.5,,,1.0,-1.0,2.0,0.0,2.0,,16.25,12.25,16.75,14.25,PASS_BOUNDARY,
INNER_SIDE,LEFT,4,0.5,,,1.0,-1.0,2.0,1.0,2.0,,16.25,11.25,16.75,14.25,PASS_BOUNDARY,
INNER_SIDE,LEFT,4,0.5,,,1.0,-1.0,2.0,2.0,2.0,,16.25,10.25,16.75,14.25,PASS_BOUNDARY,
INNER_SIDE,LEFT,4,0.5,,,1.0,0.0,0.0,0.0,1.0,,16.25,15.25,16.75,15.25,PASS_BOUNDARY,
INNER_SIDE,LEFT,4,0.5,,,1.0,0.0,0.0,1.0,1.0,,16.25,14.25,16.75,15.25,PASS_BOUNDARY,
INNER_SIDE,LEFT,4,0.5,,,1.0,0.0,0.0,2.0,1.0,,16.25,13.25,16.75,15.25,PASS_BOUNDARY,
INNER_SIDE,LEFT,4,0.5,,,1.0,0.0,1.0,0.0,1.0,,16.25,14.25,16.75,15.25,PASS_BOUNDARY,
INNER_SIDE,LEFT,4,0.5,,,1.0,0.0,1.0,1.0,1.0,,16.25,13.25,16.75,15.25,PASS_BOUNDARY,
INNER_SIDE,LEFT,4,0.5,,,1.0,0.0,1.0,2.0,1.0,,16.25,12.25,16.75,15.25,PASS_BOUNDARY,
INNER_SIDE,LEFT,4,0.5,,,1.0,0.0,2.0,0.0,1.0,,16.25,13.25,16.75,15.25,PASS_BOUNDARY,
INNER_SIDE,LEFT,4,0.5,,,1.0,0.0,2.0,1.0,1.0,,16.25,12.25,16.75,15.25,PASS_BOUNDARY,
INNER_SIDE,LEFT,4,0.5,,,1.0,0.0,2.0,2.0,1.0,,16.25,11.25,16.75,15.25,PASS_BOUNDARY,
INNER_SIDE,LEFT,4,0.5,,,1.0,1.0,0.0,0.0,0.0,,16.25,16.25,16.75,16.25,PASS_BOUNDARY,
INNER_SIDE,LEFT,4,0.5,,,1.0,1.0,0.0,1.0,0.0,,16.25,15.25,16.75,16.25,PASS_BOUNDARY,
INNER_SIDE,LEFT,4,0.5,,,1.0,1.0,0.0,2.0,0.0,,16.25,14.25,16.75,16.25,PASS_BOUNDARY,
INNER_SIDE,LEFT,4,0.5,,,1.0,1.0,1.0,0.0,0.0,,16.25,15.25,16.75,16.25,PASS_BOUNDARY,
INNER_SIDE,LEFT,4,0.5,,,1.0,1.0,1.0,1.0,0.0,,16.25,14.25,16.75,16.25,PASS_BOUNDARY,
INNER_SIDE,LEFT,4,0.5,,,1.0,1.0,1.0,2.0,0.0,,16.25,13.25,16.75,16.25,PASS_BOUNDARY,
INNER_SIDE,LEFT,4,0.5,,,1.0,1.0,2.0,0.0,0.0,,16.25,14.25,16.75,16.25,PASS_BOUNDARY,
INNER_SIDE,LEFT,4,0.5,,,1.0,1.0,2.0,1.0,0.0,,16.25,13.25,16.75,16.25,PASS_BOUNDARY,
INNER_SIDE,LEFT,4,0.5,,,1.0,1.0,2.0,2.0,0.0,,16.25,12.25,16.75,16.25,PASS_BOUNDARY,
INNER_SIDE,LEFT,4,1.0,,,-1.0,-1.0,0.0,0.0,0.0,,16.25,16.25,16.75,15.75,PASS_BOUNDARY,
INNER_SIDE,LEFT,4,1.0,,,-1.0,-1.0,0.0,1.0,0.0,,16.25,15.25,16.75,15.75,PASS_BOUNDARY,
INNER_SIDE,LEFT,4,1.0,,,-1.0,-1.0,0.0,2.0,0.0,,16.25,14.25,16.75,15.75,PASS_BOUNDARY,
INNER_SIDE,LEFT,4,1.0,,,-1.0,-1.0,1.0,0.0,0.0,,16.25,15.25,16.75,15.75,PASS_BOUNDARY,
INNER_SIDE,LEFT,4,1.0,,,-1.0,-1.0,1.0,1.0,0.0,,16.25,14.25,16.75,15.75,PASS_BOUNDARY,
INNER_SIDE,LEFT,4,1.0,,,-1.0,-1.0,1.0,2.0,0.0,,16.25,13.25,16.75,15.75,PASS_BOUNDARY,
INNER_SIDE,LEFT,4,1.0,,,-1.0,-1.0,2.0,0.0,0.0,,16.25,14.25,16.75,15.75,PASS_BOUNDARY,
INNER_SIDE,LEFT,4,1.0,,,-1.0,-1.0,2.0,1.0,0.0,,16.25,13.25,16.75,15.75,PASS_BOUNDARY,
INNER_SIDE,LEFT,4,1.0,,,-1.0,-1.0,2.0,2.0,0.0,,16.25,12.25,16.75,15.75,PASS_BOUNDARY,
INNER_SIDE,LEFT,4,1.0,,,-1.0,0.0,0.0,0.0,1.0,,16.25,15.25,16.75,14.75,PASS_BOUNDARY,
INNER_SIDE,LEFT,4,1.0,,,-1.0,0.0,0.0,1.0,1.0,,16.25,14.25,16.75,14.75,PASS_BOUNDARY,
INNER_SIDE,LEFT,4,1.0,,,-1.0,0.0,0.0,2.0,1.0,,16.25,13.25,16.75,14.75,PASS_BOUNDARY,
INNER_SIDE,LEFT,4,1.0,,,-1.0,0.0,1.0,0.0,1.0,,16.25,14.25,16.75,14.75,PASS_BOUNDARY,
INNER_SIDE,LEFT,4,1.0,,,-1.0,0.0,1.0,1.0,1.0,,16.25,13.25,16.75,14.75,PASS_BOUNDARY,
INNER_SIDE,LEFT,4,1.0,,,-1.0,0.0,1.0,2.0,1.0,,16.25,12.25,16.75,14.75,PASS_BOUNDARY,
INNER_SIDE,LEFT,4,1.0,,,-1.0,0.0,2.0,0.0,1.0,,16.25,13.25,16.75,14.75,PASS_BOUNDARY,
INNER_SIDE,LEFT,4,1.0,,,-1.0,0.0,2.0,1.0,1.0,,16.25,12.25,16.75,14.75,PASS_BOUNDARY,
INNER_SIDE,LEFT,4,1.0,,,-1.0,0.0,2.0,2.0,1.0,,16.25,11.25,16.75,14.75,PASS_BOUNDARY,
INNER_SIDE,LEFT,4,1.0,,,-1.0,1.0,0.0,0.0,2.0,,16.25,14.25,16.75,13.75,PASS_BOUNDARY,
INNER_SIDE,LEFT,4,1.0,,,-1.0,1.0,0.0,1.0,2.0,,16.25,13.25,16.75,13.75,PASS_BOUNDARY,
INNER_SIDE,LEFT,4,1.0,,,-1.0,1.0,0.0,2.0,2.0,,16.25,12.25,16.75,13.75,PASS_BOUNDARY,
INNER_SIDE,LEFT,4,1.0,,,-1.0,1.0,1.0,0.0,2.0,,16.25,13.25,16.75,13.75,PASS_BOUNDARY,
INNER_SIDE,LEFT,4,1.0,,,-1.0,1.0,1.0,1.0,2.0,,16.25,12.25,16.75,13.75,PASS_BOUNDARY,
INNER_SIDE,LEFT,4,1.0,,,-1.0,1.0,1.0,2.0,2.0,,16.25,11.25,16.75,13.75,PASS_BOUNDARY,
INNER_SIDE,LEFT,4,1.0,,,-1.0,1.0,2.0,0.0,2.0,,16.25,12.25,16.75,13.75,PASS_BOUNDARY,
INNER_SIDE,LEFT,4,1.0,,,-1.0,1.0,2.0,1.0,2.0,,16.25,11.25,16.75,13.75,PASS_BOUNDARY,
INNER_SIDE,LEFT,4,1.0,,,-1.0,1.0,2.0,2.0,2.0,,16.25,10.25,16.75,13.75,PASS_BOUNDARY,
INNER_SIDE,LEFT,4,1.0,,,0.0,-1.0,0.0,0.0,1.0,,16.25,15.25,16.75,14.75,PASS_BOUNDARY,
INNER_SIDE,LEFT,4,1.0,,,0.0,-1.0,0.0,1.0,1.0,,16.25,14.25,16.75,14.75,PASS_BOUNDARY,
INNER_SIDE,LEFT,4,1.0,,,0.0,-1.0,0.0,2.0,1.0,,16.25,13.25,16.75,14.75,PASS_BOUNDARY,
INNER_SIDE,LEFT,4,1.0,,,0.0,-1.0,1.0,0.0,1.0,,16.25,14.25,16.75,14.75,PASS_BOUNDARY,
INNER_SIDE,LEFT,4,1.0,,,0.0,-1.0,1.0,1.0,1.0,,16.25,13.25,16.75,14.75,PASS_BOUNDARY,
INNER_SIDE,LEFT,4,1.0,,,0.0,-1.0,1.0,2.0,1.0,,16.25,12.25,16.75,14.75,PASS_BOUNDARY,
INNER_SIDE,LEFT,4,1.0,,,0.0,-1.0,2.0,0.0,1.0,,16.25,13.25,16.75,14.75,PASS_BOUNDARY,
INNER_SIDE,LEFT,4,1.0,,,0.0,-1.0,2.0,1.0,1.0,,16.25,12.25,16.75,14.75,PASS_BOUNDARY,
INNER_SIDE,LEFT,4,1.0,,,0.0,-1.0,2.0,2.0,1.0,,16.25,11.25,16.75,14.75,PASS_BOUNDARY,
INNER_SIDE,LEFT,4,1.0,,,0.0,0.0,0.0,0.0,0.0,,16.25,16.25,16.75,15.75,PASS_BOUNDARY,
INNER_SIDE,LEFT,4,1.0,,,0.0,0.0,0.0,1.0,0.0,,16.25,15.25,16.75,15.75,PASS_BOUNDARY,
INNER_SIDE,LEFT,4,1.0,,,0.0,0.0,0.0,2.0,0.0,,16.25,14.25,16.75,15.75,PASS_BOUNDARY,
INNER_SIDE,LEFT,4,1.0,,,0.0,0.0,1.0,0.0,0.0,,16.25,15.25,16.75,15.75,PASS_BOUNDARY,
INNER_SIDE,LEFT,4,1.0,,,0.0,0.0,1.0,1.0,0.0,,16.25,14.25,16.75,15.75,PASS_BOUNDARY,
INNER_SIDE,LEFT,4,1.0,,,0.0,0.0,1.0,2.0,0.0,,16.25,13.25,16.75,15.75,PASS_BOUNDARY,
INNER_SIDE,LEFT,4,1.0,,,0.0,0.0,2.0,0.0,0.0,,16.25,14.25,16.75,15.75,PASS_BOUNDARY,
INNER_SIDE,LEFT,4,1.0,,,0.0,0.0,2.0,1.0,0.0,,16.25,13.25,16.75,15.75,PASS_BOUNDARY,
INNER_SIDE,LEFT,4,1.0,,,0.0,0.0,2.0,2.0,0.0,,16.25,12.25,16.75,15.75,PASS_BOUNDARY,
INNER_SIDE,LEFT,4,1.0,,,0.0,1.0,0.0,0.0,1.0,,16.25,15.25,16.75,14.75,PASS_BOUNDARY,
INNER_SIDE,LEFT,4,1.0,,,0.0,1.0,0.0,1.0,1.0,,16.25,14.25,16.75,14.75,PASS_BOUNDARY,
INNER_SIDE,LEFT,4,1.0,,,0.0,1.0,0.0,2.0,1.0,,16.25,13.25,16.75,14.75,PASS_BOUNDARY,
INNER_SIDE,LEFT,4,1.0,,,0.0,1.0,1.0,0.0,1.0,,16.25,14.25,16.75,14.75,PASS_BOUNDARY,
INNER_SIDE,LEFT,4,1.0,,,0.0,1.0,1.0,1.0,1.0,,16.25,13.25,16.75,14.75,PASS_BOUNDARY,
INNER_SIDE,LEFT,4,1.0,,,0.0,1.0,1.0,2.0,1.0,,16.25,12.25,16.75,14.75,PASS_BOUNDARY,
INNER_SIDE,LEFT,4,1.0,,,0.0,1.0,2.0,0.0,1.0,,16.25,13.25,16.75,14.75,PASS_BOUNDARY,
INNER_SIDE,LEFT,4,1.0,,,0.0,1.0,2.0,1.0,1.0,,16.25,12.25,16.75,14.75,PASS_BOUNDARY,
INNER_SIDE,LEFT,4,1.0,,,0.0,1.0,2.0,2.0,1.0,,16.25,11.25,16.75,14.75,PASS_BOUNDARY,
INNER_SIDE,LEFT,4,1.0,,,1.0,-1.0,0.0,0.0,2.0,,16.25,14.25,16.75,13.75,PASS_BOUNDARY,
INNER_SIDE,LEFT,4,1.0,,,1.0,-1.0,0.0,1.0,2.0,,16.25,13.25,16.75,13.75,PASS_BOUNDARY,
INNER_SIDE,LEFT,4,1.0,,,1.0,-1.0,0.0,2.0,2.0,,16.25,12.25,16.75,13.75,PASS_BOUNDARY,
INNER_SIDE,LEFT,4,1.0,,,1.0,-1.0,1.0,0.0,2.0,,16.25,13.25,16.75,13.75,PASS_BOUNDARY,
INNER_SIDE,LEFT,4,1.0,,,1.0,-1.0,1.0,1.0,2.0,,16.25,12.25,16.75,13.75,PASS_BOUNDARY,
INNER_SIDE,LEFT,4,1.0,,,1.0,-1.0,1.0,2.0,2.0,,16.25,11.25,16.75,13.75,PASS_BOUNDARY,
INNER_SIDE,LEFT,4,1.0,,,1.0,-1.0,2.0,0.0,2.0,,16.25,12.25,16.75,13.75,PASS_BOUNDARY,
INNER_SIDE,LEFT,4,1.0,,,1.0,-1.0,2.0,1.0,2.0,,16.25,11.25,16.75,13.75,PASS_BOUNDARY,
INNER_SIDE,LEFT,4,1.0,,,1.0,-1.0,2.0,2.0,2.0,,16.25,10.25,16.75,13.75,PASS_BOUNDARY,
INNER_SIDE,LEFT,4,1.0,,,1.0,0.0,0.0,0.0,1.0,,16.25,15.25,16.75,14.75,PASS_BOUNDARY,
INNER_SIDE,LEFT,4,1.0,,,1.0,0.0,0.0,1.0,1.0,,16.25,14.25,16.75,14.75,PASS_BOUNDARY,
INNER_SIDE,LEFT,4,1.0,,,1.0,0.0,0.0,2.0,1.0,,16.25,13.25,16.75,14.75,PASS_BOUNDARY,
INNER_SIDE,LEFT,4,1.0,,,1.0,0.0,1.0,0.0,1.0,,16.25,14.25,16.75,14.75,PASS_BOUNDARY,
INNER_SIDE,LEFT,4,1.0,,,1.0,0.0,1.0,1.0,1.0,,16.25,13.25,16.75,14.75,PASS_BOUNDARY,
INNER_SIDE,LEFT,4,1.0,,,1.0,0.0,1.0,2.0,1.0,,16.25,12.25,16.75,14.75,PASS_BOUNDARY,
INNER_SIDE,LEFT,4,1.0,,,1.0,0.0,2.0,0.0,1.0,,16.25,13.25,16.75,14.75,PASS_BOUNDARY,
INNER_SIDE,LEFT,4,1.0,,,1.0,0.0,2.0,1.0,1.0,,16.25,12.25,16.75,14.75,PASS_BOUNDARY,
INNER_SIDE,LEFT,4,1.0,,,1.0,0.0,2.0,2.0,1.0,,16.25,11.25,16.75,14.75,PASS_BOUNDARY,
INNER_SIDE,LEFT,4,1.0,,,1.0,1.0,0.0,0.0,0.0,,16.25,16.25,16.75,15.75,PASS_BOUNDARY,
INNER_SIDE,LEFT,4,1.0,,,1.0,1.0,0.0,1.0,0.0,,16.25,15.25,16.75,15.75,PASS_BOUNDARY,
INNER_SIDE,LEFT,4,1.0,,,1.0,1.0,0.0,2.0,0.0,,16.25,14.25,16.75,15.75,PASS_BOUNDARY,
INNER_SIDE,LEFT,4,1.0,,,1.0,1.0,1.0,0.0,0.0,,16.25,15.25,16.75,15.75,PASS_BOUNDARY,
INNER_SIDE,LEFT,4,1.0,,,1.0,1.0,1.0,1.0,0.0,,16.25,14.25,16.75,15.75,PASS_BOUNDARY,
INNER_SIDE,LEFT,4,1.0,,,1.0,1.0,1.0,2.0,0.0,,16.25,13.25,16.75,15.75,PASS_BOUNDARY,
INNER_SIDE,LEFT,4,1.0,,,1.0,1.0,2.0,0.0,0.0,,16.25,14.25,16.75,15.75,PASS_BOUNDARY,
INNER_SIDE,LEFT,4,1.0,,,1.0,1.0,2.0,1.0,0.0,,16.25,13.25,16.75,15.75,PASS_BOUNDARY,
INNER_SIDE,LEFT,4,1.0,,,1.0,1.0,2.0,2.0,0.0,,16.25,12.25,16.75,15.75,PASS_BOUNDARY,
INNER_SIDE,LEFT,4,1.5,,,-1.0,-1.0,0.0,0.0,0.0,,16.25,16.25,16.75,15.25,PASS_BOUNDARY,
INNER_SIDE,LEFT,4,1.5,,,-1.0,-1.0,0.0,1.0,0.0,,16.25,15.25,16.75,15.25,PASS_BOUNDARY,
INNER_SIDE,LEFT,4,1.5,,,-1.0,-1.0,0.0,2.0,0.0,,16.25,14.25,16.75,15.25,PASS_BOUNDARY,
INNER_SIDE,LEFT,4,1.5,,,-1.0,-1.0,1.0,0.0,0.0,,16.25,15.25,16.75,15.25,PASS_BOUNDARY,
INNER_SIDE,LEFT,4,1.5,,,-1.0,-1.0,1.0,1.0,0.0,,16.25,14.25,16.75,15.25,PASS_BOUNDARY,
INNER_SIDE,LEFT,4,1.5,,,-1.0,-1.0,1.0,2.0,0.0,,16.25,13.25,16.75,15.25,PASS_BOUNDARY,
INNER_SIDE,LEFT,4,1.5,,,-1.0,-1.0,2.0,0.0,0.0,,16.25,14.25,16.75,15.25,PASS_BOUNDARY,
INNER_SIDE,LEFT,4,1.5,,,-1.0,-1.0,2.0,1.0,0.0,,16.25,13.25,16.75,15.25,PASS_BOUNDARY,
INNER_SIDE,LEFT,4,1.5,,,-1.0,-1.0,2.0,2.0,0.0,,16.25,12.25,16.75,15.25,PASS_BOUNDARY,
INNER_SIDE,LEFT,4,1.5,,,-1.0,0.0,0.0,0.0,1.0,,16.25,15.25,16.75,14.25,PASS_BOUNDARY,
INNER_SIDE,LEFT,4,1.5,,,-1.0,0.0,0.0,1.0,1.0,,16.25,14.25,16.75,14.25,PASS_BOUNDARY,
INNER_SIDE,LEFT,4,1.5,,,-1.0,0.0,0.0,2.0,1.0,,16.25,13.25,16.75,14.25,PASS_BOUNDARY,
INNER_SIDE,LEFT,4,1.5,,,-1.0,0.0,1.0,0.0,1.0,,16.25,14.25,16.75,14.25,PASS_BOUNDARY,
INNER_SIDE,LEFT,4,1.5,,,-1.0,0.0,1.0,1.0,1.0,,16.25,13.25,16.75,14.25,PASS_BOUNDARY,
INNER_SIDE,LEFT,4,1.5,,,-1.0,0.0,1.0,2.0,1.0,,16.25,12.25,16.75,14.25,PASS_BOUNDARY,
INNER_SIDE,LEFT,4,1.5,,,-1.0,0.0,2.0,0.0,1.0,,16.25,13.25,16.75,14.25,PASS_BOUNDARY,
INNER_SIDE,LEFT,4,1.5,,,-1.0,0.0,2.0,1.0,1.0,,16.25,12.25,16.75,14.25,PASS_BOUNDARY,
INNER_SIDE,LEFT,4,1.5,,,-1.0,0.0,2.0,2.0,1.0,,16.25,11.25,16.75,14.25,PASS_BOUNDARY,
INNER_SIDE,LEFT,4,1.5,,,-1.0,1.0,0.0,0.0,2.0,,16.25,14.25,16.75,13.25,PASS_BOUNDARY,
INNER_SIDE,LEFT,4,1.5,,,-1.0,1.0,0.0,1.0,2.0,,16.25,13.25,16.75,13.25,PASS_BOUNDARY,
INNER_SIDE,LEFT,4,1.5,,,-1.0,1.0,0.0,2.0,2.0,,16.25,12.25,16.75,13.25,PASS_BOUNDARY,
INNER_SIDE,LEFT,4,1.5,,,-1.0,1.0,1.0,0.0,2.0,,16.25,13.25,16.75,13.25,PASS_BOUNDARY,
INNER_SIDE,LEFT,4,1.5,,,-1.0,1.0,1.0,1.0,2.0,,16.25,12.25,16.75,13.25,PASS_BOUNDARY,
INNER_SIDE,LEFT,4,1.5,,,-1.0,1.0,1.0,2.0,2.0,,16.25,11.25,16.75,13.25,PASS_BOUNDARY,
INNER_SIDE,LEFT,4,1.5,,,-1.0,1.0,2.0,0.0,2.0,,16.25,12.25,16.75,13.25,PASS_BOUNDARY,
INNER_SIDE,LEFT,4,1.5,,,-1.0,1.0,2.0,1.0,2.0,,16.25,11.25,16.75,13.25,PASS_BOUNDARY,
INNER_SIDE,LEFT,4,1.5,,,-1.0,1.0,2.0,2.0,2.0,,16.25,10.25,16.75,13.25,PASS_BOUNDARY,
INNER_SIDE,LEFT,4,1.5,,,0.0,-1.0,0.0,0.0,1.0,,16.25,15.25,16.75,14.25,PASS_BOUNDARY,
INNER_SIDE,LEFT,4,1.5,,,0.0,-1.0,0.0,1.0,1.0,,16.25,14.25,16.75,14.25,PASS_BOUNDARY,
INNER_SIDE,LEFT,4,1.5,,,0.0,-1.0,0.0,2.0,1.0,,16.25,13.25,16.75,14.25,PASS_BOUNDARY,
INNER_SIDE,LEFT,4,1.5,,,0.0,-1.0,1.0,0.0,1.0,,16.25,14.25,16.75,14.25,PASS_BOUNDARY,
INNER_SIDE,LEFT,4,1.5,,,0.0,-1.0,1.0,1.0,1.0,,16.25,13.25,16.75,14.25,PASS_BOUNDARY,
INNER_SIDE,LEFT,4,1.5,,,0.0,-1.0,1.0,2.0,1.0,,16.25,12.25,16.75,14.25,PASS_BOUNDARY,
INNER_SIDE,LEFT,4,1.5,,,0.0,-1.0,2.0,0.0,1.0,,16.25,13.25,16.75,14.25,PASS_BOUNDARY,
INNER_SIDE,LEFT,4,1.5,,,0.0,-1.0,2.0,1.0,1.0,,16.25,12.25,16.75,14.25,PASS_BOUNDARY,
INNER_SIDE,LEFT,4,1.5,,,0.0,-1.0,2.0,2.0,1.0,,16.25,11.25,16.75,14.25,PASS_BOUNDARY,
INNER_SIDE,LEFT,4,1.5,,,0.0,0.0,0.0,0.0,0.0,,16.25,16.25,16.75,15.25,PASS_BOUNDARY,
INNER_SIDE,LEFT,4,1.5,,,0.0,0.0,0.0,1.0,0.0,,16.25,15.25,16.75,15.25,PASS_BOUNDARY,
INNER_SIDE,LEFT,4,1.5,,,0.0,0.0,0.0,2.0,0.0,,16.25,14.25,16.75,15.25,PASS_BOUNDARY,
INNER_SIDE,LEFT,4,1.5,,,0.0,0.0,1.0,0.0,0.0,,16.25,15.25,16.75,15.25,PASS_BOUNDARY,
INNER_SIDE,LEFT,4,1.5,,,0.0,0.0,1.0,1.0,0.0,,16.25,14.25,16.75,15.25,PASS_BOUNDARY,
INNER_SIDE,LEFT,4,1.5,,,0.0,0.0,1.0,2.0,0.0,,16.25,13.25,16.75,15.25,PASS_BOUNDARY,
INNER_SIDE,LEFT,4,1.5,,,0.0,0.0,2.0,0.0,0.0,,16.25,14.25,16.75,15.25,PASS_BOUNDARY,
INNER_SIDE,LEFT,4,1.5,,,0.0,0.0,2.0,1.0,0.0,,16.25,13.25,16.75,15.25,PASS_BOUNDARY,
INNER_SIDE,LEFT,4,1.5,,,0.0,0.0,2.0,2.0,0.0,,16.25,12.25,16.75,15.25,PASS_BOUNDARY,
INNER_SIDE,LEFT,4,1.5,,,0.0,1.0,0.0,0.0,1.0,,16.25,15.25,16.75,14.25,PASS_BOUNDARY,
INNER_SIDE,LEFT,4,1.5,,,0.0,1.0,0.0,1.0,1.0,,16.25,14.25,16.75,14.25,PASS_BOUNDARY,
INNER_SIDE,LEFT,4,1.5,,,0.0,1.0,0.0,2.0,1.0,,16.25,13.25,16.75,14.25,PASS_BOUNDARY,
INNER_SIDE,LEFT,4,1.5,,,0.0,1.0,1.0,0.0,1.0,,16.25,14.25,16.75,14.25,PASS_BOUNDARY,
INNER_SIDE,LEFT,4,1.5,,,0.0,1.0,1.0,1.0,1.0,,16.25,13.25,16.75,14.25,PASS_BOUNDARY,
INNER_SIDE,LEFT,4,1.5,,,0.0,1.0,1.0,2.0,1.0,,16.25,12.25,16.75,14.25,PASS_BOUNDARY,
INNER_SIDE,LEFT,4,1.5,,,0.0,1.0,2.0,0.0,1.0,,16.25,13.25,16.75,14.25,PASS_BOUNDARY,
INNER_SIDE,LEFT,4,1.5,,,0.0,1.0,2.0,1.0,1.0,,16.25,12.25,16.75,14.25,PASS_BOUNDARY,
INNER_SIDE,LEFT,4,1.5,,,0.0,1.0,2.0,2.0,1.0,,16.25,11.25,16.75,14.25,PASS_BOUNDARY,
INNER_SIDE,LEFT,4,1.5,,,1.0,-1.0,0.0,0.0,2.0,,16.25,14.25,16.75,13.25,PASS_BOUNDARY,
INNER_SIDE,LEFT,4,1.5,,,1.0,-1.0,0.0,1.0,2.0,,16.25,13.25,16.75,13.25,PASS_BOUNDARY,
INNER_SIDE,LEFT,4,1.5,,,1.0,-1.0,0.0,2.0,2.0,,16.25,12.25,16.75,13.25,PASS_BOUNDARY,
INNER_SIDE,LEFT,4,1.5,,,1.0,-1.0,1.0,0.0,2.0,,16.25,13.25,16.75,13.25,PASS_BOUNDARY,
INNER_SIDE,LEFT,4,1.5,,,1.0,-1.0,1.0,1.0,2.0,,16.25,12.25,16.75,13.25,PASS_BOUNDARY,
INNER_SIDE,LEFT,4,1.5,,,1.0,-1.0,1.0,2.0,2.0,,16.25,11.25,16.75,13.25,PASS_BOUNDARY,
INNER_SIDE,LEFT,4,1.5,,,1.0,-1.0,2.0,0.0,2.0,,16.25,12.25,16.75,13.25,PASS_BOUNDARY,
INNER_SIDE,LEFT,4,1.5,,,1.0,-1.0,2.0,1.0,2.0,,16.25,11.25,16.75,13.25,PASS_BOUNDARY,
INNER_SIDE,LEFT,4,1.5,,,1.0,-1.0,2.0,2.0,2.0,,16.25,10.25,16.75,13.25,PASS_BOUNDARY,
INNER_SIDE,LEFT,4,1.5,,,1.0,0.0,0.0,0.0,1.0,,16.25,15.25,16.75,14.25,PASS_BOUNDARY,
INNER_SIDE,LEFT,4,1.5,,,1.0,0.0,0.0,1.0,1.0,,16.25,14.25,16.75,14.25,PASS_BOUNDARY,
INNER_SIDE,LEFT,4,1.5,,,1.0,0.0,0.0,2.0,1.0,,16.25,13.25,16.75,14.25,PASS_BOUNDARY,
INNER_SIDE,LEFT,4,1.5,,,1.0,0.0,1.0,0.0,1.0,,16.25,14.25,16.75,14.25,PASS_BOUNDARY,
INNER_SIDE,LEFT,4,1.5,,,1.0,0.0,1.0,1.0,1.0,,16.25,13.25,16.75,14.25,PASS_BOUNDARY,
INNER_SIDE,LEFT,4,1.5,,,1.0,0.0,1.0,2.0,1.0,,16.25,12.25,16.75,14.25,PASS_BOUNDARY,
INNER_SIDE,LEFT,4,1.5,,,1.0,0.0,2.0,0.0,1.0,,16.25,13.25,16.75,14.25,PASS_BOUNDARY,
INNER_SIDE,LEFT,4,1.5,,,1.0,0.0,2.0,1.0,1.0,,16.25,12.25,16.75,14.25,PASS_BOUNDARY,
INNER_SIDE,LEFT,4,1.5,,,1.0,0.0,2.0,2.0,1.0,,16.25,11.25,16.75,14.25,PASS_BOUNDARY,
INNER_SIDE,LEFT,4,1.5,,,1.0,1.0,0.0,0.0,0.0,,16.25,16.25,16.75,15.25,PASS_BOUNDARY,
INNER_SIDE,LEFT,4,1.5,,,1.0,1.0,0.0,1.0,0.0,,16.25,15.25,16.75,15.25,PASS_BOUNDARY,
INNER_SIDE,LEFT,4,1.5,,,1.0,1.0,0.0,2.0,0.0,,16.25,14.25,16.75,15.25,PASS_BOUNDARY,
INNER_SIDE,LEFT,4,1.5,,,1.0,1.0,1.0,0.0,0.0,,16.25,15.25,16.75,15.25,PASS_BOUNDARY,
INNER_SIDE,LEFT,4,1.5,,,1.0,1.0,1.0,1.0,0.0,,16.25,14.25,16.75,15.25,PASS_BOUNDARY,
INNER_SIDE,LEFT,4,1.5,,,1.0,1.0,1.0,2.0,0.0,,16.25,13.25,16.75,15.25,PASS_BOUNDARY,
INNER_SIDE,LEFT,4,1.5,,,1.0,1.0,2.0,0.0,0.0,,16.25,14.25,16.75,15.25,PASS_BOUNDARY,
INNER_SIDE,LEFT,4,1.5,,,1.0,1.0,2.0,1.0,0.0,,16.25,13.25,16.75,15.25,PASS_BOUNDARY,
INNER_SIDE,LEFT,4,1.5,,,1.0,1.0,2.0,2.0,0.0,,16.25,12.25,16.75,15.25,PASS_BOUNDARY,
INNER_SIDE,LEFT,5,0.0,,,-1.0,-1.0,0.0,0.0,0.0,,15.25,15.25,15.75,15.75,PASS_BOUNDARY,
INNER_SIDE,LEFT,5,0.0,,,-1.0,-1.0,0.0,1.0,0.0,,15.25,14.25,15.75,15.75,PASS_BOUNDARY,
INNER_SIDE,LEFT,5,0.0,,,-1.0,-1.0,0.0,2.0,0.0,,15.25,13.25,15.75,15.75,PASS_BOUNDARY,
INNER_SIDE,LEFT,5,0.0,,,-1.0,-1.0,1.0,0.0,0.0,,15.25,14.25,15.75,15.75,PASS_BOUNDARY,
INNER_SIDE,LEFT,5,0.0,,,-1.0,-1.0,1.0,1.0,0.0,,15.25,13.25,15.75,15.75,PASS_BOUNDARY,
INNER_SIDE,LEFT,5,0.0,,,-1.0,-1.0,1.0,2.0,0.0,,15.25,12.25,15.75,15.75,PASS_BOUNDARY,
INNER_SIDE,LEFT,5,0.0,,,-1.0,-1.0,2.0,0.0,0.0,,15.25,13.25,15.75,15.75,PASS_BOUNDARY,
INNER_SIDE,LEFT,5,0.0,,,-1.0,-1.0,2.0,1.0,0.0,,15.25,12.25,15.75,15.75,PASS_BOUNDARY,
INNER_SIDE,LEFT,5,0.0,,,-1.0,-1.0,2.0,2.0,0.0,,15.25,11.25,15.75,15.75,PASS_BOUNDARY,
INNER_SIDE,LEFT,5,0.0,,,-1.0,0.0,0.0,0.0,1.0,,15.25,14.25,15.75,14.75,PASS_BOUNDARY,
INNER_SIDE,LEFT,5,0.0,,,-1.0,0.0,0.0,1.0,1.0,,15.25,13.25,15.75,14.75,PASS_BOUNDARY,
INNER_SIDE,LEFT,5,0.0,,,-1.0,0.0,0.0,2.0,1.0,,15.25,12.25,15.75,14.75,PASS_BOUNDARY,
INNER_SIDE,LEFT,5,0.0,,,-1.0,0.0,1.0,0.0,1.0,,15.25,13.25,15.75,14.75,PASS_BOUNDARY,
INNER_SIDE,LEFT,5,0.0,,,-1.0,0.0,1.0,1.0,1.0,,15.25,12.25,15.75,14.75,PASS_BOUNDARY,
INNER_SIDE,LEFT,5,0.0,,,-1.0,0.0,1.0,2.0,1.0,,15.25,11.25,15.75,14.75,PASS_BOUNDARY,
INNER_SIDE,LEFT,5,0.0,,,-1.0,0.0,2.0,0.0,1.0,,15.25,12.25,15.75,14.75,PASS_BOUNDARY,
INNER_SIDE,LEFT,5,0.0,,,-1.0,0.0,2.0,1.0,1.0,,15.25,11.25,15.75,14.75,PASS_BOUNDARY,
INNER_SIDE,LEFT,5,0.0,,,-1.0,0.0,2.0,2.0,1.0,,15.25,10.25,15.75,14.75,PASS_BOUNDARY,
INNER_SIDE,LEFT,5,0.0,,,-1.0,1.0,0.0,0.0,2.0,,15.25,13.25,15.75,13.75,PASS_BOUNDARY,
INNER_SIDE,LEFT,5,0.0,,,-1.0,1.0,0.0,1.0,2.0,,15.25,12.25,15.75,13.75,PASS_BOUNDARY,
INNER_SIDE,LEFT,5,0.0,,,-1.0,1.0,0.0,2.0,2.0,,15.25,11.25,15.75,13.75,PASS_BOUNDARY,
INNER_SIDE,LEFT,5,0.0,,,-1.0,1.0,1.0,0.0,2.0,,15.25,12.25,15.75,13.75,PASS_BOUNDARY,
INNER_SIDE,LEFT,5,0.0,,,-1.0,1.0,1.0,1.0,2.0,,15.25,11.25,15.75,13.75,PASS_BOUNDARY,
INNER_SIDE,LEFT,5,0.0,,,-1.0,1.0,1.0,2.0,2.0,,15.25,10.25,15.75,13.75,PASS_BOUNDARY,
INNER_SIDE,LEFT,5,0.0,,,-1.0,1.0,2.0,0.0,2.0,,15.25,11.25,15.75,13.75,PASS_BOUNDARY,
INNER_SIDE,LEFT,5,0.0,,,-1.0,1.0,2.0,1.0,2.0,,15.25,10.25,15.75,13.75,PASS_BOUNDARY,
INNER_SIDE,LEFT,5,0.0,,,-1.0,1.0,2.0,2.0,2.0,,15.25,9.25,15.75,13.75,PASS_BOUNDARY,
INNER_SIDE,LEFT,5,0.0,,,0.0,-1.0,0.0,0.0,1.0,,15.25,14.25,15.75,14.75,PASS_BOUNDARY,
INNER_SIDE,LEFT,5,0.0,,,0.0,-1.0,0.0,1.0,1.0,,15.25,13.25,15.75,14.75,PASS_BOUNDARY,
INNER_SIDE,LEFT,5,0.0,,,0.0,-1.0,0.0,2.0,1.0,,15.25,12.25,15.75,14.75,PASS_BOUNDARY,
INNER_SIDE,LEFT,5,0.0,,,0.0,-1.0,1.0,0.0,1.0,,15.25,13.25,15.75,14.75,PASS_BOUNDARY,
INNER_SIDE,LEFT,5,0.0,,,0.0,-1.0,1.0,1.0,1.0,,15.25,12.25,15.75,14.75,PASS_BOUNDARY,
INNER_SIDE,LEFT,5,0.0,,,0.0,-1.0,1.0,2.0,1.0,,15.25,11.25,15.75,14.75,PASS_BOUNDARY,
INNER_SIDE,LEFT,5,0.0,,,0.0,-1.0,2.0,0.0,1.0,,15.25,12.25,15.75,14.75,PASS_BOUNDARY,
INNER_SIDE,LEFT,5,0.0,,,0.0,-1.0,2.0,1.0,1.0,,15.25,11.25,15.75,14.75,PASS_BOUNDARY,
INNER_SIDE,LEFT,5,0.0,,,0.0,-1.0,2.0,2.0,1.0,,15.25,10.25,15.75,14.75,PASS_BOUNDARY,
INNER_SIDE,LEFT,5,0.0,,,0.0,0.0,0.0,0.0,0.0,,15.25,15.25,15.75,15.75,PASS_BOUNDARY,
INNER_SIDE,LEFT,5,0.0,,,0.0,0.0,0.0,1.0,0.0,,15.25,14.25,15.75,15.75,PASS_BOUNDARY,
INNER_SIDE,LEFT,5,0.0,,,0.0,0.0,0.0,2.0,0.0,,15.25,13.25,15.75,15.75,PASS_BOUNDARY,
INNER_SIDE,LEFT,5,0.0,,,0.0,0.0,1.0,0.0,0.0,,15.25,14.25,15.75,15.75,PASS_BOUNDARY,
INNER_SIDE,LEFT,5,0.0,,,0.0,0.0,1.0,1.0,0.0,,15.25,13.25,15.75,15.75,PASS_BOUNDARY,
INNER_SIDE,LEFT,5,0.0,,,0.0,0.0,1.0,2.0,0.0,,15.25,12.25,15.75,15.75,PASS_BOUNDARY,
INNER_SIDE,LEFT,5,0.0,,,0.0,0.0,2.0,0.0,0.0,,15.25,13.25,15.75,15.75,PASS_BOUNDARY,
INNER_SIDE,LEFT,5,0.0,,,0.0,0.0,2.0,1.0,0.0,,15.25,12.25,15.75,15.75,PASS_BOUNDARY,
INNER_SIDE,LEFT,5,0.0,,,0.0,0.0,2.0,2.0,0.0,,15.25,11.25,15.75,15.75,PASS_BOUNDARY,
INNER_SIDE,LEFT,5,0.0,,,0.0,1.0,0.0,0.0,1.0,,15.25,14.25,15.75,14.75,PASS_BOUNDARY,
INNER_SIDE,LEFT,5,0.0,,,0.0,1.0,0.0,1.0,1.0,,15.25,13.25,15.75,14.75,PASS_BOUNDARY,
INNER_SIDE,LEFT,5,0.0,,,0.0,1.0,0.0,2.0,1.0,,15.25,12.25,15.75,14.75,PASS_BOUNDARY,
INNER_SIDE,LEFT,5,0.0,,,0.0,1.0,1.0,0.0,1.0,,15.25,13.25,15.75,14.75,PASS_BOUNDARY,
INNER_SIDE,LEFT,5,0.0,,,0.0,1.0,1.0,1.0,1.0,,15.25,12.25,15.75,14.75,PASS_BOUNDARY,
INNER_SIDE,LEFT,5,0.0,,,0.0,1.0,1.0,2.0,1.0,,15.25,11.25,15.75,14.75,PASS_BOUNDARY,
INNER_SIDE,LEFT,5,0.0,,,0.0,1.0,2.0,0.0,1.0,,15.25,12.25,15.75,14.75,PASS_BOUNDARY,
INNER_SIDE,LEFT,5,0.0,,,0.0,1.0,2.0,1.0,1.0,,15.25,11.25,15.75,14.75,PASS_BOUNDARY,
INNER_SIDE,LEFT,5,0.0,,,0.0,1.0,2.0,2.0,1.0,,15.25,10.25,15.75,14.75,PASS_BOUNDARY,
INNER_SIDE,LEFT,5,0.0,,,1.0,-1.0,0.0,0.0,2.0,,15.25,13.25,15.75,13.75,PASS_BOUNDARY,
INNER_SIDE,LEFT,5,0.0,,,1.0,-1.0,0.0,1.0,2.0,,15.25,12.25,15.75,13.75,PASS_BOUNDARY,
INNER_SIDE,LEFT,5,0.0,,,1.0,-1.0,0.0,2.0,2.0,,15.25,11.25,15.75,13.75,PASS_BOUNDARY,
INNER_SIDE,LEFT,5,0.0,,,1.0,-1.0,1.0,0.0,2.0,,15.25,12.25,15.75,13.75,PASS_BOUNDARY,
INNER_SIDE,LEFT,5,0.0,,,1.0,-1.0,1.0,1.0,2.0,,15.25,11.25,15.75,13.75,PASS_BOUNDARY,
INNER_SIDE,LEFT,5,0.0,,,1.0,-1.0,1.0,2.0,2.0,,15.25,10.25,15.75,13.75,PASS_BOUNDARY,
INNER_SIDE,LEFT,5,0.0,,,1.0,-1.0,2.0,0.0,2.0,,15.25,11.25,15.75,13.75,PASS_BOUNDARY,
INNER_SIDE,LEFT,5,0.0,,,1.0,-1.0,2.0,1.0,2.0,,15.25,10.25,15.75,13.75,PASS_BOUNDARY,
INNER_SIDE,LEFT,5,0.0,,,1.0,-1.0,2.0,2.0,2.0,,15.25,9.25,15.75,13.75,PASS_BOUNDARY,
INNER_SIDE,LEFT,5,0.0,,,1.0,0.0,0.0,0.0,1.0,,15.25,14.25,15.75,14.75,PASS_BOUNDARY,
INNER_SIDE,LEFT,5,0.0,,,1.0,0.0,0.0,1.0,1.0,,15.25,13.25,15.75,14.75,PASS_BOUNDARY,
INNER_SIDE,LEFT,5,0.0,,,1.0,0.0,0.0,2.0,1.0,,15.25,12.25,15.75,14.75,PASS_BOUNDARY,
INNER_SIDE,LEFT,5,0.0,,,1.0,0.0,1.0,0.0,1.0,,15.25,13.25,15.75,14.75,PASS_BOUNDARY,
INNER_SIDE,LEFT,5,0.0,,,1.0,0.0,1.0,1.0,1.0,,15.25,12.25,15.75,14.75,PASS_BOUNDARY,
INNER_SIDE,LEFT,5,0.0,,,1.0,0.0,1.0,2.0,1.0,,15.25,11.25,15.75,14.75,PASS_BOUNDARY,
INNER_SIDE,LEFT,5,0.0,,,1.0,0.0,2.0,0.0,1.0,,15.25,12.25,15.75,14.75,PASS_BOUNDARY,
INNER_SIDE,LEFT,5,0.0,,,1.0,0.0,2.0,1.0,1.0,,15.25,11.25,15.75,14.75,PASS_BOUNDARY,
INNER_SIDE,LEFT,5,0.0,,,1.0,0.0,2.0,2.0,1.0,,15.25,10.25,15.75,14.75,PASS_BOUNDARY,
INNER_SIDE,LEFT,5,0.0,,,1.0,1.0,0.0,0.0,0.0,,15.25,15.25,15.75,15.75,PASS_BOUNDARY,
INNER_SIDE,LEFT,5,0.0,,,1.0,1.0,0.0,1.0,0.0,,15.25,14.25,15.75,15.75,PASS_BOUNDARY,
INNER_SIDE,LEFT,5,0.0,,,1.0,1.0,0.0,2.0,0.0,,15.25,13.25,15.75,15.75,PASS_BOUNDARY,
INNER_SIDE,LEFT,5,0.0,,,1.0,1.0,1.0,0.0,0.0,,15.25,14.25,15.75,15.75,PASS_BOUNDARY,
INNER_SIDE,LEFT,5,0.0,,,1.0,1.0,1.0,1.0,0.0,,15.25,13.25,15.75,15.75,PASS_BOUNDARY,
INNER_SIDE,LEFT,5,0.0,,,1.0,1.0,1.0,2.0,0.0,,15.25,12.25,15.75,15.75,PASS_BOUNDARY,
INNER_SIDE,LEFT,5,0.0,,,1.0,1.0,2.0,0.0,0.0,,15.25,13.25,15.75,15.75,PASS_BOUNDARY,
INNER_SIDE,LEFT,5,0.0,,,1.0,1.0,2.0,1.0,0.0,,15.25,12.25,15.75,15.75,PASS_BOUNDARY,
INNER_SIDE,LEFT,5,0.0,,,1.0,1.0,2.0,2.0,0.0,,15.25,11.25,15.75,15.75,PASS_BOUNDARY,
INNER_SIDE,LEFT,5,0.5,,,-1.0,-1.0,0.0,0.0,0.0,,15.25,15.25,15.75,15.25,PASS_BOUNDARY,
INNER_SIDE,LEFT,5,0.5,,,-1.0,-1.0,0.0,1.0,0.0,,15.25,14.25,15.75,15.25,PASS_BOUNDARY,
INNER_SIDE,LEFT,5,0.5,,,-1.0,-1.0,0.0,2.0,0.0,,15.25,13.25,15.75,15.25,PASS_BOUNDARY,
INNER_SIDE,LEFT,5,0.5,,,-1.0,-1.0,1.0,0.0,0.0,,15.25,14.25,15.75,15.25,PASS_BOUNDARY,
INNER_SIDE,LEFT,5,0.5,,,-1.0,-1.0,1.0,1.0,0.0,,15.25,13.25,15.75,15.25,PASS_BOUNDARY,
INNER_SIDE,LEFT,5,0.5,,,-1.0,-1.0,1.0,2.0,0.0,,15.25,12.25,15.75,15.25,PASS_BOUNDARY,
INNER_SIDE,LEFT,5,0.5,,,-1.0,-1.0,2.0,0.0,0.0,,15.25,13.25,15.75,15.25,PASS_BOUNDARY,
INNER_SIDE,LEFT,5,0.5,,,-1.0,-1.0,2.0,1.0,0.0,,15.25,12.25,15.75,15.25,PASS_BOUNDARY,
INNER_SIDE,LEFT,5,0.5,,,-1.0,-1.0,2.0,2.0,0.0,,15.25,11.25,15.75,15.25,PASS_BOUNDARY,
INNER_SIDE,LEFT,5,0.5,,,-1.0,0.0,0.0,0.0,1.0,,15.25,14.25,15.75,14.25,PASS_BOUNDARY,
INNER_SIDE,LEFT,5,0.5,,,-1.0,0.0,0.0,1.0,1.0,,15.25,13.25,15.75,14.25,PASS_BOUNDARY,
INNER_SIDE,LEFT,5,0.5,,,-1.0,0.0,0.0,2.0,1.0,,15.25,12.25,15.75,14.25,PASS_BOUNDARY,
INNER_SIDE,LEFT,5,0.5,,,-1.0,0.0,1.0,0.0,1.0,,15.25,13.25,15.75,14.25,PASS_BOUNDARY,
INNER_SIDE,LEFT,5,0.5,,,-1.0,0.0,1.0,1.0,1.0,,15.25,12.25,15.75,14.25,PASS_BOUNDARY,
INNER_SIDE,LEFT,5,0.5,,,-1.0,0.0,1.0,2.0,1.0,,15.25,11.25,15.75,14.25,PASS_BOUNDARY,
INNER_SIDE,LEFT,5,0.5,,,-1.0,0.0,2.0,0.0,1.0,,15.25,12.25,15.75,14.25,PASS_BOUNDARY,
INNER_SIDE,LEFT,5,0.5,,,-1.0,0.0,2.0,1.0,1.0,,15.25,11.25,15.75,14.25,PASS_BOUNDARY,
INNER_SIDE,LEFT,5,0.5,,,-1.0,0.0,2.0,2.0,1.0,,15.25,10.25,15.75,14.25,PASS_BOUNDARY,
INNER_SIDE,LEFT,5,0.5,,,-1.0,1.0,0.0,0.0,2.0,,15.25,13.25,15.75,13.25,PASS_BOUNDARY,
INNER_SIDE,LEFT,5,0.5,,,-1.0,1.0,0.0,1.0,2.0,,15.25,12.25,15.75,13.25,PASS_BOUNDARY,
INNER_SIDE,LEFT,5,0.5,,,-1.0,1.0,0.0,2.0,2.0,,15.25,11.25,15.75,13.25,PASS_BOUNDARY,
INNER_SIDE,LEFT,5,0.5,,,-1.0,1.0,1.0,0.0,2.0,,15.25,12.25,15.75,13.25,PASS_BOUNDARY,
INNER_SIDE,LEFT,5,0.5,,,-1.0,1.0,1.0,1.0,2.0,,15.25,11.25,15.75,13.25,PASS_BOUNDARY,
INNER_SIDE,LEFT,5,0.5,,,-1.0,1.0,1.0,2.0,2.0,,15.25,10.25,15.75,13.25,PASS_BOUNDARY,
INNER_SIDE,LEFT,5,0.5,,,-1.0,1.0,2.0,0.0,2.0,,15.25,11.25,15.75,13.25,PASS_BOUNDARY,
INNER_SIDE,LEFT,5,0.5,,,-1.0,1.0,2.0,1.0,2.0,,15.25,10.25,15.75,13.25,PASS_BOUNDARY,
INNER_SIDE,LEFT,5,0.5,,,-1.0,1.0,2.0,2.0,2.0,,15.25,9.25,15.75,13.25,PASS_BOUNDARY,
INNER_SIDE,LEFT,5,0.5,,,0.0,-1.0,0.0,0.0,1.0,,15.25,14.25,15.75,14.25,PASS_BOUNDARY,
INNER_SIDE,LEFT,5,0.5,,,0.0,-1.0,0.0,1.0,1.0,,15.25,13.25,15.75,14.25,PASS_BOUNDARY,
INNER_SIDE,LEFT,5,0.5,,,0.0,-1.0,0.0,2.0,1.0,,15.25,12.25,15.75,14.25,PASS_BOUNDARY,
INNER_SIDE,LEFT,5,0.5,,,0.0,-1.0,1.0,0.0,1.0,,15.25,13.25,15.75,14.25,PASS_BOUNDARY,
INNER_SIDE,LEFT,5,0.5,,,0.0,-1.0,1.0,1.0,1.0,,15.25,12.25,15.75,14.25,PASS_BOUNDARY,
INNER_SIDE,LEFT,5,0.5,,,0.0,-1.0,1.0,2.0,1.0,,15.25,11.25,15.75,14.25,PASS_BOUNDARY,
INNER_SIDE,LEFT,5,0.5,,,0.0,-1.0,2.0,0.0,1.0,,15.25,12.25,15.75,14.25,PASS_BOUNDARY,
INNER_SIDE,LEFT,5,0.5,,,0.0,-1.0,2.0,1.0,1.0,,15.25,11.25,15.75,14.25,PASS_BOUNDARY,
INNER_SIDE,LEFT,5,0.5,,,0.0,-1.0,2.0,2.0,1.0,,15.25,10.25,15.75,14.25,PASS_BOUNDARY,
INNER_SIDE,LEFT,5,0.5,,,0.0,0.0,0.0,0.0,0.0,,15.25,15.25,15.75,15.25,PASS_BOUNDARY,
INNER_SIDE,LEFT,5,0.5,,,0.0,0.0,0.0,1.0,0.0,,15.25,14.25,15.75,15.25,PASS_BOUNDARY,
INNER_SIDE,LEFT,5,0.5,,,0.0,0.0,0.0,2.0,0.0,,15.25,13.25,15.75,15.25,PASS_BOUNDARY,
INNER_SIDE,LEFT,5,0.5,,,0.0,0.0,1.0,0.0,0.0,,15.25,14.25,15.75,15.25,PASS_BOUNDARY,
INNER_SIDE,LEFT,5,0.5,,,0.0,0.0,1.0,1.0,0.0,,15.25,13.25,15.75,15.25,PASS_BOUNDARY,
INNER_SIDE,LEFT,5,0.5,,,0.0,0.0,1.0,2.0,0.0,,15.25,12.25,15.75,15.25,PASS_BOUNDARY,
INNER_SIDE,LEFT,5,0.5,,,0.0,0.0,2.0,0.0,0.0,,15.25,13.25,15.75,15.25,PASS_BOUNDARY,
INNER_SIDE,LEFT,5,0.5,,,0.0,0.0,2.0,1.0,0.0,,15.25,12.25,15.75,15.25,PASS_BOUNDARY,
INNER_SIDE,LEFT,5,0.5,,,0.0,0.0,2.0,2.0,0.0,,15.25,11.25,15.75,15.25,PASS_BOUNDARY,
INNER_SIDE,LEFT,5,0.5,,,0.0,1.0,0.0,0.0,1.0,,15.25,14.25,15.75,14.25,PASS_BOUNDARY,
INNER_SIDE,LEFT,5,0.5,,,0.0,1.0,0.0,1.0,1.0,,15.25,13.25,15.75,14.25,PASS_BOUNDARY,
INNER_SIDE,LEFT,5,0.5,,,0.0,1.0,0.0,2.0,1.0,,15.25,12.25,15.75,14.25,PASS_BOUNDARY,
INNER_SIDE,LEFT,5,0.5,,,0.0,1.0,1.0,0.0,1.0,,15.25,13.25,15.75,14.25,PASS_BOUNDARY,
INNER_SIDE,LEFT,5,0.5,,,0.0,1.0,1.0,1.0,1.0,,15.25,12.25,15.75,14.25,PASS_BOUNDARY,
INNER_SIDE,LEFT,5,0.5,,,0.0,1.0,1.0,2.0,1.0,,15.25,11.25,15.75,14.25,PASS_BOUNDARY,
INNER_SIDE,LEFT,5,0.5,,,0.0,1.0,2.0,0.0,1.0,,15.25,12.25,15.75,14.25,PASS_BOUNDARY,
INNER_SIDE,LEFT,5,0.5,,,0.0,1.0,2.0,1.0,1.0,,15.25,11.25,15.75,14.25,PASS_BOUNDARY,
INNER_SIDE,LEFT,5,0.5,,,0.0,1.0,2.0,2.0,1.0,,15.25,10.25,15.75,14.25,PASS_BOUNDARY,
INNER_SIDE,LEFT,5,0.5,,,1.0,-1.0,0.0,0.0,2.0,,15.25,13.25,15.75,13.25,PASS_BOUNDARY,
INNER_SIDE,LEFT,5,0.5,,,1.0,-1.0,0.0,1.0,2.0,,15.25,12.25,15.75,13.25,PASS_BOUNDARY,
INNER_SIDE,LEFT,5,0.5,,,1.0,-1.0,0.0,2.0,2.0,,15.25,11.25,15.75,13.25,PASS_BOUNDARY,
INNER_SIDE,LEFT,5,0.5,,,1.0,-1.0,1.0,0.0,2.0,,15.25,12.25,15.75,13.25,PASS_BOUNDARY,
INNER_SIDE,LEFT,5,0.5,,,1.0,-1.0,1.0,1.0,2.0,,15.25,11.25,15.75,13.25,PASS_BOUNDARY,
INNER_SIDE,LEFT,5,0.5,,,1.0,-1.0,1.0,2.0,2.0,,15.25,10.25,15.75,13.25,PASS_BOUNDARY,
INNER_SIDE,LEFT,5,0.5,,,1.0,-1.0,2.0,0.0,2.0,,15.25,11.25,15.75,13.25,PASS_BOUNDARY,
INNER_SIDE,LEFT,5,0.5,,,1.0,-1.0,2.0,1.0,2.0,,15.25,10.25,15.75,13.25,PASS_BOUNDARY,
INNER_SIDE,LEFT,5,0.5,,,1.0,-1.0,2.0,2.0,2.0,,15.25,9.25,15.75,13.25,PASS_BOUNDARY,
INNER_SIDE,LEFT,5,0.5,,,1.0,0.0,0.0,0.0,1.0,,15.25,14.25,15.75,14.25,PASS_BOUNDARY,
INNER_SIDE,LEFT,5,0.5,,,1.0,0.0,0.0,1.0,1.0,,15.25,13.25,15.75,14.25,PASS_BOUNDARY,
INNER_SIDE,LEFT,5,0.5,,,1.0,0.0,0.0,2.0,1.0,,15.25,12.25,15.75,14.25,PASS_BOUNDARY,
INNER_SIDE,LEFT,5,0.5,,,1.0,0.0,1.0,0.0,1.0,,15.25,13.25,15.75,14.25,PASS_BOUNDARY,
INNER_SIDE,LEFT,5,0.5,,,1.0,0.0,1.0,1.0,1.0,,15.25,12.25,15.75,14.25,PASS_BOUNDARY,
INNER_SIDE,LEFT,5,0.5,,,1.0,0.0,1.0,2.0,1.0,,15.25,11.25,15.75,14.25,PASS_BOUNDARY,
INNER_SIDE,LEFT,5,0.5,,,1.0,0.0,2.0,0.0,1.0,,15.25,12.25,15.75,14.25,PASS_BOUNDARY,
INNER_SIDE,LEFT,5,0.5,,,1.0,0.0,2.0,1.0,1.0,,15.25,11.25,15.75,14.25,PASS_BOUNDARY,
INNER_SIDE,LEFT,5,0.5,,,1.0,0.0,2.0,2.0,1.0,,15.25,10.25,15.75,14.25,PASS_BOUNDARY,
INNER_SIDE,LEFT,5,0.5,,,1.0,1.0,0.0,0.0,0.0,,15.25,15.25,15.75,15.25,PASS_BOUNDARY,
INNER_SIDE,LEFT,5,0.5,,,1.0,1.0,0.0,1.0,0.0,,15.25,14.25,15.75,15.25,PASS_BOUNDARY,
INNER_SIDE,LEFT,5,0.5,,,1.0,1.0,0.0,2.0,0.0,,15.25,13.25,15.75,15.25,PASS_BOUNDARY,
INNER_SIDE,LEFT,5,0.5,,,1.0,1.0,1.0,0.0,0.0,,15.25,14.25,15.75,15.25,PASS_BOUNDARY,
INNER_SIDE,LEFT,5,0.5,,,1.0,1.0,1.0,1.0,0.0,,15.25,13.25,15.75,15.25,PASS_BOUNDARY,
INNER_SIDE,LEFT,5,0.5,,,1.0,1.0,1.0,2.0,0.0,,15.25,12.25,15.75,15.25,PASS_BOUNDARY,
INNER_SIDE,LEFT,5,0.5,,,1.0,1.0,2.0,0.0,0.0,,15.25,13.25,15.75,15.25,PASS_BOUNDARY,
INNER_SIDE,LEFT,5,0.5,,,1.0,1.0,2.0,1.0,0.0,,15.25,12.25,15.75,15.25,PASS_BOUNDARY,
INNER_SIDE,LEFT,5,0.5,,,1.0,1.0,2.0,2.0,0.0,,15.25,11.25,15.75,15.25,PASS_BOUNDARY,
INNER_SIDE,LEFT,5,1.0,,,-1.0,-1.0,0.0,0.0,0.0,,15.25,15.25,15.75,14.75,PASS_BOUNDARY,
INNER_SIDE,LEFT,5,1.0,,,-1.0,-1.0,0.0,1.0,0.0,,15.25,14.25,15.75,14.75,PASS_BOUNDARY,
INNER_SIDE,LEFT,5,1.0,,,-1.0,-1.0,0.0,2.0,0.0,,15.25,13.25,15.75,14.75,PASS_BOUNDARY,
INNER_SIDE,LEFT,5,1.0,,,-1.0,-1.0,1.0,0.0,0.0,,15.25,14.25,15.75,14.75,PASS_BOUNDARY,
INNER_SIDE,LEFT,5,1.0,,,-1.0,-1.0,1.0,1.0,0.0,,15.25,13.25,15.75,14.75,PASS_BOUNDARY,
INNER_SIDE,LEFT,5,1.0,,,-1.0,-1.0,1.0,2.0,0.0,,15.25,12.25,15.75,14.75,PASS_BOUNDARY,
INNER_SIDE,LEFT,5,1.0,,,-1.0,-1.0,2.0,0.0,0.0,,15.25,13.25,15.75,14.75,PASS_BOUNDARY,
INNER_SIDE,LEFT,5,1.0,,,-1.0,-1.0,2.0,1.0,0.0,,15.25,12.25,15.75,14.75,PASS_BOUNDARY,
INNER_SIDE,LEFT,5,1.0,,,-1.0,-1.0,2.0,2.0,0.0,,15.25,11.25,15.75,14.75,PASS_BOUNDARY,
INNER_SIDE,LEFT,5,1.0,,,-1.0,0.0,0.0,0.0,1.0,,15.25,14.25,15.75,13.75,PASS_BOUNDARY,
INNER_SIDE,LEFT,5,1.0,,,-1.0,0.0,0.0,1.0,1.0,,15.25,13.25,15.75,13.75,PASS_BOUNDARY,
INNER_SIDE,LEFT,5,1.0,,,-1.0,0.0,0.0,2.0,1.0,,15.25,12.25,15.75,13.75,PASS_BOUNDARY,
INNER_SIDE,LEFT,5,1.0,,,-1.0,0.0,1.0,0.0,1.0,,15.25,13.25,15.75,13.75,PASS_BOUNDARY,
INNER_SIDE,LEFT,5,1.0,,,-1.0,0.0,1.0,1.0,1.0,,15.25,12.25,15.75,13.75,PASS_BOUNDARY,
INNER_SIDE,LEFT,5,1.0,,,-1.0,0.0,1.0,2.0,1.0,,15.25,11.25,15.75,13.75,PASS_BOUNDARY,
INNER_SIDE,LEFT,5,1.0,,,-1.0,0.0,2.0,0.0,1.0,,15.25,12.25,15.75,13.75,PASS_BOUNDARY,
INNER_SIDE,LEFT,5,1.0,,,-1.0,0.0,2.0,1.0,1.0,,15.25,11.25,15.75,13.75,PASS_BOUNDARY,
INNER_SIDE,LEFT,5,1.0,,,-1.0,0.0,2.0,2.0,1.0,,15.25,10.25,15.75,13.75,PASS_BOUNDARY,
INNER_SIDE,LEFT,5,1.0,,,-1.0,1.0,0.0,0.0,2.0,,15.25,13.25,15.75,12.75,PASS_BOUNDARY,
INNER_SIDE,LEFT,5,1.0,,,-1.0,1.0,0.0,1.0,2.0,,15.25,12.25,15.75,12.75,PASS_BOUNDARY,
INNER_SIDE,LEFT,5,1.0,,,-1.0,1.0,0.0,2.0,2.0,,15.25,11.25,15.75,12.75,PASS_BOUNDARY,
INNER_SIDE,LEFT,5,1.0,,,-1.0,1.0,1.0,0.0,2.0,,15.25,12.25,15.75,12.75,PASS_BOUNDARY,
INNER_SIDE,LEFT,5,1.0,,,-1.0,1.0,1.0,1.0,2.0,,15.25,11.25,15.75,12.75,PASS_BOUNDARY,
INNER_SIDE,LEFT,5,1.0,,,-1.0,1.0,1.0,2.0,2.0,,15.25,10.25,15.75,12.75,PASS_BOUNDARY,
INNER_SIDE,LEFT,5,1.0,,,-1.0,1.0,2.0,0.0,2.0,,15.25,11.25,15.75,12.75,PASS_BOUNDARY,
INNER_SIDE,LEFT,5,1.0,,,-1.0,1.0,2.0,1.0,2.0,,15.25,10.25,15.75,12.75,PASS_BOUNDARY,
INNER_SIDE,LEFT,5,1.0,,,-1.0,1.0,2.0,2.0,2.0,,15.25,9.25,15.75,12.75,PASS_BOUNDARY,
INNER_SIDE,LEFT,5,1.0,,,0.0,-1.0,0.0,0.0,1.0,,15.25,14.25,15.75,13.75,PASS_BOUNDARY,
INNER_SIDE,LEFT,5,1.0,,,0.0,-1.0,0.0,1.0,1.0,,15.25,13.25,15.75,13.75,PASS_BOUNDARY,
INNER_SIDE,LEFT,5,1.0,,,0.0,-1.0,0.0,2.0,1.0,,15.25,12.25,15.75,13.75,PASS_BOUNDARY,
INNER_SIDE,LEFT,5,1.0,,,0.0,-1.0,1.0,0.0,1.0,,15.25,13.25,15.75,13.75,PASS_BOUNDARY,
INNER_SIDE,LEFT,5,1.0,,,0.0,-1.0,1.0,1.0,1.0,,15.25,12.25,15.75,13.75,PASS_BOUNDARY,
INNER_SIDE,LEFT,5,1.0,,,0.0,-1.0,1.0,2.0,1.0,,15.25,11.25,15.75,13.75,PASS_BOUNDARY,
INNER_SIDE,LEFT,5,1.0,,,0.0,-1.0,2.0,0.0,1.0,,15.25,12.25,15.75,13.75,PASS_BOUNDARY,
INNER_SIDE,LEFT,5,1.0,,,0.0,-1.0,2.0,1.0,1.0,,15.25,11.25,15.75,13.75,PASS_BOUNDARY,
INNER_SIDE,LEFT,5,1.0,,,0.0,-1.0,2.0,2.0,1.0,,15.25,10.25,15.75,13.75,PASS_BOUNDARY,
INNER_SIDE,LEFT,5,1.0,,,0.0,0.0,0.0,0.0,0.0,,15.25,15.25,15.75,14.75,PASS_BOUNDARY,
INNER_SIDE,LEFT,5,1.0,,,0.0,0.0,0.0,1.0,0.0,,15.25,14.25,15.75,14.75,PASS_BOUNDARY,
INNER_SIDE,LEFT,5,1.0,,,0.0,0.0,0.0,2.0,0.0,,15.25,13.25,15.75,14.75,PASS_BOUNDARY,
INNER_SIDE,LEFT,5,1.0,,,0.0,0.0,1.0,0.0,0.0,,15.25,14.25,15.75,14.75,PASS_BOUNDARY,
INNER_SIDE,LEFT,5,1.0,,,0.0,0.0,1.0,1.0,0.0,,15.25,13.25,15.75,14.75,PASS_BOUNDARY,
INNER_SIDE,LEFT,5,1.0,,,0.0,0.0,1.0,2.0,0.0,,15.25,12.25,15.75,14.75,PASS_BOUNDARY,
INNER_SIDE,LEFT,5,1.0,,,0.0,0.0,2.0,0.0,0.0,,15.25,13.25,15.75,14.75,PASS_BOUNDARY,
INNER_SIDE,LEFT,5,1.0,,,0.0,0.0,2.0,1.0,0.0,,15.25,12.25,15.75,14.75,PASS_BOUNDARY,
INNER_SIDE,LEFT,5,1.0,,,0.0,0.0,2.0,2.0,0.0,,15.25,11.25,15.75,14.75,PASS_BOUNDARY,
INNER_SIDE,LEFT,5,1.0,,,0.0,1.0,0.0,0.0,1.0,,15.25,14.25,15.75,13.75,PASS_BOUNDARY,
INNER_SIDE,LEFT,5,1.0,,,0.0,1.0,0.0,1.0,1.0,,15.25,13.25,15.75,13.75,PASS_BOUNDARY,
INNER_SIDE,LEFT,5,1.0,,,0.0,1.0,0.0,2.0,1.0,,15.25,12.25,15.75,13.75,PASS_BOUNDARY,
INNER_SIDE,LEFT,5,1.0,,,0.0,1.0,1.0,0.0,1.0,,15.25,13.25,15.75,13.75,PASS_BOUNDARY,
INNER_SIDE,LEFT,5,1.0,,,0.0,1.0,1.0,1.0,1.0,,15.25,12.25,15.75,13.75,PASS_BOUNDARY,
INNER_SIDE,LEFT,5,1.0,,,0.0,1.0,1.0,2.0,1.0,,15.25,11.25,15.75,13.75,PASS_BOUNDARY,
INNER_SIDE,LEFT,5,1.0,,,0.0,1.0,2.0,0.0,1.0,,15.25,12.25,15.75,13.75,PASS_BOUNDARY,
INNER_SIDE,LEFT,5,1.0,,,0.0,1.0,2.0,1.0,1.0,,15.25,11.25,15.75,13.75,PASS_BOUNDARY,
INNER_SIDE,LEFT,5,1.0,,,0.0,1.0,2.0,2.0,1.0,,15.25,10.25,15.75,13.75,PASS_BOUNDARY,
INNER_SIDE,LEFT,5,1.0,,,1.0,-1.0,0.0,0.0,2.0,,15.25,13.25,15.75,12.75,PASS_BOUNDARY,
INNER_SIDE,LEFT,5,1.0,,,1.0,-1.0,0.0,1.0,2.0,,15.25,12.25,15.75,12.75,PASS_BOUNDARY,
INNER_SIDE,LEFT,5,1.0,,,1.0,-1.0,0.0,2.0,2.0,,15.25,11.25,15.75,12.75,PASS_BOUNDARY,
INNER_SIDE,LEFT,5,1.0,,,1.0,-1.0,1.0,0.0,2.0,,15.25,12.25,15.75,12.75,PASS_BOUNDARY,
INNER_SIDE,LEFT,5,1.0,,,1.0,-1.0,1.0,1.0,2.0,,15.25,11.25,15.75,12.75,PASS_BOUNDARY,
INNER_SIDE,LEFT,5,1.0,,,1.0,-1.0,1.0,2.0,2.0,,15.25,10.25,15.75,12.75,PASS_BOUNDARY,
INNER_SIDE,LEFT,5,1.0,,,1.0,-1.0,2.0,0.0,2.0,,15.25,11.25,15.75,12.75,PASS_BOUNDARY,
INNER_SIDE,LEFT,5,1.0,,,1.0,-1.0,2.0,1.0,2.0,,15.25,10.25,15.75,12.75,PASS_BOUNDARY,
INNER_SIDE,LEFT,5,1.0,,,1.0,-1.0,2.0,2.0,2.0,,15.25,9.25,15.75,12.75,PASS_BOUNDARY,
INNER_SIDE,LEFT,5,1.0,,,1.0,0.0,0.0,0.0,1.0,,15.25,14.25,15.75,13.75,PASS_BOUNDARY,
INNER_SIDE,LEFT,5,1.0,,,1.0,0.0,0.0,1.0,1.0,,15.25,13.25,15.75,13.75,PASS_BOUNDARY,
INNER_SIDE,LEFT,5,1.0,,,1.0,0.0,0.0,2.0,1.0,,15.25,12.25,15.75,13.75,PASS_BOUNDARY,
INNER_SIDE,LEFT,5,1.0,,,1.0,0.0,1.0,0.0,1.0,,15.25,13.25,15.75,13.75,PASS_BOUNDARY,
INNER_SIDE,LEFT,5,1.0,,,1.0,0.0,1.0,1.0,1.0,,15.25,12.25,15.75,13.75,PASS_BOUNDARY,
INNER_SIDE,LEFT,5,1.0,,,1.0,0.0,1.0,2.0,1.0,,15.25,11.25,15.75,13.75,PASS_BOUNDARY,
INNER_SIDE,LEFT,5,1.0,,,1.0,0.0,2.0,0.0,1.0,,15.25,12.25,15.75,13.75,PASS_BOUNDARY,
INNER_SIDE,LEFT,5,1.0,,,1.0,0.0,2.0,1.0,1.0,,15.25,11.25,15.75,13.75,PASS_BOUNDARY,
INNER_SIDE,LEFT,5,1.0,,,1.0,0.0,2.0,2.0,1.0,,15.25,10.25,15.75,13.75,PASS_BOUNDARY,
INNER_SIDE,LEFT,5,1.0,,,1.0,1.0,0.0,0.0,0.0,,15.25,15.25,15.75,14.75,PASS_BOUNDARY,
INNER_SIDE,LEFT,5,1.0,,,1.0,1.0,0.0,1.0,0.0,,15.25,14.25,15.75,14.75,PASS_BOUNDARY,
INNER_SIDE,LEFT,5,1.0,,,1.0,1.0,0.0,2.0,0.0,,15.25,13.25,15.75,14.75,PASS_BOUNDARY,
INNER_SIDE,LEFT,5,1.0,,,1.0,1.0,1.0,0.0,0.0,,15.25,14.25,15.75,14.75,PASS_BOUNDARY,
INNER_SIDE,LEFT,5,1.0,,,1.0,1.0,1.0,1.0,0.0,,15.25,13.25,15.75,14.75,PASS_BOUNDARY,
INNER_SIDE,LEFT,5,1.0,,,1.0,1.0,1.0,2.0,0.0,,15.25,12.25,15.75,14.75,PASS_BOUNDARY,
INNER_SIDE,LEFT,5,1.0,,,1.0,1.0,2.0,0.0,0.0,,15.25,13.25,15.75,14.75,PASS_BOUNDARY,
INNER_SIDE,LEFT,5,1.0,,,1.0,1.0,2.0,1.0,0.0,,15.25,12.25,15.75,14.75,PASS_BOUNDARY,
INNER_SIDE,LEFT,5,1.0,,,1.0,1.0,2.0,2.0,0.0,,15.25,11.25,15.75,14.75,PASS_BOUNDARY,
INNER_SIDE,LEFT,5,1.5,,,-1.0,-1.0,0.0,0.0,0.0,,15.25,15.25,15.75,14.25,PASS_BOUNDARY,
INNER_SIDE,LEFT,5,1.5,,,-1.0,-1.0,0.0,1.0,0.0,,15.25,14.25,15.75,14.25,PASS_BOUNDARY,
INNER_SIDE,LEFT,5,1.5,,,-1.0,-1.0,0.0,2.0,0.0,,15.25,13.25,15.75,14.25,PASS_BOUNDARY,
INNER_SIDE,LEFT,5,1.5,,,-1.0,-1.0,1.0,0.0,0.0,,15.25,14.25,15.75,14.25,PASS_BOUNDARY,
INNER_SIDE,LEFT,5,1.5,,,-1.0,-1.0,1.0,1.0,0.0,,15.25,13.25,15.75,14.25,PASS_BOUNDARY,
INNER_SIDE,LEFT,5,1.5,,,-1.0,-1.0,1.0,2.0,0.0,,15.25,12.25,15.75,14.25,PASS_BOUNDARY,
INNER_SIDE,LEFT,5,1.5,,,-1.0,-1.0,2.0,0.0,0.0,,15.25,13.25,15.75,14.25,PASS_BOUNDARY,
INNER_SIDE,LEFT,5,1.5,,,-1.0,-1.0,2.0,1.0,0.0,,15.25,12.25,15.75,14.25,PASS_BOUNDARY,
INNER_SIDE,LEFT,5,1.5,,,-1.0,-1.0,2.0,2.0,0.0,,15.25,11.25,15.75,14.25,PASS_BOUNDARY,
INNER_SIDE,LEFT,5,1.5,,,-1.0,0.0,0.0,0.0,1.0,,15.25,14.25,15.75,13.25,PASS_BOUNDARY,
INNER_SIDE,LEFT,5,1.5,,,-1.0,0.0,0.0,1.0,1.0,,15.25,13.25,15.75,13.25,PASS_BOUNDARY,
INNER_SIDE,LEFT,5,1.5,,,-1.0,0.0,0.0,2.0,1.0,,15.25,12.25,15.75,13.25,PASS_BOUNDARY,
INNER_SIDE,LEFT,5,1.5,,,-1.0,0.0,1.0,0.0,1.0,,15.25,13.25,15.75,13.25,PASS_BOUNDARY,
INNER_SIDE,LEFT,5,1.5,,,-1.0,0.0,1.0,1.0,1.0,,15.25,12.25,15.75,13.25,PASS_BOUNDARY,
INNER_SIDE,LEFT,5,1.5,,,-1.0,0.0,1.0,2.0,1.0,,15.25,11.25,15.75,13.25,PASS_BOUNDARY,
INNER_SIDE,LEFT,5,1.5,,,-1.0,0.0,2.0,0.0,1.0,,15.25,12.25,15.75,13.25,PASS_BOUNDARY,
INNER_SIDE,LEFT,5,1.5,,,-1.0,0.0,2.0,1.0,1.0,,15.25,11.25,15.75,13.25,PASS_BOUNDARY,
INNER_SIDE,LEFT,5,1.5,,,-1.0,0.0,2.0,2.0,1.0,,15.25,10.25,15.75,13.25,PASS_BOUNDARY,
INNER_SIDE,LEFT,5,1.5,,,-1.0,1.0,0.0,0.0,2.0,,15.25,13.25,15.75,12.25,PASS_BOUNDARY,
INNER_SIDE,LEFT,5,1.5,,,-1.0,1.0,0.0,1.0,2.0,,15.25,12.25,15.75,12.25,PASS_BOUNDARY,
INNER_SIDE,LEFT,5,1.5,,,-1.0,1.0,0.0,2.0,2.0,,15.25,11.25,15.75,12.25,PASS_BOUNDARY,
INNER_SIDE,LEFT,5,1.5,,,-1.0,1.0,1.0,0.0,2.0,,15.25,12.25,15.75,12.25,PASS_BOUNDARY,
INNER_SIDE,LEFT,5,1.5,,,-1.0,1.0,1.0,1.0,2.0,,15.25,11.25,15.75,12.25,PASS_BOUNDARY,
INNER_SIDE,LEFT,5,1.5,,,-1.0,1.0,1.0,2.0,2.0,,15.25,10.25,15.75,12.25,PASS_BOUNDARY,
INNER_SIDE,LEFT,5,1.5,,,-1.0,1.0,2.0,0.0,2.0,,15.25,11.25,15.75,12.25,PASS_BOUNDARY,
INNER_SIDE,LEFT,5,1.5,,,-1.0,1.0,2.0,1.0,2.0,,15.25,10.25,15.75,12.25,PASS_BOUNDARY,
INNER_SIDE,LEFT,5,1.5,,,-1.0,1.0,2.0,2.0,2.0,,15.25,9.25,15.75,12.25,PASS_BOUNDARY,
INNER_SIDE,LEFT,5,1.5,,,0.0,-1.0,0.0,0.0,1.0,,15.25,14.25,15.75,13.25,PASS_BOUNDARY,
INNER_SIDE,LEFT,5,1.5,,,0.0,-1.0,0.0,1.0,1.0,,15.25,13.25,15.75,13.25,PASS_BOUNDARY,
INNER_SIDE,LEFT,5,1.5,,,0.0,-1.0,0.0,2.0,1.0,,15.25,12.25,15.75,13.25,PASS_BOUNDARY,
INNER_SIDE,LEFT,5,1.5,,,0.0,-1.0,1.0,0.0,1.0,,15.25,13.25,15.75,13.25,PASS_BOUNDARY,
INNER_SIDE,LEFT,5,1.5,,,0.0,-1.0,1.0,1.0,1.0,,15.25,12.25,15.75,13.25,PASS_BOUNDARY,
INNER_SIDE,LEFT,5,1.5,,,0.0,-1.0,1.0,2.0,1.0,,15.25,11.25,15.75,13.25,PASS_BOUNDARY,
INNER_SIDE,LEFT,5,1.5,,,0.0,-1.0,2.0,0.0,1.0,,15.25,12.25,15.75,13.25,PASS_BOUNDARY,
INNER_SIDE,LEFT,5,1.5,,,0.0,-1.0,2.0,1.0,1.0,,15.25,11.25,15.75,13.25,PASS_BOUNDARY,
INNER_SIDE,LEFT,5,1.5,,,0.0,-1.0,2.0,2.0,1.0,,15.25,10.25,15.75,13.25,PASS_BOUNDARY,
INNER_SIDE,LEFT,5,1.5,,,0.0,0.0,0.0,0.0,0.0,,15.25,15.25,15.75,14.25,PASS_BOUNDARY,
INNER_SIDE,LEFT,5,1.5,,,0.0,0.0,0.0,1.0,0.0,,15.25,14.25,15.75,14.25,PASS_BOUNDARY,
INNER_SIDE,LEFT,5,1.5,,,0.0,0.0,0.0,2.0,0.0,,15.25,13.25,15.75,14.25,PASS_BOUNDARY,
INNER_SIDE,LEFT,5,1.5,,,0.0,0.0,1.0,0.0,0.0,,15.25,14.25,15.75,14.25,PASS_BOUNDARY,
INNER_SIDE,LEFT,5,1.5,,,0.0,0.0,1.0,1.0,0.0,,15.25,13.25,15.75,14.25,PASS_BOUNDARY,
INNER_SIDE,LEFT,5,1.5,,,0.0,0.0,1.0,2.0,0.0,,15.25,12.25,15.75,14.25,PASS_BOUNDARY,
INNER_SIDE,LEFT,5,1.5,,,0.0,0.0,2.0,0.0,0.0,,15.25,13.25,15.75,14.25,PASS_BOUNDARY,
INNER_SIDE,LEFT,5,1.5,,,0.0,0.0,2.0,1.0,0.0,,15.25,12.25,15.75,14.25,PASS_BOUNDARY,
INNER_SIDE,LEFT,5,1.5,,,0.0,0.0,2.0,2.0,0.0,,15.25,11.25,15.75,14.25,PASS_BOUNDARY,
INNER_SIDE,LEFT,5,1.5,,,0.0,1.0,0.0,0.0,1.0,,15.25,14.25,15.75,13.25,PASS_BOUNDARY,
INNER_SIDE,LEFT,5,1.5,,,0.0,1.0,0.0,1.0,1.0,,15.25,13.25,15.75,13.25,PASS_BOUNDARY,
INNER_SIDE,LEFT,5,1.5,,,0.0,1.0,0.0,2.0,1.0,,15.25,12.25,15.75,13.25,PASS_BOUNDARY,
INNER_SIDE,LEFT,5,1.5,,,0.0,1.0,1.0,0.0,1.0,,15.25,13.25,15.75,13.25,PASS_BOUNDARY,
INNER_SIDE,LEFT,5,1.5,,,0.0,1.0,1.0,1.0,1.0,,15.25,12.25,15.75,13.25,PASS_BOUNDARY,
INNER_SIDE,LEFT,5,1.5,,,0.0,1.0,1.0,2.0,1.0,,15.25,11.25,15.75,13.25,PASS_BOUNDARY,
INNER_SIDE,LEFT,5,1.5,,,0.0,1.0,2.0,0.0,1.0,,15.25,12.25,15.75,13.25,PASS_BOUNDARY,
INNER_SIDE,LEFT,5,1.5,,,0.0,1.0,2.0,1.0,1.0,,15.25,11.25,15.75,13.25,PASS_BOUNDARY,
INNER_SIDE,LEFT,5,1.5,,,0.0,1.0,2.0,2.0,1.0,,15.25,10.25,15.75,13.25,PASS_BOUNDARY,
INNER_SIDE,LEFT,5,1.5,,,1.0,-1.0,0.0,0.0,2.0,,15.25,13.25,15.75,12.25,PASS_BOUNDARY,
INNER_SIDE,LEFT,5,1.5,,,1.0,-1.0,0.0,1.0,2.0,,15.25,12.25,15.75,12.25,PASS_BOUNDARY,
INNER_SIDE,LEFT,5,1.5,,,1.0,-1.0,0.0,2.0,2.0,,15.25,11.25,15.75,12.25,PASS_BOUNDARY,
INNER_SIDE,LEFT,5,1.5,,,1.0,-1.0,1.0,0.0,2.0,,15.25,12.25,15.75,12.25,PASS_BOUNDARY,
INNER_SIDE,LEFT,5,1.5,,,1.0,-1.0,1.0,1.0,2.0,,15.25,11.25,15.75,12.25,PASS_BOUNDARY,
INNER_SIDE,LEFT,5,1.5,,,1.0,-1.0,1.0,2.0,2.0,,15.25,10.25,15.75,12.25,PASS_BOUNDARY,
INNER_SIDE,LEFT,5,1.5,,,1.0,-1.0,2.0,0.0,2.0,,15.25,11.25,15.75,12.25,PASS_BOUNDARY,
INNER_SIDE,LEFT,5,1.5,,,1.0,-1.0,2.0,1.0,2.0,,15.25,10.25,15.75,12.25,PASS_BOUNDARY,
INNER_SIDE,LEFT,5,1.5,,,1.0,-1.0,2.0,2.0,2.0,,15.25,9.25,15.75,12.25,PASS_BOUNDARY,
INNER_SIDE,LEFT,5,1.5,,,1.0,0.0,0.0,0.0,1.0,,15.25,14.25,15.75,13.25,PASS_BOUNDARY,
INNER_SIDE,LEFT,5,1.5,,,1.0,0.0,0.0,1.0,1.0,,15.25,13.25,15.75,13.25,PASS_BOUNDARY,
INNER_SIDE,LEFT,5,1.5,,,1.0,0.0,0.0,2.0,1.0,,15.25,12.25,15.75,13.25,PASS_BOUNDARY,
INNER_SIDE,LEFT,5,1.5,,,1.0,0.0,1.0,0.0,1.0,,15.25,13.25,15.75,13.25,PASS_BOUNDARY,
INNER_SIDE,LEFT,5,1.5,,,1.0,0.0,1.0,1.0,1.0,,15.25,12.25,15.75,13.25,PASS_BOUNDARY,
INNER_SIDE,LEFT,5,1.5,,,1.0,0.0,1.0,2.0,1.0,,15.25,11.25,15.75,13.25,PASS_BOUNDARY,
INNER_SIDE,LEFT,5,1.5,,,1.0,0.0,2.0,0.0,1.0,,15.25,12.25,15.75,13.25,PASS_BOUNDARY,
INNER_SIDE,LEFT,5,1.5,,,1.0,0.0,2.0,1.0,1.0,,15.25,11.25,15.75,13.25,PASS_BOUNDARY,
INNER_SIDE,LEFT,5,1.5,,,1.0,0.0,2.0,2.0,1.0,,15.25,10.25,15.75,13.25,PASS_BOUNDARY,
INNER_SIDE,LEFT,5,1.5,,,1.0,1.0,0.0,0.0,0.0,,15.25,15.25,15.75,14.25,PASS_BOUNDARY,
INNER_SIDE,LEFT,5,1.5,,,1.0,1.0,0.0,1.0,0.0,,15.25,14.25,15.75,14.25,PASS_BOUNDARY,
INNER_SIDE,LEFT,5,1.5,,,1.0,1.0,0.0,2.0,0.0,,15.25,13.25,15.75,14.25,PASS_BOUNDARY,
INNER_SIDE,LEFT,5,1.5,,,1.0,1.0,1.0,0.0,0.0,,15.25,14.25,15.75,14.25,PASS_BOUNDARY,
INNER_SIDE,LEFT,5,1.5,,,1.0,1.0,1.0,1.0,0.0,,15.25,13.25,15.75,14.25,PASS_BOUNDARY,
INNER_SIDE,LEFT,5,1.5,,,1.0,1.0,1.0,2.0,0.0,,15.25,12.25,15.75,14.25,PASS_BOUNDARY,
INNER_SIDE,LEFT,5,1.5,,,1.0,1.0,2.0,0.0,0.0,,15.25,13.25,15.75,14.25,PASS_BOUNDARY,
INNER_SIDE,LEFT,5,1.5,,,1.0,1.0,2.0,1.0,0.0,,15.25,12.25,15.75,14.25,PASS_BOUNDARY,
INNER_SIDE,LEFT,5,1.5,,,1.0,1.0,2.0,2.0,0.0,,15.25,11.25,15.75,14.25,PASS_BOUNDARY,
INNER_SIDE,LEFT,6,0.0,,,-1.0,-1.0,0.0,0.0,0.0,,14.25,14.25,14.75,14.75,PASS_BOUNDARY,
INNER_SIDE,LEFT,6,0.0,,,-1.0,-1.0,0.0,1.0,0.0,,14.25,13.25,14.75,14.75,PASS_BOUNDARY,
INNER_SIDE,LEFT,6,0.0,,,-1.0,-1.0,0.0,2.0,0.0,,14.25,12.25,14.75,14.75,PASS_BOUNDARY,
INNER_SIDE,LEFT,6,0.0,,,-1.0,-1.0,1.0,0.0,0.0,,14.25,13.25,14.75,14.75,PASS_BOUNDARY,
INNER_SIDE,LEFT,6,0.0,,,-1.0,-1.0,1.0,1.0,0.0,,14.25,12.25,14.75,14.75,PASS_BOUNDARY,
INNER_SIDE,LEFT,6,0.0,,,-1.0,-1.0,1.0,2.0,0.0,,14.25,11.25,14.75,14.75,PASS_BOUNDARY,
INNER_SIDE,LEFT,6,0.0,,,-1.0,-1.0,2.0,0.0,0.0,,14.25,12.25,14.75,14.75,PASS_BOUNDARY,
INNER_SIDE,LEFT,6,0.0,,,-1.0,-1.0,2.0,1.0,0.0,,14.25,11.25,14.75,14.75,PASS_BOUNDARY,
INNER_SIDE,LEFT,6,0.0,,,-1.0,-1.0,2.0,2.0,0.0,,14.25,10.25,14.75,14.75,PASS_BOUNDARY,
INNER_SIDE,LEFT,6,0.0,,,-1.0,0.0,0.0,0.0,1.0,,14.25,13.25,14.75,13.75,PASS_BOUNDARY,
INNER_SIDE,LEFT,6,0.0,,,-1.0,0.0,0.0,1.0,1.0,,14.25,12.25,14.75,13.75,PASS_BOUNDARY,
INNER_SIDE,LEFT,6,0.0,,,-1.0,0.0,0.0,2.0,1.0,,14.25,11.25,14.75,13.75,PASS_BOUNDARY,
INNER_SIDE,LEFT,6,0.0,,,-1.0,0.0,1.0,0.0,1.0,,14.25,12.25,14.75,13.75,PASS_BOUNDARY,
INNER_SIDE,LEFT,6,0.0,,,-1.0,0.0,1.0,1.0,1.0,,14.25,11.25,14.75,13.75,PASS_BOUNDARY,
INNER_SIDE,LEFT,6,0.0,,,-1.0,0.0,1.0,2.0,1.0,,14.25,10.25,14.75,13.75,PASS_BOUNDARY,
INNER_SIDE,LEFT,6,0.0,,,-1.0,0.0,2.0,0.0,1.0,,14.25,11.25,14.75,13.75,PASS_BOUNDARY,
INNER_SIDE,LEFT,6,0.0,,,-1.0,0.0,2.0,1.0,1.0,,14.25,10.25,14.75,13.75,PASS_BOUNDARY,
INNER_SIDE,LEFT,6,0.0,,,-1.0,0.0,2.0,2.0,1.0,,14.25,9.25,14.75,13.75,PASS_BOUNDARY,
INNER_SIDE,LEFT,6,0.0,,,-1.0,1.0,0.0,0.0,2.0,,14.25,12.25,14.75,12.75,PASS_BOUNDARY,
INNER_SIDE,LEFT,6,0.0,,,-1.0,1.0,0.0,1.0,2.0,,14.25,11.25,14.75,12.75,PASS_BOUNDARY,
INNER_SIDE,LEFT,6,0.0,,,-1.0,1.0,0.0,2.0,2.0,,14.25,10.25,14.75,12.75,PASS_BOUNDARY,
INNER_SIDE,LEFT,6,0.0,,,-1.0,1.0,1.0,0.0,2.0,,14.25,11.25,14.75,12.75,PASS_BOUNDARY,
INNER_SIDE,LEFT,6,0.0,,,-1.0,1.0,1.0,1.0,2.0,,14.25,10.25,14.75,12.75,PASS_BOUNDARY,
INNER_SIDE,LEFT,6,0.0,,,-1.0,1.0,1.0,2.0,2.0,,14.25,9.25,14.75,12.75,PASS_BOUNDARY,
INNER_SIDE,LEFT,6,0.0,,,-1.0,1.0,2.0,0.0,2.0,,14.25,10.25,14.75,12.75,PASS_BOUNDARY,
INNER_SIDE,LEFT,6,0.0,,,-1.0,1.0,2.0,1.0,2.0,,14.25,9.25,14.75,12.75,PASS_BOUNDARY,
INNER_SIDE,LEFT,6,0.0,,,-1.0,1.0,2.0,2.0,2.0,,14.25,8.25,14.75,12.75,PASS_BOUNDARY,
INNER_SIDE,LEFT,6,0.0,,,0.0,-1.0,0.0,0.0,1.0,,14.25,13.25,14.75,13.75,PASS_BOUNDARY,
INNER_SIDE,LEFT,6,0.0,,,0.0,-1.0,0.0,1.0,1.0,,14.25,12.25,14.75,13.75,PASS_BOUNDARY,
INNER_SIDE,LEFT,6,0.0,,,0.0,-1.0,0.0,2.0,1.0,,14.25,11.25,14.75,13.75,PASS_BOUNDARY,
INNER_SIDE,LEFT,6,0.0,,,0.0,-1.0,1.0,0.0,1.0,,14.25,12.25,14.75,13.75,PASS_BOUNDARY,
INNER_SIDE,LEFT,6,0.0,,,0.0,-1.0,1.0,1.0,1.0,,14.25,11.25,14.75,13.75,PASS_BOUNDARY,
INNER_SIDE,LEFT,6,0.0,,,0.0,-1.0,1.0,2.0,1.0,,14.25,10.25,14.75,13.75,PASS_BOUNDARY,
INNER_SIDE,LEFT,6,0.0,,,0.0,-1.0,2.0,0.0,1.0,,14.25,11.25,14.75,13.75,PASS_BOUNDARY,
INNER_SIDE,LEFT,6,0.0,,,0.0,-1.0,2.0,1.0,1.0,,14.25,10.25,14.75,13.75,PASS_BOUNDARY,
INNER_SIDE,LEFT,6,0.0,,,0.0,-1.0,2.0,2.0,1.0,,14.25,9.25,14.75,13.75,PASS_BOUNDARY,
INNER_SIDE,LEFT,6,0.0,,,0.0,0.0,0.0,0.0,0.0,,14.25,14.25,14.75,14.75,PASS_BOUNDARY,
INNER_SIDE,LEFT,6,0.0,,,0.0,0.0,0.0,1.0,0.0,,14.25,13.25,14.75,14.75,PASS_BOUNDARY,
INNER_SIDE,LEFT,6,0.0,,,0.0,0.0,0.0,2.0,0.0,,14.25,12.25,14.75,14.75,PASS_BOUNDARY,
INNER_SIDE,LEFT,6,0.0,,,0.0,0.0,1.0,0.0,0.0,,14.25,13.25,14.75,14.75,PASS_BOUNDARY,
INNER_SIDE,LEFT,6,0.0,,,0.0,0.0,1.0,1.0,0.0,,14.25,12.25,14.75,14.75,PASS_BOUNDARY,
INNER_SIDE,LEFT,6,0.0,,,0.0,0.0,1.0,2.0,0.0,,14.25,11.25,14.75,14.75,PASS_BOUNDARY,
INNER_SIDE,LEFT,6,0.0,,,0.0,0.0,2.0,0.0,0.0,,14.25,12.25,14.75,14.75,PASS_BOUNDARY,
INNER_SIDE,LEFT,6,0.0,,,0.0,0.0,2.0,1.0,0.0,,14.25,11.25,14.75,14.75,PASS_BOUNDARY,
INNER_SIDE,LEFT,6,0.0,,,0.0,0.0,2.0,2.0,0.0,,14.25,10.25,14.75,14.75,PASS_BOUNDARY,
INNER_SIDE,LEFT,6,0.0,,,0.0,1.0,0.0,0.0,1.0,,14.25,13.25,14.75,13.75,PASS_BOUNDARY,
INNER_SIDE,LEFT,6,0.0,,,0.0,1.0,0.0,1.0,1.0,,14.25,12.25,14.75,13.75,PASS_BOUNDARY,
INNER_SIDE,LEFT,6,0.0,,,0.0,1.0,0.0,2.0,1.0,,14.25,11.25,14.75,13.75,PASS_BOUNDARY,
INNER_SIDE,LEFT,6,0.0,,,0.0,1.0,1.0,0.0,1.0,,14.25,12.25,14.75,13.75,PASS_BOUNDARY,
INNER_SIDE,LEFT,6,0.0,,,0.0,1.0,1.0,1.0,1.0,,14.25,11.25,14.75,13.75,PASS_BOUNDARY,
INNER_SIDE,LEFT,6,0.0,,,0.0,1.0,1.0,2.0,1.0,,14.25,10.25,14.75,13.75,PASS_BOUNDARY,
INNER_SIDE,LEFT,6,0.0,,,0.0,1.0,2.0,0.0,1.0,,14.25,11.25,14.75,13.75,PASS_BOUNDARY,
INNER_SIDE,LEFT,6,0.0,,,0.0,1.0,2.0,1.0,1.0,,14.25,10.25,14.75,13.75,PASS_BOUNDARY,
INNER_SIDE,LEFT,6,0.0,,,0.0,1.0,2.0,2.0,1.0,,14.25,9.25,14.75,13.75,PASS_BOUNDARY,
INNER_SIDE,LEFT,6,0.0,,,1.0,-1.0,0.0,0.0,2.0,,14.25,12.25,14.75,12.75,PASS_BOUNDARY,
INNER_SIDE,LEFT,6,0.0,,,1.0,-1.0,0.0,1.0,2.0,,14.25,11.25,14.75,12.75,PASS_BOUNDARY,
INNER_SIDE,LEFT,6,0.0,,,1.0,-1.0,0.0,2.0,2.0,,14.25,10.25,14.75,12.75,PASS_BOUNDARY,
INNER_SIDE,LEFT,6,0.0,,,1.0,-1.0,1.0,0.0,2.0,,14.25,11.25,14.75,12.75,PASS_BOUNDARY,
INNER_SIDE,LEFT,6,0.0,,,1.0,-1.0,1.0,1.0,2.0,,14.25,10.25,14.75,12.75,PASS_BOUNDARY,
INNER_SIDE,LEFT,6,0.0,,,1.0,-1.0,1.0,2.0,2.0,,14.25,9.25,14.75,12.75,PASS_BOUNDARY,
INNER_SIDE,LEFT,6,0.0,,,1.0,-1.0,2.0,0.0,2.0,,14.25,10.25,14.75,12.75,PASS_BOUNDARY,
INNER_SIDE,LEFT,6,0.0,,,1.0,-1.0,2.0,1.0,2.0,,14.25,9.25,14.75,12.75,PASS_BOUNDARY,
INNER_SIDE,LEFT,6,0.0,,,1.0,-1.0,2.0,2.0,2.0,,14.25,8.25,14.75,12.75,PASS_BOUNDARY,
INNER_SIDE,LEFT,6,0.0,,,1.0,0.0,0.0,0.0,1.0,,14.25,13.25,14.75,13.75,PASS_BOUNDARY,
INNER_SIDE,LEFT,6,0.0,,,1.0,0.0,0.0,1.0,1.0,,14.25,12.25,14.75,13.75,PASS_BOUNDARY,
INNER_SIDE,LEFT,6,0.0,,,1.0,0.0,0.0,2.0,1.0,,14.25,11.25,14.75,13.75,PASS_BOUNDARY,
INNER_SIDE,LEFT,6,0.0,,,1.0,0.0,1.0,0.0,1.0,,14.25,12.25,14.75,13.75,PASS_BOUNDARY,
INNER_SIDE,LEFT,6,0.0,,,1.0,0.0,1.0,1.0,1.0,,14.25,11.25,14.75,13.75,PASS_BOUNDARY,
INNER_SIDE,LEFT,6,0.0,,,1.0,0.0,1.0,2.0,1.0,,14.25,10.25,14.75,13.75,PASS_BOUNDARY,
INNER_SIDE,LEFT,6,0.0,,,1.0,0.0,2.0,0.0,1.0,,14.25,11.25,14.75,13.75,PASS_BOUNDARY,
INNER_SIDE,LEFT,6,0.0,,,1.0,0.0,2.0,1.0,1.0,,14.25,10.25,14.75,13.75,PASS_BOUNDARY,
INNER_SIDE,LEFT,6,0.0,,,1.0,0.0,2.0,2.0,1.0,,14.25,9.25,14.75,13.75,PASS_BOUNDARY,
INNER_SIDE,LEFT,6,0.0,,,1.0,1.0,0.0,0.0,0.0,,14.25,14.25,14.75,14.75,PASS_BOUNDARY,
INNER_SIDE,LEFT,6,0.0,,,1.0,1.0,0.0,1.0,0.0,,14.25,13.25,14.75,14.75,PASS_BOUNDARY,
INNER_SIDE,LEFT,6,0.0,,,1.0,1.0,0.0,2.0,0.0,,14.25,12.25,14.75,14.75,PASS_BOUNDARY,
INNER_SIDE,LEFT,6,0.0,,,1.0,1.0,1.0,0.0,0.0,,14.25,13.25,14.75,14.75,PASS_BOUNDARY,
INNER_SIDE,LEFT,6,0.0,,,1.0,1.0,1.0,1.0,0.0,,14.25,12.25,14.75,14.75,PASS_BOUNDARY,
INNER_SIDE,LEFT,6,0.0,,,1.0,1.0,1.0,2.0,0.0,,14.25,11.25,14.75,14.75,PASS_BOUNDARY,
INNER_SIDE,LEFT,6,0.0,,,1.0,1.0,2.0,0.0,0.0,,14.25,12.25,14.75,14.75,PASS_BOUNDARY,
INNER_SIDE,LEFT,6,0.0,,,1.0,1.0,2.0,1.0,0.0,,14.25,11.25,14.75,14.75,PASS_BOUNDARY,
INNER_SIDE,LEFT,6,0.0,,,1.0,1.0,2.0,2.0,0.0,,14.25,10.25,14.75,14.75,PASS_BOUNDARY,
INNER_SIDE,LEFT,6,0.5,,,-1.0,-1.0,0.0,0.0,0.0,,14.25,14.25,14.75,14.25,PASS_BOUNDARY,
INNER_SIDE,LEFT,6,0.5,,,-1.0,-1.0,0.0,1.0,0.0,,14.25,13.25,14.75,14.25,PASS_BOUNDARY,
INNER_SIDE,LEFT,6,0.5,,,-1.0,-1.0,0.0,2.0,0.0,,14.25,12.25,14.75,14.25,PASS_BOUNDARY,
INNER_SIDE,LEFT,6,0.5,,,-1.0,-1.0,1.0,0.0,0.0,,14.25,13.25,14.75,14.25,PASS_BOUNDARY,
INNER_SIDE,LEFT,6,0.5,,,-1.0,-1.0,1.0,1.0,0.0,,14.25,12.25,14.75,14.25,PASS_BOUNDARY,
INNER_SIDE,LEFT,6,0.5,,,-1.0,-1.0,1.0,2.0,0.0,,14.25,11.25,14.75,14.25,PASS_BOUNDARY,
INNER_SIDE,LEFT,6,0.5,,,-1.0,-1.0,2.0,0.0,0.0,,14.25,12.25,14.75,14.25,PASS_BOUNDARY,
INNER_SIDE,LEFT,6,0.5,,,-1.0,-1.0,2.0,1.0,0.0,,14.25,11.25,14.75,14.25,PASS_BOUNDARY,
INNER_SIDE,LEFT,6,0.5,,,-1.0,-1.0,2.0,2.0,0.0,,14.25,10.25,14.75,14.25,PASS_BOUNDARY,
INNER_SIDE,LEFT,6,0.5,,,-1.0,0.0,0.0,0.0,1.0,,14.25,13.25,14.75,13.25,PASS_BOUNDARY,
INNER_SIDE,LEFT,6,0.5,,,-1.0,0.0,0.0,1.0,1.0,,14.25,12.25,14.75,13.25,PASS_BOUNDARY,
INNER_SIDE,LEFT,6,0.5,,,-1.0,0.0,0.0,2.0,1.0,,14.25,11.25,14.75,13.25,PASS_BOUNDARY,
INNER_SIDE,LEFT,6,0.5,,,-1.0,0.0,1.0,0.0,1.0,,14.25,12.25,14.75,13.25,PASS_BOUNDARY,
INNER_SIDE,LEFT,6,0.5,,,-1.0,0.0,1.0,1.0,1.0,,14.25,11.25,14.75,13.25,PASS_BOUNDARY,
INNER_SIDE,LEFT,6,0.5,,,-1.0,0.0,1.0,2.0,1.0,,14.25,10.25,14.75,13.25,PASS_BOUNDARY,
INNER_SIDE,LEFT,6,0.5,,,-1.0,0.0,2.0,0.0,1.0,,14.25,11.25,14.75,13.25,PASS_BOUNDARY,
INNER_SIDE,LEFT,6,0.5,,,-1.0,0.0,2.0,1.0,1.0,,14.25,10.25,14.75,13.25,PASS_BOUNDARY,
INNER_SIDE,LEFT,6,0.5,,,-1.0,0.0,2.0,2.0,1.0,,14.25,9.25,14.75,13.25,PASS_BOUNDARY,
INNER_SIDE,LEFT,6,0.5,,,-1.0,1.0,0.0,0.0,2.0,,14.25,12.25,14.75,12.25,PASS_BOUNDARY,
INNER_SIDE,LEFT,6,0.5,,,-1.0,1.0,0.0,1.0,2.0,,14.25,11.25,14.75,12.25,PASS_BOUNDARY,
INNER_SIDE,LEFT,6,0.5,,,-1.0,1.0,0.0,2.0,2.0,,14.25,10.25,14.75,12.25,PASS_BOUNDARY,
INNER_SIDE,LEFT,6,0.5,,,-1.0,1.0,1.0,0.0,2.0,,14.25,11.25,14.75,12.25,PASS_BOUNDARY,
INNER_SIDE,LEFT,6,0.5,,,-1.0,1.0,1.0,1.0,2.0,,14.25,10.25,14.75,12.25,PASS_BOUNDARY,
INNER_SIDE,LEFT,6,0.5,,,-1.0,1.0,1.0,2.0,2.0,,14.25,9.25,14.75,12.25,PASS_BOUNDARY,
INNER_SIDE,LEFT,6,0.5,,,-1.0,1.0,2.0,0.0,2.0,,14.25,10.25,14.75,12.25,PASS_BOUNDARY,
INNER_SIDE,LEFT,6,0.5,,,-1.0,1.0,2.0,1.0,2.0,,14.25,9.25,14.75,12.25,PASS_BOUNDARY,
INNER_SIDE,LEFT,6,0.5,,,-1.0,1.0,2.0,2.0,2.0,,14.25,8.25,14.75,12.25,PASS_BOUNDARY,
INNER_SIDE,LEFT,6,0.5,,,0.0,-1.0,0.0,0.0,1.0,,14.25,13.25,14.75,13.25,PASS_BOUNDARY,
INNER_SIDE,LEFT,6,0.5,,,0.0,-1.0,0.0,1.0,1.0,,14.25,12.25,14.75,13.25,PASS_BOUNDARY,
INNER_SIDE,LEFT,6,0.5,,,0.0,-1.0,0.0,2.0,1.0,,14.25,11.25,14.75,13.25,PASS_BOUNDARY,
INNER_SIDE,LEFT,6,0.5,,,0.0,-1.0,1.0,0.0,1.0,,14.25,12.25,14.75,13.25,PASS_BOUNDARY,
INNER_SIDE,LEFT,6,0.5,,,0.0,-1.0,1.0,1.0,1.0,,14.25,11.25,14.75,13.25,PASS_BOUNDARY,
INNER_SIDE,LEFT,6,0.5,,,0.0,-1.0,1.0,2.0,1.0,,14.25,10.25,14.75,13.25,PASS_BOUNDARY,
INNER_SIDE,LEFT,6,0.5,,,0.0,-1.0,2.0,0.0,1.0,,14.25,11.25,14.75,13.25,PASS_BOUNDARY,
INNER_SIDE,LEFT,6,0.5,,,0.0,-1.0,2.0,1.0,1.0,,14.25,10.25,14.75,13.25,PASS_BOUNDARY,
INNER_SIDE,LEFT,6,0.5,,,0.0,-1.0,2.0,2.0,1.0,,14.25,9.25,14.75,13.25,PASS_BOUNDARY,
INNER_SIDE,LEFT,6,0.5,,,0.0,0.0,0.0,0.0,0.0,,14.25,14.25,14.75,14.25,PASS_BOUNDARY,
INNER_SIDE,LEFT,6,0.5,,,0.0,0.0,0.0,1.0,0.0,,14.25,13.25,14.75,14.25,PASS_BOUNDARY,
INNER_SIDE,LEFT,6,0.5,,,0.0,0.0,0.0,2.0,0.0,,14.25,12.25,14.75,14.25,PASS_BOUNDARY,
INNER_SIDE,LEFT,6,0.5,,,0.0,0.0,1.0,0.0,0.0,,14.25,13.25,14.75,14.25,PASS_BOUNDARY,
INNER_SIDE,LEFT,6,0.5,,,0.0,0.0,1.0,1.0,0.0,,14.25,12.25,14.75,14.25,PASS_BOUNDARY,
INNER_SIDE,LEFT,6,0.5,,,0.0,0.0,1.0,2.0,0.0,,14.25,11.25,14.75,14.25,PASS_BOUNDARY,
INNER_SIDE,LEFT,6,0.5,,,0.0,0.0,2.0,0.0,0.0,,14.25,12.25,14.75,14.25,PASS_BOUNDARY,
INNER_SIDE,LEFT,6,0.5,,,0.0,0.0,2.0,1.0,0.0,,14.25,11.25,14.75,14.25,PASS_BOUNDARY,
INNER_SIDE,LEFT,6,0.5,,,0.0,0.0,2.0,2.0,0.0,,14.25,10.25,14.75,14.25,PASS_BOUNDARY,
INNER_SIDE,LEFT,6,0.5,,,0.0,1.0,0.0,0.0,1.0,,14.25,13.25,14.75,13.25,PASS_BOUNDARY,
INNER_SIDE,LEFT,6,0.5,,,0.0,1.0,0.0,1.0,1.0,,14.25,12.25,14.75,13.25,PASS_BOUNDARY,
INNER_SIDE,LEFT,6,0.5,,,0.0,1.0,0.0,2.0,1.0,,14.25,11.25,14.75,13.25,PASS_BOUNDARY,
INNER_SIDE,LEFT,6,0.5,,,0.0,1.0,1.0,0.0,1.0,,14.25,12.25,14.75,13.25,PASS_BOUNDARY,
INNER_SIDE,LEFT,6,0.5,,,0.0,1.0,1.0,1.0,1.0,,14.25,11.25,14.75,13.25,PASS_BOUNDARY,
INNER_SIDE,LEFT,6,0.5,,,0.0,1.0,1.0,2.0,1.0,,14.25,10.25,14.75,13.25,PASS_BOUNDARY,
INNER_SIDE,LEFT,6,0.5,,,0.0,1.0,2.0,0.0,1.0,,14.25,11.25,14.75,13.25,PASS_BOUNDARY,
INNER_SIDE,LEFT,6,0.5,,,0.0,1.0,2.0,1.0,1.0,,14.25,10.25,14.75,13.25,PASS_BOUNDARY,
INNER_SIDE,LEFT,6,0.5,,,0.0,1.0,2.0,2.0,1.0,,14.25,9.25,14.75,13.25,PASS_BOUNDARY,
INNER_SIDE,LEFT,6,0.5,,,1.0,-1.0,0.0,0.0,2.0,,14.25,12.25,14.75,12.25,PASS_BOUNDARY,
INNER_SIDE,LEFT,6,0.5,,,1.0,-1.0,0.0,1.0,2.0,,14.25,11.25,14.75,12.25,PASS_BOUNDARY,
INNER_SIDE,LEFT,6,0.5,,,1.0,-1.0,0.0,2.0,2.0,,14.25,10.25,14.75,12.25,PASS_BOUNDARY,
INNER_SIDE,LEFT,6,0.5,,,1.0,-1.0,1.0,0.0,2.0,,14.25,11.25,14.75,12.25,PASS_BOUNDARY,
INNER_SIDE,LEFT,6,0.5,,,1.0,-1.0,1.0,1.0,2.0,,14.25,10.25,14.75,12.25,PASS_BOUNDARY,
INNER_SIDE,LEFT,6,0.5,,,1.0,-1.0,1.0,2.0,2.0,,14.25,9.25,14.75,12.25,PASS_BOUNDARY,
INNER_SIDE,LEFT,6,0.5,,,1.0,-1.0,2.0,0.0,2.0,,14.25,10.25,14.75,12.25,PASS_BOUNDARY,
INNER_SIDE,LEFT,6,0.5,,,1.0,-1.0,2.0,1.0,2.0,,14.25,9.25,14.75,12.25,PASS_BOUNDARY,
INNER_SIDE,LEFT,6,0.5,,,1.0,-1.0,2.0,2.0,2.0,,14.25,8.25,14.75,12.25,PASS_BOUNDARY,
INNER_SIDE,LEFT,6,0.5,,,1.0,0.0,0.0,0.0,1.0,,14.25,13.25,14.75,13.25,PASS_BOUNDARY,
INNER_SIDE,LEFT,6,0.5,,,1.0,0.0,0.0,1.0,1.0,,14.25,12.25,14.75,13.25,PASS_BOUNDARY,
INNER_SIDE,LEFT,6,0.5,,,1.0,0.0,0.0,2.0,1.0,,14.25,11.25,14.75,13.25,PASS_BOUNDARY,
INNER_SIDE,LEFT,6,0.5,,,1.0,0.0,1.0,0.0,1.0,,14.25,12.25,14.75,13.25,PASS_BOUNDARY,
INNER_SIDE,LEFT,6,0.5,,,1.0,0.0,1.0,1.0,1.0,,14.25,11.25,14.75,13.25,PASS_BOUNDARY,
INNER_SIDE,LEFT,6,0.5,,,1.0,0.0,1.0,2.0,1.0,,14.25,10.25,14.75,13.25,PASS_BOUNDARY,
INNER_SIDE,LEFT,6,0.5,,,1.0,0.0,2.0,0.0,1.0,,14.25,11.25,14.75,13.25,PASS_BOUNDARY,
INNER_SIDE,LEFT,6,0.5,,,1.0,0.0,2.0,1.0,1.0,,14.25,10.25,14.75,13.25,PASS_BOUNDARY,
INNER_SIDE,LEFT,6,0.5,,,1.0,0.0,2.0,2.0,1.0,,14.25,9.25,14.75,13.25,PASS_BOUNDARY,
INNER_SIDE,LEFT,6,0.5,,,1.0,1.0,0.0,0.0,0.0,,14.25,14.25,14.75,14.25,PASS_BOUNDARY,
INNER_SIDE,LEFT,6,0.5,,,1.0,1.0,0.0,1.0,0.0,,14.25,13.25,14.75,14.25,PASS_BOUNDARY,
INNER_SIDE,LEFT,6,0.5,,,1.0,1.0,0.0,2.0,0.0,,14.25,12.25,14.75,14.25,PASS_BOUNDARY,
INNER_SIDE,LEFT,6,0.5,,,1.0,1.0,1.0,0.0,0.0,,14.25,13.25,14.75,14.25,PASS_BOUNDARY,
INNER_SIDE,LEFT,6,0.5,,,1.0,1.0,1.0,1.0,0.0,,14.25,12.25,14.75,14.25,PASS_BOUNDARY,
INNER_SIDE,LEFT,6,0.5,,,1.0,1.0,1.0,2.0,0.0,,14.25,11.25,14.75,14.25,PASS_BOUNDARY,
INNER_SIDE,LEFT,6,0.5,,,1.0,1.0,2.0,0.0,0.0,,14.25,12.25,14.75,14.25,PASS_BOUNDARY,
INNER_SIDE,LEFT,6,0.5,,,1.0,1.0,2.0,1.0,0.0,,14.25,11.25,14.75,14.25,PASS_BOUNDARY,
INNER_SIDE,LEFT,6,0.5,,,1.0,1.0,2.0,2.0,0.0,,14.25,10.25,14.75,14.25,PASS_BOUNDARY,
INNER_SIDE,LEFT,6,1.0,,,-1.0,-1.0,0.0,0.0,0.0,,14.25,14.25,14.75,13.75,PASS_BOUNDARY,
INNER_SIDE,LEFT,6,1.0,,,-1.0,-1.0,0.0,1.0,0.0,,14.25,13.25,14.75,13.75,PASS_BOUNDARY,
INNER_SIDE,LEFT,6,1.0,,,-1.0,-1.0,0.0,2.0,0.0,,14.25,12.25,14.75,13.75,PASS_BOUNDARY,
INNER_SIDE,LEFT,6,1.0,,,-1.0,-1.0,1.0,0.0,0.0,,14.25,13.25,14.75,13.75,PASS_BOUNDARY,
INNER_SIDE,LEFT,6,1.0,,,-1.0,-1.0,1.0,1.0,0.0,,14.25,12.25,14.75,13.75,PASS_BOUNDARY,
INNER_SIDE,LEFT,6,1.0,,,-1.0,-1.0,1.0,2.0,0.0,,14.25,11.25,14.75,13.75,PASS_BOUNDARY,
INNER_SIDE,LEFT,6,1.0,,,-1.0,-1.0,2.0,0.0,0.0,,14.25,12.25,14.75,13.75,PASS_BOUNDARY,
INNER_SIDE,LEFT,6,1.0,,,-1.0,-1.0,2.0,1.0,0.0,,14.25,11.25,14.75,13.75,PASS_BOUNDARY,
INNER_SIDE,LEFT,6,1.0,,,-1.0,-1.0,2.0,2.0,0.0,,14.25,10.25,14.75,13.75,PASS_BOUNDARY,
INNER_SIDE,LEFT,6,1.0,,,-1.0,0.0,0.0,0.0,1.0,,14.25,13.25,14.75,12.75,PASS_BOUNDARY,
INNER_SIDE,LEFT,6,1.0,,,-1.0,0.0,0.0,1.0,1.0,,14.25,12.25,14.75,12.75,PASS_BOUNDARY,
INNER_SIDE,LEFT,6,1.0,,,-1.0,0.0,0.0,2.0,1.0,,14.25,11.25,14.75,12.75,PASS_BOUNDARY,
INNER_SIDE,LEFT,6,1.0,,,-1.0,0.0,1.0,0.0,1.0,,14.25,12.25,14.75,12.75,PASS_BOUNDARY,
INNER_SIDE,LEFT,6,1.0,,,-1.0,0.0,1.0,1.0,1.0,,14.25,11.25,14.75,12.75,PASS_BOUNDARY,
INNER_SIDE,LEFT,6,1.0,,,-1.0,0.0,1.0,2.0,1.0,,14.25,10.25,14.75,12.75,PASS_BOUNDARY,
INNER_SIDE,LEFT,6,1.0,,,-1.0,0.0,2.0,0.0,1.0,,14.25,11.25,14.75,12.75,PASS_BOUNDARY,
INNER_SIDE,LEFT,6,1.0,,,-1.0,0.0,2.0,1.0,1.0,,14.25,10.25,14.75,12.75,PASS_BOUNDARY,
INNER_SIDE,LEFT,6,1.0,,,-1.0,0.0,2.0,2.0,1.0,,14.25,9.25,14.75,12.75,PASS_BOUNDARY,
INNER_SIDE,LEFT,6,1.0,,,-1.0,1.0,0.0,0.0,2.0,,14.25,12.25,14.75,11.75,PASS_BOUNDARY,
INNER_SIDE,LEFT,6,1.0,,,-1.0,1.0,0.0,1.0,2.0,,14.25,11.25,14.75,11.75,PASS_BOUNDARY,
INNER_SIDE,LEFT,6,1.0,,,-1.0,1.0,0.0,2.0,2.0,,14.25,10.25,14.75,11.75,PASS_BOUNDARY,
INNER_SIDE,LEFT,6,1.0,,,-1.0,1.0,1.0,0.0,2.0,,14.25,11.25,14.75,11.75,PASS_BOUNDARY,
INNER_SIDE,LEFT,6,1.0,,,-1.0,1.0,1.0,1.0,2.0,,14.25,10.25,14.75,11.75,PASS_BOUNDARY,
INNER_SIDE,LEFT,6,1.0,,,-1.0,1.0,1.0,2.0,2.0,,14.25,9.25,14.75,11.75,PASS_BOUNDARY,
INNER_SIDE,LEFT,6,1.0,,,-1.0,1.0,2.0,0.0,2.0,,14.25,10.25,14.75,11.75,PASS_BOUNDARY,
INNER_SIDE,LEFT,6,1.0,,,-1.0,1.0,2.0,1.0,2.0,,14.25,9.25,14.75,11.75,PASS_BOUNDARY,
INNER_SIDE,LEFT,6,1.0,,,-1.0,1.0,2.0,2.0,2.0,,14.25,8.25,14.75,11.75,PASS_BOUNDARY,
INNER_SIDE,LEFT,6,1.0,,,0.0,-1.0,0.0,0.0,1.0,,14.25,13.25,14.75,12.75,PASS_BOUNDARY,
INNER_SIDE,LEFT,6,1.0,,,0.0,-1.0,0.0,1.0,1.0,,14.25,12.25,14.75,12.75,PASS_BOUNDARY,
INNER_SIDE,LEFT,6,1.0,,,0.0,-1.0,0.0,2.0,1.0,,14.25,11.25,14.75,12.75,PASS_BOUNDARY,
INNER_SIDE,LEFT,6,1.0,,,0.0,-1.0,1.0,0.0,1.0,,14.25,12.25,14.75,12.75,PASS_BOUNDARY,
INNER_SIDE,LEFT,6,1.0,,,0.0,-1.0,1.0,1.0,1.0,,14.25,11.25,14.75,12.75,PASS_BOUNDARY,
INNER_SIDE,LEFT,6,1.0,,,0.0,-1.0,1.0,2.0,1.0,,14.25,10.25,14.75,12.75,PASS_BOUNDARY,
INNER_SIDE,LEFT,6,1.0,,,0.0,-1.0,2.0,0.0,1.0,,14.25,11.25,14.75,12.75,PASS_BOUNDARY,
INNER_SIDE,LEFT,6,1.0,,,0.0,-1.0,2.0,1.0,1.0,,14.25,10.25,14.75,12.75,PASS_BOUNDARY,
INNER_SIDE,LEFT,6,1.0,,,0.0,-1.0,2.0,2.0,1.0,,14.25,9.25,14.75,12.75,PASS_BOUNDARY,
INNER_SIDE,LEFT,6,1.0,,,0.0,0.0,0.0,0.0,0.0,,14.25,14.25,14.75,13.75,PASS_BOUNDARY,
INNER_SIDE,LEFT,6,1.0,,,0.0,0.0,0.0,1.0,0.0,,14.25,13.25,14.75,13.75,PASS_BOUNDARY,
INNER_SIDE,LEFT,6,1.0,,,0.0,0.0,0.0,2.0,0.0,,14.25,12.25,14.75,13.75,PASS_BOUNDARY,
INNER_SIDE,LEFT,6,1.0,,,0.0,0.0,1.0,0.0,0.0,,14.25,13.25,14.75,13.75,PASS_BOUNDARY,
INNER_SIDE,LEFT,6,1.0,,,0.0,0.0,1.0,1.0,0.0,,14.25,12.25,14.75,13.75,PASS_BOUNDARY,
INNER_SIDE,LEFT,6,1.0,,,0.0,0.0,1.0,2.0,0.0,,14.25,11.25,14.75,13.75,PASS_BOUNDARY,
INNER_SIDE,LEFT,6,1.0,,,0.0,0.0,2.0,0.0,0.0,,14.25,12.25,14.75,13.75,PASS_BOUNDARY,
INNER_SIDE,LEFT,6,1.0,,,0.0,0.0,2.0,1.0,0.0,,14.25,11.25,14.75,13.75,PASS_BOUNDARY,
INNER_SIDE,LEFT,6,1.0,,,0.0,0.0,2.0,2.0,0.0,,14.25,10.25,14.75,13.75,PASS_BOUNDARY,
INNER_SIDE,LEFT,6,1.0,,,0.0,1.0,0.0,0.0,1.0,,14.25,13.25,14.75,12.75,PASS_BOUNDARY,
INNER_SIDE,LEFT,6,1.0,,,0.0,1.0,0.0,1.0,1.0,,14.25,12.25,14.75,12.75,PASS_BOUNDARY,
INNER_SIDE,LEFT,6,1.0,,,0.0,1.0,0.0,2.0,1.0,,14.25,11.25,14.75,12.75,PASS_BOUNDARY,
INNER_SIDE,LEFT,6,1.0,,,0.0,1.0,1.0,0.0,1.0,,14.25,12.25,14.75,12.75,PASS_BOUNDARY,
INNER_SIDE,LEFT,6,1.0,,,0.0,1.0,1.0,1.0,1.0,,14.25,11.25,14.75,12.75,PASS_BOUNDARY,
INNER_SIDE,LEFT,6,1.0,,,0.0,1.0,1.0,2.0,1.0,,14.25,10.25,14.75,12.75,PASS_BOUNDARY,
INNER_SIDE,LEFT,6,1.0,,,0.0,1.0,2.0,0.0,1.0,,14.25,11.25,14.75,12.75,PASS_BOUNDARY,
INNER_SIDE,LEFT,6,1.0,,,0.0,1.0,2.0,1.0,1.0,,14.25,10.25,14.75,12.75,PASS_BOUNDARY,
INNER_SIDE,LEFT,6,1.0,,,0.0,1.0,2.0,2.0,1.0,,14.25,9.25,14.75,12.75,PASS_BOUNDARY,
INNER_SIDE,LEFT,6,1.0,,,1.0,-1.0,0.0,0.0,2.0,,14.25,12.25,14.75,11.75,PASS_BOUNDARY,
INNER_SIDE,LEFT,6,1.0,,,1.0,-1.0,0.0,1.0,2.0,,14.25,11.25,14.75,11.75,PASS_BOUNDARY,
INNER_SIDE,LEFT,6,1.0,,,1.0,-1.0,0.0,2.0,2.0,,14.25,10.25,14.75,11.75,PASS_BOUNDARY,
INNER_SIDE,LEFT,6,1.0,,,1.0,-1.0,1.0,0.0,2.0,,14.25,11.25,14.75,11.75,PASS_BOUNDARY,
INNER_SIDE,LEFT,6,1.0,,,1.0,-1.0,1.0,1.0,2.0,,14.25,10.25,14.75,11.75,PASS_BOUNDARY,
INNER_SIDE,LEFT,6,1.0,,,1.0,-1.0,1.0,2.0,2.0,,14.25,9.25,14.75,11.75,PASS_BOUNDARY,
INNER_SIDE,LEFT,6,1.0,,,1.0,-1.0,2.0,0.0,2.0,,14.25,10.25,14.75,11.75,PASS_BOUNDARY,
INNER_SIDE,LEFT,6,1.0,,,1.0,-1.0,2.0,1.0,2.0,,14.25,9.25,14.75,11.75,PASS_BOUNDARY,
INNER_SIDE,LEFT,6,1.0,,,1.0,-1.0,2.0,2.0,2.0,,14.25,8.25,14.75,11.75,PASS_BOUNDARY,
INNER_SIDE,LEFT,6,1.0,,,1.0,0.0,0.0,0.0,1.0,,14.25,13.25,14.75,12.75,PASS_BOUNDARY,
INNER_SIDE,LEFT,6,1.0,,,1.0,0.0,0.0,1.0,1.0,,14.25,12.25,14.75,12.75,PASS_BOUNDARY,
INNER_SIDE,LEFT,6,1.0,,,1.0,0.0,0.0,2.0,1.0,,14.25,11.25,14.75,12.75,PASS_BOUNDARY,
INNER_SIDE,LEFT,6,1.0,,,1.0,0.0,1.0,0.0,1.0,,14.25,12.25,14.75,12.75,PASS_BOUNDARY,
INNER_SIDE,LEFT,6,1.0,,,1.0,0.0,1.0,1.0,1.0,,14.25,11.25,14.75,12.75,PASS_BOUNDARY,
INNER_SIDE,LEFT,6,1.0,,,1.0,0.0,1.0,2.0,1.0,,14.25,10.25,14.75,12.75,PASS_BOUNDARY,
INNER_SIDE,LEFT,6,1.0,,,1.0,0.0,2.0,0.0,1.0,,14.25,11.25,14.75,12.75,PASS_BOUNDARY,
INNER_SIDE,LEFT,6,1.0,,,1.0,0.0,2.0,1.0,1.0,,14.25,10.25,14.75,12.75,PASS_BOUNDARY,
INNER_SIDE,LEFT,6,1.0,,,1.0,0.0,2.0,2.0,1.0,,14.25,9.25,14.75,12.75,PASS_BOUNDARY,
INNER_SIDE,LEFT,6,1.0,,,1.0,1.0,0.0,0.0,0.0,,14.25,14.25,14.75,13.75,PASS_BOUNDARY,
INNER_SIDE,LEFT,6,1.0,,,1.0,1.0,0.0,1.0,0.0,,14.25,13.25,14.75,13.75,PASS_BOUNDARY,
INNER_SIDE,LEFT,6,1.0,,,1.0,1.0,0.0,2.0,0.0,,14.25,12.25,14.75,13.75,PASS_BOUNDARY,
INNER_SIDE,LEFT,6,1.0,,,1.0,1.0,1.0,0.0,0.0,,14.25,13.25,14.75,13.75,PASS_BOUNDARY,
INNER_SIDE,LEFT,6,1.0,,,1.0,1.0,1.0,1.0,0.0,,14.25,12.25,14.75,13.75,PASS_BOUNDARY,
INNER_SIDE,LEFT,6,1.0,,,1.0,1.0,1.0,2.0,0.0,,14.25,11.25,14.75,13.75,PASS_BOUNDARY,
INNER_SIDE,LEFT,6,1.0,,,1.0,1.0,2.0,0.0,0.0,,14.25,12.25,14.75,13.75,PASS_BOUNDARY,
INNER_SIDE,LEFT,6,1.0,,,1.0,1.0,2.0,1.0,0.0,,14.25,11.25,14.75,13.75,PASS_BOUNDARY,
INNER_SIDE,LEFT,6,1.0,,,1.0,1.0,2.0,2.0,0.0,,14.25,10.25,14.75,13.75,PASS_BOUNDARY,
INNER_SIDE,LEFT,6,1.5,,,-1.0,-1.0,0.0,0.0,0.0,,14.25,14.25,14.75,13.25,PASS_BOUNDARY,
INNER_SIDE,LEFT,6,1.5,,,-1.0,-1.0,0.0,1.0,0.0,,14.25,13.25,14.75,13.25,PASS_BOUNDARY,
INNER_SIDE,LEFT,6,1.5,,,-1.0,-1.0,0.0,2.0,0.0,,14.25,12.25,14.75,13.25,PASS_BOUNDARY,
INNER_SIDE,LEFT,6,1.5,,,-1.0,-1.0,1.0,0.0,0.0,,14.25,13.25,14.75,13.25,PASS_BOUNDARY,
INNER_SIDE,LEFT,6,1.5,,,-1.0,-1.0,1.0,1.0,0.0,,14.25,12.25,14.75,13.25,PASS_BOUNDARY,
INNER_SIDE,LEFT,6,1.5,,,-1.0,-1.0,1.0,2.0,0.0,,14.25,11.25,14.75,13.25,PASS_BOUNDARY,
INNER_SIDE,LEFT,6,1.5,,,-1.0,-1.0,2.0,0.0,0.0,,14.25,12.25,14.75,13.25,PASS_BOUNDARY,
INNER_SIDE,LEFT,6,1.5,,,-1.0,-1.0,2.0,1.0,0.0,,14.25,11.25,14.75,13.25,PASS_BOUNDARY,
INNER_SIDE,LEFT,6,1.5,,,-1.0,-1.0,2.0,2.0,0.0,,14.25,10.25,14.75,13.25,PASS_BOUNDARY,
INNER_SIDE,LEFT,6,1.5,,,-1.0,0.0,0.0,0.0,1.0,,14.25,13.25,14.75,12.25,PASS_BOUNDARY,
INNER_SIDE,LEFT,6,1.5,,,-1.0,0.0,0.0,1.0,1.0,,14.25,12.25,14.75,12.25,PASS_BOUNDARY,
INNER_SIDE,LEFT,6,1.5,,,-1.0,0.0,0.0,2.0,1.0,,14.25,11.25,14.75,12.25,PASS_BOUNDARY,
INNER_SIDE,LEFT,6,1.5,,,-1.0,0.0,1.0,0.0,1.0,,14.25,12.25,14.75,12.25,PASS_BOUNDARY,
INNER_SIDE,LEFT,6,1.5,,,-1.0,0.0,1.0,1.0,1.0,,14.25,11.25,14.75,12.25,PASS_BOUNDARY,
INNER_SIDE,LEFT,6,1.5,,,-1.0,0.0,1.0,2.0,1.0,,14.25,10.25,14.75,12.25,PASS_BOUNDARY,
INNER_SIDE,LEFT,6,1.5,,,-1.0,0.0,2.0,0.0,1.0,,14.25,11.25,14.75,12.25,PASS_BOUNDARY,
INNER_SIDE,LEFT,6,1.5,,,-1.0,0.0,2.0,1.0,1.0,,14.25,10.25,14.75,12.25,PASS_BOUNDARY,
INNER_SIDE,LEFT,6,1.5,,,-1.0,0.0,2.0,2.0,1.0,,14.25,9.25,14.75,12.25,PASS_BOUNDARY,
INNER_SIDE,LEFT,6,1.5,,,-1.0,1.0,0.0,0.0,2.0,,14.25,12.25,14.75,11.25,PASS_BOUNDARY,
INNER_SIDE,LEFT,6,1.5,,,-1.0,1.0,0.0,1.0,2.0,,14.25,11.25,14.75,11.25,PASS_BOUNDARY,
INNER_SIDE,LEFT,6,1.5,,,-1.0,1.0,0.0,2.0,2.0,,14.25,10.25,14.75,11.25,PASS_BOUNDARY,
INNER_SIDE,LEFT,6,1.5,,,-1.0,1.0,1.0,0.0,2.0,,14.25,11.25,14.75,11.25,PASS_BOUNDARY,
INNER_SIDE,LEFT,6,1.5,,,-1.0,1.0,1.0,1.0,2.0,,14.25,10.25,14.75,11.25,PASS_BOUNDARY,
INNER_SIDE,LEFT,6,1.5,,,-1.0,1.0,1.0,2.0,2.0,,14.25,9.25,14.75,11.25,PASS_BOUNDARY,
INNER_SIDE,LEFT,6,1.5,,,-1.0,1.0,2.0,0.0,2.0,,14.25,10.25,14.75,11.25,PASS_BOUNDARY,
INNER_SIDE,LEFT,6,1.5,,,-1.0,1.0,2.0,1.0,2.0,,14.25,9.25,14.75,11.25,PASS_BOUNDARY,
INNER_SIDE,LEFT,6,1.5,,,-1.0,1.0,2.0,2.0,2.0,,14.25,8.25,14.75,11.25,PASS_BOUNDARY,
INNER_SIDE,LEFT,6,1.5,,,0.0,-1.0,0.0,0.0,1.0,,14.25,13.25,14.75,12.25,PASS_BOUNDARY,
INNER_SIDE,LEFT,6,1.5,,,0.0,-1.0,0.0,1.0,1.0,,14.25,12.25,14.75,12.25,PASS_BOUNDARY,
INNER_SIDE,LEFT,6,1.5,,,0.0,-1.0,0.0,2.0,1.0,,14.25,11.25,14.75,12.25,PASS_BOUNDARY,
INNER_SIDE,LEFT,6,1.5,,,0.0,-1.0,1.0,0.0,1.0,,14.25,12.25,14.75,12.25,PASS_BOUNDARY,
INNER_SIDE,LEFT,6,1.5,,,0.0,-1.0,1.0,1.0,1.0,,14.25,11.25,14.75,12.25,PASS_BOUNDARY,
INNER_SIDE,LEFT,6,1.5,,,0.0,-1.0,1.0,2.0,1.0,,14.25,10.25,14.75,12.25,PASS_BOUNDARY,
INNER_SIDE,LEFT,6,1.5,,,0.0,-1.0,2.0,0.0,1.0,,14.25,11.25,14.75,12.25,PASS_BOUNDARY,
INNER_SIDE,LEFT,6,1.5,,,0.0,-1.0,2.0,1.0,1.0,,14.25,10.25,14.75,12.25,PASS_BOUNDARY,
INNER_SIDE,LEFT,6,1.5,,,0.0,-1.0,2.0,2.0,1.0,,14.25,9.25,14.75,12.25,PASS_BOUNDARY,
INNER_SIDE,LEFT,6,1.5,,,0.0,0.0,0.0,0.0,0.0,,14.25,14.25,14.75,13.25,PASS_BOUNDARY,
INNER_SIDE,LEFT,6,1.5,,,0.0,0.0,0.0,1.0,0.0,,14.25,13.25,14.75,13.25,PASS_BOUNDARY,
INNER_SIDE,LEFT,6,1.5,,,0.0,0.0,0.0,2.0,0.0,,14.25,12.25,14.75,13.25,PASS_BOUNDARY,
INNER_SIDE,LEFT,6,1.5,,,0.0,0.0,1.0,0.0,0.0,,14.25,13.25,14.75,13.25,PASS_BOUNDARY,
INNER_SIDE,LEFT,6,1.5,,,0.0,0.0,1.0,1.0,0.0,,14.25,12.25,14.75,13.25,PASS_BOUNDARY,
INNER_SIDE,LEFT,6,1.5,,,0.0,0.0,1.0,2.0,0.0,,14.25,11.25,14.75,13.25,PASS_BOUNDARY,
INNER_SIDE,LEFT,6,1.5,,,0.0,0.0,2.0,0.0,0.0,,14.25,12.25,14.75,13.25,PASS_BOUNDARY,
INNER_SIDE,LEFT,6,1.5,,,0.0,0.0,2.0,1.0,0.0,,14.25,11.25,14.75,13.25,PASS_BOUNDARY,
INNER_SIDE,LEFT,6,1.5,,,0.0,0.0,2.0,2.0,0.0,,14.25,10.25,14.75,13.25,PASS_BOUNDARY,
INNER_SIDE,LEFT,6,1.5,,,0.0,1.0,0.0,0.0,1.0,,14.25,13.25,14.75,12.25,PASS_BOUNDARY,
INNER_SIDE,LEFT,6,1.5,,,0.0,1.0,0.0,1.0,1.0,,14.25,12.25,14.75,12.25,PASS_BOUNDARY,
INNER_SIDE,LEFT,6,1.5,,,0.0,1.0,0.0,2.0,1.0,,14.25,11.25,14.75,12.25,PASS_BOUNDARY,
INNER_SIDE,LEFT,6,1.5,,,0.0,1.0,1.0,0.0,1.0,,14.25,12.25,14.75,12.25,PASS_BOUNDARY,
INNER_SIDE,LEFT,6,1.5,,,0.0,1.0,1.0,1.0,1.0,,14.25,11.25,14.75,12.25,PASS_BOUNDARY,
INNER_SIDE,LEFT,6,1.5,,,0.0,1.0,1.0,2.0,1.0,,14.25,10.25,14.75,12.25,PASS_BOUNDARY,
INNER_SIDE,LEFT,6,1.5,,,0.0,1.0,2.0,0.0,1.0,,14.25,11.25,14.75,12.25,PASS_BOUNDARY,
INNER_SIDE,LEFT,6,1.5,,,0.0,1.0,2.0,1.0,1.0,,14.25,10.25,14.75,12.25,PASS_BOUNDARY,
INNER_SIDE,LEFT,6,1.5,,,0.0,1.0,2.0,2.0,1.0,,14.25,9.25,14.75,12.25,PASS_BOUNDARY,
INNER_SIDE,LEFT,6,1.5,,,1.0,-1.0,0.0,0.0,2.0,,14.25,12.25,14.75,11.25,PASS_BOUNDARY,
INNER_SIDE,LEFT,6,1.5,,,1.0,-1.0,0.0,1.0,2.0,,14.25,11.25,14.75,11.25,PASS_BOUNDARY,
INNER_SIDE,LEFT,6,1.5,,,1.0,-1.0,0.0,2.0,2.0,,14.25,10.25,14.75,11.25,PASS_BOUNDARY,
INNER_SIDE,LEFT,6,1.5,,,1.0,-1.0,1.0,0.0,2.0,,14.25,11.25,14.75,11.25,PASS_BOUNDARY,
INNER_SIDE,LEFT,6,1.5,,,1.0,-1.0,1.0,1.0,2.0,,14.25,10.25,14.75,11.25,PASS_BOUNDARY,
INNER_SIDE,LEFT,6,1.5,,,1.0,-1.0,1.0,2.0,2.0,,14.25,9.25,14.75,11.25,PASS_BOUNDARY,
INNER_SIDE,LEFT,6,1.5,,,1.0,-1.0,2.0,0.0,2.0,,14.25,10.25,14.75,11.25,PASS_BOUNDARY,
INNER_SIDE,LEFT,6,1.5,,,1.0,-1.0,2.0,1.0,2.0,,14.25,9.25,14.75,11.25,PASS_BOUNDARY,
INNER_SIDE,LEFT,6,1.5,,,1.0,-1.0,2.0,2.0,2.0,,14.25,8.25,14.75,11.25,PASS_BOUNDARY,
INNER_SIDE,LEFT,6,1.5,,,1.0,0.0,0.0,0.0,1.0,,14.25,13.25,14.75,12.25,PASS_BOUNDARY,
INNER_SIDE,LEFT,6,1.5,,,1.0,0.0,0.0,1.0,1.0,,14.25,12.25,14.75,12.25,PASS_BOUNDARY,
INNER_SIDE,LEFT,6,1.5,,,1.0,0.0,0.0,2.0,1.0,,14.25,11.25,14.75,12.25,PASS_BOUNDARY,
INNER_SIDE,LEFT,6,1.5,,,1.0,0.0,1.0,0.0,1.0,,14.25,12.25,14.75,12.25,PASS_BOUNDARY,
INNER_SIDE,LEFT,6,1.5,,,1.0,0.0,1.0,1.0,1.0,,14.25,11.25,14.75,12.25,PASS_BOUNDARY,
INNER_SIDE,LEFT,6,1.5,,,1.0,0.0,1.0,2.0,1.0,,14.25,10.25,14.75,12.25,PASS_BOUNDARY,
INNER_SIDE,LEFT,6,1.5,,,1.0,0.0,2.0,0.0,1.0,,14.25,11.25,14.75,12.25,PASS_BOUNDARY,
INNER_SIDE,LEFT,6,1.5,,,1.0,0.0,2.0,1.0,1.0,,14.25,10.25,14.75,12.25,PASS_BOUNDARY,
INNER_SIDE,LEFT,6,1.5,,,1.0,0.0,2.0,2.0,1.0,,14.25,9.25,14.75,12.25,PASS_BOUNDARY,
INNER_SIDE,LEFT,6,1.5,,,1.0,1.0,0.0,0.0,0.0,,14.25,14.25,14.75,13.25,PASS_BOUNDARY,
INNER_SIDE,LEFT,6,1.5,,,1.0,1.0,0.0,1.0,0.0,,14.25,13.25,14.75,13.25,PASS_BOUNDARY,
INNER_SIDE,LEFT,6,1.5,,,1.0,1.0,0.0,2.0,0.0,,14.25,12.25,14.75,13.25,PASS_BOUNDARY,
INNER_SIDE,LEFT,6,1.5,,,1.0,1.0,1.0,0.0,0.0,,14.25,13.25,14.75,13.25,PASS_BOUNDARY,
INNER_SIDE,LEFT,6,1.5,,,1.0,1.0,1.0,1.0,0.0,,14.25,12.25,14.75,13.25,PASS_BOUNDARY,
INNER_SIDE,LEFT,6,1.5,,,1.0,1.0,1.0,2.0,0.0,,14.25,11.25,14.75,13.25,PASS_BOUNDARY,
INNER_SIDE,LEFT,6,1.5,,,1.0,1.0,2.0,0.0,0.0,,14.25,12.25,14.75,13.25,PASS_BOUNDARY,
INNER_SIDE,LEFT,6,1.5,,,1.0,1.0,2.0,1.0,0.0,,14.25,11.25,14.75,13.25,PASS_BOUNDARY,
INNER_SIDE,LEFT,6,1.5,,,1.0,1.0,2.0,2.0,0.0,,14.25,10.25,14.75,13.25,PASS_BOUNDARY,
OUTER_SIDE,LEFT,0,0.0,,,-1.0,-1.0,0.0,0.0,0.0,,20.25,20.25,20.75,20.75,PASS_BOUNDARY,
OUTER_SIDE,LEFT,0,0.0,,,-1.0,-1.0,0.0,1.0,0.0,,20.25,19.25,20.75,20.75,PASS_BOUNDARY,
OUTER_SIDE,LEFT,0,0.0,,,-1.0,-1.0,0.0,2.0,0.0,,20.25,18.25,20.75,20.75,PASS_BOUNDARY,
OUTER_SIDE,LEFT,0,0.0,,,-1.0,-1.0,1.0,0.0,0.0,,20.25,19.25,20.75,20.75,PASS_BOUNDARY,
OUTER_SIDE,LEFT,0,0.0,,,-1.0,-1.0,1.0,1.0,0.0,,20.25,18.25,20.75,20.75,PASS_BOUNDARY,
OUTER_SIDE,LEFT,0,0.0,,,-1.0,-1.0,1.0,2.0,0.0,,20.25,17.25,20.75,20.75,PASS_BOUNDARY,
OUTER_SIDE,LEFT,0,0.0,,,-1.0,-1.0,2.0,0.0,0.0,,20.25,18.25,20.75,20.75,PASS_BOUNDARY,
OUTER_SIDE,LEFT,0,0.0,,,-1.0,-1.0,2.0,1.0,0.0,,20.25,17.25,20.75,20.75,PASS_BOUNDARY,
OUTER_SIDE,LEFT,0,0.0,,,-1.0,-1.0,2.0,2.0,0.0,,20.25,16.25,20.75,20.75,PASS_BOUNDARY,
OUTER_SIDE,LEFT,0,0.0,,,-1.0,0.0,0.0,0.0,1.0,,20.25,19.25,20.75,19.75,PASS_BOUNDARY,
OUTER_SIDE,LEFT,0,0.0,,,-1.0,0.0,0.0,1.0,1.0,,20.25,18.25,20.75,19.75,PASS_BOUNDARY,
OUTER_SIDE,LEFT,0,0.0,,,-1.0,0.0,0.0,2.0,1.0,,20.25,17.25,20.75,19.75,PASS_BOUNDARY,
OUTER_SIDE,LEFT,0,0.0,,,-1.0,0.0,1.0,0.0,1.0,,20.25,18.25,20.75,19.75,PASS_BOUNDARY,
OUTER_SIDE,LEFT,0,0.0,,,-1.0,0.0,1.0,1.0,1.0,,20.25,17.25,20.75,19.75,PASS_BOUNDARY,
OUTER_SIDE,LEFT,0,0.0,,,-1.0,0.0,1.0,2.0,1.0,,20.25,16.25,20.75,19.75,PASS_BOUNDARY,
OUTER_SIDE,LEFT,0,0.0,,,-1.0,0.0,2.0,0.0,1.0,,20.25,17.25,20.75,19.75,PASS_BOUNDARY,
OUTER_SIDE,LEFT,0,0.0,,,-1.0,0.0,2.0,1.0,1.0,,20.25,16.25,20.75,19.75,PASS_BOUNDARY,
OUTER_SIDE,LEFT,0,0.0,,,-1.0,0.0,2.0,2.0,1.0,,20.25,15.25,20.75,19.75,PASS_BOUNDARY,
OUTER_SIDE,LEFT,0,0.0,,,-1.0,1.0,0.0,0.0,2.0,,20.25,18.25,20.75,18.75,PASS_BOUNDARY,
OUTER_SIDE,LEFT,0,0.0,,,-1.0,1.0,0.0,1.0,2.0,,20.25,17.25,20.75,18.75,PASS_BOUNDARY,
OUTER_SIDE,LEFT,0,0.0,,,-1.0,1.0,0.0,2.0,2.0,,20.25,16.25,20.75,18.75,PASS_BOUNDARY,
OUTER_SIDE,LEFT,0,0.0,,,-1.0,1.0,1.0,0.0,2.0,,20.25,17.25,20.75,18.75,PASS_BOUNDARY,
OUTER_SIDE,LEFT,0,0.0,,,-1.0,1.0,1.0,1.0,2.0,,20.25,16.25,20.75,18.75,PASS_BOUNDARY,
OUTER_SIDE,LEFT,0,0.0,,,-1.0,1.0,1.0,2.0,2.0,,20.25,15.25,20.75,18.75,PASS_BOUNDARY,
OUTER_SIDE,LEFT,0,0.0,,,-1.0,1.0,2.0,0.0,2.0,,20.25,16.25,20.75,18.75,PASS_BOUNDARY,
OUTER_SIDE,LEFT,0,0.0,,,-1.0,1.0,2.0,1.0,2.0,,20.25,15.25,20.75,18.75,PASS_BOUNDARY,
OUTER_SIDE,LEFT,0,0.0,,,-1.0,1.0,2.0,2.0,2.0,,20.25,14.25,20.75,18.75,PASS_BOUNDARY,
OUTER_SIDE,LEFT,0,0.0,,,0.0,-1.0,0.0,0.0,1.0,,20.25,19.25,20.75,19.75,PASS_BOUNDARY,
OUTER_SIDE,LEFT,0,0.0,,,0.0,-1.0,0.0,1.0,1.0,,20.25,18.25,20.75,19.75,PASS_BOUNDARY,
OUTER_SIDE,LEFT,0,0.0,,,0.0,-1.0,0.0,2.0,1.0,,20.25,17.25,20.75,19.75,PASS_BOUNDARY,
OUTER_SIDE,LEFT,0,0.0,,,0.0,-1.0,1.0,0.0,1.0,,20.25,18.25,20.75,19.75,PASS_BOUNDARY,
OUTER_SIDE,LEFT,0,0.0,,,0.0,-1.0,1.0,1.0,1.0,,20.25,17.25,20.75,19.75,PASS_BOUNDARY,
OUTER_SIDE,LEFT,0,0.0,,,0.0,-1.0,1.0,2.0,1.0,,20.25,16.25,20.75,19.75,PASS_BOUNDARY,
OUTER_SIDE,LEFT,0,0.0,,,0.0,-1.0,2.0,0.0,1.0,,20.25,17.25,20.75,19.75,PASS_BOUNDARY,
OUTER_SIDE,LEFT,0,0.0,,,0.0,-1.0,2.0,1.0,1.0,,20.25,16.25,20.75,19.75,PASS_BOUNDARY,
OUTER_SIDE,LEFT,0,0.0,,,0.0,-1.0,2.0,2.0,1.0,,20.25,15.25,20.75,19.75,PASS_BOUNDARY,
OUTER_SIDE,LEFT,0,0.0,,,0.0,0.0,0.0,0.0,0.0,,20.25,20.25,20.75,20.75,PASS_BOUNDARY,
OUTER_SIDE,LEFT,0,0.0,,,0.0,0.0,0.0,1.0,0.0,,20.25,19.25,20.75,20.75,PASS_BOUNDARY,
OUTER_SIDE,LEFT,0,0.0,,,0.0,0.0,0.0,2.0,0.0,,20.25,18.25,20.75,20.75,PASS_BOUNDARY,
OUTER_SIDE,LEFT,0,0.0,,,0.0,0.0,1.0,0.0,0.0,,20.25,19.25,20.75,20.75,PASS_BOUNDARY,
OUTER_SIDE,LEFT,0,0.0,,,0.0,0.0,1.0,1.0,0.0,,20.25,18.25,20.75,20.75,PASS_BOUNDARY,
OUTER_SIDE,LEFT,0,0.0,,,0.0,0.0,1.0,2.0,0.0,,20.25,17.25,20.75,20.75,PASS_BOUNDARY,
OUTER_SIDE,LEFT,0,0.0,,,0.0,0.0,2.0,0.0,0.0,,20.25,18.25,20.75,20.75,PASS_BOUNDARY,
OUTER_SIDE,LEFT,0,0.0,,,0.0,0.0,2.0,1.0,0.0,,20.25,17.25,20.75,20.75,PASS_BOUNDARY,
OUTER_SIDE,LEFT,0,0.0,,,0.0,0.0,2.0,2.0,0.0,,20.25,16.25,20.75,20.75,PASS_BOUNDARY,
OUTER_SIDE,LEFT,0,0.0,,,0.0,1.0,0.0,0.0,1.0,,20.25,19.25,20.75,19.75,PASS_BOUNDARY,
OUTER_SIDE,LEFT,0,0.0,,,0.0,1.0,0.0,1.0,1.0,,20.25,18.25,20.75,19.75,PASS_BOUNDARY,
OUTER_SIDE,LEFT,0,0.0,,,0.0,1.0,0.0,2.0,1.0,,20.25,17.25,20.75,19.75,PASS_BOUNDARY,
OUTER_SIDE,LEFT,0,0.0,,,0.0,1.0,1.0,0.0,1.0,,20.25,18.25,20.75,19.75,PASS_BOUNDARY,
OUTER_SIDE,LEFT,0,0.0,,,0.0,1.0,1.0,1.0,1.0,,20.25,17.25,20.75,19.75,PASS_BOUNDARY,
OUTER_SIDE,LEFT,0,0.0,,,0.0,1.0,1.0,2.0,1.0,,20.25,16.25,20.75,19.75,PASS_BOUNDARY,
OUTER_SIDE,LEFT,0,0.0,,,0.0,1.0,2.0,0.0,1.0,,20.25,17.25,20.75,19.75,PASS_BOUNDARY,
OUTER_SIDE,LEFT,0,0.0,,,0.0,1.0,2.0,1.0,1.0,,20.25,16.25,20.75,19.75,PASS_BOUNDARY,
OUTER_SIDE,LEFT,0,0.0,,,0.0,1.0,2.0,2.0,1.0,,20.25,15.25,20.75,19.75,PASS_BOUNDARY,
OUTER_SIDE,LEFT,0,0.0,,,1.0,-1.0,0.0,0.0,2.0,,20.25,18.25,20.75,18.75,PASS_BOUNDARY,
OUTER_SIDE,LEFT,0,0.0,,,1.0,-1.0,0.0,1.0,2.0,,20.25,17.25,20.75,18.75,PASS_BOUNDARY,
OUTER_SIDE,LEFT,0,0.0,,,1.0,-1.0,0.0,2.0,2.0,,20.25,16.25,20.75,18.75,PASS_BOUNDARY,
OUTER_SIDE,LEFT,0,0.0,,,1.0,-1.0,1.0,0.0,2.0,,20.25,17.25,20.75,18.75,PASS_BOUNDARY,
OUTER_SIDE,LEFT,0,0.0,,,1.0,-1.0,1.0,1.0,2.0,,20.25,16.25,20.75,18.75,PASS_BOUNDARY,
OUTER_SIDE,LEFT,0,0.0,,,1.0,-1.0,1.0,2.0,2.0,,20.25,15.25,20.75,18.75,PASS_BOUNDARY,
OUTER_SIDE,LEFT,0,0.0,,,1.0,-1.0,2.0,0.0,2.0,,20.25,16.25,20.75,18.75,PASS_BOUNDARY,
OUTER_SIDE,LEFT,0,0.0,,,1.0,-1.0,2.0,1.0,2.0,,20.25,15.25,20.75,18.75,PASS_BOUNDARY,
OUTER_SIDE,LEFT,0,0.0,,,1.0,-1.0,2.0,2.0,2.0,,20.25,14.25,20.75,18.75,PASS_BOUNDARY,
OUTER_SIDE,LEFT,0,0.0,,,1.0,0.0,0.0,0.0,1.0,,20.25,19.25,20.75,19.75,PASS_BOUNDARY,
OUTER_SIDE,LEFT,0,0.0,,,1.0,0.0,0.0,1.0,1.0,,20.25,18.25,20.75,19.75,PASS_BOUNDARY,
OUTER_SIDE,LEFT,0,0.0,,,1.0,0.0,0.0,2.0,1.0,,20.25,17.25,20.75,19.75,PASS_BOUNDARY,
OUTER_SIDE,LEFT,0,0.0,,,1.0,0.0,1.0,0.0,1.0,,20.25,18.25,20.75,19.75,PASS_BOUNDARY,
OUTER_SIDE,LEFT,0,0.0,,,1.0,0.0,1.0,1.0,1.0,,20.25,17.25,20.75,19.75,PASS_BOUNDARY,
OUTER_SIDE,LEFT,0,0.0,,,1.0,0.0,1.0,2.0,1.0,,20.25,16.25,20.75,19.75,PASS_BOUNDARY,
OUTER_SIDE,LEFT,0,0.0,,,1.0,0.0,2.0,0.0,1.0,,20.25,17.25,20.75,19.75,PASS_BOUNDARY,
OUTER_SIDE,LEFT,0,0.0,,,1.0,0.0,2.0,1.0,1.0,,20.25,16.25,20.75,19.75,PASS_BOUNDARY,
OUTER_SIDE,LEFT,0,0.0,,,1.0,0.0,2.0,2.0,1.0,,20.25,15.25,20.75,19.75,PASS_BOUNDARY,
OUTER_SIDE,LEFT,0,0.0,,,1.0,1.0,0.0,0.0,0.0,,20.25,20.25,20.75,20.75,PASS_BOUNDARY,
OUTER_SIDE,LEFT,0,0.0,,,1.0,1.0,0.0,1.0,0.0,,20.25,19.25,20.75,20.75,PASS_BOUNDARY,
OUTER_SIDE,LEFT,0,0.0,,,1.0,1.0,0.0,2.0,0.0,,20.25,18.25,20.75,20.75,PASS_BOUNDARY,
OUTER_SIDE,LEFT,0,0.0,,,1.0,1.0,1.0,0.0,0.0,,20.25,19.25,20.75,20.75,PASS_BOUNDARY,
OUTER_SIDE,LEFT,0,0.0,,,1.0,1.0,1.0,1.0,0.0,,20.25,18.25,20.75,20.75,PASS_BOUNDARY,
OUTER_SIDE,LEFT,0,0.0,,,1.0,1.0,1.0,2.0,0.0,,20.25,17.25,20.75,20.75,PASS_BOUNDARY,
OUTER_SIDE,LEFT,0,0.0,,,1.0,1.0,2.0,0.0,0.0,,20.25,18.25,20.75,20.75,PASS_BOUNDARY,
OUTER_SIDE,LEFT,0,0.0,,,1.0,1.0,2.0,1.0,0.0,,20.25,17.25,20.75,20.75,PASS_BOUNDARY,
OUTER_SIDE,LEFT,0,0.0,,,1.0,1.0,2.0,2.0,0.0,,20.25,16.25,20.75,20.75,PASS_BOUNDARY,
OUTER_SIDE,LEFT,0,0.5,,,-1.0,-1.0,0.0,0.0,0.0,,20.25,20.25,20.75,20.25,PASS_BOUNDARY,
OUTER_SIDE,LEFT,0,0.5,,,-1.0,-1.0,0.0,1.0,0.0,,20.25,19.25,20.75,20.25,PASS_BOUNDARY,
OUTER_SIDE,LEFT,0,0.5,,,-1.0,-1.0,0.0,2.0,0.0,,20.25,18.25,20.75,20.25,PASS_BOUNDARY,
OUTER_SIDE,LEFT,0,0.5,,,-1.0,-1.0,1.0,0.0,0.0,,20.25,19.25,20.75,20.25,PASS_BOUNDARY,
OUTER_SIDE,LEFT,0,0.5,,,-1.0,-1.0,1.0,1.0,0.0,,20.25,18.25,20.75,20.25,PASS_BOUNDARY,
OUTER_SIDE,LEFT,0,0.5,,,-1.0,-1.0,1.0,2.0,0.0,,20.25,17.25,20.75,20.25,PASS_BOUNDARY,
OUTER_SIDE,LEFT,0,0.5,,,-1.0,-1.0,2.0,0.0,0.0,,20.25,18.25,20.75,20.25,PASS_BOUNDARY,
OUTER_SIDE,LEFT,0,0.5,,,-1.0,-1.0,2.0,1.0,0.0,,20.25,17.25,20.75,20.25,PASS_BOUNDARY,
OUTER_SIDE,LEFT,0,0.5,,,-1.0,-1.0,2.0,2.0,0.0,,20.25,16.25,20.75,20.25,PASS_BOUNDARY,
OUTER_SIDE,LEFT,0,0.5,,,-1.0,0.0,0.0,0.0,1.0,,20.25,19.25,20.75,19.25,PASS_BOUNDARY,
OUTER_SIDE,LEFT,0,0.5,,,-1.0,0.0,0.0,1.0,1.0,,20.25,18.25,20.75,19.25,PASS_BOUNDARY,
OUTER_SIDE,LEFT,0,0.5,,,-1.0,0.0,0.0,2.0,1.0,,20.25,17.25,20.75,19.25,PASS_BOUNDARY,
OUTER_SIDE,LEFT,0,0.5,,,-1.0,0.0,1.0,0.0,1.0,,20.25,18.25,20.75,19.25,PASS_BOUNDARY,
OUTER_SIDE,LEFT,0,0.5,,,-1.0,0.0,1.0,1.0,1.0,,20.25,17.25,20.75,19.25,PASS_BOUNDARY,
OUTER_SIDE,LEFT,0,0.5,,,-1.0,0.0,1.0,2.0,1.0,,20.25,16.25,20.75,19.25,PASS_BOUNDARY,
OUTER_SIDE,LEFT,0,0.5,,,-1.0,0.0,2.0,0.0,1.0,,20.25,17.25,20.75,19.25,PASS_BOUNDARY,
OUTER_SIDE,LEFT,0,0.5,,,-1.0,0.0,2.0,1.0,1.0,,20.25,16.25,20.75,19.25,PASS_BOUNDARY,
OUTER_SIDE,LEFT,0,0.5,,,-1.0,0.0,2.0,2.0,1.0,,20.25,15.25,20.75,19.25,PASS_BOUNDARY,
OUTER_SIDE,LEFT,0,0.5,,,-1.0,1.0,0.0,0.0,2.0,,20.25,18.25,20.75,18.25,PASS_BOUNDARY,
OUTER_SIDE,LEFT,0,0.5,,,-1.0,1.0,0.0,1.0,2.0,,20.25,17.25,20.75,18.25,PASS_BOUNDARY,
OUTER_SIDE,LEFT,0,0.5,,,-1.0,1.0,0.0,2.0,2.0,,20.25,16.25,20.75,18.25,PASS_BOUNDARY,
OUTER_SIDE,LEFT,0,0.5,,,-1.0,1.0,1.0,0.0,2.0,,20.25,17.25,20.75,18.25,PASS_BOUNDARY,
OUTER_SIDE,LEFT,0,0.5,,,-1.0,1.0,1.0,1.0,2.0,,20.25,16.25,20.75,18.25,PASS_BOUNDARY,
OUTER_SIDE,LEFT,0,0.5,,,-1.0,1.0,1.0,2.0,2.0,,20.25,15.25,20.75,18.25,PASS_BOUNDARY,
OUTER_SIDE,LEFT,0,0.5,,,-1.0,1.0,2.0,0.0,2.0,,20.25,16.25,20.75,18.25,PASS_BOUNDARY,
OUTER_SIDE,LEFT,0,0.5,,,-1.0,1.0,2.0,1.0,2.0,,20.25,15.25,20.75,18.25,PASS_BOUNDARY,
OUTER_SIDE,LEFT,0,0.5,,,-1.0,1.0,2.0,2.0,2.0,,20.25,14.25,20.75,18.25,PASS_BOUNDARY,
OUTER_SIDE,LEFT,0,0.5,,,0.0,-1.0,0.0,0.0,1.0,,20.25,19.25,20.75,19.25,PASS_BOUNDARY,
OUTER_SIDE,LEFT,0,0.5,,,0.0,-1.0,0.0,1.0,1.0,,20.25,18.25,20.75,19.25,PASS_BOUNDARY,
OUTER_SIDE,LEFT,0,0.5,,,0.0,-1.0,0.0,2.0,1.0,,20.25,17.25,20.75,19.25,PASS_BOUNDARY,
OUTER_SIDE,LEFT,0,0.5,,,0.0,-1.0,1.0,0.0,1.0,,20.25,18.25,20.75,19.25,PASS_BOUNDARY,
OUTER_SIDE,LEFT,0,0.5,,,0.0,-1.0,1.0,1.0,1.0,,20.25,17.25,20.75,19.25,PASS_BOUNDARY,
OUTER_SIDE,LEFT,0,0.5,,,0.0,-1.0,1.0,2.0,1.0,,20.25,16.25,20.75,19.25,PASS_BOUNDARY,
OUTER_SIDE,LEFT,0,0.5,,,0.0,-1.0,2.0,0.0,1.0,,20.25,17.25,20.75,19.25,PASS_BOUNDARY,
OUTER_SIDE,LEFT,0,0.5,,,0.0,-1.0,2.0,1.0,1.0,,20.25,16.25,20.75,19.25,PASS_BOUNDARY,
OUTER_SIDE,LEFT,0,0.5,,,0.0,-1.0,2.0,2.0,1.0,,20.25,15.25,20.75,19.25,PASS_BOUNDARY,
OUTER_SIDE,LEFT,0,0.5,,,0.0,0.0,0.0,0.0,0.0,,20.25,20.25,20.75,20.25,PASS_BOUNDARY,
OUTER_SIDE,LEFT,0,0.5,,,0.0,0.0,0.0,1.0,0.0,,20.25,19.25,20.75,20.25,PASS_BOUNDARY,
OUTER_SIDE,LEFT,0,0.5,,,0.0,0.0,0.0,2.0,0.0,,20.25,18.25,20.75,20.25,PASS_BOUNDARY,
OUTER_SIDE,LEFT,0,0.5,,,0.0,0.0,1.0,0.0,0.0,,20.25,19.25,20.75,20.25,PASS_BOUNDARY,
OUTER_SIDE,LEFT,0,0.5,,,0.0,0.0,1.0,1.0,0.0,,20.25,18.25,20.75,20.25,PASS_BOUNDARY,
OUTER_SIDE,LEFT,0,0.5,,,0.0,0.0,1.0,2.0,0.0,,20.25,17.25,20.75,20.25,PASS_BOUNDARY,
OUTER_SIDE,LEFT,0,0.5,,,0.0,0.0,2.0,0.0,0.0,,20.25,18.25,20.75,20.25,PASS_BOUNDARY,
OUTER_SIDE,LEFT,0,0.5,,,0.0,0.0,2.0,1.0,0.0,,20.25,17.25,20.75,20.25,PASS_BOUNDARY,
OUTER_SIDE,LEFT,0,0.5,,,0.0,0.0,2.0,2.0,0.0,,20.25,16.25,20.75,20.25,PASS_BOUNDARY,
OUTER_SIDE,LEFT,0,0.5,,,0.0,1.0,0.0,0.0,1.0,,20.25,19.25,20.75,19.25,PASS_BOUNDARY,
OUTER_SIDE,LEFT,0,0.5,,,0.0,1.0,0.0,1.0,1.0,,20.25,18.25,20.75,19.25,PASS_BOUNDARY,
OUTER_SIDE,LEFT,0,0.5,,,0.0,1.0,0.0,2.0,1.0,,20.25,17.25,20.75,19.25,PASS_BOUNDARY,
OUTER_SIDE,LEFT,0,0.5,,,0.0,1.0,1.0,0.0,1.0,,20.25,18.25,20.75,19.25,PASS_BOUNDARY,
OUTER_SIDE,LEFT,0,0.5,,,0.0,1.0,1.0,1.0,1.0,,20.25,17.25,20.75,19.25,PASS_BOUNDARY,
OUTER_SIDE,LEFT,0,0.5,,,0.0,1.0,1.0,2.0,1.0,,20.25,16.25,20.75,19.25,PASS_BOUNDARY,
OUTER_SIDE,LEFT,0,0.5,,,0.0,1.0,2.0,0.0,1.0,,20.25,17.25,20.75,19.25,PASS_BOUNDARY,
OUTER_SIDE,LEFT,0,0.5,,,0.0,1.0,2.0,1.0,1.0,,20.25,16.25,20.75,19.25,PASS_BOUNDARY,
OUTER_SIDE,LEFT,0,0.5,,,0.0,1.0,2.0,2.0,1.0,,20.25,15.25,20.75,19.25,PASS_BOUNDARY,
OUTER_SIDE,LEFT,0,0.5,,,1.0,-1.0,0.0,0.0,2.0,,20.25,18.25,20.75,18.25,PASS_BOUNDARY,
OUTER_SIDE,LEFT,0,0.5,,,1.0,-1.0,0.0,1.0,2.0,,20.25,17.25,20.75,18.25,PASS_BOUNDARY,
OUTER_SIDE,LEFT,0,0.5,,,1.0,-1.0,0.0,2.0,2.0,,20.25,16.25,20.75,18.25,PASS_BOUNDARY,
OUTER_SIDE,LEFT,0,0.5,,,1.0,-1.0,1.0,0.0,2.0,,20.25,17.25,20.75,18.25,PASS_BOUNDARY,
OUTER_SIDE,LEFT,0,0.5,,,1.0,-1.0,1.0,1.0,2.0,,20.25,16.25,20.75,18.25,PASS_BOUNDARY,
OUTER_SIDE,LEFT,0,0.5,,,1.0,-1.0,1.0,2.0,2.0,,20.25,15.25,20.75,18.25,PASS_BOUNDARY,
OUTER_SIDE,LEFT,0,0.5,,,1.0,-1.0,2.0,0.0,2.0,,20.25,16.25,20.75,18.25,PASS_BOUNDARY,
OUTER_SIDE,LEFT,0,0.5,,,1.0,-1.0,2.0,1.0,2.0,,20.25,15.25,20.75,18.25,PASS_BOUNDARY,
OUTER_SIDE,LEFT,0,0.5,,,1.0,-1.0,2.0,2.0,2.0,,20.25,14.25,20.75,18.25,PASS_BOUNDARY,
OUTER_SIDE,LEFT,0,0.5,,,1.0,0.0,0.0,0.0,1.0,,20.25,19.25,20.75,19.25,PASS_BOUNDARY,
OUTER_SIDE,LEFT,0,0.5,,,1.0,0.0,0.0,1.0,1.0,,20.25,18.25,20.75,19.25,PASS_BOUNDARY,
OUTER_SIDE,LEFT,0,0.5,,,1.0,0.0,0.0,2.0,1.0,,20.25,17.25,20.75,19.25,PASS_BOUNDARY,
OUTER_SIDE,LEFT,0,0.5,,,1.0,0.0,1.0,0.0,1.0,,20.25,18.25,20.75,19.25,PASS_BOUNDARY,
OUTER_SIDE,LEFT,0,0.5,,,1.0,0.0,1.0,1.0,1.0,,20.25,17.25,20.75,19.25,PASS_BOUNDARY,
OUTER_SIDE,LEFT,0,0.5,,,1.0,0.0,1.0,2.0,1.0,,20.25,16.25,20.75,19.25,PASS_BOUNDARY,
OUTER_SIDE,LEFT,0,0.5,,,1.0,0.0,2.0,0.0,1.0,,20.25,17.25,20.75,19.25,PASS_BOUNDARY,
OUTER_SIDE,LEFT,0,0.5,,,1.0,0.0,2.0,1.0,1.0,,20.25,16.25,20.75,19.25,PASS_BOUNDARY,
OUTER_SIDE,LEFT,0,0.5,,,1.0,0.0,2.0,2.0,1.0,,20.25,15.25,20.75,19.25,PASS_BOUNDARY,
OUTER_SIDE,LEFT,0,0.5,,,1.0,1.0,0.0,0.0,0.0,,20.25,20.25,20.75,20.25,PASS_BOUNDARY,
OUTER_SIDE,LEFT,0,0.5,,,1.0,1.0,0.0,1.0,0.0,,20.25,19.25,20.75,20.25,PASS_BOUNDARY,
OUTER_SIDE,LEFT,0,0.5,,,1.0,1.0,0.0,2.0,0.0,,20.25,18.25,20.75,20.25,PASS_BOUNDARY,
OUTER_SIDE,LEFT,0,0.5,,,1.0,1.0,1.0,0.0,0.0,,20.25,19.25,20.75,20.25,PASS_BOUNDARY,
OUTER_SIDE,LEFT,0,0.5,,,1.0,1.0,1.0,1.0,0.0,,20.25,18.25,20.75,20.25,PASS_BOUNDARY,
OUTER_SIDE,LEFT,0,0.5,,,1.0,1.0,1.0,2.0,0.0,,20.25,17.25,20.75,20.25,PASS_BOUNDARY,
OUTER_SIDE,LEFT,0,0.5,,,1.0,1.0,2.0,0.0,0.0,,20.25,18.25,20.75,20.25,PASS_BOUNDARY,
OUTER_SIDE,LEFT,0,0.5,,,1.0,1.0,2.0,1.0,0.0,,20.25,17.25,20.75,20.25,PASS_BOUNDARY,
OUTER_SIDE,LEFT,0,0.5,,,1.0,1.0,2.0,2.0,0.0,,20.25,16.25,20.75,20.25,PASS_BOUNDARY,
OUTER_SIDE,LEFT,0,1.0,,,-1.0,-1.0,0.0,0.0,0.0,,20.25,20.25,20.75,19.75,PASS_BOUNDARY,
OUTER_SIDE,LEFT,0,1.0,,,-1.0,-1.0,0.0,1.0,0.0,,20.25,19.25,20.75,19.75,PASS_BOUNDARY,
OUTER_SIDE,LEFT,0,1.0,,,-1.0,-1.0,0.0,2.0,0.0,,20.25,18.25,20.75,19.75,PASS_BOUNDARY,
OUTER_SIDE,LEFT,0,1.0,,,-1.0,-1.0,1.0,0.0,0.0,,20.25,19.25,20.75,19.75,PASS_BOUNDARY,
OUTER_SIDE,LEFT,0,1.0,,,-1.0,-1.0,1.0,1.0,0.0,,20.25,18.25,20.75,19.75,PASS_BOUNDARY,
OUTER_SIDE,LEFT,0,1.0,,,-1.0,-1.0,1.0,2.0,0.0,,20.25,17.25,20.75,19.75,PASS_BOUNDARY,
OUTER_SIDE,LEFT,0,1.0,,,-1.0,-1.0,2.0,0.0,0.0,,20.25,18.25,20.75,19.75,PASS_BOUNDARY,
OUTER_SIDE,LEFT,0,1.0,,,-1.0,-1.0,2.0,1.0,0.0,,20.25,17.25,20.75,19.75,PASS_BOUNDARY,
OUTER_SIDE,LEFT,0,1.0,,,-1.0,-1.0,2.0,2.0,0.0,,20.25,16.25,20.75,19.75,PASS_BOUNDARY,
OUTER_SIDE,LEFT,0,1.0,,,-1.0,0.0,0.0,0.0,1.0,,20.25,19.25,20.75,18.75,PASS_BOUNDARY,
OUTER_SIDE,LEFT,0,1.0,,,-1.0,0.0,0.0,1.0,1.0,,20.25,18.25,20.75,18.75,PASS_BOUNDARY,
OUTER_SIDE,LEFT,0,1.0,,,-1.0,0.0,0.0,2.0,1.0,,20.25,17.25,20.75,18.75,PASS_BOUNDARY,
OUTER_SIDE,LEFT,0,1.0,,,-1.0,0.0,1.0,0.0,1.0,,20.25,18.25,20.75,18.75,PASS_BOUNDARY,
OUTER_SIDE,LEFT,0,1.0,,,-1.0,0.0,1.0,1.0,1.0,,20.25,17.25,20.75,18.75,PASS_BOUNDARY,
OUTER_SIDE,LEFT,0,1.0,,,-1.0,0.0,1.0,2.0,1.0,,20.25,16.25,20.75,18.75,PASS_BOUNDARY,
OUTER_SIDE,LEFT,0,1.0,,,-1.0,0.0,2.0,0.0,1.0,,20.25,17.25,20.75,18.75,PASS_BOUNDARY,
OUTER_SIDE,LEFT,0,1.0,,,-1.0,0.0,2.0,1.0,1.0,,20.25,16.25,20.75,18.75,PASS_BOUNDARY,
OUTER_SIDE,LEFT,0,1.0,,,-1.0,0.0,2.0,2.0,1.0,,20.25,15.25,20.75,18.75,PASS_BOUNDARY,
OUTER_SIDE,LEFT,0,1.0,,,-1.0,1.0,0.0,0.0,2.0,,20.25,18.25,20.75,17.75,PASS_BOUNDARY,
OUTER_SIDE,LEFT,0,1.0,,,-1.0,1.0,0.0,1.0,2.0,,20.25,17.25,20.75,17.75,PASS_BOUNDARY,
OUTER_SIDE,LEFT,0,1.0,,,-1.0,1.0,0.0,2.0,2.0,,20.25,16.25,20.75,17.75,PASS_BOUNDARY,
OUTER_SIDE,LEFT,0,1.0,,,-1.0,1.0,1.0,0.0,2.0,,20.25,17.25,20.75,17.75,PASS_BOUNDARY,
OUTER_SIDE,LEFT,0,1.0,,,-1.0,1.0,1.0,1.0,2.0,,20.25,16.25,20.75,17.75,PASS_BOUNDARY,
OUTER_SIDE,LEFT,0,1.0,,,-1.0,1.0,1.0,2.0,2.0,,20.25,15.25,20.75,17.75,PASS_BOUNDARY,
OUTER_SIDE,LEFT,0,1.0,,,-1.0,1.0,2.0,0.0,2.0,,20.25,16.25,20.75,17.75,PASS_BOUNDARY,
OUTER_SIDE,LEFT,0,1.0,,,-1.0,1.0,2.0,1.0,2.0,,20.25,15.25,20.75,17.75,PASS_BOUNDARY,
OUTER_SIDE,LEFT,0,1.0,,,-1.0,1.0,2.0,2.0,2.0,,20.25,14.25,20.75,17.75,PASS_BOUNDARY,
OUTER_SIDE,LEFT,0,1.0,,,0.0,-1.0,0.0,0.0,1.0,,20.25,19.25,20.75,18.75,PASS_BOUNDARY,
OUTER_SIDE,LEFT,0,1.0,,,0.0,-1.0,0.0,1.0,1.0,,20.25,18.25,20.75,18.75,PASS_BOUNDARY,
OUTER_SIDE,LEFT,0,1.0,,,0.0,-1.0,0.0,2.0,1.0,,20.25,17.25,20.75,18.75,PASS_BOUNDARY,
OUTER_SIDE,LEFT,0,1.0,,,0.0,-1.0,1.0,0.0,1.0,,20.25,18.25,20.75,18.75,PASS_BOUNDARY,
OUTER_SIDE,LEFT,0,1.0,,,0.0,-1.0,1.0,1.0,1.0,,20.25,17.25,20.75,18.75,PASS_BOUNDARY,
OUTER_SIDE,LEFT,0,1.0,,,0.0,-1.0,1.0,2.0,1.0,,20.25,16.25,20.75,18.75,PASS_BOUNDARY,
OUTER_SIDE,LEFT,0,1.0,,,0.0,-1.0,2.0,0.0,1.0,,20.25,17.25,20.75,18.75,PASS_BOUNDARY,
OUTER_SIDE,LEFT,0,1.0,,,0.0,-1.0,2.0,1.0,1.0,,20.25,16.25,20.75,18.75,PASS_BOUNDARY,
OUTER_SIDE,LEFT,0,1.0,,,0.0,-1.0,2.0,2.0,1.0,,20.25,15.25,20.75,18.75,PASS_BOUNDARY,
OUTER_SIDE,LEFT,0,1.0,,,0.0,0.0,0.0,0.0,0.0,,20.25,20.25,20.75,19.75,PASS_BOUNDARY,
OUTER_SIDE,LEFT,0,1.0,,,0.0,0.0,0.0,1.0,0.0,,20.25,19.25,20.75,19.75,PASS_BOUNDARY,
OUTER_SIDE,LEFT,0,1.0,,,0.0,0.0,0.0,2.0,0.0,,20.25,18.25,20.75,19.75,PASS_BOUNDARY,
OUTER_SIDE,LEFT,0,1.0,,,0.0,0.0,1.0,0.0,0.0,,20.25,19.25,20.75,19.75,PASS_BOUNDARY,
OUTER_SIDE,LEFT,0,1.0,,,0.0,0.0,1.0,1.0,0.0,,20.25,18.25,20.75,19.75,PASS_BOUNDARY,
OUTER_SIDE,LEFT,0,1.0,,,0.0,0.0,1.0,2.0,0.0,,20.25,17.25,20.75,19.75,PASS_BOUNDARY,
OUTER_SIDE,LEFT,0,1.0,,,0.0,0.0,2.0,0.0,0.0,,20.25,18.25,20.75,19.75,PASS_BOUNDARY,
OUTER_SIDE,LEFT,0,1.0,,,0.0,0.0,2.0,1.0,0.0,,20.25,17.25,20.75,19.75,PASS_BOUNDARY,
OUTER_SIDE,LEFT,0,1.0,,,0.0,0.0,2.0,2.0,0.0,,20.25,16.25,20.75,19.75,PASS_BOUNDARY,
OUTER_SIDE,LEFT,0,1.0,,,0.0,1.0,0.0,0.0,1.0,,20.25,19.25,20.75,18.75,PASS_BOUNDARY,
OUTER_SIDE,LEFT,0,1.0,,,0.0,1.0,0.0,1.0,1.0,,20.25,18.25,20.75,18.75,PASS_BOUNDARY,
OUTER_SIDE,LEFT,0,1.0,,,0.0,1.0,0.0,2.0,1.0,,20.25,17.25,20.75,18.75,PASS_BOUNDARY,
OUTER_SIDE,LEFT,0,1.0,,,0.0,1.0,1.0,0.0,1.0,,20.25,18.25,20.75,18.75,PASS_BOUNDARY,
OUTER_SIDE,LEFT,0,1.0,,,0.0,1.0,1.0,1.0,1.0,,20.25,17.25,20.75,18.75,PASS_BOUNDARY,
OUTER_SIDE,LEFT,0,1.0,,,0.0,1.0,1.0,2.0,1.0,,20.25,16.25,20.75,18.75,PASS_BOUNDARY,
OUTER_SIDE,LEFT,0,1.0,,,0.0,1.0,2.0,0.0,1.0,,20.25,17.25,20.75,18.75,PASS_BOUNDARY,
OUTER_SIDE,LEFT,0,1.0,,,0.0,1.0,2.0,1.0,1.0,,20.25,16.25,20.75,18.75,PASS_BOUNDARY,
OUTER_SIDE,LEFT,0,1.0,,,0.0,1.0,2.0,2.0,1.0,,20.25,15.25,20.75,18.75,PASS_BOUNDARY,
OUTER_SIDE,LEFT,0,1.0,,,1.0,-1.0,0.0,0.0,2.0,,20.25,18.25,20.75,17.75,PASS_BOUNDARY,
OUTER_SIDE,LEFT,0,1.0,,,1.0,-1.0,0.0,1.0,2.0,,20.25,17.25,20.75,17.75,PASS_BOUNDARY,
OUTER_SIDE,LEFT,0,1.0,,,1.0,-1.0,0.0,2.0,2.0,,20.25,16.25,20.75,17.75,PASS_BOUNDARY,
OUTER_SIDE,LEFT,0,1.0,,,1.0,-1.0,1.0,0.0,2.0,,20.25,17.25,20.75,17.75,PASS_BOUNDARY,
OUTER_SIDE,LEFT,0,1.0,,,1.0,-1.0,1.0,1.0,2.0,,20.25,16.25,20.75,17.75,PASS_BOUNDARY,
OUTER_SIDE,LEFT,0,1.0,,,1.0,-1.0,1.0,2.0,2.0,,20.25,15.25,20.75,17.75,PASS_BOUNDARY,
OUTER_SIDE,LEFT,0,1.0,,,1.0,-1.0,2.0,0.0,2.0,,20.25,16.25,20.75,17.75,PASS_BOUNDARY,
OUTER_SIDE,LEFT,0,1.0,,,1.0,-1.0,2.0,1.0,2.0,,20.25,15.25,20.75,17.75,PASS_BOUNDARY,
OUTER_SIDE,LEFT,0,1.0,,,1.0,-1.0,2.0,2.0,2.0,,20.25,14.25,20.75,17.75,PASS_BOUNDARY,
OUTER_SIDE,LEFT,0,1.0,,,1.0,0.0,0.0,0.0,1.0,,20.25,19.25,20.75,18.75,PASS_BOUNDARY,
OUTER_SIDE,LEFT,0,1.0,,,1.0,0.0,0.0,1.0,1.0,,20.25,18.25,20.75,18.75,PASS_BOUNDARY,
OUTER_SIDE,LEFT,0,1.0,,,1.0,0.0,0.0,2.0,1.0,,20.25,17.25,20.75,18.75,PASS_BOUNDARY,
OUTER_SIDE,LEFT,0,1.0,,,1.0,0.0,1.0,0.0,1.0,,20.25,18.25,20.75,18.75,PASS_BOUNDARY,
OUTER_SIDE,LEFT,0,1.0,,,1.0,0.0,1.0,1.0,1.0,,20.25,17.25,20.75,18.75,PASS_BOUNDARY,
OUTER_SIDE,LEFT,0,1.0,,,1.0,0.0,1.0,2.0,1.0,,20.25,16.25,20.75,18.75,PASS_BOUNDARY,
OUTER_SIDE,LEFT,0,1.0,,,1.0,0.0,2.0,0.0,1.0,,20.25,17.25,20.75,18.75,PASS_BOUNDARY,
OUTER_SIDE,LEFT,0,1.0,,,1.0,0.0,2.0,1.0,1.0,,20.25,16.25,20.75,18.75,PASS_BOUNDARY,
OUTER_SIDE,LEFT,0,1.0,,,1.0,0.0,2.0,2.0,1.0,,20.25,15.25,20.75,18.75,PASS_BOUNDARY,
OUTER_SIDE,LEFT,0,1.0,,,1.0,1.0,0.0,0.0,0.0,,20.25,20.25,20.75,19.75,PASS_BOUNDARY,
OUTER_SIDE,LEFT,0,1.0,,,1.0,1.0,0.0,1.0,0.0,,20.25,19.25,20.75,19.75,PASS_BOUNDARY,
OUTER_SIDE,LEFT,0,1.0,,,1.0,1.0,0.0,2.0,0.0,,20.25,18.25,20.75,19.75,PASS_BOUNDARY,
OUTER_SIDE,LEFT,0,1.0,,,1.0,1.0,1.0,0.0,0.0,,20.25,19.25,20.75,19.75,PASS_BOUNDARY,
OUTER_SIDE,LEFT,0,1.0,,,1.0,1.0,1.0,1.0,0.0,,20.25,18.25,20.75,19.75,PASS_BOUNDARY,
OUTER_SIDE,LEFT,0,1.0,,,1.0,1.0,1.0,2.0,0.0,,20.25,17.25,20.75,19.75,PASS_BOUNDARY,
OUTER_SIDE,LEFT,0,1.0,,,1.0,1.0,2.0,0.0,0.0,,20.25,18.25,20.75,19.75,PASS_BOUNDARY,
OUTER_SIDE,LEFT,0,1.0,,,1.0,1.0,2.0,1.0,0.0,,20.25,17.25,20.75,19.75,PASS_BOUNDARY,
OUTER_SIDE,LEFT,0,1.0,,,1.0,1.0,2.0,2.0,0.0,,20.25,16.25,20.75,19.75,PASS_BOUNDARY,
OUTER_SIDE,LEFT,0,1.5,,,-1.0,-1.0,0.0,0.0,0.0,,20.25,20.25,20.75,19.25,PASS_BOUNDARY,
OUTER_SIDE,LEFT,0,1.5,,,-1.0,-1.0,0.0,1.0,0.0,,20.25,19.25,20.75,19.25,PASS_BOUNDARY,
OUTER_SIDE,LEFT,0,1.5,,,-1.0,-1.0,0.0,2.0,0.0,,20.25,18.25,20.75,19.25,PASS_BOUNDARY,
OUTER_SIDE,LEFT,0,1.5,,,-1.0,-1.0,1.0,0.0,0.0,,20.25,19.25,20.75,19.25,PASS_BOUNDARY,
OUTER_SIDE,LEFT,0,1.5,,,-1.0,-1.0,1.0,1.0,0.0,,20.25,18.25,20.75,19.25,PASS_BOUNDARY,
OUTER_SIDE,LEFT,0,1.5,,,-1.0,-1.0,1.0,2.0,0.0,,20.25,17.25,20.75,19.25,PASS_BOUNDARY,
OUTER_SIDE,LEFT,0,1.5,,,-1.0,-1.0,2.0,0.0,0.0,,20.25,18.25,20.75,19.25,PASS_BOUNDARY,
OUTER_SIDE,LEFT,0,1.5,,,-1.0,-1.0,2.0,1.0,0.0,,20.25,17.25,20.75,19.25,PASS_BOUNDARY,
OUTER_SIDE,LEFT,0,1.5,,,-1.0,-1.0,2.0,2.0,0.0,,20.25,16.25,20.75,19.25,PASS_BOUNDARY,
OUTER_SIDE,LEFT,0,1.5,,,-1.0,0.0,0.0,0.0,1.0,,20.25,19.25,20.75,18.25,PASS_BOUNDARY,
OUTER_SIDE,LEFT,0,1.5,,,-1.0,0.0,0.0,1.0,1.0,,20.25,18.25,20.75,18.25,PASS_BOUNDARY,
OUTER_SIDE,LEFT,0,1.5,,,-1.0,0.0,0.0,2.0,1.0,,20.25,17.25,20.75,18.25,PASS_BOUNDARY,
OUTER_SIDE,LEFT,0,1.5,,,-1.0,0.0,1.0,0.0,1.0,,20.25,18.25,20.75,18.25,PASS_BOUNDARY,
OUTER_SIDE,LEFT,0,1.5,,,-1.0,0.0,1.0,1.0,1.0,,20.25,17.25,20.75,18.25,PASS_BOUNDARY,
OUTER_SIDE,LEFT,0,1.5,,,-1.0,0.0,1.0,2.0,1.0,,20.25,16.25,20.75,18.25,PASS_BOUNDARY,
OUTER_SIDE,LEFT,0,1.5,,,-1.0,0.0,2.0,0.0,1.0,,20.25,17.25,20.75,18.25,PASS_BOUNDARY,
OUTER_SIDE,LEFT,0,1.5,,,-1.0,0.0,2.0,1.0,1.0,,20.25,16.25,20.75,18.25,PASS_BOUNDARY,
OUTER_SIDE,LEFT,0,1.5,,,-1.0,0.0,2.0,2.0,1.0,,20.25,15.25,20.75,18.25,PASS_BOUNDARY,
OUTER_SIDE,LEFT,0,1.5,,,-1.0,1.0,0.0,0.0,2.0,,20.25,18.25,20.75,17.25,PASS_BOUNDARY,
OUTER_SIDE,LEFT,0,1.5,,,-1.0,1.0,0.0,1.0,2.0,,20.25,17.25,20.75,17.25,PASS_BOUNDARY,
OUTER_SIDE,LEFT,0,1.5,,,-1.0,1.0,0.0,2.0,2.0,,20.25,16.25,20.75,17.25,PASS_BOUNDARY,
OUTER_SIDE,LEFT,0,1.5,,,-1.0,1.0,1.0,0.0,2.0,,20.25,17.25,20.75,17.25,PASS_BOUNDARY,
OUTER_SIDE,LEFT,0,1.5,,,-1.0,1.0,1.0,1.0,2.0,,20.25,16.25,20.75,17.25,PASS_BOUNDARY,
OUTER_SIDE,LEFT,0,1.5,,,-1.0,1.0,1.0,2.0,2.0,,20.25,15.25,20.75,17.25,PASS_BOUNDARY,
OUTER_SIDE,LEFT,0,1.5,,,-1.0,1.0,2.0,0.0,2.0,,20.25,16.25,20.75,17.25,PASS_BOUNDARY,
OUTER_SIDE,LEFT,0,1.5,,,-1.0,1.0,2.0,1.0,2.0,,20.25,15.25,20.75,17.25,PASS_BOUNDARY,
OUTER_SIDE,LEFT,0,1.5,,,-1.0,1.0,2.0,2.0,2.0,,20.25,14.25,20.75,17.25,PASS_BOUNDARY,
OUTER_SIDE,LEFT,0,1.5,,,0.0,-1.0,0.0,0.0,1.0,,20.25,19.25,20.75,18.25,PASS_BOUNDARY,
OUTER_SIDE,LEFT,0,1.5,,,0.0,-1.0,0.0,1.0,1.0,,20.25,18.25,20.75,18.25,PASS_BOUNDARY,
OUTER_SIDE,LEFT,0,1.5,,,0.0,-1.0,0.0,2.0,1.0,,20.25,17.25,20.75,18.25,PASS_BOUNDARY,
OUTER_SIDE,LEFT,0,1.5,,,0.0,-1.0,1.0,0.0,1.0,,20.25,18.25,20.75,18.25,PASS_BOUNDARY,
OUTER_SIDE,LEFT,0,1.5,,,0.0,-1.0,1.0,1.0,1.0,,20.25,17.25,20.75,18.25,PASS_BOUNDARY,
OUTER_SIDE,LEFT,0,1.5,,,0.0,-1.0,1.0,2.0,1.0,,20.25,16.25,20.75,18.25,PASS_BOUNDARY,
OUTER_SIDE,LEFT,0,1.5,,,0.0,-1.0,2.0,0.0,1.0,,20.25,17.25,20.75,18.25,PASS_BOUNDARY,
OUTER_SIDE,LEFT,0,1.5,,,0.0,-1.0,2.0,1.0,1.0,,20.25,16.25,20.75,18.25,PASS_BOUNDARY,
OUTER_SIDE,LEFT,0,1.5,,,0.0,-1.0,2.0,2.0,1.0,,20.25,15.25,20.75,18.25,PASS_BOUNDARY,
OUTER_SIDE,LEFT,0,1.5,,,0.0,0.0,0.0,0.0,0.0,,20.25,20.25,20.75,19.25,PASS_BOUNDARY,
OUTER_SIDE,LEFT,0,1.5,,,0.0,0.0,0.0,1.0,0.0,,20.25,19.25,20.75,19.25,PASS_BOUNDARY,
OUTER_SIDE,LEFT,0,1.5,,,0.0,0.0,0.0,2.0,0.0,,20.25,18.25,20.75,19.25,PASS_BOUNDARY,
OUTER_SIDE,LEFT,0,1.5,,,0.0,0.0,1.0,0.0,0.0,,20.25,19.25,20.75,19.25,PASS_BOUNDARY,
OUTER_SIDE,LEFT,0,1.5,,,0.0,0.0,1.0,1.0,0.0,,20.25,18.25,20.75,19.25,PASS_BOUNDARY,
OUTER_SIDE,LEFT,0,1.5,,,0.0,0.0,1.0,2.0,0.0,,20.25,17.25,20.75,19.25,PASS_BOUNDARY,
OUTER_SIDE,LEFT,0,1.5,,,0.0,0.0,2.0,0.0,0.0,,20.25,18.25,20.75,19.25,PASS_BOUNDARY,
OUTER_SIDE,LEFT,0,1.5,,,0.0,0.0,2.0,1.0,0.0,,20.25,17.25,20.75,19.25,PASS_BOUNDARY,
OUTER_SIDE,LEFT,0,1.5,,,0.0,0.0,2.0,2.0,0.0,,20.25,16.25,20.75,19.25,PASS_BOUNDARY,
OUTER_SIDE,LEFT,0,1.5,,,0.0,1.0,0.0,0.0,1.0,,20.25,19.25,20.75,18.25,PASS_BOUNDARY,
OUTER_SIDE,LEFT,0,1.5,,,0.0,1.0,0.0,1.0,1.0,,20.25,18.25,20.75,18.25,PASS_BOUNDARY,
OUTER_SIDE,LEFT,0,1.5,,,0.0,1.0,0.0,2.0,1.0,,20.25,17.25,20.75,18.25,PASS_BOUNDARY,
OUTER_SIDE,LEFT,0,1.5,,,0.0,1.0,1.0,0.0,1.0,,20.25,18.25,20.75,18.25,PASS_BOUNDARY,
OUTER_SIDE,LEFT,0,1.5,,,0.0,1.0,1.0,1.0,1.0,,20.25,17.25,20.75,18.25,PASS_BOUNDARY,
OUTER_SIDE,LEFT,0,1.5,,,0.0,1.0,1.0,2.0,1.0,,20.25,16.25,20.75,18.25,PASS_BOUNDARY,
OUTER_SIDE,LEFT,0,1.5,,,0.0,1.0,2.0,0.0,1.0,,20.25,17.25,20.75,18.25,PASS_BOUNDARY,
OUTER_SIDE,LEFT,0,1.5,,,0.0,1.0,2.0,1.0,1.0,,20.25,16.25,20.75,18.25,PASS_BOUNDARY,
OUTER_SIDE,LEFT,0,1.5,,,0.0,1.0,2.0,2.0,1.0,,20.25,15.25,20.75,18.25,PASS_BOUNDARY,
OUTER_SIDE,LEFT,0,1.5,,,1.0,-1.0,0.0,0.0,2.0,,20.25,18.25,20.75,17.25,PASS_BOUNDARY,
OUTER_SIDE,LEFT,0,1.5,,,1.0,-1.0,0.0,1.0,2.0,,20.25,17.25,20.75,17.25,PASS_BOUNDARY,
OUTER_SIDE,LEFT,0,1.5,,,1.0,-1.0,0.0,2.0,2.0,,20.25,16.25,20.75,17.25,PASS_BOUNDARY,
OUTER_SIDE,LEFT,0,1.5,,,1.0,-1.0,1.0,0.0,2.0,,20.25,17.25,20.75,17.25,PASS_BOUNDARY,
OUTER_SIDE,LEFT,0,1.5,,,1.0,-1.0,1.0,1.0,2.0,,20.25,16.25,20.75,17.25,PASS_BOUNDARY,
OUTER_SIDE,LEFT,0,1.5,,,1.0,-1.0,1.0,2.0,2.0,,20.25,15.25,20.75,17.25,PASS_BOUNDARY,
OUTER_SIDE,LEFT,0,1.5,,,1.0,-1.0,2.0,0.0,2.0,,20.25,16.25,20.75,17.25,PASS_BOUNDARY,
OUTER_SIDE,LEFT,0,1.5,,,1.0,-1.0,2.0,1.0,2.0,,20.25,15.25,20.75,17.25,PASS_BOUNDARY,
OUTER_SIDE,LEFT,0,1.5,,,1.0,-1.0,2.0,2.0,2.0,,20.25,14.25,20.75,17.25,PASS_BOUNDARY,
OUTER_SIDE,LEFT,0,1.5,,,1.0,0.0,0.0,0.0,1.0,,20.25,19.25,20.75,18.25,PASS_BOUNDARY,
OUTER_SIDE,LEFT,0,1.5,,,1.0,0.0,0.0,1.0,1.0,,20.25,18.25,20.75,18.25,PASS_BOUNDARY,
OUTER_SIDE,LEFT,0,1.5,,,1.0,0.0,0.0,2.0,1.0,,20.25,17.25,20.75,18.25,PASS_BOUNDARY,
OUTER_SIDE,LEFT,0,1.5,,,1.0,0.0,1.0,0.0,1.0,,20.25,18.25,20.75,18.25,PASS_BOUNDARY,
OUTER_SIDE,LEFT,0,1.5,,,1.0,0.0,1.0,1.0,1.0,,20.25,17.25,20.75,18.25,PASS_BOUNDARY,
OUTER_SIDE,LEFT,0,1.5,,,1.0,0.0,1.0,2.0,1.0,,20.25,16.25,20.75,18.25,PASS_BOUNDARY,
OUTER_SIDE,LEFT,0,1.5,,,1.0,0.0,2.0,0.0,1.0,,20.25,17.25,20.75,18.25,PASS_BOUNDARY,
OUTER_SIDE,LEFT,0,1.5,,,1.0,0.0,2.0,1.0,1.0,,20.25,16.25,20.75,18.25,PASS_BOUNDARY,
OUTER_SIDE,LEFT,0,1.5,,,1.0,0.0,2.0,2.0,1.0,,20.25,15.25,20.75,18.25,PASS_BOUNDARY,
OUTER_SIDE,LEFT,0,1.5,,,1.0,1.0,0.0,0.0,0.0,,20.25,20.25,20.75,19.25,PASS_BOUNDARY,
OUTER_SIDE,LEFT,0,1.5,,,1.0,1.0,0.0,1.0,0.0,,20.25,19.25,20.75,19.25,PASS_BOUNDARY,
OUTER_SIDE,LEFT,0,1.5,,,1.0,1.0,0.0,2.0,0.0,,20.25,18.25,20.75,19.25,PASS_BOUNDARY,
OUTER_SIDE,LEFT,0,1.5,,,1.0,1.0,1.0,0.0,0.0,,20.25,19.25,20.75,19.25,PASS_BOUNDARY,
OUTER_SIDE,LEFT,0,1.5,,,1.0,1.0,1.0,1.0,0.0,,20.25,18.25,20.75,19.25,PASS_BOUNDARY,
OUTER_SIDE,LEFT,0,1.5,,,1.0,1.0,1.0,2.0,0.0,,20.25,17.25,20.75,19.25,PASS_BOUNDARY,
OUTER_SIDE,LEFT,0,1.5,,,1.0,1.0,2.0,0.0,0.0,,20.25,18.25,20.75,19.25,PASS_BOUNDARY,
OUTER_SIDE,LEFT,0,1.5,,,1.0,1.0,2.0,1.0,0.0,,20.25,17.25,20.75,19.25,PASS_BOUNDARY,
OUTER_SIDE,LEFT,0,1.5,,,1.0,1.0,2.0,2.0,0.0,,20.25,16.25,20.75,19.25,PASS_BOUNDARY,
OUTER_SIDE,LEFT,1,0.0,,,-1.0,-1.0,0.0,0.0,0.0,,19.25,19.25,19.75,19.75,PASS_BOUNDARY,
OUTER_SIDE,LEFT,1,0.0,,,-1.0,-1.0,0.0,1.0,0.0,,19.25,18.25,19.75,19.75,PASS_BOUNDARY,
OUTER_SIDE,LEFT,1,0.0,,,-1.0,-1.0,0.0,2.0,0.0,,19.25,17.25,19.75,19.75,PASS_BOUNDARY,
OUTER_SIDE,LEFT,1,0.0,,,-1.0,-1.0,1.0,0.0,0.0,,19.25,18.25,19.75,19.75,PASS_BOUNDARY,
OUTER_SIDE,LEFT,1,0.0,,,-1.0,-1.0,1.0,1.0,0.0,,19.25,17.25,19.75,19.75,PASS_BOUNDARY,
OUTER_SIDE,LEFT,1,0.0,,,-1.0,-1.0,1.0,2.0,0.0,,19.25,16.25,19.75,19.75,PASS_BOUNDARY,
OUTER_SIDE,LEFT,1,0.0,,,-1.0,-1.0,2.0,0.0,0.0,,19.25,17.25,19.75,19.75,PASS_BOUNDARY,
OUTER_SIDE,LEFT,1,0.0,,,-1.0,-1.0,2.0,1.0,0.0,,19.25,16.25,19.75,19.75,PASS_BOUNDARY,
OUTER_SIDE,LEFT,1,0.0,,,-1.0,-1.0,2.0,2.0,0.0,,19.25,15.25,19.75,19.75,PASS_BOUNDARY,
OUTER_SIDE,LEFT,1,0.0,,,-1.0,0.0,0.0,0.0,1.0,,19.25,18.25,19.75,18.75,PASS_BOUNDARY,
OUTER_SIDE,LEFT,1,0.0,,,-1.0,0.0,0.0,1.0,1.0,,19.25,17.25,19.75,18.75,PASS_BOUNDARY,
OUTER_SIDE,LEFT,1,0.0,,,-1.0,0.0,0.0,2.0,1.0,,19.25,16.25,19.75,18.75,PASS_BOUNDARY,
OUTER_SIDE,LEFT,1,0.0,,,-1.0,0.0,1.0,0.0,1.0,,19.25,17.25,19.75,18.75,PASS_BOUNDARY,
OUTER_SIDE,LEFT,1,0.0,,,-1.0,0.0,1.0,1.0,1.0,,19.25,16.25,19.75,18.75,PASS_BOUNDARY,
OUTER_SIDE,LEFT,1,0.0,,,-1.0,0.0,1.0,2.0,1.0,,19.25,15.25,19.75,18.75,PASS_BOUNDARY,
OUTER_SIDE,LEFT,1,0.0,,,-1.0,0.0,2.0,0.0,1.0,,19.25,16.25,19.75,18.75,PASS_BOUNDARY,
OUTER_SIDE,LEFT,1,0.0,,,-1.0,0.0,2.0,1.0,1.0,,19.25,15.25,19.75,18.75,PASS_BOUNDARY,
OUTER_SIDE,LEFT,1,0.0,,,-1.0,0.0,2.0,2.0,1.0,,19.25,14.25,19.75,18.75,PASS_BOUNDARY,
OUTER_SIDE,LEFT,1,0.0,,,-1.0,1.0,0.0,0.0,2.0,,19.25,17.25,19.75,17.75,PASS_BOUNDARY,
OUTER_SIDE,LEFT,1,0.0,,,-1.0,1.0,0.0,1.0,2.0,,19.25,16.25,19.75,17.75,PASS_BOUNDARY,
OUTER_SIDE,LEFT,1,0.0,,,-1.0,1.0,0.0,2.0,2.0,,19.25,15.25,19.75,17.75,PASS_BOUNDARY,
OUTER_SIDE,LEFT,1,0.0,,,-1.0,1.0,1.0,0.0,2.0,,19.25,16.25,19.75,17.75,PASS_BOUNDARY,
OUTER_SIDE,LEFT,1,0.0,,,-1.0,1.0,1.0,1.0,2.0,,19.25,15.25,19.75,17.75,PASS_BOUNDARY,
OUTER_SIDE,LEFT,1,0.0,,,-1.0,1.0,1.0,2.0,2.0,,19.25,14.25,19.75,17.75,PASS_BOUNDARY,
OUTER_SIDE,LEFT,1,0.0,,,-1.0,1.0,2.0,0.0,2.0,,19.25,15.25,19.75,17.75,PASS_BOUNDARY,
OUTER_SIDE,LEFT,1,0.0,,,-1.0,1.0,2.0,1.0,2.0,,19.25,14.25,19.75,17.75,PASS_BOUNDARY,
OUTER_SIDE,LEFT,1,0.0,,,-1.0,1.0,2.0,2.0,2.0,,19.25,13.25,19.75,17.75,PASS_BOUNDARY,
OUTER_SIDE,LEFT,1,0.0,,,0.0,-1.0,0.0,0.0,1.0,,19.25,18.25,19.75,18.75,PASS_BOUNDARY,
OUTER_SIDE,LEFT,1,0.0,,,0.0,-1.0,0.0,1.0,1.0,,19.25,17.25,19.75,18.75,PASS_BOUNDARY,
OUTER_SIDE,LEFT,1,0.0,,,0.0,-1.0,0.0,2.0,1.0,,19.25,16.25,19.75,18.75,PASS_BOUNDARY,
OUTER_SIDE,LEFT,1,0.0,,,0.0,-1.0,1.0,0.0,1.0,,19.25,17.25,19.75,18.75,PASS_BOUNDARY,
OUTER_SIDE,LEFT,1,0.0,,,0.0,-1.0,1.0,1.0,1.0,,19.25,16.25,19.75,18.75,PASS_BOUNDARY,
OUTER_SIDE,LEFT,1,0.0,,,0.0,-1.0,1.0,2.0,1.0,,19.25,15.25,19.75,18.75,PASS_BOUNDARY,
OUTER_SIDE,LEFT,1,0.0,,,0.0,-1.0,2.0,0.0,1.0,,19.25,16.25,19.75,18.75,PASS_BOUNDARY,
OUTER_SIDE,LEFT,1,0.0,,,0.0,-1.0,2.0,1.0,1.0,,19.25,15.25,19.75,18.75,PASS_BOUNDARY,
OUTER_SIDE,LEFT,1,0.0,,,0.0,-1.0,2.0,2.0,1.0,,19.25,14.25,19.75,18.75,PASS_BOUNDARY,
OUTER_SIDE,LEFT,1,0.0,,,0.0,0.0,0.0,0.0,0.0,,19.25,19.25,19.75,19.75,PASS_BOUNDARY,
OUTER_SIDE,LEFT,1,0.0,,,0.0,0.0,0.0,1.0,0.0,,19.25,18.25,19.75,19.75,PASS_BOUNDARY,
OUTER_SIDE,LEFT,1,0.0,,,0.0,0.0,0.0,2.0,0.0,,19.25,17.25,19.75,19.75,PASS_BOUNDARY,
OUTER_SIDE,LEFT,1,0.0,,,0.0,0.0,1.0,0.0,0.0,,19.25,18.25,19.75,19.75,PASS_BOUNDARY,
OUTER_SIDE,LEFT,1,0.0,,,0.0,0.0,1.0,1.0,0.0,,19.25,17.25,19.75,19.75,PASS_BOUNDARY,
OUTER_SIDE,LEFT,1,0.0,,,0.0,0.0,1.0,2.0,0.0,,19.25,16.25,19.75,19.75,PASS_BOUNDARY,
OUTER_SIDE,LEFT,1,0.0,,,0.0,0.0,2.0,0.0,0.0,,19.25,17.25,19.75,19.75,PASS_BOUNDARY,
OUTER_SIDE,LEFT,1,0.0,,,0.0,0.0,2.0,1.0,0.0,,19.25,16.25,19.75,19.75,PASS_BOUNDARY,
OUTER_SIDE,LEFT,1,0.0,,,0.0,0.0,2.0,2.0,0.0,,19.25,15.25,19.75,19.75,PASS_BOUNDARY,
OUTER_SIDE,LEFT,1,0.0,,,0.0,1.0,0.0,0.0,1.0,,19.25,18.25,19.75,18.75,PASS_BOUNDARY,
OUTER_SIDE,LEFT,1,0.0,,,0.0,1.0,0.0,1.0,1.0,,19.25,17.25,19.75,18.75,PASS_BOUNDARY,
OUTER_SIDE,LEFT,1,0.0,,,0.0,1.0,0.0,2.0,1.0,,19.25,16.25,19.75,18.75,PASS_BOUNDARY,
OUTER_SIDE,LEFT,1,0.0,,,0.0,1.0,1.0,0.0,1.0,,19.25,17.25,19.75,18.75,PASS_BOUNDARY,
OUTER_SIDE,LEFT,1,0.0,,,0.0,1.0,1.0,1.0,1.0,,19.25,16.25,19.75,18.75,PASS_BOUNDARY,
OUTER_SIDE,LEFT,1,0.0,,,0.0,1.0,1.0,2.0,1.0,,19.25,15.25,19.75,18.75,PASS_BOUNDARY,
OUTER_SIDE,LEFT,1,0.0,,,0.0,1.0,2.0,0.0,1.0,,19.25,16.25,19.75,18.75,PASS_BOUNDARY,
OUTER_SIDE,LEFT,1,0.0,,,0.0,1.0,2.0,1.0,1.0,,19.25,15.25,19.75,18.75,PASS_BOUNDARY,
OUTER_SIDE,LEFT,1,0.0,,,0.0,1.0,2.0,2.0,1.0,,19.25,14.25,19.75,18.75,PASS_BOUNDARY,
OUTER_SIDE,LEFT,1,0.0,,,1.0,-1.0,0.0,0.0,2.0,,19.25,17.25,19.75,17.75,PASS_BOUNDARY,
OUTER_SIDE,LEFT,1,0.0,,,1.0,-1.0,0.0,1.0,2.0,,19.25,16.25,19.75,17.75,PASS_BOUNDARY,
OUTER_SIDE,LEFT,1,0.0,,,1.0,-1.0,0.0,2.0,2.0,,19.25,15.25,19.75,17.75,PASS_BOUNDARY,
OUTER_SIDE,LEFT,1,0.0,,,1.0,-1.0,1.0,0.0,2.0,,19.25,16.25,19.75,17.75,PASS_BOUNDARY,
OUTER_SIDE,LEFT,1,0.0,,,1.0,-1.0,1.0,1.0,2.0,,19.25,15.25,19.75,17.75,PASS_BOUNDARY,
OUTER_SIDE,LEFT,1,0.0,,,1.0,-1.0,1.0,2.0,2.0,,19.25,14.25,19.75,17.75,PASS_BOUNDARY,
OUTER_SIDE,LEFT,1,0.0,,,1.0,-1.0,2.0,0.0,2.0,,19.25,15.25,19.75,17.75,PASS_BOUNDARY,
OUTER_SIDE,LEFT,1,0.0,,,1.0,-1.0,2.0,1.0,2.0,,19.25,14.25,19.75,17.75,PASS_BOUNDARY,
OUTER_SIDE,LEFT,1,0.0,,,1.0,-1.0,2.0,2.0,2.0,,19.25,13.25,19.75,17.75,PASS_BOUNDARY,
OUTER_SIDE,LEFT,1,0.0,,,1.0,0.0,0.0,0.0,1.0,,19.25,18.25,19.75,18.75,PASS_BOUNDARY,
OUTER_SIDE,LEFT,1,0.0,,,1.0,0.0,0.0,1.0,1.0,,19.25,17.25,19.75,18.75,PASS_BOUNDARY,
OUTER_SIDE,LEFT,1,0.0,,,1.0,0.0,0.0,2.0,1.0,,19.25,16.25,19.75,18.75,PASS_BOUNDARY,
OUTER_SIDE,LEFT,1,0.0,,,1.0,0.0,1.0,0.0,1.0,,19.25,17.25,19.75,18.75,PASS_BOUNDARY,
OUTER_SIDE,LEFT,1,0.0,,,1.0,0.0,1.0,1.0,1.0,,19.25,16.25,19.75,18.75,PASS_BOUNDARY,
OUTER_SIDE,LEFT,1,0.0,,,1.0,0.0,1.0,2.0,1.0,,19.25,15.25,19.75,18.75,PASS_BOUNDARY,
OUTER_SIDE,LEFT,1,0.0,,,1.0,0.0,2.0,0.0,1.0,,19.25,16.25,19.75,18.75,PASS_BOUNDARY,
OUTER_SIDE,LEFT,1,0.0,,,1.0,0.0,2.0,1.0,1.0,,19.25,15.25,19.75,18.75,PASS_BOUNDARY,
OUTER_SIDE,LEFT,1,0.0,,,1.0,0.0,2.0,2.0,1.0,,19.25,14.25,19.75,18.75,PASS_BOUNDARY,
OUTER_SIDE,LEFT,1,0.0,,,1.0,1.0,0.0,0.0,0.0,,19.25,19.25,19.75,19.75,PASS_BOUNDARY,
OUTER_SIDE,LEFT,1,0.0,,,1.0,1.0,0.0,1.0,0.0,,19.25,18.25,19.75,19.75,PASS_BOUNDARY,
OUTER_SIDE,LEFT,1,0.0,,,1.0,1.0,0.0,2.0,0.0,,19.25,17.25,19.75,19.75,PASS_BOUNDARY,
OUTER_SIDE,LEFT,1,0.0,,,1.0,1.0,1.0,0.0,0.0,,19.25,18.25,19.75,19.75,PASS_BOUNDARY,
OUTER_SIDE,LEFT,1,0.0,,,1.0,1.0,1.0,1.0,0.0,,19.25,17.25,19.75,19.75,PASS_BOUNDARY,
OUTER_SIDE,LEFT,1,0.0,,,1.0,1.0,1.0,2.0,0.0,,19.25,16.25,19.75,19.75,PASS_BOUNDARY,
OUTER_SIDE,LEFT,1,0.0,,,1.0,1.0,2.0,0.0,0.0,,19.25,17.25,19.75,19.75,PASS_BOUNDARY,
OUTER_SIDE,LEFT,1,0.0,,,1.0,1.0,2.0,1.0,0.0,,19.25,16.25,19.75,19.75,PASS_BOUNDARY,
OUTER_SIDE,LEFT,1,0.0,,,1.0,1.0,2.0,2.0,0.0,,19.25,15.25,19.75,19.75,PASS_BOUNDARY,
OUTER_SIDE,LEFT,1,0.5,,,-1.0,-1.0,0.0,0.0,0.0,,19.25,19.25,19.75,19.25,PASS_BOUNDARY,
OUTER_SIDE,LEFT,1,0.5,,,-1.0,-1.0,0.0,1.0,0.0,,19.25,18.25,19.75,19.25,PASS_BOUNDARY,
OUTER_SIDE,LEFT,1,0.5,,,-1.0,-1.0,0.0,2.0,0.0,,19.25,17.25,19.75,19.25,PASS_BOUNDARY,
OUTER_SIDE,LEFT,1,0.5,,,-1.0,-1.0,1.0,0.0,0.0,,19.25,18.25,19.75,19.25,PASS_BOUNDARY,
OUTER_SIDE,LEFT,1,0.5,,,-1.0,-1.0,1.0,1.0,0.0,,19.25,17.25,19.75,19.25,PASS_BOUNDARY,
OUTER_SIDE,LEFT,1,0.5,,,-1.0,-1.0,1.0,2.0,0.0,,19.25,16.25,19.75,19.25,PASS_BOUNDARY,
OUTER_SIDE,LEFT,1,0.5,,,-1.0,-1.0,2.0,0.0,0.0,,19.25,17.25,19.75,19.25,PASS_BOUNDARY,
OUTER_SIDE,LEFT,1,0.5,,,-1.0,-1.0,2.0,1.0,0.0,,19.25,16.25,19.75,19.25,PASS_BOUNDARY,
OUTER_SIDE,LEFT,1,0.5,,,-1.0,-1.0,2.0,2.0,0.0,,19.25,15.25,19.75,19.25,PASS_BOUNDARY,
OUTER_SIDE,LEFT,1,0.5,,,-1.0,0.0,0.0,0.0,1.0,,19.25,18.25,19.75,18.25,PASS_BOUNDARY,
OUTER_SIDE,LEFT,1,0.5,,,-1.0,0.0,0.0,1.0,1.0,,19.25,17.25,19.75,18.25,PASS_BOUNDARY,
OUTER_SIDE,LEFT,1,0.5,,,-1.0,0.0,0.0,2.0,1.0,,19.25,16.25,19.75,18.25,PASS_BOUNDARY,
OUTER_SIDE,LEFT,1,0.5,,,-1.0,0.0,1.0,0.0,1.0,,19.25,17.25,19.75,18.25,PASS_BOUNDARY,
OUTER_SIDE,LEFT,1,0.5,,,-1.0,0.0,1.0,1.0,1.0,,19.25,16.25,19.75,18.25,PASS_BOUNDARY,
OUTER_SIDE,LEFT,1,0.5,,,-1.0,0.0,1.0,2.0,1.0,,19.25,15.25,19.75,18.25,PASS_BOUNDARY,
OUTER_SIDE,LEFT,1,0.5,,,-1.0,0.0,2.0,0.0,1.0,,19.25,16.25,19.75,18.25,PASS_BOUNDARY,
OUTER_SIDE,LEFT,1,0.5,,,-1.0,0.0,2.0,1.0,1.0,,19.25,15.25,19.75,18.25,PASS_BOUNDARY,
OUTER_SIDE,LEFT,1,0.5,,,-1.0,0.0,2.0,2.0,1.0,,19.25,14.25,19.75,18.25,PASS_BOUNDARY,
OUTER_SIDE,LEFT,1,0.5,,,-1.0,1.0,0.0,0.0,2.0,,19.25,17.25,19.75,17.25,PASS_BOUNDARY,
OUTER_SIDE,LEFT,1,0.5,,,-1.0,1.0,0.0,1.0,2.0,,19.25,16.25,19.75,17.25,PASS_BOUNDARY,
OUTER_SIDE,LEFT,1,0.5,,,-1.0,1.0,0.0,2.0,2.0,,19.25,15.25,19.75,17.25,PASS_BOUNDARY,
OUTER_SIDE,LEFT,1,0.5,,,-1.0,1.0,1.0,0.0,2.0,,19.25,16.25,19.75,17.25,PASS_BOUNDARY,
OUTER_SIDE,LEFT,1,0.5,,,-1.0,1.0,1.0,1.0,2.0,,19.25,15.25,19.75,17.25,PASS_BOUNDARY,
OUTER_SIDE,LEFT,1,0.5,,,-1.0,1.0,1.0,2.0,2.0,,19.25,14.25,19.75,17.25,PASS_BOUNDARY,
OUTER_SIDE,LEFT,1,0.5,,,-1.0,1.0,2.0,0.0,2.0,,19.25,15.25,19.75,17.25,PASS_BOUNDARY,
OUTER_SIDE,LEFT,1,0.5,,,-1.0,1.0,2.0,1.0,2.0,,19.25,14.25,19.75,17.25,PASS_BOUNDARY,
OUTER_SIDE,LEFT,1,0.5,,,-1.0,1.0,2.0,2.0,2.0,,19.25,13.25,19.75,17.25,PASS_BOUNDARY,
OUTER_SIDE,LEFT,1,0.5,,,0.0,-1.0,0.0,0.0,1.0,,19.25,18.25,19.75,18.25,PASS_BOUNDARY,
OUTER_SIDE,LEFT,1,0.5,,,0.0,-1.0,0.0,1.0,1.0,,19.25,17.25,19.75,18.25,PASS_BOUNDARY,
OUTER_SIDE,LEFT,1,0.5,,,0.0,-1.0,0.0,2.0,1.0,,19.25,16.25,19.75,18.25,PASS_BOUNDARY,
OUTER_SIDE,LEFT,1,0.5,,,0.0,-1.0,1.0,0.0,1.0,,19.25,17.25,19.75,18.25,PASS_BOUNDARY,
OUTER_SIDE,LEFT,1,0.5,,,0.0,-1.0,1.0,1.0,1.0,,19.25,16.25,19.75,18.25,PASS_BOUNDARY,
OUTER_SIDE,LEFT,1,0.5,,,0.0,-1.0,1.0,2.0,1.0,,19.25,15.25,19.75,18.25,PASS_BOUNDARY,
OUTER_SIDE,LEFT,1,0.5,,,0.0,-1.0,2.0,0.0,1.0,,19.25,16.25,19.75,18.25,PASS_BOUNDARY,
OUTER_SIDE,LEFT,1,0.5,,,0.0,-1.0,2.0,1.0,1.0,,19.25,15.25,19.75,18.25,PASS_BOUNDARY,
OUTER_SIDE,LEFT,1,0.5,,,0.0,-1.0,2.0,2.0,1.0,,19.25,14.25,19.75,18.25,PASS_BOUNDARY,
OUTER_SIDE,LEFT,1,0.5,,,0.0,0.0,0.0,0.0,0.0,,19.25,19.25,19.75,19.25,PASS_BOUNDARY,
OUTER_SIDE,LEFT,1,0.5,,,0.0,0.0,0.0,1.0,0.0,,19.25,18.25,19.75,19.25,PASS_BOUNDARY,
OUTER_SIDE,LEFT,1,0.5,,,0.0,0.0,0.0,2.0,0.0,,19.25,17.25,19.75,19.25,PASS_BOUNDARY,
OUTER_SIDE,LEFT,1,0.5,,,0.0,0.0,1.0,0.0,0.0,,19.25,18.25,19.75,19.25,PASS_BOUNDARY,
OUTER_SIDE,LEFT,1,0.5,,,0.0,0.0,1.0,1.0,0.0,,19.25,17.25,19.75,19.25,PASS_BOUNDARY,
OUTER_SIDE,LEFT,1,0.5,,,0.0,0.0,1.0,2.0,0.0,,19.25,16.25,19.75,19.25,PASS_BOUNDARY,
OUTER_SIDE,LEFT,1,0.5,,,0.0,0.0,2.0,0.0,0.0,,19.25,17.25,19.75,19.25,PASS_BOUNDARY,
OUTER_SIDE,LEFT,1,0.5,,,0.0,0.0,2.0,1.0,0.0,,19.25,16.25,19.75,19.25,PASS_BOUNDARY,
OUTER_SIDE,LEFT,1,0.5,,,0.0,0.0,2.0,2.0,0.0,,19.25,15.25,19.75,19.25,PASS_BOUNDARY,
OUTER_SIDE,LEFT,1,0.5,,,0.0,1.0,0.0,0.0,1.0,,19.25,18.25,19.75,18.25,PASS_BOUNDARY,
OUTER_SIDE,LEFT,1,0.5,,,0.0,1.0,0.0,1.0,1.0,,19.25,17.25,19.75,18.25,PASS_BOUNDARY,
OUTER_SIDE,LEFT,1,0.5,,,0.0,1.0,0.0,2.0,1.0,,19.25,16.25,19.75,18.25,PASS_BOUNDARY,
OUTER_SIDE,LEFT,1,0.5,,,0.0,1.0,1.0,0.0,1.0,,19.25,17.25,19.75,18.25,PASS_BOUNDARY,
OUTER_SIDE,LEFT,1,0.5,,,0.0,1.0,1.0,1.0,1.0,,19.25,16.25,19.75,18.25,PASS_BOUNDARY,
OUTER_SIDE,LEFT,1,0.5,,,0.0,1.0,1.0,2.0,1.0,,19.25,15.25,19.75,18.25,PASS_BOUNDARY,
OUTER_SIDE,LEFT,1,0.5,,,0.0,1.0,2.0,0.0,1.0,,19.25,16.25,19.75,18.25,PASS_BOUNDARY,
OUTER_SIDE,LEFT,1,0.5,,,0.0,1.0,2.0,1.0,1.0,,19.25,15.25,19.75,18.25,PASS_BOUNDARY,
OUTER_SIDE,LEFT,1,0.5,,,0.0,1.0,2.0,2.0,1.0,,19.25,14.25,19.75,18.25,PASS_BOUNDARY,
OUTER_SIDE,LEFT,1,0.5,,,1.0,-1.0,0.0,0.0,2.0,,19.25,17.25,19.75,17.25,PASS_BOUNDARY,
OUTER_SIDE,LEFT,1,0.5,,,1.0,-1.0,0.0,1.0,2.0,,19.25,16.25,19.75,17.25,PASS_BOUNDARY,
OUTER_SIDE,LEFT,1,0.5,,,1.0,-1.0,0.0,2.0,2.0,,19.25,15.25,19.75,17.25,PASS_BOUNDARY,
OUTER_SIDE,LEFT,1,0.5,,,1.0,-1.0,1.0,0.0,2.0,,19.25,16.25,19.75,17.25,PASS_BOUNDARY,
OUTER_SIDE,LEFT,1,0.5,,,1.0,-1.0,1.0,1.0,2.0,,19.25,15.25,19.75,17.25,PASS_BOUNDARY,
OUTER_SIDE,LEFT,1,0.5,,,1.0,-1.0,1.0,2.0,2.0,,19.25,14.25,19.75,17.25,PASS_BOUNDARY,
OUTER_SIDE,LEFT,1,0.5,,,1.0,-1.0,2.0,0.0,2.0,,19.25,15.25,19.75,17.25,PASS_BOUNDARY,
OUTER_SIDE,LEFT,1,0.5,,,1.0,-1.0,2.0,1.0,2.0,,19.25,14.25,19.75,17.25,PASS_BOUNDARY,
OUTER_SIDE,LEFT,1,0.5,,,1.0,-1.0,2.0,2.0,2.0,,19.25,13.25,19.75,17.25,PASS_BOUNDARY,
OUTER_SIDE,LEFT,1,0.5,,,1.0,0.0,0.0,0.0,1.0,,19.25,18.25,19.75,18.25,PASS_BOUNDARY,
OUTER_SIDE,LEFT,1,0.5,,,1.0,0.0,0.0,1.0,1.0,,19.25,17.25,19.75,18.25,PASS_BOUNDARY,
OUTER_SIDE,LEFT,1,0.5,,,1.0,0.0,0.0,2.0,1.0,,19.25,16.25,19.75,18.25,PASS_BOUNDARY,
OUTER_SIDE,LEFT,1,0.5,,,1.0,0.0,1.0,0.0,1.0,,19.25,17.25,19.75,18.25,PASS_BOUNDARY,
OUTER_SIDE,LEFT,1,0.5,,,1.0,0.0,1.0,1.0,1.0,,19.25,16.25,19.75,18.25,PASS_BOUNDARY,
OUTER_SIDE,LEFT,1,0.5,,,1.0,0.0,1.0,2.0,1.0,,19.25,15.25,19.75,18.25,PASS_BOUNDARY,
OUTER_SIDE,LEFT,1,0.5,,,1.0,0.0,2.0,0.0,1.0,,19.25,16.25,19.75,18.25,PASS_BOUNDARY,
OUTER_SIDE,LEFT,1,0.5,,,1.0,0.0,2.0,1.0,1.0,,19.25,15.25,19.75,18.25,PASS_BOUNDARY,
OUTER_SIDE,LEFT,1,0.5,,,1.0,0.0,2.0,2.0,1.0,,19.25,14.25,19.75,18.25,PASS_BOUNDARY,
OUTER_SIDE,LEFT,1,0.5,,,1.0,1.0,0.0,0.0,0.0,,19.25,19.25,19.75,19.25,PASS_BOUNDARY,
OUTER_SIDE,LEFT,1,0.5,,,1.0,1.0,0.0,1.0,0.0,,19.25,18.25,19.75,19.25,PASS_BOUNDARY,
OUTER_SIDE,LEFT,1,0.5,,,1.0,1.0,0.0,2.0,0.0,,19.25,17.25,19.75,19.25,PASS_BOUNDARY,
OUTER_SIDE,LEFT,1,0.5,,,1.0,1.0,1.0,0.0,0.0,,19.25,18.25,19.75,19.25,PASS_BOUNDARY,
OUTER_SIDE,LEFT,1,0.5,,,1.0,1.0,1.0,1.0,0.0,,19.25,17.25,19.75,19.25,PASS_BOUNDARY,
OUTER_SIDE,LEFT,1,0.5,,,1.0,1.0,1.0,2.0,0.0,,19.25,16.25,19.75,19.25,PASS_BOUNDARY,
OUTER_SIDE,LEFT,1,0.5,,,1.0,1.0,2.0,0.0,0.0,,19.25,17.25,19.75,19.25,PASS_BOUNDARY,
OUTER_SIDE,LEFT,1,0.5,,,1.0,1.0,2.0,1.0,0.0,,19.25,16.25,19.75,19.25,PASS_BOUNDARY,
OUTER_SIDE,LEFT,1,0.5,,,1.0,1.0,2.0,2.0,0.0,,19.25,15.25,19.75,19.25,PASS_BOUNDARY,
OUTER_SIDE,LEFT,1,1.0,,,-1.0,-1.0,0.0,0.0,0.0,,19.25,19.25,19.75,18.75,PASS_BOUNDARY,
OUTER_SIDE,LEFT,1,1.0,,,-1.0,-1.0,0.0,1.0,0.0,,19.25,18.25,19.75,18.75,PASS_BOUNDARY,
OUTER_SIDE,LEFT,1,1.0,,,-1.0,-1.0,0.0,2.0,0.0,,19.25,17.25,19.75,18.75,PASS_BOUNDARY,
OUTER_SIDE,LEFT,1,1.0,,,-1.0,-1.0,1.0,0.0,0.0,,19.25,18.25,19.75,18.75,PASS_BOUNDARY,
OUTER_SIDE,LEFT,1,1.0,,,-1.0,-1.0,1.0,1.0,0.0,,19.25,17.25,19.75,18.75,PASS_BOUNDARY,
OUTER_SIDE,LEFT,1,1.0,,,-1.0,-1.0,1.0,2.0,0.0,,19.25,16.25,19.75,18.75,PASS_BOUNDARY,
OUTER_SIDE,LEFT,1,1.0,,,-1.0,-1.0,2.0,0.0,0.0,,19.25,17.25,19.75,18.75,PASS_BOUNDARY,
OUTER_SIDE,LEFT,1,1.0,,,-1.0,-1.0,2.0,1.0,0.0,,19.25,16.25,19.75,18.75,PASS_BOUNDARY,
OUTER_SIDE,LEFT,1,1.0,,,-1.0,-1.0,2.0,2.0,0.0,,19.25,15.25,19.75,18.75,PASS_BOUNDARY,
OUTER_SIDE,LEFT,1,1.0,,,-1.0,0.0,0.0,0.0,1.0,,19.25,18.25,19.75,17.75,PASS_BOUNDARY,
OUTER_SIDE,LEFT,1,1.0,,,-1.0,0.0,0.0,1.0,1.0,,19.25,17.25,19.75,17.75,PASS_BOUNDARY,
OUTER_SIDE,LEFT,1,1.0,,,-1.0,0.0,0.0,2.0,1.0,,19.25,16.25,19.75,17.75,PASS_BOUNDARY,
OUTER_SIDE,LEFT,1,1.0,,,-1.0,0.0,1.0,0.0,1.0,,19.25,17.25,19.75,17.75,PASS_BOUNDARY,
OUTER_SIDE,LEFT,1,1.0,,,-1.0,0.0,1.0,1.0,1.0,,19.25,16.25,19.75,17.75,PASS_BOUNDARY,
OUTER_SIDE,LEFT,1,1.0,,,-1.0,0.0,1.0,2.0,1.0,,19.25,15.25,19.75,17.75,PASS_BOUNDARY,
OUTER_SIDE,LEFT,1,1.0,,,-1.0,0.0,2.0,0.0,1.0,,19.25,16.25,19.75,17.75,PASS_BOUNDARY,
OUTER_SIDE,LEFT,1,1.0,,,-1.0,0.0,2.0,1.0,1.0,,19.25,15.25,19.75,17.75,PASS_BOUNDARY,
OUTER_SIDE,LEFT,1,1.0,,,-1.0,0.0,2.0,2.0,1.0,,19.25,14.25,19.75,17.75,PASS_BOUNDARY,
OUTER_SIDE,LEFT,1,1.0,,,-1.0,1.0,0.0,0.0,2.0,,19.25,17.25,19.75,16.75,PASS_BOUNDARY,
OUTER_SIDE,LEFT,1,1.0,,,-1.0,1.0,0.0,1.0,2.0,,19.25,16.25,19.75,16.75,PASS_BOUNDARY,
OUTER_SIDE,LEFT,1,1.0,,,-1.0,1.0,0.0,2.0,2.0,,19.25,15.25,19.75,16.75,PASS_BOUNDARY,
OUTER_SIDE,LEFT,1,1.0,,,-1.0,1.0,1.0,0.0,2.0,,19.25,16.25,19.75,16.75,PASS_BOUNDARY,
OUTER_SIDE,LEFT,1,1.0,,,-1.0,1.0,1.0,1.0,2.0,,19.25,15.25,19.75,16.75,PASS_BOUNDARY,
OUTER_SIDE,LEFT,1,1.0,,,-1.0,1.0,1.0,2.0,2.0,,19.25,14.25,19.75,16.75,PASS_BOUNDARY,
OUTER_SIDE,LEFT,1,1.0,,,-1.0,1.0,2.0,0.0,2.0,,19.25,15.25,19.75,16.75,PASS_BOUNDARY,
OUTER_SIDE,LEFT,1,1.0,,,-1.0,1.0,2.0,1.0,2.0,,19.25,14.25,19.75,16.75,PASS_BOUNDARY,
OUTER_SIDE,LEFT,1,1.0,,,-1.0,1.0,2.0,2.0,2.0,,19.25,13.25,19.75,16.75,PASS_BOUNDARY,
OUTER_SIDE,LEFT,1,1.0,,,0.0,-1.0,0.0,0.0,1.0,,19.25,18.25,19.75,17.75,PASS_BOUNDARY,
OUTER_SIDE,LEFT,1,1.0,,,0.0,-1.0,0.0,1.0,1.0,,19.25,17.25,19.75,17.75,PASS_BOUNDARY,
OUTER_SIDE,LEFT,1,1.0,,,0.0,-1.0,0.0,2.0,1.0,,19.25,16.25,19.75,17.75,PASS_BOUNDARY,
OUTER_SIDE,LEFT,1,1.0,,,0.0,-1.0,1.0,0.0,1.0,,19.25,17.25,19.75,17.75,PASS_BOUNDARY,
OUTER_SIDE,LEFT,1,1.0,,,0.0,-1.0,1.0,1.0,1.0,,19.25,16.25,19.75,17.75,PASS_BOUNDARY,
OUTER_SIDE,LEFT,1,1.0,,,0.0,-1.0,1.0,2.0,1.0,,19.25,15.25,19.75,17.75,PASS_BOUNDARY,
OUTER_SIDE,LEFT,1,1.0,,,0.0,-1.0,2.0,0.0,1.0,,19.25,16.25,19.75,17.75,PASS_BOUNDARY,
OUTER_SIDE,LEFT,1,1.0,,,0.0,-1.0,2.0,1.0,1.0,,19.25,15.25,19.75,17.75,PASS_BOUNDARY,
OUTER_SIDE,LEFT,1,1.0,,,0.0,-1.0,2.0,2.0,1.0,,19.25,14.25,19.75,17.75,PASS_BOUNDARY,
OUTER_SIDE,LEFT,1,1.0,,,0.0,0.0,0.0,0.0,0.0,,19.25,19.25,19.75,18.75,PASS_BOUNDARY,
OUTER_SIDE,LEFT,1,1.0,,,0.0,0.0,0.0,1.0,0.0,,19.25,18.25,19.75,18.75,PASS_BOUNDARY,
OUTER_SIDE,LEFT,1,1.0,,,0.0,0.0,0.0,2.0,0.0,,19.25,17.25,19.75,18.75,PASS_BOUNDARY,
OUTER_SIDE,LEFT,1,1.0,,,0.0,0.0,1.0,0.0,0.0,,19.25,18.25,19.75,18.75,PASS_BOUNDARY,
OUTER_SIDE,LEFT,1,1.0,,,0.0,0.0,1.0,1.0,0.0,,19.25,17.25,19.75,18.75,PASS_BOUNDARY,
OUTER_SIDE,LEFT,1,1.0,,,0.0,0.0,1.0,2.0,0.0,,19.25,16.25,19.75,18.75,PASS_BOUNDARY,
OUTER_SIDE,LEFT,1,1.0,,,0.0,0.0,2.0,0.0,0.0,,19.25,17.25,19.75,18.75,PASS_BOUNDARY,
OUTER_SIDE,LEFT,1,1.0,,,0.0,0.0,2.0,1.0,0.0,,19.25,16.25,19.75,18.75,PASS_BOUNDARY,
OUTER_SIDE,LEFT,1,1.0,,,0.0,0.0,2.0,2.0,0.0,,19.25,15.25,19.75,18.75,PASS_BOUNDARY,
OUTER_SIDE,LEFT,1,1.0,,,0.0,1.0,0.0,0.0,1.0,,19.25,18.25,19.75,17.75,PASS_BOUNDARY,
OUTER_SIDE,LEFT,1,1.0,,,0.0,1.0,0.0,1.0,1.0,,19.25,17.25,19.75,17.75,PASS_BOUNDARY,
OUTER_SIDE,LEFT,1,1.0,,,0.0,1.0,0.0,2.0,1.0,,19.25,16.25,19.75,17.75,PASS_BOUNDARY,
OUTER_SIDE,LEFT,1,1.0,,,0.0,1.0,1.0,0.0,1.0,,19.25,17.25,19.75,17.75,PASS_BOUNDARY,
OUTER_SIDE,LEFT,1,1.0,,,0.0,1.0,1.0,1.0,1.0,,19.25,16.25,19.75,17.75,PASS_BOUNDARY,
OUTER_SIDE,LEFT,1,1.0,,,0.0,1.0,1.0,2.0,1.0,,19.25,15.25,19.75,17.75,PASS_BOUNDARY,
OUTER_SIDE,LEFT,1,1.0,,,0.0,1.0,2.0,0.0,1.0,,19.25,16.25,19.75,17.75,PASS_BOUNDARY,
OUTER_SIDE,LEFT,1,1.0,,,0.0,1.0,2.0,1.0,1.0,,19.25,15.25,19.75,17.75,PASS_BOUNDARY,
OUTER_SIDE,LEFT,1,1.0,,,0.0,1.0,2.0,2.0,1.0,,19.25,14.25,19.75,17.75,PASS_BOUNDARY,
OUTER_SIDE,LEFT,1,1.0,,,1.0,-1.0,0.0,0.0,2.0,,19.25,17.25,19.75,16.75,PASS_BOUNDARY,
OUTER_SIDE,LEFT,1,1.0,,,1.0,-1.0,0.0,1.0,2.0,,19.25,16.25,19.75,16.75,PASS_BOUNDARY,
OUTER_SIDE,LEFT,1,1.0,,,1.0,-1.0,0.0,2.0,2.0,,19.25,15.25,19.75,16.75,PASS_BOUNDARY,
OUTER_SIDE,LEFT,1,1.0,,,1.0,-1.0,1.0,0.0,2.0,,19.25,16.25,19.75,16.75,PASS_BOUNDARY,
OUTER_SIDE,LEFT,1,1.0,,,1.0,-1.0,1.0,1.0,2.0,,19.25,15.25,19.75,16.75,PASS_BOUNDARY,
OUTER_SIDE,LEFT,1,1.0,,,1.0,-1.0,1.0,2.0,2.0,,19.25,14.25,19.75,16.75,PASS_BOUNDARY,
OUTER_SIDE,LEFT,1,1.0,,,1.0,-1.0,2.0,0.0,2.0,,19.25,15.25,19.75,16.75,PASS_BOUNDARY,
OUTER_SIDE,LEFT,1,1.0,,,1.0,-1.0,2.0,1.0,2.0,,19.25,14.25,19.75,16.75,PASS_BOUNDARY,
OUTER_SIDE,LEFT,1,1.0,,,1.0,-1.0,2.0,2.0,2.0,,19.25,13.25,19.75,16.75,PASS_BOUNDARY,
OUTER_SIDE,LEFT,1,1.0,,,1.0,0.0,0.0,0.0,1.0,,19.25,18.25,19.75,17.75,PASS_BOUNDARY,
OUTER_SIDE,LEFT,1,1.0,,,1.0,0.0,0.0,1.0,1.0,,19.25,17.25,19.75,17.75,PASS_BOUNDARY,
OUTER_SIDE,LEFT,1,1.0,,,1.0,0.0,0.0,2.0,1.0,,19.25,16.25,19.75,17.75,PASS_BOUNDARY,
OUTER_SIDE,LEFT,1,1.0,,,1.0,0.0,1.0,0.0,1.0,,19.25,17.25,19.75,17.75,PASS_BOUNDARY,
OUTER_SIDE,LEFT,1,1.0,,,1.0,0.0,1.0,1.0,1.0,,19.25,16.25,19.75,17.75,PASS_BOUNDARY,
OUTER_SIDE,LEFT,1,1.0,,,1.0,0.0,1.0,2.0,1.0,,19.25,15.25,19.75,17.75,PASS_BOUNDARY,
OUTER_SIDE,LEFT,1,1.0,,,1.0,0.0,2.0,0.0,1.0,,19.25,16.25,19.75,17.75,PASS_BOUNDARY,
OUTER_SIDE,LEFT,1,1.0,,,1.0,0.0,2.0,1.0,1.0,,19.25,15.25,19.75,17.75,PASS_BOUNDARY,
OUTER_SIDE,LEFT,1,1.0,,,1.0,0.0,2.0,2.0,1.0,,19.25,14.25,19.75,17.75,PASS_BOUNDARY,
OUTER_SIDE,LEFT,1,1.0,,,1.0,1.0,0.0,0.0,0.0,,19.25,19.25,19.75,18.75,PASS_BOUNDARY,
OUTER_SIDE,LEFT,1,1.0,,,1.0,1.0,0.0,1.0,0.0,,19.25,18.25,19.75,18.75,PASS_BOUNDARY,
OUTER_SIDE,LEFT,1,1.0,,,1.0,1.0,0.0,2.0,0.0,,19.25,17.25,19.75,18.75,PASS_BOUNDARY,
OUTER_SIDE,LEFT,1,1.0,,,1.0,1.0,1.0,0.0,0.0,,19.25,18.25,19.75,18.75,PASS_BOUNDARY,
OUTER_SIDE,LEFT,1,1.0,,,1.0,1.0,1.0,1.0,0.0,,19.25,17.25,19.75,18.75,PASS_BOUNDARY,
OUTER_SIDE,LEFT,1,1.0,,,1.0,1.0,1.0,2.0,0.0,,19.25,16.25,19.75,18.75,PASS_BOUNDARY,
OUTER_SIDE,LEFT,1,1.0,,,1.0,1.0,2.0,0.0,0.0,,19.25,17.25,19.75,18.75,PASS_BOUNDARY,
OUTER_SIDE,LEFT,1,1.0,,,1.0,1.0,2.0,1.0,0.0,,19.25,16.25,19.75,18.75,PASS_BOUNDARY,
OUTER_SIDE,LEFT,1,1.0,,,1.0,1.0,2.0,2.0,0.0,,19.25,15.25,19.75,18.75,PASS_BOUNDARY,
OUTER_SIDE,LEFT,1,1.5,,,-1.0,-1.0,0.0,0.0,0.0,,19.25,19.25,19.75,18.25,PASS_BOUNDARY,
OUTER_SIDE,LEFT,1,1.5,,,-1.0,-1.0,0.0,1.0,0.0,,19.25,18.25,19.75,18.25,PASS_BOUNDARY,
OUTER_SIDE,LEFT,1,1.5,,,-1.0,-1.0,0.0,2.0,0.0,,19.25,17.25,19.75,18.25,PASS_BOUNDARY,
OUTER_SIDE,LEFT,1,1.5,,,-1.0,-1.0,1.0,0.0,0.0,,19.25,18.25,19.75,18.25,PASS_BOUNDARY,
OUTER_SIDE,LEFT,1,1.5,,,-1.0,-1.0,1.0,1.0,0.0,,19.25,17.25,19.75,18.25,PASS_BOUNDARY,
OUTER_SIDE,LEFT,1,1.5,,,-1.0,-1.0,1.0,2.0,0.0,,19.25,16.25,19.75,18.25,PASS_BOUNDARY,
OUTER_SIDE,LEFT,1,1.5,,,-1.0,-1.0,2.0,0.0,0.0,,19.25,17.25,19.75,18.25,PASS_BOUNDARY,
OUTER_SIDE,LEFT,1,1.5,,,-1.0,-1.0,2.0,1.0,0.0,,19.25,16.25,19.75,18.25,PASS_BOUNDARY,
OUTER_SIDE,LEFT,1,1.5,,,-1.0,-1.0,2.0,2.0,0.0,,19.25,15.25,19.75,18.25,PASS_BOUNDARY,
OUTER_SIDE,LEFT,1,1.5,,,-1.0,0.0,0.0,0.0,1.0,,19.25,18.25,19.75,17.25,PASS_BOUNDARY,
OUTER_SIDE,LEFT,1,1.5,,,-1.0,0.0,0.0,1.0,1.0,,19.25,17.25,19.75,17.25,PASS_BOUNDARY,
OUTER_SIDE,LEFT,1,1.5,,,-1.0,0.0,0.0,2.0,1.0,,19.25,16.25,19.75,17.25,PASS_BOUNDARY,
OUTER_SIDE,LEFT,1,1.5,,,-1.0,0.0,1.0,0.0,1.0,,19.25,17.25,19.75,17.25,PASS_BOUNDARY,
OUTER_SIDE,LEFT,1,1.5,,,-1.0,0.0,1.0,1.0,1.0,,19.25,16.25,19.75,17.25,PASS_BOUNDARY,
OUTER_SIDE,LEFT,1,1.5,,,-1.0,0.0,1.0,2.0,1.0,,19.25,15.25,19.75,17.25,PASS_BOUNDARY,
OUTER_SIDE,LEFT,1,1.5,,,-1.0,0.0,2.0,0.0,1.0,,19.25,16.25,19.75,17.25,PASS_BOUNDARY,
OUTER_SIDE,LEFT,1,1.5,,,-1.0,0.0,2.0,1.0,1.0,,19.25,15.25,19.75,17.25,PASS_BOUNDARY,
OUTER_SIDE,LEFT,1,1.5,,,-1.0,0.0,2.0,2.0,1.0,,19.25,14.25,19.75,17.25,PASS_BOUNDARY,
OUTER_SIDE,LEFT,1,1.5,,,-1.0,1.0,0.0,0.0,2.0,,19.25,17.25,19.75,16.25,PASS_BOUNDARY,
OUTER_SIDE,LEFT,1,1.5,,,-1.0,1.0,0.0,1.0,2.0,,19.25,16.25,19.75,16.25,PASS_BOUNDARY,
OUTER_SIDE,LEFT,1,1.5,,,-1.0,1.0,0.0,2.0,2.0,,19.25,15.25,19.75,16.25,PASS_BOUNDARY,
OUTER_SIDE,LEFT,1,1.5,,,-1.0,1.0,1.0,0.0,2.0,,19.25,16.25,19.75,16.25,PASS_BOUNDARY,
OUTER_SIDE,LEFT,1,1.5,,,-1.0,1.0,1.0,1.0,2.0,,19.25,15.25,19.75,16.25,PASS_BOUNDARY,
OUTER_SIDE,LEFT,1,1.5,,,-1.0,1.0,1.0,2.0,2.0,,19.25,14.25,19.75,16.25,PASS_BOUNDARY,
OUTER_SIDE,LEFT,1,1.5,,,-1.0,1.0,2.0,0.0,2.0,,19.25,15.25,19.75,16.25,PASS_BOUNDARY,
OUTER_SIDE,LEFT,1,1.5,,,-1.0,1.0,2.0,1.0,2.0,,19.25,14.25,19.75,16.25,PASS_BOUNDARY,
OUTER_SIDE,LEFT,1,1.5,,,-1.0,1.0,2.0,2.0,2.0,,19.25,13.25,19.75,16.25,PASS_BOUNDARY,
OUTER_SIDE,LEFT,1,1.5,,,0.0,-1.0,0.0,0.0,1.0,,19.25,18.25,19.75,17.25,PASS_BOUNDARY,
OUTER_SIDE,LEFT,1,1.5,,,0.0,-1.0,0.0,1.0,1.0,,19.25,17.25,19.75,17.25,PASS_BOUNDARY,
OUTER_SIDE,LEFT,1,1.5,,,0.0,-1.0,0.0,2.0,1.0,,19.25,16.25,19.75,17.25,PASS_BOUNDARY,
OUTER_SIDE,LEFT,1,1.5,,,0.0,-1.0,1.0,0.0,1.0,,19.25,17.25,19.75,17.25,PASS_BOUNDARY,
OUTER_SIDE,LEFT,1,1.5,,,0.0,-1.0,1.0,1.0,1.0,,19.25,16.25,19.75,17.25,PASS_BOUNDARY,
OUTER_SIDE,LEFT,1,1.5,,,0.0,-1.0,1.0,2.0,1.0,,19.25,15.25,19.75,17.25,PASS_BOUNDARY,
OUTER_SIDE,LEFT,1,1.5,,,0.0,-1.0,2.0,0.0,1.0,,19.25,16.25,19.75,17.25,PASS_BOUNDARY,
OUTER_SIDE,LEFT,1,1.5,,,0.0,-1.0,2.0,1.0,1.0,,19.25,15.25,19.75,17.25,PASS_BOUNDARY,
OUTER_SIDE,LEFT,1,1.5,,,0.0,-1.0,2.0,2.0,1.0,,19.25,14.25,19.75,17.25,PASS_BOUNDARY,
OUTER_SIDE,LEFT,1,1.5,,,0.0,0.0,0.0,0.0,0.0,,19.25,19.25,19.75,18.25,PASS_BOUNDARY,
OUTER_SIDE,LEFT,1,1.5,,,0.0,0.0,0.0,1.0,0.0,,19.25,18.25,19.75,18.25,PASS_BOUNDARY,
OUTER_SIDE,LEFT,1,1.5,,,0.0,0.0,0.0,2.0,0.0,,19.25,17.25,19.75,18.25,PASS_BOUNDARY,
OUTER_SIDE,LEFT,1,1.5,,,0.0,0.0,1.0,0.0,0.0,,19.25,18.25,19.75,18.25,PASS_BOUNDARY,
OUTER_SIDE,LEFT,1,1.5,,,0.0,0.0,1.0,1.0,0.0,,19.25,17.25,19.75,18.25,PASS_BOUNDARY,
OUTER_SIDE,LEFT,1,1.5,,,0.0,0.0,1.0,2.0,0.0,,19.25,16.25,19.75,18.25,PASS_BOUNDARY,
OUTER_SIDE,LEFT,1,1.5,,,0.0,0.0,2.0,0.0,0.0,,19.25,17.25,19.75,18.25,PASS_BOUNDARY,
OUTER_SIDE,LEFT,1,1.5,,,0.0,0.0,2.0,1.0,0.0,,19.25,16.25,19.75,18.25,PASS_BOUNDARY,
OUTER_SIDE,LEFT,1,1.5,,,0.0,0.0,2.0,2.0,0.0,,19.25,15.25,19.75,18.25,PASS_BOUNDARY,
OUTER_SIDE,LEFT,1,1.5,,,0.0,1.0,0.0,0.0,1.0,,19.25,18.25,19.75,17.25,PASS_BOUNDARY,
OUTER_SIDE,LEFT,1,1.5,,,0.0,1.0,0.0,1.0,1.0,,19.25,17.25,19.75,17.25,PASS_BOUNDARY,
OUTER_SIDE,LEFT,1,1.5,,,0.0,1.0,0.0,2.0,1.0,,19.25,16.25,19.75,17.25,PASS_BOUNDARY,
OUTER_SIDE,LEFT,1,1.5,,,0.0,1.0,1.0,0.0,1.0,,19.25,17.25,19.75,17.25,PASS_BOUNDARY,
OUTER_SIDE,LEFT,1,1.5,,,0.0,1.0,1.0,1.0,1.0,,19.25,16.25,19.75,17.25,PASS_BOUNDARY,
OUTER_SIDE,LEFT,1,1.5,,,0.0,1.0,1.0,2.0,1.0,,19.25,15.25,19.75,17.25,PASS_BOUNDARY,
OUTER_SIDE,LEFT,1,1.5,,,0.0,1.0,2.0,0.0,1.0,,19.25,16.25,19.75,17.25,PASS_BOUNDARY,
OUTER_SIDE,LEFT,1,1.5,,,0.0,1.0,2.0,1.0,1.0,,19.25,15.25,19.75,17.25,PASS_BOUNDARY,
OUTER_SIDE,LEFT,1,1.5,,,0.0,1.0,2.0,2.0,1.0,,19.25,14.25,19.75,17.25,PASS_BOUNDARY,
OUTER_SIDE,LEFT,1,1.5,,,1.0,-1.0,0.0,0.0,2.0,,19.25,17.25,19.75,16.25,PASS_BOUNDARY,
OUTER_SIDE,LEFT,1,1.5,,,1.0,-1.0,0.0,1.0,2.0,,19.25,16.25,19.75,16.25,PASS_BOUNDARY,
OUTER_SIDE,LEFT,1,1.5,,,1.0,-1.0,0.0,2.0,2.0,,19.25,15.25,19.75,16.25,PASS_BOUNDARY,
OUTER_SIDE,LEFT,1,1.5,,,1.0,-1.0,1.0,0.0,2.0,,19.25,16.25,19.75,16.25,PASS_BOUNDARY,
OUTER_SIDE,LEFT,1,1.5,,,1.0,-1.0,1.0,1.0,2.0,,19.25,15.25,19.75,16.25,PASS_BOUNDARY,
OUTER_SIDE,LEFT,1,1.5,,,1.0,-1.0,1.0,2.0,2.0,,19.25,14.25,19.75,16.25,PASS_BOUNDARY,
OUTER_SIDE,LEFT,1,1.5,,,1.0,-1.0,2.0,0.0,2.0,,19.25,15.25,19.75,16.25,PASS_BOUNDARY,
OUTER_SIDE,LEFT,1,1.5,,,1.0,-1.0,2.0,1.0,2.0,,19.25,14.25,19.75,16.25,PASS_BOUNDARY,
OUTER_SIDE,LEFT,1,1.5,,,1.0,-1.0,2.0,2.0,2.0,,19.25,13.25,19.75,16.25,PASS_BOUNDARY,
OUTER_SIDE,LEFT,1,1.5,,,1.0,0.0,0.0,0.0,1.0,,19.25,18.25,19.75,17.25,PASS_BOUNDARY,
OUTER_SIDE,LEFT,1,1.5,,,1.0,0.0,0.0,1.0,1.0,,19.25,17.25,19.75,17.25,PASS_BOUNDARY,
OUTER_SIDE,LEFT,1,1.5,,,1.0,0.0,0.0,2.0,1.0,,19.25,16.25,19.75,17.25,PASS_BOUNDARY,
OUTER_SIDE,LEFT,1,1.5,,,1.0,0.0,1.0,0.0,1.0,,19.25,17.25,19.75,17.25,PASS_BOUNDARY,
OUTER_SIDE,LEFT,1,1.5,,,1.0,0.0,1.0,1.0,1.0,,19.25,16.25,19.75,17.25,PASS_BOUNDARY,
OUTER_SIDE,LEFT,1,1.5,,,1.0,0.0,1.0,2.0,1.0,,19.25,15.25,19.75,17.25,PASS_BOUNDARY,
OUTER_SIDE,LEFT,1,1.5,,,1.0,0.0,2.0,0.0,1.0,,19.25,16.25,19.75,17.25,PASS_BOUNDARY,
OUTER_SIDE,LEFT,1,1.5,,,1.0,0.0,2.0,1.0,1.0,,19.25,15.25,19.75,17.25,PASS_BOUNDARY,
OUTER_SIDE,LEFT,1,1.5,,,1.0,0.0,2.0,2.0,1.0,,19.25,14.25,19.75,17.25,PASS_BOUNDARY,
OUTER_SIDE,LEFT,1,1.5,,,1.0,1.0,0.0,0.0,0.0,,19.25,19.25,19.75,18.25,PASS_BOUNDARY,
OUTER_SIDE,LEFT,1,1.5,,,1.0,1.0,0.0,1.0,0.0,,19.25,18.25,19.75,18.25,PASS_BOUNDARY,
OUTER_SIDE,LEFT,1,1.5,,,1.0,1.0,0.0,2.0,0.0,,19.25,17.25,19.75,18.25,PASS_BOUNDARY,
OUTER_SIDE,LEFT,1,1.5,,,1.0,1.0,1.0,0.0,0.0,,19.25,18.25,19.75,18.25,PASS_BOUNDARY,
OUTER_SIDE,LEFT,1,1.5,,,1.0,1.0,1.0,1.0,0.0,,19.25,17.25,19.75,18.25,PASS_BOUNDARY,
OUTER_SIDE,LEFT,1,1.5,,,1.0,1.0,1.0,2.0,0.0,,19.25,16.25,19.75,18.25,PASS_BOUNDARY,
OUTER_SIDE,LEFT,1,1.5,,,1.0,1.0,2.0,0.0,0.0,,19.25,17.25,19.75,18.25,PASS_BOUNDARY,
OUTER_SIDE,LEFT,1,1.5,,,1.0,1.0,2.0,1.0,0.0,,19.25,16.25,19.75,18.25,PASS_BOUNDARY,
OUTER_SIDE,LEFT,1,1.5,,,1.0,1.0,2.0,2.0,0.0,,19.25,15.25,19.75,18.25,PASS_BOUNDARY,
OUTER_SIDE,LEFT,2,0.0,,,-1.0,-1.0,0.0,0.0,0.0,,18.25,18.25,18.75,18.75,PASS_BOUNDARY,
OUTER_SIDE,LEFT,2,0.0,,,-1.0,-1.0,0.0,1.0,0.0,,18.25,17.25,18.75,18.75,PASS_BOUNDARY,
OUTER_SIDE,LEFT,2,0.0,,,-1.0,-1.0,0.0,2.0,0.0,,18.25,16.25,18.75,18.75,PASS_BOUNDARY,
OUTER_SIDE,LEFT,2,0.0,,,-1.0,-1.0,1.0,0.0,0.0,,18.25,17.25,18.75,18.75,PASS_BOUNDARY,
OUTER_SIDE,LEFT,2,0.0,,,-1.0,-1.0,1.0,1.0,0.0,,18.25,16.25,18.75,18.75,PASS_BOUNDARY,
OUTER_SIDE,LEFT,2,0.0,,,-1.0,-1.0,1.0,2.0,0.0,,18.25,15.25,18.75,18.75,PASS_BOUNDARY,
OUTER_SIDE,LEFT,2,0.0,,,-1.0,-1.0,2.0,0.0,0.0,,18.25,16.25,18.75,18.75,PASS_BOUNDARY,
OUTER_SIDE,LEFT,2,0.0,,,-1.0,-1.0,2.0,1.0,0.0,,18.25,15.25,18.75,18.75,PASS_BOUNDARY,
OUTER_SIDE,LEFT,2,0.0,,,-1.0,-1.0,2.0,2.0,0.0,,18.25,14.25,18.75,18.75,PASS_BOUNDARY,
OUTER_SIDE,LEFT,2,0.0,,,-1.0,0.0,0.0,0.0,1.0,,18.25,17.25,18.75,17.75,PASS_BOUNDARY,
OUTER_SIDE,LEFT,2,0.0,,,-1.0,0.0,0.0,1.0,1.0,,18.25,16.25,18.75,17.75,PASS_BOUNDARY,
OUTER_SIDE,LEFT,2,0.0,,,-1.0,0.0,0.0,2.0,1.0,,18.25,15.25,18.75,17.75,PASS_BOUNDARY,
OUTER_SIDE,LEFT,2,0.0,,,-1.0,0.0,1.0,0.0,1.0,,18.25,16.25,18.75,17.75,PASS_BOUNDARY,
OUTER_SIDE,LEFT,2,0.0,,,-1.0,0.0,1.0,1.0,1.0,,18.25,15.25,18.75,17.75,PASS_BOUNDARY,
OUTER_SIDE,LEFT,2,0.0,,,-1.0,0.0,1.0,2.0,1.0,,18.25,14.25,18.75,17.75,PASS_BOUNDARY,
OUTER_SIDE,LEFT,2,0.0,,,-1.0,0.0,2.0,0.0,1.0,,18.25,15.25,18.75,17.75,PASS_BOUNDARY,
OUTER_SIDE,LEFT,2,0.0,,,-1.0,0.0,2.0,1.0,1.0,,18.25,14.25,18.75,17.75,PASS_BOUNDARY,
OUTER_SIDE,LEFT,2,0.0,,,-1.0,0.0,2.0,2.0,1.0,,18.25,13.25,18.75,17.75,PASS_BOUNDARY,
OUTER_SIDE,LEFT,2,0.0,,,-1.0,1.0,0.0,0.0,2.0,,18.25,16.25,18.75,16.75,PASS_BOUNDARY,
OUTER_SIDE,LEFT,2,0.0,,,-1.0,1.0,0.0,1.0,2.0,,18.25,15.25,18.75,16.75,PASS_BOUNDARY,
OUTER_SIDE,LEFT,2,0.0,,,-1.0,1.0,0.0,2.0,2.0,,18.25,14.25,18.75,16.75,PASS_BOUNDARY,
OUTER_SIDE,LEFT,2,0.0,,,-1.0,1.0,1.0,0.0,2.0,,18.25,15.25,18.75,16.75,PASS_BOUNDARY,
OUTER_SIDE,LEFT,2,0.0,,,-1.0,1.0,1.0,1.0,2.0,,18.25,14.25,18.75,16.75,PASS_BOUNDARY,
OUTER_SIDE,LEFT,2,0.0,,,-1.0,1.0,1.0,2.0,2.0,,18.25,13.25,18.75,16.75,PASS_BOUNDARY,
OUTER_SIDE,LEFT,2,0.0,,,-1.0,1.0,2.0,0.0,2.0,,18.25,14.25,18.75,16.75,PASS_BOUNDARY,
OUTER_SIDE,LEFT,2,0.0,,,-1.0,1.0,2.0,1.0,2.0,,18.25,13.25,18.75,16.75,PASS_BOUNDARY,
OUTER_SIDE,LEFT,2,0.0,,,-1.0,1.0,2.0,2.0,2.0,,18.25,12.25,18.75,16.75,PASS_BOUNDARY,
OUTER_SIDE,LEFT,2,0.0,,,0.0,-1.0,0.0,0.0,1.0,,18.25,17.25,18.75,17.75,PASS_BOUNDARY,
OUTER_SIDE,LEFT,2,0.0,,,0.0,-1.0,0.0,1.0,1.0,,18.25,16.25,18.75,17.75,PASS_BOUNDARY,
OUTER_SIDE,LEFT,2,0.0,,,0.0,-1.0,0.0,2.0,1.0,,18.25,15.25,18.75,17.75,PASS_BOUNDARY,
OUTER_SIDE,LEFT,2,0.0,,,0.0,-1.0,1.0,0.0,1.0,,18.25,16.25,18.75,17.75,PASS_BOUNDARY,
OUTER_SIDE,LEFT,2,0.0,,,0.0,-1.0,1.0,1.0,1.0,,18.25,15.25,18.75,17.75,PASS_BOUNDARY,
OUTER_SIDE,LEFT,2,0.0,,,0.0,-1.0,1.0,2.0,1.0,,18.25,14.25,18.75,17.75,PASS_BOUNDARY,
OUTER_SIDE,LEFT,2,0.0,,,0.0,-1.0,2.0,0.0,1.0,,18.25,15.25,18.75,17.75,PASS_BOUNDARY,
OUTER_SIDE,LEFT,2,0.0,,,0.0,-1.0,2.0,1.0,1.0,,18.25,14.25,18.75,17.75,PASS_BOUNDARY,
OUTER_SIDE,LEFT,2,0.0,,,0.0,-1.0,2.0,2.0,1.0,,18.25,13.25,18.75,17.75,PASS_BOUNDARY,
OUTER_SIDE,LEFT,2,0.0,,,0.0,0.0,0.0,0.0,0.0,,18.25,18.25,18.75,18.75,PASS_BOUNDARY,
OUTER_SIDE,LEFT,2,0.0,,,0.0,0.0,0.0,1.0,0.0,,18.25,17.25,18.75,18.75,PASS_BOUNDARY,
OUTER_SIDE,LEFT,2,0.0,,,0.0,0.0,0.0,2.0,0.0,,18.25,16.25,18.75,18.75,PASS_BOUNDARY,
OUTER_SIDE,LEFT,2,0.0,,,0.0,0.0,1.0,0.0,0.0,,18.25,17.25,18.75,18.75,PASS_BOUNDARY,
OUTER_SIDE,LEFT,2,0.0,,,0.0,0.0,1.0,1.0,0.0,,18.25,16.25,18.75,18.75,PASS_BOUNDARY,
OUTER_SIDE,LEFT,2,0.0,,,0.0,0.0,1.0,2.0,0.0,,18.25,15.25,18.75,18.75,PASS_BOUNDARY,
OUTER_SIDE,LEFT,2,0.0,,,0.0,0.0,2.0,0.0,0.0,,18.25,16.25,18.75,18.75,PASS_BOUNDARY,
OUTER_SIDE,LEFT,2,0.0,,,0.0,0.0,2.0,1.0,0.0,,18.25,15.25,18.75,18.75,PASS_BOUNDARY,
OUTER_SIDE,LEFT,2,0.0,,,0.0,0.0,2.0,2.0,0.0,,18.25,14.25,18.75,18.75,PASS_BOUNDARY,
OUTER_SIDE,LEFT,2,0.0,,,0.0,1.0,0.0,0.0,1.0,,18.25,17.25,18.75,17.75,PASS_BOUNDARY,
OUTER_SIDE,LEFT,2,0.0,,,0.0,1.0,0.0,1.0,1.0,,18.25,16.25,18.75,17.75,PASS_BOUNDARY,
OUTER_SIDE,LEFT,2,0.0,,,0.0,1.0,0.0,2.0,1.0,,18.25,15.25,18.75,17.75,PASS_BOUNDARY,
OUTER_SIDE,LEFT,2,0.0,,,0.0,1.0,1.0,0.0,1.0,,18.25,16.25,18.75,17.75,PASS_BOUNDARY,
OUTER_SIDE,LEFT,2,0.0,,,0.0,1.0,1.0,1.0,1.0,,18.25,15.25,18.75,17.75,PASS_BOUNDARY,
OUTER_SIDE,LEFT,2,0.0,,,0.0,1.0,1.0,2.0,1.0,,18.25,14.25,18.75,17.75,PASS_BOUNDARY,
OUTER_SIDE,LEFT,2,0.0,,,0.0,1.0,2.0,0.0,1.0,,18.25,15.25,18.75,17.75,PASS_BOUNDARY,
OUTER_SIDE,LEFT,2,0.0,,,0.0,1.0,2.0,1.0,1.0,,18.25,14.25,18.75,17.75,PASS_BOUNDARY,
OUTER_SIDE,LEFT,2,0.0,,,0.0,1.0,2.0,2.0,1.0,,18.25,13.25,18.75,17.75,PASS_BOUNDARY,
OUTER_SIDE,LEFT,2,0.0,,,1.0,-1.0,0.0,0.0,2.0,,18.25,16.25,18.75,16.75,PASS_BOUNDARY,
OUTER_SIDE,LEFT,2,0.0,,,1.0,-1.0,0.0,1.0,2.0,,18.25,15.25,18.75,16.75,PASS_BOUNDARY,
OUTER_SIDE,LEFT,2,0.0,,,1.0,-1.0,0.0,2.0,2.0,,18.25,14.25,18.75,16.75,PASS_BOUNDARY,
OUTER_SIDE,LEFT,2,0.0,,,1.0,-1.0,1.0,0.0,2.0,,18.25,15.25,18.75,16.75,PASS_BOUNDARY,
OUTER_SIDE,LEFT,2,0.0,,,1.0,-1.0,1.0,1.0,2.0,,18.25,14.25,18.75,16.75,PASS_BOUNDARY,
OUTER_SIDE,LEFT,2,0.0,,,1.0,-1.0,1.0,2.0,2.0,,18.25,13.25,18.75,16.75,PASS_BOUNDARY,
OUTER_SIDE,LEFT,2,0.0,,,1.0,-1.0,2.0,0.0,2.0,,18.25,14.25,18.75,16.75,PASS_BOUNDARY,
OUTER_SIDE,LEFT,2,0.0,,,1.0,-1.0,2.0,1.0,2.0,,18.25,13.25,18.75,16.75,PASS_BOUNDARY,
OUTER_SIDE,LEFT,2,0.0,,,1.0,-1.0,2.0,2.0,2.0,,18.25,12.25,18.75,16.75,PASS_BOUNDARY,
OUTER_SIDE,LEFT,2,0.0,,,1.0,0.0,0.0,0.0,1.0,,18.25,17.25,18.75,17.75,PASS_BOUNDARY,
OUTER_SIDE,LEFT,2,0.0,,,1.0,0.0,0.0,1.0,1.0,,18.25,16.25,18.75,17.75,PASS_BOUNDARY,
OUTER_SIDE,LEFT,2,0.0,,,1.0,0.0,0.0,2.0,1.0,,18.25,15.25,18.75,17.75,PASS_BOUNDARY,
OUTER_SIDE,LEFT,2,0.0,,,1.0,0.0,1.0,0.0,1.0,,18.25,16.25,18.75,17.75,PASS_BOUNDARY,
OUTER_SIDE,LEFT,2,0.0,,,1.0,0.0,1.0,1.0,1.0,,18.25,15.25,18.75,17.75,PASS_BOUNDARY,
OUTER_SIDE,LEFT,2,0.0,,,1.0,0.0,1.0,2.0,1.0,,18.25,14.25,18.75,17.75,PASS_BOUNDARY,
OUTER_SIDE,LEFT,2,0.0,,,1.0,0.0,2.0,0.0,1.0,,18.25,15.25,18.75,17.75,PASS_BOUNDARY,
OUTER_SIDE,LEFT,2,0.0,,,1.0,0.0,2.0,1.0,1.0,,18.25,14.25,18.75,17.75,PASS_BOUNDARY,
OUTER_SIDE,LEFT,2,0.0,,,1.0,0.0,2.0,2.0,1.0,,18.25,13.25,18.75,17.75,PASS_BOUNDARY,
OUTER_SIDE,LEFT,2,0.0,,,1.0,1.0,0.0,0.0,0.0,,18.25,18.25,18.75,18.75,PASS_BOUNDARY,
OUTER_SIDE,LEFT,2,0.0,,,1.0,1.0,0.0,1.0,0.0,,18.25,17.25,18.75,18.75,PASS_BOUNDARY,
OUTER_SIDE,LEFT,2,0.0,,,1.0,1.0,0.0,2.0,0.0,,18.25,16.25,18.75,18.75,PASS_BOUNDARY,
OUTER_SIDE,LEFT,2,0.0,,,1.0,1.0,1.0,0.0,0.0,,18.25,17.25,18.75,18.75,PASS_BOUNDARY,
OUTER_SIDE,LEFT,2,0.0,,,1.0,1.0,1.0,1.0,0.0,,18.25,16.25,18.75,18.75,PASS_BOUNDARY,
OUTER_SIDE,LEFT,2,0.0,,,1.0,1.0,1.0,2.0,0.0,,18.25,15.25,18.75,18.75,PASS_BOUNDARY,
OUTER_SIDE,LEFT,2,0.0,,,1.0,1.0,2.0,0.0,0.0,,18.25,16.25,18.75,18.75,PASS_BOUNDARY,
OUTER_SIDE,LEFT,2,0.0,,,1.0,1.0,2.0,1.0,0.0,,18.25,15.25,18.75,18.75,PASS_BOUNDARY,
OUTER_SIDE,LEFT,2,0.0,,,1.0,1.0,2.0,2.0,0.0,,18.25,14.25,18.75,18.75,PASS_BOUNDARY,
OUTER_SIDE,LEFT,2,0.5,,,-1.0,-1.0,0.0,0.0,0.0,,18.25,18.25,18.75,18.25,PASS_BOUNDARY,
OUTER_SIDE,LEFT,2,0.5,,,-1.0,-1.0,0.0,1.0,0.0,,18.25,17.25,18.75,18.25,PASS_BOUNDARY,
OUTER_SIDE,LEFT,2,0.5,,,-1.0,-1.0,0.0,2.0,0.0,,18.25,16.25,18.75,18.25,PASS_BOUNDARY,
OUTER_SIDE,LEFT,2,0.5,,,-1.0,-1.0,1.0,0.0,0.0,,18.25,17.25,18.75,18.25,PASS_BOUNDARY,
OUTER_SIDE,LEFT,2,0.5,,,-1.0,-1.0,1.0,1.0,0.0,,18.25,16.25,18.75,18.25,PASS_BOUNDARY,
OUTER_SIDE,LEFT,2,0.5,,,-1.0,-1.0,1.0,2.0,0.0,,18.25,15.25,18.75,18.25,PASS_BOUNDARY,
OUTER_SIDE,LEFT,2,0.5,,,-1.0,-1.0,2.0,0.0,0.0,,18.25,16.25,18.75,18.25,PASS_BOUNDARY,
OUTER_SIDE,LEFT,2,0.5,,,-1.0,-1.0,2.0,1.0,0.0,,18.25,15.25,18.75,18.25,PASS_BOUNDARY,
OUTER_SIDE,LEFT,2,0.5,,,-1.0,-1.0,2.0,2.0,0.0,,18.25,14.25,18.75,18.25,PASS_BOUNDARY,
OUTER_SIDE,LEFT,2,0.5,,,-1.0,0.0,0.0,0.0,1.0,,18.25,17.25,18.75,17.25,PASS_BOUNDARY,
OUTER_SIDE,LEFT,2,0.5,,,-1.0,0.0,0.0,1.0,1.0,,18.25,16.25,18.75,17.25,PASS_BOUNDARY,
OUTER_SIDE,LEFT,2,0.5,,,-1.0,0.0,0.0,2.0,1.0,,18.25,15.25,18.75,17.25,PASS_BOUNDARY,
OUTER_SIDE,LEFT,2,0.5,,,-1.0,0.0,1.0,0.0,1.0,,18.25,16.25,18.75,17.25,PASS_BOUNDARY,
OUTER_SIDE,LEFT,2,0.5,,,-1.0,0.0,1.0,1.0,1.0,,18.25,15.25,18.75,17.25,PASS_BOUNDARY,
OUTER_SIDE,LEFT,2,0.5,,,-1.0,0.0,1.0,2.0,1.0,,18.25,14.25,18.75,17.25,PASS_BOUNDARY,
OUTER_SIDE,LEFT,2,0.5,,,-1.0,0.0,2.0,0.0,1.0,,18.25,15.25,18.75,17.25,PASS_BOUNDARY,
OUTER_SIDE,LEFT,2,0.5,,,-1.0,0.0,2.0,1.0,1.0,,18.25,14.25,18.75,17.25,PASS_BOUNDARY,
OUTER_SIDE,LEFT,2,0.5,,,-1.0,0.0,2.0,2.0,1.0,,18.25,13.25,18.75,17.25,PASS_BOUNDARY,
OUTER_SIDE,LEFT,2,0.5,,,-1.0,1.0,0.0,0.0,2.0,,18.25,16.25,18.75,16.25,PASS_BOUNDARY,
OUTER_SIDE,LEFT,2,0.5,,,-1.0,1.0,0.0,1.0,2.0,,18.25,15.25,18.75,16.25,PASS_BOUNDARY,
OUTER_SIDE,LEFT,2,0.5,,,-1.0,1.0,0.0,2.0,2.0,,18.25,14.25,18.75,16.25,PASS_BOUNDARY,
OUTER_SIDE,LEFT,2,0.5,,,-1.0,1.0,1.0,0.0,2.0,,18.25,15.25,18.75,16.25,PASS_BOUNDARY,
OUTER_SIDE,LEFT,2,0.5,,,-1.0,1.0,1.0,1.0,2.0,,18.25,14.25,18.75,16.25,PASS_BOUNDARY,
OUTER_SIDE,LEFT,2,0.5,,,-1.0,1.0,1.0,2.0,2.0,,18.25,13.25,18.75,16.25,PASS_BOUNDARY,
OUTER_SIDE,LEFT,2,0.5,,,-1.0,1.0,2.0,0.0,2.0,,18.25,14.25,18.75,16.25,PASS_BOUNDARY,
OUTER_SIDE,LEFT,2,0.5,,,-1.0,1.0,2.0,1.0,2.0,,18.25,13.25,18.75,16.25,PASS_BOUNDARY,
OUTER_SIDE,LEFT,2,0.5,,,-1.0,1.0,2.0,2.0,2.0,,18.25,12.25,18.75,16.25,PASS_BOUNDARY,
OUTER_SIDE,LEFT,2,0.5,,,0.0,-1.0,0.0,0.0,1.0,,18.25,17.25,18.75,17.25,PASS_BOUNDARY,
OUTER_SIDE,LEFT,2,0.5,,,0.0,-1.0,0.0,1.0,1.0,,18.25,16.25,18.75,17.25,PASS_BOUNDARY,
OUTER_SIDE,LEFT,2,0.5,,,0.0,-1.0,0.0,2.0,1.0,,18.25,15.25,18.75,17.25,PASS_BOUNDARY,
OUTER_SIDE,LEFT,2,0.5,,,0.0,-1.0,1.0,0.0,1.0,,18.25,16.25,18.75,17.25,PASS_BOUNDARY,
OUTER_SIDE,LEFT,2,0.5,,,0.0,-1.0,1.0,1.0,1.0,,18.25,15.25,18.75,17.25,PASS_BOUNDARY,
OUTER_SIDE,LEFT,2,0.5,,,0.0,-1.0,1.0,2.0,1.0,,18.25,14.25,18.75,17.25,PASS_BOUNDARY,
OUTER_SIDE,LEFT,2,0.5,,,0.0,-1.0,2.0,0.0,1.0,,18.25,15.25,18.75,17.25,PASS_BOUNDARY,
OUTER_SIDE,LEFT,2,0.5,,,0.0,-1.0,2.0,1.0,1.0,,18.25,14.25,18.75,17.25,PASS_BOUNDARY,
OUTER_SIDE,LEFT,2,0.5,,,0.0,-1.0,2.0,2.0,1.0,,18.25,13.25,18.75,17.25,PASS_BOUNDARY,
OUTER_SIDE,LEFT,2,0.5,,,0.0,0.0,0.0,0.0,0.0,,18.25,18.25,18.75,18.25,PASS_BOUNDARY,
OUTER_SIDE,LEFT,2,0.5,,,0.0,0.0,0.0,1.0,0.0,,18.25,17.25,18.75,18.25,PASS_BOUNDARY,
OUTER_SIDE,LEFT,2,0.5,,,0.0,0.0,0.0,2.0,0.0,,18.25,16.25,18.75,18.25,PASS_BOUNDARY,
OUTER_SIDE,LEFT,2,0.5,,,0.0,0.0,1.0,0.0,0.0,,18.25,17.25,18.75,18.25,PASS_BOUNDARY,
OUTER_SIDE,LEFT,2,0.5,,,0.0,0.0,1.0,1.0,0.0,,18.25,16.25,18.75,18.25,PASS_BOUNDARY,
OUTER_SIDE,LEFT,2,0.5,,,0.0,0.0,1.0,2.0,0.0,,18.25,15.25,18.75,18.25,PASS_BOUNDARY,
OUTER_SIDE,LEFT,2,0.5,,,0.0,0.0,2.0,0.0,0.0,,18.25,16.25,18.75,18.25,PASS_BOUNDARY,
OUTER_SIDE,LEFT,2,0.5,,,0.0,0.0,2.0,1.0,0.0,,18.25,15.25,18.75,18.25,PASS_BOUNDARY,
OUTER_SIDE,LEFT,2,0.5,,,0.0,0.0,2.0,2.0,0.0,,18.25,14.25,18.75,18.25,PASS_BOUNDARY,
OUTER_SIDE,LEFT,2,0.5,,,0.0,1.0,0.0,0.0,1.0,,18.25,17.25,18.75,17.25,PASS_BOUNDARY,
OUTER_SIDE,LEFT,2,0.5,,,0.0,1.0,0.0,1.0,1.0,,18.25,16.25,18.75,17.25,PASS_BOUNDARY,
OUTER_SIDE,LEFT,2,0.5,,,0.0,1.0,0.0,2.0,1.0,,18.25,15.25,18.75,17.25,PASS_BOUNDARY,
OUTER_SIDE,LEFT,2,0.5,,,0.0,1.0,1.0,0.0,1.0,,18.25,16.25,18.75,17.25,PASS_BOUNDARY,
OUTER_SIDE,LEFT,2,0.5,,,0.0,1.0,1.0,1.0,1.0,,18.25,15.25,18.75,17.25,PASS_BOUNDARY,
OUTER_SIDE,LEFT,2,0.5,,,0.0,1.0,1.0,2.0,1.0,,18.25,14.25,18.75,17.25,PASS_BOUNDARY,
OUTER_SIDE,LEFT,2,0.5,,,0.0,1.0,2.0,0.0,1.0,,18.25,15.25,18.75,17.25,PASS_BOUNDARY,
OUTER_SIDE,LEFT,2,0.5,,,0.0,1.0,2.0,1.0,1.0,,18.25,14.25,18.75,17.25,PASS_BOUNDARY,
OUTER_SIDE,LEFT,2,0.5,,,0.0,1.0,2.0,2.0,1.0,,18.25,13.25,18.75,17.25,PASS_BOUNDARY,
OUTER_SIDE,LEFT,2,0.5,,,1.0,-1.0,0.0,0.0,2.0,,18.25,16.25,18.75,16.25,PASS_BOUNDARY,
OUTER_SIDE,LEFT,2,0.5,,,1.0,-1.0,0.0,1.0,2.0,,18.25,15.25,18.75,16.25,PASS_BOUNDARY,
OUTER_SIDE,LEFT,2,0.5,,,1.0,-1.0,0.0,2.0,2.0,,18.25,14.25,18.75,16.25,PASS_BOUNDARY,
OUTER_SIDE,LEFT,2,0.5,,,1.0,-1.0,1.0,0.0,2.0,,18.25,15.25,18.75,16.25,PASS_BOUNDARY,
OUTER_SIDE,LEFT,2,0.5,,,1.0,-1.0,1.0,1.0,2.0,,18.25,14.25,18.75,16.25,PASS_BOUNDARY,
OUTER_SIDE,LEFT,2,0.5,,,1.0,-1.0,1.0,2.0,2.0,,18.25,13.25,18.75,16.25,PASS_BOUNDARY,
OUTER_SIDE,LEFT,2,0.5,,,1.0,-1.0,2.0,0.0,2.0,,18.25,14.25,18.75,16.25,PASS_BOUNDARY,
OUTER_SIDE,LEFT,2,0.5,,,1.0,-1.0,2.0,1.0,2.0,,18.25,13.25,18.75,16.25,PASS_BOUNDARY,
OUTER_SIDE,LEFT,2,0.5,,,1.0,-1.0,2.0,2.0,2.0,,18.25,12.25,18.75,16.25,PASS_BOUNDARY,
OUTER_SIDE,LEFT,2,0.5,,,1.0,0.0,0.0,0.0,1.0,,18.25,17.25,18.75,17.25,PASS_BOUNDARY,
OUTER_SIDE,LEFT,2,0.5,,,1.0,0.0,0.0,1.0,1.0,,18.25,16.25,18.75,17.25,PASS_BOUNDARY,
OUTER_SIDE,LEFT,2,0.5,,,1.0,0.0,0.0,2.0,1.0,,18.25,15.25,18.75,17.25,PASS_BOUNDARY,
OUTER_SIDE,LEFT,2,0.5,,,1.0,0.0,1.0,0.0,1.0,,18.25,16.25,18.75,17.25,PASS_BOUNDARY,
OUTER_SIDE,LEFT,2,0.5,,,1.0,0.0,1.0,1.0,1.0,,18.25,15.25,18.75,17.25,PASS_BOUNDARY,
OUTER_SIDE,LEFT,2,0.5,,,1.0,0.0,1.0,2.0,1.0,,18.25,14.25,18.75,17.25,PASS_BOUNDARY,
OUTER_SIDE,LEFT,2,0.5,,,1.0,0.0,2.0,0.0,1.0,,18.25,15.25,18.75,17.25,PASS_BOUNDARY,
OUTER_SIDE,LEFT,2,0.5,,,1.0,0.0,2.0,1.0,1.0,,18.25,14.25,18.75,17.25,PASS_BOUNDARY,
OUTER_SIDE,LEFT,2,0.5,,,1.0,0.0,2.0,2.0,1.0,,18.25,13.25,18.75,17.25,PASS_BOUNDARY,
OUTER_SIDE,LEFT,2,0.5,,,1.0,1.0,0.0,0.0,0.0,,18.25,18.25,18.75,18.25,PASS_BOUNDARY,
OUTER_SIDE,LEFT,2,0.5,,,1.0,1.0,0.0,1.0,0.0,,18.25,17.25,18.75,18.25,PASS_BOUNDARY,
OUTER_SIDE,LEFT,2,0.5,,,1.0,1.0,0.0,2.0,0.0,,18.25,16.25,18.75,18.25,PASS_BOUNDARY,
OUTER_SIDE,LEFT,2,0.5,,,1.0,1.0,1.0,0.0,0.0,,18.25,17.25,18.75,18.25,PASS_BOUNDARY,
OUTER_SIDE,LEFT,2,0.5,,,1.0,1.0,1.0,1.0,0.0,,18.25,16.25,18.75,18.25,PASS_BOUNDARY,
OUTER_SIDE,LEFT,2,0.5,,,1.0,1.0,1.0,2.0,0.0,,18.25,15.25,18.75,18.25,PASS_BOUNDARY,
OUTER_SIDE,LEFT,2,0.5,,,1.0,1.0,2.0,0.0,0.0,,18.25,16.25,18.75,18.25,PASS_BOUNDARY,
OUTER_SIDE,LEFT,2,0.5,,,1.0,1.0,2.0,1.0,0.0,,18.25,15.25,18.75,18.25,PASS_BOUNDARY,
OUTER_SIDE,LEFT,2,0.5,,,1.0,1.0,2.0,2.0,0.0,,18.25,14.25,18.75,18.25,PASS_BOUNDARY,
OUTER_SIDE,LEFT,2,1.0,,,-1.0,-1.0,0.0,0.0,0.0,,18.25,18.25,18.75,17.75,PASS_BOUNDARY,
OUTER_SIDE,LEFT,2,1.0,,,-1.0,-1.0,0.0,1.0,0.0,,18.25,17.25,18.75,17.75,PASS_BOUNDARY,
OUTER_SIDE,LEFT,2,1.0,,,-1.0,-1.0,0.0,2.0,0.0,,18.25,16.25,18.75,17.75,PASS_BOUNDARY,
OUTER_SIDE,LEFT,2,1.0,,,-1.0,-1.0,1.0,0.0,0.0,,18.25,17.25,18.75,17.75,PASS_BOUNDARY,
OUTER_SIDE,LEFT,2,1.0,,,-1.0,-1.0,1.0,1.0,0.0,,18.25,16.25,18.75,17.75,PASS_BOUNDARY,
OUTER_SIDE,LEFT,2,1.0,,,-1.0,-1.0,1.0,2.0,0.0,,18.25,15.25,18.75,17.75,PASS_BOUNDARY,
OUTER_SIDE,LEFT,2,1.0,,,-1.0,-1.0,2.0,0.0,0.0,,18.25,16.25,18.75,17.75,PASS_BOUNDARY,
OUTER_SIDE,LEFT,2,1.0,,,-1.0,-1.0,2.0,1.0,0.0,,18.25,15.25,18.75,17.75,PASS_BOUNDARY,
OUTER_SIDE,LEFT,2,1.0,,,-1.0,-1.0,2.0,2.0,0.0,,18.25,14.25,18.75,17.75,PASS_BOUNDARY,
OUTER_SIDE,LEFT,2,1.0,,,-1.0,0.0,0.0,0.0,1.0,,18.25,17.25,18.75,16.75,PASS_BOUNDARY,
OUTER_SIDE,LEFT,2,1.0,,,-1.0,0.0,0.0,1.0,1.0,,18.25,16.25,18.75,16.75,PASS_BOUNDARY,
OUTER_SIDE,LEFT,2,1.0,,,-1.0,0.0,0.0,2.0,1.0,,18.25,15.25,18.75,16.75,PASS_BOUNDARY,
OUTER_SIDE,LEFT,2,1.0,,,-1.0,0.0,1.0,0.0,1.0,,18.25,16.25,18.75,16.75,PASS_BOUNDARY,
OUTER_SIDE,LEFT,2,1.0,,,-1.0,0.0,1.0,1.0,1.0,,18.25,15.25,18.75,16.75,PASS_BOUNDARY,
OUTER_SIDE,LEFT,2,1.0,,,-1.0,0.0,1.0,2.0,1.0,,18.25,14.25,18.75,16.75,PASS_BOUNDARY,
OUTER_SIDE,LEFT,2,1.0,,,-1.0,0.0,2.0,0.0,1.0,,18.25,15.25,18.75,16.75,PASS_BOUNDARY,
OUTER_SIDE,LEFT,2,1.0,,,-1.0,0.0,2.0,1.0,1.0,,18.25,14.25,18.75,16.75,PASS_BOUNDARY,
OUTER_SIDE,LEFT,2,1.0,,,-1.0,0.0,2.0,2.0,1.0,,18.25,13.25,18.75,16.75,PASS_BOUNDARY,
OUTER_SIDE,LEFT,2,1.0,,,-1.0,1.0,0.0,0.0,2.0,,18.25,16.25,18.75,15.75,PASS_BOUNDARY,
OUTER_SIDE,LEFT,2,1.0,,,-1.0,1.0,0.0,1.0,2.0,,18.25,15.25,18.75,15.75,PASS_BOUNDARY,
OUTER_SIDE,LEFT,2,1.0,,,-1.0,1.0,0.0,2.0,2.0,,18.25,14.25,18.75,15.75,PASS_BOUNDARY,
OUTER_SIDE,LEFT,2,1.0,,,-1.0,1.0,1.0,0.0,2.0,,18.25,15.25,18.75,15.75,PASS_BOUNDARY,
OUTER_SIDE,LEFT,2,1.0,,,-1.0,1.0,1.0,1.0,2.0,,18.25,14.25,18.75,15.75,PASS_BOUNDARY,
OUTER_SIDE,LEFT,2,1.0,,,-1.0,1.0,1.0,2.0,2.0,,18.25,13.25,18.75,15.75,PASS_BOUNDARY,
OUTER_SIDE,LEFT,2,1.0,,,-1.0,1.0,2.0,0.0,2.0,,18.25,14.25,18.75,15.75,PASS_BOUNDARY,
OUTER_SIDE,LEFT,2,1.0,,,-1.0,1.0,2.0,1.0,2.0,,18.25,13.25,18.75,15.75,PASS_BOUNDARY,
OUTER_SIDE,LEFT,2,1.0,,,-1.0,1.0,2.0,2.0,2.0,,18.25,12.25,18.75,15.75,PASS_BOUNDARY,
OUTER_SIDE,LEFT,2,1.0,,,0.0,-1.0,0.0,0.0,1.0,,18.25,17.25,18.75,16.75,PASS_BOUNDARY,
OUTER_SIDE,LEFT,2,1.0,,,0.0,-1.0,0.0,1.0,1.0,,18.25,16.25,18.75,16.75,PASS_BOUNDARY,
OUTER_SIDE,LEFT,2,1.0,,,0.0,-1.0,0.0,2.0,1.0,,18.25,15.25,18.75,16.75,PASS_BOUNDARY,
OUTER_SIDE,LEFT,2,1.0,,,0.0,-1.0,1.0,0.0,1.0,,18.25,16.25,18.75,16.75,PASS_BOUNDARY,
OUTER_SIDE,LEFT,2,1.0,,,0.0,-1.0,1.0,1.0,1.0,,18.25,15.25,18.75,16.75,PASS_BOUNDARY,
OUTER_SIDE,LEFT,2,1.0,,,0.0,-1.0,1.0,2.0,1.0,,18.25,14.25,18.75,16.75,PASS_BOUNDARY,
OUTER_SIDE,LEFT,2,1.0,,,0.0,-1.0,2.0,0.0,1.0,,18.25,15.25,18.75,16.75,PASS_BOUNDARY,
OUTER_SIDE,LEFT,2,1.0,,,0.0,-1.0,2.0,1.0,1.0,,18.25,14.25,18.75,16.75,PASS_BOUNDARY,
OUTER_SIDE,LEFT,2,1.0,,,0.0,-1.0,2.0,2.0,1.0,,18.25,13.25,18.75,16.75,PASS_BOUNDARY,
OUTER_SIDE,LEFT,2,1.0,,,0.0,0.0,0.0,0.0,0.0,,18.25,18.25,18.75,17.75,PASS_BOUNDARY,
OUTER_SIDE,LEFT,2,1.0,,,0.0,0.0,0.0,1.0,0.0,,18.25,17.25,18.75,17.75,PASS_BOUNDARY,
OUTER_SIDE,LEFT,2,1.0,,,0.0,0.0,0.0,2.0,0.0,,18.25,16.25,18.75,17.75,PASS_BOUNDARY,
OUTER_SIDE,LEFT,2,1.0,,,0.0,0.0,1.0,0.0,0.0,,18.25,17.25,18.75,17.75,PASS_BOUNDARY,
OUTER_SIDE,LEFT,2,1.0,,,0.0,0.0,1.0,1.0,0.0,,18.25,16.25,18.75,17.75,PASS_BOUNDARY,
OUTER_SIDE,LEFT,2,1.0,,,0.0,0.0,1.0,2.0,0.0,,18.25,15.25,18.75,17.75,PASS_BOUNDARY,
OUTER_SIDE,LEFT,2,1.0,,,0.0,0.0,2.0,0.0,0.0,,18.25,16.25,18.75,17.75,PASS_BOUNDARY,
OUTER_SIDE,LEFT,2,1.0,,,0.0,0.0,2.0,1.0,0.0,,18.25,15.25,18.75,17.75,PASS_BOUNDARY,
OUTER_SIDE,LEFT,2,1.0,,,0.0,0.0,2.0,2.0,0.0,,18.25,14.25,18.75,17.75,PASS_BOUNDARY,
OUTER_SIDE,LEFT,2,1.0,,,0.0,1.0,0.0,0.0,1.0,,18.25,17.25,18.75,16.75,PASS_BOUNDARY,
OUTER_SIDE,LEFT,2,1.0,,,0.0,1.0,0.0,1.0,1.0,,18.25,16.25,18.75,16.75,PASS_BOUNDARY,
OUTER_SIDE,LEFT,2,1.0,,,0.0,1.0,0.0,2.0,1.0,,18.25,15.25,18.75,16.75,PASS_BOUNDARY,
OUTER_SIDE,LEFT,2,1.0,,,0.0,1.0,1.0,0.0,1.0,,18.25,16.25,18.75,16.75,PASS_BOUNDARY,
OUTER_SIDE,LEFT,2,1.0,,,0.0,1.0,1.0,1.0,1.0,,18.25,15.25,18.75,16.75,PASS_BOUNDARY,
OUTER_SIDE,LEFT,2,1.0,,,0.0,1.0,1.0,2.0,1.0,,18.25,14.25,18.75,16.75,PASS_BOUNDARY,
OUTER_SIDE,LEFT,2,1.0,,,0.0,1.0,2.0,0.0,1.0,,18.25,15.25,18.75,16.75,PASS_BOUNDARY,
OUTER_SIDE,LEFT,2,1.0,,,0.0,1.0,2.0,1.0,1.0,,18.25,14.25,18.75,16.75,PASS_BOUNDARY,
OUTER_SIDE,LEFT,2,1.0,,,0.0,1.0,2.0,2.0,1.0,,18.25,13.25,18.75,16.75,PASS_BOUNDARY,
OUTER_SIDE,LEFT,2,1.0,,,1.0,-1.0,0.0,0.0,2.0,,18.25,16.25,18.75,15.75,PASS_BOUNDARY,
OUTER_SIDE,LEFT,2,1.0,,,1.0,-1.0,0.0,1.0,2.0,,18.25,15.25,18.75,15.75,PASS_BOUNDARY,
OUTER_SIDE,LEFT,2,1.0,,,1.0,-1.0,0.0,2.0,2.0,,18.25,14.25,18.75,15.75,PASS_BOUNDARY,
OUTER_SIDE,LEFT,2,1.0,,,1.0,-1.0,1.0,0.0,2.0,,18.25,15.25,18.75,15.75,PASS_BOUNDARY,
OUTER_SIDE,LEFT,2,1.0,,,1.0,-1.0,1.0,1.0,2.0,,18.25,14.25,18.75,15.75,PASS_BOUNDARY,
OUTER_SIDE,LEFT,2,1.0,,,1.0,-1.0,1.0,2.0,2.0,,18.25,13.25,18.75,15.75,PASS_BOUNDARY,
OUTER_SIDE,LEFT,2,1.0,,,1.0,-1.0,2.0,0.0,2.0,,18.25,14.25,18.75,15.75,PASS_BOUNDARY,
OUTER_SIDE,LEFT,2,1.0,,,1.0,-1.0,2.0,1.0,2.0,,18.25,13.25,18.75,15.75,PASS_BOUNDARY,
OUTER_SIDE,LEFT,2,1.0,,,1.0,-1.0,2.0,2.0,2.0,,18.25,12.25,18.75,15.75,PASS_BOUNDARY,
OUTER_SIDE,LEFT,2,1.0,,,1.0,0.0,0.0,0.0,1.0,,18.25,17.25,18.75,16.75,PASS_BOUNDARY,
OUTER_SIDE,LEFT,2,1.0,,,1.0,0.0,0.0,1.0,1.0,,18.25,16.25,18.75,16.75,PASS_BOUNDARY,
OUTER_SIDE,LEFT,2,1.0,,,1.0,0.0,0.0,2.0,1.0,,18.25,15.25,18.75,16.75,PASS_BOUNDARY,
OUTER_SIDE,LEFT,2,1.0,,,1.0,0.0,1.0,0.0,1.0,,18.25,16.25,18.75,16.75,PASS_BOUNDARY,
OUTER_SIDE,LEFT,2,1.0,,,1.0,0.0,1.0,1.0,1.0,,18.25,15.25,18.75,16.75,PASS_BOUNDARY,
OUTER_SIDE,LEFT,2,1.0,,,1.0,0.0,1.0,2.0,1.0,,18.25,14.25,18.75,16.75,PASS_BOUNDARY,
OUTER_SIDE,LEFT,2,1.0,,,1.0,0.0,2.0,0.0,1.0,,18.25,15.25,18.75,16.75,PASS_BOUNDARY,
OUTER_SIDE,LEFT,2,1.0,,,1.0,0.0,2.0,1.0,1.0,,18.25,14.25,18.75,16.75,PASS_BOUNDARY,
OUTER_SIDE,LEFT,2,1.0,,,1.0,0.0,2.0,2.0,1.0,,18.25,13.25,18.75,16.75,PASS_BOUNDARY,
OUTER_SIDE,LEFT,2,1.0,,,1.0,1.0,0.0,0.0,0.0,,18.25,18.25,18.75,17.75,PASS_BOUNDARY,
OUTER_SIDE,LEFT,2,1.0,,,1.0,1.0,0.0,1.0,0.0,,18.25,17.25,18.75,17.75,PASS_BOUNDARY,
OUTER_SIDE,LEFT,2,1.0,,,1.0,1.0,0.0,2.0,0.0,,18.25,16.25,18.75,17.75,PASS_BOUNDARY,
OUTER_SIDE,LEFT,2,1.0,,,1.0,1.0,1.0,0.0,0.0,,18.25,17.25,18.75,17.75,PASS_BOUNDARY,
OUTER_SIDE,LEFT,2,1.0,,,1.0,1.0,1.0,1.0,0.0,,18.25,16.25,18.75,17.75,PASS_BOUNDARY,
OUTER_SIDE,LEFT,2,1.0,,,1.0,1.0,1.0,2.0,0.0,,18.25,15.25,18.75,17.75,PASS_BOUNDARY,
OUTER_SIDE,LEFT,2,1.0,,,1.0,1.0,2.0,0.0,0.0,,18.25,16.25,18.75,17.75,PASS_BOUNDARY,
OUTER_SIDE,LEFT,2,1.0,,,1.0,1.0,2.0,1.0,0.0,,18.25,15.25,18.75,17.75,PASS_BOUNDARY,
OUTER_SIDE,LEFT,2,1.0,,,1.0,1.0,2.0,2.0,0.0,,18.25,14.25,18.75,17.75,PASS_BOUNDARY,
OUTER_SIDE,LEFT,2,1.5,,,-1.0,-1.0,0.0,0.0,0.0,,18.25,18.25,18.75,17.25,PASS_BOUNDARY,
OUTER_SIDE,LEFT,2,1.5,,,-1.0,-1.0,0.0,1.0,0.0,,18.25,17.25,18.75,17.25,PASS_BOUNDARY,
OUTER_SIDE,LEFT,2,1.5,,,-1.0,-1.0,0.0,2.0,0.0,,18.25,16.25,18.75,17.25,PASS_BOUNDARY,
OUTER_SIDE,LEFT,2,1.5,,,-1.0,-1.0,1.0,0.0,0.0,,18.25,17.25,18.75,17.25,PASS_BOUNDARY,
OUTER_SIDE,LEFT,2,1.5,,,-1.0,-1.0,1.0,1.0,0.0,,18.25,16.25,18.75,17.25,PASS_BOUNDARY,
OUTER_SIDE,LEFT,2,1.5,,,-1.0,-1.0,1.0,2.0,0.0,,18.25,15.25,18.75,17.25,PASS_BOUNDARY,
OUTER_SIDE,LEFT,2,1.5,,,-1.0,-1.0,2.0,0.0,0.0,,18.25,16.25,18.75,17.25,PASS_BOUNDARY,
OUTER_SIDE,LEFT,2,1.5,,,-1.0,-1.0,2.0,1.0,0.0,,18.25,15.25,18.75,17.25,PASS_BOUNDARY,
OUTER_SIDE,LEFT,2,1.5,,,-1.0,-1.0,2.0,2.0,0.0,,18.25,14.25,18.75,17.25,PASS_BOUNDARY,
OUTER_SIDE,LEFT,2,1.5,,,-1.0,0.0,0.0,0.0,1.0,,18.25,17.25,18.75,16.25,PASS_BOUNDARY,
OUTER_SIDE,LEFT,2,1.5,,,-1.0,0.0,0.0,1.0,1.0,,18.25,16.25,18.75,16.25,PASS_BOUNDARY,
OUTER_SIDE,LEFT,2,1.5,,,-1.0,0.0,0.0,2.0,1.0,,18.25,15.25,18.75,16.25,PASS_BOUNDARY,
OUTER_SIDE,LEFT,2,1.5,,,-1.0,0.0,1.0,0.0,1.0,,18.25,16.25,18.75,16.25,PASS_BOUNDARY,
OUTER_SIDE,LEFT,2,1.5,,,-1.0,0.0,1.0,1.0,1.0,,18.25,15.25,18.75,16.25,PASS_BOUNDARY,
OUTER_SIDE,LEFT,2,1.5,,,-1.0,0.0,1.0,2.0,1.0,,18.25,14.25,18.75,16.25,PASS_BOUNDARY,
OUTER_SIDE,LEFT,2,1.5,,,-1.0,0.0,2.0,0.0,1.0,,18.25,15.25,18.75,16.25,PASS_BOUNDARY,
OUTER_SIDE,LEFT,2,1.5,,,-1.0,0.0,2.0,1.0,1.0,,18.25,14.25,18.75,16.25,PASS_BOUNDARY,
OUTER_SIDE,LEFT,2,1.5,,,-1.0,0.0,2.0,2.0,1.0,,18.25,13.25,18.75,16.25,PASS_BOUNDARY,
OUTER_SIDE,LEFT,2,1.5,,,-1.0,1.0,0.0,0.0,2.0,,18.25,16.25,18.75,15.25,PASS_BOUNDARY,
OUTER_SIDE,LEFT,2,1.5,,,-1.0,1.0,0.0,1.0,2.0,,18.25,15.25,18.75,15.25,PASS_BOUNDARY,
OUTER_SIDE,LEFT,2,1.5,,,-1.0,1.0,0.0,2.0,2.0,,18.25,14.25,18.75,15.25,PASS_BOUNDARY,
OUTER_SIDE,LEFT,2,1.5,,,-1.0,1.0,1.0,0.0,2.0,,18.25,15.25,18.75,15.25,PASS_BOUNDARY,
OUTER_SIDE,LEFT,2,1.5,,,-1.0,1.0,1.0,1.0,2.0,,18.25,14.25,18.75,15.25,PASS_BOUNDARY,
OUTER_SIDE,LEFT,2,1.5,,,-1.0,1.0,1.0,2.0,2.0,,18.25,13.25,18.75,15.25,PASS_BOUNDARY,
OUTER_SIDE,LEFT,2,1.5,,,-1.0,1.0,2.0,0.0,2.0,,18.25,14.25,18.75,15.25,PASS_BOUNDARY,
OUTER_SIDE,LEFT,2,1.5,,,-1.0,1.0,2.0,1.0,2.0,,18.25,13.25,18.75,15.25,PASS_BOUNDARY,
OUTER_SIDE,LEFT,2,1.5,,,-1.0,1.0,2.0,2.0,2.0,,18.25,12.25,18.75,15.25,PASS_BOUNDARY,
OUTER_SIDE,LEFT,2,1.5,,,0.0,-1.0,0.0,0.0,1.0,,18.25,17.25,18.75,16.25,PASS_BOUNDARY,
OUTER_SIDE,LEFT,2,1.5,,,0.0,-1.0,0.0,1.0,1.0,,18.25,16.25,18.75,16.25,PASS_BOUNDARY,
OUTER_SIDE,LEFT,2,1.5,,,0.0,-1.0,0.0,2.0,1.0,,18.25,15.25,18.75,16.25,PASS_BOUNDARY,
OUTER_SIDE,LEFT,2,1.5,,,0.0,-1.0,1.0,0.0,1.0,,18.25,16.25,18.75,16.25,PASS_BOUNDARY,
OUTER_SIDE,LEFT,2,1.5,,,0.0,-1.0,1.0,1.0,1.0,,18.25,15.25,18.75,16.25,PASS_BOUNDARY,
OUTER_SIDE,LEFT,2,1.5,,,0.0,-1.0,1.0,2.0,1.0,,18.25,14.25,18.75,16.25,PASS_BOUNDARY,
OUTER_SIDE,LEFT,2,1.5,,,0.0,-1.0,2.0,0.0,1.0,,18.25,15.25,18.75,16.25,PASS_BOUNDARY,
OUTER_SIDE,LEFT,2,1.5,,,0.0,-1.0,2.0,1.0,1.0,,18.25,14.25,18.75,16.25,PASS_BOUNDARY,
OUTER_SIDE,LEFT,2,1.5,,,0.0,-1.0,2.0,2.0,1.0,,18.25,13.25,18.75,16.25,PASS_BOUNDARY,
OUTER_SIDE,LEFT,2,1.5,,,0.0,0.0,0.0,0.0,0.0,,18.25,18.25,18.75,17.25,PASS_BOUNDARY,
OUTER_SIDE,LEFT,2,1.5,,,0.0,0.0,0.0,1.0,0.0,,18.25,17.25,18.75,17.25,PASS_BOUNDARY,
OUTER_SIDE,LEFT,2,1.5,,,0.0,0.0,0.0,2.0,0.0,,18.25,16.25,18.75,17.25,PASS_BOUNDARY,
OUTER_SIDE,LEFT,2,1.5,,,0.0,0.0,1.0,0.0,0.0,,18.25,17.25,18.75,17.25,PASS_BOUNDARY,
OUTER_SIDE,LEFT,2,1.5,,,0.0,0.0,1.0,1.0,0.0,,18.25,16.25,18.75,17.25,PASS_BOUNDARY,
OUTER_SIDE,LEFT,2,1.5,,,0.0,0.0,1.0,2.0,0.0,,18.25,15.25,18.75,17.25,PASS_BOUNDARY,
OUTER_SIDE,LEFT,2,1.5,,,0.0,0.0,2.0,0.0,0.0,,18.25,16.25,18.75,17.25,PASS_BOUNDARY,
OUTER_SIDE,LEFT,2,1.5,,,0.0,0.0,2.0,1.0,0.0,,18.25,15.25,18.75,17.25,PASS_BOUNDARY,
OUTER_SIDE,LEFT,2,1.5,,,0.0,0.0,2.0,2.0,0.0,,18.25,14.25,18.75,17.25,PASS_BOUNDARY,
OUTER_SIDE,LEFT,2,1.5,,,0.0,1.0,0.0,0.0,1.0,,18.25,17.25,18.75,16.25,PASS_BOUNDARY,
OUTER_SIDE,LEFT,2,1.5,,,0.0,1.0,0.0,1.0,1.0,,18.25,16.25,18.75,16.25,PASS_BOUNDARY,
OUTER_SIDE,LEFT,2,1.5,,,0.0,1.0,0.0,2.0,1.0,,18.25,15.25,18.75,16.25,PASS_BOUNDARY,
OUTER_SIDE,LEFT,2,1.5,,,0.0,1.0,1.0,0.0,1.0,,18.25,16.25,18.75,16.25,PASS_BOUNDARY,
OUTER_SIDE,LEFT,2,1.5,,,0.0,1.0,1.0,1.0,1.0,,18.25,15.25,18.75,16.25,PASS_BOUNDARY,
OUTER_SIDE,LEFT,2,1.5,,,0.0,1.0,1.0,2.0,1.0,,18.25,14.25,18.75,16.25,PASS_BOUNDARY,
OUTER_SIDE,LEFT,2,1.5,,,0.0,1.0,2.0,0.0,1.0,,18.25,15.25,18.75,16.25,PASS_BOUNDARY,
OUTER_SIDE,LEFT,2,1.5,,,0.0,1.0,2.0,1.0,1.0,,18.25,14.25,18.75,16.25,PASS_BOUNDARY,
OUTER_SIDE,LEFT,2,1.5,,,0.0,1.0,2.0,2.0,1.0,,18.25,13.25,18.75,16.25,PASS_BOUNDARY,
OUTER_SIDE,LEFT,2,1.5,,,1.0,-1.0,0.0,0.0,2.0,,18.25,16.25,18.75,15.25,PASS_BOUNDARY,
OUTER_SIDE,LEFT,2,1.5,,,1.0,-1.0,0.0,1.0,2.0,,18.25,15.25,18.75,15.25,PASS_BOUNDARY,
OUTER_SIDE,LEFT,2,1.5,,,1.0,-1.0,0.0,2.0,2.0,,18.25,14.25,18.75,15.25,PASS_BOUNDARY,
OUTER_SIDE,LEFT,2,1.5,,,1.0,-1.0,1.0,0.0,2.0,,18.25,15.25,18.75,15.25,PASS_BOUNDARY,
OUTER_SIDE,LEFT,2,1.5,,,1.0,-1.0,1.0,1.0,2.0,,18.25,14.25,18.75,15.25,PASS_BOUNDARY,
OUTER_SIDE,LEFT,2,1.5,,,1.0,-1.0,1.0,2.0,2.0,,18.25,13.25,18.75,15.25,PASS_BOUNDARY,
OUTER_SIDE,LEFT,2,1.5,,,1.0,-1.0,2.0,0.0,2.0,,18.25,14.25,18.75,15.25,PASS_BOUNDARY,
OUTER_SIDE,LEFT,2,1.5,,,1.0,-1.0,2.0,1.0,2.0,,18.25,13.25,18.75,15.25,PASS_BOUNDARY,
OUTER_SIDE,LEFT,2,1.5,,,1.0,-1.0,2.0,2.0,2.0,,18.25,12.25,18.75,15.25,PASS_BOUNDARY,
OUTER_SIDE,LEFT,2,1.5,,,1.0,0.0,0.0,0.0,1.0,,18.25,17.25,18.75,16.25,PASS_BOUNDARY,
OUTER_SIDE,LEFT,2,1.5,,,1.0,0.0,0.0,1.0,1.0,,18.25,16.25,18.75,16.25,PASS_BOUNDARY,
OUTER_SIDE,LEFT,2,1.5,,,1.0,0.0,0.0,2.0,1.0,,18.25,15.25,18.75,16.25,PASS_BOUNDARY,
OUTER_SIDE,LEFT,2,1.5,,,1.0,0.0,1.0,0.0,1.0,,18.25,16.25,18.75,16.25,PASS_BOUNDARY,
OUTER_SIDE,LEFT,2,1.5,,,1.0,0.0,1.0,1.0,1.0,,18.25,15.25,18.75,16.25,PASS_BOUNDARY,
OUTER_SIDE,LEFT,2,1.5,,,1.0,0.0,1.0,2.0,1.0,,18.25,14.25,18.75,16.25,PASS_BOUNDARY,
OUTER_SIDE,LEFT,2,1.5,,,1.0,0.0,2.0,0.0,1.0,,18.25,15.25,18.75,16.25,PASS_BOUNDARY,
OUTER_SIDE,LEFT,2,1.5,,,1.0,0.0,2.0,1.0,1.0,,18.25,14.25,18.75,16.25,PASS_BOUNDARY,
OUTER_SIDE,LEFT,2,1.5,,,1.0,0.0,2.0,2.0,1.0,,18.25,13.25,18.75,16.25,PASS_BOUNDARY,
OUTER_SIDE,LEFT,2,1.5,,,1.0,1.0,0.0,0.0,0.0,,18.25,18.25,18.75,17.25,PASS_BOUNDARY,
OUTER_SIDE,LEFT,2,1.5,,,1.0,1.0,0.0,1.0,0.0,,18.25,17.25,18.75,17.25,PASS_BOUNDARY,
OUTER_SIDE,LEFT,2,1.5,,,1.0,1.0,0.0,2.0,0.0,,18.25,16.25,18.75,17.25,PASS_BOUNDARY,
OUTER_SIDE,LEFT,2,1.5,,,1.0,1.0,1.0,0.0,0.0,,18.25,17.25,18.75,17.25,PASS_BOUNDARY,
OUTER_SIDE,LEFT,2,1.5,,,1.0,1.0,1.0,1.0,0.0,,18.25,16.25,18.75,17.25,PASS_BOUNDARY,
OUTER_SIDE,LEFT,2,1.5,,,1.0,1.0,1.0,2.0,0.0,,18.25,15.25,18.75,17.25,PASS_BOUNDARY,
OUTER_SIDE,LEFT,2,1.5,,,1.0,1.0,2.0,0.0,0.0,,18.25,16.25,18.75,17.25,PASS_BOUNDARY,
OUTER_SIDE,LEFT,2,1.5,,,1.0,1.0,2.0,1.0,0.0,,18.25,15.25,18.75,17.25,PASS_BOUNDARY,
OUTER_SIDE,LEFT,2,1.5,,,1.0,1.0,2.0,2.0,0.0,,18.25,14.25,18.75,17.25,PASS_BOUNDARY,
OUTER_SIDE,LEFT,3,0.0,,,-1.0,-1.0,0.0,0.0,0.0,,17.25,17.25,17.75,17.75,PASS_BOUNDARY,
OUTER_SIDE,LEFT,3,0.0,,,-1.0,-1.0,0.0,1.0,0.0,,17.25,16.25,17.75,17.75,PASS_BOUNDARY,
OUTER_SIDE,LEFT,3,0.0,,,-1.0,-1.0,0.0,2.0,0.0,,17.25,15.25,17.75,17.75,PASS_BOUNDARY,
OUTER_SIDE,LEFT,3,0.0,,,-1.0,-1.0,1.0,0.0,0.0,,17.25,16.25,17.75,17.75,PASS_BOUNDARY,
OUTER_SIDE,LEFT,3,0.0,,,-1.0,-1.0,1.0,1.0,0.0,,17.25,15.25,17.75,17.75,PASS_BOUNDARY,
OUTER_SIDE,LEFT,3,0.0,,,-1.0,-1.0,1.0,2.0,0.0,,17.25,14.25,17.75,17.75,PASS_BOUNDARY,
OUTER_SIDE,LEFT,3,0.0,,,-1.0,-1.0,2.0,0.0,0.0,,17.25,15.25,17.75,17.75,PASS_BOUNDARY,
OUTER_SIDE,LEFT,3,0.0,,,-1.0,-1.0,2.0,1.0,0.0,,17.25,14.25,17.75,17.75,PASS_BOUNDARY,
OUTER_SIDE,LEFT,3,0.0,,,-1.0,-1.0,2.0,2.0,0.0,,17.25,13.25,17.75,17.75,PASS_BOUNDARY,
OUTER_SIDE,LEFT,3,0.0,,,-1.0,0.0,0.0,0.0,1.0,,17.25,16.25,17.75,16.75,PASS_BOUNDARY,
OUTER_SIDE,LEFT,3,0.0,,,-1.0,0.0,0.0,1.0,1.0,,17.25,15.25,17.75,16.75,PASS_BOUNDARY,
OUTER_SIDE,LEFT,3,0.0,,,-1.0,0.0,0.0,2.0,1.0,,17.25,14.25,17.75,16.75,PASS_BOUNDARY,
OUTER_SIDE,LEFT,3,0.0,,,-1.0,0.0,1.0,0.0,1.0,,17.25,15.25,17.75,16.75,PASS_BOUNDARY,
OUTER_SIDE,LEFT,3,0.0,,,-1.0,0.0,1.0,1.0,1.0,,17.25,14.25,17.75,16.75,PASS_BOUNDARY,
OUTER_SIDE,LEFT,3,0.0,,,-1.0,0.0,1.0,2.0,1.0,,17.25,13.25,17.75,16.75,PASS_BOUNDARY,
OUTER_SIDE,LEFT,3,0.0,,,-1.0,0.0,2.0,0.0,1.0,,17.25,14.25,17.75,16.75,PASS_BOUNDARY,
OUTER_SIDE,LEFT,3,0.0,,,-1.0,0.0,2.0,1.0,1.0,,17.25,13.25,17.75,16.75,PASS_BOUNDARY,
OUTER_SIDE,LEFT,3,0.0,,,-1.0,0.0,2.0,2.0,1.0,,17.25,12.25,17.75,16.75,PASS_BOUNDARY,
OUTER_SIDE,LEFT,3,0.0,,,-1.0,1.0,0.0,0.0,2.0,,17.25,15.25,17.75,15.75,PASS_BOUNDARY,
OUTER_SIDE,LEFT,3,0.0,,,-1.0,1.0,0.0,1.0,2.0,,17.25,14.25,17.75,15.75,PASS_BOUNDARY,
OUTER_SIDE,LEFT,3,0.0,,,-1.0,1.0,0.0,2.0,2.0,,17.25,13.25,17.75,15.75,PASS_BOUNDARY,
OUTER_SIDE,LEFT,3,0.0,,,-1.0,1.0,1.0,0.0,2.0,,17.25,14.25,17.75,15.75,PASS_BOUNDARY,
OUTER_SIDE,LEFT,3,0.0,,,-1.0,1.0,1.0,1.0,2.0,,17.25,13.25,17.75,15.75,PASS_BOUNDARY,
OUTER_SIDE,LEFT,3,0.0,,,-1.0,1.0,1.0,2.0,2.0,,17.25,12.25,17.75,15.75,PASS_BOUNDARY,
OUTER_SIDE,LEFT,3,0.0,,,-1.0,1.0,2.0,0.0,2.0,,17.25,13.25,17.75,15.75,PASS_BOUNDARY,
OUTER_SIDE,LEFT,3,0.0,,,-1.0,1.0,2.0,1.0,2.0,,17.25,12.25,17.75,15.75,PASS_BOUNDARY,
OUTER_SIDE,LEFT,3,0.0,,,-1.0,1.0,2.0,2.0,2.0,,17.25,11.25,17.75,15.75,PASS_BOUNDARY,
OUTER_SIDE,LEFT,3,0.0,,,0.0,-1.0,0.0,0.0,1.0,,17.25,16.25,17.75,16.75,PASS_BOUNDARY,
OUTER_SIDE,LEFT,3,0.0,,,0.0,-1.0,0.0,1.0,1.0,,17.25,15.25,17.75,16.75,PASS_BOUNDARY,
OUTER_SIDE,LEFT,3,0.0,,,0.0,-1.0,0.0,2.0,1.0,,17.25,14.25,17.75,16.75,PASS_BOUNDARY,
OUTER_SIDE,LEFT,3,0.0,,,0.0,-1.0,1.0,0.0,1.0,,17.25,15.25,17.75,16.75,PASS_BOUNDARY,
OUTER_SIDE,LEFT,3,0.0,,,0.0,-1.0,1.0,1.0,1.0,,17.25,14.25,17.75,16.75,PASS_BOUNDARY,
OUTER_SIDE,LEFT,3,0.0,,,0.0,-1.0,1.0,2.0,1.0,,17.25,13.25,17.75,16.75,PASS_BOUNDARY,
OUTER_SIDE,LEFT,3,0.0,,,0.0,-1.0,2.0,0.0,1.0,,17.25,14.25,17.75,16.75,PASS_BOUNDARY,
OUTER_SIDE,LEFT,3,0.0,,,0.0,-1.0,2.0,1.0,1.0,,17.25,13.25,17.75,16.75,PASS_BOUNDARY,
OUTER_SIDE,LEFT,3,0.0,,,0.0,-1.0,2.0,2.0,1.0,,17.25,12.25,17.75,16.75,PASS_BOUNDARY,
OUTER_SIDE,LEFT,3,0.0,,,0.0,0.0,0.0,0.0,0.0,,17.25,17.25,17.75,17.75,PASS_BOUNDARY,
OUTER_SIDE,LEFT,3,0.0,,,0.0,0.0,0.0,1.0,0.0,,17.25,16.25,17.75,17.75,PASS_BOUNDARY,
OUTER_SIDE,LEFT,3,0.0,,,0.0,0.0,0.0,2.0,0.0,,17.25,15.25,17.75,17.75,PASS_BOUNDARY,
OUTER_SIDE,LEFT,3,0.0,,,0.0,0.0,1.0,0.0,0.0,,17.25,16.25,17.75,17.75,PASS_BOUNDARY,
OUTER_SIDE,LEFT,3,0.0,,,0.0,0.0,1.0,1.0,0.0,,17.25,15.25,17.75,17.75,PASS_BOUNDARY,
OUTER_SIDE,LEFT,3,0.0,,,0.0,0.0,1.0,2.0,0.0,,17.25,14.25,17.75,17.75,PASS_BOUNDARY,
OUTER_SIDE,LEFT,3,0.0,,,0.0,0.0,2.0,0.0,0.0,,17.25,15.25,17.75,17.75,PASS_BOUNDARY,
OUTER_SIDE,LEFT,3,0.0,,,0.0,0.0,2.0,1.0,0.0,,17.25,14.25,17.75,17.75,PASS_BOUNDARY,
OUTER_SIDE,LEFT,3,0.0,,,0.0,0.0,2.0,2.0,0.0,,17.25,13.25,17.75,17.75,PASS_BOUNDARY,
OUTER_SIDE,LEFT,3,0.0,,,0.0,1.0,0.0,0.0,1.0,,17.25,16.25,17.75,16.75,PASS_BOUNDARY,
OUTER_SIDE,LEFT,3,0.0,,,0.0,1.0,0.0,1.0,1.0,,17.25,15.25,17.75,16.75,PASS_BOUNDARY,
OUTER_SIDE,LEFT,3,0.0,,,0.0,1.0,0.0,2.0,1.0,,17.25,14.25,17.75,16.75,PASS_BOUNDARY,
OUTER_SIDE,LEFT,3,0.0,,,0.0,1.0,1.0,0.0,1.0,,17.25,15.25,17.75,16.75,PASS_BOUNDARY,
OUTER_SIDE,LEFT,3,0.0,,,0.0,1.0,1.0,1.0,1.0,,17.25,14.25,17.75,16.75,PASS_BOUNDARY,
OUTER_SIDE,LEFT,3,0.0,,,0.0,1.0,1.0,2.0,1.0,,17.25,13.25,17.75,16.75,PASS_BOUNDARY,
OUTER_SIDE,LEFT,3,0.0,,,0.0,1.0,2.0,0.0,1.0,,17.25,14.25,17.75,16.75,PASS_BOUNDARY,
OUTER_SIDE,LEFT,3,0.0,,,0.0,1.0,2.0,1.0,1.0,,17.25,13.25,17.75,16.75,PASS_BOUNDARY,
OUTER_SIDE,LEFT,3,0.0,,,0.0,1.0,2.0,2.0,1.0,,17.25,12.25,17.75,16.75,PASS_BOUNDARY,
OUTER_SIDE,LEFT,3,0.0,,,1.0,-1.0,0.0,0.0,2.0,,17.25,15.25,17.75,15.75,PASS_BOUNDARY,
OUTER_SIDE,LEFT,3,0.0,,,1.0,-1.0,0.0,1.0,2.0,,17.25,14.25,17.75,15.75,PASS_BOUNDARY,
OUTER_SIDE,LEFT,3,0.0,,,1.0,-1.0,0.0,2.0,2.0,,17.25,13.25,17.75,15.75,PASS_BOUNDARY,
OUTER_SIDE,LEFT,3,0.0,,,1.0,-1.0,1.0,0.0,2.0,,17.25,14.25,17.75,15.75,PASS_BOUNDARY,
OUTER_SIDE,LEFT,3,0.0,,,1.0,-1.0,1.0,1.0,2.0,,17.25,13.25,17.75,15.75,PASS_BOUNDARY,
OUTER_SIDE,LEFT,3,0.0,,,1.0,-1.0,1.0,2.0,2.0,,17.25,12.25,17.75,15.75,PASS_BOUNDARY,
OUTER_SIDE,LEFT,3,0.0,,,1.0,-1.0,2.0,0.0,2.0,,17.25,13.25,17.75,15.75,PASS_BOUNDARY,
OUTER_SIDE,LEFT,3,0.0,,,1.0,-1.0,2.0,1.0,2.0,,17.25,12.25,17.75,15.75,PASS_BOUNDARY,
OUTER_SIDE,LEFT,3,0.0,,,1.0,-1.0,2.0,2.0,2.0,,17.25,11.25,17.75,15.75,PASS_BOUNDARY,
OUTER_SIDE,LEFT,3,0.0,,,1.0,0.0,0.0,0.0,1.0,,17.25,16.25,17.75,16.75,PASS_BOUNDARY,
OUTER_SIDE,LEFT,3,0.0,,,1.0,0.0,0.0,1.0,1.0,,17.25,15.25,17.75,16.75,PASS_BOUNDARY,
OUTER_SIDE,LEFT,3,0.0,,,1.0,0.0,0.0,2.0,1.0,,17.25,14.25,17.75,16.75,PASS_BOUNDARY,
OUTER_SIDE,LEFT,3,0.0,,,1.0,0.0,1.0,0.0,1.0,,17.25,15.25,17.75,16.75,PASS_BOUNDARY,
OUTER_SIDE,LEFT,3,0.0,,,1.0,0.0,1.0,1.0,1.0,,17.25,14.25,17.75,16.75,PASS_BOUNDARY,
OUTER_SIDE,LEFT,3,0.0,,,1.0,0.0,1.0,2.0,1.0,,17.25,13.25,17.75,16.75,PASS_BOUNDARY,
OUTER_SIDE,LEFT,3,0.0,,,1.0,0.0,2.0,0.0,1.0,,17.25,14.25,17.75,16.75,PASS_BOUNDARY,
OUTER_SIDE,LEFT,3,0.0,,,1.0,0.0,2.0,1.0,1.0,,17.25,13.25,17.75,16.75,PASS_BOUNDARY,
OUTER_SIDE,LEFT,3,0.0,,,1.0,0.0,2.0,2.0,1.0,,17.25,12.25,17.75,16.75,PASS_BOUNDARY,
OUTER_SIDE,LEFT,3,0.0,,,1.0,1.0,0.0,0.0,0.0,,17.25,17.25,17.75,17.75,PASS_BOUNDARY,
OUTER_SIDE,LEFT,3,0.0,,,1.0,1.0,0.0,1.0,0.0,,17.25,16.25,17.75,17.75,PASS_BOUNDARY,
OUTER_SIDE,LEFT,3,0.0,,,1.0,1.0,0.0,2.0,0.0,,17.25,15.25,17.75,17.75,PASS_BOUNDARY,
OUTER_SIDE,LEFT,3,0.0,,,1.0,1.0,1.0,0.0,0.0,,17.25,16.25,17.75,17.75,PASS_BOUNDARY,
OUTER_SIDE,LEFT,3,0.0,,,1.0,1.0,1.0,1.0,0.0,,17.25,15.25,17.75,17.75,PASS_BOUNDARY,
OUTER_SIDE,LEFT,3,0.0,,,1.0,1.0,1.0,2.0,0.0,,17.25,14.25,17.75,17.75,PASS_BOUNDARY,
OUTER_SIDE,LEFT,3,0.0,,,1.0,1.0,2.0,0.0,0.0,,17.25,15.25,17.75,17.75,PASS_BOUNDARY,
OUTER_SIDE,LEFT,3,0.0,,,1.0,1.0,2.0,1.0,0.0,,17.25,14.25,17.75,17.75,PASS_BOUNDARY,
OUTER_SIDE,LEFT,3,0.0,,,1.0,1.0,2.0,2.0,0.0,,17.25,13.25,17.75,17.75,PASS_BOUNDARY,
OUTER_SIDE,LEFT,3,0.5,,,-1.0,-1.0,0.0,0.0,0.0,,17.25,17.25,17.75,17.25,PASS_BOUNDARY,
OUTER_SIDE,LEFT,3,0.5,,,-1.0,-1.0,0.0,1.0,0.0,,17.25,16.25,17.75,17.25,PASS_BOUNDARY,
OUTER_SIDE,LEFT,3,0.5,,,-1.0,-1.0,0.0,2.0,0.0,,17.25,15.25,17.75,17.25,PASS_BOUNDARY,
OUTER_SIDE,LEFT,3,0.5,,,-1.0,-1.0,1.0,0.0,0.0,,17.25,16.25,17.75,17.25,PASS_BOUNDARY,
OUTER_SIDE,LEFT,3,0.5,,,-1.0,-1.0,1.0,1.0,0.0,,17.25,15.25,17.75,17.25,PASS_BOUNDARY,
OUTER_SIDE,LEFT,3,0.5,,,-1.0,-1.0,1.0,2.0,0.0,,17.25,14.25,17.75,17.25,PASS_BOUNDARY,
OUTER_SIDE,LEFT,3,0.5,,,-1.0,-1.0,2.0,0.0,0.0,,17.25,15.25,17.75,17.25,PASS_BOUNDARY,
OUTER_SIDE,LEFT,3,0.5,,,-1.0,-1.0,2.0,1.0,0.0,,17.25,14.25,17.75,17.25,PASS_BOUNDARY,
OUTER_SIDE,LEFT,3,0.5,,,-1.0,-1.0,2.0,2.0,0.0,,17.25,13.25,17.75,17.25,PASS_BOUNDARY,
OUTER_SIDE,LEFT,3,0.5,,,-1.0,0.0,0.0,0.0,1.0,,17.25,16.25,17.75,16.25,PASS_BOUNDARY,
OUTER_SIDE,LEFT,3,0.5,,,-1.0,0.0,0.0,1.0,1.0,,17.25,15.25,17.75,16.25,PASS_BOUNDARY,
OUTER_SIDE,LEFT,3,0.5,,,-1.0,0.0,0.0,2.0,1.0,,17.25,14.25,17.75,16.25,PASS_BOUNDARY,
OUTER_SIDE,LEFT,3,0.5,,,-1.0,0.0,1.0,0.0,1.0,,17.25,15.25,17.75,16.25,PASS_BOUNDARY,
OUTER_SIDE,LEFT,3,0.5,,,-1.0,0.0,1.0,1.0,1.0,,17.25,14.25,17.75,16.25,PASS_BOUNDARY,
OUTER_SIDE,LEFT,3,0.5,,,-1.0,0.0,1.0,2.0,1.0,,17.25,13.25,17.75,16.25,PASS_BOUNDARY,
OUTER_SIDE,LEFT,3,0.5,,,-1.0,0.0,2.0,0.0,1.0,,17.25,14.25,17.75,16.25,PASS_BOUNDARY,
OUTER_SIDE,LEFT,3,0.5,,,-1.0,0.0,2.0,1.0,1.0,,17.25,13.25,17.75,16.25,PASS_BOUNDARY,
OUTER_SIDE,LEFT,3,0.5,,,-1.0,0.0,2.0,2.0,1.0,,17.25,12.25,17.75,16.25,PASS_BOUNDARY,
OUTER_SIDE,LEFT,3,0.5,,,-1.0,1.0,0.0,0.0,2.0,,17.25,15.25,17.75,15.25,PASS_BOUNDARY,
OUTER_SIDE,LEFT,3,0.5,,,-1.0,1.0,0.0,1.0,2.0,,17.25,14.25,17.75,15.25,PASS_BOUNDARY,
OUTER_SIDE,LEFT,3,0.5,,,-1.0,1.0,0.0,2.0,2.0,,17.25,13.25,17.75,15.25,PASS_BOUNDARY,
OUTER_SIDE,LEFT,3,0.5,,,-1.0,1.0,1.0,0.0,2.0,,17.25,14.25,17.75,15.25,PASS_BOUNDARY,
OUTER_SIDE,LEFT,3,0.5,,,-1.0,1.0,1.0,1.0,2.0,,17.25,13.25,17.75,15.25,PASS_BOUNDARY,
OUTER_SIDE,LEFT,3,0.5,,,-1.0,1.0,1.0,2.0,2.0,,17.25,12.25,17.75,15.25,PASS_BOUNDARY,
OUTER_SIDE,LEFT,3,0.5,,,-1.0,1.0,2.0,0.0,2.0,,17.25,13.25,17.75,15.25,PASS_BOUNDARY,
OUTER_SIDE,LEFT,3,0.5,,,-1.0,1.0,2.0,1.0,2.0,,17.25,12.25,17.75,15.25,PASS_BOUNDARY,
OUTER_SIDE,LEFT,3,0.5,,,-1.0,1.0,2.0,2.0,2.0,,17.25,11.25,17.75,15.25,PASS_BOUNDARY,
OUTER_SIDE,LEFT,3,0.5,,,0.0,-1.0,0.0,0.0,1.0,,17.25,16.25,17.75,16.25,PASS_BOUNDARY,
OUTER_SIDE,LEFT,3,0.5,,,0.0,-1.0,0.0,1.0,1.0,,17.25,15.25,17.75,16.25,PASS_BOUNDARY,
OUTER_SIDE,LEFT,3,0.5,,,0.0,-1.0,0.0,2.0,1.0,,17.25,14.25,17.75,16.25,PASS_BOUNDARY,
OUTER_SIDE,LEFT,3,0.5,,,0.0,-1.0,1.0,0.0,1.0,,17.25,15.25,17.75,16.25,PASS_BOUNDARY,
OUTER_SIDE,LEFT,3,0.5,,,0.0,-1.0,1.0,1.0,1.0,,17.25,14.25,17.75,16.25,PASS_BOUNDARY,
OUTER_SIDE,LEFT,3,0.5,,,0.0,-1.0,1.0,2.0,1.0,,17.25,13.25,17.75,16.25,PASS_BOUNDARY,
OUTER_SIDE,LEFT,3,0.5,,,0.0,-1.0,2.0,0.0,1.0,,17.25,14.25,17.75,16.25,PASS_BOUNDARY,
OUTER_SIDE,LEFT,3,0.5,,,0.0,-1.0,2.0,1.0,1.0,,17.25,13.25,17.75,16.25,PASS_BOUNDARY,
OUTER_SIDE,LEFT,3,0.5,,,0.0,-1.0,2.0,2.0,1.0,,17.25,12.25,17.75,16.25,PASS_BOUNDARY,
OUTER_SIDE,LEFT,3,0.5,,,0.0,0.0,0.0,0.0,0.0,,17.25,17.25,17.75,17.25,PASS_BOUNDARY,
OUTER_SIDE,LEFT,3,0.5,,,0.0,0.0,0.0,1.0,0.0,,17.25,16.25,17.75,17.25,PASS_BOUNDARY,
OUTER_SIDE,LEFT,3,0.5,,,0.0,0.0,0.0,2.0,0.0,,17.25,15.25,17.75,17.25,PASS_BOUNDARY,
OUTER_SIDE,LEFT,3,0.5,,,0.0,0.0,1.0,0.0,0.0,,17.25,16.25,17.75,17.25,PASS_BOUNDARY,
OUTER_SIDE,LEFT,3,0.5,,,0.0,0.0,1.0,1.0,0.0,,17.25,15.25,17.75,17.25,PASS_BOUNDARY,
OUTER_SIDE,LEFT,3,0.5,,,0.0,0.0,1.0,2.0,0.0,,17.25,14.25,17.75,17.25,PASS_BOUNDARY,
OUTER_SIDE,LEFT,3,0.5,,,0.0,0.0,2.0,0.0,0.0,,17.25,15.25,17.75,17.25,PASS_BOUNDARY,
OUTER_SIDE,LEFT,3,0.5,,,0.0,0.0,2.0,1.0,0.0,,17.25,14.25,17.75,17.25,PASS_BOUNDARY,
OUTER_SIDE,LEFT,3,0.5,,,0.0,0.0,2.0,2.0,0.0,,17.25,13.25,17.75,17.25,PASS_BOUNDARY,
OUTER_SIDE,LEFT,3,0.5,,,0.0,1.0,0.0,0.0,1.0,,17.25,16.25,17.75,16.25,PASS_BOUNDARY,
OUTER_SIDE,LEFT,3,0.5,,,0.0,1.0,0.0,1.0,1.0,,17.25,15.25,17.75,16.25,PASS_BOUNDARY,
OUTER_SIDE,LEFT,3,0.5,,,0.0,1.0,0.0,2.0,1.0,,17.25,14.25,17.75,16.25,PASS_BOUNDARY,
OUTER_SIDE,LEFT,3,0.5,,,0.0,1.0,1.0,0.0,1.0,,17.25,15.25,17.75,16.25,PASS_BOUNDARY,
OUTER_SIDE,LEFT,3,0.5,,,0.0,1.0,1.0,1.0,1.0,,17.25,14.25,17.75,16.25,PASS_BOUNDARY,
OUTER_SIDE,LEFT,3,0.5,,,0.0,1.0,1.0,2.0,1.0,,17.25,13.25,17.75,16.25,PASS_BOUNDARY,
OUTER_SIDE,LEFT,3,0.5,,,0.0,1.0,2.0,0.0,1.0,,17.25,14.25,17.75,16.25,PASS_BOUNDARY,
OUTER_SIDE,LEFT,3,0.5,,,0.0,1.0,2.0,1.0,1.0,,17.25,13.25,17.75,16.25,PASS_BOUNDARY,
OUTER_SIDE,LEFT,3,0.5,,,0.0,1.0,2.0,2.0,1.0,,17.25,12.25,17.75,16.25,PASS_BOUNDARY,
OUTER_SIDE,LEFT,3,0.5,,,1.0,-1.0,0.0,0.0,2.0,,17.25,15.25,17.75,15.25,PASS_BOUNDARY,
OUTER_SIDE,LEFT,3,0.5,,,1.0,-1.0,0.0,1.0,2.0,,17.25,14.25,17.75,15.25,PASS_BOUNDARY,
OUTER_SIDE,LEFT,3,0.5,,,1.0,-1.0,0.0,2.0,2.0,,17.25,13.25,17.75,15.25,PASS_BOUNDARY,
OUTER_SIDE,LEFT,3,0.5,,,1.0,-1.0,1.0,0.0,2.0,,17.25,14.25,17.75,15.25,PASS_BOUNDARY,
OUTER_SIDE,LEFT,3,0.5,,,1.0,-1.0,1.0,1.0,2.0,,17.25,13.25,17.75,15.25,PASS_BOUNDARY,
OUTER_SIDE,LEFT,3,0.5,,,1.0,-1.0,1.0,2.0,2.0,,17.25,12.25,17.75,15.25,PASS_BOUNDARY,
OUTER_SIDE,LEFT,3,0.5,,,1.0,-1.0,2.0,0.0,2.0,,17.25,13.25,17.75,15.25,PASS_BOUNDARY,
OUTER_SIDE,LEFT,3,0.5,,,1.0,-1.0,2.0,1.0,2.0,,17.25,12.25,17.75,15.25,PASS_BOUNDARY,
OUTER_SIDE,LEFT,3,0.5,,,1.0,-1.0,2.0,2.0,2.0,,17.25,11.25,17.75,15.25,PASS_BOUNDARY,
OUTER_SIDE,LEFT,3,0.5,,,1.0,0.0,0.0,0.0,1.0,,17.25,16.25,17.75,16.25,PASS_BOUNDARY,
OUTER_SIDE,LEFT,3,0.5,,,1.0,0.0,0.0,1.0,1.0,,17.25,15.25,17.75,16.25,PASS_BOUNDARY,
OUTER_SIDE,LEFT,3,0.5,,,1.0,0.0,0.0,2.0,1.0,,17.25,14.25,17.75,16.25,PASS_BOUNDARY,
OUTER_SIDE,LEFT,3,0.5,,,1.0,0.0,1.0,0.0,1.0,,17.25,15.25,17.75,16.25,PASS_BOUNDARY,
OUTER_SIDE,LEFT,3,0.5,,,1.0,0.0,1.0,1.0,1.0,,17.25,14.25,17.75,16.25,PASS_BOUNDARY,
OUTER_SIDE,LEFT,3,0.5,,,1.0,0.0,1.0,2.0,1.0,,17.25,13.25,17.75,16.25,PASS_BOUNDARY,
OUTER_SIDE,LEFT,3,0.5,,,1.0,0.0,2.0,0.0,1.0,,17.25,14.25,17.75,16.25,PASS_BOUNDARY,
OUTER_SIDE,LEFT,3,0.5,,,1.0,0.0,2.0,1.0,1.0,,17.25,13.25,17.75,16.25,PASS_BOUNDARY,
OUTER_SIDE,LEFT,3,0.5,,,1.0,0.0,2.0,2.0,1.0,,17.25,12.25,17.75,16.25,PASS_BOUNDARY,
OUTER_SIDE,LEFT,3,0.5,,,1.0,1.0,0.0,0.0,0.0,,17.25,17.25,17.75,17.25,PASS_BOUNDARY,
OUTER_SIDE,LEFT,3,0.5,,,1.0,1.0,0.0,1.0,0.0,,17.25,16.25,17.75,17.25,PASS_BOUNDARY,
OUTER_SIDE,LEFT,3,0.5,,,1.0,1.0,0.0,2.0,0.0,,17.25,15.25,17.75,17.25,PASS_BOUNDARY,
OUTER_SIDE,LEFT,3,0.5,,,1.0,1.0,1.0,0.0,0.0,,17.25,16.25,17.75,17.25,PASS_BOUNDARY,
OUTER_SIDE,LEFT,3,0.5,,,1.0,1.0,1.0,1.0,0.0,,17.25,15.25,17.75,17.25,PASS_BOUNDARY,
OUTER_SIDE,LEFT,3,0.5,,,1.0,1.0,1.0,2.0,0.0,,17.25,14.25,17.75,17.25,PASS_BOUNDARY,
OUTER_SIDE,LEFT,3,0.5,,,1.0,1.0,2.0,0.0,0.0,,17.25,15.25,17.75,17.25,PASS_BOUNDARY,
OUTER_SIDE,LEFT,3,0.5,,,1.0,1.0,2.0,1.0,0.0,,17.25,14.25,17.75,17.25,PASS_BOUNDARY,
OUTER_SIDE,LEFT,3,0.5,,,1.0,1.0,2.0,2.0,0.0,,17.25,13.25,17.75,17.25,PASS_BOUNDARY,
OUTER_SIDE,LEFT,3,1.0,,,-1.0,-1.0,0.0,0.0,0.0,,17.25,17.25,17.75,16.75,PASS_BOUNDARY,
OUTER_SIDE,LEFT,3,1.0,,,-1.0,-1.0,0.0,1.0,0.0,,17.25,16.25,17.75,16.75,PASS_BOUNDARY,
OUTER_SIDE,LEFT,3,1.0,,,-1.0,-1.0,0.0,2.0,0.0,,17.25,15.25,17.75,16.75,PASS_BOUNDARY,
OUTER_SIDE,LEFT,3,1.0,,,-1.0,-1.0,1.0,0.0,0.0,,17.25,16.25,17.75,16.75,PASS_BOUNDARY,
OUTER_SIDE,LEFT,3,1.0,,,-1.0,-1.0,1.0,1.0,0.0,,17.25,15.25,17.75,16.75,PASS_BOUNDARY,
OUTER_SIDE,LEFT,3,1.0,,,-1.0,-1.0,1.0,2.0,0.0,,17.25,14.25,17.75,16.75,PASS_BOUNDARY,
OUTER_SIDE,LEFT,3,1.0,,,-1.0,-1.0,2.0,0.0,0.0,,17.25,15.25,17.75,16.75,PASS_BOUNDARY,
OUTER_SIDE,LEFT,3,1.0,,,-1.0,-1.0,2.0,1.0,0.0,,17.25,14.25,17.75,16.75,PASS_BOUNDARY,
OUTER_SIDE,LEFT,3,1.0,,,-1.0,-1.0,2.0,2.0,0.0,,17.25,13.25,17.75,16.75,PASS_BOUNDARY,
OUTER_SIDE,LEFT,3,1.0,,,-1.0,0.0,0.0,0.0,1.0,,17.25,16.25,17.75,15.75,PASS_BOUNDARY,
OUTER_SIDE,LEFT,3,1.0,,,-1.0,0.0,0.0,1.0,1.0,,17.25,15.25,17.75,15.75,PASS_BOUNDARY,
OUTER_SIDE,LEFT,3,1.0,,,-1.0,0.0,0.0,2.0,1.0,,17.25,14.25,17.75,15.75,PASS_BOUNDARY,
OUTER_SIDE,LEFT,3,1.0,,,-1.0,0.0,1.0,0.0,1.0,,17.25,15.25,17.75,15.75,PASS_BOUNDARY,
OUTER_SIDE,LEFT,3,1.0,,,-1.0,0.0,1.0,1.0,1.0,,17.25,14.25,17.75,15.75,PASS_BOUNDARY,
OUTER_SIDE,LEFT,3,1.0,,,-1.0,0.0,1.0,2.0,1.0,,17.25,13.25,17.75,15.75,PASS_BOUNDARY,
OUTER_SIDE,LEFT,3,1.0,,,-1.0,0.0,2.0,0.0,1.0,,17.25,14.25,17.75,15.75,PASS_BOUNDARY,
OUTER_SIDE,LEFT,3,1.0,,,-1.0,0.0,2.0,1.0,1.0,,17.25,13.25,17.75,15.75,PASS_BOUNDARY,
OUTER_SIDE,LEFT,3,1.0,,,-1.0,0.0,2.0,2.0,1.0,,17.25,12.25,17.75,15.75,PASS_BOUNDARY,
OUTER_SIDE,LEFT,3,1.0,,,-1.0,1.0,0.0,0.0,2.0,,17.25,15.25,17.75,14.75,PASS_BOUNDARY,
OUTER_SIDE,LEFT,3,1.0,,,-1.0,1.0,0.0,1.0,2.0,,17.25,14.25,17.75,14.75,PASS_BOUNDARY,
OUTER_SIDE,LEFT,3,1.0,,,-1.0,1.0,0.0,2.0,2.0,,17.25,13.25,17.75,14.75,PASS_BOUNDARY,
OUTER_SIDE,LEFT,3,1.0,,,-1.0,1.0,1.0,0.0,2.0,,17.25,14.25,17.75,14.75,PASS_BOUNDARY,
OUTER_SIDE,LEFT,3,1.0,,,-1.0,1.0,1.0,1.0,2.0,,17.25,13.25,17.75,14.75,PASS_BOUNDARY,
OUTER_SIDE,LEFT,3,1.0,,,-1.0,1.0,1.0,2.0,2.0,,17.25,12.25,17.75,14.75,PASS_BOUNDARY,
OUTER_SIDE,LEFT,3,1.0,,,-1.0,1.0,2.0,0.0,2.0,,17.25,13.25,17.75,14.75,PASS_BOUNDARY,
OUTER_SIDE,LEFT,3,1.0,,,-1.0,1.0,2.0,1.0,2.0,,17.25,12.25,17.75,14.75,PASS_BOUNDARY,
OUTER_SIDE,LEFT,3,1.0,,,-1.0,1.0,2.0,2.0,2.0,,17.25,11.25,17.75,14.75,PASS_BOUNDARY,
OUTER_SIDE,LEFT,3,1.0,,,0.0,-1.0,0.0,0.0,1.0,,17.25,16.25,17.75,15.75,PASS_BOUNDARY,
OUTER_SIDE,LEFT,3,1.0,,,0.0,-1.0,0.0,1.0,1.0,,17.25,15.25,17.75,15.75,PASS_BOUNDARY,
OUTER_SIDE,LEFT,3,1.0,,,0.0,-1.0,0.0,2.0,1.0,,17.25,14.25,17.75,15.75,PASS_BOUNDARY,
OUTER_SIDE,LEFT,3,1.0,,,0.0,-1.0,1.0,0.0,1.0,,17.25,15.25,17.75,15.75,PASS_BOUNDARY,
OUTER_SIDE,LEFT,3,1.0,,,0.0,-1.0,1.0,1.0,1.0,,17.25,14.25,17.75,15.75,PASS_BOUNDARY,
OUTER_SIDE,LEFT,3,1.0,,,0.0,-1.0,1.0,2.0,1.0,,17.25,13.25,17.75,15.75,PASS_BOUNDARY,
OUTER_SIDE,LEFT,3,1.0,,,0.0,-1.0,2.0,0.0,1.0,,17.25,14.25,17.75,15.75,PASS_BOUNDARY,
OUTER_SIDE,LEFT,3,1.0,,,0.0,-1.0,2.0,1.0,1.0,,17.25,13.25,17.75,15.75,PASS_BOUNDARY,
OUTER_SIDE,LEFT,3,1.0,,,0.0,-1.0,2.0,2.0,1.0,,17.25,12.25,17.75,15.75,PASS_BOUNDARY,
OUTER_SIDE,LEFT,3,1.0,,,0.0,0.0,0.0,0.0,0.0,,17.25,17.25,17.75,16.75,PASS_BOUNDARY,
OUTER_SIDE,LEFT,3,1.0,,,0.0,0.0,0.0,1.0,0.0,,17.25,16.25,17.75,16.75,PASS_BOUNDARY,
OUTER_SIDE,LEFT,3,1.0,,,0.0,0.0,0.0,2.0,0.0,,17.25,15.25,17.75,16.75,PASS_BOUNDARY,
OUTER_SIDE,LEFT,3,1.0,,,0.0,0.0,1.0,0.0,0.0,,17.25,16.25,17.75,16.75,PASS_BOUNDARY,
OUTER_SIDE,LEFT,3,1.0,,,0.0,0.0,1.0,1.0,0.0,,17.25,15.25,17.75,16.75,PASS_BOUNDARY,
OUTER_SIDE,LEFT,3,1.0,,,0.0,0.0,1.0,2.0,0.0,,17.25,14.25,17.75,16.75,PASS_BOUNDARY,
OUTER_SIDE,LEFT,3,1.0,,,0.0,0.0,2.0,0.0,0.0,,17.25,15.25,17.75,16.75,PASS_BOUNDARY,
OUTER_SIDE,LEFT,3,1.0,,,0.0,0.0,2.0,1.0,0.0,,17.25,14.25,17.75,16.75,PASS_BOUNDARY,
OUTER_SIDE,LEFT,3,1.0,,,0.0,0.0,2.0,2.0,0.0,,17.25,13.25,17.75,16.75,PASS_BOUNDARY,
OUTER_SIDE,LEFT,3,1.0,,,0.0,1.0,0.0,0.0,1.0,,17.25,16.25,17.75,15.75,PASS_BOUNDARY,
OUTER_SIDE,LEFT,3,1.0,,,0.0,1.0,0.0,1.0,1.0,,17.25,15.25,17.75,15.75,PASS_BOUNDARY,
OUTER_SIDE,LEFT,3,1.0,,,0.0,1.0,0.0,2.0,1.0,,17.25,14.25,17.75,15.75,PASS_BOUNDARY,
OUTER_SIDE,LEFT,3,1.0,,,0.0,1.0,1.0,0.0,1.0,,17.25,15.25,17.75,15.75,PASS_BOUNDARY,
OUTER_SIDE,LEFT,3,1.0,,,0.0,1.0,1.0,1.0,1.0,,17.25,14.25,17.75,15.75,PASS_BOUNDARY,
OUTER_SIDE,LEFT,3,1.0,,,0.0,1.0,1.0,2.0,1.0,,17.25,13.25,17.75,15.75,PASS_BOUNDARY,
OUTER_SIDE,LEFT,3,1.0,,,0.0,1.0,2.0,0.0,1.0,,17.25,14.25,17.75,15.75,PASS_BOUNDARY,
OUTER_SIDE,LEFT,3,1.0,,,0.0,1.0,2.0,1.0,1.0,,17.25,13.25,17.75,15.75,PASS_BOUNDARY,
OUTER_SIDE,LEFT,3,1.0,,,0.0,1.0,2.0,2.0,1.0,,17.25,12.25,17.75,15.75,PASS_BOUNDARY,
OUTER_SIDE,LEFT,3,1.0,,,1.0,-1.0,0.0,0.0,2.0,,17.25,15.25,17.75,14.75,PASS_BOUNDARY,
OUTER_SIDE,LEFT,3,1.0,,,1.0,-1.0,0.0,1.0,2.0,,17.25,14.25,17.75,14.75,PASS_BOUNDARY,
OUTER_SIDE,LEFT,3,1.0,,,1.0,-1.0,0.0,2.0,2.0,,17.25,13.25,17.75,14.75,PASS_BOUNDARY,
OUTER_SIDE,LEFT,3,1.0,,,1.0,-1.0,1.0,0.0,2.0,,17.25,14.25,17.75,14.75,PASS_BOUNDARY,
OUTER_SIDE,LEFT,3,1.0,,,1.0,-1.0,1.0,1.0,2.0,,17.25,13.25,17.75,14.75,PASS_BOUNDARY,
OUTER_SIDE,LEFT,3,1.0,,,1.0,-1.0,1.0,2.0,2.0,,17.25,12.25,17.75,14.75,PASS_BOUNDARY,
OUTER_SIDE,LEFT,3,1.0,,,1.0,-1.0,2.0,0.0,2.0,,17.25,13.25,17.75,14.75,PASS_BOUNDARY,
OUTER_SIDE,LEFT,3,1.0,,,1.0,-1.0,2.0,1.0,2.0,,17.25,12.25,17.75,14.75,PASS_BOUNDARY,
OUTER_SIDE,LEFT,3,1.0,,,1.0,-1.0,2.0,2.0,2.0,,17.25,11.25,17.75,14.75,PASS_BOUNDARY,
OUTER_SIDE,LEFT,3,1.0,,,1.0,0.0,0.0,0.0,1.0,,17.25,16.25,17.75,15.75,PASS_BOUNDARY,
OUTER_SIDE,LEFT,3,1.0,,,1.0,0.0,0.0,1.0,1.0,,17.25,15.25,17.75,15.75,PASS_BOUNDARY,
OUTER_SIDE,LEFT,3,1.0,,,1.0,0.0,0.0,2.0,1.0,,17.25,14.25,17.75,15.75,PASS_BOUNDARY,
OUTER_SIDE,LEFT,3,1.0,,,1.0,0.0,1.0,0.0,1.0,,17.25,15.25,17.75,15.75,PASS_BOUNDARY,
OUTER_SIDE,LEFT,3,1.0,,,1.0,0.0,1.0,1.0,1.0,,17.25,14.25,17.75,15.75,PASS_BOUNDARY,
OUTER_SIDE,LEFT,3,1.0,,,1.0,0.0,1.0,2.0,1.0,,17.25,13.25,17.75,15.75,PASS_BOUNDARY,
OUTER_SIDE,LEFT,3,1.0,,,1.0,0.0,2.0,0.0,1.0,,17.25,14.25,17.75,15.75,PASS_BOUNDARY,
OUTER_SIDE,LEFT,3,1.0,,,1.0,0.0,2.0,1.0,1.0,,17.25,13.25,17.75,15.75,PASS_BOUNDARY,
OUTER_SIDE,LEFT,3,1.0,,,1.0,0.0,2.0,2.0,1.0,,17.25,12.25,17.75,15.75,PASS_BOUNDARY,
OUTER_SIDE,LEFT,3,1.0,,,1.0,1.0,0.0,0.0,0.0,,17.25,17.25,17.75,16.75,PASS_BOUNDARY,
OUTER_SIDE,LEFT,3,1.0,,,1.0,1.0,0.0,1.0,0.0,,17.25,16.25,17.75,16.75,PASS_BOUNDARY,
OUTER_SIDE,LEFT,3,1.0,,,1.0,1.0,0.0,2.0,0.0,,17.25,15.25,17.75,16.75,PASS_BOUNDARY,
OUTER_SIDE,LEFT,3,1.0,,,1.0,1.0,1.0,0.0,0.0,,17.25,16.25,17.75,16.75,PASS_BOUNDARY,
OUTER_SIDE,LEFT,3,1.0,,,1.0,1.0,1.0,1.0,0.0,,17.25,15.25,17.75,16.75,PASS_BOUNDARY,
OUTER_SIDE,LEFT,3,1.0,,,1.0,1.0,1.0,2.0,0.0,,17.25,14.25,17.75,16.75,PASS_BOUNDARY,
OUTER_SIDE,LEFT,3,1.0,,,1.0,1.0,2.0,0.0,0.0,,17.25,15.25,17.75,16.75,PASS_BOUNDARY,
OUTER_SIDE,LEFT,3,1.0,,,1.0,1.0,2.0,1.0,0.0,,17.25,14.25,17.75,16.75,PASS_BOUNDARY,
OUTER_SIDE,LEFT,3,1.0,,,1.0,1.0,2.0,2.0,0.0,,17.25,13.25,17.75,16.75,PASS_BOUNDARY,
OUTER_SIDE,LEFT,3,1.5,,,-1.0,-1.0,0.0,0.0,0.0,,17.25,17.25,17.75,16.25,PASS_BOUNDARY,
OUTER_SIDE,LEFT,3,1.5,,,-1.0,-1.0,0.0,1.0,0.0,,17.25,16.25,17.75,16.25,PASS_BOUNDARY,
OUTER_SIDE,LEFT,3,1.5,,,-1.0,-1.0,0.0,2.0,0.0,,17.25,15.25,17.75,16.25,PASS_BOUNDARY,
OUTER_SIDE,LEFT,3,1.5,,,-1.0,-1.0,1.0,0.0,0.0,,17.25,16.25,17.75,16.25,PASS_BOUNDARY,
OUTER_SIDE,LEFT,3,1.5,,,-1.0,-1.0,1.0,1.0,0.0,,17.25,15.25,17.75,16.25,PASS_BOUNDARY,
OUTER_SIDE,LEFT,3,1.5,,,-1.0,-1.0,1.0,2.0,0.0,,17.25,14.25,17.75,16.25,PASS_BOUNDARY,
OUTER_SIDE,LEFT,3,1.5,,,-1.0,-1.0,2.0,0.0,0.0,,17.25,15.25,17.75,16.25,PASS_BOUNDARY,
OUTER_SIDE,LEFT,3,1.5,,,-1.0,-1.0,2.0,1.0,0.0,,17.25,14.25,17.75,16.25,PASS_BOUNDARY,
OUTER_SIDE,LEFT,3,1.5,,,-1.0,-1.0,2.0,2.0,0.0,,17.25,13.25,17.75,16.25,PASS_BOUNDARY,
OUTER_SIDE,LEFT,3,1.5,,,-1.0,0.0,0.0,0.0,1.0,,17.25,16.25,17.75,15.25,PASS_BOUNDARY,
OUTER_SIDE,LEFT,3,1.5,,,-1.0,0.0,0.0,1.0,1.0,,17.25,15.25,17.75,15.25,PASS_BOUNDARY,
OUTER_SIDE,LEFT,3,1.5,,,-1.0,0.0,0.0,2.0,1.0,,17.25,14.25,17.75,15.25,PASS_BOUNDARY,
OUTER_SIDE,LEFT,3,1.5,,,-1.0,0.0,1.0,0.0,1.0,,17.25,15.25,17.75,15.25,PASS_BOUNDARY,
OUTER_SIDE,LEFT,3,1.5,,,-1.0,0.0,1.0,1.0,1.0,,17.25,14.25,17.75,15.25,PASS_BOUNDARY,
OUTER_SIDE,LEFT,3,1.5,,,-1.0,0.0,1.0,2.0,1.0,,17.25,13.25,17.75,15.25,PASS_BOUNDARY,
OUTER_SIDE,LEFT,3,1.5,,,-1.0,0.0,2.0,0.0,1.0,,17.25,14.25,17.75,15.25,PASS_BOUNDARY,
OUTER_SIDE,LEFT,3,1.5,,,-1.0,0.0,2.0,1.0,1.0,,17.25,13.25,17.75,15.25,PASS_BOUNDARY,
OUTER_SIDE,LEFT,3,1.5,,,-1.0,0.0,2.0,2.0,1.0,,17.25,12.25,17.75,15.25,PASS_BOUNDARY,
OUTER_SIDE,LEFT,3,1.5,,,-1.0,1.0,0.0,0.0,2.0,,17.25,15.25,17.75,14.25,PASS_BOUNDARY,
OUTER_SIDE,LEFT,3,1.5,,,-1.0,1.0,0.0,1.0,2.0,,17.25,14.25,17.75,14.25,PASS_BOUNDARY,
OUTER_SIDE,LEFT,3,1.5,,,-1.0,1.0,0.0,2.0,2.0,,17.25,13.25,17.75,14.25,PASS_BOUNDARY,
OUTER_SIDE,LEFT,3,1.5,,,-1.0,1.0,1.0,0.0,2.0,,17.25,14.25,17.75,14.25,PASS_BOUNDARY,
OUTER_SIDE,LEFT,3,1.5,,,-1.0,1.0,1.0,1.0,2.0,,17.25,13.25,17.75,14.25,PASS_BOUNDARY,
OUTER_SIDE,LEFT,3,1.5,,,-1.0,1.0,1.0,2.0,2.0,,17.25,12.25,17.75,14.25,PASS_BOUNDARY,
OUTER_SIDE,LEFT,3,1.5,,,-1.0,1.0,2.0,0.0,2.0,,17.25,13.25,17.75,14.25,PASS_BOUNDARY,
OUTER_SIDE,LEFT,3,1.5,,,-1.0,1.0,2.0,1.0,2.0,,17.25,12.25,17.75,14.25,PASS_BOUNDARY,
OUTER_SIDE,LEFT,3,1.5,,,-1.0,1.0,2.0,2.0,2.0,,17.25,11.25,17.75,14.25,PASS_BOUNDARY,
OUTER_SIDE,LEFT,3,1.5,,,0.0,-1.0,0.0,0.0,1.0,,17.25,16.25,17.75,15.25,PASS_BOUNDARY,
OUTER_SIDE,LEFT,3,1.5,,,0.0,-1.0,0.0,1.0,1.0,,17.25,15.25,17.75,15.25,PASS_BOUNDARY,
OUTER_SIDE,LEFT,3,1.5,,,0.0,-1.0,0.0,2.0,1.0,,17.25,14.25,17.75,15.25,PASS_BOUNDARY,
OUTER_SIDE,LEFT,3,1.5,,,0.0,-1.0,1.0,0.0,1.0,,17.25,15.25,17.75,15.25,PASS_BOUNDARY,
OUTER_SIDE,LEFT,3,1.5,,,0.0,-1.0,1.0,1.0,1.0,,17.25,14.25,17.75,15.25,PASS_BOUNDARY,
OUTER_SIDE,LEFT,3,1.5,,,0.0,-1.0,1.0,2.0,1.0,,17.25,13.25,17.75,15.25,PASS_BOUNDARY,
OUTER_SIDE,LEFT,3,1.5,,,0.0,-1.0,2.0,0.0,1.0,,17.25,14.25,17.75,15.25,PASS_BOUNDARY,
OUTER_SIDE,LEFT,3,1.5,,,0.0,-1.0,2.0,1.0,1.0,,17.25,13.25,17.75,15.25,PASS_BOUNDARY,
OUTER_SIDE,LEFT,3,1.5,,,0.0,-1.0,2.0,2.0,1.0,,17.25,12.25,17.75,15.25,PASS_BOUNDARY,
OUTER_SIDE,LEFT,3,1.5,,,0.0,0.0,0.0,0.0,0.0,,17.25,17.25,17.75,16.25,PASS_BOUNDARY,
OUTER_SIDE,LEFT,3,1.5,,,0.0,0.0,0.0,1.0,0.0,,17.25,16.25,17.75,16.25,PASS_BOUNDARY,
OUTER_SIDE,LEFT,3,1.5,,,0.0,0.0,0.0,2.0,0.0,,17.25,15.25,17.75,16.25,PASS_BOUNDARY,
OUTER_SIDE,LEFT,3,1.5,,,0.0,0.0,1.0,0.0,0.0,,17.25,16.25,17.75,16.25,PASS_BOUNDARY,
OUTER_SIDE,LEFT,3,1.5,,,0.0,0.0,1.0,1.0,0.0,,17.25,15.25,17.75,16.25,PASS_BOUNDARY,
OUTER_SIDE,LEFT,3,1.5,,,0.0,0.0,1.0,2.0,0.0,,17.25,14.25,17.75,16.25,PASS_BOUNDARY,
OUTER_SIDE,LEFT,3,1.5,,,0.0,0.0,2.0,0.0,0.0,,17.25,15.25,17.75,16.25,PASS_BOUNDARY,
OUTER_SIDE,LEFT,3,1.5,,,0.0,0.0,2.0,1.0,0.0,,17.25,14.25,17.75,16.25,PASS_BOUNDARY,
OUTER_SIDE,LEFT,3,1.5,,,0.0,0.0,2.0,2.0,0.0,,17.25,13.25,17.75,16.25,PASS_BOUNDARY,
OUTER_SIDE,LEFT,3,1.5,,,0.0,1.0,0.0,0.0,1.0,,17.25,16.25,17.75,15.25,PASS_BOUNDARY,
OUTER_SIDE,LEFT,3,1.5,,,0.0,1.0,0.0,1.0,1.0,,17.25,15.25,17.75,15.25,PASS_BOUNDARY,
OUTER_SIDE,LEFT,3,1.5,,,0.0,1.0,0.0,2.0,1.0,,17.25,14.25,17.75,15.25,PASS_BOUNDARY,
OUTER_SIDE,LEFT,3,1.5,,,0.0,1.0,1.0,0.0,1.0,,17.25,15.25,17.75,15.25,PASS_BOUNDARY,
OUTER_SIDE,LEFT,3,1.5,,,0.0,1.0,1.0,1.0,1.0,,17.25,14.25,17.75,15.25,PASS_BOUNDARY,
OUTER_SIDE,LEFT,3,1.5,,,0.0,1.0,1.0,2.0,1.0,,17.25,13.25,17.75,15.25,PASS_BOUNDARY,
OUTER_SIDE,LEFT,3,1.5,,,0.0,1.0,2.0,0.0,1.0,,17.25,14.25,17.75,15.25,PASS_BOUNDARY,
OUTER_SIDE,LEFT,3,1.5,,,0.0,1.0,2.0,1.0,1.0,,17.25,13.25,17.75,15.25,PASS_BOUNDARY,
OUTER_SIDE,LEFT,3,1.5,,,0.0,1.0,2.0,2.0,1.0,,17.25,12.25,17.75,15.25,PASS_BOUNDARY,
OUTER_SIDE,LEFT,3,1.5,,,1.0,-1.0,0.0,0.0,2.0,,17.25,15.25,17.75,14.25,PASS_BOUNDARY,
OUTER_SIDE,LEFT,3,1.5,,,1.0,-1.0,0.0,1.0,2.0,,17.25,14.25,17.75,14.25,PASS_BOUNDARY,
OUTER_SIDE,LEFT,3,1.5,,,1.0,-1.0,0.0,2.0,2.0,,17.25,13.25,17.75,14.25,PASS_BOUNDARY,
OUTER_SIDE,LEFT,3,1.5,,,1.0,-1.0,1.0,0.0,2.0,,17.25,14.25,17.75,14.25,PASS_BOUNDARY,
OUTER_SIDE,LEFT,3,1.5,,,1.0,-1.0,1.0,1.0,2.0,,17.25,13.25,17.75,14.25,PASS_BOUNDARY,
OUTER_SIDE,LEFT,3,1.5,,,1.0,-1.0,1.0,2.0,2.0,,17.25,12.25,17.75,14.25,PASS_BOUNDARY,
OUTER_SIDE,LEFT,3,1.5,,,1.0,-1.0,2.0,0.0,2.0,,17.25,13.25,17.75,14.25,PASS_BOUNDARY,
OUTER_SIDE,LEFT,3,1.5,,,1.0,-1.0,2.0,1.0,2.0,,17.25,12.25,17.75,14.25,PASS_BOUNDARY,
OUTER_SIDE,LEFT,3,1.5,,,1.0,-1.0,2.0,2.0,2.0,,17.25,11.25,17.75,14.25,PASS_BOUNDARY,
OUTER_SIDE,LEFT,3,1.5,,,1.0,0.0,0.0,0.0,1.0,,17.25,16.25,17.75,15.25,PASS_BOUNDARY,
OUTER_SIDE,LEFT,3,1.5,,,1.0,0.0,0.0,1.0,1.0,,17.25,15.25,17.75,15.25,PASS_BOUNDARY,
OUTER_SIDE,LEFT,3,1.5,,,1.0,0.0,0.0,2.0,1.0,,17.25,14.25,17.75,15.25,PASS_BOUNDARY,
OUTER_SIDE,LEFT,3,1.5,,,1.0,0.0,1.0,0.0,1.0,,17.25,15.25,17.75,15.25,PASS_BOUNDARY,
OUTER_SIDE,LEFT,3,1.5,,,1.0,0.0,1.0,1.0,1.0,,17.25,14.25,17.75,15.25,PASS_BOUNDARY,
OUTER_SIDE,LEFT,3,1.5,,,1.0,0.0,1.0,2.0,1.0,,17.25,13.25,17.75,15.25,PASS_BOUNDARY,
OUTER_SIDE,LEFT,3,1.5,,,1.0,0.0,2.0,0.0,1.0,,17.25,14.25,17.75,15.25,PASS_BOUNDARY,
OUTER_SIDE,LEFT,3,1.5,,,1.0,0.0,2.0,1.0,1.0,,17.25,13.25,17.75,15.25,PASS_BOUNDARY,
OUTER_SIDE,LEFT,3,1.5,,,1.0,0.0,2.0,2.0,1.0,,17.25,12.25,17.75,15.25,PASS_BOUNDARY,
OUTER_SIDE,LEFT,3,1.5,,,1.0,1.0,0.0,0.0,0.0,,17.25,17.25,17.75,16.25,PASS_BOUNDARY,
OUTER_SIDE,LEFT,3,1.5,,,1.0,1.0,0.0,1.0,0.0,,17.25,16.25,17.75,16.25,PASS_BOUNDARY,
OUTER_SIDE,LEFT,3,1.5,,,1.0,1.0,0.0,2.0,0.0,,17.25,15.25,17.75,16.25,PASS_BOUNDARY,
OUTER_SIDE,LEFT,3,1.5,,,1.0,1.0,1.0,0.0,0.0,,17.25,16.25,17.75,16.25,PASS_BOUNDARY,
OUTER_SIDE,LEFT,3,1.5,,,1.0,1.0,1.0,1.0,0.0,,17.25,15.25,17.75,16.25,PASS_BOUNDARY,
OUTER_SIDE,LEFT,3,1.5,,,1.0,1.0,1.0,2.0,0.0,,17.25,14.25,17.75,16.25,PASS_BOUNDARY,
OUTER_SIDE,LEFT,3,1.5,,,1.0,1.0,2.0,0.0,0.0,,17.25,15.25,17.75,16.25,PASS_BOUNDARY,
OUTER_SIDE,LEFT,3,1.5,,,1.0,1.0,2.0,1.0,0.0,,17.25,14.25,17.75,16.25,PASS_BOUNDARY,
OUTER_SIDE,LEFT,3,1.5,,,1.0,1.0,2.0,2.0,0.0,,17.25,13.25,17.75,16.25,PASS_BOUNDARY,
OUTER_SIDE,LEFT,4,0.0,,,-1.0,-1.0,0.0,0.0,0.0,,16.25,16.25,16.75,16.75,PASS_BOUNDARY,
OUTER_SIDE,LEFT,4,0.0,,,-1.0,-1.0,0.0,1.0,0.0,,16.25,15.25,16.75,16.75,PASS_BOUNDARY,
OUTER_SIDE,LEFT,4,0.0,,,-1.0,-1.0,0.0,2.0,0.0,,16.25,14.25,16.75,16.75,PASS_BOUNDARY,
OUTER_SIDE,LEFT,4,0.0,,,-1.0,-1.0,1.0,0.0,0.0,,16.25,15.25,16.75,16.75,PASS_BOUNDARY,
OUTER_SIDE,LEFT,4,0.0,,,-1.0,-1.0,1.0,1.0,0.0,,16.25,14.25,16.75,16.75,PASS_BOUNDARY,
OUTER_SIDE,LEFT,4,0.0,,,-1.0,-1.0,1.0,2.0,0.0,,16.25,13.25,16.75,16.75,PASS_BOUNDARY,
OUTER_SIDE,LEFT,4,0.0,,,-1.0,-1.0,2.0,0.0,0.0,,16.25,14.25,16.75,16.75,PASS_BOUNDARY,
OUTER_SIDE,LEFT,4,0.0,,,-1.0,-1.0,2.0,1.0,0.0,,16.25,13.25,16.75,16.75,PASS_BOUNDARY,
OUTER_SIDE,LEFT,4,0.0,,,-1.0,-1.0,2.0,2.0,0.0,,16.25,12.25,16.75,16.75,PASS_BOUNDARY,
OUTER_SIDE,LEFT,4,0.0,,,-1.0,0.0,0.0,0.0,1.0,,16.25,15.25,16.75,15.75,PASS_BOUNDARY,
OUTER_SIDE,LEFT,4,0.0,,,-1.0,0.0,0.0,1.0,1.0,,16.25,14.25,16.75,15.75,PASS_BOUNDARY,
OUTER_SIDE,LEFT,4,0.0,,,-1.0,0.0,0.0,2.0,1.0,,16.25,13.25,16.75,15.75,PASS_BOUNDARY,
OUTER_SIDE,LEFT,4,0.0,,,-1.0,0.0,1.0,0.0,1.0,,16.25,14.25,16.75,15.75,PASS_BOUNDARY,
OUTER_SIDE,LEFT,4,0.0,,,-1.0,0.0,1.0,1.0,1.0,,16.25,13.25,16.75,15.75,PASS_BOUNDARY,
OUTER_SIDE,LEFT,4,0.0,,,-1.0,0.0,1.0,2.0,1.0,,16.25,12.25,16.75,15.75,PASS_BOUNDARY,
OUTER_SIDE,LEFT,4,0.0,,,-1.0,0.0,2.0,0.0,1.0,,16.25,13.25,16.75,15.75,PASS_BOUNDARY,
OUTER_SIDE,LEFT,4,0.0,,,-1.0,0.0,2.0,1.0,1.0,,16.25,12.25,16.75,15.75,PASS_BOUNDARY,
OUTER_SIDE,LEFT,4,0.0,,,-1.0,0.0,2.0,2.0,1.0,,16.25,11.25,16.75,15.75,PASS_BOUNDARY,
OUTER_SIDE,LEFT,4,0.0,,,-1.0,1.0,0.0,0.0,2.0,,16.25,14.25,16.75,14.75,PASS_BOUNDARY,
OUTER_SIDE,LEFT,4,0.0,,,-1.0,1.0,0.0,1.0,2.0,,16.25,13.25,16.75,14.75,PASS_BOUNDARY,
OUTER_SIDE,LEFT,4,0.0,,,-1.0,1.0,0.0,2.0,2.0,,16.25,12.25,16.75,14.75,PASS_BOUNDARY,
OUTER_SIDE,LEFT,4,0.0,,,-1.0,1.0,1.0,0.0,2.0,,16.25,13.25,16.75,14.75,PASS_BOUNDARY,
OUTER_SIDE,LEFT,4,0.0,,,-1.0,1.0,1.0,1.0,2.0,,16.25,12.25,16.75,14.75,PASS_BOUNDARY,
OUTER_SIDE,LEFT,4,0.0,,,-1.0,1.0,1.0,2.0,2.0,,16.25,11.25,16.75,14.75,PASS_BOUNDARY,
OUTER_SIDE,LEFT,4,0.0,,,-1.0,1.0,2.0,0.0,2.0,,16.25,12.25,16.75,14.75,PASS_BOUNDARY,
OUTER_SIDE,LEFT,4,0.0,,,-1.0,1.0,2.0,1.0,2.0,,16.25,11.25,16.75,14.75,PASS_BOUNDARY,
OUTER_SIDE,LEFT,4,0.0,,,-1.0,1.0,2.0,2.0,2.0,,16.25,10.25,16.75,14.75,PASS_BOUNDARY,
OUTER_SIDE,LEFT,4,0.0,,,0.0,-1.0,0.0,0.0,1.0,,16.25,15.25,16.75,15.75,PASS_BOUNDARY,
OUTER_SIDE,LEFT,4,0.0,,,0.0,-1.0,0.0,1.0,1.0,,16.25,14.25,16.75,15.75,PASS_BOUNDARY,
OUTER_SIDE,LEFT,4,0.0,,,0.0,-1.0,0.0,2.0,1.0,,16.25,13.25,16.75,15.75,PASS_BOUNDARY,
OUTER_SIDE,LEFT,4,0.0,,,0.0,-1.0,1.0,0.0,1.0,,16.25,14.25,16.75,15.75,PASS_BOUNDARY,
OUTER_SIDE,LEFT,4,0.0,,,0.0,-1.0,1.0,1.0,1.0,,16.25,13.25,16.75,15.75,PASS_BOUNDARY,
OUTER_SIDE,LEFT,4,0.0,,,0.0,-1.0,1.0,2.0,1.0,,16.25,12.25,16.75,15.75,PASS_BOUNDARY,
OUTER_SIDE,LEFT,4,0.0,,,0.0,-1.0,2.0,0.0,1.0,,16.25,13.25,16.75,15.75,PASS_BOUNDARY,
OUTER_SIDE,LEFT,4,0.0,,,0.0,-1.0,2.0,1.0,1.0,,16.25,12.25,16.75,15.75,PASS_BOUNDARY,
OUTER_SIDE,LEFT,4,0.0,,,0.0,-1.0,2.0,2.0,1.0,,16.25,11.25,16.75,15.75,PASS_BOUNDARY,
OUTER_SIDE,LEFT,4,0.0,,,0.0,0.0,0.0,0.0,0.0,,16.25,16.25,16.75,16.75,PASS_BOUNDARY,
OUTER_SIDE,LEFT,4,0.0,,,0.0,0.0,0.0,1.0,0.0,,16.25,15.25,16.75,16.75,PASS_BOUNDARY,
OUTER_SIDE,LEFT,4,0.0,,,0.0,0.0,0.0,2.0,0.0,,16.25,14.25,16.75,16.75,PASS_BOUNDARY,
OUTER_SIDE,LEFT,4,0.0,,,0.0,0.0,1.0,0.0,0.0,,16.25,15.25,16.75,16.75,PASS_BOUNDARY,
OUTER_SIDE,LEFT,4,0.0,,,0.0,0.0,1.0,1.0,0.0,,16.25,14.25,16.75,16.75,PASS_BOUNDARY,
OUTER_SIDE,LEFT,4,0.0,,,0.0,0.0,1.0,2.0,0.0,,16.25,13.25,16.75,16.75,PASS_BOUNDARY,
OUTER_SIDE,LEFT,4,0.0,,,0.0,0.0,2.0,0.0,0.0,,16.25,14.25,16.75,16.75,PASS_BOUNDARY,
OUTER_SIDE,LEFT,4,0.0,,,0.0,0.0,2.0,1.0,0.0,,16.25,13.25,16.75,16.75,PASS_BOUNDARY,
OUTER_SIDE,LEFT,4,0.0,,,0.0,0.0,2.0,2.0,0.0,,16.25,12.25,16.75,16.75,PASS_BOUNDARY,
OUTER_SIDE,LEFT,4,0.0,,,0.0,1.0,0.0,0.0,1.0,,16.25,15.25,16.75,15.75,PASS_BOUNDARY,
OUTER_SIDE,LEFT,4,0.0,,,0.0,1.0,0.0,1.0,1.0,,16.25,14.25,16.75,15.75,PASS_BOUNDARY,
OUTER_SIDE,LEFT,4,0.0,,,0.0,1.0,0.0,2.0,1.0,,16.25,13.25,16.75,15.75,PASS_BOUNDARY,
OUTER_SIDE,LEFT,4,0.0,,,0.0,1.0,1.0,0.0,1.0,,16.25,14.25,16.75,15.75,PASS_BOUNDARY,
OUTER_SIDE,LEFT,4,0.0,,,0.0,1.0,1.0,1.0,1.0,,16.25,13.25,16.75,15.75,PASS_BOUNDARY,
OUTER_SIDE,LEFT,4,0.0,,,0.0,1.0,1.0,2.0,1.0,,16.25,12.25,16.75,15.75,PASS_BOUNDARY,
OUTER_SIDE,LEFT,4,0.0,,,0.0,1.0,2.0,0.0,1.0,,16.25,13.25,16.75,15.75,PASS_BOUNDARY,
OUTER_SIDE,LEFT,4,0.0,,,0.0,1.0,2.0,1.0,1.0,,16.25,12.25,16.75,15.75,PASS_BOUNDARY,
OUTER_SIDE,LEFT,4,0.0,,,0.0,1.0,2.0,2.0,1.0,,16.25,11.25,16.75,15.75,PASS_BOUNDARY,
OUTER_SIDE,LEFT,4,0.0,,,1.0,-1.0,0.0,0.0,2.0,,16.25,14.25,16.75,14.75,PASS_BOUNDARY,
OUTER_SIDE,LEFT,4,0.0,,,1.0,-1.0,0.0,1.0,2.0,,16.25,13.25,16.75,14.75,PASS_BOUNDARY,
OUTER_SIDE,LEFT,4,0.0,,,1.0,-1.0,0.0,2.0,2.0,,16.25,12.25,16.75,14.75,PASS_BOUNDARY,
OUTER_SIDE,LEFT,4,0.0,,,1.0,-1.0,1.0,0.0,2.0,,16.25,13.25,16.75,14.75,PASS_BOUNDARY,
OUTER_SIDE,LEFT,4,0.0,,,1.0,-1.0,1.0,1.0,2.0,,16.25,12.25,16.75,14.75,PASS_BOUNDARY,
OUTER_SIDE,LEFT,4,0.0,,,1.0,-1.0,1.0,2.0,2.0,,16.25,11.25,16.75,14.75,PASS_BOUNDARY,
OUTER_SIDE,LEFT,4,0.0,,,1.0,-1.0,2.0,0.0,2.0,,16.25,12.25,16.75,14.75,PASS_BOUNDARY,
OUTER_SIDE,LEFT,4,0.0,,,1.0,-1.0,2.0,1.0,2.0,,16.25,11.25,16.75,14.75,PASS_BOUNDARY,
OUTER_SIDE,LEFT,4,0.0,,,1.0,-1.0,2.0,2.0,2.0,,16.25,10.25,16.75,14.75,PASS_BOUNDARY,
OUTER_SIDE,LEFT,4,0.0,,,1.0,0.0,0.0,0.0,1.0,,16.25,15.25,16.75,15.75,PASS_BOUNDARY,
OUTER_SIDE,LEFT,4,0.0,,,1.0,0.0,0.0,1.0,1.0,,16.25,14.25,16.75,15.75,PASS_BOUNDARY,
OUTER_SIDE,LEFT,4,0.0,,,1.0,0.0,0.0,2.0,1.0,,16.25,13.25,16.75,15.75,PASS_BOUNDARY,
OUTER_SIDE,LEFT,4,0.0,,,1.0,0.0,1.0,0.0,1.0,,16.25,14.25,16.75,15.75,PASS_BOUNDARY,
OUTER_SIDE,LEFT,4,0.0,,,1.0,0.0,1.0,1.0,1.0,,16.25,13.25,16.75,15.75,PASS_BOUNDARY,
OUTER_SIDE,LEFT,4,0.0,,,1.0,0.0,1.0,2.0,1.0,,16.25,12.25,16.75,15.75,PASS_BOUNDARY,
OUTER_SIDE,LEFT,4,0.0,,,1.0,0.0,2.0,0.0,1.0,,16.25,13.25,16.75,15.75,PASS_BOUNDARY,
OUTER_SIDE,LEFT,4,0.0,,,1.0,0.0,2.0,1.0,1.0,,16.25,12.25,16.75,15.75,PASS_BOUNDARY,
OUTER_SIDE,LEFT,4,0.0,,,1.0,0.0,2.0,2.0,1.0,,16.25,11.25,16.75,15.75,PASS_BOUNDARY,
OUTER_SIDE,LEFT,4,0.0,,,1.0,1.0,0.0,0.0,0.0,,16.25,16.25,16.75,16.75,PASS_BOUNDARY,
OUTER_SIDE,LEFT,4,0.0,,,1.0,1.0,0.0,1.0,0.0,,16.25,15.25,16.75,16.75,PASS_BOUNDARY,
OUTER_SIDE,LEFT,4,0.0,,,1.0,1.0,0.0,2.0,0.0,,16.25,14.25,16.75,16.75,PASS_BOUNDARY,
OUTER_SIDE,LEFT,4,0.0,,,1.0,1.0,1.0,0.0,0.0,,16.25,15.25,16.75,16.75,PASS_BOUNDARY,
OUTER_SIDE,LEFT,4,0.0,,,1.0,1.0,1.0,1.0,0.0,,16.25,14.25,16.75,16.75,PASS_BOUNDARY,
OUTER_SIDE,LEFT,4,0.0,,,1.0,1.0,1.0,2.0,0.0,,16.25,13.25,16.75,16.75,PASS_BOUNDARY,
OUTER_SIDE,LEFT,4,0.0,,,1.0,1.0,2.0,0.0,0.0,,16.25,14.25,16.75,16.75,PASS_BOUNDARY,
OUTER_SIDE,LEFT,4,0.0,,,1.0,1.0,2.0,1.0,0.0,,16.25,13.25,16.75,16.75,PASS_BOUNDARY,
OUTER_SIDE,LEFT,4,0.0,,,1.0,1.0,2.0,2.0,0.0,,16.25,12.25,16.75,16.75,PASS_BOUNDARY,
OUTER_SIDE,LEFT,4,0.5,,,-1.0,-1.0,0.0,0.0,0.0,,16.25,16.25,16.75,16.25,PASS_BOUNDARY,
OUTER_SIDE,LEFT,4,0.5,,,-1.0,-1.0,0.0,1.0,0.0,,16.25,15.25,16.75,16.25,PASS_BOUNDARY,
OUTER_SIDE,LEFT,4,0.5,,,-1.0,-1.0,0.0,2.0,0.0,,16.25,14.25,16.75,16.25,PASS_BOUNDARY,
OUTER_SIDE,LEFT,4,0.5,,,-1.0,-1.0,1.0,0.0,0.0,,16.25,15.25,16.75,16.25,PASS_BOUNDARY,
OUTER_SIDE,LEFT,4,0.5,,,-1.0,-1.0,1.0,1.0,0.0,,16.25,14.25,16.75,16.25,PASS_BOUNDARY,
OUTER_SIDE,LEFT,4,0.5,,,-1.0,-1.0,1.0,2.0,0.0,,16.25,13.25,16.75,16.25,PASS_BOUNDARY,
OUTER_SIDE,LEFT,4,0.5,,,-1.0,-1.0,2.0,0.0,0.0,,16.25,14.25,16.75,16.25,PASS_BOUNDARY,
OUTER_SIDE,LEFT,4,0.5,,,-1.0,-1.0,2.0,1.0,0.0,,16.25,13.25,16.75,16.25,PASS_BOUNDARY,
OUTER_SIDE,LEFT,4,0.5,,,-1.0,-1.0,2.0,2.0,0.0,,16.25,12.25,16.75,16.25,PASS_BOUNDARY,
OUTER_SIDE,LEFT,4,0.5,,,-1.0,0.0,0.0,0.0,1.0,,16.25,15.25,16.75,15.25,PASS_BOUNDARY,
OUTER_SIDE,LEFT,4,0.5,,,-1.0,0.0,0.0,1.0,1.0,,16.25,14.25,16.75,15.25,PASS_BOUNDARY,
OUTER_SIDE,LEFT,4,0.5,,,-1.0,0.0,0.0,2.0,1.0,,16.25,13.25,16.75,15.25,PASS_BOUNDARY,
OUTER_SIDE,LEFT,4,0.5,,,-1.0,0.0,1.0,0.0,1.0,,16.25,14.25,16.75,15.25,PASS_BOUNDARY,
OUTER_SIDE,LEFT,4,0.5,,,-1.0,0.0,1.0,1.0,1.0,,16.25,13.25,16.75,15.25,PASS_BOUNDARY,
OUTER_SIDE,LEFT,4,0.5,,,-1.0,0.0,1.0,2.0,1.0,,16.25,12.25,16.75,15.25,PASS_BOUNDARY,
OUTER_SIDE,LEFT,4,0.5,,,-1.0,0.0,2.0,0.0,1.0,,16.25,13.25,16.75,15.25,PASS_BOUNDARY,
OUTER_SIDE,LEFT,4,0.5,,,-1.0,0.0,2.0,1.0,1.0,,16.25,12.25,16.75,15.25,PASS_BOUNDARY,
OUTER_SIDE,LEFT,4,0.5,,,-1.0,0.0,2.0,2.0,1.0,,16.25,11.25,16.75,15.25,PASS_BOUNDARY,
OUTER_SIDE,LEFT,4,0.5,,,-1.0,1.0,0.0,0.0,2.0,,16.25,14.25,16.75,14.25,PASS_BOUNDARY,
OUTER_SIDE,LEFT,4,0.5,,,-1.0,1.0,0.0,1.0,2.0,,16.25,13.25,16.75,14.25,PASS_BOUNDARY,
OUTER_SIDE,LEFT,4,0.5,,,-1.0,1.0,0.0,2.0,2.0,,16.25,12.25,16.75,14.25,PASS_BOUNDARY,
OUTER_SIDE,LEFT,4,0.5,,,-1.0,1.0,1.0,0.0,2.0,,16.25,13.25,16.75,14.25,PASS_BOUNDARY,
OUTER_SIDE,LEFT,4,0.5,,,-1.0,1.0,1.0,1.0,2.0,,16.25,12.25,16.75,14.25,PASS_BOUNDARY,
OUTER_SIDE,LEFT,4,0.5,,,-1.0,1.0,1.0,2.0,2.0,,16.25,11.25,16.75,14.25,PASS_BOUNDARY,
OUTER_SIDE,LEFT,4,0.5,,,-1.0,1.0,2.0,0.0,2.0,,16.25,12.25,16.75,14.25,PASS_BOUNDARY,
OUTER_SIDE,LEFT,4,0.5,,,-1.0,1.0,2.0,1.0,2.0,,16.25,11.25,16.75,14.25,PASS_BOUNDARY,
OUTER_SIDE,LEFT,4,0.5,,,-1.0,1.0,2.0,2.0,2.0,,16.25,10.25,16.75,14.25,PASS_BOUNDARY,
OUTER_SIDE,LEFT,4,0.5,,,0.0,-1.0,0.0,0.0,1.0,,16.25,15.25,16.75,15.25,PASS_BOUNDARY,
OUTER_SIDE,LEFT,4,0.5,,,0.0,-1.0,0.0,1.0,1.0,,16.25,14.25,16.75,15.25,PASS_BOUNDARY,
OUTER_SIDE,LEFT,4,0.5,,,0.0,-1.0,0.0,2.0,1.0,,16.25,13.25,16.75,15.25,PASS_BOUNDARY,
OUTER_SIDE,LEFT,4,0.5,,,0.0,-1.0,1.0,0.0,1.0,,16.25,14.25,16.75,15.25,PASS_BOUNDARY,
OUTER_SIDE,LEFT,4,0.5,,,0.0,-1.0,1.0,1.0,1.0,,16.25,13.25,16.75,15.25,PASS_BOUNDARY,
OUTER_SIDE,LEFT,4,0.5,,,0.0,-1.0,1.0,2.0,1.0,,16.25,12.25,16.75,15.25,PASS_BOUNDARY,
OUTER_SIDE,LEFT,4,0.5,,,0.0,-1.0,2.0,0.0,1.0,,16.25,13.25,16.75,15.25,PASS_BOUNDARY,
OUTER_SIDE,LEFT,4,0.5,,,0.0,-1.0,2.0,1.0,1.0,,16.25,12.25,16.75,15.25,PASS_BOUNDARY,
OUTER_SIDE,LEFT,4,0.5,,,0.0,-1.0,2.0,2.0,1.0,,16.25,11.25,16.75,15.25,PASS_BOUNDARY,
OUTER_SIDE,LEFT,4,0.5,,,0.0,0.0,0.0,0.0,0.0,,16.25,16.25,16.75,16.25,PASS_BOUNDARY,
OUTER_SIDE,LEFT,4,0.5,,,0.0,0.0,0.0,1.0,0.0,,16.25,15.25,16.75,16.25,PASS_BOUNDARY,
OUTER_SIDE,LEFT,4,0.5,,,0.0,0.0,0.0,2.0,0.0,,16.25,14.25,16.75,16.25,PASS_BOUNDARY,
OUTER_SIDE,LEFT,4,0.5,,,0.0,0.0,1.0,0.0,0.0,,16.25,15.25,16.75,16.25,PASS_BOUNDARY,
OUTER_SIDE,LEFT,4,0.5,,,0.0,0.0,1.0,1.0,0.0,,16.25,14.25,16.75,16.25,PASS_BOUNDARY,
OUTER_SIDE,LEFT,4,0.5,,,0.0,0.0,1.0,2.0,0.0,,16.25,13.25,16.75,16.25,PASS_BOUNDARY,
OUTER_SIDE,LEFT,4,0.5,,,0.0,0.0,2.0,0.0,0.0,,16.25,14.25,16.75,16.25,PASS_BOUNDARY,
OUTER_SIDE,LEFT,4,0.5,,,0.0,0.0,2.0,1.0,0.0,,16.25,13.25,16.75,16.25,PASS_BOUNDARY,
OUTER_SIDE,LEFT,4,0.5,,,0.0,0.0,2.0,2.0,0.0,,16.25,12.25,16.75,16.25,PASS_BOUNDARY,
OUTER_SIDE,LEFT,4,0.5,,,0.0,1.0,0.0,0.0,1.0,,16.25,15.25,16.75,15.25,PASS_BOUNDARY,
OUTER_SIDE,LEFT,4,0.5,,,0.0,1.0,0.0,1.0,1.0,,16.25,14.25,16.75,15.25,PASS_BOUNDARY,
OUTER_SIDE,LEFT,4,0.5,,,0.0,1.0,0.0,2.0,1.0,,16.25,13.25,16.75,15.25,PASS_BOUNDARY,
OUTER_SIDE,LEFT,4,0.5,,,0.0,1.0,1.0,0.0,1.0,,16.25,14.25,16.75,15.25,PASS_BOUNDARY,
OUTER_SIDE,LEFT,4,0.5,,,0.0,1.0,1.0,1.0,1.0,,16.25,13.25,16.75,15.25,PASS_BOUNDARY,
OUTER_SIDE,LEFT,4,0.5,,,0.0,1.0,1.0,2.0,1.0,,16.25,12.25,16.75,15.25,PASS_BOUNDARY,
OUTER_SIDE,LEFT,4,0.5,,,0.0,1.0,2.0,0.0,1.0,,16.25,13.25,16.75,15.25,PASS_BOUNDARY,
OUTER_SIDE,LEFT,4,0.5,,,0.0,1.0,2.0,1.0,1.0,,16.25,12.25,16.75,15.25,PASS_BOUNDARY,
OUTER_SIDE,LEFT,4,0.5,,,0.0,1.0,2.0,2.0,1.0,,16.25,11.25,16.75,15.25,PASS_BOUNDARY,
OUTER_SIDE,LEFT,4,0.5,,,1.0,-1.0,0.0,0.0,2.0,,16.25,14.25,16.75,14.25,PASS_BOUNDARY,
OUTER_SIDE,LEFT,4,0.5,,,1.0,-1.0,0.0,1.0,2.0,,16.25,13.25,16.75,14.25,PASS_BOUNDARY,
OUTER_SIDE,LEFT,4,0.5,,,1.0,-1.0,0.0,2.0,2.0,,16.25,12.25,16.75,14.25,PASS_BOUNDARY,
OUTER_SIDE,LEFT,4,0.5,,,1.0,-1.0,1.0,0.0,2.0,,16.25,13.25,16.75,14.25,PASS_BOUNDARY,
OUTER_SIDE,LEFT,4,0.5,,,1.0,-1.0,1.0,1.0,2.0,,16.25,12.25,16.75,14.25,PASS_BOUNDARY,
OUTER_SIDE,LEFT,4,0.5,,,1.0,-1.0,1.0,2.0,2.0,,16.25,11.25,16.75,14.25,PASS_BOUNDARY,
OUTER_SIDE,LEFT,4,0.5,,,1.0,-1.0,2.0,0.0,2.0,,16.25,12.25,16.75,14.25,PASS_BOUNDARY,
OUTER_SIDE,LEFT,4,0.5,,,1.0,-1.0,2.0,1.0,2.0,,16.25,11.25,16.75,14.25,PASS_BOUNDARY,
OUTER_SIDE,LEFT,4,0.5,,,1.0,-1.0,2.0,2.0,2.0,,16.25,10.25,16.75,14.25,PASS_BOUNDARY,
OUTER_SIDE,LEFT,4,0.5,,,1.0,0.0,0.0,0.0,1.0,,16.25,15.25,16.75,15.25,PASS_BOUNDARY,
OUTER_SIDE,LEFT,4,0.5,,,1.0,0.0,0.0,1.0,1.0,,16.25,14.25,16.75,15.25,PASS_BOUNDARY,
OUTER_SIDE,LEFT,4,0.5,,,1.0,0.0,0.0,2.0,1.0,,16.25,13.25,16.75,15.25,PASS_BOUNDARY,
OUTER_SIDE,LEFT,4,0.5,,,1.0,0.0,1.0,0.0,1.0,,16.25,14.25,16.75,15.25,PASS_BOUNDARY,
OUTER_SIDE,LEFT,4,0.5,,,1.0,0.0,1.0,1.0,1.0,,16.25,13.25,16.75,15.25,PASS_BOUNDARY,
OUTER_SIDE,LEFT,4,0.5,,,1.0,0.0,1.0,2.0,1.0,,16.25,12.25,16.75,15.25,PASS_BOUNDARY,
OUTER_SIDE,LEFT,4,0.5,,,1.0,0.0,2.0,0.0,1.0,,16.25,13.25,16.75,15.25,PASS_BOUNDARY,
OUTER_SIDE,LEFT,4,0.5,,,1.0,0.0,2.0,1.0,1.0,,16.25,12.25,16.75,15.25,PASS_BOUNDARY,
OUTER_SIDE,LEFT,4,0.5,,,1.0,0.0,2.0,2.0,1.0,,16.25,11.25,16.75,15.25,PASS_BOUNDARY,
OUTER_SIDE,LEFT,4,0.5,,,1.0,1.0,0.0,0.0,0.0,,16.25,16.25,16.75,16.25,PASS_BOUNDARY,
OUTER_SIDE,LEFT,4,0.5,,,1.0,1.0,0.0,1.0,0.0,,16.25,15.25,16.75,16.25,PASS_BOUNDARY,
OUTER_SIDE,LEFT,4,0.5,,,1.0,1.0,0.0,2.0,0.0,,16.25,14.25,16.75,16.25,PASS_BOUNDARY,
OUTER_SIDE,LEFT,4,0.5,,,1.0,1.0,1.0,0.0,0.0,,16.25,15.25,16.75,16.25,PASS_BOUNDARY,
OUTER_SIDE,LEFT,4,0.5,,,1.0,1.0,1.0,1.0,0.0,,16.25,14.25,16.75,16.25,PASS_BOUNDARY,
OUTER_SIDE,LEFT,4,0.5,,,1.0,1.0,1.0,2.0,0.0,,16.25,13.25,16.75,16.25,PASS_BOUNDARY,
OUTER_SIDE,LEFT,4,0.5,,,1.0,1.0,2.0,0.0,0.0,,16.25,14.25,16.75,16.25,PASS_BOUNDARY,
OUTER_SIDE,LEFT,4,0.5,,,1.0,1.0,2.0,1.0,0.0,,16.25,13.25,16.75,16.25,PASS_BOUNDARY,
OUTER_SIDE,LEFT,4,0.5,,,1.0,1.0,2.0,2.0,0.0,,16.25,12.25,16.75,16.25,PASS_BOUNDARY,
OUTER_SIDE,LEFT,4,1.0,,,-1.0,-1.0,0.0,0.0,0.0,,16.25,16.25,16.75,15.75,PASS_BOUNDARY,
OUTER_SIDE,LEFT,4,1.0,,,-1.0,-1.0,0.0,1.0,0.0,,16.25,15.25,16.75,15.75,PASS_BOUNDARY,
OUTER_SIDE,LEFT,4,1.0,,,-1.0,-1.0,0.0,2.0,0.0,,16.25,14.25,16.75,15.75,PASS_BOUNDARY,
OUTER_SIDE,LEFT,4,1.0,,,-1.0,-1.0,1.0,0.0,0.0,,16.25,15.25,16.75,15.75,PASS_BOUNDARY,
OUTER_SIDE,LEFT,4,1.0,,,-1.0,-1.0,1.0,1.0,0.0,,16.25,14.25,16.75,15.75,PASS_BOUNDARY,
OUTER_SIDE,LEFT,4,1.0,,,-1.0,-1.0,1.0,2.0,0.0,,16.25,13.25,16.75,15.75,PASS_BOUNDARY,
OUTER_SIDE,LEFT,4,1.0,,,-1.0,-1.0,2.0,0.0,0.0,,16.25,14.25,16.75,15.75,PASS_BOUNDARY,
OUTER_SIDE,LEFT,4,1.0,,,-1.0,-1.0,2.0,1.0,0.0,,16.25,13.25,16.75,15.75,PASS_BOUNDARY,
OUTER_SIDE,LEFT,4,1.0,,,-1.0,-1.0,2.0,2.0,0.0,,16.25,12.25,16.75,15.75,PASS_BOUNDARY,
OUTER_SIDE,LEFT,4,1.0,,,-1.0,0.0,0.0,0.0,1.0,,16.25,15.25,16.75,14.75,PASS_BOUNDARY,
OUTER_SIDE,LEFT,4,1.0,,,-1.0,0.0,0.0,1.0,1.0,,16.25,14.25,16.75,14.75,PASS_BOUNDARY,
OUTER_SIDE,LEFT,4,1.0,,,-1.0,0.0,0.0,2.0,1.0,,16.25,13.25,16.75,14.75,PASS_BOUNDARY,
OUTER_SIDE,LEFT,4,1.0,,,-1.0,0.0,1.0,0.0,1.0,,16.25,14.25,16.75,14.75,PASS_BOUNDARY,
OUTER_SIDE,LEFT,4,1.0,,,-1.0,0.0,1.0,1.0,1.0,,16.25,13.25,16.75,14.75,PASS_BOUNDARY,
OUTER_SIDE,LEFT,4,1.0,,,-1.0,0.0,1.0,2.0,1.0,,16.25,12.25,16.75,14.75,PASS_BOUNDARY,
OUTER_SIDE,LEFT,4,1.0,,,-1.0,0.0,2.0,0.0,1.0,,16.25,13.25,16.75,14.75,PASS_BOUNDARY,
OUTER_SIDE,LEFT,4,1.0,,,-1.0,0.0,2.0,1.0,1.0,,16.25,12.25,16.75,14.75,PASS_BOUNDARY,
OUTER_SIDE,LEFT,4,1.0,,,-1.0,0.0,2.0,2.0,1.0,,16.25,11.25,16.75,14.75,PASS_BOUNDARY,
OUTER_SIDE,LEFT,4,1.0,,,-1.0,1.0,0.0,0.0,2.0,,16.25,14.25,16.75,13.75,PASS_BOUNDARY,
OUTER_SIDE,LEFT,4,1.0,,,-1.0,1.0,0.0,1.0,2.0,,16.25,13.25,16.75,13.75,PASS_BOUNDARY,
OUTER_SIDE,LEFT,4,1.0,,,-1.0,1.0,0.0,2.0,2.0,,16.25,12.25,16.75,13.75,PASS_BOUNDARY,
OUTER_SIDE,LEFT,4,1.0,,,-1.0,1.0,1.0,0.0,2.0,,16.25,13.25,16.75,13.75,PASS_BOUNDARY,
OUTER_SIDE,LEFT,4,1.0,,,-1.0,1.0,1.0,1.0,2.0,,16.25,12.25,16.75,13.75,PASS_BOUNDARY,
OUTER_SIDE,LEFT,4,1.0,,,-1.0,1.0,1.0,2.0,2.0,,16.25,11.25,16.75,13.75,PASS_BOUNDARY,
OUTER_SIDE,LEFT,4,1.0,,,-1.0,1.0,2.0,0.0,2.0,,16.25,12.25,16.75,13.75,PASS_BOUNDARY,
OUTER_SIDE,LEFT,4,1.0,,,-1.0,1.0,2.0,1.0,2.0,,16.25,11.25,16.75,13.75,PASS_BOUNDARY,
OUTER_SIDE,LEFT,4,1.0,,,-1.0,1.0,2.0,2.0,2.0,,16.25,10.25,16.75,13.75,PASS_BOUNDARY,
OUTER_SIDE,LEFT,4,1.0,,,0.0,-1.0,0.0,0.0,1.0,,16.25,15.25,16.75,14.75,PASS_BOUNDARY,
OUTER_SIDE,LEFT,4,1.0,,,0.0,-1.0,0.0,1.0,1.0,,16.25,14.25,16.75,14.75,PASS_BOUNDARY,
OUTER_SIDE,LEFT,4,1.0,,,0.0,-1.0,0.0,2.0,1.0,,16.25,13.25,16.75,14.75,PASS_BOUNDARY,
OUTER_SIDE,LEFT,4,1.0,,,0.0,-1.0,1.0,0.0,1.0,,16.25,14.25,16.75,14.75,PASS_BOUNDARY,
OUTER_SIDE,LEFT,4,1.0,,,0.0,-1.0,1.0,1.0,1.0,,16.25,13.25,16.75,14.75,PASS_BOUNDARY,
OUTER_SIDE,LEFT,4,1.0,,,0.0,-1.0,1.0,2.0,1.0,,16.25,12.25,16.75,14.75,PASS_BOUNDARY,
OUTER_SIDE,LEFT,4,1.0,,,0.0,-1.0,2.0,0.0,1.0,,16.25,13.25,16.75,14.75,PASS_BOUNDARY,
OUTER_SIDE,LEFT,4,1.0,,,0.0,-1.0,2.0,1.0,1.0,,16.25,12.25,16.75,14.75,PASS_BOUNDARY,
OUTER_SIDE,LEFT,4,1.0,,,0.0,-1.0,2.0,2.0,1.0,,16.25,11.25,16.75,14.75,PASS_BOUNDARY,
OUTER_SIDE,LEFT,4,1.0,,,0.0,0.0,0.0,0.0,0.0,,16.25,16.25,16.75,15.75,PASS_BOUNDARY,
OUTER_SIDE,LEFT,4,1.0,,,0.0,0.0,0.0,1.0,0.0,,16.25,15.25,16.75,15.75,PASS_BOUNDARY,
OUTER_SIDE,LEFT,4,1.0,,,0.0,0.0,0.0,2.0,0.0,,16.25,14.25,16.75,15.75,PASS_BOUNDARY,
OUTER_SIDE,LEFT,4,1.0,,,0.0,0.0,1.0,0.0,0.0,,16.25,15.25,16.75,15.75,PASS_BOUNDARY,
OUTER_SIDE,LEFT,4,1.0,,,0.0,0.0,1.0,1.0,0.0,,16.25,14.25,16.75,15.75,PASS_BOUNDARY,
OUTER_SIDE,LEFT,4,1.0,,,0.0,0.0,1.0,2.0,0.0,,16.25,13.25,16.75,15.75,PASS_BOUNDARY,
OUTER_SIDE,LEFT,4,1.0,,,0.0,0.0,2.0,0.0,0.0,,16.25,14.25,16.75,15.75,PASS_BOUNDARY,
OUTER_SIDE,LEFT,4,1.0,,,0.0,0.0,2.0,1.0,0.0,,16.25,13.25,16.75,15.75,PASS_BOUNDARY,
OUTER_SIDE,LEFT,4,1.0,,,0.0,0.0,2.0,2.0,0.0,,16.25,12.25,16.75,15.75,PASS_BOUNDARY,
OUTER_SIDE,LEFT,4,1.0,,,0.0,1.0,0.0,0.0,1.0,,16.25,15.25,16.75,14.75,PASS_BOUNDARY,
OUTER_SIDE,LEFT,4,1.0,,,0.0,1.0,0.0,1.0,1.0,,16.25,14.25,16.75,14.75,PASS_BOUNDARY,
OUTER_SIDE,LEFT,4,1.0,,,0.0,1.0,0.0,2.0,1.0,,16.25,13.25,16.75,14.75,PASS_BOUNDARY,
OUTER_SIDE,LEFT,4,1.0,,,0.0,1.0,1.0,0.0,1.0,,16.25,14.25,16.75,14.75,PASS_BOUNDARY,
OUTER_SIDE,LEFT,4,1.0,,,0.0,1.0,1.0,1.0,1.0,,16.25,13.25,16.75,14.75,PASS_BOUNDARY,
OUTER_SIDE,LEFT,4,1.0,,,0.0,1.0,1.0,2.0,1.0,,16.25,12.25,16.75,14.75,PASS_BOUNDARY,
OUTER_SIDE,LEFT,4,1.0,,,0.0,1.0,2.0,0.0,1.0,,16.25,13.25,16.75,14.75,PASS_BOUNDARY,
OUTER_SIDE,LEFT,4,1.0,,,0.0,1.0,2.0,1.0,1.0,,16.25,12.25,16.75,14.75,PASS_BOUNDARY,
OUTER_SIDE,LEFT,4,1.0,,,0.0,1.0,2.0,2.0,1.0,,16.25,11.25,16.75,14.75,PASS_BOUNDARY,
OUTER_SIDE,LEFT,4,1.0,,,1.0,-1.0,0.0,0.0,2.0,,16.25,14.25,16.75,13.75,PASS_BOUNDARY,
OUTER_SIDE,LEFT,4,1.0,,,1.0,-1.0,0.0,1.0,2.0,,16.25,13.25,16.75,13.75,PASS_BOUNDARY,
OUTER_SIDE,LEFT,4,1.0,,,1.0,-1.0,0.0,2.0,2.0,,16.25,12.25,16.75,13.75,PASS_BOUNDARY,
OUTER_SIDE,LEFT,4,1.0,,,1.0,-1.0,1.0,0.0,2.0,,16.25,13.25,16.75,13.75,PASS_BOUNDARY,
OUTER_SIDE,LEFT,4,1.0,,,1.0,-1.0,1.0,1.0,2.0,,16.25,12.25,16.75,13.75,PASS_BOUNDARY,
OUTER_SIDE,LEFT,4,1.0,,,1.0,-1.0,1.0,2.0,2.0,,16.25,11.25,16.75,13.75,PASS_BOUNDARY,
OUTER_SIDE,LEFT,4,1.0,,,1.0,-1.0,2.0,0.0,2.0,,16.25,12.25,16.75,13.75,PASS_BOUNDARY,
OUTER_SIDE,LEFT,4,1.0,,,1.0,-1.0,2.0,1.0,2.0,,16.25,11.25,16.75,13.75,PASS_BOUNDARY,
OUTER_SIDE,LEFT,4,1.0,,,1.0,-1.0,2.0,2.0,2.0,,16.25,10.25,16.75,13.75,PASS_BOUNDARY,
OUTER_SIDE,LEFT,4,1.0,,,1.0,0.0,0.0,0.0,1.0,,16.25,15.25,16.75,14.75,PASS_BOUNDARY,
OUTER_SIDE,LEFT,4,1.0,,,1.0,0.0,0.0,1.0,1.0,,16.25,14.25,16.75,14.75,PASS_BOUNDARY,
OUTER_SIDE,LEFT,4,1.0,,,1.0,0.0,0.0,2.0,1.0,,16.25,13.25,16.75,14.75,PASS_BOUNDARY,
OUTER_SIDE,LEFT,4,1.0,,,1.0,0.0,1.0,0.0,1.0,,16.25,14.25,16.75,14.75,PASS_BOUNDARY,
OUTER_SIDE,LEFT,4,1.0,,,1.0,0.0,1.0,1.0,1.0,,16.25,13.25,16.75,14.75,PASS_BOUNDARY,
OUTER_SIDE,LEFT,4,1.0,,,1.0,0.0,1.0,2.0,1.0,,16.25,12.25,16.75,14.75,PASS_BOUNDARY,
OUTER_SIDE,LEFT,4,1.0,,,1.0,0.0,2.0,0.0,1.0,,16.25,13.25,16.75,14.75,PASS_BOUNDARY,
OUTER_SIDE,LEFT,4,1.0,,,1.0,0.0,2.0,1.0,1.0,,16.25,12.25,16.75,14.75,PASS_BOUNDARY,
OUTER_SIDE,LEFT,4,1.0,,,1.0,0.0,2.0,2.0,1.0,,16.25,11.25,16.75,14.75,PASS_BOUNDARY,
OUTER_SIDE,LEFT,4,1.0,,,1.0,1.0,0.0,0.0,0.0,,16.25,16.25,16.75,15.75,PASS_BOUNDARY,
OUTER_SIDE,LEFT,4,1.0,,,1.0,1.0,0.0,1.0,0.0,,16.25,15.25,16.75,15.75,PASS_BOUNDARY,
OUTER_SIDE,LEFT,4,1.0,,,1.0,1.0,0.0,2.0,0.0,,16.25,14.25,16.75,15.75,PASS_BOUNDARY,
OUTER_SIDE,LEFT,4,1.0,,,1.0,1.0,1.0,0.0,0.0,,16.25,15.25,16.75,15.75,PASS_BOUNDARY,
OUTER_SIDE,LEFT,4,1.0,,,1.0,1.0,1.0,1.0,0.0,,16.25,14.25,16.75,15.75,PASS_BOUNDARY,
OUTER_SIDE,LEFT,4,1.0,,,1.0,1.0,1.0,2.0,0.0,,16.25,13.25,16.75,15.75,PASS_BOUNDARY,
OUTER_SIDE,LEFT,4,1.0,,,1.0,1.0,2.0,0.0,0.0,,16.25,14.25,16.75,15.75,PASS_BOUNDARY,
OUTER_SIDE,LEFT,4,1.0,,,1.0,1.0,2.0,1.0,0.0,,16.25,13.25,16.75,15.75,PASS_BOUNDARY,
OUTER_SIDE,LEFT,4,1.0,,,1.0,1.0,2.0,2.0,0.0,,16.25,12.25,16.75,15.75,PASS_BOUNDARY,
OUTER_SIDE,LEFT,4,1.5,,,-1.0,-1.0,0.0,0.0,0.0,,16.25,16.25,16.75,15.25,PASS_BOUNDARY,
OUTER_SIDE,LEFT,4,1.5,,,-1.0,-1.0,0.0,1.0,0.0,,16.25,15.25,16.75,15.25,PASS_BOUNDARY,
OUTER_SIDE,LEFT,4,1.5,,,-1.0,-1.0,0.0,2.0,0.0,,16.25,14.25,16.75,15.25,PASS_BOUNDARY,
OUTER_SIDE,LEFT,4,1.5,,,-1.0,-1.0,1.0,0.0,0.0,,16.25,15.25,16.75,15.25,PASS_BOUNDARY,
OUTER_SIDE,LEFT,4,1.5,,,-1.0,-1.0,1.0,1.0,0.0,,16.25,14.25,16.75,15.25,PASS_BOUNDARY,
OUTER_SIDE,LEFT,4,1.5,,,-1.0,-1.0,1.0,2.0,0.0,,16.25,13.25,16.75,15.25,PASS_BOUNDARY,
OUTER_SIDE,LEFT,4,1.5,,,-1.0,-1.0,2.0,0.0,0.0,,16.25,14.25,16.75,15.25,PASS_BOUNDARY,
OUTER_SIDE,LEFT,4,1.5,,,-1.0,-1.0,2.0,1.0,0.0,,16.25,13.25,16.75,15.25,PASS_BOUNDARY,
OUTER_SIDE,LEFT,4,1.5,,,-1.0,-1.0,2.0,2.0,0.0,,16.25,12.25,16.75,15.25,PASS_BOUNDARY,
OUTER_SIDE,LEFT,4,1.5,,,-1.0,0.0,0.0,0.0,1.0,,16.25,15.25,16.75,14.25,PASS_BOUNDARY,
OUTER_SIDE,LEFT,4,1.5,,,-1.0,0.0,0.0,1.0,1.0,,16.25,14.25,16.75,14.25,PASS_BOUNDARY,
OUTER_SIDE,LEFT,4,1.5,,,-1.0,0.0,0.0,2.0,1.0,,16.25,13.25,16.75,14.25,PASS_BOUNDARY,
OUTER_SIDE,LEFT,4,1.5,,,-1.0,0.0,1.0,0.0,1.0,,16.25,14.25,16.75,14.25,PASS_BOUNDARY,
OUTER_SIDE,LEFT,4,1.5,,,-1.0,0.0,1.0,1.0,1.0,,16.25,13.25,16.75,14.25,PASS_BOUNDARY,
OUTER_SIDE,LEFT,4,1.5,,,-1.0,0.0,1.0,2.0,1.0,,16.25,12.25,16.75,14.25,PASS_BOUNDARY,
OUTER_SIDE,LEFT,4,1.5,,,-1.0,0.0,2.0,0.0,1.0,,16.25,13.25,16.75,14.25,PASS_BOUNDARY,
OUTER_SIDE,LEFT,4,1.5,,,-1.0,0.0,2.0,1.0,1.0,,16.25,12.25,16.75,14.25,PASS_BOUNDARY,
OUTER_SIDE,LEFT,4,1.5,,,-1.0,0.0,2.0,2.0,1.0,,16.25,11.25,16.75,14.25,PASS_BOUNDARY,
OUTER_SIDE,LEFT,4,1.5,,,-1.0,1.0,0.0,0.0,2.0,,16.25,14.25,16.75,13.25,PASS_BOUNDARY,
OUTER_SIDE,LEFT,4,1.5,,,-1.0,1.0,0.0,1.0,2.0,,16.25,13.25,16.75,13.25,PASS_BOUNDARY,
OUTER_SIDE,LEFT,4,1.5,,,-1.0,1.0,0.0,2.0,2.0,,16.25,12.25,16.75,13.25,PASS_BOUNDARY,
OUTER_SIDE,LEFT,4,1.5,,,-1.0,1.0,1.0,0.0,2.0,,16.25,13.25,16.75,13.25,PASS_BOUNDARY,
OUTER_SIDE,LEFT,4,1.5,,,-1.0,1.0,1.0,1.0,2.0,,16.25,12.25,16.75,13.25,PASS_BOUNDARY,
OUTER_SIDE,LEFT,4,1.5,,,-1.0,1.0,1.0,2.0,2.0,,16.25,11.25,16.75,13.25,PASS_BOUNDARY,
OUTER_SIDE,LEFT,4,1.5,,,-1.0,1.0,2.0,0.0,2.0,,16.25,12.25,16.75,13.25,PASS_BOUNDARY,
OUTER_SIDE,LEFT,4,1.5,,,-1.0,1.0,2.0,1.0,2.0,,16.25,11.25,16.75,13.25,PASS_BOUNDARY,
OUTER_SIDE,LEFT,4,1.5,,,-1.0,1.0,2.0,2.0,2.0,,16.25,10.25,16.75,13.25,PASS_BOUNDARY,
OUTER_SIDE,LEFT,4,1.5,,,0.0,-1.0,0.0,0.0,1.0,,16.25,15.25,16.75,14.25,PASS_BOUNDARY,
OUTER_SIDE,LEFT,4,1.5,,,0.0,-1.0,0.0,1.0,1.0,,16.25,14.25,16.75,14.25,PASS_BOUNDARY,
OUTER_SIDE,LEFT,4,1.5,,,0.0,-1.0,0.0,2.0,1.0,,16.25,13.25,16.75,14.25,PASS_BOUNDARY,
OUTER_SIDE,LEFT,4,1.5,,,0.0,-1.0,1.0,0.0,1.0,,16.25,14.25,16.75,14.25,PASS_BOUNDARY,
OUTER_SIDE,LEFT,4,1.5,,,0.0,-1.0,1.0,1.0,1.0,,16.25,13.25,16.75,14.25,PASS_BOUNDARY,
OUTER_SIDE,LEFT,4,1.5,,,0.0,-1.0,1.0,2.0,1.0,,16.25,12.25,16.75,14.25,PASS_BOUNDARY,
OUTER_SIDE,LEFT,4,1.5,,,0.0,-1.0,2.0,0.0,1.0,,16.25,13.25,16.75,14.25,PASS_BOUNDARY,
OUTER_SIDE,LEFT,4,1.5,,,0.0,-1.0,2.0,1.0,1.0,,16.25,12.25,16.75,14.25,PASS_BOUNDARY,
OUTER_SIDE,LEFT,4,1.5,,,0.0,-1.0,2.0,2.0,1.0,,16.25,11.25,16.75,14.25,PASS_BOUNDARY,
OUTER_SIDE,LEFT,4,1.5,,,0.0,0.0,0.0,0.0,0.0,,16.25,16.25,16.75,15.25,PASS_BOUNDARY,
OUTER_SIDE,LEFT,4,1.5,,,0.0,0.0,0.0,1.0,0.0,,16.25,15.25,16.75,15.25,PASS_BOUNDARY,
OUTER_SIDE,LEFT,4,1.5,,,0.0,0.0,0.0,2.0,0.0,,16.25,14.25,16.75,15.25,PASS_BOUNDARY,
OUTER_SIDE,LEFT,4,1.5,,,0.0,0.0,1.0,0.0,0.0,,16.25,15.25,16.75,15.25,PASS_BOUNDARY,
OUTER_SIDE,LEFT,4,1.5,,,0.0,0.0,1.0,1.0,0.0,,16.25,14.25,16.75,15.25,PASS_BOUNDARY,
OUTER_SIDE,LEFT,4,1.5,,,0.0,0.0,1.0,2.0,0.0,,16.25,13.25,16.75,15.25,PASS_BOUNDARY,
OUTER_SIDE,LEFT,4,1.5,,,0.0,0.0,2.0,0.0,0.0,,16.25,14.25,16.75,15.25,PASS_BOUNDARY,
OUTER_SIDE,LEFT,4,1.5,,,0.0,0.0,2.0,1.0,0.0,,16.25,13.25,16.75,15.25,PASS_BOUNDARY,
OUTER_SIDE,LEFT,4,1.5,,,0.0,0.0,2.0,2.0,0.0,,16.25,12.25,16.75,15.25,PASS_BOUNDARY,
OUTER_SIDE,LEFT,4,1.5,,,0.0,1.0,0.0,0.0,1.0,,16.25,15.25,16.75,14.25,PASS_BOUNDARY,
OUTER_SIDE,LEFT,4,1.5,,,0.0,1.0,0.0,1.0,1.0,,16.25,14.25,16.75,14.25,PASS_BOUNDARY,
OUTER_SIDE,LEFT,4,1.5,,,0.0,1.0,0.0,2.0,1.0,,16.25,13.25,16.75,14.25,PASS_BOUNDARY,
OUTER_SIDE,LEFT,4,1.5,,,0.0,1.0,1.0,0.0,1.0,,16.25,14.25,16.75,14.25,PASS_BOUNDARY,
OUTER_SIDE,LEFT,4,1.5,,,0.0,1.0,1.0,1.0,1.0,,16.25,13.25,16.75,14.25,PASS_BOUNDARY,
OUTER_SIDE,LEFT,4,1.5,,,0.0,1.0,1.0,2.0,1.0,,16.25,12.25,16.75,14.25,PASS_BOUNDARY,
OUTER_SIDE,LEFT,4,1.5,,,0.0,1.0,2.0,0.0,1.0,,16.25,13.25,16.75,14.25,PASS_BOUNDARY,
OUTER_SIDE,LEFT,4,1.5,,,0.0,1.0,2.0,1.0,1.0,,16.25,12.25,16.75,14.25,PASS_BOUNDARY,
OUTER_SIDE,LEFT,4,1.5,,,0.0,1.0,2.0,2.0,1.0,,16.25,11.25,16.75,14.25,PASS_BOUNDARY,
OUTER_SIDE,LEFT,4,1.5,,,1.0,-1.0,0.0,0.0,2.0,,16.25,14.25,16.75,13.25,PASS_BOUNDARY,
OUTER_SIDE,LEFT,4,1.5,,,1.0,-1.0,0.0,1.0,2.0,,16.25,13.25,16.75,13.25,PASS_BOUNDARY,
OUTER_SIDE,LEFT,4,1.5,,,1.0,-1.0,0.0,2.0,2.0,,16.25,12.25,16.75,13.25,PASS_BOUNDARY,
OUTER_SIDE,LEFT,4,1.5,,,1.0,-1.0,1.0,0.0,2.0,,16.25,13.25,16.75,13.25,PASS_BOUNDARY,
OUTER_SIDE,LEFT,4,1.5,,,1.0,-1.0,1.0,1.0,2.0,,16.25,12.25,16.75,13.25,PASS_BOUNDARY,
OUTER_SIDE,LEFT,4,1.5,,,1.0,-1.0,1.0,2.0,2.0,,16.25,11.25,16.75,13.25,PASS_BOUNDARY,
OUTER_SIDE,LEFT,4,1.5,,,1.0,-1.0,2.0,0.0,2.0,,16.25,12.25,16.75,13.25,PASS_BOUNDARY,
OUTER_SIDE,LEFT,4,1.5,,,1.0,-1.0,2.0,1.0,2.0,,16.25,11.25,16.75,13.25,PASS_BOUNDARY,
OUTER_SIDE,LEFT,4,1.5,,,1.0,-1.0,2.0,2.0,2.0,,16.25,10.25,16.75,13.25,PASS_BOUNDARY,
OUTER_SIDE,LEFT,4,1.5,,,1.0,0.0,0.0,0.0,1.0,,16.25,15.25,16.75,14.25,PASS_BOUNDARY,
OUTER_SIDE,LEFT,4,1.5,,,1.0,0.0,0.0,1.0,1.0,,16.25,14.25,16.75,14.25,PASS_BOUNDARY,
OUTER_SIDE,LEFT,4,1.5,,,1.0,0.0,0.0,2.0,1.0,,16.25,13.25,16.75,14.25,PASS_BOUNDARY,
OUTER_SIDE,LEFT,4,1.5,,,1.0,0.0,1.0,0.0,1.0,,16.25,14.25,16.75,14.25,PASS_BOUNDARY,
OUTER_SIDE,LEFT,4,1.5,,,1.0,0.0,1.0,1.0,1.0,,16.25,13.25,16.75,14.25,PASS_BOUNDARY,
OUTER_SIDE,LEFT,4,1.5,,,1.0,0.0,1.0,2.0,1.0,,16.25,12.25,16.75,14.25,PASS_BOUNDARY,
OUTER_SIDE,LEFT,4,1.5,,,1.0,0.0,2.0,0.0,1.0,,16.25,13.25,16.75,14.25,PASS_BOUNDARY,
OUTER_SIDE,LEFT,4,1.5,,,1.0,0.0,2.0,1.0,1.0,,16.25,12.25,16.75,14.25,PASS_BOUNDARY,
OUTER_SIDE,LEFT,4,1.5,,,1.0,0.0,2.0,2.0,1.0,,16.25,11.25,16.75,14.25,PASS_BOUNDARY,
OUTER_SIDE,LEFT,4,1.5,,,1.0,1.0,0.0,0.0,0.0,,16.25,16.25,16.75,15.25,PASS_BOUNDARY,
OUTER_SIDE,LEFT,4,1.5,,,1.0,1.0,0.0,1.0,0.0,,16.25,15.25,16.75,15.25,PASS_BOUNDARY,
OUTER_SIDE,LEFT,4,1.5,,,1.0,1.0,0.0,2.0,0.0,,16.25,14.25,16.75,15.25,PASS_BOUNDARY,
OUTER_SIDE,LEFT,4,1.5,,,1.0,1.0,1.0,0.0,0.0,,16.25,15.25,16.75,15.25,PASS_BOUNDARY,
OUTER_SIDE,LEFT,4,1.5,,,1.0,1.0,1.0,1.0,0.0,,16.25,14.25,16.75,15.25,PASS_BOUNDARY,
OUTER_SIDE,LEFT,4,1.5,,,1.0,1.0,1.0,2.0,0.0,,16.25,13.25,16.75,15.25,PASS_BOUNDARY,
OUTER_SIDE,LEFT,4,1.5,,,1.0,1.0,2.0,0.0,0.0,,16.25,14.25,16.75,15.25,PASS_BOUNDARY,
OUTER_SIDE,LEFT,4,1.5,,,1.0,1.0,2.0,1.0,0.0,,16.25,13.25,16.75,15.25,PASS_BOUNDARY,
OUTER_SIDE,LEFT,4,1.5,,,1.0,1.0,2.0,2.0,0.0,,16.25,12.25,16.75,15.25,PASS_BOUNDARY,
OUTER_SIDE,LEFT,5,0.0,,,-1.0,-1.0,0.0,0.0,0.0,,15.25,15.25,15.75,15.75,PASS_BOUNDARY,
OUTER_SIDE,LEFT,5,0.0,,,-1.0,-1.0,0.0,1.0,0.0,,15.25,14.25,15.75,15.75,PASS_BOUNDARY,
OUTER_SIDE,LEFT,5,0.0,,,-1.0,-1.0,0.0,2.0,0.0,,15.25,13.25,15.75,15.75,PASS_BOUNDARY,
OUTER_SIDE,LEFT,5,0.0,,,-1.0,-1.0,1.0,0.0,0.0,,15.25,14.25,15.75,15.75,PASS_BOUNDARY,
OUTER_SIDE,LEFT,5,0.0,,,-1.0,-1.0,1.0,1.0,0.0,,15.25,13.25,15.75,15.75,PASS_BOUNDARY,
OUTER_SIDE,LEFT,5,0.0,,,-1.0,-1.0,1.0,2.0,0.0,,15.25,12.25,15.75,15.75,PASS_BOUNDARY,
OUTER_SIDE,LEFT,5,0.0,,,-1.0,-1.0,2.0,0.0,0.0,,15.25,13.25,15.75,15.75,PASS_BOUNDARY,
OUTER_SIDE,LEFT,5,0.0,,,-1.0,-1.0,2.0,1.0,0.0,,15.25,12.25,15.75,15.75,PASS_BOUNDARY,
OUTER_SIDE,LEFT,5,0.0,,,-1.0,-1.0,2.0,2.0,0.0,,15.25,11.25,15.75,15.75,PASS_BOUNDARY,
OUTER_SIDE,LEFT,5,0.0,,,-1.0,0.0,0.0,0.0,1.0,,15.25,14.25,15.75,14.75,PASS_BOUNDARY,
OUTER_SIDE,LEFT,5,0.0,,,-1.0,0.0,0.0,1.0,1.0,,15.25,13.25,15.75,14.75,PASS_BOUNDARY,
OUTER_SIDE,LEFT,5,0.0,,,-1.0,0.0,0.0,2.0,1.0,,15.25,12.25,15.75,14.75,PASS_BOUNDARY,
OUTER_SIDE,LEFT,5,0.0,,,-1.0,0.0,1.0,0.0,1.0,,15.25,13.25,15.75,14.75,PASS_BOUNDARY,
OUTER_SIDE,LEFT,5,0.0,,,-1.0,0.0,1.0,1.0,1.0,,15.25,12.25,15.75,14.75,PASS_BOUNDARY,
OUTER_SIDE,LEFT,5,0.0,,,-1.0,0.0,1.0,2.0,1.0,,15.25,11.25,15.75,14.75,PASS_BOUNDARY,
OUTER_SIDE,LEFT,5,0.0,,,-1.0,0.0,2.0,0.0,1.0,,15.25,12.25,15.75,14.75,PASS_BOUNDARY,
OUTER_SIDE,LEFT,5,0.0,,,-1.0,0.0,2.0,1.0,1.0,,15.25,11.25,15.75,14.75,PASS_BOUNDARY,
OUTER_SIDE,LEFT,5,0.0,,,-1.0,0.0,2.0,2.0,1.0,,15.25,10.25,15.75,14.75,PASS_BOUNDARY,
OUTER_SIDE,LEFT,5,0.0,,,-1.0,1.0,0.0,0.0,2.0,,15.25,13.25,15.75,13.75,PASS_BOUNDARY,
OUTER_SIDE,LEFT,5,0.0,,,-1.0,1.0,0.0,1.0,2.0,,15.25,12.25,15.75,13.75,PASS_BOUNDARY,
OUTER_SIDE,LEFT,5,0.0,,,-1.0,1.0,0.0,2.0,2.0,,15.25,11.25,15.75,13.75,PASS_BOUNDARY,
OUTER_SIDE,LEFT,5,0.0,,,-1.0,1.0,1.0,0.0,2.0,,15.25,12.25,15.75,13.75,PASS_BOUNDARY,
OUTER_SIDE,LEFT,5,0.0,,,-1.0,1.0,1.0,1.0,2.0,,15.25,11.25,15.75,13.75,PASS_BOUNDARY,
OUTER_SIDE,LEFT,5,0.0,,,-1.0,1.0,1.0,2.0,2.0,,15.25,10.25,15.75,13.75,PASS_BOUNDARY,
OUTER_SIDE,LEFT,5,0.0,,,-1.0,1.0,2.0,0.0,2.0,,15.25,11.25,15.75,13.75,PASS_BOUNDARY,
OUTER_SIDE,LEFT,5,0.0,,,-1.0,1.0,2.0,1.0,2.0,,15.25,10.25,15.75,13.75,PASS_BOUNDARY,
OUTER_SIDE,LEFT,5,0.0,,,-1.0,1.0,2.0,2.0,2.0,,15.25,9.25,15.75,13.75,PASS_BOUNDARY,
OUTER_SIDE,LEFT,5,0.0,,,0.0,-1.0,0.0,0.0,1.0,,15.25,14.25,15.75,14.75,PASS_BOUNDARY,
OUTER_SIDE,LEFT,5,0.0,,,0.0,-1.0,0.0,1.0,1.0,,15.25,13.25,15.75,14.75,PASS_BOUNDARY,
OUTER_SIDE,LEFT,5,0.0,,,0.0,-1.0,0.0,2.0,1.0,,15.25,12.25,15.75,14.75,PASS_BOUNDARY,
OUTER_SIDE,LEFT,5,0.0,,,0.0,-1.0,1.0,0.0,1.0,,15.25,13.25,15.75,14.75,PASS_BOUNDARY,
OUTER_SIDE,LEFT,5,0.0,,,0.0,-1.0,1.0,1.0,1.0,,15.25,12.25,15.75,14.75,PASS_BOUNDARY,
OUTER_SIDE,LEFT,5,0.0,,,0.0,-1.0,1.0,2.0,1.0,,15.25,11.25,15.75,14.75,PASS_BOUNDARY,
OUTER_SIDE,LEFT,5,0.0,,,0.0,-1.0,2.0,0.0,1.0,,15.25,12.25,15.75,14.75,PASS_BOUNDARY,
OUTER_SIDE,LEFT,5,0.0,,,0.0,-1.0,2.0,1.0,1.0,,15.25,11.25,15.75,14.75,PASS_BOUNDARY,
OUTER_SIDE,LEFT,5,0.0,,,0.0,-1.0,2.0,2.0,1.0,,15.25,10.25,15.75,14.75,PASS_BOUNDARY,
OUTER_SIDE,LEFT,5,0.0,,,0.0,0.0,0.0,0.0,0.0,,15.25,15.25,15.75,15.75,PASS_BOUNDARY,
OUTER_SIDE,LEFT,5,0.0,,,0.0,0.0,0.0,1.0,0.0,,15.25,14.25,15.75,15.75,PASS_BOUNDARY,
OUTER_SIDE,LEFT,5,0.0,,,0.0,0.0,0.0,2.0,0.0,,15.25,13.25,15.75,15.75,PASS_BOUNDARY,
OUTER_SIDE,LEFT,5,0.0,,,0.0,0.0,1.0,0.0,0.0,,15.25,14.25,15.75,15.75,PASS_BOUNDARY,
OUTER_SIDE,LEFT,5,0.0,,,0.0,0.0,1.0,1.0,0.0,,15.25,13.25,15.75,15.75,PASS_BOUNDARY,
OUTER_SIDE,LEFT,5,0.0,,,0.0,0.0,1.0,2.0,0.0,,15.25,12.25,15.75,15.75,PASS_BOUNDARY,
OUTER_SIDE,LEFT,5,0.0,,,0.0,0.0,2.0,0.0,0.0,,15.25,13.25,15.75,15.75,PASS_BOUNDARY,
OUTER_SIDE,LEFT,5,0.0,,,0.0,0.0,2.0,1.0,0.0,,15.25,12.25,15.75,15.75,PASS_BOUNDARY,
OUTER_SIDE,LEFT,5,0.0,,,0.0,0.0,2.0,2.0,0.0,,15.25,11.25,15.75,15.75,PASS_BOUNDARY,
OUTER_SIDE,LEFT,5,0.0,,,0.0,1.0,0.0,0.0,1.0,,15.25,14.25,15.75,14.75,PASS_BOUNDARY,
OUTER_SIDE,LEFT,5,0.0,,,0.0,1.0,0.0,1.0,1.0,,15.25,13.25,15.75,14.75,PASS_BOUNDARY,
OUTER_SIDE,LEFT,5,0.0,,,0.0,1.0,0.0,2.0,1.0,,15.25,12.25,15.75,14.75,PASS_BOUNDARY,
OUTER_SIDE,LEFT,5,0.0,,,0.0,1.0,1.0,0.0,1.0,,15.25,13.25,15.75,14.75,PASS_BOUNDARY,
OUTER_SIDE,LEFT,5,0.0,,,0.0,1.0,1.0,1.0,1.0,,15.25,12.25,15.75,14.75,PASS_BOUNDARY,
OUTER_SIDE,LEFT,5,0.0,,,0.0,1.0,1.0,2.0,1.0,,15.25,11.25,15.75,14.75,PASS_BOUNDARY,
OUTER_SIDE,LEFT,5,0.0,,,0.0,1.0,2.0,0.0,1.0,,15.25,12.25,15.75,14.75,PASS_BOUNDARY,
OUTER_SIDE,LEFT,5,0.0,,,0.0,1.0,2.0,1.0,1.0,,15.25,11.25,15.75,14.75,PASS_BOUNDARY,
OUTER_SIDE,LEFT,5,0.0,,,0.0,1.0,2.0,2.0,1.0,,15.25,10.25,15.75,14.75,PASS_BOUNDARY,
OUTER_SIDE,LEFT,5,0.0,,,1.0,-1.0,0.0,0.0,2.0,,15.25,13.25,15.75,13.75,PASS_BOUNDARY,
OUTER_SIDE,LEFT,5,0.0,,,1.0,-1.0,0.0,1.0,2.0,,15.25,12.25,15.75,13.75,PASS_BOUNDARY,
OUTER_SIDE,LEFT,5,0.0,,,1.0,-1.0,0.0,2.0,2.0,,15.25,11.25,15.75,13.75,PASS_BOUNDARY,
OUTER_SIDE,LEFT,5,0.0,,,1.0,-1.0,1.0,0.0,2.0,,15.25,12.25,15.75,13.75,PASS_BOUNDARY,
OUTER_SIDE,LEFT,5,0.0,,,1.0,-1.0,1.0,1.0,2.0,,15.25,11.25,15.75,13.75,PASS_BOUNDARY,
OUTER_SIDE,LEFT,5,0.0,,,1.0,-1.0,1.0,2.0,2.0,,15.25,10.25,15.75,13.75,PASS_BOUNDARY,
OUTER_SIDE,LEFT,5,0.0,,,1.0,-1.0,2.0,0.0,2.0,,15.25,11.25,15.75,13.75,PASS_BOUNDARY,
OUTER_SIDE,LEFT,5,0.0,,,1.0,-1.0,2.0,1.0,2.0,,15.25,10.25,15.75,13.75,PASS_BOUNDARY,
OUTER_SIDE,LEFT,5,0.0,,,1.0,-1.0,2.0,2.0,2.0,,15.25,9.25,15.75,13.75,PASS_BOUNDARY,
OUTER_SIDE,LEFT,5,0.0,,,1.0,0.0,0.0,0.0,1.0,,15.25,14.25,15.75,14.75,PASS_BOUNDARY,
OUTER_SIDE,LEFT,5,0.0,,,1.0,0.0,0.0,1.0,1.0,,15.25,13.25,15.75,14.75,PASS_BOUNDARY,
OUTER_SIDE,LEFT,5,0.0,,,1.0,0.0,0.0,2.0,1.0,,15.25,12.25,15.75,14.75,PASS_BOUNDARY,
OUTER_SIDE,LEFT,5,0.0,,,1.0,0.0,1.0,0.0,1.0,,15.25,13.25,15.75,14.75,PASS_BOUNDARY,
OUTER_SIDE,LEFT,5,0.0,,,1.0,0.0,1.0,1.0,1.0,,15.25,12.25,15.75,14.75,PASS_BOUNDARY,
OUTER_SIDE,LEFT,5,0.0,,,1.0,0.0,1.0,2.0,1.0,,15.25,11.25,15.75,14.75,PASS_BOUNDARY,
OUTER_SIDE,LEFT,5,0.0,,,1.0,0.0,2.0,0.0,1.0,,15.25,12.25,15.75,14.75,PASS_BOUNDARY,
OUTER_SIDE,LEFT,5,0.0,,,1.0,0.0,2.0,1.0,1.0,,15.25,11.25,15.75,14.75,PASS_BOUNDARY,
OUTER_SIDE,LEFT,5,0.0,,,1.0,0.0,2.0,2.0,1.0,,15.25,10.25,15.75,14.75,PASS_BOUNDARY,
OUTER_SIDE,LEFT,5,0.0,,,1.0,1.0,0.0,0.0,0.0,,15.25,15.25,15.75,15.75,PASS_BOUNDARY,
OUTER_SIDE,LEFT,5,0.0,,,1.0,1.0,0.0,1.0,0.0,,15.25,14.25,15.75,15.75,PASS_BOUNDARY,
OUTER_SIDE,LEFT,5,0.0,,,1.0,1.0,0.0,2.0,0.0,,15.25,13.25,15.75,15.75,PASS_BOUNDARY,
OUTER_SIDE,LEFT,5,0.0,,,1.0,1.0,1.0,0.0,0.0,,15.25,14.25,15.75,15.75,PASS_BOUNDARY,
OUTER_SIDE,LEFT,5,0.0,,,1.0,1.0,1.0,1.0,0.0,,15.25,13.25,15.75,15.75,PASS_BOUNDARY,
OUTER_SIDE,LEFT,5,0.0,,,1.0,1.0,1.0,2.0,0.0,,15.25,12.25,15.75,15.75,PASS_BOUNDARY,
OUTER_SIDE,LEFT,5,0.0,,,1.0,1.0,2.0,0.0,0.0,,15.25,13.25,15.75,15.75,PASS_BOUNDARY,
OUTER_SIDE,LEFT,5,0.0,,,1.0,1.0,2.0,1.0,0.0,,15.25,12.25,15.75,15.75,PASS_BOUNDARY,
OUTER_SIDE,LEFT,5,0.0,,,1.0,1.0,2.0,2.0,0.0,,15.25,11.25,15.75,15.75,PASS_BOUNDARY,
OUTER_SIDE,LEFT,5,0.5,,,-1.0,-1.0,0.0,0.0,0.0,,15.25,15.25,15.75,15.25,PASS_BOUNDARY,
OUTER_SIDE,LEFT,5,0.5,,,-1.0,-1.0,0.0,1.0,0.0,,15.25,14.25,15.75,15.25,PASS_BOUNDARY,
OUTER_SIDE,LEFT,5,0.5,,,-1.0,-1.0,0.0,2.0,0.0,,15.25,13.25,15.75,15.25,PASS_BOUNDARY,
OUTER_SIDE,LEFT,5,0.5,,,-1.0,-1.0,1.0,0.0,0.0,,15.25,14.25,15.75,15.25,PASS_BOUNDARY,
OUTER_SIDE,LEFT,5,0.5,,,-1.0,-1.0,1.0,1.0,0.0,,15.25,13.25,15.75,15.25,PASS_BOUNDARY,
OUTER_SIDE,LEFT,5,0.5,,,-1.0,-1.0,1.0,2.0,0.0,,15.25,12.25,15.75,15.25,PASS_BOUNDARY,
OUTER_SIDE,LEFT,5,0.5,,,-1.0,-1.0,2.0,0.0,0.0,,15.25,13.25,15.75,15.25,PASS_BOUNDARY,
OUTER_SIDE,LEFT,5,0.5,,,-1.0,-1.0,2.0,1.0,0.0,,15.25,12.25,15.75,15.25,PASS_BOUNDARY,
OUTER_SIDE,LEFT,5,0.5,,,-1.0,-1.0,2.0,2.0,0.0,,15.25,11.25,15.75,15.25,PASS_BOUNDARY,
OUTER_SIDE,LEFT,5,0.5,,,-1.0,0.0,0.0,0.0,1.0,,15.25,14.25,15.75,14.25,PASS_BOUNDARY,
OUTER_SIDE,LEFT,5,0.5,,,-1.0,0.0,0.0,1.0,1.0,,15.25,13.25,15.75,14.25,PASS_BOUNDARY,
OUTER_SIDE,LEFT,5,0.5,,,-1.0,0.0,0.0,2.0,1.0,,15.25,12.25,15.75,14.25,PASS_BOUNDARY,
OUTER_SIDE,LEFT,5,0.5,,,-1.0,0.0,1.0,0.0,1.0,,15.25,13.25,15.75,14.25,PASS_BOUNDARY,
OUTER_SIDE,LEFT,5,0.5,,,-1.0,0.0,1.0,1.0,1.0,,15.25,12.25,15.75,14.25,PASS_BOUNDARY,
OUTER_SIDE,LEFT,5,0.5,,,-1.0,0.0,1.0,2.0,1.0,,15.25,11.25,15.75,14.25,PASS_BOUNDARY,
OUTER_SIDE,LEFT,5,0.5,,,-1.0,0.0,2.0,0.0,1.0,,15.25,12.25,15.75,14.25,PASS_BOUNDARY,
OUTER_SIDE,LEFT,5,0.5,,,-1.0,0.0,2.0,1.0,1.0,,15.25,11.25,15.75,14.25,PASS_BOUNDARY,
OUTER_SIDE,LEFT,5,0.5,,,-1.0,0.0,2.0,2.0,1.0,,15.25,10.25,15.75,14.25,PASS_BOUNDARY,
OUTER_SIDE,LEFT,5,0.5,,,-1.0,1.0,0.0,0.0,2.0,,15.25,13.25,15.75,13.25,PASS_BOUNDARY,
OUTER_SIDE,LEFT,5,0.5,,,-1.0,1.0,0.0,1.0,2.0,,15.25,12.25,15.75,13.25,PASS_BOUNDARY,
OUTER_SIDE,LEFT,5,0.5,,,-1.0,1.0,0.0,2.0,2.0,,15.25,11.25,15.75,13.25,PASS_BOUNDARY,
OUTER_SIDE,LEFT,5,0.5,,,-1.0,1.0,1.0,0.0,2.0,,15.25,12.25,15.75,13.25,PASS_BOUNDARY,
OUTER_SIDE,LEFT,5,0.5,,,-1.0,1.0,1.0,1.0,2.0,,15.25,11.25,15.75,13.25,PASS_BOUNDARY,
OUTER_SIDE,LEFT,5,0.5,,,-1.0,1.0,1.0,2.0,2.0,,15.25,10.25,15.75,13.25,PASS_BOUNDARY,
OUTER_SIDE,LEFT,5,0.5,,,-1.0,1.0,2.0,0.0,2.0,,15.25,11.25,15.75,13.25,PASS_BOUNDARY,
OUTER_SIDE,LEFT,5,0.5,,,-1.0,1.0,2.0,1.0,2.0,,15.25,10.25,15.75,13.25,PASS_BOUNDARY,
OUTER_SIDE,LEFT,5,0.5,,,-1.0,1.0,2.0,2.0,2.0,,15.25,9.25,15.75,13.25,PASS_BOUNDARY,
OUTER_SIDE,LEFT,5,0.5,,,0.0,-1.0,0.0,0.0,1.0,,15.25,14.25,15.75,14.25,PASS_BOUNDARY,
OUTER_SIDE,LEFT,5,0.5,,,0.0,-1.0,0.0,1.0,1.0,,15.25,13.25,15.75,14.25,PASS_BOUNDARY,
OUTER_SIDE,LEFT,5,0.5,,,0.0,-1.0,0.0,2.0,1.0,,15.25,12.25,15.75,14.25,PASS_BOUNDARY,
OUTER_SIDE,LEFT,5,0.5,,,0.0,-1.0,1.0,0.0,1.0,,15.25,13.25,15.75,14.25,PASS_BOUNDARY,
OUTER_SIDE,LEFT,5,0.5,,,0.0,-1.0,1.0,1.0,1.0,,15.25,12.25,15.75,14.25,PASS_BOUNDARY,
OUTER_SIDE,LEFT,5,0.5,,,0.0,-1.0,1.0,2.0,1.0,,15.25,11.25,15.75,14.25,PASS_BOUNDARY,
OUTER_SIDE,LEFT,5,0.5,,,0.0,-1.0,2.0,0.0,1.0,,15.25,12.25,15.75,14.25,PASS_BOUNDARY,
OUTER_SIDE,LEFT,5,0.5,,,0.0,-1.0,2.0,1.0,1.0,,15.25,11.25,15.75,14.25,PASS_BOUNDARY,
OUTER_SIDE,LEFT,5,0.5,,,0.0,-1.0,2.0,2.0,1.0,,15.25,10.25,15.75,14.25,PASS_BOUNDARY,
OUTER_SIDE,LEFT,5,0.5,,,0.0,0.0,0.0,0.0,0.0,,15.25,15.25,15.75,15.25,PASS_BOUNDARY,
OUTER_SIDE,LEFT,5,0.5,,,0.0,0.0,0.0,1.0,0.0,,15.25,14.25,15.75,15.25,PASS_BOUNDARY,
OUTER_SIDE,LEFT,5,0.5,,,0.0,0.0,0.0,2.0,0.0,,15.25,13.25,15.75,15.25,PASS_BOUNDARY,
OUTER_SIDE,LEFT,5,0.5,,,0.0,0.0,1.0,0.0,0.0,,15.25,14.25,15.75,15.25,PASS_BOUNDARY,
OUTER_SIDE,LEFT,5,0.5,,,0.0,0.0,1.0,1.0,0.0,,15.25,13.25,15.75,15.25,PASS_BOUNDARY,
OUTER_SIDE,LEFT,5,0.5,,,0.0,0.0,1.0,2.0,0.0,,15.25,12.25,15.75,15.25,PASS_BOUNDARY,
OUTER_SIDE,LEFT,5,0.5,,,0.0,0.0,2.0,0.0,0.0,,15.25,13.25,15.75,15.25,PASS_BOUNDARY,
OUTER_SIDE,LEFT,5,0.5,,,0.0,0.0,2.0,1.0,0.0,,15.25,12.25,15.75,15.25,PASS_BOUNDARY,
OUTER_SIDE,LEFT,5,0.5,,,0.0,0.0,2.0,2.0,0.0,,15.25,11.25,15.75,15.25,PASS_BOUNDARY,
OUTER_SIDE,LEFT,5,0.5,,,0.0,1.0,0.0,0.0,1.0,,15.25,14.25,15.75,14.25,PASS_BOUNDARY,
OUTER_SIDE,LEFT,5,0.5,,,0.0,1.0,0.0,1.0,1.0,,15.25,13.25,15.75,14.25,PASS_BOUNDARY,
OUTER_SIDE,LEFT,5,0.5,,,0.0,1.0,0.0,2.0,1.0,,15.25,12.25,15.75,14.25,PASS_BOUNDARY,
OUTER_SIDE,LEFT,5,0.5,,,0.0,1.0,1.0,0.0,1.0,,15.25,13.25,15.75,14.25,PASS_BOUNDARY,
OUTER_SIDE,LEFT,5,0.5,,,0.0,1.0,1.0,1.0,1.0,,15.25,12.25,15.75,14.25,PASS_BOUNDARY,
OUTER_SIDE,LEFT,5,0.5,,,0.0,1.0,1.0,2.0,1.0,,15.25,11.25,15.75,14.25,PASS_BOUNDARY,
OUTER_SIDE,LEFT,5,0.5,,,0.0,1.0,2.0,0.0,1.0,,15.25,12.25,15.75,14.25,PASS_BOUNDARY,
OUTER_SIDE,LEFT,5,0.5,,,0.0,1.0,2.0,1.0,1.0,,15.25,11.25,15.75,14.25,PASS_BOUNDARY,
OUTER_SIDE,LEFT,5,0.5,,,0.0,1.0,2.0,2.0,1.0,,15.25,10.25,15.75,14.25,PASS_BOUNDARY,
OUTER_SIDE,LEFT,5,0.5,,,1.0,-1.0,0.0,0.0,2.0,,15.25,13.25,15.75,13.25,PASS_BOUNDARY,
OUTER_SIDE,LEFT,5,0.5,,,1.0,-1.0,0.0,1.0,2.0,,15.25,12.25,15.75,13.25,PASS_BOUNDARY,
OUTER_SIDE,LEFT,5,0.5,,,1.0,-1.0,0.0,2.0,2.0,,15.25,11.25,15.75,13.25,PASS_BOUNDARY,
OUTER_SIDE,LEFT,5,0.5,,,1.0,-1.0,1.0,0.0,2.0,,15.25,12.25,15.75,13.25,PASS_BOUNDARY,
OUTER_SIDE,LEFT,5,0.5,,,1.0,-1.0,1.0,1.0,2.0,,15.25,11.25,15.75,13.25,PASS_BOUNDARY,
OUTER_SIDE,LEFT,5,0.5,,,1.0,-1.0,1.0,2.0,2.0,,15.25,10.25,15.75,13.25,PASS_BOUNDARY,
OUTER_SIDE,LEFT,5,0.5,,,1.0,-1.0,2.0,0.0,2.0,,15.25,11.25,15.75,13.25,PASS_BOUNDARY,
OUTER_SIDE,LEFT,5,0.5,,,1.0,-1.0,2.0,1.0,2.0,,15.25,10.25,15.75,13.25,PASS_BOUNDARY,
OUTER_SIDE,LEFT,5,0.5,,,1.0,-1.0,2.0,2.0,2.0,,15.25,9.25,15.75,13.25,PASS_BOUNDARY,
OUTER_SIDE,LEFT,5,0.5,,,1.0,0.0,0.0,0.0,1.0,,15.25,14.25,15.75,14.25,PASS_BOUNDARY,
OUTER_SIDE,LEFT,5,0.5,,,1.0,0.0,0.0,1.0,1.0,,15.25,13.25,15.75,14.25,PASS_BOUNDARY,
OUTER_SIDE,LEFT,5,0.5,,,1.0,0.0,0.0,2.0,1.0,,15.25,12.25,15.75,14.25,PASS_BOUNDARY,
OUTER_SIDE,LEFT,5,0.5,,,1.0,0.0,1.0,0.0,1.0,,15.25,13.25,15.75,14.25,PASS_BOUNDARY,
OUTER_SIDE,LEFT,5,0.5,,,1.0,0.0,1.0,1.0,1.0,,15.25,12.25,15.75,14.25,PASS_BOUNDARY,
OUTER_SIDE,LEFT,5,0.5,,,1.0,0.0,1.0,2.0,1.0,,15.25,11.25,15.75,14.25,PASS_BOUNDARY,
OUTER_SIDE,LEFT,5,0.5,,,1.0,0.0,2.0,0.0,1.0,,15.25,12.25,15.75,14.25,PASS_BOUNDARY,
OUTER_SIDE,LEFT,5,0.5,,,1.0,0.0,2.0,1.0,1.0,,15.25,11.25,15.75,14.25,PASS_BOUNDARY,
OUTER_SIDE,LEFT,5,0.5,,,1.0,0.0,2.0,2.0,1.0,,15.25,10.25,15.75,14.25,PASS_BOUNDARY,
OUTER_SIDE,LEFT,5,0.5,,,1.0,1.0,0.0,0.0,0.0,,15.25,15.25,15.75,15.25,PASS_BOUNDARY,
OUTER_SIDE,LEFT,5,0.5,,,1.0,1.0,0.0,1.0,0.0,,15.25,14.25,15.75,15.25,PASS_BOUNDARY,
OUTER_SIDE,LEFT,5,0.5,,,1.0,1.0,0.0,2.0,0.0,,15.25,13.25,15.75,15.25,PASS_BOUNDARY,
OUTER_SIDE,LEFT,5,0.5,,,1.0,1.0,1.0,0.0,0.0,,15.25,14.25,15.75,15.25,PASS_BOUNDARY,
OUTER_SIDE,LEFT,5,0.5,,,1.0,1.0,1.0,1.0,0.0,,15.25,13.25,15.75,15.25,PASS_BOUNDARY,
OUTER_SIDE,LEFT,5,0.5,,,1.0,1.0,1.0,2.0,0.0,,15.25,12.25,15.75,15.25,PASS_BOUNDARY,
OUTER_SIDE,LEFT,5,0.5,,,1.0,1.0,2.0,0.0,0.0,,15.25,13.25,15.75,15.25,PASS_BOUNDARY,
OUTER_SIDE,LEFT,5,0.5,,,1.0,1.0,2.0,1.0,0.0,,15.25,12.25,15.75,15.25,PASS_BOUNDARY,
OUTER_SIDE,LEFT,5,0.5,,,1.0,1.0,2.0,2.0,0.0,,15.25,11.25,15.75,15.25,PASS_BOUNDARY,
OUTER_SIDE,LEFT,5,1.0,,,-1.0,-1.0,0.0,0.0,0.0,,15.25,15.25,15.75,14.75,PASS_BOUNDARY,
OUTER_SIDE,LEFT,5,1.0,,,-1.0,-1.0,0.0,1.0,0.0,,15.25,14.25,15.75,14.75,PASS_BOUNDARY,
OUTER_SIDE,LEFT,5,1.0,,,-1.0,-1.0,0.0,2.0,0.0,,15.25,13.25,15.75,14.75,PASS_BOUNDARY,
OUTER_SIDE,LEFT,5,1.0,,,-1.0,-1.0,1.0,0.0,0.0,,15.25,14.25,15.75,14.75,PASS_BOUNDARY,
OUTER_SIDE,LEFT,5,1.0,,,-1.0,-1.0,1.0,1.0,0.0,,15.25,13.25,15.75,14.75,PASS_BOUNDARY,
OUTER_SIDE,LEFT,5,1.0,,,-1.0,-1.0,1.0,2.0,0.0,,15.25,12.25,15.75,14.75,PASS_BOUNDARY,
OUTER_SIDE,LEFT,5,1.0,,,-1.0,-1.0,2.0,0.0,0.0,,15.25,13.25,15.75,14.75,PASS_BOUNDARY,
OUTER_SIDE,LEFT,5,1.0,,,-1.0,-1.0,2.0,1.0,0.0,,15.25,12.25,15.75,14.75,PASS_BOUNDARY,
OUTER_SIDE,LEFT,5,1.0,,,-1.0,-1.0,2.0,2.0,0.0,,15.25,11.25,15.75,14.75,PASS_BOUNDARY,
OUTER_SIDE,LEFT,5,1.0,,,-1.0,0.0,0.0,0.0,1.0,,15.25,14.25,15.75,13.75,PASS_BOUNDARY,
OUTER_SIDE,LEFT,5,1.0,,,-1.0,0.0,0.0,1.0,1.0,,15.25,13.25,15.75,13.75,PASS_BOUNDARY,
OUTER_SIDE,LEFT,5,1.0,,,-1.0,0.0,0.0,2.0,1.0,,15.25,12.25,15.75,13.75,PASS_BOUNDARY,
OUTER_SIDE,LEFT,5,1.0,,,-1.0,0.0,1.0,0.0,1.0,,15.25,13.25,15.75,13.75,PASS_BOUNDARY,
OUTER_SIDE,LEFT,5,1.0,,,-1.0,0.0,1.0,1.0,1.0,,15.25,12.25,15.75,13.75,PASS_BOUNDARY,
OUTER_SIDE,LEFT,5,1.0,,,-1.0,0.0,1.0,2.0,1.0,,15.25,11.25,15.75,13.75,PASS_BOUNDARY,
OUTER_SIDE,LEFT,5,1.0,,,-1.0,0.0,2.0,0.0,1.0,,15.25,12.25,15.75,13.75,PASS_BOUNDARY,
OUTER_SIDE,LEFT,5,1.0,,,-1.0,0.0,2.0,1.0,1.0,,15.25,11.25,15.75,13.75,PASS_BOUNDARY,
OUTER_SIDE,LEFT,5,1.0,,,-1.0,0.0,2.0,2.0,1.0,,15.25,10.25,15.75,13.75,PASS_BOUNDARY,
OUTER_SIDE,LEFT,5,1.0,,,-1.0,1.0,0.0,0.0,2.0,,15.25,13.25,15.75,12.75,PASS_BOUNDARY,
OUTER_SIDE,LEFT,5,1.0,,,-1.0,1.0,0.0,1.0,2.0,,15.25,12.25,15.75,12.75,PASS_BOUNDARY,
OUTER_SIDE,LEFT,5,1.0,,,-1.0,1.0,0.0,2.0,2.0,,15.25,11.25,15.75,12.75,PASS_BOUNDARY,
OUTER_SIDE,LEFT,5,1.0,,,-1.0,1.0,1.0,0.0,2.0,,15.25,12.25,15.75,12.75,PASS_BOUNDARY,
OUTER_SIDE,LEFT,5,1.0,,,-1.0,1.0,1.0,1.0,2.0,,15.25,11.25,15.75,12.75,PASS_BOUNDARY,
OUTER_SIDE,LEFT,5,1.0,,,-1.0,1.0,1.0,2.0,2.0,,15.25,10.25,15.75,12.75,PASS_BOUNDARY,
OUTER_SIDE,LEFT,5,1.0,,,-1.0,1.0,2.0,0.0,2.0,,15.25,11.25,15.75,12.75,PASS_BOUNDARY,
OUTER_SIDE,LEFT,5,1.0,,,-1.0,1.0,2.0,1.0,2.0,,15.25,10.25,15.75,12.75,PASS_BOUNDARY,
OUTER_SIDE,LEFT,5,1.0,,,-1.0,1.0,2.0,2.0,2.0,,15.25,9.25,15.75,12.75,PASS_BOUNDARY,
OUTER_SIDE,LEFT,5,1.0,,,0.0,-1.0,0.0,0.0,1.0,,15.25,14.25,15.75,13.75,PASS_BOUNDARY,
OUTER_SIDE,LEFT,5,1.0,,,0.0,-1.0,0.0,1.0,1.0,,15.25,13.25,15.75,13.75,PASS_BOUNDARY,
OUTER_SIDE,LEFT,5,1.0,,,0.0,-1.0,0.0,2.0,1.0,,15.25,12.25,15.75,13.75,PASS_BOUNDARY,
OUTER_SIDE,LEFT,5,1.0,,,0.0,-1.0,1.0,0.0,1.0,,15.25,13.25,15.75,13.75,PASS_BOUNDARY,
OUTER_SIDE,LEFT,5,1.0,,,0.0,-1.0,1.0,1.0,1.0,,15.25,12.25,15.75,13.75,PASS_BOUNDARY,
OUTER_SIDE,LEFT,5,1.0,,,0.0,-1.0,1.0,2.0,1.0,,15.25,11.25,15.75,13.75,PASS_BOUNDARY,
OUTER_SIDE,LEFT,5,1.0,,,0.0,-1.0,2.0,0.0,1.0,,15.25,12.25,15.75,13.75,PASS_BOUNDARY,
OUTER_SIDE,LEFT,5,1.0,,,0.0,-1.0,2.0,1.0,1.0,,15.25,11.25,15.75,13.75,PASS_BOUNDARY,
OUTER_SIDE,LEFT,5,1.0,,,0.0,-1.0,2.0,2.0,1.0,,15.25,10.25,15.75,13.75,PASS_BOUNDARY,
OUTER_SIDE,LEFT,5,1.0,,,0.0,0.0,0.0,0.0,0.0,,15.25,15.25,15.75,14.75,PASS_BOUNDARY,
OUTER_SIDE,LEFT,5,1.0,,,0.0,0.0,0.0,1.0,0.0,,15.25,14.25,15.75,14.75,PASS_BOUNDARY,
OUTER_SIDE,LEFT,5,1.0,,,0.0,0.0,0.0,2.0,0.0,,15.25,13.25,15.75,14.75,PASS_BOUNDARY,
OUTER_SIDE,LEFT,5,1.0,,,0.0,0.0,1.0,0.0,0.0,,15.25,14.25,15.75,14.75,PASS_BOUNDARY,
OUTER_SIDE,LEFT,5,1.0,,,0.0,0.0,1.0,1.0,0.0,,15.25,13.25,15.75,14.75,PASS_BOUNDARY,
OUTER_SIDE,LEFT,5,1.0,,,0.0,0.0,1.0,2.0,0.0,,15.25,12.25,15.75,14.75,PASS_BOUNDARY,
OUTER_SIDE,LEFT,5,1.0,,,0.0,0.0,2.0,0.0,0.0,,15.25,13.25,15.75,14.75,PASS_BOUNDARY,
OUTER_SIDE,LEFT,5,1.0,,,0.0,0.0,2.0,1.0,0.0,,15.25,12.25,15.75,14.75,PASS_BOUNDARY,
OUTER_SIDE,LEFT,5,1.0,,,0.0,0.0,2.0,2.0,0.0,,15.25,11.25,15.75,14.75,PASS_BOUNDARY,
OUTER_SIDE,LEFT,5,1.0,,,0.0,1.0,0.0,0.0,1.0,,15.25,14.25,15.75,13.75,PASS_BOUNDARY,
OUTER_SIDE,LEFT,5,1.0,,,0.0,1.0,0.0,1.0,1.0,,15.25,13.25,15.75,13.75,PASS_BOUNDARY,
OUTER_SIDE,LEFT,5,1.0,,,0.0,1.0,0.0,2.0,1.0,,15.25,12.25,15.75,13.75,PASS_BOUNDARY,
OUTER_SIDE,LEFT,5,1.0,,,0.0,1.0,1.0,0.0,1.0,,15.25,13.25,15.75,13.75,PASS_BOUNDARY,
OUTER_SIDE,LEFT,5,1.0,,,0.0,1.0,1.0,1.0,1.0,,15.25,12.25,15.75,13.75,PASS_BOUNDARY,
OUTER_SIDE,LEFT,5,1.0,,,0.0,1.0,1.0,2.0,1.0,,15.25,11.25,15.75,13.75,PASS_BOUNDARY,
OUTER_SIDE,LEFT,5,1.0,,,0.0,1.0,2.0,0.0,1.0,,15.25,12.25,15.75,13.75,PASS_BOUNDARY,
OUTER_SIDE,LEFT,5,1.0,,,0.0,1.0,2.0,1.0,1.0,,15.25,11.25,15.75,13.75,PASS_BOUNDARY,
OUTER_SIDE,LEFT,5,1.0,,,0.0,1.0,2.0,2.0,1.0,,15.25,10.25,15.75,13.75,PASS_BOUNDARY,
OUTER_SIDE,LEFT,5,1.0,,,1.0,-1.0,0.0,0.0,2.0,,15.25,13.25,15.75,12.75,PASS_BOUNDARY,
OUTER_SIDE,LEFT,5,1.0,,,1.0,-1.0,0.0,1.0,2.0,,15.25,12.25,15.75,12.75,PASS_BOUNDARY,
OUTER_SIDE,LEFT,5,1.0,,,1.0,-1.0,0.0,2.0,2.0,,15.25,11.25,15.75,12.75,PASS_BOUNDARY,
OUTER_SIDE,LEFT,5,1.0,,,1.0,-1.0,1.0,0.0,2.0,,15.25,12.25,15.75,12.75,PASS_BOUNDARY,
OUTER_SIDE,LEFT,5,1.0,,,1.0,-1.0,1.0,1.0,2.0,,15.25,11.25,15.75,12.75,PASS_BOUNDARY,
OUTER_SIDE,LEFT,5,1.0,,,1.0,-1.0,1.0,2.0,2.0,,15.25,10.25,15.75,12.75,PASS_BOUNDARY,
OUTER_SIDE,LEFT,5,1.0,,,1.0,-1.0,2.0,0.0,2.0,,15.25,11.25,15.75,12.75,PASS_BOUNDARY,
OUTER_SIDE,LEFT,5,1.0,,,1.0,-1.0,2.0,1.0,2.0,,15.25,10.25,15.75,12.75,PASS_BOUNDARY,
OUTER_SIDE,LEFT,5,1.0,,,1.0,-1.0,2.0,2.0,2.0,,15.25,9.25,15.75,12.75,PASS_BOUNDARY,
OUTER_SIDE,LEFT,5,1.0,,,1.0,0.0,0.0,0.0,1.0,,15.25,14.25,15.75,13.75,PASS_BOUNDARY,
OUTER_SIDE,LEFT,5,1.0,,,1.0,0.0,0.0,1.0,1.0,,15.25,13.25,15.75,13.75,PASS_BOUNDARY,
OUTER_SIDE,LEFT,5,1.0,,,1.0,0.0,0.0,2.0,1.0,,15.25,12.25,15.75,13.75,PASS_BOUNDARY,
OUTER_SIDE,LEFT,5,1.0,,,1.0,0.0,1.0,0.0,1.0,,15.25,13.25,15.75,13.75,PASS_BOUNDARY,
OUTER_SIDE,LEFT,5,1.0,,,1.0,0.0,1.0,1.0,1.0,,15.25,12.25,15.75,13.75,PASS_BOUNDARY,
OUTER_SIDE,LEFT,5,1.0,,,1.0,0.0,1.0,2.0,1.0,,15.25,11.25,15.75,13.75,PASS_BOUNDARY,
OUTER_SIDE,LEFT,5,1.0,,,1.0,0.0,2.0,0.0,1.0,,15.25,12.25,15.75,13.75,PASS_BOUNDARY,
OUTER_SIDE,LEFT,5,1.0,,,1.0,0.0,2.0,1.0,1.0,,15.25,11.25,15.75,13.75,PASS_BOUNDARY,
OUTER_SIDE,LEFT,5,1.0,,,1.0,0.0,2.0,2.0,1.0,,15.25,10.25,15.75,13.75,PASS_BOUNDARY,
OUTER_SIDE,LEFT,5,1.0,,,1.0,1.0,0.0,0.0,0.0,,15.25,15.25,15.75,14.75,PASS_BOUNDARY,
OUTER_SIDE,LEFT,5,1.0,,,1.0,1.0,0.0,1.0,0.0,,15.25,14.25,15.75,14.75,PASS_BOUNDARY,
OUTER_SIDE,LEFT,5,1.0,,,1.0,1.0,0.0,2.0,0.0,,15.25,13.25,15.75,14.75,PASS_BOUNDARY,
OUTER_SIDE,LEFT,5,1.0,,,1.0,1.0,1.0,0.0,0.0,,15.25,14.25,15.75,14.75,PASS_BOUNDARY,
OUTER_SIDE,LEFT,5,1.0,,,1.0,1.0,1.0,1.0,0.0,,15.25,13.25,15.75,14.75,PASS_BOUNDARY,
OUTER_SIDE,LEFT,5,1.0,,,1.0,1.0,1.0,2.0,0.0,,15.25,12.25,15.75,14.75,PASS_BOUNDARY,
OUTER_SIDE,LEFT,5,1.0,,,1.0,1.0,2.0,0.0,0.0,,15.25,13.25,15.75,14.75,PASS_BOUNDARY,
OUTER_SIDE,LEFT,5,1.0,,,1.0,1.0,2.0,1.0,0.0,,15.25,12.25,15.75,14.75,PASS_BOUNDARY,
OUTER_SIDE,LEFT,5,1.0,,,1.0,1.0,2.0,2.0,0.0,,15.25,11.25,15.75,14.75,PASS_BOUNDARY,
OUTER_SIDE,LEFT,5,1.5,,,-1.0,-1.0,0.0,0.0,0.0,,15.25,15.25,15.75,14.25,PASS_BOUNDARY,
OUTER_SIDE,LEFT,5,1.5,,,-1.0,-1.0,0.0,1.0,0.0,,15.25,14.25,15.75,14.25,PASS_BOUNDARY,
OUTER_SIDE,LEFT,5,1.5,,,-1.0,-1.0,0.0,2.0,0.0,,15.25,13.25,15.75,14.25,PASS_BOUNDARY,
OUTER_SIDE,LEFT,5,1.5,,,-1.0,-1.0,1.0,0.0,0.0,,15.25,14.25,15.75,14.25,PASS_BOUNDARY,
OUTER_SIDE,LEFT,5,1.5,,,-1.0,-1.0,1.0,1.0,0.0,,15.25,13.25,15.75,14.25,PASS_BOUNDARY,
OUTER_SIDE,LEFT,5,1.5,,,-1.0,-1.0,1.0,2.0,0.0,,15.25,12.25,15.75,14.25,PASS_BOUNDARY,
OUTER_SIDE,LEFT,5,1.5,,,-1.0,-1.0,2.0,0.0,0.0,,15.25,13.25,15.75,14.25,PASS_BOUNDARY,
OUTER_SIDE,LEFT,5,1.5,,,-1.0,-1.0,2.0,1.0,0.0,,15.25,12.25,15.75,14.25,PASS_BOUNDARY,
OUTER_SIDE,LEFT,5,1.5,,,-1.0,-1.0,2.0,2.0,0.0,,15.25,11.25,15.75,14.25,PASS_BOUNDARY,
OUTER_SIDE,LEFT,5,1.5,,,-1.0,0.0,0.0,0.0,1.0,,15.25,14.25,15.75,13.25,PASS_BOUNDARY,
OUTER_SIDE,LEFT,5,1.5,,,-1.0,0.0,0.0,1.0,1.0,,15.25,13.25,15.75,13.25,PASS_BOUNDARY,
OUTER_SIDE,LEFT,5,1.5,,,-1.0,0.0,0.0,2.0,1.0,,15.25,12.25,15.75,13.25,PASS_BOUNDARY,
OUTER_SIDE,LEFT,5,1.5,,,-1.0,0.0,1.0,0.0,1.0,,15.25,13.25,15.75,13.25,PASS_BOUNDARY,
OUTER_SIDE,LEFT,5,1.5,,,-1.0,0.0,1.0,1.0,1.0,,15.25,12.25,15.75,13.25,PASS_BOUNDARY,
OUTER_SIDE,LEFT,5,1.5,,,-1.0,0.0,1.0,2.0,1.0,,15.25,11.25,15.75,13.25,PASS_BOUNDARY,
OUTER_SIDE,LEFT,5,1.5,,,-1.0,0.0,2.0,0.0,1.0,,15.25,12.25,15.75,13.25,PASS_BOUNDARY,
OUTER_SIDE,LEFT,5,1.5,,,-1.0,0.0,2.0,1.0,1.0,,15.25,11.25,15.75,13.25,PASS_BOUNDARY,
OUTER_SIDE,LEFT,5,1.5,,,-1.0,0.0,2.0,2.0,1.0,,15.25,10.25,15.75,13.25,PASS_BOUNDARY,
OUTER_SIDE,LEFT,5,1.5,,,-1.0,1.0,0.0,0.0,2.0,,15.25,13.25,15.75,12.25,PASS_BOUNDARY,
OUTER_SIDE,LEFT,5,1.5,,,-1.0,1.0,0.0,1.0,2.0,,15.25,12.25,15.75,12.25,PASS_BOUNDARY,
OUTER_SIDE,LEFT,5,1.5,,,-1.0,1.0,0.0,2.0,2.0,,15.25,11.25,15.75,12.25,PASS_BOUNDARY,
OUTER_SIDE,LEFT,5,1.5,,,-1.0,1.0,1.0,0.0,2.0,,15.25,12.25,15.75,12.25,PASS_BOUNDARY,
OUTER_SIDE,LEFT,5,1.5,,,-1.0,1.0,1.0,1.0,2.0,,15.25,11.25,15.75,12.25,PASS_BOUNDARY,
OUTER_SIDE,LEFT,5,1.5,,,-1.0,1.0,1.0,2.0,2.0,,15.25,10.25,15.75,12.25,PASS_BOUNDARY,
OUTER_SIDE,LEFT,5,1.5,,,-1.0,1.0,2.0,0.0,2.0,,15.25,11.25,15.75,12.25,PASS_BOUNDARY,
OUTER_SIDE,LEFT,5,1.5,,,-1.0,1.0,2.0,1.0,2.0,,15.25,10.25,15.75,12.25,PASS_BOUNDARY,
OUTER_SIDE,LEFT,5,1.5,,,-1.0,1.0,2.0,2.0,2.0,,15.25,9.25,15.75,12.25,PASS_BOUNDARY,
OUTER_SIDE,LEFT,5,1.5,,,0.0,-1.0,0.0,0.0,1.0,,15.25,14.25,15.75,13.25,PASS_BOUNDARY,
OUTER_SIDE,LEFT,5,1.5,,,0.0,-1.0,0.0,1.0,1.0,,15.25,13.25,15.75,13.25,PASS_BOUNDARY,
OUTER_SIDE,LEFT,5,1.5,,,0.0,-1.0,0.0,2.0,1.0,,15.25,12.25,15.75,13.25,PASS_BOUNDARY,
OUTER_SIDE,LEFT,5,1.5,,,0.0,-1.0,1.0,0.0,1.0,,15.25,13.25,15.75,13.25,PASS_BOUNDARY,
OUTER_SIDE,LEFT,5,1.5,,,0.0,-1.0,1.0,1.0,1.0,,15.25,12.25,15.75,13.25,PASS_BOUNDARY,
OUTER_SIDE,LEFT,5,1.5,,,0.0,-1.0,1.0,2.0,1.0,,15.25,11.25,15.75,13.25,PASS_BOUNDARY,
OUTER_SIDE,LEFT,5,1.5,,,0.0,-1.0,2.0,0.0,1.0,,15.25,12.25,15.75,13.25,PASS_BOUNDARY,
OUTER_SIDE,LEFT,5,1.5,,,0.0,-1.0,2.0,1.0,1.0,,15.25,11.25,15.75,13.25,PASS_BOUNDARY,
OUTER_SIDE,LEFT,5,1.5,,,0.0,-1.0,2.0,2.0,1.0,,15.25,10.25,15.75,13.25,PASS_BOUNDARY,
OUTER_SIDE,LEFT,5,1.5,,,0.0,0.0,0.0,0.0,0.0,,15.25,15.25,15.75,14.25,PASS_BOUNDARY,
OUTER_SIDE,LEFT,5,1.5,,,0.0,0.0,0.0,1.0,0.0,,15.25,14.25,15.75,14.25,PASS_BOUNDARY,
OUTER_SIDE,LEFT,5,1.5,,,0.0,0.0,0.0,2.0,0.0,,15.25,13.25,15.75,14.25,PASS_BOUNDARY,
OUTER_SIDE,LEFT,5,1.5,,,0.0,0.0,1.0,0.0,0.0,,15.25,14.25,15.75,14.25,PASS_BOUNDARY,
OUTER_SIDE,LEFT,5,1.5,,,0.0,0.0,1.0,1.0,0.0,,15.25,13.25,15.75,14.25,PASS_BOUNDARY,
OUTER_SIDE,LEFT,5,1.5,,,0.0,0.0,1.0,2.0,0.0,,15.25,12.25,15.75,14.25,PASS_BOUNDARY,
OUTER_SIDE,LEFT,5,1.5,,,0.0,0.0,2.0,0.0,0.0,,15.25,13.25,15.75,14.25,PASS_BOUNDARY,
OUTER_SIDE,LEFT,5,1.5,,,0.0,0.0,2.0,1.0,0.0,,15.25,12.25,15.75,14.25,PASS_BOUNDARY,
OUTER_SIDE,LEFT,5,1.5,,,0.0,0.0,2.0,2.0,0.0,,15.25,11.25,15.75,14.25,PASS_BOUNDARY,
OUTER_SIDE,LEFT,5,1.5,,,0.0,1.0,0.0,0.0,1.0,,15.25,14.25,15.75,13.25,PASS_BOUNDARY,
OUTER_SIDE,LEFT,5,1.5,,,0.0,1.0,0.0,1.0,1.0,,15.25,13.25,15.75,13.25,PASS_BOUNDARY,
OUTER_SIDE,LEFT,5,1.5,,,0.0,1.0,0.0,2.0,1.0,,15.25,12.25,15.75,13.25,PASS_BOUNDARY,
OUTER_SIDE,LEFT,5,1.5,,,0.0,1.0,1.0,0.0,1.0,,15.25,13.25,15.75,13.25,PASS_BOUNDARY,
OUTER_SIDE,LEFT,5,1.5,,,0.0,1.0,1.0,1.0,1.0,,15.25,12.25,15.75,13.25,PASS_BOUNDARY,
OUTER_SIDE,LEFT,5,1.5,,,0.0,1.0,1.0,2.0,1.0,,15.25,11.25,15.75,13.25,PASS_BOUNDARY,
OUTER_SIDE,LEFT,5,1.5,,,0.0,1.0,2.0,0.0,1.0,,15.25,12.25,15.75,13.25,PASS_BOUNDARY,
OUTER_SIDE,LEFT,5,1.5,,,0.0,1.0,2.0,1.0,1.0,,15.25,11.25,15.75,13.25,PASS_BOUNDARY,
OUTER_SIDE,LEFT,5,1.5,,,0.0,1.0,2.0,2.0,1.0,,15.25,10.25,15.75,13.25,PASS_BOUNDARY,
OUTER_SIDE,LEFT,5,1.5,,,1.0,-1.0,0.0,0.0,2.0,,15.25,13.25,15.75,12.25,PASS_BOUNDARY,
OUTER_SIDE,LEFT,5,1.5,,,1.0,-1.0,0.0,1.0,2.0,,15.25,12.25,15.75,12.25,PASS_BOUNDARY,
OUTER_SIDE,LEFT,5,1.5,,,1.0,-1.0,0.0,2.0,2.0,,15.25,11.25,15.75,12.25,PASS_BOUNDARY,
OUTER_SIDE,LEFT,5,1.5,,,1.0,-1.0,1.0,0.0,2.0,,15.25,12.25,15.75,12.25,PASS_BOUNDARY,
OUTER_SIDE,LEFT,5,1.5,,,1.0,-1.0,1.0,1.0,2.0,,15.25,11.25,15.75,12.25,PASS_BOUNDARY,
OUTER_SIDE,LEFT,5,1.5,,,1.0,-1.0,1.0,2.0,2.0,,15.25,10.25,15.75,12.25,PASS_BOUNDARY,
OUTER_SIDE,LEFT,5,1.5,,,1.0,-1.0,2.0,0.0,2.0,,15.25,11.25,15.75,12.25,PASS_BOUNDARY,
OUTER_SIDE,LEFT,5,1.5,,,1.0,-1.0,2.0,1.0,2.0,,15.25,10.25,15.75,12.25,PASS_BOUNDARY,
OUTER_SIDE,LEFT,5,1.5,,,1.0,-1.0,2.0,2.0,2.0,,15.25,9.25,15.75,12.25,PASS_BOUNDARY,
OUTER_SIDE,LEFT,5,1.5,,,1.0,0.0,0.0,0.0,1.0,,15.25,14.25,15.75,13.25,PASS_BOUNDARY,
OUTER_SIDE,LEFT,5,1.5,,,1.0,0.0,0.0,1.0,1.0,,15.25,13.25,15.75,13.25,PASS_BOUNDARY,
OUTER_SIDE,LEFT,5,1.5,,,1.0,0.0,0.0,2.0,1.0,,15.25,12.25,15.75,13.25,PASS_BOUNDARY,
OUTER_SIDE,LEFT,5,1.5,,,1.0,0.0,1.0,0.0,1.0,,15.25,13.25,15.75,13.25,PASS_BOUNDARY,
OUTER_SIDE,LEFT,5,1.5,,,1.0,0.0,1.0,1.0,1.0,,15.25,12.25,15.75,13.25,PASS_BOUNDARY,
OUTER_SIDE,LEFT,5,1.5,,,1.0,0.0,1.0,2.0,1.0,,15.25,11.25,15.75,13.25,PASS_BOUNDARY,
OUTER_SIDE,LEFT,5,1.5,,,1.0,0.0,2.0,0.0,1.0,,15.25,12.25,15.75,13.25,PASS_BOUNDARY,
OUTER_SIDE,LEFT,5,1.5,,,1.0,0.0,2.0,1.0,1.0,,15.25,11.25,15.75,13.25,PASS_BOUNDARY,
OUTER_SIDE,LEFT,5,1.5,,,1.0,0.0,2.0,2.0,1.0,,15.25,10.25,15.75,13.25,PASS_BOUNDARY,
OUTER_SIDE,LEFT,5,1.5,,,1.0,1.0,0.0,0.0,0.0,,15.25,15.25,15.75,14.25,PASS_BOUNDARY,
OUTER_SIDE,LEFT,5,1.5,,,1.0,1.0,0.0,1.0,0.0,,15.25,14.25,15.75,14.25,PASS_BOUNDARY,
OUTER_SIDE,LEFT,5,1.5,,,1.0,1.0,0.0,2.0,0.0,,15.25,13.25,15.75,14.25,PASS_BOUNDARY,
OUTER_SIDE,LEFT,5,1.5,,,1.0,1.0,1.0,0.0,0.0,,15.25,14.25,15.75,14.25,PASS_BOUNDARY,
OUTER_SIDE,LEFT,5,1.5,,,1.0,1.0,1.0,1.0,0.0,,15.25,13.25,15.75,14.25,PASS_BOUNDARY,
OUTER_SIDE,LEFT,5,1.5,,,1.0,1.0,1.0,2.0,0.0,,15.25,12.25,15.75,14.25,PASS_BOUNDARY,
OUTER_SIDE,LEFT,5,1.5,,,1.0,1.0,2.0,0.0,0.0,,15.25,13.25,15.75,14.25,PASS_BOUNDARY,
OUTER_SIDE,LEFT,5,1.5,,,1.0,1.0,2.0,1.0,0.0,,15.25,12.25,15.75,14.25,PASS_BOUNDARY,
OUTER_SIDE,LEFT,5,1.5,,,1.0,1.0,2.0,2.0,0.0,,15.25,11.25,15.75,14.25,PASS_BOUNDARY,
OUTER_SIDE,LEFT,6,0.0,,,-1.0,-1.0,0.0,0.0,0.0,,14.25,14.25,14.75,14.75,PASS_BOUNDARY,
OUTER_SIDE,LEFT,6,0.0,,,-1.0,-1.0,0.0,1.0,0.0,,14.25,13.25,14.75,14.75,PASS_BOUNDARY,
OUTER_SIDE,LEFT,6,0.0,,,-1.0,-1.0,0.0,2.0,0.0,,14.25,12.25,14.75,14.75,PASS_BOUNDARY,
OUTER_SIDE,LEFT,6,0.0,,,-1.0,-1.0,1.0,0.0,0.0,,14.25,13.25,14.75,14.75,PASS_BOUNDARY,
OUTER_SIDE,LEFT,6,0.0,,,-1.0,-1.0,1.0,1.0,0.0,,14.25,12.25,14.75,14.75,PASS_BOUNDARY,
OUTER_SIDE,LEFT,6,0.0,,,-1.0,-1.0,1.0,2.0,0.0,,14.25,11.25,14.75,14.75,PASS_BOUNDARY,
OUTER_SIDE,LEFT,6,0.0,,,-1.0,-1.0,2.0,0.0,0.0,,14.25,12.25,14.75,14.75,PASS_BOUNDARY,
OUTER_SIDE,LEFT,6,0.0,,,-1.0,-1.0,2.0,1.0,0.0,,14.25,11.25,14.75,14.75,PASS_BOUNDARY,
OUTER_SIDE,LEFT,6,0.0,,,-1.0,-1.0,2.0,2.0,0.0,,14.25,10.25,14.75,14.75,PASS_BOUNDARY,
OUTER_SIDE,LEFT,6,0.0,,,-1.0,0.0,0.0,0.0,1.0,,14.25,13.25,14.75,13.75,PASS_BOUNDARY,
OUTER_SIDE,LEFT,6,0.0,,,-1.0,0.0,0.0,1.0,1.0,,14.25,12.25,14.75,13.75,PASS_BOUNDARY,
OUTER_SIDE,LEFT,6,0.0,,,-1.0,0.0,0.0,2.0,1.0,,14.25,11.25,14.75,13.75,PASS_BOUNDARY,
OUTER_SIDE,LEFT,6,0.0,,,-1.0,0.0,1.0,0.0,1.0,,14.25,12.25,14.75,13.75,PASS_BOUNDARY,
OUTER_SIDE,LEFT,6,0.0,,,-1.0,0.0,1.0,1.0,1.0,,14.25,11.25,14.75,13.75,PASS_BOUNDARY,
OUTER_SIDE,LEFT,6,0.0,,,-1.0,0.0,1.0,2.0,1.0,,14.25,10.25,14.75,13.75,PASS_BOUNDARY,
OUTER_SIDE,LEFT,6,0.0,,,-1.0,0.0,2.0,0.0,1.0,,14.25,11.25,14.75,13.75,PASS_BOUNDARY,
OUTER_SIDE,LEFT,6,0.0,,,-1.0,0.0,2.0,1.0,1.0,,14.25,10.25,14.75,13.75,PASS_BOUNDARY,
OUTER_SIDE,LEFT,6,0.0,,,-1.0,0.0,2.0,2.0,1.0,,14.25,9.25,14.75,13.75,PASS_BOUNDARY,
OUTER_SIDE,LEFT,6,0.0,,,-1.0,1.0,0.0,0.0,2.0,,14.25,12.25,14.75,12.75,PASS_BOUNDARY,
OUTER_SIDE,LEFT,6,0.0,,,-1.0,1.0,0.0,1.0,2.0,,14.25,11.25,14.75,12.75,PASS_BOUNDARY,
OUTER_SIDE,LEFT,6,0.0,,,-1.0,1.0,0.0,2.0,2.0,,14.25,10.25,14.75,12.75,PASS_BOUNDARY,
OUTER_SIDE,LEFT,6,0.0,,,-1.0,1.0,1.0,0.0,2.0,,14.25,11.25,14.75,12.75,PASS_BOUNDARY,
OUTER_SIDE,LEFT,6,0.0,,,-1.0,1.0,1.0,1.0,2.0,,14.25,10.25,14.75,12.75,PASS_BOUNDARY,
OUTER_SIDE,LEFT,6,0.0,,,-1.0,1.0,1.0,2.0,2.0,,14.25,9.25,14.75,12.75,PASS_BOUNDARY,
OUTER_SIDE,LEFT,6,0.0,,,-1.0,1.0,2.0,0.0,2.0,,14.25,10.25,14.75,12.75,PASS_BOUNDARY,
OUTER_SIDE,LEFT,6,0.0,,,-1.0,1.0,2.0,1.0,2.0,,14.25,9.25,14.75,12.75,PASS_BOUNDARY,
OUTER_SIDE,LEFT,6,0.0,,,-1.0,1.0,2.0,2.0,2.0,,14.25,8.25,14.75,12.75,PASS_BOUNDARY,
OUTER_SIDE,LEFT,6,0.0,,,0.0,-1.0,0.0,0.0,1.0,,14.25,13.25,14.75,13.75,PASS_BOUNDARY,
OUTER_SIDE,LEFT,6,0.0,,,0.0,-1.0,0.0,1.0,1.0,,14.25,12.25,14.75,13.75,PASS_BOUNDARY,
OUTER_SIDE,LEFT,6,0.0,,,0.0,-1.0,0.0,2.0,1.0,,14.25,11.25,14.75,13.75,PASS_BOUNDARY,
OUTER_SIDE,LEFT,6,0.0,,,0.0,-1.0,1.0,0.0,1.0,,14.25,12.25,14.75,13.75,PASS_BOUNDARY,
OUTER_SIDE,LEFT,6,0.0,,,0.0,-1.0,1.0,1.0,1.0,,14.25,11.25,14.75,13.75,PASS_BOUNDARY,
OUTER_SIDE,LEFT,6,0.0,,,0.0,-1.0,1.0,2.0,1.0,,14.25,10.25,14.75,13.75,PASS_BOUNDARY,
OUTER_SIDE,LEFT,6,0.0,,,0.0,-1.0,2.0,0.0,1.0,,14.25,11.25,14.75,13.75,PASS_BOUNDARY,
OUTER_SIDE,LEFT,6,0.0,,,0.0,-1.0,2.0,1.0,1.0,,14.25,10.25,14.75,13.75,PASS_BOUNDARY,
OUTER_SIDE,LEFT,6,0.0,,,0.0,-1.0,2.0,2.0,1.0,,14.25,9.25,14.75,13.75,PASS_BOUNDARY,
OUTER_SIDE,LEFT,6,0.0,,,0.0,0.0,0.0,0.0,0.0,,14.25,14.25,14.75,14.75,PASS_BOUNDARY,
OUTER_SIDE,LEFT,6,0.0,,,0.0,0.0,0.0,1.0,0.0,,14.25,13.25,14.75,14.75,PASS_BOUNDARY,
OUTER_SIDE,LEFT,6,0.0,,,0.0,0.0,0.0,2.0,0.0,,14.25,12.25,14.75,14.75,PASS_BOUNDARY,
OUTER_SIDE,LEFT,6,0.0,,,0.0,0.0,1.0,0.0,0.0,,14.25,13.25,14.75,14.75,PASS_BOUNDARY,
OUTER_SIDE,LEFT,6,0.0,,,0.0,0.0,1.0,1.0,0.0,,14.25,12.25,14.75,14.75,PASS_BOUNDARY,
OUTER_SIDE,LEFT,6,0.0,,,0.0,0.0,1.0,2.0,0.0,,14.25,11.25,14.75,14.75,PASS_BOUNDARY,
OUTER_SIDE,LEFT,6,0.0,,,0.0,0.0,2.0,0.0,0.0,,14.25,12.25,14.75,14.75,PASS_BOUNDARY,
OUTER_SIDE,LEFT,6,0.0,,,0.0,0.0,2.0,1.0,0.0,,14.25,11.25,14.75,14.75,PASS_BOUNDARY,
OUTER_SIDE,LEFT,6,0.0,,,0.0,0.0,2.0,2.0,0.0,,14.25,10.25,14.75,14.75,PASS_BOUNDARY,
OUTER_SIDE,LEFT,6,0.0,,,0.0,1.0,0.0,0.0,1.0,,14.25,13.25,14.75,13.75,PASS_BOUNDARY,
OUTER_SIDE,LEFT,6,0.0,,,0.0,1.0,0.0,1.0,1.0,,14.25,12.25,14.75,13.75,PASS_BOUNDARY,
OUTER_SIDE,LEFT,6,0.0,,,0.0,1.0,0.0,2.0,1.0,,14.25,11.25,14.75,13.75,PASS_BOUNDARY,
OUTER_SIDE,LEFT,6,0.0,,,0.0,1.0,1.0,0.0,1.0,,14.25,12.25,14.75,13.75,PASS_BOUNDARY,
OUTER_SIDE,LEFT,6,0.0,,,0.0,1.0,1.0,1.0,1.0,,14.25,11.25,14.75,13.75,PASS_BOUNDARY,
OUTER_SIDE,LEFT,6,0.0,,,0.0,1.0,1.0,2.0,1.0,,14.25,10.25,14.75,13.75,PASS_BOUNDARY,
OUTER_SIDE,LEFT,6,0.0,,,0.0,1.0,2.0,0.0,1.0,,14.25,11.25,14.75,13.75,PASS_BOUNDARY,
OUTER_SIDE,LEFT,6,0.0,,,0.0,1.0,2.0,1.0,1.0,,14.25,10.25,14.75,13.75,PASS_BOUNDARY,
OUTER_SIDE,LEFT,6,0.0,,,0.0,1.0,2.0,2.0,1.0,,14.25,9.25,14.75,13.75,PASS_BOUNDARY,
OUTER_SIDE,LEFT,6,0.0,,,1.0,-1.0,0.0,0.0,2.0,,14.25,12.25,14.75,12.75,PASS_BOUNDARY,
OUTER_SIDE,LEFT,6,0.0,,,1.0,-1.0,0.0,1.0,2.0,,14.25,11.25,14.75,12.75,PASS_BOUNDARY,
OUTER_SIDE,LEFT,6,0.0,,,1.0,-1.0,0.0,2.0,2.0,,14.25,10.25,14.75,12.75,PASS_BOUNDARY,
OUTER_SIDE,LEFT,6,0.0,,,1.0,-1.0,1.0,0.0,2.0,,14.25,11.25,14.75,12.75,PASS_BOUNDARY,
OUTER_SIDE,LEFT,6,0.0,,,1.0,-1.0,1.0,1.0,2.0,,14.25,10.25,14.75,12.75,PASS_BOUNDARY,
OUTER_SIDE,LEFT,6,0.0,,,1.0,-1.0,1.0,2.0,2.0,,14.25,9.25,14.75,12.75,PASS_BOUNDARY,
OUTER_SIDE,LEFT,6,0.0,,,1.0,-1.0,2.0,0.0,2.0,,14.25,10.25,14.75,12.75,PASS_BOUNDARY,
OUTER_SIDE,LEFT,6,0.0,,,1.0,-1.0,2.0,1.0,2.0,,14.25,9.25,14.75,12.75,PASS_BOUNDARY,
OUTER_SIDE,LEFT,6,0.0,,,1.0,-1.0,2.0,2.0,2.0,,14.25,8.25,14.75,12.75,PASS_BOUNDARY,
OUTER_SIDE,LEFT,6,0.0,,,1.0,0.0,0.0,0.0,1.0,,14.25,13.25,14.75,13.75,PASS_BOUNDARY,
OUTER_SIDE,LEFT,6,0.0,,,1.0,0.0,0.0,1.0,1.0,,14.25,12.25,14.75,13.75,PASS_BOUNDARY,
OUTER_SIDE,LEFT,6,0.0,,,1.0,0.0,0.0,2.0,1.0,,14.25,11.25,14.75,13.75,PASS_BOUNDARY,
OUTER_SIDE,LEFT,6,0.0,,,1.0,0.0,1.0,0.0,1.0,,14.25,12.25,14.75,13.75,PASS_BOUNDARY,
OUTER_SIDE,LEFT,6,0.0,,,1.0,0.0,1.0,1.0,1.0,,14.25,11.25,14.75,13.75,PASS_BOUNDARY,
OUTER_SIDE,LEFT,6,0.0,,,1.0,0.0,1.0,2.0,1.0,,14.25,10.25,14.75,13.75,PASS_BOUNDARY,
OUTER_SIDE,LEFT,6,0.0,,,1.0,0.0,2.0,0.0,1.0,,14.25,11.25,14.75,13.75,PASS_BOUNDARY,
OUTER_SIDE,LEFT,6,0.0,,,1.0,0.0,2.0,1.0,1.0,,14.25,10.25,14.75,13.75,PASS_BOUNDARY,
OUTER_SIDE,LEFT,6,0.0,,,1.0,0.0,2.0,2.0,1.0,,14.25,9.25,14.75,13.75,PASS_BOUNDARY,
OUTER_SIDE,LEFT,6,0.0,,,1.0,1.0,0.0,0.0,0.0,,14.25,14.25,14.75,14.75,PASS_BOUNDARY,
OUTER_SIDE,LEFT,6,0.0,,,1.0,1.0,0.0,1.0,0.0,,14.25,13.25,14.75,14.75,PASS_BOUNDARY,
OUTER_SIDE,LEFT,6,0.0,,,1.0,1.0,0.0,2.0,0.0,,14.25,12.25,14.75,14.75,PASS_BOUNDARY,
OUTER_SIDE,LEFT,6,0.0,,,1.0,1.0,1.0,0.0,0.0,,14.25,13.25,14.75,14.75,PASS_BOUNDARY,
OUTER_SIDE,LEFT,6,0.0,,,1.0,1.0,1.0,1.0,0.0,,14.25,12.25,14.75,14.75,PASS_BOUNDARY,
OUTER_SIDE,LEFT,6,0.0,,,1.0,1.0,1.0,2.0,0.0,,14.25,11.25,14.75,14.75,PASS_BOUNDARY,
OUTER_SIDE,LEFT,6,0.0,,,1.0,1.0,2.0,0.0,0.0,,14.25,12.25,14.75,14.75,PASS_BOUNDARY,
OUTER_SIDE,LEFT,6,0.0,,,1.0,1.0,2.0,1.0,0.0,,14.25,11.25,14.75,14.75,PASS_BOUNDARY,
OUTER_SIDE,LEFT,6,0.0,,,1.0,1.0,2.0,2.0,0.0,,14.25,10.25,14.75,14.75,PASS_BOUNDARY,
OUTER_SIDE,LEFT,6,0.5,,,-1.0,-1.0,0.0,0.0,0.0,,14.25,14.25,14.75,14.25,PASS_BOUNDARY,
OUTER_SIDE,LEFT,6,0.5,,,-1.0,-1.0,0.0,1.0,0.0,,14.25,13.25,14.75,14.25,PASS_BOUNDARY,
OUTER_SIDE,LEFT,6,0.5,,,-1.0,-1.0,0.0,2.0,0.0,,14.25,12.25,14.75,14.25,PASS_BOUNDARY,
OUTER_SIDE,LEFT,6,0.5,,,-1.0,-1.0,1.0,0.0,0.0,,14.25,13.25,14.75,14.25,PASS_BOUNDARY,
OUTER_SIDE,LEFT,6,0.5,,,-1.0,-1.0,1.0,1.0,0.0,,14.25,12.25,14.75,14.25,PASS_BOUNDARY,
OUTER_SIDE,LEFT,6,0.5,,,-1.0,-1.0,1.0,2.0,0.0,,14.25,11.25,14.75,14.25,PASS_BOUNDARY,
OUTER_SIDE,LEFT,6,0.5,,,-1.0,-1.0,2.0,0.0,0.0,,14.25,12.25,14.75,14.25,PASS_BOUNDARY,
OUTER_SIDE,LEFT,6,0.5,,,-1.0,-1.0,2.0,1.0,0.0,,14.25,11.25,14.75,14.25,PASS_BOUNDARY,
OUTER_SIDE,LEFT,6,0.5,,,-1.0,-1.0,2.0,2.0,0.0,,14.25,10.25,14.75,14.25,PASS_BOUNDARY,
OUTER_SIDE,LEFT,6,0.5,,,-1.0,0.0,0.0,0.0,1.0,,14.25,13.25,14.75,13.25,PASS_BOUNDARY,
OUTER_SIDE,LEFT,6,0.5,,,-1.0,0.0,0.0,1.0,1.0,,14.25,12.25,14.75,13.25,PASS_BOUNDARY,
OUTER_SIDE,LEFT,6,0.5,,,-1.0,0.0,0.0,2.0,1.0,,14.25,11.25,14.75,13.25,PASS_BOUNDARY,
OUTER_SIDE,LEFT,6,0.5,,,-1.0,0.0,1.0,0.0,1.0,,14.25,12.25,14.75,13.25,PASS_BOUNDARY,
OUTER_SIDE,LEFT,6,0.5,,,-1.0,0.0,1.0,1.0,1.0,,14.25,11.25,14.75,13.25,PASS_BOUNDARY,
OUTER_SIDE,LEFT,6,0.5,,,-1.0,0.0,1.0,2.0,1.0,,14.25,10.25,14.75,13.25,PASS_BOUNDARY,
OUTER_SIDE,LEFT,6,0.5,,,-1.0,0.0,2.0,0.0,1.0,,14.25,11.25,14.75,13.25,PASS_BOUNDARY,
OUTER_SIDE,LEFT,6,0.5,,,-1.0,0.0,2.0,1.0,1.0,,14.25,10.25,14.75,13.25,PASS_BOUNDARY,
OUTER_SIDE,LEFT,6,0.5,,,-1.0,0.0,2.0,2.0,1.0,,14.25,9.25,14.75,13.25,PASS_BOUNDARY,
OUTER_SIDE,LEFT,6,0.5,,,-1.0,1.0,0.0,0.0,2.0,,14.25,12.25,14.75,12.25,PASS_BOUNDARY,
OUTER_SIDE,LEFT,6,0.5,,,-1.0,1.0,0.0,1.0,2.0,,14.25,11.25,14.75,12.25,PASS_BOUNDARY,
OUTER_SIDE,LEFT,6,0.5,,,-1.0,1.0,0.0,2.0,2.0,,14.25,10.25,14.75,12.25,PASS_BOUNDARY,
OUTER_SIDE,LEFT,6,0.5,,,-1.0,1.0,1.0,0.0,2.0,,14.25,11.25,14.75,12.25,PASS_BOUNDARY,
OUTER_SIDE,LEFT,6,0.5,,,-1.0,1.0,1.0,1.0,2.0,,14.25,10.25,14.75,12.25,PASS_BOUNDARY,
OUTER_SIDE,LEFT,6,0.5,,,-1.0,1.0,1.0,2.0,2.0,,14.25,9.25,14.75,12.25,PASS_BOUNDARY,
OUTER_SIDE,LEFT,6,0.5,,,-1.0,1.0,2.0,0.0,2.0,,14.25,10.25,14.75,12.25,PASS_BOUNDARY,
OUTER_SIDE,LEFT,6,0.5,,,-1.0,1.0,2.0,1.0,2.0,,14.25,9.25,14.75,12.25,PASS_BOUNDARY,
OUTER_SIDE,LEFT,6,0.5,,,-1.0,1.0,2.0,2.0,2.0,,14.25,8.25,14.75,12.25,PASS_BOUNDARY,
OUTER_SIDE,LEFT,6,0.5,,,0.0,-1.0,0.0,0.0,1.0,,14.25,13.25,14.75,13.25,PASS_BOUNDARY,
OUTER_SIDE,LEFT,6,0.5,,,0.0,-1.0,0.0,1.0,1.0,,14.25,12.25,14.75,13.25,PASS_BOUNDARY,
OUTER_SIDE,LEFT,6,0.5,,,0.0,-1.0,0.0,2.0,1.0,,14.25,11.25,14.75,13.25,PASS_BOUNDARY,
OUTER_SIDE,LEFT,6,0.5,,,0.0,-1.0,1.0,0.0,1.0,,14.25,12.25,14.75,13.25,PASS_BOUNDARY,
OUTER_SIDE,LEFT,6,0.5,,,0.0,-1.0,1.0,1.0,1.0,,14.25,11.25,14.75,13.25,PASS_BOUNDARY,
OUTER_SIDE,LEFT,6,0.5,,,0.0,-1.0,1.0,2.0,1.0,,14.25,10.25,14.75,13.25,PASS_BOUNDARY,
OUTER_SIDE,LEFT,6,0.5,,,0.0,-1.0,2.0,0.0,1.0,,14.25,11.25,14.75,13.25,PASS_BOUNDARY,
OUTER_SIDE,LEFT,6,0.5,,,0.0,-1.0,2.0,1.0,1.0,,14.25,10.25,14.75,13.25,PASS_BOUNDARY,
OUTER_SIDE,LEFT,6,0.5,,,0.0,-1.0,2.0,2.0,1.0,,14.25,9.25,14.75,13.25,PASS_BOUNDARY,
OUTER_SIDE,LEFT,6,0.5,,,0.0,0.0,0.0,0.0,0.0,,14.25,14.25,14.75,14.25,PASS_BOUNDARY,
OUTER_SIDE,LEFT,6,0.5,,,0.0,0.0,0.0,1.0,0.0,,14.25,13.25,14.75,14.25,PASS_BOUNDARY,
OUTER_SIDE,LEFT,6,0.5,,,0.0,0.0,0.0,2.0,0.0,,14.25,12.25,14.75,14.25,PASS_BOUNDARY,
OUTER_SIDE,LEFT,6,0.5,,,0.0,0.0,1.0,0.0,0.0,,14.25,13.25,14.75,14.25,PASS_BOUNDARY,
OUTER_SIDE,LEFT,6,0.5,,,0.0,0.0,1.0,1.0,0.0,,14.25,12.25,14.75,14.25,PASS_BOUNDARY,
OUTER_SIDE,LEFT,6,0.5,,,0.0,0.0,1.0,2.0,0.0,,14.25,11.25,14.75,14.25,PASS_BOUNDARY,
OUTER_SIDE,LEFT,6,0.5,,,0.0,0.0,2.0,0.0,0.0,,14.25,12.25,14.75,14.25,PASS_BOUNDARY,
OUTER_SIDE,LEFT,6,0.5,,,0.0,0.0,2.0,1.0,0.0,,14.25,11.25,14.75,14.25,PASS_BOUNDARY,
OUTER_SIDE,LEFT,6,0.5,,,0.0,0.0,2.0,2.0,0.0,,14.25,10.25,14.75,14.25,PASS_BOUNDARY,
OUTER_SIDE,LEFT,6,0.5,,,0.0,1.0,0.0,0.0,1.0,,14.25,13.25,14.75,13.25,PASS_BOUNDARY,
OUTER_SIDE,LEFT,6,0.5,,,0.0,1.0,0.0,1.0,1.0,,14.25,12.25,14.75,13.25,PASS_BOUNDARY,
OUTER_SIDE,LEFT,6,0.5,,,0.0,1.0,0.0,2.0,1.0,,14.25,11.25,14.75,13.25,PASS_BOUNDARY,
OUTER_SIDE,LEFT,6,0.5,,,0.0,1.0,1.0,0.0,1.0,,14.25,12.25,14.75,13.25,PASS_BOUNDARY,
OUTER_SIDE,LEFT,6,0.5,,,0.0,1.0,1.0,1.0,1.0,,14.25,11.25,14.75,13.25,PASS_BOUNDARY,
OUTER_SIDE,LEFT,6,0.5,,,0.0,1.0,1.0,2.0,1.0,,14.25,10.25,14.75,13.25,PASS_BOUNDARY,
OUTER_SIDE,LEFT,6,0.5,,,0.0,1.0,2.0,0.0,1.0,,14.25,11.25,14.75,13.25,PASS_BOUNDARY,
OUTER_SIDE,LEFT,6,0.5,,,0.0,1.0,2.0,1.0,1.0,,14.25,10.25,14.75,13.25,PASS_BOUNDARY,
OUTER_SIDE,LEFT,6,0.5,,,0.0,1.0,2.0,2.0,1.0,,14.25,9.25,14.75,13.25,PASS_BOUNDARY,
OUTER_SIDE,LEFT,6,0.5,,,1.0,-1.0,0.0,0.0,2.0,,14.25,12.25,14.75,12.25,PASS_BOUNDARY,
OUTER_SIDE,LEFT,6,0.5,,,1.0,-1.0,0.0,1.0,2.0,,14.25,11.25,14.75,12.25,PASS_BOUNDARY,
OUTER_SIDE,LEFT,6,0.5,,,1.0,-1.0,0.0,2.0,2.0,,14.25,10.25,14.75,12.25,PASS_BOUNDARY,
OUTER_SIDE,LEFT,6,0.5,,,1.0,-1.0,1.0,0.0,2.0,,14.25,11.25,14.75,12.25,PASS_BOUNDARY,
OUTER_SIDE,LEFT,6,0.5,,,1.0,-1.0,1.0,1.0,2.0,,14.25,10.25,14.75,12.25,PASS_BOUNDARY,
OUTER_SIDE,LEFT,6,0.5,,,1.0,-1.0,1.0,2.0,2.0,,14.25,9.25,14.75,12.25,PASS_BOUNDARY,
OUTER_SIDE,LEFT,6,0.5,,,1.0,-1.0,2.0,0.0,2.0,,14.25,10.25,14.75,12.25,PASS_BOUNDARY,
OUTER_SIDE,LEFT,6,0.5,,,1.0,-1.0,2.0,1.0,2.0,,14.25,9.25,14.75,12.25,PASS_BOUNDARY,
OUTER_SIDE,LEFT,6,0.5,,,1.0,-1.0,2.0,2.0,2.0,,14.25,8.25,14.75,12.25,PASS_BOUNDARY,
OUTER_SIDE,LEFT,6,0.5,,,1.0,0.0,0.0,0.0,1.0,,14.25,13.25,14.75,13.25,PASS_BOUNDARY,
OUTER_SIDE,LEFT,6,0.5,,,1.0,0.0,0.0,1.0,1.0,,14.25,12.25,14.75,13.25,PASS_BOUNDARY,
OUTER_SIDE,LEFT,6,0.5,,,1.0,0.0,0.0,2.0,1.0,,14.25,11.25,14.75,13.25,PASS_BOUNDARY,
OUTER_SIDE,LEFT,6,0.5,,,1.0,0.0,1.0,0.0,1.0,,14.25,12.25,14.75,13.25,PASS_BOUNDARY,
OUTER_SIDE,LEFT,6,0.5,,,1.0,0.0,1.0,1.0,1.0,,14.25,11.25,14.75,13.25,PASS_BOUNDARY,
OUTER_SIDE,LEFT,6,0.5,,,1.0,0.0,1.0,2.0,1.0,,14.25,10.25,14.75,13.25,PASS_BOUNDARY,
OUTER_SIDE,LEFT,6,0.5,,,1.0,0.0,2.0,0.0,1.0,,14.25,11.25,14.75,13.25,PASS_BOUNDARY,
OUTER_SIDE,LEFT,6,0.5,,,1.0,0.0,2.0,1.0,1.0,,14.25,10.25,14.75,13.25,PASS_BOUNDARY,
OUTER_SIDE,LEFT,6,0.5,,,1.0,0.0,2.0,2.0,1.0,,14.25,9.25,14.75,13.25,PASS_BOUNDARY,
OUTER_SIDE,LEFT,6,0.5,,,1.0,1.0,0.0,0.0,0.0,,14.25,14.25,14.75,14.25,PASS_BOUNDARY,
OUTER_SIDE,LEFT,6,0.5,,,1.0,1.0,0.0,1.0,0.0,,14.25,13.25,14.75,14.25,PASS_BOUNDARY,
OUTER_SIDE,LEFT,6,0.5,,,1.0,1.0,0.0,2.0,0.0,,14.25,12.25,14.75,14.25,PASS_BOUNDARY,
OUTER_SIDE,LEFT,6,0.5,,,1.0,1.0,1.0,0.0,0.0,,14.25,13.25,14.75,14.25,PASS_BOUNDARY,
OUTER_SIDE,LEFT,6,0.5,,,1.0,1.0,1.0,1.0,0.0,,14.25,12.25,14.75,14.25,PASS_BOUNDARY,
OUTER_SIDE,LEFT,6,0.5,,,1.0,1.0,1.0,2.0,0.0,,14.25,11.25,14.75,14.25,PASS_BOUNDARY,
OUTER_SIDE,LEFT,6,0.5,,,1.0,1.0,2.0,0.0,0.0,,14.25,12.25,14.75,14.25,PASS_BOUNDARY,
OUTER_SIDE,LEFT,6,0.5,,,1.0,1.0,2.0,1.0,0.0,,14.25,11.25,14.75,14.25,PASS_BOUNDARY,
OUTER_SIDE,LEFT,6,0.5,,,1.0,1.0,2.0,2.0,0.0,,14.25,10.25,14.75,14.25,PASS_BOUNDARY,
OUTER_SIDE,LEFT,6,1.0,,,-1.0,-1.0,0.0,0.0,0.0,,14.25,14.25,14.75,13.75,PASS_BOUNDARY,
OUTER_SIDE,LEFT,6,1.0,,,-1.0,-1.0,0.0,1.0,0.0,,14.25,13.25,14.75,13.75,PASS_BOUNDARY,
OUTER_SIDE,LEFT,6,1.0,,,-1.0,-1.0,0.0,2.0,0.0,,14.25,12.25,14.75,13.75,PASS_BOUNDARY,
OUTER_SIDE,LEFT,6,1.0,,,-1.0,-1.0,1.0,0.0,0.0,,14.25,13.25,14.75,13.75,PASS_BOUNDARY,
OUTER_SIDE,LEFT,6,1.0,,,-1.0,-1.0,1.0,1.0,0.0,,14.25,12.25,14.75,13.75,PASS_BOUNDARY,
OUTER_SIDE,LEFT,6,1.0,,,-1.0,-1.0,1.0,2.0,0.0,,14.25,11.25,14.75,13.75,PASS_BOUNDARY,
OUTER_SIDE,LEFT,6,1.0,,,-1.0,-1.0,2.0,0.0,0.0,,14.25,12.25,14.75,13.75,PASS_BOUNDARY,
OUTER_SIDE,LEFT,6,1.0,,,-1.0,-1.0,2.0,1.0,0.0,,14.25,11.25,14.75,13.75,PASS_BOUNDARY,
OUTER_SIDE,LEFT,6,1.0,,,-1.0,-1.0,2.0,2.0,0.0,,14.25,10.25,14.75,13.75,PASS_BOUNDARY,
OUTER_SIDE,LEFT,6,1.0,,,-1.0,0.0,0.0,0.0,1.0,,14.25,13.25,14.75,12.75,PASS_BOUNDARY,
OUTER_SIDE,LEFT,6,1.0,,,-1.0,0.0,0.0,1.0,1.0,,14.25,12.25,14.75,12.75,PASS_BOUNDARY,
OUTER_SIDE,LEFT,6,1.0,,,-1.0,0.0,0.0,2.0,1.0,,14.25,11.25,14.75,12.75,PASS_BOUNDARY,
OUTER_SIDE,LEFT,6,1.0,,,-1.0,0.0,1.0,0.0,1.0,,14.25,12.25,14.75,12.75,PASS_BOUNDARY,
OUTER_SIDE,LEFT,6,1.0,,,-1.0,0.0,1.0,1.0,1.0,,14.25,11.25,14.75,12.75,PASS_BOUNDARY,
OUTER_SIDE,LEFT,6,1.0,,,-1.0,0.0,1.0,2.0,1.0,,14.25,10.25,14.75,12.75,PASS_BOUNDARY,
OUTER_SIDE,LEFT,6,1.0,,,-1.0,0.0,2.0,0.0,1.0,,14.25,11.25,14.75,12.75,PASS_BOUNDARY,
OUTER_SIDE,LEFT,6,1.0,,,-1.0,0.0,2.0,1.0,1.0,,14.25,10.25,14.75,12.75,PASS_BOUNDARY,
OUTER_SIDE,LEFT,6,1.0,,,-1.0,0.0,2.0,2.0,1.0,,14.25,9.25,14.75,12.75,PASS_BOUNDARY,
OUTER_SIDE,LEFT,6,1.0,,,-1.0,1.0,0.0,0.0,2.0,,14.25,12.25,14.75,11.75,PASS_BOUNDARY,
OUTER_SIDE,LEFT,6,1.0,,,-1.0,1.0,0.0,1.0,2.0,,14.25,11.25,14.75,11.75,PASS_BOUNDARY,
OUTER_SIDE,LEFT,6,1.0,,,-1.0,1.0,0.0,2.0,2.0,,14.25,10.25,14.75,11.75,PASS_BOUNDARY,
OUTER_SIDE,LEFT,6,1.0,,,-1.0,1.0,1.0,0.0,2.0,,14.25,11.25,14.75,11.75,PASS_BOUNDARY,
OUTER_SIDE,LEFT,6,1.0,,,-1.0,1.0,1.0,1.0,2.0,,14.25,10.25,14.75,11.75,PASS_BOUNDARY,
OUTER_SIDE,LEFT,6,1.0,,,-1.0,1.0,1.0,2.0,2.0,,14.25,9.25,14.75,11.75,PASS_BOUNDARY,
OUTER_SIDE,LEFT,6,1.0,,,-1.0,1.0,2.0,0.0,2.0,,14.25,10.25,14.75,11.75,PASS_BOUNDARY,
OUTER_SIDE,LEFT,6,1.0,,,-1.0,1.0,2.0,1.0,2.0,,14.25,9.25,14.75,11.75,PASS_BOUNDARY,
OUTER_SIDE,LEFT,6,1.0,,,-1.0,1.0,2.0,2.0,2.0,,14.25,8.25,14.75,11.75,PASS_BOUNDARY,
OUTER_SIDE,LEFT,6,1.0,,,0.0,-1.0,0.0,0.0,1.0,,14.25,13.25,14.75,12.75,PASS_BOUNDARY,
OUTER_SIDE,LEFT,6,1.0,,,0.0,-1.0,0.0,1.0,1.0,,14.25,12.25,14.75,12.75,PASS_BOUNDARY,
OUTER_SIDE,LEFT,6,1.0,,,0.0,-1.0,0.0,2.0,1.0,,14.25,11.25,14.75,12.75,PASS_BOUNDARY,
OUTER_SIDE,LEFT,6,1.0,,,0.0,-1.0,1.0,0.0,1.0,,14.25,12.25,14.75,12.75,PASS_BOUNDARY,
OUTER_SIDE,LEFT,6,1.0,,,0.0,-1.0,1.0,1.0,1.0,,14.25,11.25,14.75,12.75,PASS_BOUNDARY,
OUTER_SIDE,LEFT,6,1.0,,,0.0,-1.0,1.0,2.0,1.0,,14.25,10.25,14.75,12.75,PASS_BOUNDARY,
OUTER_SIDE,LEFT,6,1.0,,,0.0,-1.0,2.0,0.0,1.0,,14.25,11.25,14.75,12.75,PASS_BOUNDARY,
OUTER_SIDE,LEFT,6,1.0,,,0.0,-1.0,2.0,1.0,1.0,,14.25,10.25,14.75,12.75,PASS_BOUNDARY,
OUTER_SIDE,LEFT,6,1.0,,,0.0,-1.0,2.0,2.0,1.0,,14.25,9.25,14.75,12.75,PASS_BOUNDARY,
OUTER_SIDE,LEFT,6,1.0,,,0.0,0.0,0.0,0.0,0.0,,14.25,14.25,14.75,13.75,PASS_BOUNDARY,
OUTER_SIDE,LEFT,6,1.0,,,0.0,0.0,0.0,1.0,0.0,,14.25,13.25,14.75,13.75,PASS_BOUNDARY,
OUTER_SIDE,LEFT,6,1.0,,,0.0,0.0,0.0,2.0,0.0,,14.25,12.25,14.75,13.75,PASS_BOUNDARY,
OUTER_SIDE,LEFT,6,1.0,,,0.0,0.0,1.0,0.0,0.0,,14.25,13.25,14.75,13.75,PASS_BOUNDARY,
OUTER_SIDE,LEFT,6,1.0,,,0.0,0.0,1.0,1.0,0.0,,14.25,12.25,14.75,13.75,PASS_BOUNDARY,
OUTER_SIDE,LEFT,6,1.0,,,0.0,0.0,1.0,2.0,0.0,,14.25,11.25,14.75,13.75,PASS_BOUNDARY,
OUTER_SIDE,LEFT,6,1.0,,,0.0,0.0,2.0,0.0,0.0,,14.25,12.25,14.75,13.75,PASS_BOUNDARY,
OUTER_SIDE,LEFT,6,1.0,,,0.0,0.0,2.0,1.0,0.0,,14.25,11.25,14.75,13.75,PASS_BOUNDARY,
OUTER_SIDE,LEFT,6,1.0,,,0.0,0.0,2.0,2.0,0.0,,14.25,10.25,14.75,13.75,PASS_BOUNDARY,
OUTER_SIDE,LEFT,6,1.0,,,0.0,1.0,0.0,0.0,1.0,,14.25,13.25,14.75,12.75,PASS_BOUNDARY,
OUTER_SIDE,LEFT,6,1.0,,,0.0,1.0,0.0,1.0,1.0,,14.25,12.25,14.75,12.75,PASS_BOUNDARY,
OUTER_SIDE,LEFT,6,1.0,,,0.0,1.0,0.0,2.0,1.0,,14.25,11.25,14.75,12.75,PASS_BOUNDARY,
OUTER_SIDE,LEFT,6,1.0,,,0.0,1.0,1.0,0.0,1.0,,14.25,12.25,14.75,12.75,PASS_BOUNDARY,
OUTER_SIDE,LEFT,6,1.0,,,0.0,1.0,1.0,1.0,1.0,,14.25,11.25,14.75,12.75,PASS_BOUNDARY,
OUTER_SIDE,LEFT,6,1.0,,,0.0,1.0,1.0,2.0,1.0,,14.25,10.25,14.75,12.75,PASS_BOUNDARY,
OUTER_SIDE,LEFT,6,1.0,,,0.0,1.0,2.0,0.0,1.0,,14.25,11.25,14.75,12.75,PASS_BOUNDARY,
OUTER_SIDE,LEFT,6,1.0,,,0.0,1.0,2.0,1.0,1.0,,14.25,10.25,14.75,12.75,PASS_BOUNDARY,
OUTER_SIDE,LEFT,6,1.0,,,0.0,1.0,2.0,2.0,1.0,,14.25,9.25,14.75,12.75,PASS_BOUNDARY,
OUTER_SIDE,LEFT,6,1.0,,,1.0,-1.0,0.0,0.0,2.0,,14.25,12.25,14.75,11.75,PASS_BOUNDARY,
OUTER_SIDE,LEFT,6,1.0,,,1.0,-1.0,0.0,1.0,2.0,,14.25,11.25,14.75,11.75,PASS_BOUNDARY,
OUTER_SIDE,LEFT,6,1.0,,,1.0,-1.0,0.0,2.0,2.0,,14.25,10.25,14.75,11.75,PASS_BOUNDARY,
OUTER_SIDE,LEFT,6,1.0,,,1.0,-1.0,1.0,0.0,2.0,,14.25,11.25,14.75,11.75,PASS_BOUNDARY,
OUTER_SIDE,LEFT,6,1.0,,,1.0,-1.0,1.0,1.0,2.0,,14.25,10.25,14.75,11.75,PASS_BOUNDARY,
OUTER_SIDE,LEFT,6,1.0,,,1.0,-1.0,1.0,2.0,2.0,,14.25,9.25,14.75,11.75,PASS_BOUNDARY,
OUTER_SIDE,LEFT,6,1.0,,,1.0,-1.0,2.0,0.0,2.0,,14.25,10.25,14.75,11.75,PASS_BOUNDARY,
OUTER_SIDE,LEFT,6,1.0,,,1.0,-1.0,2.0,1.0,2.0,,14.25,9.25,14.75,11.75,PASS_BOUNDARY,
OUTER_SIDE,LEFT,6,1.0,,,1.0,-1.0,2.0,2.0,2.0,,14.25,8.25,14.75,11.75,PASS_BOUNDARY,
OUTER_SIDE,LEFT,6,1.0,,,1.0,0.0,0.0,0.0,1.0,,14.25,13.25,14.75,12.75,PASS_BOUNDARY,
OUTER_SIDE,LEFT,6,1.0,,,1.0,0.0,0.0,1.0,1.0,,14.25,12.25,14.75,12.75,PASS_BOUNDARY,
OUTER_SIDE,LEFT,6,1.0,,,1.0,0.0,0.0,2.0,1.0,,14.25,11.25,14.75,12.75,PASS_BOUNDARY,
OUTER_SIDE,LEFT,6,1.0,,,1.0,0.0,1.0,0.0,1.0,,14.25,12.25,14.75,12.75,PASS_BOUNDARY,
OUTER_SIDE,LEFT,6,1.0,,,1.0,0.0,1.0,1.0,1.0,,14.25,11.25,14.75,12.75,PASS_BOUNDARY,
OUTER_SIDE,LEFT,6,1.0,,,1.0,0.0,1.0,2.0,1.0,,14.25,10.25,14.75,12.75,PASS_BOUNDARY,
OUTER_SIDE,LEFT,6,1.0,,,1.0,0.0,2.0,0.0,1.0,,14.25,11.25,14.75,12.75,PASS_BOUNDARY,
OUTER_SIDE,LEFT,6,1.0,,,1.0,0.0,2.0,1.0,1.0,,14.25,10.25,14.75,12.75,PASS_BOUNDARY,
OUTER_SIDE,LEFT,6,1.0,,,1.0,0.0,2.0,2.0,1.0,,14.25,9.25,14.75,12.75,PASS_BOUNDARY,
OUTER_SIDE,LEFT,6,1.0,,,1.0,1.0,0.0,0.0,0.0,,14.25,14.25,14.75,13.75,PASS_BOUNDARY,
OUTER_SIDE,LEFT,6,1.0,,,1.0,1.0,0.0,1.0,0.0,,14.25,13.25,14.75,13.75,PASS_BOUNDARY,
OUTER_SIDE,LEFT,6,1.0,,,1.0,1.0,0.0,2.0,0.0,,14.25,12.25,14.75,13.75,PASS_BOUNDARY,
OUTER_SIDE,LEFT,6,1.0,,,1.0,1.0,1.0,0.0,0.0,,14.25,13.25,14.75,13.75,PASS_BOUNDARY,
OUTER_SIDE,LEFT,6,1.0,,,1.0,1.0,1.0,1.0,0.0,,14.25,12.25,14.75,13.75,PASS_BOUNDARY,
OUTER_SIDE,LEFT,6,1.0,,,1.0,1.0,1.0,2.0,0.0,,14.25,11.25,14.75,13.75,PASS_BOUNDARY,
OUTER_SIDE,LEFT,6,1.0,,,1.0,1.0,2.0,0.0,0.0,,14.25,12.25,14.75,13.75,PASS_BOUNDARY,
OUTER_SIDE,LEFT,6,1.0,,,1.0,1.0,2.0,1.0,0.0,,14.25,11.25,14.75,13.75,PASS_BOUNDARY,
OUTER_SIDE,LEFT,6,1.0,,,1.0,1.0,2.0,2.0,0.0,,14.25,10.25,14.75,13.75,PASS_BOUNDARY,
OUTER_SIDE,LEFT,6,1.5,,,-1.0,-1.0,0.0,0.0,0.0,,14.25,14.25,14.75,13.25,PASS_BOUNDARY,
OUTER_SIDE,LEFT,6,1.5,,,-1.0,-1.0,0.0,1.0,0.0,,14.25,13.25,14.75,13.25,PASS_BOUNDARY,
OUTER_SIDE,LEFT,6,1.5,,,-1.0,-1.0,0.0,2.0,0.0,,14.25,12.25,14.75,13.25,PASS_BOUNDARY,
OUTER_SIDE,LEFT,6,1.5,,,-1.0,-1.0,1.0,0.0,0.0,,14.25,13.25,14.75,13.25,PASS_BOUNDARY,
OUTER_SIDE,LEFT,6,1.5,,,-1.0,-1.0,1.0,1.0,0.0,,14.25,12.25,14.75,13.25,PASS_BOUNDARY,
OUTER_SIDE,LEFT,6,1.5,,,-1.0,-1.0,1.0,2.0,0.0,,14.25,11.25,14.75,13.25,PASS_BOUNDARY,
OUTER_SIDE,LEFT,6,1.5,,,-1.0,-1.0,2.0,0.0,0.0,,14.25,12.25,14.75,13.25,PASS_BOUNDARY,
OUTER_SIDE,LEFT,6,1.5,,,-1.0,-1.0,2.0,1.0,0.0,,14.25,11.25,14.75,13.25,PASS_BOUNDARY,
OUTER_SIDE,LEFT,6,1.5,,,-1.0,-1.0,2.0,2.0,0.0,,14.25,10.25,14.75,13.25,PASS_BOUNDARY,
OUTER_SIDE,LEFT,6,1.5,,,-1.0,0.0,0.0,0.0,1.0,,14.25,13.25,14.75,12.25,PASS_BOUNDARY,
OUTER_SIDE,LEFT,6,1.5,,,-1.0,0.0,0.0,1.0,1.0,,14.25,12.25,14.75,12.25,PASS_BOUNDARY,
OUTER_SIDE,LEFT,6,1.5,,,-1.0,0.0,0.0,2.0,1.0,,14.25,11.25,14.75,12.25,PASS_BOUNDARY,
OUTER_SIDE,LEFT,6,1.5,,,-1.0,0.0,1.0,0.0,1.0,,14.25,12.25,14.75,12.25,PASS_BOUNDARY,
OUTER_SIDE,LEFT,6,1.5,,,-1.0,0.0,1.0,1.0,1.0,,14.25,11.25,14.75,12.25,PASS_BOUNDARY,
OUTER_SIDE,LEFT,6,1.5,,,-1.0,0.0,1.0,2.0,1.0,,14.25,10.25,14.75,12.25,PASS_BOUNDARY,
OUTER_SIDE,LEFT,6,1.5,,,-1.0,0.0,2.0,0.0,1.0,,14.25,11.25,14.75,12.25,PASS_BOUNDARY,
OUTER_SIDE,LEFT,6,1.5,,,-1.0,0.0,2.0,1.0,1.0,,14.25,10.25,14.75,12.25,PASS_BOUNDARY,
OUTER_SIDE,LEFT,6,1.5,,,-1.0,0.0,2.0,2.0,1.0,,14.25,9.25,14.75,12.25,PASS_BOUNDARY,
OUTER_SIDE,LEFT,6,1.5,,,-1.0,1.0,0.0,0.0,2.0,,14.25,12.25,14.75,11.25,PASS_BOUNDARY,
OUTER_SIDE,LEFT,6,1.5,,,-1.0,1.0,0.0,1.0,2.0,,14.25,11.25,14.75,11.25,PASS_BOUNDARY,
OUTER_SIDE,LEFT,6,1.5,,,-1.0,1.0,0.0,2.0,2.0,,14.25,10.25,14.75,11.25,PASS_BOUNDARY,
OUTER_SIDE,LEFT,6,1.5,,,-1.0,1.0,1.0,0.0,2.0,,14.25,11.25,14.75,11.25,PASS_BOUNDARY,
OUTER_SIDE,LEFT,6,1.5,,,-1.0,1.0,1.0,1.0,2.0,,14.25,10.25,14.75,11.25,PASS_BOUNDARY,
OUTER_SIDE,LEFT,6,1.5,,,-1.0,1.0,1.0,2.0,2.0,,14.25,9.25,14.75,11.25,PASS_BOUNDARY,
OUTER_SIDE,LEFT,6,1.5,,,-1.0,1.0,2.0,0.0,2.0,,14.25,10.25,14.75,11.25,PASS_BOUNDARY,
OUTER_SIDE,LEFT,6,1.5,,,-1.0,1.0,2.0,1.0,2.0,,14.25,9.25,14.75,11.25,PASS_BOUNDARY,
OUTER_SIDE,LEFT,6,1.5,,,-1.0,1.0,2.0,2.0,2.0,,14.25,8.25,14.75,11.25,PASS_BOUNDARY,
OUTER_SIDE,LEFT,6,1.5,,,0.0,-1.0,0.0,0.0,1.0,,14.25,13.25,14.75,12.25,PASS_BOUNDARY,
OUTER_SIDE,LEFT,6,1.5,,,0.0,-1.0,0.0,1.0,1.0,,14.25,12.25,14.75,12.25,PASS_BOUNDARY,
OUTER_SIDE,LEFT,6,1.5,,,0.0,-1.0,0.0,2.0,1.0,,14.25,11.25,14.75,12.25,PASS_BOUNDARY,
OUTER_SIDE,LEFT,6,1.5,,,0.0,-1.0,1.0,0.0,1.0,,14.25,12.25,14.75,12.25,PASS_BOUNDARY,
OUTER_SIDE,LEFT,6,1.5,,,0.0,-1.0,1.0,1.0,1.0,,14.25,11.25,14.75,12.25,PASS_BOUNDARY,
OUTER_SIDE,LEFT,6,1.5,,,0.0,-1.0,1.0,2.0,1.0,,14.25,10.25,14.75,12.25,PASS_BOUNDARY,
OUTER_SIDE,LEFT,6,1.5,,,0.0,-1.0,2.0,0.0,1.0,,14.25,11.25,14.75,12.25,PASS_BOUNDARY,
OUTER_SIDE,LEFT,6,1.5,,,0.0,-1.0,2.0,1.0,1.0,,14.25,10.25,14.75,12.25,PASS_BOUNDARY,
OUTER_SIDE,LEFT,6,1.5,,,0.0,-1.0,2.0,2.0,1.0,,14.25,9.25,14.75,12.25,PASS_BOUNDARY,
OUTER_SIDE,LEFT,6,1.5,,,0.0,0.0,0.0,0.0,0.0,,14.25,14.25,14.75,13.25,PASS_BOUNDARY,
OUTER_SIDE,LEFT,6,1.5,,,0.0,0.0,0.0,1.0,0.0,,14.25,13.25,14.75,13.25,PASS_BOUNDARY,
OUTER_SIDE,LEFT,6,1.5,,,0.0,0.0,0.0,2.0,0.0,,14.25,12.25,14.75,13.25,PASS_BOUNDARY,
OUTER_SIDE,LEFT,6,1.5,,,0.0,0.0,1.0,0.0,0.0,,14.25,13.25,14.75,13.25,PASS_BOUNDARY,
OUTER_SIDE,LEFT,6,1.5,,,0.0,0.0,1.0,1.0,0.0,,14.25,12.25,14.75,13.25,PASS_BOUNDARY,
OUTER_SIDE,LEFT,6,1.5,,,0.0,0.0,1.0,2.0,0.0,,14.25,11.25,14.75,13.25,PASS_BOUNDARY,
OUTER_SIDE,LEFT,6,1.5,,,0.0,0.0,2.0,0.0,0.0,,14.25,12.25,14.75,13.25,PASS_BOUNDARY,
OUTER_SIDE,LEFT,6,1.5,,,0.0,0.0,2.0,1.0,0.0,,14.25,11.25,14.75,13.25,PASS_BOUNDARY,
OUTER_SIDE,LEFT,6,1.5,,,0.0,0.0,2.0,2.0,0.0,,14.25,10.25,14.75,13.25,PASS_BOUNDARY,
OUTER_SIDE,LEFT,6,1.5,,,0.0,1.0,0.0,0.0,1.0,,14.25,13.25,14.75,12.25,PASS_BOUNDARY,
OUTER_SIDE,LEFT,6,1.5,,,0.0,1.0,0.0,1.0,1.0,,14.25,12.25,14.75,12.25,PASS_BOUNDARY,
OUTER_SIDE,LEFT,6,1.5,,,0.0,1.0,0.0,2.0,1.0,,14.25,11.25,14.75,12.25,PASS_BOUNDARY,
OUTER_SIDE,LEFT,6,1.5,,,0.0,1.0,1.0,0.0,1.0,,14.25,12.25,14.75,12.25,PASS_BOUNDARY,
OUTER_SIDE,LEFT,6,1.5,,,0.0,1.0,1.0,1.0,1.0,,14.25,11.25,14.75,12.25,PASS_BOUNDARY,
OUTER_SIDE,LEFT,6,1.5,,,0.0,1.0,1.0,2.0,1.0,,14.25,10.25,14.75,12.25,PASS_BOUNDARY,
OUTER_SIDE,LEFT,6,1.5,,,0.0,1.0,2.0,0.0,1.0,,14.25,11.25,14.75,12.25,PASS_BOUNDARY,
OUTER_SIDE,LEFT,6,1.5,,,0.0,1.0,2.0,1.0,1.0,,14.25,10.25,14.75,12.25,PASS_BOUNDARY,
OUTER_SIDE,LEFT,6,1.5,,,0.0,1.0,2.0,2.0,1.0,,14.25,9.25,14.75,12.25,PASS_BOUNDARY,
OUTER_SIDE,LEFT,6,1.5,,,1.0,-1.0,0.0,0.0,2.0,,14.25,12.25,14.75,11.25,PASS_BOUNDARY,
OUTER_SIDE,LEFT,6,1.5,,,1.0,-1.0,0.0,1.0,2.0,,14.25,11.25,14.75,11.25,PASS_BOUNDARY,
OUTER_SIDE,LEFT,6,1.5,,,1.0,-1.0,0.0,2.0,2.0,,14.25,10.25,14.75,11.25,PASS_BOUNDARY,
OUTER_SIDE,LEFT,6,1.5,,,1.0,-1.0,1.0,0.0,2.0,,14.25,11.25,14.75,11.25,PASS_BOUNDARY,
OUTER_SIDE,LEFT,6,1.5,,,1.0,-1.0,1.0,1.0,2.0,,14.25,10.25,14.75,11.25,PASS_BOUNDARY,
OUTER_SIDE,LEFT,6,1.5,,,1.0,-1.0,1.0,2.0,2.0,,14.25,9.25,14.75,11.25,PASS_BOUNDARY,
OUTER_SIDE,LEFT,6,1.5,,,1.0,-1.0,2.0,0.0,2.0,,14.25,10.25,14.75,11.25,PASS_BOUNDARY,
OUTER_SIDE,LEFT,6,1.5,,,1.0,-1.0,2.0,1.0,2.0,,14.25,9.25,14.75,11.25,PASS_BOUNDARY,
OUTER_SIDE,LEFT,6,1.5,,,1.0,-1.0,2.0,2.0,2.0,,14.25,8.25,14.75,11.25,PASS_BOUNDARY,
OUTER_SIDE,LEFT,6,1.5,,,1.0,0.0,0.0,0.0,1.0,,14.25,13.25,14.75,12.25,PASS_BOUNDARY,
OUTER_SIDE,LEFT,6,1.5,,,1.0,0.0,0.0,1.0,1.0,,14.25,12.25,14.75,12.25,PASS_BOUNDARY,
OUTER_SIDE,LEFT,6,1.5,,,1.0,0.0,0.0,2.0,1.0,,14.25,11.25,14.75,12.25,PASS_BOUNDARY,
OUTER_SIDE,LEFT,6,1.5,,,1.0,0.0,1.0,0.0,1.0,,14.25,12.25,14.75,12.25,PASS_BOUNDARY,
OUTER_SIDE,LEFT,6,1.5,,,1.0,0.0,1.0,1.0,1.0,,14.25,11.25,14.75,12.25,PASS_BOUNDARY,
OUTER_SIDE,LEFT,6,1.5,,,1.0,0.0,1.0,2.0,1.0,,14.25,10.25,14.75,12.25,PASS_BOUNDARY,
OUTER_SIDE,LEFT,6,1.5,,,1.0,0.0,2.0,0.0,1.0,,14.25,11.25,14.75,12.25,PASS_BOUNDARY,
OUTER_SIDE,LEFT,6,1.5,,,1.0,0.0,2.0,1.0,1.0,,14.25,10.25,14.75,12.25,PASS_BOUNDARY,
OUTER_SIDE,LEFT,6,1.5,,,1.0,0.0,2.0,2.0,1.0,,14.25,9.25,14.75,12.25,PASS_BOUNDARY,
OUTER_SIDE,LEFT,6,1.5,,,1.0,1.0,0.0,0.0,0.0,,14.25,14.25,14.75,13.25,PASS_BOUNDARY,
OUTER_SIDE,LEFT,6,1.5,,,1.0,1.0,0.0,1.0,0.0,,14.25,13.25,14.75,13.25,PASS_BOUNDARY,
OUTER_SIDE,LEFT,6,1.5,,,1.0,1.0,0.0,2.0,0.0,,14.25,12.25,14.75,13.25,PASS_BOUNDARY,
OUTER_SIDE,LEFT,6,1.5,,,1.0,1.0,1.0,0.0,0.0,,14.25,13.25,14.75,13.25,PASS_BOUNDARY,
OUTER_SIDE,LEFT,6,1.5,,,1.0,1.0,1.0,1.0,0.0,,14.25,12.25,14.75,13.25,PASS_BOUNDARY,
OUTER_SIDE,LEFT,6,1.5,,,1.0,1.0,1.0,2.0,0.0,,14.25,11.25,14.75,13.25,PASS_BOUNDARY,
OUTER_SIDE,LEFT,6,1.5,,,1.0,1.0,2.0,0.0,0.0,,14.25,12.25,14.75,13.25,PASS_BOUNDARY,
OUTER_SIDE,LEFT,6,1.5,,,1.0,1.0,2.0,1.0,0.0,,14.25,11.25,14.75,13.25,PASS_BOUNDARY,
OUTER_SIDE,LEFT,6,1.5,,,1.0,1.0,2.0,2.0,0.0,,14.25,10.25,14.75,13.25,PASS_BOUNDARY,
INNER_SIDE,RIGHT,0,0.0,,,-1.0,-1.0,0.0,0.0,0.0,,20.25,20.25,20.75,20.75,PASS_BOUNDARY,
INNER_SIDE,RIGHT,0,0.0,,,-1.0,-1.0,0.0,1.0,0.0,,20.25,19.25,20.75,20.75,PASS_BOUNDARY,
INNER_SIDE,RIGHT,0,0.0,,,-1.0,-1.0,0.0,2.0,0.0,,20.25,18.25,20.75,20.75,PASS_BOUNDARY,
INNER_SIDE,RIGHT,0,0.0,,,-1.0,-1.0,1.0,0.0,0.0,,20.25,19.25,20.75,20.75,PASS_BOUNDARY,
INNER_SIDE,RIGHT,0,0.0,,,-1.0,-1.0,1.0,1.0,0.0,,20.25,18.25,20.75,20.75,PASS_BOUNDARY,
INNER_SIDE,RIGHT,0,0.0,,,-1.0,-1.0,1.0,2.0,0.0,,20.25,17.25,20.75,20.75,PASS_BOUNDARY,
INNER_SIDE,RIGHT,0,0.0,,,-1.0,-1.0,2.0,0.0,0.0,,20.25,18.25,20.75,20.75,PASS_BOUNDARY,
INNER_SIDE,RIGHT,0,0.0,,,-1.0,-1.0,2.0,1.0,0.0,,20.25,17.25,20.75,20.75,PASS_BOUNDARY,
INNER_SIDE,RIGHT,0,0.0,,,-1.0,-1.0,2.0,2.0,0.0,,20.25,16.25,20.75,20.75,PASS_BOUNDARY,
INNER_SIDE,RIGHT,0,0.0,,,-1.0,0.0,0.0,0.0,1.0,,20.25,19.25,20.75,19.75,PASS_BOUNDARY,
INNER_SIDE,RIGHT,0,0.0,,,-1.0,0.0,0.0,1.0,1.0,,20.25,18.25,20.75,19.75,PASS_BOUNDARY,
INNER_SIDE,RIGHT,0,0.0,,,-1.0,0.0,0.0,2.0,1.0,,20.25,17.25,20.75,19.75,PASS_BOUNDARY,
INNER_SIDE,RIGHT,0,0.0,,,-1.0,0.0,1.0,0.0,1.0,,20.25,18.25,20.75,19.75,PASS_BOUNDARY,
INNER_SIDE,RIGHT,0,0.0,,,-1.0,0.0,1.0,1.0,1.0,,20.25,17.25,20.75,19.75,PASS_BOUNDARY,
INNER_SIDE,RIGHT,0,0.0,,,-1.0,0.0,1.0,2.0,1.0,,20.25,16.25,20.75,19.75,PASS_BOUNDARY,
INNER_SIDE,RIGHT,0,0.0,,,-1.0,0.0,2.0,0.0,1.0,,20.25,17.25,20.75,19.75,PASS_BOUNDARY,
INNER_SIDE,RIGHT,0,0.0,,,-1.0,0.0,2.0,1.0,1.0,,20.25,16.25,20.75,19.75,PASS_BOUNDARY,
INNER_SIDE,RIGHT,0,0.0,,,-1.0,0.0,2.0,2.0,1.0,,20.25,15.25,20.75,19.75,PASS_BOUNDARY,
INNER_SIDE,RIGHT,0,0.0,,,-1.0,1.0,0.0,0.0,2.0,,20.25,18.25,20.75,18.75,PASS_BOUNDARY,
INNER_SIDE,RIGHT,0,0.0,,,-1.0,1.0,0.0,1.0,2.0,,20.25,17.25,20.75,18.75,PASS_BOUNDARY,
INNER_SIDE,RIGHT,0,0.0,,,-1.0,1.0,0.0,2.0,2.0,,20.25,16.25,20.75,18.75,PASS_BOUNDARY,
INNER_SIDE,RIGHT,0,0.0,,,-1.0,1.0,1.0,0.0,2.0,,20.25,17.25,20.75,18.75,PASS_BOUNDARY,
INNER_SIDE,RIGHT,0,0.0,,,-1.0,1.0,1.0,1.0,2.0,,20.25,16.25,20.75,18.75,PASS_BOUNDARY,
INNER_SIDE,RIGHT,0,0.0,,,-1.0,1.0,1.0,2.0,2.0,,20.25,15.25,20.75,18.75,PASS_BOUNDARY,
INNER_SIDE,RIGHT,0,0.0,,,-1.0,1.0,2.0,0.0,2.0,,20.25,16.25,20.75,18.75,PASS_BOUNDARY,
INNER_SIDE,RIGHT,0,0.0,,,-1.0,1.0,2.0,1.0,2.0,,20.25,15.25,20.75,18.75,PASS_BOUNDARY,
INNER_SIDE,RIGHT,0,0.0,,,-1.0,1.0,2.0,2.0,2.0,,20.25,14.25,20.75,18.75,PASS_BOUNDARY,
INNER_SIDE,RIGHT,0,0.0,,,0.0,-1.0,0.0,0.0,1.0,,20.25,19.25,20.75,19.75,PASS_BOUNDARY,
INNER_SIDE,RIGHT,0,0.0,,,0.0,-1.0,0.0,1.0,1.0,,20.25,18.25,20.75,19.75,PASS_BOUNDARY,
INNER_SIDE,RIGHT,0,0.0,,,0.0,-1.0,0.0,2.0,1.0,,20.25,17.25,20.75,19.75,PASS_BOUNDARY,
INNER_SIDE,RIGHT,0,0.0,,,0.0,-1.0,1.0,0.0,1.0,,20.25,18.25,20.75,19.75,PASS_BOUNDARY,
INNER_SIDE,RIGHT,0,0.0,,,0.0,-1.0,1.0,1.0,1.0,,20.25,17.25,20.75,19.75,PASS_BOUNDARY,
INNER_SIDE,RIGHT,0,0.0,,,0.0,-1.0,1.0,2.0,1.0,,20.25,16.25,20.75,19.75,PASS_BOUNDARY,
INNER_SIDE,RIGHT,0,0.0,,,0.0,-1.0,2.0,0.0,1.0,,20.25,17.25,20.75,19.75,PASS_BOUNDARY,
INNER_SIDE,RIGHT,0,0.0,,,0.0,-1.0,2.0,1.0,1.0,,20.25,16.25,20.75,19.75,PASS_BOUNDARY,
INNER_SIDE,RIGHT,0,0.0,,,0.0,-1.0,2.0,2.0,1.0,,20.25,15.25,20.75,19.75,PASS_BOUNDARY,
INNER_SIDE,RIGHT,0,0.0,,,0.0,0.0,0.0,0.0,0.0,,20.25,20.25,20.75,20.75,PASS_BOUNDARY,
INNER_SIDE,RIGHT,0,0.0,,,0.0,0.0,0.0,1.0,0.0,,20.25,19.25,20.75,20.75,PASS_BOUNDARY,
INNER_SIDE,RIGHT,0,0.0,,,0.0,0.0,0.0,2.0,0.0,,20.25,18.25,20.75,20.75,PASS_BOUNDARY,
INNER_SIDE,RIGHT,0,0.0,,,0.0,0.0,1.0,0.0,0.0,,20.25,19.25,20.75,20.75,PASS_BOUNDARY,
INNER_SIDE,RIGHT,0,0.0,,,0.0,0.0,1.0,1.0,0.0,,20.25,18.25,20.75,20.75,PASS_BOUNDARY,
INNER_SIDE,RIGHT,0,0.0,,,0.0,0.0,1.0,2.0,0.0,,20.25,17.25,20.75,20.75,PASS_BOUNDARY,
INNER_SIDE,RIGHT,0,0.0,,,0.0,0.0,2.0,0.0,0.0,,20.25,18.25,20.75,20.75,PASS_BOUNDARY,
INNER_SIDE,RIGHT,0,0.0,,,0.0,0.0,2.0,1.0,0.0,,20.25,17.25,20.75,20.75,PASS_BOUNDARY,
INNER_SIDE,RIGHT,0,0.0,,,0.0,0.0,2.0,2.0,0.0,,20.25,16.25,20.75,20.75,PASS_BOUNDARY,
INNER_SIDE,RIGHT,0,0.0,,,0.0,1.0,0.0,0.0,1.0,,20.25,19.25,20.75,19.75,PASS_BOUNDARY,
INNER_SIDE,RIGHT,0,0.0,,,0.0,1.0,0.0,1.0,1.0,,20.25,18.25,20.75,19.75,PASS_BOUNDARY,
INNER_SIDE,RIGHT,0,0.0,,,0.0,1.0,0.0,2.0,1.0,,20.25,17.25,20.75,19.75,PASS_BOUNDARY,
INNER_SIDE,RIGHT,0,0.0,,,0.0,1.0,1.0,0.0,1.0,,20.25,18.25,20.75,19.75,PASS_BOUNDARY,
INNER_SIDE,RIGHT,0,0.0,,,0.0,1.0,1.0,1.0,1.0,,20.25,17.25,20.75,19.75,PASS_BOUNDARY,
INNER_SIDE,RIGHT,0,0.0,,,0.0,1.0,1.0,2.0,1.0,,20.25,16.25,20.75,19.75,PASS_BOUNDARY,
INNER_SIDE,RIGHT,0,0.0,,,0.0,1.0,2.0,0.0,1.0,,20.25,17.25,20.75,19.75,PASS_BOUNDARY,
INNER_SIDE,RIGHT,0,0.0,,,0.0,1.0,2.0,1.0,1.0,,20.25,16.25,20.75,19.75,PASS_BOUNDARY,
INNER_SIDE,RIGHT,0,0.0,,,0.0,1.0,2.0,2.0,1.0,,20.25,15.25,20.75,19.75,PASS_BOUNDARY,
INNER_SIDE,RIGHT,0,0.0,,,1.0,-1.0,0.0,0.0,2.0,,20.25,18.25,20.75,18.75,PASS_BOUNDARY,
INNER_SIDE,RIGHT,0,0.0,,,1.0,-1.0,0.0,1.0,2.0,,20.25,17.25,20.75,18.75,PASS_BOUNDARY,
INNER_SIDE,RIGHT,0,0.0,,,1.0,-1.0,0.0,2.0,2.0,,20.25,16.25,20.75,18.75,PASS_BOUNDARY,
INNER_SIDE,RIGHT,0,0.0,,,1.0,-1.0,1.0,0.0,2.0,,20.25,17.25,20.75,18.75,PASS_BOUNDARY,
INNER_SIDE,RIGHT,0,0.0,,,1.0,-1.0,1.0,1.0,2.0,,20.25,16.25,20.75,18.75,PASS_BOUNDARY,
INNER_SIDE,RIGHT,0,0.0,,,1.0,-1.0,1.0,2.0,2.0,,20.25,15.25,20.75,18.75,PASS_BOUNDARY,
INNER_SIDE,RIGHT,0,0.0,,,1.0,-1.0,2.0,0.0,2.0,,20.25,16.25,20.75,18.75,PASS_BOUNDARY,
INNER_SIDE,RIGHT,0,0.0,,,1.0,-1.0,2.0,1.0,2.0,,20.25,15.25,20.75,18.75,PASS_BOUNDARY,
INNER_SIDE,RIGHT,0,0.0,,,1.0,-1.0,2.0,2.0,2.0,,20.25,14.25,20.75,18.75,PASS_BOUNDARY,
INNER_SIDE,RIGHT,0,0.0,,,1.0,0.0,0.0,0.0,1.0,,20.25,19.25,20.75,19.75,PASS_BOUNDARY,
INNER_SIDE,RIGHT,0,0.0,,,1.0,0.0,0.0,1.0,1.0,,20.25,18.25,20.75,19.75,PASS_BOUNDARY,
INNER_SIDE,RIGHT,0,0.0,,,1.0,0.0,0.0,2.0,1.0,,20.25,17.25,20.75,19.75,PASS_BOUNDARY,
INNER_SIDE,RIGHT,0,0.0,,,1.0,0.0,1.0,0.0,1.0,,20.25,18.25,20.75,19.75,PASS_BOUNDARY,
INNER_SIDE,RIGHT,0,0.0,,,1.0,0.0,1.0,1.0,1.0,,20.25,17.25,20.75,19.75,PASS_BOUNDARY,
INNER_SIDE,RIGHT,0,0.0,,,1.0,0.0,1.0,2.0,1.0,,20.25,16.25,20.75,19.75,PASS_BOUNDARY,
INNER_SIDE,RIGHT,0,0.0,,,1.0,0.0,2.0,0.0,1.0,,20.25,17.25,20.75,19.75,PASS_BOUNDARY,
INNER_SIDE,RIGHT,0,0.0,,,1.0,0.0,2.0,1.0,1.0,,20.25,16.25,20.75,19.75,PASS_BOUNDARY,
INNER_SIDE,RIGHT,0,0.0,,,1.0,0.0,2.0,2.0,1.0,,20.25,15.25,20.75,19.75,PASS_BOUNDARY,
INNER_SIDE,RIGHT,0,0.0,,,1.0,1.0,0.0,0.0,0.0,,20.25,20.25,20.75,20.75,PASS_BOUNDARY,
INNER_SIDE,RIGHT,0,0.0,,,1.0,1.0,0.0,1.0,0.0,,20.25,19.25,20.75,20.75,PASS_BOUNDARY,
INNER_SIDE,RIGHT,0,0.0,,,1.0,1.0,0.0,2.0,0.0,,20.25,18.25,20.75,20.75,PASS_BOUNDARY,
INNER_SIDE,RIGHT,0,0.0,,,1.0,1.0,1.0,0.0,0.0,,20.25,19.25,20.75,20.75,PASS_BOUNDARY,
INNER_SIDE,RIGHT,0,0.0,,,1.0,1.0,1.0,1.0,0.0,,20.25,18.25,20.75,20.75,PASS_BOUNDARY,
INNER_SIDE,RIGHT,0,0.0,,,1.0,1.0,1.0,2.0,0.0,,20.25,17.25,20.75,20.75,PASS_BOUNDARY,
INNER_SIDE,RIGHT,0,0.0,,,1.0,1.0,2.0,0.0,0.0,,20.25,18.25,20.75,20.75,PASS_BOUNDARY,
INNER_SIDE,RIGHT,0,0.0,,,1.0,1.0,2.0,1.0,0.0,,20.25,17.25,20.75,20.75,PASS_BOUNDARY,
INNER_SIDE,RIGHT,0,0.0,,,1.0,1.0,2.0,2.0,0.0,,20.25,16.25,20.75,20.75,PASS_BOUNDARY,
INNER_SIDE,RIGHT,0,0.5,,,-1.0,-1.0,0.0,0.0,0.0,,20.25,20.25,20.75,20.25,PASS_BOUNDARY,
INNER_SIDE,RIGHT,0,0.5,,,-1.0,-1.0,0.0,1.0,0.0,,20.25,19.25,20.75,20.25,PASS_BOUNDARY,
INNER_SIDE,RIGHT,0,0.5,,,-1.0,-1.0,0.0,2.0,0.0,,20.25,18.25,20.75,20.25,PASS_BOUNDARY,
INNER_SIDE,RIGHT,0,0.5,,,-1.0,-1.0,1.0,0.0,0.0,,20.25,19.25,20.75,20.25,PASS_BOUNDARY,
INNER_SIDE,RIGHT,0,0.5,,,-1.0,-1.0,1.0,1.0,0.0,,20.25,18.25,20.75,20.25,PASS_BOUNDARY,
INNER_SIDE,RIGHT,0,0.5,,,-1.0,-1.0,1.0,2.0,0.0,,20.25,17.25,20.75,20.25,PASS_BOUNDARY,
INNER_SIDE,RIGHT,0,0.5,,,-1.0,-1.0,2.0,0.0,0.0,,20.25,18.25,20.75,20.25,PASS_BOUNDARY,
INNER_SIDE,RIGHT,0,0.5,,,-1.0,-1.0,2.0,1.0,0.0,,20.25,17.25,20.75,20.25,PASS_BOUNDARY,
INNER_SIDE,RIGHT,0,0.5,,,-1.0,-1.0,2.0,2.0,0.0,,20.25,16.25,20.75,20.25,PASS_BOUNDARY,
INNER_SIDE,RIGHT,0,0.5,,,-1.0,0.0,0.0,0.0,1.0,,20.25,19.25,20.75,19.25,PASS_BOUNDARY,
INNER_SIDE,RIGHT,0,0.5,,,-1.0,0.0,0.0,1.0,1.0,,20.25,18.25,20.75,19.25,PASS_BOUNDARY,
INNER_SIDE,RIGHT,0,0.5,,,-1.0,0.0,0.0,2.0,1.0,,20.25,17.25,20.75,19.25,PASS_BOUNDARY,
INNER_SIDE,RIGHT,0,0.5,,,-1.0,0.0,1.0,0.0,1.0,,20.25,18.25,20.75,19.25,PASS_BOUNDARY,
INNER_SIDE,RIGHT,0,0.5,,,-1.0,0.0,1.0,1.0,1.0,,20.25,17.25,20.75,19.25,PASS_BOUNDARY,
INNER_SIDE,RIGHT,0,0.5,,,-1.0,0.0,1.0,2.0,1.0,,20.25,16.25,20.75,19.25,PASS_BOUNDARY,
INNER_SIDE,RIGHT,0,0.5,,,-1.0,0.0,2.0,0.0,1.0,,20.25,17.25,20.75,19.25,PASS_BOUNDARY,
INNER_SIDE,RIGHT,0,0.5,,,-1.0,0.0,2.0,1.0,1.0,,20.25,16.25,20.75,19.25,PASS_BOUNDARY,
INNER_SIDE,RIGHT,0,0.5,,,-1.0,0.0,2.0,2.0,1.0,,20.25,15.25,20.75,19.25,PASS_BOUNDARY,
INNER_SIDE,RIGHT,0,0.5,,,-1.0,1.0,0.0,0.0,2.0,,20.25,18.25,20.75,18.25,PASS_BOUNDARY,
INNER_SIDE,RIGHT,0,0.5,,,-1.0,1.0,0.0,1.0,2.0,,20.25,17.25,20.75,18.25,PASS_BOUNDARY,
INNER_SIDE,RIGHT,0,0.5,,,-1.0,1.0,0.0,2.0,2.0,,20.25,16.25,20.75,18.25,PASS_BOUNDARY,
INNER_SIDE,RIGHT,0,0.5,,,-1.0,1.0,1.0,0.0,2.0,,20.25,17.25,20.75,18.25,PASS_BOUNDARY,
INNER_SIDE,RIGHT,0,0.5,,,-1.0,1.0,1.0,1.0,2.0,,20.25,16.25,20.75,18.25,PASS_BOUNDARY,
INNER_SIDE,RIGHT,0,0.5,,,-1.0,1.0,1.0,2.0,2.0,,20.25,15.25,20.75,18.25,PASS_BOUNDARY,
INNER_SIDE,RIGHT,0,0.5,,,-1.0,1.0,2.0,0.0,2.0,,20.25,16.25,20.75,18.25,PASS_BOUNDARY,
INNER_SIDE,RIGHT,0,0.5,,,-1.0,1.0,2.0,1.0,2.0,,20.25,15.25,20.75,18.25,PASS_BOUNDARY,
INNER_SIDE,RIGHT,0,0.5,,,-1.0,1.0,2.0,2.0,2.0,,20.25,14.25,20.75,18.25,PASS_BOUNDARY,
INNER_SIDE,RIGHT,0,0.5,,,0.0,-1.0,0.0,0.0,1.0,,20.25,19.25,20.75,19.25,PASS_BOUNDARY,
INNER_SIDE,RIGHT,0,0.5,,,0.0,-1.0,0.0,1.0,1.0,,20.25,18.25,20.75,19.25,PASS_BOUNDARY,
INNER_SIDE,RIGHT,0,0.5,,,0.0,-1.0,0.0,2.0,1.0,,20.25,17.25,20.75,19.25,PASS_BOUNDARY,
INNER_SIDE,RIGHT,0,0.5,,,0.0,-1.0,1.0,0.0,1.0,,20.25,18.25,20.75,19.25,PASS_BOUNDARY,
INNER_SIDE,RIGHT,0,0.5,,,0.0,-1.0,1.0,1.0,1.0,,20.25,17.25,20.75,19.25,PASS_BOUNDARY,
INNER_SIDE,RIGHT,0,0.5,,,0.0,-1.0,1.0,2.0,1.0,,20.25,16.25,20.75,19.25,PASS_BOUNDARY,
INNER_SIDE,RIGHT,0,0.5,,,0.0,-1.0,2.0,0.0,1.0,,20.25,17.25,20.75,19.25,PASS_BOUNDARY,
INNER_SIDE,RIGHT,0,0.5,,,0.0,-1.0,2.0,1.0,1.0,,20.25,16.25,20.75,19.25,PASS_BOUNDARY,
INNER_SIDE,RIGHT,0,0.5,,,0.0,-1.0,2.0,2.0,1.0,,20.25,15.25,20.75,19.25,PASS_BOUNDARY,
INNER_SIDE,RIGHT,0,0.5,,,0.0,0.0,0.0,0.0,0.0,,20.25,20.25,20.75,20.25,PASS_BOUNDARY,
INNER_SIDE,RIGHT,0,0.5,,,0.0,0.0,0.0,1.0,0.0,,20.25,19.25,20.75,20.25,PASS_BOUNDARY,
INNER_SIDE,RIGHT,0,0.5,,,0.0,0.0,0.0,2.0,0.0,,20.25,18.25,20.75,20.25,PASS_BOUNDARY,
INNER_SIDE,RIGHT,0,0.5,,,0.0,0.0,1.0,0.0,0.0,,20.25,19.25,20.75,20.25,PASS_BOUNDARY,
INNER_SIDE,RIGHT,0,0.5,,,0.0,0.0,1.0,1.0,0.0,,20.25,18.25,20.75,20.25,PASS_BOUNDARY,
INNER_SIDE,RIGHT,0,0.5,,,0.0,0.0,1.0,2.0,0.0,,20.25,17.25,20.75,20.25,PASS_BOUNDARY,
INNER_SIDE,RIGHT,0,0.5,,,0.0,0.0,2.0,0.0,0.0,,20.25,18.25,20.75,20.25,PASS_BOUNDARY,
INNER_SIDE,RIGHT,0,0.5,,,0.0,0.0,2.0,1.0,0.0,,20.25,17.25,20.75,20.25,PASS_BOUNDARY,
INNER_SIDE,RIGHT,0,0.5,,,0.0,0.0,2.0,2.0,0.0,,20.25,16.25,20.75,20.25,PASS_BOUNDARY,
INNER_SIDE,RIGHT,0,0.5,,,0.0,1.0,0.0,0.0,1.0,,20.25,19.25,20.75,19.25,PASS_BOUNDARY,
INNER_SIDE,RIGHT,0,0.5,,,0.0,1.0,0.0,1.0,1.0,,20.25,18.25,20.75,19.25,PASS_BOUNDARY,
INNER_SIDE,RIGHT,0,0.5,,,0.0,1.0,0.0,2.0,1.0,,20.25,17.25,20.75,19.25,PASS_BOUNDARY,
INNER_SIDE,RIGHT,0,0.5,,,0.0,1.0,1.0,0.0,1.0,,20.25,18.25,20.75,19.25,PASS_BOUNDARY,
INNER_SIDE,RIGHT,0,0.5,,,0.0,1.0,1.0,1.0,1.0,,20.25,17.25,20.75,19.25,PASS_BOUNDARY,
INNER_SIDE,RIGHT,0,0.5,,,0.0,1.0,1.0,2.0,1.0,,20.25,16.25,20.75,19.25,PASS_BOUNDARY,
INNER_SIDE,RIGHT,0,0.5,,,0.0,1.0,2.0,0.0,1.0,,20.25,17.25,20.75,19.25,PASS_BOUNDARY,
INNER_SIDE,RIGHT,0,0.5,,,0.0,1.0,2.0,1.0,1.0,,20.25,16.25,20.75,19.25,PASS_BOUNDARY,
INNER_SIDE,RIGHT,0,0.5,,,0.0,1.0,2.0,2.0,1.0,,20.25,15.25,20.75,19.25,PASS_BOUNDARY,
INNER_SIDE,RIGHT,0,0.5,,,1.0,-1.0,0.0,0.0,2.0,,20.25,18.25,20.75,18.25,PASS_BOUNDARY,
INNER_SIDE,RIGHT,0,0.5,,,1.0,-1.0,0.0,1.0,2.0,,20.25,17.25,20.75,18.25,PASS_BOUNDARY,
INNER_SIDE,RIGHT,0,0.5,,,1.0,-1.0,0.0,2.0,2.0,,20.25,16.25,20.75,18.25,PASS_BOUNDARY,
INNER_SIDE,RIGHT,0,0.5,,,1.0,-1.0,1.0,0.0,2.0,,20.25,17.25,20.75,18.25,PASS_BOUNDARY,
INNER_SIDE,RIGHT,0,0.5,,,1.0,-1.0,1.0,1.0,2.0,,20.25,16.25,20.75,18.25,PASS_BOUNDARY,
INNER_SIDE,RIGHT,0,0.5,,,1.0,-1.0,1.0,2.0,2.0,,20.25,15.25,20.75,18.25,PASS_BOUNDARY,
INNER_SIDE,RIGHT,0,0.5,,,1.0,-1.0,2.0,0.0,2.0,,20.25,16.25,20.75,18.25,PASS_BOUNDARY,
INNER_SIDE,RIGHT,0,0.5,,,1.0,-1.0,2.0,1.0,2.0,,20.25,15.25,20.75,18.25,PASS_BOUNDARY,
INNER_SIDE,RIGHT,0,0.5,,,1.0,-1.0,2.0,2.0,2.0,,20.25,14.25,20.75,18.25,PASS_BOUNDARY,
INNER_SIDE,RIGHT,0,0.5,,,1.0,0.0,0.0,0.0,1.0,,20.25,19.25,20.75,19.25,PASS_BOUNDARY,
INNER_SIDE,RIGHT,0,0.5,,,1.0,0.0,0.0,1.0,1.0,,20.25,18.25,20.75,19.25,PASS_BOUNDARY,
INNER_SIDE,RIGHT,0,0.5,,,1.0,0.0,0.0,2.0,1.0,,20.25,17.25,20.75,19.25,PASS_BOUNDARY,
INNER_SIDE,RIGHT,0,0.5,,,1.0,0.0,1.0,0.0,1.0,,20.25,18.25,20.75,19.25,PASS_BOUNDARY,
INNER_SIDE,RIGHT,0,0.5,,,1.0,0.0,1.0,1.0,1.0,,20.25,17.25,20.75,19.25,PASS_BOUNDARY,
INNER_SIDE,RIGHT,0,0.5,,,1.0,0.0,1.0,2.0,1.0,,20.25,16.25,20.75,19.25,PASS_BOUNDARY,
INNER_SIDE,RIGHT,0,0.5,,,1.0,0.0,2.0,0.0,1.0,,20.25,17.25,20.75,19.25,PASS_BOUNDARY,
INNER_SIDE,RIGHT,0,0.5,,,1.0,0.0,2.0,1.0,1.0,,20.25,16.25,20.75,19.25,PASS_BOUNDARY,
INNER_SIDE,RIGHT,0,0.5,,,1.0,0.0,2.0,2.0,1.0,,20.25,15.25,20.75,19.25,PASS_BOUNDARY,
INNER_SIDE,RIGHT,0,0.5,,,1.0,1.0,0.0,0.0,0.0,,20.25,20.25,20.75,20.25,PASS_BOUNDARY,
INNER_SIDE,RIGHT,0,0.5,,,1.0,1.0,0.0,1.0,0.0,,20.25,19.25,20.75,20.25,PASS_BOUNDARY,
INNER_SIDE,RIGHT,0,0.5,,,1.0,1.0,0.0,2.0,0.0,,20.25,18.25,20.75,20.25,PASS_BOUNDARY,
INNER_SIDE,RIGHT,0,0.5,,,1.0,1.0,1.0,0.0,0.0,,20.25,19.25,20.75,20.25,PASS_BOUNDARY,
INNER_SIDE,RIGHT,0,0.5,,,1.0,1.0,1.0,1.0,0.0,,20.25,18.25,20.75,20.25,PASS_BOUNDARY,
INNER_SIDE,RIGHT,0,0.5,,,1.0,1.0,1.0,2.0,0.0,,20.25,17.25,20.75,20.25,PASS_BOUNDARY,
INNER_SIDE,RIGHT,0,0.5,,,1.0,1.0,2.0,0.0,0.0,,20.25,18.25,20.75,20.25,PASS_BOUNDARY,
INNER_SIDE,RIGHT,0,0.5,,,1.0,1.0,2.0,1.0,0.0,,20.25,17.25,20.75,20.25,PASS_BOUNDARY,
INNER_SIDE,RIGHT,0,0.5,,,1.0,1.0,2.0,2.0,0.0,,20.25,16.25,20.75,20.25,PASS_BOUNDARY,
INNER_SIDE,RIGHT,0,1.0,,,-1.0,-1.0,0.0,0.0,0.0,,20.25,20.25,20.75,19.75,PASS_BOUNDARY,
INNER_SIDE,RIGHT,0,1.0,,,-1.0,-1.0,0.0,1.0,0.0,,20.25,19.25,20.75,19.75,PASS_BOUNDARY,
INNER_SIDE,RIGHT,0,1.0,,,-1.0,-1.0,0.0,2.0,0.0,,20.25,18.25,20.75,19.75,PASS_BOUNDARY,
INNER_SIDE,RIGHT,0,1.0,,,-1.0,-1.0,1.0,0.0,0.0,,20.25,19.25,20.75,19.75,PASS_BOUNDARY,
INNER_SIDE,RIGHT,0,1.0,,,-1.0,-1.0,1.0,1.0,0.0,,20.25,18.25,20.75,19.75,PASS_BOUNDARY,
INNER_SIDE,RIGHT,0,1.0,,,-1.0,-1.0,1.0,2.0,0.0,,20.25,17.25,20.75,19.75,PASS_BOUNDARY,
INNER_SIDE,RIGHT,0,1.0,,,-1.0,-1.0,2.0,0.0,0.0,,20.25,18.25,20.75,19.75,PASS_BOUNDARY,
INNER_SIDE,RIGHT,0,1.0,,,-1.0,-1.0,2.0,1.0,0.0,,20.25,17.25,20.75,19.75,PASS_BOUNDARY,
INNER_SIDE,RIGHT,0,1.0,,,-1.0,-1.0,2.0,2.0,0.0,,20.25,16.25,20.75,19.75,PASS_BOUNDARY,
INNER_SIDE,RIGHT,0,1.0,,,-1.0,0.0,0.0,0.0,1.0,,20.25,19.25,20.75,18.75,PASS_BOUNDARY,
INNER_SIDE,RIGHT,0,1.0,,,-1.0,0.0,0.0,1.0,1.0,,20.25,18.25,20.75,18.75,PASS_BOUNDARY,
INNER_SIDE,RIGHT,0,1.0,,,-1.0,0.0,0.0,2.0,1.0,,20.25,17.25,20.75,18.75,PASS_BOUNDARY,
INNER_SIDE,RIGHT,0,1.0,,,-1.0,0.0,1.0,0.0,1.0,,20.25,18.25,20.75,18.75,PASS_BOUNDARY,
INNER_SIDE,RIGHT,0,1.0,,,-1.0,0.0,1.0,1.0,1.0,,20.25,17.25,20.75,18.75,PASS_BOUNDARY,
INNER_SIDE,RIGHT,0,1.0,,,-1.0,0.0,1.0,2.0,1.0,,20.25,16.25,20.75,18.75,PASS_BOUNDARY,
INNER_SIDE,RIGHT,0,1.0,,,-1.0,0.0,2.0,0.0,1.0,,20.25,17.25,20.75,18.75,PASS_BOUNDARY,
INNER_SIDE,RIGHT,0,1.0,,,-1.0,0.0,2.0,1.0,1.0,,20.25,16.25,20.75,18.75,PASS_BOUNDARY,
INNER_SIDE,RIGHT,0,1.0,,,-1.0,0.0,2.0,2.0,1.0,,20.25,15.25,20.75,18.75,PASS_BOUNDARY,
INNER_SIDE,RIGHT,0,1.0,,,-1.0,1.0,0.0,0.0,2.0,,20.25,18.25,20.75,17.75,PASS_BOUNDARY,
INNER_SIDE,RIGHT,0,1.0,,,-1.0,1.0,0.0,1.0,2.0,,20.25,17.25,20.75,17.75,PASS_BOUNDARY,
INNER_SIDE,RIGHT,0,1.0,,,-1.0,1.0,0.0,2.0,2.0,,20.25,16.25,20.75,17.75,PASS_BOUNDARY,
INNER_SIDE,RIGHT,0,1.0,,,-1.0,1.0,1.0,0.0,2.0,,20.25,17.25,20.75,17.75,PASS_BOUNDARY,
INNER_SIDE,RIGHT,0,1.0,,,-1.0,1.0,1.0,1.0,2.0,,20.25,16.25,20.75,17.75,PASS_BOUNDARY,
INNER_SIDE,RIGHT,0,1.0,,,-1.0,1.0,1.0,2.0,2.0,,20.25,15.25,20.75,17.75,PASS_BOUNDARY,
INNER_SIDE,RIGHT,0,1.0,,,-1.0,1.0,2.0,0.0,2.0,,20.25,16.25,20.75,17.75,PASS_BOUNDARY,
INNER_SIDE,RIGHT,0,1.0,,,-1.0,1.0,2.0,1.0,2.0,,20.25,15.25,20.75,17.75,PASS_BOUNDARY,
INNER_SIDE,RIGHT,0,1.0,,,-1.0,1.0,2.0,2.0,2.0,,20.25,14.25,20.75,17.75,PASS_BOUNDARY,
INNER_SIDE,RIGHT,0,1.0,,,0.0,-1.0,0.0,0.0,1.0,,20.25,19.25,20.75,18.75,PASS_BOUNDARY,
INNER_SIDE,RIGHT,0,1.0,,,0.0,-1.0,0.0,1.0,1.0,,20.25,18.25,20.75,18.75,PASS_BOUNDARY,
INNER_SIDE,RIGHT,0,1.0,,,0.0,-1.0,0.0,2.0,1.0,,20.25,17.25,20.75,18.75,PASS_BOUNDARY,
INNER_SIDE,RIGHT,0,1.0,,,0.0,-1.0,1.0,0.0,1.0,,20.25,18.25,20.75,18.75,PASS_BOUNDARY,
INNER_SIDE,RIGHT,0,1.0,,,0.0,-1.0,1.0,1.0,1.0,,20.25,17.25,20.75,18.75,PASS_BOUNDARY,
INNER_SIDE,RIGHT,0,1.0,,,0.0,-1.0,1.0,2.0,1.0,,20.25,16.25,20.75,18.75,PASS_BOUNDARY,
INNER_SIDE,RIGHT,0,1.0,,,0.0,-1.0,2.0,0.0,1.0,,20.25,17.25,20.75,18.75,PASS_BOUNDARY,
INNER_SIDE,RIGHT,0,1.0,,,0.0,-1.0,2.0,1.0,1.0,,20.25,16.25,20.75,18.75,PASS_BOUNDARY,
INNER_SIDE,RIGHT,0,1.0,,,0.0,-1.0,2.0,2.0,1.0,,20.25,15.25,20.75,18.75,PASS_BOUNDARY,
INNER_SIDE,RIGHT,0,1.0,,,0.0,0.0,0.0,0.0,0.0,,20.25,20.25,20.75,19.75,PASS_BOUNDARY,
INNER_SIDE,RIGHT,0,1.0,,,0.0,0.0,0.0,1.0,0.0,,20.25,19.25,20.75,19.75,PASS_BOUNDARY,
INNER_SIDE,RIGHT,0,1.0,,,0.0,0.0,0.0,2.0,0.0,,20.25,18.25,20.75,19.75,PASS_BOUNDARY,
INNER_SIDE,RIGHT,0,1.0,,,0.0,0.0,1.0,0.0,0.0,,20.25,19.25,20.75,19.75,PASS_BOUNDARY,
INNER_SIDE,RIGHT,0,1.0,,,0.0,0.0,1.0,1.0,0.0,,20.25,18.25,20.75,19.75,PASS_BOUNDARY,
INNER_SIDE,RIGHT,0,1.0,,,0.0,0.0,1.0,2.0,0.0,,20.25,17.25,20.75,19.75,PASS_BOUNDARY,
INNER_SIDE,RIGHT,0,1.0,,,0.0,0.0,2.0,0.0,0.0,,20.25,18.25,20.75,19.75,PASS_BOUNDARY,
INNER_SIDE,RIGHT,0,1.0,,,0.0,0.0,2.0,1.0,0.0,,20.25,17.25,20.75,19.75,PASS_BOUNDARY,
INNER_SIDE,RIGHT,0,1.0,,,0.0,0.0,2.0,2.0,0.0,,20.25,16.25,20.75,19.75,PASS_BOUNDARY,
INNER_SIDE,RIGHT,0,1.0,,,0.0,1.0,0.0,0.0,1.0,,20.25,19.25,20.75,18.75,PASS_BOUNDARY,
INNER_SIDE,RIGHT,0,1.0,,,0.0,1.0,0.0,1.0,1.0,,20.25,18.25,20.75,18.75,PASS_BOUNDARY,
INNER_SIDE,RIGHT,0,1.0,,,0.0,1.0,0.0,2.0,1.0,,20.25,17.25,20.75,18.75,PASS_BOUNDARY,
INNER_SIDE,RIGHT,0,1.0,,,0.0,1.0,1.0,0.0,1.0,,20.25,18.25,20.75,18.75,PASS_BOUNDARY,
INNER_SIDE,RIGHT,0,1.0,,,0.0,1.0,1.0,1.0,1.0,,20.25,17.25,20.75,18.75,PASS_BOUNDARY,
INNER_SIDE,RIGHT,0,1.0,,,0.0,1.0,1.0,2.0,1.0,,20.25,16.25,20.75,18.75,PASS_BOUNDARY,
INNER_SIDE,RIGHT,0,1.0,,,0.0,1.0,2.0,0.0,1.0,,20.25,17.25,20.75,18.75,PASS_BOUNDARY,
INNER_SIDE,RIGHT,0,1.0,,,0.0,1.0,2.0,1.0,1.0,,20.25,16.25,20.75,18.75,PASS_BOUNDARY,
INNER_SIDE,RIGHT,0,1.0,,,0.0,1.0,2.0,2.0,1.0,,20.25,15.25,20.75,18.75,PASS_BOUNDARY,
INNER_SIDE,RIGHT,0,1.0,,,1.0,-1.0,0.0,0.0,2.0,,20.25,18.25,20.75,17.75,PASS_BOUNDARY,
INNER_SIDE,RIGHT,0,1.0,,,1.0,-1.0,0.0,1.0,2.0,,20.25,17.25,20.75,17.75,PASS_BOUNDARY,
INNER_SIDE,RIGHT,0,1.0,,,1.0,-1.0,0.0,2.0,2.0,,20.25,16.25,20.75,17.75,PASS_BOUNDARY,
INNER_SIDE,RIGHT,0,1.0,,,1.0,-1.0,1.0,0.0,2.0,,20.25,17.25,20.75,17.75,PASS_BOUNDARY,
INNER_SIDE,RIGHT,0,1.0,,,1.0,-1.0,1.0,1.0,2.0,,20.25,16.25,20.75,17.75,PASS_BOUNDARY,
INNER_SIDE,RIGHT,0,1.0,,,1.0,-1.0,1.0,2.0,2.0,,20.25,15.25,20.75,17.75,PASS_BOUNDARY,
INNER_SIDE,RIGHT,0,1.0,,,1.0,-1.0,2.0,0.0,2.0,,20.25,16.25,20.75,17.75,PASS_BOUNDARY,
INNER_SIDE,RIGHT,0,1.0,,,1.0,-1.0,2.0,1.0,2.0,,20.25,15.25,20.75,17.75,PASS_BOUNDARY,
INNER_SIDE,RIGHT,0,1.0,,,1.0,-1.0,2.0,2.0,2.0,,20.25,14.25,20.75,17.75,PASS_BOUNDARY,
INNER_SIDE,RIGHT,0,1.0,,,1.0,0.0,0.0,0.0,1.0,,20.25,19.25,20.75,18.75,PASS_BOUNDARY,
INNER_SIDE,RIGHT,0,1.0,,,1.0,0.0,0.0,1.0,1.0,,20.25,18.25,20.75,18.75,PASS_BOUNDARY,
INNER_SIDE,RIGHT,0,1.0,,,1.0,0.0,0.0,2.0,1.0,,20.25,17.25,20.75,18.75,PASS_BOUNDARY,
INNER_SIDE,RIGHT,0,1.0,,,1.0,0.0,1.0,0.0,1.0,,20.25,18.25,20.75,18.75,PASS_BOUNDARY,
INNER_SIDE,RIGHT,0,1.0,,,1.0,0.0,1.0,1.0,1.0,,20.25,17.25,20.75,18.75,PASS_BOUNDARY,
INNER_SIDE,RIGHT,0,1.0,,,1.0,0.0,1.0,2.0,1.0,,20.25,16.25,20.75,18.75,PASS_BOUNDARY,
INNER_SIDE,RIGHT,0,1.0,,,1.0,0.0,2.0,0.0,1.0,,20.25,17.25,20.75,18.75,PASS_BOUNDARY,
INNER_SIDE,RIGHT,0,1.0,,,1.0,0.0,2.0,1.0,1.0,,20.25,16.25,20.75,18.75,PASS_BOUNDARY,
INNER_SIDE,RIGHT,0,1.0,,,1.0,0.0,2.0,2.0,1.0,,20.25,15.25,20.75,18.75,PASS_BOUNDARY,
INNER_SIDE,RIGHT,0,1.0,,,1.0,1.0,0.0,0.0,0.0,,20.25,20.25,20.75,19.75,PASS_BOUNDARY,
INNER_SIDE,RIGHT,0,1.0,,,1.0,1.0,0.0,1.0,0.0,,20.25,19.25,20.75,19.75,PASS_BOUNDARY,
INNER_SIDE,RIGHT,0,1.0,,,1.0,1.0,0.0,2.0,0.0,,20.25,18.25,20.75,19.75,PASS_BOUNDARY,
INNER_SIDE,RIGHT,0,1.0,,,1.0,1.0,1.0,0.0,0.0,,20.25,19.25,20.75,19.75,PASS_BOUNDARY,
INNER_SIDE,RIGHT,0,1.0,,,1.0,1.0,1.0,1.0,0.0,,20.25,18.25,20.75,19.75,PASS_BOUNDARY,
INNER_SIDE,RIGHT,0,1.0,,,1.0,1.0,1.0,2.0,0.0,,20.25,17.25,20.75,19.75,PASS_BOUNDARY,
INNER_SIDE,RIGHT,0,1.0,,,1.0,1.0,2.0,0.0,0.0,,20.25,18.25,20.75,19.75,PASS_BOUNDARY,
INNER_SIDE,RIGHT,0,1.0,,,1.0,1.0,2.0,1.0,0.0,,20.25,17.25,20.75,19.75,PASS_BOUNDARY,
INNER_SIDE,RIGHT,0,1.0,,,1.0,1.0,2.0,2.0,0.0,,20.25,16.25,20.75,19.75,PASS_BOUNDARY,
INNER_SIDE,RIGHT,0,1.5,,,-1.0,-1.0,0.0,0.0,0.0,,20.25,20.25,20.75,19.25,PASS_BOUNDARY,
INNER_SIDE,RIGHT,0,1.5,,,-1.0,-1.0,0.0,1.0,0.0,,20.25,19.25,20.75,19.25,PASS_BOUNDARY,
INNER_SIDE,RIGHT,0,1.5,,,-1.0,-1.0,0.0,2.0,0.0,,20.25,18.25,20.75,19.25,PASS_BOUNDARY,
INNER_SIDE,RIGHT,0,1.5,,,-1.0,-1.0,1.0,0.0,0.0,,20.25,19.25,20.75,19.25,PASS_BOUNDARY,
INNER_SIDE,RIGHT,0,1.5,,,-1.0,-1.0,1.0,1.0,0.0,,20.25,18.25,20.75,19.25,PASS_BOUNDARY,
INNER_SIDE,RIGHT,0,1.5,,,-1.0,-1.0,1.0,2.0,0.0,,20.25,17.25,20.75,19.25,PASS_BOUNDARY,
INNER_SIDE,RIGHT,0,1.5,,,-1.0,-1.0,2.0,0.0,0.0,,20.25,18.25,20.75,19.25,PASS_BOUNDARY,
INNER_SIDE,RIGHT,0,1.5,,,-1.0,-1.0,2.0,1.0,0.0,,20.25,17.25,20.75,19.25,PASS_BOUNDARY,
INNER_SIDE,RIGHT,0,1.5,,,-1.0,-1.0,2.0,2.0,0.0,,20.25,16.25,20.75,19.25,PASS_BOUNDARY,
INNER_SIDE,RIGHT,0,1.5,,,-1.0,0.0,0.0,0.0,1.0,,20.25,19.25,20.75,18.25,PASS_BOUNDARY,
INNER_SIDE,RIGHT,0,1.5,,,-1.0,0.0,0.0,1.0,1.0,,20.25,18.25,20.75,18.25,PASS_BOUNDARY,
INNER_SIDE,RIGHT,0,1.5,,,-1.0,0.0,0.0,2.0,1.0,,20.25,17.25,20.75,18.25,PASS_BOUNDARY,
INNER_SIDE,RIGHT,0,1.5,,,-1.0,0.0,1.0,0.0,1.0,,20.25,18.25,20.75,18.25,PASS_BOUNDARY,
INNER_SIDE,RIGHT,0,1.5,,,-1.0,0.0,1.0,1.0,1.0,,20.25,17.25,20.75,18.25,PASS_BOUNDARY,
INNER_SIDE,RIGHT,0,1.5,,,-1.0,0.0,1.0,2.0,1.0,,20.25,16.25,20.75,18.25,PASS_BOUNDARY,
INNER_SIDE,RIGHT,0,1.5,,,-1.0,0.0,2.0,0.0,1.0,,20.25,17.25,20.75,18.25,PASS_BOUNDARY,
INNER_SIDE,RIGHT,0,1.5,,,-1.0,0.0,2.0,1.0,1.0,,20.25,16.25,20.75,18.25,PASS_BOUNDARY,
INNER_SIDE,RIGHT,0,1.5,,,-1.0,0.0,2.0,2.0,1.0,,20.25,15.25,20.75,18.25,PASS_BOUNDARY,
INNER_SIDE,RIGHT,0,1.5,,,-1.0,1.0,0.0,0.0,2.0,,20.25,18.25,20.75,17.25,PASS_BOUNDARY,
INNER_SIDE,RIGHT,0,1.5,,,-1.0,1.0,0.0,1.0,2.0,,20.25,17.25,20.75,17.25,PASS_BOUNDARY,
INNER_SIDE,RIGHT,0,1.5,,,-1.0,1.0,0.0,2.0,2.0,,20.25,16.25,20.75,17.25,PASS_BOUNDARY,
INNER_SIDE,RIGHT,0,1.5,,,-1.0,1.0,1.0,0.0,2.0,,20.25,17.25,20.75,17.25,PASS_BOUNDARY,
INNER_SIDE,RIGHT,0,1.5,,,-1.0,1.0,1.0,1.0,2.0,,20.25,16.25,20.75,17.25,PASS_BOUNDARY,
INNER_SIDE,RIGHT,0,1.5,,,-1.0,1.0,1.0,2.0,2.0,,20.25,15.25,20.75,17.25,PASS_BOUNDARY,
INNER_SIDE,RIGHT,0,1.5,,,-1.0,1.0,2.0,0.0,2.0,,20.25,16.25,20.75,17.25,PASS_BOUNDARY,
INNER_SIDE,RIGHT,0,1.5,,,-1.0,1.0,2.0,1.0,2.0,,20.25,15.25,20.75,17.25,PASS_BOUNDARY,
INNER_SIDE,RIGHT,0,1.5,,,-1.0,1.0,2.0,2.0,2.0,,20.25,14.25,20.75,17.25,PASS_BOUNDARY,
INNER_SIDE,RIGHT,0,1.5,,,0.0,-1.0,0.0,0.0,1.0,,20.25,19.25,20.75,18.25,PASS_BOUNDARY,
INNER_SIDE,RIGHT,0,1.5,,,0.0,-1.0,0.0,1.0,1.0,,20.25,18.25,20.75,18.25,PASS_BOUNDARY,
INNER_SIDE,RIGHT,0,1.5,,,0.0,-1.0,0.0,2.0,1.0,,20.25,17.25,20.75,18.25,PASS_BOUNDARY,
INNER_SIDE,RIGHT,0,1.5,,,0.0,-1.0,1.0,0.0,1.0,,20.25,18.25,20.75,18.25,PASS_BOUNDARY,
INNER_SIDE,RIGHT,0,1.5,,,0.0,-1.0,1.0,1.0,1.0,,20.25,17.25,20.75,18.25,PASS_BOUNDARY,
INNER_SIDE,RIGHT,0,1.5,,,0.0,-1.0,1.0,2.0,1.0,,20.25,16.25,20.75,18.25,PASS_BOUNDARY,
INNER_SIDE,RIGHT,0,1.5,,,0.0,-1.0,2.0,0.0,1.0,,20.25,17.25,20.75,18.25,PASS_BOUNDARY,
INNER_SIDE,RIGHT,0,1.5,,,0.0,-1.0,2.0,1.0,1.0,,20.25,16.25,20.75,18.25,PASS_BOUNDARY,
INNER_SIDE,RIGHT,0,1.5,,,0.0,-1.0,2.0,2.0,1.0,,20.25,15.25,20.75,18.25,PASS_BOUNDARY,
INNER_SIDE,RIGHT,0,1.5,,,0.0,0.0,0.0,0.0,0.0,,20.25,20.25,20.75,19.25,PASS_BOUNDARY,
INNER_SIDE,RIGHT,0,1.5,,,0.0,0.0,0.0,1.0,0.0,,20.25,19.25,20.75,19.25,PASS_BOUNDARY,
INNER_SIDE,RIGHT,0,1.5,,,0.0,0.0,0.0,2.0,0.0,,20.25,18.25,20.75,19.25,PASS_BOUNDARY,
INNER_SIDE,RIGHT,0,1.5,,,0.0,0.0,1.0,0.0,0.0,,20.25,19.25,20.75,19.25,PASS_BOUNDARY,
INNER_SIDE,RIGHT,0,1.5,,,0.0,0.0,1.0,1.0,0.0,,20.25,18.25,20.75,19.25,PASS_BOUNDARY,
INNER_SIDE,RIGHT,0,1.5,,,0.0,0.0,1.0,2.0,0.0,,20.25,17.25,20.75,19.25,PASS_BOUNDARY,
INNER_SIDE,RIGHT,0,1.5,,,0.0,0.0,2.0,0.0,0.0,,20.25,18.25,20.75,19.25,PASS_BOUNDARY,
INNER_SIDE,RIGHT,0,1.5,,,0.0,0.0,2.0,1.0,0.0,,20.25,17.25,20.75,19.25,PASS_BOUNDARY,
INNER_SIDE,RIGHT,0,1.5,,,0.0,0.0,2.0,2.0,0.0,,20.25,16.25,20.75,19.25,PASS_BOUNDARY,
INNER_SIDE,RIGHT,0,1.5,,,0.0,1.0,0.0,0.0,1.0,,20.25,19.25,20.75,18.25,PASS_BOUNDARY,
INNER_SIDE,RIGHT,0,1.5,,,0.0,1.0,0.0,1.0,1.0,,20.25,18.25,20.75,18.25,PASS_BOUNDARY,
INNER_SIDE,RIGHT,0,1.5,,,0.0,1.0,0.0,2.0,1.0,,20.25,17.25,20.75,18.25,PASS_BOUNDARY,
INNER_SIDE,RIGHT,0,1.5,,,0.0,1.0,1.0,0.0,1.0,,20.25,18.25,20.75,18.25,PASS_BOUNDARY,
INNER_SIDE,RIGHT,0,1.5,,,0.0,1.0,1.0,1.0,1.0,,20.25,17.25,20.75,18.25,PASS_BOUNDARY,
INNER_SIDE,RIGHT,0,1.5,,,0.0,1.0,1.0,2.0,1.0,,20.25,16.25,20.75,18.25,PASS_BOUNDARY,
INNER_SIDE,RIGHT,0,1.5,,,0.0,1.0,2.0,0.0,1.0,,20.25,17.25,20.75,18.25,PASS_BOUNDARY,
INNER_SIDE,RIGHT,0,1.5,,,0.0,1.0,2.0,1.0,1.0,,20.25,16.25,20.75,18.25,PASS_BOUNDARY,
INNER_SIDE,RIGHT,0,1.5,,,0.0,1.0,2.0,2.0,1.0,,20.25,15.25,20.75,18.25,PASS_BOUNDARY,
INNER_SIDE,RIGHT,0,1.5,,,1.0,-1.0,0.0,0.0,2.0,,20.25,18.25,20.75,17.25,PASS_BOUNDARY,
INNER_SIDE,RIGHT,0,1.5,,,1.0,-1.0,0.0,1.0,2.0,,20.25,17.25,20.75,17.25,PASS_BOUNDARY,
INNER_SIDE,RIGHT,0,1.5,,,1.0,-1.0,0.0,2.0,2.0,,20.25,16.25,20.75,17.25,PASS_BOUNDARY,
INNER_SIDE,RIGHT,0,1.5,,,1.0,-1.0,1.0,0.0,2.0,,20.25,17.25,20.75,17.25,PASS_BOUNDARY,
INNER_SIDE,RIGHT,0,1.5,,,1.0,-1.0,1.0,1.0,2.0,,20.25,16.25,20.75,17.25,PASS_BOUNDARY,
INNER_SIDE,RIGHT,0,1.5,,,1.0,-1.0,1.0,2.0,2.0,,20.25,15.25,20.75,17.25,PASS_BOUNDARY,
INNER_SIDE,RIGHT,0,1.5,,,1.0,-1.0,2.0,0.0,2.0,,20.25,16.25,20.75,17.25,PASS_BOUNDARY,
INNER_SIDE,RIGHT,0,1.5,,,1.0,-1.0,2.0,1.0,2.0,,20.25,15.25,20.75,17.25,PASS_BOUNDARY,
INNER_SIDE,RIGHT,0,1.5,,,1.0,-1.0,2.0,2.0,2.0,,20.25,14.25,20.75,17.25,PASS_BOUNDARY,
INNER_SIDE,RIGHT,0,1.5,,,1.0,0.0,0.0,0.0,1.0,,20.25,19.25,20.75,18.25,PASS_BOUNDARY,
INNER_SIDE,RIGHT,0,1.5,,,1.0,0.0,0.0,1.0,1.0,,20.25,18.25,20.75,18.25,PASS_BOUNDARY,
INNER_SIDE,RIGHT,0,1.5,,,1.0,0.0,0.0,2.0,1.0,,20.25,17.25,20.75,18.25,PASS_BOUNDARY,
INNER_SIDE,RIGHT,0,1.5,,,1.0,0.0,1.0,0.0,1.0,,20.25,18.25,20.75,18.25,PASS_BOUNDARY,
INNER_SIDE,RIGHT,0,1.5,,,1.0,0.0,1.0,1.0,1.0,,20.25,17.25,20.75,18.25,PASS_BOUNDARY,
INNER_SIDE,RIGHT,0,1.5,,,1.0,0.0,1.0,2.0,1.0,,20.25,16.25,20.75,18.25,PASS_BOUNDARY,
INNER_SIDE,RIGHT,0,1.5,,,1.0,0.0,2.0,0.0,1.0,,20.25,17.25,20.75,18.25,PASS_BOUNDARY,
INNER_SIDE,RIGHT,0,1.5,,,1.0,0.0,2.0,1.0,1.0,,20.25,16.25,20.75,18.25,PASS_BOUNDARY,
INNER_SIDE,RIGHT,0,1.5,,,1.0,0.0,2.0,2.0,1.0,,20.25,15.25,20.75,18.25,PASS_BOUNDARY,
INNER_SIDE,RIGHT,0,1.5,,,1.0,1.0,0.0,0.0,0.0,,20.25,20.25,20.75,19.25,PASS_BOUNDARY,
INNER_SIDE,RIGHT,0,1.5,,,1.0,1.0,0.0,1.0,0.0,,20.25,19.25,20.75,19.25,PASS_BOUNDARY,
INNER_SIDE,RIGHT,0,1.5,,,1.0,1.0,0.0,2.0,0.0,,20.25,18.25,20.75,19.25,PASS_BOUNDARY,
INNER_SIDE,RIGHT,0,1.5,,,1.0,1.0,1.0,0.0,0.0,,20.25,19.25,20.75,19.25,PASS_BOUNDARY,
INNER_SIDE,RIGHT,0,1.5,,,1.0,1.0,1.0,1.0,0.0,,20.25,18.25,20.75,19.25,PASS_BOUNDARY,
INNER_SIDE,RIGHT,0,1.5,,,1.0,1.0,1.0,2.0,0.0,,20.25,17.25,20.75,19.25,PASS_BOUNDARY,
INNER_SIDE,RIGHT,0,1.5,,,1.0,1.0,2.0,0.0,0.0,,20.25,18.25,20.75,19.25,PASS_BOUNDARY,
INNER_SIDE,RIGHT,0,1.5,,,1.0,1.0,2.0,1.0,0.0,,20.25,17.25,20.75,19.25,PASS_BOUNDARY,
INNER_SIDE,RIGHT,0,1.5,,,1.0,1.0,2.0,2.0,0.0,,20.25,16.25,20.75,19.25,PASS_BOUNDARY,
INNER_SIDE,RIGHT,1,0.0,,,-1.0,-1.0,0.0,0.0,0.0,,19.25,19.25,19.75,19.75,PASS_BOUNDARY,
INNER_SIDE,RIGHT,1,0.0,,,-1.0,-1.0,0.0,1.0,0.0,,19.25,18.25,19.75,19.75,PASS_BOUNDARY,
INNER_SIDE,RIGHT,1,0.0,,,-1.0,-1.0,0.0,2.0,0.0,,19.25,17.25,19.75,19.75,PASS_BOUNDARY,
INNER_SIDE,RIGHT,1,0.0,,,-1.0,-1.0,1.0,0.0,0.0,,19.25,18.25,19.75,19.75,PASS_BOUNDARY,
INNER_SIDE,RIGHT,1,0.0,,,-1.0,-1.0,1.0,1.0,0.0,,19.25,17.25,19.75,19.75,PASS_BOUNDARY,
INNER_SIDE,RIGHT,1,0.0,,,-1.0,-1.0,1.0,2.0,0.0,,19.25,16.25,19.75,19.75,PASS_BOUNDARY,
INNER_SIDE,RIGHT,1,0.0,,,-1.0,-1.0,2.0,0.0,0.0,,19.25,17.25,19.75,19.75,PASS_BOUNDARY,
INNER_SIDE,RIGHT,1,0.0,,,-1.0,-1.0,2.0,1.0,0.0,,19.25,16.25,19.75,19.75,PASS_BOUNDARY,
INNER_SIDE,RIGHT,1,0.0,,,-1.0,-1.0,2.0,2.0,0.0,,19.25,15.25,19.75,19.75,PASS_BOUNDARY,
INNER_SIDE,RIGHT,1,0.0,,,-1.0,0.0,0.0,0.0,1.0,,19.25,18.25,19.75,18.75,PASS_BOUNDARY,
INNER_SIDE,RIGHT,1,0.0,,,-1.0,0.0,0.0,1.0,1.0,,19.25,17.25,19.75,18.75,PASS_BOUNDARY,
INNER_SIDE,RIGHT,1,0.0,,,-1.0,0.0,0.0,2.0,1.0,,19.25,16.25,19.75,18.75,PASS_BOUNDARY,
INNER_SIDE,RIGHT,1,0.0,,,-1.0,0.0,1.0,0.0,1.0,,19.25,17.25,19.75,18.75,PASS_BOUNDARY,
INNER_SIDE,RIGHT,1,0.0,,,-1.0,0.0,1.0,1.0,1.0,,19.25,16.25,19.75,18.75,PASS_BOUNDARY,
INNER_SIDE,RIGHT,1,0.0,,,-1.0,0.0,1.0,2.0,1.0,,19.25,15.25,19.75,18.75,PASS_BOUNDARY,
INNER_SIDE,RIGHT,1,0.0,,,-1.0,0.0,2.0,0.0,1.0,,19.25,16.25,19.75,18.75,PASS_BOUNDARY,
INNER_SIDE,RIGHT,1,0.0,,,-1.0,0.0,2.0,1.0,1.0,,19.25,15.25,19.75,18.75,PASS_BOUNDARY,
INNER_SIDE,RIGHT,1,0.0,,,-1.0,0.0,2.0,2.0,1.0,,19.25,14.25,19.75,18.75,PASS_BOUNDARY,
INNER_SIDE,RIGHT,1,0.0,,,-1.0,1.0,0.0,0.0,2.0,,19.25,17.25,19.75,17.75,PASS_BOUNDARY,
INNER_SIDE,RIGHT,1,0.0,,,-1.0,1.0,0.0,1.0,2.0,,19.25,16.25,19.75,17.75,PASS_BOUNDARY,
INNER_SIDE,RIGHT,1,0.0,,,-1.0,1.0,0.0,2.0,2.0,,19.25,15.25,19.75,17.75,PASS_BOUNDARY,
INNER_SIDE,RIGHT,1,0.0,,,-1.0,1.0,1.0,0.0,2.0,,19.25,16.25,19.75,17.75,PASS_BOUNDARY,
INNER_SIDE,RIGHT,1,0.0,,,-1.0,1.0,1.0,1.0,2.0,,19.25,15.25,19.75,17.75,PASS_BOUNDARY,
INNER_SIDE,RIGHT,1,0.0,,,-1.0,1.0,1.0,2.0,2.0,,19.25,14.25,19.75,17.75,PASS_BOUNDARY,
INNER_SIDE,RIGHT,1,0.0,,,-1.0,1.0,2.0,0.0,2.0,,19.25,15.25,19.75,17.75,PASS_BOUNDARY,
INNER_SIDE,RIGHT,1,0.0,,,-1.0,1.0,2.0,1.0,2.0,,19.25,14.25,19.75,17.75,PASS_BOUNDARY,
INNER_SIDE,RIGHT,1,0.0,,,-1.0,1.0,2.0,2.0,2.0,,19.25,13.25,19.75,17.75,PASS_BOUNDARY,
INNER_SIDE,RIGHT,1,0.0,,,0.0,-1.0,0.0,0.0,1.0,,19.25,18.25,19.75,18.75,PASS_BOUNDARY,
INNER_SIDE,RIGHT,1,0.0,,,0.0,-1.0,0.0,1.0,1.0,,19.25,17.25,19.75,18.75,PASS_BOUNDARY,
INNER_SIDE,RIGHT,1,0.0,,,0.0,-1.0,0.0,2.0,1.0,,19.25,16.25,19.75,18.75,PASS_BOUNDARY,
INNER_SIDE,RIGHT,1,0.0,,,0.0,-1.0,1.0,0.0,1.0,,19.25,17.25,19.75,18.75,PASS_BOUNDARY,
INNER_SIDE,RIGHT,1,0.0,,,0.0,-1.0,1.0,1.0,1.0,,19.25,16.25,19.75,18.75,PASS_BOUNDARY,
INNER_SIDE,RIGHT,1,0.0,,,0.0,-1.0,1.0,2.0,1.0,,19.25,15.25,19.75,18.75,PASS_BOUNDARY,
INNER_SIDE,RIGHT,1,0.0,,,0.0,-1.0,2.0,0.0,1.0,,19.25,16.25,19.75,18.75,PASS_BOUNDARY,
INNER_SIDE,RIGHT,1,0.0,,,0.0,-1.0,2.0,1.0,1.0,,19.25,15.25,19.75,18.75,PASS_BOUNDARY,
INNER_SIDE,RIGHT,1,0.0,,,0.0,-1.0,2.0,2.0,1.0,,19.25,14.25,19.75,18.75,PASS_BOUNDARY,
INNER_SIDE,RIGHT,1,0.0,,,0.0,0.0,0.0,0.0,0.0,,19.25,19.25,19.75,19.75,PASS_BOUNDARY,
INNER_SIDE,RIGHT,1,0.0,,,0.0,0.0,0.0,1.0,0.0,,19.25,18.25,19.75,19.75,PASS_BOUNDARY,
INNER_SIDE,RIGHT,1,0.0,,,0.0,0.0,0.0,2.0,0.0,,19.25,17.25,19.75,19.75,PASS_BOUNDARY,
INNER_SIDE,RIGHT,1,0.0,,,0.0,0.0,1.0,0.0,0.0,,19.25,18.25,19.75,19.75,PASS_BOUNDARY,
INNER_SIDE,RIGHT,1,0.0,,,0.0,0.0,1.0,1.0,0.0,,19.25,17.25,19.75,19.75,PASS_BOUNDARY,
INNER_SIDE,RIGHT,1,0.0,,,0.0,0.0,1.0,2.0,0.0,,19.25,16.25,19.75,19.75,PASS_BOUNDARY,
INNER_SIDE,RIGHT,1,0.0,,,0.0,0.0,2.0,0.0,0.0,,19.25,17.25,19.75,19.75,PASS_BOUNDARY,
INNER_SIDE,RIGHT,1,0.0,,,0.0,0.0,2.0,1.0,0.0,,19.25,16.25,19.75,19.75,PASS_BOUNDARY,
INNER_SIDE,RIGHT,1,0.0,,,0.0,0.0,2.0,2.0,0.0,,19.25,15.25,19.75,19.75,PASS_BOUNDARY,
INNER_SIDE,RIGHT,1,0.0,,,0.0,1.0,0.0,0.0,1.0,,19.25,18.25,19.75,18.75,PASS_BOUNDARY,
INNER_SIDE,RIGHT,1,0.0,,,0.0,1.0,0.0,1.0,1.0,,19.25,17.25,19.75,18.75,PASS_BOUNDARY,
INNER_SIDE,RIGHT,1,0.0,,,0.0,1.0,0.0,2.0,1.0,,19.25,16.25,19.75,18.75,PASS_BOUNDARY,
INNER_SIDE,RIGHT,1,0.0,,,0.0,1.0,1.0,0.0,1.0,,19.25,17.25,19.75,18.75,PASS_BOUNDARY,
INNER_SIDE,RIGHT,1,0.0,,,0.0,1.0,1.0,1.0,1.0,,19.25,16.25,19.75,18.75,PASS_BOUNDARY,
INNER_SIDE,RIGHT,1,0.0,,,0.0,1.0,1.0,2.0,1.0,,19.25,15.25,19.75,18.75,PASS_BOUNDARY,
INNER_SIDE,RIGHT,1,0.0,,,0.0,1.0,2.0,0.0,1.0,,19.25,16.25,19.75,18.75,PASS_BOUNDARY,
INNER_SIDE,RIGHT,1,0.0,,,0.0,1.0,2.0,1.0,1.0,,19.25,15.25,19.75,18.75,PASS_BOUNDARY,
INNER_SIDE,RIGHT,1,0.0,,,0.0,1.0,2.0,2.0,1.0,,19.25,14.25,19.75,18.75,PASS_BOUNDARY,
INNER_SIDE,RIGHT,1,0.0,,,1.0,-1.0,0.0,0.0,2.0,,19.25,17.25,19.75,17.75,PASS_BOUNDARY,
INNER_SIDE,RIGHT,1,0.0,,,1.0,-1.0,0.0,1.0,2.0,,19.25,16.25,19.75,17.75,PASS_BOUNDARY,
INNER_SIDE,RIGHT,1,0.0,,,1.0,-1.0,0.0,2.0,2.0,,19.25,15.25,19.75,17.75,PASS_BOUNDARY,
INNER_SIDE,RIGHT,1,0.0,,,1.0,-1.0,1.0,0.0,2.0,,19.25,16.25,19.75,17.75,PASS_BOUNDARY,
INNER_SIDE,RIGHT,1,0.0,,,1.0,-1.0,1.0,1.0,2.0,,19.25,15.25,19.75,17.75,PASS_BOUNDARY,
INNER_SIDE,RIGHT,1,0.0,,,1.0,-1.0,1.0,2.0,2.0,,19.25,14.25,19.75,17.75,PASS_BOUNDARY,
INNER_SIDE,RIGHT,1,0.0,,,1.0,-1.0,2.0,0.0,2.0,,19.25,15.25,19.75,17.75,PASS_BOUNDARY,
INNER_SIDE,RIGHT,1,0.0,,,1.0,-1.0,2.0,1.0,2.0,,19.25,14.25,19.75,17.75,PASS_BOUNDARY,
INNER_SIDE,RIGHT,1,0.0,,,1.0,-1.0,2.0,2.0,2.0,,19.25,13.25,19.75,17.75,PASS_BOUNDARY,
INNER_SIDE,RIGHT,1,0.0,,,1.0,0.0,0.0,0.0,1.0,,19.25,18.25,19.75,18.75,PASS_BOUNDARY,
INNER_SIDE,RIGHT,1,0.0,,,1.0,0.0,0.0,1.0,1.0,,19.25,17.25,19.75,18.75,PASS_BOUNDARY,
INNER_SIDE,RIGHT,1,0.0,,,1.0,0.0,0.0,2.0,1.0,,19.25,16.25,19.75,18.75,PASS_BOUNDARY,
INNER_SIDE,RIGHT,1,0.0,,,1.0,0.0,1.0,0.0,1.0,,19.25,17.25,19.75,18.75,PASS_BOUNDARY,
INNER_SIDE,RIGHT,1,0.0,,,1.0,0.0,1.0,1.0,1.0,,19.25,16.25,19.75,18.75,PASS_BOUNDARY,
INNER_SIDE,RIGHT,1,0.0,,,1.0,0.0,1.0,2.0,1.0,,19.25,15.25,19.75,18.75,PASS_BOUNDARY,
INNER_SIDE,RIGHT,1,0.0,,,1.0,0.0,2.0,0.0,1.0,,19.25,16.25,19.75,18.75,PASS_BOUNDARY,
INNER_SIDE,RIGHT,1,0.0,,,1.0,0.0,2.0,1.0,1.0,,19.25,15.25,19.75,18.75,PASS_BOUNDARY,
INNER_SIDE,RIGHT,1,0.0,,,1.0,0.0,2.0,2.0,1.0,,19.25,14.25,19.75,18.75,PASS_BOUNDARY,
INNER_SIDE,RIGHT,1,0.0,,,1.0,1.0,0.0,0.0,0.0,,19.25,19.25,19.75,19.75,PASS_BOUNDARY,
INNER_SIDE,RIGHT,1,0.0,,,1.0,1.0,0.0,1.0,0.0,,19.25,18.25,19.75,19.75,PASS_BOUNDARY,
INNER_SIDE,RIGHT,1,0.0,,,1.0,1.0,0.0,2.0,0.0,,19.25,17.25,19.75,19.75,PASS_BOUNDARY,
INNER_SIDE,RIGHT,1,0.0,,,1.0,1.0,1.0,0.0,0.0,,19.25,18.25,19.75,19.75,PASS_BOUNDARY,
INNER_SIDE,RIGHT,1,0.0,,,1.0,1.0,1.0,1.0,0.0,,19.25,17.25,19.75,19.75,PASS_BOUNDARY,
INNER_SIDE,RIGHT,1,0.0,,,1.0,1.0,1.0,2.0,0.0,,19.25,16.25,19.75,19.75,PASS_BOUNDARY,
INNER_SIDE,RIGHT,1,0.0,,,1.0,1.0,2.0,0.0,0.0,,19.25,17.25,19.75,19.75,PASS_BOUNDARY,
INNER_SIDE,RIGHT,1,0.0,,,1.0,1.0,2.0,1.0,0.0,,19.25,16.25,19.75,19.75,PASS_BOUNDARY,
INNER_SIDE,RIGHT,1,0.0,,,1.0,1.0,2.0,2.0,0.0,,19.25,15.25,19.75,19.75,PASS_BOUNDARY,
INNER_SIDE,RIGHT,1,0.5,,,-1.0,-1.0,0.0,0.0,0.0,,19.25,19.25,19.75,19.25,PASS_BOUNDARY,
INNER_SIDE,RIGHT,1,0.5,,,-1.0,-1.0,0.0,1.0,0.0,,19.25,18.25,19.75,19.25,PASS_BOUNDARY,
INNER_SIDE,RIGHT,1,0.5,,,-1.0,-1.0,0.0,2.0,0.0,,19.25,17.25,19.75,19.25,PASS_BOUNDARY,
INNER_SIDE,RIGHT,1,0.5,,,-1.0,-1.0,1.0,0.0,0.0,,19.25,18.25,19.75,19.25,PASS_BOUNDARY,
INNER_SIDE,RIGHT,1,0.5,,,-1.0,-1.0,1.0,1.0,0.0,,19.25,17.25,19.75,19.25,PASS_BOUNDARY,
INNER_SIDE,RIGHT,1,0.5,,,-1.0,-1.0,1.0,2.0,0.0,,19.25,16.25,19.75,19.25,PASS_BOUNDARY,
INNER_SIDE,RIGHT,1,0.5,,,-1.0,-1.0,2.0,0.0,0.0,,19.25,17.25,19.75,19.25,PASS_BOUNDARY,
INNER_SIDE,RIGHT,1,0.5,,,-1.0,-1.0,2.0,1.0,0.0,,19.25,16.25,19.75,19.25,PASS_BOUNDARY,
INNER_SIDE,RIGHT,1,0.5,,,-1.0,-1.0,2.0,2.0,0.0,,19.25,15.25,19.75,19.25,PASS_BOUNDARY,
INNER_SIDE,RIGHT,1,0.5,,,-1.0,0.0,0.0,0.0,1.0,,19.25,18.25,19.75,18.25,PASS_BOUNDARY,
INNER_SIDE,RIGHT,1,0.5,,,-1.0,0.0,0.0,1.0,1.0,,19.25,17.25,19.75,18.25,PASS_BOUNDARY,
INNER_SIDE,RIGHT,1,0.5,,,-1.0,0.0,0.0,2.0,1.0,,19.25,16.25,19.75,18.25,PASS_BOUNDARY,
INNER_SIDE,RIGHT,1,0.5,,,-1.0,0.0,1.0,0.0,1.0,,19.25,17.25,19.75,18.25,PASS_BOUNDARY,
INNER_SIDE,RIGHT,1,0.5,,,-1.0,0.0,1.0,1.0,1.0,,19.25,16.25,19.75,18.25,PASS_BOUNDARY,
INNER_SIDE,RIGHT,1,0.5,,,-1.0,0.0,1.0,2.0,1.0,,19.25,15.25,19.75,18.25,PASS_BOUNDARY,
INNER_SIDE,RIGHT,1,0.5,,,-1.0,0.0,2.0,0.0,1.0,,19.25,16.25,19.75,18.25,PASS_BOUNDARY,
INNER_SIDE,RIGHT,1,0.5,,,-1.0,0.0,2.0,1.0,1.0,,19.25,15.25,19.75,18.25,PASS_BOUNDARY,
INNER_SIDE,RIGHT,1,0.5,,,-1.0,0.0,2.0,2.0,1.0,,19.25,14.25,19.75,18.25,PASS_BOUNDARY,
INNER_SIDE,RIGHT,1,0.5,,,-1.0,1.0,0.0,0.0,2.0,,19.25,17.25,19.75,17.25,PASS_BOUNDARY,
INNER_SIDE,RIGHT,1,0.5,,,-1.0,1.0,0.0,1.0,2.0,,19.25,16.25,19.75,17.25,PASS_BOUNDARY,
INNER_SIDE,RIGHT,1,0.5,,,-1.0,1.0,0.0,2.0,2.0,,19.25,15.25,19.75,17.25,PASS_BOUNDARY,
INNER_SIDE,RIGHT,1,0.5,,,-1.0,1.0,1.0,0.0,2.0,,19.25,16.25,19.75,17.25,PASS_BOUNDARY,
INNER_SIDE,RIGHT,1,0.5,,,-1.0,1.0,1.0,1.0,2.0,,19.25,15.25,19.75,17.25,PASS_BOUNDARY,
INNER_SIDE,RIGHT,1,0.5,,,-1.0,1.0,1.0,2.0,2.0,,19.25,14.25,19.75,17.25,PASS_BOUNDARY,
INNER_SIDE,RIGHT,1,0.5,,,-1.0,1.0,2.0,0.0,2.0,,19.25,15.25,19.75,17.25,PASS_BOUNDARY,
INNER_SIDE,RIGHT,1,0.5,,,-1.0,1.0,2.0,1.0,2.0,,19.25,14.25,19.75,17.25,PASS_BOUNDARY,
INNER_SIDE,RIGHT,1,0.5,,,-1.0,1.0,2.0,2.0,2.0,,19.25,13.25,19.75,17.25,PASS_BOUNDARY,
INNER_SIDE,RIGHT,1,0.5,,,0.0,-1.0,0.0,0.0,1.0,,19.25,18.25,19.75,18.25,PASS_BOUNDARY,
INNER_SIDE,RIGHT,1,0.5,,,0.0,-1.0,0.0,1.0,1.0,,19.25,17.25,19.75,18.25,PASS_BOUNDARY,
INNER_SIDE,RIGHT,1,0.5,,,0.0,-1.0,0.0,2.0,1.0,,19.25,16.25,19.75,18.25,PASS_BOUNDARY,
INNER_SIDE,RIGHT,1,0.5,,,0.0,-1.0,1.0,0.0,1.0,,19.25,17.25,19.75,18.25,PASS_BOUNDARY,
INNER_SIDE,RIGHT,1,0.5,,,0.0,-1.0,1.0,1.0,1.0,,19.25,16.25,19.75,18.25,PASS_BOUNDARY,
INNER_SIDE,RIGHT,1,0.5,,,0.0,-1.0,1.0,2.0,1.0,,19.25,15.25,19.75,18.25,PASS_BOUNDARY,
INNER_SIDE,RIGHT,1,0.5,,,0.0,-1.0,2.0,0.0,1.0,,19.25,16.25,19.75,18.25,PASS_BOUNDARY,
INNER_SIDE,RIGHT,1,0.5,,,0.0,-1.0,2.0,1.0,1.0,,19.25,15.25,19.75,18.25,PASS_BOUNDARY,
INNER_SIDE,RIGHT,1,0.5,,,0.0,-1.0,2.0,2.0,1.0,,19.25,14.25,19.75,18.25,PASS_BOUNDARY,
INNER_SIDE,RIGHT,1,0.5,,,0.0,0.0,0.0,0.0,0.0,,19.25,19.25,19.75,19.25,PASS_BOUNDARY,
INNER_SIDE,RIGHT,1,0.5,,,0.0,0.0,0.0,1.0,0.0,,19.25,18.25,19.75,19.25,PASS_BOUNDARY,
INNER_SIDE,RIGHT,1,0.5,,,0.0,0.0,0.0,2.0,0.0,,19.25,17.25,19.75,19.25,PASS_BOUNDARY,
INNER_SIDE,RIGHT,1,0.5,,,0.0,0.0,1.0,0.0,0.0,,19.25,18.25,19.75,19.25,PASS_BOUNDARY,
INNER_SIDE,RIGHT,1,0.5,,,0.0,0.0,1.0,1.0,0.0,,19.25,17.25,19.75,19.25,PASS_BOUNDARY,
INNER_SIDE,RIGHT,1,0.5,,,0.0,0.0,1.0,2.0,0.0,,19.25,16.25,19.75,19.25,PASS_BOUNDARY,
INNER_SIDE,RIGHT,1,0.5,,,0.0,0.0,2.0,0.0,0.0,,19.25,17.25,19.75,19.25,PASS_BOUNDARY,
INNER_SIDE,RIGHT,1,0.5,,,0.0,0.0,2.0,1.0,0.0,,19.25,16.25,19.75,19.25,PASS_BOUNDARY,
INNER_SIDE,RIGHT,1,0.5,,,0.0,0.0,2.0,2.0,0.0,,19.25,15.25,19.75,19.25,PASS_BOUNDARY,
INNER_SIDE,RIGHT,1,0.5,,,0.0,1.0,0.0,0.0,1.0,,19.25,18.25,19.75,18.25,PASS_BOUNDARY,
INNER_SIDE,RIGHT,1,0.5,,,0.0,1.0,0.0,1.0,1.0,,19.25,17.25,19.75,18.25,PASS_BOUNDARY,
INNER_SIDE,RIGHT,1,0.5,,,0.0,1.0,0.0,2.0,1.0,,19.25,16.25,19.75,18.25,PASS_BOUNDARY,
INNER_SIDE,RIGHT,1,0.5,,,0.0,1.0,1.0,0.0,1.0,,19.25,17.25,19.75,18.25,PASS_BOUNDARY,
INNER_SIDE,RIGHT,1,0.5,,,0.0,1.0,1.0,1.0,1.0,,19.25,16.25,19.75,18.25,PASS_BOUNDARY,
INNER_SIDE,RIGHT,1,0.5,,,0.0,1.0,1.0,2.0,1.0,,19.25,15.25,19.75,18.25,PASS_BOUNDARY,
INNER_SIDE,RIGHT,1,0.5,,,0.0,1.0,2.0,0.0,1.0,,19.25,16.25,19.75,18.25,PASS_BOUNDARY,
INNER_SIDE,RIGHT,1,0.5,,,0.0,1.0,2.0,1.0,1.0,,19.25,15.25,19.75,18.25,PASS_BOUNDARY,
INNER_SIDE,RIGHT,1,0.5,,,0.0,1.0,2.0,2.0,1.0,,19.25,14.25,19.75,18.25,PASS_BOUNDARY,
INNER_SIDE,RIGHT,1,0.5,,,1.0,-1.0,0.0,0.0,2.0,,19.25,17.25,19.75,17.25,PASS_BOUNDARY,
INNER_SIDE,RIGHT,1,0.5,,,1.0,-1.0,0.0,1.0,2.0,,19.25,16.25,19.75,17.25,PASS_BOUNDARY,
INNER_SIDE,RIGHT,1,0.5,,,1.0,-1.0,0.0,2.0,2.0,,19.25,15.25,19.75,17.25,PASS_BOUNDARY,
INNER_SIDE,RIGHT,1,0.5,,,1.0,-1.0,1.0,0.0,2.0,,19.25,16.25,19.75,17.25,PASS_BOUNDARY,
INNER_SIDE,RIGHT,1,0.5,,,1.0,-1.0,1.0,1.0,2.0,,19.25,15.25,19.75,17.25,PASS_BOUNDARY,
INNER_SIDE,RIGHT,1,0.5,,,1.0,-1.0,1.0,2.0,2.0,,19.25,14.25,19.75,17.25,PASS_BOUNDARY,
INNER_SIDE,RIGHT,1,0.5,,,1.0,-1.0,2.0,0.0,2.0,,19.25,15.25,19.75,17.25,PASS_BOUNDARY,
INNER_SIDE,RIGHT,1,0.5,,,1.0,-1.0,2.0,1.0,2.0,,19.25,14.25,19.75,17.25,PASS_BOUNDARY,
INNER_SIDE,RIGHT,1,0.5,,,1.0,-1.0,2.0,2.0,2.0,,19.25,13.25,19.75,17.25,PASS_BOUNDARY,
INNER_SIDE,RIGHT,1,0.5,,,1.0,0.0,0.0,0.0,1.0,,19.25,18.25,19.75,18.25,PASS_BOUNDARY,
INNER_SIDE,RIGHT,1,0.5,,,1.0,0.0,0.0,1.0,1.0,,19.25,17.25,19.75,18.25,PASS_BOUNDARY,
INNER_SIDE,RIGHT,1,0.5,,,1.0,0.0,0.0,2.0,1.0,,19.25,16.25,19.75,18.25,PASS_BOUNDARY,
INNER_SIDE,RIGHT,1,0.5,,,1.0,0.0,1.0,0.0,1.0,,19.25,17.25,19.75,18.25,PASS_BOUNDARY,
INNER_SIDE,RIGHT,1,0.5,,,1.0,0.0,1.0,1.0,1.0,,19.25,16.25,19.75,18.25,PASS_BOUNDARY,
INNER_SIDE,RIGHT,1,0.5,,,1.0,0.0,1.0,2.0,1.0,,19.25,15.25,19.75,18.25,PASS_BOUNDARY,
INNER_SIDE,RIGHT,1,0.5,,,1.0,0.0,2.0,0.0,1.0,,19.25,16.25,19.75,18.25,PASS_BOUNDARY,
INNER_SIDE,RIGHT,1,0.5,,,1.0,0.0,2.0,1.0,1.0,,19.25,15.25,19.75,18.25,PASS_BOUNDARY,
INNER_SIDE,RIGHT,1,0.5,,,1.0,0.0,2.0,2.0,1.0,,19.25,14.25,19.75,18.25,PASS_BOUNDARY,
INNER_SIDE,RIGHT,1,0.5,,,1.0,1.0,0.0,0.0,0.0,,19.25,19.25,19.75,19.25,PASS_BOUNDARY,
INNER_SIDE,RIGHT,1,0.5,,,1.0,1.0,0.0,1.0,0.0,,19.25,18.25,19.75,19.25,PASS_BOUNDARY,
INNER_SIDE,RIGHT,1,0.5,,,1.0,1.0,0.0,2.0,0.0,,19.25,17.25,19.75,19.25,PASS_BOUNDARY,
INNER_SIDE,RIGHT,1,0.5,,,1.0,1.0,1.0,0.0,0.0,,19.25,18.25,19.75,19.25,PASS_BOUNDARY,
INNER_SIDE,RIGHT,1,0.5,,,1.0,1.0,1.0,1.0,0.0,,19.25,17.25,19.75,19.25,PASS_BOUNDARY,
INNER_SIDE,RIGHT,1,0.5,,,1.0,1.0,1.0,2.0,0.0,,19.25,16.25,19.75,19.25,PASS_BOUNDARY,
INNER_SIDE,RIGHT,1,0.5,,,1.0,1.0,2.0,0.0,0.0,,19.25,17.25,19.75,19.25,PASS_BOUNDARY,
INNER_SIDE,RIGHT,1,0.5,,,1.0,1.0,2.0,1.0,0.0,,19.25,16.25,19.75,19.25,PASS_BOUNDARY,
INNER_SIDE,RIGHT,1,0.5,,,1.0,1.0,2.0,2.0,0.0,,19.25,15.25,19.75,19.25,PASS_BOUNDARY,
INNER_SIDE,RIGHT,1,1.0,,,-1.0,-1.0,0.0,0.0,0.0,,19.25,19.25,19.75,18.75,PASS_BOUNDARY,
INNER_SIDE,RIGHT,1,1.0,,,-1.0,-1.0,0.0,1.0,0.0,,19.25,18.25,19.75,18.75,PASS_BOUNDARY,
INNER_SIDE,RIGHT,1,1.0,,,-1.0,-1.0,0.0,2.0,0.0,,19.25,17.25,19.75,18.75,PASS_BOUNDARY,
INNER_SIDE,RIGHT,1,1.0,,,-1.0,-1.0,1.0,0.0,0.0,,19.25,18.25,19.75,18.75,PASS_BOUNDARY,
INNER_SIDE,RIGHT,1,1.0,,,-1.0,-1.0,1.0,1.0,0.0,,19.25,17.25,19.75,18.75,PASS_BOUNDARY,
INNER_SIDE,RIGHT,1,1.0,,,-1.0,-1.0,1.0,2.0,0.0,,19.25,16.25,19.75,18.75,PASS_BOUNDARY,
INNER_SIDE,RIGHT,1,1.0,,,-1.0,-1.0,2.0,0.0,0.0,,19.25,17.25,19.75,18.75,PASS_BOUNDARY,
INNER_SIDE,RIGHT,1,1.0,,,-1.0,-1.0,2.0,1.0,0.0,,19.25,16.25,19.75,18.75,PASS_BOUNDARY,
INNER_SIDE,RIGHT,1,1.0,,,-1.0,-1.0,2.0,2.0,0.0,,19.25,15.25,19.75,18.75,PASS_BOUNDARY,
INNER_SIDE,RIGHT,1,1.0,,,-1.0,0.0,0.0,0.0,1.0,,19.25,18.25,19.75,17.75,PASS_BOUNDARY,
INNER_SIDE,RIGHT,1,1.0,,,-1.0,0.0,0.0,1.0,1.0,,19.25,17.25,19.75,17.75,PASS_BOUNDARY,
INNER_SIDE,RIGHT,1,1.0,,,-1.0,0.0,0.0,2.0,1.0,,19.25,16.25,19.75,17.75,PASS_BOUNDARY,
INNER_SIDE,RIGHT,1,1.0,,,-1.0,0.0,1.0,0.0,1.0,,19.25,17.25,19.75,17.75,PASS_BOUNDARY,
INNER_SIDE,RIGHT,1,1.0,,,-1.0,0.0,1.0,1.0,1.0,,19.25,16.25,19.75,17.75,PASS_BOUNDARY,
INNER_SIDE,RIGHT,1,1.0,,,-1.0,0.0,1.0,2.0,1.0,,19.25,15.25,19.75,17.75,PASS_BOUNDARY,
INNER_SIDE,RIGHT,1,1.0,,,-1.0,0.0,2.0,0.0,1.0,,19.25,16.25,19.75,17.75,PASS_BOUNDARY,
INNER_SIDE,RIGHT,1,1.0,,,-1.0,0.0,2.0,1.0,1.0,,19.25,15.25,19.75,17.75,PASS_BOUNDARY,
INNER_SIDE,RIGHT,1,1.0,,,-1.0,0.0,2.0,2.0,1.0,,19.25,14.25,19.75,17.75,PASS_BOUNDARY,
INNER_SIDE,RIGHT,1,1.0,,,-1.0,1.0,0.0,0.0,2.0,,19.25,17.25,19.75,16.75,PASS_BOUNDARY,
INNER_SIDE,RIGHT,1,1.0,,,-1.0,1.0,0.0,1.0,2.0,,19.25,16.25,19.75,16.75,PASS_BOUNDARY,
INNER_SIDE,RIGHT,1,1.0,,,-1.0,1.0,0.0,2.0,2.0,,19.25,15.25,19.75,16.75,PASS_BOUNDARY,
INNER_SIDE,RIGHT,1,1.0,,,-1.0,1.0,1.0,0.0,2.0,,19.25,16.25,19.75,16.75,PASS_BOUNDARY,
INNER_SIDE,RIGHT,1,1.0,,,-1.0,1.0,1.0,1.0,2.0,,19.25,15.25,19.75,16.75,PASS_BOUNDARY,
INNER_SIDE,RIGHT,1,1.0,,,-1.0,1.0,1.0,2.0,2.0,,19.25,14.25,19.75,16.75,PASS_BOUNDARY,
INNER_SIDE,RIGHT,1,1.0,,,-1.0,1.0,2.0,0.0,2.0,,19.25,15.25,19.75,16.75,PASS_BOUNDARY,
INNER_SIDE,RIGHT,1,1.0,,,-1.0,1.0,2.0,1.0,2.0,,19.25,14.25,19.75,16.75,PASS_BOUNDARY,
INNER_SIDE,RIGHT,1,1.0,,,-1.0,1.0,2.0,2.0,2.0,,19.25,13.25,19.75,16.75,PASS_BOUNDARY,
INNER_SIDE,RIGHT,1,1.0,,,0.0,-1.0,0.0,0.0,1.0,,19.25,18.25,19.75,17.75,PASS_BOUNDARY,
INNER_SIDE,RIGHT,1,1.0,,,0.0,-1.0,0.0,1.0,1.0,,19.25,17.25,19.75,17.75,PASS_BOUNDARY,
INNER_SIDE,RIGHT,1,1.0,,,0.0,-1.0,0.0,2.0,1.0,,19.25,16.25,19.75,17.75,PASS_BOUNDARY,
INNER_SIDE,RIGHT,1,1.0,,,0.0,-1.0,1.0,0.0,1.0,,19.25,17.25,19.75,17.75,PASS_BOUNDARY,
INNER_SIDE,RIGHT,1,1.0,,,0.0,-1.0,1.0,1.0,1.0,,19.25,16.25,19.75,17.75,PASS_BOUNDARY,
INNER_SIDE,RIGHT,1,1.0,,,0.0,-1.0,1.0,2.0,1.0,,19.25,15.25,19.75,17.75,PASS_BOUNDARY,
INNER_SIDE,RIGHT,1,1.0,,,0.0,-1.0,2.0,0.0,1.0,,19.25,16.25,19.75,17.75,PASS_BOUNDARY,
INNER_SIDE,RIGHT,1,1.0,,,0.0,-1.0,2.0,1.0,1.0,,19.25,15.25,19.75,17.75,PASS_BOUNDARY,
INNER_SIDE,RIGHT,1,1.0,,,0.0,-1.0,2.0,2.0,1.0,,19.25,14.25,19.75,17.75,PASS_BOUNDARY,
INNER_SIDE,RIGHT,1,1.0,,,0.0,0.0,0.0,0.0,0.0,,19.25,19.25,19.75,18.75,PASS_BOUNDARY,
INNER_SIDE,RIGHT,1,1.0,,,0.0,0.0,0.0,1.0,0.0,,19.25,18.25,19.75,18.75,PASS_BOUNDARY,
INNER_SIDE,RIGHT,1,1.0,,,0.0,0.0,0.0,2.0,0.0,,19.25,17.25,19.75,18.75,PASS_BOUNDARY,
INNER_SIDE,RIGHT,1,1.0,,,0.0,0.0,1.0,0.0,0.0,,19.25,18.25,19.75,18.75,PASS_BOUNDARY,
INNER_SIDE,RIGHT,1,1.0,,,0.0,0.0,1.0,1.0,0.0,,19.25,17.25,19.75,18.75,PASS_BOUNDARY,
INNER_SIDE,RIGHT,1,1.0,,,0.0,0.0,1.0,2.0,0.0,,19.25,16.25,19.75,18.75,PASS_BOUNDARY,
INNER_SIDE,RIGHT,1,1.0,,,0.0,0.0,2.0,0.0,0.0,,19.25,17.25,19.75,18.75,PASS_BOUNDARY,
INNER_SIDE,RIGHT,1,1.0,,,0.0,0.0,2.0,1.0,0.0,,19.25,16.25,19.75,18.75,PASS_BOUNDARY,
INNER_SIDE,RIGHT,1,1.0,,,0.0,0.0,2.0,2.0,0.0,,19.25,15.25,19.75,18.75,PASS_BOUNDARY,
INNER_SIDE,RIGHT,1,1.0,,,0.0,1.0,0.0,0.0,1.0,,19.25,18.25,19.75,17.75,PASS_BOUNDARY,
INNER_SIDE,RIGHT,1,1.0,,,0.0,1.0,0.0,1.0,1.0,,19.25,17.25,19.75,17.75,PASS_BOUNDARY,
INNER_SIDE,RIGHT,1,1.0,,,0.0,1.0,0.0,2.0,1.0,,19.25,16.25,19.75,17.75,PASS_BOUNDARY,
INNER_SIDE,RIGHT,1,1.0,,,0.0,1.0,1.0,0.0,1.0,,19.25,17.25,19.75,17.75,PASS_BOUNDARY,
INNER_SIDE,RIGHT,1,1.0,,,0.0,1.0,1.0,1.0,1.0,,19.25,16.25,19.75,17.75,PASS_BOUNDARY,
INNER_SIDE,RIGHT,1,1.0,,,0.0,1.0,1.0,2.0,1.0,,19.25,15.25,19.75,17.75,PASS_BOUNDARY,
INNER_SIDE,RIGHT,1,1.0,,,0.0,1.0,2.0,0.0,1.0,,19.25,16.25,19.75,17.75,PASS_BOUNDARY,
INNER_SIDE,RIGHT,1,1.0,,,0.0,1.0,2.0,1.0,1.0,,19.25,15.25,19.75,17.75,PASS_BOUNDARY,
INNER_SIDE,RIGHT,1,1.0,,,0.0,1.0,2.0,2.0,1.0,,19.25,14.25,19.75,17.75,PASS_BOUNDARY,
INNER_SIDE,RIGHT,1,1.0,,,1.0,-1.0,0.0,0.0,2.0,,19.25,17.25,19.75,16.75,PASS_BOUNDARY,
INNER_SIDE,RIGHT,1,1.0,,,1.0,-1.0,0.0,1.0,2.0,,19.25,16.25,19.75,16.75,PASS_BOUNDARY,
INNER_SIDE,RIGHT,1,1.0,,,1.0,-1.0,0.0,2.0,2.0,,19.25,15.25,19.75,16.75,PASS_BOUNDARY,
INNER_SIDE,RIGHT,1,1.0,,,1.0,-1.0,1.0,0.0,2.0,,19.25,16.25,19.75,16.75,PASS_BOUNDARY,
INNER_SIDE,RIGHT,1,1.0,,,1.0,-1.0,1.0,1.0,2.0,,19.25,15.25,19.75,16.75,PASS_BOUNDARY,
INNER_SIDE,RIGHT,1,1.0,,,1.0,-1.0,1.0,2.0,2.0,,19.25,14.25,19.75,16.75,PASS_BOUNDARY,
INNER_SIDE,RIGHT,1,1.0,,,1.0,-1.0,2.0,0.0,2.0,,19.25,15.25,19.75,16.75,PASS_BOUNDARY,
INNER_SIDE,RIGHT,1,1.0,,,1.0,-1.0,2.0,1.0,2.0,,19.25,14.25,19.75,16.75,PASS_BOUNDARY,
INNER_SIDE,RIGHT,1,1.0,,,1.0,-1.0,2.0,2.0,2.0,,19.25,13.25,19.75,16.75,PASS_BOUNDARY,
INNER_SIDE,RIGHT,1,1.0,,,1.0,0.0,0.0,0.0,1.0,,19.25,18.25,19.75,17.75,PASS_BOUNDARY,
INNER_SIDE,RIGHT,1,1.0,,,1.0,0.0,0.0,1.0,1.0,,19.25,17.25,19.75,17.75,PASS_BOUNDARY,
INNER_SIDE,RIGHT,1,1.0,,,1.0,0.0,0.0,2.0,1.0,,19.25,16.25,19.75,17.75,PASS_BOUNDARY,
INNER_SIDE,RIGHT,1,1.0,,,1.0,0.0,1.0,0.0,1.0,,19.25,17.25,19.75,17.75,PASS_BOUNDARY,
INNER_SIDE,RIGHT,1,1.0,,,1.0,0.0,1.0,1.0,1.0,,19.25,16.25,19.75,17.75,PASS_BOUNDARY,
INNER_SIDE,RIGHT,1,1.0,,,1.0,0.0,1.0,2.0,1.0,,19.25,15.25,19.75,17.75,PASS_BOUNDARY,
INNER_SIDE,RIGHT,1,1.0,,,1.0,0.0,2.0,0.0,1.0,,19.25,16.25,19.75,17.75,PASS_BOUNDARY,
INNER_SIDE,RIGHT,1,1.0,,,1.0,0.0,2.0,1.0,1.0,,19.25,15.25,19.75,17.75,PASS_BOUNDARY,
INNER_SIDE,RIGHT,1,1.0,,,1.0,0.0,2.0,2.0,1.0,,19.25,14.25,19.75,17.75,PASS_BOUNDARY,
INNER_SIDE,RIGHT,1,1.0,,,1.0,1.0,0.0,0.0,0.0,,19.25,19.25,19.75,18.75,PASS_BOUNDARY,
INNER_SIDE,RIGHT,1,1.0,,,1.0,1.0,0.0,1.0,0.0,,19.25,18.25,19.75,18.75,PASS_BOUNDARY,
INNER_SIDE,RIGHT,1,1.0,,,1.0,1.0,0.0,2.0,0.0,,19.25,17.25,19.75,18.75,PASS_BOUNDARY,
INNER_SIDE,RIGHT,1,1.0,,,1.0,1.0,1.0,0.0,0.0,,19.25,18.25,19.75,18.75,PASS_BOUNDARY,
INNER_SIDE,RIGHT,1,1.0,,,1.0,1.0,1.0,1.0,0.0,,19.25,17.25,19.75,18.75,PASS_BOUNDARY,
INNER_SIDE,RIGHT,1,1.0,,,1.0,1.0,1.0,2.0,0.0,,19.25,16.25,19.75,18.75,PASS_BOUNDARY,
INNER_SIDE,RIGHT,1,1.0,,,1.0,1.0,2.0,0.0,0.0,,19.25,17.25,19.75,18.75,PASS_BOUNDARY,
INNER_SIDE,RIGHT,1,1.0,,,1.0,1.0,2.0,1.0,0.0,,19.25,16.25,19.75,18.75,PASS_BOUNDARY,
INNER_SIDE,RIGHT,1,1.0,,,1.0,1.0,2.0,2.0,0.0,,19.25,15.25,19.75,18.75,PASS_BOUNDARY,
INNER_SIDE,RIGHT,1,1.5,,,-1.0,-1.0,0.0,0.0,0.0,,19.25,19.25,19.75,18.25,PASS_BOUNDARY,
INNER_SIDE,RIGHT,1,1.5,,,-1.0,-1.0,0.0,1.0,0.0,,19.25,18.25,19.75,18.25,PASS_BOUNDARY,
INNER_SIDE,RIGHT,1,1.5,,,-1.0,-1.0,0.0,2.0,0.0,,19.25,17.25,19.75,18.25,PASS_BOUNDARY,
INNER_SIDE,RIGHT,1,1.5,,,-1.0,-1.0,1.0,0.0,0.0,,19.25,18.25,19.75,18.25,PASS_BOUNDARY,
INNER_SIDE,RIGHT,1,1.5,,,-1.0,-1.0,1.0,1.0,0.0,,19.25,17.25,19.75,18.25,PASS_BOUNDARY,
INNER_SIDE,RIGHT,1,1.5,,,-1.0,-1.0,1.0,2.0,0.0,,19.25,16.25,19.75,18.25,PASS_BOUNDARY,
INNER_SIDE,RIGHT,1,1.5,,,-1.0,-1.0,2.0,0.0,0.0,,19.25,17.25,19.75,18.25,PASS_BOUNDARY,
INNER_SIDE,RIGHT,1,1.5,,,-1.0,-1.0,2.0,1.0,0.0,,19.25,16.25,19.75,18.25,PASS_BOUNDARY,
INNER_SIDE,RIGHT,1,1.5,,,-1.0,-1.0,2.0,2.0,0.0,,19.25,15.25,19.75,18.25,PASS_BOUNDARY,
INNER_SIDE,RIGHT,1,1.5,,,-1.0,0.0,0.0,0.0,1.0,,19.25,18.25,19.75,17.25,PASS_BOUNDARY,
INNER_SIDE,RIGHT,1,1.5,,,-1.0,0.0,0.0,1.0,1.0,,19.25,17.25,19.75,17.25,PASS_BOUNDARY,
INNER_SIDE,RIGHT,1,1.5,,,-1.0,0.0,0.0,2.0,1.0,,19.25,16.25,19.75,17.25,PASS_BOUNDARY,
INNER_SIDE,RIGHT,1,1.5,,,-1.0,0.0,1.0,0.0,1.0,,19.25,17.25,19.75,17.25,PASS_BOUNDARY,
INNER_SIDE,RIGHT,1,1.5,,,-1.0,0.0,1.0,1.0,1.0,,19.25,16.25,19.75,17.25,PASS_BOUNDARY,
INNER_SIDE,RIGHT,1,1.5,,,-1.0,0.0,1.0,2.0,1.0,,19.25,15.25,19.75,17.25,PASS_BOUNDARY,
INNER_SIDE,RIGHT,1,1.5,,,-1.0,0.0,2.0,0.0,1.0,,19.25,16.25,19.75,17.25,PASS_BOUNDARY,
INNER_SIDE,RIGHT,1,1.5,,,-1.0,0.0,2.0,1.0,1.0,,19.25,15.25,19.75,17.25,PASS_BOUNDARY,
INNER_SIDE,RIGHT,1,1.5,,,-1.0,0.0,2.0,2.0,1.0,,19.25,14.25,19.75,17.25,PASS_BOUNDARY,
INNER_SIDE,RIGHT,1,1.5,,,-1.0,1.0,0.0,0.0,2.0,,19.25,17.25,19.75,16.25,PASS_BOUNDARY,
INNER_SIDE,RIGHT,1,1.5,,,-1.0,1.0,0.0,1.0,2.0,,19.25,16.25,19.75,16.25,PASS_BOUNDARY,
INNER_SIDE,RIGHT,1,1.5,,,-1.0,1.0,0.0,2.0,2.0,,19.25,15.25,19.75,16.25,PASS_BOUNDARY,
INNER_SIDE,RIGHT,1,1.5,,,-1.0,1.0,1.0,0.0,2.0,,19.25,16.25,19.75,16.25,PASS_BOUNDARY,
INNER_SIDE,RIGHT,1,1.5,,,-1.0,1.0,1.0,1.0,2.0,,19.25,15.25,19.75,16.25,PASS_BOUNDARY,
INNER_SIDE,RIGHT,1,1.5,,,-1.0,1.0,1.0,2.0,2.0,,19.25,14.25,19.75,16.25,PASS_BOUNDARY,
INNER_SIDE,RIGHT,1,1.5,,,-1.0,1.0,2.0,0.0,2.0,,19.25,15.25,19.75,16.25,PASS_BOUNDARY,
INNER_SIDE,RIGHT,1,1.5,,,-1.0,1.0,2.0,1.0,2.0,,19.25,14.25,19.75,16.25,PASS_BOUNDARY,
INNER_SIDE,RIGHT,1,1.5,,,-1.0,1.0,2.0,2.0,2.0,,19.25,13.25,19.75,16.25,PASS_BOUNDARY,
INNER_SIDE,RIGHT,1,1.5,,,0.0,-1.0,0.0,0.0,1.0,,19.25,18.25,19.75,17.25,PASS_BOUNDARY,
INNER_SIDE,RIGHT,1,1.5,,,0.0,-1.0,0.0,1.0,1.0,,19.25,17.25,19.75,17.25,PASS_BOUNDARY,
INNER_SIDE,RIGHT,1,1.5,,,0.0,-1.0,0.0,2.0,1.0,,19.25,16.25,19.75,17.25,PASS_BOUNDARY,
INNER_SIDE,RIGHT,1,1.5,,,0.0,-1.0,1.0,0.0,1.0,,19.25,17.25,19.75,17.25,PASS_BOUNDARY,
INNER_SIDE,RIGHT,1,1.5,,,0.0,-1.0,1.0,1.0,1.0,,19.25,16.25,19.75,17.25,PASS_BOUNDARY,
INNER_SIDE,RIGHT,1,1.5,,,0.0,-1.0,1.0,2.0,1.0,,19.25,15.25,19.75,17.25,PASS_BOUNDARY,
INNER_SIDE,RIGHT,1,1.5,,,0.0,-1.0,2.0,0.0,1.0,,19.25,16.25,19.75,17.25,PASS_BOUNDARY,
INNER_SIDE,RIGHT,1,1.5,,,0.0,-1.0,2.0,1.0,1.0,,19.25,15.25,19.75,17.25,PASS_BOUNDARY,
INNER_SIDE,RIGHT,1,1.5,,,0.0,-1.0,2.0,2.0,1.0,,19.25,14.25,19.75,17.25,PASS_BOUNDARY,
INNER_SIDE,RIGHT,1,1.5,,,0.0,0.0,0.0,0.0,0.0,,19.25,19.25,19.75,18.25,PASS_BOUNDARY,
INNER_SIDE,RIGHT,1,1.5,,,0.0,0.0,0.0,1.0,0.0,,19.25,18.25,19.75,18.25,PASS_BOUNDARY,
INNER_SIDE,RIGHT,1,1.5,,,0.0,0.0,0.0,2.0,0.0,,19.25,17.25,19.75,18.25,PASS_BOUNDARY,
INNER_SIDE,RIGHT,1,1.5,,,0.0,0.0,1.0,0.0,0.0,,19.25,18.25,19.75,18.25,PASS_BOUNDARY,
INNER_SIDE,RIGHT,1,1.5,,,0.0,0.0,1.0,1.0,0.0,,19.25,17.25,19.75,18.25,PASS_BOUNDARY,
INNER_SIDE,RIGHT,1,1.5,,,0.0,0.0,1.0,2.0,0.0,,19.25,16.25,19.75,18.25,PASS_BOUNDARY,
INNER_SIDE,RIGHT,1,1.5,,,0.0,0.0,2.0,0.0,0.0,,19.25,17.25,19.75,18.25,PASS_BOUNDARY,
INNER_SIDE,RIGHT,1,1.5,,,0.0,0.0,2.0,1.0,0.0,,19.25,16.25,19.75,18.25,PASS_BOUNDARY,
INNER_SIDE,RIGHT,1,1.5,,,0.0,0.0,2.0,2.0,0.0,,19.25,15.25,19.75,18.25,PASS_BOUNDARY,
INNER_SIDE,RIGHT,1,1.5,,,0.0,1.0,0.0,0.0,1.0,,19.25,18.25,19.75,17.25,PASS_BOUNDARY,
INNER_SIDE,RIGHT,1,1.5,,,0.0,1.0,0.0,1.0,1.0,,19.25,17.25,19.75,17.25,PASS_BOUNDARY,
INNER_SIDE,RIGHT,1,1.5,,,0.0,1.0,0.0,2.0,1.0,,19.25,16.25,19.75,17.25,PASS_BOUNDARY,
INNER_SIDE,RIGHT,1,1.5,,,0.0,1.0,1.0,0.0,1.0,,19.25,17.25,19.75,17.25,PASS_BOUNDARY,
INNER_SIDE,RIGHT,1,1.5,,,0.0,1.0,1.0,1.0,1.0,,19.25,16.25,19.75,17.25,PASS_BOUNDARY,
INNER_SIDE,RIGHT,1,1.5,,,0.0,1.0,1.0,2.0,1.0,,19.25,15.25,19.75,17.25,PASS_BOUNDARY,
INNER_SIDE,RIGHT,1,1.5,,,0.0,1.0,2.0,0.0,1.0,,19.25,16.25,19.75,17.25,PASS_BOUNDARY,
INNER_SIDE,RIGHT,1,1.5,,,0.0,1.0,2.0,1.0,1.0,,19.25,15.25,19.75,17.25,PASS_BOUNDARY,
INNER_SIDE,RIGHT,1,1.5,,,0.0,1.0,2.0,2.0,1.0,,19.25,14.25,19.75,17.25,PASS_BOUNDARY,
INNER_SIDE,RIGHT,1,1.5,,,1.0,-1.0,0.0,0.0,2.0,,19.25,17.25,19.75,16.25,PASS_BOUNDARY,
INNER_SIDE,RIGHT,1,1.5,,,1.0,-1.0,0.0,1.0,2.0,,19.25,16.25,19.75,16.25,PASS_BOUNDARY,
INNER_SIDE,RIGHT,1,1.5,,,1.0,-1.0,0.0,2.0,2.0,,19.25,15.25,19.75,16.25,PASS_BOUNDARY,
INNER_SIDE,RIGHT,1,1.5,,,1.0,-1.0,1.0,0.0,2.0,,19.25,16.25,19.75,16.25,PASS_BOUNDARY,
INNER_SIDE,RIGHT,1,1.5,,,1.0,-1.0,1.0,1.0,2.0,,19.25,15.25,19.75,16.25,PASS_BOUNDARY,
INNER_SIDE,RIGHT,1,1.5,,,1.0,-1.0,1.0,2.0,2.0,,19.25,14.25,19.75,16.25,PASS_BOUNDARY,
INNER_SIDE,RIGHT,1,1.5,,,1.0,-1.0,2.0,0.0,2.0,,19.25,15.25,19.75,16.25,PASS_BOUNDARY,
INNER_SIDE,RIGHT,1,1.5,,,1.0,-1.0,2.0,1.0,2.0,,19.25,14.25,19.75,16.25,PASS_BOUNDARY,
INNER_SIDE,RIGHT,1,1.5,,,1.0,-1.0,2.0,2.0,2.0,,19.25,13.25,19.75,16.25,PASS_BOUNDARY,
INNER_SIDE,RIGHT,1,1.5,,,1.0,0.0,0.0,0.0,1.0,,19.25,18.25,19.75,17.25,PASS_BOUNDARY,
INNER_SIDE,RIGHT,1,1.5,,,1.0,0.0,0.0,1.0,1.0,,19.25,17.25,19.75,17.25,PASS_BOUNDARY,
INNER_SIDE,RIGHT,1,1.5,,,1.0,0.0,0.0,2.0,1.0,,19.25,16.25,19.75,17.25,PASS_BOUNDARY,
INNER_SIDE,RIGHT,1,1.5,,,1.0,0.0,1.0,0.0,1.0,,19.25,17.25,19.75,17.25,PASS_BOUNDARY,
INNER_SIDE,RIGHT,1,1.5,,,1.0,0.0,1.0,1.0,1.0,,19.25,16.25,19.75,17.25,PASS_BOUNDARY,
INNER_SIDE,RIGHT,1,1.5,,,1.0,0.0,1.0,2.0,1.0,,19.25,15.25,19.75,17.25,PASS_BOUNDARY,
INNER_SIDE,RIGHT,1,1.5,,,1.0,0.0,2.0,0.0,1.0,,19.25,16.25,19.75,17.25,PASS_BOUNDARY,
INNER_SIDE,RIGHT,1,1.5,,,1.0,0.0,2.0,1.0,1.0,,19.25,15.25,19.75,17.25,PASS_BOUNDARY,
INNER_SIDE,RIGHT,1,1.5,,,1.0,0.0,2.0,2.0,1.0,,19.25,14.25,19.75,17.25,PASS_BOUNDARY,
INNER_SIDE,RIGHT,1,1.5,,,1.0,1.0,0.0,0.0,0.0,,19.25,19.25,19.75,18.25,PASS_BOUNDARY,
INNER_SIDE,RIGHT,1,1.5,,,1.0,1.0,0.0,1.0,0.0,,19.25,18.25,19.75,18.25,PASS_BOUNDARY,
INNER_SIDE,RIGHT,1,1.5,,,1.0,1.0,0.0,2.0,0.0,,19.25,17.25,19.75,18.25,PASS_BOUNDARY,
INNER_SIDE,RIGHT,1,1.5,,,1.0,1.0,1.0,0.0,0.0,,19.25,18.25,19.75,18.25,PASS_BOUNDARY,
INNER_SIDE,RIGHT,1,1.5,,,1.0,1.0,1.0,1.0,0.0,,19.25,17.25,19.75,18.25,PASS_BOUNDARY,
INNER_SIDE,RIGHT,1,1.5,,,1.0,1.0,1.0,2.0,0.0,,19.25,16.25,19.75,18.25,PASS_BOUNDARY,
INNER_SIDE,RIGHT,1,1.5,,,1.0,1.0,2.0,0.0,0.0,,19.25,17.25,19.75,18.25,PASS_BOUNDARY,
INNER_SIDE,RIGHT,1,1.5,,,1.0,1.0,2.0,1.0,0.0,,19.25,16.25,19.75,18.25,PASS_BOUNDARY,
INNER_SIDE,RIGHT,1,1.5,,,1.0,1.0,2.0,2.0,0.0,,19.25,15.25,19.75,18.25,PASS_BOUNDARY,
INNER_SIDE,RIGHT,2,0.0,,,-1.0,-1.0,0.0,0.0,0.0,,18.25,18.25,18.75,18.75,PASS_BOUNDARY,
INNER_SIDE,RIGHT,2,0.0,,,-1.0,-1.0,0.0,1.0,0.0,,18.25,17.25,18.75,18.75,PASS_BOUNDARY,
INNER_SIDE,RIGHT,2,0.0,,,-1.0,-1.0,0.0,2.0,0.0,,18.25,16.25,18.75,18.75,PASS_BOUNDARY,
INNER_SIDE,RIGHT,2,0.0,,,-1.0,-1.0,1.0,0.0,0.0,,18.25,17.25,18.75,18.75,PASS_BOUNDARY,
INNER_SIDE,RIGHT,2,0.0,,,-1.0,-1.0,1.0,1.0,0.0,,18.25,16.25,18.75,18.75,PASS_BOUNDARY,
INNER_SIDE,RIGHT,2,0.0,,,-1.0,-1.0,1.0,2.0,0.0,,18.25,15.25,18.75,18.75,PASS_BOUNDARY,
INNER_SIDE,RIGHT,2,0.0,,,-1.0,-1.0,2.0,0.0,0.0,,18.25,16.25,18.75,18.75,PASS_BOUNDARY,
INNER_SIDE,RIGHT,2,0.0,,,-1.0,-1.0,2.0,1.0,0.0,,18.25,15.25,18.75,18.75,PASS_BOUNDARY,
INNER_SIDE,RIGHT,2,0.0,,,-1.0,-1.0,2.0,2.0,0.0,,18.25,14.25,18.75,18.75,PASS_BOUNDARY,
INNER_SIDE,RIGHT,2,0.0,,,-1.0,0.0,0.0,0.0,1.0,,18.25,17.25,18.75,17.75,PASS_BOUNDARY,
INNER_SIDE,RIGHT,2,0.0,,,-1.0,0.0,0.0,1.0,1.0,,18.25,16.25,18.75,17.75,PASS_BOUNDARY,
INNER_SIDE,RIGHT,2,0.0,,,-1.0,0.0,0.0,2.0,1.0,,18.25,15.25,18.75,17.75,PASS_BOUNDARY,
INNER_SIDE,RIGHT,2,0.0,,,-1.0,0.0,1.0,0.0,1.0,,18.25,16.25,18.75,17.75,PASS_BOUNDARY,
INNER_SIDE,RIGHT,2,0.0,,,-1.0,0.0,1.0,1.0,1.0,,18.25,15.25,18.75,17.75,PASS_BOUNDARY,
INNER_SIDE,RIGHT,2,0.0,,,-1.0,0.0,1.0,2.0,1.0,,18.25,14.25,18.75,17.75,PASS_BOUNDARY,
INNER_SIDE,RIGHT,2,0.0,,,-1.0,0.0,2.0,0.0,1.0,,18.25,15.25,18.75,17.75,PASS_BOUNDARY,
INNER_SIDE,RIGHT,2,0.0,,,-1.0,0.0,2.0,1.0,1.0,,18.25,14.25,18.75,17.75,PASS_BOUNDARY,
INNER_SIDE,RIGHT,2,0.0,,,-1.0,0.0,2.0,2.0,1.0,,18.25,13.25,18.75,17.75,PASS_BOUNDARY,
INNER_SIDE,RIGHT,2,0.0,,,-1.0,1.0,0.0,0.0,2.0,,18.25,16.25,18.75,16.75,PASS_BOUNDARY,
INNER_SIDE,RIGHT,2,0.0,,,-1.0,1.0,0.0,1.0,2.0,,18.25,15.25,18.75,16.75,PASS_BOUNDARY,
INNER_SIDE,RIGHT,2,0.0,,,-1.0,1.0,0.0,2.0,2.0,,18.25,14.25,18.75,16.75,PASS_BOUNDARY,
INNER_SIDE,RIGHT,2,0.0,,,-1.0,1.0,1.0,0.0,2.0,,18.25,15.25,18.75,16.75,PASS_BOUNDARY,
INNER_SIDE,RIGHT,2,0.0,,,-1.0,1.0,1.0,1.0,2.0,,18.25,14.25,18.75,16.75,PASS_BOUNDARY,
INNER_SIDE,RIGHT,2,0.0,,,-1.0,1.0,1.0,2.0,2.0,,18.25,13.25,18.75,16.75,PASS_BOUNDARY,
INNER_SIDE,RIGHT,2,0.0,,,-1.0,1.0,2.0,0.0,2.0,,18.25,14.25,18.75,16.75,PASS_BOUNDARY,
INNER_SIDE,RIGHT,2,0.0,,,-1.0,1.0,2.0,1.0,2.0,,18.25,13.25,18.75,16.75,PASS_BOUNDARY,
INNER_SIDE,RIGHT,2,0.0,,,-1.0,1.0,2.0,2.0,2.0,,18.25,12.25,18.75,16.75,PASS_BOUNDARY,
INNER_SIDE,RIGHT,2,0.0,,,0.0,-1.0,0.0,0.0,1.0,,18.25,17.25,18.75,17.75,PASS_BOUNDARY,
INNER_SIDE,RIGHT,2,0.0,,,0.0,-1.0,0.0,1.0,1.0,,18.25,16.25,18.75,17.75,PASS_BOUNDARY,
INNER_SIDE,RIGHT,2,0.0,,,0.0,-1.0,0.0,2.0,1.0,,18.25,15.25,18.75,17.75,PASS_BOUNDARY,
INNER_SIDE,RIGHT,2,0.0,,,0.0,-1.0,1.0,0.0,1.0,,18.25,16.25,18.75,17.75,PASS_BOUNDARY,
INNER_SIDE,RIGHT,2,0.0,,,0.0,-1.0,1.0,1.0,1.0,,18.25,15.25,18.75,17.75,PASS_BOUNDARY,
INNER_SIDE,RIGHT,2,0.0,,,0.0,-1.0,1.0,2.0,1.0,,18.25,14.25,18.75,17.75,PASS_BOUNDARY,
INNER_SIDE,RIGHT,2,0.0,,,0.0,-1.0,2.0,0.0,1.0,,18.25,15.25,18.75,17.75,PASS_BOUNDARY,
INNER_SIDE,RIGHT,2,0.0,,,0.0,-1.0,2.0,1.0,1.0,,18.25,14.25,18.75,17.75,PASS_BOUNDARY,
INNER_SIDE,RIGHT,2,0.0,,,0.0,-1.0,2.0,2.0,1.0,,18.25,13.25,18.75,17.75,PASS_BOUNDARY,
INNER_SIDE,RIGHT,2,0.0,,,0.0,0.0,0.0,0.0,0.0,,18.25,18.25,18.75,18.75,PASS_BOUNDARY,
INNER_SIDE,RIGHT,2,0.0,,,0.0,0.0,0.0,1.0,0.0,,18.25,17.25,18.75,18.75,PASS_BOUNDARY,
INNER_SIDE,RIGHT,2,0.0,,,0.0,0.0,0.0,2.0,0.0,,18.25,16.25,18.75,18.75,PASS_BOUNDARY,
INNER_SIDE,RIGHT,2,0.0,,,0.0,0.0,1.0,0.0,0.0,,18.25,17.25,18.75,18.75,PASS_BOUNDARY,
INNER_SIDE,RIGHT,2,0.0,,,0.0,0.0,1.0,1.0,0.0,,18.25,16.25,18.75,18.75,PASS_BOUNDARY,
INNER_SIDE,RIGHT,2,0.0,,,0.0,0.0,1.0,2.0,0.0,,18.25,15.25,18.75,18.75,PASS_BOUNDARY,
INNER_SIDE,RIGHT,2,0.0,,,0.0,0.0,2.0,0.0,0.0,,18.25,16.25,18.75,18.75,PASS_BOUNDARY,
INNER_SIDE,RIGHT,2,0.0,,,0.0,0.0,2.0,1.0,0.0,,18.25,15.25,18.75,18.75,PASS_BOUNDARY,
INNER_SIDE,RIGHT,2,0.0,,,0.0,0.0,2.0,2.0,0.0,,18.25,14.25,18.75,18.75,PASS_BOUNDARY,
INNER_SIDE,RIGHT,2,0.0,,,0.0,1.0,0.0,0.0,1.0,,18.25,17.25,18.75,17.75,PASS_BOUNDARY,
INNER_SIDE,RIGHT,2,0.0,,,0.0,1.0,0.0,1.0,1.0,,18.25,16.25,18.75,17.75,PASS_BOUNDARY,
INNER_SIDE,RIGHT,2,0.0,,,0.0,1.0,0.0,2.0,1.0,,18.25,15.25,18.75,17.75,PASS_BOUNDARY,
INNER_SIDE,RIGHT,2,0.0,,,0.0,1.0,1.0,0.0,1.0,,18.25,16.25,18.75,17.75,PASS_BOUNDARY,
INNER_SIDE,RIGHT,2,0.0,,,0.0,1.0,1.0,1.0,1.0,,18.25,15.25,18.75,17.75,PASS_BOUNDARY,
INNER_SIDE,RIGHT,2,0.0,,,0.0,1.0,1.0,2.0,1.0,,18.25,14.25,18.75,17.75,PASS_BOUNDARY,
INNER_SIDE,RIGHT,2,0.0,,,0.0,1.0,2.0,0.0,1.0,,18.25,15.25,18.75,17.75,PASS_BOUNDARY,
INNER_SIDE,RIGHT,2,0.0,,,0.0,1.0,2.0,1.0,1.0,,18.25,14.25,18.75,17.75,PASS_BOUNDARY,
INNER_SIDE,RIGHT,2,0.0,,,0.0,1.0,2.0,2.0,1.0,,18.25,13.25,18.75,17.75,PASS_BOUNDARY,
INNER_SIDE,RIGHT,2,0.0,,,1.0,-1.0,0.0,0.0,2.0,,18.25,16.25,18.75,16.75,PASS_BOUNDARY,
INNER_SIDE,RIGHT,2,0.0,,,1.0,-1.0,0.0,1.0,2.0,,18.25,15.25,18.75,16.75,PASS_BOUNDARY,
INNER_SIDE,RIGHT,2,0.0,,,1.0,-1.0,0.0,2.0,2.0,,18.25,14.25,18.75,16.75,PASS_BOUNDARY,
INNER_SIDE,RIGHT,2,0.0,,,1.0,-1.0,1.0,0.0,2.0,,18.25,15.25,18.75,16.75,PASS_BOUNDARY,
INNER_SIDE,RIGHT,2,0.0,,,1.0,-1.0,1.0,1.0,2.0,,18.25,14.25,18.75,16.75,PASS_BOUNDARY,
INNER_SIDE,RIGHT,2,0.0,,,1.0,-1.0,1.0,2.0,2.0,,18.25,13.25,18.75,16.75,PASS_BOUNDARY,
INNER_SIDE,RIGHT,2,0.0,,,1.0,-1.0,2.0,0.0,2.0,,18.25,14.25,18.75,16.75,PASS_BOUNDARY,
INNER_SIDE,RIGHT,2,0.0,,,1.0,-1.0,2.0,1.0,2.0,,18.25,13.25,18.75,16.75,PASS_BOUNDARY,
INNER_SIDE,RIGHT,2,0.0,,,1.0,-1.0,2.0,2.0,2.0,,18.25,12.25,18.75,16.75,PASS_BOUNDARY,
INNER_SIDE,RIGHT,2,0.0,,,1.0,0.0,0.0,0.0,1.0,,18.25,17.25,18.75,17.75,PASS_BOUNDARY,
INNER_SIDE,RIGHT,2,0.0,,,1.0,0.0,0.0,1.0,1.0,,18.25,16.25,18.75,17.75,PASS_BOUNDARY,
INNER_SIDE,RIGHT,2,0.0,,,1.0,0.0,0.0,2.0,1.0,,18.25,15.25,18.75,17.75,PASS_BOUNDARY,
INNER_SIDE,RIGHT,2,0.0,,,1.0,0.0,1.0,0.0,1.0,,18.25,16.25,18.75,17.75,PASS_BOUNDARY,
INNER_SIDE,RIGHT,2,0.0,,,1.0,0.0,1.0,1.0,1.0,,18.25,15.25,18.75,17.75,PASS_BOUNDARY,
INNER_SIDE,RIGHT,2,0.0,,,1.0,0.0,1.0,2.0,1.0,,18.25,14.25,18.75,17.75,PASS_BOUNDARY,
INNER_SIDE,RIGHT,2,0.0,,,1.0,0.0,2.0,0.0,1.0,,18.25,15.25,18.75,17.75,PASS_BOUNDARY,
INNER_SIDE,RIGHT,2,0.0,,,1.0,0.0,2.0,1.0,1.0,,18.25,14.25,18.75,17.75,PASS_BOUNDARY,
INNER_SIDE,RIGHT,2,0.0,,,1.0,0.0,2.0,2.0,1.0,,18.25,13.25,18.75,17.75,PASS_BOUNDARY,
INNER_SIDE,RIGHT,2,0.0,,,1.0,1.0,0.0,0.0,0.0,,18.25,18.25,18.75,18.75,PASS_BOUNDARY,
INNER_SIDE,RIGHT,2,0.0,,,1.0,1.0,0.0,1.0,0.0,,18.25,17.25,18.75,18.75,PASS_BOUNDARY,
INNER_SIDE,RIGHT,2,0.0,,,1.0,1.0,0.0,2.0,0.0,,18.25,16.25,18.75,18.75,PASS_BOUNDARY,
INNER_SIDE,RIGHT,2,0.0,,,1.0,1.0,1.0,0.0,0.0,,18.25,17.25,18.75,18.75,PASS_BOUNDARY,
INNER_SIDE,RIGHT,2,0.0,,,1.0,1.0,1.0,1.0,0.0,,18.25,16.25,18.75,18.75,PASS_BOUNDARY,
INNER_SIDE,RIGHT,2,0.0,,,1.0,1.0,1.0,2.0,0.0,,18.25,15.25,18.75,18.75,PASS_BOUNDARY,
INNER_SIDE,RIGHT,2,0.0,,,1.0,1.0,2.0,0.0,0.0,,18.25,16.25,18.75,18.75,PASS_BOUNDARY,
INNER_SIDE,RIGHT,2,0.0,,,1.0,1.0,2.0,1.0,0.0,,18.25,15.25,18.75,18.75,PASS_BOUNDARY,
INNER_SIDE,RIGHT,2,0.0,,,1.0,1.0,2.0,2.0,0.0,,18.25,14.25,18.75,18.75,PASS_BOUNDARY,
INNER_SIDE,RIGHT,2,0.5,,,-1.0,-1.0,0.0,0.0,0.0,,18.25,18.25,18.75,18.25,PASS_BOUNDARY,
INNER_SIDE,RIGHT,2,0.5,,,-1.0,-1.0,0.0,1.0,0.0,,18.25,17.25,18.75,18.25,PASS_BOUNDARY,
INNER_SIDE,RIGHT,2,0.5,,,-1.0,-1.0,0.0,2.0,0.0,,18.25,16.25,18.75,18.25,PASS_BOUNDARY,
INNER_SIDE,RIGHT,2,0.5,,,-1.0,-1.0,1.0,0.0,0.0,,18.25,17.25,18.75,18.25,PASS_BOUNDARY,
INNER_SIDE,RIGHT,2,0.5,,,-1.0,-1.0,1.0,1.0,0.0,,18.25,16.25,18.75,18.25,PASS_BOUNDARY,
INNER_SIDE,RIGHT,2,0.5,,,-1.0,-1.0,1.0,2.0,0.0,,18.25,15.25,18.75,18.25,PASS_BOUNDARY,
INNER_SIDE,RIGHT,2,0.5,,,-1.0,-1.0,2.0,0.0,0.0,,18.25,16.25,18.75,18.25,PASS_BOUNDARY,
INNER_SIDE,RIGHT,2,0.5,,,-1.0,-1.0,2.0,1.0,0.0,,18.25,15.25,18.75,18.25,PASS_BOUNDARY,
INNER_SIDE,RIGHT,2,0.5,,,-1.0,-1.0,2.0,2.0,0.0,,18.25,14.25,18.75,18.25,PASS_BOUNDARY,
INNER_SIDE,RIGHT,2,0.5,,,-1.0,0.0,0.0,0.0,1.0,,18.25,17.25,18.75,17.25,PASS_BOUNDARY,
INNER_SIDE,RIGHT,2,0.5,,,-1.0,0.0,0.0,1.0,1.0,,18.25,16.25,18.75,17.25,PASS_BOUNDARY,
INNER_SIDE,RIGHT,2,0.5,,,-1.0,0.0,0.0,2.0,1.0,,18.25,15.25,18.75,17.25,PASS_BOUNDARY,
INNER_SIDE,RIGHT,2,0.5,,,-1.0,0.0,1.0,0.0,1.0,,18.25,16.25,18.75,17.25,PASS_BOUNDARY,
INNER_SIDE,RIGHT,2,0.5,,,-1.0,0.0,1.0,1.0,1.0,,18.25,15.25,18.75,17.25,PASS_BOUNDARY,
INNER_SIDE,RIGHT,2,0.5,,,-1.0,0.0,1.0,2.0,1.0,,18.25,14.25,18.75,17.25,PASS_BOUNDARY,
INNER_SIDE,RIGHT,2,0.5,,,-1.0,0.0,2.0,0.0,1.0,,18.25,15.25,18.75,17.25,PASS_BOUNDARY,
INNER_SIDE,RIGHT,2,0.5,,,-1.0,0.0,2.0,1.0,1.0,,18.25,14.25,18.75,17.25,PASS_BOUNDARY,
INNER_SIDE,RIGHT,2,0.5,,,-1.0,0.0,2.0,2.0,1.0,,18.25,13.25,18.75,17.25,PASS_BOUNDARY,
INNER_SIDE,RIGHT,2,0.5,,,-1.0,1.0,0.0,0.0,2.0,,18.25,16.25,18.75,16.25,PASS_BOUNDARY,
INNER_SIDE,RIGHT,2,0.5,,,-1.0,1.0,0.0,1.0,2.0,,18.25,15.25,18.75,16.25,PASS_BOUNDARY,
INNER_SIDE,RIGHT,2,0.5,,,-1.0,1.0,0.0,2.0,2.0,,18.25,14.25,18.75,16.25,PASS_BOUNDARY,
INNER_SIDE,RIGHT,2,0.5,,,-1.0,1.0,1.0,0.0,2.0,,18.25,15.25,18.75,16.25,PASS_BOUNDARY,
INNER_SIDE,RIGHT,2,0.5,,,-1.0,1.0,1.0,1.0,2.0,,18.25,14.25,18.75,16.25,PASS_BOUNDARY,
INNER_SIDE,RIGHT,2,0.5,,,-1.0,1.0,1.0,2.0,2.0,,18.25,13.25,18.75,16.25,PASS_BOUNDARY,
INNER_SIDE,RIGHT,2,0.5,,,-1.0,1.0,2.0,0.0,2.0,,18.25,14.25,18.75,16.25,PASS_BOUNDARY,
INNER_SIDE,RIGHT,2,0.5,,,-1.0,1.0,2.0,1.0,2.0,,18.25,13.25,18.75,16.25,PASS_BOUNDARY,
INNER_SIDE,RIGHT,2,0.5,,,-1.0,1.0,2.0,2.0,2.0,,18.25,12.25,18.75,16.25,PASS_BOUNDARY,
INNER_SIDE,RIGHT,2,0.5,,,0.0,-1.0,0.0,0.0,1.0,,18.25,17.25,18.75,17.25,PASS_BOUNDARY,
INNER_SIDE,RIGHT,2,0.5,,,0.0,-1.0,0.0,1.0,1.0,,18.25,16.25,18.75,17.25,PASS_BOUNDARY,
INNER_SIDE,RIGHT,2,0.5,,,0.0,-1.0,0.0,2.0,1.0,,18.25,15.25,18.75,17.25,PASS_BOUNDARY,
INNER_SIDE,RIGHT,2,0.5,,,0.0,-1.0,1.0,0.0,1.0,,18.25,16.25,18.75,17.25,PASS_BOUNDARY,
INNER_SIDE,RIGHT,2,0.5,,,0.0,-1.0,1.0,1.0,1.0,,18.25,15.25,18.75,17.25,PASS_BOUNDARY,
INNER_SIDE,RIGHT,2,0.5,,,0.0,-1.0,1.0,2.0,1.0,,18.25,14.25,18.75,17.25,PASS_BOUNDARY,
INNER_SIDE,RIGHT,2,0.5,,,0.0,-1.0,2.0,0.0,1.0,,18.25,15.25,18.75,17.25,PASS_BOUNDARY,
INNER_SIDE,RIGHT,2,0.5,,,0.0,-1.0,2.0,1.0,1.0,,18.25,14.25,18.75,17.25,PASS_BOUNDARY,
INNER_SIDE,RIGHT,2,0.5,,,0.0,-1.0,2.0,2.0,1.0,,18.25,13.25,18.75,17.25,PASS_BOUNDARY,
INNER_SIDE,RIGHT,2,0.5,,,0.0,0.0,0.0,0.0,0.0,,18.25,18.25,18.75,18.25,PASS_BOUNDARY,
INNER_SIDE,RIGHT,2,0.5,,,0.0,0.0,0.0,1.0,0.0,,18.25,17.25,18.75,18.25,PASS_BOUNDARY,
INNER_SIDE,RIGHT,2,0.5,,,0.0,0.0,0.0,2.0,0.0,,18.25,16.25,18.75,18.25,PASS_BOUNDARY,
INNER_SIDE,RIGHT,2,0.5,,,0.0,0.0,1.0,0.0,0.0,,18.25,17.25,18.75,18.25,PASS_BOUNDARY,
INNER_SIDE,RIGHT,2,0.5,,,0.0,0.0,1.0,1.0,0.0,,18.25,16.25,18.75,18.25,PASS_BOUNDARY,
INNER_SIDE,RIGHT,2,0.5,,,0.0,0.0,1.0,2.0,0.0,,18.25,15.25,18.75,18.25,PASS_BOUNDARY,
INNER_SIDE,RIGHT,2,0.5,,,0.0,0.0,2.0,0.0,0.0,,18.25,16.25,18.75,18.25,PASS_BOUNDARY,
INNER_SIDE,RIGHT,2,0.5,,,0.0,0.0,2.0,1.0,0.0,,18.25,15.25,18.75,18.25,PASS_BOUNDARY,
INNER_SIDE,RIGHT,2,0.5,,,0.0,0.0,2.0,2.0,0.0,,18.25,14.25,18.75,18.25,PASS_BOUNDARY,
INNER_SIDE,RIGHT,2,0.5,,,0.0,1.0,0.0,0.0,1.0,,18.25,17.25,18.75,17.25,PASS_BOUNDARY,
INNER_SIDE,RIGHT,2,0.5,,,0.0,1.0,0.0,1.0,1.0,,18.25,16.25,18.75,17.25,PASS_BOUNDARY,
INNER_SIDE,RIGHT,2,0.5,,,0.0,1.0,0.0,2.0,1.0,,18.25,15.25,18.75,17.25,PASS_BOUNDARY,
INNER_SIDE,RIGHT,2,0.5,,,0.0,1.0,1.0,0.0,1.0,,18.25,16.25,18.75,17.25,PASS_BOUNDARY,
INNER_SIDE,RIGHT,2,0.5,,,0.0,1.0,1.0,1.0,1.0,,18.25,15.25,18.75,17.25,PASS_BOUNDARY,
INNER_SIDE,RIGHT,2,0.5,,,0.0,1.0,1.0,2.0,1.0,,18.25,14.25,18.75,17.25,PASS_BOUNDARY,
INNER_SIDE,RIGHT,2,0.5,,,0.0,1.0,2.0,0.0,1.0,,18.25,15.25,18.75,17.25,PASS_BOUNDARY,
INNER_SIDE,RIGHT,2,0.5,,,0.0,1.0,2.0,1.0,1.0,,18.25,14.25,18.75,17.25,PASS_BOUNDARY,
INNER_SIDE,RIGHT,2,0.5,,,0.0,1.0,2.0,2.0,1.0,,18.25,13.25,18.75,17.25,PASS_BOUNDARY,
INNER_SIDE,RIGHT,2,0.5,,,1.0,-1.0,0.0,0.0,2.0,,18.25,16.25,18.75,16.25,PASS_BOUNDARY,
INNER_SIDE,RIGHT,2,0.5,,,1.0,-1.0,0.0,1.0,2.0,,18.25,15.25,18.75,16.25,PASS_BOUNDARY,
INNER_SIDE,RIGHT,2,0.5,,,1.0,-1.0,0.0,2.0,2.0,,18.25,14.25,18.75,16.25,PASS_BOUNDARY,
INNER_SIDE,RIGHT,2,0.5,,,1.0,-1.0,1.0,0.0,2.0,,18.25,15.25,18.75,16.25,PASS_BOUNDARY,
INNER_SIDE,RIGHT,2,0.5,,,1.0,-1.0,1.0,1.0,2.0,,18.25,14.25,18.75,16.25,PASS_BOUNDARY,
INNER_SIDE,RIGHT,2,0.5,,,1.0,-1.0,1.0,2.0,2.0,,18.25,13.25,18.75,16.25,PASS_BOUNDARY,
INNER_SIDE,RIGHT,2,0.5,,,1.0,-1.0,2.0,0.0,2.0,,18.25,14.25,18.75,16.25,PASS_BOUNDARY,
INNER_SIDE,RIGHT,2,0.5,,,1.0,-1.0,2.0,1.0,2.0,,18.25,13.25,18.75,16.25,PASS_BOUNDARY,
INNER_SIDE,RIGHT,2,0.5,,,1.0,-1.0,2.0,2.0,2.0,,18.25,12.25,18.75,16.25,PASS_BOUNDARY,
INNER_SIDE,RIGHT,2,0.5,,,1.0,0.0,0.0,0.0,1.0,,18.25,17.25,18.75,17.25,PASS_BOUNDARY,
INNER_SIDE,RIGHT,2,0.5,,,1.0,0.0,0.0,1.0,1.0,,18.25,16.25,18.75,17.25,PASS_BOUNDARY,
INNER_SIDE,RIGHT,2,0.5,,,1.0,0.0,0.0,2.0,1.0,,18.25,15.25,18.75,17.25,PASS_BOUNDARY,
INNER_SIDE,RIGHT,2,0.5,,,1.0,0.0,1.0,0.0,1.0,,18.25,16.25,18.75,17.25,PASS_BOUNDARY,
INNER_SIDE,RIGHT,2,0.5,,,1.0,0.0,1.0,1.0,1.0,,18.25,15.25,18.75,17.25,PASS_BOUNDARY,
INNER_SIDE,RIGHT,2,0.5,,,1.0,0.0,1.0,2.0,1.0,,18.25,14.25,18.75,17.25,PASS_BOUNDARY,
INNER_SIDE,RIGHT,2,0.5,,,1.0,0.0,2.0,0.0,1.0,,18.25,15.25,18.75,17.25,PASS_BOUNDARY,
INNER_SIDE,RIGHT,2,0.5,,,1.0,0.0,2.0,1.0,1.0,,18.25,14.25,18.75,17.25,PASS_BOUNDARY,
INNER_SIDE,RIGHT,2,0.5,,,1.0,0.0,2.0,2.0,1.0,,18.25,13.25,18.75,17.25,PASS_BOUNDARY,
INNER_SIDE,RIGHT,2,0.5,,,1.0,1.0,0.0,0.0,0.0,,18.25,18.25,18.75,18.25,PASS_BOUNDARY,
INNER_SIDE,RIGHT,2,0.5,,,1.0,1.0,0.0,1.0,0.0,,18.25,17.25,18.75,18.25,PASS_BOUNDARY,
INNER_SIDE,RIGHT,2,0.5,,,1.0,1.0,0.0,2.0,0.0,,18.25,16.25,18.75,18.25,PASS_BOUNDARY,
INNER_SIDE,RIGHT,2,0.5,,,1.0,1.0,1.0,0.0,0.0,,18.25,17.25,18.75,18.25,PASS_BOUNDARY,
INNER_SIDE,RIGHT,2,0.5,,,1.0,1.0,1.0,1.0,0.0,,18.25,16.25,18.75,18.25,PASS_BOUNDARY,
INNER_SIDE,RIGHT,2,0.5,,,1.0,1.0,1.0,2.0,0.0,,18.25,15.25,18.75,18.25,PASS_BOUNDARY,
INNER_SIDE,RIGHT,2,0.5,,,1.0,1.0,2.0,0.0,0.0,,18.25,16.25,18.75,18.25,PASS_BOUNDARY,
INNER_SIDE,RIGHT,2,0.5,,,1.0,1.0,2.0,1.0,0.0,,18.25,15.25,18.75,18.25,PASS_BOUNDARY,
INNER_SIDE,RIGHT,2,0.5,,,1.0,1.0,2.0,2.0,0.0,,18.25,14.25,18.75,18.25,PASS_BOUNDARY,
INNER_SIDE,RIGHT,2,1.0,,,-1.0,-1.0,0.0,0.0,0.0,,18.25,18.25,18.75,17.75,PASS_BOUNDARY,
INNER_SIDE,RIGHT,2,1.0,,,-1.0,-1.0,0.0,1.0,0.0,,18.25,17.25,18.75,17.75,PASS_BOUNDARY,
INNER_SIDE,RIGHT,2,1.0,,,-1.0,-1.0,0.0,2.0,0.0,,18.25,16.25,18.75,17.75,PASS_BOUNDARY,
INNER_SIDE,RIGHT,2,1.0,,,-1.0,-1.0,1.0,0.0,0.0,,18.25,17.25,18.75,17.75,PASS_BOUNDARY,
INNER_SIDE,RIGHT,2,1.0,,,-1.0,-1.0,1.0,1.0,0.0,,18.25,16.25,18.75,17.75,PASS_BOUNDARY,
INNER_SIDE,RIGHT,2,1.0,,,-1.0,-1.0,1.0,2.0,0.0,,18.25,15.25,18.75,17.75,PASS_BOUNDARY,
INNER_SIDE,RIGHT,2,1.0,,,-1.0,-1.0,2.0,0.0,0.0,,18.25,16.25,18.75,17.75,PASS_BOUNDARY,
INNER_SIDE,RIGHT,2,1.0,,,-1.0,-1.0,2.0,1.0,0.0,,18.25,15.25,18.75,17.75,PASS_BOUNDARY,
INNER_SIDE,RIGHT,2,1.0,,,-1.0,-1.0,2.0,2.0,0.0,,18.25,14.25,18.75,17.75,PASS_BOUNDARY,
INNER_SIDE,RIGHT,2,1.0,,,-1.0,0.0,0.0,0.0,1.0,,18.25,17.25,18.75,16.75,PASS_BOUNDARY,
INNER_SIDE,RIGHT,2,1.0,,,-1.0,0.0,0.0,1.0,1.0,,18.25,16.25,18.75,16.75,PASS_BOUNDARY,
INNER_SIDE,RIGHT,2,1.0,,,-1.0,0.0,0.0,2.0,1.0,,18.25,15.25,18.75,16.75,PASS_BOUNDARY,
INNER_SIDE,RIGHT,2,1.0,,,-1.0,0.0,1.0,0.0,1.0,,18.25,16.25,18.75,16.75,PASS_BOUNDARY,
INNER_SIDE,RIGHT,2,1.0,,,-1.0,0.0,1.0,1.0,1.0,,18.25,15.25,18.75,16.75,PASS_BOUNDARY,
INNER_SIDE,RIGHT,2,1.0,,,-1.0,0.0,1.0,2.0,1.0,,18.25,14.25,18.75,16.75,PASS_BOUNDARY,
INNER_SIDE,RIGHT,2,1.0,,,-1.0,0.0,2.0,0.0,1.0,,18.25,15.25,18.75,16.75,PASS_BOUNDARY,
INNER_SIDE,RIGHT,2,1.0,,,-1.0,0.0,2.0,1.0,1.0,,18.25,14.25,18.75,16.75,PASS_BOUNDARY,
INNER_SIDE,RIGHT,2,1.0,,,-1.0,0.0,2.0,2.0,1.0,,18.25,13.25,18.75,16.75,PASS_BOUNDARY,
INNER_SIDE,RIGHT,2,1.0,,,-1.0,1.0,0.0,0.0,2.0,,18.25,16.25,18.75,15.75,PASS_BOUNDARY,
INNER_SIDE,RIGHT,2,1.0,,,-1.0,1.0,0.0,1.0,2.0,,18.25,15.25,18.75,15.75,PASS_BOUNDARY,
INNER_SIDE,RIGHT,2,1.0,,,-1.0,1.0,0.0,2.0,2.0,,18.25,14.25,18.75,15.75,PASS_BOUNDARY,
INNER_SIDE,RIGHT,2,1.0,,,-1.0,1.0,1.0,0.0,2.0,,18.25,15.25,18.75,15.75,PASS_BOUNDARY,
INNER_SIDE,RIGHT,2,1.0,,,-1.0,1.0,1.0,1.0,2.0,,18.25,14.25,18.75,15.75,PASS_BOUNDARY,
INNER_SIDE,RIGHT,2,1.0,,,-1.0,1.0,1.0,2.0,2.0,,18.25,13.25,18.75,15.75,PASS_BOUNDARY,
INNER_SIDE,RIGHT,2,1.0,,,-1.0,1.0,2.0,0.0,2.0,,18.25,14.25,18.75,15.75,PASS_BOUNDARY,
INNER_SIDE,RIGHT,2,1.0,,,-1.0,1.0,2.0,1.0,2.0,,18.25,13.25,18.75,15.75,PASS_BOUNDARY,
INNER_SIDE,RIGHT,2,1.0,,,-1.0,1.0,2.0,2.0,2.0,,18.25,12.25,18.75,15.75,PASS_BOUNDARY,
INNER_SIDE,RIGHT,2,1.0,,,0.0,-1.0,0.0,0.0,1.0,,18.25,17.25,18.75,16.75,PASS_BOUNDARY,
INNER_SIDE,RIGHT,2,1.0,,,0.0,-1.0,0.0,1.0,1.0,,18.25,16.25,18.75,16.75,PASS_BOUNDARY,
INNER_SIDE,RIGHT,2,1.0,,,0.0,-1.0,0.0,2.0,1.0,,18.25,15.25,18.75,16.75,PASS_BOUNDARY,
INNER_SIDE,RIGHT,2,1.0,,,0.0,-1.0,1.0,0.0,1.0,,18.25,16.25,18.75,16.75,PASS_BOUNDARY,
INNER_SIDE,RIGHT,2,1.0,,,0.0,-1.0,1.0,1.0,1.0,,18.25,15.25,18.75,16.75,PASS_BOUNDARY,
INNER_SIDE,RIGHT,2,1.0,,,0.0,-1.0,1.0,2.0,1.0,,18.25,14.25,18.75,16.75,PASS_BOUNDARY,
INNER_SIDE,RIGHT,2,1.0,,,0.0,-1.0,2.0,0.0,1.0,,18.25,15.25,18.75,16.75,PASS_BOUNDARY,
INNER_SIDE,RIGHT,2,1.0,,,0.0,-1.0,2.0,1.0,1.0,,18.25,14.25,18.75,16.75,PASS_BOUNDARY,
INNER_SIDE,RIGHT,2,1.0,,,0.0,-1.0,2.0,2.0,1.0,,18.25,13.25,18.75,16.75,PASS_BOUNDARY,
INNER_SIDE,RIGHT,2,1.0,,,0.0,0.0,0.0,0.0,0.0,,18.25,18.25,18.75,17.75,PASS_BOUNDARY,
INNER_SIDE,RIGHT,2,1.0,,,0.0,0.0,0.0,1.0,0.0,,18.25,17.25,18.75,17.75,PASS_BOUNDARY,
INNER_SIDE,RIGHT,2,1.0,,,0.0,0.0,0.0,2.0,0.0,,18.25,16.25,18.75,17.75,PASS_BOUNDARY,
INNER_SIDE,RIGHT,2,1.0,,,0.0,0.0,1.0,0.0,0.0,,18.25,17.25,18.75,17.75,PASS_BOUNDARY,
INNER_SIDE,RIGHT,2,1.0,,,0.0,0.0,1.0,1.0,0.0,,18.25,16.25,18.75,17.75,PASS_BOUNDARY,
INNER_SIDE,RIGHT,2,1.0,,,0.0,0.0,1.0,2.0,0.0,,18.25,15.25,18.75,17.75,PASS_BOUNDARY,
INNER_SIDE,RIGHT,2,1.0,,,0.0,0.0,2.0,0.0,0.0,,18.25,16.25,18.75,17.75,PASS_BOUNDARY,
INNER_SIDE,RIGHT,2,1.0,,,0.0,0.0,2.0,1.0,0.0,,18.25,15.25,18.75,17.75,PASS_BOUNDARY,
INNER_SIDE,RIGHT,2,1.0,,,0.0,0.0,2.0,2.0,0.0,,18.25,14.25,18.75,17.75,PASS_BOUNDARY,
INNER_SIDE,RIGHT,2,1.0,,,0.0,1.0,0.0,0.0,1.0,,18.25,17.25,18.75,16.75,PASS_BOUNDARY,
INNER_SIDE,RIGHT,2,1.0,,,0.0,1.0,0.0,1.0,1.0,,18.25,16.25,18.75,16.75,PASS_BOUNDARY,
INNER_SIDE,RIGHT,2,1.0,,,0.0,1.0,0.0,2.0,1.0,,18.25,15.25,18.75,16.75,PASS_BOUNDARY,
INNER_SIDE,RIGHT,2,1.0,,,0.0,1.0,1.0,0.0,1.0,,18.25,16.25,18.75,16.75,PASS_BOUNDARY,
INNER_SIDE,RIGHT,2,1.0,,,0.0,1.0,1.0,1.0,1.0,,18.25,15.25,18.75,16.75,PASS_BOUNDARY,
INNER_SIDE,RIGHT,2,1.0,,,0.0,1.0,1.0,2.0,1.0,,18.25,14.25,18.75,16.75,PASS_BOUNDARY,
INNER_SIDE,RIGHT,2,1.0,,,0.0,1.0,2.0,0.0,1.0,,18.25,15.25,18.75,16.75,PASS_BOUNDARY,
INNER_SIDE,RIGHT,2,1.0,,,0.0,1.0,2.0,1.0,1.0,,18.25,14.25,18.75,16.75,PASS_BOUNDARY,
INNER_SIDE,RIGHT,2,1.0,,,0.0,1.0,2.0,2.0,1.0,,18.25,13.25,18.75,16.75,PASS_BOUNDARY,
INNER_SIDE,RIGHT,2,1.0,,,1.0,-1.0,0.0,0.0,2.0,,18.25,16.25,18.75,15.75,PASS_BOUNDARY,
INNER_SIDE,RIGHT,2,1.0,,,1.0,-1.0,0.0,1.0,2.0,,18.25,15.25,18.75,15.75,PASS_BOUNDARY,
INNER_SIDE,RIGHT,2,1.0,,,1.0,-1.0,0.0,2.0,2.0,,18.25,14.25,18.75,15.75,PASS_BOUNDARY,
INNER_SIDE,RIGHT,2,1.0,,,1.0,-1.0,1.0,0.0,2.0,,18.25,15.25,18.75,15.75,PASS_BOUNDARY,
INNER_SIDE,RIGHT,2,1.0,,,1.0,-1.0,1.0,1.0,2.0,,18.25,14.25,18.75,15.75,PASS_BOUNDARY,
INNER_SIDE,RIGHT,2,1.0,,,1.0,-1.0,1.0,2.0,2.0,,18.25,13.25,18.75,15.75,PASS_BOUNDARY,
INNER_SIDE,RIGHT,2,1.0,,,1.0,-1.0,2.0,0.0,2.0,,18.25,14.25,18.75,15.75,PASS_BOUNDARY,
INNER_SIDE,RIGHT,2,1.0,,,1.0,-1.0,2.0,1.0,2.0,,18.25,13.25,18.75,15.75,PASS_BOUNDARY,
INNER_SIDE,RIGHT,2,1.0,,,1.0,-1.0,2.0,2.0,2.0,,18.25,12.25,18.75,15.75,PASS_BOUNDARY,
INNER_SIDE,RIGHT,2,1.0,,,1.0,0.0,0.0,0.0,1.0,,18.25,17.25,18.75,16.75,PASS_BOUNDARY,
INNER_SIDE,RIGHT,2,1.0,,,1.0,0.0,0.0,1.0,1.0,,18.25,16.25,18.75,16.75,PASS_BOUNDARY,
INNER_SIDE,RIGHT,2,1.0,,,1.0,0.0,0.0,2.0,1.0,,18.25,15.25,18.75,16.75,PASS_BOUNDARY,
INNER_SIDE,RIGHT,2,1.0,,,1.0,0.0,1.0,0.0,1.0,,18.25,16.25,18.75,16.75,PASS_BOUNDARY,
INNER_SIDE,RIGHT,2,1.0,,,1.0,0.0,1.0,1.0,1.0,,18.25,15.25,18.75,16.75,PASS_BOUNDARY,
INNER_SIDE,RIGHT,2,1.0,,,1.0,0.0,1.0,2.0,1.0,,18.25,14.25,18.75,16.75,PASS_BOUNDARY,
INNER_SIDE,RIGHT,2,1.0,,,1.0,0.0,2.0,0.0,1.0,,18.25,15.25,18.75,16.75,PASS_BOUNDARY,
INNER_SIDE,RIGHT,2,1.0,,,1.0,0.0,2.0,1.0,1.0,,18.25,14.25,18.75,16.75,PASS_BOUNDARY,
INNER_SIDE,RIGHT,2,1.0,,,1.0,0.0,2.0,2.0,1.0,,18.25,13.25,18.75,16.75,PASS_BOUNDARY,
INNER_SIDE,RIGHT,2,1.0,,,1.0,1.0,0.0,0.0,0.0,,18.25,18.25,18.75,17.75,PASS_BOUNDARY,
INNER_SIDE,RIGHT,2,1.0,,,1.0,1.0,0.0,1.0,0.0,,18.25,17.25,18.75,17.75,PASS_BOUNDARY,
INNER_SIDE,RIGHT,2,1.0,,,1.0,1.0,0.0,2.0,0.0,,18.25,16.25,18.75,17.75,PASS_BOUNDARY,
INNER_SIDE,RIGHT,2,1.0,,,1.0,1.0,1.0,0.0,0.0,,18.25,17.25,18.75,17.75,PASS_BOUNDARY,
INNER_SIDE,RIGHT,2,1.0,,,1.0,1.0,1.0,1.0,0.0,,18.25,16.25,18.75,17.75,PASS_BOUNDARY,
INNER_SIDE,RIGHT,2,1.0,,,1.0,1.0,1.0,2.0,0.0,,18.25,15.25,18.75,17.75,PASS_BOUNDARY,
INNER_SIDE,RIGHT,2,1.0,,,1.0,1.0,2.0,0.0,0.0,,18.25,16.25,18.75,17.75,PASS_BOUNDARY,
INNER_SIDE,RIGHT,2,1.0,,,1.0,1.0,2.0,1.0,0.0,,18.25,15.25,18.75,17.75,PASS_BOUNDARY,
INNER_SIDE,RIGHT,2,1.0,,,1.0,1.0,2.0,2.0,0.0,,18.25,14.25,18.75,17.75,PASS_BOUNDARY,
INNER_SIDE,RIGHT,2,1.5,,,-1.0,-1.0,0.0,0.0,0.0,,18.25,18.25,18.75,17.25,PASS_BOUNDARY,
INNER_SIDE,RIGHT,2,1.5,,,-1.0,-1.0,0.0,1.0,0.0,,18.25,17.25,18.75,17.25,PASS_BOUNDARY,
INNER_SIDE,RIGHT,2,1.5,,,-1.0,-1.0,0.0,2.0,0.0,,18.25,16.25,18.75,17.25,PASS_BOUNDARY,
INNER_SIDE,RIGHT,2,1.5,,,-1.0,-1.0,1.0,0.0,0.0,,18.25,17.25,18.75,17.25,PASS_BOUNDARY,
INNER_SIDE,RIGHT,2,1.5,,,-1.0,-1.0,1.0,1.0,0.0,,18.25,16.25,18.75,17.25,PASS_BOUNDARY,
INNER_SIDE,RIGHT,2,1.5,,,-1.0,-1.0,1.0,2.0,0.0,,18.25,15.25,18.75,17.25,PASS_BOUNDARY,
INNER_SIDE,RIGHT,2,1.5,,,-1.0,-1.0,2.0,0.0,0.0,,18.25,16.25,18.75,17.25,PASS_BOUNDARY,
INNER_SIDE,RIGHT,2,1.5,,,-1.0,-1.0,2.0,1.0,0.0,,18.25,15.25,18.75,17.25,PASS_BOUNDARY,
INNER_SIDE,RIGHT,2,1.5,,,-1.0,-1.0,2.0,2.0,0.0,,18.25,14.25,18.75,17.25,PASS_BOUNDARY,
INNER_SIDE,RIGHT,2,1.5,,,-1.0,0.0,0.0,0.0,1.0,,18.25,17.25,18.75,16.25,PASS_BOUNDARY,
INNER_SIDE,RIGHT,2,1.5,,,-1.0,0.0,0.0,1.0,1.0,,18.25,16.25,18.75,16.25,PASS_BOUNDARY,
INNER_SIDE,RIGHT,2,1.5,,,-1.0,0.0,0.0,2.0,1.0,,18.25,15.25,18.75,16.25,PASS_BOUNDARY,
INNER_SIDE,RIGHT,2,1.5,,,-1.0,0.0,1.0,0.0,1.0,,18.25,16.25,18.75,16.25,PASS_BOUNDARY,
INNER_SIDE,RIGHT,2,1.5,,,-1.0,0.0,1.0,1.0,1.0,,18.25,15.25,18.75,16.25,PASS_BOUNDARY,
INNER_SIDE,RIGHT,2,1.5,,,-1.0,0.0,1.0,2.0,1.0,,18.25,14.25,18.75,16.25,PASS_BOUNDARY,
INNER_SIDE,RIGHT,2,1.5,,,-1.0,0.0,2.0,0.0,1.0,,18.25,15.25,18.75,16.25,PASS_BOUNDARY,
INNER_SIDE,RIGHT,2,1.5,,,-1.0,0.0,2.0,1.0,1.0,,18.25,14.25,18.75,16.25,PASS_BOUNDARY,
INNER_SIDE,RIGHT,2,1.5,,,-1.0,0.0,2.0,2.0,1.0,,18.25,13.25,18.75,16.25,PASS_BOUNDARY,
INNER_SIDE,RIGHT,2,1.5,,,-1.0,1.0,0.0,0.0,2.0,,18.25,16.25,18.75,15.25,PASS_BOUNDARY,
INNER_SIDE,RIGHT,2,1.5,,,-1.0,1.0,0.0,1.0,2.0,,18.25,15.25,18.75,15.25,PASS_BOUNDARY,
INNER_SIDE,RIGHT,2,1.5,,,-1.0,1.0,0.0,2.0,2.0,,18.25,14.25,18.75,15.25,PASS_BOUNDARY,
INNER_SIDE,RIGHT,2,1.5,,,-1.0,1.0,1.0,0.0,2.0,,18.25,15.25,18.75,15.25,PASS_BOUNDARY,
INNER_SIDE,RIGHT,2,1.5,,,-1.0,1.0,1.0,1.0,2.0,,18.25,14.25,18.75,15.25,PASS_BOUNDARY,
INNER_SIDE,RIGHT,2,1.5,,,-1.0,1.0,1.0,2.0,2.0,,18.25,13.25,18.75,15.25,PASS_BOUNDARY,
INNER_SIDE,RIGHT,2,1.5,,,-1.0,1.0,2.0,0.0,2.0,,18.25,14.25,18.75,15.25,PASS_BOUNDARY,
INNER_SIDE,RIGHT,2,1.5,,,-1.0,1.0,2.0,1.0,2.0,,18.25,13.25,18.75,15.25,PASS_BOUNDARY,
INNER_SIDE,RIGHT,2,1.5,,,-1.0,1.0,2.0,2.0,2.0,,18.25,12.25,18.75,15.25,PASS_BOUNDARY,
INNER_SIDE,RIGHT,2,1.5,,,0.0,-1.0,0.0,0.0,1.0,,18.25,17.25,18.75,16.25,PASS_BOUNDARY,
INNER_SIDE,RIGHT,2,1.5,,,0.0,-1.0,0.0,1.0,1.0,,18.25,16.25,18.75,16.25,PASS_BOUNDARY,
INNER_SIDE,RIGHT,2,1.5,,,0.0,-1.0,0.0,2.0,1.0,,18.25,15.25,18.75,16.25,PASS_BOUNDARY,
INNER_SIDE,RIGHT,2,1.5,,,0.0,-1.0,1.0,0.0,1.0,,18.25,16.25,18.75,16.25,PASS_BOUNDARY,
INNER_SIDE,RIGHT,2,1.5,,,0.0,-1.0,1.0,1.0,1.0,,18.25,15.25,18.75,16.25,PASS_BOUNDARY,
INNER_SIDE,RIGHT,2,1.5,,,0.0,-1.0,1.0,2.0,1.0,,18.25,14.25,18.75,16.25,PASS_BOUNDARY,
INNER_SIDE,RIGHT,2,1.5,,,0.0,-1.0,2.0,0.0,1.0,,18.25,15.25,18.75,16.25,PASS_BOUNDARY,
INNER_SIDE,RIGHT,2,1.5,,,0.0,-1.0,2.0,1.0,1.0,,18.25,14.25,18.75,16.25,PASS_BOUNDARY,
INNER_SIDE,RIGHT,2,1.5,,,0.0,-1.0,2.0,2.0,1.0,,18.25,13.25,18.75,16.25,PASS_BOUNDARY,
INNER_SIDE,RIGHT,2,1.5,,,0.0,0.0,0.0,0.0,0.0,,18.25,18.25,18.75,17.25,PASS_BOUNDARY,
INNER_SIDE,RIGHT,2,1.5,,,0.0,0.0,0.0,1.0,0.0,,18.25,17.25,18.75,17.25,PASS_BOUNDARY,
INNER_SIDE,RIGHT,2,1.5,,,0.0,0.0,0.0,2.0,0.0,,18.25,16.25,18.75,17.25,PASS_BOUNDARY,
INNER_SIDE,RIGHT,2,1.5,,,0.0,0.0,1.0,0.0,0.0,,18.25,17.25,18.75,17.25,PASS_BOUNDARY,
INNER_SIDE,RIGHT,2,1.5,,,0.0,0.0,1.0,1.0,0.0,,18.25,16.25,18.75,17.25,PASS_BOUNDARY,
INNER_SIDE,RIGHT,2,1.5,,,0.0,0.0,1.0,2.0,0.0,,18.25,15.25,18.75,17.25,PASS_BOUNDARY,
INNER_SIDE,RIGHT,2,1.5,,,0.0,0.0,2.0,0.0,0.0,,18.25,16.25,18.75,17.25,PASS_BOUNDARY,
INNER_SIDE,RIGHT,2,1.5,,,0.0,0.0,2.0,1.0,0.0,,18.25,15.25,18.75,17.25,PASS_BOUNDARY,
INNER_SIDE,RIGHT,2,1.5,,,0.0,0.0,2.0,2.0,0.0,,18.25,14.25,18.75,17.25,PASS_BOUNDARY,
INNER_SIDE,RIGHT,2,1.5,,,0.0,1.0,0.0,0.0,1.0,,18.25,17.25,18.75,16.25,PASS_BOUNDARY,
INNER_SIDE,RIGHT,2,1.5,,,0.0,1.0,0.0,1.0,1.0,,18.25,16.25,18.75,16.25,PASS_BOUNDARY,
INNER_SIDE,RIGHT,2,1.5,,,0.0,1.0,0.0,2.0,1.0,,18.25,15.25,18.75,16.25,PASS_BOUNDARY,
INNER_SIDE,RIGHT,2,1.5,,,0.0,1.0,1.0,0.0,1.0,,18.25,16.25,18.75,16.25,PASS_BOUNDARY,
INNER_SIDE,RIGHT,2,1.5,,,0.0,1.0,1.0,1.0,1.0,,18.25,15.25,18.75,16.25,PASS_BOUNDARY,
INNER_SIDE,RIGHT,2,1.5,,,0.0,1.0,1.0,2.0,1.0,,18.25,14.25,18.75,16.25,PASS_BOUNDARY,
INNER_SIDE,RIGHT,2,1.5,,,0.0,1.0,2.0,0.0,1.0,,18.25,15.25,18.75,16.25,PASS_BOUNDARY,
INNER_SIDE,RIGHT,2,1.5,,,0.0,1.0,2.0,1.0,1.0,,18.25,14.25,18.75,16.25,PASS_BOUNDARY,
INNER_SIDE,RIGHT,2,1.5,,,0.0,1.0,2.0,2.0,1.0,,18.25,13.25,18.75,16.25,PASS_BOUNDARY,
INNER_SIDE,RIGHT,2,1.5,,,1.0,-1.0,0.0,0.0,2.0,,18.25,16.25,18.75,15.25,PASS_BOUNDARY,
INNER_SIDE,RIGHT,2,1.5,,,1.0,-1.0,0.0,1.0,2.0,,18.25,15.25,18.75,15.25,PASS_BOUNDARY,
INNER_SIDE,RIGHT,2,1.5,,,1.0,-1.0,0.0,2.0,2.0,,18.25,14.25,18.75,15.25,PASS_BOUNDARY,
INNER_SIDE,RIGHT,2,1.5,,,1.0,-1.0,1.0,0.0,2.0,,18.25,15.25,18.75,15.25,PASS_BOUNDARY,
INNER_SIDE,RIGHT,2,1.5,,,1.0,-1.0,1.0,1.0,2.0,,18.25,14.25,18.75,15.25,PASS_BOUNDARY,
INNER_SIDE,RIGHT,2,1.5,,,1.0,-1.0,1.0,2.0,2.0,,18.25,13.25,18.75,15.25,PASS_BOUNDARY,
INNER_SIDE,RIGHT,2,1.5,,,1.0,-1.0,2.0,0.0,2.0,,18.25,14.25,18.75,15.25,PASS_BOUNDARY,
INNER_SIDE,RIGHT,2,1.5,,,1.0,-1.0,2.0,1.0,2.0,,18.25,13.25,18.75,15.25,PASS_BOUNDARY,
INNER_SIDE,RIGHT,2,1.5,,,1.0,-1.0,2.0,2.0,2.0,,18.25,12.25,18.75,15.25,PASS_BOUNDARY,
INNER_SIDE,RIGHT,2,1.5,,,1.0,0.0,0.0,0.0,1.0,,18.25,17.25,18.75,16.25,PASS_BOUNDARY,
INNER_SIDE,RIGHT,2,1.5,,,1.0,0.0,0.0,1.0,1.0,,18.25,16.25,18.75,16.25,PASS_BOUNDARY,
INNER_SIDE,RIGHT,2,1.5,,,1.0,0.0,0.0,2.0,1.0,,18.25,15.25,18.75,16.25,PASS_BOUNDARY,
INNER_SIDE,RIGHT,2,1.5,,,1.0,0.0,1.0,0.0,1.0,,18.25,16.25,18.75,16.25,PASS_BOUNDARY,
INNER_SIDE,RIGHT,2,1.5,,,1.0,0.0,1.0,1.0,1.0,,18.25,15.25,18.75,16.25,PASS_BOUNDARY,
INNER_SIDE,RIGHT,2,1.5,,,1.0,0.0,1.0,2.0,1.0,,18.25,14.25,18.75,16.25,PASS_BOUNDARY,
INNER_SIDE,RIGHT,2,1.5,,,1.0,0.0,2.0,0.0,1.0,,18.25,15.25,18.75,16.25,PASS_BOUNDARY,
INNER_SIDE,RIGHT,2,1.5,,,1.0,0.0,2.0,1.0,1.0,,18.25,14.25,18.75,16.25,PASS_BOUNDARY,
INNER_SIDE,RIGHT,2,1.5,,,1.0,0.0,2.0,2.0,1.0,,18.25,13.25,18.75,16.25,PASS_BOUNDARY,
INNER_SIDE,RIGHT,2,1.5,,,1.0,1.0,0.0,0.0,0.0,,18.25,18.25,18.75,17.25,PASS_BOUNDARY,
INNER_SIDE,RIGHT,2,1.5,,,1.0,1.0,0.0,1.0,0.0,,18.25,17.25,18.75,17.25,PASS_BOUNDARY,
INNER_SIDE,RIGHT,2,1.5,,,1.0,1.0,0.0,2.0,0.0,,18.25,16.25,18.75,17.25,PASS_BOUNDARY,
INNER_SIDE,RIGHT,2,1.5,,,1.0,1.0,1.0,0.0,0.0,,18.25,17.25,18.75,17.25,PASS_BOUNDARY,
INNER_SIDE,RIGHT,2,1.5,,,1.0,1.0,1.0,1.0,0.0,,18.25,16.25,18.75,17.25,PASS_BOUNDARY,
INNER_SIDE,RIGHT,2,1.5,,,1.0,1.0,1.0,2.0,0.0,,18.25,15.25,18.75,17.25,PASS_BOUNDARY,
INNER_SIDE,RIGHT,2,1.5,,,1.0,1.0,2.0,0.0,0.0,,18.25,16.25,18.75,17.25,PASS_BOUNDARY,
INNER_SIDE,RIGHT,2,1.5,,,1.0,1.0,2.0,1.0,0.0,,18.25,15.25,18.75,17.25,PASS_BOUNDARY,
INNER_SIDE,RIGHT,2,1.5,,,1.0,1.0,2.0,2.0,0.0,,18.25,14.25,18.75,17.25,PASS_BOUNDARY,
INNER_SIDE,RIGHT,3,0.0,,,-1.0,-1.0,0.0,0.0,0.0,,17.25,17.25,17.75,17.75,PASS_BOUNDARY,
INNER_SIDE,RIGHT,3,0.0,,,-1.0,-1.0,0.0,1.0,0.0,,17.25,16.25,17.75,17.75,PASS_BOUNDARY,
INNER_SIDE,RIGHT,3,0.0,,,-1.0,-1.0,0.0,2.0,0.0,,17.25,15.25,17.75,17.75,PASS_BOUNDARY,
INNER_SIDE,RIGHT,3,0.0,,,-1.0,-1.0,1.0,0.0,0.0,,17.25,16.25,17.75,17.75,PASS_BOUNDARY,
INNER_SIDE,RIGHT,3,0.0,,,-1.0,-1.0,1.0,1.0,0.0,,17.25,15.25,17.75,17.75,PASS_BOUNDARY,
INNER_SIDE,RIGHT,3,0.0,,,-1.0,-1.0,1.0,2.0,0.0,,17.25,14.25,17.75,17.75,PASS_BOUNDARY,
INNER_SIDE,RIGHT,3,0.0,,,-1.0,-1.0,2.0,0.0,0.0,,17.25,15.25,17.75,17.75,PASS_BOUNDARY,
INNER_SIDE,RIGHT,3,0.0,,,-1.0,-1.0,2.0,1.0,0.0,,17.25,14.25,17.75,17.75,PASS_BOUNDARY,
INNER_SIDE,RIGHT,3,0.0,,,-1.0,-1.0,2.0,2.0,0.0,,17.25,13.25,17.75,17.75,PASS_BOUNDARY,
INNER_SIDE,RIGHT,3,0.0,,,-1.0,0.0,0.0,0.0,1.0,,17.25,16.25,17.75,16.75,PASS_BOUNDARY,
INNER_SIDE,RIGHT,3,0.0,,,-1.0,0.0,0.0,1.0,1.0,,17.25,15.25,17.75,16.75,PASS_BOUNDARY,
INNER_SIDE,RIGHT,3,0.0,,,-1.0,0.0,0.0,2.0,1.0,,17.25,14.25,17.75,16.75,PASS_BOUNDARY,
INNER_SIDE,RIGHT,3,0.0,,,-1.0,0.0,1.0,0.0,1.0,,17.25,15.25,17.75,16.75,PASS_BOUNDARY,
INNER_SIDE,RIGHT,3,0.0,,,-1.0,0.0,1.0,1.0,1.0,,17.25,14.25,17.75,16.75,PASS_BOUNDARY,
INNER_SIDE,RIGHT,3,0.0,,,-1.0,0.0,1.0,2.0,1.0,,17.25,13.25,17.75,16.75,PASS_BOUNDARY,
INNER_SIDE,RIGHT,3,0.0,,,-1.0,0.0,2.0,0.0,1.0,,17.25,14.25,17.75,16.75,PASS_BOUNDARY,
INNER_SIDE,RIGHT,3,0.0,,,-1.0,0.0,2.0,1.0,1.0,,17.25,13.25,17.75,16.75,PASS_BOUNDARY,
INNER_SIDE,RIGHT,3,0.0,,,-1.0,0.0,2.0,2.0,1.0,,17.25,12.25,17.75,16.75,PASS_BOUNDARY,
INNER_SIDE,RIGHT,3,0.0,,,-1.0,1.0,0.0,0.0,2.0,,17.25,15.25,17.75,15.75,PASS_BOUNDARY,
INNER_SIDE,RIGHT,3,0.0,,,-1.0,1.0,0.0,1.0,2.0,,17.25,14.25,17.75,15.75,PASS_BOUNDARY,
INNER_SIDE,RIGHT,3,0.0,,,-1.0,1.0,0.0,2.0,2.0,,17.25,13.25,17.75,15.75,PASS_BOUNDARY,
INNER_SIDE,RIGHT,3,0.0,,,-1.0,1.0,1.0,0.0,2.0,,17.25,14.25,17.75,15.75,PASS_BOUNDARY,
INNER_SIDE,RIGHT,3,0.0,,,-1.0,1.0,1.0,1.0,2.0,,17.25,13.25,17.75,15.75,PASS_BOUNDARY,
INNER_SIDE,RIGHT,3,0.0,,,-1.0,1.0,1.0,2.0,2.0,,17.25,12.25,17.75,15.75,PASS_BOUNDARY,
INNER_SIDE,RIGHT,3,0.0,,,-1.0,1.0,2.0,0.0,2.0,,17.25,13.25,17.75,15.75,PASS_BOUNDARY,
INNER_SIDE,RIGHT,3,0.0,,,-1.0,1.0,2.0,1.0,2.0,,17.25,12.25,17.75,15.75,PASS_BOUNDARY,
INNER_SIDE,RIGHT,3,0.0,,,-1.0,1.0,2.0,2.0,2.0,,17.25,11.25,17.75,15.75,PASS_BOUNDARY,
INNER_SIDE,RIGHT,3,0.0,,,0.0,-1.0,0.0,0.0,1.0,,17.25,16.25,17.75,16.75,PASS_BOUNDARY,
INNER_SIDE,RIGHT,3,0.0,,,0.0,-1.0,0.0,1.0,1.0,,17.25,15.25,17.75,16.75,PASS_BOUNDARY,
INNER_SIDE,RIGHT,3,0.0,,,0.0,-1.0,0.0,2.0,1.0,,17.25,14.25,17.75,16.75,PASS_BOUNDARY,
INNER_SIDE,RIGHT,3,0.0,,,0.0,-1.0,1.0,0.0,1.0,,17.25,15.25,17.75,16.75,PASS_BOUNDARY,
INNER_SIDE,RIGHT,3,0.0,,,0.0,-1.0,1.0,1.0,1.0,,17.25,14.25,17.75,16.75,PASS_BOUNDARY,
INNER_SIDE,RIGHT,3,0.0,,,0.0,-1.0,1.0,2.0,1.0,,17.25,13.25,17.75,16.75,PASS_BOUNDARY,
INNER_SIDE,RIGHT,3,0.0,,,0.0,-1.0,2.0,0.0,1.0,,17.25,14.25,17.75,16.75,PASS_BOUNDARY,
INNER_SIDE,RIGHT,3,0.0,,,0.0,-1.0,2.0,1.0,1.0,,17.25,13.25,17.75,16.75,PASS_BOUNDARY,
INNER_SIDE,RIGHT,3,0.0,,,0.0,-1.0,2.0,2.0,1.0,,17.25,12.25,17.75,16.75,PASS_BOUNDARY,
INNER_SIDE,RIGHT,3,0.0,,,0.0,0.0,0.0,0.0,0.0,,17.25,17.25,17.75,17.75,PASS_BOUNDARY,
INNER_SIDE,RIGHT,3,0.0,,,0.0,0.0,0.0,1.0,0.0,,17.25,16.25,17.75,17.75,PASS_BOUNDARY,
INNER_SIDE,RIGHT,3,0.0,,,0.0,0.0,0.0,2.0,0.0,,17.25,15.25,17.75,17.75,PASS_BOUNDARY,
INNER_SIDE,RIGHT,3,0.0,,,0.0,0.0,1.0,0.0,0.0,,17.25,16.25,17.75,17.75,PASS_BOUNDARY,
INNER_SIDE,RIGHT,3,0.0,,,0.0,0.0,1.0,1.0,0.0,,17.25,15.25,17.75,17.75,PASS_BOUNDARY,
INNER_SIDE,RIGHT,3,0.0,,,0.0,0.0,1.0,2.0,0.0,,17.25,14.25,17.75,17.75,PASS_BOUNDARY,
INNER_SIDE,RIGHT,3,0.0,,,0.0,0.0,2.0,0.0,0.0,,17.25,15.25,17.75,17.75,PASS_BOUNDARY,
INNER_SIDE,RIGHT,3,0.0,,,0.0,0.0,2.0,1.0,0.0,,17.25,14.25,17.75,17.75,PASS_BOUNDARY,
INNER_SIDE,RIGHT,3,0.0,,,0.0,0.0,2.0,2.0,0.0,,17.25,13.25,17.75,17.75,PASS_BOUNDARY,
INNER_SIDE,RIGHT,3,0.0,,,0.0,1.0,0.0,0.0,1.0,,17.25,16.25,17.75,16.75,PASS_BOUNDARY,
INNER_SIDE,RIGHT,3,0.0,,,0.0,1.0,0.0,1.0,1.0,,17.25,15.25,17.75,16.75,PASS_BOUNDARY,
INNER_SIDE,RIGHT,3,0.0,,,0.0,1.0,0.0,2.0,1.0,,17.25,14.25,17.75,16.75,PASS_BOUNDARY,
INNER_SIDE,RIGHT,3,0.0,,,0.0,1.0,1.0,0.0,1.0,,17.25,15.25,17.75,16.75,PASS_BOUNDARY,
INNER_SIDE,RIGHT,3,0.0,,,0.0,1.0,1.0,1.0,1.0,,17.25,14.25,17.75,16.75,PASS_BOUNDARY,
INNER_SIDE,RIGHT,3,0.0,,,0.0,1.0,1.0,2.0,1.0,,17.25,13.25,17.75,16.75,PASS_BOUNDARY,
INNER_SIDE,RIGHT,3,0.0,,,0.0,1.0,2.0,0.0,1.0,,17.25,14.25,17.75,16.75,PASS_BOUNDARY,
INNER_SIDE,RIGHT,3,0.0,,,0.0,1.0,2.0,1.0,1.0,,17.25,13.25,17.75,16.75,PASS_BOUNDARY,
INNER_SIDE,RIGHT,3,0.0,,,0.0,1.0,2.0,2.0,1.0,,17.25,12.25,17.75,16.75,PASS_BOUNDARY,
INNER_SIDE,RIGHT,3,0.0,,,1.0,-1.0,0.0,0.0,2.0,,17.25,15.25,17.75,15.75,PASS_BOUNDARY,
INNER_SIDE,RIGHT,3,0.0,,,1.0,-1.0,0.0,1.0,2.0,,17.25,14.25,17.75,15.75,PASS_BOUNDARY,
INNER_SIDE,RIGHT,3,0.0,,,1.0,-1.0,0.0,2.0,2.0,,17.25,13.25,17.75,15.75,PASS_BOUNDARY,
INNER_SIDE,RIGHT,3,0.0,,,1.0,-1.0,1.0,0.0,2.0,,17.25,14.25,17.75,15.75,PASS_BOUNDARY,
INNER_SIDE,RIGHT,3,0.0,,,1.0,-1.0,1.0,1.0,2.0,,17.25,13.25,17.75,15.75,PASS_BOUNDARY,
INNER_SIDE,RIGHT,3,0.0,,,1.0,-1.0,1.0,2.0,2.0,,17.25,12.25,17.75,15.75,PASS_BOUNDARY,
INNER_SIDE,RIGHT,3,0.0,,,1.0,-1.0,2.0,0.0,2.0,,17.25,13.25,17.75,15.75,PASS_BOUNDARY,
INNER_SIDE,RIGHT,3,0.0,,,1.0,-1.0,2.0,1.0,2.0,,17.25,12.25,17.75,15.75,PASS_BOUNDARY,
INNER_SIDE,RIGHT,3,0.0,,,1.0,-1.0,2.0,2.0,2.0,,17.25,11.25,17.75,15.75,PASS_BOUNDARY,
INNER_SIDE,RIGHT,3,0.0,,,1.0,0.0,0.0,0.0,1.0,,17.25,16.25,17.75,16.75,PASS_BOUNDARY,
INNER_SIDE,RIGHT,3,0.0,,,1.0,0.0,0.0,1.0,1.0,,17.25,15.25,17.75,16.75,PASS_BOUNDARY,
INNER_SIDE,RIGHT,3,0.0,,,1.0,0.0,0.0,2.0,1.0,,17.25,14.25,17.75,16.75,PASS_BOUNDARY,
INNER_SIDE,RIGHT,3,0.0,,,1.0,0.0,1.0,0.0,1.0,,17.25,15.25,17.75,16.75,PASS_BOUNDARY,
INNER_SIDE,RIGHT,3,0.0,,,1.0,0.0,1.0,1.0,1.0,,17.25,14.25,17.75,16.75,PASS_BOUNDARY,
INNER_SIDE,RIGHT,3,0.0,,,1.0,0.0,1.0,2.0,1.0,,17.25,13.25,17.75,16.75,PASS_BOUNDARY,
INNER_SIDE,RIGHT,3,0.0,,,1.0,0.0,2.0,0.0,1.0,,17.25,14.25,17.75,16.75,PASS_BOUNDARY,
INNER_SIDE,RIGHT,3,0.0,,,1.0,0.0,2.0,1.0,1.0,,17.25,13.25,17.75,16.75,PASS_BOUNDARY,
INNER_SIDE,RIGHT,3,0.0,,,1.0,0.0,2.0,2.0,1.0,,17.25,12.25,17.75,16.75,PASS_BOUNDARY,
INNER_SIDE,RIGHT,3,0.0,,,1.0,1.0,0.0,0.0,0.0,,17.25,17.25,17.75,17.75,PASS_BOUNDARY,
INNER_SIDE,RIGHT,3,0.0,,,1.0,1.0,0.0,1.0,0.0,,17.25,16.25,17.75,17.75,PASS_BOUNDARY,
INNER_SIDE,RIGHT,3,0.0,,,1.0,1.0,0.0,2.0,0.0,,17.25,15.25,17.75,17.75,PASS_BOUNDARY,
INNER_SIDE,RIGHT,3,0.0,,,1.0,1.0,1.0,0.0,0.0,,17.25,16.25,17.75,17.75,PASS_BOUNDARY,
INNER_SIDE,RIGHT,3,0.0,,,1.0,1.0,1.0,1.0,0.0,,17.25,15.25,17.75,17.75,PASS_BOUNDARY,
INNER_SIDE,RIGHT,3,0.0,,,1.0,1.0,1.0,2.0,0.0,,17.25,14.25,17.75,17.75,PASS_BOUNDARY,
INNER_SIDE,RIGHT,3,0.0,,,1.0,1.0,2.0,0.0,0.0,,17.25,15.25,17.75,17.75,PASS_BOUNDARY,
INNER_SIDE,RIGHT,3,0.0,,,1.0,1.0,2.0,1.0,0.0,,17.25,14.25,17.75,17.75,PASS_BOUNDARY,
INNER_SIDE,RIGHT,3,0.0,,,1.0,1.0,2.0,2.0,0.0,,17.25,13.25,17.75,17.75,PASS_BOUNDARY,
INNER_SIDE,RIGHT,3,0.5,,,-1.0,-1.0,0.0,0.0,0.0,,17.25,17.25,17.75,17.25,PASS_BOUNDARY,
INNER_SIDE,RIGHT,3,0.5,,,-1.0,-1.0,0.0,1.0,0.0,,17.25,16.25,17.75,17.25,PASS_BOUNDARY,
INNER_SIDE,RIGHT,3,0.5,,,-1.0,-1.0,0.0,2.0,0.0,,17.25,15.25,17.75,17.25,PASS_BOUNDARY,
INNER_SIDE,RIGHT,3,0.5,,,-1.0,-1.0,1.0,0.0,0.0,,17.25,16.25,17.75,17.25,PASS_BOUNDARY,
INNER_SIDE,RIGHT,3,0.5,,,-1.0,-1.0,1.0,1.0,0.0,,17.25,15.25,17.75,17.25,PASS_BOUNDARY,
INNER_SIDE,RIGHT,3,0.5,,,-1.0,-1.0,1.0,2.0,0.0,,17.25,14.25,17.75,17.25,PASS_BOUNDARY,
INNER_SIDE,RIGHT,3,0.5,,,-1.0,-1.0,2.0,0.0,0.0,,17.25,15.25,17.75,17.25,PASS_BOUNDARY,
INNER_SIDE,RIGHT,3,0.5,,,-1.0,-1.0,2.0,1.0,0.0,,17.25,14.25,17.75,17.25,PASS_BOUNDARY,
INNER_SIDE,RIGHT,3,0.5,,,-1.0,-1.0,2.0,2.0,0.0,,17.25,13.25,17.75,17.25,PASS_BOUNDARY,
INNER_SIDE,RIGHT,3,0.5,,,-1.0,0.0,0.0,0.0,1.0,,17.25,16.25,17.75,16.25,PASS_BOUNDARY,
INNER_SIDE,RIGHT,3,0.5,,,-1.0,0.0,0.0,1.0,1.0,,17.25,15.25,17.75,16.25,PASS_BOUNDARY,
INNER_SIDE,RIGHT,3,0.5,,,-1.0,0.0,0.0,2.0,1.0,,17.25,14.25,17.75,16.25,PASS_BOUNDARY,
INNER_SIDE,RIGHT,3,0.5,,,-1.0,0.0,1.0,0.0,1.0,,17.25,15.25,17.75,16.25,PASS_BOUNDARY,
INNER_SIDE,RIGHT,3,0.5,,,-1.0,0.0,1.0,1.0,1.0,,17.25,14.25,17.75,16.25,PASS_BOUNDARY,
INNER_SIDE,RIGHT,3,0.5,,,-1.0,0.0,1.0,2.0,1.0,,17.25,13.25,17.75,16.25,PASS_BOUNDARY,
INNER_SIDE,RIGHT,3,0.5,,,-1.0,0.0,2.0,0.0,1.0,,17.25,14.25,17.75,16.25,PASS_BOUNDARY,
INNER_SIDE,RIGHT,3,0.5,,,-1.0,0.0,2.0,1.0,1.0,,17.25,13.25,17.75,16.25,PASS_BOUNDARY,
INNER_SIDE,RIGHT,3,0.5,,,-1.0,0.0,2.0,2.0,1.0,,17.25,12.25,17.75,16.25,PASS_BOUNDARY,
INNER_SIDE,RIGHT,3,0.5,,,-1.0,1.0,0.0,0.0,2.0,,17.25,15.25,17.75,15.25,PASS_BOUNDARY,
INNER_SIDE,RIGHT,3,0.5,,,-1.0,1.0,0.0,1.0,2.0,,17.25,14.25,17.75,15.25,PASS_BOUNDARY,
INNER_SIDE,RIGHT,3,0.5,,,-1.0,1.0,0.0,2.0,2.0,,17.25,13.25,17.75,15.25,PASS_BOUNDARY,
INNER_SIDE,RIGHT,3,0.5,,,-1.0,1.0,1.0,0.0,2.0,,17.25,14.25,17.75,15.25,PASS_BOUNDARY,
INNER_SIDE,RIGHT,3,0.5,,,-1.0,1.0,1.0,1.0,2.0,,17.25,13.25,17.75,15.25,PASS_BOUNDARY,
INNER_SIDE,RIGHT,3,0.5,,,-1.0,1.0,1.0,2.0,2.0,,17.25,12.25,17.75,15.25,PASS_BOUNDARY,
INNER_SIDE,RIGHT,3,0.5,,,-1.0,1.0,2.0,0.0,2.0,,17.25,13.25,17.75,15.25,PASS_BOUNDARY,
INNER_SIDE,RIGHT,3,0.5,,,-1.0,1.0,2.0,1.0,2.0,,17.25,12.25,17.75,15.25,PASS_BOUNDARY,
INNER_SIDE,RIGHT,3,0.5,,,-1.0,1.0,2.0,2.0,2.0,,17.25,11.25,17.75,15.25,PASS_BOUNDARY,
INNER_SIDE,RIGHT,3,0.5,,,0.0,-1.0,0.0,0.0,1.0,,17.25,16.25,17.75,16.25,PASS_BOUNDARY,
INNER_SIDE,RIGHT,3,0.5,,,0.0,-1.0,0.0,1.0,1.0,,17.25,15.25,17.75,16.25,PASS_BOUNDARY,
INNER_SIDE,RIGHT,3,0.5,,,0.0,-1.0,0.0,2.0,1.0,,17.25,14.25,17.75,16.25,PASS_BOUNDARY,
INNER_SIDE,RIGHT,3,0.5,,,0.0,-1.0,1.0,0.0,1.0,,17.25,15.25,17.75,16.25,PASS_BOUNDARY,
INNER_SIDE,RIGHT,3,0.5,,,0.0,-1.0,1.0,1.0,1.0,,17.25,14.25,17.75,16.25,PASS_BOUNDARY,
INNER_SIDE,RIGHT,3,0.5,,,0.0,-1.0,1.0,2.0,1.0,,17.25,13.25,17.75,16.25,PASS_BOUNDARY,
INNER_SIDE,RIGHT,3,0.5,,,0.0,-1.0,2.0,0.0,1.0,,17.25,14.25,17.75,16.25,PASS_BOUNDARY,
INNER_SIDE,RIGHT,3,0.5,,,0.0,-1.0,2.0,1.0,1.0,,17.25,13.25,17.75,16.25,PASS_BOUNDARY,
INNER_SIDE,RIGHT,3,0.5,,,0.0,-1.0,2.0,2.0,1.0,,17.25,12.25,17.75,16.25,PASS_BOUNDARY,
INNER_SIDE,RIGHT,3,0.5,,,0.0,0.0,0.0,0.0,0.0,,17.25,17.25,17.75,17.25,PASS_BOUNDARY,
INNER_SIDE,RIGHT,3,0.5,,,0.0,0.0,0.0,1.0,0.0,,17.25,16.25,17.75,17.25,PASS_BOUNDARY,
INNER_SIDE,RIGHT,3,0.5,,,0.0,0.0,0.0,2.0,0.0,,17.25,15.25,17.75,17.25,PASS_BOUNDARY,
INNER_SIDE,RIGHT,3,0.5,,,0.0,0.0,1.0,0.0,0.0,,17.25,16.25,17.75,17.25,PASS_BOUNDARY,
INNER_SIDE,RIGHT,3,0.5,,,0.0,0.0,1.0,1.0,0.0,,17.25,15.25,17.75,17.25,PASS_BOUNDARY,
INNER_SIDE,RIGHT,3,0.5,,,0.0,0.0,1.0,2.0,0.0,,17.25,14.25,17.75,17.25,PASS_BOUNDARY,
INNER_SIDE,RIGHT,3,0.5,,,0.0,0.0,2.0,0.0,0.0,,17.25,15.25,17.75,17.25,PASS_BOUNDARY,
INNER_SIDE,RIGHT,3,0.5,,,0.0,0.0,2.0,1.0,0.0,,17.25,14.25,17.75,17.25,PASS_BOUNDARY,
INNER_SIDE,RIGHT,3,0.5,,,0.0,0.0,2.0,2.0,0.0,,17.25,13.25,17.75,17.25,PASS_BOUNDARY,
INNER_SIDE,RIGHT,3,0.5,,,0.0,1.0,0.0,0.0,1.0,,17.25,16.25,17.75,16.25,PASS_BOUNDARY,
INNER_SIDE,RIGHT,3,0.5,,,0.0,1.0,0.0,1.0,1.0,,17.25,15.25,17.75,16.25,PASS_BOUNDARY,
INNER_SIDE,RIGHT,3,0.5,,,0.0,1.0,0.0,2.0,1.0,,17.25,14.25,17.75,16.25,PASS_BOUNDARY,
INNER_SIDE,RIGHT,3,0.5,,,0.0,1.0,1.0,0.0,1.0,,17.25,15.25,17.75,16.25,PASS_BOUNDARY,
INNER_SIDE,RIGHT,3,0.5,,,0.0,1.0,1.0,1.0,1.0,,17.25,14.25,17.75,16.25,PASS_BOUNDARY,
INNER_SIDE,RIGHT,3,0.5,,,0.0,1.0,1.0,2.0,1.0,,17.25,13.25,17.75,16.25,PASS_BOUNDARY,
INNER_SIDE,RIGHT,3,0.5,,,0.0,1.0,2.0,0.0,1.0,,17.25,14.25,17.75,16.25,PASS_BOUNDARY,
INNER_SIDE,RIGHT,3,0.5,,,0.0,1.0,2.0,1.0,1.0,,17.25,13.25,17.75,16.25,PASS_BOUNDARY,
INNER_SIDE,RIGHT,3,0.5,,,0.0,1.0,2.0,2.0,1.0,,17.25,12.25,17.75,16.25,PASS_BOUNDARY,
INNER_SIDE,RIGHT,3,0.5,,,1.0,-1.0,0.0,0.0,2.0,,17.25,15.25,17.75,15.25,PASS_BOUNDARY,
INNER_SIDE,RIGHT,3,0.5,,,1.0,-1.0,0.0,1.0,2.0,,17.25,14.25,17.75,15.25,PASS_BOUNDARY,
INNER_SIDE,RIGHT,3,0.5,,,1.0,-1.0,0.0,2.0,2.0,,17.25,13.25,17.75,15.25,PASS_BOUNDARY,
INNER_SIDE,RIGHT,3,0.5,,,1.0,-1.0,1.0,0.0,2.0,,17.25,14.25,17.75,15.25,PASS_BOUNDARY,
INNER_SIDE,RIGHT,3,0.5,,,1.0,-1.0,1.0,1.0,2.0,,17.25,13.25,17.75,15.25,PASS_BOUNDARY,
INNER_SIDE,RIGHT,3,0.5,,,1.0,-1.0,1.0,2.0,2.0,,17.25,12.25,17.75,15.25,PASS_BOUNDARY,
INNER_SIDE,RIGHT,3,0.5,,,1.0,-1.0,2.0,0.0,2.0,,17.25,13.25,17.75,15.25,PASS_BOUNDARY,
INNER_SIDE,RIGHT,3,0.5,,,1.0,-1.0,2.0,1.0,2.0,,17.25,12.25,17.75,15.25,PASS_BOUNDARY,
INNER_SIDE,RIGHT,3,0.5,,,1.0,-1.0,2.0,2.0,2.0,,17.25,11.25,17.75,15.25,PASS_BOUNDARY,
INNER_SIDE,RIGHT,3,0.5,,,1.0,0.0,0.0,0.0,1.0,,17.25,16.25,17.75,16.25,PASS_BOUNDARY,
INNER_SIDE,RIGHT,3,0.5,,,1.0,0.0,0.0,1.0,1.0,,17.25,15.25,17.75,16.25,PASS_BOUNDARY,
INNER_SIDE,RIGHT,3,0.5,,,1.0,0.0,0.0,2.0,1.0,,17.25,14.25,17.75,16.25,PASS_BOUNDARY,
INNER_SIDE,RIGHT,3,0.5,,,1.0,0.0,1.0,0.0,1.0,,17.25,15.25,17.75,16.25,PASS_BOUNDARY,
INNER_SIDE,RIGHT,3,0.5,,,1.0,0.0,1.0,1.0,1.0,,17.25,14.25,17.75,16.25,PASS_BOUNDARY,
INNER_SIDE,RIGHT,3,0.5,,,1.0,0.0,1.0,2.0,1.0,,17.25,13.25,17.75,16.25,PASS_BOUNDARY,
INNER_SIDE,RIGHT,3,0.5,,,1.0,0.0,2.0,0.0,1.0,,17.25,14.25,17.75,16.25,PASS_BOUNDARY,
INNER_SIDE,RIGHT,3,0.5,,,1.0,0.0,2.0,1.0,1.0,,17.25,13.25,17.75,16.25,PASS_BOUNDARY,
INNER_SIDE,RIGHT,3,0.5,,,1.0,0.0,2.0,2.0,1.0,,17.25,12.25,17.75,16.25,PASS_BOUNDARY,
INNER_SIDE,RIGHT,3,0.5,,,1.0,1.0,0.0,0.0,0.0,,17.25,17.25,17.75,17.25,PASS_BOUNDARY,
INNER_SIDE,RIGHT,3,0.5,,,1.0,1.0,0.0,1.0,0.0,,17.25,16.25,17.75,17.25,PASS_BOUNDARY,
INNER_SIDE,RIGHT,3,0.5,,,1.0,1.0,0.0,2.0,0.0,,17.25,15.25,17.75,17.25,PASS_BOUNDARY,
INNER_SIDE,RIGHT,3,0.5,,,1.0,1.0,1.0,0.0,0.0,,17.25,16.25,17.75,17.25,PASS_BOUNDARY,
INNER_SIDE,RIGHT,3,0.5,,,1.0,1.0,1.0,1.0,0.0,,17.25,15.25,17.75,17.25,PASS_BOUNDARY,
INNER_SIDE,RIGHT,3,0.5,,,1.0,1.0,1.0,2.0,0.0,,17.25,14.25,17.75,17.25,PASS_BOUNDARY,
INNER_SIDE,RIGHT,3,0.5,,,1.0,1.0,2.0,0.0,0.0,,17.25,15.25,17.75,17.25,PASS_BOUNDARY,
INNER_SIDE,RIGHT,3,0.5,,,1.0,1.0,2.0,1.0,0.0,,17.25,14.25,17.75,17.25,PASS_BOUNDARY,
INNER_SIDE,RIGHT,3,0.5,,,1.0,1.0,2.0,2.0,0.0,,17.25,13.25,17.75,17.25,PASS_BOUNDARY,
INNER_SIDE,RIGHT,3,1.0,,,-1.0,-1.0,0.0,0.0,0.0,,17.25,17.25,17.75,16.75,PASS_BOUNDARY,
INNER_SIDE,RIGHT,3,1.0,,,-1.0,-1.0,0.0,1.0,0.0,,17.25,16.25,17.75,16.75,PASS_BOUNDARY,
INNER_SIDE,RIGHT,3,1.0,,,-1.0,-1.0,0.0,2.0,0.0,,17.25,15.25,17.75,16.75,PASS_BOUNDARY,
INNER_SIDE,RIGHT,3,1.0,,,-1.0,-1.0,1.0,0.0,0.0,,17.25,16.25,17.75,16.75,PASS_BOUNDARY,
INNER_SIDE,RIGHT,3,1.0,,,-1.0,-1.0,1.0,1.0,0.0,,17.25,15.25,17.75,16.75,PASS_BOUNDARY,
INNER_SIDE,RIGHT,3,1.0,,,-1.0,-1.0,1.0,2.0,0.0,,17.25,14.25,17.75,16.75,PASS_BOUNDARY,
INNER_SIDE,RIGHT,3,1.0,,,-1.0,-1.0,2.0,0.0,0.0,,17.25,15.25,17.75,16.75,PASS_BOUNDARY,
INNER_SIDE,RIGHT,3,1.0,,,-1.0,-1.0,2.0,1.0,0.0,,17.25,14.25,17.75,16.75,PASS_BOUNDARY,
INNER_SIDE,RIGHT,3,1.0,,,-1.0,-1.0,2.0,2.0,0.0,,17.25,13.25,17.75,16.75,PASS_BOUNDARY,
INNER_SIDE,RIGHT,3,1.0,,,-1.0,0.0,0.0,0.0,1.0,,17.25,16.25,17.75,15.75,PASS_BOUNDARY,
INNER_SIDE,RIGHT,3,1.0,,,-1.0,0.0,0.0,1.0,1.0,,17.25,15.25,17.75,15.75,PASS_BOUNDARY,
INNER_SIDE,RIGHT,3,1.0,,,-1.0,0.0,0.0,2.0,1.0,,17.25,14.25,17.75,15.75,PASS_BOUNDARY,
INNER_SIDE,RIGHT,3,1.0,,,-1.0,0.0,1.0,0.0,1.0,,17.25,15.25,17.75,15.75,PASS_BOUNDARY,
INNER_SIDE,RIGHT,3,1.0,,,-1.0,0.0,1.0,1.0,1.0,,17.25,14.25,17.75,15.75,PASS_BOUNDARY,
INNER_SIDE,RIGHT,3,1.0,,,-1.0,0.0,1.0,2.0,1.0,,17.25,13.25,17.75,15.75,PASS_BOUNDARY,
INNER_SIDE,RIGHT,3,1.0,,,-1.0,0.0,2.0,0.0,1.0,,17.25,14.25,17.75,15.75,PASS_BOUNDARY,
INNER_SIDE,RIGHT,3,1.0,,,-1.0,0.0,2.0,1.0,1.0,,17.25,13.25,17.75,15.75,PASS_BOUNDARY,
INNER_SIDE,RIGHT,3,1.0,,,-1.0,0.0,2.0,2.0,1.0,,17.25,12.25,17.75,15.75,PASS_BOUNDARY,
INNER_SIDE,RIGHT,3,1.0,,,-1.0,1.0,0.0,0.0,2.0,,17.25,15.25,17.75,14.75,PASS_BOUNDARY,
INNER_SIDE,RIGHT,3,1.0,,,-1.0,1.0,0.0,1.0,2.0,,17.25,14.25,17.75,14.75,PASS_BOUNDARY,
INNER_SIDE,RIGHT,3,1.0,,,-1.0,1.0,0.0,2.0,2.0,,17.25,13.25,17.75,14.75,PASS_BOUNDARY,
INNER_SIDE,RIGHT,3,1.0,,,-1.0,1.0,1.0,0.0,2.0,,17.25,14.25,17.75,14.75,PASS_BOUNDARY,
INNER_SIDE,RIGHT,3,1.0,,,-1.0,1.0,1.0,1.0,2.0,,17.25,13.25,17.75,14.75,PASS_BOUNDARY,
INNER_SIDE,RIGHT,3,1.0,,,-1.0,1.0,1.0,2.0,2.0,,17.25,12.25,17.75,14.75,PASS_BOUNDARY,
INNER_SIDE,RIGHT,3,1.0,,,-1.0,1.0,2.0,0.0,2.0,,17.25,13.25,17.75,14.75,PASS_BOUNDARY,
INNER_SIDE,RIGHT,3,1.0,,,-1.0,1.0,2.0,1.0,2.0,,17.25,12.25,17.75,14.75,PASS_BOUNDARY,
INNER_SIDE,RIGHT,3,1.0,,,-1.0,1.0,2.0,2.0,2.0,,17.25,11.25,17.75,14.75,PASS_BOUNDARY,
INNER_SIDE,RIGHT,3,1.0,,,0.0,-1.0,0.0,0.0,1.0,,17.25,16.25,17.75,15.75,PASS_BOUNDARY,
INNER_SIDE,RIGHT,3,1.0,,,0.0,-1.0,0.0,1.0,1.0,,17.25,15.25,17.75,15.75,PASS_BOUNDARY,
INNER_SIDE,RIGHT,3,1.0,,,0.0,-1.0,0.0,2.0,1.0,,17.25,14.25,17.75,15.75,PASS_BOUNDARY,
INNER_SIDE,RIGHT,3,1.0,,,0.0,-1.0,1.0,0.0,1.0,,17.25,15.25,17.75,15.75,PASS_BOUNDARY,
INNER_SIDE,RIGHT,3,1.0,,,0.0,-1.0,1.0,1.0,1.0,,17.25,14.25,17.75,15.75,PASS_BOUNDARY,
INNER_SIDE,RIGHT,3,1.0,,,0.0,-1.0,1.0,2.0,1.0,,17.25,13.25,17.75,15.75,PASS_BOUNDARY,
INNER_SIDE,RIGHT,3,1.0,,,0.0,-1.0,2.0,0.0,1.0,,17.25,14.25,17.75,15.75,PASS_BOUNDARY,
INNER_SIDE,RIGHT,3,1.0,,,0.0,-1.0,2.0,1.0,1.0,,17.25,13.25,17.75,15.75,PASS_BOUNDARY,
INNER_SIDE,RIGHT,3,1.0,,,0.0,-1.0,2.0,2.0,1.0,,17.25,12.25,17.75,15.75,PASS_BOUNDARY,
INNER_SIDE,RIGHT,3,1.0,,,0.0,0.0,0.0,0.0,0.0,,17.25,17.25,17.75,16.75,PASS_BOUNDARY,
INNER_SIDE,RIGHT,3,1.0,,,0.0,0.0,0.0,1.0,0.0,,17.25,16.25,17.75,16.75,PASS_BOUNDARY,
INNER_SIDE,RIGHT,3,1.0,,,0.0,0.0,0.0,2.0,0.0,,17.25,15.25,17.75,16.75,PASS_BOUNDARY,
INNER_SIDE,RIGHT,3,1.0,,,0.0,0.0,1.0,0.0,0.0,,17.25,16.25,17.75,16.75,PASS_BOUNDARY,
INNER_SIDE,RIGHT,3,1.0,,,0.0,0.0,1.0,1.0,0.0,,17.25,15.25,17.75,16.75,PASS_BOUNDARY,
INNER_SIDE,RIGHT,3,1.0,,,0.0,0.0,1.0,2.0,0.0,,17.25,14.25,17.75,16.75,PASS_BOUNDARY,
INNER_SIDE,RIGHT,3,1.0,,,0.0,0.0,2.0,0.0,0.0,,17.25,15.25,17.75,16.75,PASS_BOUNDARY,
INNER_SIDE,RIGHT,3,1.0,,,0.0,0.0,2.0,1.0,0.0,,17.25,14.25,17.75,16.75,PASS_BOUNDARY,
INNER_SIDE,RIGHT,3,1.0,,,0.0,0.0,2.0,2.0,0.0,,17.25,13.25,17.75,16.75,PASS_BOUNDARY,
INNER_SIDE,RIGHT,3,1.0,,,0.0,1.0,0.0,0.0,1.0,,17.25,16.25,17.75,15.75,PASS_BOUNDARY,
INNER_SIDE,RIGHT,3,1.0,,,0.0,1.0,0.0,1.0,1.0,,17.25,15.25,17.75,15.75,PASS_BOUNDARY,
INNER_SIDE,RIGHT,3,1.0,,,0.0,1.0,0.0,2.0,1.0,,17.25,14.25,17.75,15.75,PASS_BOUNDARY,
INNER_SIDE,RIGHT,3,1.0,,,0.0,1.0,1.0,0.0,1.0,,17.25,15.25,17.75,15.75,PASS_BOUNDARY,
INNER_SIDE,RIGHT,3,1.0,,,0.0,1.0,1.0,1.0,1.0,,17.25,14.25,17.75,15.75,PASS_BOUNDARY,
INNER_SIDE,RIGHT,3,1.0,,,0.0,1.0,1.0,2.0,1.0,,17.25,13.25,17.75,15.75,PASS_BOUNDARY,
INNER_SIDE,RIGHT,3,1.0,,,0.0,1.0,2.0,0.0,1.0,,17.25,14.25,17.75,15.75,PASS_BOUNDARY,
INNER_SIDE,RIGHT,3,1.0,,,0.0,1.0,2.0,1.0,1.0,,17.25,13.25,17.75,15.75,PASS_BOUNDARY,
INNER_SIDE,RIGHT,3,1.0,,,0.0,1.0,2.0,2.0,1.0,,17.25,12.25,17.75,15.75,PASS_BOUNDARY,
INNER_SIDE,RIGHT,3,1.0,,,1.0,-1.0,0.0,0.0,2.0,,17.25,15.25,17.75,14.75,PASS_BOUNDARY,
INNER_SIDE,RIGHT,3,1.0,,,1.0,-1.0,0.0,1.0,2.0,,17.25,14.25,17.75,14.75,PASS_BOUNDARY,
INNER_SIDE,RIGHT,3,1.0,,,1.0,-1.0,0.0,2.0,2.0,,17.25,13.25,17.75,14.75,PASS_BOUNDARY,
INNER_SIDE,RIGHT,3,1.0,,,1.0,-1.0,1.0,0.0,2.0,,17.25,14.25,17.75,14.75,PASS_BOUNDARY,
INNER_SIDE,RIGHT,3,1.0,,,1.0,-1.0,1.0,1.0,2.0,,17.25,13.25,17.75,14.75,PASS_BOUNDARY,
INNER_SIDE,RIGHT,3,1.0,,,1.0,-1.0,1.0,2.0,2.0,,17.25,12.25,17.75,14.75,PASS_BOUNDARY,
INNER_SIDE,RIGHT,3,1.0,,,1.0,-1.0,2.0,0.0,2.0,,17.25,13.25,17.75,14.75,PASS_BOUNDARY,
INNER_SIDE,RIGHT,3,1.0,,,1.0,-1.0,2.0,1.0,2.0,,17.25,12.25,17.75,14.75,PASS_BOUNDARY,
INNER_SIDE,RIGHT,3,1.0,,,1.0,-1.0,2.0,2.0,2.0,,17.25,11.25,17.75,14.75,PASS_BOUNDARY,
INNER_SIDE,RIGHT,3,1.0,,,1.0,0.0,0.0,0.0,1.0,,17.25,16.25,17.75,15.75,PASS_BOUNDARY,
INNER_SIDE,RIGHT,3,1.0,,,1.0,0.0,0.0,1.0,1.0,,17.25,15.25,17.75,15.75,PASS_BOUNDARY,
INNER_SIDE,RIGHT,3,1.0,,,1.0,0.0,0.0,2.0,1.0,,17.25,14.25,17.75,15.75,PASS_BOUNDARY,
INNER_SIDE,RIGHT,3,1.0,,,1.0,0.0,1.0,0.0,1.0,,17.25,15.25,17.75,15.75,PASS_BOUNDARY,
INNER_SIDE,RIGHT,3,1.0,,,1.0,0.0,1.0,1.0,1.0,,17.25,14.25,17.75,15.75,PASS_BOUNDARY,
INNER_SIDE,RIGHT,3,1.0,,,1.0,0.0,1.0,2.0,1.0,,17.25,13.25,17.75,15.75,PASS_BOUNDARY,
INNER_SIDE,RIGHT,3,1.0,,,1.0,0.0,2.0,0.0,1.0,,17.25,14.25,17.75,15.75,PASS_BOUNDARY,
INNER_SIDE,RIGHT,3,1.0,,,1.0,0.0,2.0,1.0,1.0,,17.25,13.25,17.75,15.75,PASS_BOUNDARY,
INNER_SIDE,RIGHT,3,1.0,,,1.0,0.0,2.0,2.0,1.0,,17.25,12.25,17.75,15.75,PASS_BOUNDARY,
INNER_SIDE,RIGHT,3,1.0,,,1.0,1.0,0.0,0.0,0.0,,17.25,17.25,17.75,16.75,PASS_BOUNDARY,
INNER_SIDE,RIGHT,3,1.0,,,1.0,1.0,0.0,1.0,0.0,,17.25,16.25,17.75,16.75,PASS_BOUNDARY,
INNER_SIDE,RIGHT,3,1.0,,,1.0,1.0,0.0,2.0,0.0,,17.25,15.25,17.75,16.75,PASS_BOUNDARY,
INNER_SIDE,RIGHT,3,1.0,,,1.0,1.0,1.0,0.0,0.0,,17.25,16.25,17.75,16.75,PASS_BOUNDARY,
INNER_SIDE,RIGHT,3,1.0,,,1.0,1.0,1.0,1.0,0.0,,17.25,15.25,17.75,16.75,PASS_BOUNDARY,
INNER_SIDE,RIGHT,3,1.0,,,1.0,1.0,1.0,2.0,0.0,,17.25,14.25,17.75,16.75,PASS_BOUNDARY,
INNER_SIDE,RIGHT,3,1.0,,,1.0,1.0,2.0,0.0,0.0,,17.25,15.25,17.75,16.75,PASS_BOUNDARY,
INNER_SIDE,RIGHT,3,1.0,,,1.0,1.0,2.0,1.0,0.0,,17.25,14.25,17.75,16.75,PASS_BOUNDARY,
INNER_SIDE,RIGHT,3,1.0,,,1.0,1.0,2.0,2.0,0.0,,17.25,13.25,17.75,16.75,PASS_BOUNDARY,
INNER_SIDE,RIGHT,3,1.5,,,-1.0,-1.0,0.0,0.0,0.0,,17.25,17.25,17.75,16.25,PASS_BOUNDARY,
INNER_SIDE,RIGHT,3,1.5,,,-1.0,-1.0,0.0,1.0,0.0,,17.25,16.25,17.75,16.25,PASS_BOUNDARY,
INNER_SIDE,RIGHT,3,1.5,,,-1.0,-1.0,0.0,2.0,0.0,,17.25,15.25,17.75,16.25,PASS_BOUNDARY,
INNER_SIDE,RIGHT,3,1.5,,,-1.0,-1.0,1.0,0.0,0.0,,17.25,16.25,17.75,16.25,PASS_BOUNDARY,
INNER_SIDE,RIGHT,3,1.5,,,-1.0,-1.0,1.0,1.0,0.0,,17.25,15.25,17.75,16.25,PASS_BOUNDARY,
INNER_SIDE,RIGHT,3,1.5,,,-1.0,-1.0,1.0,2.0,0.0,,17.25,14.25,17.75,16.25,PASS_BOUNDARY,
INNER_SIDE,RIGHT,3,1.5,,,-1.0,-1.0,2.0,0.0,0.0,,17.25,15.25,17.75,16.25,PASS_BOUNDARY,
INNER_SIDE,RIGHT,3,1.5,,,-1.0,-1.0,2.0,1.0,0.0,,17.25,14.25,17.75,16.25,PASS_BOUNDARY,
INNER_SIDE,RIGHT,3,1.5,,,-1.0,-1.0,2.0,2.0,0.0,,17.25,13.25,17.75,16.25,PASS_BOUNDARY,
INNER_SIDE,RIGHT,3,1.5,,,-1.0,0.0,0.0,0.0,1.0,,17.25,16.25,17.75,15.25,PASS_BOUNDARY,
INNER_SIDE,RIGHT,3,1.5,,,-1.0,0.0,0.0,1.0,1.0,,17.25,15.25,17.75,15.25,PASS_BOUNDARY,
INNER_SIDE,RIGHT,3,1.5,,,-1.0,0.0,0.0,2.0,1.0,,17.25,14.25,17.75,15.25,PASS_BOUNDARY,
INNER_SIDE,RIGHT,3,1.5,,,-1.0,0.0,1.0,0.0,1.0,,17.25,15.25,17.75,15.25,PASS_BOUNDARY,
INNER_SIDE,RIGHT,3,1.5,,,-1.0,0.0,1.0,1.0,1.0,,17.25,14.25,17.75,15.25,PASS_BOUNDARY,
INNER_SIDE,RIGHT,3,1.5,,,-1.0,0.0,1.0,2.0,1.0,,17.25,13.25,17.75,15.25,PASS_BOUNDARY,
INNER_SIDE,RIGHT,3,1.5,,,-1.0,0.0,2.0,0.0,1.0,,17.25,14.25,17.75,15.25,PASS_BOUNDARY,
INNER_SIDE,RIGHT,3,1.5,,,-1.0,0.0,2.0,1.0,1.0,,17.25,13.25,17.75,15.25,PASS_BOUNDARY,
INNER_SIDE,RIGHT,3,1.5,,,-1.0,0.0,2.0,2.0,1.0,,17.25,12.25,17.75,15.25,PASS_BOUNDARY,
INNER_SIDE,RIGHT,3,1.5,,,-1.0,1.0,0.0,0.0,2.0,,17.25,15.25,17.75,14.25,PASS_BOUNDARY,
INNER_SIDE,RIGHT,3,1.5,,,-1.0,1.0,0.0,1.0,2.0,,17.25,14.25,17.75,14.25,PASS_BOUNDARY,
INNER_SIDE,RIGHT,3,1.5,,,-1.0,1.0,0.0,2.0,2.0,,17.25,13.25,17.75,14.25,PASS_BOUNDARY,
INNER_SIDE,RIGHT,3,1.5,,,-1.0,1.0,1.0,0.0,2.0,,17.25,14.25,17.75,14.25,PASS_BOUNDARY,
INNER_SIDE,RIGHT,3,1.5,,,-1.0,1.0,1.0,1.0,2.0,,17.25,13.25,17.75,14.25,PASS_BOUNDARY,
INNER_SIDE,RIGHT,3,1.5,,,-1.0,1.0,1.0,2.0,2.0,,17.25,12.25,17.75,14.25,PASS_BOUNDARY,
INNER_SIDE,RIGHT,3,1.5,,,-1.0,1.0,2.0,0.0,2.0,,17.25,13.25,17.75,14.25,PASS_BOUNDARY,
INNER_SIDE,RIGHT,3,1.5,,,-1.0,1.0,2.0,1.0,2.0,,17.25,12.25,17.75,14.25,PASS_BOUNDARY,
INNER_SIDE,RIGHT,3,1.5,,,-1.0,1.0,2.0,2.0,2.0,,17.25,11.25,17.75,14.25,PASS_BOUNDARY,
INNER_SIDE,RIGHT,3,1.5,,,0.0,-1.0,0.0,0.0,1.0,,17.25,16.25,17.75,15.25,PASS_BOUNDARY,
INNER_SIDE,RIGHT,3,1.5,,,0.0,-1.0,0.0,1.0,1.0,,17.25,15.25,17.75,15.25,PASS_BOUNDARY,
INNER_SIDE,RIGHT,3,1.5,,,0.0,-1.0,0.0,2.0,1.0,,17.25,14.25,17.75,15.25,PASS_BOUNDARY,
INNER_SIDE,RIGHT,3,1.5,,,0.0,-1.0,1.0,0.0,1.0,,17.25,15.25,17.75,15.25,PASS_BOUNDARY,
INNER_SIDE,RIGHT,3,1.5,,,0.0,-1.0,1.0,1.0,1.0,,17.25,14.25,17.75,15.25,PASS_BOUNDARY,
INNER_SIDE,RIGHT,3,1.5,,,0.0,-1.0,1.0,2.0,1.0,,17.25,13.25,17.75,15.25,PASS_BOUNDARY,
INNER_SIDE,RIGHT,3,1.5,,,0.0,-1.0,2.0,0.0,1.0,,17.25,14.25,17.75,15.25,PASS_BOUNDARY,
INNER_SIDE,RIGHT,3,1.5,,,0.0,-1.0,2.0,1.0,1.0,,17.25,13.25,17.75,15.25,PASS_BOUNDARY,
INNER_SIDE,RIGHT,3,1.5,,,0.0,-1.0,2.0,2.0,1.0,,17.25,12.25,17.75,15.25,PASS_BOUNDARY,
INNER_SIDE,RIGHT,3,1.5,,,0.0,0.0,0.0,0.0,0.0,,17.25,17.25,17.75,16.25,PASS_BOUNDARY,
INNER_SIDE,RIGHT,3,1.5,,,0.0,0.0,0.0,1.0,0.0,,17.25,16.25,17.75,16.25,PASS_BOUNDARY,
INNER_SIDE,RIGHT,3,1.5,,,0.0,0.0,0.0,2.0,0.0,,17.25,15.25,17.75,16.25,PASS_BOUNDARY,
INNER_SIDE,RIGHT,3,1.5,,,0.0,0.0,1.0,0.0,0.0,,17.25,16.25,17.75,16.25,PASS_BOUNDARY,
INNER_SIDE,RIGHT,3,1.5,,,0.0,0.0,1.0,1.0,0.0,,17.25,15.25,17.75,16.25,PASS_BOUNDARY,
INNER_SIDE,RIGHT,3,1.5,,,0.0,0.0,1.0,2.0,0.0,,17.25,14.25,17.75,16.25,PASS_BOUNDARY,
INNER_SIDE,RIGHT,3,1.5,,,0.0,0.0,2.0,0.0,0.0,,17.25,15.25,17.75,16.25,PASS_BOUNDARY,
INNER_SIDE,RIGHT,3,1.5,,,0.0,0.0,2.0,1.0,0.0,,17.25,14.25,17.75,16.25,PASS_BOUNDARY,
INNER_SIDE,RIGHT,3,1.5,,,0.0,0.0,2.0,2.0,0.0,,17.25,13.25,17.75,16.25,PASS_BOUNDARY,
INNER_SIDE,RIGHT,3,1.5,,,0.0,1.0,0.0,0.0,1.0,,17.25,16.25,17.75,15.25,PASS_BOUNDARY,
INNER_SIDE,RIGHT,3,1.5,,,0.0,1.0,0.0,1.0,1.0,,17.25,15.25,17.75,15.25,PASS_BOUNDARY,
INNER_SIDE,RIGHT,3,1.5,,,0.0,1.0,0.0,2.0,1.0,,17.25,14.25,17.75,15.25,PASS_BOUNDARY,
INNER_SIDE,RIGHT,3,1.5,,,0.0,1.0,1.0,0.0,1.0,,17.25,15.25,17.75,15.25,PASS_BOUNDARY,
INNER_SIDE,RIGHT,3,1.5,,,0.0,1.0,1.0,1.0,1.0,,17.25,14.25,17.75,15.25,PASS_BOUNDARY,
INNER_SIDE,RIGHT,3,1.5,,,0.0,1.0,1.0,2.0,1.0,,17.25,13.25,17.75,15.25,PASS_BOUNDARY,
INNER_SIDE,RIGHT,3,1.5,,,0.0,1.0,2.0,0.0,1.0,,17.25,14.25,17.75,15.25,PASS_BOUNDARY,
INNER_SIDE,RIGHT,3,1.5,,,0.0,1.0,2.0,1.0,1.0,,17.25,13.25,17.75,15.25,PASS_BOUNDARY,
INNER_SIDE,RIGHT,3,1.5,,,0.0,1.0,2.0,2.0,1.0,,17.25,12.25,17.75,15.25,PASS_BOUNDARY,
INNER_SIDE,RIGHT,3,1.5,,,1.0,-1.0,0.0,0.0,2.0,,17.25,15.25,17.75,14.25,PASS_BOUNDARY,
INNER_SIDE,RIGHT,3,1.5,,,1.0,-1.0,0.0,1.0,2.0,,17.25,14.25,17.75,14.25,PASS_BOUNDARY,
INNER_SIDE,RIGHT,3,1.5,,,1.0,-1.0,0.0,2.0,2.0,,17.25,13.25,17.75,14.25,PASS_BOUNDARY,
INNER_SIDE,RIGHT,3,1.5,,,1.0,-1.0,1.0,0.0,2.0,,17.25,14.25,17.75,14.25,PASS_BOUNDARY,
INNER_SIDE,RIGHT,3,1.5,,,1.0,-1.0,1.0,1.0,2.0,,17.25,13.25,17.75,14.25,PASS_BOUNDARY,
INNER_SIDE,RIGHT,3,1.5,,,1.0,-1.0,1.0,2.0,2.0,,17.25,12.25,17.75,14.25,PASS_BOUNDARY,
INNER_SIDE,RIGHT,3,1.5,,,1.0,-1.0,2.0,0.0,2.0,,17.25,13.25,17.75,14.25,PASS_BOUNDARY,
INNER_SIDE,RIGHT,3,1.5,,,1.0,-1.0,2.0,1.0,2.0,,17.25,12.25,17.75,14.25,PASS_BOUNDARY,
INNER_SIDE,RIGHT,3,1.5,,,1.0,-1.0,2.0,2.0,2.0,,17.25,11.25,17.75,14.25,PASS_BOUNDARY,
INNER_SIDE,RIGHT,3,1.5,,,1.0,0.0,0.0,0.0,1.0,,17.25,16.25,17.75,15.25,PASS_BOUNDARY,
INNER_SIDE,RIGHT,3,1.5,,,1.0,0.0,0.0,1.0,1.0,,17.25,15.25,17.75,15.25,PASS_BOUNDARY,
INNER_SIDE,RIGHT,3,1.5,,,1.0,0.0,0.0,2.0,1.0,,17.25,14.25,17.75,15.25,PASS_BOUNDARY,
INNER_SIDE,RIGHT,3,1.5,,,1.0,0.0,1.0,0.0,1.0,,17.25,15.25,17.75,15.25,PASS_BOUNDARY,
INNER_SIDE,RIGHT,3,1.5,,,1.0,0.0,1.0,1.0,1.0,,17.25,14.25,17.75,15.25,PASS_BOUNDARY,
INNER_SIDE,RIGHT,3,1.5,,,1.0,0.0,1.0,2.0,1.0,,17.25,13.25,17.75,15.25,PASS_BOUNDARY,
INNER_SIDE,RIGHT,3,1.5,,,1.0,0.0,2.0,0.0,1.0,,17.25,14.25,17.75,15.25,PASS_BOUNDARY,
INNER_SIDE,RIGHT,3,1.5,,,1.0,0.0,2.0,1.0,1.0,,17.25,13.25,17.75,15.25,PASS_BOUNDARY,
INNER_SIDE,RIGHT,3,1.5,,,1.0,0.0,2.0,2.0,1.0,,17.25,12.25,17.75,15.25,PASS_BOUNDARY,
INNER_SIDE,RIGHT,3,1.5,,,1.0,1.0,0.0,0.0,0.0,,17.25,17.25,17.75,16.25,PASS_BOUNDARY,
INNER_SIDE,RIGHT,3,1.5,,,1.0,1.0,0.0,1.0,0.0,,17.25,16.25,17.75,16.25,PASS_BOUNDARY,
INNER_SIDE,RIGHT,3,1.5,,,1.0,1.0,0.0,2.0,0.0,,17.25,15.25,17.75,16.25,PASS_BOUNDARY,
INNER_SIDE,RIGHT,3,1.5,,,1.0,1.0,1.0,0.0,0.0,,17.25,16.25,17.75,16.25,PASS_BOUNDARY,
INNER_SIDE,RIGHT,3,1.5,,,1.0,1.0,1.0,1.0,0.0,,17.25,15.25,17.75,16.25,PASS_BOUNDARY,
INNER_SIDE,RIGHT,3,1.5,,,1.0,1.0,1.0,2.0,0.0,,17.25,14.25,17.75,16.25,PASS_BOUNDARY,
INNER_SIDE,RIGHT,3,1.5,,,1.0,1.0,2.0,0.0,0.0,,17.25,15.25,17.75,16.25,PASS_BOUNDARY,
INNER_SIDE,RIGHT,3,1.5,,,1.0,1.0,2.0,1.0,0.0,,17.25,14.25,17.75,16.25,PASS_BOUNDARY,
INNER_SIDE,RIGHT,3,1.5,,,1.0,1.0,2.0,2.0,0.0,,17.25,13.25,17.75,16.25,PASS_BOUNDARY,
INNER_SIDE,RIGHT,4,0.0,,,-1.0,-1.0,0.0,0.0,0.0,,16.25,16.25,16.75,16.75,PASS_BOUNDARY,
INNER_SIDE,RIGHT,4,0.0,,,-1.0,-1.0,0.0,1.0,0.0,,16.25,15.25,16.75,16.75,PASS_BOUNDARY,
INNER_SIDE,RIGHT,4,0.0,,,-1.0,-1.0,0.0,2.0,0.0,,16.25,14.25,16.75,16.75,PASS_BOUNDARY,
INNER_SIDE,RIGHT,4,0.0,,,-1.0,-1.0,1.0,0.0,0.0,,16.25,15.25,16.75,16.75,PASS_BOUNDARY,
INNER_SIDE,RIGHT,4,0.0,,,-1.0,-1.0,1.0,1.0,0.0,,16.25,14.25,16.75,16.75,PASS_BOUNDARY,
INNER_SIDE,RIGHT,4,0.0,,,-1.0,-1.0,1.0,2.0,0.0,,16.25,13.25,16.75,16.75,PASS_BOUNDARY,
INNER_SIDE,RIGHT,4,0.0,,,-1.0,-1.0,2.0,0.0,0.0,,16.25,14.25,16.75,16.75,PASS_BOUNDARY,
INNER_SIDE,RIGHT,4,0.0,,,-1.0,-1.0,2.0,1.0,0.0,,16.25,13.25,16.75,16.75,PASS_BOUNDARY,
INNER_SIDE,RIGHT,4,0.0,,,-1.0,-1.0,2.0,2.0,0.0,,16.25,12.25,16.75,16.75,PASS_BOUNDARY,
INNER_SIDE,RIGHT,4,0.0,,,-1.0,0.0,0.0,0.0,1.0,,16.25,15.25,16.75,15.75,PASS_BOUNDARY,
INNER_SIDE,RIGHT,4,0.0,,,-1.0,0.0,0.0,1.0,1.0,,16.25,14.25,16.75,15.75,PASS_BOUNDARY,
INNER_SIDE,RIGHT,4,0.0,,,-1.0,0.0,0.0,2.0,1.0,,16.25,13.25,16.75,15.75,PASS_BOUNDARY,
INNER_SIDE,RIGHT,4,0.0,,,-1.0,0.0,1.0,0.0,1.0,,16.25,14.25,16.75,15.75,PASS_BOUNDARY,
INNER_SIDE,RIGHT,4,0.0,,,-1.0,0.0,1.0,1.0,1.0,,16.25,13.25,16.75,15.75,PASS_BOUNDARY,
INNER_SIDE,RIGHT,4,0.0,,,-1.0,0.0,1.0,2.0,1.0,,16.25,12.25,16.75,15.75,PASS_BOUNDARY,
INNER_SIDE,RIGHT,4,0.0,,,-1.0,0.0,2.0,0.0,1.0,,16.25,13.25,16.75,15.75,PASS_BOUNDARY,
INNER_SIDE,RIGHT,4,0.0,,,-1.0,0.0,2.0,1.0,1.0,,16.25,12.25,16.75,15.75,PASS_BOUNDARY,
INNER_SIDE,RIGHT,4,0.0,,,-1.0,0.0,2.0,2.0,1.0,,16.25,11.25,16.75,15.75,PASS_BOUNDARY,
INNER_SIDE,RIGHT,4,0.0,,,-1.0,1.0,0.0,0.0,2.0,,16.25,14.25,16.75,14.75,PASS_BOUNDARY,
INNER_SIDE,RIGHT,4,0.0,,,-1.0,1.0,0.0,1.0,2.0,,16.25,13.25,16.75,14.75,PASS_BOUNDARY,
INNER_SIDE,RIGHT,4,0.0,,,-1.0,1.0,0.0,2.0,2.0,,16.25,12.25,16.75,14.75,PASS_BOUNDARY,
INNER_SIDE,RIGHT,4,0.0,,,-1.0,1.0,1.0,0.0,2.0,,16.25,13.25,16.75,14.75,PASS_BOUNDARY,
INNER_SIDE,RIGHT,4,0.0,,,-1.0,1.0,1.0,1.0,2.0,,16.25,12.25,16.75,14.75,PASS_BOUNDARY,
INNER_SIDE,RIGHT,4,0.0,,,-1.0,1.0,1.0,2.0,2.0,,16.25,11.25,16.75,14.75,PASS_BOUNDARY,
INNER_SIDE,RIGHT,4,0.0,,,-1.0,1.0,2.0,0.0,2.0,,16.25,12.25,16.75,14.75,PASS_BOUNDARY,
INNER_SIDE,RIGHT,4,0.0,,,-1.0,1.0,2.0,1.0,2.0,,16.25,11.25,16.75,14.75,PASS_BOUNDARY,
INNER_SIDE,RIGHT,4,0.0,,,-1.0,1.0,2.0,2.0,2.0,,16.25,10.25,16.75,14.75,PASS_BOUNDARY,
INNER_SIDE,RIGHT,4,0.0,,,0.0,-1.0,0.0,0.0,1.0,,16.25,15.25,16.75,15.75,PASS_BOUNDARY,
INNER_SIDE,RIGHT,4,0.0,,,0.0,-1.0,0.0,1.0,1.0,,16.25,14.25,16.75,15.75,PASS_BOUNDARY,
INNER_SIDE,RIGHT,4,0.0,,,0.0,-1.0,0.0,2.0,1.0,,16.25,13.25,16.75,15.75,PASS_BOUNDARY,
INNER_SIDE,RIGHT,4,0.0,,,0.0,-1.0,1.0,0.0,1.0,,16.25,14.25,16.75,15.75,PASS_BOUNDARY,
INNER_SIDE,RIGHT,4,0.0,,,0.0,-1.0,1.0,1.0,1.0,,16.25,13.25,16.75,15.75,PASS_BOUNDARY,
INNER_SIDE,RIGHT,4,0.0,,,0.0,-1.0,1.0,2.0,1.0,,16.25,12.25,16.75,15.75,PASS_BOUNDARY,
INNER_SIDE,RIGHT,4,0.0,,,0.0,-1.0,2.0,0.0,1.0,,16.25,13.25,16.75,15.75,PASS_BOUNDARY,
INNER_SIDE,RIGHT,4,0.0,,,0.0,-1.0,2.0,1.0,1.0,,16.25,12.25,16.75,15.75,PASS_BOUNDARY,
INNER_SIDE,RIGHT,4,0.0,,,0.0,-1.0,2.0,2.0,1.0,,16.25,11.25,16.75,15.75,PASS_BOUNDARY,
INNER_SIDE,RIGHT,4,0.0,,,0.0,0.0,0.0,0.0,0.0,,16.25,16.25,16.75,16.75,PASS_BOUNDARY,
INNER_SIDE,RIGHT,4,0.0,,,0.0,0.0,0.0,1.0,0.0,,16.25,15.25,16.75,16.75,PASS_BOUNDARY,
INNER_SIDE,RIGHT,4,0.0,,,0.0,0.0,0.0,2.0,0.0,,16.25,14.25,16.75,16.75,PASS_BOUNDARY,
INNER_SIDE,RIGHT,4,0.0,,,0.0,0.0,1.0,0.0,0.0,,16.25,15.25,16.75,16.75,PASS_BOUNDARY,
INNER_SIDE,RIGHT,4,0.0,,,0.0,0.0,1.0,1.0,0.0,,16.25,14.25,16.75,16.75,PASS_BOUNDARY,
INNER_SIDE,RIGHT,4,0.0,,,0.0,0.0,1.0,2.0,0.0,,16.25,13.25,16.75,16.75,PASS_BOUNDARY,
INNER_SIDE,RIGHT,4,0.0,,,0.0,0.0,2.0,0.0,0.0,,16.25,14.25,16.75,16.75,PASS_BOUNDARY,
INNER_SIDE,RIGHT,4,0.0,,,0.0,0.0,2.0,1.0,0.0,,16.25,13.25,16.75,16.75,PASS_BOUNDARY,
INNER_SIDE,RIGHT,4,0.0,,,0.0,0.0,2.0,2.0,0.0,,16.25,12.25,16.75,16.75,PASS_BOUNDARY,
INNER_SIDE,RIGHT,4,0.0,,,0.0,1.0,0.0,0.0,1.0,,16.25,15.25,16.75,15.75,PASS_BOUNDARY,
INNER_SIDE,RIGHT,4,0.0,,,0.0,1.0,0.0,1.0,1.0,,16.25,14.25,16.75,15.75,PASS_BOUNDARY,
INNER_SIDE,RIGHT,4,0.0,,,0.0,1.0,0.0,2.0,1.0,,16.25,13.25,16.75,15.75,PASS_BOUNDARY,
INNER_SIDE,RIGHT,4,0.0,,,0.0,1.0,1.0,0.0,1.0,,16.25,14.25,16.75,15.75,PASS_BOUNDARY,
INNER_SIDE,RIGHT,4,0.0,,,0.0,1.0,1.0,1.0,1.0,,16.25,13.25,16.75,15.75,PASS_BOUNDARY,
INNER_SIDE,RIGHT,4,0.0,,,0.0,1.0,1.0,2.0,1.0,,16.25,12.25,16.75,15.75,PASS_BOUNDARY,
INNER_SIDE,RIGHT,4,0.0,,,0.0,1.0,2.0,0.0,1.0,,16.25,13.25,16.75,15.75,PASS_BOUNDARY,
INNER_SIDE,RIGHT,4,0.0,,,0.0,1.0,2.0,1.0,1.0,,16.25,12.25,16.75,15.75,PASS_BOUNDARY,
INNER_SIDE,RIGHT,4,0.0,,,0.0,1.0,2.0,2.0,1.0,,16.25,11.25,16.75,15.75,PASS_BOUNDARY,
INNER_SIDE,RIGHT,4,0.0,,,1.0,-1.0,0.0,0.0,2.0,,16.25,14.25,16.75,14.75,PASS_BOUNDARY,
INNER_SIDE,RIGHT,4,0.0,,,1.0,-1.0,0.0,1.0,2.0,,16.25,13.25,16.75,14.75,PASS_BOUNDARY,
INNER_SIDE,RIGHT,4,0.0,,,1.0,-1.0,0.0,2.0,2.0,,16.25,12.25,16.75,14.75,PASS_BOUNDARY,
INNER_SIDE,RIGHT,4,0.0,,,1.0,-1.0,1.0,0.0,2.0,,16.25,13.25,16.75,14.75,PASS_BOUNDARY,
INNER_SIDE,RIGHT,4,0.0,,,1.0,-1.0,1.0,1.0,2.0,,16.25,12.25,16.75,14.75,PASS_BOUNDARY,
INNER_SIDE,RIGHT,4,0.0,,,1.0,-1.0,1.0,2.0,2.0,,16.25,11.25,16.75,14.75,PASS_BOUNDARY,
INNER_SIDE,RIGHT,4,0.0,,,1.0,-1.0,2.0,0.0,2.0,,16.25,12.25,16.75,14.75,PASS_BOUNDARY,
INNER_SIDE,RIGHT,4,0.0,,,1.0,-1.0,2.0,1.0,2.0,,16.25,11.25,16.75,14.75,PASS_BOUNDARY,
INNER_SIDE,RIGHT,4,0.0,,,1.0,-1.0,2.0,2.0,2.0,,16.25,10.25,16.75,14.75,PASS_BOUNDARY,
INNER_SIDE,RIGHT,4,0.0,,,1.0,0.0,0.0,0.0,1.0,,16.25,15.25,16.75,15.75,PASS_BOUNDARY,
INNER_SIDE,RIGHT,4,0.0,,,1.0,0.0,0.0,1.0,1.0,,16.25,14.25,16.75,15.75,PASS_BOUNDARY,
INNER_SIDE,RIGHT,4,0.0,,,1.0,0.0,0.0,2.0,1.0,,16.25,13.25,16.75,15.75,PASS_BOUNDARY,
INNER_SIDE,RIGHT,4,0.0,,,1.0,0.0,1.0,0.0,1.0,,16.25,14.25,16.75,15.75,PASS_BOUNDARY,
INNER_SIDE,RIGHT,4,0.0,,,1.0,0.0,1.0,1.0,1.0,,16.25,13.25,16.75,15.75,PASS_BOUNDARY,
INNER_SIDE,RIGHT,4,0.0,,,1.0,0.0,1.0,2.0,1.0,,16.25,12.25,16.75,15.75,PASS_BOUNDARY,
INNER_SIDE,RIGHT,4,0.0,,,1.0,0.0,2.0,0.0,1.0,,16.25,13.25,16.75,15.75,PASS_BOUNDARY,
INNER_SIDE,RIGHT,4,0.0,,,1.0,0.0,2.0,1.0,1.0,,16.25,12.25,16.75,15.75,PASS_BOUNDARY,
INNER_SIDE,RIGHT,4,0.0,,,1.0,0.0,2.0,2.0,1.0,,16.25,11.25,16.75,15.75,PASS_BOUNDARY,
INNER_SIDE,RIGHT,4,0.0,,,1.0,1.0,0.0,0.0,0.0,,16.25,16.25,16.75,16.75,PASS_BOUNDARY,
INNER_SIDE,RIGHT,4,0.0,,,1.0,1.0,0.0,1.0,0.0,,16.25,15.25,16.75,16.75,PASS_BOUNDARY,
INNER_SIDE,RIGHT,4,0.0,,,1.0,1.0,0.0,2.0,0.0,,16.25,14.25,16.75,16.75,PASS_BOUNDARY,
INNER_SIDE,RIGHT,4,0.0,,,1.0,1.0,1.0,0.0,0.0,,16.25,15.25,16.75,16.75,PASS_BOUNDARY,
INNER_SIDE,RIGHT,4,0.0,,,1.0,1.0,1.0,1.0,0.0,,16.25,14.25,16.75,16.75,PASS_BOUNDARY,
INNER_SIDE,RIGHT,4,0.0,,,1.0,1.0,1.0,2.0,0.0,,16.25,13.25,16.75,16.75,PASS_BOUNDARY,
INNER_SIDE,RIGHT,4,0.0,,,1.0,1.0,2.0,0.0,0.0,,16.25,14.25,16.75,16.75,PASS_BOUNDARY,
INNER_SIDE,RIGHT,4,0.0,,,1.0,1.0,2.0,1.0,0.0,,16.25,13.25,16.75,16.75,PASS_BOUNDARY,
INNER_SIDE,RIGHT,4,0.0,,,1.0,1.0,2.0,2.0,0.0,,16.25,12.25,16.75,16.75,PASS_BOUNDARY,
INNER_SIDE,RIGHT,4,0.5,,,-1.0,-1.0,0.0,0.0,0.0,,16.25,16.25,16.75,16.25,PASS_BOUNDARY,
INNER_SIDE,RIGHT,4,0.5,,,-1.0,-1.0,0.0,1.0,0.0,,16.25,15.25,16.75,16.25,PASS_BOUNDARY,
INNER_SIDE,RIGHT,4,0.5,,,-1.0,-1.0,0.0,2.0,0.0,,16.25,14.25,16.75,16.25,PASS_BOUNDARY,
INNER_SIDE,RIGHT,4,0.5,,,-1.0,-1.0,1.0,0.0,0.0,,16.25,15.25,16.75,16.25,PASS_BOUNDARY,
INNER_SIDE,RIGHT,4,0.5,,,-1.0,-1.0,1.0,1.0,0.0,,16.25,14.25,16.75,16.25,PASS_BOUNDARY,
INNER_SIDE,RIGHT,4,0.5,,,-1.0,-1.0,1.0,2.0,0.0,,16.25,13.25,16.75,16.25,PASS_BOUNDARY,
INNER_SIDE,RIGHT,4,0.5,,,-1.0,-1.0,2.0,0.0,0.0,,16.25,14.25,16.75,16.25,PASS_BOUNDARY,
INNER_SIDE,RIGHT,4,0.5,,,-1.0,-1.0,2.0,1.0,0.0,,16.25,13.25,16.75,16.25,PASS_BOUNDARY,
INNER_SIDE,RIGHT,4,0.5,,,-1.0,-1.0,2.0,2.0,0.0,,16.25,12.25,16.75,16.25,PASS_BOUNDARY,
INNER_SIDE,RIGHT,4,0.5,,,-1.0,0.0,0.0,0.0,1.0,,16.25,15.25,16.75,15.25,PASS_BOUNDARY,
INNER_SIDE,RIGHT,4,0.5,,,-1.0,0.0,0.0,1.0,1.0,,16.25,14.25,16.75,15.25,PASS_BOUNDARY,
INNER_SIDE,RIGHT,4,0.5,,,-1.0,0.0,0.0,2.0,1.0,,16.25,13.25,16.75,15.25,PASS_BOUNDARY,
INNER_SIDE,RIGHT,4,0.5,,,-1.0,0.0,1.0,0.0,1.0,,16.25,14.25,16.75,15.25,PASS_BOUNDARY,
INNER_SIDE,RIGHT,4,0.5,,,-1.0,0.0,1.0,1.0,1.0,,16.25,13.25,16.75,15.25,PASS_BOUNDARY,
INNER_SIDE,RIGHT,4,0.5,,,-1.0,0.0,1.0,2.0,1.0,,16.25,12.25,16.75,15.25,PASS_BOUNDARY,
INNER_SIDE,RIGHT,4,0.5,,,-1.0,0.0,2.0,0.0,1.0,,16.25,13.25,16.75,15.25,PASS_BOUNDARY,
INNER_SIDE,RIGHT,4,0.5,,,-1.0,0.0,2.0,1.0,1.0,,16.25,12.25,16.75,15.25,PASS_BOUNDARY,
INNER_SIDE,RIGHT,4,0.5,,,-1.0,0.0,2.0,2.0,1.0,,16.25,11.25,16.75,15.25,PASS_BOUNDARY,
INNER_SIDE,RIGHT,4,0.5,,,-1.0,1.0,0.0,0.0,2.0,,16.25,14.25,16.75,14.25,PASS_BOUNDARY,
INNER_SIDE,RIGHT,4,0.5,,,-1.0,1.0,0.0,1.0,2.0,,16.25,13.25,16.75,14.25,PASS_BOUNDARY,
INNER_SIDE,RIGHT,4,0.5,,,-1.0,1.0,0.0,2.0,2.0,,16.25,12.25,16.75,14.25,PASS_BOUNDARY,
INNER_SIDE,RIGHT,4,0.5,,,-1.0,1.0,1.0,0.0,2.0,,16.25,13.25,16.75,14.25,PASS_BOUNDARY,
INNER_SIDE,RIGHT,4,0.5,,,-1.0,1.0,1.0,1.0,2.0,,16.25,12.25,16.75,14.25,PASS_BOUNDARY,
INNER_SIDE,RIGHT,4,0.5,,,-1.0,1.0,1.0,2.0,2.0,,16.25,11.25,16.75,14.25,PASS_BOUNDARY,
INNER_SIDE,RIGHT,4,0.5,,,-1.0,1.0,2.0,0.0,2.0,,16.25,12.25,16.75,14.25,PASS_BOUNDARY,
INNER_SIDE,RIGHT,4,0.5,,,-1.0,1.0,2.0,1.0,2.0,,16.25,11.25,16.75,14.25,PASS_BOUNDARY,
INNER_SIDE,RIGHT,4,0.5,,,-1.0,1.0,2.0,2.0,2.0,,16.25,10.25,16.75,14.25,PASS_BOUNDARY,
INNER_SIDE,RIGHT,4,0.5,,,0.0,-1.0,0.0,0.0,1.0,,16.25,15.25,16.75,15.25,PASS_BOUNDARY,
INNER_SIDE,RIGHT,4,0.5,,,0.0,-1.0,0.0,1.0,1.0,,16.25,14.25,16.75,15.25,PASS_BOUNDARY,
INNER_SIDE,RIGHT,4,0.5,,,0.0,-1.0,0.0,2.0,1.0,,16.25,13.25,16.75,15.25,PASS_BOUNDARY,
INNER_SIDE,RIGHT,4,0.5,,,0.0,-1.0,1.0,0.0,1.0,,16.25,14.25,16.75,15.25,PASS_BOUNDARY,
INNER_SIDE,RIGHT,4,0.5,,,0.0,-1.0,1.0,1.0,1.0,,16.25,13.25,16.75,15.25,PASS_BOUNDARY,
INNER_SIDE,RIGHT,4,0.5,,,0.0,-1.0,1.0,2.0,1.0,,16.25,12.25,16.75,15.25,PASS_BOUNDARY,
INNER_SIDE,RIGHT,4,0.5,,,0.0,-1.0,2.0,0.0,1.0,,16.25,13.25,16.75,15.25,PASS_BOUNDARY,
INNER_SIDE,RIGHT,4,0.5,,,0.0,-1.0,2.0,1.0,1.0,,16.25,12.25,16.75,15.25,PASS_BOUNDARY,
INNER_SIDE,RIGHT,4,0.5,,,0.0,-1.0,2.0,2.0,1.0,,16.25,11.25,16.75,15.25,PASS_BOUNDARY,
INNER_SIDE,RIGHT,4,0.5,,,0.0,0.0,0.0,0.0,0.0,,16.25,16.25,16.75,16.25,PASS_BOUNDARY,
INNER_SIDE,RIGHT,4,0.5,,,0.0,0.0,0.0,1.0,0.0,,16.25,15.25,16.75,16.25,PASS_BOUNDARY,
INNER_SIDE,RIGHT,4,0.5,,,0.0,0.0,0.0,2.0,0.0,,16.25,14.25,16.75,16.25,PASS_BOUNDARY,
INNER_SIDE,RIGHT,4,0.5,,,0.0,0.0,1.0,0.0,0.0,,16.25,15.25,16.75,16.25,PASS_BOUNDARY,
INNER_SIDE,RIGHT,4,0.5,,,0.0,0.0,1.0,1.0,0.0,,16.25,14.25,16.75,16.25,PASS_BOUNDARY,
INNER_SIDE,RIGHT,4,0.5,,,0.0,0.0,1.0,2.0,0.0,,16.25,13.25,16.75,16.25,PASS_BOUNDARY,
INNER_SIDE,RIGHT,4,0.5,,,0.0,0.0,2.0,0.0,0.0,,16.25,14.25,16.75,16.25,PASS_BOUNDARY,
INNER_SIDE,RIGHT,4,0.5,,,0.0,0.0,2.0,1.0,0.0,,16.25,13.25,16.75,16.25,PASS_BOUNDARY,
INNER_SIDE,RIGHT,4,0.5,,,0.0,0.0,2.0,2.0,0.0,,16.25,12.25,16.75,16.25,PASS_BOUNDARY,
INNER_SIDE,RIGHT,4,0.5,,,0.0,1.0,0.0,0.0,1.0,,16.25,15.25,16.75,15.25,PASS_BOUNDARY,
INNER_SIDE,RIGHT,4,0.5,,,0.0,1.0,0.0,1.0,1.0,,16.25,14.25,16.75,15.25,PASS_BOUNDARY,
INNER_SIDE,RIGHT,4,0.5,,,0.0,1.0,0.0,2.0,1.0,,16.25,13.25,16.75,15.25,PASS_BOUNDARY,
INNER_SIDE,RIGHT,4,0.5,,,0.0,1.0,1.0,0.0,1.0,,16.25,14.25,16.75,15.25,PASS_BOUNDARY,
INNER_SIDE,RIGHT,4,0.5,,,0.0,1.0,1.0,1.0,1.0,,16.25,13.25,16.75,15.25,PASS_BOUNDARY,
INNER_SIDE,RIGHT,4,0.5,,,0.0,1.0,1.0,2.0,1.0,,16.25,12.25,16.75,15.25,PASS_BOUNDARY,
INNER_SIDE,RIGHT,4,0.5,,,0.0,1.0,2.0,0.0,1.0,,16.25,13.25,16.75,15.25,PASS_BOUNDARY,
INNER_SIDE,RIGHT,4,0.5,,,0.0,1.0,2.0,1.0,1.0,,16.25,12.25,16.75,15.25,PASS_BOUNDARY,
INNER_SIDE,RIGHT,4,0.5,,,0.0,1.0,2.0,2.0,1.0,,16.25,11.25,16.75,15.25,PASS_BOUNDARY,
INNER_SIDE,RIGHT,4,0.5,,,1.0,-1.0,0.0,0.0,2.0,,16.25,14.25,16.75,14.25,PASS_BOUNDARY,
INNER_SIDE,RIGHT,4,0.5,,,1.0,-1.0,0.0,1.0,2.0,,16.25,13.25,16.75,14.25,PASS_BOUNDARY,
INNER_SIDE,RIGHT,4,0.5,,,1.0,-1.0,0.0,2.0,2.0,,16.25,12.25,16.75,14.25,PASS_BOUNDARY,
INNER_SIDE,RIGHT,4,0.5,,,1.0,-1.0,1.0,0.0,2.0,,16.25,13.25,16.75,14.25,PASS_BOUNDARY,
INNER_SIDE,RIGHT,4,0.5,,,1.0,-1.0,1.0,1.0,2.0,,16.25,12.25,16.75,14.25,PASS_BOUNDARY,
INNER_SIDE,RIGHT,4,0.5,,,1.0,-1.0,1.0,2.0,2.0,,16.25,11.25,16.75,14.25,PASS_BOUNDARY,
INNER_SIDE,RIGHT,4,0.5,,,1.0,-1.0,2.0,0.0,2.0,,16.25,12.25,16.75,14.25,PASS_BOUNDARY,
INNER_SIDE,RIGHT,4,0.5,,,1.0,-1.0,2.0,1.0,2.0,,16.25,11.25,16.75,14.25,PASS_BOUNDARY,
INNER_SIDE,RIGHT,4,0.5,,,1.0,-1.0,2.0,2.0,2.0,,16.25,10.25,16.75,14.25,PASS_BOUNDARY,
INNER_SIDE,RIGHT,4,0.5,,,1.0,0.0,0.0,0.0,1.0,,16.25,15.25,16.75,15.25,PASS_BOUNDARY,
INNER_SIDE,RIGHT,4,0.5,,,1.0,0.0,0.0,1.0,1.0,,16.25,14.25,16.75,15.25,PASS_BOUNDARY,
INNER_SIDE,RIGHT,4,0.5,,,1.0,0.0,0.0,2.0,1.0,,16.25,13.25,16.75,15.25,PASS_BOUNDARY,
INNER_SIDE,RIGHT,4,0.5,,,1.0,0.0,1.0,0.0,1.0,,16.25,14.25,16.75,15.25,PASS_BOUNDARY,
INNER_SIDE,RIGHT,4,0.5,,,1.0,0.0,1.0,1.0,1.0,,16.25,13.25,16.75,15.25,PASS_BOUNDARY,
INNER_SIDE,RIGHT,4,0.5,,,1.0,0.0,1.0,2.0,1.0,,16.25,12.25,16.75,15.25,PASS_BOUNDARY,
INNER_SIDE,RIGHT,4,0.5,,,1.0,0.0,2.0,0.0,1.0,,16.25,13.25,16.75,15.25,PASS_BOUNDARY,
INNER_SIDE,RIGHT,4,0.5,,,1.0,0.0,2.0,1.0,1.0,,16.25,12.25,16.75,15.25,PASS_BOUNDARY,
INNER_SIDE,RIGHT,4,0.5,,,1.0,0.0,2.0,2.0,1.0,,16.25,11.25,16.75,15.25,PASS_BOUNDARY,
INNER_SIDE,RIGHT,4,0.5,,,1.0,1.0,0.0,0.0,0.0,,16.25,16.25,16.75,16.25,PASS_BOUNDARY,
INNER_SIDE,RIGHT,4,0.5,,,1.0,1.0,0.0,1.0,0.0,,16.25,15.25,16.75,16.25,PASS_BOUNDARY,
INNER_SIDE,RIGHT,4,0.5,,,1.0,1.0,0.0,2.0,0.0,,16.25,14.25,16.75,16.25,PASS_BOUNDARY,
INNER_SIDE,RIGHT,4,0.5,,,1.0,1.0,1.0,0.0,0.0,,16.25,15.25,16.75,16.25,PASS_BOUNDARY,
INNER_SIDE,RIGHT,4,0.5,,,1.0,1.0,1.0,1.0,0.0,,16.25,14.25,16.75,16.25,PASS_BOUNDARY,
INNER_SIDE,RIGHT,4,0.5,,,1.0,1.0,1.0,2.0,0.0,,16.25,13.25,16.75,16.25,PASS_BOUNDARY,
INNER_SIDE,RIGHT,4,0.5,,,1.0,1.0,2.0,0.0,0.0,,16.25,14.25,16.75,16.25,PASS_BOUNDARY,
INNER_SIDE,RIGHT,4,0.5,,,1.0,1.0,2.0,1.0,0.0,,16.25,13.25,16.75,16.25,PASS_BOUNDARY,
INNER_SIDE,RIGHT,4,0.5,,,1.0,1.0,2.0,2.0,0.0,,16.25,12.25,16.75,16.25,PASS_BOUNDARY,
INNER_SIDE,RIGHT,4,1.0,,,-1.0,-1.0,0.0,0.0,0.0,,16.25,16.25,16.75,15.75,PASS_BOUNDARY,
INNER_SIDE,RIGHT,4,1.0,,,-1.0,-1.0,0.0,1.0,0.0,,16.25,15.25,16.75,15.75,PASS_BOUNDARY,
INNER_SIDE,RIGHT,4,1.0,,,-1.0,-1.0,0.0,2.0,0.0,,16.25,14.25,16.75,15.75,PASS_BOUNDARY,
INNER_SIDE,RIGHT,4,1.0,,,-1.0,-1.0,1.0,0.0,0.0,,16.25,15.25,16.75,15.75,PASS_BOUNDARY,
INNER_SIDE,RIGHT,4,1.0,,,-1.0,-1.0,1.0,1.0,0.0,,16.25,14.25,16.75,15.75,PASS_BOUNDARY,
INNER_SIDE,RIGHT,4,1.0,,,-1.0,-1.0,1.0,2.0,0.0,,16.25,13.25,16.75,15.75,PASS_BOUNDARY,
INNER_SIDE,RIGHT,4,1.0,,,-1.0,-1.0,2.0,0.0,0.0,,16.25,14.25,16.75,15.75,PASS_BOUNDARY,
INNER_SIDE,RIGHT,4,1.0,,,-1.0,-1.0,2.0,1.0,0.0,,16.25,13.25,16.75,15.75,PASS_BOUNDARY,
INNER_SIDE,RIGHT,4,1.0,,,-1.0,-1.0,2.0,2.0,0.0,,16.25,12.25,16.75,15.75,PASS_BOUNDARY,
INNER_SIDE,RIGHT,4,1.0,,,-1.0,0.0,0.0,0.0,1.0,,16.25,15.25,16.75,14.75,PASS_BOUNDARY,
INNER_SIDE,RIGHT,4,1.0,,,-1.0,0.0,0.0,1.0,1.0,,16.25,14.25,16.75,14.75,PASS_BOUNDARY,
INNER_SIDE,RIGHT,4,1.0,,,-1.0,0.0,0.0,2.0,1.0,,16.25,13.25,16.75,14.75,PASS_BOUNDARY,
INNER_SIDE,RIGHT,4,1.0,,,-1.0,0.0,1.0,0.0,1.0,,16.25,14.25,16.75,14.75,PASS_BOUNDARY,
INNER_SIDE,RIGHT,4,1.0,,,-1.0,0.0,1.0,1.0,1.0,,16.25,13.25,16.75,14.75,PASS_BOUNDARY,
INNER_SIDE,RIGHT,4,1.0,,,-1.0,0.0,1.0,2.0,1.0,,16.25,12.25,16.75,14.75,PASS_BOUNDARY,
INNER_SIDE,RIGHT,4,1.0,,,-1.0,0.0,2.0,0.0,1.0,,16.25,13.25,16.75,14.75,PASS_BOUNDARY,
INNER_SIDE,RIGHT,4,1.0,,,-1.0,0.0,2.0,1.0,1.0,,16.25,12.25,16.75,14.75,PASS_BOUNDARY,
INNER_SIDE,RIGHT,4,1.0,,,-1.0,0.0,2.0,2.0,1.0,,16.25,11.25,16.75,14.75,PASS_BOUNDARY,
INNER_SIDE,RIGHT,4,1.0,,,-1.0,1.0,0.0,0.0,2.0,,16.25,14.25,16.75,13.75,PASS_BOUNDARY,
INNER_SIDE,RIGHT,4,1.0,,,-1.0,1.0,0.0,1.0,2.0,,16.25,13.25,16.75,13.75,PASS_BOUNDARY,
INNER_SIDE,RIGHT,4,1.0,,,-1.0,1.0,0.0,2.0,2.0,,16.25,12.25,16.75,13.75,PASS_BOUNDARY,
INNER_SIDE,RIGHT,4,1.0,,,-1.0,1.0,1.0,0.0,2.0,,16.25,13.25,16.75,13.75,PASS_BOUNDARY,
INNER_SIDE,RIGHT,4,1.0,,,-1.0,1.0,1.0,1.0,2.0,,16.25,12.25,16.75,13.75,PASS_BOUNDARY,
INNER_SIDE,RIGHT,4,1.0,,,-1.0,1.0,1.0,2.0,2.0,,16.25,11.25,16.75,13.75,PASS_BOUNDARY,
INNER_SIDE,RIGHT,4,1.0,,,-1.0,1.0,2.0,0.0,2.0,,16.25,12.25,16.75,13.75,PASS_BOUNDARY,
INNER_SIDE,RIGHT,4,1.0,,,-1.0,1.0,2.0,1.0,2.0,,16.25,11.25,16.75,13.75,PASS_BOUNDARY,
INNER_SIDE,RIGHT,4,1.0,,,-1.0,1.0,2.0,2.0,2.0,,16.25,10.25,16.75,13.75,PASS_BOUNDARY,
INNER_SIDE,RIGHT,4,1.0,,,0.0,-1.0,0.0,0.0,1.0,,16.25,15.25,16.75,14.75,PASS_BOUNDARY,
INNER_SIDE,RIGHT,4,1.0,,,0.0,-1.0,0.0,1.0,1.0,,16.25,14.25,16.75,14.75,PASS_BOUNDARY,
INNER_SIDE,RIGHT,4,1.0,,,0.0,-1.0,0.0,2.0,1.0,,16.25,13.25,16.75,14.75,PASS_BOUNDARY,
INNER_SIDE,RIGHT,4,1.0,,,0.0,-1.0,1.0,0.0,1.0,,16.25,14.25,16.75,14.75,PASS_BOUNDARY,
INNER_SIDE,RIGHT,4,1.0,,,0.0,-1.0,1.0,1.0,1.0,,16.25,13.25,16.75,14.75,PASS_BOUNDARY,
INNER_SIDE,RIGHT,4,1.0,,,0.0,-1.0,1.0,2.0,1.0,,16.25,12.25,16.75,14.75,PASS_BOUNDARY,
INNER_SIDE,RIGHT,4,1.0,,,0.0,-1.0,2.0,0.0,1.0,,16.25,13.25,16.75,14.75,PASS_BOUNDARY,
INNER_SIDE,RIGHT,4,1.0,,,0.0,-1.0,2.0,1.0,1.0,,16.25,12.25,16.75,14.75,PASS_BOUNDARY,
INNER_SIDE,RIGHT,4,1.0,,,0.0,-1.0,2.0,2.0,1.0,,16.25,11.25,16.75,14.75,PASS_BOUNDARY,
INNER_SIDE,RIGHT,4,1.0,,,0.0,0.0,0.0,0.0,0.0,,16.25,16.25,16.75,15.75,PASS_BOUNDARY,
INNER_SIDE,RIGHT,4,1.0,,,0.0,0.0,0.0,1.0,0.0,,16.25,15.25,16.75,15.75,PASS_BOUNDARY,
INNER_SIDE,RIGHT,4,1.0,,,0.0,0.0,0.0,2.0,0.0,,16.25,14.25,16.75,15.75,PASS_BOUNDARY,
INNER_SIDE,RIGHT,4,1.0,,,0.0,0.0,1.0,0.0,0.0,,16.25,15.25,16.75,15.75,PASS_BOUNDARY,
INNER_SIDE,RIGHT,4,1.0,,,0.0,0.0,1.0,1.0,0.0,,16.25,14.25,16.75,15.75,PASS_BOUNDARY,
INNER_SIDE,RIGHT,4,1.0,,,0.0,0.0,1.0,2.0,0.0,,16.25,13.25,16.75,15.75,PASS_BOUNDARY,
INNER_SIDE,RIGHT,4,1.0,,,0.0,0.0,2.0,0.0,0.0,,16.25,14.25,16.75,15.75,PASS_BOUNDARY,
INNER_SIDE,RIGHT,4,1.0,,,0.0,0.0,2.0,1.0,0.0,,16.25,13.25,16.75,15.75,PASS_BOUNDARY,
INNER_SIDE,RIGHT,4,1.0,,,0.0,0.0,2.0,2.0,0.0,,16.25,12.25,16.75,15.75,PASS_BOUNDARY,
INNER_SIDE,RIGHT,4,1.0,,,0.0,1.0,0.0,0.0,1.0,,16.25,15.25,16.75,14.75,PASS_BOUNDARY,
INNER_SIDE,RIGHT,4,1.0,,,0.0,1.0,0.0,1.0,1.0,,16.25,14.25,16.75,14.75,PASS_BOUNDARY,
INNER_SIDE,RIGHT,4,1.0,,,0.0,1.0,0.0,2.0,1.0,,16.25,13.25,16.75,14.75,PASS_BOUNDARY,
INNER_SIDE,RIGHT,4,1.0,,,0.0,1.0,1.0,0.0,1.0,,16.25,14.25,16.75,14.75,PASS_BOUNDARY,
INNER_SIDE,RIGHT,4,1.0,,,0.0,1.0,1.0,1.0,1.0,,16.25,13.25,16.75,14.75,PASS_BOUNDARY,
INNER_SIDE,RIGHT,4,1.0,,,0.0,1.0,1.0,2.0,1.0,,16.25,12.25,16.75,14.75,PASS_BOUNDARY,
INNER_SIDE,RIGHT,4,1.0,,,0.0,1.0,2.0,0.0,1.0,,16.25,13.25,16.75,14.75,PASS_BOUNDARY,
INNER_SIDE,RIGHT,4,1.0,,,0.0,1.0,2.0,1.0,1.0,,16.25,12.25,16.75,14.75,PASS_BOUNDARY,
INNER_SIDE,RIGHT,4,1.0,,,0.0,1.0,2.0,2.0,1.0,,16.25,11.25,16.75,14.75,PASS_BOUNDARY,
INNER_SIDE,RIGHT,4,1.0,,,1.0,-1.0,0.0,0.0,2.0,,16.25,14.25,16.75,13.75,PASS_BOUNDARY,
INNER_SIDE,RIGHT,4,1.0,,,1.0,-1.0,0.0,1.0,2.0,,16.25,13.25,16.75,13.75,PASS_BOUNDARY,
INNER_SIDE,RIGHT,4,1.0,,,1.0,-1.0,0.0,2.0,2.0,,16.25,12.25,16.75,13.75,PASS_BOUNDARY,
INNER_SIDE,RIGHT,4,1.0,,,1.0,-1.0,1.0,0.0,2.0,,16.25,13.25,16.75,13.75,PASS_BOUNDARY,
INNER_SIDE,RIGHT,4,1.0,,,1.0,-1.0,1.0,1.0,2.0,,16.25,12.25,16.75,13.75,PASS_BOUNDARY,
INNER_SIDE,RIGHT,4,1.0,,,1.0,-1.0,1.0,2.0,2.0,,16.25,11.25,16.75,13.75,PASS_BOUNDARY,
INNER_SIDE,RIGHT,4,1.0,,,1.0,-1.0,2.0,0.0,2.0,,16.25,12.25,16.75,13.75,PASS_BOUNDARY,
INNER_SIDE,RIGHT,4,1.0,,,1.0,-1.0,2.0,1.0,2.0,,16.25,11.25,16.75,13.75,PASS_BOUNDARY,
INNER_SIDE,RIGHT,4,1.0,,,1.0,-1.0,2.0,2.0,2.0,,16.25,10.25,16.75,13.75,PASS_BOUNDARY,
INNER_SIDE,RIGHT,4,1.0,,,1.0,0.0,0.0,0.0,1.0,,16.25,15.25,16.75,14.75,PASS_BOUNDARY,
INNER_SIDE,RIGHT,4,1.0,,,1.0,0.0,0.0,1.0,1.0,,16.25,14.25,16.75,14.75,PASS_BOUNDARY,
INNER_SIDE,RIGHT,4,1.0,,,1.0,0.0,0.0,2.0,1.0,,16.25,13.25,16.75,14.75,PASS_BOUNDARY,
INNER_SIDE,RIGHT,4,1.0,,,1.0,0.0,1.0,0.0,1.0,,16.25,14.25,16.75,14.75,PASS_BOUNDARY,
INNER_SIDE,RIGHT,4,1.0,,,1.0,0.0,1.0,1.0,1.0,,16.25,13.25,16.75,14.75,PASS_BOUNDARY,
INNER_SIDE,RIGHT,4,1.0,,,1.0,0.0,1.0,2.0,1.0,,16.25,12.25,16.75,14.75,PASS_BOUNDARY,
INNER_SIDE,RIGHT,4,1.0,,,1.0,0.0,2.0,0.0,1.0,,16.25,13.25,16.75,14.75,PASS_BOUNDARY,
INNER_SIDE,RIGHT,4,1.0,,,1.0,0.0,2.0,1.0,1.0,,16.25,12.25,16.75,14.75,PASS_BOUNDARY,
INNER_SIDE,RIGHT,4,1.0,,,1.0,0.0,2.0,2.0,1.0,,16.25,11.25,16.75,14.75,PASS_BOUNDARY,
INNER_SIDE,RIGHT,4,1.0,,,1.0,1.0,0.0,0.0,0.0,,16.25,16.25,16.75,15.75,PASS_BOUNDARY,
INNER_SIDE,RIGHT,4,1.0,,,1.0,1.0,0.0,1.0,0.0,,16.25,15.25,16.75,15.75,PASS_BOUNDARY,
INNER_SIDE,RIGHT,4,1.0,,,1.0,1.0,0.0,2.0,0.0,,16.25,14.25,16.75,15.75,PASS_BOUNDARY,
INNER_SIDE,RIGHT,4,1.0,,,1.0,1.0,1.0,0.0,0.0,,16.25,15.25,16.75,15.75,PASS_BOUNDARY,
INNER_SIDE,RIGHT,4,1.0,,,1.0,1.0,1.0,1.0,0.0,,16.25,14.25,16.75,15.75,PASS_BOUNDARY,
INNER_SIDE,RIGHT,4,1.0,,,1.0,1.0,1.0,2.0,0.0,,16.25,13.25,16.75,15.75,PASS_BOUNDARY,
INNER_SIDE,RIGHT,4,1.0,,,1.0,1.0,2.0,0.0,0.0,,16.25,14.25,16.75,15.75,PASS_BOUNDARY,
INNER_SIDE,RIGHT,4,1.0,,,1.0,1.0,2.0,1.0,0.0,,16.25,13.25,16.75,15.75,PASS_BOUNDARY,
INNER_SIDE,RIGHT,4,1.0,,,1.0,1.0,2.0,2.0,0.0,,16.25,12.25,16.75,15.75,PASS_BOUNDARY,
INNER_SIDE,RIGHT,4,1.5,,,-1.0,-1.0,0.0,0.0,0.0,,16.25,16.25,16.75,15.25,PASS_BOUNDARY,
INNER_SIDE,RIGHT,4,1.5,,,-1.0,-1.0,0.0,1.0,0.0,,16.25,15.25,16.75,15.25,PASS_BOUNDARY,
INNER_SIDE,RIGHT,4,1.5,,,-1.0,-1.0,0.0,2.0,0.0,,16.25,14.25,16.75,15.25,PASS_BOUNDARY,
INNER_SIDE,RIGHT,4,1.5,,,-1.0,-1.0,1.0,0.0,0.0,,16.25,15.25,16.75,15.25,PASS_BOUNDARY,
INNER_SIDE,RIGHT,4,1.5,,,-1.0,-1.0,1.0,1.0,0.0,,16.25,14.25,16.75,15.25,PASS_BOUNDARY,
INNER_SIDE,RIGHT,4,1.5,,,-1.0,-1.0,1.0,2.0,0.0,,16.25,13.25,16.75,15.25,PASS_BOUNDARY,
INNER_SIDE,RIGHT,4,1.5,,,-1.0,-1.0,2.0,0.0,0.0,,16.25,14.25,16.75,15.25,PASS_BOUNDARY,
INNER_SIDE,RIGHT,4,1.5,,,-1.0,-1.0,2.0,1.0,0.0,,16.25,13.25,16.75,15.25,PASS_BOUNDARY,
INNER_SIDE,RIGHT,4,1.5,,,-1.0,-1.0,2.0,2.0,0.0,,16.25,12.25,16.75,15.25,PASS_BOUNDARY,
INNER_SIDE,RIGHT,4,1.5,,,-1.0,0.0,0.0,0.0,1.0,,16.25,15.25,16.75,14.25,PASS_BOUNDARY,
INNER_SIDE,RIGHT,4,1.5,,,-1.0,0.0,0.0,1.0,1.0,,16.25,14.25,16.75,14.25,PASS_BOUNDARY,
INNER_SIDE,RIGHT,4,1.5,,,-1.0,0.0,0.0,2.0,1.0,,16.25,13.25,16.75,14.25,PASS_BOUNDARY,
INNER_SIDE,RIGHT,4,1.5,,,-1.0,0.0,1.0,0.0,1.0,,16.25,14.25,16.75,14.25,PASS_BOUNDARY,
INNER_SIDE,RIGHT,4,1.5,,,-1.0,0.0,1.0,1.0,1.0,,16.25,13.25,16.75,14.25,PASS_BOUNDARY,
INNER_SIDE,RIGHT,4,1.5,,,-1.0,0.0,1.0,2.0,1.0,,16.25,12.25,16.75,14.25,PASS_BOUNDARY,
INNER_SIDE,RIGHT,4,1.5,,,-1.0,0.0,2.0,0.0,1.0,,16.25,13.25,16.75,14.25,PASS_BOUNDARY,
INNER_SIDE,RIGHT,4,1.5,,,-1.0,0.0,2.0,1.0,1.0,,16.25,12.25,16.75,14.25,PASS_BOUNDARY,
INNER_SIDE,RIGHT,4,1.5,,,-1.0,0.0,2.0,2.0,1.0,,16.25,11.25,16.75,14.25,PASS_BOUNDARY,
INNER_SIDE,RIGHT,4,1.5,,,-1.0,1.0,0.0,0.0,2.0,,16.25,14.25,16.75,13.25,PASS_BOUNDARY,
INNER_SIDE,RIGHT,4,1.5,,,-1.0,1.0,0.0,1.0,2.0,,16.25,13.25,16.75,13.25,PASS_BOUNDARY,
INNER_SIDE,RIGHT,4,1.5,,,-1.0,1.0,0.0,2.0,2.0,,16.25,12.25,16.75,13.25,PASS_BOUNDARY,
INNER_SIDE,RIGHT,4,1.5,,,-1.0,1.0,1.0,0.0,2.0,,16.25,13.25,16.75,13.25,PASS_BOUNDARY,
INNER_SIDE,RIGHT,4,1.5,,,-1.0,1.0,1.0,1.0,2.0,,16.25,12.25,16.75,13.25,PASS_BOUNDARY,
INNER_SIDE,RIGHT,4,1.5,,,-1.0,1.0,1.0,2.0,2.0,,16.25,11.25,16.75,13.25,PASS_BOUNDARY,
INNER_SIDE,RIGHT,4,1.5,,,-1.0,1.0,2.0,0.0,2.0,,16.25,12.25,16.75,13.25,PASS_BOUNDARY,
INNER_SIDE,RIGHT,4,1.5,,,-1.0,1.0,2.0,1.0,2.0,,16.25,11.25,16.75,13.25,PASS_BOUNDARY,
INNER_SIDE,RIGHT,4,1.5,,,-1.0,1.0,2.0,2.0,2.0,,16.25,10.25,16.75,13.25,PASS_BOUNDARY,
INNER_SIDE,RIGHT,4,1.5,,,0.0,-1.0,0.0,0.0,1.0,,16.25,15.25,16.75,14.25,PASS_BOUNDARY,
INNER_SIDE,RIGHT,4,1.5,,,0.0,-1.0,0.0,1.0,1.0,,16.25,14.25,16.75,14.25,PASS_BOUNDARY,
INNER_SIDE,RIGHT,4,1.5,,,0.0,-1.0,0.0,2.0,1.0,,16.25,13.25,16.75,14.25,PASS_BOUNDARY,
INNER_SIDE,RIGHT,4,1.5,,,0.0,-1.0,1.0,0.0,1.0,,16.25,14.25,16.75,14.25,PASS_BOUNDARY,
INNER_SIDE,RIGHT,4,1.5,,,0.0,-1.0,1.0,1.0,1.0,,16.25,13.25,16.75,14.25,PASS_BOUNDARY,
INNER_SIDE,RIGHT,4,1.5,,,0.0,-1.0,1.0,2.0,1.0,,16.25,12.25,16.75,14.25,PASS_BOUNDARY,
INNER_SIDE,RIGHT,4,1.5,,,0.0,-1.0,2.0,0.0,1.0,,16.25,13.25,16.75,14.25,PASS_BOUNDARY,
INNER_SIDE,RIGHT,4,1.5,,,0.0,-1.0,2.0,1.0,1.0,,16.25,12.25,16.75,14.25,PASS_BOUNDARY,
INNER_SIDE,RIGHT,4,1.5,,,0.0,-1.0,2.0,2.0,1.0,,16.25,11.25,16.75,14.25,PASS_BOUNDARY,
INNER_SIDE,RIGHT,4,1.5,,,0.0,0.0,0.0,0.0,0.0,,16.25,16.25,16.75,15.25,PASS_BOUNDARY,
INNER_SIDE,RIGHT,4,1.5,,,0.0,0.0,0.0,1.0,0.0,,16.25,15.25,16.75,15.25,PASS_BOUNDARY,
INNER_SIDE,RIGHT,4,1.5,,,0.0,0.0,0.0,2.0,0.0,,16.25,14.25,16.75,15.25,PASS_BOUNDARY,
INNER_SIDE,RIGHT,4,1.5,,,0.0,0.0,1.0,0.0,0.0,,16.25,15.25,16.75,15.25,PASS_BOUNDARY,
INNER_SIDE,RIGHT,4,1.5,,,0.0,0.0,1.0,1.0,0.0,,16.25,14.25,16.75,15.25,PASS_BOUNDARY,
INNER_SIDE,RIGHT,4,1.5,,,0.0,0.0,1.0,2.0,0.0,,16.25,13.25,16.75,15.25,PASS_BOUNDARY,
INNER_SIDE,RIGHT,4,1.5,,,0.0,0.0,2.0,0.0,0.0,,16.25,14.25,16.75,15.25,PASS_BOUNDARY,
INNER_SIDE,RIGHT,4,1.5,,,0.0,0.0,2.0,1.0,0.0,,16.25,13.25,16.75,15.25,PASS_BOUNDARY,
INNER_SIDE,RIGHT,4,1.5,,,0.0,0.0,2.0,2.0,0.0,,16.25,12.25,16.75,15.25,PASS_BOUNDARY,
INNER_SIDE,RIGHT,4,1.5,,,0.0,1.0,0.0,0.0,1.0,,16.25,15.25,16.75,14.25,PASS_BOUNDARY,
INNER_SIDE,RIGHT,4,1.5,,,0.0,1.0,0.0,1.0,1.0,,16.25,14.25,16.75,14.25,PASS_BOUNDARY,
INNER_SIDE,RIGHT,4,1.5,,,0.0,1.0,0.0,2.0,1.0,,16.25,13.25,16.75,14.25,PASS_BOUNDARY,
INNER_SIDE,RIGHT,4,1.5,,,0.0,1.0,1.0,0.0,1.0,,16.25,14.25,16.75,14.25,PASS_BOUNDARY,
INNER_SIDE,RIGHT,4,1.5,,,0.0,1.0,1.0,1.0,1.0,,16.25,13.25,16.75,14.25,PASS_BOUNDARY,
INNER_SIDE,RIGHT,4,1.5,,,0.0,1.0,1.0,2.0,1.0,,16.25,12.25,16.75,14.25,PASS_BOUNDARY,
INNER_SIDE,RIGHT,4,1.5,,,0.0,1.0,2.0,0.0,1.0,,16.25,13.25,16.75,14.25,PASS_BOUNDARY,
INNER_SIDE,RIGHT,4,1.5,,,0.0,1.0,2.0,1.0,1.0,,16.25,12.25,16.75,14.25,PASS_BOUNDARY,
INNER_SIDE,RIGHT,4,1.5,,,0.0,1.0,2.0,2.0,1.0,,16.25,11.25,16.75,14.25,PASS_BOUNDARY,
INNER_SIDE,RIGHT,4,1.5,,,1.0,-1.0,0.0,0.0,2.0,,16.25,14.25,16.75,13.25,PASS_BOUNDARY,
INNER_SIDE,RIGHT,4,1.5,,,1.0,-1.0,0.0,1.0,2.0,,16.25,13.25,16.75,13.25,PASS_BOUNDARY,
INNER_SIDE,RIGHT,4,1.5,,,1.0,-1.0,0.0,2.0,2.0,,16.25,12.25,16.75,13.25,PASS_BOUNDARY,
INNER_SIDE,RIGHT,4,1.5,,,1.0,-1.0,1.0,0.0,2.0,,16.25,13.25,16.75,13.25,PASS_BOUNDARY,
INNER_SIDE,RIGHT,4,1.5,,,1.0,-1.0,1.0,1.0,2.0,,16.25,12.25,16.75,13.25,PASS_BOUNDARY,
INNER_SIDE,RIGHT,4,1.5,,,1.0,-1.0,1.0,2.0,2.0,,16.25,11.25,16.75,13.25,PASS_BOUNDARY,
INNER_SIDE,RIGHT,4,1.5,,,1.0,-1.0,2.0,0.0,2.0,,16.25,12.25,16.75,13.25,PASS_BOUNDARY,
INNER_SIDE,RIGHT,4,1.5,,,1.0,-1.0,2.0,1.0,2.0,,16.25,11.25,16.75,13.25,PASS_BOUNDARY,
INNER_SIDE,RIGHT,4,1.5,,,1.0,-1.0,2.0,2.0,2.0,,16.25,10.25,16.75,13.25,PASS_BOUNDARY,
INNER_SIDE,RIGHT,4,1.5,,,1.0,0.0,0.0,0.0,1.0,,16.25,15.25,16.75,14.25,PASS_BOUNDARY,
INNER_SIDE,RIGHT,4,1.5,,,1.0,0.0,0.0,1.0,1.0,,16.25,14.25,16.75,14.25,PASS_BOUNDARY,
INNER_SIDE,RIGHT,4,1.5,,,1.0,0.0,0.0,2.0,1.0,,16.25,13.25,16.75,14.25,PASS_BOUNDARY,
INNER_SIDE,RIGHT,4,1.5,,,1.0,0.0,1.0,0.0,1.0,,16.25,14.25,16.75,14.25,PASS_BOUNDARY,
INNER_SIDE,RIGHT,4,1.5,,,1.0,0.0,1.0,1.0,1.0,,16.25,13.25,16.75,14.25,PASS_BOUNDARY,
INNER_SIDE,RIGHT,4,1.5,,,1.0,0.0,1.0,2.0,1.0,,16.25,12.25,16.75,14.25,PASS_BOUNDARY,
INNER_SIDE,RIGHT,4,1.5,,,1.0,0.0,2.0,0.0,1.0,,16.25,13.25,16.75,14.25,PASS_BOUNDARY,
INNER_SIDE,RIGHT,4,1.5,,,1.0,0.0,2.0,1.0,1.0,,16.25,12.25,16.75,14.25,PASS_BOUNDARY,
INNER_SIDE,RIGHT,4,1.5,,,1.0,0.0,2.0,2.0,1.0,,16.25,11.25,16.75,14.25,PASS_BOUNDARY,
INNER_SIDE,RIGHT,4,1.5,,,1.0,1.0,0.0,0.0,0.0,,16.25,16.25,16.75,15.25,PASS_BOUNDARY,
INNER_SIDE,RIGHT,4,1.5,,,1.0,1.0,0.0,1.0,0.0,,16.25,15.25,16.75,15.25,PASS_BOUNDARY,
INNER_SIDE,RIGHT,4,1.5,,,1.0,1.0,0.0,2.0,0.0,,16.25,14.25,16.75,15.25,PASS_BOUNDARY,
INNER_SIDE,RIGHT,4,1.5,,,1.0,1.0,1.0,0.0,0.0,,16.25,15.25,16.75,15.25,PASS_BOUNDARY,
INNER_SIDE,RIGHT,4,1.5,,,1.0,1.0,1.0,1.0,0.0,,16.25,14.25,16.75,15.25,PASS_BOUNDARY,
INNER_SIDE,RIGHT,4,1.5,,,1.0,1.0,1.0,2.0,0.0,,16.25,13.25,16.75,15.25,PASS_BOUNDARY,
INNER_SIDE,RIGHT,4,1.5,,,1.0,1.0,2.0,0.0,0.0,,16.25,14.25,16.75,15.25,PASS_BOUNDARY,
INNER_SIDE,RIGHT,4,1.5,,,1.0,1.0,2.0,1.0,0.0,,16.25,13.25,16.75,15.25,PASS_BOUNDARY,
INNER_SIDE,RIGHT,4,1.5,,,1.0,1.0,2.0,2.0,0.0,,16.25,12.25,16.75,15.25,PASS_BOUNDARY,
INNER_SIDE,RIGHT,5,0.0,,,-1.0,-1.0,0.0,0.0,0.0,,15.25,15.25,15.75,15.75,PASS_BOUNDARY,
INNER_SIDE,RIGHT,5,0.0,,,-1.0,-1.0,0.0,1.0,0.0,,15.25,14.25,15.75,15.75,PASS_BOUNDARY,
INNER_SIDE,RIGHT,5,0.0,,,-1.0,-1.0,0.0,2.0,0.0,,15.25,13.25,15.75,15.75,PASS_BOUNDARY,
INNER_SIDE,RIGHT,5,0.0,,,-1.0,-1.0,1.0,0.0,0.0,,15.25,14.25,15.75,15.75,PASS_BOUNDARY,
INNER_SIDE,RIGHT,5,0.0,,,-1.0,-1.0,1.0,1.0,0.0,,15.25,13.25,15.75,15.75,PASS_BOUNDARY,
INNER_SIDE,RIGHT,5,0.0,,,-1.0,-1.0,1.0,2.0,0.0,,15.25,12.25,15.75,15.75,PASS_BOUNDARY,
INNER_SIDE,RIGHT,5,0.0,,,-1.0,-1.0,2.0,0.0,0.0,,15.25,13.25,15.75,15.75,PASS_BOUNDARY,
INNER_SIDE,RIGHT,5,0.0,,,-1.0,-1.0,2.0,1.0,0.0,,15.25,12.25,15.75,15.75,PASS_BOUNDARY,
INNER_SIDE,RIGHT,5,0.0,,,-1.0,-1.0,2.0,2.0,0.0,,15.25,11.25,15.75,15.75,PASS_BOUNDARY,
INNER_SIDE,RIGHT,5,0.0,,,-1.0,0.0,0.0,0.0,1.0,,15.25,14.25,15.75,14.75,PASS_BOUNDARY,
INNER_SIDE,RIGHT,5,0.0,,,-1.0,0.0,0.0,1.0,1.0,,15.25,13.25,15.75,14.75,PASS_BOUNDARY,
INNER_SIDE,RIGHT,5,0.0,,,-1.0,0.0,0.0,2.0,1.0,,15.25,12.25,15.75,14.75,PASS_BOUNDARY,
INNER_SIDE,RIGHT,5,0.0,,,-1.0,0.0,1.0,0.0,1.0,,15.25,13.25,15.75,14.75,PASS_BOUNDARY,
INNER_SIDE,RIGHT,5,0.0,,,-1.0,0.0,1.0,1.0,1.0,,15.25,12.25,15.75,14.75,PASS_BOUNDARY,
INNER_SIDE,RIGHT,5,0.0,,,-1.0,0.0,1.0,2.0,1.0,,15.25,11.25,15.75,14.75,PASS_BOUNDARY,
INNER_SIDE,RIGHT,5,0.0,,,-1.0,0.0,2.0,0.0,1.0,,15.25,12.25,15.75,14.75,PASS_BOUNDARY,
INNER_SIDE,RIGHT,5,0.0,,,-1.0,0.0,2.0,1.0,1.0,,15.25,11.25,15.75,14.75,PASS_BOUNDARY,
INNER_SIDE,RIGHT,5,0.0,,,-1.0,0.0,2.0,2.0,1.0,,15.25,10.25,15.75,14.75,PASS_BOUNDARY,
INNER_SIDE,RIGHT,5,0.0,,,-1.0,1.0,0.0,0.0,2.0,,15.25,13.25,15.75,13.75,PASS_BOUNDARY,
INNER_SIDE,RIGHT,5,0.0,,,-1.0,1.0,0.0,1.0,2.0,,15.25,12.25,15.75,13.75,PASS_BOUNDARY,
INNER_SIDE,RIGHT,5,0.0,,,-1.0,1.0,0.0,2.0,2.0,,15.25,11.25,15.75,13.75,PASS_BOUNDARY,
INNER_SIDE,RIGHT,5,0.0,,,-1.0,1.0,1.0,0.0,2.0,,15.25,12.25,15.75,13.75,PASS_BOUNDARY,
INNER_SIDE,RIGHT,5,0.0,,,-1.0,1.0,1.0,1.0,2.0,,15.25,11.25,15.75,13.75,PASS_BOUNDARY,
INNER_SIDE,RIGHT,5,0.0,,,-1.0,1.0,1.0,2.0,2.0,,15.25,10.25,15.75,13.75,PASS_BOUNDARY,
INNER_SIDE,RIGHT,5,0.0,,,-1.0,1.0,2.0,0.0,2.0,,15.25,11.25,15.75,13.75,PASS_BOUNDARY,
INNER_SIDE,RIGHT,5,0.0,,,-1.0,1.0,2.0,1.0,2.0,,15.25,10.25,15.75,13.75,PASS_BOUNDARY,
INNER_SIDE,RIGHT,5,0.0,,,-1.0,1.0,2.0,2.0,2.0,,15.25,9.25,15.75,13.75,PASS_BOUNDARY,
INNER_SIDE,RIGHT,5,0.0,,,0.0,-1.0,0.0,0.0,1.0,,15.25,14.25,15.75,14.75,PASS_BOUNDARY,
INNER_SIDE,RIGHT,5,0.0,,,0.0,-1.0,0.0,1.0,1.0,,15.25,13.25,15.75,14.75,PASS_BOUNDARY,
INNER_SIDE,RIGHT,5,0.0,,,0.0,-1.0,0.0,2.0,1.0,,15.25,12.25,15.75,14.75,PASS_BOUNDARY,
INNER_SIDE,RIGHT,5,0.0,,,0.0,-1.0,1.0,0.0,1.0,,15.25,13.25,15.75,14.75,PASS_BOUNDARY,
INNER_SIDE,RIGHT,5,0.0,,,0.0,-1.0,1.0,1.0,1.0,,15.25,12.25,15.75,14.75,PASS_BOUNDARY,
INNER_SIDE,RIGHT,5,0.0,,,0.0,-1.0,1.0,2.0,1.0,,15.25,11.25,15.75,14.75,PASS_BOUNDARY,
INNER_SIDE,RIGHT,5,0.0,,,0.0,-1.0,2.0,0.0,1.0,,15.25,12.25,15.75,14.75,PASS_BOUNDARY,
INNER_SIDE,RIGHT,5,0.0,,,0.0,-1.0,2.0,1.0,1.0,,15.25,11.25,15.75,14.75,PASS_BOUNDARY,
INNER_SIDE,RIGHT,5,0.0,,,0.0,-1.0,2.0,2.0,1.0,,15.25,10.25,15.75,14.75,PASS_BOUNDARY,
INNER_SIDE,RIGHT,5,0.0,,,0.0,0.0,0.0,0.0,0.0,,15.25,15.25,15.75,15.75,PASS_BOUNDARY,
INNER_SIDE,RIGHT,5,0.0,,,0.0,0.0,0.0,1.0,0.0,,15.25,14.25,15.75,15.75,PASS_BOUNDARY,
INNER_SIDE,RIGHT,5,0.0,,,0.0,0.0,0.0,2.0,0.0,,15.25,13.25,15.75,15.75,PASS_BOUNDARY,
INNER_SIDE,RIGHT,5,0.0,,,0.0,0.0,1.0,0.0,0.0,,15.25,14.25,15.75,15.75,PASS_BOUNDARY,
INNER_SIDE,RIGHT,5,0.0,,,0.0,0.0,1.0,1.0,0.0,,15.25,13.25,15.75,15.75,PASS_BOUNDARY,
INNER_SIDE,RIGHT,5,0.0,,,0.0,0.0,1.0,2.0,0.0,,15.25,12.25,15.75,15.75,PASS_BOUNDARY,
INNER_SIDE,RIGHT,5,0.0,,,0.0,0.0,2.0,0.0,0.0,,15.25,13.25,15.75,15.75,PASS_BOUNDARY,
INNER_SIDE,RIGHT,5,0.0,,,0.0,0.0,2.0,1.0,0.0,,15.25,12.25,15.75,15.75,PASS_BOUNDARY,
INNER_SIDE,RIGHT,5,0.0,,,0.0,0.0,2.0,2.0,0.0,,15.25,11.25,15.75,15.75,PASS_BOUNDARY,
INNER_SIDE,RIGHT,5,0.0,,,0.0,1.0,0.0,0.0,1.0,,15.25,14.25,15.75,14.75,PASS_BOUNDARY,
INNER_SIDE,RIGHT,5,0.0,,,0.0,1.0,0.0,1.0,1.0,,15.25,13.25,15.75,14.75,PASS_BOUNDARY,
INNER_SIDE,RIGHT,5,0.0,,,0.0,1.0,0.0,2.0,1.0,,15.25,12.25,15.75,14.75,PASS_BOUNDARY,
INNER_SIDE,RIGHT,5,0.0,,,0.0,1.0,1.0,0.0,1.0,,15.25,13.25,15.75,14.75,PASS_BOUNDARY,
INNER_SIDE,RIGHT,5,0.0,,,0.0,1.0,1.0,1.0,1.0,,15.25,12.25,15.75,14.75,PASS_BOUNDARY,
INNER_SIDE,RIGHT,5,0.0,,,0.0,1.0,1.0,2.0,1.0,,15.25,11.25,15.75,14.75,PASS_BOUNDARY,
INNER_SIDE,RIGHT,5,0.0,,,0.0,1.0,2.0,0.0,1.0,,15.25,12.25,15.75,14.75,PASS_BOUNDARY,
INNER_SIDE,RIGHT,5,0.0,,,0.0,1.0,2.0,1.0,1.0,,15.25,11.25,15.75,14.75,PASS_BOUNDARY,
INNER_SIDE,RIGHT,5,0.0,,,0.0,1.0,2.0,2.0,1.0,,15.25,10.25,15.75,14.75,PASS_BOUNDARY,
INNER_SIDE,RIGHT,5,0.0,,,1.0,-1.0,0.0,0.0,2.0,,15.25,13.25,15.75,13.75,PASS_BOUNDARY,
INNER_SIDE,RIGHT,5,0.0,,,1.0,-1.0,0.0,1.0,2.0,,15.25,12.25,15.75,13.75,PASS_BOUNDARY,
INNER_SIDE,RIGHT,5,0.0,,,1.0,-1.0,0.0,2.0,2.0,,15.25,11.25,15.75,13.75,PASS_BOUNDARY,
INNER_SIDE,RIGHT,5,0.0,,,1.0,-1.0,1.0,0.0,2.0,,15.25,12.25,15.75,13.75,PASS_BOUNDARY,
INNER_SIDE,RIGHT,5,0.0,,,1.0,-1.0,1.0,1.0,2.0,,15.25,11.25,15.75,13.75,PASS_BOUNDARY,
INNER_SIDE,RIGHT,5,0.0,,,1.0,-1.0,1.0,2.0,2.0,,15.25,10.25,15.75,13.75,PASS_BOUNDARY,
INNER_SIDE,RIGHT,5,0.0,,,1.0,-1.0,2.0,0.0,2.0,,15.25,11.25,15.75,13.75,PASS_BOUNDARY,
INNER_SIDE,RIGHT,5,0.0,,,1.0,-1.0,2.0,1.0,2.0,,15.25,10.25,15.75,13.75,PASS_BOUNDARY,
INNER_SIDE,RIGHT,5,0.0,,,1.0,-1.0,2.0,2.0,2.0,,15.25,9.25,15.75,13.75,PASS_BOUNDARY,
INNER_SIDE,RIGHT,5,0.0,,,1.0,0.0,0.0,0.0,1.0,,15.25,14.25,15.75,14.75,PASS_BOUNDARY,
INNER_SIDE,RIGHT,5,0.0,,,1.0,0.0,0.0,1.0,1.0,,15.25,13.25,15.75,14.75,PASS_BOUNDARY,
INNER_SIDE,RIGHT,5,0.0,,,1.0,0.0,0.0,2.0,1.0,,15.25,12.25,15.75,14.75,PASS_BOUNDARY,
INNER_SIDE,RIGHT,5,0.0,,,1.0,0.0,1.0,0.0,1.0,,15.25,13.25,15.75,14.75,PASS_BOUNDARY,
INNER_SIDE,RIGHT,5,0.0,,,1.0,0.0,1.0,1.0,1.0,,15.25,12.25,15.75,14.75,PASS_BOUNDARY,
INNER_SIDE,RIGHT,5,0.0,,,1.0,0.0,1.0,2.0,1.0,,15.25,11.25,15.75,14.75,PASS_BOUNDARY,
INNER_SIDE,RIGHT,5,0.0,,,1.0,0.0,2.0,0.0,1.0,,15.25,12.25,15.75,14.75,PASS_BOUNDARY,
INNER_SIDE,RIGHT,5,0.0,,,1.0,0.0,2.0,1.0,1.0,,15.25,11.25,15.75,14.75,PASS_BOUNDARY,
INNER_SIDE,RIGHT,5,0.0,,,1.0,0.0,2.0,2.0,1.0,,15.25,10.25,15.75,14.75,PASS_BOUNDARY,
INNER_SIDE,RIGHT,5,0.0,,,1.0,1.0,0.0,0.0,0.0,,15.25,15.25,15.75,15.75,PASS_BOUNDARY,
INNER_SIDE,RIGHT,5,0.0,,,1.0,1.0,0.0,1.0,0.0,,15.25,14.25,15.75,15.75,PASS_BOUNDARY,
INNER_SIDE,RIGHT,5,0.0,,,1.0,1.0,0.0,2.0,0.0,,15.25,13.25,15.75,15.75,PASS_BOUNDARY,
INNER_SIDE,RIGHT,5,0.0,,,1.0,1.0,1.0,0.0,0.0,,15.25,14.25,15.75,15.75,PASS_BOUNDARY,
INNER_SIDE,RIGHT,5,0.0,,,1.0,1.0,1.0,1.0,0.0,,15.25,13.25,15.75,15.75,PASS_BOUNDARY,
INNER_SIDE,RIGHT,5,0.0,,,1.0,1.0,1.0,2.0,0.0,,15.25,12.25,15.75,15.75,PASS_BOUNDARY,
INNER_SIDE,RIGHT,5,0.0,,,1.0,1.0,2.0,0.0,0.0,,15.25,13.25,15.75,15.75,PASS_BOUNDARY,
INNER_SIDE,RIGHT,5,0.0,,,1.0,1.0,2.0,1.0,0.0,,15.25,12.25,15.75,15.75,PASS_BOUNDARY,
INNER_SIDE,RIGHT,5,0.0,,,1.0,1.0,2.0,2.0,0.0,,15.25,11.25,15.75,15.75,PASS_BOUNDARY,
INNER_SIDE,RIGHT,5,0.5,,,-1.0,-1.0,0.0,0.0,0.0,,15.25,15.25,15.75,15.25,PASS_BOUNDARY,
INNER_SIDE,RIGHT,5,0.5,,,-1.0,-1.0,0.0,1.0,0.0,,15.25,14.25,15.75,15.25,PASS_BOUNDARY,
INNER_SIDE,RIGHT,5,0.5,,,-1.0,-1.0,0.0,2.0,0.0,,15.25,13.25,15.75,15.25,PASS_BOUNDARY,
INNER_SIDE,RIGHT,5,0.5,,,-1.0,-1.0,1.0,0.0,0.0,,15.25,14.25,15.75,15.25,PASS_BOUNDARY,
INNER_SIDE,RIGHT,5,0.5,,,-1.0,-1.0,1.0,1.0,0.0,,15.25,13.25,15.75,15.25,PASS_BOUNDARY,
INNER_SIDE,RIGHT,5,0.5,,,-1.0,-1.0,1.0,2.0,0.0,,15.25,12.25,15.75,15.25,PASS_BOUNDARY,
INNER_SIDE,RIGHT,5,0.5,,,-1.0,-1.0,2.0,0.0,0.0,,15.25,13.25,15.75,15.25,PASS_BOUNDARY,
INNER_SIDE,RIGHT,5,0.5,,,-1.0,-1.0,2.0,1.0,0.0,,15.25,12.25,15.75,15.25,PASS_BOUNDARY,
INNER_SIDE,RIGHT,5,0.5,,,-1.0,-1.0,2.0,2.0,0.0,,15.25,11.25,15.75,15.25,PASS_BOUNDARY,
INNER_SIDE,RIGHT,5,0.5,,,-1.0,0.0,0.0,0.0,1.0,,15.25,14.25,15.75,14.25,PASS_BOUNDARY,
INNER_SIDE,RIGHT,5,0.5,,,-1.0,0.0,0.0,1.0,1.0,,15.25,13.25,15.75,14.25,PASS_BOUNDARY,
INNER_SIDE,RIGHT,5,0.5,,,-1.0,0.0,0.0,2.0,1.0,,15.25,12.25,15.75,14.25,PASS_BOUNDARY,
INNER_SIDE,RIGHT,5,0.5,,,-1.0,0.0,1.0,0.0,1.0,,15.25,13.25,15.75,14.25,PASS_BOUNDARY,
INNER_SIDE,RIGHT,5,0.5,,,-1.0,0.0,1.0,1.0,1.0,,15.25,12.25,15.75,14.25,PASS_BOUNDARY,
INNER_SIDE,RIGHT,5,0.5,,,-1.0,0.0,1.0,2.0,1.0,,15.25,11.25,15.75,14.25,PASS_BOUNDARY,
INNER_SIDE,RIGHT,5,0.5,,,-1.0,0.0,2.0,0.0,1.0,,15.25,12.25,15.75,14.25,PASS_BOUNDARY,
INNER_SIDE,RIGHT,5,0.5,,,-1.0,0.0,2.0,1.0,1.0,,15.25,11.25,15.75,14.25,PASS_BOUNDARY,
INNER_SIDE,RIGHT,5,0.5,,,-1.0,0.0,2.0,2.0,1.0,,15.25,10.25,15.75,14.25,PASS_BOUNDARY,
INNER_SIDE,RIGHT,5,0.5,,,-1.0,1.0,0.0,0.0,2.0,,15.25,13.25,15.75,13.25,PASS_BOUNDARY,
INNER_SIDE,RIGHT,5,0.5,,,-1.0,1.0,0.0,1.0,2.0,,15.25,12.25,15.75,13.25,PASS_BOUNDARY,
INNER_SIDE,RIGHT,5,0.5,,,-1.0,1.0,0.0,2.0,2.0,,15.25,11.25,15.75,13.25,PASS_BOUNDARY,
INNER_SIDE,RIGHT,5,0.5,,,-1.0,1.0,1.0,0.0,2.0,,15.25,12.25,15.75,13.25,PASS_BOUNDARY,
INNER_SIDE,RIGHT,5,0.5,,,-1.0,1.0,1.0,1.0,2.0,,15.25,11.25,15.75,13.25,PASS_BOUNDARY,
INNER_SIDE,RIGHT,5,0.5,,,-1.0,1.0,1.0,2.0,2.0,,15.25,10.25,15.75,13.25,PASS_BOUNDARY,
INNER_SIDE,RIGHT,5,0.5,,,-1.0,1.0,2.0,0.0,2.0,,15.25,11.25,15.75,13.25,PASS_BOUNDARY,
INNER_SIDE,RIGHT,5,0.5,,,-1.0,1.0,2.0,1.0,2.0,,15.25,10.25,15.75,13.25,PASS_BOUNDARY,
INNER_SIDE,RIGHT,5,0.5,,,-1.0,1.0,2.0,2.0,2.0,,15.25,9.25,15.75,13.25,PASS_BOUNDARY,
INNER_SIDE,RIGHT,5,0.5,,,0.0,-1.0,0.0,0.0,1.0,,15.25,14.25,15.75,14.25,PASS_BOUNDARY,
INNER_SIDE,RIGHT,5,0.5,,,0.0,-1.0,0.0,1.0,1.0,,15.25,13.25,15.75,14.25,PASS_BOUNDARY,
INNER_SIDE,RIGHT,5,0.5,,,0.0,-1.0,0.0,2.0,1.0,,15.25,12.25,15.75,14.25,PASS_BOUNDARY,
INNER_SIDE,RIGHT,5,0.5,,,0.0,-1.0,1.0,0.0,1.0,,15.25,13.25,15.75,14.25,PASS_BOUNDARY,
INNER_SIDE,RIGHT,5,0.5,,,0.0,-1.0,1.0,1.0,1.0,,15.25,12.25,15.75,14.25,PASS_BOUNDARY,
INNER_SIDE,RIGHT,5,0.5,,,0.0,-1.0,1.0,2.0,1.0,,15.25,11.25,15.75,14.25,PASS_BOUNDARY,
INNER_SIDE,RIGHT,5,0.5,,,0.0,-1.0,2.0,0.0,1.0,,15.25,12.25,15.75,14.25,PASS_BOUNDARY,
INNER_SIDE,RIGHT,5,0.5,,,0.0,-1.0,2.0,1.0,1.0,,15.25,11.25,15.75,14.25,PASS_BOUNDARY,
INNER_SIDE,RIGHT,5,0.5,,,0.0,-1.0,2.0,2.0,1.0,,15.25,10.25,15.75,14.25,PASS_BOUNDARY,
INNER_SIDE,RIGHT,5,0.5,,,0.0,0.0,0.0,0.0,0.0,,15.25,15.25,15.75,15.25,PASS_BOUNDARY,
INNER_SIDE,RIGHT,5,0.5,,,0.0,0.0,0.0,1.0,0.0,,15.25,14.25,15.75,15.25,PASS_BOUNDARY,
INNER_SIDE,RIGHT,5,0.5,,,0.0,0.0,0.0,2.0,0.0,,15.25,13.25,15.75,15.25,PASS_BOUNDARY,
INNER_SIDE,RIGHT,5,0.5,,,0.0,0.0,1.0,0.0,0.0,,15.25,14.25,15.75,15.25,PASS_BOUNDARY,
INNER_SIDE,RIGHT,5,0.5,,,0.0,0.0,1.0,1.0,0.0,,15.25,13.25,15.75,15.25,PASS_BOUNDARY,
INNER_SIDE,RIGHT,5,0.5,,,0.0,0.0,1.0,2.0,0.0,,15.25,12.25,15.75,15.25,PASS_BOUNDARY,
INNER_SIDE,RIGHT,5,0.5,,,0.0,0.0,2.0,0.0,0.0,,15.25,13.25,15.75,15.25,PASS_BOUNDARY,
INNER_SIDE,RIGHT,5,0.5,,,0.0,0.0,2.0,1.0,0.0,,15.25,12.25,15.75,15.25,PASS_BOUNDARY,
INNER_SIDE,RIGHT,5,0.5,,,0.0,0.0,2.0,2.0,0.0,,15.25,11.25,15.75,15.25,PASS_BOUNDARY,
INNER_SIDE,RIGHT,5,0.5,,,0.0,1.0,0.0,0.0,1.0,,15.25,14.25,15.75,14.25,PASS_BOUNDARY,
INNER_SIDE,RIGHT,5,0.5,,,0.0,1.0,0.0,1.0,1.0,,15.25,13.25,15.75,14.25,PASS_BOUNDARY,
INNER_SIDE,RIGHT,5,0.5,,,0.0,1.0,0.0,2.0,1.0,,15.25,12.25,15.75,14.25,PASS_BOUNDARY,
INNER_SIDE,RIGHT,5,0.5,,,0.0,1.0,1.0,0.0,1.0,,15.25,13.25,15.75,14.25,PASS_BOUNDARY,
INNER_SIDE,RIGHT,5,0.5,,,0.0,1.0,1.0,1.0,1.0,,15.25,12.25,15.75,14.25,PASS_BOUNDARY,
INNER_SIDE,RIGHT,5,0.5,,,0.0,1.0,1.0,2.0,1.0,,15.25,11.25,15.75,14.25,PASS_BOUNDARY,
INNER_SIDE,RIGHT,5,0.5,,,0.0,1.0,2.0,0.0,1.0,,15.25,12.25,15.75,14.25,PASS_BOUNDARY,
INNER_SIDE,RIGHT,5,0.5,,,0.0,1.0,2.0,1.0,1.0,,15.25,11.25,15.75,14.25,PASS_BOUNDARY,
INNER_SIDE,RIGHT,5,0.5,,,0.0,1.0,2.0,2.0,1.0,,15.25,10.25,15.75,14.25,PASS_BOUNDARY,
INNER_SIDE,RIGHT,5,0.5,,,1.0,-1.0,0.0,0.0,2.0,,15.25,13.25,15.75,13.25,PASS_BOUNDARY,
INNER_SIDE,RIGHT,5,0.5,,,1.0,-1.0,0.0,1.0,2.0,,15.25,12.25,15.75,13.25,PASS_BOUNDARY,
INNER_SIDE,RIGHT,5,0.5,,,1.0,-1.0,0.0,2.0,2.0,,15.25,11.25,15.75,13.25,PASS_BOUNDARY,
INNER_SIDE,RIGHT,5,0.5,,,1.0,-1.0,1.0,0.0,2.0,,15.25,12.25,15.75,13.25,PASS_BOUNDARY,
INNER_SIDE,RIGHT,5,0.5,,,1.0,-1.0,1.0,1.0,2.0,,15.25,11.25,15.75,13.25,PASS_BOUNDARY,
INNER_SIDE,RIGHT,5,0.5,,,1.0,-1.0,1.0,2.0,2.0,,15.25,10.25,15.75,13.25,PASS_BOUNDARY,
INNER_SIDE,RIGHT,5,0.5,,,1.0,-1.0,2.0,0.0,2.0,,15.25,11.25,15.75,13.25,PASS_BOUNDARY,
INNER_SIDE,RIGHT,5,0.5,,,1.0,-1.0,2.0,1.0,2.0,,15.25,10.25,15.75,13.25,PASS_BOUNDARY,
INNER_SIDE,RIGHT,5,0.5,,,1.0,-1.0,2.0,2.0,2.0,,15.25,9.25,15.75,13.25,PASS_BOUNDARY,
INNER_SIDE,RIGHT,5,0.5,,,1.0,0.0,0.0,0.0,1.0,,15.25,14.25,15.75,14.25,PASS_BOUNDARY,
INNER_SIDE,RIGHT,5,0.5,,,1.0,0.0,0.0,1.0,1.0,,15.25,13.25,15.75,14.25,PASS_BOUNDARY,
INNER_SIDE,RIGHT,5,0.5,,,1.0,0.0,0.0,2.0,1.0,,15.25,12.25,15.75,14.25,PASS_BOUNDARY,
INNER_SIDE,RIGHT,5,0.5,,,1.0,0.0,1.0,0.0,1.0,,15.25,13.25,15.75,14.25,PASS_BOUNDARY,
INNER_SIDE,RIGHT,5,0.5,,,1.0,0.0,1.0,1.0,1.0,,15.25,12.25,15.75,14.25,PASS_BOUNDARY,
INNER_SIDE,RIGHT,5,0.5,,,1.0,0.0,1.0,2.0,1.0,,15.25,11.25,15.75,14.25,PASS_BOUNDARY,
INNER_SIDE,RIGHT,5,0.5,,,1.0,0.0,2.0,0.0,1.0,,15.25,12.25,15.75,14.25,PASS_BOUNDARY,
INNER_SIDE,RIGHT,5,0.5,,,1.0,0.0,2.0,1.0,1.0,,15.25,11.25,15.75,14.25,PASS_BOUNDARY,
INNER_SIDE,RIGHT,5,0.5,,,1.0,0.0,2.0,2.0,1.0,,15.25,10.25,15.75,14.25,PASS_BOUNDARY,
INNER_SIDE,RIGHT,5,0.5,,,1.0,1.0,0.0,0.0,0.0,,15.25,15.25,15.75,15.25,PASS_BOUNDARY,
INNER_SIDE,RIGHT,5,0.5,,,1.0,1.0,0.0,1.0,0.0,,15.25,14.25,15.75,15.25,PASS_BOUNDARY,
INNER_SIDE,RIGHT,5,0.5,,,1.0,1.0,0.0,2.0,0.0,,15.25,13.25,15.75,15.25,PASS_BOUNDARY,
INNER_SIDE,RIGHT,5,0.5,,,1.0,1.0,1.0,0.0,0.0,,15.25,14.25,15.75,15.25,PASS_BOUNDARY,
INNER_SIDE,RIGHT,5,0.5,,,1.0,1.0,1.0,1.0,0.0,,15.25,13.25,15.75,15.25,PASS_BOUNDARY,
INNER_SIDE,RIGHT,5,0.5,,,1.0,1.0,1.0,2.0,0.0,,15.25,12.25,15.75,15.25,PASS_BOUNDARY,
INNER_SIDE,RIGHT,5,0.5,,,1.0,1.0,2.0,0.0,0.0,,15.25,13.25,15.75,15.25,PASS_BOUNDARY,
INNER_SIDE,RIGHT,5,0.5,,,1.0,1.0,2.0,1.0,0.0,,15.25,12.25,15.75,15.25,PASS_BOUNDARY,
INNER_SIDE,RIGHT,5,0.5,,,1.0,1.0,2.0,2.0,0.0,,15.25,11.25,15.75,15.25,PASS_BOUNDARY,
INNER_SIDE,RIGHT,5,1.0,,,-1.0,-1.0,0.0,0.0,0.0,,15.25,15.25,15.75,14.75,PASS_BOUNDARY,
INNER_SIDE,RIGHT,5,1.0,,,-1.0,-1.0,0.0,1.0,0.0,,15.25,14.25,15.75,14.75,PASS_BOUNDARY,
INNER_SIDE,RIGHT,5,1.0,,,-1.0,-1.0,0.0,2.0,0.0,,15.25,13.25,15.75,14.75,PASS_BOUNDARY,
INNER_SIDE,RIGHT,5,1.0,,,-1.0,-1.0,1.0,0.0,0.0,,15.25,14.25,15.75,14.75,PASS_BOUNDARY,
INNER_SIDE,RIGHT,5,1.0,,,-1.0,-1.0,1.0,1.0,0.0,,15.25,13.25,15.75,14.75,PASS_BOUNDARY,
INNER_SIDE,RIGHT,5,1.0,,,-1.0,-1.0,1.0,2.0,0.0,,15.25,12.25,15.75,14.75,PASS_BOUNDARY,
INNER_SIDE,RIGHT,5,1.0,,,-1.0,-1.0,2.0,0.0,0.0,,15.25,13.25,15.75,14.75,PASS_BOUNDARY,
INNER_SIDE,RIGHT,5,1.0,,,-1.0,-1.0,2.0,1.0,0.0,,15.25,12.25,15.75,14.75,PASS_BOUNDARY,
INNER_SIDE,RIGHT,5,1.0,,,-1.0,-1.0,2.0,2.0,0.0,,15.25,11.25,15.75,14.75,PASS_BOUNDARY,
INNER_SIDE,RIGHT,5,1.0,,,-1.0,0.0,0.0,0.0,1.0,,15.25,14.25,15.75,13.75,PASS_BOUNDARY,
INNER_SIDE,RIGHT,5,1.0,,,-1.0,0.0,0.0,1.0,1.0,,15.25,13.25,15.75,13.75,PASS_BOUNDARY,
INNER_SIDE,RIGHT,5,1.0,,,-1.0,0.0,0.0,2.0,1.0,,15.25,12.25,15.75,13.75,PASS_BOUNDARY,
INNER_SIDE,RIGHT,5,1.0,,,-1.0,0.0,1.0,0.0,1.0,,15.25,13.25,15.75,13.75,PASS_BOUNDARY,
INNER_SIDE,RIGHT,5,1.0,,,-1.0,0.0,1.0,1.0,1.0,,15.25,12.25,15.75,13.75,PASS_BOUNDARY,
INNER_SIDE,RIGHT,5,1.0,,,-1.0,0.0,1.0,2.0,1.0,,15.25,11.25,15.75,13.75,PASS_BOUNDARY,
INNER_SIDE,RIGHT,5,1.0,,,-1.0,0.0,2.0,0.0,1.0,,15.25,12.25,15.75,13.75,PASS_BOUNDARY,
INNER_SIDE,RIGHT,5,1.0,,,-1.0,0.0,2.0,1.0,1.0,,15.25,11.25,15.75,13.75,PASS_BOUNDARY,
INNER_SIDE,RIGHT,5,1.0,,,-1.0,0.0,2.0,2.0,1.0,,15.25,10.25,15.75,13.75,PASS_BOUNDARY,
INNER_SIDE,RIGHT,5,1.0,,,-1.0,1.0,0.0,0.0,2.0,,15.25,13.25,15.75,12.75,PASS_BOUNDARY,
INNER_SIDE,RIGHT,5,1.0,,,-1.0,1.0,0.0,1.0,2.0,,15.25,12.25,15.75,12.75,PASS_BOUNDARY,
INNER_SIDE,RIGHT,5,1.0,,,-1.0,1.0,0.0,2.0,2.0,,15.25,11.25,15.75,12.75,PASS_BOUNDARY,
INNER_SIDE,RIGHT,5,1.0,,,-1.0,1.0,1.0,0.0,2.0,,15.25,12.25,15.75,12.75,PASS_BOUNDARY,
INNER_SIDE,RIGHT,5,1.0,,,-1.0,1.0,1.0,1.0,2.0,,15.25,11.25,15.75,12.75,PASS_BOUNDARY,
INNER_SIDE,RIGHT,5,1.0,,,-1.0,1.0,1.0,2.0,2.0,,15.25,10.25,15.75,12.75,PASS_BOUNDARY,
INNER_SIDE,RIGHT,5,1.0,,,-1.0,1.0,2.0,0.0,2.0,,15.25,11.25,15.75,12.75,PASS_BOUNDARY,
INNER_SIDE,RIGHT,5,1.0,,,-1.0,1.0,2.0,1.0,2.0,,15.25,10.25,15.75,12.75,PASS_BOUNDARY,
INNER_SIDE,RIGHT,5,1.0,,,-1.0,1.0,2.0,2.0,2.0,,15.25,9.25,15.75,12.75,PASS_BOUNDARY,
INNER_SIDE,RIGHT,5,1.0,,,0.0,-1.0,0.0,0.0,1.0,,15.25,14.25,15.75,13.75,PASS_BOUNDARY,
INNER_SIDE,RIGHT,5,1.0,,,0.0,-1.0,0.0,1.0,1.0,,15.25,13.25,15.75,13.75,PASS_BOUNDARY,
INNER_SIDE,RIGHT,5,1.0,,,0.0,-1.0,0.0,2.0,1.0,,15.25,12.25,15.75,13.75,PASS_BOUNDARY,
INNER_SIDE,RIGHT,5,1.0,,,0.0,-1.0,1.0,0.0,1.0,,15.25,13.25,15.75,13.75,PASS_BOUNDARY,
INNER_SIDE,RIGHT,5,1.0,,,0.0,-1.0,1.0,1.0,1.0,,15.25,12.25,15.75,13.75,PASS_BOUNDARY,
INNER_SIDE,RIGHT,5,1.0,,,0.0,-1.0,1.0,2.0,1.0,,15.25,11.25,15.75,13.75,PASS_BOUNDARY,
INNER_SIDE,RIGHT,5,1.0,,,0.0,-1.0,2.0,0.0,1.0,,15.25,12.25,15.75,13.75,PASS_BOUNDARY,
INNER_SIDE,RIGHT,5,1.0,,,0.0,-1.0,2.0,1.0,1.0,,15.25,11.25,15.75,13.75,PASS_BOUNDARY,
INNER_SIDE,RIGHT,5,1.0,,,0.0,-1.0,2.0,2.0,1.0,,15.25,10.25,15.75,13.75,PASS_BOUNDARY,
INNER_SIDE,RIGHT,5,1.0,,,0.0,0.0,0.0,0.0,0.0,,15.25,15.25,15.75,14.75,PASS_BOUNDARY,
INNER_SIDE,RIGHT,5,1.0,,,0.0,0.0,0.0,1.0,0.0,,15.25,14.25,15.75,14.75,PASS_BOUNDARY,
INNER_SIDE,RIGHT,5,1.0,,,0.0,0.0,0.0,2.0,0.0,,15.25,13.25,15.75,14.75,PASS_BOUNDARY,
INNER_SIDE,RIGHT,5,1.0,,,0.0,0.0,1.0,0.0,0.0,,15.25,14.25,15.75,14.75,PASS_BOUNDARY,
INNER_SIDE,RIGHT,5,1.0,,,0.0,0.0,1.0,1.0,0.0,,15.25,13.25,15.75,14.75,PASS_BOUNDARY,
INNER_SIDE,RIGHT,5,1.0,,,0.0,0.0,1.0,2.0,0.0,,15.25,12.25,15.75,14.75,PASS_BOUNDARY,
INNER_SIDE,RIGHT,5,1.0,,,0.0,0.0,2.0,0.0,0.0,,15.25,13.25,15.75,14.75,PASS_BOUNDARY,
INNER_SIDE,RIGHT,5,1.0,,,0.0,0.0,2.0,1.0,0.0,,15.25,12.25,15.75,14.75,PASS_BOUNDARY,
INNER_SIDE,RIGHT,5,1.0,,,0.0,0.0,2.0,2.0,0.0,,15.25,11.25,15.75,14.75,PASS_BOUNDARY,
INNER_SIDE,RIGHT,5,1.0,,,0.0,1.0,0.0,0.0,1.0,,15.25,14.25,15.75,13.75,PASS_BOUNDARY,
INNER_SIDE,RIGHT,5,1.0,,,0.0,1.0,0.0,1.0,1.0,,15.25,13.25,15.75,13.75,PASS_BOUNDARY,
INNER_SIDE,RIGHT,5,1.0,,,0.0,1.0,0.0,2.0,1.0,,15.25,12.25,15.75,13.75,PASS_BOUNDARY,
INNER_SIDE,RIGHT,5,1.0,,,0.0,1.0,1.0,0.0,1.0,,15.25,13.25,15.75,13.75,PASS_BOUNDARY,
INNER_SIDE,RIGHT,5,1.0,,,0.0,1.0,1.0,1.0,1.0,,15.25,12.25,15.75,13.75,PASS_BOUNDARY,
INNER_SIDE,RIGHT,5,1.0,,,0.0,1.0,1.0,2.0,1.0,,15.25,11.25,15.75,13.75,PASS_BOUNDARY,
INNER_SIDE,RIGHT,5,1.0,,,0.0,1.0,2.0,0.0,1.0,,15.25,12.25,15.75,13.75,PASS_BOUNDARY,
INNER_SIDE,RIGHT,5,1.0,,,0.0,1.0,2.0,1.0,1.0,,15.25,11.25,15.75,13.75,PASS_BOUNDARY,
INNER_SIDE,RIGHT,5,1.0,,,0.0,1.0,2.0,2.0,1.0,,15.25,10.25,15.75,13.75,PASS_BOUNDARY,
INNER_SIDE,RIGHT,5,1.0,,,1.0,-1.0,0.0,0.0,2.0,,15.25,13.25,15.75,12.75,PASS_BOUNDARY,
INNER_SIDE,RIGHT,5,1.0,,,1.0,-1.0,0.0,1.0,2.0,,15.25,12.25,15.75,12.75,PASS_BOUNDARY,
INNER_SIDE,RIGHT,5,1.0,,,1.0,-1.0,0.0,2.0,2.0,,15.25,11.25,15.75,12.75,PASS_BOUNDARY,
INNER_SIDE,RIGHT,5,1.0,,,1.0,-1.0,1.0,0.0,2.0,,15.25,12.25,15.75,12.75,PASS_BOUNDARY,
INNER_SIDE,RIGHT,5,1.0,,,1.0,-1.0,1.0,1.0,2.0,,15.25,11.25,15.75,12.75,PASS_BOUNDARY,
INNER_SIDE,RIGHT,5,1.0,,,1.0,-1.0,1.0,2.0,2.0,,15.25,10.25,15.75,12.75,PASS_BOUNDARY,
INNER_SIDE,RIGHT,5,1.0,,,1.0,-1.0,2.0,0.0,2.0,,15.25,11.25,15.75,12.75,PASS_BOUNDARY,
INNER_SIDE,RIGHT,5,1.0,,,1.0,-1.0,2.0,1.0,2.0,,15.25,10.25,15.75,12.75,PASS_BOUNDARY,
INNER_SIDE,RIGHT,5,1.0,,,1.0,-1.0,2.0,2.0,2.0,,15.25,9.25,15.75,12.75,PASS_BOUNDARY,
INNER_SIDE,RIGHT,5,1.0,,,1.0,0.0,0.0,0.0,1.0,,15.25,14.25,15.75,13.75,PASS_BOUNDARY,
INNER_SIDE,RIGHT,5,1.0,,,1.0,0.0,0.0,1.0,1.0,,15.25,13.25,15.75,13.75,PASS_BOUNDARY,
INNER_SIDE,RIGHT,5,1.0,,,1.0,0.0,0.0,2.0,1.0,,15.25,12.25,15.75,13.75,PASS_BOUNDARY,
INNER_SIDE,RIGHT,5,1.0,,,1.0,0.0,1.0,0.0,1.0,,15.25,13.25,15.75,13.75,PASS_BOUNDARY,
INNER_SIDE,RIGHT,5,1.0,,,1.0,0.0,1.0,1.0,1.0,,15.25,12.25,15.75,13.75,PASS_BOUNDARY,
INNER_SIDE,RIGHT,5,1.0,,,1.0,0.0,1.0,2.0,1.0,,15.25,11.25,15.75,13.75,PASS_BOUNDARY,
INNER_SIDE,RIGHT,5,1.0,,,1.0,0.0,2.0,0.0,1.0,,15.25,12.25,15.75,13.75,PASS_BOUNDARY,
INNER_SIDE,RIGHT,5,1.0,,,1.0,0.0,2.0,1.0,1.0,,15.25,11.25,15.75,13.75,PASS_BOUNDARY,
INNER_SIDE,RIGHT,5,1.0,,,1.0,0.0,2.0,2.0,1.0,,15.25,10.25,15.75,13.75,PASS_BOUNDARY,
INNER_SIDE,RIGHT,5,1.0,,,1.0,1.0,0.0,0.0,0.0,,15.25,15.25,15.75,14.75,PASS_BOUNDARY,
INNER_SIDE,RIGHT,5,1.0,,,1.0,1.0,0.0,1.0,0.0,,15.25,14.25,15.75,14.75,PASS_BOUNDARY,
INNER_SIDE,RIGHT,5,1.0,,,1.0,1.0,0.0,2.0,0.0,,15.25,13.25,15.75,14.75,PASS_BOUNDARY,
INNER_SIDE,RIGHT,5,1.0,,,1.0,1.0,1.0,0.0,0.0,,15.25,14.25,15.75,14.75,PASS_BOUNDARY,
INNER_SIDE,RIGHT,5,1.0,,,1.0,1.0,1.0,1.0,0.0,,15.25,13.25,15.75,14.75,PASS_BOUNDARY,
INNER_SIDE,RIGHT,5,1.0,,,1.0,1.0,1.0,2.0,0.0,,15.25,12.25,15.75,14.75,PASS_BOUNDARY,
INNER_SIDE,RIGHT,5,1.0,,,1.0,1.0,2.0,0.0,0.0,,15.25,13.25,15.75,14.75,PASS_BOUNDARY,
INNER_SIDE,RIGHT,5,1.0,,,1.0,1.0,2.0,1.0,0.0,,15.25,12.25,15.75,14.75,PASS_BOUNDARY,
INNER_SIDE,RIGHT,5,1.0,,,1.0,1.0,2.0,2.0,0.0,,15.25,11.25,15.75,14.75,PASS_BOUNDARY,
INNER_SIDE,RIGHT,5,1.5,,,-1.0,-1.0,0.0,0.0,0.0,,15.25,15.25,15.75,14.25,PASS_BOUNDARY,
INNER_SIDE,RIGHT,5,1.5,,,-1.0,-1.0,0.0,1.0,0.0,,15.25,14.25,15.75,14.25,PASS_BOUNDARY,
INNER_SIDE,RIGHT,5,1.5,,,-1.0,-1.0,0.0,2.0,0.0,,15.25,13.25,15.75,14.25,PASS_BOUNDARY,
INNER_SIDE,RIGHT,5,1.5,,,-1.0,-1.0,1.0,0.0,0.0,,15.25,14.25,15.75,14.25,PASS_BOUNDARY,
INNER_SIDE,RIGHT,5,1.5,,,-1.0,-1.0,1.0,1.0,0.0,,15.25,13.25,15.75,14.25,PASS_BOUNDARY,
INNER_SIDE,RIGHT,5,1.5,,,-1.0,-1.0,1.0,2.0,0.0,,15.25,12.25,15.75,14.25,PASS_BOUNDARY,
INNER_SIDE,RIGHT,5,1.5,,,-1.0,-1.0,2.0,0.0,0.0,,15.25,13.25,15.75,14.25,PASS_BOUNDARY,
INNER_SIDE,RIGHT,5,1.5,,,-1.0,-1.0,2.0,1.0,0.0,,15.25,12.25,15.75,14.25,PASS_BOUNDARY,
INNER_SIDE,RIGHT,5,1.5,,,-1.0,-1.0,2.0,2.0,0.0,,15.25,11.25,15.75,14.25,PASS_BOUNDARY,
INNER_SIDE,RIGHT,5,1.5,,,-1.0,0.0,0.0,0.0,1.0,,15.25,14.25,15.75,13.25,PASS_BOUNDARY,
INNER_SIDE,RIGHT,5,1.5,,,-1.0,0.0,0.0,1.0,1.0,,15.25,13.25,15.75,13.25,PASS_BOUNDARY,
INNER_SIDE,RIGHT,5,1.5,,,-1.0,0.0,0.0,2.0,1.0,,15.25,12.25,15.75,13.25,PASS_BOUNDARY,
INNER_SIDE,RIGHT,5,1.5,,,-1.0,0.0,1.0,0.0,1.0,,15.25,13.25,15.75,13.25,PASS_BOUNDARY,
INNER_SIDE,RIGHT,5,1.5,,,-1.0,0.0,1.0,1.0,1.0,,15.25,12.25,15.75,13.25,PASS_BOUNDARY,
INNER_SIDE,RIGHT,5,1.5,,,-1.0,0.0,1.0,2.0,1.0,,15.25,11.25,15.75,13.25,PASS_BOUNDARY,
INNER_SIDE,RIGHT,5,1.5,,,-1.0,0.0,2.0,0.0,1.0,,15.25,12.25,15.75,13.25,PASS_BOUNDARY,
INNER_SIDE,RIGHT,5,1.5,,,-1.0,0.0,2.0,1.0,1.0,,15.25,11.25,15.75,13.25,PASS_BOUNDARY,
INNER_SIDE,RIGHT,5,1.5,,,-1.0,0.0,2.0,2.0,1.0,,15.25,10.25,15.75,13.25,PASS_BOUNDARY,
INNER_SIDE,RIGHT,5,1.5,,,-1.0,1.0,0.0,0.0,2.0,,15.25,13.25,15.75,12.25,PASS_BOUNDARY,
INNER_SIDE,RIGHT,5,1.5,,,-1.0,1.0,0.0,1.0,2.0,,15.25,12.25,15.75,12.25,PASS_BOUNDARY,
INNER_SIDE,RIGHT,5,1.5,,,-1.0,1.0,0.0,2.0,2.0,,15.25,11.25,15.75,12.25,PASS_BOUNDARY,
INNER_SIDE,RIGHT,5,1.5,,,-1.0,1.0,1.0,0.0,2.0,,15.25,12.25,15.75,12.25,PASS_BOUNDARY,
INNER_SIDE,RIGHT,5,1.5,,,-1.0,1.0,1.0,1.0,2.0,,15.25,11.25,15.75,12.25,PASS_BOUNDARY,
INNER_SIDE,RIGHT,5,1.5,,,-1.0,1.0,1.0,2.0,2.0,,15.25,10.25,15.75,12.25,PASS_BOUNDARY,
INNER_SIDE,RIGHT,5,1.5,,,-1.0,1.0,2.0,0.0,2.0,,15.25,11.25,15.75,12.25,PASS_BOUNDARY,
INNER_SIDE,RIGHT,5,1.5,,,-1.0,1.0,2.0,1.0,2.0,,15.25,10.25,15.75,12.25,PASS_BOUNDARY,
INNER_SIDE,RIGHT,5,1.5,,,-1.0,1.0,2.0,2.0,2.0,,15.25,9.25,15.75,12.25,PASS_BOUNDARY,
INNER_SIDE,RIGHT,5,1.5,,,0.0,-1.0,0.0,0.0,1.0,,15.25,14.25,15.75,13.25,PASS_BOUNDARY,
INNER_SIDE,RIGHT,5,1.5,,,0.0,-1.0,0.0,1.0,1.0,,15.25,13.25,15.75,13.25,PASS_BOUNDARY,
INNER_SIDE,RIGHT,5,1.5,,,0.0,-1.0,0.0,2.0,1.0,,15.25,12.25,15.75,13.25,PASS_BOUNDARY,
INNER_SIDE,RIGHT,5,1.5,,,0.0,-1.0,1.0,0.0,1.0,,15.25,13.25,15.75,13.25,PASS_BOUNDARY,
INNER_SIDE,RIGHT,5,1.5,,,0.0,-1.0,1.0,1.0,1.0,,15.25,12.25,15.75,13.25,PASS_BOUNDARY,
INNER_SIDE,RIGHT,5,1.5,,,0.0,-1.0,1.0,2.0,1.0,,15.25,11.25,15.75,13.25,PASS_BOUNDARY,
INNER_SIDE,RIGHT,5,1.5,,,0.0,-1.0,2.0,0.0,1.0,,15.25,12.25,15.75,13.25,PASS_BOUNDARY,
INNER_SIDE,RIGHT,5,1.5,,,0.0,-1.0,2.0,1.0,1.0,,15.25,11.25,15.75,13.25,PASS_BOUNDARY,
INNER_SIDE,RIGHT,5,1.5,,,0.0,-1.0,2.0,2.0,1.0,,15.25,10.25,15.75,13.25,PASS_BOUNDARY,
INNER_SIDE,RIGHT,5,1.5,,,0.0,0.0,0.0,0.0,0.0,,15.25,15.25,15.75,14.25,PASS_BOUNDARY,
INNER_SIDE,RIGHT,5,1.5,,,0.0,0.0,0.0,1.0,0.0,,15.25,14.25,15.75,14.25,PASS_BOUNDARY,
INNER_SIDE,RIGHT,5,1.5,,,0.0,0.0,0.0,2.0,0.0,,15.25,13.25,15.75,14.25,PASS_BOUNDARY,
INNER_SIDE,RIGHT,5,1.5,,,0.0,0.0,1.0,0.0,0.0,,15.25,14.25,15.75,14.25,PASS_BOUNDARY,
INNER_SIDE,RIGHT,5,1.5,,,0.0,0.0,1.0,1.0,0.0,,15.25,13.25,15.75,14.25,PASS_BOUNDARY,
INNER_SIDE,RIGHT,5,1.5,,,0.0,0.0,1.0,2.0,0.0,,15.25,12.25,15.75,14.25,PASS_BOUNDARY,
INNER_SIDE,RIGHT,5,1.5,,,0.0,0.0,2.0,0.0,0.0,,15.25,13.25,15.75,14.25,PASS_BOUNDARY,
INNER_SIDE,RIGHT,5,1.5,,,0.0,0.0,2.0,1.0,0.0,,15.25,12.25,15.75,14.25,PASS_BOUNDARY,
INNER_SIDE,RIGHT,5,1.5,,,0.0,0.0,2.0,2.0,0.0,,15.25,11.25,15.75,14.25,PASS_BOUNDARY,
INNER_SIDE,RIGHT,5,1.5,,,0.0,1.0,0.0,0.0,1.0,,15.25,14.25,15.75,13.25,PASS_BOUNDARY,
INNER_SIDE,RIGHT,5,1.5,,,0.0,1.0,0.0,1.0,1.0,,15.25,13.25,15.75,13.25,PASS_BOUNDARY,
INNER_SIDE,RIGHT,5,1.5,,,0.0,1.0,0.0,2.0,1.0,,15.25,12.25,15.75,13.25,PASS_BOUNDARY,
INNER_SIDE,RIGHT,5,1.5,,,0.0,1.0,1.0,0.0,1.0,,15.25,13.25,15.75,13.25,PASS_BOUNDARY,
INNER_SIDE,RIGHT,5,1.5,,,0.0,1.0,1.0,1.0,1.0,,15.25,12.25,15.75,13.25,PASS_BOUNDARY,
INNER_SIDE,RIGHT,5,1.5,,,0.0,1.0,1.0,2.0,1.0,,15.25,11.25,15.75,13.25,PASS_BOUNDARY,
INNER_SIDE,RIGHT,5,1.5,,,0.0,1.0,2.0,0.0,1.0,,15.25,12.25,15.75,13.25,PASS_BOUNDARY,
INNER_SIDE,RIGHT,5,1.5,,,0.0,1.0,2.0,1.0,1.0,,15.25,11.25,15.75,13.25,PASS_BOUNDARY,
INNER_SIDE,RIGHT,5,1.5,,,0.0,1.0,2.0,2.0,1.0,,15.25,10.25,15.75,13.25,PASS_BOUNDARY,
INNER_SIDE,RIGHT,5,1.5,,,1.0,-1.0,0.0,0.0,2.0,,15.25,13.25,15.75,12.25,PASS_BOUNDARY,
INNER_SIDE,RIGHT,5,1.5,,,1.0,-1.0,0.0,1.0,2.0,,15.25,12.25,15.75,12.25,PASS_BOUNDARY,
INNER_SIDE,RIGHT,5,1.5,,,1.0,-1.0,0.0,2.0,2.0,,15.25,11.25,15.75,12.25,PASS_BOUNDARY,
INNER_SIDE,RIGHT,5,1.5,,,1.0,-1.0,1.0,0.0,2.0,,15.25,12.25,15.75,12.25,PASS_BOUNDARY,
INNER_SIDE,RIGHT,5,1.5,,,1.0,-1.0,1.0,1.0,2.0,,15.25,11.25,15.75,12.25,PASS_BOUNDARY,
INNER_SIDE,RIGHT,5,1.5,,,1.0,-1.0,1.0,2.0,2.0,,15.25,10.25,15.75,12.25,PASS_BOUNDARY,
INNER_SIDE,RIGHT,5,1.5,,,1.0,-1.0,2.0,0.0,2.0,,15.25,11.25,15.75,12.25,PASS_BOUNDARY,
INNER_SIDE,RIGHT,5,1.5,,,1.0,-1.0,2.0,1.0,2.0,,15.25,10.25,15.75,12.25,PASS_BOUNDARY,
INNER_SIDE,RIGHT,5,1.5,,,1.0,-1.0,2.0,2.0,2.0,,15.25,9.25,15.75,12.25,PASS_BOUNDARY,
INNER_SIDE,RIGHT,5,1.5,,,1.0,0.0,0.0,0.0,1.0,,15.25,14.25,15.75,13.25,PASS_BOUNDARY,
INNER_SIDE,RIGHT,5,1.5,,,1.0,0.0,0.0,1.0,1.0,,15.25,13.25,15.75,13.25,PASS_BOUNDARY,
INNER_SIDE,RIGHT,5,1.5,,,1.0,0.0,0.0,2.0,1.0,,15.25,12.25,15.75,13.25,PASS_BOUNDARY,
INNER_SIDE,RIGHT,5,1.5,,,1.0,0.0,1.0,0.0,1.0,,15.25,13.25,15.75,13.25,PASS_BOUNDARY,
INNER_SIDE,RIGHT,5,1.5,,,1.0,0.0,1.0,1.0,1.0,,15.25,12.25,15.75,13.25,PASS_BOUNDARY,
INNER_SIDE,RIGHT,5,1.5,,,1.0,0.0,1.0,2.0,1.0,,15.25,11.25,15.75,13.25,PASS_BOUNDARY,
INNER_SIDE,RIGHT,5,1.5,,,1.0,0.0,2.0,0.0,1.0,,15.25,12.25,15.75,13.25,PASS_BOUNDARY,
INNER_SIDE,RIGHT,5,1.5,,,1.0,0.0,2.0,1.0,1.0,,15.25,11.25,15.75,13.25,PASS_BOUNDARY,
INNER_SIDE,RIGHT,5,1.5,,,1.0,0.0,2.0,2.0,1.0,,15.25,10.25,15.75,13.25,PASS_BOUNDARY,
INNER_SIDE,RIGHT,5,1.5,,,1.0,1.0,0.0,0.0,0.0,,15.25,15.25,15.75,14.25,PASS_BOUNDARY,
INNER_SIDE,RIGHT,5,1.5,,,1.0,1.0,0.0,1.0,0.0,,15.25,14.25,15.75,14.25,PASS_BOUNDARY,
INNER_SIDE,RIGHT,5,1.5,,,1.0,1.0,0.0,2.0,0.0,,15.25,13.25,15.75,14.25,PASS_BOUNDARY,
INNER_SIDE,RIGHT,5,1.5,,,1.0,1.0,1.0,0.0,0.0,,15.25,14.25,15.75,14.25,PASS_BOUNDARY,
INNER_SIDE,RIGHT,5,1.5,,,1.0,1.0,1.0,1.0,0.0,,15.25,13.25,15.75,14.25,PASS_BOUNDARY,
INNER_SIDE,RIGHT,5,1.5,,,1.0,1.0,1.0,2.0,0.0,,15.25,12.25,15.75,14.25,PASS_BOUNDARY,
INNER_SIDE,RIGHT,5,1.5,,,1.0,1.0,2.0,0.0,0.0,,15.25,13.25,15.75,14.25,PASS_BOUNDARY,
INNER_SIDE,RIGHT,5,1.5,,,1.0,1.0,2.0,1.0,0.0,,15.25,12.25,15.75,14.25,PASS_BOUNDARY,
INNER_SIDE,RIGHT,5,1.5,,,1.0,1.0,2.0,2.0,0.0,,15.25,11.25,15.75,14.25,PASS_BOUNDARY,
INNER_SIDE,RIGHT,6,0.0,,,-1.0,-1.0,0.0,0.0,0.0,,14.25,14.25,14.75,14.75,PASS_BOUNDARY,
INNER_SIDE,RIGHT,6,0.0,,,-1.0,-1.0,0.0,1.0,0.0,,14.25,13.25,14.75,14.75,PASS_BOUNDARY,
INNER_SIDE,RIGHT,6,0.0,,,-1.0,-1.0,0.0,2.0,0.0,,14.25,12.25,14.75,14.75,PASS_BOUNDARY,
INNER_SIDE,RIGHT,6,0.0,,,-1.0,-1.0,1.0,0.0,0.0,,14.25,13.25,14.75,14.75,PASS_BOUNDARY,
INNER_SIDE,RIGHT,6,0.0,,,-1.0,-1.0,1.0,1.0,0.0,,14.25,12.25,14.75,14.75,PASS_BOUNDARY,
INNER_SIDE,RIGHT,6,0.0,,,-1.0,-1.0,1.0,2.0,0.0,,14.25,11.25,14.75,14.75,PASS_BOUNDARY,
INNER_SIDE,RIGHT,6,0.0,,,-1.0,-1.0,2.0,0.0,0.0,,14.25,12.25,14.75,14.75,PASS_BOUNDARY,
INNER_SIDE,RIGHT,6,0.0,,,-1.0,-1.0,2.0,1.0,0.0,,14.25,11.25,14.75,14.75,PASS_BOUNDARY,
INNER_SIDE,RIGHT,6,0.0,,,-1.0,-1.0,2.0,2.0,0.0,,14.25,10.25,14.75,14.75,PASS_BOUNDARY,
INNER_SIDE,RIGHT,6,0.0,,,-1.0,0.0,0.0,0.0,1.0,,14.25,13.25,14.75,13.75,PASS_BOUNDARY,
INNER_SIDE,RIGHT,6,0.0,,,-1.0,0.0,0.0,1.0,1.0,,14.25,12.25,14.75,13.75,PASS_BOUNDARY,
INNER_SIDE,RIGHT,6,0.0,,,-1.0,0.0,0.0,2.0,1.0,,14.25,11.25,14.75,13.75,PASS_BOUNDARY,
INNER_SIDE,RIGHT,6,0.0,,,-1.0,0.0,1.0,0.0,1.0,,14.25,12.25,14.75,13.75,PASS_BOUNDARY,
INNER_SIDE,RIGHT,6,0.0,,,-1.0,0.0,1.0,1.0,1.0,,14.25,11.25,14.75,13.75,PASS_BOUNDARY,
INNER_SIDE,RIGHT,6,0.0,,,-1.0,0.0,1.0,2.0,1.0,,14.25,10.25,14.75,13.75,PASS_BOUNDARY,
INNER_SIDE,RIGHT,6,0.0,,,-1.0,0.0,2.0,0.0,1.0,,14.25,11.25,14.75,13.75,PASS_BOUNDARY,
INNER_SIDE,RIGHT,6,0.0,,,-1.0,0.0,2.0,1.0,1.0,,14.25,10.25,14.75,13.75,PASS_BOUNDARY,
INNER_SIDE,RIGHT,6,0.0,,,-1.0,0.0,2.0,2.0,1.0,,14.25,9.25,14.75,13.75,PASS_BOUNDARY,
INNER_SIDE,RIGHT,6,0.0,,,-1.0,1.0,0.0,0.0,2.0,,14.25,12.25,14.75,12.75,PASS_BOUNDARY,
INNER_SIDE,RIGHT,6,0.0,,,-1.0,1.0,0.0,1.0,2.0,,14.25,11.25,14.75,12.75,PASS_BOUNDARY,
INNER_SIDE,RIGHT,6,0.0,,,-1.0,1.0,0.0,2.0,2.0,,14.25,10.25,14.75,12.75,PASS_BOUNDARY,
INNER_SIDE,RIGHT,6,0.0,,,-1.0,1.0,1.0,0.0,2.0,,14.25,11.25,14.75,12.75,PASS_BOUNDARY,
INNER_SIDE,RIGHT,6,0.0,,,-1.0,1.0,1.0,1.0,2.0,,14.25,10.25,14.75,12.75,PASS_BOUNDARY,
INNER_SIDE,RIGHT,6,0.0,,,-1.0,1.0,1.0,2.0,2.0,,14.25,9.25,14.75,12.75,PASS_BOUNDARY,
INNER_SIDE,RIGHT,6,0.0,,,-1.0,1.0,2.0,0.0,2.0,,14.25,10.25,14.75,12.75,PASS_BOUNDARY,
INNER_SIDE,RIGHT,6,0.0,,,-1.0,1.0,2.0,1.0,2.0,,14.25,9.25,14.75,12.75,PASS_BOUNDARY,
INNER_SIDE,RIGHT,6,0.0,,,-1.0,1.0,2.0,2.0,2.0,,14.25,8.25,14.75,12.75,PASS_BOUNDARY,
INNER_SIDE,RIGHT,6,0.0,,,0.0,-1.0,0.0,0.0,1.0,,14.25,13.25,14.75,13.75,PASS_BOUNDARY,
INNER_SIDE,RIGHT,6,0.0,,,0.0,-1.0,0.0,1.0,1.0,,14.25,12.25,14.75,13.75,PASS_BOUNDARY,
INNER_SIDE,RIGHT,6,0.0,,,0.0,-1.0,0.0,2.0,1.0,,14.25,11.25,14.75,13.75,PASS_BOUNDARY,
INNER_SIDE,RIGHT,6,0.0,,,0.0,-1.0,1.0,0.0,1.0,,14.25,12.25,14.75,13.75,PASS_BOUNDARY,
INNER_SIDE,RIGHT,6,0.0,,,0.0,-1.0,1.0,1.0,1.0,,14.25,11.25,14.75,13.75,PASS_BOUNDARY,
INNER_SIDE,RIGHT,6,0.0,,,0.0,-1.0,1.0,2.0,1.0,,14.25,10.25,14.75,13.75,PASS_BOUNDARY,
INNER_SIDE,RIGHT,6,0.0,,,0.0,-1.0,2.0,0.0,1.0,,14.25,11.25,14.75,13.75,PASS_BOUNDARY,
INNER_SIDE,RIGHT,6,0.0,,,0.0,-1.0,2.0,1.0,1.0,,14.25,10.25,14.75,13.75,PASS_BOUNDARY,
INNER_SIDE,RIGHT,6,0.0,,,0.0,-1.0,2.0,2.0,1.0,,14.25,9.25,14.75,13.75,PASS_BOUNDARY,
INNER_SIDE,RIGHT,6,0.0,,,0.0,0.0,0.0,0.0,0.0,,14.25,14.25,14.75,14.75,PASS_BOUNDARY,
INNER_SIDE,RIGHT,6,0.0,,,0.0,0.0,0.0,1.0,0.0,,14.25,13.25,14.75,14.75,PASS_BOUNDARY,
INNER_SIDE,RIGHT,6,0.0,,,0.0,0.0,0.0,2.0,0.0,,14.25,12.25,14.75,14.75,PASS_BOUNDARY,
INNER_SIDE,RIGHT,6,0.0,,,0.0,0.0,1.0,0.0,0.0,,14.25,13.25,14.75,14.75,PASS_BOUNDARY,
INNER_SIDE,RIGHT,6,0.0,,,0.0,0.0,1.0,1.0,0.0,,14.25,12.25,14.75,14.75,PASS_BOUNDARY,
INNER_SIDE,RIGHT,6,0.0,,,0.0,0.0,1.0,2.0,0.0,,14.25,11.25,14.75,14.75,PASS_BOUNDARY,
INNER_SIDE,RIGHT,6,0.0,,,0.0,0.0,2.0,0.0,0.0,,14.25,12.25,14.75,14.75,PASS_BOUNDARY,
INNER_SIDE,RIGHT,6,0.0,,,0.0,0.0,2.0,1.0,0.0,,14.25,11.25,14.75,14.75,PASS_BOUNDARY,
INNER_SIDE,RIGHT,6,0.0,,,0.0,0.0,2.0,2.0,0.0,,14.25,10.25,14.75,14.75,PASS_BOUNDARY,
INNER_SIDE,RIGHT,6,0.0,,,0.0,1.0,0.0,0.0,1.0,,14.25,13.25,14.75,13.75,PASS_BOUNDARY,
INNER_SIDE,RIGHT,6,0.0,,,0.0,1.0,0.0,1.0,1.0,,14.25,12.25,14.75,13.75,PASS_BOUNDARY,
INNER_SIDE,RIGHT,6,0.0,,,0.0,1.0,0.0,2.0,1.0,,14.25,11.25,14.75,13.75,PASS_BOUNDARY,
INNER_SIDE,RIGHT,6,0.0,,,0.0,1.0,1.0,0.0,1.0,,14.25,12.25,14.75,13.75,PASS_BOUNDARY,
INNER_SIDE,RIGHT,6,0.0,,,0.0,1.0,1.0,1.0,1.0,,14.25,11.25,14.75,13.75,PASS_BOUNDARY,
INNER_SIDE,RIGHT,6,0.0,,,0.0,1.0,1.0,2.0,1.0,,14.25,10.25,14.75,13.75,PASS_BOUNDARY,
INNER_SIDE,RIGHT,6,0.0,,,0.0,1.0,2.0,0.0,1.0,,14.25,11.25,14.75,13.75,PASS_BOUNDARY,
INNER_SIDE,RIGHT,6,0.0,,,0.0,1.0,2.0,1.0,1.0,,14.25,10.25,14.75,13.75,PASS_BOUNDARY,
INNER_SIDE,RIGHT,6,0.0,,,0.0,1.0,2.0,2.0,1.0,,14.25,9.25,14.75,13.75,PASS_BOUNDARY,
INNER_SIDE,RIGHT,6,0.0,,,1.0,-1.0,0.0,0.0,2.0,,14.25,12.25,14.75,12.75,PASS_BOUNDARY,
INNER_SIDE,RIGHT,6,0.0,,,1.0,-1.0,0.0,1.0,2.0,,14.25,11.25,14.75,12.75,PASS_BOUNDARY,
INNER_SIDE,RIGHT,6,0.0,,,1.0,-1.0,0.0,2.0,2.0,,14.25,10.25,14.75,12.75,PASS_BOUNDARY,
INNER_SIDE,RIGHT,6,0.0,,,1.0,-1.0,1.0,0.0,2.0,,14.25,11.25,14.75,12.75,PASS_BOUNDARY,
INNER_SIDE,RIGHT,6,0.0,,,1.0,-1.0,1.0,1.0,2.0,,14.25,10.25,14.75,12.75,PASS_BOUNDARY,
INNER_SIDE,RIGHT,6,0.0,,,1.0,-1.0,1.0,2.0,2.0,,14.25,9.25,14.75,12.75,PASS_BOUNDARY,
INNER_SIDE,RIGHT,6,0.0,,,1.0,-1.0,2.0,0.0,2.0,,14.25,10.25,14.75,12.75,PASS_BOUNDARY,
INNER_SIDE,RIGHT,6,0.0,,,1.0,-1.0,2.0,1.0,2.0,,14.25,9.25,14.75,12.75,PASS_BOUNDARY,
INNER_SIDE,RIGHT,6,0.0,,,1.0,-1.0,2.0,2.0,2.0,,14.25,8.25,14.75,12.75,PASS_BOUNDARY,
INNER_SIDE,RIGHT,6,0.0,,,1.0,0.0,0.0,0.0,1.0,,14.25,13.25,14.75,13.75,PASS_BOUNDARY,
INNER_SIDE,RIGHT,6,0.0,,,1.0,0.0,0.0,1.0,1.0,,14.25,12.25,14.75,13.75,PASS_BOUNDARY,
INNER_SIDE,RIGHT,6,0.0,,,1.0,0.0,0.0,2.0,1.0,,14.25,11.25,14.75,13.75,PASS_BOUNDARY,
INNER_SIDE,RIGHT,6,0.0,,,1.0,0.0,1.0,0.0,1.0,,14.25,12.25,14.75,13.75,PASS_BOUNDARY,
INNER_SIDE,RIGHT,6,0.0,,,1.0,0.0,1.0,1.0,1.0,,14.25,11.25,14.75,13.75,PASS_BOUNDARY,
INNER_SIDE,RIGHT,6,0.0,,,1.0,0.0,1.0,2.0,1.0,,14.25,10.25,14.75,13.75,PASS_BOUNDARY,
INNER_SIDE,RIGHT,6,0.0,,,1.0,0.0,2.0,0.0,1.0,,14.25,11.25,14.75,13.75,PASS_BOUNDARY,
INNER_SIDE,RIGHT,6,0.0,,,1.0,0.0,2.0,1.0,1.0,,14.25,10.25,14.75,13.75,PASS_BOUNDARY,
INNER_SIDE,RIGHT,6,0.0,,,1.0,0.0,2.0,2.0,1.0,,14.25,9.25,14.75,13.75,PASS_BOUNDARY,
INNER_SIDE,RIGHT,6,0.0,,,1.0,1.0,0.0,0.0,0.0,,14.25,14.25,14.75,14.75,PASS_BOUNDARY,
INNER_SIDE,RIGHT,6,0.0,,,1.0,1.0,0.0,1.0,0.0,,14.25,13.25,14.75,14.75,PASS_BOUNDARY,
INNER_SIDE,RIGHT,6,0.0,,,1.0,1.0,0.0,2.0,0.0,,14.25,12.25,14.75,14.75,PASS_BOUNDARY,
INNER_SIDE,RIGHT,6,0.0,,,1.0,1.0,1.0,0.0,0.0,,14.25,13.25,14.75,14.75,PASS_BOUNDARY,
INNER_SIDE,RIGHT,6,0.0,,,1.0,1.0,1.0,1.0,0.0,,14.25,12.25,14.75,14.75,PASS_BOUNDARY,
INNER_SIDE,RIGHT,6,0.0,,,1.0,1.0,1.0,2.0,0.0,,14.25,11.25,14.75,14.75,PASS_BOUNDARY,
INNER_SIDE,RIGHT,6,0.0,,,1.0,1.0,2.0,0.0,0.0,,14.25,12.25,14.75,14.75,PASS_BOUNDARY,
INNER_SIDE,RIGHT,6,0.0,,,1.0,1.0,2.0,1.0,0.0,,14.25,11.25,14.75,14.75,PASS_BOUNDARY,
INNER_SIDE,RIGHT,6,0.0,,,1.0,1.0,2.0,2.0,0.0,,14.25,10.25,14.75,14.75,PASS_BOUNDARY,
INNER_SIDE,RIGHT,6,0.5,,,-1.0,-1.0,0.0,0.0,0.0,,14.25,14.25,14.75,14.25,PASS_BOUNDARY,
INNER_SIDE,RIGHT,6,0.5,,,-1.0,-1.0,0.0,1.0,0.0,,14.25,13.25,14.75,14.25,PASS_BOUNDARY,
INNER_SIDE,RIGHT,6,0.5,,,-1.0,-1.0,0.0,2.0,0.0,,14.25,12.25,14.75,14.25,PASS_BOUNDARY,
INNER_SIDE,RIGHT,6,0.5,,,-1.0,-1.0,1.0,0.0,0.0,,14.25,13.25,14.75,14.25,PASS_BOUNDARY,
INNER_SIDE,RIGHT,6,0.5,,,-1.0,-1.0,1.0,1.0,0.0,,14.25,12.25,14.75,14.25,PASS_BOUNDARY,
INNER_SIDE,RIGHT,6,0.5,,,-1.0,-1.0,1.0,2.0,0.0,,14.25,11.25,14.75,14.25,PASS_BOUNDARY,
INNER_SIDE,RIGHT,6,0.5,,,-1.0,-1.0,2.0,0.0,0.0,,14.25,12.25,14.75,14.25,PASS_BOUNDARY,
INNER_SIDE,RIGHT,6,0.5,,,-1.0,-1.0,2.0,1.0,0.0,,14.25,11.25,14.75,14.25,PASS_BOUNDARY,
INNER_SIDE,RIGHT,6,0.5,,,-1.0,-1.0,2.0,2.0,0.0,,14.25,10.25,14.75,14.25,PASS_BOUNDARY,
INNER_SIDE,RIGHT,6,0.5,,,-1.0,0.0,0.0,0.0,1.0,,14.25,13.25,14.75,13.25,PASS_BOUNDARY,
INNER_SIDE,RIGHT,6,0.5,,,-1.0,0.0,0.0,1.0,1.0,,14.25,12.25,14.75,13.25,PASS_BOUNDARY,
INNER_SIDE,RIGHT,6,0.5,,,-1.0,0.0,0.0,2.0,1.0,,14.25,11.25,14.75,13.25,PASS_BOUNDARY,
INNER_SIDE,RIGHT,6,0.5,,,-1.0,0.0,1.0,0.0,1.0,,14.25,12.25,14.75,13.25,PASS_BOUNDARY,
INNER_SIDE,RIGHT,6,0.5,,,-1.0,0.0,1.0,1.0,1.0,,14.25,11.25,14.75,13.25,PASS_BOUNDARY,
INNER_SIDE,RIGHT,6,0.5,,,-1.0,0.0,1.0,2.0,1.0,,14.25,10.25,14.75,13.25,PASS_BOUNDARY,
INNER_SIDE,RIGHT,6,0.5,,,-1.0,0.0,2.0,0.0,1.0,,14.25,11.25,14.75,13.25,PASS_BOUNDARY,
INNER_SIDE,RIGHT,6,0.5,,,-1.0,0.0,2.0,1.0,1.0,,14.25,10.25,14.75,13.25,PASS_BOUNDARY,
INNER_SIDE,RIGHT,6,0.5,,,-1.0,0.0,2.0,2.0,1.0,,14.25,9.25,14.75,13.25,PASS_BOUNDARY,
INNER_SIDE,RIGHT,6,0.5,,,-1.0,1.0,0.0,0.0,2.0,,14.25,12.25,14.75,12.25,PASS_BOUNDARY,
INNER_SIDE,RIGHT,6,0.5,,,-1.0,1.0,0.0,1.0,2.0,,14.25,11.25,14.75,12.25,PASS_BOUNDARY,
INNER_SIDE,RIGHT,6,0.5,,,-1.0,1.0,0.0,2.0,2.0,,14.25,10.25,14.75,12.25,PASS_BOUNDARY,
INNER_SIDE,RIGHT,6,0.5,,,-1.0,1.0,1.0,0.0,2.0,,14.25,11.25,14.75,12.25,PASS_BOUNDARY,
INNER_SIDE,RIGHT,6,0.5,,,-1.0,1.0,1.0,1.0,2.0,,14.25,10.25,14.75,12.25,PASS_BOUNDARY,
INNER_SIDE,RIGHT,6,0.5,,,-1.0,1.0,1.0,2.0,2.0,,14.25,9.25,14.75,12.25,PASS_BOUNDARY,
INNER_SIDE,RIGHT,6,0.5,,,-1.0,1.0,2.0,0.0,2.0,,14.25,10.25,14.75,12.25,PASS_BOUNDARY,
INNER_SIDE,RIGHT,6,0.5,,,-1.0,1.0,2.0,1.0,2.0,,14.25,9.25,14.75,12.25,PASS_BOUNDARY,
INNER_SIDE,RIGHT,6,0.5,,,-1.0,1.0,2.0,2.0,2.0,,14.25,8.25,14.75,12.25,PASS_BOUNDARY,
INNER_SIDE,RIGHT,6,0.5,,,0.0,-1.0,0.0,0.0,1.0,,14.25,13.25,14.75,13.25,PASS_BOUNDARY,
INNER_SIDE,RIGHT,6,0.5,,,0.0,-1.0,0.0,1.0,1.0,,14.25,12.25,14.75,13.25,PASS_BOUNDARY,
INNER_SIDE,RIGHT,6,0.5,,,0.0,-1.0,0.0,2.0,1.0,,14.25,11.25,14.75,13.25,PASS_BOUNDARY,
INNER_SIDE,RIGHT,6,0.5,,,0.0,-1.0,1.0,0.0,1.0,,14.25,12.25,14.75,13.25,PASS_BOUNDARY,
INNER_SIDE,RIGHT,6,0.5,,,0.0,-1.0,1.0,1.0,1.0,,14.25,11.25,14.75,13.25,PASS_BOUNDARY,
INNER_SIDE,RIGHT,6,0.5,,,0.0,-1.0,1.0,2.0,1.0,,14.25,10.25,14.75,13.25,PASS_BOUNDARY,
INNER_SIDE,RIGHT,6,0.5,,,0.0,-1.0,2.0,0.0,1.0,,14.25,11.25,14.75,13.25,PASS_BOUNDARY,
INNER_SIDE,RIGHT,6,0.5,,,0.0,-1.0,2.0,1.0,1.0,,14.25,10.25,14.75,13.25,PASS_BOUNDARY,
INNER_SIDE,RIGHT,6,0.5,,,0.0,-1.0,2.0,2.0,1.0,,14.25,9.25,14.75,13.25,PASS_BOUNDARY,
INNER_SIDE,RIGHT,6,0.5,,,0.0,0.0,0.0,0.0,0.0,,14.25,14.25,14.75,14.25,PASS_BOUNDARY,
INNER_SIDE,RIGHT,6,0.5,,,0.0,0.0,0.0,1.0,0.0,,14.25,13.25,14.75,14.25,PASS_BOUNDARY,
INNER_SIDE,RIGHT,6,0.5,,,0.0,0.0,0.0,2.0,0.0,,14.25,12.25,14.75,14.25,PASS_BOUNDARY,
INNER_SIDE,RIGHT,6,0.5,,,0.0,0.0,1.0,0.0,0.0,,14.25,13.25,14.75,14.25,PASS_BOUNDARY,
INNER_SIDE,RIGHT,6,0.5,,,0.0,0.0,1.0,1.0,0.0,,14.25,12.25,14.75,14.25,PASS_BOUNDARY,
INNER_SIDE,RIGHT,6,0.5,,,0.0,0.0,1.0,2.0,0.0,,14.25,11.25,14.75,14.25,PASS_BOUNDARY,
INNER_SIDE,RIGHT,6,0.5,,,0.0,0.0,2.0,0.0,0.0,,14.25,12.25,14.75,14.25,PASS_BOUNDARY,
INNER_SIDE,RIGHT,6,0.5,,,0.0,0.0,2.0,1.0,0.0,,14.25,11.25,14.75,14.25,PASS_BOUNDARY,
INNER_SIDE,RIGHT,6,0.5,,,0.0,0.0,2.0,2.0,0.0,,14.25,10.25,14.75,14.25,PASS_BOUNDARY,
INNER_SIDE,RIGHT,6,0.5,,,0.0,1.0,0.0,0.0,1.0,,14.25,13.25,14.75,13.25,PASS_BOUNDARY,
INNER_SIDE,RIGHT,6,0.5,,,0.0,1.0,0.0,1.0,1.0,,14.25,12.25,14.75,13.25,PASS_BOUNDARY,
INNER_SIDE,RIGHT,6,0.5,,,0.0,1.0,0.0,2.0,1.0,,14.25,11.25,14.75,13.25,PASS_BOUNDARY,
INNER_SIDE,RIGHT,6,0.5,,,0.0,1.0,1.0,0.0,1.0,,14.25,12.25,14.75,13.25,PASS_BOUNDARY,
INNER_SIDE,RIGHT,6,0.5,,,0.0,1.0,1.0,1.0,1.0,,14.25,11.25,14.75,13.25,PASS_BOUNDARY,
INNER_SIDE,RIGHT,6,0.5,,,0.0,1.0,1.0,2.0,1.0,,14.25,10.25,14.75,13.25,PASS_BOUNDARY,
INNER_SIDE,RIGHT,6,0.5,,,0.0,1.0,2.0,0.0,1.0,,14.25,11.25,14.75,13.25,PASS_BOUNDARY,
INNER_SIDE,RIGHT,6,0.5,,,0.0,1.0,2.0,1.0,1.0,,14.25,10.25,14.75,13.25,PASS_BOUNDARY,
INNER_SIDE,RIGHT,6,0.5,,,0.0,1.0,2.0,2.0,1.0,,14.25,9.25,14.75,13.25,PASS_BOUNDARY,
INNER_SIDE,RIGHT,6,0.5,,,1.0,-1.0,0.0,0.0,2.0,,14.25,12.25,14.75,12.25,PASS_BOUNDARY,
INNER_SIDE,RIGHT,6,0.5,,,1.0,-1.0,0.0,1.0,2.0,,14.25,11.25,14.75,12.25,PASS_BOUNDARY,
INNER_SIDE,RIGHT,6,0.5,,,1.0,-1.0,0.0,2.0,2.0,,14.25,10.25,14.75,12.25,PASS_BOUNDARY,
INNER_SIDE,RIGHT,6,0.5,,,1.0,-1.0,1.0,0.0,2.0,,14.25,11.25,14.75,12.25,PASS_BOUNDARY,
INNER_SIDE,RIGHT,6,0.5,,,1.0,-1.0,1.0,1.0,2.0,,14.25,10.25,14.75,12.25,PASS_BOUNDARY,
INNER_SIDE,RIGHT,6,0.5,,,1.0,-1.0,1.0,2.0,2.0,,14.25,9.25,14.75,12.25,PASS_BOUNDARY,
INNER_SIDE,RIGHT,6,0.5,,,1.0,-1.0,2.0,0.0,2.0,,14.25,10.25,14.75,12.25,PASS_BOUNDARY,
INNER_SIDE,RIGHT,6,0.5,,,1.0,-1.0,2.0,1.0,2.0,,14.25,9.25,14.75,12.25,PASS_BOUNDARY,
INNER_SIDE,RIGHT,6,0.5,,,1.0,-1.0,2.0,2.0,2.0,,14.25,8.25,14.75,12.25,PASS_BOUNDARY,
INNER_SIDE,RIGHT,6,0.5,,,1.0,0.0,0.0,0.0,1.0,,14.25,13.25,14.75,13.25,PASS_BOUNDARY,
INNER_SIDE,RIGHT,6,0.5,,,1.0,0.0,0.0,1.0,1.0,,14.25,12.25,14.75,13.25,PASS_BOUNDARY,
INNER_SIDE,RIGHT,6,0.5,,,1.0,0.0,0.0,2.0,1.0,,14.25,11.25,14.75,13.25,PASS_BOUNDARY,
INNER_SIDE,RIGHT,6,0.5,,,1.0,0.0,1.0,0.0,1.0,,14.25,12.25,14.75,13.25,PASS_BOUNDARY,
INNER_SIDE,RIGHT,6,0.5,,,1.0,0.0,1.0,1.0,1.0,,14.25,11.25,14.75,13.25,PASS_BOUNDARY,
INNER_SIDE,RIGHT,6,0.5,,,1.0,0.0,1.0,2.0,1.0,,14.25,10.25,14.75,13.25,PASS_BOUNDARY,
INNER_SIDE,RIGHT,6,0.5,,,1.0,0.0,2.0,0.0,1.0,,14.25,11.25,14.75,13.25,PASS_BOUNDARY,
INNER_SIDE,RIGHT,6,0.5,,,1.0,0.0,2.0,1.0,1.0,,14.25,10.25,14.75,13.25,PASS_BOUNDARY,
INNER_SIDE,RIGHT,6,0.5,,,1.0,0.0,2.0,2.0,1.0,,14.25,9.25,14.75,13.25,PASS_BOUNDARY,
INNER_SIDE,RIGHT,6,0.5,,,1.0,1.0,0.0,0.0,0.0,,14.25,14.25,14.75,14.25,PASS_BOUNDARY,
INNER_SIDE,RIGHT,6,0.5,,,1.0,1.0,0.0,1.0,0.0,,14.25,13.25,14.75,14.25,PASS_BOUNDARY,
INNER_SIDE,RIGHT,6,0.5,,,1.0,1.0,0.0,2.0,0.0,,14.25,12.25,14.75,14.25,PASS_BOUNDARY,
INNER_SIDE,RIGHT,6,0.5,,,1.0,1.0,1.0,0.0,0.0,,14.25,13.25,14.75,14.25,PASS_BOUNDARY,
INNER_SIDE,RIGHT,6,0.5,,,1.0,1.0,1.0,1.0,0.0,,14.25,12.25,14.75,14.25,PASS_BOUNDARY,
INNER_SIDE,RIGHT,6,0.5,,,1.0,1.0,1.0,2.0,0.0,,14.25,11.25,14.75,14.25,PASS_BOUNDARY,
INNER_SIDE,RIGHT,6,0.5,,,1.0,1.0,2.0,0.0,0.0,,14.25,12.25,14.75,14.25,PASS_BOUNDARY,
INNER_SIDE,RIGHT,6,0.5,,,1.0,1.0,2.0,1.0,0.0,,14.25,11.25,14.75,14.25,PASS_BOUNDARY,
INNER_SIDE,RIGHT,6,0.5,,,1.0,1.0,2.0,2.0,0.0,,14.25,10.25,14.75,14.25,PASS_BOUNDARY,
INNER_SIDE,RIGHT,6,1.0,,,-1.0,-1.0,0.0,0.0,0.0,,14.25,14.25,14.75,13.75,PASS_BOUNDARY,
INNER_SIDE,RIGHT,6,1.0,,,-1.0,-1.0,0.0,1.0,0.0,,14.25,13.25,14.75,13.75,PASS_BOUNDARY,
INNER_SIDE,RIGHT,6,1.0,,,-1.0,-1.0,0.0,2.0,0.0,,14.25,12.25,14.75,13.75,PASS_BOUNDARY,
INNER_SIDE,RIGHT,6,1.0,,,-1.0,-1.0,1.0,0.0,0.0,,14.25,13.25,14.75,13.75,PASS_BOUNDARY,
INNER_SIDE,RIGHT,6,1.0,,,-1.0,-1.0,1.0,1.0,0.0,,14.25,12.25,14.75,13.75,PASS_BOUNDARY,
INNER_SIDE,RIGHT,6,1.0,,,-1.0,-1.0,1.0,2.0,0.0,,14.25,11.25,14.75,13.75,PASS_BOUNDARY,
INNER_SIDE,RIGHT,6,1.0,,,-1.0,-1.0,2.0,0.0,0.0,,14.25,12.25,14.75,13.75,PASS_BOUNDARY,
INNER_SIDE,RIGHT,6,1.0,,,-1.0,-1.0,2.0,1.0,0.0,,14.25,11.25,14.75,13.75,PASS_BOUNDARY,
INNER_SIDE,RIGHT,6,1.0,,,-1.0,-1.0,2.0,2.0,0.0,,14.25,10.25,14.75,13.75,PASS_BOUNDARY,
INNER_SIDE,RIGHT,6,1.0,,,-1.0,0.0,0.0,0.0,1.0,,14.25,13.25,14.75,12.75,PASS_BOUNDARY,
INNER_SIDE,RIGHT,6,1.0,,,-1.0,0.0,0.0,1.0,1.0,,14.25,12.25,14.75,12.75,PASS_BOUNDARY,
INNER_SIDE,RIGHT,6,1.0,,,-1.0,0.0,0.0,2.0,1.0,,14.25,11.25,14.75,12.75,PASS_BOUNDARY,
INNER_SIDE,RIGHT,6,1.0,,,-1.0,0.0,1.0,0.0,1.0,,14.25,12.25,14.75,12.75,PASS_BOUNDARY,
INNER_SIDE,RIGHT,6,1.0,,,-1.0,0.0,1.0,1.0,1.0,,14.25,11.25,14.75,12.75,PASS_BOUNDARY,
INNER_SIDE,RIGHT,6,1.0,,,-1.0,0.0,1.0,2.0,1.0,,14.25,10.25,14.75,12.75,PASS_BOUNDARY,
INNER_SIDE,RIGHT,6,1.0,,,-1.0,0.0,2.0,0.0,1.0,,14.25,11.25,14.75,12.75,PASS_BOUNDARY,
INNER_SIDE,RIGHT,6,1.0,,,-1.0,0.0,2.0,1.0,1.0,,14.25,10.25,14.75,12.75,PASS_BOUNDARY,
INNER_SIDE,RIGHT,6,1.0,,,-1.0,0.0,2.0,2.0,1.0,,14.25,9.25,14.75,12.75,PASS_BOUNDARY,
INNER_SIDE,RIGHT,6,1.0,,,-1.0,1.0,0.0,0.0,2.0,,14.25,12.25,14.75,11.75,PASS_BOUNDARY,
INNER_SIDE,RIGHT,6,1.0,,,-1.0,1.0,0.0,1.0,2.0,,14.25,11.25,14.75,11.75,PASS_BOUNDARY,
INNER_SIDE,RIGHT,6,1.0,,,-1.0,1.0,0.0,2.0,2.0,,14.25,10.25,14.75,11.75,PASS_BOUNDARY,
INNER_SIDE,RIGHT,6,1.0,,,-1.0,1.0,1.0,0.0,2.0,,14.25,11.25,14.75,11.75,PASS_BOUNDARY,
INNER_SIDE,RIGHT,6,1.0,,,-1.0,1.0,1.0,1.0,2.0,,14.25,10.25,14.75,11.75,PASS_BOUNDARY,
INNER_SIDE,RIGHT,6,1.0,,,-1.0,1.0,1.0,2.0,2.0,,14.25,9.25,14.75,11.75,PASS_BOUNDARY,
INNER_SIDE,RIGHT,6,1.0,,,-1.0,1.0,2.0,0.0,2.0,,14.25,10.25,14.75,11.75,PASS_BOUNDARY,
INNER_SIDE,RIGHT,6,1.0,,,-1.0,1.0,2.0,1.0,2.0,,14.25,9.25,14.75,11.75,PASS_BOUNDARY,
INNER_SIDE,RIGHT,6,1.0,,,-1.0,1.0,2.0,2.0,2.0,,14.25,8.25,14.75,11.75,PASS_BOUNDARY,
INNER_SIDE,RIGHT,6,1.0,,,0.0,-1.0,0.0,0.0,1.0,,14.25,13.25,14.75,12.75,PASS_BOUNDARY,
INNER_SIDE,RIGHT,6,1.0,,,0.0,-1.0,0.0,1.0,1.0,,14.25,12.25,14.75,12.75,PASS_BOUNDARY,
INNER_SIDE,RIGHT,6,1.0,,,0.0,-1.0,0.0,2.0,1.0,,14.25,11.25,14.75,12.75,PASS_BOUNDARY,
INNER_SIDE,RIGHT,6,1.0,,,0.0,-1.0,1.0,0.0,1.0,,14.25,12.25,14.75,12.75,PASS_BOUNDARY,
INNER_SIDE,RIGHT,6,1.0,,,0.0,-1.0,1.0,1.0,1.0,,14.25,11.25,14.75,12.75,PASS_BOUNDARY,
INNER_SIDE,RIGHT,6,1.0,,,0.0,-1.0,1.0,2.0,1.0,,14.25,10.25,14.75,12.75,PASS_BOUNDARY,
INNER_SIDE,RIGHT,6,1.0,,,0.0,-1.0,2.0,0.0,1.0,,14.25,11.25,14.75,12.75,PASS_BOUNDARY,
INNER_SIDE,RIGHT,6,1.0,,,0.0,-1.0,2.0,1.0,1.0,,14.25,10.25,14.75,12.75,PASS_BOUNDARY,
INNER_SIDE,RIGHT,6,1.0,,,0.0,-1.0,2.0,2.0,1.0,,14.25,9.25,14.75,12.75,PASS_BOUNDARY,
INNER_SIDE,RIGHT,6,1.0,,,0.0,0.0,0.0,0.0,0.0,,14.25,14.25,14.75,13.75,PASS_BOUNDARY,
INNER_SIDE,RIGHT,6,1.0,,,0.0,0.0,0.0,1.0,0.0,,14.25,13.25,14.75,13.75,PASS_BOUNDARY,
INNER_SIDE,RIGHT,6,1.0,,,0.0,0.0,0.0,2.0,0.0,,14.25,12.25,14.75,13.75,PASS_BOUNDARY,
INNER_SIDE,RIGHT,6,1.0,,,0.0,0.0,1.0,0.0,0.0,,14.25,13.25,14.75,13.75,PASS_BOUNDARY,
INNER_SIDE,RIGHT,6,1.0,,,0.0,0.0,1.0,1.0,0.0,,14.25,12.25,14.75,13.75,PASS_BOUNDARY,
INNER_SIDE,RIGHT,6,1.0,,,0.0,0.0,1.0,2.0,0.0,,14.25,11.25,14.75,13.75,PASS_BOUNDARY,
INNER_SIDE,RIGHT,6,1.0,,,0.0,0.0,2.0,0.0,0.0,,14.25,12.25,14.75,13.75,PASS_BOUNDARY,
INNER_SIDE,RIGHT,6,1.0,,,0.0,0.0,2.0,1.0,0.0,,14.25,11.25,14.75,13.75,PASS_BOUNDARY,
INNER_SIDE,RIGHT,6,1.0,,,0.0,0.0,2.0,2.0,0.0,,14.25,10.25,14.75,13.75,PASS_BOUNDARY,
INNER_SIDE,RIGHT,6,1.0,,,0.0,1.0,0.0,0.0,1.0,,14.25,13.25,14.75,12.75,PASS_BOUNDARY,
INNER_SIDE,RIGHT,6,1.0,,,0.0,1.0,0.0,1.0,1.0,,14.25,12.25,14.75,12.75,PASS_BOUNDARY,
INNER_SIDE,RIGHT,6,1.0,,,0.0,1.0,0.0,2.0,1.0,,14.25,11.25,14.75,12.75,PASS_BOUNDARY,
INNER_SIDE,RIGHT,6,1.0,,,0.0,1.0,1.0,0.0,1.0,,14.25,12.25,14.75,12.75,PASS_BOUNDARY,
INNER_SIDE,RIGHT,6,1.0,,,0.0,1.0,1.0,1.0,1.0,,14.25,11.25,14.75,12.75,PASS_BOUNDARY,
INNER_SIDE,RIGHT,6,1.0,,,0.0,1.0,1.0,2.0,1.0,,14.25,10.25,14.75,12.75,PASS_BOUNDARY,
INNER_SIDE,RIGHT,6,1.0,,,0.0,1.0,2.0,0.0,1.0,,14.25,11.25,14.75,12.75,PASS_BOUNDARY,
INNER_SIDE,RIGHT,6,1.0,,,0.0,1.0,2.0,1.0,1.0,,14.25,10.25,14.75,12.75,PASS_BOUNDARY,
INNER_SIDE,RIGHT,6,1.0,,,0.0,1.0,2.0,2.0,1.0,,14.25,9.25,14.75,12.75,PASS_BOUNDARY,
INNER_SIDE,RIGHT,6,1.0,,,1.0,-1.0,0.0,0.0,2.0,,14.25,12.25,14.75,11.75,PASS_BOUNDARY,
INNER_SIDE,RIGHT,6,1.0,,,1.0,-1.0,0.0,1.0,2.0,,14.25,11.25,14.75,11.75,PASS_BOUNDARY,
INNER_SIDE,RIGHT,6,1.0,,,1.0,-1.0,0.0,2.0,2.0,,14.25,10.25,14.75,11.75,PASS_BOUNDARY,
INNER_SIDE,RIGHT,6,1.0,,,1.0,-1.0,1.0,0.0,2.0,,14.25,11.25,14.75,11.75,PASS_BOUNDARY,
INNER_SIDE,RIGHT,6,1.0,,,1.0,-1.0,1.0,1.0,2.0,,14.25,10.25,14.75,11.75,PASS_BOUNDARY,
INNER_SIDE,RIGHT,6,1.0,,,1.0,-1.0,1.0,2.0,2.0,,14.25,9.25,14.75,11.75,PASS_BOUNDARY,
INNER_SIDE,RIGHT,6,1.0,,,1.0,-1.0,2.0,0.0,2.0,,14.25,10.25,14.75,11.75,PASS_BOUNDARY,
INNER_SIDE,RIGHT,6,1.0,,,1.0,-1.0,2.0,1.0,2.0,,14.25,9.25,14.75,11.75,PASS_BOUNDARY,
INNER_SIDE,RIGHT,6,1.0,,,1.0,-1.0,2.0,2.0,2.0,,14.25,8.25,14.75,11.75,PASS_BOUNDARY,
INNER_SIDE,RIGHT,6,1.0,,,1.0,0.0,0.0,0.0,1.0,,14.25,13.25,14.75,12.75,PASS_BOUNDARY,
INNER_SIDE,RIGHT,6,1.0,,,1.0,0.0,0.0,1.0,1.0,,14.25,12.25,14.75,12.75,PASS_BOUNDARY,
INNER_SIDE,RIGHT,6,1.0,,,1.0,0.0,0.0,2.0,1.0,,14.25,11.25,14.75,12.75,PASS_BOUNDARY,
INNER_SIDE,RIGHT,6,1.0,,,1.0,0.0,1.0,0.0,1.0,,14.25,12.25,14.75,12.75,PASS_BOUNDARY,
INNER_SIDE,RIGHT,6,1.0,,,1.0,0.0,1.0,1.0,1.0,,14.25,11.25,14.75,12.75,PASS_BOUNDARY,
INNER_SIDE,RIGHT,6,1.0,,,1.0,0.0,1.0,2.0,1.0,,14.25,10.25,14.75,12.75,PASS_BOUNDARY,
INNER_SIDE,RIGHT,6,1.0,,,1.0,0.0,2.0,0.0,1.0,,14.25,11.25,14.75,12.75,PASS_BOUNDARY,
INNER_SIDE,RIGHT,6,1.0,,,1.0,0.0,2.0,1.0,1.0,,14.25,10.25,14.75,12.75,PASS_BOUNDARY,
INNER_SIDE,RIGHT,6,1.0,,,1.0,0.0,2.0,2.0,1.0,,14.25,9.25,14.75,12.75,PASS_BOUNDARY,
INNER_SIDE,RIGHT,6,1.0,,,1.0,1.0,0.0,0.0,0.0,,14.25,14.25,14.75,13.75,PASS_BOUNDARY,
INNER_SIDE,RIGHT,6,1.0,,,1.0,1.0,0.0,1.0,0.0,,14.25,13.25,14.75,13.75,PASS_BOUNDARY,
INNER_SIDE,RIGHT,6,1.0,,,1.0,1.0,0.0,2.0,0.0,,14.25,12.25,14.75,13.75,PASS_BOUNDARY,
INNER_SIDE,RIGHT,6,1.0,,,1.0,1.0,1.0,0.0,0.0,,14.25,13.25,14.75,13.75,PASS_BOUNDARY,
INNER_SIDE,RIGHT,6,1.0,,,1.0,1.0,1.0,1.0,0.0,,14.25,12.25,14.75,13.75,PASS_BOUNDARY,
INNER_SIDE,RIGHT,6,1.0,,,1.0,1.0,1.0,2.0,0.0,,14.25,11.25,14.75,13.75,PASS_BOUNDARY,
INNER_SIDE,RIGHT,6,1.0,,,1.0,1.0,2.0,0.0,0.0,,14.25,12.25,14.75,13.75,PASS_BOUNDARY,
INNER_SIDE,RIGHT,6,1.0,,,1.0,1.0,2.0,1.0,0.0,,14.25,11.25,14.75,13.75,PASS_BOUNDARY,
INNER_SIDE,RIGHT,6,1.0,,,1.0,1.0,2.0,2.0,0.0,,14.25,10.25,14.75,13.75,PASS_BOUNDARY,
INNER_SIDE,RIGHT,6,1.5,,,-1.0,-1.0,0.0,0.0,0.0,,14.25,14.25,14.75,13.25,PASS_BOUNDARY,
INNER_SIDE,RIGHT,6,1.5,,,-1.0,-1.0,0.0,1.0,0.0,,14.25,13.25,14.75,13.25,PASS_BOUNDARY,
INNER_SIDE,RIGHT,6,1.5,,,-1.0,-1.0,0.0,2.0,0.0,,14.25,12.25,14.75,13.25,PASS_BOUNDARY,
INNER_SIDE,RIGHT,6,1.5,,,-1.0,-1.0,1.0,0.0,0.0,,14.25,13.25,14.75,13.25,PASS_BOUNDARY,
INNER_SIDE,RIGHT,6,1.5,,,-1.0,-1.0,1.0,1.0,0.0,,14.25,12.25,14.75,13.25,PASS_BOUNDARY,
INNER_SIDE,RIGHT,6,1.5,,,-1.0,-1.0,1.0,2.0,0.0,,14.25,11.25,14.75,13.25,PASS_BOUNDARY,
INNER_SIDE,RIGHT,6,1.5,,,-1.0,-1.0,2.0,0.0,0.0,,14.25,12.25,14.75,13.25,PASS_BOUNDARY,
INNER_SIDE,RIGHT,6,1.5,,,-1.0,-1.0,2.0,1.0,0.0,,14.25,11.25,14.75,13.25,PASS_BOUNDARY,
INNER_SIDE,RIGHT,6,1.5,,,-1.0,-1.0,2.0,2.0,0.0,,14.25,10.25,14.75,13.25,PASS_BOUNDARY,
INNER_SIDE,RIGHT,6,1.5,,,-1.0,0.0,0.0,0.0,1.0,,14.25,13.25,14.75,12.25,PASS_BOUNDARY,
INNER_SIDE,RIGHT,6,1.5,,,-1.0,0.0,0.0,1.0,1.0,,14.25,12.25,14.75,12.25,PASS_BOUNDARY,
INNER_SIDE,RIGHT,6,1.5,,,-1.0,0.0,0.0,2.0,1.0,,14.25,11.25,14.75,12.25,PASS_BOUNDARY,
INNER_SIDE,RIGHT,6,1.5,,,-1.0,0.0,1.0,0.0,1.0,,14.25,12.25,14.75,12.25,PASS_BOUNDARY,
INNER_SIDE,RIGHT,6,1.5,,,-1.0,0.0,1.0,1.0,1.0,,14.25,11.25,14.75,12.25,PASS_BOUNDARY,
INNER_SIDE,RIGHT,6,1.5,,,-1.0,0.0,1.0,2.0,1.0,,14.25,10.25,14.75,12.25,PASS_BOUNDARY,
INNER_SIDE,RIGHT,6,1.5,,,-1.0,0.0,2.0,0.0,1.0,,14.25,11.25,14.75,12.25,PASS_BOUNDARY,
INNER_SIDE,RIGHT,6,1.5,,,-1.0,0.0,2.0,1.0,1.0,,14.25,10.25,14.75,12.25,PASS_BOUNDARY,
INNER_SIDE,RIGHT,6,1.5,,,-1.0,0.0,2.0,2.0,1.0,,14.25,9.25,14.75,12.25,PASS_BOUNDARY,
INNER_SIDE,RIGHT,6,1.5,,,-1.0,1.0,0.0,0.0,2.0,,14.25,12.25,14.75,11.25,PASS_BOUNDARY,
INNER_SIDE,RIGHT,6,1.5,,,-1.0,1.0,0.0,1.0,2.0,,14.25,11.25,14.75,11.25,PASS_BOUNDARY,
INNER_SIDE,RIGHT,6,1.5,,,-1.0,1.0,0.0,2.0,2.0,,14.25,10.25,14.75,11.25,PASS_BOUNDARY,
INNER_SIDE,RIGHT,6,1.5,,,-1.0,1.0,1.0,0.0,2.0,,14.25,11.25,14.75,11.25,PASS_BOUNDARY,
INNER_SIDE,RIGHT,6,1.5,,,-1.0,1.0,1.0,1.0,2.0,,14.25,10.25,14.75,11.25,PASS_BOUNDARY,
INNER_SIDE,RIGHT,6,1.5,,,-1.0,1.0,1.0,2.0,2.0,,14.25,9.25,14.75,11.25,PASS_BOUNDARY,
INNER_SIDE,RIGHT,6,1.5,,,-1.0,1.0,2.0,0.0,2.0,,14.25,10.25,14.75,11.25,PASS_BOUNDARY,
INNER_SIDE,RIGHT,6,1.5,,,-1.0,1.0,2.0,1.0,2.0,,14.25,9.25,14.75,11.25,PASS_BOUNDARY,
INNER_SIDE,RIGHT,6,1.5,,,-1.0,1.0,2.0,2.0,2.0,,14.25,8.25,14.75,11.25,PASS_BOUNDARY,
INNER_SIDE,RIGHT,6,1.5,,,0.0,-1.0,0.0,0.0,1.0,,14.25,13.25,14.75,12.25,PASS_BOUNDARY,
INNER_SIDE,RIGHT,6,1.5,,,0.0,-1.0,0.0,1.0,1.0,,14.25,12.25,14.75,12.25,PASS_BOUNDARY,
INNER_SIDE,RIGHT,6,1.5,,,0.0,-1.0,0.0,2.0,1.0,,14.25,11.25,14.75,12.25,PASS_BOUNDARY,
INNER_SIDE,RIGHT,6,1.5,,,0.0,-1.0,1.0,0.0,1.0,,14.25,12.25,14.75,12.25,PASS_BOUNDARY,
INNER_SIDE,RIGHT,6,1.5,,,0.0,-1.0,1.0,1.0,1.0,,14.25,11.25,14.75,12.25,PASS_BOUNDARY,
INNER_SIDE,RIGHT,6,1.5,,,0.0,-1.0,1.0,2.0,1.0,,14.25,10.25,14.75,12.25,PASS_BOUNDARY,
INNER_SIDE,RIGHT,6,1.5,,,0.0,-1.0,2.0,0.0,1.0,,14.25,11.25,14.75,12.25,PASS_BOUNDARY,
INNER_SIDE,RIGHT,6,1.5,,,0.0,-1.0,2.0,1.0,1.0,,14.25,10.25,14.75,12.25,PASS_BOUNDARY,
INNER_SIDE,RIGHT,6,1.5,,,0.0,-1.0,2.0,2.0,1.0,,14.25,9.25,14.75,12.25,PASS_BOUNDARY,
INNER_SIDE,RIGHT,6,1.5,,,0.0,0.0,0.0,0.0,0.0,,14.25,14.25,14.75,13.25,PASS_BOUNDARY,
INNER_SIDE,RIGHT,6,1.5,,,0.0,0.0,0.0,1.0,0.0,,14.25,13.25,14.75,13.25,PASS_BOUNDARY,
INNER_SIDE,RIGHT,6,1.5,,,0.0,0.0,0.0,2.0,0.0,,14.25,12.25,14.75,13.25,PASS_BOUNDARY,
INNER_SIDE,RIGHT,6,1.5,,,0.0,0.0,1.0,0.0,0.0,,14.25,13.25,14.75,13.25,PASS_BOUNDARY,
INNER_SIDE,RIGHT,6,1.5,,,0.0,0.0,1.0,1.0,0.0,,14.25,12.25,14.75,13.25,PASS_BOUNDARY,
INNER_SIDE,RIGHT,6,1.5,,,0.0,0.0,1.0,2.0,0.0,,14.25,11.25,14.75,13.25,PASS_BOUNDARY,
INNER_SIDE,RIGHT,6,1.5,,,0.0,0.0,2.0,0.0,0.0,,14.25,12.25,14.75,13.25,PASS_BOUNDARY,
INNER_SIDE,RIGHT,6,1.5,,,0.0,0.0,2.0,1.0,0.0,,14.25,11.25,14.75,13.25,PASS_BOUNDARY,
INNER_SIDE,RIGHT,6,1.5,,,0.0,0.0,2.0,2.0,0.0,,14.25,10.25,14.75,13.25,PASS_BOUNDARY,
INNER_SIDE,RIGHT,6,1.5,,,0.0,1.0,0.0,0.0,1.0,,14.25,13.25,14.75,12.25,PASS_BOUNDARY,
INNER_SIDE,RIGHT,6,1.5,,,0.0,1.0,0.0,1.0,1.0,,14.25,12.25,14.75,12.25,PASS_BOUNDARY,
INNER_SIDE,RIGHT,6,1.5,,,0.0,1.0,0.0,2.0,1.0,,14.25,11.25,14.75,12.25,PASS_BOUNDARY,
INNER_SIDE,RIGHT,6,1.5,,,0.0,1.0,1.0,0.0,1.0,,14.25,12.25,14.75,12.25,PASS_BOUNDARY,
INNER_SIDE,RIGHT,6,1.5,,,0.0,1.0,1.0,1.0,1.0,,14.25,11.25,14.75,12.25,PASS_BOUNDARY,
INNER_SIDE,RIGHT,6,1.5,,,0.0,1.0,1.0,2.0,1.0,,14.25,10.25,14.75,12.25,PASS_BOUNDARY,
INNER_SIDE,RIGHT,6,1.5,,,0.0,1.0,2.0,0.0,1.0,,14.25,11.25,14.75,12.25,PASS_BOUNDARY,
INNER_SIDE,RIGHT,6,1.5,,,0.0,1.0,2.0,1.0,1.0,,14.25,10.25,14.75,12.25,PASS_BOUNDARY,
INNER_SIDE,RIGHT,6,1.5,,,0.0,1.0,2.0,2.0,1.0,,14.25,9.25,14.75,12.25,PASS_BOUNDARY,
INNER_SIDE,RIGHT,6,1.5,,,1.0,-1.0,0.0,0.0,2.0,,14.25,12.25,14.75,11.25,PASS_BOUNDARY,
INNER_SIDE,RIGHT,6,1.5,,,1.0,-1.0,0.0,1.0,2.0,,14.25,11.25,14.75,11.25,PASS_BOUNDARY,
INNER_SIDE,RIGHT,6,1.5,,,1.0,-1.0,0.0,2.0,2.0,,14.25,10.25,14.75,11.25,PASS_BOUNDARY,
INNER_SIDE,RIGHT,6,1.5,,,1.0,-1.0,1.0,0.0,2.0,,14.25,11.25,14.75,11.25,PASS_BOUNDARY,
INNER_SIDE,RIGHT,6,1.5,,,1.0,-1.0,1.0,1.0,2.0,,14.25,10.25,14.75,11.25,PASS_BOUNDARY,
INNER_SIDE,RIGHT,6,1.5,,,1.0,-1.0,1.0,2.0,2.0,,14.25,9.25,14.75,11.25,PASS_BOUNDARY,
INNER_SIDE,RIGHT,6,1.5,,,1.0,-1.0,2.0,0.0,2.0,,14.25,10.25,14.75,11.25,PASS_BOUNDARY,
INNER_SIDE,RIGHT,6,1.5,,,1.0,-1.0,2.0,1.0,2.0,,14.25,9.25,14.75,11.25,PASS_BOUNDARY,
INNER_SIDE,RIGHT,6,1.5,,,1.0,-1.0,2.0,2.0,2.0,,14.25,8.25,14.75,11.25,PASS_BOUNDARY,
INNER_SIDE,RIGHT,6,1.5,,,1.0,0.0,0.0,0.0,1.0,,14.25,13.25,14.75,12.25,PASS_BOUNDARY,
INNER_SIDE,RIGHT,6,1.5,,,1.0,0.0,0.0,1.0,1.0,,14.25,12.25,14.75,12.25,PASS_BOUNDARY,
INNER_SIDE,RIGHT,6,1.5,,,1.0,0.0,0.0,2.0,1.0,,14.25,11.25,14.75,12.25,PASS_BOUNDARY,
INNER_SIDE,RIGHT,6,1.5,,,1.0,0.0,1.0,0.0,1.0,,14.25,12.25,14.75,12.25,PASS_BOUNDARY,
INNER_SIDE,RIGHT,6,1.5,,,1.0,0.0,1.0,1.0,1.0,,14.25,11.25,14.75,12.25,PASS_BOUNDARY,
INNER_SIDE,RIGHT,6,1.5,,,1.0,0.0,1.0,2.0,1.0,,14.25,10.25,14.75,12.25,PASS_BOUNDARY,
INNER_SIDE,RIGHT,6,1.5,,,1.0,0.0,2.0,0.0,1.0,,14.25,11.25,14.75,12.25,PASS_BOUNDARY,
INNER_SIDE,RIGHT,6,1.5,,,1.0,0.0,2.0,1.0,1.0,,14.25,10.25,14.75,12.25,PASS_BOUNDARY,
INNER_SIDE,RIGHT,6,1.5,,,1.0,0.0,2.0,2.0,1.0,,14.25,9.25,14.75,12.25,PASS_BOUNDARY,
INNER_SIDE,RIGHT,6,1.5,,,1.0,1.0,0.0,0.0,0.0,,14.25,14.25,14.75,13.25,PASS_BOUNDARY,
INNER_SIDE,RIGHT,6,1.5,,,1.0,1.0,0.0,1.0,0.0,,14.25,13.25,14.75,13.25,PASS_BOUNDARY,
INNER_SIDE,RIGHT,6,1.5,,,1.0,1.0,0.0,2.0,0.0,,14.25,12.25,14.75,13.25,PASS_BOUNDARY,
INNER_SIDE,RIGHT,6,1.5,,,1.0,1.0,1.0,0.0,0.0,,14.25,13.25,14.75,13.25,PASS_BOUNDARY,
INNER_SIDE,RIGHT,6,1.5,,,1.0,1.0,1.0,1.0,0.0,,14.25,12.25,14.75,13.25,PASS_BOUNDARY,
INNER_SIDE,RIGHT,6,1.5,,,1.0,1.0,1.0,2.0,0.0,,14.25,11.25,14.75,13.25,PASS_BOUNDARY,
INNER_SIDE,RIGHT,6,1.5,,,1.0,1.0,2.0,0.0,0.0,,14.25,12.25,14.75,13.25,PASS_BOUNDARY,
INNER_SIDE,RIGHT,6,1.5,,,1.0,1.0,2.0,1.0,0.0,,14.25,11.25,14.75,13.25,PASS_BOUNDARY,
INNER_SIDE,RIGHT,6,1.5,,,1.0,1.0,2.0,2.0,0.0,,14.25,10.25,14.75,13.25,PASS_BOUNDARY,
OUTER_SIDE,RIGHT,0,0.0,,,-1.0,-1.0,0.0,0.0,0.0,,20.25,20.25,20.75,20.75,PASS_BOUNDARY,
OUTER_SIDE,RIGHT,0,0.0,,,-1.0,-1.0,0.0,1.0,0.0,,20.25,19.25,20.75,20.75,PASS_BOUNDARY,
OUTER_SIDE,RIGHT,0,0.0,,,-1.0,-1.0,0.0,2.0,0.0,,20.25,18.25,20.75,20.75,PASS_BOUNDARY,
OUTER_SIDE,RIGHT,0,0.0,,,-1.0,-1.0,1.0,0.0,0.0,,20.25,19.25,20.75,20.75,PASS_BOUNDARY,
OUTER_SIDE,RIGHT,0,0.0,,,-1.0,-1.0,1.0,1.0,0.0,,20.25,18.25,20.75,20.75,PASS_BOUNDARY,
OUTER_SIDE,RIGHT,0,0.0,,,-1.0,-1.0,1.0,2.0,0.0,,20.25,17.25,20.75,20.75,PASS_BOUNDARY,
OUTER_SIDE,RIGHT,0,0.0,,,-1.0,-1.0,2.0,0.0,0.0,,20.25,18.25,20.75,20.75,PASS_BOUNDARY,
OUTER_SIDE,RIGHT,0,0.0,,,-1.0,-1.0,2.0,1.0,0.0,,20.25,17.25,20.75,20.75,PASS_BOUNDARY,
OUTER_SIDE,RIGHT,0,0.0,,,-1.0,-1.0,2.0,2.0,0.0,,20.25,16.25,20.75,20.75,PASS_BOUNDARY,
OUTER_SIDE,RIGHT,0,0.0,,,-1.0,0.0,0.0,0.0,1.0,,20.25,19.25,20.75,19.75,PASS_BOUNDARY,
OUTER_SIDE,RIGHT,0,0.0,,,-1.0,0.0,0.0,1.0,1.0,,20.25,18.25,20.75,19.75,PASS_BOUNDARY,
OUTER_SIDE,RIGHT,0,0.0,,,-1.0,0.0,0.0,2.0,1.0,,20.25,17.25,20.75,19.75,PASS_BOUNDARY,
OUTER_SIDE,RIGHT,0,0.0,,,-1.0,0.0,1.0,0.0,1.0,,20.25,18.25,20.75,19.75,PASS_BOUNDARY,
OUTER_SIDE,RIGHT,0,0.0,,,-1.0,0.0,1.0,1.0,1.0,,20.25,17.25,20.75,19.75,PASS_BOUNDARY,
OUTER_SIDE,RIGHT,0,0.0,,,-1.0,0.0,1.0,2.0,1.0,,20.25,16.25,20.75,19.75,PASS_BOUNDARY,
OUTER_SIDE,RIGHT,0,0.0,,,-1.0,0.0,2.0,0.0,1.0,,20.25,17.25,20.75,19.75,PASS_BOUNDARY,
OUTER_SIDE,RIGHT,0,0.0,,,-1.0,0.0,2.0,1.0,1.0,,20.25,16.25,20.75,19.75,PASS_BOUNDARY,
OUTER_SIDE,RIGHT,0,0.0,,,-1.0,0.0,2.0,2.0,1.0,,20.25,15.25,20.75,19.75,PASS_BOUNDARY,
OUTER_SIDE,RIGHT,0,0.0,,,-1.0,1.0,0.0,0.0,2.0,,20.25,18.25,20.75,18.75,PASS_BOUNDARY,
OUTER_SIDE,RIGHT,0,0.0,,,-1.0,1.0,0.0,1.0,2.0,,20.25,17.25,20.75,18.75,PASS_BOUNDARY,
OUTER_SIDE,RIGHT,0,0.0,,,-1.0,1.0,0.0,2.0,2.0,,20.25,16.25,20.75,18.75,PASS_BOUNDARY,
OUTER_SIDE,RIGHT,0,0.0,,,-1.0,1.0,1.0,0.0,2.0,,20.25,17.25,20.75,18.75,PASS_BOUNDARY,
OUTER_SIDE,RIGHT,0,0.0,,,-1.0,1.0,1.0,1.0,2.0,,20.25,16.25,20.75,18.75,PASS_BOUNDARY,
OUTER_SIDE,RIGHT,0,0.0,,,-1.0,1.0,1.0,2.0,2.0,,20.25,15.25,20.75,18.75,PASS_BOUNDARY,
OUTER_SIDE,RIGHT,0,0.0,,,-1.0,1.0,2.0,0.0,2.0,,20.25,16.25,20.75,18.75,PASS_BOUNDARY,
OUTER_SIDE,RIGHT,0,0.0,,,-1.0,1.0,2.0,1.0,2.0,,20.25,15.25,20.75,18.75,PASS_BOUNDARY,
OUTER_SIDE,RIGHT,0,0.0,,,-1.0,1.0,2.0,2.0,2.0,,20.25,14.25,20.75,18.75,PASS_BOUNDARY,
OUTER_SIDE,RIGHT,0,0.0,,,0.0,-1.0,0.0,0.0,1.0,,20.25,19.25,20.75,19.75,PASS_BOUNDARY,
OUTER_SIDE,RIGHT,0,0.0,,,0.0,-1.0,0.0,1.0,1.0,,20.25,18.25,20.75,19.75,PASS_BOUNDARY,
OUTER_SIDE,RIGHT,0,0.0,,,0.0,-1.0,0.0,2.0,1.0,,20.25,17.25,20.75,19.75,PASS_BOUNDARY,
OUTER_SIDE,RIGHT,0,0.0,,,0.0,-1.0,1.0,0.0,1.0,,20.25,18.25,20.75,19.75,PASS_BOUNDARY,
OUTER_SIDE,RIGHT,0,0.0,,,0.0,-1.0,1.0,1.0,1.0,,20.25,17.25,20.75,19.75,PASS_BOUNDARY,
OUTER_SIDE,RIGHT,0,0.0,,,0.0,-1.0,1.0,2.0,1.0,,20.25,16.25,20.75,19.75,PASS_BOUNDARY,
OUTER_SIDE,RIGHT,0,0.0,,,0.0,-1.0,2.0,0.0,1.0,,20.25,17.25,20.75,19.75,PASS_BOUNDARY,
OUTER_SIDE,RIGHT,0,0.0,,,0.0,-1.0,2.0,1.0,1.0,,20.25,16.25,20.75,19.75,PASS_BOUNDARY,
OUTER_SIDE,RIGHT,0,0.0,,,0.0,-1.0,2.0,2.0,1.0,,20.25,15.25,20.75,19.75,PASS_BOUNDARY,
OUTER_SIDE,RIGHT,0,0.0,,,0.0,0.0,0.0,0.0,0.0,,20.25,20.25,20.75,20.75,PASS_BOUNDARY,
OUTER_SIDE,RIGHT,0,0.0,,,0.0,0.0,0.0,1.0,0.0,,20.25,19.25,20.75,20.75,PASS_BOUNDARY,
OUTER_SIDE,RIGHT,0,0.0,,,0.0,0.0,0.0,2.0,0.0,,20.25,18.25,20.75,20.75,PASS_BOUNDARY,
OUTER_SIDE,RIGHT,0,0.0,,,0.0,0.0,1.0,0.0,0.0,,20.25,19.25,20.75,20.75,PASS_BOUNDARY,
OUTER_SIDE,RIGHT,0,0.0,,,0.0,0.0,1.0,1.0,0.0,,20.25,18.25,20.75,20.75,PASS_BOUNDARY,
OUTER_SIDE,RIGHT,0,0.0,,,0.0,0.0,1.0,2.0,0.0,,20.25,17.25,20.75,20.75,PASS_BOUNDARY,
OUTER_SIDE,RIGHT,0,0.0,,,0.0,0.0,2.0,0.0,0.0,,20.25,18.25,20.75,20.75,PASS_BOUNDARY,
OUTER_SIDE,RIGHT,0,0.0,,,0.0,0.0,2.0,1.0,0.0,,20.25,17.25,20.75,20.75,PASS_BOUNDARY,
OUTER_SIDE,RIGHT,0,0.0,,,0.0,0.0,2.0,2.0,0.0,,20.25,16.25,20.75,20.75,PASS_BOUNDARY,
OUTER_SIDE,RIGHT,0,0.0,,,0.0,1.0,0.0,0.0,1.0,,20.25,19.25,20.75,19.75,PASS_BOUNDARY,
OUTER_SIDE,RIGHT,0,0.0,,,0.0,1.0,0.0,1.0,1.0,,20.25,18.25,20.75,19.75,PASS_BOUNDARY,
OUTER_SIDE,RIGHT,0,0.0,,,0.0,1.0,0.0,2.0,1.0,,20.25,17.25,20.75,19.75,PASS_BOUNDARY,
OUTER_SIDE,RIGHT,0,0.0,,,0.0,1.0,1.0,0.0,1.0,,20.25,18.25,20.75,19.75,PASS_BOUNDARY,
OUTER_SIDE,RIGHT,0,0.0,,,0.0,1.0,1.0,1.0,1.0,,20.25,17.25,20.75,19.75,PASS_BOUNDARY,
OUTER_SIDE,RIGHT,0,0.0,,,0.0,1.0,1.0,2.0,1.0,,20.25,16.25,20.75,19.75,PASS_BOUNDARY,
OUTER_SIDE,RIGHT,0,0.0,,,0.0,1.0,2.0,0.0,1.0,,20.25,17.25,20.75,19.75,PASS_BOUNDARY,
OUTER_SIDE,RIGHT,0,0.0,,,0.0,1.0,2.0,1.0,1.0,,20.25,16.25,20.75,19.75,PASS_BOUNDARY,
OUTER_SIDE,RIGHT,0,0.0,,,0.0,1.0,2.0,2.0,1.0,,20.25,15.25,20.75,19.75,PASS_BOUNDARY,
OUTER_SIDE,RIGHT,0,0.0,,,1.0,-1.0,0.0,0.0,2.0,,20.25,18.25,20.75,18.75,PASS_BOUNDARY,
OUTER_SIDE,RIGHT,0,0.0,,,1.0,-1.0,0.0,1.0,2.0,,20.25,17.25,20.75,18.75,PASS_BOUNDARY,
OUTER_SIDE,RIGHT,0,0.0,,,1.0,-1.0,0.0,2.0,2.0,,20.25,16.25,20.75,18.75,PASS_BOUNDARY,
OUTER_SIDE,RIGHT,0,0.0,,,1.0,-1.0,1.0,0.0,2.0,,20.25,17.25,20.75,18.75,PASS_BOUNDARY,
OUTER_SIDE,RIGHT,0,0.0,,,1.0,-1.0,1.0,1.0,2.0,,20.25,16.25,20.75,18.75,PASS_BOUNDARY,
OUTER_SIDE,RIGHT,0,0.0,,,1.0,-1.0,1.0,2.0,2.0,,20.25,15.25,20.75,18.75,PASS_BOUNDARY,
OUTER_SIDE,RIGHT,0,0.0,,,1.0,-1.0,2.0,0.0,2.0,,20.25,16.25,20.75,18.75,PASS_BOUNDARY,
OUTER_SIDE,RIGHT,0,0.0,,,1.0,-1.0,2.0,1.0,2.0,,20.25,15.25,20.75,18.75,PASS_BOUNDARY,
OUTER_SIDE,RIGHT,0,0.0,,,1.0,-1.0,2.0,2.0,2.0,,20.25,14.25,20.75,18.75,PASS_BOUNDARY,
OUTER_SIDE,RIGHT,0,0.0,,,1.0,0.0,0.0,0.0,1.0,,20.25,19.25,20.75,19.75,PASS_BOUNDARY,
OUTER_SIDE,RIGHT,0,0.0,,,1.0,0.0,0.0,1.0,1.0,,20.25,18.25,20.75,19.75,PASS_BOUNDARY,
OUTER_SIDE,RIGHT,0,0.0,,,1.0,0.0,0.0,2.0,1.0,,20.25,17.25,20.75,19.75,PASS_BOUNDARY,
OUTER_SIDE,RIGHT,0,0.0,,,1.0,0.0,1.0,0.0,1.0,,20.25,18.25,20.75,19.75,PASS_BOUNDARY,
OUTER_SIDE,RIGHT,0,0.0,,,1.0,0.0,1.0,1.0,1.0,,20.25,17.25,20.75,19.75,PASS_BOUNDARY,
OUTER_SIDE,RIGHT,0,0.0,,,1.0,0.0,1.0,2.0,1.0,,20.25,16.25,20.75,19.75,PASS_BOUNDARY,
OUTER_SIDE,RIGHT,0,0.0,,,1.0,0.0,2.0,0.0,1.0,,20.25,17.25,20.75,19.75,PASS_BOUNDARY,
OUTER_SIDE,RIGHT,0,0.0,,,1.0,0.0,2.0,1.0,1.0,,20.25,16.25,20.75,19.75,PASS_BOUNDARY,
OUTER_SIDE,RIGHT,0,0.0,,,1.0,0.0,2.0,2.0,1.0,,20.25,15.25,20.75,19.75,PASS_BOUNDARY,
OUTER_SIDE,RIGHT,0,0.0,,,1.0,1.0,0.0,0.0,0.0,,20.25,20.25,20.75,20.75,PASS_BOUNDARY,
OUTER_SIDE,RIGHT,0,0.0,,,1.0,1.0,0.0,1.0,0.0,,20.25,19.25,20.75,20.75,PASS_BOUNDARY,
OUTER_SIDE,RIGHT,0,0.0,,,1.0,1.0,0.0,2.0,0.0,,20.25,18.25,20.75,20.75,PASS_BOUNDARY,
OUTER_SIDE,RIGHT,0,0.0,,,1.0,1.0,1.0,0.0,0.0,,20.25,19.25,20.75,20.75,PASS_BOUNDARY,
OUTER_SIDE,RIGHT,0,0.0,,,1.0,1.0,1.0,1.0,0.0,,20.25,18.25,20.75,20.75,PASS_BOUNDARY,
OUTER_SIDE,RIGHT,0,0.0,,,1.0,1.0,1.0,2.0,0.0,,20.25,17.25,20.75,20.75,PASS_BOUNDARY,
OUTER_SIDE,RIGHT,0,0.0,,,1.0,1.0,2.0,0.0,0.0,,20.25,18.25,20.75,20.75,PASS_BOUNDARY,
OUTER_SIDE,RIGHT,0,0.0,,,1.0,1.0,2.0,1.0,0.0,,20.25,17.25,20.75,20.75,PASS_BOUNDARY,
OUTER_SIDE,RIGHT,0,0.0,,,1.0,1.0,2.0,2.0,0.0,,20.25,16.25,20.75,20.75,PASS_BOUNDARY,
OUTER_SIDE,RIGHT,0,0.5,,,-1.0,-1.0,0.0,0.0,0.0,,20.25,20.25,20.75,20.25,PASS_BOUNDARY,
OUTER_SIDE,RIGHT,0,0.5,,,-1.0,-1.0,0.0,1.0,0.0,,20.25,19.25,20.75,20.25,PASS_BOUNDARY,
OUTER_SIDE,RIGHT,0,0.5,,,-1.0,-1.0,0.0,2.0,0.0,,20.25,18.25,20.75,20.25,PASS_BOUNDARY,
OUTER_SIDE,RIGHT,0,0.5,,,-1.0,-1.0,1.0,0.0,0.0,,20.25,19.25,20.75,20.25,PASS_BOUNDARY,
OUTER_SIDE,RIGHT,0,0.5,,,-1.0,-1.0,1.0,1.0,0.0,,20.25,18.25,20.75,20.25,PASS_BOUNDARY,
OUTER_SIDE,RIGHT,0,0.5,,,-1.0,-1.0,1.0,2.0,0.0,,20.25,17.25,20.75,20.25,PASS_BOUNDARY,
OUTER_SIDE,RIGHT,0,0.5,,,-1.0,-1.0,2.0,0.0,0.0,,20.25,18.25,20.75,20.25,PASS_BOUNDARY,
OUTER_SIDE,RIGHT,0,0.5,,,-1.0,-1.0,2.0,1.0,0.0,,20.25,17.25,20.75,20.25,PASS_BOUNDARY,
OUTER_SIDE,RIGHT,0,0.5,,,-1.0,-1.0,2.0,2.0,0.0,,20.25,16.25,20.75,20.25,PASS_BOUNDARY,
OUTER_SIDE,RIGHT,0,0.5,,,-1.0,0.0,0.0,0.0,1.0,,20.25,19.25,20.75,19.25,PASS_BOUNDARY,
OUTER_SIDE,RIGHT,0,0.5,,,-1.0,0.0,0.0,1.0,1.0,,20.25,18.25,20.75,19.25,PASS_BOUNDARY,
OUTER_SIDE,RIGHT,0,0.5,,,-1.0,0.0,0.0,2.0,1.0,,20.25,17.25,20.75,19.25,PASS_BOUNDARY,
OUTER_SIDE,RIGHT,0,0.5,,,-1.0,0.0,1.0,0.0,1.0,,20.25,18.25,20.75,19.25,PASS_BOUNDARY,
OUTER_SIDE,RIGHT,0,0.5,,,-1.0,0.0,1.0,1.0,1.0,,20.25,17.25,20.75,19.25,PASS_BOUNDARY,
OUTER_SIDE,RIGHT,0,0.5,,,-1.0,0.0,1.0,2.0,1.0,,20.25,16.25,20.75,19.25,PASS_BOUNDARY,
OUTER_SIDE,RIGHT,0,0.5,,,-1.0,0.0,2.0,0.0,1.0,,20.25,17.25,20.75,19.25,PASS_BOUNDARY,
OUTER_SIDE,RIGHT,0,0.5,,,-1.0,0.0,2.0,1.0,1.0,,20.25,16.25,20.75,19.25,PASS_BOUNDARY,
OUTER_SIDE,RIGHT,0,0.5,,,-1.0,0.0,2.0,2.0,1.0,,20.25,15.25,20.75,19.25,PASS_BOUNDARY,
OUTER_SIDE,RIGHT,0,0.5,,,-1.0,1.0,0.0,0.0,2.0,,20.25,18.25,20.75,18.25,PASS_BOUNDARY,
OUTER_SIDE,RIGHT,0,0.5,,,-1.0,1.0,0.0,1.0,2.0,,20.25,17.25,20.75,18.25,PASS_BOUNDARY,
OUTER_SIDE,RIGHT,0,0.5,,,-1.0,1.0,0.0,2.0,2.0,,20.25,16.25,20.75,18.25,PASS_BOUNDARY,
OUTER_SIDE,RIGHT,0,0.5,,,-1.0,1.0,1.0,0.0,2.0,,20.25,17.25,20.75,18.25,PASS_BOUNDARY,
OUTER_SIDE,RIGHT,0,0.5,,,-1.0,1.0,1.0,1.0,2.0,,20.25,16.25,20.75,18.25,PASS_BOUNDARY,
OUTER_SIDE,RIGHT,0,0.5,,,-1.0,1.0,1.0,2.0,2.0,,20.25,15.25,20.75,18.25,PASS_BOUNDARY,
OUTER_SIDE,RIGHT,0,0.5,,,-1.0,1.0,2.0,0.0,2.0,,20.25,16.25,20.75,18.25,PASS_BOUNDARY,
OUTER_SIDE,RIGHT,0,0.5,,,-1.0,1.0,2.0,1.0,2.0,,20.25,15.25,20.75,18.25,PASS_BOUNDARY,
OUTER_SIDE,RIGHT,0,0.5,,,-1.0,1.0,2.0,2.0,2.0,,20.25,14.25,20.75,18.25,PASS_BOUNDARY,
OUTER_SIDE,RIGHT,0,0.5,,,0.0,-1.0,0.0,0.0,1.0,,20.25,19.25,20.75,19.25,PASS_BOUNDARY,
OUTER_SIDE,RIGHT,0,0.5,,,0.0,-1.0,0.0,1.0,1.0,,20.25,18.25,20.75,19.25,PASS_BOUNDARY,
OUTER_SIDE,RIGHT,0,0.5,,,0.0,-1.0,0.0,2.0,1.0,,20.25,17.25,20.75,19.25,PASS_BOUNDARY,
OUTER_SIDE,RIGHT,0,0.5,,,0.0,-1.0,1.0,0.0,1.0,,20.25,18.25,20.75,19.25,PASS_BOUNDARY,
OUTER_SIDE,RIGHT,0,0.5,,,0.0,-1.0,1.0,1.0,1.0,,20.25,17.25,20.75,19.25,PASS_BOUNDARY,
OUTER_SIDE,RIGHT,0,0.5,,,0.0,-1.0,1.0,2.0,1.0,,20.25,16.25,20.75,19.25,PASS_BOUNDARY,
OUTER_SIDE,RIGHT,0,0.5,,,0.0,-1.0,2.0,0.0,1.0,,20.25,17.25,20.75,19.25,PASS_BOUNDARY,
OUTER_SIDE,RIGHT,0,0.5,,,0.0,-1.0,2.0,1.0,1.0,,20.25,16.25,20.75,19.25,PASS_BOUNDARY,
OUTER_SIDE,RIGHT,0,0.5,,,0.0,-1.0,2.0,2.0,1.0,,20.25,15.25,20.75,19.25,PASS_BOUNDARY,
OUTER_SIDE,RIGHT,0,0.5,,,0.0,0.0,0.0,0.0,0.0,,20.25,20.25,20.75,20.25,PASS_BOUNDARY,
OUTER_SIDE,RIGHT,0,0.5,,,0.0,0.0,0.0,1.0,0.0,,20.25,19.25,20.75,20.25,PASS_BOUNDARY,
OUTER_SIDE,RIGHT,0,0.5,,,0.0,0.0,0.0,2.0,0.0,,20.25,18.25,20.75,20.25,PASS_BOUNDARY,
OUTER_SIDE,RIGHT,0,0.5,,,0.0,0.0,1.0,0.0,0.0,,20.25,19.25,20.75,20.25,PASS_BOUNDARY,
OUTER_SIDE,RIGHT,0,0.5,,,0.0,0.0,1.0,1.0,0.0,,20.25,18.25,20.75,20.25,PASS_BOUNDARY,
OUTER_SIDE,RIGHT,0,0.5,,,0.0,0.0,1.0,2.0,0.0,,20.25,17.25,20.75,20.25,PASS_BOUNDARY,
OUTER_SIDE,RIGHT,0,0.5,,,0.0,0.0,2.0,0.0,0.0,,20.25,18.25,20.75,20.25,PASS_BOUNDARY,
OUTER_SIDE,RIGHT,0,0.5,,,0.0,0.0,2.0,1.0,0.0,,20.25,17.25,20.75,20.25,PASS_BOUNDARY,
OUTER_SIDE,RIGHT,0,0.5,,,0.0,0.0,2.0,2.0,0.0,,20.25,16.25,20.75,20.25,PASS_BOUNDARY,
OUTER_SIDE,RIGHT,0,0.5,,,0.0,1.0,0.0,0.0,1.0,,20.25,19.25,20.75,19.25,PASS_BOUNDARY,
OUTER_SIDE,RIGHT,0,0.5,,,0.0,1.0,0.0,1.0,1.0,,20.25,18.25,20.75,19.25,PASS_BOUNDARY,
OUTER_SIDE,RIGHT,0,0.5,,,0.0,1.0,0.0,2.0,1.0,,20.25,17.25,20.75,19.25,PASS_BOUNDARY,
OUTER_SIDE,RIGHT,0,0.5,,,0.0,1.0,1.0,0.0,1.0,,20.25,18.25,20.75,19.25,PASS_BOUNDARY,
OUTER_SIDE,RIGHT,0,0.5,,,0.0,1.0,1.0,1.0,1.0,,20.25,17.25,20.75,19.25,PASS_BOUNDARY,
OUTER_SIDE,RIGHT,0,0.5,,,0.0,1.0,1.0,2.0,1.0,,20.25,16.25,20.75,19.25,PASS_BOUNDARY,
OUTER_SIDE,RIGHT,0,0.5,,,0.0,1.0,2.0,0.0,1.0,,20.25,17.25,20.75,19.25,PASS_BOUNDARY,
OUTER_SIDE,RIGHT,0,0.5,,,0.0,1.0,2.0,1.0,1.0,,20.25,16.25,20.75,19.25,PASS_BOUNDARY,
OUTER_SIDE,RIGHT,0,0.5,,,0.0,1.0,2.0,2.0,1.0,,20.25,15.25,20.75,19.25,PASS_BOUNDARY,
OUTER_SIDE,RIGHT,0,0.5,,,1.0,-1.0,0.0,0.0,2.0,,20.25,18.25,20.75,18.25,PASS_BOUNDARY,
OUTER_SIDE,RIGHT,0,0.5,,,1.0,-1.0,0.0,1.0,2.0,,20.25,17.25,20.75,18.25,PASS_BOUNDARY,
OUTER_SIDE,RIGHT,0,0.5,,,1.0,-1.0,0.0,2.0,2.0,,20.25,16.25,20.75,18.25,PASS_BOUNDARY,
OUTER_SIDE,RIGHT,0,0.5,,,1.0,-1.0,1.0,0.0,2.0,,20.25,17.25,20.75,18.25,PASS_BOUNDARY,
OUTER_SIDE,RIGHT,0,0.5,,,1.0,-1.0,1.0,1.0,2.0,,20.25,16.25,20.75,18.25,PASS_BOUNDARY,
OUTER_SIDE,RIGHT,0,0.5,,,1.0,-1.0,1.0,2.0,2.0,,20.25,15.25,20.75,18.25,PASS_BOUNDARY,
OUTER_SIDE,RIGHT,0,0.5,,,1.0,-1.0,2.0,0.0,2.0,,20.25,16.25,20.75,18.25,PASS_BOUNDARY,
OUTER_SIDE,RIGHT,0,0.5,,,1.0,-1.0,2.0,1.0,2.0,,20.25,15.25,20.75,18.25,PASS_BOUNDARY,
OUTER_SIDE,RIGHT,0,0.5,,,1.0,-1.0,2.0,2.0,2.0,,20.25,14.25,20.75,18.25,PASS_BOUNDARY,
OUTER_SIDE,RIGHT,0,0.5,,,1.0,0.0,0.0,0.0,1.0,,20.25,19.25,20.75,19.25,PASS_BOUNDARY,
OUTER_SIDE,RIGHT,0,0.5,,,1.0,0.0,0.0,1.0,1.0,,20.25,18.25,20.75,19.25,PASS_BOUNDARY,
OUTER_SIDE,RIGHT,0,0.5,,,1.0,0.0,0.0,2.0,1.0,,20.25,17.25,20.75,19.25,PASS_BOUNDARY,
OUTER_SIDE,RIGHT,0,0.5,,,1.0,0.0,1.0,0.0,1.0,,20.25,18.25,20.75,19.25,PASS_BOUNDARY,
OUTER_SIDE,RIGHT,0,0.5,,,1.0,0.0,1.0,1.0,1.0,,20.25,17.25,20.75,19.25,PASS_BOUNDARY,
OUTER_SIDE,RIGHT,0,0.5,,,1.0,0.0,1.0,2.0,1.0,,20.25,16.25,20.75,19.25,PASS_BOUNDARY,
OUTER_SIDE,RIGHT,0,0.5,,,1.0,0.0,2.0,0.0,1.0,,20.25,17.25,20.75,19.25,PASS_BOUNDARY,
OUTER_SIDE,RIGHT,0,0.5,,,1.0,0.0,2.0,1.0,1.0,,20.25,16.25,20.75,19.25,PASS_BOUNDARY,
OUTER_SIDE,RIGHT,0,0.5,,,1.0,0.0,2.0,2.0,1.0,,20.25,15.25,20.75,19.25,PASS_BOUNDARY,
OUTER_SIDE,RIGHT,0,0.5,,,1.0,1.0,0.0,0.0,0.0,,20.25,20.25,20.75,20.25,PASS_BOUNDARY,
OUTER_SIDE,RIGHT,0,0.5,,,1.0,1.0,0.0,1.0,0.0,,20.25,19.25,20.75,20.25,PASS_BOUNDARY,
OUTER_SIDE,RIGHT,0,0.5,,,1.0,1.0,0.0,2.0,0.0,,20.25,18.25,20.75,20.25,PASS_BOUNDARY,
OUTER_SIDE,RIGHT,0,0.5,,,1.0,1.0,1.0,0.0,0.0,,20.25,19.25,20.75,20.25,PASS_BOUNDARY,
OUTER_SIDE,RIGHT,0,0.5,,,1.0,1.0,1.0,1.0,0.0,,20.25,18.25,20.75,20.25,PASS_BOUNDARY,
OUTER_SIDE,RIGHT,0,0.5,,,1.0,1.0,1.0,2.0,0.0,,20.25,17.25,20.75,20.25,PASS_BOUNDARY,
OUTER_SIDE,RIGHT,0,0.5,,,1.0,1.0,2.0,0.0,0.0,,20.25,18.25,20.75,20.25,PASS_BOUNDARY,
OUTER_SIDE,RIGHT,0,0.5,,,1.0,1.0,2.0,1.0,0.0,,20.25,17.25,20.75,20.25,PASS_BOUNDARY,
OUTER_SIDE,RIGHT,0,0.5,,,1.0,1.0,2.0,2.0,0.0,,20.25,16.25,20.75,20.25,PASS_BOUNDARY,
OUTER_SIDE,RIGHT,0,1.0,,,-1.0,-1.0,0.0,0.0,0.0,,20.25,20.25,20.75,19.75,PASS_BOUNDARY,
OUTER_SIDE,RIGHT,0,1.0,,,-1.0,-1.0,0.0,1.0,0.0,,20.25,19.25,20.75,19.75,PASS_BOUNDARY,
OUTER_SIDE,RIGHT,0,1.0,,,-1.0,-1.0,0.0,2.0,0.0,,20.25,18.25,20.75,19.75,PASS_BOUNDARY,
OUTER_SIDE,RIGHT,0,1.0,,,-1.0,-1.0,1.0,0.0,0.0,,20.25,19.25,20.75,19.75,PASS_BOUNDARY,
OUTER_SIDE,RIGHT,0,1.0,,,-1.0,-1.0,1.0,1.0,0.0,,20.25,18.25,20.75,19.75,PASS_BOUNDARY,
OUTER_SIDE,RIGHT,0,1.0,,,-1.0,-1.0,1.0,2.0,0.0,,20.25,17.25,20.75,19.75,PASS_BOUNDARY,
OUTER_SIDE,RIGHT,0,1.0,,,-1.0,-1.0,2.0,0.0,0.0,,20.25,18.25,20.75,19.75,PASS_BOUNDARY,
OUTER_SIDE,RIGHT,0,1.0,,,-1.0,-1.0,2.0,1.0,0.0,,20.25,17.25,20.75,19.75,PASS_BOUNDARY,
OUTER_SIDE,RIGHT,0,1.0,,,-1.0,-1.0,2.0,2.0,0.0,,20.25,16.25,20.75,19.75,PASS_BOUNDARY,
OUTER_SIDE,RIGHT,0,1.0,,,-1.0,0.0,0.0,0.0,1.0,,20.25,19.25,20.75,18.75,PASS_BOUNDARY,
OUTER_SIDE,RIGHT,0,1.0,,,-1.0,0.0,0.0,1.0,1.0,,20.25,18.25,20.75,18.75,PASS_BOUNDARY,
OUTER_SIDE,RIGHT,0,1.0,,,-1.0,0.0,0.0,2.0,1.0,,20.25,17.25,20.75,18.75,PASS_BOUNDARY,
OUTER_SIDE,RIGHT,0,1.0,,,-1.0,0.0,1.0,0.0,1.0,,20.25,18.25,20.75,18.75,PASS_BOUNDARY,
OUTER_SIDE,RIGHT,0,1.0,,,-1.0,0.0,1.0,1.0,1.0,,20.25,17.25,20.75,18.75,PASS_BOUNDARY,
OUTER_SIDE,RIGHT,0,1.0,,,-1.0,0.0,1.0,2.0,1.0,,20.25,16.25,20.75,18.75,PASS_BOUNDARY,
OUTER_SIDE,RIGHT,0,1.0,,,-1.0,0.0,2.0,0.0,1.0,,20.25,17.25,20.75,18.75,PASS_BOUNDARY,
OUTER_SIDE,RIGHT,0,1.0,,,-1.0,0.0,2.0,1.0,1.0,,20.25,16.25,20.75,18.75,PASS_BOUNDARY,
OUTER_SIDE,RIGHT,0,1.0,,,-1.0,0.0,2.0,2.0,1.0,,20.25,15.25,20.75,18.75,PASS_BOUNDARY,
OUTER_SIDE,RIGHT,0,1.0,,,-1.0,1.0,0.0,0.0,2.0,,20.25,18.25,20.75,17.75,PASS_BOUNDARY,
OUTER_SIDE,RIGHT,0,1.0,,,-1.0,1.0,0.0,1.0,2.0,,20.25,17.25,20.75,17.75,PASS_BOUNDARY,
OUTER_SIDE,RIGHT,0,1.0,,,-1.0,1.0,0.0,2.0,2.0,,20.25,16.25,20.75,17.75,PASS_BOUNDARY,
OUTER_SIDE,RIGHT,0,1.0,,,-1.0,1.0,1.0,0.0,2.0,,20.25,17.25,20.75,17.75,PASS_BOUNDARY,
OUTER_SIDE,RIGHT,0,1.0,,,-1.0,1.0,1.0,1.0,2.0,,20.25,16.25,20.75,17.75,PASS_BOUNDARY,
OUTER_SIDE,RIGHT,0,1.0,,,-1.0,1.0,1.0,2.0,2.0,,20.25,15.25,20.75,17.75,PASS_BOUNDARY,
OUTER_SIDE,RIGHT,0,1.0,,,-1.0,1.0,2.0,0.0,2.0,,20.25,16.25,20.75,17.75,PASS_BOUNDARY,
OUTER_SIDE,RIGHT,0,1.0,,,-1.0,1.0,2.0,1.0,2.0,,20.25,15.25,20.75,17.75,PASS_BOUNDARY,
OUTER_SIDE,RIGHT,0,1.0,,,-1.0,1.0,2.0,2.0,2.0,,20.25,14.25,20.75,17.75,PASS_BOUNDARY,
OUTER_SIDE,RIGHT,0,1.0,,,0.0,-1.0,0.0,0.0,1.0,,20.25,19.25,20.75,18.75,PASS_BOUNDARY,
OUTER_SIDE,RIGHT,0,1.0,,,0.0,-1.0,0.0,1.0,1.0,,20.25,18.25,20.75,18.75,PASS_BOUNDARY,
OUTER_SIDE,RIGHT,0,1.0,,,0.0,-1.0,0.0,2.0,1.0,,20.25,17.25,20.75,18.75,PASS_BOUNDARY,
OUTER_SIDE,RIGHT,0,1.0,,,0.0,-1.0,1.0,0.0,1.0,,20.25,18.25,20.75,18.75,PASS_BOUNDARY,
OUTER_SIDE,RIGHT,0,1.0,,,0.0,-1.0,1.0,1.0,1.0,,20.25,17.25,20.75,18.75,PASS_BOUNDARY,
OUTER_SIDE,RIGHT,0,1.0,,,0.0,-1.0,1.0,2.0,1.0,,20.25,16.25,20.75,18.75,PASS_BOUNDARY,
OUTER_SIDE,RIGHT,0,1.0,,,0.0,-1.0,2.0,0.0,1.0,,20.25,17.25,20.75,18.75,PASS_BOUNDARY,
OUTER_SIDE,RIGHT,0,1.0,,,0.0,-1.0,2.0,1.0,1.0,,20.25,16.25,20.75,18.75,PASS_BOUNDARY,
OUTER_SIDE,RIGHT,0,1.0,,,0.0,-1.0,2.0,2.0,1.0,,20.25,15.25,20.75,18.75,PASS_BOUNDARY,
OUTER_SIDE,RIGHT,0,1.0,,,0.0,0.0,0.0,0.0,0.0,,20.25,20.25,20.75,19.75,PASS_BOUNDARY,
OUTER_SIDE,RIGHT,0,1.0,,,0.0,0.0,0.0,1.0,0.0,,20.25,19.25,20.75,19.75,PASS_BOUNDARY,
OUTER_SIDE,RIGHT,0,1.0,,,0.0,0.0,0.0,2.0,0.0,,20.25,18.25,20.75,19.75,PASS_BOUNDARY,
OUTER_SIDE,RIGHT,0,1.0,,,0.0,0.0,1.0,0.0,0.0,,20.25,19.25,20.75,19.75,PASS_BOUNDARY,
OUTER_SIDE,RIGHT,0,1.0,,,0.0,0.0,1.0,1.0,0.0,,20.25,18.25,20.75,19.75,PASS_BOUNDARY,
OUTER_SIDE,RIGHT,0,1.0,,,0.0,0.0,1.0,2.0,0.0,,20.25,17.25,20.75,19.75,PASS_BOUNDARY,
OUTER_SIDE,RIGHT,0,1.0,,,0.0,0.0,2.0,0.0,0.0,,20.25,18.25,20.75,19.75,PASS_BOUNDARY,
OUTER_SIDE,RIGHT,0,1.0,,,0.0,0.0,2.0,1.0,0.0,,20.25,17.25,20.75,19.75,PASS_BOUNDARY,
OUTER_SIDE,RIGHT,0,1.0,,,0.0,0.0,2.0,2.0,0.0,,20.25,16.25,20.75,19.75,PASS_BOUNDARY,
OUTER_SIDE,RIGHT,0,1.0,,,0.0,1.0,0.0,0.0,1.0,,20.25,19.25,20.75,18.75,PASS_BOUNDARY,
OUTER_SIDE,RIGHT,0,1.0,,,0.0,1.0,0.0,1.0,1.0,,20.25,18.25,20.75,18.75,PASS_BOUNDARY,
OUTER_SIDE,RIGHT,0,1.0,,,0.0,1.0,0.0,2.0,1.0,,20.25,17.25,20.75,18.75,PASS_BOUNDARY,
OUTER_SIDE,RIGHT,0,1.0,,,0.0,1.0,1.0,0.0,1.0,,20.25,18.25,20.75,18.75,PASS_BOUNDARY,
OUTER_SIDE,RIGHT,0,1.0,,,0.0,1.0,1.0,1.0,1.0,,20.25,17.25,20.75,18.75,PASS_BOUNDARY,
OUTER_SIDE,RIGHT,0,1.0,,,0.0,1.0,1.0,2.0,1.0,,20.25,16.25,20.75,18.75,PASS_BOUNDARY,
OUTER_SIDE,RIGHT,0,1.0,,,0.0,1.0,2.0,0.0,1.0,,20.25,17.25,20.75,18.75,PASS_BOUNDARY,
OUTER_SIDE,RIGHT,0,1.0,,,0.0,1.0,2.0,1.0,1.0,,20.25,16.25,20.75,18.75,PASS_BOUNDARY,
OUTER_SIDE,RIGHT,0,1.0,,,0.0,1.0,2.0,2.0,1.0,,20.25,15.25,20.75,18.75,PASS_BOUNDARY,
OUTER_SIDE,RIGHT,0,1.0,,,1.0,-1.0,0.0,0.0,2.0,,20.25,18.25,20.75,17.75,PASS_BOUNDARY,
OUTER_SIDE,RIGHT,0,1.0,,,1.0,-1.0,0.0,1.0,2.0,,20.25,17.25,20.75,17.75,PASS_BOUNDARY,
OUTER_SIDE,RIGHT,0,1.0,,,1.0,-1.0,0.0,2.0,2.0,,20.25,16.25,20.75,17.75,PASS_BOUNDARY,
OUTER_SIDE,RIGHT,0,1.0,,,1.0,-1.0,1.0,0.0,2.0,,20.25,17.25,20.75,17.75,PASS_BOUNDARY,
OUTER_SIDE,RIGHT,0,1.0,,,1.0,-1.0,1.0,1.0,2.0,,20.25,16.25,20.75,17.75,PASS_BOUNDARY,
OUTER_SIDE,RIGHT,0,1.0,,,1.0,-1.0,1.0,2.0,2.0,,20.25,15.25,20.75,17.75,PASS_BOUNDARY,
OUTER_SIDE,RIGHT,0,1.0,,,1.0,-1.0,2.0,0.0,2.0,,20.25,16.25,20.75,17.75,PASS_BOUNDARY,
OUTER_SIDE,RIGHT,0,1.0,,,1.0,-1.0,2.0,1.0,2.0,,20.25,15.25,20.75,17.75,PASS_BOUNDARY,
OUTER_SIDE,RIGHT,0,1.0,,,1.0,-1.0,2.0,2.0,2.0,,20.25,14.25,20.75,17.75,PASS_BOUNDARY,
OUTER_SIDE,RIGHT,0,1.0,,,1.0,0.0,0.0,0.0,1.0,,20.25,19.25,20.75,18.75,PASS_BOUNDARY,
OUTER_SIDE,RIGHT,0,1.0,,,1.0,0.0,0.0,1.0,1.0,,20.25,18.25,20.75,18.75,PASS_BOUNDARY,
OUTER_SIDE,RIGHT,0,1.0,,,1.0,0.0,0.0,2.0,1.0,,20.25,17.25,20.75,18.75,PASS_BOUNDARY,
OUTER_SIDE,RIGHT,0,1.0,,,1.0,0.0,1.0,0.0,1.0,,20.25,18.25,20.75,18.75,PASS_BOUNDARY,
OUTER_SIDE,RIGHT,0,1.0,,,1.0,0.0,1.0,1.0,1.0,,20.25,17.25,20.75,18.75,PASS_BOUNDARY,
OUTER_SIDE,RIGHT,0,1.0,,,1.0,0.0,1.0,2.0,1.0,,20.25,16.25,20.75,18.75,PASS_BOUNDARY,
OUTER_SIDE,RIGHT,0,1.0,,,1.0,0.0,2.0,0.0,1.0,,20.25,17.25,20.75,18.75,PASS_BOUNDARY,
OUTER_SIDE,RIGHT,0,1.0,,,1.0,0.0,2.0,1.0,1.0,,20.25,16.25,20.75,18.75,PASS_BOUNDARY,
OUTER_SIDE,RIGHT,0,1.0,,,1.0,0.0,2.0,2.0,1.0,,20.25,15.25,20.75,18.75,PASS_BOUNDARY,
OUTER_SIDE,RIGHT,0,1.0,,,1.0,1.0,0.0,0.0,0.0,,20.25,20.25,20.75,19.75,PASS_BOUNDARY,
OUTER_SIDE,RIGHT,0,1.0,,,1.0,1.0,0.0,1.0,0.0,,20.25,19.25,20.75,19.75,PASS_BOUNDARY,
OUTER_SIDE,RIGHT,0,1.0,,,1.0,1.0,0.0,2.0,0.0,,20.25,18.25,20.75,19.75,PASS_BOUNDARY,
OUTER_SIDE,RIGHT,0,1.0,,,1.0,1.0,1.0,0.0,0.0,,20.25,19.25,20.75,19.75,PASS_BOUNDARY,
OUTER_SIDE,RIGHT,0,1.0,,,1.0,1.0,1.0,1.0,0.0,,20.25,18.25,20.75,19.75,PASS_BOUNDARY,
OUTER_SIDE,RIGHT,0,1.0,,,1.0,1.0,1.0,2.0,0.0,,20.25,17.25,20.75,19.75,PASS_BOUNDARY,
OUTER_SIDE,RIGHT,0,1.0,,,1.0,1.0,2.0,0.0,0.0,,20.25,18.25,20.75,19.75,PASS_BOUNDARY,
OUTER_SIDE,RIGHT,0,1.0,,,1.0,1.0,2.0,1.0,0.0,,20.25,17.25,20.75,19.75,PASS_BOUNDARY,
OUTER_SIDE,RIGHT,0,1.0,,,1.0,1.0,2.0,2.0,0.0,,20.25,16.25,20.75,19.75,PASS_BOUNDARY,
OUTER_SIDE,RIGHT,0,1.5,,,-1.0,-1.0,0.0,0.0,0.0,,20.25,20.25,20.75,19.25,PASS_BOUNDARY,
OUTER_SIDE,RIGHT,0,1.5,,,-1.0,-1.0,0.0,1.0,0.0,,20.25,19.25,20.75,19.25,PASS_BOUNDARY,
OUTER_SIDE,RIGHT,0,1.5,,,-1.0,-1.0,0.0,2.0,0.0,,20.25,18.25,20.75,19.25,PASS_BOUNDARY,
OUTER_SIDE,RIGHT,0,1.5,,,-1.0,-1.0,1.0,0.0,0.0,,20.25,19.25,20.75,19.25,PASS_BOUNDARY,
OUTER_SIDE,RIGHT,0,1.5,,,-1.0,-1.0,1.0,1.0,0.0,,20.25,18.25,20.75,19.25,PASS_BOUNDARY,
OUTER_SIDE,RIGHT,0,1.5,,,-1.0,-1.0,1.0,2.0,0.0,,20.25,17.25,20.75,19.25,PASS_BOUNDARY,
OUTER_SIDE,RIGHT,0,1.5,,,-1.0,-1.0,2.0,0.0,0.0,,20.25,18.25,20.75,19.25,PASS_BOUNDARY,
OUTER_SIDE,RIGHT,0,1.5,,,-1.0,-1.0,2.0,1.0,0.0,,20.25,17.25,20.75,19.25,PASS_BOUNDARY,
OUTER_SIDE,RIGHT,0,1.5,,,-1.0,-1.0,2.0,2.0,0.0,,20.25,16.25,20.75,19.25,PASS_BOUNDARY,
OUTER_SIDE,RIGHT,0,1.5,,,-1.0,0.0,0.0,0.0,1.0,,20.25,19.25,20.75,18.25,PASS_BOUNDARY,
OUTER_SIDE,RIGHT,0,1.5,,,-1.0,0.0,0.0,1.0,1.0,,20.25,18.25,20.75,18.25,PASS_BOUNDARY,
OUTER_SIDE,RIGHT,0,1.5,,,-1.0,0.0,0.0,2.0,1.0,,20.25,17.25,20.75,18.25,PASS_BOUNDARY,
OUTER_SIDE,RIGHT,0,1.5,,,-1.0,0.0,1.0,0.0,1.0,,20.25,18.25,20.75,18.25,PASS_BOUNDARY,
OUTER_SIDE,RIGHT,0,1.5,,,-1.0,0.0,1.0,1.0,1.0,,20.25,17.25,20.75,18.25,PASS_BOUNDARY,
OUTER_SIDE,RIGHT,0,1.5,,,-1.0,0.0,1.0,2.0,1.0,,20.25,16.25,20.75,18.25,PASS_BOUNDARY,
OUTER_SIDE,RIGHT,0,1.5,,,-1.0,0.0,2.0,0.0,1.0,,20.25,17.25,20.75,18.25,PASS_BOUNDARY,
OUTER_SIDE,RIGHT,0,1.5,,,-1.0,0.0,2.0,1.0,1.0,,20.25,16.25,20.75,18.25,PASS_BOUNDARY,
OUTER_SIDE,RIGHT,0,1.5,,,-1.0,0.0,2.0,2.0,1.0,,20.25,15.25,20.75,18.25,PASS_BOUNDARY,
OUTER_SIDE,RIGHT,0,1.5,,,-1.0,1.0,0.0,0.0,2.0,,20.25,18.25,20.75,17.25,PASS_BOUNDARY,
OUTER_SIDE,RIGHT,0,1.5,,,-1.0,1.0,0.0,1.0,2.0,,20.25,17.25,20.75,17.25,PASS_BOUNDARY,
OUTER_SIDE,RIGHT,0,1.5,,,-1.0,1.0,0.0,2.0,2.0,,20.25,16.25,20.75,17.25,PASS_BOUNDARY,
OUTER_SIDE,RIGHT,0,1.5,,,-1.0,1.0,1.0,0.0,2.0,,20.25,17.25,20.75,17.25,PASS_BOUNDARY,
OUTER_SIDE,RIGHT,0,1.5,,,-1.0,1.0,1.0,1.0,2.0,,20.25,16.25,20.75,17.25,PASS_BOUNDARY,
OUTER_SIDE,RIGHT,0,1.5,,,-1.0,1.0,1.0,2.0,2.0,,20.25,15.25,20.75,17.25,PASS_BOUNDARY,
OUTER_SIDE,RIGHT,0,1.5,,,-1.0,1.0,2.0,0.0,2.0,,20.25,16.25,20.75,17.25,PASS_BOUNDARY,
OUTER_SIDE,RIGHT,0,1.5,,,-1.0,1.0,2.0,1.0,2.0,,20.25,15.25,20.75,17.25,PASS_BOUNDARY,
OUTER_SIDE,RIGHT,0,1.5,,,-1.0,1.0,2.0,2.0,2.0,,20.25,14.25,20.75,17.25,PASS_BOUNDARY,
OUTER_SIDE,RIGHT,0,1.5,,,0.0,-1.0,0.0,0.0,1.0,,20.25,19.25,20.75,18.25,PASS_BOUNDARY,
OUTER_SIDE,RIGHT,0,1.5,,,0.0,-1.0,0.0,1.0,1.0,,20.25,18.25,20.75,18.25,PASS_BOUNDARY,
OUTER_SIDE,RIGHT,0,1.5,,,0.0,-1.0,0.0,2.0,1.0,,20.25,17.25,20.75,18.25,PASS_BOUNDARY,
OUTER_SIDE,RIGHT,0,1.5,,,0.0,-1.0,1.0,0.0,1.0,,20.25,18.25,20.75,18.25,PASS_BOUNDARY,
OUTER_SIDE,RIGHT,0,1.5,,,0.0,-1.0,1.0,1.0,1.0,,20.25,17.25,20.75,18.25,PASS_BOUNDARY,
OUTER_SIDE,RIGHT,0,1.5,,,0.0,-1.0,1.0,2.0,1.0,,20.25,16.25,20.75,18.25,PASS_BOUNDARY,
OUTER_SIDE,RIGHT,0,1.5,,,0.0,-1.0,2.0,0.0,1.0,,20.25,17.25,20.75,18.25,PASS_BOUNDARY,
OUTER_SIDE,RIGHT,0,1.5,,,0.0,-1.0,2.0,1.0,1.0,,20.25,16.25,20.75,18.25,PASS_BOUNDARY,
OUTER_SIDE,RIGHT,0,1.5,,,0.0,-1.0,2.0,2.0,1.0,,20.25,15.25,20.75,18.25,PASS_BOUNDARY,
OUTER_SIDE,RIGHT,0,1.5,,,0.0,0.0,0.0,0.0,0.0,,20.25,20.25,20.75,19.25,PASS_BOUNDARY,
OUTER_SIDE,RIGHT,0,1.5,,,0.0,0.0,0.0,1.0,0.0,,20.25,19.25,20.75,19.25,PASS_BOUNDARY,
OUTER_SIDE,RIGHT,0,1.5,,,0.0,0.0,0.0,2.0,0.0,,20.25,18.25,20.75,19.25,PASS_BOUNDARY,
OUTER_SIDE,RIGHT,0,1.5,,,0.0,0.0,1.0,0.0,0.0,,20.25,19.25,20.75,19.25,PASS_BOUNDARY,
OUTER_SIDE,RIGHT,0,1.5,,,0.0,0.0,1.0,1.0,0.0,,20.25,18.25,20.75,19.25,PASS_BOUNDARY,
OUTER_SIDE,RIGHT,0,1.5,,,0.0,0.0,1.0,2.0,0.0,,20.25,17.25,20.75,19.25,PASS_BOUNDARY,
OUTER_SIDE,RIGHT,0,1.5,,,0.0,0.0,2.0,0.0,0.0,,20.25,18.25,20.75,19.25,PASS_BOUNDARY,
OUTER_SIDE,RIGHT,0,1.5,,,0.0,0.0,2.0,1.0,0.0,,20.25,17.25,20.75,19.25,PASS_BOUNDARY,
OUTER_SIDE,RIGHT,0,1.5,,,0.0,0.0,2.0,2.0,0.0,,20.25,16.25,20.75,19.25,PASS_BOUNDARY,
OUTER_SIDE,RIGHT,0,1.5,,,0.0,1.0,0.0,0.0,1.0,,20.25,19.25,20.75,18.25,PASS_BOUNDARY,
OUTER_SIDE,RIGHT,0,1.5,,,0.0,1.0,0.0,1.0,1.0,,20.25,18.25,20.75,18.25,PASS_BOUNDARY,
OUTER_SIDE,RIGHT,0,1.5,,,0.0,1.0,0.0,2.0,1.0,,20.25,17.25,20.75,18.25,PASS_BOUNDARY,
OUTER_SIDE,RIGHT,0,1.5,,,0.0,1.0,1.0,0.0,1.0,,20.25,18.25,20.75,18.25,PASS_BOUNDARY,
OUTER_SIDE,RIGHT,0,1.5,,,0.0,1.0,1.0,1.0,1.0,,20.25,17.25,20.75,18.25,PASS_BOUNDARY,
OUTER_SIDE,RIGHT,0,1.5,,,0.0,1.0,1.0,2.0,1.0,,20.25,16.25,20.75,18.25,PASS_BOUNDARY,
OUTER_SIDE,RIGHT,0,1.5,,,0.0,1.0,2.0,0.0,1.0,,20.25,17.25,20.75,18.25,PASS_BOUNDARY,
OUTER_SIDE,RIGHT,0,1.5,,,0.0,1.0,2.0,1.0,1.0,,20.25,16.25,20.75,18.25,PASS_BOUNDARY,
OUTER_SIDE,RIGHT,0,1.5,,,0.0,1.0,2.0,2.0,1.0,,20.25,15.25,20.75,18.25,PASS_BOUNDARY,
OUTER_SIDE,RIGHT,0,1.5,,,1.0,-1.0,0.0,0.0,2.0,,20.25,18.25,20.75,17.25,PASS_BOUNDARY,
OUTER_SIDE,RIGHT,0,1.5,,,1.0,-1.0,0.0,1.0,2.0,,20.25,17.25,20.75,17.25,PASS_BOUNDARY,
OUTER_SIDE,RIGHT,0,1.5,,,1.0,-1.0,0.0,2.0,2.0,,20.25,16.25,20.75,17.25,PASS_BOUNDARY,
OUTER_SIDE,RIGHT,0,1.5,,,1.0,-1.0,1.0,0.0,2.0,,20.25,17.25,20.75,17.25,PASS_BOUNDARY,
OUTER_SIDE,RIGHT,0,1.5,,,1.0,-1.0,1.0,1.0,2.0,,20.25,16.25,20.75,17.25,PASS_BOUNDARY,
OUTER_SIDE,RIGHT,0,1.5,,,1.0,-1.0,1.0,2.0,2.0,,20.25,15.25,20.75,17.25,PASS_BOUNDARY,
OUTER_SIDE,RIGHT,0,1.5,,,1.0,-1.0,2.0,0.0,2.0,,20.25,16.25,20.75,17.25,PASS_BOUNDARY,
OUTER_SIDE,RIGHT,0,1.5,,,1.0,-1.0,2.0,1.0,2.0,,20.25,15.25,20.75,17.25,PASS_BOUNDARY,
OUTER_SIDE,RIGHT,0,1.5,,,1.0,-1.0,2.0,2.0,2.0,,20.25,14.25,20.75,17.25,PASS_BOUNDARY,
OUTER_SIDE,RIGHT,0,1.5,,,1.0,0.0,0.0,0.0,1.0,,20.25,19.25,20.75,18.25,PASS_BOUNDARY,
OUTER_SIDE,RIGHT,0,1.5,,,1.0,0.0,0.0,1.0,1.0,,20.25,18.25,20.75,18.25,PASS_BOUNDARY,
OUTER_SIDE,RIGHT,0,1.5,,,1.0,0.0,0.0,2.0,1.0,,20.25,17.25,20.75,18.25,PASS_BOUNDARY,
OUTER_SIDE,RIGHT,0,1.5,,,1.0,0.0,1.0,0.0,1.0,,20.25,18.25,20.75,18.25,PASS_BOUNDARY,
OUTER_SIDE,RIGHT,0,1.5,,,1.0,0.0,1.0,1.0,1.0,,20.25,17.25,20.75,18.25,PASS_BOUNDARY,
OUTER_SIDE,RIGHT,0,1.5,,,1.0,0.0,1.0,2.0,1.0,,20.25,16.25,20.75,18.25,PASS_BOUNDARY,
OUTER_SIDE,RIGHT,0,1.5,,,1.0,0.0,2.0,0.0,1.0,,20.25,17.25,20.75,18.25,PASS_BOUNDARY,
OUTER_SIDE,RIGHT,0,1.5,,,1.0,0.0,2.0,1.0,1.0,,20.25,16.25,20.75,18.25,PASS_BOUNDARY,
OUTER_SIDE,RIGHT,0,1.5,,,1.0,0.0,2.0,2.0,1.0,,20.25,15.25,20.75,18.25,PASS_BOUNDARY,
OUTER_SIDE,RIGHT,0,1.5,,,1.0,1.0,0.0,0.0,0.0,,20.25,20.25,20.75,19.25,PASS_BOUNDARY,
OUTER_SIDE,RIGHT,0,1.5,,,1.0,1.0,0.0,1.0,0.0,,20.25,19.25,20.75,19.25,PASS_BOUNDARY,
OUTER_SIDE,RIGHT,0,1.5,,,1.0,1.0,0.0,2.0,0.0,,20.25,18.25,20.75,19.25,PASS_BOUNDARY,
OUTER_SIDE,RIGHT,0,1.5,,,1.0,1.0,1.0,0.0,0.0,,20.25,19.25,20.75,19.25,PASS_BOUNDARY,
OUTER_SIDE,RIGHT,0,1.5,,,1.0,1.0,1.0,1.0,0.0,,20.25,18.25,20.75,19.25,PASS_BOUNDARY,
OUTER_SIDE,RIGHT,0,1.5,,,1.0,1.0,1.0,2.0,0.0,,20.25,17.25,20.75,19.25,PASS_BOUNDARY,
OUTER_SIDE,RIGHT,0,1.5,,,1.0,1.0,2.0,0.0,0.0,,20.25,18.25,20.75,19.25,PASS_BOUNDARY,
OUTER_SIDE,RIGHT,0,1.5,,,1.0,1.0,2.0,1.0,0.0,,20.25,17.25,20.75,19.25,PASS_BOUNDARY,
OUTER_SIDE,RIGHT,0,1.5,,,1.0,1.0,2.0,2.0,0.0,,20.25,16.25,20.75,19.25,PASS_BOUNDARY,
OUTER_SIDE,RIGHT,1,0.0,,,-1.0,-1.0,0.0,0.0,0.0,,19.25,19.25,19.75,19.75,PASS_BOUNDARY,
OUTER_SIDE,RIGHT,1,0.0,,,-1.0,-1.0,0.0,1.0,0.0,,19.25,18.25,19.75,19.75,PASS_BOUNDARY,
OUTER_SIDE,RIGHT,1,0.0,,,-1.0,-1.0,0.0,2.0,0.0,,19.25,17.25,19.75,19.75,PASS_BOUNDARY,
OUTER_SIDE,RIGHT,1,0.0,,,-1.0,-1.0,1.0,0.0,0.0,,19.25,18.25,19.75,19.75,PASS_BOUNDARY,
OUTER_SIDE,RIGHT,1,0.0,,,-1.0,-1.0,1.0,1.0,0.0,,19.25,17.25,19.75,19.75,PASS_BOUNDARY,
OUTER_SIDE,RIGHT,1,0.0,,,-1.0,-1.0,1.0,2.0,0.0,,19.25,16.25,19.75,19.75,PASS_BOUNDARY,
OUTER_SIDE,RIGHT,1,0.0,,,-1.0,-1.0,2.0,0.0,0.0,,19.25,17.25,19.75,19.75,PASS_BOUNDARY,
OUTER_SIDE,RIGHT,1,0.0,,,-1.0,-1.0,2.0,1.0,0.0,,19.25,16.25,19.75,19.75,PASS_BOUNDARY,
OUTER_SIDE,RIGHT,1,0.0,,,-1.0,-1.0,2.0,2.0,0.0,,19.25,15.25,19.75,19.75,PASS_BOUNDARY,
OUTER_SIDE,RIGHT,1,0.0,,,-1.0,0.0,0.0,0.0,1.0,,19.25,18.25,19.75,18.75,PASS_BOUNDARY,
OUTER_SIDE,RIGHT,1,0.0,,,-1.0,0.0,0.0,1.0,1.0,,19.25,17.25,19.75,18.75,PASS_BOUNDARY,
OUTER_SIDE,RIGHT,1,0.0,,,-1.0,0.0,0.0,2.0,1.0,,19.25,16.25,19.75,18.75,PASS_BOUNDARY,
OUTER_SIDE,RIGHT,1,0.0,,,-1.0,0.0,1.0,0.0,1.0,,19.25,17.25,19.75,18.75,PASS_BOUNDARY,
OUTER_SIDE,RIGHT,1,0.0,,,-1.0,0.0,1.0,1.0,1.0,,19.25,16.25,19.75,18.75,PASS_BOUNDARY,
OUTER_SIDE,RIGHT,1,0.0,,,-1.0,0.0,1.0,2.0,1.0,,19.25,15.25,19.75,18.75,PASS_BOUNDARY,
OUTER_SIDE,RIGHT,1,0.0,,,-1.0,0.0,2.0,0.0,1.0,,19.25,16.25,19.75,18.75,PASS_BOUNDARY,
OUTER_SIDE,RIGHT,1,0.0,,,-1.0,0.0,2.0,1.0,1.0,,19.25,15.25,19.75,18.75,PASS_BOUNDARY,
OUTER_SIDE,RIGHT,1,0.0,,,-1.0,0.0,2.0,2.0,1.0,,19.25,14.25,19.75,18.75,PASS_BOUNDARY,
OUTER_SIDE,RIGHT,1,0.0,,,-1.0,1.0,0.0,0.0,2.0,,19.25,17.25,19.75,17.75,PASS_BOUNDARY,
OUTER_SIDE,RIGHT,1,0.0,,,-1.0,1.0,0.0,1.0,2.0,,19.25,16.25,19.75,17.75,PASS_BOUNDARY,
OUTER_SIDE,RIGHT,1,0.0,,,-1.0,1.0,0.0,2.0,2.0,,19.25,15.25,19.75,17.75,PASS_BOUNDARY,
OUTER_SIDE,RIGHT,1,0.0,,,-1.0,1.0,1.0,0.0,2.0,,19.25,16.25,19.75,17.75,PASS_BOUNDARY,
OUTER_SIDE,RIGHT,1,0.0,,,-1.0,1.0,1.0,1.0,2.0,,19.25,15.25,19.75,17.75,PASS_BOUNDARY,
OUTER_SIDE,RIGHT,1,0.0,,,-1.0,1.0,1.0,2.0,2.0,,19.25,14.25,19.75,17.75,PASS_BOUNDARY,
OUTER_SIDE,RIGHT,1,0.0,,,-1.0,1.0,2.0,0.0,2.0,,19.25,15.25,19.75,17.75,PASS_BOUNDARY,
OUTER_SIDE,RIGHT,1,0.0,,,-1.0,1.0,2.0,1.0,2.0,,19.25,14.25,19.75,17.75,PASS_BOUNDARY,
OUTER_SIDE,RIGHT,1,0.0,,,-1.0,1.0,2.0,2.0,2.0,,19.25,13.25,19.75,17.75,PASS_BOUNDARY,
OUTER_SIDE,RIGHT,1,0.0,,,0.0,-1.0,0.0,0.0,1.0,,19.25,18.25,19.75,18.75,PASS_BOUNDARY,
OUTER_SIDE,RIGHT,1,0.0,,,0.0,-1.0,0.0,1.0,1.0,,19.25,17.25,19.75,18.75,PASS_BOUNDARY,
OUTER_SIDE,RIGHT,1,0.0,,,0.0,-1.0,0.0,2.0,1.0,,19.25,16.25,19.75,18.75,PASS_BOUNDARY,
OUTER_SIDE,RIGHT,1,0.0,,,0.0,-1.0,1.0,0.0,1.0,,19.25,17.25,19.75,18.75,PASS_BOUNDARY,
OUTER_SIDE,RIGHT,1,0.0,,,0.0,-1.0,1.0,1.0,1.0,,19.25,16.25,19.75,18.75,PASS_BOUNDARY,
OUTER_SIDE,RIGHT,1,0.0,,,0.0,-1.0,1.0,2.0,1.0,,19.25,15.25,19.75,18.75,PASS_BOUNDARY,
OUTER_SIDE,RIGHT,1,0.0,,,0.0,-1.0,2.0,0.0,1.0,,19.25,16.25,19.75,18.75,PASS_BOUNDARY,
OUTER_SIDE,RIGHT,1,0.0,,,0.0,-1.0,2.0,1.0,1.0,,19.25,15.25,19.75,18.75,PASS_BOUNDARY,
OUTER_SIDE,RIGHT,1,0.0,,,0.0,-1.0,2.0,2.0,1.0,,19.25,14.25,19.75,18.75,PASS_BOUNDARY,
OUTER_SIDE,RIGHT,1,0.0,,,0.0,0.0,0.0,0.0,0.0,,19.25,19.25,19.75,19.75,PASS_BOUNDARY,
OUTER_SIDE,RIGHT,1,0.0,,,0.0,0.0,0.0,1.0,0.0,,19.25,18.25,19.75,19.75,PASS_BOUNDARY,
OUTER_SIDE,RIGHT,1,0.0,,,0.0,0.0,0.0,2.0,0.0,,19.25,17.25,19.75,19.75,PASS_BOUNDARY,
OUTER_SIDE,RIGHT,1,0.0,,,0.0,0.0,1.0,0.0,0.0,,19.25,18.25,19.75,19.75,PASS_BOUNDARY,
OUTER_SIDE,RIGHT,1,0.0,,,0.0,0.0,1.0,1.0,0.0,,19.25,17.25,19.75,19.75,PASS_BOUNDARY,
OUTER_SIDE,RIGHT,1,0.0,,,0.0,0.0,1.0,2.0,0.0,,19.25,16.25,19.75,19.75,PASS_BOUNDARY,
OUTER_SIDE,RIGHT,1,0.0,,,0.0,0.0,2.0,0.0,0.0,,19.25,17.25,19.75,19.75,PASS_BOUNDARY,
OUTER_SIDE,RIGHT,1,0.0,,,0.0,0.0,2.0,1.0,0.0,,19.25,16.25,19.75,19.75,PASS_BOUNDARY,
OUTER_SIDE,RIGHT,1,0.0,,,0.0,0.0,2.0,2.0,0.0,,19.25,15.25,19.75,19.75,PASS_BOUNDARY,
OUTER_SIDE,RIGHT,1,0.0,,,0.0,1.0,0.0,0.0,1.0,,19.25,18.25,19.75,18.75,PASS_BOUNDARY,
OUTER_SIDE,RIGHT,1,0.0,,,0.0,1.0,0.0,1.0,1.0,,19.25,17.25,19.75,18.75,PASS_BOUNDARY,
OUTER_SIDE,RIGHT,1,0.0,,,0.0,1.0,0.0,2.0,1.0,,19.25,16.25,19.75,18.75,PASS_BOUNDARY,
OUTER_SIDE,RIGHT,1,0.0,,,0.0,1.0,1.0,0.0,1.0,,19.25,17.25,19.75,18.75,PASS_BOUNDARY,
OUTER_SIDE,RIGHT,1,0.0,,,0.0,1.0,1.0,1.0,1.0,,19.25,16.25,19.75,18.75,PASS_BOUNDARY,
OUTER_SIDE,RIGHT,1,0.0,,,0.0,1.0,1.0,2.0,1.0,,19.25,15.25,19.75,18.75,PASS_BOUNDARY,
OUTER_SIDE,RIGHT,1,0.0,,,0.0,1.0,2.0,0.0,1.0,,19.25,16.25,19.75,18.75,PASS_BOUNDARY,
OUTER_SIDE,RIGHT,1,0.0,,,0.0,1.0,2.0,1.0,1.0,,19.25,15.25,19.75,18.75,PASS_BOUNDARY,
OUTER_SIDE,RIGHT,1,0.0,,,0.0,1.0,2.0,2.0,1.0,,19.25,14.25,19.75,18.75,PASS_BOUNDARY,
OUTER_SIDE,RIGHT,1,0.0,,,1.0,-1.0,0.0,0.0,2.0,,19.25,17.25,19.75,17.75,PASS_BOUNDARY,
OUTER_SIDE,RIGHT,1,0.0,,,1.0,-1.0,0.0,1.0,2.0,,19.25,16.25,19.75,17.75,PASS_BOUNDARY,
OUTER_SIDE,RIGHT,1,0.0,,,1.0,-1.0,0.0,2.0,2.0,,19.25,15.25,19.75,17.75,PASS_BOUNDARY,
OUTER_SIDE,RIGHT,1,0.0,,,1.0,-1.0,1.0,0.0,2.0,,19.25,16.25,19.75,17.75,PASS_BOUNDARY,
OUTER_SIDE,RIGHT,1,0.0,,,1.0,-1.0,1.0,1.0,2.0,,19.25,15.25,19.75,17.75,PASS_BOUNDARY,
OUTER_SIDE,RIGHT,1,0.0,,,1.0,-1.0,1.0,2.0,2.0,,19.25,14.25,19.75,17.75,PASS_BOUNDARY,
OUTER_SIDE,RIGHT,1,0.0,,,1.0,-1.0,2.0,0.0,2.0,,19.25,15.25,19.75,17.75,PASS_BOUNDARY,
OUTER_SIDE,RIGHT,1,0.0,,,1.0,-1.0,2.0,1.0,2.0,,19.25,14.25,19.75,17.75,PASS_BOUNDARY,
OUTER_SIDE,RIGHT,1,0.0,,,1.0,-1.0,2.0,2.0,2.0,,19.25,13.25,19.75,17.75,PASS_BOUNDARY,
OUTER_SIDE,RIGHT,1,0.0,,,1.0,0.0,0.0,0.0,1.0,,19.25,18.25,19.75,18.75,PASS_BOUNDARY,
OUTER_SIDE,RIGHT,1,0.0,,,1.0,0.0,0.0,1.0,1.0,,19.25,17.25,19.75,18.75,PASS_BOUNDARY,
OUTER_SIDE,RIGHT,1,0.0,,,1.0,0.0,0.0,2.0,1.0,,19.25,16.25,19.75,18.75,PASS_BOUNDARY,
OUTER_SIDE,RIGHT,1,0.0,,,1.0,0.0,1.0,0.0,1.0,,19.25,17.25,19.75,18.75,PASS_BOUNDARY,
OUTER_SIDE,RIGHT,1,0.0,,,1.0,0.0,1.0,1.0,1.0,,19.25,16.25,19.75,18.75,PASS_BOUNDARY,
OUTER_SIDE,RIGHT,1,0.0,,,1.0,0.0,1.0,2.0,1.0,,19.25,15.25,19.75,18.75,PASS_BOUNDARY,
OUTER_SIDE,RIGHT,1,0.0,,,1.0,0.0,2.0,0.0,1.0,,19.25,16.25,19.75,18.75,PASS_BOUNDARY,
OUTER_SIDE,RIGHT,1,0.0,,,1.0,0.0,2.0,1.0,1.0,,19.25,15.25,19.75,18.75,PASS_BOUNDARY,
OUTER_SIDE,RIGHT,1,0.0,,,1.0,0.0,2.0,2.0,1.0,,19.25,14.25,19.75,18.75,PASS_BOUNDARY,
OUTER_SIDE,RIGHT,1,0.0,,,1.0,1.0,0.0,0.0,0.0,,19.25,19.25,19.75,19.75,PASS_BOUNDARY,
OUTER_SIDE,RIGHT,1,0.0,,,1.0,1.0,0.0,1.0,0.0,,19.25,18.25,19.75,19.75,PASS_BOUNDARY,
OUTER_SIDE,RIGHT,1,0.0,,,1.0,1.0,0.0,2.0,0.0,,19.25,17.25,19.75,19.75,PASS_BOUNDARY,
OUTER_SIDE,RIGHT,1,0.0,,,1.0,1.0,1.0,0.0,0.0,,19.25,18.25,19.75,19.75,PASS_BOUNDARY,
OUTER_SIDE,RIGHT,1,0.0,,,1.0,1.0,1.0,1.0,0.0,,19.25,17.25,19.75,19.75,PASS_BOUNDARY,
OUTER_SIDE,RIGHT,1,0.0,,,1.0,1.0,1.0,2.0,0.0,,19.25,16.25,19.75,19.75,PASS_BOUNDARY,
OUTER_SIDE,RIGHT,1,0.0,,,1.0,1.0,2.0,0.0,0.0,,19.25,17.25,19.75,19.75,PASS_BOUNDARY,
OUTER_SIDE,RIGHT,1,0.0,,,1.0,1.0,2.0,1.0,0.0,,19.25,16.25,19.75,19.75,PASS_BOUNDARY,
OUTER_SIDE,RIGHT,1,0.0,,,1.0,1.0,2.0,2.0,0.0,,19.25,15.25,19.75,19.75,PASS_BOUNDARY,
OUTER_SIDE,RIGHT,1,0.5,,,-1.0,-1.0,0.0,0.0,0.0,,19.25,19.25,19.75,19.25,PASS_BOUNDARY,
OUTER_SIDE,RIGHT,1,0.5,,,-1.0,-1.0,0.0,1.0,0.0,,19.25,18.25,19.75,19.25,PASS_BOUNDARY,
OUTER_SIDE,RIGHT,1,0.5,,,-1.0,-1.0,0.0,2.0,0.0,,19.25,17.25,19.75,19.25,PASS_BOUNDARY,
OUTER_SIDE,RIGHT,1,0.5,,,-1.0,-1.0,1.0,0.0,0.0,,19.25,18.25,19.75,19.25,PASS_BOUNDARY,
OUTER_SIDE,RIGHT,1,0.5,,,-1.0,-1.0,1.0,1.0,0.0,,19.25,17.25,19.75,19.25,PASS_BOUNDARY,
OUTER_SIDE,RIGHT,1,0.5,,,-1.0,-1.0,1.0,2.0,0.0,,19.25,16.25,19.75,19.25,PASS_BOUNDARY,
OUTER_SIDE,RIGHT,1,0.5,,,-1.0,-1.0,2.0,0.0,0.0,,19.25,17.25,19.75,19.25,PASS_BOUNDARY,
OUTER_SIDE,RIGHT,1,0.5,,,-1.0,-1.0,2.0,1.0,0.0,,19.25,16.25,19.75,19.25,PASS_BOUNDARY,
OUTER_SIDE,RIGHT,1,0.5,,,-1.0,-1.0,2.0,2.0,0.0,,19.25,15.25,19.75,19.25,PASS_BOUNDARY,
OUTER_SIDE,RIGHT,1,0.5,,,-1.0,0.0,0.0,0.0,1.0,,19.25,18.25,19.75,18.25,PASS_BOUNDARY,
OUTER_SIDE,RIGHT,1,0.5,,,-1.0,0.0,0.0,1.0,1.0,,19.25,17.25,19.75,18.25,PASS_BOUNDARY,
OUTER_SIDE,RIGHT,1,0.5,,,-1.0,0.0,0.0,2.0,1.0,,19.25,16.25,19.75,18.25,PASS_BOUNDARY,
OUTER_SIDE,RIGHT,1,0.5,,,-1.0,0.0,1.0,0.0,1.0,,19.25,17.25,19.75,18.25,PASS_BOUNDARY,
OUTER_SIDE,RIGHT,1,0.5,,,-1.0,0.0,1.0,1.0,1.0,,19.25,16.25,19.75,18.25,PASS_BOUNDARY,
OUTER_SIDE,RIGHT,1,0.5,,,-1.0,0.0,1.0,2.0,1.0,,19.25,15.25,19.75,18.25,PASS_BOUNDARY,
OUTER_SIDE,RIGHT,1,0.5,,,-1.0,0.0,2.0,0.0,1.0,,19.25,16.25,19.75,18.25,PASS_BOUNDARY,
OUTER_SIDE,RIGHT,1,0.5,,,-1.0,0.0,2.0,1.0,1.0,,19.25,15.25,19.75,18.25,PASS_BOUNDARY,
OUTER_SIDE,RIGHT,1,0.5,,,-1.0,0.0,2.0,2.0,1.0,,19.25,14.25,19.75,18.25,PASS_BOUNDARY,
OUTER_SIDE,RIGHT,1,0.5,,,-1.0,1.0,0.0,0.0,2.0,,19.25,17.25,19.75,17.25,PASS_BOUNDARY,
OUTER_SIDE,RIGHT,1,0.5,,,-1.0,1.0,0.0,1.0,2.0,,19.25,16.25,19.75,17.25,PASS_BOUNDARY,
OUTER_SIDE,RIGHT,1,0.5,,,-1.0,1.0,0.0,2.0,2.0,,19.25,15.25,19.75,17.25,PASS_BOUNDARY,
OUTER_SIDE,RIGHT,1,0.5,,,-1.0,1.0,1.0,0.0,2.0,,19.25,16.25,19.75,17.25,PASS_BOUNDARY,
OUTER_SIDE,RIGHT,1,0.5,,,-1.0,1.0,1.0,1.0,2.0,,19.25,15.25,19.75,17.25,PASS_BOUNDARY,
OUTER_SIDE,RIGHT,1,0.5,,,-1.0,1.0,1.0,2.0,2.0,,19.25,14.25,19.75,17.25,PASS_BOUNDARY,
OUTER_SIDE,RIGHT,1,0.5,,,-1.0,1.0,2.0,0.0,2.0,,19.25,15.25,19.75,17.25,PASS_BOUNDARY,
OUTER_SIDE,RIGHT,1,0.5,,,-1.0,1.0,2.0,1.0,2.0,,19.25,14.25,19.75,17.25,PASS_BOUNDARY,
OUTER_SIDE,RIGHT,1,0.5,,,-1.0,1.0,2.0,2.0,2.0,,19.25,13.25,19.75,17.25,PASS_BOUNDARY,
OUTER_SIDE,RIGHT,1,0.5,,,0.0,-1.0,0.0,0.0,1.0,,19.25,18.25,19.75,18.25,PASS_BOUNDARY,
OUTER_SIDE,RIGHT,1,0.5,,,0.0,-1.0,0.0,1.0,1.0,,19.25,17.25,19.75,18.25,PASS_BOUNDARY,
OUTER_SIDE,RIGHT,1,0.5,,,0.0,-1.0,0.0,2.0,1.0,,19.25,16.25,19.75,18.25,PASS_BOUNDARY,
OUTER_SIDE,RIGHT,1,0.5,,,0.0,-1.0,1.0,0.0,1.0,,19.25,17.25,19.75,18.25,PASS_BOUNDARY,
OUTER_SIDE,RIGHT,1,0.5,,,0.0,-1.0,1.0,1.0,1.0,,19.25,16.25,19.75,18.25,PASS_BOUNDARY,
OUTER_SIDE,RIGHT,1,0.5,,,0.0,-1.0,1.0,2.0,1.0,,19.25,15.25,19.75,18.25,PASS_BOUNDARY,
OUTER_SIDE,RIGHT,1,0.5,,,0.0,-1.0,2.0,0.0,1.0,,19.25,16.25,19.75,18.25,PASS_BOUNDARY,
OUTER_SIDE,RIGHT,1,0.5,,,0.0,-1.0,2.0,1.0,1.0,,19.25,15.25,19.75,18.25,PASS_BOUNDARY,
OUTER_SIDE,RIGHT,1,0.5,,,0.0,-1.0,2.0,2.0,1.0,,19.25,14.25,19.75,18.25,PASS_BOUNDARY,
OUTER_SIDE,RIGHT,1,0.5,,,0.0,0.0,0.0,0.0,0.0,,19.25,19.25,19.75,19.25,PASS_BOUNDARY,
OUTER_SIDE,RIGHT,1,0.5,,,0.0,0.0,0.0,1.0,0.0,,19.25,18.25,19.75,19.25,PASS_BOUNDARY,
OUTER_SIDE,RIGHT,1,0.5,,,0.0,0.0,0.0,2.0,0.0,,19.25,17.25,19.75,19.25,PASS_BOUNDARY,
OUTER_SIDE,RIGHT,1,0.5,,,0.0,0.0,1.0,0.0,0.0,,19.25,18.25,19.75,19.25,PASS_BOUNDARY,
OUTER_SIDE,RIGHT,1,0.5,,,0.0,0.0,1.0,1.0,0.0,,19.25,17.25,19.75,19.25,PASS_BOUNDARY,
OUTER_SIDE,RIGHT,1,0.5,,,0.0,0.0,1.0,2.0,0.0,,19.25,16.25,19.75,19.25,PASS_BOUNDARY,
OUTER_SIDE,RIGHT,1,0.5,,,0.0,0.0,2.0,0.0,0.0,,19.25,17.25,19.75,19.25,PASS_BOUNDARY,
OUTER_SIDE,RIGHT,1,0.5,,,0.0,0.0,2.0,1.0,0.0,,19.25,16.25,19.75,19.25,PASS_BOUNDARY,
OUTER_SIDE,RIGHT,1,0.5,,,0.0,0.0,2.0,2.0,0.0,,19.25,15.25,19.75,19.25,PASS_BOUNDARY,
OUTER_SIDE,RIGHT,1,0.5,,,0.0,1.0,0.0,0.0,1.0,,19.25,18.25,19.75,18.25,PASS_BOUNDARY,
OUTER_SIDE,RIGHT,1,0.5,,,0.0,1.0,0.0,1.0,1.0,,19.25,17.25,19.75,18.25,PASS_BOUNDARY,
OUTER_SIDE,RIGHT,1,0.5,,,0.0,1.0,0.0,2.0,1.0,,19.25,16.25,19.75,18.25,PASS_BOUNDARY,
OUTER_SIDE,RIGHT,1,0.5,,,0.0,1.0,1.0,0.0,1.0,,19.25,17.25,19.75,18.25,PASS_BOUNDARY,
OUTER_SIDE,RIGHT,1,0.5,,,0.0,1.0,1.0,1.0,1.0,,19.25,16.25,19.75,18.25,PASS_BOUNDARY,
OUTER_SIDE,RIGHT,1,0.5,,,0.0,1.0,1.0,2.0,1.0,,19.25,15.25,19.75,18.25,PASS_BOUNDARY,
OUTER_SIDE,RIGHT,1,0.5,,,0.0,1.0,2.0,0.0,1.0,,19.25,16.25,19.75,18.25,PASS_BOUNDARY,
OUTER_SIDE,RIGHT,1,0.5,,,0.0,1.0,2.0,1.0,1.0,,19.25,15.25,19.75,18.25,PASS_BOUNDARY,
OUTER_SIDE,RIGHT,1,0.5,,,0.0,1.0,2.0,2.0,1.0,,19.25,14.25,19.75,18.25,PASS_BOUNDARY,
OUTER_SIDE,RIGHT,1,0.5,,,1.0,-1.0,0.0,0.0,2.0,,19.25,17.25,19.75,17.25,PASS_BOUNDARY,
OUTER_SIDE,RIGHT,1,0.5,,,1.0,-1.0,0.0,1.0,2.0,,19.25,16.25,19.75,17.25,PASS_BOUNDARY,
OUTER_SIDE,RIGHT,1,0.5,,,1.0,-1.0,0.0,2.0,2.0,,19.25,15.25,19.75,17.25,PASS_BOUNDARY,
OUTER_SIDE,RIGHT,1,0.5,,,1.0,-1.0,1.0,0.0,2.0,,19.25,16.25,19.75,17.25,PASS_BOUNDARY,
OUTER_SIDE,RIGHT,1,0.5,,,1.0,-1.0,1.0,1.0,2.0,,19.25,15.25,19.75,17.25,PASS_BOUNDARY,
OUTER_SIDE,RIGHT,1,0.5,,,1.0,-1.0,1.0,2.0,2.0,,19.25,14.25,19.75,17.25,PASS_BOUNDARY,
OUTER_SIDE,RIGHT,1,0.5,,,1.0,-1.0,2.0,0.0,2.0,,19.25,15.25,19.75,17.25,PASS_BOUNDARY,
OUTER_SIDE,RIGHT,1,0.5,,,1.0,-1.0,2.0,1.0,2.0,,19.25,14.25,19.75,17.25,PASS_BOUNDARY,
OUTER_SIDE,RIGHT,1,0.5,,,1.0,-1.0,2.0,2.0,2.0,,19.25,13.25,19.75,17.25,PASS_BOUNDARY,
OUTER_SIDE,RIGHT,1,0.5,,,1.0,0.0,0.0,0.0,1.0,,19.25,18.25,19.75,18.25,PASS_BOUNDARY,
OUTER_SIDE,RIGHT,1,0.5,,,1.0,0.0,0.0,1.0,1.0,,19.25,17.25,19.75,18.25,PASS_BOUNDARY,
OUTER_SIDE,RIGHT,1,0.5,,,1.0,0.0,0.0,2.0,1.0,,19.25,16.25,19.75,18.25,PASS_BOUNDARY,
OUTER_SIDE,RIGHT,1,0.5,,,1.0,0.0,1.0,0.0,1.0,,19.25,17.25,19.75,18.25,PASS_BOUNDARY,
OUTER_SIDE,RIGHT,1,0.5,,,1.0,0.0,1.0,1.0,1.0,,19.25,16.25,19.75,18.25,PASS_BOUNDARY,
OUTER_SIDE,RIGHT,1,0.5,,,1.0,0.0,1.0,2.0,1.0,,19.25,15.25,19.75,18.25,PASS_BOUNDARY,
OUTER_SIDE,RIGHT,1,0.5,,,1.0,0.0,2.0,0.0,1.0,,19.25,16.25,19.75,18.25,PASS_BOUNDARY,
OUTER_SIDE,RIGHT,1,0.5,,,1.0,0.0,2.0,1.0,1.0,,19.25,15.25,19.75,18.25,PASS_BOUNDARY,
OUTER_SIDE,RIGHT,1,0.5,,,1.0,0.0,2.0,2.0,1.0,,19.25,14.25,19.75,18.25,PASS_BOUNDARY,
OUTER_SIDE,RIGHT,1,0.5,,,1.0,1.0,0.0,0.0,0.0,,19.25,19.25,19.75,19.25,PASS_BOUNDARY,
OUTER_SIDE,RIGHT,1,0.5,,,1.0,1.0,0.0,1.0,0.0,,19.25,18.25,19.75,19.25,PASS_BOUNDARY,
OUTER_SIDE,RIGHT,1,0.5,,,1.0,1.0,0.0,2.0,0.0,,19.25,17.25,19.75,19.25,PASS_BOUNDARY,
OUTER_SIDE,RIGHT,1,0.5,,,1.0,1.0,1.0,0.0,0.0,,19.25,18.25,19.75,19.25,PASS_BOUNDARY,
OUTER_SIDE,RIGHT,1,0.5,,,1.0,1.0,1.0,1.0,0.0,,19.25,17.25,19.75,19.25,PASS_BOUNDARY,
OUTER_SIDE,RIGHT,1,0.5,,,1.0,1.0,1.0,2.0,0.0,,19.25,16.25,19.75,19.25,PASS_BOUNDARY,
OUTER_SIDE,RIGHT,1,0.5,,,1.0,1.0,2.0,0.0,0.0,,19.25,17.25,19.75,19.25,PASS_BOUNDARY,
OUTER_SIDE,RIGHT,1,0.5,,,1.0,1.0,2.0,1.0,0.0,,19.25,16.25,19.75,19.25,PASS_BOUNDARY,
OUTER_SIDE,RIGHT,1,0.5,,,1.0,1.0,2.0,2.0,0.0,,19.25,15.25,19.75,19.25,PASS_BOUNDARY,
OUTER_SIDE,RIGHT,1,1.0,,,-1.0,-1.0,0.0,0.0,0.0,,19.25,19.25,19.75,18.75,PASS_BOUNDARY,
OUTER_SIDE,RIGHT,1,1.0,,,-1.0,-1.0,0.0,1.0,0.0,,19.25,18.25,19.75,18.75,PASS_BOUNDARY,
OUTER_SIDE,RIGHT,1,1.0,,,-1.0,-1.0,0.0,2.0,0.0,,19.25,17.25,19.75,18.75,PASS_BOUNDARY,
OUTER_SIDE,RIGHT,1,1.0,,,-1.0,-1.0,1.0,0.0,0.0,,19.25,18.25,19.75,18.75,PASS_BOUNDARY,
OUTER_SIDE,RIGHT,1,1.0,,,-1.0,-1.0,1.0,1.0,0.0,,19.25,17.25,19.75,18.75,PASS_BOUNDARY,
OUTER_SIDE,RIGHT,1,1.0,,,-1.0,-1.0,1.0,2.0,0.0,,19.25,16.25,19.75,18.75,PASS_BOUNDARY,
OUTER_SIDE,RIGHT,1,1.0,,,-1.0,-1.0,2.0,0.0,0.0,,19.25,17.25,19.75,18.75,PASS_BOUNDARY,
OUTER_SIDE,RIGHT,1,1.0,,,-1.0,-1.0,2.0,1.0,0.0,,19.25,16.25,19.75,18.75,PASS_BOUNDARY,
OUTER_SIDE,RIGHT,1,1.0,,,-1.0,-1.0,2.0,2.0,0.0,,19.25,15.25,19.75,18.75,PASS_BOUNDARY,
OUTER_SIDE,RIGHT,1,1.0,,,-1.0,0.0,0.0,0.0,1.0,,19.25,18.25,19.75,17.75,PASS_BOUNDARY,
OUTER_SIDE,RIGHT,1,1.0,,,-1.0,0.0,0.0,1.0,1.0,,19.25,17.25,19.75,17.75,PASS_BOUNDARY,
OUTER_SIDE,RIGHT,1,1.0,,,-1.0,0.0,0.0,2.0,1.0,,19.25,16.25,19.75,17.75,PASS_BOUNDARY,
OUTER_SIDE,RIGHT,1,1.0,,,-1.0,0.0,1.0,0.0,1.0,,19.25,17.25,19.75,17.75,PASS_BOUNDARY,
OUTER_SIDE,RIGHT,1,1.0,,,-1.0,0.0,1.0,1.0,1.0,,19.25,16.25,19.75,17.75,PASS_BOUNDARY,
OUTER_SIDE,RIGHT,1,1.0,,,-1.0,0.0,1.0,2.0,1.0,,19.25,15.25,19.75,17.75,PASS_BOUNDARY,
OUTER_SIDE,RIGHT,1,1.0,,,-1.0,0.0,2.0,0.0,1.0,,19.25,16.25,19.75,17.75,PASS_BOUNDARY,
OUTER_SIDE,RIGHT,1,1.0,,,-1.0,0.0,2.0,1.0,1.0,,19.25,15.25,19.75,17.75,PASS_BOUNDARY,
OUTER_SIDE,RIGHT,1,1.0,,,-1.0,0.0,2.0,2.0,1.0,,19.25,14.25,19.75,17.75,PASS_BOUNDARY,
OUTER_SIDE,RIGHT,1,1.0,,,-1.0,1.0,0.0,0.0,2.0,,19.25,17.25,19.75,16.75,PASS_BOUNDARY,
OUTER_SIDE,RIGHT,1,1.0,,,-1.0,1.0,0.0,1.0,2.0,,19.25,16.25,19.75,16.75,PASS_BOUNDARY,
OUTER_SIDE,RIGHT,1,1.0,,,-1.0,1.0,0.0,2.0,2.0,,19.25,15.25,19.75,16.75,PASS_BOUNDARY,
OUTER_SIDE,RIGHT,1,1.0,,,-1.0,1.0,1.0,0.0,2.0,,19.25,16.25,19.75,16.75,PASS_BOUNDARY,
OUTER_SIDE,RIGHT,1,1.0,,,-1.0,1.0,1.0,1.0,2.0,,19.25,15.25,19.75,16.75,PASS_BOUNDARY,
OUTER_SIDE,RIGHT,1,1.0,,,-1.0,1.0,1.0,2.0,2.0,,19.25,14.25,19.75,16.75,PASS_BOUNDARY,
OUTER_SIDE,RIGHT,1,1.0,,,-1.0,1.0,2.0,0.0,2.0,,19.25,15.25,19.75,16.75,PASS_BOUNDARY,
OUTER_SIDE,RIGHT,1,1.0,,,-1.0,1.0,2.0,1.0,2.0,,19.25,14.25,19.75,16.75,PASS_BOUNDARY,
OUTER_SIDE,RIGHT,1,1.0,,,-1.0,1.0,2.0,2.0,2.0,,19.25,13.25,19.75,16.75,PASS_BOUNDARY,
OUTER_SIDE,RIGHT,1,1.0,,,0.0,-1.0,0.0,0.0,1.0,,19.25,18.25,19.75,17.75,PASS_BOUNDARY,
OUTER_SIDE,RIGHT,1,1.0,,,0.0,-1.0,0.0,1.0,1.0,,19.25,17.25,19.75,17.75,PASS_BOUNDARY,
OUTER_SIDE,RIGHT,1,1.0,,,0.0,-1.0,0.0,2.0,1.0,,19.25,16.25,19.75,17.75,PASS_BOUNDARY,
OUTER_SIDE,RIGHT,1,1.0,,,0.0,-1.0,1.0,0.0,1.0,,19.25,17.25,19.75,17.75,PASS_BOUNDARY,
OUTER_SIDE,RIGHT,1,1.0,,,0.0,-1.0,1.0,1.0,1.0,,19.25,16.25,19.75,17.75,PASS_BOUNDARY,
OUTER_SIDE,RIGHT,1,1.0,,,0.0,-1.0,1.0,2.0,1.0,,19.25,15.25,19.75,17.75,PASS_BOUNDARY,
OUTER_SIDE,RIGHT,1,1.0,,,0.0,-1.0,2.0,0.0,1.0,,19.25,16.25,19.75,17.75,PASS_BOUNDARY,
OUTER_SIDE,RIGHT,1,1.0,,,0.0,-1.0,2.0,1.0,1.0,,19.25,15.25,19.75,17.75,PASS_BOUNDARY,
OUTER_SIDE,RIGHT,1,1.0,,,0.0,-1.0,2.0,2.0,1.0,,19.25,14.25,19.75,17.75,PASS_BOUNDARY,
OUTER_SIDE,RIGHT,1,1.0,,,0.0,0.0,0.0,0.0,0.0,,19.25,19.25,19.75,18.75,PASS_BOUNDARY,
OUTER_SIDE,RIGHT,1,1.0,,,0.0,0.0,0.0,1.0,0.0,,19.25,18.25,19.75,18.75,PASS_BOUNDARY,
OUTER_SIDE,RIGHT,1,1.0,,,0.0,0.0,0.0,2.0,0.0,,19.25,17.25,19.75,18.75,PASS_BOUNDARY,
OUTER_SIDE,RIGHT,1,1.0,,,0.0,0.0,1.0,0.0,0.0,,19.25,18.25,19.75,18.75,PASS_BOUNDARY,
OUTER_SIDE,RIGHT,1,1.0,,,0.0,0.0,1.0,1.0,0.0,,19.25,17.25,19.75,18.75,PASS_BOUNDARY,
OUTER_SIDE,RIGHT,1,1.0,,,0.0,0.0,1.0,2.0,0.0,,19.25,16.25,19.75,18.75,PASS_BOUNDARY,
OUTER_SIDE,RIGHT,1,1.0,,,0.0,0.0,2.0,0.0,0.0,,19.25,17.25,19.75,18.75,PASS_BOUNDARY,
OUTER_SIDE,RIGHT,1,1.0,,,0.0,0.0,2.0,1.0,0.0,,19.25,16.25,19.75,18.75,PASS_BOUNDARY,
OUTER_SIDE,RIGHT,1,1.0,,,0.0,0.0,2.0,2.0,0.0,,19.25,15.25,19.75,18.75,PASS_BOUNDARY,
OUTER_SIDE,RIGHT,1,1.0,,,0.0,1.0,0.0,0.0,1.0,,19.25,18.25,19.75,17.75,PASS_BOUNDARY,
OUTER_SIDE,RIGHT,1,1.0,,,0.0,1.0,0.0,1.0,1.0,,19.25,17.25,19.75,17.75,PASS_BOUNDARY,
OUTER_SIDE,RIGHT,1,1.0,,,0.0,1.0,0.0,2.0,1.0,,19.25,16.25,19.75,17.75,PASS_BOUNDARY,
OUTER_SIDE,RIGHT,1,1.0,,,0.0,1.0,1.0,0.0,1.0,,19.25,17.25,19.75,17.75,PASS_BOUNDARY,
OUTER_SIDE,RIGHT,1,1.0,,,0.0,1.0,1.0,1.0,1.0,,19.25,16.25,19.75,17.75,PASS_BOUNDARY,
OUTER_SIDE,RIGHT,1,1.0,,,0.0,1.0,1.0,2.0,1.0,,19.25,15.25,19.75,17.75,PASS_BOUNDARY,
OUTER_SIDE,RIGHT,1,1.0,,,0.0,1.0,2.0,0.0,1.0,,19.25,16.25,19.75,17.75,PASS_BOUNDARY,
OUTER_SIDE,RIGHT,1,1.0,,,0.0,1.0,2.0,1.0,1.0,,19.25,15.25,19.75,17.75,PASS_BOUNDARY,
OUTER_SIDE,RIGHT,1,1.0,,,0.0,1.0,2.0,2.0,1.0,,19.25,14.25,19.75,17.75,PASS_BOUNDARY,
OUTER_SIDE,RIGHT,1,1.0,,,1.0,-1.0,0.0,0.0,2.0,,19.25,17.25,19.75,16.75,PASS_BOUNDARY,
OUTER_SIDE,RIGHT,1,1.0,,,1.0,-1.0,0.0,1.0,2.0,,19.25,16.25,19.75,16.75,PASS_BOUNDARY,
OUTER_SIDE,RIGHT,1,1.0,,,1.0,-1.0,0.0,2.0,2.0,,19.25,15.25,19.75,16.75,PASS_BOUNDARY,
OUTER_SIDE,RIGHT,1,1.0,,,1.0,-1.0,1.0,0.0,2.0,,19.25,16.25,19.75,16.75,PASS_BOUNDARY,
OUTER_SIDE,RIGHT,1,1.0,,,1.0,-1.0,1.0,1.0,2.0,,19.25,15.25,19.75,16.75,PASS_BOUNDARY,
OUTER_SIDE,RIGHT,1,1.0,,,1.0,-1.0,1.0,2.0,2.0,,19.25,14.25,19.75,16.75,PASS_BOUNDARY,
OUTER_SIDE,RIGHT,1,1.0,,,1.0,-1.0,2.0,0.0,2.0,,19.25,15.25,19.75,16.75,PASS_BOUNDARY,
OUTER_SIDE,RIGHT,1,1.0,,,1.0,-1.0,2.0,1.0,2.0,,19.25,14.25,19.75,16.75,PASS_BOUNDARY,
OUTER_SIDE,RIGHT,1,1.0,,,1.0,-1.0,2.0,2.0,2.0,,19.25,13.25,19.75,16.75,PASS_BOUNDARY,
OUTER_SIDE,RIGHT,1,1.0,,,1.0,0.0,0.0,0.0,1.0,,19.25,18.25,19.75,17.75,PASS_BOUNDARY,
OUTER_SIDE,RIGHT,1,1.0,,,1.0,0.0,0.0,1.0,1.0,,19.25,17.25,19.75,17.75,PASS_BOUNDARY,
OUTER_SIDE,RIGHT,1,1.0,,,1.0,0.0,0.0,2.0,1.0,,19.25,16.25,19.75,17.75,PASS_BOUNDARY,
OUTER_SIDE,RIGHT,1,1.0,,,1.0,0.0,1.0,0.0,1.0,,19.25,17.25,19.75,17.75,PASS_BOUNDARY,
OUTER_SIDE,RIGHT,1,1.0,,,1.0,0.0,1.0,1.0,1.0,,19.25,16.25,19.75,17.75,PASS_BOUNDARY,
OUTER_SIDE,RIGHT,1,1.0,,,1.0,0.0,1.0,2.0,1.0,,19.25,15.25,19.75,17.75,PASS_BOUNDARY,
OUTER_SIDE,RIGHT,1,1.0,,,1.0,0.0,2.0,0.0,1.0,,19.25,16.25,19.75,17.75,PASS_BOUNDARY,
OUTER_SIDE,RIGHT,1,1.0,,,1.0,0.0,2.0,1.0,1.0,,19.25,15.25,19.75,17.75,PASS_BOUNDARY,
OUTER_SIDE,RIGHT,1,1.0,,,1.0,0.0,2.0,2.0,1.0,,19.25,14.25,19.75,17.75,PASS_BOUNDARY,
OUTER_SIDE,RIGHT,1,1.0,,,1.0,1.0,0.0,0.0,0.0,,19.25,19.25,19.75,18.75,PASS_BOUNDARY,
OUTER_SIDE,RIGHT,1,1.0,,,1.0,1.0,0.0,1.0,0.0,,19.25,18.25,19.75,18.75,PASS_BOUNDARY,
OUTER_SIDE,RIGHT,1,1.0,,,1.0,1.0,0.0,2.0,0.0,,19.25,17.25,19.75,18.75,PASS_BOUNDARY,
OUTER_SIDE,RIGHT,1,1.0,,,1.0,1.0,1.0,0.0,0.0,,19.25,18.25,19.75,18.75,PASS_BOUNDARY,
OUTER_SIDE,RIGHT,1,1.0,,,1.0,1.0,1.0,1.0,0.0,,19.25,17.25,19.75,18.75,PASS_BOUNDARY,
OUTER_SIDE,RIGHT,1,1.0,,,1.0,1.0,1.0,2.0,0.0,,19.25,16.25,19.75,18.75,PASS_BOUNDARY,
OUTER_SIDE,RIGHT,1,1.0,,,1.0,1.0,2.0,0.0,0.0,,19.25,17.25,19.75,18.75,PASS_BOUNDARY,
OUTER_SIDE,RIGHT,1,1.0,,,1.0,1.0,2.0,1.0,0.0,,19.25,16.25,19.75,18.75,PASS_BOUNDARY,
OUTER_SIDE,RIGHT,1,1.0,,,1.0,1.0,2.0,2.0,0.0,,19.25,15.25,19.75,18.75,PASS_BOUNDARY,
OUTER_SIDE,RIGHT,1,1.5,,,-1.0,-1.0,0.0,0.0,0.0,,19.25,19.25,19.75,18.25,PASS_BOUNDARY,
OUTER_SIDE,RIGHT,1,1.5,,,-1.0,-1.0,0.0,1.0,0.0,,19.25,18.25,19.75,18.25,PASS_BOUNDARY,
OUTER_SIDE,RIGHT,1,1.5,,,-1.0,-1.0,0.0,2.0,0.0,,19.25,17.25,19.75,18.25,PASS_BOUNDARY,
OUTER_SIDE,RIGHT,1,1.5,,,-1.0,-1.0,1.0,0.0,0.0,,19.25,18.25,19.75,18.25,PASS_BOUNDARY,
OUTER_SIDE,RIGHT,1,1.5,,,-1.0,-1.0,1.0,1.0,0.0,,19.25,17.25,19.75,18.25,PASS_BOUNDARY,
OUTER_SIDE,RIGHT,1,1.5,,,-1.0,-1.0,1.0,2.0,0.0,,19.25,16.25,19.75,18.25,PASS_BOUNDARY,
OUTER_SIDE,RIGHT,1,1.5,,,-1.0,-1.0,2.0,0.0,0.0,,19.25,17.25,19.75,18.25,PASS_BOUNDARY,
OUTER_SIDE,RIGHT,1,1.5,,,-1.0,-1.0,2.0,1.0,0.0,,19.25,16.25,19.75,18.25,PASS_BOUNDARY,
OUTER_SIDE,RIGHT,1,1.5,,,-1.0,-1.0,2.0,2.0,0.0,,19.25,15.25,19.75,18.25,PASS_BOUNDARY,
OUTER_SIDE,RIGHT,1,1.5,,,-1.0,0.0,0.0,0.0,1.0,,19.25,18.25,19.75,17.25,PASS_BOUNDARY,
OUTER_SIDE,RIGHT,1,1.5,,,-1.0,0.0,0.0,1.0,1.0,,19.25,17.25,19.75,17.25,PASS_BOUNDARY,
OUTER_SIDE,RIGHT,1,1.5,,,-1.0,0.0,0.0,2.0,1.0,,19.25,16.25,19.75,17.25,PASS_BOUNDARY,
OUTER_SIDE,RIGHT,1,1.5,,,-1.0,0.0,1.0,0.0,1.0,,19.25,17.25,19.75,17.25,PASS_BOUNDARY,
OUTER_SIDE,RIGHT,1,1.5,,,-1.0,0.0,1.0,1.0,1.0,,19.25,16.25,19.75,17.25,PASS_BOUNDARY,
OUTER_SIDE,RIGHT,1,1.5,,,-1.0,0.0,1.0,2.0,1.0,,19.25,15.25,19.75,17.25,PASS_BOUNDARY,
OUTER_SIDE,RIGHT,1,1.5,,,-1.0,0.0,2.0,0.0,1.0,,19.25,16.25,19.75,17.25,PASS_BOUNDARY,
OUTER_SIDE,RIGHT,1,1.5,,,-1.0,0.0,2.0,1.0,1.0,,19.25,15.25,19.75,17.25,PASS_BOUNDARY,
OUTER_SIDE,RIGHT,1,1.5,,,-1.0,0.0,2.0,2.0,1.0,,19.25,14.25,19.75,17.25,PASS_BOUNDARY,
OUTER_SIDE,RIGHT,1,1.5,,,-1.0,1.0,0.0,0.0,2.0,,19.25,17.25,19.75,16.25,PASS_BOUNDARY,
OUTER_SIDE,RIGHT,1,1.5,,,-1.0,1.0,0.0,1.0,2.0,,19.25,16.25,19.75,16.25,PASS_BOUNDARY,
OUTER_SIDE,RIGHT,1,1.5,,,-1.0,1.0,0.0,2.0,2.0,,19.25,15.25,19.75,16.25,PASS_BOUNDARY,
OUTER_SIDE,RIGHT,1,1.5,,,-1.0,1.0,1.0,0.0,2.0,,19.25,16.25,19.75,16.25,PASS_BOUNDARY,
OUTER_SIDE,RIGHT,1,1.5,,,-1.0,1.0,1.0,1.0,2.0,,19.25,15.25,19.75,16.25,PASS_BOUNDARY,
OUTER_SIDE,RIGHT,1,1.5,,,-1.0,1.0,1.0,2.0,2.0,,19.25,14.25,19.75,16.25,PASS_BOUNDARY,
OUTER_SIDE,RIGHT,1,1.5,,,-1.0,1.0,2.0,0.0,2.0,,19.25,15.25,19.75,16.25,PASS_BOUNDARY,
OUTER_SIDE,RIGHT,1,1.5,,,-1.0,1.0,2.0,1.0,2.0,,19.25,14.25,19.75,16.25,PASS_BOUNDARY,
OUTER_SIDE,RIGHT,1,1.5,,,-1.0,1.0,2.0,2.0,2.0,,19.25,13.25,19.75,16.25,PASS_BOUNDARY,
OUTER_SIDE,RIGHT,1,1.5,,,0.0,-1.0,0.0,0.0,1.0,,19.25,18.25,19.75,17.25,PASS_BOUNDARY,
OUTER_SIDE,RIGHT,1,1.5,,,0.0,-1.0,0.0,1.0,1.0,,19.25,17.25,19.75,17.25,PASS_BOUNDARY,
OUTER_SIDE,RIGHT,1,1.5,,,0.0,-1.0,0.0,2.0,1.0,,19.25,16.25,19.75,17.25,PASS_BOUNDARY,
OUTER_SIDE,RIGHT,1,1.5,,,0.0,-1.0,1.0,0.0,1.0,,19.25,17.25,19.75,17.25,PASS_BOUNDARY,
OUTER_SIDE,RIGHT,1,1.5,,,0.0,-1.0,1.0,1.0,1.0,,19.25,16.25,19.75,17.25,PASS_BOUNDARY,
OUTER_SIDE,RIGHT,1,1.5,,,0.0,-1.0,1.0,2.0,1.0,,19.25,15.25,19.75,17.25,PASS_BOUNDARY,
OUTER_SIDE,RIGHT,1,1.5,,,0.0,-1.0,2.0,0.0,1.0,,19.25,16.25,19.75,17.25,PASS_BOUNDARY,
OUTER_SIDE,RIGHT,1,1.5,,,0.0,-1.0,2.0,1.0,1.0,,19.25,15.25,19.75,17.25,PASS_BOUNDARY,
OUTER_SIDE,RIGHT,1,1.5,,,0.0,-1.0,2.0,2.0,1.0,,19.25,14.25,19.75,17.25,PASS_BOUNDARY,
OUTER_SIDE,RIGHT,1,1.5,,,0.0,0.0,0.0,0.0,0.0,,19.25,19.25,19.75,18.25,PASS_BOUNDARY,
OUTER_SIDE,RIGHT,1,1.5,,,0.0,0.0,0.0,1.0,0.0,,19.25,18.25,19.75,18.25,PASS_BOUNDARY,
OUTER_SIDE,RIGHT,1,1.5,,,0.0,0.0,0.0,2.0,0.0,,19.25,17.25,19.75,18.25,PASS_BOUNDARY,
OUTER_SIDE,RIGHT,1,1.5,,,0.0,0.0,1.0,0.0,0.0,,19.25,18.25,19.75,18.25,PASS_BOUNDARY,
OUTER_SIDE,RIGHT,1,1.5,,,0.0,0.0,1.0,1.0,0.0,,19.25,17.25,19.75,18.25,PASS_BOUNDARY,
OUTER_SIDE,RIGHT,1,1.5,,,0.0,0.0,1.0,2.0,0.0,,19.25,16.25,19.75,18.25,PASS_BOUNDARY,
OUTER_SIDE,RIGHT,1,1.5,,,0.0,0.0,2.0,0.0,0.0,,19.25,17.25,19.75,18.25,PASS_BOUNDARY,
OUTER_SIDE,RIGHT,1,1.5,,,0.0,0.0,2.0,1.0,0.0,,19.25,16.25,19.75,18.25,PASS_BOUNDARY,
OUTER_SIDE,RIGHT,1,1.5,,,0.0,0.0,2.0,2.0,0.0,,19.25,15.25,19.75,18.25,PASS_BOUNDARY,
OUTER_SIDE,RIGHT,1,1.5,,,0.0,1.0,0.0,0.0,1.0,,19.25,18.25,19.75,17.25,PASS_BOUNDARY,
OUTER_SIDE,RIGHT,1,1.5,,,0.0,1.0,0.0,1.0,1.0,,19.25,17.25,19.75,17.25,PASS_BOUNDARY,
OUTER_SIDE,RIGHT,1,1.5,,,0.0,1.0,0.0,2.0,1.0,,19.25,16.25,19.75,17.25,PASS_BOUNDARY,
OUTER_SIDE,RIGHT,1,1.5,,,0.0,1.0,1.0,0.0,1.0,,19.25,17.25,19.75,17.25,PASS_BOUNDARY,
OUTER_SIDE,RIGHT,1,1.5,,,0.0,1.0,1.0,1.0,1.0,,19.25,16.25,19.75,17.25,PASS_BOUNDARY,
OUTER_SIDE,RIGHT,1,1.5,,,0.0,1.0,1.0,2.0,1.0,,19.25,15.25,19.75,17.25,PASS_BOUNDARY,
OUTER_SIDE,RIGHT,1,1.5,,,0.0,1.0,2.0,0.0,1.0,,19.25,16.25,19.75,17.25,PASS_BOUNDARY,
OUTER_SIDE,RIGHT,1,1.5,,,0.0,1.0,2.0,1.0,1.0,,19.25,15.25,19.75,17.25,PASS_BOUNDARY,
OUTER_SIDE,RIGHT,1,1.5,,,0.0,1.0,2.0,2.0,1.0,,19.25,14.25,19.75,17.25,PASS_BOUNDARY,
OUTER_SIDE,RIGHT,1,1.5,,,1.0,-1.0,0.0,0.0,2.0,,19.25,17.25,19.75,16.25,PASS_BOUNDARY,
OUTER_SIDE,RIGHT,1,1.5,,,1.0,-1.0,0.0,1.0,2.0,,19.25,16.25,19.75,16.25,PASS_BOUNDARY,
OUTER_SIDE,RIGHT,1,1.5,,,1.0,-1.0,0.0,2.0,2.0,,19.25,15.25,19.75,16.25,PASS_BOUNDARY,
OUTER_SIDE,RIGHT,1,1.5,,,1.0,-1.0,1.0,0.0,2.0,,19.25,16.25,19.75,16.25,PASS_BOUNDARY,
OUTER_SIDE,RIGHT,1,1.5,,,1.0,-1.0,1.0,1.0,2.0,,19.25,15.25,19.75,16.25,PASS_BOUNDARY,
OUTER_SIDE,RIGHT,1,1.5,,,1.0,-1.0,1.0,2.0,2.0,,19.25,14.25,19.75,16.25,PASS_BOUNDARY,
OUTER_SIDE,RIGHT,1,1.5,,,1.0,-1.0,2.0,0.0,2.0,,19.25,15.25,19.75,16.25,PASS_BOUNDARY,
OUTER_SIDE,RIGHT,1,1.5,,,1.0,-1.0,2.0,1.0,2.0,,19.25,14.25,19.75,16.25,PASS_BOUNDARY,
OUTER_SIDE,RIGHT,1,1.5,,,1.0,-1.0,2.0,2.0,2.0,,19.25,13.25,19.75,16.25,PASS_BOUNDARY,
OUTER_SIDE,RIGHT,1,1.5,,,1.0,0.0,0.0,0.0,1.0,,19.25,18.25,19.75,17.25,PASS_BOUNDARY,
OUTER_SIDE,RIGHT,1,1.5,,,1.0,0.0,0.0,1.0,1.0,,19.25,17.25,19.75,17.25,PASS_BOUNDARY,
OUTER_SIDE,RIGHT,1,1.5,,,1.0,0.0,0.0,2.0,1.0,,19.25,16.25,19.75,17.25,PASS_BOUNDARY,
OUTER_SIDE,RIGHT,1,1.5,,,1.0,0.0,1.0,0.0,1.0,,19.25,17.25,19.75,17.25,PASS_BOUNDARY,
OUTER_SIDE,RIGHT,1,1.5,,,1.0,0.0,1.0,1.0,1.0,,19.25,16.25,19.75,17.25,PASS_BOUNDARY,
OUTER_SIDE,RIGHT,1,1.5,,,1.0,0.0,1.0,2.0,1.0,,19.25,15.25,19.75,17.25,PASS_BOUNDARY,
OUTER_SIDE,RIGHT,1,1.5,,,1.0,0.0,2.0,0.0,1.0,,19.25,16.25,19.75,17.25,PASS_BOUNDARY,
OUTER_SIDE,RIGHT,1,1.5,,,1.0,0.0,2.0,1.0,1.0,,19.25,15.25,19.75,17.25,PASS_BOUNDARY,
OUTER_SIDE,RIGHT,1,1.5,,,1.0,0.0,2.0,2.0,1.0,,19.25,14.25,19.75,17.25,PASS_BOUNDARY,
OUTER_SIDE,RIGHT,1,1.5,,,1.0,1.0,0.0,0.0,0.0,,19.25,19.25,19.75,18.25,PASS_BOUNDARY,
OUTER_SIDE,RIGHT,1,1.5,,,1.0,1.0,0.0,1.0,0.0,,19.25,18.25,19.75,18.25,PASS_BOUNDARY,
OUTER_SIDE,RIGHT,1,1.5,,,1.0,1.0,0.0,2.0,0.0,,19.25,17.25,19.75,18.25,PASS_BOUNDARY,
OUTER_SIDE,RIGHT,1,1.5,,,1.0,1.0,1.0,0.0,0.0,,19.25,18.25,19.75,18.25,PASS_BOUNDARY,
OUTER_SIDE,RIGHT,1,1.5,,,1.0,1.0,1.0,1.0,0.0,,19.25,17.25,19.75,18.25,PASS_BOUNDARY,
OUTER_SIDE,RIGHT,1,1.5,,,1.0,1.0,1.0,2.0,0.0,,19.25,16.25,19.75,18.25,PASS_BOUNDARY,
OUTER_SIDE,RIGHT,1,1.5,,,1.0,1.0,2.0,0.0,0.0,,19.25,17.25,19.75,18.25,PASS_BOUNDARY,
OUTER_SIDE,RIGHT,1,1.5,,,1.0,1.0,2.0,1.0,0.0,,19.25,16.25,19.75,18.25,PASS_BOUNDARY,
OUTER_SIDE,RIGHT,1,1.5,,,1.0,1.0,2.0,2.0,0.0,,19.25,15.25,19.75,18.25,PASS_BOUNDARY,
OUTER_SIDE,RIGHT,2,0.0,,,-1.0,-1.0,0.0,0.0,0.0,,18.25,18.25,18.75,18.75,PASS_BOUNDARY,
OUTER_SIDE,RIGHT,2,0.0,,,-1.0,-1.0,0.0,1.0,0.0,,18.25,17.25,18.75,18.75,PASS_BOUNDARY,
OUTER_SIDE,RIGHT,2,0.0,,,-1.0,-1.0,0.0,2.0,0.0,,18.25,16.25,18.75,18.75,PASS_BOUNDARY,
OUTER_SIDE,RIGHT,2,0.0,,,-1.0,-1.0,1.0,0.0,0.0,,18.25,17.25,18.75,18.75,PASS_BOUNDARY,
OUTER_SIDE,RIGHT,2,0.0,,,-1.0,-1.0,1.0,1.0,0.0,,18.25,16.25,18.75,18.75,PASS_BOUNDARY,
OUTER_SIDE,RIGHT,2,0.0,,,-1.0,-1.0,1.0,2.0,0.0,,18.25,15.25,18.75,18.75,PASS_BOUNDARY,
OUTER_SIDE,RIGHT,2,0.0,,,-1.0,-1.0,2.0,0.0,0.0,,18.25,16.25,18.75,18.75,PASS_BOUNDARY,
OUTER_SIDE,RIGHT,2,0.0,,,-1.0,-1.0,2.0,1.0,0.0,,18.25,15.25,18.75,18.75,PASS_BOUNDARY,
OUTER_SIDE,RIGHT,2,0.0,,,-1.0,-1.0,2.0,2.0,0.0,,18.25,14.25,18.75,18.75,PASS_BOUNDARY,
OUTER_SIDE,RIGHT,2,0.0,,,-1.0,0.0,0.0,0.0,1.0,,18.25,17.25,18.75,17.75,PASS_BOUNDARY,
OUTER_SIDE,RIGHT,2,0.0,,,-1.0,0.0,0.0,1.0,1.0,,18.25,16.25,18.75,17.75,PASS_BOUNDARY,
OUTER_SIDE,RIGHT,2,0.0,,,-1.0,0.0,0.0,2.0,1.0,,18.25,15.25,18.75,17.75,PASS_BOUNDARY,
OUTER_SIDE,RIGHT,2,0.0,,,-1.0,0.0,1.0,0.0,1.0,,18.25,16.25,18.75,17.75,PASS_BOUNDARY,
OUTER_SIDE,RIGHT,2,0.0,,,-1.0,0.0,1.0,1.0,1.0,,18.25,15.25,18.75,17.75,PASS_BOUNDARY,
OUTER_SIDE,RIGHT,2,0.0,,,-1.0,0.0,1.0,2.0,1.0,,18.25,14.25,18.75,17.75,PASS_BOUNDARY,
OUTER_SIDE,RIGHT,2,0.0,,,-1.0,0.0,2.0,0.0,1.0,,18.25,15.25,18.75,17.75,PASS_BOUNDARY,
OUTER_SIDE,RIGHT,2,0.0,,,-1.0,0.0,2.0,1.0,1.0,,18.25,14.25,18.75,17.75,PASS_BOUNDARY,
OUTER_SIDE,RIGHT,2,0.0,,,-1.0,0.0,2.0,2.0,1.0,,18.25,13.25,18.75,17.75,PASS_BOUNDARY,
OUTER_SIDE,RIGHT,2,0.0,,,-1.0,1.0,0.0,0.0,2.0,,18.25,16.25,18.75,16.75,PASS_BOUNDARY,
OUTER_SIDE,RIGHT,2,0.0,,,-1.0,1.0,0.0,1.0,2.0,,18.25,15.25,18.75,16.75,PASS_BOUNDARY,
OUTER_SIDE,RIGHT,2,0.0,,,-1.0,1.0,0.0,2.0,2.0,,18.25,14.25,18.75,16.75,PASS_BOUNDARY,
OUTER_SIDE,RIGHT,2,0.0,,,-1.0,1.0,1.0,0.0,2.0,,18.25,15.25,18.75,16.75,PASS_BOUNDARY,
OUTER_SIDE,RIGHT,2,0.0,,,-1.0,1.0,1.0,1.0,2.0,,18.25,14.25,18.75,16.75,PASS_BOUNDARY,
OUTER_SIDE,RIGHT,2,0.0,,,-1.0,1.0,1.0,2.0,2.0,,18.25,13.25,18.75,16.75,PASS_BOUNDARY,
OUTER_SIDE,RIGHT,2,0.0,,,-1.0,1.0,2.0,0.0,2.0,,18.25,14.25,18.75,16.75,PASS_BOUNDARY,
OUTER_SIDE,RIGHT,2,0.0,,,-1.0,1.0,2.0,1.0,2.0,,18.25,13.25,18.75,16.75,PASS_BOUNDARY,
OUTER_SIDE,RIGHT,2,0.0,,,-1.0,1.0,2.0,2.0,2.0,,18.25,12.25,18.75,16.75,PASS_BOUNDARY,
OUTER_SIDE,RIGHT,2,0.0,,,0.0,-1.0,0.0,0.0,1.0,,18.25,17.25,18.75,17.75,PASS_BOUNDARY,
OUTER_SIDE,RIGHT,2,0.0,,,0.0,-1.0,0.0,1.0,1.0,,18.25,16.25,18.75,17.75,PASS_BOUNDARY,
OUTER_SIDE,RIGHT,2,0.0,,,0.0,-1.0,0.0,2.0,1.0,,18.25,15.25,18.75,17.75,PASS_BOUNDARY,
OUTER_SIDE,RIGHT,2,0.0,,,0.0,-1.0,1.0,0.0,1.0,,18.25,16.25,18.75,17.75,PASS_BOUNDARY,
OUTER_SIDE,RIGHT,2,0.0,,,0.0,-1.0,1.0,1.0,1.0,,18.25,15.25,18.75,17.75,PASS_BOUNDARY,
OUTER_SIDE,RIGHT,2,0.0,,,0.0,-1.0,1.0,2.0,1.0,,18.25,14.25,18.75,17.75,PASS_BOUNDARY,
OUTER_SIDE,RIGHT,2,0.0,,,0.0,-1.0,2.0,0.0,1.0,,18.25,15.25,18.75,17.75,PASS_BOUNDARY,
OUTER_SIDE,RIGHT,2,0.0,,,0.0,-1.0,2.0,1.0,1.0,,18.25,14.25,18.75,17.75,PASS_BOUNDARY,
OUTER_SIDE,RIGHT,2,0.0,,,0.0,-1.0,2.0,2.0,1.0,,18.25,13.25,18.75,17.75,PASS_BOUNDARY,
OUTER_SIDE,RIGHT,2,0.0,,,0.0,0.0,0.0,0.0,0.0,,18.25,18.25,18.75,18.75,PASS_BOUNDARY,
OUTER_SIDE,RIGHT,2,0.0,,,0.0,0.0,0.0,1.0,0.0,,18.25,17.25,18.75,18.75,PASS_BOUNDARY,
OUTER_SIDE,RIGHT,2,0.0,,,0.0,0.0,0.0,2.0,0.0,,18.25,16.25,18.75,18.75,PASS_BOUNDARY,
OUTER_SIDE,RIGHT,2,0.0,,,0.0,0.0,1.0,0.0,0.0,,18.25,17.25,18.75,18.75,PASS_BOUNDARY,
OUTER_SIDE,RIGHT,2,0.0,,,0.0,0.0,1.0,1.0,0.0,,18.25,16.25,18.75,18.75,PASS_BOUNDARY,
OUTER_SIDE,RIGHT,2,0.0,,,0.0,0.0,1.0,2.0,0.0,,18.25,15.25,18.75,18.75,PASS_BOUNDARY,
OUTER_SIDE,RIGHT,2,0.0,,,0.0,0.0,2.0,0.0,0.0,,18.25,16.25,18.75,18.75,PASS_BOUNDARY,
OUTER_SIDE,RIGHT,2,0.0,,,0.0,0.0,2.0,1.0,0.0,,18.25,15.25,18.75,18.75,PASS_BOUNDARY,
OUTER_SIDE,RIGHT,2,0.0,,,0.0,0.0,2.0,2.0,0.0,,18.25,14.25,18.75,18.75,PASS_BOUNDARY,
OUTER_SIDE,RIGHT,2,0.0,,,0.0,1.0,0.0,0.0,1.0,,18.25,17.25,18.75,17.75,PASS_BOUNDARY,
OUTER_SIDE,RIGHT,2,0.0,,,0.0,1.0,0.0,1.0,1.0,,18.25,16.25,18.75,17.75,PASS_BOUNDARY,
OUTER_SIDE,RIGHT,2,0.0,,,0.0,1.0,0.0,2.0,1.0,,18.25,15.25,18.75,17.75,PASS_BOUNDARY,
OUTER_SIDE,RIGHT,2,0.0,,,0.0,1.0,1.0,0.0,1.0,,18.25,16.25,18.75,17.75,PASS_BOUNDARY,
OUTER_SIDE,RIGHT,2,0.0,,,0.0,1.0,1.0,1.0,1.0,,18.25,15.25,18.75,17.75,PASS_BOUNDARY,
OUTER_SIDE,RIGHT,2,0.0,,,0.0,1.0,1.0,2.0,1.0,,18.25,14.25,18.75,17.75,PASS_BOUNDARY,
OUTER_SIDE,RIGHT,2,0.0,,,0.0,1.0,2.0,0.0,1.0,,18.25,15.25,18.75,17.75,PASS_BOUNDARY,
OUTER_SIDE,RIGHT,2,0.0,,,0.0,1.0,2.0,1.0,1.0,,18.25,14.25,18.75,17.75,PASS_BOUNDARY,
OUTER_SIDE,RIGHT,2,0.0,,,0.0,1.0,2.0,2.0,1.0,,18.25,13.25,18.75,17.75,PASS_BOUNDARY,
OUTER_SIDE,RIGHT,2,0.0,,,1.0,-1.0,0.0,0.0,2.0,,18.25,16.25,18.75,16.75,PASS_BOUNDARY,
OUTER_SIDE,RIGHT,2,0.0,,,1.0,-1.0,0.0,1.0,2.0,,18.25,15.25,18.75,16.75,PASS_BOUNDARY,
OUTER_SIDE,RIGHT,2,0.0,,,1.0,-1.0,0.0,2.0,2.0,,18.25,14.25,18.75,16.75,PASS_BOUNDARY,
OUTER_SIDE,RIGHT,2,0.0,,,1.0,-1.0,1.0,0.0,2.0,,18.25,15.25,18.75,16.75,PASS_BOUNDARY,
OUTER_SIDE,RIGHT,2,0.0,,,1.0,-1.0,1.0,1.0,2.0,,18.25,14.25,18.75,16.75,PASS_BOUNDARY,
OUTER_SIDE,RIGHT,2,0.0,,,1.0,-1.0,1.0,2.0,2.0,,18.25,13.25,18.75,16.75,PASS_BOUNDARY,
OUTER_SIDE,RIGHT,2,0.0,,,1.0,-1.0,2.0,0.0,2.0,,18.25,14.25,18.75,16.75,PASS_BOUNDARY,
OUTER_SIDE,RIGHT,2,0.0,,,1.0,-1.0,2.0,1.0,2.0,,18.25,13.25,18.75,16.75,PASS_BOUNDARY,
OUTER_SIDE,RIGHT,2,0.0,,,1.0,-1.0,2.0,2.0,2.0,,18.25,12.25,18.75,16.75,PASS_BOUNDARY,
OUTER_SIDE,RIGHT,2,0.0,,,1.0,0.0,0.0,0.0,1.0,,18.25,17.25,18.75,17.75,PASS_BOUNDARY,
OUTER_SIDE,RIGHT,2,0.0,,,1.0,0.0,0.0,1.0,1.0,,18.25,16.25,18.75,17.75,PASS_BOUNDARY,
OUTER_SIDE,RIGHT,2,0.0,,,1.0,0.0,0.0,2.0,1.0,,18.25,15.25,18.75,17.75,PASS_BOUNDARY,
OUTER_SIDE,RIGHT,2,0.0,,,1.0,0.0,1.0,0.0,1.0,,18.25,16.25,18.75,17.75,PASS_BOUNDARY,
OUTER_SIDE,RIGHT,2,0.0,,,1.0,0.0,1.0,1.0,1.0,,18.25,15.25,18.75,17.75,PASS_BOUNDARY,
OUTER_SIDE,RIGHT,2,0.0,,,1.0,0.0,1.0,2.0,1.0,,18.25,14.25,18.75,17.75,PASS_BOUNDARY,
OUTER_SIDE,RIGHT,2,0.0,,,1.0,0.0,2.0,0.0,1.0,,18.25,15.25,18.75,17.75,PASS_BOUNDARY,
OUTER_SIDE,RIGHT,2,0.0,,,1.0,0.0,2.0,1.0,1.0,,18.25,14.25,18.75,17.75,PASS_BOUNDARY,
OUTER_SIDE,RIGHT,2,0.0,,,1.0,0.0,2.0,2.0,1.0,,18.25,13.25,18.75,17.75,PASS_BOUNDARY,
OUTER_SIDE,RIGHT,2,0.0,,,1.0,1.0,0.0,0.0,0.0,,18.25,18.25,18.75,18.75,PASS_BOUNDARY,
OUTER_SIDE,RIGHT,2,0.0,,,1.0,1.0,0.0,1.0,0.0,,18.25,17.25,18.75,18.75,PASS_BOUNDARY,
OUTER_SIDE,RIGHT,2,0.0,,,1.0,1.0,0.0,2.0,0.0,,18.25,16.25,18.75,18.75,PASS_BOUNDARY,
OUTER_SIDE,RIGHT,2,0.0,,,1.0,1.0,1.0,0.0,0.0,,18.25,17.25,18.75,18.75,PASS_BOUNDARY,
OUTER_SIDE,RIGHT,2,0.0,,,1.0,1.0,1.0,1.0,0.0,,18.25,16.25,18.75,18.75,PASS_BOUNDARY,
OUTER_SIDE,RIGHT,2,0.0,,,1.0,1.0,1.0,2.0,0.0,,18.25,15.25,18.75,18.75,PASS_BOUNDARY,
OUTER_SIDE,RIGHT,2,0.0,,,1.0,1.0,2.0,0.0,0.0,,18.25,16.25,18.75,18.75,PASS_BOUNDARY,
OUTER_SIDE,RIGHT,2,0.0,,,1.0,1.0,2.0,1.0,0.0,,18.25,15.25,18.75,18.75,PASS_BOUNDARY,
OUTER_SIDE,RIGHT,2,0.0,,,1.0,1.0,2.0,2.0,0.0,,18.25,14.25,18.75,18.75,PASS_BOUNDARY,
OUTER_SIDE,RIGHT,2,0.5,,,-1.0,-1.0,0.0,0.0,0.0,,18.25,18.25,18.75,18.25,PASS_BOUNDARY,
OUTER_SIDE,RIGHT,2,0.5,,,-1.0,-1.0,0.0,1.0,0.0,,18.25,17.25,18.75,18.25,PASS_BOUNDARY,
OUTER_SIDE,RIGHT,2,0.5,,,-1.0,-1.0,0.0,2.0,0.0,,18.25,16.25,18.75,18.25,PASS_BOUNDARY,
OUTER_SIDE,RIGHT,2,0.5,,,-1.0,-1.0,1.0,0.0,0.0,,18.25,17.25,18.75,18.25,PASS_BOUNDARY,
OUTER_SIDE,RIGHT,2,0.5,,,-1.0,-1.0,1.0,1.0,0.0,,18.25,16.25,18.75,18.25,PASS_BOUNDARY,
OUTER_SIDE,RIGHT,2,0.5,,,-1.0,-1.0,1.0,2.0,0.0,,18.25,15.25,18.75,18.25,PASS_BOUNDARY,
OUTER_SIDE,RIGHT,2,0.5,,,-1.0,-1.0,2.0,0.0,0.0,,18.25,16.25,18.75,18.25,PASS_BOUNDARY,
OUTER_SIDE,RIGHT,2,0.5,,,-1.0,-1.0,2.0,1.0,0.0,,18.25,15.25,18.75,18.25,PASS_BOUNDARY,
OUTER_SIDE,RIGHT,2,0.5,,,-1.0,-1.0,2.0,2.0,0.0,,18.25,14.25,18.75,18.25,PASS_BOUNDARY,
OUTER_SIDE,RIGHT,2,0.5,,,-1.0,0.0,0.0,0.0,1.0,,18.25,17.25,18.75,17.25,PASS_BOUNDARY,
OUTER_SIDE,RIGHT,2,0.5,,,-1.0,0.0,0.0,1.0,1.0,,18.25,16.25,18.75,17.25,PASS_BOUNDARY,
OUTER_SIDE,RIGHT,2,0.5,,,-1.0,0.0,0.0,2.0,1.0,,18.25,15.25,18.75,17.25,PASS_BOUNDARY,
OUTER_SIDE,RIGHT,2,0.5,,,-1.0,0.0,1.0,0.0,1.0,,18.25,16.25,18.75,17.25,PASS_BOUNDARY,
OUTER_SIDE,RIGHT,2,0.5,,,-1.0,0.0,1.0,1.0,1.0,,18.25,15.25,18.75,17.25,PASS_BOUNDARY,
OUTER_SIDE,RIGHT,2,0.5,,,-1.0,0.0,1.0,2.0,1.0,,18.25,14.25,18.75,17.25,PASS_BOUNDARY,
OUTER_SIDE,RIGHT,2,0.5,,,-1.0,0.0,2.0,0.0,1.0,,18.25,15.25,18.75,17.25,PASS_BOUNDARY,
OUTER_SIDE,RIGHT,2,0.5,,,-1.0,0.0,2.0,1.0,1.0,,18.25,14.25,18.75,17.25,PASS_BOUNDARY,
OUTER_SIDE,RIGHT,2,0.5,,,-1.0,0.0,2.0,2.0,1.0,,18.25,13.25,18.75,17.25,PASS_BOUNDARY,
OUTER_SIDE,RIGHT,2,0.5,,,-1.0,1.0,0.0,0.0,2.0,,18.25,16.25,18.75,16.25,PASS_BOUNDARY,
OUTER_SIDE,RIGHT,2,0.5,,,-1.0,1.0,0.0,1.0,2.0,,18.25,15.25,18.75,16.25,PASS_BOUNDARY,
OUTER_SIDE,RIGHT,2,0.5,,,-1.0,1.0,0.0,2.0,2.0,,18.25,14.25,18.75,16.25,PASS_BOUNDARY,
OUTER_SIDE,RIGHT,2,0.5,,,-1.0,1.0,1.0,0.0,2.0,,18.25,15.25,18.75,16.25,PASS_BOUNDARY,
OUTER_SIDE,RIGHT,2,0.5,,,-1.0,1.0,1.0,1.0,2.0,,18.25,14.25,18.75,16.25,PASS_BOUNDARY,
OUTER_SIDE,RIGHT,2,0.5,,,-1.0,1.0,1.0,2.0,2.0,,18.25,13.25,18.75,16.25,PASS_BOUNDARY,
OUTER_SIDE,RIGHT,2,0.5,,,-1.0,1.0,2.0,0.0,2.0,,18.25,14.25,18.75,16.25,PASS_BOUNDARY,
OUTER_SIDE,RIGHT,2,0.5,,,-1.0,1.0,2.0,1.0,2.0,,18.25,13.25,18.75,16.25,PASS_BOUNDARY,
OUTER_SIDE,RIGHT,2,0.5,,,-1.0,1.0,2.0,2.0,2.0,,18.25,12.25,18.75,16.25,PASS_BOUNDARY,
OUTER_SIDE,RIGHT,2,0.5,,,0.0,-1.0,0.0,0.0,1.0,,18.25,17.25,18.75,17.25,PASS_BOUNDARY,
OUTER_SIDE,RIGHT,2,0.5,,,0.0,-1.0,0.0,1.0,1.0,,18.25,16.25,18.75,17.25,PASS_BOUNDARY,
OUTER_SIDE,RIGHT,2,0.5,,,0.0,-1.0,0.0,2.0,1.0,,18.25,15.25,18.75,17.25,PASS_BOUNDARY,
OUTER_SIDE,RIGHT,2,0.5,,,0.0,-1.0,1.0,0.0,1.0,,18.25,16.25,18.75,17.25,PASS_BOUNDARY,
OUTER_SIDE,RIGHT,2,0.5,,,0.0,-1.0,1.0,1.0,1.0,,18.25,15.25,18.75,17.25,PASS_BOUNDARY,
OUTER_SIDE,RIGHT,2,0.5,,,0.0,-1.0,1.0,2.0,1.0,,18.25,14.25,18.75,17.25,PASS_BOUNDARY,
OUTER_SIDE,RIGHT,2,0.5,,,0.0,-1.0,2.0,0.0,1.0,,18.25,15.25,18.75,17.25,PASS_BOUNDARY,
OUTER_SIDE,RIGHT,2,0.5,,,0.0,-1.0,2.0,1.0,1.0,,18.25,14.25,18.75,17.25,PASS_BOUNDARY,
OUTER_SIDE,RIGHT,2,0.5,,,0.0,-1.0,2.0,2.0,1.0,,18.25,13.25,18.75,17.25,PASS_BOUNDARY,
OUTER_SIDE,RIGHT,2,0.5,,,0.0,0.0,0.0,0.0,0.0,,18.25,18.25,18.75,18.25,PASS_BOUNDARY,
OUTER_SIDE,RIGHT,2,0.5,,,0.0,0.0,0.0,1.0,0.0,,18.25,17.25,18.75,18.25,PASS_BOUNDARY,
OUTER_SIDE,RIGHT,2,0.5,,,0.0,0.0,0.0,2.0,0.0,,18.25,16.25,18.75,18.25,PASS_BOUNDARY,
OUTER_SIDE,RIGHT,2,0.5,,,0.0,0.0,1.0,0.0,0.0,,18.25,17.25,18.75,18.25,PASS_BOUNDARY,
OUTER_SIDE,RIGHT,2,0.5,,,0.0,0.0,1.0,1.0,0.0,,18.25,16.25,18.75,18.25,PASS_BOUNDARY,
OUTER_SIDE,RIGHT,2,0.5,,,0.0,0.0,1.0,2.0,0.0,,18.25,15.25,18.75,18.25,PASS_BOUNDARY,
OUTER_SIDE,RIGHT,2,0.5,,,0.0,0.0,2.0,0.0,0.0,,18.25,16.25,18.75,18.25,PASS_BOUNDARY,
OUTER_SIDE,RIGHT,2,0.5,,,0.0,0.0,2.0,1.0,0.0,,18.25,15.25,18.75,18.25,PASS_BOUNDARY,
OUTER_SIDE,RIGHT,2,0.5,,,0.0,0.0,2.0,2.0,0.0,,18.25,14.25,18.75,18.25,PASS_BOUNDARY,
OUTER_SIDE,RIGHT,2,0.5,,,0.0,1.0,0.0,0.0,1.0,,18.25,17.25,18.75,17.25,PASS_BOUNDARY,
OUTER_SIDE,RIGHT,2,0.5,,,0.0,1.0,0.0,1.0,1.0,,18.25,16.25,18.75,17.25,PASS_BOUNDARY,
OUTER_SIDE,RIGHT,2,0.5,,,0.0,1.0,0.0,2.0,1.0,,18.25,15.25,18.75,17.25,PASS_BOUNDARY,
OUTER_SIDE,RIGHT,2,0.5,,,0.0,1.0,1.0,0.0,1.0,,18.25,16.25,18.75,17.25,PASS_BOUNDARY,
OUTER_SIDE,RIGHT,2,0.5,,,0.0,1.0,1.0,1.0,1.0,,18.25,15.25,18.75,17.25,PASS_BOUNDARY,
OUTER_SIDE,RIGHT,2,0.5,,,0.0,1.0,1.0,2.0,1.0,,18.25,14.25,18.75,17.25,PASS_BOUNDARY,
OUTER_SIDE,RIGHT,2,0.5,,,0.0,1.0,2.0,0.0,1.0,,18.25,15.25,18.75,17.25,PASS_BOUNDARY,
OUTER_SIDE,RIGHT,2,0.5,,,0.0,1.0,2.0,1.0,1.0,,18.25,14.25,18.75,17.25,PASS_BOUNDARY,
OUTER_SIDE,RIGHT,2,0.5,,,0.0,1.0,2.0,2.0,1.0,,18.25,13.25,18.75,17.25,PASS_BOUNDARY,
OUTER_SIDE,RIGHT,2,0.5,,,1.0,-1.0,0.0,0.0,2.0,,18.25,16.25,18.75,16.25,PASS_BOUNDARY,
OUTER_SIDE,RIGHT,2,0.5,,,1.0,-1.0,0.0,1.0,2.0,,18.25,15.25,18.75,16.25,PASS_BOUNDARY,
OUTER_SIDE,RIGHT,2,0.5,,,1.0,-1.0,0.0,2.0,2.0,,18.25,14.25,18.75,16.25,PASS_BOUNDARY,
OUTER_SIDE,RIGHT,2,0.5,,,1.0,-1.0,1.0,0.0,2.0,,18.25,15.25,18.75,16.25,PASS_BOUNDARY,
OUTER_SIDE,RIGHT,2,0.5,,,1.0,-1.0,1.0,1.0,2.0,,18.25,14.25,18.75,16.25,PASS_BOUNDARY,
OUTER_SIDE,RIGHT,2,0.5,,,1.0,-1.0,1.0,2.0,2.0,,18.25,13.25,18.75,16.25,PASS_BOUNDARY,
OUTER_SIDE,RIGHT,2,0.5,,,1.0,-1.0,2.0,0.0,2.0,,18.25,14.25,18.75,16.25,PASS_BOUNDARY,
OUTER_SIDE,RIGHT,2,0.5,,,1.0,-1.0,2.0,1.0,2.0,,18.25,13.25,18.75,16.25,PASS_BOUNDARY,
OUTER_SIDE,RIGHT,2,0.5,,,1.0,-1.0,2.0,2.0,2.0,,18.25,12.25,18.75,16.25,PASS_BOUNDARY,
OUTER_SIDE,RIGHT,2,0.5,,,1.0,0.0,0.0,0.0,1.0,,18.25,17.25,18.75,17.25,PASS_BOUNDARY,
OUTER_SIDE,RIGHT,2,0.5,,,1.0,0.0,0.0,1.0,1.0,,18.25,16.25,18.75,17.25,PASS_BOUNDARY,
OUTER_SIDE,RIGHT,2,0.5,,,1.0,0.0,0.0,2.0,1.0,,18.25,15.25,18.75,17.25,PASS_BOUNDARY,
OUTER_SIDE,RIGHT,2,0.5,,,1.0,0.0,1.0,0.0,1.0,,18.25,16.25,18.75,17.25,PASS_BOUNDARY,
OUTER_SIDE,RIGHT,2,0.5,,,1.0,0.0,1.0,1.0,1.0,,18.25,15.25,18.75,17.25,PASS_BOUNDARY,
OUTER_SIDE,RIGHT,2,0.5,,,1.0,0.0,1.0,2.0,1.0,,18.25,14.25,18.75,17.25,PASS_BOUNDARY,
OUTER_SIDE,RIGHT,2,0.5,,,1.0,0.0,2.0,0.0,1.0,,18.25,15.25,18.75,17.25,PASS_BOUNDARY,
OUTER_SIDE,RIGHT,2,0.5,,,1.0,0.0,2.0,1.0,1.0,,18.25,14.25,18.75,17.25,PASS_BOUNDARY,
OUTER_SIDE,RIGHT,2,0.5,,,1.0,0.0,2.0,2.0,1.0,,18.25,13.25,18.75,17.25,PASS_BOUNDARY,
OUTER_SIDE,RIGHT,2,0.5,,,1.0,1.0,0.0,0.0,0.0,,18.25,18.25,18.75,18.25,PASS_BOUNDARY,
OUTER_SIDE,RIGHT,2,0.5,,,1.0,1.0,0.0,1.0,0.0,,18.25,17.25,18.75,18.25,PASS_BOUNDARY,
OUTER_SIDE,RIGHT,2,0.5,,,1.0,1.0,0.0,2.0,0.0,,18.25,16.25,18.75,18.25,PASS_BOUNDARY,
OUTER_SIDE,RIGHT,2,0.5,,,1.0,1.0,1.0,0.0,0.0,,18.25,17.25,18.75,18.25,PASS_BOUNDARY,
OUTER_SIDE,RIGHT,2,0.5,,,1.0,1.0,1.0,1.0,0.0,,18.25,16.25,18.75,18.25,PASS_BOUNDARY,
OUTER_SIDE,RIGHT,2,0.5,,,1.0,1.0,1.0,2.0,0.0,,18.25,15.25,18.75,18.25,PASS_BOUNDARY,
OUTER_SIDE,RIGHT,2,0.5,,,1.0,1.0,2.0,0.0,0.0,,18.25,16.25,18.75,18.25,PASS_BOUNDARY,
OUTER_SIDE,RIGHT,2,0.5,,,1.0,1.0,2.0,1.0,0.0,,18.25,15.25,18.75,18.25,PASS_BOUNDARY,
OUTER_SIDE,RIGHT,2,0.5,,,1.0,1.0,2.0,2.0,0.0,,18.25,14.25,18.75,18.25,PASS_BOUNDARY,
OUTER_SIDE,RIGHT,2,1.0,,,-1.0,-1.0,0.0,0.0,0.0,,18.25,18.25,18.75,17.75,PASS_BOUNDARY,
OUTER_SIDE,RIGHT,2,1.0,,,-1.0,-1.0,0.0,1.0,0.0,,18.25,17.25,18.75,17.75,PASS_BOUNDARY,
OUTER_SIDE,RIGHT,2,1.0,,,-1.0,-1.0,0.0,2.0,0.0,,18.25,16.25,18.75,17.75,PASS_BOUNDARY,
OUTER_SIDE,RIGHT,2,1.0,,,-1.0,-1.0,1.0,0.0,0.0,,18.25,17.25,18.75,17.75,PASS_BOUNDARY,
OUTER_SIDE,RIGHT,2,1.0,,,-1.0,-1.0,1.0,1.0,0.0,,18.25,16.25,18.75,17.75,PASS_BOUNDARY,
OUTER_SIDE,RIGHT,2,1.0,,,-1.0,-1.0,1.0,2.0,0.0,,18.25,15.25,18.75,17.75,PASS_BOUNDARY,
OUTER_SIDE,RIGHT,2,1.0,,,-1.0,-1.0,2.0,0.0,0.0,,18.25,16.25,18.75,17.75,PASS_BOUNDARY,
OUTER_SIDE,RIGHT,2,1.0,,,-1.0,-1.0,2.0,1.0,0.0,,18.25,15.25,18.75,17.75,PASS_BOUNDARY,
OUTER_SIDE,RIGHT,2,1.0,,,-1.0,-1.0,2.0,2.0,0.0,,18.25,14.25,18.75,17.75,PASS_BOUNDARY,
OUTER_SIDE,RIGHT,2,1.0,,,-1.0,0.0,0.0,0.0,1.0,,18.25,17.25,18.75,16.75,PASS_BOUNDARY,
OUTER_SIDE,RIGHT,2,1.0,,,-1.0,0.0,0.0,1.0,1.0,,18.25,16.25,18.75,16.75,PASS_BOUNDARY,
OUTER_SIDE,RIGHT,2,1.0,,,-1.0,0.0,0.0,2.0,1.0,,18.25,15.25,18.75,16.75,PASS_BOUNDARY,
OUTER_SIDE,RIGHT,2,1.0,,,-1.0,0.0,1.0,0.0,1.0,,18.25,16.25,18.75,16.75,PASS_BOUNDARY,
OUTER_SIDE,RIGHT,2,1.0,,,-1.0,0.0,1.0,1.0,1.0,,18.25,15.25,18.75,16.75,PASS_BOUNDARY,
OUTER_SIDE,RIGHT,2,1.0,,,-1.0,0.0,1.0,2.0,1.0,,18.25,14.25,18.75,16.75,PASS_BOUNDARY,
OUTER_SIDE,RIGHT,2,1.0,,,-1.0,0.0,2.0,0.0,1.0,,18.25,15.25,18.75,16.75,PASS_BOUNDARY,
OUTER_SIDE,RIGHT,2,1.0,,,-1.0,0.0,2.0,1.0,1.0,,18.25,14.25,18.75,16.75,PASS_BOUNDARY,
OUTER_SIDE,RIGHT,2,1.0,,,-1.0,0.0,2.0,2.0,1.0,,18.25,13.25,18.75,16.75,PASS_BOUNDARY,
OUTER_SIDE,RIGHT,2,1.0,,,-1.0,1.0,0.0,0.0,2.0,,18.25,16.25,18.75,15.75,PASS_BOUNDARY,
OUTER_SIDE,RIGHT,2,1.0,,,-1.0,1.0,0.0,1.0,2.0,,18.25,15.25,18.75,15.75,PASS_BOUNDARY,
OUTER_SIDE,RIGHT,2,1.0,,,-1.0,1.0,0.0,2.0,2.0,,18.25,14.25,18.75,15.75,PASS_BOUNDARY,
OUTER_SIDE,RIGHT,2,1.0,,,-1.0,1.0,1.0,0.0,2.0,,18.25,15.25,18.75,15.75,PASS_BOUNDARY,
OUTER_SIDE,RIGHT,2,1.0,,,-1.0,1.0,1.0,1.0,2.0,,18.25,14.25,18.75,15.75,PASS_BOUNDARY,
OUTER_SIDE,RIGHT,2,1.0,,,-1.0,1.0,1.0,2.0,2.0,,18.25,13.25,18.75,15.75,PASS_BOUNDARY,
OUTER_SIDE,RIGHT,2,1.0,,,-1.0,1.0,2.0,0.0,2.0,,18.25,14.25,18.75,15.75,PASS_BOUNDARY,
OUTER_SIDE,RIGHT,2,1.0,,,-1.0,1.0,2.0,1.0,2.0,,18.25,13.25,18.75,15.75,PASS_BOUNDARY,
OUTER_SIDE,RIGHT,2,1.0,,,-1.0,1.0,2.0,2.0,2.0,,18.25,12.25,18.75,15.75,PASS_BOUNDARY,
OUTER_SIDE,RIGHT,2,1.0,,,0.0,-1.0,0.0,0.0,1.0,,18.25,17.25,18.75,16.75,PASS_BOUNDARY,
OUTER_SIDE,RIGHT,2,1.0,,,0.0,-1.0,0.0,1.0,1.0,,18.25,16.25,18.75,16.75,PASS_BOUNDARY,
OUTER_SIDE,RIGHT,2,1.0,,,0.0,-1.0,0.0,2.0,1.0,,18.25,15.25,18.75,16.75,PASS_BOUNDARY,
OUTER_SIDE,RIGHT,2,1.0,,,0.0,-1.0,1.0,0.0,1.0,,18.25,16.25,18.75,16.75,PASS_BOUNDARY,
OUTER_SIDE,RIGHT,2,1.0,,,0.0,-1.0,1.0,1.0,1.0,,18.25,15.25,18.75,16.75,PASS_BOUNDARY,
OUTER_SIDE,RIGHT,2,1.0,,,0.0,-1.0,1.0,2.0,1.0,,18.25,14.25,18.75,16.75,PASS_BOUNDARY,
OUTER_SIDE,RIGHT,2,1.0,,,0.0,-1.0,2.0,0.0,1.0,,18.25,15.25,18.75,16.75,PASS_BOUNDARY,
OUTER_SIDE,RIGHT,2,1.0,,,0.0,-1.0,2.0,1.0,1.0,,18.25,14.25,18.75,16.75,PASS_BOUNDARY,
OUTER_SIDE,RIGHT,2,1.0,,,0.0,-1.0,2.0,2.0,1.0,,18.25,13.25,18.75,16.75,PASS_BOUNDARY,
OUTER_SIDE,RIGHT,2,1.0,,,0.0,0.0,0.0,0.0,0.0,,18.25,18.25,18.75,17.75,PASS_BOUNDARY,
OUTER_SIDE,RIGHT,2,1.0,,,0.0,0.0,0.0,1.0,0.0,,18.25,17.25,18.75,17.75,PASS_BOUNDARY,
OUTER_SIDE,RIGHT,2,1.0,,,0.0,0.0,0.0,2.0,0.0,,18.25,16.25,18.75,17.75,PASS_BOUNDARY,
OUTER_SIDE,RIGHT,2,1.0,,,0.0,0.0,1.0,0.0,0.0,,18.25,17.25,18.75,17.75,PASS_BOUNDARY,
OUTER_SIDE,RIGHT,2,1.0,,,0.0,0.0,1.0,1.0,0.0,,18.25,16.25,18.75,17.75,PASS_BOUNDARY,
OUTER_SIDE,RIGHT,2,1.0,,,0.0,0.0,1.0,2.0,0.0,,18.25,15.25,18.75,17.75,PASS_BOUNDARY,
OUTER_SIDE,RIGHT,2,1.0,,,0.0,0.0,2.0,0.0,0.0,,18.25,16.25,18.75,17.75,PASS_BOUNDARY,
OUTER_SIDE,RIGHT,2,1.0,,,0.0,0.0,2.0,1.0,0.0,,18.25,15.25,18.75,17.75,PASS_BOUNDARY,
OUTER_SIDE,RIGHT,2,1.0,,,0.0,0.0,2.0,2.0,0.0,,18.25,14.25,18.75,17.75,PASS_BOUNDARY,
OUTER_SIDE,RIGHT,2,1.0,,,0.0,1.0,0.0,0.0,1.0,,18.25,17.25,18.75,16.75,PASS_BOUNDARY,
OUTER_SIDE,RIGHT,2,1.0,,,0.0,1.0,0.0,1.0,1.0,,18.25,16.25,18.75,16.75,PASS_BOUNDARY,
OUTER_SIDE,RIGHT,2,1.0,,,0.0,1.0,0.0,2.0,1.0,,18.25,15.25,18.75,16.75,PASS_BOUNDARY,
OUTER_SIDE,RIGHT,2,1.0,,,0.0,1.0,1.0,0.0,1.0,,18.25,16.25,18.75,16.75,PASS_BOUNDARY,
OUTER_SIDE,RIGHT,2,1.0,,,0.0,1.0,1.0,1.0,1.0,,18.25,15.25,18.75,16.75,PASS_BOUNDARY,
OUTER_SIDE,RIGHT,2,1.0,,,0.0,1.0,1.0,2.0,1.0,,18.25,14.25,18.75,16.75,PASS_BOUNDARY,
OUTER_SIDE,RIGHT,2,1.0,,,0.0,1.0,2.0,0.0,1.0,,18.25,15.25,18.75,16.75,PASS_BOUNDARY,
OUTER_SIDE,RIGHT,2,1.0,,,0.0,1.0,2.0,1.0,1.0,,18.25,14.25,18.75,16.75,PASS_BOUNDARY,
OUTER_SIDE,RIGHT,2,1.0,,,0.0,1.0,2.0,2.0,1.0,,18.25,13.25,18.75,16.75,PASS_BOUNDARY,
OUTER_SIDE,RIGHT,2,1.0,,,1.0,-1.0,0.0,0.0,2.0,,18.25,16.25,18.75,15.75,PASS_BOUNDARY,
OUTER_SIDE,RIGHT,2,1.0,,,1.0,-1.0,0.0,1.0,2.0,,18.25,15.25,18.75,15.75,PASS_BOUNDARY,
OUTER_SIDE,RIGHT,2,1.0,,,1.0,-1.0,0.0,2.0,2.0,,18.25,14.25,18.75,15.75,PASS_BOUNDARY,
OUTER_SIDE,RIGHT,2,1.0,,,1.0,-1.0,1.0,0.0,2.0,,18.25,15.25,18.75,15.75,PASS_BOUNDARY,
OUTER_SIDE,RIGHT,2,1.0,,,1.0,-1.0,1.0,1.0,2.0,,18.25,14.25,18.75,15.75,PASS_BOUNDARY,
OUTER_SIDE,RIGHT,2,1.0,,,1.0,-1.0,1.0,2.0,2.0,,18.25,13.25,18.75,15.75,PASS_BOUNDARY,
OUTER_SIDE,RIGHT,2,1.0,,,1.0,-1.0,2.0,0.0,2.0,,18.25,14.25,18.75,15.75,PASS_BOUNDARY,
OUTER_SIDE,RIGHT,2,1.0,,,1.0,-1.0,2.0,1.0,2.0,,18.25,13.25,18.75,15.75,PASS_BOUNDARY,
OUTER_SIDE,RIGHT,2,1.0,,,1.0,-1.0,2.0,2.0,2.0,,18.25,12.25,18.75,15.75,PASS_BOUNDARY,
OUTER_SIDE,RIGHT,2,1.0,,,1.0,0.0,0.0,0.0,1.0,,18.25,17.25,18.75,16.75,PASS_BOUNDARY,
OUTER_SIDE,RIGHT,2,1.0,,,1.0,0.0,0.0,1.0,1.0,,18.25,16.25,18.75,16.75,PASS_BOUNDARY,
OUTER_SIDE,RIGHT,2,1.0,,,1.0,0.0,0.0,2.0,1.0,,18.25,15.25,18.75,16.75,PASS_BOUNDARY,
OUTER_SIDE,RIGHT,2,1.0,,,1.0,0.0,1.0,0.0,1.0,,18.25,16.25,18.75,16.75,PASS_BOUNDARY,
OUTER_SIDE,RIGHT,2,1.0,,,1.0,0.0,1.0,1.0,1.0,,18.25,15.25,18.75,16.75,PASS_BOUNDARY,
OUTER_SIDE,RIGHT,2,1.0,,,1.0,0.0,1.0,2.0,1.0,,18.25,14.25,18.75,16.75,PASS_BOUNDARY,
OUTER_SIDE,RIGHT,2,1.0,,,1.0,0.0,2.0,0.0,1.0,,18.25,15.25,18.75,16.75,PASS_BOUNDARY,
OUTER_SIDE,RIGHT,2,1.0,,,1.0,0.0,2.0,1.0,1.0,,18.25,14.25,18.75,16.75,PASS_BOUNDARY,
OUTER_SIDE,RIGHT,2,1.0,,,1.0,0.0,2.0,2.0,1.0,,18.25,13.25,18.75,16.75,PASS_BOUNDARY,
OUTER_SIDE,RIGHT,2,1.0,,,1.0,1.0,0.0,0.0,0.0,,18.25,18.25,18.75,17.75,PASS_BOUNDARY,
OUTER_SIDE,RIGHT,2,1.0,,,1.0,1.0,0.0,1.0,0.0,,18.25,17.25,18.75,17.75,PASS_BOUNDARY,
OUTER_SIDE,RIGHT,2,1.0,,,1.0,1.0,0.0,2.0,0.0,,18.25,16.25,18.75,17.75,PASS_BOUNDARY,
OUTER_SIDE,RIGHT,2,1.0,,,1.0,1.0,1.0,0.0,0.0,,18.25,17.25,18.75,17.75,PASS_BOUNDARY,
OUTER_SIDE,RIGHT,2,1.0,,,1.0,1.0,1.0,1.0,0.0,,18.25,16.25,18.75,17.75,PASS_BOUNDARY,
OUTER_SIDE,RIGHT,2,1.0,,,1.0,1.0,1.0,2.0,0.0,,18.25,15.25,18.75,17.75,PASS_BOUNDARY,
OUTER_SIDE,RIGHT,2,1.0,,,1.0,1.0,2.0,0.0,0.0,,18.25,16.25,18.75,17.75,PASS_BOUNDARY,
OUTER_SIDE,RIGHT,2,1.0,,,1.0,1.0,2.0,1.0,0.0,,18.25,15.25,18.75,17.75,PASS_BOUNDARY,
OUTER_SIDE,RIGHT,2,1.0,,,1.0,1.0,2.0,2.0,0.0,,18.25,14.25,18.75,17.75,PASS_BOUNDARY,
OUTER_SIDE,RIGHT,2,1.5,,,-1.0,-1.0,0.0,0.0,0.0,,18.25,18.25,18.75,17.25,PASS_BOUNDARY,
OUTER_SIDE,RIGHT,2,1.5,,,-1.0,-1.0,0.0,1.0,0.0,,18.25,17.25,18.75,17.25,PASS_BOUNDARY,
OUTER_SIDE,RIGHT,2,1.5,,,-1.0,-1.0,0.0,2.0,0.0,,18.25,16.25,18.75,17.25,PASS_BOUNDARY,
OUTER_SIDE,RIGHT,2,1.5,,,-1.0,-1.0,1.0,0.0,0.0,,18.25,17.25,18.75,17.25,PASS_BOUNDARY,
OUTER_SIDE,RIGHT,2,1.5,,,-1.0,-1.0,1.0,1.0,0.0,,18.25,16.25,18.75,17.25,PASS_BOUNDARY,
OUTER_SIDE,RIGHT,2,1.5,,,-1.0,-1.0,1.0,2.0,0.0,,18.25,15.25,18.75,17.25,PASS_BOUNDARY,
OUTER_SIDE,RIGHT,2,1.5,,,-1.0,-1.0,2.0,0.0,0.0,,18.25,16.25,18.75,17.25,PASS_BOUNDARY,
OUTER_SIDE,RIGHT,2,1.5,,,-1.0,-1.0,2.0,1.0,0.0,,18.25,15.25,18.75,17.25,PASS_BOUNDARY,
OUTER_SIDE,RIGHT,2,1.5,,,-1.0,-1.0,2.0,2.0,0.0,,18.25,14.25,18.75,17.25,PASS_BOUNDARY,
OUTER_SIDE,RIGHT,2,1.5,,,-1.0,0.0,0.0,0.0,1.0,,18.25,17.25,18.75,16.25,PASS_BOUNDARY,
OUTER_SIDE,RIGHT,2,1.5,,,-1.0,0.0,0.0,1.0,1.0,,18.25,16.25,18.75,16.25,PASS_BOUNDARY,
OUTER_SIDE,RIGHT,2,1.5,,,-1.0,0.0,0.0,2.0,1.0,,18.25,15.25,18.75,16.25,PASS_BOUNDARY,
OUTER_SIDE,RIGHT,2,1.5,,,-1.0,0.0,1.0,0.0,1.0,,18.25,16.25,18.75,16.25,PASS_BOUNDARY,
OUTER_SIDE,RIGHT,2,1.5,,,-1.0,0.0,1.0,1.0,1.0,,18.25,15.25,18.75,16.25,PASS_BOUNDARY,
OUTER_SIDE,RIGHT,2,1.5,,,-1.0,0.0,1.0,2.0,1.0,,18.25,14.25,18.75,16.25,PASS_BOUNDARY,
OUTER_SIDE,RIGHT,2,1.5,,,-1.0,0.0,2.0,0.0,1.0,,18.25,15.25,18.75,16.25,PASS_BOUNDARY,
OUTER_SIDE,RIGHT,2,1.5,,,-1.0,0.0,2.0,1.0,1.0,,18.25,14.25,18.75,16.25,PASS_BOUNDARY,
OUTER_SIDE,RIGHT,2,1.5,,,-1.0,0.0,2.0,2.0,1.0,,18.25,13.25,18.75,16.25,PASS_BOUNDARY,
OUTER_SIDE,RIGHT,2,1.5,,,-1.0,1.0,0.0,0.0,2.0,,18.25,16.25,18.75,15.25,PASS_BOUNDARY,
OUTER_SIDE,RIGHT,2,1.5,,,-1.0,1.0,0.0,1.0,2.0,,18.25,15.25,18.75,15.25,PASS_BOUNDARY,
OUTER_SIDE,RIGHT,2,1.5,,,-1.0,1.0,0.0,2.0,2.0,,18.25,14.25,18.75,15.25,PASS_BOUNDARY,
OUTER_SIDE,RIGHT,2,1.5,,,-1.0,1.0,1.0,0.0,2.0,,18.25,15.25,18.75,15.25,PASS_BOUNDARY,
OUTER_SIDE,RIGHT,2,1.5,,,-1.0,1.0,1.0,1.0,2.0,,18.25,14.25,18.75,15.25,PASS_BOUNDARY,
OUTER_SIDE,RIGHT,2,1.5,,,-1.0,1.0,1.0,2.0,2.0,,18.25,13.25,18.75,15.25,PASS_BOUNDARY,
OUTER_SIDE,RIGHT,2,1.5,,,-1.0,1.0,2.0,0.0,2.0,,18.25,14.25,18.75,15.25,PASS_BOUNDARY,
OUTER_SIDE,RIGHT,2,1.5,,,-1.0,1.0,2.0,1.0,2.0,,18.25,13.25,18.75,15.25,PASS_BOUNDARY,
OUTER_SIDE,RIGHT,2,1.5,,,-1.0,1.0,2.0,2.0,2.0,,18.25,12.25,18.75,15.25,PASS_BOUNDARY,
OUTER_SIDE,RIGHT,2,1.5,,,0.0,-1.0,0.0,0.0,1.0,,18.25,17.25,18.75,16.25,PASS_BOUNDARY,
OUTER_SIDE,RIGHT,2,1.5,,,0.0,-1.0,0.0,1.0,1.0,,18.25,16.25,18.75,16.25,PASS_BOUNDARY,
OUTER_SIDE,RIGHT,2,1.5,,,0.0,-1.0,0.0,2.0,1.0,,18.25,15.25,18.75,16.25,PASS_BOUNDARY,
OUTER_SIDE,RIGHT,2,1.5,,,0.0,-1.0,1.0,0.0,1.0,,18.25,16.25,18.75,16.25,PASS_BOUNDARY,
OUTER_SIDE,RIGHT,2,1.5,,,0.0,-1.0,1.0,1.0,1.0,,18.25,15.25,18.75,16.25,PASS_BOUNDARY,
OUTER_SIDE,RIGHT,2,1.5,,,0.0,-1.0,1.0,2.0,1.0,,18.25,14.25,18.75,16.25,PASS_BOUNDARY,
OUTER_SIDE,RIGHT,2,1.5,,,0.0,-1.0,2.0,0.0,1.0,,18.25,15.25,18.75,16.25,PASS_BOUNDARY,
OUTER_SIDE,RIGHT,2,1.5,,,0.0,-1.0,2.0,1.0,1.0,,18.25,14.25,18.75,16.25,PASS_BOUNDARY,
OUTER_SIDE,RIGHT,2,1.5,,,0.0,-1.0,2.0,2.0,1.0,,18.25,13.25,18.75,16.25,PASS_BOUNDARY,
OUTER_SIDE,RIGHT,2,1.5,,,0.0,0.0,0.0,0.0,0.0,,18.25,18.25,18.75,17.25,PASS_BOUNDARY,
OUTER_SIDE,RIGHT,2,1.5,,,0.0,0.0,0.0,1.0,0.0,,18.25,17.25,18.75,17.25,PASS_BOUNDARY,
OUTER_SIDE,RIGHT,2,1.5,,,0.0,0.0,0.0,2.0,0.0,,18.25,16.25,18.75,17.25,PASS_BOUNDARY,
OUTER_SIDE,RIGHT,2,1.5,,,0.0,0.0,1.0,0.0,0.0,,18.25,17.25,18.75,17.25,PASS_BOUNDARY,
OUTER_SIDE,RIGHT,2,1.5,,,0.0,0.0,1.0,1.0,0.0,,18.25,16.25,18.75,17.25,PASS_BOUNDARY,
OUTER_SIDE,RIGHT,2,1.5,,,0.0,0.0,1.0,2.0,0.0,,18.25,15.25,18.75,17.25,PASS_BOUNDARY,
OUTER_SIDE,RIGHT,2,1.5,,,0.0,0.0,2.0,0.0,0.0,,18.25,16.25,18.75,17.25,PASS_BOUNDARY,
OUTER_SIDE,RIGHT,2,1.5,,,0.0,0.0,2.0,1.0,0.0,,18.25,15.25,18.75,17.25,PASS_BOUNDARY,
OUTER_SIDE,RIGHT,2,1.5,,,0.0,0.0,2.0,2.0,0.0,,18.25,14.25,18.75,17.25,PASS_BOUNDARY,
OUTER_SIDE,RIGHT,2,1.5,,,0.0,1.0,0.0,0.0,1.0,,18.25,17.25,18.75,16.25,PASS_BOUNDARY,
OUTER_SIDE,RIGHT,2,1.5,,,0.0,1.0,0.0,1.0,1.0,,18.25,16.25,18.75,16.25,PASS_BOUNDARY,
OUTER_SIDE,RIGHT,2,1.5,,,0.0,1.0,0.0,2.0,1.0,,18.25,15.25,18.75,16.25,PASS_BOUNDARY,
OUTER_SIDE,RIGHT,2,1.5,,,0.0,1.0,1.0,0.0,1.0,,18.25,16.25,18.75,16.25,PASS_BOUNDARY,
OUTER_SIDE,RIGHT,2,1.5,,,0.0,1.0,1.0,1.0,1.0,,18.25,15.25,18.75,16.25,PASS_BOUNDARY,
OUTER_SIDE,RIGHT,2,1.5,,,0.0,1.0,1.0,2.0,1.0,,18.25,14.25,18.75,16.25,PASS_BOUNDARY,
OUTER_SIDE,RIGHT,2,1.5,,,0.0,1.0,2.0,0.0,1.0,,18.25,15.25,18.75,16.25,PASS_BOUNDARY,
OUTER_SIDE,RIGHT,2,1.5,,,0.0,1.0,2.0,1.0,1.0,,18.25,14.25,18.75,16.25,PASS_BOUNDARY,
OUTER_SIDE,RIGHT,2,1.5,,,0.0,1.0,2.0,2.0,1.0,,18.25,13.25,18.75,16.25,PASS_BOUNDARY,
OUTER_SIDE,RIGHT,2,1.5,,,1.0,-1.0,0.0,0.0,2.0,,18.25,16.25,18.75,15.25,PASS_BOUNDARY,
OUTER_SIDE,RIGHT,2,1.5,,,1.0,-1.0,0.0,1.0,2.0,,18.25,15.25,18.75,15.25,PASS_BOUNDARY,
OUTER_SIDE,RIGHT,2,1.5,,,1.0,-1.0,0.0,2.0,2.0,,18.25,14.25,18.75,15.25,PASS_BOUNDARY,
OUTER_SIDE,RIGHT,2,1.5,,,1.0,-1.0,1.0,0.0,2.0,,18.25,15.25,18.75,15.25,PASS_BOUNDARY,
OUTER_SIDE,RIGHT,2,1.5,,,1.0,-1.0,1.0,1.0,2.0,,18.25,14.25,18.75,15.25,PASS_BOUNDARY,
OUTER_SIDE,RIGHT,2,1.5,,,1.0,-1.0,1.0,2.0,2.0,,18.25,13.25,18.75,15.25,PASS_BOUNDARY,
OUTER_SIDE,RIGHT,2,1.5,,,1.0,-1.0,2.0,0.0,2.0,,18.25,14.25,18.75,15.25,PASS_BOUNDARY,
OUTER_SIDE,RIGHT,2,1.5,,,1.0,-1.0,2.0,1.0,2.0,,18.25,13.25,18.75,15.25,PASS_BOUNDARY,
OUTER_SIDE,RIGHT,2,1.5,,,1.0,-1.0,2.0,2.0,2.0,,18.25,12.25,18.75,15.25,PASS_BOUNDARY,
OUTER_SIDE,RIGHT,2,1.5,,,1.0,0.0,0.0,0.0,1.0,,18.25,17.25,18.75,16.25,PASS_BOUNDARY,
OUTER_SIDE,RIGHT,2,1.5,,,1.0,0.0,0.0,1.0,1.0,,18.25,16.25,18.75,16.25,PASS_BOUNDARY,
OUTER_SIDE,RIGHT,2,1.5,,,1.0,0.0,0.0,2.0,1.0,,18.25,15.25,18.75,16.25,PASS_BOUNDARY,
OUTER_SIDE,RIGHT,2,1.5,,,1.0,0.0,1.0,0.0,1.0,,18.25,16.25,18.75,16.25,PASS_BOUNDARY,
OUTER_SIDE,RIGHT,2,1.5,,,1.0,0.0,1.0,1.0,1.0,,18.25,15.25,18.75,16.25,PASS_BOUNDARY,
OUTER_SIDE,RIGHT,2,1.5,,,1.0,0.0,1.0,2.0,1.0,,18.25,14.25,18.75,16.25,PASS_BOUNDARY,
OUTER_SIDE,RIGHT,2,1.5,,,1.0,0.0,2.0,0.0,1.0,,18.25,15.25,18.75,16.25,PASS_BOUNDARY,
OUTER_SIDE,RIGHT,2,1.5,,,1.0,0.0,2.0,1.0,1.0,,18.25,14.25,18.75,16.25,PASS_BOUNDARY,
OUTER_SIDE,RIGHT,2,1.5,,,1.0,0.0,2.0,2.0,1.0,,18.25,13.25,18.75,16.25,PASS_BOUNDARY,
OUTER_SIDE,RIGHT,2,1.5,,,1.0,1.0,0.0,0.0,0.0,,18.25,18.25,18.75,17.25,PASS_BOUNDARY,
OUTER_SIDE,RIGHT,2,1.5,,,1.0,1.0,0.0,1.0,0.0,,18.25,17.25,18.75,17.25,PASS_BOUNDARY,
OUTER_SIDE,RIGHT,2,1.5,,,1.0,1.0,0.0,2.0,0.0,,18.25,16.25,18.75,17.25,PASS_BOUNDARY,
OUTER_SIDE,RIGHT,2,1.5,,,1.0,1.0,1.0,0.0,0.0,,18.25,17.25,18.75,17.25,PASS_BOUNDARY,
OUTER_SIDE,RIGHT,2,1.5,,,1.0,1.0,1.0,1.0,0.0,,18.25,16.25,18.75,17.25,PASS_BOUNDARY,
OUTER_SIDE,RIGHT,2,1.5,,,1.0,1.0,1.0,2.0,0.0,,18.25,15.25,18.75,17.25,PASS_BOUNDARY,
OUTER_SIDE,RIGHT,2,1.5,,,1.0,1.0,2.0,0.0,0.0,,18.25,16.25,18.75,17.25,PASS_BOUNDARY,
OUTER_SIDE,RIGHT,2,1.5,,,1.0,1.0,2.0,1.0,0.0,,18.25,15.25,18.75,17.25,PASS_BOUNDARY,
OUTER_SIDE,RIGHT,2,1.5,,,1.0,1.0,2.0,2.0,0.0,,18.25,14.25,18.75,17.25,PASS_BOUNDARY,
OUTER_SIDE,RIGHT,3,0.0,,,-1.0,-1.0,0.0,0.0,0.0,,17.25,17.25,17.75,17.75,PASS_BOUNDARY,
OUTER_SIDE,RIGHT,3,0.0,,,-1.0,-1.0,0.0,1.0,0.0,,17.25,16.25,17.75,17.75,PASS_BOUNDARY,
OUTER_SIDE,RIGHT,3,0.0,,,-1.0,-1.0,0.0,2.0,0.0,,17.25,15.25,17.75,17.75,PASS_BOUNDARY,
OUTER_SIDE,RIGHT,3,0.0,,,-1.0,-1.0,1.0,0.0,0.0,,17.25,16.25,17.75,17.75,PASS_BOUNDARY,
OUTER_SIDE,RIGHT,3,0.0,,,-1.0,-1.0,1.0,1.0,0.0,,17.25,15.25,17.75,17.75,PASS_BOUNDARY,
OUTER_SIDE,RIGHT,3,0.0,,,-1.0,-1.0,1.0,2.0,0.0,,17.25,14.25,17.75,17.75,PASS_BOUNDARY,
OUTER_SIDE,RIGHT,3,0.0,,,-1.0,-1.0,2.0,0.0,0.0,,17.25,15.25,17.75,17.75,PASS_BOUNDARY,
OUTER_SIDE,RIGHT,3,0.0,,,-1.0,-1.0,2.0,1.0,0.0,,17.25,14.25,17.75,17.75,PASS_BOUNDARY,
OUTER_SIDE,RIGHT,3,0.0,,,-1.0,-1.0,2.0,2.0,0.0,,17.25,13.25,17.75,17.75,PASS_BOUNDARY,
OUTER_SIDE,RIGHT,3,0.0,,,-1.0,0.0,0.0,0.0,1.0,,17.25,16.25,17.75,16.75,PASS_BOUNDARY,
OUTER_SIDE,RIGHT,3,0.0,,,-1.0,0.0,0.0,1.0,1.0,,17.25,15.25,17.75,16.75,PASS_BOUNDARY,
OUTER_SIDE,RIGHT,3,0.0,,,-1.0,0.0,0.0,2.0,1.0,,17.25,14.25,17.75,16.75,PASS_BOUNDARY,
OUTER_SIDE,RIGHT,3,0.0,,,-1.0,0.0,1.0,0.0,1.0,,17.25,15.25,17.75,16.75,PASS_BOUNDARY,
OUTER_SIDE,RIGHT,3,0.0,,,-1.0,0.0,1.0,1.0,1.0,,17.25,14.25,17.75,16.75,PASS_BOUNDARY,
OUTER_SIDE,RIGHT,3,0.0,,,-1.0,0.0,1.0,2.0,1.0,,17.25,13.25,17.75,16.75,PASS_BOUNDARY,
OUTER_SIDE,RIGHT,3,0.0,,,-1.0,0.0,2.0,0.0,1.0,,17.25,14.25,17.75,16.75,PASS_BOUNDARY,
OUTER_SIDE,RIGHT,3,0.0,,,-1.0,0.0,2.0,1.0,1.0,,17.25,13.25,17.75,16.75,PASS_BOUNDARY,
OUTER_SIDE,RIGHT,3,0.0,,,-1.0,0.0,2.0,2.0,1.0,,17.25,12.25,17.75,16.75,PASS_BOUNDARY,
OUTER_SIDE,RIGHT,3,0.0,,,-1.0,1.0,0.0,0.0,2.0,,17.25,15.25,17.75,15.75,PASS_BOUNDARY,
OUTER_SIDE,RIGHT,3,0.0,,,-1.0,1.0,0.0,1.0,2.0,,17.25,14.25,17.75,15.75,PASS_BOUNDARY,
OUTER_SIDE,RIGHT,3,0.0,,,-1.0,1.0,0.0,2.0,2.0,,17.25,13.25,17.75,15.75,PASS_BOUNDARY,
OUTER_SIDE,RIGHT,3,0.0,,,-1.0,1.0,1.0,0.0,2.0,,17.25,14.25,17.75,15.75,PASS_BOUNDARY,
OUTER_SIDE,RIGHT,3,0.0,,,-1.0,1.0,1.0,1.0,2.0,,17.25,13.25,17.75,15.75,PASS_BOUNDARY,
OUTER_SIDE,RIGHT,3,0.0,,,-1.0,1.0,1.0,2.0,2.0,,17.25,12.25,17.75,15.75,PASS_BOUNDARY,
OUTER_SIDE,RIGHT,3,0.0,,,-1.0,1.0,2.0,0.0,2.0,,17.25,13.25,17.75,15.75,PASS_BOUNDARY,
OUTER_SIDE,RIGHT,3,0.0,,,-1.0,1.0,2.0,1.0,2.0,,17.25,12.25,17.75,15.75,PASS_BOUNDARY,
OUTER_SIDE,RIGHT,3,0.0,,,-1.0,1.0,2.0,2.0,2.0,,17.25,11.25,17.75,15.75,PASS_BOUNDARY,
OUTER_SIDE,RIGHT,3,0.0,,,0.0,-1.0,0.0,0.0,1.0,,17.25,16.25,17.75,16.75,PASS_BOUNDARY,
OUTER_SIDE,RIGHT,3,0.0,,,0.0,-1.0,0.0,1.0,1.0,,17.25,15.25,17.75,16.75,PASS_BOUNDARY,
OUTER_SIDE,RIGHT,3,0.0,,,0.0,-1.0,0.0,2.0,1.0,,17.25,14.25,17.75,16.75,PASS_BOUNDARY,
OUTER_SIDE,RIGHT,3,0.0,,,0.0,-1.0,1.0,0.0,1.0,,17.25,15.25,17.75,16.75,PASS_BOUNDARY,
OUTER_SIDE,RIGHT,3,0.0,,,0.0,-1.0,1.0,1.0,1.0,,17.25,14.25,17.75,16.75,PASS_BOUNDARY,
OUTER_SIDE,RIGHT,3,0.0,,,0.0,-1.0,1.0,2.0,1.0,,17.25,13.25,17.75,16.75,PASS_BOUNDARY,
OUTER_SIDE,RIGHT,3,0.0,,,0.0,-1.0,2.0,0.0,1.0,,17.25,14.25,17.75,16.75,PASS_BOUNDARY,
OUTER_SIDE,RIGHT,3,0.0,,,0.0,-1.0,2.0,1.0,1.0,,17.25,13.25,17.75,16.75,PASS_BOUNDARY,
OUTER_SIDE,RIGHT,3,0.0,,,0.0,-1.0,2.0,2.0,1.0,,17.25,12.25,17.75,16.75,PASS_BOUNDARY,
OUTER_SIDE,RIGHT,3,0.0,,,0.0,0.0,0.0,0.0,0.0,,17.25,17.25,17.75,17.75,PASS_BOUNDARY,
OUTER_SIDE,RIGHT,3,0.0,,,0.0,0.0,0.0,1.0,0.0,,17.25,16.25,17.75,17.75,PASS_BOUNDARY,
OUTER_SIDE,RIGHT,3,0.0,,,0.0,0.0,0.0,2.0,0.0,,17.25,15.25,17.75,17.75,PASS_BOUNDARY,
OUTER_SIDE,RIGHT,3,0.0,,,0.0,0.0,1.0,0.0,0.0,,17.25,16.25,17.75,17.75,PASS_BOUNDARY,
OUTER_SIDE,RIGHT,3,0.0,,,0.0,0.0,1.0,1.0,0.0,,17.25,15.25,17.75,17.75,PASS_BOUNDARY,
OUTER_SIDE,RIGHT,3,0.0,,,0.0,0.0,1.0,2.0,0.0,,17.25,14.25,17.75,17.75,PASS_BOUNDARY,
OUTER_SIDE,RIGHT,3,0.0,,,0.0,0.0,2.0,0.0,0.0,,17.25,15.25,17.75,17.75,PASS_BOUNDARY,
OUTER_SIDE,RIGHT,3,0.0,,,0.0,0.0,2.0,1.0,0.0,,17.25,14.25,17.75,17.75,PASS_BOUNDARY,
OUTER_SIDE,RIGHT,3,0.0,,,0.0,0.0,2.0,2.0,0.0,,17.25,13.25,17.75,17.75,PASS_BOUNDARY,
OUTER_SIDE,RIGHT,3,0.0,,,0.0,1.0,0.0,0.0,1.0,,17.25,16.25,17.75,16.75,PASS_BOUNDARY,
OUTER_SIDE,RIGHT,3,0.0,,,0.0,1.0,0.0,1.0,1.0,,17.25,15.25,17.75,16.75,PASS_BOUNDARY,
OUTER_SIDE,RIGHT,3,0.0,,,0.0,1.0,0.0,2.0,1.0,,17.25,14.25,17.75,16.75,PASS_BOUNDARY,
OUTER_SIDE,RIGHT,3,0.0,,,0.0,1.0,1.0,0.0,1.0,,17.25,15.25,17.75,16.75,PASS_BOUNDARY,
OUTER_SIDE,RIGHT,3,0.0,,,0.0,1.0,1.0,1.0,1.0,,17.25,14.25,17.75,16.75,PASS_BOUNDARY,
OUTER_SIDE,RIGHT,3,0.0,,,0.0,1.0,1.0,2.0,1.0,,17.25,13.25,17.75,16.75,PASS_BOUNDARY,
OUTER_SIDE,RIGHT,3,0.0,,,0.0,1.0,2.0,0.0,1.0,,17.25,14.25,17.75,16.75,PASS_BOUNDARY,
OUTER_SIDE,RIGHT,3,0.0,,,0.0,1.0,2.0,1.0,1.0,,17.25,13.25,17.75,16.75,PASS_BOUNDARY,
OUTER_SIDE,RIGHT,3,0.0,,,0.0,1.0,2.0,2.0,1.0,,17.25,12.25,17.75,16.75,PASS_BOUNDARY,
OUTER_SIDE,RIGHT,3,0.0,,,1.0,-1.0,0.0,0.0,2.0,,17.25,15.25,17.75,15.75,PASS_BOUNDARY,
OUTER_SIDE,RIGHT,3,0.0,,,1.0,-1.0,0.0,1.0,2.0,,17.25,14.25,17.75,15.75,PASS_BOUNDARY,
OUTER_SIDE,RIGHT,3,0.0,,,1.0,-1.0,0.0,2.0,2.0,,17.25,13.25,17.75,15.75,PASS_BOUNDARY,
OUTER_SIDE,RIGHT,3,0.0,,,1.0,-1.0,1.0,0.0,2.0,,17.25,14.25,17.75,15.75,PASS_BOUNDARY,
OUTER_SIDE,RIGHT,3,0.0,,,1.0,-1.0,1.0,1.0,2.0,,17.25,13.25,17.75,15.75,PASS_BOUNDARY,
OUTER_SIDE,RIGHT,3,0.0,,,1.0,-1.0,1.0,2.0,2.0,,17.25,12.25,17.75,15.75,PASS_BOUNDARY,
OUTER_SIDE,RIGHT,3,0.0,,,1.0,-1.0,2.0,0.0,2.0,,17.25,13.25,17.75,15.75,PASS_BOUNDARY,
OUTER_SIDE,RIGHT,3,0.0,,,1.0,-1.0,2.0,1.0,2.0,,17.25,12.25,17.75,15.75,PASS_BOUNDARY,
OUTER_SIDE,RIGHT,3,0.0,,,1.0,-1.0,2.0,2.0,2.0,,17.25,11.25,17.75,15.75,PASS_BOUNDARY,
OUTER_SIDE,RIGHT,3,0.0,,,1.0,0.0,0.0,0.0,1.0,,17.25,16.25,17.75,16.75,PASS_BOUNDARY,
OUTER_SIDE,RIGHT,3,0.0,,,1.0,0.0,0.0,1.0,1.0,,17.25,15.25,17.75,16.75,PASS_BOUNDARY,
OUTER_SIDE,RIGHT,3,0.0,,,1.0,0.0,0.0,2.0,1.0,,17.25,14.25,17.75,16.75,PASS_BOUNDARY,
OUTER_SIDE,RIGHT,3,0.0,,,1.0,0.0,1.0,0.0,1.0,,17.25,15.25,17.75,16.75,PASS_BOUNDARY,
OUTER_SIDE,RIGHT,3,0.0,,,1.0,0.0,1.0,1.0,1.0,,17.25,14.25,17.75,16.75,PASS_BOUNDARY,
OUTER_SIDE,RIGHT,3,0.0,,,1.0,0.0,1.0,2.0,1.0,,17.25,13.25,17.75,16.75,PASS_BOUNDARY,
OUTER_SIDE,RIGHT,3,0.0,,,1.0,0.0,2.0,0.0,1.0,,17.25,14.25,17.75,16.75,PASS_BOUNDARY,
OUTER_SIDE,RIGHT,3,0.0,,,1.0,0.0,2.0,1.0,1.0,,17.25,13.25,17.75,16.75,PASS_BOUNDARY,
OUTER_SIDE,RIGHT,3,0.0,,,1.0,0.0,2.0,2.0,1.0,,17.25,12.25,17.75,16.75,PASS_BOUNDARY,
OUTER_SIDE,RIGHT,3,0.0,,,1.0,1.0,0.0,0.0,0.0,,17.25,17.25,17.75,17.75,PASS_BOUNDARY,
OUTER_SIDE,RIGHT,3,0.0,,,1.0,1.0,0.0,1.0,0.0,,17.25,16.25,17.75,17.75,PASS_BOUNDARY,
OUTER_SIDE,RIGHT,3,0.0,,,1.0,1.0,0.0,2.0,0.0,,17.25,15.25,17.75,17.75,PASS_BOUNDARY,
OUTER_SIDE,RIGHT,3,0.0,,,1.0,1.0,1.0,0.0,0.0,,17.25,16.25,17.75,17.75,PASS_BOUNDARY,
OUTER_SIDE,RIGHT,3,0.0,,,1.0,1.0,1.0,1.0,0.0,,17.25,15.25,17.75,17.75,PASS_BOUNDARY,
OUTER_SIDE,RIGHT,3,0.0,,,1.0,1.0,1.0,2.0,0.0,,17.25,14.25,17.75,17.75,PASS_BOUNDARY,
OUTER_SIDE,RIGHT,3,0.0,,,1.0,1.0,2.0,0.0,0.0,,17.25,15.25,17.75,17.75,PASS_BOUNDARY,
OUTER_SIDE,RIGHT,3,0.0,,,1.0,1.0,2.0,1.0,0.0,,17.25,14.25,17.75,17.75,PASS_BOUNDARY,
OUTER_SIDE,RIGHT,3,0.0,,,1.0,1.0,2.0,2.0,0.0,,17.25,13.25,17.75,17.75,PASS_BOUNDARY,
OUTER_SIDE,RIGHT,3,0.5,,,-1.0,-1.0,0.0,0.0,0.0,,17.25,17.25,17.75,17.25,PASS_BOUNDARY,
OUTER_SIDE,RIGHT,3,0.5,,,-1.0,-1.0,0.0,1.0,0.0,,17.25,16.25,17.75,17.25,PASS_BOUNDARY,
OUTER_SIDE,RIGHT,3,0.5,,,-1.0,-1.0,0.0,2.0,0.0,,17.25,15.25,17.75,17.25,PASS_BOUNDARY,
OUTER_SIDE,RIGHT,3,0.5,,,-1.0,-1.0,1.0,0.0,0.0,,17.25,16.25,17.75,17.25,PASS_BOUNDARY,
OUTER_SIDE,RIGHT,3,0.5,,,-1.0,-1.0,1.0,1.0,0.0,,17.25,15.25,17.75,17.25,PASS_BOUNDARY,
OUTER_SIDE,RIGHT,3,0.5,,,-1.0,-1.0,1.0,2.0,0.0,,17.25,14.25,17.75,17.25,PASS_BOUNDARY,
OUTER_SIDE,RIGHT,3,0.5,,,-1.0,-1.0,2.0,0.0,0.0,,17.25,15.25,17.75,17.25,PASS_BOUNDARY,
OUTER_SIDE,RIGHT,3,0.5,,,-1.0,-1.0,2.0,1.0,0.0,,17.25,14.25,17.75,17.25,PASS_BOUNDARY,
OUTER_SIDE,RIGHT,3,0.5,,,-1.0,-1.0,2.0,2.0,0.0,,17.25,13.25,17.75,17.25,PASS_BOUNDARY,
OUTER_SIDE,RIGHT,3,0.5,,,-1.0,0.0,0.0,0.0,1.0,,17.25,16.25,17.75,16.25,PASS_BOUNDARY,
OUTER_SIDE,RIGHT,3,0.5,,,-1.0,0.0,0.0,1.0,1.0,,17.25,15.25,17.75,16.25,PASS_BOUNDARY,
OUTER_SIDE,RIGHT,3,0.5,,,-1.0,0.0,0.0,2.0,1.0,,17.25,14.25,17.75,16.25,PASS_BOUNDARY,
OUTER_SIDE,RIGHT,3,0.5,,,-1.0,0.0,1.0,0.0,1.0,,17.25,15.25,17.75,16.25,PASS_BOUNDARY,
OUTER_SIDE,RIGHT,3,0.5,,,-1.0,0.0,1.0,1.0,1.0,,17.25,14.25,17.75,16.25,PASS_BOUNDARY,
OUTER_SIDE,RIGHT,3,0.5,,,-1.0,0.0,1.0,2.0,1.0,,17.25,13.25,17.75,16.25,PASS_BOUNDARY,
OUTER_SIDE,RIGHT,3,0.5,,,-1.0,0.0,2.0,0.0,1.0,,17.25,14.25,17.75,16.25,PASS_BOUNDARY,
OUTER_SIDE,RIGHT,3,0.5,,,-1.0,0.0,2.0,1.0,1.0,,17.25,13.25,17.75,16.25,PASS_BOUNDARY,
OUTER_SIDE,RIGHT,3,0.5,,,-1.0,0.0,2.0,2.0,1.0,,17.25,12.25,17.75,16.25,PASS_BOUNDARY,
OUTER_SIDE,RIGHT,3,0.5,,,-1.0,1.0,0.0,0.0,2.0,,17.25,15.25,17.75,15.25,PASS_BOUNDARY,
OUTER_SIDE,RIGHT,3,0.5,,,-1.0,1.0,0.0,1.0,2.0,,17.25,14.25,17.75,15.25,PASS_BOUNDARY,
OUTER_SIDE,RIGHT,3,0.5,,,-1.0,1.0,0.0,2.0,2.0,,17.25,13.25,17.75,15.25,PASS_BOUNDARY,
OUTER_SIDE,RIGHT,3,0.5,,,-1.0,1.0,1.0,0.0,2.0,,17.25,14.25,17.75,15.25,PASS_BOUNDARY,
OUTER_SIDE,RIGHT,3,0.5,,,-1.0,1.0,1.0,1.0,2.0,,17.25,13.25,17.75,15.25,PASS_BOUNDARY,
OUTER_SIDE,RIGHT,3,0.5,,,-1.0,1.0,1.0,2.0,2.0,,17.25,12.25,17.75,15.25,PASS_BOUNDARY,
OUTER_SIDE,RIGHT,3,0.5,,,-1.0,1.0,2.0,0.0,2.0,,17.25,13.25,17.75,15.25,PASS_BOUNDARY,
OUTER_SIDE,RIGHT,3,0.5,,,-1.0,1.0,2.0,1.0,2.0,,17.25,12.25,17.75,15.25,PASS_BOUNDARY,
OUTER_SIDE,RIGHT,3,0.5,,,-1.0,1.0,2.0,2.0,2.0,,17.25,11.25,17.75,15.25,PASS_BOUNDARY,
OUTER_SIDE,RIGHT,3,0.5,,,0.0,-1.0,0.0,0.0,1.0,,17.25,16.25,17.75,16.25,PASS_BOUNDARY,
OUTER_SIDE,RIGHT,3,0.5,,,0.0,-1.0,0.0,1.0,1.0,,17.25,15.25,17.75,16.25,PASS_BOUNDARY,
OUTER_SIDE,RIGHT,3,0.5,,,0.0,-1.0,0.0,2.0,1.0,,17.25,14.25,17.75,16.25,PASS_BOUNDARY,
OUTER_SIDE,RIGHT,3,0.5,,,0.0,-1.0,1.0,0.0,1.0,,17.25,15.25,17.75,16.25,PASS_BOUNDARY,
OUTER_SIDE,RIGHT,3,0.5,,,0.0,-1.0,1.0,1.0,1.0,,17.25,14.25,17.75,16.25,PASS_BOUNDARY,
OUTER_SIDE,RIGHT,3,0.5,,,0.0,-1.0,1.0,2.0,1.0,,17.25,13.25,17.75,16.25,PASS_BOUNDARY,
OUTER_SIDE,RIGHT,3,0.5,,,0.0,-1.0,2.0,0.0,1.0,,17.25,14.25,17.75,16.25,PASS_BOUNDARY,
OUTER_SIDE,RIGHT,3,0.5,,,0.0,-1.0,2.0,1.0,1.0,,17.25,13.25,17.75,16.25,PASS_BOUNDARY,
OUTER_SIDE,RIGHT,3,0.5,,,0.0,-1.0,2.0,2.0,1.0,,17.25,12.25,17.75,16.25,PASS_BOUNDARY,
OUTER_SIDE,RIGHT,3,0.5,,,0.0,0.0,0.0,0.0,0.0,,17.25,17.25,17.75,17.25,PASS_BOUNDARY,
OUTER_SIDE,RIGHT,3,0.5,,,0.0,0.0,0.0,1.0,0.0,,17.25,16.25,17.75,17.25,PASS_BOUNDARY,
OUTER_SIDE,RIGHT,3,0.5,,,0.0,0.0,0.0,2.0,0.0,,17.25,15.25,17.75,17.25,PASS_BOUNDARY,
OUTER_SIDE,RIGHT,3,0.5,,,0.0,0.0,1.0,0.0,0.0,,17.25,16.25,17.75,17.25,PASS_BOUNDARY,
OUTER_SIDE,RIGHT,3,0.5,,,0.0,0.0,1.0,1.0,0.0,,17.25,15.25,17.75,17.25,PASS_BOUNDARY,
OUTER_SIDE,RIGHT,3,0.5,,,0.0,0.0,1.0,2.0,0.0,,17.25,14.25,17.75,17.25,PASS_BOUNDARY,
OUTER_SIDE,RIGHT,3,0.5,,,0.0,0.0,2.0,0.0,0.0,,17.25,15.25,17.75,17.25,PASS_BOUNDARY,
OUTER_SIDE,RIGHT,3,0.5,,,0.0,0.0,2.0,1.0,0.0,,17.25,14.25,17.75,17.25,PASS_BOUNDARY,
OUTER_SIDE,RIGHT,3,0.5,,,0.0,0.0,2.0,2.0,0.0,,17.25,13.25,17.75,17.25,PASS_BOUNDARY,
OUTER_SIDE,RIGHT,3,0.5,,,0.0,1.0,0.0,0.0,1.0,,17.25,16.25,17.75,16.25,PASS_BOUNDARY,
OUTER_SIDE,RIGHT,3,0.5,,,0.0,1.0,0.0,1.0,1.0,,17.25,15.25,17.75,16.25,PASS_BOUNDARY,
OUTER_SIDE,RIGHT,3,0.5,,,0.0,1.0,0.0,2.0,1.0,,17.25,14.25,17.75,16.25,PASS_BOUNDARY,
OUTER_SIDE,RIGHT,3,0.5,,,0.0,1.0,1.0,0.0,1.0,,17.25,15.25,17.75,16.25,PASS_BOUNDARY,
OUTER_SIDE,RIGHT,3,0.5,,,0.0,1.0,1.0,1.0,1.0,,17.25,14.25,17.75,16.25,PASS_BOUNDARY,
OUTER_SIDE,RIGHT,3,0.5,,,0.0,1.0,1.0,2.0,1.0,,17.25,13.25,17.75,16.25,PASS_BOUNDARY,
OUTER_SIDE,RIGHT,3,0.5,,,0.0,1.0,2.0,0.0,1.0,,17.25,14.25,17.75,16.25,PASS_BOUNDARY,
OUTER_SIDE,RIGHT,3,0.5,,,0.0,1.0,2.0,1.0,1.0,,17.25,13.25,17.75,16.25,PASS_BOUNDARY,
OUTER_SIDE,RIGHT,3,0.5,,,0.0,1.0,2.0,2.0,1.0,,17.25,12.25,17.75,16.25,PASS_BOUNDARY,
OUTER_SIDE,RIGHT,3,0.5,,,1.0,-1.0,0.0,0.0,2.0,,17.25,15.25,17.75,15.25,PASS_BOUNDARY,
OUTER_SIDE,RIGHT,3,0.5,,,1.0,-1.0,0.0,1.0,2.0,,17.25,14.25,17.75,15.25,PASS_BOUNDARY,
OUTER_SIDE,RIGHT,3,0.5,,,1.0,-1.0,0.0,2.0,2.0,,17.25,13.25,17.75,15.25,PASS_BOUNDARY,
OUTER_SIDE,RIGHT,3,0.5,,,1.0,-1.0,1.0,0.0,2.0,,17.25,14.25,17.75,15.25,PASS_BOUNDARY,
OUTER_SIDE,RIGHT,3,0.5,,,1.0,-1.0,1.0,1.0,2.0,,17.25,13.25,17.75,15.25,PASS_BOUNDARY,
OUTER_SIDE,RIGHT,3,0.5,,,1.0,-1.0,1.0,2.0,2.0,,17.25,12.25,17.75,15.25,PASS_BOUNDARY,
OUTER_SIDE,RIGHT,3,0.5,,,1.0,-1.0,2.0,0.0,2.0,,17.25,13.25,17.75,15.25,PASS_BOUNDARY,
OUTER_SIDE,RIGHT,3,0.5,,,1.0,-1.0,2.0,1.0,2.0,,17.25,12.25,17.75,15.25,PASS_BOUNDARY,
OUTER_SIDE,RIGHT,3,0.5,,,1.0,-1.0,2.0,2.0,2.0,,17.25,11.25,17.75,15.25,PASS_BOUNDARY,
OUTER_SIDE,RIGHT,3,0.5,,,1.0,0.0,0.0,0.0,1.0,,17.25,16.25,17.75,16.25,PASS_BOUNDARY,
OUTER_SIDE,RIGHT,3,0.5,,,1.0,0.0,0.0,1.0,1.0,,17.25,15.25,17.75,16.25,PASS_BOUNDARY,
OUTER_SIDE,RIGHT,3,0.5,,,1.0,0.0,0.0,2.0,1.0,,17.25,14.25,17.75,16.25,PASS_BOUNDARY,
OUTER_SIDE,RIGHT,3,0.5,,,1.0,0.0,1.0,0.0,1.0,,17.25,15.25,17.75,16.25,PASS_BOUNDARY,
OUTER_SIDE,RIGHT,3,0.5,,,1.0,0.0,1.0,1.0,1.0,,17.25,14.25,17.75,16.25,PASS_BOUNDARY,
OUTER_SIDE,RIGHT,3,0.5,,,1.0,0.0,1.0,2.0,1.0,,17.25,13.25,17.75,16.25,PASS_BOUNDARY,
OUTER_SIDE,RIGHT,3,0.5,,,1.0,0.0,2.0,0.0,1.0,,17.25,14.25,17.75,16.25,PASS_BOUNDARY,
OUTER_SIDE,RIGHT,3,0.5,,,1.0,0.0,2.0,1.0,1.0,,17.25,13.25,17.75,16.25,PASS_BOUNDARY,
OUTER_SIDE,RIGHT,3,0.5,,,1.0,0.0,2.0,2.0,1.0,,17.25,12.25,17.75,16.25,PASS_BOUNDARY,
OUTER_SIDE,RIGHT,3,0.5,,,1.0,1.0,0.0,0.0,0.0,,17.25,17.25,17.75,17.25,PASS_BOUNDARY,
OUTER_SIDE,RIGHT,3,0.5,,,1.0,1.0,0.0,1.0,0.0,,17.25,16.25,17.75,17.25,PASS_BOUNDARY,
OUTER_SIDE,RIGHT,3,0.5,,,1.0,1.0,0.0,2.0,0.0,,17.25,15.25,17.75,17.25,PASS_BOUNDARY,
OUTER_SIDE,RIGHT,3,0.5,,,1.0,1.0,1.0,0.0,0.0,,17.25,16.25,17.75,17.25,PASS_BOUNDARY,
OUTER_SIDE,RIGHT,3,0.5,,,1.0,1.0,1.0,1.0,0.0,,17.25,15.25,17.75,17.25,PASS_BOUNDARY,
OUTER_SIDE,RIGHT,3,0.5,,,1.0,1.0,1.0,2.0,0.0,,17.25,14.25,17.75,17.25,PASS_BOUNDARY,
OUTER_SIDE,RIGHT,3,0.5,,,1.0,1.0,2.0,0.0,0.0,,17.25,15.25,17.75,17.25,PASS_BOUNDARY,
OUTER_SIDE,RIGHT,3,0.5,,,1.0,1.0,2.0,1.0,0.0,,17.25,14.25,17.75,17.25,PASS_BOUNDARY,
OUTER_SIDE,RIGHT,3,0.5,,,1.0,1.0,2.0,2.0,0.0,,17.25,13.25,17.75,17.25,PASS_BOUNDARY,
OUTER_SIDE,RIGHT,3,1.0,,,-1.0,-1.0,0.0,0.0,0.0,,17.25,17.25,17.75,16.75,PASS_BOUNDARY,
OUTER_SIDE,RIGHT,3,1.0,,,-1.0,-1.0,0.0,1.0,0.0,,17.25,16.25,17.75,16.75,PASS_BOUNDARY,
OUTER_SIDE,RIGHT,3,1.0,,,-1.0,-1.0,0.0,2.0,0.0,,17.25,15.25,17.75,16.75,PASS_BOUNDARY,
OUTER_SIDE,RIGHT,3,1.0,,,-1.0,-1.0,1.0,0.0,0.0,,17.25,16.25,17.75,16.75,PASS_BOUNDARY,
OUTER_SIDE,RIGHT,3,1.0,,,-1.0,-1.0,1.0,1.0,0.0,,17.25,15.25,17.75,16.75,PASS_BOUNDARY,
OUTER_SIDE,RIGHT,3,1.0,,,-1.0,-1.0,1.0,2.0,0.0,,17.25,14.25,17.75,16.75,PASS_BOUNDARY,
OUTER_SIDE,RIGHT,3,1.0,,,-1.0,-1.0,2.0,0.0,0.0,,17.25,15.25,17.75,16.75,PASS_BOUNDARY,
OUTER_SIDE,RIGHT,3,1.0,,,-1.0,-1.0,2.0,1.0,0.0,,17.25,14.25,17.75,16.75,PASS_BOUNDARY,
OUTER_SIDE,RIGHT,3,1.0,,,-1.0,-1.0,2.0,2.0,0.0,,17.25,13.25,17.75,16.75,PASS_BOUNDARY,
OUTER_SIDE,RIGHT,3,1.0,,,-1.0,0.0,0.0,0.0,1.0,,17.25,16.25,17.75,15.75,PASS_BOUNDARY,
OUTER_SIDE,RIGHT,3,1.0,,,-1.0,0.0,0.0,1.0,1.0,,17.25,15.25,17.75,15.75,PASS_BOUNDARY,
OUTER_SIDE,RIGHT,3,1.0,,,-1.0,0.0,0.0,2.0,1.0,,17.25,14.25,17.75,15.75,PASS_BOUNDARY,
OUTER_SIDE,RIGHT,3,1.0,,,-1.0,0.0,1.0,0.0,1.0,,17.25,15.25,17.75,15.75,PASS_BOUNDARY,
OUTER_SIDE,RIGHT,3,1.0,,,-1.0,0.0,1.0,1.0,1.0,,17.25,14.25,17.75,15.75,PASS_BOUNDARY,
OUTER_SIDE,RIGHT,3,1.0,,,-1.0,0.0,1.0,2.0,1.0,,17.25,13.25,17.75,15.75,PASS_BOUNDARY,
OUTER_SIDE,RIGHT,3,1.0,,,-1.0,0.0,2.0,0.0,1.0,,17.25,14.25,17.75,15.75,PASS_BOUNDARY,
OUTER_SIDE,RIGHT,3,1.0,,,-1.0,0.0,2.0,1.0,1.0,,17.25,13.25,17.75,15.75,PASS_BOUNDARY,
OUTER_SIDE,RIGHT,3,1.0,,,-1.0,0.0,2.0,2.0,1.0,,17.25,12.25,17.75,15.75,PASS_BOUNDARY,
OUTER_SIDE,RIGHT,3,1.0,,,-1.0,1.0,0.0,0.0,2.0,,17.25,15.25,17.75,14.75,PASS_BOUNDARY,
OUTER_SIDE,RIGHT,3,1.0,,,-1.0,1.0,0.0,1.0,2.0,,17.25,14.25,17.75,14.75,PASS_BOUNDARY,
OUTER_SIDE,RIGHT,3,1.0,,,-1.0,1.0,0.0,2.0,2.0,,17.25,13.25,17.75,14.75,PASS_BOUNDARY,
OUTER_SIDE,RIGHT,3,1.0,,,-1.0,1.0,1.0,0.0,2.0,,17.25,14.25,17.75,14.75,PASS_BOUNDARY,
OUTER_SIDE,RIGHT,3,1.0,,,-1.0,1.0,1.0,1.0,2.0,,17.25,13.25,17.75,14.75,PASS_BOUNDARY,
OUTER_SIDE,RIGHT,3,1.0,,,-1.0,1.0,1.0,2.0,2.0,,17.25,12.25,17.75,14.75,PASS_BOUNDARY,
OUTER_SIDE,RIGHT,3,1.0,,,-1.0,1.0,2.0,0.0,2.0,,17.25,13.25,17.75,14.75,PASS_BOUNDARY,
OUTER_SIDE,RIGHT,3,1.0,,,-1.0,1.0,2.0,1.0,2.0,,17.25,12.25,17.75,14.75,PASS_BOUNDARY,
OUTER_SIDE,RIGHT,3,1.0,,,-1.0,1.0,2.0,2.0,2.0,,17.25,11.25,17.75,14.75,PASS_BOUNDARY,
OUTER_SIDE,RIGHT,3,1.0,,,0.0,-1.0,0.0,0.0,1.0,,17.25,16.25,17.75,15.75,PASS_BOUNDARY,
OUTER_SIDE,RIGHT,3,1.0,,,0.0,-1.0,0.0,1.0,1.0,,17.25,15.25,17.75,15.75,PASS_BOUNDARY,
OUTER_SIDE,RIGHT,3,1.0,,,0.0,-1.0,0.0,2.0,1.0,,17.25,14.25,17.75,15.75,PASS_BOUNDARY,
OUTER_SIDE,RIGHT,3,1.0,,,0.0,-1.0,1.0,0.0,1.0,,17.25,15.25,17.75,15.75,PASS_BOUNDARY,
OUTER_SIDE,RIGHT,3,1.0,,,0.0,-1.0,1.0,1.0,1.0,,17.25,14.25,17.75,15.75,PASS_BOUNDARY,
OUTER_SIDE,RIGHT,3,1.0,,,0.0,-1.0,1.0,2.0,1.0,,17.25,13.25,17.75,15.75,PASS_BOUNDARY,
OUTER_SIDE,RIGHT,3,1.0,,,0.0,-1.0,2.0,0.0,1.0,,17.25,14.25,17.75,15.75,PASS_BOUNDARY,
OUTER_SIDE,RIGHT,3,1.0,,,0.0,-1.0,2.0,1.0,1.0,,17.25,13.25,17.75,15.75,PASS_BOUNDARY,
OUTER_SIDE,RIGHT,3,1.0,,,0.0,-1.0,2.0,2.0,1.0,,17.25,12.25,17.75,15.75,PASS_BOUNDARY,
OUTER_SIDE,RIGHT,3,1.0,,,0.0,0.0,0.0,0.0,0.0,,17.25,17.25,17.75,16.75,PASS_BOUNDARY,
OUTER_SIDE,RIGHT,3,1.0,,,0.0,0.0,0.0,1.0,0.0,,17.25,16.25,17.75,16.75,PASS_BOUNDARY,
OUTER_SIDE,RIGHT,3,1.0,,,0.0,0.0,0.0,2.0,0.0,,17.25,15.25,17.75,16.75,PASS_BOUNDARY,
OUTER_SIDE,RIGHT,3,1.0,,,0.0,0.0,1.0,0.0,0.0,,17.25,16.25,17.75,16.75,PASS_BOUNDARY,
OUTER_SIDE,RIGHT,3,1.0,,,0.0,0.0,1.0,1.0,0.0,,17.25,15.25,17.75,16.75,PASS_BOUNDARY,
OUTER_SIDE,RIGHT,3,1.0,,,0.0,0.0,1.0,2.0,0.0,,17.25,14.25,17.75,16.75,PASS_BOUNDARY,
OUTER_SIDE,RIGHT,3,1.0,,,0.0,0.0,2.0,0.0,0.0,,17.25,15.25,17.75,16.75,PASS_BOUNDARY,
OUTER_SIDE,RIGHT,3,1.0,,,0.0,0.0,2.0,1.0,0.0,,17.25,14.25,17.75,16.75,PASS_BOUNDARY,
OUTER_SIDE,RIGHT,3,1.0,,,0.0,0.0,2.0,2.0,0.0,,17.25,13.25,17.75,16.75,PASS_BOUNDARY,
OUTER_SIDE,RIGHT,3,1.0,,,0.0,1.0,0.0,0.0,1.0,,17.25,16.25,17.75,15.75,PASS_BOUNDARY,
OUTER_SIDE,RIGHT,3,1.0,,,0.0,1.0,0.0,1.0,1.0,,17.25,15.25,17.75,15.75,PASS_BOUNDARY,
OUTER_SIDE,RIGHT,3,1.0,,,0.0,1.0,0.0,2.0,1.0,,17.25,14.25,17.75,15.75,PASS_BOUNDARY,
OUTER_SIDE,RIGHT,3,1.0,,,0.0,1.0,1.0,0.0,1.0,,17.25,15.25,17.75,15.75,PASS_BOUNDARY,
OUTER_SIDE,RIGHT,3,1.0,,,0.0,1.0,1.0,1.0,1.0,,17.25,14.25,17.75,15.75,PASS_BOUNDARY,
OUTER_SIDE,RIGHT,3,1.0,,,0.0,1.0,1.0,2.0,1.0,,17.25,13.25,17.75,15.75,PASS_BOUNDARY,
OUTER_SIDE,RIGHT,3,1.0,,,0.0,1.0,2.0,0.0,1.0,,17.25,14.25,17.75,15.75,PASS_BOUNDARY,
OUTER_SIDE,RIGHT,3,1.0,,,0.0,1.0,2.0,1.0,1.0,,17.25,13.25,17.75,15.75,PASS_BOUNDARY,
OUTER_SIDE,RIGHT,3,1.0,,,0.0,1.0,2.0,2.0,1.0,,17.25,12.25,17.75,15.75,PASS_BOUNDARY,
OUTER_SIDE,RIGHT,3,1.0,,,1.0,-1.0,0.0,0.0,2.0,,17.25,15.25,17.75,14.75,PASS_BOUNDARY,
OUTER_SIDE,RIGHT,3,1.0,,,1.0,-1.0,0.0,1.0,2.0,,17.25,14.25,17.75,14.75,PASS_BOUNDARY,
OUTER_SIDE,RIGHT,3,1.0,,,1.0,-1.0,0.0,2.0,2.0,,17.25,13.25,17.75,14.75,PASS_BOUNDARY,
OUTER_SIDE,RIGHT,3,1.0,,,1.0,-1.0,1.0,0.0,2.0,,17.25,14.25,17.75,14.75,PASS_BOUNDARY,
OUTER_SIDE,RIGHT,3,1.0,,,1.0,-1.0,1.0,1.0,2.0,,17.25,13.25,17.75,14.75,PASS_BOUNDARY,
OUTER_SIDE,RIGHT,3,1.0,,,1.0,-1.0,1.0,2.0,2.0,,17.25,12.25,17.75,14.75,PASS_BOUNDARY,
OUTER_SIDE,RIGHT,3,1.0,,,1.0,-1.0,2.0,0.0,2.0,,17.25,13.25,17.75,14.75,PASS_BOUNDARY,
OUTER_SIDE,RIGHT,3,1.0,,,1.0,-1.0,2.0,1.0,2.0,,17.25,12.25,17.75,14.75,PASS_BOUNDARY,
OUTER_SIDE,RIGHT,3,1.0,,,1.0,-1.0,2.0,2.0,2.0,,17.25,11.25,17.75,14.75,PASS_BOUNDARY,
OUTER_SIDE,RIGHT,3,1.0,,,1.0,0.0,0.0,0.0,1.0,,17.25,16.25,17.75,15.75,PASS_BOUNDARY,
OUTER_SIDE,RIGHT,3,1.0,,,1.0,0.0,0.0,1.0,1.0,,17.25,15.25,17.75,15.75,PASS_BOUNDARY,
OUTER_SIDE,RIGHT,3,1.0,,,1.0,0.0,0.0,2.0,1.0,,17.25,14.25,17.75,15.75,PASS_BOUNDARY,
OUTER_SIDE,RIGHT,3,1.0,,,1.0,0.0,1.0,0.0,1.0,,17.25,15.25,17.75,15.75,PASS_BOUNDARY,
OUTER_SIDE,RIGHT,3,1.0,,,1.0,0.0,1.0,1.0,1.0,,17.25,14.25,17.75,15.75,PASS_BOUNDARY,
OUTER_SIDE,RIGHT,3,1.0,,,1.0,0.0,1.0,2.0,1.0,,17.25,13.25,17.75,15.75,PASS_BOUNDARY,
OUTER_SIDE,RIGHT,3,1.0,,,1.0,0.0,2.0,0.0,1.0,,17.25,14.25,17.75,15.75,PASS_BOUNDARY,
OUTER_SIDE,RIGHT,3,1.0,,,1.0,0.0,2.0,1.0,1.0,,17.25,13.25,17.75,15.75,PASS_BOUNDARY,
OUTER_SIDE,RIGHT,3,1.0,,,1.0,0.0,2.0,2.0,1.0,,17.25,12.25,17.75,15.75,PASS_BOUNDARY,
OUTER_SIDE,RIGHT,3,1.0,,,1.0,1.0,0.0,0.0,0.0,,17.25,17.25,17.75,16.75,PASS_BOUNDARY,
OUTER_SIDE,RIGHT,3,1.0,,,1.0,1.0,0.0,1.0,0.0,,17.25,16.25,17.75,16.75,PASS_BOUNDARY,
OUTER_SIDE,RIGHT,3,1.0,,,1.0,1.0,0.0,2.0,0.0,,17.25,15.25,17.75,16.75,PASS_BOUNDARY,
OUTER_SIDE,RIGHT,3,1.0,,,1.0,1.0,1.0,0.0,0.0,,17.25,16.25,17.75,16.75,PASS_BOUNDARY,
OUTER_SIDE,RIGHT,3,1.0,,,1.0,1.0,1.0,1.0,0.0,,17.25,15.25,17.75,16.75,PASS_BOUNDARY,
OUTER_SIDE,RIGHT,3,1.0,,,1.0,1.0,1.0,2.0,0.0,,17.25,14.25,17.75,16.75,PASS_BOUNDARY,
OUTER_SIDE,RIGHT,3,1.0,,,1.0,1.0,2.0,0.0,0.0,,17.25,15.25,17.75,16.75,PASS_BOUNDARY,
OUTER_SIDE,RIGHT,3,1.0,,,1.0,1.0,2.0,1.0,0.0,,17.25,14.25,17.75,16.75,PASS_BOUNDARY,
OUTER_SIDE,RIGHT,3,1.0,,,1.0,1.0,2.0,2.0,0.0,,17.25,13.25,17.75,16.75,PASS_BOUNDARY,
OUTER_SIDE,RIGHT,3,1.5,,,-1.0,-1.0,0.0,0.0,0.0,,17.25,17.25,17.75,16.25,PASS_BOUNDARY,
OUTER_SIDE,RIGHT,3,1.5,,,-1.0,-1.0,0.0,1.0,0.0,,17.25,16.25,17.75,16.25,PASS_BOUNDARY,
OUTER_SIDE,RIGHT,3,1.5,,,-1.0,-1.0,0.0,2.0,0.0,,17.25,15.25,17.75,16.25,PASS_BOUNDARY,
OUTER_SIDE,RIGHT,3,1.5,,,-1.0,-1.0,1.0,0.0,0.0,,17.25,16.25,17.75,16.25,PASS_BOUNDARY,
OUTER_SIDE,RIGHT,3,1.5,,,-1.0,-1.0,1.0,1.0,0.0,,17.25,15.25,17.75,16.25,PASS_BOUNDARY,
OUTER_SIDE,RIGHT,3,1.5,,,-1.0,-1.0,1.0,2.0,0.0,,17.25,14.25,17.75,16.25,PASS_BOUNDARY,
OUTER_SIDE,RIGHT,3,1.5,,,-1.0,-1.0,2.0,0.0,0.0,,17.25,15.25,17.75,16.25,PASS_BOUNDARY,
OUTER_SIDE,RIGHT,3,1.5,,,-1.0,-1.0,2.0,1.0,0.0,,17.25,14.25,17.75,16.25,PASS_BOUNDARY,
OUTER_SIDE,RIGHT,3,1.5,,,-1.0,-1.0,2.0,2.0,0.0,,17.25,13.25,17.75,16.25,PASS_BOUNDARY,
OUTER_SIDE,RIGHT,3,1.5,,,-1.0,0.0,0.0,0.0,1.0,,17.25,16.25,17.75,15.25,PASS_BOUNDARY,
OUTER_SIDE,RIGHT,3,1.5,,,-1.0,0.0,0.0,1.0,1.0,,17.25,15.25,17.75,15.25,PASS_BOUNDARY,
OUTER_SIDE,RIGHT,3,1.5,,,-1.0,0.0,0.0,2.0,1.0,,17.25,14.25,17.75,15.25,PASS_BOUNDARY,
OUTER_SIDE,RIGHT,3,1.5,,,-1.0,0.0,1.0,0.0,1.0,,17.25,15.25,17.75,15.25,PASS_BOUNDARY,
OUTER_SIDE,RIGHT,3,1.5,,,-1.0,0.0,1.0,1.0,1.0,,17.25,14.25,17.75,15.25,PASS_BOUNDARY,
OUTER_SIDE,RIGHT,3,1.5,,,-1.0,0.0,1.0,2.0,1.0,,17.25,13.25,17.75,15.25,PASS_BOUNDARY,
OUTER_SIDE,RIGHT,3,1.5,,,-1.0,0.0,2.0,0.0,1.0,,17.25,14.25,17.75,15.25,PASS_BOUNDARY,
OUTER_SIDE,RIGHT,3,1.5,,,-1.0,0.0,2.0,1.0,1.0,,17.25,13.25,17.75,15.25,PASS_BOUNDARY,
OUTER_SIDE,RIGHT,3,1.5,,,-1.0,0.0,2.0,2.0,1.0,,17.25,12.25,17.75,15.25,PASS_BOUNDARY,
OUTER_SIDE,RIGHT,3,1.5,,,-1.0,1.0,0.0,0.0,2.0,,17.25,15.25,17.75,14.25,PASS_BOUNDARY,
OUTER_SIDE,RIGHT,3,1.5,,,-1.0,1.0,0.0,1.0,2.0,,17.25,14.25,17.75,14.25,PASS_BOUNDARY,
OUTER_SIDE,RIGHT,3,1.5,,,-1.0,1.0,0.0,2.0,2.0,,17.25,13.25,17.75,14.25,PASS_BOUNDARY,
OUTER_SIDE,RIGHT,3,1.5,,,-1.0,1.0,1.0,0.0,2.0,,17.25,14.25,17.75,14.25,PASS_BOUNDARY,
OUTER_SIDE,RIGHT,3,1.5,,,-1.0,1.0,1.0,1.0,2.0,,17.25,13.25,17.75,14.25,PASS_BOUNDARY,
OUTER_SIDE,RIGHT,3,1.5,,,-1.0,1.0,1.0,2.0,2.0,,17.25,12.25,17.75,14.25,PASS_BOUNDARY,
OUTER_SIDE,RIGHT,3,1.5,,,-1.0,1.0,2.0,0.0,2.0,,17.25,13.25,17.75,14.25,PASS_BOUNDARY,
OUTER_SIDE,RIGHT,3,1.5,,,-1.0,1.0,2.0,1.0,2.0,,17.25,12.25,17.75,14.25,PASS_BOUNDARY,
OUTER_SIDE,RIGHT,3,1.5,,,-1.0,1.0,2.0,2.0,2.0,,17.25,11.25,17.75,14.25,PASS_BOUNDARY,
OUTER_SIDE,RIGHT,3,1.5,,,0.0,-1.0,0.0,0.0,1.0,,17.25,16.25,17.75,15.25,PASS_BOUNDARY,
OUTER_SIDE,RIGHT,3,1.5,,,0.0,-1.0,0.0,1.0,1.0,,17.25,15.25,17.75,15.25,PASS_BOUNDARY,
OUTER_SIDE,RIGHT,3,1.5,,,0.0,-1.0,0.0,2.0,1.0,,17.25,14.25,17.75,15.25,PASS_BOUNDARY,
OUTER_SIDE,RIGHT,3,1.5,,,0.0,-1.0,1.0,0.0,1.0,,17.25,15.25,17.75,15.25,PASS_BOUNDARY,
OUTER_SIDE,RIGHT,3,1.5,,,0.0,-1.0,1.0,1.0,1.0,,17.25,14.25,17.75,15.25,PASS_BOUNDARY,
OUTER_SIDE,RIGHT,3,1.5,,,0.0,-1.0,1.0,2.0,1.0,,17.25,13.25,17.75,15.25,PASS_BOUNDARY,
OUTER_SIDE,RIGHT,3,1.5,,,0.0,-1.0,2.0,0.0,1.0,,17.25,14.25,17.75,15.25,PASS_BOUNDARY,
OUTER_SIDE,RIGHT,3,1.5,,,0.0,-1.0,2.0,1.0,1.0,,17.25,13.25,17.75,15.25,PASS_BOUNDARY,
OUTER_SIDE,RIGHT,3,1.5,,,0.0,-1.0,2.0,2.0,1.0,,17.25,12.25,17.75,15.25,PASS_BOUNDARY,
OUTER_SIDE,RIGHT,3,1.5,,,0.0,0.0,0.0,0.0,0.0,,17.25,17.25,17.75,16.25,PASS_BOUNDARY,
OUTER_SIDE,RIGHT,3,1.5,,,0.0,0.0,0.0,1.0,0.0,,17.25,16.25,17.75,16.25,PASS_BOUNDARY,
OUTER_SIDE,RIGHT,3,1.5,,,0.0,0.0,0.0,2.0,0.0,,17.25,15.25,17.75,16.25,PASS_BOUNDARY,
OUTER_SIDE,RIGHT,3,1.5,,,0.0,0.0,1.0,0.0,0.0,,17.25,16.25,17.75,16.25,PASS_BOUNDARY,
OUTER_SIDE,RIGHT,3,1.5,,,0.0,0.0,1.0,1.0,0.0,,17.25,15.25,17.75,16.25,PASS_BOUNDARY,
OUTER_SIDE,RIGHT,3,1.5,,,0.0,0.0,1.0,2.0,0.0,,17.25,14.25,17.75,16.25,PASS_BOUNDARY,
OUTER_SIDE,RIGHT,3,1.5,,,0.0,0.0,2.0,0.0,0.0,,17.25,15.25,17.75,16.25,PASS_BOUNDARY,
OUTER_SIDE,RIGHT,3,1.5,,,0.0,0.0,2.0,1.0,0.0,,17.25,14.25,17.75,16.25,PASS_BOUNDARY,
OUTER_SIDE,RIGHT,3,1.5,,,0.0,0.0,2.0,2.0,0.0,,17.25,13.25,17.75,16.25,PASS_BOUNDARY,
OUTER_SIDE,RIGHT,3,1.5,,,0.0,1.0,0.0,0.0,1.0,,17.25,16.25,17.75,15.25,PASS_BOUNDARY,
OUTER_SIDE,RIGHT,3,1.5,,,0.0,1.0,0.0,1.0,1.0,,17.25,15.25,17.75,15.25,PASS_BOUNDARY,
OUTER_SIDE,RIGHT,3,1.5,,,0.0,1.0,0.0,2.0,1.0,,17.25,14.25,17.75,15.25,PASS_BOUNDARY,
OUTER_SIDE,RIGHT,3,1.5,,,0.0,1.0,1.0,0.0,1.0,,17.25,15.25,17.75,15.25,PASS_BOUNDARY,
OUTER_SIDE,RIGHT,3,1.5,,,0.0,1.0,1.0,1.0,1.0,,17.25,14.25,17.75,15.25,PASS_BOUNDARY,
OUTER_SIDE,RIGHT,3,1.5,,,0.0,1.0,1.0,2.0,1.0,,17.25,13.25,17.75,15.25,PASS_BOUNDARY,
OUTER_SIDE,RIGHT,3,1.5,,,0.0,1.0,2.0,0.0,1.0,,17.25,14.25,17.75,15.25,PASS_BOUNDARY,
OUTER_SIDE,RIGHT,3,1.5,,,0.0,1.0,2.0,1.0,1.0,,17.25,13.25,17.75,15.25,PASS_BOUNDARY,
OUTER_SIDE,RIGHT,3,1.5,,,0.0,1.0,2.0,2.0,1.0,,17.25,12.25,17.75,15.25,PASS_BOUNDARY,
OUTER_SIDE,RIGHT,3,1.5,,,1.0,-1.0,0.0,0.0,2.0,,17.25,15.25,17.75,14.25,PASS_BOUNDARY,
OUTER_SIDE,RIGHT,3,1.5,,,1.0,-1.0,0.0,1.0,2.0,,17.25,14.25,17.75,14.25,PASS_BOUNDARY,
OUTER_SIDE,RIGHT,3,1.5,,,1.0,-1.0,0.0,2.0,2.0,,17.25,13.25,17.75,14.25,PASS_BOUNDARY,
OUTER_SIDE,RIGHT,3,1.5,,,1.0,-1.0,1.0,0.0,2.0,,17.25,14.25,17.75,14.25,PASS_BOUNDARY,
OUTER_SIDE,RIGHT,3,1.5,,,1.0,-1.0,1.0,1.0,2.0,,17.25,13.25,17.75,14.25,PASS_BOUNDARY,
OUTER_SIDE,RIGHT,3,1.5,,,1.0,-1.0,1.0,2.0,2.0,,17.25,12.25,17.75,14.25,PASS_BOUNDARY,
OUTER_SIDE,RIGHT,3,1.5,,,1.0,-1.0,2.0,0.0,2.0,,17.25,13.25,17.75,14.25,PASS_BOUNDARY,
OUTER_SIDE,RIGHT,3,1.5,,,1.0,-1.0,2.0,1.0,2.0,,17.25,12.25,17.75,14.25,PASS_BOUNDARY,
OUTER_SIDE,RIGHT,3,1.5,,,1.0,-1.0,2.0,2.0,2.0,,17.25,11.25,17.75,14.25,PASS_BOUNDARY,
OUTER_SIDE,RIGHT,3,1.5,,,1.0,0.0,0.0,0.0,1.0,,17.25,16.25,17.75,15.25,PASS_BOUNDARY,
OUTER_SIDE,RIGHT,3,1.5,,,1.0,0.0,0.0,1.0,1.0,,17.25,15.25,17.75,15.25,PASS_BOUNDARY,
OUTER_SIDE,RIGHT,3,1.5,,,1.0,0.0,0.0,2.0,1.0,,17.25,14.25,17.75,15.25,PASS_BOUNDARY,
OUTER_SIDE,RIGHT,3,1.5,,,1.0,0.0,1.0,0.0,1.0,,17.25,15.25,17.75,15.25,PASS_BOUNDARY,
OUTER_SIDE,RIGHT,3,1.5,,,1.0,0.0,1.0,1.0,1.0,,17.25,14.25,17.75,15.25,PASS_BOUNDARY,
OUTER_SIDE,RIGHT,3,1.5,,,1.0,0.0,1.0,2.0,1.0,,17.25,13.25,17.75,15.25,PASS_BOUNDARY,
OUTER_SIDE,RIGHT,3,1.5,,,1.0,0.0,2.0,0.0,1.0,,17.25,14.25,17.75,15.25,PASS_BOUNDARY,
OUTER_SIDE,RIGHT,3,1.5,,,1.0,0.0,2.0,1.0,1.0,,17.25,13.25,17.75,15.25,PASS_BOUNDARY,
OUTER_SIDE,RIGHT,3,1.5,,,1.0,0.0,2.0,2.0,1.0,,17.25,12.25,17.75,15.25,PASS_BOUNDARY,
OUTER_SIDE,RIGHT,3,1.5,,,1.0,1.0,0.0,0.0,0.0,,17.25,17.25,17.75,16.25,PASS_BOUNDARY,
OUTER_SIDE,RIGHT,3,1.5,,,1.0,1.0,0.0,1.0,0.0,,17.25,16.25,17.75,16.25,PASS_BOUNDARY,
OUTER_SIDE,RIGHT,3,1.5,,,1.0,1.0,0.0,2.0,0.0,,17.25,15.25,17.75,16.25,PASS_BOUNDARY,
OUTER_SIDE,RIGHT,3,1.5,,,1.0,1.0,1.0,0.0,0.0,,17.25,16.25,17.75,16.25,PASS_BOUNDARY,
OUTER_SIDE,RIGHT,3,1.5,,,1.0,1.0,1.0,1.0,0.0,,17.25,15.25,17.75,16.25,PASS_BOUNDARY,
OUTER_SIDE,RIGHT,3,1.5,,,1.0,1.0,1.0,2.0,0.0,,17.25,14.25,17.75,16.25,PASS_BOUNDARY,
OUTER_SIDE,RIGHT,3,1.5,,,1.0,1.0,2.0,0.0,0.0,,17.25,15.25,17.75,16.25,PASS_BOUNDARY,
OUTER_SIDE,RIGHT,3,1.5,,,1.0,1.0,2.0,1.0,0.0,,17.25,14.25,17.75,16.25,PASS_BOUNDARY,
OUTER_SIDE,RIGHT,3,1.5,,,1.0,1.0,2.0,2.0,0.0,,17.25,13.25,17.75,16.25,PASS_BOUNDARY,
OUTER_SIDE,RIGHT,4,0.0,,,-1.0,-1.0,0.0,0.0,0.0,,16.25,16.25,16.75,16.75,PASS_BOUNDARY,
OUTER_SIDE,RIGHT,4,0.0,,,-1.0,-1.0,0.0,1.0,0.0,,16.25,15.25,16.75,16.75,PASS_BOUNDARY,
OUTER_SIDE,RIGHT,4,0.0,,,-1.0,-1.0,0.0,2.0,0.0,,16.25,14.25,16.75,16.75,PASS_BOUNDARY,
OUTER_SIDE,RIGHT,4,0.0,,,-1.0,-1.0,1.0,0.0,0.0,,16.25,15.25,16.75,16.75,PASS_BOUNDARY,
OUTER_SIDE,RIGHT,4,0.0,,,-1.0,-1.0,1.0,1.0,0.0,,16.25,14.25,16.75,16.75,PASS_BOUNDARY,
OUTER_SIDE,RIGHT,4,0.0,,,-1.0,-1.0,1.0,2.0,0.0,,16.25,13.25,16.75,16.75,PASS_BOUNDARY,
OUTER_SIDE,RIGHT,4,0.0,,,-1.0,-1.0,2.0,0.0,0.0,,16.25,14.25,16.75,16.75,PASS_BOUNDARY,
OUTER_SIDE,RIGHT,4,0.0,,,-1.0,-1.0,2.0,1.0,0.0,,16.25,13.25,16.75,16.75,PASS_BOUNDARY,
OUTER_SIDE,RIGHT,4,0.0,,,-1.0,-1.0,2.0,2.0,0.0,,16.25,12.25,16.75,16.75,PASS_BOUNDARY,
OUTER_SIDE,RIGHT,4,0.0,,,-1.0,0.0,0.0,0.0,1.0,,16.25,15.25,16.75,15.75,PASS_BOUNDARY,
OUTER_SIDE,RIGHT,4,0.0,,,-1.0,0.0,0.0,1.0,1.0,,16.25,14.25,16.75,15.75,PASS_BOUNDARY,
OUTER_SIDE,RIGHT,4,0.0,,,-1.0,0.0,0.0,2.0,1.0,,16.25,13.25,16.75,15.75,PASS_BOUNDARY,
OUTER_SIDE,RIGHT,4,0.0,,,-1.0,0.0,1.0,0.0,1.0,,16.25,14.25,16.75,15.75,PASS_BOUNDARY,
OUTER_SIDE,RIGHT,4,0.0,,,-1.0,0.0,1.0,1.0,1.0,,16.25,13.25,16.75,15.75,PASS_BOUNDARY,
OUTER_SIDE,RIGHT,4,0.0,,,-1.0,0.0,1.0,2.0,1.0,,16.25,12.25,16.75,15.75,PASS_BOUNDARY,
OUTER_SIDE,RIGHT,4,0.0,,,-1.0,0.0,2.0,0.0,1.0,,16.25,13.25,16.75,15.75,PASS_BOUNDARY,
OUTER_SIDE,RIGHT,4,0.0,,,-1.0,0.0,2.0,1.0,1.0,,16.25,12.25,16.75,15.75,PASS_BOUNDARY,
OUTER_SIDE,RIGHT,4,0.0,,,-1.0,0.0,2.0,2.0,1.0,,16.25,11.25,16.75,15.75,PASS_BOUNDARY,
OUTER_SIDE,RIGHT,4,0.0,,,-1.0,1.0,0.0,0.0,2.0,,16.25,14.25,16.75,14.75,PASS_BOUNDARY,
OUTER_SIDE,RIGHT,4,0.0,,,-1.0,1.0,0.0,1.0,2.0,,16.25,13.25,16.75,14.75,PASS_BOUNDARY,
OUTER_SIDE,RIGHT,4,0.0,,,-1.0,1.0,0.0,2.0,2.0,,16.25,12.25,16.75,14.75,PASS_BOUNDARY,
OUTER_SIDE,RIGHT,4,0.0,,,-1.0,1.0,1.0,0.0,2.0,,16.25,13.25,16.75,14.75,PASS_BOUNDARY,
OUTER_SIDE,RIGHT,4,0.0,,,-1.0,1.0,1.0,1.0,2.0,,16.25,12.25,16.75,14.75,PASS_BOUNDARY,
OUTER_SIDE,RIGHT,4,0.0,,,-1.0,1.0,1.0,2.0,2.0,,16.25,11.25,16.75,14.75,PASS_BOUNDARY,
OUTER_SIDE,RIGHT,4,0.0,,,-1.0,1.0,2.0,0.0,2.0,,16.25,12.25,16.75,14.75,PASS_BOUNDARY,
OUTER_SIDE,RIGHT,4,0.0,,,-1.0,1.0,2.0,1.0,2.0,,16.25,11.25,16.75,14.75,PASS_BOUNDARY,
OUTER_SIDE,RIGHT,4,0.0,,,-1.0,1.0,2.0,2.0,2.0,,16.25,10.25,16.75,14.75,PASS_BOUNDARY,
OUTER_SIDE,RIGHT,4,0.0,,,0.0,-1.0,0.0,0.0,1.0,,16.25,15.25,16.75,15.75,PASS_BOUNDARY,
OUTER_SIDE,RIGHT,4,0.0,,,0.0,-1.0,0.0,1.0,1.0,,16.25,14.25,16.75,15.75,PASS_BOUNDARY,
OUTER_SIDE,RIGHT,4,0.0,,,0.0,-1.0,0.0,2.0,1.0,,16.25,13.25,16.75,15.75,PASS_BOUNDARY,
OUTER_SIDE,RIGHT,4,0.0,,,0.0,-1.0,1.0,0.0,1.0,,16.25,14.25,16.75,15.75,PASS_BOUNDARY,
OUTER_SIDE,RIGHT,4,0.0,,,0.0,-1.0,1.0,1.0,1.0,,16.25,13.25,16.75,15.75,PASS_BOUNDARY,
OUTER_SIDE,RIGHT,4,0.0,,,0.0,-1.0,1.0,2.0,1.0,,16.25,12.25,16.75,15.75,PASS_BOUNDARY,
OUTER_SIDE,RIGHT,4,0.0,,,0.0,-1.0,2.0,0.0,1.0,,16.25,13.25,16.75,15.75,PASS_BOUNDARY,
OUTER_SIDE,RIGHT,4,0.0,,,0.0,-1.0,2.0,1.0,1.0,,16.25,12.25,16.75,15.75,PASS_BOUNDARY,
OUTER_SIDE,RIGHT,4,0.0,,,0.0,-1.0,2.0,2.0,1.0,,16.25,11.25,16.75,15.75,PASS_BOUNDARY,
OUTER_SIDE,RIGHT,4,0.0,,,0.0,0.0,0.0,0.0,0.0,,16.25,16.25,16.75,16.75,PASS_BOUNDARY,
OUTER_SIDE,RIGHT,4,0.0,,,0.0,0.0,0.0,1.0,0.0,,16.25,15.25,16.75,16.75,PASS_BOUNDARY,
OUTER_SIDE,RIGHT,4,0.0,,,0.0,0.0,0.0,2.0,0.0,,16.25,14.25,16.75,16.75,PASS_BOUNDARY,
OUTER_SIDE,RIGHT,4,0.0,,,0.0,0.0,1.0,0.0,0.0,,16.25,15.25,16.75,16.75,PASS_BOUNDARY,
OUTER_SIDE,RIGHT,4,0.0,,,0.0,0.0,1.0,1.0,0.0,,16.25,14.25,16.75,16.75,PASS_BOUNDARY,
OUTER_SIDE,RIGHT,4,0.0,,,0.0,0.0,1.0,2.0,0.0,,16.25,13.25,16.75,16.75,PASS_BOUNDARY,
OUTER_SIDE,RIGHT,4,0.0,,,0.0,0.0,2.0,0.0,0.0,,16.25,14.25,16.75,16.75,PASS_BOUNDARY,
OUTER_SIDE,RIGHT,4,0.0,,,0.0,0.0,2.0,1.0,0.0,,16.25,13.25,16.75,16.75,PASS_BOUNDARY,
OUTER_SIDE,RIGHT,4,0.0,,,0.0,0.0,2.0,2.0,0.0,,16.25,12.25,16.75,16.75,PASS_BOUNDARY,
OUTER_SIDE,RIGHT,4,0.0,,,0.0,1.0,0.0,0.0,1.0,,16.25,15.25,16.75,15.75,PASS_BOUNDARY,
OUTER_SIDE,RIGHT,4,0.0,,,0.0,1.0,0.0,1.0,1.0,,16.25,14.25,16.75,15.75,PASS_BOUNDARY,
OUTER_SIDE,RIGHT,4,0.0,,,0.0,1.0,0.0,2.0,1.0,,16.25,13.25,16.75,15.75,PASS_BOUNDARY,
OUTER_SIDE,RIGHT,4,0.0,,,0.0,1.0,1.0,0.0,1.0,,16.25,14.25,16.75,15.75,PASS_BOUNDARY,
OUTER_SIDE,RIGHT,4,0.0,,,0.0,1.0,1.0,1.0,1.0,,16.25,13.25,16.75,15.75,PASS_BOUNDARY,
OUTER_SIDE,RIGHT,4,0.0,,,0.0,1.0,1.0,2.0,1.0,,16.25,12.25,16.75,15.75,PASS_BOUNDARY,
OUTER_SIDE,RIGHT,4,0.0,,,0.0,1.0,2.0,0.0,1.0,,16.25,13.25,16.75,15.75,PASS_BOUNDARY,
OUTER_SIDE,RIGHT,4,0.0,,,0.0,1.0,2.0,1.0,1.0,,16.25,12.25,16.75,15.75,PASS_BOUNDARY,
OUTER_SIDE,RIGHT,4,0.0,,,0.0,1.0,2.0,2.0,1.0,,16.25,11.25,16.75,15.75,PASS_BOUNDARY,
OUTER_SIDE,RIGHT,4,0.0,,,1.0,-1.0,0.0,0.0,2.0,,16.25,14.25,16.75,14.75,PASS_BOUNDARY,
OUTER_SIDE,RIGHT,4,0.0,,,1.0,-1.0,0.0,1.0,2.0,,16.25,13.25,16.75,14.75,PASS_BOUNDARY,
OUTER_SIDE,RIGHT,4,0.0,,,1.0,-1.0,0.0,2.0,2.0,,16.25,12.25,16.75,14.75,PASS_BOUNDARY,
OUTER_SIDE,RIGHT,4,0.0,,,1.0,-1.0,1.0,0.0,2.0,,16.25,13.25,16.75,14.75,PASS_BOUNDARY,
OUTER_SIDE,RIGHT,4,0.0,,,1.0,-1.0,1.0,1.0,2.0,,16.25,12.25,16.75,14.75,PASS_BOUNDARY,
OUTER_SIDE,RIGHT,4,0.0,,,1.0,-1.0,1.0,2.0,2.0,,16.25,11.25,16.75,14.75,PASS_BOUNDARY,
OUTER_SIDE,RIGHT,4,0.0,,,1.0,-1.0,2.0,0.0,2.0,,16.25,12.25,16.75,14.75,PASS_BOUNDARY,
OUTER_SIDE,RIGHT,4,0.0,,,1.0,-1.0,2.0,1.0,2.0,,16.25,11.25,16.75,14.75,PASS_BOUNDARY,
OUTER_SIDE,RIGHT,4,0.0,,,1.0,-1.0,2.0,2.0,2.0,,16.25,10.25,16.75,14.75,PASS_BOUNDARY,
OUTER_SIDE,RIGHT,4,0.0,,,1.0,0.0,0.0,0.0,1.0,,16.25,15.25,16.75,15.75,PASS_BOUNDARY,
OUTER_SIDE,RIGHT,4,0.0,,,1.0,0.0,0.0,1.0,1.0,,16.25,14.25,16.75,15.75,PASS_BOUNDARY,
OUTER_SIDE,RIGHT,4,0.0,,,1.0,0.0,0.0,2.0,1.0,,16.25,13.25,16.75,15.75,PASS_BOUNDARY,
OUTER_SIDE,RIGHT,4,0.0,,,1.0,0.0,1.0,0.0,1.0,,16.25,14.25,16.75,15.75,PASS_BOUNDARY,
OUTER_SIDE,RIGHT,4,0.0,,,1.0,0.0,1.0,1.0,1.0,,16.25,13.25,16.75,15.75,PASS_BOUNDARY,
OUTER_SIDE,RIGHT,4,0.0,,,1.0,0.0,1.0,2.0,1.0,,16.25,12.25,16.75,15.75,PASS_BOUNDARY,
OUTER_SIDE,RIGHT,4,0.0,,,1.0,0.0,2.0,0.0,1.0,,16.25,13.25,16.75,15.75,PASS_BOUNDARY,
OUTER_SIDE,RIGHT,4,0.0,,,1.0,0.0,2.0,1.0,1.0,,16.25,12.25,16.75,15.75,PASS_BOUNDARY,
OUTER_SIDE,RIGHT,4,0.0,,,1.0,0.0,2.0,2.0,1.0,,16.25,11.25,16.75,15.75,PASS_BOUNDARY,
OUTER_SIDE,RIGHT,4,0.0,,,1.0,1.0,0.0,0.0,0.0,,16.25,16.25,16.75,16.75,PASS_BOUNDARY,
OUTER_SIDE,RIGHT,4,0.0,,,1.0,1.0,0.0,1.0,0.0,,16.25,15.25,16.75,16.75,PASS_BOUNDARY,
OUTER_SIDE,RIGHT,4,0.0,,,1.0,1.0,0.0,2.0,0.0,,16.25,14.25,16.75,16.75,PASS_BOUNDARY,
OUTER_SIDE,RIGHT,4,0.0,,,1.0,1.0,1.0,0.0,0.0,,16.25,15.25,16.75,16.75,PASS_BOUNDARY,
OUTER_SIDE,RIGHT,4,0.0,,,1.0,1.0,1.0,1.0,0.0,,16.25,14.25,16.75,16.75,PASS_BOUNDARY,
OUTER_SIDE,RIGHT,4,0.0,,,1.0,1.0,1.0,2.0,0.0,,16.25,13.25,16.75,16.75,PASS_BOUNDARY,
OUTER_SIDE,RIGHT,4,0.0,,,1.0,1.0,2.0,0.0,0.0,,16.25,14.25,16.75,16.75,PASS_BOUNDARY,
OUTER_SIDE,RIGHT,4,0.0,,,1.0,1.0,2.0,1.0,0.0,,16.25,13.25,16.75,16.75,PASS_BOUNDARY,
OUTER_SIDE,RIGHT,4,0.0,,,1.0,1.0,2.0,2.0,0.0,,16.25,12.25,16.75,16.75,PASS_BOUNDARY,
OUTER_SIDE,RIGHT,4,0.5,,,-1.0,-1.0,0.0,0.0,0.0,,16.25,16.25,16.75,16.25,PASS_BOUNDARY,
OUTER_SIDE,RIGHT,4,0.5,,,-1.0,-1.0,0.0,1.0,0.0,,16.25,15.25,16.75,16.25,PASS_BOUNDARY,
OUTER_SIDE,RIGHT,4,0.5,,,-1.0,-1.0,0.0,2.0,0.0,,16.25,14.25,16.75,16.25,PASS_BOUNDARY,
OUTER_SIDE,RIGHT,4,0.5,,,-1.0,-1.0,1.0,0.0,0.0,,16.25,15.25,16.75,16.25,PASS_BOUNDARY,
OUTER_SIDE,RIGHT,4,0.5,,,-1.0,-1.0,1.0,1.0,0.0,,16.25,14.25,16.75,16.25,PASS_BOUNDARY,
OUTER_SIDE,RIGHT,4,0.5,,,-1.0,-1.0,1.0,2.0,0.0,,16.25,13.25,16.75,16.25,PASS_BOUNDARY,
OUTER_SIDE,RIGHT,4,0.5,,,-1.0,-1.0,2.0,0.0,0.0,,16.25,14.25,16.75,16.25,PASS_BOUNDARY,
OUTER_SIDE,RIGHT,4,0.5,,,-1.0,-1.0,2.0,1.0,0.0,,16.25,13.25,16.75,16.25,PASS_BOUNDARY,
OUTER_SIDE,RIGHT,4,0.5,,,-1.0,-1.0,2.0,2.0,0.0,,16.25,12.25,16.75,16.25,PASS_BOUNDARY,
OUTER_SIDE,RIGHT,4,0.5,,,-1.0,0.0,0.0,0.0,1.0,,16.25,15.25,16.75,15.25,PASS_BOUNDARY,
OUTER_SIDE,RIGHT,4,0.5,,,-1.0,0.0,0.0,1.0,1.0,,16.25,14.25,16.75,15.25,PASS_BOUNDARY,
OUTER_SIDE,RIGHT,4,0.5,,,-1.0,0.0,0.0,2.0,1.0,,16.25,13.25,16.75,15.25,PASS_BOUNDARY,
OUTER_SIDE,RIGHT,4,0.5,,,-1.0,0.0,1.0,0.0,1.0,,16.25,14.25,16.75,15.25,PASS_BOUNDARY,
OUTER_SIDE,RIGHT,4,0.5,,,-1.0,0.0,1.0,1.0,1.0,,16.25,13.25,16.75,15.25,PASS_BOUNDARY,
OUTER_SIDE,RIGHT,4,0.5,,,-1.0,0.0,1.0,2.0,1.0,,16.25,12.25,16.75,15.25,PASS_BOUNDARY,
OUTER_SIDE,RIGHT,4,0.5,,,-1.0,0.0,2.0,0.0,1.0,,16.25,13.25,16.75,15.25,PASS_BOUNDARY,
OUTER_SIDE,RIGHT,4,0.5,,,-1.0,0.0,2.0,1.0,1.0,,16.25,12.25,16.75,15.25,PASS_BOUNDARY,
OUTER_SIDE,RIGHT,4,0.5,,,-1.0,0.0,2.0,2.0,1.0,,16.25,11.25,16.75,15.25,PASS_BOUNDARY,
OUTER_SIDE,RIGHT,4,0.5,,,-1.0,1.0,0.0,0.0,2.0,,16.25,14.25,16.75,14.25,PASS_BOUNDARY,
OUTER_SIDE,RIGHT,4,0.5,,,-1.0,1.0,0.0,1.0,2.0,,16.25,13.25,16.75,14.25,PASS_BOUNDARY,
OUTER_SIDE,RIGHT,4,0.5,,,-1.0,1.0,0.0,2.0,2.0,,16.25,12.25,16.75,14.25,PASS_BOUNDARY,
OUTER_SIDE,RIGHT,4,0.5,,,-1.0,1.0,1.0,0.0,2.0,,16.25,13.25,16.75,14.25,PASS_BOUNDARY,
OUTER_SIDE,RIGHT,4,0.5,,,-1.0,1.0,1.0,1.0,2.0,,16.25,12.25,16.75,14.25,PASS_BOUNDARY,
OUTER_SIDE,RIGHT,4,0.5,,,-1.0,1.0,1.0,2.0,2.0,,16.25,11.25,16.75,14.25,PASS_BOUNDARY,
OUTER_SIDE,RIGHT,4,0.5,,,-1.0,1.0,2.0,0.0,2.0,,16.25,12.25,16.75,14.25,PASS_BOUNDARY,
OUTER_SIDE,RIGHT,4,0.5,,,-1.0,1.0,2.0,1.0,2.0,,16.25,11.25,16.75,14.25,PASS_BOUNDARY,
OUTER_SIDE,RIGHT,4,0.5,,,-1.0,1.0,2.0,2.0,2.0,,16.25,10.25,16.75,14.25,PASS_BOUNDARY,
OUTER_SIDE,RIGHT,4,0.5,,,0.0,-1.0,0.0,0.0,1.0,,16.25,15.25,16.75,15.25,PASS_BOUNDARY,
OUTER_SIDE,RIGHT,4,0.5,,,0.0,-1.0,0.0,1.0,1.0,,16.25,14.25,16.75,15.25,PASS_BOUNDARY,
OUTER_SIDE,RIGHT,4,0.5,,,0.0,-1.0,0.0,2.0,1.0,,16.25,13.25,16.75,15.25,PASS_BOUNDARY,
OUTER_SIDE,RIGHT,4,0.5,,,0.0,-1.0,1.0,0.0,1.0,,16.25,14.25,16.75,15.25,PASS_BOUNDARY,
OUTER_SIDE,RIGHT,4,0.5,,,0.0,-1.0,1.0,1.0,1.0,,16.25,13.25,16.75,15.25,PASS_BOUNDARY,
OUTER_SIDE,RIGHT,4,0.5,,,0.0,-1.0,1.0,2.0,1.0,,16.25,12.25,16.75,15.25,PASS_BOUNDARY,
OUTER_SIDE,RIGHT,4,0.5,,,0.0,-1.0,2.0,0.0,1.0,,16.25,13.25,16.75,15.25,PASS_BOUNDARY,
OUTER_SIDE,RIGHT,4,0.5,,,0.0,-1.0,2.0,1.0,1.0,,16.25,12.25,16.75,15.25,PASS_BOUNDARY,
OUTER_SIDE,RIGHT,4,0.5,,,0.0,-1.0,2.0,2.0,1.0,,16.25,11.25,16.75,15.25,PASS_BOUNDARY,
OUTER_SIDE,RIGHT,4,0.5,,,0.0,0.0,0.0,0.0,0.0,,16.25,16.25,16.75,16.25,PASS_BOUNDARY,
OUTER_SIDE,RIGHT,4,0.5,,,0.0,0.0,0.0,1.0,0.0,,16.25,15.25,16.75,16.25,PASS_BOUNDARY,
OUTER_SIDE,RIGHT,4,0.5,,,0.0,0.0,0.0,2.0,0.0,,16.25,14.25,16.75,16.25,PASS_BOUNDARY,
OUTER_SIDE,RIGHT,4,0.5,,,0.0,0.0,1.0,0.0,0.0,,16.25,15.25,16.75,16.25,PASS_BOUNDARY,
OUTER_SIDE,RIGHT,4,0.5,,,0.0,0.0,1.0,1.0,0.0,,16.25,14.25,16.75,16.25,PASS_BOUNDARY,
OUTER_SIDE,RIGHT,4,0.5,,,0.0,0.0,1.0,2.0,0.0,,16.25,13.25,16.75,16.25,PASS_BOUNDARY,
OUTER_SIDE,RIGHT,4,0.5,,,0.0,0.0,2.0,0.0,0.0,,16.25,14.25,16.75,16.25,PASS_BOUNDARY,
OUTER_SIDE,RIGHT,4,0.5,,,0.0,0.0,2.0,1.0,0.0,,16.25,13.25,16.75,16.25,PASS_BOUNDARY,
OUTER_SIDE,RIGHT,4,0.5,,,0.0,0.0,2.0,2.0,0.0,,16.25,12.25,16.75,16.25,PASS_BOUNDARY,
OUTER_SIDE,RIGHT,4,0.5,,,0.0,1.0,0.0,0.0,1.0,,16.25,15.25,16.75,15.25,PASS_BOUNDARY,
OUTER_SIDE,RIGHT,4,0.5,,,0.0,1.0,0.0,1.0,1.0,,16.25,14.25,16.75,15.25,PASS_BOUNDARY,
OUTER_SIDE,RIGHT,4,0.5,,,0.0,1.0,0.0,2.0,1.0,,16.25,13.25,16.75,15.25,PASS_BOUNDARY,
OUTER_SIDE,RIGHT,4,0.5,,,0.0,1.0,1.0,0.0,1.0,,16.25,14.25,16.75,15.25,PASS_BOUNDARY,
OUTER_SIDE,RIGHT,4,0.5,,,0.0,1.0,1.0,1.0,1.0,,16.25,13.25,16.75,15.25,PASS_BOUNDARY,
OUTER_SIDE,RIGHT,4,0.5,,,0.0,1.0,1.0,2.0,1.0,,16.25,12.25,16.75,15.25,PASS_BOUNDARY,
OUTER_SIDE,RIGHT,4,0.5,,,0.0,1.0,2.0,0.0,1.0,,16.25,13.25,16.75,15.25,PASS_BOUNDARY,
OUTER_SIDE,RIGHT,4,0.5,,,0.0,1.0,2.0,1.0,1.0,,16.25,12.25,16.75,15.25,PASS_BOUNDARY,
OUTER_SIDE,RIGHT,4,0.5,,,0.0,1.0,2.0,2.0,1.0,,16.25,11.25,16.75,15.25,PASS_BOUNDARY,
OUTER_SIDE,RIGHT,4,0.5,,,1.0,-1.0,0.0,0.0,2.0,,16.25,14.25,16.75,14.25,PASS_BOUNDARY,
OUTER_SIDE,RIGHT,4,0.5,,,1.0,-1.0,0.0,1.0,2.0,,16.25,13.25,16.75,14.25,PASS_BOUNDARY,
OUTER_SIDE,RIGHT,4,0.5,,,1.0,-1.0,0.0,2.0,2.0,,16.25,12.25,16.75,14.25,PASS_BOUNDARY,
OUTER_SIDE,RIGHT,4,0.5,,,1.0,-1.0,1.0,0.0,2.0,,16.25,13.25,16.75,14.25,PASS_BOUNDARY,
OUTER_SIDE,RIGHT,4,0.5,,,1.0,-1.0,1.0,1.0,2.0,,16.25,12.25,16.75,14.25,PASS_BOUNDARY,
OUTER_SIDE,RIGHT,4,0.5,,,1.0,-1.0,1.0,2.0,2.0,,16.25,11.25,16.75,14.25,PASS_BOUNDARY,
OUTER_SIDE,RIGHT,4,0.5,,,1.0,-1.0,2.0,0.0,2.0,,16.25,12.25,16.75,14.25,PASS_BOUNDARY,
OUTER_SIDE,RIGHT,4,0.5,,,1.0,-1.0,2.0,1.0,2.0,,16.25,11.25,16.75,14.25,PASS_BOUNDARY,
OUTER_SIDE,RIGHT,4,0.5,,,1.0,-1.0,2.0,2.0,2.0,,16.25,10.25,16.75,14.25,PASS_BOUNDARY,
OUTER_SIDE,RIGHT,4,0.5,,,1.0,0.0,0.0,0.0,1.0,,16.25,15.25,16.75,15.25,PASS_BOUNDARY,
OUTER_SIDE,RIGHT,4,0.5,,,1.0,0.0,0.0,1.0,1.0,,16.25,14.25,16.75,15.25,PASS_BOUNDARY,
OUTER_SIDE,RIGHT,4,0.5,,,1.0,0.0,0.0,2.0,1.0,,16.25,13.25,16.75,15.25,PASS_BOUNDARY,
OUTER_SIDE,RIGHT,4,0.5,,,1.0,0.0,1.0,0.0,1.0,,16.25,14.25,16.75,15.25,PASS_BOUNDARY,
OUTER_SIDE,RIGHT,4,0.5,,,1.0,0.0,1.0,1.0,1.0,,16.25,13.25,16.75,15.25,PASS_BOUNDARY,
OUTER_SIDE,RIGHT,4,0.5,,,1.0,0.0,1.0,2.0,1.0,,16.25,12.25,16.75,15.25,PASS_BOUNDARY,
OUTER_SIDE,RIGHT,4,0.5,,,1.0,0.0,2.0,0.0,1.0,,16.25,13.25,16.75,15.25,PASS_BOUNDARY,
OUTER_SIDE,RIGHT,4,0.5,,,1.0,0.0,2.0,1.0,1.0,,16.25,12.25,16.75,15.25,PASS_BOUNDARY,
OUTER_SIDE,RIGHT,4,0.5,,,1.0,0.0,2.0,2.0,1.0,,16.25,11.25,16.75,15.25,PASS_BOUNDARY,
OUTER_SIDE,RIGHT,4,0.5,,,1.0,1.0,0.0,0.0,0.0,,16.25,16.25,16.75,16.25,PASS_BOUNDARY,
OUTER_SIDE,RIGHT,4,0.5,,,1.0,1.0,0.0,1.0,0.0,,16.25,15.25,16.75,16.25,PASS_BOUNDARY,
OUTER_SIDE,RIGHT,4,0.5,,,1.0,1.0,0.0,2.0,0.0,,16.25,14.25,16.75,16.25,PASS_BOUNDARY,
OUTER_SIDE,RIGHT,4,0.5,,,1.0,1.0,1.0,0.0,0.0,,16.25,15.25,16.75,16.25,PASS_BOUNDARY,
OUTER_SIDE,RIGHT,4,0.5,,,1.0,1.0,1.0,1.0,0.0,,16.25,14.25,16.75,16.25,PASS_BOUNDARY,
OUTER_SIDE,RIGHT,4,0.5,,,1.0,1.0,1.0,2.0,0.0,,16.25,13.25,16.75,16.25,PASS_BOUNDARY,
OUTER_SIDE,RIGHT,4,0.5,,,1.0,1.0,2.0,0.0,0.0,,16.25,14.25,16.75,16.25,PASS_BOUNDARY,
OUTER_SIDE,RIGHT,4,0.5,,,1.0,1.0,2.0,1.0,0.0,,16.25,13.25,16.75,16.25,PASS_BOUNDARY,
OUTER_SIDE,RIGHT,4,0.5,,,1.0,1.0,2.0,2.0,0.0,,16.25,12.25,16.75,16.25,PASS_BOUNDARY,
OUTER_SIDE,RIGHT,4,1.0,,,-1.0,-1.0,0.0,0.0,0.0,,16.25,16.25,16.75,15.75,PASS_BOUNDARY,
OUTER_SIDE,RIGHT,4,1.0,,,-1.0,-1.0,0.0,1.0,0.0,,16.25,15.25,16.75,15.75,PASS_BOUNDARY,
OUTER_SIDE,RIGHT,4,1.0,,,-1.0,-1.0,0.0,2.0,0.0,,16.25,14.25,16.75,15.75,PASS_BOUNDARY,
OUTER_SIDE,RIGHT,4,1.0,,,-1.0,-1.0,1.0,0.0,0.0,,16.25,15.25,16.75,15.75,PASS_BOUNDARY,
OUTER_SIDE,RIGHT,4,1.0,,,-1.0,-1.0,1.0,1.0,0.0,,16.25,14.25,16.75,15.75,PASS_BOUNDARY,
OUTER_SIDE,RIGHT,4,1.0,,,-1.0,-1.0,1.0,2.0,0.0,,16.25,13.25,16.75,15.75,PASS_BOUNDARY,
OUTER_SIDE,RIGHT,4,1.0,,,-1.0,-1.0,2.0,0.0,0.0,,16.25,14.25,16.75,15.75,PASS_BOUNDARY,
OUTER_SIDE,RIGHT,4,1.0,,,-1.0,-1.0,2.0,1.0,0.0,,16.25,13.25,16.75,15.75,PASS_BOUNDARY,
OUTER_SIDE,RIGHT,4,1.0,,,-1.0,-1.0,2.0,2.0,0.0,,16.25,12.25,16.75,15.75,PASS_BOUNDARY,
OUTER_SIDE,RIGHT,4,1.0,,,-1.0,0.0,0.0,0.0,1.0,,16.25,15.25,16.75,14.75,PASS_BOUNDARY,
OUTER_SIDE,RIGHT,4,1.0,,,-1.0,0.0,0.0,1.0,1.0,,16.25,14.25,16.75,14.75,PASS_BOUNDARY,
OUTER_SIDE,RIGHT,4,1.0,,,-1.0,0.0,0.0,2.0,1.0,,16.25,13.25,16.75,14.75,PASS_BOUNDARY,
OUTER_SIDE,RIGHT,4,1.0,,,-1.0,0.0,1.0,0.0,1.0,,16.25,14.25,16.75,14.75,PASS_BOUNDARY,
OUTER_SIDE,RIGHT,4,1.0,,,-1.0,0.0,1.0,1.0,1.0,,16.25,13.25,16.75,14.75,PASS_BOUNDARY,
OUTER_SIDE,RIGHT,4,1.0,,,-1.0,0.0,1.0,2.0,1.0,,16.25,12.25,16.75,14.75,PASS_BOUNDARY,
OUTER_SIDE,RIGHT,4,1.0,,,-1.0,0.0,2.0,0.0,1.0,,16.25,13.25,16.75,14.75,PASS_BOUNDARY,
OUTER_SIDE,RIGHT,4,1.0,,,-1.0,0.0,2.0,1.0,1.0,,16.25,12.25,16.75,14.75,PASS_BOUNDARY,
OUTER_SIDE,RIGHT,4,1.0,,,-1.0,0.0,2.0,2.0,1.0,,16.25,11.25,16.75,14.75,PASS_BOUNDARY,
OUTER_SIDE,RIGHT,4,1.0,,,-1.0,1.0,0.0,0.0,2.0,,16.25,14.25,16.75,13.75,PASS_BOUNDARY,
OUTER_SIDE,RIGHT,4,1.0,,,-1.0,1.0,0.0,1.0,2.0,,16.25,13.25,16.75,13.75,PASS_BOUNDARY,
OUTER_SIDE,RIGHT,4,1.0,,,-1.0,1.0,0.0,2.0,2.0,,16.25,12.25,16.75,13.75,PASS_BOUNDARY,
OUTER_SIDE,RIGHT,4,1.0,,,-1.0,1.0,1.0,0.0,2.0,,16.25,13.25,16.75,13.75,PASS_BOUNDARY,
OUTER_SIDE,RIGHT,4,1.0,,,-1.0,1.0,1.0,1.0,2.0,,16.25,12.25,16.75,13.75,PASS_BOUNDARY,
OUTER_SIDE,RIGHT,4,1.0,,,-1.0,1.0,1.0,2.0,2.0,,16.25,11.25,16.75,13.75,PASS_BOUNDARY,
OUTER_SIDE,RIGHT,4,1.0,,,-1.0,1.0,2.0,0.0,2.0,,16.25,12.25,16.75,13.75,PASS_BOUNDARY,
OUTER_SIDE,RIGHT,4,1.0,,,-1.0,1.0,2.0,1.0,2.0,,16.25,11.25,16.75,13.75,PASS_BOUNDARY,
OUTER_SIDE,RIGHT,4,1.0,,,-1.0,1.0,2.0,2.0,2.0,,16.25,10.25,16.75,13.75,PASS_BOUNDARY,
OUTER_SIDE,RIGHT,4,1.0,,,0.0,-1.0,0.0,0.0,1.0,,16.25,15.25,16.75,14.75,PASS_BOUNDARY,
OUTER_SIDE,RIGHT,4,1.0,,,0.0,-1.0,0.0,1.0,1.0,,16.25,14.25,16.75,14.75,PASS_BOUNDARY,
OUTER_SIDE,RIGHT,4,1.0,,,0.0,-1.0,0.0,2.0,1.0,,16.25,13.25,16.75,14.75,PASS_BOUNDARY,
OUTER_SIDE,RIGHT,4,1.0,,,0.0,-1.0,1.0,0.0,1.0,,16.25,14.25,16.75,14.75,PASS_BOUNDARY,
OUTER_SIDE,RIGHT,4,1.0,,,0.0,-1.0,1.0,1.0,1.0,,16.25,13.25,16.75,14.75,PASS_BOUNDARY,
OUTER_SIDE,RIGHT,4,1.0,,,0.0,-1.0,1.0,2.0,1.0,,16.25,12.25,16.75,14.75,PASS_BOUNDARY,
OUTER_SIDE,RIGHT,4,1.0,,,0.0,-1.0,2.0,0.0,1.0,,16.25,13.25,16.75,14.75,PASS_BOUNDARY,
OUTER_SIDE,RIGHT,4,1.0,,,0.0,-1.0,2.0,1.0,1.0,,16.25,12.25,16.75,14.75,PASS_BOUNDARY,
OUTER_SIDE,RIGHT,4,1.0,,,0.0,-1.0,2.0,2.0,1.0,,16.25,11.25,16.75,14.75,PASS_BOUNDARY,
OUTER_SIDE,RIGHT,4,1.0,,,0.0,0.0,0.0,0.0,0.0,,16.25,16.25,16.75,15.75,PASS_BOUNDARY,
OUTER_SIDE,RIGHT,4,1.0,,,0.0,0.0,0.0,1.0,0.0,,16.25,15.25,16.75,15.75,PASS_BOUNDARY,
OUTER_SIDE,RIGHT,4,1.0,,,0.0,0.0,0.0,2.0,0.0,,16.25,14.25,16.75,15.75,PASS_BOUNDARY,
OUTER_SIDE,RIGHT,4,1.0,,,0.0,0.0,1.0,0.0,0.0,,16.25,15.25,16.75,15.75,PASS_BOUNDARY,
OUTER_SIDE,RIGHT,4,1.0,,,0.0,0.0,1.0,1.0,0.0,,16.25,14.25,16.75,15.75,PASS_BOUNDARY,
OUTER_SIDE,RIGHT,4,1.0,,,0.0,0.0,1.0,2.0,0.0,,16.25,13.25,16.75,15.75,PASS_BOUNDARY,
OUTER_SIDE,RIGHT,4,1.0,,,0.0,0.0,2.0,0.0,0.0,,16.25,14.25,16.75,15.75,PASS_BOUNDARY,
OUTER_SIDE,RIGHT,4,1.0,,,0.0,0.0,2.0,1.0,0.0,,16.25,13.25,16.75,15.75,PASS_BOUNDARY,
OUTER_SIDE,RIGHT,4,1.0,,,0.0,0.0,2.0,2.0,0.0,,16.25,12.25,16.75,15.75,PASS_BOUNDARY,
OUTER_SIDE,RIGHT,4,1.0,,,0.0,1.0,0.0,0.0,1.0,,16.25,15.25,16.75,14.75,PASS_BOUNDARY,
OUTER_SIDE,RIGHT,4,1.0,,,0.0,1.0,0.0,1.0,1.0,,16.25,14.25,16.75,14.75,PASS_BOUNDARY,
OUTER_SIDE,RIGHT,4,1.0,,,0.0,1.0,0.0,2.0,1.0,,16.25,13.25,16.75,14.75,PASS_BOUNDARY,
OUTER_SIDE,RIGHT,4,1.0,,,0.0,1.0,1.0,0.0,1.0,,16.25,14.25,16.75,14.75,PASS_BOUNDARY,
OUTER_SIDE,RIGHT,4,1.0,,,0.0,1.0,1.0,1.0,1.0,,16.25,13.25,16.75,14.75,PASS_BOUNDARY,
OUTER_SIDE,RIGHT,4,1.0,,,0.0,1.0,1.0,2.0,1.0,,16.25,12.25,16.75,14.75,PASS_BOUNDARY,
OUTER_SIDE,RIGHT,4,1.0,,,0.0,1.0,2.0,0.0,1.0,,16.25,13.25,16.75,14.75,PASS_BOUNDARY,
OUTER_SIDE,RIGHT,4,1.0,,,0.0,1.0,2.0,1.0,1.0,,16.25,12.25,16.75,14.75,PASS_BOUNDARY,
OUTER_SIDE,RIGHT,4,1.0,,,0.0,1.0,2.0,2.0,1.0,,16.25,11.25,16.75,14.75,PASS_BOUNDARY,
OUTER_SIDE,RIGHT,4,1.0,,,1.0,-1.0,0.0,0.0,2.0,,16.25,14.25,16.75,13.75,PASS_BOUNDARY,
OUTER_SIDE,RIGHT,4,1.0,,,1.0,-1.0,0.0,1.0,2.0,,16.25,13.25,16.75,13.75,PASS_BOUNDARY,
OUTER_SIDE,RIGHT,4,1.0,,,1.0,-1.0,0.0,2.0,2.0,,16.25,12.25,16.75,13.75,PASS_BOUNDARY,
OUTER_SIDE,RIGHT,4,1.0,,,1.0,-1.0,1.0,0.0,2.0,,16.25,13.25,16.75,13.75,PASS_BOUNDARY,
OUTER_SIDE,RIGHT,4,1.0,,,1.0,-1.0,1.0,1.0,2.0,,16.25,12.25,16.75,13.75,PASS_BOUNDARY,
OUTER_SIDE,RIGHT,4,1.0,,,1.0,-1.0,1.0,2.0,2.0,,16.25,11.25,16.75,13.75,PASS_BOUNDARY,
OUTER_SIDE,RIGHT,4,1.0,,,1.0,-1.0,2.0,0.0,2.0,,16.25,12.25,16.75,13.75,PASS_BOUNDARY,
OUTER_SIDE,RIGHT,4,1.0,,,1.0,-1.0,2.0,1.0,2.0,,16.25,11.25,16.75,13.75,PASS_BOUNDARY,
OUTER_SIDE,RIGHT,4,1.0,,,1.0,-1.0,2.0,2.0,2.0,,16.25,10.25,16.75,13.75,PASS_BOUNDARY,
OUTER_SIDE,RIGHT,4,1.0,,,1.0,0.0,0.0,0.0,1.0,,16.25,15.25,16.75,14.75,PASS_BOUNDARY,
OUTER_SIDE,RIGHT,4,1.0,,,1.0,0.0,0.0,1.0,1.0,,16.25,14.25,16.75,14.75,PASS_BOUNDARY,
OUTER_SIDE,RIGHT,4,1.0,,,1.0,0.0,0.0,2.0,1.0,,16.25,13.25,16.75,14.75,PASS_BOUNDARY,
OUTER_SIDE,RIGHT,4,1.0,,,1.0,0.0,1.0,0.0,1.0,,16.25,14.25,16.75,14.75,PASS_BOUNDARY,
OUTER_SIDE,RIGHT,4,1.0,,,1.0,0.0,1.0,1.0,1.0,,16.25,13.25,16.75,14.75,PASS_BOUNDARY,
OUTER_SIDE,RIGHT,4,1.0,,,1.0,0.0,1.0,2.0,1.0,,16.25,12.25,16.75,14.75,PASS_BOUNDARY,
OUTER_SIDE,RIGHT,4,1.0,,,1.0,0.0,2.0,0.0,1.0,,16.25,13.25,16.75,14.75,PASS_BOUNDARY,
OUTER_SIDE,RIGHT,4,1.0,,,1.0,0.0,2.0,1.0,1.0,,16.25,12.25,16.75,14.75,PASS_BOUNDARY,
OUTER_SIDE,RIGHT,4,1.0,,,1.0,0.0,2.0,2.0,1.0,,16.25,11.25,16.75,14.75,PASS_BOUNDARY,
OUTER_SIDE,RIGHT,4,1.0,,,1.0,1.0,0.0,0.0,0.0,,16.25,16.25,16.75,15.75,PASS_BOUNDARY,
OUTER_SIDE,RIGHT,4,1.0,,,1.0,1.0,0.0,1.0,0.0,,16.25,15.25,16.75,15.75,PASS_BOUNDARY,
OUTER_SIDE,RIGHT,4,1.0,,,1.0,1.0,0.0,2.0,0.0,,16.25,14.25,16.75,15.75,PASS_BOUNDARY,
OUTER_SIDE,RIGHT,4,1.0,,,1.0,1.0,1.0,0.0,0.0,,16.25,15.25,16.75,15.75,PASS_BOUNDARY,
OUTER_SIDE,RIGHT,4,1.0,,,1.0,1.0,1.0,1.0,0.0,,16.25,14.25,16.75,15.75,PASS_BOUNDARY,
OUTER_SIDE,RIGHT,4,1.0,,,1.0,1.0,1.0,2.0,0.0,,16.25,13.25,16.75,15.75,PASS_BOUNDARY,
OUTER_SIDE,RIGHT,4,1.0,,,1.0,1.0,2.0,0.0,0.0,,16.25,14.25,16.75,15.75,PASS_BOUNDARY,
OUTER_SIDE,RIGHT,4,1.0,,,1.0,1.0,2.0,1.0,0.0,,16.25,13.25,16.75,15.75,PASS_BOUNDARY,
OUTER_SIDE,RIGHT,4,1.0,,,1.0,1.0,2.0,2.0,0.0,,16.25,12.25,16.75,15.75,PASS_BOUNDARY,
OUTER_SIDE,RIGHT,4,1.5,,,-1.0,-1.0,0.0,0.0,0.0,,16.25,16.25,16.75,15.25,PASS_BOUNDARY,
OUTER_SIDE,RIGHT,4,1.5,,,-1.0,-1.0,0.0,1.0,0.0,,16.25,15.25,16.75,15.25,PASS_BOUNDARY,
OUTER_SIDE,RIGHT,4,1.5,,,-1.0,-1.0,0.0,2.0,0.0,,16.25,14.25,16.75,15.25,PASS_BOUNDARY,
OUTER_SIDE,RIGHT,4,1.5,,,-1.0,-1.0,1.0,0.0,0.0,,16.25,15.25,16.75,15.25,PASS_BOUNDARY,
OUTER_SIDE,RIGHT,4,1.5,,,-1.0,-1.0,1.0,1.0,0.0,,16.25,14.25,16.75,15.25,PASS_BOUNDARY,
OUTER_SIDE,RIGHT,4,1.5,,,-1.0,-1.0,1.0,2.0,0.0,,16.25,13.25,16.75,15.25,PASS_BOUNDARY,
OUTER_SIDE,RIGHT,4,1.5,,,-1.0,-1.0,2.0,0.0,0.0,,16.25,14.25,16.75,15.25,PASS_BOUNDARY,
OUTER_SIDE,RIGHT,4,1.5,,,-1.0,-1.0,2.0,1.0,0.0,,16.25,13.25,16.75,15.25,PASS_BOUNDARY,
OUTER_SIDE,RIGHT,4,1.5,,,-1.0,-1.0,2.0,2.0,0.0,,16.25,12.25,16.75,15.25,PASS_BOUNDARY,
OUTER_SIDE,RIGHT,4,1.5,,,-1.0,0.0,0.0,0.0,1.0,,16.25,15.25,16.75,14.25,PASS_BOUNDARY,
OUTER_SIDE,RIGHT,4,1.5,,,-1.0,0.0,0.0,1.0,1.0,,16.25,14.25,16.75,14.25,PASS_BOUNDARY,
OUTER_SIDE,RIGHT,4,1.5,,,-1.0,0.0,0.0,2.0,1.0,,16.25,13.25,16.75,14.25,PASS_BOUNDARY,
OUTER_SIDE,RIGHT,4,1.5,,,-1.0,0.0,1.0,0.0,1.0,,16.25,14.25,16.75,14.25,PASS_BOUNDARY,
OUTER_SIDE,RIGHT,4,1.5,,,-1.0,0.0,1.0,1.0,1.0,,16.25,13.25,16.75,14.25,PASS_BOUNDARY,
OUTER_SIDE,RIGHT,4,1.5,,,-1.0,0.0,1.0,2.0,1.0,,16.25,12.25,16.75,14.25,PASS_BOUNDARY,
OUTER_SIDE,RIGHT,4,1.5,,,-1.0,0.0,2.0,0.0,1.0,,16.25,13.25,16.75,14.25,PASS_BOUNDARY,
OUTER_SIDE,RIGHT,4,1.5,,,-1.0,0.0,2.0,1.0,1.0,,16.25,12.25,16.75,14.25,PASS_BOUNDARY,
OUTER_SIDE,RIGHT,4,1.5,,,-1.0,0.0,2.0,2.0,1.0,,16.25,11.25,16.75,14.25,PASS_BOUNDARY,
OUTER_SIDE,RIGHT,4,1.5,,,-1.0,1.0,0.0,0.0,2.0,,16.25,14.25,16.75,13.25,PASS_BOUNDARY,
OUTER_SIDE,RIGHT,4,1.5,,,-1.0,1.0,0.0,1.0,2.0,,16.25,13.25,16.75,13.25,PASS_BOUNDARY,
OUTER_SIDE,RIGHT,4,1.5,,,-1.0,1.0,0.0,2.0,2.0,,16.25,12.25,16.75,13.25,PASS_BOUNDARY,
OUTER_SIDE,RIGHT,4,1.5,,,-1.0,1.0,1.0,0.0,2.0,,16.25,13.25,16.75,13.25,PASS_BOUNDARY,
OUTER_SIDE,RIGHT,4,1.5,,,-1.0,1.0,1.0,1.0,2.0,,16.25,12.25,16.75,13.25,PASS_BOUNDARY,
OUTER_SIDE,RIGHT,4,1.5,,,-1.0,1.0,1.0,2.0,2.0,,16.25,11.25,16.75,13.25,PASS_BOUNDARY,
OUTER_SIDE,RIGHT,4,1.5,,,-1.0,1.0,2.0,0.0,2.0,,16.25,12.25,16.75,13.25,PASS_BOUNDARY,
OUTER_SIDE,RIGHT,4,1.5,,,-1.0,1.0,2.0,1.0,2.0,,16.25,11.25,16.75,13.25,PASS_BOUNDARY,
OUTER_SIDE,RIGHT,4,1.5,,,-1.0,1.0,2.0,2.0,2.0,,16.25,10.25,16.75,13.25,PASS_BOUNDARY,
OUTER_SIDE,RIGHT,4,1.5,,,0.0,-1.0,0.0,0.0,1.0,,16.25,15.25,16.75,14.25,PASS_BOUNDARY,
OUTER_SIDE,RIGHT,4,1.5,,,0.0,-1.0,0.0,1.0,1.0,,16.25,14.25,16.75,14.25,PASS_BOUNDARY,
OUTER_SIDE,RIGHT,4,1.5,,,0.0,-1.0,0.0,2.0,1.0,,16.25,13.25,16.75,14.25,PASS_BOUNDARY,
OUTER_SIDE,RIGHT,4,1.5,,,0.0,-1.0,1.0,0.0,1.0,,16.25,14.25,16.75,14.25,PASS_BOUNDARY,
OUTER_SIDE,RIGHT,4,1.5,,,0.0,-1.0,1.0,1.0,1.0,,16.25,13.25,16.75,14.25,PASS_BOUNDARY,
OUTER_SIDE,RIGHT,4,1.5,,,0.0,-1.0,1.0,2.0,1.0,,16.25,12.25,16.75,14.25,PASS_BOUNDARY,
OUTER_SIDE,RIGHT,4,1.5,,,0.0,-1.0,2.0,0.0,1.0,,16.25,13.25,16.75,14.25,PASS_BOUNDARY,
OUTER_SIDE,RIGHT,4,1.5,,,0.0,-1.0,2.0,1.0,1.0,,16.25,12.25,16.75,14.25,PASS_BOUNDARY,
OUTER_SIDE,RIGHT,4,1.5,,,0.0,-1.0,2.0,2.0,1.0,,16.25,11.25,16.75,14.25,PASS_BOUNDARY,
OUTER_SIDE,RIGHT,4,1.5,,,0.0,0.0,0.0,0.0,0.0,,16.25,16.25,16.75,15.25,PASS_BOUNDARY,
OUTER_SIDE,RIGHT,4,1.5,,,0.0,0.0,0.0,1.0,0.0,,16.25,15.25,16.75,15.25,PASS_BOUNDARY,
OUTER_SIDE,RIGHT,4,1.5,,,0.0,0.0,0.0,2.0,0.0,,16.25,14.25,16.75,15.25,PASS_BOUNDARY,
OUTER_SIDE,RIGHT,4,1.5,,,0.0,0.0,1.0,0.0,0.0,,16.25,15.25,16.75,15.25,PASS_BOUNDARY,
OUTER_SIDE,RIGHT,4,1.5,,,0.0,0.0,1.0,1.0,0.0,,16.25,14.25,16.75,15.25,PASS_BOUNDARY,
OUTER_SIDE,RIGHT,4,1.5,,,0.0,0.0,1.0,2.0,0.0,,16.25,13.25,16.75,15.25,PASS_BOUNDARY,
OUTER_SIDE,RIGHT,4,1.5,,,0.0,0.0,2.0,0.0,0.0,,16.25,14.25,16.75,15.25,PASS_BOUNDARY,
OUTER_SIDE,RIGHT,4,1.5,,,0.0,0.0,2.0,1.0,0.0,,16.25,13.25,16.75,15.25,PASS_BOUNDARY,
OUTER_SIDE,RIGHT,4,1.5,,,0.0,0.0,2.0,2.0,0.0,,16.25,12.25,16.75,15.25,PASS_BOUNDARY,
OUTER_SIDE,RIGHT,4,1.5,,,0.0,1.0,0.0,0.0,1.0,,16.25,15.25,16.75,14.25,PASS_BOUNDARY,
OUTER_SIDE,RIGHT,4,1.5,,,0.0,1.0,0.0,1.0,1.0,,16.25,14.25,16.75,14.25,PASS_BOUNDARY,
OUTER_SIDE,RIGHT,4,1.5,,,0.0,1.0,0.0,2.0,1.0,,16.25,13.25,16.75,14.25,PASS_BOUNDARY,
OUTER_SIDE,RIGHT,4,1.5,,,0.0,1.0,1.0,0.0,1.0,,16.25,14.25,16.75,14.25,PASS_BOUNDARY,
OUTER_SIDE,RIGHT,4,1.5,,,0.0,1.0,1.0,1.0,1.0,,16.25,13.25,16.75,14.25,PASS_BOUNDARY,
OUTER_SIDE,RIGHT,4,1.5,,,0.0,1.0,1.0,2.0,1.0,,16.25,12.25,16.75,14.25,PASS_BOUNDARY,
OUTER_SIDE,RIGHT,4,1.5,,,0.0,1.0,2.0,0.0,1.0,,16.25,13.25,16.75,14.25,PASS_BOUNDARY,
OUTER_SIDE,RIGHT,4,1.5,,,0.0,1.0,2.0,1.0,1.0,,16.25,12.25,16.75,14.25,PASS_BOUNDARY,
OUTER_SIDE,RIGHT,4,1.5,,,0.0,1.0,2.0,2.0,1.0,,16.25,11.25,16.75,14.25,PASS_BOUNDARY,
OUTER_SIDE,RIGHT,4,1.5,,,1.0,-1.0,0.0,0.0,2.0,,16.25,14.25,16.75,13.25,PASS_BOUNDARY,
OUTER_SIDE,RIGHT,4,1.5,,,1.0,-1.0,0.0,1.0,2.0,,16.25,13.25,16.75,13.25,PASS_BOUNDARY,
OUTER_SIDE,RIGHT,4,1.5,,,1.0,-1.0,0.0,2.0,2.0,,16.25,12.25,16.75,13.25,PASS_BOUNDARY,
OUTER_SIDE,RIGHT,4,1.5,,,1.0,-1.0,1.0,0.0,2.0,,16.25,13.25,16.75,13.25,PASS_BOUNDARY,
OUTER_SIDE,RIGHT,4,1.5,,,1.0,-1.0,1.0,1.0,2.0,,16.25,12.25,16.75,13.25,PASS_BOUNDARY,
OUTER_SIDE,RIGHT,4,1.5,,,1.0,-1.0,1.0,2.0,2.0,,16.25,11.25,16.75,13.25,PASS_BOUNDARY,
OUTER_SIDE,RIGHT,4,1.5,,,1.0,-1.0,2.0,0.0,2.0,,16.25,12.25,16.75,13.25,PASS_BOUNDARY,
OUTER_SIDE,RIGHT,4,1.5,,,1.0,-1.0,2.0,1.0,2.0,,16.25,11.25,16.75,13.25,PASS_BOUNDARY,
OUTER_SIDE,RIGHT,4,1.5,,,1.0,-1.0,2.0,2.0,2.0,,16.25,10.25,16.75,13.25,PASS_BOUNDARY,
OUTER_SIDE,RIGHT,4,1.5,,,1.0,0.0,0.0,0.0,1.0,,16.25,15.25,16.75,14.25,PASS_BOUNDARY,
OUTER_SIDE,RIGHT,4,1.5,,,1.0,0.0,0.0,1.0,1.0,,16.25,14.25,16.75,14.25,PASS_BOUNDARY,
OUTER_SIDE,RIGHT,4,1.5,,,1.0,0.0,0.0,2.0,1.0,,16.25,13.25,16.75,14.25,PASS_BOUNDARY,
OUTER_SIDE,RIGHT,4,1.5,,,1.0,0.0,1.0,0.0,1.0,,16.25,14.25,16.75,14.25,PASS_BOUNDARY,
OUTER_SIDE,RIGHT,4,1.5,,,1.0,0.0,1.0,1.0,1.0,,16.25,13.25,16.75,14.25,PASS_BOUNDARY,
OUTER_SIDE,RIGHT,4,1.5,,,1.0,0.0,1.0,2.0,1.0,,16.25,12.25,16.75,14.25,PASS_BOUNDARY,
OUTER_SIDE,RIGHT,4,1.5,,,1.0,0.0,2.0,0.0,1.0,,16.25,13.25,16.75,14.25,PASS_BOUNDARY,
OUTER_SIDE,RIGHT,4,1.5,,,1.0,0.0,2.0,1.0,1.0,,16.25,12.25,16.75,14.25,PASS_BOUNDARY,
OUTER_SIDE,RIGHT,4,1.5,,,1.0,0.0,2.0,2.0,1.0,,16.25,11.25,16.75,14.25,PASS_BOUNDARY,
OUTER_SIDE,RIGHT,4,1.5,,,1.0,1.0,0.0,0.0,0.0,,16.25,16.25,16.75,15.25,PASS_BOUNDARY,
OUTER_SIDE,RIGHT,4,1.5,,,1.0,1.0,0.0,1.0,0.0,,16.25,15.25,16.75,15.25,PASS_BOUNDARY,
OUTER_SIDE,RIGHT,4,1.5,,,1.0,1.0,0.0,2.0,0.0,,16.25,14.25,16.75,15.25,PASS_BOUNDARY,
OUTER_SIDE,RIGHT,4,1.5,,,1.0,1.0,1.0,0.0,0.0,,16.25,15.25,16.75,15.25,PASS_BOUNDARY,
OUTER_SIDE,RIGHT,4,1.5,,,1.0,1.0,1.0,1.0,0.0,,16.25,14.25,16.75,15.25,PASS_BOUNDARY,
OUTER_SIDE,RIGHT,4,1.5,,,1.0,1.0,1.0,2.0,0.0,,16.25,13.25,16.75,15.25,PASS_BOUNDARY,
OUTER_SIDE,RIGHT,4,1.5,,,1.0,1.0,2.0,0.0,0.0,,16.25,14.25,16.75,15.25,PASS_BOUNDARY,
OUTER_SIDE,RIGHT,4,1.5,,,1.0,1.0,2.0,1.0,0.0,,16.25,13.25,16.75,15.25,PASS_BOUNDARY,
OUTER_SIDE,RIGHT,4,1.5,,,1.0,1.0,2.0,2.0,0.0,,16.25,12.25,16.75,15.25,PASS_BOUNDARY,
OUTER_SIDE,RIGHT,5,0.0,,,-1.0,-1.0,0.0,0.0,0.0,,15.25,15.25,15.75,15.75,PASS_BOUNDARY,
OUTER_SIDE,RIGHT,5,0.0,,,-1.0,-1.0,0.0,1.0,0.0,,15.25,14.25,15.75,15.75,PASS_BOUNDARY,
OUTER_SIDE,RIGHT,5,0.0,,,-1.0,-1.0,0.0,2.0,0.0,,15.25,13.25,15.75,15.75,PASS_BOUNDARY,
OUTER_SIDE,RIGHT,5,0.0,,,-1.0,-1.0,1.0,0.0,0.0,,15.25,14.25,15.75,15.75,PASS_BOUNDARY,
OUTER_SIDE,RIGHT,5,0.0,,,-1.0,-1.0,1.0,1.0,0.0,,15.25,13.25,15.75,15.75,PASS_BOUNDARY,
OUTER_SIDE,RIGHT,5,0.0,,,-1.0,-1.0,1.0,2.0,0.0,,15.25,12.25,15.75,15.75,PASS_BOUNDARY,
OUTER_SIDE,RIGHT,5,0.0,,,-1.0,-1.0,2.0,0.0,0.0,,15.25,13.25,15.75,15.75,PASS_BOUNDARY,
OUTER_SIDE,RIGHT,5,0.0,,,-1.0,-1.0,2.0,1.0,0.0,,15.25,12.25,15.75,15.75,PASS_BOUNDARY,
OUTER_SIDE,RIGHT,5,0.0,,,-1.0,-1.0,2.0,2.0,0.0,,15.25,11.25,15.75,15.75,PASS_BOUNDARY,
OUTER_SIDE,RIGHT,5,0.0,,,-1.0,0.0,0.0,0.0,1.0,,15.25,14.25,15.75,14.75,PASS_BOUNDARY,
OUTER_SIDE,RIGHT,5,0.0,,,-1.0,0.0,0.0,1.0,1.0,,15.25,13.25,15.75,14.75,PASS_BOUNDARY,
OUTER_SIDE,RIGHT,5,0.0,,,-1.0,0.0,0.0,2.0,1.0,,15.25,12.25,15.75,14.75,PASS_BOUNDARY,
OUTER_SIDE,RIGHT,5,0.0,,,-1.0,0.0,1.0,0.0,1.0,,15.25,13.25,15.75,14.75,PASS_BOUNDARY,
OUTER_SIDE,RIGHT,5,0.0,,,-1.0,0.0,1.0,1.0,1.0,,15.25,12.25,15.75,14.75,PASS_BOUNDARY,
OUTER_SIDE,RIGHT,5,0.0,,,-1.0,0.0,1.0,2.0,1.0,,15.25,11.25,15.75,14.75,PASS_BOUNDARY,
OUTER_SIDE,RIGHT,5,0.0,,,-1.0,0.0,2.0,0.0,1.0,,15.25,12.25,15.75,14.75,PASS_BOUNDARY,
OUTER_SIDE,RIGHT,5,0.0,,,-1.0,0.0,2.0,1.0,1.0,,15.25,11.25,15.75,14.75,PASS_BOUNDARY,
OUTER_SIDE,RIGHT,5,0.0,,,-1.0,0.0,2.0,2.0,1.0,,15.25,10.25,15.75,14.75,PASS_BOUNDARY,
OUTER_SIDE,RIGHT,5,0.0,,,-1.0,1.0,0.0,0.0,2.0,,15.25,13.25,15.75,13.75,PASS_BOUNDARY,
OUTER_SIDE,RIGHT,5,0.0,,,-1.0,1.0,0.0,1.0,2.0,,15.25,12.25,15.75,13.75,PASS_BOUNDARY,
OUTER_SIDE,RIGHT,5,0.0,,,-1.0,1.0,0.0,2.0,2.0,,15.25,11.25,15.75,13.75,PASS_BOUNDARY,
OUTER_SIDE,RIGHT,5,0.0,,,-1.0,1.0,1.0,0.0,2.0,,15.25,12.25,15.75,13.75,PASS_BOUNDARY,
OUTER_SIDE,RIGHT,5,0.0,,,-1.0,1.0,1.0,1.0,2.0,,15.25,11.25,15.75,13.75,PASS_BOUNDARY,
OUTER_SIDE,RIGHT,5,0.0,,,-1.0,1.0,1.0,2.0,2.0,,15.25,10.25,15.75,13.75,PASS_BOUNDARY,
OUTER_SIDE,RIGHT,5,0.0,,,-1.0,1.0,2.0,0.0,2.0,,15.25,11.25,15.75,13.75,PASS_BOUNDARY,
OUTER_SIDE,RIGHT,5,0.0,,,-1.0,1.0,2.0,1.0,2.0,,15.25,10.25,15.75,13.75,PASS_BOUNDARY,
OUTER_SIDE,RIGHT,5,0.0,,,-1.0,1.0,2.0,2.0,2.0,,15.25,9.25,15.75,13.75,PASS_BOUNDARY,
OUTER_SIDE,RIGHT,5,0.0,,,0.0,-1.0,0.0,0.0,1.0,,15.25,14.25,15.75,14.75,PASS_BOUNDARY,
OUTER_SIDE,RIGHT,5,0.0,,,0.0,-1.0,0.0,1.0,1.0,,15.25,13.25,15.75,14.75,PASS_BOUNDARY,
OUTER_SIDE,RIGHT,5,0.0,,,0.0,-1.0,0.0,2.0,1.0,,15.25,12.25,15.75,14.75,PASS_BOUNDARY,
OUTER_SIDE,RIGHT,5,0.0,,,0.0,-1.0,1.0,0.0,1.0,,15.25,13.25,15.75,14.75,PASS_BOUNDARY,
OUTER_SIDE,RIGHT,5,0.0,,,0.0,-1.0,1.0,1.0,1.0,,15.25,12.25,15.75,14.75,PASS_BOUNDARY,
OUTER_SIDE,RIGHT,5,0.0,,,0.0,-1.0,1.0,2.0,1.0,,15.25,11.25,15.75,14.75,PASS_BOUNDARY,
OUTER_SIDE,RIGHT,5,0.0,,,0.0,-1.0,2.0,0.0,1.0,,15.25,12.25,15.75,14.75,PASS_BOUNDARY,
OUTER_SIDE,RIGHT,5,0.0,,,0.0,-1.0,2.0,1.0,1.0,,15.25,11.25,15.75,14.75,PASS_BOUNDARY,
OUTER_SIDE,RIGHT,5,0.0,,,0.0,-1.0,2.0,2.0,1.0,,15.25,10.25,15.75,14.75,PASS_BOUNDARY,
OUTER_SIDE,RIGHT,5,0.0,,,0.0,0.0,0.0,0.0,0.0,,15.25,15.25,15.75,15.75,PASS_BOUNDARY,
OUTER_SIDE,RIGHT,5,0.0,,,0.0,0.0,0.0,1.0,0.0,,15.25,14.25,15.75,15.75,PASS_BOUNDARY,
OUTER_SIDE,RIGHT,5,0.0,,,0.0,0.0,0.0,2.0,0.0,,15.25,13.25,15.75,15.75,PASS_BOUNDARY,
OUTER_SIDE,RIGHT,5,0.0,,,0.0,0.0,1.0,0.0,0.0,,15.25,14.25,15.75,15.75,PASS_BOUNDARY,
OUTER_SIDE,RIGHT,5,0.0,,,0.0,0.0,1.0,1.0,0.0,,15.25,13.25,15.75,15.75,PASS_BOUNDARY,
OUTER_SIDE,RIGHT,5,0.0,,,0.0,0.0,1.0,2.0,0.0,,15.25,12.25,15.75,15.75,PASS_BOUNDARY,
OUTER_SIDE,RIGHT,5,0.0,,,0.0,0.0,2.0,0.0,0.0,,15.25,13.25,15.75,15.75,PASS_BOUNDARY,
OUTER_SIDE,RIGHT,5,0.0,,,0.0,0.0,2.0,1.0,0.0,,15.25,12.25,15.75,15.75,PASS_BOUNDARY,
OUTER_SIDE,RIGHT,5,0.0,,,0.0,0.0,2.0,2.0,0.0,,15.25,11.25,15.75,15.75,PASS_BOUNDARY,
OUTER_SIDE,RIGHT,5,0.0,,,0.0,1.0,0.0,0.0,1.0,,15.25,14.25,15.75,14.75,PASS_BOUNDARY,
OUTER_SIDE,RIGHT,5,0.0,,,0.0,1.0,0.0,1.0,1.0,,15.25,13.25,15.75,14.75,PASS_BOUNDARY,
OUTER_SIDE,RIGHT,5,0.0,,,0.0,1.0,0.0,2.0,1.0,,15.25,12.25,15.75,14.75,PASS_BOUNDARY,
OUTER_SIDE,RIGHT,5,0.0,,,0.0,1.0,1.0,0.0,1.0,,15.25,13.25,15.75,14.75,PASS_BOUNDARY,
OUTER_SIDE,RIGHT,5,0.0,,,0.0,1.0,1.0,1.0,1.0,,15.25,12.25,15.75,14.75,PASS_BOUNDARY,
OUTER_SIDE,RIGHT,5,0.0,,,0.0,1.0,1.0,2.0,1.0,,15.25,11.25,15.75,14.75,PASS_BOUNDARY,
OUTER_SIDE,RIGHT,5,0.0,,,0.0,1.0,2.0,0.0,1.0,,15.25,12.25,15.75,14.75,PASS_BOUNDARY,
OUTER_SIDE,RIGHT,5,0.0,,,0.0,1.0,2.0,1.0,1.0,,15.25,11.25,15.75,14.75,PASS_BOUNDARY,
OUTER_SIDE,RIGHT,5,0.0,,,0.0,1.0,2.0,2.0,1.0,,15.25,10.25,15.75,14.75,PASS_BOUNDARY,
OUTER_SIDE,RIGHT,5,0.0,,,1.0,-1.0,0.0,0.0,2.0,,15.25,13.25,15.75,13.75,PASS_BOUNDARY,
OUTER_SIDE,RIGHT,5,0.0,,,1.0,-1.0,0.0,1.0,2.0,,15.25,12.25,15.75,13.75,PASS_BOUNDARY,
OUTER_SIDE,RIGHT,5,0.0,,,1.0,-1.0,0.0,2.0,2.0,,15.25,11.25,15.75,13.75,PASS_BOUNDARY,
OUTER_SIDE,RIGHT,5,0.0,,,1.0,-1.0,1.0,0.0,2.0,,15.25,12.25,15.75,13.75,PASS_BOUNDARY,
OUTER_SIDE,RIGHT,5,0.0,,,1.0,-1.0,1.0,1.0,2.0,,15.25,11.25,15.75,13.75,PASS_BOUNDARY,
OUTER_SIDE,RIGHT,5,0.0,,,1.0,-1.0,1.0,2.0,2.0,,15.25,10.25,15.75,13.75,PASS_BOUNDARY,
OUTER_SIDE,RIGHT,5,0.0,,,1.0,-1.0,2.0,0.0,2.0,,15.25,11.25,15.75,13.75,PASS_BOUNDARY,
OUTER_SIDE,RIGHT,5,0.0,,,1.0,-1.0,2.0,1.0,2.0,,15.25,10.25,15.75,13.75,PASS_BOUNDARY,
OUTER_SIDE,RIGHT,5,0.0,,,1.0,-1.0,2.0,2.0,2.0,,15.25,9.25,15.75,13.75,PASS_BOUNDARY,
OUTER_SIDE,RIGHT,5,0.0,,,1.0,0.0,0.0,0.0,1.0,,15.25,14.25,15.75,14.75,PASS_BOUNDARY,
OUTER_SIDE,RIGHT,5,0.0,,,1.0,0.0,0.0,1.0,1.0,,15.25,13.25,15.75,14.75,PASS_BOUNDARY,
OUTER_SIDE,RIGHT,5,0.0,,,1.0,0.0,0.0,2.0,1.0,,15.25,12.25,15.75,14.75,PASS_BOUNDARY,
OUTER_SIDE,RIGHT,5,0.0,,,1.0,0.0,1.0,0.0,1.0,,15.25,13.25,15.75,14.75,PASS_BOUNDARY,
OUTER_SIDE,RIGHT,5,0.0,,,1.0,0.0,1.0,1.0,1.0,,15.25,12.25,15.75,14.75,PASS_BOUNDARY,
OUTER_SIDE,RIGHT,5,0.0,,,1.0,0.0,1.0,2.0,1.0,,15.25,11.25,15.75,14.75,PASS_BOUNDARY,
OUTER_SIDE,RIGHT,5,0.0,,,1.0,0.0,2.0,0.0,1.0,,15.25,12.25,15.75,14.75,PASS_BOUNDARY,
OUTER_SIDE,RIGHT,5,0.0,,,1.0,0.0,2.0,1.0,1.0,,15.25,11.25,15.75,14.75,PASS_BOUNDARY,
OUTER_SIDE,RIGHT,5,0.0,,,1.0,0.0,2.0,2.0,1.0,,15.25,10.25,15.75,14.75,PASS_BOUNDARY,
OUTER_SIDE,RIGHT,5,0.0,,,1.0,1.0,0.0,0.0,0.0,,15.25,15.25,15.75,15.75,PASS_BOUNDARY,
OUTER_SIDE,RIGHT,5,0.0,,,1.0,1.0,0.0,1.0,0.0,,15.25,14.25,15.75,15.75,PASS_BOUNDARY,
OUTER_SIDE,RIGHT,5,0.0,,,1.0,1.0,0.0,2.0,0.0,,15.25,13.25,15.75,15.75,PASS_BOUNDARY,
OUTER_SIDE,RIGHT,5,0.0,,,1.0,1.0,1.0,0.0,0.0,,15.25,14.25,15.75,15.75,PASS_BOUNDARY,
OUTER_SIDE,RIGHT,5,0.0,,,1.0,1.0,1.0,1.0,0.0,,15.25,13.25,15.75,15.75,PASS_BOUNDARY,
OUTER_SIDE,RIGHT,5,0.0,,,1.0,1.0,1.0,2.0,0.0,,15.25,12.25,15.75,15.75,PASS_BOUNDARY,
OUTER_SIDE,RIGHT,5,0.0,,,1.0,1.0,2.0,0.0,0.0,,15.25,13.25,15.75,15.75,PASS_BOUNDARY,
OUTER_SIDE,RIGHT,5,0.0,,,1.0,1.0,2.0,1.0,0.0,,15.25,12.25,15.75,15.75,PASS_BOUNDARY,
OUTER_SIDE,RIGHT,5,0.0,,,1.0,1.0,2.0,2.0,0.0,,15.25,11.25,15.75,15.75,PASS_BOUNDARY,
OUTER_SIDE,RIGHT,5,0.5,,,-1.0,-1.0,0.0,0.0,0.0,,15.25,15.25,15.75,15.25,PASS_BOUNDARY,
OUTER_SIDE,RIGHT,5,0.5,,,-1.0,-1.0,0.0,1.0,0.0,,15.25,14.25,15.75,15.25,PASS_BOUNDARY,
OUTER_SIDE,RIGHT,5,0.5,,,-1.0,-1.0,0.0,2.0,0.0,,15.25,13.25,15.75,15.25,PASS_BOUNDARY,
OUTER_SIDE,RIGHT,5,0.5,,,-1.0,-1.0,1.0,0.0,0.0,,15.25,14.25,15.75,15.25,PASS_BOUNDARY,
OUTER_SIDE,RIGHT,5,0.5,,,-1.0,-1.0,1.0,1.0,0.0,,15.25,13.25,15.75,15.25,PASS_BOUNDARY,
OUTER_SIDE,RIGHT,5,0.5,,,-1.0,-1.0,1.0,2.0,0.0,,15.25,12.25,15.75,15.25,PASS_BOUNDARY,
OUTER_SIDE,RIGHT,5,0.5,,,-1.0,-1.0,2.0,0.0,0.0,,15.25,13.25,15.75,15.25,PASS_BOUNDARY,
OUTER_SIDE,RIGHT,5,0.5,,,-1.0,-1.0,2.0,1.0,0.0,,15.25,12.25,15.75,15.25,PASS_BOUNDARY,
OUTER_SIDE,RIGHT,5,0.5,,,-1.0,-1.0,2.0,2.0,0.0,,15.25,11.25,15.75,15.25,PASS_BOUNDARY,
OUTER_SIDE,RIGHT,5,0.5,,,-1.0,0.0,0.0,0.0,1.0,,15.25,14.25,15.75,14.25,PASS_BOUNDARY,
OUTER_SIDE,RIGHT,5,0.5,,,-1.0,0.0,0.0,1.0,1.0,,15.25,13.25,15.75,14.25,PASS_BOUNDARY,
OUTER_SIDE,RIGHT,5,0.5,,,-1.0,0.0,0.0,2.0,1.0,,15.25,12.25,15.75,14.25,PASS_BOUNDARY,
OUTER_SIDE,RIGHT,5,0.5,,,-1.0,0.0,1.0,0.0,1.0,,15.25,13.25,15.75,14.25,PASS_BOUNDARY,
OUTER_SIDE,RIGHT,5,0.5,,,-1.0,0.0,1.0,1.0,1.0,,15.25,12.25,15.75,14.25,PASS_BOUNDARY,
OUTER_SIDE,RIGHT,5,0.5,,,-1.0,0.0,1.0,2.0,1.0,,15.25,11.25,15.75,14.25,PASS_BOUNDARY,
OUTER_SIDE,RIGHT,5,0.5,,,-1.0,0.0,2.0,0.0,1.0,,15.25,12.25,15.75,14.25,PASS_BOUNDARY,
OUTER_SIDE,RIGHT,5,0.5,,,-1.0,0.0,2.0,1.0,1.0,,15.25,11.25,15.75,14.25,PASS_BOUNDARY,
OUTER_SIDE,RIGHT,5,0.5,,,-1.0,0.0,2.0,2.0,1.0,,15.25,10.25,15.75,14.25,PASS_BOUNDARY,
OUTER_SIDE,RIGHT,5,0.5,,,-1.0,1.0,0.0,0.0,2.0,,15.25,13.25,15.75,13.25,PASS_BOUNDARY,
OUTER_SIDE,RIGHT,5,0.5,,,-1.0,1.0,0.0,1.0,2.0,,15.25,12.25,15.75,13.25,PASS_BOUNDARY,
OUTER_SIDE,RIGHT,5,0.5,,,-1.0,1.0,0.0,2.0,2.0,,15.25,11.25,15.75,13.25,PASS_BOUNDARY,
OUTER_SIDE,RIGHT,5,0.5,,,-1.0,1.0,1.0,0.0,2.0,,15.25,12.25,15.75,13.25,PASS_BOUNDARY,
OUTER_SIDE,RIGHT,5,0.5,,,-1.0,1.0,1.0,1.0,2.0,,15.25,11.25,15.75,13.25,PASS_BOUNDARY,
OUTER_SIDE,RIGHT,5,0.5,,,-1.0,1.0,1.0,2.0,2.0,,15.25,10.25,15.75,13.25,PASS_BOUNDARY,
OUTER_SIDE,RIGHT,5,0.5,,,-1.0,1.0,2.0,0.0,2.0,,15.25,11.25,15.75,13.25,PASS_BOUNDARY,
OUTER_SIDE,RIGHT,5,0.5,,,-1.0,1.0,2.0,1.0,2.0,,15.25,10.25,15.75,13.25,PASS_BOUNDARY,
OUTER_SIDE,RIGHT,5,0.5,,,-1.0,1.0,2.0,2.0,2.0,,15.25,9.25,15.75,13.25,PASS_BOUNDARY,
OUTER_SIDE,RIGHT,5,0.5,,,0.0,-1.0,0.0,0.0,1.0,,15.25,14.25,15.75,14.25,PASS_BOUNDARY,
OUTER_SIDE,RIGHT,5,0.5,,,0.0,-1.0,0.0,1.0,1.0,,15.25,13.25,15.75,14.25,PASS_BOUNDARY,
OUTER_SIDE,RIGHT,5,0.5,,,0.0,-1.0,0.0,2.0,1.0,,15.25,12.25,15.75,14.25,PASS_BOUNDARY,
OUTER_SIDE,RIGHT,5,0.5,,,0.0,-1.0,1.0,0.0,1.0,,15.25,13.25,15.75,14.25,PASS_BOUNDARY,
OUTER_SIDE,RIGHT,5,0.5,,,0.0,-1.0,1.0,1.0,1.0,,15.25,12.25,15.75,14.25,PASS_BOUNDARY,
OUTER_SIDE,RIGHT,5,0.5,,,0.0,-1.0,1.0,2.0,1.0,,15.25,11.25,15.75,14.25,PASS_BOUNDARY,
OUTER_SIDE,RIGHT,5,0.5,,,0.0,-1.0,2.0,0.0,1.0,,15.25,12.25,15.75,14.25,PASS_BOUNDARY,
OUTER_SIDE,RIGHT,5,0.5,,,0.0,-1.0,2.0,1.0,1.0,,15.25,11.25,15.75,14.25,PASS_BOUNDARY,
OUTER_SIDE,RIGHT,5,0.5,,,0.0,-1.0,2.0,2.0,1.0,,15.25,10.25,15.75,14.25,PASS_BOUNDARY,
OUTER_SIDE,RIGHT,5,0.5,,,0.0,0.0,0.0,0.0,0.0,,15.25,15.25,15.75,15.25,PASS_BOUNDARY,
OUTER_SIDE,RIGHT,5,0.5,,,0.0,0.0,0.0,1.0,0.0,,15.25,14.25,15.75,15.25,PASS_BOUNDARY,
OUTER_SIDE,RIGHT,5,0.5,,,0.0,0.0,0.0,2.0,0.0,,15.25,13.25,15.75,15.25,PASS_BOUNDARY,
OUTER_SIDE,RIGHT,5,0.5,,,0.0,0.0,1.0,0.0,0.0,,15.25,14.25,15.75,15.25,PASS_BOUNDARY,
OUTER_SIDE,RIGHT,5,0.5,,,0.0,0.0,1.0,1.0,0.0,,15.25,13.25,15.75,15.25,PASS_BOUNDARY,
OUTER_SIDE,RIGHT,5,0.5,,,0.0,0.0,1.0,2.0,0.0,,15.25,12.25,15.75,15.25,PASS_BOUNDARY,
OUTER_SIDE,RIGHT,5,0.5,,,0.0,0.0,2.0,0.0,0.0,,15.25,13.25,15.75,15.25,PASS_BOUNDARY,
OUTER_SIDE,RIGHT,5,0.5,,,0.0,0.0,2.0,1.0,0.0,,15.25,12.25,15.75,15.25,PASS_BOUNDARY,
OUTER_SIDE,RIGHT,5,0.5,,,0.0,0.0,2.0,2.0,0.0,,15.25,11.25,15.75,15.25,PASS_BOUNDARY,
OUTER_SIDE,RIGHT,5,0.5,,,0.0,1.0,0.0,0.0,1.0,,15.25,14.25,15.75,14.25,PASS_BOUNDARY,
OUTER_SIDE,RIGHT,5,0.5,,,0.0,1.0,0.0,1.0,1.0,,15.25,13.25,15.75,14.25,PASS_BOUNDARY,
OUTER_SIDE,RIGHT,5,0.5,,,0.0,1.0,0.0,2.0,1.0,,15.25,12.25,15.75,14.25,PASS_BOUNDARY,
OUTER_SIDE,RIGHT,5,0.5,,,0.0,1.0,1.0,0.0,1.0,,15.25,13.25,15.75,14.25,PASS_BOUNDARY,
OUTER_SIDE,RIGHT,5,0.5,,,0.0,1.0,1.0,1.0,1.0,,15.25,12.25,15.75,14.25,PASS_BOUNDARY,
OUTER_SIDE,RIGHT,5,0.5,,,0.0,1.0,1.0,2.0,1.0,,15.25,11.25,15.75,14.25,PASS_BOUNDARY,
OUTER_SIDE,RIGHT,5,0.5,,,0.0,1.0,2.0,0.0,1.0,,15.25,12.25,15.75,14.25,PASS_BOUNDARY,
OUTER_SIDE,RIGHT,5,0.5,,,0.0,1.0,2.0,1.0,1.0,,15.25,11.25,15.75,14.25,PASS_BOUNDARY,
OUTER_SIDE,RIGHT,5,0.5,,,0.0,1.0,2.0,2.0,1.0,,15.25,10.25,15.75,14.25,PASS_BOUNDARY,
OUTER_SIDE,RIGHT,5,0.5,,,1.0,-1.0,0.0,0.0,2.0,,15.25,13.25,15.75,13.25,PASS_BOUNDARY,
OUTER_SIDE,RIGHT,5,0.5,,,1.0,-1.0,0.0,1.0,2.0,,15.25,12.25,15.75,13.25,PASS_BOUNDARY,
OUTER_SIDE,RIGHT,5,0.5,,,1.0,-1.0,0.0,2.0,2.0,,15.25,11.25,15.75,13.25,PASS_BOUNDARY,
OUTER_SIDE,RIGHT,5,0.5,,,1.0,-1.0,1.0,0.0,2.0,,15.25,12.25,15.75,13.25,PASS_BOUNDARY,
OUTER_SIDE,RIGHT,5,0.5,,,1.0,-1.0,1.0,1.0,2.0,,15.25,11.25,15.75,13.25,PASS_BOUNDARY,
OUTER_SIDE,RIGHT,5,0.5,,,1.0,-1.0,1.0,2.0,2.0,,15.25,10.25,15.75,13.25,PASS_BOUNDARY,
OUTER_SIDE,RIGHT,5,0.5,,,1.0,-1.0,2.0,0.0,2.0,,15.25,11.25,15.75,13.25,PASS_BOUNDARY,
OUTER_SIDE,RIGHT,5,0.5,,,1.0,-1.0,2.0,1.0,2.0,,15.25,10.25,15.75,13.25,PASS_BOUNDARY,
OUTER_SIDE,RIGHT,5,0.5,,,1.0,-1.0,2.0,2.0,2.0,,15.25,9.25,15.75,13.25,PASS_BOUNDARY,
OUTER_SIDE,RIGHT,5,0.5,,,1.0,0.0,0.0,0.0,1.0,,15.25,14.25,15.75,14.25,PASS_BOUNDARY,
OUTER_SIDE,RIGHT,5,0.5,,,1.0,0.0,0.0,1.0,1.0,,15.25,13.25,15.75,14.25,PASS_BOUNDARY,
OUTER_SIDE,RIGHT,5,0.5,,,1.0,0.0,0.0,2.0,1.0,,15.25,12.25,15.75,14.25,PASS_BOUNDARY,
OUTER_SIDE,RIGHT,5,0.5,,,1.0,0.0,1.0,0.0,1.0,,15.25,13.25,15.75,14.25,PASS_BOUNDARY,
OUTER_SIDE,RIGHT,5,0.5,,,1.0,0.0,1.0,1.0,1.0,,15.25,12.25,15.75,14.25,PASS_BOUNDARY,
OUTER_SIDE,RIGHT,5,0.5,,,1.0,0.0,1.0,2.0,1.0,,15.25,11.25,15.75,14.25,PASS_BOUNDARY,
OUTER_SIDE,RIGHT,5,0.5,,,1.0,0.0,2.0,0.0,1.0,,15.25,12.25,15.75,14.25,PASS_BOUNDARY,
OUTER_SIDE,RIGHT,5,0.5,,,1.0,0.0,2.0,1.0,1.0,,15.25,11.25,15.75,14.25,PASS_BOUNDARY,
OUTER_SIDE,RIGHT,5,0.5,,,1.0,0.0,2.0,2.0,1.0,,15.25,10.25,15.75,14.25,PASS_BOUNDARY,
OUTER_SIDE,RIGHT,5,0.5,,,1.0,1.0,0.0,0.0,0.0,,15.25,15.25,15.75,15.25,PASS_BOUNDARY,
OUTER_SIDE,RIGHT,5,0.5,,,1.0,1.0,0.0,1.0,0.0,,15.25,14.25,15.75,15.25,PASS_BOUNDARY,
OUTER_SIDE,RIGHT,5,0.5,,,1.0,1.0,0.0,2.0,0.0,,15.25,13.25,15.75,15.25,PASS_BOUNDARY,
OUTER_SIDE,RIGHT,5,0.5,,,1.0,1.0,1.0,0.0,0.0,,15.25,14.25,15.75,15.25,PASS_BOUNDARY,
OUTER_SIDE,RIGHT,5,0.5,,,1.0,1.0,1.0,1.0,0.0,,15.25,13.25,15.75,15.25,PASS_BOUNDARY,
OUTER_SIDE,RIGHT,5,0.5,,,1.0,1.0,1.0,2.0,0.0,,15.25,12.25,15.75,15.25,PASS_BOUNDARY,
OUTER_SIDE,RIGHT,5,0.5,,,1.0,1.0,2.0,0.0,0.0,,15.25,13.25,15.75,15.25,PASS_BOUNDARY,
OUTER_SIDE,RIGHT,5,0.5,,,1.0,1.0,2.0,1.0,0.0,,15.25,12.25,15.75,15.25,PASS_BOUNDARY,
OUTER_SIDE,RIGHT,5,0.5,,,1.0,1.0,2.0,2.0,0.0,,15.25,11.25,15.75,15.25,PASS_BOUNDARY,
OUTER_SIDE,RIGHT,5,1.0,,,-1.0,-1.0,0.0,0.0,0.0,,15.25,15.25,15.75,14.75,PASS_BOUNDARY,
OUTER_SIDE,RIGHT,5,1.0,,,-1.0,-1.0,0.0,1.0,0.0,,15.25,14.25,15.75,14.75,PASS_BOUNDARY,
OUTER_SIDE,RIGHT,5,1.0,,,-1.0,-1.0,0.0,2.0,0.0,,15.25,13.25,15.75,14.75,PASS_BOUNDARY,
OUTER_SIDE,RIGHT,5,1.0,,,-1.0,-1.0,1.0,0.0,0.0,,15.25,14.25,15.75,14.75,PASS_BOUNDARY,
OUTER_SIDE,RIGHT,5,1.0,,,-1.0,-1.0,1.0,1.0,0.0,,15.25,13.25,15.75,14.75,PASS_BOUNDARY,
OUTER_SIDE,RIGHT,5,1.0,,,-1.0,-1.0,1.0,2.0,0.0,,15.25,12.25,15.75,14.75,PASS_BOUNDARY,
OUTER_SIDE,RIGHT,5,1.0,,,-1.0,-1.0,2.0,0.0,0.0,,15.25,13.25,15.75,14.75,PASS_BOUNDARY,
OUTER_SIDE,RIGHT,5,1.0,,,-1.0,-1.0,2.0,1.0,0.0,,15.25,12.25,15.75,14.75,PASS_BOUNDARY,
OUTER_SIDE,RIGHT,5,1.0,,,-1.0,-1.0,2.0,2.0,0.0,,15.25,11.25,15.75,14.75,PASS_BOUNDARY,
OUTER_SIDE,RIGHT,5,1.0,,,-1.0,0.0,0.0,0.0,1.0,,15.25,14.25,15.75,13.75,PASS_BOUNDARY,
OUTER_SIDE,RIGHT,5,1.0,,,-1.0,0.0,0.0,1.0,1.0,,15.25,13.25,15.75,13.75,PASS_BOUNDARY,
OUTER_SIDE,RIGHT,5,1.0,,,-1.0,0.0,0.0,2.0,1.0,,15.25,12.25,15.75,13.75,PASS_BOUNDARY,
OUTER_SIDE,RIGHT,5,1.0,,,-1.0,0.0,1.0,0.0,1.0,,15.25,13.25,15.75,13.75,PASS_BOUNDARY,
OUTER_SIDE,RIGHT,5,1.0,,,-1.0,0.0,1.0,1.0,1.0,,15.25,12.25,15.75,13.75,PASS_BOUNDARY,
OUTER_SIDE,RIGHT,5,1.0,,,-1.0,0.0,1.0,2.0,1.0,,15.25,11.25,15.75,13.75,PASS_BOUNDARY,
OUTER_SIDE,RIGHT,5,1.0,,,-1.0,0.0,2.0,0.0,1.0,,15.25,12.25,15.75,13.75,PASS_BOUNDARY,
OUTER_SIDE,RIGHT,5,1.0,,,-1.0,0.0,2.0,1.0,1.0,,15.25,11.25,15.75,13.75,PASS_BOUNDARY,
OUTER_SIDE,RIGHT,5,1.0,,,-1.0,0.0,2.0,2.0,1.0,,15.25,10.25,15.75,13.75,PASS_BOUNDARY,
OUTER_SIDE,RIGHT,5,1.0,,,-1.0,1.0,0.0,0.0,2.0,,15.25,13.25,15.75,12.75,PASS_BOUNDARY,
OUTER_SIDE,RIGHT,5,1.0,,,-1.0,1.0,0.0,1.0,2.0,,15.25,12.25,15.75,12.75,PASS_BOUNDARY,
OUTER_SIDE,RIGHT,5,1.0,,,-1.0,1.0,0.0,2.0,2.0,,15.25,11.25,15.75,12.75,PASS_BOUNDARY,
OUTER_SIDE,RIGHT,5,1.0,,,-1.0,1.0,1.0,0.0,2.0,,15.25,12.25,15.75,12.75,PASS_BOUNDARY,
OUTER_SIDE,RIGHT,5,1.0,,,-1.0,1.0,1.0,1.0,2.0,,15.25,11.25,15.75,12.75,PASS_BOUNDARY,
OUTER_SIDE,RIGHT,5,1.0,,,-1.0,1.0,1.0,2.0,2.0,,15.25,10.25,15.75,12.75,PASS_BOUNDARY,
OUTER_SIDE,RIGHT,5,1.0,,,-1.0,1.0,2.0,0.0,2.0,,15.25,11.25,15.75,12.75,PASS_BOUNDARY,
OUTER_SIDE,RIGHT,5,1.0,,,-1.0,1.0,2.0,1.0,2.0,,15.25,10.25,15.75,12.75,PASS_BOUNDARY,
OUTER_SIDE,RIGHT,5,1.0,,,-1.0,1.0,2.0,2.0,2.0,,15.25,9.25,15.75,12.75,PASS_BOUNDARY,
OUTER_SIDE,RIGHT,5,1.0,,,0.0,-1.0,0.0,0.0,1.0,,15.25,14.25,15.75,13.75,PASS_BOUNDARY,
OUTER_SIDE,RIGHT,5,1.0,,,0.0,-1.0,0.0,1.0,1.0,,15.25,13.25,15.75,13.75,PASS_BOUNDARY,
OUTER_SIDE,RIGHT,5,1.0,,,0.0,-1.0,0.0,2.0,1.0,,15.25,12.25,15.75,13.75,PASS_BOUNDARY,
OUTER_SIDE,RIGHT,5,1.0,,,0.0,-1.0,1.0,0.0,1.0,,15.25,13.25,15.75,13.75,PASS_BOUNDARY,
OUTER_SIDE,RIGHT,5,1.0,,,0.0,-1.0,1.0,1.0,1.0,,15.25,12.25,15.75,13.75,PASS_BOUNDARY,
OUTER_SIDE,RIGHT,5,1.0,,,0.0,-1.0,1.0,2.0,1.0,,15.25,11.25,15.75,13.75,PASS_BOUNDARY,
OUTER_SIDE,RIGHT,5,1.0,,,0.0,-1.0,2.0,0.0,1.0,,15.25,12.25,15.75,13.75,PASS_BOUNDARY,
OUTER_SIDE,RIGHT,5,1.0,,,0.0,-1.0,2.0,1.0,1.0,,15.25,11.25,15.75,13.75,PASS_BOUNDARY,
OUTER_SIDE,RIGHT,5,1.0,,,0.0,-1.0,2.0,2.0,1.0,,15.25,10.25,15.75,13.75,PASS_BOUNDARY,
OUTER_SIDE,RIGHT,5,1.0,,,0.0,0.0,0.0,0.0,0.0,,15.25,15.25,15.75,14.75,PASS_BOUNDARY,
OUTER_SIDE,RIGHT,5,1.0,,,0.0,0.0,0.0,1.0,0.0,,15.25,14.25,15.75,14.75,PASS_BOUNDARY,
OUTER_SIDE,RIGHT,5,1.0,,,0.0,0.0,0.0,2.0,0.0,,15.25,13.25,15.75,14.75,PASS_BOUNDARY,
OUTER_SIDE,RIGHT,5,1.0,,,0.0,0.0,1.0,0.0,0.0,,15.25,14.25,15.75,14.75,PASS_BOUNDARY,
OUTER_SIDE,RIGHT,5,1.0,,,0.0,0.0,1.0,1.0,0.0,,15.25,13.25,15.75,14.75,PASS_BOUNDARY,
OUTER_SIDE,RIGHT,5,1.0,,,0.0,0.0,1.0,2.0,0.0,,15.25,12.25,15.75,14.75,PASS_BOUNDARY,
OUTER_SIDE,RIGHT,5,1.0,,,0.0,0.0,2.0,0.0,0.0,,15.25,13.25,15.75,14.75,PASS_BOUNDARY,
OUTER_SIDE,RIGHT,5,1.0,,,0.0,0.0,2.0,1.0,0.0,,15.25,12.25,15.75,14.75,PASS_BOUNDARY,
OUTER_SIDE,RIGHT,5,1.0,,,0.0,0.0,2.0,2.0,0.0,,15.25,11.25,15.75,14.75,PASS_BOUNDARY,
OUTER_SIDE,RIGHT,5,1.0,,,0.0,1.0,0.0,0.0,1.0,,15.25,14.25,15.75,13.75,PASS_BOUNDARY,
OUTER_SIDE,RIGHT,5,1.0,,,0.0,1.0,0.0,1.0,1.0,,15.25,13.25,15.75,13.75,PASS_BOUNDARY,
OUTER_SIDE,RIGHT,5,1.0,,,0.0,1.0,0.0,2.0,1.0,,15.25,12.25,15.75,13.75,PASS_BOUNDARY,
OUTER_SIDE,RIGHT,5,1.0,,,0.0,1.0,1.0,0.0,1.0,,15.25,13.25,15.75,13.75,PASS_BOUNDARY,
OUTER_SIDE,RIGHT,5,1.0,,,0.0,1.0,1.0,1.0,1.0,,15.25,12.25,15.75,13.75,PASS_BOUNDARY,
OUTER_SIDE,RIGHT,5,1.0,,,0.0,1.0,1.0,2.0,1.0,,15.25,11.25,15.75,13.75,PASS_BOUNDARY,
OUTER_SIDE,RIGHT,5,1.0,,,0.0,1.0,2.0,0.0,1.0,,15.25,12.25,15.75,13.75,PASS_BOUNDARY,
OUTER_SIDE,RIGHT,5,1.0,,,0.0,1.0,2.0,1.0,1.0,,15.25,11.25,15.75,13.75,PASS_BOUNDARY,
OUTER_SIDE,RIGHT,5,1.0,,,0.0,1.0,2.0,2.0,1.0,,15.25,10.25,15.75,13.75,PASS_BOUNDARY,
OUTER_SIDE,RIGHT,5,1.0,,,1.0,-1.0,0.0,0.0,2.0,,15.25,13.25,15.75,12.75,PASS_BOUNDARY,
OUTER_SIDE,RIGHT,5,1.0,,,1.0,-1.0,0.0,1.0,2.0,,15.25,12.25,15.75,12.75,PASS_BOUNDARY,
OUTER_SIDE,RIGHT,5,1.0,,,1.0,-1.0,0.0,2.0,2.0,,15.25,11.25,15.75,12.75,PASS_BOUNDARY,
OUTER_SIDE,RIGHT,5,1.0,,,1.0,-1.0,1.0,0.0,2.0,,15.25,12.25,15.75,12.75,PASS_BOUNDARY,
OUTER_SIDE,RIGHT,5,1.0,,,1.0,-1.0,1.0,1.0,2.0,,15.25,11.25,15.75,12.75,PASS_BOUNDARY,
OUTER_SIDE,RIGHT,5,1.0,,,1.0,-1.0,1.0,2.0,2.0,,15.25,10.25,15.75,12.75,PASS_BOUNDARY,
OUTER_SIDE,RIGHT,5,1.0,,,1.0,-1.0,2.0,0.0,2.0,,15.25,11.25,15.75,12.75,PASS_BOUNDARY,
OUTER_SIDE,RIGHT,5,1.0,,,1.0,-1.0,2.0,1.0,2.0,,15.25,10.25,15.75,12.75,PASS_BOUNDARY,
OUTER_SIDE,RIGHT,5,1.0,,,1.0,-1.0,2.0,2.0,2.0,,15.25,9.25,15.75,12.75,PASS_BOUNDARY,
OUTER_SIDE,RIGHT,5,1.0,,,1.0,0.0,0.0,0.0,1.0,,15.25,14.25,15.75,13.75,PASS_BOUNDARY,
OUTER_SIDE,RIGHT,5,1.0,,,1.0,0.0,0.0,1.0,1.0,,15.25,13.25,15.75,13.75,PASS_BOUNDARY,
OUTER_SIDE,RIGHT,5,1.0,,,1.0,0.0,0.0,2.0,1.0,,15.25,12.25,15.75,13.75,PASS_BOUNDARY,
OUTER_SIDE,RIGHT,5,1.0,,,1.0,0.0,1.0,0.0,1.0,,15.25,13.25,15.75,13.75,PASS_BOUNDARY,
OUTER_SIDE,RIGHT,5,1.0,,,1.0,0.0,1.0,1.0,1.0,,15.25,12.25,15.75,13.75,PASS_BOUNDARY,
OUTER_SIDE,RIGHT,5,1.0,,,1.0,0.0,1.0,2.0,1.0,,15.25,11.25,15.75,13.75,PASS_BOUNDARY,
OUTER_SIDE,RIGHT,5,1.0,,,1.0,0.0,2.0,0.0,1.0,,15.25,12.25,15.75,13.75,PASS_BOUNDARY,
OUTER_SIDE,RIGHT,5,1.0,,,1.0,0.0,2.0,1.0,1.0,,15.25,11.25,15.75,13.75,PASS_BOUNDARY,
OUTER_SIDE,RIGHT,5,1.0,,,1.0,0.0,2.0,2.0,1.0,,15.25,10.25,15.75,13.75,PASS_BOUNDARY,
OUTER_SIDE,RIGHT,5,1.0,,,1.0,1.0,0.0,0.0,0.0,,15.25,15.25,15.75,14.75,PASS_BOUNDARY,
OUTER_SIDE,RIGHT,5,1.0,,,1.0,1.0,0.0,1.0,0.0,,15.25,14.25,15.75,14.75,PASS_BOUNDARY,
OUTER_SIDE,RIGHT,5,1.0,,,1.0,1.0,0.0,2.0,0.0,,15.25,13.25,15.75,14.75,PASS_BOUNDARY,
OUTER_SIDE,RIGHT,5,1.0,,,1.0,1.0,1.0,0.0,0.0,,15.25,14.25,15.75,14.75,PASS_BOUNDARY,
OUTER_SIDE,RIGHT,5,1.0,,,1.0,1.0,1.0,1.0,0.0,,15.25,13.25,15.75,14.75,PASS_BOUNDARY,
OUTER_SIDE,RIGHT,5,1.0,,,1.0,1.0,1.0,2.0,0.0,,15.25,12.25,15.75,14.75,PASS_BOUNDARY,
OUTER_SIDE,RIGHT,5,1.0,,,1.0,1.0,2.0,0.0,0.0,,15.25,13.25,15.75,14.75,PASS_BOUNDARY,
OUTER_SIDE,RIGHT,5,1.0,,,1.0,1.0,2.0,1.0,0.0,,15.25,12.25,15.75,14.75,PASS_BOUNDARY,
OUTER_SIDE,RIGHT,5,1.0,,,1.0,1.0,2.0,2.0,0.0,,15.25,11.25,15.75,14.75,PASS_BOUNDARY,
OUTER_SIDE,RIGHT,5,1.5,,,-1.0,-1.0,0.0,0.0,0.0,,15.25,15.25,15.75,14.25,PASS_BOUNDARY,
OUTER_SIDE,RIGHT,5,1.5,,,-1.0,-1.0,0.0,1.0,0.0,,15.25,14.25,15.75,14.25,PASS_BOUNDARY,
OUTER_SIDE,RIGHT,5,1.5,,,-1.0,-1.0,0.0,2.0,0.0,,15.25,13.25,15.75,14.25,PASS_BOUNDARY,
OUTER_SIDE,RIGHT,5,1.5,,,-1.0,-1.0,1.0,0.0,0.0,,15.25,14.25,15.75,14.25,PASS_BOUNDARY,
OUTER_SIDE,RIGHT,5,1.5,,,-1.0,-1.0,1.0,1.0,0.0,,15.25,13.25,15.75,14.25,PASS_BOUNDARY,
OUTER_SIDE,RIGHT,5,1.5,,,-1.0,-1.0,1.0,2.0,0.0,,15.25,12.25,15.75,14.25,PASS_BOUNDARY,
OUTER_SIDE,RIGHT,5,1.5,,,-1.0,-1.0,2.0,0.0,0.0,,15.25,13.25,15.75,14.25,PASS_BOUNDARY,
OUTER_SIDE,RIGHT,5,1.5,,,-1.0,-1.0,2.0,1.0,0.0,,15.25,12.25,15.75,14.25,PASS_BOUNDARY,
OUTER_SIDE,RIGHT,5,1.5,,,-1.0,-1.0,2.0,2.0,0.0,,15.25,11.25,15.75,14.25,PASS_BOUNDARY,
OUTER_SIDE,RIGHT,5,1.5,,,-1.0,0.0,0.0,0.0,1.0,,15.25,14.25,15.75,13.25,PASS_BOUNDARY,
OUTER_SIDE,RIGHT,5,1.5,,,-1.0,0.0,0.0,1.0,1.0,,15.25,13.25,15.75,13.25,PASS_BOUNDARY,
OUTER_SIDE,RIGHT,5,1.5,,,-1.0,0.0,0.0,2.0,1.0,,15.25,12.25,15.75,13.25,PASS_BOUNDARY,
OUTER_SIDE,RIGHT,5,1.5,,,-1.0,0.0,1.0,0.0,1.0,,15.25,13.25,15.75,13.25,PASS_BOUNDARY,
OUTER_SIDE,RIGHT,5,1.5,,,-1.0,0.0,1.0,1.0,1.0,,15.25,12.25,15.75,13.25,PASS_BOUNDARY,
OUTER_SIDE,RIGHT,5,1.5,,,-1.0,0.0,1.0,2.0,1.0,,15.25,11.25,15.75,13.25,PASS_BOUNDARY,
OUTER_SIDE,RIGHT,5,1.5,,,-1.0,0.0,2.0,0.0,1.0,,15.25,12.25,15.75,13.25,PASS_BOUNDARY,
OUTER_SIDE,RIGHT,5,1.5,,,-1.0,0.0,2.0,1.0,1.0,,15.25,11.25,15.75,13.25,PASS_BOUNDARY,
OUTER_SIDE,RIGHT,5,1.5,,,-1.0,0.0,2.0,2.0,1.0,,15.25,10.25,15.75,13.25,PASS_BOUNDARY,
OUTER_SIDE,RIGHT,5,1.5,,,-1.0,1.0,0.0,0.0,2.0,,15.25,13.25,15.75,12.25,PASS_BOUNDARY,
OUTER_SIDE,RIGHT,5,1.5,,,-1.0,1.0,0.0,1.0,2.0,,15.25,12.25,15.75,12.25,PASS_BOUNDARY,
OUTER_SIDE,RIGHT,5,1.5,,,-1.0,1.0,0.0,2.0,2.0,,15.25,11.25,15.75,12.25,PASS_BOUNDARY,
OUTER_SIDE,RIGHT,5,1.5,,,-1.0,1.0,1.0,0.0,2.0,,15.25,12.25,15.75,12.25,PASS_BOUNDARY,
OUTER_SIDE,RIGHT,5,1.5,,,-1.0,1.0,1.0,1.0,2.0,,15.25,11.25,15.75,12.25,PASS_BOUNDARY,
OUTER_SIDE,RIGHT,5,1.5,,,-1.0,1.0,1.0,2.0,2.0,,15.25,10.25,15.75,12.25,PASS_BOUNDARY,
OUTER_SIDE,RIGHT,5,1.5,,,-1.0,1.0,2.0,0.0,2.0,,15.25,11.25,15.75,12.25,PASS_BOUNDARY,
OUTER_SIDE,RIGHT,5,1.5,,,-1.0,1.0,2.0,1.0,2.0,,15.25,10.25,15.75,12.25,PASS_BOUNDARY,
OUTER_SIDE,RIGHT,5,1.5,,,-1.0,1.0,2.0,2.0,2.0,,15.25,9.25,15.75,12.25,PASS_BOUNDARY,
OUTER_SIDE,RIGHT,5,1.5,,,0.0,-1.0,0.0,0.0,1.0,,15.25,14.25,15.75,13.25,PASS_BOUNDARY,
OUTER_SIDE,RIGHT,5,1.5,,,0.0,-1.0,0.0,1.0,1.0,,15.25,13.25,15.75,13.25,PASS_BOUNDARY,
OUTER_SIDE,RIGHT,5,1.5,,,0.0,-1.0,0.0,2.0,1.0,,15.25,12.25,15.75,13.25,PASS_BOUNDARY,
OUTER_SIDE,RIGHT,5,1.5,,,0.0,-1.0,1.0,0.0,1.0,,15.25,13.25,15.75,13.25,PASS_BOUNDARY,
OUTER_SIDE,RIGHT,5,1.5,,,0.0,-1.0,1.0,1.0,1.0,,15.25,12.25,15.75,13.25,PASS_BOUNDARY,
OUTER_SIDE,RIGHT,5,1.5,,,0.0,-1.0,1.0,2.0,1.0,,15.25,11.25,15.75,13.25,PASS_BOUNDARY,
OUTER_SIDE,RIGHT,5,1.5,,,0.0,-1.0,2.0,0.0,1.0,,15.25,12.25,15.75,13.25,PASS_BOUNDARY,
OUTER_SIDE,RIGHT,5,1.5,,,0.0,-1.0,2.0,1.0,1.0,,15.25,11.25,15.75,13.25,PASS_BOUNDARY,
OUTER_SIDE,RIGHT,5,1.5,,,0.0,-1.0,2.0,2.0,1.0,,15.25,10.25,15.75,13.25,PASS_BOUNDARY,
OUTER_SIDE,RIGHT,5,1.5,,,0.0,0.0,0.0,0.0,0.0,,15.25,15.25,15.75,14.25,PASS_BOUNDARY,
OUTER_SIDE,RIGHT,5,1.5,,,0.0,0.0,0.0,1.0,0.0,,15.25,14.25,15.75,14.25,PASS_BOUNDARY,
OUTER_SIDE,RIGHT,5,1.5,,,0.0,0.0,0.0,2.0,0.0,,15.25,13.25,15.75,14.25,PASS_BOUNDARY,
OUTER_SIDE,RIGHT,5,1.5,,,0.0,0.0,1.0,0.0,0.0,,15.25,14.25,15.75,14.25,PASS_BOUNDARY,
OUTER_SIDE,RIGHT,5,1.5,,,0.0,0.0,1.0,1.0,0.0,,15.25,13.25,15.75,14.25,PASS_BOUNDARY,
OUTER_SIDE,RIGHT,5,1.5,,,0.0,0.0,1.0,2.0,0.0,,15.25,12.25,15.75,14.25,PASS_BOUNDARY,
OUTER_SIDE,RIGHT,5,1.5,,,0.0,0.0,2.0,0.0,0.0,,15.25,13.25,15.75,14.25,PASS_BOUNDARY,
OUTER_SIDE,RIGHT,5,1.5,,,0.0,0.0,2.0,1.0,0.0,,15.25,12.25,15.75,14.25,PASS_BOUNDARY,
OUTER_SIDE,RIGHT,5,1.5,,,0.0,0.0,2.0,2.0,0.0,,15.25,11.25,15.75,14.25,PASS_BOUNDARY,
OUTER_SIDE,RIGHT,5,1.5,,,0.0,1.0,0.0,0.0,1.0,,15.25,14.25,15.75,13.25,PASS_BOUNDARY,
OUTER_SIDE,RIGHT,5,1.5,,,0.0,1.0,0.0,1.0,1.0,,15.25,13.25,15.75,13.25,PASS_BOUNDARY,
OUTER_SIDE,RIGHT,5,1.5,,,0.0,1.0,0.0,2.0,1.0,,15.25,12.25,15.75,13.25,PASS_BOUNDARY,
OUTER_SIDE,RIGHT,5,1.5,,,0.0,1.0,1.0,0.0,1.0,,15.25,13.25,15.75,13.25,PASS_BOUNDARY,
OUTER_SIDE,RIGHT,5,1.5,,,0.0,1.0,1.0,1.0,1.0,,15.25,12.25,15.75,13.25,PASS_BOUNDARY,
OUTER_SIDE,RIGHT,5,1.5,,,0.0,1.0,1.0,2.0,1.0,,15.25,11.25,15.75,13.25,PASS_BOUNDARY,
OUTER_SIDE,RIGHT,5,1.5,,,0.0,1.0,2.0,0.0,1.0,,15.25,12.25,15.75,13.25,PASS_BOUNDARY,
OUTER_SIDE,RIGHT,5,1.5,,,0.0,1.0,2.0,1.0,1.0,,15.25,11.25,15.75,13.25,PASS_BOUNDARY,
OUTER_SIDE,RIGHT,5,1.5,,,0.0,1.0,2.0,2.0,1.0,,15.25,10.25,15.75,13.25,PASS_BOUNDARY,
OUTER_SIDE,RIGHT,5,1.5,,,1.0,-1.0,0.0,0.0,2.0,,15.25,13.25,15.75,12.25,PASS_BOUNDARY,
OUTER_SIDE,RIGHT,5,1.5,,,1.0,-1.0,0.0,1.0,2.0,,15.25,12.25,15.75,12.25,PASS_BOUNDARY,
OUTER_SIDE,RIGHT,5,1.5,,,1.0,-1.0,0.0,2.0,2.0,,15.25,11.25,15.75,12.25,PASS_BOUNDARY,
OUTER_SIDE,RIGHT,5,1.5,,,1.0,-1.0,1.0,0.0,2.0,,15.25,12.25,15.75,12.25,PASS_BOUNDARY,
OUTER_SIDE,RIGHT,5,1.5,,,1.0,-1.0,1.0,1.0,2.0,,15.25,11.25,15.75,12.25,PASS_BOUNDARY,
OUTER_SIDE,RIGHT,5,1.5,,,1.0,-1.0,1.0,2.0,2.0,,15.25,10.25,15.75,12.25,PASS_BOUNDARY,
OUTER_SIDE,RIGHT,5,1.5,,,1.0,-1.0,2.0,0.0,2.0,,15.25,11.25,15.75,12.25,PASS_BOUNDARY,
OUTER_SIDE,RIGHT,5,1.5,,,1.0,-1.0,2.0,1.0,2.0,,15.25,10.25,15.75,12.25,PASS_BOUNDARY,
OUTER_SIDE,RIGHT,5,1.5,,,1.0,-1.0,2.0,2.0,2.0,,15.25,9.25,15.75,12.25,PASS_BOUNDARY,
OUTER_SIDE,RIGHT,5,1.5,,,1.0,0.0,0.0,0.0,1.0,,15.25,14.25,15.75,13.25,PASS_BOUNDARY,
OUTER_SIDE,RIGHT,5,1.5,,,1.0,0.0,0.0,1.0,1.0,,15.25,13.25,15.75,13.25,PASS_BOUNDARY,
OUTER_SIDE,RIGHT,5,1.5,,,1.0,0.0,0.0,2.0,1.0,,15.25,12.25,15.75,13.25,PASS_BOUNDARY,
OUTER_SIDE,RIGHT,5,1.5,,,1.0,0.0,1.0,0.0,1.0,,15.25,13.25,15.75,13.25,PASS_BOUNDARY,
OUTER_SIDE,RIGHT,5,1.5,,,1.0,0.0,1.0,1.0,1.0,,15.25,12.25,15.75,13.25,PASS_BOUNDARY,
OUTER_SIDE,RIGHT,5,1.5,,,1.0,0.0,1.0,2.0,1.0,,15.25,11.25,15.75,13.25,PASS_BOUNDARY,
OUTER_SIDE,RIGHT,5,1.5,,,1.0,0.0,2.0,0.0,1.0,,15.25,12.25,15.75,13.25,PASS_BOUNDARY,
OUTER_SIDE,RIGHT,5,1.5,,,1.0,0.0,2.0,1.0,1.0,,15.25,11.25,15.75,13.25,PASS_BOUNDARY,
OUTER_SIDE,RIGHT,5,1.5,,,1.0,0.0,2.0,2.0,1.0,,15.25,10.25,15.75,13.25,PASS_BOUNDARY,
OUTER_SIDE,RIGHT,5,1.5,,,1.0,1.0,0.0,0.0,0.0,,15.25,15.25,15.75,14.25,PASS_BOUNDARY,
OUTER_SIDE,RIGHT,5,1.5,,,1.0,1.0,0.0,1.0,0.0,,15.25,14.25,15.75,14.25,PASS_BOUNDARY,
OUTER_SIDE,RIGHT,5,1.5,,,1.0,1.0,0.0,2.0,0.0,,15.25,13.25,15.75,14.25,PASS_BOUNDARY,
OUTER_SIDE,RIGHT,5,1.5,,,1.0,1.0,1.0,0.0,0.0,,15.25,14.25,15.75,14.25,PASS_BOUNDARY,
OUTER_SIDE,RIGHT,5,1.5,,,1.0,1.0,1.0,1.0,0.0,,15.25,13.25,15.75,14.25,PASS_BOUNDARY,
OUTER_SIDE,RIGHT,5,1.5,,,1.0,1.0,1.0,2.0,0.0,,15.25,12.25,15.75,14.25,PASS_BOUNDARY,
OUTER_SIDE,RIGHT,5,1.5,,,1.0,1.0,2.0,0.0,0.0,,15.25,13.25,15.75,14.25,PASS_BOUNDARY,
OUTER_SIDE,RIGHT,5,1.5,,,1.0,1.0,2.0,1.0,0.0,,15.25,12.25,15.75,14.25,PASS_BOUNDARY,
OUTER_SIDE,RIGHT,5,1.5,,,1.0,1.0,2.0,2.0,0.0,,15.25,11.25,15.75,14.25,PASS_BOUNDARY,
OUTER_SIDE,RIGHT,6,0.0,,,-1.0,-1.0,0.0,0.0,0.0,,14.25,14.25,14.75,14.75,PASS_BOUNDARY,
OUTER_SIDE,RIGHT,6,0.0,,,-1.0,-1.0,0.0,1.0,0.0,,14.25,13.25,14.75,14.75,PASS_BOUNDARY,
OUTER_SIDE,RIGHT,6,0.0,,,-1.0,-1.0,0.0,2.0,0.0,,14.25,12.25,14.75,14.75,PASS_BOUNDARY,
OUTER_SIDE,RIGHT,6,0.0,,,-1.0,-1.0,1.0,0.0,0.0,,14.25,13.25,14.75,14.75,PASS_BOUNDARY,
OUTER_SIDE,RIGHT,6,0.0,,,-1.0,-1.0,1.0,1.0,0.0,,14.25,12.25,14.75,14.75,PASS_BOUNDARY,
OUTER_SIDE,RIGHT,6,0.0,,,-1.0,-1.0,1.0,2.0,0.0,,14.25,11.25,14.75,14.75,PASS_BOUNDARY,
OUTER_SIDE,RIGHT,6,0.0,,,-1.0,-1.0,2.0,0.0,0.0,,14.25,12.25,14.75,14.75,PASS_BOUNDARY,
OUTER_SIDE,RIGHT,6,0.0,,,-1.0,-1.0,2.0,1.0,0.0,,14.25,11.25,14.75,14.75,PASS_BOUNDARY,
OUTER_SIDE,RIGHT,6,0.0,,,-1.0,-1.0,2.0,2.0,0.0,,14.25,10.25,14.75,14.75,PASS_BOUNDARY,
OUTER_SIDE,RIGHT,6,0.0,,,-1.0,0.0,0.0,0.0,1.0,,14.25,13.25,14.75,13.75,PASS_BOUNDARY,
OUTER_SIDE,RIGHT,6,0.0,,,-1.0,0.0,0.0,1.0,1.0,,14.25,12.25,14.75,13.75,PASS_BOUNDARY,
OUTER_SIDE,RIGHT,6,0.0,,,-1.0,0.0,0.0,2.0,1.0,,14.25,11.25,14.75,13.75,PASS_BOUNDARY,
OUTER_SIDE,RIGHT,6,0.0,,,-1.0,0.0,1.0,0.0,1.0,,14.25,12.25,14.75,13.75,PASS_BOUNDARY,
OUTER_SIDE,RIGHT,6,0.0,,,-1.0,0.0,1.0,1.0,1.0,,14.25,11.25,14.75,13.75,PASS_BOUNDARY,
OUTER_SIDE,RIGHT,6,0.0,,,-1.0,0.0,1.0,2.0,1.0,,14.25,10.25,14.75,13.75,PASS_BOUNDARY,
OUTER_SIDE,RIGHT,6,0.0,,,-1.0,0.0,2.0,0.0,1.0,,14.25,11.25,14.75,13.75,PASS_BOUNDARY,
OUTER_SIDE,RIGHT,6,0.0,,,-1.0,0.0,2.0,1.0,1.0,,14.25,10.25,14.75,13.75,PASS_BOUNDARY,
OUTER_SIDE,RIGHT,6,0.0,,,-1.0,0.0,2.0,2.0,1.0,,14.25,9.25,14.75,13.75,PASS_BOUNDARY,
OUTER_SIDE,RIGHT,6,0.0,,,-1.0,1.0,0.0,0.0,2.0,,14.25,12.25,14.75,12.75,PASS_BOUNDARY,
OUTER_SIDE,RIGHT,6,0.0,,,-1.0,1.0,0.0,1.0,2.0,,14.25,11.25,14.75,12.75,PASS_BOUNDARY,
OUTER_SIDE,RIGHT,6,0.0,,,-1.0,1.0,0.0,2.0,2.0,,14.25,10.25,14.75,12.75,PASS_BOUNDARY,
OUTER_SIDE,RIGHT,6,0.0,,,-1.0,1.0,1.0,0.0,2.0,,14.25,11.25,14.75,12.75,PASS_BOUNDARY,
OUTER_SIDE,RIGHT,6,0.0,,,-1.0,1.0,1.0,1.0,2.0,,14.25,10.25,14.75,12.75,PASS_BOUNDARY,
OUTER_SIDE,RIGHT,6,0.0,,,-1.0,1.0,1.0,2.0,2.0,,14.25,9.25,14.75,12.75,PASS_BOUNDARY,
OUTER_SIDE,RIGHT,6,0.0,,,-1.0,1.0,2.0,0.0,2.0,,14.25,10.25,14.75,12.75,PASS_BOUNDARY,
OUTER_SIDE,RIGHT,6,0.0,,,-1.0,1.0,2.0,1.0,2.0,,14.25,9.25,14.75,12.75,PASS_BOUNDARY,
OUTER_SIDE,RIGHT,6,0.0,,,-1.0,1.0,2.0,2.0,2.0,,14.25,8.25,14.75,12.75,PASS_BOUNDARY,
OUTER_SIDE,RIGHT,6,0.0,,,0.0,-1.0,0.0,0.0,1.0,,14.25,13.25,14.75,13.75,PASS_BOUNDARY,
OUTER_SIDE,RIGHT,6,0.0,,,0.0,-1.0,0.0,1.0,1.0,,14.25,12.25,14.75,13.75,PASS_BOUNDARY,
OUTER_SIDE,RIGHT,6,0.0,,,0.0,-1.0,0.0,2.0,1.0,,14.25,11.25,14.75,13.75,PASS_BOUNDARY,
OUTER_SIDE,RIGHT,6,0.0,,,0.0,-1.0,1.0,0.0,1.0,,14.25,12.25,14.75,13.75,PASS_BOUNDARY,
OUTER_SIDE,RIGHT,6,0.0,,,0.0,-1.0,1.0,1.0,1.0,,14.25,11.25,14.75,13.75,PASS_BOUNDARY,
OUTER_SIDE,RIGHT,6,0.0,,,0.0,-1.0,1.0,2.0,1.0,,14.25,10.25,14.75,13.75,PASS_BOUNDARY,
OUTER_SIDE,RIGHT,6,0.0,,,0.0,-1.0,2.0,0.0,1.0,,14.25,11.25,14.75,13.75,PASS_BOUNDARY,
OUTER_SIDE,RIGHT,6,0.0,,,0.0,-1.0,2.0,1.0,1.0,,14.25,10.25,14.75,13.75,PASS_BOUNDARY,
OUTER_SIDE,RIGHT,6,0.0,,,0.0,-1.0,2.0,2.0,1.0,,14.25,9.25,14.75,13.75,PASS_BOUNDARY,
OUTER_SIDE,RIGHT,6,0.0,,,0.0,0.0,0.0,0.0,0.0,,14.25,14.25,14.75,14.75,PASS_BOUNDARY,
OUTER_SIDE,RIGHT,6,0.0,,,0.0,0.0,0.0,1.0,0.0,,14.25,13.25,14.75,14.75,PASS_BOUNDARY,
OUTER_SIDE,RIGHT,6,0.0,,,0.0,0.0,0.0,2.0,0.0,,14.25,12.25,14.75,14.75,PASS_BOUNDARY,
OUTER_SIDE,RIGHT,6,0.0,,,0.0,0.0,1.0,0.0,0.0,,14.25,13.25,14.75,14.75,PASS_BOUNDARY,
OUTER_SIDE,RIGHT,6,0.0,,,0.0,0.0,1.0,1.0,0.0,,14.25,12.25,14.75,14.75,PASS_BOUNDARY,
OUTER_SIDE,RIGHT,6,0.0,,,0.0,0.0,1.0,2.0,0.0,,14.25,11.25,14.75,14.75,PASS_BOUNDARY,
OUTER_SIDE,RIGHT,6,0.0,,,0.0,0.0,2.0,0.0,0.0,,14.25,12.25,14.75,14.75,PASS_BOUNDARY,
OUTER_SIDE,RIGHT,6,0.0,,,0.0,0.0,2.0,1.0,0.0,,14.25,11.25,14.75,14.75,PASS_BOUNDARY,
OUTER_SIDE,RIGHT,6,0.0,,,0.0,0.0,2.0,2.0,0.0,,14.25,10.25,14.75,14.75,PASS_BOUNDARY,
OUTER_SIDE,RIGHT,6,0.0,,,0.0,1.0,0.0,0.0,1.0,,14.25,13.25,14.75,13.75,PASS_BOUNDARY,
OUTER_SIDE,RIGHT,6,0.0,,,0.0,1.0,0.0,1.0,1.0,,14.25,12.25,14.75,13.75,PASS_BOUNDARY,
OUTER_SIDE,RIGHT,6,0.0,,,0.0,1.0,0.0,2.0,1.0,,14.25,11.25,14.75,13.75,PASS_BOUNDARY,
OUTER_SIDE,RIGHT,6,0.0,,,0.0,1.0,1.0,0.0,1.0,,14.25,12.25,14.75,13.75,PASS_BOUNDARY,
OUTER_SIDE,RIGHT,6,0.0,,,0.0,1.0,1.0,1.0,1.0,,14.25,11.25,14.75,13.75,PASS_BOUNDARY,
OUTER_SIDE,RIGHT,6,0.0,,,0.0,1.0,1.0,2.0,1.0,,14.25,10.25,14.75,13.75,PASS_BOUNDARY,
OUTER_SIDE,RIGHT,6,0.0,,,0.0,1.0,2.0,0.0,1.0,,14.25,11.25,14.75,13.75,PASS_BOUNDARY,
OUTER_SIDE,RIGHT,6,0.0,,,0.0,1.0,2.0,1.0,1.0,,14.25,10.25,14.75,13.75,PASS_BOUNDARY,
OUTER_SIDE,RIGHT,6,0.0,,,0.0,1.0,2.0,2.0,1.0,,14.25,9.25,14.75,13.75,PASS_BOUNDARY,
OUTER_SIDE,RIGHT,6,0.0,,,1.0,-1.0,0.0,0.0,2.0,,14.25,12.25,14.75,12.75,PASS_BOUNDARY,
OUTER_SIDE,RIGHT,6,0.0,,,1.0,-1.0,0.0,1.0,2.0,,14.25,11.25,14.75,12.75,PASS_BOUNDARY,
OUTER_SIDE,RIGHT,6,0.0,,,1.0,-1.0,0.0,2.0,2.0,,14.25,10.25,14.75,12.75,PASS_BOUNDARY,
OUTER_SIDE,RIGHT,6,0.0,,,1.0,-1.0,1.0,0.0,2.0,,14.25,11.25,14.75,12.75,PASS_BOUNDARY,
OUTER_SIDE,RIGHT,6,0.0,,,1.0,-1.0,1.0,1.0,2.0,,14.25,10.25,14.75,12.75,PASS_BOUNDARY,
OUTER_SIDE,RIGHT,6,0.0,,,1.0,-1.0,1.0,2.0,2.0,,14.25,9.25,14.75,12.75,PASS_BOUNDARY,
OUTER_SIDE,RIGHT,6,0.0,,,1.0,-1.0,2.0,0.0,2.0,,14.25,10.25,14.75,12.75,PASS_BOUNDARY,
OUTER_SIDE,RIGHT,6,0.0,,,1.0,-1.0,2.0,1.0,2.0,,14.25,9.25,14.75,12.75,PASS_BOUNDARY,
OUTER_SIDE,RIGHT,6,0.0,,,1.0,-1.0,2.0,2.0,2.0,,14.25,8.25,14.75,12.75,PASS_BOUNDARY,
OUTER_SIDE,RIGHT,6,0.0,,,1.0,0.0,0.0,0.0,1.0,,14.25,13.25,14.75,13.75,PASS_BOUNDARY,
OUTER_SIDE,RIGHT,6,0.0,,,1.0,0.0,0.0,1.0,1.0,,14.25,12.25,14.75,13.75,PASS_BOUNDARY,
OUTER_SIDE,RIGHT,6,0.0,,,1.0,0.0,0.0,2.0,1.0,,14.25,11.25,14.75,13.75,PASS_BOUNDARY,
OUTER_SIDE,RIGHT,6,0.0,,,1.0,0.0,1.0,0.0,1.0,,14.25,12.25,14.75,13.75,PASS_BOUNDARY,
OUTER_SIDE,RIGHT,6,0.0,,,1.0,0.0,1.0,1.0,1.0,,14.25,11.25,14.75,13.75,PASS_BOUNDARY,
OUTER_SIDE,RIGHT,6,0.0,,,1.0,0.0,1.0,2.0,1.0,,14.25,10.25,14.75,13.75,PASS_BOUNDARY,
OUTER_SIDE,RIGHT,6,0.0,,,1.0,0.0,2.0,0.0,1.0,,14.25,11.25,14.75,13.75,PASS_BOUNDARY,
OUTER_SIDE,RIGHT,6,0.0,,,1.0,0.0,2.0,1.0,1.0,,14.25,10.25,14.75,13.75,PASS_BOUNDARY,
OUTER_SIDE,RIGHT,6,0.0,,,1.0,0.0,2.0,2.0,1.0,,14.25,9.25,14.75,13.75,PASS_BOUNDARY,
OUTER_SIDE,RIGHT,6,0.0,,,1.0,1.0,0.0,0.0,0.0,,14.25,14.25,14.75,14.75,PASS_BOUNDARY,
OUTER_SIDE,RIGHT,6,0.0,,,1.0,1.0,0.0,1.0,0.0,,14.25,13.25,14.75,14.75,PASS_BOUNDARY,
OUTER_SIDE,RIGHT,6,0.0,,,1.0,1.0,0.0,2.0,0.0,,14.25,12.25,14.75,14.75,PASS_BOUNDARY,
OUTER_SIDE,RIGHT,6,0.0,,,1.0,1.0,1.0,0.0,0.0,,14.25,13.25,14.75,14.75,PASS_BOUNDARY,
OUTER_SIDE,RIGHT,6,0.0,,,1.0,1.0,1.0,1.0,0.0,,14.25,12.25,14.75,14.75,PASS_BOUNDARY,
OUTER_SIDE,RIGHT,6,0.0,,,1.0,1.0,1.0,2.0,0.0,,14.25,11.25,14.75,14.75,PASS_BOUNDARY,
OUTER_SIDE,RIGHT,6,0.0,,,1.0,1.0,2.0,0.0,0.0,,14.25,12.25,14.75,14.75,PASS_BOUNDARY,
OUTER_SIDE,RIGHT,6,0.0,,,1.0,1.0,2.0,1.0,0.0,,14.25,11.25,14.75,14.75,PASS_BOUNDARY,
OUTER_SIDE,RIGHT,6,0.0,,,1.0,1.0,2.0,2.0,0.0,,14.25,10.25,14.75,14.75,PASS_BOUNDARY,
OUTER_SIDE,RIGHT,6,0.5,,,-1.0,-1.0,0.0,0.0,0.0,,14.25,14.25,14.75,14.25,PASS_BOUNDARY,
OUTER_SIDE,RIGHT,6,0.5,,,-1.0,-1.0,0.0,1.0,0.0,,14.25,13.25,14.75,14.25,PASS_BOUNDARY,
OUTER_SIDE,RIGHT,6,0.5,,,-1.0,-1.0,0.0,2.0,0.0,,14.25,12.25,14.75,14.25,PASS_BOUNDARY,
OUTER_SIDE,RIGHT,6,0.5,,,-1.0,-1.0,1.0,0.0,0.0,,14.25,13.25,14.75,14.25,PASS_BOUNDARY,
OUTER_SIDE,RIGHT,6,0.5,,,-1.0,-1.0,1.0,1.0,0.0,,14.25,12.25,14.75,14.25,PASS_BOUNDARY,
OUTER_SIDE,RIGHT,6,0.5,,,-1.0,-1.0,1.0,2.0,0.0,,14.25,11.25,14.75,14.25,PASS_BOUNDARY,
OUTER_SIDE,RIGHT,6,0.5,,,-1.0,-1.0,2.0,0.0,0.0,,14.25,12.25,14.75,14.25,PASS_BOUNDARY,
OUTER_SIDE,RIGHT,6,0.5,,,-1.0,-1.0,2.0,1.0,0.0,,14.25,11.25,14.75,14.25,PASS_BOUNDARY,
OUTER_SIDE,RIGHT,6,0.5,,,-1.0,-1.0,2.0,2.0,0.0,,14.25,10.25,14.75,14.25,PASS_BOUNDARY,
OUTER_SIDE,RIGHT,6,0.5,,,-1.0,0.0,0.0,0.0,1.0,,14.25,13.25,14.75,13.25,PASS_BOUNDARY,
OUTER_SIDE,RIGHT,6,0.5,,,-1.0,0.0,0.0,1.0,1.0,,14.25,12.25,14.75,13.25,PASS_BOUNDARY,
OUTER_SIDE,RIGHT,6,0.5,,,-1.0,0.0,0.0,2.0,1.0,,14.25,11.25,14.75,13.25,PASS_BOUNDARY,
OUTER_SIDE,RIGHT,6,0.5,,,-1.0,0.0,1.0,0.0,1.0,,14.25,12.25,14.75,13.25,PASS_BOUNDARY,
OUTER_SIDE,RIGHT,6,0.5,,,-1.0,0.0,1.0,1.0,1.0,,14.25,11.25,14.75,13.25,PASS_BOUNDARY,
OUTER_SIDE,RIGHT,6,0.5,,,-1.0,0.0,1.0,2.0,1.0,,14.25,10.25,14.75,13.25,PASS_BOUNDARY,
OUTER_SIDE,RIGHT,6,0.5,,,-1.0,0.0,2.0,0.0,1.0,,14.25,11.25,14.75,13.25,PASS_BOUNDARY,
OUTER_SIDE,RIGHT,6,0.5,,,-1.0,0.0,2.0,1.0,1.0,,14.25,10.25,14.75,13.25,PASS_BOUNDARY,
OUTER_SIDE,RIGHT,6,0.5,,,-1.0,0.0,2.0,2.0,1.0,,14.25,9.25,14.75,13.25,PASS_BOUNDARY,
OUTER_SIDE,RIGHT,6,0.5,,,-1.0,1.0,0.0,0.0,2.0,,14.25,12.25,14.75,12.25,PASS_BOUNDARY,
OUTER_SIDE,RIGHT,6,0.5,,,-1.0,1.0,0.0,1.0,2.0,,14.25,11.25,14.75,12.25,PASS_BOUNDARY,
OUTER_SIDE,RIGHT,6,0.5,,,-1.0,1.0,0.0,2.0,2.0,,14.25,10.25,14.75,12.25,PASS_BOUNDARY,
OUTER_SIDE,RIGHT,6,0.5,,,-1.0,1.0,1.0,0.0,2.0,,14.25,11.25,14.75,12.25,PASS_BOUNDARY,
OUTER_SIDE,RIGHT,6,0.5,,,-1.0,1.0,1.0,1.0,2.0,,14.25,10.25,14.75,12.25,PASS_BOUNDARY,
OUTER_SIDE,RIGHT,6,0.5,,,-1.0,1.0,1.0,2.0,2.0,,14.25,9.25,14.75,12.25,PASS_BOUNDARY,
OUTER_SIDE,RIGHT,6,0.5,,,-1.0,1.0,2.0,0.0,2.0,,14.25,10.25,14.75,12.25,PASS_BOUNDARY,
OUTER_SIDE,RIGHT,6,0.5,,,-1.0,1.0,2.0,1.0,2.0,,14.25,9.25,14.75,12.25,PASS_BOUNDARY,
OUTER_SIDE,RIGHT,6,0.5,,,-1.0,1.0,2.0,2.0,2.0,,14.25,8.25,14.75,12.25,PASS_BOUNDARY,
OUTER_SIDE,RIGHT,6,0.5,,,0.0,-1.0,0.0,0.0,1.0,,14.25,13.25,14.75,13.25,PASS_BOUNDARY,
OUTER_SIDE,RIGHT,6,0.5,,,0.0,-1.0,0.0,1.0,1.0,,14.25,12.25,14.75,13.25,PASS_BOUNDARY,
OUTER_SIDE,RIGHT,6,0.5,,,0.0,-1.0,0.0,2.0,1.0,,14.25,11.25,14.75,13.25,PASS_BOUNDARY,
OUTER_SIDE,RIGHT,6,0.5,,,0.0,-1.0,1.0,0.0,1.0,,14.25,12.25,14.75,13.25,PASS_BOUNDARY,
OUTER_SIDE,RIGHT,6,0.5,,,0.0,-1.0,1.0,1.0,1.0,,14.25,11.25,14.75,13.25,PASS_BOUNDARY,
OUTER_SIDE,RIGHT,6,0.5,,,0.0,-1.0,1.0,2.0,1.0,,14.25,10.25,14.75,13.25,PASS_BOUNDARY,
OUTER_SIDE,RIGHT,6,0.5,,,0.0,-1.0,2.0,0.0,1.0,,14.25,11.25,14.75,13.25,PASS_BOUNDARY,
OUTER_SIDE,RIGHT,6,0.5,,,0.0,-1.0,2.0,1.0,1.0,,14.25,10.25,14.75,13.25,PASS_BOUNDARY,
OUTER_SIDE,RIGHT,6,0.5,,,0.0,-1.0,2.0,2.0,1.0,,14.25,9.25,14.75,13.25,PASS_BOUNDARY,
OUTER_SIDE,RIGHT,6,0.5,,,0.0,0.0,0.0,0.0,0.0,,14.25,14.25,14.75,14.25,PASS_BOUNDARY,
OUTER_SIDE,RIGHT,6,0.5,,,0.0,0.0,0.0,1.0,0.0,,14.25,13.25,14.75,14.25,PASS_BOUNDARY,
OUTER_SIDE,RIGHT,6,0.5,,,0.0,0.0,0.0,2.0,0.0,,14.25,12.25,14.75,14.25,PASS_BOUNDARY,
OUTER_SIDE,RIGHT,6,0.5,,,0.0,0.0,1.0,0.0,0.0,,14.25,13.25,14.75,14.25,PASS_BOUNDARY,
OUTER_SIDE,RIGHT,6,0.5,,,0.0,0.0,1.0,1.0,0.0,,14.25,12.25,14.75,14.25,PASS_BOUNDARY,
OUTER_SIDE,RIGHT,6,0.5,,,0.0,0.0,1.0,2.0,0.0,,14.25,11.25,14.75,14.25,PASS_BOUNDARY,
OUTER_SIDE,RIGHT,6,0.5,,,0.0,0.0,2.0,0.0,0.0,,14.25,12.25,14.75,14.25,PASS_BOUNDARY,
OUTER_SIDE,RIGHT,6,0.5,,,0.0,0.0,2.0,1.0,0.0,,14.25,11.25,14.75,14.25,PASS_BOUNDARY,
OUTER_SIDE,RIGHT,6,0.5,,,0.0,0.0,2.0,2.0,0.0,,14.25,10.25,14.75,14.25,PASS_BOUNDARY,
OUTER_SIDE,RIGHT,6,0.5,,,0.0,1.0,0.0,0.0,1.0,,14.25,13.25,14.75,13.25,PASS_BOUNDARY,
OUTER_SIDE,RIGHT,6,0.5,,,0.0,1.0,0.0,1.0,1.0,,14.25,12.25,14.75,13.25,PASS_BOUNDARY,
OUTER_SIDE,RIGHT,6,0.5,,,0.0,1.0,0.0,2.0,1.0,,14.25,11.25,14.75,13.25,PASS_BOUNDARY,
OUTER_SIDE,RIGHT,6,0.5,,,0.0,1.0,1.0,0.0,1.0,,14.25,12.25,14.75,13.25,PASS_BOUNDARY,
OUTER_SIDE,RIGHT,6,0.5,,,0.0,1.0,1.0,1.0,1.0,,14.25,11.25,14.75,13.25,PASS_BOUNDARY,
OUTER_SIDE,RIGHT,6,0.5,,,0.0,1.0,1.0,2.0,1.0,,14.25,10.25,14.75,13.25,PASS_BOUNDARY,
OUTER_SIDE,RIGHT,6,0.5,,,0.0,1.0,2.0,0.0,1.0,,14.25,11.25,14.75,13.25,PASS_BOUNDARY,
OUTER_SIDE,RIGHT,6,0.5,,,0.0,1.0,2.0,1.0,1.0,,14.25,10.25,14.75,13.25,PASS_BOUNDARY,
OUTER_SIDE,RIGHT,6,0.5,,,0.0,1.0,2.0,2.0,1.0,,14.25,9.25,14.75,13.25,PASS_BOUNDARY,
OUTER_SIDE,RIGHT,6,0.5,,,1.0,-1.0,0.0,0.0,2.0,,14.25,12.25,14.75,12.25,PASS_BOUNDARY,
OUTER_SIDE,RIGHT,6,0.5,,,1.0,-1.0,0.0,1.0,2.0,,14.25,11.25,14.75,12.25,PASS_BOUNDARY,
OUTER_SIDE,RIGHT,6,0.5,,,1.0,-1.0,0.0,2.0,2.0,,14.25,10.25,14.75,12.25,PASS_BOUNDARY,
OUTER_SIDE,RIGHT,6,0.5,,,1.0,-1.0,1.0,0.0,2.0,,14.25,11.25,14.75,12.25,PASS_BOUNDARY,
OUTER_SIDE,RIGHT,6,0.5,,,1.0,-1.0,1.0,1.0,2.0,,14.25,10.25,14.75,12.25,PASS_BOUNDARY,
OUTER_SIDE,RIGHT,6,0.5,,,1.0,-1.0,1.0,2.0,2.0,,14.25,9.25,14.75,12.25,PASS_BOUNDARY,
OUTER_SIDE,RIGHT,6,0.5,,,1.0,-1.0,2.0,0.0,2.0,,14.25,10.25,14.75,12.25,PASS_BOUNDARY,
OUTER_SIDE,RIGHT,6,0.5,,,1.0,-1.0,2.0,1.0,2.0,,14.25,9.25,14.75,12.25,PASS_BOUNDARY,
OUTER_SIDE,RIGHT,6,0.5,,,1.0,-1.0,2.0,2.0,2.0,,14.25,8.25,14.75,12.25,PASS_BOUNDARY,
OUTER_SIDE,RIGHT,6,0.5,,,1.0,0.0,0.0,0.0,1.0,,14.25,13.25,14.75,13.25,PASS_BOUNDARY,
OUTER_SIDE,RIGHT,6,0.5,,,1.0,0.0,0.0,1.0,1.0,,14.25,12.25,14.75,13.25,PASS_BOUNDARY,
OUTER_SIDE,RIGHT,6,0.5,,,1.0,0.0,0.0,2.0,1.0,,14.25,11.25,14.75,13.25,PASS_BOUNDARY,
OUTER_SIDE,RIGHT,6,0.5,,,1.0,0.0,1.0,0.0,1.0,,14.25,12.25,14.75,13.25,PASS_BOUNDARY,
OUTER_SIDE,RIGHT,6,0.5,,,1.0,0.0,1.0,1.0,1.0,,14.25,11.25,14.75,13.25,PASS_BOUNDARY,
OUTER_SIDE,RIGHT,6,0.5,,,1.0,0.0,1.0,2.0,1.0,,14.25,10.25,14.75,13.25,PASS_BOUNDARY,
OUTER_SIDE,RIGHT,6,0.5,,,1.0,0.0,2.0,0.0,1.0,,14.25,11.25,14.75,13.25,PASS_BOUNDARY,
OUTER_SIDE,RIGHT,6,0.5,,,1.0,0.0,2.0,1.0,1.0,,14.25,10.25,14.75,13.25,PASS_BOUNDARY,
OUTER_SIDE,RIGHT,6,0.5,,,1.0,0.0,2.0,2.0,1.0,,14.25,9.25,14.75,13.25,PASS_BOUNDARY,
OUTER_SIDE,RIGHT,6,0.5,,,1.0,1.0,0.0,0.0,0.0,,14.25,14.25,14.75,14.25,PASS_BOUNDARY,
OUTER_SIDE,RIGHT,6,0.5,,,1.0,1.0,0.0,1.0,0.0,,14.25,13.25,14.75,14.25,PASS_BOUNDARY,
OUTER_SIDE,RIGHT,6,0.5,,,1.0,1.0,0.0,2.0,0.0,,14.25,12.25,14.75,14.25,PASS_BOUNDARY,
OUTER_SIDE,RIGHT,6,0.5,,,1.0,1.0,1.0,0.0,0.0,,14.25,13.25,14.75,14.25,PASS_BOUNDARY,
OUTER_SIDE,RIGHT,6,0.5,,,1.0,1.0,1.0,1.0,0.0,,14.25,12.25,14.75,14.25,PASS_BOUNDARY,
OUTER_SIDE,RIGHT,6,0.5,,,1.0,1.0,1.0,2.0,0.0,,14.25,11.25,14.75,14.25,PASS_BOUNDARY,
OUTER_SIDE,RIGHT,6,0.5,,,1.0,1.0,2.0,0.0,0.0,,14.25,12.25,14.75,14.25,PASS_BOUNDARY,
OUTER_SIDE,RIGHT,6,0.5,,,1.0,1.0,2.0,1.0,0.0,,14.25,11.25,14.75,14.25,PASS_BOUNDARY,
OUTER_SIDE,RIGHT,6,0.5,,,1.0,1.0,2.0,2.0,0.0,,14.25,10.25,14.75,14.25,PASS_BOUNDARY,
OUTER_SIDE,RIGHT,6,1.0,,,-1.0,-1.0,0.0,0.0,0.0,,14.25,14.25,14.75,13.75,PASS_BOUNDARY,
OUTER_SIDE,RIGHT,6,1.0,,,-1.0,-1.0,0.0,1.0,0.0,,14.25,13.25,14.75,13.75,PASS_BOUNDARY,
OUTER_SIDE,RIGHT,6,1.0,,,-1.0,-1.0,0.0,2.0,0.0,,14.25,12.25,14.75,13.75,PASS_BOUNDARY,
OUTER_SIDE,RIGHT,6,1.0,,,-1.0,-1.0,1.0,0.0,0.0,,14.25,13.25,14.75,13.75,PASS_BOUNDARY,
OUTER_SIDE,RIGHT,6,1.0,,,-1.0,-1.0,1.0,1.0,0.0,,14.25,12.25,14.75,13.75,PASS_BOUNDARY,
OUTER_SIDE,RIGHT,6,1.0,,,-1.0,-1.0,1.0,2.0,0.0,,14.25,11.25,14.75,13.75,PASS_BOUNDARY,
OUTER_SIDE,RIGHT,6,1.0,,,-1.0,-1.0,2.0,0.0,0.0,,14.25,12.25,14.75,13.75,PASS_BOUNDARY,
OUTER_SIDE,RIGHT,6,1.0,,,-1.0,-1.0,2.0,1.0,0.0,,14.25,11.25,14.75,13.75,PASS_BOUNDARY,
OUTER_SIDE,RIGHT,6,1.0,,,-1.0,-1.0,2.0,2.0,0.0,,14.25,10.25,14.75,13.75,PASS_BOUNDARY,
OUTER_SIDE,RIGHT,6,1.0,,,-1.0,0.0,0.0,0.0,1.0,,14.25,13.25,14.75,12.75,PASS_BOUNDARY,
OUTER_SIDE,RIGHT,6,1.0,,,-1.0,0.0,0.0,1.0,1.0,,14.25,12.25,14.75,12.75,PASS_BOUNDARY,
OUTER_SIDE,RIGHT,6,1.0,,,-1.0,0.0,0.0,2.0,1.0,,14.25,11.25,14.75,12.75,PASS_BOUNDARY,
OUTER_SIDE,RIGHT,6,1.0,,,-1.0,0.0,1.0,0.0,1.0,,14.25,12.25,14.75,12.75,PASS_BOUNDARY,
OUTER_SIDE,RIGHT,6,1.0,,,-1.0,0.0,1.0,1.0,1.0,,14.25,11.25,14.75,12.75,PASS_BOUNDARY,
OUTER_SIDE,RIGHT,6,1.0,,,-1.0,0.0,1.0,2.0,1.0,,14.25,10.25,14.75,12.75,PASS_BOUNDARY,
OUTER_SIDE,RIGHT,6,1.0,,,-1.0,0.0,2.0,0.0,1.0,,14.25,11.25,14.75,12.75,PASS_BOUNDARY,
OUTER_SIDE,RIGHT,6,1.0,,,-1.0,0.0,2.0,1.0,1.0,,14.25,10.25,14.75,12.75,PASS_BOUNDARY,
OUTER_SIDE,RIGHT,6,1.0,,,-1.0,0.0,2.0,2.0,1.0,,14.25,9.25,14.75,12.75,PASS_BOUNDARY,
OUTER_SIDE,RIGHT,6,1.0,,,-1.0,1.0,0.0,0.0,2.0,,14.25,12.25,14.75,11.75,PASS_BOUNDARY,
OUTER_SIDE,RIGHT,6,1.0,,,-1.0,1.0,0.0,1.0,2.0,,14.25,11.25,14.75,11.75,PASS_BOUNDARY,
OUTER_SIDE,RIGHT,6,1.0,,,-1.0,1.0,0.0,2.0,2.0,,14.25,10.25,14.75,11.75,PASS_BOUNDARY,
OUTER_SIDE,RIGHT,6,1.0,,,-1.0,1.0,1.0,0.0,2.0,,14.25,11.25,14.75,11.75,PASS_BOUNDARY,
OUTER_SIDE,RIGHT,6,1.0,,,-1.0,1.0,1.0,1.0,2.0,,14.25,10.25,14.75,11.75,PASS_BOUNDARY,
OUTER_SIDE,RIGHT,6,1.0,,,-1.0,1.0,1.0,2.0,2.0,,14.25,9.25,14.75,11.75,PASS_BOUNDARY,
OUTER_SIDE,RIGHT,6,1.0,,,-1.0,1.0,2.0,0.0,2.0,,14.25,10.25,14.75,11.75,PASS_BOUNDARY,
OUTER_SIDE,RIGHT,6,1.0,,,-1.0,1.0,2.0,1.0,2.0,,14.25,9.25,14.75,11.75,PASS_BOUNDARY,
OUTER_SIDE,RIGHT,6,1.0,,,-1.0,1.0,2.0,2.0,2.0,,14.25,8.25,14.75,11.75,PASS_BOUNDARY,
OUTER_SIDE,RIGHT,6,1.0,,,0.0,-1.0,0.0,0.0,1.0,,14.25,13.25,14.75,12.75,PASS_BOUNDARY,
OUTER_SIDE,RIGHT,6,1.0,,,0.0,-1.0,0.0,1.0,1.0,,14.25,12.25,14.75,12.75,PASS_BOUNDARY,
OUTER_SIDE,RIGHT,6,1.0,,,0.0,-1.0,0.0,2.0,1.0,,14.25,11.25,14.75,12.75,PASS_BOUNDARY,
OUTER_SIDE,RIGHT,6,1.0,,,0.0,-1.0,1.0,0.0,1.0,,14.25,12.25,14.75,12.75,PASS_BOUNDARY,
OUTER_SIDE,RIGHT,6,1.0,,,0.0,-1.0,1.0,1.0,1.0,,14.25,11.25,14.75,12.75,PASS_BOUNDARY,
OUTER_SIDE,RIGHT,6,1.0,,,0.0,-1.0,1.0,2.0,1.0,,14.25,10.25,14.75,12.75,PASS_BOUNDARY,
OUTER_SIDE,RIGHT,6,1.0,,,0.0,-1.0,2.0,0.0,1.0,,14.25,11.25,14.75,12.75,PASS_BOUNDARY,
OUTER_SIDE,RIGHT,6,1.0,,,0.0,-1.0,2.0,1.0,1.0,,14.25,10.25,14.75,12.75,PASS_BOUNDARY,
OUTER_SIDE,RIGHT,6,1.0,,,0.0,-1.0,2.0,2.0,1.0,,14.25,9.25,14.75,12.75,PASS_BOUNDARY,
OUTER_SIDE,RIGHT,6,1.0,,,0.0,0.0,0.0,0.0,0.0,,14.25,14.25,14.75,13.75,PASS_BOUNDARY,
OUTER_SIDE,RIGHT,6,1.0,,,0.0,0.0,0.0,1.0,0.0,,14.25,13.25,14.75,13.75,PASS_BOUNDARY,
OUTER_SIDE,RIGHT,6,1.0,,,0.0,0.0,0.0,2.0,0.0,,14.25,12.25,14.75,13.75,PASS_BOUNDARY,
OUTER_SIDE,RIGHT,6,1.0,,,0.0,0.0,1.0,0.0,0.0,,14.25,13.25,14.75,13.75,PASS_BOUNDARY,
OUTER_SIDE,RIGHT,6,1.0,,,0.0,0.0,1.0,1.0,0.0,,14.25,12.25,14.75,13.75,PASS_BOUNDARY,
OUTER_SIDE,RIGHT,6,1.0,,,0.0,0.0,1.0,2.0,0.0,,14.25,11.25,14.75,13.75,PASS_BOUNDARY,
OUTER_SIDE,RIGHT,6,1.0,,,0.0,0.0,2.0,0.0,0.0,,14.25,12.25,14.75,13.75,PASS_BOUNDARY,
OUTER_SIDE,RIGHT,6,1.0,,,0.0,0.0,2.0,1.0,0.0,,14.25,11.25,14.75,13.75,PASS_BOUNDARY,
OUTER_SIDE,RIGHT,6,1.0,,,0.0,0.0,2.0,2.0,0.0,,14.25,10.25,14.75,13.75,PASS_BOUNDARY,
OUTER_SIDE,RIGHT,6,1.0,,,0.0,1.0,0.0,0.0,1.0,,14.25,13.25,14.75,12.75,PASS_BOUNDARY,
OUTER_SIDE,RIGHT,6,1.0,,,0.0,1.0,0.0,1.0,1.0,,14.25,12.25,14.75,12.75,PASS_BOUNDARY,
OUTER_SIDE,RIGHT,6,1.0,,,0.0,1.0,0.0,2.0,1.0,,14.25,11.25,14.75,12.75,PASS_BOUNDARY,
OUTER_SIDE,RIGHT,6,1.0,,,0.0,1.0,1.0,0.0,1.0,,14.25,12.25,14.75,12.75,PASS_BOUNDARY,
OUTER_SIDE,RIGHT,6,1.0,,,0.0,1.0,1.0,1.0,1.0,,14.25,11.25,14.75,12.75,PASS_BOUNDARY,
OUTER_SIDE,RIGHT,6,1.0,,,0.0,1.0,1.0,2.0,1.0,,14.25,10.25,14.75,12.75,PASS_BOUNDARY,
OUTER_SIDE,RIGHT,6,1.0,,,0.0,1.0,2.0,0.0,1.0,,14.25,11.25,14.75,12.75,PASS_BOUNDARY,
OUTER_SIDE,RIGHT,6,1.0,,,0.0,1.0,2.0,1.0,1.0,,14.25,10.25,14.75,12.75,PASS_BOUNDARY,
OUTER_SIDE,RIGHT,6,1.0,,,0.0,1.0,2.0,2.0,1.0,,14.25,9.25,14.75,12.75,PASS_BOUNDARY,
OUTER_SIDE,RIGHT,6,1.0,,,1.0,-1.0,0.0,0.0,2.0,,14.25,12.25,14.75,11.75,PASS_BOUNDARY,
OUTER_SIDE,RIGHT,6,1.0,,,1.0,-1.0,0.0,1.0,2.0,,14.25,11.25,14.75,11.75,PASS_BOUNDARY,
OUTER_SIDE,RIGHT,6,1.0,,,1.0,-1.0,0.0,2.0,2.0,,14.25,10.25,14.75,11.75,PASS_BOUNDARY,
OUTER_SIDE,RIGHT,6,1.0,,,1.0,-1.0,1.0,0.0,2.0,,14.25,11.25,14.75,11.75,PASS_BOUNDARY,
OUTER_SIDE,RIGHT,6,1.0,,,1.0,-1.0,1.0,1.0,2.0,,14.25,10.25,14.75,11.75,PASS_BOUNDARY,
OUTER_SIDE,RIGHT,6,1.0,,,1.0,-1.0,1.0,2.0,2.0,,14.25,9.25,14.75,11.75,PASS_BOUNDARY,
OUTER_SIDE,RIGHT,6,1.0,,,1.0,-1.0,2.0,0.0,2.0,,14.25,10.25,14.75,11.75,PASS_BOUNDARY,
OUTER_SIDE,RIGHT,6,1.0,,,1.0,-1.0,2.0,1.0,2.0,,14.25,9.25,14.75,11.75,PASS_BOUNDARY,
OUTER_SIDE,RIGHT,6,1.0,,,1.0,-1.0,2.0,2.0,2.0,,14.25,8.25,14.75,11.75,PASS_BOUNDARY,
OUTER_SIDE,RIGHT,6,1.0,,,1.0,0.0,0.0,0.0,1.0,,14.25,13.25,14.75,12.75,PASS_BOUNDARY,
OUTER_SIDE,RIGHT,6,1.0,,,1.0,0.0,0.0,1.0,1.0,,14.25,12.25,14.75,12.75,PASS_BOUNDARY,
OUTER_SIDE,RIGHT,6,1.0,,,1.0,0.0,0.0,2.0,1.0,,14.25,11.25,14.75,12.75,PASS_BOUNDARY,
OUTER_SIDE,RIGHT,6,1.0,,,1.0,0.0,1.0,0.0,1.0,,14.25,12.25,14.75,12.75,PASS_BOUNDARY,
OUTER_SIDE,RIGHT,6,1.0,,,1.0,0.0,1.0,1.0,1.0,,14.25,11.25,14.75,12.75,PASS_BOUNDARY,
OUTER_SIDE,RIGHT,6,1.0,,,1.0,0.0,1.0,2.0,1.0,,14.25,10.25,14.75,12.75,PASS_BOUNDARY,
OUTER_SIDE,RIGHT,6,1.0,,,1.0,0.0,2.0,0.0,1.0,,14.25,11.25,14.75,12.75,PASS_BOUNDARY,
OUTER_SIDE,RIGHT,6,1.0,,,1.0,0.0,2.0,1.0,1.0,,14.25,10.25,14.75,12.75,PASS_BOUNDARY,
OUTER_SIDE,RIGHT,6,1.0,,,1.0,0.0,2.0,2.0,1.0,,14.25,9.25,14.75,12.75,PASS_BOUNDARY,
OUTER_SIDE,RIGHT,6,1.0,,,1.0,1.0,0.0,0.0,0.0,,14.25,14.25,14.75,13.75,PASS_BOUNDARY,
OUTER_SIDE,RIGHT,6,1.0,,,1.0,1.0,0.0,1.0,0.0,,14.25,13.25,14.75,13.75,PASS_BOUNDARY,
OUTER_SIDE,RIGHT,6,1.0,,,1.0,1.0,0.0,2.0,0.0,,14.25,12.25,14.75,13.75,PASS_BOUNDARY,
OUTER_SIDE,RIGHT,6,1.0,,,1.0,1.0,1.0,0.0,0.0,,14.25,13.25,14.75,13.75,PASS_BOUNDARY,
OUTER_SIDE,RIGHT,6,1.0,,,1.0,1.0,1.0,1.0,0.0,,14.25,12.25,14.75,13.75,PASS_BOUNDARY,
OUTER_SIDE,RIGHT,6,1.0,,,1.0,1.0,1.0,2.0,0.0,,14.25,11.25,14.75,13.75,PASS_BOUNDARY,
OUTER_SIDE,RIGHT,6,1.0,,,1.0,1.0,2.0,0.0,0.0,,14.25,12.25,14.75,13.75,PASS_BOUNDARY,
OUTER_SIDE,RIGHT,6,1.0,,,1.0,1.0,2.0,1.0,0.0,,14.25,11.25,14.75,13.75,PASS_BOUNDARY,
OUTER_SIDE,RIGHT,6,1.0,,,1.0,1.0,2.0,2.0,0.0,,14.25,10.25,14.75,13.75,PASS_BOUNDARY,
OUTER_SIDE,RIGHT,6,1.5,,,-1.0,-1.0,0.0,0.0,0.0,,14.25,14.25,14.75,13.25,PASS_BOUNDARY,
OUTER_SIDE,RIGHT,6,1.5,,,-1.0,-1.0,0.0,1.0,0.0,,14.25,13.25,14.75,13.25,PASS_BOUNDARY,
OUTER_SIDE,RIGHT,6,1.5,,,-1.0,-1.0,0.0,2.0,0.0,,14.25,12.25,14.75,13.25,PASS_BOUNDARY,
OUTER_SIDE,RIGHT,6,1.5,,,-1.0,-1.0,1.0,0.0,0.0,,14.25,13.25,14.75,13.25,PASS_BOUNDARY,
OUTER_SIDE,RIGHT,6,1.5,,,-1.0,-1.0,1.0,1.0,0.0,,14.25,12.25,14.75,13.25,PASS_BOUNDARY,
OUTER_SIDE,RIGHT,6,1.5,,,-1.0,-1.0,1.0,2.0,0.0,,14.25,11.25,14.75,13.25,PASS_BOUNDARY,
OUTER_SIDE,RIGHT,6,1.5,,,-1.0,-1.0,2.0,0.0,0.0,,14.25,12.25,14.75,13.25,PASS_BOUNDARY,
OUTER_SIDE,RIGHT,6,1.5,,,-1.0,-1.0,2.0,1.0,0.0,,14.25,11.25,14.75,13.25,PASS_BOUNDARY,
OUTER_SIDE,RIGHT,6,1.5,,,-1.0,-1.0,2.0,2.0,0.0,,14.25,10.25,14.75,13.25,PASS_BOUNDARY,
OUTER_SIDE,RIGHT,6,1.5,,,-1.0,0.0,0.0,0.0,1.0,,14.25,13.25,14.75,12.25,PASS_BOUNDARY,
OUTER_SIDE,RIGHT,6,1.5,,,-1.0,0.0,0.0,1.0,1.0,,14.25,12.25,14.75,12.25,PASS_BOUNDARY,
OUTER_SIDE,RIGHT,6,1.5,,,-1.0,0.0,0.0,2.0,1.0,,14.25,11.25,14.75,12.25,PASS_BOUNDARY,
OUTER_SIDE,RIGHT,6,1.5,,,-1.0,0.0,1.0,0.0,1.0,,14.25,12.25,14.75,12.25,PASS_BOUNDARY,
OUTER_SIDE,RIGHT,6,1.5,,,-1.0,0.0,1.0,1.0,1.0,,14.25,11.25,14.75,12.25,PASS_BOUNDARY,
OUTER_SIDE,RIGHT,6,1.5,,,-1.0,0.0,1.0,2.0,1.0,,14.25,10.25,14.75,12.25,PASS_BOUNDARY,
OUTER_SIDE,RIGHT,6,1.5,,,-1.0,0.0,2.0,0.0,1.0,,14.25,11.25,14.75,12.25,PASS_BOUNDARY,
OUTER_SIDE,RIGHT,6,1.5,,,-1.0,0.0,2.0,1.0,1.0,,14.25,10.25,14.75,12.25,PASS_BOUNDARY,
OUTER_SIDE,RIGHT,6,1.5,,,-1.0,0.0,2.0,2.0,1.0,,14.25,9.25,14.75,12.25,PASS_BOUNDARY,
OUTER_SIDE,RIGHT,6,1.5,,,-1.0,1.0,0.0,0.0,2.0,,14.25,12.25,14.75,11.25,PASS_BOUNDARY,
OUTER_SIDE,RIGHT,6,1.5,,,-1.0,1.0,0.0,1.0,2.0,,14.25,11.25,14.75,11.25,PASS_BOUNDARY,
OUTER_SIDE,RIGHT,6,1.5,,,-1.0,1.0,0.0,2.0,2.0,,14.25,10.25,14.75,11.25,PASS_BOUNDARY,
OUTER_SIDE,RIGHT,6,1.5,,,-1.0,1.0,1.0,0.0,2.0,,14.25,11.25,14.75,11.25,PASS_BOUNDARY,
OUTER_SIDE,RIGHT,6,1.5,,,-1.0,1.0,1.0,1.0,2.0,,14.25,10.25,14.75,11.25,PASS_BOUNDARY,
OUTER_SIDE,RIGHT,6,1.5,,,-1.0,1.0,1.0,2.0,2.0,,14.25,9.25,14.75,11.25,PASS_BOUNDARY,
OUTER_SIDE,RIGHT,6,1.5,,,-1.0,1.0,2.0,0.0,2.0,,14.25,10.25,14.75,11.25,PASS_BOUNDARY,
OUTER_SIDE,RIGHT,6,1.5,,,-1.0,1.0,2.0,1.0,2.0,,14.25,9.25,14.75,11.25,PASS_BOUNDARY,
OUTER_SIDE,RIGHT,6,1.5,,,-1.0,1.0,2.0,2.0,2.0,,14.25,8.25,14.75,11.25,PASS_BOUNDARY,
OUTER_SIDE,RIGHT,6,1.5,,,0.0,-1.0,0.0,0.0,1.0,,14.25,13.25,14.75,12.25,PASS_BOUNDARY,
OUTER_SIDE,RIGHT,6,1.5,,,0.0,-1.0,0.0,1.0,1.0,,14.25,12.25,14.75,12.25,PASS_BOUNDARY,
OUTER_SIDE,RIGHT,6,1.5,,,0.0,-1.0,0.0,2.0,1.0,,14.25,11.25,14.75,12.25,PASS_BOUNDARY,
OUTER_SIDE,RIGHT,6,1.5,,,0.0,-1.0,1.0,0.0,1.0,,14.25,12.25,14.75,12.25,PASS_BOUNDARY,
OUTER_SIDE,RIGHT,6,1.5,,,0.0,-1.0,1.0,1.0,1.0,,14.25,11.25,14.75,12.25,PASS_BOUNDARY,
OUTER_SIDE,RIGHT,6,1.5,,,0.0,-1.0,1.0,2.0,1.0,,14.25,10.25,14.75,12.25,PASS_BOUNDARY,
OUTER_SIDE,RIGHT,6,1.5,,,0.0,-1.0,2.0,0.0,1.0,,14.25,11.25,14.75,12.25,PASS_BOUNDARY,
OUTER_SIDE,RIGHT,6,1.5,,,0.0,-1.0,2.0,1.0,1.0,,14.25,10.25,14.75,12.25,PASS_BOUNDARY,
OUTER_SIDE,RIGHT,6,1.5,,,0.0,-1.0,2.0,2.0,1.0,,14.25,9.25,14.75,12.25,PASS_BOUNDARY,
OUTER_SIDE,RIGHT,6,1.5,,,0.0,0.0,0.0,0.0,0.0,,14.25,14.25,14.75,13.25,PASS_BOUNDARY,
OUTER_SIDE,RIGHT,6,1.5,,,0.0,0.0,0.0,1.0,0.0,,14.25,13.25,14.75,13.25,PASS_BOUNDARY,
OUTER_SIDE,RIGHT,6,1.5,,,0.0,0.0,0.0,2.0,0.0,,14.25,12.25,14.75,13.25,PASS_BOUNDARY,
OUTER_SIDE,RIGHT,6,1.5,,,0.0,0.0,1.0,0.0,0.0,,14.25,13.25,14.75,13.25,PASS_BOUNDARY,
OUTER_SIDE,RIGHT,6,1.5,,,0.0,0.0,1.0,1.0,0.0,,14.25,12.25,14.75,13.25,PASS_BOUNDARY,
OUTER_SIDE,RIGHT,6,1.5,,,0.0,0.0,1.0,2.0,0.0,,14.25,11.25,14.75,13.25,PASS_BOUNDARY,
OUTER_SIDE,RIGHT,6,1.5,,,0.0,0.0,2.0,0.0,0.0,,14.25,12.25,14.75,13.25,PASS_BOUNDARY,
OUTER_SIDE,RIGHT,6,1.5,,,0.0,0.0,2.0,1.0,0.0,,14.25,11.25,14.75,13.25,PASS_BOUNDARY,
OUTER_SIDE,RIGHT,6,1.5,,,0.0,0.0,2.0,2.0,0.0,,14.25,10.25,14.75,13.25,PASS_BOUNDARY,
OUTER_SIDE,RIGHT,6,1.5,,,0.0,1.0,0.0,0.0,1.0,,14.25,13.25,14.75,12.25,PASS_BOUNDARY,
OUTER_SIDE,RIGHT,6,1.5,,,0.0,1.0,0.0,1.0,1.0,,14.25,12.25,14.75,12.25,PASS_BOUNDARY,
OUTER_SIDE,RIGHT,6,1.5,,,0.0,1.0,0.0,2.0,1.0,,14.25,11.25,14.75,12.25,PASS_BOUNDARY,
OUTER_SIDE,RIGHT,6,1.5,,,0.0,1.0,1.0,0.0,1.0,,14.25,12.25,14.75,12.25,PASS_BOUNDARY,
OUTER_SIDE,RIGHT,6,1.5,,,0.0,1.0,1.0,1.0,1.0,,14.25,11.25,14.75,12.25,PASS_BOUNDARY,
OUTER_SIDE,RIGHT,6,1.5,,,0.0,1.0,1.0,2.0,1.0,,14.25,10.25,14.75,12.25,PASS_BOUNDARY,
OUTER_SIDE,RIGHT,6,1.5,,,0.0,1.0,2.0,0.0,1.0,,14.25,11.25,14.75,12.25,PASS_BOUNDARY,
OUTER_SIDE,RIGHT,6,1.5,,,0.0,1.0,2.0,1.0,1.0,,14.25,10.25,14.75,12.25,PASS_BOUNDARY,
OUTER_SIDE,RIGHT,6,1.5,,,0.0,1.0,2.0,2.0,1.0,,14.25,9.25,14.75,12.25,PASS_BOUNDARY,
OUTER_SIDE,RIGHT,6,1.5,,,1.0,-1.0,0.0,0.0,2.0,,14.25,12.25,14.75,11.25,PASS_BOUNDARY,
OUTER_SIDE,RIGHT,6,1.5,,,1.0,-1.0,0.0,1.0,2.0,,14.25,11.25,14.75,11.25,PASS_BOUNDARY,
OUTER_SIDE,RIGHT,6,1.5,,,1.0,-1.0,0.0,2.0,2.0,,14.25,10.25,14.75,11.25,PASS_BOUNDARY,
OUTER_SIDE,RIGHT,6,1.5,,,1.0,-1.0,1.0,0.0,2.0,,14.25,11.25,14.75,11.25,PASS_BOUNDARY,
OUTER_SIDE,RIGHT,6,1.5,,,1.0,-1.0,1.0,1.0,2.0,,14.25,10.25,14.75,11.25,PASS_BOUNDARY,
OUTER_SIDE,RIGHT,6,1.5,,,1.0,-1.0,1.0,2.0,2.0,,14.25,9.25,14.75,11.25,PASS_BOUNDARY,
OUTER_SIDE,RIGHT,6,1.5,,,1.0,-1.0,2.0,0.0,2.0,,14.25,10.25,14.75,11.25,PASS_BOUNDARY,
OUTER_SIDE,RIGHT,6,1.5,,,1.0,-1.0,2.0,1.0,2.0,,14.25,9.25,14.75,11.25,PASS_BOUNDARY,
OUTER_SIDE,RIGHT,6,1.5,,,1.0,-1.0,2.0,2.0,2.0,,14.25,8.25,14.75,11.25,PASS_BOUNDARY,
OUTER_SIDE,RIGHT,6,1.5,,,1.0,0.0,0.0,0.0,1.0,,14.25,13.25,14.75,12.25,PASS_BOUNDARY,
OUTER_SIDE,RIGHT,6,1.5,,,1.0,0.0,0.0,1.0,1.0,,14.25,12.25,14.75,12.25,PASS_BOUNDARY,
OUTER_SIDE,RIGHT,6,1.5,,,1.0,0.0,0.0,2.0,1.0,,14.25,11.25,14.75,12.25,PASS_BOUNDARY,
OUTER_SIDE,RIGHT,6,1.5,,,1.0,0.0,1.0,0.0,1.0,,14.25,12.25,14.75,12.25,PASS_BOUNDARY,
OUTER_SIDE,RIGHT,6,1.5,,,1.0,0.0,1.0,1.0,1.0,,14.25,11.25,14.75,12.25,PASS_BOUNDARY,
OUTER_SIDE,RIGHT,6,1.5,,,1.0,0.0,1.0,2.0,1.0,,14.25,10.25,14.75,12.25,PASS_BOUNDARY,
OUTER_SIDE,RIGHT,6,1.5,,,1.0,0.0,2.0,0.0,1.0,,14.25,11.25,14.75,12.25,PASS_BOUNDARY,
OUTER_SIDE,RIGHT,6,1.5,,,1.0,0.0,2.0,1.0,1.0,,14.25,10.25,14.75,12.25,PASS_BOUNDARY,
OUTER_SIDE,RIGHT,6,1.5,,,1.0,0.0,2.0,2.0,1.0,,14.25,9.25,14.75,12.25,PASS_BOUNDARY,
OUTER_SIDE,RIGHT,6,1.5,,,1.0,1.0,0.0,0.0,0.0,,14.25,14.25,14.75,13.25,PASS_BOUNDARY,
OUTER_SIDE,RIGHT,6,1.5,,,1.0,1.0,0.0,1.0,0.0,,14.25,13.25,14.75,13.25,PASS_BOUNDARY,
OUTER_SIDE,RIGHT,6,1.5,,,1.0,1.0,0.0,2.0,0.0,,14.25,12.25,14.75,13.25,PASS_BOUNDARY,
OUTER_SIDE,RIGHT,6,1.5,,,1.0,1.0,1.0,0.0,0.0,,14.25,13.25,14.75,13.25,PASS_BOUNDARY,
OUTER_SIDE,RIGHT,6,1.5,,,1.0,1.0,1.0,1.0,0.0,,14.25,12.25,14.75,13.25,PASS_BOUNDARY,
OUTER_SIDE,RIGHT,6,1.5,,,1.0,1.0,1.0,2.0,0.0,,14.25,11.25,14.75,13.25,PASS_BOUNDARY,
OUTER_SIDE,RIGHT,6,1.5,,,1.0,1.0,2.0,0.0,0.0,,14.25,12.25,14.75,13.25,PASS_BOUNDARY,
OUTER_SIDE,RIGHT,6,1.5,,,1.0,1.0,2.0,1.0,0.0,,14.25,11.25,14.75,13.25,PASS_BOUNDARY,
OUTER_SIDE,RIGHT,6,1.5,,,1.0,1.0,2.0,2.0,0.0,,14.25,10.25,14.75,13.25,PASS_BOUNDARY,
