candidate_id,search_resolution_mm,search_stage,focus_label,inner_orientation,outer_orientation,inner_shift_mm,pulley_shift_mm,outer_shift_mm,inner_y_mm,pulley_y_mm,outer_y_mm,center_nominal_mm,center_residual_mm,belt_inner_nominal_worst_mm,belt_inner_residual_worst_mm,belt_outer_nominal_worst_mm,belt_outer_residual_worst_mm,pulley_inner_nominal_worst_mm,pulley_inner_residual_worst_mm,pulley_outer_nominal_worst_mm,pulley_outer_residual_worst_mm,output_reserve_mm,support_plate_fit,tool_clearance_mm,shaft_length_min_mm,shaft_length_max_mm,total_width_mm,pto_ends_y_mm,total_change_mm,boundary_pass,status,rejection_reason
V0084-RECOMMENDED-BASELINE,0.0,0,V0084_RECOMMENDED,C/C,O/O,1.0,0.0,0.0,15.0,47.0,87.5,1.0,-1.0,7.0,1.0,15.5,9.5,7.5,4.0,16.0,12.5,43.0,PASS_95X140X5_REFERENCE,12.0,138.5,144.5,290.0,-145.0|145.0,1.0,False,FAIL,CENTER_NOMINAL_LT_4|CENTER_RESIDUAL_LT_2|BELT_NOMINAL_LT_14|BELT_RESIDUAL_LT_8|PULLEY_NOMINAL_LT_13_5|PULLEY_RESIDUAL_LT_10
V0084-ALTERNATIVE-A-BASELINE,0.0,0,V0084_ALTERNATIVE_A,C/C,O/O,1.0,6.0,3.5,15.0,53.0,91.0,1.0,-1.0,13.0,7.0,13.0,7.0,13.5,10.0,13.5,10.0,39.5,PASS_95X140X5_REFERENCE,12.0,138.5,144.5,290.0,-145.0|145.0,10.5,False,FAIL,CENTER_NOMINAL_LT_4|CENTER_RESIDUAL_LT_2|BELT_NOMINAL_LT_14|BELT_RESIDUAL_LT_8
G-IN1.00-P05.00-OUT03.00,0.5,1,,C/C,O/O,1.0,5.0,3.0,15.0,52.0,90.5,1.0,-1.0,12.0,6.0,13.5,7.5,12.5,9.0,14.0,10.5,40.0,PASS_95X140X5_REFERENCE,12.0,138.5,144.5,290.0,-145.0|145.0,9.0,False,FAIL,CENTER_NOMINAL_LT_4|CENTER_RESIDUAL_LT_2|BELT_NOMINAL_LT_14|BELT_RESIDUAL_LT_8|PULLEY_NOMINAL_LT_13_5|PULLEY_RESIDUAL_LT_10
G-IN1.00-P05.00-OUT03.50,0.5,1,,C/C,O/O,1.0,5.0,3.5,15.0,52.0,91.0,1.0,-1.0,12.0,6.0,14.0,8.0,12.5,9.0,14.5,11.0,39.5,PASS_95X140X5_REFERENCE,12.0,138.5,144.5,290.0,-145.0|145.0,9.5,False,FAIL,CENTER_NOMINAL_LT_4|CENTER_RESIDUAL_LT_2|BELT_NOMINAL_LT_14|BELT_RESIDUAL_LT_8|PULLEY_NOMINAL_LT_13_5|PULLEY_RESIDUAL_LT_10
G-IN1.00-P05.00-OUT04.00,0.5,1,,C/C,O/O,1.0,5.0,4.0,15.0,52.0,91.5,1.0,-1.0,12.0,6.0,14.5,8.5,12.5,9.0,15.0,11.5,39.0,PASS_95X140X5_REFERENCE,12.0,138.5,144.5,290.0,-145.0|145.0,10.0,False,FAIL,CENTER_NOMINAL_LT_4|CENTER_RESIDUAL_LT_2|BELT_NOMINAL_LT_14|BELT_RESIDUAL_LT_8|PULLEY_NOMINAL_LT_13_5|PULLEY_RESIDUAL_LT_10
G-IN1.00-P05.00-OUT04.50,0.5,1,,C/C,O/O,1.0,5.0,4.5,15.0,52.0,92.0,1.0,-1.0,12.0,6.0,15.0,9.0,12.5,9.0,15.5,12.0,38.5,PASS_95X140X5_REFERENCE,12.0,138.5,144.5,290.0,-145.0|145.0,10.5,False,FAIL,CENTER_NOMINAL_LT_4|CENTER_RESIDUAL_LT_2|BELT_NOMINAL_LT_14|BELT_RESIDUAL_LT_8|PULLEY_NOMINAL_LT_13_5|PULLEY_RESIDUAL_LT_10
G-IN1.00-P05.00-OUT05.00,0.5,1,,C/C,O/O,1.0,5.0,5.0,15.0,52.0,92.5,1.0,-1.0,12.0,6.0,15.5,9.5,12.5,9.0,16.0,12.5,38.0,PASS_95X140X5_REFERENCE,12.0,138.5,144.5,290.0,-145.0|145.0,11.0,False,FAIL,CENTER_NOMINAL_LT_4|CENTER_RESIDUAL_LT_2|BELT_NOMINAL_LT_14|BELT_RESIDUAL_LT_8|PULLEY_NOMINAL_LT_13_5|PULLEY_RESIDUAL_LT_10
G-IN1.00-P05.00-OUT05.50,0.5,1,,C/C,O/O,1.0,5.0,5.5,15.0,52.0,93.0,1.0,-1.0,12.0,6.0,16.0,10.0,12.5,9.0,16.5,13.0,37.5,PASS_95X140X5_REFERENCE,12.0,138.5,144.5,290.0,-145.0|145.0,11.5,False,FAIL,CENTER_NOMINAL_LT_4|CENTER_RESIDUAL_LT_2|BELT_NOMINAL_LT_14|BELT_RESIDUAL_LT_8|PULLEY_NOMINAL_LT_13_5|PULLEY_RESIDUAL_LT_10
G-IN1.00-P05.00-OUT06.00,0.5,1,,C/C,O/O,1.0,5.0,6.0,15.0,52.0,93.5,1.0,-1.0,12.0,6.0,16.5,10.5,12.5,9.0,17.0,13.5,37.0,PASS_95X140X5_REFERENCE,12.0,138.5,144.5,290.0,-145.0|145.0,12.0,False,FAIL,CENTER_NOMINAL_LT_4|CENTER_RESIDUAL_LT_2|BELT_NOMINAL_LT_14|BELT_RESIDUAL_LT_8|PULLEY_NOMINAL_LT_13_5|PULLEY_RESIDUAL_LT_10
G-IN1.00-P05.00-OUT06.50,0.5,1,,C/C,O/O,1.0,5.0,6.5,15.0,52.0,94.0,1.0,-1.0,12.0,6.0,17.0,11.0,12.5,9.0,17.5,14.0,36.5,PASS_95X140X5_REFERENCE,12.0,138.5,144.5,290.0,-145.0|145.0,12.5,False,FAIL,CENTER_NOMINAL_LT_4|CENTER_RESIDUAL_LT_2|BELT_NOMINAL_LT_14|BELT_RESIDUAL_LT_8|PULLEY_NOMINAL_LT_13_5|PULLEY_RESIDUAL_LT_10
G-IN1.00-P05.00-OUT07.00,0.5,1,,C/C,O/O,1.0,5.0,7.0,15.0,52.0,94.5,1.0,-1.0,12.0,6.0,17.5,11.5,12.5,9.0,18.0,14.5,36.0,PASS_95X140X5_REFERENCE,12.0,138.5,144.5,290.0,-145.0|145.0,13.0,False,FAIL,CENTER_NOMINAL_LT_4|CENTER_RESIDUAL_LT_2|BELT_NOMINAL_LT_14|BELT_RESIDUAL_LT_8|PULLEY_NOMINAL_LT_13_5|PULLEY_RESIDUAL_LT_10
G-IN1.00-P05.00-OUT07.50,0.5,1,,C/C,O/O,1.0,5.0,7.5,15.0,52.0,95.0,1.0,-1.0,12.0,6.0,18.0,12.0,12.5,9.0,18.5,15.0,35.5,PASS_95X140X5_REFERENCE,12.0,138.5,144.5,290.0,-145.0|145.0,13.5,False,FAIL,CENTER_NOMINAL_LT_4|CENTER_RESIDUAL_LT_2|BELT_NOMINAL_LT_14|BELT_RESIDUAL_LT_8|PULLEY_NOMINAL_LT_13_5|PULLEY_RESIDUAL_LT_10
G-IN1.00-P05.00-OUT08.00,0.5,1,,C/C,O/O,1.0,5.0,8.0,15.0,52.0,95.5,1.0,-1.0,12.0,6.0,18.5,12.5,12.5,9.0,19.0,15.5,35.0,PASS_95X140X5_REFERENCE,12.0,138.5,144.5,290.0,-145.0|145.0,14.0,False,FAIL,CENTER_NOMINAL_LT_4|CENTER_RESIDUAL_LT_2|BELT_NOMINAL_LT_14|BELT_RESIDUAL_LT_8|PULLEY_NOMINAL_LT_13_5|PULLEY_RESIDUAL_LT_10
G-IN1.00-P05.00-OUT08.50,0.5,1,,C/C,O/O,1.0,5.0,8.5,15.0,52.0,96.0,1.0,-1.0,12.0,6.0,19.0,13.0,12.5,9.0,19.5,16.0,34.5,PASS_95X140X5_REFERENCE,12.0,138.5,144.5,290.0,-145.0|145.0,14.5,False,FAIL,CENTER_NOMINAL_LT_4|CENTER_RESIDUAL_LT_2|BELT_NOMINAL_LT_14|BELT_RESIDUAL_LT_8|PULLEY_NOMINAL_LT_13_5|PULLEY_RESIDUAL_LT_10
G-IN1.00-P05.00-OUT09.00,0.5,1,,C/C,O/O,1.0,5.0,9.0,15.0,52.0,96.5,1.0,-1.0,12.0,6.0,19.5,13.5,12.5,9.0,20.0,16.5,34.0,PASS_95X140X5_REFERENCE,12.0,138.5,144.5,290.0,-145.0|145.0,15.0,False,FAIL,CENTER_NOMINAL_LT_4|CENTER_RESIDUAL_LT_2|BELT_NOMINAL_LT_14|BELT_RESIDUAL_LT_8|PULLEY_NOMINAL_LT_13_5|PULLEY_RESIDUAL_LT_10
G-IN1.00-P05.00-OUT09.50,0.5,1,,C/C,O/O,1.0,5.0,9.5,15.0,52.0,97.0,1.0,-1.0,12.0,6.0,20.0,14.0,12.5,9.0,20.5,17.0,33.5,PASS_95X140X5_REFERENCE,12.0,138.5,144.5,290.0,-145.0|145.0,15.5,False,FAIL,CENTER_NOMINAL_LT_4|CENTER_RESIDUAL_LT_2|BELT_NOMINAL_LT_14|BELT_RESIDUAL_LT_8|PULLEY_NOMINAL_LT_13_5|PULLEY_RESIDUAL_LT_10
G-IN1.00-P05.00-OUT10.00,0.5,1,,C/C,O/O,1.0,5.0,10.0,15.0,52.0,97.5,1.0,-1.0,12.0,6.0,20.5,14.5,12.5,9.0,21.0,17.5,33.0,PASS_95X140X5_REFERENCE,12.0,138.5,144.5,290.0,-145.0|145.0,16.0,False,FAIL,CENTER_NOMINAL_LT_4|CENTER_RESIDUAL_LT_2|BELT_NOMINAL_LT_14|BELT_RESIDUAL_LT_8|PULLEY_NOMINAL_LT_13_5|PULLEY_RESIDUAL_LT_10
G-IN1.00-P05.50-OUT03.00,0.5,1,,C/C,O/O,1.0,5.5,3.0,15.0,52.5,90.5,1.0,-1.0,12.5,6.5,13.0,7.0,13.0,9.5,13.5,10.0,40.0,PASS_95X140X5_REFERENCE,12.0,138.5,144.5,290.0,-145.0|145.0,9.5,False,FAIL,CENTER_NOMINAL_LT_4|CENTER_RESIDUAL_LT_2|BELT_NOMINAL_LT_14|BELT_RESIDUAL_LT_8|PULLEY_NOMINAL_LT_13_5|PULLEY_RESIDUAL_LT_10
G-IN1.00-P05.50-OUT03.50,0.5,1,,C/C,O/O,1.0,5.5,3.5,15.0,52.5,91.0,1.0,-1.0,12.5,6.5,13.5,7.5,13.0,9.5,14.0,10.5,39.5,PASS_95X140X5_REFERENCE,12.0,138.5,144.5,290.0,-145.0|145.0,10.0,False,FAIL,CENTER_NOMINAL_LT_4|CENTER_RESIDUAL_LT_2|BELT_NOMINAL_LT_14|BELT_RESIDUAL_LT_8|PULLEY_NOMINAL_LT_13_5|PULLEY_RESIDUAL_LT_10
G-IN1.00-P05.50-OUT04.00,0.5,1,,C/C,O/O,1.0,5.5,4.0,15.0,52.5,91.5,1.0,-1.0,12.5,6.5,14.0,8.0,13.0,9.5,14.5,11.0,39.0,PASS_95X140X5_REFERENCE,12.0,138.5,144.5,290.0,-145.0|145.0,10.5,False,FAIL,CENTER_NOMINAL_LT_4|CENTER_RESIDUAL_LT_2|BELT_NOMINAL_LT_14|BELT_RESIDUAL_LT_8|PULLEY_NOMINAL_LT_13_5|PULLEY_RESIDUAL_LT_10
G-IN1.00-P05.50-OUT04.50,0.5,1,,C/C,O/O,1.0,5.5,4.5,15.0,52.5,92.0,1.0,-1.0,12.5,6.5,14.5,8.5,13.0,9.5,15.0,11.5,38.5,PASS_95X140X5_REFERENCE,12.0,138.5,144.5,290.0,-145.0|145.0,11.0,False,FAIL,CENTER_NOMINAL_LT_4|CENTER_RESIDUAL_LT_2|BELT_NOMINAL_LT_14|BELT_RESIDUAL_LT_8|PULLEY_NOMINAL_LT_13_5|PULLEY_RESIDUAL_LT_10
G-IN1.00-P05.50-OUT05.00,0.5,1,,C/C,O/O,1.0,5.5,5.0,15.0,52.5,92.5,1.0,-1.0,12.5,6.5,15.0,9.0,13.0,9.5,15.5,12.0,38.0,PASS_95X140X5_REFERENCE,12.0,138.5,144.5,290.0,-145.0|145.0,11.5,False,FAIL,CENTER_NOMINAL_LT_4|CENTER_RESIDUAL_LT_2|BELT_NOMINAL_LT_14|BELT_RESIDUAL_LT_8|PULLEY_NOMINAL_LT_13_5|PULLEY_RESIDUAL_LT_10
G-IN1.00-P05.50-OUT05.50,0.5,1,,C/C,O/O,1.0,5.5,5.5,15.0,52.5,93.0,1.0,-1.0,12.5,6.5,15.5,9.5,13.0,9.5,16.0,12.5,37.5,PASS_95X140X5_REFERENCE,12.0,138.5,144.5,290.0,-145.0|145.0,12.0,False,FAIL,CENTER_NOMINAL_LT_4|CENTER_RESIDUAL_LT_2|BELT_NOMINAL_LT_14|BELT_RESIDUAL_LT_8|PULLEY_NOMINAL_LT_13_5|PULLEY_RESIDUAL_LT_10
G-IN1.00-P05.50-OUT06.00,0.5,1,,C/C,O/O,1.0,5.5,6.0,15.0,52.5,93.5,1.0,-1.0,12.5,6.5,16.0,10.0,13.0,9.5,16.5,13.0,37.0,PASS_95X140X5_REFERENCE,12.0,138.5,144.5,290.0,-145.0|145.0,12.5,False,FAIL,CENTER_NOMINAL_LT_4|CENTER_RESIDUAL_LT_2|BELT_NOMINAL_LT_14|BELT_RESIDUAL_LT_8|PULLEY_NOMINAL_LT_13_5|PULLEY_RESIDUAL_LT_10
G-IN1.00-P05.50-OUT06.50,0.5,1,,C/C,O/O,1.0,5.5,6.5,15.0,52.5,94.0,1.0,-1.0,12.5,6.5,16.5,10.5,13.0,9.5,17.0,13.5,36.5,PASS_95X140X5_REFERENCE,12.0,138.5,144.5,290.0,-145.0|145.0,13.0,False,FAIL,CENTER_NOMINAL_LT_4|CENTER_RESIDUAL_LT_2|BELT_NOMINAL_LT_14|BELT_RESIDUAL_LT_8|PULLEY_NOMINAL_LT_13_5|PULLEY_RESIDUAL_LT_10
G-IN1.00-P05.50-OUT07.00,0.5,1,,C/C,O/O,1.0,5.5,7.0,15.0,52.5,94.5,1.0,-1.0,12.5,6.5,17.0,11.0,13.0,9.5,17.5,14.0,36.0,PASS_95X140X5_REFERENCE,12.0,138.5,144.5,290.0,-145.0|145.0,13.5,False,FAIL,CENTER_NOMINAL_LT_4|CENTER_RESIDUAL_LT_2|BELT_NOMINAL_LT_14|BELT_RESIDUAL_LT_8|PULLEY_NOMINAL_LT_13_5|PULLEY_RESIDUAL_LT_10
G-IN1.00-P05.50-OUT07.50,0.5,1,,C/C,O/O,1.0,5.5,7.5,15.0,52.5,95.0,1.0,-1.0,12.5,6.5,17.5,11.5,13.0,9.5,18.0,14.5,35.5,PASS_95X140X5_REFERENCE,12.0,138.5,144.5,290.0,-145.0|145.0,14.0,False,FAIL,CENTER_NOMINAL_LT_4|CENTER_RESIDUAL_LT_2|BELT_NOMINAL_LT_14|BELT_RESIDUAL_LT_8|PULLEY_NOMINAL_LT_13_5|PULLEY_RESIDUAL_LT_10
G-IN1.00-P05.50-OUT08.00,0.5,1,,C/C,O/O,1.0,5.5,8.0,15.0,52.5,95.5,1.0,-1.0,12.5,6.5,18.0,12.0,13.0,9.5,18.5,15.0,35.0,PASS_95X140X5_REFERENCE,12.0,138.5,144.5,290.0,-145.0|145.0,14.5,False,FAIL,CENTER_NOMINAL_LT_4|CENTER_RESIDUAL_LT_2|BELT_NOMINAL_LT_14|BELT_RESIDUAL_LT_8|PULLEY_NOMINAL_LT_13_5|PULLEY_RESIDUAL_LT_10
G-IN1.00-P05.50-OUT08.50,0.5,1,,C/C,O/O,1.0,5.5,8.5,15.0,52.5,96.0,1.0,-1.0,12.5,6.5,18.5,12.5,13.0,9.5,19.0,15.5,34.5,PASS_95X140X5_REFERENCE,12.0,138.5,144.5,290.0,-145.0|145.0,15.0,False,FAIL,CENTER_NOMINAL_LT_4|CENTER_RESIDUAL_LT_2|BELT_NOMINAL_LT_14|BELT_RESIDUAL_LT_8|PULLEY_NOMINAL_LT_13_5|PULLEY_RESIDUAL_LT_10
G-IN1.00-P05.50-OUT09.00,0.5,1,,C/C,O/O,1.0,5.5,9.0,15.0,52.5,96.5,1.0,-1.0,12.5,6.5,19.0,13.0,13.0,9.5,19.5,16.0,34.0,PASS_95X140X5_REFERENCE,12.0,138.5,144.5,290.0,-145.0|145.0,15.5,False,FAIL,CENTER_NOMINAL_LT_4|CENTER_RESIDUAL_LT_2|BELT_NOMINAL_LT_14|BELT_RESIDUAL_LT_8|PULLEY_NOMINAL_LT_13_5|PULLEY_RESIDUAL_LT_10
G-IN1.00-P05.50-OUT09.50,0.5,1,,C/C,O/O,1.0,5.5,9.5,15.0,52.5,97.0,1.0,-1.0,12.5,6.5,19.5,13.5,13.0,9.5,20.0,16.5,33.5,PASS_95X140X5_REFERENCE,12.0,138.5,144.5,290.0,-145.0|145.0,16.0,False,FAIL,CENTER_NOMINAL_LT_4|CENTER_RESIDUAL_LT_2|BELT_NOMINAL_LT_14|BELT_RESIDUAL_LT_8|PULLEY_NOMINAL_LT_13_5|PULLEY_RESIDUAL_LT_10
G-IN1.00-P05.50-OUT10.00,0.5,1,,C/C,O/O,1.0,5.5,10.0,15.0,52.5,97.5,1.0,-1.0,12.5,6.5,20.0,14.0,13.0,9.5,20.5,17.0,33.0,PASS_95X140X5_REFERENCE,12.0,138.5,144.5,290.0,-145.0|145.0,16.5,False,FAIL,CENTER_NOMINAL_LT_4|CENTER_RESIDUAL_LT_2|BELT_NOMINAL_LT_14|BELT_RESIDUAL_LT_8|PULLEY_NOMINAL_LT_13_5|PULLEY_RESIDUAL_LT_10
G-IN1.00-P06.00-OUT03.00,0.5,1,,C/C,O/O,1.0,6.0,3.0,15.0,53.0,90.5,1.0,-1.0,13.0,7.0,12.5,6.5,13.5,10.0,13.0,9.5,40.0,PASS_95X140X5_REFERENCE,12.0,138.5,144.5,290.0,-145.0|145.0,10.0,False,FAIL,CENTER_NOMINAL_LT_4|CENTER_RESIDUAL_LT_2|BELT_NOMINAL_LT_14|BELT_RESIDUAL_LT_8|PULLEY_NOMINAL_LT_13_5|PULLEY_RESIDUAL_LT_10
G-IN1.00-P06.00-OUT03.50,0.5,1,,C/C,O/O,1.0,6.0,3.5,15.0,53.0,91.0,1.0,-1.0,13.0,7.0,13.0,7.0,13.5,10.0,13.5,10.0,39.5,PASS_95X140X5_REFERENCE,12.0,138.5,144.5,290.0,-145.0|145.0,10.5,False,FAIL,CENTER_NOMINAL_LT_4|CENTER_RESIDUAL_LT_2|BELT_NOMINAL_LT_14|BELT_RESIDUAL_LT_8
G-IN1.00-P06.00-OUT04.00,0.5,1,,C/C,O/O,1.0,6.0,4.0,15.0,53.0,91.5,1.0,-1.0,13.0,7.0,13.5,7.5,13.5,10.0,14.0,10.5,39.0,PASS_95X140X5_REFERENCE,12.0,138.5,144.5,290.0,-145.0|145.0,11.0,False,FAIL,CENTER_NOMINAL_LT_4|CENTER_RESIDUAL_LT_2|BELT_NOMINAL_LT_14|BELT_RESIDUAL_LT_8
G-IN1.00-P06.00-OUT04.50,0.5,1,,C/C,O/O,1.0,6.0,4.5,15.0,53.0,92.0,1.0,-1.0,13.0,7.0,14.0,8.0,13.5,10.0,14.5,11.0,38.5,PASS_95X140X5_REFERENCE,12.0,138.5,144.5,290.0,-145.0|145.0,11.5,False,FAIL,CENTER_NOMINAL_LT_4|CENTER_RESIDUAL_LT_2|BELT_NOMINAL_LT_14|BELT_RESIDUAL_LT_8
G-IN1.00-P06.00-OUT05.00,0.5,1,,C/C,O/O,1.0,6.0,5.0,15.0,53.0,92.5,1.0,-1.0,13.0,7.0,14.5,8.5,13.5,10.0,15.0,11.5,38.0,PASS_95X140X5_REFERENCE,12.0,138.5,144.5,290.0,-145.0|145.0,12.0,False,FAIL,CENTER_NOMINAL_LT_4|CENTER_RESIDUAL_LT_2|BELT_NOMINAL_LT_14|BELT_RESIDUAL_LT_8
G-IN1.00-P06.00-OUT05.50,0.5,1,,C/C,O/O,1.0,6.0,5.5,15.0,53.0,93.0,1.0,-1.0,13.0,7.0,15.0,9.0,13.5,10.0,15.5,12.0,37.5,PASS_95X140X5_REFERENCE,12.0,138.5,144.5,290.0,-145.0|145.0,12.5,False,FAIL,CENTER_NOMINAL_LT_4|CENTER_RESIDUAL_LT_2|BELT_NOMINAL_LT_14|BELT_RESIDUAL_LT_8
G-IN1.00-P06.00-OUT06.00,0.5,1,,C/C,O/O,1.0,6.0,6.0,15.0,53.0,93.5,1.0,-1.0,13.0,7.0,15.5,9.5,13.5,10.0,16.0,12.5,37.0,PASS_95X140X5_REFERENCE,12.0,138.5,144.5,290.0,-145.0|145.0,13.0,False,FAIL,CENTER_NOMINAL_LT_4|CENTER_RESIDUAL_LT_2|BELT_NOMINAL_LT_14|BELT_RESIDUAL_LT_8
G-IN1.00-P06.00-OUT06.50,0.5,1,,C/C,O/O,1.0,6.0,6.5,15.0,53.0,94.0,1.0,-1.0,13.0,7.0,16.0,10.0,13.5,10.0,16.5,13.0,36.5,PASS_95X140X5_REFERENCE,12.0,138.5,144.5,290.0,-145.0|145.0,13.5,False,FAIL,CENTER_NOMINAL_LT_4|CENTER_RESIDUAL_LT_2|BELT_NOMINAL_LT_14|BELT_RESIDUAL_LT_8
G-IN1.00-P06.00-OUT07.00,0.5,1,,C/C,O/O,1.0,6.0,7.0,15.0,53.0,94.5,1.0,-1.0,13.0,7.0,16.5,10.5,13.5,10.0,17.0,13.5,36.0,PASS_95X140X5_REFERENCE,12.0,138.5,144.5,290.0,-145.0|145.0,14.0,False,FAIL,CENTER_NOMINAL_LT_4|CENTER_RESIDUAL_LT_2|BELT_NOMINAL_LT_14|BELT_RESIDUAL_LT_8
G-IN1.00-P06.00-OUT07.50,0.5,1,,C/C,O/O,1.0,6.0,7.5,15.0,53.0,95.0,1.0,-1.0,13.0,7.0,17.0,11.0,13.5,10.0,17.5,14.0,35.5,PASS_95X140X5_REFERENCE,12.0,138.5,144.5,290.0,-145.0|145.0,14.5,False,FAIL,CENTER_NOMINAL_LT_4|CENTER_RESIDUAL_LT_2|BELT_NOMINAL_LT_14|BELT_RESIDUAL_LT_8
G-IN1.00-P06.00-OUT08.00,0.5,1,,C/C,O/O,1.0,6.0,8.0,15.0,53.0,95.5,1.0,-1.0,13.0,7.0,17.5,11.5,13.5,10.0,18.0,14.5,35.0,PASS_95X140X5_REFERENCE,12.0,138.5,144.5,290.0,-145.0|145.0,15.0,False,FAIL,CENTER_NOMINAL_LT_4|CENTER_RESIDUAL_LT_2|BELT_NOMINAL_LT_14|BELT_RESIDUAL_LT_8
G-IN1.00-P06.00-OUT08.50,0.5,1,,C/C,O/O,1.0,6.0,8.5,15.0,53.0,96.0,1.0,-1.0,13.0,7.0,18.0,12.0,13.5,10.0,18.5,15.0,34.5,PASS_95X140X5_REFERENCE,12.0,138.5,144.5,290.0,-145.0|145.0,15.5,False,FAIL,CENTER_NOMINAL_LT_4|CENTER_RESIDUAL_LT_2|BELT_NOMINAL_LT_14|BELT_RESIDUAL_LT_8
G-IN1.00-P06.00-OUT09.00,0.5,1,,C/C,O/O,1.0,6.0,9.0,15.0,53.0,96.5,1.0,-1.0,13.0,7.0,18.5,12.5,13.5,10.0,19.0,15.5,34.0,PASS_95X140X5_REFERENCE,12.0,138.5,144.5,290.0,-145.0|145.0,16.0,False,FAIL,CENTER_NOMINAL_LT_4|CENTER_RESIDUAL_LT_2|BELT_NOMINAL_LT_14|BELT_RESIDUAL_LT_8
G-IN1.00-P06.00-OUT09.50,0.5,1,,C/C,O/O,1.0,6.0,9.5,15.0,53.0,97.0,1.0,-1.0,13.0,7.0,19.0,13.0,13.5,10.0,19.5,16.0,33.5,PASS_95X140X5_REFERENCE,12.0,138.5,144.5,290.0,-145.0|145.0,16.5,False,FAIL,CENTER_NOMINAL_LT_4|CENTER_RESIDUAL_LT_2|BELT_NOMINAL_LT_14|BELT_RESIDUAL_LT_8
G-IN1.00-P06.00-OUT10.00,0.5,1,,C/C,O/O,1.0,6.0,10.0,15.0,53.0,97.5,1.0,-1.0,13.0,7.0,19.5,13.5,13.5,10.0,20.0,16.5,33.0,PASS_95X140X5_REFERENCE,12.0,138.5,144.5,290.0,-145.0|145.0,17.0,False,FAIL,CENTER_NOMINAL_LT_4|CENTER_RESIDUAL_LT_2|BELT_NOMINAL_LT_14|BELT_RESIDUAL_LT_8
G-IN1.00-P06.50-OUT03.00,0.5,1,,C/C,O/O,1.0,6.5,3.0,15.0,53.5,90.5,1.0,-1.0,13.5,7.5,12.0,6.0,14.0,10.5,12.5,9.0,40.0,PASS_95X140X5_REFERENCE,12.0,138.5,144.5,290.0,-145.0|145.0,10.5,False,FAIL,CENTER_NOMINAL_LT_4|CENTER_RESIDUAL_LT_2|BELT_NOMINAL_LT_14|BELT_RESIDUAL_LT_8|PULLEY_NOMINAL_LT_13_5|PULLEY_RESIDUAL_LT_10
G-IN1.00-P06.50-OUT03.50,0.5,1,,C/C,O/O,1.0,6.5,3.5,15.0,53.5,91.0,1.0,-1.0,13.5,7.5,12.5,6.5,14.0,10.5,13.0,9.5,39.5,PASS_95X140X5_REFERENCE,12.0,138.5,144.5,290.0,-145.0|145.0,11.0,False,FAIL,CENTER_NOMINAL_LT_4|CENTER_RESIDUAL_LT_2|BELT_NOMINAL_LT_14|BELT_RESIDUAL_LT_8|PULLEY_NOMINAL_LT_13_5|PULLEY_RESIDUAL_LT_10
G-IN1.00-P06.50-OUT04.00,0.5,1,,C/C,O/O,1.0,6.5,4.0,15.0,53.5,91.5,1.0,-1.0,13.5,7.5,13.0,7.0,14.0,10.5,13.5,10.0,39.0,PASS_95X140X5_REFERENCE,12.0,138.5,144.5,290.0,-145.0|145.0,11.5,False,FAIL,CENTER_NOMINAL_LT_4|CENTER_RESIDUAL_LT_2|BELT_NOMINAL_LT_14|BELT_RESIDUAL_LT_8
G-IN1.00-P06.50-OUT04.50,0.5,1,,C/C,O/O,1.0,6.5,4.5,15.0,53.5,92.0,1.0,-1.0,13.5,7.5,13.5,7.5,14.0,10.5,14.0,10.5,38.5,PASS_95X140X5_REFERENCE,12.0,138.5,144.5,290.0,-145.0|145.0,12.0,False,FAIL,CENTER_NOMINAL_LT_4|CENTER_RESIDUAL_LT_2|BELT_NOMINAL_LT_14|BELT_RESIDUAL_LT_8
G-IN1.00-P06.50-OUT05.00,0.5,1,,C/C,O/O,1.0,6.5,5.0,15.0,53.5,92.5,1.0,-1.0,13.5,7.5,14.0,8.0,14.0,10.5,14.5,11.0,38.0,PASS_95X140X5_REFERENCE,12.0,138.5,144.5,290.0,-145.0|145.0,12.5,False,FAIL,CENTER_NOMINAL_LT_4|CENTER_RESIDUAL_LT_2|BELT_NOMINAL_LT_14|BELT_RESIDUAL_LT_8
G-IN1.00-P06.50-OUT05.50,0.5,1,,C/C,O/O,1.0,6.5,5.5,15.0,53.5,93.0,1.0,-1.0,13.5,7.5,14.5,8.5,14.0,10.5,15.0,11.5,37.5,PASS_95X140X5_REFERENCE,12.0,138.5,144.5,290.0,-145.0|145.0,13.0,False,FAIL,CENTER_NOMINAL_LT_4|CENTER_RESIDUAL_LT_2|BELT_NOMINAL_LT_14|BELT_RESIDUAL_LT_8
G-IN1.00-P06.50-OUT06.00,0.5,1,,C/C,O/O,1.0,6.5,6.0,15.0,53.5,93.5,1.0,-1.0,13.5,7.5,15.0,9.0,14.0,10.5,15.5,12.0,37.0,PASS_95X140X5_REFERENCE,12.0,138.5,144.5,290.0,-145.0|145.0,13.5,False,FAIL,CENTER_NOMINAL_LT_4|CENTER_RESIDUAL_LT_2|BELT_NOMINAL_LT_14|BELT_RESIDUAL_LT_8
G-IN1.00-P06.50-OUT06.50,0.5,1,,C/C,O/O,1.0,6.5,6.5,15.0,53.5,94.0,1.0,-1.0,13.5,7.5,15.5,9.5,14.0,10.5,16.0,12.5,36.5,PASS_95X140X5_REFERENCE,12.0,138.5,144.5,290.0,-145.0|145.0,14.0,False,FAIL,CENTER_NOMINAL_LT_4|CENTER_RESIDUAL_LT_2|BELT_NOMINAL_LT_14|BELT_RESIDUAL_LT_8
G-IN1.00-P06.50-OUT07.00,0.5,1,,C/C,O/O,1.0,6.5,7.0,15.0,53.5,94.5,1.0,-1.0,13.5,7.5,16.0,10.0,14.0,10.5,16.5,13.0,36.0,PASS_95X140X5_REFERENCE,12.0,138.5,144.5,290.0,-145.0|145.0,14.5,False,FAIL,CENTER_NOMINAL_LT_4|CENTER_RESIDUAL_LT_2|BELT_NOMINAL_LT_14|BELT_RESIDUAL_LT_8
G-IN1.00-P06.50-OUT07.50,0.5,1,,C/C,O/O,1.0,6.5,7.5,15.0,53.5,95.0,1.0,-1.0,13.5,7.5,16.5,10.5,14.0,10.5,17.0,13.5,35.5,PASS_95X140X5_REFERENCE,12.0,138.5,144.5,290.0,-145.0|145.0,15.0,False,FAIL,CENTER_NOMINAL_LT_4|CENTER_RESIDUAL_LT_2|BELT_NOMINAL_LT_14|BELT_RESIDUAL_LT_8
G-IN1.00-P06.50-OUT08.00,0.5,1,,C/C,O/O,1.0,6.5,8.0,15.0,53.5,95.5,1.0,-1.0,13.5,7.5,17.0,11.0,14.0,10.5,17.5,14.0,35.0,PASS_95X140X5_REFERENCE,12.0,138.5,144.5,290.0,-145.0|145.0,15.5,False,FAIL,CENTER_NOMINAL_LT_4|CENTER_RESIDUAL_LT_2|BELT_NOMINAL_LT_14|BELT_RESIDUAL_LT_8
G-IN1.00-P06.50-OUT08.50,0.5,1,,C/C,O/O,1.0,6.5,8.5,15.0,53.5,96.0,1.0,-1.0,13.5,7.5,17.5,11.5,14.0,10.5,18.0,14.5,34.5,PASS_95X140X5_REFERENCE,12.0,138.5,144.5,290.0,-145.0|145.0,16.0,False,FAIL,CENTER_NOMINAL_LT_4|CENTER_RESIDUAL_LT_2|BELT_NOMINAL_LT_14|BELT_RESIDUAL_LT_8
G-IN1.00-P06.50-OUT09.00,0.5,1,,C/C,O/O,1.0,6.5,9.0,15.0,53.5,96.5,1.0,-1.0,13.5,7.5,18.0,12.0,14.0,10.5,18.5,15.0,34.0,PASS_95X140X5_REFERENCE,12.0,138.5,144.5,290.0,-145.0|145.0,16.5,False,FAIL,CENTER_NOMINAL_LT_4|CENTER_RESIDUAL_LT_2|BELT_NOMINAL_LT_14|BELT_RESIDUAL_LT_8
G-IN1.00-P06.50-OUT09.50,0.5,1,,C/C,O/O,1.0,6.5,9.5,15.0,53.5,97.0,1.0,-1.0,13.5,7.5,18.5,12.5,14.0,10.5,19.0,15.5,33.5,PASS_95X140X5_REFERENCE,12.0,138.5,144.5,290.0,-145.0|145.0,17.0,False,FAIL,CENTER_NOMINAL_LT_4|CENTER_RESIDUAL_LT_2|BELT_NOMINAL_LT_14|BELT_RESIDUAL_LT_8
G-IN1.00-P06.50-OUT10.00,0.5,1,,C/C,O/O,1.0,6.5,10.0,15.0,53.5,97.5,1.0,-1.0,13.5,7.5,19.0,13.0,14.0,10.5,19.5,16.0,33.0,PASS_95X140X5_REFERENCE,12.0,138.5,144.5,290.0,-145.0|145.0,17.5,False,FAIL,CENTER_NOMINAL_LT_4|CENTER_RESIDUAL_LT_2|BELT_NOMINAL_LT_14|BELT_RESIDUAL_LT_8
G-IN1.00-P07.00-OUT03.00,0.5,1,,C/C,O/O,1.0,7.0,3.0,15.0,54.0,90.5,1.0,-1.0,14.0,8.0,11.5,5.5,14.5,11.0,12.0,8.5,40.0,PASS_95X140X5_REFERENCE,12.0,138.5,144.5,290.0,-145.0|145.0,11.0,False,FAIL,CENTER_NOMINAL_LT_4|CENTER_RESIDUAL_LT_2|BELT_NOMINAL_LT_14|BELT_RESIDUAL_LT_8|PULLEY_NOMINAL_LT_13_5|PULLEY_RESIDUAL_LT_10
G-IN1.00-P07.00-OUT03.50,0.5,1,,C/C,O/O,1.0,7.0,3.5,15.0,54.0,91.0,1.0,-1.0,14.0,8.0,12.0,6.0,14.5,11.0,12.5,9.0,39.5,PASS_95X140X5_REFERENCE,12.0,138.5,144.5,290.0,-145.0|145.0,11.5,False,FAIL,CENTER_NOMINAL_LT_4|CENTER_RESIDUAL_LT_2|BELT_NOMINAL_LT_14|BELT_RESIDUAL_LT_8|PULLEY_NOMINAL_LT_13_5|PULLEY_RESIDUAL_LT_10
G-IN1.00-P07.00-OUT04.00,0.5,1,,C/C,O/O,1.0,7.0,4.0,15.0,54.0,91.5,1.0,-1.0,14.0,8.0,12.5,6.5,14.5,11.0,13.0,9.5,39.0,PASS_95X140X5_REFERENCE,12.0,138.5,144.5,290.0,-145.0|145.0,12.0,False,FAIL,CENTER_NOMINAL_LT_4|CENTER_RESIDUAL_LT_2|BELT_NOMINAL_LT_14|BELT_RESIDUAL_LT_8|PULLEY_NOMINAL_LT_13_5|PULLEY_RESIDUAL_LT_10
G-IN1.00-P07.00-OUT04.50,0.5,1,,C/C,O/O,1.0,7.0,4.5,15.0,54.0,92.0,1.0,-1.0,14.0,8.0,13.0,7.0,14.5,11.0,13.5,10.0,38.5,PASS_95X140X5_REFERENCE,12.0,138.5,144.5,290.0,-145.0|145.0,12.5,False,FAIL,CENTER_NOMINAL_LT_4|CENTER_RESIDUAL_LT_2|BELT_NOMINAL_LT_14|BELT_RESIDUAL_LT_8
G-IN1.00-P07.00-OUT05.00,0.5,1,,C/C,O/O,1.0,7.0,5.0,15.0,54.0,92.5,1.0,-1.0,14.0,8.0,13.5,7.5,14.5,11.0,14.0,10.5,38.0,PASS_95X140X5_REFERENCE,12.0,138.5,144.5,290.0,-145.0|145.0,13.0,False,FAIL,CENTER_NOMINAL_LT_4|CENTER_RESIDUAL_LT_2|BELT_NOMINAL_LT_14|BELT_RESIDUAL_LT_8
G-IN1.00-P07.00-OUT05.50,0.5,1,,C/C,O/O,1.0,7.0,5.5,15.0,54.0,93.0,1.0,-1.0,14.0,8.0,14.0,8.0,14.5,11.0,14.5,11.0,37.5,PASS_95X140X5_REFERENCE,12.0,138.5,144.5,290.0,-145.0|145.0,13.5,False,FAIL,CENTER_NOMINAL_LT_4|CENTER_RESIDUAL_LT_2
G-IN1.00-P07.00-OUT06.00,0.5,1,,C/C,O/O,1.0,7.0,6.0,15.0,54.0,93.5,1.0,-1.0,14.0,8.0,14.5,8.5,14.5,11.0,15.0,11.5,37.0,PASS_95X140X5_REFERENCE,12.0,138.5,144.5,290.0,-145.0|145.0,14.0,False,FAIL,CENTER_NOMINAL_LT_4|CENTER_RESIDUAL_LT_2
G-IN1.00-P07.00-OUT06.50,0.5,1,,C/C,O/O,1.0,7.0,6.5,15.0,54.0,94.0,1.0,-1.0,14.0,8.0,15.0,9.0,14.5,11.0,15.5,12.0,36.5,PASS_95X140X5_REFERENCE,12.0,138.5,144.5,290.0,-145.0|145.0,14.5,False,FAIL,CENTER_NOMINAL_LT_4|CENTER_RESIDUAL_LT_2
G-IN1.00-P07.00-OUT07.00,0.5,1,,C/C,O/O,1.0,7.0,7.0,15.0,54.0,94.5,1.0,-1.0,14.0,8.0,15.5,9.5,14.5,11.0,16.0,12.5,36.0,PASS_95X140X5_REFERENCE,12.0,138.5,144.5,290.0,-145.0|145.0,15.0,False,FAIL,CENTER_NOMINAL_LT_4|CENTER_RESIDUAL_LT_2
G-IN1.00-P07.00-OUT07.50,0.5,1,,C/C,O/O,1.0,7.0,7.5,15.0,54.0,95.0,1.0,-1.0,14.0,8.0,16.0,10.0,14.5,11.0,16.5,13.0,35.5,PASS_95X140X5_REFERENCE,12.0,138.5,144.5,290.0,-145.0|145.0,15.5,False,FAIL,CENTER_NOMINAL_LT_4|CENTER_RESIDUAL_LT_2
G-IN1.00-P07.00-OUT08.00,0.5,1,,C/C,O/O,1.0,7.0,8.0,15.0,54.0,95.5,1.0,-1.0,14.0,8.0,16.5,10.5,14.5,11.0,17.0,13.5,35.0,PASS_95X140X5_REFERENCE,12.0,138.5,144.5,290.0,-145.0|145.0,16.0,False,FAIL,CENTER_NOMINAL_LT_4|CENTER_RESIDUAL_LT_2
G-IN1.00-P07.00-OUT08.50,0.5,1,,C/C,O/O,1.0,7.0,8.5,15.0,54.0,96.0,1.0,-1.0,14.0,8.0,17.0,11.0,14.5,11.0,17.5,14.0,34.5,PASS_95X140X5_REFERENCE,12.0,138.5,144.5,290.0,-145.0|145.0,16.5,False,FAIL,CENTER_NOMINAL_LT_4|CENTER_RESIDUAL_LT_2
G-IN1.00-P07.00-OUT09.00,0.5,1,,C/C,O/O,1.0,7.0,9.0,15.0,54.0,96.5,1.0,-1.0,14.0,8.0,17.5,11.5,14.5,11.0,18.0,14.5,34.0,PASS_95X140X5_REFERENCE,12.0,138.5,144.5,290.0,-145.0|145.0,17.0,False,FAIL,CENTER_NOMINAL_LT_4|CENTER_RESIDUAL_LT_2
G-IN1.00-P07.00-OUT09.50,0.5,1,,C/C,O/O,1.0,7.0,9.5,15.0,54.0,97.0,1.0,-1.0,14.0,8.0,18.0,12.0,14.5,11.0,18.5,15.0,33.5,PASS_95X140X5_REFERENCE,12.0,138.5,144.5,290.0,-145.0|145.0,17.5,False,FAIL,CENTER_NOMINAL_LT_4|CENTER_RESIDUAL_LT_2
G-IN1.00-P07.00-OUT10.00,0.5,1,,C/C,O/O,1.0,7.0,10.0,15.0,54.0,97.5,1.0,-1.0,14.0,8.0,18.5,12.5,14.5,11.0,19.0,15.5,33.0,PASS_95X140X5_REFERENCE,12.0,138.5,144.5,290.0,-145.0|145.0,18.0,False,FAIL,CENTER_NOMINAL_LT_4|CENTER_RESIDUAL_LT_2
G-IN1.00-P07.50-OUT03.00,0.5,1,,C/C,O/O,1.0,7.5,3.0,15.0,54.5,90.5,1.0,-1.0,14.5,8.5,11.0,5.0,15.0,11.5,11.5,8.0,40.0,PASS_95X140X5_REFERENCE,12.0,138.5,144.5,290.0,-145.0|145.0,11.5,False,FAIL,CENTER_NOMINAL_LT_4|CENTER_RESIDUAL_LT_2|BELT_NOMINAL_LT_14|BELT_RESIDUAL_LT_8|PULLEY_NOMINAL_LT_13_5|PULLEY_RESIDUAL_LT_10
G-IN1.00-P07.50-OUT03.50,0.5,1,,C/C,O/O,1.0,7.5,3.5,15.0,54.5,91.0,1.0,-1.0,14.5,8.5,11.5,5.5,15.0,11.5,12.0,8.5,39.5,PASS_95X140X5_REFERENCE,12.0,138.5,144.5,290.0,-145.0|145.0,12.0,False,FAIL,CENTER_NOMINAL_LT_4|CENTER_RESIDUAL_LT_2|BELT_NOMINAL_LT_14|BELT_RESIDUAL_LT_8|PULLEY_NOMINAL_LT_13_5|PULLEY_RESIDUAL_LT_10
G-IN1.00-P07.50-OUT04.00,0.5,1,,C/C,O/O,1.0,7.5,4.0,15.0,54.5,91.5,1.0,-1.0,14.5,8.5,12.0,6.0,15.0,11.5,12.5,9.0,39.0,PASS_95X140X5_REFERENCE,12.0,138.5,144.5,290.0,-145.0|145.0,12.5,False,FAIL,CENTER_NOMINAL_LT_4|CENTER_RESIDUAL_LT_2|BELT_NOMINAL_LT_14|BELT_RESIDUAL_LT_8|PULLEY_NOMINAL_LT_13_5|PULLEY_RESIDUAL_LT_10
G-IN1.00-P07.50-OUT04.50,0.5,1,,C/C,O/O,1.0,7.5,4.5,15.0,54.5,92.0,1.0,-1.0,14.5,8.5,12.5,6.5,15.0,11.5,13.0,9.5,38.5,PASS_95X140X5_REFERENCE,12.0,138.5,144.5,290.0,-145.0|145.0,13.0,False,FAIL,CENTER_NOMINAL_LT_4|CENTER_RESIDUAL_LT_2|BELT_NOMINAL_LT_14|BELT_RESIDUAL_LT_8|PULLEY_NOMINAL_LT_13_5|PULLEY_RESIDUAL_LT_10
G-IN1.00-P07.50-OUT05.00,0.5,1,,C/C,O/O,1.0,7.5,5.0,15.0,54.5,92.5,1.0,-1.0,14.5,8.5,13.0,7.0,15.0,11.5,13.5,10.0,38.0,PASS_95X140X5_REFERENCE,12.0,138.5,144.5,290.0,-145.0|145.0,13.5,False,FAIL,CENTER_NOMINAL_LT_4|CENTER_RESIDUAL_LT_2|BELT_NOMINAL_LT_14|BELT_RESIDUAL_LT_8
G-IN1.00-P07.50-OUT05.50,0.5,1,,C/C,O/O,1.0,7.5,5.5,15.0,54.5,93.0,1.0,-1.0,14.5,8.5,13.5,7.5,15.0,11.5,14.0,10.5,37.5,PASS_95X140X5_REFERENCE,12.0,138.5,144.5,290.0,-145.0|145.0,14.0,False,FAIL,CENTER_NOMINAL_LT_4|CENTER_RESIDUAL_LT_2|BELT_NOMINAL_LT_14|BELT_RESIDUAL_LT_8
G-IN1.00-P07.50-OUT06.00,0.5,1,,C/C,O/O,1.0,7.5,6.0,15.0,54.5,93.5,1.0,-1.0,14.5,8.5,14.0,8.0,15.0,11.5,14.5,11.0,37.0,PASS_95X140X5_REFERENCE,12.0,138.5,144.5,290.0,-145.0|145.0,14.5,False,FAIL,CENTER_NOMINAL_LT_4|CENTER_RESIDUAL_LT_2
G-IN1.00-P07.50-OUT06.50,0.5,1,,C/C,O/O,1.0,7.5,6.5,15.0,54.5,94.0,1.0,-1.0,14.5,8.5,14.5,8.5,15.0,11.5,15.0,11.5,36.5,PASS_95X140X5_REFERENCE,12.0,138.5,144.5,290.0,-145.0|145.0,15.0,False,FAIL,CENTER_NOMINAL_LT_4|CENTER_RESIDUAL_LT_2
G-IN1.00-P07.50-OUT07.00,0.5,1,,C/C,O/O,1.0,7.5,7.0,15.0,54.5,94.5,1.0,-1.0,14.5,8.5,15.0,9.0,15.0,11.5,15.5,12.0,36.0,PASS_95X140X5_REFERENCE,12.0,138.5,144.5,290.0,-145.0|145.0,15.5,False,FAIL,CENTER_NOMINAL_LT_4|CENTER_RESIDUAL_LT_2
G-IN1.00-P07.50-OUT07.50,0.5,1,,C/C,O/O,1.0,7.5,7.5,15.0,54.5,95.0,1.0,-1.0,14.5,8.5,15.5,9.5,15.0,11.5,16.0,12.5,35.5,PASS_95X140X5_REFERENCE,12.0,138.5,144.5,290.0,-145.0|145.0,16.0,False,FAIL,CENTER_NOMINAL_LT_4|CENTER_RESIDUAL_LT_2
G-IN1.00-P07.50-OUT08.00,0.5,1,,C/C,O/O,1.0,7.5,8.0,15.0,54.5,95.5,1.0,-1.0,14.5,8.5,16.0,10.0,15.0,11.5,16.5,13.0,35.0,PASS_95X140X5_REFERENCE,12.0,138.5,144.5,290.0,-145.0|145.0,16.5,False,FAIL,CENTER_NOMINAL_LT_4|CENTER_RESIDUAL_LT_2
G-IN1.00-P07.50-OUT08.50,0.5,1,,C/C,O/O,1.0,7.5,8.5,15.0,54.5,96.0,1.0,-1.0,14.5,8.5,16.5,10.5,15.0,11.5,17.0,13.5,34.5,PASS_95X140X5_REFERENCE,12.0,138.5,144.5,290.0,-145.0|145.0,17.0,False,FAIL,CENTER_NOMINAL_LT_4|CENTER_RESIDUAL_LT_2
G-IN1.00-P07.50-OUT09.00,0.5,1,,C/C,O/O,1.0,7.5,9.0,15.0,54.5,96.5,1.0,-1.0,14.5,8.5,17.0,11.0,15.0,11.5,17.5,14.0,34.0,PASS_95X140X5_REFERENCE,12.0,138.5,144.5,290.0,-145.0|145.0,17.5,False,FAIL,CENTER_NOMINAL_LT_4|CENTER_RESIDUAL_LT_2
G-IN1.00-P07.50-OUT09.50,0.5,1,,C/C,O/O,1.0,7.5,9.5,15.0,54.5,97.0,1.0,-1.0,14.5,8.5,17.5,11.5,15.0,11.5,18.0,14.5,33.5,PASS_95X140X5_REFERENCE,12.0,138.5,144.5,290.0,-145.0|145.0,18.0,False,FAIL,CENTER_NOMINAL_LT_4|CENTER_RESIDUAL_LT_2
G-IN1.00-P07.50-OUT10.00,0.5,1,,C/C,O/O,1.0,7.5,10.0,15.0,54.5,97.5,1.0,-1.0,14.5,8.5,18.0,12.0,15.0,11.5,18.5,15.0,33.0,PASS_95X140X5_REFERENCE,12.0,138.5,144.5,290.0,-145.0|145.0,18.5,False,FAIL,CENTER_NOMINAL_LT_4|CENTER_RESIDUAL_LT_2
G-IN1.00-P08.00-OUT03.00,0.5,1,,C/C,O/O,1.0,8.0,3.0,15.0,55.0,90.5,1.0,-1.0,15.0,9.0,10.5,4.5,15.5,12.0,11.0,7.5,40.0,PASS_95X140X5_REFERENCE,12.0,138.5,144.5,290.0,-145.0|145.0,12.0,False,FAIL,CENTER_NOMINAL_LT_4|CENTER_RESIDUAL_LT_2|BELT_NOMINAL_LT_14|BELT_RESIDUAL_LT_8|PULLEY_NOMINAL_LT_13_5|PULLEY_RESIDUAL_LT_10
G-IN1.00-P08.00-OUT03.50,0.5,1,,C/C,O/O,1.0,8.0,3.5,15.0,55.0,91.0,1.0,-1.0,15.0,9.0,11.0,5.0,15.5,12.0,11.5,8.0,39.5,PASS_95X140X5_REFERENCE,12.0,138.5,144.5,290.0,-145.0|145.0,12.5,False,FAIL,CENTER_NOMINAL_LT_4|CENTER_RESIDUAL_LT_2|BELT_NOMINAL_LT_14|BELT_RESIDUAL_LT_8|PULLEY_NOMINAL_LT_13_5|PULLEY_RESIDUAL_LT_10
G-IN1.00-P08.00-OUT04.00,0.5,1,,C/C,O/O,1.0,8.0,4.0,15.0,55.0,91.5,1.0,-1.0,15.0,9.0,11.5,5.5,15.5,12.0,12.0,8.5,39.0,PASS_95X140X5_REFERENCE,12.0,138.5,144.5,290.0,-145.0|145.0,13.0,False,FAIL,CENTER_NOMINAL_LT_4|CENTER_RESIDUAL_LT_2|BELT_NOMINAL_LT_14|BELT_RESIDUAL_LT_8|PULLEY_NOMINAL_LT_13_5|PULLEY_RESIDUAL_LT_10
G-IN1.00-P08.00-OUT04.50,0.5,1,,C/C,O/O,1.0,8.0,4.5,15.0,55.0,92.0,1.0,-1.0,15.0,9.0,12.0,6.0,15.5,12.0,12.5,9.0,38.5,PASS_95X140X5_REFERENCE,12.0,138.5,144.5,290.0,-145.0|145.0,13.5,False,FAIL,CENTER_NOMINAL_LT_4|CENTER_RESIDUAL_LT_2|BELT_NOMINAL_LT_14|BELT_RESIDUAL_LT_8|PULLEY_NOMINAL_LT_13_5|PULLEY_RESIDUAL_LT_10
G-IN1.00-P08.00-OUT05.00,0.5,1,,C/C,O/O,1.0,8.0,5.0,15.0,55.0,92.5,1.0,-1.0,15.0,9.0,12.5,6.5,15.5,12.0,13.0,9.5,38.0,PASS_95X140X5_REFERENCE,12.0,138.5,144.5,290.0,-145.0|145.0,14.0,False,FAIL,CENTER_NOMINAL_LT_4|CENTER_RESIDUAL_LT_2|BELT_NOMINAL_LT_14|BELT_RESIDUAL_LT_8|PULLEY_NOMINAL_LT_13_5|PULLEY_RESIDUAL_LT_10
G-IN1.00-P08.00-OUT05.50,0.5,1,,C/C,O/O,1.0,8.0,5.5,15.0,55.0,93.0,1.0,-1.0,15.0,9.0,13.0,7.0,15.5,12.0,13.5,10.0,37.5,PASS_95X140X5_REFERENCE,12.0,138.5,144.5,290.0,-145.0|145.0,14.5,False,FAIL,CENTER_NOMINAL_LT_4|CENTER_RESIDUAL_LT_2|BELT_NOMINAL_LT_14|BELT_RESIDUAL_LT_8
G-IN1.00-P08.00-OUT06.00,0.5,1,,C/C,O/O,1.0,8.0,6.0,15.0,55.0,93.5,1.0,-1.0,15.0,9.0,13.5,7.5,15.5,12.0,14.0,10.5,37.0,PASS_95X140X5_REFERENCE,12.0,138.5,144.5,290.0,-145.0|145.0,15.0,False,FAIL,CENTER_NOMINAL_LT_4|CENTER_RESIDUAL_LT_2|BELT_NOMINAL_LT_14|BELT_RESIDUAL_LT_8
G-IN1.00-P08.00-OUT06.50,0.5,1,,C/C,O/O,1.0,8.0,6.5,15.0,55.0,94.0,1.0,-1.0,15.0,9.0,14.0,8.0,15.5,12.0,14.5,11.0,36.5,PASS_95X140X5_REFERENCE,12.0,138.5,144.5,290.0,-145.0|145.0,15.5,False,FAIL,CENTER_NOMINAL_LT_4|CENTER_RESIDUAL_LT_2
G-IN1.00-P08.00-OUT07.00,0.5,1,,C/C,O/O,1.0,8.0,7.0,15.0,55.0,94.5,1.0,-1.0,15.0,9.0,14.5,8.5,15.5,12.0,15.0,11.5,36.0,PASS_95X140X5_REFERENCE,12.0,138.5,144.5,290.0,-145.0|145.0,16.0,False,FAIL,CENTER_NOMINAL_LT_4|CENTER_RESIDUAL_LT_2
G-IN1.00-P08.00-OUT07.50,0.5,1,,C/C,O/O,1.0,8.0,7.5,15.0,55.0,95.0,1.0,-1.0,15.0,9.0,15.0,9.0,15.5,12.0,15.5,12.0,35.5,PASS_95X140X5_REFERENCE,12.0,138.5,144.5,290.0,-145.0|145.0,16.5,False,FAIL,CENTER_NOMINAL_LT_4|CENTER_RESIDUAL_LT_2
G-IN1.00-P08.00-OUT08.00,0.5,1,,C/C,O/O,1.0,8.0,8.0,15.0,55.0,95.5,1.0,-1.0,15.0,9.0,15.5,9.5,15.5,12.0,16.0,12.5,35.0,PASS_95X140X5_REFERENCE,12.0,138.5,144.5,290.0,-145.0|145.0,17.0,False,FAIL,CENTER_NOMINAL_LT_4|CENTER_RESIDUAL_LT_2
G-IN1.00-P08.00-OUT08.50,0.5,1,,C/C,O/O,1.0,8.0,8.5,15.0,55.0,96.0,1.0,-1.0,15.0,9.0,16.0,10.0,15.5,12.0,16.5,13.0,34.5,PASS_95X140X5_REFERENCE,12.0,138.5,144.5,290.0,-145.0|145.0,17.5,False,FAIL,CENTER_NOMINAL_LT_4|CENTER_RESIDUAL_LT_2
G-IN1.00-P08.00-OUT09.00,0.5,1,,C/C,O/O,1.0,8.0,9.0,15.0,55.0,96.5,1.0,-1.0,15.0,9.0,16.5,10.5,15.5,12.0,17.0,13.5,34.0,PASS_95X140X5_REFERENCE,12.0,138.5,144.5,290.0,-145.0|145.0,18.0,False,FAIL,CENTER_NOMINAL_LT_4|CENTER_RESIDUAL_LT_2
G-IN1.00-P08.00-OUT09.50,0.5,1,,C/C,O/O,1.0,8.0,9.5,15.0,55.0,97.0,1.0,-1.0,15.0,9.0,17.0,11.0,15.5,12.0,17.5,14.0,33.5,PASS_95X140X5_REFERENCE,12.0,138.5,144.5,290.0,-145.0|145.0,18.5,False,FAIL,CENTER_NOMINAL_LT_4|CENTER_RESIDUAL_LT_2
G-IN1.00-P08.00-OUT10.00,0.5,1,,C/C,O/O,1.0,8.0,10.0,15.0,55.0,97.5,1.0,-1.0,15.0,9.0,17.5,11.5,15.5,12.0,18.0,14.5,33.0,PASS_95X140X5_REFERENCE,12.0,138.5,144.5,290.0,-145.0|145.0,19.0,False,FAIL,CENTER_NOMINAL_LT_4|CENTER_RESIDUAL_LT_2
G-IN1.00-P08.50-OUT03.00,0.5,1,,C/C,O/O,1.0,8.5,3.0,15.0,55.5,90.5,1.0,-1.0,15.5,9.5,10.0,4.0,16.0,12.5,10.5,7.0,40.0,PASS_95X140X5_REFERENCE,12.0,138.5,144.5,290.0,-145.0|145.0,12.5,False,FAIL,CENTER_NOMINAL_LT_4|CENTER_RESIDUAL_LT_2|BELT_NOMINAL_LT_14|BELT_RESIDUAL_LT_8|PULLEY_NOMINAL_LT_13_5|PULLEY_RESIDUAL_LT_10
G-IN1.00-P08.50-OUT03.50,0.5,1,,C/C,O/O,1.0,8.5,3.5,15.0,55.5,91.0,1.0,-1.0,15.5,9.5,10.5,4.5,16.0,12.5,11.0,7.5,39.5,PASS_95X140X5_REFERENCE,12.0,138.5,144.5,290.0,-145.0|145.0,13.0,False,FAIL,CENTER_NOMINAL_LT_4|CENTER_RESIDUAL_LT_2|BELT_NOMINAL_LT_14|BELT_RESIDUAL_LT_8|PULLEY_NOMINAL_LT_13_5|PULLEY_RESIDUAL_LT_10
G-IN1.00-P08.50-OUT04.00,0.5,1,,C/C,O/O,1.0,8.5,4.0,15.0,55.5,91.5,1.0,-1.0,15.5,9.5,11.0,5.0,16.0,12.5,11.5,8.0,39.0,PASS_95X140X5_REFERENCE,12.0,138.5,144.5,290.0,-145.0|145.0,13.5,False,FAIL,CENTER_NOMINAL_LT_4|CENTER_RESIDUAL_LT_2|BELT_NOMINAL_LT_14|BELT_RESIDUAL_LT_8|PULLEY_NOMINAL_LT_13_5|PULLEY_RESIDUAL_LT_10
G-IN1.00-P08.50-OUT04.50,0.5,1,,C/C,O/O,1.0,8.5,4.5,15.0,55.5,92.0,1.0,-1.0,15.5,9.5,11.5,5.5,16.0,12.5,12.0,8.5,38.5,PASS_95X140X5_REFERENCE,12.0,138.5,144.5,290.0,-145.0|145.0,14.0,False,FAIL,CENTER_NOMINAL_LT_4|CENTER_RESIDUAL_LT_2|BELT_NOMINAL_LT_14|BELT_RESIDUAL_LT_8|PULLEY_NOMINAL_LT_13_5|PULLEY_RESIDUAL_LT_10
G-IN1.00-P08.50-OUT05.00,0.5,1,,C/C,O/O,1.0,8.5,5.0,15.0,55.5,92.5,1.0,-1.0,15.5,9.5,12.0,6.0,16.0,12.5,12.5,9.0,38.0,PASS_95X140X5_REFERENCE,12.0,138.5,144.5,290.0,-145.0|145.0,14.5,False,FAIL,CENTER_NOMINAL_LT_4|CENTER_RESIDUAL_LT_2|BELT_NOMINAL_LT_14|BELT_RESIDUAL_LT_8|PULLEY_NOMINAL_LT_13_5|PULLEY_RESIDUAL_LT_10
G-IN1.00-P08.50-OUT05.50,0.5,1,,C/C,O/O,1.0,8.5,5.5,15.0,55.5,93.0,1.0,-1.0,15.5,9.5,12.5,6.5,16.0,12.5,13.0,9.5,37.5,PASS_95X140X5_REFERENCE,12.0,138.5,144.5,290.0,-145.0|145.0,15.0,False,FAIL,CENTER_NOMINAL_LT_4|CENTER_RESIDUAL_LT_2|BELT_NOMINAL_LT_14|BELT_RESIDUAL_LT_8|PULLEY_NOMINAL_LT_13_5|PULLEY_RESIDUAL_LT_10
G-IN1.00-P08.50-OUT06.00,0.5,1,,C/C,O/O,1.0,8.5,6.0,15.0,55.5,93.5,1.0,-1.0,15.5,9.5,13.0,7.0,16.0,12.5,13.5,10.0,37.0,PASS_95X140X5_REFERENCE,12.0,138.5,144.5,290.0,-145.0|145.0,15.5,False,FAIL,CENTER_NOMINAL_LT_4|CENTER_RESIDUAL_LT_2|BELT_NOMINAL_LT_14|BELT_RESIDUAL_LT_8
G-IN1.00-P08.50-OUT06.50,0.5,1,,C/C,O/O,1.0,8.5,6.5,15.0,55.5,94.0,1.0,-1.0,15.5,9.5,13.5,7.5,16.0,12.5,14.0,10.5,36.5,PASS_95X140X5_REFERENCE,12.0,138.5,144.5,290.0,-145.0|145.0,16.0,False,FAIL,CENTER_NOMINAL_LT_4|CENTER_RESIDUAL_LT_2|BELT_NOMINAL_LT_14|BELT_RESIDUAL_LT_8
G-IN1.00-P08.50-OUT07.00,0.5,1,,C/C,O/O,1.0,8.5,7.0,15.0,55.5,94.5,1.0,-1.0,15.5,9.5,14.0,8.0,16.0,12.5,14.5,11.0,36.0,PASS_95X140X5_REFERENCE,12.0,138.5,144.5,290.0,-145.0|145.0,16.5,False,FAIL,CENTER_NOMINAL_LT_4|CENTER_RESIDUAL_LT_2
G-IN1.00-P08.50-OUT07.50,0.5,1,,C/C,O/O,1.0,8.5,7.5,15.0,55.5,95.0,1.0,-1.0,15.5,9.5,14.5,8.5,16.0,12.5,15.0,11.5,35.5,PASS_95X140X5_REFERENCE,12.0,138.5,144.5,290.0,-145.0|145.0,17.0,False,FAIL,CENTER_NOMINAL_LT_4|CENTER_RESIDUAL_LT_2
G-IN1.00-P08.50-OUT08.00,0.5,1,,C/C,O/O,1.0,8.5,8.0,15.0,55.5,95.5,1.0,-1.0,15.5,9.5,15.0,9.0,16.0,12.5,15.5,12.0,35.0,PASS_95X140X5_REFERENCE,12.0,138.5,144.5,290.0,-145.0|145.0,17.5,False,FAIL,CENTER_NOMINAL_LT_4|CENTER_RESIDUAL_LT_2
G-IN1.00-P08.50-OUT08.50,0.5,1,,C/C,O/O,1.0,8.5,8.5,15.0,55.5,96.0,1.0,-1.0,15.5,9.5,15.5,9.5,16.0,12.5,16.0,12.5,34.5,PASS_95X140X5_REFERENCE,12.0,138.5,144.5,290.0,-145.0|145.0,18.0,False,FAIL,CENTER_NOMINAL_LT_4|CENTER_RESIDUAL_LT_2
G-IN1.00-P08.50-OUT09.00,0.5,1,,C/C,O/O,1.0,8.5,9.0,15.0,55.5,96.5,1.0,-1.0,15.5,9.5,16.0,10.0,16.0,12.5,16.5,13.0,34.0,PASS_95X140X5_REFERENCE,12.0,138.5,144.5,290.0,-145.0|145.0,18.5,False,FAIL,CENTER_NOMINAL_LT_4|CENTER_RESIDUAL_LT_2
G-IN1.00-P08.50-OUT09.50,0.5,1,,C/C,O/O,1.0,8.5,9.5,15.0,55.5,97.0,1.0,-1.0,15.5,9.5,16.5,10.5,16.0,12.5,17.0,13.5,33.5,PASS_95X140X5_REFERENCE,12.0,138.5,144.5,290.0,-145.0|145.0,19.0,False,FAIL,CENTER_NOMINAL_LT_4|CENTER_RESIDUAL_LT_2
G-IN1.00-P08.50-OUT10.00,0.5,1,,C/C,O/O,1.0,8.5,10.0,15.0,55.5,97.5,1.0,-1.0,15.5,9.5,17.0,11.0,16.0,12.5,17.5,14.0,33.0,PASS_95X140X5_REFERENCE,12.0,138.5,144.5,290.0,-145.0|145.0,19.5,False,FAIL,CENTER_NOMINAL_LT_4|CENTER_RESIDUAL_LT_2
G-IN1.00-P09.00-OUT03.00,0.5,1,,C/C,O/O,1.0,9.0,3.0,15.0,56.0,90.5,1.0,-1.0,16.0,10.0,9.5,3.5,16.5,13.0,10.0,6.5,40.0,PASS_95X140X5_REFERENCE,12.0,138.5,144.5,290.0,-145.0|145.0,13.0,False,FAIL,CENTER_NOMINAL_LT_4|CENTER_RESIDUAL_LT_2|BELT_NOMINAL_LT_14|BELT_RESIDUAL_LT_8|PULLEY_NOMINAL_LT_13_5|PULLEY_RESIDUAL_LT_10
G-IN1.00-P09.00-OUT03.50,0.5,1,,C/C,O/O,1.0,9.0,3.5,15.0,56.0,91.0,1.0,-1.0,16.0,10.0,10.0,4.0,16.5,13.0,10.5,7.0,39.5,PASS_95X140X5_REFERENCE,12.0,138.5,144.5,290.0,-145.0|145.0,13.5,False,FAIL,CENTER_NOMINAL_LT_4|CENTER_RESIDUAL_LT_2|BELT_NOMINAL_LT_14|BELT_RESIDUAL_LT_8|PULLEY_NOMINAL_LT_13_5|PULLEY_RESIDUAL_LT_10
G-IN1.00-P09.00-OUT04.00,0.5,1,,C/C,O/O,1.0,9.0,4.0,15.0,56.0,91.5,1.0,-1.0,16.0,10.0,10.5,4.5,16.5,13.0,11.0,7.5,39.0,PASS_95X140X5_REFERENCE,12.0,138.5,144.5,290.0,-145.0|145.0,14.0,False,FAIL,CENTER_NOMINAL_LT_4|CENTER_RESIDUAL_LT_2|BELT_NOMINAL_LT_14|BELT_RESIDUAL_LT_8|PULLEY_NOMINAL_LT_13_5|PULLEY_RESIDUAL_LT_10
G-IN1.00-P09.00-OUT04.50,0.5,1,,C/C,O/O,1.0,9.0,4.5,15.0,56.0,92.0,1.0,-1.0,16.0,10.0,11.0,5.0,16.5,13.0,11.5,8.0,38.5,PASS_95X140X5_REFERENCE,12.0,138.5,144.5,290.0,-145.0|145.0,14.5,False,FAIL,CENTER_NOMINAL_LT_4|CENTER_RESIDUAL_LT_2|BELT_NOMINAL_LT_14|BELT_RESIDUAL_LT_8|PULLEY_NOMINAL_LT_13_5|PULLEY_RESIDUAL_LT_10
G-IN1.00-P09.00-OUT05.00,0.5,1,,C/C,O/O,1.0,9.0,5.0,15.0,56.0,92.5,1.0,-1.0,16.0,10.0,11.5,5.5,16.5,13.0,12.0,8.5,38.0,PASS_95X140X5_REFERENCE,12.0,138.5,144.5,290.0,-145.0|145.0,15.0,False,FAIL,CENTER_NOMINAL_LT_4|CENTER_RESIDUAL_LT_2|BELT_NOMINAL_LT_14|BELT_RESIDUAL_LT_8|PULLEY_NOMINAL_LT_13_5|PULLEY_RESIDUAL_LT_10
G-IN1.00-P09.00-OUT05.50,0.5,1,,C/C,O/O,1.0,9.0,5.5,15.0,56.0,93.0,1.0,-1.0,16.0,10.0,12.0,6.0,16.5,13.0,12.5,9.0,37.5,PASS_95X140X5_REFERENCE,12.0,138.5,144.5,290.0,-145.0|145.0,15.5,False,FAIL,CENTER_NOMINAL_LT_4|CENTER_RESIDUAL_LT_2|BELT_NOMINAL_LT_14|BELT_RESIDUAL_LT_8|PULLEY_NOMINAL_LT_13_5|PULLEY_RESIDUAL_LT_10
G-IN1.00-P09.00-OUT06.00,0.5,1,,C/C,O/O,1.0,9.0,6.0,15.0,56.0,93.5,1.0,-1.0,16.0,10.0,12.5,6.5,16.5,13.0,13.0,9.5,37.0,PASS_95X140X5_REFERENCE,12.0,138.5,144.5,290.0,-145.0|145.0,16.0,False,FAIL,CENTER_NOMINAL_LT_4|CENTER_RESIDUAL_LT_2|BELT_NOMINAL_LT_14|BELT_RESIDUAL_LT_8|PULLEY_NOMINAL_LT_13_5|PULLEY_RESIDUAL_LT_10
G-IN1.00-P09.00-OUT06.50,0.5,1,,C/C,O/O,1.0,9.0,6.5,15.0,56.0,94.0,1.0,-1.0,16.0,10.0,13.0,7.0,16.5,13.0,13.5,10.0,36.5,PASS_95X140X5_REFERENCE,12.0,138.5,144.5,290.0,-145.0|145.0,16.5,False,FAIL,CENTER_NOMINAL_LT_4|CENTER_RESIDUAL_LT_2|BELT_NOMINAL_LT_14|BELT_RESIDUAL_LT_8
G-IN1.00-P09.00-OUT07.00,0.5,1,,C/C,O/O,1.0,9.0,7.0,15.0,56.0,94.5,1.0,-1.0,16.0,10.0,13.5,7.5,16.5,13.0,14.0,10.5,36.0,PASS_95X140X5_REFERENCE,12.0,138.5,144.5,290.0,-145.0|145.0,17.0,False,FAIL,CENTER_NOMINAL_LT_4|CENTER_RESIDUAL_LT_2|BELT_NOMINAL_LT_14|BELT_RESIDUAL_LT_8
G-IN1.00-P09.00-OUT07.50,0.5,1,,C/C,O/O,1.0,9.0,7.5,15.0,56.0,95.0,1.0,-1.0,16.0,10.0,14.0,8.0,16.5,13.0,14.5,11.0,35.5,PASS_95X140X5_REFERENCE,12.0,138.5,144.5,290.0,-145.0|145.0,17.5,False,FAIL,CENTER_NOMINAL_LT_4|CENTER_RESIDUAL_LT_2
G-IN1.00-P09.00-OUT08.00,0.5,1,,C/C,O/O,1.0,9.0,8.0,15.0,56.0,95.5,1.0,-1.0,16.0,10.0,14.5,8.5,16.5,13.0,15.0,11.5,35.0,PASS_95X140X5_REFERENCE,12.0,138.5,144.5,290.0,-145.0|145.0,18.0,False,FAIL,CENTER_NOMINAL_LT_4|CENTER_RESIDUAL_LT_2
G-IN1.00-P09.00-OUT08.50,0.5,1,,C/C,O/O,1.0,9.0,8.5,15.0,56.0,96.0,1.0,-1.0,16.0,10.0,15.0,9.0,16.5,13.0,15.5,12.0,34.5,PASS_95X140X5_REFERENCE,12.0,138.5,144.5,290.0,-145.0|145.0,18.5,False,FAIL,CENTER_NOMINAL_LT_4|CENTER_RESIDUAL_LT_2
G-IN1.00-P09.00-OUT09.00,0.5,1,,C/C,O/O,1.0,9.0,9.0,15.0,56.0,96.5,1.0,-1.0,16.0,10.0,15.5,9.5,16.5,13.0,16.0,12.5,34.0,PASS_95X140X5_REFERENCE,12.0,138.5,144.5,290.0,-145.0|145.0,19.0,False,FAIL,CENTER_NOMINAL_LT_4|CENTER_RESIDUAL_LT_2
G-IN1.00-P09.00-OUT09.50,0.5,1,,C/C,O/O,1.0,9.0,9.5,15.0,56.0,97.0,1.0,-1.0,16.0,10.0,16.0,10.0,16.5,13.0,16.5,13.0,33.5,PASS_95X140X5_REFERENCE,12.0,138.5,144.5,290.0,-145.0|145.0,19.5,False,FAIL,CENTER_NOMINAL_LT_4|CENTER_RESIDUAL_LT_2
G-IN1.00-P09.00-OUT10.00,0.5,1,,C/C,O/O,1.0,9.0,10.0,15.0,56.0,97.5,1.0,-1.0,16.0,10.0,16.5,10.5,16.5,13.0,17.0,13.5,33.0,PASS_95X140X5_REFERENCE,12.0,138.5,144.5,290.0,-145.0|145.0,20.0,False,FAIL,CENTER_NOMINAL_LT_4|CENTER_RESIDUAL_LT_2
G-IN1.00-P09.50-OUT03.00,0.5,1,,C/C,O/O,1.0,9.5,3.0,15.0,56.5,90.5,1.0,-1.0,16.5,10.5,9.0,3.0,17.0,13.5,9.5,6.0,40.0,PASS_95X140X5_REFERENCE,12.0,138.5,144.5,290.0,-145.0|145.0,13.5,False,FAIL,CENTER_NOMINAL_LT_4|CENTER_RESIDUAL_LT_2|BELT_NOMINAL_LT_14|BELT_RESIDUAL_LT_8|PULLEY_NOMINAL_LT_13_5|PULLEY_RESIDUAL_LT_10
G-IN1.00-P09.50-OUT03.50,0.5,1,,C/C,O/O,1.0,9.5,3.5,15.0,56.5,91.0,1.0,-1.0,16.5,10.5,9.5,3.5,17.0,13.5,10.0,6.5,39.5,PASS_95X140X5_REFERENCE,12.0,138.5,144.5,290.0,-145.0|145.0,14.0,False,FAIL,CENTER_NOMINAL_LT_4|CENTER_RESIDUAL_LT_2|BELT_NOMINAL_LT_14|BELT_RESIDUAL_LT_8|PULLEY_NOMINAL_LT_13_5|PULLEY_RESIDUAL_LT_10
G-IN1.00-P09.50-OUT04.00,0.5,1,,C/C,O/O,1.0,9.5,4.0,15.0,56.5,91.5,1.0,-1.0,16.5,10.5,10.0,4.0,17.0,13.5,10.5,7.0,39.0,PASS_95X140X5_REFERENCE,12.0,138.5,144.5,290.0,-145.0|145.0,14.5,False,FAIL,CENTER_NOMINAL_LT_4|CENTER_RESIDUAL_LT_2|BELT_NOMINAL_LT_14|BELT_RESIDUAL_LT_8|PULLEY_NOMINAL_LT_13_5|PULLEY_RESIDUAL_LT_10
G-IN1.00-P09.50-OUT04.50,0.5,1,,C/C,O/O,1.0,9.5,4.5,15.0,56.5,92.0,1.0,-1.0,16.5,10.5,10.5,4.5,17.0,13.5,11.0,7.5,38.5,PASS_95X140X5_REFERENCE,12.0,138.5,144.5,290.0,-145.0|145.0,15.0,False,FAIL,CENTER_NOMINAL_LT_4|CENTER_RESIDUAL_LT_2|BELT_NOMINAL_LT_14|BELT_RESIDUAL_LT_8|PULLEY_NOMINAL_LT_13_5|PULLEY_RESIDUAL_LT_10
G-IN1.00-P09.50-OUT05.00,0.5,1,,C/C,O/O,1.0,9.5,5.0,15.0,56.5,92.5,1.0,-1.0,16.5,10.5,11.0,5.0,17.0,13.5,11.5,8.0,38.0,PASS_95X140X5_REFERENCE,12.0,138.5,144.5,290.0,-145.0|145.0,15.5,False,FAIL,CENTER_NOMINAL_LT_4|CENTER_RESIDUAL_LT_2|BELT_NOMINAL_LT_14|BELT_RESIDUAL_LT_8|PULLEY_NOMINAL_LT_13_5|PULLEY_RESIDUAL_LT_10
G-IN1.00-P09.50-OUT05.50,0.5,1,,C/C,O/O,1.0,9.5,5.5,15.0,56.5,93.0,1.0,-1.0,16.5,10.5,11.5,5.5,17.0,13.5,12.0,8.5,37.5,PASS_95X140X5_REFERENCE,12.0,138.5,144.5,290.0,-145.0|145.0,16.0,False,FAIL,CENTER_NOMINAL_LT_4|CENTER_RESIDUAL_LT_2|BELT_NOMINAL_LT_14|BELT_RESIDUAL_LT_8|PULLEY_NOMINAL_LT_13_5|PULLEY_RESIDUAL_LT_10
G-IN1.00-P09.50-OUT06.00,0.5,1,,C/C,O/O,1.0,9.5,6.0,15.0,56.5,93.5,1.0,-1.0,16.5,10.5,12.0,6.0,17.0,13.5,12.5,9.0,37.0,PASS_95X140X5_REFERENCE,12.0,138.5,144.5,290.0,-145.0|145.0,16.5,False,FAIL,CENTER_NOMINAL_LT_4|CENTER_RESIDUAL_LT_2|BELT_NOMINAL_LT_14|BELT_RESIDUAL_LT_8|PULLEY_NOMINAL_LT_13_5|PULLEY_RESIDUAL_LT_10
G-IN1.00-P09.50-OUT06.50,0.5,1,,C/C,O/O,1.0,9.5,6.5,15.0,56.5,94.0,1.0,-1.0,16.5,10.5,12.5,6.5,17.0,13.5,13.0,9.5,36.5,PASS_95X140X5_REFERENCE,12.0,138.5,144.5,290.0,-145.0|145.0,17.0,False,FAIL,CENTER_NOMINAL_LT_4|CENTER_RESIDUAL_LT_2|BELT_NOMINAL_LT_14|BELT_RESIDUAL_LT_8|PULLEY_NOMINAL_LT_13_5|PULLEY_RESIDUAL_LT_10
G-IN1.00-P09.50-OUT07.00,0.5,1,,C/C,O/O,1.0,9.5,7.0,15.0,56.5,94.5,1.0,-1.0,16.5,10.5,13.0,7.0,17.0,13.5,13.5,10.0,36.0,PASS_95X140X5_REFERENCE,12.0,138.5,144.5,290.0,-145.0|145.0,17.5,False,FAIL,CENTER_NOMINAL_LT_4|CENTER_RESIDUAL_LT_2|BELT_NOMINAL_LT_14|BELT_RESIDUAL_LT_8
G-IN1.00-P09.50-OUT07.50,0.5,1,,C/C,O/O,1.0,9.5,7.5,15.0,56.5,95.0,1.0,-1.0,16.5,10.5,13.5,7.5,17.0,13.5,14.0,10.5,35.5,PASS_95X140X5_REFERENCE,12.0,138.5,144.5,290.0,-145.0|145.0,18.0,False,FAIL,CENTER_NOMINAL_LT_4|CENTER_RESIDUAL_LT_2|BELT_NOMINAL_LT_14|BELT_RESIDUAL_LT_8
G-IN1.00-P09.50-OUT08.00,0.5,1,,C/C,O/O,1.0,9.5,8.0,15.0,56.5,95.5,1.0,-1.0,16.5,10.5,14.0,8.0,17.0,13.5,14.5,11.0,35.0,PASS_95X140X5_REFERENCE,12.0,138.5,144.5,290.0,-145.0|145.0,18.5,False,FAIL,CENTER_NOMINAL_LT_4|CENTER_RESIDUAL_LT_2
G-IN1.00-P09.50-OUT08.50,0.5,1,,C/C,O/O,1.0,9.5,8.5,15.0,56.5,96.0,1.0,-1.0,16.5,10.5,14.5,8.5,17.0,13.5,15.0,11.5,34.5,PASS_95X140X5_REFERENCE,12.0,138.5,144.5,290.0,-145.0|145.0,19.0,False,FAIL,CENTER_NOMINAL_LT_4|CENTER_RESIDUAL_LT_2
G-IN1.00-P09.50-OUT09.00,0.5,1,,C/C,O/O,1.0,9.5,9.0,15.0,56.5,96.5,1.0,-1.0,16.5,10.5,15.0,9.0,17.0,13.5,15.5,12.0,34.0,PASS_95X140X5_REFERENCE,12.0,138.5,144.5,290.0,-145.0|145.0,19.5,False,FAIL,CENTER_NOMINAL_LT_4|CENTER_RESIDUAL_LT_2
G-IN1.00-P09.50-OUT09.50,0.5,1,,C/C,O/O,1.0,9.5,9.5,15.0,56.5,97.0,1.0,-1.0,16.5,10.5,15.5,9.5,17.0,13.5,16.0,12.5,33.5,PASS_95X140X5_REFERENCE,12.0,138.5,144.5,290.0,-145.0|145.0,20.0,False,FAIL,CENTER_NOMINAL_LT_4|CENTER_RESIDUAL_LT_2
G-IN1.00-P09.50-OUT10.00,0.5,1,,C/C,O/O,1.0,9.5,10.0,15.0,56.5,97.5,1.0,-1.0,16.5,10.5,16.0,10.0,17.0,13.5,16.5,13.0,33.0,PASS_95X140X5_REFERENCE,12.0,138.5,144.5,290.0,-145.0|145.0,20.5,False,FAIL,CENTER_NOMINAL_LT_4|CENTER_RESIDUAL_LT_2
G-IN1.00-P10.00-OUT03.00,0.5,1,,C/C,O/O,1.0,10.0,3.0,15.0,57.0,90.5,1.0,-1.0,17.0,11.0,8.5,2.5,17.5,14.0,9.0,5.5,40.0,PASS_95X140X5_REFERENCE,12.0,138.5,144.5,290.0,-145.0|145.0,14.0,False,FAIL,CENTER_NOMINAL_LT_4|CENTER_RESIDUAL_LT_2|BELT_NOMINAL_LT_14|BELT_RESIDUAL_LT_8|PULLEY_NOMINAL_LT_13_5|PULLEY_RESIDUAL_LT_10
G-IN1.00-P10.00-OUT03.50,0.5,1,,C/C,O/O,1.0,10.0,3.5,15.0,57.0,91.0,1.0,-1.0,17.0,11.0,9.0,3.0,17.5,14.0,9.5,6.0,39.5,PASS_95X140X5_REFERENCE,12.0,138.5,144.5,290.0,-145.0|145.0,14.5,False,FAIL,CENTER_NOMINAL_LT_4|CENTER_RESIDUAL_LT_2|BELT_NOMINAL_LT_14|BELT_RESIDUAL_LT_8|PULLEY_NOMINAL_LT_13_5|PULLEY_RESIDUAL_LT_10
G-IN1.00-P10.00-OUT04.00,0.5,1,,C/C,O/O,1.0,10.0,4.0,15.0,57.0,91.5,1.0,-1.0,17.0,11.0,9.5,3.5,17.5,14.0,10.0,6.5,39.0,PASS_95X140X5_REFERENCE,12.0,138.5,144.5,290.0,-145.0|145.0,15.0,False,FAIL,CENTER_NOMINAL_LT_4|CENTER_RESIDUAL_LT_2|BELT_NOMINAL_LT_14|BELT_RESIDUAL_LT_8|PULLEY_NOMINAL_LT_13_5|PULLEY_RESIDUAL_LT_10
G-IN1.00-P10.00-OUT04.50,0.5,1,,C/C,O/O,1.0,10.0,4.5,15.0,57.0,92.0,1.0,-1.0,17.0,11.0,10.0,4.0,17.5,14.0,10.5,7.0,38.5,PASS_95X140X5_REFERENCE,12.0,138.5,144.5,290.0,-145.0|145.0,15.5,False,FAIL,CENTER_NOMINAL_LT_4|CENTER_RESIDUAL_LT_2|BELT_NOMINAL_LT_14|BELT_RESIDUAL_LT_8|PULLEY_NOMINAL_LT_13_5|PULLEY_RESIDUAL_LT_10
G-IN1.00-P10.00-OUT05.00,0.5,1,,C/C,O/O,1.0,10.0,5.0,15.0,57.0,92.5,1.0,-1.0,17.0,11.0,10.5,4.5,17.5,14.0,11.0,7.5,38.0,PASS_95X140X5_REFERENCE,12.0,138.5,144.5,290.0,-145.0|145.0,16.0,False,FAIL,CENTER_NOMINAL_LT_4|CENTER_RESIDUAL_LT_2|BELT_NOMINAL_LT_14|BELT_RESIDUAL_LT_8|PULLEY_NOMINAL_LT_13_5|PULLEY_RESIDUAL_LT_10
G-IN1.00-P10.00-OUT05.50,0.5,1,,C/C,O/O,1.0,10.0,5.5,15.0,57.0,93.0,1.0,-1.0,17.0,11.0,11.0,5.0,17.5,14.0,11.5,8.0,37.5,PASS_95X140X5_REFERENCE,12.0,138.5,144.5,290.0,-145.0|145.0,16.5,False,FAIL,CENTER_NOMINAL_LT_4|CENTER_RESIDUAL_LT_2|BELT_NOMINAL_LT_14|BELT_RESIDUAL_LT_8|PULLEY_NOMINAL_LT_13_5|PULLEY_RESIDUAL_LT_10
G-IN1.00-P10.00-OUT06.00,0.5,1,,C/C,O/O,1.0,10.0,6.0,15.0,57.0,93.5,1.0,-1.0,17.0,11.0,11.5,5.5,17.5,14.0,12.0,8.5,37.0,PASS_95X140X5_REFERENCE,12.0,138.5,144.5,290.0,-145.0|145.0,17.0,False,FAIL,CENTER_NOMINAL_LT_4|CENTER_RESIDUAL_LT_2|BELT_NOMINAL_LT_14|BELT_RESIDUAL_LT_8|PULLEY_NOMINAL_LT_13_5|PULLEY_RESIDUAL_LT_10
G-IN1.00-P10.00-OUT06.50,0.5,1,,C/C,O/O,1.0,10.0,6.5,15.0,57.0,94.0,1.0,-1.0,17.0,11.0,12.0,6.0,17.5,14.0,12.5,9.0,36.5,PASS_95X140X5_REFERENCE,12.0,138.5,144.5,290.0,-145.0|145.0,17.5,False,FAIL,CENTER_NOMINAL_LT_4|CENTER_RESIDUAL_LT_2|BELT_NOMINAL_LT_14|BELT_RESIDUAL_LT_8|PULLEY_NOMINAL_LT_13_5|PULLEY_RESIDUAL_LT_10
G-IN1.00-P10.00-OUT07.00,0.5,1,,C/C,O/O,1.0,10.0,7.0,15.0,57.0,94.5,1.0,-1.0,17.0,11.0,12.5,6.5,17.5,14.0,13.0,9.5,36.0,PASS_95X140X5_REFERENCE,12.0,138.5,144.5,290.0,-145.0|145.0,18.0,False,FAIL,CENTER_NOMINAL_LT_4|CENTER_RESIDUAL_LT_2|BELT_NOMINAL_LT_14|BELT_RESIDUAL_LT_8|PULLEY_NOMINAL_LT_13_5|PULLEY_RESIDUAL_LT_10
G-IN1.00-P10.00-OUT07.50,0.5,1,,C/C,O/O,1.0,10.0,7.5,15.0,57.0,95.0,1.0,-1.0,17.0,11.0,13.0,7.0,17.5,14.0,13.5,10.0,35.5,PASS_95X140X5_REFERENCE,12.0,138.5,144.5,290.0,-145.0|145.0,18.5,False,FAIL,CENTER_NOMINAL_LT_4|CENTER_RESIDUAL_LT_2|BELT_NOMINAL_LT_14|BELT_RESIDUAL_LT_8
G-IN1.00-P10.00-OUT08.00,0.5,1,,C/C,O/O,1.0,10.0,8.0,15.0,57.0,95.5,1.0,-1.0,17.0,11.0,13.5,7.5,17.5,14.0,14.0,10.5,35.0,PASS_95X140X5_REFERENCE,12.0,138.5,144.5,290.0,-145.0|145.0,19.0,False,FAIL,CENTER_NOMINAL_LT_4|CENTER_RESIDUAL_LT_2|BELT_NOMINAL_LT_14|BELT_RESIDUAL_LT_8
G-IN1.00-P10.00-OUT08.50,0.5,1,,C/C,O/O,1.0,10.0,8.5,15.0,57.0,96.0,1.0,-1.0,17.0,11.0,14.0,8.0,17.5,14.0,14.5,11.0,34.5,PASS_95X140X5_REFERENCE,12.0,138.5,144.5,290.0,-145.0|145.0,19.5,False,FAIL,CENTER_NOMINAL_LT_4|CENTER_RESIDUAL_LT_2
G-IN1.00-P10.00-OUT09.00,0.5,1,,C/C,O/O,1.0,10.0,9.0,15.0,57.0,96.5,1.0,-1.0,17.0,11.0,14.5,8.5,17.5,14.0,15.0,11.5,34.0,PASS_95X140X5_REFERENCE,12.0,138.5,144.5,290.0,-145.0|145.0,20.0,False,FAIL,CENTER_NOMINAL_LT_4|CENTER_RESIDUAL_LT_2
G-IN1.00-P10.00-OUT09.50,0.5,1,,C/C,O/O,1.0,10.0,9.5,15.0,57.0,97.0,1.0,-1.0,17.0,11.0,15.0,9.0,17.5,14.0,15.5,12.0,33.5,PASS_95X140X5_REFERENCE,12.0,138.5,144.5,290.0,-145.0|145.0,20.5,False,FAIL,CENTER_NOMINAL_LT_4|CENTER_RESIDUAL_LT_2
G-IN1.00-P10.00-OUT10.00,0.5,1,,C/C,O/O,1.0,10.0,10.0,15.0,57.0,97.5,1.0,-1.0,17.0,11.0,15.5,9.5,17.5,14.0,16.0,12.5,33.0,PASS_95X140X5_REFERENCE,12.0,138.5,144.5,290.0,-145.0|145.0,21.0,False,FAIL,CENTER_NOMINAL_LT_4|CENTER_RESIDUAL_LT_2
G-IN1.00-P10.50-OUT03.00,0.5,1,,C/C,O/O,1.0,10.5,3.0,15.0,57.5,90.5,1.0,-1.0,17.5,11.5,8.0,2.0,18.0,14.5,8.5,5.0,40.0,PASS_95X140X5_REFERENCE,12.0,138.5,144.5,290.0,-145.0|145.0,14.5,False,FAIL,CENTER_NOMINAL_LT_4|CENTER_RESIDUAL_LT_2|BELT_NOMINAL_LT_14|BELT_RESIDUAL_LT_8|PULLEY_NOMINAL_LT_13_5|PULLEY_RESIDUAL_LT_10
G-IN1.00-P10.50-OUT03.50,0.5,1,,C/C,O/O,1.0,10.5,3.5,15.0,57.5,91.0,1.0,-1.0,17.5,11.5,8.5,2.5,18.0,14.5,9.0,5.5,39.5,PASS_95X140X5_REFERENCE,12.0,138.5,144.5,290.0,-145.0|145.0,15.0,False,FAIL,CENTER_NOMINAL_LT_4|CENTER_RESIDUAL_LT_2|BELT_NOMINAL_LT_14|BELT_RESIDUAL_LT_8|PULLEY_NOMINAL_LT_13_5|PULLEY_RESIDUAL_LT_10
G-IN1.00-P10.50-OUT04.00,0.5,1,,C/C,O/O,1.0,10.5,4.0,15.0,57.5,91.5,1.0,-1.0,17.5,11.5,9.0,3.0,18.0,14.5,9.5,6.0,39.0,PASS_95X140X5_REFERENCE,12.0,138.5,144.5,290.0,-145.0|145.0,15.5,False,FAIL,CENTER_NOMINAL_LT_4|CENTER_RESIDUAL_LT_2|BELT_NOMINAL_LT_14|BELT_RESIDUAL_LT_8|PULLEY_NOMINAL_LT_13_5|PULLEY_RESIDUAL_LT_10
G-IN1.00-P10.50-OUT04.50,0.5,1,,C/C,O/O,1.0,10.5,4.5,15.0,57.5,92.0,1.0,-1.0,17.5,11.5,9.5,3.5,18.0,14.5,10.0,6.5,38.5,PASS_95X140X5_REFERENCE,12.0,138.5,144.5,290.0,-145.0|145.0,16.0,False,FAIL,CENTER_NOMINAL_LT_4|CENTER_RESIDUAL_LT_2|BELT_NOMINAL_LT_14|BELT_RESIDUAL_LT_8|PULLEY_NOMINAL_LT_13_5|PULLEY_RESIDUAL_LT_10
G-IN1.00-P10.50-OUT05.00,0.5,1,,C/C,O/O,1.0,10.5,5.0,15.0,57.5,92.5,1.0,-1.0,17.5,11.5,10.0,4.0,18.0,14.5,10.5,7.0,38.0,PASS_95X140X5_REFERENCE,12.0,138.5,144.5,290.0,-145.0|145.0,16.5,False,FAIL,CENTER_NOMINAL_LT_4|CENTER_RESIDUAL_LT_2|BELT_NOMINAL_LT_14|BELT_RESIDUAL_LT_8|PULLEY_NOMINAL_LT_13_5|PULLEY_RESIDUAL_LT_10
G-IN1.00-P10.50-OUT05.50,0.5,1,,C/C,O/O,1.0,10.5,5.5,15.0,57.5,93.0,1.0,-1.0,17.5,11.5,10.5,4.5,18.0,14.5,11.0,7.5,37.5,PASS_95X140X5_REFERENCE,12.0,138.5,144.5,290.0,-145.0|145.0,17.0,False,FAIL,CENTER_NOMINAL_LT_4|CENTER_RESIDUAL_LT_2|BELT_NOMINAL_LT_14|BELT_RESIDUAL_LT_8|PULLEY_NOMINAL_LT_13_5|PULLEY_RESIDUAL_LT_10
G-IN1.00-P10.50-OUT06.00,0.5,1,,C/C,O/O,1.0,10.5,6.0,15.0,57.5,93.5,1.0,-1.0,17.5,11.5,11.0,5.0,18.0,14.5,11.5,8.0,37.0,PASS_95X140X5_REFERENCE,12.0,138.5,144.5,290.0,-145.0|145.0,17.5,False,FAIL,CENTER_NOMINAL_LT_4|CENTER_RESIDUAL_LT_2|BELT_NOMINAL_LT_14|BELT_RESIDUAL_LT_8|PULLEY_NOMINAL_LT_13_5|PULLEY_RESIDUAL_LT_10
G-IN1.00-P10.50-OUT06.50,0.5,1,,C/C,O/O,1.0,10.5,6.5,15.0,57.5,94.0,1.0,-1.0,17.5,11.5,11.5,5.5,18.0,14.5,12.0,8.5,36.5,PASS_95X140X5_REFERENCE,12.0,138.5,144.5,290.0,-145.0|145.0,18.0,False,FAIL,CENTER_NOMINAL_LT_4|CENTER_RESIDUAL_LT_2|BELT_NOMINAL_LT_14|BELT_RESIDUAL_LT_8|PULLEY_NOMINAL_LT_13_5|PULLEY_RESIDUAL_LT_10
G-IN1.00-P10.50-OUT07.00,0.5,1,,C/C,O/O,1.0,10.5,7.0,15.0,57.5,94.5,1.0,-1.0,17.5,11.5,12.0,6.0,18.0,14.5,12.5,9.0,36.0,PASS_95X140X5_REFERENCE,12.0,138.5,144.5,290.0,-145.0|145.0,18.5,False,FAIL,CENTER_NOMINAL_LT_4|CENTER_RESIDUAL_LT_2|BELT_NOMINAL_LT_14|BELT_RESIDUAL_LT_8|PULLEY_NOMINAL_LT_13_5|PULLEY_RESIDUAL_LT_10
G-IN1.00-P10.50-OUT07.50,0.5,1,,C/C,O/O,1.0,10.5,7.5,15.0,57.5,95.0,1.0,-1.0,17.5,11.5,12.5,6.5,18.0,14.5,13.0,9.5,35.5,PASS_95X140X5_REFERENCE,12.0,138.5,144.5,290.0,-145.0|145.0,19.0,False,FAIL,CENTER_NOMINAL_LT_4|CENTER_RESIDUAL_LT_2|BELT_NOMINAL_LT_14|BELT_RESIDUAL_LT_8|PULLEY_NOMINAL_LT_13_5|PULLEY_RESIDUAL_LT_10
G-IN1.00-P10.50-OUT08.00,0.5,1,,C/C,O/O,1.0,10.5,8.0,15.0,57.5,95.5,1.0,-1.0,17.5,11.5,13.0,7.0,18.0,14.5,13.5,10.0,35.0,PASS_95X140X5_REFERENCE,12.0,138.5,144.5,290.0,-145.0|145.0,19.5,False,FAIL,CENTER_NOMINAL_LT_4|CENTER_RESIDUAL_LT_2|BELT_NOMINAL_LT_14|BELT_RESIDUAL_LT_8
G-IN1.00-P10.50-OUT08.50,0.5,1,,C/C,O/O,1.0,10.5,8.5,15.0,57.5,96.0,1.0,-1.0,17.5,11.5,13.5,7.5,18.0,14.5,14.0,10.5,34.5,PASS_95X140X5_REFERENCE,12.0,138.5,144.5,290.0,-145.0|145.0,20.0,False,FAIL,CENTER_NOMINAL_LT_4|CENTER_RESIDUAL_LT_2|BELT_NOMINAL_LT_14|BELT_RESIDUAL_LT_8
G-IN1.00-P10.50-OUT09.00,0.5,1,,C/C,O/O,1.0,10.5,9.0,15.0,57.5,96.5,1.0,-1.0,17.5,11.5,14.0,8.0,18.0,14.5,14.5,11.0,34.0,PASS_95X140X5_REFERENCE,12.0,138.5,144.5,290.0,-145.0|145.0,20.5,False,FAIL,CENTER_NOMINAL_LT_4|CENTER_RESIDUAL_LT_2
G-IN1.00-P10.50-OUT09.50,0.5,1,,C/C,O/O,1.0,10.5,9.5,15.0,57.5,97.0,1.0,-1.0,17.5,11.5,14.5,8.5,18.0,14.5,15.0,11.5,33.5,PASS_95X140X5_REFERENCE,12.0,138.5,144.5,290.0,-145.0|145.0,21.0,False,FAIL,CENTER_NOMINAL_LT_4|CENTER_RESIDUAL_LT_2
G-IN1.00-P10.50-OUT10.00,0.5,1,,C/C,O/O,1.0,10.5,10.0,15.0,57.5,97.5,1.0,-1.0,17.5,11.5,15.0,9.0,18.0,14.5,15.5,12.0,33.0,PASS_95X140X5_REFERENCE,12.0,138.5,144.5,290.0,-145.0|145.0,21.5,False,FAIL,CENTER_NOMINAL_LT_4|CENTER_RESIDUAL_LT_2
G-IN1.00-P11.00-OUT03.00,0.5,1,,C/C,O/O,1.0,11.0,3.0,15.0,58.0,90.5,1.0,-1.0,18.0,12.0,7.5,1.5,18.5,15.0,8.0,4.5,40.0,PASS_95X140X5_REFERENCE,12.0,138.5,144.5,290.0,-145.0|145.0,15.0,False,FAIL,CENTER_NOMINAL_LT_4|CENTER_RESIDUAL_LT_2|BELT_NOMINAL_LT_14|BELT_RESIDUAL_LT_8|PULLEY_NOMINAL_LT_13_5|PULLEY_RESIDUAL_LT_10
G-IN1.00-P11.00-OUT03.50,0.5,1,,C/C,O/O,1.0,11.0,3.5,15.0,58.0,91.0,1.0,-1.0,18.0,12.0,8.0,2.0,18.5,15.0,8.5,5.0,39.5,PASS_95X140X5_REFERENCE,12.0,138.5,144.5,290.0,-145.0|145.0,15.5,False,FAIL,CENTER_NOMINAL_LT_4|CENTER_RESIDUAL_LT_2|BELT_NOMINAL_LT_14|BELT_RESIDUAL_LT_8|PULLEY_NOMINAL_LT_13_5|PULLEY_RESIDUAL_LT_10
G-IN1.00-P11.00-OUT04.00,0.5,1,,C/C,O/O,1.0,11.0,4.0,15.0,58.0,91.5,1.0,-1.0,18.0,12.0,8.5,2.5,18.5,15.0,9.0,5.5,39.0,PASS_95X140X5_REFERENCE,12.0,138.5,144.5,290.0,-145.0|145.0,16.0,False,FAIL,CENTER_NOMINAL_LT_4|CENTER_RESIDUAL_LT_2|BELT_NOMINAL_LT_14|BELT_RESIDUAL_LT_8|PULLEY_NOMINAL_LT_13_5|PULLEY_RESIDUAL_LT_10
G-IN1.00-P11.00-OUT04.50,0.5,1,,C/C,O/O,1.0,11.0,4.5,15.0,58.0,92.0,1.0,-1.0,18.0,12.0,9.0,3.0,18.5,15.0,9.5,6.0,38.5,PASS_95X140X5_REFERENCE,12.0,138.5,144.5,290.0,-145.0|145.0,16.5,False,FAIL,CENTER_NOMINAL_LT_4|CENTER_RESIDUAL_LT_2|BELT_NOMINAL_LT_14|BELT_RESIDUAL_LT_8|PULLEY_NOMINAL_LT_13_5|PULLEY_RESIDUAL_LT_10
G-IN1.00-P11.00-OUT05.00,0.5,1,,C/C,O/O,1.0,11.0,5.0,15.0,58.0,92.5,1.0,-1.0,18.0,12.0,9.5,3.5,18.5,15.0,10.0,6.5,38.0,PASS_95X140X5_REFERENCE,12.0,138.5,144.5,290.0,-145.0|145.0,17.0,False,FAIL,CENTER_NOMINAL_LT_4|CENTER_RESIDUAL_LT_2|BELT_NOMINAL_LT_14|BELT_RESIDUAL_LT_8|PULLEY_NOMINAL_LT_13_5|PULLEY_RESIDUAL_LT_10
G-IN1.00-P11.00-OUT05.50,0.5,1,,C/C,O/O,1.0,11.0,5.5,15.0,58.0,93.0,1.0,-1.0,18.0,12.0,10.0,4.0,18.5,15.0,10.5,7.0,37.5,PASS_95X140X5_REFERENCE,12.0,138.5,144.5,290.0,-145.0|145.0,17.5,False,FAIL,CENTER_NOMINAL_LT_4|CENTER_RESIDUAL_LT_2|BELT_NOMINAL_LT_14|BELT_RESIDUAL_LT_8|PULLEY_NOMINAL_LT_13_5|PULLEY_RESIDUAL_LT_10
G-IN1.00-P11.00-OUT06.00,0.5,1,,C/C,O/O,1.0,11.0,6.0,15.0,58.0,93.5,1.0,-1.0,18.0,12.0,10.5,4.5,18.5,15.0,11.0,7.5,37.0,PASS_95X140X5_REFERENCE,12.0,138.5,144.5,290.0,-145.0|145.0,18.0,False,FAIL,CENTER_NOMINAL_LT_4|CENTER_RESIDUAL_LT_2|BELT_NOMINAL_LT_14|BELT_RESIDUAL_LT_8|PULLEY_NOMINAL_LT_13_5|PULLEY_RESIDUAL_LT_10
G-IN1.00-P11.00-OUT06.50,0.5,1,,C/C,O/O,1.0,11.0,6.5,15.0,58.0,94.0,1.0,-1.0,18.0,12.0,11.0,5.0,18.5,15.0,11.5,8.0,36.5,PASS_95X140X5_REFERENCE,12.0,138.5,144.5,290.0,-145.0|145.0,18.5,False,FAIL,CENTER_NOMINAL_LT_4|CENTER_RESIDUAL_LT_2|BELT_NOMINAL_LT_14|BELT_RESIDUAL_LT_8|PULLEY_NOMINAL_LT_13_5|PULLEY_RESIDUAL_LT_10
G-IN1.00-P11.00-OUT07.00,0.5,1,,C/C,O/O,1.0,11.0,7.0,15.0,58.0,94.5,1.0,-1.0,18.0,12.0,11.5,5.5,18.5,15.0,12.0,8.5,36.0,PASS_95X140X5_REFERENCE,12.0,138.5,144.5,290.0,-145.0|145.0,19.0,False,FAIL,CENTER_NOMINAL_LT_4|CENTER_RESIDUAL_LT_2|BELT_NOMINAL_LT_14|BELT_RESIDUAL_LT_8|PULLEY_NOMINAL_LT_13_5|PULLEY_RESIDUAL_LT_10
G-IN1.00-P11.00-OUT07.50,0.5,1,,C/C,O/O,1.0,11.0,7.5,15.0,58.0,95.0,1.0,-1.0,18.0,12.0,12.0,6.0,18.5,15.0,12.5,9.0,35.5,PASS_95X140X5_REFERENCE,12.0,138.5,144.5,290.0,-145.0|145.0,19.5,False,FAIL,CENTER_NOMINAL_LT_4|CENTER_RESIDUAL_LT_2|BELT_NOMINAL_LT_14|BELT_RESIDUAL_LT_8|PULLEY_NOMINAL_LT_13_5|PULLEY_RESIDUAL_LT_10
G-IN1.00-P11.00-OUT08.00,0.5,1,,C/C,O/O,1.0,11.0,8.0,15.0,58.0,95.5,1.0,-1.0,18.0,12.0,12.5,6.5,18.5,15.0,13.0,9.5,35.0,PASS_95X140X5_REFERENCE,12.0,138.5,144.5,290.0,-145.0|145.0,20.0,False,FAIL,CENTER_NOMINAL_LT_4|CENTER_RESIDUAL_LT_2|BELT_NOMINAL_LT_14|BELT_RESIDUAL_LT_8|PULLEY_NOMINAL_LT_13_5|PULLEY_RESIDUAL_LT_10
G-IN1.00-P11.00-OUT08.50,0.5,1,,C/C,O/O,1.0,11.0,8.5,15.0,58.0,96.0,1.0,-1.0,18.0,12.0,13.0,7.0,18.5,15.0,13.5,10.0,34.5,PASS_95X140X5_REFERENCE,12.0,138.5,144.5,290.0,-145.0|145.0,20.5,False,FAIL,CENTER_NOMINAL_LT_4|CENTER_RESIDUAL_LT_2|BELT_NOMINAL_LT_14|BELT_RESIDUAL_LT_8
G-IN1.00-P11.00-OUT09.00,0.5,1,,C/C,O/O,1.0,11.0,9.0,15.0,58.0,96.5,1.0,-1.0,18.0,12.0,13.5,7.5,18.5,15.0,14.0,10.5,34.0,PASS_95X140X5_REFERENCE,12.0,138.5,144.5,290.0,-145.0|145.0,21.0,False,FAIL,CENTER_NOMINAL_LT_4|CENTER_RESIDUAL_LT_2|BELT_NOMINAL_LT_14|BELT_RESIDUAL_LT_8
G-IN1.00-P11.00-OUT09.50,0.5,1,,C/C,O/O,1.0,11.0,9.5,15.0,58.0,97.0,1.0,-1.0,18.0,12.0,14.0,8.0,18.5,15.0,14.5,11.0,33.5,PASS_95X140X5_REFERENCE,12.0,138.5,144.5,290.0,-145.0|145.0,21.5,False,FAIL,CENTER_NOMINAL_LT_4|CENTER_RESIDUAL_LT_2
G-IN1.00-P11.00-OUT10.00,0.5,1,,C/C,O/O,1.0,11.0,10.0,15.0,58.0,97.5,1.0,-1.0,18.0,12.0,14.5,8.5,18.5,15.0,15.0,11.5,33.0,PASS_95X140X5_REFERENCE,12.0,138.5,144.5,290.0,-145.0|145.0,22.0,False,FAIL,CENTER_NOMINAL_LT_4|CENTER_RESIDUAL_LT_2
G-IN1.00-P11.50-OUT03.00,0.5,1,,C/C,O/O,1.0,11.5,3.0,15.0,58.5,90.5,1.0,-1.0,18.5,12.5,7.0,1.0,19.0,15.5,7.5,4.0,40.0,PASS_95X140X5_REFERENCE,12.0,138.5,144.5,290.0,-145.0|145.0,15.5,False,FAIL,CENTER_NOMINAL_LT_4|CENTER_RESIDUAL_LT_2|BELT_NOMINAL_LT_14|BELT_RESIDUAL_LT_8|PULLEY_NOMINAL_LT_13_5|PULLEY_RESIDUAL_LT_10
G-IN1.00-P11.50-OUT03.50,0.5,1,,C/C,O/O,1.0,11.5,3.5,15.0,58.5,91.0,1.0,-1.0,18.5,12.5,7.5,1.5,19.0,15.5,8.0,4.5,39.5,PASS_95X140X5_REFERENCE,12.0,138.5,144.5,290.0,-145.0|145.0,16.0,False,FAIL,CENTER_NOMINAL_LT_4|CENTER_RESIDUAL_LT_2|BELT_NOMINAL_LT_14|BELT_RESIDUAL_LT_8|PULLEY_NOMINAL_LT_13_5|PULLEY_RESIDUAL_LT_10
G-IN1.00-P11.50-OUT04.00,0.5,1,,C/C,O/O,1.0,11.5,4.0,15.0,58.5,91.5,1.0,-1.0,18.5,12.5,8.0,2.0,19.0,15.5,8.5,5.0,39.0,PASS_95X140X5_REFERENCE,12.0,138.5,144.5,290.0,-145.0|145.0,16.5,False,FAIL,CENTER_NOMINAL_LT_4|CENTER_RESIDUAL_LT_2|BELT_NOMINAL_LT_14|BELT_RESIDUAL_LT_8|PULLEY_NOMINAL_LT_13_5|PULLEY_RESIDUAL_LT_10
G-IN1.00-P11.50-OUT04.50,0.5,1,,C/C,O/O,1.0,11.5,4.5,15.0,58.5,92.0,1.0,-1.0,18.5,12.5,8.5,2.5,19.0,15.5,9.0,5.5,38.5,PASS_95X140X5_REFERENCE,12.0,138.5,144.5,290.0,-145.0|145.0,17.0,False,FAIL,CENTER_NOMINAL_LT_4|CENTER_RESIDUAL_LT_2|BELT_NOMINAL_LT_14|BELT_RESIDUAL_LT_8|PULLEY_NOMINAL_LT_13_5|PULLEY_RESIDUAL_LT_10
G-IN1.00-P11.50-OUT05.00,0.5,1,,C/C,O/O,1.0,11.5,5.0,15.0,58.5,92.5,1.0,-1.0,18.5,12.5,9.0,3.0,19.0,15.5,9.5,6.0,38.0,PASS_95X140X5_REFERENCE,12.0,138.5,144.5,290.0,-145.0|145.0,17.5,False,FAIL,CENTER_NOMINAL_LT_4|CENTER_RESIDUAL_LT_2|BELT_NOMINAL_LT_14|BELT_RESIDUAL_LT_8|PULLEY_NOMINAL_LT_13_5|PULLEY_RESIDUAL_LT_10
G-IN1.00-P11.50-OUT05.50,0.5,1,,C/C,O/O,1.0,11.5,5.5,15.0,58.5,93.0,1.0,-1.0,18.5,12.5,9.5,3.5,19.0,15.5,10.0,6.5,37.5,PASS_95X140X5_REFERENCE,12.0,138.5,144.5,290.0,-145.0|145.0,18.0,False,FAIL,CENTER_NOMINAL_LT_4|CENTER_RESIDUAL_LT_2|BELT_NOMINAL_LT_14|BELT_RESIDUAL_LT_8|PULLEY_NOMINAL_LT_13_5|PULLEY_RESIDUAL_LT_10
G-IN1.00-P11.50-OUT06.00,0.5,1,,C/C,O/O,1.0,11.5,6.0,15.0,58.5,93.5,1.0,-1.0,18.5,12.5,10.0,4.0,19.0,15.5,10.5,7.0,37.0,PASS_95X140X5_REFERENCE,12.0,138.5,144.5,290.0,-145.0|145.0,18.5,False,FAIL,CENTER_NOMINAL_LT_4|CENTER_RESIDUAL_LT_2|BELT_NOMINAL_LT_14|BELT_RESIDUAL_LT_8|PULLEY_NOMINAL_LT_13_5|PULLEY_RESIDUAL_LT_10
G-IN1.00-P11.50-OUT06.50,0.5,1,,C/C,O/O,1.0,11.5,6.5,15.0,58.5,94.0,1.0,-1.0,18.5,12.5,10.5,4.5,19.0,15.5,11.0,7.5,36.5,PASS_95X140X5_REFERENCE,12.0,138.5,144.5,290.0,-145.0|145.0,19.0,False,FAIL,CENTER_NOMINAL_LT_4|CENTER_RESIDUAL_LT_2|BELT_NOMINAL_LT_14|BELT_RESIDUAL_LT_8|PULLEY_NOMINAL_LT_13_5|PULLEY_RESIDUAL_LT_10
G-IN1.00-P11.50-OUT07.00,0.5,1,,C/C,O/O,1.0,11.5,7.0,15.0,58.5,94.5,1.0,-1.0,18.5,12.5,11.0,5.0,19.0,15.5,11.5,8.0,36.0,PASS_95X140X5_REFERENCE,12.0,138.5,144.5,290.0,-145.0|145.0,19.5,False,FAIL,CENTER_NOMINAL_LT_4|CENTER_RESIDUAL_LT_2|BELT_NOMINAL_LT_14|BELT_RESIDUAL_LT_8|PULLEY_NOMINAL_LT_13_5|PULLEY_RESIDUAL_LT_10
G-IN1.00-P11.50-OUT07.50,0.5,1,,C/C,O/O,1.0,11.5,7.5,15.0,58.5,95.0,1.0,-1.0,18.5,12.5,11.5,5.5,19.0,15.5,12.0,8.5,35.5,PASS_95X140X5_REFERENCE,12.0,138.5,144.5,290.0,-145.0|145.0,20.0,False,FAIL,CENTER_NOMINAL_LT_4|CENTER_RESIDUAL_LT_2|BELT_NOMINAL_LT_14|BELT_RESIDUAL_LT_8|PULLEY_NOMINAL_LT_13_5|PULLEY_RESIDUAL_LT_10
G-IN1.00-P11.50-OUT08.00,0.5,1,,C/C,O/O,1.0,11.5,8.0,15.0,58.5,95.5,1.0,-1.0,18.5,12.5,12.0,6.0,19.0,15.5,12.5,9.0,35.0,PASS_95X140X5_REFERENCE,12.0,138.5,144.5,290.0,-145.0|145.0,20.5,False,FAIL,CENTER_NOMINAL_LT_4|CENTER_RESIDUAL_LT_2|BELT_NOMINAL_LT_14|BELT_RESIDUAL_LT_8|PULLEY_NOMINAL_LT_13_5|PULLEY_RESIDUAL_LT_10
G-IN1.00-P11.50-OUT08.50,0.5,1,,C/C,O/O,1.0,11.5,8.5,15.0,58.5,96.0,1.0,-1.0,18.5,12.5,12.5,6.5,19.0,15.5,13.0,9.5,34.5,PASS_95X140X5_REFERENCE,12.0,138.5,144.5,290.0,-145.0|145.0,21.0,False,FAIL,CENTER_NOMINAL_LT_4|CENTER_RESIDUAL_LT_2|BELT_NOMINAL_LT_14|BELT_RESIDUAL_LT_8|PULLEY_NOMINAL_LT_13_5|PULLEY_RESIDUAL_LT_10
G-IN1.00-P11.50-OUT09.00,0.5,1,,C/C,O/O,1.0,11.5,9.0,15.0,58.5,96.5,1.0,-1.0,18.5,12.5,13.0,7.0,19.0,15.5,13.5,10.0,34.0,PASS_95X140X5_REFERENCE,12.0,138.5,144.5,290.0,-145.0|145.0,21.5,False,FAIL,CENTER_NOMINAL_LT_4|CENTER_RESIDUAL_LT_2|BELT_NOMINAL_LT_14|BELT_RESIDUAL_LT_8
G-IN1.00-P11.50-OUT09.50,0.5,1,,C/C,O/O,1.0,11.5,9.5,15.0,58.5,97.0,1.0,-1.0,18.5,12.5,13.5,7.5,19.0,15.5,14.0,10.5,33.5,PASS_95X140X5_REFERENCE,12.0,138.5,144.5,290.0,-145.0|145.0,22.0,False,FAIL,CENTER_NOMINAL_LT_4|CENTER_RESIDUAL_LT_2|BELT_NOMINAL_LT_14|BELT_RESIDUAL_LT_8
G-IN1.00-P11.50-OUT10.00,0.5,1,,C/C,O/O,1.0,11.5,10.0,15.0,58.5,97.5,1.0,-1.0,18.5,12.5,14.0,8.0,19.0,15.5,14.5,11.0,33.0,PASS_95X140X5_REFERENCE,12.0,138.5,144.5,290.0,-145.0|145.0,22.5,False,FAIL,CENTER_NOMINAL_LT_4|CENTER_RESIDUAL_LT_2
G-IN1.00-P12.00-OUT03.00,0.5,1,,C/C,O/O,1.0,12.0,3.0,15.0,59.0,90.5,1.0,-1.0,19.0,13.0,6.5,0.5,19.5,16.0,7.0,3.5,40.0,PASS_95X140X5_REFERENCE,12.0,138.5,144.5,290.0,-145.0|145.0,16.0,False,FAIL,CENTER_NOMINAL_LT_4|CENTER_RESIDUAL_LT_2|BELT_NOMINAL_LT_14|BELT_RESIDUAL_LT_8|PULLEY_NOMINAL_LT_13_5|PULLEY_RESIDUAL_LT_10
G-IN1.00-P12.00-OUT03.50,0.5,1,,C/C,O/O,1.0,12.0,3.5,15.0,59.0,91.0,1.0,-1.0,19.0,13.0,7.0,1.0,19.5,16.0,7.5,4.0,39.5,PASS_95X140X5_REFERENCE,12.0,138.5,144.5,290.0,-145.0|145.0,16.5,False,FAIL,CENTER_NOMINAL_LT_4|CENTER_RESIDUAL_LT_2|BELT_NOMINAL_LT_14|BELT_RESIDUAL_LT_8|PULLEY_NOMINAL_LT_13_5|PULLEY_RESIDUAL_LT_10
G-IN1.00-P12.00-OUT04.00,0.5,1,,C/C,O/O,1.0,12.0,4.0,15.0,59.0,91.5,1.0,-1.0,19.0,13.0,7.5,1.5,19.5,16.0,8.0,4.5,39.0,PASS_95X140X5_REFERENCE,12.0,138.5,144.5,290.0,-145.0|145.0,17.0,False,FAIL,CENTER_NOMINAL_LT_4|CENTER_RESIDUAL_LT_2|BELT_NOMINAL_LT_14|BELT_RESIDUAL_LT_8|PULLEY_NOMINAL_LT_13_5|PULLEY_RESIDUAL_LT_10
G-IN1.00-P12.00-OUT04.50,0.5,1,,C/C,O/O,1.0,12.0,4.5,15.0,59.0,92.0,1.0,-1.0,19.0,13.0,8.0,2.0,19.5,16.0,8.5,5.0,38.5,PASS_95X140X5_REFERENCE,12.0,138.5,144.5,290.0,-145.0|145.0,17.5,False,FAIL,CENTER_NOMINAL_LT_4|CENTER_RESIDUAL_LT_2|BELT_NOMINAL_LT_14|BELT_RESIDUAL_LT_8|PULLEY_NOMINAL_LT_13_5|PULLEY_RESIDUAL_LT_10
G-IN1.00-P12.00-OUT05.00,0.5,1,,C/C,O/O,1.0,12.0,5.0,15.0,59.0,92.5,1.0,-1.0,19.0,13.0,8.5,2.5,19.5,16.0,9.0,5.5,38.0,PASS_95X140X5_REFERENCE,12.0,138.5,144.5,290.0,-145.0|145.0,18.0,False,FAIL,CENTER_NOMINAL_LT_4|CENTER_RESIDUAL_LT_2|BELT_NOMINAL_LT_14|BELT_RESIDUAL_LT_8|PULLEY_NOMINAL_LT_13_5|PULLEY_RESIDUAL_LT_10
G-IN1.00-P12.00-OUT05.50,0.5,1,,C/C,O/O,1.0,12.0,5.5,15.0,59.0,93.0,1.0,-1.0,19.0,13.0,9.0,3.0,19.5,16.0,9.5,6.0,37.5,PASS_95X140X5_REFERENCE,12.0,138.5,144.5,290.0,-145.0|145.0,18.5,False,FAIL,CENTER_NOMINAL_LT_4|CENTER_RESIDUAL_LT_2|BELT_NOMINAL_LT_14|BELT_RESIDUAL_LT_8|PULLEY_NOMINAL_LT_13_5|PULLEY_RESIDUAL_LT_10
G-IN1.00-P12.00-OUT06.00,0.5,1,,C/C,O/O,1.0,12.0,6.0,15.0,59.0,93.5,1.0,-1.0,19.0,13.0,9.5,3.5,19.5,16.0,10.0,6.5,37.0,PASS_95X140X5_REFERENCE,12.0,138.5,144.5,290.0,-145.0|145.0,19.0,False,FAIL,CENTER_NOMINAL_LT_4|CENTER_RESIDUAL_LT_2|BELT_NOMINAL_LT_14|BELT_RESIDUAL_LT_8|PULLEY_NOMINAL_LT_13_5|PULLEY_RESIDUAL_LT_10
G-IN1.00-P12.00-OUT06.50,0.5,1,,C/C,O/O,1.0,12.0,6.5,15.0,59.0,94.0,1.0,-1.0,19.0,13.0,10.0,4.0,19.5,16.0,10.5,7.0,36.5,PASS_95X140X5_REFERENCE,12.0,138.5,144.5,290.0,-145.0|145.0,19.5,False,FAIL,CENTER_NOMINAL_LT_4|CENTER_RESIDUAL_LT_2|BELT_NOMINAL_LT_14|BELT_RESIDUAL_LT_8|PULLEY_NOMINAL_LT_13_5|PULLEY_RESIDUAL_LT_10
G-IN1.00-P12.00-OUT07.00,0.5,1,,C/C,O/O,1.0,12.0,7.0,15.0,59.0,94.5,1.0,-1.0,19.0,13.0,10.5,4.5,19.5,16.0,11.0,7.5,36.0,PASS_95X140X5_REFERENCE,12.0,138.5,144.5,290.0,-145.0|145.0,20.0,False,FAIL,CENTER_NOMINAL_LT_4|CENTER_RESIDUAL_LT_2|BELT_NOMINAL_LT_14|BELT_RESIDUAL_LT_8|PULLEY_NOMINAL_LT_13_5|PULLEY_RESIDUAL_LT_10
G-IN1.00-P12.00-OUT07.50,0.5,1,,C/C,O/O,1.0,12.0,7.5,15.0,59.0,95.0,1.0,-1.0,19.0,13.0,11.0,5.0,19.5,16.0,11.5,8.0,35.5,PASS_95X140X5_REFERENCE,12.0,138.5,144.5,290.0,-145.0|145.0,20.5,False,FAIL,CENTER_NOMINAL_LT_4|CENTER_RESIDUAL_LT_2|BELT_NOMINAL_LT_14|BELT_RESIDUAL_LT_8|PULLEY_NOMINAL_LT_13_5|PULLEY_RESIDUAL_LT_10
G-IN1.00-P12.00-OUT08.00,0.5,1,,C/C,O/O,1.0,12.0,8.0,15.0,59.0,95.5,1.0,-1.0,19.0,13.0,11.5,5.5,19.5,16.0,12.0,8.5,35.0,PASS_95X140X5_REFERENCE,12.0,138.5,144.5,290.0,-145.0|145.0,21.0,False,FAIL,CENTER_NOMINAL_LT_4|CENTER_RESIDUAL_LT_2|BELT_NOMINAL_LT_14|BELT_RESIDUAL_LT_8|PULLEY_NOMINAL_LT_13_5|PULLEY_RESIDUAL_LT_10
G-IN1.00-P12.00-OUT08.50,0.5,1,,C/C,O/O,1.0,12.0,8.5,15.0,59.0,96.0,1.0,-1.0,19.0,13.0,12.0,6.0,19.5,16.0,12.5,9.0,34.5,PASS_95X140X5_REFERENCE,12.0,138.5,144.5,290.0,-145.0|145.0,21.5,False,FAIL,CENTER_NOMINAL_LT_4|CENTER_RESIDUAL_LT_2|BELT_NOMINAL_LT_14|BELT_RESIDUAL_LT_8|PULLEY_NOMINAL_LT_13_5|PULLEY_RESIDUAL_LT_10
G-IN1.00-P12.00-OUT09.00,0.5,1,,C/C,O/O,1.0,12.0,9.0,15.0,59.0,96.5,1.0,-1.0,19.0,13.0,12.5,6.5,19.5,16.0,13.0,9.5,34.0,PASS_95X140X5_REFERENCE,12.0,138.5,144.5,290.0,-145.0|145.0,22.0,False,FAIL,CENTER_NOMINAL_LT_4|CENTER_RESIDUAL_LT_2|BELT_NOMINAL_LT_14|BELT_RESIDUAL_LT_8|PULLEY_NOMINAL_LT_13_5|PULLEY_RESIDUAL_LT_10
G-IN1.00-P12.00-OUT09.50,0.5,1,,C/C,O/O,1.0,12.0,9.5,15.0,59.0,97.0,1.0,-1.0,19.0,13.0,13.0,7.0,19.5,16.0,13.5,10.0,33.5,PASS_95X140X5_REFERENCE,12.0,138.5,144.5,290.0,-145.0|145.0,22.5,False,FAIL,CENTER_NOMINAL_LT_4|CENTER_RESIDUAL_LT_2|BELT_NOMINAL_LT_14|BELT_RESIDUAL_LT_8
G-IN1.00-P12.00-OUT10.00,0.5,1,,C/C,O/O,1.0,12.0,10.0,15.0,59.0,97.5,1.0,-1.0,19.0,13.0,13.5,7.5,19.5,16.0,14.0,10.5,33.0,PASS_95X140X5_REFERENCE,12.0,138.5,144.5,290.0,-145.0|145.0,23.0,False,FAIL,CENTER_NOMINAL_LT_4|CENTER_RESIDUAL_LT_2|BELT_NOMINAL_LT_14|BELT_RESIDUAL_LT_8
G-IN1.50-P05.00-OUT03.00,0.5,1,,C/C,O/O,1.5,5.0,3.0,15.5,52.0,90.5,2.0,0.0,11.5,5.5,13.5,7.5,12.0,8.5,14.0,10.5,40.0,PASS_95X140X5_REFERENCE,12.0,138.0,144.0,290.0,-145.0|145.0,9.5,False,FAIL,CENTER_NOMINAL_LT_4|CENTER_RESIDUAL_LT_2|BELT_NOMINAL_LT_14|BELT_RESIDUAL_LT_8|PULLEY_NOMINAL_LT_13_5|PULLEY_RESIDUAL_LT_10
G-IN1.50-P05.00-OUT03.50,0.5,1,,C/C,O/O,1.5,5.0,3.5,15.5,52.0,91.0,2.0,0.0,11.5,5.5,14.0,8.0,12.0,8.5,14.5,11.0,39.5,PASS_95X140X5_REFERENCE,12.0,138.0,144.0,290.0,-145.0|145.0,10.0,False,FAIL,CENTER_NOMINAL_LT_4|CENTER_RESIDUAL_LT_2|BELT_NOMINAL_LT_14|BELT_RESIDUAL_LT_8|PULLEY_NOMINAL_LT_13_5|PULLEY_RESIDUAL_LT_10
G-IN1.50-P05.00-OUT04.00,0.5,1,,C/C,O/O,1.5,5.0,4.0,15.5,52.0,91.5,2.0,0.0,11.5,5.5,14.5,8.5,12.0,8.5,15.0,11.5,39.0,PASS_95X140X5_REFERENCE,12.0,138.0,144.0,290.0,-145.0|145.0,10.5,False,FAIL,CENTER_NOMINAL_LT_4|CENTER_RESIDUAL_LT_2|BELT_NOMINAL_LT_14|BELT_RESIDUAL_LT_8|PULLEY_NOMINAL_LT_13_5|PULLEY_RESIDUAL_LT_10
G-IN1.50-P05.00-OUT04.50,0.5,1,,C/C,O/O,1.5,5.0,4.5,15.5,52.0,92.0,2.0,0.0,11.5,5.5,15.0,9.0,12.0,8.5,15.5,12.0,38.5,PASS_95X140X5_REFERENCE,12.0,138.0,144.0,290.0,-145.0|145.0,11.0,False,FAIL,CENTER_NOMINAL_LT_4|CENTER_RESIDUAL_LT_2|BELT_NOMINAL_LT_14|BELT_RESIDUAL_LT_8|PULLEY_NOMINAL_LT_13_5|PULLEY_RESIDUAL_LT_10
G-IN1.50-P05.00-OUT05.00,0.5,1,,C/C,O/O,1.5,5.0,5.0,15.5,52.0,92.5,2.0,0.0,11.5,5.5,15.5,9.5,12.0,8.5,16.0,12.5,38.0,PASS_95X140X5_REFERENCE,12.0,138.0,144.0,290.0,-145.0|145.0,11.5,False,FAIL,CENTER_NOMINAL_LT_4|CENTER_RESIDUAL_LT_2|BELT_NOMINAL_LT_14|BELT_RESIDUAL_LT_8|PULLEY_NOMINAL_LT_13_5|PULLEY_RESIDUAL_LT_10
G-IN1.50-P05.00-OUT05.50,0.5,1,,C/C,O/O,1.5,5.0,5.5,15.5,52.0,93.0,2.0,0.0,11.5,5.5,16.0,10.0,12.0,8.5,16.5,13.0,37.5,PASS_95X140X5_REFERENCE,12.0,138.0,144.0,290.0,-145.0|145.0,12.0,False,FAIL,CENTER_NOMINAL_LT_4|CENTER_RESIDUAL_LT_2|BELT_NOMINAL_LT_14|BELT_RESIDUAL_LT_8|PULLEY_NOMINAL_LT_13_5|PULLEY_RESIDUAL_LT_10
G-IN1.50-P05.00-OUT06.00,0.5,1,,C/C,O/O,1.5,5.0,6.0,15.5,52.0,93.5,2.0,0.0,11.5,5.5,16.5,10.5,12.0,8.5,17.0,13.5,37.0,PASS_95X140X5_REFERENCE,12.0,138.0,144.0,290.0,-145.0|145.0,12.5,False,FAIL,CENTER_NOMINAL_LT_4|CENTER_RESIDUAL_LT_2|BELT_NOMINAL_LT_14|BELT_RESIDUAL_LT_8|PULLEY_NOMINAL_LT_13_5|PULLEY_RESIDUAL_LT_10
G-IN1.50-P05.00-OUT06.50,0.5,1,,C/C,O/O,1.5,5.0,6.5,15.5,52.0,94.0,2.0,0.0,11.5,5.5,17.0,11.0,12.0,8.5,17.5,14.0,36.5,PASS_95X140X5_REFERENCE,12.0,138.0,144.0,290.0,-145.0|145.0,13.0,False,FAIL,CENTER_NOMINAL_LT_4|CENTER_RESIDUAL_LT_2|BELT_NOMINAL_LT_14|BELT_RESIDUAL_LT_8|PULLEY_NOMINAL_LT_13_5|PULLEY_RESIDUAL_LT_10
G-IN1.50-P05.00-OUT07.00,0.5,1,,C/C,O/O,1.5,5.0,7.0,15.5,52.0,94.5,2.0,0.0,11.5,5.5,17.5,11.5,12.0,8.5,18.0,14.5,36.0,PASS_95X140X5_REFERENCE,12.0,138.0,144.0,290.0,-145.0|145.0,13.5,False,FAIL,CENTER_NOMINAL_LT_4|CENTER_RESIDUAL_LT_2|BELT_NOMINAL_LT_14|BELT_RESIDUAL_LT_8|PULLEY_NOMINAL_LT_13_5|PULLEY_RESIDUAL_LT_10
G-IN1.50-P05.00-OUT07.50,0.5,1,,C/C,O/O,1.5,5.0,7.5,15.5,52.0,95.0,2.0,0.0,11.5,5.5,18.0,12.0,12.0,8.5,18.5,15.0,35.5,PASS_95X140X5_REFERENCE,12.0,138.0,144.0,290.0,-145.0|145.0,14.0,False,FAIL,CENTER_NOMINAL_LT_4|CENTER_RESIDUAL_LT_2|BELT_NOMINAL_LT_14|BELT_RESIDUAL_LT_8|PULLEY_NOMINAL_LT_13_5|PULLEY_RESIDUAL_LT_10
G-IN1.50-P05.00-OUT08.00,0.5,1,,C/C,O/O,1.5,5.0,8.0,15.5,52.0,95.5,2.0,0.0,11.5,5.5,18.5,12.5,12.0,8.5,19.0,15.5,35.0,PASS_95X140X5_REFERENCE,12.0,138.0,144.0,290.0,-145.0|145.0,14.5,False,FAIL,CENTER_NOMINAL_LT_4|CENTER_RESIDUAL_LT_2|BELT_NOMINAL_LT_14|BELT_RESIDUAL_LT_8|PULLEY_NOMINAL_LT_13_5|PULLEY_RESIDUAL_LT_10
G-IN1.50-P05.00-OUT08.50,0.5,1,,C/C,O/O,1.5,5.0,8.5,15.5,52.0,96.0,2.0,0.0,11.5,5.5,19.0,13.0,12.0,8.5,19.5,16.0,34.5,PASS_95X140X5_REFERENCE,12.0,138.0,144.0,290.0,-145.0|145.0,15.0,False,FAIL,CENTER_NOMINAL_LT_4|CENTER_RESIDUAL_LT_2|BELT_NOMINAL_LT_14|BELT_RESIDUAL_LT_8|PULLEY_NOMINAL_LT_13_5|PULLEY_RESIDUAL_LT_10
G-IN1.50-P05.00-OUT09.00,0.5,1,,C/C,O/O,1.5,5.0,9.0,15.5,52.0,96.5,2.0,0.0,11.5,5.5,19.5,13.5,12.0,8.5,20.0,16.5,34.0,PASS_95X140X5_REFERENCE,12.0,138.0,144.0,290.0,-145.0|145.0,15.5,False,FAIL,CENTER_NOMINAL_LT_4|CENTER_RESIDUAL_LT_2|BELT_NOMINAL_LT_14|BELT_RESIDUAL_LT_8|PULLEY_NOMINAL_LT_13_5|PULLEY_RESIDUAL_LT_10
G-IN1.50-P05.00-OUT09.50,0.5,1,,C/C,O/O,1.5,5.0,9.5,15.5,52.0,97.0,2.0,0.0,11.5,5.5,20.0,14.0,12.0,8.5,20.5,17.0,33.5,PASS_95X140X5_REFERENCE,12.0,138.0,144.0,290.0,-145.0|145.0,16.0,False,FAIL,CENTER_NOMINAL_LT_4|CENTER_RESIDUAL_LT_2|BELT_NOMINAL_LT_14|BELT_RESIDUAL_LT_8|PULLEY_NOMINAL_LT_13_5|PULLEY_RESIDUAL_LT_10
G-IN1.50-P05.00-OUT10.00,0.5,1,,C/C,O/O,1.5,5.0,10.0,15.5,52.0,97.5,2.0,0.0,11.5,5.5,20.5,14.5,12.0,8.5,21.0,17.5,33.0,PASS_95X140X5_REFERENCE,12.0,138.0,144.0,290.0,-145.0|145.0,16.5,False,FAIL,CENTER_NOMINAL_LT_4|CENTER_RESIDUAL_LT_2|BELT_NOMINAL_LT_14|BELT_RESIDUAL_LT_8|PULLEY_NOMINAL_LT_13_5|PULLEY_RESIDUAL_LT_10
G-IN1.50-P05.50-OUT03.00,0.5,1,,C/C,O/O,1.5,5.5,3.0,15.5,52.5,90.5,2.0,0.0,12.0,6.0,13.0,7.0,12.5,9.0,13.5,10.0,40.0,PASS_95X140X5_REFERENCE,12.0,138.0,144.0,290.0,-145.0|145.0,10.0,False,FAIL,CENTER_NOMINAL_LT_4|CENTER_RESIDUAL_LT_2|BELT_NOMINAL_LT_14|BELT_RESIDUAL_LT_8|PULLEY_NOMINAL_LT_13_5|PULLEY_RESIDUAL_LT_10
G-IN1.50-P05.50-OUT03.50,0.5,1,,C/C,O/O,1.5,5.5,3.5,15.5,52.5,91.0,2.0,0.0,12.0,6.0,13.5,7.5,12.5,9.0,14.0,10.5,39.5,PASS_95X140X5_REFERENCE,12.0,138.0,144.0,290.0,-145.0|145.0,10.5,False,FAIL,CENTER_NOMINAL_LT_4|CENTER_RESIDUAL_LT_2|BELT_NOMINAL_LT_14|BELT_RESIDUAL_LT_8|PULLEY_NOMINAL_LT_13_5|PULLEY_RESIDUAL_LT_10
G-IN1.50-P05.50-OUT04.00,0.5,1,,C/C,O/O,1.5,5.5,4.0,15.5,52.5,91.5,2.0,0.0,12.0,6.0,14.0,8.0,12.5,9.0,14.5,11.0,39.0,PASS_95X140X5_REFERENCE,12.0,138.0,144.0,290.0,-145.0|145.0,11.0,False,FAIL,CENTER_NOMINAL_LT_4|CENTER_RESIDUAL_LT_2|BELT_NOMINAL_LT_14|BELT_RESIDUAL_LT_8|PULLEY_NOMINAL_LT_13_5|PULLEY_RESIDUAL_LT_10
G-IN1.50-P05.50-OUT04.50,0.5,1,,C/C,O/O,1.5,5.5,4.5,15.5,52.5,92.0,2.0,0.0,12.0,6.0,14.5,8.5,12.5,9.0,15.0,11.5,38.5,PASS_95X140X5_REFERENCE,12.0,138.0,144.0,290.0,-145.0|145.0,11.5,False,FAIL,CENTER_NOMINAL_LT_4|CENTER_RESIDUAL_LT_2|BELT_NOMINAL_LT_14|BELT_RESIDUAL_LT_8|PULLEY_NOMINAL_LT_13_5|PULLEY_RESIDUAL_LT_10
G-IN1.50-P05.50-OUT05.00,0.5,1,,C/C,O/O,1.5,5.5,5.0,15.5,52.5,92.5,2.0,0.0,12.0,6.0,15.0,9.0,12.5,9.0,15.5,12.0,38.0,PASS_95X140X5_REFERENCE,12.0,138.0,144.0,290.0,-145.0|145.0,12.0,False,FAIL,CENTER_NOMINAL_LT_4|CENTER_RESIDUAL_LT_2|BELT_NOMINAL_LT_14|BELT_RESIDUAL_LT_8|PULLEY_NOMINAL_LT_13_5|PULLEY_RESIDUAL_LT_10
G-IN1.50-P05.50-OUT05.50,0.5,1,,C/C,O/O,1.5,5.5,5.5,15.5,52.5,93.0,2.0,0.0,12.0,6.0,15.5,9.5,12.5,9.0,16.0,12.5,37.5,PASS_95X140X5_REFERENCE,12.0,138.0,144.0,290.0,-145.0|145.0,12.5,False,FAIL,CENTER_NOMINAL_LT_4|CENTER_RESIDUAL_LT_2|BELT_NOMINAL_LT_14|BELT_RESIDUAL_LT_8|PULLEY_NOMINAL_LT_13_5|PULLEY_RESIDUAL_LT_10
G-IN1.50-P05.50-OUT06.00,0.5,1,,C/C,O/O,1.5,5.5,6.0,15.5,52.5,93.5,2.0,0.0,12.0,6.0,16.0,10.0,12.5,9.0,16.5,13.0,37.0,PASS_95X140X5_REFERENCE,12.0,138.0,144.0,290.0,-145.0|145.0,13.0,False,FAIL,CENTER_NOMINAL_LT_4|CENTER_RESIDUAL_LT_2|BELT_NOMINAL_LT_14|BELT_RESIDUAL_LT_8|PULLEY_NOMINAL_LT_13_5|PULLEY_RESIDUAL_LT_10
G-IN1.50-P05.50-OUT06.50,0.5,1,,C/C,O/O,1.5,5.5,6.5,15.5,52.5,94.0,2.0,0.0,12.0,6.0,16.5,10.5,12.5,9.0,17.0,13.5,36.5,PASS_95X140X5_REFERENCE,12.0,138.0,144.0,290.0,-145.0|145.0,13.5,False,FAIL,CENTER_NOMINAL_LT_4|CENTER_RESIDUAL_LT_2|BELT_NOMINAL_LT_14|BELT_RESIDUAL_LT_8|PULLEY_NOMINAL_LT_13_5|PULLEY_RESIDUAL_LT_10
G-IN1.50-P05.50-OUT07.00,0.5,1,,C/C,O/O,1.5,5.5,7.0,15.5,52.5,94.5,2.0,0.0,12.0,6.0,17.0,11.0,12.5,9.0,17.5,14.0,36.0,PASS_95X140X5_REFERENCE,12.0,138.0,144.0,290.0,-145.0|145.0,14.0,False,FAIL,CENTER_NOMINAL_LT_4|CENTER_RESIDUAL_LT_2|BELT_NOMINAL_LT_14|BELT_RESIDUAL_LT_8|PULLEY_NOMINAL_LT_13_5|PULLEY_RESIDUAL_LT_10
G-IN1.50-P05.50-OUT07.50,0.5,1,,C/C,O/O,1.5,5.5,7.5,15.5,52.5,95.0,2.0,0.0,12.0,6.0,17.5,11.5,12.5,9.0,18.0,14.5,35.5,PASS_95X140X5_REFERENCE,12.0,138.0,144.0,290.0,-145.0|145.0,14.5,False,FAIL,CENTER_NOMINAL_LT_4|CENTER_RESIDUAL_LT_2|BELT_NOMINAL_LT_14|BELT_RESIDUAL_LT_8|PULLEY_NOMINAL_LT_13_5|PULLEY_RESIDUAL_LT_10
G-IN1.50-P05.50-OUT08.00,0.5,1,,C/C,O/O,1.5,5.5,8.0,15.5,52.5,95.5,2.0,0.0,12.0,6.0,18.0,12.0,12.5,9.0,18.5,15.0,35.0,PASS_95X140X5_REFERENCE,12.0,138.0,144.0,290.0,-145.0|145.0,15.0,False,FAIL,CENTER_NOMINAL_LT_4|CENTER_RESIDUAL_LT_2|BELT_NOMINAL_LT_14|BELT_RESIDUAL_LT_8|PULLEY_NOMINAL_LT_13_5|PULLEY_RESIDUAL_LT_10
G-IN1.50-P05.50-OUT08.50,0.5,1,,C/C,O/O,1.5,5.5,8.5,15.5,52.5,96.0,2.0,0.0,12.0,6.0,18.5,12.5,12.5,9.0,19.0,15.5,34.5,PASS_95X140X5_REFERENCE,12.0,138.0,144.0,290.0,-145.0|145.0,15.5,False,FAIL,CENTER_NOMINAL_LT_4|CENTER_RESIDUAL_LT_2|BELT_NOMINAL_LT_14|BELT_RESIDUAL_LT_8|PULLEY_NOMINAL_LT_13_5|PULLEY_RESIDUAL_LT_10
G-IN1.50-P05.50-OUT09.00,0.5,1,,C/C,O/O,1.5,5.5,9.0,15.5,52.5,96.5,2.0,0.0,12.0,6.0,19.0,13.0,12.5,9.0,19.5,16.0,34.0,PASS_95X140X5_REFERENCE,12.0,138.0,144.0,290.0,-145.0|145.0,16.0,False,FAIL,CENTER_NOMINAL_LT_4|CENTER_RESIDUAL_LT_2|BELT_NOMINAL_LT_14|BELT_RESIDUAL_LT_8|PULLEY_NOMINAL_LT_13_5|PULLEY_RESIDUAL_LT_10
G-IN1.50-P05.50-OUT09.50,0.5,1,,C/C,O/O,1.5,5.5,9.5,15.5,52.5,97.0,2.0,0.0,12.0,6.0,19.5,13.5,12.5,9.0,20.0,16.5,33.5,PASS_95X140X5_REFERENCE,12.0,138.0,144.0,290.0,-145.0|145.0,16.5,False,FAIL,CENTER_NOMINAL_LT_4|CENTER_RESIDUAL_LT_2|BELT_NOMINAL_LT_14|BELT_RESIDUAL_LT_8|PULLEY_NOMINAL_LT_13_5|PULLEY_RESIDUAL_LT_10
G-IN1.50-P05.50-OUT10.00,0.5,1,,C/C,O/O,1.5,5.5,10.0,15.5,52.5,97.5,2.0,0.0,12.0,6.0,20.0,14.0,12.5,9.0,20.5,17.0,33.0,PASS_95X140X5_REFERENCE,12.0,138.0,144.0,290.0,-145.0|145.0,17.0,False,FAIL,CENTER_NOMINAL_LT_4|CENTER_RESIDUAL_LT_2|BELT_NOMINAL_LT_14|BELT_RESIDUAL_LT_8|PULLEY_NOMINAL_LT_13_5|PULLEY_RESIDUAL_LT_10
G-IN1.50-P06.00-OUT03.00,0.5,1,,C/C,O/O,1.5,6.0,3.0,15.5,53.0,90.5,2.0,0.0,12.5,6.5,12.5,6.5,13.0,9.5,13.0,9.5,40.0,PASS_95X140X5_REFERENCE,12.0,138.0,144.0,290.0,-145.0|145.0,10.5,False,FAIL,CENTER_NOMINAL_LT_4|CENTER_RESIDUAL_LT_2|BELT_NOMINAL_LT_14|BELT_RESIDUAL_LT_8|PULLEY_NOMINAL_LT_13_5|PULLEY_RESIDUAL_LT_10
G-IN1.50-P06.00-OUT03.50,0.5,1,,C/C,O/O,1.5,6.0,3.5,15.5,53.0,91.0,2.0,0.0,12.5,6.5,13.0,7.0,13.0,9.5,13.5,10.0,39.5,PASS_95X140X5_REFERENCE,12.0,138.0,144.0,290.0,-145.0|145.0,11.0,False,FAIL,CENTER_NOMINAL_LT_4|CENTER_RESIDUAL_LT_2|BELT_NOMINAL_LT_14|BELT_RESIDUAL_LT_8|PULLEY_NOMINAL_LT_13_5|PULLEY_RESIDUAL_LT_10
G-IN1.50-P06.00-OUT04.00,0.5,1,,C/C,O/O,1.5,6.0,4.0,15.5,53.0,91.5,2.0,0.0,12.5,6.5,13.5,7.5,13.0,9.5,14.0,10.5,39.0,PASS_95X140X5_REFERENCE,12.0,138.0,144.0,290.0,-145.0|145.0,11.5,False,FAIL,CENTER_NOMINAL_LT_4|CENTER_RESIDUAL_LT_2|BELT_NOMINAL_LT_14|BELT_RESIDUAL_LT_8|PULLEY_NOMINAL_LT_13_5|PULLEY_RESIDUAL_LT_10
G-IN1.50-P06.00-OUT04.50,0.5,1,,C/C,O/O,1.5,6.0,4.5,15.5,53.0,92.0,2.0,0.0,12.5,6.5,14.0,8.0,13.0,9.5,14.5,11.0,38.5,PASS_95X140X5_REFERENCE,12.0,138.0,144.0,290.0,-145.0|145.0,12.0,False,FAIL,CENTER_NOMINAL_LT_4|CENTER_RESIDUAL_LT_2|BELT_NOMINAL_LT_14|BELT_RESIDUAL_LT_8|PULLEY_NOMINAL_LT_13_5|PULLEY_RESIDUAL_LT_10
G-IN1.50-P06.00-OUT05.00,0.5,1,,C/C,O/O,1.5,6.0,5.0,15.5,53.0,92.5,2.0,0.0,12.5,6.5,14.5,8.5,13.0,9.5,15.0,11.5,38.0,PASS_95X140X5_REFERENCE,12.0,138.0,144.0,290.0,-145.0|145.0,12.5,False,FAIL,CENTER_NOMINAL_LT_4|CENTER_RESIDUAL_LT_2|BELT_NOMINAL_LT_14|BELT_RESIDUAL_LT_8|PULLEY_NOMINAL_LT_13_5|PULLEY_RESIDUAL_LT_10
G-IN1.50-P06.00-OUT05.50,0.5,1,,C/C,O/O,1.5,6.0,5.5,15.5,53.0,93.0,2.0,0.0,12.5,6.5,15.0,9.0,13.0,9.5,15.5,12.0,37.5,PASS_95X140X5_REFERENCE,12.0,138.0,144.0,290.0,-145.0|145.0,13.0,False,FAIL,CENTER_NOMINAL_LT_4|CENTER_RESIDUAL_LT_2|BELT_NOMINAL_LT_14|BELT_RESIDUAL_LT_8|PULLEY_NOMINAL_LT_13_5|PULLEY_RESIDUAL_LT_10
G-IN1.50-P06.00-OUT06.00,0.5,1,,C/C,O/O,1.5,6.0,6.0,15.5,53.0,93.5,2.0,0.0,12.5,6.5,15.5,9.5,13.0,9.5,16.0,12.5,37.0,PASS_95X140X5_REFERENCE,12.0,138.0,144.0,290.0,-145.0|145.0,13.5,False,FAIL,CENTER_NOMINAL_LT_4|CENTER_RESIDUAL_LT_2|BELT_NOMINAL_LT_14|BELT_RESIDUAL_LT_8|PULLEY_NOMINAL_LT_13_5|PULLEY_RESIDUAL_LT_10
G-IN1.50-P06.00-OUT06.50,0.5,1,,C/C,O/O,1.5,6.0,6.5,15.5,53.0,94.0,2.0,0.0,12.5,6.5,16.0,10.0,13.0,9.5,16.5,13.0,36.5,PASS_95X140X5_REFERENCE,12.0,138.0,144.0,290.0,-145.0|145.0,14.0,False,FAIL,CENTER_NOMINAL_LT_4|CENTER_RESIDUAL_LT_2|BELT_NOMINAL_LT_14|BELT_RESIDUAL_LT_8|PULLEY_NOMINAL_LT_13_5|PULLEY_RESIDUAL_LT_10
G-IN1.50-P06.00-OUT07.00,0.5,1,,C/C,O/O,1.5,6.0,7.0,15.5,53.0,94.5,2.0,0.0,12.5,6.5,16.5,10.5,13.0,9.5,17.0,13.5,36.0,PASS_95X140X5_REFERENCE,12.0,138.0,144.0,290.0,-145.0|145.0,14.5,False,FAIL,CENTER_NOMINAL_LT_4|CENTER_RESIDUAL_LT_2|BELT_NOMINAL_LT_14|BELT_RESIDUAL_LT_8|PULLEY_NOMINAL_LT_13_5|PULLEY_RESIDUAL_LT_10
G-IN1.50-P06.00-OUT07.50,0.5,1,,C/C,O/O,1.5,6.0,7.5,15.5,53.0,95.0,2.0,0.0,12.5,6.5,17.0,11.0,13.0,9.5,17.5,14.0,35.5,PASS_95X140X5_REFERENCE,12.0,138.0,144.0,290.0,-145.0|145.0,15.0,False,FAIL,CENTER_NOMINAL_LT_4|CENTER_RESIDUAL_LT_2|BELT_NOMINAL_LT_14|BELT_RESIDUAL_LT_8|PULLEY_NOMINAL_LT_13_5|PULLEY_RESIDUAL_LT_10
G-IN1.50-P06.00-OUT08.00,0.5,1,,C/C,O/O,1.5,6.0,8.0,15.5,53.0,95.5,2.0,0.0,12.5,6.5,17.5,11.5,13.0,9.5,18.0,14.5,35.0,PASS_95X140X5_REFERENCE,12.0,138.0,144.0,290.0,-145.0|145.0,15.5,False,FAIL,CENTER_NOMINAL_LT_4|CENTER_RESIDUAL_LT_2|BELT_NOMINAL_LT_14|BELT_RESIDUAL_LT_8|PULLEY_NOMINAL_LT_13_5|PULLEY_RESIDUAL_LT_10
G-IN1.50-P06.00-OUT08.50,0.5,1,,C/C,O/O,1.5,6.0,8.5,15.5,53.0,96.0,2.0,0.0,12.5,6.5,18.0,12.0,13.0,9.5,18.5,15.0,34.5,PASS_95X140X5_REFERENCE,12.0,138.0,144.0,290.0,-145.0|145.0,16.0,False,FAIL,CENTER_NOMINAL_LT_4|CENTER_RESIDUAL_LT_2|BELT_NOMINAL_LT_14|BELT_RESIDUAL_LT_8|PULLEY_NOMINAL_LT_13_5|PULLEY_RESIDUAL_LT_10
G-IN1.50-P06.00-OUT09.00,0.5,1,,C/C,O/O,1.5,6.0,9.0,15.5,53.0,96.5,2.0,0.0,12.5,6.5,18.5,12.5,13.0,9.5,19.0,15.5,34.0,PASS_95X140X5_REFERENCE,12.0,138.0,144.0,290.0,-145.0|145.0,16.5,False,FAIL,CENTER_NOMINAL_LT_4|CENTER_RESIDUAL_LT_2|BELT_NOMINAL_LT_14|BELT_RESIDUAL_LT_8|PULLEY_NOMINAL_LT_13_5|PULLEY_RESIDUAL_LT_10
G-IN1.50-P06.00-OUT09.50,0.5,1,,C/C,O/O,1.5,6.0,9.5,15.5,53.0,97.0,2.0,0.0,12.5,6.5,19.0,13.0,13.0,9.5,19.5,16.0,33.5,PASS_95X140X5_REFERENCE,12.0,138.0,144.0,290.0,-145.0|145.0,17.0,False,FAIL,CENTER_NOMINAL_LT_4|CENTER_RESIDUAL_LT_2|BELT_NOMINAL_LT_14|BELT_RESIDUAL_LT_8|PULLEY_NOMINAL_LT_13_5|PULLEY_RESIDUAL_LT_10
G-IN1.50-P06.00-OUT10.00,0.5,1,,C/C,O/O,1.5,6.0,10.0,15.5,53.0,97.5,2.0,0.0,12.5,6.5,19.5,13.5,13.0,9.5,20.0,16.5,33.0,PASS_95X140X5_REFERENCE,12.0,138.0,144.0,290.0,-145.0|145.0,17.5,False,FAIL,CENTER_NOMINAL_LT_4|CENTER_RESIDUAL_LT_2|BELT_NOMINAL_LT_14|BELT_RESIDUAL_LT_8|PULLEY_NOMINAL_LT_13_5|PULLEY_RESIDUAL_LT_10
G-IN1.50-P06.50-OUT03.00,0.5,1,,C/C,O/O,1.5,6.5,3.0,15.5,53.5,90.5,2.0,0.0,13.0,7.0,12.0,6.0,13.5,10.0,12.5,9.0,40.0,PASS_95X140X5_REFERENCE,12.0,138.0,144.0,290.0,-145.0|145.0,11.0,False,FAIL,CENTER_NOMINAL_LT_4|CENTER_RESIDUAL_LT_2|BELT_NOMINAL_LT_14|BELT_RESIDUAL_LT_8|PULLEY_NOMINAL_LT_13_5|PULLEY_RESIDUAL_LT_10
G-IN1.50-P06.50-OUT03.50,0.5,1,,C/C,O/O,1.5,6.5,3.5,15.5,53.5,91.0,2.0,0.0,13.0,7.0,12.5,6.5,13.5,10.0,13.0,9.5,39.5,PASS_95X140X5_REFERENCE,12.0,138.0,144.0,290.0,-145.0|145.0,11.5,False,FAIL,CENTER_NOMINAL_LT_4|CENTER_RESIDUAL_LT_2|BELT_NOMINAL_LT_14|BELT_RESIDUAL_LT_8|PULLEY_NOMINAL_LT_13_5|PULLEY_RESIDUAL_LT_10
G-IN1.50-P06.50-OUT04.00,0.5,1,,C/C,O/O,1.5,6.5,4.0,15.5,53.5,91.5,2.0,0.0,13.0,7.0,13.0,7.0,13.5,10.0,13.5,10.0,39.0,PASS_95X140X5_REFERENCE,12.0,138.0,144.0,290.0,-145.0|145.0,12.0,False,FAIL,CENTER_NOMINAL_LT_4|CENTER_RESIDUAL_LT_2|BELT_NOMINAL_LT_14|BELT_RESIDUAL_LT_8
G-IN1.50-P06.50-OUT04.50,0.5,1,,C/C,O/O,1.5,6.5,4.5,15.5,53.5,92.0,2.0,0.0,13.0,7.0,13.5,7.5,13.5,10.0,14.0,10.5,38.5,PASS_95X140X5_REFERENCE,12.0,138.0,144.0,290.0,-145.0|145.0,12.5,False,FAIL,CENTER_NOMINAL_LT_4|CENTER_RESIDUAL_LT_2|BELT_NOMINAL_LT_14|BELT_RESIDUAL_LT_8
G-IN1.50-P06.50-OUT05.00,0.5,1,,C/C,O/O,1.5,6.5,5.0,15.5,53.5,92.5,2.0,0.0,13.0,7.0,14.0,8.0,13.5,10.0,14.5,11.0,38.0,PASS_95X140X5_REFERENCE,12.0,138.0,144.0,290.0,-145.0|145.0,13.0,False,FAIL,CENTER_NOMINAL_LT_4|CENTER_RESIDUAL_LT_2|BELT_NOMINAL_LT_14|BELT_RESIDUAL_LT_8
G-IN1.50-P06.50-OUT05.50,0.5,1,,C/C,O/O,1.5,6.5,5.5,15.5,53.5,93.0,2.0,0.0,13.0,7.0,14.5,8.5,13.5,10.0,15.0,11.5,37.5,PASS_95X140X5_REFERENCE,12.0,138.0,144.0,290.0,-145.0|145.0,13.5,False,FAIL,CENTER_NOMINAL_LT_4|CENTER_RESIDUAL_LT_2|BELT_NOMINAL_LT_14|BELT_RESIDUAL_LT_8
G-IN1.50-P06.50-OUT06.00,0.5,1,,C/C,O/O,1.5,6.5,6.0,15.5,53.5,93.5,2.0,0.0,13.0,7.0,15.0,9.0,13.5,10.0,15.5,12.0,37.0,PASS_95X140X5_REFERENCE,12.0,138.0,144.0,290.0,-145.0|145.0,14.0,False,FAIL,CENTER_NOMINAL_LT_4|CENTER_RESIDUAL_LT_2|BELT_NOMINAL_LT_14|BELT_RESIDUAL_LT_8
G-IN1.50-P06.50-OUT06.50,0.5,1,,C/C,O/O,1.5,6.5,6.5,15.5,53.5,94.0,2.0,0.0,13.0,7.0,15.5,9.5,13.5,10.0,16.0,12.5,36.5,PASS_95X140X5_REFERENCE,12.0,138.0,144.0,290.0,-145.0|145.0,14.5,False,FAIL,CENTER_NOMINAL_LT_4|CENTER_RESIDUAL_LT_2|BELT_NOMINAL_LT_14|BELT_RESIDUAL_LT_8
G-IN1.50-P06.50-OUT07.00,0.5,1,,C/C,O/O,1.5,6.5,7.0,15.5,53.5,94.5,2.0,0.0,13.0,7.0,16.0,10.0,13.5,10.0,16.5,13.0,36.0,PASS_95X140X5_REFERENCE,12.0,138.0,144.0,290.0,-145.0|145.0,15.0,False,FAIL,CENTER_NOMINAL_LT_4|CENTER_RESIDUAL_LT_2|BELT_NOMINAL_LT_14|BELT_RESIDUAL_LT_8
G-IN1.50-P06.50-OUT07.50,0.5,1,,C/C,O/O,1.5,6.5,7.5,15.5,53.5,95.0,2.0,0.0,13.0,7.0,16.5,10.5,13.5,10.0,17.0,13.5,35.5,PASS_95X140X5_REFERENCE,12.0,138.0,144.0,290.0,-145.0|145.0,15.5,False,FAIL,CENTER_NOMINAL_LT_4|CENTER_RESIDUAL_LT_2|BELT_NOMINAL_LT_14|BELT_RESIDUAL_LT_8
G-IN1.50-P06.50-OUT08.00,0.5,1,,C/C,O/O,1.5,6.5,8.0,15.5,53.5,95.5,2.0,0.0,13.0,7.0,17.0,11.0,13.5,10.0,17.5,14.0,35.0,PASS_95X140X5_REFERENCE,12.0,138.0,144.0,290.0,-145.0|145.0,16.0,False,FAIL,CENTER_NOMINAL_LT_4|CENTER_RESIDUAL_LT_2|BELT_NOMINAL_LT_14|BELT_RESIDUAL_LT_8
G-IN1.50-P06.50-OUT08.50,0.5,1,,C/C,O/O,1.5,6.5,8.5,15.5,53.5,96.0,2.0,0.0,13.0,7.0,17.5,11.5,13.5,10.0,18.0,14.5,34.5,PASS_95X140X5_REFERENCE,12.0,138.0,144.0,290.0,-145.0|145.0,16.5,False,FAIL,CENTER_NOMINAL_LT_4|CENTER_RESIDUAL_LT_2|BELT_NOMINAL_LT_14|BELT_RESIDUAL_LT_8
G-IN1.50-P06.50-OUT09.00,0.5,1,,C/C,O/O,1.5,6.5,9.0,15.5,53.5,96.5,2.0,0.0,13.0,7.0,18.0,12.0,13.5,10.0,18.5,15.0,34.0,PASS_95X140X5_REFERENCE,12.0,138.0,144.0,290.0,-145.0|145.0,17.0,False,FAIL,CENTER_NOMINAL_LT_4|CENTER_RESIDUAL_LT_2|BELT_NOMINAL_LT_14|BELT_RESIDUAL_LT_8
G-IN1.50-P06.50-OUT09.50,0.5,1,,C/C,O/O,1.5,6.5,9.5,15.5,53.5,97.0,2.0,0.0,13.0,7.0,18.5,12.5,13.5,10.0,19.0,15.5,33.5,PASS_95X140X5_REFERENCE,12.0,138.0,144.0,290.0,-145.0|145.0,17.5,False,FAIL,CENTER_NOMINAL_LT_4|CENTER_RESIDUAL_LT_2|BELT_NOMINAL_LT_14|BELT_RESIDUAL_LT_8
G-IN1.50-P06.50-OUT10.00,0.5,1,,C/C,O/O,1.5,6.5,10.0,15.5,53.5,97.5,2.0,0.0,13.0,7.0,19.0,13.0,13.5,10.0,19.5,16.0,33.0,PASS_95X140X5_REFERENCE,12.0,138.0,144.0,290.0,-145.0|145.0,18.0,False,FAIL,CENTER_NOMINAL_LT_4|CENTER_RESIDUAL_LT_2|BELT_NOMINAL_LT_14|BELT_RESIDUAL_LT_8
G-IN1.50-P07.00-OUT03.00,0.5,1,,C/C,O/O,1.5,7.0,3.0,15.5,54.0,90.5,2.0,0.0,13.5,7.5,11.5,5.5,14.0,10.5,12.0,8.5,40.0,PASS_95X140X5_REFERENCE,12.0,138.0,144.0,290.0,-145.0|145.0,11.5,False,FAIL,CENTER_NOMINAL_LT_4|CENTER_RESIDUAL_LT_2|BELT_NOMINAL_LT_14|BELT_RESIDUAL_LT_8|PULLEY_NOMINAL_LT_13_5|PULLEY_RESIDUAL_LT_10
G-IN1.50-P07.00-OUT03.50,0.5,1,,C/C,O/O,1.5,7.0,3.5,15.5,54.0,91.0,2.0,0.0,13.5,7.5,12.0,6.0,14.0,10.5,12.5,9.0,39.5,PASS_95X140X5_REFERENCE,12.0,138.0,144.0,290.0,-145.0|145.0,12.0,False,FAIL,CENTER_NOMINAL_LT_4|CENTER_RESIDUAL_LT_2|BELT_NOMINAL_LT_14|BELT_RESIDUAL_LT_8|PULLEY_NOMINAL_LT_13_5|PULLEY_RESIDUAL_LT_10
G-IN1.50-P07.00-OUT04.00,0.5,1,,C/C,O/O,1.5,7.0,4.0,15.5,54.0,91.5,2.0,0.0,13.5,7.5,12.5,6.5,14.0,10.5,13.0,9.5,39.0,PASS_95X140X5_REFERENCE,12.0,138.0,144.0,290.0,-145.0|145.0,12.5,False,FAIL,CENTER_NOMINAL_LT_4|CENTER_RESIDUAL_LT_2|BELT_NOMINAL_LT_14|BELT_RESIDUAL_LT_8|PULLEY_NOMINAL_LT_13_5|PULLEY_RESIDUAL_LT_10
G-IN1.50-P07.00-OUT04.50,0.5,1,,C/C,O/O,1.5,7.0,4.5,15.5,54.0,92.0,2.0,0.0,13.5,7.5,13.0,7.0,14.0,10.5,13.5,10.0,38.5,PASS_95X140X5_REFERENCE,12.0,138.0,144.0,290.0,-145.0|145.0,13.0,False,FAIL,CENTER_NOMINAL_LT_4|CENTER_RESIDUAL_LT_2|BELT_NOMINAL_LT_14|BELT_RESIDUAL_LT_8
G-IN1.50-P07.00-OUT05.00,0.5,1,,C/C,O/O,1.5,7.0,5.0,15.5,54.0,92.5,2.0,0.0,13.5,7.5,13.5,7.5,14.0,10.5,14.0,10.5,38.0,PASS_95X140X5_REFERENCE,12.0,138.0,144.0,290.0,-145.0|145.0,13.5,False,FAIL,CENTER_NOMINAL_LT_4|CENTER_RESIDUAL_LT_2|BELT_NOMINAL_LT_14|BELT_RESIDUAL_LT_8
G-IN1.50-P07.00-OUT05.50,0.5,1,,C/C,O/O,1.5,7.0,5.5,15.5,54.0,93.0,2.0,0.0,13.5,7.5,14.0,8.0,14.0,10.5,14.5,11.0,37.5,PASS_95X140X5_REFERENCE,12.0,138.0,144.0,290.0,-145.0|145.0,14.0,False,FAIL,CENTER_NOMINAL_LT_4|CENTER_RESIDUAL_LT_2|BELT_NOMINAL_LT_14|BELT_RESIDUAL_LT_8
G-IN1.50-P07.00-OUT06.00,0.5,1,,C/C,O/O,1.5,7.0,6.0,15.5,54.0,93.5,2.0,0.0,13.5,7.5,14.5,8.5,14.0,10.5,15.0,11.5,37.0,PASS_95X140X5_REFERENCE,12.0,138.0,144.0,290.0,-145.0|145.0,14.5,False,FAIL,CENTER_NOMINAL_LT_4|CENTER_RESIDUAL_LT_2|BELT_NOMINAL_LT_14|BELT_RESIDUAL_LT_8
G-IN1.50-P07.00-OUT06.50,0.5,1,,C/C,O/O,1.5,7.0,6.5,15.5,54.0,94.0,2.0,0.0,13.5,7.5,15.0,9.0,14.0,10.5,15.5,12.0,36.5,PASS_95X140X5_REFERENCE,12.0,138.0,144.0,290.0,-145.0|145.0,15.0,False,FAIL,CENTER_NOMINAL_LT_4|CENTER_RESIDUAL_LT_2|BELT_NOMINAL_LT_14|BELT_RESIDUAL_LT_8
G-IN1.50-P07.00-OUT07.00,0.5,1,,C/C,O/O,1.5,7.0,7.0,15.5,54.0,94.5,2.0,0.0,13.5,7.5,15.5,9.5,14.0,10.5,16.0,12.5,36.0,PASS_95X140X5_REFERENCE,12.0,138.0,144.0,290.0,-145.0|145.0,15.5,False,FAIL,CENTER_NOMINAL_LT_4|CENTER_RESIDUAL_LT_2|BELT_NOMINAL_LT_14|BELT_RESIDUAL_LT_8
G-IN1.50-P07.00-OUT07.50,0.5,1,,C/C,O/O,1.5,7.0,7.5,15.5,54.0,95.0,2.0,0.0,13.5,7.5,16.0,10.0,14.0,10.5,16.5,13.0,35.5,PASS_95X140X5_REFERENCE,12.0,138.0,144.0,290.0,-145.0|145.0,16.0,False,FAIL,CENTER_NOMINAL_LT_4|CENTER_RESIDUAL_LT_2|BELT_NOMINAL_LT_14|BELT_RESIDUAL_LT_8
G-IN1.50-P07.00-OUT08.00,0.5,1,,C/C,O/O,1.5,7.0,8.0,15.5,54.0,95.5,2.0,0.0,13.5,7.5,16.5,10.5,14.0,10.5,17.0,13.5,35.0,PASS_95X140X5_REFERENCE,12.0,138.0,144.0,290.0,-145.0|145.0,16.5,False,FAIL,CENTER_NOMINAL_LT_4|CENTER_RESIDUAL_LT_2|BELT_NOMINAL_LT_14|BELT_RESIDUAL_LT_8
G-IN1.50-P07.00-OUT08.50,0.5,1,,C/C,O/O,1.5,7.0,8.5,15.5,54.0,96.0,2.0,0.0,13.5,7.5,17.0,11.0,14.0,10.5,17.5,14.0,34.5,PASS_95X140X5_REFERENCE,12.0,138.0,144.0,290.0,-145.0|145.0,17.0,False,FAIL,CENTER_NOMINAL_LT_4|CENTER_RESIDUAL_LT_2|BELT_NOMINAL_LT_14|BELT_RESIDUAL_LT_8
G-IN1.50-P07.00-OUT09.00,0.5,1,,C/C,O/O,1.5,7.0,9.0,15.5,54.0,96.5,2.0,0.0,13.5,7.5,17.5,11.5,14.0,10.5,18.0,14.5,34.0,PASS_95X140X5_REFERENCE,12.0,138.0,144.0,290.0,-145.0|145.0,17.5,False,FAIL,CENTER_NOMINAL_LT_4|CENTER_RESIDUAL_LT_2|BELT_NOMINAL_LT_14|BELT_RESIDUAL_LT_8
G-IN1.50-P07.00-OUT09.50,0.5,1,,C/C,O/O,1.5,7.0,9.5,15.5,54.0,97.0,2.0,0.0,13.5,7.5,18.0,12.0,14.0,10.5,18.5,15.0,33.5,PASS_95X140X5_REFERENCE,12.0,138.0,144.0,290.0,-145.0|145.0,18.0,False,FAIL,CENTER_NOMINAL_LT_4|CENTER_RESIDUAL_LT_2|BELT_NOMINAL_LT_14|BELT_RESIDUAL_LT_8
G-IN1.50-P07.00-OUT10.00,0.5,1,,C/C,O/O,1.5,7.0,10.0,15.5,54.0,97.5,2.0,0.0,13.5,7.5,18.5,12.5,14.0,10.5,19.0,15.5,33.0,PASS_95X140X5_REFERENCE,12.0,138.0,144.0,290.0,-145.0|145.0,18.5,False,FAIL,CENTER_NOMINAL_LT_4|CENTER_RESIDUAL_LT_2|BELT_NOMINAL_LT_14|BELT_RESIDUAL_LT_8
G-IN1.50-P07.50-OUT03.00,0.5,1,,C/C,O/O,1.5,7.5,3.0,15.5,54.5,90.5,2.0,0.0,14.0,8.0,11.0,5.0,14.5,11.0,11.5,8.0,40.0,PASS_95X140X5_REFERENCE,12.0,138.0,144.0,290.0,-145.0|145.0,12.0,False,FAIL,CENTER_NOMINAL_LT_4|CENTER_RESIDUAL_LT_2|BELT_NOMINAL_LT_14|BELT_RESIDUAL_LT_8|PULLEY_NOMINAL_LT_13_5|PULLEY_RESIDUAL_LT_10
G-IN1.50-P07.50-OUT03.50,0.5,1,,C/C,O/O,1.5,7.5,3.5,15.5,54.5,91.0,2.0,0.0,14.0,8.0,11.5,5.5,14.5,11.0,12.0,8.5,39.5,PASS_95X140X5_REFERENCE,12.0,138.0,144.0,290.0,-145.0|145.0,12.5,False,FAIL,CENTER_NOMINAL_LT_4|CENTER_RESIDUAL_LT_2|BELT_NOMINAL_LT_14|BELT_RESIDUAL_LT_8|PULLEY_NOMINAL_LT_13_5|PULLEY_RESIDUAL_LT_10
G-IN1.50-P07.50-OUT04.00,0.5,1,,C/C,O/O,1.5,7.5,4.0,15.5,54.5,91.5,2.0,0.0,14.0,8.0,12.0,6.0,14.5,11.0,12.5,9.0,39.0,PASS_95X140X5_REFERENCE,12.0,138.0,144.0,290.0,-145.0|145.0,13.0,False,FAIL,CENTER_NOMINAL_LT_4|CENTER_RESIDUAL_LT_2|BELT_NOMINAL_LT_14|BELT_RESIDUAL_LT_8|PULLEY_NOMINAL_LT_13_5|PULLEY_RESIDUAL_LT_10
G-IN1.50-P07.50-OUT04.50,0.5,1,,C/C,O/O,1.5,7.5,4.5,15.5,54.5,92.0,2.0,0.0,14.0,8.0,12.5,6.5,14.5,11.0,13.0,9.5,38.5,PASS_95X140X5_REFERENCE,12.0,138.0,144.0,290.0,-145.0|145.0,13.5,False,FAIL,CENTER_NOMINAL_LT_4|CENTER_RESIDUAL_LT_2|BELT_NOMINAL_LT_14|BELT_RESIDUAL_LT_8|PULLEY_NOMINAL_LT_13_5|PULLEY_RESIDUAL_LT_10
G-IN1.50-P07.50-OUT05.00,0.5,1,,C/C,O/O,1.5,7.5,5.0,15.5,54.5,92.5,2.0,0.0,14.0,8.0,13.0,7.0,14.5,11.0,13.5,10.0,38.0,PASS_95X140X5_REFERENCE,12.0,138.0,144.0,290.0,-145.0|145.0,14.0,False,FAIL,CENTER_NOMINAL_LT_4|CENTER_RESIDUAL_LT_2|BELT_NOMINAL_LT_14|BELT_RESIDUAL_LT_8
G-IN1.50-P07.50-OUT05.50,0.5,1,,C/C,O/O,1.5,7.5,5.5,15.5,54.5,93.0,2.0,0.0,14.0,8.0,13.5,7.5,14.5,11.0,14.0,10.5,37.5,PASS_95X140X5_REFERENCE,12.0,138.0,144.0,290.0,-145.0|145.0,14.5,False,FAIL,CENTER_NOMINAL_LT_4|CENTER_RESIDUAL_LT_2|BELT_NOMINAL_LT_14|BELT_RESIDUAL_LT_8
G-IN1.50-P07.50-OUT06.00,0.5,1,,C/C,O/O,1.5,7.5,6.0,15.5,54.5,93.5,2.0,0.0,14.0,8.0,14.0,8.0,14.5,11.0,14.5,11.0,37.0,PASS_95X140X5_REFERENCE,12.0,138.0,144.0,290.0,-145.0|145.0,15.0,False,FAIL,CENTER_NOMINAL_LT_4|CENTER_RESIDUAL_LT_2
G-IN1.50-P07.50-OUT06.50,0.5,1,,C/C,O/O,1.5,7.5,6.5,15.5,54.5,94.0,2.0,0.0,14.0,8.0,14.5,8.5,14.5,11.0,15.0,11.5,36.5,PASS_95X140X5_REFERENCE,12.0,138.0,144.0,290.0,-145.0|145.0,15.5,False,FAIL,CENTER_NOMINAL_LT_4|CENTER_RESIDUAL_LT_2
G-IN1.50-P07.50-OUT07.00,0.5,1,,C/C,O/O,1.5,7.5,7.0,15.5,54.5,94.5,2.0,0.0,14.0,8.0,15.0,9.0,14.5,11.0,15.5,12.0,36.0,PASS_95X140X5_REFERENCE,12.0,138.0,144.0,290.0,-145.0|145.0,16.0,False,FAIL,CENTER_NOMINAL_LT_4|CENTER_RESIDUAL_LT_2
G-IN1.50-P07.50-OUT07.50,0.5,1,,C/C,O/O,1.5,7.5,7.5,15.5,54.5,95.0,2.0,0.0,14.0,8.0,15.5,9.5,14.5,11.0,16.0,12.5,35.5,PASS_95X140X5_REFERENCE,12.0,138.0,144.0,290.0,-145.0|145.0,16.5,False,FAIL,CENTER_NOMINAL_LT_4|CENTER_RESIDUAL_LT_2
G-IN1.50-P07.50-OUT08.00,0.5,1,,C/C,O/O,1.5,7.5,8.0,15.5,54.5,95.5,2.0,0.0,14.0,8.0,16.0,10.0,14.5,11.0,16.5,13.0,35.0,PASS_95X140X5_REFERENCE,12.0,138.0,144.0,290.0,-145.0|145.0,17.0,False,FAIL,CENTER_NOMINAL_LT_4|CENTER_RESIDUAL_LT_2
G-IN1.50-P07.50-OUT08.50,0.5,1,,C/C,O/O,1.5,7.5,8.5,15.5,54.5,96.0,2.0,0.0,14.0,8.0,16.5,10.5,14.5,11.0,17.0,13.5,34.5,PASS_95X140X5_REFERENCE,12.0,138.0,144.0,290.0,-145.0|145.0,17.5,False,FAIL,CENTER_NOMINAL_LT_4|CENTER_RESIDUAL_LT_2
G-IN1.50-P07.50-OUT09.00,0.5,1,,C/C,O/O,1.5,7.5,9.0,15.5,54.5,96.5,2.0,0.0,14.0,8.0,17.0,11.0,14.5,11.0,17.5,14.0,34.0,PASS_95X140X5_REFERENCE,12.0,138.0,144.0,290.0,-145.0|145.0,18.0,False,FAIL,CENTER_NOMINAL_LT_4|CENTER_RESIDUAL_LT_2
G-IN1.50-P07.50-OUT09.50,0.5,1,,C/C,O/O,1.5,7.5,9.5,15.5,54.5,97.0,2.0,0.0,14.0,8.0,17.5,11.5,14.5,11.0,18.0,14.5,33.5,PASS_95X140X5_REFERENCE,12.0,138.0,144.0,290.0,-145.0|145.0,18.5,False,FAIL,CENTER_NOMINAL_LT_4|CENTER_RESIDUAL_LT_2
G-IN1.50-P07.50-OUT10.00,0.5,1,,C/C,O/O,1.5,7.5,10.0,15.5,54.5,97.5,2.0,0.0,14.0,8.0,18.0,12.0,14.5,11.0,18.5,15.0,33.0,PASS_95X140X5_REFERENCE,12.0,138.0,144.0,290.0,-145.0|145.0,19.0,False,FAIL,CENTER_NOMINAL_LT_4|CENTER_RESIDUAL_LT_2
G-IN1.50-P08.00-OUT03.00,0.5,1,,C/C,O/O,1.5,8.0,3.0,15.5,55.0,90.5,2.0,0.0,14.5,8.5,10.5,4.5,15.0,11.5,11.0,7.5,40.0,PASS_95X140X5_REFERENCE,12.0,138.0,144.0,290.0,-145.0|145.0,12.5,False,FAIL,CENTER_NOMINAL_LT_4|CENTER_RESIDUAL_LT_2|BELT_NOMINAL_LT_14|BELT_RESIDUAL_LT_8|PULLEY_NOMINAL_LT_13_5|PULLEY_RESIDUAL_LT_10
G-IN1.50-P08.00-OUT03.50,0.5,1,,C/C,O/O,1.5,8.0,3.5,15.5,55.0,91.0,2.0,0.0,14.5,8.5,11.0,5.0,15.0,11.5,11.5,8.0,39.5,PASS_95X140X5_REFERENCE,12.0,138.0,144.0,290.0,-145.0|145.0,13.0,False,FAIL,CENTER_NOMINAL_LT_4|CENTER_RESIDUAL_LT_2|BELT_NOMINAL_LT_14|BELT_RESIDUAL_LT_8|PULLEY_NOMINAL_LT_13_5|PULLEY_RESIDUAL_LT_10
G-IN1.50-P08.00-OUT04.00,0.5,1,,C/C,O/O,1.5,8.0,4.0,15.5,55.0,91.5,2.0,0.0,14.5,8.5,11.5,5.5,15.0,11.5,12.0,8.5,39.0,PASS_95X140X5_REFERENCE,12.0,138.0,144.0,290.0,-145.0|145.0,13.5,False,FAIL,CENTER_NOMINAL_LT_4|CENTER_RESIDUAL_LT_2|BELT_NOMINAL_LT_14|BELT_RESIDUAL_LT_8|PULLEY_NOMINAL_LT_13_5|PULLEY_RESIDUAL_LT_10
G-IN1.50-P08.00-OUT04.50,0.5,1,,C/C,O/O,1.5,8.0,4.5,15.5,55.0,92.0,2.0,0.0,14.5,8.5,12.0,6.0,15.0,11.5,12.5,9.0,38.5,PASS_95X140X5_REFERENCE,12.0,138.0,144.0,290.0,-145.0|145.0,14.0,False,FAIL,CENTER_NOMINAL_LT_4|CENTER_RESIDUAL_LT_2|BELT_NOMINAL_LT_14|BELT_RESIDUAL_LT_8|PULLEY_NOMINAL_LT_13_5|PULLEY_RESIDUAL_LT_10
G-IN1.50-P08.00-OUT05.00,0.5,1,,C/C,O/O,1.5,8.0,5.0,15.5,55.0,92.5,2.0,0.0,14.5,8.5,12.5,6.5,15.0,11.5,13.0,9.5,38.0,PASS_95X140X5_REFERENCE,12.0,138.0,144.0,290.0,-145.0|145.0,14.5,False,FAIL,CENTER_NOMINAL_LT_4|CENTER_RESIDUAL_LT_2|BELT_NOMINAL_LT_14|BELT_RESIDUAL_LT_8|PULLEY_NOMINAL_LT_13_5|PULLEY_RESIDUAL_LT_10
G-IN1.50-P08.00-OUT05.50,0.5,1,,C/C,O/O,1.5,8.0,5.5,15.5,55.0,93.0,2.0,0.0,14.5,8.5,13.0,7.0,15.0,11.5,13.5,10.0,37.5,PASS_95X140X5_REFERENCE,12.0,138.0,144.0,290.0,-145.0|145.0,15.0,False,FAIL,CENTER_NOMINAL_LT_4|CENTER_RESIDUAL_LT_2|BELT_NOMINAL_LT_14|BELT_RESIDUAL_LT_8
G-IN1.50-P08.00-OUT06.00,0.5,1,,C/C,O/O,1.5,8.0,6.0,15.5,55.0,93.5,2.0,0.0,14.5,8.5,13.5,7.5,15.0,11.5,14.0,10.5,37.0,PASS_95X140X5_REFERENCE,12.0,138.0,144.0,290.0,-145.0|145.0,15.5,False,FAIL,CENTER_NOMINAL_LT_4|CENTER_RESIDUAL_LT_2|BELT_NOMINAL_LT_14|BELT_RESIDUAL_LT_8
G-IN1.50-P08.00-OUT06.50,0.5,1,,C/C,O/O,1.5,8.0,6.5,15.5,55.0,94.0,2.0,0.0,14.5,8.5,14.0,8.0,15.0,11.5,14.5,11.0,36.5,PASS_95X140X5_REFERENCE,12.0,138.0,144.0,290.0,-145.0|145.0,16.0,False,FAIL,CENTER_NOMINAL_LT_4|CENTER_RESIDUAL_LT_2
G-IN1.50-P08.00-OUT07.00,0.5,1,,C/C,O/O,1.5,8.0,7.0,15.5,55.0,94.5,2.0,0.0,14.5,8.5,14.5,8.5,15.0,11.5,15.0,11.5,36.0,PASS_95X140X5_REFERENCE,12.0,138.0,144.0,290.0,-145.0|145.0,16.5,False,FAIL,CENTER_NOMINAL_LT_4|CENTER_RESIDUAL_LT_2
G-IN1.50-P08.00-OUT07.50,0.5,1,,C/C,O/O,1.5,8.0,7.5,15.5,55.0,95.0,2.0,0.0,14.5,8.5,15.0,9.0,15.0,11.5,15.5,12.0,35.5,PASS_95X140X5_REFERENCE,12.0,138.0,144.0,290.0,-145.0|145.0,17.0,False,FAIL,CENTER_NOMINAL_LT_4|CENTER_RESIDUAL_LT_2
G-IN1.50-P08.00-OUT08.00,0.5,1,,C/C,O/O,1.5,8.0,8.0,15.5,55.0,95.5,2.0,0.0,14.5,8.5,15.5,9.5,15.0,11.5,16.0,12.5,35.0,PASS_95X140X5_REFERENCE,12.0,138.0,144.0,290.0,-145.0|145.0,17.5,False,FAIL,CENTER_NOMINAL_LT_4|CENTER_RESIDUAL_LT_2
G-IN1.50-P08.00-OUT08.50,0.5,1,,C/C,O/O,1.5,8.0,8.5,15.5,55.0,96.0,2.0,0.0,14.5,8.5,16.0,10.0,15.0,11.5,16.5,13.0,34.5,PASS_95X140X5_REFERENCE,12.0,138.0,144.0,290.0,-145.0|145.0,18.0,False,FAIL,CENTER_NOMINAL_LT_4|CENTER_RESIDUAL_LT_2
G-IN1.50-P08.00-OUT09.00,0.5,1,,C/C,O/O,1.5,8.0,9.0,15.5,55.0,96.5,2.0,0.0,14.5,8.5,16.5,10.5,15.0,11.5,17.0,13.5,34.0,PASS_95X140X5_REFERENCE,12.0,138.0,144.0,290.0,-145.0|145.0,18.5,False,FAIL,CENTER_NOMINAL_LT_4|CENTER_RESIDUAL_LT_2
G-IN1.50-P08.00-OUT09.50,0.5,1,,C/C,O/O,1.5,8.0,9.5,15.5,55.0,97.0,2.0,0.0,14.5,8.5,17.0,11.0,15.0,11.5,17.5,14.0,33.5,PASS_95X140X5_REFERENCE,12.0,138.0,144.0,290.0,-145.0|145.0,19.0,False,FAIL,CENTER_NOMINAL_LT_4|CENTER_RESIDUAL_LT_2
G-IN1.50-P08.00-OUT10.00,0.5,1,,C/C,O/O,1.5,8.0,10.0,15.5,55.0,97.5,2.0,0.0,14.5,8.5,17.5,11.5,15.0,11.5,18.0,14.5,33.0,PASS_95X140X5_REFERENCE,12.0,138.0,144.0,290.0,-145.0|145.0,19.5,False,FAIL,CENTER_NOMINAL_LT_4|CENTER_RESIDUAL_LT_2
G-IN1.50-P08.50-OUT03.00,0.5,1,,C/C,O/O,1.5,8.5,3.0,15.5,55.5,90.5,2.0,0.0,15.0,9.0,10.0,4.0,15.5,12.0,10.5,7.0,40.0,PASS_95X140X5_REFERENCE,12.0,138.0,144.0,290.0,-145.0|145.0,13.0,False,FAIL,CENTER_NOMINAL_LT_4|CENTER_RESIDUAL_LT_2|BELT_NOMINAL_LT_14|BELT_RESIDUAL_LT_8|PULLEY_NOMINAL_LT_13_5|PULLEY_RESIDUAL_LT_10
G-IN1.50-P08.50-OUT03.50,0.5,1,,C/C,O/O,1.5,8.5,3.5,15.5,55.5,91.0,2.0,0.0,15.0,9.0,10.5,4.5,15.5,12.0,11.0,7.5,39.5,PASS_95X140X5_REFERENCE,12.0,138.0,144.0,290.0,-145.0|145.0,13.5,False,FAIL,CENTER_NOMINAL_LT_4|CENTER_RESIDUAL_LT_2|BELT_NOMINAL_LT_14|BELT_RESIDUAL_LT_8|PULLEY_NOMINAL_LT_13_5|PULLEY_RESIDUAL_LT_10
G-IN1.50-P08.50-OUT04.00,0.5,1,,C/C,O/O,1.5,8.5,4.0,15.5,55.5,91.5,2.0,0.0,15.0,9.0,11.0,5.0,15.5,12.0,11.5,8.0,39.0,PASS_95X140X5_REFERENCE,12.0,138.0,144.0,290.0,-145.0|145.0,14.0,False,FAIL,CENTER_NOMINAL_LT_4|CENTER_RESIDUAL_LT_2|BELT_NOMINAL_LT_14|BELT_RESIDUAL_LT_8|PULLEY_NOMINAL_LT_13_5|PULLEY_RESIDUAL_LT_10
G-IN1.50-P08.50-OUT04.50,0.5,1,,C/C,O/O,1.5,8.5,4.5,15.5,55.5,92.0,2.0,0.0,15.0,9.0,11.5,5.5,15.5,12.0,12.0,8.5,38.5,PASS_95X140X5_REFERENCE,12.0,138.0,144.0,290.0,-145.0|145.0,14.5,False,FAIL,CENTER_NOMINAL_LT_4|CENTER_RESIDUAL_LT_2|BELT_NOMINAL_LT_14|BELT_RESIDUAL_LT_8|PULLEY_NOMINAL_LT_13_5|PULLEY_RESIDUAL_LT_10
G-IN1.50-P08.50-OUT05.00,0.5,1,,C/C,O/O,1.5,8.5,5.0,15.5,55.5,92.5,2.0,0.0,15.0,9.0,12.0,6.0,15.5,12.0,12.5,9.0,38.0,PASS_95X140X5_REFERENCE,12.0,138.0,144.0,290.0,-145.0|145.0,15.0,False,FAIL,CENTER_NOMINAL_LT_4|CENTER_RESIDUAL_LT_2|BELT_NOMINAL_LT_14|BELT_RESIDUAL_LT_8|PULLEY_NOMINAL_LT_13_5|PULLEY_RESIDUAL_LT_10
G-IN1.50-P08.50-OUT05.50,0.5,1,,C/C,O/O,1.5,8.5,5.5,15.5,55.5,93.0,2.0,0.0,15.0,9.0,12.5,6.5,15.5,12.0,13.0,9.5,37.5,PASS_95X140X5_REFERENCE,12.0,138.0,144.0,290.0,-145.0|145.0,15.5,False,FAIL,CENTER_NOMINAL_LT_4|CENTER_RESIDUAL_LT_2|BELT_NOMINAL_LT_14|BELT_RESIDUAL_LT_8|PULLEY_NOMINAL_LT_13_5|PULLEY_RESIDUAL_LT_10
G-IN1.50-P08.50-OUT06.00,0.5,1,,C/C,O/O,1.5,8.5,6.0,15.5,55.5,93.5,2.0,0.0,15.0,9.0,13.0,7.0,15.5,12.0,13.5,10.0,37.0,PASS_95X140X5_REFERENCE,12.0,138.0,144.0,290.0,-145.0|145.0,16.0,False,FAIL,CENTER_NOMINAL_LT_4|CENTER_RESIDUAL_LT_2|BELT_NOMINAL_LT_14|BELT_RESIDUAL_LT_8
G-IN1.50-P08.50-OUT06.50,0.5,1,,C/C,O/O,1.5,8.5,6.5,15.5,55.5,94.0,2.0,0.0,15.0,9.0,13.5,7.5,15.5,12.0,14.0,10.5,36.5,PASS_95X140X5_REFERENCE,12.0,138.0,144.0,290.0,-145.0|145.0,16.5,False,FAIL,CENTER_NOMINAL_LT_4|CENTER_RESIDUAL_LT_2|BELT_NOMINAL_LT_14|BELT_RESIDUAL_LT_8
G-IN1.50-P08.50-OUT07.00,0.5,1,,C/C,O/O,1.5,8.5,7.0,15.5,55.5,94.5,2.0,0.0,15.0,9.0,14.0,8.0,15.5,12.0,14.5,11.0,36.0,PASS_95X140X5_REFERENCE,12.0,138.0,144.0,290.0,-145.0|145.0,17.0,False,FAIL,CENTER_NOMINAL_LT_4|CENTER_RESIDUAL_LT_2
G-IN1.50-P08.50-OUT07.50,0.5,1,,C/C,O/O,1.5,8.5,7.5,15.5,55.5,95.0,2.0,0.0,15.0,9.0,14.5,8.5,15.5,12.0,15.0,11.5,35.5,PASS_95X140X5_REFERENCE,12.0,138.0,144.0,290.0,-145.0|145.0,17.5,False,FAIL,CENTER_NOMINAL_LT_4|CENTER_RESIDUAL_LT_2
G-IN1.50-P08.50-OUT08.00,0.5,1,,C/C,O/O,1.5,8.5,8.0,15.5,55.5,95.5,2.0,0.0,15.0,9.0,15.0,9.0,15.5,12.0,15.5,12.0,35.0,PASS_95X140X5_REFERENCE,12.0,138.0,144.0,290.0,-145.0|145.0,18.0,False,FAIL,CENTER_NOMINAL_LT_4|CENTER_RESIDUAL_LT_2
G-IN1.50-P08.50-OUT08.50,0.5,1,,C/C,O/O,1.5,8.5,8.5,15.5,55.5,96.0,2.0,0.0,15.0,9.0,15.5,9.5,15.5,12.0,16.0,12.5,34.5,PASS_95X140X5_REFERENCE,12.0,138.0,144.0,290.0,-145.0|145.0,18.5,False,FAIL,CENTER_NOMINAL_LT_4|CENTER_RESIDUAL_LT_2
G-IN1.50-P08.50-OUT09.00,0.5,1,,C/C,O/O,1.5,8.5,9.0,15.5,55.5,96.5,2.0,0.0,15.0,9.0,16.0,10.0,15.5,12.0,16.5,13.0,34.0,PASS_95X140X5_REFERENCE,12.0,138.0,144.0,290.0,-145.0|145.0,19.0,False,FAIL,CENTER_NOMINAL_LT_4|CENTER_RESIDUAL_LT_2
G-IN1.50-P08.50-OUT09.50,0.5,1,,C/C,O/O,1.5,8.5,9.5,15.5,55.5,97.0,2.0,0.0,15.0,9.0,16.5,10.5,15.5,12.0,17.0,13.5,33.5,PASS_95X140X5_REFERENCE,12.0,138.0,144.0,290.0,-145.0|145.0,19.5,False,FAIL,CENTER_NOMINAL_LT_4|CENTER_RESIDUAL_LT_2
G-IN1.50-P08.50-OUT10.00,0.5,1,,C/C,O/O,1.5,8.5,10.0,15.5,55.5,97.5,2.0,0.0,15.0,9.0,17.0,11.0,15.5,12.0,17.5,14.0,33.0,PASS_95X140X5_REFERENCE,12.0,138.0,144.0,290.0,-145.0|145.0,20.0,False,FAIL,CENTER_NOMINAL_LT_4|CENTER_RESIDUAL_LT_2
G-IN1.50-P09.00-OUT03.00,0.5,1,,C/C,O/O,1.5,9.0,3.0,15.5,56.0,90.5,2.0,0.0,15.5,9.5,9.5,3.5,16.0,12.5,10.0,6.5,40.0,PASS_95X140X5_REFERENCE,12.0,138.0,144.0,290.0,-145.0|145.0,13.5,False,FAIL,CENTER_NOMINAL_LT_4|CENTER_RESIDUAL_LT_2|BELT_NOMINAL_LT_14|BELT_RESIDUAL_LT_8|PULLEY_NOMINAL_LT_13_5|PULLEY_RESIDUAL_LT_10
G-IN1.50-P09.00-OUT03.50,0.5,1,,C/C,O/O,1.5,9.0,3.5,15.5,56.0,91.0,2.0,0.0,15.5,9.5,10.0,4.0,16.0,12.5,10.5,7.0,39.5,PASS_95X140X5_REFERENCE,12.0,138.0,144.0,290.0,-145.0|145.0,14.0,False,FAIL,CENTER_NOMINAL_LT_4|CENTER_RESIDUAL_LT_2|BELT_NOMINAL_LT_14|BELT_RESIDUAL_LT_8|PULLEY_NOMINAL_LT_13_5|PULLEY_RESIDUAL_LT_10
G-IN1.50-P09.00-OUT04.00,0.5,1,,C/C,O/O,1.5,9.0,4.0,15.5,56.0,91.5,2.0,0.0,15.5,9.5,10.5,4.5,16.0,12.5,11.0,7.5,39.0,PASS_95X140X5_REFERENCE,12.0,138.0,144.0,290.0,-145.0|145.0,14.5,False,FAIL,CENTER_NOMINAL_LT_4|CENTER_RESIDUAL_LT_2|BELT_NOMINAL_LT_14|BELT_RESIDUAL_LT_8|PULLEY_NOMINAL_LT_13_5|PULLEY_RESIDUAL_LT_10
G-IN1.50-P09.00-OUT04.50,0.5,1,,C/C,O/O,1.5,9.0,4.5,15.5,56.0,92.0,2.0,0.0,15.5,9.5,11.0,5.0,16.0,12.5,11.5,8.0,38.5,PASS_95X140X5_REFERENCE,12.0,138.0,144.0,290.0,-145.0|145.0,15.0,False,FAIL,CENTER_NOMINAL_LT_4|CENTER_RESIDUAL_LT_2|BELT_NOMINAL_LT_14|BELT_RESIDUAL_LT_8|PULLEY_NOMINAL_LT_13_5|PULLEY_RESIDUAL_LT_10
G-IN1.50-P09.00-OUT05.00,0.5,1,,C/C,O/O,1.5,9.0,5.0,15.5,56.0,92.5,2.0,0.0,15.5,9.5,11.5,5.5,16.0,12.5,12.0,8.5,38.0,PASS_95X140X5_REFERENCE,12.0,138.0,144.0,290.0,-145.0|145.0,15.5,False,FAIL,CENTER_NOMINAL_LT_4|CENTER_RESIDUAL_LT_2|BELT_NOMINAL_LT_14|BELT_RESIDUAL_LT_8|PULLEY_NOMINAL_LT_13_5|PULLEY_RESIDUAL_LT_10
G-IN1.50-P09.00-OUT05.50,0.5,1,,C/C,O/O,1.5,9.0,5.5,15.5,56.0,93.0,2.0,0.0,15.5,9.5,12.0,6.0,16.0,12.5,12.5,9.0,37.5,PASS_95X140X5_REFERENCE,12.0,138.0,144.0,290.0,-145.0|145.0,16.0,False,FAIL,CENTER_NOMINAL_LT_4|CENTER_RESIDUAL_LT_2|BELT_NOMINAL_LT_14|BELT_RESIDUAL_LT_8|PULLEY_NOMINAL_LT_13_5|PULLEY_RESIDUAL_LT_10
G-IN1.50-P09.00-OUT06.00,0.5,1,,C/C,O/O,1.5,9.0,6.0,15.5,56.0,93.5,2.0,0.0,15.5,9.5,12.5,6.5,16.0,12.5,13.0,9.5,37.0,PASS_95X140X5_REFERENCE,12.0,138.0,144.0,290.0,-145.0|145.0,16.5,False,FAIL,CENTER_NOMINAL_LT_4|CENTER_RESIDUAL_LT_2|BELT_NOMINAL_LT_14|BELT_RESIDUAL_LT_8|PULLEY_NOMINAL_LT_13_5|PULLEY_RESIDUAL_LT_10
G-IN1.50-P09.00-OUT06.50,0.5,1,,C/C,O/O,1.5,9.0,6.5,15.5,56.0,94.0,2.0,0.0,15.5,9.5,13.0,7.0,16.0,12.5,13.5,10.0,36.5,PASS_95X140X5_REFERENCE,12.0,138.0,144.0,290.0,-145.0|145.0,17.0,False,FAIL,CENTER_NOMINAL_LT_4|CENTER_RESIDUAL_LT_2|BELT_NOMINAL_LT_14|BELT_RESIDUAL_LT_8
G-IN1.50-P09.00-OUT07.00,0.5,1,,C/C,O/O,1.5,9.0,7.0,15.5,56.0,94.5,2.0,0.0,15.5,9.5,13.5,7.5,16.0,12.5,14.0,10.5,36.0,PASS_95X140X5_REFERENCE,12.0,138.0,144.0,290.0,-145.0|145.0,17.5,False,FAIL,CENTER_NOMINAL_LT_4|CENTER_RESIDUAL_LT_2|BELT_NOMINAL_LT_14|BELT_RESIDUAL_LT_8
G-IN1.50-P09.00-OUT07.50,0.5,1,,C/C,O/O,1.5,9.0,7.5,15.5,56.0,95.0,2.0,0.0,15.5,9.5,14.0,8.0,16.0,12.5,14.5,11.0,35.5,PASS_95X140X5_REFERENCE,12.0,138.0,144.0,290.0,-145.0|145.0,18.0,False,FAIL,CENTER_NOMINAL_LT_4|CENTER_RESIDUAL_LT_2
G-IN1.50-P09.00-OUT08.00,0.5,1,,C/C,O/O,1.5,9.0,8.0,15.5,56.0,95.5,2.0,0.0,15.5,9.5,14.5,8.5,16.0,12.5,15.0,11.5,35.0,PASS_95X140X5_REFERENCE,12.0,138.0,144.0,290.0,-145.0|145.0,18.5,False,FAIL,CENTER_NOMINAL_LT_4|CENTER_RESIDUAL_LT_2
G-IN1.50-P09.00-OUT08.50,0.5,1,,C/C,O/O,1.5,9.0,8.5,15.5,56.0,96.0,2.0,0.0,15.5,9.5,15.0,9.0,16.0,12.5,15.5,12.0,34.5,PASS_95X140X5_REFERENCE,12.0,138.0,144.0,290.0,-145.0|145.0,19.0,False,FAIL,CENTER_NOMINAL_LT_4|CENTER_RESIDUAL_LT_2
G-IN1.50-P09.00-OUT09.00,0.5,1,,C/C,O/O,1.5,9.0,9.0,15.5,56.0,96.5,2.0,0.0,15.5,9.5,15.5,9.5,16.0,12.5,16.0,12.5,34.0,PASS_95X140X5_REFERENCE,12.0,138.0,144.0,290.0,-145.0|145.0,19.5,False,FAIL,CENTER_NOMINAL_LT_4|CENTER_RESIDUAL_LT_2
G-IN1.50-P09.00-OUT09.50,0.5,1,,C/C,O/O,1.5,9.0,9.5,15.5,56.0,97.0,2.0,0.0,15.5,9.5,16.0,10.0,16.0,12.5,16.5,13.0,33.5,PASS_95X140X5_REFERENCE,12.0,138.0,144.0,290.0,-145.0|145.0,20.0,False,FAIL,CENTER_NOMINAL_LT_4|CENTER_RESIDUAL_LT_2
G-IN1.50-P09.00-OUT10.00,0.5,1,,C/C,O/O,1.5,9.0,10.0,15.5,56.0,97.5,2.0,0.0,15.5,9.5,16.5,10.5,16.0,12.5,17.0,13.5,33.0,PASS_95X140X5_REFERENCE,12.0,138.0,144.0,290.0,-145.0|145.0,20.5,False,FAIL,CENTER_NOMINAL_LT_4|CENTER_RESIDUAL_LT_2
G-IN1.50-P09.50-OUT03.00,0.5,1,,C/C,O/O,1.5,9.5,3.0,15.5,56.5,90.5,2.0,0.0,16.0,10.0,9.0,3.0,16.5,13.0,9.5,6.0,40.0,PASS_95X140X5_REFERENCE,12.0,138.0,144.0,290.0,-145.0|145.0,14.0,False,FAIL,CENTER_NOMINAL_LT_4|CENTER_RESIDUAL_LT_2|BELT_NOMINAL_LT_14|BELT_RESIDUAL_LT_8|PULLEY_NOMINAL_LT_13_5|PULLEY_RESIDUAL_LT_10
G-IN1.50-P09.50-OUT03.50,0.5,1,,C/C,O/O,1.5,9.5,3.5,15.5,56.5,91.0,2.0,0.0,16.0,10.0,9.5,3.5,16.5,13.0,10.0,6.5,39.5,PASS_95X140X5_REFERENCE,12.0,138.0,144.0,290.0,-145.0|145.0,14.5,False,FAIL,CENTER_NOMINAL_LT_4|CENTER_RESIDUAL_LT_2|BELT_NOMINAL_LT_14|BELT_RESIDUAL_LT_8|PULLEY_NOMINAL_LT_13_5|PULLEY_RESIDUAL_LT_10
G-IN1.50-P09.50-OUT04.00,0.5,1,,C/C,O/O,1.5,9.5,4.0,15.5,56.5,91.5,2.0,0.0,16.0,10.0,10.0,4.0,16.5,13.0,10.5,7.0,39.0,PASS_95X140X5_REFERENCE,12.0,138.0,144.0,290.0,-145.0|145.0,15.0,False,FAIL,CENTER_NOMINAL_LT_4|CENTER_RESIDUAL_LT_2|BELT_NOMINAL_LT_14|BELT_RESIDUAL_LT_8|PULLEY_NOMINAL_LT_13_5|PULLEY_RESIDUAL_LT_10
G-IN1.50-P09.50-OUT04.50,0.5,1,,C/C,O/O,1.5,9.5,4.5,15.5,56.5,92.0,2.0,0.0,16.0,10.0,10.5,4.5,16.5,13.0,11.0,7.5,38.5,PASS_95X140X5_REFERENCE,12.0,138.0,144.0,290.0,-145.0|145.0,15.5,False,FAIL,CENTER_NOMINAL_LT_4|CENTER_RESIDUAL_LT_2|BELT_NOMINAL_LT_14|BELT_RESIDUAL_LT_8|PULLEY_NOMINAL_LT_13_5|PULLEY_RESIDUAL_LT_10
G-IN1.50-P09.50-OUT05.00,0.5,1,,C/C,O/O,1.5,9.5,5.0,15.5,56.5,92.5,2.0,0.0,16.0,10.0,11.0,5.0,16.5,13.0,11.5,8.0,38.0,PASS_95X140X5_REFERENCE,12.0,138.0,144.0,290.0,-145.0|145.0,16.0,False,FAIL,CENTER_NOMINAL_LT_4|CENTER_RESIDUAL_LT_2|BELT_NOMINAL_LT_14|BELT_RESIDUAL_LT_8|PULLEY_NOMINAL_LT_13_5|PULLEY_RESIDUAL_LT_10
G-IN1.50-P09.50-OUT05.50,0.5,1,,C/C,O/O,1.5,9.5,5.5,15.5,56.5,93.0,2.0,0.0,16.0,10.0,11.5,5.5,16.5,13.0,12.0,8.5,37.5,PASS_95X140X5_REFERENCE,12.0,138.0,144.0,290.0,-145.0|145.0,16.5,False,FAIL,CENTER_NOMINAL_LT_4|CENTER_RESIDUAL_LT_2|BELT_NOMINAL_LT_14|BELT_RESIDUAL_LT_8|PULLEY_NOMINAL_LT_13_5|PULLEY_RESIDUAL_LT_10
G-IN1.50-P09.50-OUT06.00,0.5,1,,C/C,O/O,1.5,9.5,6.0,15.5,56.5,93.5,2.0,0.0,16.0,10.0,12.0,6.0,16.5,13.0,12.5,9.0,37.0,PASS_95X140X5_REFERENCE,12.0,138.0,144.0,290.0,-145.0|145.0,17.0,False,FAIL,CENTER_NOMINAL_LT_4|CENTER_RESIDUAL_LT_2|BELT_NOMINAL_LT_14|BELT_RESIDUAL_LT_8|PULLEY_NOMINAL_LT_13_5|PULLEY_RESIDUAL_LT_10
G-IN1.50-P09.50-OUT06.50,0.5,1,,C/C,O/O,1.5,9.5,6.5,15.5,56.5,94.0,2.0,0.0,16.0,10.0,12.5,6.5,16.5,13.0,13.0,9.5,36.5,PASS_95X140X5_REFERENCE,12.0,138.0,144.0,290.0,-145.0|145.0,17.5,False,FAIL,CENTER_NOMINAL_LT_4|CENTER_RESIDUAL_LT_2|BELT_NOMINAL_LT_14|BELT_RESIDUAL_LT_8|PULLEY_NOMINAL_LT_13_5|PULLEY_RESIDUAL_LT_10
G-IN1.50-P09.50-OUT07.00,0.5,1,,C/C,O/O,1.5,9.5,7.0,15.5,56.5,94.5,2.0,0.0,16.0,10.0,13.0,7.0,16.5,13.0,13.5,10.0,36.0,PASS_95X140X5_REFERENCE,12.0,138.0,144.0,290.0,-145.0|145.0,18.0,False,FAIL,CENTER_NOMINAL_LT_4|CENTER_RESIDUAL_LT_2|BELT_NOMINAL_LT_14|BELT_RESIDUAL_LT_8
G-IN1.50-P09.50-OUT07.50,0.5,1,,C/C,O/O,1.5,9.5,7.5,15.5,56.5,95.0,2.0,0.0,16.0,10.0,13.5,7.5,16.5,13.0,14.0,10.5,35.5,PASS_95X140X5_REFERENCE,12.0,138.0,144.0,290.0,-145.0|145.0,18.5,False,FAIL,CENTER_NOMINAL_LT_4|CENTER_RESIDUAL_LT_2|BELT_NOMINAL_LT_14|BELT_RESIDUAL_LT_8
G-IN1.50-P09.50-OUT08.00,0.5,1,,C/C,O/O,1.5,9.5,8.0,15.5,56.5,95.5,2.0,0.0,16.0,10.0,14.0,8.0,16.5,13.0,14.5,11.0,35.0,PASS_95X140X5_REFERENCE,12.0,138.0,144.0,290.0,-145.0|145.0,19.0,False,FAIL,CENTER_NOMINAL_LT_4|CENTER_RESIDUAL_LT_2
G-IN1.50-P09.50-OUT08.50,0.5,1,,C/C,O/O,1.5,9.5,8.5,15.5,56.5,96.0,2.0,0.0,16.0,10.0,14.5,8.5,16.5,13.0,15.0,11.5,34.5,PASS_95X140X5_REFERENCE,12.0,138.0,144.0,290.0,-145.0|145.0,19.5,False,FAIL,CENTER_NOMINAL_LT_4|CENTER_RESIDUAL_LT_2
G-IN1.50-P09.50-OUT09.00,0.5,1,,C/C,O/O,1.5,9.5,9.0,15.5,56.5,96.5,2.0,0.0,16.0,10.0,15.0,9.0,16.5,13.0,15.5,12.0,34.0,PASS_95X140X5_REFERENCE,12.0,138.0,144.0,290.0,-145.0|145.0,20.0,False,FAIL,CENTER_NOMINAL_LT_4|CENTER_RESIDUAL_LT_2
G-IN1.50-P09.50-OUT09.50,0.5,1,,C/C,O/O,1.5,9.5,9.5,15.5,56.5,97.0,2.0,0.0,16.0,10.0,15.5,9.5,16.5,13.0,16.0,12.5,33.5,PASS_95X140X5_REFERENCE,12.0,138.0,144.0,290.0,-145.0|145.0,20.5,False,FAIL,CENTER_NOMINAL_LT_4|CENTER_RESIDUAL_LT_2
G-IN1.50-P09.50-OUT10.00,0.5,1,,C/C,O/O,1.5,9.5,10.0,15.5,56.5,97.5,2.0,0.0,16.0,10.0,16.0,10.0,16.5,13.0,16.5,13.0,33.0,PASS_95X140X5_REFERENCE,12.0,138.0,144.0,290.0,-145.0|145.0,21.0,False,FAIL,CENTER_NOMINAL_LT_4|CENTER_RESIDUAL_LT_2
G-IN1.50-P10.00-OUT03.00,0.5,1,,C/C,O/O,1.5,10.0,3.0,15.5,57.0,90.5,2.0,0.0,16.5,10.5,8.5,2.5,17.0,13.5,9.0,5.5,40.0,PASS_95X140X5_REFERENCE,12.0,138.0,144.0,290.0,-145.0|145.0,14.5,False,FAIL,CENTER_NOMINAL_LT_4|CENTER_RESIDUAL_LT_2|BELT_NOMINAL_LT_14|BELT_RESIDUAL_LT_8|PULLEY_NOMINAL_LT_13_5|PULLEY_RESIDUAL_LT_10
G-IN1.50-P10.00-OUT03.50,0.5,1,,C/C,O/O,1.5,10.0,3.5,15.5,57.0,91.0,2.0,0.0,16.5,10.5,9.0,3.0,17.0,13.5,9.5,6.0,39.5,PASS_95X140X5_REFERENCE,12.0,138.0,144.0,290.0,-145.0|145.0,15.0,False,FAIL,CENTER_NOMINAL_LT_4|CENTER_RESIDUAL_LT_2|BELT_NOMINAL_LT_14|BELT_RESIDUAL_LT_8|PULLEY_NOMINAL_LT_13_5|PULLEY_RESIDUAL_LT_10
G-IN1.50-P10.00-OUT04.00,0.5,1,,C/C,O/O,1.5,10.0,4.0,15.5,57.0,91.5,2.0,0.0,16.5,10.5,9.5,3.5,17.0,13.5,10.0,6.5,39.0,PASS_95X140X5_REFERENCE,12.0,138.0,144.0,290.0,-145.0|145.0,15.5,False,FAIL,CENTER_NOMINAL_LT_4|CENTER_RESIDUAL_LT_2|BELT_NOMINAL_LT_14|BELT_RESIDUAL_LT_8|PULLEY_NOMINAL_LT_13_5|PULLEY_RESIDUAL_LT_10
G-IN1.50-P10.00-OUT04.50,0.5,1,,C/C,O/O,1.5,10.0,4.5,15.5,57.0,92.0,2.0,0.0,16.5,10.5,10.0,4.0,17.0,13.5,10.5,7.0,38.5,PASS_95X140X5_REFERENCE,12.0,138.0,144.0,290.0,-145.0|145.0,16.0,False,FAIL,CENTER_NOMINAL_LT_4|CENTER_RESIDUAL_LT_2|BELT_NOMINAL_LT_14|BELT_RESIDUAL_LT_8|PULLEY_NOMINAL_LT_13_5|PULLEY_RESIDUAL_LT_10
G-IN1.50-P10.00-OUT05.00,0.5,1,,C/C,O/O,1.5,10.0,5.0,15.5,57.0,92.5,2.0,0.0,16.5,10.5,10.5,4.5,17.0,13.5,11.0,7.5,38.0,PASS_95X140X5_REFERENCE,12.0,138.0,144.0,290.0,-145.0|145.0,16.5,False,FAIL,CENTER_NOMINAL_LT_4|CENTER_RESIDUAL_LT_2|BELT_NOMINAL_LT_14|BELT_RESIDUAL_LT_8|PULLEY_NOMINAL_LT_13_5|PULLEY_RESIDUAL_LT_10
G-IN1.50-P10.00-OUT05.50,0.5,1,,C/C,O/O,1.5,10.0,5.5,15.5,57.0,93.0,2.0,0.0,16.5,10.5,11.0,5.0,17.0,13.5,11.5,8.0,37.5,PASS_95X140X5_REFERENCE,12.0,138.0,144.0,290.0,-145.0|145.0,17.0,False,FAIL,CENTER_NOMINAL_LT_4|CENTER_RESIDUAL_LT_2|BELT_NOMINAL_LT_14|BELT_RESIDUAL_LT_8|PULLEY_NOMINAL_LT_13_5|PULLEY_RESIDUAL_LT_10
G-IN1.50-P10.00-OUT06.00,0.5,1,,C/C,O/O,1.5,10.0,6.0,15.5,57.0,93.5,2.0,0.0,16.5,10.5,11.5,5.5,17.0,13.5,12.0,8.5,37.0,PASS_95X140X5_REFERENCE,12.0,138.0,144.0,290.0,-145.0|145.0,17.5,False,FAIL,CENTER_NOMINAL_LT_4|CENTER_RESIDUAL_LT_2|BELT_NOMINAL_LT_14|BELT_RESIDUAL_LT_8|PULLEY_NOMINAL_LT_13_5|PULLEY_RESIDUAL_LT_10
G-IN1.50-P10.00-OUT06.50,0.5,1,,C/C,O/O,1.5,10.0,6.5,15.5,57.0,94.0,2.0,0.0,16.5,10.5,12.0,6.0,17.0,13.5,12.5,9.0,36.5,PASS_95X140X5_REFERENCE,12.0,138.0,144.0,290.0,-145.0|145.0,18.0,False,FAIL,CENTER_NOMINAL_LT_4|CENTER_RESIDUAL_LT_2|BELT_NOMINAL_LT_14|BELT_RESIDUAL_LT_8|PULLEY_NOMINAL_LT_13_5|PULLEY_RESIDUAL_LT_10
G-IN1.50-P10.00-OUT07.00,0.5,1,,C/C,O/O,1.5,10.0,7.0,15.5,57.0,94.5,2.0,0.0,16.5,10.5,12.5,6.5,17.0,13.5,13.0,9.5,36.0,PASS_95X140X5_REFERENCE,12.0,138.0,144.0,290.0,-145.0|145.0,18.5,False,FAIL,CENTER_NOMINAL_LT_4|CENTER_RESIDUAL_LT_2|BELT_NOMINAL_LT_14|BELT_RESIDUAL_LT_8|PULLEY_NOMINAL_LT_13_5|PULLEY_RESIDUAL_LT_10
G-IN1.50-P10.00-OUT07.50,0.5,1,,C/C,O/O,1.5,10.0,7.5,15.5,57.0,95.0,2.0,0.0,16.5,10.5,13.0,7.0,17.0,13.5,13.5,10.0,35.5,PASS_95X140X5_REFERENCE,12.0,138.0,144.0,290.0,-145.0|145.0,19.0,False,FAIL,CENTER_NOMINAL_LT_4|CENTER_RESIDUAL_LT_2|BELT_NOMINAL_LT_14|BELT_RESIDUAL_LT_8
G-IN1.50-P10.00-OUT08.00,0.5,1,,C/C,O/O,1.5,10.0,8.0,15.5,57.0,95.5,2.0,0.0,16.5,10.5,13.5,7.5,17.0,13.5,14.0,10.5,35.0,PASS_95X140X5_REFERENCE,12.0,138.0,144.0,290.0,-145.0|145.0,19.5,False,FAIL,CENTER_NOMINAL_LT_4|CENTER_RESIDUAL_LT_2|BELT_NOMINAL_LT_14|BELT_RESIDUAL_LT_8
G-IN1.50-P10.00-OUT08.50,0.5,1,,C/C,O/O,1.5,10.0,8.5,15.5,57.0,96.0,2.0,0.0,16.5,10.5,14.0,8.0,17.0,13.5,14.5,11.0,34.5,PASS_95X140X5_REFERENCE,12.0,138.0,144.0,290.0,-145.0|145.0,20.0,False,FAIL,CENTER_NOMINAL_LT_4|CENTER_RESIDUAL_LT_2
G-IN1.50-P10.00-OUT09.00,0.5,1,,C/C,O/O,1.5,10.0,9.0,15.5,57.0,96.5,2.0,0.0,16.5,10.5,14.5,8.5,17.0,13.5,15.0,11.5,34.0,PASS_95X140X5_REFERENCE,12.0,138.0,144.0,290.0,-145.0|145.0,20.5,False,FAIL,CENTER_NOMINAL_LT_4|CENTER_RESIDUAL_LT_2
G-IN1.50-P10.00-OUT09.50,0.5,1,,C/C,O/O,1.5,10.0,9.5,15.5,57.0,97.0,2.0,0.0,16.5,10.5,15.0,9.0,17.0,13.5,15.5,12.0,33.5,PASS_95X140X5_REFERENCE,12.0,138.0,144.0,290.0,-145.0|145.0,21.0,False,FAIL,CENTER_NOMINAL_LT_4|CENTER_RESIDUAL_LT_2
G-IN1.50-P10.00-OUT10.00,0.5,1,,C/C,O/O,1.5,10.0,10.0,15.5,57.0,97.5,2.0,0.0,16.5,10.5,15.5,9.5,17.0,13.5,16.0,12.5,33.0,PASS_95X140X5_REFERENCE,12.0,138.0,144.0,290.0,-145.0|145.0,21.5,False,FAIL,CENTER_NOMINAL_LT_4|CENTER_RESIDUAL_LT_2
G-IN1.50-P10.50-OUT03.00,0.5,1,,C/C,O/O,1.5,10.5,3.0,15.5,57.5,90.5,2.0,0.0,17.0,11.0,8.0,2.0,17.5,14.0,8.5,5.0,40.0,PASS_95X140X5_REFERENCE,12.0,138.0,144.0,290.0,-145.0|145.0,15.0,False,FAIL,CENTER_NOMINAL_LT_4|CENTER_RESIDUAL_LT_2|BELT_NOMINAL_LT_14|BELT_RESIDUAL_LT_8|PULLEY_NOMINAL_LT_13_5|PULLEY_RESIDUAL_LT_10
G-IN1.50-P10.50-OUT03.50,0.5,1,,C/C,O/O,1.5,10.5,3.5,15.5,57.5,91.0,2.0,0.0,17.0,11.0,8.5,2.5,17.5,14.0,9.0,5.5,39.5,PASS_95X140X5_REFERENCE,12.0,138.0,144.0,290.0,-145.0|145.0,15.5,False,FAIL,CENTER_NOMINAL_LT_4|CENTER_RESIDUAL_LT_2|BELT_NOMINAL_LT_14|BELT_RESIDUAL_LT_8|PULLEY_NOMINAL_LT_13_5|PULLEY_RESIDUAL_LT_10
G-IN1.50-P10.50-OUT04.00,0.5,1,,C/C,O/O,1.5,10.5,4.0,15.5,57.5,91.5,2.0,0.0,17.0,11.0,9.0,3.0,17.5,14.0,9.5,6.0,39.0,PASS_95X140X5_REFERENCE,12.0,138.0,144.0,290.0,-145.0|145.0,16.0,False,FAIL,CENTER_NOMINAL_LT_4|CENTER_RESIDUAL_LT_2|BELT_NOMINAL_LT_14|BELT_RESIDUAL_LT_8|PULLEY_NOMINAL_LT_13_5|PULLEY_RESIDUAL_LT_10
G-IN1.50-P10.50-OUT04.50,0.5,1,,C/C,O/O,1.5,10.5,4.5,15.5,57.5,92.0,2.0,0.0,17.0,11.0,9.5,3.5,17.5,14.0,10.0,6.5,38.5,PASS_95X140X5_REFERENCE,12.0,138.0,144.0,290.0,-145.0|145.0,16.5,False,FAIL,CENTER_NOMINAL_LT_4|CENTER_RESIDUAL_LT_2|BELT_NOMINAL_LT_14|BELT_RESIDUAL_LT_8|PULLEY_NOMINAL_LT_13_5|PULLEY_RESIDUAL_LT_10
G-IN1.50-P10.50-OUT05.00,0.5,1,,C/C,O/O,1.5,10.5,5.0,15.5,57.5,92.5,2.0,0.0,17.0,11.0,10.0,4.0,17.5,14.0,10.5,7.0,38.0,PASS_95X140X5_REFERENCE,12.0,138.0,144.0,290.0,-145.0|145.0,17.0,False,FAIL,CENTER_NOMINAL_LT_4|CENTER_RESIDUAL_LT_2|BELT_NOMINAL_LT_14|BELT_RESIDUAL_LT_8|PULLEY_NOMINAL_LT_13_5|PULLEY_RESIDUAL_LT_10
G-IN1.50-P10.50-OUT05.50,0.5,1,,C/C,O/O,1.5,10.5,5.5,15.5,57.5,93.0,2.0,0.0,17.0,11.0,10.5,4.5,17.5,14.0,11.0,7.5,37.5,PASS_95X140X5_REFERENCE,12.0,138.0,144.0,290.0,-145.0|145.0,17.5,False,FAIL,CENTER_NOMINAL_LT_4|CENTER_RESIDUAL_LT_2|BELT_NOMINAL_LT_14|BELT_RESIDUAL_LT_8|PULLEY_NOMINAL_LT_13_5|PULLEY_RESIDUAL_LT_10
G-IN1.50-P10.50-OUT06.00,0.5,1,,C/C,O/O,1.5,10.5,6.0,15.5,57.5,93.5,2.0,0.0,17.0,11.0,11.0,5.0,17.5,14.0,11.5,8.0,37.0,PASS_95X140X5_REFERENCE,12.0,138.0,144.0,290.0,-145.0|145.0,18.0,False,FAIL,CENTER_NOMINAL_LT_4|CENTER_RESIDUAL_LT_2|BELT_NOMINAL_LT_14|BELT_RESIDUAL_LT_8|PULLEY_NOMINAL_LT_13_5|PULLEY_RESIDUAL_LT_10
G-IN1.50-P10.50-OUT06.50,0.5,1,,C/C,O/O,1.5,10.5,6.5,15.5,57.5,94.0,2.0,0.0,17.0,11.0,11.5,5.5,17.5,14.0,12.0,8.5,36.5,PASS_95X140X5_REFERENCE,12.0,138.0,144.0,290.0,-145.0|145.0,18.5,False,FAIL,CENTER_NOMINAL_LT_4|CENTER_RESIDUAL_LT_2|BELT_NOMINAL_LT_14|BELT_RESIDUAL_LT_8|PULLEY_NOMINAL_LT_13_5|PULLEY_RESIDUAL_LT_10
G-IN1.50-P10.50-OUT07.00,0.5,1,,C/C,O/O,1.5,10.5,7.0,15.5,57.5,94.5,2.0,0.0,17.0,11.0,12.0,6.0,17.5,14.0,12.5,9.0,36.0,PASS_95X140X5_REFERENCE,12.0,138.0,144.0,290.0,-145.0|145.0,19.0,False,FAIL,CENTER_NOMINAL_LT_4|CENTER_RESIDUAL_LT_2|BELT_NOMINAL_LT_14|BELT_RESIDUAL_LT_8|PULLEY_NOMINAL_LT_13_5|PULLEY_RESIDUAL_LT_10
G-IN1.50-P10.50-OUT07.50,0.5,1,,C/C,O/O,1.5,10.5,7.5,15.5,57.5,95.0,2.0,0.0,17.0,11.0,12.5,6.5,17.5,14.0,13.0,9.5,35.5,PASS_95X140X5_REFERENCE,12.0,138.0,144.0,290.0,-145.0|145.0,19.5,False,FAIL,CENTER_NOMINAL_LT_4|CENTER_RESIDUAL_LT_2|BELT_NOMINAL_LT_14|BELT_RESIDUAL_LT_8|PULLEY_NOMINAL_LT_13_5|PULLEY_RESIDUAL_LT_10
G-IN1.50-P10.50-OUT08.00,0.5,1,,C/C,O/O,1.5,10.5,8.0,15.5,57.5,95.5,2.0,0.0,17.0,11.0,13.0,7.0,17.5,14.0,13.5,10.0,35.0,PASS_95X140X5_REFERENCE,12.0,138.0,144.0,290.0,-145.0|145.0,20.0,False,FAIL,CENTER_NOMINAL_LT_4|CENTER_RESIDUAL_LT_2|BELT_NOMINAL_LT_14|BELT_RESIDUAL_LT_8
G-IN1.50-P10.50-OUT08.50,0.5,1,,C/C,O/O,1.5,10.5,8.5,15.5,57.5,96.0,2.0,0.0,17.0,11.0,13.5,7.5,17.5,14.0,14.0,10.5,34.5,PASS_95X140X5_REFERENCE,12.0,138.0,144.0,290.0,-145.0|145.0,20.5,False,FAIL,CENTER_NOMINAL_LT_4|CENTER_RESIDUAL_LT_2|BELT_NOMINAL_LT_14|BELT_RESIDUAL_LT_8
G-IN1.50-P10.50-OUT09.00,0.5,1,,C/C,O/O,1.5,10.5,9.0,15.5,57.5,96.5,2.0,0.0,17.0,11.0,14.0,8.0,17.5,14.0,14.5,11.0,34.0,PASS_95X140X5_REFERENCE,12.0,138.0,144.0,290.0,-145.0|145.0,21.0,False,FAIL,CENTER_NOMINAL_LT_4|CENTER_RESIDUAL_LT_2
G-IN1.50-P10.50-OUT09.50,0.5,1,,C/C,O/O,1.5,10.5,9.5,15.5,57.5,97.0,2.0,0.0,17.0,11.0,14.5,8.5,17.5,14.0,15.0,11.5,33.5,PASS_95X140X5_REFERENCE,12.0,138.0,144.0,290.0,-145.0|145.0,21.5,False,FAIL,CENTER_NOMINAL_LT_4|CENTER_RESIDUAL_LT_2
G-IN1.50-P10.50-OUT10.00,0.5,1,,C/C,O/O,1.5,10.5,10.0,15.5,57.5,97.5,2.0,0.0,17.0,11.0,15.0,9.0,17.5,14.0,15.5,12.0,33.0,PASS_95X140X5_REFERENCE,12.0,138.0,144.0,290.0,-145.0|145.0,22.0,False,FAIL,CENTER_NOMINAL_LT_4|CENTER_RESIDUAL_LT_2
G-IN1.50-P11.00-OUT03.00,0.5,1,,C/C,O/O,1.5,11.0,3.0,15.5,58.0,90.5,2.0,0.0,17.5,11.5,7.5,1.5,18.0,14.5,8.0,4.5,40.0,PASS_95X140X5_REFERENCE,12.0,138.0,144.0,290.0,-145.0|145.0,15.5,False,FAIL,CENTER_NOMINAL_LT_4|CENTER_RESIDUAL_LT_2|BELT_NOMINAL_LT_14|BELT_RESIDUAL_LT_8|PULLEY_NOMINAL_LT_13_5|PULLEY_RESIDUAL_LT_10
G-IN1.50-P11.00-OUT03.50,0.5,1,,C/C,O/O,1.5,11.0,3.5,15.5,58.0,91.0,2.0,0.0,17.5,11.5,8.0,2.0,18.0,14.5,8.5,5.0,39.5,PASS_95X140X5_REFERENCE,12.0,138.0,144.0,290.0,-145.0|145.0,16.0,False,FAIL,CENTER_NOMINAL_LT_4|CENTER_RESIDUAL_LT_2|BELT_NOMINAL_LT_14|BELT_RESIDUAL_LT_8|PULLEY_NOMINAL_LT_13_5|PULLEY_RESIDUAL_LT_10
G-IN1.50-P11.00-OUT04.00,0.5,1,,C/C,O/O,1.5,11.0,4.0,15.5,58.0,91.5,2.0,0.0,17.5,11.5,8.5,2.5,18.0,14.5,9.0,5.5,39.0,PASS_95X140X5_REFERENCE,12.0,138.0,144.0,290.0,-145.0|145.0,16.5,False,FAIL,CENTER_NOMINAL_LT_4|CENTER_RESIDUAL_LT_2|BELT_NOMINAL_LT_14|BELT_RESIDUAL_LT_8|PULLEY_NOMINAL_LT_13_5|PULLEY_RESIDUAL_LT_10
G-IN1.50-P11.00-OUT04.50,0.5,1,,C/C,O/O,1.5,11.0,4.5,15.5,58.0,92.0,2.0,0.0,17.5,11.5,9.0,3.0,18.0,14.5,9.5,6.0,38.5,PASS_95X140X5_REFERENCE,12.0,138.0,144.0,290.0,-145.0|145.0,17.0,False,FAIL,CENTER_NOMINAL_LT_4|CENTER_RESIDUAL_LT_2|BELT_NOMINAL_LT_14|BELT_RESIDUAL_LT_8|PULLEY_NOMINAL_LT_13_5|PULLEY_RESIDUAL_LT_10
G-IN1.50-P11.00-OUT05.00,0.5,1,,C/C,O/O,1.5,11.0,5.0,15.5,58.0,92.5,2.0,0.0,17.5,11.5,9.5,3.5,18.0,14.5,10.0,6.5,38.0,PASS_95X140X5_REFERENCE,12.0,138.0,144.0,290.0,-145.0|145.0,17.5,False,FAIL,CENTER_NOMINAL_LT_4|CENTER_RESIDUAL_LT_2|BELT_NOMINAL_LT_14|BELT_RESIDUAL_LT_8|PULLEY_NOMINAL_LT_13_5|PULLEY_RESIDUAL_LT_10
G-IN1.50-P11.00-OUT05.50,0.5,1,,C/C,O/O,1.5,11.0,5.5,15.5,58.0,93.0,2.0,0.0,17.5,11.5,10.0,4.0,18.0,14.5,10.5,7.0,37.5,PASS_95X140X5_REFERENCE,12.0,138.0,144.0,290.0,-145.0|145.0,18.0,False,FAIL,CENTER_NOMINAL_LT_4|CENTER_RESIDUAL_LT_2|BELT_NOMINAL_LT_14|BELT_RESIDUAL_LT_8|PULLEY_NOMINAL_LT_13_5|PULLEY_RESIDUAL_LT_10
G-IN1.50-P11.00-OUT06.00,0.5,1,,C/C,O/O,1.5,11.0,6.0,15.5,58.0,93.5,2.0,0.0,17.5,11.5,10.5,4.5,18.0,14.5,11.0,7.5,37.0,PASS_95X140X5_REFERENCE,12.0,138.0,144.0,290.0,-145.0|145.0,18.5,False,FAIL,CENTER_NOMINAL_LT_4|CENTER_RESIDUAL_LT_2|BELT_NOMINAL_LT_14|BELT_RESIDUAL_LT_8|PULLEY_NOMINAL_LT_13_5|PULLEY_RESIDUAL_LT_10
G-IN1.50-P11.00-OUT06.50,0.5,1,,C/C,O/O,1.5,11.0,6.5,15.5,58.0,94.0,2.0,0.0,17.5,11.5,11.0,5.0,18.0,14.5,11.5,8.0,36.5,PASS_95X140X5_REFERENCE,12.0,138.0,144.0,290.0,-145.0|145.0,19.0,False,FAIL,CENTER_NOMINAL_LT_4|CENTER_RESIDUAL_LT_2|BELT_NOMINAL_LT_14|BELT_RESIDUAL_LT_8|PULLEY_NOMINAL_LT_13_5|PULLEY_RESIDUAL_LT_10
G-IN1.50-P11.00-OUT07.00,0.5,1,,C/C,O/O,1.5,11.0,7.0,15.5,58.0,94.5,2.0,0.0,17.5,11.5,11.5,5.5,18.0,14.5,12.0,8.5,36.0,PASS_95X140X5_REFERENCE,12.0,138.0,144.0,290.0,-145.0|145.0,19.5,False,FAIL,CENTER_NOMINAL_LT_4|CENTER_RESIDUAL_LT_2|BELT_NOMINAL_LT_14|BELT_RESIDUAL_LT_8|PULLEY_NOMINAL_LT_13_5|PULLEY_RESIDUAL_LT_10
G-IN1.50-P11.00-OUT07.50,0.5,1,,C/C,O/O,1.5,11.0,7.5,15.5,58.0,95.0,2.0,0.0,17.5,11.5,12.0,6.0,18.0,14.5,12.5,9.0,35.5,PASS_95X140X5_REFERENCE,12.0,138.0,144.0,290.0,-145.0|145.0,20.0,False,FAIL,CENTER_NOMINAL_LT_4|CENTER_RESIDUAL_LT_2|BELT_NOMINAL_LT_14|BELT_RESIDUAL_LT_8|PULLEY_NOMINAL_LT_13_5|PULLEY_RESIDUAL_LT_10
G-IN1.50-P11.00-OUT08.00,0.5,1,,C/C,O/O,1.5,11.0,8.0,15.5,58.0,95.5,2.0,0.0,17.5,11.5,12.5,6.5,18.0,14.5,13.0,9.5,35.0,PASS_95X140X5_REFERENCE,12.0,138.0,144.0,290.0,-145.0|145.0,20.5,False,FAIL,CENTER_NOMINAL_LT_4|CENTER_RESIDUAL_LT_2|BELT_NOMINAL_LT_14|BELT_RESIDUAL_LT_8|PULLEY_NOMINAL_LT_13_5|PULLEY_RESIDUAL_LT_10
G-IN1.50-P11.00-OUT08.50,0.5,1,,C/C,O/O,1.5,11.0,8.5,15.5,58.0,96.0,2.0,0.0,17.5,11.5,13.0,7.0,18.0,14.5,13.5,10.0,34.5,PASS_95X140X5_REFERENCE,12.0,138.0,144.0,290.0,-145.0|145.0,21.0,False,FAIL,CENTER_NOMINAL_LT_4|CENTER_RESIDUAL_LT_2|BELT_NOMINAL_LT_14|BELT_RESIDUAL_LT_8
G-IN1.50-P11.00-OUT09.00,0.5,1,,C/C,O/O,1.5,11.0,9.0,15.5,58.0,96.5,2.0,0.0,17.5,11.5,13.5,7.5,18.0,14.5,14.0,10.5,34.0,PASS_95X140X5_REFERENCE,12.0,138.0,144.0,290.0,-145.0|145.0,21.5,False,FAIL,CENTER_NOMINAL_LT_4|CENTER_RESIDUAL_LT_2|BELT_NOMINAL_LT_14|BELT_RESIDUAL_LT_8
G-IN1.50-P11.00-OUT09.50,0.5,1,,C/C,O/O,1.5,11.0,9.5,15.5,58.0,97.0,2.0,0.0,17.5,11.5,14.0,8.0,18.0,14.5,14.5,11.0,33.5,PASS_95X140X5_REFERENCE,12.0,138.0,144.0,290.0,-145.0|145.0,22.0,False,FAIL,CENTER_NOMINAL_LT_4|CENTER_RESIDUAL_LT_2
G-IN1.50-P11.00-OUT10.00,0.5,1,,C/C,O/O,1.5,11.0,10.0,15.5,58.0,97.5,2.0,0.0,17.5,11.5,14.5,8.5,18.0,14.5,15.0,11.5,33.0,PASS_95X140X5_REFERENCE,12.0,138.0,144.0,290.0,-145.0|145.0,22.5,False,FAIL,CENTER_NOMINAL_LT_4|CENTER_RESIDUAL_LT_2
G-IN1.50-P11.50-OUT03.00,0.5,1,,C/C,O/O,1.5,11.5,3.0,15.5,58.5,90.5,2.0,0.0,18.0,12.0,7.0,1.0,18.5,15.0,7.5,4.0,40.0,PASS_95X140X5_REFERENCE,12.0,138.0,144.0,290.0,-145.0|145.0,16.0,False,FAIL,CENTER_NOMINAL_LT_4|CENTER_RESIDUAL_LT_2|BELT_NOMINAL_LT_14|BELT_RESIDUAL_LT_8|PULLEY_NOMINAL_LT_13_5|PULLEY_RESIDUAL_LT_10
G-IN1.50-P11.50-OUT03.50,0.5,1,,C/C,O/O,1.5,11.5,3.5,15.5,58.5,91.0,2.0,0.0,18.0,12.0,7.5,1.5,18.5,15.0,8.0,4.5,39.5,PASS_95X140X5_REFERENCE,12.0,138.0,144.0,290.0,-145.0|145.0,16.5,False,FAIL,CENTER_NOMINAL_LT_4|CENTER_RESIDUAL_LT_2|BELT_NOMINAL_LT_14|BELT_RESIDUAL_LT_8|PULLEY_NOMINAL_LT_13_5|PULLEY_RESIDUAL_LT_10
G-IN1.50-P11.50-OUT04.00,0.5,1,,C/C,O/O,1.5,11.5,4.0,15.5,58.5,91.5,2.0,0.0,18.0,12.0,8.0,2.0,18.5,15.0,8.5,5.0,39.0,PASS_95X140X5_REFERENCE,12.0,138.0,144.0,290.0,-145.0|145.0,17.0,False,FAIL,CENTER_NOMINAL_LT_4|CENTER_RESIDUAL_LT_2|BELT_NOMINAL_LT_14|BELT_RESIDUAL_LT_8|PULLEY_NOMINAL_LT_13_5|PULLEY_RESIDUAL_LT_10
G-IN1.50-P11.50-OUT04.50,0.5,1,,C/C,O/O,1.5,11.5,4.5,15.5,58.5,92.0,2.0,0.0,18.0,12.0,8.5,2.5,18.5,15.0,9.0,5.5,38.5,PASS_95X140X5_REFERENCE,12.0,138.0,144.0,290.0,-145.0|145.0,17.5,False,FAIL,CENTER_NOMINAL_LT_4|CENTER_RESIDUAL_LT_2|BELT_NOMINAL_LT_14|BELT_RESIDUAL_LT_8|PULLEY_NOMINAL_LT_13_5|PULLEY_RESIDUAL_LT_10
G-IN1.50-P11.50-OUT05.00,0.5,1,,C/C,O/O,1.5,11.5,5.0,15.5,58.5,92.5,2.0,0.0,18.0,12.0,9.0,3.0,18.5,15.0,9.5,6.0,38.0,PASS_95X140X5_REFERENCE,12.0,138.0,144.0,290.0,-145.0|145.0,18.0,False,FAIL,CENTER_NOMINAL_LT_4|CENTER_RESIDUAL_LT_2|BELT_NOMINAL_LT_14|BELT_RESIDUAL_LT_8|PULLEY_NOMINAL_LT_13_5|PULLEY_RESIDUAL_LT_10
G-IN1.50-P11.50-OUT05.50,0.5,1,,C/C,O/O,1.5,11.5,5.5,15.5,58.5,93.0,2.0,0.0,18.0,12.0,9.5,3.5,18.5,15.0,10.0,6.5,37.5,PASS_95X140X5_REFERENCE,12.0,138.0,144.0,290.0,-145.0|145.0,18.5,False,FAIL,CENTER_NOMINAL_LT_4|CENTER_RESIDUAL_LT_2|BELT_NOMINAL_LT_14|BELT_RESIDUAL_LT_8|PULLEY_NOMINAL_LT_13_5|PULLEY_RESIDUAL_LT_10
G-IN1.50-P11.50-OUT06.00,0.5,1,,C/C,O/O,1.5,11.5,6.0,15.5,58.5,93.5,2.0,0.0,18.0,12.0,10.0,4.0,18.5,15.0,10.5,7.0,37.0,PASS_95X140X5_REFERENCE,12.0,138.0,144.0,290.0,-145.0|145.0,19.0,False,FAIL,CENTER_NOMINAL_LT_4|CENTER_RESIDUAL_LT_2|BELT_NOMINAL_LT_14|BELT_RESIDUAL_LT_8|PULLEY_NOMINAL_LT_13_5|PULLEY_RESIDUAL_LT_10
G-IN1.50-P11.50-OUT06.50,0.5,1,,C/C,O/O,1.5,11.5,6.5,15.5,58.5,94.0,2.0,0.0,18.0,12.0,10.5,4.5,18.5,15.0,11.0,7.5,36.5,PASS_95X140X5_REFERENCE,12.0,138.0,144.0,290.0,-145.0|145.0,19.5,False,FAIL,CENTER_NOMINAL_LT_4|CENTER_RESIDUAL_LT_2|BELT_NOMINAL_LT_14|BELT_RESIDUAL_LT_8|PULLEY_NOMINAL_LT_13_5|PULLEY_RESIDUAL_LT_10
G-IN1.50-P11.50-OUT07.00,0.5,1,,C/C,O/O,1.5,11.5,7.0,15.5,58.5,94.5,2.0,0.0,18.0,12.0,11.0,5.0,18.5,15.0,11.5,8.0,36.0,PASS_95X140X5_REFERENCE,12.0,138.0,144.0,290.0,-145.0|145.0,20.0,False,FAIL,CENTER_NOMINAL_LT_4|CENTER_RESIDUAL_LT_2|BELT_NOMINAL_LT_14|BELT_RESIDUAL_LT_8|PULLEY_NOMINAL_LT_13_5|PULLEY_RESIDUAL_LT_10
G-IN1.50-P11.50-OUT07.50,0.5,1,,C/C,O/O,1.5,11.5,7.5,15.5,58.5,95.0,2.0,0.0,18.0,12.0,11.5,5.5,18.5,15.0,12.0,8.5,35.5,PASS_95X140X5_REFERENCE,12.0,138.0,144.0,290.0,-145.0|145.0,20.5,False,FAIL,CENTER_NOMINAL_LT_4|CENTER_RESIDUAL_LT_2|BELT_NOMINAL_LT_14|BELT_RESIDUAL_LT_8|PULLEY_NOMINAL_LT_13_5|PULLEY_RESIDUAL_LT_10
G-IN1.50-P11.50-OUT08.00,0.5,1,,C/C,O/O,1.5,11.5,8.0,15.5,58.5,95.5,2.0,0.0,18.0,12.0,12.0,6.0,18.5,15.0,12.5,9.0,35.0,PASS_95X140X5_REFERENCE,12.0,138.0,144.0,290.0,-145.0|145.0,21.0,False,FAIL,CENTER_NOMINAL_LT_4|CENTER_RESIDUAL_LT_2|BELT_NOMINAL_LT_14|BELT_RESIDUAL_LT_8|PULLEY_NOMINAL_LT_13_5|PULLEY_RESIDUAL_LT_10
G-IN1.50-P11.50-OUT08.50,0.5,1,,C/C,O/O,1.5,11.5,8.5,15.5,58.5,96.0,2.0,0.0,18.0,12.0,12.5,6.5,18.5,15.0,13.0,9.5,34.5,PASS_95X140X5_REFERENCE,12.0,138.0,144.0,290.0,-145.0|145.0,21.5,False,FAIL,CENTER_NOMINAL_LT_4|CENTER_RESIDUAL_LT_2|BELT_NOMINAL_LT_14|BELT_RESIDUAL_LT_8|PULLEY_NOMINAL_LT_13_5|PULLEY_RESIDUAL_LT_10
G-IN1.50-P11.50-OUT09.00,0.5,1,,C/C,O/O,1.5,11.5,9.0,15.5,58.5,96.5,2.0,0.0,18.0,12.0,13.0,7.0,18.5,15.0,13.5,10.0,34.0,PASS_95X140X5_REFERENCE,12.0,138.0,144.0,290.0,-145.0|145.0,22.0,False,FAIL,CENTER_NOMINAL_LT_4|CENTER_RESIDUAL_LT_2|BELT_NOMINAL_LT_14|BELT_RESIDUAL_LT_8
G-IN1.50-P11.50-OUT09.50,0.5,1,,C/C,O/O,1.5,11.5,9.5,15.5,58.5,97.0,2.0,0.0,18.0,12.0,13.5,7.5,18.5,15.0,14.0,10.5,33.5,PASS_95X140X5_REFERENCE,12.0,138.0,144.0,290.0,-145.0|145.0,22.5,False,FAIL,CENTER_NOMINAL_LT_4|CENTER_RESIDUAL_LT_2|BELT_NOMINAL_LT_14|BELT_RESIDUAL_LT_8
G-IN1.50-P11.50-OUT10.00,0.5,1,,C/C,O/O,1.5,11.5,10.0,15.5,58.5,97.5,2.0,0.0,18.0,12.0,14.0,8.0,18.5,15.0,14.5,11.0,33.0,PASS_95X140X5_REFERENCE,12.0,138.0,144.0,290.0,-145.0|145.0,23.0,False,FAIL,CENTER_NOMINAL_LT_4|CENTER_RESIDUAL_LT_2
G-IN1.50-P12.00-OUT03.00,0.5,1,,C/C,O/O,1.5,12.0,3.0,15.5,59.0,90.5,2.0,0.0,18.5,12.5,6.5,0.5,19.0,15.5,7.0,3.5,40.0,PASS_95X140X5_REFERENCE,12.0,138.0,144.0,290.0,-145.0|145.0,16.5,False,FAIL,CENTER_NOMINAL_LT_4|CENTER_RESIDUAL_LT_2|BELT_NOMINAL_LT_14|BELT_RESIDUAL_LT_8|PULLEY_NOMINAL_LT_13_5|PULLEY_RESIDUAL_LT_10
G-IN1.50-P12.00-OUT03.50,0.5,1,,C/C,O/O,1.5,12.0,3.5,15.5,59.0,91.0,2.0,0.0,18.5,12.5,7.0,1.0,19.0,15.5,7.5,4.0,39.5,PASS_95X140X5_REFERENCE,12.0,138.0,144.0,290.0,-145.0|145.0,17.0,False,FAIL,CENTER_NOMINAL_LT_4|CENTER_RESIDUAL_LT_2|BELT_NOMINAL_LT_14|BELT_RESIDUAL_LT_8|PULLEY_NOMINAL_LT_13_5|PULLEY_RESIDUAL_LT_10
G-IN1.50-P12.00-OUT04.00,0.5,1,,C/C,O/O,1.5,12.0,4.0,15.5,59.0,91.5,2.0,0.0,18.5,12.5,7.5,1.5,19.0,15.5,8.0,4.5,39.0,PASS_95X140X5_REFERENCE,12.0,138.0,144.0,290.0,-145.0|145.0,17.5,False,FAIL,CENTER_NOMINAL_LT_4|CENTER_RESIDUAL_LT_2|BELT_NOMINAL_LT_14|BELT_RESIDUAL_LT_8|PULLEY_NOMINAL_LT_13_5|PULLEY_RESIDUAL_LT_10
G-IN1.50-P12.00-OUT04.50,0.5,1,,C/C,O/O,1.5,12.0,4.5,15.5,59.0,92.0,2.0,0.0,18.5,12.5,8.0,2.0,19.0,15.5,8.5,5.0,38.5,PASS_95X140X5_REFERENCE,12.0,138.0,144.0,290.0,-145.0|145.0,18.0,False,FAIL,CENTER_NOMINAL_LT_4|CENTER_RESIDUAL_LT_2|BELT_NOMINAL_LT_14|BELT_RESIDUAL_LT_8|PULLEY_NOMINAL_LT_13_5|PULLEY_RESIDUAL_LT_10
G-IN1.50-P12.00-OUT05.00,0.5,1,,C/C,O/O,1.5,12.0,5.0,15.5,59.0,92.5,2.0,0.0,18.5,12.5,8.5,2.5,19.0,15.5,9.0,5.5,38.0,PASS_95X140X5_REFERENCE,12.0,138.0,144.0,290.0,-145.0|145.0,18.5,False,FAIL,CENTER_NOMINAL_LT_4|CENTER_RESIDUAL_LT_2|BELT_NOMINAL_LT_14|BELT_RESIDUAL_LT_8|PULLEY_NOMINAL_LT_13_5|PULLEY_RESIDUAL_LT_10
G-IN1.50-P12.00-OUT05.50,0.5,1,,C/C,O/O,1.5,12.0,5.5,15.5,59.0,93.0,2.0,0.0,18.5,12.5,9.0,3.0,19.0,15.5,9.5,6.0,37.5,PASS_95X140X5_REFERENCE,12.0,138.0,144.0,290.0,-145.0|145.0,19.0,False,FAIL,CENTER_NOMINAL_LT_4|CENTER_RESIDUAL_LT_2|BELT_NOMINAL_LT_14|BELT_RESIDUAL_LT_8|PULLEY_NOMINAL_LT_13_5|PULLEY_RESIDUAL_LT_10
G-IN1.50-P12.00-OUT06.00,0.5,1,,C/C,O/O,1.5,12.0,6.0,15.5,59.0,93.5,2.0,0.0,18.5,12.5,9.5,3.5,19.0,15.5,10.0,6.5,37.0,PASS_95X140X5_REFERENCE,12.0,138.0,144.0,290.0,-145.0|145.0,19.5,False,FAIL,CENTER_NOMINAL_LT_4|CENTER_RESIDUAL_LT_2|BELT_NOMINAL_LT_14|BELT_RESIDUAL_LT_8|PULLEY_NOMINAL_LT_13_5|PULLEY_RESIDUAL_LT_10
G-IN1.50-P12.00-OUT06.50,0.5,1,,C/C,O/O,1.5,12.0,6.5,15.5,59.0,94.0,2.0,0.0,18.5,12.5,10.0,4.0,19.0,15.5,10.5,7.0,36.5,PASS_95X140X5_REFERENCE,12.0,138.0,144.0,290.0,-145.0|145.0,20.0,False,FAIL,CENTER_NOMINAL_LT_4|CENTER_RESIDUAL_LT_2|BELT_NOMINAL_LT_14|BELT_RESIDUAL_LT_8|PULLEY_NOMINAL_LT_13_5|PULLEY_RESIDUAL_LT_10
G-IN1.50-P12.00-OUT07.00,0.5,1,,C/C,O/O,1.5,12.0,7.0,15.5,59.0,94.5,2.0,0.0,18.5,12.5,10.5,4.5,19.0,15.5,11.0,7.5,36.0,PASS_95X140X5_REFERENCE,12.0,138.0,144.0,290.0,-145.0|145.0,20.5,False,FAIL,CENTER_NOMINAL_LT_4|CENTER_RESIDUAL_LT_2|BELT_NOMINAL_LT_14|BELT_RESIDUAL_LT_8|PULLEY_NOMINAL_LT_13_5|PULLEY_RESIDUAL_LT_10
G-IN1.50-P12.00-OUT07.50,0.5,1,,C/C,O/O,1.5,12.0,7.5,15.5,59.0,95.0,2.0,0.0,18.5,12.5,11.0,5.0,19.0,15.5,11.5,8.0,35.5,PASS_95X140X5_REFERENCE,12.0,138.0,144.0,290.0,-145.0|145.0,21.0,False,FAIL,CENTER_NOMINAL_LT_4|CENTER_RESIDUAL_LT_2|BELT_NOMINAL_LT_14|BELT_RESIDUAL_LT_8|PULLEY_NOMINAL_LT_13_5|PULLEY_RESIDUAL_LT_10
G-IN1.50-P12.00-OUT08.00,0.5,1,,C/C,O/O,1.5,12.0,8.0,15.5,59.0,95.5,2.0,0.0,18.5,12.5,11.5,5.5,19.0,15.5,12.0,8.5,35.0,PASS_95X140X5_REFERENCE,12.0,138.0,144.0,290.0,-145.0|145.0,21.5,False,FAIL,CENTER_NOMINAL_LT_4|CENTER_RESIDUAL_LT_2|BELT_NOMINAL_LT_14|BELT_RESIDUAL_LT_8|PULLEY_NOMINAL_LT_13_5|PULLEY_RESIDUAL_LT_10
G-IN1.50-P12.00-OUT08.50,0.5,1,,C/C,O/O,1.5,12.0,8.5,15.5,59.0,96.0,2.0,0.0,18.5,12.5,12.0,6.0,19.0,15.5,12.5,9.0,34.5,PASS_95X140X5_REFERENCE,12.0,138.0,144.0,290.0,-145.0|145.0,22.0,False,FAIL,CENTER_NOMINAL_LT_4|CENTER_RESIDUAL_LT_2|BELT_NOMINAL_LT_14|BELT_RESIDUAL_LT_8|PULLEY_NOMINAL_LT_13_5|PULLEY_RESIDUAL_LT_10
G-IN1.50-P12.00-OUT09.00,0.5,1,,C/C,O/O,1.5,12.0,9.0,15.5,59.0,96.5,2.0,0.0,18.5,12.5,12.5,6.5,19.0,15.5,13.0,9.5,34.0,PASS_95X140X5_REFERENCE,12.0,138.0,144.0,290.0,-145.0|145.0,22.5,False,FAIL,CENTER_NOMINAL_LT_4|CENTER_RESIDUAL_LT_2|BELT_NOMINAL_LT_14|BELT_RESIDUAL_LT_8|PULLEY_NOMINAL_LT_13_5|PULLEY_RESIDUAL_LT_10
G-IN1.50-P12.00-OUT09.50,0.5,1,,C/C,O/O,1.5,12.0,9.5,15.5,59.0,97.0,2.0,0.0,18.5,12.5,13.0,7.0,19.0,15.5,13.5,10.0,33.5,PASS_95X140X5_REFERENCE,12.0,138.0,144.0,290.0,-145.0|145.0,23.0,False,FAIL,CENTER_NOMINAL_LT_4|CENTER_RESIDUAL_LT_2|BELT_NOMINAL_LT_14|BELT_RESIDUAL_LT_8
G-IN1.50-P12.00-OUT10.00,0.5,1,,C/C,O/O,1.5,12.0,10.0,15.5,59.0,97.5,2.0,0.0,18.5,12.5,13.5,7.5,19.0,15.5,14.0,10.5,33.0,PASS_95X140X5_REFERENCE,12.0,138.0,144.0,290.0,-145.0|145.0,23.5,False,FAIL,CENTER_NOMINAL_LT_4|CENTER_RESIDUAL_LT_2|BELT_NOMINAL_LT_14|BELT_RESIDUAL_LT_8
G-IN2.00-P05.00-OUT03.00,0.5,1,,C/C,O/O,2.0,5.0,3.0,16.0,52.0,90.5,3.0,1.0,11.0,5.0,13.5,7.5,11.5,8.0,14.0,10.5,40.0,PASS_95X140X5_REFERENCE,12.0,137.5,143.5,290.0,-145.0|145.0,10.0,False,FAIL,CENTER_NOMINAL_LT_4|CENTER_RESIDUAL_LT_2|BELT_NOMINAL_LT_14|BELT_RESIDUAL_LT_8|PULLEY_NOMINAL_LT_13_5|PULLEY_RESIDUAL_LT_10
G-IN2.00-P05.00-OUT03.50,0.5,1,,C/C,O/O,2.0,5.0,3.5,16.0,52.0,91.0,3.0,1.0,11.0,5.0,14.0,8.0,11.5,8.0,14.5,11.0,39.5,PASS_95X140X5_REFERENCE,12.0,137.5,143.5,290.0,-145.0|145.0,10.5,False,FAIL,CENTER_NOMINAL_LT_4|CENTER_RESIDUAL_LT_2|BELT_NOMINAL_LT_14|BELT_RESIDUAL_LT_8|PULLEY_NOMINAL_LT_13_5|PULLEY_RESIDUAL_LT_10
G-IN2.00-P05.00-OUT04.00,0.5,1,,C/C,O/O,2.0,5.0,4.0,16.0,52.0,91.5,3.0,1.0,11.0,5.0,14.5,8.5,11.5,8.0,15.0,11.5,39.0,PASS_95X140X5_REFERENCE,12.0,137.5,143.5,290.0,-145.0|145.0,11.0,False,FAIL,CENTER_NOMINAL_LT_4|CENTER_RESIDUAL_LT_2|BELT_NOMINAL_LT_14|BELT_RESIDUAL_LT_8|PULLEY_NOMINAL_LT_13_5|PULLEY_RESIDUAL_LT_10
G-IN2.00-P05.00-OUT04.50,0.5,1,,C/C,O/O,2.0,5.0,4.5,16.0,52.0,92.0,3.0,1.0,11.0,5.0,15.0,9.0,11.5,8.0,15.5,12.0,38.5,PASS_95X140X5_REFERENCE,12.0,137.5,143.5,290.0,-145.0|145.0,11.5,False,FAIL,CENTER_NOMINAL_LT_4|CENTER_RESIDUAL_LT_2|BELT_NOMINAL_LT_14|BELT_RESIDUAL_LT_8|PULLEY_NOMINAL_LT_13_5|PULLEY_RESIDUAL_LT_10
G-IN2.00-P05.00-OUT05.00,0.5,1,,C/C,O/O,2.0,5.0,5.0,16.0,52.0,92.5,3.0,1.0,11.0,5.0,15.5,9.5,11.5,8.0,16.0,12.5,38.0,PASS_95X140X5_REFERENCE,12.0,137.5,143.5,290.0,-145.0|145.0,12.0,False,FAIL,CENTER_NOMINAL_LT_4|CENTER_RESIDUAL_LT_2|BELT_NOMINAL_LT_14|BELT_RESIDUAL_LT_8|PULLEY_NOMINAL_LT_13_5|PULLEY_RESIDUAL_LT_10
G-IN2.00-P05.00-OUT05.50,0.5,1,,C/C,O/O,2.0,5.0,5.5,16.0,52.0,93.0,3.0,1.0,11.0,5.0,16.0,10.0,11.5,8.0,16.5,13.0,37.5,PASS_95X140X5_REFERENCE,12.0,137.5,143.5,290.0,-145.0|145.0,12.5,False,FAIL,CENTER_NOMINAL_LT_4|CENTER_RESIDUAL_LT_2|BELT_NOMINAL_LT_14|BELT_RESIDUAL_LT_8|PULLEY_NOMINAL_LT_13_5|PULLEY_RESIDUAL_LT_10
G-IN2.00-P05.00-OUT06.00,0.5,1,,C/C,O/O,2.0,5.0,6.0,16.0,52.0,93.5,3.0,1.0,11.0,5.0,16.5,10.5,11.5,8.0,17.0,13.5,37.0,PASS_95X140X5_REFERENCE,12.0,137.5,143.5,290.0,-145.0|145.0,13.0,False,FAIL,CENTER_NOMINAL_LT_4|CENTER_RESIDUAL_LT_2|BELT_NOMINAL_LT_14|BELT_RESIDUAL_LT_8|PULLEY_NOMINAL_LT_13_5|PULLEY_RESIDUAL_LT_10
G-IN2.00-P05.00-OUT06.50,0.5,1,,C/C,O/O,2.0,5.0,6.5,16.0,52.0,94.0,3.0,1.0,11.0,5.0,17.0,11.0,11.5,8.0,17.5,14.0,36.5,PASS_95X140X5_REFERENCE,12.0,137.5,143.5,290.0,-145.0|145.0,13.5,False,FAIL,CENTER_NOMINAL_LT_4|CENTER_RESIDUAL_LT_2|BELT_NOMINAL_LT_14|BELT_RESIDUAL_LT_8|PULLEY_NOMINAL_LT_13_5|PULLEY_RESIDUAL_LT_10
G-IN2.00-P05.00-OUT07.00,0.5,1,,C/C,O/O,2.0,5.0,7.0,16.0,52.0,94.5,3.0,1.0,11.0,5.0,17.5,11.5,11.5,8.0,18.0,14.5,36.0,PASS_95X140X5_REFERENCE,12.0,137.5,143.5,290.0,-145.0|145.0,14.0,False,FAIL,CENTER_NOMINAL_LT_4|CENTER_RESIDUAL_LT_2|BELT_NOMINAL_LT_14|BELT_RESIDUAL_LT_8|PULLEY_NOMINAL_LT_13_5|PULLEY_RESIDUAL_LT_10
G-IN2.00-P05.00-OUT07.50,0.5,1,,C/C,O/O,2.0,5.0,7.5,16.0,52.0,95.0,3.0,1.0,11.0,5.0,18.0,12.0,11.5,8.0,18.5,15.0,35.5,PASS_95X140X5_REFERENCE,12.0,137.5,143.5,290.0,-145.0|145.0,14.5,False,FAIL,CENTER_NOMINAL_LT_4|CENTER_RESIDUAL_LT_2|BELT_NOMINAL_LT_14|BELT_RESIDUAL_LT_8|PULLEY_NOMINAL_LT_13_5|PULLEY_RESIDUAL_LT_10
G-IN2.00-P05.00-OUT08.00,0.5,1,,C/C,O/O,2.0,5.0,8.0,16.0,52.0,95.5,3.0,1.0,11.0,5.0,18.5,12.5,11.5,8.0,19.0,15.5,35.0,PASS_95X140X5_REFERENCE,12.0,137.5,143.5,290.0,-145.0|145.0,15.0,False,FAIL,CENTER_NOMINAL_LT_4|CENTER_RESIDUAL_LT_2|BELT_NOMINAL_LT_14|BELT_RESIDUAL_LT_8|PULLEY_NOMINAL_LT_13_5|PULLEY_RESIDUAL_LT_10
G-IN2.00-P05.00-OUT08.50,0.5,1,,C/C,O/O,2.0,5.0,8.5,16.0,52.0,96.0,3.0,1.0,11.0,5.0,19.0,13.0,11.5,8.0,19.5,16.0,34.5,PASS_95X140X5_REFERENCE,12.0,137.5,143.5,290.0,-145.0|145.0,15.5,False,FAIL,CENTER_NOMINAL_LT_4|CENTER_RESIDUAL_LT_2|BELT_NOMINAL_LT_14|BELT_RESIDUAL_LT_8|PULLEY_NOMINAL_LT_13_5|PULLEY_RESIDUAL_LT_10
G-IN2.00-P05.00-OUT09.00,0.5,1,,C/C,O/O,2.0,5.0,9.0,16.0,52.0,96.5,3.0,1.0,11.0,5.0,19.5,13.5,11.5,8.0,20.0,16.5,34.0,PASS_95X140X5_REFERENCE,12.0,137.5,143.5,290.0,-145.0|145.0,16.0,False,FAIL,CENTER_NOMINAL_LT_4|CENTER_RESIDUAL_LT_2|BELT_NOMINAL_LT_14|BELT_RESIDUAL_LT_8|PULLEY_NOMINAL_LT_13_5|PULLEY_RESIDUAL_LT_10
G-IN2.00-P05.00-OUT09.50,0.5,1,,C/C,O/O,2.0,5.0,9.5,16.0,52.0,97.0,3.0,1.0,11.0,5.0,20.0,14.0,11.5,8.0,20.5,17.0,33.5,PASS_95X140X5_REFERENCE,12.0,137.5,143.5,290.0,-145.0|145.0,16.5,False,FAIL,CENTER_NOMINAL_LT_4|CENTER_RESIDUAL_LT_2|BELT_NOMINAL_LT_14|BELT_RESIDUAL_LT_8|PULLEY_NOMINAL_LT_13_5|PULLEY_RESIDUAL_LT_10
G-IN2.00-P05.00-OUT10.00,0.5,1,,C/C,O/O,2.0,5.0,10.0,16.0,52.0,97.5,3.0,1.0,11.0,5.0,20.5,14.5,11.5,8.0,21.0,17.5,33.0,PASS_95X140X5_REFERENCE,12.0,137.5,143.5,290.0,-145.0|145.0,17.0,False,FAIL,CENTER_NOMINAL_LT_4|CENTER_RESIDUAL_LT_2|BELT_NOMINAL_LT_14|BELT_RESIDUAL_LT_8|PULLEY_NOMINAL_LT_13_5|PULLEY_RESIDUAL_LT_10
G-IN2.00-P05.50-OUT03.00,0.5,1,,C/C,O/O,2.0,5.5,3.0,16.0,52.5,90.5,3.0,1.0,11.5,5.5,13.0,7.0,12.0,8.5,13.5,10.0,40.0,PASS_95X140X5_REFERENCE,12.0,137.5,143.5,290.0,-145.0|145.0,10.5,False,FAIL,CENTER_NOMINAL_LT_4|CENTER_RESIDUAL_LT_2|BELT_NOMINAL_LT_14|BELT_RESIDUAL_LT_8|PULLEY_NOMINAL_LT_13_5|PULLEY_RESIDUAL_LT_10
G-IN2.00-P05.50-OUT03.50,0.5,1,,C/C,O/O,2.0,5.5,3.5,16.0,52.5,91.0,3.0,1.0,11.5,5.5,13.5,7.5,12.0,8.5,14.0,10.5,39.5,PASS_95X140X5_REFERENCE,12.0,137.5,143.5,290.0,-145.0|145.0,11.0,False,FAIL,CENTER_NOMINAL_LT_4|CENTER_RESIDUAL_LT_2|BELT_NOMINAL_LT_14|BELT_RESIDUAL_LT_8|PULLEY_NOMINAL_LT_13_5|PULLEY_RESIDUAL_LT_10
G-IN2.00-P05.50-OUT04.00,0.5,1,,C/C,O/O,2.0,5.5,4.0,16.0,52.5,91.5,3.0,1.0,11.5,5.5,14.0,8.0,12.0,8.5,14.5,11.0,39.0,PASS_95X140X5_REFERENCE,12.0,137.5,143.5,290.0,-145.0|145.0,11.5,False,FAIL,CENTER_NOMINAL_LT_4|CENTER_RESIDUAL_LT_2|BELT_NOMINAL_LT_14|BELT_RESIDUAL_LT_8|PULLEY_NOMINAL_LT_13_5|PULLEY_RESIDUAL_LT_10
G-IN2.00-P05.50-OUT04.50,0.5,1,,C/C,O/O,2.0,5.5,4.5,16.0,52.5,92.0,3.0,1.0,11.5,5.5,14.5,8.5,12.0,8.5,15.0,11.5,38.5,PASS_95X140X5_REFERENCE,12.0,137.5,143.5,290.0,-145.0|145.0,12.0,False,FAIL,CENTER_NOMINAL_LT_4|CENTER_RESIDUAL_LT_2|BELT_NOMINAL_LT_14|BELT_RESIDUAL_LT_8|PULLEY_NOMINAL_LT_13_5|PULLEY_RESIDUAL_LT_10
G-IN2.00-P05.50-OUT05.00,0.5,1,,C/C,O/O,2.0,5.5,5.0,16.0,52.5,92.5,3.0,1.0,11.5,5.5,15.0,9.0,12.0,8.5,15.5,12.0,38.0,PASS_95X140X5_REFERENCE,12.0,137.5,143.5,290.0,-145.0|145.0,12.5,False,FAIL,CENTER_NOMINAL_LT_4|CENTER_RESIDUAL_LT_2|BELT_NOMINAL_LT_14|BELT_RESIDUAL_LT_8|PULLEY_NOMINAL_LT_13_5|PULLEY_RESIDUAL_LT_10
G-IN2.00-P05.50-OUT05.50,0.5,1,,C/C,O/O,2.0,5.5,5.5,16.0,52.5,93.0,3.0,1.0,11.5,5.5,15.5,9.5,12.0,8.5,16.0,12.5,37.5,PASS_95X140X5_REFERENCE,12.0,137.5,143.5,290.0,-145.0|145.0,13.0,False,FAIL,CENTER_NOMINAL_LT_4|CENTER_RESIDUAL_LT_2|BELT_NOMINAL_LT_14|BELT_RESIDUAL_LT_8|PULLEY_NOMINAL_LT_13_5|PULLEY_RESIDUAL_LT_10
G-IN2.00-P05.50-OUT06.00,0.5,1,,C/C,O/O,2.0,5.5,6.0,16.0,52.5,93.5,3.0,1.0,11.5,5.5,16.0,10.0,12.0,8.5,16.5,13.0,37.0,PASS_95X140X5_REFERENCE,12.0,137.5,143.5,290.0,-145.0|145.0,13.5,False,FAIL,CENTER_NOMINAL_LT_4|CENTER_RESIDUAL_LT_2|BELT_NOMINAL_LT_14|BELT_RESIDUAL_LT_8|PULLEY_NOMINAL_LT_13_5|PULLEY_RESIDUAL_LT_10
G-IN2.00-P05.50-OUT06.50,0.5,1,,C/C,O/O,2.0,5.5,6.5,16.0,52.5,94.0,3.0,1.0,11.5,5.5,16.5,10.5,12.0,8.5,17.0,13.5,36.5,PASS_95X140X5_REFERENCE,12.0,137.5,143.5,290.0,-145.0|145.0,14.0,False,FAIL,CENTER_NOMINAL_LT_4|CENTER_RESIDUAL_LT_2|BELT_NOMINAL_LT_14|BELT_RESIDUAL_LT_8|PULLEY_NOMINAL_LT_13_5|PULLEY_RESIDUAL_LT_10
G-IN2.00-P05.50-OUT07.00,0.5,1,,C/C,O/O,2.0,5.5,7.0,16.0,52.5,94.5,3.0,1.0,11.5,5.5,17.0,11.0,12.0,8.5,17.5,14.0,36.0,PASS_95X140X5_REFERENCE,12.0,137.5,143.5,290.0,-145.0|145.0,14.5,False,FAIL,CENTER_NOMINAL_LT_4|CENTER_RESIDUAL_LT_2|BELT_NOMINAL_LT_14|BELT_RESIDUAL_LT_8|PULLEY_NOMINAL_LT_13_5|PULLEY_RESIDUAL_LT_10
G-IN2.00-P05.50-OUT07.50,0.5,1,,C/C,O/O,2.0,5.5,7.5,16.0,52.5,95.0,3.0,1.0,11.5,5.5,17.5,11.5,12.0,8.5,18.0,14.5,35.5,PASS_95X140X5_REFERENCE,12.0,137.5,143.5,290.0,-145.0|145.0,15.0,False,FAIL,CENTER_NOMINAL_LT_4|CENTER_RESIDUAL_LT_2|BELT_NOMINAL_LT_14|BELT_RESIDUAL_LT_8|PULLEY_NOMINAL_LT_13_5|PULLEY_RESIDUAL_LT_10
G-IN2.00-P05.50-OUT08.00,0.5,1,,C/C,O/O,2.0,5.5,8.0,16.0,52.5,95.5,3.0,1.0,11.5,5.5,18.0,12.0,12.0,8.5,18.5,15.0,35.0,PASS_95X140X5_REFERENCE,12.0,137.5,143.5,290.0,-145.0|145.0,15.5,False,FAIL,CENTER_NOMINAL_LT_4|CENTER_RESIDUAL_LT_2|BELT_NOMINAL_LT_14|BELT_RESIDUAL_LT_8|PULLEY_NOMINAL_LT_13_5|PULLEY_RESIDUAL_LT_10
G-IN2.00-P05.50-OUT08.50,0.5,1,,C/C,O/O,2.0,5.5,8.5,16.0,52.5,96.0,3.0,1.0,11.5,5.5,18.5,12.5,12.0,8.5,19.0,15.5,34.5,PASS_95X140X5_REFERENCE,12.0,137.5,143.5,290.0,-145.0|145.0,16.0,False,FAIL,CENTER_NOMINAL_LT_4|CENTER_RESIDUAL_LT_2|BELT_NOMINAL_LT_14|BELT_RESIDUAL_LT_8|PULLEY_NOMINAL_LT_13_5|PULLEY_RESIDUAL_LT_10
G-IN2.00-P05.50-OUT09.00,0.5,1,,C/C,O/O,2.0,5.5,9.0,16.0,52.5,96.5,3.0,1.0,11.5,5.5,19.0,13.0,12.0,8.5,19.5,16.0,34.0,PASS_95X140X5_REFERENCE,12.0,137.5,143.5,290.0,-145.0|145.0,16.5,False,FAIL,CENTER_NOMINAL_LT_4|CENTER_RESIDUAL_LT_2|BELT_NOMINAL_LT_14|BELT_RESIDUAL_LT_8|PULLEY_NOMINAL_LT_13_5|PULLEY_RESIDUAL_LT_10
G-IN2.00-P05.50-OUT09.50,0.5,1,,C/C,O/O,2.0,5.5,9.5,16.0,52.5,97.0,3.0,1.0,11.5,5.5,19.5,13.5,12.0,8.5,20.0,16.5,33.5,PASS_95X140X5_REFERENCE,12.0,137.5,143.5,290.0,-145.0|145.0,17.0,False,FAIL,CENTER_NOMINAL_LT_4|CENTER_RESIDUAL_LT_2|BELT_NOMINAL_LT_14|BELT_RESIDUAL_LT_8|PULLEY_NOMINAL_LT_13_5|PULLEY_RESIDUAL_LT_10
G-IN2.00-P05.50-OUT10.00,0.5,1,,C/C,O/O,2.0,5.5,10.0,16.0,52.5,97.5,3.0,1.0,11.5,5.5,20.0,14.0,12.0,8.5,20.5,17.0,33.0,PASS_95X140X5_REFERENCE,12.0,137.5,143.5,290.0,-145.0|145.0,17.5,False,FAIL,CENTER_NOMINAL_LT_4|CENTER_RESIDUAL_LT_2|BELT_NOMINAL_LT_14|BELT_RESIDUAL_LT_8|PULLEY_NOMINAL_LT_13_5|PULLEY_RESIDUAL_LT_10
G-IN2.00-P06.00-OUT03.00,0.5,1,,C/C,O/O,2.0,6.0,3.0,16.0,53.0,90.5,3.0,1.0,12.0,6.0,12.5,6.5,12.5,9.0,13.0,9.5,40.0,PASS_95X140X5_REFERENCE,12.0,137.5,143.5,290.0,-145.0|145.0,11.0,False,FAIL,CENTER_NOMINAL_LT_4|CENTER_RESIDUAL_LT_2|BELT_NOMINAL_LT_14|BELT_RESIDUAL_LT_8|PULLEY_NOMINAL_LT_13_5|PULLEY_RESIDUAL_LT_10
G-IN2.00-P06.00-OUT03.50,0.5,1,,C/C,O/O,2.0,6.0,3.5,16.0,53.0,91.0,3.0,1.0,12.0,6.0,13.0,7.0,12.5,9.0,13.5,10.0,39.5,PASS_95X140X5_REFERENCE,12.0,137.5,143.5,290.0,-145.0|145.0,11.5,False,FAIL,CENTER_NOMINAL_LT_4|CENTER_RESIDUAL_LT_2|BELT_NOMINAL_LT_14|BELT_RESIDUAL_LT_8|PULLEY_NOMINAL_LT_13_5|PULLEY_RESIDUAL_LT_10
G-IN2.00-P06.00-OUT04.00,0.5,1,,C/C,O/O,2.0,6.0,4.0,16.0,53.0,91.5,3.0,1.0,12.0,6.0,13.5,7.5,12.5,9.0,14.0,10.5,39.0,PASS_95X140X5_REFERENCE,12.0,137.5,143.5,290.0,-145.0|145.0,12.0,False,FAIL,CENTER_NOMINAL_LT_4|CENTER_RESIDUAL_LT_2|BELT_NOMINAL_LT_14|BELT_RESIDUAL_LT_8|PULLEY_NOMINAL_LT_13_5|PULLEY_RESIDUAL_LT_10
G-IN2.00-P06.00-OUT04.50,0.5,1,,C/C,O/O,2.0,6.0,4.5,16.0,53.0,92.0,3.0,1.0,12.0,6.0,14.0,8.0,12.5,9.0,14.5,11.0,38.5,PASS_95X140X5_REFERENCE,12.0,137.5,143.5,290.0,-145.0|145.0,12.5,False,FAIL,CENTER_NOMINAL_LT_4|CENTER_RESIDUAL_LT_2|BELT_NOMINAL_LT_14|BELT_RESIDUAL_LT_8|PULLEY_NOMINAL_LT_13_5|PULLEY_RESIDUAL_LT_10
G-IN2.00-P06.00-OUT05.00,0.5,1,,C/C,O/O,2.0,6.0,5.0,16.0,53.0,92.5,3.0,1.0,12.0,6.0,14.5,8.5,12.5,9.0,15.0,11.5,38.0,PASS_95X140X5_REFERENCE,12.0,137.5,143.5,290.0,-145.0|145.0,13.0,False,FAIL,CENTER_NOMINAL_LT_4|CENTER_RESIDUAL_LT_2|BELT_NOMINAL_LT_14|BELT_RESIDUAL_LT_8|PULLEY_NOMINAL_LT_13_5|PULLEY_RESIDUAL_LT_10
G-IN2.00-P06.00-OUT05.50,0.5,1,,C/C,O/O,2.0,6.0,5.5,16.0,53.0,93.0,3.0,1.0,12.0,6.0,15.0,9.0,12.5,9.0,15.5,12.0,37.5,PASS_95X140X5_REFERENCE,12.0,137.5,143.5,290.0,-145.0|145.0,13.5,False,FAIL,CENTER_NOMINAL_LT_4|CENTER_RESIDUAL_LT_2|BELT_NOMINAL_LT_14|BELT_RESIDUAL_LT_8|PULLEY_NOMINAL_LT_13_5|PULLEY_RESIDUAL_LT_10
G-IN2.00-P06.00-OUT06.00,0.5,1,,C/C,O/O,2.0,6.0,6.0,16.0,53.0,93.5,3.0,1.0,12.0,6.0,15.5,9.5,12.5,9.0,16.0,12.5,37.0,PASS_95X140X5_REFERENCE,12.0,137.5,143.5,290.0,-145.0|145.0,14.0,False,FAIL,CENTER_NOMINAL_LT_4|CENTER_RESIDUAL_LT_2|BELT_NOMINAL_LT_14|BELT_RESIDUAL_LT_8|PULLEY_NOMINAL_LT_13_5|PULLEY_RESIDUAL_LT_10
G-IN2.00-P06.00-OUT06.50,0.5,1,,C/C,O/O,2.0,6.0,6.5,16.0,53.0,94.0,3.0,1.0,12.0,6.0,16.0,10.0,12.5,9.0,16.5,13.0,36.5,PASS_95X140X5_REFERENCE,12.0,137.5,143.5,290.0,-145.0|145.0,14.5,False,FAIL,CENTER_NOMINAL_LT_4|CENTER_RESIDUAL_LT_2|BELT_NOMINAL_LT_14|BELT_RESIDUAL_LT_8|PULLEY_NOMINAL_LT_13_5|PULLEY_RESIDUAL_LT_10
G-IN2.00-P06.00-OUT07.00,0.5,1,,C/C,O/O,2.0,6.0,7.0,16.0,53.0,94.5,3.0,1.0,12.0,6.0,16.5,10.5,12.5,9.0,17.0,13.5,36.0,PASS_95X140X5_REFERENCE,12.0,137.5,143.5,290.0,-145.0|145.0,15.0,False,FAIL,CENTER_NOMINAL_LT_4|CENTER_RESIDUAL_LT_2|BELT_NOMINAL_LT_14|BELT_RESIDUAL_LT_8|PULLEY_NOMINAL_LT_13_5|PULLEY_RESIDUAL_LT_10
G-IN2.00-P06.00-OUT07.50,0.5,1,,C/C,O/O,2.0,6.0,7.5,16.0,53.0,95.0,3.0,1.0,12.0,6.0,17.0,11.0,12.5,9.0,17.5,14.0,35.5,PASS_95X140X5_REFERENCE,12.0,137.5,143.5,290.0,-145.0|145.0,15.5,False,FAIL,CENTER_NOMINAL_LT_4|CENTER_RESIDUAL_LT_2|BELT_NOMINAL_LT_14|BELT_RESIDUAL_LT_8|PULLEY_NOMINAL_LT_13_5|PULLEY_RESIDUAL_LT_10
G-IN2.00-P06.00-OUT08.00,0.5,1,,C/C,O/O,2.0,6.0,8.0,16.0,53.0,95.5,3.0,1.0,12.0,6.0,17.5,11.5,12.5,9.0,18.0,14.5,35.0,PASS_95X140X5_REFERENCE,12.0,137.5,143.5,290.0,-145.0|145.0,16.0,False,FAIL,CENTER_NOMINAL_LT_4|CENTER_RESIDUAL_LT_2|BELT_NOMINAL_LT_14|BELT_RESIDUAL_LT_8|PULLEY_NOMINAL_LT_13_5|PULLEY_RESIDUAL_LT_10
G-IN2.00-P06.00-OUT08.50,0.5,1,,C/C,O/O,2.0,6.0,8.5,16.0,53.0,96.0,3.0,1.0,12.0,6.0,18.0,12.0,12.5,9.0,18.5,15.0,34.5,PASS_95X140X5_REFERENCE,12.0,137.5,143.5,290.0,-145.0|145.0,16.5,False,FAIL,CENTER_NOMINAL_LT_4|CENTER_RESIDUAL_LT_2|BELT_NOMINAL_LT_14|BELT_RESIDUAL_LT_8|PULLEY_NOMINAL_LT_13_5|PULLEY_RESIDUAL_LT_10
G-IN2.00-P06.00-OUT09.00,0.5,1,,C/C,O/O,2.0,6.0,9.0,16.0,53.0,96.5,3.0,1.0,12.0,6.0,18.5,12.5,12.5,9.0,19.0,15.5,34.0,PASS_95X140X5_REFERENCE,12.0,137.5,143.5,290.0,-145.0|145.0,17.0,False,FAIL,CENTER_NOMINAL_LT_4|CENTER_RESIDUAL_LT_2|BELT_NOMINAL_LT_14|BELT_RESIDUAL_LT_8|PULLEY_NOMINAL_LT_13_5|PULLEY_RESIDUAL_LT_10
G-IN2.00-P06.00-OUT09.50,0.5,1,,C/C,O/O,2.0,6.0,9.5,16.0,53.0,97.0,3.0,1.0,12.0,6.0,19.0,13.0,12.5,9.0,19.5,16.0,33.5,PASS_95X140X5_REFERENCE,12.0,137.5,143.5,290.0,-145.0|145.0,17.5,False,FAIL,CENTER_NOMINAL_LT_4|CENTER_RESIDUAL_LT_2|BELT_NOMINAL_LT_14|BELT_RESIDUAL_LT_8|PULLEY_NOMINAL_LT_13_5|PULLEY_RESIDUAL_LT_10
G-IN2.00-P06.00-OUT10.00,0.5,1,,C/C,O/O,2.0,6.0,10.0,16.0,53.0,97.5,3.0,1.0,12.0,6.0,19.5,13.5,12.5,9.0,20.0,16.5,33.0,PASS_95X140X5_REFERENCE,12.0,137.5,143.5,290.0,-145.0|145.0,18.0,False,FAIL,CENTER_NOMINAL_LT_4|CENTER_RESIDUAL_LT_2|BELT_NOMINAL_LT_14|BELT_RESIDUAL_LT_8|PULLEY_NOMINAL_LT_13_5|PULLEY_RESIDUAL_LT_10
G-IN2.00-P06.50-OUT03.00,0.5,1,,C/C,O/O,2.0,6.5,3.0,16.0,53.5,90.5,3.0,1.0,12.5,6.5,12.0,6.0,13.0,9.5,12.5,9.0,40.0,PASS_95X140X5_REFERENCE,12.0,137.5,143.5,290.0,-145.0|145.0,11.5,False,FAIL,CENTER_NOMINAL_LT_4|CENTER_RESIDUAL_LT_2|BELT_NOMINAL_LT_14|BELT_RESIDUAL_LT_8|PULLEY_NOMINAL_LT_13_5|PULLEY_RESIDUAL_LT_10
G-IN2.00-P06.50-OUT03.50,0.5,1,,C/C,O/O,2.0,6.5,3.5,16.0,53.5,91.0,3.0,1.0,12.5,6.5,12.5,6.5,13.0,9.5,13.0,9.5,39.5,PASS_95X140X5_REFERENCE,12.0,137.5,143.5,290.0,-145.0|145.0,12.0,False,FAIL,CENTER_NOMINAL_LT_4|CENTER_RESIDUAL_LT_2|BELT_NOMINAL_LT_14|BELT_RESIDUAL_LT_8|PULLEY_NOMINAL_LT_13_5|PULLEY_RESIDUAL_LT_10
G-IN2.00-P06.50-OUT04.00,0.5,1,,C/C,O/O,2.0,6.5,4.0,16.0,53.5,91.5,3.0,1.0,12.5,6.5,13.0,7.0,13.0,9.5,13.5,10.0,39.0,PASS_95X140X5_REFERENCE,12.0,137.5,143.5,290.0,-145.0|145.0,12.5,False,FAIL,CENTER_NOMINAL_LT_4|CENTER_RESIDUAL_LT_2|BELT_NOMINAL_LT_14|BELT_RESIDUAL_LT_8|PULLEY_NOMINAL_LT_13_5|PULLEY_RESIDUAL_LT_10
G-IN2.00-P06.50-OUT04.50,0.5,1,,C/C,O/O,2.0,6.5,4.5,16.0,53.5,92.0,3.0,1.0,12.5,6.5,13.5,7.5,13.0,9.5,14.0,10.5,38.5,PASS_95X140X5_REFERENCE,12.0,137.5,143.5,290.0,-145.0|145.0,13.0,False,FAIL,CENTER_NOMINAL_LT_4|CENTER_RESIDUAL_LT_2|BELT_NOMINAL_LT_14|BELT_RESIDUAL_LT_8|PULLEY_NOMINAL_LT_13_5|PULLEY_RESIDUAL_LT_10
G-IN2.00-P06.50-OUT05.00,0.5,1,,C/C,O/O,2.0,6.5,5.0,16.0,53.5,92.5,3.0,1.0,12.5,6.5,14.0,8.0,13.0,9.5,14.5,11.0,38.0,PASS_95X140X5_REFERENCE,12.0,137.5,143.5,290.0,-145.0|145.0,13.5,False,FAIL,CENTER_NOMINAL_LT_4|CENTER_RESIDUAL_LT_2|BELT_NOMINAL_LT_14|BELT_RESIDUAL_LT_8|PULLEY_NOMINAL_LT_13_5|PULLEY_RESIDUAL_LT_10
G-IN2.00-P06.50-OUT05.50,0.5,1,,C/C,O/O,2.0,6.5,5.5,16.0,53.5,93.0,3.0,1.0,12.5,6.5,14.5,8.5,13.0,9.5,15.0,11.5,37.5,PASS_95X140X5_REFERENCE,12.0,137.5,143.5,290.0,-145.0|145.0,14.0,False,FAIL,CENTER_NOMINAL_LT_4|CENTER_RESIDUAL_LT_2|BELT_NOMINAL_LT_14|BELT_RESIDUAL_LT_8|PULLEY_NOMINAL_LT_13_5|PULLEY_RESIDUAL_LT_10
G-IN2.00-P06.50-OUT06.00,0.5,1,,C/C,O/O,2.0,6.5,6.0,16.0,53.5,93.5,3.0,1.0,12.5,6.5,15.0,9.0,13.0,9.5,15.5,12.0,37.0,PASS_95X140X5_REFERENCE,12.0,137.5,143.5,290.0,-145.0|145.0,14.5,False,FAIL,CENTER_NOMINAL_LT_4|CENTER_RESIDUAL_LT_2|BELT_NOMINAL_LT_14|BELT_RESIDUAL_LT_8|PULLEY_NOMINAL_LT_13_5|PULLEY_RESIDUAL_LT_10
G-IN2.00-P06.50-OUT06.50,0.5,1,,C/C,O/O,2.0,6.5,6.5,16.0,53.5,94.0,3.0,1.0,12.5,6.5,15.5,9.5,13.0,9.5,16.0,12.5,36.5,PASS_95X140X5_REFERENCE,12.0,137.5,143.5,290.0,-145.0|145.0,15.0,False,FAIL,CENTER_NOMINAL_LT_4|CENTER_RESIDUAL_LT_2|BELT_NOMINAL_LT_14|BELT_RESIDUAL_LT_8|PULLEY_NOMINAL_LT_13_5|PULLEY_RESIDUAL_LT_10
G-IN2.00-P06.50-OUT07.00,0.5,1,,C/C,O/O,2.0,6.5,7.0,16.0,53.5,94.5,3.0,1.0,12.5,6.5,16.0,10.0,13.0,9.5,16.5,13.0,36.0,PASS_95X140X5_REFERENCE,12.0,137.5,143.5,290.0,-145.0|145.0,15.5,False,FAIL,CENTER_NOMINAL_LT_4|CENTER_RESIDUAL_LT_2|BELT_NOMINAL_LT_14|BELT_RESIDUAL_LT_8|PULLEY_NOMINAL_LT_13_5|PULLEY_RESIDUAL_LT_10
G-IN2.00-P06.50-OUT07.50,0.5,1,,C/C,O/O,2.0,6.5,7.5,16.0,53.5,95.0,3.0,1.0,12.5,6.5,16.5,10.5,13.0,9.5,17.0,13.5,35.5,PASS_95X140X5_REFERENCE,12.0,137.5,143.5,290.0,-145.0|145.0,16.0,False,FAIL,CENTER_NOMINAL_LT_4|CENTER_RESIDUAL_LT_2|BELT_NOMINAL_LT_14|BELT_RESIDUAL_LT_8|PULLEY_NOMINAL_LT_13_5|PULLEY_RESIDUAL_LT_10
G-IN2.00-P06.50-OUT08.00,0.5,1,,C/C,O/O,2.0,6.5,8.0,16.0,53.5,95.5,3.0,1.0,12.5,6.5,17.0,11.0,13.0,9.5,17.5,14.0,35.0,PASS_95X140X5_REFERENCE,12.0,137.5,143.5,290.0,-145.0|145.0,16.5,False,FAIL,CENTER_NOMINAL_LT_4|CENTER_RESIDUAL_LT_2|BELT_NOMINAL_LT_14|BELT_RESIDUAL_LT_8|PULLEY_NOMINAL_LT_13_5|PULLEY_RESIDUAL_LT_10
G-IN2.00-P06.50-OUT08.50,0.5,1,,C/C,O/O,2.0,6.5,8.5,16.0,53.5,96.0,3.0,1.0,12.5,6.5,17.5,11.5,13.0,9.5,18.0,14.5,34.5,PASS_95X140X5_REFERENCE,12.0,137.5,143.5,290.0,-145.0|145.0,17.0,False,FAIL,CENTER_NOMINAL_LT_4|CENTER_RESIDUAL_LT_2|BELT_NOMINAL_LT_14|BELT_RESIDUAL_LT_8|PULLEY_NOMINAL_LT_13_5|PULLEY_RESIDUAL_LT_10
G-IN2.00-P06.50-OUT09.00,0.5,1,,C/C,O/O,2.0,6.5,9.0,16.0,53.5,96.5,3.0,1.0,12.5,6.5,18.0,12.0,13.0,9.5,18.5,15.0,34.0,PASS_95X140X5_REFERENCE,12.0,137.5,143.5,290.0,-145.0|145.0,17.5,False,FAIL,CENTER_NOMINAL_LT_4|CENTER_RESIDUAL_LT_2|BELT_NOMINAL_LT_14|BELT_RESIDUAL_LT_8|PULLEY_NOMINAL_LT_13_5|PULLEY_RESIDUAL_LT_10
G-IN2.00-P06.50-OUT09.50,0.5,1,,C/C,O/O,2.0,6.5,9.5,16.0,53.5,97.0,3.0,1.0,12.5,6.5,18.5,12.5,13.0,9.5,19.0,15.5,33.5,PASS_95X140X5_REFERENCE,12.0,137.5,143.5,290.0,-145.0|145.0,18.0,False,FAIL,CENTER_NOMINAL_LT_4|CENTER_RESIDUAL_LT_2|BELT_NOMINAL_LT_14|BELT_RESIDUAL_LT_8|PULLEY_NOMINAL_LT_13_5|PULLEY_RESIDUAL_LT_10
G-IN2.00-P06.50-OUT10.00,0.5,1,,C/C,O/O,2.0,6.5,10.0,16.0,53.5,97.5,3.0,1.0,12.5,6.5,19.0,13.0,13.0,9.5,19.5,16.0,33.0,PASS_95X140X5_REFERENCE,12.0,137.5,143.5,290.0,-145.0|145.0,18.5,False,FAIL,CENTER_NOMINAL_LT_4|CENTER_RESIDUAL_LT_2|BELT_NOMINAL_LT_14|BELT_RESIDUAL_LT_8|PULLEY_NOMINAL_LT_13_5|PULLEY_RESIDUAL_LT_10
G-IN2.00-P07.00-OUT03.00,0.5,1,,C/C,O/O,2.0,7.0,3.0,16.0,54.0,90.5,3.0,1.0,13.0,7.0,11.5,5.5,13.5,10.0,12.0,8.5,40.0,PASS_95X140X5_REFERENCE,12.0,137.5,143.5,290.0,-145.0|145.0,12.0,False,FAIL,CENTER_NOMINAL_LT_4|CENTER_RESIDUAL_LT_2|BELT_NOMINAL_LT_14|BELT_RESIDUAL_LT_8|PULLEY_NOMINAL_LT_13_5|PULLEY_RESIDUAL_LT_10
G-IN2.00-P07.00-OUT03.50,0.5,1,,C/C,O/O,2.0,7.0,3.5,16.0,54.0,91.0,3.0,1.0,13.0,7.0,12.0,6.0,13.5,10.0,12.5,9.0,39.5,PASS_95X140X5_REFERENCE,12.0,137.5,143.5,290.0,-145.0|145.0,12.5,False,FAIL,CENTER_NOMINAL_LT_4|CENTER_RESIDUAL_LT_2|BELT_NOMINAL_LT_14|BELT_RESIDUAL_LT_8|PULLEY_NOMINAL_LT_13_5|PULLEY_RESIDUAL_LT_10
G-IN2.00-P07.00-OUT04.00,0.5,1,,C/C,O/O,2.0,7.0,4.0,16.0,54.0,91.5,3.0,1.0,13.0,7.0,12.5,6.5,13.5,10.0,13.0,9.5,39.0,PASS_95X140X5_REFERENCE,12.0,137.5,143.5,290.0,-145.0|145.0,13.0,False,FAIL,CENTER_NOMINAL_LT_4|CENTER_RESIDUAL_LT_2|BELT_NOMINAL_LT_14|BELT_RESIDUAL_LT_8|PULLEY_NOMINAL_LT_13_5|PULLEY_RESIDUAL_LT_10
G-IN2.00-P07.00-OUT04.50,0.5,1,,C/C,O/O,2.0,7.0,4.5,16.0,54.0,92.0,3.0,1.0,13.0,7.0,13.0,7.0,13.5,10.0,13.5,10.0,38.5,PASS_95X140X5_REFERENCE,12.0,137.5,143.5,290.0,-145.0|145.0,13.5,False,FAIL,CENTER_NOMINAL_LT_4|CENTER_RESIDUAL_LT_2|BELT_NOMINAL_LT_14|BELT_RESIDUAL_LT_8
G-IN2.00-P07.00-OUT05.00,0.5,1,,C/C,O/O,2.0,7.0,5.0,16.0,54.0,92.5,3.0,1.0,13.0,7.0,13.5,7.5,13.5,10.0,14.0,10.5,38.0,PASS_95X140X5_REFERENCE,12.0,137.5,143.5,290.0,-145.0|145.0,14.0,False,FAIL,CENTER_NOMINAL_LT_4|CENTER_RESIDUAL_LT_2|BELT_NOMINAL_LT_14|BELT_RESIDUAL_LT_8
G-IN2.00-P07.00-OUT05.50,0.5,1,,C/C,O/O,2.0,7.0,5.5,16.0,54.0,93.0,3.0,1.0,13.0,7.0,14.0,8.0,13.5,10.0,14.5,11.0,37.5,PASS_95X140X5_REFERENCE,12.0,137.5,143.5,290.0,-145.0|145.0,14.5,False,FAIL,CENTER_NOMINAL_LT_4|CENTER_RESIDUAL_LT_2|BELT_NOMINAL_LT_14|BELT_RESIDUAL_LT_8
G-IN2.00-P07.00-OUT06.00,0.5,1,,C/C,O/O,2.0,7.0,6.0,16.0,54.0,93.5,3.0,1.0,13.0,7.0,14.5,8.5,13.5,10.0,15.0,11.5,37.0,PASS_95X140X5_REFERENCE,12.0,137.5,143.5,290.0,-145.0|145.0,15.0,False,FAIL,CENTER_NOMINAL_LT_4|CENTER_RESIDUAL_LT_2|BELT_NOMINAL_LT_14|BELT_RESIDUAL_LT_8
G-IN2.00-P07.00-OUT06.50,0.5,1,,C/C,O/O,2.0,7.0,6.5,16.0,54.0,94.0,3.0,1.0,13.0,7.0,15.0,9.0,13.5,10.0,15.5,12.0,36.5,PASS_95X140X5_REFERENCE,12.0,137.5,143.5,290.0,-145.0|145.0,15.5,False,FAIL,CENTER_NOMINAL_LT_4|CENTER_RESIDUAL_LT_2|BELT_NOMINAL_LT_14|BELT_RESIDUAL_LT_8
G-IN2.00-P07.00-OUT07.00,0.5,1,,C/C,O/O,2.0,7.0,7.0,16.0,54.0,94.5,3.0,1.0,13.0,7.0,15.5,9.5,13.5,10.0,16.0,12.5,36.0,PASS_95X140X5_REFERENCE,12.0,137.5,143.5,290.0,-145.0|145.0,16.0,False,FAIL,CENTER_NOMINAL_LT_4|CENTER_RESIDUAL_LT_2|BELT_NOMINAL_LT_14|BELT_RESIDUAL_LT_8
G-IN2.00-P07.00-OUT07.50,0.5,1,,C/C,O/O,2.0,7.0,7.5,16.0,54.0,95.0,3.0,1.0,13.0,7.0,16.0,10.0,13.5,10.0,16.5,13.0,35.5,PASS_95X140X5_REFERENCE,12.0,137.5,143.5,290.0,-145.0|145.0,16.5,False,FAIL,CENTER_NOMINAL_LT_4|CENTER_RESIDUAL_LT_2|BELT_NOMINAL_LT_14|BELT_RESIDUAL_LT_8
G-IN2.00-P07.00-OUT08.00,0.5,1,,C/C,O/O,2.0,7.0,8.0,16.0,54.0,95.5,3.0,1.0,13.0,7.0,16.5,10.5,13.5,10.0,17.0,13.5,35.0,PASS_95X140X5_REFERENCE,12.0,137.5,143.5,290.0,-145.0|145.0,17.0,False,FAIL,CENTER_NOMINAL_LT_4|CENTER_RESIDUAL_LT_2|BELT_NOMINAL_LT_14|BELT_RESIDUAL_LT_8
G-IN2.00-P07.00-OUT08.50,0.5,1,,C/C,O/O,2.0,7.0,8.5,16.0,54.0,96.0,3.0,1.0,13.0,7.0,17.0,11.0,13.5,10.0,17.5,14.0,34.5,PASS_95X140X5_REFERENCE,12.0,137.5,143.5,290.0,-145.0|145.0,17.5,False,FAIL,CENTER_NOMINAL_LT_4|CENTER_RESIDUAL_LT_2|BELT_NOMINAL_LT_14|BELT_RESIDUAL_LT_8
G-IN2.00-P07.00-OUT09.00,0.5,1,,C/C,O/O,2.0,7.0,9.0,16.0,54.0,96.5,3.0,1.0,13.0,7.0,17.5,11.5,13.5,10.0,18.0,14.5,34.0,PASS_95X140X5_REFERENCE,12.0,137.5,143.5,290.0,-145.0|145.0,18.0,False,FAIL,CENTER_NOMINAL_LT_4|CENTER_RESIDUAL_LT_2|BELT_NOMINAL_LT_14|BELT_RESIDUAL_LT_8
G-IN2.00-P07.00-OUT09.50,0.5,1,,C/C,O/O,2.0,7.0,9.5,16.0,54.0,97.0,3.0,1.0,13.0,7.0,18.0,12.0,13.5,10.0,18.5,15.0,33.5,PASS_95X140X5_REFERENCE,12.0,137.5,143.5,290.0,-145.0|145.0,18.5,False,FAIL,CENTER_NOMINAL_LT_4|CENTER_RESIDUAL_LT_2|BELT_NOMINAL_LT_14|BELT_RESIDUAL_LT_8
G-IN2.00-P07.00-OUT10.00,0.5,1,,C/C,O/O,2.0,7.0,10.0,16.0,54.0,97.5,3.0,1.0,13.0,7.0,18.5,12.5,13.5,10.0,19.0,15.5,33.0,PASS_95X140X5_REFERENCE,12.0,137.5,143.5,290.0,-145.0|145.0,19.0,False,FAIL,CENTER_NOMINAL_LT_4|CENTER_RESIDUAL_LT_2|BELT_NOMINAL_LT_14|BELT_RESIDUAL_LT_8
G-IN2.00-P07.50-OUT03.00,0.5,1,,C/C,O/O,2.0,7.5,3.0,16.0,54.5,90.5,3.0,1.0,13.5,7.5,11.0,5.0,14.0,10.5,11.5,8.0,40.0,PASS_95X140X5_REFERENCE,12.0,137.5,143.5,290.0,-145.0|145.0,12.5,False,FAIL,CENTER_NOMINAL_LT_4|CENTER_RESIDUAL_LT_2|BELT_NOMINAL_LT_14|BELT_RESIDUAL_LT_8|PULLEY_NOMINAL_LT_13_5|PULLEY_RESIDUAL_LT_10
G-IN2.00-P07.50-OUT03.50,0.5,1,,C/C,O/O,2.0,7.5,3.5,16.0,54.5,91.0,3.0,1.0,13.5,7.5,11.5,5.5,14.0,10.5,12.0,8.5,39.5,PASS_95X140X5_REFERENCE,12.0,137.5,143.5,290.0,-145.0|145.0,13.0,False,FAIL,CENTER_NOMINAL_LT_4|CENTER_RESIDUAL_LT_2|BELT_NOMINAL_LT_14|BELT_RESIDUAL_LT_8|PULLEY_NOMINAL_LT_13_5|PULLEY_RESIDUAL_LT_10
G-IN2.00-P07.50-OUT04.00,0.5,1,,C/C,O/O,2.0,7.5,4.0,16.0,54.5,91.5,3.0,1.0,13.5,7.5,12.0,6.0,14.0,10.5,12.5,9.0,39.0,PASS_95X140X5_REFERENCE,12.0,137.5,143.5,290.0,-145.0|145.0,13.5,False,FAIL,CENTER_NOMINAL_LT_4|CENTER_RESIDUAL_LT_2|BELT_NOMINAL_LT_14|BELT_RESIDUAL_LT_8|PULLEY_NOMINAL_LT_13_5|PULLEY_RESIDUAL_LT_10
G-IN2.00-P07.50-OUT04.50,0.5,1,,C/C,O/O,2.0,7.5,4.5,16.0,54.5,92.0,3.0,1.0,13.5,7.5,12.5,6.5,14.0,10.5,13.0,9.5,38.5,PASS_95X140X5_REFERENCE,12.0,137.5,143.5,290.0,-145.0|145.0,14.0,False,FAIL,CENTER_NOMINAL_LT_4|CENTER_RESIDUAL_LT_2|BELT_NOMINAL_LT_14|BELT_RESIDUAL_LT_8|PULLEY_NOMINAL_LT_13_5|PULLEY_RESIDUAL_LT_10
G-IN2.00-P07.50-OUT05.00,0.5,1,,C/C,O/O,2.0,7.5,5.0,16.0,54.5,92.5,3.0,1.0,13.5,7.5,13.0,7.0,14.0,10.5,13.5,10.0,38.0,PASS_95X140X5_REFERENCE,12.0,137.5,143.5,290.0,-145.0|145.0,14.5,False,FAIL,CENTER_NOMINAL_LT_4|CENTER_RESIDUAL_LT_2|BELT_NOMINAL_LT_14|BELT_RESIDUAL_LT_8
G-IN2.00-P07.50-OUT05.50,0.5,1,,C/C,O/O,2.0,7.5,5.5,16.0,54.5,93.0,3.0,1.0,13.5,7.5,13.5,7.5,14.0,10.5,14.0,10.5,37.5,PASS_95X140X5_REFERENCE,12.0,137.5,143.5,290.0,-145.0|145.0,15.0,False,FAIL,CENTER_NOMINAL_LT_4|CENTER_RESIDUAL_LT_2|BELT_NOMINAL_LT_14|BELT_RESIDUAL_LT_8
G-IN2.00-P07.50-OUT06.00,0.5,1,,C/C,O/O,2.0,7.5,6.0,16.0,54.5,93.5,3.0,1.0,13.5,7.5,14.0,8.0,14.0,10.5,14.5,11.0,37.0,PASS_95X140X5_REFERENCE,12.0,137.5,143.5,290.0,-145.0|145.0,15.5,False,FAIL,CENTER_NOMINAL_LT_4|CENTER_RESIDUAL_LT_2|BELT_NOMINAL_LT_14|BELT_RESIDUAL_LT_8
G-IN2.00-P07.50-OUT06.50,0.5,1,,C/C,O/O,2.0,7.5,6.5,16.0,54.5,94.0,3.0,1.0,13.5,7.5,14.5,8.5,14.0,10.5,15.0,11.5,36.5,PASS_95X140X5_REFERENCE,12.0,137.5,143.5,290.0,-145.0|145.0,16.0,False,FAIL,CENTER_NOMINAL_LT_4|CENTER_RESIDUAL_LT_2|BELT_NOMINAL_LT_14|BELT_RESIDUAL_LT_8
G-IN2.00-P07.50-OUT07.00,0.5,1,,C/C,O/O,2.0,7.5,7.0,16.0,54.5,94.5,3.0,1.0,13.5,7.5,15.0,9.0,14.0,10.5,15.5,12.0,36.0,PASS_95X140X5_REFERENCE,12.0,137.5,143.5,290.0,-145.0|145.0,16.5,False,FAIL,CENTER_NOMINAL_LT_4|CENTER_RESIDUAL_LT_2|BELT_NOMINAL_LT_14|BELT_RESIDUAL_LT_8
G-IN2.00-P07.50-OUT07.50,0.5,1,,C/C,O/O,2.0,7.5,7.5,16.0,54.5,95.0,3.0,1.0,13.5,7.5,15.5,9.5,14.0,10.5,16.0,12.5,35.5,PASS_95X140X5_REFERENCE,12.0,137.5,143.5,290.0,-145.0|145.0,17.0,False,FAIL,CENTER_NOMINAL_LT_4|CENTER_RESIDUAL_LT_2|BELT_NOMINAL_LT_14|BELT_RESIDUAL_LT_8
G-IN2.00-P07.50-OUT08.00,0.5,1,,C/C,O/O,2.0,7.5,8.0,16.0,54.5,95.5,3.0,1.0,13.5,7.5,16.0,10.0,14.0,10.5,16.5,13.0,35.0,PASS_95X140X5_REFERENCE,12.0,137.5,143.5,290.0,-145.0|145.0,17.5,False,FAIL,CENTER_NOMINAL_LT_4|CENTER_RESIDUAL_LT_2|BELT_NOMINAL_LT_14|BELT_RESIDUAL_LT_8
G-IN2.00-P07.50-OUT08.50,0.5,1,,C/C,O/O,2.0,7.5,8.5,16.0,54.5,96.0,3.0,1.0,13.5,7.5,16.5,10.5,14.0,10.5,17.0,13.5,34.5,PASS_95X140X5_REFERENCE,12.0,137.5,143.5,290.0,-145.0|145.0,18.0,False,FAIL,CENTER_NOMINAL_LT_4|CENTER_RESIDUAL_LT_2|BELT_NOMINAL_LT_14|BELT_RESIDUAL_LT_8
G-IN2.00-P07.50-OUT09.00,0.5,1,,C/C,O/O,2.0,7.5,9.0,16.0,54.5,96.5,3.0,1.0,13.5,7.5,17.0,11.0,14.0,10.5,17.5,14.0,34.0,PASS_95X140X5_REFERENCE,12.0,137.5,143.5,290.0,-145.0|145.0,18.5,False,FAIL,CENTER_NOMINAL_LT_4|CENTER_RESIDUAL_LT_2|BELT_NOMINAL_LT_14|BELT_RESIDUAL_LT_8
G-IN2.00-P07.50-OUT09.50,0.5,1,,C/C,O/O,2.0,7.5,9.5,16.0,54.5,97.0,3.0,1.0,13.5,7.5,17.5,11.5,14.0,10.5,18.0,14.5,33.5,PASS_95X140X5_REFERENCE,12.0,137.5,143.5,290.0,-145.0|145.0,19.0,False,FAIL,CENTER_NOMINAL_LT_4|CENTER_RESIDUAL_LT_2|BELT_NOMINAL_LT_14|BELT_RESIDUAL_LT_8
G-IN2.00-P07.50-OUT10.00,0.5,1,,C/C,O/O,2.0,7.5,10.0,16.0,54.5,97.5,3.0,1.0,13.5,7.5,18.0,12.0,14.0,10.5,18.5,15.0,33.0,PASS_95X140X5_REFERENCE,12.0,137.5,143.5,290.0,-145.0|145.0,19.5,False,FAIL,CENTER_NOMINAL_LT_4|CENTER_RESIDUAL_LT_2|BELT_NOMINAL_LT_14|BELT_RESIDUAL_LT_8
G-IN2.00-P08.00-OUT03.00,0.5,1,,C/C,O/O,2.0,8.0,3.0,16.0,55.0,90.5,3.0,1.0,14.0,8.0,10.5,4.5,14.5,11.0,11.0,7.5,40.0,PASS_95X140X5_REFERENCE,12.0,137.5,143.5,290.0,-145.0|145.0,13.0,False,FAIL,CENTER_NOMINAL_LT_4|CENTER_RESIDUAL_LT_2|BELT_NOMINAL_LT_14|BELT_RESIDUAL_LT_8|PULLEY_NOMINAL_LT_13_5|PULLEY_RESIDUAL_LT_10
G-IN2.00-P08.00-OUT03.50,0.5,1,,C/C,O/O,2.0,8.0,3.5,16.0,55.0,91.0,3.0,1.0,14.0,8.0,11.0,5.0,14.5,11.0,11.5,8.0,39.5,PASS_95X140X5_REFERENCE,12.0,137.5,143.5,290.0,-145.0|145.0,13.5,False,FAIL,CENTER_NOMINAL_LT_4|CENTER_RESIDUAL_LT_2|BELT_NOMINAL_LT_14|BELT_RESIDUAL_LT_8|PULLEY_NOMINAL_LT_13_5|PULLEY_RESIDUAL_LT_10
G-IN2.00-P08.00-OUT04.00,0.5,1,,C/C,O/O,2.0,8.0,4.0,16.0,55.0,91.5,3.0,1.0,14.0,8.0,11.5,5.5,14.5,11.0,12.0,8.5,39.0,PASS_95X140X5_REFERENCE,12.0,137.5,143.5,290.0,-145.0|145.0,14.0,False,FAIL,CENTER_NOMINAL_LT_4|CENTER_RESIDUAL_LT_2|BELT_NOMINAL_LT_14|BELT_RESIDUAL_LT_8|PULLEY_NOMINAL_LT_13_5|PULLEY_RESIDUAL_LT_10
G-IN2.00-P08.00-OUT04.50,0.5,1,,C/C,O/O,2.0,8.0,4.5,16.0,55.0,92.0,3.0,1.0,14.0,8.0,12.0,6.0,14.5,11.0,12.5,9.0,38.5,PASS_95X140X5_REFERENCE,12.0,137.5,143.5,290.0,-145.0|145.0,14.5,False,FAIL,CENTER_NOMINAL_LT_4|CENTER_RESIDUAL_LT_2|BELT_NOMINAL_LT_14|BELT_RESIDUAL_LT_8|PULLEY_NOMINAL_LT_13_5|PULLEY_RESIDUAL_LT_10
G-IN2.00-P08.00-OUT05.00,0.5,1,,C/C,O/O,2.0,8.0,5.0,16.0,55.0,92.5,3.0,1.0,14.0,8.0,12.5,6.5,14.5,11.0,13.0,9.5,38.0,PASS_95X140X5_REFERENCE,12.0,137.5,143.5,290.0,-145.0|145.0,15.0,False,FAIL,CENTER_NOMINAL_LT_4|CENTER_RESIDUAL_LT_2|BELT_NOMINAL_LT_14|BELT_RESIDUAL_LT_8|PULLEY_NOMINAL_LT_13_5|PULLEY_RESIDUAL_LT_10
G-IN2.00-P08.00-OUT05.50,0.5,1,,C/C,O/O,2.0,8.0,5.5,16.0,55.0,93.0,3.0,1.0,14.0,8.0,13.0,7.0,14.5,11.0,13.5,10.0,37.5,PASS_95X140X5_REFERENCE,12.0,137.5,143.5,290.0,-145.0|145.0,15.5,False,FAIL,CENTER_NOMINAL_LT_4|CENTER_RESIDUAL_LT_2|BELT_NOMINAL_LT_14|BELT_RESIDUAL_LT_8
G-IN2.00-P08.00-OUT06.00,0.5,1,,C/C,O/O,2.0,8.0,6.0,16.0,55.0,93.5,3.0,1.0,14.0,8.0,13.5,7.5,14.5,11.0,14.0,10.5,37.0,PASS_95X140X5_REFERENCE,12.0,137.5,143.5,290.0,-145.0|145.0,16.0,False,FAIL,CENTER_NOMINAL_LT_4|CENTER_RESIDUAL_LT_2|BELT_NOMINAL_LT_14|BELT_RESIDUAL_LT_8
G-IN2.00-P08.00-OUT06.50,0.5,1,,C/C,O/O,2.0,8.0,6.5,16.0,55.0,94.0,3.0,1.0,14.0,8.0,14.0,8.0,14.5,11.0,14.5,11.0,36.5,PASS_95X140X5_REFERENCE,12.0,137.5,143.5,290.0,-145.0|145.0,16.5,False,FAIL,CENTER_NOMINAL_LT_4|CENTER_RESIDUAL_LT_2
G-IN2.00-P08.00-OUT07.00,0.5,1,,C/C,O/O,2.0,8.0,7.0,16.0,55.0,94.5,3.0,1.0,14.0,8.0,14.5,8.5,14.5,11.0,15.0,11.5,36.0,PASS_95X140X5_REFERENCE,12.0,137.5,143.5,290.0,-145.0|145.0,17.0,False,FAIL,CENTER_NOMINAL_LT_4|CENTER_RESIDUAL_LT_2
G-IN2.00-P08.00-OUT07.50,0.5,1,,C/C,O/O,2.0,8.0,7.5,16.0,55.0,95.0,3.0,1.0,14.0,8.0,15.0,9.0,14.5,11.0,15.5,12.0,35.5,PASS_95X140X5_REFERENCE,12.0,137.5,143.5,290.0,-145.0|145.0,17.5,False,FAIL,CENTER_NOMINAL_LT_4|CENTER_RESIDUAL_LT_2
G-IN2.00-P08.00-OUT08.00,0.5,1,,C/C,O/O,2.0,8.0,8.0,16.0,55.0,95.5,3.0,1.0,14.0,8.0,15.5,9.5,14.5,11.0,16.0,12.5,35.0,PASS_95X140X5_REFERENCE,12.0,137.5,143.5,290.0,-145.0|145.0,18.0,False,FAIL,CENTER_NOMINAL_LT_4|CENTER_RESIDUAL_LT_2
G-IN2.00-P08.00-OUT08.50,0.5,1,,C/C,O/O,2.0,8.0,8.5,16.0,55.0,96.0,3.0,1.0,14.0,8.0,16.0,10.0,14.5,11.0,16.5,13.0,34.5,PASS_95X140X5_REFERENCE,12.0,137.5,143.5,290.0,-145.0|145.0,18.5,False,FAIL,CENTER_NOMINAL_LT_4|CENTER_RESIDUAL_LT_2
G-IN2.00-P08.00-OUT09.00,0.5,1,,C/C,O/O,2.0,8.0,9.0,16.0,55.0,96.5,3.0,1.0,14.0,8.0,16.5,10.5,14.5,11.0,17.0,13.5,34.0,PASS_95X140X5_REFERENCE,12.0,137.5,143.5,290.0,-145.0|145.0,19.0,False,FAIL,CENTER_NOMINAL_LT_4|CENTER_RESIDUAL_LT_2
G-IN2.00-P08.00-OUT09.50,0.5,1,,C/C,O/O,2.0,8.0,9.5,16.0,55.0,97.0,3.0,1.0,14.0,8.0,17.0,11.0,14.5,11.0,17.5,14.0,33.5,PASS_95X140X5_REFERENCE,12.0,137.5,143.5,290.0,-145.0|145.0,19.5,False,FAIL,CENTER_NOMINAL_LT_4|CENTER_RESIDUAL_LT_2
G-IN2.00-P08.00-OUT10.00,0.5,1,,C/C,O/O,2.0,8.0,10.0,16.0,55.0,97.5,3.0,1.0,14.0,8.0,17.5,11.5,14.5,11.0,18.0,14.5,33.0,PASS_95X140X5_REFERENCE,12.0,137.5,143.5,290.0,-145.0|145.0,20.0,False,FAIL,CENTER_NOMINAL_LT_4|CENTER_RESIDUAL_LT_2
G-IN2.00-P08.50-OUT03.00,0.5,1,,C/C,O/O,2.0,8.5,3.0,16.0,55.5,90.5,3.0,1.0,14.5,8.5,10.0,4.0,15.0,11.5,10.5,7.0,40.0,PASS_95X140X5_REFERENCE,12.0,137.5,143.5,290.0,-145.0|145.0,13.5,False,FAIL,CENTER_NOMINAL_LT_4|CENTER_RESIDUAL_LT_2|BELT_NOMINAL_LT_14|BELT_RESIDUAL_LT_8|PULLEY_NOMINAL_LT_13_5|PULLEY_RESIDUAL_LT_10
G-IN2.00-P08.50-OUT03.50,0.5,1,,C/C,O/O,2.0,8.5,3.5,16.0,55.5,91.0,3.0,1.0,14.5,8.5,10.5,4.5,15.0,11.5,11.0,7.5,39.5,PASS_95X140X5_REFERENCE,12.0,137.5,143.5,290.0,-145.0|145.0,14.0,False,FAIL,CENTER_NOMINAL_LT_4|CENTER_RESIDUAL_LT_2|BELT_NOMINAL_LT_14|BELT_RESIDUAL_LT_8|PULLEY_NOMINAL_LT_13_5|PULLEY_RESIDUAL_LT_10
G-IN2.00-P08.50-OUT04.00,0.5,1,,C/C,O/O,2.0,8.5,4.0,16.0,55.5,91.5,3.0,1.0,14.5,8.5,11.0,5.0,15.0,11.5,11.5,8.0,39.0,PASS_95X140X5_REFERENCE,12.0,137.5,143.5,290.0,-145.0|145.0,14.5,False,FAIL,CENTER_NOMINAL_LT_4|CENTER_RESIDUAL_LT_2|BELT_NOMINAL_LT_14|BELT_RESIDUAL_LT_8|PULLEY_NOMINAL_LT_13_5|PULLEY_RESIDUAL_LT_10
G-IN2.00-P08.50-OUT04.50,0.5,1,,C/C,O/O,2.0,8.5,4.5,16.0,55.5,92.0,3.0,1.0,14.5,8.5,11.5,5.5,15.0,11.5,12.0,8.5,38.5,PASS_95X140X5_REFERENCE,12.0,137.5,143.5,290.0,-145.0|145.0,15.0,False,FAIL,CENTER_NOMINAL_LT_4|CENTER_RESIDUAL_LT_2|BELT_NOMINAL_LT_14|BELT_RESIDUAL_LT_8|PULLEY_NOMINAL_LT_13_5|PULLEY_RESIDUAL_LT_10
G-IN2.00-P08.50-OUT05.00,0.5,1,,C/C,O/O,2.0,8.5,5.0,16.0,55.5,92.5,3.0,1.0,14.5,8.5,12.0,6.0,15.0,11.5,12.5,9.0,38.0,PASS_95X140X5_REFERENCE,12.0,137.5,143.5,290.0,-145.0|145.0,15.5,False,FAIL,CENTER_NOMINAL_LT_4|CENTER_RESIDUAL_LT_2|BELT_NOMINAL_LT_14|BELT_RESIDUAL_LT_8|PULLEY_NOMINAL_LT_13_5|PULLEY_RESIDUAL_LT_10
G-IN2.00-P08.50-OUT05.50,0.5,1,,C/C,O/O,2.0,8.5,5.5,16.0,55.5,93.0,3.0,1.0,14.5,8.5,12.5,6.5,15.0,11.5,13.0,9.5,37.5,PASS_95X140X5_REFERENCE,12.0,137.5,143.5,290.0,-145.0|145.0,16.0,False,FAIL,CENTER_NOMINAL_LT_4|CENTER_RESIDUAL_LT_2|BELT_NOMINAL_LT_14|BELT_RESIDUAL_LT_8|PULLEY_NOMINAL_LT_13_5|PULLEY_RESIDUAL_LT_10
G-IN2.00-P08.50-OUT06.00,0.5,1,,C/C,O/O,2.0,8.5,6.0,16.0,55.5,93.5,3.0,1.0,14.5,8.5,13.0,7.0,15.0,11.5,13.5,10.0,37.0,PASS_95X140X5_REFERENCE,12.0,137.5,143.5,290.0,-145.0|145.0,16.5,False,FAIL,CENTER_NOMINAL_LT_4|CENTER_RESIDUAL_LT_2|BELT_NOMINAL_LT_14|BELT_RESIDUAL_LT_8
G-IN2.00-P08.50-OUT06.50,0.5,1,,C/C,O/O,2.0,8.5,6.5,16.0,55.5,94.0,3.0,1.0,14.5,8.5,13.5,7.5,15.0,11.5,14.0,10.5,36.5,PASS_95X140X5_REFERENCE,12.0,137.5,143.5,290.0,-145.0|145.0,17.0,False,FAIL,CENTER_NOMINAL_LT_4|CENTER_RESIDUAL_LT_2|BELT_NOMINAL_LT_14|BELT_RESIDUAL_LT_8
G-IN2.00-P08.50-OUT07.00,0.5,1,,C/C,O/O,2.0,8.5,7.0,16.0,55.5,94.5,3.0,1.0,14.5,8.5,14.0,8.0,15.0,11.5,14.5,11.0,36.0,PASS_95X140X5_REFERENCE,12.0,137.5,143.5,290.0,-145.0|145.0,17.5,False,FAIL,CENTER_NOMINAL_LT_4|CENTER_RESIDUAL_LT_2
G-IN2.00-P08.50-OUT07.50,0.5,1,,C/C,O/O,2.0,8.5,7.5,16.0,55.5,95.0,3.0,1.0,14.5,8.5,14.5,8.5,15.0,11.5,15.0,11.5,35.5,PASS_95X140X5_REFERENCE,12.0,137.5,143.5,290.0,-145.0|145.0,18.0,False,FAIL,CENTER_NOMINAL_LT_4|CENTER_RESIDUAL_LT_2
G-IN2.00-P08.50-OUT08.00,0.5,1,,C/C,O/O,2.0,8.5,8.0,16.0,55.5,95.5,3.0,1.0,14.5,8.5,15.0,9.0,15.0,11.5,15.5,12.0,35.0,PASS_95X140X5_REFERENCE,12.0,137.5,143.5,290.0,-145.0|145.0,18.5,False,FAIL,CENTER_NOMINAL_LT_4|CENTER_RESIDUAL_LT_2
G-IN2.00-P08.50-OUT08.50,0.5,1,,C/C,O/O,2.0,8.5,8.5,16.0,55.5,96.0,3.0,1.0,14.5,8.5,15.5,9.5,15.0,11.5,16.0,12.5,34.5,PASS_95X140X5_REFERENCE,12.0,137.5,143.5,290.0,-145.0|145.0,19.0,False,FAIL,CENTER_NOMINAL_LT_4|CENTER_RESIDUAL_LT_2
G-IN2.00-P08.50-OUT09.00,0.5,1,,C/C,O/O,2.0,8.5,9.0,16.0,55.5,96.5,3.0,1.0,14.5,8.5,16.0,10.0,15.0,11.5,16.5,13.0,34.0,PASS_95X140X5_REFERENCE,12.0,137.5,143.5,290.0,-145.0|145.0,19.5,False,FAIL,CENTER_NOMINAL_LT_4|CENTER_RESIDUAL_LT_2
G-IN2.00-P08.50-OUT09.50,0.5,1,,C/C,O/O,2.0,8.5,9.5,16.0,55.5,97.0,3.0,1.0,14.5,8.5,16.5,10.5,15.0,11.5,17.0,13.5,33.5,PASS_95X140X5_REFERENCE,12.0,137.5,143.5,290.0,-145.0|145.0,20.0,False,FAIL,CENTER_NOMINAL_LT_4|CENTER_RESIDUAL_LT_2
G-IN2.00-P08.50-OUT10.00,0.5,1,,C/C,O/O,2.0,8.5,10.0,16.0,55.5,97.5,3.0,1.0,14.5,8.5,17.0,11.0,15.0,11.5,17.5,14.0,33.0,PASS_95X140X5_REFERENCE,12.0,137.5,143.5,290.0,-145.0|145.0,20.5,False,FAIL,CENTER_NOMINAL_LT_4|CENTER_RESIDUAL_LT_2
G-IN2.00-P09.00-OUT03.00,0.5,1,,C/C,O/O,2.0,9.0,3.0,16.0,56.0,90.5,3.0,1.0,15.0,9.0,9.5,3.5,15.5,12.0,10.0,6.5,40.0,PASS_95X140X5_REFERENCE,12.0,137.5,143.5,290.0,-145.0|145.0,14.0,False,FAIL,CENTER_NOMINAL_LT_4|CENTER_RESIDUAL_LT_2|BELT_NOMINAL_LT_14|BELT_RESIDUAL_LT_8|PULLEY_NOMINAL_LT_13_5|PULLEY_RESIDUAL_LT_10
G-IN2.00-P09.00-OUT03.50,0.5,1,,C/C,O/O,2.0,9.0,3.5,16.0,56.0,91.0,3.0,1.0,15.0,9.0,10.0,4.0,15.5,12.0,10.5,7.0,39.5,PASS_95X140X5_REFERENCE,12.0,137.5,143.5,290.0,-145.0|145.0,14.5,False,FAIL,CENTER_NOMINAL_LT_4|CENTER_RESIDUAL_LT_2|BELT_NOMINAL_LT_14|BELT_RESIDUAL_LT_8|PULLEY_NOMINAL_LT_13_5|PULLEY_RESIDUAL_LT_10
G-IN2.00-P09.00-OUT04.00,0.5,1,,C/C,O/O,2.0,9.0,4.0,16.0,56.0,91.5,3.0,1.0,15.0,9.0,10.5,4.5,15.5,12.0,11.0,7.5,39.0,PASS_95X140X5_REFERENCE,12.0,137.5,143.5,290.0,-145.0|145.0,15.0,False,FAIL,CENTER_NOMINAL_LT_4|CENTER_RESIDUAL_LT_2|BELT_NOMINAL_LT_14|BELT_RESIDUAL_LT_8|PULLEY_NOMINAL_LT_13_5|PULLEY_RESIDUAL_LT_10
G-IN2.00-P09.00-OUT04.50,0.5,1,,C/C,O/O,2.0,9.0,4.5,16.0,56.0,92.0,3.0,1.0,15.0,9.0,11.0,5.0,15.5,12.0,11.5,8.0,38.5,PASS_95X140X5_REFERENCE,12.0,137.5,143.5,290.0,-145.0|145.0,15.5,False,FAIL,CENTER_NOMINAL_LT_4|CENTER_RESIDUAL_LT_2|BELT_NOMINAL_LT_14|BELT_RESIDUAL_LT_8|PULLEY_NOMINAL_LT_13_5|PULLEY_RESIDUAL_LT_10
G-IN2.00-P09.00-OUT05.00,0.5,1,,C/C,O/O,2.0,9.0,5.0,16.0,56.0,92.5,3.0,1.0,15.0,9.0,11.5,5.5,15.5,12.0,12.0,8.5,38.0,PASS_95X140X5_REFERENCE,12.0,137.5,143.5,290.0,-145.0|145.0,16.0,False,FAIL,CENTER_NOMINAL_LT_4|CENTER_RESIDUAL_LT_2|BELT_NOMINAL_LT_14|BELT_RESIDUAL_LT_8|PULLEY_NOMINAL_LT_13_5|PULLEY_RESIDUAL_LT_10
G-IN2.00-P09.00-OUT05.50,0.5,1,,C/C,O/O,2.0,9.0,5.5,16.0,56.0,93.0,3.0,1.0,15.0,9.0,12.0,6.0,15.5,12.0,12.5,9.0,37.5,PASS_95X140X5_REFERENCE,12.0,137.5,143.5,290.0,-145.0|145.0,16.5,False,FAIL,CENTER_NOMINAL_LT_4|CENTER_RESIDUAL_LT_2|BELT_NOMINAL_LT_14|BELT_RESIDUAL_LT_8|PULLEY_NOMINAL_LT_13_5|PULLEY_RESIDUAL_LT_10
G-IN2.00-P09.00-OUT06.00,0.5,1,,C/C,O/O,2.0,9.0,6.0,16.0,56.0,93.5,3.0,1.0,15.0,9.0,12.5,6.5,15.5,12.0,13.0,9.5,37.0,PASS_95X140X5_REFERENCE,12.0,137.5,143.5,290.0,-145.0|145.0,17.0,False,FAIL,CENTER_NOMINAL_LT_4|CENTER_RESIDUAL_LT_2|BELT_NOMINAL_LT_14|BELT_RESIDUAL_LT_8|PULLEY_NOMINAL_LT_13_5|PULLEY_RESIDUAL_LT_10
G-IN2.00-P09.00-OUT06.50,0.5,1,,C/C,O/O,2.0,9.0,6.5,16.0,56.0,94.0,3.0,1.0,15.0,9.0,13.0,7.0,15.5,12.0,13.5,10.0,36.5,PASS_95X140X5_REFERENCE,12.0,137.5,143.5,290.0,-145.0|145.0,17.5,False,FAIL,CENTER_NOMINAL_LT_4|CENTER_RESIDUAL_LT_2|BELT_NOMINAL_LT_14|BELT_RESIDUAL_LT_8
G-IN2.00-P09.00-OUT07.00,0.5,1,,C/C,O/O,2.0,9.0,7.0,16.0,56.0,94.5,3.0,1.0,15.0,9.0,13.5,7.5,15.5,12.0,14.0,10.5,36.0,PASS_95X140X5_REFERENCE,12.0,137.5,143.5,290.0,-145.0|145.0,18.0,False,FAIL,CENTER_NOMINAL_LT_4|CENTER_RESIDUAL_LT_2|BELT_NOMINAL_LT_14|BELT_RESIDUAL_LT_8
G-IN2.00-P09.00-OUT07.50,0.5,1,,C/C,O/O,2.0,9.0,7.5,16.0,56.0,95.0,3.0,1.0,15.0,9.0,14.0,8.0,15.5,12.0,14.5,11.0,35.5,PASS_95X140X5_REFERENCE,12.0,137.5,143.5,290.0,-145.0|145.0,18.5,False,FAIL,CENTER_NOMINAL_LT_4|CENTER_RESIDUAL_LT_2
G-IN2.00-P09.00-OUT08.00,0.5,1,,C/C,O/O,2.0,9.0,8.0,16.0,56.0,95.5,3.0,1.0,15.0,9.0,14.5,8.5,15.5,12.0,15.0,11.5,35.0,PASS_95X140X5_REFERENCE,12.0,137.5,143.5,290.0,-145.0|145.0,19.0,False,FAIL,CENTER_NOMINAL_LT_4|CENTER_RESIDUAL_LT_2
G-IN2.00-P09.00-OUT08.50,0.5,1,,C/C,O/O,2.0,9.0,8.5,16.0,56.0,96.0,3.0,1.0,15.0,9.0,15.0,9.0,15.5,12.0,15.5,12.0,34.5,PASS_95X140X5_REFERENCE,12.0,137.5,143.5,290.0,-145.0|145.0,19.5,False,FAIL,CENTER_NOMINAL_LT_4|CENTER_RESIDUAL_LT_2
G-IN2.00-P09.00-OUT09.00,0.5,1,,C/C,O/O,2.0,9.0,9.0,16.0,56.0,96.5,3.0,1.0,15.0,9.0,15.5,9.5,15.5,12.0,16.0,12.5,34.0,PASS_95X140X5_REFERENCE,12.0,137.5,143.5,290.0,-145.0|145.0,20.0,False,FAIL,CENTER_NOMINAL_LT_4|CENTER_RESIDUAL_LT_2
G-IN2.00-P09.00-OUT09.50,0.5,1,,C/C,O/O,2.0,9.0,9.5,16.0,56.0,97.0,3.0,1.0,15.0,9.0,16.0,10.0,15.5,12.0,16.5,13.0,33.5,PASS_95X140X5_REFERENCE,12.0,137.5,143.5,290.0,-145.0|145.0,20.5,False,FAIL,CENTER_NOMINAL_LT_4|CENTER_RESIDUAL_LT_2
G-IN2.00-P09.00-OUT10.00,0.5,1,,C/C,O/O,2.0,9.0,10.0,16.0,56.0,97.5,3.0,1.0,15.0,9.0,16.5,10.5,15.5,12.0,17.0,13.5,33.0,PASS_95X140X5_REFERENCE,12.0,137.5,143.5,290.0,-145.0|145.0,21.0,False,FAIL,CENTER_NOMINAL_LT_4|CENTER_RESIDUAL_LT_2
G-IN2.00-P09.50-OUT03.00,0.5,1,,C/C,O/O,2.0,9.5,3.0,16.0,56.5,90.5,3.0,1.0,15.5,9.5,9.0,3.0,16.0,12.5,9.5,6.0,40.0,PASS_95X140X5_REFERENCE,12.0,137.5,143.5,290.0,-145.0|145.0,14.5,False,FAIL,CENTER_NOMINAL_LT_4|CENTER_RESIDUAL_LT_2|BELT_NOMINAL_LT_14|BELT_RESIDUAL_LT_8|PULLEY_NOMINAL_LT_13_5|PULLEY_RESIDUAL_LT_10
G-IN2.00-P09.50-OUT03.50,0.5,1,,C/C,O/O,2.0,9.5,3.5,16.0,56.5,91.0,3.0,1.0,15.5,9.5,9.5,3.5,16.0,12.5,10.0,6.5,39.5,PASS_95X140X5_REFERENCE,12.0,137.5,143.5,290.0,-145.0|145.0,15.0,False,FAIL,CENTER_NOMINAL_LT_4|CENTER_RESIDUAL_LT_2|BELT_NOMINAL_LT_14|BELT_RESIDUAL_LT_8|PULLEY_NOMINAL_LT_13_5|PULLEY_RESIDUAL_LT_10
G-IN2.00-P09.50-OUT04.00,0.5,1,,C/C,O/O,2.0,9.5,4.0,16.0,56.5,91.5,3.0,1.0,15.5,9.5,10.0,4.0,16.0,12.5,10.5,7.0,39.0,PASS_95X140X5_REFERENCE,12.0,137.5,143.5,290.0,-145.0|145.0,15.5,False,FAIL,CENTER_NOMINAL_LT_4|CENTER_RESIDUAL_LT_2|BELT_NOMINAL_LT_14|BELT_RESIDUAL_LT_8|PULLEY_NOMINAL_LT_13_5|PULLEY_RESIDUAL_LT_10
G-IN2.00-P09.50-OUT04.50,0.5,1,,C/C,O/O,2.0,9.5,4.5,16.0,56.5,92.0,3.0,1.0,15.5,9.5,10.5,4.5,16.0,12.5,11.0,7.5,38.5,PASS_95X140X5_REFERENCE,12.0,137.5,143.5,290.0,-145.0|145.0,16.0,False,FAIL,CENTER_NOMINAL_LT_4|CENTER_RESIDUAL_LT_2|BELT_NOMINAL_LT_14|BELT_RESIDUAL_LT_8|PULLEY_NOMINAL_LT_13_5|PULLEY_RESIDUAL_LT_10
G-IN2.00-P09.50-OUT05.00,0.5,1,,C/C,O/O,2.0,9.5,5.0,16.0,56.5,92.5,3.0,1.0,15.5,9.5,11.0,5.0,16.0,12.5,11.5,8.0,38.0,PASS_95X140X5_REFERENCE,12.0,137.5,143.5,290.0,-145.0|145.0,16.5,False,FAIL,CENTER_NOMINAL_LT_4|CENTER_RESIDUAL_LT_2|BELT_NOMINAL_LT_14|BELT_RESIDUAL_LT_8|PULLEY_NOMINAL_LT_13_5|PULLEY_RESIDUAL_LT_10
G-IN2.00-P09.50-OUT05.50,0.5,1,,C/C,O/O,2.0,9.5,5.5,16.0,56.5,93.0,3.0,1.0,15.5,9.5,11.5,5.5,16.0,12.5,12.0,8.5,37.5,PASS_95X140X5_REFERENCE,12.0,137.5,143.5,290.0,-145.0|145.0,17.0,False,FAIL,CENTER_NOMINAL_LT_4|CENTER_RESIDUAL_LT_2|BELT_NOMINAL_LT_14|BELT_RESIDUAL_LT_8|PULLEY_NOMINAL_LT_13_5|PULLEY_RESIDUAL_LT_10
G-IN2.00-P09.50-OUT06.00,0.5,1,,C/C,O/O,2.0,9.5,6.0,16.0,56.5,93.5,3.0,1.0,15.5,9.5,12.0,6.0,16.0,12.5,12.5,9.0,37.0,PASS_95X140X5_REFERENCE,12.0,137.5,143.5,290.0,-145.0|145.0,17.5,False,FAIL,CENTER_NOMINAL_LT_4|CENTER_RESIDUAL_LT_2|BELT_NOMINAL_LT_14|BELT_RESIDUAL_LT_8|PULLEY_NOMINAL_LT_13_5|PULLEY_RESIDUAL_LT_10
G-IN2.00-P09.50-OUT06.50,0.5,1,,C/C,O/O,2.0,9.5,6.5,16.0,56.5,94.0,3.0,1.0,15.5,9.5,12.5,6.5,16.0,12.5,13.0,9.5,36.5,PASS_95X140X5_REFERENCE,12.0,137.5,143.5,290.0,-145.0|145.0,18.0,False,FAIL,CENTER_NOMINAL_LT_4|CENTER_RESIDUAL_LT_2|BELT_NOMINAL_LT_14|BELT_RESIDUAL_LT_8|PULLEY_NOMINAL_LT_13_5|PULLEY_RESIDUAL_LT_10
G-IN2.00-P09.50-OUT07.00,0.5,1,,C/C,O/O,2.0,9.5,7.0,16.0,56.5,94.5,3.0,1.0,15.5,9.5,13.0,7.0,16.0,12.5,13.5,10.0,36.0,PASS_95X140X5_REFERENCE,12.0,137.5,143.5,290.0,-145.0|145.0,18.5,False,FAIL,CENTER_NOMINAL_LT_4|CENTER_RESIDUAL_LT_2|BELT_NOMINAL_LT_14|BELT_RESIDUAL_LT_8
G-IN2.00-P09.50-OUT07.50,0.5,1,,C/C,O/O,2.0,9.5,7.5,16.0,56.5,95.0,3.0,1.0,15.5,9.5,13.5,7.5,16.0,12.5,14.0,10.5,35.5,PASS_95X140X5_REFERENCE,12.0,137.5,143.5,290.0,-145.0|145.0,19.0,False,FAIL,CENTER_NOMINAL_LT_4|CENTER_RESIDUAL_LT_2|BELT_NOMINAL_LT_14|BELT_RESIDUAL_LT_8
G-IN2.00-P09.50-OUT08.00,0.5,1,,C/C,O/O,2.0,9.5,8.0,16.0,56.5,95.5,3.0,1.0,15.5,9.5,14.0,8.0,16.0,12.5,14.5,11.0,35.0,PASS_95X140X5_REFERENCE,12.0,137.5,143.5,290.0,-145.0|145.0,19.5,False,FAIL,CENTER_NOMINAL_LT_4|CENTER_RESIDUAL_LT_2
G-IN2.00-P09.50-OUT08.50,0.5,1,,C/C,O/O,2.0,9.5,8.5,16.0,56.5,96.0,3.0,1.0,15.5,9.5,14.5,8.5,16.0,12.5,15.0,11.5,34.5,PASS_95X140X5_REFERENCE,12.0,137.5,143.5,290.0,-145.0|145.0,20.0,False,FAIL,CENTER_NOMINAL_LT_4|CENTER_RESIDUAL_LT_2
G-IN2.00-P09.50-OUT09.00,0.5,1,,C/C,O/O,2.0,9.5,9.0,16.0,56.5,96.5,3.0,1.0,15.5,9.5,15.0,9.0,16.0,12.5,15.5,12.0,34.0,PASS_95X140X5_REFERENCE,12.0,137.5,143.5,290.0,-145.0|145.0,20.5,False,FAIL,CENTER_NOMINAL_LT_4|CENTER_RESIDUAL_LT_2
G-IN2.00-P09.50-OUT09.50,0.5,1,,C/C,O/O,2.0,9.5,9.5,16.0,56.5,97.0,3.0,1.0,15.5,9.5,15.5,9.5,16.0,12.5,16.0,12.5,33.5,PASS_95X140X5_REFERENCE,12.0,137.5,143.5,290.0,-145.0|145.0,21.0,False,FAIL,CENTER_NOMINAL_LT_4|CENTER_RESIDUAL_LT_2
G-IN2.00-P09.50-OUT10.00,0.5,1,,C/C,O/O,2.0,9.5,10.0,16.0,56.5,97.5,3.0,1.0,15.5,9.5,16.0,10.0,16.0,12.5,16.5,13.0,33.0,PASS_95X140X5_REFERENCE,12.0,137.5,143.5,290.0,-145.0|145.0,21.5,False,FAIL,CENTER_NOMINAL_LT_4|CENTER_RESIDUAL_LT_2
G-IN2.00-P10.00-OUT03.00,0.5,1,,C/C,O/O,2.0,10.0,3.0,16.0,57.0,90.5,3.0,1.0,16.0,10.0,8.5,2.5,16.5,13.0,9.0,5.5,40.0,PASS_95X140X5_REFERENCE,12.0,137.5,143.5,290.0,-145.0|145.0,15.0,False,FAIL,CENTER_NOMINAL_LT_4|CENTER_RESIDUAL_LT_2|BELT_NOMINAL_LT_14|BELT_RESIDUAL_LT_8|PULLEY_NOMINAL_LT_13_5|PULLEY_RESIDUAL_LT_10
G-IN2.00-P10.00-OUT03.50,0.5,1,,C/C,O/O,2.0,10.0,3.5,16.0,57.0,91.0,3.0,1.0,16.0,10.0,9.0,3.0,16.5,13.0,9.5,6.0,39.5,PASS_95X140X5_REFERENCE,12.0,137.5,143.5,290.0,-145.0|145.0,15.5,False,FAIL,CENTER_NOMINAL_LT_4|CENTER_RESIDUAL_LT_2|BELT_NOMINAL_LT_14|BELT_RESIDUAL_LT_8|PULLEY_NOMINAL_LT_13_5|PULLEY_RESIDUAL_LT_10
G-IN2.00-P10.00-OUT04.00,0.5,1,,C/C,O/O,2.0,10.0,4.0,16.0,57.0,91.5,3.0,1.0,16.0,10.0,9.5,3.5,16.5,13.0,10.0,6.5,39.0,PASS_95X140X5_REFERENCE,12.0,137.5,143.5,290.0,-145.0|145.0,16.0,False,FAIL,CENTER_NOMINAL_LT_4|CENTER_RESIDUAL_LT_2|BELT_NOMINAL_LT_14|BELT_RESIDUAL_LT_8|PULLEY_NOMINAL_LT_13_5|PULLEY_RESIDUAL_LT_10
G-IN2.00-P10.00-OUT04.50,0.5,1,,C/C,O/O,2.0,10.0,4.5,16.0,57.0,92.0,3.0,1.0,16.0,10.0,10.0,4.0,16.5,13.0,10.5,7.0,38.5,PASS_95X140X5_REFERENCE,12.0,137.5,143.5,290.0,-145.0|145.0,16.5,False,FAIL,CENTER_NOMINAL_LT_4|CENTER_RESIDUAL_LT_2|BELT_NOMINAL_LT_14|BELT_RESIDUAL_LT_8|PULLEY_NOMINAL_LT_13_5|PULLEY_RESIDUAL_LT_10
G-IN2.00-P10.00-OUT05.00,0.5,1,,C/C,O/O,2.0,10.0,5.0,16.0,57.0,92.5,3.0,1.0,16.0,10.0,10.5,4.5,16.5,13.0,11.0,7.5,38.0,PASS_95X140X5_REFERENCE,12.0,137.5,143.5,290.0,-145.0|145.0,17.0,False,FAIL,CENTER_NOMINAL_LT_4|CENTER_RESIDUAL_LT_2|BELT_NOMINAL_LT_14|BELT_RESIDUAL_LT_8|PULLEY_NOMINAL_LT_13_5|PULLEY_RESIDUAL_LT_10
G-IN2.00-P10.00-OUT05.50,0.5,1,,C/C,O/O,2.0,10.0,5.5,16.0,57.0,93.0,3.0,1.0,16.0,10.0,11.0,5.0,16.5,13.0,11.5,8.0,37.5,PASS_95X140X5_REFERENCE,12.0,137.5,143.5,290.0,-145.0|145.0,17.5,False,FAIL,CENTER_NOMINAL_LT_4|CENTER_RESIDUAL_LT_2|BELT_NOMINAL_LT_14|BELT_RESIDUAL_LT_8|PULLEY_NOMINAL_LT_13_5|PULLEY_RESIDUAL_LT_10
G-IN2.00-P10.00-OUT06.00,0.5,1,,C/C,O/O,2.0,10.0,6.0,16.0,57.0,93.5,3.0,1.0,16.0,10.0,11.5,5.5,16.5,13.0,12.0,8.5,37.0,PASS_95X140X5_REFERENCE,12.0,137.5,143.5,290.0,-145.0|145.0,18.0,False,FAIL,CENTER_NOMINAL_LT_4|CENTER_RESIDUAL_LT_2|BELT_NOMINAL_LT_14|BELT_RESIDUAL_LT_8|PULLEY_NOMINAL_LT_13_5|PULLEY_RESIDUAL_LT_10
G-IN2.00-P10.00-OUT06.50,0.5,1,,C/C,O/O,2.0,10.0,6.5,16.0,57.0,94.0,3.0,1.0,16.0,10.0,12.0,6.0,16.5,13.0,12.5,9.0,36.5,PASS_95X140X5_REFERENCE,12.0,137.5,143.5,290.0,-145.0|145.0,18.5,False,FAIL,CENTER_NOMINAL_LT_4|CENTER_RESIDUAL_LT_2|BELT_NOMINAL_LT_14|BELT_RESIDUAL_LT_8|PULLEY_NOMINAL_LT_13_5|PULLEY_RESIDUAL_LT_10
G-IN2.00-P10.00-OUT07.00,0.5,1,,C/C,O/O,2.0,10.0,7.0,16.0,57.0,94.5,3.0,1.0,16.0,10.0,12.5,6.5,16.5,13.0,13.0,9.5,36.0,PASS_95X140X5_REFERENCE,12.0,137.5,143.5,290.0,-145.0|145.0,19.0,False,FAIL,CENTER_NOMINAL_LT_4|CENTER_RESIDUAL_LT_2|BELT_NOMINAL_LT_14|BELT_RESIDUAL_LT_8|PULLEY_NOMINAL_LT_13_5|PULLEY_RESIDUAL_LT_10
G-IN2.00-P10.00-OUT07.50,0.5,1,,C/C,O/O,2.0,10.0,7.5,16.0,57.0,95.0,3.0,1.0,16.0,10.0,13.0,7.0,16.5,13.0,13.5,10.0,35.5,PASS_95X140X5_REFERENCE,12.0,137.5,143.5,290.0,-145.0|145.0,19.5,False,FAIL,CENTER_NOMINAL_LT_4|CENTER_RESIDUAL_LT_2|BELT_NOMINAL_LT_14|BELT_RESIDUAL_LT_8
G-IN2.00-P10.00-OUT08.00,0.5,1,,C/C,O/O,2.0,10.0,8.0,16.0,57.0,95.5,3.0,1.0,16.0,10.0,13.5,7.5,16.5,13.0,14.0,10.5,35.0,PASS_95X140X5_REFERENCE,12.0,137.5,143.5,290.0,-145.0|145.0,20.0,False,FAIL,CENTER_NOMINAL_LT_4|CENTER_RESIDUAL_LT_2|BELT_NOMINAL_LT_14|BELT_RESIDUAL_LT_8
G-IN2.00-P10.00-OUT08.50,0.5,1,,C/C,O/O,2.0,10.0,8.5,16.0,57.0,96.0,3.0,1.0,16.0,10.0,14.0,8.0,16.5,13.0,14.5,11.0,34.5,PASS_95X140X5_REFERENCE,12.0,137.5,143.5,290.0,-145.0|145.0,20.5,False,FAIL,CENTER_NOMINAL_LT_4|CENTER_RESIDUAL_LT_2
G-IN2.00-P10.00-OUT09.00,0.5,1,,C/C,O/O,2.0,10.0,9.0,16.0,57.0,96.5,3.0,1.0,16.0,10.0,14.5,8.5,16.5,13.0,15.0,11.5,34.0,PASS_95X140X5_REFERENCE,12.0,137.5,143.5,290.0,-145.0|145.0,21.0,False,FAIL,CENTER_NOMINAL_LT_4|CENTER_RESIDUAL_LT_2
G-IN2.00-P10.00-OUT09.50,0.5,1,,C/C,O/O,2.0,10.0,9.5,16.0,57.0,97.0,3.0,1.0,16.0,10.0,15.0,9.0,16.5,13.0,15.5,12.0,33.5,PASS_95X140X5_REFERENCE,12.0,137.5,143.5,290.0,-145.0|145.0,21.5,False,FAIL,CENTER_NOMINAL_LT_4|CENTER_RESIDUAL_LT_2
G-IN2.00-P10.00-OUT10.00,0.5,1,,C/C,O/O,2.0,10.0,10.0,16.0,57.0,97.5,3.0,1.0,16.0,10.0,15.5,9.5,16.5,13.0,16.0,12.5,33.0,PASS_95X140X5_REFERENCE,12.0,137.5,143.5,290.0,-145.0|145.0,22.0,False,FAIL,CENTER_NOMINAL_LT_4|CENTER_RESIDUAL_LT_2
G-IN2.00-P10.50-OUT03.00,0.5,1,,C/C,O/O,2.0,10.5,3.0,16.0,57.5,90.5,3.0,1.0,16.5,10.5,8.0,2.0,17.0,13.5,8.5,5.0,40.0,PASS_95X140X5_REFERENCE,12.0,137.5,143.5,290.0,-145.0|145.0,15.5,False,FAIL,CENTER_NOMINAL_LT_4|CENTER_RESIDUAL_LT_2|BELT_NOMINAL_LT_14|BELT_RESIDUAL_LT_8|PULLEY_NOMINAL_LT_13_5|PULLEY_RESIDUAL_LT_10
G-IN2.00-P10.50-OUT03.50,0.5,1,,C/C,O/O,2.0,10.5,3.5,16.0,57.5,91.0,3.0,1.0,16.5,10.5,8.5,2.5,17.0,13.5,9.0,5.5,39.5,PASS_95X140X5_REFERENCE,12.0,137.5,143.5,290.0,-145.0|145.0,16.0,False,FAIL,CENTER_NOMINAL_LT_4|CENTER_RESIDUAL_LT_2|BELT_NOMINAL_LT_14|BELT_RESIDUAL_LT_8|PULLEY_NOMINAL_LT_13_5|PULLEY_RESIDUAL_LT_10
G-IN2.00-P10.50-OUT04.00,0.5,1,,C/C,O/O,2.0,10.5,4.0,16.0,57.5,91.5,3.0,1.0,16.5,10.5,9.0,3.0,17.0,13.5,9.5,6.0,39.0,PASS_95X140X5_REFERENCE,12.0,137.5,143.5,290.0,-145.0|145.0,16.5,False,FAIL,CENTER_NOMINAL_LT_4|CENTER_RESIDUAL_LT_2|BELT_NOMINAL_LT_14|BELT_RESIDUAL_LT_8|PULLEY_NOMINAL_LT_13_5|PULLEY_RESIDUAL_LT_10
G-IN2.00-P10.50-OUT04.50,0.5,1,,C/C,O/O,2.0,10.5,4.5,16.0,57.5,92.0,3.0,1.0,16.5,10.5,9.5,3.5,17.0,13.5,10.0,6.5,38.5,PASS_95X140X5_REFERENCE,12.0,137.5,143.5,290.0,-145.0|145.0,17.0,False,FAIL,CENTER_NOMINAL_LT_4|CENTER_RESIDUAL_LT_2|BELT_NOMINAL_LT_14|BELT_RESIDUAL_LT_8|PULLEY_NOMINAL_LT_13_5|PULLEY_RESIDUAL_LT_10
G-IN2.00-P10.50-OUT05.00,0.5,1,,C/C,O/O,2.0,10.5,5.0,16.0,57.5,92.5,3.0,1.0,16.5,10.5,10.0,4.0,17.0,13.5,10.5,7.0,38.0,PASS_95X140X5_REFERENCE,12.0,137.5,143.5,290.0,-145.0|145.0,17.5,False,FAIL,CENTER_NOMINAL_LT_4|CENTER_RESIDUAL_LT_2|BELT_NOMINAL_LT_14|BELT_RESIDUAL_LT_8|PULLEY_NOMINAL_LT_13_5|PULLEY_RESIDUAL_LT_10
G-IN2.00-P10.50-OUT05.50,0.5,1,,C/C,O/O,2.0,10.5,5.5,16.0,57.5,93.0,3.0,1.0,16.5,10.5,10.5,4.5,17.0,13.5,11.0,7.5,37.5,PASS_95X140X5_REFERENCE,12.0,137.5,143.5,290.0,-145.0|145.0,18.0,False,FAIL,CENTER_NOMINAL_LT_4|CENTER_RESIDUAL_LT_2|BELT_NOMINAL_LT_14|BELT_RESIDUAL_LT_8|PULLEY_NOMINAL_LT_13_5|PULLEY_RESIDUAL_LT_10
G-IN2.00-P10.50-OUT06.00,0.5,1,,C/C,O/O,2.0,10.5,6.0,16.0,57.5,93.5,3.0,1.0,16.5,10.5,11.0,5.0,17.0,13.5,11.5,8.0,37.0,PASS_95X140X5_REFERENCE,12.0,137.5,143.5,290.0,-145.0|145.0,18.5,False,FAIL,CENTER_NOMINAL_LT_4|CENTER_RESIDUAL_LT_2|BELT_NOMINAL_LT_14|BELT_RESIDUAL_LT_8|PULLEY_NOMINAL_LT_13_5|PULLEY_RESIDUAL_LT_10
G-IN2.00-P10.50-OUT06.50,0.5,1,,C/C,O/O,2.0,10.5,6.5,16.0,57.5,94.0,3.0,1.0,16.5,10.5,11.5,5.5,17.0,13.5,12.0,8.5,36.5,PASS_95X140X5_REFERENCE,12.0,137.5,143.5,290.0,-145.0|145.0,19.0,False,FAIL,CENTER_NOMINAL_LT_4|CENTER_RESIDUAL_LT_2|BELT_NOMINAL_LT_14|BELT_RESIDUAL_LT_8|PULLEY_NOMINAL_LT_13_5|PULLEY_RESIDUAL_LT_10
G-IN2.00-P10.50-OUT07.00,0.5,1,,C/C,O/O,2.0,10.5,7.0,16.0,57.5,94.5,3.0,1.0,16.5,10.5,12.0,6.0,17.0,13.5,12.5,9.0,36.0,PASS_95X140X5_REFERENCE,12.0,137.5,143.5,290.0,-145.0|145.0,19.5,False,FAIL,CENTER_NOMINAL_LT_4|CENTER_RESIDUAL_LT_2|BELT_NOMINAL_LT_14|BELT_RESIDUAL_LT_8|PULLEY_NOMINAL_LT_13_5|PULLEY_RESIDUAL_LT_10
G-IN2.00-P10.50-OUT07.50,0.5,1,,C/C,O/O,2.0,10.5,7.5,16.0,57.5,95.0,3.0,1.0,16.5,10.5,12.5,6.5,17.0,13.5,13.0,9.5,35.5,PASS_95X140X5_REFERENCE,12.0,137.5,143.5,290.0,-145.0|145.0,20.0,False,FAIL,CENTER_NOMINAL_LT_4|CENTER_RESIDUAL_LT_2|BELT_NOMINAL_LT_14|BELT_RESIDUAL_LT_8|PULLEY_NOMINAL_LT_13_5|PULLEY_RESIDUAL_LT_10
G-IN2.00-P10.50-OUT08.00,0.5,1,,C/C,O/O,2.0,10.5,8.0,16.0,57.5,95.5,3.0,1.0,16.5,10.5,13.0,7.0,17.0,13.5,13.5,10.0,35.0,PASS_95X140X5_REFERENCE,12.0,137.5,143.5,290.0,-145.0|145.0,20.5,False,FAIL,CENTER_NOMINAL_LT_4|CENTER_RESIDUAL_LT_2|BELT_NOMINAL_LT_14|BELT_RESIDUAL_LT_8
G-IN2.00-P10.50-OUT08.50,0.5,1,,C/C,O/O,2.0,10.5,8.5,16.0,57.5,96.0,3.0,1.0,16.5,10.5,13.5,7.5,17.0,13.5,14.0,10.5,34.5,PASS_95X140X5_REFERENCE,12.0,137.5,143.5,290.0,-145.0|145.0,21.0,False,FAIL,CENTER_NOMINAL_LT_4|CENTER_RESIDUAL_LT_2|BELT_NOMINAL_LT_14|BELT_RESIDUAL_LT_8
G-IN2.00-P10.50-OUT09.00,0.5,1,,C/C,O/O,2.0,10.5,9.0,16.0,57.5,96.5,3.0,1.0,16.5,10.5,14.0,8.0,17.0,13.5,14.5,11.0,34.0,PASS_95X140X5_REFERENCE,12.0,137.5,143.5,290.0,-145.0|145.0,21.5,False,FAIL,CENTER_NOMINAL_LT_4|CENTER_RESIDUAL_LT_2
G-IN2.00-P10.50-OUT09.50,0.5,1,,C/C,O/O,2.0,10.5,9.5,16.0,57.5,97.0,3.0,1.0,16.5,10.5,14.5,8.5,17.0,13.5,15.0,11.5,33.5,PASS_95X140X5_REFERENCE,12.0,137.5,143.5,290.0,-145.0|145.0,22.0,False,FAIL,CENTER_NOMINAL_LT_4|CENTER_RESIDUAL_LT_2
G-IN2.00-P10.50-OUT10.00,0.5,1,,C/C,O/O,2.0,10.5,10.0,16.0,57.5,97.5,3.0,1.0,16.5,10.5,15.0,9.0,17.0,13.5,15.5,12.0,33.0,PASS_95X140X5_REFERENCE,12.0,137.5,143.5,290.0,-145.0|145.0,22.5,False,FAIL,CENTER_NOMINAL_LT_4|CENTER_RESIDUAL_LT_2
G-IN2.00-P11.00-OUT03.00,0.5,1,,C/C,O/O,2.0,11.0,3.0,16.0,58.0,90.5,3.0,1.0,17.0,11.0,7.5,1.5,17.5,14.0,8.0,4.5,40.0,PASS_95X140X5_REFERENCE,12.0,137.5,143.5,290.0,-145.0|145.0,16.0,False,FAIL,CENTER_NOMINAL_LT_4|CENTER_RESIDUAL_LT_2|BELT_NOMINAL_LT_14|BELT_RESIDUAL_LT_8|PULLEY_NOMINAL_LT_13_5|PULLEY_RESIDUAL_LT_10
G-IN2.00-P11.00-OUT03.50,0.5,1,,C/C,O/O,2.0,11.0,3.5,16.0,58.0,91.0,3.0,1.0,17.0,11.0,8.0,2.0,17.5,14.0,8.5,5.0,39.5,PASS_95X140X5_REFERENCE,12.0,137.5,143.5,290.0,-145.0|145.0,16.5,False,FAIL,CENTER_NOMINAL_LT_4|CENTER_RESIDUAL_LT_2|BELT_NOMINAL_LT_14|BELT_RESIDUAL_LT_8|PULLEY_NOMINAL_LT_13_5|PULLEY_RESIDUAL_LT_10
G-IN2.00-P11.00-OUT04.00,0.5,1,,C/C,O/O,2.0,11.0,4.0,16.0,58.0,91.5,3.0,1.0,17.0,11.0,8.5,2.5,17.5,14.0,9.0,5.5,39.0,PASS_95X140X5_REFERENCE,12.0,137.5,143.5,290.0,-145.0|145.0,17.0,False,FAIL,CENTER_NOMINAL_LT_4|CENTER_RESIDUAL_LT_2|BELT_NOMINAL_LT_14|BELT_RESIDUAL_LT_8|PULLEY_NOMINAL_LT_13_5|PULLEY_RESIDUAL_LT_10
G-IN2.00-P11.00-OUT04.50,0.5,1,,C/C,O/O,2.0,11.0,4.5,16.0,58.0,92.0,3.0,1.0,17.0,11.0,9.0,3.0,17.5,14.0,9.5,6.0,38.5,PASS_95X140X5_REFERENCE,12.0,137.5,143.5,290.0,-145.0|145.0,17.5,False,FAIL,CENTER_NOMINAL_LT_4|CENTER_RESIDUAL_LT_2|BELT_NOMINAL_LT_14|BELT_RESIDUAL_LT_8|PULLEY_NOMINAL_LT_13_5|PULLEY_RESIDUAL_LT_10
G-IN2.00-P11.00-OUT05.00,0.5,1,,C/C,O/O,2.0,11.0,5.0,16.0,58.0,92.5,3.0,1.0,17.0,11.0,9.5,3.5,17.5,14.0,10.0,6.5,38.0,PASS_95X140X5_REFERENCE,12.0,137.5,143.5,290.0,-145.0|145.0,18.0,False,FAIL,CENTER_NOMINAL_LT_4|CENTER_RESIDUAL_LT_2|BELT_NOMINAL_LT_14|BELT_RESIDUAL_LT_8|PULLEY_NOMINAL_LT_13_5|PULLEY_RESIDUAL_LT_10
G-IN2.00-P11.00-OUT05.50,0.5,1,,C/C,O/O,2.0,11.0,5.5,16.0,58.0,93.0,3.0,1.0,17.0,11.0,10.0,4.0,17.5,14.0,10.5,7.0,37.5,PASS_95X140X5_REFERENCE,12.0,137.5,143.5,290.0,-145.0|145.0,18.5,False,FAIL,CENTER_NOMINAL_LT_4|CENTER_RESIDUAL_LT_2|BELT_NOMINAL_LT_14|BELT_RESIDUAL_LT_8|PULLEY_NOMINAL_LT_13_5|PULLEY_RESIDUAL_LT_10
G-IN2.00-P11.00-OUT06.00,0.5,1,,C/C,O/O,2.0,11.0,6.0,16.0,58.0,93.5,3.0,1.0,17.0,11.0,10.5,4.5,17.5,14.0,11.0,7.5,37.0,PASS_95X140X5_REFERENCE,12.0,137.5,143.5,290.0,-145.0|145.0,19.0,False,FAIL,CENTER_NOMINAL_LT_4|CENTER_RESIDUAL_LT_2|BELT_NOMINAL_LT_14|BELT_RESIDUAL_LT_8|PULLEY_NOMINAL_LT_13_5|PULLEY_RESIDUAL_LT_10
G-IN2.00-P11.00-OUT06.50,0.5,1,,C/C,O/O,2.0,11.0,6.5,16.0,58.0,94.0,3.0,1.0,17.0,11.0,11.0,5.0,17.5,14.0,11.5,8.0,36.5,PASS_95X140X5_REFERENCE,12.0,137.5,143.5,290.0,-145.0|145.0,19.5,False,FAIL,CENTER_NOMINAL_LT_4|CENTER_RESIDUAL_LT_2|BELT_NOMINAL_LT_14|BELT_RESIDUAL_LT_8|PULLEY_NOMINAL_LT_13_5|PULLEY_RESIDUAL_LT_10
G-IN2.00-P11.00-OUT07.00,0.5,1,,C/C,O/O,2.0,11.0,7.0,16.0,58.0,94.5,3.0,1.0,17.0,11.0,11.5,5.5,17.5,14.0,12.0,8.5,36.0,PASS_95X140X5_REFERENCE,12.0,137.5,143.5,290.0,-145.0|145.0,20.0,False,FAIL,CENTER_NOMINAL_LT_4|CENTER_RESIDUAL_LT_2|BELT_NOMINAL_LT_14|BELT_RESIDUAL_LT_8|PULLEY_NOMINAL_LT_13_5|PULLEY_RESIDUAL_LT_10
G-IN2.00-P11.00-OUT07.50,0.5,1,,C/C,O/O,2.0,11.0,7.5,16.0,58.0,95.0,3.0,1.0,17.0,11.0,12.0,6.0,17.5,14.0,12.5,9.0,35.5,PASS_95X140X5_REFERENCE,12.0,137.5,143.5,290.0,-145.0|145.0,20.5,False,FAIL,CENTER_NOMINAL_LT_4|CENTER_RESIDUAL_LT_2|BELT_NOMINAL_LT_14|BELT_RESIDUAL_LT_8|PULLEY_NOMINAL_LT_13_5|PULLEY_RESIDUAL_LT_10
G-IN2.00-P11.00-OUT08.00,0.5,1,,C/C,O/O,2.0,11.0,8.0,16.0,58.0,95.5,3.0,1.0,17.0,11.0,12.5,6.5,17.5,14.0,13.0,9.5,35.0,PASS_95X140X5_REFERENCE,12.0,137.5,143.5,290.0,-145.0|145.0,21.0,False,FAIL,CENTER_NOMINAL_LT_4|CENTER_RESIDUAL_LT_2|BELT_NOMINAL_LT_14|BELT_RESIDUAL_LT_8|PULLEY_NOMINAL_LT_13_5|PULLEY_RESIDUAL_LT_10
G-IN2.00-P11.00-OUT08.50,0.5,1,,C/C,O/O,2.0,11.0,8.5,16.0,58.0,96.0,3.0,1.0,17.0,11.0,13.0,7.0,17.5,14.0,13.5,10.0,34.5,PASS_95X140X5_REFERENCE,12.0,137.5,143.5,290.0,-145.0|145.0,21.5,False,FAIL,CENTER_NOMINAL_LT_4|CENTER_RESIDUAL_LT_2|BELT_NOMINAL_LT_14|BELT_RESIDUAL_LT_8
G-IN2.00-P11.00-OUT09.00,0.5,1,,C/C,O/O,2.0,11.0,9.0,16.0,58.0,96.5,3.0,1.0,17.0,11.0,13.5,7.5,17.5,14.0,14.0,10.5,34.0,PASS_95X140X5_REFERENCE,12.0,137.5,143.5,290.0,-145.0|145.0,22.0,False,FAIL,CENTER_NOMINAL_LT_4|CENTER_RESIDUAL_LT_2|BELT_NOMINAL_LT_14|BELT_RESIDUAL_LT_8
G-IN2.00-P11.00-OUT09.50,0.5,1,,C/C,O/O,2.0,11.0,9.5,16.0,58.0,97.0,3.0,1.0,17.0,11.0,14.0,8.0,17.5,14.0,14.5,11.0,33.5,PASS_95X140X5_REFERENCE,12.0,137.5,143.5,290.0,-145.0|145.0,22.5,False,FAIL,CENTER_NOMINAL_LT_4|CENTER_RESIDUAL_LT_2
G-IN2.00-P11.00-OUT10.00,0.5,1,,C/C,O/O,2.0,11.0,10.0,16.0,58.0,97.5,3.0,1.0,17.0,11.0,14.5,8.5,17.5,14.0,15.0,11.5,33.0,PASS_95X140X5_REFERENCE,12.0,137.5,143.5,290.0,-145.0|145.0,23.0,False,FAIL,CENTER_NOMINAL_LT_4|CENTER_RESIDUAL_LT_2
G-IN2.00-P11.50-OUT03.00,0.5,1,,C/C,O/O,2.0,11.5,3.0,16.0,58.5,90.5,3.0,1.0,17.5,11.5,7.0,1.0,18.0,14.5,7.5,4.0,40.0,PASS_95X140X5_REFERENCE,12.0,137.5,143.5,290.0,-145.0|145.0,16.5,False,FAIL,CENTER_NOMINAL_LT_4|CENTER_RESIDUAL_LT_2|BELT_NOMINAL_LT_14|BELT_RESIDUAL_LT_8|PULLEY_NOMINAL_LT_13_5|PULLEY_RESIDUAL_LT_10
G-IN2.00-P11.50-OUT03.50,0.5,1,,C/C,O/O,2.0,11.5,3.5,16.0,58.5,91.0,3.0,1.0,17.5,11.5,7.5,1.5,18.0,14.5,8.0,4.5,39.5,PASS_95X140X5_REFERENCE,12.0,137.5,143.5,290.0,-145.0|145.0,17.0,False,FAIL,CENTER_NOMINAL_LT_4|CENTER_RESIDUAL_LT_2|BELT_NOMINAL_LT_14|BELT_RESIDUAL_LT_8|PULLEY_NOMINAL_LT_13_5|PULLEY_RESIDUAL_LT_10
G-IN2.00-P11.50-OUT04.00,0.5,1,,C/C,O/O,2.0,11.5,4.0,16.0,58.5,91.5,3.0,1.0,17.5,11.5,8.0,2.0,18.0,14.5,8.5,5.0,39.0,PASS_95X140X5_REFERENCE,12.0,137.5,143.5,290.0,-145.0|145.0,17.5,False,FAIL,CENTER_NOMINAL_LT_4|CENTER_RESIDUAL_LT_2|BELT_NOMINAL_LT_14|BELT_RESIDUAL_LT_8|PULLEY_NOMINAL_LT_13_5|PULLEY_RESIDUAL_LT_10
G-IN2.00-P11.50-OUT04.50,0.5,1,,C/C,O/O,2.0,11.5,4.5,16.0,58.5,92.0,3.0,1.0,17.5,11.5,8.5,2.5,18.0,14.5,9.0,5.5,38.5,PASS_95X140X5_REFERENCE,12.0,137.5,143.5,290.0,-145.0|145.0,18.0,False,FAIL,CENTER_NOMINAL_LT_4|CENTER_RESIDUAL_LT_2|BELT_NOMINAL_LT_14|BELT_RESIDUAL_LT_8|PULLEY_NOMINAL_LT_13_5|PULLEY_RESIDUAL_LT_10
G-IN2.00-P11.50-OUT05.00,0.5,1,,C/C,O/O,2.0,11.5,5.0,16.0,58.5,92.5,3.0,1.0,17.5,11.5,9.0,3.0,18.0,14.5,9.5,6.0,38.0,PASS_95X140X5_REFERENCE,12.0,137.5,143.5,290.0,-145.0|145.0,18.5,False,FAIL,CENTER_NOMINAL_LT_4|CENTER_RESIDUAL_LT_2|BELT_NOMINAL_LT_14|BELT_RESIDUAL_LT_8|PULLEY_NOMINAL_LT_13_5|PULLEY_RESIDUAL_LT_10
G-IN2.00-P11.50-OUT05.50,0.5,1,,C/C,O/O,2.0,11.5,5.5,16.0,58.5,93.0,3.0,1.0,17.5,11.5,9.5,3.5,18.0,14.5,10.0,6.5,37.5,PASS_95X140X5_REFERENCE,12.0,137.5,143.5,290.0,-145.0|145.0,19.0,False,FAIL,CENTER_NOMINAL_LT_4|CENTER_RESIDUAL_LT_2|BELT_NOMINAL_LT_14|BELT_RESIDUAL_LT_8|PULLEY_NOMINAL_LT_13_5|PULLEY_RESIDUAL_LT_10
G-IN2.00-P11.50-OUT06.00,0.5,1,,C/C,O/O,2.0,11.5,6.0,16.0,58.5,93.5,3.0,1.0,17.5,11.5,10.0,4.0,18.0,14.5,10.5,7.0,37.0,PASS_95X140X5_REFERENCE,12.0,137.5,143.5,290.0,-145.0|145.0,19.5,False,FAIL,CENTER_NOMINAL_LT_4|CENTER_RESIDUAL_LT_2|BELT_NOMINAL_LT_14|BELT_RESIDUAL_LT_8|PULLEY_NOMINAL_LT_13_5|PULLEY_RESIDUAL_LT_10
G-IN2.00-P11.50-OUT06.50,0.5,1,,C/C,O/O,2.0,11.5,6.5,16.0,58.5,94.0,3.0,1.0,17.5,11.5,10.5,4.5,18.0,14.5,11.0,7.5,36.5,PASS_95X140X5_REFERENCE,12.0,137.5,143.5,290.0,-145.0|145.0,20.0,False,FAIL,CENTER_NOMINAL_LT_4|CENTER_RESIDUAL_LT_2|BELT_NOMINAL_LT_14|BELT_RESIDUAL_LT_8|PULLEY_NOMINAL_LT_13_5|PULLEY_RESIDUAL_LT_10
G-IN2.00-P11.50-OUT07.00,0.5,1,,C/C,O/O,2.0,11.5,7.0,16.0,58.5,94.5,3.0,1.0,17.5,11.5,11.0,5.0,18.0,14.5,11.5,8.0,36.0,PASS_95X140X5_REFERENCE,12.0,137.5,143.5,290.0,-145.0|145.0,20.5,False,FAIL,CENTER_NOMINAL_LT_4|CENTER_RESIDUAL_LT_2|BELT_NOMINAL_LT_14|BELT_RESIDUAL_LT_8|PULLEY_NOMINAL_LT_13_5|PULLEY_RESIDUAL_LT_10
G-IN2.00-P11.50-OUT07.50,0.5,1,,C/C,O/O,2.0,11.5,7.5,16.0,58.5,95.0,3.0,1.0,17.5,11.5,11.5,5.5,18.0,14.5,12.0,8.5,35.5,PASS_95X140X5_REFERENCE,12.0,137.5,143.5,290.0,-145.0|145.0,21.0,False,FAIL,CENTER_NOMINAL_LT_4|CENTER_RESIDUAL_LT_2|BELT_NOMINAL_LT_14|BELT_RESIDUAL_LT_8|PULLEY_NOMINAL_LT_13_5|PULLEY_RESIDUAL_LT_10
G-IN2.00-P11.50-OUT08.00,0.5,1,,C/C,O/O,2.0,11.5,8.0,16.0,58.5,95.5,3.0,1.0,17.5,11.5,12.0,6.0,18.0,14.5,12.5,9.0,35.0,PASS_95X140X5_REFERENCE,12.0,137.5,143.5,290.0,-145.0|145.0,21.5,False,FAIL,CENTER_NOMINAL_LT_4|CENTER_RESIDUAL_LT_2|BELT_NOMINAL_LT_14|BELT_RESIDUAL_LT_8|PULLEY_NOMINAL_LT_13_5|PULLEY_RESIDUAL_LT_10
G-IN2.00-P11.50-OUT08.50,0.5,1,,C/C,O/O,2.0,11.5,8.5,16.0,58.5,96.0,3.0,1.0,17.5,11.5,12.5,6.5,18.0,14.5,13.0,9.5,34.5,PASS_95X140X5_REFERENCE,12.0,137.5,143.5,290.0,-145.0|145.0,22.0,False,FAIL,CENTER_NOMINAL_LT_4|CENTER_RESIDUAL_LT_2|BELT_NOMINAL_LT_14|BELT_RESIDUAL_LT_8|PULLEY_NOMINAL_LT_13_5|PULLEY_RESIDUAL_LT_10
G-IN2.00-P11.50-OUT09.00,0.5,1,,C/C,O/O,2.0,11.5,9.0,16.0,58.5,96.5,3.0,1.0,17.5,11.5,13.0,7.0,18.0,14.5,13.5,10.0,34.0,PASS_95X140X5_REFERENCE,12.0,137.5,143.5,290.0,-145.0|145.0,22.5,False,FAIL,CENTER_NOMINAL_LT_4|CENTER_RESIDUAL_LT_2|BELT_NOMINAL_LT_14|BELT_RESIDUAL_LT_8
G-IN2.00-P11.50-OUT09.50,0.5,1,,C/C,O/O,2.0,11.5,9.5,16.0,58.5,97.0,3.0,1.0,17.5,11.5,13.5,7.5,18.0,14.5,14.0,10.5,33.5,PASS_95X140X5_REFERENCE,12.0,137.5,143.5,290.0,-145.0|145.0,23.0,False,FAIL,CENTER_NOMINAL_LT_4|CENTER_RESIDUAL_LT_2|BELT_NOMINAL_LT_14|BELT_RESIDUAL_LT_8
G-IN2.00-P11.50-OUT10.00,0.5,1,,C/C,O/O,2.0,11.5,10.0,16.0,58.5,97.5,3.0,1.0,17.5,11.5,14.0,8.0,18.0,14.5,14.5,11.0,33.0,PASS_95X140X5_REFERENCE,12.0,137.5,143.5,290.0,-145.0|145.0,23.5,False,FAIL,CENTER_NOMINAL_LT_4|CENTER_RESIDUAL_LT_2
G-IN2.00-P12.00-OUT03.00,0.5,1,,C/C,O/O,2.0,12.0,3.0,16.0,59.0,90.5,3.0,1.0,18.0,12.0,6.5,0.5,18.5,15.0,7.0,3.5,40.0,PASS_95X140X5_REFERENCE,12.0,137.5,143.5,290.0,-145.0|145.0,17.0,False,FAIL,CENTER_NOMINAL_LT_4|CENTER_RESIDUAL_LT_2|BELT_NOMINAL_LT_14|BELT_RESIDUAL_LT_8|PULLEY_NOMINAL_LT_13_5|PULLEY_RESIDUAL_LT_10
G-IN2.00-P12.00-OUT03.50,0.5,1,,C/C,O/O,2.0,12.0,3.5,16.0,59.0,91.0,3.0,1.0,18.0,12.0,7.0,1.0,18.5,15.0,7.5,4.0,39.5,PASS_95X140X5_REFERENCE,12.0,137.5,143.5,290.0,-145.0|145.0,17.5,False,FAIL,CENTER_NOMINAL_LT_4|CENTER_RESIDUAL_LT_2|BELT_NOMINAL_LT_14|BELT_RESIDUAL_LT_8|PULLEY_NOMINAL_LT_13_5|PULLEY_RESIDUAL_LT_10
G-IN2.00-P12.00-OUT04.00,0.5,1,,C/C,O/O,2.0,12.0,4.0,16.0,59.0,91.5,3.0,1.0,18.0,12.0,7.5,1.5,18.5,15.0,8.0,4.5,39.0,PASS_95X140X5_REFERENCE,12.0,137.5,143.5,290.0,-145.0|145.0,18.0,False,FAIL,CENTER_NOMINAL_LT_4|CENTER_RESIDUAL_LT_2|BELT_NOMINAL_LT_14|BELT_RESIDUAL_LT_8|PULLEY_NOMINAL_LT_13_5|PULLEY_RESIDUAL_LT_10
G-IN2.00-P12.00-OUT04.50,0.5,1,,C/C,O/O,2.0,12.0,4.5,16.0,59.0,92.0,3.0,1.0,18.0,12.0,8.0,2.0,18.5,15.0,8.5,5.0,38.5,PASS_95X140X5_REFERENCE,12.0,137.5,143.5,290.0,-145.0|145.0,18.5,False,FAIL,CENTER_NOMINAL_LT_4|CENTER_RESIDUAL_LT_2|BELT_NOMINAL_LT_14|BELT_RESIDUAL_LT_8|PULLEY_NOMINAL_LT_13_5|PULLEY_RESIDUAL_LT_10
G-IN2.00-P12.00-OUT05.00,0.5,1,,C/C,O/O,2.0,12.0,5.0,16.0,59.0,92.5,3.0,1.0,18.0,12.0,8.5,2.5,18.5,15.0,9.0,5.5,38.0,PASS_95X140X5_REFERENCE,12.0,137.5,143.5,290.0,-145.0|145.0,19.0,False,FAIL,CENTER_NOMINAL_LT_4|CENTER_RESIDUAL_LT_2|BELT_NOMINAL_LT_14|BELT_RESIDUAL_LT_8|PULLEY_NOMINAL_LT_13_5|PULLEY_RESIDUAL_LT_10
G-IN2.00-P12.00-OUT05.50,0.5,1,,C/C,O/O,2.0,12.0,5.5,16.0,59.0,93.0,3.0,1.0,18.0,12.0,9.0,3.0,18.5,15.0,9.5,6.0,37.5,PASS_95X140X5_REFERENCE,12.0,137.5,143.5,290.0,-145.0|145.0,19.5,False,FAIL,CENTER_NOMINAL_LT_4|CENTER_RESIDUAL_LT_2|BELT_NOMINAL_LT_14|BELT_RESIDUAL_LT_8|PULLEY_NOMINAL_LT_13_5|PULLEY_RESIDUAL_LT_10
G-IN2.00-P12.00-OUT06.00,0.5,1,,C/C,O/O,2.0,12.0,6.0,16.0,59.0,93.5,3.0,1.0,18.0,12.0,9.5,3.5,18.5,15.0,10.0,6.5,37.0,PASS_95X140X5_REFERENCE,12.0,137.5,143.5,290.0,-145.0|145.0,20.0,False,FAIL,CENTER_NOMINAL_LT_4|CENTER_RESIDUAL_LT_2|BELT_NOMINAL_LT_14|BELT_RESIDUAL_LT_8|PULLEY_NOMINAL_LT_13_5|PULLEY_RESIDUAL_LT_10
G-IN2.00-P12.00-OUT06.50,0.5,1,,C/C,O/O,2.0,12.0,6.5,16.0,59.0,94.0,3.0,1.0,18.0,12.0,10.0,4.0,18.5,15.0,10.5,7.0,36.5,PASS_95X140X5_REFERENCE,12.0,137.5,143.5,290.0,-145.0|145.0,20.5,False,FAIL,CENTER_NOMINAL_LT_4|CENTER_RESIDUAL_LT_2|BELT_NOMINAL_LT_14|BELT_RESIDUAL_LT_8|PULLEY_NOMINAL_LT_13_5|PULLEY_RESIDUAL_LT_10
G-IN2.00-P12.00-OUT07.00,0.5,1,,C/C,O/O,2.0,12.0,7.0,16.0,59.0,94.5,3.0,1.0,18.0,12.0,10.5,4.5,18.5,15.0,11.0,7.5,36.0,PASS_95X140X5_REFERENCE,12.0,137.5,143.5,290.0,-145.0|145.0,21.0,False,FAIL,CENTER_NOMINAL_LT_4|CENTER_RESIDUAL_LT_2|BELT_NOMINAL_LT_14|BELT_RESIDUAL_LT_8|PULLEY_NOMINAL_LT_13_5|PULLEY_RESIDUAL_LT_10
G-IN2.00-P12.00-OUT07.50,0.5,1,,C/C,O/O,2.0,12.0,7.5,16.0,59.0,95.0,3.0,1.0,18.0,12.0,11.0,5.0,18.5,15.0,11.5,8.0,35.5,PASS_95X140X5_REFERENCE,12.0,137.5,143.5,290.0,-145.0|145.0,21.5,False,FAIL,CENTER_NOMINAL_LT_4|CENTER_RESIDUAL_LT_2|BELT_NOMINAL_LT_14|BELT_RESIDUAL_LT_8|PULLEY_NOMINAL_LT_13_5|PULLEY_RESIDUAL_LT_10
G-IN2.00-P12.00-OUT08.00,0.5,1,,C/C,O/O,2.0,12.0,8.0,16.0,59.0,95.5,3.0,1.0,18.0,12.0,11.5,5.5,18.5,15.0,12.0,8.5,35.0,PASS_95X140X5_REFERENCE,12.0,137.5,143.5,290.0,-145.0|145.0,22.0,False,FAIL,CENTER_NOMINAL_LT_4|CENTER_RESIDUAL_LT_2|BELT_NOMINAL_LT_14|BELT_RESIDUAL_LT_8|PULLEY_NOMINAL_LT_13_5|PULLEY_RESIDUAL_LT_10
G-IN2.00-P12.00-OUT08.50,0.5,1,,C/C,O/O,2.0,12.0,8.5,16.0,59.0,96.0,3.0,1.0,18.0,12.0,12.0,6.0,18.5,15.0,12.5,9.0,34.5,PASS_95X140X5_REFERENCE,12.0,137.5,143.5,290.0,-145.0|145.0,22.5,False,FAIL,CENTER_NOMINAL_LT_4|CENTER_RESIDUAL_LT_2|BELT_NOMINAL_LT_14|BELT_RESIDUAL_LT_8|PULLEY_NOMINAL_LT_13_5|PULLEY_RESIDUAL_LT_10
G-IN2.00-P12.00-OUT09.00,0.5,1,,C/C,O/O,2.0,12.0,9.0,16.0,59.0,96.5,3.0,1.0,18.0,12.0,12.5,6.5,18.5,15.0,13.0,9.5,34.0,PASS_95X140X5_REFERENCE,12.0,137.5,143.5,290.0,-145.0|145.0,23.0,False,FAIL,CENTER_NOMINAL_LT_4|CENTER_RESIDUAL_LT_2|BELT_NOMINAL_LT_14|BELT_RESIDUAL_LT_8|PULLEY_NOMINAL_LT_13_5|PULLEY_RESIDUAL_LT_10
G-IN2.00-P12.00-OUT09.50,0.5,1,,C/C,O/O,2.0,12.0,9.5,16.0,59.0,97.0,3.0,1.0,18.0,12.0,13.0,7.0,18.5,15.0,13.5,10.0,33.5,PASS_95X140X5_REFERENCE,12.0,137.5,143.5,290.0,-145.0|145.0,23.5,False,FAIL,CENTER_NOMINAL_LT_4|CENTER_RESIDUAL_LT_2|BELT_NOMINAL_LT_14|BELT_RESIDUAL_LT_8
G-IN2.00-P12.00-OUT10.00,0.5,1,,C/C,O/O,2.0,12.0,10.0,16.0,59.0,97.5,3.0,1.0,18.0,12.0,13.5,7.5,18.5,15.0,14.0,10.5,33.0,PASS_95X140X5_REFERENCE,12.0,137.5,143.5,290.0,-145.0|145.0,24.0,False,FAIL,CENTER_NOMINAL_LT_4|CENTER_RESIDUAL_LT_2|BELT_NOMINAL_LT_14|BELT_RESIDUAL_LT_8
G-IN2.50-P05.00-OUT03.00,0.5,1,,C/C,O/O,2.5,5.0,3.0,16.5,52.0,90.5,4.0,2.0,10.5,4.5,13.5,7.5,11.0,7.5,14.0,10.5,40.0,PASS_95X140X5_REFERENCE,12.0,137.0,143.0,290.0,-145.0|145.0,10.5,False,FAIL,BELT_NOMINAL_LT_14|BELT_RESIDUAL_LT_8|PULLEY_NOMINAL_LT_13_5|PULLEY_RESIDUAL_LT_10
G-IN2.50-P05.00-OUT03.50,0.5,1,,C/C,O/O,2.5,5.0,3.5,16.5,52.0,91.0,4.0,2.0,10.5,4.5,14.0,8.0,11.0,7.5,14.5,11.0,39.5,PASS_95X140X5_REFERENCE,12.0,137.0,143.0,290.0,-145.0|145.0,11.0,False,FAIL,BELT_NOMINAL_LT_14|BELT_RESIDUAL_LT_8|PULLEY_NOMINAL_LT_13_5|PULLEY_RESIDUAL_LT_10
G-IN2.50-P05.00-OUT04.00,0.5,1,,C/C,O/O,2.5,5.0,4.0,16.5,52.0,91.5,4.0,2.0,10.5,4.5,14.5,8.5,11.0,7.5,15.0,11.5,39.0,PASS_95X140X5_REFERENCE,12.0,137.0,143.0,290.0,-145.0|145.0,11.5,False,FAIL,BELT_NOMINAL_LT_14|BELT_RESIDUAL_LT_8|PULLEY_NOMINAL_LT_13_5|PULLEY_RESIDUAL_LT_10
G-IN2.50-P05.00-OUT04.50,0.5,1,,C/C,O/O,2.5,5.0,4.5,16.5,52.0,92.0,4.0,2.0,10.5,4.5,15.0,9.0,11.0,7.5,15.5,12.0,38.5,PASS_95X140X5_REFERENCE,12.0,137.0,143.0,290.0,-145.0|145.0,12.0,False,FAIL,BELT_NOMINAL_LT_14|BELT_RESIDUAL_LT_8|PULLEY_NOMINAL_LT_13_5|PULLEY_RESIDUAL_LT_10
G-IN2.50-P05.00-OUT05.00,0.5,1,,C/C,O/O,2.5,5.0,5.0,16.5,52.0,92.5,4.0,2.0,10.5,4.5,15.5,9.5,11.0,7.5,16.0,12.5,38.0,PASS_95X140X5_REFERENCE,12.0,137.0,143.0,290.0,-145.0|145.0,12.5,False,FAIL,BELT_NOMINAL_LT_14|BELT_RESIDUAL_LT_8|PULLEY_NOMINAL_LT_13_5|PULLEY_RESIDUAL_LT_10
G-IN2.50-P05.00-OUT05.50,0.5,1,,C/C,O/O,2.5,5.0,5.5,16.5,52.0,93.0,4.0,2.0,10.5,4.5,16.0,10.0,11.0,7.5,16.5,13.0,37.5,PASS_95X140X5_REFERENCE,12.0,137.0,143.0,290.0,-145.0|145.0,13.0,False,FAIL,BELT_NOMINAL_LT_14|BELT_RESIDUAL_LT_8|PULLEY_NOMINAL_LT_13_5|PULLEY_RESIDUAL_LT_10
G-IN2.50-P05.00-OUT06.00,0.5,1,,C/C,O/O,2.5,5.0,6.0,16.5,52.0,93.5,4.0,2.0,10.5,4.5,16.5,10.5,11.0,7.5,17.0,13.5,37.0,PASS_95X140X5_REFERENCE,12.0,137.0,143.0,290.0,-145.0|145.0,13.5,False,FAIL,BELT_NOMINAL_LT_14|BELT_RESIDUAL_LT_8|PULLEY_NOMINAL_LT_13_5|PULLEY_RESIDUAL_LT_10
G-IN2.50-P05.00-OUT06.50,0.5,1,,C/C,O/O,2.5,5.0,6.5,16.5,52.0,94.0,4.0,2.0,10.5,4.5,17.0,11.0,11.0,7.5,17.5,14.0,36.5,PASS_95X140X5_REFERENCE,12.0,137.0,143.0,290.0,-145.0|145.0,14.0,False,FAIL,BELT_NOMINAL_LT_14|BELT_RESIDUAL_LT_8|PULLEY_NOMINAL_LT_13_5|PULLEY_RESIDUAL_LT_10
G-IN2.50-P05.00-OUT07.00,0.5,1,,C/C,O/O,2.5,5.0,7.0,16.5,52.0,94.5,4.0,2.0,10.5,4.5,17.5,11.5,11.0,7.5,18.0,14.5,36.0,PASS_95X140X5_REFERENCE,12.0,137.0,143.0,290.0,-145.0|145.0,14.5,False,FAIL,BELT_NOMINAL_LT_14|BELT_RESIDUAL_LT_8|PULLEY_NOMINAL_LT_13_5|PULLEY_RESIDUAL_LT_10
G-IN2.50-P05.00-OUT07.50,0.5,1,,C/C,O/O,2.5,5.0,7.5,16.5,52.0,95.0,4.0,2.0,10.5,4.5,18.0,12.0,11.0,7.5,18.5,15.0,35.5,PASS_95X140X5_REFERENCE,12.0,137.0,143.0,290.0,-145.0|145.0,15.0,False,FAIL,BELT_NOMINAL_LT_14|BELT_RESIDUAL_LT_8|PULLEY_NOMINAL_LT_13_5|PULLEY_RESIDUAL_LT_10
G-IN2.50-P05.00-OUT08.00,0.5,1,,C/C,O/O,2.5,5.0,8.0,16.5,52.0,95.5,4.0,2.0,10.5,4.5,18.5,12.5,11.0,7.5,19.0,15.5,35.0,PASS_95X140X5_REFERENCE,12.0,137.0,143.0,290.0,-145.0|145.0,15.5,False,FAIL,BELT_NOMINAL_LT_14|BELT_RESIDUAL_LT_8|PULLEY_NOMINAL_LT_13_5|PULLEY_RESIDUAL_LT_10
G-IN2.50-P05.00-OUT08.50,0.5,1,,C/C,O/O,2.5,5.0,8.5,16.5,52.0,96.0,4.0,2.0,10.5,4.5,19.0,13.0,11.0,7.5,19.5,16.0,34.5,PASS_95X140X5_REFERENCE,12.0,137.0,143.0,290.0,-145.0|145.0,16.0,False,FAIL,BELT_NOMINAL_LT_14|BELT_RESIDUAL_LT_8|PULLEY_NOMINAL_LT_13_5|PULLEY_RESIDUAL_LT_10
G-IN2.50-P05.00-OUT09.00,0.5,1,,C/C,O/O,2.5,5.0,9.0,16.5,52.0,96.5,4.0,2.0,10.5,4.5,19.5,13.5,11.0,7.5,20.0,16.5,34.0,PASS_95X140X5_REFERENCE,12.0,137.0,143.0,290.0,-145.0|145.0,16.5,False,FAIL,BELT_NOMINAL_LT_14|BELT_RESIDUAL_LT_8|PULLEY_NOMINAL_LT_13_5|PULLEY_RESIDUAL_LT_10
G-IN2.50-P05.00-OUT09.50,0.5,1,,C/C,O/O,2.5,5.0,9.5,16.5,52.0,97.0,4.0,2.0,10.5,4.5,20.0,14.0,11.0,7.5,20.5,17.0,33.5,PASS_95X140X5_REFERENCE,12.0,137.0,143.0,290.0,-145.0|145.0,17.0,False,FAIL,BELT_NOMINAL_LT_14|BELT_RESIDUAL_LT_8|PULLEY_NOMINAL_LT_13_5|PULLEY_RESIDUAL_LT_10
G-IN2.50-P05.00-OUT10.00,0.5,1,,C/C,O/O,2.5,5.0,10.0,16.5,52.0,97.5,4.0,2.0,10.5,4.5,20.5,14.5,11.0,7.5,21.0,17.5,33.0,PASS_95X140X5_REFERENCE,12.0,137.0,143.0,290.0,-145.0|145.0,17.5,False,FAIL,BELT_NOMINAL_LT_14|BELT_RESIDUAL_LT_8|PULLEY_NOMINAL_LT_13_5|PULLEY_RESIDUAL_LT_10
G-IN2.50-P05.50-OUT03.00,0.5,1,,C/C,O/O,2.5,5.5,3.0,16.5,52.5,90.5,4.0,2.0,11.0,5.0,13.0,7.0,11.5,8.0,13.5,10.0,40.0,PASS_95X140X5_REFERENCE,12.0,137.0,143.0,290.0,-145.0|145.0,11.0,False,FAIL,BELT_NOMINAL_LT_14|BELT_RESIDUAL_LT_8|PULLEY_NOMINAL_LT_13_5|PULLEY_RESIDUAL_LT_10
G-IN2.50-P05.50-OUT03.50,0.5,1,,C/C,O/O,2.5,5.5,3.5,16.5,52.5,91.0,4.0,2.0,11.0,5.0,13.5,7.5,11.5,8.0,14.0,10.5,39.5,PASS_95X140X5_REFERENCE,12.0,137.0,143.0,290.0,-145.0|145.0,11.5,False,FAIL,BELT_NOMINAL_LT_14|BELT_RESIDUAL_LT_8|PULLEY_NOMINAL_LT_13_5|PULLEY_RESIDUAL_LT_10
G-IN2.50-P05.50-OUT04.00,0.5,1,,C/C,O/O,2.5,5.5,4.0,16.5,52.5,91.5,4.0,2.0,11.0,5.0,14.0,8.0,11.5,8.0,14.5,11.0,39.0,PASS_95X140X5_REFERENCE,12.0,137.0,143.0,290.0,-145.0|145.0,12.0,False,FAIL,BELT_NOMINAL_LT_14|BELT_RESIDUAL_LT_8|PULLEY_NOMINAL_LT_13_5|PULLEY_RESIDUAL_LT_10
G-IN2.50-P05.50-OUT04.50,0.5,1,,C/C,O/O,2.5,5.5,4.5,16.5,52.5,92.0,4.0,2.0,11.0,5.0,14.5,8.5,11.5,8.0,15.0,11.5,38.5,PASS_95X140X5_REFERENCE,12.0,137.0,143.0,290.0,-145.0|145.0,12.5,False,FAIL,BELT_NOMINAL_LT_14|BELT_RESIDUAL_LT_8|PULLEY_NOMINAL_LT_13_5|PULLEY_RESIDUAL_LT_10
G-IN2.50-P05.50-OUT05.00,0.5,1,,C/C,O/O,2.5,5.5,5.0,16.5,52.5,92.5,4.0,2.0,11.0,5.0,15.0,9.0,11.5,8.0,15.5,12.0,38.0,PASS_95X140X5_REFERENCE,12.0,137.0,143.0,290.0,-145.0|145.0,13.0,False,FAIL,BELT_NOMINAL_LT_14|BELT_RESIDUAL_LT_8|PULLEY_NOMINAL_LT_13_5|PULLEY_RESIDUAL_LT_10
G-IN2.50-P05.50-OUT05.50,0.5,1,,C/C,O/O,2.5,5.5,5.5,16.5,52.5,93.0,4.0,2.0,11.0,5.0,15.5,9.5,11.5,8.0,16.0,12.5,37.5,PASS_95X140X5_REFERENCE,12.0,137.0,143.0,290.0,-145.0|145.0,13.5,False,FAIL,BELT_NOMINAL_LT_14|BELT_RESIDUAL_LT_8|PULLEY_NOMINAL_LT_13_5|PULLEY_RESIDUAL_LT_10
G-IN2.50-P05.50-OUT06.00,0.5,1,,C/C,O/O,2.5,5.5,6.0,16.5,52.5,93.5,4.0,2.0,11.0,5.0,16.0,10.0,11.5,8.0,16.5,13.0,37.0,PASS_95X140X5_REFERENCE,12.0,137.0,143.0,290.0,-145.0|145.0,14.0,False,FAIL,BELT_NOMINAL_LT_14|BELT_RESIDUAL_LT_8|PULLEY_NOMINAL_LT_13_5|PULLEY_RESIDUAL_LT_10
G-IN2.50-P05.50-OUT06.50,0.5,1,,C/C,O/O,2.5,5.5,6.5,16.5,52.5,94.0,4.0,2.0,11.0,5.0,16.5,10.5,11.5,8.0,17.0,13.5,36.5,PASS_95X140X5_REFERENCE,12.0,137.0,143.0,290.0,-145.0|145.0,14.5,False,FAIL,BELT_NOMINAL_LT_14|BELT_RESIDUAL_LT_8|PULLEY_NOMINAL_LT_13_5|PULLEY_RESIDUAL_LT_10
G-IN2.50-P05.50-OUT07.00,0.5,1,,C/C,O/O,2.5,5.5,7.0,16.5,52.5,94.5,4.0,2.0,11.0,5.0,17.0,11.0,11.5,8.0,17.5,14.0,36.0,PASS_95X140X5_REFERENCE,12.0,137.0,143.0,290.0,-145.0|145.0,15.0,False,FAIL,BELT_NOMINAL_LT_14|BELT_RESIDUAL_LT_8|PULLEY_NOMINAL_LT_13_5|PULLEY_RESIDUAL_LT_10
G-IN2.50-P05.50-OUT07.50,0.5,1,,C/C,O/O,2.5,5.5,7.5,16.5,52.5,95.0,4.0,2.0,11.0,5.0,17.5,11.5,11.5,8.0,18.0,14.5,35.5,PASS_95X140X5_REFERENCE,12.0,137.0,143.0,290.0,-145.0|145.0,15.5,False,FAIL,BELT_NOMINAL_LT_14|BELT_RESIDUAL_LT_8|PULLEY_NOMINAL_LT_13_5|PULLEY_RESIDUAL_LT_10
G-IN2.50-P05.50-OUT08.00,0.5,1,,C/C,O/O,2.5,5.5,8.0,16.5,52.5,95.5,4.0,2.0,11.0,5.0,18.0,12.0,11.5,8.0,18.5,15.0,35.0,PASS_95X140X5_REFERENCE,12.0,137.0,143.0,290.0,-145.0|145.0,16.0,False,FAIL,BELT_NOMINAL_LT_14|BELT_RESIDUAL_LT_8|PULLEY_NOMINAL_LT_13_5|PULLEY_RESIDUAL_LT_10
G-IN2.50-P05.50-OUT08.50,0.5,1,,C/C,O/O,2.5,5.5,8.5,16.5,52.5,96.0,4.0,2.0,11.0,5.0,18.5,12.5,11.5,8.0,19.0,15.5,34.5,PASS_95X140X5_REFERENCE,12.0,137.0,143.0,290.0,-145.0|145.0,16.5,False,FAIL,BELT_NOMINAL_LT_14|BELT_RESIDUAL_LT_8|PULLEY_NOMINAL_LT_13_5|PULLEY_RESIDUAL_LT_10
G-IN2.50-P05.50-OUT09.00,0.5,1,,C/C,O/O,2.5,5.5,9.0,16.5,52.5,96.5,4.0,2.0,11.0,5.0,19.0,13.0,11.5,8.0,19.5,16.0,34.0,PASS_95X140X5_REFERENCE,12.0,137.0,143.0,290.0,-145.0|145.0,17.0,False,FAIL,BELT_NOMINAL_LT_14|BELT_RESIDUAL_LT_8|PULLEY_NOMINAL_LT_13_5|PULLEY_RESIDUAL_LT_10
G-IN2.50-P05.50-OUT09.50,0.5,1,,C/C,O/O,2.5,5.5,9.5,16.5,52.5,97.0,4.0,2.0,11.0,5.0,19.5,13.5,11.5,8.0,20.0,16.5,33.5,PASS_95X140X5_REFERENCE,12.0,137.0,143.0,290.0,-145.0|145.0,17.5,False,FAIL,BELT_NOMINAL_LT_14|BELT_RESIDUAL_LT_8|PULLEY_NOMINAL_LT_13_5|PULLEY_RESIDUAL_LT_10
G-IN2.50-P05.50-OUT10.00,0.5,1,,C/C,O/O,2.5,5.5,10.0,16.5,52.5,97.5,4.0,2.0,11.0,5.0,20.0,14.0,11.5,8.0,20.5,17.0,33.0,PASS_95X140X5_REFERENCE,12.0,137.0,143.0,290.0,-145.0|145.0,18.0,False,FAIL,BELT_NOMINAL_LT_14|BELT_RESIDUAL_LT_8|PULLEY_NOMINAL_LT_13_5|PULLEY_RESIDUAL_LT_10
G-IN2.50-P06.00-OUT03.00,0.5,1,,C/C,O/O,2.5,6.0,3.0,16.5,53.0,90.5,4.0,2.0,11.5,5.5,12.5,6.5,12.0,8.5,13.0,9.5,40.0,PASS_95X140X5_REFERENCE,12.0,137.0,143.0,290.0,-145.0|145.0,11.5,False,FAIL,BELT_NOMINAL_LT_14|BELT_RESIDUAL_LT_8|PULLEY_NOMINAL_LT_13_5|PULLEY_RESIDUAL_LT_10
G-IN2.50-P06.00-OUT03.50,0.5,1,,C/C,O/O,2.5,6.0,3.5,16.5,53.0,91.0,4.0,2.0,11.5,5.5,13.0,7.0,12.0,8.5,13.5,10.0,39.5,PASS_95X140X5_REFERENCE,12.0,137.0,143.0,290.0,-145.0|145.0,12.0,False,FAIL,BELT_NOMINAL_LT_14|BELT_RESIDUAL_LT_8|PULLEY_NOMINAL_LT_13_5|PULLEY_RESIDUAL_LT_10
G-IN2.50-P06.00-OUT04.00,0.5,1,,C/C,O/O,2.5,6.0,4.0,16.5,53.0,91.5,4.0,2.0,11.5,5.5,13.5,7.5,12.0,8.5,14.0,10.5,39.0,PASS_95X140X5_REFERENCE,12.0,137.0,143.0,290.0,-145.0|145.0,12.5,False,FAIL,BELT_NOMINAL_LT_14|BELT_RESIDUAL_LT_8|PULLEY_NOMINAL_LT_13_5|PULLEY_RESIDUAL_LT_10
G-IN2.50-P06.00-OUT04.50,0.5,1,,C/C,O/O,2.5,6.0,4.5,16.5,53.0,92.0,4.0,2.0,11.5,5.5,14.0,8.0,12.0,8.5,14.5,11.0,38.5,PASS_95X140X5_REFERENCE,12.0,137.0,143.0,290.0,-145.0|145.0,13.0,False,FAIL,BELT_NOMINAL_LT_14|BELT_RESIDUAL_LT_8|PULLEY_NOMINAL_LT_13_5|PULLEY_RESIDUAL_LT_10
G-IN2.50-P06.00-OUT05.00,0.5,1,,C/C,O/O,2.5,6.0,5.0,16.5,53.0,92.5,4.0,2.0,11.5,5.5,14.5,8.5,12.0,8.5,15.0,11.5,38.0,PASS_95X140X5_REFERENCE,12.0,137.0,143.0,290.0,-145.0|145.0,13.5,False,FAIL,BELT_NOMINAL_LT_14|BELT_RESIDUAL_LT_8|PULLEY_NOMINAL_LT_13_5|PULLEY_RESIDUAL_LT_10
G-IN2.50-P06.00-OUT05.50,0.5,1,,C/C,O/O,2.5,6.0,5.5,16.5,53.0,93.0,4.0,2.0,11.5,5.5,15.0,9.0,12.0,8.5,15.5,12.0,37.5,PASS_95X140X5_REFERENCE,12.0,137.0,143.0,290.0,-145.0|145.0,14.0,False,FAIL,BELT_NOMINAL_LT_14|BELT_RESIDUAL_LT_8|PULLEY_NOMINAL_LT_13_5|PULLEY_RESIDUAL_LT_10
G-IN2.50-P06.00-OUT06.00,0.5,1,,C/C,O/O,2.5,6.0,6.0,16.5,53.0,93.5,4.0,2.0,11.5,5.5,15.5,9.5,12.0,8.5,16.0,12.5,37.0,PASS_95X140X5_REFERENCE,12.0,137.0,143.0,290.0,-145.0|145.0,14.5,False,FAIL,BELT_NOMINAL_LT_14|BELT_RESIDUAL_LT_8|PULLEY_NOMINAL_LT_13_5|PULLEY_RESIDUAL_LT_10
G-IN2.50-P06.00-OUT06.50,0.5,1,,C/C,O/O,2.5,6.0,6.5,16.5,53.0,94.0,4.0,2.0,11.5,5.5,16.0,10.0,12.0,8.5,16.5,13.0,36.5,PASS_95X140X5_REFERENCE,12.0,137.0,143.0,290.0,-145.0|145.0,15.0,False,FAIL,BELT_NOMINAL_LT_14|BELT_RESIDUAL_LT_8|PULLEY_NOMINAL_LT_13_5|PULLEY_RESIDUAL_LT_10
G-IN2.50-P06.00-OUT07.00,0.5,1,,C/C,O/O,2.5,6.0,7.0,16.5,53.0,94.5,4.0,2.0,11.5,5.5,16.5,10.5,12.0,8.5,17.0,13.5,36.0,PASS_95X140X5_REFERENCE,12.0,137.0,143.0,290.0,-145.0|145.0,15.5,False,FAIL,BELT_NOMINAL_LT_14|BELT_RESIDUAL_LT_8|PULLEY_NOMINAL_LT_13_5|PULLEY_RESIDUAL_LT_10
G-IN2.50-P06.00-OUT07.50,0.5,1,,C/C,O/O,2.5,6.0,7.5,16.5,53.0,95.0,4.0,2.0,11.5,5.5,17.0,11.0,12.0,8.5,17.5,14.0,35.5,PASS_95X140X5_REFERENCE,12.0,137.0,143.0,290.0,-145.0|145.0,16.0,False,FAIL,BELT_NOMINAL_LT_14|BELT_RESIDUAL_LT_8|PULLEY_NOMINAL_LT_13_5|PULLEY_RESIDUAL_LT_10
G-IN2.50-P06.00-OUT08.00,0.5,1,,C/C,O/O,2.5,6.0,8.0,16.5,53.0,95.5,4.0,2.0,11.5,5.5,17.5,11.5,12.0,8.5,18.0,14.5,35.0,PASS_95X140X5_REFERENCE,12.0,137.0,143.0,290.0,-145.0|145.0,16.5,False,FAIL,BELT_NOMINAL_LT_14|BELT_RESIDUAL_LT_8|PULLEY_NOMINAL_LT_13_5|PULLEY_RESIDUAL_LT_10
G-IN2.50-P06.00-OUT08.50,0.5,1,,C/C,O/O,2.5,6.0,8.5,16.5,53.0,96.0,4.0,2.0,11.5,5.5,18.0,12.0,12.0,8.5,18.5,15.0,34.5,PASS_95X140X5_REFERENCE,12.0,137.0,143.0,290.0,-145.0|145.0,17.0,False,FAIL,BELT_NOMINAL_LT_14|BELT_RESIDUAL_LT_8|PULLEY_NOMINAL_LT_13_5|PULLEY_RESIDUAL_LT_10
G-IN2.50-P06.00-OUT09.00,0.5,1,,C/C,O/O,2.5,6.0,9.0,16.5,53.0,96.5,4.0,2.0,11.5,5.5,18.5,12.5,12.0,8.5,19.0,15.5,34.0,PASS_95X140X5_REFERENCE,12.0,137.0,143.0,290.0,-145.0|145.0,17.5,False,FAIL,BELT_NOMINAL_LT_14|BELT_RESIDUAL_LT_8|PULLEY_NOMINAL_LT_13_5|PULLEY_RESIDUAL_LT_10
G-IN2.50-P06.00-OUT09.50,0.5,1,,C/C,O/O,2.5,6.0,9.5,16.5,53.0,97.0,4.0,2.0,11.5,5.5,19.0,13.0,12.0,8.5,19.5,16.0,33.5,PASS_95X140X5_REFERENCE,12.0,137.0,143.0,290.0,-145.0|145.0,18.0,False,FAIL,BELT_NOMINAL_LT_14|BELT_RESIDUAL_LT_8|PULLEY_NOMINAL_LT_13_5|PULLEY_RESIDUAL_LT_10
G-IN2.50-P06.00-OUT10.00,0.5,1,,C/C,O/O,2.5,6.0,10.0,16.5,53.0,97.5,4.0,2.0,11.5,5.5,19.5,13.5,12.0,8.5,20.0,16.5,33.0,PASS_95X140X5_REFERENCE,12.0,137.0,143.0,290.0,-145.0|145.0,18.5,False,FAIL,BELT_NOMINAL_LT_14|BELT_RESIDUAL_LT_8|PULLEY_NOMINAL_LT_13_5|PULLEY_RESIDUAL_LT_10
G-IN2.50-P06.50-OUT03.00,0.5,1,,C/C,O/O,2.5,6.5,3.0,16.5,53.5,90.5,4.0,2.0,12.0,6.0,12.0,6.0,12.5,9.0,12.5,9.0,40.0,PASS_95X140X5_REFERENCE,12.0,137.0,143.0,290.0,-145.0|145.0,12.0,False,FAIL,BELT_NOMINAL_LT_14|BELT_RESIDUAL_LT_8|PULLEY_NOMINAL_LT_13_5|PULLEY_RESIDUAL_LT_10
G-IN2.50-P06.50-OUT03.50,0.5,1,,C/C,O/O,2.5,6.5,3.5,16.5,53.5,91.0,4.0,2.0,12.0,6.0,12.5,6.5,12.5,9.0,13.0,9.5,39.5,PASS_95X140X5_REFERENCE,12.0,137.0,143.0,290.0,-145.0|145.0,12.5,False,FAIL,BELT_NOMINAL_LT_14|BELT_RESIDUAL_LT_8|PULLEY_NOMINAL_LT_13_5|PULLEY_RESIDUAL_LT_10
G-IN2.50-P06.50-OUT04.00,0.5,1,,C/C,O/O,2.5,6.5,4.0,16.5,53.5,91.5,4.0,2.0,12.0,6.0,13.0,7.0,12.5,9.0,13.5,10.0,39.0,PASS_95X140X5_REFERENCE,12.0,137.0,143.0,290.0,-145.0|145.0,13.0,False,FAIL,BELT_NOMINAL_LT_14|BELT_RESIDUAL_LT_8|PULLEY_NOMINAL_LT_13_5|PULLEY_RESIDUAL_LT_10
G-IN2.50-P06.50-OUT04.50,0.5,1,,C/C,O/O,2.5,6.5,4.5,16.5,53.5,92.0,4.0,2.0,12.0,6.0,13.5,7.5,12.5,9.0,14.0,10.5,38.5,PASS_95X140X5_REFERENCE,12.0,137.0,143.0,290.0,-145.0|145.0,13.5,False,FAIL,BELT_NOMINAL_LT_14|BELT_RESIDUAL_LT_8|PULLEY_NOMINAL_LT_13_5|PULLEY_RESIDUAL_LT_10
G-IN2.50-P06.50-OUT05.00,0.5,1,,C/C,O/O,2.5,6.5,5.0,16.5,53.5,92.5,4.0,2.0,12.0,6.0,14.0,8.0,12.5,9.0,14.5,11.0,38.0,PASS_95X140X5_REFERENCE,12.0,137.0,143.0,290.0,-145.0|145.0,14.0,False,FAIL,BELT_NOMINAL_LT_14|BELT_RESIDUAL_LT_8|PULLEY_NOMINAL_LT_13_5|PULLEY_RESIDUAL_LT_10
G-IN2.50-P06.50-OUT05.50,0.5,1,,C/C,O/O,2.5,6.5,5.5,16.5,53.5,93.0,4.0,2.0,12.0,6.0,14.5,8.5,12.5,9.0,15.0,11.5,37.5,PASS_95X140X5_REFERENCE,12.0,137.0,143.0,290.0,-145.0|145.0,14.5,False,FAIL,BELT_NOMINAL_LT_14|BELT_RESIDUAL_LT_8|PULLEY_NOMINAL_LT_13_5|PULLEY_RESIDUAL_LT_10
G-IN2.50-P06.50-OUT06.00,0.5,1,,C/C,O/O,2.5,6.5,6.0,16.5,53.5,93.5,4.0,2.0,12.0,6.0,15.0,9.0,12.5,9.0,15.5,12.0,37.0,PASS_95X140X5_REFERENCE,12.0,137.0,143.0,290.0,-145.0|145.0,15.0,False,FAIL,BELT_NOMINAL_LT_14|BELT_RESIDUAL_LT_8|PULLEY_NOMINAL_LT_13_5|PULLEY_RESIDUAL_LT_10
G-IN2.50-P06.50-OUT06.50,0.5,1,,C/C,O/O,2.5,6.5,6.5,16.5,53.5,94.0,4.0,2.0,12.0,6.0,15.5,9.5,12.5,9.0,16.0,12.5,36.5,PASS_95X140X5_REFERENCE,12.0,137.0,143.0,290.0,-145.0|145.0,15.5,False,FAIL,BELT_NOMINAL_LT_14|BELT_RESIDUAL_LT_8|PULLEY_NOMINAL_LT_13_5|PULLEY_RESIDUAL_LT_10
G-IN2.50-P06.50-OUT07.00,0.5,1,,C/C,O/O,2.5,6.5,7.0,16.5,53.5,94.5,4.0,2.0,12.0,6.0,16.0,10.0,12.5,9.0,16.5,13.0,36.0,PASS_95X140X5_REFERENCE,12.0,137.0,143.0,290.0,-145.0|145.0,16.0,False,FAIL,BELT_NOMINAL_LT_14|BELT_RESIDUAL_LT_8|PULLEY_NOMINAL_LT_13_5|PULLEY_RESIDUAL_LT_10
G-IN2.50-P06.50-OUT07.50,0.5,1,,C/C,O/O,2.5,6.5,7.5,16.5,53.5,95.0,4.0,2.0,12.0,6.0,16.5,10.5,12.5,9.0,17.0,13.5,35.5,PASS_95X140X5_REFERENCE,12.0,137.0,143.0,290.0,-145.0|145.0,16.5,False,FAIL,BELT_NOMINAL_LT_14|BELT_RESIDUAL_LT_8|PULLEY_NOMINAL_LT_13_5|PULLEY_RESIDUAL_LT_10
G-IN2.50-P06.50-OUT08.00,0.5,1,,C/C,O/O,2.5,6.5,8.0,16.5,53.5,95.5,4.0,2.0,12.0,6.0,17.0,11.0,12.5,9.0,17.5,14.0,35.0,PASS_95X140X5_REFERENCE,12.0,137.0,143.0,290.0,-145.0|145.0,17.0,False,FAIL,BELT_NOMINAL_LT_14|BELT_RESIDUAL_LT_8|PULLEY_NOMINAL_LT_13_5|PULLEY_RESIDUAL_LT_10
G-IN2.50-P06.50-OUT08.50,0.5,1,,C/C,O/O,2.5,6.5,8.5,16.5,53.5,96.0,4.0,2.0,12.0,6.0,17.5,11.5,12.5,9.0,18.0,14.5,34.5,PASS_95X140X5_REFERENCE,12.0,137.0,143.0,290.0,-145.0|145.0,17.5,False,FAIL,BELT_NOMINAL_LT_14|BELT_RESIDUAL_LT_8|PULLEY_NOMINAL_LT_13_5|PULLEY_RESIDUAL_LT_10
G-IN2.50-P06.50-OUT09.00,0.5,1,,C/C,O/O,2.5,6.5,9.0,16.5,53.5,96.5,4.0,2.0,12.0,6.0,18.0,12.0,12.5,9.0,18.5,15.0,34.0,PASS_95X140X5_REFERENCE,12.0,137.0,143.0,290.0,-145.0|145.0,18.0,False,FAIL,BELT_NOMINAL_LT_14|BELT_RESIDUAL_LT_8|PULLEY_NOMINAL_LT_13_5|PULLEY_RESIDUAL_LT_10
G-IN2.50-P06.50-OUT09.50,0.5,1,,C/C,O/O,2.5,6.5,9.5,16.5,53.5,97.0,4.0,2.0,12.0,6.0,18.5,12.5,12.5,9.0,19.0,15.5,33.5,PASS_95X140X5_REFERENCE,12.0,137.0,143.0,290.0,-145.0|145.0,18.5,False,FAIL,BELT_NOMINAL_LT_14|BELT_RESIDUAL_LT_8|PULLEY_NOMINAL_LT_13_5|PULLEY_RESIDUAL_LT_10
G-IN2.50-P06.50-OUT10.00,0.5,1,,C/C,O/O,2.5,6.5,10.0,16.5,53.5,97.5,4.0,2.0,12.0,6.0,19.0,13.0,12.5,9.0,19.5,16.0,33.0,PASS_95X140X5_REFERENCE,12.0,137.0,143.0,290.0,-145.0|145.0,19.0,False,FAIL,BELT_NOMINAL_LT_14|BELT_RESIDUAL_LT_8|PULLEY_NOMINAL_LT_13_5|PULLEY_RESIDUAL_LT_10
G-IN2.50-P07.00-OUT03.00,0.5,1,,C/C,O/O,2.5,7.0,3.0,16.5,54.0,90.5,4.0,2.0,12.5,6.5,11.5,5.5,13.0,9.5,12.0,8.5,40.0,PASS_95X140X5_REFERENCE,12.0,137.0,143.0,290.0,-145.0|145.0,12.5,False,FAIL,BELT_NOMINAL_LT_14|BELT_RESIDUAL_LT_8|PULLEY_NOMINAL_LT_13_5|PULLEY_RESIDUAL_LT_10
G-IN2.50-P07.00-OUT03.50,0.5,1,,C/C,O/O,2.5,7.0,3.5,16.5,54.0,91.0,4.0,2.0,12.5,6.5,12.0,6.0,13.0,9.5,12.5,9.0,39.5,PASS_95X140X5_REFERENCE,12.0,137.0,143.0,290.0,-145.0|145.0,13.0,False,FAIL,BELT_NOMINAL_LT_14|BELT_RESIDUAL_LT_8|PULLEY_NOMINAL_LT_13_5|PULLEY_RESIDUAL_LT_10
G-IN2.50-P07.00-OUT04.00,0.5,1,,C/C,O/O,2.5,7.0,4.0,16.5,54.0,91.5,4.0,2.0,12.5,6.5,12.5,6.5,13.0,9.5,13.0,9.5,39.0,PASS_95X140X5_REFERENCE,12.0,137.0,143.0,290.0,-145.0|145.0,13.5,False,FAIL,BELT_NOMINAL_LT_14|BELT_RESIDUAL_LT_8|PULLEY_NOMINAL_LT_13_5|PULLEY_RESIDUAL_LT_10
G-IN2.50-P07.00-OUT04.50,0.5,1,,C/C,O/O,2.5,7.0,4.5,16.5,54.0,92.0,4.0,2.0,12.5,6.5,13.0,7.0,13.0,9.5,13.5,10.0,38.5,PASS_95X140X5_REFERENCE,12.0,137.0,143.0,290.0,-145.0|145.0,14.0,False,FAIL,BELT_NOMINAL_LT_14|BELT_RESIDUAL_LT_8|PULLEY_NOMINAL_LT_13_5|PULLEY_RESIDUAL_LT_10
G-IN2.50-P07.00-OUT05.00,0.5,1,,C/C,O/O,2.5,7.0,5.0,16.5,54.0,92.5,4.0,2.0,12.5,6.5,13.5,7.5,13.0,9.5,14.0,10.5,38.0,PASS_95X140X5_REFERENCE,12.0,137.0,143.0,290.0,-145.0|145.0,14.5,False,FAIL,BELT_NOMINAL_LT_14|BELT_RESIDUAL_LT_8|PULLEY_NOMINAL_LT_13_5|PULLEY_RESIDUAL_LT_10
G-IN2.50-P07.00-OUT05.50,0.5,1,,C/C,O/O,2.5,7.0,5.5,16.5,54.0,93.0,4.0,2.0,12.5,6.5,14.0,8.0,13.0,9.5,14.5,11.0,37.5,PASS_95X140X5_REFERENCE,12.0,137.0,143.0,290.0,-145.0|145.0,15.0,False,FAIL,BELT_NOMINAL_LT_14|BELT_RESIDUAL_LT_8|PULLEY_NOMINAL_LT_13_5|PULLEY_RESIDUAL_LT_10
G-IN2.50-P07.00-OUT06.00,0.5,1,,C/C,O/O,2.5,7.0,6.0,16.5,54.0,93.5,4.0,2.0,12.5,6.5,14.5,8.5,13.0,9.5,15.0,11.5,37.0,PASS_95X140X5_REFERENCE,12.0,137.0,143.0,290.0,-145.0|145.0,15.5,False,FAIL,BELT_NOMINAL_LT_14|BELT_RESIDUAL_LT_8|PULLEY_NOMINAL_LT_13_5|PULLEY_RESIDUAL_LT_10
G-IN2.50-P07.00-OUT06.50,0.5,1,,C/C,O/O,2.5,7.0,6.5,16.5,54.0,94.0,4.0,2.0,12.5,6.5,15.0,9.0,13.0,9.5,15.5,12.0,36.5,PASS_95X140X5_REFERENCE,12.0,137.0,143.0,290.0,-145.0|145.0,16.0,False,FAIL,BELT_NOMINAL_LT_14|BELT_RESIDUAL_LT_8|PULLEY_NOMINAL_LT_13_5|PULLEY_RESIDUAL_LT_10
G-IN2.50-P07.00-OUT07.00,0.5,1,,C/C,O/O,2.5,7.0,7.0,16.5,54.0,94.5,4.0,2.0,12.5,6.5,15.5,9.5,13.0,9.5,16.0,12.5,36.0,PASS_95X140X5_REFERENCE,12.0,137.0,143.0,290.0,-145.0|145.0,16.5,False,FAIL,BELT_NOMINAL_LT_14|BELT_RESIDUAL_LT_8|PULLEY_NOMINAL_LT_13_5|PULLEY_RESIDUAL_LT_10
G-IN2.50-P07.00-OUT07.50,0.5,1,,C/C,O/O,2.5,7.0,7.5,16.5,54.0,95.0,4.0,2.0,12.5,6.5,16.0,10.0,13.0,9.5,16.5,13.0,35.5,PASS_95X140X5_REFERENCE,12.0,137.0,143.0,290.0,-145.0|145.0,17.0,False,FAIL,BELT_NOMINAL_LT_14|BELT_RESIDUAL_LT_8|PULLEY_NOMINAL_LT_13_5|PULLEY_RESIDUAL_LT_10
G-IN2.50-P07.00-OUT08.00,0.5,1,,C/C,O/O,2.5,7.0,8.0,16.5,54.0,95.5,4.0,2.0,12.5,6.5,16.5,10.5,13.0,9.5,17.0,13.5,35.0,PASS_95X140X5_REFERENCE,12.0,137.0,143.0,290.0,-145.0|145.0,17.5,False,FAIL,BELT_NOMINAL_LT_14|BELT_RESIDUAL_LT_8|PULLEY_NOMINAL_LT_13_5|PULLEY_RESIDUAL_LT_10
G-IN2.50-P07.00-OUT08.50,0.5,1,,C/C,O/O,2.5,7.0,8.5,16.5,54.0,96.0,4.0,2.0,12.5,6.5,17.0,11.0,13.0,9.5,17.5,14.0,34.5,PASS_95X140X5_REFERENCE,12.0,137.0,143.0,290.0,-145.0|145.0,18.0,False,FAIL,BELT_NOMINAL_LT_14|BELT_RESIDUAL_LT_8|PULLEY_NOMINAL_LT_13_5|PULLEY_RESIDUAL_LT_10
G-IN2.50-P07.00-OUT09.00,0.5,1,,C/C,O/O,2.5,7.0,9.0,16.5,54.0,96.5,4.0,2.0,12.5,6.5,17.5,11.5,13.0,9.5,18.0,14.5,34.0,PASS_95X140X5_REFERENCE,12.0,137.0,143.0,290.0,-145.0|145.0,18.5,False,FAIL,BELT_NOMINAL_LT_14|BELT_RESIDUAL_LT_8|PULLEY_NOMINAL_LT_13_5|PULLEY_RESIDUAL_LT_10
G-IN2.50-P07.00-OUT09.50,0.5,1,,C/C,O/O,2.5,7.0,9.5,16.5,54.0,97.0,4.0,2.0,12.5,6.5,18.0,12.0,13.0,9.5,18.5,15.0,33.5,PASS_95X140X5_REFERENCE,12.0,137.0,143.0,290.0,-145.0|145.0,19.0,False,FAIL,BELT_NOMINAL_LT_14|BELT_RESIDUAL_LT_8|PULLEY_NOMINAL_LT_13_5|PULLEY_RESIDUAL_LT_10
G-IN2.50-P07.00-OUT10.00,0.5,1,,C/C,O/O,2.5,7.0,10.0,16.5,54.0,97.5,4.0,2.0,12.5,6.5,18.5,12.5,13.0,9.5,19.0,15.5,33.0,PASS_95X140X5_REFERENCE,12.0,137.0,143.0,290.0,-145.0|145.0,19.5,False,FAIL,BELT_NOMINAL_LT_14|BELT_RESIDUAL_LT_8|PULLEY_NOMINAL_LT_13_5|PULLEY_RESIDUAL_LT_10
G-IN2.50-P07.50-OUT03.00,0.5,1,,C/C,O/O,2.5,7.5,3.0,16.5,54.5,90.5,4.0,2.0,13.0,7.0,11.0,5.0,13.5,10.0,11.5,8.0,40.0,PASS_95X140X5_REFERENCE,12.0,137.0,143.0,290.0,-145.0|145.0,13.0,False,FAIL,BELT_NOMINAL_LT_14|BELT_RESIDUAL_LT_8|PULLEY_NOMINAL_LT_13_5|PULLEY_RESIDUAL_LT_10
G-IN2.50-P07.50-OUT03.50,0.5,1,,C/C,O/O,2.5,7.5,3.5,16.5,54.5,91.0,4.0,2.0,13.0,7.0,11.5,5.5,13.5,10.0,12.0,8.5,39.5,PASS_95X140X5_REFERENCE,12.0,137.0,143.0,290.0,-145.0|145.0,13.5,False,FAIL,BELT_NOMINAL_LT_14|BELT_RESIDUAL_LT_8|PULLEY_NOMINAL_LT_13_5|PULLEY_RESIDUAL_LT_10
G-IN2.50-P07.50-OUT04.00,0.5,1,,C/C,O/O,2.5,7.5,4.0,16.5,54.5,91.5,4.0,2.0,13.0,7.0,12.0,6.0,13.5,10.0,12.5,9.0,39.0,PASS_95X140X5_REFERENCE,12.0,137.0,143.0,290.0,-145.0|145.0,14.0,False,FAIL,BELT_NOMINAL_LT_14|BELT_RESIDUAL_LT_8|PULLEY_NOMINAL_LT_13_5|PULLEY_RESIDUAL_LT_10
G-IN2.50-P07.50-OUT04.50,0.5,1,,C/C,O/O,2.5,7.5,4.5,16.5,54.5,92.0,4.0,2.0,13.0,7.0,12.5,6.5,13.5,10.0,13.0,9.5,38.5,PASS_95X140X5_REFERENCE,12.0,137.0,143.0,290.0,-145.0|145.0,14.5,False,FAIL,BELT_NOMINAL_LT_14|BELT_RESIDUAL_LT_8|PULLEY_NOMINAL_LT_13_5|PULLEY_RESIDUAL_LT_10
G-IN2.50-P07.50-OUT05.00,0.5,1,,C/C,O/O,2.5,7.5,5.0,16.5,54.5,92.5,4.0,2.0,13.0,7.0,13.0,7.0,13.5,10.0,13.5,10.0,38.0,PASS_95X140X5_REFERENCE,12.0,137.0,143.0,290.0,-145.0|145.0,15.0,False,FAIL,BELT_NOMINAL_LT_14|BELT_RESIDUAL_LT_8
G-IN2.50-P07.50-OUT05.50,0.5,1,,C/C,O/O,2.5,7.5,5.5,16.5,54.5,93.0,4.0,2.0,13.0,7.0,13.5,7.5,13.5,10.0,14.0,10.5,37.5,PASS_95X140X5_REFERENCE,12.0,137.0,143.0,290.0,-145.0|145.0,15.5,False,FAIL,BELT_NOMINAL_LT_14|BELT_RESIDUAL_LT_8
G-IN2.50-P07.50-OUT06.00,0.5,1,,C/C,O/O,2.5,7.5,6.0,16.5,54.5,93.5,4.0,2.0,13.0,7.0,14.0,8.0,13.5,10.0,14.5,11.0,37.0,PASS_95X140X5_REFERENCE,12.0,137.0,143.0,290.0,-145.0|145.0,16.0,False,FAIL,BELT_NOMINAL_LT_14|BELT_RESIDUAL_LT_8
G-IN2.50-P07.50-OUT06.50,0.5,1,,C/C,O/O,2.5,7.5,6.5,16.5,54.5,94.0,4.0,2.0,13.0,7.0,14.5,8.5,13.5,10.0,15.0,11.5,36.5,PASS_95X140X5_REFERENCE,12.0,137.0,143.0,290.0,-145.0|145.0,16.5,False,FAIL,BELT_NOMINAL_LT_14|BELT_RESIDUAL_LT_8
G-IN2.50-P07.50-OUT07.00,0.5,1,,C/C,O/O,2.5,7.5,7.0,16.5,54.5,94.5,4.0,2.0,13.0,7.0,15.0,9.0,13.5,10.0,15.5,12.0,36.0,PASS_95X140X5_REFERENCE,12.0,137.0,143.0,290.0,-145.0|145.0,17.0,False,FAIL,BELT_NOMINAL_LT_14|BELT_RESIDUAL_LT_8
G-IN2.50-P07.50-OUT07.50,0.5,1,,C/C,O/O,2.5,7.5,7.5,16.5,54.5,95.0,4.0,2.0,13.0,7.0,15.5,9.5,13.5,10.0,16.0,12.5,35.5,PASS_95X140X5_REFERENCE,12.0,137.0,143.0,290.0,-145.0|145.0,17.5,False,FAIL,BELT_NOMINAL_LT_14|BELT_RESIDUAL_LT_8
G-IN2.50-P07.50-OUT08.00,0.5,1,,C/C,O/O,2.5,7.5,8.0,16.5,54.5,95.5,4.0,2.0,13.0,7.0,16.0,10.0,13.5,10.0,16.5,13.0,35.0,PASS_95X140X5_REFERENCE,12.0,137.0,143.0,290.0,-145.0|145.0,18.0,False,FAIL,BELT_NOMINAL_LT_14|BELT_RESIDUAL_LT_8
G-IN2.50-P07.50-OUT08.50,0.5,1,,C/C,O/O,2.5,7.5,8.5,16.5,54.5,96.0,4.0,2.0,13.0,7.0,16.5,10.5,13.5,10.0,17.0,13.5,34.5,PASS_95X140X5_REFERENCE,12.0,137.0,143.0,290.0,-145.0|145.0,18.5,False,FAIL,BELT_NOMINAL_LT_14|BELT_RESIDUAL_LT_8
G-IN2.50-P07.50-OUT09.00,0.5,1,,C/C,O/O,2.5,7.5,9.0,16.5,54.5,96.5,4.0,2.0,13.0,7.0,17.0,11.0,13.5,10.0,17.5,14.0,34.0,PASS_95X140X5_REFERENCE,12.0,137.0,143.0,290.0,-145.0|145.0,19.0,False,FAIL,BELT_NOMINAL_LT_14|BELT_RESIDUAL_LT_8
G-IN2.50-P07.50-OUT09.50,0.5,1,,C/C,O/O,2.5,7.5,9.5,16.5,54.5,97.0,4.0,2.0,13.0,7.0,17.5,11.5,13.5,10.0,18.0,14.5,33.5,PASS_95X140X5_REFERENCE,12.0,137.0,143.0,290.0,-145.0|145.0,19.5,False,FAIL,BELT_NOMINAL_LT_14|BELT_RESIDUAL_LT_8
G-IN2.50-P07.50-OUT10.00,0.5,1,,C/C,O/O,2.5,7.5,10.0,16.5,54.5,97.5,4.0,2.0,13.0,7.0,18.0,12.0,13.5,10.0,18.5,15.0,33.0,PASS_95X140X5_REFERENCE,12.0,137.0,143.0,290.0,-145.0|145.0,20.0,False,FAIL,BELT_NOMINAL_LT_14|BELT_RESIDUAL_LT_8
G-IN2.50-P08.00-OUT03.00,0.5,1,,C/C,O/O,2.5,8.0,3.0,16.5,55.0,90.5,4.0,2.0,13.5,7.5,10.5,4.5,14.0,10.5,11.0,7.5,40.0,PASS_95X140X5_REFERENCE,12.0,137.0,143.0,290.0,-145.0|145.0,13.5,False,FAIL,BELT_NOMINAL_LT_14|BELT_RESIDUAL_LT_8|PULLEY_NOMINAL_LT_13_5|PULLEY_RESIDUAL_LT_10
G-IN2.50-P08.00-OUT03.50,0.5,1,,C/C,O/O,2.5,8.0,3.5,16.5,55.0,91.0,4.0,2.0,13.5,7.5,11.0,5.0,14.0,10.5,11.5,8.0,39.5,PASS_95X140X5_REFERENCE,12.0,137.0,143.0,290.0,-145.0|145.0,14.0,False,FAIL,BELT_NOMINAL_LT_14|BELT_RESIDUAL_LT_8|PULLEY_NOMINAL_LT_13_5|PULLEY_RESIDUAL_LT_10
G-IN2.50-P08.00-OUT04.00,0.5,1,,C/C,O/O,2.5,8.0,4.0,16.5,55.0,91.5,4.0,2.0,13.5,7.5,11.5,5.5,14.0,10.5,12.0,8.5,39.0,PASS_95X140X5_REFERENCE,12.0,137.0,143.0,290.0,-145.0|145.0,14.5,False,FAIL,BELT_NOMINAL_LT_14|BELT_RESIDUAL_LT_8|PULLEY_NOMINAL_LT_13_5|PULLEY_RESIDUAL_LT_10
G-IN2.50-P08.00-OUT04.50,0.5,1,,C/C,O/O,2.5,8.0,4.5,16.5,55.0,92.0,4.0,2.0,13.5,7.5,12.0,6.0,14.0,10.5,12.5,9.0,38.5,PASS_95X140X5_REFERENCE,12.0,137.0,143.0,290.0,-145.0|145.0,15.0,False,FAIL,BELT_NOMINAL_LT_14|BELT_RESIDUAL_LT_8|PULLEY_NOMINAL_LT_13_5|PULLEY_RESIDUAL_LT_10
G-IN2.50-P08.00-OUT05.00,0.5,1,,C/C,O/O,2.5,8.0,5.0,16.5,55.0,92.5,4.0,2.0,13.5,7.5,12.5,6.5,14.0,10.5,13.0,9.5,38.0,PASS_95X140X5_REFERENCE,12.0,137.0,143.0,290.0,-145.0|145.0,15.5,False,FAIL,BELT_NOMINAL_LT_14|BELT_RESIDUAL_LT_8|PULLEY_NOMINAL_LT_13_5|PULLEY_RESIDUAL_LT_10
G-IN2.50-P08.00-OUT05.50,0.5,1,,C/C,O/O,2.5,8.0,5.5,16.5,55.0,93.0,4.0,2.0,13.5,7.5,13.0,7.0,14.0,10.5,13.5,10.0,37.5,PASS_95X140X5_REFERENCE,12.0,137.0,143.0,290.0,-145.0|145.0,16.0,False,FAIL,BELT_NOMINAL_LT_14|BELT_RESIDUAL_LT_8
G-IN2.50-P08.00-OUT06.00,0.5,1,,C/C,O/O,2.5,8.0,6.0,16.5,55.0,93.5,4.0,2.0,13.5,7.5,13.5,7.5,14.0,10.5,14.0,10.5,37.0,PASS_95X140X5_REFERENCE,12.0,137.0,143.0,290.0,-145.0|145.0,16.5,False,FAIL,BELT_NOMINAL_LT_14|BELT_RESIDUAL_LT_8
G-IN2.50-P08.00-OUT06.50,0.5,1,,C/C,O/O,2.5,8.0,6.5,16.5,55.0,94.0,4.0,2.0,13.5,7.5,14.0,8.0,14.0,10.5,14.5,11.0,36.5,PASS_95X140X5_REFERENCE,12.0,137.0,143.0,290.0,-145.0|145.0,17.0,False,FAIL,BELT_NOMINAL_LT_14|BELT_RESIDUAL_LT_8
G-IN2.50-P08.00-OUT07.00,0.5,1,,C/C,O/O,2.5,8.0,7.0,16.5,55.0,94.5,4.0,2.0,13.5,7.5,14.5,8.5,14.0,10.5,15.0,11.5,36.0,PASS_95X140X5_REFERENCE,12.0,137.0,143.0,290.0,-145.0|145.0,17.5,False,FAIL,BELT_NOMINAL_LT_14|BELT_RESIDUAL_LT_8
G-IN2.50-P08.00-OUT07.50,0.5,1,,C/C,O/O,2.5,8.0,7.5,16.5,55.0,95.0,4.0,2.0,13.5,7.5,15.0,9.0,14.0,10.5,15.5,12.0,35.5,PASS_95X140X5_REFERENCE,12.0,137.0,143.0,290.0,-145.0|145.0,18.0,False,FAIL,BELT_NOMINAL_LT_14|BELT_RESIDUAL_LT_8
G-IN2.50-P08.00-OUT08.00,0.5,1,,C/C,O/O,2.5,8.0,8.0,16.5,55.0,95.5,4.0,2.0,13.5,7.5,15.5,9.5,14.0,10.5,16.0,12.5,35.0,PASS_95X140X5_REFERENCE,12.0,137.0,143.0,290.0,-145.0|145.0,18.5,False,FAIL,BELT_NOMINAL_LT_14|BELT_RESIDUAL_LT_8
G-IN2.50-P08.00-OUT08.50,0.5,1,,C/C,O/O,2.5,8.0,8.5,16.5,55.0,96.0,4.0,2.0,13.5,7.5,16.0,10.0,14.0,10.5,16.5,13.0,34.5,PASS_95X140X5_REFERENCE,12.0,137.0,143.0,290.0,-145.0|145.0,19.0,False,FAIL,BELT_NOMINAL_LT_14|BELT_RESIDUAL_LT_8
G-IN2.50-P08.00-OUT09.00,0.5,1,,C/C,O/O,2.5,8.0,9.0,16.5,55.0,96.5,4.0,2.0,13.5,7.5,16.5,10.5,14.0,10.5,17.0,13.5,34.0,PASS_95X140X5_REFERENCE,12.0,137.0,143.0,290.0,-145.0|145.0,19.5,False,FAIL,BELT_NOMINAL_LT_14|BELT_RESIDUAL_LT_8
G-IN2.50-P08.00-OUT09.50,0.5,1,,C/C,O/O,2.5,8.0,9.5,16.5,55.0,97.0,4.0,2.0,13.5,7.5,17.0,11.0,14.0,10.5,17.5,14.0,33.5,PASS_95X140X5_REFERENCE,12.0,137.0,143.0,290.0,-145.0|145.0,20.0,False,FAIL,BELT_NOMINAL_LT_14|BELT_RESIDUAL_LT_8
G-IN2.50-P08.00-OUT10.00,0.5,1,,C/C,O/O,2.5,8.0,10.0,16.5,55.0,97.5,4.0,2.0,13.5,7.5,17.5,11.5,14.0,10.5,18.0,14.5,33.0,PASS_95X140X5_REFERENCE,12.0,137.0,143.0,290.0,-145.0|145.0,20.5,False,FAIL,BELT_NOMINAL_LT_14|BELT_RESIDUAL_LT_8
G-IN2.50-P08.50-OUT03.00,0.5,1,,C/C,O/O,2.5,8.5,3.0,16.5,55.5,90.5,4.0,2.0,14.0,8.0,10.0,4.0,14.5,11.0,10.5,7.0,40.0,PASS_95X140X5_REFERENCE,12.0,137.0,143.0,290.0,-145.0|145.0,14.0,False,FAIL,BELT_NOMINAL_LT_14|BELT_RESIDUAL_LT_8|PULLEY_NOMINAL_LT_13_5|PULLEY_RESIDUAL_LT_10
G-IN2.50-P08.50-OUT03.50,0.5,1,,C/C,O/O,2.5,8.5,3.5,16.5,55.5,91.0,4.0,2.0,14.0,8.0,10.5,4.5,14.5,11.0,11.0,7.5,39.5,PASS_95X140X5_REFERENCE,12.0,137.0,143.0,290.0,-145.0|145.0,14.5,False,FAIL,BELT_NOMINAL_LT_14|BELT_RESIDUAL_LT_8|PULLEY_NOMINAL_LT_13_5|PULLEY_RESIDUAL_LT_10
G-IN2.50-P08.50-OUT04.00,0.5,1,,C/C,O/O,2.5,8.5,4.0,16.5,55.5,91.5,4.0,2.0,14.0,8.0,11.0,5.0,14.5,11.0,11.5,8.0,39.0,PASS_95X140X5_REFERENCE,12.0,137.0,143.0,290.0,-145.0|145.0,15.0,False,FAIL,BELT_NOMINAL_LT_14|BELT_RESIDUAL_LT_8|PULLEY_NOMINAL_LT_13_5|PULLEY_RESIDUAL_LT_10
G-IN2.50-P08.50-OUT04.50,0.5,1,,C/C,O/O,2.5,8.5,4.5,16.5,55.5,92.0,4.0,2.0,14.0,8.0,11.5,5.5,14.5,11.0,12.0,8.5,38.5,PASS_95X140X5_REFERENCE,12.0,137.0,143.0,290.0,-145.0|145.0,15.5,False,FAIL,BELT_NOMINAL_LT_14|BELT_RESIDUAL_LT_8|PULLEY_NOMINAL_LT_13_5|PULLEY_RESIDUAL_LT_10
G-IN2.50-P08.50-OUT05.00,0.5,1,,C/C,O/O,2.5,8.5,5.0,16.5,55.5,92.5,4.0,2.0,14.0,8.0,12.0,6.0,14.5,11.0,12.5,9.0,38.0,PASS_95X140X5_REFERENCE,12.0,137.0,143.0,290.0,-145.0|145.0,16.0,False,FAIL,BELT_NOMINAL_LT_14|BELT_RESIDUAL_LT_8|PULLEY_NOMINAL_LT_13_5|PULLEY_RESIDUAL_LT_10
G-IN2.50-P08.50-OUT05.50,0.5,1,,C/C,O/O,2.5,8.5,5.5,16.5,55.5,93.0,4.0,2.0,14.0,8.0,12.5,6.5,14.5,11.0,13.0,9.5,37.5,PASS_95X140X5_REFERENCE,12.0,137.0,143.0,290.0,-145.0|145.0,16.5,False,FAIL,BELT_NOMINAL_LT_14|BELT_RESIDUAL_LT_8|PULLEY_NOMINAL_LT_13_5|PULLEY_RESIDUAL_LT_10
G-IN2.50-P08.50-OUT06.00,0.5,1,,C/C,O/O,2.5,8.5,6.0,16.5,55.5,93.5,4.0,2.0,14.0,8.0,13.0,7.0,14.5,11.0,13.5,10.0,37.0,PASS_95X140X5_REFERENCE,12.0,137.0,143.0,290.0,-145.0|145.0,17.0,False,FAIL,BELT_NOMINAL_LT_14|BELT_RESIDUAL_LT_8
G-IN2.50-P08.50-OUT06.50,0.5,1,,C/C,O/O,2.5,8.5,6.5,16.5,55.5,94.0,4.0,2.0,14.0,8.0,13.5,7.5,14.5,11.0,14.0,10.5,36.5,PASS_95X140X5_REFERENCE,12.0,137.0,143.0,290.0,-145.0|145.0,17.5,False,FAIL,BELT_NOMINAL_LT_14|BELT_RESIDUAL_LT_8
R1-IN2.50-P8.50-OUT7.00,0.5,1,R1,C/C,O/O,2.5,8.5,7.0,16.5,55.5,94.5,4.0,2.0,14.0,8.0,14.0,8.0,14.5,11.0,14.5,11.0,36.0,PASS_95X140X5_REFERENCE,12.0,137.0,143.0,290.0,-145.0|145.0,18.0,True,ROBUST_CONDITIONAL_PASS_CANDIDATE,
G-IN2.50-P08.50-OUT07.50,0.5,1,,C/C,O/O,2.5,8.5,7.5,16.5,55.5,95.0,4.0,2.0,14.0,8.0,14.5,8.5,14.5,11.0,15.0,11.5,35.5,PASS_95X140X5_REFERENCE,12.0,137.0,143.0,290.0,-145.0|145.0,18.5,True,ROBUST_CONDITIONAL_PASS_CANDIDATE,
G-IN2.50-P08.50-OUT08.00,0.5,1,,C/C,O/O,2.5,8.5,8.0,16.5,55.5,95.5,4.0,2.0,14.0,8.0,15.0,9.0,14.5,11.0,15.5,12.0,35.0,PASS_95X140X5_REFERENCE,12.0,137.0,143.0,290.0,-145.0|145.0,19.0,True,ROBUST_CONDITIONAL_PASS_CANDIDATE,
G-IN2.50-P08.50-OUT08.50,0.5,1,,C/C,O/O,2.5,8.5,8.5,16.5,55.5,96.0,4.0,2.0,14.0,8.0,15.5,9.5,14.5,11.0,16.0,12.5,34.5,PASS_95X140X5_REFERENCE,12.0,137.0,143.0,290.0,-145.0|145.0,19.5,True,ROBUST_CONDITIONAL_PASS_CANDIDATE,
G-IN2.50-P08.50-OUT09.00,0.5,1,,C/C,O/O,2.5,8.5,9.0,16.5,55.5,96.5,4.0,2.0,14.0,8.0,16.0,10.0,14.5,11.0,16.5,13.0,34.0,PASS_95X140X5_REFERENCE,12.0,137.0,143.0,290.0,-145.0|145.0,20.0,True,ROBUST_CONDITIONAL_PASS_CANDIDATE,
G-IN2.50-P08.50-OUT09.50,0.5,1,,C/C,O/O,2.5,8.5,9.5,16.5,55.5,97.0,4.0,2.0,14.0,8.0,16.5,10.5,14.5,11.0,17.0,13.5,33.5,PASS_95X140X5_REFERENCE,12.0,137.0,143.0,290.0,-145.0|145.0,20.5,True,ROBUST_CONDITIONAL_PASS_CANDIDATE,
G-IN2.50-P08.50-OUT10.00,0.5,1,,C/C,O/O,2.5,8.5,10.0,16.5,55.5,97.5,4.0,2.0,14.0,8.0,17.0,11.0,14.5,11.0,17.5,14.0,33.0,PASS_95X140X5_REFERENCE,12.0,137.0,143.0,290.0,-145.0|145.0,21.0,True,ROBUST_CONDITIONAL_PASS_CANDIDATE,
G-IN2.50-P09.00-OUT03.00,0.5,1,,C/C,O/O,2.5,9.0,3.0,16.5,56.0,90.5,4.0,2.0,14.5,8.5,9.5,3.5,15.0,11.5,10.0,6.5,40.0,PASS_95X140X5_REFERENCE,12.0,137.0,143.0,290.0,-145.0|145.0,14.5,False,FAIL,BELT_NOMINAL_LT_14|BELT_RESIDUAL_LT_8|PULLEY_NOMINAL_LT_13_5|PULLEY_RESIDUAL_LT_10
G-IN2.50-P09.00-OUT03.50,0.5,1,,C/C,O/O,2.5,9.0,3.5,16.5,56.0,91.0,4.0,2.0,14.5,8.5,10.0,4.0,15.0,11.5,10.5,7.0,39.5,PASS_95X140X5_REFERENCE,12.0,137.0,143.0,290.0,-145.0|145.0,15.0,False,FAIL,BELT_NOMINAL_LT_14|BELT_RESIDUAL_LT_8|PULLEY_NOMINAL_LT_13_5|PULLEY_RESIDUAL_LT_10
G-IN2.50-P09.00-OUT04.00,0.5,1,,C/C,O/O,2.5,9.0,4.0,16.5,56.0,91.5,4.0,2.0,14.5,8.5,10.5,4.5,15.0,11.5,11.0,7.5,39.0,PASS_95X140X5_REFERENCE,12.0,137.0,143.0,290.0,-145.0|145.0,15.5,False,FAIL,BELT_NOMINAL_LT_14|BELT_RESIDUAL_LT_8|PULLEY_NOMINAL_LT_13_5|PULLEY_RESIDUAL_LT_10
G-IN2.50-P09.00-OUT04.50,0.5,1,,C/C,O/O,2.5,9.0,4.5,16.5,56.0,92.0,4.0,2.0,14.5,8.5,11.0,5.0,15.0,11.5,11.5,8.0,38.5,PASS_95X140X5_REFERENCE,12.0,137.0,143.0,290.0,-145.0|145.0,16.0,False,FAIL,BELT_NOMINAL_LT_14|BELT_RESIDUAL_LT_8|PULLEY_NOMINAL_LT_13_5|PULLEY_RESIDUAL_LT_10
G-IN2.50-P09.00-OUT05.00,0.5,1,,C/C,O/O,2.5,9.0,5.0,16.5,56.0,92.5,4.0,2.0,14.5,8.5,11.5,5.5,15.0,11.5,12.0,8.5,38.0,PASS_95X140X5_REFERENCE,12.0,137.0,143.0,290.0,-145.0|145.0,16.5,False,FAIL,BELT_NOMINAL_LT_14|BELT_RESIDUAL_LT_8|PULLEY_NOMINAL_LT_13_5|PULLEY_RESIDUAL_LT_10
G-IN2.50-P09.00-OUT05.50,0.5,1,,C/C,O/O,2.5,9.0,5.5,16.5,56.0,93.0,4.0,2.0,14.5,8.5,12.0,6.0,15.0,11.5,12.5,9.0,37.5,PASS_95X140X5_REFERENCE,12.0,137.0,143.0,290.0,-145.0|145.0,17.0,False,FAIL,BELT_NOMINAL_LT_14|BELT_RESIDUAL_LT_8|PULLEY_NOMINAL_LT_13_5|PULLEY_RESIDUAL_LT_10
G-IN2.50-P09.00-OUT06.00,0.5,1,,C/C,O/O,2.5,9.0,6.0,16.5,56.0,93.5,4.0,2.0,14.5,8.5,12.5,6.5,15.0,11.5,13.0,9.5,37.0,PASS_95X140X5_REFERENCE,12.0,137.0,143.0,290.0,-145.0|145.0,17.5,False,FAIL,BELT_NOMINAL_LT_14|BELT_RESIDUAL_LT_8|PULLEY_NOMINAL_LT_13_5|PULLEY_RESIDUAL_LT_10
G-IN2.50-P09.00-OUT06.50,0.5,1,,C/C,O/O,2.5,9.0,6.5,16.5,56.0,94.0,4.0,2.0,14.5,8.5,13.0,7.0,15.0,11.5,13.5,10.0,36.5,PASS_95X140X5_REFERENCE,12.0,137.0,143.0,290.0,-145.0|145.0,18.0,False,FAIL,BELT_NOMINAL_LT_14|BELT_RESIDUAL_LT_8
G-IN2.50-P09.00-OUT07.00,0.5,1,,C/C,O/O,2.5,9.0,7.0,16.5,56.0,94.5,4.0,2.0,14.5,8.5,13.5,7.5,15.0,11.5,14.0,10.5,36.0,PASS_95X140X5_REFERENCE,12.0,137.0,143.0,290.0,-145.0|145.0,18.5,False,FAIL,BELT_NOMINAL_LT_14|BELT_RESIDUAL_LT_8
G-IN2.50-P09.00-OUT07.50,0.5,1,,C/C,O/O,2.5,9.0,7.5,16.5,56.0,95.0,4.0,2.0,14.5,8.5,14.0,8.0,15.0,11.5,14.5,11.0,35.5,PASS_95X140X5_REFERENCE,12.0,137.0,143.0,290.0,-145.0|145.0,19.0,True,ROBUST_CONDITIONAL_PASS_CANDIDATE,
G-IN2.50-P09.00-OUT08.00,0.5,1,,C/C,O/O,2.5,9.0,8.0,16.5,56.0,95.5,4.0,2.0,14.5,8.5,14.5,8.5,15.0,11.5,15.0,11.5,35.0,PASS_95X140X5_REFERENCE,12.0,137.0,143.0,290.0,-145.0|145.0,19.5,True,ROBUST_CONDITIONAL_PASS_CANDIDATE,
G-IN2.50-P09.00-OUT08.50,0.5,1,,C/C,O/O,2.5,9.0,8.5,16.5,56.0,96.0,4.0,2.0,14.5,8.5,15.0,9.0,15.0,11.5,15.5,12.0,34.5,PASS_95X140X5_REFERENCE,12.0,137.0,143.0,290.0,-145.0|145.0,20.0,True,ROBUST_CONDITIONAL_PASS_CANDIDATE,
G-IN2.50-P09.00-OUT09.00,0.5,1,,C/C,O/O,2.5,9.0,9.0,16.5,56.0,96.5,4.0,2.0,14.5,8.5,15.5,9.5,15.0,11.5,16.0,12.5,34.0,PASS_95X140X5_REFERENCE,12.0,137.0,143.0,290.0,-145.0|145.0,20.5,True,ROBUST_CONDITIONAL_PASS_CANDIDATE,
G-IN2.50-P09.00-OUT09.50,0.5,1,,C/C,O/O,2.5,9.0,9.5,16.5,56.0,97.0,4.0,2.0,14.5,8.5,16.0,10.0,15.0,11.5,16.5,13.0,33.5,PASS_95X140X5_REFERENCE,12.0,137.0,143.0,290.0,-145.0|145.0,21.0,True,ROBUST_CONDITIONAL_PASS_CANDIDATE,
G-IN2.50-P09.00-OUT10.00,0.5,1,,C/C,O/O,2.5,9.0,10.0,16.5,56.0,97.5,4.0,2.0,14.5,8.5,16.5,10.5,15.0,11.5,17.0,13.5,33.0,PASS_95X140X5_REFERENCE,12.0,137.0,143.0,290.0,-145.0|145.0,21.5,True,ROBUST_CONDITIONAL_PASS_CANDIDATE,
G-IN2.50-P09.50-OUT03.00,0.5,1,,C/C,O/O,2.5,9.5,3.0,16.5,56.5,90.5,4.0,2.0,15.0,9.0,9.0,3.0,15.5,12.0,9.5,6.0,40.0,PASS_95X140X5_REFERENCE,12.0,137.0,143.0,290.0,-145.0|145.0,15.0,False,FAIL,BELT_NOMINAL_LT_14|BELT_RESIDUAL_LT_8|PULLEY_NOMINAL_LT_13_5|PULLEY_RESIDUAL_LT_10
G-IN2.50-P09.50-OUT03.50,0.5,1,,C/C,O/O,2.5,9.5,3.5,16.5,56.5,91.0,4.0,2.0,15.0,9.0,9.5,3.5,15.5,12.0,10.0,6.5,39.5,PASS_95X140X5_REFERENCE,12.0,137.0,143.0,290.0,-145.0|145.0,15.5,False,FAIL,BELT_NOMINAL_LT_14|BELT_RESIDUAL_LT_8|PULLEY_NOMINAL_LT_13_5|PULLEY_RESIDUAL_LT_10
G-IN2.50-P09.50-OUT04.00,0.5,1,,C/C,O/O,2.5,9.5,4.0,16.5,56.5,91.5,4.0,2.0,15.0,9.0,10.0,4.0,15.5,12.0,10.5,7.0,39.0,PASS_95X140X5_REFERENCE,12.0,137.0,143.0,290.0,-145.0|145.0,16.0,False,FAIL,BELT_NOMINAL_LT_14|BELT_RESIDUAL_LT_8|PULLEY_NOMINAL_LT_13_5|PULLEY_RESIDUAL_LT_10
G-IN2.50-P09.50-OUT04.50,0.5,1,,C/C,O/O,2.5,9.5,4.5,16.5,56.5,92.0,4.0,2.0,15.0,9.0,10.5,4.5,15.5,12.0,11.0,7.5,38.5,PASS_95X140X5_REFERENCE,12.0,137.0,143.0,290.0,-145.0|145.0,16.5,False,FAIL,BELT_NOMINAL_LT_14|BELT_RESIDUAL_LT_8|PULLEY_NOMINAL_LT_13_5|PULLEY_RESIDUAL_LT_10
G-IN2.50-P09.50-OUT05.00,0.5,1,,C/C,O/O,2.5,9.5,5.0,16.5,56.5,92.5,4.0,2.0,15.0,9.0,11.0,5.0,15.5,12.0,11.5,8.0,38.0,PASS_95X140X5_REFERENCE,12.0,137.0,143.0,290.0,-145.0|145.0,17.0,False,FAIL,BELT_NOMINAL_LT_14|BELT_RESIDUAL_LT_8|PULLEY_NOMINAL_LT_13_5|PULLEY_RESIDUAL_LT_10
G-IN2.50-P09.50-OUT05.50,0.5,1,,C/C,O/O,2.5,9.5,5.5,16.5,56.5,93.0,4.0,2.0,15.0,9.0,11.5,5.5,15.5,12.0,12.0,8.5,37.5,PASS_95X140X5_REFERENCE,12.0,137.0,143.0,290.0,-145.0|145.0,17.5,False,FAIL,BELT_NOMINAL_LT_14|BELT_RESIDUAL_LT_8|PULLEY_NOMINAL_LT_13_5|PULLEY_RESIDUAL_LT_10
G-IN2.50-P09.50-OUT06.00,0.5,1,,C/C,O/O,2.5,9.5,6.0,16.5,56.5,93.5,4.0,2.0,15.0,9.0,12.0,6.0,15.5,12.0,12.5,9.0,37.0,PASS_95X140X5_REFERENCE,12.0,137.0,143.0,290.0,-145.0|145.0,18.0,False,FAIL,BELT_NOMINAL_LT_14|BELT_RESIDUAL_LT_8|PULLEY_NOMINAL_LT_13_5|PULLEY_RESIDUAL_LT_10
G-IN2.50-P09.50-OUT06.50,0.5,1,,C/C,O/O,2.5,9.5,6.5,16.5,56.5,94.0,4.0,2.0,15.0,9.0,12.5,6.5,15.5,12.0,13.0,9.5,36.5,PASS_95X140X5_REFERENCE,12.0,137.0,143.0,290.0,-145.0|145.0,18.5,False,FAIL,BELT_NOMINAL_LT_14|BELT_RESIDUAL_LT_8|PULLEY_NOMINAL_LT_13_5|PULLEY_RESIDUAL_LT_10
G-IN2.50-P09.50-OUT07.00,0.5,1,,C/C,O/O,2.5,9.5,7.0,16.5,56.5,94.5,4.0,2.0,15.0,9.0,13.0,7.0,15.5,12.0,13.5,10.0,36.0,PASS_95X140X5_REFERENCE,12.0,137.0,143.0,290.0,-145.0|145.0,19.0,False,FAIL,BELT_NOMINAL_LT_14|BELT_RESIDUAL_LT_8
G-IN2.50-P09.50-OUT07.50,0.5,1,,C/C,O/O,2.5,9.5,7.5,16.5,56.5,95.0,4.0,2.0,15.0,9.0,13.5,7.5,15.5,12.0,14.0,10.5,35.5,PASS_95X140X5_REFERENCE,12.0,137.0,143.0,290.0,-145.0|145.0,19.5,False,FAIL,BELT_NOMINAL_LT_14|BELT_RESIDUAL_LT_8
G-IN2.50-P09.50-OUT08.00,0.5,1,,C/C,O/O,2.5,9.5,8.0,16.5,56.5,95.5,4.0,2.0,15.0,9.0,14.0,8.0,15.5,12.0,14.5,11.0,35.0,PASS_95X140X5_REFERENCE,12.0,137.0,143.0,290.0,-145.0|145.0,20.0,True,ROBUST_CONDITIONAL_PASS_CANDIDATE,
G-IN2.50-P09.50-OUT08.50,0.5,1,,C/C,O/O,2.5,9.5,8.5,16.5,56.5,96.0,4.0,2.0,15.0,9.0,14.5,8.5,15.5,12.0,15.0,11.5,34.5,PASS_95X140X5_REFERENCE,12.0,137.0,143.0,290.0,-145.0|145.0,20.5,True,ROBUST_CONDITIONAL_PASS_CANDIDATE,
G-IN2.50-P09.50-OUT09.00,0.5,1,,C/C,O/O,2.5,9.5,9.0,16.5,56.5,96.5,4.0,2.0,15.0,9.0,15.0,9.0,15.5,12.0,15.5,12.0,34.0,PASS_95X140X5_REFERENCE,12.0,137.0,143.0,290.0,-145.0|145.0,21.0,True,ROBUST_CONDITIONAL_PASS_CANDIDATE,
G-IN2.50-P09.50-OUT09.50,0.5,1,,C/C,O/O,2.5,9.5,9.5,16.5,56.5,97.0,4.0,2.0,15.0,9.0,15.5,9.5,15.5,12.0,16.0,12.5,33.5,PASS_95X140X5_REFERENCE,12.0,137.0,143.0,290.0,-145.0|145.0,21.5,True,ROBUST_CONDITIONAL_PASS_CANDIDATE,
G-IN2.50-P09.50-OUT10.00,0.5,1,,C/C,O/O,2.5,9.5,10.0,16.5,56.5,97.5,4.0,2.0,15.0,9.0,16.0,10.0,15.5,12.0,16.5,13.0,33.0,PASS_95X140X5_REFERENCE,12.0,137.0,143.0,290.0,-145.0|145.0,22.0,True,ROBUST_CONDITIONAL_PASS_CANDIDATE,
G-IN2.50-P10.00-OUT03.00,0.5,1,,C/C,O/O,2.5,10.0,3.0,16.5,57.0,90.5,4.0,2.0,15.5,9.5,8.5,2.5,16.0,12.5,9.0,5.5,40.0,PASS_95X140X5_REFERENCE,12.0,137.0,143.0,290.0,-145.0|145.0,15.5,False,FAIL,BELT_NOMINAL_LT_14|BELT_RESIDUAL_LT_8|PULLEY_NOMINAL_LT_13_5|PULLEY_RESIDUAL_LT_10
G-IN2.50-P10.00-OUT03.50,0.5,1,,C/C,O/O,2.5,10.0,3.5,16.5,57.0,91.0,4.0,2.0,15.5,9.5,9.0,3.0,16.0,12.5,9.5,6.0,39.5,PASS_95X140X5_REFERENCE,12.0,137.0,143.0,290.0,-145.0|145.0,16.0,False,FAIL,BELT_NOMINAL_LT_14|BELT_RESIDUAL_LT_8|PULLEY_NOMINAL_LT_13_5|PULLEY_RESIDUAL_LT_10
G-IN2.50-P10.00-OUT04.00,0.5,1,,C/C,O/O,2.5,10.0,4.0,16.5,57.0,91.5,4.0,2.0,15.5,9.5,9.5,3.5,16.0,12.5,10.0,6.5,39.0,PASS_95X140X5_REFERENCE,12.0,137.0,143.0,290.0,-145.0|145.0,16.5,False,FAIL,BELT_NOMINAL_LT_14|BELT_RESIDUAL_LT_8|PULLEY_NOMINAL_LT_13_5|PULLEY_RESIDUAL_LT_10
G-IN2.50-P10.00-OUT04.50,0.5,1,,C/C,O/O,2.5,10.0,4.5,16.5,57.0,92.0,4.0,2.0,15.5,9.5,10.0,4.0,16.0,12.5,10.5,7.0,38.5,PASS_95X140X5_REFERENCE,12.0,137.0,143.0,290.0,-145.0|145.0,17.0,False,FAIL,BELT_NOMINAL_LT_14|BELT_RESIDUAL_LT_8|PULLEY_NOMINAL_LT_13_5|PULLEY_RESIDUAL_LT_10
G-IN2.50-P10.00-OUT05.00,0.5,1,,C/C,O/O,2.5,10.0,5.0,16.5,57.0,92.5,4.0,2.0,15.5,9.5,10.5,4.5,16.0,12.5,11.0,7.5,38.0,PASS_95X140X5_REFERENCE,12.0,137.0,143.0,290.0,-145.0|145.0,17.5,False,FAIL,BELT_NOMINAL_LT_14|BELT_RESIDUAL_LT_8|PULLEY_NOMINAL_LT_13_5|PULLEY_RESIDUAL_LT_10
G-IN2.50-P10.00-OUT05.50,0.5,1,,C/C,O/O,2.5,10.0,5.5,16.5,57.0,93.0,4.0,2.0,15.5,9.5,11.0,5.0,16.0,12.5,11.5,8.0,37.5,PASS_95X140X5_REFERENCE,12.0,137.0,143.0,290.0,-145.0|145.0,18.0,False,FAIL,BELT_NOMINAL_LT_14|BELT_RESIDUAL_LT_8|PULLEY_NOMINAL_LT_13_5|PULLEY_RESIDUAL_LT_10
G-IN2.50-P10.00-OUT06.00,0.5,1,,C/C,O/O,2.5,10.0,6.0,16.5,57.0,93.5,4.0,2.0,15.5,9.5,11.5,5.5,16.0,12.5,12.0,8.5,37.0,PASS_95X140X5_REFERENCE,12.0,137.0,143.0,290.0,-145.0|145.0,18.5,False,FAIL,BELT_NOMINAL_LT_14|BELT_RESIDUAL_LT_8|PULLEY_NOMINAL_LT_13_5|PULLEY_RESIDUAL_LT_10
G-IN2.50-P10.00-OUT06.50,0.5,1,,C/C,O/O,2.5,10.0,6.5,16.5,57.0,94.0,4.0,2.0,15.5,9.5,12.0,6.0,16.0,12.5,12.5,9.0,36.5,PASS_95X140X5_REFERENCE,12.0,137.0,143.0,290.0,-145.0|145.0,19.0,False,FAIL,BELT_NOMINAL_LT_14|BELT_RESIDUAL_LT_8|PULLEY_NOMINAL_LT_13_5|PULLEY_RESIDUAL_LT_10
G-IN2.50-P10.00-OUT07.00,0.5,1,,C/C,O/O,2.5,10.0,7.0,16.5,57.0,94.5,4.0,2.0,15.5,9.5,12.5,6.5,16.0,12.5,13.0,9.5,36.0,PASS_95X140X5_REFERENCE,12.0,137.0,143.0,290.0,-145.0|145.0,19.5,False,FAIL,BELT_NOMINAL_LT_14|BELT_RESIDUAL_LT_8|PULLEY_NOMINAL_LT_13_5|PULLEY_RESIDUAL_LT_10
G-IN2.50-P10.00-OUT07.50,0.5,1,,C/C,O/O,2.5,10.0,7.5,16.5,57.0,95.0,4.0,2.0,15.5,9.5,13.0,7.0,16.0,12.5,13.5,10.0,35.5,PASS_95X140X5_REFERENCE,12.0,137.0,143.0,290.0,-145.0|145.0,20.0,False,FAIL,BELT_NOMINAL_LT_14|BELT_RESIDUAL_LT_8
G-IN2.50-P10.00-OUT08.00,0.5,1,,C/C,O/O,2.5,10.0,8.0,16.5,57.0,95.5,4.0,2.0,15.5,9.5,13.5,7.5,16.0,12.5,14.0,10.5,35.0,PASS_95X140X5_REFERENCE,12.0,137.0,143.0,290.0,-145.0|145.0,20.5,False,FAIL,BELT_NOMINAL_LT_14|BELT_RESIDUAL_LT_8
G-IN2.50-P10.00-OUT08.50,0.5,1,,C/C,O/O,2.5,10.0,8.5,16.5,57.0,96.0,4.0,2.0,15.5,9.5,14.0,8.0,16.0,12.5,14.5,11.0,34.5,PASS_95X140X5_REFERENCE,12.0,137.0,143.0,290.0,-145.0|145.0,21.0,True,ROBUST_CONDITIONAL_PASS_CANDIDATE,
G-IN2.50-P10.00-OUT09.00,0.5,1,,C/C,O/O,2.5,10.0,9.0,16.5,57.0,96.5,4.0,2.0,15.5,9.5,14.5,8.5,16.0,12.5,15.0,11.5,34.0,PASS_95X140X5_REFERENCE,12.0,137.0,143.0,290.0,-145.0|145.0,21.5,True,ROBUST_CONDITIONAL_PASS_CANDIDATE,
G-IN2.50-P10.00-OUT09.50,0.5,1,,C/C,O/O,2.5,10.0,9.5,16.5,57.0,97.0,4.0,2.0,15.5,9.5,15.0,9.0,16.0,12.5,15.5,12.0,33.5,PASS_95X140X5_REFERENCE,12.0,137.0,143.0,290.0,-145.0|145.0,22.0,True,ROBUST_CONDITIONAL_PASS_CANDIDATE,
G-IN2.50-P10.00-OUT10.00,0.5,1,,C/C,O/O,2.5,10.0,10.0,16.5,57.0,97.5,4.0,2.0,15.5,9.5,15.5,9.5,16.0,12.5,16.0,12.5,33.0,PASS_95X140X5_REFERENCE,12.0,137.0,143.0,290.0,-145.0|145.0,22.5,True,ROBUST_CONDITIONAL_PASS_CANDIDATE,
G-IN2.50-P10.50-OUT03.00,0.5,1,,C/C,O/O,2.5,10.5,3.0,16.5,57.5,90.5,4.0,2.0,16.0,10.0,8.0,2.0,16.5,13.0,8.5,5.0,40.0,PASS_95X140X5_REFERENCE,12.0,137.0,143.0,290.0,-145.0|145.0,16.0,False,FAIL,BELT_NOMINAL_LT_14|BELT_RESIDUAL_LT_8|PULLEY_NOMINAL_LT_13_5|PULLEY_RESIDUAL_LT_10
G-IN2.50-P10.50-OUT03.50,0.5,1,,C/C,O/O,2.5,10.5,3.5,16.5,57.5,91.0,4.0,2.0,16.0,10.0,8.5,2.5,16.5,13.0,9.0,5.5,39.5,PASS_95X140X5_REFERENCE,12.0,137.0,143.0,290.0,-145.0|145.0,16.5,False,FAIL,BELT_NOMINAL_LT_14|BELT_RESIDUAL_LT_8|PULLEY_NOMINAL_LT_13_5|PULLEY_RESIDUAL_LT_10
G-IN2.50-P10.50-OUT04.00,0.5,1,,C/C,O/O,2.5,10.5,4.0,16.5,57.5,91.5,4.0,2.0,16.0,10.0,9.0,3.0,16.5,13.0,9.5,6.0,39.0,PASS_95X140X5_REFERENCE,12.0,137.0,143.0,290.0,-145.0|145.0,17.0,False,FAIL,BELT_NOMINAL_LT_14|BELT_RESIDUAL_LT_8|PULLEY_NOMINAL_LT_13_5|PULLEY_RESIDUAL_LT_10
G-IN2.50-P10.50-OUT04.50,0.5,1,,C/C,O/O,2.5,10.5,4.5,16.5,57.5,92.0,4.0,2.0,16.0,10.0,9.5,3.5,16.5,13.0,10.0,6.5,38.5,PASS_95X140X5_REFERENCE,12.0,137.0,143.0,290.0,-145.0|145.0,17.5,False,FAIL,BELT_NOMINAL_LT_14|BELT_RESIDUAL_LT_8|PULLEY_NOMINAL_LT_13_5|PULLEY_RESIDUAL_LT_10
G-IN2.50-P10.50-OUT05.00,0.5,1,,C/C,O/O,2.5,10.5,5.0,16.5,57.5,92.5,4.0,2.0,16.0,10.0,10.0,4.0,16.5,13.0,10.5,7.0,38.0,PASS_95X140X5_REFERENCE,12.0,137.0,143.0,290.0,-145.0|145.0,18.0,False,FAIL,BELT_NOMINAL_LT_14|BELT_RESIDUAL_LT_8|PULLEY_NOMINAL_LT_13_5|PULLEY_RESIDUAL_LT_10
G-IN2.50-P10.50-OUT05.50,0.5,1,,C/C,O/O,2.5,10.5,5.5,16.5,57.5,93.0,4.0,2.0,16.0,10.0,10.5,4.5,16.5,13.0,11.0,7.5,37.5,PASS_95X140X5_REFERENCE,12.0,137.0,143.0,290.0,-145.0|145.0,18.5,False,FAIL,BELT_NOMINAL_LT_14|BELT_RESIDUAL_LT_8|PULLEY_NOMINAL_LT_13_5|PULLEY_RESIDUAL_LT_10
G-IN2.50-P10.50-OUT06.00,0.5,1,,C/C,O/O,2.5,10.5,6.0,16.5,57.5,93.5,4.0,2.0,16.0,10.0,11.0,5.0,16.5,13.0,11.5,8.0,37.0,PASS_95X140X5_REFERENCE,12.0,137.0,143.0,290.0,-145.0|145.0,19.0,False,FAIL,BELT_NOMINAL_LT_14|BELT_RESIDUAL_LT_8|PULLEY_NOMINAL_LT_13_5|PULLEY_RESIDUAL_LT_10
G-IN2.50-P10.50-OUT06.50,0.5,1,,C/C,O/O,2.5,10.5,6.5,16.5,57.5,94.0,4.0,2.0,16.0,10.0,11.5,5.5,16.5,13.0,12.0,8.5,36.5,PASS_95X140X5_REFERENCE,12.0,137.0,143.0,290.0,-145.0|145.0,19.5,False,FAIL,BELT_NOMINAL_LT_14|BELT_RESIDUAL_LT_8|PULLEY_NOMINAL_LT_13_5|PULLEY_RESIDUAL_LT_10
G-IN2.50-P10.50-OUT07.00,0.5,1,,C/C,O/O,2.5,10.5,7.0,16.5,57.5,94.5,4.0,2.0,16.0,10.0,12.0,6.0,16.5,13.0,12.5,9.0,36.0,PASS_95X140X5_REFERENCE,12.0,137.0,143.0,290.0,-145.0|145.0,20.0,False,FAIL,BELT_NOMINAL_LT_14|BELT_RESIDUAL_LT_8|PULLEY_NOMINAL_LT_13_5|PULLEY_RESIDUAL_LT_10
G-IN2.50-P10.50-OUT07.50,0.5,1,,C/C,O/O,2.5,10.5,7.5,16.5,57.5,95.0,4.0,2.0,16.0,10.0,12.5,6.5,16.5,13.0,13.0,9.5,35.5,PASS_95X140X5_REFERENCE,12.0,137.0,143.0,290.0,-145.0|145.0,20.5,False,FAIL,BELT_NOMINAL_LT_14|BELT_RESIDUAL_LT_8|PULLEY_NOMINAL_LT_13_5|PULLEY_RESIDUAL_LT_10
G-IN2.50-P10.50-OUT08.00,0.5,1,,C/C,O/O,2.5,10.5,8.0,16.5,57.5,95.5,4.0,2.0,16.0,10.0,13.0,7.0,16.5,13.0,13.5,10.0,35.0,PASS_95X140X5_REFERENCE,12.0,137.0,143.0,290.0,-145.0|145.0,21.0,False,FAIL,BELT_NOMINAL_LT_14|BELT_RESIDUAL_LT_8
G-IN2.50-P10.50-OUT08.50,0.5,1,,C/C,O/O,2.5,10.5,8.5,16.5,57.5,96.0,4.0,2.0,16.0,10.0,13.5,7.5,16.5,13.0,14.0,10.5,34.5,PASS_95X140X5_REFERENCE,12.0,137.0,143.0,290.0,-145.0|145.0,21.5,False,FAIL,BELT_NOMINAL_LT_14|BELT_RESIDUAL_LT_8
G-IN2.50-P10.50-OUT09.00,0.5,1,,C/C,O/O,2.5,10.5,9.0,16.5,57.5,96.5,4.0,2.0,16.0,10.0,14.0,8.0,16.5,13.0,14.5,11.0,34.0,PASS_95X140X5_REFERENCE,12.0,137.0,143.0,290.0,-145.0|145.0,22.0,True,ROBUST_CONDITIONAL_PASS_CANDIDATE,
G-IN2.50-P10.50-OUT09.50,0.5,1,,C/C,O/O,2.5,10.5,9.5,16.5,57.5,97.0,4.0,2.0,16.0,10.0,14.5,8.5,16.5,13.0,15.0,11.5,33.5,PASS_95X140X5_REFERENCE,12.0,137.0,143.0,290.0,-145.0|145.0,22.5,True,ROBUST_CONDITIONAL_PASS_CANDIDATE,
G-IN2.50-P10.50-OUT10.00,0.5,1,,C/C,O/O,2.5,10.5,10.0,16.5,57.5,97.5,4.0,2.0,16.0,10.0,15.0,9.0,16.5,13.0,15.5,12.0,33.0,PASS_95X140X5_REFERENCE,12.0,137.0,143.0,290.0,-145.0|145.0,23.0,True,ROBUST_CONDITIONAL_PASS_CANDIDATE,
G-IN2.50-P11.00-OUT03.00,0.5,1,,C/C,O/O,2.5,11.0,3.0,16.5,58.0,90.5,4.0,2.0,16.5,10.5,7.5,1.5,17.0,13.5,8.0,4.5,40.0,PASS_95X140X5_REFERENCE,12.0,137.0,143.0,290.0,-145.0|145.0,16.5,False,FAIL,BELT_NOMINAL_LT_14|BELT_RESIDUAL_LT_8|PULLEY_NOMINAL_LT_13_5|PULLEY_RESIDUAL_LT_10
G-IN2.50-P11.00-OUT03.50,0.5,1,,C/C,O/O,2.5,11.0,3.5,16.5,58.0,91.0,4.0,2.0,16.5,10.5,8.0,2.0,17.0,13.5,8.5,5.0,39.5,PASS_95X140X5_REFERENCE,12.0,137.0,143.0,290.0,-145.0|145.0,17.0,False,FAIL,BELT_NOMINAL_LT_14|BELT_RESIDUAL_LT_8|PULLEY_NOMINAL_LT_13_5|PULLEY_RESIDUAL_LT_10
G-IN2.50-P11.00-OUT04.00,0.5,1,,C/C,O/O,2.5,11.0,4.0,16.5,58.0,91.5,4.0,2.0,16.5,10.5,8.5,2.5,17.0,13.5,9.0,5.5,39.0,PASS_95X140X5_REFERENCE,12.0,137.0,143.0,290.0,-145.0|145.0,17.5,False,FAIL,BELT_NOMINAL_LT_14|BELT_RESIDUAL_LT_8|PULLEY_NOMINAL_LT_13_5|PULLEY_RESIDUAL_LT_10
G-IN2.50-P11.00-OUT04.50,0.5,1,,C/C,O/O,2.5,11.0,4.5,16.5,58.0,92.0,4.0,2.0,16.5,10.5,9.0,3.0,17.0,13.5,9.5,6.0,38.5,PASS_95X140X5_REFERENCE,12.0,137.0,143.0,290.0,-145.0|145.0,18.0,False,FAIL,BELT_NOMINAL_LT_14|BELT_RESIDUAL_LT_8|PULLEY_NOMINAL_LT_13_5|PULLEY_RESIDUAL_LT_10
G-IN2.50-P11.00-OUT05.00,0.5,1,,C/C,O/O,2.5,11.0,5.0,16.5,58.0,92.5,4.0,2.0,16.5,10.5,9.5,3.5,17.0,13.5,10.0,6.5,38.0,PASS_95X140X5_REFERENCE,12.0,137.0,143.0,290.0,-145.0|145.0,18.5,False,FAIL,BELT_NOMINAL_LT_14|BELT_RESIDUAL_LT_8|PULLEY_NOMINAL_LT_13_5|PULLEY_RESIDUAL_LT_10
G-IN2.50-P11.00-OUT05.50,0.5,1,,C/C,O/O,2.5,11.0,5.5,16.5,58.0,93.0,4.0,2.0,16.5,10.5,10.0,4.0,17.0,13.5,10.5,7.0,37.5,PASS_95X140X5_REFERENCE,12.0,137.0,143.0,290.0,-145.0|145.0,19.0,False,FAIL,BELT_NOMINAL_LT_14|BELT_RESIDUAL_LT_8|PULLEY_NOMINAL_LT_13_5|PULLEY_RESIDUAL_LT_10
G-IN2.50-P11.00-OUT06.00,0.5,1,,C/C,O/O,2.5,11.0,6.0,16.5,58.0,93.5,4.0,2.0,16.5,10.5,10.5,4.5,17.0,13.5,11.0,7.5,37.0,PASS_95X140X5_REFERENCE,12.0,137.0,143.0,290.0,-145.0|145.0,19.5,False,FAIL,BELT_NOMINAL_LT_14|BELT_RESIDUAL_LT_8|PULLEY_NOMINAL_LT_13_5|PULLEY_RESIDUAL_LT_10
G-IN2.50-P11.00-OUT06.50,0.5,1,,C/C,O/O,2.5,11.0,6.5,16.5,58.0,94.0,4.0,2.0,16.5,10.5,11.0,5.0,17.0,13.5,11.5,8.0,36.5,PASS_95X140X5_REFERENCE,12.0,137.0,143.0,290.0,-145.0|145.0,20.0,False,FAIL,BELT_NOMINAL_LT_14|BELT_RESIDUAL_LT_8|PULLEY_NOMINAL_LT_13_5|PULLEY_RESIDUAL_LT_10
G-IN2.50-P11.00-OUT07.00,0.5,1,,C/C,O/O,2.5,11.0,7.0,16.5,58.0,94.5,4.0,2.0,16.5,10.5,11.5,5.5,17.0,13.5,12.0,8.5,36.0,PASS_95X140X5_REFERENCE,12.0,137.0,143.0,290.0,-145.0|145.0,20.5,False,FAIL,BELT_NOMINAL_LT_14|BELT_RESIDUAL_LT_8|PULLEY_NOMINAL_LT_13_5|PULLEY_RESIDUAL_LT_10
G-IN2.50-P11.00-OUT07.50,0.5,1,,C/C,O/O,2.5,11.0,7.5,16.5,58.0,95.0,4.0,2.0,16.5,10.5,12.0,6.0,17.0,13.5,12.5,9.0,35.5,PASS_95X140X5_REFERENCE,12.0,137.0,143.0,290.0,-145.0|145.0,21.0,False,FAIL,BELT_NOMINAL_LT_14|BELT_RESIDUAL_LT_8|PULLEY_NOMINAL_LT_13_5|PULLEY_RESIDUAL_LT_10
G-IN2.50-P11.00-OUT08.00,0.5,1,,C/C,O/O,2.5,11.0,8.0,16.5,58.0,95.5,4.0,2.0,16.5,10.5,12.5,6.5,17.0,13.5,13.0,9.5,35.0,PASS_95X140X5_REFERENCE,12.0,137.0,143.0,290.0,-145.0|145.0,21.5,False,FAIL,BELT_NOMINAL_LT_14|BELT_RESIDUAL_LT_8|PULLEY_NOMINAL_LT_13_5|PULLEY_RESIDUAL_LT_10
G-IN2.50-P11.00-OUT08.50,0.5,1,,C/C,O/O,2.5,11.0,8.5,16.5,58.0,96.0,4.0,2.0,16.5,10.5,13.0,7.0,17.0,13.5,13.5,10.0,34.5,PASS_95X140X5_REFERENCE,12.0,137.0,143.0,290.0,-145.0|145.0,22.0,False,FAIL,BELT_NOMINAL_LT_14|BELT_RESIDUAL_LT_8
G-IN2.50-P11.00-OUT09.00,0.5,1,,C/C,O/O,2.5,11.0,9.0,16.5,58.0,96.5,4.0,2.0,16.5,10.5,13.5,7.5,17.0,13.5,14.0,10.5,34.0,PASS_95X140X5_REFERENCE,12.0,137.0,143.0,290.0,-145.0|145.0,22.5,False,FAIL,BELT_NOMINAL_LT_14|BELT_RESIDUAL_LT_8
G-IN2.50-P11.00-OUT09.50,0.5,1,,C/C,O/O,2.5,11.0,9.5,16.5,58.0,97.0,4.0,2.0,16.5,10.5,14.0,8.0,17.0,13.5,14.5,11.0,33.5,PASS_95X140X5_REFERENCE,12.0,137.0,143.0,290.0,-145.0|145.0,23.0,True,ROBUST_CONDITIONAL_PASS_CANDIDATE,
G-IN2.50-P11.00-OUT10.00,0.5,1,,C/C,O/O,2.5,11.0,10.0,16.5,58.0,97.5,4.0,2.0,16.5,10.5,14.5,8.5,17.0,13.5,15.0,11.5,33.0,PASS_95X140X5_REFERENCE,12.0,137.0,143.0,290.0,-145.0|145.0,23.5,True,ROBUST_CONDITIONAL_PASS_CANDIDATE,
G-IN2.50-P11.50-OUT03.00,0.5,1,,C/C,O/O,2.5,11.5,3.0,16.5,58.5,90.5,4.0,2.0,17.0,11.0,7.0,1.0,17.5,14.0,7.5,4.0,40.0,PASS_95X140X5_REFERENCE,12.0,137.0,143.0,290.0,-145.0|145.0,17.0,False,FAIL,BELT_NOMINAL_LT_14|BELT_RESIDUAL_LT_8|PULLEY_NOMINAL_LT_13_5|PULLEY_RESIDUAL_LT_10
G-IN2.50-P11.50-OUT03.50,0.5,1,,C/C,O/O,2.5,11.5,3.5,16.5,58.5,91.0,4.0,2.0,17.0,11.0,7.5,1.5,17.5,14.0,8.0,4.5,39.5,PASS_95X140X5_REFERENCE,12.0,137.0,143.0,290.0,-145.0|145.0,17.5,False,FAIL,BELT_NOMINAL_LT_14|BELT_RESIDUAL_LT_8|PULLEY_NOMINAL_LT_13_5|PULLEY_RESIDUAL_LT_10
G-IN2.50-P11.50-OUT04.00,0.5,1,,C/C,O/O,2.5,11.5,4.0,16.5,58.5,91.5,4.0,2.0,17.0,11.0,8.0,2.0,17.5,14.0,8.5,5.0,39.0,PASS_95X140X5_REFERENCE,12.0,137.0,143.0,290.0,-145.0|145.0,18.0,False,FAIL,BELT_NOMINAL_LT_14|BELT_RESIDUAL_LT_8|PULLEY_NOMINAL_LT_13_5|PULLEY_RESIDUAL_LT_10
G-IN2.50-P11.50-OUT04.50,0.5,1,,C/C,O/O,2.5,11.5,4.5,16.5,58.5,92.0,4.0,2.0,17.0,11.0,8.5,2.5,17.5,14.0,9.0,5.5,38.5,PASS_95X140X5_REFERENCE,12.0,137.0,143.0,290.0,-145.0|145.0,18.5,False,FAIL,BELT_NOMINAL_LT_14|BELT_RESIDUAL_LT_8|PULLEY_NOMINAL_LT_13_5|PULLEY_RESIDUAL_LT_10
G-IN2.50-P11.50-OUT05.00,0.5,1,,C/C,O/O,2.5,11.5,5.0,16.5,58.5,92.5,4.0,2.0,17.0,11.0,9.0,3.0,17.5,14.0,9.5,6.0,38.0,PASS_95X140X5_REFERENCE,12.0,137.0,143.0,290.0,-145.0|145.0,19.0,False,FAIL,BELT_NOMINAL_LT_14|BELT_RESIDUAL_LT_8|PULLEY_NOMINAL_LT_13_5|PULLEY_RESIDUAL_LT_10
G-IN2.50-P11.50-OUT05.50,0.5,1,,C/C,O/O,2.5,11.5,5.5,16.5,58.5,93.0,4.0,2.0,17.0,11.0,9.5,3.5,17.5,14.0,10.0,6.5,37.5,PASS_95X140X5_REFERENCE,12.0,137.0,143.0,290.0,-145.0|145.0,19.5,False,FAIL,BELT_NOMINAL_LT_14|BELT_RESIDUAL_LT_8|PULLEY_NOMINAL_LT_13_5|PULLEY_RESIDUAL_LT_10
G-IN2.50-P11.50-OUT06.00,0.5,1,,C/C,O/O,2.5,11.5,6.0,16.5,58.5,93.5,4.0,2.0,17.0,11.0,10.0,4.0,17.5,14.0,10.5,7.0,37.0,PASS_95X140X5_REFERENCE,12.0,137.0,143.0,290.0,-145.0|145.0,20.0,False,FAIL,BELT_NOMINAL_LT_14|BELT_RESIDUAL_LT_8|PULLEY_NOMINAL_LT_13_5|PULLEY_RESIDUAL_LT_10
G-IN2.50-P11.50-OUT06.50,0.5,1,,C/C,O/O,2.5,11.5,6.5,16.5,58.5,94.0,4.0,2.0,17.0,11.0,10.5,4.5,17.5,14.0,11.0,7.5,36.5,PASS_95X140X5_REFERENCE,12.0,137.0,143.0,290.0,-145.0|145.0,20.5,False,FAIL,BELT_NOMINAL_LT_14|BELT_RESIDUAL_LT_8|PULLEY_NOMINAL_LT_13_5|PULLEY_RESIDUAL_LT_10
G-IN2.50-P11.50-OUT07.00,0.5,1,,C/C,O/O,2.5,11.5,7.0,16.5,58.5,94.5,4.0,2.0,17.0,11.0,11.0,5.0,17.5,14.0,11.5,8.0,36.0,PASS_95X140X5_REFERENCE,12.0,137.0,143.0,290.0,-145.0|145.0,21.0,False,FAIL,BELT_NOMINAL_LT_14|BELT_RESIDUAL_LT_8|PULLEY_NOMINAL_LT_13_5|PULLEY_RESIDUAL_LT_10
G-IN2.50-P11.50-OUT07.50,0.5,1,,C/C,O/O,2.5,11.5,7.5,16.5,58.5,95.0,4.0,2.0,17.0,11.0,11.5,5.5,17.5,14.0,12.0,8.5,35.5,PASS_95X140X5_REFERENCE,12.0,137.0,143.0,290.0,-145.0|145.0,21.5,False,FAIL,BELT_NOMINAL_LT_14|BELT_RESIDUAL_LT_8|PULLEY_NOMINAL_LT_13_5|PULLEY_RESIDUAL_LT_10
G-IN2.50-P11.50-OUT08.00,0.5,1,,C/C,O/O,2.5,11.5,8.0,16.5,58.5,95.5,4.0,2.0,17.0,11.0,12.0,6.0,17.5,14.0,12.5,9.0,35.0,PASS_95X140X5_REFERENCE,12.0,137.0,143.0,290.0,-145.0|145.0,22.0,False,FAIL,BELT_NOMINAL_LT_14|BELT_RESIDUAL_LT_8|PULLEY_NOMINAL_LT_13_5|PULLEY_RESIDUAL_LT_10
G-IN2.50-P11.50-OUT08.50,0.5,1,,C/C,O/O,2.5,11.5,8.5,16.5,58.5,96.0,4.0,2.0,17.0,11.0,12.5,6.5,17.5,14.0,13.0,9.5,34.5,PASS_95X140X5_REFERENCE,12.0,137.0,143.0,290.0,-145.0|145.0,22.5,False,FAIL,BELT_NOMINAL_LT_14|BELT_RESIDUAL_LT_8|PULLEY_NOMINAL_LT_13_5|PULLEY_RESIDUAL_LT_10
G-IN2.50-P11.50-OUT09.00,0.5,1,,C/C,O/O,2.5,11.5,9.0,16.5,58.5,96.5,4.0,2.0,17.0,11.0,13.0,7.0,17.5,14.0,13.5,10.0,34.0,PASS_95X140X5_REFERENCE,12.0,137.0,143.0,290.0,-145.0|145.0,23.0,False,FAIL,BELT_NOMINAL_LT_14|BELT_RESIDUAL_LT_8
G-IN2.50-P11.50-OUT09.50,0.5,1,,C/C,O/O,2.5,11.5,9.5,16.5,58.5,97.0,4.0,2.0,17.0,11.0,13.5,7.5,17.5,14.0,14.0,10.5,33.5,PASS_95X140X5_REFERENCE,12.0,137.0,143.0,290.0,-145.0|145.0,23.5,False,FAIL,BELT_NOMINAL_LT_14|BELT_RESIDUAL_LT_8
G-IN2.50-P11.50-OUT10.00,0.5,1,,C/C,O/O,2.5,11.5,10.0,16.5,58.5,97.5,4.0,2.0,17.0,11.0,14.0,8.0,17.5,14.0,14.5,11.0,33.0,PASS_95X140X5_REFERENCE,12.0,137.0,143.0,290.0,-145.0|145.0,24.0,True,ROBUST_CONDITIONAL_PASS_CANDIDATE,
G-IN2.50-P12.00-OUT03.00,0.5,1,,C/C,O/O,2.5,12.0,3.0,16.5,59.0,90.5,4.0,2.0,17.5,11.5,6.5,0.5,18.0,14.5,7.0,3.5,40.0,PASS_95X140X5_REFERENCE,12.0,137.0,143.0,290.0,-145.0|145.0,17.5,False,FAIL,BELT_NOMINAL_LT_14|BELT_RESIDUAL_LT_8|PULLEY_NOMINAL_LT_13_5|PULLEY_RESIDUAL_LT_10
G-IN2.50-P12.00-OUT03.50,0.5,1,,C/C,O/O,2.5,12.0,3.5,16.5,59.0,91.0,4.0,2.0,17.5,11.5,7.0,1.0,18.0,14.5,7.5,4.0,39.5,PASS_95X140X5_REFERENCE,12.0,137.0,143.0,290.0,-145.0|145.0,18.0,False,FAIL,BELT_NOMINAL_LT_14|BELT_RESIDUAL_LT_8|PULLEY_NOMINAL_LT_13_5|PULLEY_RESIDUAL_LT_10
G-IN2.50-P12.00-OUT04.00,0.5,1,,C/C,O/O,2.5,12.0,4.0,16.5,59.0,91.5,4.0,2.0,17.5,11.5,7.5,1.5,18.0,14.5,8.0,4.5,39.0,PASS_95X140X5_REFERENCE,12.0,137.0,143.0,290.0,-145.0|145.0,18.5,False,FAIL,BELT_NOMINAL_LT_14|BELT_RESIDUAL_LT_8|PULLEY_NOMINAL_LT_13_5|PULLEY_RESIDUAL_LT_10
G-IN2.50-P12.00-OUT04.50,0.5,1,,C/C,O/O,2.5,12.0,4.5,16.5,59.0,92.0,4.0,2.0,17.5,11.5,8.0,2.0,18.0,14.5,8.5,5.0,38.5,PASS_95X140X5_REFERENCE,12.0,137.0,143.0,290.0,-145.0|145.0,19.0,False,FAIL,BELT_NOMINAL_LT_14|BELT_RESIDUAL_LT_8|PULLEY_NOMINAL_LT_13_5|PULLEY_RESIDUAL_LT_10
G-IN2.50-P12.00-OUT05.00,0.5,1,,C/C,O/O,2.5,12.0,5.0,16.5,59.0,92.5,4.0,2.0,17.5,11.5,8.5,2.5,18.0,14.5,9.0,5.5,38.0,PASS_95X140X5_REFERENCE,12.0,137.0,143.0,290.0,-145.0|145.0,19.5,False,FAIL,BELT_NOMINAL_LT_14|BELT_RESIDUAL_LT_8|PULLEY_NOMINAL_LT_13_5|PULLEY_RESIDUAL_LT_10
G-IN2.50-P12.00-OUT05.50,0.5,1,,C/C,O/O,2.5,12.0,5.5,16.5,59.0,93.0,4.0,2.0,17.5,11.5,9.0,3.0,18.0,14.5,9.5,6.0,37.5,PASS_95X140X5_REFERENCE,12.0,137.0,143.0,290.0,-145.0|145.0,20.0,False,FAIL,BELT_NOMINAL_LT_14|BELT_RESIDUAL_LT_8|PULLEY_NOMINAL_LT_13_5|PULLEY_RESIDUAL_LT_10
G-IN2.50-P12.00-OUT06.00,0.5,1,,C/C,O/O,2.5,12.0,6.0,16.5,59.0,93.5,4.0,2.0,17.5,11.5,9.5,3.5,18.0,14.5,10.0,6.5,37.0,PASS_95X140X5_REFERENCE,12.0,137.0,143.0,290.0,-145.0|145.0,20.5,False,FAIL,BELT_NOMINAL_LT_14|BELT_RESIDUAL_LT_8|PULLEY_NOMINAL_LT_13_5|PULLEY_RESIDUAL_LT_10
G-IN2.50-P12.00-OUT06.50,0.5,1,,C/C,O/O,2.5,12.0,6.5,16.5,59.0,94.0,4.0,2.0,17.5,11.5,10.0,4.0,18.0,14.5,10.5,7.0,36.5,PASS_95X140X5_REFERENCE,12.0,137.0,143.0,290.0,-145.0|145.0,21.0,False,FAIL,BELT_NOMINAL_LT_14|BELT_RESIDUAL_LT_8|PULLEY_NOMINAL_LT_13_5|PULLEY_RESIDUAL_LT_10
G-IN2.50-P12.00-OUT07.00,0.5,1,,C/C,O/O,2.5,12.0,7.0,16.5,59.0,94.5,4.0,2.0,17.5,11.5,10.5,4.5,18.0,14.5,11.0,7.5,36.0,PASS_95X140X5_REFERENCE,12.0,137.0,143.0,290.0,-145.0|145.0,21.5,False,FAIL,BELT_NOMINAL_LT_14|BELT_RESIDUAL_LT_8|PULLEY_NOMINAL_LT_13_5|PULLEY_RESIDUAL_LT_10
G-IN2.50-P12.00-OUT07.50,0.5,1,,C/C,O/O,2.5,12.0,7.5,16.5,59.0,95.0,4.0,2.0,17.5,11.5,11.0,5.0,18.0,14.5,11.5,8.0,35.5,PASS_95X140X5_REFERENCE,12.0,137.0,143.0,290.0,-145.0|145.0,22.0,False,FAIL,BELT_NOMINAL_LT_14|BELT_RESIDUAL_LT_8|PULLEY_NOMINAL_LT_13_5|PULLEY_RESIDUAL_LT_10
G-IN2.50-P12.00-OUT08.00,0.5,1,,C/C,O/O,2.5,12.0,8.0,16.5,59.0,95.5,4.0,2.0,17.5,11.5,11.5,5.5,18.0,14.5,12.0,8.5,35.0,PASS_95X140X5_REFERENCE,12.0,137.0,143.0,290.0,-145.0|145.0,22.5,False,FAIL,BELT_NOMINAL_LT_14|BELT_RESIDUAL_LT_8|PULLEY_NOMINAL_LT_13_5|PULLEY_RESIDUAL_LT_10
G-IN2.50-P12.00-OUT08.50,0.5,1,,C/C,O/O,2.5,12.0,8.5,16.5,59.0,96.0,4.0,2.0,17.5,11.5,12.0,6.0,18.0,14.5,12.5,9.0,34.5,PASS_95X140X5_REFERENCE,12.0,137.0,143.0,290.0,-145.0|145.0,23.0,False,FAIL,BELT_NOMINAL_LT_14|BELT_RESIDUAL_LT_8|PULLEY_NOMINAL_LT_13_5|PULLEY_RESIDUAL_LT_10
G-IN2.50-P12.00-OUT09.00,0.5,1,,C/C,O/O,2.5,12.0,9.0,16.5,59.0,96.5,4.0,2.0,17.5,11.5,12.5,6.5,18.0,14.5,13.0,9.5,34.0,PASS_95X140X5_REFERENCE,12.0,137.0,143.0,290.0,-145.0|145.0,23.5,False,FAIL,BELT_NOMINAL_LT_14|BELT_RESIDUAL_LT_8|PULLEY_NOMINAL_LT_13_5|PULLEY_RESIDUAL_LT_10
G-IN2.50-P12.00-OUT09.50,0.5,1,,C/C,O/O,2.5,12.0,9.5,16.5,59.0,97.0,4.0,2.0,17.5,11.5,13.0,7.0,18.0,14.5,13.5,10.0,33.5,PASS_95X140X5_REFERENCE,12.0,137.0,143.0,290.0,-145.0|145.0,24.0,False,FAIL,BELT_NOMINAL_LT_14|BELT_RESIDUAL_LT_8
G-IN2.50-P12.00-OUT10.00,0.5,1,,C/C,O/O,2.5,12.0,10.0,16.5,59.0,97.5,4.0,2.0,17.5,11.5,13.5,7.5,18.0,14.5,14.0,10.5,33.0,PASS_95X140X5_REFERENCE,12.0,137.0,143.0,290.0,-145.0|145.0,24.5,False,FAIL,BELT_NOMINAL_LT_14|BELT_RESIDUAL_LT_8
G-IN3.00-P05.00-OUT03.00,0.5,1,,C/C,O/O,3.0,5.0,3.0,17.0,52.0,90.5,5.0,3.0,10.0,4.0,13.5,7.5,10.5,7.0,14.0,10.5,40.0,PASS_95X140X5_REFERENCE,12.0,136.5,142.5,290.0,-145.0|145.0,11.0,False,FAIL,BELT_NOMINAL_LT_14|BELT_RESIDUAL_LT_8|PULLEY_NOMINAL_LT_13_5|PULLEY_RESIDUAL_LT_10
G-IN3.00-P05.00-OUT03.50,0.5,1,,C/C,O/O,3.0,5.0,3.5,17.0,52.0,91.0,5.0,3.0,10.0,4.0,14.0,8.0,10.5,7.0,14.5,11.0,39.5,PASS_95X140X5_REFERENCE,12.0,136.5,142.5,290.0,-145.0|145.0,11.5,False,FAIL,BELT_NOMINAL_LT_14|BELT_RESIDUAL_LT_8|PULLEY_NOMINAL_LT_13_5|PULLEY_RESIDUAL_LT_10
G-IN3.00-P05.00-OUT04.00,0.5,1,,C/C,O/O,3.0,5.0,4.0,17.0,52.0,91.5,5.0,3.0,10.0,4.0,14.5,8.5,10.5,7.0,15.0,11.5,39.0,PASS_95X140X5_REFERENCE,12.0,136.5,142.5,290.0,-145.0|145.0,12.0,False,FAIL,BELT_NOMINAL_LT_14|BELT_RESIDUAL_LT_8|PULLEY_NOMINAL_LT_13_5|PULLEY_RESIDUAL_LT_10
G-IN3.00-P05.00-OUT04.50,0.5,1,,C/C,O/O,3.0,5.0,4.5,17.0,52.0,92.0,5.0,3.0,10.0,4.0,15.0,9.0,10.5,7.0,15.5,12.0,38.5,PASS_95X140X5_REFERENCE,12.0,136.5,142.5,290.0,-145.0|145.0,12.5,False,FAIL,BELT_NOMINAL_LT_14|BELT_RESIDUAL_LT_8|PULLEY_NOMINAL_LT_13_5|PULLEY_RESIDUAL_LT_10
G-IN3.00-P05.00-OUT05.00,0.5,1,,C/C,O/O,3.0,5.0,5.0,17.0,52.0,92.5,5.0,3.0,10.0,4.0,15.5,9.5,10.5,7.0,16.0,12.5,38.0,PASS_95X140X5_REFERENCE,12.0,136.5,142.5,290.0,-145.0|145.0,13.0,False,FAIL,BELT_NOMINAL_LT_14|BELT_RESIDUAL_LT_8|PULLEY_NOMINAL_LT_13_5|PULLEY_RESIDUAL_LT_10
G-IN3.00-P05.00-OUT05.50,0.5,1,,C/C,O/O,3.0,5.0,5.5,17.0,52.0,93.0,5.0,3.0,10.0,4.0,16.0,10.0,10.5,7.0,16.5,13.0,37.5,PASS_95X140X5_REFERENCE,12.0,136.5,142.5,290.0,-145.0|145.0,13.5,False,FAIL,BELT_NOMINAL_LT_14|BELT_RESIDUAL_LT_8|PULLEY_NOMINAL_LT_13_5|PULLEY_RESIDUAL_LT_10
G-IN3.00-P05.00-OUT06.00,0.5,1,,C/C,O/O,3.0,5.0,6.0,17.0,52.0,93.5,5.0,3.0,10.0,4.0,16.5,10.5,10.5,7.0,17.0,13.5,37.0,PASS_95X140X5_REFERENCE,12.0,136.5,142.5,290.0,-145.0|145.0,14.0,False,FAIL,BELT_NOMINAL_LT_14|BELT_RESIDUAL_LT_8|PULLEY_NOMINAL_LT_13_5|PULLEY_RESIDUAL_LT_10
G-IN3.00-P05.00-OUT06.50,0.5,1,,C/C,O/O,3.0,5.0,6.5,17.0,52.0,94.0,5.0,3.0,10.0,4.0,17.0,11.0,10.5,7.0,17.5,14.0,36.5,PASS_95X140X5_REFERENCE,12.0,136.5,142.5,290.0,-145.0|145.0,14.5,False,FAIL,BELT_NOMINAL_LT_14|BELT_RESIDUAL_LT_8|PULLEY_NOMINAL_LT_13_5|PULLEY_RESIDUAL_LT_10
G-IN3.00-P05.00-OUT07.00,0.5,1,,C/C,O/O,3.0,5.0,7.0,17.0,52.0,94.5,5.0,3.0,10.0,4.0,17.5,11.5,10.5,7.0,18.0,14.5,36.0,PASS_95X140X5_REFERENCE,12.0,136.5,142.5,290.0,-145.0|145.0,15.0,False,FAIL,BELT_NOMINAL_LT_14|BELT_RESIDUAL_LT_8|PULLEY_NOMINAL_LT_13_5|PULLEY_RESIDUAL_LT_10
G-IN3.00-P05.00-OUT07.50,0.5,1,,C/C,O/O,3.0,5.0,7.5,17.0,52.0,95.0,5.0,3.0,10.0,4.0,18.0,12.0,10.5,7.0,18.5,15.0,35.5,PASS_95X140X5_REFERENCE,12.0,136.5,142.5,290.0,-145.0|145.0,15.5,False,FAIL,BELT_NOMINAL_LT_14|BELT_RESIDUAL_LT_8|PULLEY_NOMINAL_LT_13_5|PULLEY_RESIDUAL_LT_10
G-IN3.00-P05.00-OUT08.00,0.5,1,,C/C,O/O,3.0,5.0,8.0,17.0,52.0,95.5,5.0,3.0,10.0,4.0,18.5,12.5,10.5,7.0,19.0,15.5,35.0,PASS_95X140X5_REFERENCE,12.0,136.5,142.5,290.0,-145.0|145.0,16.0,False,FAIL,BELT_NOMINAL_LT_14|BELT_RESIDUAL_LT_8|PULLEY_NOMINAL_LT_13_5|PULLEY_RESIDUAL_LT_10
G-IN3.00-P05.00-OUT08.50,0.5,1,,C/C,O/O,3.0,5.0,8.5,17.0,52.0,96.0,5.0,3.0,10.0,4.0,19.0,13.0,10.5,7.0,19.5,16.0,34.5,PASS_95X140X5_REFERENCE,12.0,136.5,142.5,290.0,-145.0|145.0,16.5,False,FAIL,BELT_NOMINAL_LT_14|BELT_RESIDUAL_LT_8|PULLEY_NOMINAL_LT_13_5|PULLEY_RESIDUAL_LT_10
G-IN3.00-P05.00-OUT09.00,0.5,1,,C/C,O/O,3.0,5.0,9.0,17.0,52.0,96.5,5.0,3.0,10.0,4.0,19.5,13.5,10.5,7.0,20.0,16.5,34.0,PASS_95X140X5_REFERENCE,12.0,136.5,142.5,290.0,-145.0|145.0,17.0,False,FAIL,BELT_NOMINAL_LT_14|BELT_RESIDUAL_LT_8|PULLEY_NOMINAL_LT_13_5|PULLEY_RESIDUAL_LT_10
G-IN3.00-P05.00-OUT09.50,0.5,1,,C/C,O/O,3.0,5.0,9.5,17.0,52.0,97.0,5.0,3.0,10.0,4.0,20.0,14.0,10.5,7.0,20.5,17.0,33.5,PASS_95X140X5_REFERENCE,12.0,136.5,142.5,290.0,-145.0|145.0,17.5,False,FAIL,BELT_NOMINAL_LT_14|BELT_RESIDUAL_LT_8|PULLEY_NOMINAL_LT_13_5|PULLEY_RESIDUAL_LT_10
G-IN3.00-P05.00-OUT10.00,0.5,1,,C/C,O/O,3.0,5.0,10.0,17.0,52.0,97.5,5.0,3.0,10.0,4.0,20.5,14.5,10.5,7.0,21.0,17.5,33.0,PASS_95X140X5_REFERENCE,12.0,136.5,142.5,290.0,-145.0|145.0,18.0,False,FAIL,BELT_NOMINAL_LT_14|BELT_RESIDUAL_LT_8|PULLEY_NOMINAL_LT_13_5|PULLEY_RESIDUAL_LT_10
G-IN3.00-P05.50-OUT03.00,0.5,1,,C/C,O/O,3.0,5.5,3.0,17.0,52.5,90.5,5.0,3.0,10.5,4.5,13.0,7.0,11.0,7.5,13.5,10.0,40.0,PASS_95X140X5_REFERENCE,12.0,136.5,142.5,290.0,-145.0|145.0,11.5,False,FAIL,BELT_NOMINAL_LT_14|BELT_RESIDUAL_LT_8|PULLEY_NOMINAL_LT_13_5|PULLEY_RESIDUAL_LT_10
G-IN3.00-P05.50-OUT03.50,0.5,1,,C/C,O/O,3.0,5.5,3.5,17.0,52.5,91.0,5.0,3.0,10.5,4.5,13.5,7.5,11.0,7.5,14.0,10.5,39.5,PASS_95X140X5_REFERENCE,12.0,136.5,142.5,290.0,-145.0|145.0,12.0,False,FAIL,BELT_NOMINAL_LT_14|BELT_RESIDUAL_LT_8|PULLEY_NOMINAL_LT_13_5|PULLEY_RESIDUAL_LT_10
G-IN3.00-P05.50-OUT04.00,0.5,1,,C/C,O/O,3.0,5.5,4.0,17.0,52.5,91.5,5.0,3.0,10.5,4.5,14.0,8.0,11.0,7.5,14.5,11.0,39.0,PASS_95X140X5_REFERENCE,12.0,136.5,142.5,290.0,-145.0|145.0,12.5,False,FAIL,BELT_NOMINAL_LT_14|BELT_RESIDUAL_LT_8|PULLEY_NOMINAL_LT_13_5|PULLEY_RESIDUAL_LT_10
G-IN3.00-P05.50-OUT04.50,0.5,1,,C/C,O/O,3.0,5.5,4.5,17.0,52.5,92.0,5.0,3.0,10.5,4.5,14.5,8.5,11.0,7.5,15.0,11.5,38.5,PASS_95X140X5_REFERENCE,12.0,136.5,142.5,290.0,-145.0|145.0,13.0,False,FAIL,BELT_NOMINAL_LT_14|BELT_RESIDUAL_LT_8|PULLEY_NOMINAL_LT_13_5|PULLEY_RESIDUAL_LT_10
G-IN3.00-P05.50-OUT05.00,0.5,1,,C/C,O/O,3.0,5.5,5.0,17.0,52.5,92.5,5.0,3.0,10.5,4.5,15.0,9.0,11.0,7.5,15.5,12.0,38.0,PASS_95X140X5_REFERENCE,12.0,136.5,142.5,290.0,-145.0|145.0,13.5,False,FAIL,BELT_NOMINAL_LT_14|BELT_RESIDUAL_LT_8|PULLEY_NOMINAL_LT_13_5|PULLEY_RESIDUAL_LT_10
G-IN3.00-P05.50-OUT05.50,0.5,1,,C/C,O/O,3.0,5.5,5.5,17.0,52.5,93.0,5.0,3.0,10.5,4.5,15.5,9.5,11.0,7.5,16.0,12.5,37.5,PASS_95X140X5_REFERENCE,12.0,136.5,142.5,290.0,-145.0|145.0,14.0,False,FAIL,BELT_NOMINAL_LT_14|BELT_RESIDUAL_LT_8|PULLEY_NOMINAL_LT_13_5|PULLEY_RESIDUAL_LT_10
G-IN3.00-P05.50-OUT06.00,0.5,1,,C/C,O/O,3.0,5.5,6.0,17.0,52.5,93.5,5.0,3.0,10.5,4.5,16.0,10.0,11.0,7.5,16.5,13.0,37.0,PASS_95X140X5_REFERENCE,12.0,136.5,142.5,290.0,-145.0|145.0,14.5,False,FAIL,BELT_NOMINAL_LT_14|BELT_RESIDUAL_LT_8|PULLEY_NOMINAL_LT_13_5|PULLEY_RESIDUAL_LT_10
G-IN3.00-P05.50-OUT06.50,0.5,1,,C/C,O/O,3.0,5.5,6.5,17.0,52.5,94.0,5.0,3.0,10.5,4.5,16.5,10.5,11.0,7.5,17.0,13.5,36.5,PASS_95X140X5_REFERENCE,12.0,136.5,142.5,290.0,-145.0|145.0,15.0,False,FAIL,BELT_NOMINAL_LT_14|BELT_RESIDUAL_LT_8|PULLEY_NOMINAL_LT_13_5|PULLEY_RESIDUAL_LT_10
G-IN3.00-P05.50-OUT07.00,0.5,1,,C/C,O/O,3.0,5.5,7.0,17.0,52.5,94.5,5.0,3.0,10.5,4.5,17.0,11.0,11.0,7.5,17.5,14.0,36.0,PASS_95X140X5_REFERENCE,12.0,136.5,142.5,290.0,-145.0|145.0,15.5,False,FAIL,BELT_NOMINAL_LT_14|BELT_RESIDUAL_LT_8|PULLEY_NOMINAL_LT_13_5|PULLEY_RESIDUAL_LT_10
G-IN3.00-P05.50-OUT07.50,0.5,1,,C/C,O/O,3.0,5.5,7.5,17.0,52.5,95.0,5.0,3.0,10.5,4.5,17.5,11.5,11.0,7.5,18.0,14.5,35.5,PASS_95X140X5_REFERENCE,12.0,136.5,142.5,290.0,-145.0|145.0,16.0,False,FAIL,BELT_NOMINAL_LT_14|BELT_RESIDUAL_LT_8|PULLEY_NOMINAL_LT_13_5|PULLEY_RESIDUAL_LT_10
G-IN3.00-P05.50-OUT08.00,0.5,1,,C/C,O/O,3.0,5.5,8.0,17.0,52.5,95.5,5.0,3.0,10.5,4.5,18.0,12.0,11.0,7.5,18.5,15.0,35.0,PASS_95X140X5_REFERENCE,12.0,136.5,142.5,290.0,-145.0|145.0,16.5,False,FAIL,BELT_NOMINAL_LT_14|BELT_RESIDUAL_LT_8|PULLEY_NOMINAL_LT_13_5|PULLEY_RESIDUAL_LT_10
G-IN3.00-P05.50-OUT08.50,0.5,1,,C/C,O/O,3.0,5.5,8.5,17.0,52.5,96.0,5.0,3.0,10.5,4.5,18.5,12.5,11.0,7.5,19.0,15.5,34.5,PASS_95X140X5_REFERENCE,12.0,136.5,142.5,290.0,-145.0|145.0,17.0,False,FAIL,BELT_NOMINAL_LT_14|BELT_RESIDUAL_LT_8|PULLEY_NOMINAL_LT_13_5|PULLEY_RESIDUAL_LT_10
G-IN3.00-P05.50-OUT09.00,0.5,1,,C/C,O/O,3.0,5.5,9.0,17.0,52.5,96.5,5.0,3.0,10.5,4.5,19.0,13.0,11.0,7.5,19.5,16.0,34.0,PASS_95X140X5_REFERENCE,12.0,136.5,142.5,290.0,-145.0|145.0,17.5,False,FAIL,BELT_NOMINAL_LT_14|BELT_RESIDUAL_LT_8|PULLEY_NOMINAL_LT_13_5|PULLEY_RESIDUAL_LT_10
G-IN3.00-P05.50-OUT09.50,0.5,1,,C/C,O/O,3.0,5.5,9.5,17.0,52.5,97.0,5.0,3.0,10.5,4.5,19.5,13.5,11.0,7.5,20.0,16.5,33.5,PASS_95X140X5_REFERENCE,12.0,136.5,142.5,290.0,-145.0|145.0,18.0,False,FAIL,BELT_NOMINAL_LT_14|BELT_RESIDUAL_LT_8|PULLEY_NOMINAL_LT_13_5|PULLEY_RESIDUAL_LT_10
G-IN3.00-P05.50-OUT10.00,0.5,1,,C/C,O/O,3.0,5.5,10.0,17.0,52.5,97.5,5.0,3.0,10.5,4.5,20.0,14.0,11.0,7.5,20.5,17.0,33.0,PASS_95X140X5_REFERENCE,12.0,136.5,142.5,290.0,-145.0|145.0,18.5,False,FAIL,BELT_NOMINAL_LT_14|BELT_RESIDUAL_LT_8|PULLEY_NOMINAL_LT_13_5|PULLEY_RESIDUAL_LT_10
G-IN3.00-P06.00-OUT03.00,0.5,1,,C/C,O/O,3.0,6.0,3.0,17.0,53.0,90.5,5.0,3.0,11.0,5.0,12.5,6.5,11.5,8.0,13.0,9.5,40.0,PASS_95X140X5_REFERENCE,12.0,136.5,142.5,290.0,-145.0|145.0,12.0,False,FAIL,BELT_NOMINAL_LT_14|BELT_RESIDUAL_LT_8|PULLEY_NOMINAL_LT_13_5|PULLEY_RESIDUAL_LT_10
G-IN3.00-P06.00-OUT03.50,0.5,1,,C/C,O/O,3.0,6.0,3.5,17.0,53.0,91.0,5.0,3.0,11.0,5.0,13.0,7.0,11.5,8.0,13.5,10.0,39.5,PASS_95X140X5_REFERENCE,12.0,136.5,142.5,290.0,-145.0|145.0,12.5,False,FAIL,BELT_NOMINAL_LT_14|BELT_RESIDUAL_LT_8|PULLEY_NOMINAL_LT_13_5|PULLEY_RESIDUAL_LT_10
G-IN3.00-P06.00-OUT04.00,0.5,1,,C/C,O/O,3.0,6.0,4.0,17.0,53.0,91.5,5.0,3.0,11.0,5.0,13.5,7.5,11.5,8.0,14.0,10.5,39.0,PASS_95X140X5_REFERENCE,12.0,136.5,142.5,290.0,-145.0|145.0,13.0,False,FAIL,BELT_NOMINAL_LT_14|BELT_RESIDUAL_LT_8|PULLEY_NOMINAL_LT_13_5|PULLEY_RESIDUAL_LT_10
G-IN3.00-P06.00-OUT04.50,0.5,1,,C/C,O/O,3.0,6.0,4.5,17.0,53.0,92.0,5.0,3.0,11.0,5.0,14.0,8.0,11.5,8.0,14.5,11.0,38.5,PASS_95X140X5_REFERENCE,12.0,136.5,142.5,290.0,-145.0|145.0,13.5,False,FAIL,BELT_NOMINAL_LT_14|BELT_RESIDUAL_LT_8|PULLEY_NOMINAL_LT_13_5|PULLEY_RESIDUAL_LT_10
G-IN3.00-P06.00-OUT05.00,0.5,1,,C/C,O/O,3.0,6.0,5.0,17.0,53.0,92.5,5.0,3.0,11.0,5.0,14.5,8.5,11.5,8.0,15.0,11.5,38.0,PASS_95X140X5_REFERENCE,12.0,136.5,142.5,290.0,-145.0|145.0,14.0,False,FAIL,BELT_NOMINAL_LT_14|BELT_RESIDUAL_LT_8|PULLEY_NOMINAL_LT_13_5|PULLEY_RESIDUAL_LT_10
G-IN3.00-P06.00-OUT05.50,0.5,1,,C/C,O/O,3.0,6.0,5.5,17.0,53.0,93.0,5.0,3.0,11.0,5.0,15.0,9.0,11.5,8.0,15.5,12.0,37.5,PASS_95X140X5_REFERENCE,12.0,136.5,142.5,290.0,-145.0|145.0,14.5,False,FAIL,BELT_NOMINAL_LT_14|BELT_RESIDUAL_LT_8|PULLEY_NOMINAL_LT_13_5|PULLEY_RESIDUAL_LT_10
G-IN3.00-P06.00-OUT06.00,0.5,1,,C/C,O/O,3.0,6.0,6.0,17.0,53.0,93.5,5.0,3.0,11.0,5.0,15.5,9.5,11.5,8.0,16.0,12.5,37.0,PASS_95X140X5_REFERENCE,12.0,136.5,142.5,290.0,-145.0|145.0,15.0,False,FAIL,BELT_NOMINAL_LT_14|BELT_RESIDUAL_LT_8|PULLEY_NOMINAL_LT_13_5|PULLEY_RESIDUAL_LT_10
G-IN3.00-P06.00-OUT06.50,0.5,1,,C/C,O/O,3.0,6.0,6.5,17.0,53.0,94.0,5.0,3.0,11.0,5.0,16.0,10.0,11.5,8.0,16.5,13.0,36.5,PASS_95X140X5_REFERENCE,12.0,136.5,142.5,290.0,-145.0|145.0,15.5,False,FAIL,BELT_NOMINAL_LT_14|BELT_RESIDUAL_LT_8|PULLEY_NOMINAL_LT_13_5|PULLEY_RESIDUAL_LT_10
G-IN3.00-P06.00-OUT07.00,0.5,1,,C/C,O/O,3.0,6.0,7.0,17.0,53.0,94.5,5.0,3.0,11.0,5.0,16.5,10.5,11.5,8.0,17.0,13.5,36.0,PASS_95X140X5_REFERENCE,12.0,136.5,142.5,290.0,-145.0|145.0,16.0,False,FAIL,BELT_NOMINAL_LT_14|BELT_RESIDUAL_LT_8|PULLEY_NOMINAL_LT_13_5|PULLEY_RESIDUAL_LT_10
G-IN3.00-P06.00-OUT07.50,0.5,1,,C/C,O/O,3.0,6.0,7.5,17.0,53.0,95.0,5.0,3.0,11.0,5.0,17.0,11.0,11.5,8.0,17.5,14.0,35.5,PASS_95X140X5_REFERENCE,12.0,136.5,142.5,290.0,-145.0|145.0,16.5,False,FAIL,BELT_NOMINAL_LT_14|BELT_RESIDUAL_LT_8|PULLEY_NOMINAL_LT_13_5|PULLEY_RESIDUAL_LT_10
G-IN3.00-P06.00-OUT08.00,0.5,1,,C/C,O/O,3.0,6.0,8.0,17.0,53.0,95.5,5.0,3.0,11.0,5.0,17.5,11.5,11.5,8.0,18.0,14.5,35.0,PASS_95X140X5_REFERENCE,12.0,136.5,142.5,290.0,-145.0|145.0,17.0,False,FAIL,BELT_NOMINAL_LT_14|BELT_RESIDUAL_LT_8|PULLEY_NOMINAL_LT_13_5|PULLEY_RESIDUAL_LT_10
G-IN3.00-P06.00-OUT08.50,0.5,1,,C/C,O/O,3.0,6.0,8.5,17.0,53.0,96.0,5.0,3.0,11.0,5.0,18.0,12.0,11.5,8.0,18.5,15.0,34.5,PASS_95X140X5_REFERENCE,12.0,136.5,142.5,290.0,-145.0|145.0,17.5,False,FAIL,BELT_NOMINAL_LT_14|BELT_RESIDUAL_LT_8|PULLEY_NOMINAL_LT_13_5|PULLEY_RESIDUAL_LT_10
G-IN3.00-P06.00-OUT09.00,0.5,1,,C/C,O/O,3.0,6.0,9.0,17.0,53.0,96.5,5.0,3.0,11.0,5.0,18.5,12.5,11.5,8.0,19.0,15.5,34.0,PASS_95X140X5_REFERENCE,12.0,136.5,142.5,290.0,-145.0|145.0,18.0,False,FAIL,BELT_NOMINAL_LT_14|BELT_RESIDUAL_LT_8|PULLEY_NOMINAL_LT_13_5|PULLEY_RESIDUAL_LT_10
G-IN3.00-P06.00-OUT09.50,0.5,1,,C/C,O/O,3.0,6.0,9.5,17.0,53.0,97.0,5.0,3.0,11.0,5.0,19.0,13.0,11.5,8.0,19.5,16.0,33.5,PASS_95X140X5_REFERENCE,12.0,136.5,142.5,290.0,-145.0|145.0,18.5,False,FAIL,BELT_NOMINAL_LT_14|BELT_RESIDUAL_LT_8|PULLEY_NOMINAL_LT_13_5|PULLEY_RESIDUAL_LT_10
G-IN3.00-P06.00-OUT10.00,0.5,1,,C/C,O/O,3.0,6.0,10.0,17.0,53.0,97.5,5.0,3.0,11.0,5.0,19.5,13.5,11.5,8.0,20.0,16.5,33.0,PASS_95X140X5_REFERENCE,12.0,136.5,142.5,290.0,-145.0|145.0,19.0,False,FAIL,BELT_NOMINAL_LT_14|BELT_RESIDUAL_LT_8|PULLEY_NOMINAL_LT_13_5|PULLEY_RESIDUAL_LT_10
G-IN3.00-P06.50-OUT03.00,0.5,1,,C/C,O/O,3.0,6.5,3.0,17.0,53.5,90.5,5.0,3.0,11.5,5.5,12.0,6.0,12.0,8.5,12.5,9.0,40.0,PASS_95X140X5_REFERENCE,12.0,136.5,142.5,290.0,-145.0|145.0,12.5,False,FAIL,BELT_NOMINAL_LT_14|BELT_RESIDUAL_LT_8|PULLEY_NOMINAL_LT_13_5|PULLEY_RESIDUAL_LT_10
G-IN3.00-P06.50-OUT03.50,0.5,1,,C/C,O/O,3.0,6.5,3.5,17.0,53.5,91.0,5.0,3.0,11.5,5.5,12.5,6.5,12.0,8.5,13.0,9.5,39.5,PASS_95X140X5_REFERENCE,12.0,136.5,142.5,290.0,-145.0|145.0,13.0,False,FAIL,BELT_NOMINAL_LT_14|BELT_RESIDUAL_LT_8|PULLEY_NOMINAL_LT_13_5|PULLEY_RESIDUAL_LT_10
G-IN3.00-P06.50-OUT04.00,0.5,1,,C/C,O/O,3.0,6.5,4.0,17.0,53.5,91.5,5.0,3.0,11.5,5.5,13.0,7.0,12.0,8.5,13.5,10.0,39.0,PASS_95X140X5_REFERENCE,12.0,136.5,142.5,290.0,-145.0|145.0,13.5,False,FAIL,BELT_NOMINAL_LT_14|BELT_RESIDUAL_LT_8|PULLEY_NOMINAL_LT_13_5|PULLEY_RESIDUAL_LT_10
G-IN3.00-P06.50-OUT04.50,0.5,1,,C/C,O/O,3.0,6.5,4.5,17.0,53.5,92.0,5.0,3.0,11.5,5.5,13.5,7.5,12.0,8.5,14.0,10.5,38.5,PASS_95X140X5_REFERENCE,12.0,136.5,142.5,290.0,-145.0|145.0,14.0,False,FAIL,BELT_NOMINAL_LT_14|BELT_RESIDUAL_LT_8|PULLEY_NOMINAL_LT_13_5|PULLEY_RESIDUAL_LT_10
G-IN3.00-P06.50-OUT05.00,0.5,1,,C/C,O/O,3.0,6.5,5.0,17.0,53.5,92.5,5.0,3.0,11.5,5.5,14.0,8.0,12.0,8.5,14.5,11.0,38.0,PASS_95X140X5_REFERENCE,12.0,136.5,142.5,290.0,-145.0|145.0,14.5,False,FAIL,BELT_NOMINAL_LT_14|BELT_RESIDUAL_LT_8|PULLEY_NOMINAL_LT_13_5|PULLEY_RESIDUAL_LT_10
G-IN3.00-P06.50-OUT05.50,0.5,1,,C/C,O/O,3.0,6.5,5.5,17.0,53.5,93.0,5.0,3.0,11.5,5.5,14.5,8.5,12.0,8.5,15.0,11.5,37.5,PASS_95X140X5_REFERENCE,12.0,136.5,142.5,290.0,-145.0|145.0,15.0,False,FAIL,BELT_NOMINAL_LT_14|BELT_RESIDUAL_LT_8|PULLEY_NOMINAL_LT_13_5|PULLEY_RESIDUAL_LT_10
G-IN3.00-P06.50-OUT06.00,0.5,1,,C/C,O/O,3.0,6.5,6.0,17.0,53.5,93.5,5.0,3.0,11.5,5.5,15.0,9.0,12.0,8.5,15.5,12.0,37.0,PASS_95X140X5_REFERENCE,12.0,136.5,142.5,290.0,-145.0|145.0,15.5,False,FAIL,BELT_NOMINAL_LT_14|BELT_RESIDUAL_LT_8|PULLEY_NOMINAL_LT_13_5|PULLEY_RESIDUAL_LT_10
G-IN3.00-P06.50-OUT06.50,0.5,1,,C/C,O/O,3.0,6.5,6.5,17.0,53.5,94.0,5.0,3.0,11.5,5.5,15.5,9.5,12.0,8.5,16.0,12.5,36.5,PASS_95X140X5_REFERENCE,12.0,136.5,142.5,290.0,-145.0|145.0,16.0,False,FAIL,BELT_NOMINAL_LT_14|BELT_RESIDUAL_LT_8|PULLEY_NOMINAL_LT_13_5|PULLEY_RESIDUAL_LT_10
G-IN3.00-P06.50-OUT07.00,0.5,1,,C/C,O/O,3.0,6.5,7.0,17.0,53.5,94.5,5.0,3.0,11.5,5.5,16.0,10.0,12.0,8.5,16.5,13.0,36.0,PASS_95X140X5_REFERENCE,12.0,136.5,142.5,290.0,-145.0|145.0,16.5,False,FAIL,BELT_NOMINAL_LT_14|BELT_RESIDUAL_LT_8|PULLEY_NOMINAL_LT_13_5|PULLEY_RESIDUAL_LT_10
G-IN3.00-P06.50-OUT07.50,0.5,1,,C/C,O/O,3.0,6.5,7.5,17.0,53.5,95.0,5.0,3.0,11.5,5.5,16.5,10.5,12.0,8.5,17.0,13.5,35.5,PASS_95X140X5_REFERENCE,12.0,136.5,142.5,290.0,-145.0|145.0,17.0,False,FAIL,BELT_NOMINAL_LT_14|BELT_RESIDUAL_LT_8|PULLEY_NOMINAL_LT_13_5|PULLEY_RESIDUAL_LT_10
G-IN3.00-P06.50-OUT08.00,0.5,1,,C/C,O/O,3.0,6.5,8.0,17.0,53.5,95.5,5.0,3.0,11.5,5.5,17.0,11.0,12.0,8.5,17.5,14.0,35.0,PASS_95X140X5_REFERENCE,12.0,136.5,142.5,290.0,-145.0|145.0,17.5,False,FAIL,BELT_NOMINAL_LT_14|BELT_RESIDUAL_LT_8|PULLEY_NOMINAL_LT_13_5|PULLEY_RESIDUAL_LT_10
G-IN3.00-P06.50-OUT08.50,0.5,1,,C/C,O/O,3.0,6.5,8.5,17.0,53.5,96.0,5.0,3.0,11.5,5.5,17.5,11.5,12.0,8.5,18.0,14.5,34.5,PASS_95X140X5_REFERENCE,12.0,136.5,142.5,290.0,-145.0|145.0,18.0,False,FAIL,BELT_NOMINAL_LT_14|BELT_RESIDUAL_LT_8|PULLEY_NOMINAL_LT_13_5|PULLEY_RESIDUAL_LT_10
G-IN3.00-P06.50-OUT09.00,0.5,1,,C/C,O/O,3.0,6.5,9.0,17.0,53.5,96.5,5.0,3.0,11.5,5.5,18.0,12.0,12.0,8.5,18.5,15.0,34.0,PASS_95X140X5_REFERENCE,12.0,136.5,142.5,290.0,-145.0|145.0,18.5,False,FAIL,BELT_NOMINAL_LT_14|BELT_RESIDUAL_LT_8|PULLEY_NOMINAL_LT_13_5|PULLEY_RESIDUAL_LT_10
G-IN3.00-P06.50-OUT09.50,0.5,1,,C/C,O/O,3.0,6.5,9.5,17.0,53.5,97.0,5.0,3.0,11.5,5.5,18.5,12.5,12.0,8.5,19.0,15.5,33.5,PASS_95X140X5_REFERENCE,12.0,136.5,142.5,290.0,-145.0|145.0,19.0,False,FAIL,BELT_NOMINAL_LT_14|BELT_RESIDUAL_LT_8|PULLEY_NOMINAL_LT_13_5|PULLEY_RESIDUAL_LT_10
G-IN3.00-P06.50-OUT10.00,0.5,1,,C/C,O/O,3.0,6.5,10.0,17.0,53.5,97.5,5.0,3.0,11.5,5.5,19.0,13.0,12.0,8.5,19.5,16.0,33.0,PASS_95X140X5_REFERENCE,12.0,136.5,142.5,290.0,-145.0|145.0,19.5,False,FAIL,BELT_NOMINAL_LT_14|BELT_RESIDUAL_LT_8|PULLEY_NOMINAL_LT_13_5|PULLEY_RESIDUAL_LT_10
G-IN3.00-P07.00-OUT03.00,0.5,1,,C/C,O/O,3.0,7.0,3.0,17.0,54.0,90.5,5.0,3.0,12.0,6.0,11.5,5.5,12.5,9.0,12.0,8.5,40.0,PASS_95X140X5_REFERENCE,12.0,136.5,142.5,290.0,-145.0|145.0,13.0,False,FAIL,BELT_NOMINAL_LT_14|BELT_RESIDUAL_LT_8|PULLEY_NOMINAL_LT_13_5|PULLEY_RESIDUAL_LT_10
G-IN3.00-P07.00-OUT03.50,0.5,1,,C/C,O/O,3.0,7.0,3.5,17.0,54.0,91.0,5.0,3.0,12.0,6.0,12.0,6.0,12.5,9.0,12.5,9.0,39.5,PASS_95X140X5_REFERENCE,12.0,136.5,142.5,290.0,-145.0|145.0,13.5,False,FAIL,BELT_NOMINAL_LT_14|BELT_RESIDUAL_LT_8|PULLEY_NOMINAL_LT_13_5|PULLEY_RESIDUAL_LT_10
G-IN3.00-P07.00-OUT04.00,0.5,1,,C/C,O/O,3.0,7.0,4.0,17.0,54.0,91.5,5.0,3.0,12.0,6.0,12.5,6.5,12.5,9.0,13.0,9.5,39.0,PASS_95X140X5_REFERENCE,12.0,136.5,142.5,290.0,-145.0|145.0,14.0,False,FAIL,BELT_NOMINAL_LT_14|BELT_RESIDUAL_LT_8|PULLEY_NOMINAL_LT_13_5|PULLEY_RESIDUAL_LT_10
G-IN3.00-P07.00-OUT04.50,0.5,1,,C/C,O/O,3.0,7.0,4.5,17.0,54.0,92.0,5.0,3.0,12.0,6.0,13.0,7.0,12.5,9.0,13.5,10.0,38.5,PASS_95X140X5_REFERENCE,12.0,136.5,142.5,290.0,-145.0|145.0,14.5,False,FAIL,BELT_NOMINAL_LT_14|BELT_RESIDUAL_LT_8|PULLEY_NOMINAL_LT_13_5|PULLEY_RESIDUAL_LT_10
G-IN3.00-P07.00-OUT05.00,0.5,1,,C/C,O/O,3.0,7.0,5.0,17.0,54.0,92.5,5.0,3.0,12.0,6.0,13.5,7.5,12.5,9.0,14.0,10.5,38.0,PASS_95X140X5_REFERENCE,12.0,136.5,142.5,290.0,-145.0|145.0,15.0,False,FAIL,BELT_NOMINAL_LT_14|BELT_RESIDUAL_LT_8|PULLEY_NOMINAL_LT_13_5|PULLEY_RESIDUAL_LT_10
G-IN3.00-P07.00-OUT05.50,0.5,1,,C/C,O/O,3.0,7.0,5.5,17.0,54.0,93.0,5.0,3.0,12.0,6.0,14.0,8.0,12.5,9.0,14.5,11.0,37.5,PASS_95X140X5_REFERENCE,12.0,136.5,142.5,290.0,-145.0|145.0,15.5,False,FAIL,BELT_NOMINAL_LT_14|BELT_RESIDUAL_LT_8|PULLEY_NOMINAL_LT_13_5|PULLEY_RESIDUAL_LT_10
G-IN3.00-P07.00-OUT06.00,0.5,1,,C/C,O/O,3.0,7.0,6.0,17.0,54.0,93.5,5.0,3.0,12.0,6.0,14.5,8.5,12.5,9.0,15.0,11.5,37.0,PASS_95X140X5_REFERENCE,12.0,136.5,142.5,290.0,-145.0|145.0,16.0,False,FAIL,BELT_NOMINAL_LT_14|BELT_RESIDUAL_LT_8|PULLEY_NOMINAL_LT_13_5|PULLEY_RESIDUAL_LT_10
G-IN3.00-P07.00-OUT06.50,0.5,1,,C/C,O/O,3.0,7.0,6.5,17.0,54.0,94.0,5.0,3.0,12.0,6.0,15.0,9.0,12.5,9.0,15.5,12.0,36.5,PASS_95X140X5_REFERENCE,12.0,136.5,142.5,290.0,-145.0|145.0,16.5,False,FAIL,BELT_NOMINAL_LT_14|BELT_RESIDUAL_LT_8|PULLEY_NOMINAL_LT_13_5|PULLEY_RESIDUAL_LT_10
G-IN3.00-P07.00-OUT07.00,0.5,1,,C/C,O/O,3.0,7.0,7.0,17.0,54.0,94.5,5.0,3.0,12.0,6.0,15.5,9.5,12.5,9.0,16.0,12.5,36.0,PASS_95X140X5_REFERENCE,12.0,136.5,142.5,290.0,-145.0|145.0,17.0,False,FAIL,BELT_NOMINAL_LT_14|BELT_RESIDUAL_LT_8|PULLEY_NOMINAL_LT_13_5|PULLEY_RESIDUAL_LT_10
G-IN3.00-P07.00-OUT07.50,0.5,1,,C/C,O/O,3.0,7.0,7.5,17.0,54.0,95.0,5.0,3.0,12.0,6.0,16.0,10.0,12.5,9.0,16.5,13.0,35.5,PASS_95X140X5_REFERENCE,12.0,136.5,142.5,290.0,-145.0|145.0,17.5,False,FAIL,BELT_NOMINAL_LT_14|BELT_RESIDUAL_LT_8|PULLEY_NOMINAL_LT_13_5|PULLEY_RESIDUAL_LT_10
G-IN3.00-P07.00-OUT08.00,0.5,1,,C/C,O/O,3.0,7.0,8.0,17.0,54.0,95.5,5.0,3.0,12.0,6.0,16.5,10.5,12.5,9.0,17.0,13.5,35.0,PASS_95X140X5_REFERENCE,12.0,136.5,142.5,290.0,-145.0|145.0,18.0,False,FAIL,BELT_NOMINAL_LT_14|BELT_RESIDUAL_LT_8|PULLEY_NOMINAL_LT_13_5|PULLEY_RESIDUAL_LT_10
G-IN3.00-P07.00-OUT08.50,0.5,1,,C/C,O/O,3.0,7.0,8.5,17.0,54.0,96.0,5.0,3.0,12.0,6.0,17.0,11.0,12.5,9.0,17.5,14.0,34.5,PASS_95X140X5_REFERENCE,12.0,136.5,142.5,290.0,-145.0|145.0,18.5,False,FAIL,BELT_NOMINAL_LT_14|BELT_RESIDUAL_LT_8|PULLEY_NOMINAL_LT_13_5|PULLEY_RESIDUAL_LT_10
G-IN3.00-P07.00-OUT09.00,0.5,1,,C/C,O/O,3.0,7.0,9.0,17.0,54.0,96.5,5.0,3.0,12.0,6.0,17.5,11.5,12.5,9.0,18.0,14.5,34.0,PASS_95X140X5_REFERENCE,12.0,136.5,142.5,290.0,-145.0|145.0,19.0,False,FAIL,BELT_NOMINAL_LT_14|BELT_RESIDUAL_LT_8|PULLEY_NOMINAL_LT_13_5|PULLEY_RESIDUAL_LT_10
G-IN3.00-P07.00-OUT09.50,0.5,1,,C/C,O/O,3.0,7.0,9.5,17.0,54.0,97.0,5.0,3.0,12.0,6.0,18.0,12.0,12.5,9.0,18.5,15.0,33.5,PASS_95X140X5_REFERENCE,12.0,136.5,142.5,290.0,-145.0|145.0,19.5,False,FAIL,BELT_NOMINAL_LT_14|BELT_RESIDUAL_LT_8|PULLEY_NOMINAL_LT_13_5|PULLEY_RESIDUAL_LT_10
G-IN3.00-P07.00-OUT10.00,0.5,1,,C/C,O/O,3.0,7.0,10.0,17.0,54.0,97.5,5.0,3.0,12.0,6.0,18.5,12.5,12.5,9.0,19.0,15.5,33.0,PASS_95X140X5_REFERENCE,12.0,136.5,142.5,290.0,-145.0|145.0,20.0,False,FAIL,BELT_NOMINAL_LT_14|BELT_RESIDUAL_LT_8|PULLEY_NOMINAL_LT_13_5|PULLEY_RESIDUAL_LT_10
G-IN3.00-P07.50-OUT03.00,0.5,1,,C/C,O/O,3.0,7.5,3.0,17.0,54.5,90.5,5.0,3.0,12.5,6.5,11.0,5.0,13.0,9.5,11.5,8.0,40.0,PASS_95X140X5_REFERENCE,12.0,136.5,142.5,290.0,-145.0|145.0,13.5,False,FAIL,BELT_NOMINAL_LT_14|BELT_RESIDUAL_LT_8|PULLEY_NOMINAL_LT_13_5|PULLEY_RESIDUAL_LT_10
G-IN3.00-P07.50-OUT03.50,0.5,1,,C/C,O/O,3.0,7.5,3.5,17.0,54.5,91.0,5.0,3.0,12.5,6.5,11.5,5.5,13.0,9.5,12.0,8.5,39.5,PASS_95X140X5_REFERENCE,12.0,136.5,142.5,290.0,-145.0|145.0,14.0,False,FAIL,BELT_NOMINAL_LT_14|BELT_RESIDUAL_LT_8|PULLEY_NOMINAL_LT_13_5|PULLEY_RESIDUAL_LT_10
G-IN3.00-P07.50-OUT04.00,0.5,1,,C/C,O/O,3.0,7.5,4.0,17.0,54.5,91.5,5.0,3.0,12.5,6.5,12.0,6.0,13.0,9.5,12.5,9.0,39.0,PASS_95X140X5_REFERENCE,12.0,136.5,142.5,290.0,-145.0|145.0,14.5,False,FAIL,BELT_NOMINAL_LT_14|BELT_RESIDUAL_LT_8|PULLEY_NOMINAL_LT_13_5|PULLEY_RESIDUAL_LT_10
G-IN3.00-P07.50-OUT04.50,0.5,1,,C/C,O/O,3.0,7.5,4.5,17.0,54.5,92.0,5.0,3.0,12.5,6.5,12.5,6.5,13.0,9.5,13.0,9.5,38.5,PASS_95X140X5_REFERENCE,12.0,136.5,142.5,290.0,-145.0|145.0,15.0,False,FAIL,BELT_NOMINAL_LT_14|BELT_RESIDUAL_LT_8|PULLEY_NOMINAL_LT_13_5|PULLEY_RESIDUAL_LT_10
G-IN3.00-P07.50-OUT05.00,0.5,1,,C/C,O/O,3.0,7.5,5.0,17.0,54.5,92.5,5.0,3.0,12.5,6.5,13.0,7.0,13.0,9.5,13.5,10.0,38.0,PASS_95X140X5_REFERENCE,12.0,136.5,142.5,290.0,-145.0|145.0,15.5,False,FAIL,BELT_NOMINAL_LT_14|BELT_RESIDUAL_LT_8|PULLEY_NOMINAL_LT_13_5|PULLEY_RESIDUAL_LT_10
G-IN3.00-P07.50-OUT05.50,0.5,1,,C/C,O/O,3.0,7.5,5.5,17.0,54.5,93.0,5.0,3.0,12.5,6.5,13.5,7.5,13.0,9.5,14.0,10.5,37.5,PASS_95X140X5_REFERENCE,12.0,136.5,142.5,290.0,-145.0|145.0,16.0,False,FAIL,BELT_NOMINAL_LT_14|BELT_RESIDUAL_LT_8|PULLEY_NOMINAL_LT_13_5|PULLEY_RESIDUAL_LT_10
G-IN3.00-P07.50-OUT06.00,0.5,1,,C/C,O/O,3.0,7.5,6.0,17.0,54.5,93.5,5.0,3.0,12.5,6.5,14.0,8.0,13.0,9.5,14.5,11.0,37.0,PASS_95X140X5_REFERENCE,12.0,136.5,142.5,290.0,-145.0|145.0,16.5,False,FAIL,BELT_NOMINAL_LT_14|BELT_RESIDUAL_LT_8|PULLEY_NOMINAL_LT_13_5|PULLEY_RESIDUAL_LT_10
G-IN3.00-P07.50-OUT06.50,0.5,1,,C/C,O/O,3.0,7.5,6.5,17.0,54.5,94.0,5.0,3.0,12.5,6.5,14.5,8.5,13.0,9.5,15.0,11.5,36.5,PASS_95X140X5_REFERENCE,12.0,136.5,142.5,290.0,-145.0|145.0,17.0,False,FAIL,BELT_NOMINAL_LT_14|BELT_RESIDUAL_LT_8|PULLEY_NOMINAL_LT_13_5|PULLEY_RESIDUAL_LT_10
G-IN3.00-P07.50-OUT07.00,0.5,1,,C/C,O/O,3.0,7.5,7.0,17.0,54.5,94.5,5.0,3.0,12.5,6.5,15.0,9.0,13.0,9.5,15.5,12.0,36.0,PASS_95X140X5_REFERENCE,12.0,136.5,142.5,290.0,-145.0|145.0,17.5,False,FAIL,BELT_NOMINAL_LT_14|BELT_RESIDUAL_LT_8|PULLEY_NOMINAL_LT_13_5|PULLEY_RESIDUAL_LT_10
G-IN3.00-P07.50-OUT07.50,0.5,1,,C/C,O/O,3.0,7.5,7.5,17.0,54.5,95.0,5.0,3.0,12.5,6.5,15.5,9.5,13.0,9.5,16.0,12.5,35.5,PASS_95X140X5_REFERENCE,12.0,136.5,142.5,290.0,-145.0|145.0,18.0,False,FAIL,BELT_NOMINAL_LT_14|BELT_RESIDUAL_LT_8|PULLEY_NOMINAL_LT_13_5|PULLEY_RESIDUAL_LT_10
G-IN3.00-P07.50-OUT08.00,0.5,1,,C/C,O/O,3.0,7.5,8.0,17.0,54.5,95.5,5.0,3.0,12.5,6.5,16.0,10.0,13.0,9.5,16.5,13.0,35.0,PASS_95X140X5_REFERENCE,12.0,136.5,142.5,290.0,-145.0|145.0,18.5,False,FAIL,BELT_NOMINAL_LT_14|BELT_RESIDUAL_LT_8|PULLEY_NOMINAL_LT_13_5|PULLEY_RESIDUAL_LT_10
G-IN3.00-P07.50-OUT08.50,0.5,1,,C/C,O/O,3.0,7.5,8.5,17.0,54.5,96.0,5.0,3.0,12.5,6.5,16.5,10.5,13.0,9.5,17.0,13.5,34.5,PASS_95X140X5_REFERENCE,12.0,136.5,142.5,290.0,-145.0|145.0,19.0,False,FAIL,BELT_NOMINAL_LT_14|BELT_RESIDUAL_LT_8|PULLEY_NOMINAL_LT_13_5|PULLEY_RESIDUAL_LT_10
G-IN3.00-P07.50-OUT09.00,0.5,1,,C/C,O/O,3.0,7.5,9.0,17.0,54.5,96.5,5.0,3.0,12.5,6.5,17.0,11.0,13.0,9.5,17.5,14.0,34.0,PASS_95X140X5_REFERENCE,12.0,136.5,142.5,290.0,-145.0|145.0,19.5,False,FAIL,BELT_NOMINAL_LT_14|BELT_RESIDUAL_LT_8|PULLEY_NOMINAL_LT_13_5|PULLEY_RESIDUAL_LT_10
G-IN3.00-P07.50-OUT09.50,0.5,1,,C/C,O/O,3.0,7.5,9.5,17.0,54.5,97.0,5.0,3.0,12.5,6.5,17.5,11.5,13.0,9.5,18.0,14.5,33.5,PASS_95X140X5_REFERENCE,12.0,136.5,142.5,290.0,-145.0|145.0,20.0,False,FAIL,BELT_NOMINAL_LT_14|BELT_RESIDUAL_LT_8|PULLEY_NOMINAL_LT_13_5|PULLEY_RESIDUAL_LT_10
G-IN3.00-P07.50-OUT10.00,0.5,1,,C/C,O/O,3.0,7.5,10.0,17.0,54.5,97.5,5.0,3.0,12.5,6.5,18.0,12.0,13.0,9.5,18.5,15.0,33.0,PASS_95X140X5_REFERENCE,12.0,136.5,142.5,290.0,-145.0|145.0,20.5,False,FAIL,BELT_NOMINAL_LT_14|BELT_RESIDUAL_LT_8|PULLEY_NOMINAL_LT_13_5|PULLEY_RESIDUAL_LT_10
G-IN3.00-P08.00-OUT03.00,0.5,1,,C/C,O/O,3.0,8.0,3.0,17.0,55.0,90.5,5.0,3.0,13.0,7.0,10.5,4.5,13.5,10.0,11.0,7.5,40.0,PASS_95X140X5_REFERENCE,12.0,136.5,142.5,290.0,-145.0|145.0,14.0,False,FAIL,BELT_NOMINAL_LT_14|BELT_RESIDUAL_LT_8|PULLEY_NOMINAL_LT_13_5|PULLEY_RESIDUAL_LT_10
G-IN3.00-P08.00-OUT03.50,0.5,1,,C/C,O/O,3.0,8.0,3.5,17.0,55.0,91.0,5.0,3.0,13.0,7.0,11.0,5.0,13.5,10.0,11.5,8.0,39.5,PASS_95X140X5_REFERENCE,12.0,136.5,142.5,290.0,-145.0|145.0,14.5,False,FAIL,BELT_NOMINAL_LT_14|BELT_RESIDUAL_LT_8|PULLEY_NOMINAL_LT_13_5|PULLEY_RESIDUAL_LT_10
G-IN3.00-P08.00-OUT04.00,0.5,1,,C/C,O/O,3.0,8.0,4.0,17.0,55.0,91.5,5.0,3.0,13.0,7.0,11.5,5.5,13.5,10.0,12.0,8.5,39.0,PASS_95X140X5_REFERENCE,12.0,136.5,142.5,290.0,-145.0|145.0,15.0,False,FAIL,BELT_NOMINAL_LT_14|BELT_RESIDUAL_LT_8|PULLEY_NOMINAL_LT_13_5|PULLEY_RESIDUAL_LT_10
G-IN3.00-P08.00-OUT04.50,0.5,1,,C/C,O/O,3.0,8.0,4.5,17.0,55.0,92.0,5.0,3.0,13.0,7.0,12.0,6.0,13.5,10.0,12.5,9.0,38.5,PASS_95X140X5_REFERENCE,12.0,136.5,142.5,290.0,-145.0|145.0,15.5,False,FAIL,BELT_NOMINAL_LT_14|BELT_RESIDUAL_LT_8|PULLEY_NOMINAL_LT_13_5|PULLEY_RESIDUAL_LT_10
G-IN3.00-P08.00-OUT05.00,0.5,1,,C/C,O/O,3.0,8.0,5.0,17.0,55.0,92.5,5.0,3.0,13.0,7.0,12.5,6.5,13.5,10.0,13.0,9.5,38.0,PASS_95X140X5_REFERENCE,12.0,136.5,142.5,290.0,-145.0|145.0,16.0,False,FAIL,BELT_NOMINAL_LT_14|BELT_RESIDUAL_LT_8|PULLEY_NOMINAL_LT_13_5|PULLEY_RESIDUAL_LT_10
G-IN3.00-P08.00-OUT05.50,0.5,1,,C/C,O/O,3.0,8.0,5.5,17.0,55.0,93.0,5.0,3.0,13.0,7.0,13.0,7.0,13.5,10.0,13.5,10.0,37.5,PASS_95X140X5_REFERENCE,12.0,136.5,142.5,290.0,-145.0|145.0,16.5,False,FAIL,BELT_NOMINAL_LT_14|BELT_RESIDUAL_LT_8
G-IN3.00-P08.00-OUT06.00,0.5,1,,C/C,O/O,3.0,8.0,6.0,17.0,55.0,93.5,5.0,3.0,13.0,7.0,13.5,7.5,13.5,10.0,14.0,10.5,37.0,PASS_95X140X5_REFERENCE,12.0,136.5,142.5,290.0,-145.0|145.0,17.0,False,FAIL,BELT_NOMINAL_LT_14|BELT_RESIDUAL_LT_8
G-IN3.00-P08.00-OUT06.50,0.5,1,,C/C,O/O,3.0,8.0,6.5,17.0,55.0,94.0,5.0,3.0,13.0,7.0,14.0,8.0,13.5,10.0,14.5,11.0,36.5,PASS_95X140X5_REFERENCE,12.0,136.5,142.5,290.0,-145.0|145.0,17.5,False,FAIL,BELT_NOMINAL_LT_14|BELT_RESIDUAL_LT_8
G-IN3.00-P08.00-OUT07.00,0.5,1,,C/C,O/O,3.0,8.0,7.0,17.0,55.0,94.5,5.0,3.0,13.0,7.0,14.5,8.5,13.5,10.0,15.0,11.5,36.0,PASS_95X140X5_REFERENCE,12.0,136.5,142.5,290.0,-145.0|145.0,18.0,False,FAIL,BELT_NOMINAL_LT_14|BELT_RESIDUAL_LT_8
G-IN3.00-P08.00-OUT07.50,0.5,1,,C/C,O/O,3.0,8.0,7.5,17.0,55.0,95.0,5.0,3.0,13.0,7.0,15.0,9.0,13.5,10.0,15.5,12.0,35.5,PASS_95X140X5_REFERENCE,12.0,136.5,142.5,290.0,-145.0|145.0,18.5,False,FAIL,BELT_NOMINAL_LT_14|BELT_RESIDUAL_LT_8
G-IN3.00-P08.00-OUT08.00,0.5,1,,C/C,O/O,3.0,8.0,8.0,17.0,55.0,95.5,5.0,3.0,13.0,7.0,15.5,9.5,13.5,10.0,16.0,12.5,35.0,PASS_95X140X5_REFERENCE,12.0,136.5,142.5,290.0,-145.0|145.0,19.0,False,FAIL,BELT_NOMINAL_LT_14|BELT_RESIDUAL_LT_8
G-IN3.00-P08.00-OUT08.50,0.5,1,,C/C,O/O,3.0,8.0,8.5,17.0,55.0,96.0,5.0,3.0,13.0,7.0,16.0,10.0,13.5,10.0,16.5,13.0,34.5,PASS_95X140X5_REFERENCE,12.0,136.5,142.5,290.0,-145.0|145.0,19.5,False,FAIL,BELT_NOMINAL_LT_14|BELT_RESIDUAL_LT_8
G-IN3.00-P08.00-OUT09.00,0.5,1,,C/C,O/O,3.0,8.0,9.0,17.0,55.0,96.5,5.0,3.0,13.0,7.0,16.5,10.5,13.5,10.0,17.0,13.5,34.0,PASS_95X140X5_REFERENCE,12.0,136.5,142.5,290.0,-145.0|145.0,20.0,False,FAIL,BELT_NOMINAL_LT_14|BELT_RESIDUAL_LT_8
G-IN3.00-P08.00-OUT09.50,0.5,1,,C/C,O/O,3.0,8.0,9.5,17.0,55.0,97.0,5.0,3.0,13.0,7.0,17.0,11.0,13.5,10.0,17.5,14.0,33.5,PASS_95X140X5_REFERENCE,12.0,136.5,142.5,290.0,-145.0|145.0,20.5,False,FAIL,BELT_NOMINAL_LT_14|BELT_RESIDUAL_LT_8
G-IN3.00-P08.00-OUT10.00,0.5,1,,C/C,O/O,3.0,8.0,10.0,17.0,55.0,97.5,5.0,3.0,13.0,7.0,17.5,11.5,13.5,10.0,18.0,14.5,33.0,PASS_95X140X5_REFERENCE,12.0,136.5,142.5,290.0,-145.0|145.0,21.0,False,FAIL,BELT_NOMINAL_LT_14|BELT_RESIDUAL_LT_8
G-IN3.00-P08.50-OUT03.00,0.5,1,,C/C,O/O,3.0,8.5,3.0,17.0,55.5,90.5,5.0,3.0,13.5,7.5,10.0,4.0,14.0,10.5,10.5,7.0,40.0,PASS_95X140X5_REFERENCE,12.0,136.5,142.5,290.0,-145.0|145.0,14.5,False,FAIL,BELT_NOMINAL_LT_14|BELT_RESIDUAL_LT_8|PULLEY_NOMINAL_LT_13_5|PULLEY_RESIDUAL_LT_10
G-IN3.00-P08.50-OUT03.50,0.5,1,,C/C,O/O,3.0,8.5,3.5,17.0,55.5,91.0,5.0,3.0,13.5,7.5,10.5,4.5,14.0,10.5,11.0,7.5,39.5,PASS_95X140X5_REFERENCE,12.0,136.5,142.5,290.0,-145.0|145.0,15.0,False,FAIL,BELT_NOMINAL_LT_14|BELT_RESIDUAL_LT_8|PULLEY_NOMINAL_LT_13_5|PULLEY_RESIDUAL_LT_10
G-IN3.00-P08.50-OUT04.00,0.5,1,,C/C,O/O,3.0,8.5,4.0,17.0,55.5,91.5,5.0,3.0,13.5,7.5,11.0,5.0,14.0,10.5,11.5,8.0,39.0,PASS_95X140X5_REFERENCE,12.0,136.5,142.5,290.0,-145.0|145.0,15.5,False,FAIL,BELT_NOMINAL_LT_14|BELT_RESIDUAL_LT_8|PULLEY_NOMINAL_LT_13_5|PULLEY_RESIDUAL_LT_10
G-IN3.00-P08.50-OUT04.50,0.5,1,,C/C,O/O,3.0,8.5,4.5,17.0,55.5,92.0,5.0,3.0,13.5,7.5,11.5,5.5,14.0,10.5,12.0,8.5,38.5,PASS_95X140X5_REFERENCE,12.0,136.5,142.5,290.0,-145.0|145.0,16.0,False,FAIL,BELT_NOMINAL_LT_14|BELT_RESIDUAL_LT_8|PULLEY_NOMINAL_LT_13_5|PULLEY_RESIDUAL_LT_10
G-IN3.00-P08.50-OUT05.00,0.5,1,,C/C,O/O,3.0,8.5,5.0,17.0,55.5,92.5,5.0,3.0,13.5,7.5,12.0,6.0,14.0,10.5,12.5,9.0,38.0,PASS_95X140X5_REFERENCE,12.0,136.5,142.5,290.0,-145.0|145.0,16.5,False,FAIL,BELT_NOMINAL_LT_14|BELT_RESIDUAL_LT_8|PULLEY_NOMINAL_LT_13_5|PULLEY_RESIDUAL_LT_10
G-IN3.00-P08.50-OUT05.50,0.5,1,,C/C,O/O,3.0,8.5,5.5,17.0,55.5,93.0,5.0,3.0,13.5,7.5,12.5,6.5,14.0,10.5,13.0,9.5,37.5,PASS_95X140X5_REFERENCE,12.0,136.5,142.5,290.0,-145.0|145.0,17.0,False,FAIL,BELT_NOMINAL_LT_14|BELT_RESIDUAL_LT_8|PULLEY_NOMINAL_LT_13_5|PULLEY_RESIDUAL_LT_10
G-IN3.00-P08.50-OUT06.00,0.5,1,,C/C,O/O,3.0,8.5,6.0,17.0,55.5,93.5,5.0,3.0,13.5,7.5,13.0,7.0,14.0,10.5,13.5,10.0,37.0,PASS_95X140X5_REFERENCE,12.0,136.5,142.5,290.0,-145.0|145.0,17.5,False,FAIL,BELT_NOMINAL_LT_14|BELT_RESIDUAL_LT_8
G-IN3.00-P08.50-OUT06.50,0.5,1,,C/C,O/O,3.0,8.5,6.5,17.0,55.5,94.0,5.0,3.0,13.5,7.5,13.5,7.5,14.0,10.5,14.0,10.5,36.5,PASS_95X140X5_REFERENCE,12.0,136.5,142.5,290.0,-145.0|145.0,18.0,False,FAIL,BELT_NOMINAL_LT_14|BELT_RESIDUAL_LT_8
G-IN3.00-P08.50-OUT07.00,0.5,1,,C/C,O/O,3.0,8.5,7.0,17.0,55.5,94.5,5.0,3.0,13.5,7.5,14.0,8.0,14.0,10.5,14.5,11.0,36.0,PASS_95X140X5_REFERENCE,12.0,136.5,142.5,290.0,-145.0|145.0,18.5,False,FAIL,BELT_NOMINAL_LT_14|BELT_RESIDUAL_LT_8
G-IN3.00-P08.50-OUT07.50,0.5,1,,C/C,O/O,3.0,8.5,7.5,17.0,55.5,95.0,5.0,3.0,13.5,7.5,14.5,8.5,14.0,10.5,15.0,11.5,35.5,PASS_95X140X5_REFERENCE,12.0,136.5,142.5,290.0,-145.0|145.0,19.0,False,FAIL,BELT_NOMINAL_LT_14|BELT_RESIDUAL_LT_8
G-IN3.00-P08.50-OUT08.00,0.5,1,,C/C,O/O,3.0,8.5,8.0,17.0,55.5,95.5,5.0,3.0,13.5,7.5,15.0,9.0,14.0,10.5,15.5,12.0,35.0,PASS_95X140X5_REFERENCE,12.0,136.5,142.5,290.0,-145.0|145.0,19.5,False,FAIL,BELT_NOMINAL_LT_14|BELT_RESIDUAL_LT_8
G-IN3.00-P08.50-OUT08.50,0.5,1,,C/C,O/O,3.0,8.5,8.5,17.0,55.5,96.0,5.0,3.0,13.5,7.5,15.5,9.5,14.0,10.5,16.0,12.5,34.5,PASS_95X140X5_REFERENCE,12.0,136.5,142.5,290.0,-145.0|145.0,20.0,False,FAIL,BELT_NOMINAL_LT_14|BELT_RESIDUAL_LT_8
G-IN3.00-P08.50-OUT09.00,0.5,1,,C/C,O/O,3.0,8.5,9.0,17.0,55.5,96.5,5.0,3.0,13.5,7.5,16.0,10.0,14.0,10.5,16.5,13.0,34.0,PASS_95X140X5_REFERENCE,12.0,136.5,142.5,290.0,-145.0|145.0,20.5,False,FAIL,BELT_NOMINAL_LT_14|BELT_RESIDUAL_LT_8
G-IN3.00-P08.50-OUT09.50,0.5,1,,C/C,O/O,3.0,8.5,9.5,17.0,55.5,97.0,5.0,3.0,13.5,7.5,16.5,10.5,14.0,10.5,17.0,13.5,33.5,PASS_95X140X5_REFERENCE,12.0,136.5,142.5,290.0,-145.0|145.0,21.0,False,FAIL,BELT_NOMINAL_LT_14|BELT_RESIDUAL_LT_8
G-IN3.00-P08.50-OUT10.00,0.5,1,,C/C,O/O,3.0,8.5,10.0,17.0,55.5,97.5,5.0,3.0,13.5,7.5,17.0,11.0,14.0,10.5,17.5,14.0,33.0,PASS_95X140X5_REFERENCE,12.0,136.5,142.5,290.0,-145.0|145.0,21.5,False,FAIL,BELT_NOMINAL_LT_14|BELT_RESIDUAL_LT_8
G-IN3.00-P09.00-OUT03.00,0.5,1,,C/C,O/O,3.0,9.0,3.0,17.0,56.0,90.5,5.0,3.0,14.0,8.0,9.5,3.5,14.5,11.0,10.0,6.5,40.0,PASS_95X140X5_REFERENCE,12.0,136.5,142.5,290.0,-145.0|145.0,15.0,False,FAIL,BELT_NOMINAL_LT_14|BELT_RESIDUAL_LT_8|PULLEY_NOMINAL_LT_13_5|PULLEY_RESIDUAL_LT_10
G-IN3.00-P09.00-OUT03.50,0.5,1,,C/C,O/O,3.0,9.0,3.5,17.0,56.0,91.0,5.0,3.0,14.0,8.0,10.0,4.0,14.5,11.0,10.5,7.0,39.5,PASS_95X140X5_REFERENCE,12.0,136.5,142.5,290.0,-145.0|145.0,15.5,False,FAIL,BELT_NOMINAL_LT_14|BELT_RESIDUAL_LT_8|PULLEY_NOMINAL_LT_13_5|PULLEY_RESIDUAL_LT_10
G-IN3.00-P09.00-OUT04.00,0.5,1,,C/C,O/O,3.0,9.0,4.0,17.0,56.0,91.5,5.0,3.0,14.0,8.0,10.5,4.5,14.5,11.0,11.0,7.5,39.0,PASS_95X140X5_REFERENCE,12.0,136.5,142.5,290.0,-145.0|145.0,16.0,False,FAIL,BELT_NOMINAL_LT_14|BELT_RESIDUAL_LT_8|PULLEY_NOMINAL_LT_13_5|PULLEY_RESIDUAL_LT_10
G-IN3.00-P09.00-OUT04.50,0.5,1,,C/C,O/O,3.0,9.0,4.5,17.0,56.0,92.0,5.0,3.0,14.0,8.0,11.0,5.0,14.5,11.0,11.5,8.0,38.5,PASS_95X140X5_REFERENCE,12.0,136.5,142.5,290.0,-145.0|145.0,16.5,False,FAIL,BELT_NOMINAL_LT_14|BELT_RESIDUAL_LT_8|PULLEY_NOMINAL_LT_13_5|PULLEY_RESIDUAL_LT_10
G-IN3.00-P09.00-OUT05.00,0.5,1,,C/C,O/O,3.0,9.0,5.0,17.0,56.0,92.5,5.0,3.0,14.0,8.0,11.5,5.5,14.5,11.0,12.0,8.5,38.0,PASS_95X140X5_REFERENCE,12.0,136.5,142.5,290.0,-145.0|145.0,17.0,False,FAIL,BELT_NOMINAL_LT_14|BELT_RESIDUAL_LT_8|PULLEY_NOMINAL_LT_13_5|PULLEY_RESIDUAL_LT_10
G-IN3.00-P09.00-OUT05.50,0.5,1,,C/C,O/O,3.0,9.0,5.5,17.0,56.0,93.0,5.0,3.0,14.0,8.0,12.0,6.0,14.5,11.0,12.5,9.0,37.5,PASS_95X140X5_REFERENCE,12.0,136.5,142.5,290.0,-145.0|145.0,17.5,False,FAIL,BELT_NOMINAL_LT_14|BELT_RESIDUAL_LT_8|PULLEY_NOMINAL_LT_13_5|PULLEY_RESIDUAL_LT_10
G-IN3.00-P09.00-OUT06.00,0.5,1,,C/C,O/O,3.0,9.0,6.0,17.0,56.0,93.5,5.0,3.0,14.0,8.0,12.5,6.5,14.5,11.0,13.0,9.5,37.0,PASS_95X140X5_REFERENCE,12.0,136.5,142.5,290.0,-145.0|145.0,18.0,False,FAIL,BELT_NOMINAL_LT_14|BELT_RESIDUAL_LT_8|PULLEY_NOMINAL_LT_13_5|PULLEY_RESIDUAL_LT_10
G-IN3.00-P09.00-OUT06.50,0.5,1,,C/C,O/O,3.0,9.0,6.5,17.0,56.0,94.0,5.0,3.0,14.0,8.0,13.0,7.0,14.5,11.0,13.5,10.0,36.5,PASS_95X140X5_REFERENCE,12.0,136.5,142.5,290.0,-145.0|145.0,18.5,False,FAIL,BELT_NOMINAL_LT_14|BELT_RESIDUAL_LT_8
G-IN3.00-P09.00-OUT07.00,0.5,1,,C/C,O/O,3.0,9.0,7.0,17.0,56.0,94.5,5.0,3.0,14.0,8.0,13.5,7.5,14.5,11.0,14.0,10.5,36.0,PASS_95X140X5_REFERENCE,12.0,136.5,142.5,290.0,-145.0|145.0,19.0,False,FAIL,BELT_NOMINAL_LT_14|BELT_RESIDUAL_LT_8
R2-IN3.00-P9.00-OUT7.50,0.5,1,R2,C/C,O/O,3.0,9.0,7.5,17.0,56.0,95.0,5.0,3.0,14.0,8.0,14.0,8.0,14.5,11.0,14.5,11.0,35.5,PASS_95X140X5_REFERENCE,12.0,136.5,142.5,290.0,-145.0|145.0,19.5,True,ROBUST_CONDITIONAL_PASS_CANDIDATE,
G-IN3.00-P09.00-OUT08.00,0.5,1,,C/C,O/O,3.0,9.0,8.0,17.0,56.0,95.5,5.0,3.0,14.0,8.0,14.5,8.5,14.5,11.0,15.0,11.5,35.0,PASS_95X140X5_REFERENCE,12.0,136.5,142.5,290.0,-145.0|145.0,20.0,True,ROBUST_CONDITIONAL_PASS_CANDIDATE,
G-IN3.00-P09.00-OUT08.50,0.5,1,,C/C,O/O,3.0,9.0,8.5,17.0,56.0,96.0,5.0,3.0,14.0,8.0,15.0,9.0,14.5,11.0,15.5,12.0,34.5,PASS_95X140X5_REFERENCE,12.0,136.5,142.5,290.0,-145.0|145.0,20.5,True,ROBUST_CONDITIONAL_PASS_CANDIDATE,
G-IN3.00-P09.00-OUT09.00,0.5,1,,C/C,O/O,3.0,9.0,9.0,17.0,56.0,96.5,5.0,3.0,14.0,8.0,15.5,9.5,14.5,11.0,16.0,12.5,34.0,PASS_95X140X5_REFERENCE,12.0,136.5,142.5,290.0,-145.0|145.0,21.0,True,ROBUST_CONDITIONAL_PASS_CANDIDATE,
G-IN3.00-P09.00-OUT09.50,0.5,1,,C/C,O/O,3.0,9.0,9.5,17.0,56.0,97.0,5.0,3.0,14.0,8.0,16.0,10.0,14.5,11.0,16.5,13.0,33.5,PASS_95X140X5_REFERENCE,12.0,136.5,142.5,290.0,-145.0|145.0,21.5,True,ROBUST_CONDITIONAL_PASS_CANDIDATE,
G-IN3.00-P09.00-OUT10.00,0.5,1,,C/C,O/O,3.0,9.0,10.0,17.0,56.0,97.5,5.0,3.0,14.0,8.0,16.5,10.5,14.5,11.0,17.0,13.5,33.0,PASS_95X140X5_REFERENCE,12.0,136.5,142.5,290.0,-145.0|145.0,22.0,True,ROBUST_CONDITIONAL_PASS_CANDIDATE,
G-IN3.00-P09.50-OUT03.00,0.5,1,,C/C,O/O,3.0,9.5,3.0,17.0,56.5,90.5,5.0,3.0,14.5,8.5,9.0,3.0,15.0,11.5,9.5,6.0,40.0,PASS_95X140X5_REFERENCE,12.0,136.5,142.5,290.0,-145.0|145.0,15.5,False,FAIL,BELT_NOMINAL_LT_14|BELT_RESIDUAL_LT_8|PULLEY_NOMINAL_LT_13_5|PULLEY_RESIDUAL_LT_10
G-IN3.00-P09.50-OUT03.50,0.5,1,,C/C,O/O,3.0,9.5,3.5,17.0,56.5,91.0,5.0,3.0,14.5,8.5,9.5,3.5,15.0,11.5,10.0,6.5,39.5,PASS_95X140X5_REFERENCE,12.0,136.5,142.5,290.0,-145.0|145.0,16.0,False,FAIL,BELT_NOMINAL_LT_14|BELT_RESIDUAL_LT_8|PULLEY_NOMINAL_LT_13_5|PULLEY_RESIDUAL_LT_10
G-IN3.00-P09.50-OUT04.00,0.5,1,,C/C,O/O,3.0,9.5,4.0,17.0,56.5,91.5,5.0,3.0,14.5,8.5,10.0,4.0,15.0,11.5,10.5,7.0,39.0,PASS_95X140X5_REFERENCE,12.0,136.5,142.5,290.0,-145.0|145.0,16.5,False,FAIL,BELT_NOMINAL_LT_14|BELT_RESIDUAL_LT_8|PULLEY_NOMINAL_LT_13_5|PULLEY_RESIDUAL_LT_10
G-IN3.00-P09.50-OUT04.50,0.5,1,,C/C,O/O,3.0,9.5,4.5,17.0,56.5,92.0,5.0,3.0,14.5,8.5,10.5,4.5,15.0,11.5,11.0,7.5,38.5,PASS_95X140X5_REFERENCE,12.0,136.5,142.5,290.0,-145.0|145.0,17.0,False,FAIL,BELT_NOMINAL_LT_14|BELT_RESIDUAL_LT_8|PULLEY_NOMINAL_LT_13_5|PULLEY_RESIDUAL_LT_10
G-IN3.00-P09.50-OUT05.00,0.5,1,,C/C,O/O,3.0,9.5,5.0,17.0,56.5,92.5,5.0,3.0,14.5,8.5,11.0,5.0,15.0,11.5,11.5,8.0,38.0,PASS_95X140X5_REFERENCE,12.0,136.5,142.5,290.0,-145.0|145.0,17.5,False,FAIL,BELT_NOMINAL_LT_14|BELT_RESIDUAL_LT_8|PULLEY_NOMINAL_LT_13_5|PULLEY_RESIDUAL_LT_10
G-IN3.00-P09.50-OUT05.50,0.5,1,,C/C,O/O,3.0,9.5,5.5,17.0,56.5,93.0,5.0,3.0,14.5,8.5,11.5,5.5,15.0,11.5,12.0,8.5,37.5,PASS_95X140X5_REFERENCE,12.0,136.5,142.5,290.0,-145.0|145.0,18.0,False,FAIL,BELT_NOMINAL_LT_14|BELT_RESIDUAL_LT_8|PULLEY_NOMINAL_LT_13_5|PULLEY_RESIDUAL_LT_10
G-IN3.00-P09.50-OUT06.00,0.5,1,,C/C,O/O,3.0,9.5,6.0,17.0,56.5,93.5,5.0,3.0,14.5,8.5,12.0,6.0,15.0,11.5,12.5,9.0,37.0,PASS_95X140X5_REFERENCE,12.0,136.5,142.5,290.0,-145.0|145.0,18.5,False,FAIL,BELT_NOMINAL_LT_14|BELT_RESIDUAL_LT_8|PULLEY_NOMINAL_LT_13_5|PULLEY_RESIDUAL_LT_10
G-IN3.00-P09.50-OUT06.50,0.5,1,,C/C,O/O,3.0,9.5,6.5,17.0,56.5,94.0,5.0,3.0,14.5,8.5,12.5,6.5,15.0,11.5,13.0,9.5,36.5,PASS_95X140X5_REFERENCE,12.0,136.5,142.5,290.0,-145.0|145.0,19.0,False,FAIL,BELT_NOMINAL_LT_14|BELT_RESIDUAL_LT_8|PULLEY_NOMINAL_LT_13_5|PULLEY_RESIDUAL_LT_10
G-IN3.00-P09.50-OUT07.00,0.5,1,,C/C,O/O,3.0,9.5,7.0,17.0,56.5,94.5,5.0,3.0,14.5,8.5,13.0,7.0,15.0,11.5,13.5,10.0,36.0,PASS_95X140X5_REFERENCE,12.0,136.5,142.5,290.0,-145.0|145.0,19.5,False,FAIL,BELT_NOMINAL_LT_14|BELT_RESIDUAL_LT_8
G-IN3.00-P09.50-OUT07.50,0.5,1,,C/C,O/O,3.0,9.5,7.5,17.0,56.5,95.0,5.0,3.0,14.5,8.5,13.5,7.5,15.0,11.5,14.0,10.5,35.5,PASS_95X140X5_REFERENCE,12.0,136.5,142.5,290.0,-145.0|145.0,20.0,False,FAIL,BELT_NOMINAL_LT_14|BELT_RESIDUAL_LT_8
G-IN3.00-P09.50-OUT08.00,0.5,1,,C/C,O/O,3.0,9.5,8.0,17.0,56.5,95.5,5.0,3.0,14.5,8.5,14.0,8.0,15.0,11.5,14.5,11.0,35.0,PASS_95X140X5_REFERENCE,12.0,136.5,142.5,290.0,-145.0|145.0,20.5,True,ROBUST_CONDITIONAL_PASS_CANDIDATE,
R3-IN3.00-P9.50-OUT8.50,0.5,1,R3,C/C,O/O,3.0,9.5,8.5,17.0,56.5,96.0,5.0,3.0,14.5,8.5,14.5,8.5,15.0,11.5,15.0,11.5,34.5,PASS_95X140X5_REFERENCE,12.0,136.5,142.5,290.0,-145.0|145.0,21.0,True,ROBUST_CONDITIONAL_PASS_CANDIDATE,
G-IN3.00-P09.50-OUT09.00,0.5,1,,C/C,O/O,3.0,9.5,9.0,17.0,56.5,96.5,5.0,3.0,14.5,8.5,15.0,9.0,15.0,11.5,15.5,12.0,34.0,PASS_95X140X5_REFERENCE,12.0,136.5,142.5,290.0,-145.0|145.0,21.5,True,ROBUST_CONDITIONAL_PASS_CANDIDATE,
G-IN3.00-P09.50-OUT09.50,0.5,1,,C/C,O/O,3.0,9.5,9.5,17.0,56.5,97.0,5.0,3.0,14.5,8.5,15.5,9.5,15.0,11.5,16.0,12.5,33.5,PASS_95X140X5_REFERENCE,12.0,136.5,142.5,290.0,-145.0|145.0,22.0,True,ROBUST_CONDITIONAL_PASS_CANDIDATE,
G-IN3.00-P09.50-OUT10.00,0.5,1,,C/C,O/O,3.0,9.5,10.0,17.0,56.5,97.5,5.0,3.0,14.5,8.5,16.0,10.0,15.0,11.5,16.5,13.0,33.0,PASS_95X140X5_REFERENCE,12.0,136.5,142.5,290.0,-145.0|145.0,22.5,True,ROBUST_CONDITIONAL_PASS_CANDIDATE,
G-IN3.00-P10.00-OUT03.00,0.5,1,,C/C,O/O,3.0,10.0,3.0,17.0,57.0,90.5,5.0,3.0,15.0,9.0,8.5,2.5,15.5,12.0,9.0,5.5,40.0,PASS_95X140X5_REFERENCE,12.0,136.5,142.5,290.0,-145.0|145.0,16.0,False,FAIL,BELT_NOMINAL_LT_14|BELT_RESIDUAL_LT_8|PULLEY_NOMINAL_LT_13_5|PULLEY_RESIDUAL_LT_10
G-IN3.00-P10.00-OUT03.50,0.5,1,,C/C,O/O,3.0,10.0,3.5,17.0,57.0,91.0,5.0,3.0,15.0,9.0,9.0,3.0,15.5,12.0,9.5,6.0,39.5,PASS_95X140X5_REFERENCE,12.0,136.5,142.5,290.0,-145.0|145.0,16.5,False,FAIL,BELT_NOMINAL_LT_14|BELT_RESIDUAL_LT_8|PULLEY_NOMINAL_LT_13_5|PULLEY_RESIDUAL_LT_10
G-IN3.00-P10.00-OUT04.00,0.5,1,,C/C,O/O,3.0,10.0,4.0,17.0,57.0,91.5,5.0,3.0,15.0,9.0,9.5,3.5,15.5,12.0,10.0,6.5,39.0,PASS_95X140X5_REFERENCE,12.0,136.5,142.5,290.0,-145.0|145.0,17.0,False,FAIL,BELT_NOMINAL_LT_14|BELT_RESIDUAL_LT_8|PULLEY_NOMINAL_LT_13_5|PULLEY_RESIDUAL_LT_10
G-IN3.00-P10.00-OUT04.50,0.5,1,,C/C,O/O,3.0,10.0,4.5,17.0,57.0,92.0,5.0,3.0,15.0,9.0,10.0,4.0,15.5,12.0,10.5,7.0,38.5,PASS_95X140X5_REFERENCE,12.0,136.5,142.5,290.0,-145.0|145.0,17.5,False,FAIL,BELT_NOMINAL_LT_14|BELT_RESIDUAL_LT_8|PULLEY_NOMINAL_LT_13_5|PULLEY_RESIDUAL_LT_10
G-IN3.00-P10.00-OUT05.00,0.5,1,,C/C,O/O,3.0,10.0,5.0,17.0,57.0,92.5,5.0,3.0,15.0,9.0,10.5,4.5,15.5,12.0,11.0,7.5,38.0,PASS_95X140X5_REFERENCE,12.0,136.5,142.5,290.0,-145.0|145.0,18.0,False,FAIL,BELT_NOMINAL_LT_14|BELT_RESIDUAL_LT_8|PULLEY_NOMINAL_LT_13_5|PULLEY_RESIDUAL_LT_10
G-IN3.00-P10.00-OUT05.50,0.5,1,,C/C,O/O,3.0,10.0,5.5,17.0,57.0,93.0,5.0,3.0,15.0,9.0,11.0,5.0,15.5,12.0,11.5,8.0,37.5,PASS_95X140X5_REFERENCE,12.0,136.5,142.5,290.0,-145.0|145.0,18.5,False,FAIL,BELT_NOMINAL_LT_14|BELT_RESIDUAL_LT_8|PULLEY_NOMINAL_LT_13_5|PULLEY_RESIDUAL_LT_10
G-IN3.00-P10.00-OUT06.00,0.5,1,,C/C,O/O,3.0,10.0,6.0,17.0,57.0,93.5,5.0,3.0,15.0,9.0,11.5,5.5,15.5,12.0,12.0,8.5,37.0,PASS_95X140X5_REFERENCE,12.0,136.5,142.5,290.0,-145.0|145.0,19.0,False,FAIL,BELT_NOMINAL_LT_14|BELT_RESIDUAL_LT_8|PULLEY_NOMINAL_LT_13_5|PULLEY_RESIDUAL_LT_10
G-IN3.00-P10.00-OUT06.50,0.5,1,,C/C,O/O,3.0,10.0,6.5,17.0,57.0,94.0,5.0,3.0,15.0,9.0,12.0,6.0,15.5,12.0,12.5,9.0,36.5,PASS_95X140X5_REFERENCE,12.0,136.5,142.5,290.0,-145.0|145.0,19.5,False,FAIL,BELT_NOMINAL_LT_14|BELT_RESIDUAL_LT_8|PULLEY_NOMINAL_LT_13_5|PULLEY_RESIDUAL_LT_10
G-IN3.00-P10.00-OUT07.00,0.5,1,,C/C,O/O,3.0,10.0,7.0,17.0,57.0,94.5,5.0,3.0,15.0,9.0,12.5,6.5,15.5,12.0,13.0,9.5,36.0,PASS_95X140X5_REFERENCE,12.0,136.5,142.5,290.0,-145.0|145.0,20.0,False,FAIL,BELT_NOMINAL_LT_14|BELT_RESIDUAL_LT_8|PULLEY_NOMINAL_LT_13_5|PULLEY_RESIDUAL_LT_10
G-IN3.00-P10.00-OUT07.50,0.5,1,,C/C,O/O,3.0,10.0,7.5,17.0,57.0,95.0,5.0,3.0,15.0,9.0,13.0,7.0,15.5,12.0,13.5,10.0,35.5,PASS_95X140X5_REFERENCE,12.0,136.5,142.5,290.0,-145.0|145.0,20.5,False,FAIL,BELT_NOMINAL_LT_14|BELT_RESIDUAL_LT_8
G-IN3.00-P10.00-OUT08.00,0.5,1,,C/C,O/O,3.0,10.0,8.0,17.0,57.0,95.5,5.0,3.0,15.0,9.0,13.5,7.5,15.5,12.0,14.0,10.5,35.0,PASS_95X140X5_REFERENCE,12.0,136.5,142.5,290.0,-145.0|145.0,21.0,False,FAIL,BELT_NOMINAL_LT_14|BELT_RESIDUAL_LT_8
G-IN3.00-P10.00-OUT08.50,0.5,1,,C/C,O/O,3.0,10.0,8.5,17.0,57.0,96.0,5.0,3.0,15.0,9.0,14.0,8.0,15.5,12.0,14.5,11.0,34.5,PASS_95X140X5_REFERENCE,12.0,136.5,142.5,290.0,-145.0|145.0,21.5,True,ROBUST_CONDITIONAL_PASS_CANDIDATE,
G-IN3.00-P10.00-OUT09.00,0.5,1,,C/C,O/O,3.0,10.0,9.0,17.0,57.0,96.5,5.0,3.0,15.0,9.0,14.5,8.5,15.5,12.0,15.0,11.5,34.0,PASS_95X140X5_REFERENCE,12.0,136.5,142.5,290.0,-145.0|145.0,22.0,True,ROBUST_CONDITIONAL_PASS_CANDIDATE,
G-IN3.00-P10.00-OUT09.50,0.5,1,,C/C,O/O,3.0,10.0,9.5,17.0,57.0,97.0,5.0,3.0,15.0,9.0,15.0,9.0,15.5,12.0,15.5,12.0,33.5,PASS_95X140X5_REFERENCE,12.0,136.5,142.5,290.0,-145.0|145.0,22.5,True,ROBUST_CONDITIONAL_PASS_CANDIDATE,
G-IN3.00-P10.00-OUT10.00,0.5,1,,C/C,O/O,3.0,10.0,10.0,17.0,57.0,97.5,5.0,3.0,15.0,9.0,15.5,9.5,15.5,12.0,16.0,12.5,33.0,PASS_95X140X5_REFERENCE,12.0,136.5,142.5,290.0,-145.0|145.0,23.0,True,ROBUST_CONDITIONAL_PASS_CANDIDATE,
G-IN3.00-P10.50-OUT03.00,0.5,1,,C/C,O/O,3.0,10.5,3.0,17.0,57.5,90.5,5.0,3.0,15.5,9.5,8.0,2.0,16.0,12.5,8.5,5.0,40.0,PASS_95X140X5_REFERENCE,12.0,136.5,142.5,290.0,-145.0|145.0,16.5,False,FAIL,BELT_NOMINAL_LT_14|BELT_RESIDUAL_LT_8|PULLEY_NOMINAL_LT_13_5|PULLEY_RESIDUAL_LT_10
G-IN3.00-P10.50-OUT03.50,0.5,1,,C/C,O/O,3.0,10.5,3.5,17.0,57.5,91.0,5.0,3.0,15.5,9.5,8.5,2.5,16.0,12.5,9.0,5.5,39.5,PASS_95X140X5_REFERENCE,12.0,136.5,142.5,290.0,-145.0|145.0,17.0,False,FAIL,BELT_NOMINAL_LT_14|BELT_RESIDUAL_LT_8|PULLEY_NOMINAL_LT_13_5|PULLEY_RESIDUAL_LT_10
G-IN3.00-P10.50-OUT04.00,0.5,1,,C/C,O/O,3.0,10.5,4.0,17.0,57.5,91.5,5.0,3.0,15.5,9.5,9.0,3.0,16.0,12.5,9.5,6.0,39.0,PASS_95X140X5_REFERENCE,12.0,136.5,142.5,290.0,-145.0|145.0,17.5,False,FAIL,BELT_NOMINAL_LT_14|BELT_RESIDUAL_LT_8|PULLEY_NOMINAL_LT_13_5|PULLEY_RESIDUAL_LT_10
G-IN3.00-P10.50-OUT04.50,0.5,1,,C/C,O/O,3.0,10.5,4.5,17.0,57.5,92.0,5.0,3.0,15.5,9.5,9.5,3.5,16.0,12.5,10.0,6.5,38.5,PASS_95X140X5_REFERENCE,12.0,136.5,142.5,290.0,-145.0|145.0,18.0,False,FAIL,BELT_NOMINAL_LT_14|BELT_RESIDUAL_LT_8|PULLEY_NOMINAL_LT_13_5|PULLEY_RESIDUAL_LT_10
G-IN3.00-P10.50-OUT05.00,0.5,1,,C/C,O/O,3.0,10.5,5.0,17.0,57.5,92.5,5.0,3.0,15.5,9.5,10.0,4.0,16.0,12.5,10.5,7.0,38.0,PASS_95X140X5_REFERENCE,12.0,136.5,142.5,290.0,-145.0|145.0,18.5,False,FAIL,BELT_NOMINAL_LT_14|BELT_RESIDUAL_LT_8|PULLEY_NOMINAL_LT_13_5|PULLEY_RESIDUAL_LT_10
G-IN3.00-P10.50-OUT05.50,0.5,1,,C/C,O/O,3.0,10.5,5.5,17.0,57.5,93.0,5.0,3.0,15.5,9.5,10.5,4.5,16.0,12.5,11.0,7.5,37.5,PASS_95X140X5_REFERENCE,12.0,136.5,142.5,290.0,-145.0|145.0,19.0,False,FAIL,BELT_NOMINAL_LT_14|BELT_RESIDUAL_LT_8|PULLEY_NOMINAL_LT_13_5|PULLEY_RESIDUAL_LT_10
G-IN3.00-P10.50-OUT06.00,0.5,1,,C/C,O/O,3.0,10.5,6.0,17.0,57.5,93.5,5.0,3.0,15.5,9.5,11.0,5.0,16.0,12.5,11.5,8.0,37.0,PASS_95X140X5_REFERENCE,12.0,136.5,142.5,290.0,-145.0|145.0,19.5,False,FAIL,BELT_NOMINAL_LT_14|BELT_RESIDUAL_LT_8|PULLEY_NOMINAL_LT_13_5|PULLEY_RESIDUAL_LT_10
G-IN3.00-P10.50-OUT06.50,0.5,1,,C/C,O/O,3.0,10.5,6.5,17.0,57.5,94.0,5.0,3.0,15.5,9.5,11.5,5.5,16.0,12.5,12.0,8.5,36.5,PASS_95X140X5_REFERENCE,12.0,136.5,142.5,290.0,-145.0|145.0,20.0,False,FAIL,BELT_NOMINAL_LT_14|BELT_RESIDUAL_LT_8|PULLEY_NOMINAL_LT_13_5|PULLEY_RESIDUAL_LT_10
G-IN3.00-P10.50-OUT07.00,0.5,1,,C/C,O/O,3.0,10.5,7.0,17.0,57.5,94.5,5.0,3.0,15.5,9.5,12.0,6.0,16.0,12.5,12.5,9.0,36.0,PASS_95X140X5_REFERENCE,12.0,136.5,142.5,290.0,-145.0|145.0,20.5,False,FAIL,BELT_NOMINAL_LT_14|BELT_RESIDUAL_LT_8|PULLEY_NOMINAL_LT_13_5|PULLEY_RESIDUAL_LT_10
G-IN3.00-P10.50-OUT07.50,0.5,1,,C/C,O/O,3.0,10.5,7.5,17.0,57.5,95.0,5.0,3.0,15.5,9.5,12.5,6.5,16.0,12.5,13.0,9.5,35.5,PASS_95X140X5_REFERENCE,12.0,136.5,142.5,290.0,-145.0|145.0,21.0,False,FAIL,BELT_NOMINAL_LT_14|BELT_RESIDUAL_LT_8|PULLEY_NOMINAL_LT_13_5|PULLEY_RESIDUAL_LT_10
G-IN3.00-P10.50-OUT08.00,0.5,1,,C/C,O/O,3.0,10.5,8.0,17.0,57.5,95.5,5.0,3.0,15.5,9.5,13.0,7.0,16.0,12.5,13.5,10.0,35.0,PASS_95X140X5_REFERENCE,12.0,136.5,142.5,290.0,-145.0|145.0,21.5,False,FAIL,BELT_NOMINAL_LT_14|BELT_RESIDUAL_LT_8
G-IN3.00-P10.50-OUT08.50,0.5,1,,C/C,O/O,3.0,10.5,8.5,17.0,57.5,96.0,5.0,3.0,15.5,9.5,13.5,7.5,16.0,12.5,14.0,10.5,34.5,PASS_95X140X5_REFERENCE,12.0,136.5,142.5,290.0,-145.0|145.0,22.0,False,FAIL,BELT_NOMINAL_LT_14|BELT_RESIDUAL_LT_8
G-IN3.00-P10.50-OUT09.00,0.5,1,,C/C,O/O,3.0,10.5,9.0,17.0,57.5,96.5,5.0,3.0,15.5,9.5,14.0,8.0,16.0,12.5,14.5,11.0,34.0,PASS_95X140X5_REFERENCE,12.0,136.5,142.5,290.0,-145.0|145.0,22.5,True,ROBUST_CONDITIONAL_PASS_CANDIDATE,
G-IN3.00-P10.50-OUT09.50,0.5,1,,C/C,O/O,3.0,10.5,9.5,17.0,57.5,97.0,5.0,3.0,15.5,9.5,14.5,8.5,16.0,12.5,15.0,11.5,33.5,PASS_95X140X5_REFERENCE,12.0,136.5,142.5,290.0,-145.0|145.0,23.0,True,ROBUST_CONDITIONAL_PASS_CANDIDATE,
G-IN3.00-P10.50-OUT10.00,0.5,1,,C/C,O/O,3.0,10.5,10.0,17.0,57.5,97.5,5.0,3.0,15.5,9.5,15.0,9.0,16.0,12.5,15.5,12.0,33.0,PASS_95X140X5_REFERENCE,12.0,136.5,142.5,290.0,-145.0|145.0,23.5,True,ROBUST_CONDITIONAL_PASS_CANDIDATE,
G-IN3.00-P11.00-OUT03.00,0.5,1,,C/C,O/O,3.0,11.0,3.0,17.0,58.0,90.5,5.0,3.0,16.0,10.0,7.5,1.5,16.5,13.0,8.0,4.5,40.0,PASS_95X140X5_REFERENCE,12.0,136.5,142.5,290.0,-145.0|145.0,17.0,False,FAIL,BELT_NOMINAL_LT_14|BELT_RESIDUAL_LT_8|PULLEY_NOMINAL_LT_13_5|PULLEY_RESIDUAL_LT_10
G-IN3.00-P11.00-OUT03.50,0.5,1,,C/C,O/O,3.0,11.0,3.5,17.0,58.0,91.0,5.0,3.0,16.0,10.0,8.0,2.0,16.5,13.0,8.5,5.0,39.5,PASS_95X140X5_REFERENCE,12.0,136.5,142.5,290.0,-145.0|145.0,17.5,False,FAIL,BELT_NOMINAL_LT_14|BELT_RESIDUAL_LT_8|PULLEY_NOMINAL_LT_13_5|PULLEY_RESIDUAL_LT_10
G-IN3.00-P11.00-OUT04.00,0.5,1,,C/C,O/O,3.0,11.0,4.0,17.0,58.0,91.5,5.0,3.0,16.0,10.0,8.5,2.5,16.5,13.0,9.0,5.5,39.0,PASS_95X140X5_REFERENCE,12.0,136.5,142.5,290.0,-145.0|145.0,18.0,False,FAIL,BELT_NOMINAL_LT_14|BELT_RESIDUAL_LT_8|PULLEY_NOMINAL_LT_13_5|PULLEY_RESIDUAL_LT_10
G-IN3.00-P11.00-OUT04.50,0.5,1,,C/C,O/O,3.0,11.0,4.5,17.0,58.0,92.0,5.0,3.0,16.0,10.0,9.0,3.0,16.5,13.0,9.5,6.0,38.5,PASS_95X140X5_REFERENCE,12.0,136.5,142.5,290.0,-145.0|145.0,18.5,False,FAIL,BELT_NOMINAL_LT_14|BELT_RESIDUAL_LT_8|PULLEY_NOMINAL_LT_13_5|PULLEY_RESIDUAL_LT_10
G-IN3.00-P11.00-OUT05.00,0.5,1,,C/C,O/O,3.0,11.0,5.0,17.0,58.0,92.5,5.0,3.0,16.0,10.0,9.5,3.5,16.5,13.0,10.0,6.5,38.0,PASS_95X140X5_REFERENCE,12.0,136.5,142.5,290.0,-145.0|145.0,19.0,False,FAIL,BELT_NOMINAL_LT_14|BELT_RESIDUAL_LT_8|PULLEY_NOMINAL_LT_13_5|PULLEY_RESIDUAL_LT_10
G-IN3.00-P11.00-OUT05.50,0.5,1,,C/C,O/O,3.0,11.0,5.5,17.0,58.0,93.0,5.0,3.0,16.0,10.0,10.0,4.0,16.5,13.0,10.5,7.0,37.5,PASS_95X140X5_REFERENCE,12.0,136.5,142.5,290.0,-145.0|145.0,19.5,False,FAIL,BELT_NOMINAL_LT_14|BELT_RESIDUAL_LT_8|PULLEY_NOMINAL_LT_13_5|PULLEY_RESIDUAL_LT_10
G-IN3.00-P11.00-OUT06.00,0.5,1,,C/C,O/O,3.0,11.0,6.0,17.0,58.0,93.5,5.0,3.0,16.0,10.0,10.5,4.5,16.5,13.0,11.0,7.5,37.0,PASS_95X140X5_REFERENCE,12.0,136.5,142.5,290.0,-145.0|145.0,20.0,False,FAIL,BELT_NOMINAL_LT_14|BELT_RESIDUAL_LT_8|PULLEY_NOMINAL_LT_13_5|PULLEY_RESIDUAL_LT_10
G-IN3.00-P11.00-OUT06.50,0.5,1,,C/C,O/O,3.0,11.0,6.5,17.0,58.0,94.0,5.0,3.0,16.0,10.0,11.0,5.0,16.5,13.0,11.5,8.0,36.5,PASS_95X140X5_REFERENCE,12.0,136.5,142.5,290.0,-145.0|145.0,20.5,False,FAIL,BELT_NOMINAL_LT_14|BELT_RESIDUAL_LT_8|PULLEY_NOMINAL_LT_13_5|PULLEY_RESIDUAL_LT_10
G-IN3.00-P11.00-OUT07.00,0.5,1,,C/C,O/O,3.0,11.0,7.0,17.0,58.0,94.5,5.0,3.0,16.0,10.0,11.5,5.5,16.5,13.0,12.0,8.5,36.0,PASS_95X140X5_REFERENCE,12.0,136.5,142.5,290.0,-145.0|145.0,21.0,False,FAIL,BELT_NOMINAL_LT_14|BELT_RESIDUAL_LT_8|PULLEY_NOMINAL_LT_13_5|PULLEY_RESIDUAL_LT_10
G-IN3.00-P11.00-OUT07.50,0.5,1,,C/C,O/O,3.0,11.0,7.5,17.0,58.0,95.0,5.0,3.0,16.0,10.0,12.0,6.0,16.5,13.0,12.5,9.0,35.5,PASS_95X140X5_REFERENCE,12.0,136.5,142.5,290.0,-145.0|145.0,21.5,False,FAIL,BELT_NOMINAL_LT_14|BELT_RESIDUAL_LT_8|PULLEY_NOMINAL_LT_13_5|PULLEY_RESIDUAL_LT_10
G-IN3.00-P11.00-OUT08.00,0.5,1,,C/C,O/O,3.0,11.0,8.0,17.0,58.0,95.5,5.0,3.0,16.0,10.0,12.5,6.5,16.5,13.0,13.0,9.5,35.0,PASS_95X140X5_REFERENCE,12.0,136.5,142.5,290.0,-145.0|145.0,22.0,False,FAIL,BELT_NOMINAL_LT_14|BELT_RESIDUAL_LT_8|PULLEY_NOMINAL_LT_13_5|PULLEY_RESIDUAL_LT_10
G-IN3.00-P11.00-OUT08.50,0.5,1,,C/C,O/O,3.0,11.0,8.5,17.0,58.0,96.0,5.0,3.0,16.0,10.0,13.0,7.0,16.5,13.0,13.5,10.0,34.5,PASS_95X140X5_REFERENCE,12.0,136.5,142.5,290.0,-145.0|145.0,22.5,False,FAIL,BELT_NOMINAL_LT_14|BELT_RESIDUAL_LT_8
G-IN3.00-P11.00-OUT09.00,0.5,1,,C/C,O/O,3.0,11.0,9.0,17.0,58.0,96.5,5.0,3.0,16.0,10.0,13.5,7.5,16.5,13.0,14.0,10.5,34.0,PASS_95X140X5_REFERENCE,12.0,136.5,142.5,290.0,-145.0|145.0,23.0,False,FAIL,BELT_NOMINAL_LT_14|BELT_RESIDUAL_LT_8
G-IN3.00-P11.00-OUT09.50,0.5,1,,C/C,O/O,3.0,11.0,9.5,17.0,58.0,97.0,5.0,3.0,16.0,10.0,14.0,8.0,16.5,13.0,14.5,11.0,33.5,PASS_95X140X5_REFERENCE,12.0,136.5,142.5,290.0,-145.0|145.0,23.5,True,ROBUST_CONDITIONAL_PASS_CANDIDATE,
G-IN3.00-P11.00-OUT10.00,0.5,1,,C/C,O/O,3.0,11.0,10.0,17.0,58.0,97.5,5.0,3.0,16.0,10.0,14.5,8.5,16.5,13.0,15.0,11.5,33.0,PASS_95X140X5_REFERENCE,12.0,136.5,142.5,290.0,-145.0|145.0,24.0,True,ROBUST_CONDITIONAL_PASS_CANDIDATE,
G-IN3.00-P11.50-OUT03.00,0.5,1,,C/C,O/O,3.0,11.5,3.0,17.0,58.5,90.5,5.0,3.0,16.5,10.5,7.0,1.0,17.0,13.5,7.5,4.0,40.0,PASS_95X140X5_REFERENCE,12.0,136.5,142.5,290.0,-145.0|145.0,17.5,False,FAIL,BELT_NOMINAL_LT_14|BELT_RESIDUAL_LT_8|PULLEY_NOMINAL_LT_13_5|PULLEY_RESIDUAL_LT_10
G-IN3.00-P11.50-OUT03.50,0.5,1,,C/C,O/O,3.0,11.5,3.5,17.0,58.5,91.0,5.0,3.0,16.5,10.5,7.5,1.5,17.0,13.5,8.0,4.5,39.5,PASS_95X140X5_REFERENCE,12.0,136.5,142.5,290.0,-145.0|145.0,18.0,False,FAIL,BELT_NOMINAL_LT_14|BELT_RESIDUAL_LT_8|PULLEY_NOMINAL_LT_13_5|PULLEY_RESIDUAL_LT_10
G-IN3.00-P11.50-OUT04.00,0.5,1,,C/C,O/O,3.0,11.5,4.0,17.0,58.5,91.5,5.0,3.0,16.5,10.5,8.0,2.0,17.0,13.5,8.5,5.0,39.0,PASS_95X140X5_REFERENCE,12.0,136.5,142.5,290.0,-145.0|145.0,18.5,False,FAIL,BELT_NOMINAL_LT_14|BELT_RESIDUAL_LT_8|PULLEY_NOMINAL_LT_13_5|PULLEY_RESIDUAL_LT_10
G-IN3.00-P11.50-OUT04.50,0.5,1,,C/C,O/O,3.0,11.5,4.5,17.0,58.5,92.0,5.0,3.0,16.5,10.5,8.5,2.5,17.0,13.5,9.0,5.5,38.5,PASS_95X140X5_REFERENCE,12.0,136.5,142.5,290.0,-145.0|145.0,19.0,False,FAIL,BELT_NOMINAL_LT_14|BELT_RESIDUAL_LT_8|PULLEY_NOMINAL_LT_13_5|PULLEY_RESIDUAL_LT_10
G-IN3.00-P11.50-OUT05.00,0.5,1,,C/C,O/O,3.0,11.5,5.0,17.0,58.5,92.5,5.0,3.0,16.5,10.5,9.0,3.0,17.0,13.5,9.5,6.0,38.0,PASS_95X140X5_REFERENCE,12.0,136.5,142.5,290.0,-145.0|145.0,19.5,False,FAIL,BELT_NOMINAL_LT_14|BELT_RESIDUAL_LT_8|PULLEY_NOMINAL_LT_13_5|PULLEY_RESIDUAL_LT_10
G-IN3.00-P11.50-OUT05.50,0.5,1,,C/C,O/O,3.0,11.5,5.5,17.0,58.5,93.0,5.0,3.0,16.5,10.5,9.5,3.5,17.0,13.5,10.0,6.5,37.5,PASS_95X140X5_REFERENCE,12.0,136.5,142.5,290.0,-145.0|145.0,20.0,False,FAIL,BELT_NOMINAL_LT_14|BELT_RESIDUAL_LT_8|PULLEY_NOMINAL_LT_13_5|PULLEY_RESIDUAL_LT_10
G-IN3.00-P11.50-OUT06.00,0.5,1,,C/C,O/O,3.0,11.5,6.0,17.0,58.5,93.5,5.0,3.0,16.5,10.5,10.0,4.0,17.0,13.5,10.5,7.0,37.0,PASS_95X140X5_REFERENCE,12.0,136.5,142.5,290.0,-145.0|145.0,20.5,False,FAIL,BELT_NOMINAL_LT_14|BELT_RESIDUAL_LT_8|PULLEY_NOMINAL_LT_13_5|PULLEY_RESIDUAL_LT_10
G-IN3.00-P11.50-OUT06.50,0.5,1,,C/C,O/O,3.0,11.5,6.5,17.0,58.5,94.0,5.0,3.0,16.5,10.5,10.5,4.5,17.0,13.5,11.0,7.5,36.5,PASS_95X140X5_REFERENCE,12.0,136.5,142.5,290.0,-145.0|145.0,21.0,False,FAIL,BELT_NOMINAL_LT_14|BELT_RESIDUAL_LT_8|PULLEY_NOMINAL_LT_13_5|PULLEY_RESIDUAL_LT_10
G-IN3.00-P11.50-OUT07.00,0.5,1,,C/C,O/O,3.0,11.5,7.0,17.0,58.5,94.5,5.0,3.0,16.5,10.5,11.0,5.0,17.0,13.5,11.5,8.0,36.0,PASS_95X140X5_REFERENCE,12.0,136.5,142.5,290.0,-145.0|145.0,21.5,False,FAIL,BELT_NOMINAL_LT_14|BELT_RESIDUAL_LT_8|PULLEY_NOMINAL_LT_13_5|PULLEY_RESIDUAL_LT_10
G-IN3.00-P11.50-OUT07.50,0.5,1,,C/C,O/O,3.0,11.5,7.5,17.0,58.5,95.0,5.0,3.0,16.5,10.5,11.5,5.5,17.0,13.5,12.0,8.5,35.5,PASS_95X140X5_REFERENCE,12.0,136.5,142.5,290.0,-145.0|145.0,22.0,False,FAIL,BELT_NOMINAL_LT_14|BELT_RESIDUAL_LT_8|PULLEY_NOMINAL_LT_13_5|PULLEY_RESIDUAL_LT_10
G-IN3.00-P11.50-OUT08.00,0.5,1,,C/C,O/O,3.0,11.5,8.0,17.0,58.5,95.5,5.0,3.0,16.5,10.5,12.0,6.0,17.0,13.5,12.5,9.0,35.0,PASS_95X140X5_REFERENCE,12.0,136.5,142.5,290.0,-145.0|145.0,22.5,False,FAIL,BELT_NOMINAL_LT_14|BELT_RESIDUAL_LT_8|PULLEY_NOMINAL_LT_13_5|PULLEY_RESIDUAL_LT_10
G-IN3.00-P11.50-OUT08.50,0.5,1,,C/C,O/O,3.0,11.5,8.5,17.0,58.5,96.0,5.0,3.0,16.5,10.5,12.5,6.5,17.0,13.5,13.0,9.5,34.5,PASS_95X140X5_REFERENCE,12.0,136.5,142.5,290.0,-145.0|145.0,23.0,False,FAIL,BELT_NOMINAL_LT_14|BELT_RESIDUAL_LT_8|PULLEY_NOMINAL_LT_13_5|PULLEY_RESIDUAL_LT_10
G-IN3.00-P11.50-OUT09.00,0.5,1,,C/C,O/O,3.0,11.5,9.0,17.0,58.5,96.5,5.0,3.0,16.5,10.5,13.0,7.0,17.0,13.5,13.5,10.0,34.0,PASS_95X140X5_REFERENCE,12.0,136.5,142.5,290.0,-145.0|145.0,23.5,False,FAIL,BELT_NOMINAL_LT_14|BELT_RESIDUAL_LT_8
G-IN3.00-P11.50-OUT09.50,0.5,1,,C/C,O/O,3.0,11.5,9.5,17.0,58.5,97.0,5.0,3.0,16.5,10.5,13.5,7.5,17.0,13.5,14.0,10.5,33.5,PASS_95X140X5_REFERENCE,12.0,136.5,142.5,290.0,-145.0|145.0,24.0,False,FAIL,BELT_NOMINAL_LT_14|BELT_RESIDUAL_LT_8
G-IN3.00-P11.50-OUT10.00,0.5,1,,C/C,O/O,3.0,11.5,10.0,17.0,58.5,97.5,5.0,3.0,16.5,10.5,14.0,8.0,17.0,13.5,14.5,11.0,33.0,PASS_95X140X5_REFERENCE,12.0,136.5,142.5,290.0,-145.0|145.0,24.5,True,ROBUST_CONDITIONAL_PASS_CANDIDATE,
G-IN3.00-P12.00-OUT03.00,0.5,1,,C/C,O/O,3.0,12.0,3.0,17.0,59.0,90.5,5.0,3.0,17.0,11.0,6.5,0.5,17.5,14.0,7.0,3.5,40.0,PASS_95X140X5_REFERENCE,12.0,136.5,142.5,290.0,-145.0|145.0,18.0,False,FAIL,BELT_NOMINAL_LT_14|BELT_RESIDUAL_LT_8|PULLEY_NOMINAL_LT_13_5|PULLEY_RESIDUAL_LT_10
G-IN3.00-P12.00-OUT03.50,0.5,1,,C/C,O/O,3.0,12.0,3.5,17.0,59.0,91.0,5.0,3.0,17.0,11.0,7.0,1.0,17.5,14.0,7.5,4.0,39.5,PASS_95X140X5_REFERENCE,12.0,136.5,142.5,290.0,-145.0|145.0,18.5,False,FAIL,BELT_NOMINAL_LT_14|BELT_RESIDUAL_LT_8|PULLEY_NOMINAL_LT_13_5|PULLEY_RESIDUAL_LT_10
G-IN3.00-P12.00-OUT04.00,0.5,1,,C/C,O/O,3.0,12.0,4.0,17.0,59.0,91.5,5.0,3.0,17.0,11.0,7.5,1.5,17.5,14.0,8.0,4.5,39.0,PASS_95X140X5_REFERENCE,12.0,136.5,142.5,290.0,-145.0|145.0,19.0,False,FAIL,BELT_NOMINAL_LT_14|BELT_RESIDUAL_LT_8|PULLEY_NOMINAL_LT_13_5|PULLEY_RESIDUAL_LT_10
G-IN3.00-P12.00-OUT04.50,0.5,1,,C/C,O/O,3.0,12.0,4.5,17.0,59.0,92.0,5.0,3.0,17.0,11.0,8.0,2.0,17.5,14.0,8.5,5.0,38.5,PASS_95X140X5_REFERENCE,12.0,136.5,142.5,290.0,-145.0|145.0,19.5,False,FAIL,BELT_NOMINAL_LT_14|BELT_RESIDUAL_LT_8|PULLEY_NOMINAL_LT_13_5|PULLEY_RESIDUAL_LT_10
G-IN3.00-P12.00-OUT05.00,0.5,1,,C/C,O/O,3.0,12.0,5.0,17.0,59.0,92.5,5.0,3.0,17.0,11.0,8.5,2.5,17.5,14.0,9.0,5.5,38.0,PASS_95X140X5_REFERENCE,12.0,136.5,142.5,290.0,-145.0|145.0,20.0,False,FAIL,BELT_NOMINAL_LT_14|BELT_RESIDUAL_LT_8|PULLEY_NOMINAL_LT_13_5|PULLEY_RESIDUAL_LT_10
G-IN3.00-P12.00-OUT05.50,0.5,1,,C/C,O/O,3.0,12.0,5.5,17.0,59.0,93.0,5.0,3.0,17.0,11.0,9.0,3.0,17.5,14.0,9.5,6.0,37.5,PASS_95X140X5_REFERENCE,12.0,136.5,142.5,290.0,-145.0|145.0,20.5,False,FAIL,BELT_NOMINAL_LT_14|BELT_RESIDUAL_LT_8|PULLEY_NOMINAL_LT_13_5|PULLEY_RESIDUAL_LT_10
G-IN3.00-P12.00-OUT06.00,0.5,1,,C/C,O/O,3.0,12.0,6.0,17.0,59.0,93.5,5.0,3.0,17.0,11.0,9.5,3.5,17.5,14.0,10.0,6.5,37.0,PASS_95X140X5_REFERENCE,12.0,136.5,142.5,290.0,-145.0|145.0,21.0,False,FAIL,BELT_NOMINAL_LT_14|BELT_RESIDUAL_LT_8|PULLEY_NOMINAL_LT_13_5|PULLEY_RESIDUAL_LT_10
G-IN3.00-P12.00-OUT06.50,0.5,1,,C/C,O/O,3.0,12.0,6.5,17.0,59.0,94.0,5.0,3.0,17.0,11.0,10.0,4.0,17.5,14.0,10.5,7.0,36.5,PASS_95X140X5_REFERENCE,12.0,136.5,142.5,290.0,-145.0|145.0,21.5,False,FAIL,BELT_NOMINAL_LT_14|BELT_RESIDUAL_LT_8|PULLEY_NOMINAL_LT_13_5|PULLEY_RESIDUAL_LT_10
G-IN3.00-P12.00-OUT07.00,0.5,1,,C/C,O/O,3.0,12.0,7.0,17.0,59.0,94.5,5.0,3.0,17.0,11.0,10.5,4.5,17.5,14.0,11.0,7.5,36.0,PASS_95X140X5_REFERENCE,12.0,136.5,142.5,290.0,-145.0|145.0,22.0,False,FAIL,BELT_NOMINAL_LT_14|BELT_RESIDUAL_LT_8|PULLEY_NOMINAL_LT_13_5|PULLEY_RESIDUAL_LT_10
G-IN3.00-P12.00-OUT07.50,0.5,1,,C/C,O/O,3.0,12.0,7.5,17.0,59.0,95.0,5.0,3.0,17.0,11.0,11.0,5.0,17.5,14.0,11.5,8.0,35.5,PASS_95X140X5_REFERENCE,12.0,136.5,142.5,290.0,-145.0|145.0,22.5,False,FAIL,BELT_NOMINAL_LT_14|BELT_RESIDUAL_LT_8|PULLEY_NOMINAL_LT_13_5|PULLEY_RESIDUAL_LT_10
G-IN3.00-P12.00-OUT08.00,0.5,1,,C/C,O/O,3.0,12.0,8.0,17.0,59.0,95.5,5.0,3.0,17.0,11.0,11.5,5.5,17.5,14.0,12.0,8.5,35.0,PASS_95X140X5_REFERENCE,12.0,136.5,142.5,290.0,-145.0|145.0,23.0,False,FAIL,BELT_NOMINAL_LT_14|BELT_RESIDUAL_LT_8|PULLEY_NOMINAL_LT_13_5|PULLEY_RESIDUAL_LT_10
G-IN3.00-P12.00-OUT08.50,0.5,1,,C/C,O/O,3.0,12.0,8.5,17.0,59.0,96.0,5.0,3.0,17.0,11.0,12.0,6.0,17.5,14.0,12.5,9.0,34.5,PASS_95X140X5_REFERENCE,12.0,136.5,142.5,290.0,-145.0|145.0,23.5,False,FAIL,BELT_NOMINAL_LT_14|BELT_RESIDUAL_LT_8|PULLEY_NOMINAL_LT_13_5|PULLEY_RESIDUAL_LT_10
G-IN3.00-P12.00-OUT09.00,0.5,1,,C/C,O/O,3.0,12.0,9.0,17.0,59.0,96.5,5.0,3.0,17.0,11.0,12.5,6.5,17.5,14.0,13.0,9.5,34.0,PASS_95X140X5_REFERENCE,12.0,136.5,142.5,290.0,-145.0|145.0,24.0,False,FAIL,BELT_NOMINAL_LT_14|BELT_RESIDUAL_LT_8|PULLEY_NOMINAL_LT_13_5|PULLEY_RESIDUAL_LT_10
G-IN3.00-P12.00-OUT09.50,0.5,1,,C/C,O/O,3.0,12.0,9.5,17.0,59.0,97.0,5.0,3.0,17.0,11.0,13.0,7.0,17.5,14.0,13.5,10.0,33.5,PASS_95X140X5_REFERENCE,12.0,136.5,142.5,290.0,-145.0|145.0,24.5,False,FAIL,BELT_NOMINAL_LT_14|BELT_RESIDUAL_LT_8
G-IN3.00-P12.00-OUT10.00,0.5,1,,C/C,O/O,3.0,12.0,10.0,17.0,59.0,97.5,5.0,3.0,17.0,11.0,13.5,7.5,17.5,14.0,14.0,10.5,33.0,PASS_95X140X5_REFERENCE,12.0,136.5,142.5,290.0,-145.0|145.0,25.0,False,FAIL,BELT_NOMINAL_LT_14|BELT_RESIDUAL_LT_8
G-IN3.50-P05.00-OUT03.00,0.5,1,,C/C,O/O,3.5,5.0,3.0,17.5,52.0,90.5,6.0,4.0,9.5,3.5,13.5,7.5,10.0,6.5,14.0,10.5,40.0,PASS_95X140X5_REFERENCE,12.0,136.0,142.0,290.0,-145.0|145.0,11.5,False,FAIL,BELT_NOMINAL_LT_14|BELT_RESIDUAL_LT_8|PULLEY_NOMINAL_LT_13_5|PULLEY_RESIDUAL_LT_10
G-IN3.50-P05.00-OUT03.50,0.5,1,,C/C,O/O,3.5,5.0,3.5,17.5,52.0,91.0,6.0,4.0,9.5,3.5,14.0,8.0,10.0,6.5,14.5,11.0,39.5,PASS_95X140X5_REFERENCE,12.0,136.0,142.0,290.0,-145.0|145.0,12.0,False,FAIL,BELT_NOMINAL_LT_14|BELT_RESIDUAL_LT_8|PULLEY_NOMINAL_LT_13_5|PULLEY_RESIDUAL_LT_10
G-IN3.50-P05.00-OUT04.00,0.5,1,,C/C,O/O,3.5,5.0,4.0,17.5,52.0,91.5,6.0,4.0,9.5,3.5,14.5,8.5,10.0,6.5,15.0,11.5,39.0,PASS_95X140X5_REFERENCE,12.0,136.0,142.0,290.0,-145.0|145.0,12.5,False,FAIL,BELT_NOMINAL_LT_14|BELT_RESIDUAL_LT_8|PULLEY_NOMINAL_LT_13_5|PULLEY_RESIDUAL_LT_10
G-IN3.50-P05.00-OUT04.50,0.5,1,,C/C,O/O,3.5,5.0,4.5,17.5,52.0,92.0,6.0,4.0,9.5,3.5,15.0,9.0,10.0,6.5,15.5,12.0,38.5,PASS_95X140X5_REFERENCE,12.0,136.0,142.0,290.0,-145.0|145.0,13.0,False,FAIL,BELT_NOMINAL_LT_14|BELT_RESIDUAL_LT_8|PULLEY_NOMINAL_LT_13_5|PULLEY_RESIDUAL_LT_10
G-IN3.50-P05.00-OUT05.00,0.5,1,,C/C,O/O,3.5,5.0,5.0,17.5,52.0,92.5,6.0,4.0,9.5,3.5,15.5,9.5,10.0,6.5,16.0,12.5,38.0,PASS_95X140X5_REFERENCE,12.0,136.0,142.0,290.0,-145.0|145.0,13.5,False,FAIL,BELT_NOMINAL_LT_14|BELT_RESIDUAL_LT_8|PULLEY_NOMINAL_LT_13_5|PULLEY_RESIDUAL_LT_10
G-IN3.50-P05.00-OUT05.50,0.5,1,,C/C,O/O,3.5,5.0,5.5,17.5,52.0,93.0,6.0,4.0,9.5,3.5,16.0,10.0,10.0,6.5,16.5,13.0,37.5,PASS_95X140X5_REFERENCE,12.0,136.0,142.0,290.0,-145.0|145.0,14.0,False,FAIL,BELT_NOMINAL_LT_14|BELT_RESIDUAL_LT_8|PULLEY_NOMINAL_LT_13_5|PULLEY_RESIDUAL_LT_10
G-IN3.50-P05.00-OUT06.00,0.5,1,,C/C,O/O,3.5,5.0,6.0,17.5,52.0,93.5,6.0,4.0,9.5,3.5,16.5,10.5,10.0,6.5,17.0,13.5,37.0,PASS_95X140X5_REFERENCE,12.0,136.0,142.0,290.0,-145.0|145.0,14.5,False,FAIL,BELT_NOMINAL_LT_14|BELT_RESIDUAL_LT_8|PULLEY_NOMINAL_LT_13_5|PULLEY_RESIDUAL_LT_10
G-IN3.50-P05.00-OUT06.50,0.5,1,,C/C,O/O,3.5,5.0,6.5,17.5,52.0,94.0,6.0,4.0,9.5,3.5,17.0,11.0,10.0,6.5,17.5,14.0,36.5,PASS_95X140X5_REFERENCE,12.0,136.0,142.0,290.0,-145.0|145.0,15.0,False,FAIL,BELT_NOMINAL_LT_14|BELT_RESIDUAL_LT_8|PULLEY_NOMINAL_LT_13_5|PULLEY_RESIDUAL_LT_10
G-IN3.50-P05.00-OUT07.00,0.5,1,,C/C,O/O,3.5,5.0,7.0,17.5,52.0,94.5,6.0,4.0,9.5,3.5,17.5,11.5,10.0,6.5,18.0,14.5,36.0,PASS_95X140X5_REFERENCE,12.0,136.0,142.0,290.0,-145.0|145.0,15.5,False,FAIL,BELT_NOMINAL_LT_14|BELT_RESIDUAL_LT_8|PULLEY_NOMINAL_LT_13_5|PULLEY_RESIDUAL_LT_10
G-IN3.50-P05.00-OUT07.50,0.5,1,,C/C,O/O,3.5,5.0,7.5,17.5,52.0,95.0,6.0,4.0,9.5,3.5,18.0,12.0,10.0,6.5,18.5,15.0,35.5,PASS_95X140X5_REFERENCE,12.0,136.0,142.0,290.0,-145.0|145.0,16.0,False,FAIL,BELT_NOMINAL_LT_14|BELT_RESIDUAL_LT_8|PULLEY_NOMINAL_LT_13_5|PULLEY_RESIDUAL_LT_10
G-IN3.50-P05.00-OUT08.00,0.5,1,,C/C,O/O,3.5,5.0,8.0,17.5,52.0,95.5,6.0,4.0,9.5,3.5,18.5,12.5,10.0,6.5,19.0,15.5,35.0,PASS_95X140X5_REFERENCE,12.0,136.0,142.0,290.0,-145.0|145.0,16.5,False,FAIL,BELT_NOMINAL_LT_14|BELT_RESIDUAL_LT_8|PULLEY_NOMINAL_LT_13_5|PULLEY_RESIDUAL_LT_10
G-IN3.50-P05.00-OUT08.50,0.5,1,,C/C,O/O,3.5,5.0,8.5,17.5,52.0,96.0,6.0,4.0,9.5,3.5,19.0,13.0,10.0,6.5,19.5,16.0,34.5,PASS_95X140X5_REFERENCE,12.0,136.0,142.0,290.0,-145.0|145.0,17.0,False,FAIL,BELT_NOMINAL_LT_14|BELT_RESIDUAL_LT_8|PULLEY_NOMINAL_LT_13_5|PULLEY_RESIDUAL_LT_10
G-IN3.50-P05.00-OUT09.00,0.5,1,,C/C,O/O,3.5,5.0,9.0,17.5,52.0,96.5,6.0,4.0,9.5,3.5,19.5,13.5,10.0,6.5,20.0,16.5,34.0,PASS_95X140X5_REFERENCE,12.0,136.0,142.0,290.0,-145.0|145.0,17.5,False,FAIL,BELT_NOMINAL_LT_14|BELT_RESIDUAL_LT_8|PULLEY_NOMINAL_LT_13_5|PULLEY_RESIDUAL_LT_10
G-IN3.50-P05.00-OUT09.50,0.5,1,,C/C,O/O,3.5,5.0,9.5,17.5,52.0,97.0,6.0,4.0,9.5,3.5,20.0,14.0,10.0,6.5,20.5,17.0,33.5,PASS_95X140X5_REFERENCE,12.0,136.0,142.0,290.0,-145.0|145.0,18.0,False,FAIL,BELT_NOMINAL_LT_14|BELT_RESIDUAL_LT_8|PULLEY_NOMINAL_LT_13_5|PULLEY_RESIDUAL_LT_10
G-IN3.50-P05.00-OUT10.00,0.5,1,,C/C,O/O,3.5,5.0,10.0,17.5,52.0,97.5,6.0,4.0,9.5,3.5,20.5,14.5,10.0,6.5,21.0,17.5,33.0,PASS_95X140X5_REFERENCE,12.0,136.0,142.0,290.0,-145.0|145.0,18.5,False,FAIL,BELT_NOMINAL_LT_14|BELT_RESIDUAL_LT_8|PULLEY_NOMINAL_LT_13_5|PULLEY_RESIDUAL_LT_10
G-IN3.50-P05.50-OUT03.00,0.5,1,,C/C,O/O,3.5,5.5,3.0,17.5,52.5,90.5,6.0,4.0,10.0,4.0,13.0,7.0,10.5,7.0,13.5,10.0,40.0,PASS_95X140X5_REFERENCE,12.0,136.0,142.0,290.0,-145.0|145.0,12.0,False,FAIL,BELT_NOMINAL_LT_14|BELT_RESIDUAL_LT_8|PULLEY_NOMINAL_LT_13_5|PULLEY_RESIDUAL_LT_10
G-IN3.50-P05.50-OUT03.50,0.5,1,,C/C,O/O,3.5,5.5,3.5,17.5,52.5,91.0,6.0,4.0,10.0,4.0,13.5,7.5,10.5,7.0,14.0,10.5,39.5,PASS_95X140X5_REFERENCE,12.0,136.0,142.0,290.0,-145.0|145.0,12.5,False,FAIL,BELT_NOMINAL_LT_14|BELT_RESIDUAL_LT_8|PULLEY_NOMINAL_LT_13_5|PULLEY_RESIDUAL_LT_10
G-IN3.50-P05.50-OUT04.00,0.5,1,,C/C,O/O,3.5,5.5,4.0,17.5,52.5,91.5,6.0,4.0,10.0,4.0,14.0,8.0,10.5,7.0,14.5,11.0,39.0,PASS_95X140X5_REFERENCE,12.0,136.0,142.0,290.0,-145.0|145.0,13.0,False,FAIL,BELT_NOMINAL_LT_14|BELT_RESIDUAL_LT_8|PULLEY_NOMINAL_LT_13_5|PULLEY_RESIDUAL_LT_10
G-IN3.50-P05.50-OUT04.50,0.5,1,,C/C,O/O,3.5,5.5,4.5,17.5,52.5,92.0,6.0,4.0,10.0,4.0,14.5,8.5,10.5,7.0,15.0,11.5,38.5,PASS_95X140X5_REFERENCE,12.0,136.0,142.0,290.0,-145.0|145.0,13.5,False,FAIL,BELT_NOMINAL_LT_14|BELT_RESIDUAL_LT_8|PULLEY_NOMINAL_LT_13_5|PULLEY_RESIDUAL_LT_10
G-IN3.50-P05.50-OUT05.00,0.5,1,,C/C,O/O,3.5,5.5,5.0,17.5,52.5,92.5,6.0,4.0,10.0,4.0,15.0,9.0,10.5,7.0,15.5,12.0,38.0,PASS_95X140X5_REFERENCE,12.0,136.0,142.0,290.0,-145.0|145.0,14.0,False,FAIL,BELT_NOMINAL_LT_14|BELT_RESIDUAL_LT_8|PULLEY_NOMINAL_LT_13_5|PULLEY_RESIDUAL_LT_10
G-IN3.50-P05.50-OUT05.50,0.5,1,,C/C,O/O,3.5,5.5,5.5,17.5,52.5,93.0,6.0,4.0,10.0,4.0,15.5,9.5,10.5,7.0,16.0,12.5,37.5,PASS_95X140X5_REFERENCE,12.0,136.0,142.0,290.0,-145.0|145.0,14.5,False,FAIL,BELT_NOMINAL_LT_14|BELT_RESIDUAL_LT_8|PULLEY_NOMINAL_LT_13_5|PULLEY_RESIDUAL_LT_10
G-IN3.50-P05.50-OUT06.00,0.5,1,,C/C,O/O,3.5,5.5,6.0,17.5,52.5,93.5,6.0,4.0,10.0,4.0,16.0,10.0,10.5,7.0,16.5,13.0,37.0,PASS_95X140X5_REFERENCE,12.0,136.0,142.0,290.0,-145.0|145.0,15.0,False,FAIL,BELT_NOMINAL_LT_14|BELT_RESIDUAL_LT_8|PULLEY_NOMINAL_LT_13_5|PULLEY_RESIDUAL_LT_10
G-IN3.50-P05.50-OUT06.50,0.5,1,,C/C,O/O,3.5,5.5,6.5,17.5,52.5,94.0,6.0,4.0,10.0,4.0,16.5,10.5,10.5,7.0,17.0,13.5,36.5,PASS_95X140X5_REFERENCE,12.0,136.0,142.0,290.0,-145.0|145.0,15.5,False,FAIL,BELT_NOMINAL_LT_14|BELT_RESIDUAL_LT_8|PULLEY_NOMINAL_LT_13_5|PULLEY_RESIDUAL_LT_10
G-IN3.50-P05.50-OUT07.00,0.5,1,,C/C,O/O,3.5,5.5,7.0,17.5,52.5,94.5,6.0,4.0,10.0,4.0,17.0,11.0,10.5,7.0,17.5,14.0,36.0,PASS_95X140X5_REFERENCE,12.0,136.0,142.0,290.0,-145.0|145.0,16.0,False,FAIL,BELT_NOMINAL_LT_14|BELT_RESIDUAL_LT_8|PULLEY_NOMINAL_LT_13_5|PULLEY_RESIDUAL_LT_10
G-IN3.50-P05.50-OUT07.50,0.5,1,,C/C,O/O,3.5,5.5,7.5,17.5,52.5,95.0,6.0,4.0,10.0,4.0,17.5,11.5,10.5,7.0,18.0,14.5,35.5,PASS_95X140X5_REFERENCE,12.0,136.0,142.0,290.0,-145.0|145.0,16.5,False,FAIL,BELT_NOMINAL_LT_14|BELT_RESIDUAL_LT_8|PULLEY_NOMINAL_LT_13_5|PULLEY_RESIDUAL_LT_10
G-IN3.50-P05.50-OUT08.00,0.5,1,,C/C,O/O,3.5,5.5,8.0,17.5,52.5,95.5,6.0,4.0,10.0,4.0,18.0,12.0,10.5,7.0,18.5,15.0,35.0,PASS_95X140X5_REFERENCE,12.0,136.0,142.0,290.0,-145.0|145.0,17.0,False,FAIL,BELT_NOMINAL_LT_14|BELT_RESIDUAL_LT_8|PULLEY_NOMINAL_LT_13_5|PULLEY_RESIDUAL_LT_10
G-IN3.50-P05.50-OUT08.50,0.5,1,,C/C,O/O,3.5,5.5,8.5,17.5,52.5,96.0,6.0,4.0,10.0,4.0,18.5,12.5,10.5,7.0,19.0,15.5,34.5,PASS_95X140X5_REFERENCE,12.0,136.0,142.0,290.0,-145.0|145.0,17.5,False,FAIL,BELT_NOMINAL_LT_14|BELT_RESIDUAL_LT_8|PULLEY_NOMINAL_LT_13_5|PULLEY_RESIDUAL_LT_10
G-IN3.50-P05.50-OUT09.00,0.5,1,,C/C,O/O,3.5,5.5,9.0,17.5,52.5,96.5,6.0,4.0,10.0,4.0,19.0,13.0,10.5,7.0,19.5,16.0,34.0,PASS_95X140X5_REFERENCE,12.0,136.0,142.0,290.0,-145.0|145.0,18.0,False,FAIL,BELT_NOMINAL_LT_14|BELT_RESIDUAL_LT_8|PULLEY_NOMINAL_LT_13_5|PULLEY_RESIDUAL_LT_10
G-IN3.50-P05.50-OUT09.50,0.5,1,,C/C,O/O,3.5,5.5,9.5,17.5,52.5,97.0,6.0,4.0,10.0,4.0,19.5,13.5,10.5,7.0,20.0,16.5,33.5,PASS_95X140X5_REFERENCE,12.0,136.0,142.0,290.0,-145.0|145.0,18.5,False,FAIL,BELT_NOMINAL_LT_14|BELT_RESIDUAL_LT_8|PULLEY_NOMINAL_LT_13_5|PULLEY_RESIDUAL_LT_10
G-IN3.50-P05.50-OUT10.00,0.5,1,,C/C,O/O,3.5,5.5,10.0,17.5,52.5,97.5,6.0,4.0,10.0,4.0,20.0,14.0,10.5,7.0,20.5,17.0,33.0,PASS_95X140X5_REFERENCE,12.0,136.0,142.0,290.0,-145.0|145.0,19.0,False,FAIL,BELT_NOMINAL_LT_14|BELT_RESIDUAL_LT_8|PULLEY_NOMINAL_LT_13_5|PULLEY_RESIDUAL_LT_10
G-IN3.50-P06.00-OUT03.00,0.5,1,,C/C,O/O,3.5,6.0,3.0,17.5,53.0,90.5,6.0,4.0,10.5,4.5,12.5,6.5,11.0,7.5,13.0,9.5,40.0,PASS_95X140X5_REFERENCE,12.0,136.0,142.0,290.0,-145.0|145.0,12.5,False,FAIL,BELT_NOMINAL_LT_14|BELT_RESIDUAL_LT_8|PULLEY_NOMINAL_LT_13_5|PULLEY_RESIDUAL_LT_10
G-IN3.50-P06.00-OUT03.50,0.5,1,,C/C,O/O,3.5,6.0,3.5,17.5,53.0,91.0,6.0,4.0,10.5,4.5,13.0,7.0,11.0,7.5,13.5,10.0,39.5,PASS_95X140X5_REFERENCE,12.0,136.0,142.0,290.0,-145.0|145.0,13.0,False,FAIL,BELT_NOMINAL_LT_14|BELT_RESIDUAL_LT_8|PULLEY_NOMINAL_LT_13_5|PULLEY_RESIDUAL_LT_10
G-IN3.50-P06.00-OUT04.00,0.5,1,,C/C,O/O,3.5,6.0,4.0,17.5,53.0,91.5,6.0,4.0,10.5,4.5,13.5,7.5,11.0,7.5,14.0,10.5,39.0,PASS_95X140X5_REFERENCE,12.0,136.0,142.0,290.0,-145.0|145.0,13.5,False,FAIL,BELT_NOMINAL_LT_14|BELT_RESIDUAL_LT_8|PULLEY_NOMINAL_LT_13_5|PULLEY_RESIDUAL_LT_10
G-IN3.50-P06.00-OUT04.50,0.5,1,,C/C,O/O,3.5,6.0,4.5,17.5,53.0,92.0,6.0,4.0,10.5,4.5,14.0,8.0,11.0,7.5,14.5,11.0,38.5,PASS_95X140X5_REFERENCE,12.0,136.0,142.0,290.0,-145.0|145.0,14.0,False,FAIL,BELT_NOMINAL_LT_14|BELT_RESIDUAL_LT_8|PULLEY_NOMINAL_LT_13_5|PULLEY_RESIDUAL_LT_10
G-IN3.50-P06.00-OUT05.00,0.5,1,,C/C,O/O,3.5,6.0,5.0,17.5,53.0,92.5,6.0,4.0,10.5,4.5,14.5,8.5,11.0,7.5,15.0,11.5,38.0,PASS_95X140X5_REFERENCE,12.0,136.0,142.0,290.0,-145.0|145.0,14.5,False,FAIL,BELT_NOMINAL_LT_14|BELT_RESIDUAL_LT_8|PULLEY_NOMINAL_LT_13_5|PULLEY_RESIDUAL_LT_10
G-IN3.50-P06.00-OUT05.50,0.5,1,,C/C,O/O,3.5,6.0,5.5,17.5,53.0,93.0,6.0,4.0,10.5,4.5,15.0,9.0,11.0,7.5,15.5,12.0,37.5,PASS_95X140X5_REFERENCE,12.0,136.0,142.0,290.0,-145.0|145.0,15.0,False,FAIL,BELT_NOMINAL_LT_14|BELT_RESIDUAL_LT_8|PULLEY_NOMINAL_LT_13_5|PULLEY_RESIDUAL_LT_10
G-IN3.50-P06.00-OUT06.00,0.5,1,,C/C,O/O,3.5,6.0,6.0,17.5,53.0,93.5,6.0,4.0,10.5,4.5,15.5,9.5,11.0,7.5,16.0,12.5,37.0,PASS_95X140X5_REFERENCE,12.0,136.0,142.0,290.0,-145.0|145.0,15.5,False,FAIL,BELT_NOMINAL_LT_14|BELT_RESIDUAL_LT_8|PULLEY_NOMINAL_LT_13_5|PULLEY_RESIDUAL_LT_10
G-IN3.50-P06.00-OUT06.50,0.5,1,,C/C,O/O,3.5,6.0,6.5,17.5,53.0,94.0,6.0,4.0,10.5,4.5,16.0,10.0,11.0,7.5,16.5,13.0,36.5,PASS_95X140X5_REFERENCE,12.0,136.0,142.0,290.0,-145.0|145.0,16.0,False,FAIL,BELT_NOMINAL_LT_14|BELT_RESIDUAL_LT_8|PULLEY_NOMINAL_LT_13_5|PULLEY_RESIDUAL_LT_10
G-IN3.50-P06.00-OUT07.00,0.5,1,,C/C,O/O,3.5,6.0,7.0,17.5,53.0,94.5,6.0,4.0,10.5,4.5,16.5,10.5,11.0,7.5,17.0,13.5,36.0,PASS_95X140X5_REFERENCE,12.0,136.0,142.0,290.0,-145.0|145.0,16.5,False,FAIL,BELT_NOMINAL_LT_14|BELT_RESIDUAL_LT_8|PULLEY_NOMINAL_LT_13_5|PULLEY_RESIDUAL_LT_10
G-IN3.50-P06.00-OUT07.50,0.5,1,,C/C,O/O,3.5,6.0,7.5,17.5,53.0,95.0,6.0,4.0,10.5,4.5,17.0,11.0,11.0,7.5,17.5,14.0,35.5,PASS_95X140X5_REFERENCE,12.0,136.0,142.0,290.0,-145.0|145.0,17.0,False,FAIL,BELT_NOMINAL_LT_14|BELT_RESIDUAL_LT_8|PULLEY_NOMINAL_LT_13_5|PULLEY_RESIDUAL_LT_10
G-IN3.50-P06.00-OUT08.00,0.5,1,,C/C,O/O,3.5,6.0,8.0,17.5,53.0,95.5,6.0,4.0,10.5,4.5,17.5,11.5,11.0,7.5,18.0,14.5,35.0,PASS_95X140X5_REFERENCE,12.0,136.0,142.0,290.0,-145.0|145.0,17.5,False,FAIL,BELT_NOMINAL_LT_14|BELT_RESIDUAL_LT_8|PULLEY_NOMINAL_LT_13_5|PULLEY_RESIDUAL_LT_10
G-IN3.50-P06.00-OUT08.50,0.5,1,,C/C,O/O,3.5,6.0,8.5,17.5,53.0,96.0,6.0,4.0,10.5,4.5,18.0,12.0,11.0,7.5,18.5,15.0,34.5,PASS_95X140X5_REFERENCE,12.0,136.0,142.0,290.0,-145.0|145.0,18.0,False,FAIL,BELT_NOMINAL_LT_14|BELT_RESIDUAL_LT_8|PULLEY_NOMINAL_LT_13_5|PULLEY_RESIDUAL_LT_10
G-IN3.50-P06.00-OUT09.00,0.5,1,,C/C,O/O,3.5,6.0,9.0,17.5,53.0,96.5,6.0,4.0,10.5,4.5,18.5,12.5,11.0,7.5,19.0,15.5,34.0,PASS_95X140X5_REFERENCE,12.0,136.0,142.0,290.0,-145.0|145.0,18.5,False,FAIL,BELT_NOMINAL_LT_14|BELT_RESIDUAL_LT_8|PULLEY_NOMINAL_LT_13_5|PULLEY_RESIDUAL_LT_10
G-IN3.50-P06.00-OUT09.50,0.5,1,,C/C,O/O,3.5,6.0,9.5,17.5,53.0,97.0,6.0,4.0,10.5,4.5,19.0,13.0,11.0,7.5,19.5,16.0,33.5,PASS_95X140X5_REFERENCE,12.0,136.0,142.0,290.0,-145.0|145.0,19.0,False,FAIL,BELT_NOMINAL_LT_14|BELT_RESIDUAL_LT_8|PULLEY_NOMINAL_LT_13_5|PULLEY_RESIDUAL_LT_10
G-IN3.50-P06.00-OUT10.00,0.5,1,,C/C,O/O,3.5,6.0,10.0,17.5,53.0,97.5,6.0,4.0,10.5,4.5,19.5,13.5,11.0,7.5,20.0,16.5,33.0,PASS_95X140X5_REFERENCE,12.0,136.0,142.0,290.0,-145.0|145.0,19.5,False,FAIL,BELT_NOMINAL_LT_14|BELT_RESIDUAL_LT_8|PULLEY_NOMINAL_LT_13_5|PULLEY_RESIDUAL_LT_10
G-IN3.50-P06.50-OUT03.00,0.5,1,,C/C,O/O,3.5,6.5,3.0,17.5,53.5,90.5,6.0,4.0,11.0,5.0,12.0,6.0,11.5,8.0,12.5,9.0,40.0,PASS_95X140X5_REFERENCE,12.0,136.0,142.0,290.0,-145.0|145.0,13.0,False,FAIL,BELT_NOMINAL_LT_14|BELT_RESIDUAL_LT_8|PULLEY_NOMINAL_LT_13_5|PULLEY_RESIDUAL_LT_10
G-IN3.50-P06.50-OUT03.50,0.5,1,,C/C,O/O,3.5,6.5,3.5,17.5,53.5,91.0,6.0,4.0,11.0,5.0,12.5,6.5,11.5,8.0,13.0,9.5,39.5,PASS_95X140X5_REFERENCE,12.0,136.0,142.0,290.0,-145.0|145.0,13.5,False,FAIL,BELT_NOMINAL_LT_14|BELT_RESIDUAL_LT_8|PULLEY_NOMINAL_LT_13_5|PULLEY_RESIDUAL_LT_10
G-IN3.50-P06.50-OUT04.00,0.5,1,,C/C,O/O,3.5,6.5,4.0,17.5,53.5,91.5,6.0,4.0,11.0,5.0,13.0,7.0,11.5,8.0,13.5,10.0,39.0,PASS_95X140X5_REFERENCE,12.0,136.0,142.0,290.0,-145.0|145.0,14.0,False,FAIL,BELT_NOMINAL_LT_14|BELT_RESIDUAL_LT_8|PULLEY_NOMINAL_LT_13_5|PULLEY_RESIDUAL_LT_10
G-IN3.50-P06.50-OUT04.50,0.5,1,,C/C,O/O,3.5,6.5,4.5,17.5,53.5,92.0,6.0,4.0,11.0,5.0,13.5,7.5,11.5,8.0,14.0,10.5,38.5,PASS_95X140X5_REFERENCE,12.0,136.0,142.0,290.0,-145.0|145.0,14.5,False,FAIL,BELT_NOMINAL_LT_14|BELT_RESIDUAL_LT_8|PULLEY_NOMINAL_LT_13_5|PULLEY_RESIDUAL_LT_10
G-IN3.50-P06.50-OUT05.00,0.5,1,,C/C,O/O,3.5,6.5,5.0,17.5,53.5,92.5,6.0,4.0,11.0,5.0,14.0,8.0,11.5,8.0,14.5,11.0,38.0,PASS_95X140X5_REFERENCE,12.0,136.0,142.0,290.0,-145.0|145.0,15.0,False,FAIL,BELT_NOMINAL_LT_14|BELT_RESIDUAL_LT_8|PULLEY_NOMINAL_LT_13_5|PULLEY_RESIDUAL_LT_10
G-IN3.50-P06.50-OUT05.50,0.5,1,,C/C,O/O,3.5,6.5,5.5,17.5,53.5,93.0,6.0,4.0,11.0,5.0,14.5,8.5,11.5,8.0,15.0,11.5,37.5,PASS_95X140X5_REFERENCE,12.0,136.0,142.0,290.0,-145.0|145.0,15.5,False,FAIL,BELT_NOMINAL_LT_14|BELT_RESIDUAL_LT_8|PULLEY_NOMINAL_LT_13_5|PULLEY_RESIDUAL_LT_10
G-IN3.50-P06.50-OUT06.00,0.5,1,,C/C,O/O,3.5,6.5,6.0,17.5,53.5,93.5,6.0,4.0,11.0,5.0,15.0,9.0,11.5,8.0,15.5,12.0,37.0,PASS_95X140X5_REFERENCE,12.0,136.0,142.0,290.0,-145.0|145.0,16.0,False,FAIL,BELT_NOMINAL_LT_14|BELT_RESIDUAL_LT_8|PULLEY_NOMINAL_LT_13_5|PULLEY_RESIDUAL_LT_10
G-IN3.50-P06.50-OUT06.50,0.5,1,,C/C,O/O,3.5,6.5,6.5,17.5,53.5,94.0,6.0,4.0,11.0,5.0,15.5,9.5,11.5,8.0,16.0,12.5,36.5,PASS_95X140X5_REFERENCE,12.0,136.0,142.0,290.0,-145.0|145.0,16.5,False,FAIL,BELT_NOMINAL_LT_14|BELT_RESIDUAL_LT_8|PULLEY_NOMINAL_LT_13_5|PULLEY_RESIDUAL_LT_10
G-IN3.50-P06.50-OUT07.00,0.5,1,,C/C,O/O,3.5,6.5,7.0,17.5,53.5,94.5,6.0,4.0,11.0,5.0,16.0,10.0,11.5,8.0,16.5,13.0,36.0,PASS_95X140X5_REFERENCE,12.0,136.0,142.0,290.0,-145.0|145.0,17.0,False,FAIL,BELT_NOMINAL_LT_14|BELT_RESIDUAL_LT_8|PULLEY_NOMINAL_LT_13_5|PULLEY_RESIDUAL_LT_10
G-IN3.50-P06.50-OUT07.50,0.5,1,,C/C,O/O,3.5,6.5,7.5,17.5,53.5,95.0,6.0,4.0,11.0,5.0,16.5,10.5,11.5,8.0,17.0,13.5,35.5,PASS_95X140X5_REFERENCE,12.0,136.0,142.0,290.0,-145.0|145.0,17.5,False,FAIL,BELT_NOMINAL_LT_14|BELT_RESIDUAL_LT_8|PULLEY_NOMINAL_LT_13_5|PULLEY_RESIDUAL_LT_10
G-IN3.50-P06.50-OUT08.00,0.5,1,,C/C,O/O,3.5,6.5,8.0,17.5,53.5,95.5,6.0,4.0,11.0,5.0,17.0,11.0,11.5,8.0,17.5,14.0,35.0,PASS_95X140X5_REFERENCE,12.0,136.0,142.0,290.0,-145.0|145.0,18.0,False,FAIL,BELT_NOMINAL_LT_14|BELT_RESIDUAL_LT_8|PULLEY_NOMINAL_LT_13_5|PULLEY_RESIDUAL_LT_10
G-IN3.50-P06.50-OUT08.50,0.5,1,,C/C,O/O,3.5,6.5,8.5,17.5,53.5,96.0,6.0,4.0,11.0,5.0,17.5,11.5,11.5,8.0,18.0,14.5,34.5,PASS_95X140X5_REFERENCE,12.0,136.0,142.0,290.0,-145.0|145.0,18.5,False,FAIL,BELT_NOMINAL_LT_14|BELT_RESIDUAL_LT_8|PULLEY_NOMINAL_LT_13_5|PULLEY_RESIDUAL_LT_10
G-IN3.50-P06.50-OUT09.00,0.5,1,,C/C,O/O,3.5,6.5,9.0,17.5,53.5,96.5,6.0,4.0,11.0,5.0,18.0,12.0,11.5,8.0,18.5,15.0,34.0,PASS_95X140X5_REFERENCE,12.0,136.0,142.0,290.0,-145.0|145.0,19.0,False,FAIL,BELT_NOMINAL_LT_14|BELT_RESIDUAL_LT_8|PULLEY_NOMINAL_LT_13_5|PULLEY_RESIDUAL_LT_10
G-IN3.50-P06.50-OUT09.50,0.5,1,,C/C,O/O,3.5,6.5,9.5,17.5,53.5,97.0,6.0,4.0,11.0,5.0,18.5,12.5,11.5,8.0,19.0,15.5,33.5,PASS_95X140X5_REFERENCE,12.0,136.0,142.0,290.0,-145.0|145.0,19.5,False,FAIL,BELT_NOMINAL_LT_14|BELT_RESIDUAL_LT_8|PULLEY_NOMINAL_LT_13_5|PULLEY_RESIDUAL_LT_10
G-IN3.50-P06.50-OUT10.00,0.5,1,,C/C,O/O,3.5,6.5,10.0,17.5,53.5,97.5,6.0,4.0,11.0,5.0,19.0,13.0,11.5,8.0,19.5,16.0,33.0,PASS_95X140X5_REFERENCE,12.0,136.0,142.0,290.0,-145.0|145.0,20.0,False,FAIL,BELT_NOMINAL_LT_14|BELT_RESIDUAL_LT_8|PULLEY_NOMINAL_LT_13_5|PULLEY_RESIDUAL_LT_10
G-IN3.50-P07.00-OUT03.00,0.5,1,,C/C,O/O,3.5,7.0,3.0,17.5,54.0,90.5,6.0,4.0,11.5,5.5,11.5,5.5,12.0,8.5,12.0,8.5,40.0,PASS_95X140X5_REFERENCE,12.0,136.0,142.0,290.0,-145.0|145.0,13.5,False,FAIL,BELT_NOMINAL_LT_14|BELT_RESIDUAL_LT_8|PULLEY_NOMINAL_LT_13_5|PULLEY_RESIDUAL_LT_10
G-IN3.50-P07.00-OUT03.50,0.5,1,,C/C,O/O,3.5,7.0,3.5,17.5,54.0,91.0,6.0,4.0,11.5,5.5,12.0,6.0,12.0,8.5,12.5,9.0,39.5,PASS_95X140X5_REFERENCE,12.0,136.0,142.0,290.0,-145.0|145.0,14.0,False,FAIL,BELT_NOMINAL_LT_14|BELT_RESIDUAL_LT_8|PULLEY_NOMINAL_LT_13_5|PULLEY_RESIDUAL_LT_10
G-IN3.50-P07.00-OUT04.00,0.5,1,,C/C,O/O,3.5,7.0,4.0,17.5,54.0,91.5,6.0,4.0,11.5,5.5,12.5,6.5,12.0,8.5,13.0,9.5,39.0,PASS_95X140X5_REFERENCE,12.0,136.0,142.0,290.0,-145.0|145.0,14.5,False,FAIL,BELT_NOMINAL_LT_14|BELT_RESIDUAL_LT_8|PULLEY_NOMINAL_LT_13_5|PULLEY_RESIDUAL_LT_10
G-IN3.50-P07.00-OUT04.50,0.5,1,,C/C,O/O,3.5,7.0,4.5,17.5,54.0,92.0,6.0,4.0,11.5,5.5,13.0,7.0,12.0,8.5,13.5,10.0,38.5,PASS_95X140X5_REFERENCE,12.0,136.0,142.0,290.0,-145.0|145.0,15.0,False,FAIL,BELT_NOMINAL_LT_14|BELT_RESIDUAL_LT_8|PULLEY_NOMINAL_LT_13_5|PULLEY_RESIDUAL_LT_10
G-IN3.50-P07.00-OUT05.00,0.5,1,,C/C,O/O,3.5,7.0,5.0,17.5,54.0,92.5,6.0,4.0,11.5,5.5,13.5,7.5,12.0,8.5,14.0,10.5,38.0,PASS_95X140X5_REFERENCE,12.0,136.0,142.0,290.0,-145.0|145.0,15.5,False,FAIL,BELT_NOMINAL_LT_14|BELT_RESIDUAL_LT_8|PULLEY_NOMINAL_LT_13_5|PULLEY_RESIDUAL_LT_10
G-IN3.50-P07.00-OUT05.50,0.5,1,,C/C,O/O,3.5,7.0,5.5,17.5,54.0,93.0,6.0,4.0,11.5,5.5,14.0,8.0,12.0,8.5,14.5,11.0,37.5,PASS_95X140X5_REFERENCE,12.0,136.0,142.0,290.0,-145.0|145.0,16.0,False,FAIL,BELT_NOMINAL_LT_14|BELT_RESIDUAL_LT_8|PULLEY_NOMINAL_LT_13_5|PULLEY_RESIDUAL_LT_10
G-IN3.50-P07.00-OUT06.00,0.5,1,,C/C,O/O,3.5,7.0,6.0,17.5,54.0,93.5,6.0,4.0,11.5,5.5,14.5,8.5,12.0,8.5,15.0,11.5,37.0,PASS_95X140X5_REFERENCE,12.0,136.0,142.0,290.0,-145.0|145.0,16.5,False,FAIL,BELT_NOMINAL_LT_14|BELT_RESIDUAL_LT_8|PULLEY_NOMINAL_LT_13_5|PULLEY_RESIDUAL_LT_10
G-IN3.50-P07.00-OUT06.50,0.5,1,,C/C,O/O,3.5,7.0,6.5,17.5,54.0,94.0,6.0,4.0,11.5,5.5,15.0,9.0,12.0,8.5,15.5,12.0,36.5,PASS_95X140X5_REFERENCE,12.0,136.0,142.0,290.0,-145.0|145.0,17.0,False,FAIL,BELT_NOMINAL_LT_14|BELT_RESIDUAL_LT_8|PULLEY_NOMINAL_LT_13_5|PULLEY_RESIDUAL_LT_10
G-IN3.50-P07.00-OUT07.00,0.5,1,,C/C,O/O,3.5,7.0,7.0,17.5,54.0,94.5,6.0,4.0,11.5,5.5,15.5,9.5,12.0,8.5,16.0,12.5,36.0,PASS_95X140X5_REFERENCE,12.0,136.0,142.0,290.0,-145.0|145.0,17.5,False,FAIL,BELT_NOMINAL_LT_14|BELT_RESIDUAL_LT_8|PULLEY_NOMINAL_LT_13_5|PULLEY_RESIDUAL_LT_10
G-IN3.50-P07.00-OUT07.50,0.5,1,,C/C,O/O,3.5,7.0,7.5,17.5,54.0,95.0,6.0,4.0,11.5,5.5,16.0,10.0,12.0,8.5,16.5,13.0,35.5,PASS_95X140X5_REFERENCE,12.0,136.0,142.0,290.0,-145.0|145.0,18.0,False,FAIL,BELT_NOMINAL_LT_14|BELT_RESIDUAL_LT_8|PULLEY_NOMINAL_LT_13_5|PULLEY_RESIDUAL_LT_10
G-IN3.50-P07.00-OUT08.00,0.5,1,,C/C,O/O,3.5,7.0,8.0,17.5,54.0,95.5,6.0,4.0,11.5,5.5,16.5,10.5,12.0,8.5,17.0,13.5,35.0,PASS_95X140X5_REFERENCE,12.0,136.0,142.0,290.0,-145.0|145.0,18.5,False,FAIL,BELT_NOMINAL_LT_14|BELT_RESIDUAL_LT_8|PULLEY_NOMINAL_LT_13_5|PULLEY_RESIDUAL_LT_10
G-IN3.50-P07.00-OUT08.50,0.5,1,,C/C,O/O,3.5,7.0,8.5,17.5,54.0,96.0,6.0,4.0,11.5,5.5,17.0,11.0,12.0,8.5,17.5,14.0,34.5,PASS_95X140X5_REFERENCE,12.0,136.0,142.0,290.0,-145.0|145.0,19.0,False,FAIL,BELT_NOMINAL_LT_14|BELT_RESIDUAL_LT_8|PULLEY_NOMINAL_LT_13_5|PULLEY_RESIDUAL_LT_10
G-IN3.50-P07.00-OUT09.00,0.5,1,,C/C,O/O,3.5,7.0,9.0,17.5,54.0,96.5,6.0,4.0,11.5,5.5,17.5,11.5,12.0,8.5,18.0,14.5,34.0,PASS_95X140X5_REFERENCE,12.0,136.0,142.0,290.0,-145.0|145.0,19.5,False,FAIL,BELT_NOMINAL_LT_14|BELT_RESIDUAL_LT_8|PULLEY_NOMINAL_LT_13_5|PULLEY_RESIDUAL_LT_10
G-IN3.50-P07.00-OUT09.50,0.5,1,,C/C,O/O,3.5,7.0,9.5,17.5,54.0,97.0,6.0,4.0,11.5,5.5,18.0,12.0,12.0,8.5,18.5,15.0,33.5,PASS_95X140X5_REFERENCE,12.0,136.0,142.0,290.0,-145.0|145.0,20.0,False,FAIL,BELT_NOMINAL_LT_14|BELT_RESIDUAL_LT_8|PULLEY_NOMINAL_LT_13_5|PULLEY_RESIDUAL_LT_10
G-IN3.50-P07.00-OUT10.00,0.5,1,,C/C,O/O,3.5,7.0,10.0,17.5,54.0,97.5,6.0,4.0,11.5,5.5,18.5,12.5,12.0,8.5,19.0,15.5,33.0,PASS_95X140X5_REFERENCE,12.0,136.0,142.0,290.0,-145.0|145.0,20.5,False,FAIL,BELT_NOMINAL_LT_14|BELT_RESIDUAL_LT_8|PULLEY_NOMINAL_LT_13_5|PULLEY_RESIDUAL_LT_10
G-IN3.50-P07.50-OUT03.00,0.5,1,,C/C,O/O,3.5,7.5,3.0,17.5,54.5,90.5,6.0,4.0,12.0,6.0,11.0,5.0,12.5,9.0,11.5,8.0,40.0,PASS_95X140X5_REFERENCE,12.0,136.0,142.0,290.0,-145.0|145.0,14.0,False,FAIL,BELT_NOMINAL_LT_14|BELT_RESIDUAL_LT_8|PULLEY_NOMINAL_LT_13_5|PULLEY_RESIDUAL_LT_10
G-IN3.50-P07.50-OUT03.50,0.5,1,,C/C,O/O,3.5,7.5,3.5,17.5,54.5,91.0,6.0,4.0,12.0,6.0,11.5,5.5,12.5,9.0,12.0,8.5,39.5,PASS_95X140X5_REFERENCE,12.0,136.0,142.0,290.0,-145.0|145.0,14.5,False,FAIL,BELT_NOMINAL_LT_14|BELT_RESIDUAL_LT_8|PULLEY_NOMINAL_LT_13_5|PULLEY_RESIDUAL_LT_10
G-IN3.50-P07.50-OUT04.00,0.5,1,,C/C,O/O,3.5,7.5,4.0,17.5,54.5,91.5,6.0,4.0,12.0,6.0,12.0,6.0,12.5,9.0,12.5,9.0,39.0,PASS_95X140X5_REFERENCE,12.0,136.0,142.0,290.0,-145.0|145.0,15.0,False,FAIL,BELT_NOMINAL_LT_14|BELT_RESIDUAL_LT_8|PULLEY_NOMINAL_LT_13_5|PULLEY_RESIDUAL_LT_10
G-IN3.50-P07.50-OUT04.50,0.5,1,,C/C,O/O,3.5,7.5,4.5,17.5,54.5,92.0,6.0,4.0,12.0,6.0,12.5,6.5,12.5,9.0,13.0,9.5,38.5,PASS_95X140X5_REFERENCE,12.0,136.0,142.0,290.0,-145.0|145.0,15.5,False,FAIL,BELT_NOMINAL_LT_14|BELT_RESIDUAL_LT_8|PULLEY_NOMINAL_LT_13_5|PULLEY_RESIDUAL_LT_10
G-IN3.50-P07.50-OUT05.00,0.5,1,,C/C,O/O,3.5,7.5,5.0,17.5,54.5,92.5,6.0,4.0,12.0,6.0,13.0,7.0,12.5,9.0,13.5,10.0,38.0,PASS_95X140X5_REFERENCE,12.0,136.0,142.0,290.0,-145.0|145.0,16.0,False,FAIL,BELT_NOMINAL_LT_14|BELT_RESIDUAL_LT_8|PULLEY_NOMINAL_LT_13_5|PULLEY_RESIDUAL_LT_10
G-IN3.50-P07.50-OUT05.50,0.5,1,,C/C,O/O,3.5,7.5,5.5,17.5,54.5,93.0,6.0,4.0,12.0,6.0,13.5,7.5,12.5,9.0,14.0,10.5,37.5,PASS_95X140X5_REFERENCE,12.0,136.0,142.0,290.0,-145.0|145.0,16.5,False,FAIL,BELT_NOMINAL_LT_14|BELT_RESIDUAL_LT_8|PULLEY_NOMINAL_LT_13_5|PULLEY_RESIDUAL_LT_10
G-IN3.50-P07.50-OUT06.00,0.5,1,,C/C,O/O,3.5,7.5,6.0,17.5,54.5,93.5,6.0,4.0,12.0,6.0,14.0,8.0,12.5,9.0,14.5,11.0,37.0,PASS_95X140X5_REFERENCE,12.0,136.0,142.0,290.0,-145.0|145.0,17.0,False,FAIL,BELT_NOMINAL_LT_14|BELT_RESIDUAL_LT_8|PULLEY_NOMINAL_LT_13_5|PULLEY_RESIDUAL_LT_10
G-IN3.50-P07.50-OUT06.50,0.5,1,,C/C,O/O,3.5,7.5,6.5,17.5,54.5,94.0,6.0,4.0,12.0,6.0,14.5,8.5,12.5,9.0,15.0,11.5,36.5,PASS_95X140X5_REFERENCE,12.0,136.0,142.0,290.0,-145.0|145.0,17.5,False,FAIL,BELT_NOMINAL_LT_14|BELT_RESIDUAL_LT_8|PULLEY_NOMINAL_LT_13_5|PULLEY_RESIDUAL_LT_10
G-IN3.50-P07.50-OUT07.00,0.5,1,,C/C,O/O,3.5,7.5,7.0,17.5,54.5,94.5,6.0,4.0,12.0,6.0,15.0,9.0,12.5,9.0,15.5,12.0,36.0,PASS_95X140X5_REFERENCE,12.0,136.0,142.0,290.0,-145.0|145.0,18.0,False,FAIL,BELT_NOMINAL_LT_14|BELT_RESIDUAL_LT_8|PULLEY_NOMINAL_LT_13_5|PULLEY_RESIDUAL_LT_10
G-IN3.50-P07.50-OUT07.50,0.5,1,,C/C,O/O,3.5,7.5,7.5,17.5,54.5,95.0,6.0,4.0,12.0,6.0,15.5,9.5,12.5,9.0,16.0,12.5,35.5,PASS_95X140X5_REFERENCE,12.0,136.0,142.0,290.0,-145.0|145.0,18.5,False,FAIL,BELT_NOMINAL_LT_14|BELT_RESIDUAL_LT_8|PULLEY_NOMINAL_LT_13_5|PULLEY_RESIDUAL_LT_10
G-IN3.50-P07.50-OUT08.00,0.5,1,,C/C,O/O,3.5,7.5,8.0,17.5,54.5,95.5,6.0,4.0,12.0,6.0,16.0,10.0,12.5,9.0,16.5,13.0,35.0,PASS_95X140X5_REFERENCE,12.0,136.0,142.0,290.0,-145.0|145.0,19.0,False,FAIL,BELT_NOMINAL_LT_14|BELT_RESIDUAL_LT_8|PULLEY_NOMINAL_LT_13_5|PULLEY_RESIDUAL_LT_10
G-IN3.50-P07.50-OUT08.50,0.5,1,,C/C,O/O,3.5,7.5,8.5,17.5,54.5,96.0,6.0,4.0,12.0,6.0,16.5,10.5,12.5,9.0,17.0,13.5,34.5,PASS_95X140X5_REFERENCE,12.0,136.0,142.0,290.0,-145.0|145.0,19.5,False,FAIL,BELT_NOMINAL_LT_14|BELT_RESIDUAL_LT_8|PULLEY_NOMINAL_LT_13_5|PULLEY_RESIDUAL_LT_10
G-IN3.50-P07.50-OUT09.00,0.5,1,,C/C,O/O,3.5,7.5,9.0,17.5,54.5,96.5,6.0,4.0,12.0,6.0,17.0,11.0,12.5,9.0,17.5,14.0,34.0,PASS_95X140X5_REFERENCE,12.0,136.0,142.0,290.0,-145.0|145.0,20.0,False,FAIL,BELT_NOMINAL_LT_14|BELT_RESIDUAL_LT_8|PULLEY_NOMINAL_LT_13_5|PULLEY_RESIDUAL_LT_10
G-IN3.50-P07.50-OUT09.50,0.5,1,,C/C,O/O,3.5,7.5,9.5,17.5,54.5,97.0,6.0,4.0,12.0,6.0,17.5,11.5,12.5,9.0,18.0,14.5,33.5,PASS_95X140X5_REFERENCE,12.0,136.0,142.0,290.0,-145.0|145.0,20.5,False,FAIL,BELT_NOMINAL_LT_14|BELT_RESIDUAL_LT_8|PULLEY_NOMINAL_LT_13_5|PULLEY_RESIDUAL_LT_10
G-IN3.50-P07.50-OUT10.00,0.5,1,,C/C,O/O,3.5,7.5,10.0,17.5,54.5,97.5,6.0,4.0,12.0,6.0,18.0,12.0,12.5,9.0,18.5,15.0,33.0,PASS_95X140X5_REFERENCE,12.0,136.0,142.0,290.0,-145.0|145.0,21.0,False,FAIL,BELT_NOMINAL_LT_14|BELT_RESIDUAL_LT_8|PULLEY_NOMINAL_LT_13_5|PULLEY_RESIDUAL_LT_10
G-IN3.50-P08.00-OUT03.00,0.5,1,,C/C,O/O,3.5,8.0,3.0,17.5,55.0,90.5,6.0,4.0,12.5,6.5,10.5,4.5,13.0,9.5,11.0,7.5,40.0,PASS_95X140X5_REFERENCE,12.0,136.0,142.0,290.0,-145.0|145.0,14.5,False,FAIL,BELT_NOMINAL_LT_14|BELT_RESIDUAL_LT_8|PULLEY_NOMINAL_LT_13_5|PULLEY_RESIDUAL_LT_10
G-IN3.50-P08.00-OUT03.50,0.5,1,,C/C,O/O,3.5,8.0,3.5,17.5,55.0,91.0,6.0,4.0,12.5,6.5,11.0,5.0,13.0,9.5,11.5,8.0,39.5,PASS_95X140X5_REFERENCE,12.0,136.0,142.0,290.0,-145.0|145.0,15.0,False,FAIL,BELT_NOMINAL_LT_14|BELT_RESIDUAL_LT_8|PULLEY_NOMINAL_LT_13_5|PULLEY_RESIDUAL_LT_10
G-IN3.50-P08.00-OUT04.00,0.5,1,,C/C,O/O,3.5,8.0,4.0,17.5,55.0,91.5,6.0,4.0,12.5,6.5,11.5,5.5,13.0,9.5,12.0,8.5,39.0,PASS_95X140X5_REFERENCE,12.0,136.0,142.0,290.0,-145.0|145.0,15.5,False,FAIL,BELT_NOMINAL_LT_14|BELT_RESIDUAL_LT_8|PULLEY_NOMINAL_LT_13_5|PULLEY_RESIDUAL_LT_10
G-IN3.50-P08.00-OUT04.50,0.5,1,,C/C,O/O,3.5,8.0,4.5,17.5,55.0,92.0,6.0,4.0,12.5,6.5,12.0,6.0,13.0,9.5,12.5,9.0,38.5,PASS_95X140X5_REFERENCE,12.0,136.0,142.0,290.0,-145.0|145.0,16.0,False,FAIL,BELT_NOMINAL_LT_14|BELT_RESIDUAL_LT_8|PULLEY_NOMINAL_LT_13_5|PULLEY_RESIDUAL_LT_10
G-IN3.50-P08.00-OUT05.00,0.5,1,,C/C,O/O,3.5,8.0,5.0,17.5,55.0,92.5,6.0,4.0,12.5,6.5,12.5,6.5,13.0,9.5,13.0,9.5,38.0,PASS_95X140X5_REFERENCE,12.0,136.0,142.0,290.0,-145.0|145.0,16.5,False,FAIL,BELT_NOMINAL_LT_14|BELT_RESIDUAL_LT_8|PULLEY_NOMINAL_LT_13_5|PULLEY_RESIDUAL_LT_10
G-IN3.50-P08.00-OUT05.50,0.5,1,,C/C,O/O,3.5,8.0,5.5,17.5,55.0,93.0,6.0,4.0,12.5,6.5,13.0,7.0,13.0,9.5,13.5,10.0,37.5,PASS_95X140X5_REFERENCE,12.0,136.0,142.0,290.0,-145.0|145.0,17.0,False,FAIL,BELT_NOMINAL_LT_14|BELT_RESIDUAL_LT_8|PULLEY_NOMINAL_LT_13_5|PULLEY_RESIDUAL_LT_10
G-IN3.50-P08.00-OUT06.00,0.5,1,,C/C,O/O,3.5,8.0,6.0,17.5,55.0,93.5,6.0,4.0,12.5,6.5,13.5,7.5,13.0,9.5,14.0,10.5,37.0,PASS_95X140X5_REFERENCE,12.0,136.0,142.0,290.0,-145.0|145.0,17.5,False,FAIL,BELT_NOMINAL_LT_14|BELT_RESIDUAL_LT_8|PULLEY_NOMINAL_LT_13_5|PULLEY_RESIDUAL_LT_10
G-IN3.50-P08.00-OUT06.50,0.5,1,,C/C,O/O,3.5,8.0,6.5,17.5,55.0,94.0,6.0,4.0,12.5,6.5,14.0,8.0,13.0,9.5,14.5,11.0,36.5,PASS_95X140X5_REFERENCE,12.0,136.0,142.0,290.0,-145.0|145.0,18.0,False,FAIL,BELT_NOMINAL_LT_14|BELT_RESIDUAL_LT_8|PULLEY_NOMINAL_LT_13_5|PULLEY_RESIDUAL_LT_10
G-IN3.50-P08.00-OUT07.00,0.5,1,,C/C,O/O,3.5,8.0,7.0,17.5,55.0,94.5,6.0,4.0,12.5,6.5,14.5,8.5,13.0,9.5,15.0,11.5,36.0,PASS_95X140X5_REFERENCE,12.0,136.0,142.0,290.0,-145.0|145.0,18.5,False,FAIL,BELT_NOMINAL_LT_14|BELT_RESIDUAL_LT_8|PULLEY_NOMINAL_LT_13_5|PULLEY_RESIDUAL_LT_10
G-IN3.50-P08.00-OUT07.50,0.5,1,,C/C,O/O,3.5,8.0,7.5,17.5,55.0,95.0,6.0,4.0,12.5,6.5,15.0,9.0,13.0,9.5,15.5,12.0,35.5,PASS_95X140X5_REFERENCE,12.0,136.0,142.0,290.0,-145.0|145.0,19.0,False,FAIL,BELT_NOMINAL_LT_14|BELT_RESIDUAL_LT_8|PULLEY_NOMINAL_LT_13_5|PULLEY_RESIDUAL_LT_10
G-IN3.50-P08.00-OUT08.00,0.5,1,,C/C,O/O,3.5,8.0,8.0,17.5,55.0,95.5,6.0,4.0,12.5,6.5,15.5,9.5,13.0,9.5,16.0,12.5,35.0,PASS_95X140X5_REFERENCE,12.0,136.0,142.0,290.0,-145.0|145.0,19.5,False,FAIL,BELT_NOMINAL_LT_14|BELT_RESIDUAL_LT_8|PULLEY_NOMINAL_LT_13_5|PULLEY_RESIDUAL_LT_10
G-IN3.50-P08.00-OUT08.50,0.5,1,,C/C,O/O,3.5,8.0,8.5,17.5,55.0,96.0,6.0,4.0,12.5,6.5,16.0,10.0,13.0,9.5,16.5,13.0,34.5,PASS_95X140X5_REFERENCE,12.0,136.0,142.0,290.0,-145.0|145.0,20.0,False,FAIL,BELT_NOMINAL_LT_14|BELT_RESIDUAL_LT_8|PULLEY_NOMINAL_LT_13_5|PULLEY_RESIDUAL_LT_10
G-IN3.50-P08.00-OUT09.00,0.5,1,,C/C,O/O,3.5,8.0,9.0,17.5,55.0,96.5,6.0,4.0,12.5,6.5,16.5,10.5,13.0,9.5,17.0,13.5,34.0,PASS_95X140X5_REFERENCE,12.0,136.0,142.0,290.0,-145.0|145.0,20.5,False,FAIL,BELT_NOMINAL_LT_14|BELT_RESIDUAL_LT_8|PULLEY_NOMINAL_LT_13_5|PULLEY_RESIDUAL_LT_10
G-IN3.50-P08.00-OUT09.50,0.5,1,,C/C,O/O,3.5,8.0,9.5,17.5,55.0,97.0,6.0,4.0,12.5,6.5,17.0,11.0,13.0,9.5,17.5,14.0,33.5,PASS_95X140X5_REFERENCE,12.0,136.0,142.0,290.0,-145.0|145.0,21.0,False,FAIL,BELT_NOMINAL_LT_14|BELT_RESIDUAL_LT_8|PULLEY_NOMINAL_LT_13_5|PULLEY_RESIDUAL_LT_10
G-IN3.50-P08.00-OUT10.00,0.5,1,,C/C,O/O,3.5,8.0,10.0,17.5,55.0,97.5,6.0,4.0,12.5,6.5,17.5,11.5,13.0,9.5,18.0,14.5,33.0,PASS_95X140X5_REFERENCE,12.0,136.0,142.0,290.0,-145.0|145.0,21.5,False,FAIL,BELT_NOMINAL_LT_14|BELT_RESIDUAL_LT_8|PULLEY_NOMINAL_LT_13_5|PULLEY_RESIDUAL_LT_10
G-IN3.50-P08.50-OUT03.00,0.5,1,,C/C,O/O,3.5,8.5,3.0,17.5,55.5,90.5,6.0,4.0,13.0,7.0,10.0,4.0,13.5,10.0,10.5,7.0,40.0,PASS_95X140X5_REFERENCE,12.0,136.0,142.0,290.0,-145.0|145.0,15.0,False,FAIL,BELT_NOMINAL_LT_14|BELT_RESIDUAL_LT_8|PULLEY_NOMINAL_LT_13_5|PULLEY_RESIDUAL_LT_10
G-IN3.50-P08.50-OUT03.50,0.5,1,,C/C,O/O,3.5,8.5,3.5,17.5,55.5,91.0,6.0,4.0,13.0,7.0,10.5,4.5,13.5,10.0,11.0,7.5,39.5,PASS_95X140X5_REFERENCE,12.0,136.0,142.0,290.0,-145.0|145.0,15.5,False,FAIL,BELT_NOMINAL_LT_14|BELT_RESIDUAL_LT_8|PULLEY_NOMINAL_LT_13_5|PULLEY_RESIDUAL_LT_10
G-IN3.50-P08.50-OUT04.00,0.5,1,,C/C,O/O,3.5,8.5,4.0,17.5,55.5,91.5,6.0,4.0,13.0,7.0,11.0,5.0,13.5,10.0,11.5,8.0,39.0,PASS_95X140X5_REFERENCE,12.0,136.0,142.0,290.0,-145.0|145.0,16.0,False,FAIL,BELT_NOMINAL_LT_14|BELT_RESIDUAL_LT_8|PULLEY_NOMINAL_LT_13_5|PULLEY_RESIDUAL_LT_10
G-IN3.50-P08.50-OUT04.50,0.5,1,,C/C,O/O,3.5,8.5,4.5,17.5,55.5,92.0,6.0,4.0,13.0,7.0,11.5,5.5,13.5,10.0,12.0,8.5,38.5,PASS_95X140X5_REFERENCE,12.0,136.0,142.0,290.0,-145.0|145.0,16.5,False,FAIL,BELT_NOMINAL_LT_14|BELT_RESIDUAL_LT_8|PULLEY_NOMINAL_LT_13_5|PULLEY_RESIDUAL_LT_10
G-IN3.50-P08.50-OUT05.00,0.5,1,,C/C,O/O,3.5,8.5,5.0,17.5,55.5,92.5,6.0,4.0,13.0,7.0,12.0,6.0,13.5,10.0,12.5,9.0,38.0,PASS_95X140X5_REFERENCE,12.0,136.0,142.0,290.0,-145.0|145.0,17.0,False,FAIL,BELT_NOMINAL_LT_14|BELT_RESIDUAL_LT_8|PULLEY_NOMINAL_LT_13_5|PULLEY_RESIDUAL_LT_10
G-IN3.50-P08.50-OUT05.50,0.5,1,,C/C,O/O,3.5,8.5,5.5,17.5,55.5,93.0,6.0,4.0,13.0,7.0,12.5,6.5,13.5,10.0,13.0,9.5,37.5,PASS_95X140X5_REFERENCE,12.0,136.0,142.0,290.0,-145.0|145.0,17.5,False,FAIL,BELT_NOMINAL_LT_14|BELT_RESIDUAL_LT_8|PULLEY_NOMINAL_LT_13_5|PULLEY_RESIDUAL_LT_10
G-IN3.50-P08.50-OUT06.00,0.5,1,,C/C,O/O,3.5,8.5,6.0,17.5,55.5,93.5,6.0,4.0,13.0,7.0,13.0,7.0,13.5,10.0,13.5,10.0,37.0,PASS_95X140X5_REFERENCE,12.0,136.0,142.0,290.0,-145.0|145.0,18.0,False,FAIL,BELT_NOMINAL_LT_14|BELT_RESIDUAL_LT_8
G-IN3.50-P08.50-OUT06.50,0.5,1,,C/C,O/O,3.5,8.5,6.5,17.5,55.5,94.0,6.0,4.0,13.0,7.0,13.5,7.5,13.5,10.0,14.0,10.5,36.5,PASS_95X140X5_REFERENCE,12.0,136.0,142.0,290.0,-145.0|145.0,18.5,False,FAIL,BELT_NOMINAL_LT_14|BELT_RESIDUAL_LT_8
G-IN3.50-P08.50-OUT07.00,0.5,1,,C/C,O/O,3.5,8.5,7.0,17.5,55.5,94.5,6.0,4.0,13.0,7.0,14.0,8.0,13.5,10.0,14.5,11.0,36.0,PASS_95X140X5_REFERENCE,12.0,136.0,142.0,290.0,-145.0|145.0,19.0,False,FAIL,BELT_NOMINAL_LT_14|BELT_RESIDUAL_LT_8
G-IN3.50-P08.50-OUT07.50,0.5,1,,C/C,O/O,3.5,8.5,7.5,17.5,55.5,95.0,6.0,4.0,13.0,7.0,14.5,8.5,13.5,10.0,15.0,11.5,35.5,PASS_95X140X5_REFERENCE,12.0,136.0,142.0,290.0,-145.0|145.0,19.5,False,FAIL,BELT_NOMINAL_LT_14|BELT_RESIDUAL_LT_8
G-IN3.50-P08.50-OUT08.00,0.5,1,,C/C,O/O,3.5,8.5,8.0,17.5,55.5,95.5,6.0,4.0,13.0,7.0,15.0,9.0,13.5,10.0,15.5,12.0,35.0,PASS_95X140X5_REFERENCE,12.0,136.0,142.0,290.0,-145.0|145.0,20.0,False,FAIL,BELT_NOMINAL_LT_14|BELT_RESIDUAL_LT_8
G-IN3.50-P08.50-OUT08.50,0.5,1,,C/C,O/O,3.5,8.5,8.5,17.5,55.5,96.0,6.0,4.0,13.0,7.0,15.5,9.5,13.5,10.0,16.0,12.5,34.5,PASS_95X140X5_REFERENCE,12.0,136.0,142.0,290.0,-145.0|145.0,20.5,False,FAIL,BELT_NOMINAL_LT_14|BELT_RESIDUAL_LT_8
G-IN3.50-P08.50-OUT09.00,0.5,1,,C/C,O/O,3.5,8.5,9.0,17.5,55.5,96.5,6.0,4.0,13.0,7.0,16.0,10.0,13.5,10.0,16.5,13.0,34.0,PASS_95X140X5_REFERENCE,12.0,136.0,142.0,290.0,-145.0|145.0,21.0,False,FAIL,BELT_NOMINAL_LT_14|BELT_RESIDUAL_LT_8
G-IN3.50-P08.50-OUT09.50,0.5,1,,C/C,O/O,3.5,8.5,9.5,17.5,55.5,97.0,6.0,4.0,13.0,7.0,16.5,10.5,13.5,10.0,17.0,13.5,33.5,PASS_95X140X5_REFERENCE,12.0,136.0,142.0,290.0,-145.0|145.0,21.5,False,FAIL,BELT_NOMINAL_LT_14|BELT_RESIDUAL_LT_8
G-IN3.50-P08.50-OUT10.00,0.5,1,,C/C,O/O,3.5,8.5,10.0,17.5,55.5,97.5,6.0,4.0,13.0,7.0,17.0,11.0,13.5,10.0,17.5,14.0,33.0,PASS_95X140X5_REFERENCE,12.0,136.0,142.0,290.0,-145.0|145.0,22.0,False,FAIL,BELT_NOMINAL_LT_14|BELT_RESIDUAL_LT_8
G-IN3.50-P09.00-OUT03.00,0.5,1,,C/C,O/O,3.5,9.0,3.0,17.5,56.0,90.5,6.0,4.0,13.5,7.5,9.5,3.5,14.0,10.5,10.0,6.5,40.0,PASS_95X140X5_REFERENCE,12.0,136.0,142.0,290.0,-145.0|145.0,15.5,False,FAIL,BELT_NOMINAL_LT_14|BELT_RESIDUAL_LT_8|PULLEY_NOMINAL_LT_13_5|PULLEY_RESIDUAL_LT_10
G-IN3.50-P09.00-OUT03.50,0.5,1,,C/C,O/O,3.5,9.0,3.5,17.5,56.0,91.0,6.0,4.0,13.5,7.5,10.0,4.0,14.0,10.5,10.5,7.0,39.5,PASS_95X140X5_REFERENCE,12.0,136.0,142.0,290.0,-145.0|145.0,16.0,False,FAIL,BELT_NOMINAL_LT_14|BELT_RESIDUAL_LT_8|PULLEY_NOMINAL_LT_13_5|PULLEY_RESIDUAL_LT_10
G-IN3.50-P09.00-OUT04.00,0.5,1,,C/C,O/O,3.5,9.0,4.0,17.5,56.0,91.5,6.0,4.0,13.5,7.5,10.5,4.5,14.0,10.5,11.0,7.5,39.0,PASS_95X140X5_REFERENCE,12.0,136.0,142.0,290.0,-145.0|145.0,16.5,False,FAIL,BELT_NOMINAL_LT_14|BELT_RESIDUAL_LT_8|PULLEY_NOMINAL_LT_13_5|PULLEY_RESIDUAL_LT_10
G-IN3.50-P09.00-OUT04.50,0.5,1,,C/C,O/O,3.5,9.0,4.5,17.5,56.0,92.0,6.0,4.0,13.5,7.5,11.0,5.0,14.0,10.5,11.5,8.0,38.5,PASS_95X140X5_REFERENCE,12.0,136.0,142.0,290.0,-145.0|145.0,17.0,False,FAIL,BELT_NOMINAL_LT_14|BELT_RESIDUAL_LT_8|PULLEY_NOMINAL_LT_13_5|PULLEY_RESIDUAL_LT_10
G-IN3.50-P09.00-OUT05.00,0.5,1,,C/C,O/O,3.5,9.0,5.0,17.5,56.0,92.5,6.0,4.0,13.5,7.5,11.5,5.5,14.0,10.5,12.0,8.5,38.0,PASS_95X140X5_REFERENCE,12.0,136.0,142.0,290.0,-145.0|145.0,17.5,False,FAIL,BELT_NOMINAL_LT_14|BELT_RESIDUAL_LT_8|PULLEY_NOMINAL_LT_13_5|PULLEY_RESIDUAL_LT_10
G-IN3.50-P09.00-OUT05.50,0.5,1,,C/C,O/O,3.5,9.0,5.5,17.5,56.0,93.0,6.0,4.0,13.5,7.5,12.0,6.0,14.0,10.5,12.5,9.0,37.5,PASS_95X140X5_REFERENCE,12.0,136.0,142.0,290.0,-145.0|145.0,18.0,False,FAIL,BELT_NOMINAL_LT_14|BELT_RESIDUAL_LT_8|PULLEY_NOMINAL_LT_13_5|PULLEY_RESIDUAL_LT_10
G-IN3.50-P09.00-OUT06.00,0.5,1,,C/C,O/O,3.5,9.0,6.0,17.5,56.0,93.5,6.0,4.0,13.5,7.5,12.5,6.5,14.0,10.5,13.0,9.5,37.0,PASS_95X140X5_REFERENCE,12.0,136.0,142.0,290.0,-145.0|145.0,18.5,False,FAIL,BELT_NOMINAL_LT_14|BELT_RESIDUAL_LT_8|PULLEY_NOMINAL_LT_13_5|PULLEY_RESIDUAL_LT_10
G-IN3.50-P09.00-OUT06.50,0.5,1,,C/C,O/O,3.5,9.0,6.5,17.5,56.0,94.0,6.0,4.0,13.5,7.5,13.0,7.0,14.0,10.5,13.5,10.0,36.5,PASS_95X140X5_REFERENCE,12.0,136.0,142.0,290.0,-145.0|145.0,19.0,False,FAIL,BELT_NOMINAL_LT_14|BELT_RESIDUAL_LT_8
G-IN3.50-P09.00-OUT07.00,0.5,1,,C/C,O/O,3.5,9.0,7.0,17.5,56.0,94.5,6.0,4.0,13.5,7.5,13.5,7.5,14.0,10.5,14.0,10.5,36.0,PASS_95X140X5_REFERENCE,12.0,136.0,142.0,290.0,-145.0|145.0,19.5,False,FAIL,BELT_NOMINAL_LT_14|BELT_RESIDUAL_LT_8
G-IN3.50-P09.00-OUT07.50,0.5,1,,C/C,O/O,3.5,9.0,7.5,17.5,56.0,95.0,6.0,4.0,13.5,7.5,14.0,8.0,14.0,10.5,14.5,11.0,35.5,PASS_95X140X5_REFERENCE,12.0,136.0,142.0,290.0,-145.0|145.0,20.0,False,FAIL,BELT_NOMINAL_LT_14|BELT_RESIDUAL_LT_8
G-IN3.50-P09.00-OUT08.00,0.5,1,,C/C,O/O,3.5,9.0,8.0,17.5,56.0,95.5,6.0,4.0,13.5,7.5,14.5,8.5,14.0,10.5,15.0,11.5,35.0,PASS_95X140X5_REFERENCE,12.0,136.0,142.0,290.0,-145.0|145.0,20.5,False,FAIL,BELT_NOMINAL_LT_14|BELT_RESIDUAL_LT_8
G-IN3.50-P09.00-OUT08.50,0.5,1,,C/C,O/O,3.5,9.0,8.5,17.5,56.0,96.0,6.0,4.0,13.5,7.5,15.0,9.0,14.0,10.5,15.5,12.0,34.5,PASS_95X140X5_REFERENCE,12.0,136.0,142.0,290.0,-145.0|145.0,21.0,False,FAIL,BELT_NOMINAL_LT_14|BELT_RESIDUAL_LT_8
G-IN3.50-P09.00-OUT09.00,0.5,1,,C/C,O/O,3.5,9.0,9.0,17.5,56.0,96.5,6.0,4.0,13.5,7.5,15.5,9.5,14.0,10.5,16.0,12.5,34.0,PASS_95X140X5_REFERENCE,12.0,136.0,142.0,290.0,-145.0|145.0,21.5,False,FAIL,BELT_NOMINAL_LT_14|BELT_RESIDUAL_LT_8
G-IN3.50-P09.00-OUT09.50,0.5,1,,C/C,O/O,3.5,9.0,9.5,17.5,56.0,97.0,6.0,4.0,13.5,7.5,16.0,10.0,14.0,10.5,16.5,13.0,33.5,PASS_95X140X5_REFERENCE,12.0,136.0,142.0,290.0,-145.0|145.0,22.0,False,FAIL,BELT_NOMINAL_LT_14|BELT_RESIDUAL_LT_8
G-IN3.50-P09.00-OUT10.00,0.5,1,,C/C,O/O,3.5,9.0,10.0,17.5,56.0,97.5,6.0,4.0,13.5,7.5,16.5,10.5,14.0,10.5,17.0,13.5,33.0,PASS_95X140X5_REFERENCE,12.0,136.0,142.0,290.0,-145.0|145.0,22.5,False,FAIL,BELT_NOMINAL_LT_14|BELT_RESIDUAL_LT_8
G-IN3.50-P09.50-OUT03.00,0.5,1,,C/C,O/O,3.5,9.5,3.0,17.5,56.5,90.5,6.0,4.0,14.0,8.0,9.0,3.0,14.5,11.0,9.5,6.0,40.0,PASS_95X140X5_REFERENCE,12.0,136.0,142.0,290.0,-145.0|145.0,16.0,False,FAIL,BELT_NOMINAL_LT_14|BELT_RESIDUAL_LT_8|PULLEY_NOMINAL_LT_13_5|PULLEY_RESIDUAL_LT_10
G-IN3.50-P09.50-OUT03.50,0.5,1,,C/C,O/O,3.5,9.5,3.5,17.5,56.5,91.0,6.0,4.0,14.0,8.0,9.5,3.5,14.5,11.0,10.0,6.5,39.5,PASS_95X140X5_REFERENCE,12.0,136.0,142.0,290.0,-145.0|145.0,16.5,False,FAIL,BELT_NOMINAL_LT_14|BELT_RESIDUAL_LT_8|PULLEY_NOMINAL_LT_13_5|PULLEY_RESIDUAL_LT_10
G-IN3.50-P09.50-OUT04.00,0.5,1,,C/C,O/O,3.5,9.5,4.0,17.5,56.5,91.5,6.0,4.0,14.0,8.0,10.0,4.0,14.5,11.0,10.5,7.0,39.0,PASS_95X140X5_REFERENCE,12.0,136.0,142.0,290.0,-145.0|145.0,17.0,False,FAIL,BELT_NOMINAL_LT_14|BELT_RESIDUAL_LT_8|PULLEY_NOMINAL_LT_13_5|PULLEY_RESIDUAL_LT_10
G-IN3.50-P09.50-OUT04.50,0.5,1,,C/C,O/O,3.5,9.5,4.5,17.5,56.5,92.0,6.0,4.0,14.0,8.0,10.5,4.5,14.5,11.0,11.0,7.5,38.5,PASS_95X140X5_REFERENCE,12.0,136.0,142.0,290.0,-145.0|145.0,17.5,False,FAIL,BELT_NOMINAL_LT_14|BELT_RESIDUAL_LT_8|PULLEY_NOMINAL_LT_13_5|PULLEY_RESIDUAL_LT_10
G-IN3.50-P09.50-OUT05.00,0.5,1,,C/C,O/O,3.5,9.5,5.0,17.5,56.5,92.5,6.0,4.0,14.0,8.0,11.0,5.0,14.5,11.0,11.5,8.0,38.0,PASS_95X140X5_REFERENCE,12.0,136.0,142.0,290.0,-145.0|145.0,18.0,False,FAIL,BELT_NOMINAL_LT_14|BELT_RESIDUAL_LT_8|PULLEY_NOMINAL_LT_13_5|PULLEY_RESIDUAL_LT_10
G-IN3.50-P09.50-OUT05.50,0.5,1,,C/C,O/O,3.5,9.5,5.5,17.5,56.5,93.0,6.0,4.0,14.0,8.0,11.5,5.5,14.5,11.0,12.0,8.5,37.5,PASS_95X140X5_REFERENCE,12.0,136.0,142.0,290.0,-145.0|145.0,18.5,False,FAIL,BELT_NOMINAL_LT_14|BELT_RESIDUAL_LT_8|PULLEY_NOMINAL_LT_13_5|PULLEY_RESIDUAL_LT_10
G-IN3.50-P09.50-OUT06.00,0.5,1,,C/C,O/O,3.5,9.5,6.0,17.5,56.5,93.5,6.0,4.0,14.0,8.0,12.0,6.0,14.5,11.0,12.5,9.0,37.0,PASS_95X140X5_REFERENCE,12.0,136.0,142.0,290.0,-145.0|145.0,19.0,False,FAIL,BELT_NOMINAL_LT_14|BELT_RESIDUAL_LT_8|PULLEY_NOMINAL_LT_13_5|PULLEY_RESIDUAL_LT_10
G-IN3.50-P09.50-OUT06.50,0.5,1,,C/C,O/O,3.5,9.5,6.5,17.5,56.5,94.0,6.0,4.0,14.0,8.0,12.5,6.5,14.5,11.0,13.0,9.5,36.5,PASS_95X140X5_REFERENCE,12.0,136.0,142.0,290.0,-145.0|145.0,19.5,False,FAIL,BELT_NOMINAL_LT_14|BELT_RESIDUAL_LT_8|PULLEY_NOMINAL_LT_13_5|PULLEY_RESIDUAL_LT_10
G-IN3.50-P09.50-OUT07.00,0.5,1,,C/C,O/O,3.5,9.5,7.0,17.5,56.5,94.5,6.0,4.0,14.0,8.0,13.0,7.0,14.5,11.0,13.5,10.0,36.0,PASS_95X140X5_REFERENCE,12.0,136.0,142.0,290.0,-145.0|145.0,20.0,False,FAIL,BELT_NOMINAL_LT_14|BELT_RESIDUAL_LT_8
G-IN3.50-P09.50-OUT07.50,0.5,1,,C/C,O/O,3.5,9.5,7.5,17.5,56.5,95.0,6.0,4.0,14.0,8.0,13.5,7.5,14.5,11.0,14.0,10.5,35.5,PASS_95X140X5_REFERENCE,12.0,136.0,142.0,290.0,-145.0|145.0,20.5,False,FAIL,BELT_NOMINAL_LT_14|BELT_RESIDUAL_LT_8
G-IN3.50-P09.50-OUT08.00,0.5,1,,C/C,O/O,3.5,9.5,8.0,17.5,56.5,95.5,6.0,4.0,14.0,8.0,14.0,8.0,14.5,11.0,14.5,11.0,35.0,PASS_95X140X5_REFERENCE,12.0,136.0,142.0,290.0,-145.0|145.0,21.0,True,ROBUST_CONDITIONAL_PASS_CANDIDATE,
G-IN3.50-P09.50-OUT08.50,0.5,1,,C/C,O/O,3.5,9.5,8.5,17.5,56.5,96.0,6.0,4.0,14.0,8.0,14.5,8.5,14.5,11.0,15.0,11.5,34.5,PASS_95X140X5_REFERENCE,12.0,136.0,142.0,290.0,-145.0|145.0,21.5,True,ROBUST_CONDITIONAL_PASS_CANDIDATE,
G-IN3.50-P09.50-OUT09.00,0.5,1,,C/C,O/O,3.5,9.5,9.0,17.5,56.5,96.5,6.0,4.0,14.0,8.0,15.0,9.0,14.5,11.0,15.5,12.0,34.0,PASS_95X140X5_REFERENCE,12.0,136.0,142.0,290.0,-145.0|145.0,22.0,True,ROBUST_CONDITIONAL_PASS_CANDIDATE,
G-IN3.50-P09.50-OUT09.50,0.5,1,,C/C,O/O,3.5,9.5,9.5,17.5,56.5,97.0,6.0,4.0,14.0,8.0,15.5,9.5,14.5,11.0,16.0,12.5,33.5,PASS_95X140X5_REFERENCE,12.0,136.0,142.0,290.0,-145.0|145.0,22.5,True,ROBUST_CONDITIONAL_PASS_CANDIDATE,
G-IN3.50-P09.50-OUT10.00,0.5,1,,C/C,O/O,3.5,9.5,10.0,17.5,56.5,97.5,6.0,4.0,14.0,8.0,16.0,10.0,14.5,11.0,16.5,13.0,33.0,PASS_95X140X5_REFERENCE,12.0,136.0,142.0,290.0,-145.0|145.0,23.0,True,ROBUST_CONDITIONAL_PASS_CANDIDATE,
G-IN3.50-P10.00-OUT03.00,0.5,1,,C/C,O/O,3.5,10.0,3.0,17.5,57.0,90.5,6.0,4.0,14.5,8.5,8.5,2.5,15.0,11.5,9.0,5.5,40.0,PASS_95X140X5_REFERENCE,12.0,136.0,142.0,290.0,-145.0|145.0,16.5,False,FAIL,BELT_NOMINAL_LT_14|BELT_RESIDUAL_LT_8|PULLEY_NOMINAL_LT_13_5|PULLEY_RESIDUAL_LT_10
G-IN3.50-P10.00-OUT03.50,0.5,1,,C/C,O/O,3.5,10.0,3.5,17.5,57.0,91.0,6.0,4.0,14.5,8.5,9.0,3.0,15.0,11.5,9.5,6.0,39.5,PASS_95X140X5_REFERENCE,12.0,136.0,142.0,290.0,-145.0|145.0,17.0,False,FAIL,BELT_NOMINAL_LT_14|BELT_RESIDUAL_LT_8|PULLEY_NOMINAL_LT_13_5|PULLEY_RESIDUAL_LT_10
G-IN3.50-P10.00-OUT04.00,0.5,1,,C/C,O/O,3.5,10.0,4.0,17.5,57.0,91.5,6.0,4.0,14.5,8.5,9.5,3.5,15.0,11.5,10.0,6.5,39.0,PASS_95X140X5_REFERENCE,12.0,136.0,142.0,290.0,-145.0|145.0,17.5,False,FAIL,BELT_NOMINAL_LT_14|BELT_RESIDUAL_LT_8|PULLEY_NOMINAL_LT_13_5|PULLEY_RESIDUAL_LT_10
G-IN3.50-P10.00-OUT04.50,0.5,1,,C/C,O/O,3.5,10.0,4.5,17.5,57.0,92.0,6.0,4.0,14.5,8.5,10.0,4.0,15.0,11.5,10.5,7.0,38.5,PASS_95X140X5_REFERENCE,12.0,136.0,142.0,290.0,-145.0|145.0,18.0,False,FAIL,BELT_NOMINAL_LT_14|BELT_RESIDUAL_LT_8|PULLEY_NOMINAL_LT_13_5|PULLEY_RESIDUAL_LT_10
G-IN3.50-P10.00-OUT05.00,0.5,1,,C/C,O/O,3.5,10.0,5.0,17.5,57.0,92.5,6.0,4.0,14.5,8.5,10.5,4.5,15.0,11.5,11.0,7.5,38.0,PASS_95X140X5_REFERENCE,12.0,136.0,142.0,290.0,-145.0|145.0,18.5,False,FAIL,BELT_NOMINAL_LT_14|BELT_RESIDUAL_LT_8|PULLEY_NOMINAL_LT_13_5|PULLEY_RESIDUAL_LT_10
G-IN3.50-P10.00-OUT05.50,0.5,1,,C/C,O/O,3.5,10.0,5.5,17.5,57.0,93.0,6.0,4.0,14.5,8.5,11.0,5.0,15.0,11.5,11.5,8.0,37.5,PASS_95X140X5_REFERENCE,12.0,136.0,142.0,290.0,-145.0|145.0,19.0,False,FAIL,BELT_NOMINAL_LT_14|BELT_RESIDUAL_LT_8|PULLEY_NOMINAL_LT_13_5|PULLEY_RESIDUAL_LT_10
G-IN3.50-P10.00-OUT06.00,0.5,1,,C/C,O/O,3.5,10.0,6.0,17.5,57.0,93.5,6.0,4.0,14.5,8.5,11.5,5.5,15.0,11.5,12.0,8.5,37.0,PASS_95X140X5_REFERENCE,12.0,136.0,142.0,290.0,-145.0|145.0,19.5,False,FAIL,BELT_NOMINAL_LT_14|BELT_RESIDUAL_LT_8|PULLEY_NOMINAL_LT_13_5|PULLEY_RESIDUAL_LT_10
G-IN3.50-P10.00-OUT06.50,0.5,1,,C/C,O/O,3.5,10.0,6.5,17.5,57.0,94.0,6.0,4.0,14.5,8.5,12.0,6.0,15.0,11.5,12.5,9.0,36.5,PASS_95X140X5_REFERENCE,12.0,136.0,142.0,290.0,-145.0|145.0,20.0,False,FAIL,BELT_NOMINAL_LT_14|BELT_RESIDUAL_LT_8|PULLEY_NOMINAL_LT_13_5|PULLEY_RESIDUAL_LT_10
G-IN3.50-P10.00-OUT07.00,0.5,1,,C/C,O/O,3.5,10.0,7.0,17.5,57.0,94.5,6.0,4.0,14.5,8.5,12.5,6.5,15.0,11.5,13.0,9.5,36.0,PASS_95X140X5_REFERENCE,12.0,136.0,142.0,290.0,-145.0|145.0,20.5,False,FAIL,BELT_NOMINAL_LT_14|BELT_RESIDUAL_LT_8|PULLEY_NOMINAL_LT_13_5|PULLEY_RESIDUAL_LT_10
G-IN3.50-P10.00-OUT07.50,0.5,1,,C/C,O/O,3.5,10.0,7.5,17.5,57.0,95.0,6.0,4.0,14.5,8.5,13.0,7.0,15.0,11.5,13.5,10.0,35.5,PASS_95X140X5_REFERENCE,12.0,136.0,142.0,290.0,-145.0|145.0,21.0,False,FAIL,BELT_NOMINAL_LT_14|BELT_RESIDUAL_LT_8
G-IN3.50-P10.00-OUT08.00,0.5,1,,C/C,O/O,3.5,10.0,8.0,17.5,57.0,95.5,6.0,4.0,14.5,8.5,13.5,7.5,15.0,11.5,14.0,10.5,35.0,PASS_95X140X5_REFERENCE,12.0,136.0,142.0,290.0,-145.0|145.0,21.5,False,FAIL,BELT_NOMINAL_LT_14|BELT_RESIDUAL_LT_8
G-IN3.50-P10.00-OUT08.50,0.5,1,,C/C,O/O,3.5,10.0,8.5,17.5,57.0,96.0,6.0,4.0,14.5,8.5,14.0,8.0,15.0,11.5,14.5,11.0,34.5,PASS_95X140X5_REFERENCE,12.0,136.0,142.0,290.0,-145.0|145.0,22.0,True,ROBUST_CONDITIONAL_PASS_CANDIDATE,
G-IN3.50-P10.00-OUT09.00,0.5,1,,C/C,O/O,3.5,10.0,9.0,17.5,57.0,96.5,6.0,4.0,14.5,8.5,14.5,8.5,15.0,11.5,15.0,11.5,34.0,PASS_95X140X5_REFERENCE,12.0,136.0,142.0,290.0,-145.0|145.0,22.5,True,ROBUST_CONDITIONAL_PASS_CANDIDATE,
G-IN3.50-P10.00-OUT09.50,0.5,1,,C/C,O/O,3.5,10.0,9.5,17.5,57.0,97.0,6.0,4.0,14.5,8.5,15.0,9.0,15.0,11.5,15.5,12.0,33.5,PASS_95X140X5_REFERENCE,12.0,136.0,142.0,290.0,-145.0|145.0,23.0,True,ROBUST_CONDITIONAL_PASS_CANDIDATE,
G-IN3.50-P10.00-OUT10.00,0.5,1,,C/C,O/O,3.5,10.0,10.0,17.5,57.0,97.5,6.0,4.0,14.5,8.5,15.5,9.5,15.0,11.5,16.0,12.5,33.0,PASS_95X140X5_REFERENCE,12.0,136.0,142.0,290.0,-145.0|145.0,23.5,True,ROBUST_CONDITIONAL_PASS_CANDIDATE,
G-IN3.50-P10.50-OUT03.00,0.5,1,,C/C,O/O,3.5,10.5,3.0,17.5,57.5,90.5,6.0,4.0,15.0,9.0,8.0,2.0,15.5,12.0,8.5,5.0,40.0,PASS_95X140X5_REFERENCE,12.0,136.0,142.0,290.0,-145.0|145.0,17.0,False,FAIL,BELT_NOMINAL_LT_14|BELT_RESIDUAL_LT_8|PULLEY_NOMINAL_LT_13_5|PULLEY_RESIDUAL_LT_10
G-IN3.50-P10.50-OUT03.50,0.5,1,,C/C,O/O,3.5,10.5,3.5,17.5,57.5,91.0,6.0,4.0,15.0,9.0,8.5,2.5,15.5,12.0,9.0,5.5,39.5,PASS_95X140X5_REFERENCE,12.0,136.0,142.0,290.0,-145.0|145.0,17.5,False,FAIL,BELT_NOMINAL_LT_14|BELT_RESIDUAL_LT_8|PULLEY_NOMINAL_LT_13_5|PULLEY_RESIDUAL_LT_10
G-IN3.50-P10.50-OUT04.00,0.5,1,,C/C,O/O,3.5,10.5,4.0,17.5,57.5,91.5,6.0,4.0,15.0,9.0,9.0,3.0,15.5,12.0,9.5,6.0,39.0,PASS_95X140X5_REFERENCE,12.0,136.0,142.0,290.0,-145.0|145.0,18.0,False,FAIL,BELT_NOMINAL_LT_14|BELT_RESIDUAL_LT_8|PULLEY_NOMINAL_LT_13_5|PULLEY_RESIDUAL_LT_10
G-IN3.50-P10.50-OUT04.50,0.5,1,,C/C,O/O,3.5,10.5,4.5,17.5,57.5,92.0,6.0,4.0,15.0,9.0,9.5,3.5,15.5,12.0,10.0,6.5,38.5,PASS_95X140X5_REFERENCE,12.0,136.0,142.0,290.0,-145.0|145.0,18.5,False,FAIL,BELT_NOMINAL_LT_14|BELT_RESIDUAL_LT_8|PULLEY_NOMINAL_LT_13_5|PULLEY_RESIDUAL_LT_10
G-IN3.50-P10.50-OUT05.00,0.5,1,,C/C,O/O,3.5,10.5,5.0,17.5,57.5,92.5,6.0,4.0,15.0,9.0,10.0,4.0,15.5,12.0,10.5,7.0,38.0,PASS_95X140X5_REFERENCE,12.0,136.0,142.0,290.0,-145.0|145.0,19.0,False,FAIL,BELT_NOMINAL_LT_14|BELT_RESIDUAL_LT_8|PULLEY_NOMINAL_LT_13_5|PULLEY_RESIDUAL_LT_10
G-IN3.50-P10.50-OUT05.50,0.5,1,,C/C,O/O,3.5,10.5,5.5,17.5,57.5,93.0,6.0,4.0,15.0,9.0,10.5,4.5,15.5,12.0,11.0,7.5,37.5,PASS_95X140X5_REFERENCE,12.0,136.0,142.0,290.0,-145.0|145.0,19.5,False,FAIL,BELT_NOMINAL_LT_14|BELT_RESIDUAL_LT_8|PULLEY_NOMINAL_LT_13_5|PULLEY_RESIDUAL_LT_10
G-IN3.50-P10.50-OUT06.00,0.5,1,,C/C,O/O,3.5,10.5,6.0,17.5,57.5,93.5,6.0,4.0,15.0,9.0,11.0,5.0,15.5,12.0,11.5,8.0,37.0,PASS_95X140X5_REFERENCE,12.0,136.0,142.0,290.0,-145.0|145.0,20.0,False,FAIL,BELT_NOMINAL_LT_14|BELT_RESIDUAL_LT_8|PULLEY_NOMINAL_LT_13_5|PULLEY_RESIDUAL_LT_10
G-IN3.50-P10.50-OUT06.50,0.5,1,,C/C,O/O,3.5,10.5,6.5,17.5,57.5,94.0,6.0,4.0,15.0,9.0,11.5,5.5,15.5,12.0,12.0,8.5,36.5,PASS_95X140X5_REFERENCE,12.0,136.0,142.0,290.0,-145.0|145.0,20.5,False,FAIL,BELT_NOMINAL_LT_14|BELT_RESIDUAL_LT_8|PULLEY_NOMINAL_LT_13_5|PULLEY_RESIDUAL_LT_10
G-IN3.50-P10.50-OUT07.00,0.5,1,,C/C,O/O,3.5,10.5,7.0,17.5,57.5,94.5,6.0,4.0,15.0,9.0,12.0,6.0,15.5,12.0,12.5,9.0,36.0,PASS_95X140X5_REFERENCE,12.0,136.0,142.0,290.0,-145.0|145.0,21.0,False,FAIL,BELT_NOMINAL_LT_14|BELT_RESIDUAL_LT_8|PULLEY_NOMINAL_LT_13_5|PULLEY_RESIDUAL_LT_10
G-IN3.50-P10.50-OUT07.50,0.5,1,,C/C,O/O,3.5,10.5,7.5,17.5,57.5,95.0,6.0,4.0,15.0,9.0,12.5,6.5,15.5,12.0,13.0,9.5,35.5,PASS_95X140X5_REFERENCE,12.0,136.0,142.0,290.0,-145.0|145.0,21.5,False,FAIL,BELT_NOMINAL_LT_14|BELT_RESIDUAL_LT_8|PULLEY_NOMINAL_LT_13_5|PULLEY_RESIDUAL_LT_10
G-IN3.50-P10.50-OUT08.00,0.5,1,,C/C,O/O,3.5,10.5,8.0,17.5,57.5,95.5,6.0,4.0,15.0,9.0,13.0,7.0,15.5,12.0,13.5,10.0,35.0,PASS_95X140X5_REFERENCE,12.0,136.0,142.0,290.0,-145.0|145.0,22.0,False,FAIL,BELT_NOMINAL_LT_14|BELT_RESIDUAL_LT_8
G-IN3.50-P10.50-OUT08.50,0.5,1,,C/C,O/O,3.5,10.5,8.5,17.5,57.5,96.0,6.0,4.0,15.0,9.0,13.5,7.5,15.5,12.0,14.0,10.5,34.5,PASS_95X140X5_REFERENCE,12.0,136.0,142.0,290.0,-145.0|145.0,22.5,False,FAIL,BELT_NOMINAL_LT_14|BELT_RESIDUAL_LT_8
G-IN3.50-P10.50-OUT09.00,0.5,1,,C/C,O/O,3.5,10.5,9.0,17.5,57.5,96.5,6.0,4.0,15.0,9.0,14.0,8.0,15.5,12.0,14.5,11.0,34.0,PASS_95X140X5_REFERENCE,12.0,136.0,142.0,290.0,-145.0|145.0,23.0,True,ROBUST_CONDITIONAL_PASS_CANDIDATE,
G-IN3.50-P10.50-OUT09.50,0.5,1,,C/C,O/O,3.5,10.5,9.5,17.5,57.5,97.0,6.0,4.0,15.0,9.0,14.5,8.5,15.5,12.0,15.0,11.5,33.5,PASS_95X140X5_REFERENCE,12.0,136.0,142.0,290.0,-145.0|145.0,23.5,True,ROBUST_CONDITIONAL_PASS_CANDIDATE,
G-IN3.50-P10.50-OUT10.00,0.5,1,,C/C,O/O,3.5,10.5,10.0,17.5,57.5,97.5,6.0,4.0,15.0,9.0,15.0,9.0,15.5,12.0,15.5,12.0,33.0,PASS_95X140X5_REFERENCE,12.0,136.0,142.0,290.0,-145.0|145.0,24.0,True,ROBUST_CONDITIONAL_PASS_CANDIDATE,
G-IN3.50-P11.00-OUT03.00,0.5,1,,C/C,O/O,3.5,11.0,3.0,17.5,58.0,90.5,6.0,4.0,15.5,9.5,7.5,1.5,16.0,12.5,8.0,4.5,40.0,PASS_95X140X5_REFERENCE,12.0,136.0,142.0,290.0,-145.0|145.0,17.5,False,FAIL,BELT_NOMINAL_LT_14|BELT_RESIDUAL_LT_8|PULLEY_NOMINAL_LT_13_5|PULLEY_RESIDUAL_LT_10
G-IN3.50-P11.00-OUT03.50,0.5,1,,C/C,O/O,3.5,11.0,3.5,17.5,58.0,91.0,6.0,4.0,15.5,9.5,8.0,2.0,16.0,12.5,8.5,5.0,39.5,PASS_95X140X5_REFERENCE,12.0,136.0,142.0,290.0,-145.0|145.0,18.0,False,FAIL,BELT_NOMINAL_LT_14|BELT_RESIDUAL_LT_8|PULLEY_NOMINAL_LT_13_5|PULLEY_RESIDUAL_LT_10
G-IN3.50-P11.00-OUT04.00,0.5,1,,C/C,O/O,3.5,11.0,4.0,17.5,58.0,91.5,6.0,4.0,15.5,9.5,8.5,2.5,16.0,12.5,9.0,5.5,39.0,PASS_95X140X5_REFERENCE,12.0,136.0,142.0,290.0,-145.0|145.0,18.5,False,FAIL,BELT_NOMINAL_LT_14|BELT_RESIDUAL_LT_8|PULLEY_NOMINAL_LT_13_5|PULLEY_RESIDUAL_LT_10
G-IN3.50-P11.00-OUT04.50,0.5,1,,C/C,O/O,3.5,11.0,4.5,17.5,58.0,92.0,6.0,4.0,15.5,9.5,9.0,3.0,16.0,12.5,9.5,6.0,38.5,PASS_95X140X5_REFERENCE,12.0,136.0,142.0,290.0,-145.0|145.0,19.0,False,FAIL,BELT_NOMINAL_LT_14|BELT_RESIDUAL_LT_8|PULLEY_NOMINAL_LT_13_5|PULLEY_RESIDUAL_LT_10
G-IN3.50-P11.00-OUT05.00,0.5,1,,C/C,O/O,3.5,11.0,5.0,17.5,58.0,92.5,6.0,4.0,15.5,9.5,9.5,3.5,16.0,12.5,10.0,6.5,38.0,PASS_95X140X5_REFERENCE,12.0,136.0,142.0,290.0,-145.0|145.0,19.5,False,FAIL,BELT_NOMINAL_LT_14|BELT_RESIDUAL_LT_8|PULLEY_NOMINAL_LT_13_5|PULLEY_RESIDUAL_LT_10
G-IN3.50-P11.00-OUT05.50,0.5,1,,C/C,O/O,3.5,11.0,5.5,17.5,58.0,93.0,6.0,4.0,15.5,9.5,10.0,4.0,16.0,12.5,10.5,7.0,37.5,PASS_95X140X5_REFERENCE,12.0,136.0,142.0,290.0,-145.0|145.0,20.0,False,FAIL,BELT_NOMINAL_LT_14|BELT_RESIDUAL_LT_8|PULLEY_NOMINAL_LT_13_5|PULLEY_RESIDUAL_LT_10
G-IN3.50-P11.00-OUT06.00,0.5,1,,C/C,O/O,3.5,11.0,6.0,17.5,58.0,93.5,6.0,4.0,15.5,9.5,10.5,4.5,16.0,12.5,11.0,7.5,37.0,PASS_95X140X5_REFERENCE,12.0,136.0,142.0,290.0,-145.0|145.0,20.5,False,FAIL,BELT_NOMINAL_LT_14|BELT_RESIDUAL_LT_8|PULLEY_NOMINAL_LT_13_5|PULLEY_RESIDUAL_LT_10
G-IN3.50-P11.00-OUT06.50,0.5,1,,C/C,O/O,3.5,11.0,6.5,17.5,58.0,94.0,6.0,4.0,15.5,9.5,11.0,5.0,16.0,12.5,11.5,8.0,36.5,PASS_95X140X5_REFERENCE,12.0,136.0,142.0,290.0,-145.0|145.0,21.0,False,FAIL,BELT_NOMINAL_LT_14|BELT_RESIDUAL_LT_8|PULLEY_NOMINAL_LT_13_5|PULLEY_RESIDUAL_LT_10
G-IN3.50-P11.00-OUT07.00,0.5,1,,C/C,O/O,3.5,11.0,7.0,17.5,58.0,94.5,6.0,4.0,15.5,9.5,11.5,5.5,16.0,12.5,12.0,8.5,36.0,PASS_95X140X5_REFERENCE,12.0,136.0,142.0,290.0,-145.0|145.0,21.5,False,FAIL,BELT_NOMINAL_LT_14|BELT_RESIDUAL_LT_8|PULLEY_NOMINAL_LT_13_5|PULLEY_RESIDUAL_LT_10
G-IN3.50-P11.00-OUT07.50,0.5,1,,C/C,O/O,3.5,11.0,7.5,17.5,58.0,95.0,6.0,4.0,15.5,9.5,12.0,6.0,16.0,12.5,12.5,9.0,35.5,PASS_95X140X5_REFERENCE,12.0,136.0,142.0,290.0,-145.0|145.0,22.0,False,FAIL,BELT_NOMINAL_LT_14|BELT_RESIDUAL_LT_8|PULLEY_NOMINAL_LT_13_5|PULLEY_RESIDUAL_LT_10
G-IN3.50-P11.00-OUT08.00,0.5,1,,C/C,O/O,3.5,11.0,8.0,17.5,58.0,95.5,6.0,4.0,15.5,9.5,12.5,6.5,16.0,12.5,13.0,9.5,35.0,PASS_95X140X5_REFERENCE,12.0,136.0,142.0,290.0,-145.0|145.0,22.5,False,FAIL,BELT_NOMINAL_LT_14|BELT_RESIDUAL_LT_8|PULLEY_NOMINAL_LT_13_5|PULLEY_RESIDUAL_LT_10
G-IN3.50-P11.00-OUT08.50,0.5,1,,C/C,O/O,3.5,11.0,8.5,17.5,58.0,96.0,6.0,4.0,15.5,9.5,13.0,7.0,16.0,12.5,13.5,10.0,34.5,PASS_95X140X5_REFERENCE,12.0,136.0,142.0,290.0,-145.0|145.0,23.0,False,FAIL,BELT_NOMINAL_LT_14|BELT_RESIDUAL_LT_8
G-IN3.50-P11.00-OUT09.00,0.5,1,,C/C,O/O,3.5,11.0,9.0,17.5,58.0,96.5,6.0,4.0,15.5,9.5,13.5,7.5,16.0,12.5,14.0,10.5,34.0,PASS_95X140X5_REFERENCE,12.0,136.0,142.0,290.0,-145.0|145.0,23.5,False,FAIL,BELT_NOMINAL_LT_14|BELT_RESIDUAL_LT_8
G-IN3.50-P11.00-OUT09.50,0.5,1,,C/C,O/O,3.5,11.0,9.5,17.5,58.0,97.0,6.0,4.0,15.5,9.5,14.0,8.0,16.0,12.5,14.5,11.0,33.5,PASS_95X140X5_REFERENCE,12.0,136.0,142.0,290.0,-145.0|145.0,24.0,True,ROBUST_CONDITIONAL_PASS_CANDIDATE,
G-IN3.50-P11.00-OUT10.00,0.5,1,,C/C,O/O,3.5,11.0,10.0,17.5,58.0,97.5,6.0,4.0,15.5,9.5,14.5,8.5,16.0,12.5,15.0,11.5,33.0,PASS_95X140X5_REFERENCE,12.0,136.0,142.0,290.0,-145.0|145.0,24.5,True,ROBUST_CONDITIONAL_PASS_CANDIDATE,
G-IN3.50-P11.50-OUT03.00,0.5,1,,C/C,O/O,3.5,11.5,3.0,17.5,58.5,90.5,6.0,4.0,16.0,10.0,7.0,1.0,16.5,13.0,7.5,4.0,40.0,PASS_95X140X5_REFERENCE,12.0,136.0,142.0,290.0,-145.0|145.0,18.0,False,FAIL,BELT_NOMINAL_LT_14|BELT_RESIDUAL_LT_8|PULLEY_NOMINAL_LT_13_5|PULLEY_RESIDUAL_LT_10
G-IN3.50-P11.50-OUT03.50,0.5,1,,C/C,O/O,3.5,11.5,3.5,17.5,58.5,91.0,6.0,4.0,16.0,10.0,7.5,1.5,16.5,13.0,8.0,4.5,39.5,PASS_95X140X5_REFERENCE,12.0,136.0,142.0,290.0,-145.0|145.0,18.5,False,FAIL,BELT_NOMINAL_LT_14|BELT_RESIDUAL_LT_8|PULLEY_NOMINAL_LT_13_5|PULLEY_RESIDUAL_LT_10
G-IN3.50-P11.50-OUT04.00,0.5,1,,C/C,O/O,3.5,11.5,4.0,17.5,58.5,91.5,6.0,4.0,16.0,10.0,8.0,2.0,16.5,13.0,8.5,5.0,39.0,PASS_95X140X5_REFERENCE,12.0,136.0,142.0,290.0,-145.0|145.0,19.0,False,FAIL,BELT_NOMINAL_LT_14|BELT_RESIDUAL_LT_8|PULLEY_NOMINAL_LT_13_5|PULLEY_RESIDUAL_LT_10
G-IN3.50-P11.50-OUT04.50,0.5,1,,C/C,O/O,3.5,11.5,4.5,17.5,58.5,92.0,6.0,4.0,16.0,10.0,8.5,2.5,16.5,13.0,9.0,5.5,38.5,PASS_95X140X5_REFERENCE,12.0,136.0,142.0,290.0,-145.0|145.0,19.5,False,FAIL,BELT_NOMINAL_LT_14|BELT_RESIDUAL_LT_8|PULLEY_NOMINAL_LT_13_5|PULLEY_RESIDUAL_LT_10
G-IN3.50-P11.50-OUT05.00,0.5,1,,C/C,O/O,3.5,11.5,5.0,17.5,58.5,92.5,6.0,4.0,16.0,10.0,9.0,3.0,16.5,13.0,9.5,6.0,38.0,PASS_95X140X5_REFERENCE,12.0,136.0,142.0,290.0,-145.0|145.0,20.0,False,FAIL,BELT_NOMINAL_LT_14|BELT_RESIDUAL_LT_8|PULLEY_NOMINAL_LT_13_5|PULLEY_RESIDUAL_LT_10
G-IN3.50-P11.50-OUT05.50,0.5,1,,C/C,O/O,3.5,11.5,5.5,17.5,58.5,93.0,6.0,4.0,16.0,10.0,9.5,3.5,16.5,13.0,10.0,6.5,37.5,PASS_95X140X5_REFERENCE,12.0,136.0,142.0,290.0,-145.0|145.0,20.5,False,FAIL,BELT_NOMINAL_LT_14|BELT_RESIDUAL_LT_8|PULLEY_NOMINAL_LT_13_5|PULLEY_RESIDUAL_LT_10
G-IN3.50-P11.50-OUT06.00,0.5,1,,C/C,O/O,3.5,11.5,6.0,17.5,58.5,93.5,6.0,4.0,16.0,10.0,10.0,4.0,16.5,13.0,10.5,7.0,37.0,PASS_95X140X5_REFERENCE,12.0,136.0,142.0,290.0,-145.0|145.0,21.0,False,FAIL,BELT_NOMINAL_LT_14|BELT_RESIDUAL_LT_8|PULLEY_NOMINAL_LT_13_5|PULLEY_RESIDUAL_LT_10
G-IN3.50-P11.50-OUT06.50,0.5,1,,C/C,O/O,3.5,11.5,6.5,17.5,58.5,94.0,6.0,4.0,16.0,10.0,10.5,4.5,16.5,13.0,11.0,7.5,36.5,PASS_95X140X5_REFERENCE,12.0,136.0,142.0,290.0,-145.0|145.0,21.5,False,FAIL,BELT_NOMINAL_LT_14|BELT_RESIDUAL_LT_8|PULLEY_NOMINAL_LT_13_5|PULLEY_RESIDUAL_LT_10
G-IN3.50-P11.50-OUT07.00,0.5,1,,C/C,O/O,3.5,11.5,7.0,17.5,58.5,94.5,6.0,4.0,16.0,10.0,11.0,5.0,16.5,13.0,11.5,8.0,36.0,PASS_95X140X5_REFERENCE,12.0,136.0,142.0,290.0,-145.0|145.0,22.0,False,FAIL,BELT_NOMINAL_LT_14|BELT_RESIDUAL_LT_8|PULLEY_NOMINAL_LT_13_5|PULLEY_RESIDUAL_LT_10
G-IN3.50-P11.50-OUT07.50,0.5,1,,C/C,O/O,3.5,11.5,7.5,17.5,58.5,95.0,6.0,4.0,16.0,10.0,11.5,5.5,16.5,13.0,12.0,8.5,35.5,PASS_95X140X5_REFERENCE,12.0,136.0,142.0,290.0,-145.0|145.0,22.5,False,FAIL,BELT_NOMINAL_LT_14|BELT_RESIDUAL_LT_8|PULLEY_NOMINAL_LT_13_5|PULLEY_RESIDUAL_LT_10
G-IN3.50-P11.50-OUT08.00,0.5,1,,C/C,O/O,3.5,11.5,8.0,17.5,58.5,95.5,6.0,4.0,16.0,10.0,12.0,6.0,16.5,13.0,12.5,9.0,35.0,PASS_95X140X5_REFERENCE,12.0,136.0,142.0,290.0,-145.0|145.0,23.0,False,FAIL,BELT_NOMINAL_LT_14|BELT_RESIDUAL_LT_8|PULLEY_NOMINAL_LT_13_5|PULLEY_RESIDUAL_LT_10
G-IN3.50-P11.50-OUT08.50,0.5,1,,C/C,O/O,3.5,11.5,8.5,17.5,58.5,96.0,6.0,4.0,16.0,10.0,12.5,6.5,16.5,13.0,13.0,9.5,34.5,PASS_95X140X5_REFERENCE,12.0,136.0,142.0,290.0,-145.0|145.0,23.5,False,FAIL,BELT_NOMINAL_LT_14|BELT_RESIDUAL_LT_8|PULLEY_NOMINAL_LT_13_5|PULLEY_RESIDUAL_LT_10
G-IN3.50-P11.50-OUT09.00,0.5,1,,C/C,O/O,3.5,11.5,9.0,17.5,58.5,96.5,6.0,4.0,16.0,10.0,13.0,7.0,16.5,13.0,13.5,10.0,34.0,PASS_95X140X5_REFERENCE,12.0,136.0,142.0,290.0,-145.0|145.0,24.0,False,FAIL,BELT_NOMINAL_LT_14|BELT_RESIDUAL_LT_8
G-IN3.50-P11.50-OUT09.50,0.5,1,,C/C,O/O,3.5,11.5,9.5,17.5,58.5,97.0,6.0,4.0,16.0,10.0,13.5,7.5,16.5,13.0,14.0,10.5,33.5,PASS_95X140X5_REFERENCE,12.0,136.0,142.0,290.0,-145.0|145.0,24.5,False,FAIL,BELT_NOMINAL_LT_14|BELT_RESIDUAL_LT_8
G-IN3.50-P11.50-OUT10.00,0.5,1,,C/C,O/O,3.5,11.5,10.0,17.5,58.5,97.5,6.0,4.0,16.0,10.0,14.0,8.0,16.5,13.0,14.5,11.0,33.0,PASS_95X140X5_REFERENCE,12.0,136.0,142.0,290.0,-145.0|145.0,25.0,True,ROBUST_CONDITIONAL_PASS_CANDIDATE,
G-IN3.50-P12.00-OUT03.00,0.5,1,,C/C,O/O,3.5,12.0,3.0,17.5,59.0,90.5,6.0,4.0,16.5,10.5,6.5,0.5,17.0,13.5,7.0,3.5,40.0,PASS_95X140X5_REFERENCE,12.0,136.0,142.0,290.0,-145.0|145.0,18.5,False,FAIL,BELT_NOMINAL_LT_14|BELT_RESIDUAL_LT_8|PULLEY_NOMINAL_LT_13_5|PULLEY_RESIDUAL_LT_10
G-IN3.50-P12.00-OUT03.50,0.5,1,,C/C,O/O,3.5,12.0,3.5,17.5,59.0,91.0,6.0,4.0,16.5,10.5,7.0,1.0,17.0,13.5,7.5,4.0,39.5,PASS_95X140X5_REFERENCE,12.0,136.0,142.0,290.0,-145.0|145.0,19.0,False,FAIL,BELT_NOMINAL_LT_14|BELT_RESIDUAL_LT_8|PULLEY_NOMINAL_LT_13_5|PULLEY_RESIDUAL_LT_10
G-IN3.50-P12.00-OUT04.00,0.5,1,,C/C,O/O,3.5,12.0,4.0,17.5,59.0,91.5,6.0,4.0,16.5,10.5,7.5,1.5,17.0,13.5,8.0,4.5,39.0,PASS_95X140X5_REFERENCE,12.0,136.0,142.0,290.0,-145.0|145.0,19.5,False,FAIL,BELT_NOMINAL_LT_14|BELT_RESIDUAL_LT_8|PULLEY_NOMINAL_LT_13_5|PULLEY_RESIDUAL_LT_10
G-IN3.50-P12.00-OUT04.50,0.5,1,,C/C,O/O,3.5,12.0,4.5,17.5,59.0,92.0,6.0,4.0,16.5,10.5,8.0,2.0,17.0,13.5,8.5,5.0,38.5,PASS_95X140X5_REFERENCE,12.0,136.0,142.0,290.0,-145.0|145.0,20.0,False,FAIL,BELT_NOMINAL_LT_14|BELT_RESIDUAL_LT_8|PULLEY_NOMINAL_LT_13_5|PULLEY_RESIDUAL_LT_10
G-IN3.50-P12.00-OUT05.00,0.5,1,,C/C,O/O,3.5,12.0,5.0,17.5,59.0,92.5,6.0,4.0,16.5,10.5,8.5,2.5,17.0,13.5,9.0,5.5,38.0,PASS_95X140X5_REFERENCE,12.0,136.0,142.0,290.0,-145.0|145.0,20.5,False,FAIL,BELT_NOMINAL_LT_14|BELT_RESIDUAL_LT_8|PULLEY_NOMINAL_LT_13_5|PULLEY_RESIDUAL_LT_10
G-IN3.50-P12.00-OUT05.50,0.5,1,,C/C,O/O,3.5,12.0,5.5,17.5,59.0,93.0,6.0,4.0,16.5,10.5,9.0,3.0,17.0,13.5,9.5,6.0,37.5,PASS_95X140X5_REFERENCE,12.0,136.0,142.0,290.0,-145.0|145.0,21.0,False,FAIL,BELT_NOMINAL_LT_14|BELT_RESIDUAL_LT_8|PULLEY_NOMINAL_LT_13_5|PULLEY_RESIDUAL_LT_10
G-IN3.50-P12.00-OUT06.00,0.5,1,,C/C,O/O,3.5,12.0,6.0,17.5,59.0,93.5,6.0,4.0,16.5,10.5,9.5,3.5,17.0,13.5,10.0,6.5,37.0,PASS_95X140X5_REFERENCE,12.0,136.0,142.0,290.0,-145.0|145.0,21.5,False,FAIL,BELT_NOMINAL_LT_14|BELT_RESIDUAL_LT_8|PULLEY_NOMINAL_LT_13_5|PULLEY_RESIDUAL_LT_10
G-IN3.50-P12.00-OUT06.50,0.5,1,,C/C,O/O,3.5,12.0,6.5,17.5,59.0,94.0,6.0,4.0,16.5,10.5,10.0,4.0,17.0,13.5,10.5,7.0,36.5,PASS_95X140X5_REFERENCE,12.0,136.0,142.0,290.0,-145.0|145.0,22.0,False,FAIL,BELT_NOMINAL_LT_14|BELT_RESIDUAL_LT_8|PULLEY_NOMINAL_LT_13_5|PULLEY_RESIDUAL_LT_10
G-IN3.50-P12.00-OUT07.00,0.5,1,,C/C,O/O,3.5,12.0,7.0,17.5,59.0,94.5,6.0,4.0,16.5,10.5,10.5,4.5,17.0,13.5,11.0,7.5,36.0,PASS_95X140X5_REFERENCE,12.0,136.0,142.0,290.0,-145.0|145.0,22.5,False,FAIL,BELT_NOMINAL_LT_14|BELT_RESIDUAL_LT_8|PULLEY_NOMINAL_LT_13_5|PULLEY_RESIDUAL_LT_10
G-IN3.50-P12.00-OUT07.50,0.5,1,,C/C,O/O,3.5,12.0,7.5,17.5,59.0,95.0,6.0,4.0,16.5,10.5,11.0,5.0,17.0,13.5,11.5,8.0,35.5,PASS_95X140X5_REFERENCE,12.0,136.0,142.0,290.0,-145.0|145.0,23.0,False,FAIL,BELT_NOMINAL_LT_14|BELT_RESIDUAL_LT_8|PULLEY_NOMINAL_LT_13_5|PULLEY_RESIDUAL_LT_10
G-IN3.50-P12.00-OUT08.00,0.5,1,,C/C,O/O,3.5,12.0,8.0,17.5,59.0,95.5,6.0,4.0,16.5,10.5,11.5,5.5,17.0,13.5,12.0,8.5,35.0,PASS_95X140X5_REFERENCE,12.0,136.0,142.0,290.0,-145.0|145.0,23.5,False,FAIL,BELT_NOMINAL_LT_14|BELT_RESIDUAL_LT_8|PULLEY_NOMINAL_LT_13_5|PULLEY_RESIDUAL_LT_10
G-IN3.50-P12.00-OUT08.50,0.5,1,,C/C,O/O,3.5,12.0,8.5,17.5,59.0,96.0,6.0,4.0,16.5,10.5,12.0,6.0,17.0,13.5,12.5,9.0,34.5,PASS_95X140X5_REFERENCE,12.0,136.0,142.0,290.0,-145.0|145.0,24.0,False,FAIL,BELT_NOMINAL_LT_14|BELT_RESIDUAL_LT_8|PULLEY_NOMINAL_LT_13_5|PULLEY_RESIDUAL_LT_10
G-IN3.50-P12.00-OUT09.00,0.5,1,,C/C,O/O,3.5,12.0,9.0,17.5,59.0,96.5,6.0,4.0,16.5,10.5,12.5,6.5,17.0,13.5,13.0,9.5,34.0,PASS_95X140X5_REFERENCE,12.0,136.0,142.0,290.0,-145.0|145.0,24.5,False,FAIL,BELT_NOMINAL_LT_14|BELT_RESIDUAL_LT_8|PULLEY_NOMINAL_LT_13_5|PULLEY_RESIDUAL_LT_10
G-IN3.50-P12.00-OUT09.50,0.5,1,,C/C,O/O,3.5,12.0,9.5,17.5,59.0,97.0,6.0,4.0,16.5,10.5,13.0,7.0,17.0,13.5,13.5,10.0,33.5,PASS_95X140X5_REFERENCE,12.0,136.0,142.0,290.0,-145.0|145.0,25.0,False,FAIL,BELT_NOMINAL_LT_14|BELT_RESIDUAL_LT_8
G-IN3.50-P12.00-OUT10.00,0.5,1,,C/C,O/O,3.5,12.0,10.0,17.5,59.0,97.5,6.0,4.0,16.5,10.5,13.5,7.5,17.0,13.5,14.0,10.5,33.0,PASS_95X140X5_REFERENCE,12.0,136.0,142.0,290.0,-145.0|145.0,25.5,False,FAIL,BELT_NOMINAL_LT_14|BELT_RESIDUAL_LT_8
G-IN4.00-P05.00-OUT03.00,0.5,1,,C/C,O/O,4.0,5.0,3.0,18.0,52.0,90.5,7.0,5.0,9.0,3.0,13.5,7.5,9.5,6.0,14.0,10.5,40.0,PASS_95X140X5_REFERENCE,12.0,135.5,141.5,290.0,-145.0|145.0,12.0,False,FAIL,BELT_NOMINAL_LT_14|BELT_RESIDUAL_LT_8|PULLEY_NOMINAL_LT_13_5|PULLEY_RESIDUAL_LT_10
G-IN4.00-P05.00-OUT03.50,0.5,1,,C/C,O/O,4.0,5.0,3.5,18.0,52.0,91.0,7.0,5.0,9.0,3.0,14.0,8.0,9.5,6.0,14.5,11.0,39.5,PASS_95X140X5_REFERENCE,12.0,135.5,141.5,290.0,-145.0|145.0,12.5,False,FAIL,BELT_NOMINAL_LT_14|BELT_RESIDUAL_LT_8|PULLEY_NOMINAL_LT_13_5|PULLEY_RESIDUAL_LT_10
G-IN4.00-P05.00-OUT04.00,0.5,1,,C/C,O/O,4.0,5.0,4.0,18.0,52.0,91.5,7.0,5.0,9.0,3.0,14.5,8.5,9.5,6.0,15.0,11.5,39.0,PASS_95X140X5_REFERENCE,12.0,135.5,141.5,290.0,-145.0|145.0,13.0,False,FAIL,BELT_NOMINAL_LT_14|BELT_RESIDUAL_LT_8|PULLEY_NOMINAL_LT_13_5|PULLEY_RESIDUAL_LT_10
G-IN4.00-P05.00-OUT04.50,0.5,1,,C/C,O/O,4.0,5.0,4.5,18.0,52.0,92.0,7.0,5.0,9.0,3.0,15.0,9.0,9.5,6.0,15.5,12.0,38.5,PASS_95X140X5_REFERENCE,12.0,135.5,141.5,290.0,-145.0|145.0,13.5,False,FAIL,BELT_NOMINAL_LT_14|BELT_RESIDUAL_LT_8|PULLEY_NOMINAL_LT_13_5|PULLEY_RESIDUAL_LT_10
G-IN4.00-P05.00-OUT05.00,0.5,1,,C/C,O/O,4.0,5.0,5.0,18.0,52.0,92.5,7.0,5.0,9.0,3.0,15.5,9.5,9.5,6.0,16.0,12.5,38.0,PASS_95X140X5_REFERENCE,12.0,135.5,141.5,290.0,-145.0|145.0,14.0,False,FAIL,BELT_NOMINAL_LT_14|BELT_RESIDUAL_LT_8|PULLEY_NOMINAL_LT_13_5|PULLEY_RESIDUAL_LT_10
G-IN4.00-P05.00-OUT05.50,0.5,1,,C/C,O/O,4.0,5.0,5.5,18.0,52.0,93.0,7.0,5.0,9.0,3.0,16.0,10.0,9.5,6.0,16.5,13.0,37.5,PASS_95X140X5_REFERENCE,12.0,135.5,141.5,290.0,-145.0|145.0,14.5,False,FAIL,BELT_NOMINAL_LT_14|BELT_RESIDUAL_LT_8|PULLEY_NOMINAL_LT_13_5|PULLEY_RESIDUAL_LT_10
G-IN4.00-P05.00-OUT06.00,0.5,1,,C/C,O/O,4.0,5.0,6.0,18.0,52.0,93.5,7.0,5.0,9.0,3.0,16.5,10.5,9.5,6.0,17.0,13.5,37.0,PASS_95X140X5_REFERENCE,12.0,135.5,141.5,290.0,-145.0|145.0,15.0,False,FAIL,BELT_NOMINAL_LT_14|BELT_RESIDUAL_LT_8|PULLEY_NOMINAL_LT_13_5|PULLEY_RESIDUAL_LT_10
G-IN4.00-P05.00-OUT06.50,0.5,1,,C/C,O/O,4.0,5.0,6.5,18.0,52.0,94.0,7.0,5.0,9.0,3.0,17.0,11.0,9.5,6.0,17.5,14.0,36.5,PASS_95X140X5_REFERENCE,12.0,135.5,141.5,290.0,-145.0|145.0,15.5,False,FAIL,BELT_NOMINAL_LT_14|BELT_RESIDUAL_LT_8|PULLEY_NOMINAL_LT_13_5|PULLEY_RESIDUAL_LT_10
G-IN4.00-P05.00-OUT07.00,0.5,1,,C/C,O/O,4.0,5.0,7.0,18.0,52.0,94.5,7.0,5.0,9.0,3.0,17.5,11.5,9.5,6.0,18.0,14.5,36.0,PASS_95X140X5_REFERENCE,12.0,135.5,141.5,290.0,-145.0|145.0,16.0,False,FAIL,BELT_NOMINAL_LT_14|BELT_RESIDUAL_LT_8|PULLEY_NOMINAL_LT_13_5|PULLEY_RESIDUAL_LT_10
G-IN4.00-P05.00-OUT07.50,0.5,1,,C/C,O/O,4.0,5.0,7.5,18.0,52.0,95.0,7.0,5.0,9.0,3.0,18.0,12.0,9.5,6.0,18.5,15.0,35.5,PASS_95X140X5_REFERENCE,12.0,135.5,141.5,290.0,-145.0|145.0,16.5,False,FAIL,BELT_NOMINAL_LT_14|BELT_RESIDUAL_LT_8|PULLEY_NOMINAL_LT_13_5|PULLEY_RESIDUAL_LT_10
G-IN4.00-P05.00-OUT08.00,0.5,1,,C/C,O/O,4.0,5.0,8.0,18.0,52.0,95.5,7.0,5.0,9.0,3.0,18.5,12.5,9.5,6.0,19.0,15.5,35.0,PASS_95X140X5_REFERENCE,12.0,135.5,141.5,290.0,-145.0|145.0,17.0,False,FAIL,BELT_NOMINAL_LT_14|BELT_RESIDUAL_LT_8|PULLEY_NOMINAL_LT_13_5|PULLEY_RESIDUAL_LT_10
G-IN4.00-P05.00-OUT08.50,0.5,1,,C/C,O/O,4.0,5.0,8.5,18.0,52.0,96.0,7.0,5.0,9.0,3.0,19.0,13.0,9.5,6.0,19.5,16.0,34.5,PASS_95X140X5_REFERENCE,12.0,135.5,141.5,290.0,-145.0|145.0,17.5,False,FAIL,BELT_NOMINAL_LT_14|BELT_RESIDUAL_LT_8|PULLEY_NOMINAL_LT_13_5|PULLEY_RESIDUAL_LT_10
G-IN4.00-P05.00-OUT09.00,0.5,1,,C/C,O/O,4.0,5.0,9.0,18.0,52.0,96.5,7.0,5.0,9.0,3.0,19.5,13.5,9.5,6.0,20.0,16.5,34.0,PASS_95X140X5_REFERENCE,12.0,135.5,141.5,290.0,-145.0|145.0,18.0,False,FAIL,BELT_NOMINAL_LT_14|BELT_RESIDUAL_LT_8|PULLEY_NOMINAL_LT_13_5|PULLEY_RESIDUAL_LT_10
G-IN4.00-P05.00-OUT09.50,0.5,1,,C/C,O/O,4.0,5.0,9.5,18.0,52.0,97.0,7.0,5.0,9.0,3.0,20.0,14.0,9.5,6.0,20.5,17.0,33.5,PASS_95X140X5_REFERENCE,12.0,135.5,141.5,290.0,-145.0|145.0,18.5,False,FAIL,BELT_NOMINAL_LT_14|BELT_RESIDUAL_LT_8|PULLEY_NOMINAL_LT_13_5|PULLEY_RESIDUAL_LT_10
G-IN4.00-P05.00-OUT10.00,0.5,1,,C/C,O/O,4.0,5.0,10.0,18.0,52.0,97.5,7.0,5.0,9.0,3.0,20.5,14.5,9.5,6.0,21.0,17.5,33.0,PASS_95X140X5_REFERENCE,12.0,135.5,141.5,290.0,-145.0|145.0,19.0,False,FAIL,BELT_NOMINAL_LT_14|BELT_RESIDUAL_LT_8|PULLEY_NOMINAL_LT_13_5|PULLEY_RESIDUAL_LT_10
G-IN4.00-P05.50-OUT03.00,0.5,1,,C/C,O/O,4.0,5.5,3.0,18.0,52.5,90.5,7.0,5.0,9.5,3.5,13.0,7.0,10.0,6.5,13.5,10.0,40.0,PASS_95X140X5_REFERENCE,12.0,135.5,141.5,290.0,-145.0|145.0,12.5,False,FAIL,BELT_NOMINAL_LT_14|BELT_RESIDUAL_LT_8|PULLEY_NOMINAL_LT_13_5|PULLEY_RESIDUAL_LT_10
G-IN4.00-P05.50-OUT03.50,0.5,1,,C/C,O/O,4.0,5.5,3.5,18.0,52.5,91.0,7.0,5.0,9.5,3.5,13.5,7.5,10.0,6.5,14.0,10.5,39.5,PASS_95X140X5_REFERENCE,12.0,135.5,141.5,290.0,-145.0|145.0,13.0,False,FAIL,BELT_NOMINAL_LT_14|BELT_RESIDUAL_LT_8|PULLEY_NOMINAL_LT_13_5|PULLEY_RESIDUAL_LT_10
G-IN4.00-P05.50-OUT04.00,0.5,1,,C/C,O/O,4.0,5.5,4.0,18.0,52.5,91.5,7.0,5.0,9.5,3.5,14.0,8.0,10.0,6.5,14.5,11.0,39.0,PASS_95X140X5_REFERENCE,12.0,135.5,141.5,290.0,-145.0|145.0,13.5,False,FAIL,BELT_NOMINAL_LT_14|BELT_RESIDUAL_LT_8|PULLEY_NOMINAL_LT_13_5|PULLEY_RESIDUAL_LT_10
G-IN4.00-P05.50-OUT04.50,0.5,1,,C/C,O/O,4.0,5.5,4.5,18.0,52.5,92.0,7.0,5.0,9.5,3.5,14.5,8.5,10.0,6.5,15.0,11.5,38.5,PASS_95X140X5_REFERENCE,12.0,135.5,141.5,290.0,-145.0|145.0,14.0,False,FAIL,BELT_NOMINAL_LT_14|BELT_RESIDUAL_LT_8|PULLEY_NOMINAL_LT_13_5|PULLEY_RESIDUAL_LT_10
G-IN4.00-P05.50-OUT05.00,0.5,1,,C/C,O/O,4.0,5.5,5.0,18.0,52.5,92.5,7.0,5.0,9.5,3.5,15.0,9.0,10.0,6.5,15.5,12.0,38.0,PASS_95X140X5_REFERENCE,12.0,135.5,141.5,290.0,-145.0|145.0,14.5,False,FAIL,BELT_NOMINAL_LT_14|BELT_RESIDUAL_LT_8|PULLEY_NOMINAL_LT_13_5|PULLEY_RESIDUAL_LT_10
G-IN4.00-P05.50-OUT05.50,0.5,1,,C/C,O/O,4.0,5.5,5.5,18.0,52.5,93.0,7.0,5.0,9.5,3.5,15.5,9.5,10.0,6.5,16.0,12.5,37.5,PASS_95X140X5_REFERENCE,12.0,135.5,141.5,290.0,-145.0|145.0,15.0,False,FAIL,BELT_NOMINAL_LT_14|BELT_RESIDUAL_LT_8|PULLEY_NOMINAL_LT_13_5|PULLEY_RESIDUAL_LT_10
G-IN4.00-P05.50-OUT06.00,0.5,1,,C/C,O/O,4.0,5.5,6.0,18.0,52.5,93.5,7.0,5.0,9.5,3.5,16.0,10.0,10.0,6.5,16.5,13.0,37.0,PASS_95X140X5_REFERENCE,12.0,135.5,141.5,290.0,-145.0|145.0,15.5,False,FAIL,BELT_NOMINAL_LT_14|BELT_RESIDUAL_LT_8|PULLEY_NOMINAL_LT_13_5|PULLEY_RESIDUAL_LT_10
G-IN4.00-P05.50-OUT06.50,0.5,1,,C/C,O/O,4.0,5.5,6.5,18.0,52.5,94.0,7.0,5.0,9.5,3.5,16.5,10.5,10.0,6.5,17.0,13.5,36.5,PASS_95X140X5_REFERENCE,12.0,135.5,141.5,290.0,-145.0|145.0,16.0,False,FAIL,BELT_NOMINAL_LT_14|BELT_RESIDUAL_LT_8|PULLEY_NOMINAL_LT_13_5|PULLEY_RESIDUAL_LT_10
G-IN4.00-P05.50-OUT07.00,0.5,1,,C/C,O/O,4.0,5.5,7.0,18.0,52.5,94.5,7.0,5.0,9.5,3.5,17.0,11.0,10.0,6.5,17.5,14.0,36.0,PASS_95X140X5_REFERENCE,12.0,135.5,141.5,290.0,-145.0|145.0,16.5,False,FAIL,BELT_NOMINAL_LT_14|BELT_RESIDUAL_LT_8|PULLEY_NOMINAL_LT_13_5|PULLEY_RESIDUAL_LT_10
G-IN4.00-P05.50-OUT07.50,0.5,1,,C/C,O/O,4.0,5.5,7.5,18.0,52.5,95.0,7.0,5.0,9.5,3.5,17.5,11.5,10.0,6.5,18.0,14.5,35.5,PASS_95X140X5_REFERENCE,12.0,135.5,141.5,290.0,-145.0|145.0,17.0,False,FAIL,BELT_NOMINAL_LT_14|BELT_RESIDUAL_LT_8|PULLEY_NOMINAL_LT_13_5|PULLEY_RESIDUAL_LT_10
G-IN4.00-P05.50-OUT08.00,0.5,1,,C/C,O/O,4.0,5.5,8.0,18.0,52.5,95.5,7.0,5.0,9.5,3.5,18.0,12.0,10.0,6.5,18.5,15.0,35.0,PASS_95X140X5_REFERENCE,12.0,135.5,141.5,290.0,-145.0|145.0,17.5,False,FAIL,BELT_NOMINAL_LT_14|BELT_RESIDUAL_LT_8|PULLEY_NOMINAL_LT_13_5|PULLEY_RESIDUAL_LT_10
G-IN4.00-P05.50-OUT08.50,0.5,1,,C/C,O/O,4.0,5.5,8.5,18.0,52.5,96.0,7.0,5.0,9.5,3.5,18.5,12.5,10.0,6.5,19.0,15.5,34.5,PASS_95X140X5_REFERENCE,12.0,135.5,141.5,290.0,-145.0|145.0,18.0,False,FAIL,BELT_NOMINAL_LT_14|BELT_RESIDUAL_LT_8|PULLEY_NOMINAL_LT_13_5|PULLEY_RESIDUAL_LT_10
G-IN4.00-P05.50-OUT09.00,0.5,1,,C/C,O/O,4.0,5.5,9.0,18.0,52.5,96.5,7.0,5.0,9.5,3.5,19.0,13.0,10.0,6.5,19.5,16.0,34.0,PASS_95X140X5_REFERENCE,12.0,135.5,141.5,290.0,-145.0|145.0,18.5,False,FAIL,BELT_NOMINAL_LT_14|BELT_RESIDUAL_LT_8|PULLEY_NOMINAL_LT_13_5|PULLEY_RESIDUAL_LT_10
G-IN4.00-P05.50-OUT09.50,0.5,1,,C/C,O/O,4.0,5.5,9.5,18.0,52.5,97.0,7.0,5.0,9.5,3.5,19.5,13.5,10.0,6.5,20.0,16.5,33.5,PASS_95X140X5_REFERENCE,12.0,135.5,141.5,290.0,-145.0|145.0,19.0,False,FAIL,BELT_NOMINAL_LT_14|BELT_RESIDUAL_LT_8|PULLEY_NOMINAL_LT_13_5|PULLEY_RESIDUAL_LT_10
G-IN4.00-P05.50-OUT10.00,0.5,1,,C/C,O/O,4.0,5.5,10.0,18.0,52.5,97.5,7.0,5.0,9.5,3.5,20.0,14.0,10.0,6.5,20.5,17.0,33.0,PASS_95X140X5_REFERENCE,12.0,135.5,141.5,290.0,-145.0|145.0,19.5,False,FAIL,BELT_NOMINAL_LT_14|BELT_RESIDUAL_LT_8|PULLEY_NOMINAL_LT_13_5|PULLEY_RESIDUAL_LT_10
G-IN4.00-P06.00-OUT03.00,0.5,1,,C/C,O/O,4.0,6.0,3.0,18.0,53.0,90.5,7.0,5.0,10.0,4.0,12.5,6.5,10.5,7.0,13.0,9.5,40.0,PASS_95X140X5_REFERENCE,12.0,135.5,141.5,290.0,-145.0|145.0,13.0,False,FAIL,BELT_NOMINAL_LT_14|BELT_RESIDUAL_LT_8|PULLEY_NOMINAL_LT_13_5|PULLEY_RESIDUAL_LT_10
G-IN4.00-P06.00-OUT03.50,0.5,1,,C/C,O/O,4.0,6.0,3.5,18.0,53.0,91.0,7.0,5.0,10.0,4.0,13.0,7.0,10.5,7.0,13.5,10.0,39.5,PASS_95X140X5_REFERENCE,12.0,135.5,141.5,290.0,-145.0|145.0,13.5,False,FAIL,BELT_NOMINAL_LT_14|BELT_RESIDUAL_LT_8|PULLEY_NOMINAL_LT_13_5|PULLEY_RESIDUAL_LT_10
G-IN4.00-P06.00-OUT04.00,0.5,1,,C/C,O/O,4.0,6.0,4.0,18.0,53.0,91.5,7.0,5.0,10.0,4.0,13.5,7.5,10.5,7.0,14.0,10.5,39.0,PASS_95X140X5_REFERENCE,12.0,135.5,141.5,290.0,-145.0|145.0,14.0,False,FAIL,BELT_NOMINAL_LT_14|BELT_RESIDUAL_LT_8|PULLEY_NOMINAL_LT_13_5|PULLEY_RESIDUAL_LT_10
G-IN4.00-P06.00-OUT04.50,0.5,1,,C/C,O/O,4.0,6.0,4.5,18.0,53.0,92.0,7.0,5.0,10.0,4.0,14.0,8.0,10.5,7.0,14.5,11.0,38.5,PASS_95X140X5_REFERENCE,12.0,135.5,141.5,290.0,-145.0|145.0,14.5,False,FAIL,BELT_NOMINAL_LT_14|BELT_RESIDUAL_LT_8|PULLEY_NOMINAL_LT_13_5|PULLEY_RESIDUAL_LT_10
G-IN4.00-P06.00-OUT05.00,0.5,1,,C/C,O/O,4.0,6.0,5.0,18.0,53.0,92.5,7.0,5.0,10.0,4.0,14.5,8.5,10.5,7.0,15.0,11.5,38.0,PASS_95X140X5_REFERENCE,12.0,135.5,141.5,290.0,-145.0|145.0,15.0,False,FAIL,BELT_NOMINAL_LT_14|BELT_RESIDUAL_LT_8|PULLEY_NOMINAL_LT_13_5|PULLEY_RESIDUAL_LT_10
G-IN4.00-P06.00-OUT05.50,0.5,1,,C/C,O/O,4.0,6.0,5.5,18.0,53.0,93.0,7.0,5.0,10.0,4.0,15.0,9.0,10.5,7.0,15.5,12.0,37.5,PASS_95X140X5_REFERENCE,12.0,135.5,141.5,290.0,-145.0|145.0,15.5,False,FAIL,BELT_NOMINAL_LT_14|BELT_RESIDUAL_LT_8|PULLEY_NOMINAL_LT_13_5|PULLEY_RESIDUAL_LT_10
G-IN4.00-P06.00-OUT06.00,0.5,1,,C/C,O/O,4.0,6.0,6.0,18.0,53.0,93.5,7.0,5.0,10.0,4.0,15.5,9.5,10.5,7.0,16.0,12.5,37.0,PASS_95X140X5_REFERENCE,12.0,135.5,141.5,290.0,-145.0|145.0,16.0,False,FAIL,BELT_NOMINAL_LT_14|BELT_RESIDUAL_LT_8|PULLEY_NOMINAL_LT_13_5|PULLEY_RESIDUAL_LT_10
G-IN4.00-P06.00-OUT06.50,0.5,1,,C/C,O/O,4.0,6.0,6.5,18.0,53.0,94.0,7.0,5.0,10.0,4.0,16.0,10.0,10.5,7.0,16.5,13.0,36.5,PASS_95X140X5_REFERENCE,12.0,135.5,141.5,290.0,-145.0|145.0,16.5,False,FAIL,BELT_NOMINAL_LT_14|BELT_RESIDUAL_LT_8|PULLEY_NOMINAL_LT_13_5|PULLEY_RESIDUAL_LT_10
G-IN4.00-P06.00-OUT07.00,0.5,1,,C/C,O/O,4.0,6.0,7.0,18.0,53.0,94.5,7.0,5.0,10.0,4.0,16.5,10.5,10.5,7.0,17.0,13.5,36.0,PASS_95X140X5_REFERENCE,12.0,135.5,141.5,290.0,-145.0|145.0,17.0,False,FAIL,BELT_NOMINAL_LT_14|BELT_RESIDUAL_LT_8|PULLEY_NOMINAL_LT_13_5|PULLEY_RESIDUAL_LT_10
G-IN4.00-P06.00-OUT07.50,0.5,1,,C/C,O/O,4.0,6.0,7.5,18.0,53.0,95.0,7.0,5.0,10.0,4.0,17.0,11.0,10.5,7.0,17.5,14.0,35.5,PASS_95X140X5_REFERENCE,12.0,135.5,141.5,290.0,-145.0|145.0,17.5,False,FAIL,BELT_NOMINAL_LT_14|BELT_RESIDUAL_LT_8|PULLEY_NOMINAL_LT_13_5|PULLEY_RESIDUAL_LT_10
G-IN4.00-P06.00-OUT08.00,0.5,1,,C/C,O/O,4.0,6.0,8.0,18.0,53.0,95.5,7.0,5.0,10.0,4.0,17.5,11.5,10.5,7.0,18.0,14.5,35.0,PASS_95X140X5_REFERENCE,12.0,135.5,141.5,290.0,-145.0|145.0,18.0,False,FAIL,BELT_NOMINAL_LT_14|BELT_RESIDUAL_LT_8|PULLEY_NOMINAL_LT_13_5|PULLEY_RESIDUAL_LT_10
G-IN4.00-P06.00-OUT08.50,0.5,1,,C/C,O/O,4.0,6.0,8.5,18.0,53.0,96.0,7.0,5.0,10.0,4.0,18.0,12.0,10.5,7.0,18.5,15.0,34.5,PASS_95X140X5_REFERENCE,12.0,135.5,141.5,290.0,-145.0|145.0,18.5,False,FAIL,BELT_NOMINAL_LT_14|BELT_RESIDUAL_LT_8|PULLEY_NOMINAL_LT_13_5|PULLEY_RESIDUAL_LT_10
G-IN4.00-P06.00-OUT09.00,0.5,1,,C/C,O/O,4.0,6.0,9.0,18.0,53.0,96.5,7.0,5.0,10.0,4.0,18.5,12.5,10.5,7.0,19.0,15.5,34.0,PASS_95X140X5_REFERENCE,12.0,135.5,141.5,290.0,-145.0|145.0,19.0,False,FAIL,BELT_NOMINAL_LT_14|BELT_RESIDUAL_LT_8|PULLEY_NOMINAL_LT_13_5|PULLEY_RESIDUAL_LT_10
G-IN4.00-P06.00-OUT09.50,0.5,1,,C/C,O/O,4.0,6.0,9.5,18.0,53.0,97.0,7.0,5.0,10.0,4.0,19.0,13.0,10.5,7.0,19.5,16.0,33.5,PASS_95X140X5_REFERENCE,12.0,135.5,141.5,290.0,-145.0|145.0,19.5,False,FAIL,BELT_NOMINAL_LT_14|BELT_RESIDUAL_LT_8|PULLEY_NOMINAL_LT_13_5|PULLEY_RESIDUAL_LT_10
G-IN4.00-P06.00-OUT10.00,0.5,1,,C/C,O/O,4.0,6.0,10.0,18.0,53.0,97.5,7.0,5.0,10.0,4.0,19.5,13.5,10.5,7.0,20.0,16.5,33.0,PASS_95X140X5_REFERENCE,12.0,135.5,141.5,290.0,-145.0|145.0,20.0,False,FAIL,BELT_NOMINAL_LT_14|BELT_RESIDUAL_LT_8|PULLEY_NOMINAL_LT_13_5|PULLEY_RESIDUAL_LT_10
G-IN4.00-P06.50-OUT03.00,0.5,1,,C/C,O/O,4.0,6.5,3.0,18.0,53.5,90.5,7.0,5.0,10.5,4.5,12.0,6.0,11.0,7.5,12.5,9.0,40.0,PASS_95X140X5_REFERENCE,12.0,135.5,141.5,290.0,-145.0|145.0,13.5,False,FAIL,BELT_NOMINAL_LT_14|BELT_RESIDUAL_LT_8|PULLEY_NOMINAL_LT_13_5|PULLEY_RESIDUAL_LT_10
G-IN4.00-P06.50-OUT03.50,0.5,1,,C/C,O/O,4.0,6.5,3.5,18.0,53.5,91.0,7.0,5.0,10.5,4.5,12.5,6.5,11.0,7.5,13.0,9.5,39.5,PASS_95X140X5_REFERENCE,12.0,135.5,141.5,290.0,-145.0|145.0,14.0,False,FAIL,BELT_NOMINAL_LT_14|BELT_RESIDUAL_LT_8|PULLEY_NOMINAL_LT_13_5|PULLEY_RESIDUAL_LT_10
G-IN4.00-P06.50-OUT04.00,0.5,1,,C/C,O/O,4.0,6.5,4.0,18.0,53.5,91.5,7.0,5.0,10.5,4.5,13.0,7.0,11.0,7.5,13.5,10.0,39.0,PASS_95X140X5_REFERENCE,12.0,135.5,141.5,290.0,-145.0|145.0,14.5,False,FAIL,BELT_NOMINAL_LT_14|BELT_RESIDUAL_LT_8|PULLEY_NOMINAL_LT_13_5|PULLEY_RESIDUAL_LT_10
G-IN4.00-P06.50-OUT04.50,0.5,1,,C/C,O/O,4.0,6.5,4.5,18.0,53.5,92.0,7.0,5.0,10.5,4.5,13.5,7.5,11.0,7.5,14.0,10.5,38.5,PASS_95X140X5_REFERENCE,12.0,135.5,141.5,290.0,-145.0|145.0,15.0,False,FAIL,BELT_NOMINAL_LT_14|BELT_RESIDUAL_LT_8|PULLEY_NOMINAL_LT_13_5|PULLEY_RESIDUAL_LT_10
G-IN4.00-P06.50-OUT05.00,0.5,1,,C/C,O/O,4.0,6.5,5.0,18.0,53.5,92.5,7.0,5.0,10.5,4.5,14.0,8.0,11.0,7.5,14.5,11.0,38.0,PASS_95X140X5_REFERENCE,12.0,135.5,141.5,290.0,-145.0|145.0,15.5,False,FAIL,BELT_NOMINAL_LT_14|BELT_RESIDUAL_LT_8|PULLEY_NOMINAL_LT_13_5|PULLEY_RESIDUAL_LT_10
G-IN4.00-P06.50-OUT05.50,0.5,1,,C/C,O/O,4.0,6.5,5.5,18.0,53.5,93.0,7.0,5.0,10.5,4.5,14.5,8.5,11.0,7.5,15.0,11.5,37.5,PASS_95X140X5_REFERENCE,12.0,135.5,141.5,290.0,-145.0|145.0,16.0,False,FAIL,BELT_NOMINAL_LT_14|BELT_RESIDUAL_LT_8|PULLEY_NOMINAL_LT_13_5|PULLEY_RESIDUAL_LT_10
G-IN4.00-P06.50-OUT06.00,0.5,1,,C/C,O/O,4.0,6.5,6.0,18.0,53.5,93.5,7.0,5.0,10.5,4.5,15.0,9.0,11.0,7.5,15.5,12.0,37.0,PASS_95X140X5_REFERENCE,12.0,135.5,141.5,290.0,-145.0|145.0,16.5,False,FAIL,BELT_NOMINAL_LT_14|BELT_RESIDUAL_LT_8|PULLEY_NOMINAL_LT_13_5|PULLEY_RESIDUAL_LT_10
G-IN4.00-P06.50-OUT06.50,0.5,1,,C/C,O/O,4.0,6.5,6.5,18.0,53.5,94.0,7.0,5.0,10.5,4.5,15.5,9.5,11.0,7.5,16.0,12.5,36.5,PASS_95X140X5_REFERENCE,12.0,135.5,141.5,290.0,-145.0|145.0,17.0,False,FAIL,BELT_NOMINAL_LT_14|BELT_RESIDUAL_LT_8|PULLEY_NOMINAL_LT_13_5|PULLEY_RESIDUAL_LT_10
G-IN4.00-P06.50-OUT07.00,0.5,1,,C/C,O/O,4.0,6.5,7.0,18.0,53.5,94.5,7.0,5.0,10.5,4.5,16.0,10.0,11.0,7.5,16.5,13.0,36.0,PASS_95X140X5_REFERENCE,12.0,135.5,141.5,290.0,-145.0|145.0,17.5,False,FAIL,BELT_NOMINAL_LT_14|BELT_RESIDUAL_LT_8|PULLEY_NOMINAL_LT_13_5|PULLEY_RESIDUAL_LT_10
G-IN4.00-P06.50-OUT07.50,0.5,1,,C/C,O/O,4.0,6.5,7.5,18.0,53.5,95.0,7.0,5.0,10.5,4.5,16.5,10.5,11.0,7.5,17.0,13.5,35.5,PASS_95X140X5_REFERENCE,12.0,135.5,141.5,290.0,-145.0|145.0,18.0,False,FAIL,BELT_NOMINAL_LT_14|BELT_RESIDUAL_LT_8|PULLEY_NOMINAL_LT_13_5|PULLEY_RESIDUAL_LT_10
G-IN4.00-P06.50-OUT08.00,0.5,1,,C/C,O/O,4.0,6.5,8.0,18.0,53.5,95.5,7.0,5.0,10.5,4.5,17.0,11.0,11.0,7.5,17.5,14.0,35.0,PASS_95X140X5_REFERENCE,12.0,135.5,141.5,290.0,-145.0|145.0,18.5,False,FAIL,BELT_NOMINAL_LT_14|BELT_RESIDUAL_LT_8|PULLEY_NOMINAL_LT_13_5|PULLEY_RESIDUAL_LT_10
G-IN4.00-P06.50-OUT08.50,0.5,1,,C/C,O/O,4.0,6.5,8.5,18.0,53.5,96.0,7.0,5.0,10.5,4.5,17.5,11.5,11.0,7.5,18.0,14.5,34.5,PASS_95X140X5_REFERENCE,12.0,135.5,141.5,290.0,-145.0|145.0,19.0,False,FAIL,BELT_NOMINAL_LT_14|BELT_RESIDUAL_LT_8|PULLEY_NOMINAL_LT_13_5|PULLEY_RESIDUAL_LT_10
G-IN4.00-P06.50-OUT09.00,0.5,1,,C/C,O/O,4.0,6.5,9.0,18.0,53.5,96.5,7.0,5.0,10.5,4.5,18.0,12.0,11.0,7.5,18.5,15.0,34.0,PASS_95X140X5_REFERENCE,12.0,135.5,141.5,290.0,-145.0|145.0,19.5,False,FAIL,BELT_NOMINAL_LT_14|BELT_RESIDUAL_LT_8|PULLEY_NOMINAL_LT_13_5|PULLEY_RESIDUAL_LT_10
G-IN4.00-P06.50-OUT09.50,0.5,1,,C/C,O/O,4.0,6.5,9.5,18.0,53.5,97.0,7.0,5.0,10.5,4.5,18.5,12.5,11.0,7.5,19.0,15.5,33.5,PASS_95X140X5_REFERENCE,12.0,135.5,141.5,290.0,-145.0|145.0,20.0,False,FAIL,BELT_NOMINAL_LT_14|BELT_RESIDUAL_LT_8|PULLEY_NOMINAL_LT_13_5|PULLEY_RESIDUAL_LT_10
G-IN4.00-P06.50-OUT10.00,0.5,1,,C/C,O/O,4.0,6.5,10.0,18.0,53.5,97.5,7.0,5.0,10.5,4.5,19.0,13.0,11.0,7.5,19.5,16.0,33.0,PASS_95X140X5_REFERENCE,12.0,135.5,141.5,290.0,-145.0|145.0,20.5,False,FAIL,BELT_NOMINAL_LT_14|BELT_RESIDUAL_LT_8|PULLEY_NOMINAL_LT_13_5|PULLEY_RESIDUAL_LT_10
G-IN4.00-P07.00-OUT03.00,0.5,1,,C/C,O/O,4.0,7.0,3.0,18.0,54.0,90.5,7.0,5.0,11.0,5.0,11.5,5.5,11.5,8.0,12.0,8.5,40.0,PASS_95X140X5_REFERENCE,12.0,135.5,141.5,290.0,-145.0|145.0,14.0,False,FAIL,BELT_NOMINAL_LT_14|BELT_RESIDUAL_LT_8|PULLEY_NOMINAL_LT_13_5|PULLEY_RESIDUAL_LT_10
G-IN4.00-P07.00-OUT03.50,0.5,1,,C/C,O/O,4.0,7.0,3.5,18.0,54.0,91.0,7.0,5.0,11.0,5.0,12.0,6.0,11.5,8.0,12.5,9.0,39.5,PASS_95X140X5_REFERENCE,12.0,135.5,141.5,290.0,-145.0|145.0,14.5,False,FAIL,BELT_NOMINAL_LT_14|BELT_RESIDUAL_LT_8|PULLEY_NOMINAL_LT_13_5|PULLEY_RESIDUAL_LT_10
G-IN4.00-P07.00-OUT04.00,0.5,1,,C/C,O/O,4.0,7.0,4.0,18.0,54.0,91.5,7.0,5.0,11.0,5.0,12.5,6.5,11.5,8.0,13.0,9.5,39.0,PASS_95X140X5_REFERENCE,12.0,135.5,141.5,290.0,-145.0|145.0,15.0,False,FAIL,BELT_NOMINAL_LT_14|BELT_RESIDUAL_LT_8|PULLEY_NOMINAL_LT_13_5|PULLEY_RESIDUAL_LT_10
G-IN4.00-P07.00-OUT04.50,0.5,1,,C/C,O/O,4.0,7.0,4.5,18.0,54.0,92.0,7.0,5.0,11.0,5.0,13.0,7.0,11.5,8.0,13.5,10.0,38.5,PASS_95X140X5_REFERENCE,12.0,135.5,141.5,290.0,-145.0|145.0,15.5,False,FAIL,BELT_NOMINAL_LT_14|BELT_RESIDUAL_LT_8|PULLEY_NOMINAL_LT_13_5|PULLEY_RESIDUAL_LT_10
G-IN4.00-P07.00-OUT05.00,0.5,1,,C/C,O/O,4.0,7.0,5.0,18.0,54.0,92.5,7.0,5.0,11.0,5.0,13.5,7.5,11.5,8.0,14.0,10.5,38.0,PASS_95X140X5_REFERENCE,12.0,135.5,141.5,290.0,-145.0|145.0,16.0,False,FAIL,BELT_NOMINAL_LT_14|BELT_RESIDUAL_LT_8|PULLEY_NOMINAL_LT_13_5|PULLEY_RESIDUAL_LT_10
G-IN4.00-P07.00-OUT05.50,0.5,1,,C/C,O/O,4.0,7.0,5.5,18.0,54.0,93.0,7.0,5.0,11.0,5.0,14.0,8.0,11.5,8.0,14.5,11.0,37.5,PASS_95X140X5_REFERENCE,12.0,135.5,141.5,290.0,-145.0|145.0,16.5,False,FAIL,BELT_NOMINAL_LT_14|BELT_RESIDUAL_LT_8|PULLEY_NOMINAL_LT_13_5|PULLEY_RESIDUAL_LT_10
G-IN4.00-P07.00-OUT06.00,0.5,1,,C/C,O/O,4.0,7.0,6.0,18.0,54.0,93.5,7.0,5.0,11.0,5.0,14.5,8.5,11.5,8.0,15.0,11.5,37.0,PASS_95X140X5_REFERENCE,12.0,135.5,141.5,290.0,-145.0|145.0,17.0,False,FAIL,BELT_NOMINAL_LT_14|BELT_RESIDUAL_LT_8|PULLEY_NOMINAL_LT_13_5|PULLEY_RESIDUAL_LT_10
G-IN4.00-P07.00-OUT06.50,0.5,1,,C/C,O/O,4.0,7.0,6.5,18.0,54.0,94.0,7.0,5.0,11.0,5.0,15.0,9.0,11.5,8.0,15.5,12.0,36.5,PASS_95X140X5_REFERENCE,12.0,135.5,141.5,290.0,-145.0|145.0,17.5,False,FAIL,BELT_NOMINAL_LT_14|BELT_RESIDUAL_LT_8|PULLEY_NOMINAL_LT_13_5|PULLEY_RESIDUAL_LT_10
G-IN4.00-P07.00-OUT07.00,0.5,1,,C/C,O/O,4.0,7.0,7.0,18.0,54.0,94.5,7.0,5.0,11.0,5.0,15.5,9.5,11.5,8.0,16.0,12.5,36.0,PASS_95X140X5_REFERENCE,12.0,135.5,141.5,290.0,-145.0|145.0,18.0,False,FAIL,BELT_NOMINAL_LT_14|BELT_RESIDUAL_LT_8|PULLEY_NOMINAL_LT_13_5|PULLEY_RESIDUAL_LT_10
G-IN4.00-P07.00-OUT07.50,0.5,1,,C/C,O/O,4.0,7.0,7.5,18.0,54.0,95.0,7.0,5.0,11.0,5.0,16.0,10.0,11.5,8.0,16.5,13.0,35.5,PASS_95X140X5_REFERENCE,12.0,135.5,141.5,290.0,-145.0|145.0,18.5,False,FAIL,BELT_NOMINAL_LT_14|BELT_RESIDUAL_LT_8|PULLEY_NOMINAL_LT_13_5|PULLEY_RESIDUAL_LT_10
G-IN4.00-P07.00-OUT08.00,0.5,1,,C/C,O/O,4.0,7.0,8.0,18.0,54.0,95.5,7.0,5.0,11.0,5.0,16.5,10.5,11.5,8.0,17.0,13.5,35.0,PASS_95X140X5_REFERENCE,12.0,135.5,141.5,290.0,-145.0|145.0,19.0,False,FAIL,BELT_NOMINAL_LT_14|BELT_RESIDUAL_LT_8|PULLEY_NOMINAL_LT_13_5|PULLEY_RESIDUAL_LT_10
G-IN4.00-P07.00-OUT08.50,0.5,1,,C/C,O/O,4.0,7.0,8.5,18.0,54.0,96.0,7.0,5.0,11.0,5.0,17.0,11.0,11.5,8.0,17.5,14.0,34.5,PASS_95X140X5_REFERENCE,12.0,135.5,141.5,290.0,-145.0|145.0,19.5,False,FAIL,BELT_NOMINAL_LT_14|BELT_RESIDUAL_LT_8|PULLEY_NOMINAL_LT_13_5|PULLEY_RESIDUAL_LT_10
G-IN4.00-P07.00-OUT09.00,0.5,1,,C/C,O/O,4.0,7.0,9.0,18.0,54.0,96.5,7.0,5.0,11.0,5.0,17.5,11.5,11.5,8.0,18.0,14.5,34.0,PASS_95X140X5_REFERENCE,12.0,135.5,141.5,290.0,-145.0|145.0,20.0,False,FAIL,BELT_NOMINAL_LT_14|BELT_RESIDUAL_LT_8|PULLEY_NOMINAL_LT_13_5|PULLEY_RESIDUAL_LT_10
G-IN4.00-P07.00-OUT09.50,0.5,1,,C/C,O/O,4.0,7.0,9.5,18.0,54.0,97.0,7.0,5.0,11.0,5.0,18.0,12.0,11.5,8.0,18.5,15.0,33.5,PASS_95X140X5_REFERENCE,12.0,135.5,141.5,290.0,-145.0|145.0,20.5,False,FAIL,BELT_NOMINAL_LT_14|BELT_RESIDUAL_LT_8|PULLEY_NOMINAL_LT_13_5|PULLEY_RESIDUAL_LT_10
G-IN4.00-P07.00-OUT10.00,0.5,1,,C/C,O/O,4.0,7.0,10.0,18.0,54.0,97.5,7.0,5.0,11.0,5.0,18.5,12.5,11.5,8.0,19.0,15.5,33.0,PASS_95X140X5_REFERENCE,12.0,135.5,141.5,290.0,-145.0|145.0,21.0,False,FAIL,BELT_NOMINAL_LT_14|BELT_RESIDUAL_LT_8|PULLEY_NOMINAL_LT_13_5|PULLEY_RESIDUAL_LT_10
G-IN4.00-P07.50-OUT03.00,0.5,1,,C/C,O/O,4.0,7.5,3.0,18.0,54.5,90.5,7.0,5.0,11.5,5.5,11.0,5.0,12.0,8.5,11.5,8.0,40.0,PASS_95X140X5_REFERENCE,12.0,135.5,141.5,290.0,-145.0|145.0,14.5,False,FAIL,BELT_NOMINAL_LT_14|BELT_RESIDUAL_LT_8|PULLEY_NOMINAL_LT_13_5|PULLEY_RESIDUAL_LT_10
G-IN4.00-P07.50-OUT03.50,0.5,1,,C/C,O/O,4.0,7.5,3.5,18.0,54.5,91.0,7.0,5.0,11.5,5.5,11.5,5.5,12.0,8.5,12.0,8.5,39.5,PASS_95X140X5_REFERENCE,12.0,135.5,141.5,290.0,-145.0|145.0,15.0,False,FAIL,BELT_NOMINAL_LT_14|BELT_RESIDUAL_LT_8|PULLEY_NOMINAL_LT_13_5|PULLEY_RESIDUAL_LT_10
G-IN4.00-P07.50-OUT04.00,0.5,1,,C/C,O/O,4.0,7.5,4.0,18.0,54.5,91.5,7.0,5.0,11.5,5.5,12.0,6.0,12.0,8.5,12.5,9.0,39.0,PASS_95X140X5_REFERENCE,12.0,135.5,141.5,290.0,-145.0|145.0,15.5,False,FAIL,BELT_NOMINAL_LT_14|BELT_RESIDUAL_LT_8|PULLEY_NOMINAL_LT_13_5|PULLEY_RESIDUAL_LT_10
G-IN4.00-P07.50-OUT04.50,0.5,1,,C/C,O/O,4.0,7.5,4.5,18.0,54.5,92.0,7.0,5.0,11.5,5.5,12.5,6.5,12.0,8.5,13.0,9.5,38.5,PASS_95X140X5_REFERENCE,12.0,135.5,141.5,290.0,-145.0|145.0,16.0,False,FAIL,BELT_NOMINAL_LT_14|BELT_RESIDUAL_LT_8|PULLEY_NOMINAL_LT_13_5|PULLEY_RESIDUAL_LT_10
G-IN4.00-P07.50-OUT05.00,0.5,1,,C/C,O/O,4.0,7.5,5.0,18.0,54.5,92.5,7.0,5.0,11.5,5.5,13.0,7.0,12.0,8.5,13.5,10.0,38.0,PASS_95X140X5_REFERENCE,12.0,135.5,141.5,290.0,-145.0|145.0,16.5,False,FAIL,BELT_NOMINAL_LT_14|BELT_RESIDUAL_LT_8|PULLEY_NOMINAL_LT_13_5|PULLEY_RESIDUAL_LT_10
G-IN4.00-P07.50-OUT05.50,0.5,1,,C/C,O/O,4.0,7.5,5.5,18.0,54.5,93.0,7.0,5.0,11.5,5.5,13.5,7.5,12.0,8.5,14.0,10.5,37.5,PASS_95X140X5_REFERENCE,12.0,135.5,141.5,290.0,-145.0|145.0,17.0,False,FAIL,BELT_NOMINAL_LT_14|BELT_RESIDUAL_LT_8|PULLEY_NOMINAL_LT_13_5|PULLEY_RESIDUAL_LT_10
G-IN4.00-P07.50-OUT06.00,0.5,1,,C/C,O/O,4.0,7.5,6.0,18.0,54.5,93.5,7.0,5.0,11.5,5.5,14.0,8.0,12.0,8.5,14.5,11.0,37.0,PASS_95X140X5_REFERENCE,12.0,135.5,141.5,290.0,-145.0|145.0,17.5,False,FAIL,BELT_NOMINAL_LT_14|BELT_RESIDUAL_LT_8|PULLEY_NOMINAL_LT_13_5|PULLEY_RESIDUAL_LT_10
G-IN4.00-P07.50-OUT06.50,0.5,1,,C/C,O/O,4.0,7.5,6.5,18.0,54.5,94.0,7.0,5.0,11.5,5.5,14.5,8.5,12.0,8.5,15.0,11.5,36.5,PASS_95X140X5_REFERENCE,12.0,135.5,141.5,290.0,-145.0|145.0,18.0,False,FAIL,BELT_NOMINAL_LT_14|BELT_RESIDUAL_LT_8|PULLEY_NOMINAL_LT_13_5|PULLEY_RESIDUAL_LT_10
G-IN4.00-P07.50-OUT07.00,0.5,1,,C/C,O/O,4.0,7.5,7.0,18.0,54.5,94.5,7.0,5.0,11.5,5.5,15.0,9.0,12.0,8.5,15.5,12.0,36.0,PASS_95X140X5_REFERENCE,12.0,135.5,141.5,290.0,-145.0|145.0,18.5,False,FAIL,BELT_NOMINAL_LT_14|BELT_RESIDUAL_LT_8|PULLEY_NOMINAL_LT_13_5|PULLEY_RESIDUAL_LT_10
G-IN4.00-P07.50-OUT07.50,0.5,1,,C/C,O/O,4.0,7.5,7.5,18.0,54.5,95.0,7.0,5.0,11.5,5.5,15.5,9.5,12.0,8.5,16.0,12.5,35.5,PASS_95X140X5_REFERENCE,12.0,135.5,141.5,290.0,-145.0|145.0,19.0,False,FAIL,BELT_NOMINAL_LT_14|BELT_RESIDUAL_LT_8|PULLEY_NOMINAL_LT_13_5|PULLEY_RESIDUAL_LT_10
G-IN4.00-P07.50-OUT08.00,0.5,1,,C/C,O/O,4.0,7.5,8.0,18.0,54.5,95.5,7.0,5.0,11.5,5.5,16.0,10.0,12.0,8.5,16.5,13.0,35.0,PASS_95X140X5_REFERENCE,12.0,135.5,141.5,290.0,-145.0|145.0,19.5,False,FAIL,BELT_NOMINAL_LT_14|BELT_RESIDUAL_LT_8|PULLEY_NOMINAL_LT_13_5|PULLEY_RESIDUAL_LT_10
G-IN4.00-P07.50-OUT08.50,0.5,1,,C/C,O/O,4.0,7.5,8.5,18.0,54.5,96.0,7.0,5.0,11.5,5.5,16.5,10.5,12.0,8.5,17.0,13.5,34.5,PASS_95X140X5_REFERENCE,12.0,135.5,141.5,290.0,-145.0|145.0,20.0,False,FAIL,BELT_NOMINAL_LT_14|BELT_RESIDUAL_LT_8|PULLEY_NOMINAL_LT_13_5|PULLEY_RESIDUAL_LT_10
G-IN4.00-P07.50-OUT09.00,0.5,1,,C/C,O/O,4.0,7.5,9.0,18.0,54.5,96.5,7.0,5.0,11.5,5.5,17.0,11.0,12.0,8.5,17.5,14.0,34.0,PASS_95X140X5_REFERENCE,12.0,135.5,141.5,290.0,-145.0|145.0,20.5,False,FAIL,BELT_NOMINAL_LT_14|BELT_RESIDUAL_LT_8|PULLEY_NOMINAL_LT_13_5|PULLEY_RESIDUAL_LT_10
G-IN4.00-P07.50-OUT09.50,0.5,1,,C/C,O/O,4.0,7.5,9.5,18.0,54.5,97.0,7.0,5.0,11.5,5.5,17.5,11.5,12.0,8.5,18.0,14.5,33.5,PASS_95X140X5_REFERENCE,12.0,135.5,141.5,290.0,-145.0|145.0,21.0,False,FAIL,BELT_NOMINAL_LT_14|BELT_RESIDUAL_LT_8|PULLEY_NOMINAL_LT_13_5|PULLEY_RESIDUAL_LT_10
G-IN4.00-P07.50-OUT10.00,0.5,1,,C/C,O/O,4.0,7.5,10.0,18.0,54.5,97.5,7.0,5.0,11.5,5.5,18.0,12.0,12.0,8.5,18.5,15.0,33.0,PASS_95X140X5_REFERENCE,12.0,135.5,141.5,290.0,-145.0|145.0,21.5,False,FAIL,BELT_NOMINAL_LT_14|BELT_RESIDUAL_LT_8|PULLEY_NOMINAL_LT_13_5|PULLEY_RESIDUAL_LT_10
G-IN4.00-P08.00-OUT03.00,0.5,1,,C/C,O/O,4.0,8.0,3.0,18.0,55.0,90.5,7.0,5.0,12.0,6.0,10.5,4.5,12.5,9.0,11.0,7.5,40.0,PASS_95X140X5_REFERENCE,12.0,135.5,141.5,290.0,-145.0|145.0,15.0,False,FAIL,BELT_NOMINAL_LT_14|BELT_RESIDUAL_LT_8|PULLEY_NOMINAL_LT_13_5|PULLEY_RESIDUAL_LT_10
G-IN4.00-P08.00-OUT03.50,0.5,1,,C/C,O/O,4.0,8.0,3.5,18.0,55.0,91.0,7.0,5.0,12.0,6.0,11.0,5.0,12.5,9.0,11.5,8.0,39.5,PASS_95X140X5_REFERENCE,12.0,135.5,141.5,290.0,-145.0|145.0,15.5,False,FAIL,BELT_NOMINAL_LT_14|BELT_RESIDUAL_LT_8|PULLEY_NOMINAL_LT_13_5|PULLEY_RESIDUAL_LT_10
G-IN4.00-P08.00-OUT04.00,0.5,1,,C/C,O/O,4.0,8.0,4.0,18.0,55.0,91.5,7.0,5.0,12.0,6.0,11.5,5.5,12.5,9.0,12.0,8.5,39.0,PASS_95X140X5_REFERENCE,12.0,135.5,141.5,290.0,-145.0|145.0,16.0,False,FAIL,BELT_NOMINAL_LT_14|BELT_RESIDUAL_LT_8|PULLEY_NOMINAL_LT_13_5|PULLEY_RESIDUAL_LT_10
G-IN4.00-P08.00-OUT04.50,0.5,1,,C/C,O/O,4.0,8.0,4.5,18.0,55.0,92.0,7.0,5.0,12.0,6.0,12.0,6.0,12.5,9.0,12.5,9.0,38.5,PASS_95X140X5_REFERENCE,12.0,135.5,141.5,290.0,-145.0|145.0,16.5,False,FAIL,BELT_NOMINAL_LT_14|BELT_RESIDUAL_LT_8|PULLEY_NOMINAL_LT_13_5|PULLEY_RESIDUAL_LT_10
G-IN4.00-P08.00-OUT05.00,0.5,1,,C/C,O/O,4.0,8.0,5.0,18.0,55.0,92.5,7.0,5.0,12.0,6.0,12.5,6.5,12.5,9.0,13.0,9.5,38.0,PASS_95X140X5_REFERENCE,12.0,135.5,141.5,290.0,-145.0|145.0,17.0,False,FAIL,BELT_NOMINAL_LT_14|BELT_RESIDUAL_LT_8|PULLEY_NOMINAL_LT_13_5|PULLEY_RESIDUAL_LT_10
G-IN4.00-P08.00-OUT05.50,0.5,1,,C/C,O/O,4.0,8.0,5.5,18.0,55.0,93.0,7.0,5.0,12.0,6.0,13.0,7.0,12.5,9.0,13.5,10.0,37.5,PASS_95X140X5_REFERENCE,12.0,135.5,141.5,290.0,-145.0|145.0,17.5,False,FAIL,BELT_NOMINAL_LT_14|BELT_RESIDUAL_LT_8|PULLEY_NOMINAL_LT_13_5|PULLEY_RESIDUAL_LT_10
G-IN4.00-P08.00-OUT06.00,0.5,1,,C/C,O/O,4.0,8.0,6.0,18.0,55.0,93.5,7.0,5.0,12.0,6.0,13.5,7.5,12.5,9.0,14.0,10.5,37.0,PASS_95X140X5_REFERENCE,12.0,135.5,141.5,290.0,-145.0|145.0,18.0,False,FAIL,BELT_NOMINAL_LT_14|BELT_RESIDUAL_LT_8|PULLEY_NOMINAL_LT_13_5|PULLEY_RESIDUAL_LT_10
G-IN4.00-P08.00-OUT06.50,0.5,1,,C/C,O/O,4.0,8.0,6.5,18.0,55.0,94.0,7.0,5.0,12.0,6.0,14.0,8.0,12.5,9.0,14.5,11.0,36.5,PASS_95X140X5_REFERENCE,12.0,135.5,141.5,290.0,-145.0|145.0,18.5,False,FAIL,BELT_NOMINAL_LT_14|BELT_RESIDUAL_LT_8|PULLEY_NOMINAL_LT_13_5|PULLEY_RESIDUAL_LT_10
G-IN4.00-P08.00-OUT07.00,0.5,1,,C/C,O/O,4.0,8.0,7.0,18.0,55.0,94.5,7.0,5.0,12.0,6.0,14.5,8.5,12.5,9.0,15.0,11.5,36.0,PASS_95X140X5_REFERENCE,12.0,135.5,141.5,290.0,-145.0|145.0,19.0,False,FAIL,BELT_NOMINAL_LT_14|BELT_RESIDUAL_LT_8|PULLEY_NOMINAL_LT_13_5|PULLEY_RESIDUAL_LT_10
G-IN4.00-P08.00-OUT07.50,0.5,1,,C/C,O/O,4.0,8.0,7.5,18.0,55.0,95.0,7.0,5.0,12.0,6.0,15.0,9.0,12.5,9.0,15.5,12.0,35.5,PASS_95X140X5_REFERENCE,12.0,135.5,141.5,290.0,-145.0|145.0,19.5,False,FAIL,BELT_NOMINAL_LT_14|BELT_RESIDUAL_LT_8|PULLEY_NOMINAL_LT_13_5|PULLEY_RESIDUAL_LT_10
G-IN4.00-P08.00-OUT08.00,0.5,1,,C/C,O/O,4.0,8.0,8.0,18.0,55.0,95.5,7.0,5.0,12.0,6.0,15.5,9.5,12.5,9.0,16.0,12.5,35.0,PASS_95X140X5_REFERENCE,12.0,135.5,141.5,290.0,-145.0|145.0,20.0,False,FAIL,BELT_NOMINAL_LT_14|BELT_RESIDUAL_LT_8|PULLEY_NOMINAL_LT_13_5|PULLEY_RESIDUAL_LT_10
G-IN4.00-P08.00-OUT08.50,0.5,1,,C/C,O/O,4.0,8.0,8.5,18.0,55.0,96.0,7.0,5.0,12.0,6.0,16.0,10.0,12.5,9.0,16.5,13.0,34.5,PASS_95X140X5_REFERENCE,12.0,135.5,141.5,290.0,-145.0|145.0,20.5,False,FAIL,BELT_NOMINAL_LT_14|BELT_RESIDUAL_LT_8|PULLEY_NOMINAL_LT_13_5|PULLEY_RESIDUAL_LT_10
G-IN4.00-P08.00-OUT09.00,0.5,1,,C/C,O/O,4.0,8.0,9.0,18.0,55.0,96.5,7.0,5.0,12.0,6.0,16.5,10.5,12.5,9.0,17.0,13.5,34.0,PASS_95X140X5_REFERENCE,12.0,135.5,141.5,290.0,-145.0|145.0,21.0,False,FAIL,BELT_NOMINAL_LT_14|BELT_RESIDUAL_LT_8|PULLEY_NOMINAL_LT_13_5|PULLEY_RESIDUAL_LT_10
G-IN4.00-P08.00-OUT09.50,0.5,1,,C/C,O/O,4.0,8.0,9.5,18.0,55.0,97.0,7.0,5.0,12.0,6.0,17.0,11.0,12.5,9.0,17.5,14.0,33.5,PASS_95X140X5_REFERENCE,12.0,135.5,141.5,290.0,-145.0|145.0,21.5,False,FAIL,BELT_NOMINAL_LT_14|BELT_RESIDUAL_LT_8|PULLEY_NOMINAL_LT_13_5|PULLEY_RESIDUAL_LT_10
G-IN4.00-P08.00-OUT10.00,0.5,1,,C/C,O/O,4.0,8.0,10.0,18.0,55.0,97.5,7.0,5.0,12.0,6.0,17.5,11.5,12.5,9.0,18.0,14.5,33.0,PASS_95X140X5_REFERENCE,12.0,135.5,141.5,290.0,-145.0|145.0,22.0,False,FAIL,BELT_NOMINAL_LT_14|BELT_RESIDUAL_LT_8|PULLEY_NOMINAL_LT_13_5|PULLEY_RESIDUAL_LT_10
G-IN4.00-P08.50-OUT03.00,0.5,1,,C/C,O/O,4.0,8.5,3.0,18.0,55.5,90.5,7.0,5.0,12.5,6.5,10.0,4.0,13.0,9.5,10.5,7.0,40.0,PASS_95X140X5_REFERENCE,12.0,135.5,141.5,290.0,-145.0|145.0,15.5,False,FAIL,BELT_NOMINAL_LT_14|BELT_RESIDUAL_LT_8|PULLEY_NOMINAL_LT_13_5|PULLEY_RESIDUAL_LT_10
G-IN4.00-P08.50-OUT03.50,0.5,1,,C/C,O/O,4.0,8.5,3.5,18.0,55.5,91.0,7.0,5.0,12.5,6.5,10.5,4.5,13.0,9.5,11.0,7.5,39.5,PASS_95X140X5_REFERENCE,12.0,135.5,141.5,290.0,-145.0|145.0,16.0,False,FAIL,BELT_NOMINAL_LT_14|BELT_RESIDUAL_LT_8|PULLEY_NOMINAL_LT_13_5|PULLEY_RESIDUAL_LT_10
G-IN4.00-P08.50-OUT04.00,0.5,1,,C/C,O/O,4.0,8.5,4.0,18.0,55.5,91.5,7.0,5.0,12.5,6.5,11.0,5.0,13.0,9.5,11.5,8.0,39.0,PASS_95X140X5_REFERENCE,12.0,135.5,141.5,290.0,-145.0|145.0,16.5,False,FAIL,BELT_NOMINAL_LT_14|BELT_RESIDUAL_LT_8|PULLEY_NOMINAL_LT_13_5|PULLEY_RESIDUAL_LT_10
G-IN4.00-P08.50-OUT04.50,0.5,1,,C/C,O/O,4.0,8.5,4.5,18.0,55.5,92.0,7.0,5.0,12.5,6.5,11.5,5.5,13.0,9.5,12.0,8.5,38.5,PASS_95X140X5_REFERENCE,12.0,135.5,141.5,290.0,-145.0|145.0,17.0,False,FAIL,BELT_NOMINAL_LT_14|BELT_RESIDUAL_LT_8|PULLEY_NOMINAL_LT_13_5|PULLEY_RESIDUAL_LT_10
G-IN4.00-P08.50-OUT05.00,0.5,1,,C/C,O/O,4.0,8.5,5.0,18.0,55.5,92.5,7.0,5.0,12.5,6.5,12.0,6.0,13.0,9.5,12.5,9.0,38.0,PASS_95X140X5_REFERENCE,12.0,135.5,141.5,290.0,-145.0|145.0,17.5,False,FAIL,BELT_NOMINAL_LT_14|BELT_RESIDUAL_LT_8|PULLEY_NOMINAL_LT_13_5|PULLEY_RESIDUAL_LT_10
G-IN4.00-P08.50-OUT05.50,0.5,1,,C/C,O/O,4.0,8.5,5.5,18.0,55.5,93.0,7.0,5.0,12.5,6.5,12.5,6.5,13.0,9.5,13.0,9.5,37.5,PASS_95X140X5_REFERENCE,12.0,135.5,141.5,290.0,-145.0|145.0,18.0,False,FAIL,BELT_NOMINAL_LT_14|BELT_RESIDUAL_LT_8|PULLEY_NOMINAL_LT_13_5|PULLEY_RESIDUAL_LT_10
G-IN4.00-P08.50-OUT06.00,0.5,1,,C/C,O/O,4.0,8.5,6.0,18.0,55.5,93.5,7.0,5.0,12.5,6.5,13.0,7.0,13.0,9.5,13.5,10.0,37.0,PASS_95X140X5_REFERENCE,12.0,135.5,141.5,290.0,-145.0|145.0,18.5,False,FAIL,BELT_NOMINAL_LT_14|BELT_RESIDUAL_LT_8|PULLEY_NOMINAL_LT_13_5|PULLEY_RESIDUAL_LT_10
G-IN4.00-P08.50-OUT06.50,0.5,1,,C/C,O/O,4.0,8.5,6.5,18.0,55.5,94.0,7.0,5.0,12.5,6.5,13.5,7.5,13.0,9.5,14.0,10.5,36.5,PASS_95X140X5_REFERENCE,12.0,135.5,141.5,290.0,-145.0|145.0,19.0,False,FAIL,BELT_NOMINAL_LT_14|BELT_RESIDUAL_LT_8|PULLEY_NOMINAL_LT_13_5|PULLEY_RESIDUAL_LT_10
G-IN4.00-P08.50-OUT07.00,0.5,1,,C/C,O/O,4.0,8.5,7.0,18.0,55.5,94.5,7.0,5.0,12.5,6.5,14.0,8.0,13.0,9.5,14.5,11.0,36.0,PASS_95X140X5_REFERENCE,12.0,135.5,141.5,290.0,-145.0|145.0,19.5,False,FAIL,BELT_NOMINAL_LT_14|BELT_RESIDUAL_LT_8|PULLEY_NOMINAL_LT_13_5|PULLEY_RESIDUAL_LT_10
G-IN4.00-P08.50-OUT07.50,0.5,1,,C/C,O/O,4.0,8.5,7.5,18.0,55.5,95.0,7.0,5.0,12.5,6.5,14.5,8.5,13.0,9.5,15.0,11.5,35.5,PASS_95X140X5_REFERENCE,12.0,135.5,141.5,290.0,-145.0|145.0,20.0,False,FAIL,BELT_NOMINAL_LT_14|BELT_RESIDUAL_LT_8|PULLEY_NOMINAL_LT_13_5|PULLEY_RESIDUAL_LT_10
G-IN4.00-P08.50-OUT08.00,0.5,1,,C/C,O/O,4.0,8.5,8.0,18.0,55.5,95.5,7.0,5.0,12.5,6.5,15.0,9.0,13.0,9.5,15.5,12.0,35.0,PASS_95X140X5_REFERENCE,12.0,135.5,141.5,290.0,-145.0|145.0,20.5,False,FAIL,BELT_NOMINAL_LT_14|BELT_RESIDUAL_LT_8|PULLEY_NOMINAL_LT_13_5|PULLEY_RESIDUAL_LT_10
G-IN4.00-P08.50-OUT08.50,0.5,1,,C/C,O/O,4.0,8.5,8.5,18.0,55.5,96.0,7.0,5.0,12.5,6.5,15.5,9.5,13.0,9.5,16.0,12.5,34.5,PASS_95X140X5_REFERENCE,12.0,135.5,141.5,290.0,-145.0|145.0,21.0,False,FAIL,BELT_NOMINAL_LT_14|BELT_RESIDUAL_LT_8|PULLEY_NOMINAL_LT_13_5|PULLEY_RESIDUAL_LT_10
G-IN4.00-P08.50-OUT09.00,0.5,1,,C/C,O/O,4.0,8.5,9.0,18.0,55.5,96.5,7.0,5.0,12.5,6.5,16.0,10.0,13.0,9.5,16.5,13.0,34.0,PASS_95X140X5_REFERENCE,12.0,135.5,141.5,290.0,-145.0|145.0,21.5,False,FAIL,BELT_NOMINAL_LT_14|BELT_RESIDUAL_LT_8|PULLEY_NOMINAL_LT_13_5|PULLEY_RESIDUAL_LT_10
G-IN4.00-P08.50-OUT09.50,0.5,1,,C/C,O/O,4.0,8.5,9.5,18.0,55.5,97.0,7.0,5.0,12.5,6.5,16.5,10.5,13.0,9.5,17.0,13.5,33.5,PASS_95X140X5_REFERENCE,12.0,135.5,141.5,290.0,-145.0|145.0,22.0,False,FAIL,BELT_NOMINAL_LT_14|BELT_RESIDUAL_LT_8|PULLEY_NOMINAL_LT_13_5|PULLEY_RESIDUAL_LT_10
G-IN4.00-P08.50-OUT10.00,0.5,1,,C/C,O/O,4.0,8.5,10.0,18.0,55.5,97.5,7.0,5.0,12.5,6.5,17.0,11.0,13.0,9.5,17.5,14.0,33.0,PASS_95X140X5_REFERENCE,12.0,135.5,141.5,290.0,-145.0|145.0,22.5,False,FAIL,BELT_NOMINAL_LT_14|BELT_RESIDUAL_LT_8|PULLEY_NOMINAL_LT_13_5|PULLEY_RESIDUAL_LT_10
G-IN4.00-P09.00-OUT03.00,0.5,1,,C/C,O/O,4.0,9.0,3.0,18.0,56.0,90.5,7.0,5.0,13.0,7.0,9.5,3.5,13.5,10.0,10.0,6.5,40.0,PASS_95X140X5_REFERENCE,12.0,135.5,141.5,290.0,-145.0|145.0,16.0,False,FAIL,BELT_NOMINAL_LT_14|BELT_RESIDUAL_LT_8|PULLEY_NOMINAL_LT_13_5|PULLEY_RESIDUAL_LT_10
G-IN4.00-P09.00-OUT03.50,0.5,1,,C/C,O/O,4.0,9.0,3.5,18.0,56.0,91.0,7.0,5.0,13.0,7.0,10.0,4.0,13.5,10.0,10.5,7.0,39.5,PASS_95X140X5_REFERENCE,12.0,135.5,141.5,290.0,-145.0|145.0,16.5,False,FAIL,BELT_NOMINAL_LT_14|BELT_RESIDUAL_LT_8|PULLEY_NOMINAL_LT_13_5|PULLEY_RESIDUAL_LT_10
G-IN4.00-P09.00-OUT04.00,0.5,1,,C/C,O/O,4.0,9.0,4.0,18.0,56.0,91.5,7.0,5.0,13.0,7.0,10.5,4.5,13.5,10.0,11.0,7.5,39.0,PASS_95X140X5_REFERENCE,12.0,135.5,141.5,290.0,-145.0|145.0,17.0,False,FAIL,BELT_NOMINAL_LT_14|BELT_RESIDUAL_LT_8|PULLEY_NOMINAL_LT_13_5|PULLEY_RESIDUAL_LT_10
G-IN4.00-P09.00-OUT04.50,0.5,1,,C/C,O/O,4.0,9.0,4.5,18.0,56.0,92.0,7.0,5.0,13.0,7.0,11.0,5.0,13.5,10.0,11.5,8.0,38.5,PASS_95X140X5_REFERENCE,12.0,135.5,141.5,290.0,-145.0|145.0,17.5,False,FAIL,BELT_NOMINAL_LT_14|BELT_RESIDUAL_LT_8|PULLEY_NOMINAL_LT_13_5|PULLEY_RESIDUAL_LT_10
G-IN4.00-P09.00-OUT05.00,0.5,1,,C/C,O/O,4.0,9.0,5.0,18.0,56.0,92.5,7.0,5.0,13.0,7.0,11.5,5.5,13.5,10.0,12.0,8.5,38.0,PASS_95X140X5_REFERENCE,12.0,135.5,141.5,290.0,-145.0|145.0,18.0,False,FAIL,BELT_NOMINAL_LT_14|BELT_RESIDUAL_LT_8|PULLEY_NOMINAL_LT_13_5|PULLEY_RESIDUAL_LT_10
G-IN4.00-P09.00-OUT05.50,0.5,1,,C/C,O/O,4.0,9.0,5.5,18.0,56.0,93.0,7.0,5.0,13.0,7.0,12.0,6.0,13.5,10.0,12.5,9.0,37.5,PASS_95X140X5_REFERENCE,12.0,135.5,141.5,290.0,-145.0|145.0,18.5,False,FAIL,BELT_NOMINAL_LT_14|BELT_RESIDUAL_LT_8|PULLEY_NOMINAL_LT_13_5|PULLEY_RESIDUAL_LT_10
G-IN4.00-P09.00-OUT06.00,0.5,1,,C/C,O/O,4.0,9.0,6.0,18.0,56.0,93.5,7.0,5.0,13.0,7.0,12.5,6.5,13.5,10.0,13.0,9.5,37.0,PASS_95X140X5_REFERENCE,12.0,135.5,141.5,290.0,-145.0|145.0,19.0,False,FAIL,BELT_NOMINAL_LT_14|BELT_RESIDUAL_LT_8|PULLEY_NOMINAL_LT_13_5|PULLEY_RESIDUAL_LT_10
G-IN4.00-P09.00-OUT06.50,0.5,1,,C/C,O/O,4.0,9.0,6.5,18.0,56.0,94.0,7.0,5.0,13.0,7.0,13.0,7.0,13.5,10.0,13.5,10.0,36.5,PASS_95X140X5_REFERENCE,12.0,135.5,141.5,290.0,-145.0|145.0,19.5,False,FAIL,BELT_NOMINAL_LT_14|BELT_RESIDUAL_LT_8
G-IN4.00-P09.00-OUT07.00,0.5,1,,C/C,O/O,4.0,9.0,7.0,18.0,56.0,94.5,7.0,5.0,13.0,7.0,13.5,7.5,13.5,10.0,14.0,10.5,36.0,PASS_95X140X5_REFERENCE,12.0,135.5,141.5,290.0,-145.0|145.0,20.0,False,FAIL,BELT_NOMINAL_LT_14|BELT_RESIDUAL_LT_8
G-IN4.00-P09.00-OUT07.50,0.5,1,,C/C,O/O,4.0,9.0,7.5,18.0,56.0,95.0,7.0,5.0,13.0,7.0,14.0,8.0,13.5,10.0,14.5,11.0,35.5,PASS_95X140X5_REFERENCE,12.0,135.5,141.5,290.0,-145.0|145.0,20.5,False,FAIL,BELT_NOMINAL_LT_14|BELT_RESIDUAL_LT_8
G-IN4.00-P09.00-OUT08.00,0.5,1,,C/C,O/O,4.0,9.0,8.0,18.0,56.0,95.5,7.0,5.0,13.0,7.0,14.5,8.5,13.5,10.0,15.0,11.5,35.0,PASS_95X140X5_REFERENCE,12.0,135.5,141.5,290.0,-145.0|145.0,21.0,False,FAIL,BELT_NOMINAL_LT_14|BELT_RESIDUAL_LT_8
G-IN4.00-P09.00-OUT08.50,0.5,1,,C/C,O/O,4.0,9.0,8.5,18.0,56.0,96.0,7.0,5.0,13.0,7.0,15.0,9.0,13.5,10.0,15.5,12.0,34.5,PASS_95X140X5_REFERENCE,12.0,135.5,141.5,290.0,-145.0|145.0,21.5,False,FAIL,BELT_NOMINAL_LT_14|BELT_RESIDUAL_LT_8
G-IN4.00-P09.00-OUT09.00,0.5,1,,C/C,O/O,4.0,9.0,9.0,18.0,56.0,96.5,7.0,5.0,13.0,7.0,15.5,9.5,13.5,10.0,16.0,12.5,34.0,PASS_95X140X5_REFERENCE,12.0,135.5,141.5,290.0,-145.0|145.0,22.0,False,FAIL,BELT_NOMINAL_LT_14|BELT_RESIDUAL_LT_8
G-IN4.00-P09.00-OUT09.50,0.5,1,,C/C,O/O,4.0,9.0,9.5,18.0,56.0,97.0,7.0,5.0,13.0,7.0,16.0,10.0,13.5,10.0,16.5,13.0,33.5,PASS_95X140X5_REFERENCE,12.0,135.5,141.5,290.0,-145.0|145.0,22.5,False,FAIL,BELT_NOMINAL_LT_14|BELT_RESIDUAL_LT_8
G-IN4.00-P09.00-OUT10.00,0.5,1,,C/C,O/O,4.0,9.0,10.0,18.0,56.0,97.5,7.0,5.0,13.0,7.0,16.5,10.5,13.5,10.0,17.0,13.5,33.0,PASS_95X140X5_REFERENCE,12.0,135.5,141.5,290.0,-145.0|145.0,23.0,False,FAIL,BELT_NOMINAL_LT_14|BELT_RESIDUAL_LT_8
G-IN4.00-P09.50-OUT03.00,0.5,1,,C/C,O/O,4.0,9.5,3.0,18.0,56.5,90.5,7.0,5.0,13.5,7.5,9.0,3.0,14.0,10.5,9.5,6.0,40.0,PASS_95X140X5_REFERENCE,12.0,135.5,141.5,290.0,-145.0|145.0,16.5,False,FAIL,BELT_NOMINAL_LT_14|BELT_RESIDUAL_LT_8|PULLEY_NOMINAL_LT_13_5|PULLEY_RESIDUAL_LT_10
G-IN4.00-P09.50-OUT03.50,0.5,1,,C/C,O/O,4.0,9.5,3.5,18.0,56.5,91.0,7.0,5.0,13.5,7.5,9.5,3.5,14.0,10.5,10.0,6.5,39.5,PASS_95X140X5_REFERENCE,12.0,135.5,141.5,290.0,-145.0|145.0,17.0,False,FAIL,BELT_NOMINAL_LT_14|BELT_RESIDUAL_LT_8|PULLEY_NOMINAL_LT_13_5|PULLEY_RESIDUAL_LT_10
G-IN4.00-P09.50-OUT04.00,0.5,1,,C/C,O/O,4.0,9.5,4.0,18.0,56.5,91.5,7.0,5.0,13.5,7.5,10.0,4.0,14.0,10.5,10.5,7.0,39.0,PASS_95X140X5_REFERENCE,12.0,135.5,141.5,290.0,-145.0|145.0,17.5,False,FAIL,BELT_NOMINAL_LT_14|BELT_RESIDUAL_LT_8|PULLEY_NOMINAL_LT_13_5|PULLEY_RESIDUAL_LT_10
G-IN4.00-P09.50-OUT04.50,0.5,1,,C/C,O/O,4.0,9.5,4.5,18.0,56.5,92.0,7.0,5.0,13.5,7.5,10.5,4.5,14.0,10.5,11.0,7.5,38.5,PASS_95X140X5_REFERENCE,12.0,135.5,141.5,290.0,-145.0|145.0,18.0,False,FAIL,BELT_NOMINAL_LT_14|BELT_RESIDUAL_LT_8|PULLEY_NOMINAL_LT_13_5|PULLEY_RESIDUAL_LT_10
G-IN4.00-P09.50-OUT05.00,0.5,1,,C/C,O/O,4.0,9.5,5.0,18.0,56.5,92.5,7.0,5.0,13.5,7.5,11.0,5.0,14.0,10.5,11.5,8.0,38.0,PASS_95X140X5_REFERENCE,12.0,135.5,141.5,290.0,-145.0|145.0,18.5,False,FAIL,BELT_NOMINAL_LT_14|BELT_RESIDUAL_LT_8|PULLEY_NOMINAL_LT_13_5|PULLEY_RESIDUAL_LT_10
G-IN4.00-P09.50-OUT05.50,0.5,1,,C/C,O/O,4.0,9.5,5.5,18.0,56.5,93.0,7.0,5.0,13.5,7.5,11.5,5.5,14.0,10.5,12.0,8.5,37.5,PASS_95X140X5_REFERENCE,12.0,135.5,141.5,290.0,-145.0|145.0,19.0,False,FAIL,BELT_NOMINAL_LT_14|BELT_RESIDUAL_LT_8|PULLEY_NOMINAL_LT_13_5|PULLEY_RESIDUAL_LT_10
G-IN4.00-P09.50-OUT06.00,0.5,1,,C/C,O/O,4.0,9.5,6.0,18.0,56.5,93.5,7.0,5.0,13.5,7.5,12.0,6.0,14.0,10.5,12.5,9.0,37.0,PASS_95X140X5_REFERENCE,12.0,135.5,141.5,290.0,-145.0|145.0,19.5,False,FAIL,BELT_NOMINAL_LT_14|BELT_RESIDUAL_LT_8|PULLEY_NOMINAL_LT_13_5|PULLEY_RESIDUAL_LT_10
G-IN4.00-P09.50-OUT06.50,0.5,1,,C/C,O/O,4.0,9.5,6.5,18.0,56.5,94.0,7.0,5.0,13.5,7.5,12.5,6.5,14.0,10.5,13.0,9.5,36.5,PASS_95X140X5_REFERENCE,12.0,135.5,141.5,290.0,-145.0|145.0,20.0,False,FAIL,BELT_NOMINAL_LT_14|BELT_RESIDUAL_LT_8|PULLEY_NOMINAL_LT_13_5|PULLEY_RESIDUAL_LT_10
G-IN4.00-P09.50-OUT07.00,0.5,1,,C/C,O/O,4.0,9.5,7.0,18.0,56.5,94.5,7.0,5.0,13.5,7.5,13.0,7.0,14.0,10.5,13.5,10.0,36.0,PASS_95X140X5_REFERENCE,12.0,135.5,141.5,290.0,-145.0|145.0,20.5,False,FAIL,BELT_NOMINAL_LT_14|BELT_RESIDUAL_LT_8
G-IN4.00-P09.50-OUT07.50,0.5,1,,C/C,O/O,4.0,9.5,7.5,18.0,56.5,95.0,7.0,5.0,13.5,7.5,13.5,7.5,14.0,10.5,14.0,10.5,35.5,PASS_95X140X5_REFERENCE,12.0,135.5,141.5,290.0,-145.0|145.0,21.0,False,FAIL,BELT_NOMINAL_LT_14|BELT_RESIDUAL_LT_8
G-IN4.00-P09.50-OUT08.00,0.5,1,,C/C,O/O,4.0,9.5,8.0,18.0,56.5,95.5,7.0,5.0,13.5,7.5,14.0,8.0,14.0,10.5,14.5,11.0,35.0,PASS_95X140X5_REFERENCE,12.0,135.5,141.5,290.0,-145.0|145.0,21.5,False,FAIL,BELT_NOMINAL_LT_14|BELT_RESIDUAL_LT_8
G-IN4.00-P09.50-OUT08.50,0.5,1,,C/C,O/O,4.0,9.5,8.5,18.0,56.5,96.0,7.0,5.0,13.5,7.5,14.5,8.5,14.0,10.5,15.0,11.5,34.5,PASS_95X140X5_REFERENCE,12.0,135.5,141.5,290.0,-145.0|145.0,22.0,False,FAIL,BELT_NOMINAL_LT_14|BELT_RESIDUAL_LT_8
G-IN4.00-P09.50-OUT09.00,0.5,1,,C/C,O/O,4.0,9.5,9.0,18.0,56.5,96.5,7.0,5.0,13.5,7.5,15.0,9.0,14.0,10.5,15.5,12.0,34.0,PASS_95X140X5_REFERENCE,12.0,135.5,141.5,290.0,-145.0|145.0,22.5,False,FAIL,BELT_NOMINAL_LT_14|BELT_RESIDUAL_LT_8
G-IN4.00-P09.50-OUT09.50,0.5,1,,C/C,O/O,4.0,9.5,9.5,18.0,56.5,97.0,7.0,5.0,13.5,7.5,15.5,9.5,14.0,10.5,16.0,12.5,33.5,PASS_95X140X5_REFERENCE,12.0,135.5,141.5,290.0,-145.0|145.0,23.0,False,FAIL,BELT_NOMINAL_LT_14|BELT_RESIDUAL_LT_8
G-IN4.00-P09.50-OUT10.00,0.5,1,,C/C,O/O,4.0,9.5,10.0,18.0,56.5,97.5,7.0,5.0,13.5,7.5,16.0,10.0,14.0,10.5,16.5,13.0,33.0,PASS_95X140X5_REFERENCE,12.0,135.5,141.5,290.0,-145.0|145.0,23.5,False,FAIL,BELT_NOMINAL_LT_14|BELT_RESIDUAL_LT_8
G-IN4.00-P10.00-OUT03.00,0.5,1,,C/C,O/O,4.0,10.0,3.0,18.0,57.0,90.5,7.0,5.0,14.0,8.0,8.5,2.5,14.5,11.0,9.0,5.5,40.0,PASS_95X140X5_REFERENCE,12.0,135.5,141.5,290.0,-145.0|145.0,17.0,False,FAIL,BELT_NOMINAL_LT_14|BELT_RESIDUAL_LT_8|PULLEY_NOMINAL_LT_13_5|PULLEY_RESIDUAL_LT_10
G-IN4.00-P10.00-OUT03.50,0.5,1,,C/C,O/O,4.0,10.0,3.5,18.0,57.0,91.0,7.0,5.0,14.0,8.0,9.0,3.0,14.5,11.0,9.5,6.0,39.5,PASS_95X140X5_REFERENCE,12.0,135.5,141.5,290.0,-145.0|145.0,17.5,False,FAIL,BELT_NOMINAL_LT_14|BELT_RESIDUAL_LT_8|PULLEY_NOMINAL_LT_13_5|PULLEY_RESIDUAL_LT_10
G-IN4.00-P10.00-OUT04.00,0.5,1,,C/C,O/O,4.0,10.0,4.0,18.0,57.0,91.5,7.0,5.0,14.0,8.0,9.5,3.5,14.5,11.0,10.0,6.5,39.0,PASS_95X140X5_REFERENCE,12.0,135.5,141.5,290.0,-145.0|145.0,18.0,False,FAIL,BELT_NOMINAL_LT_14|BELT_RESIDUAL_LT_8|PULLEY_NOMINAL_LT_13_5|PULLEY_RESIDUAL_LT_10
G-IN4.00-P10.00-OUT04.50,0.5,1,,C/C,O/O,4.0,10.0,4.5,18.0,57.0,92.0,7.0,5.0,14.0,8.0,10.0,4.0,14.5,11.0,10.5,7.0,38.5,PASS_95X140X5_REFERENCE,12.0,135.5,141.5,290.0,-145.0|145.0,18.5,False,FAIL,BELT_NOMINAL_LT_14|BELT_RESIDUAL_LT_8|PULLEY_NOMINAL_LT_13_5|PULLEY_RESIDUAL_LT_10
G-IN4.00-P10.00-OUT05.00,0.5,1,,C/C,O/O,4.0,10.0,5.0,18.0,57.0,92.5,7.0,5.0,14.0,8.0,10.5,4.5,14.5,11.0,11.0,7.5,38.0,PASS_95X140X5_REFERENCE,12.0,135.5,141.5,290.0,-145.0|145.0,19.0,False,FAIL,BELT_NOMINAL_LT_14|BELT_RESIDUAL_LT_8|PULLEY_NOMINAL_LT_13_5|PULLEY_RESIDUAL_LT_10
G-IN4.00-P10.00-OUT05.50,0.5,1,,C/C,O/O,4.0,10.0,5.5,18.0,57.0,93.0,7.0,5.0,14.0,8.0,11.0,5.0,14.5,11.0,11.5,8.0,37.5,PASS_95X140X5_REFERENCE,12.0,135.5,141.5,290.0,-145.0|145.0,19.5,False,FAIL,BELT_NOMINAL_LT_14|BELT_RESIDUAL_LT_8|PULLEY_NOMINAL_LT_13_5|PULLEY_RESIDUAL_LT_10
G-IN4.00-P10.00-OUT06.00,0.5,1,,C/C,O/O,4.0,10.0,6.0,18.0,57.0,93.5,7.0,5.0,14.0,8.0,11.5,5.5,14.5,11.0,12.0,8.5,37.0,PASS_95X140X5_REFERENCE,12.0,135.5,141.5,290.0,-145.0|145.0,20.0,False,FAIL,BELT_NOMINAL_LT_14|BELT_RESIDUAL_LT_8|PULLEY_NOMINAL_LT_13_5|PULLEY_RESIDUAL_LT_10
G-IN4.00-P10.00-OUT06.50,0.5,1,,C/C,O/O,4.0,10.0,6.5,18.0,57.0,94.0,7.0,5.0,14.0,8.0,12.0,6.0,14.5,11.0,12.5,9.0,36.5,PASS_95X140X5_REFERENCE,12.0,135.5,141.5,290.0,-145.0|145.0,20.5,False,FAIL,BELT_NOMINAL_LT_14|BELT_RESIDUAL_LT_8|PULLEY_NOMINAL_LT_13_5|PULLEY_RESIDUAL_LT_10
G-IN4.00-P10.00-OUT07.00,0.5,1,,C/C,O/O,4.0,10.0,7.0,18.0,57.0,94.5,7.0,5.0,14.0,8.0,12.5,6.5,14.5,11.0,13.0,9.5,36.0,PASS_95X140X5_REFERENCE,12.0,135.5,141.5,290.0,-145.0|145.0,21.0,False,FAIL,BELT_NOMINAL_LT_14|BELT_RESIDUAL_LT_8|PULLEY_NOMINAL_LT_13_5|PULLEY_RESIDUAL_LT_10
G-IN4.00-P10.00-OUT07.50,0.5,1,,C/C,O/O,4.0,10.0,7.5,18.0,57.0,95.0,7.0,5.0,14.0,8.0,13.0,7.0,14.5,11.0,13.5,10.0,35.5,PASS_95X140X5_REFERENCE,12.0,135.5,141.5,290.0,-145.0|145.0,21.5,False,FAIL,BELT_NOMINAL_LT_14|BELT_RESIDUAL_LT_8
G-IN4.00-P10.00-OUT08.00,0.5,1,,C/C,O/O,4.0,10.0,8.0,18.0,57.0,95.5,7.0,5.0,14.0,8.0,13.5,7.5,14.5,11.0,14.0,10.5,35.0,PASS_95X140X5_REFERENCE,12.0,135.5,141.5,290.0,-145.0|145.0,22.0,False,FAIL,BELT_NOMINAL_LT_14|BELT_RESIDUAL_LT_8
G-IN4.00-P10.00-OUT08.50,0.5,1,,C/C,O/O,4.0,10.0,8.5,18.0,57.0,96.0,7.0,5.0,14.0,8.0,14.0,8.0,14.5,11.0,14.5,11.0,34.5,PASS_95X140X5_REFERENCE,12.0,135.5,141.5,290.0,-145.0|145.0,22.5,True,ROBUST_CONDITIONAL_PASS_CANDIDATE,
G-IN4.00-P10.00-OUT09.00,0.5,1,,C/C,O/O,4.0,10.0,9.0,18.0,57.0,96.5,7.0,5.0,14.0,8.0,14.5,8.5,14.5,11.0,15.0,11.5,34.0,PASS_95X140X5_REFERENCE,12.0,135.5,141.5,290.0,-145.0|145.0,23.0,True,ROBUST_CONDITIONAL_PASS_CANDIDATE,
G-IN4.00-P10.00-OUT09.50,0.5,1,,C/C,O/O,4.0,10.0,9.5,18.0,57.0,97.0,7.0,5.0,14.0,8.0,15.0,9.0,14.5,11.0,15.5,12.0,33.5,PASS_95X140X5_REFERENCE,12.0,135.5,141.5,290.0,-145.0|145.0,23.5,True,ROBUST_CONDITIONAL_PASS_CANDIDATE,
G-IN4.00-P10.00-OUT10.00,0.5,1,,C/C,O/O,4.0,10.0,10.0,18.0,57.0,97.5,7.0,5.0,14.0,8.0,15.5,9.5,14.5,11.0,16.0,12.5,33.0,PASS_95X140X5_REFERENCE,12.0,135.5,141.5,290.0,-145.0|145.0,24.0,True,ROBUST_CONDITIONAL_PASS_CANDIDATE,
G-IN4.00-P10.50-OUT03.00,0.5,1,,C/C,O/O,4.0,10.5,3.0,18.0,57.5,90.5,7.0,5.0,14.5,8.5,8.0,2.0,15.0,11.5,8.5,5.0,40.0,PASS_95X140X5_REFERENCE,12.0,135.5,141.5,290.0,-145.0|145.0,17.5,False,FAIL,BELT_NOMINAL_LT_14|BELT_RESIDUAL_LT_8|PULLEY_NOMINAL_LT_13_5|PULLEY_RESIDUAL_LT_10
G-IN4.00-P10.50-OUT03.50,0.5,1,,C/C,O/O,4.0,10.5,3.5,18.0,57.5,91.0,7.0,5.0,14.5,8.5,8.5,2.5,15.0,11.5,9.0,5.5,39.5,PASS_95X140X5_REFERENCE,12.0,135.5,141.5,290.0,-145.0|145.0,18.0,False,FAIL,BELT_NOMINAL_LT_14|BELT_RESIDUAL_LT_8|PULLEY_NOMINAL_LT_13_5|PULLEY_RESIDUAL_LT_10
G-IN4.00-P10.50-OUT04.00,0.5,1,,C/C,O/O,4.0,10.5,4.0,18.0,57.5,91.5,7.0,5.0,14.5,8.5,9.0,3.0,15.0,11.5,9.5,6.0,39.0,PASS_95X140X5_REFERENCE,12.0,135.5,141.5,290.0,-145.0|145.0,18.5,False,FAIL,BELT_NOMINAL_LT_14|BELT_RESIDUAL_LT_8|PULLEY_NOMINAL_LT_13_5|PULLEY_RESIDUAL_LT_10
G-IN4.00-P10.50-OUT04.50,0.5,1,,C/C,O/O,4.0,10.5,4.5,18.0,57.5,92.0,7.0,5.0,14.5,8.5,9.5,3.5,15.0,11.5,10.0,6.5,38.5,PASS_95X140X5_REFERENCE,12.0,135.5,141.5,290.0,-145.0|145.0,19.0,False,FAIL,BELT_NOMINAL_LT_14|BELT_RESIDUAL_LT_8|PULLEY_NOMINAL_LT_13_5|PULLEY_RESIDUAL_LT_10
G-IN4.00-P10.50-OUT05.00,0.5,1,,C/C,O/O,4.0,10.5,5.0,18.0,57.5,92.5,7.0,5.0,14.5,8.5,10.0,4.0,15.0,11.5,10.5,7.0,38.0,PASS_95X140X5_REFERENCE,12.0,135.5,141.5,290.0,-145.0|145.0,19.5,False,FAIL,BELT_NOMINAL_LT_14|BELT_RESIDUAL_LT_8|PULLEY_NOMINAL_LT_13_5|PULLEY_RESIDUAL_LT_10
G-IN4.00-P10.50-OUT05.50,0.5,1,,C/C,O/O,4.0,10.5,5.5,18.0,57.5,93.0,7.0,5.0,14.5,8.5,10.5,4.5,15.0,11.5,11.0,7.5,37.5,PASS_95X140X5_REFERENCE,12.0,135.5,141.5,290.0,-145.0|145.0,20.0,False,FAIL,BELT_NOMINAL_LT_14|BELT_RESIDUAL_LT_8|PULLEY_NOMINAL_LT_13_5|PULLEY_RESIDUAL_LT_10
G-IN4.00-P10.50-OUT06.00,0.5,1,,C/C,O/O,4.0,10.5,6.0,18.0,57.5,93.5,7.0,5.0,14.5,8.5,11.0,5.0,15.0,11.5,11.5,8.0,37.0,PASS_95X140X5_REFERENCE,12.0,135.5,141.5,290.0,-145.0|145.0,20.5,False,FAIL,BELT_NOMINAL_LT_14|BELT_RESIDUAL_LT_8|PULLEY_NOMINAL_LT_13_5|PULLEY_RESIDUAL_LT_10
G-IN4.00-P10.50-OUT06.50,0.5,1,,C/C,O/O,4.0,10.5,6.5,18.0,57.5,94.0,7.0,5.0,14.5,8.5,11.5,5.5,15.0,11.5,12.0,8.5,36.5,PASS_95X140X5_REFERENCE,12.0,135.5,141.5,290.0,-145.0|145.0,21.0,False,FAIL,BELT_NOMINAL_LT_14|BELT_RESIDUAL_LT_8|PULLEY_NOMINAL_LT_13_5|PULLEY_RESIDUAL_LT_10
G-IN4.00-P10.50-OUT07.00,0.5,1,,C/C,O/O,4.0,10.5,7.0,18.0,57.5,94.5,7.0,5.0,14.5,8.5,12.0,6.0,15.0,11.5,12.5,9.0,36.0,PASS_95X140X5_REFERENCE,12.0,135.5,141.5,290.0,-145.0|145.0,21.5,False,FAIL,BELT_NOMINAL_LT_14|BELT_RESIDUAL_LT_8|PULLEY_NOMINAL_LT_13_5|PULLEY_RESIDUAL_LT_10
G-IN4.00-P10.50-OUT07.50,0.5,1,,C/C,O/O,4.0,10.5,7.5,18.0,57.5,95.0,7.0,5.0,14.5,8.5,12.5,6.5,15.0,11.5,13.0,9.5,35.5,PASS_95X140X5_REFERENCE,12.0,135.5,141.5,290.0,-145.0|145.0,22.0,False,FAIL,BELT_NOMINAL_LT_14|BELT_RESIDUAL_LT_8|PULLEY_NOMINAL_LT_13_5|PULLEY_RESIDUAL_LT_10
G-IN4.00-P10.50-OUT08.00,0.5,1,,C/C,O/O,4.0,10.5,8.0,18.0,57.5,95.5,7.0,5.0,14.5,8.5,13.0,7.0,15.0,11.5,13.5,10.0,35.0,PASS_95X140X5_REFERENCE,12.0,135.5,141.5,290.0,-145.0|145.0,22.5,False,FAIL,BELT_NOMINAL_LT_14|BELT_RESIDUAL_LT_8
G-IN4.00-P10.50-OUT08.50,0.5,1,,C/C,O/O,4.0,10.5,8.5,18.0,57.5,96.0,7.0,5.0,14.5,8.5,13.5,7.5,15.0,11.5,14.0,10.5,34.5,PASS_95X140X5_REFERENCE,12.0,135.5,141.5,290.0,-145.0|145.0,23.0,False,FAIL,BELT_NOMINAL_LT_14|BELT_RESIDUAL_LT_8
G-IN4.00-P10.50-OUT09.00,0.5,1,,C/C,O/O,4.0,10.5,9.0,18.0,57.5,96.5,7.0,5.0,14.5,8.5,14.0,8.0,15.0,11.5,14.5,11.0,34.0,PASS_95X140X5_REFERENCE,12.0,135.5,141.5,290.0,-145.0|145.0,23.5,True,ROBUST_CONDITIONAL_PASS_CANDIDATE,
G-IN4.00-P10.50-OUT09.50,0.5,1,,C/C,O/O,4.0,10.5,9.5,18.0,57.5,97.0,7.0,5.0,14.5,8.5,14.5,8.5,15.0,11.5,15.0,11.5,33.5,PASS_95X140X5_REFERENCE,12.0,135.5,141.5,290.0,-145.0|145.0,24.0,True,ROBUST_CONDITIONAL_PASS_CANDIDATE,
G-IN4.00-P10.50-OUT10.00,0.5,1,,C/C,O/O,4.0,10.5,10.0,18.0,57.5,97.5,7.0,5.0,14.5,8.5,15.0,9.0,15.0,11.5,15.5,12.0,33.0,PASS_95X140X5_REFERENCE,12.0,135.5,141.5,290.0,-145.0|145.0,24.5,True,ROBUST_CONDITIONAL_PASS_CANDIDATE,
G-IN4.00-P11.00-OUT03.00,0.5,1,,C/C,O/O,4.0,11.0,3.0,18.0,58.0,90.5,7.0,5.0,15.0,9.0,7.5,1.5,15.5,12.0,8.0,4.5,40.0,PASS_95X140X5_REFERENCE,12.0,135.5,141.5,290.0,-145.0|145.0,18.0,False,FAIL,BELT_NOMINAL_LT_14|BELT_RESIDUAL_LT_8|PULLEY_NOMINAL_LT_13_5|PULLEY_RESIDUAL_LT_10
G-IN4.00-P11.00-OUT03.50,0.5,1,,C/C,O/O,4.0,11.0,3.5,18.0,58.0,91.0,7.0,5.0,15.0,9.0,8.0,2.0,15.5,12.0,8.5,5.0,39.5,PASS_95X140X5_REFERENCE,12.0,135.5,141.5,290.0,-145.0|145.0,18.5,False,FAIL,BELT_NOMINAL_LT_14|BELT_RESIDUAL_LT_8|PULLEY_NOMINAL_LT_13_5|PULLEY_RESIDUAL_LT_10
G-IN4.00-P11.00-OUT04.00,0.5,1,,C/C,O/O,4.0,11.0,4.0,18.0,58.0,91.5,7.0,5.0,15.0,9.0,8.5,2.5,15.5,12.0,9.0,5.5,39.0,PASS_95X140X5_REFERENCE,12.0,135.5,141.5,290.0,-145.0|145.0,19.0,False,FAIL,BELT_NOMINAL_LT_14|BELT_RESIDUAL_LT_8|PULLEY_NOMINAL_LT_13_5|PULLEY_RESIDUAL_LT_10
G-IN4.00-P11.00-OUT04.50,0.5,1,,C/C,O/O,4.0,11.0,4.5,18.0,58.0,92.0,7.0,5.0,15.0,9.0,9.0,3.0,15.5,12.0,9.5,6.0,38.5,PASS_95X140X5_REFERENCE,12.0,135.5,141.5,290.0,-145.0|145.0,19.5,False,FAIL,BELT_NOMINAL_LT_14|BELT_RESIDUAL_LT_8|PULLEY_NOMINAL_LT_13_5|PULLEY_RESIDUAL_LT_10
G-IN4.00-P11.00-OUT05.00,0.5,1,,C/C,O/O,4.0,11.0,5.0,18.0,58.0,92.5,7.0,5.0,15.0,9.0,9.5,3.5,15.5,12.0,10.0,6.5,38.0,PASS_95X140X5_REFERENCE,12.0,135.5,141.5,290.0,-145.0|145.0,20.0,False,FAIL,BELT_NOMINAL_LT_14|BELT_RESIDUAL_LT_8|PULLEY_NOMINAL_LT_13_5|PULLEY_RESIDUAL_LT_10
G-IN4.00-P11.00-OUT05.50,0.5,1,,C/C,O/O,4.0,11.0,5.5,18.0,58.0,93.0,7.0,5.0,15.0,9.0,10.0,4.0,15.5,12.0,10.5,7.0,37.5,PASS_95X140X5_REFERENCE,12.0,135.5,141.5,290.0,-145.0|145.0,20.5,False,FAIL,BELT_NOMINAL_LT_14|BELT_RESIDUAL_LT_8|PULLEY_NOMINAL_LT_13_5|PULLEY_RESIDUAL_LT_10
G-IN4.00-P11.00-OUT06.00,0.5,1,,C/C,O/O,4.0,11.0,6.0,18.0,58.0,93.5,7.0,5.0,15.0,9.0,10.5,4.5,15.5,12.0,11.0,7.5,37.0,PASS_95X140X5_REFERENCE,12.0,135.5,141.5,290.0,-145.0|145.0,21.0,False,FAIL,BELT_NOMINAL_LT_14|BELT_RESIDUAL_LT_8|PULLEY_NOMINAL_LT_13_5|PULLEY_RESIDUAL_LT_10
G-IN4.00-P11.00-OUT06.50,0.5,1,,C/C,O/O,4.0,11.0,6.5,18.0,58.0,94.0,7.0,5.0,15.0,9.0,11.0,5.0,15.5,12.0,11.5,8.0,36.5,PASS_95X140X5_REFERENCE,12.0,135.5,141.5,290.0,-145.0|145.0,21.5,False,FAIL,BELT_NOMINAL_LT_14|BELT_RESIDUAL_LT_8|PULLEY_NOMINAL_LT_13_5|PULLEY_RESIDUAL_LT_10
G-IN4.00-P11.00-OUT07.00,0.5,1,,C/C,O/O,4.0,11.0,7.0,18.0,58.0,94.5,7.0,5.0,15.0,9.0,11.5,5.5,15.5,12.0,12.0,8.5,36.0,PASS_95X140X5_REFERENCE,12.0,135.5,141.5,290.0,-145.0|145.0,22.0,False,FAIL,BELT_NOMINAL_LT_14|BELT_RESIDUAL_LT_8|PULLEY_NOMINAL_LT_13_5|PULLEY_RESIDUAL_LT_10
G-IN4.00-P11.00-OUT07.50,0.5,1,,C/C,O/O,4.0,11.0,7.5,18.0,58.0,95.0,7.0,5.0,15.0,9.0,12.0,6.0,15.5,12.0,12.5,9.0,35.5,PASS_95X140X5_REFERENCE,12.0,135.5,141.5,290.0,-145.0|145.0,22.5,False,FAIL,BELT_NOMINAL_LT_14|BELT_RESIDUAL_LT_8|PULLEY_NOMINAL_LT_13_5|PULLEY_RESIDUAL_LT_10
G-IN4.00-P11.00-OUT08.00,0.5,1,,C/C,O/O,4.0,11.0,8.0,18.0,58.0,95.5,7.0,5.0,15.0,9.0,12.5,6.5,15.5,12.0,13.0,9.5,35.0,PASS_95X140X5_REFERENCE,12.0,135.5,141.5,290.0,-145.0|145.0,23.0,False,FAIL,BELT_NOMINAL_LT_14|BELT_RESIDUAL_LT_8|PULLEY_NOMINAL_LT_13_5|PULLEY_RESIDUAL_LT_10
G-IN4.00-P11.00-OUT08.50,0.5,1,,C/C,O/O,4.0,11.0,8.5,18.0,58.0,96.0,7.0,5.0,15.0,9.0,13.0,7.0,15.5,12.0,13.5,10.0,34.5,PASS_95X140X5_REFERENCE,12.0,135.5,141.5,290.0,-145.0|145.0,23.5,False,FAIL,BELT_NOMINAL_LT_14|BELT_RESIDUAL_LT_8
G-IN4.00-P11.00-OUT09.00,0.5,1,,C/C,O/O,4.0,11.0,9.0,18.0,58.0,96.5,7.0,5.0,15.0,9.0,13.5,7.5,15.5,12.0,14.0,10.5,34.0,PASS_95X140X5_REFERENCE,12.0,135.5,141.5,290.0,-145.0|145.0,24.0,False,FAIL,BELT_NOMINAL_LT_14|BELT_RESIDUAL_LT_8
G-IN4.00-P11.00-OUT09.50,0.5,1,,C/C,O/O,4.0,11.0,9.5,18.0,58.0,97.0,7.0,5.0,15.0,9.0,14.0,8.0,15.5,12.0,14.5,11.0,33.5,PASS_95X140X5_REFERENCE,12.0,135.5,141.5,290.0,-145.0|145.0,24.5,True,ROBUST_CONDITIONAL_PASS_CANDIDATE,
G-IN4.00-P11.00-OUT10.00,0.5,1,,C/C,O/O,4.0,11.0,10.0,18.0,58.0,97.5,7.0,5.0,15.0,9.0,14.5,8.5,15.5,12.0,15.0,11.5,33.0,PASS_95X140X5_REFERENCE,12.0,135.5,141.5,290.0,-145.0|145.0,25.0,True,ROBUST_CONDITIONAL_PASS_CANDIDATE,
G-IN4.00-P11.50-OUT03.00,0.5,1,,C/C,O/O,4.0,11.5,3.0,18.0,58.5,90.5,7.0,5.0,15.5,9.5,7.0,1.0,16.0,12.5,7.5,4.0,40.0,PASS_95X140X5_REFERENCE,12.0,135.5,141.5,290.0,-145.0|145.0,18.5,False,FAIL,BELT_NOMINAL_LT_14|BELT_RESIDUAL_LT_8|PULLEY_NOMINAL_LT_13_5|PULLEY_RESIDUAL_LT_10
G-IN4.00-P11.50-OUT03.50,0.5,1,,C/C,O/O,4.0,11.5,3.5,18.0,58.5,91.0,7.0,5.0,15.5,9.5,7.5,1.5,16.0,12.5,8.0,4.5,39.5,PASS_95X140X5_REFERENCE,12.0,135.5,141.5,290.0,-145.0|145.0,19.0,False,FAIL,BELT_NOMINAL_LT_14|BELT_RESIDUAL_LT_8|PULLEY_NOMINAL_LT_13_5|PULLEY_RESIDUAL_LT_10
G-IN4.00-P11.50-OUT04.00,0.5,1,,C/C,O/O,4.0,11.5,4.0,18.0,58.5,91.5,7.0,5.0,15.5,9.5,8.0,2.0,16.0,12.5,8.5,5.0,39.0,PASS_95X140X5_REFERENCE,12.0,135.5,141.5,290.0,-145.0|145.0,19.5,False,FAIL,BELT_NOMINAL_LT_14|BELT_RESIDUAL_LT_8|PULLEY_NOMINAL_LT_13_5|PULLEY_RESIDUAL_LT_10
G-IN4.00-P11.50-OUT04.50,0.5,1,,C/C,O/O,4.0,11.5,4.5,18.0,58.5,92.0,7.0,5.0,15.5,9.5,8.5,2.5,16.0,12.5,9.0,5.5,38.5,PASS_95X140X5_REFERENCE,12.0,135.5,141.5,290.0,-145.0|145.0,20.0,False,FAIL,BELT_NOMINAL_LT_14|BELT_RESIDUAL_LT_8|PULLEY_NOMINAL_LT_13_5|PULLEY_RESIDUAL_LT_10
G-IN4.00-P11.50-OUT05.00,0.5,1,,C/C,O/O,4.0,11.5,5.0,18.0,58.5,92.5,7.0,5.0,15.5,9.5,9.0,3.0,16.0,12.5,9.5,6.0,38.0,PASS_95X140X5_REFERENCE,12.0,135.5,141.5,290.0,-145.0|145.0,20.5,False,FAIL,BELT_NOMINAL_LT_14|BELT_RESIDUAL_LT_8|PULLEY_NOMINAL_LT_13_5|PULLEY_RESIDUAL_LT_10
G-IN4.00-P11.50-OUT05.50,0.5,1,,C/C,O/O,4.0,11.5,5.5,18.0,58.5,93.0,7.0,5.0,15.5,9.5,9.5,3.5,16.0,12.5,10.0,6.5,37.5,PASS_95X140X5_REFERENCE,12.0,135.5,141.5,290.0,-145.0|145.0,21.0,False,FAIL,BELT_NOMINAL_LT_14|BELT_RESIDUAL_LT_8|PULLEY_NOMINAL_LT_13_5|PULLEY_RESIDUAL_LT_10
G-IN4.00-P11.50-OUT06.00,0.5,1,,C/C,O/O,4.0,11.5,6.0,18.0,58.5,93.5,7.0,5.0,15.5,9.5,10.0,4.0,16.0,12.5,10.5,7.0,37.0,PASS_95X140X5_REFERENCE,12.0,135.5,141.5,290.0,-145.0|145.0,21.5,False,FAIL,BELT_NOMINAL_LT_14|BELT_RESIDUAL_LT_8|PULLEY_NOMINAL_LT_13_5|PULLEY_RESIDUAL_LT_10
G-IN4.00-P11.50-OUT06.50,0.5,1,,C/C,O/O,4.0,11.5,6.5,18.0,58.5,94.0,7.0,5.0,15.5,9.5,10.5,4.5,16.0,12.5,11.0,7.5,36.5,PASS_95X140X5_REFERENCE,12.0,135.5,141.5,290.0,-145.0|145.0,22.0,False,FAIL,BELT_NOMINAL_LT_14|BELT_RESIDUAL_LT_8|PULLEY_NOMINAL_LT_13_5|PULLEY_RESIDUAL_LT_10
G-IN4.00-P11.50-OUT07.00,0.5,1,,C/C,O/O,4.0,11.5,7.0,18.0,58.5,94.5,7.0,5.0,15.5,9.5,11.0,5.0,16.0,12.5,11.5,8.0,36.0,PASS_95X140X5_REFERENCE,12.0,135.5,141.5,290.0,-145.0|145.0,22.5,False,FAIL,BELT_NOMINAL_LT_14|BELT_RESIDUAL_LT_8|PULLEY_NOMINAL_LT_13_5|PULLEY_RESIDUAL_LT_10
G-IN4.00-P11.50-OUT07.50,0.5,1,,C/C,O/O,4.0,11.5,7.5,18.0,58.5,95.0,7.0,5.0,15.5,9.5,11.5,5.5,16.0,12.5,12.0,8.5,35.5,PASS_95X140X5_REFERENCE,12.0,135.5,141.5,290.0,-145.0|145.0,23.0,False,FAIL,BELT_NOMINAL_LT_14|BELT_RESIDUAL_LT_8|PULLEY_NOMINAL_LT_13_5|PULLEY_RESIDUAL_LT_10
G-IN4.00-P11.50-OUT08.00,0.5,1,,C/C,O/O,4.0,11.5,8.0,18.0,58.5,95.5,7.0,5.0,15.5,9.5,12.0,6.0,16.0,12.5,12.5,9.0,35.0,PASS_95X140X5_REFERENCE,12.0,135.5,141.5,290.0,-145.0|145.0,23.5,False,FAIL,BELT_NOMINAL_LT_14|BELT_RESIDUAL_LT_8|PULLEY_NOMINAL_LT_13_5|PULLEY_RESIDUAL_LT_10
G-IN4.00-P11.50-OUT08.50,0.5,1,,C/C,O/O,4.0,11.5,8.5,18.0,58.5,96.0,7.0,5.0,15.5,9.5,12.5,6.5,16.0,12.5,13.0,9.5,34.5,PASS_95X140X5_REFERENCE,12.0,135.5,141.5,290.0,-145.0|145.0,24.0,False,FAIL,BELT_NOMINAL_LT_14|BELT_RESIDUAL_LT_8|PULLEY_NOMINAL_LT_13_5|PULLEY_RESIDUAL_LT_10
G-IN4.00-P11.50-OUT09.00,0.5,1,,C/C,O/O,4.0,11.5,9.0,18.0,58.5,96.5,7.0,5.0,15.5,9.5,13.0,7.0,16.0,12.5,13.5,10.0,34.0,PASS_95X140X5_REFERENCE,12.0,135.5,141.5,290.0,-145.0|145.0,24.5,False,FAIL,BELT_NOMINAL_LT_14|BELT_RESIDUAL_LT_8
G-IN4.00-P11.50-OUT09.50,0.5,1,,C/C,O/O,4.0,11.5,9.5,18.0,58.5,97.0,7.0,5.0,15.5,9.5,13.5,7.5,16.0,12.5,14.0,10.5,33.5,PASS_95X140X5_REFERENCE,12.0,135.5,141.5,290.0,-145.0|145.0,25.0,False,FAIL,BELT_NOMINAL_LT_14|BELT_RESIDUAL_LT_8
G-IN4.00-P11.50-OUT10.00,0.5,1,,C/C,O/O,4.0,11.5,10.0,18.0,58.5,97.5,7.0,5.0,15.5,9.5,14.0,8.0,16.0,12.5,14.5,11.0,33.0,PASS_95X140X5_REFERENCE,12.0,135.5,141.5,290.0,-145.0|145.0,25.5,True,ROBUST_CONDITIONAL_PASS_CANDIDATE,
G-IN4.00-P12.00-OUT03.00,0.5,1,,C/C,O/O,4.0,12.0,3.0,18.0,59.0,90.5,7.0,5.0,16.0,10.0,6.5,0.5,16.5,13.0,7.0,3.5,40.0,PASS_95X140X5_REFERENCE,12.0,135.5,141.5,290.0,-145.0|145.0,19.0,False,FAIL,BELT_NOMINAL_LT_14|BELT_RESIDUAL_LT_8|PULLEY_NOMINAL_LT_13_5|PULLEY_RESIDUAL_LT_10
G-IN4.00-P12.00-OUT03.50,0.5,1,,C/C,O/O,4.0,12.0,3.5,18.0,59.0,91.0,7.0,5.0,16.0,10.0,7.0,1.0,16.5,13.0,7.5,4.0,39.5,PASS_95X140X5_REFERENCE,12.0,135.5,141.5,290.0,-145.0|145.0,19.5,False,FAIL,BELT_NOMINAL_LT_14|BELT_RESIDUAL_LT_8|PULLEY_NOMINAL_LT_13_5|PULLEY_RESIDUAL_LT_10
G-IN4.00-P12.00-OUT04.00,0.5,1,,C/C,O/O,4.0,12.0,4.0,18.0,59.0,91.5,7.0,5.0,16.0,10.0,7.5,1.5,16.5,13.0,8.0,4.5,39.0,PASS_95X140X5_REFERENCE,12.0,135.5,141.5,290.0,-145.0|145.0,20.0,False,FAIL,BELT_NOMINAL_LT_14|BELT_RESIDUAL_LT_8|PULLEY_NOMINAL_LT_13_5|PULLEY_RESIDUAL_LT_10
G-IN4.00-P12.00-OUT04.50,0.5,1,,C/C,O/O,4.0,12.0,4.5,18.0,59.0,92.0,7.0,5.0,16.0,10.0,8.0,2.0,16.5,13.0,8.5,5.0,38.5,PASS_95X140X5_REFERENCE,12.0,135.5,141.5,290.0,-145.0|145.0,20.5,False,FAIL,BELT_NOMINAL_LT_14|BELT_RESIDUAL_LT_8|PULLEY_NOMINAL_LT_13_5|PULLEY_RESIDUAL_LT_10
G-IN4.00-P12.00-OUT05.00,0.5,1,,C/C,O/O,4.0,12.0,5.0,18.0,59.0,92.5,7.0,5.0,16.0,10.0,8.5,2.5,16.5,13.0,9.0,5.5,38.0,PASS_95X140X5_REFERENCE,12.0,135.5,141.5,290.0,-145.0|145.0,21.0,False,FAIL,BELT_NOMINAL_LT_14|BELT_RESIDUAL_LT_8|PULLEY_NOMINAL_LT_13_5|PULLEY_RESIDUAL_LT_10
G-IN4.00-P12.00-OUT05.50,0.5,1,,C/C,O/O,4.0,12.0,5.5,18.0,59.0,93.0,7.0,5.0,16.0,10.0,9.0,3.0,16.5,13.0,9.5,6.0,37.5,PASS_95X140X5_REFERENCE,12.0,135.5,141.5,290.0,-145.0|145.0,21.5,False,FAIL,BELT_NOMINAL_LT_14|BELT_RESIDUAL_LT_8|PULLEY_NOMINAL_LT_13_5|PULLEY_RESIDUAL_LT_10
G-IN4.00-P12.00-OUT06.00,0.5,1,,C/C,O/O,4.0,12.0,6.0,18.0,59.0,93.5,7.0,5.0,16.0,10.0,9.5,3.5,16.5,13.0,10.0,6.5,37.0,PASS_95X140X5_REFERENCE,12.0,135.5,141.5,290.0,-145.0|145.0,22.0,False,FAIL,BELT_NOMINAL_LT_14|BELT_RESIDUAL_LT_8|PULLEY_NOMINAL_LT_13_5|PULLEY_RESIDUAL_LT_10
G-IN4.00-P12.00-OUT06.50,0.5,1,,C/C,O/O,4.0,12.0,6.5,18.0,59.0,94.0,7.0,5.0,16.0,10.0,10.0,4.0,16.5,13.0,10.5,7.0,36.5,PASS_95X140X5_REFERENCE,12.0,135.5,141.5,290.0,-145.0|145.0,22.5,False,FAIL,BELT_NOMINAL_LT_14|BELT_RESIDUAL_LT_8|PULLEY_NOMINAL_LT_13_5|PULLEY_RESIDUAL_LT_10
G-IN4.00-P12.00-OUT07.00,0.5,1,,C/C,O/O,4.0,12.0,7.0,18.0,59.0,94.5,7.0,5.0,16.0,10.0,10.5,4.5,16.5,13.0,11.0,7.5,36.0,PASS_95X140X5_REFERENCE,12.0,135.5,141.5,290.0,-145.0|145.0,23.0,False,FAIL,BELT_NOMINAL_LT_14|BELT_RESIDUAL_LT_8|PULLEY_NOMINAL_LT_13_5|PULLEY_RESIDUAL_LT_10
G-IN4.00-P12.00-OUT07.50,0.5,1,,C/C,O/O,4.0,12.0,7.5,18.0,59.0,95.0,7.0,5.0,16.0,10.0,11.0,5.0,16.5,13.0,11.5,8.0,35.5,PASS_95X140X5_REFERENCE,12.0,135.5,141.5,290.0,-145.0|145.0,23.5,False,FAIL,BELT_NOMINAL_LT_14|BELT_RESIDUAL_LT_8|PULLEY_NOMINAL_LT_13_5|PULLEY_RESIDUAL_LT_10
G-IN4.00-P12.00-OUT08.00,0.5,1,,C/C,O/O,4.0,12.0,8.0,18.0,59.0,95.5,7.0,5.0,16.0,10.0,11.5,5.5,16.5,13.0,12.0,8.5,35.0,PASS_95X140X5_REFERENCE,12.0,135.5,141.5,290.0,-145.0|145.0,24.0,False,FAIL,BELT_NOMINAL_LT_14|BELT_RESIDUAL_LT_8|PULLEY_NOMINAL_LT_13_5|PULLEY_RESIDUAL_LT_10
G-IN4.00-P12.00-OUT08.50,0.5,1,,C/C,O/O,4.0,12.0,8.5,18.0,59.0,96.0,7.0,5.0,16.0,10.0,12.0,6.0,16.5,13.0,12.5,9.0,34.5,PASS_95X140X5_REFERENCE,12.0,135.5,141.5,290.0,-145.0|145.0,24.5,False,FAIL,BELT_NOMINAL_LT_14|BELT_RESIDUAL_LT_8|PULLEY_NOMINAL_LT_13_5|PULLEY_RESIDUAL_LT_10
G-IN4.00-P12.00-OUT09.00,0.5,1,,C/C,O/O,4.0,12.0,9.0,18.0,59.0,96.5,7.0,5.0,16.0,10.0,12.5,6.5,16.5,13.0,13.0,9.5,34.0,PASS_95X140X5_REFERENCE,12.0,135.5,141.5,290.0,-145.0|145.0,25.0,False,FAIL,BELT_NOMINAL_LT_14|BELT_RESIDUAL_LT_8|PULLEY_NOMINAL_LT_13_5|PULLEY_RESIDUAL_LT_10
G-IN4.00-P12.00-OUT09.50,0.5,1,,C/C,O/O,4.0,12.0,9.5,18.0,59.0,97.0,7.0,5.0,16.0,10.0,13.0,7.0,16.5,13.0,13.5,10.0,33.5,PASS_95X140X5_REFERENCE,12.0,135.5,141.5,290.0,-145.0|145.0,25.5,False,FAIL,BELT_NOMINAL_LT_14|BELT_RESIDUAL_LT_8
G-IN4.00-P12.00-OUT10.00,0.5,1,,C/C,O/O,4.0,12.0,10.0,18.0,59.0,97.5,7.0,5.0,16.0,10.0,13.5,7.5,16.5,13.0,14.0,10.5,33.0,PASS_95X140X5_REFERENCE,12.0,135.5,141.5,290.0,-145.0|145.0,26.0,False,FAIL,BELT_NOMINAL_LT_14|BELT_RESIDUAL_LT_8
G-IN4.50-P05.00-OUT03.00,0.5,1,,C/C,O/O,4.5,5.0,3.0,18.5,52.0,90.5,8.0,6.0,8.5,2.5,13.5,7.5,9.0,5.5,14.0,10.5,40.0,PASS_95X140X5_REFERENCE,12.0,135.0,141.0,290.0,-145.0|145.0,12.5,False,FAIL,BELT_NOMINAL_LT_14|BELT_RESIDUAL_LT_8|PULLEY_NOMINAL_LT_13_5|PULLEY_RESIDUAL_LT_10
G-IN4.50-P05.00-OUT03.50,0.5,1,,C/C,O/O,4.5,5.0,3.5,18.5,52.0,91.0,8.0,6.0,8.5,2.5,14.0,8.0,9.0,5.5,14.5,11.0,39.5,PASS_95X140X5_REFERENCE,12.0,135.0,141.0,290.0,-145.0|145.0,13.0,False,FAIL,BELT_NOMINAL_LT_14|BELT_RESIDUAL_LT_8|PULLEY_NOMINAL_LT_13_5|PULLEY_RESIDUAL_LT_10
G-IN4.50-P05.00-OUT04.00,0.5,1,,C/C,O/O,4.5,5.0,4.0,18.5,52.0,91.5,8.0,6.0,8.5,2.5,14.5,8.5,9.0,5.5,15.0,11.5,39.0,PASS_95X140X5_REFERENCE,12.0,135.0,141.0,290.0,-145.0|145.0,13.5,False,FAIL,BELT_NOMINAL_LT_14|BELT_RESIDUAL_LT_8|PULLEY_NOMINAL_LT_13_5|PULLEY_RESIDUAL_LT_10
G-IN4.50-P05.00-OUT04.50,0.5,1,,C/C,O/O,4.5,5.0,4.5,18.5,52.0,92.0,8.0,6.0,8.5,2.5,15.0,9.0,9.0,5.5,15.5,12.0,38.5,PASS_95X140X5_REFERENCE,12.0,135.0,141.0,290.0,-145.0|145.0,14.0,False,FAIL,BELT_NOMINAL_LT_14|BELT_RESIDUAL_LT_8|PULLEY_NOMINAL_LT_13_5|PULLEY_RESIDUAL_LT_10
G-IN4.50-P05.00-OUT05.00,0.5,1,,C/C,O/O,4.5,5.0,5.0,18.5,52.0,92.5,8.0,6.0,8.5,2.5,15.5,9.5,9.0,5.5,16.0,12.5,38.0,PASS_95X140X5_REFERENCE,12.0,135.0,141.0,290.0,-145.0|145.0,14.5,False,FAIL,BELT_NOMINAL_LT_14|BELT_RESIDUAL_LT_8|PULLEY_NOMINAL_LT_13_5|PULLEY_RESIDUAL_LT_10
G-IN4.50-P05.00-OUT05.50,0.5,1,,C/C,O/O,4.5,5.0,5.5,18.5,52.0,93.0,8.0,6.0,8.5,2.5,16.0,10.0,9.0,5.5,16.5,13.0,37.5,PASS_95X140X5_REFERENCE,12.0,135.0,141.0,290.0,-145.0|145.0,15.0,False,FAIL,BELT_NOMINAL_LT_14|BELT_RESIDUAL_LT_8|PULLEY_NOMINAL_LT_13_5|PULLEY_RESIDUAL_LT_10
G-IN4.50-P05.00-OUT06.00,0.5,1,,C/C,O/O,4.5,5.0,6.0,18.5,52.0,93.5,8.0,6.0,8.5,2.5,16.5,10.5,9.0,5.5,17.0,13.5,37.0,PASS_95X140X5_REFERENCE,12.0,135.0,141.0,290.0,-145.0|145.0,15.5,False,FAIL,BELT_NOMINAL_LT_14|BELT_RESIDUAL_LT_8|PULLEY_NOMINAL_LT_13_5|PULLEY_RESIDUAL_LT_10
G-IN4.50-P05.00-OUT06.50,0.5,1,,C/C,O/O,4.5,5.0,6.5,18.5,52.0,94.0,8.0,6.0,8.5,2.5,17.0,11.0,9.0,5.5,17.5,14.0,36.5,PASS_95X140X5_REFERENCE,12.0,135.0,141.0,290.0,-145.0|145.0,16.0,False,FAIL,BELT_NOMINAL_LT_14|BELT_RESIDUAL_LT_8|PULLEY_NOMINAL_LT_13_5|PULLEY_RESIDUAL_LT_10
G-IN4.50-P05.00-OUT07.00,0.5,1,,C/C,O/O,4.5,5.0,7.0,18.5,52.0,94.5,8.0,6.0,8.5,2.5,17.5,11.5,9.0,5.5,18.0,14.5,36.0,PASS_95X140X5_REFERENCE,12.0,135.0,141.0,290.0,-145.0|145.0,16.5,False,FAIL,BELT_NOMINAL_LT_14|BELT_RESIDUAL_LT_8|PULLEY_NOMINAL_LT_13_5|PULLEY_RESIDUAL_LT_10
G-IN4.50-P05.00-OUT07.50,0.5,1,,C/C,O/O,4.5,5.0,7.5,18.5,52.0,95.0,8.0,6.0,8.5,2.5,18.0,12.0,9.0,5.5,18.5,15.0,35.5,PASS_95X140X5_REFERENCE,12.0,135.0,141.0,290.0,-145.0|145.0,17.0,False,FAIL,BELT_NOMINAL_LT_14|BELT_RESIDUAL_LT_8|PULLEY_NOMINAL_LT_13_5|PULLEY_RESIDUAL_LT_10
G-IN4.50-P05.00-OUT08.00,0.5,1,,C/C,O/O,4.5,5.0,8.0,18.5,52.0,95.5,8.0,6.0,8.5,2.5,18.5,12.5,9.0,5.5,19.0,15.5,35.0,PASS_95X140X5_REFERENCE,12.0,135.0,141.0,290.0,-145.0|145.0,17.5,False,FAIL,BELT_NOMINAL_LT_14|BELT_RESIDUAL_LT_8|PULLEY_NOMINAL_LT_13_5|PULLEY_RESIDUAL_LT_10
G-IN4.50-P05.00-OUT08.50,0.5,1,,C/C,O/O,4.5,5.0,8.5,18.5,52.0,96.0,8.0,6.0,8.5,2.5,19.0,13.0,9.0,5.5,19.5,16.0,34.5,PASS_95X140X5_REFERENCE,12.0,135.0,141.0,290.0,-145.0|145.0,18.0,False,FAIL,BELT_NOMINAL_LT_14|BELT_RESIDUAL_LT_8|PULLEY_NOMINAL_LT_13_5|PULLEY_RESIDUAL_LT_10
G-IN4.50-P05.00-OUT09.00,0.5,1,,C/C,O/O,4.5,5.0,9.0,18.5,52.0,96.5,8.0,6.0,8.5,2.5,19.5,13.5,9.0,5.5,20.0,16.5,34.0,PASS_95X140X5_REFERENCE,12.0,135.0,141.0,290.0,-145.0|145.0,18.5,False,FAIL,BELT_NOMINAL_LT_14|BELT_RESIDUAL_LT_8|PULLEY_NOMINAL_LT_13_5|PULLEY_RESIDUAL_LT_10
G-IN4.50-P05.00-OUT09.50,0.5,1,,C/C,O/O,4.5,5.0,9.5,18.5,52.0,97.0,8.0,6.0,8.5,2.5,20.0,14.0,9.0,5.5,20.5,17.0,33.5,PASS_95X140X5_REFERENCE,12.0,135.0,141.0,290.0,-145.0|145.0,19.0,False,FAIL,BELT_NOMINAL_LT_14|BELT_RESIDUAL_LT_8|PULLEY_NOMINAL_LT_13_5|PULLEY_RESIDUAL_LT_10
G-IN4.50-P05.00-OUT10.00,0.5,1,,C/C,O/O,4.5,5.0,10.0,18.5,52.0,97.5,8.0,6.0,8.5,2.5,20.5,14.5,9.0,5.5,21.0,17.5,33.0,PASS_95X140X5_REFERENCE,12.0,135.0,141.0,290.0,-145.0|145.0,19.5,False,FAIL,BELT_NOMINAL_LT_14|BELT_RESIDUAL_LT_8|PULLEY_NOMINAL_LT_13_5|PULLEY_RESIDUAL_LT_10
G-IN4.50-P05.50-OUT03.00,0.5,1,,C/C,O/O,4.5,5.5,3.0,18.5,52.5,90.5,8.0,6.0,9.0,3.0,13.0,7.0,9.5,6.0,13.5,10.0,40.0,PASS_95X140X5_REFERENCE,12.0,135.0,141.0,290.0,-145.0|145.0,13.0,False,FAIL,BELT_NOMINAL_LT_14|BELT_RESIDUAL_LT_8|PULLEY_NOMINAL_LT_13_5|PULLEY_RESIDUAL_LT_10
G-IN4.50-P05.50-OUT03.50,0.5,1,,C/C,O/O,4.5,5.5,3.5,18.5,52.5,91.0,8.0,6.0,9.0,3.0,13.5,7.5,9.5,6.0,14.0,10.5,39.5,PASS_95X140X5_REFERENCE,12.0,135.0,141.0,290.0,-145.0|145.0,13.5,False,FAIL,BELT_NOMINAL_LT_14|BELT_RESIDUAL_LT_8|PULLEY_NOMINAL_LT_13_5|PULLEY_RESIDUAL_LT_10
G-IN4.50-P05.50-OUT04.00,0.5,1,,C/C,O/O,4.5,5.5,4.0,18.5,52.5,91.5,8.0,6.0,9.0,3.0,14.0,8.0,9.5,6.0,14.5,11.0,39.0,PASS_95X140X5_REFERENCE,12.0,135.0,141.0,290.0,-145.0|145.0,14.0,False,FAIL,BELT_NOMINAL_LT_14|BELT_RESIDUAL_LT_8|PULLEY_NOMINAL_LT_13_5|PULLEY_RESIDUAL_LT_10
G-IN4.50-P05.50-OUT04.50,0.5,1,,C/C,O/O,4.5,5.5,4.5,18.5,52.5,92.0,8.0,6.0,9.0,3.0,14.5,8.5,9.5,6.0,15.0,11.5,38.5,PASS_95X140X5_REFERENCE,12.0,135.0,141.0,290.0,-145.0|145.0,14.5,False,FAIL,BELT_NOMINAL_LT_14|BELT_RESIDUAL_LT_8|PULLEY_NOMINAL_LT_13_5|PULLEY_RESIDUAL_LT_10
G-IN4.50-P05.50-OUT05.00,0.5,1,,C/C,O/O,4.5,5.5,5.0,18.5,52.5,92.5,8.0,6.0,9.0,3.0,15.0,9.0,9.5,6.0,15.5,12.0,38.0,PASS_95X140X5_REFERENCE,12.0,135.0,141.0,290.0,-145.0|145.0,15.0,False,FAIL,BELT_NOMINAL_LT_14|BELT_RESIDUAL_LT_8|PULLEY_NOMINAL_LT_13_5|PULLEY_RESIDUAL_LT_10
G-IN4.50-P05.50-OUT05.50,0.5,1,,C/C,O/O,4.5,5.5,5.5,18.5,52.5,93.0,8.0,6.0,9.0,3.0,15.5,9.5,9.5,6.0,16.0,12.5,37.5,PASS_95X140X5_REFERENCE,12.0,135.0,141.0,290.0,-145.0|145.0,15.5,False,FAIL,BELT_NOMINAL_LT_14|BELT_RESIDUAL_LT_8|PULLEY_NOMINAL_LT_13_5|PULLEY_RESIDUAL_LT_10
G-IN4.50-P05.50-OUT06.00,0.5,1,,C/C,O/O,4.5,5.5,6.0,18.5,52.5,93.5,8.0,6.0,9.0,3.0,16.0,10.0,9.5,6.0,16.5,13.0,37.0,PASS_95X140X5_REFERENCE,12.0,135.0,141.0,290.0,-145.0|145.0,16.0,False,FAIL,BELT_NOMINAL_LT_14|BELT_RESIDUAL_LT_8|PULLEY_NOMINAL_LT_13_5|PULLEY_RESIDUAL_LT_10
G-IN4.50-P05.50-OUT06.50,0.5,1,,C/C,O/O,4.5,5.5,6.5,18.5,52.5,94.0,8.0,6.0,9.0,3.0,16.5,10.5,9.5,6.0,17.0,13.5,36.5,PASS_95X140X5_REFERENCE,12.0,135.0,141.0,290.0,-145.0|145.0,16.5,False,FAIL,BELT_NOMINAL_LT_14|BELT_RESIDUAL_LT_8|PULLEY_NOMINAL_LT_13_5|PULLEY_RESIDUAL_LT_10
G-IN4.50-P05.50-OUT07.00,0.5,1,,C/C,O/O,4.5,5.5,7.0,18.5,52.5,94.5,8.0,6.0,9.0,3.0,17.0,11.0,9.5,6.0,17.5,14.0,36.0,PASS_95X140X5_REFERENCE,12.0,135.0,141.0,290.0,-145.0|145.0,17.0,False,FAIL,BELT_NOMINAL_LT_14|BELT_RESIDUAL_LT_8|PULLEY_NOMINAL_LT_13_5|PULLEY_RESIDUAL_LT_10
G-IN4.50-P05.50-OUT07.50,0.5,1,,C/C,O/O,4.5,5.5,7.5,18.5,52.5,95.0,8.0,6.0,9.0,3.0,17.5,11.5,9.5,6.0,18.0,14.5,35.5,PASS_95X140X5_REFERENCE,12.0,135.0,141.0,290.0,-145.0|145.0,17.5,False,FAIL,BELT_NOMINAL_LT_14|BELT_RESIDUAL_LT_8|PULLEY_NOMINAL_LT_13_5|PULLEY_RESIDUAL_LT_10
G-IN4.50-P05.50-OUT08.00,0.5,1,,C/C,O/O,4.5,5.5,8.0,18.5,52.5,95.5,8.0,6.0,9.0,3.0,18.0,12.0,9.5,6.0,18.5,15.0,35.0,PASS_95X140X5_REFERENCE,12.0,135.0,141.0,290.0,-145.0|145.0,18.0,False,FAIL,BELT_NOMINAL_LT_14|BELT_RESIDUAL_LT_8|PULLEY_NOMINAL_LT_13_5|PULLEY_RESIDUAL_LT_10
G-IN4.50-P05.50-OUT08.50,0.5,1,,C/C,O/O,4.5,5.5,8.5,18.5,52.5,96.0,8.0,6.0,9.0,3.0,18.5,12.5,9.5,6.0,19.0,15.5,34.5,PASS_95X140X5_REFERENCE,12.0,135.0,141.0,290.0,-145.0|145.0,18.5,False,FAIL,BELT_NOMINAL_LT_14|BELT_RESIDUAL_LT_8|PULLEY_NOMINAL_LT_13_5|PULLEY_RESIDUAL_LT_10
G-IN4.50-P05.50-OUT09.00,0.5,1,,C/C,O/O,4.5,5.5,9.0,18.5,52.5,96.5,8.0,6.0,9.0,3.0,19.0,13.0,9.5,6.0,19.5,16.0,34.0,PASS_95X140X5_REFERENCE,12.0,135.0,141.0,290.0,-145.0|145.0,19.0,False,FAIL,BELT_NOMINAL_LT_14|BELT_RESIDUAL_LT_8|PULLEY_NOMINAL_LT_13_5|PULLEY_RESIDUAL_LT_10
G-IN4.50-P05.50-OUT09.50,0.5,1,,C/C,O/O,4.5,5.5,9.5,18.5,52.5,97.0,8.0,6.0,9.0,3.0,19.5,13.5,9.5,6.0,20.0,16.5,33.5,PASS_95X140X5_REFERENCE,12.0,135.0,141.0,290.0,-145.0|145.0,19.5,False,FAIL,BELT_NOMINAL_LT_14|BELT_RESIDUAL_LT_8|PULLEY_NOMINAL_LT_13_5|PULLEY_RESIDUAL_LT_10
G-IN4.50-P05.50-OUT10.00,0.5,1,,C/C,O/O,4.5,5.5,10.0,18.5,52.5,97.5,8.0,6.0,9.0,3.0,20.0,14.0,9.5,6.0,20.5,17.0,33.0,PASS_95X140X5_REFERENCE,12.0,135.0,141.0,290.0,-145.0|145.0,20.0,False,FAIL,BELT_NOMINAL_LT_14|BELT_RESIDUAL_LT_8|PULLEY_NOMINAL_LT_13_5|PULLEY_RESIDUAL_LT_10
G-IN4.50-P06.00-OUT03.00,0.5,1,,C/C,O/O,4.5,6.0,3.0,18.5,53.0,90.5,8.0,6.0,9.5,3.5,12.5,6.5,10.0,6.5,13.0,9.5,40.0,PASS_95X140X5_REFERENCE,12.0,135.0,141.0,290.0,-145.0|145.0,13.5,False,FAIL,BELT_NOMINAL_LT_14|BELT_RESIDUAL_LT_8|PULLEY_NOMINAL_LT_13_5|PULLEY_RESIDUAL_LT_10
G-IN4.50-P06.00-OUT03.50,0.5,1,,C/C,O/O,4.5,6.0,3.5,18.5,53.0,91.0,8.0,6.0,9.5,3.5,13.0,7.0,10.0,6.5,13.5,10.0,39.5,PASS_95X140X5_REFERENCE,12.0,135.0,141.0,290.0,-145.0|145.0,14.0,False,FAIL,BELT_NOMINAL_LT_14|BELT_RESIDUAL_LT_8|PULLEY_NOMINAL_LT_13_5|PULLEY_RESIDUAL_LT_10
G-IN4.50-P06.00-OUT04.00,0.5,1,,C/C,O/O,4.5,6.0,4.0,18.5,53.0,91.5,8.0,6.0,9.5,3.5,13.5,7.5,10.0,6.5,14.0,10.5,39.0,PASS_95X140X5_REFERENCE,12.0,135.0,141.0,290.0,-145.0|145.0,14.5,False,FAIL,BELT_NOMINAL_LT_14|BELT_RESIDUAL_LT_8|PULLEY_NOMINAL_LT_13_5|PULLEY_RESIDUAL_LT_10
G-IN4.50-P06.00-OUT04.50,0.5,1,,C/C,O/O,4.5,6.0,4.5,18.5,53.0,92.0,8.0,6.0,9.5,3.5,14.0,8.0,10.0,6.5,14.5,11.0,38.5,PASS_95X140X5_REFERENCE,12.0,135.0,141.0,290.0,-145.0|145.0,15.0,False,FAIL,BELT_NOMINAL_LT_14|BELT_RESIDUAL_LT_8|PULLEY_NOMINAL_LT_13_5|PULLEY_RESIDUAL_LT_10
G-IN4.50-P06.00-OUT05.00,0.5,1,,C/C,O/O,4.5,6.0,5.0,18.5,53.0,92.5,8.0,6.0,9.5,3.5,14.5,8.5,10.0,6.5,15.0,11.5,38.0,PASS_95X140X5_REFERENCE,12.0,135.0,141.0,290.0,-145.0|145.0,15.5,False,FAIL,BELT_NOMINAL_LT_14|BELT_RESIDUAL_LT_8|PULLEY_NOMINAL_LT_13_5|PULLEY_RESIDUAL_LT_10
G-IN4.50-P06.00-OUT05.50,0.5,1,,C/C,O/O,4.5,6.0,5.5,18.5,53.0,93.0,8.0,6.0,9.5,3.5,15.0,9.0,10.0,6.5,15.5,12.0,37.5,PASS_95X140X5_REFERENCE,12.0,135.0,141.0,290.0,-145.0|145.0,16.0,False,FAIL,BELT_NOMINAL_LT_14|BELT_RESIDUAL_LT_8|PULLEY_NOMINAL_LT_13_5|PULLEY_RESIDUAL_LT_10
G-IN4.50-P06.00-OUT06.00,0.5,1,,C/C,O/O,4.5,6.0,6.0,18.5,53.0,93.5,8.0,6.0,9.5,3.5,15.5,9.5,10.0,6.5,16.0,12.5,37.0,PASS_95X140X5_REFERENCE,12.0,135.0,141.0,290.0,-145.0|145.0,16.5,False,FAIL,BELT_NOMINAL_LT_14|BELT_RESIDUAL_LT_8|PULLEY_NOMINAL_LT_13_5|PULLEY_RESIDUAL_LT_10
G-IN4.50-P06.00-OUT06.50,0.5,1,,C/C,O/O,4.5,6.0,6.5,18.5,53.0,94.0,8.0,6.0,9.5,3.5,16.0,10.0,10.0,6.5,16.5,13.0,36.5,PASS_95X140X5_REFERENCE,12.0,135.0,141.0,290.0,-145.0|145.0,17.0,False,FAIL,BELT_NOMINAL_LT_14|BELT_RESIDUAL_LT_8|PULLEY_NOMINAL_LT_13_5|PULLEY_RESIDUAL_LT_10
G-IN4.50-P06.00-OUT07.00,0.5,1,,C/C,O/O,4.5,6.0,7.0,18.5,53.0,94.5,8.0,6.0,9.5,3.5,16.5,10.5,10.0,6.5,17.0,13.5,36.0,PASS_95X140X5_REFERENCE,12.0,135.0,141.0,290.0,-145.0|145.0,17.5,False,FAIL,BELT_NOMINAL_LT_14|BELT_RESIDUAL_LT_8|PULLEY_NOMINAL_LT_13_5|PULLEY_RESIDUAL_LT_10
G-IN4.50-P06.00-OUT07.50,0.5,1,,C/C,O/O,4.5,6.0,7.5,18.5,53.0,95.0,8.0,6.0,9.5,3.5,17.0,11.0,10.0,6.5,17.5,14.0,35.5,PASS_95X140X5_REFERENCE,12.0,135.0,141.0,290.0,-145.0|145.0,18.0,False,FAIL,BELT_NOMINAL_LT_14|BELT_RESIDUAL_LT_8|PULLEY_NOMINAL_LT_13_5|PULLEY_RESIDUAL_LT_10
G-IN4.50-P06.00-OUT08.00,0.5,1,,C/C,O/O,4.5,6.0,8.0,18.5,53.0,95.5,8.0,6.0,9.5,3.5,17.5,11.5,10.0,6.5,18.0,14.5,35.0,PASS_95X140X5_REFERENCE,12.0,135.0,141.0,290.0,-145.0|145.0,18.5,False,FAIL,BELT_NOMINAL_LT_14|BELT_RESIDUAL_LT_8|PULLEY_NOMINAL_LT_13_5|PULLEY_RESIDUAL_LT_10
G-IN4.50-P06.00-OUT08.50,0.5,1,,C/C,O/O,4.5,6.0,8.5,18.5,53.0,96.0,8.0,6.0,9.5,3.5,18.0,12.0,10.0,6.5,18.5,15.0,34.5,PASS_95X140X5_REFERENCE,12.0,135.0,141.0,290.0,-145.0|145.0,19.0,False,FAIL,BELT_NOMINAL_LT_14|BELT_RESIDUAL_LT_8|PULLEY_NOMINAL_LT_13_5|PULLEY_RESIDUAL_LT_10
G-IN4.50-P06.00-OUT09.00,0.5,1,,C/C,O/O,4.5,6.0,9.0,18.5,53.0,96.5,8.0,6.0,9.5,3.5,18.5,12.5,10.0,6.5,19.0,15.5,34.0,PASS_95X140X5_REFERENCE,12.0,135.0,141.0,290.0,-145.0|145.0,19.5,False,FAIL,BELT_NOMINAL_LT_14|BELT_RESIDUAL_LT_8|PULLEY_NOMINAL_LT_13_5|PULLEY_RESIDUAL_LT_10
G-IN4.50-P06.00-OUT09.50,0.5,1,,C/C,O/O,4.5,6.0,9.5,18.5,53.0,97.0,8.0,6.0,9.5,3.5,19.0,13.0,10.0,6.5,19.5,16.0,33.5,PASS_95X140X5_REFERENCE,12.0,135.0,141.0,290.0,-145.0|145.0,20.0,False,FAIL,BELT_NOMINAL_LT_14|BELT_RESIDUAL_LT_8|PULLEY_NOMINAL_LT_13_5|PULLEY_RESIDUAL_LT_10
G-IN4.50-P06.00-OUT10.00,0.5,1,,C/C,O/O,4.5,6.0,10.0,18.5,53.0,97.5,8.0,6.0,9.5,3.5,19.5,13.5,10.0,6.5,20.0,16.5,33.0,PASS_95X140X5_REFERENCE,12.0,135.0,141.0,290.0,-145.0|145.0,20.5,False,FAIL,BELT_NOMINAL_LT_14|BELT_RESIDUAL_LT_8|PULLEY_NOMINAL_LT_13_5|PULLEY_RESIDUAL_LT_10
G-IN4.50-P06.50-OUT03.00,0.5,1,,C/C,O/O,4.5,6.5,3.0,18.5,53.5,90.5,8.0,6.0,10.0,4.0,12.0,6.0,10.5,7.0,12.5,9.0,40.0,PASS_95X140X5_REFERENCE,12.0,135.0,141.0,290.0,-145.0|145.0,14.0,False,FAIL,BELT_NOMINAL_LT_14|BELT_RESIDUAL_LT_8|PULLEY_NOMINAL_LT_13_5|PULLEY_RESIDUAL_LT_10
G-IN4.50-P06.50-OUT03.50,0.5,1,,C/C,O/O,4.5,6.5,3.5,18.5,53.5,91.0,8.0,6.0,10.0,4.0,12.5,6.5,10.5,7.0,13.0,9.5,39.5,PASS_95X140X5_REFERENCE,12.0,135.0,141.0,290.0,-145.0|145.0,14.5,False,FAIL,BELT_NOMINAL_LT_14|BELT_RESIDUAL_LT_8|PULLEY_NOMINAL_LT_13_5|PULLEY_RESIDUAL_LT_10
G-IN4.50-P06.50-OUT04.00,0.5,1,,C/C,O/O,4.5,6.5,4.0,18.5,53.5,91.5,8.0,6.0,10.0,4.0,13.0,7.0,10.5,7.0,13.5,10.0,39.0,PASS_95X140X5_REFERENCE,12.0,135.0,141.0,290.0,-145.0|145.0,15.0,False,FAIL,BELT_NOMINAL_LT_14|BELT_RESIDUAL_LT_8|PULLEY_NOMINAL_LT_13_5|PULLEY_RESIDUAL_LT_10
G-IN4.50-P06.50-OUT04.50,0.5,1,,C/C,O/O,4.5,6.5,4.5,18.5,53.5,92.0,8.0,6.0,10.0,4.0,13.5,7.5,10.5,7.0,14.0,10.5,38.5,PASS_95X140X5_REFERENCE,12.0,135.0,141.0,290.0,-145.0|145.0,15.5,False,FAIL,BELT_NOMINAL_LT_14|BELT_RESIDUAL_LT_8|PULLEY_NOMINAL_LT_13_5|PULLEY_RESIDUAL_LT_10
G-IN4.50-P06.50-OUT05.00,0.5,1,,C/C,O/O,4.5,6.5,5.0,18.5,53.5,92.5,8.0,6.0,10.0,4.0,14.0,8.0,10.5,7.0,14.5,11.0,38.0,PASS_95X140X5_REFERENCE,12.0,135.0,141.0,290.0,-145.0|145.0,16.0,False,FAIL,BELT_NOMINAL_LT_14|BELT_RESIDUAL_LT_8|PULLEY_NOMINAL_LT_13_5|PULLEY_RESIDUAL_LT_10
G-IN4.50-P06.50-OUT05.50,0.5,1,,C/C,O/O,4.5,6.5,5.5,18.5,53.5,93.0,8.0,6.0,10.0,4.0,14.5,8.5,10.5,7.0,15.0,11.5,37.5,PASS_95X140X5_REFERENCE,12.0,135.0,141.0,290.0,-145.0|145.0,16.5,False,FAIL,BELT_NOMINAL_LT_14|BELT_RESIDUAL_LT_8|PULLEY_NOMINAL_LT_13_5|PULLEY_RESIDUAL_LT_10
G-IN4.50-P06.50-OUT06.00,0.5,1,,C/C,O/O,4.5,6.5,6.0,18.5,53.5,93.5,8.0,6.0,10.0,4.0,15.0,9.0,10.5,7.0,15.5,12.0,37.0,PASS_95X140X5_REFERENCE,12.0,135.0,141.0,290.0,-145.0|145.0,17.0,False,FAIL,BELT_NOMINAL_LT_14|BELT_RESIDUAL_LT_8|PULLEY_NOMINAL_LT_13_5|PULLEY_RESIDUAL_LT_10
G-IN4.50-P06.50-OUT06.50,0.5,1,,C/C,O/O,4.5,6.5,6.5,18.5,53.5,94.0,8.0,6.0,10.0,4.0,15.5,9.5,10.5,7.0,16.0,12.5,36.5,PASS_95X140X5_REFERENCE,12.0,135.0,141.0,290.0,-145.0|145.0,17.5,False,FAIL,BELT_NOMINAL_LT_14|BELT_RESIDUAL_LT_8|PULLEY_NOMINAL_LT_13_5|PULLEY_RESIDUAL_LT_10
G-IN4.50-P06.50-OUT07.00,0.5,1,,C/C,O/O,4.5,6.5,7.0,18.5,53.5,94.5,8.0,6.0,10.0,4.0,16.0,10.0,10.5,7.0,16.5,13.0,36.0,PASS_95X140X5_REFERENCE,12.0,135.0,141.0,290.0,-145.0|145.0,18.0,False,FAIL,BELT_NOMINAL_LT_14|BELT_RESIDUAL_LT_8|PULLEY_NOMINAL_LT_13_5|PULLEY_RESIDUAL_LT_10
G-IN4.50-P06.50-OUT07.50,0.5,1,,C/C,O/O,4.5,6.5,7.5,18.5,53.5,95.0,8.0,6.0,10.0,4.0,16.5,10.5,10.5,7.0,17.0,13.5,35.5,PASS_95X140X5_REFERENCE,12.0,135.0,141.0,290.0,-145.0|145.0,18.5,False,FAIL,BELT_NOMINAL_LT_14|BELT_RESIDUAL_LT_8|PULLEY_NOMINAL_LT_13_5|PULLEY_RESIDUAL_LT_10
G-IN4.50-P06.50-OUT08.00,0.5,1,,C/C,O/O,4.5,6.5,8.0,18.5,53.5,95.5,8.0,6.0,10.0,4.0,17.0,11.0,10.5,7.0,17.5,14.0,35.0,PASS_95X140X5_REFERENCE,12.0,135.0,141.0,290.0,-145.0|145.0,19.0,False,FAIL,BELT_NOMINAL_LT_14|BELT_RESIDUAL_LT_8|PULLEY_NOMINAL_LT_13_5|PULLEY_RESIDUAL_LT_10
G-IN4.50-P06.50-OUT08.50,0.5,1,,C/C,O/O,4.5,6.5,8.5,18.5,53.5,96.0,8.0,6.0,10.0,4.0,17.5,11.5,10.5,7.0,18.0,14.5,34.5,PASS_95X140X5_REFERENCE,12.0,135.0,141.0,290.0,-145.0|145.0,19.5,False,FAIL,BELT_NOMINAL_LT_14|BELT_RESIDUAL_LT_8|PULLEY_NOMINAL_LT_13_5|PULLEY_RESIDUAL_LT_10
G-IN4.50-P06.50-OUT09.00,0.5,1,,C/C,O/O,4.5,6.5,9.0,18.5,53.5,96.5,8.0,6.0,10.0,4.0,18.0,12.0,10.5,7.0,18.5,15.0,34.0,PASS_95X140X5_REFERENCE,12.0,135.0,141.0,290.0,-145.0|145.0,20.0,False,FAIL,BELT_NOMINAL_LT_14|BELT_RESIDUAL_LT_8|PULLEY_NOMINAL_LT_13_5|PULLEY_RESIDUAL_LT_10
G-IN4.50-P06.50-OUT09.50,0.5,1,,C/C,O/O,4.5,6.5,9.5,18.5,53.5,97.0,8.0,6.0,10.0,4.0,18.5,12.5,10.5,7.0,19.0,15.5,33.5,PASS_95X140X5_REFERENCE,12.0,135.0,141.0,290.0,-145.0|145.0,20.5,False,FAIL,BELT_NOMINAL_LT_14|BELT_RESIDUAL_LT_8|PULLEY_NOMINAL_LT_13_5|PULLEY_RESIDUAL_LT_10
G-IN4.50-P06.50-OUT10.00,0.5,1,,C/C,O/O,4.5,6.5,10.0,18.5,53.5,97.5,8.0,6.0,10.0,4.0,19.0,13.0,10.5,7.0,19.5,16.0,33.0,PASS_95X140X5_REFERENCE,12.0,135.0,141.0,290.0,-145.0|145.0,21.0,False,FAIL,BELT_NOMINAL_LT_14|BELT_RESIDUAL_LT_8|PULLEY_NOMINAL_LT_13_5|PULLEY_RESIDUAL_LT_10
G-IN4.50-P07.00-OUT03.00,0.5,1,,C/C,O/O,4.5,7.0,3.0,18.5,54.0,90.5,8.0,6.0,10.5,4.5,11.5,5.5,11.0,7.5,12.0,8.5,40.0,PASS_95X140X5_REFERENCE,12.0,135.0,141.0,290.0,-145.0|145.0,14.5,False,FAIL,BELT_NOMINAL_LT_14|BELT_RESIDUAL_LT_8|PULLEY_NOMINAL_LT_13_5|PULLEY_RESIDUAL_LT_10
G-IN4.50-P07.00-OUT03.50,0.5,1,,C/C,O/O,4.5,7.0,3.5,18.5,54.0,91.0,8.0,6.0,10.5,4.5,12.0,6.0,11.0,7.5,12.5,9.0,39.5,PASS_95X140X5_REFERENCE,12.0,135.0,141.0,290.0,-145.0|145.0,15.0,False,FAIL,BELT_NOMINAL_LT_14|BELT_RESIDUAL_LT_8|PULLEY_NOMINAL_LT_13_5|PULLEY_RESIDUAL_LT_10
G-IN4.50-P07.00-OUT04.00,0.5,1,,C/C,O/O,4.5,7.0,4.0,18.5,54.0,91.5,8.0,6.0,10.5,4.5,12.5,6.5,11.0,7.5,13.0,9.5,39.0,PASS_95X140X5_REFERENCE,12.0,135.0,141.0,290.0,-145.0|145.0,15.5,False,FAIL,BELT_NOMINAL_LT_14|BELT_RESIDUAL_LT_8|PULLEY_NOMINAL_LT_13_5|PULLEY_RESIDUAL_LT_10
G-IN4.50-P07.00-OUT04.50,0.5,1,,C/C,O/O,4.5,7.0,4.5,18.5,54.0,92.0,8.0,6.0,10.5,4.5,13.0,7.0,11.0,7.5,13.5,10.0,38.5,PASS_95X140X5_REFERENCE,12.0,135.0,141.0,290.0,-145.0|145.0,16.0,False,FAIL,BELT_NOMINAL_LT_14|BELT_RESIDUAL_LT_8|PULLEY_NOMINAL_LT_13_5|PULLEY_RESIDUAL_LT_10
G-IN4.50-P07.00-OUT05.00,0.5,1,,C/C,O/O,4.5,7.0,5.0,18.5,54.0,92.5,8.0,6.0,10.5,4.5,13.5,7.5,11.0,7.5,14.0,10.5,38.0,PASS_95X140X5_REFERENCE,12.0,135.0,141.0,290.0,-145.0|145.0,16.5,False,FAIL,BELT_NOMINAL_LT_14|BELT_RESIDUAL_LT_8|PULLEY_NOMINAL_LT_13_5|PULLEY_RESIDUAL_LT_10
G-IN4.50-P07.00-OUT05.50,0.5,1,,C/C,O/O,4.5,7.0,5.5,18.5,54.0,93.0,8.0,6.0,10.5,4.5,14.0,8.0,11.0,7.5,14.5,11.0,37.5,PASS_95X140X5_REFERENCE,12.0,135.0,141.0,290.0,-145.0|145.0,17.0,False,FAIL,BELT_NOMINAL_LT_14|BELT_RESIDUAL_LT_8|PULLEY_NOMINAL_LT_13_5|PULLEY_RESIDUAL_LT_10
G-IN4.50-P07.00-OUT06.00,0.5,1,,C/C,O/O,4.5,7.0,6.0,18.5,54.0,93.5,8.0,6.0,10.5,4.5,14.5,8.5,11.0,7.5,15.0,11.5,37.0,PASS_95X140X5_REFERENCE,12.0,135.0,141.0,290.0,-145.0|145.0,17.5,False,FAIL,BELT_NOMINAL_LT_14|BELT_RESIDUAL_LT_8|PULLEY_NOMINAL_LT_13_5|PULLEY_RESIDUAL_LT_10
G-IN4.50-P07.00-OUT06.50,0.5,1,,C/C,O/O,4.5,7.0,6.5,18.5,54.0,94.0,8.0,6.0,10.5,4.5,15.0,9.0,11.0,7.5,15.5,12.0,36.5,PASS_95X140X5_REFERENCE,12.0,135.0,141.0,290.0,-145.0|145.0,18.0,False,FAIL,BELT_NOMINAL_LT_14|BELT_RESIDUAL_LT_8|PULLEY_NOMINAL_LT_13_5|PULLEY_RESIDUAL_LT_10
G-IN4.50-P07.00-OUT07.00,0.5,1,,C/C,O/O,4.5,7.0,7.0,18.5,54.0,94.5,8.0,6.0,10.5,4.5,15.5,9.5,11.0,7.5,16.0,12.5,36.0,PASS_95X140X5_REFERENCE,12.0,135.0,141.0,290.0,-145.0|145.0,18.5,False,FAIL,BELT_NOMINAL_LT_14|BELT_RESIDUAL_LT_8|PULLEY_NOMINAL_LT_13_5|PULLEY_RESIDUAL_LT_10
G-IN4.50-P07.00-OUT07.50,0.5,1,,C/C,O/O,4.5,7.0,7.5,18.5,54.0,95.0,8.0,6.0,10.5,4.5,16.0,10.0,11.0,7.5,16.5,13.0,35.5,PASS_95X140X5_REFERENCE,12.0,135.0,141.0,290.0,-145.0|145.0,19.0,False,FAIL,BELT_NOMINAL_LT_14|BELT_RESIDUAL_LT_8|PULLEY_NOMINAL_LT_13_5|PULLEY_RESIDUAL_LT_10
G-IN4.50-P07.00-OUT08.00,0.5,1,,C/C,O/O,4.5,7.0,8.0,18.5,54.0,95.5,8.0,6.0,10.5,4.5,16.5,10.5,11.0,7.5,17.0,13.5,35.0,PASS_95X140X5_REFERENCE,12.0,135.0,141.0,290.0,-145.0|145.0,19.5,False,FAIL,BELT_NOMINAL_LT_14|BELT_RESIDUAL_LT_8|PULLEY_NOMINAL_LT_13_5|PULLEY_RESIDUAL_LT_10
G-IN4.50-P07.00-OUT08.50,0.5,1,,C/C,O/O,4.5,7.0,8.5,18.5,54.0,96.0,8.0,6.0,10.5,4.5,17.0,11.0,11.0,7.5,17.5,14.0,34.5,PASS_95X140X5_REFERENCE,12.0,135.0,141.0,290.0,-145.0|145.0,20.0,False,FAIL,BELT_NOMINAL_LT_14|BELT_RESIDUAL_LT_8|PULLEY_NOMINAL_LT_13_5|PULLEY_RESIDUAL_LT_10
G-IN4.50-P07.00-OUT09.00,0.5,1,,C/C,O/O,4.5,7.0,9.0,18.5,54.0,96.5,8.0,6.0,10.5,4.5,17.5,11.5,11.0,7.5,18.0,14.5,34.0,PASS_95X140X5_REFERENCE,12.0,135.0,141.0,290.0,-145.0|145.0,20.5,False,FAIL,BELT_NOMINAL_LT_14|BELT_RESIDUAL_LT_8|PULLEY_NOMINAL_LT_13_5|PULLEY_RESIDUAL_LT_10
G-IN4.50-P07.00-OUT09.50,0.5,1,,C/C,O/O,4.5,7.0,9.5,18.5,54.0,97.0,8.0,6.0,10.5,4.5,18.0,12.0,11.0,7.5,18.5,15.0,33.5,PASS_95X140X5_REFERENCE,12.0,135.0,141.0,290.0,-145.0|145.0,21.0,False,FAIL,BELT_NOMINAL_LT_14|BELT_RESIDUAL_LT_8|PULLEY_NOMINAL_LT_13_5|PULLEY_RESIDUAL_LT_10
G-IN4.50-P07.00-OUT10.00,0.5,1,,C/C,O/O,4.5,7.0,10.0,18.5,54.0,97.5,8.0,6.0,10.5,4.5,18.5,12.5,11.0,7.5,19.0,15.5,33.0,PASS_95X140X5_REFERENCE,12.0,135.0,141.0,290.0,-145.0|145.0,21.5,False,FAIL,BELT_NOMINAL_LT_14|BELT_RESIDUAL_LT_8|PULLEY_NOMINAL_LT_13_5|PULLEY_RESIDUAL_LT_10
G-IN4.50-P07.50-OUT03.00,0.5,1,,C/C,O/O,4.5,7.5,3.0,18.5,54.5,90.5,8.0,6.0,11.0,5.0,11.0,5.0,11.5,8.0,11.5,8.0,40.0,PASS_95X140X5_REFERENCE,12.0,135.0,141.0,290.0,-145.0|145.0,15.0,False,FAIL,BELT_NOMINAL_LT_14|BELT_RESIDUAL_LT_8|PULLEY_NOMINAL_LT_13_5|PULLEY_RESIDUAL_LT_10
G-IN4.50-P07.50-OUT03.50,0.5,1,,C/C,O/O,4.5,7.5,3.5,18.5,54.5,91.0,8.0,6.0,11.0,5.0,11.5,5.5,11.5,8.0,12.0,8.5,39.5,PASS_95X140X5_REFERENCE,12.0,135.0,141.0,290.0,-145.0|145.0,15.5,False,FAIL,BELT_NOMINAL_LT_14|BELT_RESIDUAL_LT_8|PULLEY_NOMINAL_LT_13_5|PULLEY_RESIDUAL_LT_10
G-IN4.50-P07.50-OUT04.00,0.5,1,,C/C,O/O,4.5,7.5,4.0,18.5,54.5,91.5,8.0,6.0,11.0,5.0,12.0,6.0,11.5,8.0,12.5,9.0,39.0,PASS_95X140X5_REFERENCE,12.0,135.0,141.0,290.0,-145.0|145.0,16.0,False,FAIL,BELT_NOMINAL_LT_14|BELT_RESIDUAL_LT_8|PULLEY_NOMINAL_LT_13_5|PULLEY_RESIDUAL_LT_10
G-IN4.50-P07.50-OUT04.50,0.5,1,,C/C,O/O,4.5,7.5,4.5,18.5,54.5,92.0,8.0,6.0,11.0,5.0,12.5,6.5,11.5,8.0,13.0,9.5,38.5,PASS_95X140X5_REFERENCE,12.0,135.0,141.0,290.0,-145.0|145.0,16.5,False,FAIL,BELT_NOMINAL_LT_14|BELT_RESIDUAL_LT_8|PULLEY_NOMINAL_LT_13_5|PULLEY_RESIDUAL_LT_10
G-IN4.50-P07.50-OUT05.00,0.5,1,,C/C,O/O,4.5,7.5,5.0,18.5,54.5,92.5,8.0,6.0,11.0,5.0,13.0,7.0,11.5,8.0,13.5,10.0,38.0,PASS_95X140X5_REFERENCE,12.0,135.0,141.0,290.0,-145.0|145.0,17.0,False,FAIL,BELT_NOMINAL_LT_14|BELT_RESIDUAL_LT_8|PULLEY_NOMINAL_LT_13_5|PULLEY_RESIDUAL_LT_10
G-IN4.50-P07.50-OUT05.50,0.5,1,,C/C,O/O,4.5,7.5,5.5,18.5,54.5,93.0,8.0,6.0,11.0,5.0,13.5,7.5,11.5,8.0,14.0,10.5,37.5,PASS_95X140X5_REFERENCE,12.0,135.0,141.0,290.0,-145.0|145.0,17.5,False,FAIL,BELT_NOMINAL_LT_14|BELT_RESIDUAL_LT_8|PULLEY_NOMINAL_LT_13_5|PULLEY_RESIDUAL_LT_10
G-IN4.50-P07.50-OUT06.00,0.5,1,,C/C,O/O,4.5,7.5,6.0,18.5,54.5,93.5,8.0,6.0,11.0,5.0,14.0,8.0,11.5,8.0,14.5,11.0,37.0,PASS_95X140X5_REFERENCE,12.0,135.0,141.0,290.0,-145.0|145.0,18.0,False,FAIL,BELT_NOMINAL_LT_14|BELT_RESIDUAL_LT_8|PULLEY_NOMINAL_LT_13_5|PULLEY_RESIDUAL_LT_10
G-IN4.50-P07.50-OUT06.50,0.5,1,,C/C,O/O,4.5,7.5,6.5,18.5,54.5,94.0,8.0,6.0,11.0,5.0,14.5,8.5,11.5,8.0,15.0,11.5,36.5,PASS_95X140X5_REFERENCE,12.0,135.0,141.0,290.0,-145.0|145.0,18.5,False,FAIL,BELT_NOMINAL_LT_14|BELT_RESIDUAL_LT_8|PULLEY_NOMINAL_LT_13_5|PULLEY_RESIDUAL_LT_10
G-IN4.50-P07.50-OUT07.00,0.5,1,,C/C,O/O,4.5,7.5,7.0,18.5,54.5,94.5,8.0,6.0,11.0,5.0,15.0,9.0,11.5,8.0,15.5,12.0,36.0,PASS_95X140X5_REFERENCE,12.0,135.0,141.0,290.0,-145.0|145.0,19.0,False,FAIL,BELT_NOMINAL_LT_14|BELT_RESIDUAL_LT_8|PULLEY_NOMINAL_LT_13_5|PULLEY_RESIDUAL_LT_10
G-IN4.50-P07.50-OUT07.50,0.5,1,,C/C,O/O,4.5,7.5,7.5,18.5,54.5,95.0,8.0,6.0,11.0,5.0,15.5,9.5,11.5,8.0,16.0,12.5,35.5,PASS_95X140X5_REFERENCE,12.0,135.0,141.0,290.0,-145.0|145.0,19.5,False,FAIL,BELT_NOMINAL_LT_14|BELT_RESIDUAL_LT_8|PULLEY_NOMINAL_LT_13_5|PULLEY_RESIDUAL_LT_10
G-IN4.50-P07.50-OUT08.00,0.5,1,,C/C,O/O,4.5,7.5,8.0,18.5,54.5,95.5,8.0,6.0,11.0,5.0,16.0,10.0,11.5,8.0,16.5,13.0,35.0,PASS_95X140X5_REFERENCE,12.0,135.0,141.0,290.0,-145.0|145.0,20.0,False,FAIL,BELT_NOMINAL_LT_14|BELT_RESIDUAL_LT_8|PULLEY_NOMINAL_LT_13_5|PULLEY_RESIDUAL_LT_10
G-IN4.50-P07.50-OUT08.50,0.5,1,,C/C,O/O,4.5,7.5,8.5,18.5,54.5,96.0,8.0,6.0,11.0,5.0,16.5,10.5,11.5,8.0,17.0,13.5,34.5,PASS_95X140X5_REFERENCE,12.0,135.0,141.0,290.0,-145.0|145.0,20.5,False,FAIL,BELT_NOMINAL_LT_14|BELT_RESIDUAL_LT_8|PULLEY_NOMINAL_LT_13_5|PULLEY_RESIDUAL_LT_10
G-IN4.50-P07.50-OUT09.00,0.5,1,,C/C,O/O,4.5,7.5,9.0,18.5,54.5,96.5,8.0,6.0,11.0,5.0,17.0,11.0,11.5,8.0,17.5,14.0,34.0,PASS_95X140X5_REFERENCE,12.0,135.0,141.0,290.0,-145.0|145.0,21.0,False,FAIL,BELT_NOMINAL_LT_14|BELT_RESIDUAL_LT_8|PULLEY_NOMINAL_LT_13_5|PULLEY_RESIDUAL_LT_10
G-IN4.50-P07.50-OUT09.50,0.5,1,,C/C,O/O,4.5,7.5,9.5,18.5,54.5,97.0,8.0,6.0,11.0,5.0,17.5,11.5,11.5,8.0,18.0,14.5,33.5,PASS_95X140X5_REFERENCE,12.0,135.0,141.0,290.0,-145.0|145.0,21.5,False,FAIL,BELT_NOMINAL_LT_14|BELT_RESIDUAL_LT_8|PULLEY_NOMINAL_LT_13_5|PULLEY_RESIDUAL_LT_10
G-IN4.50-P07.50-OUT10.00,0.5,1,,C/C,O/O,4.5,7.5,10.0,18.5,54.5,97.5,8.0,6.0,11.0,5.0,18.0,12.0,11.5,8.0,18.5,15.0,33.0,PASS_95X140X5_REFERENCE,12.0,135.0,141.0,290.0,-145.0|145.0,22.0,False,FAIL,BELT_NOMINAL_LT_14|BELT_RESIDUAL_LT_8|PULLEY_NOMINAL_LT_13_5|PULLEY_RESIDUAL_LT_10
G-IN4.50-P08.00-OUT03.00,0.5,1,,C/C,O/O,4.5,8.0,3.0,18.5,55.0,90.5,8.0,6.0,11.5,5.5,10.5,4.5,12.0,8.5,11.0,7.5,40.0,PASS_95X140X5_REFERENCE,12.0,135.0,141.0,290.0,-145.0|145.0,15.5,False,FAIL,BELT_NOMINAL_LT_14|BELT_RESIDUAL_LT_8|PULLEY_NOMINAL_LT_13_5|PULLEY_RESIDUAL_LT_10
G-IN4.50-P08.00-OUT03.50,0.5,1,,C/C,O/O,4.5,8.0,3.5,18.5,55.0,91.0,8.0,6.0,11.5,5.5,11.0,5.0,12.0,8.5,11.5,8.0,39.5,PASS_95X140X5_REFERENCE,12.0,135.0,141.0,290.0,-145.0|145.0,16.0,False,FAIL,BELT_NOMINAL_LT_14|BELT_RESIDUAL_LT_8|PULLEY_NOMINAL_LT_13_5|PULLEY_RESIDUAL_LT_10
G-IN4.50-P08.00-OUT04.00,0.5,1,,C/C,O/O,4.5,8.0,4.0,18.5,55.0,91.5,8.0,6.0,11.5,5.5,11.5,5.5,12.0,8.5,12.0,8.5,39.0,PASS_95X140X5_REFERENCE,12.0,135.0,141.0,290.0,-145.0|145.0,16.5,False,FAIL,BELT_NOMINAL_LT_14|BELT_RESIDUAL_LT_8|PULLEY_NOMINAL_LT_13_5|PULLEY_RESIDUAL_LT_10
G-IN4.50-P08.00-OUT04.50,0.5,1,,C/C,O/O,4.5,8.0,4.5,18.5,55.0,92.0,8.0,6.0,11.5,5.5,12.0,6.0,12.0,8.5,12.5,9.0,38.5,PASS_95X140X5_REFERENCE,12.0,135.0,141.0,290.0,-145.0|145.0,17.0,False,FAIL,BELT_NOMINAL_LT_14|BELT_RESIDUAL_LT_8|PULLEY_NOMINAL_LT_13_5|PULLEY_RESIDUAL_LT_10
G-IN4.50-P08.00-OUT05.00,0.5,1,,C/C,O/O,4.5,8.0,5.0,18.5,55.0,92.5,8.0,6.0,11.5,5.5,12.5,6.5,12.0,8.5,13.0,9.5,38.0,PASS_95X140X5_REFERENCE,12.0,135.0,141.0,290.0,-145.0|145.0,17.5,False,FAIL,BELT_NOMINAL_LT_14|BELT_RESIDUAL_LT_8|PULLEY_NOMINAL_LT_13_5|PULLEY_RESIDUAL_LT_10
G-IN4.50-P08.00-OUT05.50,0.5,1,,C/C,O/O,4.5,8.0,5.5,18.5,55.0,93.0,8.0,6.0,11.5,5.5,13.0,7.0,12.0,8.5,13.5,10.0,37.5,PASS_95X140X5_REFERENCE,12.0,135.0,141.0,290.0,-145.0|145.0,18.0,False,FAIL,BELT_NOMINAL_LT_14|BELT_RESIDUAL_LT_8|PULLEY_NOMINAL_LT_13_5|PULLEY_RESIDUAL_LT_10
G-IN4.50-P08.00-OUT06.00,0.5,1,,C/C,O/O,4.5,8.0,6.0,18.5,55.0,93.5,8.0,6.0,11.5,5.5,13.5,7.5,12.0,8.5,14.0,10.5,37.0,PASS_95X140X5_REFERENCE,12.0,135.0,141.0,290.0,-145.0|145.0,18.5,False,FAIL,BELT_NOMINAL_LT_14|BELT_RESIDUAL_LT_8|PULLEY_NOMINAL_LT_13_5|PULLEY_RESIDUAL_LT_10
G-IN4.50-P08.00-OUT06.50,0.5,1,,C/C,O/O,4.5,8.0,6.5,18.5,55.0,94.0,8.0,6.0,11.5,5.5,14.0,8.0,12.0,8.5,14.5,11.0,36.5,PASS_95X140X5_REFERENCE,12.0,135.0,141.0,290.0,-145.0|145.0,19.0,False,FAIL,BELT_NOMINAL_LT_14|BELT_RESIDUAL_LT_8|PULLEY_NOMINAL_LT_13_5|PULLEY_RESIDUAL_LT_10
G-IN4.50-P08.00-OUT07.00,0.5,1,,C/C,O/O,4.5,8.0,7.0,18.5,55.0,94.5,8.0,6.0,11.5,5.5,14.5,8.5,12.0,8.5,15.0,11.5,36.0,PASS_95X140X5_REFERENCE,12.0,135.0,141.0,290.0,-145.0|145.0,19.5,False,FAIL,BELT_NOMINAL_LT_14|BELT_RESIDUAL_LT_8|PULLEY_NOMINAL_LT_13_5|PULLEY_RESIDUAL_LT_10
G-IN4.50-P08.00-OUT07.50,0.5,1,,C/C,O/O,4.5,8.0,7.5,18.5,55.0,95.0,8.0,6.0,11.5,5.5,15.0,9.0,12.0,8.5,15.5,12.0,35.5,PASS_95X140X5_REFERENCE,12.0,135.0,141.0,290.0,-145.0|145.0,20.0,False,FAIL,BELT_NOMINAL_LT_14|BELT_RESIDUAL_LT_8|PULLEY_NOMINAL_LT_13_5|PULLEY_RESIDUAL_LT_10
G-IN4.50-P08.00-OUT08.00,0.5,1,,C/C,O/O,4.5,8.0,8.0,18.5,55.0,95.5,8.0,6.0,11.5,5.5,15.5,9.5,12.0,8.5,16.0,12.5,35.0,PASS_95X140X5_REFERENCE,12.0,135.0,141.0,290.0,-145.0|145.0,20.5,False,FAIL,BELT_NOMINAL_LT_14|BELT_RESIDUAL_LT_8|PULLEY_NOMINAL_LT_13_5|PULLEY_RESIDUAL_LT_10
G-IN4.50-P08.00-OUT08.50,0.5,1,,C/C,O/O,4.5,8.0,8.5,18.5,55.0,96.0,8.0,6.0,11.5,5.5,16.0,10.0,12.0,8.5,16.5,13.0,34.5,PASS_95X140X5_REFERENCE,12.0,135.0,141.0,290.0,-145.0|145.0,21.0,False,FAIL,BELT_NOMINAL_LT_14|BELT_RESIDUAL_LT_8|PULLEY_NOMINAL_LT_13_5|PULLEY_RESIDUAL_LT_10
G-IN4.50-P08.00-OUT09.00,0.5,1,,C/C,O/O,4.5,8.0,9.0,18.5,55.0,96.5,8.0,6.0,11.5,5.5,16.5,10.5,12.0,8.5,17.0,13.5,34.0,PASS_95X140X5_REFERENCE,12.0,135.0,141.0,290.0,-145.0|145.0,21.5,False,FAIL,BELT_NOMINAL_LT_14|BELT_RESIDUAL_LT_8|PULLEY_NOMINAL_LT_13_5|PULLEY_RESIDUAL_LT_10
G-IN4.50-P08.00-OUT09.50,0.5,1,,C/C,O/O,4.5,8.0,9.5,18.5,55.0,97.0,8.0,6.0,11.5,5.5,17.0,11.0,12.0,8.5,17.5,14.0,33.5,PASS_95X140X5_REFERENCE,12.0,135.0,141.0,290.0,-145.0|145.0,22.0,False,FAIL,BELT_NOMINAL_LT_14|BELT_RESIDUAL_LT_8|PULLEY_NOMINAL_LT_13_5|PULLEY_RESIDUAL_LT_10
G-IN4.50-P08.00-OUT10.00,0.5,1,,C/C,O/O,4.5,8.0,10.0,18.5,55.0,97.5,8.0,6.0,11.5,5.5,17.5,11.5,12.0,8.5,18.0,14.5,33.0,PASS_95X140X5_REFERENCE,12.0,135.0,141.0,290.0,-145.0|145.0,22.5,False,FAIL,BELT_NOMINAL_LT_14|BELT_RESIDUAL_LT_8|PULLEY_NOMINAL_LT_13_5|PULLEY_RESIDUAL_LT_10
G-IN4.50-P08.50-OUT03.00,0.5,1,,C/C,O/O,4.5,8.5,3.0,18.5,55.5,90.5,8.0,6.0,12.0,6.0,10.0,4.0,12.5,9.0,10.5,7.0,40.0,PASS_95X140X5_REFERENCE,12.0,135.0,141.0,290.0,-145.0|145.0,16.0,False,FAIL,BELT_NOMINAL_LT_14|BELT_RESIDUAL_LT_8|PULLEY_NOMINAL_LT_13_5|PULLEY_RESIDUAL_LT_10
G-IN4.50-P08.50-OUT03.50,0.5,1,,C/C,O/O,4.5,8.5,3.5,18.5,55.5,91.0,8.0,6.0,12.0,6.0,10.5,4.5,12.5,9.0,11.0,7.5,39.5,PASS_95X140X5_REFERENCE,12.0,135.0,141.0,290.0,-145.0|145.0,16.5,False,FAIL,BELT_NOMINAL_LT_14|BELT_RESIDUAL_LT_8|PULLEY_NOMINAL_LT_13_5|PULLEY_RESIDUAL_LT_10
G-IN4.50-P08.50-OUT04.00,0.5,1,,C/C,O/O,4.5,8.5,4.0,18.5,55.5,91.5,8.0,6.0,12.0,6.0,11.0,5.0,12.5,9.0,11.5,8.0,39.0,PASS_95X140X5_REFERENCE,12.0,135.0,141.0,290.0,-145.0|145.0,17.0,False,FAIL,BELT_NOMINAL_LT_14|BELT_RESIDUAL_LT_8|PULLEY_NOMINAL_LT_13_5|PULLEY_RESIDUAL_LT_10
G-IN4.50-P08.50-OUT04.50,0.5,1,,C/C,O/O,4.5,8.5,4.5,18.5,55.5,92.0,8.0,6.0,12.0,6.0,11.5,5.5,12.5,9.0,12.0,8.5,38.5,PASS_95X140X5_REFERENCE,12.0,135.0,141.0,290.0,-145.0|145.0,17.5,False,FAIL,BELT_NOMINAL_LT_14|BELT_RESIDUAL_LT_8|PULLEY_NOMINAL_LT_13_5|PULLEY_RESIDUAL_LT_10
G-IN4.50-P08.50-OUT05.00,0.5,1,,C/C,O/O,4.5,8.5,5.0,18.5,55.5,92.5,8.0,6.0,12.0,6.0,12.0,6.0,12.5,9.0,12.5,9.0,38.0,PASS_95X140X5_REFERENCE,12.0,135.0,141.0,290.0,-145.0|145.0,18.0,False,FAIL,BELT_NOMINAL_LT_14|BELT_RESIDUAL_LT_8|PULLEY_NOMINAL_LT_13_5|PULLEY_RESIDUAL_LT_10
G-IN4.50-P08.50-OUT05.50,0.5,1,,C/C,O/O,4.5,8.5,5.5,18.5,55.5,93.0,8.0,6.0,12.0,6.0,12.5,6.5,12.5,9.0,13.0,9.5,37.5,PASS_95X140X5_REFERENCE,12.0,135.0,141.0,290.0,-145.0|145.0,18.5,False,FAIL,BELT_NOMINAL_LT_14|BELT_RESIDUAL_LT_8|PULLEY_NOMINAL_LT_13_5|PULLEY_RESIDUAL_LT_10
G-IN4.50-P08.50-OUT06.00,0.5,1,,C/C,O/O,4.5,8.5,6.0,18.5,55.5,93.5,8.0,6.0,12.0,6.0,13.0,7.0,12.5,9.0,13.5,10.0,37.0,PASS_95X140X5_REFERENCE,12.0,135.0,141.0,290.0,-145.0|145.0,19.0,False,FAIL,BELT_NOMINAL_LT_14|BELT_RESIDUAL_LT_8|PULLEY_NOMINAL_LT_13_5|PULLEY_RESIDUAL_LT_10
G-IN4.50-P08.50-OUT06.50,0.5,1,,C/C,O/O,4.5,8.5,6.5,18.5,55.5,94.0,8.0,6.0,12.0,6.0,13.5,7.5,12.5,9.0,14.0,10.5,36.5,PASS_95X140X5_REFERENCE,12.0,135.0,141.0,290.0,-145.0|145.0,19.5,False,FAIL,BELT_NOMINAL_LT_14|BELT_RESIDUAL_LT_8|PULLEY_NOMINAL_LT_13_5|PULLEY_RESIDUAL_LT_10
G-IN4.50-P08.50-OUT07.00,0.5,1,,C/C,O/O,4.5,8.5,7.0,18.5,55.5,94.5,8.0,6.0,12.0,6.0,14.0,8.0,12.5,9.0,14.5,11.0,36.0,PASS_95X140X5_REFERENCE,12.0,135.0,141.0,290.0,-145.0|145.0,20.0,False,FAIL,BELT_NOMINAL_LT_14|BELT_RESIDUAL_LT_8|PULLEY_NOMINAL_LT_13_5|PULLEY_RESIDUAL_LT_10
G-IN4.50-P08.50-OUT07.50,0.5,1,,C/C,O/O,4.5,8.5,7.5,18.5,55.5,95.0,8.0,6.0,12.0,6.0,14.5,8.5,12.5,9.0,15.0,11.5,35.5,PASS_95X140X5_REFERENCE,12.0,135.0,141.0,290.0,-145.0|145.0,20.5,False,FAIL,BELT_NOMINAL_LT_14|BELT_RESIDUAL_LT_8|PULLEY_NOMINAL_LT_13_5|PULLEY_RESIDUAL_LT_10
G-IN4.50-P08.50-OUT08.00,0.5,1,,C/C,O/O,4.5,8.5,8.0,18.5,55.5,95.5,8.0,6.0,12.0,6.0,15.0,9.0,12.5,9.0,15.5,12.0,35.0,PASS_95X140X5_REFERENCE,12.0,135.0,141.0,290.0,-145.0|145.0,21.0,False,FAIL,BELT_NOMINAL_LT_14|BELT_RESIDUAL_LT_8|PULLEY_NOMINAL_LT_13_5|PULLEY_RESIDUAL_LT_10
G-IN4.50-P08.50-OUT08.50,0.5,1,,C/C,O/O,4.5,8.5,8.5,18.5,55.5,96.0,8.0,6.0,12.0,6.0,15.5,9.5,12.5,9.0,16.0,12.5,34.5,PASS_95X140X5_REFERENCE,12.0,135.0,141.0,290.0,-145.0|145.0,21.5,False,FAIL,BELT_NOMINAL_LT_14|BELT_RESIDUAL_LT_8|PULLEY_NOMINAL_LT_13_5|PULLEY_RESIDUAL_LT_10
G-IN4.50-P08.50-OUT09.00,0.5,1,,C/C,O/O,4.5,8.5,9.0,18.5,55.5,96.5,8.0,6.0,12.0,6.0,16.0,10.0,12.5,9.0,16.5,13.0,34.0,PASS_95X140X5_REFERENCE,12.0,135.0,141.0,290.0,-145.0|145.0,22.0,False,FAIL,BELT_NOMINAL_LT_14|BELT_RESIDUAL_LT_8|PULLEY_NOMINAL_LT_13_5|PULLEY_RESIDUAL_LT_10
G-IN4.50-P08.50-OUT09.50,0.5,1,,C/C,O/O,4.5,8.5,9.5,18.5,55.5,97.0,8.0,6.0,12.0,6.0,16.5,10.5,12.5,9.0,17.0,13.5,33.5,PASS_95X140X5_REFERENCE,12.0,135.0,141.0,290.0,-145.0|145.0,22.5,False,FAIL,BELT_NOMINAL_LT_14|BELT_RESIDUAL_LT_8|PULLEY_NOMINAL_LT_13_5|PULLEY_RESIDUAL_LT_10
G-IN4.50-P08.50-OUT10.00,0.5,1,,C/C,O/O,4.5,8.5,10.0,18.5,55.5,97.5,8.0,6.0,12.0,6.0,17.0,11.0,12.5,9.0,17.5,14.0,33.0,PASS_95X140X5_REFERENCE,12.0,135.0,141.0,290.0,-145.0|145.0,23.0,False,FAIL,BELT_NOMINAL_LT_14|BELT_RESIDUAL_LT_8|PULLEY_NOMINAL_LT_13_5|PULLEY_RESIDUAL_LT_10
G-IN4.50-P09.00-OUT03.00,0.5,1,,C/C,O/O,4.5,9.0,3.0,18.5,56.0,90.5,8.0,6.0,12.5,6.5,9.5,3.5,13.0,9.5,10.0,6.5,40.0,PASS_95X140X5_REFERENCE,12.0,135.0,141.0,290.0,-145.0|145.0,16.5,False,FAIL,BELT_NOMINAL_LT_14|BELT_RESIDUAL_LT_8|PULLEY_NOMINAL_LT_13_5|PULLEY_RESIDUAL_LT_10
G-IN4.50-P09.00-OUT03.50,0.5,1,,C/C,O/O,4.5,9.0,3.5,18.5,56.0,91.0,8.0,6.0,12.5,6.5,10.0,4.0,13.0,9.5,10.5,7.0,39.5,PASS_95X140X5_REFERENCE,12.0,135.0,141.0,290.0,-145.0|145.0,17.0,False,FAIL,BELT_NOMINAL_LT_14|BELT_RESIDUAL_LT_8|PULLEY_NOMINAL_LT_13_5|PULLEY_RESIDUAL_LT_10
G-IN4.50-P09.00-OUT04.00,0.5,1,,C/C,O/O,4.5,9.0,4.0,18.5,56.0,91.5,8.0,6.0,12.5,6.5,10.5,4.5,13.0,9.5,11.0,7.5,39.0,PASS_95X140X5_REFERENCE,12.0,135.0,141.0,290.0,-145.0|145.0,17.5,False,FAIL,BELT_NOMINAL_LT_14|BELT_RESIDUAL_LT_8|PULLEY_NOMINAL_LT_13_5|PULLEY_RESIDUAL_LT_10
G-IN4.50-P09.00-OUT04.50,0.5,1,,C/C,O/O,4.5,9.0,4.5,18.5,56.0,92.0,8.0,6.0,12.5,6.5,11.0,5.0,13.0,9.5,11.5,8.0,38.5,PASS_95X140X5_REFERENCE,12.0,135.0,141.0,290.0,-145.0|145.0,18.0,False,FAIL,BELT_NOMINAL_LT_14|BELT_RESIDUAL_LT_8|PULLEY_NOMINAL_LT_13_5|PULLEY_RESIDUAL_LT_10
G-IN4.50-P09.00-OUT05.00,0.5,1,,C/C,O/O,4.5,9.0,5.0,18.5,56.0,92.5,8.0,6.0,12.5,6.5,11.5,5.5,13.0,9.5,12.0,8.5,38.0,PASS_95X140X5_REFERENCE,12.0,135.0,141.0,290.0,-145.0|145.0,18.5,False,FAIL,BELT_NOMINAL_LT_14|BELT_RESIDUAL_LT_8|PULLEY_NOMINAL_LT_13_5|PULLEY_RESIDUAL_LT_10
G-IN4.50-P09.00-OUT05.50,0.5,1,,C/C,O/O,4.5,9.0,5.5,18.5,56.0,93.0,8.0,6.0,12.5,6.5,12.0,6.0,13.0,9.5,12.5,9.0,37.5,PASS_95X140X5_REFERENCE,12.0,135.0,141.0,290.0,-145.0|145.0,19.0,False,FAIL,BELT_NOMINAL_LT_14|BELT_RESIDUAL_LT_8|PULLEY_NOMINAL_LT_13_5|PULLEY_RESIDUAL_LT_10
G-IN4.50-P09.00-OUT06.00,0.5,1,,C/C,O/O,4.5,9.0,6.0,18.5,56.0,93.5,8.0,6.0,12.5,6.5,12.5,6.5,13.0,9.5,13.0,9.5,37.0,PASS_95X140X5_REFERENCE,12.0,135.0,141.0,290.0,-145.0|145.0,19.5,False,FAIL,BELT_NOMINAL_LT_14|BELT_RESIDUAL_LT_8|PULLEY_NOMINAL_LT_13_5|PULLEY_RESIDUAL_LT_10
G-IN4.50-P09.00-OUT06.50,0.5,1,,C/C,O/O,4.5,9.0,6.5,18.5,56.0,94.0,8.0,6.0,12.5,6.5,13.0,7.0,13.0,9.5,13.5,10.0,36.5,PASS_95X140X5_REFERENCE,12.0,135.0,141.0,290.0,-145.0|145.0,20.0,False,FAIL,BELT_NOMINAL_LT_14|BELT_RESIDUAL_LT_8|PULLEY_NOMINAL_LT_13_5|PULLEY_RESIDUAL_LT_10
G-IN4.50-P09.00-OUT07.00,0.5,1,,C/C,O/O,4.5,9.0,7.0,18.5,56.0,94.5,8.0,6.0,12.5,6.5,13.5,7.5,13.0,9.5,14.0,10.5,36.0,PASS_95X140X5_REFERENCE,12.0,135.0,141.0,290.0,-145.0|145.0,20.5,False,FAIL,BELT_NOMINAL_LT_14|BELT_RESIDUAL_LT_8|PULLEY_NOMINAL_LT_13_5|PULLEY_RESIDUAL_LT_10
G-IN4.50-P09.00-OUT07.50,0.5,1,,C/C,O/O,4.5,9.0,7.5,18.5,56.0,95.0,8.0,6.0,12.5,6.5,14.0,8.0,13.0,9.5,14.5,11.0,35.5,PASS_95X140X5_REFERENCE,12.0,135.0,141.0,290.0,-145.0|145.0,21.0,False,FAIL,BELT_NOMINAL_LT_14|BELT_RESIDUAL_LT_8|PULLEY_NOMINAL_LT_13_5|PULLEY_RESIDUAL_LT_10
G-IN4.50-P09.00-OUT08.00,0.5,1,,C/C,O/O,4.5,9.0,8.0,18.5,56.0,95.5,8.0,6.0,12.5,6.5,14.5,8.5,13.0,9.5,15.0,11.5,35.0,PASS_95X140X5_REFERENCE,12.0,135.0,141.0,290.0,-145.0|145.0,21.5,False,FAIL,BELT_NOMINAL_LT_14|BELT_RESIDUAL_LT_8|PULLEY_NOMINAL_LT_13_5|PULLEY_RESIDUAL_LT_10
G-IN4.50-P09.00-OUT08.50,0.5,1,,C/C,O/O,4.5,9.0,8.5,18.5,56.0,96.0,8.0,6.0,12.5,6.5,15.0,9.0,13.0,9.5,15.5,12.0,34.5,PASS_95X140X5_REFERENCE,12.0,135.0,141.0,290.0,-145.0|145.0,22.0,False,FAIL,BELT_NOMINAL_LT_14|BELT_RESIDUAL_LT_8|PULLEY_NOMINAL_LT_13_5|PULLEY_RESIDUAL_LT_10
G-IN4.50-P09.00-OUT09.00,0.5,1,,C/C,O/O,4.5,9.0,9.0,18.5,56.0,96.5,8.0,6.0,12.5,6.5,15.5,9.5,13.0,9.5,16.0,12.5,34.0,PASS_95X140X5_REFERENCE,12.0,135.0,141.0,290.0,-145.0|145.0,22.5,False,FAIL,BELT_NOMINAL_LT_14|BELT_RESIDUAL_LT_8|PULLEY_NOMINAL_LT_13_5|PULLEY_RESIDUAL_LT_10
G-IN4.50-P09.00-OUT09.50,0.5,1,,C/C,O/O,4.5,9.0,9.5,18.5,56.0,97.0,8.0,6.0,12.5,6.5,16.0,10.0,13.0,9.5,16.5,13.0,33.5,PASS_95X140X5_REFERENCE,12.0,135.0,141.0,290.0,-145.0|145.0,23.0,False,FAIL,BELT_NOMINAL_LT_14|BELT_RESIDUAL_LT_8|PULLEY_NOMINAL_LT_13_5|PULLEY_RESIDUAL_LT_10
G-IN4.50-P09.00-OUT10.00,0.5,1,,C/C,O/O,4.5,9.0,10.0,18.5,56.0,97.5,8.0,6.0,12.5,6.5,16.5,10.5,13.0,9.5,17.0,13.5,33.0,PASS_95X140X5_REFERENCE,12.0,135.0,141.0,290.0,-145.0|145.0,23.5,False,FAIL,BELT_NOMINAL_LT_14|BELT_RESIDUAL_LT_8|PULLEY_NOMINAL_LT_13_5|PULLEY_RESIDUAL_LT_10
G-IN4.50-P09.50-OUT03.00,0.5,1,,C/C,O/O,4.5,9.5,3.0,18.5,56.5,90.5,8.0,6.0,13.0,7.0,9.0,3.0,13.5,10.0,9.5,6.0,40.0,PASS_95X140X5_REFERENCE,12.0,135.0,141.0,290.0,-145.0|145.0,17.0,False,FAIL,BELT_NOMINAL_LT_14|BELT_RESIDUAL_LT_8|PULLEY_NOMINAL_LT_13_5|PULLEY_RESIDUAL_LT_10
G-IN4.50-P09.50-OUT03.50,0.5,1,,C/C,O/O,4.5,9.5,3.5,18.5,56.5,91.0,8.0,6.0,13.0,7.0,9.5,3.5,13.5,10.0,10.0,6.5,39.5,PASS_95X140X5_REFERENCE,12.0,135.0,141.0,290.0,-145.0|145.0,17.5,False,FAIL,BELT_NOMINAL_LT_14|BELT_RESIDUAL_LT_8|PULLEY_NOMINAL_LT_13_5|PULLEY_RESIDUAL_LT_10
G-IN4.50-P09.50-OUT04.00,0.5,1,,C/C,O/O,4.5,9.5,4.0,18.5,56.5,91.5,8.0,6.0,13.0,7.0,10.0,4.0,13.5,10.0,10.5,7.0,39.0,PASS_95X140X5_REFERENCE,12.0,135.0,141.0,290.0,-145.0|145.0,18.0,False,FAIL,BELT_NOMINAL_LT_14|BELT_RESIDUAL_LT_8|PULLEY_NOMINAL_LT_13_5|PULLEY_RESIDUAL_LT_10
G-IN4.50-P09.50-OUT04.50,0.5,1,,C/C,O/O,4.5,9.5,4.5,18.5,56.5,92.0,8.0,6.0,13.0,7.0,10.5,4.5,13.5,10.0,11.0,7.5,38.5,PASS_95X140X5_REFERENCE,12.0,135.0,141.0,290.0,-145.0|145.0,18.5,False,FAIL,BELT_NOMINAL_LT_14|BELT_RESIDUAL_LT_8|PULLEY_NOMINAL_LT_13_5|PULLEY_RESIDUAL_LT_10
G-IN4.50-P09.50-OUT05.00,0.5,1,,C/C,O/O,4.5,9.5,5.0,18.5,56.5,92.5,8.0,6.0,13.0,7.0,11.0,5.0,13.5,10.0,11.5,8.0,38.0,PASS_95X140X5_REFERENCE,12.0,135.0,141.0,290.0,-145.0|145.0,19.0,False,FAIL,BELT_NOMINAL_LT_14|BELT_RESIDUAL_LT_8|PULLEY_NOMINAL_LT_13_5|PULLEY_RESIDUAL_LT_10
G-IN4.50-P09.50-OUT05.50,0.5,1,,C/C,O/O,4.5,9.5,5.5,18.5,56.5,93.0,8.0,6.0,13.0,7.0,11.5,5.5,13.5,10.0,12.0,8.5,37.5,PASS_95X140X5_REFERENCE,12.0,135.0,141.0,290.0,-145.0|145.0,19.5,False,FAIL,BELT_NOMINAL_LT_14|BELT_RESIDUAL_LT_8|PULLEY_NOMINAL_LT_13_5|PULLEY_RESIDUAL_LT_10
G-IN4.50-P09.50-OUT06.00,0.5,1,,C/C,O/O,4.5,9.5,6.0,18.5,56.5,93.5,8.0,6.0,13.0,7.0,12.0,6.0,13.5,10.0,12.5,9.0,37.0,PASS_95X140X5_REFERENCE,12.0,135.0,141.0,290.0,-145.0|145.0,20.0,False,FAIL,BELT_NOMINAL_LT_14|BELT_RESIDUAL_LT_8|PULLEY_NOMINAL_LT_13_5|PULLEY_RESIDUAL_LT_10
G-IN4.50-P09.50-OUT06.50,0.5,1,,C/C,O/O,4.5,9.5,6.5,18.5,56.5,94.0,8.0,6.0,13.0,7.0,12.5,6.5,13.5,10.0,13.0,9.5,36.5,PASS_95X140X5_REFERENCE,12.0,135.0,141.0,290.0,-145.0|145.0,20.5,False,FAIL,BELT_NOMINAL_LT_14|BELT_RESIDUAL_LT_8|PULLEY_NOMINAL_LT_13_5|PULLEY_RESIDUAL_LT_10
G-IN4.50-P09.50-OUT07.00,0.5,1,,C/C,O/O,4.5,9.5,7.0,18.5,56.5,94.5,8.0,6.0,13.0,7.0,13.0,7.0,13.5,10.0,13.5,10.0,36.0,PASS_95X140X5_REFERENCE,12.0,135.0,141.0,290.0,-145.0|145.0,21.0,False,FAIL,BELT_NOMINAL_LT_14|BELT_RESIDUAL_LT_8
G-IN4.50-P09.50-OUT07.50,0.5,1,,C/C,O/O,4.5,9.5,7.5,18.5,56.5,95.0,8.0,6.0,13.0,7.0,13.5,7.5,13.5,10.0,14.0,10.5,35.5,PASS_95X140X5_REFERENCE,12.0,135.0,141.0,290.0,-145.0|145.0,21.5,False,FAIL,BELT_NOMINAL_LT_14|BELT_RESIDUAL_LT_8
G-IN4.50-P09.50-OUT08.00,0.5,1,,C/C,O/O,4.5,9.5,8.0,18.5,56.5,95.5,8.0,6.0,13.0,7.0,14.0,8.0,13.5,10.0,14.5,11.0,35.0,PASS_95X140X5_REFERENCE,12.0,135.0,141.0,290.0,-145.0|145.0,22.0,False,FAIL,BELT_NOMINAL_LT_14|BELT_RESIDUAL_LT_8
G-IN4.50-P09.50-OUT08.50,0.5,1,,C/C,O/O,4.5,9.5,8.5,18.5,56.5,96.0,8.0,6.0,13.0,7.0,14.5,8.5,13.5,10.0,15.0,11.5,34.5,PASS_95X140X5_REFERENCE,12.0,135.0,141.0,290.0,-145.0|145.0,22.5,False,FAIL,BELT_NOMINAL_LT_14|BELT_RESIDUAL_LT_8
G-IN4.50-P09.50-OUT09.00,0.5,1,,C/C,O/O,4.5,9.5,9.0,18.5,56.5,96.5,8.0,6.0,13.0,7.0,15.0,9.0,13.5,10.0,15.5,12.0,34.0,PASS_95X140X5_REFERENCE,12.0,135.0,141.0,290.0,-145.0|145.0,23.0,False,FAIL,BELT_NOMINAL_LT_14|BELT_RESIDUAL_LT_8
G-IN4.50-P09.50-OUT09.50,0.5,1,,C/C,O/O,4.5,9.5,9.5,18.5,56.5,97.0,8.0,6.0,13.0,7.0,15.5,9.5,13.5,10.0,16.0,12.5,33.5,PASS_95X140X5_REFERENCE,12.0,135.0,141.0,290.0,-145.0|145.0,23.5,False,FAIL,BELT_NOMINAL_LT_14|BELT_RESIDUAL_LT_8
G-IN4.50-P09.50-OUT10.00,0.5,1,,C/C,O/O,4.5,9.5,10.0,18.5,56.5,97.5,8.0,6.0,13.0,7.0,16.0,10.0,13.5,10.0,16.5,13.0,33.0,PASS_95X140X5_REFERENCE,12.0,135.0,141.0,290.0,-145.0|145.0,24.0,False,FAIL,BELT_NOMINAL_LT_14|BELT_RESIDUAL_LT_8
G-IN4.50-P10.00-OUT03.00,0.5,1,,C/C,O/O,4.5,10.0,3.0,18.5,57.0,90.5,8.0,6.0,13.5,7.5,8.5,2.5,14.0,10.5,9.0,5.5,40.0,PASS_95X140X5_REFERENCE,12.0,135.0,141.0,290.0,-145.0|145.0,17.5,False,FAIL,BELT_NOMINAL_LT_14|BELT_RESIDUAL_LT_8|PULLEY_NOMINAL_LT_13_5|PULLEY_RESIDUAL_LT_10
G-IN4.50-P10.00-OUT03.50,0.5,1,,C/C,O/O,4.5,10.0,3.5,18.5,57.0,91.0,8.0,6.0,13.5,7.5,9.0,3.0,14.0,10.5,9.5,6.0,39.5,PASS_95X140X5_REFERENCE,12.0,135.0,141.0,290.0,-145.0|145.0,18.0,False,FAIL,BELT_NOMINAL_LT_14|BELT_RESIDUAL_LT_8|PULLEY_NOMINAL_LT_13_5|PULLEY_RESIDUAL_LT_10
G-IN4.50-P10.00-OUT04.00,0.5,1,,C/C,O/O,4.5,10.0,4.0,18.5,57.0,91.5,8.0,6.0,13.5,7.5,9.5,3.5,14.0,10.5,10.0,6.5,39.0,PASS_95X140X5_REFERENCE,12.0,135.0,141.0,290.0,-145.0|145.0,18.5,False,FAIL,BELT_NOMINAL_LT_14|BELT_RESIDUAL_LT_8|PULLEY_NOMINAL_LT_13_5|PULLEY_RESIDUAL_LT_10
G-IN4.50-P10.00-OUT04.50,0.5,1,,C/C,O/O,4.5,10.0,4.5,18.5,57.0,92.0,8.0,6.0,13.5,7.5,10.0,4.0,14.0,10.5,10.5,7.0,38.5,PASS_95X140X5_REFERENCE,12.0,135.0,141.0,290.0,-145.0|145.0,19.0,False,FAIL,BELT_NOMINAL_LT_14|BELT_RESIDUAL_LT_8|PULLEY_NOMINAL_LT_13_5|PULLEY_RESIDUAL_LT_10
G-IN4.50-P10.00-OUT05.00,0.5,1,,C/C,O/O,4.5,10.0,5.0,18.5,57.0,92.5,8.0,6.0,13.5,7.5,10.5,4.5,14.0,10.5,11.0,7.5,38.0,PASS_95X140X5_REFERENCE,12.0,135.0,141.0,290.0,-145.0|145.0,19.5,False,FAIL,BELT_NOMINAL_LT_14|BELT_RESIDUAL_LT_8|PULLEY_NOMINAL_LT_13_5|PULLEY_RESIDUAL_LT_10
G-IN4.50-P10.00-OUT05.50,0.5,1,,C/C,O/O,4.5,10.0,5.5,18.5,57.0,93.0,8.0,6.0,13.5,7.5,11.0,5.0,14.0,10.5,11.5,8.0,37.5,PASS_95X140X5_REFERENCE,12.0,135.0,141.0,290.0,-145.0|145.0,20.0,False,FAIL,BELT_NOMINAL_LT_14|BELT_RESIDUAL_LT_8|PULLEY_NOMINAL_LT_13_5|PULLEY_RESIDUAL_LT_10
G-IN4.50-P10.00-OUT06.00,0.5,1,,C/C,O/O,4.5,10.0,6.0,18.5,57.0,93.5,8.0,6.0,13.5,7.5,11.5,5.5,14.0,10.5,12.0,8.5,37.0,PASS_95X140X5_REFERENCE,12.0,135.0,141.0,290.0,-145.0|145.0,20.5,False,FAIL,BELT_NOMINAL_LT_14|BELT_RESIDUAL_LT_8|PULLEY_NOMINAL_LT_13_5|PULLEY_RESIDUAL_LT_10
G-IN4.50-P10.00-OUT06.50,0.5,1,,C/C,O/O,4.5,10.0,6.5,18.5,57.0,94.0,8.0,6.0,13.5,7.5,12.0,6.0,14.0,10.5,12.5,9.0,36.5,PASS_95X140X5_REFERENCE,12.0,135.0,141.0,290.0,-145.0|145.0,21.0,False,FAIL,BELT_NOMINAL_LT_14|BELT_RESIDUAL_LT_8|PULLEY_NOMINAL_LT_13_5|PULLEY_RESIDUAL_LT_10
G-IN4.50-P10.00-OUT07.00,0.5,1,,C/C,O/O,4.5,10.0,7.0,18.5,57.0,94.5,8.0,6.0,13.5,7.5,12.5,6.5,14.0,10.5,13.0,9.5,36.0,PASS_95X140X5_REFERENCE,12.0,135.0,141.0,290.0,-145.0|145.0,21.5,False,FAIL,BELT_NOMINAL_LT_14|BELT_RESIDUAL_LT_8|PULLEY_NOMINAL_LT_13_5|PULLEY_RESIDUAL_LT_10
G-IN4.50-P10.00-OUT07.50,0.5,1,,C/C,O/O,4.5,10.0,7.5,18.5,57.0,95.0,8.0,6.0,13.5,7.5,13.0,7.0,14.0,10.5,13.5,10.0,35.5,PASS_95X140X5_REFERENCE,12.0,135.0,141.0,290.0,-145.0|145.0,22.0,False,FAIL,BELT_NOMINAL_LT_14|BELT_RESIDUAL_LT_8
G-IN4.50-P10.00-OUT08.00,0.5,1,,C/C,O/O,4.5,10.0,8.0,18.5,57.0,95.5,8.0,6.0,13.5,7.5,13.5,7.5,14.0,10.5,14.0,10.5,35.0,PASS_95X140X5_REFERENCE,12.0,135.0,141.0,290.0,-145.0|145.0,22.5,False,FAIL,BELT_NOMINAL_LT_14|BELT_RESIDUAL_LT_8
G-IN4.50-P10.00-OUT08.50,0.5,1,,C/C,O/O,4.5,10.0,8.5,18.5,57.0,96.0,8.0,6.0,13.5,7.5,14.0,8.0,14.0,10.5,14.5,11.0,34.5,PASS_95X140X5_REFERENCE,12.0,135.0,141.0,290.0,-145.0|145.0,23.0,False,FAIL,BELT_NOMINAL_LT_14|BELT_RESIDUAL_LT_8
G-IN4.50-P10.00-OUT09.00,0.5,1,,C/C,O/O,4.5,10.0,9.0,18.5,57.0,96.5,8.0,6.0,13.5,7.5,14.5,8.5,14.0,10.5,15.0,11.5,34.0,PASS_95X140X5_REFERENCE,12.0,135.0,141.0,290.0,-145.0|145.0,23.5,False,FAIL,BELT_NOMINAL_LT_14|BELT_RESIDUAL_LT_8
G-IN4.50-P10.00-OUT09.50,0.5,1,,C/C,O/O,4.5,10.0,9.5,18.5,57.0,97.0,8.0,6.0,13.5,7.5,15.0,9.0,14.0,10.5,15.5,12.0,33.5,PASS_95X140X5_REFERENCE,12.0,135.0,141.0,290.0,-145.0|145.0,24.0,False,FAIL,BELT_NOMINAL_LT_14|BELT_RESIDUAL_LT_8
G-IN4.50-P10.00-OUT10.00,0.5,1,,C/C,O/O,4.5,10.0,10.0,18.5,57.0,97.5,8.0,6.0,13.5,7.5,15.5,9.5,14.0,10.5,16.0,12.5,33.0,PASS_95X140X5_REFERENCE,12.0,135.0,141.0,290.0,-145.0|145.0,24.5,False,FAIL,BELT_NOMINAL_LT_14|BELT_RESIDUAL_LT_8
G-IN4.50-P10.50-OUT03.00,0.5,1,,C/C,O/O,4.5,10.5,3.0,18.5,57.5,90.5,8.0,6.0,14.0,8.0,8.0,2.0,14.5,11.0,8.5,5.0,40.0,PASS_95X140X5_REFERENCE,12.0,135.0,141.0,290.0,-145.0|145.0,18.0,False,FAIL,BELT_NOMINAL_LT_14|BELT_RESIDUAL_LT_8|PULLEY_NOMINAL_LT_13_5|PULLEY_RESIDUAL_LT_10
G-IN4.50-P10.50-OUT03.50,0.5,1,,C/C,O/O,4.5,10.5,3.5,18.5,57.5,91.0,8.0,6.0,14.0,8.0,8.5,2.5,14.5,11.0,9.0,5.5,39.5,PASS_95X140X5_REFERENCE,12.0,135.0,141.0,290.0,-145.0|145.0,18.5,False,FAIL,BELT_NOMINAL_LT_14|BELT_RESIDUAL_LT_8|PULLEY_NOMINAL_LT_13_5|PULLEY_RESIDUAL_LT_10
G-IN4.50-P10.50-OUT04.00,0.5,1,,C/C,O/O,4.5,10.5,4.0,18.5,57.5,91.5,8.0,6.0,14.0,8.0,9.0,3.0,14.5,11.0,9.5,6.0,39.0,PASS_95X140X5_REFERENCE,12.0,135.0,141.0,290.0,-145.0|145.0,19.0,False,FAIL,BELT_NOMINAL_LT_14|BELT_RESIDUAL_LT_8|PULLEY_NOMINAL_LT_13_5|PULLEY_RESIDUAL_LT_10
G-IN4.50-P10.50-OUT04.50,0.5,1,,C/C,O/O,4.5,10.5,4.5,18.5,57.5,92.0,8.0,6.0,14.0,8.0,9.5,3.5,14.5,11.0,10.0,6.5,38.5,PASS_95X140X5_REFERENCE,12.0,135.0,141.0,290.0,-145.0|145.0,19.5,False,FAIL,BELT_NOMINAL_LT_14|BELT_RESIDUAL_LT_8|PULLEY_NOMINAL_LT_13_5|PULLEY_RESIDUAL_LT_10
G-IN4.50-P10.50-OUT05.00,0.5,1,,C/C,O/O,4.5,10.5,5.0,18.5,57.5,92.5,8.0,6.0,14.0,8.0,10.0,4.0,14.5,11.0,10.5,7.0,38.0,PASS_95X140X5_REFERENCE,12.0,135.0,141.0,290.0,-145.0|145.0,20.0,False,FAIL,BELT_NOMINAL_LT_14|BELT_RESIDUAL_LT_8|PULLEY_NOMINAL_LT_13_5|PULLEY_RESIDUAL_LT_10
G-IN4.50-P10.50-OUT05.50,0.5,1,,C/C,O/O,4.5,10.5,5.5,18.5,57.5,93.0,8.0,6.0,14.0,8.0,10.5,4.5,14.5,11.0,11.0,7.5,37.5,PASS_95X140X5_REFERENCE,12.0,135.0,141.0,290.0,-145.0|145.0,20.5,False,FAIL,BELT_NOMINAL_LT_14|BELT_RESIDUAL_LT_8|PULLEY_NOMINAL_LT_13_5|PULLEY_RESIDUAL_LT_10
G-IN4.50-P10.50-OUT06.00,0.5,1,,C/C,O/O,4.5,10.5,6.0,18.5,57.5,93.5,8.0,6.0,14.0,8.0,11.0,5.0,14.5,11.0,11.5,8.0,37.0,PASS_95X140X5_REFERENCE,12.0,135.0,141.0,290.0,-145.0|145.0,21.0,False,FAIL,BELT_NOMINAL_LT_14|BELT_RESIDUAL_LT_8|PULLEY_NOMINAL_LT_13_5|PULLEY_RESIDUAL_LT_10
G-IN4.50-P10.50-OUT06.50,0.5,1,,C/C,O/O,4.5,10.5,6.5,18.5,57.5,94.0,8.0,6.0,14.0,8.0,11.5,5.5,14.5,11.0,12.0,8.5,36.5,PASS_95X140X5_REFERENCE,12.0,135.0,141.0,290.0,-145.0|145.0,21.5,False,FAIL,BELT_NOMINAL_LT_14|BELT_RESIDUAL_LT_8|PULLEY_NOMINAL_LT_13_5|PULLEY_RESIDUAL_LT_10
G-IN4.50-P10.50-OUT07.00,0.5,1,,C/C,O/O,4.5,10.5,7.0,18.5,57.5,94.5,8.0,6.0,14.0,8.0,12.0,6.0,14.5,11.0,12.5,9.0,36.0,PASS_95X140X5_REFERENCE,12.0,135.0,141.0,290.0,-145.0|145.0,22.0,False,FAIL,BELT_NOMINAL_LT_14|BELT_RESIDUAL_LT_8|PULLEY_NOMINAL_LT_13_5|PULLEY_RESIDUAL_LT_10
G-IN4.50-P10.50-OUT07.50,0.5,1,,C/C,O/O,4.5,10.5,7.5,18.5,57.5,95.0,8.0,6.0,14.0,8.0,12.5,6.5,14.5,11.0,13.0,9.5,35.5,PASS_95X140X5_REFERENCE,12.0,135.0,141.0,290.0,-145.0|145.0,22.5,False,FAIL,BELT_NOMINAL_LT_14|BELT_RESIDUAL_LT_8|PULLEY_NOMINAL_LT_13_5|PULLEY_RESIDUAL_LT_10
G-IN4.50-P10.50-OUT08.00,0.5,1,,C/C,O/O,4.5,10.5,8.0,18.5,57.5,95.5,8.0,6.0,14.0,8.0,13.0,7.0,14.5,11.0,13.5,10.0,35.0,PASS_95X140X5_REFERENCE,12.0,135.0,141.0,290.0,-145.0|145.0,23.0,False,FAIL,BELT_NOMINAL_LT_14|BELT_RESIDUAL_LT_8
G-IN4.50-P10.50-OUT08.50,0.5,1,,C/C,O/O,4.5,10.5,8.5,18.5,57.5,96.0,8.0,6.0,14.0,8.0,13.5,7.5,14.5,11.0,14.0,10.5,34.5,PASS_95X140X5_REFERENCE,12.0,135.0,141.0,290.0,-145.0|145.0,23.5,False,FAIL,BELT_NOMINAL_LT_14|BELT_RESIDUAL_LT_8
G-IN4.50-P10.50-OUT09.00,0.5,1,,C/C,O/O,4.5,10.5,9.0,18.5,57.5,96.5,8.0,6.0,14.0,8.0,14.0,8.0,14.5,11.0,14.5,11.0,34.0,PASS_95X140X5_REFERENCE,12.0,135.0,141.0,290.0,-145.0|145.0,24.0,True,ROBUST_CONDITIONAL_PASS_CANDIDATE,
G-IN4.50-P10.50-OUT09.25,0.25,2,,C/C,O/O,4.5,10.5,9.25,18.5,57.5,96.75,8.0,6.0,14.0,8.0,14.25,8.25,14.5,11.0,14.75,11.25,33.75,PASS_95X140X5_REFERENCE,12.0,135.0,141.0,290.0,-145.0|145.0,24.25,True,ROBUST_CONDITIONAL_PASS_CANDIDATE,
G-IN4.50-P10.50-OUT09.50,0.5,1,,C/C,O/O,4.5,10.5,9.5,18.5,57.5,97.0,8.0,6.0,14.0,8.0,14.5,8.5,14.5,11.0,15.0,11.5,33.5,PASS_95X140X5_REFERENCE,12.0,135.0,141.0,290.0,-145.0|145.0,24.5,True,ROBUST_CONDITIONAL_PASS_CANDIDATE,
G-IN4.50-P10.50-OUT09.75,0.25,2,,C/C,O/O,4.5,10.5,9.75,18.5,57.5,97.25,8.0,6.0,14.0,8.0,14.75,8.75,14.5,11.0,15.25,11.75,33.25,PASS_95X140X5_REFERENCE,12.0,135.0,141.0,290.0,-145.0|145.0,24.75,True,ROBUST_CONDITIONAL_PASS_CANDIDATE,
G-IN4.50-P10.50-OUT10.00,0.5,1,,C/C,O/O,4.5,10.5,10.0,18.5,57.5,97.5,8.0,6.0,14.0,8.0,15.0,9.0,14.5,11.0,15.5,12.0,33.0,PASS_95X140X5_REFERENCE,12.0,135.0,141.0,290.0,-145.0|145.0,25.0,True,ROBUST_CONDITIONAL_PASS_CANDIDATE,
G-IN4.50-P10.75-OUT09.00,0.25,2,,C/C,O/O,4.5,10.75,9.0,18.5,57.75,96.5,8.0,6.0,14.25,8.25,13.75,7.75,14.75,11.25,14.25,10.75,34.0,PASS_95X140X5_REFERENCE,12.0,135.0,141.0,290.0,-145.0|145.0,24.25,False,FAIL,BELT_NOMINAL_LT_14|BELT_RESIDUAL_LT_8
G-IN4.50-P10.75-OUT09.25,0.25,2,,C/C,O/O,4.5,10.75,9.25,18.5,57.75,96.75,8.0,6.0,14.25,8.25,14.0,8.0,14.75,11.25,14.5,11.0,33.75,PASS_95X140X5_REFERENCE,12.0,135.0,141.0,290.0,-145.0|145.0,24.5,True,ROBUST_CONDITIONAL_PASS_CANDIDATE,
G-IN4.50-P10.75-OUT09.50,0.25,2,,C/C,O/O,4.5,10.75,9.5,18.5,57.75,97.0,8.0,6.0,14.25,8.25,14.25,8.25,14.75,11.25,14.75,11.25,33.5,PASS_95X140X5_REFERENCE,12.0,135.0,141.0,290.0,-145.0|145.0,24.75,True,ROBUST_CONDITIONAL_PASS_CANDIDATE,
G-IN4.50-P10.75-OUT09.75,0.25,2,,C/C,O/O,4.5,10.75,9.75,18.5,57.75,97.25,8.0,6.0,14.25,8.25,14.5,8.5,14.75,11.25,15.0,11.5,33.25,PASS_95X140X5_REFERENCE,12.0,135.0,141.0,290.0,-145.0|145.0,25.0,True,ROBUST_CONDITIONAL_PASS_CANDIDATE,
G-IN4.50-P10.75-OUT10.00,0.25,2,,C/C,O/O,4.5,10.75,10.0,18.5,57.75,97.5,8.0,6.0,14.25,8.25,14.75,8.75,14.75,11.25,15.25,11.75,33.0,PASS_95X140X5_REFERENCE,12.0,135.0,141.0,290.0,-145.0|145.0,25.25,True,ROBUST_CONDITIONAL_PASS_CANDIDATE,
G-IN4.50-P11.00-OUT03.00,0.5,1,,C/C,O/O,4.5,11.0,3.0,18.5,58.0,90.5,8.0,6.0,14.5,8.5,7.5,1.5,15.0,11.5,8.0,4.5,40.0,PASS_95X140X5_REFERENCE,12.0,135.0,141.0,290.0,-145.0|145.0,18.5,False,FAIL,BELT_NOMINAL_LT_14|BELT_RESIDUAL_LT_8|PULLEY_NOMINAL_LT_13_5|PULLEY_RESIDUAL_LT_10
G-IN4.50-P11.00-OUT03.50,0.5,1,,C/C,O/O,4.5,11.0,3.5,18.5,58.0,91.0,8.0,6.0,14.5,8.5,8.0,2.0,15.0,11.5,8.5,5.0,39.5,PASS_95X140X5_REFERENCE,12.0,135.0,141.0,290.0,-145.0|145.0,19.0,False,FAIL,BELT_NOMINAL_LT_14|BELT_RESIDUAL_LT_8|PULLEY_NOMINAL_LT_13_5|PULLEY_RESIDUAL_LT_10
G-IN4.50-P11.00-OUT04.00,0.5,1,,C/C,O/O,4.5,11.0,4.0,18.5,58.0,91.5,8.0,6.0,14.5,8.5,8.5,2.5,15.0,11.5,9.0,5.5,39.0,PASS_95X140X5_REFERENCE,12.0,135.0,141.0,290.0,-145.0|145.0,19.5,False,FAIL,BELT_NOMINAL_LT_14|BELT_RESIDUAL_LT_8|PULLEY_NOMINAL_LT_13_5|PULLEY_RESIDUAL_LT_10
G-IN4.50-P11.00-OUT04.50,0.5,1,,C/C,O/O,4.5,11.0,4.5,18.5,58.0,92.0,8.0,6.0,14.5,8.5,9.0,3.0,15.0,11.5,9.5,6.0,38.5,PASS_95X140X5_REFERENCE,12.0,135.0,141.0,290.0,-145.0|145.0,20.0,False,FAIL,BELT_NOMINAL_LT_14|BELT_RESIDUAL_LT_8|PULLEY_NOMINAL_LT_13_5|PULLEY_RESIDUAL_LT_10
G-IN4.50-P11.00-OUT05.00,0.5,1,,C/C,O/O,4.5,11.0,5.0,18.5,58.0,92.5,8.0,6.0,14.5,8.5,9.5,3.5,15.0,11.5,10.0,6.5,38.0,PASS_95X140X5_REFERENCE,12.0,135.0,141.0,290.0,-145.0|145.0,20.5,False,FAIL,BELT_NOMINAL_LT_14|BELT_RESIDUAL_LT_8|PULLEY_NOMINAL_LT_13_5|PULLEY_RESIDUAL_LT_10
G-IN4.50-P11.00-OUT05.50,0.5,1,,C/C,O/O,4.5,11.0,5.5,18.5,58.0,93.0,8.0,6.0,14.5,8.5,10.0,4.0,15.0,11.5,10.5,7.0,37.5,PASS_95X140X5_REFERENCE,12.0,135.0,141.0,290.0,-145.0|145.0,21.0,False,FAIL,BELT_NOMINAL_LT_14|BELT_RESIDUAL_LT_8|PULLEY_NOMINAL_LT_13_5|PULLEY_RESIDUAL_LT_10
G-IN4.50-P11.00-OUT06.00,0.5,1,,C/C,O/O,4.5,11.0,6.0,18.5,58.0,93.5,8.0,6.0,14.5,8.5,10.5,4.5,15.0,11.5,11.0,7.5,37.0,PASS_95X140X5_REFERENCE,12.0,135.0,141.0,290.0,-145.0|145.0,21.5,False,FAIL,BELT_NOMINAL_LT_14|BELT_RESIDUAL_LT_8|PULLEY_NOMINAL_LT_13_5|PULLEY_RESIDUAL_LT_10
G-IN4.50-P11.00-OUT06.50,0.5,1,,C/C,O/O,4.5,11.0,6.5,18.5,58.0,94.0,8.0,6.0,14.5,8.5,11.0,5.0,15.0,11.5,11.5,8.0,36.5,PASS_95X140X5_REFERENCE,12.0,135.0,141.0,290.0,-145.0|145.0,22.0,False,FAIL,BELT_NOMINAL_LT_14|BELT_RESIDUAL_LT_8|PULLEY_NOMINAL_LT_13_5|PULLEY_RESIDUAL_LT_10
G-IN4.50-P11.00-OUT07.00,0.5,1,,C/C,O/O,4.5,11.0,7.0,18.5,58.0,94.5,8.0,6.0,14.5,8.5,11.5,5.5,15.0,11.5,12.0,8.5,36.0,PASS_95X140X5_REFERENCE,12.0,135.0,141.0,290.0,-145.0|145.0,22.5,False,FAIL,BELT_NOMINAL_LT_14|BELT_RESIDUAL_LT_8|PULLEY_NOMINAL_LT_13_5|PULLEY_RESIDUAL_LT_10
G-IN4.50-P11.00-OUT07.50,0.5,1,,C/C,O/O,4.5,11.0,7.5,18.5,58.0,95.0,8.0,6.0,14.5,8.5,12.0,6.0,15.0,11.5,12.5,9.0,35.5,PASS_95X140X5_REFERENCE,12.0,135.0,141.0,290.0,-145.0|145.0,23.0,False,FAIL,BELT_NOMINAL_LT_14|BELT_RESIDUAL_LT_8|PULLEY_NOMINAL_LT_13_5|PULLEY_RESIDUAL_LT_10
G-IN4.50-P11.00-OUT08.00,0.5,1,,C/C,O/O,4.5,11.0,8.0,18.5,58.0,95.5,8.0,6.0,14.5,8.5,12.5,6.5,15.0,11.5,13.0,9.5,35.0,PASS_95X140X5_REFERENCE,12.0,135.0,141.0,290.0,-145.0|145.0,23.5,False,FAIL,BELT_NOMINAL_LT_14|BELT_RESIDUAL_LT_8|PULLEY_NOMINAL_LT_13_5|PULLEY_RESIDUAL_LT_10
G-IN4.50-P11.00-OUT08.50,0.5,1,,C/C,O/O,4.5,11.0,8.5,18.5,58.0,96.0,8.0,6.0,14.5,8.5,13.0,7.0,15.0,11.5,13.5,10.0,34.5,PASS_95X140X5_REFERENCE,12.0,135.0,141.0,290.0,-145.0|145.0,24.0,False,FAIL,BELT_NOMINAL_LT_14|BELT_RESIDUAL_LT_8
G-IN4.50-P11.00-OUT09.00,0.5,1,,C/C,O/O,4.5,11.0,9.0,18.5,58.0,96.5,8.0,6.0,14.5,8.5,13.5,7.5,15.0,11.5,14.0,10.5,34.0,PASS_95X140X5_REFERENCE,12.0,135.0,141.0,290.0,-145.0|145.0,24.5,False,FAIL,BELT_NOMINAL_LT_14|BELT_RESIDUAL_LT_8
G-IN4.50-P11.00-OUT09.25,0.25,2,,C/C,O/O,4.5,11.0,9.25,18.5,58.0,96.75,8.0,6.0,14.5,8.5,13.75,7.75,15.0,11.5,14.25,10.75,33.75,PASS_95X140X5_REFERENCE,12.0,135.0,141.0,290.0,-145.0|145.0,24.75,False,FAIL,BELT_NOMINAL_LT_14|BELT_RESIDUAL_LT_8
G-IN4.50-P11.00-OUT09.50,0.5,1,,C/C,O/O,4.5,11.0,9.5,18.5,58.0,97.0,8.0,6.0,14.5,8.5,14.0,8.0,15.0,11.5,14.5,11.0,33.5,PASS_95X140X5_REFERENCE,12.0,135.0,141.0,290.0,-145.0|145.0,25.0,True,ROBUST_CONDITIONAL_PASS_CANDIDATE,
G-IN4.50-P11.00-OUT09.75,0.25,2,,C/C,O/O,4.5,11.0,9.75,18.5,58.0,97.25,8.0,6.0,14.5,8.5,14.25,8.25,15.0,11.5,14.75,11.25,33.25,PASS_95X140X5_REFERENCE,12.0,135.0,141.0,290.0,-145.0|145.0,25.25,True,ROBUST_CONDITIONAL_PASS_CANDIDATE,
G-IN4.50-P11.00-OUT10.00,0.5,1,,C/C,O/O,4.5,11.0,10.0,18.5,58.0,97.5,8.0,6.0,14.5,8.5,14.5,8.5,15.0,11.5,15.0,11.5,33.0,PASS_95X140X5_REFERENCE,12.0,135.0,141.0,290.0,-145.0|145.0,25.5,True,ROBUST_CONDITIONAL_PASS_CANDIDATE,
G-IN4.50-P11.25-OUT09.00,0.25,2,,C/C,O/O,4.5,11.25,9.0,18.5,58.25,96.5,8.0,6.0,14.75,8.75,13.25,7.25,15.25,11.75,13.75,10.25,34.0,PASS_95X140X5_REFERENCE,12.0,135.0,141.0,290.0,-145.0|145.0,24.75,False,FAIL,BELT_NOMINAL_LT_14|BELT_RESIDUAL_LT_8
G-IN4.50-P11.25-OUT09.25,0.25,2,,C/C,O/O,4.5,11.25,9.25,18.5,58.25,96.75,8.0,6.0,14.75,8.75,13.5,7.5,15.25,11.75,14.0,10.5,33.75,PASS_95X140X5_REFERENCE,12.0,135.0,141.0,290.0,-145.0|145.0,25.0,False,FAIL,BELT_NOMINAL_LT_14|BELT_RESIDUAL_LT_8
G-IN4.50-P11.25-OUT09.50,0.25,2,,C/C,O/O,4.5,11.25,9.5,18.5,58.25,97.0,8.0,6.0,14.75,8.75,13.75,7.75,15.25,11.75,14.25,10.75,33.5,PASS_95X140X5_REFERENCE,12.0,135.0,141.0,290.0,-145.0|145.0,25.25,False,FAIL,BELT_NOMINAL_LT_14|BELT_RESIDUAL_LT_8
G-IN4.50-P11.25-OUT09.75,0.25,2,,C/C,O/O,4.5,11.25,9.75,18.5,58.25,97.25,8.0,6.0,14.75,8.75,14.0,8.0,15.25,11.75,14.5,11.0,33.25,PASS_95X140X5_REFERENCE,12.0,135.0,141.0,290.0,-145.0|145.0,25.5,True,ROBUST_CONDITIONAL_PASS_CANDIDATE,
G-IN4.50-P11.25-OUT10.00,0.25,2,,C/C,O/O,4.5,11.25,10.0,18.5,58.25,97.5,8.0,6.0,14.75,8.75,14.25,8.25,15.25,11.75,14.75,11.25,33.0,PASS_95X140X5_REFERENCE,12.0,135.0,141.0,290.0,-145.0|145.0,25.75,True,ROBUST_CONDITIONAL_PASS_CANDIDATE,
G-IN4.50-P11.50-OUT03.00,0.5,1,,C/C,O/O,4.5,11.5,3.0,18.5,58.5,90.5,8.0,6.0,15.0,9.0,7.0,1.0,15.5,12.0,7.5,4.0,40.0,PASS_95X140X5_REFERENCE,12.0,135.0,141.0,290.0,-145.0|145.0,19.0,False,FAIL,BELT_NOMINAL_LT_14|BELT_RESIDUAL_LT_8|PULLEY_NOMINAL_LT_13_5|PULLEY_RESIDUAL_LT_10
G-IN4.50-P11.50-OUT03.50,0.5,1,,C/C,O/O,4.5,11.5,3.5,18.5,58.5,91.0,8.0,6.0,15.0,9.0,7.5,1.5,15.5,12.0,8.0,4.5,39.5,PASS_95X140X5_REFERENCE,12.0,135.0,141.0,290.0,-145.0|145.0,19.5,False,FAIL,BELT_NOMINAL_LT_14|BELT_RESIDUAL_LT_8|PULLEY_NOMINAL_LT_13_5|PULLEY_RESIDUAL_LT_10
G-IN4.50-P11.50-OUT04.00,0.5,1,,C/C,O/O,4.5,11.5,4.0,18.5,58.5,91.5,8.0,6.0,15.0,9.0,8.0,2.0,15.5,12.0,8.5,5.0,39.0,PASS_95X140X5_REFERENCE,12.0,135.0,141.0,290.0,-145.0|145.0,20.0,False,FAIL,BELT_NOMINAL_LT_14|BELT_RESIDUAL_LT_8|PULLEY_NOMINAL_LT_13_5|PULLEY_RESIDUAL_LT_10
G-IN4.50-P11.50-OUT04.50,0.5,1,,C/C,O/O,4.5,11.5,4.5,18.5,58.5,92.0,8.0,6.0,15.0,9.0,8.5,2.5,15.5,12.0,9.0,5.5,38.5,PASS_95X140X5_REFERENCE,12.0,135.0,141.0,290.0,-145.0|145.0,20.5,False,FAIL,BELT_NOMINAL_LT_14|BELT_RESIDUAL_LT_8|PULLEY_NOMINAL_LT_13_5|PULLEY_RESIDUAL_LT_10
G-IN4.50-P11.50-OUT05.00,0.5,1,,C/C,O/O,4.5,11.5,5.0,18.5,58.5,92.5,8.0,6.0,15.0,9.0,9.0,3.0,15.5,12.0,9.5,6.0,38.0,PASS_95X140X5_REFERENCE,12.0,135.0,141.0,290.0,-145.0|145.0,21.0,False,FAIL,BELT_NOMINAL_LT_14|BELT_RESIDUAL_LT_8|PULLEY_NOMINAL_LT_13_5|PULLEY_RESIDUAL_LT_10
G-IN4.50-P11.50-OUT05.50,0.5,1,,C/C,O/O,4.5,11.5,5.5,18.5,58.5,93.0,8.0,6.0,15.0,9.0,9.5,3.5,15.5,12.0,10.0,6.5,37.5,PASS_95X140X5_REFERENCE,12.0,135.0,141.0,290.0,-145.0|145.0,21.5,False,FAIL,BELT_NOMINAL_LT_14|BELT_RESIDUAL_LT_8|PULLEY_NOMINAL_LT_13_5|PULLEY_RESIDUAL_LT_10
G-IN4.50-P11.50-OUT06.00,0.5,1,,C/C,O/O,4.5,11.5,6.0,18.5,58.5,93.5,8.0,6.0,15.0,9.0,10.0,4.0,15.5,12.0,10.5,7.0,37.0,PASS_95X140X5_REFERENCE,12.0,135.0,141.0,290.0,-145.0|145.0,22.0,False,FAIL,BELT_NOMINAL_LT_14|BELT_RESIDUAL_LT_8|PULLEY_NOMINAL_LT_13_5|PULLEY_RESIDUAL_LT_10
G-IN4.50-P11.50-OUT06.50,0.5,1,,C/C,O/O,4.5,11.5,6.5,18.5,58.5,94.0,8.0,6.0,15.0,9.0,10.5,4.5,15.5,12.0,11.0,7.5,36.5,PASS_95X140X5_REFERENCE,12.0,135.0,141.0,290.0,-145.0|145.0,22.5,False,FAIL,BELT_NOMINAL_LT_14|BELT_RESIDUAL_LT_8|PULLEY_NOMINAL_LT_13_5|PULLEY_RESIDUAL_LT_10
G-IN4.50-P11.50-OUT07.00,0.5,1,,C/C,O/O,4.5,11.5,7.0,18.5,58.5,94.5,8.0,6.0,15.0,9.0,11.0,5.0,15.5,12.0,11.5,8.0,36.0,PASS_95X140X5_REFERENCE,12.0,135.0,141.0,290.0,-145.0|145.0,23.0,False,FAIL,BELT_NOMINAL_LT_14|BELT_RESIDUAL_LT_8|PULLEY_NOMINAL_LT_13_5|PULLEY_RESIDUAL_LT_10
G-IN4.50-P11.50-OUT07.50,0.5,1,,C/C,O/O,4.5,11.5,7.5,18.5,58.5,95.0,8.0,6.0,15.0,9.0,11.5,5.5,15.5,12.0,12.0,8.5,35.5,PASS_95X140X5_REFERENCE,12.0,135.0,141.0,290.0,-145.0|145.0,23.5,False,FAIL,BELT_NOMINAL_LT_14|BELT_RESIDUAL_LT_8|PULLEY_NOMINAL_LT_13_5|PULLEY_RESIDUAL_LT_10
G-IN4.50-P11.50-OUT08.00,0.5,1,,C/C,O/O,4.5,11.5,8.0,18.5,58.5,95.5,8.0,6.0,15.0,9.0,12.0,6.0,15.5,12.0,12.5,9.0,35.0,PASS_95X140X5_REFERENCE,12.0,135.0,141.0,290.0,-145.0|145.0,24.0,False,FAIL,BELT_NOMINAL_LT_14|BELT_RESIDUAL_LT_8|PULLEY_NOMINAL_LT_13_5|PULLEY_RESIDUAL_LT_10
G-IN4.50-P11.50-OUT08.50,0.5,1,,C/C,O/O,4.5,11.5,8.5,18.5,58.5,96.0,8.0,6.0,15.0,9.0,12.5,6.5,15.5,12.0,13.0,9.5,34.5,PASS_95X140X5_REFERENCE,12.0,135.0,141.0,290.0,-145.0|145.0,24.5,False,FAIL,BELT_NOMINAL_LT_14|BELT_RESIDUAL_LT_8|PULLEY_NOMINAL_LT_13_5|PULLEY_RESIDUAL_LT_10
G-IN4.50-P11.50-OUT09.00,0.5,1,,C/C,O/O,4.5,11.5,9.0,18.5,58.5,96.5,8.0,6.0,15.0,9.0,13.0,7.0,15.5,12.0,13.5,10.0,34.0,PASS_95X140X5_REFERENCE,12.0,135.0,141.0,290.0,-145.0|145.0,25.0,False,FAIL,BELT_NOMINAL_LT_14|BELT_RESIDUAL_LT_8
G-IN4.50-P11.50-OUT09.25,0.25,2,,C/C,O/O,4.5,11.5,9.25,18.5,58.5,96.75,8.0,6.0,15.0,9.0,13.25,7.25,15.5,12.0,13.75,10.25,33.75,PASS_95X140X5_REFERENCE,12.0,135.0,141.0,290.0,-145.0|145.0,25.25,False,FAIL,BELT_NOMINAL_LT_14|BELT_RESIDUAL_LT_8
G-IN4.50-P11.50-OUT09.50,0.5,1,,C/C,O/O,4.5,11.5,9.5,18.5,58.5,97.0,8.0,6.0,15.0,9.0,13.5,7.5,15.5,12.0,14.0,10.5,33.5,PASS_95X140X5_REFERENCE,12.0,135.0,141.0,290.0,-145.0|145.0,25.5,False,FAIL,BELT_NOMINAL_LT_14|BELT_RESIDUAL_LT_8
G-IN4.50-P11.50-OUT09.75,0.25,2,,C/C,O/O,4.5,11.5,9.75,18.5,58.5,97.25,8.0,6.0,15.0,9.0,13.75,7.75,15.5,12.0,14.25,10.75,33.25,PASS_95X140X5_REFERENCE,12.0,135.0,141.0,290.0,-145.0|145.0,25.75,False,FAIL,BELT_NOMINAL_LT_14|BELT_RESIDUAL_LT_8
G-IN4.50-P11.50-OUT10.00,0.5,1,,C/C,O/O,4.5,11.5,10.0,18.5,58.5,97.5,8.0,6.0,15.0,9.0,14.0,8.0,15.5,12.0,14.5,11.0,33.0,PASS_95X140X5_REFERENCE,12.0,135.0,141.0,290.0,-145.0|145.0,26.0,True,ROBUST_CONDITIONAL_PASS_CANDIDATE,
G-IN4.50-P11.75-OUT09.00,0.25,2,,C/C,O/O,4.5,11.75,9.0,18.5,58.75,96.5,8.0,6.0,15.25,9.25,12.75,6.75,15.75,12.25,13.25,9.75,34.0,PASS_95X140X5_REFERENCE,12.0,135.0,141.0,290.0,-145.0|145.0,25.25,False,FAIL,BELT_NOMINAL_LT_14|BELT_RESIDUAL_LT_8|PULLEY_NOMINAL_LT_13_5|PULLEY_RESIDUAL_LT_10
G-IN4.50-P11.75-OUT09.25,0.25,2,,C/C,O/O,4.5,11.75,9.25,18.5,58.75,96.75,8.0,6.0,15.25,9.25,13.0,7.0,15.75,12.25,13.5,10.0,33.75,PASS_95X140X5_REFERENCE,12.0,135.0,141.0,290.0,-145.0|145.0,25.5,False,FAIL,BELT_NOMINAL_LT_14|BELT_RESIDUAL_LT_8
G-IN4.50-P11.75-OUT09.50,0.25,2,,C/C,O/O,4.5,11.75,9.5,18.5,58.75,97.0,8.0,6.0,15.25,9.25,13.25,7.25,15.75,12.25,13.75,10.25,33.5,PASS_95X140X5_REFERENCE,12.0,135.0,141.0,290.0,-145.0|145.0,25.75,False,FAIL,BELT_NOMINAL_LT_14|BELT_RESIDUAL_LT_8
G-IN4.50-P11.75-OUT09.75,0.25,2,,C/C,O/O,4.5,11.75,9.75,18.5,58.75,97.25,8.0,6.0,15.25,9.25,13.5,7.5,15.75,12.25,14.0,10.5,33.25,PASS_95X140X5_REFERENCE,12.0,135.0,141.0,290.0,-145.0|145.0,26.0,False,FAIL,BELT_NOMINAL_LT_14|BELT_RESIDUAL_LT_8
G-IN4.50-P11.75-OUT10.00,0.25,2,,C/C,O/O,4.5,11.75,10.0,18.5,58.75,97.5,8.0,6.0,15.25,9.25,13.75,7.75,15.75,12.25,14.25,10.75,33.0,PASS_95X140X5_REFERENCE,12.0,135.0,141.0,290.0,-145.0|145.0,26.25,False,FAIL,BELT_NOMINAL_LT_14|BELT_RESIDUAL_LT_8
G-IN4.50-P12.00-OUT03.00,0.5,1,,C/C,O/O,4.5,12.0,3.0,18.5,59.0,90.5,8.0,6.0,15.5,9.5,6.5,0.5,16.0,12.5,7.0,3.5,40.0,PASS_95X140X5_REFERENCE,12.0,135.0,141.0,290.0,-145.0|145.0,19.5,False,FAIL,BELT_NOMINAL_LT_14|BELT_RESIDUAL_LT_8|PULLEY_NOMINAL_LT_13_5|PULLEY_RESIDUAL_LT_10
G-IN4.50-P12.00-OUT03.50,0.5,1,,C/C,O/O,4.5,12.0,3.5,18.5,59.0,91.0,8.0,6.0,15.5,9.5,7.0,1.0,16.0,12.5,7.5,4.0,39.5,PASS_95X140X5_REFERENCE,12.0,135.0,141.0,290.0,-145.0|145.0,20.0,False,FAIL,BELT_NOMINAL_LT_14|BELT_RESIDUAL_LT_8|PULLEY_NOMINAL_LT_13_5|PULLEY_RESIDUAL_LT_10
G-IN4.50-P12.00-OUT04.00,0.5,1,,C/C,O/O,4.5,12.0,4.0,18.5,59.0,91.5,8.0,6.0,15.5,9.5,7.5,1.5,16.0,12.5,8.0,4.5,39.0,PASS_95X140X5_REFERENCE,12.0,135.0,141.0,290.0,-145.0|145.0,20.5,False,FAIL,BELT_NOMINAL_LT_14|BELT_RESIDUAL_LT_8|PULLEY_NOMINAL_LT_13_5|PULLEY_RESIDUAL_LT_10
G-IN4.50-P12.00-OUT04.50,0.5,1,,C/C,O/O,4.5,12.0,4.5,18.5,59.0,92.0,8.0,6.0,15.5,9.5,8.0,2.0,16.0,12.5,8.5,5.0,38.5,PASS_95X140X5_REFERENCE,12.0,135.0,141.0,290.0,-145.0|145.0,21.0,False,FAIL,BELT_NOMINAL_LT_14|BELT_RESIDUAL_LT_8|PULLEY_NOMINAL_LT_13_5|PULLEY_RESIDUAL_LT_10
G-IN4.50-P12.00-OUT05.00,0.5,1,,C/C,O/O,4.5,12.0,5.0,18.5,59.0,92.5,8.0,6.0,15.5,9.5,8.5,2.5,16.0,12.5,9.0,5.5,38.0,PASS_95X140X5_REFERENCE,12.0,135.0,141.0,290.0,-145.0|145.0,21.5,False,FAIL,BELT_NOMINAL_LT_14|BELT_RESIDUAL_LT_8|PULLEY_NOMINAL_LT_13_5|PULLEY_RESIDUAL_LT_10
G-IN4.50-P12.00-OUT05.50,0.5,1,,C/C,O/O,4.5,12.0,5.5,18.5,59.0,93.0,8.0,6.0,15.5,9.5,9.0,3.0,16.0,12.5,9.5,6.0,37.5,PASS_95X140X5_REFERENCE,12.0,135.0,141.0,290.0,-145.0|145.0,22.0,False,FAIL,BELT_NOMINAL_LT_14|BELT_RESIDUAL_LT_8|PULLEY_NOMINAL_LT_13_5|PULLEY_RESIDUAL_LT_10
G-IN4.50-P12.00-OUT06.00,0.5,1,,C/C,O/O,4.5,12.0,6.0,18.5,59.0,93.5,8.0,6.0,15.5,9.5,9.5,3.5,16.0,12.5,10.0,6.5,37.0,PASS_95X140X5_REFERENCE,12.0,135.0,141.0,290.0,-145.0|145.0,22.5,False,FAIL,BELT_NOMINAL_LT_14|BELT_RESIDUAL_LT_8|PULLEY_NOMINAL_LT_13_5|PULLEY_RESIDUAL_LT_10
G-IN4.50-P12.00-OUT06.50,0.5,1,,C/C,O/O,4.5,12.0,6.5,18.5,59.0,94.0,8.0,6.0,15.5,9.5,10.0,4.0,16.0,12.5,10.5,7.0,36.5,PASS_95X140X5_REFERENCE,12.0,135.0,141.0,290.0,-145.0|145.0,23.0,False,FAIL,BELT_NOMINAL_LT_14|BELT_RESIDUAL_LT_8|PULLEY_NOMINAL_LT_13_5|PULLEY_RESIDUAL_LT_10
G-IN4.50-P12.00-OUT07.00,0.5,1,,C/C,O/O,4.5,12.0,7.0,18.5,59.0,94.5,8.0,6.0,15.5,9.5,10.5,4.5,16.0,12.5,11.0,7.5,36.0,PASS_95X140X5_REFERENCE,12.0,135.0,141.0,290.0,-145.0|145.0,23.5,False,FAIL,BELT_NOMINAL_LT_14|BELT_RESIDUAL_LT_8|PULLEY_NOMINAL_LT_13_5|PULLEY_RESIDUAL_LT_10
G-IN4.50-P12.00-OUT07.50,0.5,1,,C/C,O/O,4.5,12.0,7.5,18.5,59.0,95.0,8.0,6.0,15.5,9.5,11.0,5.0,16.0,12.5,11.5,8.0,35.5,PASS_95X140X5_REFERENCE,12.0,135.0,141.0,290.0,-145.0|145.0,24.0,False,FAIL,BELT_NOMINAL_LT_14|BELT_RESIDUAL_LT_8|PULLEY_NOMINAL_LT_13_5|PULLEY_RESIDUAL_LT_10
G-IN4.50-P12.00-OUT08.00,0.5,1,,C/C,O/O,4.5,12.0,8.0,18.5,59.0,95.5,8.0,6.0,15.5,9.5,11.5,5.5,16.0,12.5,12.0,8.5,35.0,PASS_95X140X5_REFERENCE,12.0,135.0,141.0,290.0,-145.0|145.0,24.5,False,FAIL,BELT_NOMINAL_LT_14|BELT_RESIDUAL_LT_8|PULLEY_NOMINAL_LT_13_5|PULLEY_RESIDUAL_LT_10
G-IN4.50-P12.00-OUT08.50,0.5,1,,C/C,O/O,4.5,12.0,8.5,18.5,59.0,96.0,8.0,6.0,15.5,9.5,12.0,6.0,16.0,12.5,12.5,9.0,34.5,PASS_95X140X5_REFERENCE,12.0,135.0,141.0,290.0,-145.0|145.0,25.0,False,FAIL,BELT_NOMINAL_LT_14|BELT_RESIDUAL_LT_8|PULLEY_NOMINAL_LT_13_5|PULLEY_RESIDUAL_LT_10
G-IN4.50-P12.00-OUT09.00,0.5,1,,C/C,O/O,4.5,12.0,9.0,18.5,59.0,96.5,8.0,6.0,15.5,9.5,12.5,6.5,16.0,12.5,13.0,9.5,34.0,PASS_95X140X5_REFERENCE,12.0,135.0,141.0,290.0,-145.0|145.0,25.5,False,FAIL,BELT_NOMINAL_LT_14|BELT_RESIDUAL_LT_8|PULLEY_NOMINAL_LT_13_5|PULLEY_RESIDUAL_LT_10
G-IN4.50-P12.00-OUT09.25,0.25,2,,C/C,O/O,4.5,12.0,9.25,18.5,59.0,96.75,8.0,6.0,15.5,9.5,12.75,6.75,16.0,12.5,13.25,9.75,33.75,PASS_95X140X5_REFERENCE,12.0,135.0,141.0,290.0,-145.0|145.0,25.75,False,FAIL,BELT_NOMINAL_LT_14|BELT_RESIDUAL_LT_8|PULLEY_NOMINAL_LT_13_5|PULLEY_RESIDUAL_LT_10
G-IN4.50-P12.00-OUT09.50,0.5,1,,C/C,O/O,4.5,12.0,9.5,18.5,59.0,97.0,8.0,6.0,15.5,9.5,13.0,7.0,16.0,12.5,13.5,10.0,33.5,PASS_95X140X5_REFERENCE,12.0,135.0,141.0,290.0,-145.0|145.0,26.0,False,FAIL,BELT_NOMINAL_LT_14|BELT_RESIDUAL_LT_8
G-IN4.50-P12.00-OUT09.75,0.25,2,,C/C,O/O,4.5,12.0,9.75,18.5,59.0,97.25,8.0,6.0,15.5,9.5,13.25,7.25,16.0,12.5,13.75,10.25,33.25,PASS_95X140X5_REFERENCE,12.0,135.0,141.0,290.0,-145.0|145.0,26.25,False,FAIL,BELT_NOMINAL_LT_14|BELT_RESIDUAL_LT_8
G-IN4.50-P12.00-OUT10.00,0.5,1,,C/C,O/O,4.5,12.0,10.0,18.5,59.0,97.5,8.0,6.0,15.5,9.5,13.5,7.5,16.0,12.5,14.0,10.5,33.0,PASS_95X140X5_REFERENCE,12.0,135.0,141.0,290.0,-145.0|145.0,26.5,False,FAIL,BELT_NOMINAL_LT_14|BELT_RESIDUAL_LT_8
G-IN4.75-P10.50-OUT09.00,0.25,2,,C/C,O/O,4.75,10.5,9.0,18.75,57.5,96.5,8.5,6.5,13.75,7.75,14.0,8.0,14.25,10.75,14.5,11.0,34.0,PASS_95X140X5_REFERENCE,12.0,134.75,140.75,290.0,-145.0|145.0,24.25,False,FAIL,BELT_NOMINAL_LT_14|BELT_RESIDUAL_LT_8
G-IN4.75-P10.50-OUT09.25,0.25,2,,C/C,O/O,4.75,10.5,9.25,18.75,57.5,96.75,8.5,6.5,13.75,7.75,14.25,8.25,14.25,10.75,14.75,11.25,33.75,PASS_95X140X5_REFERENCE,12.0,134.75,140.75,290.0,-145.0|145.0,24.5,False,FAIL,BELT_NOMINAL_LT_14|BELT_RESIDUAL_LT_8
G-IN4.75-P10.50-OUT09.50,0.25,2,,C/C,O/O,4.75,10.5,9.5,18.75,57.5,97.0,8.5,6.5,13.75,7.75,14.5,8.5,14.25,10.75,15.0,11.5,33.5,PASS_95X140X5_REFERENCE,12.0,134.75,140.75,290.0,-145.0|145.0,24.75,False,FAIL,BELT_NOMINAL_LT_14|BELT_RESIDUAL_LT_8
G-IN4.75-P10.50-OUT09.75,0.25,2,,C/C,O/O,4.75,10.5,9.75,18.75,57.5,97.25,8.5,6.5,13.75,7.75,14.75,8.75,14.25,10.75,15.25,11.75,33.25,PASS_95X140X5_REFERENCE,12.0,134.75,140.75,290.0,-145.0|145.0,25.0,False,FAIL,BELT_NOMINAL_LT_14|BELT_RESIDUAL_LT_8
G-IN4.75-P10.50-OUT10.00,0.25,2,,C/C,O/O,4.75,10.5,10.0,18.75,57.5,97.5,8.5,6.5,13.75,7.75,15.0,9.0,14.25,10.75,15.5,12.0,33.0,PASS_95X140X5_REFERENCE,12.0,134.75,140.75,290.0,-145.0|145.0,25.25,False,FAIL,BELT_NOMINAL_LT_14|BELT_RESIDUAL_LT_8
G-IN4.75-P10.75-OUT09.00,0.25,2,,C/C,O/O,4.75,10.75,9.0,18.75,57.75,96.5,8.5,6.5,14.0,8.0,13.75,7.75,14.5,11.0,14.25,10.75,34.0,PASS_95X140X5_REFERENCE,12.0,134.75,140.75,290.0,-145.0|145.0,24.5,False,FAIL,BELT_NOMINAL_LT_14|BELT_RESIDUAL_LT_8
G-IN4.75-P10.75-OUT09.25,0.25,2,,C/C,O/O,4.75,10.75,9.25,18.75,57.75,96.75,8.5,6.5,14.0,8.0,14.0,8.0,14.5,11.0,14.5,11.0,33.75,PASS_95X140X5_REFERENCE,12.0,134.75,140.75,290.0,-145.0|145.0,24.75,True,ROBUST_CONDITIONAL_PASS_CANDIDATE,
G-IN4.75-P10.75-OUT09.50,0.25,2,,C/C,O/O,4.75,10.75,9.5,18.75,57.75,97.0,8.5,6.5,14.0,8.0,14.25,8.25,14.5,11.0,14.75,11.25,33.5,PASS_95X140X5_REFERENCE,12.0,134.75,140.75,290.0,-145.0|145.0,25.0,True,ROBUST_CONDITIONAL_PASS_CANDIDATE,
G-IN4.75-P10.75-OUT09.75,0.25,2,,C/C,O/O,4.75,10.75,9.75,18.75,57.75,97.25,8.5,6.5,14.0,8.0,14.5,8.5,14.5,11.0,15.0,11.5,33.25,PASS_95X140X5_REFERENCE,12.0,134.75,140.75,290.0,-145.0|145.0,25.25,True,ROBUST_CONDITIONAL_PASS_CANDIDATE,
G-IN4.75-P10.75-OUT10.00,0.25,2,,C/C,O/O,4.75,10.75,10.0,18.75,57.75,97.5,8.5,6.5,14.0,8.0,14.75,8.75,14.5,11.0,15.25,11.75,33.0,PASS_95X140X5_REFERENCE,12.0,134.75,140.75,290.0,-145.0|145.0,25.5,True,ROBUST_CONDITIONAL_PASS_CANDIDATE,
G-IN4.75-P11.00-OUT09.00,0.25,2,,C/C,O/O,4.75,11.0,9.0,18.75,58.0,96.5,8.5,6.5,14.25,8.25,13.5,7.5,14.75,11.25,14.0,10.5,34.0,PASS_95X140X5_REFERENCE,12.0,134.75,140.75,290.0,-145.0|145.0,24.75,False,FAIL,BELT_NOMINAL_LT_14|BELT_RESIDUAL_LT_8
G-IN4.75-P11.00-OUT09.25,0.25,2,,C/C,O/O,4.75,11.0,9.25,18.75,58.0,96.75,8.5,6.5,14.25,8.25,13.75,7.75,14.75,11.25,14.25,10.75,33.75,PASS_95X140X5_REFERENCE,12.0,134.75,140.75,290.0,-145.0|145.0,25.0,False,FAIL,BELT_NOMINAL_LT_14|BELT_RESIDUAL_LT_8
G-IN4.75-P11.00-OUT09.50,0.25,2,,C/C,O/O,4.75,11.0,9.5,18.75,58.0,97.0,8.5,6.5,14.25,8.25,14.0,8.0,14.75,11.25,14.5,11.0,33.5,PASS_95X140X5_REFERENCE,12.0,134.75,140.75,290.0,-145.0|145.0,25.25,True,ROBUST_CONDITIONAL_PASS_CANDIDATE,
G-IN4.75-P11.00-OUT09.75,0.25,2,,C/C,O/O,4.75,11.0,9.75,18.75,58.0,97.25,8.5,6.5,14.25,8.25,14.25,8.25,14.75,11.25,14.75,11.25,33.25,PASS_95X140X5_REFERENCE,12.0,134.75,140.75,290.0,-145.0|145.0,25.5,True,ROBUST_CONDITIONAL_PASS_CANDIDATE,
G-IN4.75-P11.00-OUT10.00,0.25,2,,C/C,O/O,4.75,11.0,10.0,18.75,58.0,97.5,8.5,6.5,14.25,8.25,14.5,8.5,14.75,11.25,15.0,11.5,33.0,PASS_95X140X5_REFERENCE,12.0,134.75,140.75,290.0,-145.0|145.0,25.75,True,ROBUST_CONDITIONAL_PASS_CANDIDATE,
G-IN4.75-P11.25-OUT09.00,0.25,2,,C/C,O/O,4.75,11.25,9.0,18.75,58.25,96.5,8.5,6.5,14.5,8.5,13.25,7.25,15.0,11.5,13.75,10.25,34.0,PASS_95X140X5_REFERENCE,12.0,134.75,140.75,290.0,-145.0|145.0,25.0,False,FAIL,BELT_NOMINAL_LT_14|BELT_RESIDUAL_LT_8
G-IN4.75-P11.25-OUT09.25,0.25,2,,C/C,O/O,4.75,11.25,9.25,18.75,58.25,96.75,8.5,6.5,14.5,8.5,13.5,7.5,15.0,11.5,14.0,10.5,33.75,PASS_95X140X5_REFERENCE,12.0,134.75,140.75,290.0,-145.0|145.0,25.25,False,FAIL,BELT_NOMINAL_LT_14|BELT_RESIDUAL_LT_8
G-IN4.75-P11.25-OUT09.50,0.25,2,,C/C,O/O,4.75,11.25,9.5,18.75,58.25,97.0,8.5,6.5,14.5,8.5,13.75,7.75,15.0,11.5,14.25,10.75,33.5,PASS_95X140X5_REFERENCE,12.0,134.75,140.75,290.0,-145.0|145.0,25.5,False,FAIL,BELT_NOMINAL_LT_14|BELT_RESIDUAL_LT_8
G-IN4.75-P11.25-OUT09.75,0.25,2,,C/C,O/O,4.75,11.25,9.75,18.75,58.25,97.25,8.5,6.5,14.5,8.5,14.0,8.0,15.0,11.5,14.5,11.0,33.25,PASS_95X140X5_REFERENCE,12.0,134.75,140.75,290.0,-145.0|145.0,25.75,True,ROBUST_CONDITIONAL_PASS_CANDIDATE,
G-IN4.75-P11.25-OUT10.00,0.25,2,,C/C,O/O,4.75,11.25,10.0,18.75,58.25,97.5,8.5,6.5,14.5,8.5,14.25,8.25,15.0,11.5,14.75,11.25,33.0,PASS_95X140X5_REFERENCE,12.0,134.75,140.75,290.0,-145.0|145.0,26.0,True,ROBUST_CONDITIONAL_PASS_CANDIDATE,
G-IN4.75-P11.50-OUT09.00,0.25,2,,C/C,O/O,4.75,11.5,9.0,18.75,58.5,96.5,8.5,6.5,14.75,8.75,13.0,7.0,15.25,11.75,13.5,10.0,34.0,PASS_95X140X5_REFERENCE,12.0,134.75,140.75,290.0,-145.0|145.0,25.25,False,FAIL,BELT_NOMINAL_LT_14|BELT_RESIDUAL_LT_8
G-IN4.75-P11.50-OUT09.25,0.25,2,,C/C,O/O,4.75,11.5,9.25,18.75,58.5,96.75,8.5,6.5,14.75,8.75,13.25,7.25,15.25,11.75,13.75,10.25,33.75,PASS_95X140X5_REFERENCE,12.0,134.75,140.75,290.0,-145.0|145.0,25.5,False,FAIL,BELT_NOMINAL_LT_14|BELT_RESIDUAL_LT_8
G-IN4.75-P11.50-OUT09.50,0.25,2,,C/C,O/O,4.75,11.5,9.5,18.75,58.5,97.0,8.5,6.5,14.75,8.75,13.5,7.5,15.25,11.75,14.0,10.5,33.5,PASS_95X140X5_REFERENCE,12.0,134.75,140.75,290.0,-145.0|145.0,25.75,False,FAIL,BELT_NOMINAL_LT_14|BELT_RESIDUAL_LT_8
G-IN4.75-P11.50-OUT09.75,0.25,2,,C/C,O/O,4.75,11.5,9.75,18.75,58.5,97.25,8.5,6.5,14.75,8.75,13.75,7.75,15.25,11.75,14.25,10.75,33.25,PASS_95X140X5_REFERENCE,12.0,134.75,140.75,290.0,-145.0|145.0,26.0,False,FAIL,BELT_NOMINAL_LT_14|BELT_RESIDUAL_LT_8
G-IN4.75-P11.50-OUT10.00,0.25,2,,C/C,O/O,4.75,11.5,10.0,18.75,58.5,97.5,8.5,6.5,14.75,8.75,14.0,8.0,15.25,11.75,14.5,11.0,33.0,PASS_95X140X5_REFERENCE,12.0,134.75,140.75,290.0,-145.0|145.0,26.25,True,ROBUST_CONDITIONAL_PASS_CANDIDATE,
G-IN4.75-P11.75-OUT09.00,0.25,2,,C/C,O/O,4.75,11.75,9.0,18.75,58.75,96.5,8.5,6.5,15.0,9.0,12.75,6.75,15.5,12.0,13.25,9.75,34.0,PASS_95X140X5_REFERENCE,12.0,134.75,140.75,290.0,-145.0|145.0,25.5,False,FAIL,BELT_NOMINAL_LT_14|BELT_RESIDUAL_LT_8|PULLEY_NOMINAL_LT_13_5|PULLEY_RESIDUAL_LT_10
G-IN4.75-P11.75-OUT09.25,0.25,2,,C/C,O/O,4.75,11.75,9.25,18.75,58.75,96.75,8.5,6.5,15.0,9.0,13.0,7.0,15.5,12.0,13.5,10.0,33.75,PASS_95X140X5_REFERENCE,12.0,134.75,140.75,290.0,-145.0|145.0,25.75,False,FAIL,BELT_NOMINAL_LT_14|BELT_RESIDUAL_LT_8
G-IN4.75-P11.75-OUT09.50,0.25,2,,C/C,O/O,4.75,11.75,9.5,18.75,58.75,97.0,8.5,6.5,15.0,9.0,13.25,7.25,15.5,12.0,13.75,10.25,33.5,PASS_95X140X5_REFERENCE,12.0,134.75,140.75,290.0,-145.0|145.0,26.0,False,FAIL,BELT_NOMINAL_LT_14|BELT_RESIDUAL_LT_8
G-IN4.75-P11.75-OUT09.75,0.25,2,,C/C,O/O,4.75,11.75,9.75,18.75,58.75,97.25,8.5,6.5,15.0,9.0,13.5,7.5,15.5,12.0,14.0,10.5,33.25,PASS_95X140X5_REFERENCE,12.0,134.75,140.75,290.0,-145.0|145.0,26.25,False,FAIL,BELT_NOMINAL_LT_14|BELT_RESIDUAL_LT_8
G-IN4.75-P11.75-OUT10.00,0.25,2,,C/C,O/O,4.75,11.75,10.0,18.75,58.75,97.5,8.5,6.5,15.0,9.0,13.75,7.75,15.5,12.0,14.25,10.75,33.0,PASS_95X140X5_REFERENCE,12.0,134.75,140.75,290.0,-145.0|145.0,26.5,False,FAIL,BELT_NOMINAL_LT_14|BELT_RESIDUAL_LT_8
G-IN4.75-P12.00-OUT09.00,0.25,2,,C/C,O/O,4.75,12.0,9.0,18.75,59.0,96.5,8.5,6.5,15.25,9.25,12.5,6.5,15.75,12.25,13.0,9.5,34.0,PASS_95X140X5_REFERENCE,12.0,134.75,140.75,290.0,-145.0|145.0,25.75,False,FAIL,BELT_NOMINAL_LT_14|BELT_RESIDUAL_LT_8|PULLEY_NOMINAL_LT_13_5|PULLEY_RESIDUAL_LT_10
G-IN4.75-P12.00-OUT09.25,0.25,2,,C/C,O/O,4.75,12.0,9.25,18.75,59.0,96.75,8.5,6.5,15.25,9.25,12.75,6.75,15.75,12.25,13.25,9.75,33.75,PASS_95X140X5_REFERENCE,12.0,134.75,140.75,290.0,-145.0|145.0,26.0,False,FAIL,BELT_NOMINAL_LT_14|BELT_RESIDUAL_LT_8|PULLEY_NOMINAL_LT_13_5|PULLEY_RESIDUAL_LT_10
G-IN4.75-P12.00-OUT09.50,0.25,2,,C/C,O/O,4.75,12.0,9.5,18.75,59.0,97.0,8.5,6.5,15.25,9.25,13.0,7.0,15.75,12.25,13.5,10.0,33.5,PASS_95X140X5_REFERENCE,12.0,134.75,140.75,290.0,-145.0|145.0,26.25,False,FAIL,BELT_NOMINAL_LT_14|BELT_RESIDUAL_LT_8
G-IN4.75-P12.00-OUT09.75,0.25,2,,C/C,O/O,4.75,12.0,9.75,18.75,59.0,97.25,8.5,6.5,15.25,9.25,13.25,7.25,15.75,12.25,13.75,10.25,33.25,PASS_95X140X5_REFERENCE,12.0,134.75,140.75,290.0,-145.0|145.0,26.5,False,FAIL,BELT_NOMINAL_LT_14|BELT_RESIDUAL_LT_8
G-IN4.75-P12.00-OUT10.00,0.25,2,,C/C,O/O,4.75,12.0,10.0,18.75,59.0,97.5,8.5,6.5,15.25,9.25,13.5,7.5,15.75,12.25,14.0,10.5,33.0,PASS_95X140X5_REFERENCE,12.0,134.75,140.75,290.0,-145.0|145.0,26.75,False,FAIL,BELT_NOMINAL_LT_14|BELT_RESIDUAL_LT_8
G-IN5.00-P05.00-OUT03.00,0.5,1,,C/C,O/O,5.0,5.0,3.0,19.0,52.0,90.5,9.0,7.0,8.0,2.0,13.5,7.5,8.5,5.0,14.0,10.5,40.0,PASS_95X140X5_REFERENCE,12.0,134.5,140.5,290.0,-145.0|145.0,13.0,False,FAIL,BELT_NOMINAL_LT_14|BELT_RESIDUAL_LT_8|PULLEY_NOMINAL_LT_13_5|PULLEY_RESIDUAL_LT_10
G-IN5.00-P05.00-OUT03.50,0.5,1,,C/C,O/O,5.0,5.0,3.5,19.0,52.0,91.0,9.0,7.0,8.0,2.0,14.0,8.0,8.5,5.0,14.5,11.0,39.5,PASS_95X140X5_REFERENCE,12.0,134.5,140.5,290.0,-145.0|145.0,13.5,False,FAIL,BELT_NOMINAL_LT_14|BELT_RESIDUAL_LT_8|PULLEY_NOMINAL_LT_13_5|PULLEY_RESIDUAL_LT_10
G-IN5.00-P05.00-OUT04.00,0.5,1,,C/C,O/O,5.0,5.0,4.0,19.0,52.0,91.5,9.0,7.0,8.0,2.0,14.5,8.5,8.5,5.0,15.0,11.5,39.0,PASS_95X140X5_REFERENCE,12.0,134.5,140.5,290.0,-145.0|145.0,14.0,False,FAIL,BELT_NOMINAL_LT_14|BELT_RESIDUAL_LT_8|PULLEY_NOMINAL_LT_13_5|PULLEY_RESIDUAL_LT_10
G-IN5.00-P05.00-OUT04.50,0.5,1,,C/C,O/O,5.0,5.0,4.5,19.0,52.0,92.0,9.0,7.0,8.0,2.0,15.0,9.0,8.5,5.0,15.5,12.0,38.5,PASS_95X140X5_REFERENCE,12.0,134.5,140.5,290.0,-145.0|145.0,14.5,False,FAIL,BELT_NOMINAL_LT_14|BELT_RESIDUAL_LT_8|PULLEY_NOMINAL_LT_13_5|PULLEY_RESIDUAL_LT_10
G-IN5.00-P05.00-OUT05.00,0.5,1,,C/C,O/O,5.0,5.0,5.0,19.0,52.0,92.5,9.0,7.0,8.0,2.0,15.5,9.5,8.5,5.0,16.0,12.5,38.0,PASS_95X140X5_REFERENCE,12.0,134.5,140.5,290.0,-145.0|145.0,15.0,False,FAIL,BELT_NOMINAL_LT_14|BELT_RESIDUAL_LT_8|PULLEY_NOMINAL_LT_13_5|PULLEY_RESIDUAL_LT_10
G-IN5.00-P05.00-OUT05.50,0.5,1,,C/C,O/O,5.0,5.0,5.5,19.0,52.0,93.0,9.0,7.0,8.0,2.0,16.0,10.0,8.5,5.0,16.5,13.0,37.5,PASS_95X140X5_REFERENCE,12.0,134.5,140.5,290.0,-145.0|145.0,15.5,False,FAIL,BELT_NOMINAL_LT_14|BELT_RESIDUAL_LT_8|PULLEY_NOMINAL_LT_13_5|PULLEY_RESIDUAL_LT_10
G-IN5.00-P05.00-OUT06.00,0.5,1,,C/C,O/O,5.0,5.0,6.0,19.0,52.0,93.5,9.0,7.0,8.0,2.0,16.5,10.5,8.5,5.0,17.0,13.5,37.0,PASS_95X140X5_REFERENCE,12.0,134.5,140.5,290.0,-145.0|145.0,16.0,False,FAIL,BELT_NOMINAL_LT_14|BELT_RESIDUAL_LT_8|PULLEY_NOMINAL_LT_13_5|PULLEY_RESIDUAL_LT_10
G-IN5.00-P05.00-OUT06.50,0.5,1,,C/C,O/O,5.0,5.0,6.5,19.0,52.0,94.0,9.0,7.0,8.0,2.0,17.0,11.0,8.5,5.0,17.5,14.0,36.5,PASS_95X140X5_REFERENCE,12.0,134.5,140.5,290.0,-145.0|145.0,16.5,False,FAIL,BELT_NOMINAL_LT_14|BELT_RESIDUAL_LT_8|PULLEY_NOMINAL_LT_13_5|PULLEY_RESIDUAL_LT_10
G-IN5.00-P05.00-OUT07.00,0.5,1,,C/C,O/O,5.0,5.0,7.0,19.0,52.0,94.5,9.0,7.0,8.0,2.0,17.5,11.5,8.5,5.0,18.0,14.5,36.0,PASS_95X140X5_REFERENCE,12.0,134.5,140.5,290.0,-145.0|145.0,17.0,False,FAIL,BELT_NOMINAL_LT_14|BELT_RESIDUAL_LT_8|PULLEY_NOMINAL_LT_13_5|PULLEY_RESIDUAL_LT_10
G-IN5.00-P05.00-OUT07.50,0.5,1,,C/C,O/O,5.0,5.0,7.5,19.0,52.0,95.0,9.0,7.0,8.0,2.0,18.0,12.0,8.5,5.0,18.5,15.0,35.5,PASS_95X140X5_REFERENCE,12.0,134.5,140.5,290.0,-145.0|145.0,17.5,False,FAIL,BELT_NOMINAL_LT_14|BELT_RESIDUAL_LT_8|PULLEY_NOMINAL_LT_13_5|PULLEY_RESIDUAL_LT_10
G-IN5.00-P05.00-OUT08.00,0.5,1,,C/C,O/O,5.0,5.0,8.0,19.0,52.0,95.5,9.0,7.0,8.0,2.0,18.5,12.5,8.5,5.0,19.0,15.5,35.0,PASS_95X140X5_REFERENCE,12.0,134.5,140.5,290.0,-145.0|145.0,18.0,False,FAIL,BELT_NOMINAL_LT_14|BELT_RESIDUAL_LT_8|PULLEY_NOMINAL_LT_13_5|PULLEY_RESIDUAL_LT_10
G-IN5.00-P05.00-OUT08.50,0.5,1,,C/C,O/O,5.0,5.0,8.5,19.0,52.0,96.0,9.0,7.0,8.0,2.0,19.0,13.0,8.5,5.0,19.5,16.0,34.5,PASS_95X140X5_REFERENCE,12.0,134.5,140.5,290.0,-145.0|145.0,18.5,False,FAIL,BELT_NOMINAL_LT_14|BELT_RESIDUAL_LT_8|PULLEY_NOMINAL_LT_13_5|PULLEY_RESIDUAL_LT_10
G-IN5.00-P05.00-OUT09.00,0.5,1,,C/C,O/O,5.0,5.0,9.0,19.0,52.0,96.5,9.0,7.0,8.0,2.0,19.5,13.5,8.5,5.0,20.0,16.5,34.0,PASS_95X140X5_REFERENCE,12.0,134.5,140.5,290.0,-145.0|145.0,19.0,False,FAIL,BELT_NOMINAL_LT_14|BELT_RESIDUAL_LT_8|PULLEY_NOMINAL_LT_13_5|PULLEY_RESIDUAL_LT_10
G-IN5.00-P05.00-OUT09.50,0.5,1,,C/C,O/O,5.0,5.0,9.5,19.0,52.0,97.0,9.0,7.0,8.0,2.0,20.0,14.0,8.5,5.0,20.5,17.0,33.5,PASS_95X140X5_REFERENCE,12.0,134.5,140.5,290.0,-145.0|145.0,19.5,False,FAIL,BELT_NOMINAL_LT_14|BELT_RESIDUAL_LT_8|PULLEY_NOMINAL_LT_13_5|PULLEY_RESIDUAL_LT_10
G-IN5.00-P05.00-OUT10.00,0.5,1,,C/C,O/O,5.0,5.0,10.0,19.0,52.0,97.5,9.0,7.0,8.0,2.0,20.5,14.5,8.5,5.0,21.0,17.5,33.0,PASS_95X140X5_REFERENCE,12.0,134.5,140.5,290.0,-145.0|145.0,20.0,False,FAIL,BELT_NOMINAL_LT_14|BELT_RESIDUAL_LT_8|PULLEY_NOMINAL_LT_13_5|PULLEY_RESIDUAL_LT_10
G-IN5.00-P05.50-OUT03.00,0.5,1,,C/C,O/O,5.0,5.5,3.0,19.0,52.5,90.5,9.0,7.0,8.5,2.5,13.0,7.0,9.0,5.5,13.5,10.0,40.0,PASS_95X140X5_REFERENCE,12.0,134.5,140.5,290.0,-145.0|145.0,13.5,False,FAIL,BELT_NOMINAL_LT_14|BELT_RESIDUAL_LT_8|PULLEY_NOMINAL_LT_13_5|PULLEY_RESIDUAL_LT_10
G-IN5.00-P05.50-OUT03.50,0.5,1,,C/C,O/O,5.0,5.5,3.5,19.0,52.5,91.0,9.0,7.0,8.5,2.5,13.5,7.5,9.0,5.5,14.0,10.5,39.5,PASS_95X140X5_REFERENCE,12.0,134.5,140.5,290.0,-145.0|145.0,14.0,False,FAIL,BELT_NOMINAL_LT_14|BELT_RESIDUAL_LT_8|PULLEY_NOMINAL_LT_13_5|PULLEY_RESIDUAL_LT_10
G-IN5.00-P05.50-OUT04.00,0.5,1,,C/C,O/O,5.0,5.5,4.0,19.0,52.5,91.5,9.0,7.0,8.5,2.5,14.0,8.0,9.0,5.5,14.5,11.0,39.0,PASS_95X140X5_REFERENCE,12.0,134.5,140.5,290.0,-145.0|145.0,14.5,False,FAIL,BELT_NOMINAL_LT_14|BELT_RESIDUAL_LT_8|PULLEY_NOMINAL_LT_13_5|PULLEY_RESIDUAL_LT_10
G-IN5.00-P05.50-OUT04.50,0.5,1,,C/C,O/O,5.0,5.5,4.5,19.0,52.5,92.0,9.0,7.0,8.5,2.5,14.5,8.5,9.0,5.5,15.0,11.5,38.5,PASS_95X140X5_REFERENCE,12.0,134.5,140.5,290.0,-145.0|145.0,15.0,False,FAIL,BELT_NOMINAL_LT_14|BELT_RESIDUAL_LT_8|PULLEY_NOMINAL_LT_13_5|PULLEY_RESIDUAL_LT_10
G-IN5.00-P05.50-OUT05.00,0.5,1,,C/C,O/O,5.0,5.5,5.0,19.0,52.5,92.5,9.0,7.0,8.5,2.5,15.0,9.0,9.0,5.5,15.5,12.0,38.0,PASS_95X140X5_REFERENCE,12.0,134.5,140.5,290.0,-145.0|145.0,15.5,False,FAIL,BELT_NOMINAL_LT_14|BELT_RESIDUAL_LT_8|PULLEY_NOMINAL_LT_13_5|PULLEY_RESIDUAL_LT_10
G-IN5.00-P05.50-OUT05.50,0.5,1,,C/C,O/O,5.0,5.5,5.5,19.0,52.5,93.0,9.0,7.0,8.5,2.5,15.5,9.5,9.0,5.5,16.0,12.5,37.5,PASS_95X140X5_REFERENCE,12.0,134.5,140.5,290.0,-145.0|145.0,16.0,False,FAIL,BELT_NOMINAL_LT_14|BELT_RESIDUAL_LT_8|PULLEY_NOMINAL_LT_13_5|PULLEY_RESIDUAL_LT_10
G-IN5.00-P05.50-OUT06.00,0.5,1,,C/C,O/O,5.0,5.5,6.0,19.0,52.5,93.5,9.0,7.0,8.5,2.5,16.0,10.0,9.0,5.5,16.5,13.0,37.0,PASS_95X140X5_REFERENCE,12.0,134.5,140.5,290.0,-145.0|145.0,16.5,False,FAIL,BELT_NOMINAL_LT_14|BELT_RESIDUAL_LT_8|PULLEY_NOMINAL_LT_13_5|PULLEY_RESIDUAL_LT_10
G-IN5.00-P05.50-OUT06.50,0.5,1,,C/C,O/O,5.0,5.5,6.5,19.0,52.5,94.0,9.0,7.0,8.5,2.5,16.5,10.5,9.0,5.5,17.0,13.5,36.5,PASS_95X140X5_REFERENCE,12.0,134.5,140.5,290.0,-145.0|145.0,17.0,False,FAIL,BELT_NOMINAL_LT_14|BELT_RESIDUAL_LT_8|PULLEY_NOMINAL_LT_13_5|PULLEY_RESIDUAL_LT_10
G-IN5.00-P05.50-OUT07.00,0.5,1,,C/C,O/O,5.0,5.5,7.0,19.0,52.5,94.5,9.0,7.0,8.5,2.5,17.0,11.0,9.0,5.5,17.5,14.0,36.0,PASS_95X140X5_REFERENCE,12.0,134.5,140.5,290.0,-145.0|145.0,17.5,False,FAIL,BELT_NOMINAL_LT_14|BELT_RESIDUAL_LT_8|PULLEY_NOMINAL_LT_13_5|PULLEY_RESIDUAL_LT_10
G-IN5.00-P05.50-OUT07.50,0.5,1,,C/C,O/O,5.0,5.5,7.5,19.0,52.5,95.0,9.0,7.0,8.5,2.5,17.5,11.5,9.0,5.5,18.0,14.5,35.5,PASS_95X140X5_REFERENCE,12.0,134.5,140.5,290.0,-145.0|145.0,18.0,False,FAIL,BELT_NOMINAL_LT_14|BELT_RESIDUAL_LT_8|PULLEY_NOMINAL_LT_13_5|PULLEY_RESIDUAL_LT_10
G-IN5.00-P05.50-OUT08.00,0.5,1,,C/C,O/O,5.0,5.5,8.0,19.0,52.5,95.5,9.0,7.0,8.5,2.5,18.0,12.0,9.0,5.5,18.5,15.0,35.0,PASS_95X140X5_REFERENCE,12.0,134.5,140.5,290.0,-145.0|145.0,18.5,False,FAIL,BELT_NOMINAL_LT_14|BELT_RESIDUAL_LT_8|PULLEY_NOMINAL_LT_13_5|PULLEY_RESIDUAL_LT_10
G-IN5.00-P05.50-OUT08.50,0.5,1,,C/C,O/O,5.0,5.5,8.5,19.0,52.5,96.0,9.0,7.0,8.5,2.5,18.5,12.5,9.0,5.5,19.0,15.5,34.5,PASS_95X140X5_REFERENCE,12.0,134.5,140.5,290.0,-145.0|145.0,19.0,False,FAIL,BELT_NOMINAL_LT_14|BELT_RESIDUAL_LT_8|PULLEY_NOMINAL_LT_13_5|PULLEY_RESIDUAL_LT_10
G-IN5.00-P05.50-OUT09.00,0.5,1,,C/C,O/O,5.0,5.5,9.0,19.0,52.5,96.5,9.0,7.0,8.5,2.5,19.0,13.0,9.0,5.5,19.5,16.0,34.0,PASS_95X140X5_REFERENCE,12.0,134.5,140.5,290.0,-145.0|145.0,19.5,False,FAIL,BELT_NOMINAL_LT_14|BELT_RESIDUAL_LT_8|PULLEY_NOMINAL_LT_13_5|PULLEY_RESIDUAL_LT_10
G-IN5.00-P05.50-OUT09.50,0.5,1,,C/C,O/O,5.0,5.5,9.5,19.0,52.5,97.0,9.0,7.0,8.5,2.5,19.5,13.5,9.0,5.5,20.0,16.5,33.5,PASS_95X140X5_REFERENCE,12.0,134.5,140.5,290.0,-145.0|145.0,20.0,False,FAIL,BELT_NOMINAL_LT_14|BELT_RESIDUAL_LT_8|PULLEY_NOMINAL_LT_13_5|PULLEY_RESIDUAL_LT_10
G-IN5.00-P05.50-OUT10.00,0.5,1,,C/C,O/O,5.0,5.5,10.0,19.0,52.5,97.5,9.0,7.0,8.5,2.5,20.0,14.0,9.0,5.5,20.5,17.0,33.0,PASS_95X140X5_REFERENCE,12.0,134.5,140.5,290.0,-145.0|145.0,20.5,False,FAIL,BELT_NOMINAL_LT_14|BELT_RESIDUAL_LT_8|PULLEY_NOMINAL_LT_13_5|PULLEY_RESIDUAL_LT_10
G-IN5.00-P06.00-OUT03.00,0.5,1,,C/C,O/O,5.0,6.0,3.0,19.0,53.0,90.5,9.0,7.0,9.0,3.0,12.5,6.5,9.5,6.0,13.0,9.5,40.0,PASS_95X140X5_REFERENCE,12.0,134.5,140.5,290.0,-145.0|145.0,14.0,False,FAIL,BELT_NOMINAL_LT_14|BELT_RESIDUAL_LT_8|PULLEY_NOMINAL_LT_13_5|PULLEY_RESIDUAL_LT_10
G-IN5.00-P06.00-OUT03.50,0.5,1,,C/C,O/O,5.0,6.0,3.5,19.0,53.0,91.0,9.0,7.0,9.0,3.0,13.0,7.0,9.5,6.0,13.5,10.0,39.5,PASS_95X140X5_REFERENCE,12.0,134.5,140.5,290.0,-145.0|145.0,14.5,False,FAIL,BELT_NOMINAL_LT_14|BELT_RESIDUAL_LT_8|PULLEY_NOMINAL_LT_13_5|PULLEY_RESIDUAL_LT_10
G-IN5.00-P06.00-OUT04.00,0.5,1,,C/C,O/O,5.0,6.0,4.0,19.0,53.0,91.5,9.0,7.0,9.0,3.0,13.5,7.5,9.5,6.0,14.0,10.5,39.0,PASS_95X140X5_REFERENCE,12.0,134.5,140.5,290.0,-145.0|145.0,15.0,False,FAIL,BELT_NOMINAL_LT_14|BELT_RESIDUAL_LT_8|PULLEY_NOMINAL_LT_13_5|PULLEY_RESIDUAL_LT_10
G-IN5.00-P06.00-OUT04.50,0.5,1,,C/C,O/O,5.0,6.0,4.5,19.0,53.0,92.0,9.0,7.0,9.0,3.0,14.0,8.0,9.5,6.0,14.5,11.0,38.5,PASS_95X140X5_REFERENCE,12.0,134.5,140.5,290.0,-145.0|145.0,15.5,False,FAIL,BELT_NOMINAL_LT_14|BELT_RESIDUAL_LT_8|PULLEY_NOMINAL_LT_13_5|PULLEY_RESIDUAL_LT_10
G-IN5.00-P06.00-OUT05.00,0.5,1,,C/C,O/O,5.0,6.0,5.0,19.0,53.0,92.5,9.0,7.0,9.0,3.0,14.5,8.5,9.5,6.0,15.0,11.5,38.0,PASS_95X140X5_REFERENCE,12.0,134.5,140.5,290.0,-145.0|145.0,16.0,False,FAIL,BELT_NOMINAL_LT_14|BELT_RESIDUAL_LT_8|PULLEY_NOMINAL_LT_13_5|PULLEY_RESIDUAL_LT_10
G-IN5.00-P06.00-OUT05.50,0.5,1,,C/C,O/O,5.0,6.0,5.5,19.0,53.0,93.0,9.0,7.0,9.0,3.0,15.0,9.0,9.5,6.0,15.5,12.0,37.5,PASS_95X140X5_REFERENCE,12.0,134.5,140.5,290.0,-145.0|145.0,16.5,False,FAIL,BELT_NOMINAL_LT_14|BELT_RESIDUAL_LT_8|PULLEY_NOMINAL_LT_13_5|PULLEY_RESIDUAL_LT_10
G-IN5.00-P06.00-OUT06.00,0.5,1,,C/C,O/O,5.0,6.0,6.0,19.0,53.0,93.5,9.0,7.0,9.0,3.0,15.5,9.5,9.5,6.0,16.0,12.5,37.0,PASS_95X140X5_REFERENCE,12.0,134.5,140.5,290.0,-145.0|145.0,17.0,False,FAIL,BELT_NOMINAL_LT_14|BELT_RESIDUAL_LT_8|PULLEY_NOMINAL_LT_13_5|PULLEY_RESIDUAL_LT_10
G-IN5.00-P06.00-OUT06.50,0.5,1,,C/C,O/O,5.0,6.0,6.5,19.0,53.0,94.0,9.0,7.0,9.0,3.0,16.0,10.0,9.5,6.0,16.5,13.0,36.5,PASS_95X140X5_REFERENCE,12.0,134.5,140.5,290.0,-145.0|145.0,17.5,False,FAIL,BELT_NOMINAL_LT_14|BELT_RESIDUAL_LT_8|PULLEY_NOMINAL_LT_13_5|PULLEY_RESIDUAL_LT_10
G-IN5.00-P06.00-OUT07.00,0.5,1,,C/C,O/O,5.0,6.0,7.0,19.0,53.0,94.5,9.0,7.0,9.0,3.0,16.5,10.5,9.5,6.0,17.0,13.5,36.0,PASS_95X140X5_REFERENCE,12.0,134.5,140.5,290.0,-145.0|145.0,18.0,False,FAIL,BELT_NOMINAL_LT_14|BELT_RESIDUAL_LT_8|PULLEY_NOMINAL_LT_13_5|PULLEY_RESIDUAL_LT_10
G-IN5.00-P06.00-OUT07.50,0.5,1,,C/C,O/O,5.0,6.0,7.5,19.0,53.0,95.0,9.0,7.0,9.0,3.0,17.0,11.0,9.5,6.0,17.5,14.0,35.5,PASS_95X140X5_REFERENCE,12.0,134.5,140.5,290.0,-145.0|145.0,18.5,False,FAIL,BELT_NOMINAL_LT_14|BELT_RESIDUAL_LT_8|PULLEY_NOMINAL_LT_13_5|PULLEY_RESIDUAL_LT_10
G-IN5.00-P06.00-OUT08.00,0.5,1,,C/C,O/O,5.0,6.0,8.0,19.0,53.0,95.5,9.0,7.0,9.0,3.0,17.5,11.5,9.5,6.0,18.0,14.5,35.0,PASS_95X140X5_REFERENCE,12.0,134.5,140.5,290.0,-145.0|145.0,19.0,False,FAIL,BELT_NOMINAL_LT_14|BELT_RESIDUAL_LT_8|PULLEY_NOMINAL_LT_13_5|PULLEY_RESIDUAL_LT_10
G-IN5.00-P06.00-OUT08.50,0.5,1,,C/C,O/O,5.0,6.0,8.5,19.0,53.0,96.0,9.0,7.0,9.0,3.0,18.0,12.0,9.5,6.0,18.5,15.0,34.5,PASS_95X140X5_REFERENCE,12.0,134.5,140.5,290.0,-145.0|145.0,19.5,False,FAIL,BELT_NOMINAL_LT_14|BELT_RESIDUAL_LT_8|PULLEY_NOMINAL_LT_13_5|PULLEY_RESIDUAL_LT_10
G-IN5.00-P06.00-OUT09.00,0.5,1,,C/C,O/O,5.0,6.0,9.0,19.0,53.0,96.5,9.0,7.0,9.0,3.0,18.5,12.5,9.5,6.0,19.0,15.5,34.0,PASS_95X140X5_REFERENCE,12.0,134.5,140.5,290.0,-145.0|145.0,20.0,False,FAIL,BELT_NOMINAL_LT_14|BELT_RESIDUAL_LT_8|PULLEY_NOMINAL_LT_13_5|PULLEY_RESIDUAL_LT_10
G-IN5.00-P06.00-OUT09.50,0.5,1,,C/C,O/O,5.0,6.0,9.5,19.0,53.0,97.0,9.0,7.0,9.0,3.0,19.0,13.0,9.5,6.0,19.5,16.0,33.5,PASS_95X140X5_REFERENCE,12.0,134.5,140.5,290.0,-145.0|145.0,20.5,False,FAIL,BELT_NOMINAL_LT_14|BELT_RESIDUAL_LT_8|PULLEY_NOMINAL_LT_13_5|PULLEY_RESIDUAL_LT_10
G-IN5.00-P06.00-OUT10.00,0.5,1,,C/C,O/O,5.0,6.0,10.0,19.0,53.0,97.5,9.0,7.0,9.0,3.0,19.5,13.5,9.5,6.0,20.0,16.5,33.0,PASS_95X140X5_REFERENCE,12.0,134.5,140.5,290.0,-145.0|145.0,21.0,False,FAIL,BELT_NOMINAL_LT_14|BELT_RESIDUAL_LT_8|PULLEY_NOMINAL_LT_13_5|PULLEY_RESIDUAL_LT_10
G-IN5.00-P06.50-OUT03.00,0.5,1,,C/C,O/O,5.0,6.5,3.0,19.0,53.5,90.5,9.0,7.0,9.5,3.5,12.0,6.0,10.0,6.5,12.5,9.0,40.0,PASS_95X140X5_REFERENCE,12.0,134.5,140.5,290.0,-145.0|145.0,14.5,False,FAIL,BELT_NOMINAL_LT_14|BELT_RESIDUAL_LT_8|PULLEY_NOMINAL_LT_13_5|PULLEY_RESIDUAL_LT_10
G-IN5.00-P06.50-OUT03.50,0.5,1,,C/C,O/O,5.0,6.5,3.5,19.0,53.5,91.0,9.0,7.0,9.5,3.5,12.5,6.5,10.0,6.5,13.0,9.5,39.5,PASS_95X140X5_REFERENCE,12.0,134.5,140.5,290.0,-145.0|145.0,15.0,False,FAIL,BELT_NOMINAL_LT_14|BELT_RESIDUAL_LT_8|PULLEY_NOMINAL_LT_13_5|PULLEY_RESIDUAL_LT_10
G-IN5.00-P06.50-OUT04.00,0.5,1,,C/C,O/O,5.0,6.5,4.0,19.0,53.5,91.5,9.0,7.0,9.5,3.5,13.0,7.0,10.0,6.5,13.5,10.0,39.0,PASS_95X140X5_REFERENCE,12.0,134.5,140.5,290.0,-145.0|145.0,15.5,False,FAIL,BELT_NOMINAL_LT_14|BELT_RESIDUAL_LT_8|PULLEY_NOMINAL_LT_13_5|PULLEY_RESIDUAL_LT_10
G-IN5.00-P06.50-OUT04.50,0.5,1,,C/C,O/O,5.0,6.5,4.5,19.0,53.5,92.0,9.0,7.0,9.5,3.5,13.5,7.5,10.0,6.5,14.0,10.5,38.5,PASS_95X140X5_REFERENCE,12.0,134.5,140.5,290.0,-145.0|145.0,16.0,False,FAIL,BELT_NOMINAL_LT_14|BELT_RESIDUAL_LT_8|PULLEY_NOMINAL_LT_13_5|PULLEY_RESIDUAL_LT_10
G-IN5.00-P06.50-OUT05.00,0.5,1,,C/C,O/O,5.0,6.5,5.0,19.0,53.5,92.5,9.0,7.0,9.5,3.5,14.0,8.0,10.0,6.5,14.5,11.0,38.0,PASS_95X140X5_REFERENCE,12.0,134.5,140.5,290.0,-145.0|145.0,16.5,False,FAIL,BELT_NOMINAL_LT_14|BELT_RESIDUAL_LT_8|PULLEY_NOMINAL_LT_13_5|PULLEY_RESIDUAL_LT_10
G-IN5.00-P06.50-OUT05.50,0.5,1,,C/C,O/O,5.0,6.5,5.5,19.0,53.5,93.0,9.0,7.0,9.5,3.5,14.5,8.5,10.0,6.5,15.0,11.5,37.5,PASS_95X140X5_REFERENCE,12.0,134.5,140.5,290.0,-145.0|145.0,17.0,False,FAIL,BELT_NOMINAL_LT_14|BELT_RESIDUAL_LT_8|PULLEY_NOMINAL_LT_13_5|PULLEY_RESIDUAL_LT_10
G-IN5.00-P06.50-OUT06.00,0.5,1,,C/C,O/O,5.0,6.5,6.0,19.0,53.5,93.5,9.0,7.0,9.5,3.5,15.0,9.0,10.0,6.5,15.5,12.0,37.0,PASS_95X140X5_REFERENCE,12.0,134.5,140.5,290.0,-145.0|145.0,17.5,False,FAIL,BELT_NOMINAL_LT_14|BELT_RESIDUAL_LT_8|PULLEY_NOMINAL_LT_13_5|PULLEY_RESIDUAL_LT_10
G-IN5.00-P06.50-OUT06.50,0.5,1,,C/C,O/O,5.0,6.5,6.5,19.0,53.5,94.0,9.0,7.0,9.5,3.5,15.5,9.5,10.0,6.5,16.0,12.5,36.5,PASS_95X140X5_REFERENCE,12.0,134.5,140.5,290.0,-145.0|145.0,18.0,False,FAIL,BELT_NOMINAL_LT_14|BELT_RESIDUAL_LT_8|PULLEY_NOMINAL_LT_13_5|PULLEY_RESIDUAL_LT_10
G-IN5.00-P06.50-OUT07.00,0.5,1,,C/C,O/O,5.0,6.5,7.0,19.0,53.5,94.5,9.0,7.0,9.5,3.5,16.0,10.0,10.0,6.5,16.5,13.0,36.0,PASS_95X140X5_REFERENCE,12.0,134.5,140.5,290.0,-145.0|145.0,18.5,False,FAIL,BELT_NOMINAL_LT_14|BELT_RESIDUAL_LT_8|PULLEY_NOMINAL_LT_13_5|PULLEY_RESIDUAL_LT_10
G-IN5.00-P06.50-OUT07.50,0.5,1,,C/C,O/O,5.0,6.5,7.5,19.0,53.5,95.0,9.0,7.0,9.5,3.5,16.5,10.5,10.0,6.5,17.0,13.5,35.5,PASS_95X140X5_REFERENCE,12.0,134.5,140.5,290.0,-145.0|145.0,19.0,False,FAIL,BELT_NOMINAL_LT_14|BELT_RESIDUAL_LT_8|PULLEY_NOMINAL_LT_13_5|PULLEY_RESIDUAL_LT_10
G-IN5.00-P06.50-OUT08.00,0.5,1,,C/C,O/O,5.0,6.5,8.0,19.0,53.5,95.5,9.0,7.0,9.5,3.5,17.0,11.0,10.0,6.5,17.5,14.0,35.0,PASS_95X140X5_REFERENCE,12.0,134.5,140.5,290.0,-145.0|145.0,19.5,False,FAIL,BELT_NOMINAL_LT_14|BELT_RESIDUAL_LT_8|PULLEY_NOMINAL_LT_13_5|PULLEY_RESIDUAL_LT_10
G-IN5.00-P06.50-OUT08.50,0.5,1,,C/C,O/O,5.0,6.5,8.5,19.0,53.5,96.0,9.0,7.0,9.5,3.5,17.5,11.5,10.0,6.5,18.0,14.5,34.5,PASS_95X140X5_REFERENCE,12.0,134.5,140.5,290.0,-145.0|145.0,20.0,False,FAIL,BELT_NOMINAL_LT_14|BELT_RESIDUAL_LT_8|PULLEY_NOMINAL_LT_13_5|PULLEY_RESIDUAL_LT_10
G-IN5.00-P06.50-OUT09.00,0.5,1,,C/C,O/O,5.0,6.5,9.0,19.0,53.5,96.5,9.0,7.0,9.5,3.5,18.0,12.0,10.0,6.5,18.5,15.0,34.0,PASS_95X140X5_REFERENCE,12.0,134.5,140.5,290.0,-145.0|145.0,20.5,False,FAIL,BELT_NOMINAL_LT_14|BELT_RESIDUAL_LT_8|PULLEY_NOMINAL_LT_13_5|PULLEY_RESIDUAL_LT_10
G-IN5.00-P06.50-OUT09.50,0.5,1,,C/C,O/O,5.0,6.5,9.5,19.0,53.5,97.0,9.0,7.0,9.5,3.5,18.5,12.5,10.0,6.5,19.0,15.5,33.5,PASS_95X140X5_REFERENCE,12.0,134.5,140.5,290.0,-145.0|145.0,21.0,False,FAIL,BELT_NOMINAL_LT_14|BELT_RESIDUAL_LT_8|PULLEY_NOMINAL_LT_13_5|PULLEY_RESIDUAL_LT_10
G-IN5.00-P06.50-OUT10.00,0.5,1,,C/C,O/O,5.0,6.5,10.0,19.0,53.5,97.5,9.0,7.0,9.5,3.5,19.0,13.0,10.0,6.5,19.5,16.0,33.0,PASS_95X140X5_REFERENCE,12.0,134.5,140.5,290.0,-145.0|145.0,21.5,False,FAIL,BELT_NOMINAL_LT_14|BELT_RESIDUAL_LT_8|PULLEY_NOMINAL_LT_13_5|PULLEY_RESIDUAL_LT_10
G-IN5.00-P07.00-OUT03.00,0.5,1,,C/C,O/O,5.0,7.0,3.0,19.0,54.0,90.5,9.0,7.0,10.0,4.0,11.5,5.5,10.5,7.0,12.0,8.5,40.0,PASS_95X140X5_REFERENCE,12.0,134.5,140.5,290.0,-145.0|145.0,15.0,False,FAIL,BELT_NOMINAL_LT_14|BELT_RESIDUAL_LT_8|PULLEY_NOMINAL_LT_13_5|PULLEY_RESIDUAL_LT_10
G-IN5.00-P07.00-OUT03.50,0.5,1,,C/C,O/O,5.0,7.0,3.5,19.0,54.0,91.0,9.0,7.0,10.0,4.0,12.0,6.0,10.5,7.0,12.5,9.0,39.5,PASS_95X140X5_REFERENCE,12.0,134.5,140.5,290.0,-145.0|145.0,15.5,False,FAIL,BELT_NOMINAL_LT_14|BELT_RESIDUAL_LT_8|PULLEY_NOMINAL_LT_13_5|PULLEY_RESIDUAL_LT_10
G-IN5.00-P07.00-OUT04.00,0.5,1,,C/C,O/O,5.0,7.0,4.0,19.0,54.0,91.5,9.0,7.0,10.0,4.0,12.5,6.5,10.5,7.0,13.0,9.5,39.0,PASS_95X140X5_REFERENCE,12.0,134.5,140.5,290.0,-145.0|145.0,16.0,False,FAIL,BELT_NOMINAL_LT_14|BELT_RESIDUAL_LT_8|PULLEY_NOMINAL_LT_13_5|PULLEY_RESIDUAL_LT_10
G-IN5.00-P07.00-OUT04.50,0.5,1,,C/C,O/O,5.0,7.0,4.5,19.0,54.0,92.0,9.0,7.0,10.0,4.0,13.0,7.0,10.5,7.0,13.5,10.0,38.5,PASS_95X140X5_REFERENCE,12.0,134.5,140.5,290.0,-145.0|145.0,16.5,False,FAIL,BELT_NOMINAL_LT_14|BELT_RESIDUAL_LT_8|PULLEY_NOMINAL_LT_13_5|PULLEY_RESIDUAL_LT_10
G-IN5.00-P07.00-OUT05.00,0.5,1,,C/C,O/O,5.0,7.0,5.0,19.0,54.0,92.5,9.0,7.0,10.0,4.0,13.5,7.5,10.5,7.0,14.0,10.5,38.0,PASS_95X140X5_REFERENCE,12.0,134.5,140.5,290.0,-145.0|145.0,17.0,False,FAIL,BELT_NOMINAL_LT_14|BELT_RESIDUAL_LT_8|PULLEY_NOMINAL_LT_13_5|PULLEY_RESIDUAL_LT_10
G-IN5.00-P07.00-OUT05.50,0.5,1,,C/C,O/O,5.0,7.0,5.5,19.0,54.0,93.0,9.0,7.0,10.0,4.0,14.0,8.0,10.5,7.0,14.5,11.0,37.5,PASS_95X140X5_REFERENCE,12.0,134.5,140.5,290.0,-145.0|145.0,17.5,False,FAIL,BELT_NOMINAL_LT_14|BELT_RESIDUAL_LT_8|PULLEY_NOMINAL_LT_13_5|PULLEY_RESIDUAL_LT_10
G-IN5.00-P07.00-OUT06.00,0.5,1,,C/C,O/O,5.0,7.0,6.0,19.0,54.0,93.5,9.0,7.0,10.0,4.0,14.5,8.5,10.5,7.0,15.0,11.5,37.0,PASS_95X140X5_REFERENCE,12.0,134.5,140.5,290.0,-145.0|145.0,18.0,False,FAIL,BELT_NOMINAL_LT_14|BELT_RESIDUAL_LT_8|PULLEY_NOMINAL_LT_13_5|PULLEY_RESIDUAL_LT_10
G-IN5.00-P07.00-OUT06.50,0.5,1,,C/C,O/O,5.0,7.0,6.5,19.0,54.0,94.0,9.0,7.0,10.0,4.0,15.0,9.0,10.5,7.0,15.5,12.0,36.5,PASS_95X140X5_REFERENCE,12.0,134.5,140.5,290.0,-145.0|145.0,18.5,False,FAIL,BELT_NOMINAL_LT_14|BELT_RESIDUAL_LT_8|PULLEY_NOMINAL_LT_13_5|PULLEY_RESIDUAL_LT_10
G-IN5.00-P07.00-OUT07.00,0.5,1,,C/C,O/O,5.0,7.0,7.0,19.0,54.0,94.5,9.0,7.0,10.0,4.0,15.5,9.5,10.5,7.0,16.0,12.5,36.0,PASS_95X140X5_REFERENCE,12.0,134.5,140.5,290.0,-145.0|145.0,19.0,False,FAIL,BELT_NOMINAL_LT_14|BELT_RESIDUAL_LT_8|PULLEY_NOMINAL_LT_13_5|PULLEY_RESIDUAL_LT_10
G-IN5.00-P07.00-OUT07.50,0.5,1,,C/C,O/O,5.0,7.0,7.5,19.0,54.0,95.0,9.0,7.0,10.0,4.0,16.0,10.0,10.5,7.0,16.5,13.0,35.5,PASS_95X140X5_REFERENCE,12.0,134.5,140.5,290.0,-145.0|145.0,19.5,False,FAIL,BELT_NOMINAL_LT_14|BELT_RESIDUAL_LT_8|PULLEY_NOMINAL_LT_13_5|PULLEY_RESIDUAL_LT_10
G-IN5.00-P07.00-OUT08.00,0.5,1,,C/C,O/O,5.0,7.0,8.0,19.0,54.0,95.5,9.0,7.0,10.0,4.0,16.5,10.5,10.5,7.0,17.0,13.5,35.0,PASS_95X140X5_REFERENCE,12.0,134.5,140.5,290.0,-145.0|145.0,20.0,False,FAIL,BELT_NOMINAL_LT_14|BELT_RESIDUAL_LT_8|PULLEY_NOMINAL_LT_13_5|PULLEY_RESIDUAL_LT_10
G-IN5.00-P07.00-OUT08.50,0.5,1,,C/C,O/O,5.0,7.0,8.5,19.0,54.0,96.0,9.0,7.0,10.0,4.0,17.0,11.0,10.5,7.0,17.5,14.0,34.5,PASS_95X140X5_REFERENCE,12.0,134.5,140.5,290.0,-145.0|145.0,20.5,False,FAIL,BELT_NOMINAL_LT_14|BELT_RESIDUAL_LT_8|PULLEY_NOMINAL_LT_13_5|PULLEY_RESIDUAL_LT_10
G-IN5.00-P07.00-OUT09.00,0.5,1,,C/C,O/O,5.0,7.0,9.0,19.0,54.0,96.5,9.0,7.0,10.0,4.0,17.5,11.5,10.5,7.0,18.0,14.5,34.0,PASS_95X140X5_REFERENCE,12.0,134.5,140.5,290.0,-145.0|145.0,21.0,False,FAIL,BELT_NOMINAL_LT_14|BELT_RESIDUAL_LT_8|PULLEY_NOMINAL_LT_13_5|PULLEY_RESIDUAL_LT_10
G-IN5.00-P07.00-OUT09.50,0.5,1,,C/C,O/O,5.0,7.0,9.5,19.0,54.0,97.0,9.0,7.0,10.0,4.0,18.0,12.0,10.5,7.0,18.5,15.0,33.5,PASS_95X140X5_REFERENCE,12.0,134.5,140.5,290.0,-145.0|145.0,21.5,False,FAIL,BELT_NOMINAL_LT_14|BELT_RESIDUAL_LT_8|PULLEY_NOMINAL_LT_13_5|PULLEY_RESIDUAL_LT_10
G-IN5.00-P07.00-OUT10.00,0.5,1,,C/C,O/O,5.0,7.0,10.0,19.0,54.0,97.5,9.0,7.0,10.0,4.0,18.5,12.5,10.5,7.0,19.0,15.5,33.0,PASS_95X140X5_REFERENCE,12.0,134.5,140.5,290.0,-145.0|145.0,22.0,False,FAIL,BELT_NOMINAL_LT_14|BELT_RESIDUAL_LT_8|PULLEY_NOMINAL_LT_13_5|PULLEY_RESIDUAL_LT_10
G-IN5.00-P07.50-OUT03.00,0.5,1,,C/C,O/O,5.0,7.5,3.0,19.0,54.5,90.5,9.0,7.0,10.5,4.5,11.0,5.0,11.0,7.5,11.5,8.0,40.0,PASS_95X140X5_REFERENCE,12.0,134.5,140.5,290.0,-145.0|145.0,15.5,False,FAIL,BELT_NOMINAL_LT_14|BELT_RESIDUAL_LT_8|PULLEY_NOMINAL_LT_13_5|PULLEY_RESIDUAL_LT_10
G-IN5.00-P07.50-OUT03.50,0.5,1,,C/C,O/O,5.0,7.5,3.5,19.0,54.5,91.0,9.0,7.0,10.5,4.5,11.5,5.5,11.0,7.5,12.0,8.5,39.5,PASS_95X140X5_REFERENCE,12.0,134.5,140.5,290.0,-145.0|145.0,16.0,False,FAIL,BELT_NOMINAL_LT_14|BELT_RESIDUAL_LT_8|PULLEY_NOMINAL_LT_13_5|PULLEY_RESIDUAL_LT_10
G-IN5.00-P07.50-OUT04.00,0.5,1,,C/C,O/O,5.0,7.5,4.0,19.0,54.5,91.5,9.0,7.0,10.5,4.5,12.0,6.0,11.0,7.5,12.5,9.0,39.0,PASS_95X140X5_REFERENCE,12.0,134.5,140.5,290.0,-145.0|145.0,16.5,False,FAIL,BELT_NOMINAL_LT_14|BELT_RESIDUAL_LT_8|PULLEY_NOMINAL_LT_13_5|PULLEY_RESIDUAL_LT_10
G-IN5.00-P07.50-OUT04.50,0.5,1,,C/C,O/O,5.0,7.5,4.5,19.0,54.5,92.0,9.0,7.0,10.5,4.5,12.5,6.5,11.0,7.5,13.0,9.5,38.5,PASS_95X140X5_REFERENCE,12.0,134.5,140.5,290.0,-145.0|145.0,17.0,False,FAIL,BELT_NOMINAL_LT_14|BELT_RESIDUAL_LT_8|PULLEY_NOMINAL_LT_13_5|PULLEY_RESIDUAL_LT_10
G-IN5.00-P07.50-OUT05.00,0.5,1,,C/C,O/O,5.0,7.5,5.0,19.0,54.5,92.5,9.0,7.0,10.5,4.5,13.0,7.0,11.0,7.5,13.5,10.0,38.0,PASS_95X140X5_REFERENCE,12.0,134.5,140.5,290.0,-145.0|145.0,17.5,False,FAIL,BELT_NOMINAL_LT_14|BELT_RESIDUAL_LT_8|PULLEY_NOMINAL_LT_13_5|PULLEY_RESIDUAL_LT_10
G-IN5.00-P07.50-OUT05.50,0.5,1,,C/C,O/O,5.0,7.5,5.5,19.0,54.5,93.0,9.0,7.0,10.5,4.5,13.5,7.5,11.0,7.5,14.0,10.5,37.5,PASS_95X140X5_REFERENCE,12.0,134.5,140.5,290.0,-145.0|145.0,18.0,False,FAIL,BELT_NOMINAL_LT_14|BELT_RESIDUAL_LT_8|PULLEY_NOMINAL_LT_13_5|PULLEY_RESIDUAL_LT_10
G-IN5.00-P07.50-OUT06.00,0.5,1,,C/C,O/O,5.0,7.5,6.0,19.0,54.5,93.5,9.0,7.0,10.5,4.5,14.0,8.0,11.0,7.5,14.5,11.0,37.0,PASS_95X140X5_REFERENCE,12.0,134.5,140.5,290.0,-145.0|145.0,18.5,False,FAIL,BELT_NOMINAL_LT_14|BELT_RESIDUAL_LT_8|PULLEY_NOMINAL_LT_13_5|PULLEY_RESIDUAL_LT_10
G-IN5.00-P07.50-OUT06.50,0.5,1,,C/C,O/O,5.0,7.5,6.5,19.0,54.5,94.0,9.0,7.0,10.5,4.5,14.5,8.5,11.0,7.5,15.0,11.5,36.5,PASS_95X140X5_REFERENCE,12.0,134.5,140.5,290.0,-145.0|145.0,19.0,False,FAIL,BELT_NOMINAL_LT_14|BELT_RESIDUAL_LT_8|PULLEY_NOMINAL_LT_13_5|PULLEY_RESIDUAL_LT_10
G-IN5.00-P07.50-OUT07.00,0.5,1,,C/C,O/O,5.0,7.5,7.0,19.0,54.5,94.5,9.0,7.0,10.5,4.5,15.0,9.0,11.0,7.5,15.5,12.0,36.0,PASS_95X140X5_REFERENCE,12.0,134.5,140.5,290.0,-145.0|145.0,19.5,False,FAIL,BELT_NOMINAL_LT_14|BELT_RESIDUAL_LT_8|PULLEY_NOMINAL_LT_13_5|PULLEY_RESIDUAL_LT_10
G-IN5.00-P07.50-OUT07.50,0.5,1,,C/C,O/O,5.0,7.5,7.5,19.0,54.5,95.0,9.0,7.0,10.5,4.5,15.5,9.5,11.0,7.5,16.0,12.5,35.5,PASS_95X140X5_REFERENCE,12.0,134.5,140.5,290.0,-145.0|145.0,20.0,False,FAIL,BELT_NOMINAL_LT_14|BELT_RESIDUAL_LT_8|PULLEY_NOMINAL_LT_13_5|PULLEY_RESIDUAL_LT_10
G-IN5.00-P07.50-OUT08.00,0.5,1,,C/C,O/O,5.0,7.5,8.0,19.0,54.5,95.5,9.0,7.0,10.5,4.5,16.0,10.0,11.0,7.5,16.5,13.0,35.0,PASS_95X140X5_REFERENCE,12.0,134.5,140.5,290.0,-145.0|145.0,20.5,False,FAIL,BELT_NOMINAL_LT_14|BELT_RESIDUAL_LT_8|PULLEY_NOMINAL_LT_13_5|PULLEY_RESIDUAL_LT_10
G-IN5.00-P07.50-OUT08.50,0.5,1,,C/C,O/O,5.0,7.5,8.5,19.0,54.5,96.0,9.0,7.0,10.5,4.5,16.5,10.5,11.0,7.5,17.0,13.5,34.5,PASS_95X140X5_REFERENCE,12.0,134.5,140.5,290.0,-145.0|145.0,21.0,False,FAIL,BELT_NOMINAL_LT_14|BELT_RESIDUAL_LT_8|PULLEY_NOMINAL_LT_13_5|PULLEY_RESIDUAL_LT_10
G-IN5.00-P07.50-OUT09.00,0.5,1,,C/C,O/O,5.0,7.5,9.0,19.0,54.5,96.5,9.0,7.0,10.5,4.5,17.0,11.0,11.0,7.5,17.5,14.0,34.0,PASS_95X140X5_REFERENCE,12.0,134.5,140.5,290.0,-145.0|145.0,21.5,False,FAIL,BELT_NOMINAL_LT_14|BELT_RESIDUAL_LT_8|PULLEY_NOMINAL_LT_13_5|PULLEY_RESIDUAL_LT_10
G-IN5.00-P07.50-OUT09.50,0.5,1,,C/C,O/O,5.0,7.5,9.5,19.0,54.5,97.0,9.0,7.0,10.5,4.5,17.5,11.5,11.0,7.5,18.0,14.5,33.5,PASS_95X140X5_REFERENCE,12.0,134.5,140.5,290.0,-145.0|145.0,22.0,False,FAIL,BELT_NOMINAL_LT_14|BELT_RESIDUAL_LT_8|PULLEY_NOMINAL_LT_13_5|PULLEY_RESIDUAL_LT_10
G-IN5.00-P07.50-OUT10.00,0.5,1,,C/C,O/O,5.0,7.5,10.0,19.0,54.5,97.5,9.0,7.0,10.5,4.5,18.0,12.0,11.0,7.5,18.5,15.0,33.0,PASS_95X140X5_REFERENCE,12.0,134.5,140.5,290.0,-145.0|145.0,22.5,False,FAIL,BELT_NOMINAL_LT_14|BELT_RESIDUAL_LT_8|PULLEY_NOMINAL_LT_13_5|PULLEY_RESIDUAL_LT_10
G-IN5.00-P08.00-OUT03.00,0.5,1,,C/C,O/O,5.0,8.0,3.0,19.0,55.0,90.5,9.0,7.0,11.0,5.0,10.5,4.5,11.5,8.0,11.0,7.5,40.0,PASS_95X140X5_REFERENCE,12.0,134.5,140.5,290.0,-145.0|145.0,16.0,False,FAIL,BELT_NOMINAL_LT_14|BELT_RESIDUAL_LT_8|PULLEY_NOMINAL_LT_13_5|PULLEY_RESIDUAL_LT_10
G-IN5.00-P08.00-OUT03.50,0.5,1,,C/C,O/O,5.0,8.0,3.5,19.0,55.0,91.0,9.0,7.0,11.0,5.0,11.0,5.0,11.5,8.0,11.5,8.0,39.5,PASS_95X140X5_REFERENCE,12.0,134.5,140.5,290.0,-145.0|145.0,16.5,False,FAIL,BELT_NOMINAL_LT_14|BELT_RESIDUAL_LT_8|PULLEY_NOMINAL_LT_13_5|PULLEY_RESIDUAL_LT_10
G-IN5.00-P08.00-OUT04.00,0.5,1,,C/C,O/O,5.0,8.0,4.0,19.0,55.0,91.5,9.0,7.0,11.0,5.0,11.5,5.5,11.5,8.0,12.0,8.5,39.0,PASS_95X140X5_REFERENCE,12.0,134.5,140.5,290.0,-145.0|145.0,17.0,False,FAIL,BELT_NOMINAL_LT_14|BELT_RESIDUAL_LT_8|PULLEY_NOMINAL_LT_13_5|PULLEY_RESIDUAL_LT_10
G-IN5.00-P08.00-OUT04.50,0.5,1,,C/C,O/O,5.0,8.0,4.5,19.0,55.0,92.0,9.0,7.0,11.0,5.0,12.0,6.0,11.5,8.0,12.5,9.0,38.5,PASS_95X140X5_REFERENCE,12.0,134.5,140.5,290.0,-145.0|145.0,17.5,False,FAIL,BELT_NOMINAL_LT_14|BELT_RESIDUAL_LT_8|PULLEY_NOMINAL_LT_13_5|PULLEY_RESIDUAL_LT_10
G-IN5.00-P08.00-OUT05.00,0.5,1,,C/C,O/O,5.0,8.0,5.0,19.0,55.0,92.5,9.0,7.0,11.0,5.0,12.5,6.5,11.5,8.0,13.0,9.5,38.0,PASS_95X140X5_REFERENCE,12.0,134.5,140.5,290.0,-145.0|145.0,18.0,False,FAIL,BELT_NOMINAL_LT_14|BELT_RESIDUAL_LT_8|PULLEY_NOMINAL_LT_13_5|PULLEY_RESIDUAL_LT_10
G-IN5.00-P08.00-OUT05.50,0.5,1,,C/C,O/O,5.0,8.0,5.5,19.0,55.0,93.0,9.0,7.0,11.0,5.0,13.0,7.0,11.5,8.0,13.5,10.0,37.5,PASS_95X140X5_REFERENCE,12.0,134.5,140.5,290.0,-145.0|145.0,18.5,False,FAIL,BELT_NOMINAL_LT_14|BELT_RESIDUAL_LT_8|PULLEY_NOMINAL_LT_13_5|PULLEY_RESIDUAL_LT_10
G-IN5.00-P08.00-OUT06.00,0.5,1,,C/C,O/O,5.0,8.0,6.0,19.0,55.0,93.5,9.0,7.0,11.0,5.0,13.5,7.5,11.5,8.0,14.0,10.5,37.0,PASS_95X140X5_REFERENCE,12.0,134.5,140.5,290.0,-145.0|145.0,19.0,False,FAIL,BELT_NOMINAL_LT_14|BELT_RESIDUAL_LT_8|PULLEY_NOMINAL_LT_13_5|PULLEY_RESIDUAL_LT_10
G-IN5.00-P08.00-OUT06.50,0.5,1,,C/C,O/O,5.0,8.0,6.5,19.0,55.0,94.0,9.0,7.0,11.0,5.0,14.0,8.0,11.5,8.0,14.5,11.0,36.5,PASS_95X140X5_REFERENCE,12.0,134.5,140.5,290.0,-145.0|145.0,19.5,False,FAIL,BELT_NOMINAL_LT_14|BELT_RESIDUAL_LT_8|PULLEY_NOMINAL_LT_13_5|PULLEY_RESIDUAL_LT_10
G-IN5.00-P08.00-OUT07.00,0.5,1,,C/C,O/O,5.0,8.0,7.0,19.0,55.0,94.5,9.0,7.0,11.0,5.0,14.5,8.5,11.5,8.0,15.0,11.5,36.0,PASS_95X140X5_REFERENCE,12.0,134.5,140.5,290.0,-145.0|145.0,20.0,False,FAIL,BELT_NOMINAL_LT_14|BELT_RESIDUAL_LT_8|PULLEY_NOMINAL_LT_13_5|PULLEY_RESIDUAL_LT_10
G-IN5.00-P08.00-OUT07.50,0.5,1,,C/C,O/O,5.0,8.0,7.5,19.0,55.0,95.0,9.0,7.0,11.0,5.0,15.0,9.0,11.5,8.0,15.5,12.0,35.5,PASS_95X140X5_REFERENCE,12.0,134.5,140.5,290.0,-145.0|145.0,20.5,False,FAIL,BELT_NOMINAL_LT_14|BELT_RESIDUAL_LT_8|PULLEY_NOMINAL_LT_13_5|PULLEY_RESIDUAL_LT_10
G-IN5.00-P08.00-OUT08.00,0.5,1,,C/C,O/O,5.0,8.0,8.0,19.0,55.0,95.5,9.0,7.0,11.0,5.0,15.5,9.5,11.5,8.0,16.0,12.5,35.0,PASS_95X140X5_REFERENCE,12.0,134.5,140.5,290.0,-145.0|145.0,21.0,False,FAIL,BELT_NOMINAL_LT_14|BELT_RESIDUAL_LT_8|PULLEY_NOMINAL_LT_13_5|PULLEY_RESIDUAL_LT_10
G-IN5.00-P08.00-OUT08.50,0.5,1,,C/C,O/O,5.0,8.0,8.5,19.0,55.0,96.0,9.0,7.0,11.0,5.0,16.0,10.0,11.5,8.0,16.5,13.0,34.5,PASS_95X140X5_REFERENCE,12.0,134.5,140.5,290.0,-145.0|145.0,21.5,False,FAIL,BELT_NOMINAL_LT_14|BELT_RESIDUAL_LT_8|PULLEY_NOMINAL_LT_13_5|PULLEY_RESIDUAL_LT_10
G-IN5.00-P08.00-OUT09.00,0.5,1,,C/C,O/O,5.0,8.0,9.0,19.0,55.0,96.5,9.0,7.0,11.0,5.0,16.5,10.5,11.5,8.0,17.0,13.5,34.0,PASS_95X140X5_REFERENCE,12.0,134.5,140.5,290.0,-145.0|145.0,22.0,False,FAIL,BELT_NOMINAL_LT_14|BELT_RESIDUAL_LT_8|PULLEY_NOMINAL_LT_13_5|PULLEY_RESIDUAL_LT_10
G-IN5.00-P08.00-OUT09.50,0.5,1,,C/C,O/O,5.0,8.0,9.5,19.0,55.0,97.0,9.0,7.0,11.0,5.0,17.0,11.0,11.5,8.0,17.5,14.0,33.5,PASS_95X140X5_REFERENCE,12.0,134.5,140.5,290.0,-145.0|145.0,22.5,False,FAIL,BELT_NOMINAL_LT_14|BELT_RESIDUAL_LT_8|PULLEY_NOMINAL_LT_13_5|PULLEY_RESIDUAL_LT_10
G-IN5.00-P08.00-OUT10.00,0.5,1,,C/C,O/O,5.0,8.0,10.0,19.0,55.0,97.5,9.0,7.0,11.0,5.0,17.5,11.5,11.5,8.0,18.0,14.5,33.0,PASS_95X140X5_REFERENCE,12.0,134.5,140.5,290.0,-145.0|145.0,23.0,False,FAIL,BELT_NOMINAL_LT_14|BELT_RESIDUAL_LT_8|PULLEY_NOMINAL_LT_13_5|PULLEY_RESIDUAL_LT_10
G-IN5.00-P08.50-OUT03.00,0.5,1,,C/C,O/O,5.0,8.5,3.0,19.0,55.5,90.5,9.0,7.0,11.5,5.5,10.0,4.0,12.0,8.5,10.5,7.0,40.0,PASS_95X140X5_REFERENCE,12.0,134.5,140.5,290.0,-145.0|145.0,16.5,False,FAIL,BELT_NOMINAL_LT_14|BELT_RESIDUAL_LT_8|PULLEY_NOMINAL_LT_13_5|PULLEY_RESIDUAL_LT_10
G-IN5.00-P08.50-OUT03.50,0.5,1,,C/C,O/O,5.0,8.5,3.5,19.0,55.5,91.0,9.0,7.0,11.5,5.5,10.5,4.5,12.0,8.5,11.0,7.5,39.5,PASS_95X140X5_REFERENCE,12.0,134.5,140.5,290.0,-145.0|145.0,17.0,False,FAIL,BELT_NOMINAL_LT_14|BELT_RESIDUAL_LT_8|PULLEY_NOMINAL_LT_13_5|PULLEY_RESIDUAL_LT_10
G-IN5.00-P08.50-OUT04.00,0.5,1,,C/C,O/O,5.0,8.5,4.0,19.0,55.5,91.5,9.0,7.0,11.5,5.5,11.0,5.0,12.0,8.5,11.5,8.0,39.0,PASS_95X140X5_REFERENCE,12.0,134.5,140.5,290.0,-145.0|145.0,17.5,False,FAIL,BELT_NOMINAL_LT_14|BELT_RESIDUAL_LT_8|PULLEY_NOMINAL_LT_13_5|PULLEY_RESIDUAL_LT_10
G-IN5.00-P08.50-OUT04.50,0.5,1,,C/C,O/O,5.0,8.5,4.5,19.0,55.5,92.0,9.0,7.0,11.5,5.5,11.5,5.5,12.0,8.5,12.0,8.5,38.5,PASS_95X140X5_REFERENCE,12.0,134.5,140.5,290.0,-145.0|145.0,18.0,False,FAIL,BELT_NOMINAL_LT_14|BELT_RESIDUAL_LT_8|PULLEY_NOMINAL_LT_13_5|PULLEY_RESIDUAL_LT_10
G-IN5.00-P08.50-OUT05.00,0.5,1,,C/C,O/O,5.0,8.5,5.0,19.0,55.5,92.5,9.0,7.0,11.5,5.5,12.0,6.0,12.0,8.5,12.5,9.0,38.0,PASS_95X140X5_REFERENCE,12.0,134.5,140.5,290.0,-145.0|145.0,18.5,False,FAIL,BELT_NOMINAL_LT_14|BELT_RESIDUAL_LT_8|PULLEY_NOMINAL_LT_13_5|PULLEY_RESIDUAL_LT_10
G-IN5.00-P08.50-OUT05.50,0.5,1,,C/C,O/O,5.0,8.5,5.5,19.0,55.5,93.0,9.0,7.0,11.5,5.5,12.5,6.5,12.0,8.5,13.0,9.5,37.5,PASS_95X140X5_REFERENCE,12.0,134.5,140.5,290.0,-145.0|145.0,19.0,False,FAIL,BELT_NOMINAL_LT_14|BELT_RESIDUAL_LT_8|PULLEY_NOMINAL_LT_13_5|PULLEY_RESIDUAL_LT_10
G-IN5.00-P08.50-OUT06.00,0.5,1,,C/C,O/O,5.0,8.5,6.0,19.0,55.5,93.5,9.0,7.0,11.5,5.5,13.0,7.0,12.0,8.5,13.5,10.0,37.0,PASS_95X140X5_REFERENCE,12.0,134.5,140.5,290.0,-145.0|145.0,19.5,False,FAIL,BELT_NOMINAL_LT_14|BELT_RESIDUAL_LT_8|PULLEY_NOMINAL_LT_13_5|PULLEY_RESIDUAL_LT_10
G-IN5.00-P08.50-OUT06.50,0.5,1,,C/C,O/O,5.0,8.5,6.5,19.0,55.5,94.0,9.0,7.0,11.5,5.5,13.5,7.5,12.0,8.5,14.0,10.5,36.5,PASS_95X140X5_REFERENCE,12.0,134.5,140.5,290.0,-145.0|145.0,20.0,False,FAIL,BELT_NOMINAL_LT_14|BELT_RESIDUAL_LT_8|PULLEY_NOMINAL_LT_13_5|PULLEY_RESIDUAL_LT_10
G-IN5.00-P08.50-OUT07.00,0.5,1,,C/C,O/O,5.0,8.5,7.0,19.0,55.5,94.5,9.0,7.0,11.5,5.5,14.0,8.0,12.0,8.5,14.5,11.0,36.0,PASS_95X140X5_REFERENCE,12.0,134.5,140.5,290.0,-145.0|145.0,20.5,False,FAIL,BELT_NOMINAL_LT_14|BELT_RESIDUAL_LT_8|PULLEY_NOMINAL_LT_13_5|PULLEY_RESIDUAL_LT_10
G-IN5.00-P08.50-OUT07.50,0.5,1,,C/C,O/O,5.0,8.5,7.5,19.0,55.5,95.0,9.0,7.0,11.5,5.5,14.5,8.5,12.0,8.5,15.0,11.5,35.5,PASS_95X140X5_REFERENCE,12.0,134.5,140.5,290.0,-145.0|145.0,21.0,False,FAIL,BELT_NOMINAL_LT_14|BELT_RESIDUAL_LT_8|PULLEY_NOMINAL_LT_13_5|PULLEY_RESIDUAL_LT_10
G-IN5.00-P08.50-OUT08.00,0.5,1,,C/C,O/O,5.0,8.5,8.0,19.0,55.5,95.5,9.0,7.0,11.5,5.5,15.0,9.0,12.0,8.5,15.5,12.0,35.0,PASS_95X140X5_REFERENCE,12.0,134.5,140.5,290.0,-145.0|145.0,21.5,False,FAIL,BELT_NOMINAL_LT_14|BELT_RESIDUAL_LT_8|PULLEY_NOMINAL_LT_13_5|PULLEY_RESIDUAL_LT_10
G-IN5.00-P08.50-OUT08.50,0.5,1,,C/C,O/O,5.0,8.5,8.5,19.0,55.5,96.0,9.0,7.0,11.5,5.5,15.5,9.5,12.0,8.5,16.0,12.5,34.5,PASS_95X140X5_REFERENCE,12.0,134.5,140.5,290.0,-145.0|145.0,22.0,False,FAIL,BELT_NOMINAL_LT_14|BELT_RESIDUAL_LT_8|PULLEY_NOMINAL_LT_13_5|PULLEY_RESIDUAL_LT_10
G-IN5.00-P08.50-OUT09.00,0.5,1,,C/C,O/O,5.0,8.5,9.0,19.0,55.5,96.5,9.0,7.0,11.5,5.5,16.0,10.0,12.0,8.5,16.5,13.0,34.0,PASS_95X140X5_REFERENCE,12.0,134.5,140.5,290.0,-145.0|145.0,22.5,False,FAIL,BELT_NOMINAL_LT_14|BELT_RESIDUAL_LT_8|PULLEY_NOMINAL_LT_13_5|PULLEY_RESIDUAL_LT_10
G-IN5.00-P08.50-OUT09.50,0.5,1,,C/C,O/O,5.0,8.5,9.5,19.0,55.5,97.0,9.0,7.0,11.5,5.5,16.5,10.5,12.0,8.5,17.0,13.5,33.5,PASS_95X140X5_REFERENCE,12.0,134.5,140.5,290.0,-145.0|145.0,23.0,False,FAIL,BELT_NOMINAL_LT_14|BELT_RESIDUAL_LT_8|PULLEY_NOMINAL_LT_13_5|PULLEY_RESIDUAL_LT_10
G-IN5.00-P08.50-OUT10.00,0.5,1,,C/C,O/O,5.0,8.5,10.0,19.0,55.5,97.5,9.0,7.0,11.5,5.5,17.0,11.0,12.0,8.5,17.5,14.0,33.0,PASS_95X140X5_REFERENCE,12.0,134.5,140.5,290.0,-145.0|145.0,23.5,False,FAIL,BELT_NOMINAL_LT_14|BELT_RESIDUAL_LT_8|PULLEY_NOMINAL_LT_13_5|PULLEY_RESIDUAL_LT_10
G-IN5.00-P09.00-OUT03.00,0.5,1,,C/C,O/O,5.0,9.0,3.0,19.0,56.0,90.5,9.0,7.0,12.0,6.0,9.5,3.5,12.5,9.0,10.0,6.5,40.0,PASS_95X140X5_REFERENCE,12.0,134.5,140.5,290.0,-145.0|145.0,17.0,False,FAIL,BELT_NOMINAL_LT_14|BELT_RESIDUAL_LT_8|PULLEY_NOMINAL_LT_13_5|PULLEY_RESIDUAL_LT_10
G-IN5.00-P09.00-OUT03.50,0.5,1,,C/C,O/O,5.0,9.0,3.5,19.0,56.0,91.0,9.0,7.0,12.0,6.0,10.0,4.0,12.5,9.0,10.5,7.0,39.5,PASS_95X140X5_REFERENCE,12.0,134.5,140.5,290.0,-145.0|145.0,17.5,False,FAIL,BELT_NOMINAL_LT_14|BELT_RESIDUAL_LT_8|PULLEY_NOMINAL_LT_13_5|PULLEY_RESIDUAL_LT_10
G-IN5.00-P09.00-OUT04.00,0.5,1,,C/C,O/O,5.0,9.0,4.0,19.0,56.0,91.5,9.0,7.0,12.0,6.0,10.5,4.5,12.5,9.0,11.0,7.5,39.0,PASS_95X140X5_REFERENCE,12.0,134.5,140.5,290.0,-145.0|145.0,18.0,False,FAIL,BELT_NOMINAL_LT_14|BELT_RESIDUAL_LT_8|PULLEY_NOMINAL_LT_13_5|PULLEY_RESIDUAL_LT_10
G-IN5.00-P09.00-OUT04.50,0.5,1,,C/C,O/O,5.0,9.0,4.5,19.0,56.0,92.0,9.0,7.0,12.0,6.0,11.0,5.0,12.5,9.0,11.5,8.0,38.5,PASS_95X140X5_REFERENCE,12.0,134.5,140.5,290.0,-145.0|145.0,18.5,False,FAIL,BELT_NOMINAL_LT_14|BELT_RESIDUAL_LT_8|PULLEY_NOMINAL_LT_13_5|PULLEY_RESIDUAL_LT_10
G-IN5.00-P09.00-OUT05.00,0.5,1,,C/C,O/O,5.0,9.0,5.0,19.0,56.0,92.5,9.0,7.0,12.0,6.0,11.5,5.5,12.5,9.0,12.0,8.5,38.0,PASS_95X140X5_REFERENCE,12.0,134.5,140.5,290.0,-145.0|145.0,19.0,False,FAIL,BELT_NOMINAL_LT_14|BELT_RESIDUAL_LT_8|PULLEY_NOMINAL_LT_13_5|PULLEY_RESIDUAL_LT_10
G-IN5.00-P09.00-OUT05.50,0.5,1,,C/C,O/O,5.0,9.0,5.5,19.0,56.0,93.0,9.0,7.0,12.0,6.0,12.0,6.0,12.5,9.0,12.5,9.0,37.5,PASS_95X140X5_REFERENCE,12.0,134.5,140.5,290.0,-145.0|145.0,19.5,False,FAIL,BELT_NOMINAL_LT_14|BELT_RESIDUAL_LT_8|PULLEY_NOMINAL_LT_13_5|PULLEY_RESIDUAL_LT_10
G-IN5.00-P09.00-OUT06.00,0.5,1,,C/C,O/O,5.0,9.0,6.0,19.0,56.0,93.5,9.0,7.0,12.0,6.0,12.5,6.5,12.5,9.0,13.0,9.5,37.0,PASS_95X140X5_REFERENCE,12.0,134.5,140.5,290.0,-145.0|145.0,20.0,False,FAIL,BELT_NOMINAL_LT_14|BELT_RESIDUAL_LT_8|PULLEY_NOMINAL_LT_13_5|PULLEY_RESIDUAL_LT_10
G-IN5.00-P09.00-OUT06.50,0.5,1,,C/C,O/O,5.0,9.0,6.5,19.0,56.0,94.0,9.0,7.0,12.0,6.0,13.0,7.0,12.5,9.0,13.5,10.0,36.5,PASS_95X140X5_REFERENCE,12.0,134.5,140.5,290.0,-145.0|145.0,20.5,False,FAIL,BELT_NOMINAL_LT_14|BELT_RESIDUAL_LT_8|PULLEY_NOMINAL_LT_13_5|PULLEY_RESIDUAL_LT_10
G-IN5.00-P09.00-OUT07.00,0.5,1,,C/C,O/O,5.0,9.0,7.0,19.0,56.0,94.5,9.0,7.0,12.0,6.0,13.5,7.5,12.5,9.0,14.0,10.5,36.0,PASS_95X140X5_REFERENCE,12.0,134.5,140.5,290.0,-145.0|145.0,21.0,False,FAIL,BELT_NOMINAL_LT_14|BELT_RESIDUAL_LT_8|PULLEY_NOMINAL_LT_13_5|PULLEY_RESIDUAL_LT_10
G-IN5.00-P09.00-OUT07.50,0.5,1,,C/C,O/O,5.0,9.0,7.5,19.0,56.0,95.0,9.0,7.0,12.0,6.0,14.0,8.0,12.5,9.0,14.5,11.0,35.5,PASS_95X140X5_REFERENCE,12.0,134.5,140.5,290.0,-145.0|145.0,21.5,False,FAIL,BELT_NOMINAL_LT_14|BELT_RESIDUAL_LT_8|PULLEY_NOMINAL_LT_13_5|PULLEY_RESIDUAL_LT_10
G-IN5.00-P09.00-OUT08.00,0.5,1,,C/C,O/O,5.0,9.0,8.0,19.0,56.0,95.5,9.0,7.0,12.0,6.0,14.5,8.5,12.5,9.0,15.0,11.5,35.0,PASS_95X140X5_REFERENCE,12.0,134.5,140.5,290.0,-145.0|145.0,22.0,False,FAIL,BELT_NOMINAL_LT_14|BELT_RESIDUAL_LT_8|PULLEY_NOMINAL_LT_13_5|PULLEY_RESIDUAL_LT_10
G-IN5.00-P09.00-OUT08.50,0.5,1,,C/C,O/O,5.0,9.0,8.5,19.0,56.0,96.0,9.0,7.0,12.0,6.0,15.0,9.0,12.5,9.0,15.5,12.0,34.5,PASS_95X140X5_REFERENCE,12.0,134.5,140.5,290.0,-145.0|145.0,22.5,False,FAIL,BELT_NOMINAL_LT_14|BELT_RESIDUAL_LT_8|PULLEY_NOMINAL_LT_13_5|PULLEY_RESIDUAL_LT_10
G-IN5.00-P09.00-OUT09.00,0.5,1,,C/C,O/O,5.0,9.0,9.0,19.0,56.0,96.5,9.0,7.0,12.0,6.0,15.5,9.5,12.5,9.0,16.0,12.5,34.0,PASS_95X140X5_REFERENCE,12.0,134.5,140.5,290.0,-145.0|145.0,23.0,False,FAIL,BELT_NOMINAL_LT_14|BELT_RESIDUAL_LT_8|PULLEY_NOMINAL_LT_13_5|PULLEY_RESIDUAL_LT_10
G-IN5.00-P09.00-OUT09.50,0.5,1,,C/C,O/O,5.0,9.0,9.5,19.0,56.0,97.0,9.0,7.0,12.0,6.0,16.0,10.0,12.5,9.0,16.5,13.0,33.5,PASS_95X140X5_REFERENCE,12.0,134.5,140.5,290.0,-145.0|145.0,23.5,False,FAIL,BELT_NOMINAL_LT_14|BELT_RESIDUAL_LT_8|PULLEY_NOMINAL_LT_13_5|PULLEY_RESIDUAL_LT_10
G-IN5.00-P09.00-OUT10.00,0.5,1,,C/C,O/O,5.0,9.0,10.0,19.0,56.0,97.5,9.0,7.0,12.0,6.0,16.5,10.5,12.5,9.0,17.0,13.5,33.0,PASS_95X140X5_REFERENCE,12.0,134.5,140.5,290.0,-145.0|145.0,24.0,False,FAIL,BELT_NOMINAL_LT_14|BELT_RESIDUAL_LT_8|PULLEY_NOMINAL_LT_13_5|PULLEY_RESIDUAL_LT_10
G-IN5.00-P09.50-OUT03.00,0.5,1,,C/C,O/O,5.0,9.5,3.0,19.0,56.5,90.5,9.0,7.0,12.5,6.5,9.0,3.0,13.0,9.5,9.5,6.0,40.0,PASS_95X140X5_REFERENCE,12.0,134.5,140.5,290.0,-145.0|145.0,17.5,False,FAIL,BELT_NOMINAL_LT_14|BELT_RESIDUAL_LT_8|PULLEY_NOMINAL_LT_13_5|PULLEY_RESIDUAL_LT_10
G-IN5.00-P09.50-OUT03.50,0.5,1,,C/C,O/O,5.0,9.5,3.5,19.0,56.5,91.0,9.0,7.0,12.5,6.5,9.5,3.5,13.0,9.5,10.0,6.5,39.5,PASS_95X140X5_REFERENCE,12.0,134.5,140.5,290.0,-145.0|145.0,18.0,False,FAIL,BELT_NOMINAL_LT_14|BELT_RESIDUAL_LT_8|PULLEY_NOMINAL_LT_13_5|PULLEY_RESIDUAL_LT_10
G-IN5.00-P09.50-OUT04.00,0.5,1,,C/C,O/O,5.0,9.5,4.0,19.0,56.5,91.5,9.0,7.0,12.5,6.5,10.0,4.0,13.0,9.5,10.5,7.0,39.0,PASS_95X140X5_REFERENCE,12.0,134.5,140.5,290.0,-145.0|145.0,18.5,False,FAIL,BELT_NOMINAL_LT_14|BELT_RESIDUAL_LT_8|PULLEY_NOMINAL_LT_13_5|PULLEY_RESIDUAL_LT_10
G-IN5.00-P09.50-OUT04.50,0.5,1,,C/C,O/O,5.0,9.5,4.5,19.0,56.5,92.0,9.0,7.0,12.5,6.5,10.5,4.5,13.0,9.5,11.0,7.5,38.5,PASS_95X140X5_REFERENCE,12.0,134.5,140.5,290.0,-145.0|145.0,19.0,False,FAIL,BELT_NOMINAL_LT_14|BELT_RESIDUAL_LT_8|PULLEY_NOMINAL_LT_13_5|PULLEY_RESIDUAL_LT_10
G-IN5.00-P09.50-OUT05.00,0.5,1,,C/C,O/O,5.0,9.5,5.0,19.0,56.5,92.5,9.0,7.0,12.5,6.5,11.0,5.0,13.0,9.5,11.5,8.0,38.0,PASS_95X140X5_REFERENCE,12.0,134.5,140.5,290.0,-145.0|145.0,19.5,False,FAIL,BELT_NOMINAL_LT_14|BELT_RESIDUAL_LT_8|PULLEY_NOMINAL_LT_13_5|PULLEY_RESIDUAL_LT_10
G-IN5.00-P09.50-OUT05.50,0.5,1,,C/C,O/O,5.0,9.5,5.5,19.0,56.5,93.0,9.0,7.0,12.5,6.5,11.5,5.5,13.0,9.5,12.0,8.5,37.5,PASS_95X140X5_REFERENCE,12.0,134.5,140.5,290.0,-145.0|145.0,20.0,False,FAIL,BELT_NOMINAL_LT_14|BELT_RESIDUAL_LT_8|PULLEY_NOMINAL_LT_13_5|PULLEY_RESIDUAL_LT_10
G-IN5.00-P09.50-OUT06.00,0.5,1,,C/C,O/O,5.0,9.5,6.0,19.0,56.5,93.5,9.0,7.0,12.5,6.5,12.0,6.0,13.0,9.5,12.5,9.0,37.0,PASS_95X140X5_REFERENCE,12.0,134.5,140.5,290.0,-145.0|145.0,20.5,False,FAIL,BELT_NOMINAL_LT_14|BELT_RESIDUAL_LT_8|PULLEY_NOMINAL_LT_13_5|PULLEY_RESIDUAL_LT_10
G-IN5.00-P09.50-OUT06.50,0.5,1,,C/C,O/O,5.0,9.5,6.5,19.0,56.5,94.0,9.0,7.0,12.5,6.5,12.5,6.5,13.0,9.5,13.0,9.5,36.5,PASS_95X140X5_REFERENCE,12.0,134.5,140.5,290.0,-145.0|145.0,21.0,False,FAIL,BELT_NOMINAL_LT_14|BELT_RESIDUAL_LT_8|PULLEY_NOMINAL_LT_13_5|PULLEY_RESIDUAL_LT_10
G-IN5.00-P09.50-OUT07.00,0.5,1,,C/C,O/O,5.0,9.5,7.0,19.0,56.5,94.5,9.0,7.0,12.5,6.5,13.0,7.0,13.0,9.5,13.5,10.0,36.0,PASS_95X140X5_REFERENCE,12.0,134.5,140.5,290.0,-145.0|145.0,21.5,False,FAIL,BELT_NOMINAL_LT_14|BELT_RESIDUAL_LT_8|PULLEY_NOMINAL_LT_13_5|PULLEY_RESIDUAL_LT_10
G-IN5.00-P09.50-OUT07.50,0.5,1,,C/C,O/O,5.0,9.5,7.5,19.0,56.5,95.0,9.0,7.0,12.5,6.5,13.5,7.5,13.0,9.5,14.0,10.5,35.5,PASS_95X140X5_REFERENCE,12.0,134.5,140.5,290.0,-145.0|145.0,22.0,False,FAIL,BELT_NOMINAL_LT_14|BELT_RESIDUAL_LT_8|PULLEY_NOMINAL_LT_13_5|PULLEY_RESIDUAL_LT_10
G-IN5.00-P09.50-OUT08.00,0.5,1,,C/C,O/O,5.0,9.5,8.0,19.0,56.5,95.5,9.0,7.0,12.5,6.5,14.0,8.0,13.0,9.5,14.5,11.0,35.0,PASS_95X140X5_REFERENCE,12.0,134.5,140.5,290.0,-145.0|145.0,22.5,False,FAIL,BELT_NOMINAL_LT_14|BELT_RESIDUAL_LT_8|PULLEY_NOMINAL_LT_13_5|PULLEY_RESIDUAL_LT_10
G-IN5.00-P09.50-OUT08.50,0.5,1,,C/C,O/O,5.0,9.5,8.5,19.0,56.5,96.0,9.0,7.0,12.5,6.5,14.5,8.5,13.0,9.5,15.0,11.5,34.5,PASS_95X140X5_REFERENCE,12.0,134.5,140.5,290.0,-145.0|145.0,23.0,False,FAIL,BELT_NOMINAL_LT_14|BELT_RESIDUAL_LT_8|PULLEY_NOMINAL_LT_13_5|PULLEY_RESIDUAL_LT_10
G-IN5.00-P09.50-OUT09.00,0.5,1,,C/C,O/O,5.0,9.5,9.0,19.0,56.5,96.5,9.0,7.0,12.5,6.5,15.0,9.0,13.0,9.5,15.5,12.0,34.0,PASS_95X140X5_REFERENCE,12.0,134.5,140.5,290.0,-145.0|145.0,23.5,False,FAIL,BELT_NOMINAL_LT_14|BELT_RESIDUAL_LT_8|PULLEY_NOMINAL_LT_13_5|PULLEY_RESIDUAL_LT_10
G-IN5.00-P09.50-OUT09.50,0.5,1,,C/C,O/O,5.0,9.5,9.5,19.0,56.5,97.0,9.0,7.0,12.5,6.5,15.5,9.5,13.0,9.5,16.0,12.5,33.5,PASS_95X140X5_REFERENCE,12.0,134.5,140.5,290.0,-145.0|145.0,24.0,False,FAIL,BELT_NOMINAL_LT_14|BELT_RESIDUAL_LT_8|PULLEY_NOMINAL_LT_13_5|PULLEY_RESIDUAL_LT_10
G-IN5.00-P09.50-OUT10.00,0.5,1,,C/C,O/O,5.0,9.5,10.0,19.0,56.5,97.5,9.0,7.0,12.5,6.5,16.0,10.0,13.0,9.5,16.5,13.0,33.0,PASS_95X140X5_REFERENCE,12.0,134.5,140.5,290.0,-145.0|145.0,24.5,False,FAIL,BELT_NOMINAL_LT_14|BELT_RESIDUAL_LT_8|PULLEY_NOMINAL_LT_13_5|PULLEY_RESIDUAL_LT_10
G-IN5.00-P10.00-OUT03.00,0.5,1,,C/C,O/O,5.0,10.0,3.0,19.0,57.0,90.5,9.0,7.0,13.0,7.0,8.5,2.5,13.5,10.0,9.0,5.5,40.0,PASS_95X140X5_REFERENCE,12.0,134.5,140.5,290.0,-145.0|145.0,18.0,False,FAIL,BELT_NOMINAL_LT_14|BELT_RESIDUAL_LT_8|PULLEY_NOMINAL_LT_13_5|PULLEY_RESIDUAL_LT_10
G-IN5.00-P10.00-OUT03.50,0.5,1,,C/C,O/O,5.0,10.0,3.5,19.0,57.0,91.0,9.0,7.0,13.0,7.0,9.0,3.0,13.5,10.0,9.5,6.0,39.5,PASS_95X140X5_REFERENCE,12.0,134.5,140.5,290.0,-145.0|145.0,18.5,False,FAIL,BELT_NOMINAL_LT_14|BELT_RESIDUAL_LT_8|PULLEY_NOMINAL_LT_13_5|PULLEY_RESIDUAL_LT_10
G-IN5.00-P10.00-OUT04.00,0.5,1,,C/C,O/O,5.0,10.0,4.0,19.0,57.0,91.5,9.0,7.0,13.0,7.0,9.5,3.5,13.5,10.0,10.0,6.5,39.0,PASS_95X140X5_REFERENCE,12.0,134.5,140.5,290.0,-145.0|145.0,19.0,False,FAIL,BELT_NOMINAL_LT_14|BELT_RESIDUAL_LT_8|PULLEY_NOMINAL_LT_13_5|PULLEY_RESIDUAL_LT_10
G-IN5.00-P10.00-OUT04.50,0.5,1,,C/C,O/O,5.0,10.0,4.5,19.0,57.0,92.0,9.0,7.0,13.0,7.0,10.0,4.0,13.5,10.0,10.5,7.0,38.5,PASS_95X140X5_REFERENCE,12.0,134.5,140.5,290.0,-145.0|145.0,19.5,False,FAIL,BELT_NOMINAL_LT_14|BELT_RESIDUAL_LT_8|PULLEY_NOMINAL_LT_13_5|PULLEY_RESIDUAL_LT_10
G-IN5.00-P10.00-OUT05.00,0.5,1,,C/C,O/O,5.0,10.0,5.0,19.0,57.0,92.5,9.0,7.0,13.0,7.0,10.5,4.5,13.5,10.0,11.0,7.5,38.0,PASS_95X140X5_REFERENCE,12.0,134.5,140.5,290.0,-145.0|145.0,20.0,False,FAIL,BELT_NOMINAL_LT_14|BELT_RESIDUAL_LT_8|PULLEY_NOMINAL_LT_13_5|PULLEY_RESIDUAL_LT_10
G-IN5.00-P10.00-OUT05.50,0.5,1,,C/C,O/O,5.0,10.0,5.5,19.0,57.0,93.0,9.0,7.0,13.0,7.0,11.0,5.0,13.5,10.0,11.5,8.0,37.5,PASS_95X140X5_REFERENCE,12.0,134.5,140.5,290.0,-145.0|145.0,20.5,False,FAIL,BELT_NOMINAL_LT_14|BELT_RESIDUAL_LT_8|PULLEY_NOMINAL_LT_13_5|PULLEY_RESIDUAL_LT_10
G-IN5.00-P10.00-OUT06.00,0.5,1,,C/C,O/O,5.0,10.0,6.0,19.0,57.0,93.5,9.0,7.0,13.0,7.0,11.5,5.5,13.5,10.0,12.0,8.5,37.0,PASS_95X140X5_REFERENCE,12.0,134.5,140.5,290.0,-145.0|145.0,21.0,False,FAIL,BELT_NOMINAL_LT_14|BELT_RESIDUAL_LT_8|PULLEY_NOMINAL_LT_13_5|PULLEY_RESIDUAL_LT_10
G-IN5.00-P10.00-OUT06.50,0.5,1,,C/C,O/O,5.0,10.0,6.5,19.0,57.0,94.0,9.0,7.0,13.0,7.0,12.0,6.0,13.5,10.0,12.5,9.0,36.5,PASS_95X140X5_REFERENCE,12.0,134.5,140.5,290.0,-145.0|145.0,21.5,False,FAIL,BELT_NOMINAL_LT_14|BELT_RESIDUAL_LT_8|PULLEY_NOMINAL_LT_13_5|PULLEY_RESIDUAL_LT_10
G-IN5.00-P10.00-OUT07.00,0.5,1,,C/C,O/O,5.0,10.0,7.0,19.0,57.0,94.5,9.0,7.0,13.0,7.0,12.5,6.5,13.5,10.0,13.0,9.5,36.0,PASS_95X140X5_REFERENCE,12.0,134.5,140.5,290.0,-145.0|145.0,22.0,False,FAIL,BELT_NOMINAL_LT_14|BELT_RESIDUAL_LT_8|PULLEY_NOMINAL_LT_13_5|PULLEY_RESIDUAL_LT_10
G-IN5.00-P10.00-OUT07.50,0.5,1,,C/C,O/O,5.0,10.0,7.5,19.0,57.0,95.0,9.0,7.0,13.0,7.0,13.0,7.0,13.5,10.0,13.5,10.0,35.5,PASS_95X140X5_REFERENCE,12.0,134.5,140.5,290.0,-145.0|145.0,22.5,False,FAIL,BELT_NOMINAL_LT_14|BELT_RESIDUAL_LT_8
G-IN5.00-P10.00-OUT08.00,0.5,1,,C/C,O/O,5.0,10.0,8.0,19.0,57.0,95.5,9.0,7.0,13.0,7.0,13.5,7.5,13.5,10.0,14.0,10.5,35.0,PASS_95X140X5_REFERENCE,12.0,134.5,140.5,290.0,-145.0|145.0,23.0,False,FAIL,BELT_NOMINAL_LT_14|BELT_RESIDUAL_LT_8
G-IN5.00-P10.00-OUT08.50,0.5,1,,C/C,O/O,5.0,10.0,8.5,19.0,57.0,96.0,9.0,7.0,13.0,7.0,14.0,8.0,13.5,10.0,14.5,11.0,34.5,PASS_95X140X5_REFERENCE,12.0,134.5,140.5,290.0,-145.0|145.0,23.5,False,FAIL,BELT_NOMINAL_LT_14|BELT_RESIDUAL_LT_8
G-IN5.00-P10.00-OUT09.00,0.5,1,,C/C,O/O,5.0,10.0,9.0,19.0,57.0,96.5,9.0,7.0,13.0,7.0,14.5,8.5,13.5,10.0,15.0,11.5,34.0,PASS_95X140X5_REFERENCE,12.0,134.5,140.5,290.0,-145.0|145.0,24.0,False,FAIL,BELT_NOMINAL_LT_14|BELT_RESIDUAL_LT_8
G-IN5.00-P10.00-OUT09.50,0.5,1,,C/C,O/O,5.0,10.0,9.5,19.0,57.0,97.0,9.0,7.0,13.0,7.0,15.0,9.0,13.5,10.0,15.5,12.0,33.5,PASS_95X140X5_REFERENCE,12.0,134.5,140.5,290.0,-145.0|145.0,24.5,False,FAIL,BELT_NOMINAL_LT_14|BELT_RESIDUAL_LT_8
G-IN5.00-P10.00-OUT10.00,0.5,1,,C/C,O/O,5.0,10.0,10.0,19.0,57.0,97.5,9.0,7.0,13.0,7.0,15.5,9.5,13.5,10.0,16.0,12.5,33.0,PASS_95X140X5_REFERENCE,12.0,134.5,140.5,290.0,-145.0|145.0,25.0,False,FAIL,BELT_NOMINAL_LT_14|BELT_RESIDUAL_LT_8
G-IN5.00-P10.50-OUT03.00,0.5,1,,C/C,O/O,5.0,10.5,3.0,19.0,57.5,90.5,9.0,7.0,13.5,7.5,8.0,2.0,14.0,10.5,8.5,5.0,40.0,PASS_95X140X5_REFERENCE,12.0,134.5,140.5,290.0,-145.0|145.0,18.5,False,FAIL,BELT_NOMINAL_LT_14|BELT_RESIDUAL_LT_8|PULLEY_NOMINAL_LT_13_5|PULLEY_RESIDUAL_LT_10
G-IN5.00-P10.50-OUT03.50,0.5,1,,C/C,O/O,5.0,10.5,3.5,19.0,57.5,91.0,9.0,7.0,13.5,7.5,8.5,2.5,14.0,10.5,9.0,5.5,39.5,PASS_95X140X5_REFERENCE,12.0,134.5,140.5,290.0,-145.0|145.0,19.0,False,FAIL,BELT_NOMINAL_LT_14|BELT_RESIDUAL_LT_8|PULLEY_NOMINAL_LT_13_5|PULLEY_RESIDUAL_LT_10
G-IN5.00-P10.50-OUT04.00,0.5,1,,C/C,O/O,5.0,10.5,4.0,19.0,57.5,91.5,9.0,7.0,13.5,7.5,9.0,3.0,14.0,10.5,9.5,6.0,39.0,PASS_95X140X5_REFERENCE,12.0,134.5,140.5,290.0,-145.0|145.0,19.5,False,FAIL,BELT_NOMINAL_LT_14|BELT_RESIDUAL_LT_8|PULLEY_NOMINAL_LT_13_5|PULLEY_RESIDUAL_LT_10
G-IN5.00-P10.50-OUT04.50,0.5,1,,C/C,O/O,5.0,10.5,4.5,19.0,57.5,92.0,9.0,7.0,13.5,7.5,9.5,3.5,14.0,10.5,10.0,6.5,38.5,PASS_95X140X5_REFERENCE,12.0,134.5,140.5,290.0,-145.0|145.0,20.0,False,FAIL,BELT_NOMINAL_LT_14|BELT_RESIDUAL_LT_8|PULLEY_NOMINAL_LT_13_5|PULLEY_RESIDUAL_LT_10
G-IN5.00-P10.50-OUT05.00,0.5,1,,C/C,O/O,5.0,10.5,5.0,19.0,57.5,92.5,9.0,7.0,13.5,7.5,10.0,4.0,14.0,10.5,10.5,7.0,38.0,PASS_95X140X5_REFERENCE,12.0,134.5,140.5,290.0,-145.0|145.0,20.5,False,FAIL,BELT_NOMINAL_LT_14|BELT_RESIDUAL_LT_8|PULLEY_NOMINAL_LT_13_5|PULLEY_RESIDUAL_LT_10
G-IN5.00-P10.50-OUT05.50,0.5,1,,C/C,O/O,5.0,10.5,5.5,19.0,57.5,93.0,9.0,7.0,13.5,7.5,10.5,4.5,14.0,10.5,11.0,7.5,37.5,PASS_95X140X5_REFERENCE,12.0,134.5,140.5,290.0,-145.0|145.0,21.0,False,FAIL,BELT_NOMINAL_LT_14|BELT_RESIDUAL_LT_8|PULLEY_NOMINAL_LT_13_5|PULLEY_RESIDUAL_LT_10
G-IN5.00-P10.50-OUT06.00,0.5,1,,C/C,O/O,5.0,10.5,6.0,19.0,57.5,93.5,9.0,7.0,13.5,7.5,11.0,5.0,14.0,10.5,11.5,8.0,37.0,PASS_95X140X5_REFERENCE,12.0,134.5,140.5,290.0,-145.0|145.0,21.5,False,FAIL,BELT_NOMINAL_LT_14|BELT_RESIDUAL_LT_8|PULLEY_NOMINAL_LT_13_5|PULLEY_RESIDUAL_LT_10
G-IN5.00-P10.50-OUT06.50,0.5,1,,C/C,O/O,5.0,10.5,6.5,19.0,57.5,94.0,9.0,7.0,13.5,7.5,11.5,5.5,14.0,10.5,12.0,8.5,36.5,PASS_95X140X5_REFERENCE,12.0,134.5,140.5,290.0,-145.0|145.0,22.0,False,FAIL,BELT_NOMINAL_LT_14|BELT_RESIDUAL_LT_8|PULLEY_NOMINAL_LT_13_5|PULLEY_RESIDUAL_LT_10
G-IN5.00-P10.50-OUT07.00,0.5,1,,C/C,O/O,5.0,10.5,7.0,19.0,57.5,94.5,9.0,7.0,13.5,7.5,12.0,6.0,14.0,10.5,12.5,9.0,36.0,PASS_95X140X5_REFERENCE,12.0,134.5,140.5,290.0,-145.0|145.0,22.5,False,FAIL,BELT_NOMINAL_LT_14|BELT_RESIDUAL_LT_8|PULLEY_NOMINAL_LT_13_5|PULLEY_RESIDUAL_LT_10
G-IN5.00-P10.50-OUT07.50,0.5,1,,C/C,O/O,5.0,10.5,7.5,19.0,57.5,95.0,9.0,7.0,13.5,7.5,12.5,6.5,14.0,10.5,13.0,9.5,35.5,PASS_95X140X5_REFERENCE,12.0,134.5,140.5,290.0,-145.0|145.0,23.0,False,FAIL,BELT_NOMINAL_LT_14|BELT_RESIDUAL_LT_8|PULLEY_NOMINAL_LT_13_5|PULLEY_RESIDUAL_LT_10
G-IN5.00-P10.50-OUT08.00,0.5,1,,C/C,O/O,5.0,10.5,8.0,19.0,57.5,95.5,9.0,7.0,13.5,7.5,13.0,7.0,14.0,10.5,13.5,10.0,35.0,PASS_95X140X5_REFERENCE,12.0,134.5,140.5,290.0,-145.0|145.0,23.5,False,FAIL,BELT_NOMINAL_LT_14|BELT_RESIDUAL_LT_8
G-IN5.00-P10.50-OUT08.50,0.5,1,,C/C,O/O,5.0,10.5,8.5,19.0,57.5,96.0,9.0,7.0,13.5,7.5,13.5,7.5,14.0,10.5,14.0,10.5,34.5,PASS_95X140X5_REFERENCE,12.0,134.5,140.5,290.0,-145.0|145.0,24.0,False,FAIL,BELT_NOMINAL_LT_14|BELT_RESIDUAL_LT_8
G-IN5.00-P10.50-OUT09.00,0.5,1,,C/C,O/O,5.0,10.5,9.0,19.0,57.5,96.5,9.0,7.0,13.5,7.5,14.0,8.0,14.0,10.5,14.5,11.0,34.0,PASS_95X140X5_REFERENCE,12.0,134.5,140.5,290.0,-145.0|145.0,24.5,False,FAIL,BELT_NOMINAL_LT_14|BELT_RESIDUAL_LT_8
G-IN5.00-P10.50-OUT09.25,0.25,2,,C/C,O/O,5.0,10.5,9.25,19.0,57.5,96.75,9.0,7.0,13.5,7.5,14.25,8.25,14.0,10.5,14.75,11.25,33.75,PASS_95X140X5_REFERENCE,12.0,134.5,140.5,290.0,-145.0|145.0,24.75,False,FAIL,BELT_NOMINAL_LT_14|BELT_RESIDUAL_LT_8
G-IN5.00-P10.50-OUT09.50,0.5,1,,C/C,O/O,5.0,10.5,9.5,19.0,57.5,97.0,9.0,7.0,13.5,7.5,14.5,8.5,14.0,10.5,15.0,11.5,33.5,PASS_95X140X5_REFERENCE,12.0,134.5,140.5,290.0,-145.0|145.0,25.0,False,FAIL,BELT_NOMINAL_LT_14|BELT_RESIDUAL_LT_8
G-IN5.00-P10.50-OUT09.75,0.25,2,,C/C,O/O,5.0,10.5,9.75,19.0,57.5,97.25,9.0,7.0,13.5,7.5,14.75,8.75,14.0,10.5,15.25,11.75,33.25,PASS_95X140X5_REFERENCE,12.0,134.5,140.5,290.0,-145.0|145.0,25.25,False,FAIL,BELT_NOMINAL_LT_14|BELT_RESIDUAL_LT_8
G-IN5.00-P10.50-OUT10.00,0.5,1,,C/C,O/O,5.0,10.5,10.0,19.0,57.5,97.5,9.0,7.0,13.5,7.5,15.0,9.0,14.0,10.5,15.5,12.0,33.0,PASS_95X140X5_REFERENCE,12.0,134.5,140.5,290.0,-145.0|145.0,25.5,False,FAIL,BELT_NOMINAL_LT_14|BELT_RESIDUAL_LT_8
G-IN5.00-P10.75-OUT09.00,0.25,2,,C/C,O/O,5.0,10.75,9.0,19.0,57.75,96.5,9.0,7.0,13.75,7.75,13.75,7.75,14.25,10.75,14.25,10.75,34.0,PASS_95X140X5_REFERENCE,12.0,134.5,140.5,290.0,-145.0|145.0,24.75,False,FAIL,BELT_NOMINAL_LT_14|BELT_RESIDUAL_LT_8
G-IN5.00-P10.75-OUT09.25,0.25,2,,C/C,O/O,5.0,10.75,9.25,19.0,57.75,96.75,9.0,7.0,13.75,7.75,14.0,8.0,14.25,10.75,14.5,11.0,33.75,PASS_95X140X5_REFERENCE,12.0,134.5,140.5,290.0,-145.0|145.0,25.0,False,FAIL,BELT_NOMINAL_LT_14|BELT_RESIDUAL_LT_8
G-IN5.00-P10.75-OUT09.50,0.25,2,,C/C,O/O,5.0,10.75,9.5,19.0,57.75,97.0,9.0,7.0,13.75,7.75,14.25,8.25,14.25,10.75,14.75,11.25,33.5,PASS_95X140X5_REFERENCE,12.0,134.5,140.5,290.0,-145.0|145.0,25.25,False,FAIL,BELT_NOMINAL_LT_14|BELT_RESIDUAL_LT_8
G-IN5.00-P10.75-OUT09.75,0.25,2,,C/C,O/O,5.0,10.75,9.75,19.0,57.75,97.25,9.0,7.0,13.75,7.75,14.5,8.5,14.25,10.75,15.0,11.5,33.25,PASS_95X140X5_REFERENCE,12.0,134.5,140.5,290.0,-145.0|145.0,25.5,False,FAIL,BELT_NOMINAL_LT_14|BELT_RESIDUAL_LT_8
G-IN5.00-P10.75-OUT10.00,0.25,2,,C/C,O/O,5.0,10.75,10.0,19.0,57.75,97.5,9.0,7.0,13.75,7.75,14.75,8.75,14.25,10.75,15.25,11.75,33.0,PASS_95X140X5_REFERENCE,12.0,134.5,140.5,290.0,-145.0|145.0,25.75,False,FAIL,BELT_NOMINAL_LT_14|BELT_RESIDUAL_LT_8
G-IN5.00-P11.00-OUT03.00,0.5,1,,C/C,O/O,5.0,11.0,3.0,19.0,58.0,90.5,9.0,7.0,14.0,8.0,7.5,1.5,14.5,11.0,8.0,4.5,40.0,PASS_95X140X5_REFERENCE,12.0,134.5,140.5,290.0,-145.0|145.0,19.0,False,FAIL,BELT_NOMINAL_LT_14|BELT_RESIDUAL_LT_8|PULLEY_NOMINAL_LT_13_5|PULLEY_RESIDUAL_LT_10
G-IN5.00-P11.00-OUT03.50,0.5,1,,C/C,O/O,5.0,11.0,3.5,19.0,58.0,91.0,9.0,7.0,14.0,8.0,8.0,2.0,14.5,11.0,8.5,5.0,39.5,PASS_95X140X5_REFERENCE,12.0,134.5,140.5,290.0,-145.0|145.0,19.5,False,FAIL,BELT_NOMINAL_LT_14|BELT_RESIDUAL_LT_8|PULLEY_NOMINAL_LT_13_5|PULLEY_RESIDUAL_LT_10
G-IN5.00-P11.00-OUT04.00,0.5,1,,C/C,O/O,5.0,11.0,4.0,19.0,58.0,91.5,9.0,7.0,14.0,8.0,8.5,2.5,14.5,11.0,9.0,5.5,39.0,PASS_95X140X5_REFERENCE,12.0,134.5,140.5,290.0,-145.0|145.0,20.0,False,FAIL,BELT_NOMINAL_LT_14|BELT_RESIDUAL_LT_8|PULLEY_NOMINAL_LT_13_5|PULLEY_RESIDUAL_LT_10
G-IN5.00-P11.00-OUT04.50,0.5,1,,C/C,O/O,5.0,11.0,4.5,19.0,58.0,92.0,9.0,7.0,14.0,8.0,9.0,3.0,14.5,11.0,9.5,6.0,38.5,PASS_95X140X5_REFERENCE,12.0,134.5,140.5,290.0,-145.0|145.0,20.5,False,FAIL,BELT_NOMINAL_LT_14|BELT_RESIDUAL_LT_8|PULLEY_NOMINAL_LT_13_5|PULLEY_RESIDUAL_LT_10
G-IN5.00-P11.00-OUT05.00,0.5,1,,C/C,O/O,5.0,11.0,5.0,19.0,58.0,92.5,9.0,7.0,14.0,8.0,9.5,3.5,14.5,11.0,10.0,6.5,38.0,PASS_95X140X5_REFERENCE,12.0,134.5,140.5,290.0,-145.0|145.0,21.0,False,FAIL,BELT_NOMINAL_LT_14|BELT_RESIDUAL_LT_8|PULLEY_NOMINAL_LT_13_5|PULLEY_RESIDUAL_LT_10
G-IN5.00-P11.00-OUT05.50,0.5,1,,C/C,O/O,5.0,11.0,5.5,19.0,58.0,93.0,9.0,7.0,14.0,8.0,10.0,4.0,14.5,11.0,10.5,7.0,37.5,PASS_95X140X5_REFERENCE,12.0,134.5,140.5,290.0,-145.0|145.0,21.5,False,FAIL,BELT_NOMINAL_LT_14|BELT_RESIDUAL_LT_8|PULLEY_NOMINAL_LT_13_5|PULLEY_RESIDUAL_LT_10
G-IN5.00-P11.00-OUT06.00,0.5,1,,C/C,O/O,5.0,11.0,6.0,19.0,58.0,93.5,9.0,7.0,14.0,8.0,10.5,4.5,14.5,11.0,11.0,7.5,37.0,PASS_95X140X5_REFERENCE,12.0,134.5,140.5,290.0,-145.0|145.0,22.0,False,FAIL,BELT_NOMINAL_LT_14|BELT_RESIDUAL_LT_8|PULLEY_NOMINAL_LT_13_5|PULLEY_RESIDUAL_LT_10
G-IN5.00-P11.00-OUT06.50,0.5,1,,C/C,O/O,5.0,11.0,6.5,19.0,58.0,94.0,9.0,7.0,14.0,8.0,11.0,5.0,14.5,11.0,11.5,8.0,36.5,PASS_95X140X5_REFERENCE,12.0,134.5,140.5,290.0,-145.0|145.0,22.5,False,FAIL,BELT_NOMINAL_LT_14|BELT_RESIDUAL_LT_8|PULLEY_NOMINAL_LT_13_5|PULLEY_RESIDUAL_LT_10
G-IN5.00-P11.00-OUT07.00,0.5,1,,C/C,O/O,5.0,11.0,7.0,19.0,58.0,94.5,9.0,7.0,14.0,8.0,11.5,5.5,14.5,11.0,12.0,8.5,36.0,PASS_95X140X5_REFERENCE,12.0,134.5,140.5,290.0,-145.0|145.0,23.0,False,FAIL,BELT_NOMINAL_LT_14|BELT_RESIDUAL_LT_8|PULLEY_NOMINAL_LT_13_5|PULLEY_RESIDUAL_LT_10
G-IN5.00-P11.00-OUT07.50,0.5,1,,C/C,O/O,5.0,11.0,7.5,19.0,58.0,95.0,9.0,7.0,14.0,8.0,12.0,6.0,14.5,11.0,12.5,9.0,35.5,PASS_95X140X5_REFERENCE,12.0,134.5,140.5,290.0,-145.0|145.0,23.5,False,FAIL,BELT_NOMINAL_LT_14|BELT_RESIDUAL_LT_8|PULLEY_NOMINAL_LT_13_5|PULLEY_RESIDUAL_LT_10
G-IN5.00-P11.00-OUT08.00,0.5,1,,C/C,O/O,5.0,11.0,8.0,19.0,58.0,95.5,9.0,7.0,14.0,8.0,12.5,6.5,14.5,11.0,13.0,9.5,35.0,PASS_95X140X5_REFERENCE,12.0,134.5,140.5,290.0,-145.0|145.0,24.0,False,FAIL,BELT_NOMINAL_LT_14|BELT_RESIDUAL_LT_8|PULLEY_NOMINAL_LT_13_5|PULLEY_RESIDUAL_LT_10
G-IN5.00-P11.00-OUT08.50,0.5,1,,C/C,O/O,5.0,11.0,8.5,19.0,58.0,96.0,9.0,7.0,14.0,8.0,13.0,7.0,14.5,11.0,13.5,10.0,34.5,PASS_95X140X5_REFERENCE,12.0,134.5,140.5,290.0,-145.0|145.0,24.5,False,FAIL,BELT_NOMINAL_LT_14|BELT_RESIDUAL_LT_8
G-IN5.00-P11.00-OUT09.00,0.5,1,,C/C,O/O,5.0,11.0,9.0,19.0,58.0,96.5,9.0,7.0,14.0,8.0,13.5,7.5,14.5,11.0,14.0,10.5,34.0,PASS_95X140X5_REFERENCE,12.0,134.5,140.5,290.0,-145.0|145.0,25.0,False,FAIL,BELT_NOMINAL_LT_14|BELT_RESIDUAL_LT_8
G-IN5.00-P11.00-OUT09.25,0.25,2,,C/C,O/O,5.0,11.0,9.25,19.0,58.0,96.75,9.0,7.0,14.0,8.0,13.75,7.75,14.5,11.0,14.25,10.75,33.75,PASS_95X140X5_REFERENCE,12.0,134.5,140.5,290.0,-145.0|145.0,25.25,False,FAIL,BELT_NOMINAL_LT_14|BELT_RESIDUAL_LT_8
G-IN5.00-P11.00-OUT09.50,0.5,1,,C/C,O/O,5.0,11.0,9.5,19.0,58.0,97.0,9.0,7.0,14.0,8.0,14.0,8.0,14.5,11.0,14.5,11.0,33.5,PASS_95X140X5_REFERENCE,12.0,134.5,140.5,290.0,-145.0|145.0,25.5,True,ROBUST_CONDITIONAL_PASS_CANDIDATE,
G-IN5.00-P11.00-OUT09.75,0.25,2,,C/C,O/O,5.0,11.0,9.75,19.0,58.0,97.25,9.0,7.0,14.0,8.0,14.25,8.25,14.5,11.0,14.75,11.25,33.25,PASS_95X140X5_REFERENCE,12.0,134.5,140.5,290.0,-145.0|145.0,25.75,True,ROBUST_CONDITIONAL_PASS_CANDIDATE,
G-IN5.00-P11.00-OUT10.00,0.5,1,,C/C,O/O,5.0,11.0,10.0,19.0,58.0,97.5,9.0,7.0,14.0,8.0,14.5,8.5,14.5,11.0,15.0,11.5,33.0,PASS_95X140X5_REFERENCE,12.0,134.5,140.5,290.0,-145.0|145.0,26.0,True,ROBUST_CONDITIONAL_PASS_CANDIDATE,
G-IN5.00-P11.25-OUT09.00,0.25,2,,C/C,O/O,5.0,11.25,9.0,19.0,58.25,96.5,9.0,7.0,14.25,8.25,13.25,7.25,14.75,11.25,13.75,10.25,34.0,PASS_95X140X5_REFERENCE,12.0,134.5,140.5,290.0,-145.0|145.0,25.25,False,FAIL,BELT_NOMINAL_LT_14|BELT_RESIDUAL_LT_8
G-IN5.00-P11.25-OUT09.25,0.25,2,,C/C,O/O,5.0,11.25,9.25,19.0,58.25,96.75,9.0,7.0,14.25,8.25,13.5,7.5,14.75,11.25,14.0,10.5,33.75,PASS_95X140X5_REFERENCE,12.0,134.5,140.5,290.0,-145.0|145.0,25.5,False,FAIL,BELT_NOMINAL_LT_14|BELT_RESIDUAL_LT_8
G-IN5.00-P11.25-OUT09.50,0.25,2,,C/C,O/O,5.0,11.25,9.5,19.0,58.25,97.0,9.0,7.0,14.25,8.25,13.75,7.75,14.75,11.25,14.25,10.75,33.5,PASS_95X140X5_REFERENCE,12.0,134.5,140.5,290.0,-145.0|145.0,25.75,False,FAIL,BELT_NOMINAL_LT_14|BELT_RESIDUAL_LT_8
G-IN5.00-P11.25-OUT09.75,0.25,2,,C/C,O/O,5.0,11.25,9.75,19.0,58.25,97.25,9.0,7.0,14.25,8.25,14.0,8.0,14.75,11.25,14.5,11.0,33.25,PASS_95X140X5_REFERENCE,12.0,134.5,140.5,290.0,-145.0|145.0,26.0,True,ROBUST_CONDITIONAL_PASS_CANDIDATE,
G-IN5.00-P11.25-OUT10.00,0.25,2,,C/C,O/O,5.0,11.25,10.0,19.0,58.25,97.5,9.0,7.0,14.25,8.25,14.25,8.25,14.75,11.25,14.75,11.25,33.0,PASS_95X140X5_REFERENCE,12.0,134.5,140.5,290.0,-145.0|145.0,26.25,True,ROBUST_CONDITIONAL_PASS_CANDIDATE,
G-IN5.00-P11.50-OUT03.00,0.5,1,,C/C,O/O,5.0,11.5,3.0,19.0,58.5,90.5,9.0,7.0,14.5,8.5,7.0,1.0,15.0,11.5,7.5,4.0,40.0,PASS_95X140X5_REFERENCE,12.0,134.5,140.5,290.0,-145.0|145.0,19.5,False,FAIL,BELT_NOMINAL_LT_14|BELT_RESIDUAL_LT_8|PULLEY_NOMINAL_LT_13_5|PULLEY_RESIDUAL_LT_10
G-IN5.00-P11.50-OUT03.50,0.5,1,,C/C,O/O,5.0,11.5,3.5,19.0,58.5,91.0,9.0,7.0,14.5,8.5,7.5,1.5,15.0,11.5,8.0,4.5,39.5,PASS_95X140X5_REFERENCE,12.0,134.5,140.5,290.0,-145.0|145.0,20.0,False,FAIL,BELT_NOMINAL_LT_14|BELT_RESIDUAL_LT_8|PULLEY_NOMINAL_LT_13_5|PULLEY_RESIDUAL_LT_10
G-IN5.00-P11.50-OUT04.00,0.5,1,,C/C,O/O,5.0,11.5,4.0,19.0,58.5,91.5,9.0,7.0,14.5,8.5,8.0,2.0,15.0,11.5,8.5,5.0,39.0,PASS_95X140X5_REFERENCE,12.0,134.5,140.5,290.0,-145.0|145.0,20.5,False,FAIL,BELT_NOMINAL_LT_14|BELT_RESIDUAL_LT_8|PULLEY_NOMINAL_LT_13_5|PULLEY_RESIDUAL_LT_10
G-IN5.00-P11.50-OUT04.50,0.5,1,,C/C,O/O,5.0,11.5,4.5,19.0,58.5,92.0,9.0,7.0,14.5,8.5,8.5,2.5,15.0,11.5,9.0,5.5,38.5,PASS_95X140X5_REFERENCE,12.0,134.5,140.5,290.0,-145.0|145.0,21.0,False,FAIL,BELT_NOMINAL_LT_14|BELT_RESIDUAL_LT_8|PULLEY_NOMINAL_LT_13_5|PULLEY_RESIDUAL_LT_10
G-IN5.00-P11.50-OUT05.00,0.5,1,,C/C,O/O,5.0,11.5,5.0,19.0,58.5,92.5,9.0,7.0,14.5,8.5,9.0,3.0,15.0,11.5,9.5,6.0,38.0,PASS_95X140X5_REFERENCE,12.0,134.5,140.5,290.0,-145.0|145.0,21.5,False,FAIL,BELT_NOMINAL_LT_14|BELT_RESIDUAL_LT_8|PULLEY_NOMINAL_LT_13_5|PULLEY_RESIDUAL_LT_10
G-IN5.00-P11.50-OUT05.50,0.5,1,,C/C,O/O,5.0,11.5,5.5,19.0,58.5,93.0,9.0,7.0,14.5,8.5,9.5,3.5,15.0,11.5,10.0,6.5,37.5,PASS_95X140X5_REFERENCE,12.0,134.5,140.5,290.0,-145.0|145.0,22.0,False,FAIL,BELT_NOMINAL_LT_14|BELT_RESIDUAL_LT_8|PULLEY_NOMINAL_LT_13_5|PULLEY_RESIDUAL_LT_10
G-IN5.00-P11.50-OUT06.00,0.5,1,,C/C,O/O,5.0,11.5,6.0,19.0,58.5,93.5,9.0,7.0,14.5,8.5,10.0,4.0,15.0,11.5,10.5,7.0,37.0,PASS_95X140X5_REFERENCE,12.0,134.5,140.5,290.0,-145.0|145.0,22.5,False,FAIL,BELT_NOMINAL_LT_14|BELT_RESIDUAL_LT_8|PULLEY_NOMINAL_LT_13_5|PULLEY_RESIDUAL_LT_10
G-IN5.00-P11.50-OUT06.50,0.5,1,,C/C,O/O,5.0,11.5,6.5,19.0,58.5,94.0,9.0,7.0,14.5,8.5,10.5,4.5,15.0,11.5,11.0,7.5,36.5,PASS_95X140X5_REFERENCE,12.0,134.5,140.5,290.0,-145.0|145.0,23.0,False,FAIL,BELT_NOMINAL_LT_14|BELT_RESIDUAL_LT_8|PULLEY_NOMINAL_LT_13_5|PULLEY_RESIDUAL_LT_10
G-IN5.00-P11.50-OUT07.00,0.5,1,,C/C,O/O,5.0,11.5,7.0,19.0,58.5,94.5,9.0,7.0,14.5,8.5,11.0,5.0,15.0,11.5,11.5,8.0,36.0,PASS_95X140X5_REFERENCE,12.0,134.5,140.5,290.0,-145.0|145.0,23.5,False,FAIL,BELT_NOMINAL_LT_14|BELT_RESIDUAL_LT_8|PULLEY_NOMINAL_LT_13_5|PULLEY_RESIDUAL_LT_10
G-IN5.00-P11.50-OUT07.50,0.5,1,,C/C,O/O,5.0,11.5,7.5,19.0,58.5,95.0,9.0,7.0,14.5,8.5,11.5,5.5,15.0,11.5,12.0,8.5,35.5,PASS_95X140X5_REFERENCE,12.0,134.5,140.5,290.0,-145.0|145.0,24.0,False,FAIL,BELT_NOMINAL_LT_14|BELT_RESIDUAL_LT_8|PULLEY_NOMINAL_LT_13_5|PULLEY_RESIDUAL_LT_10
G-IN5.00-P11.50-OUT08.00,0.5,1,,C/C,O/O,5.0,11.5,8.0,19.0,58.5,95.5,9.0,7.0,14.5,8.5,12.0,6.0,15.0,11.5,12.5,9.0,35.0,PASS_95X140X5_REFERENCE,12.0,134.5,140.5,290.0,-145.0|145.0,24.5,False,FAIL,BELT_NOMINAL_LT_14|BELT_RESIDUAL_LT_8|PULLEY_NOMINAL_LT_13_5|PULLEY_RESIDUAL_LT_10
G-IN5.00-P11.50-OUT08.50,0.5,1,,C/C,O/O,5.0,11.5,8.5,19.0,58.5,96.0,9.0,7.0,14.5,8.5,12.5,6.5,15.0,11.5,13.0,9.5,34.5,PASS_95X140X5_REFERENCE,12.0,134.5,140.5,290.0,-145.0|145.0,25.0,False,FAIL,BELT_NOMINAL_LT_14|BELT_RESIDUAL_LT_8|PULLEY_NOMINAL_LT_13_5|PULLEY_RESIDUAL_LT_10
G-IN5.00-P11.50-OUT09.00,0.5,1,,C/C,O/O,5.0,11.5,9.0,19.0,58.5,96.5,9.0,7.0,14.5,8.5,13.0,7.0,15.0,11.5,13.5,10.0,34.0,PASS_95X140X5_REFERENCE,12.0,134.5,140.5,290.0,-145.0|145.0,25.5,False,FAIL,BELT_NOMINAL_LT_14|BELT_RESIDUAL_LT_8
G-IN5.00-P11.50-OUT09.25,0.25,2,,C/C,O/O,5.0,11.5,9.25,19.0,58.5,96.75,9.0,7.0,14.5,8.5,13.25,7.25,15.0,11.5,13.75,10.25,33.75,PASS_95X140X5_REFERENCE,12.0,134.5,140.5,290.0,-145.0|145.0,25.75,False,FAIL,BELT_NOMINAL_LT_14|BELT_RESIDUAL_LT_8
G-IN5.00-P11.50-OUT09.50,0.5,1,,C/C,O/O,5.0,11.5,9.5,19.0,58.5,97.0,9.0,7.0,14.5,8.5,13.5,7.5,15.0,11.5,14.0,10.5,33.5,PASS_95X140X5_REFERENCE,12.0,134.5,140.5,290.0,-145.0|145.0,26.0,False,FAIL,BELT_NOMINAL_LT_14|BELT_RESIDUAL_LT_8
G-IN5.00-P11.50-OUT09.75,0.25,2,,C/C,O/O,5.0,11.5,9.75,19.0,58.5,97.25,9.0,7.0,14.5,8.5,13.75,7.75,15.0,11.5,14.25,10.75,33.25,PASS_95X140X5_REFERENCE,12.0,134.5,140.5,290.0,-145.0|145.0,26.25,False,FAIL,BELT_NOMINAL_LT_14|BELT_RESIDUAL_LT_8
G-IN5.00-P11.50-OUT10.00,0.5,1,,C/C,O/O,5.0,11.5,10.0,19.0,58.5,97.5,9.0,7.0,14.5,8.5,14.0,8.0,15.0,11.5,14.5,11.0,33.0,PASS_95X140X5_REFERENCE,12.0,134.5,140.5,290.0,-145.0|145.0,26.5,True,ROBUST_CONDITIONAL_PASS_CANDIDATE,
G-IN5.00-P11.75-OUT09.00,0.25,2,,C/C,O/O,5.0,11.75,9.0,19.0,58.75,96.5,9.0,7.0,14.75,8.75,12.75,6.75,15.25,11.75,13.25,9.75,34.0,PASS_95X140X5_REFERENCE,12.0,134.5,140.5,290.0,-145.0|145.0,25.75,False,FAIL,BELT_NOMINAL_LT_14|BELT_RESIDUAL_LT_8|PULLEY_NOMINAL_LT_13_5|PULLEY_RESIDUAL_LT_10
G-IN5.00-P11.75-OUT09.25,0.25,2,,C/C,O/O,5.0,11.75,9.25,19.0,58.75,96.75,9.0,7.0,14.75,8.75,13.0,7.0,15.25,11.75,13.5,10.0,33.75,PASS_95X140X5_REFERENCE,12.0,134.5,140.5,290.0,-145.0|145.0,26.0,False,FAIL,BELT_NOMINAL_LT_14|BELT_RESIDUAL_LT_8
G-IN5.00-P11.75-OUT09.50,0.25,2,,C/C,O/O,5.0,11.75,9.5,19.0,58.75,97.0,9.0,7.0,14.75,8.75,13.25,7.25,15.25,11.75,13.75,10.25,33.5,PASS_95X140X5_REFERENCE,12.0,134.5,140.5,290.0,-145.0|145.0,26.25,False,FAIL,BELT_NOMINAL_LT_14|BELT_RESIDUAL_LT_8
G-IN5.00-P11.75-OUT09.75,0.25,2,,C/C,O/O,5.0,11.75,9.75,19.0,58.75,97.25,9.0,7.0,14.75,8.75,13.5,7.5,15.25,11.75,14.0,10.5,33.25,PASS_95X140X5_REFERENCE,12.0,134.5,140.5,290.0,-145.0|145.0,26.5,False,FAIL,BELT_NOMINAL_LT_14|BELT_RESIDUAL_LT_8
G-IN5.00-P11.75-OUT10.00,0.25,2,,C/C,O/O,5.0,11.75,10.0,19.0,58.75,97.5,9.0,7.0,14.75,8.75,13.75,7.75,15.25,11.75,14.25,10.75,33.0,PASS_95X140X5_REFERENCE,12.0,134.5,140.5,290.0,-145.0|145.0,26.75,False,FAIL,BELT_NOMINAL_LT_14|BELT_RESIDUAL_LT_8
G-IN5.00-P12.00-OUT03.00,0.5,1,,C/C,O/O,5.0,12.0,3.0,19.0,59.0,90.5,9.0,7.0,15.0,9.0,6.5,0.5,15.5,12.0,7.0,3.5,40.0,PASS_95X140X5_REFERENCE,12.0,134.5,140.5,290.0,-145.0|145.0,20.0,False,FAIL,BELT_NOMINAL_LT_14|BELT_RESIDUAL_LT_8|PULLEY_NOMINAL_LT_13_5|PULLEY_RESIDUAL_LT_10
G-IN5.00-P12.00-OUT03.50,0.5,1,,C/C,O/O,5.0,12.0,3.5,19.0,59.0,91.0,9.0,7.0,15.0,9.0,7.0,1.0,15.5,12.0,7.5,4.0,39.5,PASS_95X140X5_REFERENCE,12.0,134.5,140.5,290.0,-145.0|145.0,20.5,False,FAIL,BELT_NOMINAL_LT_14|BELT_RESIDUAL_LT_8|PULLEY_NOMINAL_LT_13_5|PULLEY_RESIDUAL_LT_10
G-IN5.00-P12.00-OUT04.00,0.5,1,,C/C,O/O,5.0,12.0,4.0,19.0,59.0,91.5,9.0,7.0,15.0,9.0,7.5,1.5,15.5,12.0,8.0,4.5,39.0,PASS_95X140X5_REFERENCE,12.0,134.5,140.5,290.0,-145.0|145.0,21.0,False,FAIL,BELT_NOMINAL_LT_14|BELT_RESIDUAL_LT_8|PULLEY_NOMINAL_LT_13_5|PULLEY_RESIDUAL_LT_10
G-IN5.00-P12.00-OUT04.50,0.5,1,,C/C,O/O,5.0,12.0,4.5,19.0,59.0,92.0,9.0,7.0,15.0,9.0,8.0,2.0,15.5,12.0,8.5,5.0,38.5,PASS_95X140X5_REFERENCE,12.0,134.5,140.5,290.0,-145.0|145.0,21.5,False,FAIL,BELT_NOMINAL_LT_14|BELT_RESIDUAL_LT_8|PULLEY_NOMINAL_LT_13_5|PULLEY_RESIDUAL_LT_10
G-IN5.00-P12.00-OUT05.00,0.5,1,,C/C,O/O,5.0,12.0,5.0,19.0,59.0,92.5,9.0,7.0,15.0,9.0,8.5,2.5,15.5,12.0,9.0,5.5,38.0,PASS_95X140X5_REFERENCE,12.0,134.5,140.5,290.0,-145.0|145.0,22.0,False,FAIL,BELT_NOMINAL_LT_14|BELT_RESIDUAL_LT_8|PULLEY_NOMINAL_LT_13_5|PULLEY_RESIDUAL_LT_10
G-IN5.00-P12.00-OUT05.50,0.5,1,,C/C,O/O,5.0,12.0,5.5,19.0,59.0,93.0,9.0,7.0,15.0,9.0,9.0,3.0,15.5,12.0,9.5,6.0,37.5,PASS_95X140X5_REFERENCE,12.0,134.5,140.5,290.0,-145.0|145.0,22.5,False,FAIL,BELT_NOMINAL_LT_14|BELT_RESIDUAL_LT_8|PULLEY_NOMINAL_LT_13_5|PULLEY_RESIDUAL_LT_10
G-IN5.00-P12.00-OUT06.00,0.5,1,,C/C,O/O,5.0,12.0,6.0,19.0,59.0,93.5,9.0,7.0,15.0,9.0,9.5,3.5,15.5,12.0,10.0,6.5,37.0,PASS_95X140X5_REFERENCE,12.0,134.5,140.5,290.0,-145.0|145.0,23.0,False,FAIL,BELT_NOMINAL_LT_14|BELT_RESIDUAL_LT_8|PULLEY_NOMINAL_LT_13_5|PULLEY_RESIDUAL_LT_10
G-IN5.00-P12.00-OUT06.50,0.5,1,,C/C,O/O,5.0,12.0,6.5,19.0,59.0,94.0,9.0,7.0,15.0,9.0,10.0,4.0,15.5,12.0,10.5,7.0,36.5,PASS_95X140X5_REFERENCE,12.0,134.5,140.5,290.0,-145.0|145.0,23.5,False,FAIL,BELT_NOMINAL_LT_14|BELT_RESIDUAL_LT_8|PULLEY_NOMINAL_LT_13_5|PULLEY_RESIDUAL_LT_10
G-IN5.00-P12.00-OUT07.00,0.5,1,,C/C,O/O,5.0,12.0,7.0,19.0,59.0,94.5,9.0,7.0,15.0,9.0,10.5,4.5,15.5,12.0,11.0,7.5,36.0,PASS_95X140X5_REFERENCE,12.0,134.5,140.5,290.0,-145.0|145.0,24.0,False,FAIL,BELT_NOMINAL_LT_14|BELT_RESIDUAL_LT_8|PULLEY_NOMINAL_LT_13_5|PULLEY_RESIDUAL_LT_10
G-IN5.00-P12.00-OUT07.50,0.5,1,,C/C,O/O,5.0,12.0,7.5,19.0,59.0,95.0,9.0,7.0,15.0,9.0,11.0,5.0,15.5,12.0,11.5,8.0,35.5,PASS_95X140X5_REFERENCE,12.0,134.5,140.5,290.0,-145.0|145.0,24.5,False,FAIL,BELT_NOMINAL_LT_14|BELT_RESIDUAL_LT_8|PULLEY_NOMINAL_LT_13_5|PULLEY_RESIDUAL_LT_10
G-IN5.00-P12.00-OUT08.00,0.5,1,,C/C,O/O,5.0,12.0,8.0,19.0,59.0,95.5,9.0,7.0,15.0,9.0,11.5,5.5,15.5,12.0,12.0,8.5,35.0,PASS_95X140X5_REFERENCE,12.0,134.5,140.5,290.0,-145.0|145.0,25.0,False,FAIL,BELT_NOMINAL_LT_14|BELT_RESIDUAL_LT_8|PULLEY_NOMINAL_LT_13_5|PULLEY_RESIDUAL_LT_10
G-IN5.00-P12.00-OUT08.50,0.5,1,,C/C,O/O,5.0,12.0,8.5,19.0,59.0,96.0,9.0,7.0,15.0,9.0,12.0,6.0,15.5,12.0,12.5,9.0,34.5,PASS_95X140X5_REFERENCE,12.0,134.5,140.5,290.0,-145.0|145.0,25.5,False,FAIL,BELT_NOMINAL_LT_14|BELT_RESIDUAL_LT_8|PULLEY_NOMINAL_LT_13_5|PULLEY_RESIDUAL_LT_10
G-IN5.00-P12.00-OUT09.00,0.5,1,,C/C,O/O,5.0,12.0,9.0,19.0,59.0,96.5,9.0,7.0,15.0,9.0,12.5,6.5,15.5,12.0,13.0,9.5,34.0,PASS_95X140X5_REFERENCE,12.0,134.5,140.5,290.0,-145.0|145.0,26.0,False,FAIL,BELT_NOMINAL_LT_14|BELT_RESIDUAL_LT_8|PULLEY_NOMINAL_LT_13_5|PULLEY_RESIDUAL_LT_10
G-IN5.00-P12.00-OUT09.25,0.25,2,,C/C,O/O,5.0,12.0,9.25,19.0,59.0,96.75,9.0,7.0,15.0,9.0,12.75,6.75,15.5,12.0,13.25,9.75,33.75,PASS_95X140X5_REFERENCE,12.0,134.5,140.5,290.0,-145.0|145.0,26.25,False,FAIL,BELT_NOMINAL_LT_14|BELT_RESIDUAL_LT_8|PULLEY_NOMINAL_LT_13_5|PULLEY_RESIDUAL_LT_10
G-IN5.00-P12.00-OUT09.50,0.5,1,,C/C,O/O,5.0,12.0,9.5,19.0,59.0,97.0,9.0,7.0,15.0,9.0,13.0,7.0,15.5,12.0,13.5,10.0,33.5,PASS_95X140X5_REFERENCE,12.0,134.5,140.5,290.0,-145.0|145.0,26.5,False,FAIL,BELT_NOMINAL_LT_14|BELT_RESIDUAL_LT_8
G-IN5.00-P12.00-OUT09.75,0.25,2,,C/C,O/O,5.0,12.0,9.75,19.0,59.0,97.25,9.0,7.0,15.0,9.0,13.25,7.25,15.5,12.0,13.75,10.25,33.25,PASS_95X140X5_REFERENCE,12.0,134.5,140.5,290.0,-145.0|145.0,26.75,False,FAIL,BELT_NOMINAL_LT_14|BELT_RESIDUAL_LT_8
G-IN5.00-P12.00-OUT10.00,0.5,1,,C/C,O/O,5.0,12.0,10.0,19.0,59.0,97.5,9.0,7.0,15.0,9.0,13.5,7.5,15.5,12.0,14.0,10.5,33.0,PASS_95X140X5_REFERENCE,12.0,134.5,140.5,290.0,-145.0|145.0,27.0,False,FAIL,BELT_NOMINAL_LT_14|BELT_RESIDUAL_LT_8
