candidate_id,search_stage,search_resolution,pto_belt_shift_mm,drive_belt_shift_mm,inner_support_type,inner_support_thickness_mm,inner_kp000_shift_inward_mm,outer_kp000_shift_outward_mm,fastener_orientation,fastener_style,pto_nominal_clearance_mm,pto_residual_clearance_mm,drive_nominal_clearance_mm,drive_residual_clearance_mm,pulley_60t_to_fixed_mm,belt_to_wiring_mm,inner_support_center_gap_mm,track_outer_margin_mm,total_width_mm,left_pto_outer_end_y_mm,right_pto_outer_end_y_mm,belt_intersection_count,fastener_intersection_count,tool_access_intersection_count,clutch_intersection_count,track_intersection_count,aluminum_2020_stock_used,aluminum_2040_stock_used,added_part_count,total_y_change_mm,serviceability_score,score,status,rejection_reason
S1-Y-B-10.0-D-10.0,STAGE_1_Y_POSITION_ONLY,COARSE_1.00_MM,-10.0,0.0,2020_UNCHANGED,20.0,-10.0,-10.0,V008_BASELINE_INWARD,STANDARD_RESERVED,-14.5,-19.5,15.5,10.5,-9.0,9.5,28.0,8.5,290.0,145.0,-145.0,1,0,0,0,0,8,7,0,30.0,4.0,-472.0,FAIL,BELT_WIRING_LT_15;NONZERO_INTERSECTION;PTO_NOMINAL_LT_13;PTO_RESIDUAL_LT_8;PULLEY_FIXED_LT_10
S1-Y-B-10.0-D-09.0,STAGE_1_Y_POSITION_ONLY,COARSE_1.00_MM,-10.0,0.0,2020_UNCHANGED,20.0,-9.0,-9.0,V008_BASELINE_INWARD,STANDARD_RESERVED,-13.5,-18.5,15.5,10.5,-8.0,9.5,26.0,8.5,290.0,145.0,-145.0,1,0,0,0,0,8,7,0,28.0,4.0,-446.0,FAIL,BELT_WIRING_LT_15;NONZERO_INTERSECTION;PTO_NOMINAL_LT_13;PTO_RESIDUAL_LT_8;PULLEY_FIXED_LT_10
S1-Y-B-10.0-D-08.0,STAGE_1_Y_POSITION_ONLY,COARSE_1.00_MM,-10.0,0.0,2020_UNCHANGED,20.0,-8.0,-8.0,V008_BASELINE_INWARD,STANDARD_RESERVED,-12.5,-17.5,15.5,10.5,-7.0,9.5,24.0,8.5,290.0,145.0,-145.0,1,0,0,0,0,8,7,0,26.0,4.0,-420.0,FAIL,BELT_WIRING_LT_15;NONZERO_INTERSECTION;PTO_NOMINAL_LT_13;PTO_RESIDUAL_LT_8;PULLEY_FIXED_LT_10
S1-Y-B-10.0-D-07.0,STAGE_1_Y_POSITION_ONLY,COARSE_1.00_MM,-10.0,0.0,2020_UNCHANGED,20.0,-7.0,-7.0,V008_BASELINE_INWARD,STANDARD_RESERVED,-11.5,-16.5,15.5,10.5,-6.0,9.5,22.0,8.5,290.0,145.0,-145.0,1,0,0,0,0,8,7,0,24.0,4.0,-394.0,FAIL,BELT_WIRING_LT_15;NONZERO_INTERSECTION;PTO_NOMINAL_LT_13;PTO_RESIDUAL_LT_8;PULLEY_FIXED_LT_10
S1-Y-B-10.0-D-06.0,STAGE_1_Y_POSITION_ONLY,COARSE_1.00_MM,-10.0,0.0,2020_UNCHANGED,20.0,-6.0,-6.0,V008_BASELINE_INWARD,STANDARD_RESERVED,-10.5,-15.5,15.5,10.5,-5.0,9.5,20.0,8.5,290.0,145.0,-145.0,1,0,0,0,0,8,7,0,22.0,4.0,-368.0,FAIL,BELT_WIRING_LT_15;NONZERO_INTERSECTION;PTO_NOMINAL_LT_13;PTO_RESIDUAL_LT_8;PULLEY_FIXED_LT_10
S1-Y-B-10.0-D-05.0,STAGE_1_Y_POSITION_ONLY,COARSE_1.00_MM,-10.0,0.0,2020_UNCHANGED,20.0,-5.0,-5.0,V008_BASELINE_INWARD,STANDARD_RESERVED,-9.5,-14.5,15.5,10.5,-4.0,9.5,18.0,8.5,290.0,145.0,-145.0,1,0,0,0,0,8,7,0,20.0,4.0,-342.0,FAIL,BELT_WIRING_LT_15;NONZERO_INTERSECTION;PTO_NOMINAL_LT_13;PTO_RESIDUAL_LT_8;PULLEY_FIXED_LT_10
S1-Y-B-10.0-D-04.0,STAGE_1_Y_POSITION_ONLY,COARSE_1.00_MM,-10.0,0.0,2020_UNCHANGED,20.0,-4.0,-4.0,V008_BASELINE_INWARD,STANDARD_RESERVED,-8.5,-13.5,15.5,10.5,-3.0,9.5,16.0,8.5,290.0,145.0,-145.0,1,0,0,0,0,8,7,0,18.0,4.0,-316.0,FAIL,BELT_WIRING_LT_15;NONZERO_INTERSECTION;PTO_NOMINAL_LT_13;PTO_RESIDUAL_LT_8;PULLEY_FIXED_LT_10
S1-Y-B-10.0-D-03.0,STAGE_1_Y_POSITION_ONLY,COARSE_1.00_MM,-10.0,0.0,2020_UNCHANGED,20.0,-3.0,-3.0,V008_BASELINE_INWARD,STANDARD_RESERVED,-7.5,-12.5,15.5,10.5,-2.0,9.5,14.0,8.5,290.0,145.0,-145.0,1,0,0,0,0,8,7,0,16.0,4.0,-290.0,FAIL,BELT_WIRING_LT_15;NONZERO_INTERSECTION;PTO_NOMINAL_LT_13;PTO_RESIDUAL_LT_8;PULLEY_FIXED_LT_10
S1-Y-B-10.0-D-02.0,STAGE_1_Y_POSITION_ONLY,COARSE_1.00_MM,-10.0,0.0,2020_UNCHANGED,20.0,-2.0,-2.0,V008_BASELINE_INWARD,STANDARD_RESERVED,-6.5,-11.5,15.5,10.5,-1.0,9.5,12.0,8.5,290.0,145.0,-145.0,1,0,0,0,0,8,7,0,14.0,4.0,-264.0,FAIL,BELT_WIRING_LT_15;NONZERO_INTERSECTION;PTO_NOMINAL_LT_13;PTO_RESIDUAL_LT_8;PULLEY_FIXED_LT_10
S1-Y-B-10.0-D-01.0,STAGE_1_Y_POSITION_ONLY,COARSE_1.00_MM,-10.0,0.0,2020_UNCHANGED,20.0,-1.0,-1.0,V008_BASELINE_INWARD,STANDARD_RESERVED,-5.5,-10.5,15.5,10.5,0.0,9.5,10.0,8.5,290.0,145.0,-145.0,1,0,0,0,0,8,7,0,12.0,4.0,-238.0,FAIL,BELT_WIRING_LT_15;NONZERO_INTERSECTION;PTO_NOMINAL_LT_13;PTO_RESIDUAL_LT_8;PULLEY_FIXED_LT_10
S1-Y-B-10.0-D+00.0,STAGE_1_Y_POSITION_ONLY,COARSE_1.00_MM,-10.0,0.0,2020_UNCHANGED,20.0,0.0,0.0,V008_BASELINE_INWARD,STANDARD_RESERVED,-4.5,-9.5,15.5,10.5,1.0,9.5,8.0,8.5,290.0,145.0,-145.0,1,0,0,0,0,8,7,0,10.0,4.0,-212.0,FAIL,BELT_WIRING_LT_15;NONZERO_INTERSECTION;PTO_NOMINAL_LT_13;PTO_RESIDUAL_LT_8;PULLEY_FIXED_LT_10
S1-Y-B-10.0-D+01.0,STAGE_1_Y_POSITION_ONLY,COARSE_1.00_MM,-10.0,0.0,2020_UNCHANGED,20.0,1.0,1.0,V008_BASELINE_INWARD,STANDARD_RESERVED,-3.5,-8.5,15.5,10.5,2.0,9.5,6.0,8.5,290.0,145.0,-145.0,1,0,0,0,0,8,7,0,12.0,4.0,-198.0,FAIL,BELT_WIRING_LT_15;NONZERO_INTERSECTION;PTO_NOMINAL_LT_13;PTO_RESIDUAL_LT_8;PULLEY_FIXED_LT_10
S1-Y-B-10.0-D+02.0,STAGE_1_Y_POSITION_ONLY,COARSE_1.00_MM,-10.0,0.0,2020_UNCHANGED,20.0,2.0,2.0,V008_BASELINE_INWARD,STANDARD_RESERVED,-2.5,-7.5,15.5,10.5,3.0,9.5,4.0,8.5,290.0,145.0,-145.0,1,0,0,0,0,8,7,0,14.0,4.0,-184.0,FAIL,BELT_WIRING_LT_15;NONZERO_INTERSECTION;PTO_NOMINAL_LT_13;PTO_RESIDUAL_LT_8;PULLEY_FIXED_LT_10
S1-Y-B-10.0-D+03.0,STAGE_1_Y_POSITION_ONLY,COARSE_1.00_MM,-10.0,0.0,2020_UNCHANGED,20.0,3.0,3.0,V008_BASELINE_INWARD,STANDARD_RESERVED,-1.5,-6.5,15.5,10.5,4.0,9.5,2.0,8.5,290.0,145.0,-145.0,1,0,0,0,0,8,7,0,16.0,4.0,-170.0,FAIL,BELT_WIRING_LT_15;NONZERO_INTERSECTION;PTO_NOMINAL_LT_13;PTO_RESIDUAL_LT_8;PULLEY_FIXED_LT_10
S1-Y-B-10.0-D+04.0,STAGE_1_Y_POSITION_ONLY,COARSE_1.00_MM,-10.0,0.0,2020_UNCHANGED,20.0,4.0,4.0,V008_BASELINE_INWARD,STANDARD_RESERVED,-0.5,-5.5,15.5,10.5,5.0,9.5,0.0,8.5,290.0,145.0,-145.0,1,0,0,0,0,8,7,0,18.0,4.0,-156.0,FAIL,BELT_WIRING_LT_15;NONZERO_INTERSECTION;PTO_NOMINAL_LT_13;PTO_RESIDUAL_LT_8;PULLEY_FIXED_LT_10
S1-Y-B-10.0-D+05.0,STAGE_1_Y_POSITION_ONLY,COARSE_1.00_MM,-10.0,0.0,2020_UNCHANGED,20.0,5.0,5.0,V008_BASELINE_INWARD,STANDARD_RESERVED,0.5,-4.5,15.5,10.5,6.0,9.5,-2.0,8.5,290.0,145.0,-145.0,0,0,0,0,0,8,7,0,20.0,4.0,-142.0,FAIL,BELT_WIRING_LT_15;LEFT_RIGHT_INNER_SUPPORT_COLLISION;PTO_NOMINAL_LT_13;PTO_RESIDUAL_LT_8;PULLEY_FIXED_LT_10
S1-Y-B-10.0-D+06.0,STAGE_1_Y_POSITION_ONLY,COARSE_1.00_MM,-10.0,0.0,2020_UNCHANGED,20.0,6.0,6.0,V008_BASELINE_INWARD,STANDARD_RESERVED,1.5,-3.5,15.5,10.5,7.0,9.5,-4.0,8.5,290.0,145.0,-145.0,0,0,0,0,0,8,7,0,22.0,4.0,-128.0,FAIL,BELT_WIRING_LT_15;LEFT_RIGHT_INNER_SUPPORT_COLLISION;PTO_NOMINAL_LT_13;PTO_RESIDUAL_LT_8;PULLEY_FIXED_LT_10
S1-Y-B-10.0-D+07.0,STAGE_1_Y_POSITION_ONLY,COARSE_1.00_MM,-10.0,0.0,2020_UNCHANGED,20.0,7.0,7.0,V008_BASELINE_INWARD,STANDARD_RESERVED,2.5,-2.5,15.5,10.5,8.0,9.5,-6.0,8.5,290.0,145.0,-145.0,0,0,0,0,0,8,7,0,24.0,4.0,-114.0,FAIL,BELT_WIRING_LT_15;LEFT_RIGHT_INNER_SUPPORT_COLLISION;PTO_NOMINAL_LT_13;PTO_RESIDUAL_LT_8;PULLEY_FIXED_LT_10
S1-Y-B-10.0-D+08.0,STAGE_1_Y_POSITION_ONLY,COARSE_1.00_MM,-10.0,0.0,2020_UNCHANGED,20.0,8.0,8.0,V008_BASELINE_INWARD,STANDARD_RESERVED,3.5,-1.5,15.5,10.5,9.0,9.5,-8.0,8.5,290.0,145.0,-145.0,0,0,0,0,0,8,7,0,26.0,4.0,-100.0,FAIL,BELT_WIRING_LT_15;LEFT_RIGHT_INNER_SUPPORT_COLLISION;PTO_NOMINAL_LT_13;PTO_RESIDUAL_LT_8;PULLEY_FIXED_LT_10
S1-Y-B-10.0-D+09.0,STAGE_1_Y_POSITION_ONLY,COARSE_1.00_MM,-10.0,0.0,2020_UNCHANGED,20.0,9.0,9.0,V008_BASELINE_INWARD,STANDARD_RESERVED,4.5,-0.5,15.5,10.5,10.0,9.5,-10.0,8.5,290.0,145.0,-145.0,0,0,0,0,0,8,7,0,28.0,4.0,-86.0,FAIL,BELT_WIRING_LT_15;LEFT_RIGHT_INNER_SUPPORT_COLLISION;PTO_NOMINAL_LT_13;PTO_RESIDUAL_LT_8
S1-Y-B-10.0-D+10.0,STAGE_1_Y_POSITION_ONLY,COARSE_1.00_MM,-10.0,0.0,2020_UNCHANGED,20.0,10.0,10.0,V008_BASELINE_INWARD,STANDARD_RESERVED,5.5,0.5,15.5,10.5,11.0,9.5,-12.0,8.5,290.0,145.0,-145.0,0,0,0,0,0,8,7,0,30.0,4.0,-72.0,FAIL,BELT_WIRING_LT_15;LEFT_RIGHT_INNER_SUPPORT_COLLISION;PTO_NOMINAL_LT_13;PTO_RESIDUAL_LT_8
S1-Y-B-09.0-D-10.0,STAGE_1_Y_POSITION_ONLY,COARSE_1.00_MM,-9.0,0.0,2020_UNCHANGED,20.0,-10.0,-10.0,V008_BASELINE_INWARD,STANDARD_RESERVED,-13.5,-18.5,15.5,10.5,-8.0,10.5,28.0,8.5,290.0,145.0,-145.0,1,0,0,0,0,8,7,0,29.0,4.0,-449.0,FAIL,BELT_WIRING_LT_15;NONZERO_INTERSECTION;PTO_NOMINAL_LT_13;PTO_RESIDUAL_LT_8;PULLEY_FIXED_LT_10
S1-Y-B-09.0-D-09.0,STAGE_1_Y_POSITION_ONLY,COARSE_1.00_MM,-9.0,0.0,2020_UNCHANGED,20.0,-9.0,-9.0,V008_BASELINE_INWARD,STANDARD_RESERVED,-12.5,-17.5,15.5,10.5,-7.0,10.5,26.0,8.5,290.0,145.0,-145.0,1,0,0,0,0,8,7,0,27.0,4.0,-423.0,FAIL,BELT_WIRING_LT_15;NONZERO_INTERSECTION;PTO_NOMINAL_LT_13;PTO_RESIDUAL_LT_8;PULLEY_FIXED_LT_10
S1-Y-B-09.0-D-08.0,STAGE_1_Y_POSITION_ONLY,COARSE_1.00_MM,-9.0,0.0,2020_UNCHANGED,20.0,-8.0,-8.0,V008_BASELINE_INWARD,STANDARD_RESERVED,-11.5,-16.5,15.5,10.5,-6.0,10.5,24.0,8.5,290.0,145.0,-145.0,1,0,0,0,0,8,7,0,25.0,4.0,-397.0,FAIL,BELT_WIRING_LT_15;NONZERO_INTERSECTION;PTO_NOMINAL_LT_13;PTO_RESIDUAL_LT_8;PULLEY_FIXED_LT_10
S1-Y-B-09.0-D-07.0,STAGE_1_Y_POSITION_ONLY,COARSE_1.00_MM,-9.0,0.0,2020_UNCHANGED,20.0,-7.0,-7.0,V008_BASELINE_INWARD,STANDARD_RESERVED,-10.5,-15.5,15.5,10.5,-5.0,10.5,22.0,8.5,290.0,145.0,-145.0,1,0,0,0,0,8,7,0,23.0,4.0,-371.0,FAIL,BELT_WIRING_LT_15;NONZERO_INTERSECTION;PTO_NOMINAL_LT_13;PTO_RESIDUAL_LT_8;PULLEY_FIXED_LT_10
S1-Y-B-09.0-D-06.0,STAGE_1_Y_POSITION_ONLY,COARSE_1.00_MM,-9.0,0.0,2020_UNCHANGED,20.0,-6.0,-6.0,V008_BASELINE_INWARD,STANDARD_RESERVED,-9.5,-14.5,15.5,10.5,-4.0,10.5,20.0,8.5,290.0,145.0,-145.0,1,0,0,0,0,8,7,0,21.0,4.0,-345.0,FAIL,BELT_WIRING_LT_15;NONZERO_INTERSECTION;PTO_NOMINAL_LT_13;PTO_RESIDUAL_LT_8;PULLEY_FIXED_LT_10
S1-Y-B-09.0-D-05.0,STAGE_1_Y_POSITION_ONLY,COARSE_1.00_MM,-9.0,0.0,2020_UNCHANGED,20.0,-5.0,-5.0,V008_BASELINE_INWARD,STANDARD_RESERVED,-8.5,-13.5,15.5,10.5,-3.0,10.5,18.0,8.5,290.0,145.0,-145.0,1,0,0,0,0,8,7,0,19.0,4.0,-319.0,FAIL,BELT_WIRING_LT_15;NONZERO_INTERSECTION;PTO_NOMINAL_LT_13;PTO_RESIDUAL_LT_8;PULLEY_FIXED_LT_10
S1-Y-B-09.0-D-04.0,STAGE_1_Y_POSITION_ONLY,COARSE_1.00_MM,-9.0,0.0,2020_UNCHANGED,20.0,-4.0,-4.0,V008_BASELINE_INWARD,STANDARD_RESERVED,-7.5,-12.5,15.5,10.5,-2.0,10.5,16.0,8.5,290.0,145.0,-145.0,1,0,0,0,0,8,7,0,17.0,4.0,-293.0,FAIL,BELT_WIRING_LT_15;NONZERO_INTERSECTION;PTO_NOMINAL_LT_13;PTO_RESIDUAL_LT_8;PULLEY_FIXED_LT_10
S1-Y-B-09.0-D-03.0,STAGE_1_Y_POSITION_ONLY,COARSE_1.00_MM,-9.0,0.0,2020_UNCHANGED,20.0,-3.0,-3.0,V008_BASELINE_INWARD,STANDARD_RESERVED,-6.5,-11.5,15.5,10.5,-1.0,10.5,14.0,8.5,290.0,145.0,-145.0,1,0,0,0,0,8,7,0,15.0,4.0,-267.0,FAIL,BELT_WIRING_LT_15;NONZERO_INTERSECTION;PTO_NOMINAL_LT_13;PTO_RESIDUAL_LT_8;PULLEY_FIXED_LT_10
S1-Y-B-09.0-D-02.0,STAGE_1_Y_POSITION_ONLY,COARSE_1.00_MM,-9.0,0.0,2020_UNCHANGED,20.0,-2.0,-2.0,V008_BASELINE_INWARD,STANDARD_RESERVED,-5.5,-10.5,15.5,10.5,0.0,10.5,12.0,8.5,290.0,145.0,-145.0,1,0,0,0,0,8,7,0,13.0,4.0,-241.0,FAIL,BELT_WIRING_LT_15;NONZERO_INTERSECTION;PTO_NOMINAL_LT_13;PTO_RESIDUAL_LT_8;PULLEY_FIXED_LT_10
S1-Y-B-09.0-D-01.0,STAGE_1_Y_POSITION_ONLY,COARSE_1.00_MM,-9.0,0.0,2020_UNCHANGED,20.0,-1.0,-1.0,V008_BASELINE_INWARD,STANDARD_RESERVED,-4.5,-9.5,15.5,10.5,1.0,10.5,10.0,8.5,290.0,145.0,-145.0,1,0,0,0,0,8,7,0,11.0,4.0,-215.0,FAIL,BELT_WIRING_LT_15;NONZERO_INTERSECTION;PTO_NOMINAL_LT_13;PTO_RESIDUAL_LT_8;PULLEY_FIXED_LT_10
S1-Y-B-09.0-D+00.0,STAGE_1_Y_POSITION_ONLY,COARSE_1.00_MM,-9.0,0.0,2020_UNCHANGED,20.0,0.0,0.0,V008_BASELINE_INWARD,STANDARD_RESERVED,-3.5,-8.5,15.5,10.5,2.0,10.5,8.0,8.5,290.0,145.0,-145.0,1,0,0,0,0,8,7,0,9.0,4.0,-189.0,FAIL,BELT_WIRING_LT_15;NONZERO_INTERSECTION;PTO_NOMINAL_LT_13;PTO_RESIDUAL_LT_8;PULLEY_FIXED_LT_10
S1-Y-B-09.0-D+01.0,STAGE_1_Y_POSITION_ONLY,COARSE_1.00_MM,-9.0,0.0,2020_UNCHANGED,20.0,1.0,1.0,V008_BASELINE_INWARD,STANDARD_RESERVED,-2.5,-7.5,15.5,10.5,3.0,10.5,6.0,8.5,290.0,145.0,-145.0,1,0,0,0,0,8,7,0,11.0,4.0,-175.0,FAIL,BELT_WIRING_LT_15;NONZERO_INTERSECTION;PTO_NOMINAL_LT_13;PTO_RESIDUAL_LT_8;PULLEY_FIXED_LT_10
S1-Y-B-09.0-D+02.0,STAGE_1_Y_POSITION_ONLY,COARSE_1.00_MM,-9.0,0.0,2020_UNCHANGED,20.0,2.0,2.0,V008_BASELINE_INWARD,STANDARD_RESERVED,-1.5,-6.5,15.5,10.5,4.0,10.5,4.0,8.5,290.0,145.0,-145.0,1,0,0,0,0,8,7,0,13.0,4.0,-161.0,FAIL,BELT_WIRING_LT_15;NONZERO_INTERSECTION;PTO_NOMINAL_LT_13;PTO_RESIDUAL_LT_8;PULLEY_FIXED_LT_10
S1-Y-B-09.0-D+03.0,STAGE_1_Y_POSITION_ONLY,COARSE_1.00_MM,-9.0,0.0,2020_UNCHANGED,20.0,3.0,3.0,V008_BASELINE_INWARD,STANDARD_RESERVED,-0.5,-5.5,15.5,10.5,5.0,10.5,2.0,8.5,290.0,145.0,-145.0,1,0,0,0,0,8,7,0,15.0,4.0,-147.0,FAIL,BELT_WIRING_LT_15;NONZERO_INTERSECTION;PTO_NOMINAL_LT_13;PTO_RESIDUAL_LT_8;PULLEY_FIXED_LT_10
S1-Y-B-09.0-D+04.0,STAGE_1_Y_POSITION_ONLY,COARSE_1.00_MM,-9.0,0.0,2020_UNCHANGED,20.0,4.0,4.0,V008_BASELINE_INWARD,STANDARD_RESERVED,0.5,-4.5,15.5,10.5,6.0,10.5,0.0,8.5,290.0,145.0,-145.0,0,0,0,0,0,8,7,0,17.0,4.0,-133.0,FAIL,BELT_WIRING_LT_15;PTO_NOMINAL_LT_13;PTO_RESIDUAL_LT_8;PULLEY_FIXED_LT_10
S1-Y-B-09.0-D+05.0,STAGE_1_Y_POSITION_ONLY,COARSE_1.00_MM,-9.0,0.0,2020_UNCHANGED,20.0,5.0,5.0,V008_BASELINE_INWARD,STANDARD_RESERVED,1.5,-3.5,15.5,10.5,7.0,10.5,-2.0,8.5,290.0,145.0,-145.0,0,0,0,0,0,8,7,0,19.0,4.0,-119.0,FAIL,BELT_WIRING_LT_15;LEFT_RIGHT_INNER_SUPPORT_COLLISION;PTO_NOMINAL_LT_13;PTO_RESIDUAL_LT_8;PULLEY_FIXED_LT_10
S1-Y-B-09.0-D+06.0,STAGE_1_Y_POSITION_ONLY,COARSE_1.00_MM,-9.0,0.0,2020_UNCHANGED,20.0,6.0,6.0,V008_BASELINE_INWARD,STANDARD_RESERVED,2.5,-2.5,15.5,10.5,8.0,10.5,-4.0,8.5,290.0,145.0,-145.0,0,0,0,0,0,8,7,0,21.0,4.0,-105.0,FAIL,BELT_WIRING_LT_15;LEFT_RIGHT_INNER_SUPPORT_COLLISION;PTO_NOMINAL_LT_13;PTO_RESIDUAL_LT_8;PULLEY_FIXED_LT_10
S1-Y-B-09.0-D+07.0,STAGE_1_Y_POSITION_ONLY,COARSE_1.00_MM,-9.0,0.0,2020_UNCHANGED,20.0,7.0,7.0,V008_BASELINE_INWARD,STANDARD_RESERVED,3.5,-1.5,15.5,10.5,9.0,10.5,-6.0,8.5,290.0,145.0,-145.0,0,0,0,0,0,8,7,0,23.0,4.0,-91.0,FAIL,BELT_WIRING_LT_15;LEFT_RIGHT_INNER_SUPPORT_COLLISION;PTO_NOMINAL_LT_13;PTO_RESIDUAL_LT_8;PULLEY_FIXED_LT_10
S1-Y-B-09.0-D+08.0,STAGE_1_Y_POSITION_ONLY,COARSE_1.00_MM,-9.0,0.0,2020_UNCHANGED,20.0,8.0,8.0,V008_BASELINE_INWARD,STANDARD_RESERVED,4.5,-0.5,15.5,10.5,10.0,10.5,-8.0,8.5,290.0,145.0,-145.0,0,0,0,0,0,8,7,0,25.0,4.0,-77.0,FAIL,BELT_WIRING_LT_15;LEFT_RIGHT_INNER_SUPPORT_COLLISION;PTO_NOMINAL_LT_13;PTO_RESIDUAL_LT_8
S1-Y-B-09.0-D+09.0,STAGE_1_Y_POSITION_ONLY,COARSE_1.00_MM,-9.0,0.0,2020_UNCHANGED,20.0,9.0,9.0,V008_BASELINE_INWARD,STANDARD_RESERVED,5.5,0.5,15.5,10.5,11.0,10.5,-10.0,8.5,290.0,145.0,-145.0,0,0,0,0,0,8,7,0,27.0,4.0,-63.0,FAIL,BELT_WIRING_LT_15;LEFT_RIGHT_INNER_SUPPORT_COLLISION;PTO_NOMINAL_LT_13;PTO_RESIDUAL_LT_8
S1-Y-B-09.0-D+10.0,STAGE_1_Y_POSITION_ONLY,COARSE_1.00_MM,-9.0,0.0,2020_UNCHANGED,20.0,10.0,10.0,V008_BASELINE_INWARD,STANDARD_RESERVED,6.5,1.5,15.5,10.5,12.0,10.5,-12.0,8.5,290.0,145.0,-145.0,0,0,0,0,0,8,7,0,29.0,4.0,-49.0,FAIL,BELT_WIRING_LT_15;LEFT_RIGHT_INNER_SUPPORT_COLLISION;PTO_NOMINAL_LT_13;PTO_RESIDUAL_LT_8
S1-Y-B-08.0-D-10.0,STAGE_1_Y_POSITION_ONLY,COARSE_1.00_MM,-8.0,0.0,2020_UNCHANGED,20.0,-10.0,-10.0,V008_BASELINE_INWARD,STANDARD_RESERVED,-12.5,-17.5,15.5,10.5,-7.0,11.5,28.0,8.5,290.0,145.0,-145.0,1,0,0,0,0,8,7,0,28.0,4.0,-426.0,FAIL,BELT_WIRING_LT_15;NONZERO_INTERSECTION;PTO_NOMINAL_LT_13;PTO_RESIDUAL_LT_8;PULLEY_FIXED_LT_10
S1-Y-B-08.0-D-09.0,STAGE_1_Y_POSITION_ONLY,COARSE_1.00_MM,-8.0,0.0,2020_UNCHANGED,20.0,-9.0,-9.0,V008_BASELINE_INWARD,STANDARD_RESERVED,-11.5,-16.5,15.5,10.5,-6.0,11.5,26.0,8.5,290.0,145.0,-145.0,1,0,0,0,0,8,7,0,26.0,4.0,-400.0,FAIL,BELT_WIRING_LT_15;NONZERO_INTERSECTION;PTO_NOMINAL_LT_13;PTO_RESIDUAL_LT_8;PULLEY_FIXED_LT_10
S1-Y-B-08.0-D-08.0,STAGE_1_Y_POSITION_ONLY,COARSE_1.00_MM,-8.0,0.0,2020_UNCHANGED,20.0,-8.0,-8.0,V008_BASELINE_INWARD,STANDARD_RESERVED,-10.5,-15.5,15.5,10.5,-5.0,11.5,24.0,8.5,290.0,145.0,-145.0,1,0,0,0,0,8,7,0,24.0,4.0,-374.0,FAIL,BELT_WIRING_LT_15;NONZERO_INTERSECTION;PTO_NOMINAL_LT_13;PTO_RESIDUAL_LT_8;PULLEY_FIXED_LT_10
S1-Y-B-08.0-D-07.0,STAGE_1_Y_POSITION_ONLY,COARSE_1.00_MM,-8.0,0.0,2020_UNCHANGED,20.0,-7.0,-7.0,V008_BASELINE_INWARD,STANDARD_RESERVED,-9.5,-14.5,15.5,10.5,-4.0,11.5,22.0,8.5,290.0,145.0,-145.0,1,0,0,0,0,8,7,0,22.0,4.0,-348.0,FAIL,BELT_WIRING_LT_15;NONZERO_INTERSECTION;PTO_NOMINAL_LT_13;PTO_RESIDUAL_LT_8;PULLEY_FIXED_LT_10
S1-Y-B-08.0-D-06.0,STAGE_1_Y_POSITION_ONLY,COARSE_1.00_MM,-8.0,0.0,2020_UNCHANGED,20.0,-6.0,-6.0,V008_BASELINE_INWARD,STANDARD_RESERVED,-8.5,-13.5,15.5,10.5,-3.0,11.5,20.0,8.5,290.0,145.0,-145.0,1,0,0,0,0,8,7,0,20.0,4.0,-322.0,FAIL,BELT_WIRING_LT_15;NONZERO_INTERSECTION;PTO_NOMINAL_LT_13;PTO_RESIDUAL_LT_8;PULLEY_FIXED_LT_10
S1-Y-B-08.0-D-05.0,STAGE_1_Y_POSITION_ONLY,COARSE_1.00_MM,-8.0,0.0,2020_UNCHANGED,20.0,-5.0,-5.0,V008_BASELINE_INWARD,STANDARD_RESERVED,-7.5,-12.5,15.5,10.5,-2.0,11.5,18.0,8.5,290.0,145.0,-145.0,1,0,0,0,0,8,7,0,18.0,4.0,-296.0,FAIL,BELT_WIRING_LT_15;NONZERO_INTERSECTION;PTO_NOMINAL_LT_13;PTO_RESIDUAL_LT_8;PULLEY_FIXED_LT_10
S1-Y-B-08.0-D-04.0,STAGE_1_Y_POSITION_ONLY,COARSE_1.00_MM,-8.0,0.0,2020_UNCHANGED,20.0,-4.0,-4.0,V008_BASELINE_INWARD,STANDARD_RESERVED,-6.5,-11.5,15.5,10.5,-1.0,11.5,16.0,8.5,290.0,145.0,-145.0,1,0,0,0,0,8,7,0,16.0,4.0,-270.0,FAIL,BELT_WIRING_LT_15;NONZERO_INTERSECTION;PTO_NOMINAL_LT_13;PTO_RESIDUAL_LT_8;PULLEY_FIXED_LT_10
S1-Y-B-08.0-D-03.0,STAGE_1_Y_POSITION_ONLY,COARSE_1.00_MM,-8.0,0.0,2020_UNCHANGED,20.0,-3.0,-3.0,V008_BASELINE_INWARD,STANDARD_RESERVED,-5.5,-10.5,15.5,10.5,0.0,11.5,14.0,8.5,290.0,145.0,-145.0,1,0,0,0,0,8,7,0,14.0,4.0,-244.0,FAIL,BELT_WIRING_LT_15;NONZERO_INTERSECTION;PTO_NOMINAL_LT_13;PTO_RESIDUAL_LT_8;PULLEY_FIXED_LT_10
S1-Y-B-08.0-D-02.0,STAGE_1_Y_POSITION_ONLY,COARSE_1.00_MM,-8.0,0.0,2020_UNCHANGED,20.0,-2.0,-2.0,V008_BASELINE_INWARD,STANDARD_RESERVED,-4.5,-9.5,15.5,10.5,1.0,11.5,12.0,8.5,290.0,145.0,-145.0,1,0,0,0,0,8,7,0,12.0,4.0,-218.0,FAIL,BELT_WIRING_LT_15;NONZERO_INTERSECTION;PTO_NOMINAL_LT_13;PTO_RESIDUAL_LT_8;PULLEY_FIXED_LT_10
S1-Y-B-08.0-D-01.0,STAGE_1_Y_POSITION_ONLY,COARSE_1.00_MM,-8.0,0.0,2020_UNCHANGED,20.0,-1.0,-1.0,V008_BASELINE_INWARD,STANDARD_RESERVED,-3.5,-8.5,15.5,10.5,2.0,11.5,10.0,8.5,290.0,145.0,-145.0,1,0,0,0,0,8,7,0,10.0,4.0,-192.0,FAIL,BELT_WIRING_LT_15;NONZERO_INTERSECTION;PTO_NOMINAL_LT_13;PTO_RESIDUAL_LT_8;PULLEY_FIXED_LT_10
S1-Y-B-08.0-D+00.0,STAGE_1_Y_POSITION_ONLY,COARSE_1.00_MM,-8.0,0.0,2020_UNCHANGED,20.0,0.0,0.0,V008_BASELINE_INWARD,STANDARD_RESERVED,-2.5,-7.5,15.5,10.5,3.0,11.5,8.0,8.5,290.0,145.0,-145.0,1,0,0,0,0,8,7,0,8.0,4.0,-166.0,FAIL,BELT_WIRING_LT_15;NONZERO_INTERSECTION;PTO_NOMINAL_LT_13;PTO_RESIDUAL_LT_8;PULLEY_FIXED_LT_10
S1-Y-B-08.0-D+01.0,STAGE_1_Y_POSITION_ONLY,COARSE_1.00_MM,-8.0,0.0,2020_UNCHANGED,20.0,1.0,1.0,V008_BASELINE_INWARD,STANDARD_RESERVED,-1.5,-6.5,15.5,10.5,4.0,11.5,6.0,8.5,290.0,145.0,-145.0,1,0,0,0,0,8,7,0,10.0,4.0,-152.0,FAIL,BELT_WIRING_LT_15;NONZERO_INTERSECTION;PTO_NOMINAL_LT_13;PTO_RESIDUAL_LT_8;PULLEY_FIXED_LT_10
S1-Y-B-08.0-D+02.0,STAGE_1_Y_POSITION_ONLY,COARSE_1.00_MM,-8.0,0.0,2020_UNCHANGED,20.0,2.0,2.0,V008_BASELINE_INWARD,STANDARD_RESERVED,-0.5,-5.5,15.5,10.5,5.0,11.5,4.0,8.5,290.0,145.0,-145.0,1,0,0,0,0,8,7,0,12.0,4.0,-138.0,FAIL,BELT_WIRING_LT_15;NONZERO_INTERSECTION;PTO_NOMINAL_LT_13;PTO_RESIDUAL_LT_8;PULLEY_FIXED_LT_10
S1-Y-B-08.0-D+03.0,STAGE_1_Y_POSITION_ONLY,COARSE_1.00_MM,-8.0,0.0,2020_UNCHANGED,20.0,3.0,3.0,V008_BASELINE_INWARD,STANDARD_RESERVED,0.5,-4.5,15.5,10.5,6.0,11.5,2.0,8.5,290.0,145.0,-145.0,0,0,0,0,0,8,7,0,14.0,4.0,-124.0,FAIL,BELT_WIRING_LT_15;PTO_NOMINAL_LT_13;PTO_RESIDUAL_LT_8;PULLEY_FIXED_LT_10
S1-Y-B-08.0-D+04.0,STAGE_1_Y_POSITION_ONLY,COARSE_1.00_MM,-8.0,0.0,2020_UNCHANGED,20.0,4.0,4.0,V008_BASELINE_INWARD,STANDARD_RESERVED,1.5,-3.5,15.5,10.5,7.0,11.5,0.0,8.5,290.0,145.0,-145.0,0,0,0,0,0,8,7,0,16.0,4.0,-110.0,FAIL,BELT_WIRING_LT_15;PTO_NOMINAL_LT_13;PTO_RESIDUAL_LT_8;PULLEY_FIXED_LT_10
S1-Y-B-08.0-D+05.0,STAGE_1_Y_POSITION_ONLY,COARSE_1.00_MM,-8.0,0.0,2020_UNCHANGED,20.0,5.0,5.0,V008_BASELINE_INWARD,STANDARD_RESERVED,2.5,-2.5,15.5,10.5,8.0,11.5,-2.0,8.5,290.0,145.0,-145.0,0,0,0,0,0,8,7,0,18.0,4.0,-96.0,FAIL,BELT_WIRING_LT_15;LEFT_RIGHT_INNER_SUPPORT_COLLISION;PTO_NOMINAL_LT_13;PTO_RESIDUAL_LT_8;PULLEY_FIXED_LT_10
S1-Y-B-08.0-D+06.0,STAGE_1_Y_POSITION_ONLY,COARSE_1.00_MM,-8.0,0.0,2020_UNCHANGED,20.0,6.0,6.0,V008_BASELINE_INWARD,STANDARD_RESERVED,3.5,-1.5,15.5,10.5,9.0,11.5,-4.0,8.5,290.0,145.0,-145.0,0,0,0,0,0,8,7,0,20.0,4.0,-82.0,FAIL,BELT_WIRING_LT_15;LEFT_RIGHT_INNER_SUPPORT_COLLISION;PTO_NOMINAL_LT_13;PTO_RESIDUAL_LT_8;PULLEY_FIXED_LT_10
S1-Y-B-08.0-D+07.0,STAGE_1_Y_POSITION_ONLY,COARSE_1.00_MM,-8.0,0.0,2020_UNCHANGED,20.0,7.0,7.0,V008_BASELINE_INWARD,STANDARD_RESERVED,4.5,-0.5,15.5,10.5,10.0,11.5,-6.0,8.5,290.0,145.0,-145.0,0,0,0,0,0,8,7,0,22.0,4.0,-68.0,FAIL,BELT_WIRING_LT_15;LEFT_RIGHT_INNER_SUPPORT_COLLISION;PTO_NOMINAL_LT_13;PTO_RESIDUAL_LT_8
S1-Y-B-08.0-D+08.0,STAGE_1_Y_POSITION_ONLY,COARSE_1.00_MM,-8.0,0.0,2020_UNCHANGED,20.0,8.0,8.0,V008_BASELINE_INWARD,STANDARD_RESERVED,5.5,0.5,15.5,10.5,11.0,11.5,-8.0,8.5,290.0,145.0,-145.0,0,0,0,0,0,8,7,0,24.0,4.0,-54.0,FAIL,BELT_WIRING_LT_15;LEFT_RIGHT_INNER_SUPPORT_COLLISION;PTO_NOMINAL_LT_13;PTO_RESIDUAL_LT_8
S1-Y-B-08.0-D+09.0,STAGE_1_Y_POSITION_ONLY,COARSE_1.00_MM,-8.0,0.0,2020_UNCHANGED,20.0,9.0,9.0,V008_BASELINE_INWARD,STANDARD_RESERVED,6.5,1.5,15.5,10.5,12.0,11.5,-10.0,8.5,290.0,145.0,-145.0,0,0,0,0,0,8,7,0,26.0,4.0,-40.0,FAIL,BELT_WIRING_LT_15;LEFT_RIGHT_INNER_SUPPORT_COLLISION;PTO_NOMINAL_LT_13;PTO_RESIDUAL_LT_8
S1-Y-B-08.0-D+10.0,STAGE_1_Y_POSITION_ONLY,COARSE_1.00_MM,-8.0,0.0,2020_UNCHANGED,20.0,10.0,10.0,V008_BASELINE_INWARD,STANDARD_RESERVED,7.5,2.5,15.5,10.5,13.0,11.5,-12.0,8.5,290.0,145.0,-145.0,0,0,0,0,0,8,7,0,28.0,4.0,-26.0,FAIL,BELT_WIRING_LT_15;LEFT_RIGHT_INNER_SUPPORT_COLLISION;PTO_NOMINAL_LT_13;PTO_RESIDUAL_LT_8
S1-Y-B-07.0-D-10.0,STAGE_1_Y_POSITION_ONLY,COARSE_1.00_MM,-7.0,0.0,2020_UNCHANGED,20.0,-10.0,-10.0,V008_BASELINE_INWARD,STANDARD_RESERVED,-11.5,-16.5,15.5,10.5,-6.0,12.5,28.0,8.5,290.0,145.0,-145.0,1,0,0,0,0,8,7,0,27.0,4.0,-403.0,FAIL,BELT_WIRING_LT_15;NONZERO_INTERSECTION;PTO_NOMINAL_LT_13;PTO_RESIDUAL_LT_8;PULLEY_FIXED_LT_10
S1-Y-B-07.0-D-09.0,STAGE_1_Y_POSITION_ONLY,COARSE_1.00_MM,-7.0,0.0,2020_UNCHANGED,20.0,-9.0,-9.0,V008_BASELINE_INWARD,STANDARD_RESERVED,-10.5,-15.5,15.5,10.5,-5.0,12.5,26.0,8.5,290.0,145.0,-145.0,1,0,0,0,0,8,7,0,25.0,4.0,-377.0,FAIL,BELT_WIRING_LT_15;NONZERO_INTERSECTION;PTO_NOMINAL_LT_13;PTO_RESIDUAL_LT_8;PULLEY_FIXED_LT_10
S1-Y-B-07.0-D-08.0,STAGE_1_Y_POSITION_ONLY,COARSE_1.00_MM,-7.0,0.0,2020_UNCHANGED,20.0,-8.0,-8.0,V008_BASELINE_INWARD,STANDARD_RESERVED,-9.5,-14.5,15.5,10.5,-4.0,12.5,24.0,8.5,290.0,145.0,-145.0,1,0,0,0,0,8,7,0,23.0,4.0,-351.0,FAIL,BELT_WIRING_LT_15;NONZERO_INTERSECTION;PTO_NOMINAL_LT_13;PTO_RESIDUAL_LT_8;PULLEY_FIXED_LT_10
S1-Y-B-07.0-D-07.0,STAGE_1_Y_POSITION_ONLY,COARSE_1.00_MM,-7.0,0.0,2020_UNCHANGED,20.0,-7.0,-7.0,V008_BASELINE_INWARD,STANDARD_RESERVED,-8.5,-13.5,15.5,10.5,-3.0,12.5,22.0,8.5,290.0,145.0,-145.0,1,0,0,0,0,8,7,0,21.0,4.0,-325.0,FAIL,BELT_WIRING_LT_15;NONZERO_INTERSECTION;PTO_NOMINAL_LT_13;PTO_RESIDUAL_LT_8;PULLEY_FIXED_LT_10
S1-Y-B-07.0-D-06.0,STAGE_1_Y_POSITION_ONLY,COARSE_1.00_MM,-7.0,0.0,2020_UNCHANGED,20.0,-6.0,-6.0,V008_BASELINE_INWARD,STANDARD_RESERVED,-7.5,-12.5,15.5,10.5,-2.0,12.5,20.0,8.5,290.0,145.0,-145.0,1,0,0,0,0,8,7,0,19.0,4.0,-299.0,FAIL,BELT_WIRING_LT_15;NONZERO_INTERSECTION;PTO_NOMINAL_LT_13;PTO_RESIDUAL_LT_8;PULLEY_FIXED_LT_10
S1-Y-B-07.0-D-05.0,STAGE_1_Y_POSITION_ONLY,COARSE_1.00_MM,-7.0,0.0,2020_UNCHANGED,20.0,-5.0,-5.0,V008_BASELINE_INWARD,STANDARD_RESERVED,-6.5,-11.5,15.5,10.5,-1.0,12.5,18.0,8.5,290.0,145.0,-145.0,1,0,0,0,0,8,7,0,17.0,4.0,-273.0,FAIL,BELT_WIRING_LT_15;NONZERO_INTERSECTION;PTO_NOMINAL_LT_13;PTO_RESIDUAL_LT_8;PULLEY_FIXED_LT_10
S1-Y-B-07.0-D-04.0,STAGE_1_Y_POSITION_ONLY,COARSE_1.00_MM,-7.0,0.0,2020_UNCHANGED,20.0,-4.0,-4.0,V008_BASELINE_INWARD,STANDARD_RESERVED,-5.5,-10.5,15.5,10.5,0.0,12.5,16.0,8.5,290.0,145.0,-145.0,1,0,0,0,0,8,7,0,15.0,4.0,-247.0,FAIL,BELT_WIRING_LT_15;NONZERO_INTERSECTION;PTO_NOMINAL_LT_13;PTO_RESIDUAL_LT_8;PULLEY_FIXED_LT_10
S1-Y-B-07.0-D-03.0,STAGE_1_Y_POSITION_ONLY,COARSE_1.00_MM,-7.0,0.0,2020_UNCHANGED,20.0,-3.0,-3.0,V008_BASELINE_INWARD,STANDARD_RESERVED,-4.5,-9.5,15.5,10.5,1.0,12.5,14.0,8.5,290.0,145.0,-145.0,1,0,0,0,0,8,7,0,13.0,4.0,-221.0,FAIL,BELT_WIRING_LT_15;NONZERO_INTERSECTION;PTO_NOMINAL_LT_13;PTO_RESIDUAL_LT_8;PULLEY_FIXED_LT_10
S1-Y-B-07.0-D-02.0,STAGE_1_Y_POSITION_ONLY,COARSE_1.00_MM,-7.0,0.0,2020_UNCHANGED,20.0,-2.0,-2.0,V008_BASELINE_INWARD,STANDARD_RESERVED,-3.5,-8.5,15.5,10.5,2.0,12.5,12.0,8.5,290.0,145.0,-145.0,1,0,0,0,0,8,7,0,11.0,4.0,-195.0,FAIL,BELT_WIRING_LT_15;NONZERO_INTERSECTION;PTO_NOMINAL_LT_13;PTO_RESIDUAL_LT_8;PULLEY_FIXED_LT_10
S1-Y-B-07.0-D-01.0,STAGE_1_Y_POSITION_ONLY,COARSE_1.00_MM,-7.0,0.0,2020_UNCHANGED,20.0,-1.0,-1.0,V008_BASELINE_INWARD,STANDARD_RESERVED,-2.5,-7.5,15.5,10.5,3.0,12.5,10.0,8.5,290.0,145.0,-145.0,1,0,0,0,0,8,7,0,9.0,4.0,-169.0,FAIL,BELT_WIRING_LT_15;NONZERO_INTERSECTION;PTO_NOMINAL_LT_13;PTO_RESIDUAL_LT_8;PULLEY_FIXED_LT_10
S1-Y-B-07.0-D+00.0,STAGE_1_Y_POSITION_ONLY,COARSE_1.00_MM,-7.0,0.0,2020_UNCHANGED,20.0,0.0,0.0,V008_BASELINE_INWARD,STANDARD_RESERVED,-1.5,-6.5,15.5,10.5,4.0,12.5,8.0,8.5,290.0,145.0,-145.0,1,0,0,0,0,8,7,0,7.0,4.0,-143.0,FAIL,BELT_WIRING_LT_15;NONZERO_INTERSECTION;PTO_NOMINAL_LT_13;PTO_RESIDUAL_LT_8;PULLEY_FIXED_LT_10
S1-Y-B-07.0-D+01.0,STAGE_1_Y_POSITION_ONLY,COARSE_1.00_MM,-7.0,0.0,2020_UNCHANGED,20.0,1.0,1.0,V008_BASELINE_INWARD,STANDARD_RESERVED,-0.5,-5.5,15.5,10.5,5.0,12.5,6.0,8.5,290.0,145.0,-145.0,1,0,0,0,0,8,7,0,9.0,4.0,-129.0,FAIL,BELT_WIRING_LT_15;NONZERO_INTERSECTION;PTO_NOMINAL_LT_13;PTO_RESIDUAL_LT_8;PULLEY_FIXED_LT_10
S1-Y-B-07.0-D+02.0,STAGE_1_Y_POSITION_ONLY,COARSE_1.00_MM,-7.0,0.0,2020_UNCHANGED,20.0,2.0,2.0,V008_BASELINE_INWARD,STANDARD_RESERVED,0.5,-4.5,15.5,10.5,6.0,12.5,4.0,8.5,290.0,145.0,-145.0,0,0,0,0,0,8,7,0,11.0,4.0,-115.0,FAIL,BELT_WIRING_LT_15;PTO_NOMINAL_LT_13;PTO_RESIDUAL_LT_8;PULLEY_FIXED_LT_10
S1-Y-B-07.0-D+03.0,STAGE_1_Y_POSITION_ONLY,COARSE_1.00_MM,-7.0,0.0,2020_UNCHANGED,20.0,3.0,3.0,V008_BASELINE_INWARD,STANDARD_RESERVED,1.5,-3.5,15.5,10.5,7.0,12.5,2.0,8.5,290.0,145.0,-145.0,0,0,0,0,0,8,7,0,13.0,4.0,-101.0,FAIL,BELT_WIRING_LT_15;PTO_NOMINAL_LT_13;PTO_RESIDUAL_LT_8;PULLEY_FIXED_LT_10
S1-Y-B-07.0-D+04.0,STAGE_1_Y_POSITION_ONLY,COARSE_1.00_MM,-7.0,0.0,2020_UNCHANGED,20.0,4.0,4.0,V008_BASELINE_INWARD,STANDARD_RESERVED,2.5,-2.5,15.5,10.5,8.0,12.5,0.0,8.5,290.0,145.0,-145.0,0,0,0,0,0,8,7,0,15.0,4.0,-87.0,FAIL,BELT_WIRING_LT_15;PTO_NOMINAL_LT_13;PTO_RESIDUAL_LT_8;PULLEY_FIXED_LT_10
S1-Y-B-07.0-D+05.0,STAGE_1_Y_POSITION_ONLY,COARSE_1.00_MM,-7.0,0.0,2020_UNCHANGED,20.0,5.0,5.0,V008_BASELINE_INWARD,STANDARD_RESERVED,3.5,-1.5,15.5,10.5,9.0,12.5,-2.0,8.5,290.0,145.0,-145.0,0,0,0,0,0,8,7,0,17.0,4.0,-73.0,FAIL,BELT_WIRING_LT_15;LEFT_RIGHT_INNER_SUPPORT_COLLISION;PTO_NOMINAL_LT_13;PTO_RESIDUAL_LT_8;PULLEY_FIXED_LT_10
S1-Y-B-07.0-D+06.0,STAGE_1_Y_POSITION_ONLY,COARSE_1.00_MM,-7.0,0.0,2020_UNCHANGED,20.0,6.0,6.0,V008_BASELINE_INWARD,STANDARD_RESERVED,4.5,-0.5,15.5,10.5,10.0,12.5,-4.0,8.5,290.0,145.0,-145.0,0,0,0,0,0,8,7,0,19.0,4.0,-59.0,FAIL,BELT_WIRING_LT_15;LEFT_RIGHT_INNER_SUPPORT_COLLISION;PTO_NOMINAL_LT_13;PTO_RESIDUAL_LT_8
S1-Y-B-07.0-D+07.0,STAGE_1_Y_POSITION_ONLY,COARSE_1.00_MM,-7.0,0.0,2020_UNCHANGED,20.0,7.0,7.0,V008_BASELINE_INWARD,STANDARD_RESERVED,5.5,0.5,15.5,10.5,11.0,12.5,-6.0,8.5,290.0,145.0,-145.0,0,0,0,0,0,8,7,0,21.0,4.0,-45.0,FAIL,BELT_WIRING_LT_15;LEFT_RIGHT_INNER_SUPPORT_COLLISION;PTO_NOMINAL_LT_13;PTO_RESIDUAL_LT_8
S1-Y-B-07.0-D+08.0,STAGE_1_Y_POSITION_ONLY,COARSE_1.00_MM,-7.0,0.0,2020_UNCHANGED,20.0,8.0,8.0,V008_BASELINE_INWARD,STANDARD_RESERVED,6.5,1.5,15.5,10.5,12.0,12.5,-8.0,8.5,290.0,145.0,-145.0,0,0,0,0,0,8,7,0,23.0,4.0,-31.0,FAIL,BELT_WIRING_LT_15;LEFT_RIGHT_INNER_SUPPORT_COLLISION;PTO_NOMINAL_LT_13;PTO_RESIDUAL_LT_8
S1-Y-B-07.0-D+09.0,STAGE_1_Y_POSITION_ONLY,COARSE_1.00_MM,-7.0,0.0,2020_UNCHANGED,20.0,9.0,9.0,V008_BASELINE_INWARD,STANDARD_RESERVED,7.5,2.5,15.5,10.5,13.0,12.5,-10.0,8.5,290.0,145.0,-145.0,0,0,0,0,0,8,7,0,25.0,4.0,-17.0,FAIL,BELT_WIRING_LT_15;LEFT_RIGHT_INNER_SUPPORT_COLLISION;PTO_NOMINAL_LT_13;PTO_RESIDUAL_LT_8
S1-Y-B-07.0-D+10.0,STAGE_1_Y_POSITION_ONLY,COARSE_1.00_MM,-7.0,0.0,2020_UNCHANGED,20.0,10.0,10.0,V008_BASELINE_INWARD,STANDARD_RESERVED,8.5,3.5,15.5,10.5,14.0,12.5,-12.0,8.5,290.0,145.0,-145.0,0,0,0,0,0,8,7,0,27.0,4.0,-3.0,FAIL,BELT_WIRING_LT_15;LEFT_RIGHT_INNER_SUPPORT_COLLISION;PTO_NOMINAL_LT_13;PTO_RESIDUAL_LT_8
S1-Y-B-06.0-D-10.0,STAGE_1_Y_POSITION_ONLY,COARSE_1.00_MM,-6.0,0.0,2020_UNCHANGED,20.0,-10.0,-10.0,V008_BASELINE_INWARD,STANDARD_RESERVED,-10.5,-15.5,15.5,10.5,-5.0,13.5,28.0,8.5,290.0,145.0,-145.0,1,0,0,0,0,8,7,0,26.0,4.0,-380.0,FAIL,BELT_WIRING_LT_15;NONZERO_INTERSECTION;PTO_NOMINAL_LT_13;PTO_RESIDUAL_LT_8;PULLEY_FIXED_LT_10
S1-Y-B-06.0-D-09.0,STAGE_1_Y_POSITION_ONLY,COARSE_1.00_MM,-6.0,0.0,2020_UNCHANGED,20.0,-9.0,-9.0,V008_BASELINE_INWARD,STANDARD_RESERVED,-9.5,-14.5,15.5,10.5,-4.0,13.5,26.0,8.5,290.0,145.0,-145.0,1,0,0,0,0,8,7,0,24.0,4.0,-354.0,FAIL,BELT_WIRING_LT_15;NONZERO_INTERSECTION;PTO_NOMINAL_LT_13;PTO_RESIDUAL_LT_8;PULLEY_FIXED_LT_10
S1-Y-B-06.0-D-08.0,STAGE_1_Y_POSITION_ONLY,COARSE_1.00_MM,-6.0,0.0,2020_UNCHANGED,20.0,-8.0,-8.0,V008_BASELINE_INWARD,STANDARD_RESERVED,-8.5,-13.5,15.5,10.5,-3.0,13.5,24.0,8.5,290.0,145.0,-145.0,1,0,0,0,0,8,7,0,22.0,4.0,-328.0,FAIL,BELT_WIRING_LT_15;NONZERO_INTERSECTION;PTO_NOMINAL_LT_13;PTO_RESIDUAL_LT_8;PULLEY_FIXED_LT_10
S1-Y-B-06.0-D-07.0,STAGE_1_Y_POSITION_ONLY,COARSE_1.00_MM,-6.0,0.0,2020_UNCHANGED,20.0,-7.0,-7.0,V008_BASELINE_INWARD,STANDARD_RESERVED,-7.5,-12.5,15.5,10.5,-2.0,13.5,22.0,8.5,290.0,145.0,-145.0,1,0,0,0,0,8,7,0,20.0,4.0,-302.0,FAIL,BELT_WIRING_LT_15;NONZERO_INTERSECTION;PTO_NOMINAL_LT_13;PTO_RESIDUAL_LT_8;PULLEY_FIXED_LT_10
S1-Y-B-06.0-D-06.0,STAGE_1_Y_POSITION_ONLY,COARSE_1.00_MM,-6.0,0.0,2020_UNCHANGED,20.0,-6.0,-6.0,V008_BASELINE_INWARD,STANDARD_RESERVED,-6.5,-11.5,15.5,10.5,-1.0,13.5,20.0,8.5,290.0,145.0,-145.0,1,0,0,0,0,8,7,0,18.0,4.0,-276.0,FAIL,BELT_WIRING_LT_15;NONZERO_INTERSECTION;PTO_NOMINAL_LT_13;PTO_RESIDUAL_LT_8;PULLEY_FIXED_LT_10
S1-Y-B-06.0-D-05.0,STAGE_1_Y_POSITION_ONLY,COARSE_1.00_MM,-6.0,0.0,2020_UNCHANGED,20.0,-5.0,-5.0,V008_BASELINE_INWARD,STANDARD_RESERVED,-5.5,-10.5,15.5,10.5,0.0,13.5,18.0,8.5,290.0,145.0,-145.0,1,0,0,0,0,8,7,0,16.0,4.0,-250.0,FAIL,BELT_WIRING_LT_15;NONZERO_INTERSECTION;PTO_NOMINAL_LT_13;PTO_RESIDUAL_LT_8;PULLEY_FIXED_LT_10
S1-Y-B-06.0-D-04.0,STAGE_1_Y_POSITION_ONLY,COARSE_1.00_MM,-6.0,0.0,2020_UNCHANGED,20.0,-4.0,-4.0,V008_BASELINE_INWARD,STANDARD_RESERVED,-4.5,-9.5,15.5,10.5,1.0,13.5,16.0,8.5,290.0,145.0,-145.0,1,0,0,0,0,8,7,0,14.0,4.0,-224.0,FAIL,BELT_WIRING_LT_15;NONZERO_INTERSECTION;PTO_NOMINAL_LT_13;PTO_RESIDUAL_LT_8;PULLEY_FIXED_LT_10
S1-Y-B-06.0-D-03.0,STAGE_1_Y_POSITION_ONLY,COARSE_1.00_MM,-6.0,0.0,2020_UNCHANGED,20.0,-3.0,-3.0,V008_BASELINE_INWARD,STANDARD_RESERVED,-3.5,-8.5,15.5,10.5,2.0,13.5,14.0,8.5,290.0,145.0,-145.0,1,0,0,0,0,8,7,0,12.0,4.0,-198.0,FAIL,BELT_WIRING_LT_15;NONZERO_INTERSECTION;PTO_NOMINAL_LT_13;PTO_RESIDUAL_LT_8;PULLEY_FIXED_LT_10
S1-Y-B-06.0-D-02.0,STAGE_1_Y_POSITION_ONLY,COARSE_1.00_MM,-6.0,0.0,2020_UNCHANGED,20.0,-2.0,-2.0,V008_BASELINE_INWARD,STANDARD_RESERVED,-2.5,-7.5,15.5,10.5,3.0,13.5,12.0,8.5,290.0,145.0,-145.0,1,0,0,0,0,8,7,0,10.0,4.0,-172.0,FAIL,BELT_WIRING_LT_15;NONZERO_INTERSECTION;PTO_NOMINAL_LT_13;PTO_RESIDUAL_LT_8;PULLEY_FIXED_LT_10
S1-Y-B-06.0-D-01.0,STAGE_1_Y_POSITION_ONLY,COARSE_1.00_MM,-6.0,0.0,2020_UNCHANGED,20.0,-1.0,-1.0,V008_BASELINE_INWARD,STANDARD_RESERVED,-1.5,-6.5,15.5,10.5,4.0,13.5,10.0,8.5,290.0,145.0,-145.0,1,0,0,0,0,8,7,0,8.0,4.0,-146.0,FAIL,BELT_WIRING_LT_15;NONZERO_INTERSECTION;PTO_NOMINAL_LT_13;PTO_RESIDUAL_LT_8;PULLEY_FIXED_LT_10
S1-Y-B-06.0-D+00.0,STAGE_1_Y_POSITION_ONLY,COARSE_1.00_MM,-6.0,0.0,2020_UNCHANGED,20.0,0.0,0.0,V008_BASELINE_INWARD,STANDARD_RESERVED,-0.5,-5.5,15.5,10.5,5.0,13.5,8.0,8.5,290.0,145.0,-145.0,1,0,0,0,0,8,7,0,6.0,4.0,-120.0,FAIL,BELT_WIRING_LT_15;NONZERO_INTERSECTION;PTO_NOMINAL_LT_13;PTO_RESIDUAL_LT_8;PULLEY_FIXED_LT_10
S1-Y-B-06.0-D+01.0,STAGE_1_Y_POSITION_ONLY,COARSE_1.00_MM,-6.0,0.0,2020_UNCHANGED,20.0,1.0,1.0,V008_BASELINE_INWARD,STANDARD_RESERVED,0.5,-4.5,15.5,10.5,6.0,13.5,6.0,8.5,290.0,145.0,-145.0,0,0,0,0,0,8,7,0,8.0,4.0,-106.0,FAIL,BELT_WIRING_LT_15;PTO_NOMINAL_LT_13;PTO_RESIDUAL_LT_8;PULLEY_FIXED_LT_10
S1-Y-B-06.0-D+02.0,STAGE_1_Y_POSITION_ONLY,COARSE_1.00_MM,-6.0,0.0,2020_UNCHANGED,20.0,2.0,2.0,V008_BASELINE_INWARD,STANDARD_RESERVED,1.5,-3.5,15.5,10.5,7.0,13.5,4.0,8.5,290.0,145.0,-145.0,0,0,0,0,0,8,7,0,10.0,4.0,-92.0,FAIL,BELT_WIRING_LT_15;PTO_NOMINAL_LT_13;PTO_RESIDUAL_LT_8;PULLEY_FIXED_LT_10
S1-Y-B-06.0-D+03.0,STAGE_1_Y_POSITION_ONLY,COARSE_1.00_MM,-6.0,0.0,2020_UNCHANGED,20.0,3.0,3.0,V008_BASELINE_INWARD,STANDARD_RESERVED,2.5,-2.5,15.5,10.5,8.0,13.5,2.0,8.5,290.0,145.0,-145.0,0,0,0,0,0,8,7,0,12.0,4.0,-78.0,FAIL,BELT_WIRING_LT_15;PTO_NOMINAL_LT_13;PTO_RESIDUAL_LT_8;PULLEY_FIXED_LT_10
S1-Y-B-06.0-D+04.0,STAGE_1_Y_POSITION_ONLY,COARSE_1.00_MM,-6.0,0.0,2020_UNCHANGED,20.0,4.0,4.0,V008_BASELINE_INWARD,STANDARD_RESERVED,3.5,-1.5,15.5,10.5,9.0,13.5,0.0,8.5,290.0,145.0,-145.0,0,0,0,0,0,8,7,0,14.0,4.0,-64.0,FAIL,BELT_WIRING_LT_15;PTO_NOMINAL_LT_13;PTO_RESIDUAL_LT_8;PULLEY_FIXED_LT_10
S1-Y-B-06.0-D+05.0,STAGE_1_Y_POSITION_ONLY,COARSE_1.00_MM,-6.0,0.0,2020_UNCHANGED,20.0,5.0,5.0,V008_BASELINE_INWARD,STANDARD_RESERVED,4.5,-0.5,15.5,10.5,10.0,13.5,-2.0,8.5,290.0,145.0,-145.0,0,0,0,0,0,8,7,0,16.0,4.0,-50.0,FAIL,BELT_WIRING_LT_15;LEFT_RIGHT_INNER_SUPPORT_COLLISION;PTO_NOMINAL_LT_13;PTO_RESIDUAL_LT_8
S1-Y-B-06.0-D+06.0,STAGE_1_Y_POSITION_ONLY,COARSE_1.00_MM,-6.0,0.0,2020_UNCHANGED,20.0,6.0,6.0,V008_BASELINE_INWARD,STANDARD_RESERVED,5.5,0.5,15.5,10.5,11.0,13.5,-4.0,8.5,290.0,145.0,-145.0,0,0,0,0,0,8,7,0,18.0,4.0,-36.0,FAIL,BELT_WIRING_LT_15;LEFT_RIGHT_INNER_SUPPORT_COLLISION;PTO_NOMINAL_LT_13;PTO_RESIDUAL_LT_8
S1-Y-B-06.0-D+07.0,STAGE_1_Y_POSITION_ONLY,COARSE_1.00_MM,-6.0,0.0,2020_UNCHANGED,20.0,7.0,7.0,V008_BASELINE_INWARD,STANDARD_RESERVED,6.5,1.5,15.5,10.5,12.0,13.5,-6.0,8.5,290.0,145.0,-145.0,0,0,0,0,0,8,7,0,20.0,4.0,-22.0,FAIL,BELT_WIRING_LT_15;LEFT_RIGHT_INNER_SUPPORT_COLLISION;PTO_NOMINAL_LT_13;PTO_RESIDUAL_LT_8
S1-Y-B-06.0-D+08.0,STAGE_1_Y_POSITION_ONLY,COARSE_1.00_MM,-6.0,0.0,2020_UNCHANGED,20.0,8.0,8.0,V008_BASELINE_INWARD,STANDARD_RESERVED,7.5,2.5,15.5,10.5,13.0,13.5,-8.0,8.5,290.0,145.0,-145.0,0,0,0,0,0,8,7,0,22.0,4.0,-8.0,FAIL,BELT_WIRING_LT_15;LEFT_RIGHT_INNER_SUPPORT_COLLISION;PTO_NOMINAL_LT_13;PTO_RESIDUAL_LT_8
S1-Y-B-06.0-D+09.0,STAGE_1_Y_POSITION_ONLY,COARSE_1.00_MM,-6.0,0.0,2020_UNCHANGED,20.0,9.0,9.0,V008_BASELINE_INWARD,STANDARD_RESERVED,8.5,3.5,15.5,10.5,14.0,13.5,-10.0,8.5,290.0,145.0,-145.0,0,0,0,0,0,8,7,0,24.0,4.0,6.0,FAIL,BELT_WIRING_LT_15;LEFT_RIGHT_INNER_SUPPORT_COLLISION;PTO_NOMINAL_LT_13;PTO_RESIDUAL_LT_8
S1-Y-B-06.0-D+10.0,STAGE_1_Y_POSITION_ONLY,COARSE_1.00_MM,-6.0,0.0,2020_UNCHANGED,20.0,10.0,10.0,V008_BASELINE_INWARD,STANDARD_RESERVED,9.5,4.5,15.5,10.5,15.0,13.5,-12.0,8.5,290.0,145.0,-145.0,0,0,0,0,0,8,7,0,26.0,4.0,20.0,FAIL,BELT_WIRING_LT_15;LEFT_RIGHT_INNER_SUPPORT_COLLISION;PTO_NOMINAL_LT_13;PTO_RESIDUAL_LT_8
S1-Y-B-05.0-D-10.0,STAGE_1_Y_POSITION_ONLY,COARSE_1.00_MM,-5.0,0.0,2020_UNCHANGED,20.0,-10.0,-10.0,V008_BASELINE_INWARD,STANDARD_RESERVED,-9.5,-14.5,15.5,10.5,-4.0,14.5,28.0,8.5,290.0,145.0,-145.0,1,0,0,0,0,8,7,0,25.0,4.0,-357.0,FAIL,BELT_WIRING_LT_15;NONZERO_INTERSECTION;PTO_NOMINAL_LT_13;PTO_RESIDUAL_LT_8;PULLEY_FIXED_LT_10
S1-Y-B-05.0-D-09.0,STAGE_1_Y_POSITION_ONLY,COARSE_1.00_MM,-5.0,0.0,2020_UNCHANGED,20.0,-9.0,-9.0,V008_BASELINE_INWARD,STANDARD_RESERVED,-8.5,-13.5,15.5,10.5,-3.0,14.5,26.0,8.5,290.0,145.0,-145.0,1,0,0,0,0,8,7,0,23.0,4.0,-331.0,FAIL,BELT_WIRING_LT_15;NONZERO_INTERSECTION;PTO_NOMINAL_LT_13;PTO_RESIDUAL_LT_8;PULLEY_FIXED_LT_10
S1-Y-B-05.0-D-08.0,STAGE_1_Y_POSITION_ONLY,COARSE_1.00_MM,-5.0,0.0,2020_UNCHANGED,20.0,-8.0,-8.0,V008_BASELINE_INWARD,STANDARD_RESERVED,-7.5,-12.5,15.5,10.5,-2.0,14.5,24.0,8.5,290.0,145.0,-145.0,1,0,0,0,0,8,7,0,21.0,4.0,-305.0,FAIL,BELT_WIRING_LT_15;NONZERO_INTERSECTION;PTO_NOMINAL_LT_13;PTO_RESIDUAL_LT_8;PULLEY_FIXED_LT_10
S1-Y-B-05.0-D-07.0,STAGE_1_Y_POSITION_ONLY,COARSE_1.00_MM,-5.0,0.0,2020_UNCHANGED,20.0,-7.0,-7.0,V008_BASELINE_INWARD,STANDARD_RESERVED,-6.5,-11.5,15.5,10.5,-1.0,14.5,22.0,8.5,290.0,145.0,-145.0,1,0,0,0,0,8,7,0,19.0,4.0,-279.0,FAIL,BELT_WIRING_LT_15;NONZERO_INTERSECTION;PTO_NOMINAL_LT_13;PTO_RESIDUAL_LT_8;PULLEY_FIXED_LT_10
S1-Y-B-05.0-D-06.0,STAGE_1_Y_POSITION_ONLY,COARSE_1.00_MM,-5.0,0.0,2020_UNCHANGED,20.0,-6.0,-6.0,V008_BASELINE_INWARD,STANDARD_RESERVED,-5.5,-10.5,15.5,10.5,0.0,14.5,20.0,8.5,290.0,145.0,-145.0,1,0,0,0,0,8,7,0,17.0,4.0,-253.0,FAIL,BELT_WIRING_LT_15;NONZERO_INTERSECTION;PTO_NOMINAL_LT_13;PTO_RESIDUAL_LT_8;PULLEY_FIXED_LT_10
S1-Y-B-05.0-D-05.0,STAGE_1_Y_POSITION_ONLY,COARSE_1.00_MM,-5.0,0.0,2020_UNCHANGED,20.0,-5.0,-5.0,V008_BASELINE_INWARD,STANDARD_RESERVED,-4.5,-9.5,15.5,10.5,1.0,14.5,18.0,8.5,290.0,145.0,-145.0,1,0,0,0,0,8,7,0,15.0,4.0,-227.0,FAIL,BELT_WIRING_LT_15;NONZERO_INTERSECTION;PTO_NOMINAL_LT_13;PTO_RESIDUAL_LT_8;PULLEY_FIXED_LT_10
S1-Y-B-05.0-D-04.0,STAGE_1_Y_POSITION_ONLY,COARSE_1.00_MM,-5.0,0.0,2020_UNCHANGED,20.0,-4.0,-4.0,V008_BASELINE_INWARD,STANDARD_RESERVED,-3.5,-8.5,15.5,10.5,2.0,14.5,16.0,8.5,290.0,145.0,-145.0,1,0,0,0,0,8,7,0,13.0,4.0,-201.0,FAIL,BELT_WIRING_LT_15;NONZERO_INTERSECTION;PTO_NOMINAL_LT_13;PTO_RESIDUAL_LT_8;PULLEY_FIXED_LT_10
S1-Y-B-05.0-D-03.0,STAGE_1_Y_POSITION_ONLY,COARSE_1.00_MM,-5.0,0.0,2020_UNCHANGED,20.0,-3.0,-3.0,V008_BASELINE_INWARD,STANDARD_RESERVED,-2.5,-7.5,15.5,10.5,3.0,14.5,14.0,8.5,290.0,145.0,-145.0,1,0,0,0,0,8,7,0,11.0,4.0,-175.0,FAIL,BELT_WIRING_LT_15;NONZERO_INTERSECTION;PTO_NOMINAL_LT_13;PTO_RESIDUAL_LT_8;PULLEY_FIXED_LT_10
S1-Y-B-05.0-D-02.0,STAGE_1_Y_POSITION_ONLY,COARSE_1.00_MM,-5.0,0.0,2020_UNCHANGED,20.0,-2.0,-2.0,V008_BASELINE_INWARD,STANDARD_RESERVED,-1.5,-6.5,15.5,10.5,4.0,14.5,12.0,8.5,290.0,145.0,-145.0,1,0,0,0,0,8,7,0,9.0,4.0,-149.0,FAIL,BELT_WIRING_LT_15;NONZERO_INTERSECTION;PTO_NOMINAL_LT_13;PTO_RESIDUAL_LT_8;PULLEY_FIXED_LT_10
S1-Y-B-05.0-D-01.0,STAGE_1_Y_POSITION_ONLY,COARSE_1.00_MM,-5.0,0.0,2020_UNCHANGED,20.0,-1.0,-1.0,V008_BASELINE_INWARD,STANDARD_RESERVED,-0.5,-5.5,15.5,10.5,5.0,14.5,10.0,8.5,290.0,145.0,-145.0,1,0,0,0,0,8,7,0,7.0,4.0,-123.0,FAIL,BELT_WIRING_LT_15;NONZERO_INTERSECTION;PTO_NOMINAL_LT_13;PTO_RESIDUAL_LT_8;PULLEY_FIXED_LT_10
S1-Y-B-05.0-D+00.0,STAGE_1_Y_POSITION_ONLY,COARSE_1.00_MM,-5.0,0.0,2020_UNCHANGED,20.0,0.0,0.0,V008_BASELINE_INWARD,STANDARD_RESERVED,0.5,-4.5,15.5,10.5,6.0,14.5,8.0,8.5,290.0,145.0,-145.0,0,0,0,0,0,8,7,0,5.0,4.0,-97.0,FAIL,BELT_WIRING_LT_15;PTO_NOMINAL_LT_13;PTO_RESIDUAL_LT_8;PULLEY_FIXED_LT_10
S1-Y-B-05.0-D+01.0,STAGE_1_Y_POSITION_ONLY,COARSE_1.00_MM,-5.0,0.0,2020_UNCHANGED,20.0,1.0,1.0,V008_BASELINE_INWARD,STANDARD_RESERVED,1.5,-3.5,15.5,10.5,7.0,14.5,6.0,8.5,290.0,145.0,-145.0,0,0,0,0,0,8,7,0,7.0,4.0,-83.0,FAIL,BELT_WIRING_LT_15;PTO_NOMINAL_LT_13;PTO_RESIDUAL_LT_8;PULLEY_FIXED_LT_10
S1-Y-B-05.0-D+02.0,STAGE_1_Y_POSITION_ONLY,COARSE_1.00_MM,-5.0,0.0,2020_UNCHANGED,20.0,2.0,2.0,V008_BASELINE_INWARD,STANDARD_RESERVED,2.5,-2.5,15.5,10.5,8.0,14.5,4.0,8.5,290.0,145.0,-145.0,0,0,0,0,0,8,7,0,9.0,4.0,-69.0,FAIL,BELT_WIRING_LT_15;PTO_NOMINAL_LT_13;PTO_RESIDUAL_LT_8;PULLEY_FIXED_LT_10
S1-Y-B-05.0-D+03.0,STAGE_1_Y_POSITION_ONLY,COARSE_1.00_MM,-5.0,0.0,2020_UNCHANGED,20.0,3.0,3.0,V008_BASELINE_INWARD,STANDARD_RESERVED,3.5,-1.5,15.5,10.5,9.0,14.5,2.0,8.5,290.0,145.0,-145.0,0,0,0,0,0,8,7,0,11.0,4.0,-55.0,FAIL,BELT_WIRING_LT_15;PTO_NOMINAL_LT_13;PTO_RESIDUAL_LT_8;PULLEY_FIXED_LT_10
S1-Y-B-05.0-D+04.0,STAGE_1_Y_POSITION_ONLY,COARSE_1.00_MM,-5.0,0.0,2020_UNCHANGED,20.0,4.0,4.0,V008_BASELINE_INWARD,STANDARD_RESERVED,4.5,-0.5,15.5,10.5,10.0,14.5,0.0,8.5,290.0,145.0,-145.0,0,0,0,0,0,8,7,0,13.0,4.0,-41.0,FAIL,BELT_WIRING_LT_15;PTO_NOMINAL_LT_13;PTO_RESIDUAL_LT_8
S1-Y-B-05.0-D+05.0,STAGE_1_Y_POSITION_ONLY,COARSE_1.00_MM,-5.0,0.0,2020_UNCHANGED,20.0,5.0,5.0,V008_BASELINE_INWARD,STANDARD_RESERVED,5.5,0.5,15.5,10.5,11.0,14.5,-2.0,8.5,290.0,145.0,-145.0,0,0,0,0,0,8,7,0,15.0,4.0,-27.0,FAIL,BELT_WIRING_LT_15;LEFT_RIGHT_INNER_SUPPORT_COLLISION;PTO_NOMINAL_LT_13;PTO_RESIDUAL_LT_8
S1-Y-B-05.0-D+06.0,STAGE_1_Y_POSITION_ONLY,COARSE_1.00_MM,-5.0,0.0,2020_UNCHANGED,20.0,6.0,6.0,V008_BASELINE_INWARD,STANDARD_RESERVED,6.5,1.5,15.5,10.5,12.0,14.5,-4.0,8.5,290.0,145.0,-145.0,0,0,0,0,0,8,7,0,17.0,4.0,-13.0,FAIL,BELT_WIRING_LT_15;LEFT_RIGHT_INNER_SUPPORT_COLLISION;PTO_NOMINAL_LT_13;PTO_RESIDUAL_LT_8
S1-Y-B-05.0-D+07.0,STAGE_1_Y_POSITION_ONLY,COARSE_1.00_MM,-5.0,0.0,2020_UNCHANGED,20.0,7.0,7.0,V008_BASELINE_INWARD,STANDARD_RESERVED,7.5,2.5,15.5,10.5,13.0,14.5,-6.0,8.5,290.0,145.0,-145.0,0,0,0,0,0,8,7,0,19.0,4.0,1.0,FAIL,BELT_WIRING_LT_15;LEFT_RIGHT_INNER_SUPPORT_COLLISION;PTO_NOMINAL_LT_13;PTO_RESIDUAL_LT_8
S1-Y-B-05.0-D+08.0,STAGE_1_Y_POSITION_ONLY,COARSE_1.00_MM,-5.0,0.0,2020_UNCHANGED,20.0,8.0,8.0,V008_BASELINE_INWARD,STANDARD_RESERVED,8.5,3.5,15.5,10.5,14.0,14.5,-8.0,8.5,290.0,145.0,-145.0,0,0,0,0,0,8,7,0,21.0,4.0,15.0,FAIL,BELT_WIRING_LT_15;LEFT_RIGHT_INNER_SUPPORT_COLLISION;PTO_NOMINAL_LT_13;PTO_RESIDUAL_LT_8
S1-Y-B-05.0-D+09.0,STAGE_1_Y_POSITION_ONLY,COARSE_1.00_MM,-5.0,0.0,2020_UNCHANGED,20.0,9.0,9.0,V008_BASELINE_INWARD,STANDARD_RESERVED,9.5,4.5,15.5,10.5,15.0,14.5,-10.0,8.5,290.0,145.0,-145.0,0,0,0,0,0,8,7,0,23.0,4.0,29.0,FAIL,BELT_WIRING_LT_15;LEFT_RIGHT_INNER_SUPPORT_COLLISION;PTO_NOMINAL_LT_13;PTO_RESIDUAL_LT_8
S1-Y-B-05.0-D+10.0,STAGE_1_Y_POSITION_ONLY,COARSE_1.00_MM,-5.0,0.0,2020_UNCHANGED,20.0,10.0,10.0,V008_BASELINE_INWARD,STANDARD_RESERVED,10.5,5.5,15.5,10.5,16.0,14.5,-12.0,8.5,290.0,145.0,-145.0,0,0,0,0,0,8,7,0,25.0,4.0,43.0,FAIL,BELT_WIRING_LT_15;LEFT_RIGHT_INNER_SUPPORT_COLLISION;PTO_NOMINAL_LT_13;PTO_RESIDUAL_LT_8
S1-Y-B-04.0-D-10.0,STAGE_1_Y_POSITION_ONLY,COARSE_1.00_MM,-4.0,0.0,2020_UNCHANGED,20.0,-10.0,-10.0,V008_BASELINE_INWARD,STANDARD_RESERVED,-8.5,-13.5,15.5,10.5,-3.0,15.5,28.0,8.5,290.0,145.0,-145.0,1,1,0,0,0,8,7,0,24.0,4.0,-334.0,FAIL,NONZERO_INTERSECTION;PTO_NOMINAL_LT_13;PTO_RESIDUAL_LT_8;PULLEY_FIXED_LT_10
S1-Y-B-04.0-D-09.0,STAGE_1_Y_POSITION_ONLY,COARSE_1.00_MM,-4.0,0.0,2020_UNCHANGED,20.0,-9.0,-9.0,V008_BASELINE_INWARD,STANDARD_RESERVED,-7.5,-12.5,15.5,10.5,-2.0,15.5,26.0,8.5,290.0,145.0,-145.0,1,0,0,0,0,8,7,0,22.0,4.0,-308.0,FAIL,NONZERO_INTERSECTION;PTO_NOMINAL_LT_13;PTO_RESIDUAL_LT_8;PULLEY_FIXED_LT_10
S1-Y-B-04.0-D-08.0,STAGE_1_Y_POSITION_ONLY,COARSE_1.00_MM,-4.0,0.0,2020_UNCHANGED,20.0,-8.0,-8.0,V008_BASELINE_INWARD,STANDARD_RESERVED,-6.5,-11.5,15.5,10.5,-1.0,15.5,24.0,8.5,290.0,145.0,-145.0,1,0,0,0,0,8,7,0,20.0,4.0,-282.0,FAIL,NONZERO_INTERSECTION;PTO_NOMINAL_LT_13;PTO_RESIDUAL_LT_8;PULLEY_FIXED_LT_10
S1-Y-B-04.0-D-07.0,STAGE_1_Y_POSITION_ONLY,COARSE_1.00_MM,-4.0,0.0,2020_UNCHANGED,20.0,-7.0,-7.0,V008_BASELINE_INWARD,STANDARD_RESERVED,-5.5,-10.5,15.5,10.5,0.0,15.5,22.0,8.5,290.0,145.0,-145.0,1,0,0,0,0,8,7,0,18.0,4.0,-256.0,FAIL,NONZERO_INTERSECTION;PTO_NOMINAL_LT_13;PTO_RESIDUAL_LT_8;PULLEY_FIXED_LT_10
S1-Y-B-04.0-D-06.0,STAGE_1_Y_POSITION_ONLY,COARSE_1.00_MM,-4.0,0.0,2020_UNCHANGED,20.0,-6.0,-6.0,V008_BASELINE_INWARD,STANDARD_RESERVED,-4.5,-9.5,15.5,10.5,1.0,15.5,20.0,8.5,290.0,145.0,-145.0,1,0,0,0,0,8,7,0,16.0,4.0,-230.0,FAIL,NONZERO_INTERSECTION;PTO_NOMINAL_LT_13;PTO_RESIDUAL_LT_8;PULLEY_FIXED_LT_10
S1-Y-B-04.0-D-05.0,STAGE_1_Y_POSITION_ONLY,COARSE_1.00_MM,-4.0,0.0,2020_UNCHANGED,20.0,-5.0,-5.0,V008_BASELINE_INWARD,STANDARD_RESERVED,-3.5,-8.5,15.5,10.5,2.0,15.5,18.0,8.5,290.0,145.0,-145.0,1,0,0,0,0,8,7,0,14.0,4.0,-204.0,FAIL,NONZERO_INTERSECTION;PTO_NOMINAL_LT_13;PTO_RESIDUAL_LT_8;PULLEY_FIXED_LT_10
S1-Y-B-04.0-D-04.0,STAGE_1_Y_POSITION_ONLY,COARSE_1.00_MM,-4.0,0.0,2020_UNCHANGED,20.0,-4.0,-4.0,V008_BASELINE_INWARD,STANDARD_RESERVED,-2.5,-7.5,15.5,10.5,3.0,15.5,16.0,8.5,290.0,145.0,-145.0,1,0,0,0,0,8,7,0,12.0,4.0,-178.0,FAIL,NONZERO_INTERSECTION;PTO_NOMINAL_LT_13;PTO_RESIDUAL_LT_8;PULLEY_FIXED_LT_10
S1-Y-B-04.0-D-03.0,STAGE_1_Y_POSITION_ONLY,COARSE_1.00_MM,-4.0,0.0,2020_UNCHANGED,20.0,-3.0,-3.0,V008_BASELINE_INWARD,STANDARD_RESERVED,-1.5,-6.5,15.5,10.5,4.0,15.5,14.0,8.5,290.0,145.0,-145.0,1,0,0,0,0,8,7,0,10.0,4.0,-152.0,FAIL,NONZERO_INTERSECTION;PTO_NOMINAL_LT_13;PTO_RESIDUAL_LT_8;PULLEY_FIXED_LT_10
S1-Y-B-04.0-D-02.0,STAGE_1_Y_POSITION_ONLY,COARSE_1.00_MM,-4.0,0.0,2020_UNCHANGED,20.0,-2.0,-2.0,V008_BASELINE_INWARD,STANDARD_RESERVED,-0.5,-5.5,15.5,10.5,5.0,15.5,12.0,8.5,290.0,145.0,-145.0,1,0,0,0,0,8,7,0,8.0,4.0,-126.0,FAIL,NONZERO_INTERSECTION;PTO_NOMINAL_LT_13;PTO_RESIDUAL_LT_8;PULLEY_FIXED_LT_10
S1-Y-B-04.0-D-01.0,STAGE_1_Y_POSITION_ONLY,COARSE_1.00_MM,-4.0,0.0,2020_UNCHANGED,20.0,-1.0,-1.0,V008_BASELINE_INWARD,STANDARD_RESERVED,0.5,-4.5,15.5,10.5,6.0,15.5,10.0,8.5,290.0,145.0,-145.0,0,0,0,0,0,8,7,0,6.0,4.0,-100.0,FAIL,PTO_NOMINAL_LT_13;PTO_RESIDUAL_LT_8;PULLEY_FIXED_LT_10
S1-Y-B-04.0-D+00.0,STAGE_1_Y_POSITION_ONLY,COARSE_1.00_MM,-4.0,0.0,2020_UNCHANGED,20.0,0.0,0.0,V008_BASELINE_INWARD,STANDARD_RESERVED,1.5,-3.5,15.5,10.5,7.0,15.5,8.0,8.5,290.0,145.0,-145.0,0,0,0,0,0,8,7,0,4.0,4.0,-74.0,FAIL,PTO_NOMINAL_LT_13;PTO_RESIDUAL_LT_8;PULLEY_FIXED_LT_10
S1-Y-B-04.0-D+01.0,STAGE_1_Y_POSITION_ONLY,COARSE_1.00_MM,-4.0,0.0,2020_UNCHANGED,20.0,1.0,1.0,V008_BASELINE_INWARD,STANDARD_RESERVED,2.5,-2.5,15.5,10.5,8.0,15.5,6.0,8.5,290.0,145.0,-145.0,0,0,0,0,0,8,7,0,6.0,4.0,-60.0,FAIL,PTO_NOMINAL_LT_13;PTO_RESIDUAL_LT_8;PULLEY_FIXED_LT_10
S1-Y-B-04.0-D+02.0,STAGE_1_Y_POSITION_ONLY,COARSE_1.00_MM,-4.0,0.0,2020_UNCHANGED,20.0,2.0,2.0,V008_BASELINE_INWARD,STANDARD_RESERVED,3.5,-1.5,15.5,10.5,9.0,15.5,4.0,8.5,290.0,145.0,-145.0,0,0,0,0,0,8,7,0,8.0,4.0,-46.0,FAIL,PTO_NOMINAL_LT_13;PTO_RESIDUAL_LT_8;PULLEY_FIXED_LT_10
S1-Y-B-04.0-D+03.0,STAGE_1_Y_POSITION_ONLY,COARSE_1.00_MM,-4.0,0.0,2020_UNCHANGED,20.0,3.0,3.0,V008_BASELINE_INWARD,STANDARD_RESERVED,4.5,-0.5,15.5,10.5,10.0,15.5,2.0,8.5,290.0,145.0,-145.0,0,0,0,0,0,8,7,0,10.0,4.0,-32.0,FAIL,PTO_NOMINAL_LT_13;PTO_RESIDUAL_LT_8
S1-Y-B-04.0-D+04.0,STAGE_1_Y_POSITION_ONLY,COARSE_1.00_MM,-4.0,0.0,2020_UNCHANGED,20.0,4.0,4.0,V008_BASELINE_INWARD,STANDARD_RESERVED,5.5,0.5,15.5,10.5,11.0,15.5,0.0,8.5,290.0,145.0,-145.0,0,0,0,0,0,8,7,0,12.0,4.0,-18.0,FAIL,PTO_NOMINAL_LT_13;PTO_RESIDUAL_LT_8
S1-Y-B-04.0-D+05.0,STAGE_1_Y_POSITION_ONLY,COARSE_1.00_MM,-4.0,0.0,2020_UNCHANGED,20.0,5.0,5.0,V008_BASELINE_INWARD,STANDARD_RESERVED,6.5,1.5,15.5,10.5,12.0,15.5,-2.0,8.5,290.0,145.0,-145.0,0,0,0,0,0,8,7,0,14.0,4.0,-4.0,FAIL,LEFT_RIGHT_INNER_SUPPORT_COLLISION;PTO_NOMINAL_LT_13;PTO_RESIDUAL_LT_8
S1-Y-B-04.0-D+06.0,STAGE_1_Y_POSITION_ONLY,COARSE_1.00_MM,-4.0,0.0,2020_UNCHANGED,20.0,6.0,6.0,V008_BASELINE_INWARD,STANDARD_RESERVED,7.5,2.5,15.5,10.5,13.0,15.5,-4.0,8.5,290.0,145.0,-145.0,0,0,0,0,0,8,7,0,16.0,4.0,10.0,FAIL,LEFT_RIGHT_INNER_SUPPORT_COLLISION;PTO_NOMINAL_LT_13;PTO_RESIDUAL_LT_8
S1-Y-B-04.0-D+07.0,STAGE_1_Y_POSITION_ONLY,COARSE_1.00_MM,-4.0,0.0,2020_UNCHANGED,20.0,7.0,7.0,V008_BASELINE_INWARD,STANDARD_RESERVED,8.5,3.5,15.5,10.5,14.0,15.5,-6.0,8.5,290.0,145.0,-145.0,0,0,0,0,0,8,7,0,18.0,4.0,24.0,FAIL,LEFT_RIGHT_INNER_SUPPORT_COLLISION;PTO_NOMINAL_LT_13;PTO_RESIDUAL_LT_8
S1-Y-B-04.0-D+08.0,STAGE_1_Y_POSITION_ONLY,COARSE_1.00_MM,-4.0,0.0,2020_UNCHANGED,20.0,8.0,8.0,V008_BASELINE_INWARD,STANDARD_RESERVED,9.5,4.5,15.5,10.5,15.0,15.5,-8.0,8.5,290.0,145.0,-145.0,0,0,0,0,0,8,7,0,20.0,4.0,38.0,FAIL,LEFT_RIGHT_INNER_SUPPORT_COLLISION;PTO_NOMINAL_LT_13;PTO_RESIDUAL_LT_8
S1-Y-B-04.0-D+09.0,STAGE_1_Y_POSITION_ONLY,COARSE_1.00_MM,-4.0,0.0,2020_UNCHANGED,20.0,9.0,9.0,V008_BASELINE_INWARD,STANDARD_RESERVED,10.5,5.5,15.5,10.5,16.0,15.5,-10.0,8.5,290.0,145.0,-145.0,0,0,0,0,0,8,7,0,22.0,4.0,52.0,FAIL,LEFT_RIGHT_INNER_SUPPORT_COLLISION;PTO_NOMINAL_LT_13;PTO_RESIDUAL_LT_8
S1-Y-B-04.0-D+10.0,STAGE_1_Y_POSITION_ONLY,COARSE_1.00_MM,-4.0,0.0,2020_UNCHANGED,20.0,10.0,10.0,V008_BASELINE_INWARD,STANDARD_RESERVED,11.5,6.5,15.5,10.5,17.0,15.5,-12.0,8.5,290.0,145.0,-145.0,0,0,0,0,0,8,7,0,24.0,4.0,66.0,FAIL,LEFT_RIGHT_INNER_SUPPORT_COLLISION;PTO_NOMINAL_LT_13;PTO_RESIDUAL_LT_8
S1-Y-B-03.0-D-10.0,STAGE_1_Y_POSITION_ONLY,COARSE_1.00_MM,-3.0,0.0,2020_UNCHANGED,20.0,-10.0,-10.0,V008_BASELINE_INWARD,STANDARD_RESERVED,-7.5,-12.5,15.5,10.5,-2.0,16.5,28.0,8.5,290.0,145.0,-145.0,1,1,0,0,0,8,7,0,23.0,4.0,-311.0,FAIL,NONZERO_INTERSECTION;PTO_NOMINAL_LT_13;PTO_RESIDUAL_LT_8;PULLEY_FIXED_LT_10
S1-Y-B-03.0-D-09.0,STAGE_1_Y_POSITION_ONLY,COARSE_1.00_MM,-3.0,0.0,2020_UNCHANGED,20.0,-9.0,-9.0,V008_BASELINE_INWARD,STANDARD_RESERVED,-6.5,-11.5,15.5,10.5,-1.0,16.5,26.0,8.5,290.0,145.0,-145.0,1,1,0,0,0,8,7,0,21.0,4.0,-285.0,FAIL,NONZERO_INTERSECTION;PTO_NOMINAL_LT_13;PTO_RESIDUAL_LT_8;PULLEY_FIXED_LT_10
S1-Y-B-03.0-D-08.0,STAGE_1_Y_POSITION_ONLY,COARSE_1.00_MM,-3.0,0.0,2020_UNCHANGED,20.0,-8.0,-8.0,V008_BASELINE_INWARD,STANDARD_RESERVED,-5.5,-10.5,15.5,10.5,0.0,16.5,24.0,8.5,290.0,145.0,-145.0,1,0,0,0,0,8,7,0,19.0,4.0,-259.0,FAIL,NONZERO_INTERSECTION;PTO_NOMINAL_LT_13;PTO_RESIDUAL_LT_8;PULLEY_FIXED_LT_10
S1-Y-B-03.0-D-07.0,STAGE_1_Y_POSITION_ONLY,COARSE_1.00_MM,-3.0,0.0,2020_UNCHANGED,20.0,-7.0,-7.0,V008_BASELINE_INWARD,STANDARD_RESERVED,-4.5,-9.5,15.5,10.5,1.0,16.5,22.0,8.5,290.0,145.0,-145.0,1,0,0,0,0,8,7,0,17.0,4.0,-233.0,FAIL,NONZERO_INTERSECTION;PTO_NOMINAL_LT_13;PTO_RESIDUAL_LT_8;PULLEY_FIXED_LT_10
S1-Y-B-03.0-D-06.0,STAGE_1_Y_POSITION_ONLY,COARSE_1.00_MM,-3.0,0.0,2020_UNCHANGED,20.0,-6.0,-6.0,V008_BASELINE_INWARD,STANDARD_RESERVED,-3.5,-8.5,15.5,10.5,2.0,16.5,20.0,8.5,290.0,145.0,-145.0,1,0,0,0,0,8,7,0,15.0,4.0,-207.0,FAIL,NONZERO_INTERSECTION;PTO_NOMINAL_LT_13;PTO_RESIDUAL_LT_8;PULLEY_FIXED_LT_10
S1-Y-B-03.0-D-05.0,STAGE_1_Y_POSITION_ONLY,COARSE_1.00_MM,-3.0,0.0,2020_UNCHANGED,20.0,-5.0,-5.0,V008_BASELINE_INWARD,STANDARD_RESERVED,-2.5,-7.5,15.5,10.5,3.0,16.5,18.0,8.5,290.0,145.0,-145.0,1,0,0,0,0,8,7,0,13.0,4.0,-181.0,FAIL,NONZERO_INTERSECTION;PTO_NOMINAL_LT_13;PTO_RESIDUAL_LT_8;PULLEY_FIXED_LT_10
S1-Y-B-03.0-D-04.0,STAGE_1_Y_POSITION_ONLY,COARSE_1.00_MM,-3.0,0.0,2020_UNCHANGED,20.0,-4.0,-4.0,V008_BASELINE_INWARD,STANDARD_RESERVED,-1.5,-6.5,15.5,10.5,4.0,16.5,16.0,8.5,290.0,145.0,-145.0,1,0,0,0,0,8,7,0,11.0,4.0,-155.0,FAIL,NONZERO_INTERSECTION;PTO_NOMINAL_LT_13;PTO_RESIDUAL_LT_8;PULLEY_FIXED_LT_10
S1-Y-B-03.0-D-03.0,STAGE_1_Y_POSITION_ONLY,COARSE_1.00_MM,-3.0,0.0,2020_UNCHANGED,20.0,-3.0,-3.0,V008_BASELINE_INWARD,STANDARD_RESERVED,-0.5,-5.5,15.5,10.5,5.0,16.5,14.0,8.5,290.0,145.0,-145.0,1,0,0,0,0,8,7,0,9.0,4.0,-129.0,FAIL,NONZERO_INTERSECTION;PTO_NOMINAL_LT_13;PTO_RESIDUAL_LT_8;PULLEY_FIXED_LT_10
S1-Y-B-03.0-D-02.0,STAGE_1_Y_POSITION_ONLY,COARSE_1.00_MM,-3.0,0.0,2020_UNCHANGED,20.0,-2.0,-2.0,V008_BASELINE_INWARD,STANDARD_RESERVED,0.5,-4.5,15.5,10.5,6.0,16.5,12.0,8.5,290.0,145.0,-145.0,0,0,0,0,0,8,7,0,7.0,4.0,-103.0,FAIL,PTO_NOMINAL_LT_13;PTO_RESIDUAL_LT_8;PULLEY_FIXED_LT_10
S1-Y-B-03.0-D-01.0,STAGE_1_Y_POSITION_ONLY,COARSE_1.00_MM,-3.0,0.0,2020_UNCHANGED,20.0,-1.0,-1.0,V008_BASELINE_INWARD,STANDARD_RESERVED,1.5,-3.5,15.5,10.5,7.0,16.5,10.0,8.5,290.0,145.0,-145.0,0,0,0,0,0,8,7,0,5.0,4.0,-77.0,FAIL,PTO_NOMINAL_LT_13;PTO_RESIDUAL_LT_8;PULLEY_FIXED_LT_10
S1-Y-B-03.0-D+00.0,STAGE_1_Y_POSITION_ONLY,COARSE_1.00_MM,-3.0,0.0,2020_UNCHANGED,20.0,0.0,0.0,V008_BASELINE_INWARD,STANDARD_RESERVED,2.5,-2.5,15.5,10.5,8.0,16.5,8.0,8.5,290.0,145.0,-145.0,0,0,0,0,0,8,7,0,3.0,4.0,-51.0,FAIL,PTO_NOMINAL_LT_13;PTO_RESIDUAL_LT_8;PULLEY_FIXED_LT_10
S1-Y-B-03.0-D+01.0,STAGE_1_Y_POSITION_ONLY,COARSE_1.00_MM,-3.0,0.0,2020_UNCHANGED,20.0,1.0,1.0,V008_BASELINE_INWARD,STANDARD_RESERVED,3.5,-1.5,15.5,10.5,9.0,16.5,6.0,8.5,290.0,145.0,-145.0,0,0,0,0,0,8,7,0,5.0,4.0,-37.0,FAIL,PTO_NOMINAL_LT_13;PTO_RESIDUAL_LT_8;PULLEY_FIXED_LT_10
S1-Y-B-03.0-D+02.0,STAGE_1_Y_POSITION_ONLY,COARSE_1.00_MM,-3.0,0.0,2020_UNCHANGED,20.0,2.0,2.0,V008_BASELINE_INWARD,STANDARD_RESERVED,4.5,-0.5,15.5,10.5,10.0,16.5,4.0,8.5,290.0,145.0,-145.0,0,0,0,0,0,8,7,0,7.0,4.0,-23.0,FAIL,PTO_NOMINAL_LT_13;PTO_RESIDUAL_LT_8
S1-Y-B-03.0-D+03.0,STAGE_1_Y_POSITION_ONLY,COARSE_1.00_MM,-3.0,0.0,2020_UNCHANGED,20.0,3.0,3.0,V008_BASELINE_INWARD,STANDARD_RESERVED,5.5,0.5,15.5,10.5,11.0,16.5,2.0,8.5,290.0,145.0,-145.0,0,0,0,0,0,8,7,0,9.0,4.0,-9.0,FAIL,PTO_NOMINAL_LT_13;PTO_RESIDUAL_LT_8
S1-Y-B-03.0-D+04.0,STAGE_1_Y_POSITION_ONLY,COARSE_1.00_MM,-3.0,0.0,2020_UNCHANGED,20.0,4.0,4.0,V008_BASELINE_INWARD,STANDARD_RESERVED,6.5,1.5,15.5,10.5,12.0,16.5,0.0,8.5,290.0,145.0,-145.0,0,0,0,0,0,8,7,0,11.0,4.0,5.0,FAIL,PTO_NOMINAL_LT_13;PTO_RESIDUAL_LT_8
S1-Y-B-03.0-D+05.0,STAGE_1_Y_POSITION_ONLY,COARSE_1.00_MM,-3.0,0.0,2020_UNCHANGED,20.0,5.0,5.0,V008_BASELINE_INWARD,STANDARD_RESERVED,7.5,2.5,15.5,10.5,13.0,16.5,-2.0,8.5,290.0,145.0,-145.0,0,0,0,0,0,8,7,0,13.0,4.0,19.0,FAIL,LEFT_RIGHT_INNER_SUPPORT_COLLISION;PTO_NOMINAL_LT_13;PTO_RESIDUAL_LT_8
S1-Y-B-03.0-D+06.0,STAGE_1_Y_POSITION_ONLY,COARSE_1.00_MM,-3.0,0.0,2020_UNCHANGED,20.0,6.0,6.0,V008_BASELINE_INWARD,STANDARD_RESERVED,8.5,3.5,15.5,10.5,14.0,16.5,-4.0,8.5,290.0,145.0,-145.0,0,0,0,0,0,8,7,0,15.0,4.0,33.0,FAIL,LEFT_RIGHT_INNER_SUPPORT_COLLISION;PTO_NOMINAL_LT_13;PTO_RESIDUAL_LT_8
S1-Y-B-03.0-D+07.0,STAGE_1_Y_POSITION_ONLY,COARSE_1.00_MM,-3.0,0.0,2020_UNCHANGED,20.0,7.0,7.0,V008_BASELINE_INWARD,STANDARD_RESERVED,9.5,4.5,15.5,10.5,15.0,16.5,-6.0,8.5,290.0,145.0,-145.0,0,0,0,0,0,8,7,0,17.0,4.0,47.0,FAIL,LEFT_RIGHT_INNER_SUPPORT_COLLISION;PTO_NOMINAL_LT_13;PTO_RESIDUAL_LT_8
S1-Y-B-03.0-D+08.0,STAGE_1_Y_POSITION_ONLY,COARSE_1.00_MM,-3.0,0.0,2020_UNCHANGED,20.0,8.0,8.0,V008_BASELINE_INWARD,STANDARD_RESERVED,10.5,5.5,15.5,10.5,16.0,16.5,-8.0,8.5,290.0,145.0,-145.0,0,0,0,0,0,8,7,0,19.0,4.0,61.0,FAIL,LEFT_RIGHT_INNER_SUPPORT_COLLISION;PTO_NOMINAL_LT_13;PTO_RESIDUAL_LT_8
S1-Y-B-03.0-D+09.0,STAGE_1_Y_POSITION_ONLY,COARSE_1.00_MM,-3.0,0.0,2020_UNCHANGED,20.0,9.0,9.0,V008_BASELINE_INWARD,STANDARD_RESERVED,11.5,6.5,15.5,10.5,17.0,16.5,-10.0,8.5,290.0,145.0,-145.0,0,0,0,0,0,8,7,0,21.0,4.0,75.0,FAIL,LEFT_RIGHT_INNER_SUPPORT_COLLISION;PTO_NOMINAL_LT_13;PTO_RESIDUAL_LT_8
S1-Y-B-03.0-D+10.0,STAGE_1_Y_POSITION_ONLY,COARSE_1.00_MM,-3.0,0.0,2020_UNCHANGED,20.0,10.0,10.0,V008_BASELINE_INWARD,STANDARD_RESERVED,12.5,7.5,15.5,10.5,18.0,16.5,-12.0,8.5,290.0,145.0,-145.0,0,0,0,0,0,8,7,0,23.0,4.0,89.0,FAIL,LEFT_RIGHT_INNER_SUPPORT_COLLISION;PTO_NOMINAL_LT_13;PTO_RESIDUAL_LT_8
S1-Y-B-02.0-D-10.0,STAGE_1_Y_POSITION_ONLY,COARSE_1.00_MM,-2.0,0.0,2020_UNCHANGED,20.0,-10.0,-10.0,V008_BASELINE_INWARD,STANDARD_RESERVED,-6.5,-11.5,15.5,10.5,-1.0,17.5,28.0,8.5,290.0,145.0,-145.0,1,1,0,0,0,8,7,0,22.0,4.0,-288.0,FAIL,NONZERO_INTERSECTION;PTO_NOMINAL_LT_13;PTO_RESIDUAL_LT_8;PULLEY_FIXED_LT_10
S1-Y-B-02.0-D-09.0,STAGE_1_Y_POSITION_ONLY,COARSE_1.00_MM,-2.0,0.0,2020_UNCHANGED,20.0,-9.0,-9.0,V008_BASELINE_INWARD,STANDARD_RESERVED,-5.5,-10.5,15.5,10.5,0.0,17.5,26.0,8.5,290.0,145.0,-145.0,1,1,0,0,0,8,7,0,20.0,4.0,-262.0,FAIL,NONZERO_INTERSECTION;PTO_NOMINAL_LT_13;PTO_RESIDUAL_LT_8;PULLEY_FIXED_LT_10
S1-Y-B-02.0-D-08.0,STAGE_1_Y_POSITION_ONLY,COARSE_1.00_MM,-2.0,0.0,2020_UNCHANGED,20.0,-8.0,-8.0,V008_BASELINE_INWARD,STANDARD_RESERVED,-4.5,-9.5,15.5,10.5,1.0,17.5,24.0,8.5,290.0,145.0,-145.0,1,1,0,0,0,8,7,0,18.0,4.0,-236.0,FAIL,NONZERO_INTERSECTION;PTO_NOMINAL_LT_13;PTO_RESIDUAL_LT_8;PULLEY_FIXED_LT_10
S1-Y-B-02.0-D-07.0,STAGE_1_Y_POSITION_ONLY,COARSE_1.00_MM,-2.0,0.0,2020_UNCHANGED,20.0,-7.0,-7.0,V008_BASELINE_INWARD,STANDARD_RESERVED,-3.5,-8.5,15.5,10.5,2.0,17.5,22.0,8.5,290.0,145.0,-145.0,1,0,0,0,0,8,7,0,16.0,4.0,-210.0,FAIL,NONZERO_INTERSECTION;PTO_NOMINAL_LT_13;PTO_RESIDUAL_LT_8;PULLEY_FIXED_LT_10
S1-Y-B-02.0-D-06.0,STAGE_1_Y_POSITION_ONLY,COARSE_1.00_MM,-2.0,0.0,2020_UNCHANGED,20.0,-6.0,-6.0,V008_BASELINE_INWARD,STANDARD_RESERVED,-2.5,-7.5,15.5,10.5,3.0,17.5,20.0,8.5,290.0,145.0,-145.0,1,0,0,0,0,8,7,0,14.0,4.0,-184.0,FAIL,NONZERO_INTERSECTION;PTO_NOMINAL_LT_13;PTO_RESIDUAL_LT_8;PULLEY_FIXED_LT_10
S1-Y-B-02.0-D-05.0,STAGE_1_Y_POSITION_ONLY,COARSE_1.00_MM,-2.0,0.0,2020_UNCHANGED,20.0,-5.0,-5.0,V008_BASELINE_INWARD,STANDARD_RESERVED,-1.5,-6.5,15.5,10.5,4.0,17.5,18.0,8.5,290.0,145.0,-145.0,1,0,0,0,0,8,7,0,12.0,4.0,-158.0,FAIL,NONZERO_INTERSECTION;PTO_NOMINAL_LT_13;PTO_RESIDUAL_LT_8;PULLEY_FIXED_LT_10
S1-Y-B-02.0-D-04.0,STAGE_1_Y_POSITION_ONLY,COARSE_1.00_MM,-2.0,0.0,2020_UNCHANGED,20.0,-4.0,-4.0,V008_BASELINE_INWARD,STANDARD_RESERVED,-0.5,-5.5,15.5,10.5,5.0,17.5,16.0,8.5,290.0,145.0,-145.0,1,0,0,0,0,8,7,0,10.0,4.0,-132.0,FAIL,NONZERO_INTERSECTION;PTO_NOMINAL_LT_13;PTO_RESIDUAL_LT_8;PULLEY_FIXED_LT_10
S1-Y-B-02.0-D-03.0,STAGE_1_Y_POSITION_ONLY,COARSE_1.00_MM,-2.0,0.0,2020_UNCHANGED,20.0,-3.0,-3.0,V008_BASELINE_INWARD,STANDARD_RESERVED,0.5,-4.5,15.5,10.5,6.0,17.5,14.0,8.5,290.0,145.0,-145.0,0,0,0,0,0,8,7,0,8.0,4.0,-106.0,FAIL,PTO_NOMINAL_LT_13;PTO_RESIDUAL_LT_8;PULLEY_FIXED_LT_10
S1-Y-B-02.0-D-02.0,STAGE_1_Y_POSITION_ONLY,COARSE_1.00_MM,-2.0,0.0,2020_UNCHANGED,20.0,-2.0,-2.0,V008_BASELINE_INWARD,STANDARD_RESERVED,1.5,-3.5,15.5,10.5,7.0,17.5,12.0,8.5,290.0,145.0,-145.0,0,0,0,0,0,8,7,0,6.0,4.0,-80.0,FAIL,PTO_NOMINAL_LT_13;PTO_RESIDUAL_LT_8;PULLEY_FIXED_LT_10
S1-Y-B-02.0-D-01.0,STAGE_1_Y_POSITION_ONLY,COARSE_1.00_MM,-2.0,0.0,2020_UNCHANGED,20.0,-1.0,-1.0,V008_BASELINE_INWARD,STANDARD_RESERVED,2.5,-2.5,15.5,10.5,8.0,17.5,10.0,8.5,290.0,145.0,-145.0,0,0,0,0,0,8,7,0,4.0,4.0,-54.0,FAIL,PTO_NOMINAL_LT_13;PTO_RESIDUAL_LT_8;PULLEY_FIXED_LT_10
S1-Y-B-02.0-D+00.0,STAGE_1_Y_POSITION_ONLY,COARSE_1.00_MM,-2.0,0.0,2020_UNCHANGED,20.0,0.0,0.0,V008_BASELINE_INWARD,STANDARD_RESERVED,3.5,-1.5,15.5,10.5,9.0,17.5,8.0,8.5,290.0,145.0,-145.0,0,0,0,0,0,8,7,0,2.0,4.0,-28.0,FAIL,PTO_NOMINAL_LT_13;PTO_RESIDUAL_LT_8;PULLEY_FIXED_LT_10
S1-Y-B-02.0-D+01.0,STAGE_1_Y_POSITION_ONLY,COARSE_1.00_MM,-2.0,0.0,2020_UNCHANGED,20.0,1.0,1.0,V008_BASELINE_INWARD,STANDARD_RESERVED,4.5,-0.5,15.5,10.5,10.0,17.5,6.0,8.5,290.0,145.0,-145.0,0,0,0,0,0,8,7,0,4.0,4.0,-14.0,FAIL,PTO_NOMINAL_LT_13;PTO_RESIDUAL_LT_8
S1-Y-B-02.0-D+02.0,STAGE_1_Y_POSITION_ONLY,COARSE_1.00_MM,-2.0,0.0,2020_UNCHANGED,20.0,2.0,2.0,V008_BASELINE_INWARD,STANDARD_RESERVED,5.5,0.5,15.5,10.5,11.0,17.5,4.0,8.5,290.0,145.0,-145.0,0,0,0,0,0,8,7,0,6.0,4.0,0.0,FAIL,PTO_NOMINAL_LT_13;PTO_RESIDUAL_LT_8
S1-Y-B-02.0-D+03.0,STAGE_1_Y_POSITION_ONLY,COARSE_1.00_MM,-2.0,0.0,2020_UNCHANGED,20.0,3.0,3.0,V008_BASELINE_INWARD,STANDARD_RESERVED,6.5,1.5,15.5,10.5,12.0,17.5,2.0,8.5,290.0,145.0,-145.0,0,0,0,0,0,8,7,0,8.0,4.0,14.0,FAIL,PTO_NOMINAL_LT_13;PTO_RESIDUAL_LT_8
S1-Y-B-02.0-D+04.0,STAGE_1_Y_POSITION_ONLY,COARSE_1.00_MM,-2.0,0.0,2020_UNCHANGED,20.0,4.0,4.0,V008_BASELINE_INWARD,STANDARD_RESERVED,7.5,2.5,15.5,10.5,13.0,17.5,0.0,8.5,290.0,145.0,-145.0,0,0,0,0,0,8,7,0,10.0,4.0,28.0,FAIL,PTO_NOMINAL_LT_13;PTO_RESIDUAL_LT_8
S1-Y-B-02.0-D+05.0,STAGE_1_Y_POSITION_ONLY,COARSE_1.00_MM,-2.0,0.0,2020_UNCHANGED,20.0,5.0,5.0,V008_BASELINE_INWARD,STANDARD_RESERVED,8.5,3.5,15.5,10.5,14.0,17.5,-2.0,8.5,290.0,145.0,-145.0,0,0,0,0,0,8,7,0,12.0,4.0,42.0,FAIL,LEFT_RIGHT_INNER_SUPPORT_COLLISION;PTO_NOMINAL_LT_13;PTO_RESIDUAL_LT_8
S1-Y-B-02.0-D+06.0,STAGE_1_Y_POSITION_ONLY,COARSE_1.00_MM,-2.0,0.0,2020_UNCHANGED,20.0,6.0,6.0,V008_BASELINE_INWARD,STANDARD_RESERVED,9.5,4.5,15.5,10.5,15.0,17.5,-4.0,8.5,290.0,145.0,-145.0,0,0,0,0,0,8,7,0,14.0,4.0,56.0,FAIL,LEFT_RIGHT_INNER_SUPPORT_COLLISION;PTO_NOMINAL_LT_13;PTO_RESIDUAL_LT_8
S1-Y-B-02.0-D+07.0,STAGE_1_Y_POSITION_ONLY,COARSE_1.00_MM,-2.0,0.0,2020_UNCHANGED,20.0,7.0,7.0,V008_BASELINE_INWARD,STANDARD_RESERVED,10.5,5.5,15.5,10.5,16.0,17.5,-6.0,8.5,290.0,145.0,-145.0,0,0,0,0,0,8,7,0,16.0,4.0,70.0,FAIL,LEFT_RIGHT_INNER_SUPPORT_COLLISION;PTO_NOMINAL_LT_13;PTO_RESIDUAL_LT_8
S1-Y-B-02.0-D+08.0,STAGE_1_Y_POSITION_ONLY,COARSE_1.00_MM,-2.0,0.0,2020_UNCHANGED,20.0,8.0,8.0,V008_BASELINE_INWARD,STANDARD_RESERVED,11.5,6.5,15.5,10.5,17.0,17.5,-8.0,8.5,290.0,145.0,-145.0,0,0,0,0,0,8,7,0,18.0,4.0,84.0,FAIL,LEFT_RIGHT_INNER_SUPPORT_COLLISION;PTO_NOMINAL_LT_13;PTO_RESIDUAL_LT_8
S1-Y-B-02.0-D+09.0,STAGE_1_Y_POSITION_ONLY,COARSE_1.00_MM,-2.0,0.0,2020_UNCHANGED,20.0,9.0,9.0,V008_BASELINE_INWARD,STANDARD_RESERVED,12.5,7.5,15.5,10.5,18.0,17.5,-10.0,8.5,290.0,145.0,-145.0,0,0,0,0,0,8,7,0,20.0,4.0,98.0,FAIL,LEFT_RIGHT_INNER_SUPPORT_COLLISION;PTO_NOMINAL_LT_13;PTO_RESIDUAL_LT_8
S1-Y-B-02.0-D+10.0,STAGE_1_Y_POSITION_ONLY,COARSE_1.00_MM,-2.0,0.0,2020_UNCHANGED,20.0,10.0,10.0,V008_BASELINE_INWARD,STANDARD_RESERVED,13.5,8.5,15.5,10.5,19.0,17.5,-12.0,8.5,290.0,145.0,-145.0,0,0,0,0,0,8,7,0,22.0,4.0,112.0,FAIL,LEFT_RIGHT_INNER_SUPPORT_COLLISION
S1-Y-B-01.0-D-10.0,STAGE_1_Y_POSITION_ONLY,COARSE_1.00_MM,-1.0,0.0,2020_UNCHANGED,20.0,-10.0,-10.0,V008_BASELINE_INWARD,STANDARD_RESERVED,-5.5,-10.5,15.5,10.5,0.0,18.5,28.0,8.5,290.0,145.0,-145.0,1,1,0,0,0,8,7,0,21.0,4.0,-265.0,FAIL,NONZERO_INTERSECTION;PTO_NOMINAL_LT_13;PTO_RESIDUAL_LT_8;PULLEY_FIXED_LT_10
S1-Y-B-01.0-D-09.0,STAGE_1_Y_POSITION_ONLY,COARSE_1.00_MM,-1.0,0.0,2020_UNCHANGED,20.0,-9.0,-9.0,V008_BASELINE_INWARD,STANDARD_RESERVED,-4.5,-9.5,15.5,10.5,1.0,18.5,26.0,8.5,290.0,145.0,-145.0,1,1,0,0,0,8,7,0,19.0,4.0,-239.0,FAIL,NONZERO_INTERSECTION;PTO_NOMINAL_LT_13;PTO_RESIDUAL_LT_8;PULLEY_FIXED_LT_10
S1-Y-B-01.0-D-08.0,STAGE_1_Y_POSITION_ONLY,COARSE_1.00_MM,-1.0,0.0,2020_UNCHANGED,20.0,-8.0,-8.0,V008_BASELINE_INWARD,STANDARD_RESERVED,-3.5,-8.5,15.5,10.5,2.0,18.5,24.0,8.5,290.0,145.0,-145.0,1,1,0,0,0,8,7,0,17.0,4.0,-213.0,FAIL,NONZERO_INTERSECTION;PTO_NOMINAL_LT_13;PTO_RESIDUAL_LT_8;PULLEY_FIXED_LT_10
S1-Y-B-01.0-D-07.0,STAGE_1_Y_POSITION_ONLY,COARSE_1.00_MM,-1.0,0.0,2020_UNCHANGED,20.0,-7.0,-7.0,V008_BASELINE_INWARD,STANDARD_RESERVED,-2.5,-7.5,15.5,10.5,3.0,18.5,22.0,8.5,290.0,145.0,-145.0,1,1,0,0,0,8,7,0,15.0,4.0,-187.0,FAIL,NONZERO_INTERSECTION;PTO_NOMINAL_LT_13;PTO_RESIDUAL_LT_8;PULLEY_FIXED_LT_10
S1-Y-B-01.0-D-06.0,STAGE_1_Y_POSITION_ONLY,COARSE_1.00_MM,-1.0,0.0,2020_UNCHANGED,20.0,-6.0,-6.0,V008_BASELINE_INWARD,STANDARD_RESERVED,-1.5,-6.5,15.5,10.5,4.0,18.5,20.0,8.5,290.0,145.0,-145.0,1,0,0,0,0,8,7,0,13.0,4.0,-161.0,FAIL,NONZERO_INTERSECTION;PTO_NOMINAL_LT_13;PTO_RESIDUAL_LT_8;PULLEY_FIXED_LT_10
S1-Y-B-01.0-D-05.0,STAGE_1_Y_POSITION_ONLY,COARSE_1.00_MM,-1.0,0.0,2020_UNCHANGED,20.0,-5.0,-5.0,V008_BASELINE_INWARD,STANDARD_RESERVED,-0.5,-5.5,15.5,10.5,5.0,18.5,18.0,8.5,290.0,145.0,-145.0,1,0,0,0,0,8,7,0,11.0,4.0,-135.0,FAIL,NONZERO_INTERSECTION;PTO_NOMINAL_LT_13;PTO_RESIDUAL_LT_8;PULLEY_FIXED_LT_10
S1-Y-B-01.0-D-04.0,STAGE_1_Y_POSITION_ONLY,COARSE_1.00_MM,-1.0,0.0,2020_UNCHANGED,20.0,-4.0,-4.0,V008_BASELINE_INWARD,STANDARD_RESERVED,0.5,-4.5,15.5,10.5,6.0,18.5,16.0,8.5,290.0,145.0,-145.0,0,0,0,0,0,8,7,0,9.0,4.0,-109.0,FAIL,PTO_NOMINAL_LT_13;PTO_RESIDUAL_LT_8;PULLEY_FIXED_LT_10
S1-Y-B-01.0-D-03.0,STAGE_1_Y_POSITION_ONLY,COARSE_1.00_MM,-1.0,0.0,2020_UNCHANGED,20.0,-3.0,-3.0,V008_BASELINE_INWARD,STANDARD_RESERVED,1.5,-3.5,15.5,10.5,7.0,18.5,14.0,8.5,290.0,145.0,-145.0,0,0,0,0,0,8,7,0,7.0,4.0,-83.0,FAIL,PTO_NOMINAL_LT_13;PTO_RESIDUAL_LT_8;PULLEY_FIXED_LT_10
S1-Y-B-01.0-D-02.0,STAGE_1_Y_POSITION_ONLY,COARSE_1.00_MM,-1.0,0.0,2020_UNCHANGED,20.0,-2.0,-2.0,V008_BASELINE_INWARD,STANDARD_RESERVED,2.5,-2.5,15.5,10.5,8.0,18.5,12.0,8.5,290.0,145.0,-145.0,0,0,0,0,0,8,7,0,5.0,4.0,-57.0,FAIL,PTO_NOMINAL_LT_13;PTO_RESIDUAL_LT_8;PULLEY_FIXED_LT_10
S1-Y-B-01.0-D-01.0,STAGE_1_Y_POSITION_ONLY,COARSE_1.00_MM,-1.0,0.0,2020_UNCHANGED,20.0,-1.0,-1.0,V008_BASELINE_INWARD,STANDARD_RESERVED,3.5,-1.5,15.5,10.5,9.0,18.5,10.0,8.5,290.0,145.0,-145.0,0,0,0,0,0,8,7,0,3.0,4.0,-31.0,FAIL,PTO_NOMINAL_LT_13;PTO_RESIDUAL_LT_8;PULLEY_FIXED_LT_10
S1-Y-B-01.0-D+00.0,STAGE_1_Y_POSITION_ONLY,COARSE_1.00_MM,-1.0,0.0,2020_UNCHANGED,20.0,0.0,0.0,V008_BASELINE_INWARD,STANDARD_RESERVED,4.5,-0.5,15.5,10.5,10.0,18.5,8.0,8.5,290.0,145.0,-145.0,0,0,0,0,0,8,7,0,1.0,4.0,-5.0,FAIL,PTO_NOMINAL_LT_13;PTO_RESIDUAL_LT_8
S1-Y-B-01.0-D+01.0,STAGE_1_Y_POSITION_ONLY,COARSE_1.00_MM,-1.0,0.0,2020_UNCHANGED,20.0,1.0,1.0,V008_BASELINE_INWARD,STANDARD_RESERVED,5.5,0.5,15.5,10.5,11.0,18.5,6.0,8.5,290.0,145.0,-145.0,0,0,0,0,0,8,7,0,3.0,4.0,9.0,FAIL,PTO_NOMINAL_LT_13;PTO_RESIDUAL_LT_8
S1-Y-B-01.0-D+02.0,STAGE_1_Y_POSITION_ONLY,COARSE_1.00_MM,-1.0,0.0,2020_UNCHANGED,20.0,2.0,2.0,V008_BASELINE_INWARD,STANDARD_RESERVED,6.5,1.5,15.5,10.5,12.0,18.5,4.0,8.5,290.0,145.0,-145.0,0,0,0,0,0,8,7,0,5.0,4.0,23.0,FAIL,PTO_NOMINAL_LT_13;PTO_RESIDUAL_LT_8
S1-Y-B-01.0-D+03.0,STAGE_1_Y_POSITION_ONLY,COARSE_1.00_MM,-1.0,0.0,2020_UNCHANGED,20.0,3.0,3.0,V008_BASELINE_INWARD,STANDARD_RESERVED,7.5,2.5,15.5,10.5,13.0,18.5,2.0,8.5,290.0,145.0,-145.0,0,0,0,0,0,8,7,0,7.0,4.0,37.0,FAIL,PTO_NOMINAL_LT_13;PTO_RESIDUAL_LT_8
S1-Y-B-01.0-D+04.0,STAGE_1_Y_POSITION_ONLY,COARSE_1.00_MM,-1.0,0.0,2020_UNCHANGED,20.0,4.0,4.0,V008_BASELINE_INWARD,STANDARD_RESERVED,8.5,3.5,15.5,10.5,14.0,18.5,0.0,8.5,290.0,145.0,-145.0,0,0,0,0,0,8,7,0,9.0,4.0,51.0,FAIL,PTO_NOMINAL_LT_13;PTO_RESIDUAL_LT_8
S1-Y-B-01.0-D+05.0,STAGE_1_Y_POSITION_ONLY,COARSE_1.00_MM,-1.0,0.0,2020_UNCHANGED,20.0,5.0,5.0,V008_BASELINE_INWARD,STANDARD_RESERVED,9.5,4.5,15.5,10.5,15.0,18.5,-2.0,8.5,290.0,145.0,-145.0,0,0,0,0,0,8,7,0,11.0,4.0,65.0,FAIL,LEFT_RIGHT_INNER_SUPPORT_COLLISION;PTO_NOMINAL_LT_13;PTO_RESIDUAL_LT_8
S1-Y-B-01.0-D+06.0,STAGE_1_Y_POSITION_ONLY,COARSE_1.00_MM,-1.0,0.0,2020_UNCHANGED,20.0,6.0,6.0,V008_BASELINE_INWARD,STANDARD_RESERVED,10.5,5.5,15.5,10.5,16.0,18.5,-4.0,8.5,290.0,145.0,-145.0,0,0,0,0,0,8,7,0,13.0,4.0,79.0,FAIL,LEFT_RIGHT_INNER_SUPPORT_COLLISION;PTO_NOMINAL_LT_13;PTO_RESIDUAL_LT_8
S1-Y-B-01.0-D+07.0,STAGE_1_Y_POSITION_ONLY,COARSE_1.00_MM,-1.0,0.0,2020_UNCHANGED,20.0,7.0,7.0,V008_BASELINE_INWARD,STANDARD_RESERVED,11.5,6.5,15.5,10.5,17.0,18.5,-6.0,8.5,290.0,145.0,-145.0,0,0,0,0,0,8,7,0,15.0,4.0,93.0,FAIL,LEFT_RIGHT_INNER_SUPPORT_COLLISION;PTO_NOMINAL_LT_13;PTO_RESIDUAL_LT_8
S1-Y-B-01.0-D+08.0,STAGE_1_Y_POSITION_ONLY,COARSE_1.00_MM,-1.0,0.0,2020_UNCHANGED,20.0,8.0,8.0,V008_BASELINE_INWARD,STANDARD_RESERVED,12.5,7.5,15.5,10.5,18.0,18.5,-8.0,8.5,290.0,145.0,-145.0,0,0,0,0,0,8,7,0,17.0,4.0,107.0,FAIL,LEFT_RIGHT_INNER_SUPPORT_COLLISION;PTO_NOMINAL_LT_13;PTO_RESIDUAL_LT_8
S1-Y-B-01.0-D+09.0,STAGE_1_Y_POSITION_ONLY,COARSE_1.00_MM,-1.0,0.0,2020_UNCHANGED,20.0,9.0,9.0,V008_BASELINE_INWARD,STANDARD_RESERVED,13.5,8.5,15.5,10.5,19.0,18.5,-10.0,8.5,290.0,145.0,-145.0,0,0,0,0,0,8,7,0,19.0,4.0,121.0,FAIL,LEFT_RIGHT_INNER_SUPPORT_COLLISION
S1-Y-B-01.0-D+10.0,STAGE_1_Y_POSITION_ONLY,COARSE_1.00_MM,-1.0,0.0,2020_UNCHANGED,20.0,10.0,10.0,V008_BASELINE_INWARD,STANDARD_RESERVED,14.5,9.5,15.5,10.5,20.0,18.5,-12.0,8.5,290.0,145.0,-145.0,0,0,0,0,0,8,7,0,21.0,4.0,135.0,FAIL,LEFT_RIGHT_INNER_SUPPORT_COLLISION
S1-Y-B+00.0-D-10.0,STAGE_1_Y_POSITION_ONLY,COARSE_1.00_MM,0.0,0.0,2020_UNCHANGED,20.0,-10.0,-10.0,V008_BASELINE_INWARD,STANDARD_RESERVED,-4.5,-9.5,15.5,10.5,1.0,19.5,28.0,8.5,290.0,145.0,-145.0,1,1,0,0,0,8,7,0,20.0,4.0,-242.0,FAIL,NONZERO_INTERSECTION;PTO_NOMINAL_LT_13;PTO_RESIDUAL_LT_8;PULLEY_FIXED_LT_10
S1-Y-B+00.0-D-09.0,STAGE_1_Y_POSITION_ONLY,COARSE_1.00_MM,0.0,0.0,2020_UNCHANGED,20.0,-9.0,-9.0,V008_BASELINE_INWARD,STANDARD_RESERVED,-3.5,-8.5,15.5,10.5,2.0,19.5,26.0,8.5,290.0,145.0,-145.0,1,1,0,0,0,8,7,0,18.0,4.0,-216.0,FAIL,NONZERO_INTERSECTION;PTO_NOMINAL_LT_13;PTO_RESIDUAL_LT_8;PULLEY_FIXED_LT_10
S1-Y-B+00.0-D-08.0,STAGE_1_Y_POSITION_ONLY,COARSE_1.00_MM,0.0,0.0,2020_UNCHANGED,20.0,-8.0,-8.0,V008_BASELINE_INWARD,STANDARD_RESERVED,-2.5,-7.5,15.5,10.5,3.0,19.5,24.0,8.5,290.0,145.0,-145.0,1,1,0,0,0,8,7,0,16.0,4.0,-190.0,FAIL,NONZERO_INTERSECTION;PTO_NOMINAL_LT_13;PTO_RESIDUAL_LT_8;PULLEY_FIXED_LT_10
S1-Y-B+00.0-D-07.0,STAGE_1_Y_POSITION_ONLY,COARSE_1.00_MM,0.0,0.0,2020_UNCHANGED,20.0,-7.0,-7.0,V008_BASELINE_INWARD,STANDARD_RESERVED,-1.5,-6.5,15.5,10.5,4.0,19.5,22.0,8.5,290.0,145.0,-145.0,1,1,0,0,0,8,7,0,14.0,4.0,-164.0,FAIL,NONZERO_INTERSECTION;PTO_NOMINAL_LT_13;PTO_RESIDUAL_LT_8;PULLEY_FIXED_LT_10
S1-Y-B+00.0-D-06.0,STAGE_1_Y_POSITION_ONLY,COARSE_1.00_MM,0.0,0.0,2020_UNCHANGED,20.0,-6.0,-6.0,V008_BASELINE_INWARD,STANDARD_RESERVED,-0.5,-5.5,15.5,10.5,5.0,19.5,20.0,8.5,290.0,145.0,-145.0,1,1,0,0,0,8,7,0,12.0,4.0,-138.0,FAIL,NONZERO_INTERSECTION;PTO_NOMINAL_LT_13;PTO_RESIDUAL_LT_8;PULLEY_FIXED_LT_10
S1-Y-B+00.0-D-05.0,STAGE_1_Y_POSITION_ONLY,COARSE_1.00_MM,0.0,0.0,2020_UNCHANGED,20.0,-5.0,-5.0,V008_BASELINE_INWARD,STANDARD_RESERVED,0.5,-4.5,15.5,10.5,6.0,19.5,18.0,8.5,290.0,145.0,-145.0,0,0,0,0,0,8,7,0,10.0,4.0,-112.0,FAIL,PTO_NOMINAL_LT_13;PTO_RESIDUAL_LT_8;PULLEY_FIXED_LT_10
S1-Y-B+00.0-D-04.0,STAGE_1_Y_POSITION_ONLY,COARSE_1.00_MM,0.0,0.0,2020_UNCHANGED,20.0,-4.0,-4.0,V008_BASELINE_INWARD,STANDARD_RESERVED,1.5,-3.5,15.5,10.5,7.0,19.5,16.0,8.5,290.0,145.0,-145.0,0,0,0,0,0,8,7,0,8.0,4.0,-86.0,FAIL,PTO_NOMINAL_LT_13;PTO_RESIDUAL_LT_8;PULLEY_FIXED_LT_10
S1-Y-B+00.0-D-03.0,STAGE_1_Y_POSITION_ONLY,COARSE_1.00_MM,0.0,0.0,2020_UNCHANGED,20.0,-3.0,-3.0,V008_BASELINE_INWARD,STANDARD_RESERVED,2.5,-2.5,15.5,10.5,8.0,19.5,14.0,8.5,290.0,145.0,-145.0,0,0,0,0,0,8,7,0,6.0,4.0,-60.0,FAIL,PTO_NOMINAL_LT_13;PTO_RESIDUAL_LT_8;PULLEY_FIXED_LT_10
S1-Y-B+00.0-D-02.0,STAGE_1_Y_POSITION_ONLY,COARSE_1.00_MM,0.0,0.0,2020_UNCHANGED,20.0,-2.0,-2.0,V008_BASELINE_INWARD,STANDARD_RESERVED,3.5,-1.5,15.5,10.5,9.0,19.5,12.0,8.5,290.0,145.0,-145.0,0,0,0,0,0,8,7,0,4.0,4.0,-34.0,FAIL,PTO_NOMINAL_LT_13;PTO_RESIDUAL_LT_8;PULLEY_FIXED_LT_10
S1-Y-B+00.0-D-01.0,STAGE_1_Y_POSITION_ONLY,COARSE_1.00_MM,0.0,0.0,2020_UNCHANGED,20.0,-1.0,-1.0,V008_BASELINE_INWARD,STANDARD_RESERVED,4.5,-0.5,15.5,10.5,10.0,19.5,10.0,8.5,290.0,145.0,-145.0,0,0,0,0,0,8,7,0,2.0,4.0,-8.0,FAIL,PTO_NOMINAL_LT_13;PTO_RESIDUAL_LT_8
S1-Y-B+00.0-D+00.0,STAGE_1_Y_POSITION_ONLY,COARSE_1.00_MM,0.0,0.0,2020_UNCHANGED,20.0,0.0,0.0,V008_BASELINE_INWARD,STANDARD_RESERVED,5.5,0.5,15.5,10.5,11.0,19.5,8.0,8.5,290.0,145.0,-145.0,0,0,0,0,0,8,7,0,0.0,4.0,18.0,FAIL,PTO_NOMINAL_LT_13;PTO_RESIDUAL_LT_8
S1-Y-B+00.0-D+01.0,STAGE_1_Y_POSITION_ONLY,COARSE_1.00_MM,0.0,0.0,2020_UNCHANGED,20.0,1.0,1.0,V008_BASELINE_INWARD,STANDARD_RESERVED,6.5,1.5,15.5,10.5,12.0,19.5,6.0,8.5,290.0,145.0,-145.0,0,0,0,0,0,8,7,0,2.0,4.0,32.0,FAIL,PTO_NOMINAL_LT_13;PTO_RESIDUAL_LT_8
S1-Y-B+00.0-D+02.0,STAGE_1_Y_POSITION_ONLY,COARSE_1.00_MM,0.0,0.0,2020_UNCHANGED,20.0,2.0,2.0,V008_BASELINE_INWARD,STANDARD_RESERVED,7.5,2.5,15.5,10.5,13.0,19.5,4.0,8.5,290.0,145.0,-145.0,0,0,0,0,0,8,7,0,4.0,4.0,46.0,FAIL,PTO_NOMINAL_LT_13;PTO_RESIDUAL_LT_8
S1-Y-B+00.0-D+03.0,STAGE_1_Y_POSITION_ONLY,COARSE_1.00_MM,0.0,0.0,2020_UNCHANGED,20.0,3.0,3.0,V008_BASELINE_INWARD,STANDARD_RESERVED,8.5,3.5,15.5,10.5,14.0,19.5,2.0,8.5,290.0,145.0,-145.0,0,0,0,0,0,8,7,0,6.0,4.0,60.0,FAIL,PTO_NOMINAL_LT_13;PTO_RESIDUAL_LT_8
S1-Y-B+00.0-D+04.0,STAGE_1_Y_POSITION_ONLY,COARSE_1.00_MM,0.0,0.0,2020_UNCHANGED,20.0,4.0,4.0,V008_BASELINE_INWARD,STANDARD_RESERVED,9.5,4.5,15.5,10.5,15.0,19.5,0.0,8.5,290.0,145.0,-145.0,0,0,0,0,0,8,7,0,8.0,4.0,74.0,FAIL,PTO_NOMINAL_LT_13;PTO_RESIDUAL_LT_8
S1-Y-B+00.0-D+05.0,STAGE_1_Y_POSITION_ONLY,COARSE_1.00_MM,0.0,0.0,2020_UNCHANGED,20.0,5.0,5.0,V008_BASELINE_INWARD,STANDARD_RESERVED,10.5,5.5,15.5,10.5,16.0,19.5,-2.0,8.5,290.0,145.0,-145.0,0,0,0,0,0,8,7,0,10.0,4.0,88.0,FAIL,LEFT_RIGHT_INNER_SUPPORT_COLLISION;PTO_NOMINAL_LT_13;PTO_RESIDUAL_LT_8
S1-Y-B+00.0-D+06.0,STAGE_1_Y_POSITION_ONLY,COARSE_1.00_MM,0.0,0.0,2020_UNCHANGED,20.0,6.0,6.0,V008_BASELINE_INWARD,STANDARD_RESERVED,11.5,6.5,15.5,10.5,17.0,19.5,-4.0,8.5,290.0,145.0,-145.0,0,0,0,0,0,8,7,0,12.0,4.0,102.0,FAIL,LEFT_RIGHT_INNER_SUPPORT_COLLISION;PTO_NOMINAL_LT_13;PTO_RESIDUAL_LT_8
S1-Y-B+00.0-D+07.0,STAGE_1_Y_POSITION_ONLY,COARSE_1.00_MM,0.0,0.0,2020_UNCHANGED,20.0,7.0,7.0,V008_BASELINE_INWARD,STANDARD_RESERVED,12.5,7.5,15.5,10.5,18.0,19.5,-6.0,8.5,290.0,145.0,-145.0,0,0,0,0,0,8,7,0,14.0,4.0,116.0,FAIL,LEFT_RIGHT_INNER_SUPPORT_COLLISION;PTO_NOMINAL_LT_13;PTO_RESIDUAL_LT_8
S1-Y-B+00.0-D+08.0,STAGE_1_Y_POSITION_ONLY,COARSE_1.00_MM,0.0,0.0,2020_UNCHANGED,20.0,8.0,8.0,V008_BASELINE_INWARD,STANDARD_RESERVED,13.5,8.5,15.5,10.5,19.0,19.5,-8.0,8.5,290.0,145.0,-145.0,0,0,0,0,0,8,7,0,16.0,4.0,130.0,FAIL,LEFT_RIGHT_INNER_SUPPORT_COLLISION
S1-Y-B+00.0-D+09.0,STAGE_1_Y_POSITION_ONLY,COARSE_1.00_MM,0.0,0.0,2020_UNCHANGED,20.0,9.0,9.0,V008_BASELINE_INWARD,STANDARD_RESERVED,14.5,9.5,15.5,10.5,20.0,19.5,-10.0,8.5,290.0,145.0,-145.0,0,0,0,0,0,8,7,0,18.0,4.0,144.0,FAIL,LEFT_RIGHT_INNER_SUPPORT_COLLISION
S1-Y-B+00.0-D+10.0,STAGE_1_Y_POSITION_ONLY,COARSE_1.00_MM,0.0,0.0,2020_UNCHANGED,20.0,10.0,10.0,V008_BASELINE_INWARD,STANDARD_RESERVED,15.5,10.5,15.5,10.5,21.0,19.5,-12.0,8.5,290.0,145.0,-145.0,0,0,0,0,0,8,7,0,20.0,4.0,158.0,FAIL,LEFT_RIGHT_INNER_SUPPORT_COLLISION
S1-Y-B+01.0-D-10.0,STAGE_1_Y_POSITION_ONLY,COARSE_1.00_MM,1.0,0.0,2020_UNCHANGED,20.0,-10.0,-10.0,V008_BASELINE_INWARD,STANDARD_RESERVED,-5.5,-10.5,15.5,10.5,2.0,20.5,28.0,8.5,290.0,145.0,-145.0,1,1,0,0,0,8,7,0,21.0,4.0,-265.0,FAIL,NONZERO_INTERSECTION;PTO_NOMINAL_LT_13;PTO_RESIDUAL_LT_8;PULLEY_FIXED_LT_10
S1-Y-B+01.0-D-09.0,STAGE_1_Y_POSITION_ONLY,COARSE_1.00_MM,1.0,0.0,2020_UNCHANGED,20.0,-9.0,-9.0,V008_BASELINE_INWARD,STANDARD_RESERVED,-4.5,-9.5,15.5,10.5,3.0,20.5,26.0,8.5,290.0,145.0,-145.0,1,1,0,0,0,8,7,0,19.0,4.0,-239.0,FAIL,NONZERO_INTERSECTION;PTO_NOMINAL_LT_13;PTO_RESIDUAL_LT_8;PULLEY_FIXED_LT_10
S1-Y-B+01.0-D-08.0,STAGE_1_Y_POSITION_ONLY,COARSE_1.00_MM,1.0,0.0,2020_UNCHANGED,20.0,-8.0,-8.0,V008_BASELINE_INWARD,STANDARD_RESERVED,-3.5,-8.5,15.5,10.5,4.0,20.5,24.0,8.5,290.0,145.0,-145.0,1,1,0,0,0,8,7,0,17.0,4.0,-213.0,FAIL,NONZERO_INTERSECTION;PTO_NOMINAL_LT_13;PTO_RESIDUAL_LT_8;PULLEY_FIXED_LT_10
S1-Y-B+01.0-D-07.0,STAGE_1_Y_POSITION_ONLY,COARSE_1.00_MM,1.0,0.0,2020_UNCHANGED,20.0,-7.0,-7.0,V008_BASELINE_INWARD,STANDARD_RESERVED,-2.5,-7.5,15.5,10.5,5.0,20.5,22.0,8.5,290.0,145.0,-145.0,1,1,0,0,0,8,7,0,15.0,4.0,-187.0,FAIL,NONZERO_INTERSECTION;PTO_NOMINAL_LT_13;PTO_RESIDUAL_LT_8;PULLEY_FIXED_LT_10
S1-Y-B+01.0-D-06.0,STAGE_1_Y_POSITION_ONLY,COARSE_1.00_MM,1.0,0.0,2020_UNCHANGED,20.0,-6.0,-6.0,V008_BASELINE_INWARD,STANDARD_RESERVED,-1.5,-6.5,15.5,10.5,6.0,20.5,20.0,8.5,290.0,145.0,-145.0,1,1,0,0,0,8,7,0,13.0,4.0,-161.0,FAIL,NONZERO_INTERSECTION;PTO_NOMINAL_LT_13;PTO_RESIDUAL_LT_8;PULLEY_FIXED_LT_10
S1-Y-B+01.0-D-05.0,STAGE_1_Y_POSITION_ONLY,COARSE_1.00_MM,1.0,0.0,2020_UNCHANGED,20.0,-5.0,-5.0,V008_BASELINE_INWARD,STANDARD_RESERVED,-0.5,-5.5,15.5,10.5,7.0,20.5,18.0,8.5,290.0,145.0,-145.0,1,1,0,0,0,8,7,0,11.0,4.0,-135.0,FAIL,NONZERO_INTERSECTION;PTO_NOMINAL_LT_13;PTO_RESIDUAL_LT_8;PULLEY_FIXED_LT_10
S1-Y-B+01.0-D-04.0,STAGE_1_Y_POSITION_ONLY,COARSE_1.00_MM,1.0,0.0,2020_UNCHANGED,20.0,-4.0,-4.0,V008_BASELINE_INWARD,STANDARD_RESERVED,0.5,-4.5,15.5,10.5,8.0,20.5,16.0,8.5,290.0,145.0,-145.0,0,0,0,0,0,8,7,0,9.0,4.0,-109.0,FAIL,PTO_NOMINAL_LT_13;PTO_RESIDUAL_LT_8;PULLEY_FIXED_LT_10
S1-Y-B+01.0-D-03.0,STAGE_1_Y_POSITION_ONLY,COARSE_1.00_MM,1.0,0.0,2020_UNCHANGED,20.0,-3.0,-3.0,V008_BASELINE_INWARD,STANDARD_RESERVED,1.5,-3.5,15.5,10.5,9.0,20.5,14.0,8.5,290.0,145.0,-145.0,0,0,0,0,0,8,7,0,7.0,4.0,-83.0,FAIL,PTO_NOMINAL_LT_13;PTO_RESIDUAL_LT_8;PULLEY_FIXED_LT_10
S1-Y-B+01.0-D-02.0,STAGE_1_Y_POSITION_ONLY,COARSE_1.00_MM,1.0,0.0,2020_UNCHANGED,20.0,-2.0,-2.0,V008_BASELINE_INWARD,STANDARD_RESERVED,2.5,-2.5,15.5,10.5,10.0,20.5,12.0,8.5,290.0,145.0,-145.0,0,0,0,0,0,8,7,0,5.0,4.0,-57.0,FAIL,PTO_NOMINAL_LT_13;PTO_RESIDUAL_LT_8
S1-Y-B+01.0-D-01.0,STAGE_1_Y_POSITION_ONLY,COARSE_1.00_MM,1.0,0.0,2020_UNCHANGED,20.0,-1.0,-1.0,V008_BASELINE_INWARD,STANDARD_RESERVED,3.5,-1.5,15.5,10.5,11.0,20.5,10.0,8.5,290.0,145.0,-145.0,0,0,0,0,0,8,7,0,3.0,4.0,-31.0,FAIL,PTO_NOMINAL_LT_13;PTO_RESIDUAL_LT_8
S1-Y-B+01.0-D+00.0,STAGE_1_Y_POSITION_ONLY,COARSE_1.00_MM,1.0,0.0,2020_UNCHANGED,20.0,0.0,0.0,V008_BASELINE_INWARD,STANDARD_RESERVED,4.5,-0.5,15.5,10.5,12.0,20.5,8.0,8.5,290.0,145.0,-145.0,0,0,0,0,0,8,7,0,1.0,4.0,-5.0,FAIL,PTO_NOMINAL_LT_13;PTO_RESIDUAL_LT_8
S1-Y-B+01.0-D+01.0,STAGE_1_Y_POSITION_ONLY,COARSE_1.00_MM,1.0,0.0,2020_UNCHANGED,20.0,1.0,1.0,V008_BASELINE_INWARD,STANDARD_RESERVED,5.5,0.5,15.5,10.5,13.0,20.5,6.0,8.5,290.0,145.0,-145.0,0,0,0,0,0,8,7,0,3.0,4.0,9.0,FAIL,PTO_NOMINAL_LT_13;PTO_RESIDUAL_LT_8
S1-Y-B+01.0-D+02.0,STAGE_1_Y_POSITION_ONLY,COARSE_1.00_MM,1.0,0.0,2020_UNCHANGED,20.0,2.0,2.0,V008_BASELINE_INWARD,STANDARD_RESERVED,6.5,1.5,15.5,10.5,14.0,20.5,4.0,8.5,290.0,145.0,-145.0,0,0,0,0,0,8,7,0,5.0,4.0,23.0,FAIL,PTO_NOMINAL_LT_13;PTO_RESIDUAL_LT_8
S1-Y-B+01.0-D+03.0,STAGE_1_Y_POSITION_ONLY,COARSE_1.00_MM,1.0,0.0,2020_UNCHANGED,20.0,3.0,3.0,V008_BASELINE_INWARD,STANDARD_RESERVED,7.5,2.5,15.5,10.5,15.0,20.5,2.0,8.5,290.0,145.0,-145.0,0,0,0,0,0,8,7,0,7.0,4.0,37.0,FAIL,PTO_NOMINAL_LT_13;PTO_RESIDUAL_LT_8
S1-Y-B+01.0-D+04.0,STAGE_1_Y_POSITION_ONLY,COARSE_1.00_MM,1.0,0.0,2020_UNCHANGED,20.0,4.0,4.0,V008_BASELINE_INWARD,STANDARD_RESERVED,8.5,3.5,15.5,10.5,16.0,20.5,0.0,8.5,290.0,145.0,-145.0,0,0,0,0,0,8,7,0,9.0,4.0,51.0,FAIL,PTO_NOMINAL_LT_13;PTO_RESIDUAL_LT_8
S1-Y-B+01.0-D+05.0,STAGE_1_Y_POSITION_ONLY,COARSE_1.00_MM,1.0,0.0,2020_UNCHANGED,20.0,5.0,5.0,V008_BASELINE_INWARD,STANDARD_RESERVED,9.5,4.5,15.5,10.5,17.0,20.5,-2.0,8.5,290.0,145.0,-145.0,0,0,0,0,0,8,7,0,11.0,4.0,65.0,FAIL,LEFT_RIGHT_INNER_SUPPORT_COLLISION;PTO_NOMINAL_LT_13;PTO_RESIDUAL_LT_8
S1-Y-B+01.0-D+06.0,STAGE_1_Y_POSITION_ONLY,COARSE_1.00_MM,1.0,0.0,2020_UNCHANGED,20.0,6.0,6.0,V008_BASELINE_INWARD,STANDARD_RESERVED,10.5,5.5,15.5,10.5,18.0,20.5,-4.0,8.5,290.0,145.0,-145.0,0,0,0,0,0,8,7,0,13.0,4.0,79.0,FAIL,LEFT_RIGHT_INNER_SUPPORT_COLLISION;PTO_NOMINAL_LT_13;PTO_RESIDUAL_LT_8
S1-Y-B+01.0-D+07.0,STAGE_1_Y_POSITION_ONLY,COARSE_1.00_MM,1.0,0.0,2020_UNCHANGED,20.0,7.0,7.0,V008_BASELINE_INWARD,STANDARD_RESERVED,11.5,6.5,15.5,10.5,19.0,20.5,-6.0,8.5,290.0,145.0,-145.0,0,0,0,0,0,8,7,0,15.0,4.0,93.0,FAIL,LEFT_RIGHT_INNER_SUPPORT_COLLISION;PTO_NOMINAL_LT_13;PTO_RESIDUAL_LT_8
S1-Y-B+01.0-D+08.0,STAGE_1_Y_POSITION_ONLY,COARSE_1.00_MM,1.0,0.0,2020_UNCHANGED,20.0,8.0,8.0,V008_BASELINE_INWARD,STANDARD_RESERVED,12.5,7.5,15.5,10.5,20.0,20.5,-8.0,8.5,290.0,145.0,-145.0,0,0,0,0,0,8,7,0,17.0,4.0,107.0,FAIL,LEFT_RIGHT_INNER_SUPPORT_COLLISION;PTO_NOMINAL_LT_13;PTO_RESIDUAL_LT_8
S1-Y-B+01.0-D+09.0,STAGE_1_Y_POSITION_ONLY,COARSE_1.00_MM,1.0,0.0,2020_UNCHANGED,20.0,9.0,9.0,V008_BASELINE_INWARD,STANDARD_RESERVED,13.5,8.5,15.5,10.5,21.0,20.5,-10.0,8.5,290.0,145.0,-145.0,0,0,0,0,0,8,7,0,19.0,4.0,121.0,FAIL,LEFT_RIGHT_INNER_SUPPORT_COLLISION
S1-Y-B+01.0-D+10.0,STAGE_1_Y_POSITION_ONLY,COARSE_1.00_MM,1.0,0.0,2020_UNCHANGED,20.0,10.0,10.0,V008_BASELINE_INWARD,STANDARD_RESERVED,14.5,9.5,15.5,10.5,22.0,20.5,-12.0,8.5,290.0,145.0,-145.0,0,0,0,0,0,8,7,0,21.0,4.0,135.0,FAIL,LEFT_RIGHT_INNER_SUPPORT_COLLISION
S1-Y-B+02.0-D-10.0,STAGE_1_Y_POSITION_ONLY,COARSE_1.00_MM,2.0,0.0,2020_UNCHANGED,20.0,-10.0,-10.0,V008_BASELINE_INWARD,STANDARD_RESERVED,-6.5,-11.5,15.5,10.5,3.0,21.5,28.0,8.5,290.0,145.0,-145.0,1,1,0,0,0,8,7,0,22.0,4.0,-288.0,FAIL,NONZERO_INTERSECTION;PTO_NOMINAL_LT_13;PTO_RESIDUAL_LT_8;PULLEY_FIXED_LT_10
S1-Y-B+02.0-D-09.0,STAGE_1_Y_POSITION_ONLY,COARSE_1.00_MM,2.0,0.0,2020_UNCHANGED,20.0,-9.0,-9.0,V008_BASELINE_INWARD,STANDARD_RESERVED,-5.5,-10.5,15.5,10.5,4.0,21.5,26.0,8.5,290.0,145.0,-145.0,1,1,0,0,0,8,7,0,20.0,4.0,-262.0,FAIL,NONZERO_INTERSECTION;PTO_NOMINAL_LT_13;PTO_RESIDUAL_LT_8;PULLEY_FIXED_LT_10
S1-Y-B+02.0-D-08.0,STAGE_1_Y_POSITION_ONLY,COARSE_1.00_MM,2.0,0.0,2020_UNCHANGED,20.0,-8.0,-8.0,V008_BASELINE_INWARD,STANDARD_RESERVED,-4.5,-9.5,15.5,10.5,5.0,21.5,24.0,8.5,290.0,145.0,-145.0,1,1,0,0,0,8,7,0,18.0,4.0,-236.0,FAIL,NONZERO_INTERSECTION;PTO_NOMINAL_LT_13;PTO_RESIDUAL_LT_8;PULLEY_FIXED_LT_10
S1-Y-B+02.0-D-07.0,STAGE_1_Y_POSITION_ONLY,COARSE_1.00_MM,2.0,0.0,2020_UNCHANGED,20.0,-7.0,-7.0,V008_BASELINE_INWARD,STANDARD_RESERVED,-3.5,-8.5,15.5,10.5,6.0,21.5,22.0,8.5,290.0,145.0,-145.0,1,1,0,0,0,8,7,0,16.0,4.0,-210.0,FAIL,NONZERO_INTERSECTION;PTO_NOMINAL_LT_13;PTO_RESIDUAL_LT_8;PULLEY_FIXED_LT_10
S1-Y-B+02.0-D-06.0,STAGE_1_Y_POSITION_ONLY,COARSE_1.00_MM,2.0,0.0,2020_UNCHANGED,20.0,-6.0,-6.0,V008_BASELINE_INWARD,STANDARD_RESERVED,-2.5,-7.5,15.5,10.5,7.0,21.5,20.0,8.5,290.0,145.0,-145.0,1,1,0,0,0,8,7,0,14.0,4.0,-184.0,FAIL,NONZERO_INTERSECTION;PTO_NOMINAL_LT_13;PTO_RESIDUAL_LT_8;PULLEY_FIXED_LT_10
S1-Y-B+02.0-D-05.0,STAGE_1_Y_POSITION_ONLY,COARSE_1.00_MM,2.0,0.0,2020_UNCHANGED,20.0,-5.0,-5.0,V008_BASELINE_INWARD,STANDARD_RESERVED,-1.5,-6.5,15.5,10.5,8.0,21.5,18.0,8.5,290.0,145.0,-145.0,1,1,0,0,0,8,7,0,12.0,4.0,-158.0,FAIL,NONZERO_INTERSECTION;PTO_NOMINAL_LT_13;PTO_RESIDUAL_LT_8;PULLEY_FIXED_LT_10
S1-Y-B+02.0-D-04.0,STAGE_1_Y_POSITION_ONLY,COARSE_1.00_MM,2.0,0.0,2020_UNCHANGED,20.0,-4.0,-4.0,V008_BASELINE_INWARD,STANDARD_RESERVED,-0.5,-5.5,15.5,10.5,9.0,21.5,16.0,8.5,290.0,145.0,-145.0,1,1,0,0,0,8,7,0,10.0,4.0,-132.0,FAIL,NONZERO_INTERSECTION;PTO_NOMINAL_LT_13;PTO_RESIDUAL_LT_8;PULLEY_FIXED_LT_10
S1-Y-B+02.0-D-03.0,STAGE_1_Y_POSITION_ONLY,COARSE_1.00_MM,2.0,0.0,2020_UNCHANGED,20.0,-3.0,-3.0,V008_BASELINE_INWARD,STANDARD_RESERVED,0.5,-4.5,15.5,10.5,10.0,21.5,14.0,8.5,290.0,145.0,-145.0,0,0,0,0,0,8,7,0,8.0,4.0,-106.0,FAIL,PTO_NOMINAL_LT_13;PTO_RESIDUAL_LT_8
S1-Y-B+02.0-D-02.0,STAGE_1_Y_POSITION_ONLY,COARSE_1.00_MM,2.0,0.0,2020_UNCHANGED,20.0,-2.0,-2.0,V008_BASELINE_INWARD,STANDARD_RESERVED,1.5,-3.5,15.5,10.5,11.0,21.5,12.0,8.5,290.0,145.0,-145.0,0,0,0,0,0,8,7,0,6.0,4.0,-80.0,FAIL,PTO_NOMINAL_LT_13;PTO_RESIDUAL_LT_8
S1-Y-B+02.0-D-01.0,STAGE_1_Y_POSITION_ONLY,COARSE_1.00_MM,2.0,0.0,2020_UNCHANGED,20.0,-1.0,-1.0,V008_BASELINE_INWARD,STANDARD_RESERVED,2.5,-2.5,15.5,10.5,12.0,21.5,10.0,8.5,290.0,145.0,-145.0,0,0,0,0,0,8,7,0,4.0,4.0,-54.0,FAIL,PTO_NOMINAL_LT_13;PTO_RESIDUAL_LT_8
S1-Y-B+02.0-D+00.0,STAGE_1_Y_POSITION_ONLY,COARSE_1.00_MM,2.0,0.0,2020_UNCHANGED,20.0,0.0,0.0,V008_BASELINE_INWARD,STANDARD_RESERVED,3.5,-1.5,15.5,10.5,13.0,21.5,8.0,8.5,290.0,145.0,-145.0,0,0,0,0,0,8,7,0,2.0,4.0,-28.0,FAIL,PTO_NOMINAL_LT_13;PTO_RESIDUAL_LT_8
S1-Y-B+02.0-D+01.0,STAGE_1_Y_POSITION_ONLY,COARSE_1.00_MM,2.0,0.0,2020_UNCHANGED,20.0,1.0,1.0,V008_BASELINE_INWARD,STANDARD_RESERVED,4.5,-0.5,15.5,10.5,14.0,21.5,6.0,8.5,290.0,145.0,-145.0,0,0,0,0,0,8,7,0,4.0,4.0,-14.0,FAIL,PTO_NOMINAL_LT_13;PTO_RESIDUAL_LT_8
S1-Y-B+02.0-D+02.0,STAGE_1_Y_POSITION_ONLY,COARSE_1.00_MM,2.0,0.0,2020_UNCHANGED,20.0,2.0,2.0,V008_BASELINE_INWARD,STANDARD_RESERVED,5.5,0.5,15.5,10.5,15.0,21.5,4.0,8.5,290.0,145.0,-145.0,0,0,0,0,0,8,7,0,6.0,4.0,0.0,FAIL,PTO_NOMINAL_LT_13;PTO_RESIDUAL_LT_8
S1-Y-B+02.0-D+03.0,STAGE_1_Y_POSITION_ONLY,COARSE_1.00_MM,2.0,0.0,2020_UNCHANGED,20.0,3.0,3.0,V008_BASELINE_INWARD,STANDARD_RESERVED,6.5,1.5,15.5,10.5,16.0,21.5,2.0,8.5,290.0,145.0,-145.0,0,0,0,0,0,8,7,0,8.0,4.0,14.0,FAIL,PTO_NOMINAL_LT_13;PTO_RESIDUAL_LT_8
S1-Y-B+02.0-D+04.0,STAGE_1_Y_POSITION_ONLY,COARSE_1.00_MM,2.0,0.0,2020_UNCHANGED,20.0,4.0,4.0,V008_BASELINE_INWARD,STANDARD_RESERVED,7.5,2.5,15.5,10.5,17.0,21.5,0.0,8.5,290.0,145.0,-145.0,0,0,0,0,0,8,7,0,10.0,4.0,28.0,FAIL,PTO_NOMINAL_LT_13;PTO_RESIDUAL_LT_8
S1-Y-B+02.0-D+05.0,STAGE_1_Y_POSITION_ONLY,COARSE_1.00_MM,2.0,0.0,2020_UNCHANGED,20.0,5.0,5.0,V008_BASELINE_INWARD,STANDARD_RESERVED,8.5,3.5,15.5,10.5,18.0,21.5,-2.0,8.5,290.0,145.0,-145.0,0,0,0,0,0,8,7,0,12.0,4.0,42.0,FAIL,LEFT_RIGHT_INNER_SUPPORT_COLLISION;PTO_NOMINAL_LT_13;PTO_RESIDUAL_LT_8
S1-Y-B+02.0-D+06.0,STAGE_1_Y_POSITION_ONLY,COARSE_1.00_MM,2.0,0.0,2020_UNCHANGED,20.0,6.0,6.0,V008_BASELINE_INWARD,STANDARD_RESERVED,9.5,4.5,15.5,10.5,19.0,21.5,-4.0,8.5,290.0,145.0,-145.0,0,0,0,0,0,8,7,0,14.0,4.0,56.0,FAIL,LEFT_RIGHT_INNER_SUPPORT_COLLISION;PTO_NOMINAL_LT_13;PTO_RESIDUAL_LT_8
S1-Y-B+02.0-D+07.0,STAGE_1_Y_POSITION_ONLY,COARSE_1.00_MM,2.0,0.0,2020_UNCHANGED,20.0,7.0,7.0,V008_BASELINE_INWARD,STANDARD_RESERVED,10.5,5.5,15.5,10.5,20.0,21.5,-6.0,8.5,290.0,145.0,-145.0,0,0,0,0,0,8,7,0,16.0,4.0,70.0,FAIL,LEFT_RIGHT_INNER_SUPPORT_COLLISION;PTO_NOMINAL_LT_13;PTO_RESIDUAL_LT_8
S1-Y-B+02.0-D+08.0,STAGE_1_Y_POSITION_ONLY,COARSE_1.00_MM,2.0,0.0,2020_UNCHANGED,20.0,8.0,8.0,V008_BASELINE_INWARD,STANDARD_RESERVED,11.5,6.5,15.5,10.5,21.0,21.5,-8.0,8.5,290.0,145.0,-145.0,0,0,0,0,0,8,7,0,18.0,4.0,84.0,FAIL,LEFT_RIGHT_INNER_SUPPORT_COLLISION;PTO_NOMINAL_LT_13;PTO_RESIDUAL_LT_8
S1-Y-B+02.0-D+09.0,STAGE_1_Y_POSITION_ONLY,COARSE_1.00_MM,2.0,0.0,2020_UNCHANGED,20.0,9.0,9.0,V008_BASELINE_INWARD,STANDARD_RESERVED,12.5,7.5,15.5,10.5,22.0,21.5,-10.0,8.5,290.0,145.0,-145.0,0,0,0,0,0,8,7,0,20.0,4.0,98.0,FAIL,LEFT_RIGHT_INNER_SUPPORT_COLLISION;PTO_NOMINAL_LT_13;PTO_RESIDUAL_LT_8
S1-Y-B+02.0-D+10.0,STAGE_1_Y_POSITION_ONLY,COARSE_1.00_MM,2.0,0.0,2020_UNCHANGED,20.0,10.0,10.0,V008_BASELINE_INWARD,STANDARD_RESERVED,13.5,8.5,15.5,10.5,23.0,21.5,-12.0,8.5,290.0,145.0,-145.0,0,0,0,0,0,8,7,0,22.0,4.0,112.0,FAIL,LEFT_RIGHT_INNER_SUPPORT_COLLISION
S1-Y-B+03.0-D-10.0,STAGE_1_Y_POSITION_ONLY,COARSE_1.00_MM,3.0,0.0,2020_UNCHANGED,20.0,-10.0,-10.0,V008_BASELINE_INWARD,STANDARD_RESERVED,-7.5,-12.5,15.5,10.5,4.0,22.5,28.0,8.5,290.0,145.0,-145.0,1,1,0,0,0,8,7,0,23.0,4.0,-311.0,FAIL,NONZERO_INTERSECTION;PTO_NOMINAL_LT_13;PTO_RESIDUAL_LT_8;PULLEY_FIXED_LT_10
S1-Y-B+03.0-D-09.0,STAGE_1_Y_POSITION_ONLY,COARSE_1.00_MM,3.0,0.0,2020_UNCHANGED,20.0,-9.0,-9.0,V008_BASELINE_INWARD,STANDARD_RESERVED,-6.5,-11.5,15.5,10.5,5.0,22.5,26.0,8.5,290.0,145.0,-145.0,1,1,0,0,0,8,7,0,21.0,4.0,-285.0,FAIL,NONZERO_INTERSECTION;PTO_NOMINAL_LT_13;PTO_RESIDUAL_LT_8;PULLEY_FIXED_LT_10
S1-Y-B+03.0-D-08.0,STAGE_1_Y_POSITION_ONLY,COARSE_1.00_MM,3.0,0.0,2020_UNCHANGED,20.0,-8.0,-8.0,V008_BASELINE_INWARD,STANDARD_RESERVED,-5.5,-10.5,15.5,10.5,6.0,22.5,24.0,8.5,290.0,145.0,-145.0,1,1,0,0,0,8,7,0,19.0,4.0,-259.0,FAIL,NONZERO_INTERSECTION;PTO_NOMINAL_LT_13;PTO_RESIDUAL_LT_8;PULLEY_FIXED_LT_10
S1-Y-B+03.0-D-07.0,STAGE_1_Y_POSITION_ONLY,COARSE_1.00_MM,3.0,0.0,2020_UNCHANGED,20.0,-7.0,-7.0,V008_BASELINE_INWARD,STANDARD_RESERVED,-4.5,-9.5,15.5,10.5,7.0,22.5,22.0,8.5,290.0,145.0,-145.0,1,1,0,0,0,8,7,0,17.0,4.0,-233.0,FAIL,NONZERO_INTERSECTION;PTO_NOMINAL_LT_13;PTO_RESIDUAL_LT_8;PULLEY_FIXED_LT_10
S1-Y-B+03.0-D-06.0,STAGE_1_Y_POSITION_ONLY,COARSE_1.00_MM,3.0,0.0,2020_UNCHANGED,20.0,-6.0,-6.0,V008_BASELINE_INWARD,STANDARD_RESERVED,-3.5,-8.5,15.5,10.5,8.0,22.5,20.0,8.5,290.0,145.0,-145.0,1,1,0,0,0,8,7,0,15.0,4.0,-207.0,FAIL,NONZERO_INTERSECTION;PTO_NOMINAL_LT_13;PTO_RESIDUAL_LT_8;PULLEY_FIXED_LT_10
S1-Y-B+03.0-D-05.0,STAGE_1_Y_POSITION_ONLY,COARSE_1.00_MM,3.0,0.0,2020_UNCHANGED,20.0,-5.0,-5.0,V008_BASELINE_INWARD,STANDARD_RESERVED,-2.5,-7.5,15.5,10.5,9.0,22.5,18.0,8.5,290.0,145.0,-145.0,1,1,0,0,0,8,7,0,13.0,4.0,-181.0,FAIL,NONZERO_INTERSECTION;PTO_NOMINAL_LT_13;PTO_RESIDUAL_LT_8;PULLEY_FIXED_LT_10
S1-Y-B+03.0-D-04.0,STAGE_1_Y_POSITION_ONLY,COARSE_1.00_MM,3.0,0.0,2020_UNCHANGED,20.0,-4.0,-4.0,V008_BASELINE_INWARD,STANDARD_RESERVED,-1.5,-6.5,15.5,10.5,10.0,22.5,16.0,8.5,290.0,145.0,-145.0,1,1,0,0,0,8,7,0,11.0,4.0,-155.0,FAIL,NONZERO_INTERSECTION;PTO_NOMINAL_LT_13;PTO_RESIDUAL_LT_8
S1-Y-B+03.0-D-03.0,STAGE_1_Y_POSITION_ONLY,COARSE_1.00_MM,3.0,0.0,2020_UNCHANGED,20.0,-3.0,-3.0,V008_BASELINE_INWARD,STANDARD_RESERVED,-0.5,-5.5,15.5,10.5,11.0,22.5,14.0,8.5,290.0,145.0,-145.0,1,1,0,0,0,8,7,0,9.0,4.0,-129.0,FAIL,NONZERO_INTERSECTION;PTO_NOMINAL_LT_13;PTO_RESIDUAL_LT_8
S1-Y-B+03.0-D-02.0,STAGE_1_Y_POSITION_ONLY,COARSE_1.00_MM,3.0,0.0,2020_UNCHANGED,20.0,-2.0,-2.0,V008_BASELINE_INWARD,STANDARD_RESERVED,0.5,-4.5,15.5,10.5,12.0,22.5,12.0,8.5,290.0,145.0,-145.0,0,0,0,0,0,8,7,0,7.0,4.0,-103.0,FAIL,PTO_NOMINAL_LT_13;PTO_RESIDUAL_LT_8
S1-Y-B+03.0-D-01.0,STAGE_1_Y_POSITION_ONLY,COARSE_1.00_MM,3.0,0.0,2020_UNCHANGED,20.0,-1.0,-1.0,V008_BASELINE_INWARD,STANDARD_RESERVED,1.5,-3.5,15.5,10.5,13.0,22.5,10.0,8.5,290.0,145.0,-145.0,0,0,0,0,0,8,7,0,5.0,4.0,-77.0,FAIL,PTO_NOMINAL_LT_13;PTO_RESIDUAL_LT_8
S1-Y-B+03.0-D+00.0,STAGE_1_Y_POSITION_ONLY,COARSE_1.00_MM,3.0,0.0,2020_UNCHANGED,20.0,0.0,0.0,V008_BASELINE_INWARD,STANDARD_RESERVED,2.5,-2.5,15.5,10.5,14.0,22.5,8.0,8.5,290.0,145.0,-145.0,0,0,0,0,0,8,7,0,3.0,4.0,-51.0,FAIL,PTO_NOMINAL_LT_13;PTO_RESIDUAL_LT_8
S1-Y-B+03.0-D+01.0,STAGE_1_Y_POSITION_ONLY,COARSE_1.00_MM,3.0,0.0,2020_UNCHANGED,20.0,1.0,1.0,V008_BASELINE_INWARD,STANDARD_RESERVED,3.5,-1.5,15.5,10.5,15.0,22.5,6.0,8.5,290.0,145.0,-145.0,0,0,0,0,0,8,7,0,5.0,4.0,-37.0,FAIL,PTO_NOMINAL_LT_13;PTO_RESIDUAL_LT_8
S1-Y-B+03.0-D+02.0,STAGE_1_Y_POSITION_ONLY,COARSE_1.00_MM,3.0,0.0,2020_UNCHANGED,20.0,2.0,2.0,V008_BASELINE_INWARD,STANDARD_RESERVED,4.5,-0.5,15.5,10.5,16.0,22.5,4.0,8.5,290.0,145.0,-145.0,0,0,0,0,0,8,7,0,7.0,4.0,-23.0,FAIL,PTO_NOMINAL_LT_13;PTO_RESIDUAL_LT_8
S1-Y-B+03.0-D+03.0,STAGE_1_Y_POSITION_ONLY,COARSE_1.00_MM,3.0,0.0,2020_UNCHANGED,20.0,3.0,3.0,V008_BASELINE_INWARD,STANDARD_RESERVED,5.5,0.5,15.5,10.5,17.0,22.5,2.0,8.5,290.0,145.0,-145.0,0,0,0,0,0,8,7,0,9.0,4.0,-9.0,FAIL,PTO_NOMINAL_LT_13;PTO_RESIDUAL_LT_8
S1-Y-B+03.0-D+04.0,STAGE_1_Y_POSITION_ONLY,COARSE_1.00_MM,3.0,0.0,2020_UNCHANGED,20.0,4.0,4.0,V008_BASELINE_INWARD,STANDARD_RESERVED,6.5,1.5,15.5,10.5,18.0,22.5,0.0,8.5,290.0,145.0,-145.0,0,0,0,0,0,8,7,0,11.0,4.0,5.0,FAIL,PTO_NOMINAL_LT_13;PTO_RESIDUAL_LT_8
S1-Y-B+03.0-D+05.0,STAGE_1_Y_POSITION_ONLY,COARSE_1.00_MM,3.0,0.0,2020_UNCHANGED,20.0,5.0,5.0,V008_BASELINE_INWARD,STANDARD_RESERVED,7.5,2.5,15.5,10.5,19.0,22.5,-2.0,8.5,290.0,145.0,-145.0,0,0,0,0,0,8,7,0,13.0,4.0,19.0,FAIL,LEFT_RIGHT_INNER_SUPPORT_COLLISION;PTO_NOMINAL_LT_13;PTO_RESIDUAL_LT_8
S1-Y-B+03.0-D+06.0,STAGE_1_Y_POSITION_ONLY,COARSE_1.00_MM,3.0,0.0,2020_UNCHANGED,20.0,6.0,6.0,V008_BASELINE_INWARD,STANDARD_RESERVED,8.5,3.5,15.5,10.5,20.0,22.5,-4.0,8.5,290.0,145.0,-145.0,0,0,0,0,0,8,7,0,15.0,4.0,33.0,FAIL,LEFT_RIGHT_INNER_SUPPORT_COLLISION;PTO_NOMINAL_LT_13;PTO_RESIDUAL_LT_8
S1-Y-B+03.0-D+07.0,STAGE_1_Y_POSITION_ONLY,COARSE_1.00_MM,3.0,0.0,2020_UNCHANGED,20.0,7.0,7.0,V008_BASELINE_INWARD,STANDARD_RESERVED,9.5,4.5,15.5,10.5,21.0,22.5,-6.0,8.5,290.0,145.0,-145.0,0,0,0,0,0,8,7,0,17.0,4.0,47.0,FAIL,LEFT_RIGHT_INNER_SUPPORT_COLLISION;PTO_NOMINAL_LT_13;PTO_RESIDUAL_LT_8
S1-Y-B+03.0-D+08.0,STAGE_1_Y_POSITION_ONLY,COARSE_1.00_MM,3.0,0.0,2020_UNCHANGED,20.0,8.0,8.0,V008_BASELINE_INWARD,STANDARD_RESERVED,10.5,5.5,15.5,10.5,22.0,22.5,-8.0,8.5,290.0,145.0,-145.0,0,0,0,0,0,8,7,0,19.0,4.0,61.0,FAIL,LEFT_RIGHT_INNER_SUPPORT_COLLISION;PTO_NOMINAL_LT_13;PTO_RESIDUAL_LT_8
S1-Y-B+03.0-D+09.0,STAGE_1_Y_POSITION_ONLY,COARSE_1.00_MM,3.0,0.0,2020_UNCHANGED,20.0,9.0,9.0,V008_BASELINE_INWARD,STANDARD_RESERVED,11.5,6.5,15.5,10.5,23.0,22.5,-10.0,8.5,290.0,145.0,-145.0,0,0,0,0,0,8,7,0,21.0,4.0,75.0,FAIL,LEFT_RIGHT_INNER_SUPPORT_COLLISION;PTO_NOMINAL_LT_13;PTO_RESIDUAL_LT_8
S1-Y-B+03.0-D+10.0,STAGE_1_Y_POSITION_ONLY,COARSE_1.00_MM,3.0,0.0,2020_UNCHANGED,20.0,10.0,10.0,V008_BASELINE_INWARD,STANDARD_RESERVED,12.5,7.5,15.5,10.5,24.0,22.5,-12.0,8.5,290.0,145.0,-145.0,0,0,0,0,0,8,7,0,23.0,4.0,89.0,FAIL,LEFT_RIGHT_INNER_SUPPORT_COLLISION;PTO_NOMINAL_LT_13;PTO_RESIDUAL_LT_8
S1-Y-B+04.0-D-10.0,STAGE_1_Y_POSITION_ONLY,COARSE_1.00_MM,4.0,0.0,2020_UNCHANGED,20.0,-10.0,-10.0,V008_BASELINE_INWARD,STANDARD_RESERVED,-8.5,-13.5,15.5,10.5,3.0,23.5,28.0,8.5,290.0,145.0,-145.0,1,1,0,0,0,8,7,0,24.0,4.0,-334.0,FAIL,NONZERO_INTERSECTION;PTO_NOMINAL_LT_13;PTO_RESIDUAL_LT_8;PULLEY_FIXED_LT_10
S1-Y-B+04.0-D-09.0,STAGE_1_Y_POSITION_ONLY,COARSE_1.00_MM,4.0,0.0,2020_UNCHANGED,20.0,-9.0,-9.0,V008_BASELINE_INWARD,STANDARD_RESERVED,-7.5,-12.5,15.5,10.5,4.0,23.5,26.0,8.5,290.0,145.0,-145.0,1,1,0,0,0,8,7,0,22.0,4.0,-308.0,FAIL,NONZERO_INTERSECTION;PTO_NOMINAL_LT_13;PTO_RESIDUAL_LT_8;PULLEY_FIXED_LT_10
S1-Y-B+04.0-D-08.0,STAGE_1_Y_POSITION_ONLY,COARSE_1.00_MM,4.0,0.0,2020_UNCHANGED,20.0,-8.0,-8.0,V008_BASELINE_INWARD,STANDARD_RESERVED,-6.5,-11.5,15.5,10.5,5.0,23.5,24.0,8.5,290.0,145.0,-145.0,1,1,0,0,0,8,7,0,20.0,4.0,-282.0,FAIL,NONZERO_INTERSECTION;PTO_NOMINAL_LT_13;PTO_RESIDUAL_LT_8;PULLEY_FIXED_LT_10
S1-Y-B+04.0-D-07.0,STAGE_1_Y_POSITION_ONLY,COARSE_1.00_MM,4.0,0.0,2020_UNCHANGED,20.0,-7.0,-7.0,V008_BASELINE_INWARD,STANDARD_RESERVED,-5.5,-10.5,15.5,10.5,6.0,23.5,22.0,8.5,290.0,145.0,-145.0,1,1,0,0,0,8,7,0,18.0,4.0,-256.0,FAIL,NONZERO_INTERSECTION;PTO_NOMINAL_LT_13;PTO_RESIDUAL_LT_8;PULLEY_FIXED_LT_10
S1-Y-B+04.0-D-06.0,STAGE_1_Y_POSITION_ONLY,COARSE_1.00_MM,4.0,0.0,2020_UNCHANGED,20.0,-6.0,-6.0,V008_BASELINE_INWARD,STANDARD_RESERVED,-4.5,-9.5,15.5,10.5,7.0,23.5,20.0,8.5,290.0,145.0,-145.0,1,1,0,0,0,8,7,0,16.0,4.0,-230.0,FAIL,NONZERO_INTERSECTION;PTO_NOMINAL_LT_13;PTO_RESIDUAL_LT_8;PULLEY_FIXED_LT_10
S1-Y-B+04.0-D-05.0,STAGE_1_Y_POSITION_ONLY,COARSE_1.00_MM,4.0,0.0,2020_UNCHANGED,20.0,-5.0,-5.0,V008_BASELINE_INWARD,STANDARD_RESERVED,-3.5,-8.5,15.5,10.5,8.0,23.5,18.0,8.5,290.0,145.0,-145.0,1,1,0,0,0,8,7,0,14.0,4.0,-204.0,FAIL,NONZERO_INTERSECTION;PTO_NOMINAL_LT_13;PTO_RESIDUAL_LT_8;PULLEY_FIXED_LT_10
S1-Y-B+04.0-D-04.0,STAGE_1_Y_POSITION_ONLY,COARSE_1.00_MM,4.0,0.0,2020_UNCHANGED,20.0,-4.0,-4.0,V008_BASELINE_INWARD,STANDARD_RESERVED,-2.5,-7.5,15.5,10.5,9.0,23.5,16.0,8.5,290.0,145.0,-145.0,1,1,0,0,0,8,7,0,12.0,4.0,-178.0,FAIL,NONZERO_INTERSECTION;PTO_NOMINAL_LT_13;PTO_RESIDUAL_LT_8;PULLEY_FIXED_LT_10
S1-Y-B+04.0-D-03.0,STAGE_1_Y_POSITION_ONLY,COARSE_1.00_MM,4.0,0.0,2020_UNCHANGED,20.0,-3.0,-3.0,V008_BASELINE_INWARD,STANDARD_RESERVED,-1.5,-6.5,15.5,10.5,10.0,23.5,14.0,8.5,290.0,145.0,-145.0,1,1,0,0,0,8,7,0,10.0,4.0,-152.0,FAIL,NONZERO_INTERSECTION;PTO_NOMINAL_LT_13;PTO_RESIDUAL_LT_8
S1-Y-B+04.0-D-02.0,STAGE_1_Y_POSITION_ONLY,COARSE_1.00_MM,4.0,0.0,2020_UNCHANGED,20.0,-2.0,-2.0,V008_BASELINE_INWARD,STANDARD_RESERVED,-0.5,-5.5,15.5,10.5,11.0,23.5,12.0,8.5,290.0,145.0,-145.0,1,1,0,0,0,8,7,0,8.0,4.0,-126.0,FAIL,NONZERO_INTERSECTION;PTO_NOMINAL_LT_13;PTO_RESIDUAL_LT_8
S1-Y-B+04.0-D-01.0,STAGE_1_Y_POSITION_ONLY,COARSE_1.00_MM,4.0,0.0,2020_UNCHANGED,20.0,-1.0,-1.0,V008_BASELINE_INWARD,STANDARD_RESERVED,0.5,-4.5,15.5,10.5,12.0,23.5,10.0,8.5,290.0,145.0,-145.0,0,0,0,0,0,8,7,0,6.0,4.0,-100.0,FAIL,PTO_NOMINAL_LT_13;PTO_RESIDUAL_LT_8
S1-Y-B+04.0-D+00.0,STAGE_1_Y_POSITION_ONLY,COARSE_1.00_MM,4.0,0.0,2020_UNCHANGED,20.0,0.0,0.0,V008_BASELINE_INWARD,STANDARD_RESERVED,1.5,-3.5,15.5,10.5,13.0,23.5,8.0,8.5,290.0,145.0,-145.0,0,0,0,0,0,8,7,0,4.0,4.0,-74.0,FAIL,PTO_NOMINAL_LT_13;PTO_RESIDUAL_LT_8
S1-Y-B+04.0-D+01.0,STAGE_1_Y_POSITION_ONLY,COARSE_1.00_MM,4.0,0.0,2020_UNCHANGED,20.0,1.0,1.0,V008_BASELINE_INWARD,STANDARD_RESERVED,2.5,-2.5,15.5,10.5,14.0,23.5,6.0,8.5,290.0,145.0,-145.0,0,0,0,0,0,8,7,0,6.0,4.0,-60.0,FAIL,PTO_NOMINAL_LT_13;PTO_RESIDUAL_LT_8
S1-Y-B+04.0-D+02.0,STAGE_1_Y_POSITION_ONLY,COARSE_1.00_MM,4.0,0.0,2020_UNCHANGED,20.0,2.0,2.0,V008_BASELINE_INWARD,STANDARD_RESERVED,3.5,-1.5,15.5,10.5,15.0,23.5,4.0,8.5,290.0,145.0,-145.0,0,0,0,0,0,8,7,0,8.0,4.0,-46.0,FAIL,PTO_NOMINAL_LT_13;PTO_RESIDUAL_LT_8
S1-Y-B+04.0-D+03.0,STAGE_1_Y_POSITION_ONLY,COARSE_1.00_MM,4.0,0.0,2020_UNCHANGED,20.0,3.0,3.0,V008_BASELINE_INWARD,STANDARD_RESERVED,4.5,-0.5,15.5,10.5,16.0,23.5,2.0,8.5,290.0,145.0,-145.0,0,0,0,0,0,8,7,0,10.0,4.0,-32.0,FAIL,PTO_NOMINAL_LT_13;PTO_RESIDUAL_LT_8
S1-Y-B+04.0-D+04.0,STAGE_1_Y_POSITION_ONLY,COARSE_1.00_MM,4.0,0.0,2020_UNCHANGED,20.0,4.0,4.0,V008_BASELINE_INWARD,STANDARD_RESERVED,5.5,0.5,15.5,10.5,17.0,23.5,0.0,8.5,290.0,145.0,-145.0,0,0,0,0,0,8,7,0,12.0,4.0,-18.0,FAIL,PTO_NOMINAL_LT_13;PTO_RESIDUAL_LT_8
S1-Y-B+04.0-D+05.0,STAGE_1_Y_POSITION_ONLY,COARSE_1.00_MM,4.0,0.0,2020_UNCHANGED,20.0,5.0,5.0,V008_BASELINE_INWARD,STANDARD_RESERVED,6.5,1.5,15.5,10.5,18.0,23.5,-2.0,8.5,290.0,145.0,-145.0,0,0,0,0,0,8,7,0,14.0,4.0,-4.0,FAIL,LEFT_RIGHT_INNER_SUPPORT_COLLISION;PTO_NOMINAL_LT_13;PTO_RESIDUAL_LT_8
S1-Y-B+04.0-D+06.0,STAGE_1_Y_POSITION_ONLY,COARSE_1.00_MM,4.0,0.0,2020_UNCHANGED,20.0,6.0,6.0,V008_BASELINE_INWARD,STANDARD_RESERVED,7.5,2.5,15.5,10.5,19.0,23.5,-4.0,8.5,290.0,145.0,-145.0,0,0,0,0,0,8,7,0,16.0,4.0,10.0,FAIL,LEFT_RIGHT_INNER_SUPPORT_COLLISION;PTO_NOMINAL_LT_13;PTO_RESIDUAL_LT_8
S1-Y-B+04.0-D+07.0,STAGE_1_Y_POSITION_ONLY,COARSE_1.00_MM,4.0,0.0,2020_UNCHANGED,20.0,7.0,7.0,V008_BASELINE_INWARD,STANDARD_RESERVED,8.5,3.5,15.5,10.5,20.0,23.5,-6.0,8.5,290.0,145.0,-145.0,0,0,0,0,0,8,7,0,18.0,4.0,24.0,FAIL,LEFT_RIGHT_INNER_SUPPORT_COLLISION;PTO_NOMINAL_LT_13;PTO_RESIDUAL_LT_8
S1-Y-B+04.0-D+08.0,STAGE_1_Y_POSITION_ONLY,COARSE_1.00_MM,4.0,0.0,2020_UNCHANGED,20.0,8.0,8.0,V008_BASELINE_INWARD,STANDARD_RESERVED,9.5,4.5,15.5,10.5,21.0,23.5,-8.0,8.5,290.0,145.0,-145.0,0,0,0,0,0,8,7,0,20.0,4.0,38.0,FAIL,LEFT_RIGHT_INNER_SUPPORT_COLLISION;PTO_NOMINAL_LT_13;PTO_RESIDUAL_LT_8
S1-Y-B+04.0-D+09.0,STAGE_1_Y_POSITION_ONLY,COARSE_1.00_MM,4.0,0.0,2020_UNCHANGED,20.0,9.0,9.0,V008_BASELINE_INWARD,STANDARD_RESERVED,10.5,5.5,15.5,10.5,22.0,23.5,-10.0,8.5,290.0,145.0,-145.0,0,0,0,0,0,8,7,0,22.0,4.0,52.0,FAIL,LEFT_RIGHT_INNER_SUPPORT_COLLISION;PTO_NOMINAL_LT_13;PTO_RESIDUAL_LT_8
S1-Y-B+04.0-D+10.0,STAGE_1_Y_POSITION_ONLY,COARSE_1.00_MM,4.0,0.0,2020_UNCHANGED,20.0,10.0,10.0,V008_BASELINE_INWARD,STANDARD_RESERVED,11.5,6.5,15.5,10.5,23.0,23.5,-12.0,8.5,290.0,145.0,-145.0,0,0,0,0,0,8,7,0,24.0,4.0,66.0,FAIL,LEFT_RIGHT_INNER_SUPPORT_COLLISION;PTO_NOMINAL_LT_13;PTO_RESIDUAL_LT_8
S1-Y-B+05.0-D-10.0,STAGE_1_Y_POSITION_ONLY,COARSE_1.00_MM,5.0,0.0,2020_UNCHANGED,20.0,-10.0,-10.0,V008_BASELINE_INWARD,STANDARD_RESERVED,-9.5,-14.5,15.5,10.5,2.0,24.5,28.0,8.5,290.0,145.0,-145.0,1,1,0,0,0,8,7,0,25.0,4.0,-357.0,FAIL,NONZERO_INTERSECTION;PTO_NOMINAL_LT_13;PTO_RESIDUAL_LT_8;PULLEY_FIXED_LT_10
S1-Y-B+05.0-D-09.0,STAGE_1_Y_POSITION_ONLY,COARSE_1.00_MM,5.0,0.0,2020_UNCHANGED,20.0,-9.0,-9.0,V008_BASELINE_INWARD,STANDARD_RESERVED,-8.5,-13.5,15.5,10.5,3.0,24.5,26.0,8.5,290.0,145.0,-145.0,1,1,0,0,0,8,7,0,23.0,4.0,-331.0,FAIL,NONZERO_INTERSECTION;PTO_NOMINAL_LT_13;PTO_RESIDUAL_LT_8;PULLEY_FIXED_LT_10
S1-Y-B+05.0-D-08.0,STAGE_1_Y_POSITION_ONLY,COARSE_1.00_MM,5.0,0.0,2020_UNCHANGED,20.0,-8.0,-8.0,V008_BASELINE_INWARD,STANDARD_RESERVED,-7.5,-12.5,15.5,10.5,4.0,24.5,24.0,8.5,290.0,145.0,-145.0,1,1,0,0,0,8,7,0,21.0,4.0,-305.0,FAIL,NONZERO_INTERSECTION;PTO_NOMINAL_LT_13;PTO_RESIDUAL_LT_8;PULLEY_FIXED_LT_10
S1-Y-B+05.0-D-07.0,STAGE_1_Y_POSITION_ONLY,COARSE_1.00_MM,5.0,0.0,2020_UNCHANGED,20.0,-7.0,-7.0,V008_BASELINE_INWARD,STANDARD_RESERVED,-6.5,-11.5,15.5,10.5,5.0,24.5,22.0,8.5,290.0,145.0,-145.0,1,1,0,0,0,8,7,0,19.0,4.0,-279.0,FAIL,NONZERO_INTERSECTION;PTO_NOMINAL_LT_13;PTO_RESIDUAL_LT_8;PULLEY_FIXED_LT_10
S1-Y-B+05.0-D-06.0,STAGE_1_Y_POSITION_ONLY,COARSE_1.00_MM,5.0,0.0,2020_UNCHANGED,20.0,-6.0,-6.0,V008_BASELINE_INWARD,STANDARD_RESERVED,-5.5,-10.5,15.5,10.5,6.0,24.5,20.0,8.5,290.0,145.0,-145.0,1,1,0,0,0,8,7,0,17.0,4.0,-253.0,FAIL,NONZERO_INTERSECTION;PTO_NOMINAL_LT_13;PTO_RESIDUAL_LT_8;PULLEY_FIXED_LT_10
S1-Y-B+05.0-D-05.0,STAGE_1_Y_POSITION_ONLY,COARSE_1.00_MM,5.0,0.0,2020_UNCHANGED,20.0,-5.0,-5.0,V008_BASELINE_INWARD,STANDARD_RESERVED,-4.5,-9.5,15.5,10.5,7.0,24.5,18.0,8.5,290.0,145.0,-145.0,1,1,0,0,0,8,7,0,15.0,4.0,-227.0,FAIL,NONZERO_INTERSECTION;PTO_NOMINAL_LT_13;PTO_RESIDUAL_LT_8;PULLEY_FIXED_LT_10
S1-Y-B+05.0-D-04.0,STAGE_1_Y_POSITION_ONLY,COARSE_1.00_MM,5.0,0.0,2020_UNCHANGED,20.0,-4.0,-4.0,V008_BASELINE_INWARD,STANDARD_RESERVED,-3.5,-8.5,15.5,10.5,8.0,24.5,16.0,8.5,290.0,145.0,-145.0,1,1,0,0,0,8,7,0,13.0,4.0,-201.0,FAIL,NONZERO_INTERSECTION;PTO_NOMINAL_LT_13;PTO_RESIDUAL_LT_8;PULLEY_FIXED_LT_10
S1-Y-B+05.0-D-03.0,STAGE_1_Y_POSITION_ONLY,COARSE_1.00_MM,5.0,0.0,2020_UNCHANGED,20.0,-3.0,-3.0,V008_BASELINE_INWARD,STANDARD_RESERVED,-2.5,-7.5,15.5,10.5,9.0,24.5,14.0,8.5,290.0,145.0,-145.0,1,1,0,0,0,8,7,0,11.0,4.0,-175.0,FAIL,NONZERO_INTERSECTION;PTO_NOMINAL_LT_13;PTO_RESIDUAL_LT_8;PULLEY_FIXED_LT_10
S1-Y-B+05.0-D-02.0,STAGE_1_Y_POSITION_ONLY,COARSE_1.00_MM,5.0,0.0,2020_UNCHANGED,20.0,-2.0,-2.0,V008_BASELINE_INWARD,STANDARD_RESERVED,-1.5,-6.5,15.5,10.5,10.0,24.5,12.0,8.5,290.0,145.0,-145.0,1,1,0,0,0,8,7,0,9.0,4.0,-149.0,FAIL,NONZERO_INTERSECTION;PTO_NOMINAL_LT_13;PTO_RESIDUAL_LT_8
S1-Y-B+05.0-D-01.0,STAGE_1_Y_POSITION_ONLY,COARSE_1.00_MM,5.0,0.0,2020_UNCHANGED,20.0,-1.0,-1.0,V008_BASELINE_INWARD,STANDARD_RESERVED,-0.5,-5.5,15.5,10.5,11.0,24.5,10.0,8.5,290.0,145.0,-145.0,1,1,0,0,0,8,7,0,7.0,4.0,-123.0,FAIL,NONZERO_INTERSECTION;PTO_NOMINAL_LT_13;PTO_RESIDUAL_LT_8
S1-Y-B+05.0-D+00.0,STAGE_1_Y_POSITION_ONLY,COARSE_1.00_MM,5.0,0.0,2020_UNCHANGED,20.0,0.0,0.0,V008_BASELINE_INWARD,STANDARD_RESERVED,0.5,-4.5,15.5,10.5,12.0,24.5,8.0,8.5,290.0,145.0,-145.0,0,0,0,0,0,8,7,0,5.0,4.0,-97.0,FAIL,PTO_NOMINAL_LT_13;PTO_RESIDUAL_LT_8
S1-Y-B+05.0-D+01.0,STAGE_1_Y_POSITION_ONLY,COARSE_1.00_MM,5.0,0.0,2020_UNCHANGED,20.0,1.0,1.0,V008_BASELINE_INWARD,STANDARD_RESERVED,1.5,-3.5,15.5,10.5,13.0,24.5,6.0,8.5,290.0,145.0,-145.0,0,0,0,0,0,8,7,0,7.0,4.0,-83.0,FAIL,PTO_NOMINAL_LT_13;PTO_RESIDUAL_LT_8
S1-Y-B+05.0-D+02.0,STAGE_1_Y_POSITION_ONLY,COARSE_1.00_MM,5.0,0.0,2020_UNCHANGED,20.0,2.0,2.0,V008_BASELINE_INWARD,STANDARD_RESERVED,2.5,-2.5,15.5,10.5,14.0,24.5,4.0,8.5,290.0,145.0,-145.0,0,0,0,0,0,8,7,0,9.0,4.0,-69.0,FAIL,PTO_NOMINAL_LT_13;PTO_RESIDUAL_LT_8
S1-Y-B+05.0-D+03.0,STAGE_1_Y_POSITION_ONLY,COARSE_1.00_MM,5.0,0.0,2020_UNCHANGED,20.0,3.0,3.0,V008_BASELINE_INWARD,STANDARD_RESERVED,3.5,-1.5,15.5,10.5,15.0,24.5,2.0,8.5,290.0,145.0,-145.0,0,0,0,0,0,8,7,0,11.0,4.0,-55.0,FAIL,PTO_NOMINAL_LT_13;PTO_RESIDUAL_LT_8
S1-Y-B+05.0-D+04.0,STAGE_1_Y_POSITION_ONLY,COARSE_1.00_MM,5.0,0.0,2020_UNCHANGED,20.0,4.0,4.0,V008_BASELINE_INWARD,STANDARD_RESERVED,4.5,-0.5,15.5,10.5,16.0,24.5,0.0,8.5,290.0,145.0,-145.0,0,0,0,0,0,8,7,0,13.0,4.0,-41.0,FAIL,PTO_NOMINAL_LT_13;PTO_RESIDUAL_LT_8
S1-Y-B+05.0-D+05.0,STAGE_1_Y_POSITION_ONLY,COARSE_1.00_MM,5.0,0.0,2020_UNCHANGED,20.0,5.0,5.0,V008_BASELINE_INWARD,STANDARD_RESERVED,5.5,0.5,15.5,10.5,17.0,24.5,-2.0,8.5,290.0,145.0,-145.0,0,0,0,0,0,8,7,0,15.0,4.0,-27.0,FAIL,LEFT_RIGHT_INNER_SUPPORT_COLLISION;PTO_NOMINAL_LT_13;PTO_RESIDUAL_LT_8
S1-Y-B+05.0-D+06.0,STAGE_1_Y_POSITION_ONLY,COARSE_1.00_MM,5.0,0.0,2020_UNCHANGED,20.0,6.0,6.0,V008_BASELINE_INWARD,STANDARD_RESERVED,6.5,1.5,15.5,10.5,18.0,24.5,-4.0,8.5,290.0,145.0,-145.0,0,0,0,0,0,8,7,0,17.0,4.0,-13.0,FAIL,LEFT_RIGHT_INNER_SUPPORT_COLLISION;PTO_NOMINAL_LT_13;PTO_RESIDUAL_LT_8
S1-Y-B+05.0-D+07.0,STAGE_1_Y_POSITION_ONLY,COARSE_1.00_MM,5.0,0.0,2020_UNCHANGED,20.0,7.0,7.0,V008_BASELINE_INWARD,STANDARD_RESERVED,7.5,2.5,15.5,10.5,19.0,24.5,-6.0,8.5,290.0,145.0,-145.0,0,0,0,0,0,8,7,0,19.0,4.0,1.0,FAIL,LEFT_RIGHT_INNER_SUPPORT_COLLISION;PTO_NOMINAL_LT_13;PTO_RESIDUAL_LT_8
S1-Y-B+05.0-D+08.0,STAGE_1_Y_POSITION_ONLY,COARSE_1.00_MM,5.0,0.0,2020_UNCHANGED,20.0,8.0,8.0,V008_BASELINE_INWARD,STANDARD_RESERVED,8.5,3.5,15.5,10.5,20.0,24.5,-8.0,8.5,290.0,145.0,-145.0,0,0,0,0,0,8,7,0,21.0,4.0,15.0,FAIL,LEFT_RIGHT_INNER_SUPPORT_COLLISION;PTO_NOMINAL_LT_13;PTO_RESIDUAL_LT_8
S1-Y-B+05.0-D+09.0,STAGE_1_Y_POSITION_ONLY,COARSE_1.00_MM,5.0,0.0,2020_UNCHANGED,20.0,9.0,9.0,V008_BASELINE_INWARD,STANDARD_RESERVED,9.5,4.5,15.5,10.5,21.0,24.5,-10.0,8.5,290.0,145.0,-145.0,0,0,0,0,0,8,7,0,23.0,4.0,29.0,FAIL,LEFT_RIGHT_INNER_SUPPORT_COLLISION;PTO_NOMINAL_LT_13;PTO_RESIDUAL_LT_8
S1-Y-B+05.0-D+10.0,STAGE_1_Y_POSITION_ONLY,COARSE_1.00_MM,5.0,0.0,2020_UNCHANGED,20.0,10.0,10.0,V008_BASELINE_INWARD,STANDARD_RESERVED,10.5,5.5,15.5,10.5,22.0,24.5,-12.0,8.5,290.0,145.0,-145.0,0,0,0,0,0,8,7,0,25.0,4.0,43.0,FAIL,LEFT_RIGHT_INNER_SUPPORT_COLLISION;PTO_NOMINAL_LT_13;PTO_RESIDUAL_LT_8
S1-Y-B+06.0-D-10.0,STAGE_1_Y_POSITION_ONLY,COARSE_1.00_MM,6.0,0.0,2020_UNCHANGED,20.0,-10.0,-10.0,V008_BASELINE_INWARD,STANDARD_RESERVED,-10.5,-15.5,15.5,10.5,1.0,25.5,28.0,8.5,290.0,145.0,-145.0,1,1,0,0,0,8,7,0,26.0,4.0,-380.0,FAIL,NONZERO_INTERSECTION;PTO_NOMINAL_LT_13;PTO_RESIDUAL_LT_8;PULLEY_FIXED_LT_10
S1-Y-B+06.0-D-09.0,STAGE_1_Y_POSITION_ONLY,COARSE_1.00_MM,6.0,0.0,2020_UNCHANGED,20.0,-9.0,-9.0,V008_BASELINE_INWARD,STANDARD_RESERVED,-9.5,-14.5,15.5,10.5,2.0,25.5,26.0,8.5,290.0,145.0,-145.0,1,1,0,0,0,8,7,0,24.0,4.0,-354.0,FAIL,NONZERO_INTERSECTION;PTO_NOMINAL_LT_13;PTO_RESIDUAL_LT_8;PULLEY_FIXED_LT_10
S1-Y-B+06.0-D-08.0,STAGE_1_Y_POSITION_ONLY,COARSE_1.00_MM,6.0,0.0,2020_UNCHANGED,20.0,-8.0,-8.0,V008_BASELINE_INWARD,STANDARD_RESERVED,-8.5,-13.5,15.5,10.5,3.0,25.5,24.0,8.5,290.0,145.0,-145.0,1,1,0,0,0,8,7,0,22.0,4.0,-328.0,FAIL,NONZERO_INTERSECTION;PTO_NOMINAL_LT_13;PTO_RESIDUAL_LT_8;PULLEY_FIXED_LT_10
S1-Y-B+06.0-D-07.0,STAGE_1_Y_POSITION_ONLY,COARSE_1.00_MM,6.0,0.0,2020_UNCHANGED,20.0,-7.0,-7.0,V008_BASELINE_INWARD,STANDARD_RESERVED,-7.5,-12.5,15.5,10.5,4.0,25.5,22.0,8.5,290.0,145.0,-145.0,1,1,0,0,0,8,7,0,20.0,4.0,-302.0,FAIL,NONZERO_INTERSECTION;PTO_NOMINAL_LT_13;PTO_RESIDUAL_LT_8;PULLEY_FIXED_LT_10
S1-Y-B+06.0-D-06.0,STAGE_1_Y_POSITION_ONLY,COARSE_1.00_MM,6.0,0.0,2020_UNCHANGED,20.0,-6.0,-6.0,V008_BASELINE_INWARD,STANDARD_RESERVED,-6.5,-11.5,15.5,10.5,5.0,25.5,20.0,8.5,290.0,145.0,-145.0,1,1,0,0,0,8,7,0,18.0,4.0,-276.0,FAIL,NONZERO_INTERSECTION;PTO_NOMINAL_LT_13;PTO_RESIDUAL_LT_8;PULLEY_FIXED_LT_10
S1-Y-B+06.0-D-05.0,STAGE_1_Y_POSITION_ONLY,COARSE_1.00_MM,6.0,0.0,2020_UNCHANGED,20.0,-5.0,-5.0,V008_BASELINE_INWARD,STANDARD_RESERVED,-5.5,-10.5,15.5,10.5,6.0,25.5,18.0,8.5,290.0,145.0,-145.0,1,1,0,0,0,8,7,0,16.0,4.0,-250.0,FAIL,NONZERO_INTERSECTION;PTO_NOMINAL_LT_13;PTO_RESIDUAL_LT_8;PULLEY_FIXED_LT_10
S1-Y-B+06.0-D-04.0,STAGE_1_Y_POSITION_ONLY,COARSE_1.00_MM,6.0,0.0,2020_UNCHANGED,20.0,-4.0,-4.0,V008_BASELINE_INWARD,STANDARD_RESERVED,-4.5,-9.5,15.5,10.5,7.0,25.5,16.0,8.5,290.0,145.0,-145.0,1,1,0,0,0,8,7,0,14.0,4.0,-224.0,FAIL,NONZERO_INTERSECTION;PTO_NOMINAL_LT_13;PTO_RESIDUAL_LT_8;PULLEY_FIXED_LT_10
S1-Y-B+06.0-D-03.0,STAGE_1_Y_POSITION_ONLY,COARSE_1.00_MM,6.0,0.0,2020_UNCHANGED,20.0,-3.0,-3.0,V008_BASELINE_INWARD,STANDARD_RESERVED,-3.5,-8.5,15.5,10.5,8.0,25.5,14.0,8.5,290.0,145.0,-145.0,1,1,0,0,0,8,7,0,12.0,4.0,-198.0,FAIL,NONZERO_INTERSECTION;PTO_NOMINAL_LT_13;PTO_RESIDUAL_LT_8;PULLEY_FIXED_LT_10
S1-Y-B+06.0-D-02.0,STAGE_1_Y_POSITION_ONLY,COARSE_1.00_MM,6.0,0.0,2020_UNCHANGED,20.0,-2.0,-2.0,V008_BASELINE_INWARD,STANDARD_RESERVED,-2.5,-7.5,15.5,10.5,9.0,25.5,12.0,8.5,290.0,145.0,-145.0,1,1,0,0,0,8,7,0,10.0,4.0,-172.0,FAIL,NONZERO_INTERSECTION;PTO_NOMINAL_LT_13;PTO_RESIDUAL_LT_8;PULLEY_FIXED_LT_10
S1-Y-B+06.0-D-01.0,STAGE_1_Y_POSITION_ONLY,COARSE_1.00_MM,6.0,0.0,2020_UNCHANGED,20.0,-1.0,-1.0,V008_BASELINE_INWARD,STANDARD_RESERVED,-1.5,-6.5,15.5,10.5,10.0,25.5,10.0,8.5,290.0,145.0,-145.0,1,1,0,0,0,8,7,0,8.0,4.0,-146.0,FAIL,NONZERO_INTERSECTION;PTO_NOMINAL_LT_13;PTO_RESIDUAL_LT_8
S1-Y-B+06.0-D+00.0,STAGE_1_Y_POSITION_ONLY,COARSE_1.00_MM,6.0,0.0,2020_UNCHANGED,20.0,0.0,0.0,V008_BASELINE_INWARD,STANDARD_RESERVED,-0.5,-5.5,15.5,10.5,11.0,25.5,8.0,8.5,290.0,145.0,-145.0,1,1,0,0,0,8,7,0,6.0,4.0,-120.0,FAIL,NONZERO_INTERSECTION;PTO_NOMINAL_LT_13;PTO_RESIDUAL_LT_8
S1-Y-B+06.0-D+01.0,STAGE_1_Y_POSITION_ONLY,COARSE_1.00_MM,6.0,0.0,2020_UNCHANGED,20.0,1.0,1.0,V008_BASELINE_INWARD,STANDARD_RESERVED,0.5,-4.5,15.5,10.5,12.0,25.5,6.0,8.5,290.0,145.0,-145.0,0,0,0,0,0,8,7,0,8.0,4.0,-106.0,FAIL,PTO_NOMINAL_LT_13;PTO_RESIDUAL_LT_8
S1-Y-B+06.0-D+02.0,STAGE_1_Y_POSITION_ONLY,COARSE_1.00_MM,6.0,0.0,2020_UNCHANGED,20.0,2.0,2.0,V008_BASELINE_INWARD,STANDARD_RESERVED,1.5,-3.5,15.5,10.5,13.0,25.5,4.0,8.5,290.0,145.0,-145.0,0,0,0,0,0,8,7,0,10.0,4.0,-92.0,FAIL,PTO_NOMINAL_LT_13;PTO_RESIDUAL_LT_8
S1-Y-B+06.0-D+03.0,STAGE_1_Y_POSITION_ONLY,COARSE_1.00_MM,6.0,0.0,2020_UNCHANGED,20.0,3.0,3.0,V008_BASELINE_INWARD,STANDARD_RESERVED,2.5,-2.5,15.5,10.5,14.0,25.5,2.0,8.5,290.0,145.0,-145.0,0,0,0,0,0,8,7,0,12.0,4.0,-78.0,FAIL,PTO_NOMINAL_LT_13;PTO_RESIDUAL_LT_8
S1-Y-B+06.0-D+04.0,STAGE_1_Y_POSITION_ONLY,COARSE_1.00_MM,6.0,0.0,2020_UNCHANGED,20.0,4.0,4.0,V008_BASELINE_INWARD,STANDARD_RESERVED,3.5,-1.5,15.5,10.5,15.0,25.5,0.0,8.5,290.0,145.0,-145.0,0,0,0,0,0,8,7,0,14.0,4.0,-64.0,FAIL,PTO_NOMINAL_LT_13;PTO_RESIDUAL_LT_8
S1-Y-B+06.0-D+05.0,STAGE_1_Y_POSITION_ONLY,COARSE_1.00_MM,6.0,0.0,2020_UNCHANGED,20.0,5.0,5.0,V008_BASELINE_INWARD,STANDARD_RESERVED,4.5,-0.5,15.5,10.5,16.0,25.5,-2.0,8.5,290.0,145.0,-145.0,0,0,0,0,0,8,7,0,16.0,4.0,-50.0,FAIL,LEFT_RIGHT_INNER_SUPPORT_COLLISION;PTO_NOMINAL_LT_13;PTO_RESIDUAL_LT_8
S1-Y-B+06.0-D+06.0,STAGE_1_Y_POSITION_ONLY,COARSE_1.00_MM,6.0,0.0,2020_UNCHANGED,20.0,6.0,6.0,V008_BASELINE_INWARD,STANDARD_RESERVED,5.5,0.5,15.5,10.5,17.0,25.5,-4.0,8.5,290.0,145.0,-145.0,0,0,0,0,0,8,7,0,18.0,4.0,-36.0,FAIL,LEFT_RIGHT_INNER_SUPPORT_COLLISION;PTO_NOMINAL_LT_13;PTO_RESIDUAL_LT_8
S1-Y-B+06.0-D+07.0,STAGE_1_Y_POSITION_ONLY,COARSE_1.00_MM,6.0,0.0,2020_UNCHANGED,20.0,7.0,7.0,V008_BASELINE_INWARD,STANDARD_RESERVED,6.5,1.5,15.5,10.5,18.0,25.5,-6.0,8.5,290.0,145.0,-145.0,0,0,0,0,0,8,7,0,20.0,4.0,-22.0,FAIL,LEFT_RIGHT_INNER_SUPPORT_COLLISION;PTO_NOMINAL_LT_13;PTO_RESIDUAL_LT_8
S1-Y-B+06.0-D+08.0,STAGE_1_Y_POSITION_ONLY,COARSE_1.00_MM,6.0,0.0,2020_UNCHANGED,20.0,8.0,8.0,V008_BASELINE_INWARD,STANDARD_RESERVED,7.5,2.5,15.5,10.5,19.0,25.5,-8.0,8.5,290.0,145.0,-145.0,0,0,0,0,0,8,7,0,22.0,4.0,-8.0,FAIL,LEFT_RIGHT_INNER_SUPPORT_COLLISION;PTO_NOMINAL_LT_13;PTO_RESIDUAL_LT_8
S1-Y-B+06.0-D+09.0,STAGE_1_Y_POSITION_ONLY,COARSE_1.00_MM,6.0,0.0,2020_UNCHANGED,20.0,9.0,9.0,V008_BASELINE_INWARD,STANDARD_RESERVED,8.5,3.5,15.5,10.5,20.0,25.5,-10.0,8.5,290.0,145.0,-145.0,0,0,0,0,0,8,7,0,24.0,4.0,6.0,FAIL,LEFT_RIGHT_INNER_SUPPORT_COLLISION;PTO_NOMINAL_LT_13;PTO_RESIDUAL_LT_8
S1-Y-B+06.0-D+10.0,STAGE_1_Y_POSITION_ONLY,COARSE_1.00_MM,6.0,0.0,2020_UNCHANGED,20.0,10.0,10.0,V008_BASELINE_INWARD,STANDARD_RESERVED,9.5,4.5,15.5,10.5,21.0,25.5,-12.0,8.5,290.0,145.0,-145.0,0,0,0,0,0,8,7,0,26.0,4.0,20.0,FAIL,LEFT_RIGHT_INNER_SUPPORT_COLLISION;PTO_NOMINAL_LT_13;PTO_RESIDUAL_LT_8
S1-Y-B+07.0-D-10.0,STAGE_1_Y_POSITION_ONLY,COARSE_1.00_MM,7.0,0.0,2020_UNCHANGED,20.0,-10.0,-10.0,V008_BASELINE_INWARD,STANDARD_RESERVED,-11.5,-16.5,15.5,10.5,0.0,26.5,28.0,8.5,290.0,145.0,-145.0,1,1,0,0,0,8,7,0,27.0,4.0,-403.0,FAIL,NONZERO_INTERSECTION;PTO_NOMINAL_LT_13;PTO_RESIDUAL_LT_8;PULLEY_FIXED_LT_10
S1-Y-B+07.0-D-09.0,STAGE_1_Y_POSITION_ONLY,COARSE_1.00_MM,7.0,0.0,2020_UNCHANGED,20.0,-9.0,-9.0,V008_BASELINE_INWARD,STANDARD_RESERVED,-10.5,-15.5,15.5,10.5,1.0,26.5,26.0,8.5,290.0,145.0,-145.0,1,1,0,0,0,8,7,0,25.0,4.0,-377.0,FAIL,NONZERO_INTERSECTION;PTO_NOMINAL_LT_13;PTO_RESIDUAL_LT_8;PULLEY_FIXED_LT_10
S1-Y-B+07.0-D-08.0,STAGE_1_Y_POSITION_ONLY,COARSE_1.00_MM,7.0,0.0,2020_UNCHANGED,20.0,-8.0,-8.0,V008_BASELINE_INWARD,STANDARD_RESERVED,-9.5,-14.5,15.5,10.5,2.0,26.5,24.0,8.5,290.0,145.0,-145.0,1,1,0,0,0,8,7,0,23.0,4.0,-351.0,FAIL,NONZERO_INTERSECTION;PTO_NOMINAL_LT_13;PTO_RESIDUAL_LT_8;PULLEY_FIXED_LT_10
S1-Y-B+07.0-D-07.0,STAGE_1_Y_POSITION_ONLY,COARSE_1.00_MM,7.0,0.0,2020_UNCHANGED,20.0,-7.0,-7.0,V008_BASELINE_INWARD,STANDARD_RESERVED,-8.5,-13.5,15.5,10.5,3.0,26.5,22.0,8.5,290.0,145.0,-145.0,1,1,0,0,0,8,7,0,21.0,4.0,-325.0,FAIL,NONZERO_INTERSECTION;PTO_NOMINAL_LT_13;PTO_RESIDUAL_LT_8;PULLEY_FIXED_LT_10
S1-Y-B+07.0-D-06.0,STAGE_1_Y_POSITION_ONLY,COARSE_1.00_MM,7.0,0.0,2020_UNCHANGED,20.0,-6.0,-6.0,V008_BASELINE_INWARD,STANDARD_RESERVED,-7.5,-12.5,15.5,10.5,4.0,26.5,20.0,8.5,290.0,145.0,-145.0,1,1,0,0,0,8,7,0,19.0,4.0,-299.0,FAIL,NONZERO_INTERSECTION;PTO_NOMINAL_LT_13;PTO_RESIDUAL_LT_8;PULLEY_FIXED_LT_10
S1-Y-B+07.0-D-05.0,STAGE_1_Y_POSITION_ONLY,COARSE_1.00_MM,7.0,0.0,2020_UNCHANGED,20.0,-5.0,-5.0,V008_BASELINE_INWARD,STANDARD_RESERVED,-6.5,-11.5,15.5,10.5,5.0,26.5,18.0,8.5,290.0,145.0,-145.0,1,1,0,0,0,8,7,0,17.0,4.0,-273.0,FAIL,NONZERO_INTERSECTION;PTO_NOMINAL_LT_13;PTO_RESIDUAL_LT_8;PULLEY_FIXED_LT_10
S1-Y-B+07.0-D-04.0,STAGE_1_Y_POSITION_ONLY,COARSE_1.00_MM,7.0,0.0,2020_UNCHANGED,20.0,-4.0,-4.0,V008_BASELINE_INWARD,STANDARD_RESERVED,-5.5,-10.5,15.5,10.5,6.0,26.5,16.0,8.5,290.0,145.0,-145.0,1,1,0,0,0,8,7,0,15.0,4.0,-247.0,FAIL,NONZERO_INTERSECTION;PTO_NOMINAL_LT_13;PTO_RESIDUAL_LT_8;PULLEY_FIXED_LT_10
S1-Y-B+07.0-D-03.0,STAGE_1_Y_POSITION_ONLY,COARSE_1.00_MM,7.0,0.0,2020_UNCHANGED,20.0,-3.0,-3.0,V008_BASELINE_INWARD,STANDARD_RESERVED,-4.5,-9.5,15.5,10.5,7.0,26.5,14.0,8.5,290.0,145.0,-145.0,1,1,0,0,0,8,7,0,13.0,4.0,-221.0,FAIL,NONZERO_INTERSECTION;PTO_NOMINAL_LT_13;PTO_RESIDUAL_LT_8;PULLEY_FIXED_LT_10
S1-Y-B+07.0-D-02.0,STAGE_1_Y_POSITION_ONLY,COARSE_1.00_MM,7.0,0.0,2020_UNCHANGED,20.0,-2.0,-2.0,V008_BASELINE_INWARD,STANDARD_RESERVED,-3.5,-8.5,15.5,10.5,8.0,26.5,12.0,8.5,290.0,145.0,-145.0,1,1,0,0,0,8,7,0,11.0,4.0,-195.0,FAIL,NONZERO_INTERSECTION;PTO_NOMINAL_LT_13;PTO_RESIDUAL_LT_8;PULLEY_FIXED_LT_10
S1-Y-B+07.0-D-01.0,STAGE_1_Y_POSITION_ONLY,COARSE_1.00_MM,7.0,0.0,2020_UNCHANGED,20.0,-1.0,-1.0,V008_BASELINE_INWARD,STANDARD_RESERVED,-2.5,-7.5,15.5,10.5,9.0,26.5,10.0,8.5,290.0,145.0,-145.0,1,1,0,0,0,8,7,0,9.0,4.0,-169.0,FAIL,NONZERO_INTERSECTION;PTO_NOMINAL_LT_13;PTO_RESIDUAL_LT_8;PULLEY_FIXED_LT_10
S1-Y-B+07.0-D+00.0,STAGE_1_Y_POSITION_ONLY,COARSE_1.00_MM,7.0,0.0,2020_UNCHANGED,20.0,0.0,0.0,V008_BASELINE_INWARD,STANDARD_RESERVED,-1.5,-6.5,15.5,10.5,10.0,26.5,8.0,8.5,290.0,145.0,-145.0,1,1,0,0,0,8,7,0,7.0,4.0,-143.0,FAIL,NONZERO_INTERSECTION;PTO_NOMINAL_LT_13;PTO_RESIDUAL_LT_8
S1-Y-B+07.0-D+01.0,STAGE_1_Y_POSITION_ONLY,COARSE_1.00_MM,7.0,0.0,2020_UNCHANGED,20.0,1.0,1.0,V008_BASELINE_INWARD,STANDARD_RESERVED,-0.5,-5.5,15.5,10.5,11.0,26.5,6.0,8.5,290.0,145.0,-145.0,1,1,0,0,0,8,7,0,9.0,4.0,-129.0,FAIL,NONZERO_INTERSECTION;PTO_NOMINAL_LT_13;PTO_RESIDUAL_LT_8
S1-Y-B+07.0-D+02.0,STAGE_1_Y_POSITION_ONLY,COARSE_1.00_MM,7.0,0.0,2020_UNCHANGED,20.0,2.0,2.0,V008_BASELINE_INWARD,STANDARD_RESERVED,0.5,-4.5,15.5,10.5,12.0,26.5,4.0,8.5,290.0,145.0,-145.0,0,0,0,0,0,8,7,0,11.0,4.0,-115.0,FAIL,PTO_NOMINAL_LT_13;PTO_RESIDUAL_LT_8
S1-Y-B+07.0-D+03.0,STAGE_1_Y_POSITION_ONLY,COARSE_1.00_MM,7.0,0.0,2020_UNCHANGED,20.0,3.0,3.0,V008_BASELINE_INWARD,STANDARD_RESERVED,1.5,-3.5,15.5,10.5,13.0,26.5,2.0,8.5,290.0,145.0,-145.0,0,0,0,0,0,8,7,0,13.0,4.0,-101.0,FAIL,PTO_NOMINAL_LT_13;PTO_RESIDUAL_LT_8
S1-Y-B+07.0-D+04.0,STAGE_1_Y_POSITION_ONLY,COARSE_1.00_MM,7.0,0.0,2020_UNCHANGED,20.0,4.0,4.0,V008_BASELINE_INWARD,STANDARD_RESERVED,2.5,-2.5,15.5,10.5,14.0,26.5,0.0,8.5,290.0,145.0,-145.0,0,0,0,0,0,8,7,0,15.0,4.0,-87.0,FAIL,PTO_NOMINAL_LT_13;PTO_RESIDUAL_LT_8
S1-Y-B+07.0-D+05.0,STAGE_1_Y_POSITION_ONLY,COARSE_1.00_MM,7.0,0.0,2020_UNCHANGED,20.0,5.0,5.0,V008_BASELINE_INWARD,STANDARD_RESERVED,3.5,-1.5,15.5,10.5,15.0,26.5,-2.0,8.5,290.0,145.0,-145.0,0,0,0,0,0,8,7,0,17.0,4.0,-73.0,FAIL,LEFT_RIGHT_INNER_SUPPORT_COLLISION;PTO_NOMINAL_LT_13;PTO_RESIDUAL_LT_8
S1-Y-B+07.0-D+06.0,STAGE_1_Y_POSITION_ONLY,COARSE_1.00_MM,7.0,0.0,2020_UNCHANGED,20.0,6.0,6.0,V008_BASELINE_INWARD,STANDARD_RESERVED,4.5,-0.5,15.5,10.5,16.0,26.5,-4.0,8.5,290.0,145.0,-145.0,0,0,0,0,0,8,7,0,19.0,4.0,-59.0,FAIL,LEFT_RIGHT_INNER_SUPPORT_COLLISION;PTO_NOMINAL_LT_13;PTO_RESIDUAL_LT_8
S1-Y-B+07.0-D+07.0,STAGE_1_Y_POSITION_ONLY,COARSE_1.00_MM,7.0,0.0,2020_UNCHANGED,20.0,7.0,7.0,V008_BASELINE_INWARD,STANDARD_RESERVED,5.5,0.5,15.5,10.5,17.0,26.5,-6.0,8.5,290.0,145.0,-145.0,0,0,0,0,0,8,7,0,21.0,4.0,-45.0,FAIL,LEFT_RIGHT_INNER_SUPPORT_COLLISION;PTO_NOMINAL_LT_13;PTO_RESIDUAL_LT_8
S1-Y-B+07.0-D+08.0,STAGE_1_Y_POSITION_ONLY,COARSE_1.00_MM,7.0,0.0,2020_UNCHANGED,20.0,8.0,8.0,V008_BASELINE_INWARD,STANDARD_RESERVED,6.5,1.5,15.5,10.5,18.0,26.5,-8.0,8.5,290.0,145.0,-145.0,0,0,0,0,0,8,7,0,23.0,4.0,-31.0,FAIL,LEFT_RIGHT_INNER_SUPPORT_COLLISION;PTO_NOMINAL_LT_13;PTO_RESIDUAL_LT_8
S1-Y-B+07.0-D+09.0,STAGE_1_Y_POSITION_ONLY,COARSE_1.00_MM,7.0,0.0,2020_UNCHANGED,20.0,9.0,9.0,V008_BASELINE_INWARD,STANDARD_RESERVED,7.5,2.5,15.5,10.5,19.0,26.5,-10.0,8.5,290.0,145.0,-145.0,0,0,0,0,0,8,7,0,25.0,4.0,-17.0,FAIL,LEFT_RIGHT_INNER_SUPPORT_COLLISION;PTO_NOMINAL_LT_13;PTO_RESIDUAL_LT_8
S1-Y-B+07.0-D+10.0,STAGE_1_Y_POSITION_ONLY,COARSE_1.00_MM,7.0,0.0,2020_UNCHANGED,20.0,10.0,10.0,V008_BASELINE_INWARD,STANDARD_RESERVED,8.5,3.5,15.5,10.5,20.0,26.5,-12.0,8.5,290.0,145.0,-145.0,0,0,0,0,0,8,7,0,27.0,4.0,-3.0,FAIL,LEFT_RIGHT_INNER_SUPPORT_COLLISION;PTO_NOMINAL_LT_13;PTO_RESIDUAL_LT_8
S1-Y-B+08.0-D-10.0,STAGE_1_Y_POSITION_ONLY,COARSE_1.00_MM,8.0,0.0,2020_UNCHANGED,20.0,-10.0,-10.0,V008_BASELINE_INWARD,STANDARD_RESERVED,-12.5,-17.5,15.5,10.5,-1.0,27.5,28.0,8.5,290.0,145.0,-145.0,1,1,0,0,0,8,7,0,28.0,4.0,-426.0,FAIL,NONZERO_INTERSECTION;PTO_NOMINAL_LT_13;PTO_RESIDUAL_LT_8;PULLEY_FIXED_LT_10
S1-Y-B+08.0-D-09.0,STAGE_1_Y_POSITION_ONLY,COARSE_1.00_MM,8.0,0.0,2020_UNCHANGED,20.0,-9.0,-9.0,V008_BASELINE_INWARD,STANDARD_RESERVED,-11.5,-16.5,15.5,10.5,0.0,27.5,26.0,8.5,290.0,145.0,-145.0,1,1,0,0,0,8,7,0,26.0,4.0,-400.0,FAIL,NONZERO_INTERSECTION;PTO_NOMINAL_LT_13;PTO_RESIDUAL_LT_8;PULLEY_FIXED_LT_10
S1-Y-B+08.0-D-08.0,STAGE_1_Y_POSITION_ONLY,COARSE_1.00_MM,8.0,0.0,2020_UNCHANGED,20.0,-8.0,-8.0,V008_BASELINE_INWARD,STANDARD_RESERVED,-10.5,-15.5,15.5,10.5,1.0,27.5,24.0,8.5,290.0,145.0,-145.0,1,1,0,0,0,8,7,0,24.0,4.0,-374.0,FAIL,NONZERO_INTERSECTION;PTO_NOMINAL_LT_13;PTO_RESIDUAL_LT_8;PULLEY_FIXED_LT_10
S1-Y-B+08.0-D-07.0,STAGE_1_Y_POSITION_ONLY,COARSE_1.00_MM,8.0,0.0,2020_UNCHANGED,20.0,-7.0,-7.0,V008_BASELINE_INWARD,STANDARD_RESERVED,-9.5,-14.5,15.5,10.5,2.0,27.5,22.0,8.5,290.0,145.0,-145.0,1,1,0,0,0,8,7,0,22.0,4.0,-348.0,FAIL,NONZERO_INTERSECTION;PTO_NOMINAL_LT_13;PTO_RESIDUAL_LT_8;PULLEY_FIXED_LT_10
S1-Y-B+08.0-D-06.0,STAGE_1_Y_POSITION_ONLY,COARSE_1.00_MM,8.0,0.0,2020_UNCHANGED,20.0,-6.0,-6.0,V008_BASELINE_INWARD,STANDARD_RESERVED,-8.5,-13.5,15.5,10.5,3.0,27.5,20.0,8.5,290.0,145.0,-145.0,1,1,0,0,0,8,7,0,20.0,4.0,-322.0,FAIL,NONZERO_INTERSECTION;PTO_NOMINAL_LT_13;PTO_RESIDUAL_LT_8;PULLEY_FIXED_LT_10
S1-Y-B+08.0-D-05.0,STAGE_1_Y_POSITION_ONLY,COARSE_1.00_MM,8.0,0.0,2020_UNCHANGED,20.0,-5.0,-5.0,V008_BASELINE_INWARD,STANDARD_RESERVED,-7.5,-12.5,15.5,10.5,4.0,27.5,18.0,8.5,290.0,145.0,-145.0,1,1,0,0,0,8,7,0,18.0,4.0,-296.0,FAIL,NONZERO_INTERSECTION;PTO_NOMINAL_LT_13;PTO_RESIDUAL_LT_8;PULLEY_FIXED_LT_10
S1-Y-B+08.0-D-04.0,STAGE_1_Y_POSITION_ONLY,COARSE_1.00_MM,8.0,0.0,2020_UNCHANGED,20.0,-4.0,-4.0,V008_BASELINE_INWARD,STANDARD_RESERVED,-6.5,-11.5,15.5,10.5,5.0,27.5,16.0,8.5,290.0,145.0,-145.0,1,1,0,0,0,8,7,0,16.0,4.0,-270.0,FAIL,NONZERO_INTERSECTION;PTO_NOMINAL_LT_13;PTO_RESIDUAL_LT_8;PULLEY_FIXED_LT_10
S1-Y-B+08.0-D-03.0,STAGE_1_Y_POSITION_ONLY,COARSE_1.00_MM,8.0,0.0,2020_UNCHANGED,20.0,-3.0,-3.0,V008_BASELINE_INWARD,STANDARD_RESERVED,-5.5,-10.5,15.5,10.5,6.0,27.5,14.0,8.5,290.0,145.0,-145.0,1,1,0,0,0,8,7,0,14.0,4.0,-244.0,FAIL,NONZERO_INTERSECTION;PTO_NOMINAL_LT_13;PTO_RESIDUAL_LT_8;PULLEY_FIXED_LT_10
S1-Y-B+08.0-D-02.0,STAGE_1_Y_POSITION_ONLY,COARSE_1.00_MM,8.0,0.0,2020_UNCHANGED,20.0,-2.0,-2.0,V008_BASELINE_INWARD,STANDARD_RESERVED,-4.5,-9.5,15.5,10.5,7.0,27.5,12.0,8.5,290.0,145.0,-145.0,1,1,0,0,0,8,7,0,12.0,4.0,-218.0,FAIL,NONZERO_INTERSECTION;PTO_NOMINAL_LT_13;PTO_RESIDUAL_LT_8;PULLEY_FIXED_LT_10
S1-Y-B+08.0-D-01.0,STAGE_1_Y_POSITION_ONLY,COARSE_1.00_MM,8.0,0.0,2020_UNCHANGED,20.0,-1.0,-1.0,V008_BASELINE_INWARD,STANDARD_RESERVED,-3.5,-8.5,15.5,10.5,8.0,27.5,10.0,8.5,290.0,145.0,-145.0,1,1,0,0,0,8,7,0,10.0,4.0,-192.0,FAIL,NONZERO_INTERSECTION;PTO_NOMINAL_LT_13;PTO_RESIDUAL_LT_8;PULLEY_FIXED_LT_10
S1-Y-B+08.0-D+00.0,STAGE_1_Y_POSITION_ONLY,COARSE_1.00_MM,8.0,0.0,2020_UNCHANGED,20.0,0.0,0.0,V008_BASELINE_INWARD,STANDARD_RESERVED,-2.5,-7.5,15.5,10.5,9.0,27.5,8.0,8.5,290.0,145.0,-145.0,1,1,0,0,0,8,7,0,8.0,4.0,-166.0,FAIL,NONZERO_INTERSECTION;PTO_NOMINAL_LT_13;PTO_RESIDUAL_LT_8;PULLEY_FIXED_LT_10
S1-Y-B+08.0-D+01.0,STAGE_1_Y_POSITION_ONLY,COARSE_1.00_MM,8.0,0.0,2020_UNCHANGED,20.0,1.0,1.0,V008_BASELINE_INWARD,STANDARD_RESERVED,-1.5,-6.5,15.5,10.5,10.0,27.5,6.0,8.5,290.0,145.0,-145.0,1,1,0,0,0,8,7,0,10.0,4.0,-152.0,FAIL,NONZERO_INTERSECTION;PTO_NOMINAL_LT_13;PTO_RESIDUAL_LT_8
S1-Y-B+08.0-D+02.0,STAGE_1_Y_POSITION_ONLY,COARSE_1.00_MM,8.0,0.0,2020_UNCHANGED,20.0,2.0,2.0,V008_BASELINE_INWARD,STANDARD_RESERVED,-0.5,-5.5,15.5,10.5,11.0,27.5,4.0,8.5,290.0,145.0,-145.0,1,1,0,0,0,8,7,0,12.0,4.0,-138.0,FAIL,NONZERO_INTERSECTION;PTO_NOMINAL_LT_13;PTO_RESIDUAL_LT_8
S1-Y-B+08.0-D+03.0,STAGE_1_Y_POSITION_ONLY,COARSE_1.00_MM,8.0,0.0,2020_UNCHANGED,20.0,3.0,3.0,V008_BASELINE_INWARD,STANDARD_RESERVED,0.5,-4.5,15.5,10.5,12.0,27.5,2.0,8.5,290.0,145.0,-145.0,0,0,0,0,0,8,7,0,14.0,4.0,-124.0,FAIL,PTO_NOMINAL_LT_13;PTO_RESIDUAL_LT_8
S1-Y-B+08.0-D+04.0,STAGE_1_Y_POSITION_ONLY,COARSE_1.00_MM,8.0,0.0,2020_UNCHANGED,20.0,4.0,4.0,V008_BASELINE_INWARD,STANDARD_RESERVED,1.5,-3.5,15.5,10.5,13.0,27.5,0.0,8.5,290.0,145.0,-145.0,0,0,0,0,0,8,7,0,16.0,4.0,-110.0,FAIL,PTO_NOMINAL_LT_13;PTO_RESIDUAL_LT_8
S1-Y-B+08.0-D+05.0,STAGE_1_Y_POSITION_ONLY,COARSE_1.00_MM,8.0,0.0,2020_UNCHANGED,20.0,5.0,5.0,V008_BASELINE_INWARD,STANDARD_RESERVED,2.5,-2.5,15.5,10.5,14.0,27.5,-2.0,8.5,290.0,145.0,-145.0,0,0,0,0,0,8,7,0,18.0,4.0,-96.0,FAIL,LEFT_RIGHT_INNER_SUPPORT_COLLISION;PTO_NOMINAL_LT_13;PTO_RESIDUAL_LT_8
S1-Y-B+08.0-D+06.0,STAGE_1_Y_POSITION_ONLY,COARSE_1.00_MM,8.0,0.0,2020_UNCHANGED,20.0,6.0,6.0,V008_BASELINE_INWARD,STANDARD_RESERVED,3.5,-1.5,15.5,10.5,15.0,27.5,-4.0,8.5,290.0,145.0,-145.0,0,0,0,0,0,8,7,0,20.0,4.0,-82.0,FAIL,LEFT_RIGHT_INNER_SUPPORT_COLLISION;PTO_NOMINAL_LT_13;PTO_RESIDUAL_LT_8
S1-Y-B+08.0-D+07.0,STAGE_1_Y_POSITION_ONLY,COARSE_1.00_MM,8.0,0.0,2020_UNCHANGED,20.0,7.0,7.0,V008_BASELINE_INWARD,STANDARD_RESERVED,4.5,-0.5,15.5,10.5,16.0,27.5,-6.0,8.5,290.0,145.0,-145.0,0,0,0,0,0,8,7,0,22.0,4.0,-68.0,FAIL,LEFT_RIGHT_INNER_SUPPORT_COLLISION;PTO_NOMINAL_LT_13;PTO_RESIDUAL_LT_8
S1-Y-B+08.0-D+08.0,STAGE_1_Y_POSITION_ONLY,COARSE_1.00_MM,8.0,0.0,2020_UNCHANGED,20.0,8.0,8.0,V008_BASELINE_INWARD,STANDARD_RESERVED,5.5,0.5,15.5,10.5,17.0,27.5,-8.0,8.5,290.0,145.0,-145.0,0,0,0,0,0,8,7,0,24.0,4.0,-54.0,FAIL,LEFT_RIGHT_INNER_SUPPORT_COLLISION;PTO_NOMINAL_LT_13;PTO_RESIDUAL_LT_8
S1-Y-B+08.0-D+09.0,STAGE_1_Y_POSITION_ONLY,COARSE_1.00_MM,8.0,0.0,2020_UNCHANGED,20.0,9.0,9.0,V008_BASELINE_INWARD,STANDARD_RESERVED,6.5,1.5,15.5,10.5,18.0,27.5,-10.0,8.5,290.0,145.0,-145.0,0,0,0,0,0,8,7,0,26.0,4.0,-40.0,FAIL,LEFT_RIGHT_INNER_SUPPORT_COLLISION;PTO_NOMINAL_LT_13;PTO_RESIDUAL_LT_8
S1-Y-B+08.0-D+10.0,STAGE_1_Y_POSITION_ONLY,COARSE_1.00_MM,8.0,0.0,2020_UNCHANGED,20.0,10.0,10.0,V008_BASELINE_INWARD,STANDARD_RESERVED,7.5,2.5,15.5,10.5,19.0,27.5,-12.0,8.5,290.0,145.0,-145.0,0,0,0,0,0,8,7,0,28.0,4.0,-26.0,FAIL,LEFT_RIGHT_INNER_SUPPORT_COLLISION;PTO_NOMINAL_LT_13;PTO_RESIDUAL_LT_8
S1-Y-B+09.0-D-10.0,STAGE_1_Y_POSITION_ONLY,COARSE_1.00_MM,9.0,0.0,2020_UNCHANGED,20.0,-10.0,-10.0,V008_BASELINE_INWARD,STANDARD_RESERVED,-13.5,-18.5,15.5,10.5,-2.0,28.5,28.0,8.5,290.0,145.0,-145.0,1,1,0,0,0,8,7,0,29.0,4.0,-449.0,FAIL,NONZERO_INTERSECTION;PTO_NOMINAL_LT_13;PTO_RESIDUAL_LT_8;PULLEY_FIXED_LT_10
S1-Y-B+09.0-D-09.0,STAGE_1_Y_POSITION_ONLY,COARSE_1.00_MM,9.0,0.0,2020_UNCHANGED,20.0,-9.0,-9.0,V008_BASELINE_INWARD,STANDARD_RESERVED,-12.5,-17.5,15.5,10.5,-1.0,28.5,26.0,8.5,290.0,145.0,-145.0,1,1,0,0,0,8,7,0,27.0,4.0,-423.0,FAIL,NONZERO_INTERSECTION;PTO_NOMINAL_LT_13;PTO_RESIDUAL_LT_8;PULLEY_FIXED_LT_10
S1-Y-B+09.0-D-08.0,STAGE_1_Y_POSITION_ONLY,COARSE_1.00_MM,9.0,0.0,2020_UNCHANGED,20.0,-8.0,-8.0,V008_BASELINE_INWARD,STANDARD_RESERVED,-11.5,-16.5,15.5,10.5,0.0,28.5,24.0,8.5,290.0,145.0,-145.0,1,1,0,0,0,8,7,0,25.0,4.0,-397.0,FAIL,NONZERO_INTERSECTION;PTO_NOMINAL_LT_13;PTO_RESIDUAL_LT_8;PULLEY_FIXED_LT_10
S1-Y-B+09.0-D-07.0,STAGE_1_Y_POSITION_ONLY,COARSE_1.00_MM,9.0,0.0,2020_UNCHANGED,20.0,-7.0,-7.0,V008_BASELINE_INWARD,STANDARD_RESERVED,-10.5,-15.5,15.5,10.5,1.0,28.5,22.0,8.5,290.0,145.0,-145.0,1,1,0,0,0,8,7,0,23.0,4.0,-371.0,FAIL,NONZERO_INTERSECTION;PTO_NOMINAL_LT_13;PTO_RESIDUAL_LT_8;PULLEY_FIXED_LT_10
S1-Y-B+09.0-D-06.0,STAGE_1_Y_POSITION_ONLY,COARSE_1.00_MM,9.0,0.0,2020_UNCHANGED,20.0,-6.0,-6.0,V008_BASELINE_INWARD,STANDARD_RESERVED,-9.5,-14.5,15.5,10.5,2.0,28.5,20.0,8.5,290.0,145.0,-145.0,1,1,0,0,0,8,7,0,21.0,4.0,-345.0,FAIL,NONZERO_INTERSECTION;PTO_NOMINAL_LT_13;PTO_RESIDUAL_LT_8;PULLEY_FIXED_LT_10
S1-Y-B+09.0-D-05.0,STAGE_1_Y_POSITION_ONLY,COARSE_1.00_MM,9.0,0.0,2020_UNCHANGED,20.0,-5.0,-5.0,V008_BASELINE_INWARD,STANDARD_RESERVED,-8.5,-13.5,15.5,10.5,3.0,28.5,18.0,8.5,290.0,145.0,-145.0,1,1,0,0,0,8,7,0,19.0,4.0,-319.0,FAIL,NONZERO_INTERSECTION;PTO_NOMINAL_LT_13;PTO_RESIDUAL_LT_8;PULLEY_FIXED_LT_10
S1-Y-B+09.0-D-04.0,STAGE_1_Y_POSITION_ONLY,COARSE_1.00_MM,9.0,0.0,2020_UNCHANGED,20.0,-4.0,-4.0,V008_BASELINE_INWARD,STANDARD_RESERVED,-7.5,-12.5,15.5,10.5,4.0,28.5,16.0,8.5,290.0,145.0,-145.0,1,1,0,0,0,8,7,0,17.0,4.0,-293.0,FAIL,NONZERO_INTERSECTION;PTO_NOMINAL_LT_13;PTO_RESIDUAL_LT_8;PULLEY_FIXED_LT_10
S1-Y-B+09.0-D-03.0,STAGE_1_Y_POSITION_ONLY,COARSE_1.00_MM,9.0,0.0,2020_UNCHANGED,20.0,-3.0,-3.0,V008_BASELINE_INWARD,STANDARD_RESERVED,-6.5,-11.5,15.5,10.5,5.0,28.5,14.0,8.5,290.0,145.0,-145.0,1,1,0,0,0,8,7,0,15.0,4.0,-267.0,FAIL,NONZERO_INTERSECTION;PTO_NOMINAL_LT_13;PTO_RESIDUAL_LT_8;PULLEY_FIXED_LT_10
S1-Y-B+09.0-D-02.0,STAGE_1_Y_POSITION_ONLY,COARSE_1.00_MM,9.0,0.0,2020_UNCHANGED,20.0,-2.0,-2.0,V008_BASELINE_INWARD,STANDARD_RESERVED,-5.5,-10.5,15.5,10.5,6.0,28.5,12.0,8.5,290.0,145.0,-145.0,1,1,0,0,0,8,7,0,13.0,4.0,-241.0,FAIL,NONZERO_INTERSECTION;PTO_NOMINAL_LT_13;PTO_RESIDUAL_LT_8;PULLEY_FIXED_LT_10
S1-Y-B+09.0-D-01.0,STAGE_1_Y_POSITION_ONLY,COARSE_1.00_MM,9.0,0.0,2020_UNCHANGED,20.0,-1.0,-1.0,V008_BASELINE_INWARD,STANDARD_RESERVED,-4.5,-9.5,15.5,10.5,7.0,28.5,10.0,8.5,290.0,145.0,-145.0,1,1,0,0,0,8,7,0,11.0,4.0,-215.0,FAIL,NONZERO_INTERSECTION;PTO_NOMINAL_LT_13;PTO_RESIDUAL_LT_8;PULLEY_FIXED_LT_10
S1-Y-B+09.0-D+00.0,STAGE_1_Y_POSITION_ONLY,COARSE_1.00_MM,9.0,0.0,2020_UNCHANGED,20.0,0.0,0.0,V008_BASELINE_INWARD,STANDARD_RESERVED,-3.5,-8.5,15.5,10.5,8.0,28.5,8.0,8.5,290.0,145.0,-145.0,1,1,0,0,0,8,7,0,9.0,4.0,-189.0,FAIL,NONZERO_INTERSECTION;PTO_NOMINAL_LT_13;PTO_RESIDUAL_LT_8;PULLEY_FIXED_LT_10
S1-Y-B+09.0-D+01.0,STAGE_1_Y_POSITION_ONLY,COARSE_1.00_MM,9.0,0.0,2020_UNCHANGED,20.0,1.0,1.0,V008_BASELINE_INWARD,STANDARD_RESERVED,-2.5,-7.5,15.5,10.5,9.0,28.5,6.0,8.5,290.0,145.0,-145.0,1,1,0,0,0,8,7,0,11.0,4.0,-175.0,FAIL,NONZERO_INTERSECTION;PTO_NOMINAL_LT_13;PTO_RESIDUAL_LT_8;PULLEY_FIXED_LT_10
S1-Y-B+09.0-D+02.0,STAGE_1_Y_POSITION_ONLY,COARSE_1.00_MM,9.0,0.0,2020_UNCHANGED,20.0,2.0,2.0,V008_BASELINE_INWARD,STANDARD_RESERVED,-1.5,-6.5,15.5,10.5,10.0,28.5,4.0,8.5,290.0,145.0,-145.0,1,1,0,0,0,8,7,0,13.0,4.0,-161.0,FAIL,NONZERO_INTERSECTION;PTO_NOMINAL_LT_13;PTO_RESIDUAL_LT_8
S1-Y-B+09.0-D+03.0,STAGE_1_Y_POSITION_ONLY,COARSE_1.00_MM,9.0,0.0,2020_UNCHANGED,20.0,3.0,3.0,V008_BASELINE_INWARD,STANDARD_RESERVED,-0.5,-5.5,15.5,10.5,11.0,28.5,2.0,8.5,290.0,145.0,-145.0,1,1,0,0,0,8,7,0,15.0,4.0,-147.0,FAIL,NONZERO_INTERSECTION;PTO_NOMINAL_LT_13;PTO_RESIDUAL_LT_8
S1-Y-B+09.0-D+04.0,STAGE_1_Y_POSITION_ONLY,COARSE_1.00_MM,9.0,0.0,2020_UNCHANGED,20.0,4.0,4.0,V008_BASELINE_INWARD,STANDARD_RESERVED,0.5,-4.5,15.5,10.5,12.0,28.5,0.0,8.5,290.0,145.0,-145.0,0,0,0,0,0,8,7,0,17.0,4.0,-133.0,FAIL,PTO_NOMINAL_LT_13;PTO_RESIDUAL_LT_8
S1-Y-B+09.0-D+05.0,STAGE_1_Y_POSITION_ONLY,COARSE_1.00_MM,9.0,0.0,2020_UNCHANGED,20.0,5.0,5.0,V008_BASELINE_INWARD,STANDARD_RESERVED,1.5,-3.5,15.5,10.5,13.0,28.5,-2.0,8.5,290.0,145.0,-145.0,0,0,0,0,0,8,7,0,19.0,4.0,-119.0,FAIL,LEFT_RIGHT_INNER_SUPPORT_COLLISION;PTO_NOMINAL_LT_13;PTO_RESIDUAL_LT_8
S1-Y-B+09.0-D+06.0,STAGE_1_Y_POSITION_ONLY,COARSE_1.00_MM,9.0,0.0,2020_UNCHANGED,20.0,6.0,6.0,V008_BASELINE_INWARD,STANDARD_RESERVED,2.5,-2.5,15.5,10.5,14.0,28.5,-4.0,8.5,290.0,145.0,-145.0,0,0,0,0,0,8,7,0,21.0,4.0,-105.0,FAIL,LEFT_RIGHT_INNER_SUPPORT_COLLISION;PTO_NOMINAL_LT_13;PTO_RESIDUAL_LT_8
S1-Y-B+09.0-D+07.0,STAGE_1_Y_POSITION_ONLY,COARSE_1.00_MM,9.0,0.0,2020_UNCHANGED,20.0,7.0,7.0,V008_BASELINE_INWARD,STANDARD_RESERVED,3.5,-1.5,15.5,10.5,15.0,28.5,-6.0,8.5,290.0,145.0,-145.0,0,0,0,0,0,8,7,0,23.0,4.0,-91.0,FAIL,LEFT_RIGHT_INNER_SUPPORT_COLLISION;PTO_NOMINAL_LT_13;PTO_RESIDUAL_LT_8
S1-Y-B+09.0-D+08.0,STAGE_1_Y_POSITION_ONLY,COARSE_1.00_MM,9.0,0.0,2020_UNCHANGED,20.0,8.0,8.0,V008_BASELINE_INWARD,STANDARD_RESERVED,4.5,-0.5,15.5,10.5,16.0,28.5,-8.0,8.5,290.0,145.0,-145.0,0,0,0,0,0,8,7,0,25.0,4.0,-77.0,FAIL,LEFT_RIGHT_INNER_SUPPORT_COLLISION;PTO_NOMINAL_LT_13;PTO_RESIDUAL_LT_8
S1-Y-B+09.0-D+09.0,STAGE_1_Y_POSITION_ONLY,COARSE_1.00_MM,9.0,0.0,2020_UNCHANGED,20.0,9.0,9.0,V008_BASELINE_INWARD,STANDARD_RESERVED,5.5,0.5,15.5,10.5,17.0,28.5,-10.0,8.5,290.0,145.0,-145.0,0,0,0,0,0,8,7,0,27.0,4.0,-63.0,FAIL,LEFT_RIGHT_INNER_SUPPORT_COLLISION;PTO_NOMINAL_LT_13;PTO_RESIDUAL_LT_8
S1-Y-B+09.0-D+10.0,STAGE_1_Y_POSITION_ONLY,COARSE_1.00_MM,9.0,0.0,2020_UNCHANGED,20.0,10.0,10.0,V008_BASELINE_INWARD,STANDARD_RESERVED,6.5,1.5,15.5,10.5,18.0,28.5,-12.0,8.5,290.0,145.0,-145.0,0,0,0,0,0,8,7,0,29.0,4.0,-49.0,FAIL,LEFT_RIGHT_INNER_SUPPORT_COLLISION;PTO_NOMINAL_LT_13;PTO_RESIDUAL_LT_8
S1-Y-B+10.0-D-10.0,STAGE_1_Y_POSITION_ONLY,COARSE_1.00_MM,10.0,0.0,2020_UNCHANGED,20.0,-10.0,-10.0,V008_BASELINE_INWARD,STANDARD_RESERVED,-14.5,-19.5,15.5,10.5,-3.0,29.5,28.0,8.5,290.0,145.0,-145.0,1,1,0,0,0,8,7,0,30.0,4.0,-472.0,FAIL,NONZERO_INTERSECTION;PTO_NOMINAL_LT_13;PTO_RESIDUAL_LT_8;PULLEY_FIXED_LT_10
S1-Y-B+10.0-D-09.0,STAGE_1_Y_POSITION_ONLY,COARSE_1.00_MM,10.0,0.0,2020_UNCHANGED,20.0,-9.0,-9.0,V008_BASELINE_INWARD,STANDARD_RESERVED,-13.5,-18.5,15.5,10.5,-2.0,29.5,26.0,8.5,290.0,145.0,-145.0,1,1,0,0,0,8,7,0,28.0,4.0,-446.0,FAIL,NONZERO_INTERSECTION;PTO_NOMINAL_LT_13;PTO_RESIDUAL_LT_8;PULLEY_FIXED_LT_10
S1-Y-B+10.0-D-08.0,STAGE_1_Y_POSITION_ONLY,COARSE_1.00_MM,10.0,0.0,2020_UNCHANGED,20.0,-8.0,-8.0,V008_BASELINE_INWARD,STANDARD_RESERVED,-12.5,-17.5,15.5,10.5,-1.0,29.5,24.0,8.5,290.0,145.0,-145.0,1,1,0,0,0,8,7,0,26.0,4.0,-420.0,FAIL,NONZERO_INTERSECTION;PTO_NOMINAL_LT_13;PTO_RESIDUAL_LT_8;PULLEY_FIXED_LT_10
S1-Y-B+10.0-D-07.0,STAGE_1_Y_POSITION_ONLY,COARSE_1.00_MM,10.0,0.0,2020_UNCHANGED,20.0,-7.0,-7.0,V008_BASELINE_INWARD,STANDARD_RESERVED,-11.5,-16.5,15.5,10.5,0.0,29.5,22.0,8.5,290.0,145.0,-145.0,1,1,0,0,0,8,7,0,24.0,4.0,-394.0,FAIL,NONZERO_INTERSECTION;PTO_NOMINAL_LT_13;PTO_RESIDUAL_LT_8;PULLEY_FIXED_LT_10
S1-Y-B+10.0-D-06.0,STAGE_1_Y_POSITION_ONLY,COARSE_1.00_MM,10.0,0.0,2020_UNCHANGED,20.0,-6.0,-6.0,V008_BASELINE_INWARD,STANDARD_RESERVED,-10.5,-15.5,15.5,10.5,1.0,29.5,20.0,8.5,290.0,145.0,-145.0,1,1,0,0,0,8,7,0,22.0,4.0,-368.0,FAIL,NONZERO_INTERSECTION;PTO_NOMINAL_LT_13;PTO_RESIDUAL_LT_8;PULLEY_FIXED_LT_10
S1-Y-B+10.0-D-05.0,STAGE_1_Y_POSITION_ONLY,COARSE_1.00_MM,10.0,0.0,2020_UNCHANGED,20.0,-5.0,-5.0,V008_BASELINE_INWARD,STANDARD_RESERVED,-9.5,-14.5,15.5,10.5,2.0,29.5,18.0,8.5,290.0,145.0,-145.0,1,1,0,0,0,8,7,0,20.0,4.0,-342.0,FAIL,NONZERO_INTERSECTION;PTO_NOMINAL_LT_13;PTO_RESIDUAL_LT_8;PULLEY_FIXED_LT_10
S1-Y-B+10.0-D-04.0,STAGE_1_Y_POSITION_ONLY,COARSE_1.00_MM,10.0,0.0,2020_UNCHANGED,20.0,-4.0,-4.0,V008_BASELINE_INWARD,STANDARD_RESERVED,-8.5,-13.5,15.5,10.5,3.0,29.5,16.0,8.5,290.0,145.0,-145.0,1,1,0,0,0,8,7,0,18.0,4.0,-316.0,FAIL,NONZERO_INTERSECTION;PTO_NOMINAL_LT_13;PTO_RESIDUAL_LT_8;PULLEY_FIXED_LT_10
S1-Y-B+10.0-D-03.0,STAGE_1_Y_POSITION_ONLY,COARSE_1.00_MM,10.0,0.0,2020_UNCHANGED,20.0,-3.0,-3.0,V008_BASELINE_INWARD,STANDARD_RESERVED,-7.5,-12.5,15.5,10.5,4.0,29.5,14.0,8.5,290.0,145.0,-145.0,1,1,0,0,0,8,7,0,16.0,4.0,-290.0,FAIL,NONZERO_INTERSECTION;PTO_NOMINAL_LT_13;PTO_RESIDUAL_LT_8;PULLEY_FIXED_LT_10
S1-Y-B+10.0-D-02.0,STAGE_1_Y_POSITION_ONLY,COARSE_1.00_MM,10.0,0.0,2020_UNCHANGED,20.0,-2.0,-2.0,V008_BASELINE_INWARD,STANDARD_RESERVED,-6.5,-11.5,15.5,10.5,5.0,29.5,12.0,8.5,290.0,145.0,-145.0,1,1,0,0,0,8,7,0,14.0,4.0,-264.0,FAIL,NONZERO_INTERSECTION;PTO_NOMINAL_LT_13;PTO_RESIDUAL_LT_8;PULLEY_FIXED_LT_10
S1-Y-B+10.0-D-01.0,STAGE_1_Y_POSITION_ONLY,COARSE_1.00_MM,10.0,0.0,2020_UNCHANGED,20.0,-1.0,-1.0,V008_BASELINE_INWARD,STANDARD_RESERVED,-5.5,-10.5,15.5,10.5,6.0,29.5,10.0,8.5,290.0,145.0,-145.0,1,1,0,0,0,8,7,0,12.0,4.0,-238.0,FAIL,NONZERO_INTERSECTION;PTO_NOMINAL_LT_13;PTO_RESIDUAL_LT_8;PULLEY_FIXED_LT_10
S1-Y-B+10.0-D+00.0,STAGE_1_Y_POSITION_ONLY,COARSE_1.00_MM,10.0,0.0,2020_UNCHANGED,20.0,0.0,0.0,V008_BASELINE_INWARD,STANDARD_RESERVED,-4.5,-9.5,15.5,10.5,7.0,29.5,8.0,8.5,290.0,145.0,-145.0,1,1,0,0,0,8,7,0,10.0,4.0,-212.0,FAIL,NONZERO_INTERSECTION;PTO_NOMINAL_LT_13;PTO_RESIDUAL_LT_8;PULLEY_FIXED_LT_10
S1-Y-B+10.0-D+01.0,STAGE_1_Y_POSITION_ONLY,COARSE_1.00_MM,10.0,0.0,2020_UNCHANGED,20.0,1.0,1.0,V008_BASELINE_INWARD,STANDARD_RESERVED,-3.5,-8.5,15.5,10.5,8.0,29.5,6.0,8.5,290.0,145.0,-145.0,1,1,0,0,0,8,7,0,12.0,4.0,-198.0,FAIL,NONZERO_INTERSECTION;PTO_NOMINAL_LT_13;PTO_RESIDUAL_LT_8;PULLEY_FIXED_LT_10
S1-Y-B+10.0-D+02.0,STAGE_1_Y_POSITION_ONLY,COARSE_1.00_MM,10.0,0.0,2020_UNCHANGED,20.0,2.0,2.0,V008_BASELINE_INWARD,STANDARD_RESERVED,-2.5,-7.5,15.5,10.5,9.0,29.5,4.0,8.5,290.0,145.0,-145.0,1,1,0,0,0,8,7,0,14.0,4.0,-184.0,FAIL,NONZERO_INTERSECTION;PTO_NOMINAL_LT_13;PTO_RESIDUAL_LT_8;PULLEY_FIXED_LT_10
S1-Y-B+10.0-D+03.0,STAGE_1_Y_POSITION_ONLY,COARSE_1.00_MM,10.0,0.0,2020_UNCHANGED,20.0,3.0,3.0,V008_BASELINE_INWARD,STANDARD_RESERVED,-1.5,-6.5,15.5,10.5,10.0,29.5,2.0,8.5,290.0,145.0,-145.0,1,1,0,0,0,8,7,0,16.0,4.0,-170.0,FAIL,NONZERO_INTERSECTION;PTO_NOMINAL_LT_13;PTO_RESIDUAL_LT_8
S1-Y-B+10.0-D+04.0,STAGE_1_Y_POSITION_ONLY,COARSE_1.00_MM,10.0,0.0,2020_UNCHANGED,20.0,4.0,4.0,V008_BASELINE_INWARD,STANDARD_RESERVED,-0.5,-5.5,15.5,10.5,11.0,29.5,0.0,8.5,290.0,145.0,-145.0,1,1,0,0,0,8,7,0,18.0,4.0,-156.0,FAIL,NONZERO_INTERSECTION;PTO_NOMINAL_LT_13;PTO_RESIDUAL_LT_8
S1-Y-B+10.0-D+05.0,STAGE_1_Y_POSITION_ONLY,COARSE_1.00_MM,10.0,0.0,2020_UNCHANGED,20.0,5.0,5.0,V008_BASELINE_INWARD,STANDARD_RESERVED,0.5,-4.5,15.5,10.5,12.0,29.5,-2.0,8.5,290.0,145.0,-145.0,0,0,0,0,0,8,7,0,20.0,4.0,-142.0,FAIL,LEFT_RIGHT_INNER_SUPPORT_COLLISION;PTO_NOMINAL_LT_13;PTO_RESIDUAL_LT_8
S1-Y-B+10.0-D+06.0,STAGE_1_Y_POSITION_ONLY,COARSE_1.00_MM,10.0,0.0,2020_UNCHANGED,20.0,6.0,6.0,V008_BASELINE_INWARD,STANDARD_RESERVED,1.5,-3.5,15.5,10.5,13.0,29.5,-4.0,8.5,290.0,145.0,-145.0,0,0,0,0,0,8,7,0,22.0,4.0,-128.0,FAIL,LEFT_RIGHT_INNER_SUPPORT_COLLISION;PTO_NOMINAL_LT_13;PTO_RESIDUAL_LT_8
S1-Y-B+10.0-D+07.0,STAGE_1_Y_POSITION_ONLY,COARSE_1.00_MM,10.0,0.0,2020_UNCHANGED,20.0,7.0,7.0,V008_BASELINE_INWARD,STANDARD_RESERVED,2.5,-2.5,15.5,10.5,14.0,29.5,-6.0,8.5,290.0,145.0,-145.0,0,0,0,0,0,8,7,0,24.0,4.0,-114.0,FAIL,LEFT_RIGHT_INNER_SUPPORT_COLLISION;PTO_NOMINAL_LT_13;PTO_RESIDUAL_LT_8
S1-Y-B+10.0-D+08.0,STAGE_1_Y_POSITION_ONLY,COARSE_1.00_MM,10.0,0.0,2020_UNCHANGED,20.0,8.0,8.0,V008_BASELINE_INWARD,STANDARD_RESERVED,3.5,-1.5,15.5,10.5,15.0,29.5,-8.0,8.5,290.0,145.0,-145.0,0,0,0,0,0,8,7,0,26.0,4.0,-100.0,FAIL,LEFT_RIGHT_INNER_SUPPORT_COLLISION;PTO_NOMINAL_LT_13;PTO_RESIDUAL_LT_8
S1-Y-B+10.0-D+09.0,STAGE_1_Y_POSITION_ONLY,COARSE_1.00_MM,10.0,0.0,2020_UNCHANGED,20.0,9.0,9.0,V008_BASELINE_INWARD,STANDARD_RESERVED,4.5,-0.5,15.5,10.5,16.0,29.5,-10.0,8.5,290.0,145.0,-145.0,0,0,0,0,0,8,7,0,28.0,4.0,-86.0,FAIL,LEFT_RIGHT_INNER_SUPPORT_COLLISION;PTO_NOMINAL_LT_13;PTO_RESIDUAL_LT_8
S1-Y-B+10.0-D+10.0,STAGE_1_Y_POSITION_ONLY,COARSE_1.00_MM,10.0,0.0,2020_UNCHANGED,20.0,10.0,10.0,V008_BASELINE_INWARD,STANDARD_RESERVED,5.5,0.5,15.5,10.5,17.0,29.5,-12.0,8.5,290.0,145.0,-145.0,0,0,0,0,0,8,7,0,30.0,4.0,-72.0,FAIL,LEFT_RIGHT_INNER_SUPPORT_COLLISION;PTO_NOMINAL_LT_13;PTO_RESIDUAL_LT_8
S1-DRIVE--10.0,STAGE_1_DRIVE_Y_POSITION,COARSE_1.00_MM,0.0,-10.0,2020_UNCHANGED,20.0,0.0,0.0,V008_BASELINE_INWARD,STANDARD_RESERVED,5.5,0.5,5.5,0.5,11.0,19.5,8.0,18.5,290.0,145.0,-145.0,0,0,0,0,0,8,7,0,10.0,4.0,-12.0,FAIL,DRIVE_NOMINAL_LT_13;DRIVE_RESIDUAL_LT_8;PTO_NOMINAL_LT_13;PTO_RESIDUAL_LT_8
S1-DRIVE--09.0,STAGE_1_DRIVE_Y_POSITION,COARSE_1.00_MM,0.0,-9.0,2020_UNCHANGED,20.0,0.0,0.0,V008_BASELINE_INWARD,STANDARD_RESERVED,5.5,0.5,6.5,1.5,11.0,19.5,8.0,17.5,290.0,145.0,-145.0,0,0,0,0,0,8,7,0,9.0,4.0,-9.0,FAIL,DRIVE_NOMINAL_LT_13;DRIVE_RESIDUAL_LT_8;PTO_NOMINAL_LT_13;PTO_RESIDUAL_LT_8
S1-DRIVE--08.0,STAGE_1_DRIVE_Y_POSITION,COARSE_1.00_MM,0.0,-8.0,2020_UNCHANGED,20.0,0.0,0.0,V008_BASELINE_INWARD,STANDARD_RESERVED,5.5,0.5,7.5,2.5,11.0,19.5,8.0,16.5,290.0,145.0,-145.0,0,0,0,0,0,8,7,0,8.0,4.0,-6.0,FAIL,DRIVE_NOMINAL_LT_13;DRIVE_RESIDUAL_LT_8;PTO_NOMINAL_LT_13;PTO_RESIDUAL_LT_8
S1-DRIVE--07.0,STAGE_1_DRIVE_Y_POSITION,COARSE_1.00_MM,0.0,-7.0,2020_UNCHANGED,20.0,0.0,0.0,V008_BASELINE_INWARD,STANDARD_RESERVED,5.5,0.5,8.5,3.5,11.0,19.5,8.0,15.5,290.0,145.0,-145.0,0,0,0,0,0,8,7,0,7.0,4.0,-3.0,FAIL,DRIVE_NOMINAL_LT_13;DRIVE_RESIDUAL_LT_8;PTO_NOMINAL_LT_13;PTO_RESIDUAL_LT_8
S1-DRIVE--06.0,STAGE_1_DRIVE_Y_POSITION,COARSE_1.00_MM,0.0,-6.0,2020_UNCHANGED,20.0,0.0,0.0,V008_BASELINE_INWARD,STANDARD_RESERVED,5.5,0.5,9.5,4.5,11.0,19.5,8.0,14.5,290.0,145.0,-145.0,0,0,0,0,0,8,7,0,6.0,4.0,0.0,FAIL,DRIVE_NOMINAL_LT_13;DRIVE_RESIDUAL_LT_8;PTO_NOMINAL_LT_13;PTO_RESIDUAL_LT_8
S1-DRIVE--05.0,STAGE_1_DRIVE_Y_POSITION,COARSE_1.00_MM,0.0,-5.0,2020_UNCHANGED,20.0,0.0,0.0,V008_BASELINE_INWARD,STANDARD_RESERVED,5.5,0.5,10.5,5.5,11.0,19.5,8.0,13.5,290.0,145.0,-145.0,0,0,0,0,0,8,7,0,5.0,4.0,3.0,FAIL,DRIVE_NOMINAL_LT_13;DRIVE_RESIDUAL_LT_8;PTO_NOMINAL_LT_13;PTO_RESIDUAL_LT_8
S1-DRIVE--04.0,STAGE_1_DRIVE_Y_POSITION,COARSE_1.00_MM,0.0,-4.0,2020_UNCHANGED,20.0,0.0,0.0,V008_BASELINE_INWARD,STANDARD_RESERVED,5.5,0.5,11.5,6.5,11.0,19.5,8.0,12.5,290.0,145.0,-145.0,0,0,0,0,0,8,7,0,4.0,4.0,6.0,FAIL,DRIVE_NOMINAL_LT_13;DRIVE_RESIDUAL_LT_8;PTO_NOMINAL_LT_13;PTO_RESIDUAL_LT_8
S1-DRIVE--03.0,STAGE_1_DRIVE_Y_POSITION,COARSE_1.00_MM,0.0,-3.0,2020_UNCHANGED,20.0,0.0,0.0,V008_BASELINE_INWARD,STANDARD_RESERVED,5.5,0.5,12.5,7.5,11.0,19.5,8.0,11.5,290.0,145.0,-145.0,0,0,0,0,0,8,7,0,3.0,4.0,9.0,FAIL,DRIVE_NOMINAL_LT_13;DRIVE_RESIDUAL_LT_8;PTO_NOMINAL_LT_13;PTO_RESIDUAL_LT_8
S1-DRIVE--02.0,STAGE_1_DRIVE_Y_POSITION,COARSE_1.00_MM,0.0,-2.0,2020_UNCHANGED,20.0,0.0,0.0,V008_BASELINE_INWARD,STANDARD_RESERVED,5.5,0.5,13.5,8.5,11.0,19.5,8.0,10.5,290.0,145.0,-145.0,0,0,0,0,0,8,7,0,2.0,4.0,12.0,FAIL,PTO_NOMINAL_LT_13;PTO_RESIDUAL_LT_8
S1-DRIVE--01.0,STAGE_1_DRIVE_Y_POSITION,COARSE_1.00_MM,0.0,-1.0,2020_UNCHANGED,20.0,0.0,0.0,V008_BASELINE_INWARD,STANDARD_RESERVED,5.5,0.5,14.5,9.5,11.0,19.5,8.0,9.5,290.0,145.0,-145.0,0,0,0,0,0,8,7,0,1.0,4.0,15.0,FAIL,PTO_NOMINAL_LT_13;PTO_RESIDUAL_LT_8
S1-DRIVE-+00.0,STAGE_1_DRIVE_Y_POSITION,COARSE_1.00_MM,0.0,0.0,2020_UNCHANGED,20.0,0.0,0.0,V008_BASELINE_INWARD,STANDARD_RESERVED,5.5,0.5,15.5,10.5,11.0,19.5,8.0,8.5,290.0,145.0,-145.0,0,0,0,0,0,8,7,0,0.0,4.0,18.0,FAIL,PTO_NOMINAL_LT_13;PTO_RESIDUAL_LT_8
S1-DRIVE-+01.0,STAGE_1_DRIVE_Y_POSITION,COARSE_1.00_MM,0.0,1.0,2020_UNCHANGED,20.0,0.0,0.0,V008_BASELINE_INWARD,STANDARD_RESERVED,5.5,0.5,16.5,11.5,11.0,19.5,8.0,7.5,290.0,145.0,-145.0,0,0,0,0,0,8,7,0,1.0,4.0,15.0,FAIL,PTO_NOMINAL_LT_13;PTO_RESIDUAL_LT_8
S1-DRIVE-+02.0,STAGE_1_DRIVE_Y_POSITION,COARSE_1.00_MM,0.0,2.0,2020_UNCHANGED,20.0,0.0,0.0,V008_BASELINE_INWARD,STANDARD_RESERVED,5.5,0.5,17.5,12.5,11.0,19.5,8.0,6.5,290.0,145.0,-145.0,0,0,0,0,0,8,7,0,2.0,4.0,12.0,FAIL,PTO_NOMINAL_LT_13;PTO_RESIDUAL_LT_8
S1-DRIVE-+03.0,STAGE_1_DRIVE_Y_POSITION,COARSE_1.00_MM,0.0,3.0,2020_UNCHANGED,20.0,0.0,0.0,V008_BASELINE_INWARD,STANDARD_RESERVED,5.5,0.5,18.5,13.5,11.0,19.5,8.0,5.5,290.0,145.0,-145.0,0,0,0,0,0,8,7,0,3.0,4.0,9.0,FAIL,PTO_NOMINAL_LT_13;PTO_RESIDUAL_LT_8
S1-DRIVE-+04.0,STAGE_1_DRIVE_Y_POSITION,COARSE_1.00_MM,0.0,4.0,2020_UNCHANGED,20.0,0.0,0.0,V008_BASELINE_INWARD,STANDARD_RESERVED,5.5,0.5,19.5,14.5,11.0,19.5,8.0,4.5,290.0,145.0,-145.0,0,0,0,0,0,8,7,0,4.0,4.0,6.0,FAIL,PTO_NOMINAL_LT_13;PTO_RESIDUAL_LT_8
S1-DRIVE-+05.0,STAGE_1_DRIVE_Y_POSITION,COARSE_1.00_MM,0.0,5.0,2020_UNCHANGED,20.0,0.0,0.0,V008_BASELINE_INWARD,STANDARD_RESERVED,5.5,0.5,20.5,15.5,11.0,19.5,8.0,3.5,290.0,145.0,-145.0,0,0,0,0,0,8,7,0,5.0,4.0,3.0,FAIL,PTO_NOMINAL_LT_13;PTO_RESIDUAL_LT_8
S1-DRIVE-+06.0,STAGE_1_DRIVE_Y_POSITION,COARSE_1.00_MM,0.0,6.0,2020_UNCHANGED,20.0,0.0,0.0,V008_BASELINE_INWARD,STANDARD_RESERVED,5.5,0.5,21.5,16.5,11.0,19.5,8.0,2.5,290.0,145.0,-145.0,0,0,0,0,0,8,7,0,6.0,4.0,0.0,FAIL,PTO_NOMINAL_LT_13;PTO_RESIDUAL_LT_8
S1-DRIVE-+07.0,STAGE_1_DRIVE_Y_POSITION,COARSE_1.00_MM,0.0,7.0,2020_UNCHANGED,20.0,0.0,0.0,V008_BASELINE_INWARD,STANDARD_RESERVED,5.5,0.5,22.5,17.5,11.0,19.5,8.0,1.5,290.0,145.0,-145.0,0,0,0,0,0,8,7,0,7.0,4.0,-3.0,FAIL,PTO_NOMINAL_LT_13;PTO_RESIDUAL_LT_8
S1-DRIVE-+08.0,STAGE_1_DRIVE_Y_POSITION,COARSE_1.00_MM,0.0,8.0,2020_UNCHANGED,20.0,0.0,0.0,V008_BASELINE_INWARD,STANDARD_RESERVED,5.5,0.5,23.5,18.5,11.0,19.5,8.0,0.5,290.0,145.0,-145.0,0,0,0,0,0,8,7,0,8.0,4.0,-6.0,FAIL,PTO_NOMINAL_LT_13;PTO_RESIDUAL_LT_8
S1-DRIVE-+09.0,STAGE_1_DRIVE_Y_POSITION,COARSE_1.00_MM,0.0,9.0,2020_UNCHANGED,20.0,0.0,0.0,V008_BASELINE_INWARD,STANDARD_RESERVED,5.5,0.5,24.5,19.5,11.0,19.5,8.0,-0.5,290.0,145.0,-145.0,0,0,0,0,1,8,7,0,9.0,4.0,-9.0,FAIL,DRIVE_ENVELOPE_OUTSIDE_TRACK_WIDTH;NONZERO_INTERSECTION;PTO_NOMINAL_LT_13;PTO_RESIDUAL_LT_8
S1-DRIVE-+10.0,STAGE_1_DRIVE_Y_POSITION,COARSE_1.00_MM,0.0,10.0,2020_UNCHANGED,20.0,0.0,0.0,V008_BASELINE_INWARD,STANDARD_RESERVED,5.5,0.5,25.5,20.5,11.0,19.5,8.0,-1.5,290.0,145.0,-145.0,0,0,0,0,1,8,7,0,10.0,4.0,-12.0,FAIL,DRIVE_ENVELOPE_OUTSIDE_TRACK_WIDTH;NONZERO_INTERSECTION;PTO_NOMINAL_LT_13;PTO_RESIDUAL_LT_8
S1-REF-B-1.00-D+3.00,STAGE_1_Y_POSITION_ONLY,REFINED_0.25_MM,-1.0,0.0,2020_UNCHANGED,20.0,3.0,3.0,V008_BASELINE_INWARD,STANDARD_RESERVED,7.5,2.5,15.5,10.5,13.0,18.5,2.0,8.5,290.0,145.0,-145.0,0,0,0,0,0,8,7,0,7.0,4.0,37.0,FAIL,PTO_NOMINAL_LT_13;PTO_RESIDUAL_LT_8
S1-REF-B-1.00-D+3.25,STAGE_1_Y_POSITION_ONLY,REFINED_0.25_MM,-1.0,0.0,2020_UNCHANGED,20.0,3.25,3.25,V008_BASELINE_INWARD,STANDARD_RESERVED,7.75,2.75,15.5,10.5,13.25,18.5,1.5,8.5,290.0,145.0,-145.0,0,0,0,0,0,8,7,0,7.5,4.0,40.5,FAIL,PTO_NOMINAL_LT_13;PTO_RESIDUAL_LT_8
S1-REF-B-1.00-D+3.50,STAGE_1_Y_POSITION_ONLY,REFINED_0.25_MM,-1.0,0.0,2020_UNCHANGED,20.0,3.5,3.5,V008_BASELINE_INWARD,STANDARD_RESERVED,8.0,3.0,15.5,10.5,13.5,18.5,1.0,8.5,290.0,145.0,-145.0,0,0,0,0,0,8,7,0,8.0,4.0,44.0,FAIL,PTO_NOMINAL_LT_13;PTO_RESIDUAL_LT_8
S1-REF-B-1.00-D+3.75,STAGE_1_Y_POSITION_ONLY,REFINED_0.25_MM,-1.0,0.0,2020_UNCHANGED,20.0,3.75,3.75,V008_BASELINE_INWARD,STANDARD_RESERVED,8.25,3.25,15.5,10.5,13.75,18.5,0.5,8.5,290.0,145.0,-145.0,0,0,0,0,0,8,7,0,8.5,4.0,47.5,FAIL,PTO_NOMINAL_LT_13;PTO_RESIDUAL_LT_8
S1-REF-B-1.00-D+4.00,STAGE_1_Y_POSITION_ONLY,REFINED_0.25_MM,-1.0,0.0,2020_UNCHANGED,20.0,4.0,4.0,V008_BASELINE_INWARD,STANDARD_RESERVED,8.5,3.5,15.5,10.5,14.0,18.5,0.0,8.5,290.0,145.0,-145.0,0,0,0,0,0,8,7,0,9.0,4.0,51.0,FAIL,PTO_NOMINAL_LT_13;PTO_RESIDUAL_LT_8
S1-REF-B-0.75-D+3.00,STAGE_1_Y_POSITION_ONLY,REFINED_0.25_MM,-0.75,0.0,2020_UNCHANGED,20.0,3.0,3.0,V008_BASELINE_INWARD,STANDARD_RESERVED,7.75,2.75,15.5,10.5,13.25,18.75,2.0,8.5,290.0,145.0,-145.0,0,0,0,0,0,8,7,0,6.75,4.0,42.75,FAIL,PTO_NOMINAL_LT_13;PTO_RESIDUAL_LT_8
S1-REF-B-0.75-D+3.25,STAGE_1_Y_POSITION_ONLY,REFINED_0.25_MM,-0.75,0.0,2020_UNCHANGED,20.0,3.25,3.25,V008_BASELINE_INWARD,STANDARD_RESERVED,8.0,3.0,15.5,10.5,13.5,18.75,1.5,8.5,290.0,145.0,-145.0,0,0,0,0,0,8,7,0,7.25,4.0,46.25,FAIL,PTO_NOMINAL_LT_13;PTO_RESIDUAL_LT_8
S1-REF-B-0.75-D+3.50,STAGE_1_Y_POSITION_ONLY,REFINED_0.25_MM,-0.75,0.0,2020_UNCHANGED,20.0,3.5,3.5,V008_BASELINE_INWARD,STANDARD_RESERVED,8.25,3.25,15.5,10.5,13.75,18.75,1.0,8.5,290.0,145.0,-145.0,0,0,0,0,0,8,7,0,7.75,4.0,49.75,FAIL,PTO_NOMINAL_LT_13;PTO_RESIDUAL_LT_8
S1-REF-B-0.75-D+3.75,STAGE_1_Y_POSITION_ONLY,REFINED_0.25_MM,-0.75,0.0,2020_UNCHANGED,20.0,3.75,3.75,V008_BASELINE_INWARD,STANDARD_RESERVED,8.5,3.5,15.5,10.5,14.0,18.75,0.5,8.5,290.0,145.0,-145.0,0,0,0,0,0,8,7,0,8.25,4.0,53.25,FAIL,PTO_NOMINAL_LT_13;PTO_RESIDUAL_LT_8
S1-REF-B-0.75-D+4.00,STAGE_1_Y_POSITION_ONLY,REFINED_0.25_MM,-0.75,0.0,2020_UNCHANGED,20.0,4.0,4.0,V008_BASELINE_INWARD,STANDARD_RESERVED,8.75,3.75,15.5,10.5,14.25,18.75,0.0,8.5,290.0,145.0,-145.0,0,0,0,0,0,8,7,0,8.75,4.0,56.75,FAIL,PTO_NOMINAL_LT_13;PTO_RESIDUAL_LT_8
S1-REF-B-0.50-D+3.00,STAGE_1_Y_POSITION_ONLY,REFINED_0.25_MM,-0.5,0.0,2020_UNCHANGED,20.0,3.0,3.0,V008_BASELINE_INWARD,STANDARD_RESERVED,8.0,3.0,15.5,10.5,13.5,19.0,2.0,8.5,290.0,145.0,-145.0,0,0,0,0,0,8,7,0,6.5,4.0,48.5,FAIL,PTO_NOMINAL_LT_13;PTO_RESIDUAL_LT_8
S1-REF-B-0.50-D+3.25,STAGE_1_Y_POSITION_ONLY,REFINED_0.25_MM,-0.5,0.0,2020_UNCHANGED,20.0,3.25,3.25,V008_BASELINE_INWARD,STANDARD_RESERVED,8.25,3.25,15.5,10.5,13.75,19.0,1.5,8.5,290.0,145.0,-145.0,0,0,0,0,0,8,7,0,7.0,4.0,52.0,FAIL,PTO_NOMINAL_LT_13;PTO_RESIDUAL_LT_8
S1-REF-B-0.50-D+3.50,STAGE_1_Y_POSITION_ONLY,REFINED_0.25_MM,-0.5,0.0,2020_UNCHANGED,20.0,3.5,3.5,V008_BASELINE_INWARD,STANDARD_RESERVED,8.5,3.5,15.5,10.5,14.0,19.0,1.0,8.5,290.0,145.0,-145.0,0,0,0,0,0,8,7,0,7.5,4.0,55.5,FAIL,PTO_NOMINAL_LT_13;PTO_RESIDUAL_LT_8
S1-REF-B-0.50-D+3.75,STAGE_1_Y_POSITION_ONLY,REFINED_0.25_MM,-0.5,0.0,2020_UNCHANGED,20.0,3.75,3.75,V008_BASELINE_INWARD,STANDARD_RESERVED,8.75,3.75,15.5,10.5,14.25,19.0,0.5,8.5,290.0,145.0,-145.0,0,0,0,0,0,8,7,0,8.0,4.0,59.0,FAIL,PTO_NOMINAL_LT_13;PTO_RESIDUAL_LT_8
S1-REF-B-0.50-D+4.00,STAGE_1_Y_POSITION_ONLY,REFINED_0.25_MM,-0.5,0.0,2020_UNCHANGED,20.0,4.0,4.0,V008_BASELINE_INWARD,STANDARD_RESERVED,9.0,4.0,15.5,10.5,14.5,19.0,0.0,8.5,290.0,145.0,-145.0,0,0,0,0,0,8,7,0,8.5,4.0,62.5,FAIL,PTO_NOMINAL_LT_13;PTO_RESIDUAL_LT_8
S1-REF-B-0.25-D+3.00,STAGE_1_Y_POSITION_ONLY,REFINED_0.25_MM,-0.25,0.0,2020_UNCHANGED,20.0,3.0,3.0,V008_BASELINE_INWARD,STANDARD_RESERVED,8.25,3.25,15.5,10.5,13.75,19.25,2.0,8.5,290.0,145.0,-145.0,0,0,0,0,0,8,7,0,6.25,4.0,54.25,FAIL,PTO_NOMINAL_LT_13;PTO_RESIDUAL_LT_8
S1-REF-B-0.25-D+3.25,STAGE_1_Y_POSITION_ONLY,REFINED_0.25_MM,-0.25,0.0,2020_UNCHANGED,20.0,3.25,3.25,V008_BASELINE_INWARD,STANDARD_RESERVED,8.5,3.5,15.5,10.5,14.0,19.25,1.5,8.5,290.0,145.0,-145.0,0,0,0,0,0,8,7,0,6.75,4.0,57.75,FAIL,PTO_NOMINAL_LT_13;PTO_RESIDUAL_LT_8
S1-REF-B-0.25-D+3.50,STAGE_1_Y_POSITION_ONLY,REFINED_0.25_MM,-0.25,0.0,2020_UNCHANGED,20.0,3.5,3.5,V008_BASELINE_INWARD,STANDARD_RESERVED,8.75,3.75,15.5,10.5,14.25,19.25,1.0,8.5,290.0,145.0,-145.0,0,0,0,0,0,8,7,0,7.25,4.0,61.25,FAIL,PTO_NOMINAL_LT_13;PTO_RESIDUAL_LT_8
S1-REF-B-0.25-D+3.75,STAGE_1_Y_POSITION_ONLY,REFINED_0.25_MM,-0.25,0.0,2020_UNCHANGED,20.0,3.75,3.75,V008_BASELINE_INWARD,STANDARD_RESERVED,9.0,4.0,15.5,10.5,14.5,19.25,0.5,8.5,290.0,145.0,-145.0,0,0,0,0,0,8,7,0,7.75,4.0,64.75,FAIL,PTO_NOMINAL_LT_13;PTO_RESIDUAL_LT_8
S1-REF-B-0.25-D+4.00,STAGE_1_Y_POSITION_ONLY,REFINED_0.25_MM,-0.25,0.0,2020_UNCHANGED,20.0,4.0,4.0,V008_BASELINE_INWARD,STANDARD_RESERVED,9.25,4.25,15.5,10.5,14.75,19.25,0.0,8.5,290.0,145.0,-145.0,0,0,0,0,0,8,7,0,8.25,4.0,68.25,FAIL,PTO_NOMINAL_LT_13;PTO_RESIDUAL_LT_8
S1-REF-B+0.00-D+3.00,STAGE_1_Y_POSITION_ONLY,REFINED_0.25_MM,0.0,0.0,2020_UNCHANGED,20.0,3.0,3.0,V008_BASELINE_INWARD,STANDARD_RESERVED,8.5,3.5,15.5,10.5,14.0,19.5,2.0,8.5,290.0,145.0,-145.0,0,0,0,0,0,8,7,0,6.0,4.0,60.0,FAIL,PTO_NOMINAL_LT_13;PTO_RESIDUAL_LT_8
S1-REF-B+0.00-D+3.25,STAGE_1_Y_POSITION_ONLY,REFINED_0.25_MM,0.0,0.0,2020_UNCHANGED,20.0,3.25,3.25,V008_BASELINE_INWARD,STANDARD_RESERVED,8.75,3.75,15.5,10.5,14.25,19.5,1.5,8.5,290.0,145.0,-145.0,0,0,0,0,0,8,7,0,6.5,4.0,63.5,FAIL,PTO_NOMINAL_LT_13;PTO_RESIDUAL_LT_8
S1-REF-B+0.00-D+3.50,STAGE_1_Y_POSITION_ONLY,REFINED_0.25_MM,0.0,0.0,2020_UNCHANGED,20.0,3.5,3.5,V008_BASELINE_INWARD,STANDARD_RESERVED,9.0,4.0,15.5,10.5,14.5,19.5,1.0,8.5,290.0,145.0,-145.0,0,0,0,0,0,8,7,0,7.0,4.0,67.0,FAIL,PTO_NOMINAL_LT_13;PTO_RESIDUAL_LT_8
S1-REF-B+0.00-D+3.75,STAGE_1_Y_POSITION_ONLY,REFINED_0.25_MM,0.0,0.0,2020_UNCHANGED,20.0,3.75,3.75,V008_BASELINE_INWARD,STANDARD_RESERVED,9.25,4.25,15.5,10.5,14.75,19.5,0.5,8.5,290.0,145.0,-145.0,0,0,0,0,0,8,7,0,7.5,4.0,70.5,FAIL,PTO_NOMINAL_LT_13;PTO_RESIDUAL_LT_8
S1-REF-B+0.00-D+4.00,STAGE_1_Y_POSITION_ONLY,REFINED_0.25_MM,0.0,0.0,2020_UNCHANGED,20.0,4.0,4.0,V008_BASELINE_INWARD,STANDARD_RESERVED,9.5,4.5,15.5,10.5,15.0,19.5,0.0,8.5,290.0,145.0,-145.0,0,0,0,0,0,8,7,0,8.0,4.0,74.0,FAIL,PTO_NOMINAL_LT_13;PTO_RESIDUAL_LT_8
S1-REF-B+0.25-D+3.00,STAGE_1_Y_POSITION_ONLY,REFINED_0.25_MM,0.25,0.0,2020_UNCHANGED,20.0,3.0,3.0,V008_BASELINE_INWARD,STANDARD_RESERVED,8.25,3.25,15.5,10.5,14.25,19.75,2.0,8.5,290.0,145.0,-145.0,0,0,0,0,0,8,7,0,6.25,4.0,54.25,FAIL,PTO_NOMINAL_LT_13;PTO_RESIDUAL_LT_8
S1-REF-B+0.25-D+3.25,STAGE_1_Y_POSITION_ONLY,REFINED_0.25_MM,0.25,0.0,2020_UNCHANGED,20.0,3.25,3.25,V008_BASELINE_INWARD,STANDARD_RESERVED,8.5,3.5,15.5,10.5,14.5,19.75,1.5,8.5,290.0,145.0,-145.0,0,0,0,0,0,8,7,0,6.75,4.0,57.75,FAIL,PTO_NOMINAL_LT_13;PTO_RESIDUAL_LT_8
S1-REF-B+0.25-D+3.50,STAGE_1_Y_POSITION_ONLY,REFINED_0.25_MM,0.25,0.0,2020_UNCHANGED,20.0,3.5,3.5,V008_BASELINE_INWARD,STANDARD_RESERVED,8.75,3.75,15.5,10.5,14.75,19.75,1.0,8.5,290.0,145.0,-145.0,0,0,0,0,0,8,7,0,7.25,4.0,61.25,FAIL,PTO_NOMINAL_LT_13;PTO_RESIDUAL_LT_8
S1-REF-B+0.25-D+3.75,STAGE_1_Y_POSITION_ONLY,REFINED_0.25_MM,0.25,0.0,2020_UNCHANGED,20.0,3.75,3.75,V008_BASELINE_INWARD,STANDARD_RESERVED,9.0,4.0,15.5,10.5,15.0,19.75,0.5,8.5,290.0,145.0,-145.0,0,0,0,0,0,8,7,0,7.75,4.0,64.75,FAIL,PTO_NOMINAL_LT_13;PTO_RESIDUAL_LT_8
S1-REF-B+0.25-D+4.00,STAGE_1_Y_POSITION_ONLY,REFINED_0.25_MM,0.25,0.0,2020_UNCHANGED,20.0,4.0,4.0,V008_BASELINE_INWARD,STANDARD_RESERVED,9.25,4.25,15.5,10.5,15.25,19.75,0.0,8.5,290.0,145.0,-145.0,0,0,0,0,0,8,7,0,8.25,4.0,68.25,FAIL,PTO_NOMINAL_LT_13;PTO_RESIDUAL_LT_8
S1-REF-B+0.50-D+3.00,STAGE_1_Y_POSITION_ONLY,REFINED_0.25_MM,0.5,0.0,2020_UNCHANGED,20.0,3.0,3.0,V008_BASELINE_INWARD,STANDARD_RESERVED,8.0,3.0,15.5,10.5,14.5,20.0,2.0,8.5,290.0,145.0,-145.0,0,0,0,0,0,8,7,0,6.5,4.0,48.5,FAIL,PTO_NOMINAL_LT_13;PTO_RESIDUAL_LT_8
S1-REF-B+0.50-D+3.25,STAGE_1_Y_POSITION_ONLY,REFINED_0.25_MM,0.5,0.0,2020_UNCHANGED,20.0,3.25,3.25,V008_BASELINE_INWARD,STANDARD_RESERVED,8.25,3.25,15.5,10.5,14.75,20.0,1.5,8.5,290.0,145.0,-145.0,0,0,0,0,0,8,7,0,7.0,4.0,52.0,FAIL,PTO_NOMINAL_LT_13;PTO_RESIDUAL_LT_8
S1-REF-B+0.50-D+3.50,STAGE_1_Y_POSITION_ONLY,REFINED_0.25_MM,0.5,0.0,2020_UNCHANGED,20.0,3.5,3.5,V008_BASELINE_INWARD,STANDARD_RESERVED,8.5,3.5,15.5,10.5,15.0,20.0,1.0,8.5,290.0,145.0,-145.0,0,0,0,0,0,8,7,0,7.5,4.0,55.5,FAIL,PTO_NOMINAL_LT_13;PTO_RESIDUAL_LT_8
S1-REF-B+0.50-D+3.75,STAGE_1_Y_POSITION_ONLY,REFINED_0.25_MM,0.5,0.0,2020_UNCHANGED,20.0,3.75,3.75,V008_BASELINE_INWARD,STANDARD_RESERVED,8.75,3.75,15.5,10.5,15.25,20.0,0.5,8.5,290.0,145.0,-145.0,0,0,0,0,0,8,7,0,8.0,4.0,59.0,FAIL,PTO_NOMINAL_LT_13;PTO_RESIDUAL_LT_8
S1-REF-B+0.50-D+4.00,STAGE_1_Y_POSITION_ONLY,REFINED_0.25_MM,0.5,0.0,2020_UNCHANGED,20.0,4.0,4.0,V008_BASELINE_INWARD,STANDARD_RESERVED,9.0,4.0,15.5,10.5,15.5,20.0,0.0,8.5,290.0,145.0,-145.0,0,0,0,0,0,8,7,0,8.5,4.0,62.5,FAIL,PTO_NOMINAL_LT_13;PTO_RESIDUAL_LT_8
S1-REF-B+0.75-D+3.00,STAGE_1_Y_POSITION_ONLY,REFINED_0.25_MM,0.75,0.0,2020_UNCHANGED,20.0,3.0,3.0,V008_BASELINE_INWARD,STANDARD_RESERVED,7.75,2.75,15.5,10.5,14.75,20.25,2.0,8.5,290.0,145.0,-145.0,0,0,0,0,0,8,7,0,6.75,4.0,42.75,FAIL,PTO_NOMINAL_LT_13;PTO_RESIDUAL_LT_8
S1-REF-B+0.75-D+3.25,STAGE_1_Y_POSITION_ONLY,REFINED_0.25_MM,0.75,0.0,2020_UNCHANGED,20.0,3.25,3.25,V008_BASELINE_INWARD,STANDARD_RESERVED,8.0,3.0,15.5,10.5,15.0,20.25,1.5,8.5,290.0,145.0,-145.0,0,0,0,0,0,8,7,0,7.25,4.0,46.25,FAIL,PTO_NOMINAL_LT_13;PTO_RESIDUAL_LT_8
S1-REF-B+0.75-D+3.50,STAGE_1_Y_POSITION_ONLY,REFINED_0.25_MM,0.75,0.0,2020_UNCHANGED,20.0,3.5,3.5,V008_BASELINE_INWARD,STANDARD_RESERVED,8.25,3.25,15.5,10.5,15.25,20.25,1.0,8.5,290.0,145.0,-145.0,0,0,0,0,0,8,7,0,7.75,4.0,49.75,FAIL,PTO_NOMINAL_LT_13;PTO_RESIDUAL_LT_8
S1-REF-B+0.75-D+3.75,STAGE_1_Y_POSITION_ONLY,REFINED_0.25_MM,0.75,0.0,2020_UNCHANGED,20.0,3.75,3.75,V008_BASELINE_INWARD,STANDARD_RESERVED,8.5,3.5,15.5,10.5,15.5,20.25,0.5,8.5,290.0,145.0,-145.0,0,0,0,0,0,8,7,0,8.25,4.0,53.25,FAIL,PTO_NOMINAL_LT_13;PTO_RESIDUAL_LT_8
S1-REF-B+0.75-D+4.00,STAGE_1_Y_POSITION_ONLY,REFINED_0.25_MM,0.75,0.0,2020_UNCHANGED,20.0,4.0,4.0,V008_BASELINE_INWARD,STANDARD_RESERVED,8.75,3.75,15.5,10.5,15.75,20.25,0.0,8.5,290.0,145.0,-145.0,0,0,0,0,0,8,7,0,8.75,4.0,56.75,FAIL,PTO_NOMINAL_LT_13;PTO_RESIDUAL_LT_8
S1-REF-B+1.00-D+3.00,STAGE_1_Y_POSITION_ONLY,REFINED_0.25_MM,1.0,0.0,2020_UNCHANGED,20.0,3.0,3.0,V008_BASELINE_INWARD,STANDARD_RESERVED,7.5,2.5,15.5,10.5,15.0,20.5,2.0,8.5,290.0,145.0,-145.0,0,0,0,0,0,8,7,0,7.0,4.0,37.0,FAIL,PTO_NOMINAL_LT_13;PTO_RESIDUAL_LT_8
S1-REF-B+1.00-D+3.25,STAGE_1_Y_POSITION_ONLY,REFINED_0.25_MM,1.0,0.0,2020_UNCHANGED,20.0,3.25,3.25,V008_BASELINE_INWARD,STANDARD_RESERVED,7.75,2.75,15.5,10.5,15.25,20.5,1.5,8.5,290.0,145.0,-145.0,0,0,0,0,0,8,7,0,7.5,4.0,40.5,FAIL,PTO_NOMINAL_LT_13;PTO_RESIDUAL_LT_8
S1-REF-B+1.00-D+3.50,STAGE_1_Y_POSITION_ONLY,REFINED_0.25_MM,1.0,0.0,2020_UNCHANGED,20.0,3.5,3.5,V008_BASELINE_INWARD,STANDARD_RESERVED,8.0,3.0,15.5,10.5,15.5,20.5,1.0,8.5,290.0,145.0,-145.0,0,0,0,0,0,8,7,0,8.0,4.0,44.0,FAIL,PTO_NOMINAL_LT_13;PTO_RESIDUAL_LT_8
S1-REF-B+1.00-D+3.75,STAGE_1_Y_POSITION_ONLY,REFINED_0.25_MM,1.0,0.0,2020_UNCHANGED,20.0,3.75,3.75,V008_BASELINE_INWARD,STANDARD_RESERVED,8.25,3.25,15.5,10.5,15.75,20.5,0.5,8.5,290.0,145.0,-145.0,0,0,0,0,0,8,7,0,8.5,4.0,47.5,FAIL,PTO_NOMINAL_LT_13;PTO_RESIDUAL_LT_8
S1-REF-B+1.00-D+4.00,STAGE_1_Y_POSITION_ONLY,REFINED_0.25_MM,1.0,0.0,2020_UNCHANGED,20.0,4.0,4.0,V008_BASELINE_INWARD,STANDARD_RESERVED,8.5,3.5,15.5,10.5,16.0,20.5,0.0,8.5,290.0,145.0,-145.0,0,0,0,0,0,8,7,0,9.0,4.0,51.0,FAIL,PTO_NOMINAL_LT_13;PTO_RESIDUAL_LT_8
S2-FIX-T5-STANDARD_BASELINE,STAGE_2_INNER_SUPPORT_AND_FASTENERS,FIXED_HARDWARE_COMPARISON,0.0,0.0,METAL_PLATE_5MM_CANDIDATE,5.0,0.0,0.0,BASELINE_BELT_SIDE,STANDARD_BASELINE,5.5,0.5,15.5,10.5,11.0,19.5,7.0,8.5,290.0,145.0,-145.0,0,0,0,0,0,7,7,2,0.0,4.0,-12.0,FAIL,PTO_NOMINAL_LT_13;PTO_RESIDUAL_LT_8
S2-FIX-T5-LOW_HEAD_BASELINE,STAGE_2_INNER_SUPPORT_AND_FASTENERS,FIXED_HARDWARE_COMPARISON,0.0,0.0,METAL_PLATE_5MM_CANDIDATE,5.0,0.0,0.0,BASELINE_BELT_SIDE,LOW_HEAD_BASELINE,7.5,2.5,15.5,10.5,11.0,19.5,7.0,8.5,290.0,145.0,-145.0,0,0,0,0,0,7,7,2,0.0,4.0,28.0,FAIL,PTO_NOMINAL_LT_13;PTO_RESIDUAL_LT_8
S2-FIX-T5-COUNTERSUNK_CANDIDATE,STAGE_2_INNER_SUPPORT_AND_FASTENERS,FIXED_HARDWARE_COMPARISON,0.0,0.0,METAL_PLATE_5MM_CANDIDATE,5.0,0.0,0.0,BASELINE_BELT_SIDE,COUNTERSUNK_CANDIDATE,9.5,4.5,15.5,10.5,11.0,19.5,7.0,8.5,290.0,145.0,-145.0,0,0,0,0,0,7,7,2,0.0,4.0,68.0,FAIL,PTO_NOMINAL_LT_13;PTO_RESIDUAL_LT_8
S2-FIX-T5-STANDARD_REVERSED,STAGE_2_INNER_SUPPORT_AND_FASTENERS,FIXED_HARDWARE_COMPARISON,0.0,0.0,METAL_PLATE_5MM_CANDIDATE,5.0,0.0,0.0,REVERSED_AWAY_FROM_BELT,STANDARD_REVERSED,11.5,6.5,15.5,10.5,11.0,19.5,7.0,8.5,290.0,145.0,-145.0,0,0,0,0,0,7,7,2,0.0,10.0,120.0,FAIL,PTO_NOMINAL_LT_13;PTO_RESIDUAL_LT_8
S2-FIX-T6-STANDARD_BASELINE,STAGE_2_INNER_SUPPORT_AND_FASTENERS,FIXED_HARDWARE_COMPARISON,0.0,0.0,METAL_PLATE_6MM_CANDIDATE,6.0,0.0,0.0,BASELINE_BELT_SIDE,STANDARD_BASELINE,5.5,0.5,15.5,10.5,11.0,19.5,6.0,8.5,290.0,145.0,-145.0,0,0,0,0,0,7,7,2,0.0,4.0,-12.0,FAIL,PTO_NOMINAL_LT_13;PTO_RESIDUAL_LT_8
S2-FIX-T6-LOW_HEAD_BASELINE,STAGE_2_INNER_SUPPORT_AND_FASTENERS,FIXED_HARDWARE_COMPARISON,0.0,0.0,METAL_PLATE_6MM_CANDIDATE,6.0,0.0,0.0,BASELINE_BELT_SIDE,LOW_HEAD_BASELINE,7.5,2.5,15.5,10.5,11.0,19.5,6.0,8.5,290.0,145.0,-145.0,0,0,0,0,0,7,7,2,0.0,4.0,28.0,FAIL,PTO_NOMINAL_LT_13;PTO_RESIDUAL_LT_8
S2-FIX-T6-COUNTERSUNK_CANDIDATE,STAGE_2_INNER_SUPPORT_AND_FASTENERS,FIXED_HARDWARE_COMPARISON,0.0,0.0,METAL_PLATE_6MM_CANDIDATE,6.0,0.0,0.0,BASELINE_BELT_SIDE,COUNTERSUNK_CANDIDATE,9.5,4.5,15.5,10.5,11.0,19.5,6.0,8.5,290.0,145.0,-145.0,0,0,0,0,0,7,7,2,0.0,4.0,68.0,FAIL,PTO_NOMINAL_LT_13;PTO_RESIDUAL_LT_8
S2-FIX-T6-STANDARD_REVERSED,STAGE_2_INNER_SUPPORT_AND_FASTENERS,FIXED_HARDWARE_COMPARISON,0.0,0.0,METAL_PLATE_6MM_CANDIDATE,6.0,0.0,0.0,REVERSED_AWAY_FROM_BELT,STANDARD_REVERSED,11.5,6.5,15.5,10.5,11.0,19.5,6.0,8.5,290.0,145.0,-145.0,0,0,0,0,0,7,7,2,0.0,10.0,120.0,FAIL,PTO_NOMINAL_LT_13;PTO_RESIDUAL_LT_8
S2-FIX-T8-STANDARD_BASELINE,STAGE_2_INNER_SUPPORT_AND_FASTENERS,FIXED_HARDWARE_COMPARISON,0.0,0.0,METAL_PLATE_8MM_CANDIDATE,8.0,0.0,0.0,BASELINE_BELT_SIDE,STANDARD_BASELINE,5.5,0.5,15.5,10.5,11.0,19.5,4.0,8.5,290.0,145.0,-145.0,0,0,0,0,0,7,7,2,0.0,4.0,-12.0,FAIL,PTO_NOMINAL_LT_13;PTO_RESIDUAL_LT_8
S2-FIX-T8-LOW_HEAD_BASELINE,STAGE_2_INNER_SUPPORT_AND_FASTENERS,FIXED_HARDWARE_COMPARISON,0.0,0.0,METAL_PLATE_8MM_CANDIDATE,8.0,0.0,0.0,BASELINE_BELT_SIDE,LOW_HEAD_BASELINE,7.5,2.5,15.5,10.5,11.0,19.5,4.0,8.5,290.0,145.0,-145.0,0,0,0,0,0,7,7,2,0.0,4.0,28.0,FAIL,PTO_NOMINAL_LT_13;PTO_RESIDUAL_LT_8
S2-FIX-T8-COUNTERSUNK_CANDIDATE,STAGE_2_INNER_SUPPORT_AND_FASTENERS,FIXED_HARDWARE_COMPARISON,0.0,0.0,METAL_PLATE_8MM_CANDIDATE,8.0,0.0,0.0,BASELINE_BELT_SIDE,COUNTERSUNK_CANDIDATE,9.5,4.5,15.5,10.5,11.0,19.5,4.0,8.5,290.0,145.0,-145.0,0,0,0,0,0,7,7,2,0.0,4.0,68.0,FAIL,PTO_NOMINAL_LT_13;PTO_RESIDUAL_LT_8
S2-FIX-T8-STANDARD_REVERSED,STAGE_2_INNER_SUPPORT_AND_FASTENERS,FIXED_HARDWARE_COMPARISON,0.0,0.0,METAL_PLATE_8MM_CANDIDATE,8.0,0.0,0.0,REVERSED_AWAY_FROM_BELT,STANDARD_REVERSED,11.5,6.5,15.5,10.5,11.0,19.5,4.0,8.5,290.0,145.0,-145.0,0,0,0,0,0,7,7,2,0.0,10.0,120.0,FAIL,PTO_NOMINAL_LT_13;PTO_RESIDUAL_LT_8
S2-COARSE-T5-BP-02.0-OP00.0,STAGE_2_INNER_SUPPORT_AND_FASTENERS,COARSE_BELT_0.50_OUTER_1.00_MM,-2.0,0.0,METAL_PLATE_5MM_CANDIDATE,5.0,0.0,0.0,REVERSED_AWAY_FROM_BELT,STANDARD_REVERSED,11.0,6.0,15.5,10.5,9.0,17.5,7.0,8.5,290.0,145.0,-145.0,0,0,0,0,0,7,7,2,2.0,10.0,104.0,FAIL,PTO_NOMINAL_LT_13;PTO_RESIDUAL_LT_8;PULLEY_FIXED_LT_10
S2-COARSE-T5-BP-02.0-OP01.0,STAGE_2_INNER_SUPPORT_AND_FASTENERS,COARSE_BELT_0.50_OUTER_1.00_MM,-2.0,0.0,METAL_PLATE_5MM_CANDIDATE,5.0,0.0,1.0,REVERSED_AWAY_FROM_BELT,STANDARD_REVERSED,11.0,6.0,15.5,10.5,9.0,17.5,7.0,8.5,290.0,145.0,-145.0,0,0,0,0,0,7,7,2,3.0,10.0,101.0,FAIL,PTO_NOMINAL_LT_13;PTO_RESIDUAL_LT_8;PULLEY_FIXED_LT_10
S2-COARSE-T5-BP-02.0-OP02.0,STAGE_2_INNER_SUPPORT_AND_FASTENERS,COARSE_BELT_0.50_OUTER_1.00_MM,-2.0,0.0,METAL_PLATE_5MM_CANDIDATE,5.0,0.0,2.0,REVERSED_AWAY_FROM_BELT,STANDARD_REVERSED,11.0,6.0,15.5,10.5,9.0,17.5,7.0,8.5,290.0,145.0,-145.0,0,0,0,0,0,7,7,2,4.0,10.0,98.0,FAIL,PTO_NOMINAL_LT_13;PTO_RESIDUAL_LT_8;PULLEY_FIXED_LT_10
S2-COARSE-T5-BP-02.0-OP03.0,STAGE_2_INNER_SUPPORT_AND_FASTENERS,COARSE_BELT_0.50_OUTER_1.00_MM,-2.0,0.0,METAL_PLATE_5MM_CANDIDATE,5.0,0.0,3.0,REVERSED_AWAY_FROM_BELT,STANDARD_REVERSED,11.0,6.0,15.5,10.5,9.0,17.5,7.0,8.5,290.0,145.0,-145.0,0,0,0,0,0,7,7,2,5.0,10.0,95.0,FAIL,PTO_NOMINAL_LT_13;PTO_RESIDUAL_LT_8;PULLEY_FIXED_LT_10
S2-COARSE-T5-BP-02.0-OP04.0,STAGE_2_INNER_SUPPORT_AND_FASTENERS,COARSE_BELT_0.50_OUTER_1.00_MM,-2.0,0.0,METAL_PLATE_5MM_CANDIDATE,5.0,0.0,4.0,REVERSED_AWAY_FROM_BELT,STANDARD_REVERSED,11.0,6.0,15.5,10.5,9.0,17.5,7.0,8.5,290.0,145.0,-145.0,0,0,0,0,0,7,7,2,6.0,10.0,92.0,FAIL,PTO_NOMINAL_LT_13;PTO_RESIDUAL_LT_8;PULLEY_FIXED_LT_10
S2-COARSE-T5-BP-02.0-OP05.0,STAGE_2_INNER_SUPPORT_AND_FASTENERS,COARSE_BELT_0.50_OUTER_1.00_MM,-2.0,0.0,METAL_PLATE_5MM_CANDIDATE,5.0,0.0,5.0,REVERSED_AWAY_FROM_BELT,STANDARD_REVERSED,11.0,6.0,15.5,10.5,9.0,17.5,7.0,8.5,290.0,145.0,-145.0,0,0,0,0,0,7,7,2,7.0,10.0,89.0,FAIL,PTO_NOMINAL_LT_13;PTO_RESIDUAL_LT_8;PULLEY_FIXED_LT_10
S2-COARSE-T5-BP-02.0-OP06.0,STAGE_2_INNER_SUPPORT_AND_FASTENERS,COARSE_BELT_0.50_OUTER_1.00_MM,-2.0,0.0,METAL_PLATE_5MM_CANDIDATE,5.0,0.0,6.0,REVERSED_AWAY_FROM_BELT,STANDARD_REVERSED,11.0,6.0,15.5,10.5,9.0,17.5,7.0,8.5,290.0,145.0,-145.0,0,0,0,0,0,7,7,2,8.0,10.0,86.0,FAIL,PTO_NOMINAL_LT_13;PTO_RESIDUAL_LT_8;PULLEY_FIXED_LT_10
S2-COARSE-T5-BP-02.0-OP07.0,STAGE_2_INNER_SUPPORT_AND_FASTENERS,COARSE_BELT_0.50_OUTER_1.00_MM,-2.0,0.0,METAL_PLATE_5MM_CANDIDATE,5.0,0.0,7.0,REVERSED_AWAY_FROM_BELT,STANDARD_REVERSED,11.0,6.0,15.5,10.5,9.0,17.5,7.0,8.5,290.0,145.0,-145.0,0,0,0,0,0,7,7,2,9.0,10.0,83.0,FAIL,PTO_NOMINAL_LT_13;PTO_RESIDUAL_LT_8;PULLEY_FIXED_LT_10
S2-COARSE-T5-BP-02.0-OP08.0,STAGE_2_INNER_SUPPORT_AND_FASTENERS,COARSE_BELT_0.50_OUTER_1.00_MM,-2.0,0.0,METAL_PLATE_5MM_CANDIDATE,5.0,0.0,8.0,REVERSED_AWAY_FROM_BELT,STANDARD_REVERSED,11.0,6.0,15.5,10.5,9.0,17.5,7.0,8.5,290.0,145.0,-145.0,0,0,0,0,0,7,7,2,10.0,10.0,80.0,FAIL,PTO_NOMINAL_LT_13;PTO_RESIDUAL_LT_8;PULLEY_FIXED_LT_10
S2-COARSE-T5-BP-02.0-OP09.0,STAGE_2_INNER_SUPPORT_AND_FASTENERS,COARSE_BELT_0.50_OUTER_1.00_MM,-2.0,0.0,METAL_PLATE_5MM_CANDIDATE,5.0,0.0,9.0,REVERSED_AWAY_FROM_BELT,STANDARD_REVERSED,11.0,6.0,15.5,10.5,9.0,17.5,7.0,8.5,290.0,145.0,-145.0,0,0,0,0,0,7,7,2,11.0,10.0,77.0,FAIL,PTO_NOMINAL_LT_13;PTO_RESIDUAL_LT_8;PULLEY_FIXED_LT_10
S2-COARSE-T5-BP-02.0-OP10.0,STAGE_2_INNER_SUPPORT_AND_FASTENERS,COARSE_BELT_0.50_OUTER_1.00_MM,-2.0,0.0,METAL_PLATE_5MM_CANDIDATE,5.0,0.0,10.0,REVERSED_AWAY_FROM_BELT,STANDARD_REVERSED,11.0,6.0,15.5,10.5,9.0,17.5,7.0,8.5,290.0,145.0,-145.0,0,0,0,0,0,7,7,2,12.0,10.0,74.0,FAIL,PTO_NOMINAL_LT_13;PTO_RESIDUAL_LT_8;PULLEY_FIXED_LT_10
S2-COARSE-T5-BP-01.5-OP00.0,STAGE_2_INNER_SUPPORT_AND_FASTENERS,COARSE_BELT_0.50_OUTER_1.00_MM,-1.5,0.0,METAL_PLATE_5MM_CANDIDATE,5.0,0.0,0.0,REVERSED_AWAY_FROM_BELT,STANDARD_REVERSED,11.5,6.5,15.5,10.5,9.5,18.0,7.0,8.5,290.0,145.0,-145.0,0,0,0,0,0,7,7,2,1.5,10.0,115.5,FAIL,PTO_NOMINAL_LT_13;PTO_RESIDUAL_LT_8;PULLEY_FIXED_LT_10
S2-COARSE-T5-BP-01.5-OP01.0,STAGE_2_INNER_SUPPORT_AND_FASTENERS,COARSE_BELT_0.50_OUTER_1.00_MM,-1.5,0.0,METAL_PLATE_5MM_CANDIDATE,5.0,0.0,1.0,REVERSED_AWAY_FROM_BELT,STANDARD_REVERSED,11.5,6.5,15.5,10.5,9.5,18.0,7.0,8.5,290.0,145.0,-145.0,0,0,0,0,0,7,7,2,2.5,10.0,112.5,FAIL,PTO_NOMINAL_LT_13;PTO_RESIDUAL_LT_8;PULLEY_FIXED_LT_10
S2-COARSE-T5-BP-01.5-OP02.0,STAGE_2_INNER_SUPPORT_AND_FASTENERS,COARSE_BELT_0.50_OUTER_1.00_MM,-1.5,0.0,METAL_PLATE_5MM_CANDIDATE,5.0,0.0,2.0,REVERSED_AWAY_FROM_BELT,STANDARD_REVERSED,11.5,6.5,15.5,10.5,9.5,18.0,7.0,8.5,290.0,145.0,-145.0,0,0,0,0,0,7,7,2,3.5,10.0,109.5,FAIL,PTO_NOMINAL_LT_13;PTO_RESIDUAL_LT_8;PULLEY_FIXED_LT_10
S2-COARSE-T5-BP-01.5-OP03.0,STAGE_2_INNER_SUPPORT_AND_FASTENERS,COARSE_BELT_0.50_OUTER_1.00_MM,-1.5,0.0,METAL_PLATE_5MM_CANDIDATE,5.0,0.0,3.0,REVERSED_AWAY_FROM_BELT,STANDARD_REVERSED,11.5,6.5,15.5,10.5,9.5,18.0,7.0,8.5,290.0,145.0,-145.0,0,0,0,0,0,7,7,2,4.5,10.0,106.5,FAIL,PTO_NOMINAL_LT_13;PTO_RESIDUAL_LT_8;PULLEY_FIXED_LT_10
S2-COARSE-T5-BP-01.5-OP04.0,STAGE_2_INNER_SUPPORT_AND_FASTENERS,COARSE_BELT_0.50_OUTER_1.00_MM,-1.5,0.0,METAL_PLATE_5MM_CANDIDATE,5.0,0.0,4.0,REVERSED_AWAY_FROM_BELT,STANDARD_REVERSED,11.5,6.5,15.5,10.5,9.5,18.0,7.0,8.5,290.0,145.0,-145.0,0,0,0,0,0,7,7,2,5.5,10.0,103.5,FAIL,PTO_NOMINAL_LT_13;PTO_RESIDUAL_LT_8;PULLEY_FIXED_LT_10
S2-COARSE-T5-BP-01.5-OP05.0,STAGE_2_INNER_SUPPORT_AND_FASTENERS,COARSE_BELT_0.50_OUTER_1.00_MM,-1.5,0.0,METAL_PLATE_5MM_CANDIDATE,5.0,0.0,5.0,REVERSED_AWAY_FROM_BELT,STANDARD_REVERSED,11.5,6.5,15.5,10.5,9.5,18.0,7.0,8.5,290.0,145.0,-145.0,0,0,0,0,0,7,7,2,6.5,10.0,100.5,FAIL,PTO_NOMINAL_LT_13;PTO_RESIDUAL_LT_8;PULLEY_FIXED_LT_10
S2-COARSE-T5-BP-01.5-OP06.0,STAGE_2_INNER_SUPPORT_AND_FASTENERS,COARSE_BELT_0.50_OUTER_1.00_MM,-1.5,0.0,METAL_PLATE_5MM_CANDIDATE,5.0,0.0,6.0,REVERSED_AWAY_FROM_BELT,STANDARD_REVERSED,11.5,6.5,15.5,10.5,9.5,18.0,7.0,8.5,290.0,145.0,-145.0,0,0,0,0,0,7,7,2,7.5,10.0,97.5,FAIL,PTO_NOMINAL_LT_13;PTO_RESIDUAL_LT_8;PULLEY_FIXED_LT_10
S2-COARSE-T5-BP-01.5-OP07.0,STAGE_2_INNER_SUPPORT_AND_FASTENERS,COARSE_BELT_0.50_OUTER_1.00_MM,-1.5,0.0,METAL_PLATE_5MM_CANDIDATE,5.0,0.0,7.0,REVERSED_AWAY_FROM_BELT,STANDARD_REVERSED,11.5,6.5,15.5,10.5,9.5,18.0,7.0,8.5,290.0,145.0,-145.0,0,0,0,0,0,7,7,2,8.5,10.0,94.5,FAIL,PTO_NOMINAL_LT_13;PTO_RESIDUAL_LT_8;PULLEY_FIXED_LT_10
S2-COARSE-T5-BP-01.5-OP08.0,STAGE_2_INNER_SUPPORT_AND_FASTENERS,COARSE_BELT_0.50_OUTER_1.00_MM,-1.5,0.0,METAL_PLATE_5MM_CANDIDATE,5.0,0.0,8.0,REVERSED_AWAY_FROM_BELT,STANDARD_REVERSED,11.5,6.5,15.5,10.5,9.5,18.0,7.0,8.5,290.0,145.0,-145.0,0,0,0,0,0,7,7,2,9.5,10.0,91.5,FAIL,PTO_NOMINAL_LT_13;PTO_RESIDUAL_LT_8;PULLEY_FIXED_LT_10
S2-COARSE-T5-BP-01.5-OP09.0,STAGE_2_INNER_SUPPORT_AND_FASTENERS,COARSE_BELT_0.50_OUTER_1.00_MM,-1.5,0.0,METAL_PLATE_5MM_CANDIDATE,5.0,0.0,9.0,REVERSED_AWAY_FROM_BELT,STANDARD_REVERSED,11.5,6.5,15.5,10.5,9.5,18.0,7.0,8.5,290.0,145.0,-145.0,0,0,0,0,0,7,7,2,10.5,10.0,88.5,FAIL,PTO_NOMINAL_LT_13;PTO_RESIDUAL_LT_8;PULLEY_FIXED_LT_10
S2-COARSE-T5-BP-01.5-OP10.0,STAGE_2_INNER_SUPPORT_AND_FASTENERS,COARSE_BELT_0.50_OUTER_1.00_MM,-1.5,0.0,METAL_PLATE_5MM_CANDIDATE,5.0,0.0,10.0,REVERSED_AWAY_FROM_BELT,STANDARD_REVERSED,11.5,6.5,15.5,10.5,9.5,18.0,7.0,8.5,290.0,145.0,-145.0,0,0,0,0,0,7,7,2,11.5,10.0,85.5,FAIL,PTO_NOMINAL_LT_13;PTO_RESIDUAL_LT_8;PULLEY_FIXED_LT_10
S2-COARSE-T5-BP-01.0-OP00.0,STAGE_2_INNER_SUPPORT_AND_FASTENERS,COARSE_BELT_0.50_OUTER_1.00_MM,-1.0,0.0,METAL_PLATE_5MM_CANDIDATE,5.0,0.0,0.0,REVERSED_AWAY_FROM_BELT,STANDARD_REVERSED,12.0,7.0,15.5,10.5,10.0,18.5,7.0,8.5,290.0,145.0,-145.0,0,0,0,0,0,7,7,2,1.0,10.0,127.0,FAIL,PTO_NOMINAL_LT_13;PTO_RESIDUAL_LT_8
S2-COARSE-T5-BP-01.0-OP01.0,STAGE_2_INNER_SUPPORT_AND_FASTENERS,COARSE_BELT_0.50_OUTER_1.00_MM,-1.0,0.0,METAL_PLATE_5MM_CANDIDATE,5.0,0.0,1.0,REVERSED_AWAY_FROM_BELT,STANDARD_REVERSED,12.0,7.0,15.5,10.5,10.0,18.5,7.0,8.5,290.0,145.0,-145.0,0,0,0,0,0,7,7,2,2.0,10.0,124.0,FAIL,PTO_NOMINAL_LT_13;PTO_RESIDUAL_LT_8
S2-COARSE-T5-BP-01.0-OP02.0,STAGE_2_INNER_SUPPORT_AND_FASTENERS,COARSE_BELT_0.50_OUTER_1.00_MM,-1.0,0.0,METAL_PLATE_5MM_CANDIDATE,5.0,0.0,2.0,REVERSED_AWAY_FROM_BELT,STANDARD_REVERSED,12.0,7.0,15.5,10.5,10.0,18.5,7.0,8.5,290.0,145.0,-145.0,0,0,0,0,0,7,7,2,3.0,10.0,121.0,FAIL,PTO_NOMINAL_LT_13;PTO_RESIDUAL_LT_8
S2-COARSE-T5-BP-01.0-OP03.0,STAGE_2_INNER_SUPPORT_AND_FASTENERS,COARSE_BELT_0.50_OUTER_1.00_MM,-1.0,0.0,METAL_PLATE_5MM_CANDIDATE,5.0,0.0,3.0,REVERSED_AWAY_FROM_BELT,STANDARD_REVERSED,12.0,7.0,15.5,10.5,10.0,18.5,7.0,8.5,290.0,145.0,-145.0,0,0,0,0,0,7,7,2,4.0,10.0,118.0,FAIL,PTO_NOMINAL_LT_13;PTO_RESIDUAL_LT_8
S2-COARSE-T5-BP-01.0-OP04.0,STAGE_2_INNER_SUPPORT_AND_FASTENERS,COARSE_BELT_0.50_OUTER_1.00_MM,-1.0,0.0,METAL_PLATE_5MM_CANDIDATE,5.0,0.0,4.0,REVERSED_AWAY_FROM_BELT,STANDARD_REVERSED,12.0,7.0,15.5,10.5,10.0,18.5,7.0,8.5,290.0,145.0,-145.0,0,0,0,0,0,7,7,2,5.0,10.0,115.0,FAIL,PTO_NOMINAL_LT_13;PTO_RESIDUAL_LT_8
S2-COARSE-T5-BP-01.0-OP05.0,STAGE_2_INNER_SUPPORT_AND_FASTENERS,COARSE_BELT_0.50_OUTER_1.00_MM,-1.0,0.0,METAL_PLATE_5MM_CANDIDATE,5.0,0.0,5.0,REVERSED_AWAY_FROM_BELT,STANDARD_REVERSED,12.0,7.0,15.5,10.5,10.0,18.5,7.0,8.5,290.0,145.0,-145.0,0,0,0,0,0,7,7,2,6.0,10.0,112.0,FAIL,PTO_NOMINAL_LT_13;PTO_RESIDUAL_LT_8
S2-COARSE-T5-BP-01.0-OP06.0,STAGE_2_INNER_SUPPORT_AND_FASTENERS,COARSE_BELT_0.50_OUTER_1.00_MM,-1.0,0.0,METAL_PLATE_5MM_CANDIDATE,5.0,0.0,6.0,REVERSED_AWAY_FROM_BELT,STANDARD_REVERSED,12.0,7.0,15.5,10.5,10.0,18.5,7.0,8.5,290.0,145.0,-145.0,0,0,0,0,0,7,7,2,7.0,10.0,109.0,FAIL,PTO_NOMINAL_LT_13;PTO_RESIDUAL_LT_8
S2-COARSE-T5-BP-01.0-OP07.0,STAGE_2_INNER_SUPPORT_AND_FASTENERS,COARSE_BELT_0.50_OUTER_1.00_MM,-1.0,0.0,METAL_PLATE_5MM_CANDIDATE,5.0,0.0,7.0,REVERSED_AWAY_FROM_BELT,STANDARD_REVERSED,12.0,7.0,15.5,10.5,10.0,18.5,7.0,8.5,290.0,145.0,-145.0,0,0,0,0,0,7,7,2,8.0,10.0,106.0,FAIL,PTO_NOMINAL_LT_13;PTO_RESIDUAL_LT_8
S2-COARSE-T5-BP-01.0-OP08.0,STAGE_2_INNER_SUPPORT_AND_FASTENERS,COARSE_BELT_0.50_OUTER_1.00_MM,-1.0,0.0,METAL_PLATE_5MM_CANDIDATE,5.0,0.0,8.0,REVERSED_AWAY_FROM_BELT,STANDARD_REVERSED,12.0,7.0,15.5,10.5,10.0,18.5,7.0,8.5,290.0,145.0,-145.0,0,0,0,0,0,7,7,2,9.0,10.0,103.0,FAIL,PTO_NOMINAL_LT_13;PTO_RESIDUAL_LT_8
S2-COARSE-T5-BP-01.0-OP09.0,STAGE_2_INNER_SUPPORT_AND_FASTENERS,COARSE_BELT_0.50_OUTER_1.00_MM,-1.0,0.0,METAL_PLATE_5MM_CANDIDATE,5.0,0.0,9.0,REVERSED_AWAY_FROM_BELT,STANDARD_REVERSED,12.0,7.0,15.5,10.5,10.0,18.5,7.0,8.5,290.0,145.0,-145.0,0,0,0,0,0,7,7,2,10.0,10.0,100.0,FAIL,PTO_NOMINAL_LT_13;PTO_RESIDUAL_LT_8
S2-COARSE-T5-BP-01.0-OP10.0,STAGE_2_INNER_SUPPORT_AND_FASTENERS,COARSE_BELT_0.50_OUTER_1.00_MM,-1.0,0.0,METAL_PLATE_5MM_CANDIDATE,5.0,0.0,10.0,REVERSED_AWAY_FROM_BELT,STANDARD_REVERSED,12.0,7.0,15.5,10.5,10.0,18.5,7.0,8.5,290.0,145.0,-145.0,0,0,0,0,0,7,7,2,11.0,10.0,97.0,FAIL,PTO_NOMINAL_LT_13;PTO_RESIDUAL_LT_8
S2-COARSE-T5-BP-00.5-OP00.0,STAGE_2_INNER_SUPPORT_AND_FASTENERS,COARSE_BELT_0.50_OUTER_1.00_MM,-0.5,0.0,METAL_PLATE_5MM_CANDIDATE,5.0,0.0,0.0,REVERSED_AWAY_FROM_BELT,STANDARD_REVERSED,12.0,7.0,15.5,10.5,10.5,19.0,7.0,8.5,290.0,145.0,-145.0,0,0,0,0,0,7,7,2,0.5,10.0,128.5,FAIL,PTO_NOMINAL_LT_13;PTO_RESIDUAL_LT_8
S2-COARSE-T5-BP-00.5-OP01.0,STAGE_2_INNER_SUPPORT_AND_FASTENERS,COARSE_BELT_0.50_OUTER_1.00_MM,-0.5,0.0,METAL_PLATE_5MM_CANDIDATE,5.0,0.0,1.0,REVERSED_AWAY_FROM_BELT,STANDARD_REVERSED,12.5,7.5,15.5,10.5,10.5,19.0,7.0,8.5,290.0,145.0,-145.0,0,0,0,0,0,7,7,2,1.5,10.0,135.5,FAIL,PTO_NOMINAL_LT_13;PTO_RESIDUAL_LT_8
S2-COARSE-T5-BP-00.5-OP02.0,STAGE_2_INNER_SUPPORT_AND_FASTENERS,COARSE_BELT_0.50_OUTER_1.00_MM,-0.5,0.0,METAL_PLATE_5MM_CANDIDATE,5.0,0.0,2.0,REVERSED_AWAY_FROM_BELT,STANDARD_REVERSED,12.5,7.5,15.5,10.5,10.5,19.0,7.0,8.5,290.0,145.0,-145.0,0,0,0,0,0,7,7,2,2.5,10.0,132.5,FAIL,PTO_NOMINAL_LT_13;PTO_RESIDUAL_LT_8
S2-COARSE-T5-BP-00.5-OP03.0,STAGE_2_INNER_SUPPORT_AND_FASTENERS,COARSE_BELT_0.50_OUTER_1.00_MM,-0.5,0.0,METAL_PLATE_5MM_CANDIDATE,5.0,0.0,3.0,REVERSED_AWAY_FROM_BELT,STANDARD_REVERSED,12.5,7.5,15.5,10.5,10.5,19.0,7.0,8.5,290.0,145.0,-145.0,0,0,0,0,0,7,7,2,3.5,10.0,129.5,FAIL,PTO_NOMINAL_LT_13;PTO_RESIDUAL_LT_8
S2-COARSE-T5-BP-00.5-OP04.0,STAGE_2_INNER_SUPPORT_AND_FASTENERS,COARSE_BELT_0.50_OUTER_1.00_MM,-0.5,0.0,METAL_PLATE_5MM_CANDIDATE,5.0,0.0,4.0,REVERSED_AWAY_FROM_BELT,STANDARD_REVERSED,12.5,7.5,15.5,10.5,10.5,19.0,7.0,8.5,290.0,145.0,-145.0,0,0,0,0,0,7,7,2,4.5,10.0,126.5,FAIL,PTO_NOMINAL_LT_13;PTO_RESIDUAL_LT_8
S2-COARSE-T5-BP-00.5-OP05.0,STAGE_2_INNER_SUPPORT_AND_FASTENERS,COARSE_BELT_0.50_OUTER_1.00_MM,-0.5,0.0,METAL_PLATE_5MM_CANDIDATE,5.0,0.0,5.0,REVERSED_AWAY_FROM_BELT,STANDARD_REVERSED,12.5,7.5,15.5,10.5,10.5,19.0,7.0,8.5,290.0,145.0,-145.0,0,0,0,0,0,7,7,2,5.5,10.0,123.5,FAIL,PTO_NOMINAL_LT_13;PTO_RESIDUAL_LT_8
S2-COARSE-T5-BP-00.5-OP06.0,STAGE_2_INNER_SUPPORT_AND_FASTENERS,COARSE_BELT_0.50_OUTER_1.00_MM,-0.5,0.0,METAL_PLATE_5MM_CANDIDATE,5.0,0.0,6.0,REVERSED_AWAY_FROM_BELT,STANDARD_REVERSED,12.5,7.5,15.5,10.5,10.5,19.0,7.0,8.5,290.0,145.0,-145.0,0,0,0,0,0,7,7,2,6.5,10.0,120.5,FAIL,PTO_NOMINAL_LT_13;PTO_RESIDUAL_LT_8
S2-COARSE-T5-BP-00.5-OP07.0,STAGE_2_INNER_SUPPORT_AND_FASTENERS,COARSE_BELT_0.50_OUTER_1.00_MM,-0.5,0.0,METAL_PLATE_5MM_CANDIDATE,5.0,0.0,7.0,REVERSED_AWAY_FROM_BELT,STANDARD_REVERSED,12.5,7.5,15.5,10.5,10.5,19.0,7.0,8.5,290.0,145.0,-145.0,0,0,0,0,0,7,7,2,7.5,10.0,117.5,FAIL,PTO_NOMINAL_LT_13;PTO_RESIDUAL_LT_8
S2-COARSE-T5-BP-00.5-OP08.0,STAGE_2_INNER_SUPPORT_AND_FASTENERS,COARSE_BELT_0.50_OUTER_1.00_MM,-0.5,0.0,METAL_PLATE_5MM_CANDIDATE,5.0,0.0,8.0,REVERSED_AWAY_FROM_BELT,STANDARD_REVERSED,12.5,7.5,15.5,10.5,10.5,19.0,7.0,8.5,290.0,145.0,-145.0,0,0,0,0,0,7,7,2,8.5,10.0,114.5,FAIL,PTO_NOMINAL_LT_13;PTO_RESIDUAL_LT_8
S2-COARSE-T5-BP-00.5-OP09.0,STAGE_2_INNER_SUPPORT_AND_FASTENERS,COARSE_BELT_0.50_OUTER_1.00_MM,-0.5,0.0,METAL_PLATE_5MM_CANDIDATE,5.0,0.0,9.0,REVERSED_AWAY_FROM_BELT,STANDARD_REVERSED,12.5,7.5,15.5,10.5,10.5,19.0,7.0,8.5,290.0,145.0,-145.0,0,0,0,0,0,7,7,2,9.5,10.0,111.5,FAIL,PTO_NOMINAL_LT_13;PTO_RESIDUAL_LT_8
S2-COARSE-T5-BP-00.5-OP10.0,STAGE_2_INNER_SUPPORT_AND_FASTENERS,COARSE_BELT_0.50_OUTER_1.00_MM,-0.5,0.0,METAL_PLATE_5MM_CANDIDATE,5.0,0.0,10.0,REVERSED_AWAY_FROM_BELT,STANDARD_REVERSED,12.5,7.5,15.5,10.5,10.5,19.0,7.0,8.5,290.0,145.0,-145.0,0,0,0,0,0,7,7,2,10.5,10.0,108.5,FAIL,PTO_NOMINAL_LT_13;PTO_RESIDUAL_LT_8
S2-COARSE-T5-BP+00.0-OP00.0,STAGE_2_INNER_SUPPORT_AND_FASTENERS,COARSE_BELT_0.50_OUTER_1.00_MM,0.0,0.0,METAL_PLATE_5MM_CANDIDATE,5.0,0.0,0.0,REVERSED_AWAY_FROM_BELT,STANDARD_REVERSED,11.5,6.5,15.5,10.5,11.0,19.5,7.0,8.5,290.0,145.0,-145.0,0,0,0,0,0,7,7,2,0.0,10.0,120.0,FAIL,PTO_NOMINAL_LT_13;PTO_RESIDUAL_LT_8
S2-COARSE-T5-BP+00.0-OP01.0,STAGE_2_INNER_SUPPORT_AND_FASTENERS,COARSE_BELT_0.50_OUTER_1.00_MM,0.0,0.0,METAL_PLATE_5MM_CANDIDATE,5.0,0.0,1.0,REVERSED_AWAY_FROM_BELT,STANDARD_REVERSED,12.5,7.5,15.5,10.5,11.0,19.5,7.0,8.5,290.0,145.0,-145.0,0,0,0,0,0,7,7,2,1.0,10.0,137.0,FAIL,PTO_NOMINAL_LT_13;PTO_RESIDUAL_LT_8
S2-COARSE-T5-BP+00.0-OP02.0,STAGE_2_INNER_SUPPORT_AND_FASTENERS,COARSE_BELT_0.50_OUTER_1.00_MM,0.0,0.0,METAL_PLATE_5MM_CANDIDATE,5.0,0.0,2.0,REVERSED_AWAY_FROM_BELT,STANDARD_REVERSED,13.0,8.0,15.5,10.5,11.0,19.5,7.0,8.5,290.0,145.0,-145.0,0,0,0,0,0,7,7,2,2.0,10.0,1144.0,CONDITIONAL_PASS,
S2-COARSE-T5-BP+00.0-OP03.0,STAGE_2_INNER_SUPPORT_AND_FASTENERS,COARSE_BELT_0.50_OUTER_1.00_MM,0.0,0.0,METAL_PLATE_5MM_CANDIDATE,5.0,0.0,3.0,REVERSED_AWAY_FROM_BELT,STANDARD_REVERSED,13.0,8.0,15.5,10.5,11.0,19.5,7.0,8.5,290.0,145.0,-145.0,0,0,0,0,0,7,7,2,3.0,10.0,1141.0,CONDITIONAL_PASS,
S2-COARSE-T5-BP+00.0-OP04.0,STAGE_2_INNER_SUPPORT_AND_FASTENERS,COARSE_BELT_0.50_OUTER_1.00_MM,0.0,0.0,METAL_PLATE_5MM_CANDIDATE,5.0,0.0,4.0,REVERSED_AWAY_FROM_BELT,STANDARD_REVERSED,13.0,8.0,15.5,10.5,11.0,19.5,7.0,8.5,290.0,145.0,-145.0,0,0,0,0,0,7,7,2,4.0,10.0,1138.0,CONDITIONAL_PASS,
S2-COARSE-T5-BP+00.0-OP05.0,STAGE_2_INNER_SUPPORT_AND_FASTENERS,COARSE_BELT_0.50_OUTER_1.00_MM,0.0,0.0,METAL_PLATE_5MM_CANDIDATE,5.0,0.0,5.0,REVERSED_AWAY_FROM_BELT,STANDARD_REVERSED,13.0,8.0,15.5,10.5,11.0,19.5,7.0,8.5,290.0,145.0,-145.0,0,0,0,0,0,7,7,2,5.0,10.0,1135.0,CONDITIONAL_PASS,
S2-COARSE-T5-BP+00.0-OP06.0,STAGE_2_INNER_SUPPORT_AND_FASTENERS,COARSE_BELT_0.50_OUTER_1.00_MM,0.0,0.0,METAL_PLATE_5MM_CANDIDATE,5.0,0.0,6.0,REVERSED_AWAY_FROM_BELT,STANDARD_REVERSED,13.0,8.0,15.5,10.5,11.0,19.5,7.0,8.5,290.0,145.0,-145.0,0,0,0,0,0,7,7,2,6.0,10.0,1132.0,CONDITIONAL_PASS,
S2-COARSE-T5-BP+00.0-OP07.0,STAGE_2_INNER_SUPPORT_AND_FASTENERS,COARSE_BELT_0.50_OUTER_1.00_MM,0.0,0.0,METAL_PLATE_5MM_CANDIDATE,5.0,0.0,7.0,REVERSED_AWAY_FROM_BELT,STANDARD_REVERSED,13.0,8.0,15.5,10.5,11.0,19.5,7.0,8.5,290.0,145.0,-145.0,0,0,0,0,0,7,7,2,7.0,10.0,1129.0,CONDITIONAL_PASS,
S2-COARSE-T5-BP+00.0-OP08.0,STAGE_2_INNER_SUPPORT_AND_FASTENERS,COARSE_BELT_0.50_OUTER_1.00_MM,0.0,0.0,METAL_PLATE_5MM_CANDIDATE,5.0,0.0,8.0,REVERSED_AWAY_FROM_BELT,STANDARD_REVERSED,13.0,8.0,15.5,10.5,11.0,19.5,7.0,8.5,290.0,145.0,-145.0,0,0,0,0,0,7,7,2,8.0,10.0,1126.0,CONDITIONAL_PASS,
S2-COARSE-T5-BP+00.0-OP09.0,STAGE_2_INNER_SUPPORT_AND_FASTENERS,COARSE_BELT_0.50_OUTER_1.00_MM,0.0,0.0,METAL_PLATE_5MM_CANDIDATE,5.0,0.0,9.0,REVERSED_AWAY_FROM_BELT,STANDARD_REVERSED,13.0,8.0,15.5,10.5,11.0,19.5,7.0,8.5,290.0,145.0,-145.0,0,0,0,0,0,7,7,2,9.0,10.0,1123.0,CONDITIONAL_PASS,
S2-COARSE-T5-BP+00.0-OP10.0,STAGE_2_INNER_SUPPORT_AND_FASTENERS,COARSE_BELT_0.50_OUTER_1.00_MM,0.0,0.0,METAL_PLATE_5MM_CANDIDATE,5.0,0.0,10.0,REVERSED_AWAY_FROM_BELT,STANDARD_REVERSED,13.0,8.0,15.5,10.5,11.0,19.5,7.0,8.5,290.0,145.0,-145.0,0,0,0,0,0,7,7,2,10.0,10.0,1120.0,CONDITIONAL_PASS,
S2-COARSE-T5-BP+00.5-OP00.0,STAGE_2_INNER_SUPPORT_AND_FASTENERS,COARSE_BELT_0.50_OUTER_1.00_MM,0.5,0.0,METAL_PLATE_5MM_CANDIDATE,5.0,0.0,0.0,REVERSED_AWAY_FROM_BELT,STANDARD_REVERSED,11.0,6.0,15.5,10.5,11.5,20.0,7.0,8.5,290.0,145.0,-145.0,0,0,0,0,0,7,7,2,0.5,10.0,108.5,FAIL,PTO_NOMINAL_LT_13;PTO_RESIDUAL_LT_8
S2-COARSE-T5-BP+00.5-OP01.0,STAGE_2_INNER_SUPPORT_AND_FASTENERS,COARSE_BELT_0.50_OUTER_1.00_MM,0.5,0.0,METAL_PLATE_5MM_CANDIDATE,5.0,0.0,1.0,REVERSED_AWAY_FROM_BELT,STANDARD_REVERSED,12.0,7.0,15.5,10.5,11.5,20.0,7.0,8.5,290.0,145.0,-145.0,0,0,0,0,0,7,7,2,1.5,10.0,125.5,FAIL,PTO_NOMINAL_LT_13;PTO_RESIDUAL_LT_8
S2-COARSE-T5-BP+00.5-OP02.0,STAGE_2_INNER_SUPPORT_AND_FASTENERS,COARSE_BELT_0.50_OUTER_1.00_MM,0.5,0.0,METAL_PLATE_5MM_CANDIDATE,5.0,0.0,2.0,REVERSED_AWAY_FROM_BELT,STANDARD_REVERSED,13.0,8.0,15.5,10.5,11.5,20.0,7.0,8.5,290.0,145.0,-145.0,0,0,0,0,0,7,7,2,2.5,10.0,1142.5,CONDITIONAL_PASS,
S2-COARSE-T5-BP+00.5-OP03.0,STAGE_2_INNER_SUPPORT_AND_FASTENERS,COARSE_BELT_0.50_OUTER_1.00_MM,0.5,0.0,METAL_PLATE_5MM_CANDIDATE,5.0,0.0,3.0,REVERSED_AWAY_FROM_BELT,STANDARD_REVERSED,13.5,8.5,15.5,10.5,11.5,20.0,7.0,8.5,290.0,145.0,-145.0,0,0,0,0,0,7,7,2,3.5,10.0,1149.5,CONDITIONAL_PASS,
S2-COARSE-T5-BP+00.5-OP04.0,STAGE_2_INNER_SUPPORT_AND_FASTENERS,COARSE_BELT_0.50_OUTER_1.00_MM,0.5,0.0,METAL_PLATE_5MM_CANDIDATE,5.0,0.0,4.0,REVERSED_AWAY_FROM_BELT,STANDARD_REVERSED,13.5,8.5,15.5,10.5,11.5,20.0,7.0,8.5,290.0,145.0,-145.0,0,0,0,0,0,7,7,2,4.5,10.0,1146.5,CONDITIONAL_PASS,
S2-COARSE-T5-BP+00.5-OP05.0,STAGE_2_INNER_SUPPORT_AND_FASTENERS,COARSE_BELT_0.50_OUTER_1.00_MM,0.5,0.0,METAL_PLATE_5MM_CANDIDATE,5.0,0.0,5.0,REVERSED_AWAY_FROM_BELT,STANDARD_REVERSED,13.5,8.5,15.5,10.5,11.5,20.0,7.0,8.5,290.0,145.0,-145.0,0,0,0,0,0,7,7,2,5.5,10.0,1143.5,CONDITIONAL_PASS,
S2-COARSE-T5-BP+00.5-OP06.0,STAGE_2_INNER_SUPPORT_AND_FASTENERS,COARSE_BELT_0.50_OUTER_1.00_MM,0.5,0.0,METAL_PLATE_5MM_CANDIDATE,5.0,0.0,6.0,REVERSED_AWAY_FROM_BELT,STANDARD_REVERSED,13.5,8.5,15.5,10.5,11.5,20.0,7.0,8.5,290.0,145.0,-145.0,0,0,0,0,0,7,7,2,6.5,10.0,1140.5,CONDITIONAL_PASS,
S2-COARSE-T5-BP+00.5-OP07.0,STAGE_2_INNER_SUPPORT_AND_FASTENERS,COARSE_BELT_0.50_OUTER_1.00_MM,0.5,0.0,METAL_PLATE_5MM_CANDIDATE,5.0,0.0,7.0,REVERSED_AWAY_FROM_BELT,STANDARD_REVERSED,13.5,8.5,15.5,10.5,11.5,20.0,7.0,8.5,290.0,145.0,-145.0,0,0,0,0,0,7,7,2,7.5,10.0,1137.5,CONDITIONAL_PASS,
S2-COARSE-T5-BP+00.5-OP08.0,STAGE_2_INNER_SUPPORT_AND_FASTENERS,COARSE_BELT_0.50_OUTER_1.00_MM,0.5,0.0,METAL_PLATE_5MM_CANDIDATE,5.0,0.0,8.0,REVERSED_AWAY_FROM_BELT,STANDARD_REVERSED,13.5,8.5,15.5,10.5,11.5,20.0,7.0,8.5,290.0,145.0,-145.0,0,0,0,0,0,7,7,2,8.5,10.0,1134.5,CONDITIONAL_PASS,
S2-COARSE-T5-BP+00.5-OP09.0,STAGE_2_INNER_SUPPORT_AND_FASTENERS,COARSE_BELT_0.50_OUTER_1.00_MM,0.5,0.0,METAL_PLATE_5MM_CANDIDATE,5.0,0.0,9.0,REVERSED_AWAY_FROM_BELT,STANDARD_REVERSED,13.5,8.5,15.5,10.5,11.5,20.0,7.0,8.5,290.0,145.0,-145.0,0,0,0,0,0,7,7,2,9.5,10.0,1131.5,CONDITIONAL_PASS,
S2-COARSE-T5-BP+00.5-OP10.0,STAGE_2_INNER_SUPPORT_AND_FASTENERS,COARSE_BELT_0.50_OUTER_1.00_MM,0.5,0.0,METAL_PLATE_5MM_CANDIDATE,5.0,0.0,10.0,REVERSED_AWAY_FROM_BELT,STANDARD_REVERSED,13.5,8.5,15.5,10.5,11.5,20.0,7.0,8.5,290.0,145.0,-145.0,0,0,0,0,0,7,7,2,10.5,10.0,1128.5,CONDITIONAL_PASS,
S2-COARSE-T5-BP+01.0-OP00.0,STAGE_2_INNER_SUPPORT_AND_FASTENERS,COARSE_BELT_0.50_OUTER_1.00_MM,1.0,0.0,METAL_PLATE_5MM_CANDIDATE,5.0,0.0,0.0,REVERSED_AWAY_FROM_BELT,STANDARD_REVERSED,10.5,5.5,15.5,10.5,12.0,20.5,7.0,8.5,290.0,145.0,-145.0,0,0,0,0,0,7,7,2,1.0,10.0,97.0,FAIL,PTO_NOMINAL_LT_13;PTO_RESIDUAL_LT_8
S2-COARSE-T5-BP+01.0-OP01.0,STAGE_2_INNER_SUPPORT_AND_FASTENERS,COARSE_BELT_0.50_OUTER_1.00_MM,1.0,0.0,METAL_PLATE_5MM_CANDIDATE,5.0,0.0,1.0,REVERSED_AWAY_FROM_BELT,STANDARD_REVERSED,11.5,6.5,15.5,10.5,12.0,20.5,7.0,8.5,290.0,145.0,-145.0,0,0,0,0,0,7,7,2,2.0,10.0,114.0,FAIL,PTO_NOMINAL_LT_13;PTO_RESIDUAL_LT_8
S2-COARSE-T5-BP+01.0-OP02.0,STAGE_2_INNER_SUPPORT_AND_FASTENERS,COARSE_BELT_0.50_OUTER_1.00_MM,1.0,0.0,METAL_PLATE_5MM_CANDIDATE,5.0,0.0,2.0,REVERSED_AWAY_FROM_BELT,STANDARD_REVERSED,12.5,7.5,15.5,10.5,12.0,20.5,7.0,8.5,290.0,145.0,-145.0,0,0,0,0,0,7,7,2,3.0,10.0,131.0,FAIL,PTO_NOMINAL_LT_13;PTO_RESIDUAL_LT_8
S2-COARSE-T5-BP+01.0-OP03.0,STAGE_2_INNER_SUPPORT_AND_FASTENERS,COARSE_BELT_0.50_OUTER_1.00_MM,1.0,0.0,METAL_PLATE_5MM_CANDIDATE,5.0,0.0,3.0,REVERSED_AWAY_FROM_BELT,STANDARD_REVERSED,13.5,8.5,15.5,10.5,12.0,20.5,7.0,8.5,290.0,145.0,-145.0,0,0,0,0,0,7,7,2,4.0,10.0,1148.0,CONDITIONAL_PASS,
S2-COARSE-T5-BP+01.0-OP04.0,STAGE_2_INNER_SUPPORT_AND_FASTENERS,COARSE_BELT_0.50_OUTER_1.00_MM,1.0,0.0,METAL_PLATE_5MM_CANDIDATE,5.0,0.0,4.0,REVERSED_AWAY_FROM_BELT,STANDARD_REVERSED,14.0,9.0,15.5,10.5,12.0,20.5,7.0,8.5,290.0,145.0,-145.0,0,0,0,0,0,7,7,2,5.0,10.0,1155.0,CONDITIONAL_PASS,
S2-COARSE-T5-BP+01.0-OP05.0,STAGE_2_INNER_SUPPORT_AND_FASTENERS,COARSE_BELT_0.50_OUTER_1.00_MM,1.0,0.0,METAL_PLATE_5MM_CANDIDATE,5.0,0.0,5.0,REVERSED_AWAY_FROM_BELT,STANDARD_REVERSED,14.0,9.0,15.5,10.5,12.0,20.5,7.0,8.5,290.0,145.0,-145.0,0,0,0,0,0,7,7,2,6.0,10.0,1152.0,CONDITIONAL_PASS,
S2-COARSE-T5-BP+01.0-OP06.0,STAGE_2_INNER_SUPPORT_AND_FASTENERS,COARSE_BELT_0.50_OUTER_1.00_MM,1.0,0.0,METAL_PLATE_5MM_CANDIDATE,5.0,0.0,6.0,REVERSED_AWAY_FROM_BELT,STANDARD_REVERSED,14.0,9.0,15.5,10.5,12.0,20.5,7.0,8.5,290.0,145.0,-145.0,0,0,0,0,0,7,7,2,7.0,10.0,1149.0,CONDITIONAL_PASS,
S2-COARSE-T5-BP+01.0-OP07.0,STAGE_2_INNER_SUPPORT_AND_FASTENERS,COARSE_BELT_0.50_OUTER_1.00_MM,1.0,0.0,METAL_PLATE_5MM_CANDIDATE,5.0,0.0,7.0,REVERSED_AWAY_FROM_BELT,STANDARD_REVERSED,14.0,9.0,15.5,10.5,12.0,20.5,7.0,8.5,290.0,145.0,-145.0,0,0,0,0,0,7,7,2,8.0,10.0,1146.0,CONDITIONAL_PASS,
S2-COARSE-T5-BP+01.0-OP08.0,STAGE_2_INNER_SUPPORT_AND_FASTENERS,COARSE_BELT_0.50_OUTER_1.00_MM,1.0,0.0,METAL_PLATE_5MM_CANDIDATE,5.0,0.0,8.0,REVERSED_AWAY_FROM_BELT,STANDARD_REVERSED,14.0,9.0,15.5,10.5,12.0,20.5,7.0,8.5,290.0,145.0,-145.0,0,0,0,0,0,7,7,2,9.0,10.0,1143.0,CONDITIONAL_PASS,
S2-COARSE-T5-BP+01.0-OP09.0,STAGE_2_INNER_SUPPORT_AND_FASTENERS,COARSE_BELT_0.50_OUTER_1.00_MM,1.0,0.0,METAL_PLATE_5MM_CANDIDATE,5.0,0.0,9.0,REVERSED_AWAY_FROM_BELT,STANDARD_REVERSED,14.0,9.0,15.5,10.5,12.0,20.5,7.0,8.5,290.0,145.0,-145.0,0,0,0,0,0,7,7,2,10.0,10.0,1140.0,CONDITIONAL_PASS,
S2-COARSE-T5-BP+01.0-OP10.0,STAGE_2_INNER_SUPPORT_AND_FASTENERS,COARSE_BELT_0.50_OUTER_1.00_MM,1.0,0.0,METAL_PLATE_5MM_CANDIDATE,5.0,0.0,10.0,REVERSED_AWAY_FROM_BELT,STANDARD_REVERSED,14.0,9.0,15.5,10.5,12.0,20.5,7.0,8.5,290.0,145.0,-145.0,0,0,0,0,0,7,7,2,11.0,10.0,1137.0,CONDITIONAL_PASS,
S2-COARSE-T5-BP+01.5-OP00.0,STAGE_2_INNER_SUPPORT_AND_FASTENERS,COARSE_BELT_0.50_OUTER_1.00_MM,1.5,0.0,METAL_PLATE_5MM_CANDIDATE,5.0,0.0,0.0,REVERSED_AWAY_FROM_BELT,STANDARD_REVERSED,10.0,5.0,15.5,10.5,12.5,21.0,7.0,8.5,290.0,145.0,-145.0,0,0,0,0,0,7,7,2,1.5,10.0,85.5,FAIL,PTO_NOMINAL_LT_13;PTO_RESIDUAL_LT_8
S2-COARSE-T5-BP+01.5-OP01.0,STAGE_2_INNER_SUPPORT_AND_FASTENERS,COARSE_BELT_0.50_OUTER_1.00_MM,1.5,0.0,METAL_PLATE_5MM_CANDIDATE,5.0,0.0,1.0,REVERSED_AWAY_FROM_BELT,STANDARD_REVERSED,11.0,6.0,15.5,10.5,12.5,21.0,7.0,8.5,290.0,145.0,-145.0,0,0,0,0,0,7,7,2,2.5,10.0,102.5,FAIL,PTO_NOMINAL_LT_13;PTO_RESIDUAL_LT_8
S2-COARSE-T5-BP+01.5-OP02.0,STAGE_2_INNER_SUPPORT_AND_FASTENERS,COARSE_BELT_0.50_OUTER_1.00_MM,1.5,0.0,METAL_PLATE_5MM_CANDIDATE,5.0,0.0,2.0,REVERSED_AWAY_FROM_BELT,STANDARD_REVERSED,12.0,7.0,15.5,10.5,12.5,21.0,7.0,8.5,290.0,145.0,-145.0,0,0,0,0,0,7,7,2,3.5,10.0,119.5,FAIL,PTO_NOMINAL_LT_13;PTO_RESIDUAL_LT_8
S2-COARSE-T5-BP+01.5-OP03.0,STAGE_2_INNER_SUPPORT_AND_FASTENERS,COARSE_BELT_0.50_OUTER_1.00_MM,1.5,0.0,METAL_PLATE_5MM_CANDIDATE,5.0,0.0,3.0,REVERSED_AWAY_FROM_BELT,STANDARD_REVERSED,13.0,8.0,15.5,10.5,12.5,21.0,7.0,8.5,290.0,145.0,-145.0,0,0,0,0,0,7,7,2,4.5,10.0,1136.5,CONDITIONAL_PASS,
S2-COARSE-T5-BP+01.5-OP04.0,STAGE_2_INNER_SUPPORT_AND_FASTENERS,COARSE_BELT_0.50_OUTER_1.00_MM,1.5,0.0,METAL_PLATE_5MM_CANDIDATE,5.0,0.0,4.0,REVERSED_AWAY_FROM_BELT,STANDARD_REVERSED,14.0,9.0,15.5,10.5,12.5,21.0,7.0,8.5,290.0,145.0,-145.0,0,0,0,0,0,7,7,2,5.5,10.0,1153.5,CONDITIONAL_PASS,
S2-COARSE-T5-BP+01.5-OP05.0,STAGE_2_INNER_SUPPORT_AND_FASTENERS,COARSE_BELT_0.50_OUTER_1.00_MM,1.5,0.0,METAL_PLATE_5MM_CANDIDATE,5.0,0.0,5.0,REVERSED_AWAY_FROM_BELT,STANDARD_REVERSED,14.5,9.5,15.5,10.5,12.5,21.0,7.0,8.5,290.0,145.0,-145.0,0,0,0,0,0,7,7,2,6.5,10.0,1160.5,CONDITIONAL_PASS,
S2-COARSE-T5-BP+01.5-OP06.0,STAGE_2_INNER_SUPPORT_AND_FASTENERS,COARSE_BELT_0.50_OUTER_1.00_MM,1.5,0.0,METAL_PLATE_5MM_CANDIDATE,5.0,0.0,6.0,REVERSED_AWAY_FROM_BELT,STANDARD_REVERSED,14.5,9.5,15.5,10.5,12.5,21.0,7.0,8.5,290.0,145.0,-145.0,0,0,0,0,0,7,7,2,7.5,10.0,1157.5,CONDITIONAL_PASS,
S2-COARSE-T5-BP+01.5-OP07.0,STAGE_2_INNER_SUPPORT_AND_FASTENERS,COARSE_BELT_0.50_OUTER_1.00_MM,1.5,0.0,METAL_PLATE_5MM_CANDIDATE,5.0,0.0,7.0,REVERSED_AWAY_FROM_BELT,STANDARD_REVERSED,14.5,9.5,15.5,10.5,12.5,21.0,7.0,8.5,290.0,145.0,-145.0,0,0,0,0,0,7,7,2,8.5,10.0,1154.5,CONDITIONAL_PASS,
S2-COARSE-T5-BP+01.5-OP08.0,STAGE_2_INNER_SUPPORT_AND_FASTENERS,COARSE_BELT_0.50_OUTER_1.00_MM,1.5,0.0,METAL_PLATE_5MM_CANDIDATE,5.0,0.0,8.0,REVERSED_AWAY_FROM_BELT,STANDARD_REVERSED,14.5,9.5,15.5,10.5,12.5,21.0,7.0,8.5,290.0,145.0,-145.0,0,0,0,0,0,7,7,2,9.5,10.0,1151.5,CONDITIONAL_PASS,
S2-COARSE-T5-BP+01.5-OP09.0,STAGE_2_INNER_SUPPORT_AND_FASTENERS,COARSE_BELT_0.50_OUTER_1.00_MM,1.5,0.0,METAL_PLATE_5MM_CANDIDATE,5.0,0.0,9.0,REVERSED_AWAY_FROM_BELT,STANDARD_REVERSED,14.5,9.5,15.5,10.5,12.5,21.0,7.0,8.5,290.0,145.0,-145.0,0,0,0,0,0,7,7,2,10.5,10.0,1148.5,CONDITIONAL_PASS,
S2-COARSE-T5-BP+01.5-OP10.0,STAGE_2_INNER_SUPPORT_AND_FASTENERS,COARSE_BELT_0.50_OUTER_1.00_MM,1.5,0.0,METAL_PLATE_5MM_CANDIDATE,5.0,0.0,10.0,REVERSED_AWAY_FROM_BELT,STANDARD_REVERSED,14.5,9.5,15.5,10.5,12.5,21.0,7.0,8.5,290.0,145.0,-145.0,0,0,0,0,0,7,7,2,11.5,10.0,1145.5,CONDITIONAL_PASS,
S2-COARSE-T5-BP+02.0-OP00.0,STAGE_2_INNER_SUPPORT_AND_FASTENERS,COARSE_BELT_0.50_OUTER_1.00_MM,2.0,0.0,METAL_PLATE_5MM_CANDIDATE,5.0,0.0,0.0,REVERSED_AWAY_FROM_BELT,STANDARD_REVERSED,9.5,4.5,15.5,10.5,13.0,21.5,7.0,8.5,290.0,145.0,-145.0,0,0,0,0,0,7,7,2,2.0,10.0,74.0,FAIL,PTO_NOMINAL_LT_13;PTO_RESIDUAL_LT_8
S2-COARSE-T5-BP+02.0-OP01.0,STAGE_2_INNER_SUPPORT_AND_FASTENERS,COARSE_BELT_0.50_OUTER_1.00_MM,2.0,0.0,METAL_PLATE_5MM_CANDIDATE,5.0,0.0,1.0,REVERSED_AWAY_FROM_BELT,STANDARD_REVERSED,10.5,5.5,15.5,10.5,13.0,21.5,7.0,8.5,290.0,145.0,-145.0,0,0,0,0,0,7,7,2,3.0,10.0,91.0,FAIL,PTO_NOMINAL_LT_13;PTO_RESIDUAL_LT_8
S2-COARSE-T5-BP+02.0-OP02.0,STAGE_2_INNER_SUPPORT_AND_FASTENERS,COARSE_BELT_0.50_OUTER_1.00_MM,2.0,0.0,METAL_PLATE_5MM_CANDIDATE,5.0,0.0,2.0,REVERSED_AWAY_FROM_BELT,STANDARD_REVERSED,11.5,6.5,15.5,10.5,13.0,21.5,7.0,8.5,290.0,145.0,-145.0,0,0,0,0,0,7,7,2,4.0,10.0,108.0,FAIL,PTO_NOMINAL_LT_13;PTO_RESIDUAL_LT_8
S2-COARSE-T5-BP+02.0-OP03.0,STAGE_2_INNER_SUPPORT_AND_FASTENERS,COARSE_BELT_0.50_OUTER_1.00_MM,2.0,0.0,METAL_PLATE_5MM_CANDIDATE,5.0,0.0,3.0,REVERSED_AWAY_FROM_BELT,STANDARD_REVERSED,12.5,7.5,15.5,10.5,13.0,21.5,7.0,8.5,290.0,145.0,-145.0,0,0,0,0,0,7,7,2,5.0,10.0,125.0,FAIL,PTO_NOMINAL_LT_13;PTO_RESIDUAL_LT_8
S2-COARSE-T5-BP+02.0-OP04.0,STAGE_2_INNER_SUPPORT_AND_FASTENERS,COARSE_BELT_0.50_OUTER_1.00_MM,2.0,0.0,METAL_PLATE_5MM_CANDIDATE,5.0,0.0,4.0,REVERSED_AWAY_FROM_BELT,STANDARD_REVERSED,13.5,8.5,15.5,10.5,13.0,21.5,7.0,8.5,290.0,145.0,-145.0,0,0,0,0,0,7,7,2,6.0,10.0,1142.0,CONDITIONAL_PASS,
S2-COARSE-T5-BP+02.0-OP05.0,STAGE_2_INNER_SUPPORT_AND_FASTENERS,COARSE_BELT_0.50_OUTER_1.00_MM,2.0,0.0,METAL_PLATE_5MM_CANDIDATE,5.0,0.0,5.0,REVERSED_AWAY_FROM_BELT,STANDARD_REVERSED,14.5,9.5,15.5,10.5,13.0,21.5,7.0,8.5,290.0,145.0,-145.0,0,0,0,0,0,7,7,2,7.0,10.0,1159.0,CONDITIONAL_PASS,
S2-COARSE-T5-BP+02.0-OP06.0,STAGE_2_INNER_SUPPORT_AND_FASTENERS,COARSE_BELT_0.50_OUTER_1.00_MM,2.0,0.0,METAL_PLATE_5MM_CANDIDATE,5.0,0.0,6.0,REVERSED_AWAY_FROM_BELT,STANDARD_REVERSED,15.0,10.0,15.5,10.5,13.0,21.5,7.0,8.5,290.0,145.0,-145.0,0,0,0,0,0,7,7,2,8.0,10.0,1166.0,CONDITIONAL_PASS,
S2-COARSE-T5-BP+02.0-OP07.0,STAGE_2_INNER_SUPPORT_AND_FASTENERS,COARSE_BELT_0.50_OUTER_1.00_MM,2.0,0.0,METAL_PLATE_5MM_CANDIDATE,5.0,0.0,7.0,REVERSED_AWAY_FROM_BELT,STANDARD_REVERSED,15.0,10.0,15.5,10.5,13.0,21.5,7.0,8.5,290.0,145.0,-145.0,0,0,0,0,0,7,7,2,9.0,10.0,1163.0,CONDITIONAL_PASS,
S2-COARSE-T5-BP+02.0-OP08.0,STAGE_2_INNER_SUPPORT_AND_FASTENERS,COARSE_BELT_0.50_OUTER_1.00_MM,2.0,0.0,METAL_PLATE_5MM_CANDIDATE,5.0,0.0,8.0,REVERSED_AWAY_FROM_BELT,STANDARD_REVERSED,15.0,10.0,15.5,10.5,13.0,21.5,7.0,8.5,290.0,145.0,-145.0,0,0,0,0,0,7,7,2,10.0,10.0,1160.0,CONDITIONAL_PASS,
S2-COARSE-T5-BP+02.0-OP09.0,STAGE_2_INNER_SUPPORT_AND_FASTENERS,COARSE_BELT_0.50_OUTER_1.00_MM,2.0,0.0,METAL_PLATE_5MM_CANDIDATE,5.0,0.0,9.0,REVERSED_AWAY_FROM_BELT,STANDARD_REVERSED,15.0,10.0,15.5,10.5,13.0,21.5,7.0,8.5,290.0,145.0,-145.0,0,0,0,0,0,7,7,2,11.0,10.0,1157.0,CONDITIONAL_PASS,
S2-COARSE-T5-BP+02.0-OP10.0,STAGE_2_INNER_SUPPORT_AND_FASTENERS,COARSE_BELT_0.50_OUTER_1.00_MM,2.0,0.0,METAL_PLATE_5MM_CANDIDATE,5.0,0.0,10.0,REVERSED_AWAY_FROM_BELT,STANDARD_REVERSED,15.0,10.0,15.5,10.5,13.0,21.5,7.0,8.5,290.0,145.0,-145.0,0,0,0,0,0,7,7,2,12.0,10.0,1154.0,CONDITIONAL_PASS,
S2-COARSE-T5-BP+02.5-OP00.0,STAGE_2_INNER_SUPPORT_AND_FASTENERS,COARSE_BELT_0.50_OUTER_1.00_MM,2.5,0.0,METAL_PLATE_5MM_CANDIDATE,5.0,0.0,0.0,REVERSED_AWAY_FROM_BELT,STANDARD_REVERSED,9.0,4.0,15.5,10.5,13.5,22.0,7.0,8.5,290.0,145.0,-145.0,0,0,0,0,0,7,7,2,2.5,10.0,62.5,FAIL,PTO_NOMINAL_LT_13;PTO_RESIDUAL_LT_8
S2-COARSE-T5-BP+02.5-OP01.0,STAGE_2_INNER_SUPPORT_AND_FASTENERS,COARSE_BELT_0.50_OUTER_1.00_MM,2.5,0.0,METAL_PLATE_5MM_CANDIDATE,5.0,0.0,1.0,REVERSED_AWAY_FROM_BELT,STANDARD_REVERSED,10.0,5.0,15.5,10.5,13.5,22.0,7.0,8.5,290.0,145.0,-145.0,0,0,0,0,0,7,7,2,3.5,10.0,79.5,FAIL,PTO_NOMINAL_LT_13;PTO_RESIDUAL_LT_8
S2-COARSE-T5-BP+02.5-OP02.0,STAGE_2_INNER_SUPPORT_AND_FASTENERS,COARSE_BELT_0.50_OUTER_1.00_MM,2.5,0.0,METAL_PLATE_5MM_CANDIDATE,5.0,0.0,2.0,REVERSED_AWAY_FROM_BELT,STANDARD_REVERSED,11.0,6.0,15.5,10.5,13.5,22.0,7.0,8.5,290.0,145.0,-145.0,0,0,0,0,0,7,7,2,4.5,10.0,96.5,FAIL,PTO_NOMINAL_LT_13;PTO_RESIDUAL_LT_8
S2-COARSE-T5-BP+02.5-OP03.0,STAGE_2_INNER_SUPPORT_AND_FASTENERS,COARSE_BELT_0.50_OUTER_1.00_MM,2.5,0.0,METAL_PLATE_5MM_CANDIDATE,5.0,0.0,3.0,REVERSED_AWAY_FROM_BELT,STANDARD_REVERSED,12.0,7.0,15.5,10.5,13.5,22.0,7.0,8.5,290.0,145.0,-145.0,0,0,0,0,0,7,7,2,5.5,10.0,113.5,FAIL,PTO_NOMINAL_LT_13;PTO_RESIDUAL_LT_8
S2-COARSE-T5-BP+02.5-OP04.0,STAGE_2_INNER_SUPPORT_AND_FASTENERS,COARSE_BELT_0.50_OUTER_1.00_MM,2.5,0.0,METAL_PLATE_5MM_CANDIDATE,5.0,0.0,4.0,REVERSED_AWAY_FROM_BELT,STANDARD_REVERSED,13.0,8.0,15.5,10.5,13.5,22.0,7.0,8.5,290.0,145.0,-145.0,0,0,0,0,0,7,7,2,6.5,10.0,1130.5,CONDITIONAL_PASS,
S2-COARSE-T5-BP+02.5-OP05.0,STAGE_2_INNER_SUPPORT_AND_FASTENERS,COARSE_BELT_0.50_OUTER_1.00_MM,2.5,0.0,METAL_PLATE_5MM_CANDIDATE,5.0,0.0,5.0,REVERSED_AWAY_FROM_BELT,STANDARD_REVERSED,14.0,9.0,15.5,10.5,13.5,22.0,7.0,8.5,290.0,145.0,-145.0,0,0,0,0,0,7,7,2,7.5,10.0,1147.5,CONDITIONAL_PASS,
S2-COARSE-T5-BP+02.5-OP06.0,STAGE_2_INNER_SUPPORT_AND_FASTENERS,COARSE_BELT_0.50_OUTER_1.00_MM,2.5,0.0,METAL_PLATE_5MM_CANDIDATE,5.0,0.0,6.0,REVERSED_AWAY_FROM_BELT,STANDARD_REVERSED,15.0,10.0,15.5,10.5,13.5,22.0,7.0,8.5,290.0,145.0,-145.0,0,0,0,0,0,7,7,2,8.5,10.0,1164.5,CONDITIONAL_PASS,
S2-COARSE-T5-BP+02.5-OP07.0,STAGE_2_INNER_SUPPORT_AND_FASTENERS,COARSE_BELT_0.50_OUTER_1.00_MM,2.5,0.0,METAL_PLATE_5MM_CANDIDATE,5.0,0.0,7.0,REVERSED_AWAY_FROM_BELT,STANDARD_REVERSED,15.5,10.5,15.5,10.5,13.5,22.0,7.0,8.5,290.0,145.0,-145.0,0,0,0,0,0,7,7,2,9.5,10.0,1171.5,CONDITIONAL_PASS,
S2-COARSE-T5-BP+02.5-OP08.0,STAGE_2_INNER_SUPPORT_AND_FASTENERS,COARSE_BELT_0.50_OUTER_1.00_MM,2.5,0.0,METAL_PLATE_5MM_CANDIDATE,5.0,0.0,8.0,REVERSED_AWAY_FROM_BELT,STANDARD_REVERSED,15.5,10.5,15.5,10.5,13.5,22.0,7.0,8.5,290.0,145.0,-145.0,0,0,0,0,0,7,7,2,10.5,10.0,1168.5,CONDITIONAL_PASS,
S2-COARSE-T5-BP+02.5-OP09.0,STAGE_2_INNER_SUPPORT_AND_FASTENERS,COARSE_BELT_0.50_OUTER_1.00_MM,2.5,0.0,METAL_PLATE_5MM_CANDIDATE,5.0,0.0,9.0,REVERSED_AWAY_FROM_BELT,STANDARD_REVERSED,15.5,10.5,15.5,10.5,13.5,22.0,7.0,8.5,290.0,145.0,-145.0,0,0,0,0,0,7,7,2,11.5,10.0,1165.5,CONDITIONAL_PASS,
S2-COARSE-T5-BP+02.5-OP10.0,STAGE_2_INNER_SUPPORT_AND_FASTENERS,COARSE_BELT_0.50_OUTER_1.00_MM,2.5,0.0,METAL_PLATE_5MM_CANDIDATE,5.0,0.0,10.0,REVERSED_AWAY_FROM_BELT,STANDARD_REVERSED,15.5,10.5,15.5,10.5,13.5,22.0,7.0,8.5,290.0,145.0,-145.0,0,0,0,0,0,7,7,2,12.5,10.0,1162.5,CONDITIONAL_PASS,
S2-COARSE-T5-BP+03.0-OP00.0,STAGE_2_INNER_SUPPORT_AND_FASTENERS,COARSE_BELT_0.50_OUTER_1.00_MM,3.0,0.0,METAL_PLATE_5MM_CANDIDATE,5.0,0.0,0.0,REVERSED_AWAY_FROM_BELT,STANDARD_REVERSED,8.5,3.5,15.5,10.5,14.0,22.5,7.0,8.5,290.0,145.0,-145.0,0,0,0,0,0,7,7,2,3.0,10.0,51.0,FAIL,PTO_NOMINAL_LT_13;PTO_RESIDUAL_LT_8
S2-COARSE-T5-BP+03.0-OP01.0,STAGE_2_INNER_SUPPORT_AND_FASTENERS,COARSE_BELT_0.50_OUTER_1.00_MM,3.0,0.0,METAL_PLATE_5MM_CANDIDATE,5.0,0.0,1.0,REVERSED_AWAY_FROM_BELT,STANDARD_REVERSED,9.5,4.5,15.5,10.5,14.0,22.5,7.0,8.5,290.0,145.0,-145.0,0,0,0,0,0,7,7,2,4.0,10.0,68.0,FAIL,PTO_NOMINAL_LT_13;PTO_RESIDUAL_LT_8
S2-COARSE-T5-BP+03.0-OP02.0,STAGE_2_INNER_SUPPORT_AND_FASTENERS,COARSE_BELT_0.50_OUTER_1.00_MM,3.0,0.0,METAL_PLATE_5MM_CANDIDATE,5.0,0.0,2.0,REVERSED_AWAY_FROM_BELT,STANDARD_REVERSED,10.5,5.5,15.5,10.5,14.0,22.5,7.0,8.5,290.0,145.0,-145.0,0,0,0,0,0,7,7,2,5.0,10.0,85.0,FAIL,PTO_NOMINAL_LT_13;PTO_RESIDUAL_LT_8
S2-COARSE-T5-BP+03.0-OP03.0,STAGE_2_INNER_SUPPORT_AND_FASTENERS,COARSE_BELT_0.50_OUTER_1.00_MM,3.0,0.0,METAL_PLATE_5MM_CANDIDATE,5.0,0.0,3.0,REVERSED_AWAY_FROM_BELT,STANDARD_REVERSED,11.5,6.5,15.5,10.5,14.0,22.5,7.0,8.5,290.0,145.0,-145.0,0,0,0,0,0,7,7,2,6.0,10.0,102.0,FAIL,PTO_NOMINAL_LT_13;PTO_RESIDUAL_LT_8
S2-COARSE-T5-BP+03.0-OP04.0,STAGE_2_INNER_SUPPORT_AND_FASTENERS,COARSE_BELT_0.50_OUTER_1.00_MM,3.0,0.0,METAL_PLATE_5MM_CANDIDATE,5.0,0.0,4.0,REVERSED_AWAY_FROM_BELT,STANDARD_REVERSED,12.5,7.5,15.5,10.5,14.0,22.5,7.0,8.5,290.0,145.0,-145.0,0,0,0,0,0,7,7,2,7.0,10.0,119.0,FAIL,PTO_NOMINAL_LT_13;PTO_RESIDUAL_LT_8
S2-COARSE-T5-BP+03.0-OP05.0,STAGE_2_INNER_SUPPORT_AND_FASTENERS,COARSE_BELT_0.50_OUTER_1.00_MM,3.0,0.0,METAL_PLATE_5MM_CANDIDATE,5.0,0.0,5.0,REVERSED_AWAY_FROM_BELT,STANDARD_REVERSED,13.5,8.5,15.5,10.5,14.0,22.5,7.0,8.5,290.0,145.0,-145.0,0,0,0,0,0,7,7,2,8.0,10.0,1136.0,CONDITIONAL_PASS,
S2-COARSE-T5-BP+03.0-OP06.0,STAGE_2_INNER_SUPPORT_AND_FASTENERS,COARSE_BELT_0.50_OUTER_1.00_MM,3.0,0.0,METAL_PLATE_5MM_CANDIDATE,5.0,0.0,6.0,REVERSED_AWAY_FROM_BELT,STANDARD_REVERSED,14.5,9.5,15.5,10.5,14.0,22.5,7.0,8.5,290.0,145.0,-145.0,0,0,0,0,0,7,7,2,9.0,10.0,1153.0,CONDITIONAL_PASS,
S2-COARSE-T5-BP+03.0-OP07.0,STAGE_2_INNER_SUPPORT_AND_FASTENERS,COARSE_BELT_0.50_OUTER_1.00_MM,3.0,0.0,METAL_PLATE_5MM_CANDIDATE,5.0,0.0,7.0,REVERSED_AWAY_FROM_BELT,STANDARD_REVERSED,15.5,10.5,15.5,10.5,14.0,22.5,7.0,8.5,290.0,145.0,-145.0,0,0,0,0,0,7,7,2,10.0,10.0,1170.0,CONDITIONAL_PASS,
S2-COARSE-T5-BP+03.0-OP08.0,STAGE_2_INNER_SUPPORT_AND_FASTENERS,COARSE_BELT_0.50_OUTER_1.00_MM,3.0,0.0,METAL_PLATE_5MM_CANDIDATE,5.0,0.0,8.0,REVERSED_AWAY_FROM_BELT,STANDARD_REVERSED,16.0,11.0,15.5,10.5,14.0,22.5,7.0,8.5,290.0,145.0,-145.0,0,0,0,0,0,7,7,2,11.0,10.0,1167.0,CONDITIONAL_PASS,
S2-COARSE-T5-BP+03.0-OP09.0,STAGE_2_INNER_SUPPORT_AND_FASTENERS,COARSE_BELT_0.50_OUTER_1.00_MM,3.0,0.0,METAL_PLATE_5MM_CANDIDATE,5.0,0.0,9.0,REVERSED_AWAY_FROM_BELT,STANDARD_REVERSED,16.0,11.0,15.5,10.5,14.0,22.5,7.0,8.5,290.0,145.0,-145.0,0,0,0,0,0,7,7,2,12.0,10.0,1164.0,CONDITIONAL_PASS,
S2-COARSE-T5-BP+03.0-OP10.0,STAGE_2_INNER_SUPPORT_AND_FASTENERS,COARSE_BELT_0.50_OUTER_1.00_MM,3.0,0.0,METAL_PLATE_5MM_CANDIDATE,5.0,0.0,10.0,REVERSED_AWAY_FROM_BELT,STANDARD_REVERSED,16.0,11.0,15.5,10.5,14.0,22.5,7.0,8.5,290.0,145.0,-145.0,0,0,0,0,0,7,7,2,13.0,10.0,1161.0,CONDITIONAL_PASS,
S2-COARSE-T5-BP+03.5-OP00.0,STAGE_2_INNER_SUPPORT_AND_FASTENERS,COARSE_BELT_0.50_OUTER_1.00_MM,3.5,0.0,METAL_PLATE_5MM_CANDIDATE,5.0,0.0,0.0,REVERSED_AWAY_FROM_BELT,STANDARD_REVERSED,8.0,3.0,15.5,10.5,13.5,23.0,7.0,8.5,290.0,145.0,-145.0,0,0,0,0,0,7,7,2,3.5,10.0,39.5,FAIL,PTO_NOMINAL_LT_13;PTO_RESIDUAL_LT_8
S2-COARSE-T5-BP+03.5-OP01.0,STAGE_2_INNER_SUPPORT_AND_FASTENERS,COARSE_BELT_0.50_OUTER_1.00_MM,3.5,0.0,METAL_PLATE_5MM_CANDIDATE,5.0,0.0,1.0,REVERSED_AWAY_FROM_BELT,STANDARD_REVERSED,9.0,4.0,15.5,10.5,14.5,23.0,7.0,8.5,290.0,145.0,-145.0,0,0,0,0,0,7,7,2,4.5,10.0,56.5,FAIL,PTO_NOMINAL_LT_13;PTO_RESIDUAL_LT_8
S2-COARSE-T5-BP+03.5-OP02.0,STAGE_2_INNER_SUPPORT_AND_FASTENERS,COARSE_BELT_0.50_OUTER_1.00_MM,3.5,0.0,METAL_PLATE_5MM_CANDIDATE,5.0,0.0,2.0,REVERSED_AWAY_FROM_BELT,STANDARD_REVERSED,10.0,5.0,15.5,10.5,14.5,23.0,7.0,8.5,290.0,145.0,-145.0,0,0,0,0,0,7,7,2,5.5,10.0,73.5,FAIL,PTO_NOMINAL_LT_13;PTO_RESIDUAL_LT_8
S2-COARSE-T5-BP+03.5-OP03.0,STAGE_2_INNER_SUPPORT_AND_FASTENERS,COARSE_BELT_0.50_OUTER_1.00_MM,3.5,0.0,METAL_PLATE_5MM_CANDIDATE,5.0,0.0,3.0,REVERSED_AWAY_FROM_BELT,STANDARD_REVERSED,11.0,6.0,15.5,10.5,14.5,23.0,7.0,8.5,290.0,145.0,-145.0,0,0,0,0,0,7,7,2,6.5,10.0,90.5,FAIL,PTO_NOMINAL_LT_13;PTO_RESIDUAL_LT_8
S2-COARSE-T5-BP+03.5-OP04.0,STAGE_2_INNER_SUPPORT_AND_FASTENERS,COARSE_BELT_0.50_OUTER_1.00_MM,3.5,0.0,METAL_PLATE_5MM_CANDIDATE,5.0,0.0,4.0,REVERSED_AWAY_FROM_BELT,STANDARD_REVERSED,12.0,7.0,15.5,10.5,14.5,23.0,7.0,8.5,290.0,145.0,-145.0,0,0,0,0,0,7,7,2,7.5,10.0,107.5,FAIL,PTO_NOMINAL_LT_13;PTO_RESIDUAL_LT_8
S2-COARSE-T5-BP+03.5-OP05.0,STAGE_2_INNER_SUPPORT_AND_FASTENERS,COARSE_BELT_0.50_OUTER_1.00_MM,3.5,0.0,METAL_PLATE_5MM_CANDIDATE,5.0,0.0,5.0,REVERSED_AWAY_FROM_BELT,STANDARD_REVERSED,13.0,8.0,15.5,10.5,14.5,23.0,7.0,8.5,290.0,145.0,-145.0,0,0,0,0,0,7,7,2,8.5,10.0,1124.5,CONDITIONAL_PASS,
S2-COARSE-T5-BP+03.5-OP06.0,STAGE_2_INNER_SUPPORT_AND_FASTENERS,COARSE_BELT_0.50_OUTER_1.00_MM,3.5,0.0,METAL_PLATE_5MM_CANDIDATE,5.0,0.0,6.0,REVERSED_AWAY_FROM_BELT,STANDARD_REVERSED,14.0,9.0,15.5,10.5,14.5,23.0,7.0,8.5,290.0,145.0,-145.0,0,0,0,0,0,7,7,2,9.5,10.0,1141.5,CONDITIONAL_PASS,
S2-COARSE-T5-BP+03.5-OP07.0,STAGE_2_INNER_SUPPORT_AND_FASTENERS,COARSE_BELT_0.50_OUTER_1.00_MM,3.5,0.0,METAL_PLATE_5MM_CANDIDATE,5.0,0.0,7.0,REVERSED_AWAY_FROM_BELT,STANDARD_REVERSED,15.0,10.0,15.5,10.5,14.5,23.0,7.0,8.5,290.0,145.0,-145.0,0,0,0,0,0,7,7,2,10.5,10.0,1158.5,CONDITIONAL_PASS,
S2-COARSE-T5-BP+03.5-OP08.0,STAGE_2_INNER_SUPPORT_AND_FASTENERS,COARSE_BELT_0.50_OUTER_1.00_MM,3.5,0.0,METAL_PLATE_5MM_CANDIDATE,5.0,0.0,8.0,REVERSED_AWAY_FROM_BELT,STANDARD_REVERSED,16.0,11.0,15.5,10.5,14.5,23.0,7.0,8.5,290.0,145.0,-145.0,0,0,0,0,0,7,7,2,11.5,10.0,1165.5,CONDITIONAL_PASS,
S2-COARSE-T5-BP+03.5-OP09.0,STAGE_2_INNER_SUPPORT_AND_FASTENERS,COARSE_BELT_0.50_OUTER_1.00_MM,3.5,0.0,METAL_PLATE_5MM_CANDIDATE,5.0,0.0,9.0,REVERSED_AWAY_FROM_BELT,STANDARD_REVERSED,16.5,11.5,15.5,10.5,14.5,23.0,7.0,8.5,290.0,145.0,-145.0,0,0,0,0,0,7,7,2,12.5,10.0,1162.5,CONDITIONAL_PASS,
S2-COARSE-T5-BP+03.5-OP10.0,STAGE_2_INNER_SUPPORT_AND_FASTENERS,COARSE_BELT_0.50_OUTER_1.00_MM,3.5,0.0,METAL_PLATE_5MM_CANDIDATE,5.0,0.0,10.0,REVERSED_AWAY_FROM_BELT,STANDARD_REVERSED,16.5,11.5,15.5,10.5,14.5,23.0,7.0,8.5,290.0,145.0,-145.0,0,0,0,0,0,7,7,2,13.5,10.0,1159.5,CONDITIONAL_PASS,
S2-COARSE-T5-BP+04.0-OP00.0,STAGE_2_INNER_SUPPORT_AND_FASTENERS,COARSE_BELT_0.50_OUTER_1.00_MM,4.0,0.0,METAL_PLATE_5MM_CANDIDATE,5.0,0.0,0.0,REVERSED_AWAY_FROM_BELT,STANDARD_REVERSED,7.5,2.5,15.5,10.5,13.0,23.5,7.0,8.5,290.0,145.0,-145.0,0,0,0,0,0,7,7,2,4.0,10.0,28.0,FAIL,PTO_NOMINAL_LT_13;PTO_RESIDUAL_LT_8
S2-COARSE-T5-BP+04.0-OP01.0,STAGE_2_INNER_SUPPORT_AND_FASTENERS,COARSE_BELT_0.50_OUTER_1.00_MM,4.0,0.0,METAL_PLATE_5MM_CANDIDATE,5.0,0.0,1.0,REVERSED_AWAY_FROM_BELT,STANDARD_REVERSED,8.5,3.5,15.5,10.5,14.0,23.5,7.0,8.5,290.0,145.0,-145.0,0,0,0,0,0,7,7,2,5.0,10.0,45.0,FAIL,PTO_NOMINAL_LT_13;PTO_RESIDUAL_LT_8
S2-COARSE-T5-BP+04.0-OP02.0,STAGE_2_INNER_SUPPORT_AND_FASTENERS,COARSE_BELT_0.50_OUTER_1.00_MM,4.0,0.0,METAL_PLATE_5MM_CANDIDATE,5.0,0.0,2.0,REVERSED_AWAY_FROM_BELT,STANDARD_REVERSED,9.5,4.5,15.5,10.5,15.0,23.5,7.0,8.5,290.0,145.0,-145.0,0,0,0,0,0,7,7,2,6.0,10.0,62.0,FAIL,PTO_NOMINAL_LT_13;PTO_RESIDUAL_LT_8
S2-COARSE-T5-BP+04.0-OP03.0,STAGE_2_INNER_SUPPORT_AND_FASTENERS,COARSE_BELT_0.50_OUTER_1.00_MM,4.0,0.0,METAL_PLATE_5MM_CANDIDATE,5.0,0.0,3.0,REVERSED_AWAY_FROM_BELT,STANDARD_REVERSED,10.5,5.5,15.5,10.5,15.0,23.5,7.0,8.5,290.0,145.0,-145.0,0,0,0,0,0,7,7,2,7.0,10.0,79.0,FAIL,PTO_NOMINAL_LT_13;PTO_RESIDUAL_LT_8
S2-COARSE-T5-BP+04.0-OP04.0,STAGE_2_INNER_SUPPORT_AND_FASTENERS,COARSE_BELT_0.50_OUTER_1.00_MM,4.0,0.0,METAL_PLATE_5MM_CANDIDATE,5.0,0.0,4.0,REVERSED_AWAY_FROM_BELT,STANDARD_REVERSED,11.5,6.5,15.5,10.5,15.0,23.5,7.0,8.5,290.0,145.0,-145.0,0,0,0,0,0,7,7,2,8.0,10.0,96.0,FAIL,PTO_NOMINAL_LT_13;PTO_RESIDUAL_LT_8
S2-COARSE-T5-BP+04.0-OP05.0,STAGE_2_INNER_SUPPORT_AND_FASTENERS,COARSE_BELT_0.50_OUTER_1.00_MM,4.0,0.0,METAL_PLATE_5MM_CANDIDATE,5.0,0.0,5.0,REVERSED_AWAY_FROM_BELT,STANDARD_REVERSED,12.5,7.5,15.5,10.5,15.0,23.5,7.0,8.5,290.0,145.0,-145.0,0,0,0,0,0,7,7,2,9.0,10.0,113.0,FAIL,PTO_NOMINAL_LT_13;PTO_RESIDUAL_LT_8
S2-COARSE-T5-BP+04.0-OP06.0,STAGE_2_INNER_SUPPORT_AND_FASTENERS,COARSE_BELT_0.50_OUTER_1.00_MM,4.0,0.0,METAL_PLATE_5MM_CANDIDATE,5.0,0.0,6.0,REVERSED_AWAY_FROM_BELT,STANDARD_REVERSED,13.5,8.5,15.5,10.5,15.0,23.5,7.0,8.5,290.0,145.0,-145.0,0,0,0,0,0,7,7,2,10.0,10.0,1130.0,CONDITIONAL_PASS,
S2-COARSE-T5-BP+04.0-OP07.0,STAGE_2_INNER_SUPPORT_AND_FASTENERS,COARSE_BELT_0.50_OUTER_1.00_MM,4.0,0.0,METAL_PLATE_5MM_CANDIDATE,5.0,0.0,7.0,REVERSED_AWAY_FROM_BELT,STANDARD_REVERSED,14.5,9.5,15.5,10.5,15.0,23.5,7.0,8.5,290.0,145.0,-145.0,0,0,0,0,0,7,7,2,11.0,10.0,1147.0,CONDITIONAL_PASS,
S2-COARSE-T5-BP+04.0-OP08.0,STAGE_2_INNER_SUPPORT_AND_FASTENERS,COARSE_BELT_0.50_OUTER_1.00_MM,4.0,0.0,METAL_PLATE_5MM_CANDIDATE,5.0,0.0,8.0,REVERSED_AWAY_FROM_BELT,STANDARD_REVERSED,15.5,10.5,15.5,10.5,15.0,23.5,7.0,8.5,290.0,145.0,-145.0,0,0,0,0,0,7,7,2,12.0,10.0,1164.0,CONDITIONAL_PASS,
S2-COARSE-T5-BP+04.0-OP09.0,STAGE_2_INNER_SUPPORT_AND_FASTENERS,COARSE_BELT_0.50_OUTER_1.00_MM,4.0,0.0,METAL_PLATE_5MM_CANDIDATE,5.0,0.0,9.0,REVERSED_AWAY_FROM_BELT,STANDARD_REVERSED,16.5,11.5,15.5,10.5,15.0,23.5,7.0,8.5,290.0,145.0,-145.0,0,0,0,0,0,7,7,2,13.0,10.0,1161.0,CONDITIONAL_PASS,
S2-COARSE-T5-BP+04.0-OP10.0,STAGE_2_INNER_SUPPORT_AND_FASTENERS,COARSE_BELT_0.50_OUTER_1.00_MM,4.0,0.0,METAL_PLATE_5MM_CANDIDATE,5.0,0.0,10.0,REVERSED_AWAY_FROM_BELT,STANDARD_REVERSED,17.0,12.0,15.5,10.5,15.0,23.5,7.0,8.5,290.0,145.0,-145.0,0,0,0,0,0,7,7,2,14.0,10.0,1158.0,CONDITIONAL_PASS,
S2-COARSE-T5-BP+04.5-OP00.0,STAGE_2_INNER_SUPPORT_AND_FASTENERS,COARSE_BELT_0.50_OUTER_1.00_MM,4.5,0.0,METAL_PLATE_5MM_CANDIDATE,5.0,0.0,0.0,REVERSED_AWAY_FROM_BELT,STANDARD_REVERSED,7.0,2.0,15.5,10.5,12.5,24.0,7.0,8.5,290.0,145.0,-145.0,0,0,0,0,0,7,7,2,4.5,10.0,16.5,FAIL,PTO_NOMINAL_LT_13;PTO_RESIDUAL_LT_8
S2-COARSE-T5-BP+04.5-OP01.0,STAGE_2_INNER_SUPPORT_AND_FASTENERS,COARSE_BELT_0.50_OUTER_1.00_MM,4.5,0.0,METAL_PLATE_5MM_CANDIDATE,5.0,0.0,1.0,REVERSED_AWAY_FROM_BELT,STANDARD_REVERSED,8.0,3.0,15.5,10.5,13.5,24.0,7.0,8.5,290.0,145.0,-145.0,0,0,0,0,0,7,7,2,5.5,10.0,33.5,FAIL,PTO_NOMINAL_LT_13;PTO_RESIDUAL_LT_8
S2-COARSE-T5-BP+04.5-OP02.0,STAGE_2_INNER_SUPPORT_AND_FASTENERS,COARSE_BELT_0.50_OUTER_1.00_MM,4.5,0.0,METAL_PLATE_5MM_CANDIDATE,5.0,0.0,2.0,REVERSED_AWAY_FROM_BELT,STANDARD_REVERSED,9.0,4.0,15.5,10.5,14.5,24.0,7.0,8.5,290.0,145.0,-145.0,0,0,0,0,0,7,7,2,6.5,10.0,50.5,FAIL,PTO_NOMINAL_LT_13;PTO_RESIDUAL_LT_8
S2-COARSE-T5-BP+04.5-OP03.0,STAGE_2_INNER_SUPPORT_AND_FASTENERS,COARSE_BELT_0.50_OUTER_1.00_MM,4.5,0.0,METAL_PLATE_5MM_CANDIDATE,5.0,0.0,3.0,REVERSED_AWAY_FROM_BELT,STANDARD_REVERSED,10.0,5.0,15.5,10.5,15.5,24.0,7.0,8.5,290.0,145.0,-145.0,0,0,0,0,0,7,7,2,7.5,10.0,67.5,FAIL,PTO_NOMINAL_LT_13;PTO_RESIDUAL_LT_8
S2-COARSE-T5-BP+04.5-OP04.0,STAGE_2_INNER_SUPPORT_AND_FASTENERS,COARSE_BELT_0.50_OUTER_1.00_MM,4.5,0.0,METAL_PLATE_5MM_CANDIDATE,5.0,0.0,4.0,REVERSED_AWAY_FROM_BELT,STANDARD_REVERSED,11.0,6.0,15.5,10.5,15.5,24.0,7.0,8.5,290.0,145.0,-145.0,0,0,0,0,0,7,7,2,8.5,10.0,84.5,FAIL,PTO_NOMINAL_LT_13;PTO_RESIDUAL_LT_8
S2-COARSE-T5-BP+04.5-OP05.0,STAGE_2_INNER_SUPPORT_AND_FASTENERS,COARSE_BELT_0.50_OUTER_1.00_MM,4.5,0.0,METAL_PLATE_5MM_CANDIDATE,5.0,0.0,5.0,REVERSED_AWAY_FROM_BELT,STANDARD_REVERSED,12.0,7.0,15.5,10.5,15.5,24.0,7.0,8.5,290.0,145.0,-145.0,0,0,0,0,0,7,7,2,9.5,10.0,101.5,FAIL,PTO_NOMINAL_LT_13;PTO_RESIDUAL_LT_8
S2-COARSE-T5-BP+04.5-OP06.0,STAGE_2_INNER_SUPPORT_AND_FASTENERS,COARSE_BELT_0.50_OUTER_1.00_MM,4.5,0.0,METAL_PLATE_5MM_CANDIDATE,5.0,0.0,6.0,REVERSED_AWAY_FROM_BELT,STANDARD_REVERSED,13.0,8.0,15.5,10.5,15.5,24.0,7.0,8.5,290.0,145.0,-145.0,0,0,0,0,0,7,7,2,10.5,10.0,1118.5,CONDITIONAL_PASS,
S2-COARSE-T5-BP+04.5-OP07.0,STAGE_2_INNER_SUPPORT_AND_FASTENERS,COARSE_BELT_0.50_OUTER_1.00_MM,4.5,0.0,METAL_PLATE_5MM_CANDIDATE,5.0,0.0,7.0,REVERSED_AWAY_FROM_BELT,STANDARD_REVERSED,14.0,9.0,15.5,10.5,15.5,24.0,7.0,8.5,290.0,145.0,-145.0,0,0,0,0,0,7,7,2,11.5,10.0,1135.5,CONDITIONAL_PASS,
S2-COARSE-T5-BP+04.5-OP08.0,STAGE_2_INNER_SUPPORT_AND_FASTENERS,COARSE_BELT_0.50_OUTER_1.00_MM,4.5,0.0,METAL_PLATE_5MM_CANDIDATE,5.0,0.0,8.0,REVERSED_AWAY_FROM_BELT,STANDARD_REVERSED,15.0,10.0,15.5,10.5,15.5,24.0,7.0,8.5,290.0,145.0,-145.0,0,0,0,0,0,7,7,2,12.5,10.0,1152.5,CONDITIONAL_PASS,
S2-COARSE-T5-BP+04.5-OP09.0,STAGE_2_INNER_SUPPORT_AND_FASTENERS,COARSE_BELT_0.50_OUTER_1.00_MM,4.5,0.0,METAL_PLATE_5MM_CANDIDATE,5.0,0.0,9.0,REVERSED_AWAY_FROM_BELT,STANDARD_REVERSED,16.0,11.0,15.5,10.5,15.5,24.0,7.0,8.5,290.0,145.0,-145.0,0,0,0,0,0,7,7,2,13.5,10.0,1159.5,CONDITIONAL_PASS,
S2-COARSE-T5-BP+04.5-OP10.0,STAGE_2_INNER_SUPPORT_AND_FASTENERS,COARSE_BELT_0.50_OUTER_1.00_MM,4.5,0.0,METAL_PLATE_5MM_CANDIDATE,5.0,0.0,10.0,REVERSED_AWAY_FROM_BELT,STANDARD_REVERSED,17.0,12.0,15.5,10.5,15.5,24.0,7.0,8.5,290.0,145.0,-145.0,0,0,0,0,0,7,7,2,14.5,10.0,1156.5,CONDITIONAL_PASS,
S2-COARSE-T5-BP+05.0-OP00.0,STAGE_2_INNER_SUPPORT_AND_FASTENERS,COARSE_BELT_0.50_OUTER_1.00_MM,5.0,0.0,METAL_PLATE_5MM_CANDIDATE,5.0,0.0,0.0,REVERSED_AWAY_FROM_BELT,STANDARD_REVERSED,6.5,1.5,15.5,10.5,12.0,24.5,7.0,8.5,290.0,145.0,-145.0,0,0,0,0,0,7,7,2,5.0,10.0,5.0,FAIL,PTO_NOMINAL_LT_13;PTO_RESIDUAL_LT_8
S2-COARSE-T5-BP+05.0-OP01.0,STAGE_2_INNER_SUPPORT_AND_FASTENERS,COARSE_BELT_0.50_OUTER_1.00_MM,5.0,0.0,METAL_PLATE_5MM_CANDIDATE,5.0,0.0,1.0,REVERSED_AWAY_FROM_BELT,STANDARD_REVERSED,7.5,2.5,15.5,10.5,13.0,24.5,7.0,8.5,290.0,145.0,-145.0,0,0,0,0,0,7,7,2,6.0,10.0,22.0,FAIL,PTO_NOMINAL_LT_13;PTO_RESIDUAL_LT_8
S2-COARSE-T5-BP+05.0-OP02.0,STAGE_2_INNER_SUPPORT_AND_FASTENERS,COARSE_BELT_0.50_OUTER_1.00_MM,5.0,0.0,METAL_PLATE_5MM_CANDIDATE,5.0,0.0,2.0,REVERSED_AWAY_FROM_BELT,STANDARD_REVERSED,8.5,3.5,15.5,10.5,14.0,24.5,7.0,8.5,290.0,145.0,-145.0,0,0,0,0,0,7,7,2,7.0,10.0,39.0,FAIL,PTO_NOMINAL_LT_13;PTO_RESIDUAL_LT_8
S2-COARSE-T5-BP+05.0-OP03.0,STAGE_2_INNER_SUPPORT_AND_FASTENERS,COARSE_BELT_0.50_OUTER_1.00_MM,5.0,0.0,METAL_PLATE_5MM_CANDIDATE,5.0,0.0,3.0,REVERSED_AWAY_FROM_BELT,STANDARD_REVERSED,9.5,4.5,15.5,10.5,15.0,24.5,7.0,8.5,290.0,145.0,-145.0,0,0,0,0,0,7,7,2,8.0,10.0,56.0,FAIL,PTO_NOMINAL_LT_13;PTO_RESIDUAL_LT_8
S2-COARSE-T5-BP+05.0-OP04.0,STAGE_2_INNER_SUPPORT_AND_FASTENERS,COARSE_BELT_0.50_OUTER_1.00_MM,5.0,0.0,METAL_PLATE_5MM_CANDIDATE,5.0,0.0,4.0,REVERSED_AWAY_FROM_BELT,STANDARD_REVERSED,10.5,5.5,15.5,10.5,16.0,24.5,7.0,8.5,290.0,145.0,-145.0,0,0,0,0,0,7,7,2,9.0,10.0,73.0,FAIL,PTO_NOMINAL_LT_13;PTO_RESIDUAL_LT_8
S2-COARSE-T5-BP+05.0-OP05.0,STAGE_2_INNER_SUPPORT_AND_FASTENERS,COARSE_BELT_0.50_OUTER_1.00_MM,5.0,0.0,METAL_PLATE_5MM_CANDIDATE,5.0,0.0,5.0,REVERSED_AWAY_FROM_BELT,STANDARD_REVERSED,11.5,6.5,15.5,10.5,16.0,24.5,7.0,8.5,290.0,145.0,-145.0,0,0,0,0,0,7,7,2,10.0,10.0,90.0,FAIL,PTO_NOMINAL_LT_13;PTO_RESIDUAL_LT_8
S2-COARSE-T5-BP+05.0-OP06.0,STAGE_2_INNER_SUPPORT_AND_FASTENERS,COARSE_BELT_0.50_OUTER_1.00_MM,5.0,0.0,METAL_PLATE_5MM_CANDIDATE,5.0,0.0,6.0,REVERSED_AWAY_FROM_BELT,STANDARD_REVERSED,12.5,7.5,15.5,10.5,16.0,24.5,7.0,8.5,290.0,145.0,-145.0,0,0,0,0,0,7,7,2,11.0,10.0,107.0,FAIL,PTO_NOMINAL_LT_13;PTO_RESIDUAL_LT_8
S2-COARSE-T5-BP+05.0-OP07.0,STAGE_2_INNER_SUPPORT_AND_FASTENERS,COARSE_BELT_0.50_OUTER_1.00_MM,5.0,0.0,METAL_PLATE_5MM_CANDIDATE,5.0,0.0,7.0,REVERSED_AWAY_FROM_BELT,STANDARD_REVERSED,13.5,8.5,15.5,10.5,16.0,24.5,7.0,8.5,290.0,145.0,-145.0,0,0,0,0,0,7,7,2,12.0,10.0,1124.0,CONDITIONAL_PASS,
S2-COARSE-T5-BP+05.0-OP08.0,STAGE_2_INNER_SUPPORT_AND_FASTENERS,COARSE_BELT_0.50_OUTER_1.00_MM,5.0,0.0,METAL_PLATE_5MM_CANDIDATE,5.0,0.0,8.0,REVERSED_AWAY_FROM_BELT,STANDARD_REVERSED,14.5,9.5,15.5,10.5,16.0,24.5,7.0,8.5,290.0,145.0,-145.0,0,0,0,0,0,7,7,2,13.0,10.0,1141.0,CONDITIONAL_PASS,
S2-COARSE-T5-BP+05.0-OP09.0,STAGE_2_INNER_SUPPORT_AND_FASTENERS,COARSE_BELT_0.50_OUTER_1.00_MM,5.0,0.0,METAL_PLATE_5MM_CANDIDATE,5.0,0.0,9.0,REVERSED_AWAY_FROM_BELT,STANDARD_REVERSED,15.5,10.5,15.5,10.5,16.0,24.5,7.0,8.5,290.0,145.0,-145.0,0,0,0,0,0,7,7,2,14.0,10.0,1158.0,CONDITIONAL_PASS,
S2-COARSE-T5-BP+05.0-OP10.0,STAGE_2_INNER_SUPPORT_AND_FASTENERS,COARSE_BELT_0.50_OUTER_1.00_MM,5.0,0.0,METAL_PLATE_5MM_CANDIDATE,5.0,0.0,10.0,REVERSED_AWAY_FROM_BELT,STANDARD_REVERSED,16.5,11.5,15.5,10.5,16.0,24.5,7.0,8.5,290.0,145.0,-145.0,0,0,0,0,0,7,7,2,15.0,10.0,1155.0,CONDITIONAL_PASS,
S2-COARSE-T5-BP+05.5-OP00.0,STAGE_2_INNER_SUPPORT_AND_FASTENERS,COARSE_BELT_0.50_OUTER_1.00_MM,5.5,0.0,METAL_PLATE_5MM_CANDIDATE,5.0,0.0,0.0,REVERSED_AWAY_FROM_BELT,STANDARD_REVERSED,6.0,1.0,15.5,10.5,11.5,25.0,7.0,8.5,290.0,145.0,-145.0,0,0,0,0,0,7,7,2,5.5,10.0,-6.5,FAIL,PTO_NOMINAL_LT_13;PTO_RESIDUAL_LT_8
S2-COARSE-T5-BP+05.5-OP01.0,STAGE_2_INNER_SUPPORT_AND_FASTENERS,COARSE_BELT_0.50_OUTER_1.00_MM,5.5,0.0,METAL_PLATE_5MM_CANDIDATE,5.0,0.0,1.0,REVERSED_AWAY_FROM_BELT,STANDARD_REVERSED,7.0,2.0,15.5,10.5,12.5,25.0,7.0,8.5,290.0,145.0,-145.0,0,0,0,0,0,7,7,2,6.5,10.0,10.5,FAIL,PTO_NOMINAL_LT_13;PTO_RESIDUAL_LT_8
S2-COARSE-T5-BP+05.5-OP02.0,STAGE_2_INNER_SUPPORT_AND_FASTENERS,COARSE_BELT_0.50_OUTER_1.00_MM,5.5,0.0,METAL_PLATE_5MM_CANDIDATE,5.0,0.0,2.0,REVERSED_AWAY_FROM_BELT,STANDARD_REVERSED,8.0,3.0,15.5,10.5,13.5,25.0,7.0,8.5,290.0,145.0,-145.0,0,0,0,0,0,7,7,2,7.5,10.0,27.5,FAIL,PTO_NOMINAL_LT_13;PTO_RESIDUAL_LT_8
S2-COARSE-T5-BP+05.5-OP03.0,STAGE_2_INNER_SUPPORT_AND_FASTENERS,COARSE_BELT_0.50_OUTER_1.00_MM,5.5,0.0,METAL_PLATE_5MM_CANDIDATE,5.0,0.0,3.0,REVERSED_AWAY_FROM_BELT,STANDARD_REVERSED,9.0,4.0,15.5,10.5,14.5,25.0,7.0,8.5,290.0,145.0,-145.0,0,0,0,0,0,7,7,2,8.5,10.0,44.5,FAIL,PTO_NOMINAL_LT_13;PTO_RESIDUAL_LT_8
S2-COARSE-T5-BP+05.5-OP04.0,STAGE_2_INNER_SUPPORT_AND_FASTENERS,COARSE_BELT_0.50_OUTER_1.00_MM,5.5,0.0,METAL_PLATE_5MM_CANDIDATE,5.0,0.0,4.0,REVERSED_AWAY_FROM_BELT,STANDARD_REVERSED,10.0,5.0,15.5,10.5,15.5,25.0,7.0,8.5,290.0,145.0,-145.0,0,0,0,0,0,7,7,2,9.5,10.0,61.5,FAIL,PTO_NOMINAL_LT_13;PTO_RESIDUAL_LT_8
S2-COARSE-T5-BP+05.5-OP05.0,STAGE_2_INNER_SUPPORT_AND_FASTENERS,COARSE_BELT_0.50_OUTER_1.00_MM,5.5,0.0,METAL_PLATE_5MM_CANDIDATE,5.0,0.0,5.0,REVERSED_AWAY_FROM_BELT,STANDARD_REVERSED,11.0,6.0,15.5,10.5,16.5,25.0,7.0,8.5,290.0,145.0,-145.0,0,0,0,0,0,7,7,2,10.5,10.0,78.5,FAIL,PTO_NOMINAL_LT_13;PTO_RESIDUAL_LT_8
S2-COARSE-T5-BP+05.5-OP06.0,STAGE_2_INNER_SUPPORT_AND_FASTENERS,COARSE_BELT_0.50_OUTER_1.00_MM,5.5,0.0,METAL_PLATE_5MM_CANDIDATE,5.0,0.0,6.0,REVERSED_AWAY_FROM_BELT,STANDARD_REVERSED,12.0,7.0,15.5,10.5,16.5,25.0,7.0,8.5,290.0,145.0,-145.0,0,0,0,0,0,7,7,2,11.5,10.0,95.5,FAIL,PTO_NOMINAL_LT_13;PTO_RESIDUAL_LT_8
S2-COARSE-T5-BP+05.5-OP07.0,STAGE_2_INNER_SUPPORT_AND_FASTENERS,COARSE_BELT_0.50_OUTER_1.00_MM,5.5,0.0,METAL_PLATE_5MM_CANDIDATE,5.0,0.0,7.0,REVERSED_AWAY_FROM_BELT,STANDARD_REVERSED,13.0,8.0,15.5,10.5,16.5,25.0,7.0,8.5,290.0,145.0,-145.0,0,0,0,0,0,7,7,2,12.5,10.0,1112.5,CONDITIONAL_PASS,
S2-COARSE-T5-BP+05.5-OP08.0,STAGE_2_INNER_SUPPORT_AND_FASTENERS,COARSE_BELT_0.50_OUTER_1.00_MM,5.5,0.0,METAL_PLATE_5MM_CANDIDATE,5.0,0.0,8.0,REVERSED_AWAY_FROM_BELT,STANDARD_REVERSED,14.0,9.0,15.5,10.5,16.5,25.0,7.0,8.5,290.0,145.0,-145.0,0,0,0,0,0,7,7,2,13.5,10.0,1129.5,CONDITIONAL_PASS,
S2-COARSE-T5-BP+05.5-OP09.0,STAGE_2_INNER_SUPPORT_AND_FASTENERS,COARSE_BELT_0.50_OUTER_1.00_MM,5.5,0.0,METAL_PLATE_5MM_CANDIDATE,5.0,0.0,9.0,REVERSED_AWAY_FROM_BELT,STANDARD_REVERSED,15.0,10.0,15.5,10.5,16.5,25.0,7.0,8.5,290.0,145.0,-145.0,0,0,0,0,0,7,7,2,14.5,10.0,1146.5,CONDITIONAL_PASS,
S2-COARSE-T5-BP+05.5-OP10.0,STAGE_2_INNER_SUPPORT_AND_FASTENERS,COARSE_BELT_0.50_OUTER_1.00_MM,5.5,0.0,METAL_PLATE_5MM_CANDIDATE,5.0,0.0,10.0,REVERSED_AWAY_FROM_BELT,STANDARD_REVERSED,16.0,11.0,15.5,10.5,16.5,25.0,7.0,8.5,290.0,145.0,-145.0,0,0,0,0,0,7,7,2,15.5,10.0,1153.5,CONDITIONAL_PASS,
S2-COARSE-T5-BP+06.0-OP00.0,STAGE_2_INNER_SUPPORT_AND_FASTENERS,COARSE_BELT_0.50_OUTER_1.00_MM,6.0,0.0,METAL_PLATE_5MM_CANDIDATE,5.0,0.0,0.0,REVERSED_AWAY_FROM_BELT,STANDARD_REVERSED,5.5,0.5,15.5,10.5,11.0,25.5,7.0,8.5,290.0,145.0,-145.0,0,0,0,0,0,7,7,2,6.0,10.0,-18.0,FAIL,PTO_NOMINAL_LT_13;PTO_RESIDUAL_LT_8
S2-COARSE-T5-BP+06.0-OP01.0,STAGE_2_INNER_SUPPORT_AND_FASTENERS,COARSE_BELT_0.50_OUTER_1.00_MM,6.0,0.0,METAL_PLATE_5MM_CANDIDATE,5.0,0.0,1.0,REVERSED_AWAY_FROM_BELT,STANDARD_REVERSED,6.5,1.5,15.5,10.5,12.0,25.5,7.0,8.5,290.0,145.0,-145.0,0,0,0,0,0,7,7,2,7.0,10.0,-1.0,FAIL,PTO_NOMINAL_LT_13;PTO_RESIDUAL_LT_8
S2-COARSE-T5-BP+06.0-OP02.0,STAGE_2_INNER_SUPPORT_AND_FASTENERS,COARSE_BELT_0.50_OUTER_1.00_MM,6.0,0.0,METAL_PLATE_5MM_CANDIDATE,5.0,0.0,2.0,REVERSED_AWAY_FROM_BELT,STANDARD_REVERSED,7.5,2.5,15.5,10.5,13.0,25.5,7.0,8.5,290.0,145.0,-145.0,0,0,0,0,0,7,7,2,8.0,10.0,16.0,FAIL,PTO_NOMINAL_LT_13;PTO_RESIDUAL_LT_8
S2-COARSE-T5-BP+06.0-OP03.0,STAGE_2_INNER_SUPPORT_AND_FASTENERS,COARSE_BELT_0.50_OUTER_1.00_MM,6.0,0.0,METAL_PLATE_5MM_CANDIDATE,5.0,0.0,3.0,REVERSED_AWAY_FROM_BELT,STANDARD_REVERSED,8.5,3.5,15.5,10.5,14.0,25.5,7.0,8.5,290.0,145.0,-145.0,0,0,0,0,0,7,7,2,9.0,10.0,33.0,FAIL,PTO_NOMINAL_LT_13;PTO_RESIDUAL_LT_8
S2-COARSE-T5-BP+06.0-OP04.0,STAGE_2_INNER_SUPPORT_AND_FASTENERS,COARSE_BELT_0.50_OUTER_1.00_MM,6.0,0.0,METAL_PLATE_5MM_CANDIDATE,5.0,0.0,4.0,REVERSED_AWAY_FROM_BELT,STANDARD_REVERSED,9.5,4.5,15.5,10.5,15.0,25.5,7.0,8.5,290.0,145.0,-145.0,0,0,0,0,0,7,7,2,10.0,10.0,50.0,FAIL,PTO_NOMINAL_LT_13;PTO_RESIDUAL_LT_8
S2-COARSE-T5-BP+06.0-OP05.0,STAGE_2_INNER_SUPPORT_AND_FASTENERS,COARSE_BELT_0.50_OUTER_1.00_MM,6.0,0.0,METAL_PLATE_5MM_CANDIDATE,5.0,0.0,5.0,REVERSED_AWAY_FROM_BELT,STANDARD_REVERSED,10.5,5.5,15.5,10.5,16.0,25.5,7.0,8.5,290.0,145.0,-145.0,0,0,0,0,0,7,7,2,11.0,10.0,67.0,FAIL,PTO_NOMINAL_LT_13;PTO_RESIDUAL_LT_8
S2-COARSE-T5-BP+06.0-OP06.0,STAGE_2_INNER_SUPPORT_AND_FASTENERS,COARSE_BELT_0.50_OUTER_1.00_MM,6.0,0.0,METAL_PLATE_5MM_CANDIDATE,5.0,0.0,6.0,REVERSED_AWAY_FROM_BELT,STANDARD_REVERSED,11.5,6.5,15.5,10.5,17.0,25.5,7.0,8.5,290.0,145.0,-145.0,0,0,0,0,0,7,7,2,12.0,10.0,84.0,FAIL,PTO_NOMINAL_LT_13;PTO_RESIDUAL_LT_8
S2-COARSE-T5-BP+06.0-OP07.0,STAGE_2_INNER_SUPPORT_AND_FASTENERS,COARSE_BELT_0.50_OUTER_1.00_MM,6.0,0.0,METAL_PLATE_5MM_CANDIDATE,5.0,0.0,7.0,REVERSED_AWAY_FROM_BELT,STANDARD_REVERSED,12.5,7.5,15.5,10.5,17.0,25.5,7.0,8.5,290.0,145.0,-145.0,0,0,0,0,0,7,7,2,13.0,10.0,101.0,FAIL,PTO_NOMINAL_LT_13;PTO_RESIDUAL_LT_8
S2-COARSE-T5-BP+06.0-OP08.0,STAGE_2_INNER_SUPPORT_AND_FASTENERS,COARSE_BELT_0.50_OUTER_1.00_MM,6.0,0.0,METAL_PLATE_5MM_CANDIDATE,5.0,0.0,8.0,REVERSED_AWAY_FROM_BELT,STANDARD_REVERSED,13.5,8.5,15.5,10.5,17.0,25.5,7.0,8.5,290.0,145.0,-145.0,0,0,0,0,0,7,7,2,14.0,10.0,1118.0,CONDITIONAL_PASS,
S2-COARSE-T5-BP+06.0-OP09.0,STAGE_2_INNER_SUPPORT_AND_FASTENERS,COARSE_BELT_0.50_OUTER_1.00_MM,6.0,0.0,METAL_PLATE_5MM_CANDIDATE,5.0,0.0,9.0,REVERSED_AWAY_FROM_BELT,STANDARD_REVERSED,14.5,9.5,15.5,10.5,17.0,25.5,7.0,8.5,290.0,145.0,-145.0,0,0,0,0,0,7,7,2,15.0,10.0,1135.0,CONDITIONAL_PASS,
S2-COARSE-T5-BP+06.0-OP10.0,STAGE_2_INNER_SUPPORT_AND_FASTENERS,COARSE_BELT_0.50_OUTER_1.00_MM,6.0,0.0,METAL_PLATE_5MM_CANDIDATE,5.0,0.0,10.0,REVERSED_AWAY_FROM_BELT,STANDARD_REVERSED,15.5,10.5,15.5,10.5,17.0,25.5,7.0,8.5,290.0,145.0,-145.0,0,0,0,0,0,7,7,2,16.0,10.0,1152.0,CONDITIONAL_PASS,
S2-COARSE-T5-BP+06.5-OP00.0,STAGE_2_INNER_SUPPORT_AND_FASTENERS,COARSE_BELT_0.50_OUTER_1.00_MM,6.5,0.0,METAL_PLATE_5MM_CANDIDATE,5.0,0.0,0.0,REVERSED_AWAY_FROM_BELT,STANDARD_REVERSED,5.0,0.0,15.5,10.5,10.5,26.0,7.0,8.5,290.0,145.0,-145.0,0,0,0,0,0,7,7,2,6.5,10.0,-29.5,FAIL,PTO_NOMINAL_LT_13;PTO_RESIDUAL_LT_8
S2-COARSE-T5-BP+06.5-OP01.0,STAGE_2_INNER_SUPPORT_AND_FASTENERS,COARSE_BELT_0.50_OUTER_1.00_MM,6.5,0.0,METAL_PLATE_5MM_CANDIDATE,5.0,0.0,1.0,REVERSED_AWAY_FROM_BELT,STANDARD_REVERSED,6.0,1.0,15.5,10.5,11.5,26.0,7.0,8.5,290.0,145.0,-145.0,0,0,0,0,0,7,7,2,7.5,10.0,-12.5,FAIL,PTO_NOMINAL_LT_13;PTO_RESIDUAL_LT_8
S2-COARSE-T5-BP+06.5-OP02.0,STAGE_2_INNER_SUPPORT_AND_FASTENERS,COARSE_BELT_0.50_OUTER_1.00_MM,6.5,0.0,METAL_PLATE_5MM_CANDIDATE,5.0,0.0,2.0,REVERSED_AWAY_FROM_BELT,STANDARD_REVERSED,7.0,2.0,15.5,10.5,12.5,26.0,7.0,8.5,290.0,145.0,-145.0,0,0,0,0,0,7,7,2,8.5,10.0,4.5,FAIL,PTO_NOMINAL_LT_13;PTO_RESIDUAL_LT_8
S2-COARSE-T5-BP+06.5-OP03.0,STAGE_2_INNER_SUPPORT_AND_FASTENERS,COARSE_BELT_0.50_OUTER_1.00_MM,6.5,0.0,METAL_PLATE_5MM_CANDIDATE,5.0,0.0,3.0,REVERSED_AWAY_FROM_BELT,STANDARD_REVERSED,8.0,3.0,15.5,10.5,13.5,26.0,7.0,8.5,290.0,145.0,-145.0,0,0,0,0,0,7,7,2,9.5,10.0,21.5,FAIL,PTO_NOMINAL_LT_13;PTO_RESIDUAL_LT_8
S2-COARSE-T5-BP+06.5-OP04.0,STAGE_2_INNER_SUPPORT_AND_FASTENERS,COARSE_BELT_0.50_OUTER_1.00_MM,6.5,0.0,METAL_PLATE_5MM_CANDIDATE,5.0,0.0,4.0,REVERSED_AWAY_FROM_BELT,STANDARD_REVERSED,9.0,4.0,15.5,10.5,14.5,26.0,7.0,8.5,290.0,145.0,-145.0,0,0,0,0,0,7,7,2,10.5,10.0,38.5,FAIL,PTO_NOMINAL_LT_13;PTO_RESIDUAL_LT_8
S2-COARSE-T5-BP+06.5-OP05.0,STAGE_2_INNER_SUPPORT_AND_FASTENERS,COARSE_BELT_0.50_OUTER_1.00_MM,6.5,0.0,METAL_PLATE_5MM_CANDIDATE,5.0,0.0,5.0,REVERSED_AWAY_FROM_BELT,STANDARD_REVERSED,10.0,5.0,15.5,10.5,15.5,26.0,7.0,8.5,290.0,145.0,-145.0,0,0,0,0,0,7,7,2,11.5,10.0,55.5,FAIL,PTO_NOMINAL_LT_13;PTO_RESIDUAL_LT_8
S2-COARSE-T5-BP+06.5-OP06.0,STAGE_2_INNER_SUPPORT_AND_FASTENERS,COARSE_BELT_0.50_OUTER_1.00_MM,6.5,0.0,METAL_PLATE_5MM_CANDIDATE,5.0,0.0,6.0,REVERSED_AWAY_FROM_BELT,STANDARD_REVERSED,11.0,6.0,15.5,10.5,16.5,26.0,7.0,8.5,290.0,145.0,-145.0,0,0,0,0,0,7,7,2,12.5,10.0,72.5,FAIL,PTO_NOMINAL_LT_13;PTO_RESIDUAL_LT_8
S2-COARSE-T5-BP+06.5-OP07.0,STAGE_2_INNER_SUPPORT_AND_FASTENERS,COARSE_BELT_0.50_OUTER_1.00_MM,6.5,0.0,METAL_PLATE_5MM_CANDIDATE,5.0,0.0,7.0,REVERSED_AWAY_FROM_BELT,STANDARD_REVERSED,12.0,7.0,15.5,10.5,17.5,26.0,7.0,8.5,290.0,145.0,-145.0,0,0,0,0,0,7,7,2,13.5,10.0,89.5,FAIL,PTO_NOMINAL_LT_13;PTO_RESIDUAL_LT_8
S2-COARSE-T5-BP+06.5-OP08.0,STAGE_2_INNER_SUPPORT_AND_FASTENERS,COARSE_BELT_0.50_OUTER_1.00_MM,6.5,0.0,METAL_PLATE_5MM_CANDIDATE,5.0,0.0,8.0,REVERSED_AWAY_FROM_BELT,STANDARD_REVERSED,13.0,8.0,15.5,10.5,17.5,26.0,7.0,8.5,290.0,145.0,-145.0,0,0,0,0,0,7,7,2,14.5,10.0,1106.5,CONDITIONAL_PASS,
S2-COARSE-T5-BP+06.5-OP09.0,STAGE_2_INNER_SUPPORT_AND_FASTENERS,COARSE_BELT_0.50_OUTER_1.00_MM,6.5,0.0,METAL_PLATE_5MM_CANDIDATE,5.0,0.0,9.0,REVERSED_AWAY_FROM_BELT,STANDARD_REVERSED,14.0,9.0,15.5,10.5,17.5,26.0,7.0,8.5,290.0,145.0,-145.0,0,0,0,0,0,7,7,2,15.5,10.0,1123.5,CONDITIONAL_PASS,
S2-COARSE-T5-BP+06.5-OP10.0,STAGE_2_INNER_SUPPORT_AND_FASTENERS,COARSE_BELT_0.50_OUTER_1.00_MM,6.5,0.0,METAL_PLATE_5MM_CANDIDATE,5.0,0.0,10.0,REVERSED_AWAY_FROM_BELT,STANDARD_REVERSED,15.0,10.0,15.5,10.5,17.5,26.0,7.0,8.5,290.0,145.0,-145.0,0,0,0,0,0,7,7,2,16.5,10.0,1140.5,CONDITIONAL_PASS,
S2-COARSE-T5-BP+07.0-OP00.0,STAGE_2_INNER_SUPPORT_AND_FASTENERS,COARSE_BELT_0.50_OUTER_1.00_MM,7.0,0.0,METAL_PLATE_5MM_CANDIDATE,5.0,0.0,0.0,REVERSED_AWAY_FROM_BELT,STANDARD_REVERSED,4.5,-0.5,15.5,10.5,10.0,26.5,7.0,8.5,290.0,145.0,-145.0,0,0,0,0,0,7,7,2,7.0,10.0,-41.0,FAIL,PTO_NOMINAL_LT_13;PTO_RESIDUAL_LT_8
S2-COARSE-T5-BP+07.0-OP01.0,STAGE_2_INNER_SUPPORT_AND_FASTENERS,COARSE_BELT_0.50_OUTER_1.00_MM,7.0,0.0,METAL_PLATE_5MM_CANDIDATE,5.0,0.0,1.0,REVERSED_AWAY_FROM_BELT,STANDARD_REVERSED,5.5,0.5,15.5,10.5,11.0,26.5,7.0,8.5,290.0,145.0,-145.0,0,0,0,0,0,7,7,2,8.0,10.0,-24.0,FAIL,PTO_NOMINAL_LT_13;PTO_RESIDUAL_LT_8
S2-COARSE-T5-BP+07.0-OP02.0,STAGE_2_INNER_SUPPORT_AND_FASTENERS,COARSE_BELT_0.50_OUTER_1.00_MM,7.0,0.0,METAL_PLATE_5MM_CANDIDATE,5.0,0.0,2.0,REVERSED_AWAY_FROM_BELT,STANDARD_REVERSED,6.5,1.5,15.5,10.5,12.0,26.5,7.0,8.5,290.0,145.0,-145.0,0,0,0,0,0,7,7,2,9.0,10.0,-7.0,FAIL,PTO_NOMINAL_LT_13;PTO_RESIDUAL_LT_8
S2-COARSE-T5-BP+07.0-OP03.0,STAGE_2_INNER_SUPPORT_AND_FASTENERS,COARSE_BELT_0.50_OUTER_1.00_MM,7.0,0.0,METAL_PLATE_5MM_CANDIDATE,5.0,0.0,3.0,REVERSED_AWAY_FROM_BELT,STANDARD_REVERSED,7.5,2.5,15.5,10.5,13.0,26.5,7.0,8.5,290.0,145.0,-145.0,0,0,0,0,0,7,7,2,10.0,10.0,10.0,FAIL,PTO_NOMINAL_LT_13;PTO_RESIDUAL_LT_8
S2-COARSE-T5-BP+07.0-OP04.0,STAGE_2_INNER_SUPPORT_AND_FASTENERS,COARSE_BELT_0.50_OUTER_1.00_MM,7.0,0.0,METAL_PLATE_5MM_CANDIDATE,5.0,0.0,4.0,REVERSED_AWAY_FROM_BELT,STANDARD_REVERSED,8.5,3.5,15.5,10.5,14.0,26.5,7.0,8.5,290.0,145.0,-145.0,0,0,0,0,0,7,7,2,11.0,10.0,27.0,FAIL,PTO_NOMINAL_LT_13;PTO_RESIDUAL_LT_8
S2-COARSE-T5-BP+07.0-OP05.0,STAGE_2_INNER_SUPPORT_AND_FASTENERS,COARSE_BELT_0.50_OUTER_1.00_MM,7.0,0.0,METAL_PLATE_5MM_CANDIDATE,5.0,0.0,5.0,REVERSED_AWAY_FROM_BELT,STANDARD_REVERSED,9.5,4.5,15.5,10.5,15.0,26.5,7.0,8.5,290.0,145.0,-145.0,0,0,0,0,0,7,7,2,12.0,10.0,44.0,FAIL,PTO_NOMINAL_LT_13;PTO_RESIDUAL_LT_8
S2-COARSE-T5-BP+07.0-OP06.0,STAGE_2_INNER_SUPPORT_AND_FASTENERS,COARSE_BELT_0.50_OUTER_1.00_MM,7.0,0.0,METAL_PLATE_5MM_CANDIDATE,5.0,0.0,6.0,REVERSED_AWAY_FROM_BELT,STANDARD_REVERSED,10.5,5.5,15.5,10.5,16.0,26.5,7.0,8.5,290.0,145.0,-145.0,0,0,0,0,0,7,7,2,13.0,10.0,61.0,FAIL,PTO_NOMINAL_LT_13;PTO_RESIDUAL_LT_8
S2-COARSE-T5-BP+07.0-OP07.0,STAGE_2_INNER_SUPPORT_AND_FASTENERS,COARSE_BELT_0.50_OUTER_1.00_MM,7.0,0.0,METAL_PLATE_5MM_CANDIDATE,5.0,0.0,7.0,REVERSED_AWAY_FROM_BELT,STANDARD_REVERSED,11.5,6.5,15.5,10.5,17.0,26.5,7.0,8.5,290.0,145.0,-145.0,0,0,0,0,0,7,7,2,14.0,10.0,78.0,FAIL,PTO_NOMINAL_LT_13;PTO_RESIDUAL_LT_8
S2-COARSE-T5-BP+07.0-OP08.0,STAGE_2_INNER_SUPPORT_AND_FASTENERS,COARSE_BELT_0.50_OUTER_1.00_MM,7.0,0.0,METAL_PLATE_5MM_CANDIDATE,5.0,0.0,8.0,REVERSED_AWAY_FROM_BELT,STANDARD_REVERSED,12.5,7.5,15.5,10.5,18.0,26.5,7.0,8.5,290.0,145.0,-145.0,0,0,0,0,0,7,7,2,15.0,10.0,95.0,FAIL,PTO_NOMINAL_LT_13;PTO_RESIDUAL_LT_8
S2-COARSE-T5-BP+07.0-OP09.0,STAGE_2_INNER_SUPPORT_AND_FASTENERS,COARSE_BELT_0.50_OUTER_1.00_MM,7.0,0.0,METAL_PLATE_5MM_CANDIDATE,5.0,0.0,9.0,REVERSED_AWAY_FROM_BELT,STANDARD_REVERSED,13.5,8.5,15.5,10.5,18.0,26.5,7.0,8.5,290.0,145.0,-145.0,0,0,0,0,0,7,7,2,16.0,10.0,1112.0,CONDITIONAL_PASS,
S2-COARSE-T5-BP+07.0-OP10.0,STAGE_2_INNER_SUPPORT_AND_FASTENERS,COARSE_BELT_0.50_OUTER_1.00_MM,7.0,0.0,METAL_PLATE_5MM_CANDIDATE,5.0,0.0,10.0,REVERSED_AWAY_FROM_BELT,STANDARD_REVERSED,14.5,9.5,15.5,10.5,18.0,26.5,7.0,8.5,290.0,145.0,-145.0,0,0,0,0,0,7,7,2,17.0,10.0,1129.0,CONDITIONAL_PASS,
S2-COARSE-T5-BP+07.5-OP00.0,STAGE_2_INNER_SUPPORT_AND_FASTENERS,COARSE_BELT_0.50_OUTER_1.00_MM,7.5,0.0,METAL_PLATE_5MM_CANDIDATE,5.0,0.0,0.0,REVERSED_AWAY_FROM_BELT,STANDARD_REVERSED,4.0,-1.0,15.5,10.5,9.5,27.0,7.0,8.5,290.0,145.0,-145.0,0,0,0,0,0,7,7,2,7.5,10.0,-52.5,FAIL,PTO_NOMINAL_LT_13;PTO_RESIDUAL_LT_8;PULLEY_FIXED_LT_10
S2-COARSE-T5-BP+07.5-OP01.0,STAGE_2_INNER_SUPPORT_AND_FASTENERS,COARSE_BELT_0.50_OUTER_1.00_MM,7.5,0.0,METAL_PLATE_5MM_CANDIDATE,5.0,0.0,1.0,REVERSED_AWAY_FROM_BELT,STANDARD_REVERSED,5.0,0.0,15.5,10.5,10.5,27.0,7.0,8.5,290.0,145.0,-145.0,0,0,0,0,0,7,7,2,8.5,10.0,-35.5,FAIL,PTO_NOMINAL_LT_13;PTO_RESIDUAL_LT_8
S2-COARSE-T5-BP+07.5-OP02.0,STAGE_2_INNER_SUPPORT_AND_FASTENERS,COARSE_BELT_0.50_OUTER_1.00_MM,7.5,0.0,METAL_PLATE_5MM_CANDIDATE,5.0,0.0,2.0,REVERSED_AWAY_FROM_BELT,STANDARD_REVERSED,6.0,1.0,15.5,10.5,11.5,27.0,7.0,8.5,290.0,145.0,-145.0,0,0,0,0,0,7,7,2,9.5,10.0,-18.5,FAIL,PTO_NOMINAL_LT_13;PTO_RESIDUAL_LT_8
S2-COARSE-T5-BP+07.5-OP03.0,STAGE_2_INNER_SUPPORT_AND_FASTENERS,COARSE_BELT_0.50_OUTER_1.00_MM,7.5,0.0,METAL_PLATE_5MM_CANDIDATE,5.0,0.0,3.0,REVERSED_AWAY_FROM_BELT,STANDARD_REVERSED,7.0,2.0,15.5,10.5,12.5,27.0,7.0,8.5,290.0,145.0,-145.0,0,0,0,0,0,7,7,2,10.5,10.0,-1.5,FAIL,PTO_NOMINAL_LT_13;PTO_RESIDUAL_LT_8
S2-COARSE-T5-BP+07.5-OP04.0,STAGE_2_INNER_SUPPORT_AND_FASTENERS,COARSE_BELT_0.50_OUTER_1.00_MM,7.5,0.0,METAL_PLATE_5MM_CANDIDATE,5.0,0.0,4.0,REVERSED_AWAY_FROM_BELT,STANDARD_REVERSED,8.0,3.0,15.5,10.5,13.5,27.0,7.0,8.5,290.0,145.0,-145.0,0,0,0,0,0,7,7,2,11.5,10.0,15.5,FAIL,PTO_NOMINAL_LT_13;PTO_RESIDUAL_LT_8
S2-COARSE-T5-BP+07.5-OP05.0,STAGE_2_INNER_SUPPORT_AND_FASTENERS,COARSE_BELT_0.50_OUTER_1.00_MM,7.5,0.0,METAL_PLATE_5MM_CANDIDATE,5.0,0.0,5.0,REVERSED_AWAY_FROM_BELT,STANDARD_REVERSED,9.0,4.0,15.5,10.5,14.5,27.0,7.0,8.5,290.0,145.0,-145.0,0,0,0,0,0,7,7,2,12.5,10.0,32.5,FAIL,PTO_NOMINAL_LT_13;PTO_RESIDUAL_LT_8
S2-COARSE-T5-BP+07.5-OP06.0,STAGE_2_INNER_SUPPORT_AND_FASTENERS,COARSE_BELT_0.50_OUTER_1.00_MM,7.5,0.0,METAL_PLATE_5MM_CANDIDATE,5.0,0.0,6.0,REVERSED_AWAY_FROM_BELT,STANDARD_REVERSED,10.0,5.0,15.5,10.5,15.5,27.0,7.0,8.5,290.0,145.0,-145.0,0,0,0,0,0,7,7,2,13.5,10.0,49.5,FAIL,PTO_NOMINAL_LT_13;PTO_RESIDUAL_LT_8
S2-COARSE-T5-BP+07.5-OP07.0,STAGE_2_INNER_SUPPORT_AND_FASTENERS,COARSE_BELT_0.50_OUTER_1.00_MM,7.5,0.0,METAL_PLATE_5MM_CANDIDATE,5.0,0.0,7.0,REVERSED_AWAY_FROM_BELT,STANDARD_REVERSED,11.0,6.0,15.5,10.5,16.5,27.0,7.0,8.5,290.0,145.0,-145.0,0,0,0,0,0,7,7,2,14.5,10.0,66.5,FAIL,PTO_NOMINAL_LT_13;PTO_RESIDUAL_LT_8
S2-COARSE-T5-BP+07.5-OP08.0,STAGE_2_INNER_SUPPORT_AND_FASTENERS,COARSE_BELT_0.50_OUTER_1.00_MM,7.5,0.0,METAL_PLATE_5MM_CANDIDATE,5.0,0.0,8.0,REVERSED_AWAY_FROM_BELT,STANDARD_REVERSED,12.0,7.0,15.5,10.5,17.5,27.0,7.0,8.5,290.0,145.0,-145.0,0,0,0,0,0,7,7,2,15.5,10.0,83.5,FAIL,PTO_NOMINAL_LT_13;PTO_RESIDUAL_LT_8
S2-COARSE-T5-BP+07.5-OP09.0,STAGE_2_INNER_SUPPORT_AND_FASTENERS,COARSE_BELT_0.50_OUTER_1.00_MM,7.5,0.0,METAL_PLATE_5MM_CANDIDATE,5.0,0.0,9.0,REVERSED_AWAY_FROM_BELT,STANDARD_REVERSED,13.0,8.0,15.5,10.5,18.5,27.0,7.0,8.5,290.0,145.0,-145.0,0,0,0,0,0,7,7,2,16.5,10.0,1100.5,CONDITIONAL_PASS,
S2-COARSE-T5-BP+07.5-OP10.0,STAGE_2_INNER_SUPPORT_AND_FASTENERS,COARSE_BELT_0.50_OUTER_1.00_MM,7.5,0.0,METAL_PLATE_5MM_CANDIDATE,5.0,0.0,10.0,REVERSED_AWAY_FROM_BELT,STANDARD_REVERSED,14.0,9.0,15.5,10.5,18.5,27.0,7.0,8.5,290.0,145.0,-145.0,0,0,0,0,0,7,7,2,17.5,10.0,1117.5,CONDITIONAL_PASS,
S2-COARSE-T5-BP+08.0-OP00.0,STAGE_2_INNER_SUPPORT_AND_FASTENERS,COARSE_BELT_0.50_OUTER_1.00_MM,8.0,0.0,METAL_PLATE_5MM_CANDIDATE,5.0,0.0,0.0,REVERSED_AWAY_FROM_BELT,STANDARD_REVERSED,3.5,-1.5,15.5,10.5,9.0,27.5,7.0,8.5,290.0,145.0,-145.0,0,0,0,0,0,7,7,2,8.0,10.0,-64.0,FAIL,PTO_NOMINAL_LT_13;PTO_RESIDUAL_LT_8;PULLEY_FIXED_LT_10
S2-COARSE-T5-BP+08.0-OP01.0,STAGE_2_INNER_SUPPORT_AND_FASTENERS,COARSE_BELT_0.50_OUTER_1.00_MM,8.0,0.0,METAL_PLATE_5MM_CANDIDATE,5.0,0.0,1.0,REVERSED_AWAY_FROM_BELT,STANDARD_REVERSED,4.5,-0.5,15.5,10.5,10.0,27.5,7.0,8.5,290.0,145.0,-145.0,0,0,0,0,0,7,7,2,9.0,10.0,-47.0,FAIL,PTO_NOMINAL_LT_13;PTO_RESIDUAL_LT_8
S2-COARSE-T5-BP+08.0-OP02.0,STAGE_2_INNER_SUPPORT_AND_FASTENERS,COARSE_BELT_0.50_OUTER_1.00_MM,8.0,0.0,METAL_PLATE_5MM_CANDIDATE,5.0,0.0,2.0,REVERSED_AWAY_FROM_BELT,STANDARD_REVERSED,5.5,0.5,15.5,10.5,11.0,27.5,7.0,8.5,290.0,145.0,-145.0,0,0,0,0,0,7,7,2,10.0,10.0,-30.0,FAIL,PTO_NOMINAL_LT_13;PTO_RESIDUAL_LT_8
S2-COARSE-T5-BP+08.0-OP03.0,STAGE_2_INNER_SUPPORT_AND_FASTENERS,COARSE_BELT_0.50_OUTER_1.00_MM,8.0,0.0,METAL_PLATE_5MM_CANDIDATE,5.0,0.0,3.0,REVERSED_AWAY_FROM_BELT,STANDARD_REVERSED,6.5,1.5,15.5,10.5,12.0,27.5,7.0,8.5,290.0,145.0,-145.0,0,0,0,0,0,7,7,2,11.0,10.0,-13.0,FAIL,PTO_NOMINAL_LT_13;PTO_RESIDUAL_LT_8
S2-COARSE-T5-BP+08.0-OP04.0,STAGE_2_INNER_SUPPORT_AND_FASTENERS,COARSE_BELT_0.50_OUTER_1.00_MM,8.0,0.0,METAL_PLATE_5MM_CANDIDATE,5.0,0.0,4.0,REVERSED_AWAY_FROM_BELT,STANDARD_REVERSED,7.5,2.5,15.5,10.5,13.0,27.5,7.0,8.5,290.0,145.0,-145.0,0,0,0,0,0,7,7,2,12.0,10.0,4.0,FAIL,PTO_NOMINAL_LT_13;PTO_RESIDUAL_LT_8
S2-COARSE-T5-BP+08.0-OP05.0,STAGE_2_INNER_SUPPORT_AND_FASTENERS,COARSE_BELT_0.50_OUTER_1.00_MM,8.0,0.0,METAL_PLATE_5MM_CANDIDATE,5.0,0.0,5.0,REVERSED_AWAY_FROM_BELT,STANDARD_REVERSED,8.5,3.5,15.5,10.5,14.0,27.5,7.0,8.5,290.0,145.0,-145.0,0,0,0,0,0,7,7,2,13.0,10.0,21.0,FAIL,PTO_NOMINAL_LT_13;PTO_RESIDUAL_LT_8
S2-COARSE-T5-BP+08.0-OP06.0,STAGE_2_INNER_SUPPORT_AND_FASTENERS,COARSE_BELT_0.50_OUTER_1.00_MM,8.0,0.0,METAL_PLATE_5MM_CANDIDATE,5.0,0.0,6.0,REVERSED_AWAY_FROM_BELT,STANDARD_REVERSED,9.5,4.5,15.5,10.5,15.0,27.5,7.0,8.5,290.0,145.0,-145.0,0,0,0,0,0,7,7,2,14.0,10.0,38.0,FAIL,PTO_NOMINAL_LT_13;PTO_RESIDUAL_LT_8
S2-COARSE-T5-BP+08.0-OP07.0,STAGE_2_INNER_SUPPORT_AND_FASTENERS,COARSE_BELT_0.50_OUTER_1.00_MM,8.0,0.0,METAL_PLATE_5MM_CANDIDATE,5.0,0.0,7.0,REVERSED_AWAY_FROM_BELT,STANDARD_REVERSED,10.5,5.5,15.5,10.5,16.0,27.5,7.0,8.5,290.0,145.0,-145.0,0,0,0,0,0,7,7,2,15.0,10.0,55.0,FAIL,PTO_NOMINAL_LT_13;PTO_RESIDUAL_LT_8
S2-COARSE-T5-BP+08.0-OP08.0,STAGE_2_INNER_SUPPORT_AND_FASTENERS,COARSE_BELT_0.50_OUTER_1.00_MM,8.0,0.0,METAL_PLATE_5MM_CANDIDATE,5.0,0.0,8.0,REVERSED_AWAY_FROM_BELT,STANDARD_REVERSED,11.5,6.5,15.5,10.5,17.0,27.5,7.0,8.5,290.0,145.0,-145.0,0,0,0,0,0,7,7,2,16.0,10.0,72.0,FAIL,PTO_NOMINAL_LT_13;PTO_RESIDUAL_LT_8
S2-COARSE-T5-BP+08.0-OP09.0,STAGE_2_INNER_SUPPORT_AND_FASTENERS,COARSE_BELT_0.50_OUTER_1.00_MM,8.0,0.0,METAL_PLATE_5MM_CANDIDATE,5.0,0.0,9.0,REVERSED_AWAY_FROM_BELT,STANDARD_REVERSED,12.5,7.5,15.5,10.5,18.0,27.5,7.0,8.5,290.0,145.0,-145.0,0,0,0,0,0,7,7,2,17.0,10.0,89.0,FAIL,PTO_NOMINAL_LT_13;PTO_RESIDUAL_LT_8
S2-COARSE-T5-BP+08.0-OP10.0,STAGE_2_INNER_SUPPORT_AND_FASTENERS,COARSE_BELT_0.50_OUTER_1.00_MM,8.0,0.0,METAL_PLATE_5MM_CANDIDATE,5.0,0.0,10.0,REVERSED_AWAY_FROM_BELT,STANDARD_REVERSED,13.5,8.5,15.5,10.5,19.0,27.5,7.0,8.5,290.0,145.0,-145.0,0,0,0,0,0,7,7,2,18.0,10.0,1106.0,CONDITIONAL_PASS,
S2-COARSE-T5-BP+08.5-OP00.0,STAGE_2_INNER_SUPPORT_AND_FASTENERS,COARSE_BELT_0.50_OUTER_1.00_MM,8.5,0.0,METAL_PLATE_5MM_CANDIDATE,5.0,0.0,0.0,REVERSED_AWAY_FROM_BELT,STANDARD_REVERSED,3.0,-2.0,15.5,10.5,8.5,28.0,7.0,8.5,290.0,145.0,-145.0,0,0,0,0,0,7,7,2,8.5,10.0,-75.5,FAIL,PTO_NOMINAL_LT_13;PTO_RESIDUAL_LT_8;PULLEY_FIXED_LT_10
S2-COARSE-T5-BP+08.5-OP01.0,STAGE_2_INNER_SUPPORT_AND_FASTENERS,COARSE_BELT_0.50_OUTER_1.00_MM,8.5,0.0,METAL_PLATE_5MM_CANDIDATE,5.0,0.0,1.0,REVERSED_AWAY_FROM_BELT,STANDARD_REVERSED,4.0,-1.0,15.5,10.5,9.5,28.0,7.0,8.5,290.0,145.0,-145.0,0,0,0,0,0,7,7,2,9.5,10.0,-58.5,FAIL,PTO_NOMINAL_LT_13;PTO_RESIDUAL_LT_8;PULLEY_FIXED_LT_10
S2-COARSE-T5-BP+08.5-OP02.0,STAGE_2_INNER_SUPPORT_AND_FASTENERS,COARSE_BELT_0.50_OUTER_1.00_MM,8.5,0.0,METAL_PLATE_5MM_CANDIDATE,5.0,0.0,2.0,REVERSED_AWAY_FROM_BELT,STANDARD_REVERSED,5.0,0.0,15.5,10.5,10.5,28.0,7.0,8.5,290.0,145.0,-145.0,0,0,0,0,0,7,7,2,10.5,10.0,-41.5,FAIL,PTO_NOMINAL_LT_13;PTO_RESIDUAL_LT_8
S2-COARSE-T5-BP+08.5-OP03.0,STAGE_2_INNER_SUPPORT_AND_FASTENERS,COARSE_BELT_0.50_OUTER_1.00_MM,8.5,0.0,METAL_PLATE_5MM_CANDIDATE,5.0,0.0,3.0,REVERSED_AWAY_FROM_BELT,STANDARD_REVERSED,6.0,1.0,15.5,10.5,11.5,28.0,7.0,8.5,290.0,145.0,-145.0,0,0,0,0,0,7,7,2,11.5,10.0,-24.5,FAIL,PTO_NOMINAL_LT_13;PTO_RESIDUAL_LT_8
S2-COARSE-T5-BP+08.5-OP04.0,STAGE_2_INNER_SUPPORT_AND_FASTENERS,COARSE_BELT_0.50_OUTER_1.00_MM,8.5,0.0,METAL_PLATE_5MM_CANDIDATE,5.0,0.0,4.0,REVERSED_AWAY_FROM_BELT,STANDARD_REVERSED,7.0,2.0,15.5,10.5,12.5,28.0,7.0,8.5,290.0,145.0,-145.0,0,0,0,0,0,7,7,2,12.5,10.0,-7.5,FAIL,PTO_NOMINAL_LT_13;PTO_RESIDUAL_LT_8
S2-COARSE-T5-BP+08.5-OP05.0,STAGE_2_INNER_SUPPORT_AND_FASTENERS,COARSE_BELT_0.50_OUTER_1.00_MM,8.5,0.0,METAL_PLATE_5MM_CANDIDATE,5.0,0.0,5.0,REVERSED_AWAY_FROM_BELT,STANDARD_REVERSED,8.0,3.0,15.5,10.5,13.5,28.0,7.0,8.5,290.0,145.0,-145.0,0,0,0,0,0,7,7,2,13.5,10.0,9.5,FAIL,PTO_NOMINAL_LT_13;PTO_RESIDUAL_LT_8
S2-COARSE-T5-BP+08.5-OP06.0,STAGE_2_INNER_SUPPORT_AND_FASTENERS,COARSE_BELT_0.50_OUTER_1.00_MM,8.5,0.0,METAL_PLATE_5MM_CANDIDATE,5.0,0.0,6.0,REVERSED_AWAY_FROM_BELT,STANDARD_REVERSED,9.0,4.0,15.5,10.5,14.5,28.0,7.0,8.5,290.0,145.0,-145.0,0,0,0,0,0,7,7,2,14.5,10.0,26.5,FAIL,PTO_NOMINAL_LT_13;PTO_RESIDUAL_LT_8
S2-COARSE-T5-BP+08.5-OP07.0,STAGE_2_INNER_SUPPORT_AND_FASTENERS,COARSE_BELT_0.50_OUTER_1.00_MM,8.5,0.0,METAL_PLATE_5MM_CANDIDATE,5.0,0.0,7.0,REVERSED_AWAY_FROM_BELT,STANDARD_REVERSED,10.0,5.0,15.5,10.5,15.5,28.0,7.0,8.5,290.0,145.0,-145.0,0,0,0,0,0,7,7,2,15.5,10.0,43.5,FAIL,PTO_NOMINAL_LT_13;PTO_RESIDUAL_LT_8
S2-COARSE-T5-BP+08.5-OP08.0,STAGE_2_INNER_SUPPORT_AND_FASTENERS,COARSE_BELT_0.50_OUTER_1.00_MM,8.5,0.0,METAL_PLATE_5MM_CANDIDATE,5.0,0.0,8.0,REVERSED_AWAY_FROM_BELT,STANDARD_REVERSED,11.0,6.0,15.5,10.5,16.5,28.0,7.0,8.5,290.0,145.0,-145.0,0,0,0,0,0,7,7,2,16.5,10.0,60.5,FAIL,PTO_NOMINAL_LT_13;PTO_RESIDUAL_LT_8
S2-COARSE-T5-BP+08.5-OP09.0,STAGE_2_INNER_SUPPORT_AND_FASTENERS,COARSE_BELT_0.50_OUTER_1.00_MM,8.5,0.0,METAL_PLATE_5MM_CANDIDATE,5.0,0.0,9.0,REVERSED_AWAY_FROM_BELT,STANDARD_REVERSED,12.0,7.0,15.5,10.5,17.5,28.0,7.0,8.5,290.0,145.0,-145.0,0,0,0,0,0,7,7,2,17.5,10.0,77.5,FAIL,PTO_NOMINAL_LT_13;PTO_RESIDUAL_LT_8
S2-COARSE-T5-BP+08.5-OP10.0,STAGE_2_INNER_SUPPORT_AND_FASTENERS,COARSE_BELT_0.50_OUTER_1.00_MM,8.5,0.0,METAL_PLATE_5MM_CANDIDATE,5.0,0.0,10.0,REVERSED_AWAY_FROM_BELT,STANDARD_REVERSED,13.0,8.0,15.5,10.5,18.5,28.0,7.0,8.5,290.0,145.0,-145.0,0,0,0,0,0,7,7,2,18.5,10.0,1094.5,CONDITIONAL_PASS,
S2-COARSE-T5-BP+09.0-OP00.0,STAGE_2_INNER_SUPPORT_AND_FASTENERS,COARSE_BELT_0.50_OUTER_1.00_MM,9.0,0.0,METAL_PLATE_5MM_CANDIDATE,5.0,0.0,0.0,REVERSED_AWAY_FROM_BELT,STANDARD_REVERSED,2.5,-2.5,15.5,10.5,8.0,28.5,7.0,8.5,290.0,145.0,-145.0,0,0,0,0,0,7,7,2,9.0,10.0,-87.0,FAIL,PTO_NOMINAL_LT_13;PTO_RESIDUAL_LT_8;PULLEY_FIXED_LT_10
S2-COARSE-T5-BP+09.0-OP01.0,STAGE_2_INNER_SUPPORT_AND_FASTENERS,COARSE_BELT_0.50_OUTER_1.00_MM,9.0,0.0,METAL_PLATE_5MM_CANDIDATE,5.0,0.0,1.0,REVERSED_AWAY_FROM_BELT,STANDARD_REVERSED,3.5,-1.5,15.5,10.5,9.0,28.5,7.0,8.5,290.0,145.0,-145.0,0,0,0,0,0,7,7,2,10.0,10.0,-70.0,FAIL,PTO_NOMINAL_LT_13;PTO_RESIDUAL_LT_8;PULLEY_FIXED_LT_10
S2-COARSE-T5-BP+09.0-OP02.0,STAGE_2_INNER_SUPPORT_AND_FASTENERS,COARSE_BELT_0.50_OUTER_1.00_MM,9.0,0.0,METAL_PLATE_5MM_CANDIDATE,5.0,0.0,2.0,REVERSED_AWAY_FROM_BELT,STANDARD_REVERSED,4.5,-0.5,15.5,10.5,10.0,28.5,7.0,8.5,290.0,145.0,-145.0,0,0,0,0,0,7,7,2,11.0,10.0,-53.0,FAIL,PTO_NOMINAL_LT_13;PTO_RESIDUAL_LT_8
S2-COARSE-T5-BP+09.0-OP03.0,STAGE_2_INNER_SUPPORT_AND_FASTENERS,COARSE_BELT_0.50_OUTER_1.00_MM,9.0,0.0,METAL_PLATE_5MM_CANDIDATE,5.0,0.0,3.0,REVERSED_AWAY_FROM_BELT,STANDARD_REVERSED,5.5,0.5,15.5,10.5,11.0,28.5,7.0,8.5,290.0,145.0,-145.0,0,0,0,0,0,7,7,2,12.0,10.0,-36.0,FAIL,PTO_NOMINAL_LT_13;PTO_RESIDUAL_LT_8
S2-COARSE-T5-BP+09.0-OP04.0,STAGE_2_INNER_SUPPORT_AND_FASTENERS,COARSE_BELT_0.50_OUTER_1.00_MM,9.0,0.0,METAL_PLATE_5MM_CANDIDATE,5.0,0.0,4.0,REVERSED_AWAY_FROM_BELT,STANDARD_REVERSED,6.5,1.5,15.5,10.5,12.0,28.5,7.0,8.5,290.0,145.0,-145.0,0,0,0,0,0,7,7,2,13.0,10.0,-19.0,FAIL,PTO_NOMINAL_LT_13;PTO_RESIDUAL_LT_8
S2-COARSE-T5-BP+09.0-OP05.0,STAGE_2_INNER_SUPPORT_AND_FASTENERS,COARSE_BELT_0.50_OUTER_1.00_MM,9.0,0.0,METAL_PLATE_5MM_CANDIDATE,5.0,0.0,5.0,REVERSED_AWAY_FROM_BELT,STANDARD_REVERSED,7.5,2.5,15.5,10.5,13.0,28.5,7.0,8.5,290.0,145.0,-145.0,0,0,0,0,0,7,7,2,14.0,10.0,-2.0,FAIL,PTO_NOMINAL_LT_13;PTO_RESIDUAL_LT_8
S2-COARSE-T5-BP+09.0-OP06.0,STAGE_2_INNER_SUPPORT_AND_FASTENERS,COARSE_BELT_0.50_OUTER_1.00_MM,9.0,0.0,METAL_PLATE_5MM_CANDIDATE,5.0,0.0,6.0,REVERSED_AWAY_FROM_BELT,STANDARD_REVERSED,8.5,3.5,15.5,10.5,14.0,28.5,7.0,8.5,290.0,145.0,-145.0,0,0,0,0,0,7,7,2,15.0,10.0,15.0,FAIL,PTO_NOMINAL_LT_13;PTO_RESIDUAL_LT_8
S2-COARSE-T5-BP+09.0-OP07.0,STAGE_2_INNER_SUPPORT_AND_FASTENERS,COARSE_BELT_0.50_OUTER_1.00_MM,9.0,0.0,METAL_PLATE_5MM_CANDIDATE,5.0,0.0,7.0,REVERSED_AWAY_FROM_BELT,STANDARD_REVERSED,9.5,4.5,15.5,10.5,15.0,28.5,7.0,8.5,290.0,145.0,-145.0,0,0,0,0,0,7,7,2,16.0,10.0,32.0,FAIL,PTO_NOMINAL_LT_13;PTO_RESIDUAL_LT_8
S2-COARSE-T5-BP+09.0-OP08.0,STAGE_2_INNER_SUPPORT_AND_FASTENERS,COARSE_BELT_0.50_OUTER_1.00_MM,9.0,0.0,METAL_PLATE_5MM_CANDIDATE,5.0,0.0,8.0,REVERSED_AWAY_FROM_BELT,STANDARD_REVERSED,10.5,5.5,15.5,10.5,16.0,28.5,7.0,8.5,290.0,145.0,-145.0,0,0,0,0,0,7,7,2,17.0,10.0,49.0,FAIL,PTO_NOMINAL_LT_13;PTO_RESIDUAL_LT_8
S2-COARSE-T5-BP+09.0-OP09.0,STAGE_2_INNER_SUPPORT_AND_FASTENERS,COARSE_BELT_0.50_OUTER_1.00_MM,9.0,0.0,METAL_PLATE_5MM_CANDIDATE,5.0,0.0,9.0,REVERSED_AWAY_FROM_BELT,STANDARD_REVERSED,11.5,6.5,15.5,10.5,17.0,28.5,7.0,8.5,290.0,145.0,-145.0,0,0,0,0,0,7,7,2,18.0,10.0,66.0,FAIL,PTO_NOMINAL_LT_13;PTO_RESIDUAL_LT_8
S2-COARSE-T5-BP+09.0-OP10.0,STAGE_2_INNER_SUPPORT_AND_FASTENERS,COARSE_BELT_0.50_OUTER_1.00_MM,9.0,0.0,METAL_PLATE_5MM_CANDIDATE,5.0,0.0,10.0,REVERSED_AWAY_FROM_BELT,STANDARD_REVERSED,12.5,7.5,15.5,10.5,18.0,28.5,7.0,8.5,290.0,145.0,-145.0,0,0,0,0,0,7,7,2,19.0,10.0,83.0,FAIL,PTO_NOMINAL_LT_13;PTO_RESIDUAL_LT_8
S2-COARSE-T5-BP+09.5-OP00.0,STAGE_2_INNER_SUPPORT_AND_FASTENERS,COARSE_BELT_0.50_OUTER_1.00_MM,9.5,0.0,METAL_PLATE_5MM_CANDIDATE,5.0,0.0,0.0,REVERSED_AWAY_FROM_BELT,STANDARD_REVERSED,2.0,-3.0,15.5,10.5,7.5,29.0,7.0,8.5,290.0,145.0,-145.0,0,0,0,0,0,7,7,2,9.5,10.0,-98.5,FAIL,PTO_NOMINAL_LT_13;PTO_RESIDUAL_LT_8;PULLEY_FIXED_LT_10
S2-COARSE-T5-BP+09.5-OP01.0,STAGE_2_INNER_SUPPORT_AND_FASTENERS,COARSE_BELT_0.50_OUTER_1.00_MM,9.5,0.0,METAL_PLATE_5MM_CANDIDATE,5.0,0.0,1.0,REVERSED_AWAY_FROM_BELT,STANDARD_REVERSED,3.0,-2.0,15.5,10.5,8.5,29.0,7.0,8.5,290.0,145.0,-145.0,0,0,0,0,0,7,7,2,10.5,10.0,-81.5,FAIL,PTO_NOMINAL_LT_13;PTO_RESIDUAL_LT_8;PULLEY_FIXED_LT_10
S2-COARSE-T5-BP+09.5-OP02.0,STAGE_2_INNER_SUPPORT_AND_FASTENERS,COARSE_BELT_0.50_OUTER_1.00_MM,9.5,0.0,METAL_PLATE_5MM_CANDIDATE,5.0,0.0,2.0,REVERSED_AWAY_FROM_BELT,STANDARD_REVERSED,4.0,-1.0,15.5,10.5,9.5,29.0,7.0,8.5,290.0,145.0,-145.0,0,0,0,0,0,7,7,2,11.5,10.0,-64.5,FAIL,PTO_NOMINAL_LT_13;PTO_RESIDUAL_LT_8;PULLEY_FIXED_LT_10
S2-COARSE-T5-BP+09.5-OP03.0,STAGE_2_INNER_SUPPORT_AND_FASTENERS,COARSE_BELT_0.50_OUTER_1.00_MM,9.5,0.0,METAL_PLATE_5MM_CANDIDATE,5.0,0.0,3.0,REVERSED_AWAY_FROM_BELT,STANDARD_REVERSED,5.0,0.0,15.5,10.5,10.5,29.0,7.0,8.5,290.0,145.0,-145.0,0,0,0,0,0,7,7,2,12.5,10.0,-47.5,FAIL,PTO_NOMINAL_LT_13;PTO_RESIDUAL_LT_8
S2-COARSE-T5-BP+09.5-OP04.0,STAGE_2_INNER_SUPPORT_AND_FASTENERS,COARSE_BELT_0.50_OUTER_1.00_MM,9.5,0.0,METAL_PLATE_5MM_CANDIDATE,5.0,0.0,4.0,REVERSED_AWAY_FROM_BELT,STANDARD_REVERSED,6.0,1.0,15.5,10.5,11.5,29.0,7.0,8.5,290.0,145.0,-145.0,0,0,0,0,0,7,7,2,13.5,10.0,-30.5,FAIL,PTO_NOMINAL_LT_13;PTO_RESIDUAL_LT_8
S2-COARSE-T5-BP+09.5-OP05.0,STAGE_2_INNER_SUPPORT_AND_FASTENERS,COARSE_BELT_0.50_OUTER_1.00_MM,9.5,0.0,METAL_PLATE_5MM_CANDIDATE,5.0,0.0,5.0,REVERSED_AWAY_FROM_BELT,STANDARD_REVERSED,7.0,2.0,15.5,10.5,12.5,29.0,7.0,8.5,290.0,145.0,-145.0,0,0,0,0,0,7,7,2,14.5,10.0,-13.5,FAIL,PTO_NOMINAL_LT_13;PTO_RESIDUAL_LT_8
S2-COARSE-T5-BP+09.5-OP06.0,STAGE_2_INNER_SUPPORT_AND_FASTENERS,COARSE_BELT_0.50_OUTER_1.00_MM,9.5,0.0,METAL_PLATE_5MM_CANDIDATE,5.0,0.0,6.0,REVERSED_AWAY_FROM_BELT,STANDARD_REVERSED,8.0,3.0,15.5,10.5,13.5,29.0,7.0,8.5,290.0,145.0,-145.0,0,0,0,0,0,7,7,2,15.5,10.0,3.5,FAIL,PTO_NOMINAL_LT_13;PTO_RESIDUAL_LT_8
S2-COARSE-T5-BP+09.5-OP07.0,STAGE_2_INNER_SUPPORT_AND_FASTENERS,COARSE_BELT_0.50_OUTER_1.00_MM,9.5,0.0,METAL_PLATE_5MM_CANDIDATE,5.0,0.0,7.0,REVERSED_AWAY_FROM_BELT,STANDARD_REVERSED,9.0,4.0,15.5,10.5,14.5,29.0,7.0,8.5,290.0,145.0,-145.0,0,0,0,0,0,7,7,2,16.5,10.0,20.5,FAIL,PTO_NOMINAL_LT_13;PTO_RESIDUAL_LT_8
S2-COARSE-T5-BP+09.5-OP08.0,STAGE_2_INNER_SUPPORT_AND_FASTENERS,COARSE_BELT_0.50_OUTER_1.00_MM,9.5,0.0,METAL_PLATE_5MM_CANDIDATE,5.0,0.0,8.0,REVERSED_AWAY_FROM_BELT,STANDARD_REVERSED,10.0,5.0,15.5,10.5,15.5,29.0,7.0,8.5,290.0,145.0,-145.0,0,0,0,0,0,7,7,2,17.5,10.0,37.5,FAIL,PTO_NOMINAL_LT_13;PTO_RESIDUAL_LT_8
S2-COARSE-T5-BP+09.5-OP09.0,STAGE_2_INNER_SUPPORT_AND_FASTENERS,COARSE_BELT_0.50_OUTER_1.00_MM,9.5,0.0,METAL_PLATE_5MM_CANDIDATE,5.0,0.0,9.0,REVERSED_AWAY_FROM_BELT,STANDARD_REVERSED,11.0,6.0,15.5,10.5,16.5,29.0,7.0,8.5,290.0,145.0,-145.0,0,0,0,0,0,7,7,2,18.5,10.0,54.5,FAIL,PTO_NOMINAL_LT_13;PTO_RESIDUAL_LT_8
S2-COARSE-T5-BP+09.5-OP10.0,STAGE_2_INNER_SUPPORT_AND_FASTENERS,COARSE_BELT_0.50_OUTER_1.00_MM,9.5,0.0,METAL_PLATE_5MM_CANDIDATE,5.0,0.0,10.0,REVERSED_AWAY_FROM_BELT,STANDARD_REVERSED,12.0,7.0,15.5,10.5,17.5,29.0,7.0,8.5,290.0,145.0,-145.0,0,0,0,0,0,7,7,2,19.5,10.0,71.5,FAIL,PTO_NOMINAL_LT_13;PTO_RESIDUAL_LT_8
S2-COARSE-T5-BP+10.0-OP00.0,STAGE_2_INNER_SUPPORT_AND_FASTENERS,COARSE_BELT_0.50_OUTER_1.00_MM,10.0,0.0,METAL_PLATE_5MM_CANDIDATE,5.0,0.0,0.0,REVERSED_AWAY_FROM_BELT,STANDARD_REVERSED,1.5,-3.5,15.5,10.5,7.0,29.5,7.0,8.5,290.0,145.0,-145.0,0,0,0,0,0,7,7,2,10.0,10.0,-110.0,FAIL,PTO_NOMINAL_LT_13;PTO_RESIDUAL_LT_8;PULLEY_FIXED_LT_10
S2-COARSE-T5-BP+10.0-OP01.0,STAGE_2_INNER_SUPPORT_AND_FASTENERS,COARSE_BELT_0.50_OUTER_1.00_MM,10.0,0.0,METAL_PLATE_5MM_CANDIDATE,5.0,0.0,1.0,REVERSED_AWAY_FROM_BELT,STANDARD_REVERSED,2.5,-2.5,15.5,10.5,8.0,29.5,7.0,8.5,290.0,145.0,-145.0,0,0,0,0,0,7,7,2,11.0,10.0,-93.0,FAIL,PTO_NOMINAL_LT_13;PTO_RESIDUAL_LT_8;PULLEY_FIXED_LT_10
S2-COARSE-T5-BP+10.0-OP02.0,STAGE_2_INNER_SUPPORT_AND_FASTENERS,COARSE_BELT_0.50_OUTER_1.00_MM,10.0,0.0,METAL_PLATE_5MM_CANDIDATE,5.0,0.0,2.0,REVERSED_AWAY_FROM_BELT,STANDARD_REVERSED,3.5,-1.5,15.5,10.5,9.0,29.5,7.0,8.5,290.0,145.0,-145.0,0,0,0,0,0,7,7,2,12.0,10.0,-76.0,FAIL,PTO_NOMINAL_LT_13;PTO_RESIDUAL_LT_8;PULLEY_FIXED_LT_10
S2-COARSE-T5-BP+10.0-OP03.0,STAGE_2_INNER_SUPPORT_AND_FASTENERS,COARSE_BELT_0.50_OUTER_1.00_MM,10.0,0.0,METAL_PLATE_5MM_CANDIDATE,5.0,0.0,3.0,REVERSED_AWAY_FROM_BELT,STANDARD_REVERSED,4.5,-0.5,15.5,10.5,10.0,29.5,7.0,8.5,290.0,145.0,-145.0,0,0,0,0,0,7,7,2,13.0,10.0,-59.0,FAIL,PTO_NOMINAL_LT_13;PTO_RESIDUAL_LT_8
S2-COARSE-T5-BP+10.0-OP04.0,STAGE_2_INNER_SUPPORT_AND_FASTENERS,COARSE_BELT_0.50_OUTER_1.00_MM,10.0,0.0,METAL_PLATE_5MM_CANDIDATE,5.0,0.0,4.0,REVERSED_AWAY_FROM_BELT,STANDARD_REVERSED,5.5,0.5,15.5,10.5,11.0,29.5,7.0,8.5,290.0,145.0,-145.0,0,0,0,0,0,7,7,2,14.0,10.0,-42.0,FAIL,PTO_NOMINAL_LT_13;PTO_RESIDUAL_LT_8
S2-COARSE-T5-BP+10.0-OP05.0,STAGE_2_INNER_SUPPORT_AND_FASTENERS,COARSE_BELT_0.50_OUTER_1.00_MM,10.0,0.0,METAL_PLATE_5MM_CANDIDATE,5.0,0.0,5.0,REVERSED_AWAY_FROM_BELT,STANDARD_REVERSED,6.5,1.5,15.5,10.5,12.0,29.5,7.0,8.5,290.0,145.0,-145.0,0,0,0,0,0,7,7,2,15.0,10.0,-25.0,FAIL,PTO_NOMINAL_LT_13;PTO_RESIDUAL_LT_8
S2-COARSE-T5-BP+10.0-OP06.0,STAGE_2_INNER_SUPPORT_AND_FASTENERS,COARSE_BELT_0.50_OUTER_1.00_MM,10.0,0.0,METAL_PLATE_5MM_CANDIDATE,5.0,0.0,6.0,REVERSED_AWAY_FROM_BELT,STANDARD_REVERSED,7.5,2.5,15.5,10.5,13.0,29.5,7.0,8.5,290.0,145.0,-145.0,0,0,0,0,0,7,7,2,16.0,10.0,-8.0,FAIL,PTO_NOMINAL_LT_13;PTO_RESIDUAL_LT_8
S2-COARSE-T5-BP+10.0-OP07.0,STAGE_2_INNER_SUPPORT_AND_FASTENERS,COARSE_BELT_0.50_OUTER_1.00_MM,10.0,0.0,METAL_PLATE_5MM_CANDIDATE,5.0,0.0,7.0,REVERSED_AWAY_FROM_BELT,STANDARD_REVERSED,8.5,3.5,15.5,10.5,14.0,29.5,7.0,8.5,290.0,145.0,-145.0,0,0,0,0,0,7,7,2,17.0,10.0,9.0,FAIL,PTO_NOMINAL_LT_13;PTO_RESIDUAL_LT_8
S2-COARSE-T5-BP+10.0-OP08.0,STAGE_2_INNER_SUPPORT_AND_FASTENERS,COARSE_BELT_0.50_OUTER_1.00_MM,10.0,0.0,METAL_PLATE_5MM_CANDIDATE,5.0,0.0,8.0,REVERSED_AWAY_FROM_BELT,STANDARD_REVERSED,9.5,4.5,15.5,10.5,15.0,29.5,7.0,8.5,290.0,145.0,-145.0,0,0,0,0,0,7,7,2,18.0,10.0,26.0,FAIL,PTO_NOMINAL_LT_13;PTO_RESIDUAL_LT_8
S2-COARSE-T5-BP+10.0-OP09.0,STAGE_2_INNER_SUPPORT_AND_FASTENERS,COARSE_BELT_0.50_OUTER_1.00_MM,10.0,0.0,METAL_PLATE_5MM_CANDIDATE,5.0,0.0,9.0,REVERSED_AWAY_FROM_BELT,STANDARD_REVERSED,10.5,5.5,15.5,10.5,16.0,29.5,7.0,8.5,290.0,145.0,-145.0,0,0,0,0,0,7,7,2,19.0,10.0,43.0,FAIL,PTO_NOMINAL_LT_13;PTO_RESIDUAL_LT_8
S2-COARSE-T5-BP+10.0-OP10.0,STAGE_2_INNER_SUPPORT_AND_FASTENERS,COARSE_BELT_0.50_OUTER_1.00_MM,10.0,0.0,METAL_PLATE_5MM_CANDIDATE,5.0,0.0,10.0,REVERSED_AWAY_FROM_BELT,STANDARD_REVERSED,11.5,6.5,15.5,10.5,17.0,29.5,7.0,8.5,290.0,145.0,-145.0,0,0,0,0,0,7,7,2,20.0,10.0,60.0,FAIL,PTO_NOMINAL_LT_13;PTO_RESIDUAL_LT_8
S2-COARSE-T6-BP-02.0-OP00.0,STAGE_2_INNER_SUPPORT_AND_FASTENERS,COARSE_BELT_0.50_OUTER_1.00_MM,-2.0,0.0,METAL_PLATE_6MM_CANDIDATE,6.0,0.0,0.0,REVERSED_AWAY_FROM_BELT,STANDARD_REVERSED,10.5,5.5,15.5,10.5,9.0,17.5,6.0,8.5,290.0,145.0,-145.0,0,0,0,0,0,7,7,2,2.0,10.0,94.0,FAIL,PTO_NOMINAL_LT_13;PTO_RESIDUAL_LT_8;PULLEY_FIXED_LT_10
S2-COARSE-T6-BP-02.0-OP01.0,STAGE_2_INNER_SUPPORT_AND_FASTENERS,COARSE_BELT_0.50_OUTER_1.00_MM,-2.0,0.0,METAL_PLATE_6MM_CANDIDATE,6.0,0.0,1.0,REVERSED_AWAY_FROM_BELT,STANDARD_REVERSED,10.5,5.5,15.5,10.5,9.0,17.5,6.0,8.5,290.0,145.0,-145.0,0,0,0,0,0,7,7,2,3.0,10.0,91.0,FAIL,PTO_NOMINAL_LT_13;PTO_RESIDUAL_LT_8;PULLEY_FIXED_LT_10
S2-COARSE-T6-BP-02.0-OP02.0,STAGE_2_INNER_SUPPORT_AND_FASTENERS,COARSE_BELT_0.50_OUTER_1.00_MM,-2.0,0.0,METAL_PLATE_6MM_CANDIDATE,6.0,0.0,2.0,REVERSED_AWAY_FROM_BELT,STANDARD_REVERSED,10.5,5.5,15.5,10.5,9.0,17.5,6.0,8.5,290.0,145.0,-145.0,0,0,0,0,0,7,7,2,4.0,10.0,88.0,FAIL,PTO_NOMINAL_LT_13;PTO_RESIDUAL_LT_8;PULLEY_FIXED_LT_10
S2-COARSE-T6-BP-02.0-OP03.0,STAGE_2_INNER_SUPPORT_AND_FASTENERS,COARSE_BELT_0.50_OUTER_1.00_MM,-2.0,0.0,METAL_PLATE_6MM_CANDIDATE,6.0,0.0,3.0,REVERSED_AWAY_FROM_BELT,STANDARD_REVERSED,10.5,5.5,15.5,10.5,9.0,17.5,6.0,8.5,290.0,145.0,-145.0,0,0,0,0,0,7,7,2,5.0,10.0,85.0,FAIL,PTO_NOMINAL_LT_13;PTO_RESIDUAL_LT_8;PULLEY_FIXED_LT_10
S2-COARSE-T6-BP-02.0-OP04.0,STAGE_2_INNER_SUPPORT_AND_FASTENERS,COARSE_BELT_0.50_OUTER_1.00_MM,-2.0,0.0,METAL_PLATE_6MM_CANDIDATE,6.0,0.0,4.0,REVERSED_AWAY_FROM_BELT,STANDARD_REVERSED,10.5,5.5,15.5,10.5,9.0,17.5,6.0,8.5,290.0,145.0,-145.0,0,0,0,0,0,7,7,2,6.0,10.0,82.0,FAIL,PTO_NOMINAL_LT_13;PTO_RESIDUAL_LT_8;PULLEY_FIXED_LT_10
S2-COARSE-T6-BP-02.0-OP05.0,STAGE_2_INNER_SUPPORT_AND_FASTENERS,COARSE_BELT_0.50_OUTER_1.00_MM,-2.0,0.0,METAL_PLATE_6MM_CANDIDATE,6.0,0.0,5.0,REVERSED_AWAY_FROM_BELT,STANDARD_REVERSED,10.5,5.5,15.5,10.5,9.0,17.5,6.0,8.5,290.0,145.0,-145.0,0,0,0,0,0,7,7,2,7.0,10.0,79.0,FAIL,PTO_NOMINAL_LT_13;PTO_RESIDUAL_LT_8;PULLEY_FIXED_LT_10
S2-COARSE-T6-BP-02.0-OP06.0,STAGE_2_INNER_SUPPORT_AND_FASTENERS,COARSE_BELT_0.50_OUTER_1.00_MM,-2.0,0.0,METAL_PLATE_6MM_CANDIDATE,6.0,0.0,6.0,REVERSED_AWAY_FROM_BELT,STANDARD_REVERSED,10.5,5.5,15.5,10.5,9.0,17.5,6.0,8.5,290.0,145.0,-145.0,0,0,0,0,0,7,7,2,8.0,10.0,76.0,FAIL,PTO_NOMINAL_LT_13;PTO_RESIDUAL_LT_8;PULLEY_FIXED_LT_10
S2-COARSE-T6-BP-02.0-OP07.0,STAGE_2_INNER_SUPPORT_AND_FASTENERS,COARSE_BELT_0.50_OUTER_1.00_MM,-2.0,0.0,METAL_PLATE_6MM_CANDIDATE,6.0,0.0,7.0,REVERSED_AWAY_FROM_BELT,STANDARD_REVERSED,10.5,5.5,15.5,10.5,9.0,17.5,6.0,8.5,290.0,145.0,-145.0,0,0,0,0,0,7,7,2,9.0,10.0,73.0,FAIL,PTO_NOMINAL_LT_13;PTO_RESIDUAL_LT_8;PULLEY_FIXED_LT_10
S2-COARSE-T6-BP-02.0-OP08.0,STAGE_2_INNER_SUPPORT_AND_FASTENERS,COARSE_BELT_0.50_OUTER_1.00_MM,-2.0,0.0,METAL_PLATE_6MM_CANDIDATE,6.0,0.0,8.0,REVERSED_AWAY_FROM_BELT,STANDARD_REVERSED,10.5,5.5,15.5,10.5,9.0,17.5,6.0,8.5,290.0,145.0,-145.0,0,0,0,0,0,7,7,2,10.0,10.0,70.0,FAIL,PTO_NOMINAL_LT_13;PTO_RESIDUAL_LT_8;PULLEY_FIXED_LT_10
S2-COARSE-T6-BP-02.0-OP09.0,STAGE_2_INNER_SUPPORT_AND_FASTENERS,COARSE_BELT_0.50_OUTER_1.00_MM,-2.0,0.0,METAL_PLATE_6MM_CANDIDATE,6.0,0.0,9.0,REVERSED_AWAY_FROM_BELT,STANDARD_REVERSED,10.5,5.5,15.5,10.5,9.0,17.5,6.0,8.5,290.0,145.0,-145.0,0,0,0,0,0,7,7,2,11.0,10.0,67.0,FAIL,PTO_NOMINAL_LT_13;PTO_RESIDUAL_LT_8;PULLEY_FIXED_LT_10
S2-COARSE-T6-BP-02.0-OP10.0,STAGE_2_INNER_SUPPORT_AND_FASTENERS,COARSE_BELT_0.50_OUTER_1.00_MM,-2.0,0.0,METAL_PLATE_6MM_CANDIDATE,6.0,0.0,10.0,REVERSED_AWAY_FROM_BELT,STANDARD_REVERSED,10.5,5.5,15.5,10.5,9.0,17.5,6.0,8.5,290.0,145.0,-145.0,0,0,0,0,0,7,7,2,12.0,10.0,64.0,FAIL,PTO_NOMINAL_LT_13;PTO_RESIDUAL_LT_8;PULLEY_FIXED_LT_10
S2-COARSE-T6-BP-01.5-OP00.0,STAGE_2_INNER_SUPPORT_AND_FASTENERS,COARSE_BELT_0.50_OUTER_1.00_MM,-1.5,0.0,METAL_PLATE_6MM_CANDIDATE,6.0,0.0,0.0,REVERSED_AWAY_FROM_BELT,STANDARD_REVERSED,11.0,6.0,15.5,10.5,9.5,18.0,6.0,8.5,290.0,145.0,-145.0,0,0,0,0,0,7,7,2,1.5,10.0,105.5,FAIL,PTO_NOMINAL_LT_13;PTO_RESIDUAL_LT_8;PULLEY_FIXED_LT_10
S2-COARSE-T6-BP-01.5-OP01.0,STAGE_2_INNER_SUPPORT_AND_FASTENERS,COARSE_BELT_0.50_OUTER_1.00_MM,-1.5,0.0,METAL_PLATE_6MM_CANDIDATE,6.0,0.0,1.0,REVERSED_AWAY_FROM_BELT,STANDARD_REVERSED,11.0,6.0,15.5,10.5,9.5,18.0,6.0,8.5,290.0,145.0,-145.0,0,0,0,0,0,7,7,2,2.5,10.0,102.5,FAIL,PTO_NOMINAL_LT_13;PTO_RESIDUAL_LT_8;PULLEY_FIXED_LT_10
S2-COARSE-T6-BP-01.5-OP02.0,STAGE_2_INNER_SUPPORT_AND_FASTENERS,COARSE_BELT_0.50_OUTER_1.00_MM,-1.5,0.0,METAL_PLATE_6MM_CANDIDATE,6.0,0.0,2.0,REVERSED_AWAY_FROM_BELT,STANDARD_REVERSED,11.0,6.0,15.5,10.5,9.5,18.0,6.0,8.5,290.0,145.0,-145.0,0,0,0,0,0,7,7,2,3.5,10.0,99.5,FAIL,PTO_NOMINAL_LT_13;PTO_RESIDUAL_LT_8;PULLEY_FIXED_LT_10
S2-COARSE-T6-BP-01.5-OP03.0,STAGE_2_INNER_SUPPORT_AND_FASTENERS,COARSE_BELT_0.50_OUTER_1.00_MM,-1.5,0.0,METAL_PLATE_6MM_CANDIDATE,6.0,0.0,3.0,REVERSED_AWAY_FROM_BELT,STANDARD_REVERSED,11.0,6.0,15.5,10.5,9.5,18.0,6.0,8.5,290.0,145.0,-145.0,0,0,0,0,0,7,7,2,4.5,10.0,96.5,FAIL,PTO_NOMINAL_LT_13;PTO_RESIDUAL_LT_8;PULLEY_FIXED_LT_10
S2-COARSE-T6-BP-01.5-OP04.0,STAGE_2_INNER_SUPPORT_AND_FASTENERS,COARSE_BELT_0.50_OUTER_1.00_MM,-1.5,0.0,METAL_PLATE_6MM_CANDIDATE,6.0,0.0,4.0,REVERSED_AWAY_FROM_BELT,STANDARD_REVERSED,11.0,6.0,15.5,10.5,9.5,18.0,6.0,8.5,290.0,145.0,-145.0,0,0,0,0,0,7,7,2,5.5,10.0,93.5,FAIL,PTO_NOMINAL_LT_13;PTO_RESIDUAL_LT_8;PULLEY_FIXED_LT_10
S2-COARSE-T6-BP-01.5-OP05.0,STAGE_2_INNER_SUPPORT_AND_FASTENERS,COARSE_BELT_0.50_OUTER_1.00_MM,-1.5,0.0,METAL_PLATE_6MM_CANDIDATE,6.0,0.0,5.0,REVERSED_AWAY_FROM_BELT,STANDARD_REVERSED,11.0,6.0,15.5,10.5,9.5,18.0,6.0,8.5,290.0,145.0,-145.0,0,0,0,0,0,7,7,2,6.5,10.0,90.5,FAIL,PTO_NOMINAL_LT_13;PTO_RESIDUAL_LT_8;PULLEY_FIXED_LT_10
S2-COARSE-T6-BP-01.5-OP06.0,STAGE_2_INNER_SUPPORT_AND_FASTENERS,COARSE_BELT_0.50_OUTER_1.00_MM,-1.5,0.0,METAL_PLATE_6MM_CANDIDATE,6.0,0.0,6.0,REVERSED_AWAY_FROM_BELT,STANDARD_REVERSED,11.0,6.0,15.5,10.5,9.5,18.0,6.0,8.5,290.0,145.0,-145.0,0,0,0,0,0,7,7,2,7.5,10.0,87.5,FAIL,PTO_NOMINAL_LT_13;PTO_RESIDUAL_LT_8;PULLEY_FIXED_LT_10
S2-COARSE-T6-BP-01.5-OP07.0,STAGE_2_INNER_SUPPORT_AND_FASTENERS,COARSE_BELT_0.50_OUTER_1.00_MM,-1.5,0.0,METAL_PLATE_6MM_CANDIDATE,6.0,0.0,7.0,REVERSED_AWAY_FROM_BELT,STANDARD_REVERSED,11.0,6.0,15.5,10.5,9.5,18.0,6.0,8.5,290.0,145.0,-145.0,0,0,0,0,0,7,7,2,8.5,10.0,84.5,FAIL,PTO_NOMINAL_LT_13;PTO_RESIDUAL_LT_8;PULLEY_FIXED_LT_10
S2-COARSE-T6-BP-01.5-OP08.0,STAGE_2_INNER_SUPPORT_AND_FASTENERS,COARSE_BELT_0.50_OUTER_1.00_MM,-1.5,0.0,METAL_PLATE_6MM_CANDIDATE,6.0,0.0,8.0,REVERSED_AWAY_FROM_BELT,STANDARD_REVERSED,11.0,6.0,15.5,10.5,9.5,18.0,6.0,8.5,290.0,145.0,-145.0,0,0,0,0,0,7,7,2,9.5,10.0,81.5,FAIL,PTO_NOMINAL_LT_13;PTO_RESIDUAL_LT_8;PULLEY_FIXED_LT_10
S2-COARSE-T6-BP-01.5-OP09.0,STAGE_2_INNER_SUPPORT_AND_FASTENERS,COARSE_BELT_0.50_OUTER_1.00_MM,-1.5,0.0,METAL_PLATE_6MM_CANDIDATE,6.0,0.0,9.0,REVERSED_AWAY_FROM_BELT,STANDARD_REVERSED,11.0,6.0,15.5,10.5,9.5,18.0,6.0,8.5,290.0,145.0,-145.0,0,0,0,0,0,7,7,2,10.5,10.0,78.5,FAIL,PTO_NOMINAL_LT_13;PTO_RESIDUAL_LT_8;PULLEY_FIXED_LT_10
S2-COARSE-T6-BP-01.5-OP10.0,STAGE_2_INNER_SUPPORT_AND_FASTENERS,COARSE_BELT_0.50_OUTER_1.00_MM,-1.5,0.0,METAL_PLATE_6MM_CANDIDATE,6.0,0.0,10.0,REVERSED_AWAY_FROM_BELT,STANDARD_REVERSED,11.0,6.0,15.5,10.5,9.5,18.0,6.0,8.5,290.0,145.0,-145.0,0,0,0,0,0,7,7,2,11.5,10.0,75.5,FAIL,PTO_NOMINAL_LT_13;PTO_RESIDUAL_LT_8;PULLEY_FIXED_LT_10
S2-COARSE-T6-BP-01.0-OP00.0,STAGE_2_INNER_SUPPORT_AND_FASTENERS,COARSE_BELT_0.50_OUTER_1.00_MM,-1.0,0.0,METAL_PLATE_6MM_CANDIDATE,6.0,0.0,0.0,REVERSED_AWAY_FROM_BELT,STANDARD_REVERSED,11.5,6.5,15.5,10.5,10.0,18.5,6.0,8.5,290.0,145.0,-145.0,0,0,0,0,0,7,7,2,1.0,10.0,117.0,FAIL,PTO_NOMINAL_LT_13;PTO_RESIDUAL_LT_8
S2-COARSE-T6-BP-01.0-OP01.0,STAGE_2_INNER_SUPPORT_AND_FASTENERS,COARSE_BELT_0.50_OUTER_1.00_MM,-1.0,0.0,METAL_PLATE_6MM_CANDIDATE,6.0,0.0,1.0,REVERSED_AWAY_FROM_BELT,STANDARD_REVERSED,11.5,6.5,15.5,10.5,10.0,18.5,6.0,8.5,290.0,145.0,-145.0,0,0,0,0,0,7,7,2,2.0,10.0,114.0,FAIL,PTO_NOMINAL_LT_13;PTO_RESIDUAL_LT_8
S2-COARSE-T6-BP-01.0-OP02.0,STAGE_2_INNER_SUPPORT_AND_FASTENERS,COARSE_BELT_0.50_OUTER_1.00_MM,-1.0,0.0,METAL_PLATE_6MM_CANDIDATE,6.0,0.0,2.0,REVERSED_AWAY_FROM_BELT,STANDARD_REVERSED,11.5,6.5,15.5,10.5,10.0,18.5,6.0,8.5,290.0,145.0,-145.0,0,0,0,0,0,7,7,2,3.0,10.0,111.0,FAIL,PTO_NOMINAL_LT_13;PTO_RESIDUAL_LT_8
S2-COARSE-T6-BP-01.0-OP03.0,STAGE_2_INNER_SUPPORT_AND_FASTENERS,COARSE_BELT_0.50_OUTER_1.00_MM,-1.0,0.0,METAL_PLATE_6MM_CANDIDATE,6.0,0.0,3.0,REVERSED_AWAY_FROM_BELT,STANDARD_REVERSED,11.5,6.5,15.5,10.5,10.0,18.5,6.0,8.5,290.0,145.0,-145.0,0,0,0,0,0,7,7,2,4.0,10.0,108.0,FAIL,PTO_NOMINAL_LT_13;PTO_RESIDUAL_LT_8
S2-COARSE-T6-BP-01.0-OP04.0,STAGE_2_INNER_SUPPORT_AND_FASTENERS,COARSE_BELT_0.50_OUTER_1.00_MM,-1.0,0.0,METAL_PLATE_6MM_CANDIDATE,6.0,0.0,4.0,REVERSED_AWAY_FROM_BELT,STANDARD_REVERSED,11.5,6.5,15.5,10.5,10.0,18.5,6.0,8.5,290.0,145.0,-145.0,0,0,0,0,0,7,7,2,5.0,10.0,105.0,FAIL,PTO_NOMINAL_LT_13;PTO_RESIDUAL_LT_8
S2-COARSE-T6-BP-01.0-OP05.0,STAGE_2_INNER_SUPPORT_AND_FASTENERS,COARSE_BELT_0.50_OUTER_1.00_MM,-1.0,0.0,METAL_PLATE_6MM_CANDIDATE,6.0,0.0,5.0,REVERSED_AWAY_FROM_BELT,STANDARD_REVERSED,11.5,6.5,15.5,10.5,10.0,18.5,6.0,8.5,290.0,145.0,-145.0,0,0,0,0,0,7,7,2,6.0,10.0,102.0,FAIL,PTO_NOMINAL_LT_13;PTO_RESIDUAL_LT_8
S2-COARSE-T6-BP-01.0-OP06.0,STAGE_2_INNER_SUPPORT_AND_FASTENERS,COARSE_BELT_0.50_OUTER_1.00_MM,-1.0,0.0,METAL_PLATE_6MM_CANDIDATE,6.0,0.0,6.0,REVERSED_AWAY_FROM_BELT,STANDARD_REVERSED,11.5,6.5,15.5,10.5,10.0,18.5,6.0,8.5,290.0,145.0,-145.0,0,0,0,0,0,7,7,2,7.0,10.0,99.0,FAIL,PTO_NOMINAL_LT_13;PTO_RESIDUAL_LT_8
S2-COARSE-T6-BP-01.0-OP07.0,STAGE_2_INNER_SUPPORT_AND_FASTENERS,COARSE_BELT_0.50_OUTER_1.00_MM,-1.0,0.0,METAL_PLATE_6MM_CANDIDATE,6.0,0.0,7.0,REVERSED_AWAY_FROM_BELT,STANDARD_REVERSED,11.5,6.5,15.5,10.5,10.0,18.5,6.0,8.5,290.0,145.0,-145.0,0,0,0,0,0,7,7,2,8.0,10.0,96.0,FAIL,PTO_NOMINAL_LT_13;PTO_RESIDUAL_LT_8
S2-COARSE-T6-BP-01.0-OP08.0,STAGE_2_INNER_SUPPORT_AND_FASTENERS,COARSE_BELT_0.50_OUTER_1.00_MM,-1.0,0.0,METAL_PLATE_6MM_CANDIDATE,6.0,0.0,8.0,REVERSED_AWAY_FROM_BELT,STANDARD_REVERSED,11.5,6.5,15.5,10.5,10.0,18.5,6.0,8.5,290.0,145.0,-145.0,0,0,0,0,0,7,7,2,9.0,10.0,93.0,FAIL,PTO_NOMINAL_LT_13;PTO_RESIDUAL_LT_8
S2-COARSE-T6-BP-01.0-OP09.0,STAGE_2_INNER_SUPPORT_AND_FASTENERS,COARSE_BELT_0.50_OUTER_1.00_MM,-1.0,0.0,METAL_PLATE_6MM_CANDIDATE,6.0,0.0,9.0,REVERSED_AWAY_FROM_BELT,STANDARD_REVERSED,11.5,6.5,15.5,10.5,10.0,18.5,6.0,8.5,290.0,145.0,-145.0,0,0,0,0,0,7,7,2,10.0,10.0,90.0,FAIL,PTO_NOMINAL_LT_13;PTO_RESIDUAL_LT_8
S2-COARSE-T6-BP-01.0-OP10.0,STAGE_2_INNER_SUPPORT_AND_FASTENERS,COARSE_BELT_0.50_OUTER_1.00_MM,-1.0,0.0,METAL_PLATE_6MM_CANDIDATE,6.0,0.0,10.0,REVERSED_AWAY_FROM_BELT,STANDARD_REVERSED,11.5,6.5,15.5,10.5,10.0,18.5,6.0,8.5,290.0,145.0,-145.0,0,0,0,0,0,7,7,2,11.0,10.0,87.0,FAIL,PTO_NOMINAL_LT_13;PTO_RESIDUAL_LT_8
S2-COARSE-T6-BP-00.5-OP00.0,STAGE_2_INNER_SUPPORT_AND_FASTENERS,COARSE_BELT_0.50_OUTER_1.00_MM,-0.5,0.0,METAL_PLATE_6MM_CANDIDATE,6.0,0.0,0.0,REVERSED_AWAY_FROM_BELT,STANDARD_REVERSED,12.0,7.0,15.5,10.5,10.5,19.0,6.0,8.5,290.0,145.0,-145.0,0,0,0,0,0,7,7,2,0.5,10.0,128.5,FAIL,PTO_NOMINAL_LT_13;PTO_RESIDUAL_LT_8
S2-COARSE-T6-BP-00.5-OP01.0,STAGE_2_INNER_SUPPORT_AND_FASTENERS,COARSE_BELT_0.50_OUTER_1.00_MM,-0.5,0.0,METAL_PLATE_6MM_CANDIDATE,6.0,0.0,1.0,REVERSED_AWAY_FROM_BELT,STANDARD_REVERSED,12.0,7.0,15.5,10.5,10.5,19.0,6.0,8.5,290.0,145.0,-145.0,0,0,0,0,0,7,7,2,1.5,10.0,125.5,FAIL,PTO_NOMINAL_LT_13;PTO_RESIDUAL_LT_8
S2-COARSE-T6-BP-00.5-OP02.0,STAGE_2_INNER_SUPPORT_AND_FASTENERS,COARSE_BELT_0.50_OUTER_1.00_MM,-0.5,0.0,METAL_PLATE_6MM_CANDIDATE,6.0,0.0,2.0,REVERSED_AWAY_FROM_BELT,STANDARD_REVERSED,12.0,7.0,15.5,10.5,10.5,19.0,6.0,8.5,290.0,145.0,-145.0,0,0,0,0,0,7,7,2,2.5,10.0,122.5,FAIL,PTO_NOMINAL_LT_13;PTO_RESIDUAL_LT_8
S2-COARSE-T6-BP-00.5-OP03.0,STAGE_2_INNER_SUPPORT_AND_FASTENERS,COARSE_BELT_0.50_OUTER_1.00_MM,-0.5,0.0,METAL_PLATE_6MM_CANDIDATE,6.0,0.0,3.0,REVERSED_AWAY_FROM_BELT,STANDARD_REVERSED,12.0,7.0,15.5,10.5,10.5,19.0,6.0,8.5,290.0,145.0,-145.0,0,0,0,0,0,7,7,2,3.5,10.0,119.5,FAIL,PTO_NOMINAL_LT_13;PTO_RESIDUAL_LT_8
S2-COARSE-T6-BP-00.5-OP04.0,STAGE_2_INNER_SUPPORT_AND_FASTENERS,COARSE_BELT_0.50_OUTER_1.00_MM,-0.5,0.0,METAL_PLATE_6MM_CANDIDATE,6.0,0.0,4.0,REVERSED_AWAY_FROM_BELT,STANDARD_REVERSED,12.0,7.0,15.5,10.5,10.5,19.0,6.0,8.5,290.0,145.0,-145.0,0,0,0,0,0,7,7,2,4.5,10.0,116.5,FAIL,PTO_NOMINAL_LT_13;PTO_RESIDUAL_LT_8
S2-COARSE-T6-BP-00.5-OP05.0,STAGE_2_INNER_SUPPORT_AND_FASTENERS,COARSE_BELT_0.50_OUTER_1.00_MM,-0.5,0.0,METAL_PLATE_6MM_CANDIDATE,6.0,0.0,5.0,REVERSED_AWAY_FROM_BELT,STANDARD_REVERSED,12.0,7.0,15.5,10.5,10.5,19.0,6.0,8.5,290.0,145.0,-145.0,0,0,0,0,0,7,7,2,5.5,10.0,113.5,FAIL,PTO_NOMINAL_LT_13;PTO_RESIDUAL_LT_8
S2-COARSE-T6-BP-00.5-OP06.0,STAGE_2_INNER_SUPPORT_AND_FASTENERS,COARSE_BELT_0.50_OUTER_1.00_MM,-0.5,0.0,METAL_PLATE_6MM_CANDIDATE,6.0,0.0,6.0,REVERSED_AWAY_FROM_BELT,STANDARD_REVERSED,12.0,7.0,15.5,10.5,10.5,19.0,6.0,8.5,290.0,145.0,-145.0,0,0,0,0,0,7,7,2,6.5,10.0,110.5,FAIL,PTO_NOMINAL_LT_13;PTO_RESIDUAL_LT_8
S2-COARSE-T6-BP-00.5-OP07.0,STAGE_2_INNER_SUPPORT_AND_FASTENERS,COARSE_BELT_0.50_OUTER_1.00_MM,-0.5,0.0,METAL_PLATE_6MM_CANDIDATE,6.0,0.0,7.0,REVERSED_AWAY_FROM_BELT,STANDARD_REVERSED,12.0,7.0,15.5,10.5,10.5,19.0,6.0,8.5,290.0,145.0,-145.0,0,0,0,0,0,7,7,2,7.5,10.0,107.5,FAIL,PTO_NOMINAL_LT_13;PTO_RESIDUAL_LT_8
S2-COARSE-T6-BP-00.5-OP08.0,STAGE_2_INNER_SUPPORT_AND_FASTENERS,COARSE_BELT_0.50_OUTER_1.00_MM,-0.5,0.0,METAL_PLATE_6MM_CANDIDATE,6.0,0.0,8.0,REVERSED_AWAY_FROM_BELT,STANDARD_REVERSED,12.0,7.0,15.5,10.5,10.5,19.0,6.0,8.5,290.0,145.0,-145.0,0,0,0,0,0,7,7,2,8.5,10.0,104.5,FAIL,PTO_NOMINAL_LT_13;PTO_RESIDUAL_LT_8
S2-COARSE-T6-BP-00.5-OP09.0,STAGE_2_INNER_SUPPORT_AND_FASTENERS,COARSE_BELT_0.50_OUTER_1.00_MM,-0.5,0.0,METAL_PLATE_6MM_CANDIDATE,6.0,0.0,9.0,REVERSED_AWAY_FROM_BELT,STANDARD_REVERSED,12.0,7.0,15.5,10.5,10.5,19.0,6.0,8.5,290.0,145.0,-145.0,0,0,0,0,0,7,7,2,9.5,10.0,101.5,FAIL,PTO_NOMINAL_LT_13;PTO_RESIDUAL_LT_8
S2-COARSE-T6-BP-00.5-OP10.0,STAGE_2_INNER_SUPPORT_AND_FASTENERS,COARSE_BELT_0.50_OUTER_1.00_MM,-0.5,0.0,METAL_PLATE_6MM_CANDIDATE,6.0,0.0,10.0,REVERSED_AWAY_FROM_BELT,STANDARD_REVERSED,12.0,7.0,15.5,10.5,10.5,19.0,6.0,8.5,290.0,145.0,-145.0,0,0,0,0,0,7,7,2,10.5,10.0,98.5,FAIL,PTO_NOMINAL_LT_13;PTO_RESIDUAL_LT_8
S2-COARSE-T6-BP+00.0-OP00.0,STAGE_2_INNER_SUPPORT_AND_FASTENERS,COARSE_BELT_0.50_OUTER_1.00_MM,0.0,0.0,METAL_PLATE_6MM_CANDIDATE,6.0,0.0,0.0,REVERSED_AWAY_FROM_BELT,STANDARD_REVERSED,11.5,6.5,15.5,10.5,11.0,19.5,6.0,8.5,290.0,145.0,-145.0,0,0,0,0,0,7,7,2,0.0,10.0,120.0,FAIL,PTO_NOMINAL_LT_13;PTO_RESIDUAL_LT_8
S2-COARSE-T6-BP+00.0-OP01.0,STAGE_2_INNER_SUPPORT_AND_FASTENERS,COARSE_BELT_0.50_OUTER_1.00_MM,0.0,0.0,METAL_PLATE_6MM_CANDIDATE,6.0,0.0,1.0,REVERSED_AWAY_FROM_BELT,STANDARD_REVERSED,12.5,7.5,15.5,10.5,11.0,19.5,6.0,8.5,290.0,145.0,-145.0,0,0,0,0,0,7,7,2,1.0,10.0,137.0,FAIL,PTO_NOMINAL_LT_13;PTO_RESIDUAL_LT_8
S2-COARSE-T6-BP+00.0-OP02.0,STAGE_2_INNER_SUPPORT_AND_FASTENERS,COARSE_BELT_0.50_OUTER_1.00_MM,0.0,0.0,METAL_PLATE_6MM_CANDIDATE,6.0,0.0,2.0,REVERSED_AWAY_FROM_BELT,STANDARD_REVERSED,12.5,7.5,15.5,10.5,11.0,19.5,6.0,8.5,290.0,145.0,-145.0,0,0,0,0,0,7,7,2,2.0,10.0,134.0,FAIL,PTO_NOMINAL_LT_13;PTO_RESIDUAL_LT_8
S2-COARSE-T6-BP+00.0-OP03.0,STAGE_2_INNER_SUPPORT_AND_FASTENERS,COARSE_BELT_0.50_OUTER_1.00_MM,0.0,0.0,METAL_PLATE_6MM_CANDIDATE,6.0,0.0,3.0,REVERSED_AWAY_FROM_BELT,STANDARD_REVERSED,12.5,7.5,15.5,10.5,11.0,19.5,6.0,8.5,290.0,145.0,-145.0,0,0,0,0,0,7,7,2,3.0,10.0,131.0,FAIL,PTO_NOMINAL_LT_13;PTO_RESIDUAL_LT_8
S2-COARSE-T6-BP+00.0-OP04.0,STAGE_2_INNER_SUPPORT_AND_FASTENERS,COARSE_BELT_0.50_OUTER_1.00_MM,0.0,0.0,METAL_PLATE_6MM_CANDIDATE,6.0,0.0,4.0,REVERSED_AWAY_FROM_BELT,STANDARD_REVERSED,12.5,7.5,15.5,10.5,11.0,19.5,6.0,8.5,290.0,145.0,-145.0,0,0,0,0,0,7,7,2,4.0,10.0,128.0,FAIL,PTO_NOMINAL_LT_13;PTO_RESIDUAL_LT_8
S2-COARSE-T6-BP+00.0-OP05.0,STAGE_2_INNER_SUPPORT_AND_FASTENERS,COARSE_BELT_0.50_OUTER_1.00_MM,0.0,0.0,METAL_PLATE_6MM_CANDIDATE,6.0,0.0,5.0,REVERSED_AWAY_FROM_BELT,STANDARD_REVERSED,12.5,7.5,15.5,10.5,11.0,19.5,6.0,8.5,290.0,145.0,-145.0,0,0,0,0,0,7,7,2,5.0,10.0,125.0,FAIL,PTO_NOMINAL_LT_13;PTO_RESIDUAL_LT_8
S2-COARSE-T6-BP+00.0-OP06.0,STAGE_2_INNER_SUPPORT_AND_FASTENERS,COARSE_BELT_0.50_OUTER_1.00_MM,0.0,0.0,METAL_PLATE_6MM_CANDIDATE,6.0,0.0,6.0,REVERSED_AWAY_FROM_BELT,STANDARD_REVERSED,12.5,7.5,15.5,10.5,11.0,19.5,6.0,8.5,290.0,145.0,-145.0,0,0,0,0,0,7,7,2,6.0,10.0,122.0,FAIL,PTO_NOMINAL_LT_13;PTO_RESIDUAL_LT_8
S2-COARSE-T6-BP+00.0-OP07.0,STAGE_2_INNER_SUPPORT_AND_FASTENERS,COARSE_BELT_0.50_OUTER_1.00_MM,0.0,0.0,METAL_PLATE_6MM_CANDIDATE,6.0,0.0,7.0,REVERSED_AWAY_FROM_BELT,STANDARD_REVERSED,12.5,7.5,15.5,10.5,11.0,19.5,6.0,8.5,290.0,145.0,-145.0,0,0,0,0,0,7,7,2,7.0,10.0,119.0,FAIL,PTO_NOMINAL_LT_13;PTO_RESIDUAL_LT_8
S2-COARSE-T6-BP+00.0-OP08.0,STAGE_2_INNER_SUPPORT_AND_FASTENERS,COARSE_BELT_0.50_OUTER_1.00_MM,0.0,0.0,METAL_PLATE_6MM_CANDIDATE,6.0,0.0,8.0,REVERSED_AWAY_FROM_BELT,STANDARD_REVERSED,12.5,7.5,15.5,10.5,11.0,19.5,6.0,8.5,290.0,145.0,-145.0,0,0,0,0,0,7,7,2,8.0,10.0,116.0,FAIL,PTO_NOMINAL_LT_13;PTO_RESIDUAL_LT_8
S2-COARSE-T6-BP+00.0-OP09.0,STAGE_2_INNER_SUPPORT_AND_FASTENERS,COARSE_BELT_0.50_OUTER_1.00_MM,0.0,0.0,METAL_PLATE_6MM_CANDIDATE,6.0,0.0,9.0,REVERSED_AWAY_FROM_BELT,STANDARD_REVERSED,12.5,7.5,15.5,10.5,11.0,19.5,6.0,8.5,290.0,145.0,-145.0,0,0,0,0,0,7,7,2,9.0,10.0,113.0,FAIL,PTO_NOMINAL_LT_13;PTO_RESIDUAL_LT_8
S2-COARSE-T6-BP+00.0-OP10.0,STAGE_2_INNER_SUPPORT_AND_FASTENERS,COARSE_BELT_0.50_OUTER_1.00_MM,0.0,0.0,METAL_PLATE_6MM_CANDIDATE,6.0,0.0,10.0,REVERSED_AWAY_FROM_BELT,STANDARD_REVERSED,12.5,7.5,15.5,10.5,11.0,19.5,6.0,8.5,290.0,145.0,-145.0,0,0,0,0,0,7,7,2,10.0,10.0,110.0,FAIL,PTO_NOMINAL_LT_13;PTO_RESIDUAL_LT_8
S2-COARSE-T6-BP+00.5-OP00.0,STAGE_2_INNER_SUPPORT_AND_FASTENERS,COARSE_BELT_0.50_OUTER_1.00_MM,0.5,0.0,METAL_PLATE_6MM_CANDIDATE,6.0,0.0,0.0,REVERSED_AWAY_FROM_BELT,STANDARD_REVERSED,11.0,6.0,15.5,10.5,11.5,20.0,6.0,8.5,290.0,145.0,-145.0,0,0,0,0,0,7,7,2,0.5,10.0,108.5,FAIL,PTO_NOMINAL_LT_13;PTO_RESIDUAL_LT_8
S2-COARSE-T6-BP+00.5-OP01.0,STAGE_2_INNER_SUPPORT_AND_FASTENERS,COARSE_BELT_0.50_OUTER_1.00_MM,0.5,0.0,METAL_PLATE_6MM_CANDIDATE,6.0,0.0,1.0,REVERSED_AWAY_FROM_BELT,STANDARD_REVERSED,12.0,7.0,15.5,10.5,11.5,20.0,6.0,8.5,290.0,145.0,-145.0,0,0,0,0,0,7,7,2,1.5,10.0,125.5,FAIL,PTO_NOMINAL_LT_13;PTO_RESIDUAL_LT_8
S2-COARSE-T6-BP+00.5-OP02.0,STAGE_2_INNER_SUPPORT_AND_FASTENERS,COARSE_BELT_0.50_OUTER_1.00_MM,0.5,0.0,METAL_PLATE_6MM_CANDIDATE,6.0,0.0,2.0,REVERSED_AWAY_FROM_BELT,STANDARD_REVERSED,13.0,8.0,15.5,10.5,11.5,20.0,6.0,8.5,290.0,145.0,-145.0,0,0,0,0,0,7,7,2,2.5,10.0,1142.5,CONDITIONAL_PASS,
S2-COARSE-T6-BP+00.5-OP03.0,STAGE_2_INNER_SUPPORT_AND_FASTENERS,COARSE_BELT_0.50_OUTER_1.00_MM,0.5,0.0,METAL_PLATE_6MM_CANDIDATE,6.0,0.0,3.0,REVERSED_AWAY_FROM_BELT,STANDARD_REVERSED,13.0,8.0,15.5,10.5,11.5,20.0,6.0,8.5,290.0,145.0,-145.0,0,0,0,0,0,7,7,2,3.5,10.0,1139.5,CONDITIONAL_PASS,
S2-COARSE-T6-BP+00.5-OP04.0,STAGE_2_INNER_SUPPORT_AND_FASTENERS,COARSE_BELT_0.50_OUTER_1.00_MM,0.5,0.0,METAL_PLATE_6MM_CANDIDATE,6.0,0.0,4.0,REVERSED_AWAY_FROM_BELT,STANDARD_REVERSED,13.0,8.0,15.5,10.5,11.5,20.0,6.0,8.5,290.0,145.0,-145.0,0,0,0,0,0,7,7,2,4.5,10.0,1136.5,CONDITIONAL_PASS,
S2-COARSE-T6-BP+00.5-OP05.0,STAGE_2_INNER_SUPPORT_AND_FASTENERS,COARSE_BELT_0.50_OUTER_1.00_MM,0.5,0.0,METAL_PLATE_6MM_CANDIDATE,6.0,0.0,5.0,REVERSED_AWAY_FROM_BELT,STANDARD_REVERSED,13.0,8.0,15.5,10.5,11.5,20.0,6.0,8.5,290.0,145.0,-145.0,0,0,0,0,0,7,7,2,5.5,10.0,1133.5,CONDITIONAL_PASS,
S2-COARSE-T6-BP+00.5-OP06.0,STAGE_2_INNER_SUPPORT_AND_FASTENERS,COARSE_BELT_0.50_OUTER_1.00_MM,0.5,0.0,METAL_PLATE_6MM_CANDIDATE,6.0,0.0,6.0,REVERSED_AWAY_FROM_BELT,STANDARD_REVERSED,13.0,8.0,15.5,10.5,11.5,20.0,6.0,8.5,290.0,145.0,-145.0,0,0,0,0,0,7,7,2,6.5,10.0,1130.5,CONDITIONAL_PASS,
S2-COARSE-T6-BP+00.5-OP07.0,STAGE_2_INNER_SUPPORT_AND_FASTENERS,COARSE_BELT_0.50_OUTER_1.00_MM,0.5,0.0,METAL_PLATE_6MM_CANDIDATE,6.0,0.0,7.0,REVERSED_AWAY_FROM_BELT,STANDARD_REVERSED,13.0,8.0,15.5,10.5,11.5,20.0,6.0,8.5,290.0,145.0,-145.0,0,0,0,0,0,7,7,2,7.5,10.0,1127.5,CONDITIONAL_PASS,
S2-COARSE-T6-BP+00.5-OP08.0,STAGE_2_INNER_SUPPORT_AND_FASTENERS,COARSE_BELT_0.50_OUTER_1.00_MM,0.5,0.0,METAL_PLATE_6MM_CANDIDATE,6.0,0.0,8.0,REVERSED_AWAY_FROM_BELT,STANDARD_REVERSED,13.0,8.0,15.5,10.5,11.5,20.0,6.0,8.5,290.0,145.0,-145.0,0,0,0,0,0,7,7,2,8.5,10.0,1124.5,CONDITIONAL_PASS,
S2-COARSE-T6-BP+00.5-OP09.0,STAGE_2_INNER_SUPPORT_AND_FASTENERS,COARSE_BELT_0.50_OUTER_1.00_MM,0.5,0.0,METAL_PLATE_6MM_CANDIDATE,6.0,0.0,9.0,REVERSED_AWAY_FROM_BELT,STANDARD_REVERSED,13.0,8.0,15.5,10.5,11.5,20.0,6.0,8.5,290.0,145.0,-145.0,0,0,0,0,0,7,7,2,9.5,10.0,1121.5,CONDITIONAL_PASS,
S2-COARSE-T6-BP+00.5-OP10.0,STAGE_2_INNER_SUPPORT_AND_FASTENERS,COARSE_BELT_0.50_OUTER_1.00_MM,0.5,0.0,METAL_PLATE_6MM_CANDIDATE,6.0,0.0,10.0,REVERSED_AWAY_FROM_BELT,STANDARD_REVERSED,13.0,8.0,15.5,10.5,11.5,20.0,6.0,8.5,290.0,145.0,-145.0,0,0,0,0,0,7,7,2,10.5,10.0,1118.5,CONDITIONAL_PASS,
S2-COARSE-T6-BP+01.0-OP00.0,STAGE_2_INNER_SUPPORT_AND_FASTENERS,COARSE_BELT_0.50_OUTER_1.00_MM,1.0,0.0,METAL_PLATE_6MM_CANDIDATE,6.0,0.0,0.0,REVERSED_AWAY_FROM_BELT,STANDARD_REVERSED,10.5,5.5,15.5,10.5,12.0,20.5,6.0,8.5,290.0,145.0,-145.0,0,0,0,0,0,7,7,2,1.0,10.0,97.0,FAIL,PTO_NOMINAL_LT_13;PTO_RESIDUAL_LT_8
S2-COARSE-T6-BP+01.0-OP01.0,STAGE_2_INNER_SUPPORT_AND_FASTENERS,COARSE_BELT_0.50_OUTER_1.00_MM,1.0,0.0,METAL_PLATE_6MM_CANDIDATE,6.0,0.0,1.0,REVERSED_AWAY_FROM_BELT,STANDARD_REVERSED,11.5,6.5,15.5,10.5,12.0,20.5,6.0,8.5,290.0,145.0,-145.0,0,0,0,0,0,7,7,2,2.0,10.0,114.0,FAIL,PTO_NOMINAL_LT_13;PTO_RESIDUAL_LT_8
S2-COARSE-T6-BP+01.0-OP02.0,STAGE_2_INNER_SUPPORT_AND_FASTENERS,COARSE_BELT_0.50_OUTER_1.00_MM,1.0,0.0,METAL_PLATE_6MM_CANDIDATE,6.0,0.0,2.0,REVERSED_AWAY_FROM_BELT,STANDARD_REVERSED,12.5,7.5,15.5,10.5,12.0,20.5,6.0,8.5,290.0,145.0,-145.0,0,0,0,0,0,7,7,2,3.0,10.0,131.0,FAIL,PTO_NOMINAL_LT_13;PTO_RESIDUAL_LT_8
S2-COARSE-T6-BP+01.0-OP03.0,STAGE_2_INNER_SUPPORT_AND_FASTENERS,COARSE_BELT_0.50_OUTER_1.00_MM,1.0,0.0,METAL_PLATE_6MM_CANDIDATE,6.0,0.0,3.0,REVERSED_AWAY_FROM_BELT,STANDARD_REVERSED,13.5,8.5,15.5,10.5,12.0,20.5,6.0,8.5,290.0,145.0,-145.0,0,0,0,0,0,7,7,2,4.0,10.0,1148.0,CONDITIONAL_PASS,
S2-COARSE-T6-BP+01.0-OP04.0,STAGE_2_INNER_SUPPORT_AND_FASTENERS,COARSE_BELT_0.50_OUTER_1.00_MM,1.0,0.0,METAL_PLATE_6MM_CANDIDATE,6.0,0.0,4.0,REVERSED_AWAY_FROM_BELT,STANDARD_REVERSED,13.5,8.5,15.5,10.5,12.0,20.5,6.0,8.5,290.0,145.0,-145.0,0,0,0,0,0,7,7,2,5.0,10.0,1145.0,CONDITIONAL_PASS,
S2-COARSE-T6-BP+01.0-OP05.0,STAGE_2_INNER_SUPPORT_AND_FASTENERS,COARSE_BELT_0.50_OUTER_1.00_MM,1.0,0.0,METAL_PLATE_6MM_CANDIDATE,6.0,0.0,5.0,REVERSED_AWAY_FROM_BELT,STANDARD_REVERSED,13.5,8.5,15.5,10.5,12.0,20.5,6.0,8.5,290.0,145.0,-145.0,0,0,0,0,0,7,7,2,6.0,10.0,1142.0,CONDITIONAL_PASS,
S2-COARSE-T6-BP+01.0-OP06.0,STAGE_2_INNER_SUPPORT_AND_FASTENERS,COARSE_BELT_0.50_OUTER_1.00_MM,1.0,0.0,METAL_PLATE_6MM_CANDIDATE,6.0,0.0,6.0,REVERSED_AWAY_FROM_BELT,STANDARD_REVERSED,13.5,8.5,15.5,10.5,12.0,20.5,6.0,8.5,290.0,145.0,-145.0,0,0,0,0,0,7,7,2,7.0,10.0,1139.0,CONDITIONAL_PASS,
S2-COARSE-T6-BP+01.0-OP07.0,STAGE_2_INNER_SUPPORT_AND_FASTENERS,COARSE_BELT_0.50_OUTER_1.00_MM,1.0,0.0,METAL_PLATE_6MM_CANDIDATE,6.0,0.0,7.0,REVERSED_AWAY_FROM_BELT,STANDARD_REVERSED,13.5,8.5,15.5,10.5,12.0,20.5,6.0,8.5,290.0,145.0,-145.0,0,0,0,0,0,7,7,2,8.0,10.0,1136.0,CONDITIONAL_PASS,
S2-COARSE-T6-BP+01.0-OP08.0,STAGE_2_INNER_SUPPORT_AND_FASTENERS,COARSE_BELT_0.50_OUTER_1.00_MM,1.0,0.0,METAL_PLATE_6MM_CANDIDATE,6.0,0.0,8.0,REVERSED_AWAY_FROM_BELT,STANDARD_REVERSED,13.5,8.5,15.5,10.5,12.0,20.5,6.0,8.5,290.0,145.0,-145.0,0,0,0,0,0,7,7,2,9.0,10.0,1133.0,CONDITIONAL_PASS,
S2-COARSE-T6-BP+01.0-OP09.0,STAGE_2_INNER_SUPPORT_AND_FASTENERS,COARSE_BELT_0.50_OUTER_1.00_MM,1.0,0.0,METAL_PLATE_6MM_CANDIDATE,6.0,0.0,9.0,REVERSED_AWAY_FROM_BELT,STANDARD_REVERSED,13.5,8.5,15.5,10.5,12.0,20.5,6.0,8.5,290.0,145.0,-145.0,0,0,0,0,0,7,7,2,10.0,10.0,1130.0,CONDITIONAL_PASS,
S2-COARSE-T6-BP+01.0-OP10.0,STAGE_2_INNER_SUPPORT_AND_FASTENERS,COARSE_BELT_0.50_OUTER_1.00_MM,1.0,0.0,METAL_PLATE_6MM_CANDIDATE,6.0,0.0,10.0,REVERSED_AWAY_FROM_BELT,STANDARD_REVERSED,13.5,8.5,15.5,10.5,12.0,20.5,6.0,8.5,290.0,145.0,-145.0,0,0,0,0,0,7,7,2,11.0,10.0,1127.0,CONDITIONAL_PASS,
S2-COARSE-T6-BP+01.5-OP00.0,STAGE_2_INNER_SUPPORT_AND_FASTENERS,COARSE_BELT_0.50_OUTER_1.00_MM,1.5,0.0,METAL_PLATE_6MM_CANDIDATE,6.0,0.0,0.0,REVERSED_AWAY_FROM_BELT,STANDARD_REVERSED,10.0,5.0,15.5,10.5,12.5,21.0,6.0,8.5,290.0,145.0,-145.0,0,0,0,0,0,7,7,2,1.5,10.0,85.5,FAIL,PTO_NOMINAL_LT_13;PTO_RESIDUAL_LT_8
S2-COARSE-T6-BP+01.5-OP01.0,STAGE_2_INNER_SUPPORT_AND_FASTENERS,COARSE_BELT_0.50_OUTER_1.00_MM,1.5,0.0,METAL_PLATE_6MM_CANDIDATE,6.0,0.0,1.0,REVERSED_AWAY_FROM_BELT,STANDARD_REVERSED,11.0,6.0,15.5,10.5,12.5,21.0,6.0,8.5,290.0,145.0,-145.0,0,0,0,0,0,7,7,2,2.5,10.0,102.5,FAIL,PTO_NOMINAL_LT_13;PTO_RESIDUAL_LT_8
S2-COARSE-T6-BP+01.5-OP02.0,STAGE_2_INNER_SUPPORT_AND_FASTENERS,COARSE_BELT_0.50_OUTER_1.00_MM,1.5,0.0,METAL_PLATE_6MM_CANDIDATE,6.0,0.0,2.0,REVERSED_AWAY_FROM_BELT,STANDARD_REVERSED,12.0,7.0,15.5,10.5,12.5,21.0,6.0,8.5,290.0,145.0,-145.0,0,0,0,0,0,7,7,2,3.5,10.0,119.5,FAIL,PTO_NOMINAL_LT_13;PTO_RESIDUAL_LT_8
S2-COARSE-T6-BP+01.5-OP03.0,STAGE_2_INNER_SUPPORT_AND_FASTENERS,COARSE_BELT_0.50_OUTER_1.00_MM,1.5,0.0,METAL_PLATE_6MM_CANDIDATE,6.0,0.0,3.0,REVERSED_AWAY_FROM_BELT,STANDARD_REVERSED,13.0,8.0,15.5,10.5,12.5,21.0,6.0,8.5,290.0,145.0,-145.0,0,0,0,0,0,7,7,2,4.5,10.0,1136.5,CONDITIONAL_PASS,
S2-COARSE-T6-BP+01.5-OP04.0,STAGE_2_INNER_SUPPORT_AND_FASTENERS,COARSE_BELT_0.50_OUTER_1.00_MM,1.5,0.0,METAL_PLATE_6MM_CANDIDATE,6.0,0.0,4.0,REVERSED_AWAY_FROM_BELT,STANDARD_REVERSED,14.0,9.0,15.5,10.5,12.5,21.0,6.0,8.5,290.0,145.0,-145.0,0,0,0,0,0,7,7,2,5.5,10.0,1153.5,CONDITIONAL_PASS,
S2-COARSE-T6-BP+01.5-OP05.0,STAGE_2_INNER_SUPPORT_AND_FASTENERS,COARSE_BELT_0.50_OUTER_1.00_MM,1.5,0.0,METAL_PLATE_6MM_CANDIDATE,6.0,0.0,5.0,REVERSED_AWAY_FROM_BELT,STANDARD_REVERSED,14.0,9.0,15.5,10.5,12.5,21.0,6.0,8.5,290.0,145.0,-145.0,0,0,0,0,0,7,7,2,6.5,10.0,1150.5,CONDITIONAL_PASS,
S2-COARSE-T6-BP+01.5-OP06.0,STAGE_2_INNER_SUPPORT_AND_FASTENERS,COARSE_BELT_0.50_OUTER_1.00_MM,1.5,0.0,METAL_PLATE_6MM_CANDIDATE,6.0,0.0,6.0,REVERSED_AWAY_FROM_BELT,STANDARD_REVERSED,14.0,9.0,15.5,10.5,12.5,21.0,6.0,8.5,290.0,145.0,-145.0,0,0,0,0,0,7,7,2,7.5,10.0,1147.5,CONDITIONAL_PASS,
S2-COARSE-T6-BP+01.5-OP07.0,STAGE_2_INNER_SUPPORT_AND_FASTENERS,COARSE_BELT_0.50_OUTER_1.00_MM,1.5,0.0,METAL_PLATE_6MM_CANDIDATE,6.0,0.0,7.0,REVERSED_AWAY_FROM_BELT,STANDARD_REVERSED,14.0,9.0,15.5,10.5,12.5,21.0,6.0,8.5,290.0,145.0,-145.0,0,0,0,0,0,7,7,2,8.5,10.0,1144.5,CONDITIONAL_PASS,
S2-COARSE-T6-BP+01.5-OP08.0,STAGE_2_INNER_SUPPORT_AND_FASTENERS,COARSE_BELT_0.50_OUTER_1.00_MM,1.5,0.0,METAL_PLATE_6MM_CANDIDATE,6.0,0.0,8.0,REVERSED_AWAY_FROM_BELT,STANDARD_REVERSED,14.0,9.0,15.5,10.5,12.5,21.0,6.0,8.5,290.0,145.0,-145.0,0,0,0,0,0,7,7,2,9.5,10.0,1141.5,CONDITIONAL_PASS,
S2-COARSE-T6-BP+01.5-OP09.0,STAGE_2_INNER_SUPPORT_AND_FASTENERS,COARSE_BELT_0.50_OUTER_1.00_MM,1.5,0.0,METAL_PLATE_6MM_CANDIDATE,6.0,0.0,9.0,REVERSED_AWAY_FROM_BELT,STANDARD_REVERSED,14.0,9.0,15.5,10.5,12.5,21.0,6.0,8.5,290.0,145.0,-145.0,0,0,0,0,0,7,7,2,10.5,10.0,1138.5,CONDITIONAL_PASS,
S2-COARSE-T6-BP+01.5-OP10.0,STAGE_2_INNER_SUPPORT_AND_FASTENERS,COARSE_BELT_0.50_OUTER_1.00_MM,1.5,0.0,METAL_PLATE_6MM_CANDIDATE,6.0,0.0,10.0,REVERSED_AWAY_FROM_BELT,STANDARD_REVERSED,14.0,9.0,15.5,10.5,12.5,21.0,6.0,8.5,290.0,145.0,-145.0,0,0,0,0,0,7,7,2,11.5,10.0,1135.5,CONDITIONAL_PASS,
S2-COARSE-T6-BP+02.0-OP00.0,STAGE_2_INNER_SUPPORT_AND_FASTENERS,COARSE_BELT_0.50_OUTER_1.00_MM,2.0,0.0,METAL_PLATE_6MM_CANDIDATE,6.0,0.0,0.0,REVERSED_AWAY_FROM_BELT,STANDARD_REVERSED,9.5,4.5,15.5,10.5,13.0,21.5,6.0,8.5,290.0,145.0,-145.0,0,0,0,0,0,7,7,2,2.0,10.0,74.0,FAIL,PTO_NOMINAL_LT_13;PTO_RESIDUAL_LT_8
S2-COARSE-T6-BP+02.0-OP01.0,STAGE_2_INNER_SUPPORT_AND_FASTENERS,COARSE_BELT_0.50_OUTER_1.00_MM,2.0,0.0,METAL_PLATE_6MM_CANDIDATE,6.0,0.0,1.0,REVERSED_AWAY_FROM_BELT,STANDARD_REVERSED,10.5,5.5,15.5,10.5,13.0,21.5,6.0,8.5,290.0,145.0,-145.0,0,0,0,0,0,7,7,2,3.0,10.0,91.0,FAIL,PTO_NOMINAL_LT_13;PTO_RESIDUAL_LT_8
S2-COARSE-T6-BP+02.0-OP02.0,STAGE_2_INNER_SUPPORT_AND_FASTENERS,COARSE_BELT_0.50_OUTER_1.00_MM,2.0,0.0,METAL_PLATE_6MM_CANDIDATE,6.0,0.0,2.0,REVERSED_AWAY_FROM_BELT,STANDARD_REVERSED,11.5,6.5,15.5,10.5,13.0,21.5,6.0,8.5,290.0,145.0,-145.0,0,0,0,0,0,7,7,2,4.0,10.0,108.0,FAIL,PTO_NOMINAL_LT_13;PTO_RESIDUAL_LT_8
S2-COARSE-T6-BP+02.0-OP03.0,STAGE_2_INNER_SUPPORT_AND_FASTENERS,COARSE_BELT_0.50_OUTER_1.00_MM,2.0,0.0,METAL_PLATE_6MM_CANDIDATE,6.0,0.0,3.0,REVERSED_AWAY_FROM_BELT,STANDARD_REVERSED,12.5,7.5,15.5,10.5,13.0,21.5,6.0,8.5,290.0,145.0,-145.0,0,0,0,0,0,7,7,2,5.0,10.0,125.0,FAIL,PTO_NOMINAL_LT_13;PTO_RESIDUAL_LT_8
S2-COARSE-T6-BP+02.0-OP04.0,STAGE_2_INNER_SUPPORT_AND_FASTENERS,COARSE_BELT_0.50_OUTER_1.00_MM,2.0,0.0,METAL_PLATE_6MM_CANDIDATE,6.0,0.0,4.0,REVERSED_AWAY_FROM_BELT,STANDARD_REVERSED,13.5,8.5,15.5,10.5,13.0,21.5,6.0,8.5,290.0,145.0,-145.0,0,0,0,0,0,7,7,2,6.0,10.0,1142.0,CONDITIONAL_PASS,
S2-COARSE-T6-BP+02.0-OP05.0,STAGE_2_INNER_SUPPORT_AND_FASTENERS,COARSE_BELT_0.50_OUTER_1.00_MM,2.0,0.0,METAL_PLATE_6MM_CANDIDATE,6.0,0.0,5.0,REVERSED_AWAY_FROM_BELT,STANDARD_REVERSED,14.5,9.5,15.5,10.5,13.0,21.5,6.0,8.5,290.0,145.0,-145.0,0,0,0,0,0,7,7,2,7.0,10.0,1159.0,CONDITIONAL_PASS,
S2-COARSE-T6-BP+02.0-OP06.0,STAGE_2_INNER_SUPPORT_AND_FASTENERS,COARSE_BELT_0.50_OUTER_1.00_MM,2.0,0.0,METAL_PLATE_6MM_CANDIDATE,6.0,0.0,6.0,REVERSED_AWAY_FROM_BELT,STANDARD_REVERSED,14.5,9.5,15.5,10.5,13.0,21.5,6.0,8.5,290.0,145.0,-145.0,0,0,0,0,0,7,7,2,8.0,10.0,1156.0,CONDITIONAL_PASS,
S2-COARSE-T6-BP+02.0-OP07.0,STAGE_2_INNER_SUPPORT_AND_FASTENERS,COARSE_BELT_0.50_OUTER_1.00_MM,2.0,0.0,METAL_PLATE_6MM_CANDIDATE,6.0,0.0,7.0,REVERSED_AWAY_FROM_BELT,STANDARD_REVERSED,14.5,9.5,15.5,10.5,13.0,21.5,6.0,8.5,290.0,145.0,-145.0,0,0,0,0,0,7,7,2,9.0,10.0,1153.0,CONDITIONAL_PASS,
S2-COARSE-T6-BP+02.0-OP08.0,STAGE_2_INNER_SUPPORT_AND_FASTENERS,COARSE_BELT_0.50_OUTER_1.00_MM,2.0,0.0,METAL_PLATE_6MM_CANDIDATE,6.0,0.0,8.0,REVERSED_AWAY_FROM_BELT,STANDARD_REVERSED,14.5,9.5,15.5,10.5,13.0,21.5,6.0,8.5,290.0,145.0,-145.0,0,0,0,0,0,7,7,2,10.0,10.0,1150.0,CONDITIONAL_PASS,
S2-COARSE-T6-BP+02.0-OP09.0,STAGE_2_INNER_SUPPORT_AND_FASTENERS,COARSE_BELT_0.50_OUTER_1.00_MM,2.0,0.0,METAL_PLATE_6MM_CANDIDATE,6.0,0.0,9.0,REVERSED_AWAY_FROM_BELT,STANDARD_REVERSED,14.5,9.5,15.5,10.5,13.0,21.5,6.0,8.5,290.0,145.0,-145.0,0,0,0,0,0,7,7,2,11.0,10.0,1147.0,CONDITIONAL_PASS,
S2-COARSE-T6-BP+02.0-OP10.0,STAGE_2_INNER_SUPPORT_AND_FASTENERS,COARSE_BELT_0.50_OUTER_1.00_MM,2.0,0.0,METAL_PLATE_6MM_CANDIDATE,6.0,0.0,10.0,REVERSED_AWAY_FROM_BELT,STANDARD_REVERSED,14.5,9.5,15.5,10.5,13.0,21.5,6.0,8.5,290.0,145.0,-145.0,0,0,0,0,0,7,7,2,12.0,10.0,1144.0,CONDITIONAL_PASS,
S2-COARSE-T6-BP+02.5-OP00.0,STAGE_2_INNER_SUPPORT_AND_FASTENERS,COARSE_BELT_0.50_OUTER_1.00_MM,2.5,0.0,METAL_PLATE_6MM_CANDIDATE,6.0,0.0,0.0,REVERSED_AWAY_FROM_BELT,STANDARD_REVERSED,9.0,4.0,15.5,10.5,13.5,22.0,6.0,8.5,290.0,145.0,-145.0,0,0,0,0,0,7,7,2,2.5,10.0,62.5,FAIL,PTO_NOMINAL_LT_13;PTO_RESIDUAL_LT_8
S2-COARSE-T6-BP+02.5-OP01.0,STAGE_2_INNER_SUPPORT_AND_FASTENERS,COARSE_BELT_0.50_OUTER_1.00_MM,2.5,0.0,METAL_PLATE_6MM_CANDIDATE,6.0,0.0,1.0,REVERSED_AWAY_FROM_BELT,STANDARD_REVERSED,10.0,5.0,15.5,10.5,13.5,22.0,6.0,8.5,290.0,145.0,-145.0,0,0,0,0,0,7,7,2,3.5,10.0,79.5,FAIL,PTO_NOMINAL_LT_13;PTO_RESIDUAL_LT_8
S2-COARSE-T6-BP+02.5-OP02.0,STAGE_2_INNER_SUPPORT_AND_FASTENERS,COARSE_BELT_0.50_OUTER_1.00_MM,2.5,0.0,METAL_PLATE_6MM_CANDIDATE,6.0,0.0,2.0,REVERSED_AWAY_FROM_BELT,STANDARD_REVERSED,11.0,6.0,15.5,10.5,13.5,22.0,6.0,8.5,290.0,145.0,-145.0,0,0,0,0,0,7,7,2,4.5,10.0,96.5,FAIL,PTO_NOMINAL_LT_13;PTO_RESIDUAL_LT_8
S2-COARSE-T6-BP+02.5-OP03.0,STAGE_2_INNER_SUPPORT_AND_FASTENERS,COARSE_BELT_0.50_OUTER_1.00_MM,2.5,0.0,METAL_PLATE_6MM_CANDIDATE,6.0,0.0,3.0,REVERSED_AWAY_FROM_BELT,STANDARD_REVERSED,12.0,7.0,15.5,10.5,13.5,22.0,6.0,8.5,290.0,145.0,-145.0,0,0,0,0,0,7,7,2,5.5,10.0,113.5,FAIL,PTO_NOMINAL_LT_13;PTO_RESIDUAL_LT_8
S2-COARSE-T6-BP+02.5-OP04.0,STAGE_2_INNER_SUPPORT_AND_FASTENERS,COARSE_BELT_0.50_OUTER_1.00_MM,2.5,0.0,METAL_PLATE_6MM_CANDIDATE,6.0,0.0,4.0,REVERSED_AWAY_FROM_BELT,STANDARD_REVERSED,13.0,8.0,15.5,10.5,13.5,22.0,6.0,8.5,290.0,145.0,-145.0,0,0,0,0,0,7,7,2,6.5,10.0,1130.5,CONDITIONAL_PASS,
S2-COARSE-T6-BP+02.5-OP05.0,STAGE_2_INNER_SUPPORT_AND_FASTENERS,COARSE_BELT_0.50_OUTER_1.00_MM,2.5,0.0,METAL_PLATE_6MM_CANDIDATE,6.0,0.0,5.0,REVERSED_AWAY_FROM_BELT,STANDARD_REVERSED,14.0,9.0,15.5,10.5,13.5,22.0,6.0,8.5,290.0,145.0,-145.0,0,0,0,0,0,7,7,2,7.5,10.0,1147.5,CONDITIONAL_PASS,
S2-COARSE-T6-BP+02.5-OP06.0,STAGE_2_INNER_SUPPORT_AND_FASTENERS,COARSE_BELT_0.50_OUTER_1.00_MM,2.5,0.0,METAL_PLATE_6MM_CANDIDATE,6.0,0.0,6.0,REVERSED_AWAY_FROM_BELT,STANDARD_REVERSED,15.0,10.0,15.5,10.5,13.5,22.0,6.0,8.5,290.0,145.0,-145.0,0,0,0,0,0,7,7,2,8.5,10.0,1164.5,CONDITIONAL_PASS,
S2-COARSE-T6-BP+02.5-OP07.0,STAGE_2_INNER_SUPPORT_AND_FASTENERS,COARSE_BELT_0.50_OUTER_1.00_MM,2.5,0.0,METAL_PLATE_6MM_CANDIDATE,6.0,0.0,7.0,REVERSED_AWAY_FROM_BELT,STANDARD_REVERSED,15.0,10.0,15.5,10.5,13.5,22.0,6.0,8.5,290.0,145.0,-145.0,0,0,0,0,0,7,7,2,9.5,10.0,1161.5,CONDITIONAL_PASS,
S2-COARSE-T6-BP+02.5-OP08.0,STAGE_2_INNER_SUPPORT_AND_FASTENERS,COARSE_BELT_0.50_OUTER_1.00_MM,2.5,0.0,METAL_PLATE_6MM_CANDIDATE,6.0,0.0,8.0,REVERSED_AWAY_FROM_BELT,STANDARD_REVERSED,15.0,10.0,15.5,10.5,13.5,22.0,6.0,8.5,290.0,145.0,-145.0,0,0,0,0,0,7,7,2,10.5,10.0,1158.5,CONDITIONAL_PASS,
S2-COARSE-T6-BP+02.5-OP09.0,STAGE_2_INNER_SUPPORT_AND_FASTENERS,COARSE_BELT_0.50_OUTER_1.00_MM,2.5,0.0,METAL_PLATE_6MM_CANDIDATE,6.0,0.0,9.0,REVERSED_AWAY_FROM_BELT,STANDARD_REVERSED,15.0,10.0,15.5,10.5,13.5,22.0,6.0,8.5,290.0,145.0,-145.0,0,0,0,0,0,7,7,2,11.5,10.0,1155.5,CONDITIONAL_PASS,
S2-COARSE-T6-BP+02.5-OP10.0,STAGE_2_INNER_SUPPORT_AND_FASTENERS,COARSE_BELT_0.50_OUTER_1.00_MM,2.5,0.0,METAL_PLATE_6MM_CANDIDATE,6.0,0.0,10.0,REVERSED_AWAY_FROM_BELT,STANDARD_REVERSED,15.0,10.0,15.5,10.5,13.5,22.0,6.0,8.5,290.0,145.0,-145.0,0,0,0,0,0,7,7,2,12.5,10.0,1152.5,CONDITIONAL_PASS,
S2-COARSE-T6-BP+03.0-OP00.0,STAGE_2_INNER_SUPPORT_AND_FASTENERS,COARSE_BELT_0.50_OUTER_1.00_MM,3.0,0.0,METAL_PLATE_6MM_CANDIDATE,6.0,0.0,0.0,REVERSED_AWAY_FROM_BELT,STANDARD_REVERSED,8.5,3.5,15.5,10.5,14.0,22.5,6.0,8.5,290.0,145.0,-145.0,0,0,0,0,0,7,7,2,3.0,10.0,51.0,FAIL,PTO_NOMINAL_LT_13;PTO_RESIDUAL_LT_8
S2-COARSE-T6-BP+03.0-OP01.0,STAGE_2_INNER_SUPPORT_AND_FASTENERS,COARSE_BELT_0.50_OUTER_1.00_MM,3.0,0.0,METAL_PLATE_6MM_CANDIDATE,6.0,0.0,1.0,REVERSED_AWAY_FROM_BELT,STANDARD_REVERSED,9.5,4.5,15.5,10.5,14.0,22.5,6.0,8.5,290.0,145.0,-145.0,0,0,0,0,0,7,7,2,4.0,10.0,68.0,FAIL,PTO_NOMINAL_LT_13;PTO_RESIDUAL_LT_8
S2-COARSE-T6-BP+03.0-OP02.0,STAGE_2_INNER_SUPPORT_AND_FASTENERS,COARSE_BELT_0.50_OUTER_1.00_MM,3.0,0.0,METAL_PLATE_6MM_CANDIDATE,6.0,0.0,2.0,REVERSED_AWAY_FROM_BELT,STANDARD_REVERSED,10.5,5.5,15.5,10.5,14.0,22.5,6.0,8.5,290.0,145.0,-145.0,0,0,0,0,0,7,7,2,5.0,10.0,85.0,FAIL,PTO_NOMINAL_LT_13;PTO_RESIDUAL_LT_8
S2-COARSE-T6-BP+03.0-OP03.0,STAGE_2_INNER_SUPPORT_AND_FASTENERS,COARSE_BELT_0.50_OUTER_1.00_MM,3.0,0.0,METAL_PLATE_6MM_CANDIDATE,6.0,0.0,3.0,REVERSED_AWAY_FROM_BELT,STANDARD_REVERSED,11.5,6.5,15.5,10.5,14.0,22.5,6.0,8.5,290.0,145.0,-145.0,0,0,0,0,0,7,7,2,6.0,10.0,102.0,FAIL,PTO_NOMINAL_LT_13;PTO_RESIDUAL_LT_8
S2-COARSE-T6-BP+03.0-OP04.0,STAGE_2_INNER_SUPPORT_AND_FASTENERS,COARSE_BELT_0.50_OUTER_1.00_MM,3.0,0.0,METAL_PLATE_6MM_CANDIDATE,6.0,0.0,4.0,REVERSED_AWAY_FROM_BELT,STANDARD_REVERSED,12.5,7.5,15.5,10.5,14.0,22.5,6.0,8.5,290.0,145.0,-145.0,0,0,0,0,0,7,7,2,7.0,10.0,119.0,FAIL,PTO_NOMINAL_LT_13;PTO_RESIDUAL_LT_8
S2-COARSE-T6-BP+03.0-OP05.0,STAGE_2_INNER_SUPPORT_AND_FASTENERS,COARSE_BELT_0.50_OUTER_1.00_MM,3.0,0.0,METAL_PLATE_6MM_CANDIDATE,6.0,0.0,5.0,REVERSED_AWAY_FROM_BELT,STANDARD_REVERSED,13.5,8.5,15.5,10.5,14.0,22.5,6.0,8.5,290.0,145.0,-145.0,0,0,0,0,0,7,7,2,8.0,10.0,1136.0,CONDITIONAL_PASS,
S2-COARSE-T6-BP+03.0-OP06.0,STAGE_2_INNER_SUPPORT_AND_FASTENERS,COARSE_BELT_0.50_OUTER_1.00_MM,3.0,0.0,METAL_PLATE_6MM_CANDIDATE,6.0,0.0,6.0,REVERSED_AWAY_FROM_BELT,STANDARD_REVERSED,14.5,9.5,15.5,10.5,14.0,22.5,6.0,8.5,290.0,145.0,-145.0,0,0,0,0,0,7,7,2,9.0,10.0,1153.0,CONDITIONAL_PASS,
S2-COARSE-T6-BP+03.0-OP07.0,STAGE_2_INNER_SUPPORT_AND_FASTENERS,COARSE_BELT_0.50_OUTER_1.00_MM,3.0,0.0,METAL_PLATE_6MM_CANDIDATE,6.0,0.0,7.0,REVERSED_AWAY_FROM_BELT,STANDARD_REVERSED,15.5,10.5,15.5,10.5,14.0,22.5,6.0,8.5,290.0,145.0,-145.0,0,0,0,0,0,7,7,2,10.0,10.0,1170.0,CONDITIONAL_PASS,
S2-COARSE-T6-BP+03.0-OP08.0,STAGE_2_INNER_SUPPORT_AND_FASTENERS,COARSE_BELT_0.50_OUTER_1.00_MM,3.0,0.0,METAL_PLATE_6MM_CANDIDATE,6.0,0.0,8.0,REVERSED_AWAY_FROM_BELT,STANDARD_REVERSED,15.5,10.5,15.5,10.5,14.0,22.5,6.0,8.5,290.0,145.0,-145.0,0,0,0,0,0,7,7,2,11.0,10.0,1167.0,CONDITIONAL_PASS,
S2-COARSE-T6-BP+03.0-OP09.0,STAGE_2_INNER_SUPPORT_AND_FASTENERS,COARSE_BELT_0.50_OUTER_1.00_MM,3.0,0.0,METAL_PLATE_6MM_CANDIDATE,6.0,0.0,9.0,REVERSED_AWAY_FROM_BELT,STANDARD_REVERSED,15.5,10.5,15.5,10.5,14.0,22.5,6.0,8.5,290.0,145.0,-145.0,0,0,0,0,0,7,7,2,12.0,10.0,1164.0,CONDITIONAL_PASS,
S2-COARSE-T6-BP+03.0-OP10.0,STAGE_2_INNER_SUPPORT_AND_FASTENERS,COARSE_BELT_0.50_OUTER_1.00_MM,3.0,0.0,METAL_PLATE_6MM_CANDIDATE,6.0,0.0,10.0,REVERSED_AWAY_FROM_BELT,STANDARD_REVERSED,15.5,10.5,15.5,10.5,14.0,22.5,6.0,8.5,290.0,145.0,-145.0,0,0,0,0,0,7,7,2,13.0,10.0,1161.0,CONDITIONAL_PASS,
S2-COARSE-T6-BP+03.5-OP00.0,STAGE_2_INNER_SUPPORT_AND_FASTENERS,COARSE_BELT_0.50_OUTER_1.00_MM,3.5,0.0,METAL_PLATE_6MM_CANDIDATE,6.0,0.0,0.0,REVERSED_AWAY_FROM_BELT,STANDARD_REVERSED,8.0,3.0,15.5,10.5,13.5,23.0,6.0,8.5,290.0,145.0,-145.0,0,0,0,0,0,7,7,2,3.5,10.0,39.5,FAIL,PTO_NOMINAL_LT_13;PTO_RESIDUAL_LT_8
S2-COARSE-T6-BP+03.5-OP01.0,STAGE_2_INNER_SUPPORT_AND_FASTENERS,COARSE_BELT_0.50_OUTER_1.00_MM,3.5,0.0,METAL_PLATE_6MM_CANDIDATE,6.0,0.0,1.0,REVERSED_AWAY_FROM_BELT,STANDARD_REVERSED,9.0,4.0,15.5,10.5,14.5,23.0,6.0,8.5,290.0,145.0,-145.0,0,0,0,0,0,7,7,2,4.5,10.0,56.5,FAIL,PTO_NOMINAL_LT_13;PTO_RESIDUAL_LT_8
S2-COARSE-T6-BP+03.5-OP02.0,STAGE_2_INNER_SUPPORT_AND_FASTENERS,COARSE_BELT_0.50_OUTER_1.00_MM,3.5,0.0,METAL_PLATE_6MM_CANDIDATE,6.0,0.0,2.0,REVERSED_AWAY_FROM_BELT,STANDARD_REVERSED,10.0,5.0,15.5,10.5,14.5,23.0,6.0,8.5,290.0,145.0,-145.0,0,0,0,0,0,7,7,2,5.5,10.0,73.5,FAIL,PTO_NOMINAL_LT_13;PTO_RESIDUAL_LT_8
S2-COARSE-T6-BP+03.5-OP03.0,STAGE_2_INNER_SUPPORT_AND_FASTENERS,COARSE_BELT_0.50_OUTER_1.00_MM,3.5,0.0,METAL_PLATE_6MM_CANDIDATE,6.0,0.0,3.0,REVERSED_AWAY_FROM_BELT,STANDARD_REVERSED,11.0,6.0,15.5,10.5,14.5,23.0,6.0,8.5,290.0,145.0,-145.0,0,0,0,0,0,7,7,2,6.5,10.0,90.5,FAIL,PTO_NOMINAL_LT_13;PTO_RESIDUAL_LT_8
S2-COARSE-T6-BP+03.5-OP04.0,STAGE_2_INNER_SUPPORT_AND_FASTENERS,COARSE_BELT_0.50_OUTER_1.00_MM,3.5,0.0,METAL_PLATE_6MM_CANDIDATE,6.0,0.0,4.0,REVERSED_AWAY_FROM_BELT,STANDARD_REVERSED,12.0,7.0,15.5,10.5,14.5,23.0,6.0,8.5,290.0,145.0,-145.0,0,0,0,0,0,7,7,2,7.5,10.0,107.5,FAIL,PTO_NOMINAL_LT_13;PTO_RESIDUAL_LT_8
S2-COARSE-T6-BP+03.5-OP05.0,STAGE_2_INNER_SUPPORT_AND_FASTENERS,COARSE_BELT_0.50_OUTER_1.00_MM,3.5,0.0,METAL_PLATE_6MM_CANDIDATE,6.0,0.0,5.0,REVERSED_AWAY_FROM_BELT,STANDARD_REVERSED,13.0,8.0,15.5,10.5,14.5,23.0,6.0,8.5,290.0,145.0,-145.0,0,0,0,0,0,7,7,2,8.5,10.0,1124.5,CONDITIONAL_PASS,
S2-COARSE-T6-BP+03.5-OP06.0,STAGE_2_INNER_SUPPORT_AND_FASTENERS,COARSE_BELT_0.50_OUTER_1.00_MM,3.5,0.0,METAL_PLATE_6MM_CANDIDATE,6.0,0.0,6.0,REVERSED_AWAY_FROM_BELT,STANDARD_REVERSED,14.0,9.0,15.5,10.5,14.5,23.0,6.0,8.5,290.0,145.0,-145.0,0,0,0,0,0,7,7,2,9.5,10.0,1141.5,CONDITIONAL_PASS,
S2-COARSE-T6-BP+03.5-OP07.0,STAGE_2_INNER_SUPPORT_AND_FASTENERS,COARSE_BELT_0.50_OUTER_1.00_MM,3.5,0.0,METAL_PLATE_6MM_CANDIDATE,6.0,0.0,7.0,REVERSED_AWAY_FROM_BELT,STANDARD_REVERSED,15.0,10.0,15.5,10.5,14.5,23.0,6.0,8.5,290.0,145.0,-145.0,0,0,0,0,0,7,7,2,10.5,10.0,1158.5,CONDITIONAL_PASS,
S2-COARSE-T6-BP+03.5-OP08.0,STAGE_2_INNER_SUPPORT_AND_FASTENERS,COARSE_BELT_0.50_OUTER_1.00_MM,3.5,0.0,METAL_PLATE_6MM_CANDIDATE,6.0,0.0,8.0,REVERSED_AWAY_FROM_BELT,STANDARD_REVERSED,16.0,11.0,15.5,10.5,14.5,23.0,6.0,8.5,290.0,145.0,-145.0,0,0,0,0,0,7,7,2,11.5,10.0,1165.5,CONDITIONAL_PASS,
S2-COARSE-T6-BP+03.5-OP09.0,STAGE_2_INNER_SUPPORT_AND_FASTENERS,COARSE_BELT_0.50_OUTER_1.00_MM,3.5,0.0,METAL_PLATE_6MM_CANDIDATE,6.0,0.0,9.0,REVERSED_AWAY_FROM_BELT,STANDARD_REVERSED,16.0,11.0,15.5,10.5,14.5,23.0,6.0,8.5,290.0,145.0,-145.0,0,0,0,0,0,7,7,2,12.5,10.0,1162.5,CONDITIONAL_PASS,
S2-COARSE-T6-BP+03.5-OP10.0,STAGE_2_INNER_SUPPORT_AND_FASTENERS,COARSE_BELT_0.50_OUTER_1.00_MM,3.5,0.0,METAL_PLATE_6MM_CANDIDATE,6.0,0.0,10.0,REVERSED_AWAY_FROM_BELT,STANDARD_REVERSED,16.0,11.0,15.5,10.5,14.5,23.0,6.0,8.5,290.0,145.0,-145.0,0,0,0,0,0,7,7,2,13.5,10.0,1159.5,CONDITIONAL_PASS,
S2-COARSE-T6-BP+04.0-OP00.0,STAGE_2_INNER_SUPPORT_AND_FASTENERS,COARSE_BELT_0.50_OUTER_1.00_MM,4.0,0.0,METAL_PLATE_6MM_CANDIDATE,6.0,0.0,0.0,REVERSED_AWAY_FROM_BELT,STANDARD_REVERSED,7.5,2.5,15.5,10.5,13.0,23.5,6.0,8.5,290.0,145.0,-145.0,0,0,0,0,0,7,7,2,4.0,10.0,28.0,FAIL,PTO_NOMINAL_LT_13;PTO_RESIDUAL_LT_8
S2-COARSE-T6-BP+04.0-OP01.0,STAGE_2_INNER_SUPPORT_AND_FASTENERS,COARSE_BELT_0.50_OUTER_1.00_MM,4.0,0.0,METAL_PLATE_6MM_CANDIDATE,6.0,0.0,1.0,REVERSED_AWAY_FROM_BELT,STANDARD_REVERSED,8.5,3.5,15.5,10.5,14.0,23.5,6.0,8.5,290.0,145.0,-145.0,0,0,0,0,0,7,7,2,5.0,10.0,45.0,FAIL,PTO_NOMINAL_LT_13;PTO_RESIDUAL_LT_8
S2-COARSE-T6-BP+04.0-OP02.0,STAGE_2_INNER_SUPPORT_AND_FASTENERS,COARSE_BELT_0.50_OUTER_1.00_MM,4.0,0.0,METAL_PLATE_6MM_CANDIDATE,6.0,0.0,2.0,REVERSED_AWAY_FROM_BELT,STANDARD_REVERSED,9.5,4.5,15.5,10.5,15.0,23.5,6.0,8.5,290.0,145.0,-145.0,0,0,0,0,0,7,7,2,6.0,10.0,62.0,FAIL,PTO_NOMINAL_LT_13;PTO_RESIDUAL_LT_8
S2-COARSE-T6-BP+04.0-OP03.0,STAGE_2_INNER_SUPPORT_AND_FASTENERS,COARSE_BELT_0.50_OUTER_1.00_MM,4.0,0.0,METAL_PLATE_6MM_CANDIDATE,6.0,0.0,3.0,REVERSED_AWAY_FROM_BELT,STANDARD_REVERSED,10.5,5.5,15.5,10.5,15.0,23.5,6.0,8.5,290.0,145.0,-145.0,0,0,0,0,0,7,7,2,7.0,10.0,79.0,FAIL,PTO_NOMINAL_LT_13;PTO_RESIDUAL_LT_8
S2-COARSE-T6-BP+04.0-OP04.0,STAGE_2_INNER_SUPPORT_AND_FASTENERS,COARSE_BELT_0.50_OUTER_1.00_MM,4.0,0.0,METAL_PLATE_6MM_CANDIDATE,6.0,0.0,4.0,REVERSED_AWAY_FROM_BELT,STANDARD_REVERSED,11.5,6.5,15.5,10.5,15.0,23.5,6.0,8.5,290.0,145.0,-145.0,0,0,0,0,0,7,7,2,8.0,10.0,96.0,FAIL,PTO_NOMINAL_LT_13;PTO_RESIDUAL_LT_8
S2-COARSE-T6-BP+04.0-OP05.0,STAGE_2_INNER_SUPPORT_AND_FASTENERS,COARSE_BELT_0.50_OUTER_1.00_MM,4.0,0.0,METAL_PLATE_6MM_CANDIDATE,6.0,0.0,5.0,REVERSED_AWAY_FROM_BELT,STANDARD_REVERSED,12.5,7.5,15.5,10.5,15.0,23.5,6.0,8.5,290.0,145.0,-145.0,0,0,0,0,0,7,7,2,9.0,10.0,113.0,FAIL,PTO_NOMINAL_LT_13;PTO_RESIDUAL_LT_8
S2-COARSE-T6-BP+04.0-OP06.0,STAGE_2_INNER_SUPPORT_AND_FASTENERS,COARSE_BELT_0.50_OUTER_1.00_MM,4.0,0.0,METAL_PLATE_6MM_CANDIDATE,6.0,0.0,6.0,REVERSED_AWAY_FROM_BELT,STANDARD_REVERSED,13.5,8.5,15.5,10.5,15.0,23.5,6.0,8.5,290.0,145.0,-145.0,0,0,0,0,0,7,7,2,10.0,10.0,1130.0,CONDITIONAL_PASS,
S2-COARSE-T6-BP+04.0-OP07.0,STAGE_2_INNER_SUPPORT_AND_FASTENERS,COARSE_BELT_0.50_OUTER_1.00_MM,4.0,0.0,METAL_PLATE_6MM_CANDIDATE,6.0,0.0,7.0,REVERSED_AWAY_FROM_BELT,STANDARD_REVERSED,14.5,9.5,15.5,10.5,15.0,23.5,6.0,8.5,290.0,145.0,-145.0,0,0,0,0,0,7,7,2,11.0,10.0,1147.0,CONDITIONAL_PASS,
S2-COARSE-T6-BP+04.0-OP08.0,STAGE_2_INNER_SUPPORT_AND_FASTENERS,COARSE_BELT_0.50_OUTER_1.00_MM,4.0,0.0,METAL_PLATE_6MM_CANDIDATE,6.0,0.0,8.0,REVERSED_AWAY_FROM_BELT,STANDARD_REVERSED,15.5,10.5,15.5,10.5,15.0,23.5,6.0,8.5,290.0,145.0,-145.0,0,0,0,0,0,7,7,2,12.0,10.0,1164.0,CONDITIONAL_PASS,
S2-COARSE-T6-BP+04.0-OP09.0,STAGE_2_INNER_SUPPORT_AND_FASTENERS,COARSE_BELT_0.50_OUTER_1.00_MM,4.0,0.0,METAL_PLATE_6MM_CANDIDATE,6.0,0.0,9.0,REVERSED_AWAY_FROM_BELT,STANDARD_REVERSED,16.5,11.5,15.5,10.5,15.0,23.5,6.0,8.5,290.0,145.0,-145.0,0,0,0,0,0,7,7,2,13.0,10.0,1161.0,CONDITIONAL_PASS,
S2-COARSE-T6-BP+04.0-OP10.0,STAGE_2_INNER_SUPPORT_AND_FASTENERS,COARSE_BELT_0.50_OUTER_1.00_MM,4.0,0.0,METAL_PLATE_6MM_CANDIDATE,6.0,0.0,10.0,REVERSED_AWAY_FROM_BELT,STANDARD_REVERSED,16.5,11.5,15.5,10.5,15.0,23.5,6.0,8.5,290.0,145.0,-145.0,0,0,0,0,0,7,7,2,14.0,10.0,1158.0,CONDITIONAL_PASS,
S2-COARSE-T6-BP+04.5-OP00.0,STAGE_2_INNER_SUPPORT_AND_FASTENERS,COARSE_BELT_0.50_OUTER_1.00_MM,4.5,0.0,METAL_PLATE_6MM_CANDIDATE,6.0,0.0,0.0,REVERSED_AWAY_FROM_BELT,STANDARD_REVERSED,7.0,2.0,15.5,10.5,12.5,24.0,6.0,8.5,290.0,145.0,-145.0,0,0,0,0,0,7,7,2,4.5,10.0,16.5,FAIL,PTO_NOMINAL_LT_13;PTO_RESIDUAL_LT_8
S2-COARSE-T6-BP+04.5-OP01.0,STAGE_2_INNER_SUPPORT_AND_FASTENERS,COARSE_BELT_0.50_OUTER_1.00_MM,4.5,0.0,METAL_PLATE_6MM_CANDIDATE,6.0,0.0,1.0,REVERSED_AWAY_FROM_BELT,STANDARD_REVERSED,8.0,3.0,15.5,10.5,13.5,24.0,6.0,8.5,290.0,145.0,-145.0,0,0,0,0,0,7,7,2,5.5,10.0,33.5,FAIL,PTO_NOMINAL_LT_13;PTO_RESIDUAL_LT_8
S2-COARSE-T6-BP+04.5-OP02.0,STAGE_2_INNER_SUPPORT_AND_FASTENERS,COARSE_BELT_0.50_OUTER_1.00_MM,4.5,0.0,METAL_PLATE_6MM_CANDIDATE,6.0,0.0,2.0,REVERSED_AWAY_FROM_BELT,STANDARD_REVERSED,9.0,4.0,15.5,10.5,14.5,24.0,6.0,8.5,290.0,145.0,-145.0,0,0,0,0,0,7,7,2,6.5,10.0,50.5,FAIL,PTO_NOMINAL_LT_13;PTO_RESIDUAL_LT_8
S2-COARSE-T6-BP+04.5-OP03.0,STAGE_2_INNER_SUPPORT_AND_FASTENERS,COARSE_BELT_0.50_OUTER_1.00_MM,4.5,0.0,METAL_PLATE_6MM_CANDIDATE,6.0,0.0,3.0,REVERSED_AWAY_FROM_BELT,STANDARD_REVERSED,10.0,5.0,15.5,10.5,15.5,24.0,6.0,8.5,290.0,145.0,-145.0,0,0,0,0,0,7,7,2,7.5,10.0,67.5,FAIL,PTO_NOMINAL_LT_13;PTO_RESIDUAL_LT_8
S2-COARSE-T6-BP+04.5-OP04.0,STAGE_2_INNER_SUPPORT_AND_FASTENERS,COARSE_BELT_0.50_OUTER_1.00_MM,4.5,0.0,METAL_PLATE_6MM_CANDIDATE,6.0,0.0,4.0,REVERSED_AWAY_FROM_BELT,STANDARD_REVERSED,11.0,6.0,15.5,10.5,15.5,24.0,6.0,8.5,290.0,145.0,-145.0,0,0,0,0,0,7,7,2,8.5,10.0,84.5,FAIL,PTO_NOMINAL_LT_13;PTO_RESIDUAL_LT_8
S2-COARSE-T6-BP+04.5-OP05.0,STAGE_2_INNER_SUPPORT_AND_FASTENERS,COARSE_BELT_0.50_OUTER_1.00_MM,4.5,0.0,METAL_PLATE_6MM_CANDIDATE,6.0,0.0,5.0,REVERSED_AWAY_FROM_BELT,STANDARD_REVERSED,12.0,7.0,15.5,10.5,15.5,24.0,6.0,8.5,290.0,145.0,-145.0,0,0,0,0,0,7,7,2,9.5,10.0,101.5,FAIL,PTO_NOMINAL_LT_13;PTO_RESIDUAL_LT_8
S2-COARSE-T6-BP+04.5-OP06.0,STAGE_2_INNER_SUPPORT_AND_FASTENERS,COARSE_BELT_0.50_OUTER_1.00_MM,4.5,0.0,METAL_PLATE_6MM_CANDIDATE,6.0,0.0,6.0,REVERSED_AWAY_FROM_BELT,STANDARD_REVERSED,13.0,8.0,15.5,10.5,15.5,24.0,6.0,8.5,290.0,145.0,-145.0,0,0,0,0,0,7,7,2,10.5,10.0,1118.5,CONDITIONAL_PASS,
S2-COARSE-T6-BP+04.5-OP07.0,STAGE_2_INNER_SUPPORT_AND_FASTENERS,COARSE_BELT_0.50_OUTER_1.00_MM,4.5,0.0,METAL_PLATE_6MM_CANDIDATE,6.0,0.0,7.0,REVERSED_AWAY_FROM_BELT,STANDARD_REVERSED,14.0,9.0,15.5,10.5,15.5,24.0,6.0,8.5,290.0,145.0,-145.0,0,0,0,0,0,7,7,2,11.5,10.0,1135.5,CONDITIONAL_PASS,
S2-COARSE-T6-BP+04.5-OP08.0,STAGE_2_INNER_SUPPORT_AND_FASTENERS,COARSE_BELT_0.50_OUTER_1.00_MM,4.5,0.0,METAL_PLATE_6MM_CANDIDATE,6.0,0.0,8.0,REVERSED_AWAY_FROM_BELT,STANDARD_REVERSED,15.0,10.0,15.5,10.5,15.5,24.0,6.0,8.5,290.0,145.0,-145.0,0,0,0,0,0,7,7,2,12.5,10.0,1152.5,CONDITIONAL_PASS,
S2-COARSE-T6-BP+04.5-OP09.0,STAGE_2_INNER_SUPPORT_AND_FASTENERS,COARSE_BELT_0.50_OUTER_1.00_MM,4.5,0.0,METAL_PLATE_6MM_CANDIDATE,6.0,0.0,9.0,REVERSED_AWAY_FROM_BELT,STANDARD_REVERSED,16.0,11.0,15.5,10.5,15.5,24.0,6.0,8.5,290.0,145.0,-145.0,0,0,0,0,0,7,7,2,13.5,10.0,1159.5,CONDITIONAL_PASS,
S2-COARSE-T6-BP+04.5-OP10.0,STAGE_2_INNER_SUPPORT_AND_FASTENERS,COARSE_BELT_0.50_OUTER_1.00_MM,4.5,0.0,METAL_PLATE_6MM_CANDIDATE,6.0,0.0,10.0,REVERSED_AWAY_FROM_BELT,STANDARD_REVERSED,17.0,12.0,15.5,10.5,15.5,24.0,6.0,8.5,290.0,145.0,-145.0,0,0,0,0,0,7,7,2,14.5,10.0,1156.5,CONDITIONAL_PASS,
S2-COARSE-T6-BP+05.0-OP00.0,STAGE_2_INNER_SUPPORT_AND_FASTENERS,COARSE_BELT_0.50_OUTER_1.00_MM,5.0,0.0,METAL_PLATE_6MM_CANDIDATE,6.0,0.0,0.0,REVERSED_AWAY_FROM_BELT,STANDARD_REVERSED,6.5,1.5,15.5,10.5,12.0,24.5,6.0,8.5,290.0,145.0,-145.0,0,0,0,0,0,7,7,2,5.0,10.0,5.0,FAIL,PTO_NOMINAL_LT_13;PTO_RESIDUAL_LT_8
S2-COARSE-T6-BP+05.0-OP01.0,STAGE_2_INNER_SUPPORT_AND_FASTENERS,COARSE_BELT_0.50_OUTER_1.00_MM,5.0,0.0,METAL_PLATE_6MM_CANDIDATE,6.0,0.0,1.0,REVERSED_AWAY_FROM_BELT,STANDARD_REVERSED,7.5,2.5,15.5,10.5,13.0,24.5,6.0,8.5,290.0,145.0,-145.0,0,0,0,0,0,7,7,2,6.0,10.0,22.0,FAIL,PTO_NOMINAL_LT_13;PTO_RESIDUAL_LT_8
S2-COARSE-T6-BP+05.0-OP02.0,STAGE_2_INNER_SUPPORT_AND_FASTENERS,COARSE_BELT_0.50_OUTER_1.00_MM,5.0,0.0,METAL_PLATE_6MM_CANDIDATE,6.0,0.0,2.0,REVERSED_AWAY_FROM_BELT,STANDARD_REVERSED,8.5,3.5,15.5,10.5,14.0,24.5,6.0,8.5,290.0,145.0,-145.0,0,0,0,0,0,7,7,2,7.0,10.0,39.0,FAIL,PTO_NOMINAL_LT_13;PTO_RESIDUAL_LT_8
S2-COARSE-T6-BP+05.0-OP03.0,STAGE_2_INNER_SUPPORT_AND_FASTENERS,COARSE_BELT_0.50_OUTER_1.00_MM,5.0,0.0,METAL_PLATE_6MM_CANDIDATE,6.0,0.0,3.0,REVERSED_AWAY_FROM_BELT,STANDARD_REVERSED,9.5,4.5,15.5,10.5,15.0,24.5,6.0,8.5,290.0,145.0,-145.0,0,0,0,0,0,7,7,2,8.0,10.0,56.0,FAIL,PTO_NOMINAL_LT_13;PTO_RESIDUAL_LT_8
S2-COARSE-T6-BP+05.0-OP04.0,STAGE_2_INNER_SUPPORT_AND_FASTENERS,COARSE_BELT_0.50_OUTER_1.00_MM,5.0,0.0,METAL_PLATE_6MM_CANDIDATE,6.0,0.0,4.0,REVERSED_AWAY_FROM_BELT,STANDARD_REVERSED,10.5,5.5,15.5,10.5,16.0,24.5,6.0,8.5,290.0,145.0,-145.0,0,0,0,0,0,7,7,2,9.0,10.0,73.0,FAIL,PTO_NOMINAL_LT_13;PTO_RESIDUAL_LT_8
S2-COARSE-T6-BP+05.0-OP05.0,STAGE_2_INNER_SUPPORT_AND_FASTENERS,COARSE_BELT_0.50_OUTER_1.00_MM,5.0,0.0,METAL_PLATE_6MM_CANDIDATE,6.0,0.0,5.0,REVERSED_AWAY_FROM_BELT,STANDARD_REVERSED,11.5,6.5,15.5,10.5,16.0,24.5,6.0,8.5,290.0,145.0,-145.0,0,0,0,0,0,7,7,2,10.0,10.0,90.0,FAIL,PTO_NOMINAL_LT_13;PTO_RESIDUAL_LT_8
S2-COARSE-T6-BP+05.0-OP06.0,STAGE_2_INNER_SUPPORT_AND_FASTENERS,COARSE_BELT_0.50_OUTER_1.00_MM,5.0,0.0,METAL_PLATE_6MM_CANDIDATE,6.0,0.0,6.0,REVERSED_AWAY_FROM_BELT,STANDARD_REVERSED,12.5,7.5,15.5,10.5,16.0,24.5,6.0,8.5,290.0,145.0,-145.0,0,0,0,0,0,7,7,2,11.0,10.0,107.0,FAIL,PTO_NOMINAL_LT_13;PTO_RESIDUAL_LT_8
S2-COARSE-T6-BP+05.0-OP07.0,STAGE_2_INNER_SUPPORT_AND_FASTENERS,COARSE_BELT_0.50_OUTER_1.00_MM,5.0,0.0,METAL_PLATE_6MM_CANDIDATE,6.0,0.0,7.0,REVERSED_AWAY_FROM_BELT,STANDARD_REVERSED,13.5,8.5,15.5,10.5,16.0,24.5,6.0,8.5,290.0,145.0,-145.0,0,0,0,0,0,7,7,2,12.0,10.0,1124.0,CONDITIONAL_PASS,
S2-COARSE-T6-BP+05.0-OP08.0,STAGE_2_INNER_SUPPORT_AND_FASTENERS,COARSE_BELT_0.50_OUTER_1.00_MM,5.0,0.0,METAL_PLATE_6MM_CANDIDATE,6.0,0.0,8.0,REVERSED_AWAY_FROM_BELT,STANDARD_REVERSED,14.5,9.5,15.5,10.5,16.0,24.5,6.0,8.5,290.0,145.0,-145.0,0,0,0,0,0,7,7,2,13.0,10.0,1141.0,CONDITIONAL_PASS,
S2-COARSE-T6-BP+05.0-OP09.0,STAGE_2_INNER_SUPPORT_AND_FASTENERS,COARSE_BELT_0.50_OUTER_1.00_MM,5.0,0.0,METAL_PLATE_6MM_CANDIDATE,6.0,0.0,9.0,REVERSED_AWAY_FROM_BELT,STANDARD_REVERSED,15.5,10.5,15.5,10.5,16.0,24.5,6.0,8.5,290.0,145.0,-145.0,0,0,0,0,0,7,7,2,14.0,10.0,1158.0,CONDITIONAL_PASS,
S2-COARSE-T6-BP+05.0-OP10.0,STAGE_2_INNER_SUPPORT_AND_FASTENERS,COARSE_BELT_0.50_OUTER_1.00_MM,5.0,0.0,METAL_PLATE_6MM_CANDIDATE,6.0,0.0,10.0,REVERSED_AWAY_FROM_BELT,STANDARD_REVERSED,16.5,11.5,15.5,10.5,16.0,24.5,6.0,8.5,290.0,145.0,-145.0,0,0,0,0,0,7,7,2,15.0,10.0,1155.0,CONDITIONAL_PASS,
S2-COARSE-T6-BP+05.5-OP00.0,STAGE_2_INNER_SUPPORT_AND_FASTENERS,COARSE_BELT_0.50_OUTER_1.00_MM,5.5,0.0,METAL_PLATE_6MM_CANDIDATE,6.0,0.0,0.0,REVERSED_AWAY_FROM_BELT,STANDARD_REVERSED,6.0,1.0,15.5,10.5,11.5,25.0,6.0,8.5,290.0,145.0,-145.0,0,0,0,0,0,7,7,2,5.5,10.0,-6.5,FAIL,PTO_NOMINAL_LT_13;PTO_RESIDUAL_LT_8
S2-COARSE-T6-BP+05.5-OP01.0,STAGE_2_INNER_SUPPORT_AND_FASTENERS,COARSE_BELT_0.50_OUTER_1.00_MM,5.5,0.0,METAL_PLATE_6MM_CANDIDATE,6.0,0.0,1.0,REVERSED_AWAY_FROM_BELT,STANDARD_REVERSED,7.0,2.0,15.5,10.5,12.5,25.0,6.0,8.5,290.0,145.0,-145.0,0,0,0,0,0,7,7,2,6.5,10.0,10.5,FAIL,PTO_NOMINAL_LT_13;PTO_RESIDUAL_LT_8
S2-COARSE-T6-BP+05.5-OP02.0,STAGE_2_INNER_SUPPORT_AND_FASTENERS,COARSE_BELT_0.50_OUTER_1.00_MM,5.5,0.0,METAL_PLATE_6MM_CANDIDATE,6.0,0.0,2.0,REVERSED_AWAY_FROM_BELT,STANDARD_REVERSED,8.0,3.0,15.5,10.5,13.5,25.0,6.0,8.5,290.0,145.0,-145.0,0,0,0,0,0,7,7,2,7.5,10.0,27.5,FAIL,PTO_NOMINAL_LT_13;PTO_RESIDUAL_LT_8
S2-COARSE-T6-BP+05.5-OP03.0,STAGE_2_INNER_SUPPORT_AND_FASTENERS,COARSE_BELT_0.50_OUTER_1.00_MM,5.5,0.0,METAL_PLATE_6MM_CANDIDATE,6.0,0.0,3.0,REVERSED_AWAY_FROM_BELT,STANDARD_REVERSED,9.0,4.0,15.5,10.5,14.5,25.0,6.0,8.5,290.0,145.0,-145.0,0,0,0,0,0,7,7,2,8.5,10.0,44.5,FAIL,PTO_NOMINAL_LT_13;PTO_RESIDUAL_LT_8
S2-COARSE-T6-BP+05.5-OP04.0,STAGE_2_INNER_SUPPORT_AND_FASTENERS,COARSE_BELT_0.50_OUTER_1.00_MM,5.5,0.0,METAL_PLATE_6MM_CANDIDATE,6.0,0.0,4.0,REVERSED_AWAY_FROM_BELT,STANDARD_REVERSED,10.0,5.0,15.5,10.5,15.5,25.0,6.0,8.5,290.0,145.0,-145.0,0,0,0,0,0,7,7,2,9.5,10.0,61.5,FAIL,PTO_NOMINAL_LT_13;PTO_RESIDUAL_LT_8
S2-COARSE-T6-BP+05.5-OP05.0,STAGE_2_INNER_SUPPORT_AND_FASTENERS,COARSE_BELT_0.50_OUTER_1.00_MM,5.5,0.0,METAL_PLATE_6MM_CANDIDATE,6.0,0.0,5.0,REVERSED_AWAY_FROM_BELT,STANDARD_REVERSED,11.0,6.0,15.5,10.5,16.5,25.0,6.0,8.5,290.0,145.0,-145.0,0,0,0,0,0,7,7,2,10.5,10.0,78.5,FAIL,PTO_NOMINAL_LT_13;PTO_RESIDUAL_LT_8
S2-COARSE-T6-BP+05.5-OP06.0,STAGE_2_INNER_SUPPORT_AND_FASTENERS,COARSE_BELT_0.50_OUTER_1.00_MM,5.5,0.0,METAL_PLATE_6MM_CANDIDATE,6.0,0.0,6.0,REVERSED_AWAY_FROM_BELT,STANDARD_REVERSED,12.0,7.0,15.5,10.5,16.5,25.0,6.0,8.5,290.0,145.0,-145.0,0,0,0,0,0,7,7,2,11.5,10.0,95.5,FAIL,PTO_NOMINAL_LT_13;PTO_RESIDUAL_LT_8
S2-COARSE-T6-BP+05.5-OP07.0,STAGE_2_INNER_SUPPORT_AND_FASTENERS,COARSE_BELT_0.50_OUTER_1.00_MM,5.5,0.0,METAL_PLATE_6MM_CANDIDATE,6.0,0.0,7.0,REVERSED_AWAY_FROM_BELT,STANDARD_REVERSED,13.0,8.0,15.5,10.5,16.5,25.0,6.0,8.5,290.0,145.0,-145.0,0,0,0,0,0,7,7,2,12.5,10.0,1112.5,CONDITIONAL_PASS,
S2-COARSE-T6-BP+05.5-OP08.0,STAGE_2_INNER_SUPPORT_AND_FASTENERS,COARSE_BELT_0.50_OUTER_1.00_MM,5.5,0.0,METAL_PLATE_6MM_CANDIDATE,6.0,0.0,8.0,REVERSED_AWAY_FROM_BELT,STANDARD_REVERSED,14.0,9.0,15.5,10.5,16.5,25.0,6.0,8.5,290.0,145.0,-145.0,0,0,0,0,0,7,7,2,13.5,10.0,1129.5,CONDITIONAL_PASS,
S2-COARSE-T6-BP+05.5-OP09.0,STAGE_2_INNER_SUPPORT_AND_FASTENERS,COARSE_BELT_0.50_OUTER_1.00_MM,5.5,0.0,METAL_PLATE_6MM_CANDIDATE,6.0,0.0,9.0,REVERSED_AWAY_FROM_BELT,STANDARD_REVERSED,15.0,10.0,15.5,10.5,16.5,25.0,6.0,8.5,290.0,145.0,-145.0,0,0,0,0,0,7,7,2,14.5,10.0,1146.5,CONDITIONAL_PASS,
S2-COARSE-T6-BP+05.5-OP10.0,STAGE_2_INNER_SUPPORT_AND_FASTENERS,COARSE_BELT_0.50_OUTER_1.00_MM,5.5,0.0,METAL_PLATE_6MM_CANDIDATE,6.0,0.0,10.0,REVERSED_AWAY_FROM_BELT,STANDARD_REVERSED,16.0,11.0,15.5,10.5,16.5,25.0,6.0,8.5,290.0,145.0,-145.0,0,0,0,0,0,7,7,2,15.5,10.0,1153.5,CONDITIONAL_PASS,
S2-COARSE-T6-BP+06.0-OP00.0,STAGE_2_INNER_SUPPORT_AND_FASTENERS,COARSE_BELT_0.50_OUTER_1.00_MM,6.0,0.0,METAL_PLATE_6MM_CANDIDATE,6.0,0.0,0.0,REVERSED_AWAY_FROM_BELT,STANDARD_REVERSED,5.5,0.5,15.5,10.5,11.0,25.5,6.0,8.5,290.0,145.0,-145.0,0,0,0,0,0,7,7,2,6.0,10.0,-18.0,FAIL,PTO_NOMINAL_LT_13;PTO_RESIDUAL_LT_8
S2-COARSE-T6-BP+06.0-OP01.0,STAGE_2_INNER_SUPPORT_AND_FASTENERS,COARSE_BELT_0.50_OUTER_1.00_MM,6.0,0.0,METAL_PLATE_6MM_CANDIDATE,6.0,0.0,1.0,REVERSED_AWAY_FROM_BELT,STANDARD_REVERSED,6.5,1.5,15.5,10.5,12.0,25.5,6.0,8.5,290.0,145.0,-145.0,0,0,0,0,0,7,7,2,7.0,10.0,-1.0,FAIL,PTO_NOMINAL_LT_13;PTO_RESIDUAL_LT_8
S2-COARSE-T6-BP+06.0-OP02.0,STAGE_2_INNER_SUPPORT_AND_FASTENERS,COARSE_BELT_0.50_OUTER_1.00_MM,6.0,0.0,METAL_PLATE_6MM_CANDIDATE,6.0,0.0,2.0,REVERSED_AWAY_FROM_BELT,STANDARD_REVERSED,7.5,2.5,15.5,10.5,13.0,25.5,6.0,8.5,290.0,145.0,-145.0,0,0,0,0,0,7,7,2,8.0,10.0,16.0,FAIL,PTO_NOMINAL_LT_13;PTO_RESIDUAL_LT_8
S2-COARSE-T6-BP+06.0-OP03.0,STAGE_2_INNER_SUPPORT_AND_FASTENERS,COARSE_BELT_0.50_OUTER_1.00_MM,6.0,0.0,METAL_PLATE_6MM_CANDIDATE,6.0,0.0,3.0,REVERSED_AWAY_FROM_BELT,STANDARD_REVERSED,8.5,3.5,15.5,10.5,14.0,25.5,6.0,8.5,290.0,145.0,-145.0,0,0,0,0,0,7,7,2,9.0,10.0,33.0,FAIL,PTO_NOMINAL_LT_13;PTO_RESIDUAL_LT_8
S2-COARSE-T6-BP+06.0-OP04.0,STAGE_2_INNER_SUPPORT_AND_FASTENERS,COARSE_BELT_0.50_OUTER_1.00_MM,6.0,0.0,METAL_PLATE_6MM_CANDIDATE,6.0,0.0,4.0,REVERSED_AWAY_FROM_BELT,STANDARD_REVERSED,9.5,4.5,15.5,10.5,15.0,25.5,6.0,8.5,290.0,145.0,-145.0,0,0,0,0,0,7,7,2,10.0,10.0,50.0,FAIL,PTO_NOMINAL_LT_13;PTO_RESIDUAL_LT_8
S2-COARSE-T6-BP+06.0-OP05.0,STAGE_2_INNER_SUPPORT_AND_FASTENERS,COARSE_BELT_0.50_OUTER_1.00_MM,6.0,0.0,METAL_PLATE_6MM_CANDIDATE,6.0,0.0,5.0,REVERSED_AWAY_FROM_BELT,STANDARD_REVERSED,10.5,5.5,15.5,10.5,16.0,25.5,6.0,8.5,290.0,145.0,-145.0,0,0,0,0,0,7,7,2,11.0,10.0,67.0,FAIL,PTO_NOMINAL_LT_13;PTO_RESIDUAL_LT_8
S2-COARSE-T6-BP+06.0-OP06.0,STAGE_2_INNER_SUPPORT_AND_FASTENERS,COARSE_BELT_0.50_OUTER_1.00_MM,6.0,0.0,METAL_PLATE_6MM_CANDIDATE,6.0,0.0,6.0,REVERSED_AWAY_FROM_BELT,STANDARD_REVERSED,11.5,6.5,15.5,10.5,17.0,25.5,6.0,8.5,290.0,145.0,-145.0,0,0,0,0,0,7,7,2,12.0,10.0,84.0,FAIL,PTO_NOMINAL_LT_13;PTO_RESIDUAL_LT_8
S2-COARSE-T6-BP+06.0-OP07.0,STAGE_2_INNER_SUPPORT_AND_FASTENERS,COARSE_BELT_0.50_OUTER_1.00_MM,6.0,0.0,METAL_PLATE_6MM_CANDIDATE,6.0,0.0,7.0,REVERSED_AWAY_FROM_BELT,STANDARD_REVERSED,12.5,7.5,15.5,10.5,17.0,25.5,6.0,8.5,290.0,145.0,-145.0,0,0,0,0,0,7,7,2,13.0,10.0,101.0,FAIL,PTO_NOMINAL_LT_13;PTO_RESIDUAL_LT_8
S2-COARSE-T6-BP+06.0-OP08.0,STAGE_2_INNER_SUPPORT_AND_FASTENERS,COARSE_BELT_0.50_OUTER_1.00_MM,6.0,0.0,METAL_PLATE_6MM_CANDIDATE,6.0,0.0,8.0,REVERSED_AWAY_FROM_BELT,STANDARD_REVERSED,13.5,8.5,15.5,10.5,17.0,25.5,6.0,8.5,290.0,145.0,-145.0,0,0,0,0,0,7,7,2,14.0,10.0,1118.0,CONDITIONAL_PASS,
S2-COARSE-T6-BP+06.0-OP09.0,STAGE_2_INNER_SUPPORT_AND_FASTENERS,COARSE_BELT_0.50_OUTER_1.00_MM,6.0,0.0,METAL_PLATE_6MM_CANDIDATE,6.0,0.0,9.0,REVERSED_AWAY_FROM_BELT,STANDARD_REVERSED,14.5,9.5,15.5,10.5,17.0,25.5,6.0,8.5,290.0,145.0,-145.0,0,0,0,0,0,7,7,2,15.0,10.0,1135.0,CONDITIONAL_PASS,
S2-COARSE-T6-BP+06.0-OP10.0,STAGE_2_INNER_SUPPORT_AND_FASTENERS,COARSE_BELT_0.50_OUTER_1.00_MM,6.0,0.0,METAL_PLATE_6MM_CANDIDATE,6.0,0.0,10.0,REVERSED_AWAY_FROM_BELT,STANDARD_REVERSED,15.5,10.5,15.5,10.5,17.0,25.5,6.0,8.5,290.0,145.0,-145.0,0,0,0,0,0,7,7,2,16.0,10.0,1152.0,CONDITIONAL_PASS,
S2-COARSE-T6-BP+06.5-OP00.0,STAGE_2_INNER_SUPPORT_AND_FASTENERS,COARSE_BELT_0.50_OUTER_1.00_MM,6.5,0.0,METAL_PLATE_6MM_CANDIDATE,6.0,0.0,0.0,REVERSED_AWAY_FROM_BELT,STANDARD_REVERSED,5.0,0.0,15.5,10.5,10.5,26.0,6.0,8.5,290.0,145.0,-145.0,0,0,0,0,0,7,7,2,6.5,10.0,-29.5,FAIL,PTO_NOMINAL_LT_13;PTO_RESIDUAL_LT_8
S2-COARSE-T6-BP+06.5-OP01.0,STAGE_2_INNER_SUPPORT_AND_FASTENERS,COARSE_BELT_0.50_OUTER_1.00_MM,6.5,0.0,METAL_PLATE_6MM_CANDIDATE,6.0,0.0,1.0,REVERSED_AWAY_FROM_BELT,STANDARD_REVERSED,6.0,1.0,15.5,10.5,11.5,26.0,6.0,8.5,290.0,145.0,-145.0,0,0,0,0,0,7,7,2,7.5,10.0,-12.5,FAIL,PTO_NOMINAL_LT_13;PTO_RESIDUAL_LT_8
S2-COARSE-T6-BP+06.5-OP02.0,STAGE_2_INNER_SUPPORT_AND_FASTENERS,COARSE_BELT_0.50_OUTER_1.00_MM,6.5,0.0,METAL_PLATE_6MM_CANDIDATE,6.0,0.0,2.0,REVERSED_AWAY_FROM_BELT,STANDARD_REVERSED,7.0,2.0,15.5,10.5,12.5,26.0,6.0,8.5,290.0,145.0,-145.0,0,0,0,0,0,7,7,2,8.5,10.0,4.5,FAIL,PTO_NOMINAL_LT_13;PTO_RESIDUAL_LT_8
S2-COARSE-T6-BP+06.5-OP03.0,STAGE_2_INNER_SUPPORT_AND_FASTENERS,COARSE_BELT_0.50_OUTER_1.00_MM,6.5,0.0,METAL_PLATE_6MM_CANDIDATE,6.0,0.0,3.0,REVERSED_AWAY_FROM_BELT,STANDARD_REVERSED,8.0,3.0,15.5,10.5,13.5,26.0,6.0,8.5,290.0,145.0,-145.0,0,0,0,0,0,7,7,2,9.5,10.0,21.5,FAIL,PTO_NOMINAL_LT_13;PTO_RESIDUAL_LT_8
S2-COARSE-T6-BP+06.5-OP04.0,STAGE_2_INNER_SUPPORT_AND_FASTENERS,COARSE_BELT_0.50_OUTER_1.00_MM,6.5,0.0,METAL_PLATE_6MM_CANDIDATE,6.0,0.0,4.0,REVERSED_AWAY_FROM_BELT,STANDARD_REVERSED,9.0,4.0,15.5,10.5,14.5,26.0,6.0,8.5,290.0,145.0,-145.0,0,0,0,0,0,7,7,2,10.5,10.0,38.5,FAIL,PTO_NOMINAL_LT_13;PTO_RESIDUAL_LT_8
S2-COARSE-T6-BP+06.5-OP05.0,STAGE_2_INNER_SUPPORT_AND_FASTENERS,COARSE_BELT_0.50_OUTER_1.00_MM,6.5,0.0,METAL_PLATE_6MM_CANDIDATE,6.0,0.0,5.0,REVERSED_AWAY_FROM_BELT,STANDARD_REVERSED,10.0,5.0,15.5,10.5,15.5,26.0,6.0,8.5,290.0,145.0,-145.0,0,0,0,0,0,7,7,2,11.5,10.0,55.5,FAIL,PTO_NOMINAL_LT_13;PTO_RESIDUAL_LT_8
S2-COARSE-T6-BP+06.5-OP06.0,STAGE_2_INNER_SUPPORT_AND_FASTENERS,COARSE_BELT_0.50_OUTER_1.00_MM,6.5,0.0,METAL_PLATE_6MM_CANDIDATE,6.0,0.0,6.0,REVERSED_AWAY_FROM_BELT,STANDARD_REVERSED,11.0,6.0,15.5,10.5,16.5,26.0,6.0,8.5,290.0,145.0,-145.0,0,0,0,0,0,7,7,2,12.5,10.0,72.5,FAIL,PTO_NOMINAL_LT_13;PTO_RESIDUAL_LT_8
S2-COARSE-T6-BP+06.5-OP07.0,STAGE_2_INNER_SUPPORT_AND_FASTENERS,COARSE_BELT_0.50_OUTER_1.00_MM,6.5,0.0,METAL_PLATE_6MM_CANDIDATE,6.0,0.0,7.0,REVERSED_AWAY_FROM_BELT,STANDARD_REVERSED,12.0,7.0,15.5,10.5,17.5,26.0,6.0,8.5,290.0,145.0,-145.0,0,0,0,0,0,7,7,2,13.5,10.0,89.5,FAIL,PTO_NOMINAL_LT_13;PTO_RESIDUAL_LT_8
S2-COARSE-T6-BP+06.5-OP08.0,STAGE_2_INNER_SUPPORT_AND_FASTENERS,COARSE_BELT_0.50_OUTER_1.00_MM,6.5,0.0,METAL_PLATE_6MM_CANDIDATE,6.0,0.0,8.0,REVERSED_AWAY_FROM_BELT,STANDARD_REVERSED,13.0,8.0,15.5,10.5,17.5,26.0,6.0,8.5,290.0,145.0,-145.0,0,0,0,0,0,7,7,2,14.5,10.0,1106.5,CONDITIONAL_PASS,
S2-COARSE-T6-BP+06.5-OP09.0,STAGE_2_INNER_SUPPORT_AND_FASTENERS,COARSE_BELT_0.50_OUTER_1.00_MM,6.5,0.0,METAL_PLATE_6MM_CANDIDATE,6.0,0.0,9.0,REVERSED_AWAY_FROM_BELT,STANDARD_REVERSED,14.0,9.0,15.5,10.5,17.5,26.0,6.0,8.5,290.0,145.0,-145.0,0,0,0,0,0,7,7,2,15.5,10.0,1123.5,CONDITIONAL_PASS,
S2-COARSE-T6-BP+06.5-OP10.0,STAGE_2_INNER_SUPPORT_AND_FASTENERS,COARSE_BELT_0.50_OUTER_1.00_MM,6.5,0.0,METAL_PLATE_6MM_CANDIDATE,6.0,0.0,10.0,REVERSED_AWAY_FROM_BELT,STANDARD_REVERSED,15.0,10.0,15.5,10.5,17.5,26.0,6.0,8.5,290.0,145.0,-145.0,0,0,0,0,0,7,7,2,16.5,10.0,1140.5,CONDITIONAL_PASS,
S2-COARSE-T6-BP+07.0-OP00.0,STAGE_2_INNER_SUPPORT_AND_FASTENERS,COARSE_BELT_0.50_OUTER_1.00_MM,7.0,0.0,METAL_PLATE_6MM_CANDIDATE,6.0,0.0,0.0,REVERSED_AWAY_FROM_BELT,STANDARD_REVERSED,4.5,-0.5,15.5,10.5,10.0,26.5,6.0,8.5,290.0,145.0,-145.0,0,0,0,0,0,7,7,2,7.0,10.0,-41.0,FAIL,PTO_NOMINAL_LT_13;PTO_RESIDUAL_LT_8
S2-COARSE-T6-BP+07.0-OP01.0,STAGE_2_INNER_SUPPORT_AND_FASTENERS,COARSE_BELT_0.50_OUTER_1.00_MM,7.0,0.0,METAL_PLATE_6MM_CANDIDATE,6.0,0.0,1.0,REVERSED_AWAY_FROM_BELT,STANDARD_REVERSED,5.5,0.5,15.5,10.5,11.0,26.5,6.0,8.5,290.0,145.0,-145.0,0,0,0,0,0,7,7,2,8.0,10.0,-24.0,FAIL,PTO_NOMINAL_LT_13;PTO_RESIDUAL_LT_8
S2-COARSE-T6-BP+07.0-OP02.0,STAGE_2_INNER_SUPPORT_AND_FASTENERS,COARSE_BELT_0.50_OUTER_1.00_MM,7.0,0.0,METAL_PLATE_6MM_CANDIDATE,6.0,0.0,2.0,REVERSED_AWAY_FROM_BELT,STANDARD_REVERSED,6.5,1.5,15.5,10.5,12.0,26.5,6.0,8.5,290.0,145.0,-145.0,0,0,0,0,0,7,7,2,9.0,10.0,-7.0,FAIL,PTO_NOMINAL_LT_13;PTO_RESIDUAL_LT_8
S2-COARSE-T6-BP+07.0-OP03.0,STAGE_2_INNER_SUPPORT_AND_FASTENERS,COARSE_BELT_0.50_OUTER_1.00_MM,7.0,0.0,METAL_PLATE_6MM_CANDIDATE,6.0,0.0,3.0,REVERSED_AWAY_FROM_BELT,STANDARD_REVERSED,7.5,2.5,15.5,10.5,13.0,26.5,6.0,8.5,290.0,145.0,-145.0,0,0,0,0,0,7,7,2,10.0,10.0,10.0,FAIL,PTO_NOMINAL_LT_13;PTO_RESIDUAL_LT_8
S2-COARSE-T6-BP+07.0-OP04.0,STAGE_2_INNER_SUPPORT_AND_FASTENERS,COARSE_BELT_0.50_OUTER_1.00_MM,7.0,0.0,METAL_PLATE_6MM_CANDIDATE,6.0,0.0,4.0,REVERSED_AWAY_FROM_BELT,STANDARD_REVERSED,8.5,3.5,15.5,10.5,14.0,26.5,6.0,8.5,290.0,145.0,-145.0,0,0,0,0,0,7,7,2,11.0,10.0,27.0,FAIL,PTO_NOMINAL_LT_13;PTO_RESIDUAL_LT_8
S2-COARSE-T6-BP+07.0-OP05.0,STAGE_2_INNER_SUPPORT_AND_FASTENERS,COARSE_BELT_0.50_OUTER_1.00_MM,7.0,0.0,METAL_PLATE_6MM_CANDIDATE,6.0,0.0,5.0,REVERSED_AWAY_FROM_BELT,STANDARD_REVERSED,9.5,4.5,15.5,10.5,15.0,26.5,6.0,8.5,290.0,145.0,-145.0,0,0,0,0,0,7,7,2,12.0,10.0,44.0,FAIL,PTO_NOMINAL_LT_13;PTO_RESIDUAL_LT_8
S2-COARSE-T6-BP+07.0-OP06.0,STAGE_2_INNER_SUPPORT_AND_FASTENERS,COARSE_BELT_0.50_OUTER_1.00_MM,7.0,0.0,METAL_PLATE_6MM_CANDIDATE,6.0,0.0,6.0,REVERSED_AWAY_FROM_BELT,STANDARD_REVERSED,10.5,5.5,15.5,10.5,16.0,26.5,6.0,8.5,290.0,145.0,-145.0,0,0,0,0,0,7,7,2,13.0,10.0,61.0,FAIL,PTO_NOMINAL_LT_13;PTO_RESIDUAL_LT_8
S2-COARSE-T6-BP+07.0-OP07.0,STAGE_2_INNER_SUPPORT_AND_FASTENERS,COARSE_BELT_0.50_OUTER_1.00_MM,7.0,0.0,METAL_PLATE_6MM_CANDIDATE,6.0,0.0,7.0,REVERSED_AWAY_FROM_BELT,STANDARD_REVERSED,11.5,6.5,15.5,10.5,17.0,26.5,6.0,8.5,290.0,145.0,-145.0,0,0,0,0,0,7,7,2,14.0,10.0,78.0,FAIL,PTO_NOMINAL_LT_13;PTO_RESIDUAL_LT_8
S2-COARSE-T6-BP+07.0-OP08.0,STAGE_2_INNER_SUPPORT_AND_FASTENERS,COARSE_BELT_0.50_OUTER_1.00_MM,7.0,0.0,METAL_PLATE_6MM_CANDIDATE,6.0,0.0,8.0,REVERSED_AWAY_FROM_BELT,STANDARD_REVERSED,12.5,7.5,15.5,10.5,18.0,26.5,6.0,8.5,290.0,145.0,-145.0,0,0,0,0,0,7,7,2,15.0,10.0,95.0,FAIL,PTO_NOMINAL_LT_13;PTO_RESIDUAL_LT_8
S2-COARSE-T6-BP+07.0-OP09.0,STAGE_2_INNER_SUPPORT_AND_FASTENERS,COARSE_BELT_0.50_OUTER_1.00_MM,7.0,0.0,METAL_PLATE_6MM_CANDIDATE,6.0,0.0,9.0,REVERSED_AWAY_FROM_BELT,STANDARD_REVERSED,13.5,8.5,15.5,10.5,18.0,26.5,6.0,8.5,290.0,145.0,-145.0,0,0,0,0,0,7,7,2,16.0,10.0,1112.0,CONDITIONAL_PASS,
S2-COARSE-T6-BP+07.0-OP10.0,STAGE_2_INNER_SUPPORT_AND_FASTENERS,COARSE_BELT_0.50_OUTER_1.00_MM,7.0,0.0,METAL_PLATE_6MM_CANDIDATE,6.0,0.0,10.0,REVERSED_AWAY_FROM_BELT,STANDARD_REVERSED,14.5,9.5,15.5,10.5,18.0,26.5,6.0,8.5,290.0,145.0,-145.0,0,0,0,0,0,7,7,2,17.0,10.0,1129.0,CONDITIONAL_PASS,
S2-COARSE-T6-BP+07.5-OP00.0,STAGE_2_INNER_SUPPORT_AND_FASTENERS,COARSE_BELT_0.50_OUTER_1.00_MM,7.5,0.0,METAL_PLATE_6MM_CANDIDATE,6.0,0.0,0.0,REVERSED_AWAY_FROM_BELT,STANDARD_REVERSED,4.0,-1.0,15.5,10.5,9.5,27.0,6.0,8.5,290.0,145.0,-145.0,0,0,0,0,0,7,7,2,7.5,10.0,-52.5,FAIL,PTO_NOMINAL_LT_13;PTO_RESIDUAL_LT_8;PULLEY_FIXED_LT_10
S2-COARSE-T6-BP+07.5-OP01.0,STAGE_2_INNER_SUPPORT_AND_FASTENERS,COARSE_BELT_0.50_OUTER_1.00_MM,7.5,0.0,METAL_PLATE_6MM_CANDIDATE,6.0,0.0,1.0,REVERSED_AWAY_FROM_BELT,STANDARD_REVERSED,5.0,0.0,15.5,10.5,10.5,27.0,6.0,8.5,290.0,145.0,-145.0,0,0,0,0,0,7,7,2,8.5,10.0,-35.5,FAIL,PTO_NOMINAL_LT_13;PTO_RESIDUAL_LT_8
S2-COARSE-T6-BP+07.5-OP02.0,STAGE_2_INNER_SUPPORT_AND_FASTENERS,COARSE_BELT_0.50_OUTER_1.00_MM,7.5,0.0,METAL_PLATE_6MM_CANDIDATE,6.0,0.0,2.0,REVERSED_AWAY_FROM_BELT,STANDARD_REVERSED,6.0,1.0,15.5,10.5,11.5,27.0,6.0,8.5,290.0,145.0,-145.0,0,0,0,0,0,7,7,2,9.5,10.0,-18.5,FAIL,PTO_NOMINAL_LT_13;PTO_RESIDUAL_LT_8
S2-COARSE-T6-BP+07.5-OP03.0,STAGE_2_INNER_SUPPORT_AND_FASTENERS,COARSE_BELT_0.50_OUTER_1.00_MM,7.5,0.0,METAL_PLATE_6MM_CANDIDATE,6.0,0.0,3.0,REVERSED_AWAY_FROM_BELT,STANDARD_REVERSED,7.0,2.0,15.5,10.5,12.5,27.0,6.0,8.5,290.0,145.0,-145.0,0,0,0,0,0,7,7,2,10.5,10.0,-1.5,FAIL,PTO_NOMINAL_LT_13;PTO_RESIDUAL_LT_8
S2-COARSE-T6-BP+07.5-OP04.0,STAGE_2_INNER_SUPPORT_AND_FASTENERS,COARSE_BELT_0.50_OUTER_1.00_MM,7.5,0.0,METAL_PLATE_6MM_CANDIDATE,6.0,0.0,4.0,REVERSED_AWAY_FROM_BELT,STANDARD_REVERSED,8.0,3.0,15.5,10.5,13.5,27.0,6.0,8.5,290.0,145.0,-145.0,0,0,0,0,0,7,7,2,11.5,10.0,15.5,FAIL,PTO_NOMINAL_LT_13;PTO_RESIDUAL_LT_8
S2-COARSE-T6-BP+07.5-OP05.0,STAGE_2_INNER_SUPPORT_AND_FASTENERS,COARSE_BELT_0.50_OUTER_1.00_MM,7.5,0.0,METAL_PLATE_6MM_CANDIDATE,6.0,0.0,5.0,REVERSED_AWAY_FROM_BELT,STANDARD_REVERSED,9.0,4.0,15.5,10.5,14.5,27.0,6.0,8.5,290.0,145.0,-145.0,0,0,0,0,0,7,7,2,12.5,10.0,32.5,FAIL,PTO_NOMINAL_LT_13;PTO_RESIDUAL_LT_8
S2-COARSE-T6-BP+07.5-OP06.0,STAGE_2_INNER_SUPPORT_AND_FASTENERS,COARSE_BELT_0.50_OUTER_1.00_MM,7.5,0.0,METAL_PLATE_6MM_CANDIDATE,6.0,0.0,6.0,REVERSED_AWAY_FROM_BELT,STANDARD_REVERSED,10.0,5.0,15.5,10.5,15.5,27.0,6.0,8.5,290.0,145.0,-145.0,0,0,0,0,0,7,7,2,13.5,10.0,49.5,FAIL,PTO_NOMINAL_LT_13;PTO_RESIDUAL_LT_8
S2-COARSE-T6-BP+07.5-OP07.0,STAGE_2_INNER_SUPPORT_AND_FASTENERS,COARSE_BELT_0.50_OUTER_1.00_MM,7.5,0.0,METAL_PLATE_6MM_CANDIDATE,6.0,0.0,7.0,REVERSED_AWAY_FROM_BELT,STANDARD_REVERSED,11.0,6.0,15.5,10.5,16.5,27.0,6.0,8.5,290.0,145.0,-145.0,0,0,0,0,0,7,7,2,14.5,10.0,66.5,FAIL,PTO_NOMINAL_LT_13;PTO_RESIDUAL_LT_8
S2-COARSE-T6-BP+07.5-OP08.0,STAGE_2_INNER_SUPPORT_AND_FASTENERS,COARSE_BELT_0.50_OUTER_1.00_MM,7.5,0.0,METAL_PLATE_6MM_CANDIDATE,6.0,0.0,8.0,REVERSED_AWAY_FROM_BELT,STANDARD_REVERSED,12.0,7.0,15.5,10.5,17.5,27.0,6.0,8.5,290.0,145.0,-145.0,0,0,0,0,0,7,7,2,15.5,10.0,83.5,FAIL,PTO_NOMINAL_LT_13;PTO_RESIDUAL_LT_8
S2-COARSE-T6-BP+07.5-OP09.0,STAGE_2_INNER_SUPPORT_AND_FASTENERS,COARSE_BELT_0.50_OUTER_1.00_MM,7.5,0.0,METAL_PLATE_6MM_CANDIDATE,6.0,0.0,9.0,REVERSED_AWAY_FROM_BELT,STANDARD_REVERSED,13.0,8.0,15.5,10.5,18.5,27.0,6.0,8.5,290.0,145.0,-145.0,0,0,0,0,0,7,7,2,16.5,10.0,1100.5,CONDITIONAL_PASS,
S2-COARSE-T6-BP+07.5-OP10.0,STAGE_2_INNER_SUPPORT_AND_FASTENERS,COARSE_BELT_0.50_OUTER_1.00_MM,7.5,0.0,METAL_PLATE_6MM_CANDIDATE,6.0,0.0,10.0,REVERSED_AWAY_FROM_BELT,STANDARD_REVERSED,14.0,9.0,15.5,10.5,18.5,27.0,6.0,8.5,290.0,145.0,-145.0,0,0,0,0,0,7,7,2,17.5,10.0,1117.5,CONDITIONAL_PASS,
S2-COARSE-T6-BP+08.0-OP00.0,STAGE_2_INNER_SUPPORT_AND_FASTENERS,COARSE_BELT_0.50_OUTER_1.00_MM,8.0,0.0,METAL_PLATE_6MM_CANDIDATE,6.0,0.0,0.0,REVERSED_AWAY_FROM_BELT,STANDARD_REVERSED,3.5,-1.5,15.5,10.5,9.0,27.5,6.0,8.5,290.0,145.0,-145.0,0,0,0,0,0,7,7,2,8.0,10.0,-64.0,FAIL,PTO_NOMINAL_LT_13;PTO_RESIDUAL_LT_8;PULLEY_FIXED_LT_10
S2-COARSE-T6-BP+08.0-OP01.0,STAGE_2_INNER_SUPPORT_AND_FASTENERS,COARSE_BELT_0.50_OUTER_1.00_MM,8.0,0.0,METAL_PLATE_6MM_CANDIDATE,6.0,0.0,1.0,REVERSED_AWAY_FROM_BELT,STANDARD_REVERSED,4.5,-0.5,15.5,10.5,10.0,27.5,6.0,8.5,290.0,145.0,-145.0,0,0,0,0,0,7,7,2,9.0,10.0,-47.0,FAIL,PTO_NOMINAL_LT_13;PTO_RESIDUAL_LT_8
S2-COARSE-T6-BP+08.0-OP02.0,STAGE_2_INNER_SUPPORT_AND_FASTENERS,COARSE_BELT_0.50_OUTER_1.00_MM,8.0,0.0,METAL_PLATE_6MM_CANDIDATE,6.0,0.0,2.0,REVERSED_AWAY_FROM_BELT,STANDARD_REVERSED,5.5,0.5,15.5,10.5,11.0,27.5,6.0,8.5,290.0,145.0,-145.0,0,0,0,0,0,7,7,2,10.0,10.0,-30.0,FAIL,PTO_NOMINAL_LT_13;PTO_RESIDUAL_LT_8
S2-COARSE-T6-BP+08.0-OP03.0,STAGE_2_INNER_SUPPORT_AND_FASTENERS,COARSE_BELT_0.50_OUTER_1.00_MM,8.0,0.0,METAL_PLATE_6MM_CANDIDATE,6.0,0.0,3.0,REVERSED_AWAY_FROM_BELT,STANDARD_REVERSED,6.5,1.5,15.5,10.5,12.0,27.5,6.0,8.5,290.0,145.0,-145.0,0,0,0,0,0,7,7,2,11.0,10.0,-13.0,FAIL,PTO_NOMINAL_LT_13;PTO_RESIDUAL_LT_8
S2-COARSE-T6-BP+08.0-OP04.0,STAGE_2_INNER_SUPPORT_AND_FASTENERS,COARSE_BELT_0.50_OUTER_1.00_MM,8.0,0.0,METAL_PLATE_6MM_CANDIDATE,6.0,0.0,4.0,REVERSED_AWAY_FROM_BELT,STANDARD_REVERSED,7.5,2.5,15.5,10.5,13.0,27.5,6.0,8.5,290.0,145.0,-145.0,0,0,0,0,0,7,7,2,12.0,10.0,4.0,FAIL,PTO_NOMINAL_LT_13;PTO_RESIDUAL_LT_8
S2-COARSE-T6-BP+08.0-OP05.0,STAGE_2_INNER_SUPPORT_AND_FASTENERS,COARSE_BELT_0.50_OUTER_1.00_MM,8.0,0.0,METAL_PLATE_6MM_CANDIDATE,6.0,0.0,5.0,REVERSED_AWAY_FROM_BELT,STANDARD_REVERSED,8.5,3.5,15.5,10.5,14.0,27.5,6.0,8.5,290.0,145.0,-145.0,0,0,0,0,0,7,7,2,13.0,10.0,21.0,FAIL,PTO_NOMINAL_LT_13;PTO_RESIDUAL_LT_8
S2-COARSE-T6-BP+08.0-OP06.0,STAGE_2_INNER_SUPPORT_AND_FASTENERS,COARSE_BELT_0.50_OUTER_1.00_MM,8.0,0.0,METAL_PLATE_6MM_CANDIDATE,6.0,0.0,6.0,REVERSED_AWAY_FROM_BELT,STANDARD_REVERSED,9.5,4.5,15.5,10.5,15.0,27.5,6.0,8.5,290.0,145.0,-145.0,0,0,0,0,0,7,7,2,14.0,10.0,38.0,FAIL,PTO_NOMINAL_LT_13;PTO_RESIDUAL_LT_8
S2-COARSE-T6-BP+08.0-OP07.0,STAGE_2_INNER_SUPPORT_AND_FASTENERS,COARSE_BELT_0.50_OUTER_1.00_MM,8.0,0.0,METAL_PLATE_6MM_CANDIDATE,6.0,0.0,7.0,REVERSED_AWAY_FROM_BELT,STANDARD_REVERSED,10.5,5.5,15.5,10.5,16.0,27.5,6.0,8.5,290.0,145.0,-145.0,0,0,0,0,0,7,7,2,15.0,10.0,55.0,FAIL,PTO_NOMINAL_LT_13;PTO_RESIDUAL_LT_8
S2-COARSE-T6-BP+08.0-OP08.0,STAGE_2_INNER_SUPPORT_AND_FASTENERS,COARSE_BELT_0.50_OUTER_1.00_MM,8.0,0.0,METAL_PLATE_6MM_CANDIDATE,6.0,0.0,8.0,REVERSED_AWAY_FROM_BELT,STANDARD_REVERSED,11.5,6.5,15.5,10.5,17.0,27.5,6.0,8.5,290.0,145.0,-145.0,0,0,0,0,0,7,7,2,16.0,10.0,72.0,FAIL,PTO_NOMINAL_LT_13;PTO_RESIDUAL_LT_8
S2-COARSE-T6-BP+08.0-OP09.0,STAGE_2_INNER_SUPPORT_AND_FASTENERS,COARSE_BELT_0.50_OUTER_1.00_MM,8.0,0.0,METAL_PLATE_6MM_CANDIDATE,6.0,0.0,9.0,REVERSED_AWAY_FROM_BELT,STANDARD_REVERSED,12.5,7.5,15.5,10.5,18.0,27.5,6.0,8.5,290.0,145.0,-145.0,0,0,0,0,0,7,7,2,17.0,10.0,89.0,FAIL,PTO_NOMINAL_LT_13;PTO_RESIDUAL_LT_8
S2-COARSE-T6-BP+08.0-OP10.0,STAGE_2_INNER_SUPPORT_AND_FASTENERS,COARSE_BELT_0.50_OUTER_1.00_MM,8.0,0.0,METAL_PLATE_6MM_CANDIDATE,6.0,0.0,10.0,REVERSED_AWAY_FROM_BELT,STANDARD_REVERSED,13.5,8.5,15.5,10.5,19.0,27.5,6.0,8.5,290.0,145.0,-145.0,0,0,0,0,0,7,7,2,18.0,10.0,1106.0,CONDITIONAL_PASS,
S2-COARSE-T6-BP+08.5-OP00.0,STAGE_2_INNER_SUPPORT_AND_FASTENERS,COARSE_BELT_0.50_OUTER_1.00_MM,8.5,0.0,METAL_PLATE_6MM_CANDIDATE,6.0,0.0,0.0,REVERSED_AWAY_FROM_BELT,STANDARD_REVERSED,3.0,-2.0,15.5,10.5,8.5,28.0,6.0,8.5,290.0,145.0,-145.0,0,0,0,0,0,7,7,2,8.5,10.0,-75.5,FAIL,PTO_NOMINAL_LT_13;PTO_RESIDUAL_LT_8;PULLEY_FIXED_LT_10
S2-COARSE-T6-BP+08.5-OP01.0,STAGE_2_INNER_SUPPORT_AND_FASTENERS,COARSE_BELT_0.50_OUTER_1.00_MM,8.5,0.0,METAL_PLATE_6MM_CANDIDATE,6.0,0.0,1.0,REVERSED_AWAY_FROM_BELT,STANDARD_REVERSED,4.0,-1.0,15.5,10.5,9.5,28.0,6.0,8.5,290.0,145.0,-145.0,0,0,0,0,0,7,7,2,9.5,10.0,-58.5,FAIL,PTO_NOMINAL_LT_13;PTO_RESIDUAL_LT_8;PULLEY_FIXED_LT_10
S2-COARSE-T6-BP+08.5-OP02.0,STAGE_2_INNER_SUPPORT_AND_FASTENERS,COARSE_BELT_0.50_OUTER_1.00_MM,8.5,0.0,METAL_PLATE_6MM_CANDIDATE,6.0,0.0,2.0,REVERSED_AWAY_FROM_BELT,STANDARD_REVERSED,5.0,0.0,15.5,10.5,10.5,28.0,6.0,8.5,290.0,145.0,-145.0,0,0,0,0,0,7,7,2,10.5,10.0,-41.5,FAIL,PTO_NOMINAL_LT_13;PTO_RESIDUAL_LT_8
S2-COARSE-T6-BP+08.5-OP03.0,STAGE_2_INNER_SUPPORT_AND_FASTENERS,COARSE_BELT_0.50_OUTER_1.00_MM,8.5,0.0,METAL_PLATE_6MM_CANDIDATE,6.0,0.0,3.0,REVERSED_AWAY_FROM_BELT,STANDARD_REVERSED,6.0,1.0,15.5,10.5,11.5,28.0,6.0,8.5,290.0,145.0,-145.0,0,0,0,0,0,7,7,2,11.5,10.0,-24.5,FAIL,PTO_NOMINAL_LT_13;PTO_RESIDUAL_LT_8
S2-COARSE-T6-BP+08.5-OP04.0,STAGE_2_INNER_SUPPORT_AND_FASTENERS,COARSE_BELT_0.50_OUTER_1.00_MM,8.5,0.0,METAL_PLATE_6MM_CANDIDATE,6.0,0.0,4.0,REVERSED_AWAY_FROM_BELT,STANDARD_REVERSED,7.0,2.0,15.5,10.5,12.5,28.0,6.0,8.5,290.0,145.0,-145.0,0,0,0,0,0,7,7,2,12.5,10.0,-7.5,FAIL,PTO_NOMINAL_LT_13;PTO_RESIDUAL_LT_8
S2-COARSE-T6-BP+08.5-OP05.0,STAGE_2_INNER_SUPPORT_AND_FASTENERS,COARSE_BELT_0.50_OUTER_1.00_MM,8.5,0.0,METAL_PLATE_6MM_CANDIDATE,6.0,0.0,5.0,REVERSED_AWAY_FROM_BELT,STANDARD_REVERSED,8.0,3.0,15.5,10.5,13.5,28.0,6.0,8.5,290.0,145.0,-145.0,0,0,0,0,0,7,7,2,13.5,10.0,9.5,FAIL,PTO_NOMINAL_LT_13;PTO_RESIDUAL_LT_8
S2-COARSE-T6-BP+08.5-OP06.0,STAGE_2_INNER_SUPPORT_AND_FASTENERS,COARSE_BELT_0.50_OUTER_1.00_MM,8.5,0.0,METAL_PLATE_6MM_CANDIDATE,6.0,0.0,6.0,REVERSED_AWAY_FROM_BELT,STANDARD_REVERSED,9.0,4.0,15.5,10.5,14.5,28.0,6.0,8.5,290.0,145.0,-145.0,0,0,0,0,0,7,7,2,14.5,10.0,26.5,FAIL,PTO_NOMINAL_LT_13;PTO_RESIDUAL_LT_8
S2-COARSE-T6-BP+08.5-OP07.0,STAGE_2_INNER_SUPPORT_AND_FASTENERS,COARSE_BELT_0.50_OUTER_1.00_MM,8.5,0.0,METAL_PLATE_6MM_CANDIDATE,6.0,0.0,7.0,REVERSED_AWAY_FROM_BELT,STANDARD_REVERSED,10.0,5.0,15.5,10.5,15.5,28.0,6.0,8.5,290.0,145.0,-145.0,0,0,0,0,0,7,7,2,15.5,10.0,43.5,FAIL,PTO_NOMINAL_LT_13;PTO_RESIDUAL_LT_8
S2-COARSE-T6-BP+08.5-OP08.0,STAGE_2_INNER_SUPPORT_AND_FASTENERS,COARSE_BELT_0.50_OUTER_1.00_MM,8.5,0.0,METAL_PLATE_6MM_CANDIDATE,6.0,0.0,8.0,REVERSED_AWAY_FROM_BELT,STANDARD_REVERSED,11.0,6.0,15.5,10.5,16.5,28.0,6.0,8.5,290.0,145.0,-145.0,0,0,0,0,0,7,7,2,16.5,10.0,60.5,FAIL,PTO_NOMINAL_LT_13;PTO_RESIDUAL_LT_8
S2-COARSE-T6-BP+08.5-OP09.0,STAGE_2_INNER_SUPPORT_AND_FASTENERS,COARSE_BELT_0.50_OUTER_1.00_MM,8.5,0.0,METAL_PLATE_6MM_CANDIDATE,6.0,0.0,9.0,REVERSED_AWAY_FROM_BELT,STANDARD_REVERSED,12.0,7.0,15.5,10.5,17.5,28.0,6.0,8.5,290.0,145.0,-145.0,0,0,0,0,0,7,7,2,17.5,10.0,77.5,FAIL,PTO_NOMINAL_LT_13;PTO_RESIDUAL_LT_8
S2-COARSE-T6-BP+08.5-OP10.0,STAGE_2_INNER_SUPPORT_AND_FASTENERS,COARSE_BELT_0.50_OUTER_1.00_MM,8.5,0.0,METAL_PLATE_6MM_CANDIDATE,6.0,0.0,10.0,REVERSED_AWAY_FROM_BELT,STANDARD_REVERSED,13.0,8.0,15.5,10.5,18.5,28.0,6.0,8.5,290.0,145.0,-145.0,0,0,0,0,0,7,7,2,18.5,10.0,1094.5,CONDITIONAL_PASS,
S2-COARSE-T6-BP+09.0-OP00.0,STAGE_2_INNER_SUPPORT_AND_FASTENERS,COARSE_BELT_0.50_OUTER_1.00_MM,9.0,0.0,METAL_PLATE_6MM_CANDIDATE,6.0,0.0,0.0,REVERSED_AWAY_FROM_BELT,STANDARD_REVERSED,2.5,-2.5,15.5,10.5,8.0,28.5,6.0,8.5,290.0,145.0,-145.0,0,0,0,0,0,7,7,2,9.0,10.0,-87.0,FAIL,PTO_NOMINAL_LT_13;PTO_RESIDUAL_LT_8;PULLEY_FIXED_LT_10
S2-COARSE-T6-BP+09.0-OP01.0,STAGE_2_INNER_SUPPORT_AND_FASTENERS,COARSE_BELT_0.50_OUTER_1.00_MM,9.0,0.0,METAL_PLATE_6MM_CANDIDATE,6.0,0.0,1.0,REVERSED_AWAY_FROM_BELT,STANDARD_REVERSED,3.5,-1.5,15.5,10.5,9.0,28.5,6.0,8.5,290.0,145.0,-145.0,0,0,0,0,0,7,7,2,10.0,10.0,-70.0,FAIL,PTO_NOMINAL_LT_13;PTO_RESIDUAL_LT_8;PULLEY_FIXED_LT_10
S2-COARSE-T6-BP+09.0-OP02.0,STAGE_2_INNER_SUPPORT_AND_FASTENERS,COARSE_BELT_0.50_OUTER_1.00_MM,9.0,0.0,METAL_PLATE_6MM_CANDIDATE,6.0,0.0,2.0,REVERSED_AWAY_FROM_BELT,STANDARD_REVERSED,4.5,-0.5,15.5,10.5,10.0,28.5,6.0,8.5,290.0,145.0,-145.0,0,0,0,0,0,7,7,2,11.0,10.0,-53.0,FAIL,PTO_NOMINAL_LT_13;PTO_RESIDUAL_LT_8
S2-COARSE-T6-BP+09.0-OP03.0,STAGE_2_INNER_SUPPORT_AND_FASTENERS,COARSE_BELT_0.50_OUTER_1.00_MM,9.0,0.0,METAL_PLATE_6MM_CANDIDATE,6.0,0.0,3.0,REVERSED_AWAY_FROM_BELT,STANDARD_REVERSED,5.5,0.5,15.5,10.5,11.0,28.5,6.0,8.5,290.0,145.0,-145.0,0,0,0,0,0,7,7,2,12.0,10.0,-36.0,FAIL,PTO_NOMINAL_LT_13;PTO_RESIDUAL_LT_8
S2-COARSE-T6-BP+09.0-OP04.0,STAGE_2_INNER_SUPPORT_AND_FASTENERS,COARSE_BELT_0.50_OUTER_1.00_MM,9.0,0.0,METAL_PLATE_6MM_CANDIDATE,6.0,0.0,4.0,REVERSED_AWAY_FROM_BELT,STANDARD_REVERSED,6.5,1.5,15.5,10.5,12.0,28.5,6.0,8.5,290.0,145.0,-145.0,0,0,0,0,0,7,7,2,13.0,10.0,-19.0,FAIL,PTO_NOMINAL_LT_13;PTO_RESIDUAL_LT_8
S2-COARSE-T6-BP+09.0-OP05.0,STAGE_2_INNER_SUPPORT_AND_FASTENERS,COARSE_BELT_0.50_OUTER_1.00_MM,9.0,0.0,METAL_PLATE_6MM_CANDIDATE,6.0,0.0,5.0,REVERSED_AWAY_FROM_BELT,STANDARD_REVERSED,7.5,2.5,15.5,10.5,13.0,28.5,6.0,8.5,290.0,145.0,-145.0,0,0,0,0,0,7,7,2,14.0,10.0,-2.0,FAIL,PTO_NOMINAL_LT_13;PTO_RESIDUAL_LT_8
S2-COARSE-T6-BP+09.0-OP06.0,STAGE_2_INNER_SUPPORT_AND_FASTENERS,COARSE_BELT_0.50_OUTER_1.00_MM,9.0,0.0,METAL_PLATE_6MM_CANDIDATE,6.0,0.0,6.0,REVERSED_AWAY_FROM_BELT,STANDARD_REVERSED,8.5,3.5,15.5,10.5,14.0,28.5,6.0,8.5,290.0,145.0,-145.0,0,0,0,0,0,7,7,2,15.0,10.0,15.0,FAIL,PTO_NOMINAL_LT_13;PTO_RESIDUAL_LT_8
S2-COARSE-T6-BP+09.0-OP07.0,STAGE_2_INNER_SUPPORT_AND_FASTENERS,COARSE_BELT_0.50_OUTER_1.00_MM,9.0,0.0,METAL_PLATE_6MM_CANDIDATE,6.0,0.0,7.0,REVERSED_AWAY_FROM_BELT,STANDARD_REVERSED,9.5,4.5,15.5,10.5,15.0,28.5,6.0,8.5,290.0,145.0,-145.0,0,0,0,0,0,7,7,2,16.0,10.0,32.0,FAIL,PTO_NOMINAL_LT_13;PTO_RESIDUAL_LT_8
S2-COARSE-T6-BP+09.0-OP08.0,STAGE_2_INNER_SUPPORT_AND_FASTENERS,COARSE_BELT_0.50_OUTER_1.00_MM,9.0,0.0,METAL_PLATE_6MM_CANDIDATE,6.0,0.0,8.0,REVERSED_AWAY_FROM_BELT,STANDARD_REVERSED,10.5,5.5,15.5,10.5,16.0,28.5,6.0,8.5,290.0,145.0,-145.0,0,0,0,0,0,7,7,2,17.0,10.0,49.0,FAIL,PTO_NOMINAL_LT_13;PTO_RESIDUAL_LT_8
S2-COARSE-T6-BP+09.0-OP09.0,STAGE_2_INNER_SUPPORT_AND_FASTENERS,COARSE_BELT_0.50_OUTER_1.00_MM,9.0,0.0,METAL_PLATE_6MM_CANDIDATE,6.0,0.0,9.0,REVERSED_AWAY_FROM_BELT,STANDARD_REVERSED,11.5,6.5,15.5,10.5,17.0,28.5,6.0,8.5,290.0,145.0,-145.0,0,0,0,0,0,7,7,2,18.0,10.0,66.0,FAIL,PTO_NOMINAL_LT_13;PTO_RESIDUAL_LT_8
S2-COARSE-T6-BP+09.0-OP10.0,STAGE_2_INNER_SUPPORT_AND_FASTENERS,COARSE_BELT_0.50_OUTER_1.00_MM,9.0,0.0,METAL_PLATE_6MM_CANDIDATE,6.0,0.0,10.0,REVERSED_AWAY_FROM_BELT,STANDARD_REVERSED,12.5,7.5,15.5,10.5,18.0,28.5,6.0,8.5,290.0,145.0,-145.0,0,0,0,0,0,7,7,2,19.0,10.0,83.0,FAIL,PTO_NOMINAL_LT_13;PTO_RESIDUAL_LT_8
S2-COARSE-T6-BP+09.5-OP00.0,STAGE_2_INNER_SUPPORT_AND_FASTENERS,COARSE_BELT_0.50_OUTER_1.00_MM,9.5,0.0,METAL_PLATE_6MM_CANDIDATE,6.0,0.0,0.0,REVERSED_AWAY_FROM_BELT,STANDARD_REVERSED,2.0,-3.0,15.5,10.5,7.5,29.0,6.0,8.5,290.0,145.0,-145.0,0,0,0,0,0,7,7,2,9.5,10.0,-98.5,FAIL,PTO_NOMINAL_LT_13;PTO_RESIDUAL_LT_8;PULLEY_FIXED_LT_10
S2-COARSE-T6-BP+09.5-OP01.0,STAGE_2_INNER_SUPPORT_AND_FASTENERS,COARSE_BELT_0.50_OUTER_1.00_MM,9.5,0.0,METAL_PLATE_6MM_CANDIDATE,6.0,0.0,1.0,REVERSED_AWAY_FROM_BELT,STANDARD_REVERSED,3.0,-2.0,15.5,10.5,8.5,29.0,6.0,8.5,290.0,145.0,-145.0,0,0,0,0,0,7,7,2,10.5,10.0,-81.5,FAIL,PTO_NOMINAL_LT_13;PTO_RESIDUAL_LT_8;PULLEY_FIXED_LT_10
S2-COARSE-T6-BP+09.5-OP02.0,STAGE_2_INNER_SUPPORT_AND_FASTENERS,COARSE_BELT_0.50_OUTER_1.00_MM,9.5,0.0,METAL_PLATE_6MM_CANDIDATE,6.0,0.0,2.0,REVERSED_AWAY_FROM_BELT,STANDARD_REVERSED,4.0,-1.0,15.5,10.5,9.5,29.0,6.0,8.5,290.0,145.0,-145.0,0,0,0,0,0,7,7,2,11.5,10.0,-64.5,FAIL,PTO_NOMINAL_LT_13;PTO_RESIDUAL_LT_8;PULLEY_FIXED_LT_10
S2-COARSE-T6-BP+09.5-OP03.0,STAGE_2_INNER_SUPPORT_AND_FASTENERS,COARSE_BELT_0.50_OUTER_1.00_MM,9.5,0.0,METAL_PLATE_6MM_CANDIDATE,6.0,0.0,3.0,REVERSED_AWAY_FROM_BELT,STANDARD_REVERSED,5.0,0.0,15.5,10.5,10.5,29.0,6.0,8.5,290.0,145.0,-145.0,0,0,0,0,0,7,7,2,12.5,10.0,-47.5,FAIL,PTO_NOMINAL_LT_13;PTO_RESIDUAL_LT_8
S2-COARSE-T6-BP+09.5-OP04.0,STAGE_2_INNER_SUPPORT_AND_FASTENERS,COARSE_BELT_0.50_OUTER_1.00_MM,9.5,0.0,METAL_PLATE_6MM_CANDIDATE,6.0,0.0,4.0,REVERSED_AWAY_FROM_BELT,STANDARD_REVERSED,6.0,1.0,15.5,10.5,11.5,29.0,6.0,8.5,290.0,145.0,-145.0,0,0,0,0,0,7,7,2,13.5,10.0,-30.5,FAIL,PTO_NOMINAL_LT_13;PTO_RESIDUAL_LT_8
S2-COARSE-T6-BP+09.5-OP05.0,STAGE_2_INNER_SUPPORT_AND_FASTENERS,COARSE_BELT_0.50_OUTER_1.00_MM,9.5,0.0,METAL_PLATE_6MM_CANDIDATE,6.0,0.0,5.0,REVERSED_AWAY_FROM_BELT,STANDARD_REVERSED,7.0,2.0,15.5,10.5,12.5,29.0,6.0,8.5,290.0,145.0,-145.0,0,0,0,0,0,7,7,2,14.5,10.0,-13.5,FAIL,PTO_NOMINAL_LT_13;PTO_RESIDUAL_LT_8
S2-COARSE-T6-BP+09.5-OP06.0,STAGE_2_INNER_SUPPORT_AND_FASTENERS,COARSE_BELT_0.50_OUTER_1.00_MM,9.5,0.0,METAL_PLATE_6MM_CANDIDATE,6.0,0.0,6.0,REVERSED_AWAY_FROM_BELT,STANDARD_REVERSED,8.0,3.0,15.5,10.5,13.5,29.0,6.0,8.5,290.0,145.0,-145.0,0,0,0,0,0,7,7,2,15.5,10.0,3.5,FAIL,PTO_NOMINAL_LT_13;PTO_RESIDUAL_LT_8
S2-COARSE-T6-BP+09.5-OP07.0,STAGE_2_INNER_SUPPORT_AND_FASTENERS,COARSE_BELT_0.50_OUTER_1.00_MM,9.5,0.0,METAL_PLATE_6MM_CANDIDATE,6.0,0.0,7.0,REVERSED_AWAY_FROM_BELT,STANDARD_REVERSED,9.0,4.0,15.5,10.5,14.5,29.0,6.0,8.5,290.0,145.0,-145.0,0,0,0,0,0,7,7,2,16.5,10.0,20.5,FAIL,PTO_NOMINAL_LT_13;PTO_RESIDUAL_LT_8
S2-COARSE-T6-BP+09.5-OP08.0,STAGE_2_INNER_SUPPORT_AND_FASTENERS,COARSE_BELT_0.50_OUTER_1.00_MM,9.5,0.0,METAL_PLATE_6MM_CANDIDATE,6.0,0.0,8.0,REVERSED_AWAY_FROM_BELT,STANDARD_REVERSED,10.0,5.0,15.5,10.5,15.5,29.0,6.0,8.5,290.0,145.0,-145.0,0,0,0,0,0,7,7,2,17.5,10.0,37.5,FAIL,PTO_NOMINAL_LT_13;PTO_RESIDUAL_LT_8
S2-COARSE-T6-BP+09.5-OP09.0,STAGE_2_INNER_SUPPORT_AND_FASTENERS,COARSE_BELT_0.50_OUTER_1.00_MM,9.5,0.0,METAL_PLATE_6MM_CANDIDATE,6.0,0.0,9.0,REVERSED_AWAY_FROM_BELT,STANDARD_REVERSED,11.0,6.0,15.5,10.5,16.5,29.0,6.0,8.5,290.0,145.0,-145.0,0,0,0,0,0,7,7,2,18.5,10.0,54.5,FAIL,PTO_NOMINAL_LT_13;PTO_RESIDUAL_LT_8
S2-COARSE-T6-BP+09.5-OP10.0,STAGE_2_INNER_SUPPORT_AND_FASTENERS,COARSE_BELT_0.50_OUTER_1.00_MM,9.5,0.0,METAL_PLATE_6MM_CANDIDATE,6.0,0.0,10.0,REVERSED_AWAY_FROM_BELT,STANDARD_REVERSED,12.0,7.0,15.5,10.5,17.5,29.0,6.0,8.5,290.0,145.0,-145.0,0,0,0,0,0,7,7,2,19.5,10.0,71.5,FAIL,PTO_NOMINAL_LT_13;PTO_RESIDUAL_LT_8
S2-COARSE-T6-BP+10.0-OP00.0,STAGE_2_INNER_SUPPORT_AND_FASTENERS,COARSE_BELT_0.50_OUTER_1.00_MM,10.0,0.0,METAL_PLATE_6MM_CANDIDATE,6.0,0.0,0.0,REVERSED_AWAY_FROM_BELT,STANDARD_REVERSED,1.5,-3.5,15.5,10.5,7.0,29.5,6.0,8.5,290.0,145.0,-145.0,0,0,0,0,0,7,7,2,10.0,10.0,-110.0,FAIL,PTO_NOMINAL_LT_13;PTO_RESIDUAL_LT_8;PULLEY_FIXED_LT_10
S2-COARSE-T6-BP+10.0-OP01.0,STAGE_2_INNER_SUPPORT_AND_FASTENERS,COARSE_BELT_0.50_OUTER_1.00_MM,10.0,0.0,METAL_PLATE_6MM_CANDIDATE,6.0,0.0,1.0,REVERSED_AWAY_FROM_BELT,STANDARD_REVERSED,2.5,-2.5,15.5,10.5,8.0,29.5,6.0,8.5,290.0,145.0,-145.0,0,0,0,0,0,7,7,2,11.0,10.0,-93.0,FAIL,PTO_NOMINAL_LT_13;PTO_RESIDUAL_LT_8;PULLEY_FIXED_LT_10
S2-COARSE-T6-BP+10.0-OP02.0,STAGE_2_INNER_SUPPORT_AND_FASTENERS,COARSE_BELT_0.50_OUTER_1.00_MM,10.0,0.0,METAL_PLATE_6MM_CANDIDATE,6.0,0.0,2.0,REVERSED_AWAY_FROM_BELT,STANDARD_REVERSED,3.5,-1.5,15.5,10.5,9.0,29.5,6.0,8.5,290.0,145.0,-145.0,0,0,0,0,0,7,7,2,12.0,10.0,-76.0,FAIL,PTO_NOMINAL_LT_13;PTO_RESIDUAL_LT_8;PULLEY_FIXED_LT_10
S2-COARSE-T6-BP+10.0-OP03.0,STAGE_2_INNER_SUPPORT_AND_FASTENERS,COARSE_BELT_0.50_OUTER_1.00_MM,10.0,0.0,METAL_PLATE_6MM_CANDIDATE,6.0,0.0,3.0,REVERSED_AWAY_FROM_BELT,STANDARD_REVERSED,4.5,-0.5,15.5,10.5,10.0,29.5,6.0,8.5,290.0,145.0,-145.0,0,0,0,0,0,7,7,2,13.0,10.0,-59.0,FAIL,PTO_NOMINAL_LT_13;PTO_RESIDUAL_LT_8
S2-COARSE-T6-BP+10.0-OP04.0,STAGE_2_INNER_SUPPORT_AND_FASTENERS,COARSE_BELT_0.50_OUTER_1.00_MM,10.0,0.0,METAL_PLATE_6MM_CANDIDATE,6.0,0.0,4.0,REVERSED_AWAY_FROM_BELT,STANDARD_REVERSED,5.5,0.5,15.5,10.5,11.0,29.5,6.0,8.5,290.0,145.0,-145.0,0,0,0,0,0,7,7,2,14.0,10.0,-42.0,FAIL,PTO_NOMINAL_LT_13;PTO_RESIDUAL_LT_8
S2-COARSE-T6-BP+10.0-OP05.0,STAGE_2_INNER_SUPPORT_AND_FASTENERS,COARSE_BELT_0.50_OUTER_1.00_MM,10.0,0.0,METAL_PLATE_6MM_CANDIDATE,6.0,0.0,5.0,REVERSED_AWAY_FROM_BELT,STANDARD_REVERSED,6.5,1.5,15.5,10.5,12.0,29.5,6.0,8.5,290.0,145.0,-145.0,0,0,0,0,0,7,7,2,15.0,10.0,-25.0,FAIL,PTO_NOMINAL_LT_13;PTO_RESIDUAL_LT_8
S2-COARSE-T6-BP+10.0-OP06.0,STAGE_2_INNER_SUPPORT_AND_FASTENERS,COARSE_BELT_0.50_OUTER_1.00_MM,10.0,0.0,METAL_PLATE_6MM_CANDIDATE,6.0,0.0,6.0,REVERSED_AWAY_FROM_BELT,STANDARD_REVERSED,7.5,2.5,15.5,10.5,13.0,29.5,6.0,8.5,290.0,145.0,-145.0,0,0,0,0,0,7,7,2,16.0,10.0,-8.0,FAIL,PTO_NOMINAL_LT_13;PTO_RESIDUAL_LT_8
S2-COARSE-T6-BP+10.0-OP07.0,STAGE_2_INNER_SUPPORT_AND_FASTENERS,COARSE_BELT_0.50_OUTER_1.00_MM,10.0,0.0,METAL_PLATE_6MM_CANDIDATE,6.0,0.0,7.0,REVERSED_AWAY_FROM_BELT,STANDARD_REVERSED,8.5,3.5,15.5,10.5,14.0,29.5,6.0,8.5,290.0,145.0,-145.0,0,0,0,0,0,7,7,2,17.0,10.0,9.0,FAIL,PTO_NOMINAL_LT_13;PTO_RESIDUAL_LT_8
S2-COARSE-T6-BP+10.0-OP08.0,STAGE_2_INNER_SUPPORT_AND_FASTENERS,COARSE_BELT_0.50_OUTER_1.00_MM,10.0,0.0,METAL_PLATE_6MM_CANDIDATE,6.0,0.0,8.0,REVERSED_AWAY_FROM_BELT,STANDARD_REVERSED,9.5,4.5,15.5,10.5,15.0,29.5,6.0,8.5,290.0,145.0,-145.0,0,0,0,0,0,7,7,2,18.0,10.0,26.0,FAIL,PTO_NOMINAL_LT_13;PTO_RESIDUAL_LT_8
S2-COARSE-T6-BP+10.0-OP09.0,STAGE_2_INNER_SUPPORT_AND_FASTENERS,COARSE_BELT_0.50_OUTER_1.00_MM,10.0,0.0,METAL_PLATE_6MM_CANDIDATE,6.0,0.0,9.0,REVERSED_AWAY_FROM_BELT,STANDARD_REVERSED,10.5,5.5,15.5,10.5,16.0,29.5,6.0,8.5,290.0,145.0,-145.0,0,0,0,0,0,7,7,2,19.0,10.0,43.0,FAIL,PTO_NOMINAL_LT_13;PTO_RESIDUAL_LT_8
S2-COARSE-T6-BP+10.0-OP10.0,STAGE_2_INNER_SUPPORT_AND_FASTENERS,COARSE_BELT_0.50_OUTER_1.00_MM,10.0,0.0,METAL_PLATE_6MM_CANDIDATE,6.0,0.0,10.0,REVERSED_AWAY_FROM_BELT,STANDARD_REVERSED,11.5,6.5,15.5,10.5,17.0,29.5,6.0,8.5,290.0,145.0,-145.0,0,0,0,0,0,7,7,2,20.0,10.0,60.0,FAIL,PTO_NOMINAL_LT_13;PTO_RESIDUAL_LT_8
S2-COARSE-T8-BP-02.0-OP00.0,STAGE_2_INNER_SUPPORT_AND_FASTENERS,COARSE_BELT_0.50_OUTER_1.00_MM,-2.0,0.0,METAL_PLATE_8MM_CANDIDATE,8.0,0.0,0.0,REVERSED_AWAY_FROM_BELT,STANDARD_REVERSED,9.5,4.5,15.5,10.5,9.0,17.5,4.0,8.5,290.0,145.0,-145.0,0,0,0,0,0,7,7,2,2.0,10.0,74.0,FAIL,PTO_NOMINAL_LT_13;PTO_RESIDUAL_LT_8;PULLEY_FIXED_LT_10
S2-COARSE-T8-BP-02.0-OP01.0,STAGE_2_INNER_SUPPORT_AND_FASTENERS,COARSE_BELT_0.50_OUTER_1.00_MM,-2.0,0.0,METAL_PLATE_8MM_CANDIDATE,8.0,0.0,1.0,REVERSED_AWAY_FROM_BELT,STANDARD_REVERSED,9.5,4.5,15.5,10.5,9.0,17.5,4.0,8.5,290.0,145.0,-145.0,0,0,0,0,0,7,7,2,3.0,10.0,71.0,FAIL,PTO_NOMINAL_LT_13;PTO_RESIDUAL_LT_8;PULLEY_FIXED_LT_10
S2-COARSE-T8-BP-02.0-OP02.0,STAGE_2_INNER_SUPPORT_AND_FASTENERS,COARSE_BELT_0.50_OUTER_1.00_MM,-2.0,0.0,METAL_PLATE_8MM_CANDIDATE,8.0,0.0,2.0,REVERSED_AWAY_FROM_BELT,STANDARD_REVERSED,9.5,4.5,15.5,10.5,9.0,17.5,4.0,8.5,290.0,145.0,-145.0,0,0,0,0,0,7,7,2,4.0,10.0,68.0,FAIL,PTO_NOMINAL_LT_13;PTO_RESIDUAL_LT_8;PULLEY_FIXED_LT_10
S2-COARSE-T8-BP-02.0-OP03.0,STAGE_2_INNER_SUPPORT_AND_FASTENERS,COARSE_BELT_0.50_OUTER_1.00_MM,-2.0,0.0,METAL_PLATE_8MM_CANDIDATE,8.0,0.0,3.0,REVERSED_AWAY_FROM_BELT,STANDARD_REVERSED,9.5,4.5,15.5,10.5,9.0,17.5,4.0,8.5,290.0,145.0,-145.0,0,0,0,0,0,7,7,2,5.0,10.0,65.0,FAIL,PTO_NOMINAL_LT_13;PTO_RESIDUAL_LT_8;PULLEY_FIXED_LT_10
S2-COARSE-T8-BP-02.0-OP04.0,STAGE_2_INNER_SUPPORT_AND_FASTENERS,COARSE_BELT_0.50_OUTER_1.00_MM,-2.0,0.0,METAL_PLATE_8MM_CANDIDATE,8.0,0.0,4.0,REVERSED_AWAY_FROM_BELT,STANDARD_REVERSED,9.5,4.5,15.5,10.5,9.0,17.5,4.0,8.5,290.0,145.0,-145.0,0,0,0,0,0,7,7,2,6.0,10.0,62.0,FAIL,PTO_NOMINAL_LT_13;PTO_RESIDUAL_LT_8;PULLEY_FIXED_LT_10
S2-COARSE-T8-BP-02.0-OP05.0,STAGE_2_INNER_SUPPORT_AND_FASTENERS,COARSE_BELT_0.50_OUTER_1.00_MM,-2.0,0.0,METAL_PLATE_8MM_CANDIDATE,8.0,0.0,5.0,REVERSED_AWAY_FROM_BELT,STANDARD_REVERSED,9.5,4.5,15.5,10.5,9.0,17.5,4.0,8.5,290.0,145.0,-145.0,0,0,0,0,0,7,7,2,7.0,10.0,59.0,FAIL,PTO_NOMINAL_LT_13;PTO_RESIDUAL_LT_8;PULLEY_FIXED_LT_10
S2-COARSE-T8-BP-02.0-OP06.0,STAGE_2_INNER_SUPPORT_AND_FASTENERS,COARSE_BELT_0.50_OUTER_1.00_MM,-2.0,0.0,METAL_PLATE_8MM_CANDIDATE,8.0,0.0,6.0,REVERSED_AWAY_FROM_BELT,STANDARD_REVERSED,9.5,4.5,15.5,10.5,9.0,17.5,4.0,8.5,290.0,145.0,-145.0,0,0,0,0,0,7,7,2,8.0,10.0,56.0,FAIL,PTO_NOMINAL_LT_13;PTO_RESIDUAL_LT_8;PULLEY_FIXED_LT_10
S2-COARSE-T8-BP-02.0-OP07.0,STAGE_2_INNER_SUPPORT_AND_FASTENERS,COARSE_BELT_0.50_OUTER_1.00_MM,-2.0,0.0,METAL_PLATE_8MM_CANDIDATE,8.0,0.0,7.0,REVERSED_AWAY_FROM_BELT,STANDARD_REVERSED,9.5,4.5,15.5,10.5,9.0,17.5,4.0,8.5,290.0,145.0,-145.0,0,0,0,0,0,7,7,2,9.0,10.0,53.0,FAIL,PTO_NOMINAL_LT_13;PTO_RESIDUAL_LT_8;PULLEY_FIXED_LT_10
S2-COARSE-T8-BP-02.0-OP08.0,STAGE_2_INNER_SUPPORT_AND_FASTENERS,COARSE_BELT_0.50_OUTER_1.00_MM,-2.0,0.0,METAL_PLATE_8MM_CANDIDATE,8.0,0.0,8.0,REVERSED_AWAY_FROM_BELT,STANDARD_REVERSED,9.5,4.5,15.5,10.5,9.0,17.5,4.0,8.5,290.0,145.0,-145.0,0,0,0,0,0,7,7,2,10.0,10.0,50.0,FAIL,PTO_NOMINAL_LT_13;PTO_RESIDUAL_LT_8;PULLEY_FIXED_LT_10
S2-COARSE-T8-BP-02.0-OP09.0,STAGE_2_INNER_SUPPORT_AND_FASTENERS,COARSE_BELT_0.50_OUTER_1.00_MM,-2.0,0.0,METAL_PLATE_8MM_CANDIDATE,8.0,0.0,9.0,REVERSED_AWAY_FROM_BELT,STANDARD_REVERSED,9.5,4.5,15.5,10.5,9.0,17.5,4.0,8.5,290.0,145.0,-145.0,0,0,0,0,0,7,7,2,11.0,10.0,47.0,FAIL,PTO_NOMINAL_LT_13;PTO_RESIDUAL_LT_8;PULLEY_FIXED_LT_10
S2-COARSE-T8-BP-02.0-OP10.0,STAGE_2_INNER_SUPPORT_AND_FASTENERS,COARSE_BELT_0.50_OUTER_1.00_MM,-2.0,0.0,METAL_PLATE_8MM_CANDIDATE,8.0,0.0,10.0,REVERSED_AWAY_FROM_BELT,STANDARD_REVERSED,9.5,4.5,15.5,10.5,9.0,17.5,4.0,8.5,290.0,145.0,-145.0,0,0,0,0,0,7,7,2,12.0,10.0,44.0,FAIL,PTO_NOMINAL_LT_13;PTO_RESIDUAL_LT_8;PULLEY_FIXED_LT_10
S2-COARSE-T8-BP-01.5-OP00.0,STAGE_2_INNER_SUPPORT_AND_FASTENERS,COARSE_BELT_0.50_OUTER_1.00_MM,-1.5,0.0,METAL_PLATE_8MM_CANDIDATE,8.0,0.0,0.0,REVERSED_AWAY_FROM_BELT,STANDARD_REVERSED,10.0,5.0,15.5,10.5,9.5,18.0,4.0,8.5,290.0,145.0,-145.0,0,0,0,0,0,7,7,2,1.5,10.0,85.5,FAIL,PTO_NOMINAL_LT_13;PTO_RESIDUAL_LT_8;PULLEY_FIXED_LT_10
S2-COARSE-T8-BP-01.5-OP01.0,STAGE_2_INNER_SUPPORT_AND_FASTENERS,COARSE_BELT_0.50_OUTER_1.00_MM,-1.5,0.0,METAL_PLATE_8MM_CANDIDATE,8.0,0.0,1.0,REVERSED_AWAY_FROM_BELT,STANDARD_REVERSED,10.0,5.0,15.5,10.5,9.5,18.0,4.0,8.5,290.0,145.0,-145.0,0,0,0,0,0,7,7,2,2.5,10.0,82.5,FAIL,PTO_NOMINAL_LT_13;PTO_RESIDUAL_LT_8;PULLEY_FIXED_LT_10
S2-COARSE-T8-BP-01.5-OP02.0,STAGE_2_INNER_SUPPORT_AND_FASTENERS,COARSE_BELT_0.50_OUTER_1.00_MM,-1.5,0.0,METAL_PLATE_8MM_CANDIDATE,8.0,0.0,2.0,REVERSED_AWAY_FROM_BELT,STANDARD_REVERSED,10.0,5.0,15.5,10.5,9.5,18.0,4.0,8.5,290.0,145.0,-145.0,0,0,0,0,0,7,7,2,3.5,10.0,79.5,FAIL,PTO_NOMINAL_LT_13;PTO_RESIDUAL_LT_8;PULLEY_FIXED_LT_10
S2-COARSE-T8-BP-01.5-OP03.0,STAGE_2_INNER_SUPPORT_AND_FASTENERS,COARSE_BELT_0.50_OUTER_1.00_MM,-1.5,0.0,METAL_PLATE_8MM_CANDIDATE,8.0,0.0,3.0,REVERSED_AWAY_FROM_BELT,STANDARD_REVERSED,10.0,5.0,15.5,10.5,9.5,18.0,4.0,8.5,290.0,145.0,-145.0,0,0,0,0,0,7,7,2,4.5,10.0,76.5,FAIL,PTO_NOMINAL_LT_13;PTO_RESIDUAL_LT_8;PULLEY_FIXED_LT_10
S2-COARSE-T8-BP-01.5-OP04.0,STAGE_2_INNER_SUPPORT_AND_FASTENERS,COARSE_BELT_0.50_OUTER_1.00_MM,-1.5,0.0,METAL_PLATE_8MM_CANDIDATE,8.0,0.0,4.0,REVERSED_AWAY_FROM_BELT,STANDARD_REVERSED,10.0,5.0,15.5,10.5,9.5,18.0,4.0,8.5,290.0,145.0,-145.0,0,0,0,0,0,7,7,2,5.5,10.0,73.5,FAIL,PTO_NOMINAL_LT_13;PTO_RESIDUAL_LT_8;PULLEY_FIXED_LT_10
S2-COARSE-T8-BP-01.5-OP05.0,STAGE_2_INNER_SUPPORT_AND_FASTENERS,COARSE_BELT_0.50_OUTER_1.00_MM,-1.5,0.0,METAL_PLATE_8MM_CANDIDATE,8.0,0.0,5.0,REVERSED_AWAY_FROM_BELT,STANDARD_REVERSED,10.0,5.0,15.5,10.5,9.5,18.0,4.0,8.5,290.0,145.0,-145.0,0,0,0,0,0,7,7,2,6.5,10.0,70.5,FAIL,PTO_NOMINAL_LT_13;PTO_RESIDUAL_LT_8;PULLEY_FIXED_LT_10
S2-COARSE-T8-BP-01.5-OP06.0,STAGE_2_INNER_SUPPORT_AND_FASTENERS,COARSE_BELT_0.50_OUTER_1.00_MM,-1.5,0.0,METAL_PLATE_8MM_CANDIDATE,8.0,0.0,6.0,REVERSED_AWAY_FROM_BELT,STANDARD_REVERSED,10.0,5.0,15.5,10.5,9.5,18.0,4.0,8.5,290.0,145.0,-145.0,0,0,0,0,0,7,7,2,7.5,10.0,67.5,FAIL,PTO_NOMINAL_LT_13;PTO_RESIDUAL_LT_8;PULLEY_FIXED_LT_10
S2-COARSE-T8-BP-01.5-OP07.0,STAGE_2_INNER_SUPPORT_AND_FASTENERS,COARSE_BELT_0.50_OUTER_1.00_MM,-1.5,0.0,METAL_PLATE_8MM_CANDIDATE,8.0,0.0,7.0,REVERSED_AWAY_FROM_BELT,STANDARD_REVERSED,10.0,5.0,15.5,10.5,9.5,18.0,4.0,8.5,290.0,145.0,-145.0,0,0,0,0,0,7,7,2,8.5,10.0,64.5,FAIL,PTO_NOMINAL_LT_13;PTO_RESIDUAL_LT_8;PULLEY_FIXED_LT_10
S2-COARSE-T8-BP-01.5-OP08.0,STAGE_2_INNER_SUPPORT_AND_FASTENERS,COARSE_BELT_0.50_OUTER_1.00_MM,-1.5,0.0,METAL_PLATE_8MM_CANDIDATE,8.0,0.0,8.0,REVERSED_AWAY_FROM_BELT,STANDARD_REVERSED,10.0,5.0,15.5,10.5,9.5,18.0,4.0,8.5,290.0,145.0,-145.0,0,0,0,0,0,7,7,2,9.5,10.0,61.5,FAIL,PTO_NOMINAL_LT_13;PTO_RESIDUAL_LT_8;PULLEY_FIXED_LT_10
S2-COARSE-T8-BP-01.5-OP09.0,STAGE_2_INNER_SUPPORT_AND_FASTENERS,COARSE_BELT_0.50_OUTER_1.00_MM,-1.5,0.0,METAL_PLATE_8MM_CANDIDATE,8.0,0.0,9.0,REVERSED_AWAY_FROM_BELT,STANDARD_REVERSED,10.0,5.0,15.5,10.5,9.5,18.0,4.0,8.5,290.0,145.0,-145.0,0,0,0,0,0,7,7,2,10.5,10.0,58.5,FAIL,PTO_NOMINAL_LT_13;PTO_RESIDUAL_LT_8;PULLEY_FIXED_LT_10
S2-COARSE-T8-BP-01.5-OP10.0,STAGE_2_INNER_SUPPORT_AND_FASTENERS,COARSE_BELT_0.50_OUTER_1.00_MM,-1.5,0.0,METAL_PLATE_8MM_CANDIDATE,8.0,0.0,10.0,REVERSED_AWAY_FROM_BELT,STANDARD_REVERSED,10.0,5.0,15.5,10.5,9.5,18.0,4.0,8.5,290.0,145.0,-145.0,0,0,0,0,0,7,7,2,11.5,10.0,55.5,FAIL,PTO_NOMINAL_LT_13;PTO_RESIDUAL_LT_8;PULLEY_FIXED_LT_10
S2-COARSE-T8-BP-01.0-OP00.0,STAGE_2_INNER_SUPPORT_AND_FASTENERS,COARSE_BELT_0.50_OUTER_1.00_MM,-1.0,0.0,METAL_PLATE_8MM_CANDIDATE,8.0,0.0,0.0,REVERSED_AWAY_FROM_BELT,STANDARD_REVERSED,10.5,5.5,15.5,10.5,10.0,18.5,4.0,8.5,290.0,145.0,-145.0,0,0,0,0,0,7,7,2,1.0,10.0,97.0,FAIL,PTO_NOMINAL_LT_13;PTO_RESIDUAL_LT_8
S2-COARSE-T8-BP-01.0-OP01.0,STAGE_2_INNER_SUPPORT_AND_FASTENERS,COARSE_BELT_0.50_OUTER_1.00_MM,-1.0,0.0,METAL_PLATE_8MM_CANDIDATE,8.0,0.0,1.0,REVERSED_AWAY_FROM_BELT,STANDARD_REVERSED,10.5,5.5,15.5,10.5,10.0,18.5,4.0,8.5,290.0,145.0,-145.0,0,0,0,0,0,7,7,2,2.0,10.0,94.0,FAIL,PTO_NOMINAL_LT_13;PTO_RESIDUAL_LT_8
S2-COARSE-T8-BP-01.0-OP02.0,STAGE_2_INNER_SUPPORT_AND_FASTENERS,COARSE_BELT_0.50_OUTER_1.00_MM,-1.0,0.0,METAL_PLATE_8MM_CANDIDATE,8.0,0.0,2.0,REVERSED_AWAY_FROM_BELT,STANDARD_REVERSED,10.5,5.5,15.5,10.5,10.0,18.5,4.0,8.5,290.0,145.0,-145.0,0,0,0,0,0,7,7,2,3.0,10.0,91.0,FAIL,PTO_NOMINAL_LT_13;PTO_RESIDUAL_LT_8
S2-COARSE-T8-BP-01.0-OP03.0,STAGE_2_INNER_SUPPORT_AND_FASTENERS,COARSE_BELT_0.50_OUTER_1.00_MM,-1.0,0.0,METAL_PLATE_8MM_CANDIDATE,8.0,0.0,3.0,REVERSED_AWAY_FROM_BELT,STANDARD_REVERSED,10.5,5.5,15.5,10.5,10.0,18.5,4.0,8.5,290.0,145.0,-145.0,0,0,0,0,0,7,7,2,4.0,10.0,88.0,FAIL,PTO_NOMINAL_LT_13;PTO_RESIDUAL_LT_8
S2-COARSE-T8-BP-01.0-OP04.0,STAGE_2_INNER_SUPPORT_AND_FASTENERS,COARSE_BELT_0.50_OUTER_1.00_MM,-1.0,0.0,METAL_PLATE_8MM_CANDIDATE,8.0,0.0,4.0,REVERSED_AWAY_FROM_BELT,STANDARD_REVERSED,10.5,5.5,15.5,10.5,10.0,18.5,4.0,8.5,290.0,145.0,-145.0,0,0,0,0,0,7,7,2,5.0,10.0,85.0,FAIL,PTO_NOMINAL_LT_13;PTO_RESIDUAL_LT_8
S2-COARSE-T8-BP-01.0-OP05.0,STAGE_2_INNER_SUPPORT_AND_FASTENERS,COARSE_BELT_0.50_OUTER_1.00_MM,-1.0,0.0,METAL_PLATE_8MM_CANDIDATE,8.0,0.0,5.0,REVERSED_AWAY_FROM_BELT,STANDARD_REVERSED,10.5,5.5,15.5,10.5,10.0,18.5,4.0,8.5,290.0,145.0,-145.0,0,0,0,0,0,7,7,2,6.0,10.0,82.0,FAIL,PTO_NOMINAL_LT_13;PTO_RESIDUAL_LT_8
S2-COARSE-T8-BP-01.0-OP06.0,STAGE_2_INNER_SUPPORT_AND_FASTENERS,COARSE_BELT_0.50_OUTER_1.00_MM,-1.0,0.0,METAL_PLATE_8MM_CANDIDATE,8.0,0.0,6.0,REVERSED_AWAY_FROM_BELT,STANDARD_REVERSED,10.5,5.5,15.5,10.5,10.0,18.5,4.0,8.5,290.0,145.0,-145.0,0,0,0,0,0,7,7,2,7.0,10.0,79.0,FAIL,PTO_NOMINAL_LT_13;PTO_RESIDUAL_LT_8
S2-COARSE-T8-BP-01.0-OP07.0,STAGE_2_INNER_SUPPORT_AND_FASTENERS,COARSE_BELT_0.50_OUTER_1.00_MM,-1.0,0.0,METAL_PLATE_8MM_CANDIDATE,8.0,0.0,7.0,REVERSED_AWAY_FROM_BELT,STANDARD_REVERSED,10.5,5.5,15.5,10.5,10.0,18.5,4.0,8.5,290.0,145.0,-145.0,0,0,0,0,0,7,7,2,8.0,10.0,76.0,FAIL,PTO_NOMINAL_LT_13;PTO_RESIDUAL_LT_8
S2-COARSE-T8-BP-01.0-OP08.0,STAGE_2_INNER_SUPPORT_AND_FASTENERS,COARSE_BELT_0.50_OUTER_1.00_MM,-1.0,0.0,METAL_PLATE_8MM_CANDIDATE,8.0,0.0,8.0,REVERSED_AWAY_FROM_BELT,STANDARD_REVERSED,10.5,5.5,15.5,10.5,10.0,18.5,4.0,8.5,290.0,145.0,-145.0,0,0,0,0,0,7,7,2,9.0,10.0,73.0,FAIL,PTO_NOMINAL_LT_13;PTO_RESIDUAL_LT_8
S2-COARSE-T8-BP-01.0-OP09.0,STAGE_2_INNER_SUPPORT_AND_FASTENERS,COARSE_BELT_0.50_OUTER_1.00_MM,-1.0,0.0,METAL_PLATE_8MM_CANDIDATE,8.0,0.0,9.0,REVERSED_AWAY_FROM_BELT,STANDARD_REVERSED,10.5,5.5,15.5,10.5,10.0,18.5,4.0,8.5,290.0,145.0,-145.0,0,0,0,0,0,7,7,2,10.0,10.0,70.0,FAIL,PTO_NOMINAL_LT_13;PTO_RESIDUAL_LT_8
S2-COARSE-T8-BP-01.0-OP10.0,STAGE_2_INNER_SUPPORT_AND_FASTENERS,COARSE_BELT_0.50_OUTER_1.00_MM,-1.0,0.0,METAL_PLATE_8MM_CANDIDATE,8.0,0.0,10.0,REVERSED_AWAY_FROM_BELT,STANDARD_REVERSED,10.5,5.5,15.5,10.5,10.0,18.5,4.0,8.5,290.0,145.0,-145.0,0,0,0,0,0,7,7,2,11.0,10.0,67.0,FAIL,PTO_NOMINAL_LT_13;PTO_RESIDUAL_LT_8
S2-COARSE-T8-BP-00.5-OP00.0,STAGE_2_INNER_SUPPORT_AND_FASTENERS,COARSE_BELT_0.50_OUTER_1.00_MM,-0.5,0.0,METAL_PLATE_8MM_CANDIDATE,8.0,0.0,0.0,REVERSED_AWAY_FROM_BELT,STANDARD_REVERSED,11.0,6.0,15.5,10.5,10.5,19.0,4.0,8.5,290.0,145.0,-145.0,0,0,0,0,0,7,7,2,0.5,10.0,108.5,FAIL,PTO_NOMINAL_LT_13;PTO_RESIDUAL_LT_8
S2-COARSE-T8-BP-00.5-OP01.0,STAGE_2_INNER_SUPPORT_AND_FASTENERS,COARSE_BELT_0.50_OUTER_1.00_MM,-0.5,0.0,METAL_PLATE_8MM_CANDIDATE,8.0,0.0,1.0,REVERSED_AWAY_FROM_BELT,STANDARD_REVERSED,11.0,6.0,15.5,10.5,10.5,19.0,4.0,8.5,290.0,145.0,-145.0,0,0,0,0,0,7,7,2,1.5,10.0,105.5,FAIL,PTO_NOMINAL_LT_13;PTO_RESIDUAL_LT_8
S2-COARSE-T8-BP-00.5-OP02.0,STAGE_2_INNER_SUPPORT_AND_FASTENERS,COARSE_BELT_0.50_OUTER_1.00_MM,-0.5,0.0,METAL_PLATE_8MM_CANDIDATE,8.0,0.0,2.0,REVERSED_AWAY_FROM_BELT,STANDARD_REVERSED,11.0,6.0,15.5,10.5,10.5,19.0,4.0,8.5,290.0,145.0,-145.0,0,0,0,0,0,7,7,2,2.5,10.0,102.5,FAIL,PTO_NOMINAL_LT_13;PTO_RESIDUAL_LT_8
S2-COARSE-T8-BP-00.5-OP03.0,STAGE_2_INNER_SUPPORT_AND_FASTENERS,COARSE_BELT_0.50_OUTER_1.00_MM,-0.5,0.0,METAL_PLATE_8MM_CANDIDATE,8.0,0.0,3.0,REVERSED_AWAY_FROM_BELT,STANDARD_REVERSED,11.0,6.0,15.5,10.5,10.5,19.0,4.0,8.5,290.0,145.0,-145.0,0,0,0,0,0,7,7,2,3.5,10.0,99.5,FAIL,PTO_NOMINAL_LT_13;PTO_RESIDUAL_LT_8
S2-COARSE-T8-BP-00.5-OP04.0,STAGE_2_INNER_SUPPORT_AND_FASTENERS,COARSE_BELT_0.50_OUTER_1.00_MM,-0.5,0.0,METAL_PLATE_8MM_CANDIDATE,8.0,0.0,4.0,REVERSED_AWAY_FROM_BELT,STANDARD_REVERSED,11.0,6.0,15.5,10.5,10.5,19.0,4.0,8.5,290.0,145.0,-145.0,0,0,0,0,0,7,7,2,4.5,10.0,96.5,FAIL,PTO_NOMINAL_LT_13;PTO_RESIDUAL_LT_8
S2-COARSE-T8-BP-00.5-OP05.0,STAGE_2_INNER_SUPPORT_AND_FASTENERS,COARSE_BELT_0.50_OUTER_1.00_MM,-0.5,0.0,METAL_PLATE_8MM_CANDIDATE,8.0,0.0,5.0,REVERSED_AWAY_FROM_BELT,STANDARD_REVERSED,11.0,6.0,15.5,10.5,10.5,19.0,4.0,8.5,290.0,145.0,-145.0,0,0,0,0,0,7,7,2,5.5,10.0,93.5,FAIL,PTO_NOMINAL_LT_13;PTO_RESIDUAL_LT_8
S2-COARSE-T8-BP-00.5-OP06.0,STAGE_2_INNER_SUPPORT_AND_FASTENERS,COARSE_BELT_0.50_OUTER_1.00_MM,-0.5,0.0,METAL_PLATE_8MM_CANDIDATE,8.0,0.0,6.0,REVERSED_AWAY_FROM_BELT,STANDARD_REVERSED,11.0,6.0,15.5,10.5,10.5,19.0,4.0,8.5,290.0,145.0,-145.0,0,0,0,0,0,7,7,2,6.5,10.0,90.5,FAIL,PTO_NOMINAL_LT_13;PTO_RESIDUAL_LT_8
S2-COARSE-T8-BP-00.5-OP07.0,STAGE_2_INNER_SUPPORT_AND_FASTENERS,COARSE_BELT_0.50_OUTER_1.00_MM,-0.5,0.0,METAL_PLATE_8MM_CANDIDATE,8.0,0.0,7.0,REVERSED_AWAY_FROM_BELT,STANDARD_REVERSED,11.0,6.0,15.5,10.5,10.5,19.0,4.0,8.5,290.0,145.0,-145.0,0,0,0,0,0,7,7,2,7.5,10.0,87.5,FAIL,PTO_NOMINAL_LT_13;PTO_RESIDUAL_LT_8
S2-COARSE-T8-BP-00.5-OP08.0,STAGE_2_INNER_SUPPORT_AND_FASTENERS,COARSE_BELT_0.50_OUTER_1.00_MM,-0.5,0.0,METAL_PLATE_8MM_CANDIDATE,8.0,0.0,8.0,REVERSED_AWAY_FROM_BELT,STANDARD_REVERSED,11.0,6.0,15.5,10.5,10.5,19.0,4.0,8.5,290.0,145.0,-145.0,0,0,0,0,0,7,7,2,8.5,10.0,84.5,FAIL,PTO_NOMINAL_LT_13;PTO_RESIDUAL_LT_8
S2-COARSE-T8-BP-00.5-OP09.0,STAGE_2_INNER_SUPPORT_AND_FASTENERS,COARSE_BELT_0.50_OUTER_1.00_MM,-0.5,0.0,METAL_PLATE_8MM_CANDIDATE,8.0,0.0,9.0,REVERSED_AWAY_FROM_BELT,STANDARD_REVERSED,11.0,6.0,15.5,10.5,10.5,19.0,4.0,8.5,290.0,145.0,-145.0,0,0,0,0,0,7,7,2,9.5,10.0,81.5,FAIL,PTO_NOMINAL_LT_13;PTO_RESIDUAL_LT_8
S2-COARSE-T8-BP-00.5-OP10.0,STAGE_2_INNER_SUPPORT_AND_FASTENERS,COARSE_BELT_0.50_OUTER_1.00_MM,-0.5,0.0,METAL_PLATE_8MM_CANDIDATE,8.0,0.0,10.0,REVERSED_AWAY_FROM_BELT,STANDARD_REVERSED,11.0,6.0,15.5,10.5,10.5,19.0,4.0,8.5,290.0,145.0,-145.0,0,0,0,0,0,7,7,2,10.5,10.0,78.5,FAIL,PTO_NOMINAL_LT_13;PTO_RESIDUAL_LT_8
S2-COARSE-T8-BP+00.0-OP00.0,STAGE_2_INNER_SUPPORT_AND_FASTENERS,COARSE_BELT_0.50_OUTER_1.00_MM,0.0,0.0,METAL_PLATE_8MM_CANDIDATE,8.0,0.0,0.0,REVERSED_AWAY_FROM_BELT,STANDARD_REVERSED,11.5,6.5,15.5,10.5,11.0,19.5,4.0,8.5,290.0,145.0,-145.0,0,0,0,0,0,7,7,2,0.0,10.0,120.0,FAIL,PTO_NOMINAL_LT_13;PTO_RESIDUAL_LT_8
S2-COARSE-T8-BP+00.0-OP01.0,STAGE_2_INNER_SUPPORT_AND_FASTENERS,COARSE_BELT_0.50_OUTER_1.00_MM,0.0,0.0,METAL_PLATE_8MM_CANDIDATE,8.0,0.0,1.0,REVERSED_AWAY_FROM_BELT,STANDARD_REVERSED,11.5,6.5,15.5,10.5,11.0,19.5,4.0,8.5,290.0,145.0,-145.0,0,0,0,0,0,7,7,2,1.0,10.0,117.0,FAIL,PTO_NOMINAL_LT_13;PTO_RESIDUAL_LT_8
S2-COARSE-T8-BP+00.0-OP02.0,STAGE_2_INNER_SUPPORT_AND_FASTENERS,COARSE_BELT_0.50_OUTER_1.00_MM,0.0,0.0,METAL_PLATE_8MM_CANDIDATE,8.0,0.0,2.0,REVERSED_AWAY_FROM_BELT,STANDARD_REVERSED,11.5,6.5,15.5,10.5,11.0,19.5,4.0,8.5,290.0,145.0,-145.0,0,0,0,0,0,7,7,2,2.0,10.0,114.0,FAIL,PTO_NOMINAL_LT_13;PTO_RESIDUAL_LT_8
S2-COARSE-T8-BP+00.0-OP03.0,STAGE_2_INNER_SUPPORT_AND_FASTENERS,COARSE_BELT_0.50_OUTER_1.00_MM,0.0,0.0,METAL_PLATE_8MM_CANDIDATE,8.0,0.0,3.0,REVERSED_AWAY_FROM_BELT,STANDARD_REVERSED,11.5,6.5,15.5,10.5,11.0,19.5,4.0,8.5,290.0,145.0,-145.0,0,0,0,0,0,7,7,2,3.0,10.0,111.0,FAIL,PTO_NOMINAL_LT_13;PTO_RESIDUAL_LT_8
S2-COARSE-T8-BP+00.0-OP04.0,STAGE_2_INNER_SUPPORT_AND_FASTENERS,COARSE_BELT_0.50_OUTER_1.00_MM,0.0,0.0,METAL_PLATE_8MM_CANDIDATE,8.0,0.0,4.0,REVERSED_AWAY_FROM_BELT,STANDARD_REVERSED,11.5,6.5,15.5,10.5,11.0,19.5,4.0,8.5,290.0,145.0,-145.0,0,0,0,0,0,7,7,2,4.0,10.0,108.0,FAIL,PTO_NOMINAL_LT_13;PTO_RESIDUAL_LT_8
S2-COARSE-T8-BP+00.0-OP05.0,STAGE_2_INNER_SUPPORT_AND_FASTENERS,COARSE_BELT_0.50_OUTER_1.00_MM,0.0,0.0,METAL_PLATE_8MM_CANDIDATE,8.0,0.0,5.0,REVERSED_AWAY_FROM_BELT,STANDARD_REVERSED,11.5,6.5,15.5,10.5,11.0,19.5,4.0,8.5,290.0,145.0,-145.0,0,0,0,0,0,7,7,2,5.0,10.0,105.0,FAIL,PTO_NOMINAL_LT_13;PTO_RESIDUAL_LT_8
S2-COARSE-T8-BP+00.0-OP06.0,STAGE_2_INNER_SUPPORT_AND_FASTENERS,COARSE_BELT_0.50_OUTER_1.00_MM,0.0,0.0,METAL_PLATE_8MM_CANDIDATE,8.0,0.0,6.0,REVERSED_AWAY_FROM_BELT,STANDARD_REVERSED,11.5,6.5,15.5,10.5,11.0,19.5,4.0,8.5,290.0,145.0,-145.0,0,0,0,0,0,7,7,2,6.0,10.0,102.0,FAIL,PTO_NOMINAL_LT_13;PTO_RESIDUAL_LT_8
S2-COARSE-T8-BP+00.0-OP07.0,STAGE_2_INNER_SUPPORT_AND_FASTENERS,COARSE_BELT_0.50_OUTER_1.00_MM,0.0,0.0,METAL_PLATE_8MM_CANDIDATE,8.0,0.0,7.0,REVERSED_AWAY_FROM_BELT,STANDARD_REVERSED,11.5,6.5,15.5,10.5,11.0,19.5,4.0,8.5,290.0,145.0,-145.0,0,0,0,0,0,7,7,2,7.0,10.0,99.0,FAIL,PTO_NOMINAL_LT_13;PTO_RESIDUAL_LT_8
S2-COARSE-T8-BP+00.0-OP08.0,STAGE_2_INNER_SUPPORT_AND_FASTENERS,COARSE_BELT_0.50_OUTER_1.00_MM,0.0,0.0,METAL_PLATE_8MM_CANDIDATE,8.0,0.0,8.0,REVERSED_AWAY_FROM_BELT,STANDARD_REVERSED,11.5,6.5,15.5,10.5,11.0,19.5,4.0,8.5,290.0,145.0,-145.0,0,0,0,0,0,7,7,2,8.0,10.0,96.0,FAIL,PTO_NOMINAL_LT_13;PTO_RESIDUAL_LT_8
S2-COARSE-T8-BP+00.0-OP09.0,STAGE_2_INNER_SUPPORT_AND_FASTENERS,COARSE_BELT_0.50_OUTER_1.00_MM,0.0,0.0,METAL_PLATE_8MM_CANDIDATE,8.0,0.0,9.0,REVERSED_AWAY_FROM_BELT,STANDARD_REVERSED,11.5,6.5,15.5,10.5,11.0,19.5,4.0,8.5,290.0,145.0,-145.0,0,0,0,0,0,7,7,2,9.0,10.0,93.0,FAIL,PTO_NOMINAL_LT_13;PTO_RESIDUAL_LT_8
S2-COARSE-T8-BP+00.0-OP10.0,STAGE_2_INNER_SUPPORT_AND_FASTENERS,COARSE_BELT_0.50_OUTER_1.00_MM,0.0,0.0,METAL_PLATE_8MM_CANDIDATE,8.0,0.0,10.0,REVERSED_AWAY_FROM_BELT,STANDARD_REVERSED,11.5,6.5,15.5,10.5,11.0,19.5,4.0,8.5,290.0,145.0,-145.0,0,0,0,0,0,7,7,2,10.0,10.0,90.0,FAIL,PTO_NOMINAL_LT_13;PTO_RESIDUAL_LT_8
S2-COARSE-T8-BP+00.5-OP00.0,STAGE_2_INNER_SUPPORT_AND_FASTENERS,COARSE_BELT_0.50_OUTER_1.00_MM,0.5,0.0,METAL_PLATE_8MM_CANDIDATE,8.0,0.0,0.0,REVERSED_AWAY_FROM_BELT,STANDARD_REVERSED,11.0,6.0,15.5,10.5,11.5,20.0,4.0,8.5,290.0,145.0,-145.0,0,0,0,0,0,7,7,2,0.5,10.0,108.5,FAIL,PTO_NOMINAL_LT_13;PTO_RESIDUAL_LT_8
S2-COARSE-T8-BP+00.5-OP01.0,STAGE_2_INNER_SUPPORT_AND_FASTENERS,COARSE_BELT_0.50_OUTER_1.00_MM,0.5,0.0,METAL_PLATE_8MM_CANDIDATE,8.0,0.0,1.0,REVERSED_AWAY_FROM_BELT,STANDARD_REVERSED,12.0,7.0,15.5,10.5,11.5,20.0,4.0,8.5,290.0,145.0,-145.0,0,0,0,0,0,7,7,2,1.5,10.0,125.5,FAIL,PTO_NOMINAL_LT_13;PTO_RESIDUAL_LT_8
S2-COARSE-T8-BP+00.5-OP02.0,STAGE_2_INNER_SUPPORT_AND_FASTENERS,COARSE_BELT_0.50_OUTER_1.00_MM,0.5,0.0,METAL_PLATE_8MM_CANDIDATE,8.0,0.0,2.0,REVERSED_AWAY_FROM_BELT,STANDARD_REVERSED,12.0,7.0,15.5,10.5,11.5,20.0,4.0,8.5,290.0,145.0,-145.0,0,0,0,0,0,7,7,2,2.5,10.0,122.5,FAIL,PTO_NOMINAL_LT_13;PTO_RESIDUAL_LT_8
S2-COARSE-T8-BP+00.5-OP03.0,STAGE_2_INNER_SUPPORT_AND_FASTENERS,COARSE_BELT_0.50_OUTER_1.00_MM,0.5,0.0,METAL_PLATE_8MM_CANDIDATE,8.0,0.0,3.0,REVERSED_AWAY_FROM_BELT,STANDARD_REVERSED,12.0,7.0,15.5,10.5,11.5,20.0,4.0,8.5,290.0,145.0,-145.0,0,0,0,0,0,7,7,2,3.5,10.0,119.5,FAIL,PTO_NOMINAL_LT_13;PTO_RESIDUAL_LT_8
S2-COARSE-T8-BP+00.5-OP04.0,STAGE_2_INNER_SUPPORT_AND_FASTENERS,COARSE_BELT_0.50_OUTER_1.00_MM,0.5,0.0,METAL_PLATE_8MM_CANDIDATE,8.0,0.0,4.0,REVERSED_AWAY_FROM_BELT,STANDARD_REVERSED,12.0,7.0,15.5,10.5,11.5,20.0,4.0,8.5,290.0,145.0,-145.0,0,0,0,0,0,7,7,2,4.5,10.0,116.5,FAIL,PTO_NOMINAL_LT_13;PTO_RESIDUAL_LT_8
S2-COARSE-T8-BP+00.5-OP05.0,STAGE_2_INNER_SUPPORT_AND_FASTENERS,COARSE_BELT_0.50_OUTER_1.00_MM,0.5,0.0,METAL_PLATE_8MM_CANDIDATE,8.0,0.0,5.0,REVERSED_AWAY_FROM_BELT,STANDARD_REVERSED,12.0,7.0,15.5,10.5,11.5,20.0,4.0,8.5,290.0,145.0,-145.0,0,0,0,0,0,7,7,2,5.5,10.0,113.5,FAIL,PTO_NOMINAL_LT_13;PTO_RESIDUAL_LT_8
S2-COARSE-T8-BP+00.5-OP06.0,STAGE_2_INNER_SUPPORT_AND_FASTENERS,COARSE_BELT_0.50_OUTER_1.00_MM,0.5,0.0,METAL_PLATE_8MM_CANDIDATE,8.0,0.0,6.0,REVERSED_AWAY_FROM_BELT,STANDARD_REVERSED,12.0,7.0,15.5,10.5,11.5,20.0,4.0,8.5,290.0,145.0,-145.0,0,0,0,0,0,7,7,2,6.5,10.0,110.5,FAIL,PTO_NOMINAL_LT_13;PTO_RESIDUAL_LT_8
S2-COARSE-T8-BP+00.5-OP07.0,STAGE_2_INNER_SUPPORT_AND_FASTENERS,COARSE_BELT_0.50_OUTER_1.00_MM,0.5,0.0,METAL_PLATE_8MM_CANDIDATE,8.0,0.0,7.0,REVERSED_AWAY_FROM_BELT,STANDARD_REVERSED,12.0,7.0,15.5,10.5,11.5,20.0,4.0,8.5,290.0,145.0,-145.0,0,0,0,0,0,7,7,2,7.5,10.0,107.5,FAIL,PTO_NOMINAL_LT_13;PTO_RESIDUAL_LT_8
S2-COARSE-T8-BP+00.5-OP08.0,STAGE_2_INNER_SUPPORT_AND_FASTENERS,COARSE_BELT_0.50_OUTER_1.00_MM,0.5,0.0,METAL_PLATE_8MM_CANDIDATE,8.0,0.0,8.0,REVERSED_AWAY_FROM_BELT,STANDARD_REVERSED,12.0,7.0,15.5,10.5,11.5,20.0,4.0,8.5,290.0,145.0,-145.0,0,0,0,0,0,7,7,2,8.5,10.0,104.5,FAIL,PTO_NOMINAL_LT_13;PTO_RESIDUAL_LT_8
S2-COARSE-T8-BP+00.5-OP09.0,STAGE_2_INNER_SUPPORT_AND_FASTENERS,COARSE_BELT_0.50_OUTER_1.00_MM,0.5,0.0,METAL_PLATE_8MM_CANDIDATE,8.0,0.0,9.0,REVERSED_AWAY_FROM_BELT,STANDARD_REVERSED,12.0,7.0,15.5,10.5,11.5,20.0,4.0,8.5,290.0,145.0,-145.0,0,0,0,0,0,7,7,2,9.5,10.0,101.5,FAIL,PTO_NOMINAL_LT_13;PTO_RESIDUAL_LT_8
S2-COARSE-T8-BP+00.5-OP10.0,STAGE_2_INNER_SUPPORT_AND_FASTENERS,COARSE_BELT_0.50_OUTER_1.00_MM,0.5,0.0,METAL_PLATE_8MM_CANDIDATE,8.0,0.0,10.0,REVERSED_AWAY_FROM_BELT,STANDARD_REVERSED,12.0,7.0,15.5,10.5,11.5,20.0,4.0,8.5,290.0,145.0,-145.0,0,0,0,0,0,7,7,2,10.5,10.0,98.5,FAIL,PTO_NOMINAL_LT_13;PTO_RESIDUAL_LT_8
S2-COARSE-T8-BP+01.0-OP00.0,STAGE_2_INNER_SUPPORT_AND_FASTENERS,COARSE_BELT_0.50_OUTER_1.00_MM,1.0,0.0,METAL_PLATE_8MM_CANDIDATE,8.0,0.0,0.0,REVERSED_AWAY_FROM_BELT,STANDARD_REVERSED,10.5,5.5,15.5,10.5,12.0,20.5,4.0,8.5,290.0,145.0,-145.0,0,0,0,0,0,7,7,2,1.0,10.0,97.0,FAIL,PTO_NOMINAL_LT_13;PTO_RESIDUAL_LT_8
S2-COARSE-T8-BP+01.0-OP01.0,STAGE_2_INNER_SUPPORT_AND_FASTENERS,COARSE_BELT_0.50_OUTER_1.00_MM,1.0,0.0,METAL_PLATE_8MM_CANDIDATE,8.0,0.0,1.0,REVERSED_AWAY_FROM_BELT,STANDARD_REVERSED,11.5,6.5,15.5,10.5,12.0,20.5,4.0,8.5,290.0,145.0,-145.0,0,0,0,0,0,7,7,2,2.0,10.0,114.0,FAIL,PTO_NOMINAL_LT_13;PTO_RESIDUAL_LT_8
S2-COARSE-T8-BP+01.0-OP02.0,STAGE_2_INNER_SUPPORT_AND_FASTENERS,COARSE_BELT_0.50_OUTER_1.00_MM,1.0,0.0,METAL_PLATE_8MM_CANDIDATE,8.0,0.0,2.0,REVERSED_AWAY_FROM_BELT,STANDARD_REVERSED,12.5,7.5,15.5,10.5,12.0,20.5,4.0,8.5,290.0,145.0,-145.0,0,0,0,0,0,7,7,2,3.0,10.0,131.0,FAIL,PTO_NOMINAL_LT_13;PTO_RESIDUAL_LT_8
S2-COARSE-T8-BP+01.0-OP03.0,STAGE_2_INNER_SUPPORT_AND_FASTENERS,COARSE_BELT_0.50_OUTER_1.00_MM,1.0,0.0,METAL_PLATE_8MM_CANDIDATE,8.0,0.0,3.0,REVERSED_AWAY_FROM_BELT,STANDARD_REVERSED,12.5,7.5,15.5,10.5,12.0,20.5,4.0,8.5,290.0,145.0,-145.0,0,0,0,0,0,7,7,2,4.0,10.0,128.0,FAIL,PTO_NOMINAL_LT_13;PTO_RESIDUAL_LT_8
S2-COARSE-T8-BP+01.0-OP04.0,STAGE_2_INNER_SUPPORT_AND_FASTENERS,COARSE_BELT_0.50_OUTER_1.00_MM,1.0,0.0,METAL_PLATE_8MM_CANDIDATE,8.0,0.0,4.0,REVERSED_AWAY_FROM_BELT,STANDARD_REVERSED,12.5,7.5,15.5,10.5,12.0,20.5,4.0,8.5,290.0,145.0,-145.0,0,0,0,0,0,7,7,2,5.0,10.0,125.0,FAIL,PTO_NOMINAL_LT_13;PTO_RESIDUAL_LT_8
S2-COARSE-T8-BP+01.0-OP05.0,STAGE_2_INNER_SUPPORT_AND_FASTENERS,COARSE_BELT_0.50_OUTER_1.00_MM,1.0,0.0,METAL_PLATE_8MM_CANDIDATE,8.0,0.0,5.0,REVERSED_AWAY_FROM_BELT,STANDARD_REVERSED,12.5,7.5,15.5,10.5,12.0,20.5,4.0,8.5,290.0,145.0,-145.0,0,0,0,0,0,7,7,2,6.0,10.0,122.0,FAIL,PTO_NOMINAL_LT_13;PTO_RESIDUAL_LT_8
S2-COARSE-T8-BP+01.0-OP06.0,STAGE_2_INNER_SUPPORT_AND_FASTENERS,COARSE_BELT_0.50_OUTER_1.00_MM,1.0,0.0,METAL_PLATE_8MM_CANDIDATE,8.0,0.0,6.0,REVERSED_AWAY_FROM_BELT,STANDARD_REVERSED,12.5,7.5,15.5,10.5,12.0,20.5,4.0,8.5,290.0,145.0,-145.0,0,0,0,0,0,7,7,2,7.0,10.0,119.0,FAIL,PTO_NOMINAL_LT_13;PTO_RESIDUAL_LT_8
S2-COARSE-T8-BP+01.0-OP07.0,STAGE_2_INNER_SUPPORT_AND_FASTENERS,COARSE_BELT_0.50_OUTER_1.00_MM,1.0,0.0,METAL_PLATE_8MM_CANDIDATE,8.0,0.0,7.0,REVERSED_AWAY_FROM_BELT,STANDARD_REVERSED,12.5,7.5,15.5,10.5,12.0,20.5,4.0,8.5,290.0,145.0,-145.0,0,0,0,0,0,7,7,2,8.0,10.0,116.0,FAIL,PTO_NOMINAL_LT_13;PTO_RESIDUAL_LT_8
S2-COARSE-T8-BP+01.0-OP08.0,STAGE_2_INNER_SUPPORT_AND_FASTENERS,COARSE_BELT_0.50_OUTER_1.00_MM,1.0,0.0,METAL_PLATE_8MM_CANDIDATE,8.0,0.0,8.0,REVERSED_AWAY_FROM_BELT,STANDARD_REVERSED,12.5,7.5,15.5,10.5,12.0,20.5,4.0,8.5,290.0,145.0,-145.0,0,0,0,0,0,7,7,2,9.0,10.0,113.0,FAIL,PTO_NOMINAL_LT_13;PTO_RESIDUAL_LT_8
S2-COARSE-T8-BP+01.0-OP09.0,STAGE_2_INNER_SUPPORT_AND_FASTENERS,COARSE_BELT_0.50_OUTER_1.00_MM,1.0,0.0,METAL_PLATE_8MM_CANDIDATE,8.0,0.0,9.0,REVERSED_AWAY_FROM_BELT,STANDARD_REVERSED,12.5,7.5,15.5,10.5,12.0,20.5,4.0,8.5,290.0,145.0,-145.0,0,0,0,0,0,7,7,2,10.0,10.0,110.0,FAIL,PTO_NOMINAL_LT_13;PTO_RESIDUAL_LT_8
S2-COARSE-T8-BP+01.0-OP10.0,STAGE_2_INNER_SUPPORT_AND_FASTENERS,COARSE_BELT_0.50_OUTER_1.00_MM,1.0,0.0,METAL_PLATE_8MM_CANDIDATE,8.0,0.0,10.0,REVERSED_AWAY_FROM_BELT,STANDARD_REVERSED,12.5,7.5,15.5,10.5,12.0,20.5,4.0,8.5,290.0,145.0,-145.0,0,0,0,0,0,7,7,2,11.0,10.0,107.0,FAIL,PTO_NOMINAL_LT_13;PTO_RESIDUAL_LT_8
S2-COARSE-T8-BP+01.5-OP00.0,STAGE_2_INNER_SUPPORT_AND_FASTENERS,COARSE_BELT_0.50_OUTER_1.00_MM,1.5,0.0,METAL_PLATE_8MM_CANDIDATE,8.0,0.0,0.0,REVERSED_AWAY_FROM_BELT,STANDARD_REVERSED,10.0,5.0,15.5,10.5,12.5,21.0,4.0,8.5,290.0,145.0,-145.0,0,0,0,0,0,7,7,2,1.5,10.0,85.5,FAIL,PTO_NOMINAL_LT_13;PTO_RESIDUAL_LT_8
S2-COARSE-T8-BP+01.5-OP01.0,STAGE_2_INNER_SUPPORT_AND_FASTENERS,COARSE_BELT_0.50_OUTER_1.00_MM,1.5,0.0,METAL_PLATE_8MM_CANDIDATE,8.0,0.0,1.0,REVERSED_AWAY_FROM_BELT,STANDARD_REVERSED,11.0,6.0,15.5,10.5,12.5,21.0,4.0,8.5,290.0,145.0,-145.0,0,0,0,0,0,7,7,2,2.5,10.0,102.5,FAIL,PTO_NOMINAL_LT_13;PTO_RESIDUAL_LT_8
S2-COARSE-T8-BP+01.5-OP02.0,STAGE_2_INNER_SUPPORT_AND_FASTENERS,COARSE_BELT_0.50_OUTER_1.00_MM,1.5,0.0,METAL_PLATE_8MM_CANDIDATE,8.0,0.0,2.0,REVERSED_AWAY_FROM_BELT,STANDARD_REVERSED,12.0,7.0,15.5,10.5,12.5,21.0,4.0,8.5,290.0,145.0,-145.0,0,0,0,0,0,7,7,2,3.5,10.0,119.5,FAIL,PTO_NOMINAL_LT_13;PTO_RESIDUAL_LT_8
S2-COARSE-T8-BP+01.5-OP03.0,STAGE_2_INNER_SUPPORT_AND_FASTENERS,COARSE_BELT_0.50_OUTER_1.00_MM,1.5,0.0,METAL_PLATE_8MM_CANDIDATE,8.0,0.0,3.0,REVERSED_AWAY_FROM_BELT,STANDARD_REVERSED,13.0,8.0,15.5,10.5,12.5,21.0,4.0,8.5,290.0,145.0,-145.0,0,0,0,0,0,7,7,2,4.5,10.0,1136.5,CONDITIONAL_PASS,
S2-COARSE-T8-BP+01.5-OP04.0,STAGE_2_INNER_SUPPORT_AND_FASTENERS,COARSE_BELT_0.50_OUTER_1.00_MM,1.5,0.0,METAL_PLATE_8MM_CANDIDATE,8.0,0.0,4.0,REVERSED_AWAY_FROM_BELT,STANDARD_REVERSED,13.0,8.0,15.5,10.5,12.5,21.0,4.0,8.5,290.0,145.0,-145.0,0,0,0,0,0,7,7,2,5.5,10.0,1133.5,CONDITIONAL_PASS,
S2-COARSE-T8-BP+01.5-OP05.0,STAGE_2_INNER_SUPPORT_AND_FASTENERS,COARSE_BELT_0.50_OUTER_1.00_MM,1.5,0.0,METAL_PLATE_8MM_CANDIDATE,8.0,0.0,5.0,REVERSED_AWAY_FROM_BELT,STANDARD_REVERSED,13.0,8.0,15.5,10.5,12.5,21.0,4.0,8.5,290.0,145.0,-145.0,0,0,0,0,0,7,7,2,6.5,10.0,1130.5,CONDITIONAL_PASS,
S2-COARSE-T8-BP+01.5-OP06.0,STAGE_2_INNER_SUPPORT_AND_FASTENERS,COARSE_BELT_0.50_OUTER_1.00_MM,1.5,0.0,METAL_PLATE_8MM_CANDIDATE,8.0,0.0,6.0,REVERSED_AWAY_FROM_BELT,STANDARD_REVERSED,13.0,8.0,15.5,10.5,12.5,21.0,4.0,8.5,290.0,145.0,-145.0,0,0,0,0,0,7,7,2,7.5,10.0,1127.5,CONDITIONAL_PASS,
S2-COARSE-T8-BP+01.5-OP07.0,STAGE_2_INNER_SUPPORT_AND_FASTENERS,COARSE_BELT_0.50_OUTER_1.00_MM,1.5,0.0,METAL_PLATE_8MM_CANDIDATE,8.0,0.0,7.0,REVERSED_AWAY_FROM_BELT,STANDARD_REVERSED,13.0,8.0,15.5,10.5,12.5,21.0,4.0,8.5,290.0,145.0,-145.0,0,0,0,0,0,7,7,2,8.5,10.0,1124.5,CONDITIONAL_PASS,
S2-COARSE-T8-BP+01.5-OP08.0,STAGE_2_INNER_SUPPORT_AND_FASTENERS,COARSE_BELT_0.50_OUTER_1.00_MM,1.5,0.0,METAL_PLATE_8MM_CANDIDATE,8.0,0.0,8.0,REVERSED_AWAY_FROM_BELT,STANDARD_REVERSED,13.0,8.0,15.5,10.5,12.5,21.0,4.0,8.5,290.0,145.0,-145.0,0,0,0,0,0,7,7,2,9.5,10.0,1121.5,CONDITIONAL_PASS,
S2-COARSE-T8-BP+01.5-OP09.0,STAGE_2_INNER_SUPPORT_AND_FASTENERS,COARSE_BELT_0.50_OUTER_1.00_MM,1.5,0.0,METAL_PLATE_8MM_CANDIDATE,8.0,0.0,9.0,REVERSED_AWAY_FROM_BELT,STANDARD_REVERSED,13.0,8.0,15.5,10.5,12.5,21.0,4.0,8.5,290.0,145.0,-145.0,0,0,0,0,0,7,7,2,10.5,10.0,1118.5,CONDITIONAL_PASS,
S2-COARSE-T8-BP+01.5-OP10.0,STAGE_2_INNER_SUPPORT_AND_FASTENERS,COARSE_BELT_0.50_OUTER_1.00_MM,1.5,0.0,METAL_PLATE_8MM_CANDIDATE,8.0,0.0,10.0,REVERSED_AWAY_FROM_BELT,STANDARD_REVERSED,13.0,8.0,15.5,10.5,12.5,21.0,4.0,8.5,290.0,145.0,-145.0,0,0,0,0,0,7,7,2,11.5,10.0,1115.5,CONDITIONAL_PASS,
S2-COARSE-T8-BP+02.0-OP00.0,STAGE_2_INNER_SUPPORT_AND_FASTENERS,COARSE_BELT_0.50_OUTER_1.00_MM,2.0,0.0,METAL_PLATE_8MM_CANDIDATE,8.0,0.0,0.0,REVERSED_AWAY_FROM_BELT,STANDARD_REVERSED,9.5,4.5,15.5,10.5,13.0,21.5,4.0,8.5,290.0,145.0,-145.0,0,0,0,0,0,7,7,2,2.0,10.0,74.0,FAIL,PTO_NOMINAL_LT_13;PTO_RESIDUAL_LT_8
S2-COARSE-T8-BP+02.0-OP01.0,STAGE_2_INNER_SUPPORT_AND_FASTENERS,COARSE_BELT_0.50_OUTER_1.00_MM,2.0,0.0,METAL_PLATE_8MM_CANDIDATE,8.0,0.0,1.0,REVERSED_AWAY_FROM_BELT,STANDARD_REVERSED,10.5,5.5,15.5,10.5,13.0,21.5,4.0,8.5,290.0,145.0,-145.0,0,0,0,0,0,7,7,2,3.0,10.0,91.0,FAIL,PTO_NOMINAL_LT_13;PTO_RESIDUAL_LT_8
S2-COARSE-T8-BP+02.0-OP02.0,STAGE_2_INNER_SUPPORT_AND_FASTENERS,COARSE_BELT_0.50_OUTER_1.00_MM,2.0,0.0,METAL_PLATE_8MM_CANDIDATE,8.0,0.0,2.0,REVERSED_AWAY_FROM_BELT,STANDARD_REVERSED,11.5,6.5,15.5,10.5,13.0,21.5,4.0,8.5,290.0,145.0,-145.0,0,0,0,0,0,7,7,2,4.0,10.0,108.0,FAIL,PTO_NOMINAL_LT_13;PTO_RESIDUAL_LT_8
S2-COARSE-T8-BP+02.0-OP03.0,STAGE_2_INNER_SUPPORT_AND_FASTENERS,COARSE_BELT_0.50_OUTER_1.00_MM,2.0,0.0,METAL_PLATE_8MM_CANDIDATE,8.0,0.0,3.0,REVERSED_AWAY_FROM_BELT,STANDARD_REVERSED,12.5,7.5,15.5,10.5,13.0,21.5,4.0,8.5,290.0,145.0,-145.0,0,0,0,0,0,7,7,2,5.0,10.0,125.0,FAIL,PTO_NOMINAL_LT_13;PTO_RESIDUAL_LT_8
S2-COARSE-T8-BP+02.0-OP04.0,STAGE_2_INNER_SUPPORT_AND_FASTENERS,COARSE_BELT_0.50_OUTER_1.00_MM,2.0,0.0,METAL_PLATE_8MM_CANDIDATE,8.0,0.0,4.0,REVERSED_AWAY_FROM_BELT,STANDARD_REVERSED,13.5,8.5,15.5,10.5,13.0,21.5,4.0,8.5,290.0,145.0,-145.0,0,0,0,0,0,7,7,2,6.0,10.0,1142.0,CONDITIONAL_PASS,
S2-COARSE-T8-BP+02.0-OP05.0,STAGE_2_INNER_SUPPORT_AND_FASTENERS,COARSE_BELT_0.50_OUTER_1.00_MM,2.0,0.0,METAL_PLATE_8MM_CANDIDATE,8.0,0.0,5.0,REVERSED_AWAY_FROM_BELT,STANDARD_REVERSED,13.5,8.5,15.5,10.5,13.0,21.5,4.0,8.5,290.0,145.0,-145.0,0,0,0,0,0,7,7,2,7.0,10.0,1139.0,CONDITIONAL_PASS,
S2-COARSE-T8-BP+02.0-OP06.0,STAGE_2_INNER_SUPPORT_AND_FASTENERS,COARSE_BELT_0.50_OUTER_1.00_MM,2.0,0.0,METAL_PLATE_8MM_CANDIDATE,8.0,0.0,6.0,REVERSED_AWAY_FROM_BELT,STANDARD_REVERSED,13.5,8.5,15.5,10.5,13.0,21.5,4.0,8.5,290.0,145.0,-145.0,0,0,0,0,0,7,7,2,8.0,10.0,1136.0,CONDITIONAL_PASS,
S2-COARSE-T8-BP+02.0-OP07.0,STAGE_2_INNER_SUPPORT_AND_FASTENERS,COARSE_BELT_0.50_OUTER_1.00_MM,2.0,0.0,METAL_PLATE_8MM_CANDIDATE,8.0,0.0,7.0,REVERSED_AWAY_FROM_BELT,STANDARD_REVERSED,13.5,8.5,15.5,10.5,13.0,21.5,4.0,8.5,290.0,145.0,-145.0,0,0,0,0,0,7,7,2,9.0,10.0,1133.0,CONDITIONAL_PASS,
S2-COARSE-T8-BP+02.0-OP08.0,STAGE_2_INNER_SUPPORT_AND_FASTENERS,COARSE_BELT_0.50_OUTER_1.00_MM,2.0,0.0,METAL_PLATE_8MM_CANDIDATE,8.0,0.0,8.0,REVERSED_AWAY_FROM_BELT,STANDARD_REVERSED,13.5,8.5,15.5,10.5,13.0,21.5,4.0,8.5,290.0,145.0,-145.0,0,0,0,0,0,7,7,2,10.0,10.0,1130.0,CONDITIONAL_PASS,
S2-COARSE-T8-BP+02.0-OP09.0,STAGE_2_INNER_SUPPORT_AND_FASTENERS,COARSE_BELT_0.50_OUTER_1.00_MM,2.0,0.0,METAL_PLATE_8MM_CANDIDATE,8.0,0.0,9.0,REVERSED_AWAY_FROM_BELT,STANDARD_REVERSED,13.5,8.5,15.5,10.5,13.0,21.5,4.0,8.5,290.0,145.0,-145.0,0,0,0,0,0,7,7,2,11.0,10.0,1127.0,CONDITIONAL_PASS,
S2-COARSE-T8-BP+02.0-OP10.0,STAGE_2_INNER_SUPPORT_AND_FASTENERS,COARSE_BELT_0.50_OUTER_1.00_MM,2.0,0.0,METAL_PLATE_8MM_CANDIDATE,8.0,0.0,10.0,REVERSED_AWAY_FROM_BELT,STANDARD_REVERSED,13.5,8.5,15.5,10.5,13.0,21.5,4.0,8.5,290.0,145.0,-145.0,0,0,0,0,0,7,7,2,12.0,10.0,1124.0,CONDITIONAL_PASS,
S2-COARSE-T8-BP+02.5-OP00.0,STAGE_2_INNER_SUPPORT_AND_FASTENERS,COARSE_BELT_0.50_OUTER_1.00_MM,2.5,0.0,METAL_PLATE_8MM_CANDIDATE,8.0,0.0,0.0,REVERSED_AWAY_FROM_BELT,STANDARD_REVERSED,9.0,4.0,15.5,10.5,13.5,22.0,4.0,8.5,290.0,145.0,-145.0,0,0,0,0,0,7,7,2,2.5,10.0,62.5,FAIL,PTO_NOMINAL_LT_13;PTO_RESIDUAL_LT_8
S2-COARSE-T8-BP+02.5-OP01.0,STAGE_2_INNER_SUPPORT_AND_FASTENERS,COARSE_BELT_0.50_OUTER_1.00_MM,2.5,0.0,METAL_PLATE_8MM_CANDIDATE,8.0,0.0,1.0,REVERSED_AWAY_FROM_BELT,STANDARD_REVERSED,10.0,5.0,15.5,10.5,13.5,22.0,4.0,8.5,290.0,145.0,-145.0,0,0,0,0,0,7,7,2,3.5,10.0,79.5,FAIL,PTO_NOMINAL_LT_13;PTO_RESIDUAL_LT_8
S2-COARSE-T8-BP+02.5-OP02.0,STAGE_2_INNER_SUPPORT_AND_FASTENERS,COARSE_BELT_0.50_OUTER_1.00_MM,2.5,0.0,METAL_PLATE_8MM_CANDIDATE,8.0,0.0,2.0,REVERSED_AWAY_FROM_BELT,STANDARD_REVERSED,11.0,6.0,15.5,10.5,13.5,22.0,4.0,8.5,290.0,145.0,-145.0,0,0,0,0,0,7,7,2,4.5,10.0,96.5,FAIL,PTO_NOMINAL_LT_13;PTO_RESIDUAL_LT_8
S2-COARSE-T8-BP+02.5-OP03.0,STAGE_2_INNER_SUPPORT_AND_FASTENERS,COARSE_BELT_0.50_OUTER_1.00_MM,2.5,0.0,METAL_PLATE_8MM_CANDIDATE,8.0,0.0,3.0,REVERSED_AWAY_FROM_BELT,STANDARD_REVERSED,12.0,7.0,15.5,10.5,13.5,22.0,4.0,8.5,290.0,145.0,-145.0,0,0,0,0,0,7,7,2,5.5,10.0,113.5,FAIL,PTO_NOMINAL_LT_13;PTO_RESIDUAL_LT_8
S2-COARSE-T8-BP+02.5-OP04.0,STAGE_2_INNER_SUPPORT_AND_FASTENERS,COARSE_BELT_0.50_OUTER_1.00_MM,2.5,0.0,METAL_PLATE_8MM_CANDIDATE,8.0,0.0,4.0,REVERSED_AWAY_FROM_BELT,STANDARD_REVERSED,13.0,8.0,15.5,10.5,13.5,22.0,4.0,8.5,290.0,145.0,-145.0,0,0,0,0,0,7,7,2,6.5,10.0,1130.5,CONDITIONAL_PASS,
S2-COARSE-T8-BP+02.5-OP05.0,STAGE_2_INNER_SUPPORT_AND_FASTENERS,COARSE_BELT_0.50_OUTER_1.00_MM,2.5,0.0,METAL_PLATE_8MM_CANDIDATE,8.0,0.0,5.0,REVERSED_AWAY_FROM_BELT,STANDARD_REVERSED,14.0,9.0,15.5,10.5,13.5,22.0,4.0,8.5,290.0,145.0,-145.0,0,0,0,0,0,7,7,2,7.5,10.0,1147.5,CONDITIONAL_PASS,
S2-COARSE-T8-BP+02.5-OP06.0,STAGE_2_INNER_SUPPORT_AND_FASTENERS,COARSE_BELT_0.50_OUTER_1.00_MM,2.5,0.0,METAL_PLATE_8MM_CANDIDATE,8.0,0.0,6.0,REVERSED_AWAY_FROM_BELT,STANDARD_REVERSED,14.0,9.0,15.5,10.5,13.5,22.0,4.0,8.5,290.0,145.0,-145.0,0,0,0,0,0,7,7,2,8.5,10.0,1144.5,CONDITIONAL_PASS,
S2-COARSE-T8-BP+02.5-OP07.0,STAGE_2_INNER_SUPPORT_AND_FASTENERS,COARSE_BELT_0.50_OUTER_1.00_MM,2.5,0.0,METAL_PLATE_8MM_CANDIDATE,8.0,0.0,7.0,REVERSED_AWAY_FROM_BELT,STANDARD_REVERSED,14.0,9.0,15.5,10.5,13.5,22.0,4.0,8.5,290.0,145.0,-145.0,0,0,0,0,0,7,7,2,9.5,10.0,1141.5,CONDITIONAL_PASS,
S2-COARSE-T8-BP+02.5-OP08.0,STAGE_2_INNER_SUPPORT_AND_FASTENERS,COARSE_BELT_0.50_OUTER_1.00_MM,2.5,0.0,METAL_PLATE_8MM_CANDIDATE,8.0,0.0,8.0,REVERSED_AWAY_FROM_BELT,STANDARD_REVERSED,14.0,9.0,15.5,10.5,13.5,22.0,4.0,8.5,290.0,145.0,-145.0,0,0,0,0,0,7,7,2,10.5,10.0,1138.5,CONDITIONAL_PASS,
S2-COARSE-T8-BP+02.5-OP09.0,STAGE_2_INNER_SUPPORT_AND_FASTENERS,COARSE_BELT_0.50_OUTER_1.00_MM,2.5,0.0,METAL_PLATE_8MM_CANDIDATE,8.0,0.0,9.0,REVERSED_AWAY_FROM_BELT,STANDARD_REVERSED,14.0,9.0,15.5,10.5,13.5,22.0,4.0,8.5,290.0,145.0,-145.0,0,0,0,0,0,7,7,2,11.5,10.0,1135.5,CONDITIONAL_PASS,
S2-COARSE-T8-BP+02.5-OP10.0,STAGE_2_INNER_SUPPORT_AND_FASTENERS,COARSE_BELT_0.50_OUTER_1.00_MM,2.5,0.0,METAL_PLATE_8MM_CANDIDATE,8.0,0.0,10.0,REVERSED_AWAY_FROM_BELT,STANDARD_REVERSED,14.0,9.0,15.5,10.5,13.5,22.0,4.0,8.5,290.0,145.0,-145.0,0,0,0,0,0,7,7,2,12.5,10.0,1132.5,CONDITIONAL_PASS,
S2-COARSE-T8-BP+03.0-OP00.0,STAGE_2_INNER_SUPPORT_AND_FASTENERS,COARSE_BELT_0.50_OUTER_1.00_MM,3.0,0.0,METAL_PLATE_8MM_CANDIDATE,8.0,0.0,0.0,REVERSED_AWAY_FROM_BELT,STANDARD_REVERSED,8.5,3.5,15.5,10.5,14.0,22.5,4.0,8.5,290.0,145.0,-145.0,0,0,0,0,0,7,7,2,3.0,10.0,51.0,FAIL,PTO_NOMINAL_LT_13;PTO_RESIDUAL_LT_8
S2-COARSE-T8-BP+03.0-OP01.0,STAGE_2_INNER_SUPPORT_AND_FASTENERS,COARSE_BELT_0.50_OUTER_1.00_MM,3.0,0.0,METAL_PLATE_8MM_CANDIDATE,8.0,0.0,1.0,REVERSED_AWAY_FROM_BELT,STANDARD_REVERSED,9.5,4.5,15.5,10.5,14.0,22.5,4.0,8.5,290.0,145.0,-145.0,0,0,0,0,0,7,7,2,4.0,10.0,68.0,FAIL,PTO_NOMINAL_LT_13;PTO_RESIDUAL_LT_8
S2-COARSE-T8-BP+03.0-OP02.0,STAGE_2_INNER_SUPPORT_AND_FASTENERS,COARSE_BELT_0.50_OUTER_1.00_MM,3.0,0.0,METAL_PLATE_8MM_CANDIDATE,8.0,0.0,2.0,REVERSED_AWAY_FROM_BELT,STANDARD_REVERSED,10.5,5.5,15.5,10.5,14.0,22.5,4.0,8.5,290.0,145.0,-145.0,0,0,0,0,0,7,7,2,5.0,10.0,85.0,FAIL,PTO_NOMINAL_LT_13;PTO_RESIDUAL_LT_8
S2-COARSE-T8-BP+03.0-OP03.0,STAGE_2_INNER_SUPPORT_AND_FASTENERS,COARSE_BELT_0.50_OUTER_1.00_MM,3.0,0.0,METAL_PLATE_8MM_CANDIDATE,8.0,0.0,3.0,REVERSED_AWAY_FROM_BELT,STANDARD_REVERSED,11.5,6.5,15.5,10.5,14.0,22.5,4.0,8.5,290.0,145.0,-145.0,0,0,0,0,0,7,7,2,6.0,10.0,102.0,FAIL,PTO_NOMINAL_LT_13;PTO_RESIDUAL_LT_8
S2-COARSE-T8-BP+03.0-OP04.0,STAGE_2_INNER_SUPPORT_AND_FASTENERS,COARSE_BELT_0.50_OUTER_1.00_MM,3.0,0.0,METAL_PLATE_8MM_CANDIDATE,8.0,0.0,4.0,REVERSED_AWAY_FROM_BELT,STANDARD_REVERSED,12.5,7.5,15.5,10.5,14.0,22.5,4.0,8.5,290.0,145.0,-145.0,0,0,0,0,0,7,7,2,7.0,10.0,119.0,FAIL,PTO_NOMINAL_LT_13;PTO_RESIDUAL_LT_8
S2-COARSE-T8-BP+03.0-OP05.0,STAGE_2_INNER_SUPPORT_AND_FASTENERS,COARSE_BELT_0.50_OUTER_1.00_MM,3.0,0.0,METAL_PLATE_8MM_CANDIDATE,8.0,0.0,5.0,REVERSED_AWAY_FROM_BELT,STANDARD_REVERSED,13.5,8.5,15.5,10.5,14.0,22.5,4.0,8.5,290.0,145.0,-145.0,0,0,0,0,0,7,7,2,8.0,10.0,1136.0,CONDITIONAL_PASS,
S2-COARSE-T8-BP+03.0-OP06.0,STAGE_2_INNER_SUPPORT_AND_FASTENERS,COARSE_BELT_0.50_OUTER_1.00_MM,3.0,0.0,METAL_PLATE_8MM_CANDIDATE,8.0,0.0,6.0,REVERSED_AWAY_FROM_BELT,STANDARD_REVERSED,14.5,9.5,15.5,10.5,14.0,22.5,4.0,8.5,290.0,145.0,-145.0,0,0,0,0,0,7,7,2,9.0,10.0,1153.0,CONDITIONAL_PASS,
S2-COARSE-T8-BP+03.0-OP07.0,STAGE_2_INNER_SUPPORT_AND_FASTENERS,COARSE_BELT_0.50_OUTER_1.00_MM,3.0,0.0,METAL_PLATE_8MM_CANDIDATE,8.0,0.0,7.0,REVERSED_AWAY_FROM_BELT,STANDARD_REVERSED,14.5,9.5,15.5,10.5,14.0,22.5,4.0,8.5,290.0,145.0,-145.0,0,0,0,0,0,7,7,2,10.0,10.0,1150.0,CONDITIONAL_PASS,
S2-COARSE-T8-BP+03.0-OP08.0,STAGE_2_INNER_SUPPORT_AND_FASTENERS,COARSE_BELT_0.50_OUTER_1.00_MM,3.0,0.0,METAL_PLATE_8MM_CANDIDATE,8.0,0.0,8.0,REVERSED_AWAY_FROM_BELT,STANDARD_REVERSED,14.5,9.5,15.5,10.5,14.0,22.5,4.0,8.5,290.0,145.0,-145.0,0,0,0,0,0,7,7,2,11.0,10.0,1147.0,CONDITIONAL_PASS,
S2-COARSE-T8-BP+03.0-OP09.0,STAGE_2_INNER_SUPPORT_AND_FASTENERS,COARSE_BELT_0.50_OUTER_1.00_MM,3.0,0.0,METAL_PLATE_8MM_CANDIDATE,8.0,0.0,9.0,REVERSED_AWAY_FROM_BELT,STANDARD_REVERSED,14.5,9.5,15.5,10.5,14.0,22.5,4.0,8.5,290.0,145.0,-145.0,0,0,0,0,0,7,7,2,12.0,10.0,1144.0,CONDITIONAL_PASS,
S2-COARSE-T8-BP+03.0-OP10.0,STAGE_2_INNER_SUPPORT_AND_FASTENERS,COARSE_BELT_0.50_OUTER_1.00_MM,3.0,0.0,METAL_PLATE_8MM_CANDIDATE,8.0,0.0,10.0,REVERSED_AWAY_FROM_BELT,STANDARD_REVERSED,14.5,9.5,15.5,10.5,14.0,22.5,4.0,8.5,290.0,145.0,-145.0,0,0,0,0,0,7,7,2,13.0,10.0,1141.0,CONDITIONAL_PASS,
S2-COARSE-T8-BP+03.5-OP00.0,STAGE_2_INNER_SUPPORT_AND_FASTENERS,COARSE_BELT_0.50_OUTER_1.00_MM,3.5,0.0,METAL_PLATE_8MM_CANDIDATE,8.0,0.0,0.0,REVERSED_AWAY_FROM_BELT,STANDARD_REVERSED,8.0,3.0,15.5,10.5,13.5,23.0,4.0,8.5,290.0,145.0,-145.0,0,0,0,0,0,7,7,2,3.5,10.0,39.5,FAIL,PTO_NOMINAL_LT_13;PTO_RESIDUAL_LT_8
S2-COARSE-T8-BP+03.5-OP01.0,STAGE_2_INNER_SUPPORT_AND_FASTENERS,COARSE_BELT_0.50_OUTER_1.00_MM,3.5,0.0,METAL_PLATE_8MM_CANDIDATE,8.0,0.0,1.0,REVERSED_AWAY_FROM_BELT,STANDARD_REVERSED,9.0,4.0,15.5,10.5,14.5,23.0,4.0,8.5,290.0,145.0,-145.0,0,0,0,0,0,7,7,2,4.5,10.0,56.5,FAIL,PTO_NOMINAL_LT_13;PTO_RESIDUAL_LT_8
S2-COARSE-T8-BP+03.5-OP02.0,STAGE_2_INNER_SUPPORT_AND_FASTENERS,COARSE_BELT_0.50_OUTER_1.00_MM,3.5,0.0,METAL_PLATE_8MM_CANDIDATE,8.0,0.0,2.0,REVERSED_AWAY_FROM_BELT,STANDARD_REVERSED,10.0,5.0,15.5,10.5,14.5,23.0,4.0,8.5,290.0,145.0,-145.0,0,0,0,0,0,7,7,2,5.5,10.0,73.5,FAIL,PTO_NOMINAL_LT_13;PTO_RESIDUAL_LT_8
S2-COARSE-T8-BP+03.5-OP03.0,STAGE_2_INNER_SUPPORT_AND_FASTENERS,COARSE_BELT_0.50_OUTER_1.00_MM,3.5,0.0,METAL_PLATE_8MM_CANDIDATE,8.0,0.0,3.0,REVERSED_AWAY_FROM_BELT,STANDARD_REVERSED,11.0,6.0,15.5,10.5,14.5,23.0,4.0,8.5,290.0,145.0,-145.0,0,0,0,0,0,7,7,2,6.5,10.0,90.5,FAIL,PTO_NOMINAL_LT_13;PTO_RESIDUAL_LT_8
S2-COARSE-T8-BP+03.5-OP04.0,STAGE_2_INNER_SUPPORT_AND_FASTENERS,COARSE_BELT_0.50_OUTER_1.00_MM,3.5,0.0,METAL_PLATE_8MM_CANDIDATE,8.0,0.0,4.0,REVERSED_AWAY_FROM_BELT,STANDARD_REVERSED,12.0,7.0,15.5,10.5,14.5,23.0,4.0,8.5,290.0,145.0,-145.0,0,0,0,0,0,7,7,2,7.5,10.0,107.5,FAIL,PTO_NOMINAL_LT_13;PTO_RESIDUAL_LT_8
S2-COARSE-T8-BP+03.5-OP05.0,STAGE_2_INNER_SUPPORT_AND_FASTENERS,COARSE_BELT_0.50_OUTER_1.00_MM,3.5,0.0,METAL_PLATE_8MM_CANDIDATE,8.0,0.0,5.0,REVERSED_AWAY_FROM_BELT,STANDARD_REVERSED,13.0,8.0,15.5,10.5,14.5,23.0,4.0,8.5,290.0,145.0,-145.0,0,0,0,0,0,7,7,2,8.5,10.0,1124.5,CONDITIONAL_PASS,
S2-COARSE-T8-BP+03.5-OP06.0,STAGE_2_INNER_SUPPORT_AND_FASTENERS,COARSE_BELT_0.50_OUTER_1.00_MM,3.5,0.0,METAL_PLATE_8MM_CANDIDATE,8.0,0.0,6.0,REVERSED_AWAY_FROM_BELT,STANDARD_REVERSED,14.0,9.0,15.5,10.5,14.5,23.0,4.0,8.5,290.0,145.0,-145.0,0,0,0,0,0,7,7,2,9.5,10.0,1141.5,CONDITIONAL_PASS,
S2-COARSE-T8-BP+03.5-OP07.0,STAGE_2_INNER_SUPPORT_AND_FASTENERS,COARSE_BELT_0.50_OUTER_1.00_MM,3.5,0.0,METAL_PLATE_8MM_CANDIDATE,8.0,0.0,7.0,REVERSED_AWAY_FROM_BELT,STANDARD_REVERSED,15.0,10.0,15.5,10.5,14.5,23.0,4.0,8.5,290.0,145.0,-145.0,0,0,0,0,0,7,7,2,10.5,10.0,1158.5,CONDITIONAL_PASS,
S2-COARSE-T8-BP+03.5-OP08.0,STAGE_2_INNER_SUPPORT_AND_FASTENERS,COARSE_BELT_0.50_OUTER_1.00_MM,3.5,0.0,METAL_PLATE_8MM_CANDIDATE,8.0,0.0,8.0,REVERSED_AWAY_FROM_BELT,STANDARD_REVERSED,15.0,10.0,15.5,10.5,14.5,23.0,4.0,8.5,290.0,145.0,-145.0,0,0,0,0,0,7,7,2,11.5,10.0,1155.5,CONDITIONAL_PASS,
S2-COARSE-T8-BP+03.5-OP09.0,STAGE_2_INNER_SUPPORT_AND_FASTENERS,COARSE_BELT_0.50_OUTER_1.00_MM,3.5,0.0,METAL_PLATE_8MM_CANDIDATE,8.0,0.0,9.0,REVERSED_AWAY_FROM_BELT,STANDARD_REVERSED,15.0,10.0,15.5,10.5,14.5,23.0,4.0,8.5,290.0,145.0,-145.0,0,0,0,0,0,7,7,2,12.5,10.0,1152.5,CONDITIONAL_PASS,
S2-COARSE-T8-BP+03.5-OP10.0,STAGE_2_INNER_SUPPORT_AND_FASTENERS,COARSE_BELT_0.50_OUTER_1.00_MM,3.5,0.0,METAL_PLATE_8MM_CANDIDATE,8.0,0.0,10.0,REVERSED_AWAY_FROM_BELT,STANDARD_REVERSED,15.0,10.0,15.5,10.5,14.5,23.0,4.0,8.5,290.0,145.0,-145.0,0,0,0,0,0,7,7,2,13.5,10.0,1149.5,CONDITIONAL_PASS,
S2-COARSE-T8-BP+04.0-OP00.0,STAGE_2_INNER_SUPPORT_AND_FASTENERS,COARSE_BELT_0.50_OUTER_1.00_MM,4.0,0.0,METAL_PLATE_8MM_CANDIDATE,8.0,0.0,0.0,REVERSED_AWAY_FROM_BELT,STANDARD_REVERSED,7.5,2.5,15.5,10.5,13.0,23.5,4.0,8.5,290.0,145.0,-145.0,0,0,0,0,0,7,7,2,4.0,10.0,28.0,FAIL,PTO_NOMINAL_LT_13;PTO_RESIDUAL_LT_8
S2-COARSE-T8-BP+04.0-OP01.0,STAGE_2_INNER_SUPPORT_AND_FASTENERS,COARSE_BELT_0.50_OUTER_1.00_MM,4.0,0.0,METAL_PLATE_8MM_CANDIDATE,8.0,0.0,1.0,REVERSED_AWAY_FROM_BELT,STANDARD_REVERSED,8.5,3.5,15.5,10.5,14.0,23.5,4.0,8.5,290.0,145.0,-145.0,0,0,0,0,0,7,7,2,5.0,10.0,45.0,FAIL,PTO_NOMINAL_LT_13;PTO_RESIDUAL_LT_8
S2-COARSE-T8-BP+04.0-OP02.0,STAGE_2_INNER_SUPPORT_AND_FASTENERS,COARSE_BELT_0.50_OUTER_1.00_MM,4.0,0.0,METAL_PLATE_8MM_CANDIDATE,8.0,0.0,2.0,REVERSED_AWAY_FROM_BELT,STANDARD_REVERSED,9.5,4.5,15.5,10.5,15.0,23.5,4.0,8.5,290.0,145.0,-145.0,0,0,0,0,0,7,7,2,6.0,10.0,62.0,FAIL,PTO_NOMINAL_LT_13;PTO_RESIDUAL_LT_8
S2-COARSE-T8-BP+04.0-OP03.0,STAGE_2_INNER_SUPPORT_AND_FASTENERS,COARSE_BELT_0.50_OUTER_1.00_MM,4.0,0.0,METAL_PLATE_8MM_CANDIDATE,8.0,0.0,3.0,REVERSED_AWAY_FROM_BELT,STANDARD_REVERSED,10.5,5.5,15.5,10.5,15.0,23.5,4.0,8.5,290.0,145.0,-145.0,0,0,0,0,0,7,7,2,7.0,10.0,79.0,FAIL,PTO_NOMINAL_LT_13;PTO_RESIDUAL_LT_8
S2-COARSE-T8-BP+04.0-OP04.0,STAGE_2_INNER_SUPPORT_AND_FASTENERS,COARSE_BELT_0.50_OUTER_1.00_MM,4.0,0.0,METAL_PLATE_8MM_CANDIDATE,8.0,0.0,4.0,REVERSED_AWAY_FROM_BELT,STANDARD_REVERSED,11.5,6.5,15.5,10.5,15.0,23.5,4.0,8.5,290.0,145.0,-145.0,0,0,0,0,0,7,7,2,8.0,10.0,96.0,FAIL,PTO_NOMINAL_LT_13;PTO_RESIDUAL_LT_8
S2-COARSE-T8-BP+04.0-OP05.0,STAGE_2_INNER_SUPPORT_AND_FASTENERS,COARSE_BELT_0.50_OUTER_1.00_MM,4.0,0.0,METAL_PLATE_8MM_CANDIDATE,8.0,0.0,5.0,REVERSED_AWAY_FROM_BELT,STANDARD_REVERSED,12.5,7.5,15.5,10.5,15.0,23.5,4.0,8.5,290.0,145.0,-145.0,0,0,0,0,0,7,7,2,9.0,10.0,113.0,FAIL,PTO_NOMINAL_LT_13;PTO_RESIDUAL_LT_8
S2-COARSE-T8-BP+04.0-OP06.0,STAGE_2_INNER_SUPPORT_AND_FASTENERS,COARSE_BELT_0.50_OUTER_1.00_MM,4.0,0.0,METAL_PLATE_8MM_CANDIDATE,8.0,0.0,6.0,REVERSED_AWAY_FROM_BELT,STANDARD_REVERSED,13.5,8.5,15.5,10.5,15.0,23.5,4.0,8.5,290.0,145.0,-145.0,0,0,0,0,0,7,7,2,10.0,10.0,1130.0,CONDITIONAL_PASS,
S2-COARSE-T8-BP+04.0-OP07.0,STAGE_2_INNER_SUPPORT_AND_FASTENERS,COARSE_BELT_0.50_OUTER_1.00_MM,4.0,0.0,METAL_PLATE_8MM_CANDIDATE,8.0,0.0,7.0,REVERSED_AWAY_FROM_BELT,STANDARD_REVERSED,14.5,9.5,15.5,10.5,15.0,23.5,4.0,8.5,290.0,145.0,-145.0,0,0,0,0,0,7,7,2,11.0,10.0,1147.0,CONDITIONAL_PASS,
S2-COARSE-T8-BP+04.0-OP08.0,STAGE_2_INNER_SUPPORT_AND_FASTENERS,COARSE_BELT_0.50_OUTER_1.00_MM,4.0,0.0,METAL_PLATE_8MM_CANDIDATE,8.0,0.0,8.0,REVERSED_AWAY_FROM_BELT,STANDARD_REVERSED,15.5,10.5,15.5,10.5,15.0,23.5,4.0,8.5,290.0,145.0,-145.0,0,0,0,0,0,7,7,2,12.0,10.0,1164.0,CONDITIONAL_PASS,
S2-COARSE-T8-BP+04.0-OP09.0,STAGE_2_INNER_SUPPORT_AND_FASTENERS,COARSE_BELT_0.50_OUTER_1.00_MM,4.0,0.0,METAL_PLATE_8MM_CANDIDATE,8.0,0.0,9.0,REVERSED_AWAY_FROM_BELT,STANDARD_REVERSED,15.5,10.5,15.5,10.5,15.0,23.5,4.0,8.5,290.0,145.0,-145.0,0,0,0,0,0,7,7,2,13.0,10.0,1161.0,CONDITIONAL_PASS,
S2-COARSE-T8-BP+04.0-OP10.0,STAGE_2_INNER_SUPPORT_AND_FASTENERS,COARSE_BELT_0.50_OUTER_1.00_MM,4.0,0.0,METAL_PLATE_8MM_CANDIDATE,8.0,0.0,10.0,REVERSED_AWAY_FROM_BELT,STANDARD_REVERSED,15.5,10.5,15.5,10.5,15.0,23.5,4.0,8.5,290.0,145.0,-145.0,0,0,0,0,0,7,7,2,14.0,10.0,1158.0,CONDITIONAL_PASS,
S2-COARSE-T8-BP+04.5-OP00.0,STAGE_2_INNER_SUPPORT_AND_FASTENERS,COARSE_BELT_0.50_OUTER_1.00_MM,4.5,0.0,METAL_PLATE_8MM_CANDIDATE,8.0,0.0,0.0,REVERSED_AWAY_FROM_BELT,STANDARD_REVERSED,7.0,2.0,15.5,10.5,12.5,24.0,4.0,8.5,290.0,145.0,-145.0,0,0,0,0,0,7,7,2,4.5,10.0,16.5,FAIL,PTO_NOMINAL_LT_13;PTO_RESIDUAL_LT_8
S2-COARSE-T8-BP+04.5-OP01.0,STAGE_2_INNER_SUPPORT_AND_FASTENERS,COARSE_BELT_0.50_OUTER_1.00_MM,4.5,0.0,METAL_PLATE_8MM_CANDIDATE,8.0,0.0,1.0,REVERSED_AWAY_FROM_BELT,STANDARD_REVERSED,8.0,3.0,15.5,10.5,13.5,24.0,4.0,8.5,290.0,145.0,-145.0,0,0,0,0,0,7,7,2,5.5,10.0,33.5,FAIL,PTO_NOMINAL_LT_13;PTO_RESIDUAL_LT_8
S2-COARSE-T8-BP+04.5-OP02.0,STAGE_2_INNER_SUPPORT_AND_FASTENERS,COARSE_BELT_0.50_OUTER_1.00_MM,4.5,0.0,METAL_PLATE_8MM_CANDIDATE,8.0,0.0,2.0,REVERSED_AWAY_FROM_BELT,STANDARD_REVERSED,9.0,4.0,15.5,10.5,14.5,24.0,4.0,8.5,290.0,145.0,-145.0,0,0,0,0,0,7,7,2,6.5,10.0,50.5,FAIL,PTO_NOMINAL_LT_13;PTO_RESIDUAL_LT_8
S2-COARSE-T8-BP+04.5-OP03.0,STAGE_2_INNER_SUPPORT_AND_FASTENERS,COARSE_BELT_0.50_OUTER_1.00_MM,4.5,0.0,METAL_PLATE_8MM_CANDIDATE,8.0,0.0,3.0,REVERSED_AWAY_FROM_BELT,STANDARD_REVERSED,10.0,5.0,15.5,10.5,15.5,24.0,4.0,8.5,290.0,145.0,-145.0,0,0,0,0,0,7,7,2,7.5,10.0,67.5,FAIL,PTO_NOMINAL_LT_13;PTO_RESIDUAL_LT_8
S2-COARSE-T8-BP+04.5-OP04.0,STAGE_2_INNER_SUPPORT_AND_FASTENERS,COARSE_BELT_0.50_OUTER_1.00_MM,4.5,0.0,METAL_PLATE_8MM_CANDIDATE,8.0,0.0,4.0,REVERSED_AWAY_FROM_BELT,STANDARD_REVERSED,11.0,6.0,15.5,10.5,15.5,24.0,4.0,8.5,290.0,145.0,-145.0,0,0,0,0,0,7,7,2,8.5,10.0,84.5,FAIL,PTO_NOMINAL_LT_13;PTO_RESIDUAL_LT_8
S2-COARSE-T8-BP+04.5-OP05.0,STAGE_2_INNER_SUPPORT_AND_FASTENERS,COARSE_BELT_0.50_OUTER_1.00_MM,4.5,0.0,METAL_PLATE_8MM_CANDIDATE,8.0,0.0,5.0,REVERSED_AWAY_FROM_BELT,STANDARD_REVERSED,12.0,7.0,15.5,10.5,15.5,24.0,4.0,8.5,290.0,145.0,-145.0,0,0,0,0,0,7,7,2,9.5,10.0,101.5,FAIL,PTO_NOMINAL_LT_13;PTO_RESIDUAL_LT_8
S2-COARSE-T8-BP+04.5-OP06.0,STAGE_2_INNER_SUPPORT_AND_FASTENERS,COARSE_BELT_0.50_OUTER_1.00_MM,4.5,0.0,METAL_PLATE_8MM_CANDIDATE,8.0,0.0,6.0,REVERSED_AWAY_FROM_BELT,STANDARD_REVERSED,13.0,8.0,15.5,10.5,15.5,24.0,4.0,8.5,290.0,145.0,-145.0,0,0,0,0,0,7,7,2,10.5,10.0,1118.5,CONDITIONAL_PASS,
S2-COARSE-T8-BP+04.5-OP07.0,STAGE_2_INNER_SUPPORT_AND_FASTENERS,COARSE_BELT_0.50_OUTER_1.00_MM,4.5,0.0,METAL_PLATE_8MM_CANDIDATE,8.0,0.0,7.0,REVERSED_AWAY_FROM_BELT,STANDARD_REVERSED,14.0,9.0,15.5,10.5,15.5,24.0,4.0,8.5,290.0,145.0,-145.0,0,0,0,0,0,7,7,2,11.5,10.0,1135.5,CONDITIONAL_PASS,
S2-COARSE-T8-BP+04.5-OP08.0,STAGE_2_INNER_SUPPORT_AND_FASTENERS,COARSE_BELT_0.50_OUTER_1.00_MM,4.5,0.0,METAL_PLATE_8MM_CANDIDATE,8.0,0.0,8.0,REVERSED_AWAY_FROM_BELT,STANDARD_REVERSED,15.0,10.0,15.5,10.5,15.5,24.0,4.0,8.5,290.0,145.0,-145.0,0,0,0,0,0,7,7,2,12.5,10.0,1152.5,CONDITIONAL_PASS,
S2-COARSE-T8-BP+04.5-OP09.0,STAGE_2_INNER_SUPPORT_AND_FASTENERS,COARSE_BELT_0.50_OUTER_1.00_MM,4.5,0.0,METAL_PLATE_8MM_CANDIDATE,8.0,0.0,9.0,REVERSED_AWAY_FROM_BELT,STANDARD_REVERSED,16.0,11.0,15.5,10.5,15.5,24.0,4.0,8.5,290.0,145.0,-145.0,0,0,0,0,0,7,7,2,13.5,10.0,1159.5,CONDITIONAL_PASS,
S2-COARSE-T8-BP+04.5-OP10.0,STAGE_2_INNER_SUPPORT_AND_FASTENERS,COARSE_BELT_0.50_OUTER_1.00_MM,4.5,0.0,METAL_PLATE_8MM_CANDIDATE,8.0,0.0,10.0,REVERSED_AWAY_FROM_BELT,STANDARD_REVERSED,16.0,11.0,15.5,10.5,15.5,24.0,4.0,8.5,290.0,145.0,-145.0,0,0,0,0,0,7,7,2,14.5,10.0,1156.5,CONDITIONAL_PASS,
S2-COARSE-T8-BP+05.0-OP00.0,STAGE_2_INNER_SUPPORT_AND_FASTENERS,COARSE_BELT_0.50_OUTER_1.00_MM,5.0,0.0,METAL_PLATE_8MM_CANDIDATE,8.0,0.0,0.0,REVERSED_AWAY_FROM_BELT,STANDARD_REVERSED,6.5,1.5,15.5,10.5,12.0,24.5,4.0,8.5,290.0,145.0,-145.0,0,0,0,0,0,7,7,2,5.0,10.0,5.0,FAIL,PTO_NOMINAL_LT_13;PTO_RESIDUAL_LT_8
S2-COARSE-T8-BP+05.0-OP01.0,STAGE_2_INNER_SUPPORT_AND_FASTENERS,COARSE_BELT_0.50_OUTER_1.00_MM,5.0,0.0,METAL_PLATE_8MM_CANDIDATE,8.0,0.0,1.0,REVERSED_AWAY_FROM_BELT,STANDARD_REVERSED,7.5,2.5,15.5,10.5,13.0,24.5,4.0,8.5,290.0,145.0,-145.0,0,0,0,0,0,7,7,2,6.0,10.0,22.0,FAIL,PTO_NOMINAL_LT_13;PTO_RESIDUAL_LT_8
S2-COARSE-T8-BP+05.0-OP02.0,STAGE_2_INNER_SUPPORT_AND_FASTENERS,COARSE_BELT_0.50_OUTER_1.00_MM,5.0,0.0,METAL_PLATE_8MM_CANDIDATE,8.0,0.0,2.0,REVERSED_AWAY_FROM_BELT,STANDARD_REVERSED,8.5,3.5,15.5,10.5,14.0,24.5,4.0,8.5,290.0,145.0,-145.0,0,0,0,0,0,7,7,2,7.0,10.0,39.0,FAIL,PTO_NOMINAL_LT_13;PTO_RESIDUAL_LT_8
S2-COARSE-T8-BP+05.0-OP03.0,STAGE_2_INNER_SUPPORT_AND_FASTENERS,COARSE_BELT_0.50_OUTER_1.00_MM,5.0,0.0,METAL_PLATE_8MM_CANDIDATE,8.0,0.0,3.0,REVERSED_AWAY_FROM_BELT,STANDARD_REVERSED,9.5,4.5,15.5,10.5,15.0,24.5,4.0,8.5,290.0,145.0,-145.0,0,0,0,0,0,7,7,2,8.0,10.0,56.0,FAIL,PTO_NOMINAL_LT_13;PTO_RESIDUAL_LT_8
S2-COARSE-T8-BP+05.0-OP04.0,STAGE_2_INNER_SUPPORT_AND_FASTENERS,COARSE_BELT_0.50_OUTER_1.00_MM,5.0,0.0,METAL_PLATE_8MM_CANDIDATE,8.0,0.0,4.0,REVERSED_AWAY_FROM_BELT,STANDARD_REVERSED,10.5,5.5,15.5,10.5,16.0,24.5,4.0,8.5,290.0,145.0,-145.0,0,0,0,0,0,7,7,2,9.0,10.0,73.0,FAIL,PTO_NOMINAL_LT_13;PTO_RESIDUAL_LT_8
S2-COARSE-T8-BP+05.0-OP05.0,STAGE_2_INNER_SUPPORT_AND_FASTENERS,COARSE_BELT_0.50_OUTER_1.00_MM,5.0,0.0,METAL_PLATE_8MM_CANDIDATE,8.0,0.0,5.0,REVERSED_AWAY_FROM_BELT,STANDARD_REVERSED,11.5,6.5,15.5,10.5,16.0,24.5,4.0,8.5,290.0,145.0,-145.0,0,0,0,0,0,7,7,2,10.0,10.0,90.0,FAIL,PTO_NOMINAL_LT_13;PTO_RESIDUAL_LT_8
S2-COARSE-T8-BP+05.0-OP06.0,STAGE_2_INNER_SUPPORT_AND_FASTENERS,COARSE_BELT_0.50_OUTER_1.00_MM,5.0,0.0,METAL_PLATE_8MM_CANDIDATE,8.0,0.0,6.0,REVERSED_AWAY_FROM_BELT,STANDARD_REVERSED,12.5,7.5,15.5,10.5,16.0,24.5,4.0,8.5,290.0,145.0,-145.0,0,0,0,0,0,7,7,2,11.0,10.0,107.0,FAIL,PTO_NOMINAL_LT_13;PTO_RESIDUAL_LT_8
S2-COARSE-T8-BP+05.0-OP07.0,STAGE_2_INNER_SUPPORT_AND_FASTENERS,COARSE_BELT_0.50_OUTER_1.00_MM,5.0,0.0,METAL_PLATE_8MM_CANDIDATE,8.0,0.0,7.0,REVERSED_AWAY_FROM_BELT,STANDARD_REVERSED,13.5,8.5,15.5,10.5,16.0,24.5,4.0,8.5,290.0,145.0,-145.0,0,0,0,0,0,7,7,2,12.0,10.0,1124.0,CONDITIONAL_PASS,
S2-COARSE-T8-BP+05.0-OP08.0,STAGE_2_INNER_SUPPORT_AND_FASTENERS,COARSE_BELT_0.50_OUTER_1.00_MM,5.0,0.0,METAL_PLATE_8MM_CANDIDATE,8.0,0.0,8.0,REVERSED_AWAY_FROM_BELT,STANDARD_REVERSED,14.5,9.5,15.5,10.5,16.0,24.5,4.0,8.5,290.0,145.0,-145.0,0,0,0,0,0,7,7,2,13.0,10.0,1141.0,CONDITIONAL_PASS,
S2-COARSE-T8-BP+05.0-OP09.0,STAGE_2_INNER_SUPPORT_AND_FASTENERS,COARSE_BELT_0.50_OUTER_1.00_MM,5.0,0.0,METAL_PLATE_8MM_CANDIDATE,8.0,0.0,9.0,REVERSED_AWAY_FROM_BELT,STANDARD_REVERSED,15.5,10.5,15.5,10.5,16.0,24.5,4.0,8.5,290.0,145.0,-145.0,0,0,0,0,0,7,7,2,14.0,10.0,1158.0,CONDITIONAL_PASS,
S2-COARSE-T8-BP+05.0-OP10.0,STAGE_2_INNER_SUPPORT_AND_FASTENERS,COARSE_BELT_0.50_OUTER_1.00_MM,5.0,0.0,METAL_PLATE_8MM_CANDIDATE,8.0,0.0,10.0,REVERSED_AWAY_FROM_BELT,STANDARD_REVERSED,16.5,11.5,15.5,10.5,16.0,24.5,4.0,8.5,290.0,145.0,-145.0,0,0,0,0,0,7,7,2,15.0,10.0,1155.0,CONDITIONAL_PASS,
S2-COARSE-T8-BP+05.5-OP00.0,STAGE_2_INNER_SUPPORT_AND_FASTENERS,COARSE_BELT_0.50_OUTER_1.00_MM,5.5,0.0,METAL_PLATE_8MM_CANDIDATE,8.0,0.0,0.0,REVERSED_AWAY_FROM_BELT,STANDARD_REVERSED,6.0,1.0,15.5,10.5,11.5,25.0,4.0,8.5,290.0,145.0,-145.0,0,0,0,0,0,7,7,2,5.5,10.0,-6.5,FAIL,PTO_NOMINAL_LT_13;PTO_RESIDUAL_LT_8
S2-COARSE-T8-BP+05.5-OP01.0,STAGE_2_INNER_SUPPORT_AND_FASTENERS,COARSE_BELT_0.50_OUTER_1.00_MM,5.5,0.0,METAL_PLATE_8MM_CANDIDATE,8.0,0.0,1.0,REVERSED_AWAY_FROM_BELT,STANDARD_REVERSED,7.0,2.0,15.5,10.5,12.5,25.0,4.0,8.5,290.0,145.0,-145.0,0,0,0,0,0,7,7,2,6.5,10.0,10.5,FAIL,PTO_NOMINAL_LT_13;PTO_RESIDUAL_LT_8
S2-COARSE-T8-BP+05.5-OP02.0,STAGE_2_INNER_SUPPORT_AND_FASTENERS,COARSE_BELT_0.50_OUTER_1.00_MM,5.5,0.0,METAL_PLATE_8MM_CANDIDATE,8.0,0.0,2.0,REVERSED_AWAY_FROM_BELT,STANDARD_REVERSED,8.0,3.0,15.5,10.5,13.5,25.0,4.0,8.5,290.0,145.0,-145.0,0,0,0,0,0,7,7,2,7.5,10.0,27.5,FAIL,PTO_NOMINAL_LT_13;PTO_RESIDUAL_LT_8
S2-COARSE-T8-BP+05.5-OP03.0,STAGE_2_INNER_SUPPORT_AND_FASTENERS,COARSE_BELT_0.50_OUTER_1.00_MM,5.5,0.0,METAL_PLATE_8MM_CANDIDATE,8.0,0.0,3.0,REVERSED_AWAY_FROM_BELT,STANDARD_REVERSED,9.0,4.0,15.5,10.5,14.5,25.0,4.0,8.5,290.0,145.0,-145.0,0,0,0,0,0,7,7,2,8.5,10.0,44.5,FAIL,PTO_NOMINAL_LT_13;PTO_RESIDUAL_LT_8
S2-COARSE-T8-BP+05.5-OP04.0,STAGE_2_INNER_SUPPORT_AND_FASTENERS,COARSE_BELT_0.50_OUTER_1.00_MM,5.5,0.0,METAL_PLATE_8MM_CANDIDATE,8.0,0.0,4.0,REVERSED_AWAY_FROM_BELT,STANDARD_REVERSED,10.0,5.0,15.5,10.5,15.5,25.0,4.0,8.5,290.0,145.0,-145.0,0,0,0,0,0,7,7,2,9.5,10.0,61.5,FAIL,PTO_NOMINAL_LT_13;PTO_RESIDUAL_LT_8
S2-COARSE-T8-BP+05.5-OP05.0,STAGE_2_INNER_SUPPORT_AND_FASTENERS,COARSE_BELT_0.50_OUTER_1.00_MM,5.5,0.0,METAL_PLATE_8MM_CANDIDATE,8.0,0.0,5.0,REVERSED_AWAY_FROM_BELT,STANDARD_REVERSED,11.0,6.0,15.5,10.5,16.5,25.0,4.0,8.5,290.0,145.0,-145.0,0,0,0,0,0,7,7,2,10.5,10.0,78.5,FAIL,PTO_NOMINAL_LT_13;PTO_RESIDUAL_LT_8
S2-COARSE-T8-BP+05.5-OP06.0,STAGE_2_INNER_SUPPORT_AND_FASTENERS,COARSE_BELT_0.50_OUTER_1.00_MM,5.5,0.0,METAL_PLATE_8MM_CANDIDATE,8.0,0.0,6.0,REVERSED_AWAY_FROM_BELT,STANDARD_REVERSED,12.0,7.0,15.5,10.5,16.5,25.0,4.0,8.5,290.0,145.0,-145.0,0,0,0,0,0,7,7,2,11.5,10.0,95.5,FAIL,PTO_NOMINAL_LT_13;PTO_RESIDUAL_LT_8
S2-COARSE-T8-BP+05.5-OP07.0,STAGE_2_INNER_SUPPORT_AND_FASTENERS,COARSE_BELT_0.50_OUTER_1.00_MM,5.5,0.0,METAL_PLATE_8MM_CANDIDATE,8.0,0.0,7.0,REVERSED_AWAY_FROM_BELT,STANDARD_REVERSED,13.0,8.0,15.5,10.5,16.5,25.0,4.0,8.5,290.0,145.0,-145.0,0,0,0,0,0,7,7,2,12.5,10.0,1112.5,CONDITIONAL_PASS,
S2-COARSE-T8-BP+05.5-OP08.0,STAGE_2_INNER_SUPPORT_AND_FASTENERS,COARSE_BELT_0.50_OUTER_1.00_MM,5.5,0.0,METAL_PLATE_8MM_CANDIDATE,8.0,0.0,8.0,REVERSED_AWAY_FROM_BELT,STANDARD_REVERSED,14.0,9.0,15.5,10.5,16.5,25.0,4.0,8.5,290.0,145.0,-145.0,0,0,0,0,0,7,7,2,13.5,10.0,1129.5,CONDITIONAL_PASS,
S2-COARSE-T8-BP+05.5-OP09.0,STAGE_2_INNER_SUPPORT_AND_FASTENERS,COARSE_BELT_0.50_OUTER_1.00_MM,5.5,0.0,METAL_PLATE_8MM_CANDIDATE,8.0,0.0,9.0,REVERSED_AWAY_FROM_BELT,STANDARD_REVERSED,15.0,10.0,15.5,10.5,16.5,25.0,4.0,8.5,290.0,145.0,-145.0,0,0,0,0,0,7,7,2,14.5,10.0,1146.5,CONDITIONAL_PASS,
S2-COARSE-T8-BP+05.5-OP10.0,STAGE_2_INNER_SUPPORT_AND_FASTENERS,COARSE_BELT_0.50_OUTER_1.00_MM,5.5,0.0,METAL_PLATE_8MM_CANDIDATE,8.0,0.0,10.0,REVERSED_AWAY_FROM_BELT,STANDARD_REVERSED,16.0,11.0,15.5,10.5,16.5,25.0,4.0,8.5,290.0,145.0,-145.0,0,0,0,0,0,7,7,2,15.5,10.0,1153.5,CONDITIONAL_PASS,
S2-COARSE-T8-BP+06.0-OP00.0,STAGE_2_INNER_SUPPORT_AND_FASTENERS,COARSE_BELT_0.50_OUTER_1.00_MM,6.0,0.0,METAL_PLATE_8MM_CANDIDATE,8.0,0.0,0.0,REVERSED_AWAY_FROM_BELT,STANDARD_REVERSED,5.5,0.5,15.5,10.5,11.0,25.5,4.0,8.5,290.0,145.0,-145.0,0,0,0,0,0,7,7,2,6.0,10.0,-18.0,FAIL,PTO_NOMINAL_LT_13;PTO_RESIDUAL_LT_8
S2-COARSE-T8-BP+06.0-OP01.0,STAGE_2_INNER_SUPPORT_AND_FASTENERS,COARSE_BELT_0.50_OUTER_1.00_MM,6.0,0.0,METAL_PLATE_8MM_CANDIDATE,8.0,0.0,1.0,REVERSED_AWAY_FROM_BELT,STANDARD_REVERSED,6.5,1.5,15.5,10.5,12.0,25.5,4.0,8.5,290.0,145.0,-145.0,0,0,0,0,0,7,7,2,7.0,10.0,-1.0,FAIL,PTO_NOMINAL_LT_13;PTO_RESIDUAL_LT_8
S2-COARSE-T8-BP+06.0-OP02.0,STAGE_2_INNER_SUPPORT_AND_FASTENERS,COARSE_BELT_0.50_OUTER_1.00_MM,6.0,0.0,METAL_PLATE_8MM_CANDIDATE,8.0,0.0,2.0,REVERSED_AWAY_FROM_BELT,STANDARD_REVERSED,7.5,2.5,15.5,10.5,13.0,25.5,4.0,8.5,290.0,145.0,-145.0,0,0,0,0,0,7,7,2,8.0,10.0,16.0,FAIL,PTO_NOMINAL_LT_13;PTO_RESIDUAL_LT_8
S2-COARSE-T8-BP+06.0-OP03.0,STAGE_2_INNER_SUPPORT_AND_FASTENERS,COARSE_BELT_0.50_OUTER_1.00_MM,6.0,0.0,METAL_PLATE_8MM_CANDIDATE,8.0,0.0,3.0,REVERSED_AWAY_FROM_BELT,STANDARD_REVERSED,8.5,3.5,15.5,10.5,14.0,25.5,4.0,8.5,290.0,145.0,-145.0,0,0,0,0,0,7,7,2,9.0,10.0,33.0,FAIL,PTO_NOMINAL_LT_13;PTO_RESIDUAL_LT_8
S2-COARSE-T8-BP+06.0-OP04.0,STAGE_2_INNER_SUPPORT_AND_FASTENERS,COARSE_BELT_0.50_OUTER_1.00_MM,6.0,0.0,METAL_PLATE_8MM_CANDIDATE,8.0,0.0,4.0,REVERSED_AWAY_FROM_BELT,STANDARD_REVERSED,9.5,4.5,15.5,10.5,15.0,25.5,4.0,8.5,290.0,145.0,-145.0,0,0,0,0,0,7,7,2,10.0,10.0,50.0,FAIL,PTO_NOMINAL_LT_13;PTO_RESIDUAL_LT_8
S2-COARSE-T8-BP+06.0-OP05.0,STAGE_2_INNER_SUPPORT_AND_FASTENERS,COARSE_BELT_0.50_OUTER_1.00_MM,6.0,0.0,METAL_PLATE_8MM_CANDIDATE,8.0,0.0,5.0,REVERSED_AWAY_FROM_BELT,STANDARD_REVERSED,10.5,5.5,15.5,10.5,16.0,25.5,4.0,8.5,290.0,145.0,-145.0,0,0,0,0,0,7,7,2,11.0,10.0,67.0,FAIL,PTO_NOMINAL_LT_13;PTO_RESIDUAL_LT_8
S2-COARSE-T8-BP+06.0-OP06.0,STAGE_2_INNER_SUPPORT_AND_FASTENERS,COARSE_BELT_0.50_OUTER_1.00_MM,6.0,0.0,METAL_PLATE_8MM_CANDIDATE,8.0,0.0,6.0,REVERSED_AWAY_FROM_BELT,STANDARD_REVERSED,11.5,6.5,15.5,10.5,17.0,25.5,4.0,8.5,290.0,145.0,-145.0,0,0,0,0,0,7,7,2,12.0,10.0,84.0,FAIL,PTO_NOMINAL_LT_13;PTO_RESIDUAL_LT_8
S2-COARSE-T8-BP+06.0-OP07.0,STAGE_2_INNER_SUPPORT_AND_FASTENERS,COARSE_BELT_0.50_OUTER_1.00_MM,6.0,0.0,METAL_PLATE_8MM_CANDIDATE,8.0,0.0,7.0,REVERSED_AWAY_FROM_BELT,STANDARD_REVERSED,12.5,7.5,15.5,10.5,17.0,25.5,4.0,8.5,290.0,145.0,-145.0,0,0,0,0,0,7,7,2,13.0,10.0,101.0,FAIL,PTO_NOMINAL_LT_13;PTO_RESIDUAL_LT_8
S2-COARSE-T8-BP+06.0-OP08.0,STAGE_2_INNER_SUPPORT_AND_FASTENERS,COARSE_BELT_0.50_OUTER_1.00_MM,6.0,0.0,METAL_PLATE_8MM_CANDIDATE,8.0,0.0,8.0,REVERSED_AWAY_FROM_BELT,STANDARD_REVERSED,13.5,8.5,15.5,10.5,17.0,25.5,4.0,8.5,290.0,145.0,-145.0,0,0,0,0,0,7,7,2,14.0,10.0,1118.0,CONDITIONAL_PASS,
S2-COARSE-T8-BP+06.0-OP09.0,STAGE_2_INNER_SUPPORT_AND_FASTENERS,COARSE_BELT_0.50_OUTER_1.00_MM,6.0,0.0,METAL_PLATE_8MM_CANDIDATE,8.0,0.0,9.0,REVERSED_AWAY_FROM_BELT,STANDARD_REVERSED,14.5,9.5,15.5,10.5,17.0,25.5,4.0,8.5,290.0,145.0,-145.0,0,0,0,0,0,7,7,2,15.0,10.0,1135.0,CONDITIONAL_PASS,
S2-COARSE-T8-BP+06.0-OP10.0,STAGE_2_INNER_SUPPORT_AND_FASTENERS,COARSE_BELT_0.50_OUTER_1.00_MM,6.0,0.0,METAL_PLATE_8MM_CANDIDATE,8.0,0.0,10.0,REVERSED_AWAY_FROM_BELT,STANDARD_REVERSED,15.5,10.5,15.5,10.5,17.0,25.5,4.0,8.5,290.0,145.0,-145.0,0,0,0,0,0,7,7,2,16.0,10.0,1152.0,CONDITIONAL_PASS,
S2-COARSE-T8-BP+06.5-OP00.0,STAGE_2_INNER_SUPPORT_AND_FASTENERS,COARSE_BELT_0.50_OUTER_1.00_MM,6.5,0.0,METAL_PLATE_8MM_CANDIDATE,8.0,0.0,0.0,REVERSED_AWAY_FROM_BELT,STANDARD_REVERSED,5.0,0.0,15.5,10.5,10.5,26.0,4.0,8.5,290.0,145.0,-145.0,0,0,0,0,0,7,7,2,6.5,10.0,-29.5,FAIL,PTO_NOMINAL_LT_13;PTO_RESIDUAL_LT_8
S2-COARSE-T8-BP+06.5-OP01.0,STAGE_2_INNER_SUPPORT_AND_FASTENERS,COARSE_BELT_0.50_OUTER_1.00_MM,6.5,0.0,METAL_PLATE_8MM_CANDIDATE,8.0,0.0,1.0,REVERSED_AWAY_FROM_BELT,STANDARD_REVERSED,6.0,1.0,15.5,10.5,11.5,26.0,4.0,8.5,290.0,145.0,-145.0,0,0,0,0,0,7,7,2,7.5,10.0,-12.5,FAIL,PTO_NOMINAL_LT_13;PTO_RESIDUAL_LT_8
S2-COARSE-T8-BP+06.5-OP02.0,STAGE_2_INNER_SUPPORT_AND_FASTENERS,COARSE_BELT_0.50_OUTER_1.00_MM,6.5,0.0,METAL_PLATE_8MM_CANDIDATE,8.0,0.0,2.0,REVERSED_AWAY_FROM_BELT,STANDARD_REVERSED,7.0,2.0,15.5,10.5,12.5,26.0,4.0,8.5,290.0,145.0,-145.0,0,0,0,0,0,7,7,2,8.5,10.0,4.5,FAIL,PTO_NOMINAL_LT_13;PTO_RESIDUAL_LT_8
S2-COARSE-T8-BP+06.5-OP03.0,STAGE_2_INNER_SUPPORT_AND_FASTENERS,COARSE_BELT_0.50_OUTER_1.00_MM,6.5,0.0,METAL_PLATE_8MM_CANDIDATE,8.0,0.0,3.0,REVERSED_AWAY_FROM_BELT,STANDARD_REVERSED,8.0,3.0,15.5,10.5,13.5,26.0,4.0,8.5,290.0,145.0,-145.0,0,0,0,0,0,7,7,2,9.5,10.0,21.5,FAIL,PTO_NOMINAL_LT_13;PTO_RESIDUAL_LT_8
S2-COARSE-T8-BP+06.5-OP04.0,STAGE_2_INNER_SUPPORT_AND_FASTENERS,COARSE_BELT_0.50_OUTER_1.00_MM,6.5,0.0,METAL_PLATE_8MM_CANDIDATE,8.0,0.0,4.0,REVERSED_AWAY_FROM_BELT,STANDARD_REVERSED,9.0,4.0,15.5,10.5,14.5,26.0,4.0,8.5,290.0,145.0,-145.0,0,0,0,0,0,7,7,2,10.5,10.0,38.5,FAIL,PTO_NOMINAL_LT_13;PTO_RESIDUAL_LT_8
S2-COARSE-T8-BP+06.5-OP05.0,STAGE_2_INNER_SUPPORT_AND_FASTENERS,COARSE_BELT_0.50_OUTER_1.00_MM,6.5,0.0,METAL_PLATE_8MM_CANDIDATE,8.0,0.0,5.0,REVERSED_AWAY_FROM_BELT,STANDARD_REVERSED,10.0,5.0,15.5,10.5,15.5,26.0,4.0,8.5,290.0,145.0,-145.0,0,0,0,0,0,7,7,2,11.5,10.0,55.5,FAIL,PTO_NOMINAL_LT_13;PTO_RESIDUAL_LT_8
S2-COARSE-T8-BP+06.5-OP06.0,STAGE_2_INNER_SUPPORT_AND_FASTENERS,COARSE_BELT_0.50_OUTER_1.00_MM,6.5,0.0,METAL_PLATE_8MM_CANDIDATE,8.0,0.0,6.0,REVERSED_AWAY_FROM_BELT,STANDARD_REVERSED,11.0,6.0,15.5,10.5,16.5,26.0,4.0,8.5,290.0,145.0,-145.0,0,0,0,0,0,7,7,2,12.5,10.0,72.5,FAIL,PTO_NOMINAL_LT_13;PTO_RESIDUAL_LT_8
S2-COARSE-T8-BP+06.5-OP07.0,STAGE_2_INNER_SUPPORT_AND_FASTENERS,COARSE_BELT_0.50_OUTER_1.00_MM,6.5,0.0,METAL_PLATE_8MM_CANDIDATE,8.0,0.0,7.0,REVERSED_AWAY_FROM_BELT,STANDARD_REVERSED,12.0,7.0,15.5,10.5,17.5,26.0,4.0,8.5,290.0,145.0,-145.0,0,0,0,0,0,7,7,2,13.5,10.0,89.5,FAIL,PTO_NOMINAL_LT_13;PTO_RESIDUAL_LT_8
S2-COARSE-T8-BP+06.5-OP08.0,STAGE_2_INNER_SUPPORT_AND_FASTENERS,COARSE_BELT_0.50_OUTER_1.00_MM,6.5,0.0,METAL_PLATE_8MM_CANDIDATE,8.0,0.0,8.0,REVERSED_AWAY_FROM_BELT,STANDARD_REVERSED,13.0,8.0,15.5,10.5,17.5,26.0,4.0,8.5,290.0,145.0,-145.0,0,0,0,0,0,7,7,2,14.5,10.0,1106.5,CONDITIONAL_PASS,
S2-COARSE-T8-BP+06.5-OP09.0,STAGE_2_INNER_SUPPORT_AND_FASTENERS,COARSE_BELT_0.50_OUTER_1.00_MM,6.5,0.0,METAL_PLATE_8MM_CANDIDATE,8.0,0.0,9.0,REVERSED_AWAY_FROM_BELT,STANDARD_REVERSED,14.0,9.0,15.5,10.5,17.5,26.0,4.0,8.5,290.0,145.0,-145.0,0,0,0,0,0,7,7,2,15.5,10.0,1123.5,CONDITIONAL_PASS,
S2-COARSE-T8-BP+06.5-OP10.0,STAGE_2_INNER_SUPPORT_AND_FASTENERS,COARSE_BELT_0.50_OUTER_1.00_MM,6.5,0.0,METAL_PLATE_8MM_CANDIDATE,8.0,0.0,10.0,REVERSED_AWAY_FROM_BELT,STANDARD_REVERSED,15.0,10.0,15.5,10.5,17.5,26.0,4.0,8.5,290.0,145.0,-145.0,0,0,0,0,0,7,7,2,16.5,10.0,1140.5,CONDITIONAL_PASS,
S2-COARSE-T8-BP+07.0-OP00.0,STAGE_2_INNER_SUPPORT_AND_FASTENERS,COARSE_BELT_0.50_OUTER_1.00_MM,7.0,0.0,METAL_PLATE_8MM_CANDIDATE,8.0,0.0,0.0,REVERSED_AWAY_FROM_BELT,STANDARD_REVERSED,4.5,-0.5,15.5,10.5,10.0,26.5,4.0,8.5,290.0,145.0,-145.0,0,0,0,0,0,7,7,2,7.0,10.0,-41.0,FAIL,PTO_NOMINAL_LT_13;PTO_RESIDUAL_LT_8
S2-COARSE-T8-BP+07.0-OP01.0,STAGE_2_INNER_SUPPORT_AND_FASTENERS,COARSE_BELT_0.50_OUTER_1.00_MM,7.0,0.0,METAL_PLATE_8MM_CANDIDATE,8.0,0.0,1.0,REVERSED_AWAY_FROM_BELT,STANDARD_REVERSED,5.5,0.5,15.5,10.5,11.0,26.5,4.0,8.5,290.0,145.0,-145.0,0,0,0,0,0,7,7,2,8.0,10.0,-24.0,FAIL,PTO_NOMINAL_LT_13;PTO_RESIDUAL_LT_8
S2-COARSE-T8-BP+07.0-OP02.0,STAGE_2_INNER_SUPPORT_AND_FASTENERS,COARSE_BELT_0.50_OUTER_1.00_MM,7.0,0.0,METAL_PLATE_8MM_CANDIDATE,8.0,0.0,2.0,REVERSED_AWAY_FROM_BELT,STANDARD_REVERSED,6.5,1.5,15.5,10.5,12.0,26.5,4.0,8.5,290.0,145.0,-145.0,0,0,0,0,0,7,7,2,9.0,10.0,-7.0,FAIL,PTO_NOMINAL_LT_13;PTO_RESIDUAL_LT_8
S2-COARSE-T8-BP+07.0-OP03.0,STAGE_2_INNER_SUPPORT_AND_FASTENERS,COARSE_BELT_0.50_OUTER_1.00_MM,7.0,0.0,METAL_PLATE_8MM_CANDIDATE,8.0,0.0,3.0,REVERSED_AWAY_FROM_BELT,STANDARD_REVERSED,7.5,2.5,15.5,10.5,13.0,26.5,4.0,8.5,290.0,145.0,-145.0,0,0,0,0,0,7,7,2,10.0,10.0,10.0,FAIL,PTO_NOMINAL_LT_13;PTO_RESIDUAL_LT_8
S2-COARSE-T8-BP+07.0-OP04.0,STAGE_2_INNER_SUPPORT_AND_FASTENERS,COARSE_BELT_0.50_OUTER_1.00_MM,7.0,0.0,METAL_PLATE_8MM_CANDIDATE,8.0,0.0,4.0,REVERSED_AWAY_FROM_BELT,STANDARD_REVERSED,8.5,3.5,15.5,10.5,14.0,26.5,4.0,8.5,290.0,145.0,-145.0,0,0,0,0,0,7,7,2,11.0,10.0,27.0,FAIL,PTO_NOMINAL_LT_13;PTO_RESIDUAL_LT_8
S2-COARSE-T8-BP+07.0-OP05.0,STAGE_2_INNER_SUPPORT_AND_FASTENERS,COARSE_BELT_0.50_OUTER_1.00_MM,7.0,0.0,METAL_PLATE_8MM_CANDIDATE,8.0,0.0,5.0,REVERSED_AWAY_FROM_BELT,STANDARD_REVERSED,9.5,4.5,15.5,10.5,15.0,26.5,4.0,8.5,290.0,145.0,-145.0,0,0,0,0,0,7,7,2,12.0,10.0,44.0,FAIL,PTO_NOMINAL_LT_13;PTO_RESIDUAL_LT_8
S2-COARSE-T8-BP+07.0-OP06.0,STAGE_2_INNER_SUPPORT_AND_FASTENERS,COARSE_BELT_0.50_OUTER_1.00_MM,7.0,0.0,METAL_PLATE_8MM_CANDIDATE,8.0,0.0,6.0,REVERSED_AWAY_FROM_BELT,STANDARD_REVERSED,10.5,5.5,15.5,10.5,16.0,26.5,4.0,8.5,290.0,145.0,-145.0,0,0,0,0,0,7,7,2,13.0,10.0,61.0,FAIL,PTO_NOMINAL_LT_13;PTO_RESIDUAL_LT_8
S2-COARSE-T8-BP+07.0-OP07.0,STAGE_2_INNER_SUPPORT_AND_FASTENERS,COARSE_BELT_0.50_OUTER_1.00_MM,7.0,0.0,METAL_PLATE_8MM_CANDIDATE,8.0,0.0,7.0,REVERSED_AWAY_FROM_BELT,STANDARD_REVERSED,11.5,6.5,15.5,10.5,17.0,26.5,4.0,8.5,290.0,145.0,-145.0,0,0,0,0,0,7,7,2,14.0,10.0,78.0,FAIL,PTO_NOMINAL_LT_13;PTO_RESIDUAL_LT_8
S2-COARSE-T8-BP+07.0-OP08.0,STAGE_2_INNER_SUPPORT_AND_FASTENERS,COARSE_BELT_0.50_OUTER_1.00_MM,7.0,0.0,METAL_PLATE_8MM_CANDIDATE,8.0,0.0,8.0,REVERSED_AWAY_FROM_BELT,STANDARD_REVERSED,12.5,7.5,15.5,10.5,18.0,26.5,4.0,8.5,290.0,145.0,-145.0,0,0,0,0,0,7,7,2,15.0,10.0,95.0,FAIL,PTO_NOMINAL_LT_13;PTO_RESIDUAL_LT_8
S2-COARSE-T8-BP+07.0-OP09.0,STAGE_2_INNER_SUPPORT_AND_FASTENERS,COARSE_BELT_0.50_OUTER_1.00_MM,7.0,0.0,METAL_PLATE_8MM_CANDIDATE,8.0,0.0,9.0,REVERSED_AWAY_FROM_BELT,STANDARD_REVERSED,13.5,8.5,15.5,10.5,18.0,26.5,4.0,8.5,290.0,145.0,-145.0,0,0,0,0,0,7,7,2,16.0,10.0,1112.0,CONDITIONAL_PASS,
S2-COARSE-T8-BP+07.0-OP10.0,STAGE_2_INNER_SUPPORT_AND_FASTENERS,COARSE_BELT_0.50_OUTER_1.00_MM,7.0,0.0,METAL_PLATE_8MM_CANDIDATE,8.0,0.0,10.0,REVERSED_AWAY_FROM_BELT,STANDARD_REVERSED,14.5,9.5,15.5,10.5,18.0,26.5,4.0,8.5,290.0,145.0,-145.0,0,0,0,0,0,7,7,2,17.0,10.0,1129.0,CONDITIONAL_PASS,
S2-COARSE-T8-BP+07.5-OP00.0,STAGE_2_INNER_SUPPORT_AND_FASTENERS,COARSE_BELT_0.50_OUTER_1.00_MM,7.5,0.0,METAL_PLATE_8MM_CANDIDATE,8.0,0.0,0.0,REVERSED_AWAY_FROM_BELT,STANDARD_REVERSED,4.0,-1.0,15.5,10.5,9.5,27.0,4.0,8.5,290.0,145.0,-145.0,0,0,0,0,0,7,7,2,7.5,10.0,-52.5,FAIL,PTO_NOMINAL_LT_13;PTO_RESIDUAL_LT_8;PULLEY_FIXED_LT_10
S2-COARSE-T8-BP+07.5-OP01.0,STAGE_2_INNER_SUPPORT_AND_FASTENERS,COARSE_BELT_0.50_OUTER_1.00_MM,7.5,0.0,METAL_PLATE_8MM_CANDIDATE,8.0,0.0,1.0,REVERSED_AWAY_FROM_BELT,STANDARD_REVERSED,5.0,0.0,15.5,10.5,10.5,27.0,4.0,8.5,290.0,145.0,-145.0,0,0,0,0,0,7,7,2,8.5,10.0,-35.5,FAIL,PTO_NOMINAL_LT_13;PTO_RESIDUAL_LT_8
S2-COARSE-T8-BP+07.5-OP02.0,STAGE_2_INNER_SUPPORT_AND_FASTENERS,COARSE_BELT_0.50_OUTER_1.00_MM,7.5,0.0,METAL_PLATE_8MM_CANDIDATE,8.0,0.0,2.0,REVERSED_AWAY_FROM_BELT,STANDARD_REVERSED,6.0,1.0,15.5,10.5,11.5,27.0,4.0,8.5,290.0,145.0,-145.0,0,0,0,0,0,7,7,2,9.5,10.0,-18.5,FAIL,PTO_NOMINAL_LT_13;PTO_RESIDUAL_LT_8
S2-COARSE-T8-BP+07.5-OP03.0,STAGE_2_INNER_SUPPORT_AND_FASTENERS,COARSE_BELT_0.50_OUTER_1.00_MM,7.5,0.0,METAL_PLATE_8MM_CANDIDATE,8.0,0.0,3.0,REVERSED_AWAY_FROM_BELT,STANDARD_REVERSED,7.0,2.0,15.5,10.5,12.5,27.0,4.0,8.5,290.0,145.0,-145.0,0,0,0,0,0,7,7,2,10.5,10.0,-1.5,FAIL,PTO_NOMINAL_LT_13;PTO_RESIDUAL_LT_8
S2-COARSE-T8-BP+07.5-OP04.0,STAGE_2_INNER_SUPPORT_AND_FASTENERS,COARSE_BELT_0.50_OUTER_1.00_MM,7.5,0.0,METAL_PLATE_8MM_CANDIDATE,8.0,0.0,4.0,REVERSED_AWAY_FROM_BELT,STANDARD_REVERSED,8.0,3.0,15.5,10.5,13.5,27.0,4.0,8.5,290.0,145.0,-145.0,0,0,0,0,0,7,7,2,11.5,10.0,15.5,FAIL,PTO_NOMINAL_LT_13;PTO_RESIDUAL_LT_8
S2-COARSE-T8-BP+07.5-OP05.0,STAGE_2_INNER_SUPPORT_AND_FASTENERS,COARSE_BELT_0.50_OUTER_1.00_MM,7.5,0.0,METAL_PLATE_8MM_CANDIDATE,8.0,0.0,5.0,REVERSED_AWAY_FROM_BELT,STANDARD_REVERSED,9.0,4.0,15.5,10.5,14.5,27.0,4.0,8.5,290.0,145.0,-145.0,0,0,0,0,0,7,7,2,12.5,10.0,32.5,FAIL,PTO_NOMINAL_LT_13;PTO_RESIDUAL_LT_8
S2-COARSE-T8-BP+07.5-OP06.0,STAGE_2_INNER_SUPPORT_AND_FASTENERS,COARSE_BELT_0.50_OUTER_1.00_MM,7.5,0.0,METAL_PLATE_8MM_CANDIDATE,8.0,0.0,6.0,REVERSED_AWAY_FROM_BELT,STANDARD_REVERSED,10.0,5.0,15.5,10.5,15.5,27.0,4.0,8.5,290.0,145.0,-145.0,0,0,0,0,0,7,7,2,13.5,10.0,49.5,FAIL,PTO_NOMINAL_LT_13;PTO_RESIDUAL_LT_8
S2-COARSE-T8-BP+07.5-OP07.0,STAGE_2_INNER_SUPPORT_AND_FASTENERS,COARSE_BELT_0.50_OUTER_1.00_MM,7.5,0.0,METAL_PLATE_8MM_CANDIDATE,8.0,0.0,7.0,REVERSED_AWAY_FROM_BELT,STANDARD_REVERSED,11.0,6.0,15.5,10.5,16.5,27.0,4.0,8.5,290.0,145.0,-145.0,0,0,0,0,0,7,7,2,14.5,10.0,66.5,FAIL,PTO_NOMINAL_LT_13;PTO_RESIDUAL_LT_8
S2-COARSE-T8-BP+07.5-OP08.0,STAGE_2_INNER_SUPPORT_AND_FASTENERS,COARSE_BELT_0.50_OUTER_1.00_MM,7.5,0.0,METAL_PLATE_8MM_CANDIDATE,8.0,0.0,8.0,REVERSED_AWAY_FROM_BELT,STANDARD_REVERSED,12.0,7.0,15.5,10.5,17.5,27.0,4.0,8.5,290.0,145.0,-145.0,0,0,0,0,0,7,7,2,15.5,10.0,83.5,FAIL,PTO_NOMINAL_LT_13;PTO_RESIDUAL_LT_8
S2-COARSE-T8-BP+07.5-OP09.0,STAGE_2_INNER_SUPPORT_AND_FASTENERS,COARSE_BELT_0.50_OUTER_1.00_MM,7.5,0.0,METAL_PLATE_8MM_CANDIDATE,8.0,0.0,9.0,REVERSED_AWAY_FROM_BELT,STANDARD_REVERSED,13.0,8.0,15.5,10.5,18.5,27.0,4.0,8.5,290.0,145.0,-145.0,0,0,0,0,0,7,7,2,16.5,10.0,1100.5,CONDITIONAL_PASS,
S2-COARSE-T8-BP+07.5-OP10.0,STAGE_2_INNER_SUPPORT_AND_FASTENERS,COARSE_BELT_0.50_OUTER_1.00_MM,7.5,0.0,METAL_PLATE_8MM_CANDIDATE,8.0,0.0,10.0,REVERSED_AWAY_FROM_BELT,STANDARD_REVERSED,14.0,9.0,15.5,10.5,18.5,27.0,4.0,8.5,290.0,145.0,-145.0,0,0,0,0,0,7,7,2,17.5,10.0,1117.5,CONDITIONAL_PASS,
S2-COARSE-T8-BP+08.0-OP00.0,STAGE_2_INNER_SUPPORT_AND_FASTENERS,COARSE_BELT_0.50_OUTER_1.00_MM,8.0,0.0,METAL_PLATE_8MM_CANDIDATE,8.0,0.0,0.0,REVERSED_AWAY_FROM_BELT,STANDARD_REVERSED,3.5,-1.5,15.5,10.5,9.0,27.5,4.0,8.5,290.0,145.0,-145.0,0,0,0,0,0,7,7,2,8.0,10.0,-64.0,FAIL,PTO_NOMINAL_LT_13;PTO_RESIDUAL_LT_8;PULLEY_FIXED_LT_10
S2-COARSE-T8-BP+08.0-OP01.0,STAGE_2_INNER_SUPPORT_AND_FASTENERS,COARSE_BELT_0.50_OUTER_1.00_MM,8.0,0.0,METAL_PLATE_8MM_CANDIDATE,8.0,0.0,1.0,REVERSED_AWAY_FROM_BELT,STANDARD_REVERSED,4.5,-0.5,15.5,10.5,10.0,27.5,4.0,8.5,290.0,145.0,-145.0,0,0,0,0,0,7,7,2,9.0,10.0,-47.0,FAIL,PTO_NOMINAL_LT_13;PTO_RESIDUAL_LT_8
S2-COARSE-T8-BP+08.0-OP02.0,STAGE_2_INNER_SUPPORT_AND_FASTENERS,COARSE_BELT_0.50_OUTER_1.00_MM,8.0,0.0,METAL_PLATE_8MM_CANDIDATE,8.0,0.0,2.0,REVERSED_AWAY_FROM_BELT,STANDARD_REVERSED,5.5,0.5,15.5,10.5,11.0,27.5,4.0,8.5,290.0,145.0,-145.0,0,0,0,0,0,7,7,2,10.0,10.0,-30.0,FAIL,PTO_NOMINAL_LT_13;PTO_RESIDUAL_LT_8
S2-COARSE-T8-BP+08.0-OP03.0,STAGE_2_INNER_SUPPORT_AND_FASTENERS,COARSE_BELT_0.50_OUTER_1.00_MM,8.0,0.0,METAL_PLATE_8MM_CANDIDATE,8.0,0.0,3.0,REVERSED_AWAY_FROM_BELT,STANDARD_REVERSED,6.5,1.5,15.5,10.5,12.0,27.5,4.0,8.5,290.0,145.0,-145.0,0,0,0,0,0,7,7,2,11.0,10.0,-13.0,FAIL,PTO_NOMINAL_LT_13;PTO_RESIDUAL_LT_8
S2-COARSE-T8-BP+08.0-OP04.0,STAGE_2_INNER_SUPPORT_AND_FASTENERS,COARSE_BELT_0.50_OUTER_1.00_MM,8.0,0.0,METAL_PLATE_8MM_CANDIDATE,8.0,0.0,4.0,REVERSED_AWAY_FROM_BELT,STANDARD_REVERSED,7.5,2.5,15.5,10.5,13.0,27.5,4.0,8.5,290.0,145.0,-145.0,0,0,0,0,0,7,7,2,12.0,10.0,4.0,FAIL,PTO_NOMINAL_LT_13;PTO_RESIDUAL_LT_8
S2-COARSE-T8-BP+08.0-OP05.0,STAGE_2_INNER_SUPPORT_AND_FASTENERS,COARSE_BELT_0.50_OUTER_1.00_MM,8.0,0.0,METAL_PLATE_8MM_CANDIDATE,8.0,0.0,5.0,REVERSED_AWAY_FROM_BELT,STANDARD_REVERSED,8.5,3.5,15.5,10.5,14.0,27.5,4.0,8.5,290.0,145.0,-145.0,0,0,0,0,0,7,7,2,13.0,10.0,21.0,FAIL,PTO_NOMINAL_LT_13;PTO_RESIDUAL_LT_8
S2-COARSE-T8-BP+08.0-OP06.0,STAGE_2_INNER_SUPPORT_AND_FASTENERS,COARSE_BELT_0.50_OUTER_1.00_MM,8.0,0.0,METAL_PLATE_8MM_CANDIDATE,8.0,0.0,6.0,REVERSED_AWAY_FROM_BELT,STANDARD_REVERSED,9.5,4.5,15.5,10.5,15.0,27.5,4.0,8.5,290.0,145.0,-145.0,0,0,0,0,0,7,7,2,14.0,10.0,38.0,FAIL,PTO_NOMINAL_LT_13;PTO_RESIDUAL_LT_8
S2-COARSE-T8-BP+08.0-OP07.0,STAGE_2_INNER_SUPPORT_AND_FASTENERS,COARSE_BELT_0.50_OUTER_1.00_MM,8.0,0.0,METAL_PLATE_8MM_CANDIDATE,8.0,0.0,7.0,REVERSED_AWAY_FROM_BELT,STANDARD_REVERSED,10.5,5.5,15.5,10.5,16.0,27.5,4.0,8.5,290.0,145.0,-145.0,0,0,0,0,0,7,7,2,15.0,10.0,55.0,FAIL,PTO_NOMINAL_LT_13;PTO_RESIDUAL_LT_8
S2-COARSE-T8-BP+08.0-OP08.0,STAGE_2_INNER_SUPPORT_AND_FASTENERS,COARSE_BELT_0.50_OUTER_1.00_MM,8.0,0.0,METAL_PLATE_8MM_CANDIDATE,8.0,0.0,8.0,REVERSED_AWAY_FROM_BELT,STANDARD_REVERSED,11.5,6.5,15.5,10.5,17.0,27.5,4.0,8.5,290.0,145.0,-145.0,0,0,0,0,0,7,7,2,16.0,10.0,72.0,FAIL,PTO_NOMINAL_LT_13;PTO_RESIDUAL_LT_8
S2-COARSE-T8-BP+08.0-OP09.0,STAGE_2_INNER_SUPPORT_AND_FASTENERS,COARSE_BELT_0.50_OUTER_1.00_MM,8.0,0.0,METAL_PLATE_8MM_CANDIDATE,8.0,0.0,9.0,REVERSED_AWAY_FROM_BELT,STANDARD_REVERSED,12.5,7.5,15.5,10.5,18.0,27.5,4.0,8.5,290.0,145.0,-145.0,0,0,0,0,0,7,7,2,17.0,10.0,89.0,FAIL,PTO_NOMINAL_LT_13;PTO_RESIDUAL_LT_8
S2-COARSE-T8-BP+08.0-OP10.0,STAGE_2_INNER_SUPPORT_AND_FASTENERS,COARSE_BELT_0.50_OUTER_1.00_MM,8.0,0.0,METAL_PLATE_8MM_CANDIDATE,8.0,0.0,10.0,REVERSED_AWAY_FROM_BELT,STANDARD_REVERSED,13.5,8.5,15.5,10.5,19.0,27.5,4.0,8.5,290.0,145.0,-145.0,0,0,0,0,0,7,7,2,18.0,10.0,1106.0,CONDITIONAL_PASS,
S2-COARSE-T8-BP+08.5-OP00.0,STAGE_2_INNER_SUPPORT_AND_FASTENERS,COARSE_BELT_0.50_OUTER_1.00_MM,8.5,0.0,METAL_PLATE_8MM_CANDIDATE,8.0,0.0,0.0,REVERSED_AWAY_FROM_BELT,STANDARD_REVERSED,3.0,-2.0,15.5,10.5,8.5,28.0,4.0,8.5,290.0,145.0,-145.0,0,0,0,0,0,7,7,2,8.5,10.0,-75.5,FAIL,PTO_NOMINAL_LT_13;PTO_RESIDUAL_LT_8;PULLEY_FIXED_LT_10
S2-COARSE-T8-BP+08.5-OP01.0,STAGE_2_INNER_SUPPORT_AND_FASTENERS,COARSE_BELT_0.50_OUTER_1.00_MM,8.5,0.0,METAL_PLATE_8MM_CANDIDATE,8.0,0.0,1.0,REVERSED_AWAY_FROM_BELT,STANDARD_REVERSED,4.0,-1.0,15.5,10.5,9.5,28.0,4.0,8.5,290.0,145.0,-145.0,0,0,0,0,0,7,7,2,9.5,10.0,-58.5,FAIL,PTO_NOMINAL_LT_13;PTO_RESIDUAL_LT_8;PULLEY_FIXED_LT_10
S2-COARSE-T8-BP+08.5-OP02.0,STAGE_2_INNER_SUPPORT_AND_FASTENERS,COARSE_BELT_0.50_OUTER_1.00_MM,8.5,0.0,METAL_PLATE_8MM_CANDIDATE,8.0,0.0,2.0,REVERSED_AWAY_FROM_BELT,STANDARD_REVERSED,5.0,0.0,15.5,10.5,10.5,28.0,4.0,8.5,290.0,145.0,-145.0,0,0,0,0,0,7,7,2,10.5,10.0,-41.5,FAIL,PTO_NOMINAL_LT_13;PTO_RESIDUAL_LT_8
S2-COARSE-T8-BP+08.5-OP03.0,STAGE_2_INNER_SUPPORT_AND_FASTENERS,COARSE_BELT_0.50_OUTER_1.00_MM,8.5,0.0,METAL_PLATE_8MM_CANDIDATE,8.0,0.0,3.0,REVERSED_AWAY_FROM_BELT,STANDARD_REVERSED,6.0,1.0,15.5,10.5,11.5,28.0,4.0,8.5,290.0,145.0,-145.0,0,0,0,0,0,7,7,2,11.5,10.0,-24.5,FAIL,PTO_NOMINAL_LT_13;PTO_RESIDUAL_LT_8
S2-COARSE-T8-BP+08.5-OP04.0,STAGE_2_INNER_SUPPORT_AND_FASTENERS,COARSE_BELT_0.50_OUTER_1.00_MM,8.5,0.0,METAL_PLATE_8MM_CANDIDATE,8.0,0.0,4.0,REVERSED_AWAY_FROM_BELT,STANDARD_REVERSED,7.0,2.0,15.5,10.5,12.5,28.0,4.0,8.5,290.0,145.0,-145.0,0,0,0,0,0,7,7,2,12.5,10.0,-7.5,FAIL,PTO_NOMINAL_LT_13;PTO_RESIDUAL_LT_8
S2-COARSE-T8-BP+08.5-OP05.0,STAGE_2_INNER_SUPPORT_AND_FASTENERS,COARSE_BELT_0.50_OUTER_1.00_MM,8.5,0.0,METAL_PLATE_8MM_CANDIDATE,8.0,0.0,5.0,REVERSED_AWAY_FROM_BELT,STANDARD_REVERSED,8.0,3.0,15.5,10.5,13.5,28.0,4.0,8.5,290.0,145.0,-145.0,0,0,0,0,0,7,7,2,13.5,10.0,9.5,FAIL,PTO_NOMINAL_LT_13;PTO_RESIDUAL_LT_8
S2-COARSE-T8-BP+08.5-OP06.0,STAGE_2_INNER_SUPPORT_AND_FASTENERS,COARSE_BELT_0.50_OUTER_1.00_MM,8.5,0.0,METAL_PLATE_8MM_CANDIDATE,8.0,0.0,6.0,REVERSED_AWAY_FROM_BELT,STANDARD_REVERSED,9.0,4.0,15.5,10.5,14.5,28.0,4.0,8.5,290.0,145.0,-145.0,0,0,0,0,0,7,7,2,14.5,10.0,26.5,FAIL,PTO_NOMINAL_LT_13;PTO_RESIDUAL_LT_8
S2-COARSE-T8-BP+08.5-OP07.0,STAGE_2_INNER_SUPPORT_AND_FASTENERS,COARSE_BELT_0.50_OUTER_1.00_MM,8.5,0.0,METAL_PLATE_8MM_CANDIDATE,8.0,0.0,7.0,REVERSED_AWAY_FROM_BELT,STANDARD_REVERSED,10.0,5.0,15.5,10.5,15.5,28.0,4.0,8.5,290.0,145.0,-145.0,0,0,0,0,0,7,7,2,15.5,10.0,43.5,FAIL,PTO_NOMINAL_LT_13;PTO_RESIDUAL_LT_8
S2-COARSE-T8-BP+08.5-OP08.0,STAGE_2_INNER_SUPPORT_AND_FASTENERS,COARSE_BELT_0.50_OUTER_1.00_MM,8.5,0.0,METAL_PLATE_8MM_CANDIDATE,8.0,0.0,8.0,REVERSED_AWAY_FROM_BELT,STANDARD_REVERSED,11.0,6.0,15.5,10.5,16.5,28.0,4.0,8.5,290.0,145.0,-145.0,0,0,0,0,0,7,7,2,16.5,10.0,60.5,FAIL,PTO_NOMINAL_LT_13;PTO_RESIDUAL_LT_8
S2-COARSE-T8-BP+08.5-OP09.0,STAGE_2_INNER_SUPPORT_AND_FASTENERS,COARSE_BELT_0.50_OUTER_1.00_MM,8.5,0.0,METAL_PLATE_8MM_CANDIDATE,8.0,0.0,9.0,REVERSED_AWAY_FROM_BELT,STANDARD_REVERSED,12.0,7.0,15.5,10.5,17.5,28.0,4.0,8.5,290.0,145.0,-145.0,0,0,0,0,0,7,7,2,17.5,10.0,77.5,FAIL,PTO_NOMINAL_LT_13;PTO_RESIDUAL_LT_8
S2-COARSE-T8-BP+08.5-OP10.0,STAGE_2_INNER_SUPPORT_AND_FASTENERS,COARSE_BELT_0.50_OUTER_1.00_MM,8.5,0.0,METAL_PLATE_8MM_CANDIDATE,8.0,0.0,10.0,REVERSED_AWAY_FROM_BELT,STANDARD_REVERSED,13.0,8.0,15.5,10.5,18.5,28.0,4.0,8.5,290.0,145.0,-145.0,0,0,0,0,0,7,7,2,18.5,10.0,1094.5,CONDITIONAL_PASS,
S2-COARSE-T8-BP+09.0-OP00.0,STAGE_2_INNER_SUPPORT_AND_FASTENERS,COARSE_BELT_0.50_OUTER_1.00_MM,9.0,0.0,METAL_PLATE_8MM_CANDIDATE,8.0,0.0,0.0,REVERSED_AWAY_FROM_BELT,STANDARD_REVERSED,2.5,-2.5,15.5,10.5,8.0,28.5,4.0,8.5,290.0,145.0,-145.0,0,0,0,0,0,7,7,2,9.0,10.0,-87.0,FAIL,PTO_NOMINAL_LT_13;PTO_RESIDUAL_LT_8;PULLEY_FIXED_LT_10
S2-COARSE-T8-BP+09.0-OP01.0,STAGE_2_INNER_SUPPORT_AND_FASTENERS,COARSE_BELT_0.50_OUTER_1.00_MM,9.0,0.0,METAL_PLATE_8MM_CANDIDATE,8.0,0.0,1.0,REVERSED_AWAY_FROM_BELT,STANDARD_REVERSED,3.5,-1.5,15.5,10.5,9.0,28.5,4.0,8.5,290.0,145.0,-145.0,0,0,0,0,0,7,7,2,10.0,10.0,-70.0,FAIL,PTO_NOMINAL_LT_13;PTO_RESIDUAL_LT_8;PULLEY_FIXED_LT_10
S2-COARSE-T8-BP+09.0-OP02.0,STAGE_2_INNER_SUPPORT_AND_FASTENERS,COARSE_BELT_0.50_OUTER_1.00_MM,9.0,0.0,METAL_PLATE_8MM_CANDIDATE,8.0,0.0,2.0,REVERSED_AWAY_FROM_BELT,STANDARD_REVERSED,4.5,-0.5,15.5,10.5,10.0,28.5,4.0,8.5,290.0,145.0,-145.0,0,0,0,0,0,7,7,2,11.0,10.0,-53.0,FAIL,PTO_NOMINAL_LT_13;PTO_RESIDUAL_LT_8
S2-COARSE-T8-BP+09.0-OP03.0,STAGE_2_INNER_SUPPORT_AND_FASTENERS,COARSE_BELT_0.50_OUTER_1.00_MM,9.0,0.0,METAL_PLATE_8MM_CANDIDATE,8.0,0.0,3.0,REVERSED_AWAY_FROM_BELT,STANDARD_REVERSED,5.5,0.5,15.5,10.5,11.0,28.5,4.0,8.5,290.0,145.0,-145.0,0,0,0,0,0,7,7,2,12.0,10.0,-36.0,FAIL,PTO_NOMINAL_LT_13;PTO_RESIDUAL_LT_8
S2-COARSE-T8-BP+09.0-OP04.0,STAGE_2_INNER_SUPPORT_AND_FASTENERS,COARSE_BELT_0.50_OUTER_1.00_MM,9.0,0.0,METAL_PLATE_8MM_CANDIDATE,8.0,0.0,4.0,REVERSED_AWAY_FROM_BELT,STANDARD_REVERSED,6.5,1.5,15.5,10.5,12.0,28.5,4.0,8.5,290.0,145.0,-145.0,0,0,0,0,0,7,7,2,13.0,10.0,-19.0,FAIL,PTO_NOMINAL_LT_13;PTO_RESIDUAL_LT_8
S2-COARSE-T8-BP+09.0-OP05.0,STAGE_2_INNER_SUPPORT_AND_FASTENERS,COARSE_BELT_0.50_OUTER_1.00_MM,9.0,0.0,METAL_PLATE_8MM_CANDIDATE,8.0,0.0,5.0,REVERSED_AWAY_FROM_BELT,STANDARD_REVERSED,7.5,2.5,15.5,10.5,13.0,28.5,4.0,8.5,290.0,145.0,-145.0,0,0,0,0,0,7,7,2,14.0,10.0,-2.0,FAIL,PTO_NOMINAL_LT_13;PTO_RESIDUAL_LT_8
S2-COARSE-T8-BP+09.0-OP06.0,STAGE_2_INNER_SUPPORT_AND_FASTENERS,COARSE_BELT_0.50_OUTER_1.00_MM,9.0,0.0,METAL_PLATE_8MM_CANDIDATE,8.0,0.0,6.0,REVERSED_AWAY_FROM_BELT,STANDARD_REVERSED,8.5,3.5,15.5,10.5,14.0,28.5,4.0,8.5,290.0,145.0,-145.0,0,0,0,0,0,7,7,2,15.0,10.0,15.0,FAIL,PTO_NOMINAL_LT_13;PTO_RESIDUAL_LT_8
S2-COARSE-T8-BP+09.0-OP07.0,STAGE_2_INNER_SUPPORT_AND_FASTENERS,COARSE_BELT_0.50_OUTER_1.00_MM,9.0,0.0,METAL_PLATE_8MM_CANDIDATE,8.0,0.0,7.0,REVERSED_AWAY_FROM_BELT,STANDARD_REVERSED,9.5,4.5,15.5,10.5,15.0,28.5,4.0,8.5,290.0,145.0,-145.0,0,0,0,0,0,7,7,2,16.0,10.0,32.0,FAIL,PTO_NOMINAL_LT_13;PTO_RESIDUAL_LT_8
S2-COARSE-T8-BP+09.0-OP08.0,STAGE_2_INNER_SUPPORT_AND_FASTENERS,COARSE_BELT_0.50_OUTER_1.00_MM,9.0,0.0,METAL_PLATE_8MM_CANDIDATE,8.0,0.0,8.0,REVERSED_AWAY_FROM_BELT,STANDARD_REVERSED,10.5,5.5,15.5,10.5,16.0,28.5,4.0,8.5,290.0,145.0,-145.0,0,0,0,0,0,7,7,2,17.0,10.0,49.0,FAIL,PTO_NOMINAL_LT_13;PTO_RESIDUAL_LT_8
S2-COARSE-T8-BP+09.0-OP09.0,STAGE_2_INNER_SUPPORT_AND_FASTENERS,COARSE_BELT_0.50_OUTER_1.00_MM,9.0,0.0,METAL_PLATE_8MM_CANDIDATE,8.0,0.0,9.0,REVERSED_AWAY_FROM_BELT,STANDARD_REVERSED,11.5,6.5,15.5,10.5,17.0,28.5,4.0,8.5,290.0,145.0,-145.0,0,0,0,0,0,7,7,2,18.0,10.0,66.0,FAIL,PTO_NOMINAL_LT_13;PTO_RESIDUAL_LT_8
S2-COARSE-T8-BP+09.0-OP10.0,STAGE_2_INNER_SUPPORT_AND_FASTENERS,COARSE_BELT_0.50_OUTER_1.00_MM,9.0,0.0,METAL_PLATE_8MM_CANDIDATE,8.0,0.0,10.0,REVERSED_AWAY_FROM_BELT,STANDARD_REVERSED,12.5,7.5,15.5,10.5,18.0,28.5,4.0,8.5,290.0,145.0,-145.0,0,0,0,0,0,7,7,2,19.0,10.0,83.0,FAIL,PTO_NOMINAL_LT_13;PTO_RESIDUAL_LT_8
S2-COARSE-T8-BP+09.5-OP00.0,STAGE_2_INNER_SUPPORT_AND_FASTENERS,COARSE_BELT_0.50_OUTER_1.00_MM,9.5,0.0,METAL_PLATE_8MM_CANDIDATE,8.0,0.0,0.0,REVERSED_AWAY_FROM_BELT,STANDARD_REVERSED,2.0,-3.0,15.5,10.5,7.5,29.0,4.0,8.5,290.0,145.0,-145.0,0,0,0,0,0,7,7,2,9.5,10.0,-98.5,FAIL,PTO_NOMINAL_LT_13;PTO_RESIDUAL_LT_8;PULLEY_FIXED_LT_10
S2-COARSE-T8-BP+09.5-OP01.0,STAGE_2_INNER_SUPPORT_AND_FASTENERS,COARSE_BELT_0.50_OUTER_1.00_MM,9.5,0.0,METAL_PLATE_8MM_CANDIDATE,8.0,0.0,1.0,REVERSED_AWAY_FROM_BELT,STANDARD_REVERSED,3.0,-2.0,15.5,10.5,8.5,29.0,4.0,8.5,290.0,145.0,-145.0,0,0,0,0,0,7,7,2,10.5,10.0,-81.5,FAIL,PTO_NOMINAL_LT_13;PTO_RESIDUAL_LT_8;PULLEY_FIXED_LT_10
S2-COARSE-T8-BP+09.5-OP02.0,STAGE_2_INNER_SUPPORT_AND_FASTENERS,COARSE_BELT_0.50_OUTER_1.00_MM,9.5,0.0,METAL_PLATE_8MM_CANDIDATE,8.0,0.0,2.0,REVERSED_AWAY_FROM_BELT,STANDARD_REVERSED,4.0,-1.0,15.5,10.5,9.5,29.0,4.0,8.5,290.0,145.0,-145.0,0,0,0,0,0,7,7,2,11.5,10.0,-64.5,FAIL,PTO_NOMINAL_LT_13;PTO_RESIDUAL_LT_8;PULLEY_FIXED_LT_10
S2-COARSE-T8-BP+09.5-OP03.0,STAGE_2_INNER_SUPPORT_AND_FASTENERS,COARSE_BELT_0.50_OUTER_1.00_MM,9.5,0.0,METAL_PLATE_8MM_CANDIDATE,8.0,0.0,3.0,REVERSED_AWAY_FROM_BELT,STANDARD_REVERSED,5.0,0.0,15.5,10.5,10.5,29.0,4.0,8.5,290.0,145.0,-145.0,0,0,0,0,0,7,7,2,12.5,10.0,-47.5,FAIL,PTO_NOMINAL_LT_13;PTO_RESIDUAL_LT_8
S2-COARSE-T8-BP+09.5-OP04.0,STAGE_2_INNER_SUPPORT_AND_FASTENERS,COARSE_BELT_0.50_OUTER_1.00_MM,9.5,0.0,METAL_PLATE_8MM_CANDIDATE,8.0,0.0,4.0,REVERSED_AWAY_FROM_BELT,STANDARD_REVERSED,6.0,1.0,15.5,10.5,11.5,29.0,4.0,8.5,290.0,145.0,-145.0,0,0,0,0,0,7,7,2,13.5,10.0,-30.5,FAIL,PTO_NOMINAL_LT_13;PTO_RESIDUAL_LT_8
S2-COARSE-T8-BP+09.5-OP05.0,STAGE_2_INNER_SUPPORT_AND_FASTENERS,COARSE_BELT_0.50_OUTER_1.00_MM,9.5,0.0,METAL_PLATE_8MM_CANDIDATE,8.0,0.0,5.0,REVERSED_AWAY_FROM_BELT,STANDARD_REVERSED,7.0,2.0,15.5,10.5,12.5,29.0,4.0,8.5,290.0,145.0,-145.0,0,0,0,0,0,7,7,2,14.5,10.0,-13.5,FAIL,PTO_NOMINAL_LT_13;PTO_RESIDUAL_LT_8
S2-COARSE-T8-BP+09.5-OP06.0,STAGE_2_INNER_SUPPORT_AND_FASTENERS,COARSE_BELT_0.50_OUTER_1.00_MM,9.5,0.0,METAL_PLATE_8MM_CANDIDATE,8.0,0.0,6.0,REVERSED_AWAY_FROM_BELT,STANDARD_REVERSED,8.0,3.0,15.5,10.5,13.5,29.0,4.0,8.5,290.0,145.0,-145.0,0,0,0,0,0,7,7,2,15.5,10.0,3.5,FAIL,PTO_NOMINAL_LT_13;PTO_RESIDUAL_LT_8
S2-COARSE-T8-BP+09.5-OP07.0,STAGE_2_INNER_SUPPORT_AND_FASTENERS,COARSE_BELT_0.50_OUTER_1.00_MM,9.5,0.0,METAL_PLATE_8MM_CANDIDATE,8.0,0.0,7.0,REVERSED_AWAY_FROM_BELT,STANDARD_REVERSED,9.0,4.0,15.5,10.5,14.5,29.0,4.0,8.5,290.0,145.0,-145.0,0,0,0,0,0,7,7,2,16.5,10.0,20.5,FAIL,PTO_NOMINAL_LT_13;PTO_RESIDUAL_LT_8
S2-COARSE-T8-BP+09.5-OP08.0,STAGE_2_INNER_SUPPORT_AND_FASTENERS,COARSE_BELT_0.50_OUTER_1.00_MM,9.5,0.0,METAL_PLATE_8MM_CANDIDATE,8.0,0.0,8.0,REVERSED_AWAY_FROM_BELT,STANDARD_REVERSED,10.0,5.0,15.5,10.5,15.5,29.0,4.0,8.5,290.0,145.0,-145.0,0,0,0,0,0,7,7,2,17.5,10.0,37.5,FAIL,PTO_NOMINAL_LT_13;PTO_RESIDUAL_LT_8
S2-COARSE-T8-BP+09.5-OP09.0,STAGE_2_INNER_SUPPORT_AND_FASTENERS,COARSE_BELT_0.50_OUTER_1.00_MM,9.5,0.0,METAL_PLATE_8MM_CANDIDATE,8.0,0.0,9.0,REVERSED_AWAY_FROM_BELT,STANDARD_REVERSED,11.0,6.0,15.5,10.5,16.5,29.0,4.0,8.5,290.0,145.0,-145.0,0,0,0,0,0,7,7,2,18.5,10.0,54.5,FAIL,PTO_NOMINAL_LT_13;PTO_RESIDUAL_LT_8
S2-COARSE-T8-BP+09.5-OP10.0,STAGE_2_INNER_SUPPORT_AND_FASTENERS,COARSE_BELT_0.50_OUTER_1.00_MM,9.5,0.0,METAL_PLATE_8MM_CANDIDATE,8.0,0.0,10.0,REVERSED_AWAY_FROM_BELT,STANDARD_REVERSED,12.0,7.0,15.5,10.5,17.5,29.0,4.0,8.5,290.0,145.0,-145.0,0,0,0,0,0,7,7,2,19.5,10.0,71.5,FAIL,PTO_NOMINAL_LT_13;PTO_RESIDUAL_LT_8
S2-COARSE-T8-BP+10.0-OP00.0,STAGE_2_INNER_SUPPORT_AND_FASTENERS,COARSE_BELT_0.50_OUTER_1.00_MM,10.0,0.0,METAL_PLATE_8MM_CANDIDATE,8.0,0.0,0.0,REVERSED_AWAY_FROM_BELT,STANDARD_REVERSED,1.5,-3.5,15.5,10.5,7.0,29.5,4.0,8.5,290.0,145.0,-145.0,0,0,0,0,0,7,7,2,10.0,10.0,-110.0,FAIL,PTO_NOMINAL_LT_13;PTO_RESIDUAL_LT_8;PULLEY_FIXED_LT_10
S2-COARSE-T8-BP+10.0-OP01.0,STAGE_2_INNER_SUPPORT_AND_FASTENERS,COARSE_BELT_0.50_OUTER_1.00_MM,10.0,0.0,METAL_PLATE_8MM_CANDIDATE,8.0,0.0,1.0,REVERSED_AWAY_FROM_BELT,STANDARD_REVERSED,2.5,-2.5,15.5,10.5,8.0,29.5,4.0,8.5,290.0,145.0,-145.0,0,0,0,0,0,7,7,2,11.0,10.0,-93.0,FAIL,PTO_NOMINAL_LT_13;PTO_RESIDUAL_LT_8;PULLEY_FIXED_LT_10
S2-COARSE-T8-BP+10.0-OP02.0,STAGE_2_INNER_SUPPORT_AND_FASTENERS,COARSE_BELT_0.50_OUTER_1.00_MM,10.0,0.0,METAL_PLATE_8MM_CANDIDATE,8.0,0.0,2.0,REVERSED_AWAY_FROM_BELT,STANDARD_REVERSED,3.5,-1.5,15.5,10.5,9.0,29.5,4.0,8.5,290.0,145.0,-145.0,0,0,0,0,0,7,7,2,12.0,10.0,-76.0,FAIL,PTO_NOMINAL_LT_13;PTO_RESIDUAL_LT_8;PULLEY_FIXED_LT_10
S2-COARSE-T8-BP+10.0-OP03.0,STAGE_2_INNER_SUPPORT_AND_FASTENERS,COARSE_BELT_0.50_OUTER_1.00_MM,10.0,0.0,METAL_PLATE_8MM_CANDIDATE,8.0,0.0,3.0,REVERSED_AWAY_FROM_BELT,STANDARD_REVERSED,4.5,-0.5,15.5,10.5,10.0,29.5,4.0,8.5,290.0,145.0,-145.0,0,0,0,0,0,7,7,2,13.0,10.0,-59.0,FAIL,PTO_NOMINAL_LT_13;PTO_RESIDUAL_LT_8
S2-COARSE-T8-BP+10.0-OP04.0,STAGE_2_INNER_SUPPORT_AND_FASTENERS,COARSE_BELT_0.50_OUTER_1.00_MM,10.0,0.0,METAL_PLATE_8MM_CANDIDATE,8.0,0.0,4.0,REVERSED_AWAY_FROM_BELT,STANDARD_REVERSED,5.5,0.5,15.5,10.5,11.0,29.5,4.0,8.5,290.0,145.0,-145.0,0,0,0,0,0,7,7,2,14.0,10.0,-42.0,FAIL,PTO_NOMINAL_LT_13;PTO_RESIDUAL_LT_8
S2-COARSE-T8-BP+10.0-OP05.0,STAGE_2_INNER_SUPPORT_AND_FASTENERS,COARSE_BELT_0.50_OUTER_1.00_MM,10.0,0.0,METAL_PLATE_8MM_CANDIDATE,8.0,0.0,5.0,REVERSED_AWAY_FROM_BELT,STANDARD_REVERSED,6.5,1.5,15.5,10.5,12.0,29.5,4.0,8.5,290.0,145.0,-145.0,0,0,0,0,0,7,7,2,15.0,10.0,-25.0,FAIL,PTO_NOMINAL_LT_13;PTO_RESIDUAL_LT_8
S2-COARSE-T8-BP+10.0-OP06.0,STAGE_2_INNER_SUPPORT_AND_FASTENERS,COARSE_BELT_0.50_OUTER_1.00_MM,10.0,0.0,METAL_PLATE_8MM_CANDIDATE,8.0,0.0,6.0,REVERSED_AWAY_FROM_BELT,STANDARD_REVERSED,7.5,2.5,15.5,10.5,13.0,29.5,4.0,8.5,290.0,145.0,-145.0,0,0,0,0,0,7,7,2,16.0,10.0,-8.0,FAIL,PTO_NOMINAL_LT_13;PTO_RESIDUAL_LT_8
S2-COARSE-T8-BP+10.0-OP07.0,STAGE_2_INNER_SUPPORT_AND_FASTENERS,COARSE_BELT_0.50_OUTER_1.00_MM,10.0,0.0,METAL_PLATE_8MM_CANDIDATE,8.0,0.0,7.0,REVERSED_AWAY_FROM_BELT,STANDARD_REVERSED,8.5,3.5,15.5,10.5,14.0,29.5,4.0,8.5,290.0,145.0,-145.0,0,0,0,0,0,7,7,2,17.0,10.0,9.0,FAIL,PTO_NOMINAL_LT_13;PTO_RESIDUAL_LT_8
S2-COARSE-T8-BP+10.0-OP08.0,STAGE_2_INNER_SUPPORT_AND_FASTENERS,COARSE_BELT_0.50_OUTER_1.00_MM,10.0,0.0,METAL_PLATE_8MM_CANDIDATE,8.0,0.0,8.0,REVERSED_AWAY_FROM_BELT,STANDARD_REVERSED,9.5,4.5,15.5,10.5,15.0,29.5,4.0,8.5,290.0,145.0,-145.0,0,0,0,0,0,7,7,2,18.0,10.0,26.0,FAIL,PTO_NOMINAL_LT_13;PTO_RESIDUAL_LT_8
S2-COARSE-T8-BP+10.0-OP09.0,STAGE_2_INNER_SUPPORT_AND_FASTENERS,COARSE_BELT_0.50_OUTER_1.00_MM,10.0,0.0,METAL_PLATE_8MM_CANDIDATE,8.0,0.0,9.0,REVERSED_AWAY_FROM_BELT,STANDARD_REVERSED,10.5,5.5,15.5,10.5,16.0,29.5,4.0,8.5,290.0,145.0,-145.0,0,0,0,0,0,7,7,2,19.0,10.0,43.0,FAIL,PTO_NOMINAL_LT_13;PTO_RESIDUAL_LT_8
S2-COARSE-T8-BP+10.0-OP10.0,STAGE_2_INNER_SUPPORT_AND_FASTENERS,COARSE_BELT_0.50_OUTER_1.00_MM,10.0,0.0,METAL_PLATE_8MM_CANDIDATE,8.0,0.0,10.0,REVERSED_AWAY_FROM_BELT,STANDARD_REVERSED,11.5,6.5,15.5,10.5,17.0,29.5,4.0,8.5,290.0,145.0,-145.0,0,0,0,0,0,7,7,2,20.0,10.0,60.0,FAIL,PTO_NOMINAL_LT_13;PTO_RESIDUAL_LT_8
S2-REF-T5-BP0.00-OP1.00,STAGE_2_INNER_SUPPORT_AND_FASTENERS,REFINED_0.25_MM,0.0,0.0,METAL_PLATE_5MM_CANDIDATE,5.0,0.0,1.0,REVERSED_AWAY_FROM_BELT,STANDARD_REVERSED,12.5,7.5,15.5,10.5,11.0,19.5,7.0,8.5,290.0,145.0,-145.0,0,0,0,0,0,7,7,2,1.0,10.0,137.0,FAIL,PTO_NOMINAL_LT_13;PTO_RESIDUAL_LT_8
S2-REF-T5-BP0.00-OP1.25,STAGE_2_INNER_SUPPORT_AND_FASTENERS,REFINED_0.25_MM,0.0,0.0,METAL_PLATE_5MM_CANDIDATE,5.0,0.0,1.25,REVERSED_AWAY_FROM_BELT,STANDARD_REVERSED,12.75,7.75,15.5,10.5,11.0,19.5,7.0,8.5,290.0,145.0,-145.0,0,0,0,0,0,7,7,2,1.25,10.0,141.25,FAIL,PTO_NOMINAL_LT_13;PTO_RESIDUAL_LT_8
S2-REF-T5-BP0.00-OP1.50,STAGE_2_INNER_SUPPORT_AND_FASTENERS,REFINED_0.25_MM,0.0,0.0,METAL_PLATE_5MM_CANDIDATE,5.0,0.0,1.5,REVERSED_AWAY_FROM_BELT,STANDARD_REVERSED,13.0,8.0,15.5,10.5,11.0,19.5,7.0,8.5,290.0,145.0,-145.0,0,0,0,0,0,7,7,2,1.5,10.0,1145.5,CONDITIONAL_PASS,
S2-REF-T5-BP0.00-OP1.75,STAGE_2_INNER_SUPPORT_AND_FASTENERS,REFINED_0.25_MM,0.0,0.0,METAL_PLATE_5MM_CANDIDATE,5.0,0.0,1.75,REVERSED_AWAY_FROM_BELT,STANDARD_REVERSED,13.0,8.0,15.5,10.5,11.0,19.5,7.0,8.5,290.0,145.0,-145.0,0,0,0,0,0,7,7,2,1.75,10.0,1144.75,CONDITIONAL_PASS,
S2-REF-T5-BP0.00-OP2.00,STAGE_2_INNER_SUPPORT_AND_FASTENERS,REFINED_0.25_MM,0.0,0.0,METAL_PLATE_5MM_CANDIDATE,5.0,0.0,2.0,REVERSED_AWAY_FROM_BELT,STANDARD_REVERSED,13.0,8.0,15.5,10.5,11.0,19.5,7.0,8.5,290.0,145.0,-145.0,0,0,0,0,0,7,7,2,2.0,10.0,1144.0,CONDITIONAL_PASS,
S2-REF-T5-BP0.00-OP2.25,STAGE_2_INNER_SUPPORT_AND_FASTENERS,REFINED_0.25_MM,0.0,0.0,METAL_PLATE_5MM_CANDIDATE,5.0,0.0,2.25,REVERSED_AWAY_FROM_BELT,STANDARD_REVERSED,13.0,8.0,15.5,10.5,11.0,19.5,7.0,8.5,290.0,145.0,-145.0,0,0,0,0,0,7,7,2,2.25,10.0,1143.25,CONDITIONAL_PASS,
S2-REF-T5-BP0.00-OP2.50,STAGE_2_INNER_SUPPORT_AND_FASTENERS,REFINED_0.25_MM,0.0,0.0,METAL_PLATE_5MM_CANDIDATE,5.0,0.0,2.5,REVERSED_AWAY_FROM_BELT,STANDARD_REVERSED,13.0,8.0,15.5,10.5,11.0,19.5,7.0,8.5,290.0,145.0,-145.0,0,0,0,0,0,7,7,2,2.5,10.0,1142.5,CONDITIONAL_PASS,
S2-REF-T5-BP0.00-OP2.75,STAGE_2_INNER_SUPPORT_AND_FASTENERS,REFINED_0.25_MM,0.0,0.0,METAL_PLATE_5MM_CANDIDATE,5.0,0.0,2.75,REVERSED_AWAY_FROM_BELT,STANDARD_REVERSED,13.0,8.0,15.5,10.5,11.0,19.5,7.0,8.5,290.0,145.0,-145.0,0,0,0,0,0,7,7,2,2.75,10.0,1141.75,CONDITIONAL_PASS,
S2-REF-T5-BP0.00-OP3.00,STAGE_2_INNER_SUPPORT_AND_FASTENERS,REFINED_0.25_MM,0.0,0.0,METAL_PLATE_5MM_CANDIDATE,5.0,0.0,3.0,REVERSED_AWAY_FROM_BELT,STANDARD_REVERSED,13.0,8.0,15.5,10.5,11.0,19.5,7.0,8.5,290.0,145.0,-145.0,0,0,0,0,0,7,7,2,3.0,10.0,1141.0,CONDITIONAL_PASS,
S2-REF-T5-BP0.00-OP3.25,STAGE_2_INNER_SUPPORT_AND_FASTENERS,REFINED_0.25_MM,0.0,0.0,METAL_PLATE_5MM_CANDIDATE,5.0,0.0,3.25,REVERSED_AWAY_FROM_BELT,STANDARD_REVERSED,13.0,8.0,15.5,10.5,11.0,19.5,7.0,8.5,290.0,145.0,-145.0,0,0,0,0,0,7,7,2,3.25,10.0,1140.25,CONDITIONAL_PASS,
S2-REF-T5-BP0.00-OP3.50,STAGE_2_INNER_SUPPORT_AND_FASTENERS,REFINED_0.25_MM,0.0,0.0,METAL_PLATE_5MM_CANDIDATE,5.0,0.0,3.5,REVERSED_AWAY_FROM_BELT,STANDARD_REVERSED,13.0,8.0,15.5,10.5,11.0,19.5,7.0,8.5,290.0,145.0,-145.0,0,0,0,0,0,7,7,2,3.5,10.0,1139.5,CONDITIONAL_PASS,
S2-REF-T5-BP0.00-OP3.75,STAGE_2_INNER_SUPPORT_AND_FASTENERS,REFINED_0.25_MM,0.0,0.0,METAL_PLATE_5MM_CANDIDATE,5.0,0.0,3.75,REVERSED_AWAY_FROM_BELT,STANDARD_REVERSED,13.0,8.0,15.5,10.5,11.0,19.5,7.0,8.5,290.0,145.0,-145.0,0,0,0,0,0,7,7,2,3.75,10.0,1138.75,CONDITIONAL_PASS,
S2-REF-T5-BP0.00-OP4.00,STAGE_2_INNER_SUPPORT_AND_FASTENERS,REFINED_0.25_MM,0.0,0.0,METAL_PLATE_5MM_CANDIDATE,5.0,0.0,4.0,REVERSED_AWAY_FROM_BELT,STANDARD_REVERSED,13.0,8.0,15.5,10.5,11.0,19.5,7.0,8.5,290.0,145.0,-145.0,0,0,0,0,0,7,7,2,4.0,10.0,1138.0,CONDITIONAL_PASS,
S2-REF-T5-BP0.00-OP4.25,STAGE_2_INNER_SUPPORT_AND_FASTENERS,REFINED_0.25_MM,0.0,0.0,METAL_PLATE_5MM_CANDIDATE,5.0,0.0,4.25,REVERSED_AWAY_FROM_BELT,STANDARD_REVERSED,13.0,8.0,15.5,10.5,11.0,19.5,7.0,8.5,290.0,145.0,-145.0,0,0,0,0,0,7,7,2,4.25,10.0,1137.25,CONDITIONAL_PASS,
S2-REF-T5-BP0.00-OP4.50,STAGE_2_INNER_SUPPORT_AND_FASTENERS,REFINED_0.25_MM,0.0,0.0,METAL_PLATE_5MM_CANDIDATE,5.0,0.0,4.5,REVERSED_AWAY_FROM_BELT,STANDARD_REVERSED,13.0,8.0,15.5,10.5,11.0,19.5,7.0,8.5,290.0,145.0,-145.0,0,0,0,0,0,7,7,2,4.5,10.0,1136.5,CONDITIONAL_PASS,
S2-REF-T5-BP0.00-OP4.75,STAGE_2_INNER_SUPPORT_AND_FASTENERS,REFINED_0.25_MM,0.0,0.0,METAL_PLATE_5MM_CANDIDATE,5.0,0.0,4.75,REVERSED_AWAY_FROM_BELT,STANDARD_REVERSED,13.0,8.0,15.5,10.5,11.0,19.5,7.0,8.5,290.0,145.0,-145.0,0,0,0,0,0,7,7,2,4.75,10.0,1135.75,CONDITIONAL_PASS,
S2-REF-T5-BP0.00-OP5.00,STAGE_2_INNER_SUPPORT_AND_FASTENERS,REFINED_0.25_MM,0.0,0.0,METAL_PLATE_5MM_CANDIDATE,5.0,0.0,5.0,REVERSED_AWAY_FROM_BELT,STANDARD_REVERSED,13.0,8.0,15.5,10.5,11.0,19.5,7.0,8.5,290.0,145.0,-145.0,0,0,0,0,0,7,7,2,5.0,10.0,1135.0,CONDITIONAL_PASS,
S2-REF-T5-BP0.00-OP5.25,STAGE_2_INNER_SUPPORT_AND_FASTENERS,REFINED_0.25_MM,0.0,0.0,METAL_PLATE_5MM_CANDIDATE,5.0,0.0,5.25,REVERSED_AWAY_FROM_BELT,STANDARD_REVERSED,13.0,8.0,15.5,10.5,11.0,19.5,7.0,8.5,290.0,145.0,-145.0,0,0,0,0,0,7,7,2,5.25,10.0,1134.25,CONDITIONAL_PASS,
S2-REF-T5-BP0.00-OP5.50,STAGE_2_INNER_SUPPORT_AND_FASTENERS,REFINED_0.25_MM,0.0,0.0,METAL_PLATE_5MM_CANDIDATE,5.0,0.0,5.5,REVERSED_AWAY_FROM_BELT,STANDARD_REVERSED,13.0,8.0,15.5,10.5,11.0,19.5,7.0,8.5,290.0,145.0,-145.0,0,0,0,0,0,7,7,2,5.5,10.0,1133.5,CONDITIONAL_PASS,
S2-REF-T5-BP0.00-OP5.75,STAGE_2_INNER_SUPPORT_AND_FASTENERS,REFINED_0.25_MM,0.0,0.0,METAL_PLATE_5MM_CANDIDATE,5.0,0.0,5.75,REVERSED_AWAY_FROM_BELT,STANDARD_REVERSED,13.0,8.0,15.5,10.5,11.0,19.5,7.0,8.5,290.0,145.0,-145.0,0,0,0,0,0,7,7,2,5.75,10.0,1132.75,CONDITIONAL_PASS,
S2-REF-T5-BP0.00-OP6.00,STAGE_2_INNER_SUPPORT_AND_FASTENERS,REFINED_0.25_MM,0.0,0.0,METAL_PLATE_5MM_CANDIDATE,5.0,0.0,6.0,REVERSED_AWAY_FROM_BELT,STANDARD_REVERSED,13.0,8.0,15.5,10.5,11.0,19.5,7.0,8.5,290.0,145.0,-145.0,0,0,0,0,0,7,7,2,6.0,10.0,1132.0,CONDITIONAL_PASS,
S2-REF-T5-BP0.00-OP6.25,STAGE_2_INNER_SUPPORT_AND_FASTENERS,REFINED_0.25_MM,0.0,0.0,METAL_PLATE_5MM_CANDIDATE,5.0,0.0,6.25,REVERSED_AWAY_FROM_BELT,STANDARD_REVERSED,13.0,8.0,15.5,10.5,11.0,19.5,7.0,8.5,290.0,145.0,-145.0,0,0,0,0,0,7,7,2,6.25,10.0,1131.25,CONDITIONAL_PASS,
S2-REF-T5-BP0.00-OP6.50,STAGE_2_INNER_SUPPORT_AND_FASTENERS,REFINED_0.25_MM,0.0,0.0,METAL_PLATE_5MM_CANDIDATE,5.0,0.0,6.5,REVERSED_AWAY_FROM_BELT,STANDARD_REVERSED,13.0,8.0,15.5,10.5,11.0,19.5,7.0,8.5,290.0,145.0,-145.0,0,0,0,0,0,7,7,2,6.5,10.0,1130.5,CONDITIONAL_PASS,
S2-REF-T5-BP0.00-OP6.75,STAGE_2_INNER_SUPPORT_AND_FASTENERS,REFINED_0.25_MM,0.0,0.0,METAL_PLATE_5MM_CANDIDATE,5.0,0.0,6.75,REVERSED_AWAY_FROM_BELT,STANDARD_REVERSED,13.0,8.0,15.5,10.5,11.0,19.5,7.0,8.5,290.0,145.0,-145.0,0,0,0,0,0,7,7,2,6.75,10.0,1129.75,CONDITIONAL_PASS,
S2-REF-T5-BP0.00-OP7.00,STAGE_2_INNER_SUPPORT_AND_FASTENERS,REFINED_0.25_MM,0.0,0.0,METAL_PLATE_5MM_CANDIDATE,5.0,0.0,7.0,REVERSED_AWAY_FROM_BELT,STANDARD_REVERSED,13.0,8.0,15.5,10.5,11.0,19.5,7.0,8.5,290.0,145.0,-145.0,0,0,0,0,0,7,7,2,7.0,10.0,1129.0,CONDITIONAL_PASS,
S2-REF-T5-BP0.25-OP1.00,STAGE_2_INNER_SUPPORT_AND_FASTENERS,REFINED_0.25_MM,0.25,0.0,METAL_PLATE_5MM_CANDIDATE,5.0,0.0,1.0,REVERSED_AWAY_FROM_BELT,STANDARD_REVERSED,12.25,7.25,15.5,10.5,11.25,19.75,7.0,8.5,290.0,145.0,-145.0,0,0,0,0,0,7,7,2,1.25,10.0,131.25,FAIL,PTO_NOMINAL_LT_13;PTO_RESIDUAL_LT_8
S2-REF-T5-BP0.25-OP1.25,STAGE_2_INNER_SUPPORT_AND_FASTENERS,REFINED_0.25_MM,0.25,0.0,METAL_PLATE_5MM_CANDIDATE,5.0,0.0,1.25,REVERSED_AWAY_FROM_BELT,STANDARD_REVERSED,12.5,7.5,15.5,10.5,11.25,19.75,7.0,8.5,290.0,145.0,-145.0,0,0,0,0,0,7,7,2,1.5,10.0,135.5,FAIL,PTO_NOMINAL_LT_13;PTO_RESIDUAL_LT_8
S2-REF-T5-BP0.25-OP1.50,STAGE_2_INNER_SUPPORT_AND_FASTENERS,REFINED_0.25_MM,0.25,0.0,METAL_PLATE_5MM_CANDIDATE,5.0,0.0,1.5,REVERSED_AWAY_FROM_BELT,STANDARD_REVERSED,12.75,7.75,15.5,10.5,11.25,19.75,7.0,8.5,290.0,145.0,-145.0,0,0,0,0,0,7,7,2,1.75,10.0,139.75,FAIL,PTO_NOMINAL_LT_13;PTO_RESIDUAL_LT_8
S2-REF-T5-BP0.25-OP1.75,STAGE_2_INNER_SUPPORT_AND_FASTENERS,REFINED_0.25_MM,0.25,0.0,METAL_PLATE_5MM_CANDIDATE,5.0,0.0,1.75,REVERSED_AWAY_FROM_BELT,STANDARD_REVERSED,13.0,8.0,15.5,10.5,11.25,19.75,7.0,8.5,290.0,145.0,-145.0,0,0,0,0,0,7,7,2,2.0,10.0,1144.0,CONDITIONAL_PASS,
S2-REF-T5-BP0.25-OP2.00,STAGE_2_INNER_SUPPORT_AND_FASTENERS,REFINED_0.25_MM,0.25,0.0,METAL_PLATE_5MM_CANDIDATE,5.0,0.0,2.0,REVERSED_AWAY_FROM_BELT,STANDARD_REVERSED,13.25,8.25,15.5,10.5,11.25,19.75,7.0,8.5,290.0,145.0,-145.0,0,0,0,0,0,7,7,2,2.25,10.0,1148.25,CONDITIONAL_PASS,
S2-REF-T5-BP0.25-OP2.25,STAGE_2_INNER_SUPPORT_AND_FASTENERS,REFINED_0.25_MM,0.25,0.0,METAL_PLATE_5MM_CANDIDATE,5.0,0.0,2.25,REVERSED_AWAY_FROM_BELT,STANDARD_REVERSED,13.25,8.25,15.5,10.5,11.25,19.75,7.0,8.5,290.0,145.0,-145.0,0,0,0,0,0,7,7,2,2.5,10.0,1147.5,CONDITIONAL_PASS,
S2-REF-T5-BP0.25-OP2.50,STAGE_2_INNER_SUPPORT_AND_FASTENERS,REFINED_0.25_MM,0.25,0.0,METAL_PLATE_5MM_CANDIDATE,5.0,0.0,2.5,REVERSED_AWAY_FROM_BELT,STANDARD_REVERSED,13.25,8.25,15.5,10.5,11.25,19.75,7.0,8.5,290.0,145.0,-145.0,0,0,0,0,0,7,7,2,2.75,10.0,1146.75,CONDITIONAL_PASS,
S2-REF-T5-BP0.25-OP2.75,STAGE_2_INNER_SUPPORT_AND_FASTENERS,REFINED_0.25_MM,0.25,0.0,METAL_PLATE_5MM_CANDIDATE,5.0,0.0,2.75,REVERSED_AWAY_FROM_BELT,STANDARD_REVERSED,13.25,8.25,15.5,10.5,11.25,19.75,7.0,8.5,290.0,145.0,-145.0,0,0,0,0,0,7,7,2,3.0,10.0,1146.0,CONDITIONAL_PASS,
S2-REF-T5-BP0.25-OP3.00,STAGE_2_INNER_SUPPORT_AND_FASTENERS,REFINED_0.25_MM,0.25,0.0,METAL_PLATE_5MM_CANDIDATE,5.0,0.0,3.0,REVERSED_AWAY_FROM_BELT,STANDARD_REVERSED,13.25,8.25,15.5,10.5,11.25,19.75,7.0,8.5,290.0,145.0,-145.0,0,0,0,0,0,7,7,2,3.25,10.0,1145.25,CONDITIONAL_PASS,
S2-REF-T5-BP0.25-OP3.25,STAGE_2_INNER_SUPPORT_AND_FASTENERS,REFINED_0.25_MM,0.25,0.0,METAL_PLATE_5MM_CANDIDATE,5.0,0.0,3.25,REVERSED_AWAY_FROM_BELT,STANDARD_REVERSED,13.25,8.25,15.5,10.5,11.25,19.75,7.0,8.5,290.0,145.0,-145.0,0,0,0,0,0,7,7,2,3.5,10.0,1144.5,CONDITIONAL_PASS,
S2-REF-T5-BP0.25-OP3.50,STAGE_2_INNER_SUPPORT_AND_FASTENERS,REFINED_0.25_MM,0.25,0.0,METAL_PLATE_5MM_CANDIDATE,5.0,0.0,3.5,REVERSED_AWAY_FROM_BELT,STANDARD_REVERSED,13.25,8.25,15.5,10.5,11.25,19.75,7.0,8.5,290.0,145.0,-145.0,0,0,0,0,0,7,7,2,3.75,10.0,1143.75,CONDITIONAL_PASS,
S2-REF-T5-BP0.25-OP3.75,STAGE_2_INNER_SUPPORT_AND_FASTENERS,REFINED_0.25_MM,0.25,0.0,METAL_PLATE_5MM_CANDIDATE,5.0,0.0,3.75,REVERSED_AWAY_FROM_BELT,STANDARD_REVERSED,13.25,8.25,15.5,10.5,11.25,19.75,7.0,8.5,290.0,145.0,-145.0,0,0,0,0,0,7,7,2,4.0,10.0,1143.0,CONDITIONAL_PASS,
S2-REF-T5-BP0.25-OP4.00,STAGE_2_INNER_SUPPORT_AND_FASTENERS,REFINED_0.25_MM,0.25,0.0,METAL_PLATE_5MM_CANDIDATE,5.0,0.0,4.0,REVERSED_AWAY_FROM_BELT,STANDARD_REVERSED,13.25,8.25,15.5,10.5,11.25,19.75,7.0,8.5,290.0,145.0,-145.0,0,0,0,0,0,7,7,2,4.25,10.0,1142.25,CONDITIONAL_PASS,
S2-REF-T5-BP0.25-OP4.25,STAGE_2_INNER_SUPPORT_AND_FASTENERS,REFINED_0.25_MM,0.25,0.0,METAL_PLATE_5MM_CANDIDATE,5.0,0.0,4.25,REVERSED_AWAY_FROM_BELT,STANDARD_REVERSED,13.25,8.25,15.5,10.5,11.25,19.75,7.0,8.5,290.0,145.0,-145.0,0,0,0,0,0,7,7,2,4.5,10.0,1141.5,CONDITIONAL_PASS,
S2-REF-T5-BP0.25-OP4.50,STAGE_2_INNER_SUPPORT_AND_FASTENERS,REFINED_0.25_MM,0.25,0.0,METAL_PLATE_5MM_CANDIDATE,5.0,0.0,4.5,REVERSED_AWAY_FROM_BELT,STANDARD_REVERSED,13.25,8.25,15.5,10.5,11.25,19.75,7.0,8.5,290.0,145.0,-145.0,0,0,0,0,0,7,7,2,4.75,10.0,1140.75,CONDITIONAL_PASS,
S2-REF-T5-BP0.25-OP4.75,STAGE_2_INNER_SUPPORT_AND_FASTENERS,REFINED_0.25_MM,0.25,0.0,METAL_PLATE_5MM_CANDIDATE,5.0,0.0,4.75,REVERSED_AWAY_FROM_BELT,STANDARD_REVERSED,13.25,8.25,15.5,10.5,11.25,19.75,7.0,8.5,290.0,145.0,-145.0,0,0,0,0,0,7,7,2,5.0,10.0,1140.0,CONDITIONAL_PASS,
S2-REF-T5-BP0.25-OP5.00,STAGE_2_INNER_SUPPORT_AND_FASTENERS,REFINED_0.25_MM,0.25,0.0,METAL_PLATE_5MM_CANDIDATE,5.0,0.0,5.0,REVERSED_AWAY_FROM_BELT,STANDARD_REVERSED,13.25,8.25,15.5,10.5,11.25,19.75,7.0,8.5,290.0,145.0,-145.0,0,0,0,0,0,7,7,2,5.25,10.0,1139.25,CONDITIONAL_PASS,
S2-REF-T5-BP0.25-OP5.25,STAGE_2_INNER_SUPPORT_AND_FASTENERS,REFINED_0.25_MM,0.25,0.0,METAL_PLATE_5MM_CANDIDATE,5.0,0.0,5.25,REVERSED_AWAY_FROM_BELT,STANDARD_REVERSED,13.25,8.25,15.5,10.5,11.25,19.75,7.0,8.5,290.0,145.0,-145.0,0,0,0,0,0,7,7,2,5.5,10.0,1138.5,CONDITIONAL_PASS,
S2-REF-T5-BP0.25-OP5.50,STAGE_2_INNER_SUPPORT_AND_FASTENERS,REFINED_0.25_MM,0.25,0.0,METAL_PLATE_5MM_CANDIDATE,5.0,0.0,5.5,REVERSED_AWAY_FROM_BELT,STANDARD_REVERSED,13.25,8.25,15.5,10.5,11.25,19.75,7.0,8.5,290.0,145.0,-145.0,0,0,0,0,0,7,7,2,5.75,10.0,1137.75,CONDITIONAL_PASS,
S2-REF-T5-BP0.25-OP5.75,STAGE_2_INNER_SUPPORT_AND_FASTENERS,REFINED_0.25_MM,0.25,0.0,METAL_PLATE_5MM_CANDIDATE,5.0,0.0,5.75,REVERSED_AWAY_FROM_BELT,STANDARD_REVERSED,13.25,8.25,15.5,10.5,11.25,19.75,7.0,8.5,290.0,145.0,-145.0,0,0,0,0,0,7,7,2,6.0,10.0,1137.0,CONDITIONAL_PASS,
S2-REF-T5-BP0.25-OP6.00,STAGE_2_INNER_SUPPORT_AND_FASTENERS,REFINED_0.25_MM,0.25,0.0,METAL_PLATE_5MM_CANDIDATE,5.0,0.0,6.0,REVERSED_AWAY_FROM_BELT,STANDARD_REVERSED,13.25,8.25,15.5,10.5,11.25,19.75,7.0,8.5,290.0,145.0,-145.0,0,0,0,0,0,7,7,2,6.25,10.0,1136.25,CONDITIONAL_PASS,
S2-REF-T5-BP0.25-OP6.25,STAGE_2_INNER_SUPPORT_AND_FASTENERS,REFINED_0.25_MM,0.25,0.0,METAL_PLATE_5MM_CANDIDATE,5.0,0.0,6.25,REVERSED_AWAY_FROM_BELT,STANDARD_REVERSED,13.25,8.25,15.5,10.5,11.25,19.75,7.0,8.5,290.0,145.0,-145.0,0,0,0,0,0,7,7,2,6.5,10.0,1135.5,CONDITIONAL_PASS,
S2-REF-T5-BP0.25-OP6.50,STAGE_2_INNER_SUPPORT_AND_FASTENERS,REFINED_0.25_MM,0.25,0.0,METAL_PLATE_5MM_CANDIDATE,5.0,0.0,6.5,REVERSED_AWAY_FROM_BELT,STANDARD_REVERSED,13.25,8.25,15.5,10.5,11.25,19.75,7.0,8.5,290.0,145.0,-145.0,0,0,0,0,0,7,7,2,6.75,10.0,1134.75,CONDITIONAL_PASS,
S2-REF-T5-BP0.25-OP6.75,STAGE_2_INNER_SUPPORT_AND_FASTENERS,REFINED_0.25_MM,0.25,0.0,METAL_PLATE_5MM_CANDIDATE,5.0,0.0,6.75,REVERSED_AWAY_FROM_BELT,STANDARD_REVERSED,13.25,8.25,15.5,10.5,11.25,19.75,7.0,8.5,290.0,145.0,-145.0,0,0,0,0,0,7,7,2,7.0,10.0,1134.0,CONDITIONAL_PASS,
S2-REF-T5-BP0.25-OP7.00,STAGE_2_INNER_SUPPORT_AND_FASTENERS,REFINED_0.25_MM,0.25,0.0,METAL_PLATE_5MM_CANDIDATE,5.0,0.0,7.0,REVERSED_AWAY_FROM_BELT,STANDARD_REVERSED,13.25,8.25,15.5,10.5,11.25,19.75,7.0,8.5,290.0,145.0,-145.0,0,0,0,0,0,7,7,2,7.25,10.0,1133.25,CONDITIONAL_PASS,
S2-REF-T5-BP0.50-OP1.00,STAGE_2_INNER_SUPPORT_AND_FASTENERS,REFINED_0.25_MM,0.5,0.0,METAL_PLATE_5MM_CANDIDATE,5.0,0.0,1.0,REVERSED_AWAY_FROM_BELT,STANDARD_REVERSED,12.0,7.0,15.5,10.5,11.5,20.0,7.0,8.5,290.0,145.0,-145.0,0,0,0,0,0,7,7,2,1.5,10.0,125.5,FAIL,PTO_NOMINAL_LT_13;PTO_RESIDUAL_LT_8
S2-REF-T5-BP0.50-OP1.25,STAGE_2_INNER_SUPPORT_AND_FASTENERS,REFINED_0.25_MM,0.5,0.0,METAL_PLATE_5MM_CANDIDATE,5.0,0.0,1.25,REVERSED_AWAY_FROM_BELT,STANDARD_REVERSED,12.25,7.25,15.5,10.5,11.5,20.0,7.0,8.5,290.0,145.0,-145.0,0,0,0,0,0,7,7,2,1.75,10.0,129.75,FAIL,PTO_NOMINAL_LT_13;PTO_RESIDUAL_LT_8
S2-REF-T5-BP0.50-OP1.50,STAGE_2_INNER_SUPPORT_AND_FASTENERS,REFINED_0.25_MM,0.5,0.0,METAL_PLATE_5MM_CANDIDATE,5.0,0.0,1.5,REVERSED_AWAY_FROM_BELT,STANDARD_REVERSED,12.5,7.5,15.5,10.5,11.5,20.0,7.0,8.5,290.0,145.0,-145.0,0,0,0,0,0,7,7,2,2.0,10.0,134.0,FAIL,PTO_NOMINAL_LT_13;PTO_RESIDUAL_LT_8
S2-REF-T5-BP0.50-OP1.75,STAGE_2_INNER_SUPPORT_AND_FASTENERS,REFINED_0.25_MM,0.5,0.0,METAL_PLATE_5MM_CANDIDATE,5.0,0.0,1.75,REVERSED_AWAY_FROM_BELT,STANDARD_REVERSED,12.75,7.75,15.5,10.5,11.5,20.0,7.0,8.5,290.0,145.0,-145.0,0,0,0,0,0,7,7,2,2.25,10.0,138.25,FAIL,PTO_NOMINAL_LT_13;PTO_RESIDUAL_LT_8
S2-REF-T5-BP0.50-OP2.00,STAGE_2_INNER_SUPPORT_AND_FASTENERS,REFINED_0.25_MM,0.5,0.0,METAL_PLATE_5MM_CANDIDATE,5.0,0.0,2.0,REVERSED_AWAY_FROM_BELT,STANDARD_REVERSED,13.0,8.0,15.5,10.5,11.5,20.0,7.0,8.5,290.0,145.0,-145.0,0,0,0,0,0,7,7,2,2.5,10.0,1142.5,CONDITIONAL_PASS,
S2-REF-T5-BP0.50-OP2.25,STAGE_2_INNER_SUPPORT_AND_FASTENERS,REFINED_0.25_MM,0.5,0.0,METAL_PLATE_5MM_CANDIDATE,5.0,0.0,2.25,REVERSED_AWAY_FROM_BELT,STANDARD_REVERSED,13.25,8.25,15.5,10.5,11.5,20.0,7.0,8.5,290.0,145.0,-145.0,0,0,0,0,0,7,7,2,2.75,10.0,1146.75,CONDITIONAL_PASS,
S2-REF-T5-BP0.50-OP2.50,STAGE_2_INNER_SUPPORT_AND_FASTENERS,REFINED_0.25_MM,0.5,0.0,METAL_PLATE_5MM_CANDIDATE,5.0,0.0,2.5,REVERSED_AWAY_FROM_BELT,STANDARD_REVERSED,13.5,8.5,15.5,10.5,11.5,20.0,7.0,8.5,290.0,145.0,-145.0,0,0,0,0,0,7,7,2,3.0,10.0,1151.0,CONDITIONAL_PASS,
S2-REF-T5-BP0.50-OP2.75,STAGE_2_INNER_SUPPORT_AND_FASTENERS,REFINED_0.25_MM,0.5,0.0,METAL_PLATE_5MM_CANDIDATE,5.0,0.0,2.75,REVERSED_AWAY_FROM_BELT,STANDARD_REVERSED,13.5,8.5,15.5,10.5,11.5,20.0,7.0,8.5,290.0,145.0,-145.0,0,0,0,0,0,7,7,2,3.25,10.0,1150.25,CONDITIONAL_PASS,
S2-REF-T5-BP0.50-OP3.00,STAGE_2_INNER_SUPPORT_AND_FASTENERS,REFINED_0.25_MM,0.5,0.0,METAL_PLATE_5MM_CANDIDATE,5.0,0.0,3.0,REVERSED_AWAY_FROM_BELT,STANDARD_REVERSED,13.5,8.5,15.5,10.5,11.5,20.0,7.0,8.5,290.0,145.0,-145.0,0,0,0,0,0,7,7,2,3.5,10.0,1149.5,CONDITIONAL_PASS,
S2-REF-T5-BP0.50-OP3.25,STAGE_2_INNER_SUPPORT_AND_FASTENERS,REFINED_0.25_MM,0.5,0.0,METAL_PLATE_5MM_CANDIDATE,5.0,0.0,3.25,REVERSED_AWAY_FROM_BELT,STANDARD_REVERSED,13.5,8.5,15.5,10.5,11.5,20.0,7.0,8.5,290.0,145.0,-145.0,0,0,0,0,0,7,7,2,3.75,10.0,1148.75,CONDITIONAL_PASS,
S2-REF-T5-BP0.50-OP3.50,STAGE_2_INNER_SUPPORT_AND_FASTENERS,REFINED_0.25_MM,0.5,0.0,METAL_PLATE_5MM_CANDIDATE,5.0,0.0,3.5,REVERSED_AWAY_FROM_BELT,STANDARD_REVERSED,13.5,8.5,15.5,10.5,11.5,20.0,7.0,8.5,290.0,145.0,-145.0,0,0,0,0,0,7,7,2,4.0,10.0,1148.0,CONDITIONAL_PASS,
S2-REF-T5-BP0.50-OP3.75,STAGE_2_INNER_SUPPORT_AND_FASTENERS,REFINED_0.25_MM,0.5,0.0,METAL_PLATE_5MM_CANDIDATE,5.0,0.0,3.75,REVERSED_AWAY_FROM_BELT,STANDARD_REVERSED,13.5,8.5,15.5,10.5,11.5,20.0,7.0,8.5,290.0,145.0,-145.0,0,0,0,0,0,7,7,2,4.25,10.0,1147.25,CONDITIONAL_PASS,
S2-REF-T5-BP0.50-OP4.00,STAGE_2_INNER_SUPPORT_AND_FASTENERS,REFINED_0.25_MM,0.5,0.0,METAL_PLATE_5MM_CANDIDATE,5.0,0.0,4.0,REVERSED_AWAY_FROM_BELT,STANDARD_REVERSED,13.5,8.5,15.5,10.5,11.5,20.0,7.0,8.5,290.0,145.0,-145.0,0,0,0,0,0,7,7,2,4.5,10.0,1146.5,CONDITIONAL_PASS,
S2-REF-T5-BP0.50-OP4.25,STAGE_2_INNER_SUPPORT_AND_FASTENERS,REFINED_0.25_MM,0.5,0.0,METAL_PLATE_5MM_CANDIDATE,5.0,0.0,4.25,REVERSED_AWAY_FROM_BELT,STANDARD_REVERSED,13.5,8.5,15.5,10.5,11.5,20.0,7.0,8.5,290.0,145.0,-145.0,0,0,0,0,0,7,7,2,4.75,10.0,1145.75,CONDITIONAL_PASS,
S2-REF-T5-BP0.50-OP4.50,STAGE_2_INNER_SUPPORT_AND_FASTENERS,REFINED_0.25_MM,0.5,0.0,METAL_PLATE_5MM_CANDIDATE,5.0,0.0,4.5,REVERSED_AWAY_FROM_BELT,STANDARD_REVERSED,13.5,8.5,15.5,10.5,11.5,20.0,7.0,8.5,290.0,145.0,-145.0,0,0,0,0,0,7,7,2,5.0,10.0,1145.0,CONDITIONAL_PASS,
S2-REF-T5-BP0.50-OP4.75,STAGE_2_INNER_SUPPORT_AND_FASTENERS,REFINED_0.25_MM,0.5,0.0,METAL_PLATE_5MM_CANDIDATE,5.0,0.0,4.75,REVERSED_AWAY_FROM_BELT,STANDARD_REVERSED,13.5,8.5,15.5,10.5,11.5,20.0,7.0,8.5,290.0,145.0,-145.0,0,0,0,0,0,7,7,2,5.25,10.0,1144.25,CONDITIONAL_PASS,
S2-REF-T5-BP0.50-OP5.00,STAGE_2_INNER_SUPPORT_AND_FASTENERS,REFINED_0.25_MM,0.5,0.0,METAL_PLATE_5MM_CANDIDATE,5.0,0.0,5.0,REVERSED_AWAY_FROM_BELT,STANDARD_REVERSED,13.5,8.5,15.5,10.5,11.5,20.0,7.0,8.5,290.0,145.0,-145.0,0,0,0,0,0,7,7,2,5.5,10.0,1143.5,CONDITIONAL_PASS,
S2-REF-T5-BP0.50-OP5.25,STAGE_2_INNER_SUPPORT_AND_FASTENERS,REFINED_0.25_MM,0.5,0.0,METAL_PLATE_5MM_CANDIDATE,5.0,0.0,5.25,REVERSED_AWAY_FROM_BELT,STANDARD_REVERSED,13.5,8.5,15.5,10.5,11.5,20.0,7.0,8.5,290.0,145.0,-145.0,0,0,0,0,0,7,7,2,5.75,10.0,1142.75,CONDITIONAL_PASS,
S2-REF-T5-BP0.50-OP5.50,STAGE_2_INNER_SUPPORT_AND_FASTENERS,REFINED_0.25_MM,0.5,0.0,METAL_PLATE_5MM_CANDIDATE,5.0,0.0,5.5,REVERSED_AWAY_FROM_BELT,STANDARD_REVERSED,13.5,8.5,15.5,10.5,11.5,20.0,7.0,8.5,290.0,145.0,-145.0,0,0,0,0,0,7,7,2,6.0,10.0,1142.0,CONDITIONAL_PASS,
S2-REF-T5-BP0.50-OP5.75,STAGE_2_INNER_SUPPORT_AND_FASTENERS,REFINED_0.25_MM,0.5,0.0,METAL_PLATE_5MM_CANDIDATE,5.0,0.0,5.75,REVERSED_AWAY_FROM_BELT,STANDARD_REVERSED,13.5,8.5,15.5,10.5,11.5,20.0,7.0,8.5,290.0,145.0,-145.0,0,0,0,0,0,7,7,2,6.25,10.0,1141.25,CONDITIONAL_PASS,
S2-REF-T5-BP0.50-OP6.00,STAGE_2_INNER_SUPPORT_AND_FASTENERS,REFINED_0.25_MM,0.5,0.0,METAL_PLATE_5MM_CANDIDATE,5.0,0.0,6.0,REVERSED_AWAY_FROM_BELT,STANDARD_REVERSED,13.5,8.5,15.5,10.5,11.5,20.0,7.0,8.5,290.0,145.0,-145.0,0,0,0,0,0,7,7,2,6.5,10.0,1140.5,CONDITIONAL_PASS,
S2-REF-T5-BP0.50-OP6.25,STAGE_2_INNER_SUPPORT_AND_FASTENERS,REFINED_0.25_MM,0.5,0.0,METAL_PLATE_5MM_CANDIDATE,5.0,0.0,6.25,REVERSED_AWAY_FROM_BELT,STANDARD_REVERSED,13.5,8.5,15.5,10.5,11.5,20.0,7.0,8.5,290.0,145.0,-145.0,0,0,0,0,0,7,7,2,6.75,10.0,1139.75,CONDITIONAL_PASS,
S2-REF-T5-BP0.50-OP6.50,STAGE_2_INNER_SUPPORT_AND_FASTENERS,REFINED_0.25_MM,0.5,0.0,METAL_PLATE_5MM_CANDIDATE,5.0,0.0,6.5,REVERSED_AWAY_FROM_BELT,STANDARD_REVERSED,13.5,8.5,15.5,10.5,11.5,20.0,7.0,8.5,290.0,145.0,-145.0,0,0,0,0,0,7,7,2,7.0,10.0,1139.0,CONDITIONAL_PASS,
S2-REF-T5-BP0.50-OP6.75,STAGE_2_INNER_SUPPORT_AND_FASTENERS,REFINED_0.25_MM,0.5,0.0,METAL_PLATE_5MM_CANDIDATE,5.0,0.0,6.75,REVERSED_AWAY_FROM_BELT,STANDARD_REVERSED,13.5,8.5,15.5,10.5,11.5,20.0,7.0,8.5,290.0,145.0,-145.0,0,0,0,0,0,7,7,2,7.25,10.0,1138.25,CONDITIONAL_PASS,
S2-REF-T5-BP0.50-OP7.00,STAGE_2_INNER_SUPPORT_AND_FASTENERS,REFINED_0.25_MM,0.5,0.0,METAL_PLATE_5MM_CANDIDATE,5.0,0.0,7.0,REVERSED_AWAY_FROM_BELT,STANDARD_REVERSED,13.5,8.5,15.5,10.5,11.5,20.0,7.0,8.5,290.0,145.0,-145.0,0,0,0,0,0,7,7,2,7.5,10.0,1137.5,CONDITIONAL_PASS,
S2-REF-T5-BP0.75-OP1.00,STAGE_2_INNER_SUPPORT_AND_FASTENERS,REFINED_0.25_MM,0.75,0.0,METAL_PLATE_5MM_CANDIDATE,5.0,0.0,1.0,REVERSED_AWAY_FROM_BELT,STANDARD_REVERSED,11.75,6.75,15.5,10.5,11.75,20.25,7.0,8.5,290.0,145.0,-145.0,0,0,0,0,0,7,7,2,1.75,10.0,119.75,FAIL,PTO_NOMINAL_LT_13;PTO_RESIDUAL_LT_8
S2-REF-T5-BP0.75-OP1.25,STAGE_2_INNER_SUPPORT_AND_FASTENERS,REFINED_0.25_MM,0.75,0.0,METAL_PLATE_5MM_CANDIDATE,5.0,0.0,1.25,REVERSED_AWAY_FROM_BELT,STANDARD_REVERSED,12.0,7.0,15.5,10.5,11.75,20.25,7.0,8.5,290.0,145.0,-145.0,0,0,0,0,0,7,7,2,2.0,10.0,124.0,FAIL,PTO_NOMINAL_LT_13;PTO_RESIDUAL_LT_8
S2-REF-T5-BP0.75-OP1.50,STAGE_2_INNER_SUPPORT_AND_FASTENERS,REFINED_0.25_MM,0.75,0.0,METAL_PLATE_5MM_CANDIDATE,5.0,0.0,1.5,REVERSED_AWAY_FROM_BELT,STANDARD_REVERSED,12.25,7.25,15.5,10.5,11.75,20.25,7.0,8.5,290.0,145.0,-145.0,0,0,0,0,0,7,7,2,2.25,10.0,128.25,FAIL,PTO_NOMINAL_LT_13;PTO_RESIDUAL_LT_8
S2-REF-T5-BP0.75-OP1.75,STAGE_2_INNER_SUPPORT_AND_FASTENERS,REFINED_0.25_MM,0.75,0.0,METAL_PLATE_5MM_CANDIDATE,5.0,0.0,1.75,REVERSED_AWAY_FROM_BELT,STANDARD_REVERSED,12.5,7.5,15.5,10.5,11.75,20.25,7.0,8.5,290.0,145.0,-145.0,0,0,0,0,0,7,7,2,2.5,10.0,132.5,FAIL,PTO_NOMINAL_LT_13;PTO_RESIDUAL_LT_8
S2-REF-T5-BP0.75-OP2.00,STAGE_2_INNER_SUPPORT_AND_FASTENERS,REFINED_0.25_MM,0.75,0.0,METAL_PLATE_5MM_CANDIDATE,5.0,0.0,2.0,REVERSED_AWAY_FROM_BELT,STANDARD_REVERSED,12.75,7.75,15.5,10.5,11.75,20.25,7.0,8.5,290.0,145.0,-145.0,0,0,0,0,0,7,7,2,2.75,10.0,136.75,FAIL,PTO_NOMINAL_LT_13;PTO_RESIDUAL_LT_8
S2-REF-T5-BP0.75-OP2.25,STAGE_2_INNER_SUPPORT_AND_FASTENERS,REFINED_0.25_MM,0.75,0.0,METAL_PLATE_5MM_CANDIDATE,5.0,0.0,2.25,REVERSED_AWAY_FROM_BELT,STANDARD_REVERSED,13.0,8.0,15.5,10.5,11.75,20.25,7.0,8.5,290.0,145.0,-145.0,0,0,0,0,0,7,7,2,3.0,10.0,1141.0,CONDITIONAL_PASS,
S2-REF-T5-BP0.75-OP2.50,STAGE_2_INNER_SUPPORT_AND_FASTENERS,REFINED_0.25_MM,0.75,0.0,METAL_PLATE_5MM_CANDIDATE,5.0,0.0,2.5,REVERSED_AWAY_FROM_BELT,STANDARD_REVERSED,13.25,8.25,15.5,10.5,11.75,20.25,7.0,8.5,290.0,145.0,-145.0,0,0,0,0,0,7,7,2,3.25,10.0,1145.25,CONDITIONAL_PASS,
S2-REF-T5-BP0.75-OP2.75,STAGE_2_INNER_SUPPORT_AND_FASTENERS,REFINED_0.25_MM,0.75,0.0,METAL_PLATE_5MM_CANDIDATE,5.0,0.0,2.75,REVERSED_AWAY_FROM_BELT,STANDARD_REVERSED,13.5,8.5,15.5,10.5,11.75,20.25,7.0,8.5,290.0,145.0,-145.0,0,0,0,0,0,7,7,2,3.5,10.0,1149.5,CONDITIONAL_PASS,
S2-REF-T5-BP0.75-OP3.00,STAGE_2_INNER_SUPPORT_AND_FASTENERS,REFINED_0.25_MM,0.75,0.0,METAL_PLATE_5MM_CANDIDATE,5.0,0.0,3.0,REVERSED_AWAY_FROM_BELT,STANDARD_REVERSED,13.75,8.75,15.5,10.5,11.75,20.25,7.0,8.5,290.0,145.0,-145.0,0,0,0,0,0,7,7,2,3.75,10.0,1153.75,CONDITIONAL_PASS,
S2-REF-T5-BP0.75-OP3.25,STAGE_2_INNER_SUPPORT_AND_FASTENERS,REFINED_0.25_MM,0.75,0.0,METAL_PLATE_5MM_CANDIDATE,5.0,0.0,3.25,REVERSED_AWAY_FROM_BELT,STANDARD_REVERSED,13.75,8.75,15.5,10.5,11.75,20.25,7.0,8.5,290.0,145.0,-145.0,0,0,0,0,0,7,7,2,4.0,10.0,1153.0,CONDITIONAL_PASS,
S2-REF-T5-BP0.75-OP3.50,STAGE_2_INNER_SUPPORT_AND_FASTENERS,REFINED_0.25_MM,0.75,0.0,METAL_PLATE_5MM_CANDIDATE,5.0,0.0,3.5,REVERSED_AWAY_FROM_BELT,STANDARD_REVERSED,13.75,8.75,15.5,10.5,11.75,20.25,7.0,8.5,290.0,145.0,-145.0,0,0,0,0,0,7,7,2,4.25,10.0,1152.25,CONDITIONAL_PASS,
S2-REF-T5-BP0.75-OP3.75,STAGE_2_INNER_SUPPORT_AND_FASTENERS,REFINED_0.25_MM,0.75,0.0,METAL_PLATE_5MM_CANDIDATE,5.0,0.0,3.75,REVERSED_AWAY_FROM_BELT,STANDARD_REVERSED,13.75,8.75,15.5,10.5,11.75,20.25,7.0,8.5,290.0,145.0,-145.0,0,0,0,0,0,7,7,2,4.5,10.0,1151.5,CONDITIONAL_PASS,
S2-REF-T5-BP0.75-OP4.00,STAGE_2_INNER_SUPPORT_AND_FASTENERS,REFINED_0.25_MM,0.75,0.0,METAL_PLATE_5MM_CANDIDATE,5.0,0.0,4.0,REVERSED_AWAY_FROM_BELT,STANDARD_REVERSED,13.75,8.75,15.5,10.5,11.75,20.25,7.0,8.5,290.0,145.0,-145.0,0,0,0,0,0,7,7,2,4.75,10.0,1150.75,CONDITIONAL_PASS,
S2-REF-T5-BP0.75-OP4.25,STAGE_2_INNER_SUPPORT_AND_FASTENERS,REFINED_0.25_MM,0.75,0.0,METAL_PLATE_5MM_CANDIDATE,5.0,0.0,4.25,REVERSED_AWAY_FROM_BELT,STANDARD_REVERSED,13.75,8.75,15.5,10.5,11.75,20.25,7.0,8.5,290.0,145.0,-145.0,0,0,0,0,0,7,7,2,5.0,10.0,1150.0,CONDITIONAL_PASS,
S2-REF-T5-BP0.75-OP4.50,STAGE_2_INNER_SUPPORT_AND_FASTENERS,REFINED_0.25_MM,0.75,0.0,METAL_PLATE_5MM_CANDIDATE,5.0,0.0,4.5,REVERSED_AWAY_FROM_BELT,STANDARD_REVERSED,13.75,8.75,15.5,10.5,11.75,20.25,7.0,8.5,290.0,145.0,-145.0,0,0,0,0,0,7,7,2,5.25,10.0,1149.25,CONDITIONAL_PASS,
S2-REF-T5-BP0.75-OP4.75,STAGE_2_INNER_SUPPORT_AND_FASTENERS,REFINED_0.25_MM,0.75,0.0,METAL_PLATE_5MM_CANDIDATE,5.0,0.0,4.75,REVERSED_AWAY_FROM_BELT,STANDARD_REVERSED,13.75,8.75,15.5,10.5,11.75,20.25,7.0,8.5,290.0,145.0,-145.0,0,0,0,0,0,7,7,2,5.5,10.0,1148.5,CONDITIONAL_PASS,
S2-REF-T5-BP0.75-OP5.00,STAGE_2_INNER_SUPPORT_AND_FASTENERS,REFINED_0.25_MM,0.75,0.0,METAL_PLATE_5MM_CANDIDATE,5.0,0.0,5.0,REVERSED_AWAY_FROM_BELT,STANDARD_REVERSED,13.75,8.75,15.5,10.5,11.75,20.25,7.0,8.5,290.0,145.0,-145.0,0,0,0,0,0,7,7,2,5.75,10.0,1147.75,CONDITIONAL_PASS,
S2-REF-T5-BP0.75-OP5.25,STAGE_2_INNER_SUPPORT_AND_FASTENERS,REFINED_0.25_MM,0.75,0.0,METAL_PLATE_5MM_CANDIDATE,5.0,0.0,5.25,REVERSED_AWAY_FROM_BELT,STANDARD_REVERSED,13.75,8.75,15.5,10.5,11.75,20.25,7.0,8.5,290.0,145.0,-145.0,0,0,0,0,0,7,7,2,6.0,10.0,1147.0,CONDITIONAL_PASS,
S2-REF-T5-BP0.75-OP5.50,STAGE_2_INNER_SUPPORT_AND_FASTENERS,REFINED_0.25_MM,0.75,0.0,METAL_PLATE_5MM_CANDIDATE,5.0,0.0,5.5,REVERSED_AWAY_FROM_BELT,STANDARD_REVERSED,13.75,8.75,15.5,10.5,11.75,20.25,7.0,8.5,290.0,145.0,-145.0,0,0,0,0,0,7,7,2,6.25,10.0,1146.25,CONDITIONAL_PASS,
S2-REF-T5-BP0.75-OP5.75,STAGE_2_INNER_SUPPORT_AND_FASTENERS,REFINED_0.25_MM,0.75,0.0,METAL_PLATE_5MM_CANDIDATE,5.0,0.0,5.75,REVERSED_AWAY_FROM_BELT,STANDARD_REVERSED,13.75,8.75,15.5,10.5,11.75,20.25,7.0,8.5,290.0,145.0,-145.0,0,0,0,0,0,7,7,2,6.5,10.0,1145.5,CONDITIONAL_PASS,
S2-REF-T5-BP0.75-OP6.00,STAGE_2_INNER_SUPPORT_AND_FASTENERS,REFINED_0.25_MM,0.75,0.0,METAL_PLATE_5MM_CANDIDATE,5.0,0.0,6.0,REVERSED_AWAY_FROM_BELT,STANDARD_REVERSED,13.75,8.75,15.5,10.5,11.75,20.25,7.0,8.5,290.0,145.0,-145.0,0,0,0,0,0,7,7,2,6.75,10.0,1144.75,CONDITIONAL_PASS,
S2-REF-T5-BP0.75-OP6.25,STAGE_2_INNER_SUPPORT_AND_FASTENERS,REFINED_0.25_MM,0.75,0.0,METAL_PLATE_5MM_CANDIDATE,5.0,0.0,6.25,REVERSED_AWAY_FROM_BELT,STANDARD_REVERSED,13.75,8.75,15.5,10.5,11.75,20.25,7.0,8.5,290.0,145.0,-145.0,0,0,0,0,0,7,7,2,7.0,10.0,1144.0,CONDITIONAL_PASS,
S2-REF-T5-BP0.75-OP6.50,STAGE_2_INNER_SUPPORT_AND_FASTENERS,REFINED_0.25_MM,0.75,0.0,METAL_PLATE_5MM_CANDIDATE,5.0,0.0,6.5,REVERSED_AWAY_FROM_BELT,STANDARD_REVERSED,13.75,8.75,15.5,10.5,11.75,20.25,7.0,8.5,290.0,145.0,-145.0,0,0,0,0,0,7,7,2,7.25,10.0,1143.25,CONDITIONAL_PASS,
S2-REF-T5-BP0.75-OP6.75,STAGE_2_INNER_SUPPORT_AND_FASTENERS,REFINED_0.25_MM,0.75,0.0,METAL_PLATE_5MM_CANDIDATE,5.0,0.0,6.75,REVERSED_AWAY_FROM_BELT,STANDARD_REVERSED,13.75,8.75,15.5,10.5,11.75,20.25,7.0,8.5,290.0,145.0,-145.0,0,0,0,0,0,7,7,2,7.5,10.0,1142.5,CONDITIONAL_PASS,
S2-REF-T5-BP0.75-OP7.00,STAGE_2_INNER_SUPPORT_AND_FASTENERS,REFINED_0.25_MM,0.75,0.0,METAL_PLATE_5MM_CANDIDATE,5.0,0.0,7.0,REVERSED_AWAY_FROM_BELT,STANDARD_REVERSED,13.75,8.75,15.5,10.5,11.75,20.25,7.0,8.5,290.0,145.0,-145.0,0,0,0,0,0,7,7,2,7.75,10.0,1141.75,CONDITIONAL_PASS,
S2-REF-T5-BP1.00-OP1.00,STAGE_2_INNER_SUPPORT_AND_FASTENERS,REFINED_0.25_MM,1.0,0.0,METAL_PLATE_5MM_CANDIDATE,5.0,0.0,1.0,REVERSED_AWAY_FROM_BELT,STANDARD_REVERSED,11.5,6.5,15.5,10.5,12.0,20.5,7.0,8.5,290.0,145.0,-145.0,0,0,0,0,0,7,7,2,2.0,10.0,114.0,FAIL,PTO_NOMINAL_LT_13;PTO_RESIDUAL_LT_8
S2-REF-T5-BP1.00-OP1.25,STAGE_2_INNER_SUPPORT_AND_FASTENERS,REFINED_0.25_MM,1.0,0.0,METAL_PLATE_5MM_CANDIDATE,5.0,0.0,1.25,REVERSED_AWAY_FROM_BELT,STANDARD_REVERSED,11.75,6.75,15.5,10.5,12.0,20.5,7.0,8.5,290.0,145.0,-145.0,0,0,0,0,0,7,7,2,2.25,10.0,118.25,FAIL,PTO_NOMINAL_LT_13;PTO_RESIDUAL_LT_8
S2-REF-T5-BP1.00-OP1.50,STAGE_2_INNER_SUPPORT_AND_FASTENERS,REFINED_0.25_MM,1.0,0.0,METAL_PLATE_5MM_CANDIDATE,5.0,0.0,1.5,REVERSED_AWAY_FROM_BELT,STANDARD_REVERSED,12.0,7.0,15.5,10.5,12.0,20.5,7.0,8.5,290.0,145.0,-145.0,0,0,0,0,0,7,7,2,2.5,10.0,122.5,FAIL,PTO_NOMINAL_LT_13;PTO_RESIDUAL_LT_8
S2-REF-T5-BP1.00-OP1.75,STAGE_2_INNER_SUPPORT_AND_FASTENERS,REFINED_0.25_MM,1.0,0.0,METAL_PLATE_5MM_CANDIDATE,5.0,0.0,1.75,REVERSED_AWAY_FROM_BELT,STANDARD_REVERSED,12.25,7.25,15.5,10.5,12.0,20.5,7.0,8.5,290.0,145.0,-145.0,0,0,0,0,0,7,7,2,2.75,10.0,126.75,FAIL,PTO_NOMINAL_LT_13;PTO_RESIDUAL_LT_8
S2-REF-T5-BP1.00-OP2.00,STAGE_2_INNER_SUPPORT_AND_FASTENERS,REFINED_0.25_MM,1.0,0.0,METAL_PLATE_5MM_CANDIDATE,5.0,0.0,2.0,REVERSED_AWAY_FROM_BELT,STANDARD_REVERSED,12.5,7.5,15.5,10.5,12.0,20.5,7.0,8.5,290.0,145.0,-145.0,0,0,0,0,0,7,7,2,3.0,10.0,131.0,FAIL,PTO_NOMINAL_LT_13;PTO_RESIDUAL_LT_8
S2-REF-T5-BP1.00-OP2.25,STAGE_2_INNER_SUPPORT_AND_FASTENERS,REFINED_0.25_MM,1.0,0.0,METAL_PLATE_5MM_CANDIDATE,5.0,0.0,2.25,REVERSED_AWAY_FROM_BELT,STANDARD_REVERSED,12.75,7.75,15.5,10.5,12.0,20.5,7.0,8.5,290.0,145.0,-145.0,0,0,0,0,0,7,7,2,3.25,10.0,135.25,FAIL,PTO_NOMINAL_LT_13;PTO_RESIDUAL_LT_8
S2-REF-T5-BP1.00-OP2.50,STAGE_2_INNER_SUPPORT_AND_FASTENERS,REFINED_0.25_MM,1.0,0.0,METAL_PLATE_5MM_CANDIDATE,5.0,0.0,2.5,REVERSED_AWAY_FROM_BELT,STANDARD_REVERSED,13.0,8.0,15.5,10.5,12.0,20.5,7.0,8.5,290.0,145.0,-145.0,0,0,0,0,0,7,7,2,3.5,10.0,1139.5,CONDITIONAL_PASS,
S2-REF-T5-BP1.00-OP2.75,STAGE_2_INNER_SUPPORT_AND_FASTENERS,REFINED_0.25_MM,1.0,0.0,METAL_PLATE_5MM_CANDIDATE,5.0,0.0,2.75,REVERSED_AWAY_FROM_BELT,STANDARD_REVERSED,13.25,8.25,15.5,10.5,12.0,20.5,7.0,8.5,290.0,145.0,-145.0,0,0,0,0,0,7,7,2,3.75,10.0,1143.75,CONDITIONAL_PASS,
S2-REF-T5-BP1.00-OP3.00,STAGE_2_INNER_SUPPORT_AND_FASTENERS,REFINED_0.25_MM,1.0,0.0,METAL_PLATE_5MM_CANDIDATE,5.0,0.0,3.0,REVERSED_AWAY_FROM_BELT,STANDARD_REVERSED,13.5,8.5,15.5,10.5,12.0,20.5,7.0,8.5,290.0,145.0,-145.0,0,0,0,0,0,7,7,2,4.0,10.0,1148.0,CONDITIONAL_PASS,
S2-REF-T5-BP1.00-OP3.25,STAGE_2_INNER_SUPPORT_AND_FASTENERS,REFINED_0.25_MM,1.0,0.0,METAL_PLATE_5MM_CANDIDATE,5.0,0.0,3.25,REVERSED_AWAY_FROM_BELT,STANDARD_REVERSED,13.75,8.75,15.5,10.5,12.0,20.5,7.0,8.5,290.0,145.0,-145.0,0,0,0,0,0,7,7,2,4.25,10.0,1152.25,CONDITIONAL_PASS,
S2-REF-T5-BP1.00-OP3.50,STAGE_2_INNER_SUPPORT_AND_FASTENERS,REFINED_0.25_MM,1.0,0.0,METAL_PLATE_5MM_CANDIDATE,5.0,0.0,3.5,REVERSED_AWAY_FROM_BELT,STANDARD_REVERSED,14.0,9.0,15.5,10.5,12.0,20.5,7.0,8.5,290.0,145.0,-145.0,0,0,0,0,0,7,7,2,4.5,10.0,1156.5,CONDITIONAL_PASS,
S2-REF-T5-BP1.00-OP3.75,STAGE_2_INNER_SUPPORT_AND_FASTENERS,REFINED_0.25_MM,1.0,0.0,METAL_PLATE_5MM_CANDIDATE,5.0,0.0,3.75,REVERSED_AWAY_FROM_BELT,STANDARD_REVERSED,14.0,9.0,15.5,10.5,12.0,20.5,7.0,8.5,290.0,145.0,-145.0,0,0,0,0,0,7,7,2,4.75,10.0,1155.75,CONDITIONAL_PASS,
S2-REF-T5-BP1.00-OP4.00,STAGE_2_INNER_SUPPORT_AND_FASTENERS,REFINED_0.25_MM,1.0,0.0,METAL_PLATE_5MM_CANDIDATE,5.0,0.0,4.0,REVERSED_AWAY_FROM_BELT,STANDARD_REVERSED,14.0,9.0,15.5,10.5,12.0,20.5,7.0,8.5,290.0,145.0,-145.0,0,0,0,0,0,7,7,2,5.0,10.0,1155.0,CONDITIONAL_PASS,
S2-REF-T5-BP1.00-OP4.25,STAGE_2_INNER_SUPPORT_AND_FASTENERS,REFINED_0.25_MM,1.0,0.0,METAL_PLATE_5MM_CANDIDATE,5.0,0.0,4.25,REVERSED_AWAY_FROM_BELT,STANDARD_REVERSED,14.0,9.0,15.5,10.5,12.0,20.5,7.0,8.5,290.0,145.0,-145.0,0,0,0,0,0,7,7,2,5.25,10.0,1154.25,CONDITIONAL_PASS,
S2-REF-T5-BP1.00-OP4.50,STAGE_2_INNER_SUPPORT_AND_FASTENERS,REFINED_0.25_MM,1.0,0.0,METAL_PLATE_5MM_CANDIDATE,5.0,0.0,4.5,REVERSED_AWAY_FROM_BELT,STANDARD_REVERSED,14.0,9.0,15.5,10.5,12.0,20.5,7.0,8.5,290.0,145.0,-145.0,0,0,0,0,0,7,7,2,5.5,10.0,1153.5,CONDITIONAL_PASS,
S2-REF-T5-BP1.00-OP4.75,STAGE_2_INNER_SUPPORT_AND_FASTENERS,REFINED_0.25_MM,1.0,0.0,METAL_PLATE_5MM_CANDIDATE,5.0,0.0,4.75,REVERSED_AWAY_FROM_BELT,STANDARD_REVERSED,14.0,9.0,15.5,10.5,12.0,20.5,7.0,8.5,290.0,145.0,-145.0,0,0,0,0,0,7,7,2,5.75,10.0,1152.75,CONDITIONAL_PASS,
S2-REF-T5-BP1.00-OP5.00,STAGE_2_INNER_SUPPORT_AND_FASTENERS,REFINED_0.25_MM,1.0,0.0,METAL_PLATE_5MM_CANDIDATE,5.0,0.0,5.0,REVERSED_AWAY_FROM_BELT,STANDARD_REVERSED,14.0,9.0,15.5,10.5,12.0,20.5,7.0,8.5,290.0,145.0,-145.0,0,0,0,0,0,7,7,2,6.0,10.0,1152.0,CONDITIONAL_PASS,
S2-REF-T5-BP1.00-OP5.25,STAGE_2_INNER_SUPPORT_AND_FASTENERS,REFINED_0.25_MM,1.0,0.0,METAL_PLATE_5MM_CANDIDATE,5.0,0.0,5.25,REVERSED_AWAY_FROM_BELT,STANDARD_REVERSED,14.0,9.0,15.5,10.5,12.0,20.5,7.0,8.5,290.0,145.0,-145.0,0,0,0,0,0,7,7,2,6.25,10.0,1151.25,CONDITIONAL_PASS,
S2-REF-T5-BP1.00-OP5.50,STAGE_2_INNER_SUPPORT_AND_FASTENERS,REFINED_0.25_MM,1.0,0.0,METAL_PLATE_5MM_CANDIDATE,5.0,0.0,5.5,REVERSED_AWAY_FROM_BELT,STANDARD_REVERSED,14.0,9.0,15.5,10.5,12.0,20.5,7.0,8.5,290.0,145.0,-145.0,0,0,0,0,0,7,7,2,6.5,10.0,1150.5,CONDITIONAL_PASS,
S2-REF-T5-BP1.00-OP5.75,STAGE_2_INNER_SUPPORT_AND_FASTENERS,REFINED_0.25_MM,1.0,0.0,METAL_PLATE_5MM_CANDIDATE,5.0,0.0,5.75,REVERSED_AWAY_FROM_BELT,STANDARD_REVERSED,14.0,9.0,15.5,10.5,12.0,20.5,7.0,8.5,290.0,145.0,-145.0,0,0,0,0,0,7,7,2,6.75,10.0,1149.75,CONDITIONAL_PASS,
S2-REF-T5-BP1.00-OP6.00,STAGE_2_INNER_SUPPORT_AND_FASTENERS,REFINED_0.25_MM,1.0,0.0,METAL_PLATE_5MM_CANDIDATE,5.0,0.0,6.0,REVERSED_AWAY_FROM_BELT,STANDARD_REVERSED,14.0,9.0,15.5,10.5,12.0,20.5,7.0,8.5,290.0,145.0,-145.0,0,0,0,0,0,7,7,2,7.0,10.0,1149.0,CONDITIONAL_PASS,
S2-REF-T5-BP1.00-OP6.25,STAGE_2_INNER_SUPPORT_AND_FASTENERS,REFINED_0.25_MM,1.0,0.0,METAL_PLATE_5MM_CANDIDATE,5.0,0.0,6.25,REVERSED_AWAY_FROM_BELT,STANDARD_REVERSED,14.0,9.0,15.5,10.5,12.0,20.5,7.0,8.5,290.0,145.0,-145.0,0,0,0,0,0,7,7,2,7.25,10.0,1148.25,CONDITIONAL_PASS,
S2-REF-T5-BP1.00-OP6.50,STAGE_2_INNER_SUPPORT_AND_FASTENERS,REFINED_0.25_MM,1.0,0.0,METAL_PLATE_5MM_CANDIDATE,5.0,0.0,6.5,REVERSED_AWAY_FROM_BELT,STANDARD_REVERSED,14.0,9.0,15.5,10.5,12.0,20.5,7.0,8.5,290.0,145.0,-145.0,0,0,0,0,0,7,7,2,7.5,10.0,1147.5,CONDITIONAL_PASS,
S2-REF-T5-BP1.00-OP6.75,STAGE_2_INNER_SUPPORT_AND_FASTENERS,REFINED_0.25_MM,1.0,0.0,METAL_PLATE_5MM_CANDIDATE,5.0,0.0,6.75,REVERSED_AWAY_FROM_BELT,STANDARD_REVERSED,14.0,9.0,15.5,10.5,12.0,20.5,7.0,8.5,290.0,145.0,-145.0,0,0,0,0,0,7,7,2,7.75,10.0,1146.75,CONDITIONAL_PASS,
S2-REF-T5-BP1.00-OP7.00,STAGE_2_INNER_SUPPORT_AND_FASTENERS,REFINED_0.25_MM,1.0,0.0,METAL_PLATE_5MM_CANDIDATE,5.0,0.0,7.0,REVERSED_AWAY_FROM_BELT,STANDARD_REVERSED,14.0,9.0,15.5,10.5,12.0,20.5,7.0,8.5,290.0,145.0,-145.0,0,0,0,0,0,7,7,2,8.0,10.0,1146.0,CONDITIONAL_PASS,
S2-REF-T5-BP1.25-OP1.00,STAGE_2_INNER_SUPPORT_AND_FASTENERS,REFINED_0.25_MM,1.25,0.0,METAL_PLATE_5MM_CANDIDATE,5.0,0.0,1.0,REVERSED_AWAY_FROM_BELT,STANDARD_REVERSED,11.25,6.25,15.5,10.5,12.25,20.75,7.0,8.5,290.0,145.0,-145.0,0,0,0,0,0,7,7,2,2.25,10.0,108.25,FAIL,PTO_NOMINAL_LT_13;PTO_RESIDUAL_LT_8
S2-REF-T5-BP1.25-OP1.25,STAGE_2_INNER_SUPPORT_AND_FASTENERS,REFINED_0.25_MM,1.25,0.0,METAL_PLATE_5MM_CANDIDATE,5.0,0.0,1.25,REVERSED_AWAY_FROM_BELT,STANDARD_REVERSED,11.5,6.5,15.5,10.5,12.25,20.75,7.0,8.5,290.0,145.0,-145.0,0,0,0,0,0,7,7,2,2.5,10.0,112.5,FAIL,PTO_NOMINAL_LT_13;PTO_RESIDUAL_LT_8
S2-REF-T5-BP1.25-OP1.50,STAGE_2_INNER_SUPPORT_AND_FASTENERS,REFINED_0.25_MM,1.25,0.0,METAL_PLATE_5MM_CANDIDATE,5.0,0.0,1.5,REVERSED_AWAY_FROM_BELT,STANDARD_REVERSED,11.75,6.75,15.5,10.5,12.25,20.75,7.0,8.5,290.0,145.0,-145.0,0,0,0,0,0,7,7,2,2.75,10.0,116.75,FAIL,PTO_NOMINAL_LT_13;PTO_RESIDUAL_LT_8
S2-REF-T5-BP1.25-OP1.75,STAGE_2_INNER_SUPPORT_AND_FASTENERS,REFINED_0.25_MM,1.25,0.0,METAL_PLATE_5MM_CANDIDATE,5.0,0.0,1.75,REVERSED_AWAY_FROM_BELT,STANDARD_REVERSED,12.0,7.0,15.5,10.5,12.25,20.75,7.0,8.5,290.0,145.0,-145.0,0,0,0,0,0,7,7,2,3.0,10.0,121.0,FAIL,PTO_NOMINAL_LT_13;PTO_RESIDUAL_LT_8
S2-REF-T5-BP1.25-OP2.00,STAGE_2_INNER_SUPPORT_AND_FASTENERS,REFINED_0.25_MM,1.25,0.0,METAL_PLATE_5MM_CANDIDATE,5.0,0.0,2.0,REVERSED_AWAY_FROM_BELT,STANDARD_REVERSED,12.25,7.25,15.5,10.5,12.25,20.75,7.0,8.5,290.0,145.0,-145.0,0,0,0,0,0,7,7,2,3.25,10.0,125.25,FAIL,PTO_NOMINAL_LT_13;PTO_RESIDUAL_LT_8
S2-REF-T5-BP1.25-OP2.25,STAGE_2_INNER_SUPPORT_AND_FASTENERS,REFINED_0.25_MM,1.25,0.0,METAL_PLATE_5MM_CANDIDATE,5.0,0.0,2.25,REVERSED_AWAY_FROM_BELT,STANDARD_REVERSED,12.5,7.5,15.5,10.5,12.25,20.75,7.0,8.5,290.0,145.0,-145.0,0,0,0,0,0,7,7,2,3.5,10.0,129.5,FAIL,PTO_NOMINAL_LT_13;PTO_RESIDUAL_LT_8
S2-REF-T5-BP1.25-OP2.50,STAGE_2_INNER_SUPPORT_AND_FASTENERS,REFINED_0.25_MM,1.25,0.0,METAL_PLATE_5MM_CANDIDATE,5.0,0.0,2.5,REVERSED_AWAY_FROM_BELT,STANDARD_REVERSED,12.75,7.75,15.5,10.5,12.25,20.75,7.0,8.5,290.0,145.0,-145.0,0,0,0,0,0,7,7,2,3.75,10.0,133.75,FAIL,PTO_NOMINAL_LT_13;PTO_RESIDUAL_LT_8
S2-REF-T5-BP1.25-OP2.75,STAGE_2_INNER_SUPPORT_AND_FASTENERS,REFINED_0.25_MM,1.25,0.0,METAL_PLATE_5MM_CANDIDATE,5.0,0.0,2.75,REVERSED_AWAY_FROM_BELT,STANDARD_REVERSED,13.0,8.0,15.5,10.5,12.25,20.75,7.0,8.5,290.0,145.0,-145.0,0,0,0,0,0,7,7,2,4.0,10.0,1138.0,CONDITIONAL_PASS,
S2-REF-T5-BP1.25-OP3.00,STAGE_2_INNER_SUPPORT_AND_FASTENERS,REFINED_0.25_MM,1.25,0.0,METAL_PLATE_5MM_CANDIDATE,5.0,0.0,3.0,REVERSED_AWAY_FROM_BELT,STANDARD_REVERSED,13.25,8.25,15.5,10.5,12.25,20.75,7.0,8.5,290.0,145.0,-145.0,0,0,0,0,0,7,7,2,4.25,10.0,1142.25,CONDITIONAL_PASS,
S2-REF-T5-BP1.25-OP3.25,STAGE_2_INNER_SUPPORT_AND_FASTENERS,REFINED_0.25_MM,1.25,0.0,METAL_PLATE_5MM_CANDIDATE,5.0,0.0,3.25,REVERSED_AWAY_FROM_BELT,STANDARD_REVERSED,13.5,8.5,15.5,10.5,12.25,20.75,7.0,8.5,290.0,145.0,-145.0,0,0,0,0,0,7,7,2,4.5,10.0,1146.5,CONDITIONAL_PASS,
S2-REF-T5-BP1.25-OP3.50,STAGE_2_INNER_SUPPORT_AND_FASTENERS,REFINED_0.25_MM,1.25,0.0,METAL_PLATE_5MM_CANDIDATE,5.0,0.0,3.5,REVERSED_AWAY_FROM_BELT,STANDARD_REVERSED,13.75,8.75,15.5,10.5,12.25,20.75,7.0,8.5,290.0,145.0,-145.0,0,0,0,0,0,7,7,2,4.75,10.0,1150.75,CONDITIONAL_PASS,
S2-REF-T5-BP1.25-OP3.75,STAGE_2_INNER_SUPPORT_AND_FASTENERS,REFINED_0.25_MM,1.25,0.0,METAL_PLATE_5MM_CANDIDATE,5.0,0.0,3.75,REVERSED_AWAY_FROM_BELT,STANDARD_REVERSED,14.0,9.0,15.5,10.5,12.25,20.75,7.0,8.5,290.0,145.0,-145.0,0,0,0,0,0,7,7,2,5.0,10.0,1155.0,CONDITIONAL_PASS,
S2-REF-T5-BP1.25-OP4.00,STAGE_2_INNER_SUPPORT_AND_FASTENERS,REFINED_0.25_MM,1.25,0.0,METAL_PLATE_5MM_CANDIDATE,5.0,0.0,4.0,REVERSED_AWAY_FROM_BELT,STANDARD_REVERSED,14.25,9.25,15.5,10.5,12.25,20.75,7.0,8.5,290.0,145.0,-145.0,0,0,0,0,0,7,7,2,5.25,10.0,1159.25,CONDITIONAL_PASS,
S2-REF-T5-BP1.25-OP4.25,STAGE_2_INNER_SUPPORT_AND_FASTENERS,REFINED_0.25_MM,1.25,0.0,METAL_PLATE_5MM_CANDIDATE,5.0,0.0,4.25,REVERSED_AWAY_FROM_BELT,STANDARD_REVERSED,14.25,9.25,15.5,10.5,12.25,20.75,7.0,8.5,290.0,145.0,-145.0,0,0,0,0,0,7,7,2,5.5,10.0,1158.5,CONDITIONAL_PASS,
S2-REF-T5-BP1.25-OP4.50,STAGE_2_INNER_SUPPORT_AND_FASTENERS,REFINED_0.25_MM,1.25,0.0,METAL_PLATE_5MM_CANDIDATE,5.0,0.0,4.5,REVERSED_AWAY_FROM_BELT,STANDARD_REVERSED,14.25,9.25,15.5,10.5,12.25,20.75,7.0,8.5,290.0,145.0,-145.0,0,0,0,0,0,7,7,2,5.75,10.0,1157.75,CONDITIONAL_PASS,
S2-REF-T5-BP1.25-OP4.75,STAGE_2_INNER_SUPPORT_AND_FASTENERS,REFINED_0.25_MM,1.25,0.0,METAL_PLATE_5MM_CANDIDATE,5.0,0.0,4.75,REVERSED_AWAY_FROM_BELT,STANDARD_REVERSED,14.25,9.25,15.5,10.5,12.25,20.75,7.0,8.5,290.0,145.0,-145.0,0,0,0,0,0,7,7,2,6.0,10.0,1157.0,CONDITIONAL_PASS,
S2-REF-T5-BP1.25-OP5.00,STAGE_2_INNER_SUPPORT_AND_FASTENERS,REFINED_0.25_MM,1.25,0.0,METAL_PLATE_5MM_CANDIDATE,5.0,0.0,5.0,REVERSED_AWAY_FROM_BELT,STANDARD_REVERSED,14.25,9.25,15.5,10.5,12.25,20.75,7.0,8.5,290.0,145.0,-145.0,0,0,0,0,0,7,7,2,6.25,10.0,1156.25,CONDITIONAL_PASS,
S2-REF-T5-BP1.25-OP5.25,STAGE_2_INNER_SUPPORT_AND_FASTENERS,REFINED_0.25_MM,1.25,0.0,METAL_PLATE_5MM_CANDIDATE,5.0,0.0,5.25,REVERSED_AWAY_FROM_BELT,STANDARD_REVERSED,14.25,9.25,15.5,10.5,12.25,20.75,7.0,8.5,290.0,145.0,-145.0,0,0,0,0,0,7,7,2,6.5,10.0,1155.5,CONDITIONAL_PASS,
S2-REF-T5-BP1.25-OP5.50,STAGE_2_INNER_SUPPORT_AND_FASTENERS,REFINED_0.25_MM,1.25,0.0,METAL_PLATE_5MM_CANDIDATE,5.0,0.0,5.5,REVERSED_AWAY_FROM_BELT,STANDARD_REVERSED,14.25,9.25,15.5,10.5,12.25,20.75,7.0,8.5,290.0,145.0,-145.0,0,0,0,0,0,7,7,2,6.75,10.0,1154.75,CONDITIONAL_PASS,
S2-REF-T5-BP1.25-OP5.75,STAGE_2_INNER_SUPPORT_AND_FASTENERS,REFINED_0.25_MM,1.25,0.0,METAL_PLATE_5MM_CANDIDATE,5.0,0.0,5.75,REVERSED_AWAY_FROM_BELT,STANDARD_REVERSED,14.25,9.25,15.5,10.5,12.25,20.75,7.0,8.5,290.0,145.0,-145.0,0,0,0,0,0,7,7,2,7.0,10.0,1154.0,CONDITIONAL_PASS,
S2-REF-T5-BP1.25-OP6.00,STAGE_2_INNER_SUPPORT_AND_FASTENERS,REFINED_0.25_MM,1.25,0.0,METAL_PLATE_5MM_CANDIDATE,5.0,0.0,6.0,REVERSED_AWAY_FROM_BELT,STANDARD_REVERSED,14.25,9.25,15.5,10.5,12.25,20.75,7.0,8.5,290.0,145.0,-145.0,0,0,0,0,0,7,7,2,7.25,10.0,1153.25,CONDITIONAL_PASS,
S2-REF-T5-BP1.25-OP6.25,STAGE_2_INNER_SUPPORT_AND_FASTENERS,REFINED_0.25_MM,1.25,0.0,METAL_PLATE_5MM_CANDIDATE,5.0,0.0,6.25,REVERSED_AWAY_FROM_BELT,STANDARD_REVERSED,14.25,9.25,15.5,10.5,12.25,20.75,7.0,8.5,290.0,145.0,-145.0,0,0,0,0,0,7,7,2,7.5,10.0,1152.5,CONDITIONAL_PASS,
S2-REF-T5-BP1.25-OP6.50,STAGE_2_INNER_SUPPORT_AND_FASTENERS,REFINED_0.25_MM,1.25,0.0,METAL_PLATE_5MM_CANDIDATE,5.0,0.0,6.5,REVERSED_AWAY_FROM_BELT,STANDARD_REVERSED,14.25,9.25,15.5,10.5,12.25,20.75,7.0,8.5,290.0,145.0,-145.0,0,0,0,0,0,7,7,2,7.75,10.0,1151.75,CONDITIONAL_PASS,
S2-REF-T5-BP1.25-OP6.75,STAGE_2_INNER_SUPPORT_AND_FASTENERS,REFINED_0.25_MM,1.25,0.0,METAL_PLATE_5MM_CANDIDATE,5.0,0.0,6.75,REVERSED_AWAY_FROM_BELT,STANDARD_REVERSED,14.25,9.25,15.5,10.5,12.25,20.75,7.0,8.5,290.0,145.0,-145.0,0,0,0,0,0,7,7,2,8.0,10.0,1151.0,CONDITIONAL_PASS,
S2-REF-T5-BP1.25-OP7.00,STAGE_2_INNER_SUPPORT_AND_FASTENERS,REFINED_0.25_MM,1.25,0.0,METAL_PLATE_5MM_CANDIDATE,5.0,0.0,7.0,REVERSED_AWAY_FROM_BELT,STANDARD_REVERSED,14.25,9.25,15.5,10.5,12.25,20.75,7.0,8.5,290.0,145.0,-145.0,0,0,0,0,0,7,7,2,8.25,10.0,1150.25,CONDITIONAL_PASS,
S2-REF-T5-BP1.50-OP1.00,STAGE_2_INNER_SUPPORT_AND_FASTENERS,REFINED_0.25_MM,1.5,0.0,METAL_PLATE_5MM_CANDIDATE,5.0,0.0,1.0,REVERSED_AWAY_FROM_BELT,STANDARD_REVERSED,11.0,6.0,15.5,10.5,12.5,21.0,7.0,8.5,290.0,145.0,-145.0,0,0,0,0,0,7,7,2,2.5,10.0,102.5,FAIL,PTO_NOMINAL_LT_13;PTO_RESIDUAL_LT_8
S2-REF-T5-BP1.50-OP1.25,STAGE_2_INNER_SUPPORT_AND_FASTENERS,REFINED_0.25_MM,1.5,0.0,METAL_PLATE_5MM_CANDIDATE,5.0,0.0,1.25,REVERSED_AWAY_FROM_BELT,STANDARD_REVERSED,11.25,6.25,15.5,10.5,12.5,21.0,7.0,8.5,290.0,145.0,-145.0,0,0,0,0,0,7,7,2,2.75,10.0,106.75,FAIL,PTO_NOMINAL_LT_13;PTO_RESIDUAL_LT_8
S2-REF-T5-BP1.50-OP1.50,STAGE_2_INNER_SUPPORT_AND_FASTENERS,REFINED_0.25_MM,1.5,0.0,METAL_PLATE_5MM_CANDIDATE,5.0,0.0,1.5,REVERSED_AWAY_FROM_BELT,STANDARD_REVERSED,11.5,6.5,15.5,10.5,12.5,21.0,7.0,8.5,290.0,145.0,-145.0,0,0,0,0,0,7,7,2,3.0,10.0,111.0,FAIL,PTO_NOMINAL_LT_13;PTO_RESIDUAL_LT_8
S2-REF-T5-BP1.50-OP1.75,STAGE_2_INNER_SUPPORT_AND_FASTENERS,REFINED_0.25_MM,1.5,0.0,METAL_PLATE_5MM_CANDIDATE,5.0,0.0,1.75,REVERSED_AWAY_FROM_BELT,STANDARD_REVERSED,11.75,6.75,15.5,10.5,12.5,21.0,7.0,8.5,290.0,145.0,-145.0,0,0,0,0,0,7,7,2,3.25,10.0,115.25,FAIL,PTO_NOMINAL_LT_13;PTO_RESIDUAL_LT_8
S2-REF-T5-BP1.50-OP2.00,STAGE_2_INNER_SUPPORT_AND_FASTENERS,REFINED_0.25_MM,1.5,0.0,METAL_PLATE_5MM_CANDIDATE,5.0,0.0,2.0,REVERSED_AWAY_FROM_BELT,STANDARD_REVERSED,12.0,7.0,15.5,10.5,12.5,21.0,7.0,8.5,290.0,145.0,-145.0,0,0,0,0,0,7,7,2,3.5,10.0,119.5,FAIL,PTO_NOMINAL_LT_13;PTO_RESIDUAL_LT_8
S2-REF-T5-BP1.50-OP2.25,STAGE_2_INNER_SUPPORT_AND_FASTENERS,REFINED_0.25_MM,1.5,0.0,METAL_PLATE_5MM_CANDIDATE,5.0,0.0,2.25,REVERSED_AWAY_FROM_BELT,STANDARD_REVERSED,12.25,7.25,15.5,10.5,12.5,21.0,7.0,8.5,290.0,145.0,-145.0,0,0,0,0,0,7,7,2,3.75,10.0,123.75,FAIL,PTO_NOMINAL_LT_13;PTO_RESIDUAL_LT_8
S2-REF-T5-BP1.50-OP2.50,STAGE_2_INNER_SUPPORT_AND_FASTENERS,REFINED_0.25_MM,1.5,0.0,METAL_PLATE_5MM_CANDIDATE,5.0,0.0,2.5,REVERSED_AWAY_FROM_BELT,STANDARD_REVERSED,12.5,7.5,15.5,10.5,12.5,21.0,7.0,8.5,290.0,145.0,-145.0,0,0,0,0,0,7,7,2,4.0,10.0,128.0,FAIL,PTO_NOMINAL_LT_13;PTO_RESIDUAL_LT_8
S2-REF-T5-BP1.50-OP2.75,STAGE_2_INNER_SUPPORT_AND_FASTENERS,REFINED_0.25_MM,1.5,0.0,METAL_PLATE_5MM_CANDIDATE,5.0,0.0,2.75,REVERSED_AWAY_FROM_BELT,STANDARD_REVERSED,12.75,7.75,15.5,10.5,12.5,21.0,7.0,8.5,290.0,145.0,-145.0,0,0,0,0,0,7,7,2,4.25,10.0,132.25,FAIL,PTO_NOMINAL_LT_13;PTO_RESIDUAL_LT_8
S2-REF-T5-BP1.50-OP3.00,STAGE_2_INNER_SUPPORT_AND_FASTENERS,REFINED_0.25_MM,1.5,0.0,METAL_PLATE_5MM_CANDIDATE,5.0,0.0,3.0,REVERSED_AWAY_FROM_BELT,STANDARD_REVERSED,13.0,8.0,15.5,10.5,12.5,21.0,7.0,8.5,290.0,145.0,-145.0,0,0,0,0,0,7,7,2,4.5,10.0,1136.5,CONDITIONAL_PASS,
S2-REF-T5-BP1.50-OP3.25,STAGE_2_INNER_SUPPORT_AND_FASTENERS,REFINED_0.25_MM,1.5,0.0,METAL_PLATE_5MM_CANDIDATE,5.0,0.0,3.25,REVERSED_AWAY_FROM_BELT,STANDARD_REVERSED,13.25,8.25,15.5,10.5,12.5,21.0,7.0,8.5,290.0,145.0,-145.0,0,0,0,0,0,7,7,2,4.75,10.0,1140.75,CONDITIONAL_PASS,
S2-REF-T5-BP1.50-OP3.50,STAGE_2_INNER_SUPPORT_AND_FASTENERS,REFINED_0.25_MM,1.5,0.0,METAL_PLATE_5MM_CANDIDATE,5.0,0.0,3.5,REVERSED_AWAY_FROM_BELT,STANDARD_REVERSED,13.5,8.5,15.5,10.5,12.5,21.0,7.0,8.5,290.0,145.0,-145.0,0,0,0,0,0,7,7,2,5.0,10.0,1145.0,CONDITIONAL_PASS,
S2-REF-T5-BP1.50-OP3.75,STAGE_2_INNER_SUPPORT_AND_FASTENERS,REFINED_0.25_MM,1.5,0.0,METAL_PLATE_5MM_CANDIDATE,5.0,0.0,3.75,REVERSED_AWAY_FROM_BELT,STANDARD_REVERSED,13.75,8.75,15.5,10.5,12.5,21.0,7.0,8.5,290.0,145.0,-145.0,0,0,0,0,0,7,7,2,5.25,10.0,1149.25,CONDITIONAL_PASS,
S2-REF-T5-BP1.50-OP4.00,STAGE_2_INNER_SUPPORT_AND_FASTENERS,REFINED_0.25_MM,1.5,0.0,METAL_PLATE_5MM_CANDIDATE,5.0,0.0,4.0,REVERSED_AWAY_FROM_BELT,STANDARD_REVERSED,14.0,9.0,15.5,10.5,12.5,21.0,7.0,8.5,290.0,145.0,-145.0,0,0,0,0,0,7,7,2,5.5,10.0,1153.5,CONDITIONAL_PASS,
S2-REF-T5-BP1.50-OP4.25,STAGE_2_INNER_SUPPORT_AND_FASTENERS,REFINED_0.25_MM,1.5,0.0,METAL_PLATE_5MM_CANDIDATE,5.0,0.0,4.25,REVERSED_AWAY_FROM_BELT,STANDARD_REVERSED,14.25,9.25,15.5,10.5,12.5,21.0,7.0,8.5,290.0,145.0,-145.0,0,0,0,0,0,7,7,2,5.75,10.0,1157.75,CONDITIONAL_PASS,
S2-REF-T5-BP1.50-OP4.50,STAGE_2_INNER_SUPPORT_AND_FASTENERS,REFINED_0.25_MM,1.5,0.0,METAL_PLATE_5MM_CANDIDATE,5.0,0.0,4.5,REVERSED_AWAY_FROM_BELT,STANDARD_REVERSED,14.5,9.5,15.5,10.5,12.5,21.0,7.0,8.5,290.0,145.0,-145.0,0,0,0,0,0,7,7,2,6.0,10.0,1162.0,CONDITIONAL_PASS,
S2-REF-T5-BP1.50-OP4.75,STAGE_2_INNER_SUPPORT_AND_FASTENERS,REFINED_0.25_MM,1.5,0.0,METAL_PLATE_5MM_CANDIDATE,5.0,0.0,4.75,REVERSED_AWAY_FROM_BELT,STANDARD_REVERSED,14.5,9.5,15.5,10.5,12.5,21.0,7.0,8.5,290.0,145.0,-145.0,0,0,0,0,0,7,7,2,6.25,10.0,1161.25,CONDITIONAL_PASS,
S2-REF-T5-BP1.50-OP5.00,STAGE_2_INNER_SUPPORT_AND_FASTENERS,REFINED_0.25_MM,1.5,0.0,METAL_PLATE_5MM_CANDIDATE,5.0,0.0,5.0,REVERSED_AWAY_FROM_BELT,STANDARD_REVERSED,14.5,9.5,15.5,10.5,12.5,21.0,7.0,8.5,290.0,145.0,-145.0,0,0,0,0,0,7,7,2,6.5,10.0,1160.5,CONDITIONAL_PASS,
S2-REF-T5-BP1.50-OP5.25,STAGE_2_INNER_SUPPORT_AND_FASTENERS,REFINED_0.25_MM,1.5,0.0,METAL_PLATE_5MM_CANDIDATE,5.0,0.0,5.25,REVERSED_AWAY_FROM_BELT,STANDARD_REVERSED,14.5,9.5,15.5,10.5,12.5,21.0,7.0,8.5,290.0,145.0,-145.0,0,0,0,0,0,7,7,2,6.75,10.0,1159.75,CONDITIONAL_PASS,
S2-REF-T5-BP1.50-OP5.50,STAGE_2_INNER_SUPPORT_AND_FASTENERS,REFINED_0.25_MM,1.5,0.0,METAL_PLATE_5MM_CANDIDATE,5.0,0.0,5.5,REVERSED_AWAY_FROM_BELT,STANDARD_REVERSED,14.5,9.5,15.5,10.5,12.5,21.0,7.0,8.5,290.0,145.0,-145.0,0,0,0,0,0,7,7,2,7.0,10.0,1159.0,CONDITIONAL_PASS,
S2-REF-T5-BP1.50-OP5.75,STAGE_2_INNER_SUPPORT_AND_FASTENERS,REFINED_0.25_MM,1.5,0.0,METAL_PLATE_5MM_CANDIDATE,5.0,0.0,5.75,REVERSED_AWAY_FROM_BELT,STANDARD_REVERSED,14.5,9.5,15.5,10.5,12.5,21.0,7.0,8.5,290.0,145.0,-145.0,0,0,0,0,0,7,7,2,7.25,10.0,1158.25,CONDITIONAL_PASS,
S2-REF-T5-BP1.50-OP6.00,STAGE_2_INNER_SUPPORT_AND_FASTENERS,REFINED_0.25_MM,1.5,0.0,METAL_PLATE_5MM_CANDIDATE,5.0,0.0,6.0,REVERSED_AWAY_FROM_BELT,STANDARD_REVERSED,14.5,9.5,15.5,10.5,12.5,21.0,7.0,8.5,290.0,145.0,-145.0,0,0,0,0,0,7,7,2,7.5,10.0,1157.5,CONDITIONAL_PASS,
S2-REF-T5-BP1.50-OP6.25,STAGE_2_INNER_SUPPORT_AND_FASTENERS,REFINED_0.25_MM,1.5,0.0,METAL_PLATE_5MM_CANDIDATE,5.0,0.0,6.25,REVERSED_AWAY_FROM_BELT,STANDARD_REVERSED,14.5,9.5,15.5,10.5,12.5,21.0,7.0,8.5,290.0,145.0,-145.0,0,0,0,0,0,7,7,2,7.75,10.0,1156.75,CONDITIONAL_PASS,
S2-REF-T5-BP1.50-OP6.50,STAGE_2_INNER_SUPPORT_AND_FASTENERS,REFINED_0.25_MM,1.5,0.0,METAL_PLATE_5MM_CANDIDATE,5.0,0.0,6.5,REVERSED_AWAY_FROM_BELT,STANDARD_REVERSED,14.5,9.5,15.5,10.5,12.5,21.0,7.0,8.5,290.0,145.0,-145.0,0,0,0,0,0,7,7,2,8.0,10.0,1156.0,CONDITIONAL_PASS,
S2-REF-T5-BP1.50-OP6.75,STAGE_2_INNER_SUPPORT_AND_FASTENERS,REFINED_0.25_MM,1.5,0.0,METAL_PLATE_5MM_CANDIDATE,5.0,0.0,6.75,REVERSED_AWAY_FROM_BELT,STANDARD_REVERSED,14.5,9.5,15.5,10.5,12.5,21.0,7.0,8.5,290.0,145.0,-145.0,0,0,0,0,0,7,7,2,8.25,10.0,1155.25,CONDITIONAL_PASS,
S2-REF-T5-BP1.50-OP7.00,STAGE_2_INNER_SUPPORT_AND_FASTENERS,REFINED_0.25_MM,1.5,0.0,METAL_PLATE_5MM_CANDIDATE,5.0,0.0,7.0,REVERSED_AWAY_FROM_BELT,STANDARD_REVERSED,14.5,9.5,15.5,10.5,12.5,21.0,7.0,8.5,290.0,145.0,-145.0,0,0,0,0,0,7,7,2,8.5,10.0,1154.5,CONDITIONAL_PASS,
S2-REF-T5-BP1.75-OP1.00,STAGE_2_INNER_SUPPORT_AND_FASTENERS,REFINED_0.25_MM,1.75,0.0,METAL_PLATE_5MM_CANDIDATE,5.0,0.0,1.0,REVERSED_AWAY_FROM_BELT,STANDARD_REVERSED,10.75,5.75,15.5,10.5,12.75,21.25,7.0,8.5,290.0,145.0,-145.0,0,0,0,0,0,7,7,2,2.75,10.0,96.75,FAIL,PTO_NOMINAL_LT_13;PTO_RESIDUAL_LT_8
S2-REF-T5-BP1.75-OP1.25,STAGE_2_INNER_SUPPORT_AND_FASTENERS,REFINED_0.25_MM,1.75,0.0,METAL_PLATE_5MM_CANDIDATE,5.0,0.0,1.25,REVERSED_AWAY_FROM_BELT,STANDARD_REVERSED,11.0,6.0,15.5,10.5,12.75,21.25,7.0,8.5,290.0,145.0,-145.0,0,0,0,0,0,7,7,2,3.0,10.0,101.0,FAIL,PTO_NOMINAL_LT_13;PTO_RESIDUAL_LT_8
S2-REF-T5-BP1.75-OP1.50,STAGE_2_INNER_SUPPORT_AND_FASTENERS,REFINED_0.25_MM,1.75,0.0,METAL_PLATE_5MM_CANDIDATE,5.0,0.0,1.5,REVERSED_AWAY_FROM_BELT,STANDARD_REVERSED,11.25,6.25,15.5,10.5,12.75,21.25,7.0,8.5,290.0,145.0,-145.0,0,0,0,0,0,7,7,2,3.25,10.0,105.25,FAIL,PTO_NOMINAL_LT_13;PTO_RESIDUAL_LT_8
S2-REF-T5-BP1.75-OP1.75,STAGE_2_INNER_SUPPORT_AND_FASTENERS,REFINED_0.25_MM,1.75,0.0,METAL_PLATE_5MM_CANDIDATE,5.0,0.0,1.75,REVERSED_AWAY_FROM_BELT,STANDARD_REVERSED,11.5,6.5,15.5,10.5,12.75,21.25,7.0,8.5,290.0,145.0,-145.0,0,0,0,0,0,7,7,2,3.5,10.0,109.5,FAIL,PTO_NOMINAL_LT_13;PTO_RESIDUAL_LT_8
S2-REF-T5-BP1.75-OP2.00,STAGE_2_INNER_SUPPORT_AND_FASTENERS,REFINED_0.25_MM,1.75,0.0,METAL_PLATE_5MM_CANDIDATE,5.0,0.0,2.0,REVERSED_AWAY_FROM_BELT,STANDARD_REVERSED,11.75,6.75,15.5,10.5,12.75,21.25,7.0,8.5,290.0,145.0,-145.0,0,0,0,0,0,7,7,2,3.75,10.0,113.75,FAIL,PTO_NOMINAL_LT_13;PTO_RESIDUAL_LT_8
S2-REF-T5-BP1.75-OP2.25,STAGE_2_INNER_SUPPORT_AND_FASTENERS,REFINED_0.25_MM,1.75,0.0,METAL_PLATE_5MM_CANDIDATE,5.0,0.0,2.25,REVERSED_AWAY_FROM_BELT,STANDARD_REVERSED,12.0,7.0,15.5,10.5,12.75,21.25,7.0,8.5,290.0,145.0,-145.0,0,0,0,0,0,7,7,2,4.0,10.0,118.0,FAIL,PTO_NOMINAL_LT_13;PTO_RESIDUAL_LT_8
S2-REF-T5-BP1.75-OP2.50,STAGE_2_INNER_SUPPORT_AND_FASTENERS,REFINED_0.25_MM,1.75,0.0,METAL_PLATE_5MM_CANDIDATE,5.0,0.0,2.5,REVERSED_AWAY_FROM_BELT,STANDARD_REVERSED,12.25,7.25,15.5,10.5,12.75,21.25,7.0,8.5,290.0,145.0,-145.0,0,0,0,0,0,7,7,2,4.25,10.0,122.25,FAIL,PTO_NOMINAL_LT_13;PTO_RESIDUAL_LT_8
S2-REF-T5-BP1.75-OP2.75,STAGE_2_INNER_SUPPORT_AND_FASTENERS,REFINED_0.25_MM,1.75,0.0,METAL_PLATE_5MM_CANDIDATE,5.0,0.0,2.75,REVERSED_AWAY_FROM_BELT,STANDARD_REVERSED,12.5,7.5,15.5,10.5,12.75,21.25,7.0,8.5,290.0,145.0,-145.0,0,0,0,0,0,7,7,2,4.5,10.0,126.5,FAIL,PTO_NOMINAL_LT_13;PTO_RESIDUAL_LT_8
S2-REF-T5-BP1.75-OP3.00,STAGE_2_INNER_SUPPORT_AND_FASTENERS,REFINED_0.25_MM,1.75,0.0,METAL_PLATE_5MM_CANDIDATE,5.0,0.0,3.0,REVERSED_AWAY_FROM_BELT,STANDARD_REVERSED,12.75,7.75,15.5,10.5,12.75,21.25,7.0,8.5,290.0,145.0,-145.0,0,0,0,0,0,7,7,2,4.75,10.0,130.75,FAIL,PTO_NOMINAL_LT_13;PTO_RESIDUAL_LT_8
S2-REF-T5-BP1.75-OP3.25,STAGE_2_INNER_SUPPORT_AND_FASTENERS,REFINED_0.25_MM,1.75,0.0,METAL_PLATE_5MM_CANDIDATE,5.0,0.0,3.25,REVERSED_AWAY_FROM_BELT,STANDARD_REVERSED,13.0,8.0,15.5,10.5,12.75,21.25,7.0,8.5,290.0,145.0,-145.0,0,0,0,0,0,7,7,2,5.0,10.0,1135.0,CONDITIONAL_PASS,
S2-REF-T5-BP1.75-OP3.50,STAGE_2_INNER_SUPPORT_AND_FASTENERS,REFINED_0.25_MM,1.75,0.0,METAL_PLATE_5MM_CANDIDATE,5.0,0.0,3.5,REVERSED_AWAY_FROM_BELT,STANDARD_REVERSED,13.25,8.25,15.5,10.5,12.75,21.25,7.0,8.5,290.0,145.0,-145.0,0,0,0,0,0,7,7,2,5.25,10.0,1139.25,CONDITIONAL_PASS,
S2-REF-T5-BP1.75-OP3.75,STAGE_2_INNER_SUPPORT_AND_FASTENERS,REFINED_0.25_MM,1.75,0.0,METAL_PLATE_5MM_CANDIDATE,5.0,0.0,3.75,REVERSED_AWAY_FROM_BELT,STANDARD_REVERSED,13.5,8.5,15.5,10.5,12.75,21.25,7.0,8.5,290.0,145.0,-145.0,0,0,0,0,0,7,7,2,5.5,10.0,1143.5,CONDITIONAL_PASS,
S2-REF-T5-BP1.75-OP4.00,STAGE_2_INNER_SUPPORT_AND_FASTENERS,REFINED_0.25_MM,1.75,0.0,METAL_PLATE_5MM_CANDIDATE,5.0,0.0,4.0,REVERSED_AWAY_FROM_BELT,STANDARD_REVERSED,13.75,8.75,15.5,10.5,12.75,21.25,7.0,8.5,290.0,145.0,-145.0,0,0,0,0,0,7,7,2,5.75,10.0,1147.75,CONDITIONAL_PASS,
S2-REF-T5-BP1.75-OP4.25,STAGE_2_INNER_SUPPORT_AND_FASTENERS,REFINED_0.25_MM,1.75,0.0,METAL_PLATE_5MM_CANDIDATE,5.0,0.0,4.25,REVERSED_AWAY_FROM_BELT,STANDARD_REVERSED,14.0,9.0,15.5,10.5,12.75,21.25,7.0,8.5,290.0,145.0,-145.0,0,0,0,0,0,7,7,2,6.0,10.0,1152.0,CONDITIONAL_PASS,
S2-REF-T5-BP1.75-OP4.50,STAGE_2_INNER_SUPPORT_AND_FASTENERS,REFINED_0.25_MM,1.75,0.0,METAL_PLATE_5MM_CANDIDATE,5.0,0.0,4.5,REVERSED_AWAY_FROM_BELT,STANDARD_REVERSED,14.25,9.25,15.5,10.5,12.75,21.25,7.0,8.5,290.0,145.0,-145.0,0,0,0,0,0,7,7,2,6.25,10.0,1156.25,CONDITIONAL_PASS,
S2-REF-T5-BP1.75-OP4.75,STAGE_2_INNER_SUPPORT_AND_FASTENERS,REFINED_0.25_MM,1.75,0.0,METAL_PLATE_5MM_CANDIDATE,5.0,0.0,4.75,REVERSED_AWAY_FROM_BELT,STANDARD_REVERSED,14.5,9.5,15.5,10.5,12.75,21.25,7.0,8.5,290.0,145.0,-145.0,0,0,0,0,0,7,7,2,6.5,10.0,1160.5,CONDITIONAL_PASS,
S2-REF-T5-BP1.75-OP5.00,STAGE_2_INNER_SUPPORT_AND_FASTENERS,REFINED_0.25_MM,1.75,0.0,METAL_PLATE_5MM_CANDIDATE,5.0,0.0,5.0,REVERSED_AWAY_FROM_BELT,STANDARD_REVERSED,14.75,9.75,15.5,10.5,12.75,21.25,7.0,8.5,290.0,145.0,-145.0,0,0,0,0,0,7,7,2,6.75,10.0,1164.75,CONDITIONAL_PASS,
S2-REF-T5-BP1.75-OP5.25,STAGE_2_INNER_SUPPORT_AND_FASTENERS,REFINED_0.25_MM,1.75,0.0,METAL_PLATE_5MM_CANDIDATE,5.0,0.0,5.25,REVERSED_AWAY_FROM_BELT,STANDARD_REVERSED,14.75,9.75,15.5,10.5,12.75,21.25,7.0,8.5,290.0,145.0,-145.0,0,0,0,0,0,7,7,2,7.0,10.0,1164.0,CONDITIONAL_PASS,
S2-REF-T5-BP1.75-OP5.50,STAGE_2_INNER_SUPPORT_AND_FASTENERS,REFINED_0.25_MM,1.75,0.0,METAL_PLATE_5MM_CANDIDATE,5.0,0.0,5.5,REVERSED_AWAY_FROM_BELT,STANDARD_REVERSED,14.75,9.75,15.5,10.5,12.75,21.25,7.0,8.5,290.0,145.0,-145.0,0,0,0,0,0,7,7,2,7.25,10.0,1163.25,CONDITIONAL_PASS,
S2-REF-T5-BP1.75-OP5.75,STAGE_2_INNER_SUPPORT_AND_FASTENERS,REFINED_0.25_MM,1.75,0.0,METAL_PLATE_5MM_CANDIDATE,5.0,0.0,5.75,REVERSED_AWAY_FROM_BELT,STANDARD_REVERSED,14.75,9.75,15.5,10.5,12.75,21.25,7.0,8.5,290.0,145.0,-145.0,0,0,0,0,0,7,7,2,7.5,10.0,1162.5,CONDITIONAL_PASS,
S2-REF-T5-BP1.75-OP6.00,STAGE_2_INNER_SUPPORT_AND_FASTENERS,REFINED_0.25_MM,1.75,0.0,METAL_PLATE_5MM_CANDIDATE,5.0,0.0,6.0,REVERSED_AWAY_FROM_BELT,STANDARD_REVERSED,14.75,9.75,15.5,10.5,12.75,21.25,7.0,8.5,290.0,145.0,-145.0,0,0,0,0,0,7,7,2,7.75,10.0,1161.75,CONDITIONAL_PASS,
S2-REF-T5-BP1.75-OP6.25,STAGE_2_INNER_SUPPORT_AND_FASTENERS,REFINED_0.25_MM,1.75,0.0,METAL_PLATE_5MM_CANDIDATE,5.0,0.0,6.25,REVERSED_AWAY_FROM_BELT,STANDARD_REVERSED,14.75,9.75,15.5,10.5,12.75,21.25,7.0,8.5,290.0,145.0,-145.0,0,0,0,0,0,7,7,2,8.0,10.0,1161.0,CONDITIONAL_PASS,
S2-REF-T5-BP1.75-OP6.50,STAGE_2_INNER_SUPPORT_AND_FASTENERS,REFINED_0.25_MM,1.75,0.0,METAL_PLATE_5MM_CANDIDATE,5.0,0.0,6.5,REVERSED_AWAY_FROM_BELT,STANDARD_REVERSED,14.75,9.75,15.5,10.5,12.75,21.25,7.0,8.5,290.0,145.0,-145.0,0,0,0,0,0,7,7,2,8.25,10.0,1160.25,CONDITIONAL_PASS,
S2-REF-T5-BP1.75-OP6.75,STAGE_2_INNER_SUPPORT_AND_FASTENERS,REFINED_0.25_MM,1.75,0.0,METAL_PLATE_5MM_CANDIDATE,5.0,0.0,6.75,REVERSED_AWAY_FROM_BELT,STANDARD_REVERSED,14.75,9.75,15.5,10.5,12.75,21.25,7.0,8.5,290.0,145.0,-145.0,0,0,0,0,0,7,7,2,8.5,10.0,1159.5,CONDITIONAL_PASS,
S2-REF-T5-BP1.75-OP7.00,STAGE_2_INNER_SUPPORT_AND_FASTENERS,REFINED_0.25_MM,1.75,0.0,METAL_PLATE_5MM_CANDIDATE,5.0,0.0,7.0,REVERSED_AWAY_FROM_BELT,STANDARD_REVERSED,14.75,9.75,15.5,10.5,12.75,21.25,7.0,8.5,290.0,145.0,-145.0,0,0,0,0,0,7,7,2,8.75,10.0,1158.75,CONDITIONAL_PASS,
S2-REF-T5-BP2.00-OP1.00,STAGE_2_INNER_SUPPORT_AND_FASTENERS,REFINED_0.25_MM,2.0,0.0,METAL_PLATE_5MM_CANDIDATE,5.0,0.0,1.0,REVERSED_AWAY_FROM_BELT,STANDARD_REVERSED,10.5,5.5,15.5,10.5,13.0,21.5,7.0,8.5,290.0,145.0,-145.0,0,0,0,0,0,7,7,2,3.0,10.0,91.0,FAIL,PTO_NOMINAL_LT_13;PTO_RESIDUAL_LT_8
S2-REF-T5-BP2.00-OP1.25,STAGE_2_INNER_SUPPORT_AND_FASTENERS,REFINED_0.25_MM,2.0,0.0,METAL_PLATE_5MM_CANDIDATE,5.0,0.0,1.25,REVERSED_AWAY_FROM_BELT,STANDARD_REVERSED,10.75,5.75,15.5,10.5,13.0,21.5,7.0,8.5,290.0,145.0,-145.0,0,0,0,0,0,7,7,2,3.25,10.0,95.25,FAIL,PTO_NOMINAL_LT_13;PTO_RESIDUAL_LT_8
S2-REF-T5-BP2.00-OP1.50,STAGE_2_INNER_SUPPORT_AND_FASTENERS,REFINED_0.25_MM,2.0,0.0,METAL_PLATE_5MM_CANDIDATE,5.0,0.0,1.5,REVERSED_AWAY_FROM_BELT,STANDARD_REVERSED,11.0,6.0,15.5,10.5,13.0,21.5,7.0,8.5,290.0,145.0,-145.0,0,0,0,0,0,7,7,2,3.5,10.0,99.5,FAIL,PTO_NOMINAL_LT_13;PTO_RESIDUAL_LT_8
S2-REF-T5-BP2.00-OP1.75,STAGE_2_INNER_SUPPORT_AND_FASTENERS,REFINED_0.25_MM,2.0,0.0,METAL_PLATE_5MM_CANDIDATE,5.0,0.0,1.75,REVERSED_AWAY_FROM_BELT,STANDARD_REVERSED,11.25,6.25,15.5,10.5,13.0,21.5,7.0,8.5,290.0,145.0,-145.0,0,0,0,0,0,7,7,2,3.75,10.0,103.75,FAIL,PTO_NOMINAL_LT_13;PTO_RESIDUAL_LT_8
S2-REF-T5-BP2.00-OP2.00,STAGE_2_INNER_SUPPORT_AND_FASTENERS,REFINED_0.25_MM,2.0,0.0,METAL_PLATE_5MM_CANDIDATE,5.0,0.0,2.0,REVERSED_AWAY_FROM_BELT,STANDARD_REVERSED,11.5,6.5,15.5,10.5,13.0,21.5,7.0,8.5,290.0,145.0,-145.0,0,0,0,0,0,7,7,2,4.0,10.0,108.0,FAIL,PTO_NOMINAL_LT_13;PTO_RESIDUAL_LT_8
S2-REF-T5-BP2.00-OP2.25,STAGE_2_INNER_SUPPORT_AND_FASTENERS,REFINED_0.25_MM,2.0,0.0,METAL_PLATE_5MM_CANDIDATE,5.0,0.0,2.25,REVERSED_AWAY_FROM_BELT,STANDARD_REVERSED,11.75,6.75,15.5,10.5,13.0,21.5,7.0,8.5,290.0,145.0,-145.0,0,0,0,0,0,7,7,2,4.25,10.0,112.25,FAIL,PTO_NOMINAL_LT_13;PTO_RESIDUAL_LT_8
S2-REF-T5-BP2.00-OP2.50,STAGE_2_INNER_SUPPORT_AND_FASTENERS,REFINED_0.25_MM,2.0,0.0,METAL_PLATE_5MM_CANDIDATE,5.0,0.0,2.5,REVERSED_AWAY_FROM_BELT,STANDARD_REVERSED,12.0,7.0,15.5,10.5,13.0,21.5,7.0,8.5,290.0,145.0,-145.0,0,0,0,0,0,7,7,2,4.5,10.0,116.5,FAIL,PTO_NOMINAL_LT_13;PTO_RESIDUAL_LT_8
S2-REF-T5-BP2.00-OP2.75,STAGE_2_INNER_SUPPORT_AND_FASTENERS,REFINED_0.25_MM,2.0,0.0,METAL_PLATE_5MM_CANDIDATE,5.0,0.0,2.75,REVERSED_AWAY_FROM_BELT,STANDARD_REVERSED,12.25,7.25,15.5,10.5,13.0,21.5,7.0,8.5,290.0,145.0,-145.0,0,0,0,0,0,7,7,2,4.75,10.0,120.75,FAIL,PTO_NOMINAL_LT_13;PTO_RESIDUAL_LT_8
S2-REF-T5-BP2.00-OP3.00,STAGE_2_INNER_SUPPORT_AND_FASTENERS,REFINED_0.25_MM,2.0,0.0,METAL_PLATE_5MM_CANDIDATE,5.0,0.0,3.0,REVERSED_AWAY_FROM_BELT,STANDARD_REVERSED,12.5,7.5,15.5,10.5,13.0,21.5,7.0,8.5,290.0,145.0,-145.0,0,0,0,0,0,7,7,2,5.0,10.0,125.0,FAIL,PTO_NOMINAL_LT_13;PTO_RESIDUAL_LT_8
S2-REF-T5-BP2.00-OP3.25,STAGE_2_INNER_SUPPORT_AND_FASTENERS,REFINED_0.25_MM,2.0,0.0,METAL_PLATE_5MM_CANDIDATE,5.0,0.0,3.25,REVERSED_AWAY_FROM_BELT,STANDARD_REVERSED,12.75,7.75,15.5,10.5,13.0,21.5,7.0,8.5,290.0,145.0,-145.0,0,0,0,0,0,7,7,2,5.25,10.0,129.25,FAIL,PTO_NOMINAL_LT_13;PTO_RESIDUAL_LT_8
S2-REF-T5-BP2.00-OP3.50,STAGE_2_INNER_SUPPORT_AND_FASTENERS,REFINED_0.25_MM,2.0,0.0,METAL_PLATE_5MM_CANDIDATE,5.0,0.0,3.5,REVERSED_AWAY_FROM_BELT,STANDARD_REVERSED,13.0,8.0,15.5,10.5,13.0,21.5,7.0,8.5,290.0,145.0,-145.0,0,0,0,0,0,7,7,2,5.5,10.0,1133.5,CONDITIONAL_PASS,
S2-REF-T5-BP2.00-OP3.75,STAGE_2_INNER_SUPPORT_AND_FASTENERS,REFINED_0.25_MM,2.0,0.0,METAL_PLATE_5MM_CANDIDATE,5.0,0.0,3.75,REVERSED_AWAY_FROM_BELT,STANDARD_REVERSED,13.25,8.25,15.5,10.5,13.0,21.5,7.0,8.5,290.0,145.0,-145.0,0,0,0,0,0,7,7,2,5.75,10.0,1137.75,CONDITIONAL_PASS,
S2-REF-T5-BP2.00-OP4.00,STAGE_2_INNER_SUPPORT_AND_FASTENERS,REFINED_0.25_MM,2.0,0.0,METAL_PLATE_5MM_CANDIDATE,5.0,0.0,4.0,REVERSED_AWAY_FROM_BELT,STANDARD_REVERSED,13.5,8.5,15.5,10.5,13.0,21.5,7.0,8.5,290.0,145.0,-145.0,0,0,0,0,0,7,7,2,6.0,10.0,1142.0,CONDITIONAL_PASS,
S2-REF-T5-BP2.00-OP4.25,STAGE_2_INNER_SUPPORT_AND_FASTENERS,REFINED_0.25_MM,2.0,0.0,METAL_PLATE_5MM_CANDIDATE,5.0,0.0,4.25,REVERSED_AWAY_FROM_BELT,STANDARD_REVERSED,13.75,8.75,15.5,10.5,13.0,21.5,7.0,8.5,290.0,145.0,-145.0,0,0,0,0,0,7,7,2,6.25,10.0,1146.25,CONDITIONAL_PASS,
S2-REF-T5-BP2.00-OP4.50,STAGE_2_INNER_SUPPORT_AND_FASTENERS,REFINED_0.25_MM,2.0,0.0,METAL_PLATE_5MM_CANDIDATE,5.0,0.0,4.5,REVERSED_AWAY_FROM_BELT,STANDARD_REVERSED,14.0,9.0,15.5,10.5,13.0,21.5,7.0,8.5,290.0,145.0,-145.0,0,0,0,0,0,7,7,2,6.5,10.0,1150.5,CONDITIONAL_PASS,
S2-REF-T5-BP2.00-OP4.75,STAGE_2_INNER_SUPPORT_AND_FASTENERS,REFINED_0.25_MM,2.0,0.0,METAL_PLATE_5MM_CANDIDATE,5.0,0.0,4.75,REVERSED_AWAY_FROM_BELT,STANDARD_REVERSED,14.25,9.25,15.5,10.5,13.0,21.5,7.0,8.5,290.0,145.0,-145.0,0,0,0,0,0,7,7,2,6.75,10.0,1154.75,CONDITIONAL_PASS,
S2-REF-T5-BP2.00-OP5.00,STAGE_2_INNER_SUPPORT_AND_FASTENERS,REFINED_0.25_MM,2.0,0.0,METAL_PLATE_5MM_CANDIDATE,5.0,0.0,5.0,REVERSED_AWAY_FROM_BELT,STANDARD_REVERSED,14.5,9.5,15.5,10.5,13.0,21.5,7.0,8.5,290.0,145.0,-145.0,0,0,0,0,0,7,7,2,7.0,10.0,1159.0,CONDITIONAL_PASS,
S2-REF-T5-BP2.00-OP5.25,STAGE_2_INNER_SUPPORT_AND_FASTENERS,REFINED_0.25_MM,2.0,0.0,METAL_PLATE_5MM_CANDIDATE,5.0,0.0,5.25,REVERSED_AWAY_FROM_BELT,STANDARD_REVERSED,14.75,9.75,15.5,10.5,13.0,21.5,7.0,8.5,290.0,145.0,-145.0,0,0,0,0,0,7,7,2,7.25,10.0,1163.25,CONDITIONAL_PASS,
S2-REF-T5-BP2.00-OP5.50,STAGE_2_INNER_SUPPORT_AND_FASTENERS,REFINED_0.25_MM,2.0,0.0,METAL_PLATE_5MM_CANDIDATE,5.0,0.0,5.5,REVERSED_AWAY_FROM_BELT,STANDARD_REVERSED,15.0,10.0,15.5,10.5,13.0,21.5,7.0,8.5,290.0,145.0,-145.0,0,0,0,0,0,7,7,2,7.5,10.0,1167.5,CONDITIONAL_PASS,
S2-REF-T5-BP2.00-OP5.75,STAGE_2_INNER_SUPPORT_AND_FASTENERS,REFINED_0.25_MM,2.0,0.0,METAL_PLATE_5MM_CANDIDATE,5.0,0.0,5.75,REVERSED_AWAY_FROM_BELT,STANDARD_REVERSED,15.0,10.0,15.5,10.5,13.0,21.5,7.0,8.5,290.0,145.0,-145.0,0,0,0,0,0,7,7,2,7.75,10.0,1166.75,CONDITIONAL_PASS,
S2-REF-T5-BP2.00-OP6.00,STAGE_2_INNER_SUPPORT_AND_FASTENERS,REFINED_0.25_MM,2.0,0.0,METAL_PLATE_5MM_CANDIDATE,5.0,0.0,6.0,REVERSED_AWAY_FROM_BELT,STANDARD_REVERSED,15.0,10.0,15.5,10.5,13.0,21.5,7.0,8.5,290.0,145.0,-145.0,0,0,0,0,0,7,7,2,8.0,10.0,1166.0,CONDITIONAL_PASS,
S2-REF-T5-BP2.00-OP6.25,STAGE_2_INNER_SUPPORT_AND_FASTENERS,REFINED_0.25_MM,2.0,0.0,METAL_PLATE_5MM_CANDIDATE,5.0,0.0,6.25,REVERSED_AWAY_FROM_BELT,STANDARD_REVERSED,15.0,10.0,15.5,10.5,13.0,21.5,7.0,8.5,290.0,145.0,-145.0,0,0,0,0,0,7,7,2,8.25,10.0,1165.25,CONDITIONAL_PASS,
S2-REF-T5-BP2.00-OP6.50,STAGE_2_INNER_SUPPORT_AND_FASTENERS,REFINED_0.25_MM,2.0,0.0,METAL_PLATE_5MM_CANDIDATE,5.0,0.0,6.5,REVERSED_AWAY_FROM_BELT,STANDARD_REVERSED,15.0,10.0,15.5,10.5,13.0,21.5,7.0,8.5,290.0,145.0,-145.0,0,0,0,0,0,7,7,2,8.5,10.0,1164.5,CONDITIONAL_PASS,
S2-REF-T5-BP2.00-OP6.75,STAGE_2_INNER_SUPPORT_AND_FASTENERS,REFINED_0.25_MM,2.0,0.0,METAL_PLATE_5MM_CANDIDATE,5.0,0.0,6.75,REVERSED_AWAY_FROM_BELT,STANDARD_REVERSED,15.0,10.0,15.5,10.5,13.0,21.5,7.0,8.5,290.0,145.0,-145.0,0,0,0,0,0,7,7,2,8.75,10.0,1163.75,CONDITIONAL_PASS,
S2-REF-T5-BP2.00-OP7.00,STAGE_2_INNER_SUPPORT_AND_FASTENERS,REFINED_0.25_MM,2.0,0.0,METAL_PLATE_5MM_CANDIDATE,5.0,0.0,7.0,REVERSED_AWAY_FROM_BELT,STANDARD_REVERSED,15.0,10.0,15.5,10.5,13.0,21.5,7.0,8.5,290.0,145.0,-145.0,0,0,0,0,0,7,7,2,9.0,10.0,1163.0,CONDITIONAL_PASS,
S2-REF-T5-BP2.25-OP1.00,STAGE_2_INNER_SUPPORT_AND_FASTENERS,REFINED_0.25_MM,2.25,0.0,METAL_PLATE_5MM_CANDIDATE,5.0,0.0,1.0,REVERSED_AWAY_FROM_BELT,STANDARD_REVERSED,10.25,5.25,15.5,10.5,13.25,21.75,7.0,8.5,290.0,145.0,-145.0,0,0,0,0,0,7,7,2,3.25,10.0,85.25,FAIL,PTO_NOMINAL_LT_13;PTO_RESIDUAL_LT_8
S2-REF-T5-BP2.25-OP1.25,STAGE_2_INNER_SUPPORT_AND_FASTENERS,REFINED_0.25_MM,2.25,0.0,METAL_PLATE_5MM_CANDIDATE,5.0,0.0,1.25,REVERSED_AWAY_FROM_BELT,STANDARD_REVERSED,10.5,5.5,15.5,10.5,13.25,21.75,7.0,8.5,290.0,145.0,-145.0,0,0,0,0,0,7,7,2,3.5,10.0,89.5,FAIL,PTO_NOMINAL_LT_13;PTO_RESIDUAL_LT_8
S2-REF-T5-BP2.25-OP1.50,STAGE_2_INNER_SUPPORT_AND_FASTENERS,REFINED_0.25_MM,2.25,0.0,METAL_PLATE_5MM_CANDIDATE,5.0,0.0,1.5,REVERSED_AWAY_FROM_BELT,STANDARD_REVERSED,10.75,5.75,15.5,10.5,13.25,21.75,7.0,8.5,290.0,145.0,-145.0,0,0,0,0,0,7,7,2,3.75,10.0,93.75,FAIL,PTO_NOMINAL_LT_13;PTO_RESIDUAL_LT_8
S2-REF-T5-BP2.25-OP1.75,STAGE_2_INNER_SUPPORT_AND_FASTENERS,REFINED_0.25_MM,2.25,0.0,METAL_PLATE_5MM_CANDIDATE,5.0,0.0,1.75,REVERSED_AWAY_FROM_BELT,STANDARD_REVERSED,11.0,6.0,15.5,10.5,13.25,21.75,7.0,8.5,290.0,145.0,-145.0,0,0,0,0,0,7,7,2,4.0,10.0,98.0,FAIL,PTO_NOMINAL_LT_13;PTO_RESIDUAL_LT_8
S2-REF-T5-BP2.25-OP2.00,STAGE_2_INNER_SUPPORT_AND_FASTENERS,REFINED_0.25_MM,2.25,0.0,METAL_PLATE_5MM_CANDIDATE,5.0,0.0,2.0,REVERSED_AWAY_FROM_BELT,STANDARD_REVERSED,11.25,6.25,15.5,10.5,13.25,21.75,7.0,8.5,290.0,145.0,-145.0,0,0,0,0,0,7,7,2,4.25,10.0,102.25,FAIL,PTO_NOMINAL_LT_13;PTO_RESIDUAL_LT_8
S2-REF-T5-BP2.25-OP2.25,STAGE_2_INNER_SUPPORT_AND_FASTENERS,REFINED_0.25_MM,2.25,0.0,METAL_PLATE_5MM_CANDIDATE,5.0,0.0,2.25,REVERSED_AWAY_FROM_BELT,STANDARD_REVERSED,11.5,6.5,15.5,10.5,13.25,21.75,7.0,8.5,290.0,145.0,-145.0,0,0,0,0,0,7,7,2,4.5,10.0,106.5,FAIL,PTO_NOMINAL_LT_13;PTO_RESIDUAL_LT_8
S2-REF-T5-BP2.25-OP2.50,STAGE_2_INNER_SUPPORT_AND_FASTENERS,REFINED_0.25_MM,2.25,0.0,METAL_PLATE_5MM_CANDIDATE,5.0,0.0,2.5,REVERSED_AWAY_FROM_BELT,STANDARD_REVERSED,11.75,6.75,15.5,10.5,13.25,21.75,7.0,8.5,290.0,145.0,-145.0,0,0,0,0,0,7,7,2,4.75,10.0,110.75,FAIL,PTO_NOMINAL_LT_13;PTO_RESIDUAL_LT_8
S2-REF-T5-BP2.25-OP2.75,STAGE_2_INNER_SUPPORT_AND_FASTENERS,REFINED_0.25_MM,2.25,0.0,METAL_PLATE_5MM_CANDIDATE,5.0,0.0,2.75,REVERSED_AWAY_FROM_BELT,STANDARD_REVERSED,12.0,7.0,15.5,10.5,13.25,21.75,7.0,8.5,290.0,145.0,-145.0,0,0,0,0,0,7,7,2,5.0,10.0,115.0,FAIL,PTO_NOMINAL_LT_13;PTO_RESIDUAL_LT_8
S2-REF-T5-BP2.25-OP3.00,STAGE_2_INNER_SUPPORT_AND_FASTENERS,REFINED_0.25_MM,2.25,0.0,METAL_PLATE_5MM_CANDIDATE,5.0,0.0,3.0,REVERSED_AWAY_FROM_BELT,STANDARD_REVERSED,12.25,7.25,15.5,10.5,13.25,21.75,7.0,8.5,290.0,145.0,-145.0,0,0,0,0,0,7,7,2,5.25,10.0,119.25,FAIL,PTO_NOMINAL_LT_13;PTO_RESIDUAL_LT_8
S2-REF-T5-BP2.25-OP3.25,STAGE_2_INNER_SUPPORT_AND_FASTENERS,REFINED_0.25_MM,2.25,0.0,METAL_PLATE_5MM_CANDIDATE,5.0,0.0,3.25,REVERSED_AWAY_FROM_BELT,STANDARD_REVERSED,12.5,7.5,15.5,10.5,13.25,21.75,7.0,8.5,290.0,145.0,-145.0,0,0,0,0,0,7,7,2,5.5,10.0,123.5,FAIL,PTO_NOMINAL_LT_13;PTO_RESIDUAL_LT_8
S2-REF-T5-BP2.25-OP3.50,STAGE_2_INNER_SUPPORT_AND_FASTENERS,REFINED_0.25_MM,2.25,0.0,METAL_PLATE_5MM_CANDIDATE,5.0,0.0,3.5,REVERSED_AWAY_FROM_BELT,STANDARD_REVERSED,12.75,7.75,15.5,10.5,13.25,21.75,7.0,8.5,290.0,145.0,-145.0,0,0,0,0,0,7,7,2,5.75,10.0,127.75,FAIL,PTO_NOMINAL_LT_13;PTO_RESIDUAL_LT_8
S2-REF-T5-BP2.25-OP3.75,STAGE_2_INNER_SUPPORT_AND_FASTENERS,REFINED_0.25_MM,2.25,0.0,METAL_PLATE_5MM_CANDIDATE,5.0,0.0,3.75,REVERSED_AWAY_FROM_BELT,STANDARD_REVERSED,13.0,8.0,15.5,10.5,13.25,21.75,7.0,8.5,290.0,145.0,-145.0,0,0,0,0,0,7,7,2,6.0,10.0,1132.0,CONDITIONAL_PASS,
S2-REF-T5-BP2.25-OP4.00,STAGE_2_INNER_SUPPORT_AND_FASTENERS,REFINED_0.25_MM,2.25,0.0,METAL_PLATE_5MM_CANDIDATE,5.0,0.0,4.0,REVERSED_AWAY_FROM_BELT,STANDARD_REVERSED,13.25,8.25,15.5,10.5,13.25,21.75,7.0,8.5,290.0,145.0,-145.0,0,0,0,0,0,7,7,2,6.25,10.0,1136.25,CONDITIONAL_PASS,
S2-REF-T5-BP2.25-OP4.25,STAGE_2_INNER_SUPPORT_AND_FASTENERS,REFINED_0.25_MM,2.25,0.0,METAL_PLATE_5MM_CANDIDATE,5.0,0.0,4.25,REVERSED_AWAY_FROM_BELT,STANDARD_REVERSED,13.5,8.5,15.5,10.5,13.25,21.75,7.0,8.5,290.0,145.0,-145.0,0,0,0,0,0,7,7,2,6.5,10.0,1140.5,CONDITIONAL_PASS,
S2-REF-T5-BP2.25-OP4.50,STAGE_2_INNER_SUPPORT_AND_FASTENERS,REFINED_0.25_MM,2.25,0.0,METAL_PLATE_5MM_CANDIDATE,5.0,0.0,4.5,REVERSED_AWAY_FROM_BELT,STANDARD_REVERSED,13.75,8.75,15.5,10.5,13.25,21.75,7.0,8.5,290.0,145.0,-145.0,0,0,0,0,0,7,7,2,6.75,10.0,1144.75,CONDITIONAL_PASS,
S2-REF-T5-BP2.25-OP4.75,STAGE_2_INNER_SUPPORT_AND_FASTENERS,REFINED_0.25_MM,2.25,0.0,METAL_PLATE_5MM_CANDIDATE,5.0,0.0,4.75,REVERSED_AWAY_FROM_BELT,STANDARD_REVERSED,14.0,9.0,15.5,10.5,13.25,21.75,7.0,8.5,290.0,145.0,-145.0,0,0,0,0,0,7,7,2,7.0,10.0,1149.0,CONDITIONAL_PASS,
S2-REF-T5-BP2.25-OP5.00,STAGE_2_INNER_SUPPORT_AND_FASTENERS,REFINED_0.25_MM,2.25,0.0,METAL_PLATE_5MM_CANDIDATE,5.0,0.0,5.0,REVERSED_AWAY_FROM_BELT,STANDARD_REVERSED,14.25,9.25,15.5,10.5,13.25,21.75,7.0,8.5,290.0,145.0,-145.0,0,0,0,0,0,7,7,2,7.25,10.0,1153.25,CONDITIONAL_PASS,
S2-REF-T5-BP2.25-OP5.25,STAGE_2_INNER_SUPPORT_AND_FASTENERS,REFINED_0.25_MM,2.25,0.0,METAL_PLATE_5MM_CANDIDATE,5.0,0.0,5.25,REVERSED_AWAY_FROM_BELT,STANDARD_REVERSED,14.5,9.5,15.5,10.5,13.25,21.75,7.0,8.5,290.0,145.0,-145.0,0,0,0,0,0,7,7,2,7.5,10.0,1157.5,CONDITIONAL_PASS,
S2-REF-T5-BP2.25-OP5.50,STAGE_2_INNER_SUPPORT_AND_FASTENERS,REFINED_0.25_MM,2.25,0.0,METAL_PLATE_5MM_CANDIDATE,5.0,0.0,5.5,REVERSED_AWAY_FROM_BELT,STANDARD_REVERSED,14.75,9.75,15.5,10.5,13.25,21.75,7.0,8.5,290.0,145.0,-145.0,0,0,0,0,0,7,7,2,7.75,10.0,1161.75,CONDITIONAL_PASS,
S2-REF-T5-BP2.25-OP5.75,STAGE_2_INNER_SUPPORT_AND_FASTENERS,REFINED_0.25_MM,2.25,0.0,METAL_PLATE_5MM_CANDIDATE,5.0,0.0,5.75,REVERSED_AWAY_FROM_BELT,STANDARD_REVERSED,15.0,10.0,15.5,10.5,13.25,21.75,7.0,8.5,290.0,145.0,-145.0,0,0,0,0,0,7,7,2,8.0,10.0,1166.0,CONDITIONAL_PASS,
S2-REF-T5-BP2.25-OP6.00,STAGE_2_INNER_SUPPORT_AND_FASTENERS,REFINED_0.25_MM,2.25,0.0,METAL_PLATE_5MM_CANDIDATE,5.0,0.0,6.0,REVERSED_AWAY_FROM_BELT,STANDARD_REVERSED,15.25,10.25,15.5,10.5,13.25,21.75,7.0,8.5,290.0,145.0,-145.0,0,0,0,0,0,7,7,2,8.25,10.0,1170.25,CONDITIONAL_PASS,
S2-REF-T5-BP2.25-OP6.25,STAGE_2_INNER_SUPPORT_AND_FASTENERS,REFINED_0.25_MM,2.25,0.0,METAL_PLATE_5MM_CANDIDATE,5.0,0.0,6.25,REVERSED_AWAY_FROM_BELT,STANDARD_REVERSED,15.25,10.25,15.5,10.5,13.25,21.75,7.0,8.5,290.0,145.0,-145.0,0,0,0,0,0,7,7,2,8.5,10.0,1169.5,CONDITIONAL_PASS,
S2-REF-T5-BP2.25-OP6.50,STAGE_2_INNER_SUPPORT_AND_FASTENERS,REFINED_0.25_MM,2.25,0.0,METAL_PLATE_5MM_CANDIDATE,5.0,0.0,6.5,REVERSED_AWAY_FROM_BELT,STANDARD_REVERSED,15.25,10.25,15.5,10.5,13.25,21.75,7.0,8.5,290.0,145.0,-145.0,0,0,0,0,0,7,7,2,8.75,10.0,1168.75,CONDITIONAL_PASS,
S2-REF-T5-BP2.25-OP6.75,STAGE_2_INNER_SUPPORT_AND_FASTENERS,REFINED_0.25_MM,2.25,0.0,METAL_PLATE_5MM_CANDIDATE,5.0,0.0,6.75,REVERSED_AWAY_FROM_BELT,STANDARD_REVERSED,15.25,10.25,15.5,10.5,13.25,21.75,7.0,8.5,290.0,145.0,-145.0,0,0,0,0,0,7,7,2,9.0,10.0,1168.0,CONDITIONAL_PASS,
S2-REF-T5-BP2.25-OP7.00,STAGE_2_INNER_SUPPORT_AND_FASTENERS,REFINED_0.25_MM,2.25,0.0,METAL_PLATE_5MM_CANDIDATE,5.0,0.0,7.0,REVERSED_AWAY_FROM_BELT,STANDARD_REVERSED,15.25,10.25,15.5,10.5,13.25,21.75,7.0,8.5,290.0,145.0,-145.0,0,0,0,0,0,7,7,2,9.25,10.0,1167.25,CONDITIONAL_PASS,
S2-REF-T5-BP2.50-OP1.00,STAGE_2_INNER_SUPPORT_AND_FASTENERS,REFINED_0.25_MM,2.5,0.0,METAL_PLATE_5MM_CANDIDATE,5.0,0.0,1.0,REVERSED_AWAY_FROM_BELT,STANDARD_REVERSED,10.0,5.0,15.5,10.5,13.5,22.0,7.0,8.5,290.0,145.0,-145.0,0,0,0,0,0,7,7,2,3.5,10.0,79.5,FAIL,PTO_NOMINAL_LT_13;PTO_RESIDUAL_LT_8
S2-REF-T5-BP2.50-OP1.25,STAGE_2_INNER_SUPPORT_AND_FASTENERS,REFINED_0.25_MM,2.5,0.0,METAL_PLATE_5MM_CANDIDATE,5.0,0.0,1.25,REVERSED_AWAY_FROM_BELT,STANDARD_REVERSED,10.25,5.25,15.5,10.5,13.5,22.0,7.0,8.5,290.0,145.0,-145.0,0,0,0,0,0,7,7,2,3.75,10.0,83.75,FAIL,PTO_NOMINAL_LT_13;PTO_RESIDUAL_LT_8
S2-REF-T5-BP2.50-OP1.50,STAGE_2_INNER_SUPPORT_AND_FASTENERS,REFINED_0.25_MM,2.5,0.0,METAL_PLATE_5MM_CANDIDATE,5.0,0.0,1.5,REVERSED_AWAY_FROM_BELT,STANDARD_REVERSED,10.5,5.5,15.5,10.5,13.5,22.0,7.0,8.5,290.0,145.0,-145.0,0,0,0,0,0,7,7,2,4.0,10.0,88.0,FAIL,PTO_NOMINAL_LT_13;PTO_RESIDUAL_LT_8
S2-REF-T5-BP2.50-OP1.75,STAGE_2_INNER_SUPPORT_AND_FASTENERS,REFINED_0.25_MM,2.5,0.0,METAL_PLATE_5MM_CANDIDATE,5.0,0.0,1.75,REVERSED_AWAY_FROM_BELT,STANDARD_REVERSED,10.75,5.75,15.5,10.5,13.5,22.0,7.0,8.5,290.0,145.0,-145.0,0,0,0,0,0,7,7,2,4.25,10.0,92.25,FAIL,PTO_NOMINAL_LT_13;PTO_RESIDUAL_LT_8
S2-REF-T5-BP2.50-OP2.00,STAGE_2_INNER_SUPPORT_AND_FASTENERS,REFINED_0.25_MM,2.5,0.0,METAL_PLATE_5MM_CANDIDATE,5.0,0.0,2.0,REVERSED_AWAY_FROM_BELT,STANDARD_REVERSED,11.0,6.0,15.5,10.5,13.5,22.0,7.0,8.5,290.0,145.0,-145.0,0,0,0,0,0,7,7,2,4.5,10.0,96.5,FAIL,PTO_NOMINAL_LT_13;PTO_RESIDUAL_LT_8
S2-REF-T5-BP2.50-OP2.25,STAGE_2_INNER_SUPPORT_AND_FASTENERS,REFINED_0.25_MM,2.5,0.0,METAL_PLATE_5MM_CANDIDATE,5.0,0.0,2.25,REVERSED_AWAY_FROM_BELT,STANDARD_REVERSED,11.25,6.25,15.5,10.5,13.5,22.0,7.0,8.5,290.0,145.0,-145.0,0,0,0,0,0,7,7,2,4.75,10.0,100.75,FAIL,PTO_NOMINAL_LT_13;PTO_RESIDUAL_LT_8
S2-REF-T5-BP2.50-OP2.50,STAGE_2_INNER_SUPPORT_AND_FASTENERS,REFINED_0.25_MM,2.5,0.0,METAL_PLATE_5MM_CANDIDATE,5.0,0.0,2.5,REVERSED_AWAY_FROM_BELT,STANDARD_REVERSED,11.5,6.5,15.5,10.5,13.5,22.0,7.0,8.5,290.0,145.0,-145.0,0,0,0,0,0,7,7,2,5.0,10.0,105.0,FAIL,PTO_NOMINAL_LT_13;PTO_RESIDUAL_LT_8
S2-REF-T5-BP2.50-OP2.75,STAGE_2_INNER_SUPPORT_AND_FASTENERS,REFINED_0.25_MM,2.5,0.0,METAL_PLATE_5MM_CANDIDATE,5.0,0.0,2.75,REVERSED_AWAY_FROM_BELT,STANDARD_REVERSED,11.75,6.75,15.5,10.5,13.5,22.0,7.0,8.5,290.0,145.0,-145.0,0,0,0,0,0,7,7,2,5.25,10.0,109.25,FAIL,PTO_NOMINAL_LT_13;PTO_RESIDUAL_LT_8
S2-REF-T5-BP2.50-OP3.00,STAGE_2_INNER_SUPPORT_AND_FASTENERS,REFINED_0.25_MM,2.5,0.0,METAL_PLATE_5MM_CANDIDATE,5.0,0.0,3.0,REVERSED_AWAY_FROM_BELT,STANDARD_REVERSED,12.0,7.0,15.5,10.5,13.5,22.0,7.0,8.5,290.0,145.0,-145.0,0,0,0,0,0,7,7,2,5.5,10.0,113.5,FAIL,PTO_NOMINAL_LT_13;PTO_RESIDUAL_LT_8
S2-REF-T5-BP2.50-OP3.25,STAGE_2_INNER_SUPPORT_AND_FASTENERS,REFINED_0.25_MM,2.5,0.0,METAL_PLATE_5MM_CANDIDATE,5.0,0.0,3.25,REVERSED_AWAY_FROM_BELT,STANDARD_REVERSED,12.25,7.25,15.5,10.5,13.5,22.0,7.0,8.5,290.0,145.0,-145.0,0,0,0,0,0,7,7,2,5.75,10.0,117.75,FAIL,PTO_NOMINAL_LT_13;PTO_RESIDUAL_LT_8
S2-REF-T5-BP2.50-OP3.50,STAGE_2_INNER_SUPPORT_AND_FASTENERS,REFINED_0.25_MM,2.5,0.0,METAL_PLATE_5MM_CANDIDATE,5.0,0.0,3.5,REVERSED_AWAY_FROM_BELT,STANDARD_REVERSED,12.5,7.5,15.5,10.5,13.5,22.0,7.0,8.5,290.0,145.0,-145.0,0,0,0,0,0,7,7,2,6.0,10.0,122.0,FAIL,PTO_NOMINAL_LT_13;PTO_RESIDUAL_LT_8
S2-REF-T5-BP2.50-OP3.75,STAGE_2_INNER_SUPPORT_AND_FASTENERS,REFINED_0.25_MM,2.5,0.0,METAL_PLATE_5MM_CANDIDATE,5.0,0.0,3.75,REVERSED_AWAY_FROM_BELT,STANDARD_REVERSED,12.75,7.75,15.5,10.5,13.5,22.0,7.0,8.5,290.0,145.0,-145.0,0,0,0,0,0,7,7,2,6.25,10.0,126.25,FAIL,PTO_NOMINAL_LT_13;PTO_RESIDUAL_LT_8
S2-REF-T5-BP2.50-OP4.00,STAGE_2_INNER_SUPPORT_AND_FASTENERS,REFINED_0.25_MM,2.5,0.0,METAL_PLATE_5MM_CANDIDATE,5.0,0.0,4.0,REVERSED_AWAY_FROM_BELT,STANDARD_REVERSED,13.0,8.0,15.5,10.5,13.5,22.0,7.0,8.5,290.0,145.0,-145.0,0,0,0,0,0,7,7,2,6.5,10.0,1130.5,CONDITIONAL_PASS,
S2-REF-T5-BP2.50-OP4.25,STAGE_2_INNER_SUPPORT_AND_FASTENERS,REFINED_0.25_MM,2.5,0.0,METAL_PLATE_5MM_CANDIDATE,5.0,0.0,4.25,REVERSED_AWAY_FROM_BELT,STANDARD_REVERSED,13.25,8.25,15.5,10.5,13.5,22.0,7.0,8.5,290.0,145.0,-145.0,0,0,0,0,0,7,7,2,6.75,10.0,1134.75,CONDITIONAL_PASS,
S2-REF-T5-BP2.50-OP4.50,STAGE_2_INNER_SUPPORT_AND_FASTENERS,REFINED_0.25_MM,2.5,0.0,METAL_PLATE_5MM_CANDIDATE,5.0,0.0,4.5,REVERSED_AWAY_FROM_BELT,STANDARD_REVERSED,13.5,8.5,15.5,10.5,13.5,22.0,7.0,8.5,290.0,145.0,-145.0,0,0,0,0,0,7,7,2,7.0,10.0,1139.0,CONDITIONAL_PASS,
S2-REF-T5-BP2.50-OP4.75,STAGE_2_INNER_SUPPORT_AND_FASTENERS,REFINED_0.25_MM,2.5,0.0,METAL_PLATE_5MM_CANDIDATE,5.0,0.0,4.75,REVERSED_AWAY_FROM_BELT,STANDARD_REVERSED,13.75,8.75,15.5,10.5,13.5,22.0,7.0,8.5,290.0,145.0,-145.0,0,0,0,0,0,7,7,2,7.25,10.0,1143.25,CONDITIONAL_PASS,
S2-REF-T5-BP2.50-OP5.00,STAGE_2_INNER_SUPPORT_AND_FASTENERS,REFINED_0.25_MM,2.5,0.0,METAL_PLATE_5MM_CANDIDATE,5.0,0.0,5.0,REVERSED_AWAY_FROM_BELT,STANDARD_REVERSED,14.0,9.0,15.5,10.5,13.5,22.0,7.0,8.5,290.0,145.0,-145.0,0,0,0,0,0,7,7,2,7.5,10.0,1147.5,CONDITIONAL_PASS,
S2-REF-T5-BP2.50-OP5.25,STAGE_2_INNER_SUPPORT_AND_FASTENERS,REFINED_0.25_MM,2.5,0.0,METAL_PLATE_5MM_CANDIDATE,5.0,0.0,5.25,REVERSED_AWAY_FROM_BELT,STANDARD_REVERSED,14.25,9.25,15.5,10.5,13.5,22.0,7.0,8.5,290.0,145.0,-145.0,0,0,0,0,0,7,7,2,7.75,10.0,1151.75,CONDITIONAL_PASS,
S2-REF-T5-BP2.50-OP5.50,STAGE_2_INNER_SUPPORT_AND_FASTENERS,REFINED_0.25_MM,2.5,0.0,METAL_PLATE_5MM_CANDIDATE,5.0,0.0,5.5,REVERSED_AWAY_FROM_BELT,STANDARD_REVERSED,14.5,9.5,15.5,10.5,13.5,22.0,7.0,8.5,290.0,145.0,-145.0,0,0,0,0,0,7,7,2,8.0,10.0,1156.0,CONDITIONAL_PASS,
S2-REF-T5-BP2.50-OP5.75,STAGE_2_INNER_SUPPORT_AND_FASTENERS,REFINED_0.25_MM,2.5,0.0,METAL_PLATE_5MM_CANDIDATE,5.0,0.0,5.75,REVERSED_AWAY_FROM_BELT,STANDARD_REVERSED,14.75,9.75,15.5,10.5,13.5,22.0,7.0,8.5,290.0,145.0,-145.0,0,0,0,0,0,7,7,2,8.25,10.0,1160.25,CONDITIONAL_PASS,
S2-REF-T5-BP2.50-OP6.00,STAGE_2_INNER_SUPPORT_AND_FASTENERS,REFINED_0.25_MM,2.5,0.0,METAL_PLATE_5MM_CANDIDATE,5.0,0.0,6.0,REVERSED_AWAY_FROM_BELT,STANDARD_REVERSED,15.0,10.0,15.5,10.5,13.5,22.0,7.0,8.5,290.0,145.0,-145.0,0,0,0,0,0,7,7,2,8.5,10.0,1164.5,CONDITIONAL_PASS,
S2-REF-T5-BP2.50-OP6.25,STAGE_2_INNER_SUPPORT_AND_FASTENERS,REFINED_0.25_MM,2.5,0.0,METAL_PLATE_5MM_CANDIDATE,5.0,0.0,6.25,REVERSED_AWAY_FROM_BELT,STANDARD_REVERSED,15.25,10.25,15.5,10.5,13.5,22.0,7.0,8.5,290.0,145.0,-145.0,0,0,0,0,0,7,7,2,8.75,10.0,1168.75,CONDITIONAL_PASS,
S2-REF-T5-BP2.50-OP6.50,STAGE_2_INNER_SUPPORT_AND_FASTENERS,REFINED_0.25_MM,2.5,0.0,METAL_PLATE_5MM_CANDIDATE,5.0,0.0,6.5,REVERSED_AWAY_FROM_BELT,STANDARD_REVERSED,15.5,10.5,15.5,10.5,13.5,22.0,7.0,8.5,290.0,145.0,-145.0,0,0,0,0,0,7,7,2,9.0,10.0,1173.0,CONDITIONAL_PASS,
S2-REF-T5-BP2.50-OP6.75,STAGE_2_INNER_SUPPORT_AND_FASTENERS,REFINED_0.25_MM,2.5,0.0,METAL_PLATE_5MM_CANDIDATE,5.0,0.0,6.75,REVERSED_AWAY_FROM_BELT,STANDARD_REVERSED,15.5,10.5,15.5,10.5,13.5,22.0,7.0,8.5,290.0,145.0,-145.0,0,0,0,0,0,7,7,2,9.25,10.0,1172.25,CONDITIONAL_PASS,
S2-REF-T5-BP2.50-OP7.00,STAGE_2_INNER_SUPPORT_AND_FASTENERS,REFINED_0.25_MM,2.5,0.0,METAL_PLATE_5MM_CANDIDATE,5.0,0.0,7.0,REVERSED_AWAY_FROM_BELT,STANDARD_REVERSED,15.5,10.5,15.5,10.5,13.5,22.0,7.0,8.5,290.0,145.0,-145.0,0,0,0,0,0,7,7,2,9.5,10.0,1171.5,CONDITIONAL_PASS,
S2-REF-T5-BP2.75-OP1.00,STAGE_2_INNER_SUPPORT_AND_FASTENERS,REFINED_0.25_MM,2.75,0.0,METAL_PLATE_5MM_CANDIDATE,5.0,0.0,1.0,REVERSED_AWAY_FROM_BELT,STANDARD_REVERSED,9.75,4.75,15.5,10.5,13.75,22.25,7.0,8.5,290.0,145.0,-145.0,0,0,0,0,0,7,7,2,3.75,10.0,73.75,FAIL,PTO_NOMINAL_LT_13;PTO_RESIDUAL_LT_8
S2-REF-T5-BP2.75-OP1.25,STAGE_2_INNER_SUPPORT_AND_FASTENERS,REFINED_0.25_MM,2.75,0.0,METAL_PLATE_5MM_CANDIDATE,5.0,0.0,1.25,REVERSED_AWAY_FROM_BELT,STANDARD_REVERSED,10.0,5.0,15.5,10.5,13.75,22.25,7.0,8.5,290.0,145.0,-145.0,0,0,0,0,0,7,7,2,4.0,10.0,78.0,FAIL,PTO_NOMINAL_LT_13;PTO_RESIDUAL_LT_8
S2-REF-T5-BP2.75-OP1.50,STAGE_2_INNER_SUPPORT_AND_FASTENERS,REFINED_0.25_MM,2.75,0.0,METAL_PLATE_5MM_CANDIDATE,5.0,0.0,1.5,REVERSED_AWAY_FROM_BELT,STANDARD_REVERSED,10.25,5.25,15.5,10.5,13.75,22.25,7.0,8.5,290.0,145.0,-145.0,0,0,0,0,0,7,7,2,4.25,10.0,82.25,FAIL,PTO_NOMINAL_LT_13;PTO_RESIDUAL_LT_8
S2-REF-T5-BP2.75-OP1.75,STAGE_2_INNER_SUPPORT_AND_FASTENERS,REFINED_0.25_MM,2.75,0.0,METAL_PLATE_5MM_CANDIDATE,5.0,0.0,1.75,REVERSED_AWAY_FROM_BELT,STANDARD_REVERSED,10.5,5.5,15.5,10.5,13.75,22.25,7.0,8.5,290.0,145.0,-145.0,0,0,0,0,0,7,7,2,4.5,10.0,86.5,FAIL,PTO_NOMINAL_LT_13;PTO_RESIDUAL_LT_8
S2-REF-T5-BP2.75-OP2.00,STAGE_2_INNER_SUPPORT_AND_FASTENERS,REFINED_0.25_MM,2.75,0.0,METAL_PLATE_5MM_CANDIDATE,5.0,0.0,2.0,REVERSED_AWAY_FROM_BELT,STANDARD_REVERSED,10.75,5.75,15.5,10.5,13.75,22.25,7.0,8.5,290.0,145.0,-145.0,0,0,0,0,0,7,7,2,4.75,10.0,90.75,FAIL,PTO_NOMINAL_LT_13;PTO_RESIDUAL_LT_8
S2-REF-T5-BP2.75-OP2.25,STAGE_2_INNER_SUPPORT_AND_FASTENERS,REFINED_0.25_MM,2.75,0.0,METAL_PLATE_5MM_CANDIDATE,5.0,0.0,2.25,REVERSED_AWAY_FROM_BELT,STANDARD_REVERSED,11.0,6.0,15.5,10.5,13.75,22.25,7.0,8.5,290.0,145.0,-145.0,0,0,0,0,0,7,7,2,5.0,10.0,95.0,FAIL,PTO_NOMINAL_LT_13;PTO_RESIDUAL_LT_8
S2-REF-T5-BP2.75-OP2.50,STAGE_2_INNER_SUPPORT_AND_FASTENERS,REFINED_0.25_MM,2.75,0.0,METAL_PLATE_5MM_CANDIDATE,5.0,0.0,2.5,REVERSED_AWAY_FROM_BELT,STANDARD_REVERSED,11.25,6.25,15.5,10.5,13.75,22.25,7.0,8.5,290.0,145.0,-145.0,0,0,0,0,0,7,7,2,5.25,10.0,99.25,FAIL,PTO_NOMINAL_LT_13;PTO_RESIDUAL_LT_8
S2-REF-T5-BP2.75-OP2.75,STAGE_2_INNER_SUPPORT_AND_FASTENERS,REFINED_0.25_MM,2.75,0.0,METAL_PLATE_5MM_CANDIDATE,5.0,0.0,2.75,REVERSED_AWAY_FROM_BELT,STANDARD_REVERSED,11.5,6.5,15.5,10.5,13.75,22.25,7.0,8.5,290.0,145.0,-145.0,0,0,0,0,0,7,7,2,5.5,10.0,103.5,FAIL,PTO_NOMINAL_LT_13;PTO_RESIDUAL_LT_8
S2-REF-T5-BP2.75-OP3.00,STAGE_2_INNER_SUPPORT_AND_FASTENERS,REFINED_0.25_MM,2.75,0.0,METAL_PLATE_5MM_CANDIDATE,5.0,0.0,3.0,REVERSED_AWAY_FROM_BELT,STANDARD_REVERSED,11.75,6.75,15.5,10.5,13.75,22.25,7.0,8.5,290.0,145.0,-145.0,0,0,0,0,0,7,7,2,5.75,10.0,107.75,FAIL,PTO_NOMINAL_LT_13;PTO_RESIDUAL_LT_8
S2-REF-T5-BP2.75-OP3.25,STAGE_2_INNER_SUPPORT_AND_FASTENERS,REFINED_0.25_MM,2.75,0.0,METAL_PLATE_5MM_CANDIDATE,5.0,0.0,3.25,REVERSED_AWAY_FROM_BELT,STANDARD_REVERSED,12.0,7.0,15.5,10.5,13.75,22.25,7.0,8.5,290.0,145.0,-145.0,0,0,0,0,0,7,7,2,6.0,10.0,112.0,FAIL,PTO_NOMINAL_LT_13;PTO_RESIDUAL_LT_8
S2-REF-T5-BP2.75-OP3.50,STAGE_2_INNER_SUPPORT_AND_FASTENERS,REFINED_0.25_MM,2.75,0.0,METAL_PLATE_5MM_CANDIDATE,5.0,0.0,3.5,REVERSED_AWAY_FROM_BELT,STANDARD_REVERSED,12.25,7.25,15.5,10.5,13.75,22.25,7.0,8.5,290.0,145.0,-145.0,0,0,0,0,0,7,7,2,6.25,10.0,116.25,FAIL,PTO_NOMINAL_LT_13;PTO_RESIDUAL_LT_8
S2-REF-T5-BP2.75-OP3.75,STAGE_2_INNER_SUPPORT_AND_FASTENERS,REFINED_0.25_MM,2.75,0.0,METAL_PLATE_5MM_CANDIDATE,5.0,0.0,3.75,REVERSED_AWAY_FROM_BELT,STANDARD_REVERSED,12.5,7.5,15.5,10.5,13.75,22.25,7.0,8.5,290.0,145.0,-145.0,0,0,0,0,0,7,7,2,6.5,10.0,120.5,FAIL,PTO_NOMINAL_LT_13;PTO_RESIDUAL_LT_8
S2-REF-T5-BP2.75-OP4.00,STAGE_2_INNER_SUPPORT_AND_FASTENERS,REFINED_0.25_MM,2.75,0.0,METAL_PLATE_5MM_CANDIDATE,5.0,0.0,4.0,REVERSED_AWAY_FROM_BELT,STANDARD_REVERSED,12.75,7.75,15.5,10.5,13.75,22.25,7.0,8.5,290.0,145.0,-145.0,0,0,0,0,0,7,7,2,6.75,10.0,124.75,FAIL,PTO_NOMINAL_LT_13;PTO_RESIDUAL_LT_8
S2-REF-T5-BP2.75-OP4.25,STAGE_2_INNER_SUPPORT_AND_FASTENERS,REFINED_0.25_MM,2.75,0.0,METAL_PLATE_5MM_CANDIDATE,5.0,0.0,4.25,REVERSED_AWAY_FROM_BELT,STANDARD_REVERSED,13.0,8.0,15.5,10.5,13.75,22.25,7.0,8.5,290.0,145.0,-145.0,0,0,0,0,0,7,7,2,7.0,10.0,1129.0,CONDITIONAL_PASS,
S2-REF-T5-BP2.75-OP4.50,STAGE_2_INNER_SUPPORT_AND_FASTENERS,REFINED_0.25_MM,2.75,0.0,METAL_PLATE_5MM_CANDIDATE,5.0,0.0,4.5,REVERSED_AWAY_FROM_BELT,STANDARD_REVERSED,13.25,8.25,15.5,10.5,13.75,22.25,7.0,8.5,290.0,145.0,-145.0,0,0,0,0,0,7,7,2,7.25,10.0,1133.25,CONDITIONAL_PASS,
S2-REF-T5-BP2.75-OP4.75,STAGE_2_INNER_SUPPORT_AND_FASTENERS,REFINED_0.25_MM,2.75,0.0,METAL_PLATE_5MM_CANDIDATE,5.0,0.0,4.75,REVERSED_AWAY_FROM_BELT,STANDARD_REVERSED,13.5,8.5,15.5,10.5,13.75,22.25,7.0,8.5,290.0,145.0,-145.0,0,0,0,0,0,7,7,2,7.5,10.0,1137.5,CONDITIONAL_PASS,
S2-REF-T5-BP2.75-OP5.00,STAGE_2_INNER_SUPPORT_AND_FASTENERS,REFINED_0.25_MM,2.75,0.0,METAL_PLATE_5MM_CANDIDATE,5.0,0.0,5.0,REVERSED_AWAY_FROM_BELT,STANDARD_REVERSED,13.75,8.75,15.5,10.5,13.75,22.25,7.0,8.5,290.0,145.0,-145.0,0,0,0,0,0,7,7,2,7.75,10.0,1141.75,CONDITIONAL_PASS,
S2-REF-T5-BP2.75-OP5.25,STAGE_2_INNER_SUPPORT_AND_FASTENERS,REFINED_0.25_MM,2.75,0.0,METAL_PLATE_5MM_CANDIDATE,5.0,0.0,5.25,REVERSED_AWAY_FROM_BELT,STANDARD_REVERSED,14.0,9.0,15.5,10.5,13.75,22.25,7.0,8.5,290.0,145.0,-145.0,0,0,0,0,0,7,7,2,8.0,10.0,1146.0,CONDITIONAL_PASS,
S2-REF-T5-BP2.75-OP5.50,STAGE_2_INNER_SUPPORT_AND_FASTENERS,REFINED_0.25_MM,2.75,0.0,METAL_PLATE_5MM_CANDIDATE,5.0,0.0,5.5,REVERSED_AWAY_FROM_BELT,STANDARD_REVERSED,14.25,9.25,15.5,10.5,13.75,22.25,7.0,8.5,290.0,145.0,-145.0,0,0,0,0,0,7,7,2,8.25,10.0,1150.25,CONDITIONAL_PASS,
S2-REF-T5-BP2.75-OP5.75,STAGE_2_INNER_SUPPORT_AND_FASTENERS,REFINED_0.25_MM,2.75,0.0,METAL_PLATE_5MM_CANDIDATE,5.0,0.0,5.75,REVERSED_AWAY_FROM_BELT,STANDARD_REVERSED,14.5,9.5,15.5,10.5,13.75,22.25,7.0,8.5,290.0,145.0,-145.0,0,0,0,0,0,7,7,2,8.5,10.0,1154.5,CONDITIONAL_PASS,
S2-REF-T5-BP2.75-OP6.00,STAGE_2_INNER_SUPPORT_AND_FASTENERS,REFINED_0.25_MM,2.75,0.0,METAL_PLATE_5MM_CANDIDATE,5.0,0.0,6.0,REVERSED_AWAY_FROM_BELT,STANDARD_REVERSED,14.75,9.75,15.5,10.5,13.75,22.25,7.0,8.5,290.0,145.0,-145.0,0,0,0,0,0,7,7,2,8.75,10.0,1158.75,CONDITIONAL_PASS,
S2-REF-T5-BP2.75-OP6.25,STAGE_2_INNER_SUPPORT_AND_FASTENERS,REFINED_0.25_MM,2.75,0.0,METAL_PLATE_5MM_CANDIDATE,5.0,0.0,6.25,REVERSED_AWAY_FROM_BELT,STANDARD_REVERSED,15.0,10.0,15.5,10.5,13.75,22.25,7.0,8.5,290.0,145.0,-145.0,0,0,0,0,0,7,7,2,9.0,10.0,1163.0,CONDITIONAL_PASS,
S2-REF-T5-BP2.75-OP6.50,STAGE_2_INNER_SUPPORT_AND_FASTENERS,REFINED_0.25_MM,2.75,0.0,METAL_PLATE_5MM_CANDIDATE,5.0,0.0,6.5,REVERSED_AWAY_FROM_BELT,STANDARD_REVERSED,15.25,10.25,15.5,10.5,13.75,22.25,7.0,8.5,290.0,145.0,-145.0,0,0,0,0,0,7,7,2,9.25,10.0,1167.25,CONDITIONAL_PASS,
S2-REF-T5-BP2.75-OP6.75,STAGE_2_INNER_SUPPORT_AND_FASTENERS,REFINED_0.25_MM,2.75,0.0,METAL_PLATE_5MM_CANDIDATE,5.0,0.0,6.75,REVERSED_AWAY_FROM_BELT,STANDARD_REVERSED,15.5,10.5,15.5,10.5,13.75,22.25,7.0,8.5,290.0,145.0,-145.0,0,0,0,0,0,7,7,2,9.5,10.0,1171.5,CONDITIONAL_PASS,
S2-REF-T5-BP2.75-OP7.00,STAGE_2_INNER_SUPPORT_AND_FASTENERS,REFINED_0.25_MM,2.75,0.0,METAL_PLATE_5MM_CANDIDATE,5.0,0.0,7.0,REVERSED_AWAY_FROM_BELT,STANDARD_REVERSED,15.75,10.75,15.5,10.5,13.75,22.25,7.0,8.5,290.0,145.0,-145.0,0,0,0,0,0,7,7,2,9.75,10.0,1170.75,CONDITIONAL_PASS,
S2-REF-T5-BP3.00-OP1.00,STAGE_2_INNER_SUPPORT_AND_FASTENERS,REFINED_0.25_MM,3.0,0.0,METAL_PLATE_5MM_CANDIDATE,5.0,0.0,1.0,REVERSED_AWAY_FROM_BELT,STANDARD_REVERSED,9.5,4.5,15.5,10.5,14.0,22.5,7.0,8.5,290.0,145.0,-145.0,0,0,0,0,0,7,7,2,4.0,10.0,68.0,FAIL,PTO_NOMINAL_LT_13;PTO_RESIDUAL_LT_8
S2-REF-T5-BP3.00-OP1.25,STAGE_2_INNER_SUPPORT_AND_FASTENERS,REFINED_0.25_MM,3.0,0.0,METAL_PLATE_5MM_CANDIDATE,5.0,0.0,1.25,REVERSED_AWAY_FROM_BELT,STANDARD_REVERSED,9.75,4.75,15.5,10.5,14.0,22.5,7.0,8.5,290.0,145.0,-145.0,0,0,0,0,0,7,7,2,4.25,10.0,72.25,FAIL,PTO_NOMINAL_LT_13;PTO_RESIDUAL_LT_8
S2-REF-T5-BP3.00-OP1.50,STAGE_2_INNER_SUPPORT_AND_FASTENERS,REFINED_0.25_MM,3.0,0.0,METAL_PLATE_5MM_CANDIDATE,5.0,0.0,1.5,REVERSED_AWAY_FROM_BELT,STANDARD_REVERSED,10.0,5.0,15.5,10.5,14.0,22.5,7.0,8.5,290.0,145.0,-145.0,0,0,0,0,0,7,7,2,4.5,10.0,76.5,FAIL,PTO_NOMINAL_LT_13;PTO_RESIDUAL_LT_8
S2-REF-T5-BP3.00-OP1.75,STAGE_2_INNER_SUPPORT_AND_FASTENERS,REFINED_0.25_MM,3.0,0.0,METAL_PLATE_5MM_CANDIDATE,5.0,0.0,1.75,REVERSED_AWAY_FROM_BELT,STANDARD_REVERSED,10.25,5.25,15.5,10.5,14.0,22.5,7.0,8.5,290.0,145.0,-145.0,0,0,0,0,0,7,7,2,4.75,10.0,80.75,FAIL,PTO_NOMINAL_LT_13;PTO_RESIDUAL_LT_8
S2-REF-T5-BP3.00-OP2.00,STAGE_2_INNER_SUPPORT_AND_FASTENERS,REFINED_0.25_MM,3.0,0.0,METAL_PLATE_5MM_CANDIDATE,5.0,0.0,2.0,REVERSED_AWAY_FROM_BELT,STANDARD_REVERSED,10.5,5.5,15.5,10.5,14.0,22.5,7.0,8.5,290.0,145.0,-145.0,0,0,0,0,0,7,7,2,5.0,10.0,85.0,FAIL,PTO_NOMINAL_LT_13;PTO_RESIDUAL_LT_8
S2-REF-T5-BP3.00-OP2.25,STAGE_2_INNER_SUPPORT_AND_FASTENERS,REFINED_0.25_MM,3.0,0.0,METAL_PLATE_5MM_CANDIDATE,5.0,0.0,2.25,REVERSED_AWAY_FROM_BELT,STANDARD_REVERSED,10.75,5.75,15.5,10.5,14.0,22.5,7.0,8.5,290.0,145.0,-145.0,0,0,0,0,0,7,7,2,5.25,10.0,89.25,FAIL,PTO_NOMINAL_LT_13;PTO_RESIDUAL_LT_8
S2-REF-T5-BP3.00-OP2.50,STAGE_2_INNER_SUPPORT_AND_FASTENERS,REFINED_0.25_MM,3.0,0.0,METAL_PLATE_5MM_CANDIDATE,5.0,0.0,2.5,REVERSED_AWAY_FROM_BELT,STANDARD_REVERSED,11.0,6.0,15.5,10.5,14.0,22.5,7.0,8.5,290.0,145.0,-145.0,0,0,0,0,0,7,7,2,5.5,10.0,93.5,FAIL,PTO_NOMINAL_LT_13;PTO_RESIDUAL_LT_8
S2-REF-T5-BP3.00-OP2.75,STAGE_2_INNER_SUPPORT_AND_FASTENERS,REFINED_0.25_MM,3.0,0.0,METAL_PLATE_5MM_CANDIDATE,5.0,0.0,2.75,REVERSED_AWAY_FROM_BELT,STANDARD_REVERSED,11.25,6.25,15.5,10.5,14.0,22.5,7.0,8.5,290.0,145.0,-145.0,0,0,0,0,0,7,7,2,5.75,10.0,97.75,FAIL,PTO_NOMINAL_LT_13;PTO_RESIDUAL_LT_8
S2-REF-T5-BP3.00-OP3.00,STAGE_2_INNER_SUPPORT_AND_FASTENERS,REFINED_0.25_MM,3.0,0.0,METAL_PLATE_5MM_CANDIDATE,5.0,0.0,3.0,REVERSED_AWAY_FROM_BELT,STANDARD_REVERSED,11.5,6.5,15.5,10.5,14.0,22.5,7.0,8.5,290.0,145.0,-145.0,0,0,0,0,0,7,7,2,6.0,10.0,102.0,FAIL,PTO_NOMINAL_LT_13;PTO_RESIDUAL_LT_8
S2-REF-T5-BP3.00-OP3.25,STAGE_2_INNER_SUPPORT_AND_FASTENERS,REFINED_0.25_MM,3.0,0.0,METAL_PLATE_5MM_CANDIDATE,5.0,0.0,3.25,REVERSED_AWAY_FROM_BELT,STANDARD_REVERSED,11.75,6.75,15.5,10.5,14.0,22.5,7.0,8.5,290.0,145.0,-145.0,0,0,0,0,0,7,7,2,6.25,10.0,106.25,FAIL,PTO_NOMINAL_LT_13;PTO_RESIDUAL_LT_8
S2-REF-T5-BP3.00-OP3.50,STAGE_2_INNER_SUPPORT_AND_FASTENERS,REFINED_0.25_MM,3.0,0.0,METAL_PLATE_5MM_CANDIDATE,5.0,0.0,3.5,REVERSED_AWAY_FROM_BELT,STANDARD_REVERSED,12.0,7.0,15.5,10.5,14.0,22.5,7.0,8.5,290.0,145.0,-145.0,0,0,0,0,0,7,7,2,6.5,10.0,110.5,FAIL,PTO_NOMINAL_LT_13;PTO_RESIDUAL_LT_8
S2-REF-T5-BP3.00-OP3.75,STAGE_2_INNER_SUPPORT_AND_FASTENERS,REFINED_0.25_MM,3.0,0.0,METAL_PLATE_5MM_CANDIDATE,5.0,0.0,3.75,REVERSED_AWAY_FROM_BELT,STANDARD_REVERSED,12.25,7.25,15.5,10.5,14.0,22.5,7.0,8.5,290.0,145.0,-145.0,0,0,0,0,0,7,7,2,6.75,10.0,114.75,FAIL,PTO_NOMINAL_LT_13;PTO_RESIDUAL_LT_8
S2-REF-T5-BP3.00-OP4.00,STAGE_2_INNER_SUPPORT_AND_FASTENERS,REFINED_0.25_MM,3.0,0.0,METAL_PLATE_5MM_CANDIDATE,5.0,0.0,4.0,REVERSED_AWAY_FROM_BELT,STANDARD_REVERSED,12.5,7.5,15.5,10.5,14.0,22.5,7.0,8.5,290.0,145.0,-145.0,0,0,0,0,0,7,7,2,7.0,10.0,119.0,FAIL,PTO_NOMINAL_LT_13;PTO_RESIDUAL_LT_8
S2-REF-T5-BP3.00-OP4.25,STAGE_2_INNER_SUPPORT_AND_FASTENERS,REFINED_0.25_MM,3.0,0.0,METAL_PLATE_5MM_CANDIDATE,5.0,0.0,4.25,REVERSED_AWAY_FROM_BELT,STANDARD_REVERSED,12.75,7.75,15.5,10.5,14.0,22.5,7.0,8.5,290.0,145.0,-145.0,0,0,0,0,0,7,7,2,7.25,10.0,123.25,FAIL,PTO_NOMINAL_LT_13;PTO_RESIDUAL_LT_8
S2-REF-T5-BP3.00-OP4.50,STAGE_2_INNER_SUPPORT_AND_FASTENERS,REFINED_0.25_MM,3.0,0.0,METAL_PLATE_5MM_CANDIDATE,5.0,0.0,4.5,REVERSED_AWAY_FROM_BELT,STANDARD_REVERSED,13.0,8.0,15.5,10.5,14.0,22.5,7.0,8.5,290.0,145.0,-145.0,0,0,0,0,0,7,7,2,7.5,10.0,1127.5,CONDITIONAL_PASS,
S2-REF-T5-BP3.00-OP4.75,STAGE_2_INNER_SUPPORT_AND_FASTENERS,REFINED_0.25_MM,3.0,0.0,METAL_PLATE_5MM_CANDIDATE,5.0,0.0,4.75,REVERSED_AWAY_FROM_BELT,STANDARD_REVERSED,13.25,8.25,15.5,10.5,14.0,22.5,7.0,8.5,290.0,145.0,-145.0,0,0,0,0,0,7,7,2,7.75,10.0,1131.75,CONDITIONAL_PASS,
S2-REF-T5-BP3.00-OP5.00,STAGE_2_INNER_SUPPORT_AND_FASTENERS,REFINED_0.25_MM,3.0,0.0,METAL_PLATE_5MM_CANDIDATE,5.0,0.0,5.0,REVERSED_AWAY_FROM_BELT,STANDARD_REVERSED,13.5,8.5,15.5,10.5,14.0,22.5,7.0,8.5,290.0,145.0,-145.0,0,0,0,0,0,7,7,2,8.0,10.0,1136.0,CONDITIONAL_PASS,
S2-REF-T5-BP3.00-OP5.25,STAGE_2_INNER_SUPPORT_AND_FASTENERS,REFINED_0.25_MM,3.0,0.0,METAL_PLATE_5MM_CANDIDATE,5.0,0.0,5.25,REVERSED_AWAY_FROM_BELT,STANDARD_REVERSED,13.75,8.75,15.5,10.5,14.0,22.5,7.0,8.5,290.0,145.0,-145.0,0,0,0,0,0,7,7,2,8.25,10.0,1140.25,CONDITIONAL_PASS,
S2-REF-T5-BP3.00-OP5.50,STAGE_2_INNER_SUPPORT_AND_FASTENERS,REFINED_0.25_MM,3.0,0.0,METAL_PLATE_5MM_CANDIDATE,5.0,0.0,5.5,REVERSED_AWAY_FROM_BELT,STANDARD_REVERSED,14.0,9.0,15.5,10.5,14.0,22.5,7.0,8.5,290.0,145.0,-145.0,0,0,0,0,0,7,7,2,8.5,10.0,1144.5,CONDITIONAL_PASS,
S2-REF-T5-BP3.00-OP5.75,STAGE_2_INNER_SUPPORT_AND_FASTENERS,REFINED_0.25_MM,3.0,0.0,METAL_PLATE_5MM_CANDIDATE,5.0,0.0,5.75,REVERSED_AWAY_FROM_BELT,STANDARD_REVERSED,14.25,9.25,15.5,10.5,14.0,22.5,7.0,8.5,290.0,145.0,-145.0,0,0,0,0,0,7,7,2,8.75,10.0,1148.75,CONDITIONAL_PASS,
S2-REF-T5-BP3.00-OP6.00,STAGE_2_INNER_SUPPORT_AND_FASTENERS,REFINED_0.25_MM,3.0,0.0,METAL_PLATE_5MM_CANDIDATE,5.0,0.0,6.0,REVERSED_AWAY_FROM_BELT,STANDARD_REVERSED,14.5,9.5,15.5,10.5,14.0,22.5,7.0,8.5,290.0,145.0,-145.0,0,0,0,0,0,7,7,2,9.0,10.0,1153.0,CONDITIONAL_PASS,
S2-REF-T5-BP3.00-OP6.25,STAGE_2_INNER_SUPPORT_AND_FASTENERS,REFINED_0.25_MM,3.0,0.0,METAL_PLATE_5MM_CANDIDATE,5.0,0.0,6.25,REVERSED_AWAY_FROM_BELT,STANDARD_REVERSED,14.75,9.75,15.5,10.5,14.0,22.5,7.0,8.5,290.0,145.0,-145.0,0,0,0,0,0,7,7,2,9.25,10.0,1157.25,CONDITIONAL_PASS,
S2-REF-T5-BP3.00-OP6.50,STAGE_2_INNER_SUPPORT_AND_FASTENERS,REFINED_0.25_MM,3.0,0.0,METAL_PLATE_5MM_CANDIDATE,5.0,0.0,6.5,REVERSED_AWAY_FROM_BELT,STANDARD_REVERSED,15.0,10.0,15.5,10.5,14.0,22.5,7.0,8.5,290.0,145.0,-145.0,0,0,0,0,0,7,7,2,9.5,10.0,1161.5,CONDITIONAL_PASS,
S2-REF-T5-BP3.00-OP6.75,STAGE_2_INNER_SUPPORT_AND_FASTENERS,REFINED_0.25_MM,3.0,0.0,METAL_PLATE_5MM_CANDIDATE,5.0,0.0,6.75,REVERSED_AWAY_FROM_BELT,STANDARD_REVERSED,15.25,10.25,15.5,10.5,14.0,22.5,7.0,8.5,290.0,145.0,-145.0,0,0,0,0,0,7,7,2,9.75,10.0,1165.75,CONDITIONAL_PASS,
S2-REF-T5-BP3.00-OP7.00,STAGE_2_INNER_SUPPORT_AND_FASTENERS,REFINED_0.25_MM,3.0,0.0,METAL_PLATE_5MM_CANDIDATE,5.0,0.0,7.0,REVERSED_AWAY_FROM_BELT,STANDARD_REVERSED,15.5,10.5,15.5,10.5,14.0,22.5,7.0,8.5,290.0,145.0,-145.0,0,0,0,0,0,7,7,2,10.0,10.0,1170.0,CONDITIONAL_PASS,
S2-REF-T6-BP0.00-OP1.00,STAGE_2_INNER_SUPPORT_AND_FASTENERS,REFINED_0.25_MM,0.0,0.0,METAL_PLATE_6MM_CANDIDATE,6.0,0.0,1.0,REVERSED_AWAY_FROM_BELT,STANDARD_REVERSED,12.5,7.5,15.5,10.5,11.0,19.5,6.0,8.5,290.0,145.0,-145.0,0,0,0,0,0,7,7,2,1.0,10.0,137.0,FAIL,PTO_NOMINAL_LT_13;PTO_RESIDUAL_LT_8
S2-REF-T6-BP0.00-OP1.25,STAGE_2_INNER_SUPPORT_AND_FASTENERS,REFINED_0.25_MM,0.0,0.0,METAL_PLATE_6MM_CANDIDATE,6.0,0.0,1.25,REVERSED_AWAY_FROM_BELT,STANDARD_REVERSED,12.5,7.5,15.5,10.5,11.0,19.5,6.0,8.5,290.0,145.0,-145.0,0,0,0,0,0,7,7,2,1.25,10.0,136.25,FAIL,PTO_NOMINAL_LT_13;PTO_RESIDUAL_LT_8
S2-REF-T6-BP0.00-OP1.50,STAGE_2_INNER_SUPPORT_AND_FASTENERS,REFINED_0.25_MM,0.0,0.0,METAL_PLATE_6MM_CANDIDATE,6.0,0.0,1.5,REVERSED_AWAY_FROM_BELT,STANDARD_REVERSED,12.5,7.5,15.5,10.5,11.0,19.5,6.0,8.5,290.0,145.0,-145.0,0,0,0,0,0,7,7,2,1.5,10.0,135.5,FAIL,PTO_NOMINAL_LT_13;PTO_RESIDUAL_LT_8
S2-REF-T6-BP0.00-OP1.75,STAGE_2_INNER_SUPPORT_AND_FASTENERS,REFINED_0.25_MM,0.0,0.0,METAL_PLATE_6MM_CANDIDATE,6.0,0.0,1.75,REVERSED_AWAY_FROM_BELT,STANDARD_REVERSED,12.5,7.5,15.5,10.5,11.0,19.5,6.0,8.5,290.0,145.0,-145.0,0,0,0,0,0,7,7,2,1.75,10.0,134.75,FAIL,PTO_NOMINAL_LT_13;PTO_RESIDUAL_LT_8
S2-REF-T6-BP0.00-OP2.00,STAGE_2_INNER_SUPPORT_AND_FASTENERS,REFINED_0.25_MM,0.0,0.0,METAL_PLATE_6MM_CANDIDATE,6.0,0.0,2.0,REVERSED_AWAY_FROM_BELT,STANDARD_REVERSED,12.5,7.5,15.5,10.5,11.0,19.5,6.0,8.5,290.0,145.0,-145.0,0,0,0,0,0,7,7,2,2.0,10.0,134.0,FAIL,PTO_NOMINAL_LT_13;PTO_RESIDUAL_LT_8
S2-REF-T6-BP0.00-OP2.25,STAGE_2_INNER_SUPPORT_AND_FASTENERS,REFINED_0.25_MM,0.0,0.0,METAL_PLATE_6MM_CANDIDATE,6.0,0.0,2.25,REVERSED_AWAY_FROM_BELT,STANDARD_REVERSED,12.5,7.5,15.5,10.5,11.0,19.5,6.0,8.5,290.0,145.0,-145.0,0,0,0,0,0,7,7,2,2.25,10.0,133.25,FAIL,PTO_NOMINAL_LT_13;PTO_RESIDUAL_LT_8
S2-REF-T6-BP0.00-OP2.50,STAGE_2_INNER_SUPPORT_AND_FASTENERS,REFINED_0.25_MM,0.0,0.0,METAL_PLATE_6MM_CANDIDATE,6.0,0.0,2.5,REVERSED_AWAY_FROM_BELT,STANDARD_REVERSED,12.5,7.5,15.5,10.5,11.0,19.5,6.0,8.5,290.0,145.0,-145.0,0,0,0,0,0,7,7,2,2.5,10.0,132.5,FAIL,PTO_NOMINAL_LT_13;PTO_RESIDUAL_LT_8
S2-REF-T6-BP0.00-OP2.75,STAGE_2_INNER_SUPPORT_AND_FASTENERS,REFINED_0.25_MM,0.0,0.0,METAL_PLATE_6MM_CANDIDATE,6.0,0.0,2.75,REVERSED_AWAY_FROM_BELT,STANDARD_REVERSED,12.5,7.5,15.5,10.5,11.0,19.5,6.0,8.5,290.0,145.0,-145.0,0,0,0,0,0,7,7,2,2.75,10.0,131.75,FAIL,PTO_NOMINAL_LT_13;PTO_RESIDUAL_LT_8
S2-REF-T6-BP0.00-OP3.00,STAGE_2_INNER_SUPPORT_AND_FASTENERS,REFINED_0.25_MM,0.0,0.0,METAL_PLATE_6MM_CANDIDATE,6.0,0.0,3.0,REVERSED_AWAY_FROM_BELT,STANDARD_REVERSED,12.5,7.5,15.5,10.5,11.0,19.5,6.0,8.5,290.0,145.0,-145.0,0,0,0,0,0,7,7,2,3.0,10.0,131.0,FAIL,PTO_NOMINAL_LT_13;PTO_RESIDUAL_LT_8
S2-REF-T6-BP0.00-OP3.25,STAGE_2_INNER_SUPPORT_AND_FASTENERS,REFINED_0.25_MM,0.0,0.0,METAL_PLATE_6MM_CANDIDATE,6.0,0.0,3.25,REVERSED_AWAY_FROM_BELT,STANDARD_REVERSED,12.5,7.5,15.5,10.5,11.0,19.5,6.0,8.5,290.0,145.0,-145.0,0,0,0,0,0,7,7,2,3.25,10.0,130.25,FAIL,PTO_NOMINAL_LT_13;PTO_RESIDUAL_LT_8
S2-REF-T6-BP0.00-OP3.50,STAGE_2_INNER_SUPPORT_AND_FASTENERS,REFINED_0.25_MM,0.0,0.0,METAL_PLATE_6MM_CANDIDATE,6.0,0.0,3.5,REVERSED_AWAY_FROM_BELT,STANDARD_REVERSED,12.5,7.5,15.5,10.5,11.0,19.5,6.0,8.5,290.0,145.0,-145.0,0,0,0,0,0,7,7,2,3.5,10.0,129.5,FAIL,PTO_NOMINAL_LT_13;PTO_RESIDUAL_LT_8
S2-REF-T6-BP0.00-OP3.75,STAGE_2_INNER_SUPPORT_AND_FASTENERS,REFINED_0.25_MM,0.0,0.0,METAL_PLATE_6MM_CANDIDATE,6.0,0.0,3.75,REVERSED_AWAY_FROM_BELT,STANDARD_REVERSED,12.5,7.5,15.5,10.5,11.0,19.5,6.0,8.5,290.0,145.0,-145.0,0,0,0,0,0,7,7,2,3.75,10.0,128.75,FAIL,PTO_NOMINAL_LT_13;PTO_RESIDUAL_LT_8
S2-REF-T6-BP0.00-OP4.00,STAGE_2_INNER_SUPPORT_AND_FASTENERS,REFINED_0.25_MM,0.0,0.0,METAL_PLATE_6MM_CANDIDATE,6.0,0.0,4.0,REVERSED_AWAY_FROM_BELT,STANDARD_REVERSED,12.5,7.5,15.5,10.5,11.0,19.5,6.0,8.5,290.0,145.0,-145.0,0,0,0,0,0,7,7,2,4.0,10.0,128.0,FAIL,PTO_NOMINAL_LT_13;PTO_RESIDUAL_LT_8
S2-REF-T6-BP0.00-OP4.25,STAGE_2_INNER_SUPPORT_AND_FASTENERS,REFINED_0.25_MM,0.0,0.0,METAL_PLATE_6MM_CANDIDATE,6.0,0.0,4.25,REVERSED_AWAY_FROM_BELT,STANDARD_REVERSED,12.5,7.5,15.5,10.5,11.0,19.5,6.0,8.5,290.0,145.0,-145.0,0,0,0,0,0,7,7,2,4.25,10.0,127.25,FAIL,PTO_NOMINAL_LT_13;PTO_RESIDUAL_LT_8
S2-REF-T6-BP0.00-OP4.50,STAGE_2_INNER_SUPPORT_AND_FASTENERS,REFINED_0.25_MM,0.0,0.0,METAL_PLATE_6MM_CANDIDATE,6.0,0.0,4.5,REVERSED_AWAY_FROM_BELT,STANDARD_REVERSED,12.5,7.5,15.5,10.5,11.0,19.5,6.0,8.5,290.0,145.0,-145.0,0,0,0,0,0,7,7,2,4.5,10.0,126.5,FAIL,PTO_NOMINAL_LT_13;PTO_RESIDUAL_LT_8
S2-REF-T6-BP0.00-OP4.75,STAGE_2_INNER_SUPPORT_AND_FASTENERS,REFINED_0.25_MM,0.0,0.0,METAL_PLATE_6MM_CANDIDATE,6.0,0.0,4.75,REVERSED_AWAY_FROM_BELT,STANDARD_REVERSED,12.5,7.5,15.5,10.5,11.0,19.5,6.0,8.5,290.0,145.0,-145.0,0,0,0,0,0,7,7,2,4.75,10.0,125.75,FAIL,PTO_NOMINAL_LT_13;PTO_RESIDUAL_LT_8
S2-REF-T6-BP0.00-OP5.00,STAGE_2_INNER_SUPPORT_AND_FASTENERS,REFINED_0.25_MM,0.0,0.0,METAL_PLATE_6MM_CANDIDATE,6.0,0.0,5.0,REVERSED_AWAY_FROM_BELT,STANDARD_REVERSED,12.5,7.5,15.5,10.5,11.0,19.5,6.0,8.5,290.0,145.0,-145.0,0,0,0,0,0,7,7,2,5.0,10.0,125.0,FAIL,PTO_NOMINAL_LT_13;PTO_RESIDUAL_LT_8
S2-REF-T6-BP0.00-OP5.25,STAGE_2_INNER_SUPPORT_AND_FASTENERS,REFINED_0.25_MM,0.0,0.0,METAL_PLATE_6MM_CANDIDATE,6.0,0.0,5.25,REVERSED_AWAY_FROM_BELT,STANDARD_REVERSED,12.5,7.5,15.5,10.5,11.0,19.5,6.0,8.5,290.0,145.0,-145.0,0,0,0,0,0,7,7,2,5.25,10.0,124.25,FAIL,PTO_NOMINAL_LT_13;PTO_RESIDUAL_LT_8
S2-REF-T6-BP0.00-OP5.50,STAGE_2_INNER_SUPPORT_AND_FASTENERS,REFINED_0.25_MM,0.0,0.0,METAL_PLATE_6MM_CANDIDATE,6.0,0.0,5.5,REVERSED_AWAY_FROM_BELT,STANDARD_REVERSED,12.5,7.5,15.5,10.5,11.0,19.5,6.0,8.5,290.0,145.0,-145.0,0,0,0,0,0,7,7,2,5.5,10.0,123.5,FAIL,PTO_NOMINAL_LT_13;PTO_RESIDUAL_LT_8
S2-REF-T6-BP0.00-OP5.75,STAGE_2_INNER_SUPPORT_AND_FASTENERS,REFINED_0.25_MM,0.0,0.0,METAL_PLATE_6MM_CANDIDATE,6.0,0.0,5.75,REVERSED_AWAY_FROM_BELT,STANDARD_REVERSED,12.5,7.5,15.5,10.5,11.0,19.5,6.0,8.5,290.0,145.0,-145.0,0,0,0,0,0,7,7,2,5.75,10.0,122.75,FAIL,PTO_NOMINAL_LT_13;PTO_RESIDUAL_LT_8
S2-REF-T6-BP0.00-OP6.00,STAGE_2_INNER_SUPPORT_AND_FASTENERS,REFINED_0.25_MM,0.0,0.0,METAL_PLATE_6MM_CANDIDATE,6.0,0.0,6.0,REVERSED_AWAY_FROM_BELT,STANDARD_REVERSED,12.5,7.5,15.5,10.5,11.0,19.5,6.0,8.5,290.0,145.0,-145.0,0,0,0,0,0,7,7,2,6.0,10.0,122.0,FAIL,PTO_NOMINAL_LT_13;PTO_RESIDUAL_LT_8
S2-REF-T6-BP0.00-OP6.25,STAGE_2_INNER_SUPPORT_AND_FASTENERS,REFINED_0.25_MM,0.0,0.0,METAL_PLATE_6MM_CANDIDATE,6.0,0.0,6.25,REVERSED_AWAY_FROM_BELT,STANDARD_REVERSED,12.5,7.5,15.5,10.5,11.0,19.5,6.0,8.5,290.0,145.0,-145.0,0,0,0,0,0,7,7,2,6.25,10.0,121.25,FAIL,PTO_NOMINAL_LT_13;PTO_RESIDUAL_LT_8
S2-REF-T6-BP0.00-OP6.50,STAGE_2_INNER_SUPPORT_AND_FASTENERS,REFINED_0.25_MM,0.0,0.0,METAL_PLATE_6MM_CANDIDATE,6.0,0.0,6.5,REVERSED_AWAY_FROM_BELT,STANDARD_REVERSED,12.5,7.5,15.5,10.5,11.0,19.5,6.0,8.5,290.0,145.0,-145.0,0,0,0,0,0,7,7,2,6.5,10.0,120.5,FAIL,PTO_NOMINAL_LT_13;PTO_RESIDUAL_LT_8
S2-REF-T6-BP0.00-OP6.75,STAGE_2_INNER_SUPPORT_AND_FASTENERS,REFINED_0.25_MM,0.0,0.0,METAL_PLATE_6MM_CANDIDATE,6.0,0.0,6.75,REVERSED_AWAY_FROM_BELT,STANDARD_REVERSED,12.5,7.5,15.5,10.5,11.0,19.5,6.0,8.5,290.0,145.0,-145.0,0,0,0,0,0,7,7,2,6.75,10.0,119.75,FAIL,PTO_NOMINAL_LT_13;PTO_RESIDUAL_LT_8
S2-REF-T6-BP0.00-OP7.00,STAGE_2_INNER_SUPPORT_AND_FASTENERS,REFINED_0.25_MM,0.0,0.0,METAL_PLATE_6MM_CANDIDATE,6.0,0.0,7.0,REVERSED_AWAY_FROM_BELT,STANDARD_REVERSED,12.5,7.5,15.5,10.5,11.0,19.5,6.0,8.5,290.0,145.0,-145.0,0,0,0,0,0,7,7,2,7.0,10.0,119.0,FAIL,PTO_NOMINAL_LT_13;PTO_RESIDUAL_LT_8
S2-REF-T6-BP0.25-OP1.00,STAGE_2_INNER_SUPPORT_AND_FASTENERS,REFINED_0.25_MM,0.25,0.0,METAL_PLATE_6MM_CANDIDATE,6.0,0.0,1.0,REVERSED_AWAY_FROM_BELT,STANDARD_REVERSED,12.25,7.25,15.5,10.5,11.25,19.75,6.0,8.5,290.0,145.0,-145.0,0,0,0,0,0,7,7,2,1.25,10.0,131.25,FAIL,PTO_NOMINAL_LT_13;PTO_RESIDUAL_LT_8
S2-REF-T6-BP0.25-OP1.25,STAGE_2_INNER_SUPPORT_AND_FASTENERS,REFINED_0.25_MM,0.25,0.0,METAL_PLATE_6MM_CANDIDATE,6.0,0.0,1.25,REVERSED_AWAY_FROM_BELT,STANDARD_REVERSED,12.5,7.5,15.5,10.5,11.25,19.75,6.0,8.5,290.0,145.0,-145.0,0,0,0,0,0,7,7,2,1.5,10.0,135.5,FAIL,PTO_NOMINAL_LT_13;PTO_RESIDUAL_LT_8
S2-REF-T6-BP0.25-OP1.50,STAGE_2_INNER_SUPPORT_AND_FASTENERS,REFINED_0.25_MM,0.25,0.0,METAL_PLATE_6MM_CANDIDATE,6.0,0.0,1.5,REVERSED_AWAY_FROM_BELT,STANDARD_REVERSED,12.75,7.75,15.5,10.5,11.25,19.75,6.0,8.5,290.0,145.0,-145.0,0,0,0,0,0,7,7,2,1.75,10.0,139.75,FAIL,PTO_NOMINAL_LT_13;PTO_RESIDUAL_LT_8
S2-REF-T6-BP0.25-OP1.75,STAGE_2_INNER_SUPPORT_AND_FASTENERS,REFINED_0.25_MM,0.25,0.0,METAL_PLATE_6MM_CANDIDATE,6.0,0.0,1.75,REVERSED_AWAY_FROM_BELT,STANDARD_REVERSED,12.75,7.75,15.5,10.5,11.25,19.75,6.0,8.5,290.0,145.0,-145.0,0,0,0,0,0,7,7,2,2.0,10.0,139.0,FAIL,PTO_NOMINAL_LT_13;PTO_RESIDUAL_LT_8
S2-REF-T6-BP0.25-OP2.00,STAGE_2_INNER_SUPPORT_AND_FASTENERS,REFINED_0.25_MM,0.25,0.0,METAL_PLATE_6MM_CANDIDATE,6.0,0.0,2.0,REVERSED_AWAY_FROM_BELT,STANDARD_REVERSED,12.75,7.75,15.5,10.5,11.25,19.75,6.0,8.5,290.0,145.0,-145.0,0,0,0,0,0,7,7,2,2.25,10.0,138.25,FAIL,PTO_NOMINAL_LT_13;PTO_RESIDUAL_LT_8
S2-REF-T6-BP0.25-OP2.25,STAGE_2_INNER_SUPPORT_AND_FASTENERS,REFINED_0.25_MM,0.25,0.0,METAL_PLATE_6MM_CANDIDATE,6.0,0.0,2.25,REVERSED_AWAY_FROM_BELT,STANDARD_REVERSED,12.75,7.75,15.5,10.5,11.25,19.75,6.0,8.5,290.0,145.0,-145.0,0,0,0,0,0,7,7,2,2.5,10.0,137.5,FAIL,PTO_NOMINAL_LT_13;PTO_RESIDUAL_LT_8
S2-REF-T6-BP0.25-OP2.50,STAGE_2_INNER_SUPPORT_AND_FASTENERS,REFINED_0.25_MM,0.25,0.0,METAL_PLATE_6MM_CANDIDATE,6.0,0.0,2.5,REVERSED_AWAY_FROM_BELT,STANDARD_REVERSED,12.75,7.75,15.5,10.5,11.25,19.75,6.0,8.5,290.0,145.0,-145.0,0,0,0,0,0,7,7,2,2.75,10.0,136.75,FAIL,PTO_NOMINAL_LT_13;PTO_RESIDUAL_LT_8
S2-REF-T6-BP0.25-OP2.75,STAGE_2_INNER_SUPPORT_AND_FASTENERS,REFINED_0.25_MM,0.25,0.0,METAL_PLATE_6MM_CANDIDATE,6.0,0.0,2.75,REVERSED_AWAY_FROM_BELT,STANDARD_REVERSED,12.75,7.75,15.5,10.5,11.25,19.75,6.0,8.5,290.0,145.0,-145.0,0,0,0,0,0,7,7,2,3.0,10.0,136.0,FAIL,PTO_NOMINAL_LT_13;PTO_RESIDUAL_LT_8
S2-REF-T6-BP0.25-OP3.00,STAGE_2_INNER_SUPPORT_AND_FASTENERS,REFINED_0.25_MM,0.25,0.0,METAL_PLATE_6MM_CANDIDATE,6.0,0.0,3.0,REVERSED_AWAY_FROM_BELT,STANDARD_REVERSED,12.75,7.75,15.5,10.5,11.25,19.75,6.0,8.5,290.0,145.0,-145.0,0,0,0,0,0,7,7,2,3.25,10.0,135.25,FAIL,PTO_NOMINAL_LT_13;PTO_RESIDUAL_LT_8
S2-REF-T6-BP0.25-OP3.25,STAGE_2_INNER_SUPPORT_AND_FASTENERS,REFINED_0.25_MM,0.25,0.0,METAL_PLATE_6MM_CANDIDATE,6.0,0.0,3.25,REVERSED_AWAY_FROM_BELT,STANDARD_REVERSED,12.75,7.75,15.5,10.5,11.25,19.75,6.0,8.5,290.0,145.0,-145.0,0,0,0,0,0,7,7,2,3.5,10.0,134.5,FAIL,PTO_NOMINAL_LT_13;PTO_RESIDUAL_LT_8
S2-REF-T6-BP0.25-OP3.50,STAGE_2_INNER_SUPPORT_AND_FASTENERS,REFINED_0.25_MM,0.25,0.0,METAL_PLATE_6MM_CANDIDATE,6.0,0.0,3.5,REVERSED_AWAY_FROM_BELT,STANDARD_REVERSED,12.75,7.75,15.5,10.5,11.25,19.75,6.0,8.5,290.0,145.0,-145.0,0,0,0,0,0,7,7,2,3.75,10.0,133.75,FAIL,PTO_NOMINAL_LT_13;PTO_RESIDUAL_LT_8
S2-REF-T6-BP0.25-OP3.75,STAGE_2_INNER_SUPPORT_AND_FASTENERS,REFINED_0.25_MM,0.25,0.0,METAL_PLATE_6MM_CANDIDATE,6.0,0.0,3.75,REVERSED_AWAY_FROM_BELT,STANDARD_REVERSED,12.75,7.75,15.5,10.5,11.25,19.75,6.0,8.5,290.0,145.0,-145.0,0,0,0,0,0,7,7,2,4.0,10.0,133.0,FAIL,PTO_NOMINAL_LT_13;PTO_RESIDUAL_LT_8
S2-REF-T6-BP0.25-OP4.00,STAGE_2_INNER_SUPPORT_AND_FASTENERS,REFINED_0.25_MM,0.25,0.0,METAL_PLATE_6MM_CANDIDATE,6.0,0.0,4.0,REVERSED_AWAY_FROM_BELT,STANDARD_REVERSED,12.75,7.75,15.5,10.5,11.25,19.75,6.0,8.5,290.0,145.0,-145.0,0,0,0,0,0,7,7,2,4.25,10.0,132.25,FAIL,PTO_NOMINAL_LT_13;PTO_RESIDUAL_LT_8
S2-REF-T6-BP0.25-OP4.25,STAGE_2_INNER_SUPPORT_AND_FASTENERS,REFINED_0.25_MM,0.25,0.0,METAL_PLATE_6MM_CANDIDATE,6.0,0.0,4.25,REVERSED_AWAY_FROM_BELT,STANDARD_REVERSED,12.75,7.75,15.5,10.5,11.25,19.75,6.0,8.5,290.0,145.0,-145.0,0,0,0,0,0,7,7,2,4.5,10.0,131.5,FAIL,PTO_NOMINAL_LT_13;PTO_RESIDUAL_LT_8
S2-REF-T6-BP0.25-OP4.50,STAGE_2_INNER_SUPPORT_AND_FASTENERS,REFINED_0.25_MM,0.25,0.0,METAL_PLATE_6MM_CANDIDATE,6.0,0.0,4.5,REVERSED_AWAY_FROM_BELT,STANDARD_REVERSED,12.75,7.75,15.5,10.5,11.25,19.75,6.0,8.5,290.0,145.0,-145.0,0,0,0,0,0,7,7,2,4.75,10.0,130.75,FAIL,PTO_NOMINAL_LT_13;PTO_RESIDUAL_LT_8
S2-REF-T6-BP0.25-OP4.75,STAGE_2_INNER_SUPPORT_AND_FASTENERS,REFINED_0.25_MM,0.25,0.0,METAL_PLATE_6MM_CANDIDATE,6.0,0.0,4.75,REVERSED_AWAY_FROM_BELT,STANDARD_REVERSED,12.75,7.75,15.5,10.5,11.25,19.75,6.0,8.5,290.0,145.0,-145.0,0,0,0,0,0,7,7,2,5.0,10.0,130.0,FAIL,PTO_NOMINAL_LT_13;PTO_RESIDUAL_LT_8
S2-REF-T6-BP0.25-OP5.00,STAGE_2_INNER_SUPPORT_AND_FASTENERS,REFINED_0.25_MM,0.25,0.0,METAL_PLATE_6MM_CANDIDATE,6.0,0.0,5.0,REVERSED_AWAY_FROM_BELT,STANDARD_REVERSED,12.75,7.75,15.5,10.5,11.25,19.75,6.0,8.5,290.0,145.0,-145.0,0,0,0,0,0,7,7,2,5.25,10.0,129.25,FAIL,PTO_NOMINAL_LT_13;PTO_RESIDUAL_LT_8
S2-REF-T6-BP0.25-OP5.25,STAGE_2_INNER_SUPPORT_AND_FASTENERS,REFINED_0.25_MM,0.25,0.0,METAL_PLATE_6MM_CANDIDATE,6.0,0.0,5.25,REVERSED_AWAY_FROM_BELT,STANDARD_REVERSED,12.75,7.75,15.5,10.5,11.25,19.75,6.0,8.5,290.0,145.0,-145.0,0,0,0,0,0,7,7,2,5.5,10.0,128.5,FAIL,PTO_NOMINAL_LT_13;PTO_RESIDUAL_LT_8
S2-REF-T6-BP0.25-OP5.50,STAGE_2_INNER_SUPPORT_AND_FASTENERS,REFINED_0.25_MM,0.25,0.0,METAL_PLATE_6MM_CANDIDATE,6.0,0.0,5.5,REVERSED_AWAY_FROM_BELT,STANDARD_REVERSED,12.75,7.75,15.5,10.5,11.25,19.75,6.0,8.5,290.0,145.0,-145.0,0,0,0,0,0,7,7,2,5.75,10.0,127.75,FAIL,PTO_NOMINAL_LT_13;PTO_RESIDUAL_LT_8
S2-REF-T6-BP0.25-OP5.75,STAGE_2_INNER_SUPPORT_AND_FASTENERS,REFINED_0.25_MM,0.25,0.0,METAL_PLATE_6MM_CANDIDATE,6.0,0.0,5.75,REVERSED_AWAY_FROM_BELT,STANDARD_REVERSED,12.75,7.75,15.5,10.5,11.25,19.75,6.0,8.5,290.0,145.0,-145.0,0,0,0,0,0,7,7,2,6.0,10.0,127.0,FAIL,PTO_NOMINAL_LT_13;PTO_RESIDUAL_LT_8
S2-REF-T6-BP0.25-OP6.00,STAGE_2_INNER_SUPPORT_AND_FASTENERS,REFINED_0.25_MM,0.25,0.0,METAL_PLATE_6MM_CANDIDATE,6.0,0.0,6.0,REVERSED_AWAY_FROM_BELT,STANDARD_REVERSED,12.75,7.75,15.5,10.5,11.25,19.75,6.0,8.5,290.0,145.0,-145.0,0,0,0,0,0,7,7,2,6.25,10.0,126.25,FAIL,PTO_NOMINAL_LT_13;PTO_RESIDUAL_LT_8
S2-REF-T6-BP0.25-OP6.25,STAGE_2_INNER_SUPPORT_AND_FASTENERS,REFINED_0.25_MM,0.25,0.0,METAL_PLATE_6MM_CANDIDATE,6.0,0.0,6.25,REVERSED_AWAY_FROM_BELT,STANDARD_REVERSED,12.75,7.75,15.5,10.5,11.25,19.75,6.0,8.5,290.0,145.0,-145.0,0,0,0,0,0,7,7,2,6.5,10.0,125.5,FAIL,PTO_NOMINAL_LT_13;PTO_RESIDUAL_LT_8
S2-REF-T6-BP0.25-OP6.50,STAGE_2_INNER_SUPPORT_AND_FASTENERS,REFINED_0.25_MM,0.25,0.0,METAL_PLATE_6MM_CANDIDATE,6.0,0.0,6.5,REVERSED_AWAY_FROM_BELT,STANDARD_REVERSED,12.75,7.75,15.5,10.5,11.25,19.75,6.0,8.5,290.0,145.0,-145.0,0,0,0,0,0,7,7,2,6.75,10.0,124.75,FAIL,PTO_NOMINAL_LT_13;PTO_RESIDUAL_LT_8
S2-REF-T6-BP0.25-OP6.75,STAGE_2_INNER_SUPPORT_AND_FASTENERS,REFINED_0.25_MM,0.25,0.0,METAL_PLATE_6MM_CANDIDATE,6.0,0.0,6.75,REVERSED_AWAY_FROM_BELT,STANDARD_REVERSED,12.75,7.75,15.5,10.5,11.25,19.75,6.0,8.5,290.0,145.0,-145.0,0,0,0,0,0,7,7,2,7.0,10.0,124.0,FAIL,PTO_NOMINAL_LT_13;PTO_RESIDUAL_LT_8
S2-REF-T6-BP0.25-OP7.00,STAGE_2_INNER_SUPPORT_AND_FASTENERS,REFINED_0.25_MM,0.25,0.0,METAL_PLATE_6MM_CANDIDATE,6.0,0.0,7.0,REVERSED_AWAY_FROM_BELT,STANDARD_REVERSED,12.75,7.75,15.5,10.5,11.25,19.75,6.0,8.5,290.0,145.0,-145.0,0,0,0,0,0,7,7,2,7.25,10.0,123.25,FAIL,PTO_NOMINAL_LT_13;PTO_RESIDUAL_LT_8
S2-REF-T6-BP0.50-OP1.00,STAGE_2_INNER_SUPPORT_AND_FASTENERS,REFINED_0.25_MM,0.5,0.0,METAL_PLATE_6MM_CANDIDATE,6.0,0.0,1.0,REVERSED_AWAY_FROM_BELT,STANDARD_REVERSED,12.0,7.0,15.5,10.5,11.5,20.0,6.0,8.5,290.0,145.0,-145.0,0,0,0,0,0,7,7,2,1.5,10.0,125.5,FAIL,PTO_NOMINAL_LT_13;PTO_RESIDUAL_LT_8
S2-REF-T6-BP0.50-OP1.25,STAGE_2_INNER_SUPPORT_AND_FASTENERS,REFINED_0.25_MM,0.5,0.0,METAL_PLATE_6MM_CANDIDATE,6.0,0.0,1.25,REVERSED_AWAY_FROM_BELT,STANDARD_REVERSED,12.25,7.25,15.5,10.5,11.5,20.0,6.0,8.5,290.0,145.0,-145.0,0,0,0,0,0,7,7,2,1.75,10.0,129.75,FAIL,PTO_NOMINAL_LT_13;PTO_RESIDUAL_LT_8
S2-REF-T6-BP0.50-OP1.50,STAGE_2_INNER_SUPPORT_AND_FASTENERS,REFINED_0.25_MM,0.5,0.0,METAL_PLATE_6MM_CANDIDATE,6.0,0.0,1.5,REVERSED_AWAY_FROM_BELT,STANDARD_REVERSED,12.5,7.5,15.5,10.5,11.5,20.0,6.0,8.5,290.0,145.0,-145.0,0,0,0,0,0,7,7,2,2.0,10.0,134.0,FAIL,PTO_NOMINAL_LT_13;PTO_RESIDUAL_LT_8
S2-REF-T6-BP0.50-OP1.75,STAGE_2_INNER_SUPPORT_AND_FASTENERS,REFINED_0.25_MM,0.5,0.0,METAL_PLATE_6MM_CANDIDATE,6.0,0.0,1.75,REVERSED_AWAY_FROM_BELT,STANDARD_REVERSED,12.75,7.75,15.5,10.5,11.5,20.0,6.0,8.5,290.0,145.0,-145.0,0,0,0,0,0,7,7,2,2.25,10.0,138.25,FAIL,PTO_NOMINAL_LT_13;PTO_RESIDUAL_LT_8
S2-REF-T6-BP0.50-OP2.00,STAGE_2_INNER_SUPPORT_AND_FASTENERS,REFINED_0.25_MM,0.5,0.0,METAL_PLATE_6MM_CANDIDATE,6.0,0.0,2.0,REVERSED_AWAY_FROM_BELT,STANDARD_REVERSED,13.0,8.0,15.5,10.5,11.5,20.0,6.0,8.5,290.0,145.0,-145.0,0,0,0,0,0,7,7,2,2.5,10.0,1142.5,CONDITIONAL_PASS,
S2-REF-T6-BP0.50-OP2.25,STAGE_2_INNER_SUPPORT_AND_FASTENERS,REFINED_0.25_MM,0.5,0.0,METAL_PLATE_6MM_CANDIDATE,6.0,0.0,2.25,REVERSED_AWAY_FROM_BELT,STANDARD_REVERSED,13.0,8.0,15.5,10.5,11.5,20.0,6.0,8.5,290.0,145.0,-145.0,0,0,0,0,0,7,7,2,2.75,10.0,1141.75,CONDITIONAL_PASS,
S2-REF-T6-BP0.50-OP2.50,STAGE_2_INNER_SUPPORT_AND_FASTENERS,REFINED_0.25_MM,0.5,0.0,METAL_PLATE_6MM_CANDIDATE,6.0,0.0,2.5,REVERSED_AWAY_FROM_BELT,STANDARD_REVERSED,13.0,8.0,15.5,10.5,11.5,20.0,6.0,8.5,290.0,145.0,-145.0,0,0,0,0,0,7,7,2,3.0,10.0,1141.0,CONDITIONAL_PASS,
S2-REF-T6-BP0.50-OP2.75,STAGE_2_INNER_SUPPORT_AND_FASTENERS,REFINED_0.25_MM,0.5,0.0,METAL_PLATE_6MM_CANDIDATE,6.0,0.0,2.75,REVERSED_AWAY_FROM_BELT,STANDARD_REVERSED,13.0,8.0,15.5,10.5,11.5,20.0,6.0,8.5,290.0,145.0,-145.0,0,0,0,0,0,7,7,2,3.25,10.0,1140.25,CONDITIONAL_PASS,
S2-REF-T6-BP0.50-OP3.00,STAGE_2_INNER_SUPPORT_AND_FASTENERS,REFINED_0.25_MM,0.5,0.0,METAL_PLATE_6MM_CANDIDATE,6.0,0.0,3.0,REVERSED_AWAY_FROM_BELT,STANDARD_REVERSED,13.0,8.0,15.5,10.5,11.5,20.0,6.0,8.5,290.0,145.0,-145.0,0,0,0,0,0,7,7,2,3.5,10.0,1139.5,CONDITIONAL_PASS,
S2-REF-T6-BP0.50-OP3.25,STAGE_2_INNER_SUPPORT_AND_FASTENERS,REFINED_0.25_MM,0.5,0.0,METAL_PLATE_6MM_CANDIDATE,6.0,0.0,3.25,REVERSED_AWAY_FROM_BELT,STANDARD_REVERSED,13.0,8.0,15.5,10.5,11.5,20.0,6.0,8.5,290.0,145.0,-145.0,0,0,0,0,0,7,7,2,3.75,10.0,1138.75,CONDITIONAL_PASS,
S2-REF-T6-BP0.50-OP3.50,STAGE_2_INNER_SUPPORT_AND_FASTENERS,REFINED_0.25_MM,0.5,0.0,METAL_PLATE_6MM_CANDIDATE,6.0,0.0,3.5,REVERSED_AWAY_FROM_BELT,STANDARD_REVERSED,13.0,8.0,15.5,10.5,11.5,20.0,6.0,8.5,290.0,145.0,-145.0,0,0,0,0,0,7,7,2,4.0,10.0,1138.0,CONDITIONAL_PASS,
S2-REF-T6-BP0.50-OP3.75,STAGE_2_INNER_SUPPORT_AND_FASTENERS,REFINED_0.25_MM,0.5,0.0,METAL_PLATE_6MM_CANDIDATE,6.0,0.0,3.75,REVERSED_AWAY_FROM_BELT,STANDARD_REVERSED,13.0,8.0,15.5,10.5,11.5,20.0,6.0,8.5,290.0,145.0,-145.0,0,0,0,0,0,7,7,2,4.25,10.0,1137.25,CONDITIONAL_PASS,
S2-REF-T6-BP0.50-OP4.00,STAGE_2_INNER_SUPPORT_AND_FASTENERS,REFINED_0.25_MM,0.5,0.0,METAL_PLATE_6MM_CANDIDATE,6.0,0.0,4.0,REVERSED_AWAY_FROM_BELT,STANDARD_REVERSED,13.0,8.0,15.5,10.5,11.5,20.0,6.0,8.5,290.0,145.0,-145.0,0,0,0,0,0,7,7,2,4.5,10.0,1136.5,CONDITIONAL_PASS,
S2-REF-T6-BP0.50-OP4.25,STAGE_2_INNER_SUPPORT_AND_FASTENERS,REFINED_0.25_MM,0.5,0.0,METAL_PLATE_6MM_CANDIDATE,6.0,0.0,4.25,REVERSED_AWAY_FROM_BELT,STANDARD_REVERSED,13.0,8.0,15.5,10.5,11.5,20.0,6.0,8.5,290.0,145.0,-145.0,0,0,0,0,0,7,7,2,4.75,10.0,1135.75,CONDITIONAL_PASS,
S2-REF-T6-BP0.50-OP4.50,STAGE_2_INNER_SUPPORT_AND_FASTENERS,REFINED_0.25_MM,0.5,0.0,METAL_PLATE_6MM_CANDIDATE,6.0,0.0,4.5,REVERSED_AWAY_FROM_BELT,STANDARD_REVERSED,13.0,8.0,15.5,10.5,11.5,20.0,6.0,8.5,290.0,145.0,-145.0,0,0,0,0,0,7,7,2,5.0,10.0,1135.0,CONDITIONAL_PASS,
S2-REF-T6-BP0.50-OP4.75,STAGE_2_INNER_SUPPORT_AND_FASTENERS,REFINED_0.25_MM,0.5,0.0,METAL_PLATE_6MM_CANDIDATE,6.0,0.0,4.75,REVERSED_AWAY_FROM_BELT,STANDARD_REVERSED,13.0,8.0,15.5,10.5,11.5,20.0,6.0,8.5,290.0,145.0,-145.0,0,0,0,0,0,7,7,2,5.25,10.0,1134.25,CONDITIONAL_PASS,
S2-REF-T6-BP0.50-OP5.00,STAGE_2_INNER_SUPPORT_AND_FASTENERS,REFINED_0.25_MM,0.5,0.0,METAL_PLATE_6MM_CANDIDATE,6.0,0.0,5.0,REVERSED_AWAY_FROM_BELT,STANDARD_REVERSED,13.0,8.0,15.5,10.5,11.5,20.0,6.0,8.5,290.0,145.0,-145.0,0,0,0,0,0,7,7,2,5.5,10.0,1133.5,CONDITIONAL_PASS,
S2-REF-T6-BP0.50-OP5.25,STAGE_2_INNER_SUPPORT_AND_FASTENERS,REFINED_0.25_MM,0.5,0.0,METAL_PLATE_6MM_CANDIDATE,6.0,0.0,5.25,REVERSED_AWAY_FROM_BELT,STANDARD_REVERSED,13.0,8.0,15.5,10.5,11.5,20.0,6.0,8.5,290.0,145.0,-145.0,0,0,0,0,0,7,7,2,5.75,10.0,1132.75,CONDITIONAL_PASS,
S2-REF-T6-BP0.50-OP5.50,STAGE_2_INNER_SUPPORT_AND_FASTENERS,REFINED_0.25_MM,0.5,0.0,METAL_PLATE_6MM_CANDIDATE,6.0,0.0,5.5,REVERSED_AWAY_FROM_BELT,STANDARD_REVERSED,13.0,8.0,15.5,10.5,11.5,20.0,6.0,8.5,290.0,145.0,-145.0,0,0,0,0,0,7,7,2,6.0,10.0,1132.0,CONDITIONAL_PASS,
S2-REF-T6-BP0.50-OP5.75,STAGE_2_INNER_SUPPORT_AND_FASTENERS,REFINED_0.25_MM,0.5,0.0,METAL_PLATE_6MM_CANDIDATE,6.0,0.0,5.75,REVERSED_AWAY_FROM_BELT,STANDARD_REVERSED,13.0,8.0,15.5,10.5,11.5,20.0,6.0,8.5,290.0,145.0,-145.0,0,0,0,0,0,7,7,2,6.25,10.0,1131.25,CONDITIONAL_PASS,
S2-REF-T6-BP0.50-OP6.00,STAGE_2_INNER_SUPPORT_AND_FASTENERS,REFINED_0.25_MM,0.5,0.0,METAL_PLATE_6MM_CANDIDATE,6.0,0.0,6.0,REVERSED_AWAY_FROM_BELT,STANDARD_REVERSED,13.0,8.0,15.5,10.5,11.5,20.0,6.0,8.5,290.0,145.0,-145.0,0,0,0,0,0,7,7,2,6.5,10.0,1130.5,CONDITIONAL_PASS,
S2-REF-T6-BP0.50-OP6.25,STAGE_2_INNER_SUPPORT_AND_FASTENERS,REFINED_0.25_MM,0.5,0.0,METAL_PLATE_6MM_CANDIDATE,6.0,0.0,6.25,REVERSED_AWAY_FROM_BELT,STANDARD_REVERSED,13.0,8.0,15.5,10.5,11.5,20.0,6.0,8.5,290.0,145.0,-145.0,0,0,0,0,0,7,7,2,6.75,10.0,1129.75,CONDITIONAL_PASS,
S2-REF-T6-BP0.50-OP6.50,STAGE_2_INNER_SUPPORT_AND_FASTENERS,REFINED_0.25_MM,0.5,0.0,METAL_PLATE_6MM_CANDIDATE,6.0,0.0,6.5,REVERSED_AWAY_FROM_BELT,STANDARD_REVERSED,13.0,8.0,15.5,10.5,11.5,20.0,6.0,8.5,290.0,145.0,-145.0,0,0,0,0,0,7,7,2,7.0,10.0,1129.0,CONDITIONAL_PASS,
S2-REF-T6-BP0.50-OP6.75,STAGE_2_INNER_SUPPORT_AND_FASTENERS,REFINED_0.25_MM,0.5,0.0,METAL_PLATE_6MM_CANDIDATE,6.0,0.0,6.75,REVERSED_AWAY_FROM_BELT,STANDARD_REVERSED,13.0,8.0,15.5,10.5,11.5,20.0,6.0,8.5,290.0,145.0,-145.0,0,0,0,0,0,7,7,2,7.25,10.0,1128.25,CONDITIONAL_PASS,
S2-REF-T6-BP0.50-OP7.00,STAGE_2_INNER_SUPPORT_AND_FASTENERS,REFINED_0.25_MM,0.5,0.0,METAL_PLATE_6MM_CANDIDATE,6.0,0.0,7.0,REVERSED_AWAY_FROM_BELT,STANDARD_REVERSED,13.0,8.0,15.5,10.5,11.5,20.0,6.0,8.5,290.0,145.0,-145.0,0,0,0,0,0,7,7,2,7.5,10.0,1127.5,CONDITIONAL_PASS,
S2-REF-T6-BP0.75-OP1.00,STAGE_2_INNER_SUPPORT_AND_FASTENERS,REFINED_0.25_MM,0.75,0.0,METAL_PLATE_6MM_CANDIDATE,6.0,0.0,1.0,REVERSED_AWAY_FROM_BELT,STANDARD_REVERSED,11.75,6.75,15.5,10.5,11.75,20.25,6.0,8.5,290.0,145.0,-145.0,0,0,0,0,0,7,7,2,1.75,10.0,119.75,FAIL,PTO_NOMINAL_LT_13;PTO_RESIDUAL_LT_8
S2-REF-T6-BP0.75-OP1.25,STAGE_2_INNER_SUPPORT_AND_FASTENERS,REFINED_0.25_MM,0.75,0.0,METAL_PLATE_6MM_CANDIDATE,6.0,0.0,1.25,REVERSED_AWAY_FROM_BELT,STANDARD_REVERSED,12.0,7.0,15.5,10.5,11.75,20.25,6.0,8.5,290.0,145.0,-145.0,0,0,0,0,0,7,7,2,2.0,10.0,124.0,FAIL,PTO_NOMINAL_LT_13;PTO_RESIDUAL_LT_8
S2-REF-T6-BP0.75-OP1.50,STAGE_2_INNER_SUPPORT_AND_FASTENERS,REFINED_0.25_MM,0.75,0.0,METAL_PLATE_6MM_CANDIDATE,6.0,0.0,1.5,REVERSED_AWAY_FROM_BELT,STANDARD_REVERSED,12.25,7.25,15.5,10.5,11.75,20.25,6.0,8.5,290.0,145.0,-145.0,0,0,0,0,0,7,7,2,2.25,10.0,128.25,FAIL,PTO_NOMINAL_LT_13;PTO_RESIDUAL_LT_8
S2-REF-T6-BP0.75-OP1.75,STAGE_2_INNER_SUPPORT_AND_FASTENERS,REFINED_0.25_MM,0.75,0.0,METAL_PLATE_6MM_CANDIDATE,6.0,0.0,1.75,REVERSED_AWAY_FROM_BELT,STANDARD_REVERSED,12.5,7.5,15.5,10.5,11.75,20.25,6.0,8.5,290.0,145.0,-145.0,0,0,0,0,0,7,7,2,2.5,10.0,132.5,FAIL,PTO_NOMINAL_LT_13;PTO_RESIDUAL_LT_8
S2-REF-T6-BP0.75-OP2.00,STAGE_2_INNER_SUPPORT_AND_FASTENERS,REFINED_0.25_MM,0.75,0.0,METAL_PLATE_6MM_CANDIDATE,6.0,0.0,2.0,REVERSED_AWAY_FROM_BELT,STANDARD_REVERSED,12.75,7.75,15.5,10.5,11.75,20.25,6.0,8.5,290.0,145.0,-145.0,0,0,0,0,0,7,7,2,2.75,10.0,136.75,FAIL,PTO_NOMINAL_LT_13;PTO_RESIDUAL_LT_8
S2-REF-T6-BP0.75-OP2.25,STAGE_2_INNER_SUPPORT_AND_FASTENERS,REFINED_0.25_MM,0.75,0.0,METAL_PLATE_6MM_CANDIDATE,6.0,0.0,2.25,REVERSED_AWAY_FROM_BELT,STANDARD_REVERSED,13.0,8.0,15.5,10.5,11.75,20.25,6.0,8.5,290.0,145.0,-145.0,0,0,0,0,0,7,7,2,3.0,10.0,1141.0,CONDITIONAL_PASS,
S2-REF-T6-BP0.75-OP2.50,STAGE_2_INNER_SUPPORT_AND_FASTENERS,REFINED_0.25_MM,0.75,0.0,METAL_PLATE_6MM_CANDIDATE,6.0,0.0,2.5,REVERSED_AWAY_FROM_BELT,STANDARD_REVERSED,13.25,8.25,15.5,10.5,11.75,20.25,6.0,8.5,290.0,145.0,-145.0,0,0,0,0,0,7,7,2,3.25,10.0,1145.25,CONDITIONAL_PASS,
S2-REF-T6-BP0.75-OP2.75,STAGE_2_INNER_SUPPORT_AND_FASTENERS,REFINED_0.25_MM,0.75,0.0,METAL_PLATE_6MM_CANDIDATE,6.0,0.0,2.75,REVERSED_AWAY_FROM_BELT,STANDARD_REVERSED,13.25,8.25,15.5,10.5,11.75,20.25,6.0,8.5,290.0,145.0,-145.0,0,0,0,0,0,7,7,2,3.5,10.0,1144.5,CONDITIONAL_PASS,
S2-REF-T6-BP0.75-OP3.00,STAGE_2_INNER_SUPPORT_AND_FASTENERS,REFINED_0.25_MM,0.75,0.0,METAL_PLATE_6MM_CANDIDATE,6.0,0.0,3.0,REVERSED_AWAY_FROM_BELT,STANDARD_REVERSED,13.25,8.25,15.5,10.5,11.75,20.25,6.0,8.5,290.0,145.0,-145.0,0,0,0,0,0,7,7,2,3.75,10.0,1143.75,CONDITIONAL_PASS,
S2-REF-T6-BP0.75-OP3.25,STAGE_2_INNER_SUPPORT_AND_FASTENERS,REFINED_0.25_MM,0.75,0.0,METAL_PLATE_6MM_CANDIDATE,6.0,0.0,3.25,REVERSED_AWAY_FROM_BELT,STANDARD_REVERSED,13.25,8.25,15.5,10.5,11.75,20.25,6.0,8.5,290.0,145.0,-145.0,0,0,0,0,0,7,7,2,4.0,10.0,1143.0,CONDITIONAL_PASS,
S2-REF-T6-BP0.75-OP3.50,STAGE_2_INNER_SUPPORT_AND_FASTENERS,REFINED_0.25_MM,0.75,0.0,METAL_PLATE_6MM_CANDIDATE,6.0,0.0,3.5,REVERSED_AWAY_FROM_BELT,STANDARD_REVERSED,13.25,8.25,15.5,10.5,11.75,20.25,6.0,8.5,290.0,145.0,-145.0,0,0,0,0,0,7,7,2,4.25,10.0,1142.25,CONDITIONAL_PASS,
S2-REF-T6-BP0.75-OP3.75,STAGE_2_INNER_SUPPORT_AND_FASTENERS,REFINED_0.25_MM,0.75,0.0,METAL_PLATE_6MM_CANDIDATE,6.0,0.0,3.75,REVERSED_AWAY_FROM_BELT,STANDARD_REVERSED,13.25,8.25,15.5,10.5,11.75,20.25,6.0,8.5,290.0,145.0,-145.0,0,0,0,0,0,7,7,2,4.5,10.0,1141.5,CONDITIONAL_PASS,
S2-REF-T6-BP0.75-OP4.00,STAGE_2_INNER_SUPPORT_AND_FASTENERS,REFINED_0.25_MM,0.75,0.0,METAL_PLATE_6MM_CANDIDATE,6.0,0.0,4.0,REVERSED_AWAY_FROM_BELT,STANDARD_REVERSED,13.25,8.25,15.5,10.5,11.75,20.25,6.0,8.5,290.0,145.0,-145.0,0,0,0,0,0,7,7,2,4.75,10.0,1140.75,CONDITIONAL_PASS,
S2-REF-T6-BP0.75-OP4.25,STAGE_2_INNER_SUPPORT_AND_FASTENERS,REFINED_0.25_MM,0.75,0.0,METAL_PLATE_6MM_CANDIDATE,6.0,0.0,4.25,REVERSED_AWAY_FROM_BELT,STANDARD_REVERSED,13.25,8.25,15.5,10.5,11.75,20.25,6.0,8.5,290.0,145.0,-145.0,0,0,0,0,0,7,7,2,5.0,10.0,1140.0,CONDITIONAL_PASS,
S2-REF-T6-BP0.75-OP4.50,STAGE_2_INNER_SUPPORT_AND_FASTENERS,REFINED_0.25_MM,0.75,0.0,METAL_PLATE_6MM_CANDIDATE,6.0,0.0,4.5,REVERSED_AWAY_FROM_BELT,STANDARD_REVERSED,13.25,8.25,15.5,10.5,11.75,20.25,6.0,8.5,290.0,145.0,-145.0,0,0,0,0,0,7,7,2,5.25,10.0,1139.25,CONDITIONAL_PASS,
S2-REF-T6-BP0.75-OP4.75,STAGE_2_INNER_SUPPORT_AND_FASTENERS,REFINED_0.25_MM,0.75,0.0,METAL_PLATE_6MM_CANDIDATE,6.0,0.0,4.75,REVERSED_AWAY_FROM_BELT,STANDARD_REVERSED,13.25,8.25,15.5,10.5,11.75,20.25,6.0,8.5,290.0,145.0,-145.0,0,0,0,0,0,7,7,2,5.5,10.0,1138.5,CONDITIONAL_PASS,
S2-REF-T6-BP0.75-OP5.00,STAGE_2_INNER_SUPPORT_AND_FASTENERS,REFINED_0.25_MM,0.75,0.0,METAL_PLATE_6MM_CANDIDATE,6.0,0.0,5.0,REVERSED_AWAY_FROM_BELT,STANDARD_REVERSED,13.25,8.25,15.5,10.5,11.75,20.25,6.0,8.5,290.0,145.0,-145.0,0,0,0,0,0,7,7,2,5.75,10.0,1137.75,CONDITIONAL_PASS,
S2-REF-T6-BP0.75-OP5.25,STAGE_2_INNER_SUPPORT_AND_FASTENERS,REFINED_0.25_MM,0.75,0.0,METAL_PLATE_6MM_CANDIDATE,6.0,0.0,5.25,REVERSED_AWAY_FROM_BELT,STANDARD_REVERSED,13.25,8.25,15.5,10.5,11.75,20.25,6.0,8.5,290.0,145.0,-145.0,0,0,0,0,0,7,7,2,6.0,10.0,1137.0,CONDITIONAL_PASS,
S2-REF-T6-BP0.75-OP5.50,STAGE_2_INNER_SUPPORT_AND_FASTENERS,REFINED_0.25_MM,0.75,0.0,METAL_PLATE_6MM_CANDIDATE,6.0,0.0,5.5,REVERSED_AWAY_FROM_BELT,STANDARD_REVERSED,13.25,8.25,15.5,10.5,11.75,20.25,6.0,8.5,290.0,145.0,-145.0,0,0,0,0,0,7,7,2,6.25,10.0,1136.25,CONDITIONAL_PASS,
S2-REF-T6-BP0.75-OP5.75,STAGE_2_INNER_SUPPORT_AND_FASTENERS,REFINED_0.25_MM,0.75,0.0,METAL_PLATE_6MM_CANDIDATE,6.0,0.0,5.75,REVERSED_AWAY_FROM_BELT,STANDARD_REVERSED,13.25,8.25,15.5,10.5,11.75,20.25,6.0,8.5,290.0,145.0,-145.0,0,0,0,0,0,7,7,2,6.5,10.0,1135.5,CONDITIONAL_PASS,
S2-REF-T6-BP0.75-OP6.00,STAGE_2_INNER_SUPPORT_AND_FASTENERS,REFINED_0.25_MM,0.75,0.0,METAL_PLATE_6MM_CANDIDATE,6.0,0.0,6.0,REVERSED_AWAY_FROM_BELT,STANDARD_REVERSED,13.25,8.25,15.5,10.5,11.75,20.25,6.0,8.5,290.0,145.0,-145.0,0,0,0,0,0,7,7,2,6.75,10.0,1134.75,CONDITIONAL_PASS,
S2-REF-T6-BP0.75-OP6.25,STAGE_2_INNER_SUPPORT_AND_FASTENERS,REFINED_0.25_MM,0.75,0.0,METAL_PLATE_6MM_CANDIDATE,6.0,0.0,6.25,REVERSED_AWAY_FROM_BELT,STANDARD_REVERSED,13.25,8.25,15.5,10.5,11.75,20.25,6.0,8.5,290.0,145.0,-145.0,0,0,0,0,0,7,7,2,7.0,10.0,1134.0,CONDITIONAL_PASS,
S2-REF-T6-BP0.75-OP6.50,STAGE_2_INNER_SUPPORT_AND_FASTENERS,REFINED_0.25_MM,0.75,0.0,METAL_PLATE_6MM_CANDIDATE,6.0,0.0,6.5,REVERSED_AWAY_FROM_BELT,STANDARD_REVERSED,13.25,8.25,15.5,10.5,11.75,20.25,6.0,8.5,290.0,145.0,-145.0,0,0,0,0,0,7,7,2,7.25,10.0,1133.25,CONDITIONAL_PASS,
S2-REF-T6-BP0.75-OP6.75,STAGE_2_INNER_SUPPORT_AND_FASTENERS,REFINED_0.25_MM,0.75,0.0,METAL_PLATE_6MM_CANDIDATE,6.0,0.0,6.75,REVERSED_AWAY_FROM_BELT,STANDARD_REVERSED,13.25,8.25,15.5,10.5,11.75,20.25,6.0,8.5,290.0,145.0,-145.0,0,0,0,0,0,7,7,2,7.5,10.0,1132.5,CONDITIONAL_PASS,
S2-REF-T6-BP0.75-OP7.00,STAGE_2_INNER_SUPPORT_AND_FASTENERS,REFINED_0.25_MM,0.75,0.0,METAL_PLATE_6MM_CANDIDATE,6.0,0.0,7.0,REVERSED_AWAY_FROM_BELT,STANDARD_REVERSED,13.25,8.25,15.5,10.5,11.75,20.25,6.0,8.5,290.0,145.0,-145.0,0,0,0,0,0,7,7,2,7.75,10.0,1131.75,CONDITIONAL_PASS,
S2-REF-T6-BP1.00-OP1.00,STAGE_2_INNER_SUPPORT_AND_FASTENERS,REFINED_0.25_MM,1.0,0.0,METAL_PLATE_6MM_CANDIDATE,6.0,0.0,1.0,REVERSED_AWAY_FROM_BELT,STANDARD_REVERSED,11.5,6.5,15.5,10.5,12.0,20.5,6.0,8.5,290.0,145.0,-145.0,0,0,0,0,0,7,7,2,2.0,10.0,114.0,FAIL,PTO_NOMINAL_LT_13;PTO_RESIDUAL_LT_8
S2-REF-T6-BP1.00-OP1.25,STAGE_2_INNER_SUPPORT_AND_FASTENERS,REFINED_0.25_MM,1.0,0.0,METAL_PLATE_6MM_CANDIDATE,6.0,0.0,1.25,REVERSED_AWAY_FROM_BELT,STANDARD_REVERSED,11.75,6.75,15.5,10.5,12.0,20.5,6.0,8.5,290.0,145.0,-145.0,0,0,0,0,0,7,7,2,2.25,10.0,118.25,FAIL,PTO_NOMINAL_LT_13;PTO_RESIDUAL_LT_8
S2-REF-T6-BP1.00-OP1.50,STAGE_2_INNER_SUPPORT_AND_FASTENERS,REFINED_0.25_MM,1.0,0.0,METAL_PLATE_6MM_CANDIDATE,6.0,0.0,1.5,REVERSED_AWAY_FROM_BELT,STANDARD_REVERSED,12.0,7.0,15.5,10.5,12.0,20.5,6.0,8.5,290.0,145.0,-145.0,0,0,0,0,0,7,7,2,2.5,10.0,122.5,FAIL,PTO_NOMINAL_LT_13;PTO_RESIDUAL_LT_8
S2-REF-T6-BP1.00-OP1.75,STAGE_2_INNER_SUPPORT_AND_FASTENERS,REFINED_0.25_MM,1.0,0.0,METAL_PLATE_6MM_CANDIDATE,6.0,0.0,1.75,REVERSED_AWAY_FROM_BELT,STANDARD_REVERSED,12.25,7.25,15.5,10.5,12.0,20.5,6.0,8.5,290.0,145.0,-145.0,0,0,0,0,0,7,7,2,2.75,10.0,126.75,FAIL,PTO_NOMINAL_LT_13;PTO_RESIDUAL_LT_8
S2-REF-T6-BP1.00-OP2.00,STAGE_2_INNER_SUPPORT_AND_FASTENERS,REFINED_0.25_MM,1.0,0.0,METAL_PLATE_6MM_CANDIDATE,6.0,0.0,2.0,REVERSED_AWAY_FROM_BELT,STANDARD_REVERSED,12.5,7.5,15.5,10.5,12.0,20.5,6.0,8.5,290.0,145.0,-145.0,0,0,0,0,0,7,7,2,3.0,10.0,131.0,FAIL,PTO_NOMINAL_LT_13;PTO_RESIDUAL_LT_8
S2-REF-T6-BP1.00-OP2.25,STAGE_2_INNER_SUPPORT_AND_FASTENERS,REFINED_0.25_MM,1.0,0.0,METAL_PLATE_6MM_CANDIDATE,6.0,0.0,2.25,REVERSED_AWAY_FROM_BELT,STANDARD_REVERSED,12.75,7.75,15.5,10.5,12.0,20.5,6.0,8.5,290.0,145.0,-145.0,0,0,0,0,0,7,7,2,3.25,10.0,135.25,FAIL,PTO_NOMINAL_LT_13;PTO_RESIDUAL_LT_8
S2-REF-T6-BP1.00-OP2.50,STAGE_2_INNER_SUPPORT_AND_FASTENERS,REFINED_0.25_MM,1.0,0.0,METAL_PLATE_6MM_CANDIDATE,6.0,0.0,2.5,REVERSED_AWAY_FROM_BELT,STANDARD_REVERSED,13.0,8.0,15.5,10.5,12.0,20.5,6.0,8.5,290.0,145.0,-145.0,0,0,0,0,0,7,7,2,3.5,10.0,1139.5,CONDITIONAL_PASS,
S2-REF-T6-BP1.00-OP2.75,STAGE_2_INNER_SUPPORT_AND_FASTENERS,REFINED_0.25_MM,1.0,0.0,METAL_PLATE_6MM_CANDIDATE,6.0,0.0,2.75,REVERSED_AWAY_FROM_BELT,STANDARD_REVERSED,13.25,8.25,15.5,10.5,12.0,20.5,6.0,8.5,290.0,145.0,-145.0,0,0,0,0,0,7,7,2,3.75,10.0,1143.75,CONDITIONAL_PASS,
S2-REF-T6-BP1.00-OP3.00,STAGE_2_INNER_SUPPORT_AND_FASTENERS,REFINED_0.25_MM,1.0,0.0,METAL_PLATE_6MM_CANDIDATE,6.0,0.0,3.0,REVERSED_AWAY_FROM_BELT,STANDARD_REVERSED,13.5,8.5,15.5,10.5,12.0,20.5,6.0,8.5,290.0,145.0,-145.0,0,0,0,0,0,7,7,2,4.0,10.0,1148.0,CONDITIONAL_PASS,
S2-REF-T6-BP1.00-OP3.25,STAGE_2_INNER_SUPPORT_AND_FASTENERS,REFINED_0.25_MM,1.0,0.0,METAL_PLATE_6MM_CANDIDATE,6.0,0.0,3.25,REVERSED_AWAY_FROM_BELT,STANDARD_REVERSED,13.5,8.5,15.5,10.5,12.0,20.5,6.0,8.5,290.0,145.0,-145.0,0,0,0,0,0,7,7,2,4.25,10.0,1147.25,CONDITIONAL_PASS,
S2-REF-T6-BP1.00-OP3.50,STAGE_2_INNER_SUPPORT_AND_FASTENERS,REFINED_0.25_MM,1.0,0.0,METAL_PLATE_6MM_CANDIDATE,6.0,0.0,3.5,REVERSED_AWAY_FROM_BELT,STANDARD_REVERSED,13.5,8.5,15.5,10.5,12.0,20.5,6.0,8.5,290.0,145.0,-145.0,0,0,0,0,0,7,7,2,4.5,10.0,1146.5,CONDITIONAL_PASS,
S2-REF-T6-BP1.00-OP3.75,STAGE_2_INNER_SUPPORT_AND_FASTENERS,REFINED_0.25_MM,1.0,0.0,METAL_PLATE_6MM_CANDIDATE,6.0,0.0,3.75,REVERSED_AWAY_FROM_BELT,STANDARD_REVERSED,13.5,8.5,15.5,10.5,12.0,20.5,6.0,8.5,290.0,145.0,-145.0,0,0,0,0,0,7,7,2,4.75,10.0,1145.75,CONDITIONAL_PASS,
S2-REF-T6-BP1.00-OP4.00,STAGE_2_INNER_SUPPORT_AND_FASTENERS,REFINED_0.25_MM,1.0,0.0,METAL_PLATE_6MM_CANDIDATE,6.0,0.0,4.0,REVERSED_AWAY_FROM_BELT,STANDARD_REVERSED,13.5,8.5,15.5,10.5,12.0,20.5,6.0,8.5,290.0,145.0,-145.0,0,0,0,0,0,7,7,2,5.0,10.0,1145.0,CONDITIONAL_PASS,
S2-REF-T6-BP1.00-OP4.25,STAGE_2_INNER_SUPPORT_AND_FASTENERS,REFINED_0.25_MM,1.0,0.0,METAL_PLATE_6MM_CANDIDATE,6.0,0.0,4.25,REVERSED_AWAY_FROM_BELT,STANDARD_REVERSED,13.5,8.5,15.5,10.5,12.0,20.5,6.0,8.5,290.0,145.0,-145.0,0,0,0,0,0,7,7,2,5.25,10.0,1144.25,CONDITIONAL_PASS,
S2-REF-T6-BP1.00-OP4.50,STAGE_2_INNER_SUPPORT_AND_FASTENERS,REFINED_0.25_MM,1.0,0.0,METAL_PLATE_6MM_CANDIDATE,6.0,0.0,4.5,REVERSED_AWAY_FROM_BELT,STANDARD_REVERSED,13.5,8.5,15.5,10.5,12.0,20.5,6.0,8.5,290.0,145.0,-145.0,0,0,0,0,0,7,7,2,5.5,10.0,1143.5,CONDITIONAL_PASS,
S2-REF-T6-BP1.00-OP4.75,STAGE_2_INNER_SUPPORT_AND_FASTENERS,REFINED_0.25_MM,1.0,0.0,METAL_PLATE_6MM_CANDIDATE,6.0,0.0,4.75,REVERSED_AWAY_FROM_BELT,STANDARD_REVERSED,13.5,8.5,15.5,10.5,12.0,20.5,6.0,8.5,290.0,145.0,-145.0,0,0,0,0,0,7,7,2,5.75,10.0,1142.75,CONDITIONAL_PASS,
S2-REF-T6-BP1.00-OP5.00,STAGE_2_INNER_SUPPORT_AND_FASTENERS,REFINED_0.25_MM,1.0,0.0,METAL_PLATE_6MM_CANDIDATE,6.0,0.0,5.0,REVERSED_AWAY_FROM_BELT,STANDARD_REVERSED,13.5,8.5,15.5,10.5,12.0,20.5,6.0,8.5,290.0,145.0,-145.0,0,0,0,0,0,7,7,2,6.0,10.0,1142.0,CONDITIONAL_PASS,
S2-REF-T6-BP1.00-OP5.25,STAGE_2_INNER_SUPPORT_AND_FASTENERS,REFINED_0.25_MM,1.0,0.0,METAL_PLATE_6MM_CANDIDATE,6.0,0.0,5.25,REVERSED_AWAY_FROM_BELT,STANDARD_REVERSED,13.5,8.5,15.5,10.5,12.0,20.5,6.0,8.5,290.0,145.0,-145.0,0,0,0,0,0,7,7,2,6.25,10.0,1141.25,CONDITIONAL_PASS,
S2-REF-T6-BP1.00-OP5.50,STAGE_2_INNER_SUPPORT_AND_FASTENERS,REFINED_0.25_MM,1.0,0.0,METAL_PLATE_6MM_CANDIDATE,6.0,0.0,5.5,REVERSED_AWAY_FROM_BELT,STANDARD_REVERSED,13.5,8.5,15.5,10.5,12.0,20.5,6.0,8.5,290.0,145.0,-145.0,0,0,0,0,0,7,7,2,6.5,10.0,1140.5,CONDITIONAL_PASS,
S2-REF-T6-BP1.00-OP5.75,STAGE_2_INNER_SUPPORT_AND_FASTENERS,REFINED_0.25_MM,1.0,0.0,METAL_PLATE_6MM_CANDIDATE,6.0,0.0,5.75,REVERSED_AWAY_FROM_BELT,STANDARD_REVERSED,13.5,8.5,15.5,10.5,12.0,20.5,6.0,8.5,290.0,145.0,-145.0,0,0,0,0,0,7,7,2,6.75,10.0,1139.75,CONDITIONAL_PASS,
S2-REF-T6-BP1.00-OP6.00,STAGE_2_INNER_SUPPORT_AND_FASTENERS,REFINED_0.25_MM,1.0,0.0,METAL_PLATE_6MM_CANDIDATE,6.0,0.0,6.0,REVERSED_AWAY_FROM_BELT,STANDARD_REVERSED,13.5,8.5,15.5,10.5,12.0,20.5,6.0,8.5,290.0,145.0,-145.0,0,0,0,0,0,7,7,2,7.0,10.0,1139.0,CONDITIONAL_PASS,
S2-REF-T6-BP1.00-OP6.25,STAGE_2_INNER_SUPPORT_AND_FASTENERS,REFINED_0.25_MM,1.0,0.0,METAL_PLATE_6MM_CANDIDATE,6.0,0.0,6.25,REVERSED_AWAY_FROM_BELT,STANDARD_REVERSED,13.5,8.5,15.5,10.5,12.0,20.5,6.0,8.5,290.0,145.0,-145.0,0,0,0,0,0,7,7,2,7.25,10.0,1138.25,CONDITIONAL_PASS,
S2-REF-T6-BP1.00-OP6.50,STAGE_2_INNER_SUPPORT_AND_FASTENERS,REFINED_0.25_MM,1.0,0.0,METAL_PLATE_6MM_CANDIDATE,6.0,0.0,6.5,REVERSED_AWAY_FROM_BELT,STANDARD_REVERSED,13.5,8.5,15.5,10.5,12.0,20.5,6.0,8.5,290.0,145.0,-145.0,0,0,0,0,0,7,7,2,7.5,10.0,1137.5,CONDITIONAL_PASS,
S2-REF-T6-BP1.00-OP6.75,STAGE_2_INNER_SUPPORT_AND_FASTENERS,REFINED_0.25_MM,1.0,0.0,METAL_PLATE_6MM_CANDIDATE,6.0,0.0,6.75,REVERSED_AWAY_FROM_BELT,STANDARD_REVERSED,13.5,8.5,15.5,10.5,12.0,20.5,6.0,8.5,290.0,145.0,-145.0,0,0,0,0,0,7,7,2,7.75,10.0,1136.75,CONDITIONAL_PASS,
S2-REF-T6-BP1.00-OP7.00,STAGE_2_INNER_SUPPORT_AND_FASTENERS,REFINED_0.25_MM,1.0,0.0,METAL_PLATE_6MM_CANDIDATE,6.0,0.0,7.0,REVERSED_AWAY_FROM_BELT,STANDARD_REVERSED,13.5,8.5,15.5,10.5,12.0,20.5,6.0,8.5,290.0,145.0,-145.0,0,0,0,0,0,7,7,2,8.0,10.0,1136.0,CONDITIONAL_PASS,
S2-REF-T6-BP1.25-OP1.00,STAGE_2_INNER_SUPPORT_AND_FASTENERS,REFINED_0.25_MM,1.25,0.0,METAL_PLATE_6MM_CANDIDATE,6.0,0.0,1.0,REVERSED_AWAY_FROM_BELT,STANDARD_REVERSED,11.25,6.25,15.5,10.5,12.25,20.75,6.0,8.5,290.0,145.0,-145.0,0,0,0,0,0,7,7,2,2.25,10.0,108.25,FAIL,PTO_NOMINAL_LT_13;PTO_RESIDUAL_LT_8
S2-REF-T6-BP1.25-OP1.25,STAGE_2_INNER_SUPPORT_AND_FASTENERS,REFINED_0.25_MM,1.25,0.0,METAL_PLATE_6MM_CANDIDATE,6.0,0.0,1.25,REVERSED_AWAY_FROM_BELT,STANDARD_REVERSED,11.5,6.5,15.5,10.5,12.25,20.75,6.0,8.5,290.0,145.0,-145.0,0,0,0,0,0,7,7,2,2.5,10.0,112.5,FAIL,PTO_NOMINAL_LT_13;PTO_RESIDUAL_LT_8
S2-REF-T6-BP1.25-OP1.50,STAGE_2_INNER_SUPPORT_AND_FASTENERS,REFINED_0.25_MM,1.25,0.0,METAL_PLATE_6MM_CANDIDATE,6.0,0.0,1.5,REVERSED_AWAY_FROM_BELT,STANDARD_REVERSED,11.75,6.75,15.5,10.5,12.25,20.75,6.0,8.5,290.0,145.0,-145.0,0,0,0,0,0,7,7,2,2.75,10.0,116.75,FAIL,PTO_NOMINAL_LT_13;PTO_RESIDUAL_LT_8
S2-REF-T6-BP1.25-OP1.75,STAGE_2_INNER_SUPPORT_AND_FASTENERS,REFINED_0.25_MM,1.25,0.0,METAL_PLATE_6MM_CANDIDATE,6.0,0.0,1.75,REVERSED_AWAY_FROM_BELT,STANDARD_REVERSED,12.0,7.0,15.5,10.5,12.25,20.75,6.0,8.5,290.0,145.0,-145.0,0,0,0,0,0,7,7,2,3.0,10.0,121.0,FAIL,PTO_NOMINAL_LT_13;PTO_RESIDUAL_LT_8
S2-REF-T6-BP1.25-OP2.00,STAGE_2_INNER_SUPPORT_AND_FASTENERS,REFINED_0.25_MM,1.25,0.0,METAL_PLATE_6MM_CANDIDATE,6.0,0.0,2.0,REVERSED_AWAY_FROM_BELT,STANDARD_REVERSED,12.25,7.25,15.5,10.5,12.25,20.75,6.0,8.5,290.0,145.0,-145.0,0,0,0,0,0,7,7,2,3.25,10.0,125.25,FAIL,PTO_NOMINAL_LT_13;PTO_RESIDUAL_LT_8
S2-REF-T6-BP1.25-OP2.25,STAGE_2_INNER_SUPPORT_AND_FASTENERS,REFINED_0.25_MM,1.25,0.0,METAL_PLATE_6MM_CANDIDATE,6.0,0.0,2.25,REVERSED_AWAY_FROM_BELT,STANDARD_REVERSED,12.5,7.5,15.5,10.5,12.25,20.75,6.0,8.5,290.0,145.0,-145.0,0,0,0,0,0,7,7,2,3.5,10.0,129.5,FAIL,PTO_NOMINAL_LT_13;PTO_RESIDUAL_LT_8
S2-REF-T6-BP1.25-OP2.50,STAGE_2_INNER_SUPPORT_AND_FASTENERS,REFINED_0.25_MM,1.25,0.0,METAL_PLATE_6MM_CANDIDATE,6.0,0.0,2.5,REVERSED_AWAY_FROM_BELT,STANDARD_REVERSED,12.75,7.75,15.5,10.5,12.25,20.75,6.0,8.5,290.0,145.0,-145.0,0,0,0,0,0,7,7,2,3.75,10.0,133.75,FAIL,PTO_NOMINAL_LT_13;PTO_RESIDUAL_LT_8
S2-REF-T6-BP1.25-OP2.75,STAGE_2_INNER_SUPPORT_AND_FASTENERS,REFINED_0.25_MM,1.25,0.0,METAL_PLATE_6MM_CANDIDATE,6.0,0.0,2.75,REVERSED_AWAY_FROM_BELT,STANDARD_REVERSED,13.0,8.0,15.5,10.5,12.25,20.75,6.0,8.5,290.0,145.0,-145.0,0,0,0,0,0,7,7,2,4.0,10.0,1138.0,CONDITIONAL_PASS,
S2-REF-T6-BP1.25-OP3.00,STAGE_2_INNER_SUPPORT_AND_FASTENERS,REFINED_0.25_MM,1.25,0.0,METAL_PLATE_6MM_CANDIDATE,6.0,0.0,3.0,REVERSED_AWAY_FROM_BELT,STANDARD_REVERSED,13.25,8.25,15.5,10.5,12.25,20.75,6.0,8.5,290.0,145.0,-145.0,0,0,0,0,0,7,7,2,4.25,10.0,1142.25,CONDITIONAL_PASS,
S2-REF-T6-BP1.25-OP3.25,STAGE_2_INNER_SUPPORT_AND_FASTENERS,REFINED_0.25_MM,1.25,0.0,METAL_PLATE_6MM_CANDIDATE,6.0,0.0,3.25,REVERSED_AWAY_FROM_BELT,STANDARD_REVERSED,13.5,8.5,15.5,10.5,12.25,20.75,6.0,8.5,290.0,145.0,-145.0,0,0,0,0,0,7,7,2,4.5,10.0,1146.5,CONDITIONAL_PASS,
S2-REF-T6-BP1.25-OP3.50,STAGE_2_INNER_SUPPORT_AND_FASTENERS,REFINED_0.25_MM,1.25,0.0,METAL_PLATE_6MM_CANDIDATE,6.0,0.0,3.5,REVERSED_AWAY_FROM_BELT,STANDARD_REVERSED,13.75,8.75,15.5,10.5,12.25,20.75,6.0,8.5,290.0,145.0,-145.0,0,0,0,0,0,7,7,2,4.75,10.0,1150.75,CONDITIONAL_PASS,
S2-REF-T6-BP1.25-OP3.75,STAGE_2_INNER_SUPPORT_AND_FASTENERS,REFINED_0.25_MM,1.25,0.0,METAL_PLATE_6MM_CANDIDATE,6.0,0.0,3.75,REVERSED_AWAY_FROM_BELT,STANDARD_REVERSED,13.75,8.75,15.5,10.5,12.25,20.75,6.0,8.5,290.0,145.0,-145.0,0,0,0,0,0,7,7,2,5.0,10.0,1150.0,CONDITIONAL_PASS,
S2-REF-T6-BP1.25-OP4.00,STAGE_2_INNER_SUPPORT_AND_FASTENERS,REFINED_0.25_MM,1.25,0.0,METAL_PLATE_6MM_CANDIDATE,6.0,0.0,4.0,REVERSED_AWAY_FROM_BELT,STANDARD_REVERSED,13.75,8.75,15.5,10.5,12.25,20.75,6.0,8.5,290.0,145.0,-145.0,0,0,0,0,0,7,7,2,5.25,10.0,1149.25,CONDITIONAL_PASS,
S2-REF-T6-BP1.25-OP4.25,STAGE_2_INNER_SUPPORT_AND_FASTENERS,REFINED_0.25_MM,1.25,0.0,METAL_PLATE_6MM_CANDIDATE,6.0,0.0,4.25,REVERSED_AWAY_FROM_BELT,STANDARD_REVERSED,13.75,8.75,15.5,10.5,12.25,20.75,6.0,8.5,290.0,145.0,-145.0,0,0,0,0,0,7,7,2,5.5,10.0,1148.5,CONDITIONAL_PASS,
S2-REF-T6-BP1.25-OP4.50,STAGE_2_INNER_SUPPORT_AND_FASTENERS,REFINED_0.25_MM,1.25,0.0,METAL_PLATE_6MM_CANDIDATE,6.0,0.0,4.5,REVERSED_AWAY_FROM_BELT,STANDARD_REVERSED,13.75,8.75,15.5,10.5,12.25,20.75,6.0,8.5,290.0,145.0,-145.0,0,0,0,0,0,7,7,2,5.75,10.0,1147.75,CONDITIONAL_PASS,
S2-REF-T6-BP1.25-OP4.75,STAGE_2_INNER_SUPPORT_AND_FASTENERS,REFINED_0.25_MM,1.25,0.0,METAL_PLATE_6MM_CANDIDATE,6.0,0.0,4.75,REVERSED_AWAY_FROM_BELT,STANDARD_REVERSED,13.75,8.75,15.5,10.5,12.25,20.75,6.0,8.5,290.0,145.0,-145.0,0,0,0,0,0,7,7,2,6.0,10.0,1147.0,CONDITIONAL_PASS,
S2-REF-T6-BP1.25-OP5.00,STAGE_2_INNER_SUPPORT_AND_FASTENERS,REFINED_0.25_MM,1.25,0.0,METAL_PLATE_6MM_CANDIDATE,6.0,0.0,5.0,REVERSED_AWAY_FROM_BELT,STANDARD_REVERSED,13.75,8.75,15.5,10.5,12.25,20.75,6.0,8.5,290.0,145.0,-145.0,0,0,0,0,0,7,7,2,6.25,10.0,1146.25,CONDITIONAL_PASS,
S2-REF-T6-BP1.25-OP5.25,STAGE_2_INNER_SUPPORT_AND_FASTENERS,REFINED_0.25_MM,1.25,0.0,METAL_PLATE_6MM_CANDIDATE,6.0,0.0,5.25,REVERSED_AWAY_FROM_BELT,STANDARD_REVERSED,13.75,8.75,15.5,10.5,12.25,20.75,6.0,8.5,290.0,145.0,-145.0,0,0,0,0,0,7,7,2,6.5,10.0,1145.5,CONDITIONAL_PASS,
S2-REF-T6-BP1.25-OP5.50,STAGE_2_INNER_SUPPORT_AND_FASTENERS,REFINED_0.25_MM,1.25,0.0,METAL_PLATE_6MM_CANDIDATE,6.0,0.0,5.5,REVERSED_AWAY_FROM_BELT,STANDARD_REVERSED,13.75,8.75,15.5,10.5,12.25,20.75,6.0,8.5,290.0,145.0,-145.0,0,0,0,0,0,7,7,2,6.75,10.0,1144.75,CONDITIONAL_PASS,
S2-REF-T6-BP1.25-OP5.75,STAGE_2_INNER_SUPPORT_AND_FASTENERS,REFINED_0.25_MM,1.25,0.0,METAL_PLATE_6MM_CANDIDATE,6.0,0.0,5.75,REVERSED_AWAY_FROM_BELT,STANDARD_REVERSED,13.75,8.75,15.5,10.5,12.25,20.75,6.0,8.5,290.0,145.0,-145.0,0,0,0,0,0,7,7,2,7.0,10.0,1144.0,CONDITIONAL_PASS,
S2-REF-T6-BP1.25-OP6.00,STAGE_2_INNER_SUPPORT_AND_FASTENERS,REFINED_0.25_MM,1.25,0.0,METAL_PLATE_6MM_CANDIDATE,6.0,0.0,6.0,REVERSED_AWAY_FROM_BELT,STANDARD_REVERSED,13.75,8.75,15.5,10.5,12.25,20.75,6.0,8.5,290.0,145.0,-145.0,0,0,0,0,0,7,7,2,7.25,10.0,1143.25,CONDITIONAL_PASS,
S2-REF-T6-BP1.25-OP6.25,STAGE_2_INNER_SUPPORT_AND_FASTENERS,REFINED_0.25_MM,1.25,0.0,METAL_PLATE_6MM_CANDIDATE,6.0,0.0,6.25,REVERSED_AWAY_FROM_BELT,STANDARD_REVERSED,13.75,8.75,15.5,10.5,12.25,20.75,6.0,8.5,290.0,145.0,-145.0,0,0,0,0,0,7,7,2,7.5,10.0,1142.5,CONDITIONAL_PASS,
S2-REF-T6-BP1.25-OP6.50,STAGE_2_INNER_SUPPORT_AND_FASTENERS,REFINED_0.25_MM,1.25,0.0,METAL_PLATE_6MM_CANDIDATE,6.0,0.0,6.5,REVERSED_AWAY_FROM_BELT,STANDARD_REVERSED,13.75,8.75,15.5,10.5,12.25,20.75,6.0,8.5,290.0,145.0,-145.0,0,0,0,0,0,7,7,2,7.75,10.0,1141.75,CONDITIONAL_PASS,
S2-REF-T6-BP1.25-OP6.75,STAGE_2_INNER_SUPPORT_AND_FASTENERS,REFINED_0.25_MM,1.25,0.0,METAL_PLATE_6MM_CANDIDATE,6.0,0.0,6.75,REVERSED_AWAY_FROM_BELT,STANDARD_REVERSED,13.75,8.75,15.5,10.5,12.25,20.75,6.0,8.5,290.0,145.0,-145.0,0,0,0,0,0,7,7,2,8.0,10.0,1141.0,CONDITIONAL_PASS,
S2-REF-T6-BP1.25-OP7.00,STAGE_2_INNER_SUPPORT_AND_FASTENERS,REFINED_0.25_MM,1.25,0.0,METAL_PLATE_6MM_CANDIDATE,6.0,0.0,7.0,REVERSED_AWAY_FROM_BELT,STANDARD_REVERSED,13.75,8.75,15.5,10.5,12.25,20.75,6.0,8.5,290.0,145.0,-145.0,0,0,0,0,0,7,7,2,8.25,10.0,1140.25,CONDITIONAL_PASS,
S2-REF-T6-BP1.50-OP1.00,STAGE_2_INNER_SUPPORT_AND_FASTENERS,REFINED_0.25_MM,1.5,0.0,METAL_PLATE_6MM_CANDIDATE,6.0,0.0,1.0,REVERSED_AWAY_FROM_BELT,STANDARD_REVERSED,11.0,6.0,15.5,10.5,12.5,21.0,6.0,8.5,290.0,145.0,-145.0,0,0,0,0,0,7,7,2,2.5,10.0,102.5,FAIL,PTO_NOMINAL_LT_13;PTO_RESIDUAL_LT_8
S2-REF-T6-BP1.50-OP1.25,STAGE_2_INNER_SUPPORT_AND_FASTENERS,REFINED_0.25_MM,1.5,0.0,METAL_PLATE_6MM_CANDIDATE,6.0,0.0,1.25,REVERSED_AWAY_FROM_BELT,STANDARD_REVERSED,11.25,6.25,15.5,10.5,12.5,21.0,6.0,8.5,290.0,145.0,-145.0,0,0,0,0,0,7,7,2,2.75,10.0,106.75,FAIL,PTO_NOMINAL_LT_13;PTO_RESIDUAL_LT_8
S2-REF-T6-BP1.50-OP1.50,STAGE_2_INNER_SUPPORT_AND_FASTENERS,REFINED_0.25_MM,1.5,0.0,METAL_PLATE_6MM_CANDIDATE,6.0,0.0,1.5,REVERSED_AWAY_FROM_BELT,STANDARD_REVERSED,11.5,6.5,15.5,10.5,12.5,21.0,6.0,8.5,290.0,145.0,-145.0,0,0,0,0,0,7,7,2,3.0,10.0,111.0,FAIL,PTO_NOMINAL_LT_13;PTO_RESIDUAL_LT_8
S2-REF-T6-BP1.50-OP1.75,STAGE_2_INNER_SUPPORT_AND_FASTENERS,REFINED_0.25_MM,1.5,0.0,METAL_PLATE_6MM_CANDIDATE,6.0,0.0,1.75,REVERSED_AWAY_FROM_BELT,STANDARD_REVERSED,11.75,6.75,15.5,10.5,12.5,21.0,6.0,8.5,290.0,145.0,-145.0,0,0,0,0,0,7,7,2,3.25,10.0,115.25,FAIL,PTO_NOMINAL_LT_13;PTO_RESIDUAL_LT_8
S2-REF-T6-BP1.50-OP2.00,STAGE_2_INNER_SUPPORT_AND_FASTENERS,REFINED_0.25_MM,1.5,0.0,METAL_PLATE_6MM_CANDIDATE,6.0,0.0,2.0,REVERSED_AWAY_FROM_BELT,STANDARD_REVERSED,12.0,7.0,15.5,10.5,12.5,21.0,6.0,8.5,290.0,145.0,-145.0,0,0,0,0,0,7,7,2,3.5,10.0,119.5,FAIL,PTO_NOMINAL_LT_13;PTO_RESIDUAL_LT_8
S2-REF-T6-BP1.50-OP2.25,STAGE_2_INNER_SUPPORT_AND_FASTENERS,REFINED_0.25_MM,1.5,0.0,METAL_PLATE_6MM_CANDIDATE,6.0,0.0,2.25,REVERSED_AWAY_FROM_BELT,STANDARD_REVERSED,12.25,7.25,15.5,10.5,12.5,21.0,6.0,8.5,290.0,145.0,-145.0,0,0,0,0,0,7,7,2,3.75,10.0,123.75,FAIL,PTO_NOMINAL_LT_13;PTO_RESIDUAL_LT_8
S2-REF-T6-BP1.50-OP2.50,STAGE_2_INNER_SUPPORT_AND_FASTENERS,REFINED_0.25_MM,1.5,0.0,METAL_PLATE_6MM_CANDIDATE,6.0,0.0,2.5,REVERSED_AWAY_FROM_BELT,STANDARD_REVERSED,12.5,7.5,15.5,10.5,12.5,21.0,6.0,8.5,290.0,145.0,-145.0,0,0,0,0,0,7,7,2,4.0,10.0,128.0,FAIL,PTO_NOMINAL_LT_13;PTO_RESIDUAL_LT_8
S2-REF-T6-BP1.50-OP2.75,STAGE_2_INNER_SUPPORT_AND_FASTENERS,REFINED_0.25_MM,1.5,0.0,METAL_PLATE_6MM_CANDIDATE,6.0,0.0,2.75,REVERSED_AWAY_FROM_BELT,STANDARD_REVERSED,12.75,7.75,15.5,10.5,12.5,21.0,6.0,8.5,290.0,145.0,-145.0,0,0,0,0,0,7,7,2,4.25,10.0,132.25,FAIL,PTO_NOMINAL_LT_13;PTO_RESIDUAL_LT_8
S2-REF-T6-BP1.50-OP3.00,STAGE_2_INNER_SUPPORT_AND_FASTENERS,REFINED_0.25_MM,1.5,0.0,METAL_PLATE_6MM_CANDIDATE,6.0,0.0,3.0,REVERSED_AWAY_FROM_BELT,STANDARD_REVERSED,13.0,8.0,15.5,10.5,12.5,21.0,6.0,8.5,290.0,145.0,-145.0,0,0,0,0,0,7,7,2,4.5,10.0,1136.5,CONDITIONAL_PASS,
S2-REF-T6-BP1.50-OP3.25,STAGE_2_INNER_SUPPORT_AND_FASTENERS,REFINED_0.25_MM,1.5,0.0,METAL_PLATE_6MM_CANDIDATE,6.0,0.0,3.25,REVERSED_AWAY_FROM_BELT,STANDARD_REVERSED,13.25,8.25,15.5,10.5,12.5,21.0,6.0,8.5,290.0,145.0,-145.0,0,0,0,0,0,7,7,2,4.75,10.0,1140.75,CONDITIONAL_PASS,
S2-REF-T6-BP1.50-OP3.50,STAGE_2_INNER_SUPPORT_AND_FASTENERS,REFINED_0.25_MM,1.5,0.0,METAL_PLATE_6MM_CANDIDATE,6.0,0.0,3.5,REVERSED_AWAY_FROM_BELT,STANDARD_REVERSED,13.5,8.5,15.5,10.5,12.5,21.0,6.0,8.5,290.0,145.0,-145.0,0,0,0,0,0,7,7,2,5.0,10.0,1145.0,CONDITIONAL_PASS,
S2-REF-T6-BP1.50-OP3.75,STAGE_2_INNER_SUPPORT_AND_FASTENERS,REFINED_0.25_MM,1.5,0.0,METAL_PLATE_6MM_CANDIDATE,6.0,0.0,3.75,REVERSED_AWAY_FROM_BELT,STANDARD_REVERSED,13.75,8.75,15.5,10.5,12.5,21.0,6.0,8.5,290.0,145.0,-145.0,0,0,0,0,0,7,7,2,5.25,10.0,1149.25,CONDITIONAL_PASS,
S2-REF-T6-BP1.50-OP4.00,STAGE_2_INNER_SUPPORT_AND_FASTENERS,REFINED_0.25_MM,1.5,0.0,METAL_PLATE_6MM_CANDIDATE,6.0,0.0,4.0,REVERSED_AWAY_FROM_BELT,STANDARD_REVERSED,14.0,9.0,15.5,10.5,12.5,21.0,6.0,8.5,290.0,145.0,-145.0,0,0,0,0,0,7,7,2,5.5,10.0,1153.5,CONDITIONAL_PASS,
S2-REF-T6-BP1.50-OP4.25,STAGE_2_INNER_SUPPORT_AND_FASTENERS,REFINED_0.25_MM,1.5,0.0,METAL_PLATE_6MM_CANDIDATE,6.0,0.0,4.25,REVERSED_AWAY_FROM_BELT,STANDARD_REVERSED,14.0,9.0,15.5,10.5,12.5,21.0,6.0,8.5,290.0,145.0,-145.0,0,0,0,0,0,7,7,2,5.75,10.0,1152.75,CONDITIONAL_PASS,
S2-REF-T6-BP1.50-OP4.50,STAGE_2_INNER_SUPPORT_AND_FASTENERS,REFINED_0.25_MM,1.5,0.0,METAL_PLATE_6MM_CANDIDATE,6.0,0.0,4.5,REVERSED_AWAY_FROM_BELT,STANDARD_REVERSED,14.0,9.0,15.5,10.5,12.5,21.0,6.0,8.5,290.0,145.0,-145.0,0,0,0,0,0,7,7,2,6.0,10.0,1152.0,CONDITIONAL_PASS,
S2-REF-T6-BP1.50-OP4.75,STAGE_2_INNER_SUPPORT_AND_FASTENERS,REFINED_0.25_MM,1.5,0.0,METAL_PLATE_6MM_CANDIDATE,6.0,0.0,4.75,REVERSED_AWAY_FROM_BELT,STANDARD_REVERSED,14.0,9.0,15.5,10.5,12.5,21.0,6.0,8.5,290.0,145.0,-145.0,0,0,0,0,0,7,7,2,6.25,10.0,1151.25,CONDITIONAL_PASS,
S2-REF-T6-BP1.50-OP5.00,STAGE_2_INNER_SUPPORT_AND_FASTENERS,REFINED_0.25_MM,1.5,0.0,METAL_PLATE_6MM_CANDIDATE,6.0,0.0,5.0,REVERSED_AWAY_FROM_BELT,STANDARD_REVERSED,14.0,9.0,15.5,10.5,12.5,21.0,6.0,8.5,290.0,145.0,-145.0,0,0,0,0,0,7,7,2,6.5,10.0,1150.5,CONDITIONAL_PASS,
S2-REF-T6-BP1.50-OP5.25,STAGE_2_INNER_SUPPORT_AND_FASTENERS,REFINED_0.25_MM,1.5,0.0,METAL_PLATE_6MM_CANDIDATE,6.0,0.0,5.25,REVERSED_AWAY_FROM_BELT,STANDARD_REVERSED,14.0,9.0,15.5,10.5,12.5,21.0,6.0,8.5,290.0,145.0,-145.0,0,0,0,0,0,7,7,2,6.75,10.0,1149.75,CONDITIONAL_PASS,
S2-REF-T6-BP1.50-OP5.50,STAGE_2_INNER_SUPPORT_AND_FASTENERS,REFINED_0.25_MM,1.5,0.0,METAL_PLATE_6MM_CANDIDATE,6.0,0.0,5.5,REVERSED_AWAY_FROM_BELT,STANDARD_REVERSED,14.0,9.0,15.5,10.5,12.5,21.0,6.0,8.5,290.0,145.0,-145.0,0,0,0,0,0,7,7,2,7.0,10.0,1149.0,CONDITIONAL_PASS,
S2-REF-T6-BP1.50-OP5.75,STAGE_2_INNER_SUPPORT_AND_FASTENERS,REFINED_0.25_MM,1.5,0.0,METAL_PLATE_6MM_CANDIDATE,6.0,0.0,5.75,REVERSED_AWAY_FROM_BELT,STANDARD_REVERSED,14.0,9.0,15.5,10.5,12.5,21.0,6.0,8.5,290.0,145.0,-145.0,0,0,0,0,0,7,7,2,7.25,10.0,1148.25,CONDITIONAL_PASS,
S2-REF-T6-BP1.50-OP6.00,STAGE_2_INNER_SUPPORT_AND_FASTENERS,REFINED_0.25_MM,1.5,0.0,METAL_PLATE_6MM_CANDIDATE,6.0,0.0,6.0,REVERSED_AWAY_FROM_BELT,STANDARD_REVERSED,14.0,9.0,15.5,10.5,12.5,21.0,6.0,8.5,290.0,145.0,-145.0,0,0,0,0,0,7,7,2,7.5,10.0,1147.5,CONDITIONAL_PASS,
S2-REF-T6-BP1.50-OP6.25,STAGE_2_INNER_SUPPORT_AND_FASTENERS,REFINED_0.25_MM,1.5,0.0,METAL_PLATE_6MM_CANDIDATE,6.0,0.0,6.25,REVERSED_AWAY_FROM_BELT,STANDARD_REVERSED,14.0,9.0,15.5,10.5,12.5,21.0,6.0,8.5,290.0,145.0,-145.0,0,0,0,0,0,7,7,2,7.75,10.0,1146.75,CONDITIONAL_PASS,
S2-REF-T6-BP1.50-OP6.50,STAGE_2_INNER_SUPPORT_AND_FASTENERS,REFINED_0.25_MM,1.5,0.0,METAL_PLATE_6MM_CANDIDATE,6.0,0.0,6.5,REVERSED_AWAY_FROM_BELT,STANDARD_REVERSED,14.0,9.0,15.5,10.5,12.5,21.0,6.0,8.5,290.0,145.0,-145.0,0,0,0,0,0,7,7,2,8.0,10.0,1146.0,CONDITIONAL_PASS,
S2-REF-T6-BP1.50-OP6.75,STAGE_2_INNER_SUPPORT_AND_FASTENERS,REFINED_0.25_MM,1.5,0.0,METAL_PLATE_6MM_CANDIDATE,6.0,0.0,6.75,REVERSED_AWAY_FROM_BELT,STANDARD_REVERSED,14.0,9.0,15.5,10.5,12.5,21.0,6.0,8.5,290.0,145.0,-145.0,0,0,0,0,0,7,7,2,8.25,10.0,1145.25,CONDITIONAL_PASS,
S2-REF-T6-BP1.50-OP7.00,STAGE_2_INNER_SUPPORT_AND_FASTENERS,REFINED_0.25_MM,1.5,0.0,METAL_PLATE_6MM_CANDIDATE,6.0,0.0,7.0,REVERSED_AWAY_FROM_BELT,STANDARD_REVERSED,14.0,9.0,15.5,10.5,12.5,21.0,6.0,8.5,290.0,145.0,-145.0,0,0,0,0,0,7,7,2,8.5,10.0,1144.5,CONDITIONAL_PASS,
S2-REF-T6-BP1.75-OP1.00,STAGE_2_INNER_SUPPORT_AND_FASTENERS,REFINED_0.25_MM,1.75,0.0,METAL_PLATE_6MM_CANDIDATE,6.0,0.0,1.0,REVERSED_AWAY_FROM_BELT,STANDARD_REVERSED,10.75,5.75,15.5,10.5,12.75,21.25,6.0,8.5,290.0,145.0,-145.0,0,0,0,0,0,7,7,2,2.75,10.0,96.75,FAIL,PTO_NOMINAL_LT_13;PTO_RESIDUAL_LT_8
S2-REF-T6-BP1.75-OP1.25,STAGE_2_INNER_SUPPORT_AND_FASTENERS,REFINED_0.25_MM,1.75,0.0,METAL_PLATE_6MM_CANDIDATE,6.0,0.0,1.25,REVERSED_AWAY_FROM_BELT,STANDARD_REVERSED,11.0,6.0,15.5,10.5,12.75,21.25,6.0,8.5,290.0,145.0,-145.0,0,0,0,0,0,7,7,2,3.0,10.0,101.0,FAIL,PTO_NOMINAL_LT_13;PTO_RESIDUAL_LT_8
S2-REF-T6-BP1.75-OP1.50,STAGE_2_INNER_SUPPORT_AND_FASTENERS,REFINED_0.25_MM,1.75,0.0,METAL_PLATE_6MM_CANDIDATE,6.0,0.0,1.5,REVERSED_AWAY_FROM_BELT,STANDARD_REVERSED,11.25,6.25,15.5,10.5,12.75,21.25,6.0,8.5,290.0,145.0,-145.0,0,0,0,0,0,7,7,2,3.25,10.0,105.25,FAIL,PTO_NOMINAL_LT_13;PTO_RESIDUAL_LT_8
S2-REF-T6-BP1.75-OP1.75,STAGE_2_INNER_SUPPORT_AND_FASTENERS,REFINED_0.25_MM,1.75,0.0,METAL_PLATE_6MM_CANDIDATE,6.0,0.0,1.75,REVERSED_AWAY_FROM_BELT,STANDARD_REVERSED,11.5,6.5,15.5,10.5,12.75,21.25,6.0,8.5,290.0,145.0,-145.0,0,0,0,0,0,7,7,2,3.5,10.0,109.5,FAIL,PTO_NOMINAL_LT_13;PTO_RESIDUAL_LT_8
S2-REF-T6-BP1.75-OP2.00,STAGE_2_INNER_SUPPORT_AND_FASTENERS,REFINED_0.25_MM,1.75,0.0,METAL_PLATE_6MM_CANDIDATE,6.0,0.0,2.0,REVERSED_AWAY_FROM_BELT,STANDARD_REVERSED,11.75,6.75,15.5,10.5,12.75,21.25,6.0,8.5,290.0,145.0,-145.0,0,0,0,0,0,7,7,2,3.75,10.0,113.75,FAIL,PTO_NOMINAL_LT_13;PTO_RESIDUAL_LT_8
S2-REF-T6-BP1.75-OP2.25,STAGE_2_INNER_SUPPORT_AND_FASTENERS,REFINED_0.25_MM,1.75,0.0,METAL_PLATE_6MM_CANDIDATE,6.0,0.0,2.25,REVERSED_AWAY_FROM_BELT,STANDARD_REVERSED,12.0,7.0,15.5,10.5,12.75,21.25,6.0,8.5,290.0,145.0,-145.0,0,0,0,0,0,7,7,2,4.0,10.0,118.0,FAIL,PTO_NOMINAL_LT_13;PTO_RESIDUAL_LT_8
S2-REF-T6-BP1.75-OP2.50,STAGE_2_INNER_SUPPORT_AND_FASTENERS,REFINED_0.25_MM,1.75,0.0,METAL_PLATE_6MM_CANDIDATE,6.0,0.0,2.5,REVERSED_AWAY_FROM_BELT,STANDARD_REVERSED,12.25,7.25,15.5,10.5,12.75,21.25,6.0,8.5,290.0,145.0,-145.0,0,0,0,0,0,7,7,2,4.25,10.0,122.25,FAIL,PTO_NOMINAL_LT_13;PTO_RESIDUAL_LT_8
S2-REF-T6-BP1.75-OP2.75,STAGE_2_INNER_SUPPORT_AND_FASTENERS,REFINED_0.25_MM,1.75,0.0,METAL_PLATE_6MM_CANDIDATE,6.0,0.0,2.75,REVERSED_AWAY_FROM_BELT,STANDARD_REVERSED,12.5,7.5,15.5,10.5,12.75,21.25,6.0,8.5,290.0,145.0,-145.0,0,0,0,0,0,7,7,2,4.5,10.0,126.5,FAIL,PTO_NOMINAL_LT_13;PTO_RESIDUAL_LT_8
S2-REF-T6-BP1.75-OP3.00,STAGE_2_INNER_SUPPORT_AND_FASTENERS,REFINED_0.25_MM,1.75,0.0,METAL_PLATE_6MM_CANDIDATE,6.0,0.0,3.0,REVERSED_AWAY_FROM_BELT,STANDARD_REVERSED,12.75,7.75,15.5,10.5,12.75,21.25,6.0,8.5,290.0,145.0,-145.0,0,0,0,0,0,7,7,2,4.75,10.0,130.75,FAIL,PTO_NOMINAL_LT_13;PTO_RESIDUAL_LT_8
S2-REF-T6-BP1.75-OP3.25,STAGE_2_INNER_SUPPORT_AND_FASTENERS,REFINED_0.25_MM,1.75,0.0,METAL_PLATE_6MM_CANDIDATE,6.0,0.0,3.25,REVERSED_AWAY_FROM_BELT,STANDARD_REVERSED,13.0,8.0,15.5,10.5,12.75,21.25,6.0,8.5,290.0,145.0,-145.0,0,0,0,0,0,7,7,2,5.0,10.0,1135.0,CONDITIONAL_PASS,
S2-REF-T6-BP1.75-OP3.50,STAGE_2_INNER_SUPPORT_AND_FASTENERS,REFINED_0.25_MM,1.75,0.0,METAL_PLATE_6MM_CANDIDATE,6.0,0.0,3.5,REVERSED_AWAY_FROM_BELT,STANDARD_REVERSED,13.25,8.25,15.5,10.5,12.75,21.25,6.0,8.5,290.0,145.0,-145.0,0,0,0,0,0,7,7,2,5.25,10.0,1139.25,CONDITIONAL_PASS,
S2-REF-T6-BP1.75-OP3.75,STAGE_2_INNER_SUPPORT_AND_FASTENERS,REFINED_0.25_MM,1.75,0.0,METAL_PLATE_6MM_CANDIDATE,6.0,0.0,3.75,REVERSED_AWAY_FROM_BELT,STANDARD_REVERSED,13.5,8.5,15.5,10.5,12.75,21.25,6.0,8.5,290.0,145.0,-145.0,0,0,0,0,0,7,7,2,5.5,10.0,1143.5,CONDITIONAL_PASS,
S2-REF-T6-BP1.75-OP4.00,STAGE_2_INNER_SUPPORT_AND_FASTENERS,REFINED_0.25_MM,1.75,0.0,METAL_PLATE_6MM_CANDIDATE,6.0,0.0,4.0,REVERSED_AWAY_FROM_BELT,STANDARD_REVERSED,13.75,8.75,15.5,10.5,12.75,21.25,6.0,8.5,290.0,145.0,-145.0,0,0,0,0,0,7,7,2,5.75,10.0,1147.75,CONDITIONAL_PASS,
S2-REF-T6-BP1.75-OP4.25,STAGE_2_INNER_SUPPORT_AND_FASTENERS,REFINED_0.25_MM,1.75,0.0,METAL_PLATE_6MM_CANDIDATE,6.0,0.0,4.25,REVERSED_AWAY_FROM_BELT,STANDARD_REVERSED,14.0,9.0,15.5,10.5,12.75,21.25,6.0,8.5,290.0,145.0,-145.0,0,0,0,0,0,7,7,2,6.0,10.0,1152.0,CONDITIONAL_PASS,
S2-REF-T6-BP1.75-OP4.50,STAGE_2_INNER_SUPPORT_AND_FASTENERS,REFINED_0.25_MM,1.75,0.0,METAL_PLATE_6MM_CANDIDATE,6.0,0.0,4.5,REVERSED_AWAY_FROM_BELT,STANDARD_REVERSED,14.25,9.25,15.5,10.5,12.75,21.25,6.0,8.5,290.0,145.0,-145.0,0,0,0,0,0,7,7,2,6.25,10.0,1156.25,CONDITIONAL_PASS,
S2-REF-T6-BP1.75-OP4.75,STAGE_2_INNER_SUPPORT_AND_FASTENERS,REFINED_0.25_MM,1.75,0.0,METAL_PLATE_6MM_CANDIDATE,6.0,0.0,4.75,REVERSED_AWAY_FROM_BELT,STANDARD_REVERSED,14.25,9.25,15.5,10.5,12.75,21.25,6.0,8.5,290.0,145.0,-145.0,0,0,0,0,0,7,7,2,6.5,10.0,1155.5,CONDITIONAL_PASS,
S2-REF-T6-BP1.75-OP5.00,STAGE_2_INNER_SUPPORT_AND_FASTENERS,REFINED_0.25_MM,1.75,0.0,METAL_PLATE_6MM_CANDIDATE,6.0,0.0,5.0,REVERSED_AWAY_FROM_BELT,STANDARD_REVERSED,14.25,9.25,15.5,10.5,12.75,21.25,6.0,8.5,290.0,145.0,-145.0,0,0,0,0,0,7,7,2,6.75,10.0,1154.75,CONDITIONAL_PASS,
S2-REF-T6-BP1.75-OP5.25,STAGE_2_INNER_SUPPORT_AND_FASTENERS,REFINED_0.25_MM,1.75,0.0,METAL_PLATE_6MM_CANDIDATE,6.0,0.0,5.25,REVERSED_AWAY_FROM_BELT,STANDARD_REVERSED,14.25,9.25,15.5,10.5,12.75,21.25,6.0,8.5,290.0,145.0,-145.0,0,0,0,0,0,7,7,2,7.0,10.0,1154.0,CONDITIONAL_PASS,
S2-REF-T6-BP1.75-OP5.50,STAGE_2_INNER_SUPPORT_AND_FASTENERS,REFINED_0.25_MM,1.75,0.0,METAL_PLATE_6MM_CANDIDATE,6.0,0.0,5.5,REVERSED_AWAY_FROM_BELT,STANDARD_REVERSED,14.25,9.25,15.5,10.5,12.75,21.25,6.0,8.5,290.0,145.0,-145.0,0,0,0,0,0,7,7,2,7.25,10.0,1153.25,CONDITIONAL_PASS,
S2-REF-T6-BP1.75-OP5.75,STAGE_2_INNER_SUPPORT_AND_FASTENERS,REFINED_0.25_MM,1.75,0.0,METAL_PLATE_6MM_CANDIDATE,6.0,0.0,5.75,REVERSED_AWAY_FROM_BELT,STANDARD_REVERSED,14.25,9.25,15.5,10.5,12.75,21.25,6.0,8.5,290.0,145.0,-145.0,0,0,0,0,0,7,7,2,7.5,10.0,1152.5,CONDITIONAL_PASS,
S2-REF-T6-BP1.75-OP6.00,STAGE_2_INNER_SUPPORT_AND_FASTENERS,REFINED_0.25_MM,1.75,0.0,METAL_PLATE_6MM_CANDIDATE,6.0,0.0,6.0,REVERSED_AWAY_FROM_BELT,STANDARD_REVERSED,14.25,9.25,15.5,10.5,12.75,21.25,6.0,8.5,290.0,145.0,-145.0,0,0,0,0,0,7,7,2,7.75,10.0,1151.75,CONDITIONAL_PASS,
S2-REF-T6-BP1.75-OP6.25,STAGE_2_INNER_SUPPORT_AND_FASTENERS,REFINED_0.25_MM,1.75,0.0,METAL_PLATE_6MM_CANDIDATE,6.0,0.0,6.25,REVERSED_AWAY_FROM_BELT,STANDARD_REVERSED,14.25,9.25,15.5,10.5,12.75,21.25,6.0,8.5,290.0,145.0,-145.0,0,0,0,0,0,7,7,2,8.0,10.0,1151.0,CONDITIONAL_PASS,
S2-REF-T6-BP1.75-OP6.50,STAGE_2_INNER_SUPPORT_AND_FASTENERS,REFINED_0.25_MM,1.75,0.0,METAL_PLATE_6MM_CANDIDATE,6.0,0.0,6.5,REVERSED_AWAY_FROM_BELT,STANDARD_REVERSED,14.25,9.25,15.5,10.5,12.75,21.25,6.0,8.5,290.0,145.0,-145.0,0,0,0,0,0,7,7,2,8.25,10.0,1150.25,CONDITIONAL_PASS,
S2-REF-T6-BP1.75-OP6.75,STAGE_2_INNER_SUPPORT_AND_FASTENERS,REFINED_0.25_MM,1.75,0.0,METAL_PLATE_6MM_CANDIDATE,6.0,0.0,6.75,REVERSED_AWAY_FROM_BELT,STANDARD_REVERSED,14.25,9.25,15.5,10.5,12.75,21.25,6.0,8.5,290.0,145.0,-145.0,0,0,0,0,0,7,7,2,8.5,10.0,1149.5,CONDITIONAL_PASS,
S2-REF-T6-BP1.75-OP7.00,STAGE_2_INNER_SUPPORT_AND_FASTENERS,REFINED_0.25_MM,1.75,0.0,METAL_PLATE_6MM_CANDIDATE,6.0,0.0,7.0,REVERSED_AWAY_FROM_BELT,STANDARD_REVERSED,14.25,9.25,15.5,10.5,12.75,21.25,6.0,8.5,290.0,145.0,-145.0,0,0,0,0,0,7,7,2,8.75,10.0,1148.75,CONDITIONAL_PASS,
S2-REF-T6-BP2.00-OP1.00,STAGE_2_INNER_SUPPORT_AND_FASTENERS,REFINED_0.25_MM,2.0,0.0,METAL_PLATE_6MM_CANDIDATE,6.0,0.0,1.0,REVERSED_AWAY_FROM_BELT,STANDARD_REVERSED,10.5,5.5,15.5,10.5,13.0,21.5,6.0,8.5,290.0,145.0,-145.0,0,0,0,0,0,7,7,2,3.0,10.0,91.0,FAIL,PTO_NOMINAL_LT_13;PTO_RESIDUAL_LT_8
S2-REF-T6-BP2.00-OP1.25,STAGE_2_INNER_SUPPORT_AND_FASTENERS,REFINED_0.25_MM,2.0,0.0,METAL_PLATE_6MM_CANDIDATE,6.0,0.0,1.25,REVERSED_AWAY_FROM_BELT,STANDARD_REVERSED,10.75,5.75,15.5,10.5,13.0,21.5,6.0,8.5,290.0,145.0,-145.0,0,0,0,0,0,7,7,2,3.25,10.0,95.25,FAIL,PTO_NOMINAL_LT_13;PTO_RESIDUAL_LT_8
S2-REF-T6-BP2.00-OP1.50,STAGE_2_INNER_SUPPORT_AND_FASTENERS,REFINED_0.25_MM,2.0,0.0,METAL_PLATE_6MM_CANDIDATE,6.0,0.0,1.5,REVERSED_AWAY_FROM_BELT,STANDARD_REVERSED,11.0,6.0,15.5,10.5,13.0,21.5,6.0,8.5,290.0,145.0,-145.0,0,0,0,0,0,7,7,2,3.5,10.0,99.5,FAIL,PTO_NOMINAL_LT_13;PTO_RESIDUAL_LT_8
S2-REF-T6-BP2.00-OP1.75,STAGE_2_INNER_SUPPORT_AND_FASTENERS,REFINED_0.25_MM,2.0,0.0,METAL_PLATE_6MM_CANDIDATE,6.0,0.0,1.75,REVERSED_AWAY_FROM_BELT,STANDARD_REVERSED,11.25,6.25,15.5,10.5,13.0,21.5,6.0,8.5,290.0,145.0,-145.0,0,0,0,0,0,7,7,2,3.75,10.0,103.75,FAIL,PTO_NOMINAL_LT_13;PTO_RESIDUAL_LT_8
S2-REF-T6-BP2.00-OP2.00,STAGE_2_INNER_SUPPORT_AND_FASTENERS,REFINED_0.25_MM,2.0,0.0,METAL_PLATE_6MM_CANDIDATE,6.0,0.0,2.0,REVERSED_AWAY_FROM_BELT,STANDARD_REVERSED,11.5,6.5,15.5,10.5,13.0,21.5,6.0,8.5,290.0,145.0,-145.0,0,0,0,0,0,7,7,2,4.0,10.0,108.0,FAIL,PTO_NOMINAL_LT_13;PTO_RESIDUAL_LT_8
S2-REF-T6-BP2.00-OP2.25,STAGE_2_INNER_SUPPORT_AND_FASTENERS,REFINED_0.25_MM,2.0,0.0,METAL_PLATE_6MM_CANDIDATE,6.0,0.0,2.25,REVERSED_AWAY_FROM_BELT,STANDARD_REVERSED,11.75,6.75,15.5,10.5,13.0,21.5,6.0,8.5,290.0,145.0,-145.0,0,0,0,0,0,7,7,2,4.25,10.0,112.25,FAIL,PTO_NOMINAL_LT_13;PTO_RESIDUAL_LT_8
S2-REF-T6-BP2.00-OP2.50,STAGE_2_INNER_SUPPORT_AND_FASTENERS,REFINED_0.25_MM,2.0,0.0,METAL_PLATE_6MM_CANDIDATE,6.0,0.0,2.5,REVERSED_AWAY_FROM_BELT,STANDARD_REVERSED,12.0,7.0,15.5,10.5,13.0,21.5,6.0,8.5,290.0,145.0,-145.0,0,0,0,0,0,7,7,2,4.5,10.0,116.5,FAIL,PTO_NOMINAL_LT_13;PTO_RESIDUAL_LT_8
S2-REF-T6-BP2.00-OP2.75,STAGE_2_INNER_SUPPORT_AND_FASTENERS,REFINED_0.25_MM,2.0,0.0,METAL_PLATE_6MM_CANDIDATE,6.0,0.0,2.75,REVERSED_AWAY_FROM_BELT,STANDARD_REVERSED,12.25,7.25,15.5,10.5,13.0,21.5,6.0,8.5,290.0,145.0,-145.0,0,0,0,0,0,7,7,2,4.75,10.0,120.75,FAIL,PTO_NOMINAL_LT_13;PTO_RESIDUAL_LT_8
S2-REF-T6-BP2.00-OP3.00,STAGE_2_INNER_SUPPORT_AND_FASTENERS,REFINED_0.25_MM,2.0,0.0,METAL_PLATE_6MM_CANDIDATE,6.0,0.0,3.0,REVERSED_AWAY_FROM_BELT,STANDARD_REVERSED,12.5,7.5,15.5,10.5,13.0,21.5,6.0,8.5,290.0,145.0,-145.0,0,0,0,0,0,7,7,2,5.0,10.0,125.0,FAIL,PTO_NOMINAL_LT_13;PTO_RESIDUAL_LT_8
S2-REF-T6-BP2.00-OP3.25,STAGE_2_INNER_SUPPORT_AND_FASTENERS,REFINED_0.25_MM,2.0,0.0,METAL_PLATE_6MM_CANDIDATE,6.0,0.0,3.25,REVERSED_AWAY_FROM_BELT,STANDARD_REVERSED,12.75,7.75,15.5,10.5,13.0,21.5,6.0,8.5,290.0,145.0,-145.0,0,0,0,0,0,7,7,2,5.25,10.0,129.25,FAIL,PTO_NOMINAL_LT_13;PTO_RESIDUAL_LT_8
S2-REF-T6-BP2.00-OP3.50,STAGE_2_INNER_SUPPORT_AND_FASTENERS,REFINED_0.25_MM,2.0,0.0,METAL_PLATE_6MM_CANDIDATE,6.0,0.0,3.5,REVERSED_AWAY_FROM_BELT,STANDARD_REVERSED,13.0,8.0,15.5,10.5,13.0,21.5,6.0,8.5,290.0,145.0,-145.0,0,0,0,0,0,7,7,2,5.5,10.0,1133.5,CONDITIONAL_PASS,
S2-REF-T6-BP2.00-OP3.75,STAGE_2_INNER_SUPPORT_AND_FASTENERS,REFINED_0.25_MM,2.0,0.0,METAL_PLATE_6MM_CANDIDATE,6.0,0.0,3.75,REVERSED_AWAY_FROM_BELT,STANDARD_REVERSED,13.25,8.25,15.5,10.5,13.0,21.5,6.0,8.5,290.0,145.0,-145.0,0,0,0,0,0,7,7,2,5.75,10.0,1137.75,CONDITIONAL_PASS,
S2-REF-T6-BP2.00-OP4.00,STAGE_2_INNER_SUPPORT_AND_FASTENERS,REFINED_0.25_MM,2.0,0.0,METAL_PLATE_6MM_CANDIDATE,6.0,0.0,4.0,REVERSED_AWAY_FROM_BELT,STANDARD_REVERSED,13.5,8.5,15.5,10.5,13.0,21.5,6.0,8.5,290.0,145.0,-145.0,0,0,0,0,0,7,7,2,6.0,10.0,1142.0,CONDITIONAL_PASS,
S2-REF-T6-BP2.00-OP4.25,STAGE_2_INNER_SUPPORT_AND_FASTENERS,REFINED_0.25_MM,2.0,0.0,METAL_PLATE_6MM_CANDIDATE,6.0,0.0,4.25,REVERSED_AWAY_FROM_BELT,STANDARD_REVERSED,13.75,8.75,15.5,10.5,13.0,21.5,6.0,8.5,290.0,145.0,-145.0,0,0,0,0,0,7,7,2,6.25,10.0,1146.25,CONDITIONAL_PASS,
S2-REF-T6-BP2.00-OP4.50,STAGE_2_INNER_SUPPORT_AND_FASTENERS,REFINED_0.25_MM,2.0,0.0,METAL_PLATE_6MM_CANDIDATE,6.0,0.0,4.5,REVERSED_AWAY_FROM_BELT,STANDARD_REVERSED,14.0,9.0,15.5,10.5,13.0,21.5,6.0,8.5,290.0,145.0,-145.0,0,0,0,0,0,7,7,2,6.5,10.0,1150.5,CONDITIONAL_PASS,
S2-REF-T6-BP2.00-OP4.75,STAGE_2_INNER_SUPPORT_AND_FASTENERS,REFINED_0.25_MM,2.0,0.0,METAL_PLATE_6MM_CANDIDATE,6.0,0.0,4.75,REVERSED_AWAY_FROM_BELT,STANDARD_REVERSED,14.25,9.25,15.5,10.5,13.0,21.5,6.0,8.5,290.0,145.0,-145.0,0,0,0,0,0,7,7,2,6.75,10.0,1154.75,CONDITIONAL_PASS,
S2-REF-T6-BP2.00-OP5.00,STAGE_2_INNER_SUPPORT_AND_FASTENERS,REFINED_0.25_MM,2.0,0.0,METAL_PLATE_6MM_CANDIDATE,6.0,0.0,5.0,REVERSED_AWAY_FROM_BELT,STANDARD_REVERSED,14.5,9.5,15.5,10.5,13.0,21.5,6.0,8.5,290.0,145.0,-145.0,0,0,0,0,0,7,7,2,7.0,10.0,1159.0,CONDITIONAL_PASS,
S2-REF-T6-BP2.00-OP5.25,STAGE_2_INNER_SUPPORT_AND_FASTENERS,REFINED_0.25_MM,2.0,0.0,METAL_PLATE_6MM_CANDIDATE,6.0,0.0,5.25,REVERSED_AWAY_FROM_BELT,STANDARD_REVERSED,14.5,9.5,15.5,10.5,13.0,21.5,6.0,8.5,290.0,145.0,-145.0,0,0,0,0,0,7,7,2,7.25,10.0,1158.25,CONDITIONAL_PASS,
S2-REF-T6-BP2.00-OP5.50,STAGE_2_INNER_SUPPORT_AND_FASTENERS,REFINED_0.25_MM,2.0,0.0,METAL_PLATE_6MM_CANDIDATE,6.0,0.0,5.5,REVERSED_AWAY_FROM_BELT,STANDARD_REVERSED,14.5,9.5,15.5,10.5,13.0,21.5,6.0,8.5,290.0,145.0,-145.0,0,0,0,0,0,7,7,2,7.5,10.0,1157.5,CONDITIONAL_PASS,
S2-REF-T6-BP2.00-OP5.75,STAGE_2_INNER_SUPPORT_AND_FASTENERS,REFINED_0.25_MM,2.0,0.0,METAL_PLATE_6MM_CANDIDATE,6.0,0.0,5.75,REVERSED_AWAY_FROM_BELT,STANDARD_REVERSED,14.5,9.5,15.5,10.5,13.0,21.5,6.0,8.5,290.0,145.0,-145.0,0,0,0,0,0,7,7,2,7.75,10.0,1156.75,CONDITIONAL_PASS,
S2-REF-T6-BP2.00-OP6.00,STAGE_2_INNER_SUPPORT_AND_FASTENERS,REFINED_0.25_MM,2.0,0.0,METAL_PLATE_6MM_CANDIDATE,6.0,0.0,6.0,REVERSED_AWAY_FROM_BELT,STANDARD_REVERSED,14.5,9.5,15.5,10.5,13.0,21.5,6.0,8.5,290.0,145.0,-145.0,0,0,0,0,0,7,7,2,8.0,10.0,1156.0,CONDITIONAL_PASS,
S2-REF-T6-BP2.00-OP6.25,STAGE_2_INNER_SUPPORT_AND_FASTENERS,REFINED_0.25_MM,2.0,0.0,METAL_PLATE_6MM_CANDIDATE,6.0,0.0,6.25,REVERSED_AWAY_FROM_BELT,STANDARD_REVERSED,14.5,9.5,15.5,10.5,13.0,21.5,6.0,8.5,290.0,145.0,-145.0,0,0,0,0,0,7,7,2,8.25,10.0,1155.25,CONDITIONAL_PASS,
S2-REF-T6-BP2.00-OP6.50,STAGE_2_INNER_SUPPORT_AND_FASTENERS,REFINED_0.25_MM,2.0,0.0,METAL_PLATE_6MM_CANDIDATE,6.0,0.0,6.5,REVERSED_AWAY_FROM_BELT,STANDARD_REVERSED,14.5,9.5,15.5,10.5,13.0,21.5,6.0,8.5,290.0,145.0,-145.0,0,0,0,0,0,7,7,2,8.5,10.0,1154.5,CONDITIONAL_PASS,
S2-REF-T6-BP2.00-OP6.75,STAGE_2_INNER_SUPPORT_AND_FASTENERS,REFINED_0.25_MM,2.0,0.0,METAL_PLATE_6MM_CANDIDATE,6.0,0.0,6.75,REVERSED_AWAY_FROM_BELT,STANDARD_REVERSED,14.5,9.5,15.5,10.5,13.0,21.5,6.0,8.5,290.0,145.0,-145.0,0,0,0,0,0,7,7,2,8.75,10.0,1153.75,CONDITIONAL_PASS,
S2-REF-T6-BP2.00-OP7.00,STAGE_2_INNER_SUPPORT_AND_FASTENERS,REFINED_0.25_MM,2.0,0.0,METAL_PLATE_6MM_CANDIDATE,6.0,0.0,7.0,REVERSED_AWAY_FROM_BELT,STANDARD_REVERSED,14.5,9.5,15.5,10.5,13.0,21.5,6.0,8.5,290.0,145.0,-145.0,0,0,0,0,0,7,7,2,9.0,10.0,1153.0,CONDITIONAL_PASS,
S2-REF-T6-BP2.25-OP1.00,STAGE_2_INNER_SUPPORT_AND_FASTENERS,REFINED_0.25_MM,2.25,0.0,METAL_PLATE_6MM_CANDIDATE,6.0,0.0,1.0,REVERSED_AWAY_FROM_BELT,STANDARD_REVERSED,10.25,5.25,15.5,10.5,13.25,21.75,6.0,8.5,290.0,145.0,-145.0,0,0,0,0,0,7,7,2,3.25,10.0,85.25,FAIL,PTO_NOMINAL_LT_13;PTO_RESIDUAL_LT_8
S2-REF-T6-BP2.25-OP1.25,STAGE_2_INNER_SUPPORT_AND_FASTENERS,REFINED_0.25_MM,2.25,0.0,METAL_PLATE_6MM_CANDIDATE,6.0,0.0,1.25,REVERSED_AWAY_FROM_BELT,STANDARD_REVERSED,10.5,5.5,15.5,10.5,13.25,21.75,6.0,8.5,290.0,145.0,-145.0,0,0,0,0,0,7,7,2,3.5,10.0,89.5,FAIL,PTO_NOMINAL_LT_13;PTO_RESIDUAL_LT_8
S2-REF-T6-BP2.25-OP1.50,STAGE_2_INNER_SUPPORT_AND_FASTENERS,REFINED_0.25_MM,2.25,0.0,METAL_PLATE_6MM_CANDIDATE,6.0,0.0,1.5,REVERSED_AWAY_FROM_BELT,STANDARD_REVERSED,10.75,5.75,15.5,10.5,13.25,21.75,6.0,8.5,290.0,145.0,-145.0,0,0,0,0,0,7,7,2,3.75,10.0,93.75,FAIL,PTO_NOMINAL_LT_13;PTO_RESIDUAL_LT_8
S2-REF-T6-BP2.25-OP1.75,STAGE_2_INNER_SUPPORT_AND_FASTENERS,REFINED_0.25_MM,2.25,0.0,METAL_PLATE_6MM_CANDIDATE,6.0,0.0,1.75,REVERSED_AWAY_FROM_BELT,STANDARD_REVERSED,11.0,6.0,15.5,10.5,13.25,21.75,6.0,8.5,290.0,145.0,-145.0,0,0,0,0,0,7,7,2,4.0,10.0,98.0,FAIL,PTO_NOMINAL_LT_13;PTO_RESIDUAL_LT_8
S2-REF-T6-BP2.25-OP2.00,STAGE_2_INNER_SUPPORT_AND_FASTENERS,REFINED_0.25_MM,2.25,0.0,METAL_PLATE_6MM_CANDIDATE,6.0,0.0,2.0,REVERSED_AWAY_FROM_BELT,STANDARD_REVERSED,11.25,6.25,15.5,10.5,13.25,21.75,6.0,8.5,290.0,145.0,-145.0,0,0,0,0,0,7,7,2,4.25,10.0,102.25,FAIL,PTO_NOMINAL_LT_13;PTO_RESIDUAL_LT_8
S2-REF-T6-BP2.25-OP2.25,STAGE_2_INNER_SUPPORT_AND_FASTENERS,REFINED_0.25_MM,2.25,0.0,METAL_PLATE_6MM_CANDIDATE,6.0,0.0,2.25,REVERSED_AWAY_FROM_BELT,STANDARD_REVERSED,11.5,6.5,15.5,10.5,13.25,21.75,6.0,8.5,290.0,145.0,-145.0,0,0,0,0,0,7,7,2,4.5,10.0,106.5,FAIL,PTO_NOMINAL_LT_13;PTO_RESIDUAL_LT_8
S2-REF-T6-BP2.25-OP2.50,STAGE_2_INNER_SUPPORT_AND_FASTENERS,REFINED_0.25_MM,2.25,0.0,METAL_PLATE_6MM_CANDIDATE,6.0,0.0,2.5,REVERSED_AWAY_FROM_BELT,STANDARD_REVERSED,11.75,6.75,15.5,10.5,13.25,21.75,6.0,8.5,290.0,145.0,-145.0,0,0,0,0,0,7,7,2,4.75,10.0,110.75,FAIL,PTO_NOMINAL_LT_13;PTO_RESIDUAL_LT_8
S2-REF-T6-BP2.25-OP2.75,STAGE_2_INNER_SUPPORT_AND_FASTENERS,REFINED_0.25_MM,2.25,0.0,METAL_PLATE_6MM_CANDIDATE,6.0,0.0,2.75,REVERSED_AWAY_FROM_BELT,STANDARD_REVERSED,12.0,7.0,15.5,10.5,13.25,21.75,6.0,8.5,290.0,145.0,-145.0,0,0,0,0,0,7,7,2,5.0,10.0,115.0,FAIL,PTO_NOMINAL_LT_13;PTO_RESIDUAL_LT_8
S2-REF-T6-BP2.25-OP3.00,STAGE_2_INNER_SUPPORT_AND_FASTENERS,REFINED_0.25_MM,2.25,0.0,METAL_PLATE_6MM_CANDIDATE,6.0,0.0,3.0,REVERSED_AWAY_FROM_BELT,STANDARD_REVERSED,12.25,7.25,15.5,10.5,13.25,21.75,6.0,8.5,290.0,145.0,-145.0,0,0,0,0,0,7,7,2,5.25,10.0,119.25,FAIL,PTO_NOMINAL_LT_13;PTO_RESIDUAL_LT_8
S2-REF-T6-BP2.25-OP3.25,STAGE_2_INNER_SUPPORT_AND_FASTENERS,REFINED_0.25_MM,2.25,0.0,METAL_PLATE_6MM_CANDIDATE,6.0,0.0,3.25,REVERSED_AWAY_FROM_BELT,STANDARD_REVERSED,12.5,7.5,15.5,10.5,13.25,21.75,6.0,8.5,290.0,145.0,-145.0,0,0,0,0,0,7,7,2,5.5,10.0,123.5,FAIL,PTO_NOMINAL_LT_13;PTO_RESIDUAL_LT_8
S2-REF-T6-BP2.25-OP3.50,STAGE_2_INNER_SUPPORT_AND_FASTENERS,REFINED_0.25_MM,2.25,0.0,METAL_PLATE_6MM_CANDIDATE,6.0,0.0,3.5,REVERSED_AWAY_FROM_BELT,STANDARD_REVERSED,12.75,7.75,15.5,10.5,13.25,21.75,6.0,8.5,290.0,145.0,-145.0,0,0,0,0,0,7,7,2,5.75,10.0,127.75,FAIL,PTO_NOMINAL_LT_13;PTO_RESIDUAL_LT_8
S2-REF-T6-BP2.25-OP3.75,STAGE_2_INNER_SUPPORT_AND_FASTENERS,REFINED_0.25_MM,2.25,0.0,METAL_PLATE_6MM_CANDIDATE,6.0,0.0,3.75,REVERSED_AWAY_FROM_BELT,STANDARD_REVERSED,13.0,8.0,15.5,10.5,13.25,21.75,6.0,8.5,290.0,145.0,-145.0,0,0,0,0,0,7,7,2,6.0,10.0,1132.0,CONDITIONAL_PASS,
S2-REF-T6-BP2.25-OP4.00,STAGE_2_INNER_SUPPORT_AND_FASTENERS,REFINED_0.25_MM,2.25,0.0,METAL_PLATE_6MM_CANDIDATE,6.0,0.0,4.0,REVERSED_AWAY_FROM_BELT,STANDARD_REVERSED,13.25,8.25,15.5,10.5,13.25,21.75,6.0,8.5,290.0,145.0,-145.0,0,0,0,0,0,7,7,2,6.25,10.0,1136.25,CONDITIONAL_PASS,
S2-REF-T6-BP2.25-OP4.25,STAGE_2_INNER_SUPPORT_AND_FASTENERS,REFINED_0.25_MM,2.25,0.0,METAL_PLATE_6MM_CANDIDATE,6.0,0.0,4.25,REVERSED_AWAY_FROM_BELT,STANDARD_REVERSED,13.5,8.5,15.5,10.5,13.25,21.75,6.0,8.5,290.0,145.0,-145.0,0,0,0,0,0,7,7,2,6.5,10.0,1140.5,CONDITIONAL_PASS,
S2-REF-T6-BP2.25-OP4.50,STAGE_2_INNER_SUPPORT_AND_FASTENERS,REFINED_0.25_MM,2.25,0.0,METAL_PLATE_6MM_CANDIDATE,6.0,0.0,4.5,REVERSED_AWAY_FROM_BELT,STANDARD_REVERSED,13.75,8.75,15.5,10.5,13.25,21.75,6.0,8.5,290.0,145.0,-145.0,0,0,0,0,0,7,7,2,6.75,10.0,1144.75,CONDITIONAL_PASS,
S2-REF-T6-BP2.25-OP4.75,STAGE_2_INNER_SUPPORT_AND_FASTENERS,REFINED_0.25_MM,2.25,0.0,METAL_PLATE_6MM_CANDIDATE,6.0,0.0,4.75,REVERSED_AWAY_FROM_BELT,STANDARD_REVERSED,14.0,9.0,15.5,10.5,13.25,21.75,6.0,8.5,290.0,145.0,-145.0,0,0,0,0,0,7,7,2,7.0,10.0,1149.0,CONDITIONAL_PASS,
S2-REF-T6-BP2.25-OP5.00,STAGE_2_INNER_SUPPORT_AND_FASTENERS,REFINED_0.25_MM,2.25,0.0,METAL_PLATE_6MM_CANDIDATE,6.0,0.0,5.0,REVERSED_AWAY_FROM_BELT,STANDARD_REVERSED,14.25,9.25,15.5,10.5,13.25,21.75,6.0,8.5,290.0,145.0,-145.0,0,0,0,0,0,7,7,2,7.25,10.0,1153.25,CONDITIONAL_PASS,
S2-REF-T6-BP2.25-OP5.25,STAGE_2_INNER_SUPPORT_AND_FASTENERS,REFINED_0.25_MM,2.25,0.0,METAL_PLATE_6MM_CANDIDATE,6.0,0.0,5.25,REVERSED_AWAY_FROM_BELT,STANDARD_REVERSED,14.5,9.5,15.5,10.5,13.25,21.75,6.0,8.5,290.0,145.0,-145.0,0,0,0,0,0,7,7,2,7.5,10.0,1157.5,CONDITIONAL_PASS,
S2-REF-T6-BP2.25-OP5.50,STAGE_2_INNER_SUPPORT_AND_FASTENERS,REFINED_0.25_MM,2.25,0.0,METAL_PLATE_6MM_CANDIDATE,6.0,0.0,5.5,REVERSED_AWAY_FROM_BELT,STANDARD_REVERSED,14.75,9.75,15.5,10.5,13.25,21.75,6.0,8.5,290.0,145.0,-145.0,0,0,0,0,0,7,7,2,7.75,10.0,1161.75,CONDITIONAL_PASS,
S2-REF-T6-BP2.25-OP5.75,STAGE_2_INNER_SUPPORT_AND_FASTENERS,REFINED_0.25_MM,2.25,0.0,METAL_PLATE_6MM_CANDIDATE,6.0,0.0,5.75,REVERSED_AWAY_FROM_BELT,STANDARD_REVERSED,14.75,9.75,15.5,10.5,13.25,21.75,6.0,8.5,290.0,145.0,-145.0,0,0,0,0,0,7,7,2,8.0,10.0,1161.0,CONDITIONAL_PASS,
S2-REF-T6-BP2.25-OP6.00,STAGE_2_INNER_SUPPORT_AND_FASTENERS,REFINED_0.25_MM,2.25,0.0,METAL_PLATE_6MM_CANDIDATE,6.0,0.0,6.0,REVERSED_AWAY_FROM_BELT,STANDARD_REVERSED,14.75,9.75,15.5,10.5,13.25,21.75,6.0,8.5,290.0,145.0,-145.0,0,0,0,0,0,7,7,2,8.25,10.0,1160.25,CONDITIONAL_PASS,
S2-REF-T6-BP2.25-OP6.25,STAGE_2_INNER_SUPPORT_AND_FASTENERS,REFINED_0.25_MM,2.25,0.0,METAL_PLATE_6MM_CANDIDATE,6.0,0.0,6.25,REVERSED_AWAY_FROM_BELT,STANDARD_REVERSED,14.75,9.75,15.5,10.5,13.25,21.75,6.0,8.5,290.0,145.0,-145.0,0,0,0,0,0,7,7,2,8.5,10.0,1159.5,CONDITIONAL_PASS,
S2-REF-T6-BP2.25-OP6.50,STAGE_2_INNER_SUPPORT_AND_FASTENERS,REFINED_0.25_MM,2.25,0.0,METAL_PLATE_6MM_CANDIDATE,6.0,0.0,6.5,REVERSED_AWAY_FROM_BELT,STANDARD_REVERSED,14.75,9.75,15.5,10.5,13.25,21.75,6.0,8.5,290.0,145.0,-145.0,0,0,0,0,0,7,7,2,8.75,10.0,1158.75,CONDITIONAL_PASS,
S2-REF-T6-BP2.25-OP6.75,STAGE_2_INNER_SUPPORT_AND_FASTENERS,REFINED_0.25_MM,2.25,0.0,METAL_PLATE_6MM_CANDIDATE,6.0,0.0,6.75,REVERSED_AWAY_FROM_BELT,STANDARD_REVERSED,14.75,9.75,15.5,10.5,13.25,21.75,6.0,8.5,290.0,145.0,-145.0,0,0,0,0,0,7,7,2,9.0,10.0,1158.0,CONDITIONAL_PASS,
S2-REF-T6-BP2.25-OP7.00,STAGE_2_INNER_SUPPORT_AND_FASTENERS,REFINED_0.25_MM,2.25,0.0,METAL_PLATE_6MM_CANDIDATE,6.0,0.0,7.0,REVERSED_AWAY_FROM_BELT,STANDARD_REVERSED,14.75,9.75,15.5,10.5,13.25,21.75,6.0,8.5,290.0,145.0,-145.0,0,0,0,0,0,7,7,2,9.25,10.0,1157.25,CONDITIONAL_PASS,
S2-REF-T6-BP2.50-OP1.00,STAGE_2_INNER_SUPPORT_AND_FASTENERS,REFINED_0.25_MM,2.5,0.0,METAL_PLATE_6MM_CANDIDATE,6.0,0.0,1.0,REVERSED_AWAY_FROM_BELT,STANDARD_REVERSED,10.0,5.0,15.5,10.5,13.5,22.0,6.0,8.5,290.0,145.0,-145.0,0,0,0,0,0,7,7,2,3.5,10.0,79.5,FAIL,PTO_NOMINAL_LT_13;PTO_RESIDUAL_LT_8
S2-REF-T6-BP2.50-OP1.25,STAGE_2_INNER_SUPPORT_AND_FASTENERS,REFINED_0.25_MM,2.5,0.0,METAL_PLATE_6MM_CANDIDATE,6.0,0.0,1.25,REVERSED_AWAY_FROM_BELT,STANDARD_REVERSED,10.25,5.25,15.5,10.5,13.5,22.0,6.0,8.5,290.0,145.0,-145.0,0,0,0,0,0,7,7,2,3.75,10.0,83.75,FAIL,PTO_NOMINAL_LT_13;PTO_RESIDUAL_LT_8
S2-REF-T6-BP2.50-OP1.50,STAGE_2_INNER_SUPPORT_AND_FASTENERS,REFINED_0.25_MM,2.5,0.0,METAL_PLATE_6MM_CANDIDATE,6.0,0.0,1.5,REVERSED_AWAY_FROM_BELT,STANDARD_REVERSED,10.5,5.5,15.5,10.5,13.5,22.0,6.0,8.5,290.0,145.0,-145.0,0,0,0,0,0,7,7,2,4.0,10.0,88.0,FAIL,PTO_NOMINAL_LT_13;PTO_RESIDUAL_LT_8
S2-REF-T6-BP2.50-OP1.75,STAGE_2_INNER_SUPPORT_AND_FASTENERS,REFINED_0.25_MM,2.5,0.0,METAL_PLATE_6MM_CANDIDATE,6.0,0.0,1.75,REVERSED_AWAY_FROM_BELT,STANDARD_REVERSED,10.75,5.75,15.5,10.5,13.5,22.0,6.0,8.5,290.0,145.0,-145.0,0,0,0,0,0,7,7,2,4.25,10.0,92.25,FAIL,PTO_NOMINAL_LT_13;PTO_RESIDUAL_LT_8
S2-REF-T6-BP2.50-OP2.00,STAGE_2_INNER_SUPPORT_AND_FASTENERS,REFINED_0.25_MM,2.5,0.0,METAL_PLATE_6MM_CANDIDATE,6.0,0.0,2.0,REVERSED_AWAY_FROM_BELT,STANDARD_REVERSED,11.0,6.0,15.5,10.5,13.5,22.0,6.0,8.5,290.0,145.0,-145.0,0,0,0,0,0,7,7,2,4.5,10.0,96.5,FAIL,PTO_NOMINAL_LT_13;PTO_RESIDUAL_LT_8
S2-REF-T6-BP2.50-OP2.25,STAGE_2_INNER_SUPPORT_AND_FASTENERS,REFINED_0.25_MM,2.5,0.0,METAL_PLATE_6MM_CANDIDATE,6.0,0.0,2.25,REVERSED_AWAY_FROM_BELT,STANDARD_REVERSED,11.25,6.25,15.5,10.5,13.5,22.0,6.0,8.5,290.0,145.0,-145.0,0,0,0,0,0,7,7,2,4.75,10.0,100.75,FAIL,PTO_NOMINAL_LT_13;PTO_RESIDUAL_LT_8
S2-REF-T6-BP2.50-OP2.50,STAGE_2_INNER_SUPPORT_AND_FASTENERS,REFINED_0.25_MM,2.5,0.0,METAL_PLATE_6MM_CANDIDATE,6.0,0.0,2.5,REVERSED_AWAY_FROM_BELT,STANDARD_REVERSED,11.5,6.5,15.5,10.5,13.5,22.0,6.0,8.5,290.0,145.0,-145.0,0,0,0,0,0,7,7,2,5.0,10.0,105.0,FAIL,PTO_NOMINAL_LT_13;PTO_RESIDUAL_LT_8
S2-REF-T6-BP2.50-OP2.75,STAGE_2_INNER_SUPPORT_AND_FASTENERS,REFINED_0.25_MM,2.5,0.0,METAL_PLATE_6MM_CANDIDATE,6.0,0.0,2.75,REVERSED_AWAY_FROM_BELT,STANDARD_REVERSED,11.75,6.75,15.5,10.5,13.5,22.0,6.0,8.5,290.0,145.0,-145.0,0,0,0,0,0,7,7,2,5.25,10.0,109.25,FAIL,PTO_NOMINAL_LT_13;PTO_RESIDUAL_LT_8
S2-REF-T6-BP2.50-OP3.00,STAGE_2_INNER_SUPPORT_AND_FASTENERS,REFINED_0.25_MM,2.5,0.0,METAL_PLATE_6MM_CANDIDATE,6.0,0.0,3.0,REVERSED_AWAY_FROM_BELT,STANDARD_REVERSED,12.0,7.0,15.5,10.5,13.5,22.0,6.0,8.5,290.0,145.0,-145.0,0,0,0,0,0,7,7,2,5.5,10.0,113.5,FAIL,PTO_NOMINAL_LT_13;PTO_RESIDUAL_LT_8
S2-REF-T6-BP2.50-OP3.25,STAGE_2_INNER_SUPPORT_AND_FASTENERS,REFINED_0.25_MM,2.5,0.0,METAL_PLATE_6MM_CANDIDATE,6.0,0.0,3.25,REVERSED_AWAY_FROM_BELT,STANDARD_REVERSED,12.25,7.25,15.5,10.5,13.5,22.0,6.0,8.5,290.0,145.0,-145.0,0,0,0,0,0,7,7,2,5.75,10.0,117.75,FAIL,PTO_NOMINAL_LT_13;PTO_RESIDUAL_LT_8
S2-REF-T6-BP2.50-OP3.50,STAGE_2_INNER_SUPPORT_AND_FASTENERS,REFINED_0.25_MM,2.5,0.0,METAL_PLATE_6MM_CANDIDATE,6.0,0.0,3.5,REVERSED_AWAY_FROM_BELT,STANDARD_REVERSED,12.5,7.5,15.5,10.5,13.5,22.0,6.0,8.5,290.0,145.0,-145.0,0,0,0,0,0,7,7,2,6.0,10.0,122.0,FAIL,PTO_NOMINAL_LT_13;PTO_RESIDUAL_LT_8
S2-REF-T6-BP2.50-OP3.75,STAGE_2_INNER_SUPPORT_AND_FASTENERS,REFINED_0.25_MM,2.5,0.0,METAL_PLATE_6MM_CANDIDATE,6.0,0.0,3.75,REVERSED_AWAY_FROM_BELT,STANDARD_REVERSED,12.75,7.75,15.5,10.5,13.5,22.0,6.0,8.5,290.0,145.0,-145.0,0,0,0,0,0,7,7,2,6.25,10.0,126.25,FAIL,PTO_NOMINAL_LT_13;PTO_RESIDUAL_LT_8
S2-REF-T6-BP2.50-OP4.00,STAGE_2_INNER_SUPPORT_AND_FASTENERS,REFINED_0.25_MM,2.5,0.0,METAL_PLATE_6MM_CANDIDATE,6.0,0.0,4.0,REVERSED_AWAY_FROM_BELT,STANDARD_REVERSED,13.0,8.0,15.5,10.5,13.5,22.0,6.0,8.5,290.0,145.0,-145.0,0,0,0,0,0,7,7,2,6.5,10.0,1130.5,CONDITIONAL_PASS,
S2-REF-T6-BP2.50-OP4.25,STAGE_2_INNER_SUPPORT_AND_FASTENERS,REFINED_0.25_MM,2.5,0.0,METAL_PLATE_6MM_CANDIDATE,6.0,0.0,4.25,REVERSED_AWAY_FROM_BELT,STANDARD_REVERSED,13.25,8.25,15.5,10.5,13.5,22.0,6.0,8.5,290.0,145.0,-145.0,0,0,0,0,0,7,7,2,6.75,10.0,1134.75,CONDITIONAL_PASS,
S2-REF-T6-BP2.50-OP4.50,STAGE_2_INNER_SUPPORT_AND_FASTENERS,REFINED_0.25_MM,2.5,0.0,METAL_PLATE_6MM_CANDIDATE,6.0,0.0,4.5,REVERSED_AWAY_FROM_BELT,STANDARD_REVERSED,13.5,8.5,15.5,10.5,13.5,22.0,6.0,8.5,290.0,145.0,-145.0,0,0,0,0,0,7,7,2,7.0,10.0,1139.0,CONDITIONAL_PASS,
S2-REF-T6-BP2.50-OP4.75,STAGE_2_INNER_SUPPORT_AND_FASTENERS,REFINED_0.25_MM,2.5,0.0,METAL_PLATE_6MM_CANDIDATE,6.0,0.0,4.75,REVERSED_AWAY_FROM_BELT,STANDARD_REVERSED,13.75,8.75,15.5,10.5,13.5,22.0,6.0,8.5,290.0,145.0,-145.0,0,0,0,0,0,7,7,2,7.25,10.0,1143.25,CONDITIONAL_PASS,
S2-REF-T6-BP2.50-OP5.00,STAGE_2_INNER_SUPPORT_AND_FASTENERS,REFINED_0.25_MM,2.5,0.0,METAL_PLATE_6MM_CANDIDATE,6.0,0.0,5.0,REVERSED_AWAY_FROM_BELT,STANDARD_REVERSED,14.0,9.0,15.5,10.5,13.5,22.0,6.0,8.5,290.0,145.0,-145.0,0,0,0,0,0,7,7,2,7.5,10.0,1147.5,CONDITIONAL_PASS,
S2-REF-T6-BP2.50-OP5.25,STAGE_2_INNER_SUPPORT_AND_FASTENERS,REFINED_0.25_MM,2.5,0.0,METAL_PLATE_6MM_CANDIDATE,6.0,0.0,5.25,REVERSED_AWAY_FROM_BELT,STANDARD_REVERSED,14.25,9.25,15.5,10.5,13.5,22.0,6.0,8.5,290.0,145.0,-145.0,0,0,0,0,0,7,7,2,7.75,10.0,1151.75,CONDITIONAL_PASS,
S2-REF-T6-BP2.50-OP5.50,STAGE_2_INNER_SUPPORT_AND_FASTENERS,REFINED_0.25_MM,2.5,0.0,METAL_PLATE_6MM_CANDIDATE,6.0,0.0,5.5,REVERSED_AWAY_FROM_BELT,STANDARD_REVERSED,14.5,9.5,15.5,10.5,13.5,22.0,6.0,8.5,290.0,145.0,-145.0,0,0,0,0,0,7,7,2,8.0,10.0,1156.0,CONDITIONAL_PASS,
S2-REF-T6-BP2.50-OP5.75,STAGE_2_INNER_SUPPORT_AND_FASTENERS,REFINED_0.25_MM,2.5,0.0,METAL_PLATE_6MM_CANDIDATE,6.0,0.0,5.75,REVERSED_AWAY_FROM_BELT,STANDARD_REVERSED,14.75,9.75,15.5,10.5,13.5,22.0,6.0,8.5,290.0,145.0,-145.0,0,0,0,0,0,7,7,2,8.25,10.0,1160.25,CONDITIONAL_PASS,
S2-REF-T6-BP2.50-OP6.00,STAGE_2_INNER_SUPPORT_AND_FASTENERS,REFINED_0.25_MM,2.5,0.0,METAL_PLATE_6MM_CANDIDATE,6.0,0.0,6.0,REVERSED_AWAY_FROM_BELT,STANDARD_REVERSED,15.0,10.0,15.5,10.5,13.5,22.0,6.0,8.5,290.0,145.0,-145.0,0,0,0,0,0,7,7,2,8.5,10.0,1164.5,CONDITIONAL_PASS,
S2-REF-T6-BP2.50-OP6.25,STAGE_2_INNER_SUPPORT_AND_FASTENERS,REFINED_0.25_MM,2.5,0.0,METAL_PLATE_6MM_CANDIDATE,6.0,0.0,6.25,REVERSED_AWAY_FROM_BELT,STANDARD_REVERSED,15.0,10.0,15.5,10.5,13.5,22.0,6.0,8.5,290.0,145.0,-145.0,0,0,0,0,0,7,7,2,8.75,10.0,1163.75,CONDITIONAL_PASS,
S2-REF-T6-BP2.50-OP6.50,STAGE_2_INNER_SUPPORT_AND_FASTENERS,REFINED_0.25_MM,2.5,0.0,METAL_PLATE_6MM_CANDIDATE,6.0,0.0,6.5,REVERSED_AWAY_FROM_BELT,STANDARD_REVERSED,15.0,10.0,15.5,10.5,13.5,22.0,6.0,8.5,290.0,145.0,-145.0,0,0,0,0,0,7,7,2,9.0,10.0,1163.0,CONDITIONAL_PASS,
S2-REF-T6-BP2.50-OP6.75,STAGE_2_INNER_SUPPORT_AND_FASTENERS,REFINED_0.25_MM,2.5,0.0,METAL_PLATE_6MM_CANDIDATE,6.0,0.0,6.75,REVERSED_AWAY_FROM_BELT,STANDARD_REVERSED,15.0,10.0,15.5,10.5,13.5,22.0,6.0,8.5,290.0,145.0,-145.0,0,0,0,0,0,7,7,2,9.25,10.0,1162.25,CONDITIONAL_PASS,
S2-REF-T6-BP2.50-OP7.00,STAGE_2_INNER_SUPPORT_AND_FASTENERS,REFINED_0.25_MM,2.5,0.0,METAL_PLATE_6MM_CANDIDATE,6.0,0.0,7.0,REVERSED_AWAY_FROM_BELT,STANDARD_REVERSED,15.0,10.0,15.5,10.5,13.5,22.0,6.0,8.5,290.0,145.0,-145.0,0,0,0,0,0,7,7,2,9.5,10.0,1161.5,CONDITIONAL_PASS,
S2-REF-T6-BP2.75-OP1.00,STAGE_2_INNER_SUPPORT_AND_FASTENERS,REFINED_0.25_MM,2.75,0.0,METAL_PLATE_6MM_CANDIDATE,6.0,0.0,1.0,REVERSED_AWAY_FROM_BELT,STANDARD_REVERSED,9.75,4.75,15.5,10.5,13.75,22.25,6.0,8.5,290.0,145.0,-145.0,0,0,0,0,0,7,7,2,3.75,10.0,73.75,FAIL,PTO_NOMINAL_LT_13;PTO_RESIDUAL_LT_8
S2-REF-T6-BP2.75-OP1.25,STAGE_2_INNER_SUPPORT_AND_FASTENERS,REFINED_0.25_MM,2.75,0.0,METAL_PLATE_6MM_CANDIDATE,6.0,0.0,1.25,REVERSED_AWAY_FROM_BELT,STANDARD_REVERSED,10.0,5.0,15.5,10.5,13.75,22.25,6.0,8.5,290.0,145.0,-145.0,0,0,0,0,0,7,7,2,4.0,10.0,78.0,FAIL,PTO_NOMINAL_LT_13;PTO_RESIDUAL_LT_8
S2-REF-T6-BP2.75-OP1.50,STAGE_2_INNER_SUPPORT_AND_FASTENERS,REFINED_0.25_MM,2.75,0.0,METAL_PLATE_6MM_CANDIDATE,6.0,0.0,1.5,REVERSED_AWAY_FROM_BELT,STANDARD_REVERSED,10.25,5.25,15.5,10.5,13.75,22.25,6.0,8.5,290.0,145.0,-145.0,0,0,0,0,0,7,7,2,4.25,10.0,82.25,FAIL,PTO_NOMINAL_LT_13;PTO_RESIDUAL_LT_8
S2-REF-T6-BP2.75-OP1.75,STAGE_2_INNER_SUPPORT_AND_FASTENERS,REFINED_0.25_MM,2.75,0.0,METAL_PLATE_6MM_CANDIDATE,6.0,0.0,1.75,REVERSED_AWAY_FROM_BELT,STANDARD_REVERSED,10.5,5.5,15.5,10.5,13.75,22.25,6.0,8.5,290.0,145.0,-145.0,0,0,0,0,0,7,7,2,4.5,10.0,86.5,FAIL,PTO_NOMINAL_LT_13;PTO_RESIDUAL_LT_8
S2-REF-T6-BP2.75-OP2.00,STAGE_2_INNER_SUPPORT_AND_FASTENERS,REFINED_0.25_MM,2.75,0.0,METAL_PLATE_6MM_CANDIDATE,6.0,0.0,2.0,REVERSED_AWAY_FROM_BELT,STANDARD_REVERSED,10.75,5.75,15.5,10.5,13.75,22.25,6.0,8.5,290.0,145.0,-145.0,0,0,0,0,0,7,7,2,4.75,10.0,90.75,FAIL,PTO_NOMINAL_LT_13;PTO_RESIDUAL_LT_8
S2-REF-T6-BP2.75-OP2.25,STAGE_2_INNER_SUPPORT_AND_FASTENERS,REFINED_0.25_MM,2.75,0.0,METAL_PLATE_6MM_CANDIDATE,6.0,0.0,2.25,REVERSED_AWAY_FROM_BELT,STANDARD_REVERSED,11.0,6.0,15.5,10.5,13.75,22.25,6.0,8.5,290.0,145.0,-145.0,0,0,0,0,0,7,7,2,5.0,10.0,95.0,FAIL,PTO_NOMINAL_LT_13;PTO_RESIDUAL_LT_8
S2-REF-T6-BP2.75-OP2.50,STAGE_2_INNER_SUPPORT_AND_FASTENERS,REFINED_0.25_MM,2.75,0.0,METAL_PLATE_6MM_CANDIDATE,6.0,0.0,2.5,REVERSED_AWAY_FROM_BELT,STANDARD_REVERSED,11.25,6.25,15.5,10.5,13.75,22.25,6.0,8.5,290.0,145.0,-145.0,0,0,0,0,0,7,7,2,5.25,10.0,99.25,FAIL,PTO_NOMINAL_LT_13;PTO_RESIDUAL_LT_8
S2-REF-T6-BP2.75-OP2.75,STAGE_2_INNER_SUPPORT_AND_FASTENERS,REFINED_0.25_MM,2.75,0.0,METAL_PLATE_6MM_CANDIDATE,6.0,0.0,2.75,REVERSED_AWAY_FROM_BELT,STANDARD_REVERSED,11.5,6.5,15.5,10.5,13.75,22.25,6.0,8.5,290.0,145.0,-145.0,0,0,0,0,0,7,7,2,5.5,10.0,103.5,FAIL,PTO_NOMINAL_LT_13;PTO_RESIDUAL_LT_8
S2-REF-T6-BP2.75-OP3.00,STAGE_2_INNER_SUPPORT_AND_FASTENERS,REFINED_0.25_MM,2.75,0.0,METAL_PLATE_6MM_CANDIDATE,6.0,0.0,3.0,REVERSED_AWAY_FROM_BELT,STANDARD_REVERSED,11.75,6.75,15.5,10.5,13.75,22.25,6.0,8.5,290.0,145.0,-145.0,0,0,0,0,0,7,7,2,5.75,10.0,107.75,FAIL,PTO_NOMINAL_LT_13;PTO_RESIDUAL_LT_8
S2-REF-T6-BP2.75-OP3.25,STAGE_2_INNER_SUPPORT_AND_FASTENERS,REFINED_0.25_MM,2.75,0.0,METAL_PLATE_6MM_CANDIDATE,6.0,0.0,3.25,REVERSED_AWAY_FROM_BELT,STANDARD_REVERSED,12.0,7.0,15.5,10.5,13.75,22.25,6.0,8.5,290.0,145.0,-145.0,0,0,0,0,0,7,7,2,6.0,10.0,112.0,FAIL,PTO_NOMINAL_LT_13;PTO_RESIDUAL_LT_8
S2-REF-T6-BP2.75-OP3.50,STAGE_2_INNER_SUPPORT_AND_FASTENERS,REFINED_0.25_MM,2.75,0.0,METAL_PLATE_6MM_CANDIDATE,6.0,0.0,3.5,REVERSED_AWAY_FROM_BELT,STANDARD_REVERSED,12.25,7.25,15.5,10.5,13.75,22.25,6.0,8.5,290.0,145.0,-145.0,0,0,0,0,0,7,7,2,6.25,10.0,116.25,FAIL,PTO_NOMINAL_LT_13;PTO_RESIDUAL_LT_8
S2-REF-T6-BP2.75-OP3.75,STAGE_2_INNER_SUPPORT_AND_FASTENERS,REFINED_0.25_MM,2.75,0.0,METAL_PLATE_6MM_CANDIDATE,6.0,0.0,3.75,REVERSED_AWAY_FROM_BELT,STANDARD_REVERSED,12.5,7.5,15.5,10.5,13.75,22.25,6.0,8.5,290.0,145.0,-145.0,0,0,0,0,0,7,7,2,6.5,10.0,120.5,FAIL,PTO_NOMINAL_LT_13;PTO_RESIDUAL_LT_8
S2-REF-T6-BP2.75-OP4.00,STAGE_2_INNER_SUPPORT_AND_FASTENERS,REFINED_0.25_MM,2.75,0.0,METAL_PLATE_6MM_CANDIDATE,6.0,0.0,4.0,REVERSED_AWAY_FROM_BELT,STANDARD_REVERSED,12.75,7.75,15.5,10.5,13.75,22.25,6.0,8.5,290.0,145.0,-145.0,0,0,0,0,0,7,7,2,6.75,10.0,124.75,FAIL,PTO_NOMINAL_LT_13;PTO_RESIDUAL_LT_8
S2-REF-T6-BP2.75-OP4.25,STAGE_2_INNER_SUPPORT_AND_FASTENERS,REFINED_0.25_MM,2.75,0.0,METAL_PLATE_6MM_CANDIDATE,6.0,0.0,4.25,REVERSED_AWAY_FROM_BELT,STANDARD_REVERSED,13.0,8.0,15.5,10.5,13.75,22.25,6.0,8.5,290.0,145.0,-145.0,0,0,0,0,0,7,7,2,7.0,10.0,1129.0,CONDITIONAL_PASS,
S2-REF-T6-BP2.75-OP4.50,STAGE_2_INNER_SUPPORT_AND_FASTENERS,REFINED_0.25_MM,2.75,0.0,METAL_PLATE_6MM_CANDIDATE,6.0,0.0,4.5,REVERSED_AWAY_FROM_BELT,STANDARD_REVERSED,13.25,8.25,15.5,10.5,13.75,22.25,6.0,8.5,290.0,145.0,-145.0,0,0,0,0,0,7,7,2,7.25,10.0,1133.25,CONDITIONAL_PASS,
S2-REF-T6-BP2.75-OP4.75,STAGE_2_INNER_SUPPORT_AND_FASTENERS,REFINED_0.25_MM,2.75,0.0,METAL_PLATE_6MM_CANDIDATE,6.0,0.0,4.75,REVERSED_AWAY_FROM_BELT,STANDARD_REVERSED,13.5,8.5,15.5,10.5,13.75,22.25,6.0,8.5,290.0,145.0,-145.0,0,0,0,0,0,7,7,2,7.5,10.0,1137.5,CONDITIONAL_PASS,
S2-REF-T6-BP2.75-OP5.00,STAGE_2_INNER_SUPPORT_AND_FASTENERS,REFINED_0.25_MM,2.75,0.0,METAL_PLATE_6MM_CANDIDATE,6.0,0.0,5.0,REVERSED_AWAY_FROM_BELT,STANDARD_REVERSED,13.75,8.75,15.5,10.5,13.75,22.25,6.0,8.5,290.0,145.0,-145.0,0,0,0,0,0,7,7,2,7.75,10.0,1141.75,CONDITIONAL_PASS,
S2-REF-T6-BP2.75-OP5.25,STAGE_2_INNER_SUPPORT_AND_FASTENERS,REFINED_0.25_MM,2.75,0.0,METAL_PLATE_6MM_CANDIDATE,6.0,0.0,5.25,REVERSED_AWAY_FROM_BELT,STANDARD_REVERSED,14.0,9.0,15.5,10.5,13.75,22.25,6.0,8.5,290.0,145.0,-145.0,0,0,0,0,0,7,7,2,8.0,10.0,1146.0,CONDITIONAL_PASS,
S2-REF-T6-BP2.75-OP5.50,STAGE_2_INNER_SUPPORT_AND_FASTENERS,REFINED_0.25_MM,2.75,0.0,METAL_PLATE_6MM_CANDIDATE,6.0,0.0,5.5,REVERSED_AWAY_FROM_BELT,STANDARD_REVERSED,14.25,9.25,15.5,10.5,13.75,22.25,6.0,8.5,290.0,145.0,-145.0,0,0,0,0,0,7,7,2,8.25,10.0,1150.25,CONDITIONAL_PASS,
S2-REF-T6-BP2.75-OP5.75,STAGE_2_INNER_SUPPORT_AND_FASTENERS,REFINED_0.25_MM,2.75,0.0,METAL_PLATE_6MM_CANDIDATE,6.0,0.0,5.75,REVERSED_AWAY_FROM_BELT,STANDARD_REVERSED,14.5,9.5,15.5,10.5,13.75,22.25,6.0,8.5,290.0,145.0,-145.0,0,0,0,0,0,7,7,2,8.5,10.0,1154.5,CONDITIONAL_PASS,
S2-REF-T6-BP2.75-OP6.00,STAGE_2_INNER_SUPPORT_AND_FASTENERS,REFINED_0.25_MM,2.75,0.0,METAL_PLATE_6MM_CANDIDATE,6.0,0.0,6.0,REVERSED_AWAY_FROM_BELT,STANDARD_REVERSED,14.75,9.75,15.5,10.5,13.75,22.25,6.0,8.5,290.0,145.0,-145.0,0,0,0,0,0,7,7,2,8.75,10.0,1158.75,CONDITIONAL_PASS,
S2-REF-T6-BP2.75-OP6.25,STAGE_2_INNER_SUPPORT_AND_FASTENERS,REFINED_0.25_MM,2.75,0.0,METAL_PLATE_6MM_CANDIDATE,6.0,0.0,6.25,REVERSED_AWAY_FROM_BELT,STANDARD_REVERSED,15.0,10.0,15.5,10.5,13.75,22.25,6.0,8.5,290.0,145.0,-145.0,0,0,0,0,0,7,7,2,9.0,10.0,1163.0,CONDITIONAL_PASS,
S2-REF-T6-BP2.75-OP6.50,STAGE_2_INNER_SUPPORT_AND_FASTENERS,REFINED_0.25_MM,2.75,0.0,METAL_PLATE_6MM_CANDIDATE,6.0,0.0,6.5,REVERSED_AWAY_FROM_BELT,STANDARD_REVERSED,15.25,10.25,15.5,10.5,13.75,22.25,6.0,8.5,290.0,145.0,-145.0,0,0,0,0,0,7,7,2,9.25,10.0,1167.25,CONDITIONAL_PASS,
S2-REF-T6-BP2.75-OP6.75,STAGE_2_INNER_SUPPORT_AND_FASTENERS,REFINED_0.25_MM,2.75,0.0,METAL_PLATE_6MM_CANDIDATE,6.0,0.0,6.75,REVERSED_AWAY_FROM_BELT,STANDARD_REVERSED,15.25,10.25,15.5,10.5,13.75,22.25,6.0,8.5,290.0,145.0,-145.0,0,0,0,0,0,7,7,2,9.5,10.0,1166.5,CONDITIONAL_PASS,
S2-REF-T6-BP2.75-OP7.00,STAGE_2_INNER_SUPPORT_AND_FASTENERS,REFINED_0.25_MM,2.75,0.0,METAL_PLATE_6MM_CANDIDATE,6.0,0.0,7.0,REVERSED_AWAY_FROM_BELT,STANDARD_REVERSED,15.25,10.25,15.5,10.5,13.75,22.25,6.0,8.5,290.0,145.0,-145.0,0,0,0,0,0,7,7,2,9.75,10.0,1165.75,CONDITIONAL_PASS,
S2-REF-T6-BP3.00-OP1.00,STAGE_2_INNER_SUPPORT_AND_FASTENERS,REFINED_0.25_MM,3.0,0.0,METAL_PLATE_6MM_CANDIDATE,6.0,0.0,1.0,REVERSED_AWAY_FROM_BELT,STANDARD_REVERSED,9.5,4.5,15.5,10.5,14.0,22.5,6.0,8.5,290.0,145.0,-145.0,0,0,0,0,0,7,7,2,4.0,10.0,68.0,FAIL,PTO_NOMINAL_LT_13;PTO_RESIDUAL_LT_8
S2-REF-T6-BP3.00-OP1.25,STAGE_2_INNER_SUPPORT_AND_FASTENERS,REFINED_0.25_MM,3.0,0.0,METAL_PLATE_6MM_CANDIDATE,6.0,0.0,1.25,REVERSED_AWAY_FROM_BELT,STANDARD_REVERSED,9.75,4.75,15.5,10.5,14.0,22.5,6.0,8.5,290.0,145.0,-145.0,0,0,0,0,0,7,7,2,4.25,10.0,72.25,FAIL,PTO_NOMINAL_LT_13;PTO_RESIDUAL_LT_8
S2-REF-T6-BP3.00-OP1.50,STAGE_2_INNER_SUPPORT_AND_FASTENERS,REFINED_0.25_MM,3.0,0.0,METAL_PLATE_6MM_CANDIDATE,6.0,0.0,1.5,REVERSED_AWAY_FROM_BELT,STANDARD_REVERSED,10.0,5.0,15.5,10.5,14.0,22.5,6.0,8.5,290.0,145.0,-145.0,0,0,0,0,0,7,7,2,4.5,10.0,76.5,FAIL,PTO_NOMINAL_LT_13;PTO_RESIDUAL_LT_8
S2-REF-T6-BP3.00-OP1.75,STAGE_2_INNER_SUPPORT_AND_FASTENERS,REFINED_0.25_MM,3.0,0.0,METAL_PLATE_6MM_CANDIDATE,6.0,0.0,1.75,REVERSED_AWAY_FROM_BELT,STANDARD_REVERSED,10.25,5.25,15.5,10.5,14.0,22.5,6.0,8.5,290.0,145.0,-145.0,0,0,0,0,0,7,7,2,4.75,10.0,80.75,FAIL,PTO_NOMINAL_LT_13;PTO_RESIDUAL_LT_8
S2-REF-T6-BP3.00-OP2.00,STAGE_2_INNER_SUPPORT_AND_FASTENERS,REFINED_0.25_MM,3.0,0.0,METAL_PLATE_6MM_CANDIDATE,6.0,0.0,2.0,REVERSED_AWAY_FROM_BELT,STANDARD_REVERSED,10.5,5.5,15.5,10.5,14.0,22.5,6.0,8.5,290.0,145.0,-145.0,0,0,0,0,0,7,7,2,5.0,10.0,85.0,FAIL,PTO_NOMINAL_LT_13;PTO_RESIDUAL_LT_8
S2-REF-T6-BP3.00-OP2.25,STAGE_2_INNER_SUPPORT_AND_FASTENERS,REFINED_0.25_MM,3.0,0.0,METAL_PLATE_6MM_CANDIDATE,6.0,0.0,2.25,REVERSED_AWAY_FROM_BELT,STANDARD_REVERSED,10.75,5.75,15.5,10.5,14.0,22.5,6.0,8.5,290.0,145.0,-145.0,0,0,0,0,0,7,7,2,5.25,10.0,89.25,FAIL,PTO_NOMINAL_LT_13;PTO_RESIDUAL_LT_8
S2-REF-T6-BP3.00-OP2.50,STAGE_2_INNER_SUPPORT_AND_FASTENERS,REFINED_0.25_MM,3.0,0.0,METAL_PLATE_6MM_CANDIDATE,6.0,0.0,2.5,REVERSED_AWAY_FROM_BELT,STANDARD_REVERSED,11.0,6.0,15.5,10.5,14.0,22.5,6.0,8.5,290.0,145.0,-145.0,0,0,0,0,0,7,7,2,5.5,10.0,93.5,FAIL,PTO_NOMINAL_LT_13;PTO_RESIDUAL_LT_8
S2-REF-T6-BP3.00-OP2.75,STAGE_2_INNER_SUPPORT_AND_FASTENERS,REFINED_0.25_MM,3.0,0.0,METAL_PLATE_6MM_CANDIDATE,6.0,0.0,2.75,REVERSED_AWAY_FROM_BELT,STANDARD_REVERSED,11.25,6.25,15.5,10.5,14.0,22.5,6.0,8.5,290.0,145.0,-145.0,0,0,0,0,0,7,7,2,5.75,10.0,97.75,FAIL,PTO_NOMINAL_LT_13;PTO_RESIDUAL_LT_8
S2-REF-T6-BP3.00-OP3.00,STAGE_2_INNER_SUPPORT_AND_FASTENERS,REFINED_0.25_MM,3.0,0.0,METAL_PLATE_6MM_CANDIDATE,6.0,0.0,3.0,REVERSED_AWAY_FROM_BELT,STANDARD_REVERSED,11.5,6.5,15.5,10.5,14.0,22.5,6.0,8.5,290.0,145.0,-145.0,0,0,0,0,0,7,7,2,6.0,10.0,102.0,FAIL,PTO_NOMINAL_LT_13;PTO_RESIDUAL_LT_8
S2-REF-T6-BP3.00-OP3.25,STAGE_2_INNER_SUPPORT_AND_FASTENERS,REFINED_0.25_MM,3.0,0.0,METAL_PLATE_6MM_CANDIDATE,6.0,0.0,3.25,REVERSED_AWAY_FROM_BELT,STANDARD_REVERSED,11.75,6.75,15.5,10.5,14.0,22.5,6.0,8.5,290.0,145.0,-145.0,0,0,0,0,0,7,7,2,6.25,10.0,106.25,FAIL,PTO_NOMINAL_LT_13;PTO_RESIDUAL_LT_8
S2-REF-T6-BP3.00-OP3.50,STAGE_2_INNER_SUPPORT_AND_FASTENERS,REFINED_0.25_MM,3.0,0.0,METAL_PLATE_6MM_CANDIDATE,6.0,0.0,3.5,REVERSED_AWAY_FROM_BELT,STANDARD_REVERSED,12.0,7.0,15.5,10.5,14.0,22.5,6.0,8.5,290.0,145.0,-145.0,0,0,0,0,0,7,7,2,6.5,10.0,110.5,FAIL,PTO_NOMINAL_LT_13;PTO_RESIDUAL_LT_8
S2-REF-T6-BP3.00-OP3.75,STAGE_2_INNER_SUPPORT_AND_FASTENERS,REFINED_0.25_MM,3.0,0.0,METAL_PLATE_6MM_CANDIDATE,6.0,0.0,3.75,REVERSED_AWAY_FROM_BELT,STANDARD_REVERSED,12.25,7.25,15.5,10.5,14.0,22.5,6.0,8.5,290.0,145.0,-145.0,0,0,0,0,0,7,7,2,6.75,10.0,114.75,FAIL,PTO_NOMINAL_LT_13;PTO_RESIDUAL_LT_8
S2-REF-T6-BP3.00-OP4.00,STAGE_2_INNER_SUPPORT_AND_FASTENERS,REFINED_0.25_MM,3.0,0.0,METAL_PLATE_6MM_CANDIDATE,6.0,0.0,4.0,REVERSED_AWAY_FROM_BELT,STANDARD_REVERSED,12.5,7.5,15.5,10.5,14.0,22.5,6.0,8.5,290.0,145.0,-145.0,0,0,0,0,0,7,7,2,7.0,10.0,119.0,FAIL,PTO_NOMINAL_LT_13;PTO_RESIDUAL_LT_8
S2-REF-T6-BP3.00-OP4.25,STAGE_2_INNER_SUPPORT_AND_FASTENERS,REFINED_0.25_MM,3.0,0.0,METAL_PLATE_6MM_CANDIDATE,6.0,0.0,4.25,REVERSED_AWAY_FROM_BELT,STANDARD_REVERSED,12.75,7.75,15.5,10.5,14.0,22.5,6.0,8.5,290.0,145.0,-145.0,0,0,0,0,0,7,7,2,7.25,10.0,123.25,FAIL,PTO_NOMINAL_LT_13;PTO_RESIDUAL_LT_8
S2-REF-T6-BP3.00-OP4.50,STAGE_2_INNER_SUPPORT_AND_FASTENERS,REFINED_0.25_MM,3.0,0.0,METAL_PLATE_6MM_CANDIDATE,6.0,0.0,4.5,REVERSED_AWAY_FROM_BELT,STANDARD_REVERSED,13.0,8.0,15.5,10.5,14.0,22.5,6.0,8.5,290.0,145.0,-145.0,0,0,0,0,0,7,7,2,7.5,10.0,1127.5,CONDITIONAL_PASS,
S2-REF-T6-BP3.00-OP4.75,STAGE_2_INNER_SUPPORT_AND_FASTENERS,REFINED_0.25_MM,3.0,0.0,METAL_PLATE_6MM_CANDIDATE,6.0,0.0,4.75,REVERSED_AWAY_FROM_BELT,STANDARD_REVERSED,13.25,8.25,15.5,10.5,14.0,22.5,6.0,8.5,290.0,145.0,-145.0,0,0,0,0,0,7,7,2,7.75,10.0,1131.75,CONDITIONAL_PASS,
S2-REF-T6-BP3.00-OP5.00,STAGE_2_INNER_SUPPORT_AND_FASTENERS,REFINED_0.25_MM,3.0,0.0,METAL_PLATE_6MM_CANDIDATE,6.0,0.0,5.0,REVERSED_AWAY_FROM_BELT,STANDARD_REVERSED,13.5,8.5,15.5,10.5,14.0,22.5,6.0,8.5,290.0,145.0,-145.0,0,0,0,0,0,7,7,2,8.0,10.0,1136.0,CONDITIONAL_PASS,
S2-REF-T6-BP3.00-OP5.25,STAGE_2_INNER_SUPPORT_AND_FASTENERS,REFINED_0.25_MM,3.0,0.0,METAL_PLATE_6MM_CANDIDATE,6.0,0.0,5.25,REVERSED_AWAY_FROM_BELT,STANDARD_REVERSED,13.75,8.75,15.5,10.5,14.0,22.5,6.0,8.5,290.0,145.0,-145.0,0,0,0,0,0,7,7,2,8.25,10.0,1140.25,CONDITIONAL_PASS,
S2-REF-T6-BP3.00-OP5.50,STAGE_2_INNER_SUPPORT_AND_FASTENERS,REFINED_0.25_MM,3.0,0.0,METAL_PLATE_6MM_CANDIDATE,6.0,0.0,5.5,REVERSED_AWAY_FROM_BELT,STANDARD_REVERSED,14.0,9.0,15.5,10.5,14.0,22.5,6.0,8.5,290.0,145.0,-145.0,0,0,0,0,0,7,7,2,8.5,10.0,1144.5,CONDITIONAL_PASS,
S2-REF-T6-BP3.00-OP5.75,STAGE_2_INNER_SUPPORT_AND_FASTENERS,REFINED_0.25_MM,3.0,0.0,METAL_PLATE_6MM_CANDIDATE,6.0,0.0,5.75,REVERSED_AWAY_FROM_BELT,STANDARD_REVERSED,14.25,9.25,15.5,10.5,14.0,22.5,6.0,8.5,290.0,145.0,-145.0,0,0,0,0,0,7,7,2,8.75,10.0,1148.75,CONDITIONAL_PASS,
S2-REF-T6-BP3.00-OP6.00,STAGE_2_INNER_SUPPORT_AND_FASTENERS,REFINED_0.25_MM,3.0,0.0,METAL_PLATE_6MM_CANDIDATE,6.0,0.0,6.0,REVERSED_AWAY_FROM_BELT,STANDARD_REVERSED,14.5,9.5,15.5,10.5,14.0,22.5,6.0,8.5,290.0,145.0,-145.0,0,0,0,0,0,7,7,2,9.0,10.0,1153.0,CONDITIONAL_PASS,
S2-REF-T6-BP3.00-OP6.25,STAGE_2_INNER_SUPPORT_AND_FASTENERS,REFINED_0.25_MM,3.0,0.0,METAL_PLATE_6MM_CANDIDATE,6.0,0.0,6.25,REVERSED_AWAY_FROM_BELT,STANDARD_REVERSED,14.75,9.75,15.5,10.5,14.0,22.5,6.0,8.5,290.0,145.0,-145.0,0,0,0,0,0,7,7,2,9.25,10.0,1157.25,CONDITIONAL_PASS,
S2-REF-T6-BP3.00-OP6.50,STAGE_2_INNER_SUPPORT_AND_FASTENERS,REFINED_0.25_MM,3.0,0.0,METAL_PLATE_6MM_CANDIDATE,6.0,0.0,6.5,REVERSED_AWAY_FROM_BELT,STANDARD_REVERSED,15.0,10.0,15.5,10.5,14.0,22.5,6.0,8.5,290.0,145.0,-145.0,0,0,0,0,0,7,7,2,9.5,10.0,1161.5,CONDITIONAL_PASS,
S2-REF-T6-BP3.00-OP6.75,STAGE_2_INNER_SUPPORT_AND_FASTENERS,REFINED_0.25_MM,3.0,0.0,METAL_PLATE_6MM_CANDIDATE,6.0,0.0,6.75,REVERSED_AWAY_FROM_BELT,STANDARD_REVERSED,15.25,10.25,15.5,10.5,14.0,22.5,6.0,8.5,290.0,145.0,-145.0,0,0,0,0,0,7,7,2,9.75,10.0,1165.75,CONDITIONAL_PASS,
S2-REF-T6-BP3.00-OP7.00,STAGE_2_INNER_SUPPORT_AND_FASTENERS,REFINED_0.25_MM,3.0,0.0,METAL_PLATE_6MM_CANDIDATE,6.0,0.0,7.0,REVERSED_AWAY_FROM_BELT,STANDARD_REVERSED,15.5,10.5,15.5,10.5,14.0,22.5,6.0,8.5,290.0,145.0,-145.0,0,0,0,0,0,7,7,2,10.0,10.0,1170.0,CONDITIONAL_PASS,
S2-REF-T8-BP0.00-OP1.00,STAGE_2_INNER_SUPPORT_AND_FASTENERS,REFINED_0.25_MM,0.0,0.0,METAL_PLATE_8MM_CANDIDATE,8.0,0.0,1.0,REVERSED_AWAY_FROM_BELT,STANDARD_REVERSED,11.5,6.5,15.5,10.5,11.0,19.5,4.0,8.5,290.0,145.0,-145.0,0,0,0,0,0,7,7,2,1.0,10.0,117.0,FAIL,PTO_NOMINAL_LT_13;PTO_RESIDUAL_LT_8
S2-REF-T8-BP0.00-OP1.25,STAGE_2_INNER_SUPPORT_AND_FASTENERS,REFINED_0.25_MM,0.0,0.0,METAL_PLATE_8MM_CANDIDATE,8.0,0.0,1.25,REVERSED_AWAY_FROM_BELT,STANDARD_REVERSED,11.5,6.5,15.5,10.5,11.0,19.5,4.0,8.5,290.0,145.0,-145.0,0,0,0,0,0,7,7,2,1.25,10.0,116.25,FAIL,PTO_NOMINAL_LT_13;PTO_RESIDUAL_LT_8
S2-REF-T8-BP0.00-OP1.50,STAGE_2_INNER_SUPPORT_AND_FASTENERS,REFINED_0.25_MM,0.0,0.0,METAL_PLATE_8MM_CANDIDATE,8.0,0.0,1.5,REVERSED_AWAY_FROM_BELT,STANDARD_REVERSED,11.5,6.5,15.5,10.5,11.0,19.5,4.0,8.5,290.0,145.0,-145.0,0,0,0,0,0,7,7,2,1.5,10.0,115.5,FAIL,PTO_NOMINAL_LT_13;PTO_RESIDUAL_LT_8
S2-REF-T8-BP0.00-OP1.75,STAGE_2_INNER_SUPPORT_AND_FASTENERS,REFINED_0.25_MM,0.0,0.0,METAL_PLATE_8MM_CANDIDATE,8.0,0.0,1.75,REVERSED_AWAY_FROM_BELT,STANDARD_REVERSED,11.5,6.5,15.5,10.5,11.0,19.5,4.0,8.5,290.0,145.0,-145.0,0,0,0,0,0,7,7,2,1.75,10.0,114.75,FAIL,PTO_NOMINAL_LT_13;PTO_RESIDUAL_LT_8
S2-REF-T8-BP0.00-OP2.00,STAGE_2_INNER_SUPPORT_AND_FASTENERS,REFINED_0.25_MM,0.0,0.0,METAL_PLATE_8MM_CANDIDATE,8.0,0.0,2.0,REVERSED_AWAY_FROM_BELT,STANDARD_REVERSED,11.5,6.5,15.5,10.5,11.0,19.5,4.0,8.5,290.0,145.0,-145.0,0,0,0,0,0,7,7,2,2.0,10.0,114.0,FAIL,PTO_NOMINAL_LT_13;PTO_RESIDUAL_LT_8
S2-REF-T8-BP0.00-OP2.25,STAGE_2_INNER_SUPPORT_AND_FASTENERS,REFINED_0.25_MM,0.0,0.0,METAL_PLATE_8MM_CANDIDATE,8.0,0.0,2.25,REVERSED_AWAY_FROM_BELT,STANDARD_REVERSED,11.5,6.5,15.5,10.5,11.0,19.5,4.0,8.5,290.0,145.0,-145.0,0,0,0,0,0,7,7,2,2.25,10.0,113.25,FAIL,PTO_NOMINAL_LT_13;PTO_RESIDUAL_LT_8
S2-REF-T8-BP0.00-OP2.50,STAGE_2_INNER_SUPPORT_AND_FASTENERS,REFINED_0.25_MM,0.0,0.0,METAL_PLATE_8MM_CANDIDATE,8.0,0.0,2.5,REVERSED_AWAY_FROM_BELT,STANDARD_REVERSED,11.5,6.5,15.5,10.5,11.0,19.5,4.0,8.5,290.0,145.0,-145.0,0,0,0,0,0,7,7,2,2.5,10.0,112.5,FAIL,PTO_NOMINAL_LT_13;PTO_RESIDUAL_LT_8
S2-REF-T8-BP0.00-OP2.75,STAGE_2_INNER_SUPPORT_AND_FASTENERS,REFINED_0.25_MM,0.0,0.0,METAL_PLATE_8MM_CANDIDATE,8.0,0.0,2.75,REVERSED_AWAY_FROM_BELT,STANDARD_REVERSED,11.5,6.5,15.5,10.5,11.0,19.5,4.0,8.5,290.0,145.0,-145.0,0,0,0,0,0,7,7,2,2.75,10.0,111.75,FAIL,PTO_NOMINAL_LT_13;PTO_RESIDUAL_LT_8
S2-REF-T8-BP0.00-OP3.00,STAGE_2_INNER_SUPPORT_AND_FASTENERS,REFINED_0.25_MM,0.0,0.0,METAL_PLATE_8MM_CANDIDATE,8.0,0.0,3.0,REVERSED_AWAY_FROM_BELT,STANDARD_REVERSED,11.5,6.5,15.5,10.5,11.0,19.5,4.0,8.5,290.0,145.0,-145.0,0,0,0,0,0,7,7,2,3.0,10.0,111.0,FAIL,PTO_NOMINAL_LT_13;PTO_RESIDUAL_LT_8
S2-REF-T8-BP0.00-OP3.25,STAGE_2_INNER_SUPPORT_AND_FASTENERS,REFINED_0.25_MM,0.0,0.0,METAL_PLATE_8MM_CANDIDATE,8.0,0.0,3.25,REVERSED_AWAY_FROM_BELT,STANDARD_REVERSED,11.5,6.5,15.5,10.5,11.0,19.5,4.0,8.5,290.0,145.0,-145.0,0,0,0,0,0,7,7,2,3.25,10.0,110.25,FAIL,PTO_NOMINAL_LT_13;PTO_RESIDUAL_LT_8
S2-REF-T8-BP0.00-OP3.50,STAGE_2_INNER_SUPPORT_AND_FASTENERS,REFINED_0.25_MM,0.0,0.0,METAL_PLATE_8MM_CANDIDATE,8.0,0.0,3.5,REVERSED_AWAY_FROM_BELT,STANDARD_REVERSED,11.5,6.5,15.5,10.5,11.0,19.5,4.0,8.5,290.0,145.0,-145.0,0,0,0,0,0,7,7,2,3.5,10.0,109.5,FAIL,PTO_NOMINAL_LT_13;PTO_RESIDUAL_LT_8
S2-REF-T8-BP0.00-OP3.75,STAGE_2_INNER_SUPPORT_AND_FASTENERS,REFINED_0.25_MM,0.0,0.0,METAL_PLATE_8MM_CANDIDATE,8.0,0.0,3.75,REVERSED_AWAY_FROM_BELT,STANDARD_REVERSED,11.5,6.5,15.5,10.5,11.0,19.5,4.0,8.5,290.0,145.0,-145.0,0,0,0,0,0,7,7,2,3.75,10.0,108.75,FAIL,PTO_NOMINAL_LT_13;PTO_RESIDUAL_LT_8
S2-REF-T8-BP0.00-OP4.00,STAGE_2_INNER_SUPPORT_AND_FASTENERS,REFINED_0.25_MM,0.0,0.0,METAL_PLATE_8MM_CANDIDATE,8.0,0.0,4.0,REVERSED_AWAY_FROM_BELT,STANDARD_REVERSED,11.5,6.5,15.5,10.5,11.0,19.5,4.0,8.5,290.0,145.0,-145.0,0,0,0,0,0,7,7,2,4.0,10.0,108.0,FAIL,PTO_NOMINAL_LT_13;PTO_RESIDUAL_LT_8
S2-REF-T8-BP0.00-OP4.25,STAGE_2_INNER_SUPPORT_AND_FASTENERS,REFINED_0.25_MM,0.0,0.0,METAL_PLATE_8MM_CANDIDATE,8.0,0.0,4.25,REVERSED_AWAY_FROM_BELT,STANDARD_REVERSED,11.5,6.5,15.5,10.5,11.0,19.5,4.0,8.5,290.0,145.0,-145.0,0,0,0,0,0,7,7,2,4.25,10.0,107.25,FAIL,PTO_NOMINAL_LT_13;PTO_RESIDUAL_LT_8
S2-REF-T8-BP0.00-OP4.50,STAGE_2_INNER_SUPPORT_AND_FASTENERS,REFINED_0.25_MM,0.0,0.0,METAL_PLATE_8MM_CANDIDATE,8.0,0.0,4.5,REVERSED_AWAY_FROM_BELT,STANDARD_REVERSED,11.5,6.5,15.5,10.5,11.0,19.5,4.0,8.5,290.0,145.0,-145.0,0,0,0,0,0,7,7,2,4.5,10.0,106.5,FAIL,PTO_NOMINAL_LT_13;PTO_RESIDUAL_LT_8
S2-REF-T8-BP0.00-OP4.75,STAGE_2_INNER_SUPPORT_AND_FASTENERS,REFINED_0.25_MM,0.0,0.0,METAL_PLATE_8MM_CANDIDATE,8.0,0.0,4.75,REVERSED_AWAY_FROM_BELT,STANDARD_REVERSED,11.5,6.5,15.5,10.5,11.0,19.5,4.0,8.5,290.0,145.0,-145.0,0,0,0,0,0,7,7,2,4.75,10.0,105.75,FAIL,PTO_NOMINAL_LT_13;PTO_RESIDUAL_LT_8
S2-REF-T8-BP0.00-OP5.00,STAGE_2_INNER_SUPPORT_AND_FASTENERS,REFINED_0.25_MM,0.0,0.0,METAL_PLATE_8MM_CANDIDATE,8.0,0.0,5.0,REVERSED_AWAY_FROM_BELT,STANDARD_REVERSED,11.5,6.5,15.5,10.5,11.0,19.5,4.0,8.5,290.0,145.0,-145.0,0,0,0,0,0,7,7,2,5.0,10.0,105.0,FAIL,PTO_NOMINAL_LT_13;PTO_RESIDUAL_LT_8
S2-REF-T8-BP0.00-OP5.25,STAGE_2_INNER_SUPPORT_AND_FASTENERS,REFINED_0.25_MM,0.0,0.0,METAL_PLATE_8MM_CANDIDATE,8.0,0.0,5.25,REVERSED_AWAY_FROM_BELT,STANDARD_REVERSED,11.5,6.5,15.5,10.5,11.0,19.5,4.0,8.5,290.0,145.0,-145.0,0,0,0,0,0,7,7,2,5.25,10.0,104.25,FAIL,PTO_NOMINAL_LT_13;PTO_RESIDUAL_LT_8
S2-REF-T8-BP0.00-OP5.50,STAGE_2_INNER_SUPPORT_AND_FASTENERS,REFINED_0.25_MM,0.0,0.0,METAL_PLATE_8MM_CANDIDATE,8.0,0.0,5.5,REVERSED_AWAY_FROM_BELT,STANDARD_REVERSED,11.5,6.5,15.5,10.5,11.0,19.5,4.0,8.5,290.0,145.0,-145.0,0,0,0,0,0,7,7,2,5.5,10.0,103.5,FAIL,PTO_NOMINAL_LT_13;PTO_RESIDUAL_LT_8
S2-REF-T8-BP0.00-OP5.75,STAGE_2_INNER_SUPPORT_AND_FASTENERS,REFINED_0.25_MM,0.0,0.0,METAL_PLATE_8MM_CANDIDATE,8.0,0.0,5.75,REVERSED_AWAY_FROM_BELT,STANDARD_REVERSED,11.5,6.5,15.5,10.5,11.0,19.5,4.0,8.5,290.0,145.0,-145.0,0,0,0,0,0,7,7,2,5.75,10.0,102.75,FAIL,PTO_NOMINAL_LT_13;PTO_RESIDUAL_LT_8
S2-REF-T8-BP0.00-OP6.00,STAGE_2_INNER_SUPPORT_AND_FASTENERS,REFINED_0.25_MM,0.0,0.0,METAL_PLATE_8MM_CANDIDATE,8.0,0.0,6.0,REVERSED_AWAY_FROM_BELT,STANDARD_REVERSED,11.5,6.5,15.5,10.5,11.0,19.5,4.0,8.5,290.0,145.0,-145.0,0,0,0,0,0,7,7,2,6.0,10.0,102.0,FAIL,PTO_NOMINAL_LT_13;PTO_RESIDUAL_LT_8
S2-REF-T8-BP0.00-OP6.25,STAGE_2_INNER_SUPPORT_AND_FASTENERS,REFINED_0.25_MM,0.0,0.0,METAL_PLATE_8MM_CANDIDATE,8.0,0.0,6.25,REVERSED_AWAY_FROM_BELT,STANDARD_REVERSED,11.5,6.5,15.5,10.5,11.0,19.5,4.0,8.5,290.0,145.0,-145.0,0,0,0,0,0,7,7,2,6.25,10.0,101.25,FAIL,PTO_NOMINAL_LT_13;PTO_RESIDUAL_LT_8
S2-REF-T8-BP0.00-OP6.50,STAGE_2_INNER_SUPPORT_AND_FASTENERS,REFINED_0.25_MM,0.0,0.0,METAL_PLATE_8MM_CANDIDATE,8.0,0.0,6.5,REVERSED_AWAY_FROM_BELT,STANDARD_REVERSED,11.5,6.5,15.5,10.5,11.0,19.5,4.0,8.5,290.0,145.0,-145.0,0,0,0,0,0,7,7,2,6.5,10.0,100.5,FAIL,PTO_NOMINAL_LT_13;PTO_RESIDUAL_LT_8
S2-REF-T8-BP0.00-OP6.75,STAGE_2_INNER_SUPPORT_AND_FASTENERS,REFINED_0.25_MM,0.0,0.0,METAL_PLATE_8MM_CANDIDATE,8.0,0.0,6.75,REVERSED_AWAY_FROM_BELT,STANDARD_REVERSED,11.5,6.5,15.5,10.5,11.0,19.5,4.0,8.5,290.0,145.0,-145.0,0,0,0,0,0,7,7,2,6.75,10.0,99.75,FAIL,PTO_NOMINAL_LT_13;PTO_RESIDUAL_LT_8
S2-REF-T8-BP0.00-OP7.00,STAGE_2_INNER_SUPPORT_AND_FASTENERS,REFINED_0.25_MM,0.0,0.0,METAL_PLATE_8MM_CANDIDATE,8.0,0.0,7.0,REVERSED_AWAY_FROM_BELT,STANDARD_REVERSED,11.5,6.5,15.5,10.5,11.0,19.5,4.0,8.5,290.0,145.0,-145.0,0,0,0,0,0,7,7,2,7.0,10.0,99.0,FAIL,PTO_NOMINAL_LT_13;PTO_RESIDUAL_LT_8
S2-REF-T8-BP0.25-OP1.00,STAGE_2_INNER_SUPPORT_AND_FASTENERS,REFINED_0.25_MM,0.25,0.0,METAL_PLATE_8MM_CANDIDATE,8.0,0.0,1.0,REVERSED_AWAY_FROM_BELT,STANDARD_REVERSED,11.75,6.75,15.5,10.5,11.25,19.75,4.0,8.5,290.0,145.0,-145.0,0,0,0,0,0,7,7,2,1.25,10.0,121.25,FAIL,PTO_NOMINAL_LT_13;PTO_RESIDUAL_LT_8
S2-REF-T8-BP0.25-OP1.25,STAGE_2_INNER_SUPPORT_AND_FASTENERS,REFINED_0.25_MM,0.25,0.0,METAL_PLATE_8MM_CANDIDATE,8.0,0.0,1.25,REVERSED_AWAY_FROM_BELT,STANDARD_REVERSED,11.75,6.75,15.5,10.5,11.25,19.75,4.0,8.5,290.0,145.0,-145.0,0,0,0,0,0,7,7,2,1.5,10.0,120.5,FAIL,PTO_NOMINAL_LT_13;PTO_RESIDUAL_LT_8
S2-REF-T8-BP0.25-OP1.50,STAGE_2_INNER_SUPPORT_AND_FASTENERS,REFINED_0.25_MM,0.25,0.0,METAL_PLATE_8MM_CANDIDATE,8.0,0.0,1.5,REVERSED_AWAY_FROM_BELT,STANDARD_REVERSED,11.75,6.75,15.5,10.5,11.25,19.75,4.0,8.5,290.0,145.0,-145.0,0,0,0,0,0,7,7,2,1.75,10.0,119.75,FAIL,PTO_NOMINAL_LT_13;PTO_RESIDUAL_LT_8
S2-REF-T8-BP0.25-OP1.75,STAGE_2_INNER_SUPPORT_AND_FASTENERS,REFINED_0.25_MM,0.25,0.0,METAL_PLATE_8MM_CANDIDATE,8.0,0.0,1.75,REVERSED_AWAY_FROM_BELT,STANDARD_REVERSED,11.75,6.75,15.5,10.5,11.25,19.75,4.0,8.5,290.0,145.0,-145.0,0,0,0,0,0,7,7,2,2.0,10.0,119.0,FAIL,PTO_NOMINAL_LT_13;PTO_RESIDUAL_LT_8
S2-REF-T8-BP0.25-OP2.00,STAGE_2_INNER_SUPPORT_AND_FASTENERS,REFINED_0.25_MM,0.25,0.0,METAL_PLATE_8MM_CANDIDATE,8.0,0.0,2.0,REVERSED_AWAY_FROM_BELT,STANDARD_REVERSED,11.75,6.75,15.5,10.5,11.25,19.75,4.0,8.5,290.0,145.0,-145.0,0,0,0,0,0,7,7,2,2.25,10.0,118.25,FAIL,PTO_NOMINAL_LT_13;PTO_RESIDUAL_LT_8
S2-REF-T8-BP0.25-OP2.25,STAGE_2_INNER_SUPPORT_AND_FASTENERS,REFINED_0.25_MM,0.25,0.0,METAL_PLATE_8MM_CANDIDATE,8.0,0.0,2.25,REVERSED_AWAY_FROM_BELT,STANDARD_REVERSED,11.75,6.75,15.5,10.5,11.25,19.75,4.0,8.5,290.0,145.0,-145.0,0,0,0,0,0,7,7,2,2.5,10.0,117.5,FAIL,PTO_NOMINAL_LT_13;PTO_RESIDUAL_LT_8
S2-REF-T8-BP0.25-OP2.50,STAGE_2_INNER_SUPPORT_AND_FASTENERS,REFINED_0.25_MM,0.25,0.0,METAL_PLATE_8MM_CANDIDATE,8.0,0.0,2.5,REVERSED_AWAY_FROM_BELT,STANDARD_REVERSED,11.75,6.75,15.5,10.5,11.25,19.75,4.0,8.5,290.0,145.0,-145.0,0,0,0,0,0,7,7,2,2.75,10.0,116.75,FAIL,PTO_NOMINAL_LT_13;PTO_RESIDUAL_LT_8
S2-REF-T8-BP0.25-OP2.75,STAGE_2_INNER_SUPPORT_AND_FASTENERS,REFINED_0.25_MM,0.25,0.0,METAL_PLATE_8MM_CANDIDATE,8.0,0.0,2.75,REVERSED_AWAY_FROM_BELT,STANDARD_REVERSED,11.75,6.75,15.5,10.5,11.25,19.75,4.0,8.5,290.0,145.0,-145.0,0,0,0,0,0,7,7,2,3.0,10.0,116.0,FAIL,PTO_NOMINAL_LT_13;PTO_RESIDUAL_LT_8
S2-REF-T8-BP0.25-OP3.00,STAGE_2_INNER_SUPPORT_AND_FASTENERS,REFINED_0.25_MM,0.25,0.0,METAL_PLATE_8MM_CANDIDATE,8.0,0.0,3.0,REVERSED_AWAY_FROM_BELT,STANDARD_REVERSED,11.75,6.75,15.5,10.5,11.25,19.75,4.0,8.5,290.0,145.0,-145.0,0,0,0,0,0,7,7,2,3.25,10.0,115.25,FAIL,PTO_NOMINAL_LT_13;PTO_RESIDUAL_LT_8
S2-REF-T8-BP0.25-OP3.25,STAGE_2_INNER_SUPPORT_AND_FASTENERS,REFINED_0.25_MM,0.25,0.0,METAL_PLATE_8MM_CANDIDATE,8.0,0.0,3.25,REVERSED_AWAY_FROM_BELT,STANDARD_REVERSED,11.75,6.75,15.5,10.5,11.25,19.75,4.0,8.5,290.0,145.0,-145.0,0,0,0,0,0,7,7,2,3.5,10.0,114.5,FAIL,PTO_NOMINAL_LT_13;PTO_RESIDUAL_LT_8
S2-REF-T8-BP0.25-OP3.50,STAGE_2_INNER_SUPPORT_AND_FASTENERS,REFINED_0.25_MM,0.25,0.0,METAL_PLATE_8MM_CANDIDATE,8.0,0.0,3.5,REVERSED_AWAY_FROM_BELT,STANDARD_REVERSED,11.75,6.75,15.5,10.5,11.25,19.75,4.0,8.5,290.0,145.0,-145.0,0,0,0,0,0,7,7,2,3.75,10.0,113.75,FAIL,PTO_NOMINAL_LT_13;PTO_RESIDUAL_LT_8
S2-REF-T8-BP0.25-OP3.75,STAGE_2_INNER_SUPPORT_AND_FASTENERS,REFINED_0.25_MM,0.25,0.0,METAL_PLATE_8MM_CANDIDATE,8.0,0.0,3.75,REVERSED_AWAY_FROM_BELT,STANDARD_REVERSED,11.75,6.75,15.5,10.5,11.25,19.75,4.0,8.5,290.0,145.0,-145.0,0,0,0,0,0,7,7,2,4.0,10.0,113.0,FAIL,PTO_NOMINAL_LT_13;PTO_RESIDUAL_LT_8
S2-REF-T8-BP0.25-OP4.00,STAGE_2_INNER_SUPPORT_AND_FASTENERS,REFINED_0.25_MM,0.25,0.0,METAL_PLATE_8MM_CANDIDATE,8.0,0.0,4.0,REVERSED_AWAY_FROM_BELT,STANDARD_REVERSED,11.75,6.75,15.5,10.5,11.25,19.75,4.0,8.5,290.0,145.0,-145.0,0,0,0,0,0,7,7,2,4.25,10.0,112.25,FAIL,PTO_NOMINAL_LT_13;PTO_RESIDUAL_LT_8
S2-REF-T8-BP0.25-OP4.25,STAGE_2_INNER_SUPPORT_AND_FASTENERS,REFINED_0.25_MM,0.25,0.0,METAL_PLATE_8MM_CANDIDATE,8.0,0.0,4.25,REVERSED_AWAY_FROM_BELT,STANDARD_REVERSED,11.75,6.75,15.5,10.5,11.25,19.75,4.0,8.5,290.0,145.0,-145.0,0,0,0,0,0,7,7,2,4.5,10.0,111.5,FAIL,PTO_NOMINAL_LT_13;PTO_RESIDUAL_LT_8
S2-REF-T8-BP0.25-OP4.50,STAGE_2_INNER_SUPPORT_AND_FASTENERS,REFINED_0.25_MM,0.25,0.0,METAL_PLATE_8MM_CANDIDATE,8.0,0.0,4.5,REVERSED_AWAY_FROM_BELT,STANDARD_REVERSED,11.75,6.75,15.5,10.5,11.25,19.75,4.0,8.5,290.0,145.0,-145.0,0,0,0,0,0,7,7,2,4.75,10.0,110.75,FAIL,PTO_NOMINAL_LT_13;PTO_RESIDUAL_LT_8
S2-REF-T8-BP0.25-OP4.75,STAGE_2_INNER_SUPPORT_AND_FASTENERS,REFINED_0.25_MM,0.25,0.0,METAL_PLATE_8MM_CANDIDATE,8.0,0.0,4.75,REVERSED_AWAY_FROM_BELT,STANDARD_REVERSED,11.75,6.75,15.5,10.5,11.25,19.75,4.0,8.5,290.0,145.0,-145.0,0,0,0,0,0,7,7,2,5.0,10.0,110.0,FAIL,PTO_NOMINAL_LT_13;PTO_RESIDUAL_LT_8
S2-REF-T8-BP0.25-OP5.00,STAGE_2_INNER_SUPPORT_AND_FASTENERS,REFINED_0.25_MM,0.25,0.0,METAL_PLATE_8MM_CANDIDATE,8.0,0.0,5.0,REVERSED_AWAY_FROM_BELT,STANDARD_REVERSED,11.75,6.75,15.5,10.5,11.25,19.75,4.0,8.5,290.0,145.0,-145.0,0,0,0,0,0,7,7,2,5.25,10.0,109.25,FAIL,PTO_NOMINAL_LT_13;PTO_RESIDUAL_LT_8
S2-REF-T8-BP0.25-OP5.25,STAGE_2_INNER_SUPPORT_AND_FASTENERS,REFINED_0.25_MM,0.25,0.0,METAL_PLATE_8MM_CANDIDATE,8.0,0.0,5.25,REVERSED_AWAY_FROM_BELT,STANDARD_REVERSED,11.75,6.75,15.5,10.5,11.25,19.75,4.0,8.5,290.0,145.0,-145.0,0,0,0,0,0,7,7,2,5.5,10.0,108.5,FAIL,PTO_NOMINAL_LT_13;PTO_RESIDUAL_LT_8
S2-REF-T8-BP0.25-OP5.50,STAGE_2_INNER_SUPPORT_AND_FASTENERS,REFINED_0.25_MM,0.25,0.0,METAL_PLATE_8MM_CANDIDATE,8.0,0.0,5.5,REVERSED_AWAY_FROM_BELT,STANDARD_REVERSED,11.75,6.75,15.5,10.5,11.25,19.75,4.0,8.5,290.0,145.0,-145.0,0,0,0,0,0,7,7,2,5.75,10.0,107.75,FAIL,PTO_NOMINAL_LT_13;PTO_RESIDUAL_LT_8
S2-REF-T8-BP0.25-OP5.75,STAGE_2_INNER_SUPPORT_AND_FASTENERS,REFINED_0.25_MM,0.25,0.0,METAL_PLATE_8MM_CANDIDATE,8.0,0.0,5.75,REVERSED_AWAY_FROM_BELT,STANDARD_REVERSED,11.75,6.75,15.5,10.5,11.25,19.75,4.0,8.5,290.0,145.0,-145.0,0,0,0,0,0,7,7,2,6.0,10.0,107.0,FAIL,PTO_NOMINAL_LT_13;PTO_RESIDUAL_LT_8
S2-REF-T8-BP0.25-OP6.00,STAGE_2_INNER_SUPPORT_AND_FASTENERS,REFINED_0.25_MM,0.25,0.0,METAL_PLATE_8MM_CANDIDATE,8.0,0.0,6.0,REVERSED_AWAY_FROM_BELT,STANDARD_REVERSED,11.75,6.75,15.5,10.5,11.25,19.75,4.0,8.5,290.0,145.0,-145.0,0,0,0,0,0,7,7,2,6.25,10.0,106.25,FAIL,PTO_NOMINAL_LT_13;PTO_RESIDUAL_LT_8
S2-REF-T8-BP0.25-OP6.25,STAGE_2_INNER_SUPPORT_AND_FASTENERS,REFINED_0.25_MM,0.25,0.0,METAL_PLATE_8MM_CANDIDATE,8.0,0.0,6.25,REVERSED_AWAY_FROM_BELT,STANDARD_REVERSED,11.75,6.75,15.5,10.5,11.25,19.75,4.0,8.5,290.0,145.0,-145.0,0,0,0,0,0,7,7,2,6.5,10.0,105.5,FAIL,PTO_NOMINAL_LT_13;PTO_RESIDUAL_LT_8
S2-REF-T8-BP0.25-OP6.50,STAGE_2_INNER_SUPPORT_AND_FASTENERS,REFINED_0.25_MM,0.25,0.0,METAL_PLATE_8MM_CANDIDATE,8.0,0.0,6.5,REVERSED_AWAY_FROM_BELT,STANDARD_REVERSED,11.75,6.75,15.5,10.5,11.25,19.75,4.0,8.5,290.0,145.0,-145.0,0,0,0,0,0,7,7,2,6.75,10.0,104.75,FAIL,PTO_NOMINAL_LT_13;PTO_RESIDUAL_LT_8
S2-REF-T8-BP0.25-OP6.75,STAGE_2_INNER_SUPPORT_AND_FASTENERS,REFINED_0.25_MM,0.25,0.0,METAL_PLATE_8MM_CANDIDATE,8.0,0.0,6.75,REVERSED_AWAY_FROM_BELT,STANDARD_REVERSED,11.75,6.75,15.5,10.5,11.25,19.75,4.0,8.5,290.0,145.0,-145.0,0,0,0,0,0,7,7,2,7.0,10.0,104.0,FAIL,PTO_NOMINAL_LT_13;PTO_RESIDUAL_LT_8
S2-REF-T8-BP0.25-OP7.00,STAGE_2_INNER_SUPPORT_AND_FASTENERS,REFINED_0.25_MM,0.25,0.0,METAL_PLATE_8MM_CANDIDATE,8.0,0.0,7.0,REVERSED_AWAY_FROM_BELT,STANDARD_REVERSED,11.75,6.75,15.5,10.5,11.25,19.75,4.0,8.5,290.0,145.0,-145.0,0,0,0,0,0,7,7,2,7.25,10.0,103.25,FAIL,PTO_NOMINAL_LT_13;PTO_RESIDUAL_LT_8
S2-REF-T8-BP0.50-OP1.00,STAGE_2_INNER_SUPPORT_AND_FASTENERS,REFINED_0.25_MM,0.5,0.0,METAL_PLATE_8MM_CANDIDATE,8.0,0.0,1.0,REVERSED_AWAY_FROM_BELT,STANDARD_REVERSED,12.0,7.0,15.5,10.5,11.5,20.0,4.0,8.5,290.0,145.0,-145.0,0,0,0,0,0,7,7,2,1.5,10.0,125.5,FAIL,PTO_NOMINAL_LT_13;PTO_RESIDUAL_LT_8
S2-REF-T8-BP0.50-OP1.25,STAGE_2_INNER_SUPPORT_AND_FASTENERS,REFINED_0.25_MM,0.5,0.0,METAL_PLATE_8MM_CANDIDATE,8.0,0.0,1.25,REVERSED_AWAY_FROM_BELT,STANDARD_REVERSED,12.0,7.0,15.5,10.5,11.5,20.0,4.0,8.5,290.0,145.0,-145.0,0,0,0,0,0,7,7,2,1.75,10.0,124.75,FAIL,PTO_NOMINAL_LT_13;PTO_RESIDUAL_LT_8
S2-REF-T8-BP0.50-OP1.50,STAGE_2_INNER_SUPPORT_AND_FASTENERS,REFINED_0.25_MM,0.5,0.0,METAL_PLATE_8MM_CANDIDATE,8.0,0.0,1.5,REVERSED_AWAY_FROM_BELT,STANDARD_REVERSED,12.0,7.0,15.5,10.5,11.5,20.0,4.0,8.5,290.0,145.0,-145.0,0,0,0,0,0,7,7,2,2.0,10.0,124.0,FAIL,PTO_NOMINAL_LT_13;PTO_RESIDUAL_LT_8
S2-REF-T8-BP0.50-OP1.75,STAGE_2_INNER_SUPPORT_AND_FASTENERS,REFINED_0.25_MM,0.5,0.0,METAL_PLATE_8MM_CANDIDATE,8.0,0.0,1.75,REVERSED_AWAY_FROM_BELT,STANDARD_REVERSED,12.0,7.0,15.5,10.5,11.5,20.0,4.0,8.5,290.0,145.0,-145.0,0,0,0,0,0,7,7,2,2.25,10.0,123.25,FAIL,PTO_NOMINAL_LT_13;PTO_RESIDUAL_LT_8
S2-REF-T8-BP0.50-OP2.00,STAGE_2_INNER_SUPPORT_AND_FASTENERS,REFINED_0.25_MM,0.5,0.0,METAL_PLATE_8MM_CANDIDATE,8.0,0.0,2.0,REVERSED_AWAY_FROM_BELT,STANDARD_REVERSED,12.0,7.0,15.5,10.5,11.5,20.0,4.0,8.5,290.0,145.0,-145.0,0,0,0,0,0,7,7,2,2.5,10.0,122.5,FAIL,PTO_NOMINAL_LT_13;PTO_RESIDUAL_LT_8
S2-REF-T8-BP0.50-OP2.25,STAGE_2_INNER_SUPPORT_AND_FASTENERS,REFINED_0.25_MM,0.5,0.0,METAL_PLATE_8MM_CANDIDATE,8.0,0.0,2.25,REVERSED_AWAY_FROM_BELT,STANDARD_REVERSED,12.0,7.0,15.5,10.5,11.5,20.0,4.0,8.5,290.0,145.0,-145.0,0,0,0,0,0,7,7,2,2.75,10.0,121.75,FAIL,PTO_NOMINAL_LT_13;PTO_RESIDUAL_LT_8
S2-REF-T8-BP0.50-OP2.50,STAGE_2_INNER_SUPPORT_AND_FASTENERS,REFINED_0.25_MM,0.5,0.0,METAL_PLATE_8MM_CANDIDATE,8.0,0.0,2.5,REVERSED_AWAY_FROM_BELT,STANDARD_REVERSED,12.0,7.0,15.5,10.5,11.5,20.0,4.0,8.5,290.0,145.0,-145.0,0,0,0,0,0,7,7,2,3.0,10.0,121.0,FAIL,PTO_NOMINAL_LT_13;PTO_RESIDUAL_LT_8
S2-REF-T8-BP0.50-OP2.75,STAGE_2_INNER_SUPPORT_AND_FASTENERS,REFINED_0.25_MM,0.5,0.0,METAL_PLATE_8MM_CANDIDATE,8.0,0.0,2.75,REVERSED_AWAY_FROM_BELT,STANDARD_REVERSED,12.0,7.0,15.5,10.5,11.5,20.0,4.0,8.5,290.0,145.0,-145.0,0,0,0,0,0,7,7,2,3.25,10.0,120.25,FAIL,PTO_NOMINAL_LT_13;PTO_RESIDUAL_LT_8
S2-REF-T8-BP0.50-OP3.00,STAGE_2_INNER_SUPPORT_AND_FASTENERS,REFINED_0.25_MM,0.5,0.0,METAL_PLATE_8MM_CANDIDATE,8.0,0.0,3.0,REVERSED_AWAY_FROM_BELT,STANDARD_REVERSED,12.0,7.0,15.5,10.5,11.5,20.0,4.0,8.5,290.0,145.0,-145.0,0,0,0,0,0,7,7,2,3.5,10.0,119.5,FAIL,PTO_NOMINAL_LT_13;PTO_RESIDUAL_LT_8
S2-REF-T8-BP0.50-OP3.25,STAGE_2_INNER_SUPPORT_AND_FASTENERS,REFINED_0.25_MM,0.5,0.0,METAL_PLATE_8MM_CANDIDATE,8.0,0.0,3.25,REVERSED_AWAY_FROM_BELT,STANDARD_REVERSED,12.0,7.0,15.5,10.5,11.5,20.0,4.0,8.5,290.0,145.0,-145.0,0,0,0,0,0,7,7,2,3.75,10.0,118.75,FAIL,PTO_NOMINAL_LT_13;PTO_RESIDUAL_LT_8
S2-REF-T8-BP0.50-OP3.50,STAGE_2_INNER_SUPPORT_AND_FASTENERS,REFINED_0.25_MM,0.5,0.0,METAL_PLATE_8MM_CANDIDATE,8.0,0.0,3.5,REVERSED_AWAY_FROM_BELT,STANDARD_REVERSED,12.0,7.0,15.5,10.5,11.5,20.0,4.0,8.5,290.0,145.0,-145.0,0,0,0,0,0,7,7,2,4.0,10.0,118.0,FAIL,PTO_NOMINAL_LT_13;PTO_RESIDUAL_LT_8
S2-REF-T8-BP0.50-OP3.75,STAGE_2_INNER_SUPPORT_AND_FASTENERS,REFINED_0.25_MM,0.5,0.0,METAL_PLATE_8MM_CANDIDATE,8.0,0.0,3.75,REVERSED_AWAY_FROM_BELT,STANDARD_REVERSED,12.0,7.0,15.5,10.5,11.5,20.0,4.0,8.5,290.0,145.0,-145.0,0,0,0,0,0,7,7,2,4.25,10.0,117.25,FAIL,PTO_NOMINAL_LT_13;PTO_RESIDUAL_LT_8
S2-REF-T8-BP0.50-OP4.00,STAGE_2_INNER_SUPPORT_AND_FASTENERS,REFINED_0.25_MM,0.5,0.0,METAL_PLATE_8MM_CANDIDATE,8.0,0.0,4.0,REVERSED_AWAY_FROM_BELT,STANDARD_REVERSED,12.0,7.0,15.5,10.5,11.5,20.0,4.0,8.5,290.0,145.0,-145.0,0,0,0,0,0,7,7,2,4.5,10.0,116.5,FAIL,PTO_NOMINAL_LT_13;PTO_RESIDUAL_LT_8
S2-REF-T8-BP0.50-OP4.25,STAGE_2_INNER_SUPPORT_AND_FASTENERS,REFINED_0.25_MM,0.5,0.0,METAL_PLATE_8MM_CANDIDATE,8.0,0.0,4.25,REVERSED_AWAY_FROM_BELT,STANDARD_REVERSED,12.0,7.0,15.5,10.5,11.5,20.0,4.0,8.5,290.0,145.0,-145.0,0,0,0,0,0,7,7,2,4.75,10.0,115.75,FAIL,PTO_NOMINAL_LT_13;PTO_RESIDUAL_LT_8
S2-REF-T8-BP0.50-OP4.50,STAGE_2_INNER_SUPPORT_AND_FASTENERS,REFINED_0.25_MM,0.5,0.0,METAL_PLATE_8MM_CANDIDATE,8.0,0.0,4.5,REVERSED_AWAY_FROM_BELT,STANDARD_REVERSED,12.0,7.0,15.5,10.5,11.5,20.0,4.0,8.5,290.0,145.0,-145.0,0,0,0,0,0,7,7,2,5.0,10.0,115.0,FAIL,PTO_NOMINAL_LT_13;PTO_RESIDUAL_LT_8
S2-REF-T8-BP0.50-OP4.75,STAGE_2_INNER_SUPPORT_AND_FASTENERS,REFINED_0.25_MM,0.5,0.0,METAL_PLATE_8MM_CANDIDATE,8.0,0.0,4.75,REVERSED_AWAY_FROM_BELT,STANDARD_REVERSED,12.0,7.0,15.5,10.5,11.5,20.0,4.0,8.5,290.0,145.0,-145.0,0,0,0,0,0,7,7,2,5.25,10.0,114.25,FAIL,PTO_NOMINAL_LT_13;PTO_RESIDUAL_LT_8
S2-REF-T8-BP0.50-OP5.00,STAGE_2_INNER_SUPPORT_AND_FASTENERS,REFINED_0.25_MM,0.5,0.0,METAL_PLATE_8MM_CANDIDATE,8.0,0.0,5.0,REVERSED_AWAY_FROM_BELT,STANDARD_REVERSED,12.0,7.0,15.5,10.5,11.5,20.0,4.0,8.5,290.0,145.0,-145.0,0,0,0,0,0,7,7,2,5.5,10.0,113.5,FAIL,PTO_NOMINAL_LT_13;PTO_RESIDUAL_LT_8
S2-REF-T8-BP0.50-OP5.25,STAGE_2_INNER_SUPPORT_AND_FASTENERS,REFINED_0.25_MM,0.5,0.0,METAL_PLATE_8MM_CANDIDATE,8.0,0.0,5.25,REVERSED_AWAY_FROM_BELT,STANDARD_REVERSED,12.0,7.0,15.5,10.5,11.5,20.0,4.0,8.5,290.0,145.0,-145.0,0,0,0,0,0,7,7,2,5.75,10.0,112.75,FAIL,PTO_NOMINAL_LT_13;PTO_RESIDUAL_LT_8
S2-REF-T8-BP0.50-OP5.50,STAGE_2_INNER_SUPPORT_AND_FASTENERS,REFINED_0.25_MM,0.5,0.0,METAL_PLATE_8MM_CANDIDATE,8.0,0.0,5.5,REVERSED_AWAY_FROM_BELT,STANDARD_REVERSED,12.0,7.0,15.5,10.5,11.5,20.0,4.0,8.5,290.0,145.0,-145.0,0,0,0,0,0,7,7,2,6.0,10.0,112.0,FAIL,PTO_NOMINAL_LT_13;PTO_RESIDUAL_LT_8
S2-REF-T8-BP0.50-OP5.75,STAGE_2_INNER_SUPPORT_AND_FASTENERS,REFINED_0.25_MM,0.5,0.0,METAL_PLATE_8MM_CANDIDATE,8.0,0.0,5.75,REVERSED_AWAY_FROM_BELT,STANDARD_REVERSED,12.0,7.0,15.5,10.5,11.5,20.0,4.0,8.5,290.0,145.0,-145.0,0,0,0,0,0,7,7,2,6.25,10.0,111.25,FAIL,PTO_NOMINAL_LT_13;PTO_RESIDUAL_LT_8
S2-REF-T8-BP0.50-OP6.00,STAGE_2_INNER_SUPPORT_AND_FASTENERS,REFINED_0.25_MM,0.5,0.0,METAL_PLATE_8MM_CANDIDATE,8.0,0.0,6.0,REVERSED_AWAY_FROM_BELT,STANDARD_REVERSED,12.0,7.0,15.5,10.5,11.5,20.0,4.0,8.5,290.0,145.0,-145.0,0,0,0,0,0,7,7,2,6.5,10.0,110.5,FAIL,PTO_NOMINAL_LT_13;PTO_RESIDUAL_LT_8
S2-REF-T8-BP0.50-OP6.25,STAGE_2_INNER_SUPPORT_AND_FASTENERS,REFINED_0.25_MM,0.5,0.0,METAL_PLATE_8MM_CANDIDATE,8.0,0.0,6.25,REVERSED_AWAY_FROM_BELT,STANDARD_REVERSED,12.0,7.0,15.5,10.5,11.5,20.0,4.0,8.5,290.0,145.0,-145.0,0,0,0,0,0,7,7,2,6.75,10.0,109.75,FAIL,PTO_NOMINAL_LT_13;PTO_RESIDUAL_LT_8
S2-REF-T8-BP0.50-OP6.50,STAGE_2_INNER_SUPPORT_AND_FASTENERS,REFINED_0.25_MM,0.5,0.0,METAL_PLATE_8MM_CANDIDATE,8.0,0.0,6.5,REVERSED_AWAY_FROM_BELT,STANDARD_REVERSED,12.0,7.0,15.5,10.5,11.5,20.0,4.0,8.5,290.0,145.0,-145.0,0,0,0,0,0,7,7,2,7.0,10.0,109.0,FAIL,PTO_NOMINAL_LT_13;PTO_RESIDUAL_LT_8
S2-REF-T8-BP0.50-OP6.75,STAGE_2_INNER_SUPPORT_AND_FASTENERS,REFINED_0.25_MM,0.5,0.0,METAL_PLATE_8MM_CANDIDATE,8.0,0.0,6.75,REVERSED_AWAY_FROM_BELT,STANDARD_REVERSED,12.0,7.0,15.5,10.5,11.5,20.0,4.0,8.5,290.0,145.0,-145.0,0,0,0,0,0,7,7,2,7.25,10.0,108.25,FAIL,PTO_NOMINAL_LT_13;PTO_RESIDUAL_LT_8
S2-REF-T8-BP0.50-OP7.00,STAGE_2_INNER_SUPPORT_AND_FASTENERS,REFINED_0.25_MM,0.5,0.0,METAL_PLATE_8MM_CANDIDATE,8.0,0.0,7.0,REVERSED_AWAY_FROM_BELT,STANDARD_REVERSED,12.0,7.0,15.5,10.5,11.5,20.0,4.0,8.5,290.0,145.0,-145.0,0,0,0,0,0,7,7,2,7.5,10.0,107.5,FAIL,PTO_NOMINAL_LT_13;PTO_RESIDUAL_LT_8
S2-REF-T8-BP0.75-OP1.00,STAGE_2_INNER_SUPPORT_AND_FASTENERS,REFINED_0.25_MM,0.75,0.0,METAL_PLATE_8MM_CANDIDATE,8.0,0.0,1.0,REVERSED_AWAY_FROM_BELT,STANDARD_REVERSED,11.75,6.75,15.5,10.5,11.75,20.25,4.0,8.5,290.0,145.0,-145.0,0,0,0,0,0,7,7,2,1.75,10.0,119.75,FAIL,PTO_NOMINAL_LT_13;PTO_RESIDUAL_LT_8
S2-REF-T8-BP0.75-OP1.25,STAGE_2_INNER_SUPPORT_AND_FASTENERS,REFINED_0.25_MM,0.75,0.0,METAL_PLATE_8MM_CANDIDATE,8.0,0.0,1.25,REVERSED_AWAY_FROM_BELT,STANDARD_REVERSED,12.0,7.0,15.5,10.5,11.75,20.25,4.0,8.5,290.0,145.0,-145.0,0,0,0,0,0,7,7,2,2.0,10.0,124.0,FAIL,PTO_NOMINAL_LT_13;PTO_RESIDUAL_LT_8
S2-REF-T8-BP0.75-OP1.50,STAGE_2_INNER_SUPPORT_AND_FASTENERS,REFINED_0.25_MM,0.75,0.0,METAL_PLATE_8MM_CANDIDATE,8.0,0.0,1.5,REVERSED_AWAY_FROM_BELT,STANDARD_REVERSED,12.25,7.25,15.5,10.5,11.75,20.25,4.0,8.5,290.0,145.0,-145.0,0,0,0,0,0,7,7,2,2.25,10.0,128.25,FAIL,PTO_NOMINAL_LT_13;PTO_RESIDUAL_LT_8
S2-REF-T8-BP0.75-OP1.75,STAGE_2_INNER_SUPPORT_AND_FASTENERS,REFINED_0.25_MM,0.75,0.0,METAL_PLATE_8MM_CANDIDATE,8.0,0.0,1.75,REVERSED_AWAY_FROM_BELT,STANDARD_REVERSED,12.25,7.25,15.5,10.5,11.75,20.25,4.0,8.5,290.0,145.0,-145.0,0,0,0,0,0,7,7,2,2.5,10.0,127.5,FAIL,PTO_NOMINAL_LT_13;PTO_RESIDUAL_LT_8
S2-REF-T8-BP0.75-OP2.00,STAGE_2_INNER_SUPPORT_AND_FASTENERS,REFINED_0.25_MM,0.75,0.0,METAL_PLATE_8MM_CANDIDATE,8.0,0.0,2.0,REVERSED_AWAY_FROM_BELT,STANDARD_REVERSED,12.25,7.25,15.5,10.5,11.75,20.25,4.0,8.5,290.0,145.0,-145.0,0,0,0,0,0,7,7,2,2.75,10.0,126.75,FAIL,PTO_NOMINAL_LT_13;PTO_RESIDUAL_LT_8
S2-REF-T8-BP0.75-OP2.25,STAGE_2_INNER_SUPPORT_AND_FASTENERS,REFINED_0.25_MM,0.75,0.0,METAL_PLATE_8MM_CANDIDATE,8.0,0.0,2.25,REVERSED_AWAY_FROM_BELT,STANDARD_REVERSED,12.25,7.25,15.5,10.5,11.75,20.25,4.0,8.5,290.0,145.0,-145.0,0,0,0,0,0,7,7,2,3.0,10.0,126.0,FAIL,PTO_NOMINAL_LT_13;PTO_RESIDUAL_LT_8
S2-REF-T8-BP0.75-OP2.50,STAGE_2_INNER_SUPPORT_AND_FASTENERS,REFINED_0.25_MM,0.75,0.0,METAL_PLATE_8MM_CANDIDATE,8.0,0.0,2.5,REVERSED_AWAY_FROM_BELT,STANDARD_REVERSED,12.25,7.25,15.5,10.5,11.75,20.25,4.0,8.5,290.0,145.0,-145.0,0,0,0,0,0,7,7,2,3.25,10.0,125.25,FAIL,PTO_NOMINAL_LT_13;PTO_RESIDUAL_LT_8
S2-REF-T8-BP0.75-OP2.75,STAGE_2_INNER_SUPPORT_AND_FASTENERS,REFINED_0.25_MM,0.75,0.0,METAL_PLATE_8MM_CANDIDATE,8.0,0.0,2.75,REVERSED_AWAY_FROM_BELT,STANDARD_REVERSED,12.25,7.25,15.5,10.5,11.75,20.25,4.0,8.5,290.0,145.0,-145.0,0,0,0,0,0,7,7,2,3.5,10.0,124.5,FAIL,PTO_NOMINAL_LT_13;PTO_RESIDUAL_LT_8
S2-REF-T8-BP0.75-OP3.00,STAGE_2_INNER_SUPPORT_AND_FASTENERS,REFINED_0.25_MM,0.75,0.0,METAL_PLATE_8MM_CANDIDATE,8.0,0.0,3.0,REVERSED_AWAY_FROM_BELT,STANDARD_REVERSED,12.25,7.25,15.5,10.5,11.75,20.25,4.0,8.5,290.0,145.0,-145.0,0,0,0,0,0,7,7,2,3.75,10.0,123.75,FAIL,PTO_NOMINAL_LT_13;PTO_RESIDUAL_LT_8
S2-REF-T8-BP0.75-OP3.25,STAGE_2_INNER_SUPPORT_AND_FASTENERS,REFINED_0.25_MM,0.75,0.0,METAL_PLATE_8MM_CANDIDATE,8.0,0.0,3.25,REVERSED_AWAY_FROM_BELT,STANDARD_REVERSED,12.25,7.25,15.5,10.5,11.75,20.25,4.0,8.5,290.0,145.0,-145.0,0,0,0,0,0,7,7,2,4.0,10.0,123.0,FAIL,PTO_NOMINAL_LT_13;PTO_RESIDUAL_LT_8
S2-REF-T8-BP0.75-OP3.50,STAGE_2_INNER_SUPPORT_AND_FASTENERS,REFINED_0.25_MM,0.75,0.0,METAL_PLATE_8MM_CANDIDATE,8.0,0.0,3.5,REVERSED_AWAY_FROM_BELT,STANDARD_REVERSED,12.25,7.25,15.5,10.5,11.75,20.25,4.0,8.5,290.0,145.0,-145.0,0,0,0,0,0,7,7,2,4.25,10.0,122.25,FAIL,PTO_NOMINAL_LT_13;PTO_RESIDUAL_LT_8
S2-REF-T8-BP0.75-OP3.75,STAGE_2_INNER_SUPPORT_AND_FASTENERS,REFINED_0.25_MM,0.75,0.0,METAL_PLATE_8MM_CANDIDATE,8.0,0.0,3.75,REVERSED_AWAY_FROM_BELT,STANDARD_REVERSED,12.25,7.25,15.5,10.5,11.75,20.25,4.0,8.5,290.0,145.0,-145.0,0,0,0,0,0,7,7,2,4.5,10.0,121.5,FAIL,PTO_NOMINAL_LT_13;PTO_RESIDUAL_LT_8
S2-REF-T8-BP0.75-OP4.00,STAGE_2_INNER_SUPPORT_AND_FASTENERS,REFINED_0.25_MM,0.75,0.0,METAL_PLATE_8MM_CANDIDATE,8.0,0.0,4.0,REVERSED_AWAY_FROM_BELT,STANDARD_REVERSED,12.25,7.25,15.5,10.5,11.75,20.25,4.0,8.5,290.0,145.0,-145.0,0,0,0,0,0,7,7,2,4.75,10.0,120.75,FAIL,PTO_NOMINAL_LT_13;PTO_RESIDUAL_LT_8
S2-REF-T8-BP0.75-OP4.25,STAGE_2_INNER_SUPPORT_AND_FASTENERS,REFINED_0.25_MM,0.75,0.0,METAL_PLATE_8MM_CANDIDATE,8.0,0.0,4.25,REVERSED_AWAY_FROM_BELT,STANDARD_REVERSED,12.25,7.25,15.5,10.5,11.75,20.25,4.0,8.5,290.0,145.0,-145.0,0,0,0,0,0,7,7,2,5.0,10.0,120.0,FAIL,PTO_NOMINAL_LT_13;PTO_RESIDUAL_LT_8
S2-REF-T8-BP0.75-OP4.50,STAGE_2_INNER_SUPPORT_AND_FASTENERS,REFINED_0.25_MM,0.75,0.0,METAL_PLATE_8MM_CANDIDATE,8.0,0.0,4.5,REVERSED_AWAY_FROM_BELT,STANDARD_REVERSED,12.25,7.25,15.5,10.5,11.75,20.25,4.0,8.5,290.0,145.0,-145.0,0,0,0,0,0,7,7,2,5.25,10.0,119.25,FAIL,PTO_NOMINAL_LT_13;PTO_RESIDUAL_LT_8
S2-REF-T8-BP0.75-OP4.75,STAGE_2_INNER_SUPPORT_AND_FASTENERS,REFINED_0.25_MM,0.75,0.0,METAL_PLATE_8MM_CANDIDATE,8.0,0.0,4.75,REVERSED_AWAY_FROM_BELT,STANDARD_REVERSED,12.25,7.25,15.5,10.5,11.75,20.25,4.0,8.5,290.0,145.0,-145.0,0,0,0,0,0,7,7,2,5.5,10.0,118.5,FAIL,PTO_NOMINAL_LT_13;PTO_RESIDUAL_LT_8
S2-REF-T8-BP0.75-OP5.00,STAGE_2_INNER_SUPPORT_AND_FASTENERS,REFINED_0.25_MM,0.75,0.0,METAL_PLATE_8MM_CANDIDATE,8.0,0.0,5.0,REVERSED_AWAY_FROM_BELT,STANDARD_REVERSED,12.25,7.25,15.5,10.5,11.75,20.25,4.0,8.5,290.0,145.0,-145.0,0,0,0,0,0,7,7,2,5.75,10.0,117.75,FAIL,PTO_NOMINAL_LT_13;PTO_RESIDUAL_LT_8
S2-REF-T8-BP0.75-OP5.25,STAGE_2_INNER_SUPPORT_AND_FASTENERS,REFINED_0.25_MM,0.75,0.0,METAL_PLATE_8MM_CANDIDATE,8.0,0.0,5.25,REVERSED_AWAY_FROM_BELT,STANDARD_REVERSED,12.25,7.25,15.5,10.5,11.75,20.25,4.0,8.5,290.0,145.0,-145.0,0,0,0,0,0,7,7,2,6.0,10.0,117.0,FAIL,PTO_NOMINAL_LT_13;PTO_RESIDUAL_LT_8
S2-REF-T8-BP0.75-OP5.50,STAGE_2_INNER_SUPPORT_AND_FASTENERS,REFINED_0.25_MM,0.75,0.0,METAL_PLATE_8MM_CANDIDATE,8.0,0.0,5.5,REVERSED_AWAY_FROM_BELT,STANDARD_REVERSED,12.25,7.25,15.5,10.5,11.75,20.25,4.0,8.5,290.0,145.0,-145.0,0,0,0,0,0,7,7,2,6.25,10.0,116.25,FAIL,PTO_NOMINAL_LT_13;PTO_RESIDUAL_LT_8
S2-REF-T8-BP0.75-OP5.75,STAGE_2_INNER_SUPPORT_AND_FASTENERS,REFINED_0.25_MM,0.75,0.0,METAL_PLATE_8MM_CANDIDATE,8.0,0.0,5.75,REVERSED_AWAY_FROM_BELT,STANDARD_REVERSED,12.25,7.25,15.5,10.5,11.75,20.25,4.0,8.5,290.0,145.0,-145.0,0,0,0,0,0,7,7,2,6.5,10.0,115.5,FAIL,PTO_NOMINAL_LT_13;PTO_RESIDUAL_LT_8
S2-REF-T8-BP0.75-OP6.00,STAGE_2_INNER_SUPPORT_AND_FASTENERS,REFINED_0.25_MM,0.75,0.0,METAL_PLATE_8MM_CANDIDATE,8.0,0.0,6.0,REVERSED_AWAY_FROM_BELT,STANDARD_REVERSED,12.25,7.25,15.5,10.5,11.75,20.25,4.0,8.5,290.0,145.0,-145.0,0,0,0,0,0,7,7,2,6.75,10.0,114.75,FAIL,PTO_NOMINAL_LT_13;PTO_RESIDUAL_LT_8
S2-REF-T8-BP0.75-OP6.25,STAGE_2_INNER_SUPPORT_AND_FASTENERS,REFINED_0.25_MM,0.75,0.0,METAL_PLATE_8MM_CANDIDATE,8.0,0.0,6.25,REVERSED_AWAY_FROM_BELT,STANDARD_REVERSED,12.25,7.25,15.5,10.5,11.75,20.25,4.0,8.5,290.0,145.0,-145.0,0,0,0,0,0,7,7,2,7.0,10.0,114.0,FAIL,PTO_NOMINAL_LT_13;PTO_RESIDUAL_LT_8
S2-REF-T8-BP0.75-OP6.50,STAGE_2_INNER_SUPPORT_AND_FASTENERS,REFINED_0.25_MM,0.75,0.0,METAL_PLATE_8MM_CANDIDATE,8.0,0.0,6.5,REVERSED_AWAY_FROM_BELT,STANDARD_REVERSED,12.25,7.25,15.5,10.5,11.75,20.25,4.0,8.5,290.0,145.0,-145.0,0,0,0,0,0,7,7,2,7.25,10.0,113.25,FAIL,PTO_NOMINAL_LT_13;PTO_RESIDUAL_LT_8
S2-REF-T8-BP0.75-OP6.75,STAGE_2_INNER_SUPPORT_AND_FASTENERS,REFINED_0.25_MM,0.75,0.0,METAL_PLATE_8MM_CANDIDATE,8.0,0.0,6.75,REVERSED_AWAY_FROM_BELT,STANDARD_REVERSED,12.25,7.25,15.5,10.5,11.75,20.25,4.0,8.5,290.0,145.0,-145.0,0,0,0,0,0,7,7,2,7.5,10.0,112.5,FAIL,PTO_NOMINAL_LT_13;PTO_RESIDUAL_LT_8
S2-REF-T8-BP0.75-OP7.00,STAGE_2_INNER_SUPPORT_AND_FASTENERS,REFINED_0.25_MM,0.75,0.0,METAL_PLATE_8MM_CANDIDATE,8.0,0.0,7.0,REVERSED_AWAY_FROM_BELT,STANDARD_REVERSED,12.25,7.25,15.5,10.5,11.75,20.25,4.0,8.5,290.0,145.0,-145.0,0,0,0,0,0,7,7,2,7.75,10.0,111.75,FAIL,PTO_NOMINAL_LT_13;PTO_RESIDUAL_LT_8
S2-REF-T8-BP1.00-OP1.00,STAGE_2_INNER_SUPPORT_AND_FASTENERS,REFINED_0.25_MM,1.0,0.0,METAL_PLATE_8MM_CANDIDATE,8.0,0.0,1.0,REVERSED_AWAY_FROM_BELT,STANDARD_REVERSED,11.5,6.5,15.5,10.5,12.0,20.5,4.0,8.5,290.0,145.0,-145.0,0,0,0,0,0,7,7,2,2.0,10.0,114.0,FAIL,PTO_NOMINAL_LT_13;PTO_RESIDUAL_LT_8
S2-REF-T8-BP1.00-OP1.25,STAGE_2_INNER_SUPPORT_AND_FASTENERS,REFINED_0.25_MM,1.0,0.0,METAL_PLATE_8MM_CANDIDATE,8.0,0.0,1.25,REVERSED_AWAY_FROM_BELT,STANDARD_REVERSED,11.75,6.75,15.5,10.5,12.0,20.5,4.0,8.5,290.0,145.0,-145.0,0,0,0,0,0,7,7,2,2.25,10.0,118.25,FAIL,PTO_NOMINAL_LT_13;PTO_RESIDUAL_LT_8
S2-REF-T8-BP1.00-OP1.50,STAGE_2_INNER_SUPPORT_AND_FASTENERS,REFINED_0.25_MM,1.0,0.0,METAL_PLATE_8MM_CANDIDATE,8.0,0.0,1.5,REVERSED_AWAY_FROM_BELT,STANDARD_REVERSED,12.0,7.0,15.5,10.5,12.0,20.5,4.0,8.5,290.0,145.0,-145.0,0,0,0,0,0,7,7,2,2.5,10.0,122.5,FAIL,PTO_NOMINAL_LT_13;PTO_RESIDUAL_LT_8
S2-REF-T8-BP1.00-OP1.75,STAGE_2_INNER_SUPPORT_AND_FASTENERS,REFINED_0.25_MM,1.0,0.0,METAL_PLATE_8MM_CANDIDATE,8.0,0.0,1.75,REVERSED_AWAY_FROM_BELT,STANDARD_REVERSED,12.25,7.25,15.5,10.5,12.0,20.5,4.0,8.5,290.0,145.0,-145.0,0,0,0,0,0,7,7,2,2.75,10.0,126.75,FAIL,PTO_NOMINAL_LT_13;PTO_RESIDUAL_LT_8
S2-REF-T8-BP1.00-OP2.00,STAGE_2_INNER_SUPPORT_AND_FASTENERS,REFINED_0.25_MM,1.0,0.0,METAL_PLATE_8MM_CANDIDATE,8.0,0.0,2.0,REVERSED_AWAY_FROM_BELT,STANDARD_REVERSED,12.5,7.5,15.5,10.5,12.0,20.5,4.0,8.5,290.0,145.0,-145.0,0,0,0,0,0,7,7,2,3.0,10.0,131.0,FAIL,PTO_NOMINAL_LT_13;PTO_RESIDUAL_LT_8
S2-REF-T8-BP1.00-OP2.25,STAGE_2_INNER_SUPPORT_AND_FASTENERS,REFINED_0.25_MM,1.0,0.0,METAL_PLATE_8MM_CANDIDATE,8.0,0.0,2.25,REVERSED_AWAY_FROM_BELT,STANDARD_REVERSED,12.5,7.5,15.5,10.5,12.0,20.5,4.0,8.5,290.0,145.0,-145.0,0,0,0,0,0,7,7,2,3.25,10.0,130.25,FAIL,PTO_NOMINAL_LT_13;PTO_RESIDUAL_LT_8
S2-REF-T8-BP1.00-OP2.50,STAGE_2_INNER_SUPPORT_AND_FASTENERS,REFINED_0.25_MM,1.0,0.0,METAL_PLATE_8MM_CANDIDATE,8.0,0.0,2.5,REVERSED_AWAY_FROM_BELT,STANDARD_REVERSED,12.5,7.5,15.5,10.5,12.0,20.5,4.0,8.5,290.0,145.0,-145.0,0,0,0,0,0,7,7,2,3.5,10.0,129.5,FAIL,PTO_NOMINAL_LT_13;PTO_RESIDUAL_LT_8
S2-REF-T8-BP1.00-OP2.75,STAGE_2_INNER_SUPPORT_AND_FASTENERS,REFINED_0.25_MM,1.0,0.0,METAL_PLATE_8MM_CANDIDATE,8.0,0.0,2.75,REVERSED_AWAY_FROM_BELT,STANDARD_REVERSED,12.5,7.5,15.5,10.5,12.0,20.5,4.0,8.5,290.0,145.0,-145.0,0,0,0,0,0,7,7,2,3.75,10.0,128.75,FAIL,PTO_NOMINAL_LT_13;PTO_RESIDUAL_LT_8
S2-REF-T8-BP1.00-OP3.00,STAGE_2_INNER_SUPPORT_AND_FASTENERS,REFINED_0.25_MM,1.0,0.0,METAL_PLATE_8MM_CANDIDATE,8.0,0.0,3.0,REVERSED_AWAY_FROM_BELT,STANDARD_REVERSED,12.5,7.5,15.5,10.5,12.0,20.5,4.0,8.5,290.0,145.0,-145.0,0,0,0,0,0,7,7,2,4.0,10.0,128.0,FAIL,PTO_NOMINAL_LT_13;PTO_RESIDUAL_LT_8
S2-REF-T8-BP1.00-OP3.25,STAGE_2_INNER_SUPPORT_AND_FASTENERS,REFINED_0.25_MM,1.0,0.0,METAL_PLATE_8MM_CANDIDATE,8.0,0.0,3.25,REVERSED_AWAY_FROM_BELT,STANDARD_REVERSED,12.5,7.5,15.5,10.5,12.0,20.5,4.0,8.5,290.0,145.0,-145.0,0,0,0,0,0,7,7,2,4.25,10.0,127.25,FAIL,PTO_NOMINAL_LT_13;PTO_RESIDUAL_LT_8
S2-REF-T8-BP1.00-OP3.50,STAGE_2_INNER_SUPPORT_AND_FASTENERS,REFINED_0.25_MM,1.0,0.0,METAL_PLATE_8MM_CANDIDATE,8.0,0.0,3.5,REVERSED_AWAY_FROM_BELT,STANDARD_REVERSED,12.5,7.5,15.5,10.5,12.0,20.5,4.0,8.5,290.0,145.0,-145.0,0,0,0,0,0,7,7,2,4.5,10.0,126.5,FAIL,PTO_NOMINAL_LT_13;PTO_RESIDUAL_LT_8
S2-REF-T8-BP1.00-OP3.75,STAGE_2_INNER_SUPPORT_AND_FASTENERS,REFINED_0.25_MM,1.0,0.0,METAL_PLATE_8MM_CANDIDATE,8.0,0.0,3.75,REVERSED_AWAY_FROM_BELT,STANDARD_REVERSED,12.5,7.5,15.5,10.5,12.0,20.5,4.0,8.5,290.0,145.0,-145.0,0,0,0,0,0,7,7,2,4.75,10.0,125.75,FAIL,PTO_NOMINAL_LT_13;PTO_RESIDUAL_LT_8
S2-REF-T8-BP1.00-OP4.00,STAGE_2_INNER_SUPPORT_AND_FASTENERS,REFINED_0.25_MM,1.0,0.0,METAL_PLATE_8MM_CANDIDATE,8.0,0.0,4.0,REVERSED_AWAY_FROM_BELT,STANDARD_REVERSED,12.5,7.5,15.5,10.5,12.0,20.5,4.0,8.5,290.0,145.0,-145.0,0,0,0,0,0,7,7,2,5.0,10.0,125.0,FAIL,PTO_NOMINAL_LT_13;PTO_RESIDUAL_LT_8
S2-REF-T8-BP1.00-OP4.25,STAGE_2_INNER_SUPPORT_AND_FASTENERS,REFINED_0.25_MM,1.0,0.0,METAL_PLATE_8MM_CANDIDATE,8.0,0.0,4.25,REVERSED_AWAY_FROM_BELT,STANDARD_REVERSED,12.5,7.5,15.5,10.5,12.0,20.5,4.0,8.5,290.0,145.0,-145.0,0,0,0,0,0,7,7,2,5.25,10.0,124.25,FAIL,PTO_NOMINAL_LT_13;PTO_RESIDUAL_LT_8
S2-REF-T8-BP1.00-OP4.50,STAGE_2_INNER_SUPPORT_AND_FASTENERS,REFINED_0.25_MM,1.0,0.0,METAL_PLATE_8MM_CANDIDATE,8.0,0.0,4.5,REVERSED_AWAY_FROM_BELT,STANDARD_REVERSED,12.5,7.5,15.5,10.5,12.0,20.5,4.0,8.5,290.0,145.0,-145.0,0,0,0,0,0,7,7,2,5.5,10.0,123.5,FAIL,PTO_NOMINAL_LT_13;PTO_RESIDUAL_LT_8
S2-REF-T8-BP1.00-OP4.75,STAGE_2_INNER_SUPPORT_AND_FASTENERS,REFINED_0.25_MM,1.0,0.0,METAL_PLATE_8MM_CANDIDATE,8.0,0.0,4.75,REVERSED_AWAY_FROM_BELT,STANDARD_REVERSED,12.5,7.5,15.5,10.5,12.0,20.5,4.0,8.5,290.0,145.0,-145.0,0,0,0,0,0,7,7,2,5.75,10.0,122.75,FAIL,PTO_NOMINAL_LT_13;PTO_RESIDUAL_LT_8
S2-REF-T8-BP1.00-OP5.00,STAGE_2_INNER_SUPPORT_AND_FASTENERS,REFINED_0.25_MM,1.0,0.0,METAL_PLATE_8MM_CANDIDATE,8.0,0.0,5.0,REVERSED_AWAY_FROM_BELT,STANDARD_REVERSED,12.5,7.5,15.5,10.5,12.0,20.5,4.0,8.5,290.0,145.0,-145.0,0,0,0,0,0,7,7,2,6.0,10.0,122.0,FAIL,PTO_NOMINAL_LT_13;PTO_RESIDUAL_LT_8
S2-REF-T8-BP1.00-OP5.25,STAGE_2_INNER_SUPPORT_AND_FASTENERS,REFINED_0.25_MM,1.0,0.0,METAL_PLATE_8MM_CANDIDATE,8.0,0.0,5.25,REVERSED_AWAY_FROM_BELT,STANDARD_REVERSED,12.5,7.5,15.5,10.5,12.0,20.5,4.0,8.5,290.0,145.0,-145.0,0,0,0,0,0,7,7,2,6.25,10.0,121.25,FAIL,PTO_NOMINAL_LT_13;PTO_RESIDUAL_LT_8
S2-REF-T8-BP1.00-OP5.50,STAGE_2_INNER_SUPPORT_AND_FASTENERS,REFINED_0.25_MM,1.0,0.0,METAL_PLATE_8MM_CANDIDATE,8.0,0.0,5.5,REVERSED_AWAY_FROM_BELT,STANDARD_REVERSED,12.5,7.5,15.5,10.5,12.0,20.5,4.0,8.5,290.0,145.0,-145.0,0,0,0,0,0,7,7,2,6.5,10.0,120.5,FAIL,PTO_NOMINAL_LT_13;PTO_RESIDUAL_LT_8
S2-REF-T8-BP1.00-OP5.75,STAGE_2_INNER_SUPPORT_AND_FASTENERS,REFINED_0.25_MM,1.0,0.0,METAL_PLATE_8MM_CANDIDATE,8.0,0.0,5.75,REVERSED_AWAY_FROM_BELT,STANDARD_REVERSED,12.5,7.5,15.5,10.5,12.0,20.5,4.0,8.5,290.0,145.0,-145.0,0,0,0,0,0,7,7,2,6.75,10.0,119.75,FAIL,PTO_NOMINAL_LT_13;PTO_RESIDUAL_LT_8
S2-REF-T8-BP1.00-OP6.00,STAGE_2_INNER_SUPPORT_AND_FASTENERS,REFINED_0.25_MM,1.0,0.0,METAL_PLATE_8MM_CANDIDATE,8.0,0.0,6.0,REVERSED_AWAY_FROM_BELT,STANDARD_REVERSED,12.5,7.5,15.5,10.5,12.0,20.5,4.0,8.5,290.0,145.0,-145.0,0,0,0,0,0,7,7,2,7.0,10.0,119.0,FAIL,PTO_NOMINAL_LT_13;PTO_RESIDUAL_LT_8
S2-REF-T8-BP1.00-OP6.25,STAGE_2_INNER_SUPPORT_AND_FASTENERS,REFINED_0.25_MM,1.0,0.0,METAL_PLATE_8MM_CANDIDATE,8.0,0.0,6.25,REVERSED_AWAY_FROM_BELT,STANDARD_REVERSED,12.5,7.5,15.5,10.5,12.0,20.5,4.0,8.5,290.0,145.0,-145.0,0,0,0,0,0,7,7,2,7.25,10.0,118.25,FAIL,PTO_NOMINAL_LT_13;PTO_RESIDUAL_LT_8
S2-REF-T8-BP1.00-OP6.50,STAGE_2_INNER_SUPPORT_AND_FASTENERS,REFINED_0.25_MM,1.0,0.0,METAL_PLATE_8MM_CANDIDATE,8.0,0.0,6.5,REVERSED_AWAY_FROM_BELT,STANDARD_REVERSED,12.5,7.5,15.5,10.5,12.0,20.5,4.0,8.5,290.0,145.0,-145.0,0,0,0,0,0,7,7,2,7.5,10.0,117.5,FAIL,PTO_NOMINAL_LT_13;PTO_RESIDUAL_LT_8
S2-REF-T8-BP1.00-OP6.75,STAGE_2_INNER_SUPPORT_AND_FASTENERS,REFINED_0.25_MM,1.0,0.0,METAL_PLATE_8MM_CANDIDATE,8.0,0.0,6.75,REVERSED_AWAY_FROM_BELT,STANDARD_REVERSED,12.5,7.5,15.5,10.5,12.0,20.5,4.0,8.5,290.0,145.0,-145.0,0,0,0,0,0,7,7,2,7.75,10.0,116.75,FAIL,PTO_NOMINAL_LT_13;PTO_RESIDUAL_LT_8
S2-REF-T8-BP1.00-OP7.00,STAGE_2_INNER_SUPPORT_AND_FASTENERS,REFINED_0.25_MM,1.0,0.0,METAL_PLATE_8MM_CANDIDATE,8.0,0.0,7.0,REVERSED_AWAY_FROM_BELT,STANDARD_REVERSED,12.5,7.5,15.5,10.5,12.0,20.5,4.0,8.5,290.0,145.0,-145.0,0,0,0,0,0,7,7,2,8.0,10.0,116.0,FAIL,PTO_NOMINAL_LT_13;PTO_RESIDUAL_LT_8
S2-REF-T8-BP1.25-OP1.00,STAGE_2_INNER_SUPPORT_AND_FASTENERS,REFINED_0.25_MM,1.25,0.0,METAL_PLATE_8MM_CANDIDATE,8.0,0.0,1.0,REVERSED_AWAY_FROM_BELT,STANDARD_REVERSED,11.25,6.25,15.5,10.5,12.25,20.75,4.0,8.5,290.0,145.0,-145.0,0,0,0,0,0,7,7,2,2.25,10.0,108.25,FAIL,PTO_NOMINAL_LT_13;PTO_RESIDUAL_LT_8
S2-REF-T8-BP1.25-OP1.25,STAGE_2_INNER_SUPPORT_AND_FASTENERS,REFINED_0.25_MM,1.25,0.0,METAL_PLATE_8MM_CANDIDATE,8.0,0.0,1.25,REVERSED_AWAY_FROM_BELT,STANDARD_REVERSED,11.5,6.5,15.5,10.5,12.25,20.75,4.0,8.5,290.0,145.0,-145.0,0,0,0,0,0,7,7,2,2.5,10.0,112.5,FAIL,PTO_NOMINAL_LT_13;PTO_RESIDUAL_LT_8
S2-REF-T8-BP1.25-OP1.50,STAGE_2_INNER_SUPPORT_AND_FASTENERS,REFINED_0.25_MM,1.25,0.0,METAL_PLATE_8MM_CANDIDATE,8.0,0.0,1.5,REVERSED_AWAY_FROM_BELT,STANDARD_REVERSED,11.75,6.75,15.5,10.5,12.25,20.75,4.0,8.5,290.0,145.0,-145.0,0,0,0,0,0,7,7,2,2.75,10.0,116.75,FAIL,PTO_NOMINAL_LT_13;PTO_RESIDUAL_LT_8
S2-REF-T8-BP1.25-OP1.75,STAGE_2_INNER_SUPPORT_AND_FASTENERS,REFINED_0.25_MM,1.25,0.0,METAL_PLATE_8MM_CANDIDATE,8.0,0.0,1.75,REVERSED_AWAY_FROM_BELT,STANDARD_REVERSED,12.0,7.0,15.5,10.5,12.25,20.75,4.0,8.5,290.0,145.0,-145.0,0,0,0,0,0,7,7,2,3.0,10.0,121.0,FAIL,PTO_NOMINAL_LT_13;PTO_RESIDUAL_LT_8
S2-REF-T8-BP1.25-OP2.00,STAGE_2_INNER_SUPPORT_AND_FASTENERS,REFINED_0.25_MM,1.25,0.0,METAL_PLATE_8MM_CANDIDATE,8.0,0.0,2.0,REVERSED_AWAY_FROM_BELT,STANDARD_REVERSED,12.25,7.25,15.5,10.5,12.25,20.75,4.0,8.5,290.0,145.0,-145.0,0,0,0,0,0,7,7,2,3.25,10.0,125.25,FAIL,PTO_NOMINAL_LT_13;PTO_RESIDUAL_LT_8
S2-REF-T8-BP1.25-OP2.25,STAGE_2_INNER_SUPPORT_AND_FASTENERS,REFINED_0.25_MM,1.25,0.0,METAL_PLATE_8MM_CANDIDATE,8.0,0.0,2.25,REVERSED_AWAY_FROM_BELT,STANDARD_REVERSED,12.5,7.5,15.5,10.5,12.25,20.75,4.0,8.5,290.0,145.0,-145.0,0,0,0,0,0,7,7,2,3.5,10.0,129.5,FAIL,PTO_NOMINAL_LT_13;PTO_RESIDUAL_LT_8
S2-REF-T8-BP1.25-OP2.50,STAGE_2_INNER_SUPPORT_AND_FASTENERS,REFINED_0.25_MM,1.25,0.0,METAL_PLATE_8MM_CANDIDATE,8.0,0.0,2.5,REVERSED_AWAY_FROM_BELT,STANDARD_REVERSED,12.75,7.75,15.5,10.5,12.25,20.75,4.0,8.5,290.0,145.0,-145.0,0,0,0,0,0,7,7,2,3.75,10.0,133.75,FAIL,PTO_NOMINAL_LT_13;PTO_RESIDUAL_LT_8
S2-REF-T8-BP1.25-OP2.75,STAGE_2_INNER_SUPPORT_AND_FASTENERS,REFINED_0.25_MM,1.25,0.0,METAL_PLATE_8MM_CANDIDATE,8.0,0.0,2.75,REVERSED_AWAY_FROM_BELT,STANDARD_REVERSED,12.75,7.75,15.5,10.5,12.25,20.75,4.0,8.5,290.0,145.0,-145.0,0,0,0,0,0,7,7,2,4.0,10.0,133.0,FAIL,PTO_NOMINAL_LT_13;PTO_RESIDUAL_LT_8
S2-REF-T8-BP1.25-OP3.00,STAGE_2_INNER_SUPPORT_AND_FASTENERS,REFINED_0.25_MM,1.25,0.0,METAL_PLATE_8MM_CANDIDATE,8.0,0.0,3.0,REVERSED_AWAY_FROM_BELT,STANDARD_REVERSED,12.75,7.75,15.5,10.5,12.25,20.75,4.0,8.5,290.0,145.0,-145.0,0,0,0,0,0,7,7,2,4.25,10.0,132.25,FAIL,PTO_NOMINAL_LT_13;PTO_RESIDUAL_LT_8
S2-REF-T8-BP1.25-OP3.25,STAGE_2_INNER_SUPPORT_AND_FASTENERS,REFINED_0.25_MM,1.25,0.0,METAL_PLATE_8MM_CANDIDATE,8.0,0.0,3.25,REVERSED_AWAY_FROM_BELT,STANDARD_REVERSED,12.75,7.75,15.5,10.5,12.25,20.75,4.0,8.5,290.0,145.0,-145.0,0,0,0,0,0,7,7,2,4.5,10.0,131.5,FAIL,PTO_NOMINAL_LT_13;PTO_RESIDUAL_LT_8
S2-REF-T8-BP1.25-OP3.50,STAGE_2_INNER_SUPPORT_AND_FASTENERS,REFINED_0.25_MM,1.25,0.0,METAL_PLATE_8MM_CANDIDATE,8.0,0.0,3.5,REVERSED_AWAY_FROM_BELT,STANDARD_REVERSED,12.75,7.75,15.5,10.5,12.25,20.75,4.0,8.5,290.0,145.0,-145.0,0,0,0,0,0,7,7,2,4.75,10.0,130.75,FAIL,PTO_NOMINAL_LT_13;PTO_RESIDUAL_LT_8
S2-REF-T8-BP1.25-OP3.75,STAGE_2_INNER_SUPPORT_AND_FASTENERS,REFINED_0.25_MM,1.25,0.0,METAL_PLATE_8MM_CANDIDATE,8.0,0.0,3.75,REVERSED_AWAY_FROM_BELT,STANDARD_REVERSED,12.75,7.75,15.5,10.5,12.25,20.75,4.0,8.5,290.0,145.0,-145.0,0,0,0,0,0,7,7,2,5.0,10.0,130.0,FAIL,PTO_NOMINAL_LT_13;PTO_RESIDUAL_LT_8
S2-REF-T8-BP1.25-OP4.00,STAGE_2_INNER_SUPPORT_AND_FASTENERS,REFINED_0.25_MM,1.25,0.0,METAL_PLATE_8MM_CANDIDATE,8.0,0.0,4.0,REVERSED_AWAY_FROM_BELT,STANDARD_REVERSED,12.75,7.75,15.5,10.5,12.25,20.75,4.0,8.5,290.0,145.0,-145.0,0,0,0,0,0,7,7,2,5.25,10.0,129.25,FAIL,PTO_NOMINAL_LT_13;PTO_RESIDUAL_LT_8
S2-REF-T8-BP1.25-OP4.25,STAGE_2_INNER_SUPPORT_AND_FASTENERS,REFINED_0.25_MM,1.25,0.0,METAL_PLATE_8MM_CANDIDATE,8.0,0.0,4.25,REVERSED_AWAY_FROM_BELT,STANDARD_REVERSED,12.75,7.75,15.5,10.5,12.25,20.75,4.0,8.5,290.0,145.0,-145.0,0,0,0,0,0,7,7,2,5.5,10.0,128.5,FAIL,PTO_NOMINAL_LT_13;PTO_RESIDUAL_LT_8
S2-REF-T8-BP1.25-OP4.50,STAGE_2_INNER_SUPPORT_AND_FASTENERS,REFINED_0.25_MM,1.25,0.0,METAL_PLATE_8MM_CANDIDATE,8.0,0.0,4.5,REVERSED_AWAY_FROM_BELT,STANDARD_REVERSED,12.75,7.75,15.5,10.5,12.25,20.75,4.0,8.5,290.0,145.0,-145.0,0,0,0,0,0,7,7,2,5.75,10.0,127.75,FAIL,PTO_NOMINAL_LT_13;PTO_RESIDUAL_LT_8
S2-REF-T8-BP1.25-OP4.75,STAGE_2_INNER_SUPPORT_AND_FASTENERS,REFINED_0.25_MM,1.25,0.0,METAL_PLATE_8MM_CANDIDATE,8.0,0.0,4.75,REVERSED_AWAY_FROM_BELT,STANDARD_REVERSED,12.75,7.75,15.5,10.5,12.25,20.75,4.0,8.5,290.0,145.0,-145.0,0,0,0,0,0,7,7,2,6.0,10.0,127.0,FAIL,PTO_NOMINAL_LT_13;PTO_RESIDUAL_LT_8
S2-REF-T8-BP1.25-OP5.00,STAGE_2_INNER_SUPPORT_AND_FASTENERS,REFINED_0.25_MM,1.25,0.0,METAL_PLATE_8MM_CANDIDATE,8.0,0.0,5.0,REVERSED_AWAY_FROM_BELT,STANDARD_REVERSED,12.75,7.75,15.5,10.5,12.25,20.75,4.0,8.5,290.0,145.0,-145.0,0,0,0,0,0,7,7,2,6.25,10.0,126.25,FAIL,PTO_NOMINAL_LT_13;PTO_RESIDUAL_LT_8
S2-REF-T8-BP1.25-OP5.25,STAGE_2_INNER_SUPPORT_AND_FASTENERS,REFINED_0.25_MM,1.25,0.0,METAL_PLATE_8MM_CANDIDATE,8.0,0.0,5.25,REVERSED_AWAY_FROM_BELT,STANDARD_REVERSED,12.75,7.75,15.5,10.5,12.25,20.75,4.0,8.5,290.0,145.0,-145.0,0,0,0,0,0,7,7,2,6.5,10.0,125.5,FAIL,PTO_NOMINAL_LT_13;PTO_RESIDUAL_LT_8
S2-REF-T8-BP1.25-OP5.50,STAGE_2_INNER_SUPPORT_AND_FASTENERS,REFINED_0.25_MM,1.25,0.0,METAL_PLATE_8MM_CANDIDATE,8.0,0.0,5.5,REVERSED_AWAY_FROM_BELT,STANDARD_REVERSED,12.75,7.75,15.5,10.5,12.25,20.75,4.0,8.5,290.0,145.0,-145.0,0,0,0,0,0,7,7,2,6.75,10.0,124.75,FAIL,PTO_NOMINAL_LT_13;PTO_RESIDUAL_LT_8
S2-REF-T8-BP1.25-OP5.75,STAGE_2_INNER_SUPPORT_AND_FASTENERS,REFINED_0.25_MM,1.25,0.0,METAL_PLATE_8MM_CANDIDATE,8.0,0.0,5.75,REVERSED_AWAY_FROM_BELT,STANDARD_REVERSED,12.75,7.75,15.5,10.5,12.25,20.75,4.0,8.5,290.0,145.0,-145.0,0,0,0,0,0,7,7,2,7.0,10.0,124.0,FAIL,PTO_NOMINAL_LT_13;PTO_RESIDUAL_LT_8
S2-REF-T8-BP1.25-OP6.00,STAGE_2_INNER_SUPPORT_AND_FASTENERS,REFINED_0.25_MM,1.25,0.0,METAL_PLATE_8MM_CANDIDATE,8.0,0.0,6.0,REVERSED_AWAY_FROM_BELT,STANDARD_REVERSED,12.75,7.75,15.5,10.5,12.25,20.75,4.0,8.5,290.0,145.0,-145.0,0,0,0,0,0,7,7,2,7.25,10.0,123.25,FAIL,PTO_NOMINAL_LT_13;PTO_RESIDUAL_LT_8
S2-REF-T8-BP1.25-OP6.25,STAGE_2_INNER_SUPPORT_AND_FASTENERS,REFINED_0.25_MM,1.25,0.0,METAL_PLATE_8MM_CANDIDATE,8.0,0.0,6.25,REVERSED_AWAY_FROM_BELT,STANDARD_REVERSED,12.75,7.75,15.5,10.5,12.25,20.75,4.0,8.5,290.0,145.0,-145.0,0,0,0,0,0,7,7,2,7.5,10.0,122.5,FAIL,PTO_NOMINAL_LT_13;PTO_RESIDUAL_LT_8
S2-REF-T8-BP1.25-OP6.50,STAGE_2_INNER_SUPPORT_AND_FASTENERS,REFINED_0.25_MM,1.25,0.0,METAL_PLATE_8MM_CANDIDATE,8.0,0.0,6.5,REVERSED_AWAY_FROM_BELT,STANDARD_REVERSED,12.75,7.75,15.5,10.5,12.25,20.75,4.0,8.5,290.0,145.0,-145.0,0,0,0,0,0,7,7,2,7.75,10.0,121.75,FAIL,PTO_NOMINAL_LT_13;PTO_RESIDUAL_LT_8
S2-REF-T8-BP1.25-OP6.75,STAGE_2_INNER_SUPPORT_AND_FASTENERS,REFINED_0.25_MM,1.25,0.0,METAL_PLATE_8MM_CANDIDATE,8.0,0.0,6.75,REVERSED_AWAY_FROM_BELT,STANDARD_REVERSED,12.75,7.75,15.5,10.5,12.25,20.75,4.0,8.5,290.0,145.0,-145.0,0,0,0,0,0,7,7,2,8.0,10.0,121.0,FAIL,PTO_NOMINAL_LT_13;PTO_RESIDUAL_LT_8
S2-REF-T8-BP1.25-OP7.00,STAGE_2_INNER_SUPPORT_AND_FASTENERS,REFINED_0.25_MM,1.25,0.0,METAL_PLATE_8MM_CANDIDATE,8.0,0.0,7.0,REVERSED_AWAY_FROM_BELT,STANDARD_REVERSED,12.75,7.75,15.5,10.5,12.25,20.75,4.0,8.5,290.0,145.0,-145.0,0,0,0,0,0,7,7,2,8.25,10.0,120.25,FAIL,PTO_NOMINAL_LT_13;PTO_RESIDUAL_LT_8
S2-REF-T8-BP1.50-OP1.00,STAGE_2_INNER_SUPPORT_AND_FASTENERS,REFINED_0.25_MM,1.5,0.0,METAL_PLATE_8MM_CANDIDATE,8.0,0.0,1.0,REVERSED_AWAY_FROM_BELT,STANDARD_REVERSED,11.0,6.0,15.5,10.5,12.5,21.0,4.0,8.5,290.0,145.0,-145.0,0,0,0,0,0,7,7,2,2.5,10.0,102.5,FAIL,PTO_NOMINAL_LT_13;PTO_RESIDUAL_LT_8
S2-REF-T8-BP1.50-OP1.25,STAGE_2_INNER_SUPPORT_AND_FASTENERS,REFINED_0.25_MM,1.5,0.0,METAL_PLATE_8MM_CANDIDATE,8.0,0.0,1.25,REVERSED_AWAY_FROM_BELT,STANDARD_REVERSED,11.25,6.25,15.5,10.5,12.5,21.0,4.0,8.5,290.0,145.0,-145.0,0,0,0,0,0,7,7,2,2.75,10.0,106.75,FAIL,PTO_NOMINAL_LT_13;PTO_RESIDUAL_LT_8
S2-REF-T8-BP1.50-OP1.50,STAGE_2_INNER_SUPPORT_AND_FASTENERS,REFINED_0.25_MM,1.5,0.0,METAL_PLATE_8MM_CANDIDATE,8.0,0.0,1.5,REVERSED_AWAY_FROM_BELT,STANDARD_REVERSED,11.5,6.5,15.5,10.5,12.5,21.0,4.0,8.5,290.0,145.0,-145.0,0,0,0,0,0,7,7,2,3.0,10.0,111.0,FAIL,PTO_NOMINAL_LT_13;PTO_RESIDUAL_LT_8
S2-REF-T8-BP1.50-OP1.75,STAGE_2_INNER_SUPPORT_AND_FASTENERS,REFINED_0.25_MM,1.5,0.0,METAL_PLATE_8MM_CANDIDATE,8.0,0.0,1.75,REVERSED_AWAY_FROM_BELT,STANDARD_REVERSED,11.75,6.75,15.5,10.5,12.5,21.0,4.0,8.5,290.0,145.0,-145.0,0,0,0,0,0,7,7,2,3.25,10.0,115.25,FAIL,PTO_NOMINAL_LT_13;PTO_RESIDUAL_LT_8
S2-REF-T8-BP1.50-OP2.00,STAGE_2_INNER_SUPPORT_AND_FASTENERS,REFINED_0.25_MM,1.5,0.0,METAL_PLATE_8MM_CANDIDATE,8.0,0.0,2.0,REVERSED_AWAY_FROM_BELT,STANDARD_REVERSED,12.0,7.0,15.5,10.5,12.5,21.0,4.0,8.5,290.0,145.0,-145.0,0,0,0,0,0,7,7,2,3.5,10.0,119.5,FAIL,PTO_NOMINAL_LT_13;PTO_RESIDUAL_LT_8
S2-REF-T8-BP1.50-OP2.25,STAGE_2_INNER_SUPPORT_AND_FASTENERS,REFINED_0.25_MM,1.5,0.0,METAL_PLATE_8MM_CANDIDATE,8.0,0.0,2.25,REVERSED_AWAY_FROM_BELT,STANDARD_REVERSED,12.25,7.25,15.5,10.5,12.5,21.0,4.0,8.5,290.0,145.0,-145.0,0,0,0,0,0,7,7,2,3.75,10.0,123.75,FAIL,PTO_NOMINAL_LT_13;PTO_RESIDUAL_LT_8
S2-REF-T8-BP1.50-OP2.50,STAGE_2_INNER_SUPPORT_AND_FASTENERS,REFINED_0.25_MM,1.5,0.0,METAL_PLATE_8MM_CANDIDATE,8.0,0.0,2.5,REVERSED_AWAY_FROM_BELT,STANDARD_REVERSED,12.5,7.5,15.5,10.5,12.5,21.0,4.0,8.5,290.0,145.0,-145.0,0,0,0,0,0,7,7,2,4.0,10.0,128.0,FAIL,PTO_NOMINAL_LT_13;PTO_RESIDUAL_LT_8
S2-REF-T8-BP1.50-OP2.75,STAGE_2_INNER_SUPPORT_AND_FASTENERS,REFINED_0.25_MM,1.5,0.0,METAL_PLATE_8MM_CANDIDATE,8.0,0.0,2.75,REVERSED_AWAY_FROM_BELT,STANDARD_REVERSED,12.75,7.75,15.5,10.5,12.5,21.0,4.0,8.5,290.0,145.0,-145.0,0,0,0,0,0,7,7,2,4.25,10.0,132.25,FAIL,PTO_NOMINAL_LT_13;PTO_RESIDUAL_LT_8
S2-REF-T8-BP1.50-OP3.00,STAGE_2_INNER_SUPPORT_AND_FASTENERS,REFINED_0.25_MM,1.5,0.0,METAL_PLATE_8MM_CANDIDATE,8.0,0.0,3.0,REVERSED_AWAY_FROM_BELT,STANDARD_REVERSED,13.0,8.0,15.5,10.5,12.5,21.0,4.0,8.5,290.0,145.0,-145.0,0,0,0,0,0,7,7,2,4.5,10.0,1136.5,CONDITIONAL_PASS,
S2-REF-T8-BP1.50-OP3.25,STAGE_2_INNER_SUPPORT_AND_FASTENERS,REFINED_0.25_MM,1.5,0.0,METAL_PLATE_8MM_CANDIDATE,8.0,0.0,3.25,REVERSED_AWAY_FROM_BELT,STANDARD_REVERSED,13.0,8.0,15.5,10.5,12.5,21.0,4.0,8.5,290.0,145.0,-145.0,0,0,0,0,0,7,7,2,4.75,10.0,1135.75,CONDITIONAL_PASS,
S2-REF-T8-BP1.50-OP3.50,STAGE_2_INNER_SUPPORT_AND_FASTENERS,REFINED_0.25_MM,1.5,0.0,METAL_PLATE_8MM_CANDIDATE,8.0,0.0,3.5,REVERSED_AWAY_FROM_BELT,STANDARD_REVERSED,13.0,8.0,15.5,10.5,12.5,21.0,4.0,8.5,290.0,145.0,-145.0,0,0,0,0,0,7,7,2,5.0,10.0,1135.0,CONDITIONAL_PASS,
S2-REF-T8-BP1.50-OP3.75,STAGE_2_INNER_SUPPORT_AND_FASTENERS,REFINED_0.25_MM,1.5,0.0,METAL_PLATE_8MM_CANDIDATE,8.0,0.0,3.75,REVERSED_AWAY_FROM_BELT,STANDARD_REVERSED,13.0,8.0,15.5,10.5,12.5,21.0,4.0,8.5,290.0,145.0,-145.0,0,0,0,0,0,7,7,2,5.25,10.0,1134.25,CONDITIONAL_PASS,
S2-REF-T8-BP1.50-OP4.00,STAGE_2_INNER_SUPPORT_AND_FASTENERS,REFINED_0.25_MM,1.5,0.0,METAL_PLATE_8MM_CANDIDATE,8.0,0.0,4.0,REVERSED_AWAY_FROM_BELT,STANDARD_REVERSED,13.0,8.0,15.5,10.5,12.5,21.0,4.0,8.5,290.0,145.0,-145.0,0,0,0,0,0,7,7,2,5.5,10.0,1133.5,CONDITIONAL_PASS,
S2-REF-T8-BP1.50-OP4.25,STAGE_2_INNER_SUPPORT_AND_FASTENERS,REFINED_0.25_MM,1.5,0.0,METAL_PLATE_8MM_CANDIDATE,8.0,0.0,4.25,REVERSED_AWAY_FROM_BELT,STANDARD_REVERSED,13.0,8.0,15.5,10.5,12.5,21.0,4.0,8.5,290.0,145.0,-145.0,0,0,0,0,0,7,7,2,5.75,10.0,1132.75,CONDITIONAL_PASS,
S2-REF-T8-BP1.50-OP4.50,STAGE_2_INNER_SUPPORT_AND_FASTENERS,REFINED_0.25_MM,1.5,0.0,METAL_PLATE_8MM_CANDIDATE,8.0,0.0,4.5,REVERSED_AWAY_FROM_BELT,STANDARD_REVERSED,13.0,8.0,15.5,10.5,12.5,21.0,4.0,8.5,290.0,145.0,-145.0,0,0,0,0,0,7,7,2,6.0,10.0,1132.0,CONDITIONAL_PASS,
S2-REF-T8-BP1.50-OP4.75,STAGE_2_INNER_SUPPORT_AND_FASTENERS,REFINED_0.25_MM,1.5,0.0,METAL_PLATE_8MM_CANDIDATE,8.0,0.0,4.75,REVERSED_AWAY_FROM_BELT,STANDARD_REVERSED,13.0,8.0,15.5,10.5,12.5,21.0,4.0,8.5,290.0,145.0,-145.0,0,0,0,0,0,7,7,2,6.25,10.0,1131.25,CONDITIONAL_PASS,
S2-REF-T8-BP1.50-OP5.00,STAGE_2_INNER_SUPPORT_AND_FASTENERS,REFINED_0.25_MM,1.5,0.0,METAL_PLATE_8MM_CANDIDATE,8.0,0.0,5.0,REVERSED_AWAY_FROM_BELT,STANDARD_REVERSED,13.0,8.0,15.5,10.5,12.5,21.0,4.0,8.5,290.0,145.0,-145.0,0,0,0,0,0,7,7,2,6.5,10.0,1130.5,CONDITIONAL_PASS,
S2-REF-T8-BP1.50-OP5.25,STAGE_2_INNER_SUPPORT_AND_FASTENERS,REFINED_0.25_MM,1.5,0.0,METAL_PLATE_8MM_CANDIDATE,8.0,0.0,5.25,REVERSED_AWAY_FROM_BELT,STANDARD_REVERSED,13.0,8.0,15.5,10.5,12.5,21.0,4.0,8.5,290.0,145.0,-145.0,0,0,0,0,0,7,7,2,6.75,10.0,1129.75,CONDITIONAL_PASS,
S2-REF-T8-BP1.50-OP5.50,STAGE_2_INNER_SUPPORT_AND_FASTENERS,REFINED_0.25_MM,1.5,0.0,METAL_PLATE_8MM_CANDIDATE,8.0,0.0,5.5,REVERSED_AWAY_FROM_BELT,STANDARD_REVERSED,13.0,8.0,15.5,10.5,12.5,21.0,4.0,8.5,290.0,145.0,-145.0,0,0,0,0,0,7,7,2,7.0,10.0,1129.0,CONDITIONAL_PASS,
S2-REF-T8-BP1.50-OP5.75,STAGE_2_INNER_SUPPORT_AND_FASTENERS,REFINED_0.25_MM,1.5,0.0,METAL_PLATE_8MM_CANDIDATE,8.0,0.0,5.75,REVERSED_AWAY_FROM_BELT,STANDARD_REVERSED,13.0,8.0,15.5,10.5,12.5,21.0,4.0,8.5,290.0,145.0,-145.0,0,0,0,0,0,7,7,2,7.25,10.0,1128.25,CONDITIONAL_PASS,
S2-REF-T8-BP1.50-OP6.00,STAGE_2_INNER_SUPPORT_AND_FASTENERS,REFINED_0.25_MM,1.5,0.0,METAL_PLATE_8MM_CANDIDATE,8.0,0.0,6.0,REVERSED_AWAY_FROM_BELT,STANDARD_REVERSED,13.0,8.0,15.5,10.5,12.5,21.0,4.0,8.5,290.0,145.0,-145.0,0,0,0,0,0,7,7,2,7.5,10.0,1127.5,CONDITIONAL_PASS,
S2-REF-T8-BP1.50-OP6.25,STAGE_2_INNER_SUPPORT_AND_FASTENERS,REFINED_0.25_MM,1.5,0.0,METAL_PLATE_8MM_CANDIDATE,8.0,0.0,6.25,REVERSED_AWAY_FROM_BELT,STANDARD_REVERSED,13.0,8.0,15.5,10.5,12.5,21.0,4.0,8.5,290.0,145.0,-145.0,0,0,0,0,0,7,7,2,7.75,10.0,1126.75,CONDITIONAL_PASS,
S2-REF-T8-BP1.50-OP6.50,STAGE_2_INNER_SUPPORT_AND_FASTENERS,REFINED_0.25_MM,1.5,0.0,METAL_PLATE_8MM_CANDIDATE,8.0,0.0,6.5,REVERSED_AWAY_FROM_BELT,STANDARD_REVERSED,13.0,8.0,15.5,10.5,12.5,21.0,4.0,8.5,290.0,145.0,-145.0,0,0,0,0,0,7,7,2,8.0,10.0,1126.0,CONDITIONAL_PASS,
S2-REF-T8-BP1.50-OP6.75,STAGE_2_INNER_SUPPORT_AND_FASTENERS,REFINED_0.25_MM,1.5,0.0,METAL_PLATE_8MM_CANDIDATE,8.0,0.0,6.75,REVERSED_AWAY_FROM_BELT,STANDARD_REVERSED,13.0,8.0,15.5,10.5,12.5,21.0,4.0,8.5,290.0,145.0,-145.0,0,0,0,0,0,7,7,2,8.25,10.0,1125.25,CONDITIONAL_PASS,
S2-REF-T8-BP1.50-OP7.00,STAGE_2_INNER_SUPPORT_AND_FASTENERS,REFINED_0.25_MM,1.5,0.0,METAL_PLATE_8MM_CANDIDATE,8.0,0.0,7.0,REVERSED_AWAY_FROM_BELT,STANDARD_REVERSED,13.0,8.0,15.5,10.5,12.5,21.0,4.0,8.5,290.0,145.0,-145.0,0,0,0,0,0,7,7,2,8.5,10.0,1124.5,CONDITIONAL_PASS,
S2-REF-T8-BP1.75-OP1.00,STAGE_2_INNER_SUPPORT_AND_FASTENERS,REFINED_0.25_MM,1.75,0.0,METAL_PLATE_8MM_CANDIDATE,8.0,0.0,1.0,REVERSED_AWAY_FROM_BELT,STANDARD_REVERSED,10.75,5.75,15.5,10.5,12.75,21.25,4.0,8.5,290.0,145.0,-145.0,0,0,0,0,0,7,7,2,2.75,10.0,96.75,FAIL,PTO_NOMINAL_LT_13;PTO_RESIDUAL_LT_8
S2-REF-T8-BP1.75-OP1.25,STAGE_2_INNER_SUPPORT_AND_FASTENERS,REFINED_0.25_MM,1.75,0.0,METAL_PLATE_8MM_CANDIDATE,8.0,0.0,1.25,REVERSED_AWAY_FROM_BELT,STANDARD_REVERSED,11.0,6.0,15.5,10.5,12.75,21.25,4.0,8.5,290.0,145.0,-145.0,0,0,0,0,0,7,7,2,3.0,10.0,101.0,FAIL,PTO_NOMINAL_LT_13;PTO_RESIDUAL_LT_8
S2-REF-T8-BP1.75-OP1.50,STAGE_2_INNER_SUPPORT_AND_FASTENERS,REFINED_0.25_MM,1.75,0.0,METAL_PLATE_8MM_CANDIDATE,8.0,0.0,1.5,REVERSED_AWAY_FROM_BELT,STANDARD_REVERSED,11.25,6.25,15.5,10.5,12.75,21.25,4.0,8.5,290.0,145.0,-145.0,0,0,0,0,0,7,7,2,3.25,10.0,105.25,FAIL,PTO_NOMINAL_LT_13;PTO_RESIDUAL_LT_8
S2-REF-T8-BP1.75-OP1.75,STAGE_2_INNER_SUPPORT_AND_FASTENERS,REFINED_0.25_MM,1.75,0.0,METAL_PLATE_8MM_CANDIDATE,8.0,0.0,1.75,REVERSED_AWAY_FROM_BELT,STANDARD_REVERSED,11.5,6.5,15.5,10.5,12.75,21.25,4.0,8.5,290.0,145.0,-145.0,0,0,0,0,0,7,7,2,3.5,10.0,109.5,FAIL,PTO_NOMINAL_LT_13;PTO_RESIDUAL_LT_8
S2-REF-T8-BP1.75-OP2.00,STAGE_2_INNER_SUPPORT_AND_FASTENERS,REFINED_0.25_MM,1.75,0.0,METAL_PLATE_8MM_CANDIDATE,8.0,0.0,2.0,REVERSED_AWAY_FROM_BELT,STANDARD_REVERSED,11.75,6.75,15.5,10.5,12.75,21.25,4.0,8.5,290.0,145.0,-145.0,0,0,0,0,0,7,7,2,3.75,10.0,113.75,FAIL,PTO_NOMINAL_LT_13;PTO_RESIDUAL_LT_8
S2-REF-T8-BP1.75-OP2.25,STAGE_2_INNER_SUPPORT_AND_FASTENERS,REFINED_0.25_MM,1.75,0.0,METAL_PLATE_8MM_CANDIDATE,8.0,0.0,2.25,REVERSED_AWAY_FROM_BELT,STANDARD_REVERSED,12.0,7.0,15.5,10.5,12.75,21.25,4.0,8.5,290.0,145.0,-145.0,0,0,0,0,0,7,7,2,4.0,10.0,118.0,FAIL,PTO_NOMINAL_LT_13;PTO_RESIDUAL_LT_8
S2-REF-T8-BP1.75-OP2.50,STAGE_2_INNER_SUPPORT_AND_FASTENERS,REFINED_0.25_MM,1.75,0.0,METAL_PLATE_8MM_CANDIDATE,8.0,0.0,2.5,REVERSED_AWAY_FROM_BELT,STANDARD_REVERSED,12.25,7.25,15.5,10.5,12.75,21.25,4.0,8.5,290.0,145.0,-145.0,0,0,0,0,0,7,7,2,4.25,10.0,122.25,FAIL,PTO_NOMINAL_LT_13;PTO_RESIDUAL_LT_8
S2-REF-T8-BP1.75-OP2.75,STAGE_2_INNER_SUPPORT_AND_FASTENERS,REFINED_0.25_MM,1.75,0.0,METAL_PLATE_8MM_CANDIDATE,8.0,0.0,2.75,REVERSED_AWAY_FROM_BELT,STANDARD_REVERSED,12.5,7.5,15.5,10.5,12.75,21.25,4.0,8.5,290.0,145.0,-145.0,0,0,0,0,0,7,7,2,4.5,10.0,126.5,FAIL,PTO_NOMINAL_LT_13;PTO_RESIDUAL_LT_8
S2-REF-T8-BP1.75-OP3.00,STAGE_2_INNER_SUPPORT_AND_FASTENERS,REFINED_0.25_MM,1.75,0.0,METAL_PLATE_8MM_CANDIDATE,8.0,0.0,3.0,REVERSED_AWAY_FROM_BELT,STANDARD_REVERSED,12.75,7.75,15.5,10.5,12.75,21.25,4.0,8.5,290.0,145.0,-145.0,0,0,0,0,0,7,7,2,4.75,10.0,130.75,FAIL,PTO_NOMINAL_LT_13;PTO_RESIDUAL_LT_8
S2-REF-T8-BP1.75-OP3.25,STAGE_2_INNER_SUPPORT_AND_FASTENERS,REFINED_0.25_MM,1.75,0.0,METAL_PLATE_8MM_CANDIDATE,8.0,0.0,3.25,REVERSED_AWAY_FROM_BELT,STANDARD_REVERSED,13.0,8.0,15.5,10.5,12.75,21.25,4.0,8.5,290.0,145.0,-145.0,0,0,0,0,0,7,7,2,5.0,10.0,1135.0,CONDITIONAL_PASS,
S2-REF-T8-BP1.75-OP3.50,STAGE_2_INNER_SUPPORT_AND_FASTENERS,REFINED_0.25_MM,1.75,0.0,METAL_PLATE_8MM_CANDIDATE,8.0,0.0,3.5,REVERSED_AWAY_FROM_BELT,STANDARD_REVERSED,13.25,8.25,15.5,10.5,12.75,21.25,4.0,8.5,290.0,145.0,-145.0,0,0,0,0,0,7,7,2,5.25,10.0,1139.25,CONDITIONAL_PASS,
S2-REF-T8-BP1.75-OP3.75,STAGE_2_INNER_SUPPORT_AND_FASTENERS,REFINED_0.25_MM,1.75,0.0,METAL_PLATE_8MM_CANDIDATE,8.0,0.0,3.75,REVERSED_AWAY_FROM_BELT,STANDARD_REVERSED,13.25,8.25,15.5,10.5,12.75,21.25,4.0,8.5,290.0,145.0,-145.0,0,0,0,0,0,7,7,2,5.5,10.0,1138.5,CONDITIONAL_PASS,
S2-REF-T8-BP1.75-OP4.00,STAGE_2_INNER_SUPPORT_AND_FASTENERS,REFINED_0.25_MM,1.75,0.0,METAL_PLATE_8MM_CANDIDATE,8.0,0.0,4.0,REVERSED_AWAY_FROM_BELT,STANDARD_REVERSED,13.25,8.25,15.5,10.5,12.75,21.25,4.0,8.5,290.0,145.0,-145.0,0,0,0,0,0,7,7,2,5.75,10.0,1137.75,CONDITIONAL_PASS,
S2-REF-T8-BP1.75-OP4.25,STAGE_2_INNER_SUPPORT_AND_FASTENERS,REFINED_0.25_MM,1.75,0.0,METAL_PLATE_8MM_CANDIDATE,8.0,0.0,4.25,REVERSED_AWAY_FROM_BELT,STANDARD_REVERSED,13.25,8.25,15.5,10.5,12.75,21.25,4.0,8.5,290.0,145.0,-145.0,0,0,0,0,0,7,7,2,6.0,10.0,1137.0,CONDITIONAL_PASS,
S2-REF-T8-BP1.75-OP4.50,STAGE_2_INNER_SUPPORT_AND_FASTENERS,REFINED_0.25_MM,1.75,0.0,METAL_PLATE_8MM_CANDIDATE,8.0,0.0,4.5,REVERSED_AWAY_FROM_BELT,STANDARD_REVERSED,13.25,8.25,15.5,10.5,12.75,21.25,4.0,8.5,290.0,145.0,-145.0,0,0,0,0,0,7,7,2,6.25,10.0,1136.25,CONDITIONAL_PASS,
S2-REF-T8-BP1.75-OP4.75,STAGE_2_INNER_SUPPORT_AND_FASTENERS,REFINED_0.25_MM,1.75,0.0,METAL_PLATE_8MM_CANDIDATE,8.0,0.0,4.75,REVERSED_AWAY_FROM_BELT,STANDARD_REVERSED,13.25,8.25,15.5,10.5,12.75,21.25,4.0,8.5,290.0,145.0,-145.0,0,0,0,0,0,7,7,2,6.5,10.0,1135.5,CONDITIONAL_PASS,
S2-REF-T8-BP1.75-OP5.00,STAGE_2_INNER_SUPPORT_AND_FASTENERS,REFINED_0.25_MM,1.75,0.0,METAL_PLATE_8MM_CANDIDATE,8.0,0.0,5.0,REVERSED_AWAY_FROM_BELT,STANDARD_REVERSED,13.25,8.25,15.5,10.5,12.75,21.25,4.0,8.5,290.0,145.0,-145.0,0,0,0,0,0,7,7,2,6.75,10.0,1134.75,CONDITIONAL_PASS,
S2-REF-T8-BP1.75-OP5.25,STAGE_2_INNER_SUPPORT_AND_FASTENERS,REFINED_0.25_MM,1.75,0.0,METAL_PLATE_8MM_CANDIDATE,8.0,0.0,5.25,REVERSED_AWAY_FROM_BELT,STANDARD_REVERSED,13.25,8.25,15.5,10.5,12.75,21.25,4.0,8.5,290.0,145.0,-145.0,0,0,0,0,0,7,7,2,7.0,10.0,1134.0,CONDITIONAL_PASS,
S2-REF-T8-BP1.75-OP5.50,STAGE_2_INNER_SUPPORT_AND_FASTENERS,REFINED_0.25_MM,1.75,0.0,METAL_PLATE_8MM_CANDIDATE,8.0,0.0,5.5,REVERSED_AWAY_FROM_BELT,STANDARD_REVERSED,13.25,8.25,15.5,10.5,12.75,21.25,4.0,8.5,290.0,145.0,-145.0,0,0,0,0,0,7,7,2,7.25,10.0,1133.25,CONDITIONAL_PASS,
S2-REF-T8-BP1.75-OP5.75,STAGE_2_INNER_SUPPORT_AND_FASTENERS,REFINED_0.25_MM,1.75,0.0,METAL_PLATE_8MM_CANDIDATE,8.0,0.0,5.75,REVERSED_AWAY_FROM_BELT,STANDARD_REVERSED,13.25,8.25,15.5,10.5,12.75,21.25,4.0,8.5,290.0,145.0,-145.0,0,0,0,0,0,7,7,2,7.5,10.0,1132.5,CONDITIONAL_PASS,
S2-REF-T8-BP1.75-OP6.00,STAGE_2_INNER_SUPPORT_AND_FASTENERS,REFINED_0.25_MM,1.75,0.0,METAL_PLATE_8MM_CANDIDATE,8.0,0.0,6.0,REVERSED_AWAY_FROM_BELT,STANDARD_REVERSED,13.25,8.25,15.5,10.5,12.75,21.25,4.0,8.5,290.0,145.0,-145.0,0,0,0,0,0,7,7,2,7.75,10.0,1131.75,CONDITIONAL_PASS,
S2-REF-T8-BP1.75-OP6.25,STAGE_2_INNER_SUPPORT_AND_FASTENERS,REFINED_0.25_MM,1.75,0.0,METAL_PLATE_8MM_CANDIDATE,8.0,0.0,6.25,REVERSED_AWAY_FROM_BELT,STANDARD_REVERSED,13.25,8.25,15.5,10.5,12.75,21.25,4.0,8.5,290.0,145.0,-145.0,0,0,0,0,0,7,7,2,8.0,10.0,1131.0,CONDITIONAL_PASS,
S2-REF-T8-BP1.75-OP6.50,STAGE_2_INNER_SUPPORT_AND_FASTENERS,REFINED_0.25_MM,1.75,0.0,METAL_PLATE_8MM_CANDIDATE,8.0,0.0,6.5,REVERSED_AWAY_FROM_BELT,STANDARD_REVERSED,13.25,8.25,15.5,10.5,12.75,21.25,4.0,8.5,290.0,145.0,-145.0,0,0,0,0,0,7,7,2,8.25,10.0,1130.25,CONDITIONAL_PASS,
S2-REF-T8-BP1.75-OP6.75,STAGE_2_INNER_SUPPORT_AND_FASTENERS,REFINED_0.25_MM,1.75,0.0,METAL_PLATE_8MM_CANDIDATE,8.0,0.0,6.75,REVERSED_AWAY_FROM_BELT,STANDARD_REVERSED,13.25,8.25,15.5,10.5,12.75,21.25,4.0,8.5,290.0,145.0,-145.0,0,0,0,0,0,7,7,2,8.5,10.0,1129.5,CONDITIONAL_PASS,
S2-REF-T8-BP1.75-OP7.00,STAGE_2_INNER_SUPPORT_AND_FASTENERS,REFINED_0.25_MM,1.75,0.0,METAL_PLATE_8MM_CANDIDATE,8.0,0.0,7.0,REVERSED_AWAY_FROM_BELT,STANDARD_REVERSED,13.25,8.25,15.5,10.5,12.75,21.25,4.0,8.5,290.0,145.0,-145.0,0,0,0,0,0,7,7,2,8.75,10.0,1128.75,CONDITIONAL_PASS,
S2-REF-T8-BP2.00-OP1.00,STAGE_2_INNER_SUPPORT_AND_FASTENERS,REFINED_0.25_MM,2.0,0.0,METAL_PLATE_8MM_CANDIDATE,8.0,0.0,1.0,REVERSED_AWAY_FROM_BELT,STANDARD_REVERSED,10.5,5.5,15.5,10.5,13.0,21.5,4.0,8.5,290.0,145.0,-145.0,0,0,0,0,0,7,7,2,3.0,10.0,91.0,FAIL,PTO_NOMINAL_LT_13;PTO_RESIDUAL_LT_8
S2-REF-T8-BP2.00-OP1.25,STAGE_2_INNER_SUPPORT_AND_FASTENERS,REFINED_0.25_MM,2.0,0.0,METAL_PLATE_8MM_CANDIDATE,8.0,0.0,1.25,REVERSED_AWAY_FROM_BELT,STANDARD_REVERSED,10.75,5.75,15.5,10.5,13.0,21.5,4.0,8.5,290.0,145.0,-145.0,0,0,0,0,0,7,7,2,3.25,10.0,95.25,FAIL,PTO_NOMINAL_LT_13;PTO_RESIDUAL_LT_8
S2-REF-T8-BP2.00-OP1.50,STAGE_2_INNER_SUPPORT_AND_FASTENERS,REFINED_0.25_MM,2.0,0.0,METAL_PLATE_8MM_CANDIDATE,8.0,0.0,1.5,REVERSED_AWAY_FROM_BELT,STANDARD_REVERSED,11.0,6.0,15.5,10.5,13.0,21.5,4.0,8.5,290.0,145.0,-145.0,0,0,0,0,0,7,7,2,3.5,10.0,99.5,FAIL,PTO_NOMINAL_LT_13;PTO_RESIDUAL_LT_8
S2-REF-T8-BP2.00-OP1.75,STAGE_2_INNER_SUPPORT_AND_FASTENERS,REFINED_0.25_MM,2.0,0.0,METAL_PLATE_8MM_CANDIDATE,8.0,0.0,1.75,REVERSED_AWAY_FROM_BELT,STANDARD_REVERSED,11.25,6.25,15.5,10.5,13.0,21.5,4.0,8.5,290.0,145.0,-145.0,0,0,0,0,0,7,7,2,3.75,10.0,103.75,FAIL,PTO_NOMINAL_LT_13;PTO_RESIDUAL_LT_8
S2-REF-T8-BP2.00-OP2.00,STAGE_2_INNER_SUPPORT_AND_FASTENERS,REFINED_0.25_MM,2.0,0.0,METAL_PLATE_8MM_CANDIDATE,8.0,0.0,2.0,REVERSED_AWAY_FROM_BELT,STANDARD_REVERSED,11.5,6.5,15.5,10.5,13.0,21.5,4.0,8.5,290.0,145.0,-145.0,0,0,0,0,0,7,7,2,4.0,10.0,108.0,FAIL,PTO_NOMINAL_LT_13;PTO_RESIDUAL_LT_8
S2-REF-T8-BP2.00-OP2.25,STAGE_2_INNER_SUPPORT_AND_FASTENERS,REFINED_0.25_MM,2.0,0.0,METAL_PLATE_8MM_CANDIDATE,8.0,0.0,2.25,REVERSED_AWAY_FROM_BELT,STANDARD_REVERSED,11.75,6.75,15.5,10.5,13.0,21.5,4.0,8.5,290.0,145.0,-145.0,0,0,0,0,0,7,7,2,4.25,10.0,112.25,FAIL,PTO_NOMINAL_LT_13;PTO_RESIDUAL_LT_8
S2-REF-T8-BP2.00-OP2.50,STAGE_2_INNER_SUPPORT_AND_FASTENERS,REFINED_0.25_MM,2.0,0.0,METAL_PLATE_8MM_CANDIDATE,8.0,0.0,2.5,REVERSED_AWAY_FROM_BELT,STANDARD_REVERSED,12.0,7.0,15.5,10.5,13.0,21.5,4.0,8.5,290.0,145.0,-145.0,0,0,0,0,0,7,7,2,4.5,10.0,116.5,FAIL,PTO_NOMINAL_LT_13;PTO_RESIDUAL_LT_8
S2-REF-T8-BP2.00-OP2.75,STAGE_2_INNER_SUPPORT_AND_FASTENERS,REFINED_0.25_MM,2.0,0.0,METAL_PLATE_8MM_CANDIDATE,8.0,0.0,2.75,REVERSED_AWAY_FROM_BELT,STANDARD_REVERSED,12.25,7.25,15.5,10.5,13.0,21.5,4.0,8.5,290.0,145.0,-145.0,0,0,0,0,0,7,7,2,4.75,10.0,120.75,FAIL,PTO_NOMINAL_LT_13;PTO_RESIDUAL_LT_8
S2-REF-T8-BP2.00-OP3.00,STAGE_2_INNER_SUPPORT_AND_FASTENERS,REFINED_0.25_MM,2.0,0.0,METAL_PLATE_8MM_CANDIDATE,8.0,0.0,3.0,REVERSED_AWAY_FROM_BELT,STANDARD_REVERSED,12.5,7.5,15.5,10.5,13.0,21.5,4.0,8.5,290.0,145.0,-145.0,0,0,0,0,0,7,7,2,5.0,10.0,125.0,FAIL,PTO_NOMINAL_LT_13;PTO_RESIDUAL_LT_8
S2-REF-T8-BP2.00-OP3.25,STAGE_2_INNER_SUPPORT_AND_FASTENERS,REFINED_0.25_MM,2.0,0.0,METAL_PLATE_8MM_CANDIDATE,8.0,0.0,3.25,REVERSED_AWAY_FROM_BELT,STANDARD_REVERSED,12.75,7.75,15.5,10.5,13.0,21.5,4.0,8.5,290.0,145.0,-145.0,0,0,0,0,0,7,7,2,5.25,10.0,129.25,FAIL,PTO_NOMINAL_LT_13;PTO_RESIDUAL_LT_8
S2-REF-T8-BP2.00-OP3.50,STAGE_2_INNER_SUPPORT_AND_FASTENERS,REFINED_0.25_MM,2.0,0.0,METAL_PLATE_8MM_CANDIDATE,8.0,0.0,3.5,REVERSED_AWAY_FROM_BELT,STANDARD_REVERSED,13.0,8.0,15.5,10.5,13.0,21.5,4.0,8.5,290.0,145.0,-145.0,0,0,0,0,0,7,7,2,5.5,10.0,1133.5,CONDITIONAL_PASS,
S2-REF-T8-BP2.00-OP3.75,STAGE_2_INNER_SUPPORT_AND_FASTENERS,REFINED_0.25_MM,2.0,0.0,METAL_PLATE_8MM_CANDIDATE,8.0,0.0,3.75,REVERSED_AWAY_FROM_BELT,STANDARD_REVERSED,13.25,8.25,15.5,10.5,13.0,21.5,4.0,8.5,290.0,145.0,-145.0,0,0,0,0,0,7,7,2,5.75,10.0,1137.75,CONDITIONAL_PASS,
S2-REF-T8-BP2.00-OP4.00,STAGE_2_INNER_SUPPORT_AND_FASTENERS,REFINED_0.25_MM,2.0,0.0,METAL_PLATE_8MM_CANDIDATE,8.0,0.0,4.0,REVERSED_AWAY_FROM_BELT,STANDARD_REVERSED,13.5,8.5,15.5,10.5,13.0,21.5,4.0,8.5,290.0,145.0,-145.0,0,0,0,0,0,7,7,2,6.0,10.0,1142.0,CONDITIONAL_PASS,
S2-REF-T8-BP2.00-OP4.25,STAGE_2_INNER_SUPPORT_AND_FASTENERS,REFINED_0.25_MM,2.0,0.0,METAL_PLATE_8MM_CANDIDATE,8.0,0.0,4.25,REVERSED_AWAY_FROM_BELT,STANDARD_REVERSED,13.5,8.5,15.5,10.5,13.0,21.5,4.0,8.5,290.0,145.0,-145.0,0,0,0,0,0,7,7,2,6.25,10.0,1141.25,CONDITIONAL_PASS,
S2-REF-T8-BP2.00-OP4.50,STAGE_2_INNER_SUPPORT_AND_FASTENERS,REFINED_0.25_MM,2.0,0.0,METAL_PLATE_8MM_CANDIDATE,8.0,0.0,4.5,REVERSED_AWAY_FROM_BELT,STANDARD_REVERSED,13.5,8.5,15.5,10.5,13.0,21.5,4.0,8.5,290.0,145.0,-145.0,0,0,0,0,0,7,7,2,6.5,10.0,1140.5,CONDITIONAL_PASS,
S2-REF-T8-BP2.00-OP4.75,STAGE_2_INNER_SUPPORT_AND_FASTENERS,REFINED_0.25_MM,2.0,0.0,METAL_PLATE_8MM_CANDIDATE,8.0,0.0,4.75,REVERSED_AWAY_FROM_BELT,STANDARD_REVERSED,13.5,8.5,15.5,10.5,13.0,21.5,4.0,8.5,290.0,145.0,-145.0,0,0,0,0,0,7,7,2,6.75,10.0,1139.75,CONDITIONAL_PASS,
S2-REF-T8-BP2.00-OP5.00,STAGE_2_INNER_SUPPORT_AND_FASTENERS,REFINED_0.25_MM,2.0,0.0,METAL_PLATE_8MM_CANDIDATE,8.0,0.0,5.0,REVERSED_AWAY_FROM_BELT,STANDARD_REVERSED,13.5,8.5,15.5,10.5,13.0,21.5,4.0,8.5,290.0,145.0,-145.0,0,0,0,0,0,7,7,2,7.0,10.0,1139.0,CONDITIONAL_PASS,
S2-REF-T8-BP2.00-OP5.25,STAGE_2_INNER_SUPPORT_AND_FASTENERS,REFINED_0.25_MM,2.0,0.0,METAL_PLATE_8MM_CANDIDATE,8.0,0.0,5.25,REVERSED_AWAY_FROM_BELT,STANDARD_REVERSED,13.5,8.5,15.5,10.5,13.0,21.5,4.0,8.5,290.0,145.0,-145.0,0,0,0,0,0,7,7,2,7.25,10.0,1138.25,CONDITIONAL_PASS,
S2-REF-T8-BP2.00-OP5.50,STAGE_2_INNER_SUPPORT_AND_FASTENERS,REFINED_0.25_MM,2.0,0.0,METAL_PLATE_8MM_CANDIDATE,8.0,0.0,5.5,REVERSED_AWAY_FROM_BELT,STANDARD_REVERSED,13.5,8.5,15.5,10.5,13.0,21.5,4.0,8.5,290.0,145.0,-145.0,0,0,0,0,0,7,7,2,7.5,10.0,1137.5,CONDITIONAL_PASS,
S2-REF-T8-BP2.00-OP5.75,STAGE_2_INNER_SUPPORT_AND_FASTENERS,REFINED_0.25_MM,2.0,0.0,METAL_PLATE_8MM_CANDIDATE,8.0,0.0,5.75,REVERSED_AWAY_FROM_BELT,STANDARD_REVERSED,13.5,8.5,15.5,10.5,13.0,21.5,4.0,8.5,290.0,145.0,-145.0,0,0,0,0,0,7,7,2,7.75,10.0,1136.75,CONDITIONAL_PASS,
S2-REF-T8-BP2.00-OP6.00,STAGE_2_INNER_SUPPORT_AND_FASTENERS,REFINED_0.25_MM,2.0,0.0,METAL_PLATE_8MM_CANDIDATE,8.0,0.0,6.0,REVERSED_AWAY_FROM_BELT,STANDARD_REVERSED,13.5,8.5,15.5,10.5,13.0,21.5,4.0,8.5,290.0,145.0,-145.0,0,0,0,0,0,7,7,2,8.0,10.0,1136.0,CONDITIONAL_PASS,
S2-REF-T8-BP2.00-OP6.25,STAGE_2_INNER_SUPPORT_AND_FASTENERS,REFINED_0.25_MM,2.0,0.0,METAL_PLATE_8MM_CANDIDATE,8.0,0.0,6.25,REVERSED_AWAY_FROM_BELT,STANDARD_REVERSED,13.5,8.5,15.5,10.5,13.0,21.5,4.0,8.5,290.0,145.0,-145.0,0,0,0,0,0,7,7,2,8.25,10.0,1135.25,CONDITIONAL_PASS,
S2-REF-T8-BP2.00-OP6.50,STAGE_2_INNER_SUPPORT_AND_FASTENERS,REFINED_0.25_MM,2.0,0.0,METAL_PLATE_8MM_CANDIDATE,8.0,0.0,6.5,REVERSED_AWAY_FROM_BELT,STANDARD_REVERSED,13.5,8.5,15.5,10.5,13.0,21.5,4.0,8.5,290.0,145.0,-145.0,0,0,0,0,0,7,7,2,8.5,10.0,1134.5,CONDITIONAL_PASS,
S2-REF-T8-BP2.00-OP6.75,STAGE_2_INNER_SUPPORT_AND_FASTENERS,REFINED_0.25_MM,2.0,0.0,METAL_PLATE_8MM_CANDIDATE,8.0,0.0,6.75,REVERSED_AWAY_FROM_BELT,STANDARD_REVERSED,13.5,8.5,15.5,10.5,13.0,21.5,4.0,8.5,290.0,145.0,-145.0,0,0,0,0,0,7,7,2,8.75,10.0,1133.75,CONDITIONAL_PASS,
S2-REF-T8-BP2.00-OP7.00,STAGE_2_INNER_SUPPORT_AND_FASTENERS,REFINED_0.25_MM,2.0,0.0,METAL_PLATE_8MM_CANDIDATE,8.0,0.0,7.0,REVERSED_AWAY_FROM_BELT,STANDARD_REVERSED,13.5,8.5,15.5,10.5,13.0,21.5,4.0,8.5,290.0,145.0,-145.0,0,0,0,0,0,7,7,2,9.0,10.0,1133.0,CONDITIONAL_PASS,
S2-REF-T8-BP2.25-OP1.00,STAGE_2_INNER_SUPPORT_AND_FASTENERS,REFINED_0.25_MM,2.25,0.0,METAL_PLATE_8MM_CANDIDATE,8.0,0.0,1.0,REVERSED_AWAY_FROM_BELT,STANDARD_REVERSED,10.25,5.25,15.5,10.5,13.25,21.75,4.0,8.5,290.0,145.0,-145.0,0,0,0,0,0,7,7,2,3.25,10.0,85.25,FAIL,PTO_NOMINAL_LT_13;PTO_RESIDUAL_LT_8
S2-REF-T8-BP2.25-OP1.25,STAGE_2_INNER_SUPPORT_AND_FASTENERS,REFINED_0.25_MM,2.25,0.0,METAL_PLATE_8MM_CANDIDATE,8.0,0.0,1.25,REVERSED_AWAY_FROM_BELT,STANDARD_REVERSED,10.5,5.5,15.5,10.5,13.25,21.75,4.0,8.5,290.0,145.0,-145.0,0,0,0,0,0,7,7,2,3.5,10.0,89.5,FAIL,PTO_NOMINAL_LT_13;PTO_RESIDUAL_LT_8
S2-REF-T8-BP2.25-OP1.50,STAGE_2_INNER_SUPPORT_AND_FASTENERS,REFINED_0.25_MM,2.25,0.0,METAL_PLATE_8MM_CANDIDATE,8.0,0.0,1.5,REVERSED_AWAY_FROM_BELT,STANDARD_REVERSED,10.75,5.75,15.5,10.5,13.25,21.75,4.0,8.5,290.0,145.0,-145.0,0,0,0,0,0,7,7,2,3.75,10.0,93.75,FAIL,PTO_NOMINAL_LT_13;PTO_RESIDUAL_LT_8
S2-REF-T8-BP2.25-OP1.75,STAGE_2_INNER_SUPPORT_AND_FASTENERS,REFINED_0.25_MM,2.25,0.0,METAL_PLATE_8MM_CANDIDATE,8.0,0.0,1.75,REVERSED_AWAY_FROM_BELT,STANDARD_REVERSED,11.0,6.0,15.5,10.5,13.25,21.75,4.0,8.5,290.0,145.0,-145.0,0,0,0,0,0,7,7,2,4.0,10.0,98.0,FAIL,PTO_NOMINAL_LT_13;PTO_RESIDUAL_LT_8
S2-REF-T8-BP2.25-OP2.00,STAGE_2_INNER_SUPPORT_AND_FASTENERS,REFINED_0.25_MM,2.25,0.0,METAL_PLATE_8MM_CANDIDATE,8.0,0.0,2.0,REVERSED_AWAY_FROM_BELT,STANDARD_REVERSED,11.25,6.25,15.5,10.5,13.25,21.75,4.0,8.5,290.0,145.0,-145.0,0,0,0,0,0,7,7,2,4.25,10.0,102.25,FAIL,PTO_NOMINAL_LT_13;PTO_RESIDUAL_LT_8
S2-REF-T8-BP2.25-OP2.25,STAGE_2_INNER_SUPPORT_AND_FASTENERS,REFINED_0.25_MM,2.25,0.0,METAL_PLATE_8MM_CANDIDATE,8.0,0.0,2.25,REVERSED_AWAY_FROM_BELT,STANDARD_REVERSED,11.5,6.5,15.5,10.5,13.25,21.75,4.0,8.5,290.0,145.0,-145.0,0,0,0,0,0,7,7,2,4.5,10.0,106.5,FAIL,PTO_NOMINAL_LT_13;PTO_RESIDUAL_LT_8
S2-REF-T8-BP2.25-OP2.50,STAGE_2_INNER_SUPPORT_AND_FASTENERS,REFINED_0.25_MM,2.25,0.0,METAL_PLATE_8MM_CANDIDATE,8.0,0.0,2.5,REVERSED_AWAY_FROM_BELT,STANDARD_REVERSED,11.75,6.75,15.5,10.5,13.25,21.75,4.0,8.5,290.0,145.0,-145.0,0,0,0,0,0,7,7,2,4.75,10.0,110.75,FAIL,PTO_NOMINAL_LT_13;PTO_RESIDUAL_LT_8
S2-REF-T8-BP2.25-OP2.75,STAGE_2_INNER_SUPPORT_AND_FASTENERS,REFINED_0.25_MM,2.25,0.0,METAL_PLATE_8MM_CANDIDATE,8.0,0.0,2.75,REVERSED_AWAY_FROM_BELT,STANDARD_REVERSED,12.0,7.0,15.5,10.5,13.25,21.75,4.0,8.5,290.0,145.0,-145.0,0,0,0,0,0,7,7,2,5.0,10.0,115.0,FAIL,PTO_NOMINAL_LT_13;PTO_RESIDUAL_LT_8
S2-REF-T8-BP2.25-OP3.00,STAGE_2_INNER_SUPPORT_AND_FASTENERS,REFINED_0.25_MM,2.25,0.0,METAL_PLATE_8MM_CANDIDATE,8.0,0.0,3.0,REVERSED_AWAY_FROM_BELT,STANDARD_REVERSED,12.25,7.25,15.5,10.5,13.25,21.75,4.0,8.5,290.0,145.0,-145.0,0,0,0,0,0,7,7,2,5.25,10.0,119.25,FAIL,PTO_NOMINAL_LT_13;PTO_RESIDUAL_LT_8
S2-REF-T8-BP2.25-OP3.25,STAGE_2_INNER_SUPPORT_AND_FASTENERS,REFINED_0.25_MM,2.25,0.0,METAL_PLATE_8MM_CANDIDATE,8.0,0.0,3.25,REVERSED_AWAY_FROM_BELT,STANDARD_REVERSED,12.5,7.5,15.5,10.5,13.25,21.75,4.0,8.5,290.0,145.0,-145.0,0,0,0,0,0,7,7,2,5.5,10.0,123.5,FAIL,PTO_NOMINAL_LT_13;PTO_RESIDUAL_LT_8
S2-REF-T8-BP2.25-OP3.50,STAGE_2_INNER_SUPPORT_AND_FASTENERS,REFINED_0.25_MM,2.25,0.0,METAL_PLATE_8MM_CANDIDATE,8.0,0.0,3.5,REVERSED_AWAY_FROM_BELT,STANDARD_REVERSED,12.75,7.75,15.5,10.5,13.25,21.75,4.0,8.5,290.0,145.0,-145.0,0,0,0,0,0,7,7,2,5.75,10.0,127.75,FAIL,PTO_NOMINAL_LT_13;PTO_RESIDUAL_LT_8
S2-REF-T8-BP2.25-OP3.75,STAGE_2_INNER_SUPPORT_AND_FASTENERS,REFINED_0.25_MM,2.25,0.0,METAL_PLATE_8MM_CANDIDATE,8.0,0.0,3.75,REVERSED_AWAY_FROM_BELT,STANDARD_REVERSED,13.0,8.0,15.5,10.5,13.25,21.75,4.0,8.5,290.0,145.0,-145.0,0,0,0,0,0,7,7,2,6.0,10.0,1132.0,CONDITIONAL_PASS,
S2-REF-T8-BP2.25-OP4.00,STAGE_2_INNER_SUPPORT_AND_FASTENERS,REFINED_0.25_MM,2.25,0.0,METAL_PLATE_8MM_CANDIDATE,8.0,0.0,4.0,REVERSED_AWAY_FROM_BELT,STANDARD_REVERSED,13.25,8.25,15.5,10.5,13.25,21.75,4.0,8.5,290.0,145.0,-145.0,0,0,0,0,0,7,7,2,6.25,10.0,1136.25,CONDITIONAL_PASS,
S2-REF-T8-BP2.25-OP4.25,STAGE_2_INNER_SUPPORT_AND_FASTENERS,REFINED_0.25_MM,2.25,0.0,METAL_PLATE_8MM_CANDIDATE,8.0,0.0,4.25,REVERSED_AWAY_FROM_BELT,STANDARD_REVERSED,13.5,8.5,15.5,10.5,13.25,21.75,4.0,8.5,290.0,145.0,-145.0,0,0,0,0,0,7,7,2,6.5,10.0,1140.5,CONDITIONAL_PASS,
S2-REF-T8-BP2.25-OP4.50,STAGE_2_INNER_SUPPORT_AND_FASTENERS,REFINED_0.25_MM,2.25,0.0,METAL_PLATE_8MM_CANDIDATE,8.0,0.0,4.5,REVERSED_AWAY_FROM_BELT,STANDARD_REVERSED,13.75,8.75,15.5,10.5,13.25,21.75,4.0,8.5,290.0,145.0,-145.0,0,0,0,0,0,7,7,2,6.75,10.0,1144.75,CONDITIONAL_PASS,
S2-REF-T8-BP2.25-OP4.75,STAGE_2_INNER_SUPPORT_AND_FASTENERS,REFINED_0.25_MM,2.25,0.0,METAL_PLATE_8MM_CANDIDATE,8.0,0.0,4.75,REVERSED_AWAY_FROM_BELT,STANDARD_REVERSED,13.75,8.75,15.5,10.5,13.25,21.75,4.0,8.5,290.0,145.0,-145.0,0,0,0,0,0,7,7,2,7.0,10.0,1144.0,CONDITIONAL_PASS,
S2-REF-T8-BP2.25-OP5.00,STAGE_2_INNER_SUPPORT_AND_FASTENERS,REFINED_0.25_MM,2.25,0.0,METAL_PLATE_8MM_CANDIDATE,8.0,0.0,5.0,REVERSED_AWAY_FROM_BELT,STANDARD_REVERSED,13.75,8.75,15.5,10.5,13.25,21.75,4.0,8.5,290.0,145.0,-145.0,0,0,0,0,0,7,7,2,7.25,10.0,1143.25,CONDITIONAL_PASS,
S2-REF-T8-BP2.25-OP5.25,STAGE_2_INNER_SUPPORT_AND_FASTENERS,REFINED_0.25_MM,2.25,0.0,METAL_PLATE_8MM_CANDIDATE,8.0,0.0,5.25,REVERSED_AWAY_FROM_BELT,STANDARD_REVERSED,13.75,8.75,15.5,10.5,13.25,21.75,4.0,8.5,290.0,145.0,-145.0,0,0,0,0,0,7,7,2,7.5,10.0,1142.5,CONDITIONAL_PASS,
S2-REF-T8-BP2.25-OP5.50,STAGE_2_INNER_SUPPORT_AND_FASTENERS,REFINED_0.25_MM,2.25,0.0,METAL_PLATE_8MM_CANDIDATE,8.0,0.0,5.5,REVERSED_AWAY_FROM_BELT,STANDARD_REVERSED,13.75,8.75,15.5,10.5,13.25,21.75,4.0,8.5,290.0,145.0,-145.0,0,0,0,0,0,7,7,2,7.75,10.0,1141.75,CONDITIONAL_PASS,
S2-REF-T8-BP2.25-OP5.75,STAGE_2_INNER_SUPPORT_AND_FASTENERS,REFINED_0.25_MM,2.25,0.0,METAL_PLATE_8MM_CANDIDATE,8.0,0.0,5.75,REVERSED_AWAY_FROM_BELT,STANDARD_REVERSED,13.75,8.75,15.5,10.5,13.25,21.75,4.0,8.5,290.0,145.0,-145.0,0,0,0,0,0,7,7,2,8.0,10.0,1141.0,CONDITIONAL_PASS,
S2-REF-T8-BP2.25-OP6.00,STAGE_2_INNER_SUPPORT_AND_FASTENERS,REFINED_0.25_MM,2.25,0.0,METAL_PLATE_8MM_CANDIDATE,8.0,0.0,6.0,REVERSED_AWAY_FROM_BELT,STANDARD_REVERSED,13.75,8.75,15.5,10.5,13.25,21.75,4.0,8.5,290.0,145.0,-145.0,0,0,0,0,0,7,7,2,8.25,10.0,1140.25,CONDITIONAL_PASS,
S2-REF-T8-BP2.25-OP6.25,STAGE_2_INNER_SUPPORT_AND_FASTENERS,REFINED_0.25_MM,2.25,0.0,METAL_PLATE_8MM_CANDIDATE,8.0,0.0,6.25,REVERSED_AWAY_FROM_BELT,STANDARD_REVERSED,13.75,8.75,15.5,10.5,13.25,21.75,4.0,8.5,290.0,145.0,-145.0,0,0,0,0,0,7,7,2,8.5,10.0,1139.5,CONDITIONAL_PASS,
S2-REF-T8-BP2.25-OP6.50,STAGE_2_INNER_SUPPORT_AND_FASTENERS,REFINED_0.25_MM,2.25,0.0,METAL_PLATE_8MM_CANDIDATE,8.0,0.0,6.5,REVERSED_AWAY_FROM_BELT,STANDARD_REVERSED,13.75,8.75,15.5,10.5,13.25,21.75,4.0,8.5,290.0,145.0,-145.0,0,0,0,0,0,7,7,2,8.75,10.0,1138.75,CONDITIONAL_PASS,
S2-REF-T8-BP2.25-OP6.75,STAGE_2_INNER_SUPPORT_AND_FASTENERS,REFINED_0.25_MM,2.25,0.0,METAL_PLATE_8MM_CANDIDATE,8.0,0.0,6.75,REVERSED_AWAY_FROM_BELT,STANDARD_REVERSED,13.75,8.75,15.5,10.5,13.25,21.75,4.0,8.5,290.0,145.0,-145.0,0,0,0,0,0,7,7,2,9.0,10.0,1138.0,CONDITIONAL_PASS,
S2-REF-T8-BP2.25-OP7.00,STAGE_2_INNER_SUPPORT_AND_FASTENERS,REFINED_0.25_MM,2.25,0.0,METAL_PLATE_8MM_CANDIDATE,8.0,0.0,7.0,REVERSED_AWAY_FROM_BELT,STANDARD_REVERSED,13.75,8.75,15.5,10.5,13.25,21.75,4.0,8.5,290.0,145.0,-145.0,0,0,0,0,0,7,7,2,9.25,10.0,1137.25,CONDITIONAL_PASS,
S2-REF-T8-BP2.50-OP1.00,STAGE_2_INNER_SUPPORT_AND_FASTENERS,REFINED_0.25_MM,2.5,0.0,METAL_PLATE_8MM_CANDIDATE,8.0,0.0,1.0,REVERSED_AWAY_FROM_BELT,STANDARD_REVERSED,10.0,5.0,15.5,10.5,13.5,22.0,4.0,8.5,290.0,145.0,-145.0,0,0,0,0,0,7,7,2,3.5,10.0,79.5,FAIL,PTO_NOMINAL_LT_13;PTO_RESIDUAL_LT_8
S2-REF-T8-BP2.50-OP1.25,STAGE_2_INNER_SUPPORT_AND_FASTENERS,REFINED_0.25_MM,2.5,0.0,METAL_PLATE_8MM_CANDIDATE,8.0,0.0,1.25,REVERSED_AWAY_FROM_BELT,STANDARD_REVERSED,10.25,5.25,15.5,10.5,13.5,22.0,4.0,8.5,290.0,145.0,-145.0,0,0,0,0,0,7,7,2,3.75,10.0,83.75,FAIL,PTO_NOMINAL_LT_13;PTO_RESIDUAL_LT_8
S2-REF-T8-BP2.50-OP1.50,STAGE_2_INNER_SUPPORT_AND_FASTENERS,REFINED_0.25_MM,2.5,0.0,METAL_PLATE_8MM_CANDIDATE,8.0,0.0,1.5,REVERSED_AWAY_FROM_BELT,STANDARD_REVERSED,10.5,5.5,15.5,10.5,13.5,22.0,4.0,8.5,290.0,145.0,-145.0,0,0,0,0,0,7,7,2,4.0,10.0,88.0,FAIL,PTO_NOMINAL_LT_13;PTO_RESIDUAL_LT_8
S2-REF-T8-BP2.50-OP1.75,STAGE_2_INNER_SUPPORT_AND_FASTENERS,REFINED_0.25_MM,2.5,0.0,METAL_PLATE_8MM_CANDIDATE,8.0,0.0,1.75,REVERSED_AWAY_FROM_BELT,STANDARD_REVERSED,10.75,5.75,15.5,10.5,13.5,22.0,4.0,8.5,290.0,145.0,-145.0,0,0,0,0,0,7,7,2,4.25,10.0,92.25,FAIL,PTO_NOMINAL_LT_13;PTO_RESIDUAL_LT_8
S2-REF-T8-BP2.50-OP2.00,STAGE_2_INNER_SUPPORT_AND_FASTENERS,REFINED_0.25_MM,2.5,0.0,METAL_PLATE_8MM_CANDIDATE,8.0,0.0,2.0,REVERSED_AWAY_FROM_BELT,STANDARD_REVERSED,11.0,6.0,15.5,10.5,13.5,22.0,4.0,8.5,290.0,145.0,-145.0,0,0,0,0,0,7,7,2,4.5,10.0,96.5,FAIL,PTO_NOMINAL_LT_13;PTO_RESIDUAL_LT_8
S2-REF-T8-BP2.50-OP2.25,STAGE_2_INNER_SUPPORT_AND_FASTENERS,REFINED_0.25_MM,2.5,0.0,METAL_PLATE_8MM_CANDIDATE,8.0,0.0,2.25,REVERSED_AWAY_FROM_BELT,STANDARD_REVERSED,11.25,6.25,15.5,10.5,13.5,22.0,4.0,8.5,290.0,145.0,-145.0,0,0,0,0,0,7,7,2,4.75,10.0,100.75,FAIL,PTO_NOMINAL_LT_13;PTO_RESIDUAL_LT_8
S2-REF-T8-BP2.50-OP2.50,STAGE_2_INNER_SUPPORT_AND_FASTENERS,REFINED_0.25_MM,2.5,0.0,METAL_PLATE_8MM_CANDIDATE,8.0,0.0,2.5,REVERSED_AWAY_FROM_BELT,STANDARD_REVERSED,11.5,6.5,15.5,10.5,13.5,22.0,4.0,8.5,290.0,145.0,-145.0,0,0,0,0,0,7,7,2,5.0,10.0,105.0,FAIL,PTO_NOMINAL_LT_13;PTO_RESIDUAL_LT_8
S2-REF-T8-BP2.50-OP2.75,STAGE_2_INNER_SUPPORT_AND_FASTENERS,REFINED_0.25_MM,2.5,0.0,METAL_PLATE_8MM_CANDIDATE,8.0,0.0,2.75,REVERSED_AWAY_FROM_BELT,STANDARD_REVERSED,11.75,6.75,15.5,10.5,13.5,22.0,4.0,8.5,290.0,145.0,-145.0,0,0,0,0,0,7,7,2,5.25,10.0,109.25,FAIL,PTO_NOMINAL_LT_13;PTO_RESIDUAL_LT_8
S2-REF-T8-BP2.50-OP3.00,STAGE_2_INNER_SUPPORT_AND_FASTENERS,REFINED_0.25_MM,2.5,0.0,METAL_PLATE_8MM_CANDIDATE,8.0,0.0,3.0,REVERSED_AWAY_FROM_BELT,STANDARD_REVERSED,12.0,7.0,15.5,10.5,13.5,22.0,4.0,8.5,290.0,145.0,-145.0,0,0,0,0,0,7,7,2,5.5,10.0,113.5,FAIL,PTO_NOMINAL_LT_13;PTO_RESIDUAL_LT_8
S2-REF-T8-BP2.50-OP3.25,STAGE_2_INNER_SUPPORT_AND_FASTENERS,REFINED_0.25_MM,2.5,0.0,METAL_PLATE_8MM_CANDIDATE,8.0,0.0,3.25,REVERSED_AWAY_FROM_BELT,STANDARD_REVERSED,12.25,7.25,15.5,10.5,13.5,22.0,4.0,8.5,290.0,145.0,-145.0,0,0,0,0,0,7,7,2,5.75,10.0,117.75,FAIL,PTO_NOMINAL_LT_13;PTO_RESIDUAL_LT_8
S2-REF-T8-BP2.50-OP3.50,STAGE_2_INNER_SUPPORT_AND_FASTENERS,REFINED_0.25_MM,2.5,0.0,METAL_PLATE_8MM_CANDIDATE,8.0,0.0,3.5,REVERSED_AWAY_FROM_BELT,STANDARD_REVERSED,12.5,7.5,15.5,10.5,13.5,22.0,4.0,8.5,290.0,145.0,-145.0,0,0,0,0,0,7,7,2,6.0,10.0,122.0,FAIL,PTO_NOMINAL_LT_13;PTO_RESIDUAL_LT_8
S2-REF-T8-BP2.50-OP3.75,STAGE_2_INNER_SUPPORT_AND_FASTENERS,REFINED_0.25_MM,2.5,0.0,METAL_PLATE_8MM_CANDIDATE,8.0,0.0,3.75,REVERSED_AWAY_FROM_BELT,STANDARD_REVERSED,12.75,7.75,15.5,10.5,13.5,22.0,4.0,8.5,290.0,145.0,-145.0,0,0,0,0,0,7,7,2,6.25,10.0,126.25,FAIL,PTO_NOMINAL_LT_13;PTO_RESIDUAL_LT_8
S2-REF-T8-BP2.50-OP4.00,STAGE_2_INNER_SUPPORT_AND_FASTENERS,REFINED_0.25_MM,2.5,0.0,METAL_PLATE_8MM_CANDIDATE,8.0,0.0,4.0,REVERSED_AWAY_FROM_BELT,STANDARD_REVERSED,13.0,8.0,15.5,10.5,13.5,22.0,4.0,8.5,290.0,145.0,-145.0,0,0,0,0,0,7,7,2,6.5,10.0,1130.5,CONDITIONAL_PASS,
S2-REF-T8-BP2.50-OP4.25,STAGE_2_INNER_SUPPORT_AND_FASTENERS,REFINED_0.25_MM,2.5,0.0,METAL_PLATE_8MM_CANDIDATE,8.0,0.0,4.25,REVERSED_AWAY_FROM_BELT,STANDARD_REVERSED,13.25,8.25,15.5,10.5,13.5,22.0,4.0,8.5,290.0,145.0,-145.0,0,0,0,0,0,7,7,2,6.75,10.0,1134.75,CONDITIONAL_PASS,
S2-REF-T8-BP2.50-OP4.50,STAGE_2_INNER_SUPPORT_AND_FASTENERS,REFINED_0.25_MM,2.5,0.0,METAL_PLATE_8MM_CANDIDATE,8.0,0.0,4.5,REVERSED_AWAY_FROM_BELT,STANDARD_REVERSED,13.5,8.5,15.5,10.5,13.5,22.0,4.0,8.5,290.0,145.0,-145.0,0,0,0,0,0,7,7,2,7.0,10.0,1139.0,CONDITIONAL_PASS,
S2-REF-T8-BP2.50-OP4.75,STAGE_2_INNER_SUPPORT_AND_FASTENERS,REFINED_0.25_MM,2.5,0.0,METAL_PLATE_8MM_CANDIDATE,8.0,0.0,4.75,REVERSED_AWAY_FROM_BELT,STANDARD_REVERSED,13.75,8.75,15.5,10.5,13.5,22.0,4.0,8.5,290.0,145.0,-145.0,0,0,0,0,0,7,7,2,7.25,10.0,1143.25,CONDITIONAL_PASS,
S2-REF-T8-BP2.50-OP5.00,STAGE_2_INNER_SUPPORT_AND_FASTENERS,REFINED_0.25_MM,2.5,0.0,METAL_PLATE_8MM_CANDIDATE,8.0,0.0,5.0,REVERSED_AWAY_FROM_BELT,STANDARD_REVERSED,14.0,9.0,15.5,10.5,13.5,22.0,4.0,8.5,290.0,145.0,-145.0,0,0,0,0,0,7,7,2,7.5,10.0,1147.5,CONDITIONAL_PASS,
S2-REF-T8-BP2.50-OP5.25,STAGE_2_INNER_SUPPORT_AND_FASTENERS,REFINED_0.25_MM,2.5,0.0,METAL_PLATE_8MM_CANDIDATE,8.0,0.0,5.25,REVERSED_AWAY_FROM_BELT,STANDARD_REVERSED,14.0,9.0,15.5,10.5,13.5,22.0,4.0,8.5,290.0,145.0,-145.0,0,0,0,0,0,7,7,2,7.75,10.0,1146.75,CONDITIONAL_PASS,
S2-REF-T8-BP2.50-OP5.50,STAGE_2_INNER_SUPPORT_AND_FASTENERS,REFINED_0.25_MM,2.5,0.0,METAL_PLATE_8MM_CANDIDATE,8.0,0.0,5.5,REVERSED_AWAY_FROM_BELT,STANDARD_REVERSED,14.0,9.0,15.5,10.5,13.5,22.0,4.0,8.5,290.0,145.0,-145.0,0,0,0,0,0,7,7,2,8.0,10.0,1146.0,CONDITIONAL_PASS,
S2-REF-T8-BP2.50-OP5.75,STAGE_2_INNER_SUPPORT_AND_FASTENERS,REFINED_0.25_MM,2.5,0.0,METAL_PLATE_8MM_CANDIDATE,8.0,0.0,5.75,REVERSED_AWAY_FROM_BELT,STANDARD_REVERSED,14.0,9.0,15.5,10.5,13.5,22.0,4.0,8.5,290.0,145.0,-145.0,0,0,0,0,0,7,7,2,8.25,10.0,1145.25,CONDITIONAL_PASS,
S2-REF-T8-BP2.50-OP6.00,STAGE_2_INNER_SUPPORT_AND_FASTENERS,REFINED_0.25_MM,2.5,0.0,METAL_PLATE_8MM_CANDIDATE,8.0,0.0,6.0,REVERSED_AWAY_FROM_BELT,STANDARD_REVERSED,14.0,9.0,15.5,10.5,13.5,22.0,4.0,8.5,290.0,145.0,-145.0,0,0,0,0,0,7,7,2,8.5,10.0,1144.5,CONDITIONAL_PASS,
S2-REF-T8-BP2.50-OP6.25,STAGE_2_INNER_SUPPORT_AND_FASTENERS,REFINED_0.25_MM,2.5,0.0,METAL_PLATE_8MM_CANDIDATE,8.0,0.0,6.25,REVERSED_AWAY_FROM_BELT,STANDARD_REVERSED,14.0,9.0,15.5,10.5,13.5,22.0,4.0,8.5,290.0,145.0,-145.0,0,0,0,0,0,7,7,2,8.75,10.0,1143.75,CONDITIONAL_PASS,
S2-REF-T8-BP2.50-OP6.50,STAGE_2_INNER_SUPPORT_AND_FASTENERS,REFINED_0.25_MM,2.5,0.0,METAL_PLATE_8MM_CANDIDATE,8.0,0.0,6.5,REVERSED_AWAY_FROM_BELT,STANDARD_REVERSED,14.0,9.0,15.5,10.5,13.5,22.0,4.0,8.5,290.0,145.0,-145.0,0,0,0,0,0,7,7,2,9.0,10.0,1143.0,CONDITIONAL_PASS,
S2-REF-T8-BP2.50-OP6.75,STAGE_2_INNER_SUPPORT_AND_FASTENERS,REFINED_0.25_MM,2.5,0.0,METAL_PLATE_8MM_CANDIDATE,8.0,0.0,6.75,REVERSED_AWAY_FROM_BELT,STANDARD_REVERSED,14.0,9.0,15.5,10.5,13.5,22.0,4.0,8.5,290.0,145.0,-145.0,0,0,0,0,0,7,7,2,9.25,10.0,1142.25,CONDITIONAL_PASS,
S2-REF-T8-BP2.50-OP7.00,STAGE_2_INNER_SUPPORT_AND_FASTENERS,REFINED_0.25_MM,2.5,0.0,METAL_PLATE_8MM_CANDIDATE,8.0,0.0,7.0,REVERSED_AWAY_FROM_BELT,STANDARD_REVERSED,14.0,9.0,15.5,10.5,13.5,22.0,4.0,8.5,290.0,145.0,-145.0,0,0,0,0,0,7,7,2,9.5,10.0,1141.5,CONDITIONAL_PASS,
S2-REF-T8-BP2.75-OP1.00,STAGE_2_INNER_SUPPORT_AND_FASTENERS,REFINED_0.25_MM,2.75,0.0,METAL_PLATE_8MM_CANDIDATE,8.0,0.0,1.0,REVERSED_AWAY_FROM_BELT,STANDARD_REVERSED,9.75,4.75,15.5,10.5,13.75,22.25,4.0,8.5,290.0,145.0,-145.0,0,0,0,0,0,7,7,2,3.75,10.0,73.75,FAIL,PTO_NOMINAL_LT_13;PTO_RESIDUAL_LT_8
S2-REF-T8-BP2.75-OP1.25,STAGE_2_INNER_SUPPORT_AND_FASTENERS,REFINED_0.25_MM,2.75,0.0,METAL_PLATE_8MM_CANDIDATE,8.0,0.0,1.25,REVERSED_AWAY_FROM_BELT,STANDARD_REVERSED,10.0,5.0,15.5,10.5,13.75,22.25,4.0,8.5,290.0,145.0,-145.0,0,0,0,0,0,7,7,2,4.0,10.0,78.0,FAIL,PTO_NOMINAL_LT_13;PTO_RESIDUAL_LT_8
S2-REF-T8-BP2.75-OP1.50,STAGE_2_INNER_SUPPORT_AND_FASTENERS,REFINED_0.25_MM,2.75,0.0,METAL_PLATE_8MM_CANDIDATE,8.0,0.0,1.5,REVERSED_AWAY_FROM_BELT,STANDARD_REVERSED,10.25,5.25,15.5,10.5,13.75,22.25,4.0,8.5,290.0,145.0,-145.0,0,0,0,0,0,7,7,2,4.25,10.0,82.25,FAIL,PTO_NOMINAL_LT_13;PTO_RESIDUAL_LT_8
S2-REF-T8-BP2.75-OP1.75,STAGE_2_INNER_SUPPORT_AND_FASTENERS,REFINED_0.25_MM,2.75,0.0,METAL_PLATE_8MM_CANDIDATE,8.0,0.0,1.75,REVERSED_AWAY_FROM_BELT,STANDARD_REVERSED,10.5,5.5,15.5,10.5,13.75,22.25,4.0,8.5,290.0,145.0,-145.0,0,0,0,0,0,7,7,2,4.5,10.0,86.5,FAIL,PTO_NOMINAL_LT_13;PTO_RESIDUAL_LT_8
S2-REF-T8-BP2.75-OP2.00,STAGE_2_INNER_SUPPORT_AND_FASTENERS,REFINED_0.25_MM,2.75,0.0,METAL_PLATE_8MM_CANDIDATE,8.0,0.0,2.0,REVERSED_AWAY_FROM_BELT,STANDARD_REVERSED,10.75,5.75,15.5,10.5,13.75,22.25,4.0,8.5,290.0,145.0,-145.0,0,0,0,0,0,7,7,2,4.75,10.0,90.75,FAIL,PTO_NOMINAL_LT_13;PTO_RESIDUAL_LT_8
S2-REF-T8-BP2.75-OP2.25,STAGE_2_INNER_SUPPORT_AND_FASTENERS,REFINED_0.25_MM,2.75,0.0,METAL_PLATE_8MM_CANDIDATE,8.0,0.0,2.25,REVERSED_AWAY_FROM_BELT,STANDARD_REVERSED,11.0,6.0,15.5,10.5,13.75,22.25,4.0,8.5,290.0,145.0,-145.0,0,0,0,0,0,7,7,2,5.0,10.0,95.0,FAIL,PTO_NOMINAL_LT_13;PTO_RESIDUAL_LT_8
S2-REF-T8-BP2.75-OP2.50,STAGE_2_INNER_SUPPORT_AND_FASTENERS,REFINED_0.25_MM,2.75,0.0,METAL_PLATE_8MM_CANDIDATE,8.0,0.0,2.5,REVERSED_AWAY_FROM_BELT,STANDARD_REVERSED,11.25,6.25,15.5,10.5,13.75,22.25,4.0,8.5,290.0,145.0,-145.0,0,0,0,0,0,7,7,2,5.25,10.0,99.25,FAIL,PTO_NOMINAL_LT_13;PTO_RESIDUAL_LT_8
S2-REF-T8-BP2.75-OP2.75,STAGE_2_INNER_SUPPORT_AND_FASTENERS,REFINED_0.25_MM,2.75,0.0,METAL_PLATE_8MM_CANDIDATE,8.0,0.0,2.75,REVERSED_AWAY_FROM_BELT,STANDARD_REVERSED,11.5,6.5,15.5,10.5,13.75,22.25,4.0,8.5,290.0,145.0,-145.0,0,0,0,0,0,7,7,2,5.5,10.0,103.5,FAIL,PTO_NOMINAL_LT_13;PTO_RESIDUAL_LT_8
S2-REF-T8-BP2.75-OP3.00,STAGE_2_INNER_SUPPORT_AND_FASTENERS,REFINED_0.25_MM,2.75,0.0,METAL_PLATE_8MM_CANDIDATE,8.0,0.0,3.0,REVERSED_AWAY_FROM_BELT,STANDARD_REVERSED,11.75,6.75,15.5,10.5,13.75,22.25,4.0,8.5,290.0,145.0,-145.0,0,0,0,0,0,7,7,2,5.75,10.0,107.75,FAIL,PTO_NOMINAL_LT_13;PTO_RESIDUAL_LT_8
S2-REF-T8-BP2.75-OP3.25,STAGE_2_INNER_SUPPORT_AND_FASTENERS,REFINED_0.25_MM,2.75,0.0,METAL_PLATE_8MM_CANDIDATE,8.0,0.0,3.25,REVERSED_AWAY_FROM_BELT,STANDARD_REVERSED,12.0,7.0,15.5,10.5,13.75,22.25,4.0,8.5,290.0,145.0,-145.0,0,0,0,0,0,7,7,2,6.0,10.0,112.0,FAIL,PTO_NOMINAL_LT_13;PTO_RESIDUAL_LT_8
S2-REF-T8-BP2.75-OP3.50,STAGE_2_INNER_SUPPORT_AND_FASTENERS,REFINED_0.25_MM,2.75,0.0,METAL_PLATE_8MM_CANDIDATE,8.0,0.0,3.5,REVERSED_AWAY_FROM_BELT,STANDARD_REVERSED,12.25,7.25,15.5,10.5,13.75,22.25,4.0,8.5,290.0,145.0,-145.0,0,0,0,0,0,7,7,2,6.25,10.0,116.25,FAIL,PTO_NOMINAL_LT_13;PTO_RESIDUAL_LT_8
S2-REF-T8-BP2.75-OP3.75,STAGE_2_INNER_SUPPORT_AND_FASTENERS,REFINED_0.25_MM,2.75,0.0,METAL_PLATE_8MM_CANDIDATE,8.0,0.0,3.75,REVERSED_AWAY_FROM_BELT,STANDARD_REVERSED,12.5,7.5,15.5,10.5,13.75,22.25,4.0,8.5,290.0,145.0,-145.0,0,0,0,0,0,7,7,2,6.5,10.0,120.5,FAIL,PTO_NOMINAL_LT_13;PTO_RESIDUAL_LT_8
S2-REF-T8-BP2.75-OP4.00,STAGE_2_INNER_SUPPORT_AND_FASTENERS,REFINED_0.25_MM,2.75,0.0,METAL_PLATE_8MM_CANDIDATE,8.0,0.0,4.0,REVERSED_AWAY_FROM_BELT,STANDARD_REVERSED,12.75,7.75,15.5,10.5,13.75,22.25,4.0,8.5,290.0,145.0,-145.0,0,0,0,0,0,7,7,2,6.75,10.0,124.75,FAIL,PTO_NOMINAL_LT_13;PTO_RESIDUAL_LT_8
S2-REF-T8-BP2.75-OP4.25,STAGE_2_INNER_SUPPORT_AND_FASTENERS,REFINED_0.25_MM,2.75,0.0,METAL_PLATE_8MM_CANDIDATE,8.0,0.0,4.25,REVERSED_AWAY_FROM_BELT,STANDARD_REVERSED,13.0,8.0,15.5,10.5,13.75,22.25,4.0,8.5,290.0,145.0,-145.0,0,0,0,0,0,7,7,2,7.0,10.0,1129.0,CONDITIONAL_PASS,
S2-REF-T8-BP2.75-OP4.50,STAGE_2_INNER_SUPPORT_AND_FASTENERS,REFINED_0.25_MM,2.75,0.0,METAL_PLATE_8MM_CANDIDATE,8.0,0.0,4.5,REVERSED_AWAY_FROM_BELT,STANDARD_REVERSED,13.25,8.25,15.5,10.5,13.75,22.25,4.0,8.5,290.0,145.0,-145.0,0,0,0,0,0,7,7,2,7.25,10.0,1133.25,CONDITIONAL_PASS,
S2-REF-T8-BP2.75-OP4.75,STAGE_2_INNER_SUPPORT_AND_FASTENERS,REFINED_0.25_MM,2.75,0.0,METAL_PLATE_8MM_CANDIDATE,8.0,0.0,4.75,REVERSED_AWAY_FROM_BELT,STANDARD_REVERSED,13.5,8.5,15.5,10.5,13.75,22.25,4.0,8.5,290.0,145.0,-145.0,0,0,0,0,0,7,7,2,7.5,10.0,1137.5,CONDITIONAL_PASS,
S2-REF-T8-BP2.75-OP5.00,STAGE_2_INNER_SUPPORT_AND_FASTENERS,REFINED_0.25_MM,2.75,0.0,METAL_PLATE_8MM_CANDIDATE,8.0,0.0,5.0,REVERSED_AWAY_FROM_BELT,STANDARD_REVERSED,13.75,8.75,15.5,10.5,13.75,22.25,4.0,8.5,290.0,145.0,-145.0,0,0,0,0,0,7,7,2,7.75,10.0,1141.75,CONDITIONAL_PASS,
S2-REF-T8-BP2.75-OP5.25,STAGE_2_INNER_SUPPORT_AND_FASTENERS,REFINED_0.25_MM,2.75,0.0,METAL_PLATE_8MM_CANDIDATE,8.0,0.0,5.25,REVERSED_AWAY_FROM_BELT,STANDARD_REVERSED,14.0,9.0,15.5,10.5,13.75,22.25,4.0,8.5,290.0,145.0,-145.0,0,0,0,0,0,7,7,2,8.0,10.0,1146.0,CONDITIONAL_PASS,
S2-REF-T8-BP2.75-OP5.50,STAGE_2_INNER_SUPPORT_AND_FASTENERS,REFINED_0.25_MM,2.75,0.0,METAL_PLATE_8MM_CANDIDATE,8.0,0.0,5.5,REVERSED_AWAY_FROM_BELT,STANDARD_REVERSED,14.25,9.25,15.5,10.5,13.75,22.25,4.0,8.5,290.0,145.0,-145.0,0,0,0,0,0,7,7,2,8.25,10.0,1150.25,CONDITIONAL_PASS,
S2-REF-T8-BP2.75-OP5.75,STAGE_2_INNER_SUPPORT_AND_FASTENERS,REFINED_0.25_MM,2.75,0.0,METAL_PLATE_8MM_CANDIDATE,8.0,0.0,5.75,REVERSED_AWAY_FROM_BELT,STANDARD_REVERSED,14.25,9.25,15.5,10.5,13.75,22.25,4.0,8.5,290.0,145.0,-145.0,0,0,0,0,0,7,7,2,8.5,10.0,1149.5,CONDITIONAL_PASS,
S2-REF-T8-BP2.75-OP6.00,STAGE_2_INNER_SUPPORT_AND_FASTENERS,REFINED_0.25_MM,2.75,0.0,METAL_PLATE_8MM_CANDIDATE,8.0,0.0,6.0,REVERSED_AWAY_FROM_BELT,STANDARD_REVERSED,14.25,9.25,15.5,10.5,13.75,22.25,4.0,8.5,290.0,145.0,-145.0,0,0,0,0,0,7,7,2,8.75,10.0,1148.75,CONDITIONAL_PASS,
S2-REF-T8-BP2.75-OP6.25,STAGE_2_INNER_SUPPORT_AND_FASTENERS,REFINED_0.25_MM,2.75,0.0,METAL_PLATE_8MM_CANDIDATE,8.0,0.0,6.25,REVERSED_AWAY_FROM_BELT,STANDARD_REVERSED,14.25,9.25,15.5,10.5,13.75,22.25,4.0,8.5,290.0,145.0,-145.0,0,0,0,0,0,7,7,2,9.0,10.0,1148.0,CONDITIONAL_PASS,
S2-REF-T8-BP2.75-OP6.50,STAGE_2_INNER_SUPPORT_AND_FASTENERS,REFINED_0.25_MM,2.75,0.0,METAL_PLATE_8MM_CANDIDATE,8.0,0.0,6.5,REVERSED_AWAY_FROM_BELT,STANDARD_REVERSED,14.25,9.25,15.5,10.5,13.75,22.25,4.0,8.5,290.0,145.0,-145.0,0,0,0,0,0,7,7,2,9.25,10.0,1147.25,CONDITIONAL_PASS,
S2-REF-T8-BP2.75-OP6.75,STAGE_2_INNER_SUPPORT_AND_FASTENERS,REFINED_0.25_MM,2.75,0.0,METAL_PLATE_8MM_CANDIDATE,8.0,0.0,6.75,REVERSED_AWAY_FROM_BELT,STANDARD_REVERSED,14.25,9.25,15.5,10.5,13.75,22.25,4.0,8.5,290.0,145.0,-145.0,0,0,0,0,0,7,7,2,9.5,10.0,1146.5,CONDITIONAL_PASS,
S2-REF-T8-BP2.75-OP7.00,STAGE_2_INNER_SUPPORT_AND_FASTENERS,REFINED_0.25_MM,2.75,0.0,METAL_PLATE_8MM_CANDIDATE,8.0,0.0,7.0,REVERSED_AWAY_FROM_BELT,STANDARD_REVERSED,14.25,9.25,15.5,10.5,13.75,22.25,4.0,8.5,290.0,145.0,-145.0,0,0,0,0,0,7,7,2,9.75,10.0,1145.75,CONDITIONAL_PASS,
S2-REF-T8-BP3.00-OP1.00,STAGE_2_INNER_SUPPORT_AND_FASTENERS,REFINED_0.25_MM,3.0,0.0,METAL_PLATE_8MM_CANDIDATE,8.0,0.0,1.0,REVERSED_AWAY_FROM_BELT,STANDARD_REVERSED,9.5,4.5,15.5,10.5,14.0,22.5,4.0,8.5,290.0,145.0,-145.0,0,0,0,0,0,7,7,2,4.0,10.0,68.0,FAIL,PTO_NOMINAL_LT_13;PTO_RESIDUAL_LT_8
S2-REF-T8-BP3.00-OP1.25,STAGE_2_INNER_SUPPORT_AND_FASTENERS,REFINED_0.25_MM,3.0,0.0,METAL_PLATE_8MM_CANDIDATE,8.0,0.0,1.25,REVERSED_AWAY_FROM_BELT,STANDARD_REVERSED,9.75,4.75,15.5,10.5,14.0,22.5,4.0,8.5,290.0,145.0,-145.0,0,0,0,0,0,7,7,2,4.25,10.0,72.25,FAIL,PTO_NOMINAL_LT_13;PTO_RESIDUAL_LT_8
S2-REF-T8-BP3.00-OP1.50,STAGE_2_INNER_SUPPORT_AND_FASTENERS,REFINED_0.25_MM,3.0,0.0,METAL_PLATE_8MM_CANDIDATE,8.0,0.0,1.5,REVERSED_AWAY_FROM_BELT,STANDARD_REVERSED,10.0,5.0,15.5,10.5,14.0,22.5,4.0,8.5,290.0,145.0,-145.0,0,0,0,0,0,7,7,2,4.5,10.0,76.5,FAIL,PTO_NOMINAL_LT_13;PTO_RESIDUAL_LT_8
S2-REF-T8-BP3.00-OP1.75,STAGE_2_INNER_SUPPORT_AND_FASTENERS,REFINED_0.25_MM,3.0,0.0,METAL_PLATE_8MM_CANDIDATE,8.0,0.0,1.75,REVERSED_AWAY_FROM_BELT,STANDARD_REVERSED,10.25,5.25,15.5,10.5,14.0,22.5,4.0,8.5,290.0,145.0,-145.0,0,0,0,0,0,7,7,2,4.75,10.0,80.75,FAIL,PTO_NOMINAL_LT_13;PTO_RESIDUAL_LT_8
S2-REF-T8-BP3.00-OP2.00,STAGE_2_INNER_SUPPORT_AND_FASTENERS,REFINED_0.25_MM,3.0,0.0,METAL_PLATE_8MM_CANDIDATE,8.0,0.0,2.0,REVERSED_AWAY_FROM_BELT,STANDARD_REVERSED,10.5,5.5,15.5,10.5,14.0,22.5,4.0,8.5,290.0,145.0,-145.0,0,0,0,0,0,7,7,2,5.0,10.0,85.0,FAIL,PTO_NOMINAL_LT_13;PTO_RESIDUAL_LT_8
S2-REF-T8-BP3.00-OP2.25,STAGE_2_INNER_SUPPORT_AND_FASTENERS,REFINED_0.25_MM,3.0,0.0,METAL_PLATE_8MM_CANDIDATE,8.0,0.0,2.25,REVERSED_AWAY_FROM_BELT,STANDARD_REVERSED,10.75,5.75,15.5,10.5,14.0,22.5,4.0,8.5,290.0,145.0,-145.0,0,0,0,0,0,7,7,2,5.25,10.0,89.25,FAIL,PTO_NOMINAL_LT_13;PTO_RESIDUAL_LT_8
S2-REF-T8-BP3.00-OP2.50,STAGE_2_INNER_SUPPORT_AND_FASTENERS,REFINED_0.25_MM,3.0,0.0,METAL_PLATE_8MM_CANDIDATE,8.0,0.0,2.5,REVERSED_AWAY_FROM_BELT,STANDARD_REVERSED,11.0,6.0,15.5,10.5,14.0,22.5,4.0,8.5,290.0,145.0,-145.0,0,0,0,0,0,7,7,2,5.5,10.0,93.5,FAIL,PTO_NOMINAL_LT_13;PTO_RESIDUAL_LT_8
S2-REF-T8-BP3.00-OP2.75,STAGE_2_INNER_SUPPORT_AND_FASTENERS,REFINED_0.25_MM,3.0,0.0,METAL_PLATE_8MM_CANDIDATE,8.0,0.0,2.75,REVERSED_AWAY_FROM_BELT,STANDARD_REVERSED,11.25,6.25,15.5,10.5,14.0,22.5,4.0,8.5,290.0,145.0,-145.0,0,0,0,0,0,7,7,2,5.75,10.0,97.75,FAIL,PTO_NOMINAL_LT_13;PTO_RESIDUAL_LT_8
S2-REF-T8-BP3.00-OP3.00,STAGE_2_INNER_SUPPORT_AND_FASTENERS,REFINED_0.25_MM,3.0,0.0,METAL_PLATE_8MM_CANDIDATE,8.0,0.0,3.0,REVERSED_AWAY_FROM_BELT,STANDARD_REVERSED,11.5,6.5,15.5,10.5,14.0,22.5,4.0,8.5,290.0,145.0,-145.0,0,0,0,0,0,7,7,2,6.0,10.0,102.0,FAIL,PTO_NOMINAL_LT_13;PTO_RESIDUAL_LT_8
S2-REF-T8-BP3.00-OP3.25,STAGE_2_INNER_SUPPORT_AND_FASTENERS,REFINED_0.25_MM,3.0,0.0,METAL_PLATE_8MM_CANDIDATE,8.0,0.0,3.25,REVERSED_AWAY_FROM_BELT,STANDARD_REVERSED,11.75,6.75,15.5,10.5,14.0,22.5,4.0,8.5,290.0,145.0,-145.0,0,0,0,0,0,7,7,2,6.25,10.0,106.25,FAIL,PTO_NOMINAL_LT_13;PTO_RESIDUAL_LT_8
S2-REF-T8-BP3.00-OP3.50,STAGE_2_INNER_SUPPORT_AND_FASTENERS,REFINED_0.25_MM,3.0,0.0,METAL_PLATE_8MM_CANDIDATE,8.0,0.0,3.5,REVERSED_AWAY_FROM_BELT,STANDARD_REVERSED,12.0,7.0,15.5,10.5,14.0,22.5,4.0,8.5,290.0,145.0,-145.0,0,0,0,0,0,7,7,2,6.5,10.0,110.5,FAIL,PTO_NOMINAL_LT_13;PTO_RESIDUAL_LT_8
S2-REF-T8-BP3.00-OP3.75,STAGE_2_INNER_SUPPORT_AND_FASTENERS,REFINED_0.25_MM,3.0,0.0,METAL_PLATE_8MM_CANDIDATE,8.0,0.0,3.75,REVERSED_AWAY_FROM_BELT,STANDARD_REVERSED,12.25,7.25,15.5,10.5,14.0,22.5,4.0,8.5,290.0,145.0,-145.0,0,0,0,0,0,7,7,2,6.75,10.0,114.75,FAIL,PTO_NOMINAL_LT_13;PTO_RESIDUAL_LT_8
S2-REF-T8-BP3.00-OP4.00,STAGE_2_INNER_SUPPORT_AND_FASTENERS,REFINED_0.25_MM,3.0,0.0,METAL_PLATE_8MM_CANDIDATE,8.0,0.0,4.0,REVERSED_AWAY_FROM_BELT,STANDARD_REVERSED,12.5,7.5,15.5,10.5,14.0,22.5,4.0,8.5,290.0,145.0,-145.0,0,0,0,0,0,7,7,2,7.0,10.0,119.0,FAIL,PTO_NOMINAL_LT_13;PTO_RESIDUAL_LT_8
S2-REF-T8-BP3.00-OP4.25,STAGE_2_INNER_SUPPORT_AND_FASTENERS,REFINED_0.25_MM,3.0,0.0,METAL_PLATE_8MM_CANDIDATE,8.0,0.0,4.25,REVERSED_AWAY_FROM_BELT,STANDARD_REVERSED,12.75,7.75,15.5,10.5,14.0,22.5,4.0,8.5,290.0,145.0,-145.0,0,0,0,0,0,7,7,2,7.25,10.0,123.25,FAIL,PTO_NOMINAL_LT_13;PTO_RESIDUAL_LT_8
S2-REF-T8-BP3.00-OP4.50,STAGE_2_INNER_SUPPORT_AND_FASTENERS,REFINED_0.25_MM,3.0,0.0,METAL_PLATE_8MM_CANDIDATE,8.0,0.0,4.5,REVERSED_AWAY_FROM_BELT,STANDARD_REVERSED,13.0,8.0,15.5,10.5,14.0,22.5,4.0,8.5,290.0,145.0,-145.0,0,0,0,0,0,7,7,2,7.5,10.0,1127.5,CONDITIONAL_PASS,
S2-REF-T8-BP3.00-OP4.75,STAGE_2_INNER_SUPPORT_AND_FASTENERS,REFINED_0.25_MM,3.0,0.0,METAL_PLATE_8MM_CANDIDATE,8.0,0.0,4.75,REVERSED_AWAY_FROM_BELT,STANDARD_REVERSED,13.25,8.25,15.5,10.5,14.0,22.5,4.0,8.5,290.0,145.0,-145.0,0,0,0,0,0,7,7,2,7.75,10.0,1131.75,CONDITIONAL_PASS,
S2-REF-T8-BP3.00-OP5.00,STAGE_2_INNER_SUPPORT_AND_FASTENERS,REFINED_0.25_MM,3.0,0.0,METAL_PLATE_8MM_CANDIDATE,8.0,0.0,5.0,REVERSED_AWAY_FROM_BELT,STANDARD_REVERSED,13.5,8.5,15.5,10.5,14.0,22.5,4.0,8.5,290.0,145.0,-145.0,0,0,0,0,0,7,7,2,8.0,10.0,1136.0,CONDITIONAL_PASS,
S2-REF-T8-BP3.00-OP5.25,STAGE_2_INNER_SUPPORT_AND_FASTENERS,REFINED_0.25_MM,3.0,0.0,METAL_PLATE_8MM_CANDIDATE,8.0,0.0,5.25,REVERSED_AWAY_FROM_BELT,STANDARD_REVERSED,13.75,8.75,15.5,10.5,14.0,22.5,4.0,8.5,290.0,145.0,-145.0,0,0,0,0,0,7,7,2,8.25,10.0,1140.25,CONDITIONAL_PASS,
S2-REF-T8-BP3.00-OP5.50,STAGE_2_INNER_SUPPORT_AND_FASTENERS,REFINED_0.25_MM,3.0,0.0,METAL_PLATE_8MM_CANDIDATE,8.0,0.0,5.5,REVERSED_AWAY_FROM_BELT,STANDARD_REVERSED,14.0,9.0,15.5,10.5,14.0,22.5,4.0,8.5,290.0,145.0,-145.0,0,0,0,0,0,7,7,2,8.5,10.0,1144.5,CONDITIONAL_PASS,
S2-REF-T8-BP3.00-OP5.75,STAGE_2_INNER_SUPPORT_AND_FASTENERS,REFINED_0.25_MM,3.0,0.0,METAL_PLATE_8MM_CANDIDATE,8.0,0.0,5.75,REVERSED_AWAY_FROM_BELT,STANDARD_REVERSED,14.25,9.25,15.5,10.5,14.0,22.5,4.0,8.5,290.0,145.0,-145.0,0,0,0,0,0,7,7,2,8.75,10.0,1148.75,CONDITIONAL_PASS,
S2-REF-T8-BP3.00-OP6.00,STAGE_2_INNER_SUPPORT_AND_FASTENERS,REFINED_0.25_MM,3.0,0.0,METAL_PLATE_8MM_CANDIDATE,8.0,0.0,6.0,REVERSED_AWAY_FROM_BELT,STANDARD_REVERSED,14.5,9.5,15.5,10.5,14.0,22.5,4.0,8.5,290.0,145.0,-145.0,0,0,0,0,0,7,7,2,9.0,10.0,1153.0,CONDITIONAL_PASS,
S2-REF-T8-BP3.00-OP6.25,STAGE_2_INNER_SUPPORT_AND_FASTENERS,REFINED_0.25_MM,3.0,0.0,METAL_PLATE_8MM_CANDIDATE,8.0,0.0,6.25,REVERSED_AWAY_FROM_BELT,STANDARD_REVERSED,14.5,9.5,15.5,10.5,14.0,22.5,4.0,8.5,290.0,145.0,-145.0,0,0,0,0,0,7,7,2,9.25,10.0,1152.25,CONDITIONAL_PASS,
S2-REF-T8-BP3.00-OP6.50,STAGE_2_INNER_SUPPORT_AND_FASTENERS,REFINED_0.25_MM,3.0,0.0,METAL_PLATE_8MM_CANDIDATE,8.0,0.0,6.5,REVERSED_AWAY_FROM_BELT,STANDARD_REVERSED,14.5,9.5,15.5,10.5,14.0,22.5,4.0,8.5,290.0,145.0,-145.0,0,0,0,0,0,7,7,2,9.5,10.0,1151.5,CONDITIONAL_PASS,
S2-REF-T8-BP3.00-OP6.75,STAGE_2_INNER_SUPPORT_AND_FASTENERS,REFINED_0.25_MM,3.0,0.0,METAL_PLATE_8MM_CANDIDATE,8.0,0.0,6.75,REVERSED_AWAY_FROM_BELT,STANDARD_REVERSED,14.5,9.5,15.5,10.5,14.0,22.5,4.0,8.5,290.0,145.0,-145.0,0,0,0,0,0,7,7,2,9.75,10.0,1150.75,CONDITIONAL_PASS,
S2-REF-T8-BP3.00-OP7.00,STAGE_2_INNER_SUPPORT_AND_FASTENERS,REFINED_0.25_MM,3.0,0.0,METAL_PLATE_8MM_CANDIDATE,8.0,0.0,7.0,REVERSED_AWAY_FROM_BELT,STANDARD_REVERSED,14.5,9.5,15.5,10.5,14.0,22.5,4.0,8.5,290.0,145.0,-145.0,0,0,0,0,0,7,7,2,10.0,10.0,1150.0,CONDITIONAL_PASS,
