pair_id,shape_a_name,shape_b_name,coupling_state,sample_position_mm,numerical_distance_tolerance_mm,intersection_volume_tolerance_mm3,required_clearance_mm,note,calculation_api,intersection_volume_mm3,intersection_solid_count,minimum_distance_mm,nearest_point_a_x,nearest_point_a_y,nearest_point_a_z,nearest_point_b_x,nearest_point_b_y,nearest_point_b_z,classification,result,error,sweep_method,sampling_interval_mm,engagement_overlap_mm,engagement_reference_satisfied
SWEEP-0001,LEFT_COUPLING_SLEEVE_SAMPLE,RIGHT_COUPLING_SLEEVE_SAMPLE,FULL_SWEEP_SAMPLED,0.0,0.05,0.01,5.0,sampled opposite sleeve,CadQuery.Shape.intersect+Volume;OCP.BRepExtrema_DistShapeShape,0.0,0,16.0,150.0,8.0,330.0,150.0,-8.0,330.0,CLEAR,PASS,,CONTINUOUS_CONSERVATIVE_SOLID_PLUS_0P5MM_ACTUAL_SAMPLES,0.5,0.0,False
SWEEP-0002,LEFT_COUPLING_SLEEVE_SAMPLE,RIGHT_PTO_STUB,FULL_SWEEP_SAMPLED,0.0,0.05,0.01,5.0,sampled opposite stub,CadQuery.Shape.intersect+Volume;OCP.BRepExtrema_DistShapeShape,0.0,0,26.006922155,150.0,8.0,325.6,150.0,-18.0,325.0,CLEAR,PASS,,CONTINUOUS_CONSERVATIVE_SOLID_PLUS_0P5MM_ACTUAL_SAMPLES,0.5,0.0,False
SWEEP-0003,LEFT_COUPLING_SLEEVE_SAMPLE,CENTRAL_UNIT_FRAME,FULL_SWEEP_SAMPLED,0.0,0.05,0.01,5.0,sampled central frame,CadQuery.Shape.intersect+Volume;OCP.BRepExtrema_DistShapeShape,0.0,0,40.0,156.0,18.0,328.0,180.0,18.0,360.0,CLEAR,PASS,,CONTINUOUS_CONSERVATIVE_SOLID_PLUS_0P5MM_ACTUAL_SAMPLES,0.5,0.0,False
SWEEP-0004,LEFT_COUPLING_SLEEVE_SAMPLE,CENTRAL_ALIGNMENT_GUIDE_LEFT,FULL_SWEEP_SAMPLED,0.0,0.05,0.01,5.0,sampled own alignment guide,CadQuery.Shape.intersect+Volume;OCP.BRepExtrema_DistShapeShape,0.0,0,5.0,160.0,18.0,320.0,165.0,18.0,320.0,CLEAR,PASS,,CONTINUOUS_CONSERVATIVE_SOLID_PLUS_0P5MM_ACTUAL_SAMPLES,0.5,0.0,False
SWEEP-0005,LEFT_COUPLING_SLEEVE_SAMPLE,CENTRAL_MECHANICAL_LOCK,FULL_SWEEP_SAMPLED,0.0,0.05,0.01,5.0,sampled lock,CadQuery.Shape.intersect+Volume;OCP.BRepExtrema_DistShapeShape,0.0,0,30.459856648,157.661915,16.0,326.426123,181.0,16.0,346.0,CLEAR,PASS,,CONTINUOUS_CONSERVATIVE_SOLID_PLUS_0P5MM_ACTUAL_SAMPLES,0.5,0.0,False
SWEEP-0006,LEFT_COUPLING_SLEEVE_SAMPLE,LEFT_GUARD_FIXED,FULL_SWEEP_SAMPLED,0.0,0.05,0.01,5.0,sampled guard,CadQuery.Shape.intersect+Volume;OCP.BRepExtrema_DistShapeShape,0.0,0,17.262676502,150.0,18.0,330.0,150.0,35.0,333.0,CLEAR,PASS,,CONTINUOUS_CONSERVATIVE_SOLID_PLUS_0P5MM_ACTUAL_SAMPLES,0.5,0.0,False
SWEEP-0007,LEFT_COUPLING_SLEEVE_SAMPLE,WIRING_KEEP_OUT,FULL_SWEEP_SAMPLED,0.0,0.05,0.01,10.0,sampled wiring,CadQuery.Shape.intersect+Volume;OCP.BRepExtrema_DistShapeShape,0.0,0,26.055512755,158.320503,18.0,325.547002,180.0,18.0,340.0,CLEAR,PASS,,CONTINUOUS_CONSERVATIVE_SOLID_PLUS_0P5MM_ACTUAL_SAMPLES,0.5,0.0,False
SWEEP-0008,LEFT_COUPLING_SLEEVE_SAMPLE,UNIT_INSTALLATION_ENVELOPE,FULL_SWEEP_SAMPLED,0.0,0.05,0.01,5.0,sampled insertion,CadQuery.Shape.intersect+Volume;OCP.BRepExtrema_DistShapeShape,0.0,0,5.0,160.0,18.0,320.0,165.0,18.0,320.0,CLEAR,PASS,,CONTINUOUS_CONSERVATIVE_SOLID_PLUS_0P5MM_ACTUAL_SAMPLES,0.5,0.0,False
SWEEP-0009,LEFT_COUPLING_SLEEVE_SAMPLE,UNIT_REMOVAL_ENVELOPE,FULL_SWEEP_SAMPLED,0.0,0.05,0.01,5.0,sampled removal,CadQuery.Shape.intersect+Volume;OCP.BRepExtrema_DistShapeShape,0.0,0,5.0,160.0,18.0,320.0,165.0,18.0,320.0,CLEAR,PASS,,CONTINUOUS_CONSERVATIVE_SOLID_PLUS_0P5MM_ACTUAL_SAMPLES,0.5,0.0,False
SWEEP-0010,LEFT_COUPLING_SLEEVE_SAMPLE,LEFT_UNIT_INPUT_SUPPORT,FULL_SWEEP_SAMPLED,0.0,0.05,0.01,5.0,sampled input support,CadQuery.Shape.intersect+Volume;OCP.BRepExtrema_DistShapeShape,0.0,0,15.0,160.0,18.0,320.0,175.0,18.0,320.0,CLEAR,PASS,,CONTINUOUS_CONSERVATIVE_SOLID_PLUS_0P5MM_ACTUAL_SAMPLES,0.5,0.0,False
SWEEP-0011,RIGHT_COUPLING_SLEEVE_SAMPLE,LEFT_COUPLING_SLEEVE_SAMPLE,FULL_SWEEP_SAMPLED,0.0,0.05,0.01,5.0,sampled opposite sleeve,CadQuery.Shape.intersect+Volume;OCP.BRepExtrema_DistShapeShape,0.0,0,16.0,150.0,-8.0,330.0,150.0,8.0,330.0,CLEAR,PASS,,CONTINUOUS_CONSERVATIVE_SOLID_PLUS_0P5MM_ACTUAL_SAMPLES,0.5,0.0,False
SWEEP-0012,RIGHT_COUPLING_SLEEVE_SAMPLE,LEFT_PTO_STUB,FULL_SWEEP_SAMPLED,0.0,0.05,0.01,5.0,sampled opposite stub,CadQuery.Shape.intersect+Volume;OCP.BRepExtrema_DistShapeShape,0.0,0,26.006922155,150.0,-8.0,325.6,150.0,18.0,325.0,CLEAR,PASS,,CONTINUOUS_CONSERVATIVE_SOLID_PLUS_0P5MM_ACTUAL_SAMPLES,0.5,0.0,False
SWEEP-0013,RIGHT_COUPLING_SLEEVE_SAMPLE,CENTRAL_UNIT_FRAME,FULL_SWEEP_SAMPLED,0.0,0.05,0.01,5.0,sampled central frame,CadQuery.Shape.intersect+Volume;OCP.BRepExtrema_DistShapeShape,0.0,0,40.0,156.0,-8.0,328.0,180.0,-8.0,360.0,CLEAR,PASS,,CONTINUOUS_CONSERVATIVE_SOLID_PLUS_0P5MM_ACTUAL_SAMPLES,0.5,0.0,False
SWEEP-0014,RIGHT_COUPLING_SLEEVE_SAMPLE,CENTRAL_ALIGNMENT_GUIDE_RIGHT,FULL_SWEEP_SAMPLED,0.0,0.05,0.01,5.0,sampled own alignment guide,CadQuery.Shape.intersect+Volume;OCP.BRepExtrema_DistShapeShape,0.0,0,5.0,160.0,-8.0,320.0,165.0,-8.0,320.0,CLEAR,PASS,,CONTINUOUS_CONSERVATIVE_SOLID_PLUS_0P5MM_ACTUAL_SAMPLES,0.5,0.0,False
SWEEP-0015,RIGHT_COUPLING_SLEEVE_SAMPLE,CENTRAL_MECHANICAL_LOCK,FULL_SWEEP_SAMPLED,0.0,0.05,0.01,5.0,sampled lock,CadQuery.Shape.intersect+Volume;OCP.BRepExtrema_DistShapeShape,0.0,0,30.459856648,157.661915,-16.0,326.426123,181.0,-16.0,346.0,CLEAR,PASS,,CONTINUOUS_CONSERVATIVE_SOLID_PLUS_0P5MM_ACTUAL_SAMPLES,0.5,0.0,False
SWEEP-0016,RIGHT_COUPLING_SLEEVE_SAMPLE,RIGHT_GUARD_FIXED,FULL_SWEEP_SAMPLED,0.0,0.05,0.01,5.0,sampled guard,CadQuery.Shape.intersect+Volume;OCP.BRepExtrema_DistShapeShape,0.0,0,17.262676502,150.0,-18.0,330.0,150.0,-35.0,333.0,CLEAR,PASS,,CONTINUOUS_CONSERVATIVE_SOLID_PLUS_0P5MM_ACTUAL_SAMPLES,0.5,0.0,False
SWEEP-0017,RIGHT_COUPLING_SLEEVE_SAMPLE,WIRING_KEEP_OUT,FULL_SWEEP_SAMPLED,0.0,0.05,0.01,10.0,sampled wiring,CadQuery.Shape.intersect+Volume;OCP.BRepExtrema_DistShapeShape,0.0,0,26.055512755,158.320503,-8.0,325.547002,180.0,-8.0,340.0,CLEAR,PASS,,CONTINUOUS_CONSERVATIVE_SOLID_PLUS_0P5MM_ACTUAL_SAMPLES,0.5,0.0,False
SWEEP-0018,RIGHT_COUPLING_SLEEVE_SAMPLE,UNIT_INSTALLATION_ENVELOPE,FULL_SWEEP_SAMPLED,0.0,0.05,0.01,5.0,sampled insertion,CadQuery.Shape.intersect+Volume;OCP.BRepExtrema_DistShapeShape,0.0,0,5.0,160.0,-8.0,320.0,165.0,-8.0,320.0,CLEAR,PASS,,CONTINUOUS_CONSERVATIVE_SOLID_PLUS_0P5MM_ACTUAL_SAMPLES,0.5,0.0,False
SWEEP-0019,RIGHT_COUPLING_SLEEVE_SAMPLE,UNIT_REMOVAL_ENVELOPE,FULL_SWEEP_SAMPLED,0.0,0.05,0.01,5.0,sampled removal,CadQuery.Shape.intersect+Volume;OCP.BRepExtrema_DistShapeShape,0.0,0,5.0,160.0,-8.0,320.0,165.0,-8.0,320.0,CLEAR,PASS,,CONTINUOUS_CONSERVATIVE_SOLID_PLUS_0P5MM_ACTUAL_SAMPLES,0.5,0.0,False
SWEEP-0020,RIGHT_COUPLING_SLEEVE_SAMPLE,RIGHT_UNIT_INPUT_SUPPORT,FULL_SWEEP_SAMPLED,0.0,0.05,0.01,5.0,sampled input support,CadQuery.Shape.intersect+Volume;OCP.BRepExtrema_DistShapeShape,0.0,0,15.0,160.0,-8.0,320.0,175.0,-8.0,320.0,CLEAR,PASS,,CONTINUOUS_CONSERVATIVE_SOLID_PLUS_0P5MM_ACTUAL_SAMPLES,0.5,0.0,False
SWEEP-0021,LEFT_COUPLING_SLEEVE_SAMPLE,RIGHT_COUPLING_SLEEVE_SAMPLE,FULL_SWEEP_SAMPLED,0.5,0.05,0.01,5.0,sampled opposite sleeve,CadQuery.Shape.intersect+Volume;OCP.BRepExtrema_DistShapeShape,0.0,0,17.0,150.0,8.5,330.0,150.0,-8.5,330.0,CLEAR,PASS,,CONTINUOUS_CONSERVATIVE_SOLID_PLUS_0P5MM_ACTUAL_SAMPLES,0.5,0.5,False
SWEEP-0022,LEFT_COUPLING_SLEEVE_SAMPLE,RIGHT_PTO_STUB,FULL_SWEEP_SAMPLED,0.5,0.05,0.01,5.0,sampled opposite stub,CadQuery.Shape.intersect+Volume;OCP.BRepExtrema_DistShapeShape,0.0,0,26.506791583,150.0,8.5,325.6,150.0,-18.0,325.0,CLEAR,PASS,,CONTINUOUS_CONSERVATIVE_SOLID_PLUS_0P5MM_ACTUAL_SAMPLES,0.5,0.5,False
SWEEP-0023,LEFT_COUPLING_SLEEVE_SAMPLE,CENTRAL_UNIT_FRAME,FULL_SWEEP_SAMPLED,0.5,0.05,0.01,5.0,sampled central frame,CadQuery.Shape.intersect+Volume;OCP.BRepExtrema_DistShapeShape,0.0,0,40.0,156.0,18.5,328.0,180.0,18.5,360.0,CLEAR,PASS,,CONTINUOUS_CONSERVATIVE_SOLID_PLUS_0P5MM_ACTUAL_SAMPLES,0.5,0.5,False
SWEEP-0024,LEFT_COUPLING_SLEEVE_SAMPLE,CENTRAL_ALIGNMENT_GUIDE_LEFT,FULL_SWEEP_SAMPLED,0.5,0.05,0.01,5.0,sampled own alignment guide,CadQuery.Shape.intersect+Volume;OCP.BRepExtrema_DistShapeShape,0.0,0,5.0,160.0,18.5,320.0,165.0,18.5,320.0,CLEAR,PASS,,CONTINUOUS_CONSERVATIVE_SOLID_PLUS_0P5MM_ACTUAL_SAMPLES,0.5,0.5,False
SWEEP-0025,LEFT_COUPLING_SLEEVE_SAMPLE,CENTRAL_MECHANICAL_LOCK,FULL_SWEEP_SAMPLED,0.5,0.05,0.01,5.0,sampled lock,CadQuery.Shape.intersect+Volume;OCP.BRepExtrema_DistShapeShape,0.0,0,30.459856648,157.661915,16.0,326.426123,181.0,16.0,346.0,CLEAR,PASS,,CONTINUOUS_CONSERVATIVE_SOLID_PLUS_0P5MM_ACTUAL_SAMPLES,0.5,0.5,False
SWEEP-0026,LEFT_COUPLING_SLEEVE_SAMPLE,LEFT_GUARD_FIXED,FULL_SWEEP_SAMPLED,0.5,0.05,0.01,5.0,sampled guard,CadQuery.Shape.intersect+Volume;OCP.BRepExtrema_DistShapeShape,0.0,0,16.770509831,150.0,18.5,330.0,150.0,35.0,333.0,CLEAR,PASS,,CONTINUOUS_CONSERVATIVE_SOLID_PLUS_0P5MM_ACTUAL_SAMPLES,0.5,0.5,False
SWEEP-0027,LEFT_COUPLING_SLEEVE_SAMPLE,WIRING_KEEP_OUT,FULL_SWEEP_SAMPLED,0.5,0.05,0.01,10.0,sampled wiring,CadQuery.Shape.intersect+Volume;OCP.BRepExtrema_DistShapeShape,0.0,0,26.055512755,158.320503,18.5,325.547002,180.0,18.5,340.0,CLEAR,PASS,,CONTINUOUS_CONSERVATIVE_SOLID_PLUS_0P5MM_ACTUAL_SAMPLES,0.5,0.5,False
SWEEP-0028,LEFT_COUPLING_SLEEVE_SAMPLE,UNIT_INSTALLATION_ENVELOPE,FULL_SWEEP_SAMPLED,0.5,0.05,0.01,5.0,sampled insertion,CadQuery.Shape.intersect+Volume;OCP.BRepExtrema_DistShapeShape,0.0,0,5.0,160.0,18.5,320.0,165.0,18.5,320.0,CLEAR,PASS,,CONTINUOUS_CONSERVATIVE_SOLID_PLUS_0P5MM_ACTUAL_SAMPLES,0.5,0.5,False
SWEEP-0029,LEFT_COUPLING_SLEEVE_SAMPLE,UNIT_REMOVAL_ENVELOPE,FULL_SWEEP_SAMPLED,0.5,0.05,0.01,5.0,sampled removal,CadQuery.Shape.intersect+Volume;OCP.BRepExtrema_DistShapeShape,0.0,0,5.0,160.0,18.5,320.0,165.0,18.5,320.0,CLEAR,PASS,,CONTINUOUS_CONSERVATIVE_SOLID_PLUS_0P5MM_ACTUAL_SAMPLES,0.5,0.5,False
SWEEP-0030,LEFT_COUPLING_SLEEVE_SAMPLE,LEFT_UNIT_INPUT_SUPPORT,FULL_SWEEP_SAMPLED,0.5,0.05,0.01,5.0,sampled input support,CadQuery.Shape.intersect+Volume;OCP.BRepExtrema_DistShapeShape,0.0,0,15.0,160.0,18.5,320.0,175.0,18.5,320.0,CLEAR,PASS,,CONTINUOUS_CONSERVATIVE_SOLID_PLUS_0P5MM_ACTUAL_SAMPLES,0.5,0.5,False
SWEEP-0031,RIGHT_COUPLING_SLEEVE_SAMPLE,LEFT_COUPLING_SLEEVE_SAMPLE,FULL_SWEEP_SAMPLED,0.5,0.05,0.01,5.0,sampled opposite sleeve,CadQuery.Shape.intersect+Volume;OCP.BRepExtrema_DistShapeShape,0.0,0,17.0,150.0,-8.5,330.0,150.0,8.5,330.0,CLEAR,PASS,,CONTINUOUS_CONSERVATIVE_SOLID_PLUS_0P5MM_ACTUAL_SAMPLES,0.5,0.5,False
SWEEP-0032,RIGHT_COUPLING_SLEEVE_SAMPLE,LEFT_PTO_STUB,FULL_SWEEP_SAMPLED,0.5,0.05,0.01,5.0,sampled opposite stub,CadQuery.Shape.intersect+Volume;OCP.BRepExtrema_DistShapeShape,0.0,0,26.506791583,150.0,-8.5,325.6,150.0,18.0,325.0,CLEAR,PASS,,CONTINUOUS_CONSERVATIVE_SOLID_PLUS_0P5MM_ACTUAL_SAMPLES,0.5,0.5,False
SWEEP-0033,RIGHT_COUPLING_SLEEVE_SAMPLE,CENTRAL_UNIT_FRAME,FULL_SWEEP_SAMPLED,0.5,0.05,0.01,5.0,sampled central frame,CadQuery.Shape.intersect+Volume;OCP.BRepExtrema_DistShapeShape,0.0,0,40.0,156.0,-8.5,328.0,180.0,-8.5,360.0,CLEAR,PASS,,CONTINUOUS_CONSERVATIVE_SOLID_PLUS_0P5MM_ACTUAL_SAMPLES,0.5,0.5,False
SWEEP-0034,RIGHT_COUPLING_SLEEVE_SAMPLE,CENTRAL_ALIGNMENT_GUIDE_RIGHT,FULL_SWEEP_SAMPLED,0.5,0.05,0.01,5.0,sampled own alignment guide,CadQuery.Shape.intersect+Volume;OCP.BRepExtrema_DistShapeShape,0.0,0,5.0,160.0,-8.5,320.0,165.0,-8.5,320.0,CLEAR,PASS,,CONTINUOUS_CONSERVATIVE_SOLID_PLUS_0P5MM_ACTUAL_SAMPLES,0.5,0.5,False
SWEEP-0035,RIGHT_COUPLING_SLEEVE_SAMPLE,CENTRAL_MECHANICAL_LOCK,FULL_SWEEP_SAMPLED,0.5,0.05,0.01,5.0,sampled lock,CadQuery.Shape.intersect+Volume;OCP.BRepExtrema_DistShapeShape,0.0,0,30.459856648,157.661915,-16.0,326.426123,181.0,-16.0,346.0,CLEAR,PASS,,CONTINUOUS_CONSERVATIVE_SOLID_PLUS_0P5MM_ACTUAL_SAMPLES,0.5,0.5,False
SWEEP-0036,RIGHT_COUPLING_SLEEVE_SAMPLE,RIGHT_GUARD_FIXED,FULL_SWEEP_SAMPLED,0.5,0.05,0.01,5.0,sampled guard,CadQuery.Shape.intersect+Volume;OCP.BRepExtrema_DistShapeShape,0.0,0,16.770509831,150.0,-18.5,330.0,150.0,-35.0,333.0,CLEAR,PASS,,CONTINUOUS_CONSERVATIVE_SOLID_PLUS_0P5MM_ACTUAL_SAMPLES,0.5,0.5,False
SWEEP-0037,RIGHT_COUPLING_SLEEVE_SAMPLE,WIRING_KEEP_OUT,FULL_SWEEP_SAMPLED,0.5,0.05,0.01,10.0,sampled wiring,CadQuery.Shape.intersect+Volume;OCP.BRepExtrema_DistShapeShape,0.0,0,26.055512755,158.320503,-8.5,325.547002,180.0,-8.5,340.0,CLEAR,PASS,,CONTINUOUS_CONSERVATIVE_SOLID_PLUS_0P5MM_ACTUAL_SAMPLES,0.5,0.5,False
SWEEP-0038,RIGHT_COUPLING_SLEEVE_SAMPLE,UNIT_INSTALLATION_ENVELOPE,FULL_SWEEP_SAMPLED,0.5,0.05,0.01,5.0,sampled insertion,CadQuery.Shape.intersect+Volume;OCP.BRepExtrema_DistShapeShape,0.0,0,5.0,160.0,-8.5,320.0,165.0,-8.5,320.0,CLEAR,PASS,,CONTINUOUS_CONSERVATIVE_SOLID_PLUS_0P5MM_ACTUAL_SAMPLES,0.5,0.5,False
SWEEP-0039,RIGHT_COUPLING_SLEEVE_SAMPLE,UNIT_REMOVAL_ENVELOPE,FULL_SWEEP_SAMPLED,0.5,0.05,0.01,5.0,sampled removal,CadQuery.Shape.intersect+Volume;OCP.BRepExtrema_DistShapeShape,0.0,0,5.0,160.0,-8.5,320.0,165.0,-8.5,320.0,CLEAR,PASS,,CONTINUOUS_CONSERVATIVE_SOLID_PLUS_0P5MM_ACTUAL_SAMPLES,0.5,0.5,False
SWEEP-0040,RIGHT_COUPLING_SLEEVE_SAMPLE,RIGHT_UNIT_INPUT_SUPPORT,FULL_SWEEP_SAMPLED,0.5,0.05,0.01,5.0,sampled input support,CadQuery.Shape.intersect+Volume;OCP.BRepExtrema_DistShapeShape,0.0,0,15.0,160.0,-8.5,320.0,175.0,-8.5,320.0,CLEAR,PASS,,CONTINUOUS_CONSERVATIVE_SOLID_PLUS_0P5MM_ACTUAL_SAMPLES,0.5,0.5,False
SWEEP-0041,LEFT_COUPLING_SLEEVE_SAMPLE,RIGHT_COUPLING_SLEEVE_SAMPLE,FULL_SWEEP_SAMPLED,1.0,0.05,0.01,5.0,sampled opposite sleeve,CadQuery.Shape.intersect+Volume;OCP.BRepExtrema_DistShapeShape,0.0,0,18.0,150.0,9.0,330.0,150.0,-9.0,330.0,CLEAR,PASS,,CONTINUOUS_CONSERVATIVE_SOLID_PLUS_0P5MM_ACTUAL_SAMPLES,0.5,1.0,False
SWEEP-0042,LEFT_COUPLING_SLEEVE_SAMPLE,RIGHT_PTO_STUB,FULL_SWEEP_SAMPLED,1.0,0.05,0.01,5.0,sampled opposite stub,CadQuery.Shape.intersect+Volume;OCP.BRepExtrema_DistShapeShape,0.0,0,27.006665844,150.0,9.0,325.6,150.0,-18.0,325.0,CLEAR,PASS,,CONTINUOUS_CONSERVATIVE_SOLID_PLUS_0P5MM_ACTUAL_SAMPLES,0.5,1.0,False
SWEEP-0043,LEFT_COUPLING_SLEEVE_SAMPLE,CENTRAL_UNIT_FRAME,FULL_SWEEP_SAMPLED,1.0,0.05,0.01,5.0,sampled central frame,CadQuery.Shape.intersect+Volume;OCP.BRepExtrema_DistShapeShape,0.0,0,40.0,156.0,19.0,328.0,180.0,19.0,360.0,CLEAR,PASS,,CONTINUOUS_CONSERVATIVE_SOLID_PLUS_0P5MM_ACTUAL_SAMPLES,0.5,1.0,False
SWEEP-0044,LEFT_COUPLING_SLEEVE_SAMPLE,CENTRAL_ALIGNMENT_GUIDE_LEFT,FULL_SWEEP_SAMPLED,1.0,0.05,0.01,5.0,sampled own alignment guide,CadQuery.Shape.intersect+Volume;OCP.BRepExtrema_DistShapeShape,0.0,0,5.0,160.0,19.0,320.0,165.0,19.0,320.0,CLEAR,PASS,,CONTINUOUS_CONSERVATIVE_SOLID_PLUS_0P5MM_ACTUAL_SAMPLES,0.5,1.0,False
SWEEP-0045,LEFT_COUPLING_SLEEVE_SAMPLE,CENTRAL_MECHANICAL_LOCK,FULL_SWEEP_SAMPLED,1.0,0.05,0.01,5.0,sampled lock,CadQuery.Shape.intersect+Volume;OCP.BRepExtrema_DistShapeShape,0.0,0,30.459856648,157.661915,16.0,326.426123,181.0,16.0,346.0,CLEAR,PASS,,CONTINUOUS_CONSERVATIVE_SOLID_PLUS_0P5MM_ACTUAL_SAMPLES,0.5,1.0,False
SWEEP-0046,LEFT_COUPLING_SLEEVE_SAMPLE,LEFT_GUARD_FIXED,FULL_SWEEP_SAMPLED,1.0,0.05,0.01,5.0,sampled guard,CadQuery.Shape.intersect+Volume;OCP.BRepExtrema_DistShapeShape,0.0,0,16.278820596,150.0,19.0,330.0,150.0,35.0,333.0,CLEAR,PASS,,CONTINUOUS_CONSERVATIVE_SOLID_PLUS_0P5MM_ACTUAL_SAMPLES,0.5,1.0,False
SWEEP-0047,LEFT_COUPLING_SLEEVE_SAMPLE,WIRING_KEEP_OUT,FULL_SWEEP_SAMPLED,1.0,0.05,0.01,10.0,sampled wiring,CadQuery.Shape.intersect+Volume;OCP.BRepExtrema_DistShapeShape,0.0,0,26.055512755,158.320503,19.0,325.547002,180.0,19.0,340.0,CLEAR,PASS,,CONTINUOUS_CONSERVATIVE_SOLID_PLUS_0P5MM_ACTUAL_SAMPLES,0.5,1.0,False
SWEEP-0048,LEFT_COUPLING_SLEEVE_SAMPLE,UNIT_INSTALLATION_ENVELOPE,FULL_SWEEP_SAMPLED,1.0,0.05,0.01,5.0,sampled insertion,CadQuery.Shape.intersect+Volume;OCP.BRepExtrema_DistShapeShape,0.0,0,5.0,160.0,19.0,320.0,165.0,19.0,320.0,CLEAR,PASS,,CONTINUOUS_CONSERVATIVE_SOLID_PLUS_0P5MM_ACTUAL_SAMPLES,0.5,1.0,False
SWEEP-0049,LEFT_COUPLING_SLEEVE_SAMPLE,UNIT_REMOVAL_ENVELOPE,FULL_SWEEP_SAMPLED,1.0,0.05,0.01,5.0,sampled removal,CadQuery.Shape.intersect+Volume;OCP.BRepExtrema_DistShapeShape,0.0,0,5.0,160.0,19.0,320.0,165.0,19.0,320.0,CLEAR,PASS,,CONTINUOUS_CONSERVATIVE_SOLID_PLUS_0P5MM_ACTUAL_SAMPLES,0.5,1.0,False
SWEEP-0050,LEFT_COUPLING_SLEEVE_SAMPLE,LEFT_UNIT_INPUT_SUPPORT,FULL_SWEEP_SAMPLED,1.0,0.05,0.01,5.0,sampled input support,CadQuery.Shape.intersect+Volume;OCP.BRepExtrema_DistShapeShape,0.0,0,15.0,160.0,19.0,320.0,175.0,19.0,320.0,CLEAR,PASS,,CONTINUOUS_CONSERVATIVE_SOLID_PLUS_0P5MM_ACTUAL_SAMPLES,0.5,1.0,False
SWEEP-0051,RIGHT_COUPLING_SLEEVE_SAMPLE,LEFT_COUPLING_SLEEVE_SAMPLE,FULL_SWEEP_SAMPLED,1.0,0.05,0.01,5.0,sampled opposite sleeve,CadQuery.Shape.intersect+Volume;OCP.BRepExtrema_DistShapeShape,0.0,0,18.0,150.0,-9.0,330.0,150.0,9.0,330.0,CLEAR,PASS,,CONTINUOUS_CONSERVATIVE_SOLID_PLUS_0P5MM_ACTUAL_SAMPLES,0.5,1.0,False
SWEEP-0052,RIGHT_COUPLING_SLEEVE_SAMPLE,LEFT_PTO_STUB,FULL_SWEEP_SAMPLED,1.0,0.05,0.01,5.0,sampled opposite stub,CadQuery.Shape.intersect+Volume;OCP.BRepExtrema_DistShapeShape,0.0,0,27.006665844,150.0,-9.0,325.6,150.0,18.0,325.0,CLEAR,PASS,,CONTINUOUS_CONSERVATIVE_SOLID_PLUS_0P5MM_ACTUAL_SAMPLES,0.5,1.0,False
SWEEP-0053,RIGHT_COUPLING_SLEEVE_SAMPLE,CENTRAL_UNIT_FRAME,FULL_SWEEP_SAMPLED,1.0,0.05,0.01,5.0,sampled central frame,CadQuery.Shape.intersect+Volume;OCP.BRepExtrema_DistShapeShape,0.0,0,40.0,156.0,-9.0,328.0,180.0,-9.0,360.0,CLEAR,PASS,,CONTINUOUS_CONSERVATIVE_SOLID_PLUS_0P5MM_ACTUAL_SAMPLES,0.5,1.0,False
SWEEP-0054,RIGHT_COUPLING_SLEEVE_SAMPLE,CENTRAL_ALIGNMENT_GUIDE_RIGHT,FULL_SWEEP_SAMPLED,1.0,0.05,0.01,5.0,sampled own alignment guide,CadQuery.Shape.intersect+Volume;OCP.BRepExtrema_DistShapeShape,0.0,0,5.0,160.0,-9.0,320.0,165.0,-9.0,320.0,CLEAR,PASS,,CONTINUOUS_CONSERVATIVE_SOLID_PLUS_0P5MM_ACTUAL_SAMPLES,0.5,1.0,False
SWEEP-0055,RIGHT_COUPLING_SLEEVE_SAMPLE,CENTRAL_MECHANICAL_LOCK,FULL_SWEEP_SAMPLED,1.0,0.05,0.01,5.0,sampled lock,CadQuery.Shape.intersect+Volume;OCP.BRepExtrema_DistShapeShape,0.0,0,30.459856648,157.661915,-16.0,326.426123,181.0,-16.0,346.0,CLEAR,PASS,,CONTINUOUS_CONSERVATIVE_SOLID_PLUS_0P5MM_ACTUAL_SAMPLES,0.5,1.0,False
SWEEP-0056,RIGHT_COUPLING_SLEEVE_SAMPLE,RIGHT_GUARD_FIXED,FULL_SWEEP_SAMPLED,1.0,0.05,0.01,5.0,sampled guard,CadQuery.Shape.intersect+Volume;OCP.BRepExtrema_DistShapeShape,0.0,0,16.278820596,150.0,-19.0,330.0,150.0,-35.0,333.0,CLEAR,PASS,,CONTINUOUS_CONSERVATIVE_SOLID_PLUS_0P5MM_ACTUAL_SAMPLES,0.5,1.0,False
SWEEP-0057,RIGHT_COUPLING_SLEEVE_SAMPLE,WIRING_KEEP_OUT,FULL_SWEEP_SAMPLED,1.0,0.05,0.01,10.0,sampled wiring,CadQuery.Shape.intersect+Volume;OCP.BRepExtrema_DistShapeShape,0.0,0,26.055512755,158.320503,-9.0,325.547002,180.0,-9.0,340.0,CLEAR,PASS,,CONTINUOUS_CONSERVATIVE_SOLID_PLUS_0P5MM_ACTUAL_SAMPLES,0.5,1.0,False
SWEEP-0058,RIGHT_COUPLING_SLEEVE_SAMPLE,UNIT_INSTALLATION_ENVELOPE,FULL_SWEEP_SAMPLED,1.0,0.05,0.01,5.0,sampled insertion,CadQuery.Shape.intersect+Volume;OCP.BRepExtrema_DistShapeShape,0.0,0,5.0,160.0,-9.0,320.0,165.0,-9.0,320.0,CLEAR,PASS,,CONTINUOUS_CONSERVATIVE_SOLID_PLUS_0P5MM_ACTUAL_SAMPLES,0.5,1.0,False
SWEEP-0059,RIGHT_COUPLING_SLEEVE_SAMPLE,UNIT_REMOVAL_ENVELOPE,FULL_SWEEP_SAMPLED,1.0,0.05,0.01,5.0,sampled removal,CadQuery.Shape.intersect+Volume;OCP.BRepExtrema_DistShapeShape,0.0,0,5.0,160.0,-9.0,320.0,165.0,-9.0,320.0,CLEAR,PASS,,CONTINUOUS_CONSERVATIVE_SOLID_PLUS_0P5MM_ACTUAL_SAMPLES,0.5,1.0,False
SWEEP-0060,RIGHT_COUPLING_SLEEVE_SAMPLE,RIGHT_UNIT_INPUT_SUPPORT,FULL_SWEEP_SAMPLED,1.0,0.05,0.01,5.0,sampled input support,CadQuery.Shape.intersect+Volume;OCP.BRepExtrema_DistShapeShape,0.0,0,15.0,160.0,-9.0,320.0,175.0,-9.0,320.0,CLEAR,PASS,,CONTINUOUS_CONSERVATIVE_SOLID_PLUS_0P5MM_ACTUAL_SAMPLES,0.5,1.0,False
SWEEP-0061,LEFT_COUPLING_SLEEVE_SAMPLE,RIGHT_COUPLING_SLEEVE_SAMPLE,FULL_SWEEP_SAMPLED,1.5,0.05,0.01,5.0,sampled opposite sleeve,CadQuery.Shape.intersect+Volume;OCP.BRepExtrema_DistShapeShape,0.0,0,19.0,150.0,9.5,330.0,150.0,-9.5,330.0,CLEAR,PASS,,CONTINUOUS_CONSERVATIVE_SOLID_PLUS_0P5MM_ACTUAL_SAMPLES,0.5,1.5,False
SWEEP-0062,LEFT_COUPLING_SLEEVE_SAMPLE,RIGHT_PTO_STUB,FULL_SWEEP_SAMPLED,1.5,0.05,0.01,5.0,sampled opposite stub,CadQuery.Shape.intersect+Volume;OCP.BRepExtrema_DistShapeShape,0.0,0,27.506544676,150.0,9.5,325.6,150.0,-18.0,325.0,CLEAR,PASS,,CONTINUOUS_CONSERVATIVE_SOLID_PLUS_0P5MM_ACTUAL_SAMPLES,0.5,1.5,False
SWEEP-0063,LEFT_COUPLING_SLEEVE_SAMPLE,CENTRAL_UNIT_FRAME,FULL_SWEEP_SAMPLED,1.5,0.05,0.01,5.0,sampled central frame,CadQuery.Shape.intersect+Volume;OCP.BRepExtrema_DistShapeShape,0.0,0,40.0,156.0,19.5,328.0,180.0,19.5,360.0,CLEAR,PASS,,CONTINUOUS_CONSERVATIVE_SOLID_PLUS_0P5MM_ACTUAL_SAMPLES,0.5,1.5,False
SWEEP-0064,LEFT_COUPLING_SLEEVE_SAMPLE,CENTRAL_ALIGNMENT_GUIDE_LEFT,FULL_SWEEP_SAMPLED,1.5,0.05,0.01,5.0,sampled own alignment guide,CadQuery.Shape.intersect+Volume;OCP.BRepExtrema_DistShapeShape,0.0,0,5.0,160.0,19.5,320.0,165.0,19.5,320.0,CLEAR,PASS,,CONTINUOUS_CONSERVATIVE_SOLID_PLUS_0P5MM_ACTUAL_SAMPLES,0.5,1.5,False
SWEEP-0065,LEFT_COUPLING_SLEEVE_SAMPLE,CENTRAL_MECHANICAL_LOCK,FULL_SWEEP_SAMPLED,1.5,0.05,0.01,5.0,sampled lock,CadQuery.Shape.intersect+Volume;OCP.BRepExtrema_DistShapeShape,0.0,0,30.459856648,157.661915,16.0,326.426123,181.0,16.0,346.0,CLEAR,PASS,,CONTINUOUS_CONSERVATIVE_SOLID_PLUS_0P5MM_ACTUAL_SAMPLES,0.5,1.5,False
SWEEP-0066,LEFT_COUPLING_SLEEVE_SAMPLE,LEFT_GUARD_FIXED,FULL_SWEEP_SAMPLED,1.5,0.05,0.01,5.0,sampled guard,CadQuery.Shape.intersect+Volume;OCP.BRepExtrema_DistShapeShape,0.0,0,15.787653404,150.0,19.5,330.0,150.0,35.0,333.0,CLEAR,PASS,,CONTINUOUS_CONSERVATIVE_SOLID_PLUS_0P5MM_ACTUAL_SAMPLES,0.5,1.5,False
SWEEP-0067,LEFT_COUPLING_SLEEVE_SAMPLE,WIRING_KEEP_OUT,FULL_SWEEP_SAMPLED,1.5,0.05,0.01,10.0,sampled wiring,CadQuery.Shape.intersect+Volume;OCP.BRepExtrema_DistShapeShape,0.0,0,26.055512755,158.320503,19.5,325.547002,180.0,19.5,340.0,CLEAR,PASS,,CONTINUOUS_CONSERVATIVE_SOLID_PLUS_0P5MM_ACTUAL_SAMPLES,0.5,1.5,False
SWEEP-0068,LEFT_COUPLING_SLEEVE_SAMPLE,UNIT_INSTALLATION_ENVELOPE,FULL_SWEEP_SAMPLED,1.5,0.05,0.01,5.0,sampled insertion,CadQuery.Shape.intersect+Volume;OCP.BRepExtrema_DistShapeShape,0.0,0,5.0,160.0,19.5,320.0,165.0,19.5,320.0,CLEAR,PASS,,CONTINUOUS_CONSERVATIVE_SOLID_PLUS_0P5MM_ACTUAL_SAMPLES,0.5,1.5,False
SWEEP-0069,LEFT_COUPLING_SLEEVE_SAMPLE,UNIT_REMOVAL_ENVELOPE,FULL_SWEEP_SAMPLED,1.5,0.05,0.01,5.0,sampled removal,CadQuery.Shape.intersect+Volume;OCP.BRepExtrema_DistShapeShape,0.0,0,5.0,160.0,19.5,320.0,165.0,19.5,320.0,CLEAR,PASS,,CONTINUOUS_CONSERVATIVE_SOLID_PLUS_0P5MM_ACTUAL_SAMPLES,0.5,1.5,False
SWEEP-0070,LEFT_COUPLING_SLEEVE_SAMPLE,LEFT_UNIT_INPUT_SUPPORT,FULL_SWEEP_SAMPLED,1.5,0.05,0.01,5.0,sampled input support,CadQuery.Shape.intersect+Volume;OCP.BRepExtrema_DistShapeShape,0.0,0,15.0,160.0,19.5,320.0,175.0,19.5,320.0,CLEAR,PASS,,CONTINUOUS_CONSERVATIVE_SOLID_PLUS_0P5MM_ACTUAL_SAMPLES,0.5,1.5,False
SWEEP-0071,RIGHT_COUPLING_SLEEVE_SAMPLE,LEFT_COUPLING_SLEEVE_SAMPLE,FULL_SWEEP_SAMPLED,1.5,0.05,0.01,5.0,sampled opposite sleeve,CadQuery.Shape.intersect+Volume;OCP.BRepExtrema_DistShapeShape,0.0,0,19.0,150.0,-9.5,330.0,150.0,9.5,330.0,CLEAR,PASS,,CONTINUOUS_CONSERVATIVE_SOLID_PLUS_0P5MM_ACTUAL_SAMPLES,0.5,1.5,False
SWEEP-0072,RIGHT_COUPLING_SLEEVE_SAMPLE,LEFT_PTO_STUB,FULL_SWEEP_SAMPLED,1.5,0.05,0.01,5.0,sampled opposite stub,CadQuery.Shape.intersect+Volume;OCP.BRepExtrema_DistShapeShape,0.0,0,27.506544676,150.0,-9.5,325.6,150.0,18.0,325.0,CLEAR,PASS,,CONTINUOUS_CONSERVATIVE_SOLID_PLUS_0P5MM_ACTUAL_SAMPLES,0.5,1.5,False
SWEEP-0073,RIGHT_COUPLING_SLEEVE_SAMPLE,CENTRAL_UNIT_FRAME,FULL_SWEEP_SAMPLED,1.5,0.05,0.01,5.0,sampled central frame,CadQuery.Shape.intersect+Volume;OCP.BRepExtrema_DistShapeShape,0.0,0,40.0,156.0,-9.5,328.0,180.0,-9.5,360.0,CLEAR,PASS,,CONTINUOUS_CONSERVATIVE_SOLID_PLUS_0P5MM_ACTUAL_SAMPLES,0.5,1.5,False
SWEEP-0074,RIGHT_COUPLING_SLEEVE_SAMPLE,CENTRAL_ALIGNMENT_GUIDE_RIGHT,FULL_SWEEP_SAMPLED,1.5,0.05,0.01,5.0,sampled own alignment guide,CadQuery.Shape.intersect+Volume;OCP.BRepExtrema_DistShapeShape,0.0,0,5.0,160.0,-9.5,320.0,165.0,-9.5,320.0,CLEAR,PASS,,CONTINUOUS_CONSERVATIVE_SOLID_PLUS_0P5MM_ACTUAL_SAMPLES,0.5,1.5,False
SWEEP-0075,RIGHT_COUPLING_SLEEVE_SAMPLE,CENTRAL_MECHANICAL_LOCK,FULL_SWEEP_SAMPLED,1.5,0.05,0.01,5.0,sampled lock,CadQuery.Shape.intersect+Volume;OCP.BRepExtrema_DistShapeShape,0.0,0,30.459856648,157.661915,-16.0,326.426123,181.0,-16.0,346.0,CLEAR,PASS,,CONTINUOUS_CONSERVATIVE_SOLID_PLUS_0P5MM_ACTUAL_SAMPLES,0.5,1.5,False
SWEEP-0076,RIGHT_COUPLING_SLEEVE_SAMPLE,RIGHT_GUARD_FIXED,FULL_SWEEP_SAMPLED,1.5,0.05,0.01,5.0,sampled guard,CadQuery.Shape.intersect+Volume;OCP.BRepExtrema_DistShapeShape,0.0,0,15.787653404,150.0,-19.5,330.0,150.0,-35.0,333.0,CLEAR,PASS,,CONTINUOUS_CONSERVATIVE_SOLID_PLUS_0P5MM_ACTUAL_SAMPLES,0.5,1.5,False
SWEEP-0077,RIGHT_COUPLING_SLEEVE_SAMPLE,WIRING_KEEP_OUT,FULL_SWEEP_SAMPLED,1.5,0.05,0.01,10.0,sampled wiring,CadQuery.Shape.intersect+Volume;OCP.BRepExtrema_DistShapeShape,0.0,0,26.055512755,158.320503,-9.5,325.547002,180.0,-9.5,340.0,CLEAR,PASS,,CONTINUOUS_CONSERVATIVE_SOLID_PLUS_0P5MM_ACTUAL_SAMPLES,0.5,1.5,False
SWEEP-0078,RIGHT_COUPLING_SLEEVE_SAMPLE,UNIT_INSTALLATION_ENVELOPE,FULL_SWEEP_SAMPLED,1.5,0.05,0.01,5.0,sampled insertion,CadQuery.Shape.intersect+Volume;OCP.BRepExtrema_DistShapeShape,0.0,0,5.0,160.0,-9.5,320.0,165.0,-9.5,320.0,CLEAR,PASS,,CONTINUOUS_CONSERVATIVE_SOLID_PLUS_0P5MM_ACTUAL_SAMPLES,0.5,1.5,False
SWEEP-0079,RIGHT_COUPLING_SLEEVE_SAMPLE,UNIT_REMOVAL_ENVELOPE,FULL_SWEEP_SAMPLED,1.5,0.05,0.01,5.0,sampled removal,CadQuery.Shape.intersect+Volume;OCP.BRepExtrema_DistShapeShape,0.0,0,5.0,160.0,-9.5,320.0,165.0,-9.5,320.0,CLEAR,PASS,,CONTINUOUS_CONSERVATIVE_SOLID_PLUS_0P5MM_ACTUAL_SAMPLES,0.5,1.5,False
SWEEP-0080,RIGHT_COUPLING_SLEEVE_SAMPLE,RIGHT_UNIT_INPUT_SUPPORT,FULL_SWEEP_SAMPLED,1.5,0.05,0.01,5.0,sampled input support,CadQuery.Shape.intersect+Volume;OCP.BRepExtrema_DistShapeShape,0.0,0,15.0,160.0,-9.5,320.0,175.0,-9.5,320.0,CLEAR,PASS,,CONTINUOUS_CONSERVATIVE_SOLID_PLUS_0P5MM_ACTUAL_SAMPLES,0.5,1.5,False
SWEEP-0081,LEFT_COUPLING_SLEEVE_SAMPLE,RIGHT_COUPLING_SLEEVE_SAMPLE,FULL_SWEEP_SAMPLED,2.0,0.05,0.01,5.0,sampled opposite sleeve,CadQuery.Shape.intersect+Volume;OCP.BRepExtrema_DistShapeShape,0.0,0,20.0,150.0,10.0,330.0,150.0,-10.0,330.0,CLEAR,PASS,,CONTINUOUS_CONSERVATIVE_SOLID_PLUS_0P5MM_ACTUAL_SAMPLES,0.5,2.0,False
SWEEP-0082,LEFT_COUPLING_SLEEVE_SAMPLE,RIGHT_PTO_STUB,FULL_SWEEP_SAMPLED,2.0,0.05,0.01,5.0,sampled opposite stub,CadQuery.Shape.intersect+Volume;OCP.BRepExtrema_DistShapeShape,0.0,0,28.006427834,150.0,10.0,325.6,150.0,-18.0,325.0,CLEAR,PASS,,CONTINUOUS_CONSERVATIVE_SOLID_PLUS_0P5MM_ACTUAL_SAMPLES,0.5,2.0,False
SWEEP-0083,LEFT_COUPLING_SLEEVE_SAMPLE,CENTRAL_UNIT_FRAME,FULL_SWEEP_SAMPLED,2.0,0.05,0.01,5.0,sampled central frame,CadQuery.Shape.intersect+Volume;OCP.BRepExtrema_DistShapeShape,0.0,0,40.0,156.0,20.0,328.0,180.0,20.0,360.0,CLEAR,PASS,,CONTINUOUS_CONSERVATIVE_SOLID_PLUS_0P5MM_ACTUAL_SAMPLES,0.5,2.0,False
SWEEP-0084,LEFT_COUPLING_SLEEVE_SAMPLE,CENTRAL_ALIGNMENT_GUIDE_LEFT,FULL_SWEEP_SAMPLED,2.0,0.05,0.01,5.0,sampled own alignment guide,CadQuery.Shape.intersect+Volume;OCP.BRepExtrema_DistShapeShape,0.0,0,5.0,160.0,20.0,320.0,165.0,20.0,320.0,CLEAR,PASS,,CONTINUOUS_CONSERVATIVE_SOLID_PLUS_0P5MM_ACTUAL_SAMPLES,0.5,2.0,False
SWEEP-0085,LEFT_COUPLING_SLEEVE_SAMPLE,CENTRAL_MECHANICAL_LOCK,FULL_SWEEP_SAMPLED,2.0,0.05,0.01,5.0,sampled lock,CadQuery.Shape.intersect+Volume;OCP.BRepExtrema_DistShapeShape,0.0,0,30.459856648,157.661915,16.0,326.426123,181.0,16.0,346.0,CLEAR,PASS,,CONTINUOUS_CONSERVATIVE_SOLID_PLUS_0P5MM_ACTUAL_SAMPLES,0.5,2.0,False
SWEEP-0086,LEFT_COUPLING_SLEEVE_SAMPLE,LEFT_GUARD_FIXED,FULL_SWEEP_SAMPLED,2.0,0.05,0.01,5.0,sampled guard,CadQuery.Shape.intersect+Volume;OCP.BRepExtrema_DistShapeShape,0.0,0,15.297058541,150.0,20.0,330.0,150.0,35.0,333.0,CLEAR,PASS,,CONTINUOUS_CONSERVATIVE_SOLID_PLUS_0P5MM_ACTUAL_SAMPLES,0.5,2.0,False
SWEEP-0087,LEFT_COUPLING_SLEEVE_SAMPLE,WIRING_KEEP_OUT,FULL_SWEEP_SAMPLED,2.0,0.05,0.01,10.0,sampled wiring,CadQuery.Shape.intersect+Volume;OCP.BRepExtrema_DistShapeShape,0.0,0,26.055512755,158.320503,20.0,325.547002,180.0,20.0,340.0,CLEAR,PASS,,CONTINUOUS_CONSERVATIVE_SOLID_PLUS_0P5MM_ACTUAL_SAMPLES,0.5,2.0,False
SWEEP-0088,LEFT_COUPLING_SLEEVE_SAMPLE,UNIT_INSTALLATION_ENVELOPE,FULL_SWEEP_SAMPLED,2.0,0.05,0.01,5.0,sampled insertion,CadQuery.Shape.intersect+Volume;OCP.BRepExtrema_DistShapeShape,0.0,0,5.0,160.0,20.0,320.0,165.0,20.0,320.0,CLEAR,PASS,,CONTINUOUS_CONSERVATIVE_SOLID_PLUS_0P5MM_ACTUAL_SAMPLES,0.5,2.0,False
SWEEP-0089,LEFT_COUPLING_SLEEVE_SAMPLE,UNIT_REMOVAL_ENVELOPE,FULL_SWEEP_SAMPLED,2.0,0.05,0.01,5.0,sampled removal,CadQuery.Shape.intersect+Volume;OCP.BRepExtrema_DistShapeShape,0.0,0,5.0,160.0,20.0,320.0,165.0,20.0,320.0,CLEAR,PASS,,CONTINUOUS_CONSERVATIVE_SOLID_PLUS_0P5MM_ACTUAL_SAMPLES,0.5,2.0,False
SWEEP-0090,LEFT_COUPLING_SLEEVE_SAMPLE,LEFT_UNIT_INPUT_SUPPORT,FULL_SWEEP_SAMPLED,2.0,0.05,0.01,5.0,sampled input support,CadQuery.Shape.intersect+Volume;OCP.BRepExtrema_DistShapeShape,0.0,0,15.0,160.0,20.0,320.0,175.0,20.0,320.0,CLEAR,PASS,,CONTINUOUS_CONSERVATIVE_SOLID_PLUS_0P5MM_ACTUAL_SAMPLES,0.5,2.0,False
SWEEP-0091,RIGHT_COUPLING_SLEEVE_SAMPLE,LEFT_COUPLING_SLEEVE_SAMPLE,FULL_SWEEP_SAMPLED,2.0,0.05,0.01,5.0,sampled opposite sleeve,CadQuery.Shape.intersect+Volume;OCP.BRepExtrema_DistShapeShape,0.0,0,20.0,150.0,-10.0,330.0,150.0,10.0,330.0,CLEAR,PASS,,CONTINUOUS_CONSERVATIVE_SOLID_PLUS_0P5MM_ACTUAL_SAMPLES,0.5,2.0,False
SWEEP-0092,RIGHT_COUPLING_SLEEVE_SAMPLE,LEFT_PTO_STUB,FULL_SWEEP_SAMPLED,2.0,0.05,0.01,5.0,sampled opposite stub,CadQuery.Shape.intersect+Volume;OCP.BRepExtrema_DistShapeShape,0.0,0,28.006427834,150.0,-10.0,325.6,150.0,18.0,325.0,CLEAR,PASS,,CONTINUOUS_CONSERVATIVE_SOLID_PLUS_0P5MM_ACTUAL_SAMPLES,0.5,2.0,False
SWEEP-0093,RIGHT_COUPLING_SLEEVE_SAMPLE,CENTRAL_UNIT_FRAME,FULL_SWEEP_SAMPLED,2.0,0.05,0.01,5.0,sampled central frame,CadQuery.Shape.intersect+Volume;OCP.BRepExtrema_DistShapeShape,0.0,0,40.0,156.0,-10.0,328.0,180.0,-10.0,360.0,CLEAR,PASS,,CONTINUOUS_CONSERVATIVE_SOLID_PLUS_0P5MM_ACTUAL_SAMPLES,0.5,2.0,False
SWEEP-0094,RIGHT_COUPLING_SLEEVE_SAMPLE,CENTRAL_ALIGNMENT_GUIDE_RIGHT,FULL_SWEEP_SAMPLED,2.0,0.05,0.01,5.0,sampled own alignment guide,CadQuery.Shape.intersect+Volume;OCP.BRepExtrema_DistShapeShape,0.0,0,5.0,160.0,-10.0,320.0,165.0,-10.0,320.0,CLEAR,PASS,,CONTINUOUS_CONSERVATIVE_SOLID_PLUS_0P5MM_ACTUAL_SAMPLES,0.5,2.0,False
SWEEP-0095,RIGHT_COUPLING_SLEEVE_SAMPLE,CENTRAL_MECHANICAL_LOCK,FULL_SWEEP_SAMPLED,2.0,0.05,0.01,5.0,sampled lock,CadQuery.Shape.intersect+Volume;OCP.BRepExtrema_DistShapeShape,0.0,0,30.459856648,157.661915,-16.0,326.426123,181.0,-16.0,346.0,CLEAR,PASS,,CONTINUOUS_CONSERVATIVE_SOLID_PLUS_0P5MM_ACTUAL_SAMPLES,0.5,2.0,False
SWEEP-0096,RIGHT_COUPLING_SLEEVE_SAMPLE,RIGHT_GUARD_FIXED,FULL_SWEEP_SAMPLED,2.0,0.05,0.01,5.0,sampled guard,CadQuery.Shape.intersect+Volume;OCP.BRepExtrema_DistShapeShape,0.0,0,15.297058541,150.0,-20.0,330.0,150.0,-35.0,333.0,CLEAR,PASS,,CONTINUOUS_CONSERVATIVE_SOLID_PLUS_0P5MM_ACTUAL_SAMPLES,0.5,2.0,False
SWEEP-0097,RIGHT_COUPLING_SLEEVE_SAMPLE,WIRING_KEEP_OUT,FULL_SWEEP_SAMPLED,2.0,0.05,0.01,10.0,sampled wiring,CadQuery.Shape.intersect+Volume;OCP.BRepExtrema_DistShapeShape,0.0,0,26.055512755,158.320503,-10.0,325.547002,180.0,-10.0,340.0,CLEAR,PASS,,CONTINUOUS_CONSERVATIVE_SOLID_PLUS_0P5MM_ACTUAL_SAMPLES,0.5,2.0,False
SWEEP-0098,RIGHT_COUPLING_SLEEVE_SAMPLE,UNIT_INSTALLATION_ENVELOPE,FULL_SWEEP_SAMPLED,2.0,0.05,0.01,5.0,sampled insertion,CadQuery.Shape.intersect+Volume;OCP.BRepExtrema_DistShapeShape,0.0,0,5.0,160.0,-10.0,320.0,165.0,-10.0,320.0,CLEAR,PASS,,CONTINUOUS_CONSERVATIVE_SOLID_PLUS_0P5MM_ACTUAL_SAMPLES,0.5,2.0,False
SWEEP-0099,RIGHT_COUPLING_SLEEVE_SAMPLE,UNIT_REMOVAL_ENVELOPE,FULL_SWEEP_SAMPLED,2.0,0.05,0.01,5.0,sampled removal,CadQuery.Shape.intersect+Volume;OCP.BRepExtrema_DistShapeShape,0.0,0,5.0,160.0,-10.0,320.0,165.0,-10.0,320.0,CLEAR,PASS,,CONTINUOUS_CONSERVATIVE_SOLID_PLUS_0P5MM_ACTUAL_SAMPLES,0.5,2.0,False
SWEEP-0100,RIGHT_COUPLING_SLEEVE_SAMPLE,RIGHT_UNIT_INPUT_SUPPORT,FULL_SWEEP_SAMPLED,2.0,0.05,0.01,5.0,sampled input support,CadQuery.Shape.intersect+Volume;OCP.BRepExtrema_DistShapeShape,0.0,0,15.0,160.0,-10.0,320.0,175.0,-10.0,320.0,CLEAR,PASS,,CONTINUOUS_CONSERVATIVE_SOLID_PLUS_0P5MM_ACTUAL_SAMPLES,0.5,2.0,False
SWEEP-0101,LEFT_COUPLING_SLEEVE_SAMPLE,RIGHT_COUPLING_SLEEVE_SAMPLE,FULL_SWEEP_SAMPLED,2.5,0.05,0.01,5.0,sampled opposite sleeve,CadQuery.Shape.intersect+Volume;OCP.BRepExtrema_DistShapeShape,0.0,0,21.0,150.0,10.5,330.0,150.0,-10.5,330.0,CLEAR,PASS,,CONTINUOUS_CONSERVATIVE_SOLID_PLUS_0P5MM_ACTUAL_SAMPLES,0.5,2.5,False
SWEEP-0102,LEFT_COUPLING_SLEEVE_SAMPLE,RIGHT_PTO_STUB,FULL_SWEEP_SAMPLED,2.5,0.05,0.01,5.0,sampled opposite stub,CadQuery.Shape.intersect+Volume;OCP.BRepExtrema_DistShapeShape,0.0,0,28.50631509,150.0,10.5,325.6,150.0,-18.0,325.0,CLEAR,PASS,,CONTINUOUS_CONSERVATIVE_SOLID_PLUS_0P5MM_ACTUAL_SAMPLES,0.5,2.5,False
SWEEP-0103,LEFT_COUPLING_SLEEVE_SAMPLE,CENTRAL_UNIT_FRAME,FULL_SWEEP_SAMPLED,2.5,0.05,0.01,5.0,sampled central frame,CadQuery.Shape.intersect+Volume;OCP.BRepExtrema_DistShapeShape,0.0,0,40.0,156.0,20.5,328.0,180.0,20.5,360.0,CLEAR,PASS,,CONTINUOUS_CONSERVATIVE_SOLID_PLUS_0P5MM_ACTUAL_SAMPLES,0.5,2.5,False
SWEEP-0104,LEFT_COUPLING_SLEEVE_SAMPLE,CENTRAL_ALIGNMENT_GUIDE_LEFT,FULL_SWEEP_SAMPLED,2.5,0.05,0.01,5.0,sampled own alignment guide,CadQuery.Shape.intersect+Volume;OCP.BRepExtrema_DistShapeShape,0.0,0,5.0,160.0,20.5,320.0,165.0,20.5,320.0,CLEAR,PASS,,CONTINUOUS_CONSERVATIVE_SOLID_PLUS_0P5MM_ACTUAL_SAMPLES,0.5,2.5,False
SWEEP-0105,LEFT_COUPLING_SLEEVE_SAMPLE,CENTRAL_MECHANICAL_LOCK,FULL_SWEEP_SAMPLED,2.5,0.05,0.01,5.0,sampled lock,CadQuery.Shape.intersect+Volume;OCP.BRepExtrema_DistShapeShape,0.0,0,30.459856648,157.661915,16.0,326.426123,181.0,16.0,346.0,CLEAR,PASS,,CONTINUOUS_CONSERVATIVE_SOLID_PLUS_0P5MM_ACTUAL_SAMPLES,0.5,2.5,False
SWEEP-0106,LEFT_COUPLING_SLEEVE_SAMPLE,LEFT_GUARD_FIXED,FULL_SWEEP_SAMPLED,2.5,0.05,0.01,5.0,sampled guard,CadQuery.Shape.intersect+Volume;OCP.BRepExtrema_DistShapeShape,0.0,0,14.807092895,150.0,20.5,330.0,150.0,35.0,333.0,CLEAR,PASS,,CONTINUOUS_CONSERVATIVE_SOLID_PLUS_0P5MM_ACTUAL_SAMPLES,0.5,2.5,False
SWEEP-0107,LEFT_COUPLING_SLEEVE_SAMPLE,WIRING_KEEP_OUT,FULL_SWEEP_SAMPLED,2.5,0.05,0.01,10.0,sampled wiring,CadQuery.Shape.intersect+Volume;OCP.BRepExtrema_DistShapeShape,0.0,0,26.055512755,158.320503,20.5,325.547002,180.0,20.5,340.0,CLEAR,PASS,,CONTINUOUS_CONSERVATIVE_SOLID_PLUS_0P5MM_ACTUAL_SAMPLES,0.5,2.5,False
SWEEP-0108,LEFT_COUPLING_SLEEVE_SAMPLE,UNIT_INSTALLATION_ENVELOPE,FULL_SWEEP_SAMPLED,2.5,0.05,0.01,5.0,sampled insertion,CadQuery.Shape.intersect+Volume;OCP.BRepExtrema_DistShapeShape,0.0,0,5.0,160.0,20.5,320.0,165.0,20.5,320.0,CLEAR,PASS,,CONTINUOUS_CONSERVATIVE_SOLID_PLUS_0P5MM_ACTUAL_SAMPLES,0.5,2.5,False
SWEEP-0109,LEFT_COUPLING_SLEEVE_SAMPLE,UNIT_REMOVAL_ENVELOPE,FULL_SWEEP_SAMPLED,2.5,0.05,0.01,5.0,sampled removal,CadQuery.Shape.intersect+Volume;OCP.BRepExtrema_DistShapeShape,0.0,0,5.0,160.0,20.5,320.0,165.0,20.5,320.0,CLEAR,PASS,,CONTINUOUS_CONSERVATIVE_SOLID_PLUS_0P5MM_ACTUAL_SAMPLES,0.5,2.5,False
SWEEP-0110,LEFT_COUPLING_SLEEVE_SAMPLE,LEFT_UNIT_INPUT_SUPPORT,FULL_SWEEP_SAMPLED,2.5,0.05,0.01,5.0,sampled input support,CadQuery.Shape.intersect+Volume;OCP.BRepExtrema_DistShapeShape,0.0,0,15.0,160.0,20.5,320.0,175.0,20.5,320.0,CLEAR,PASS,,CONTINUOUS_CONSERVATIVE_SOLID_PLUS_0P5MM_ACTUAL_SAMPLES,0.5,2.5,False
SWEEP-0111,RIGHT_COUPLING_SLEEVE_SAMPLE,LEFT_COUPLING_SLEEVE_SAMPLE,FULL_SWEEP_SAMPLED,2.5,0.05,0.01,5.0,sampled opposite sleeve,CadQuery.Shape.intersect+Volume;OCP.BRepExtrema_DistShapeShape,0.0,0,21.0,150.0,-10.5,330.0,150.0,10.5,330.0,CLEAR,PASS,,CONTINUOUS_CONSERVATIVE_SOLID_PLUS_0P5MM_ACTUAL_SAMPLES,0.5,2.5,False
SWEEP-0112,RIGHT_COUPLING_SLEEVE_SAMPLE,LEFT_PTO_STUB,FULL_SWEEP_SAMPLED,2.5,0.05,0.01,5.0,sampled opposite stub,CadQuery.Shape.intersect+Volume;OCP.BRepExtrema_DistShapeShape,0.0,0,28.50631509,150.0,-10.5,325.6,150.0,18.0,325.0,CLEAR,PASS,,CONTINUOUS_CONSERVATIVE_SOLID_PLUS_0P5MM_ACTUAL_SAMPLES,0.5,2.5,False
SWEEP-0113,RIGHT_COUPLING_SLEEVE_SAMPLE,CENTRAL_UNIT_FRAME,FULL_SWEEP_SAMPLED,2.5,0.05,0.01,5.0,sampled central frame,CadQuery.Shape.intersect+Volume;OCP.BRepExtrema_DistShapeShape,0.0,0,40.0,156.0,-10.5,328.0,180.0,-10.5,360.0,CLEAR,PASS,,CONTINUOUS_CONSERVATIVE_SOLID_PLUS_0P5MM_ACTUAL_SAMPLES,0.5,2.5,False
SWEEP-0114,RIGHT_COUPLING_SLEEVE_SAMPLE,CENTRAL_ALIGNMENT_GUIDE_RIGHT,FULL_SWEEP_SAMPLED,2.5,0.05,0.01,5.0,sampled own alignment guide,CadQuery.Shape.intersect+Volume;OCP.BRepExtrema_DistShapeShape,0.0,0,5.0,160.0,-10.5,320.0,165.0,-10.5,320.0,CLEAR,PASS,,CONTINUOUS_CONSERVATIVE_SOLID_PLUS_0P5MM_ACTUAL_SAMPLES,0.5,2.5,False
SWEEP-0115,RIGHT_COUPLING_SLEEVE_SAMPLE,CENTRAL_MECHANICAL_LOCK,FULL_SWEEP_SAMPLED,2.5,0.05,0.01,5.0,sampled lock,CadQuery.Shape.intersect+Volume;OCP.BRepExtrema_DistShapeShape,0.0,0,30.459856648,157.661915,-16.0,326.426123,181.0,-16.0,346.0,CLEAR,PASS,,CONTINUOUS_CONSERVATIVE_SOLID_PLUS_0P5MM_ACTUAL_SAMPLES,0.5,2.5,False
SWEEP-0116,RIGHT_COUPLING_SLEEVE_SAMPLE,RIGHT_GUARD_FIXED,FULL_SWEEP_SAMPLED,2.5,0.05,0.01,5.0,sampled guard,CadQuery.Shape.intersect+Volume;OCP.BRepExtrema_DistShapeShape,0.0,0,14.807092895,150.0,-20.5,330.0,150.0,-35.0,333.0,CLEAR,PASS,,CONTINUOUS_CONSERVATIVE_SOLID_PLUS_0P5MM_ACTUAL_SAMPLES,0.5,2.5,False
SWEEP-0117,RIGHT_COUPLING_SLEEVE_SAMPLE,WIRING_KEEP_OUT,FULL_SWEEP_SAMPLED,2.5,0.05,0.01,10.0,sampled wiring,CadQuery.Shape.intersect+Volume;OCP.BRepExtrema_DistShapeShape,0.0,0,26.055512755,158.320503,-10.5,325.547002,180.0,-10.5,340.0,CLEAR,PASS,,CONTINUOUS_CONSERVATIVE_SOLID_PLUS_0P5MM_ACTUAL_SAMPLES,0.5,2.5,False
SWEEP-0118,RIGHT_COUPLING_SLEEVE_SAMPLE,UNIT_INSTALLATION_ENVELOPE,FULL_SWEEP_SAMPLED,2.5,0.05,0.01,5.0,sampled insertion,CadQuery.Shape.intersect+Volume;OCP.BRepExtrema_DistShapeShape,0.0,0,5.0,160.0,-10.5,320.0,165.0,-10.5,320.0,CLEAR,PASS,,CONTINUOUS_CONSERVATIVE_SOLID_PLUS_0P5MM_ACTUAL_SAMPLES,0.5,2.5,False
SWEEP-0119,RIGHT_COUPLING_SLEEVE_SAMPLE,UNIT_REMOVAL_ENVELOPE,FULL_SWEEP_SAMPLED,2.5,0.05,0.01,5.0,sampled removal,CadQuery.Shape.intersect+Volume;OCP.BRepExtrema_DistShapeShape,0.0,0,5.0,160.0,-10.5,320.0,165.0,-10.5,320.0,CLEAR,PASS,,CONTINUOUS_CONSERVATIVE_SOLID_PLUS_0P5MM_ACTUAL_SAMPLES,0.5,2.5,False
SWEEP-0120,RIGHT_COUPLING_SLEEVE_SAMPLE,RIGHT_UNIT_INPUT_SUPPORT,FULL_SWEEP_SAMPLED,2.5,0.05,0.01,5.0,sampled input support,CadQuery.Shape.intersect+Volume;OCP.BRepExtrema_DistShapeShape,0.0,0,15.0,160.0,-10.5,320.0,175.0,-10.5,320.0,CLEAR,PASS,,CONTINUOUS_CONSERVATIVE_SOLID_PLUS_0P5MM_ACTUAL_SAMPLES,0.5,2.5,False
SWEEP-0121,LEFT_COUPLING_SLEEVE_SAMPLE,RIGHT_COUPLING_SLEEVE_SAMPLE,FULL_SWEEP_SAMPLED,3.0,0.05,0.01,5.0,sampled opposite sleeve,CadQuery.Shape.intersect+Volume;OCP.BRepExtrema_DistShapeShape,0.0,0,22.0,150.0,11.0,330.0,150.0,-11.0,330.0,CLEAR,PASS,,CONTINUOUS_CONSERVATIVE_SOLID_PLUS_0P5MM_ACTUAL_SAMPLES,0.5,3.0,False
SWEEP-0122,LEFT_COUPLING_SLEEVE_SAMPLE,RIGHT_PTO_STUB,FULL_SWEEP_SAMPLED,3.0,0.05,0.01,5.0,sampled opposite stub,CadQuery.Shape.intersect+Volume;OCP.BRepExtrema_DistShapeShape,0.0,0,29.006206232,150.0,11.0,325.6,150.0,-18.0,325.0,CLEAR,PASS,,CONTINUOUS_CONSERVATIVE_SOLID_PLUS_0P5MM_ACTUAL_SAMPLES,0.5,3.0,False
SWEEP-0123,LEFT_COUPLING_SLEEVE_SAMPLE,CENTRAL_UNIT_FRAME,FULL_SWEEP_SAMPLED,3.0,0.05,0.01,5.0,sampled central frame,CadQuery.Shape.intersect+Volume;OCP.BRepExtrema_DistShapeShape,0.0,0,40.0,156.0,21.0,328.0,180.0,21.0,360.0,CLEAR,PASS,,CONTINUOUS_CONSERVATIVE_SOLID_PLUS_0P5MM_ACTUAL_SAMPLES,0.5,3.0,False
SWEEP-0124,LEFT_COUPLING_SLEEVE_SAMPLE,CENTRAL_ALIGNMENT_GUIDE_LEFT,FULL_SWEEP_SAMPLED,3.0,0.05,0.01,5.0,sampled own alignment guide,CadQuery.Shape.intersect+Volume;OCP.BRepExtrema_DistShapeShape,0.0,0,5.0,160.0,21.0,320.0,165.0,21.0,320.0,CLEAR,PASS,,CONTINUOUS_CONSERVATIVE_SOLID_PLUS_0P5MM_ACTUAL_SAMPLES,0.5,3.0,False
SWEEP-0125,LEFT_COUPLING_SLEEVE_SAMPLE,CENTRAL_MECHANICAL_LOCK,FULL_SWEEP_SAMPLED,3.0,0.05,0.01,5.0,sampled lock,CadQuery.Shape.intersect+Volume;OCP.BRepExtrema_DistShapeShape,0.0,0,30.459856648,157.661915,16.0,326.426123,181.0,16.0,346.0,CLEAR,PASS,,CONTINUOUS_CONSERVATIVE_SOLID_PLUS_0P5MM_ACTUAL_SAMPLES,0.5,3.0,False
SWEEP-0126,LEFT_COUPLING_SLEEVE_SAMPLE,LEFT_GUARD_FIXED,FULL_SWEEP_SAMPLED,3.0,0.05,0.01,5.0,sampled guard,CadQuery.Shape.intersect+Volume;OCP.BRepExtrema_DistShapeShape,0.0,0,14.317821063,150.0,21.0,330.0,150.0,35.0,333.0,CLEAR,PASS,,CONTINUOUS_CONSERVATIVE_SOLID_PLUS_0P5MM_ACTUAL_SAMPLES,0.5,3.0,False
SWEEP-0127,LEFT_COUPLING_SLEEVE_SAMPLE,WIRING_KEEP_OUT,FULL_SWEEP_SAMPLED,3.0,0.05,0.01,10.0,sampled wiring,CadQuery.Shape.intersect+Volume;OCP.BRepExtrema_DistShapeShape,0.0,0,26.055512755,158.320503,21.0,325.547002,180.0,21.0,340.0,CLEAR,PASS,,CONTINUOUS_CONSERVATIVE_SOLID_PLUS_0P5MM_ACTUAL_SAMPLES,0.5,3.0,False
SWEEP-0128,LEFT_COUPLING_SLEEVE_SAMPLE,UNIT_INSTALLATION_ENVELOPE,FULL_SWEEP_SAMPLED,3.0,0.05,0.01,5.0,sampled insertion,CadQuery.Shape.intersect+Volume;OCP.BRepExtrema_DistShapeShape,0.0,0,5.0,160.0,21.0,320.0,165.0,21.0,320.0,CLEAR,PASS,,CONTINUOUS_CONSERVATIVE_SOLID_PLUS_0P5MM_ACTUAL_SAMPLES,0.5,3.0,False
SWEEP-0129,LEFT_COUPLING_SLEEVE_SAMPLE,UNIT_REMOVAL_ENVELOPE,FULL_SWEEP_SAMPLED,3.0,0.05,0.01,5.0,sampled removal,CadQuery.Shape.intersect+Volume;OCP.BRepExtrema_DistShapeShape,0.0,0,5.0,160.0,21.0,320.0,165.0,21.0,320.0,CLEAR,PASS,,CONTINUOUS_CONSERVATIVE_SOLID_PLUS_0P5MM_ACTUAL_SAMPLES,0.5,3.0,False
SWEEP-0130,LEFT_COUPLING_SLEEVE_SAMPLE,LEFT_UNIT_INPUT_SUPPORT,FULL_SWEEP_SAMPLED,3.0,0.05,0.01,5.0,sampled input support,CadQuery.Shape.intersect+Volume;OCP.BRepExtrema_DistShapeShape,0.0,0,15.0,160.0,21.0,320.0,175.0,21.0,320.0,CLEAR,PASS,,CONTINUOUS_CONSERVATIVE_SOLID_PLUS_0P5MM_ACTUAL_SAMPLES,0.5,3.0,False
SWEEP-0131,RIGHT_COUPLING_SLEEVE_SAMPLE,LEFT_COUPLING_SLEEVE_SAMPLE,FULL_SWEEP_SAMPLED,3.0,0.05,0.01,5.0,sampled opposite sleeve,CadQuery.Shape.intersect+Volume;OCP.BRepExtrema_DistShapeShape,0.0,0,22.0,150.0,-11.0,330.0,150.0,11.0,330.0,CLEAR,PASS,,CONTINUOUS_CONSERVATIVE_SOLID_PLUS_0P5MM_ACTUAL_SAMPLES,0.5,3.0,False
SWEEP-0132,RIGHT_COUPLING_SLEEVE_SAMPLE,LEFT_PTO_STUB,FULL_SWEEP_SAMPLED,3.0,0.05,0.01,5.0,sampled opposite stub,CadQuery.Shape.intersect+Volume;OCP.BRepExtrema_DistShapeShape,0.0,0,29.006206232,150.0,-11.0,325.6,150.0,18.0,325.0,CLEAR,PASS,,CONTINUOUS_CONSERVATIVE_SOLID_PLUS_0P5MM_ACTUAL_SAMPLES,0.5,3.0,False
SWEEP-0133,RIGHT_COUPLING_SLEEVE_SAMPLE,CENTRAL_UNIT_FRAME,FULL_SWEEP_SAMPLED,3.0,0.05,0.01,5.0,sampled central frame,CadQuery.Shape.intersect+Volume;OCP.BRepExtrema_DistShapeShape,0.0,0,40.0,156.0,-11.0,328.0,180.0,-11.0,360.0,CLEAR,PASS,,CONTINUOUS_CONSERVATIVE_SOLID_PLUS_0P5MM_ACTUAL_SAMPLES,0.5,3.0,False
SWEEP-0134,RIGHT_COUPLING_SLEEVE_SAMPLE,CENTRAL_ALIGNMENT_GUIDE_RIGHT,FULL_SWEEP_SAMPLED,3.0,0.05,0.01,5.0,sampled own alignment guide,CadQuery.Shape.intersect+Volume;OCP.BRepExtrema_DistShapeShape,0.0,0,5.0,160.0,-11.0,320.0,165.0,-11.0,320.0,CLEAR,PASS,,CONTINUOUS_CONSERVATIVE_SOLID_PLUS_0P5MM_ACTUAL_SAMPLES,0.5,3.0,False
SWEEP-0135,RIGHT_COUPLING_SLEEVE_SAMPLE,CENTRAL_MECHANICAL_LOCK,FULL_SWEEP_SAMPLED,3.0,0.05,0.01,5.0,sampled lock,CadQuery.Shape.intersect+Volume;OCP.BRepExtrema_DistShapeShape,0.0,0,30.459856648,157.661915,-16.0,326.426123,181.0,-16.0,346.0,CLEAR,PASS,,CONTINUOUS_CONSERVATIVE_SOLID_PLUS_0P5MM_ACTUAL_SAMPLES,0.5,3.0,False
SWEEP-0136,RIGHT_COUPLING_SLEEVE_SAMPLE,RIGHT_GUARD_FIXED,FULL_SWEEP_SAMPLED,3.0,0.05,0.01,5.0,sampled guard,CadQuery.Shape.intersect+Volume;OCP.BRepExtrema_DistShapeShape,0.0,0,14.317821063,150.0,-21.0,330.0,150.0,-35.0,333.0,CLEAR,PASS,,CONTINUOUS_CONSERVATIVE_SOLID_PLUS_0P5MM_ACTUAL_SAMPLES,0.5,3.0,False
SWEEP-0137,RIGHT_COUPLING_SLEEVE_SAMPLE,WIRING_KEEP_OUT,FULL_SWEEP_SAMPLED,3.0,0.05,0.01,10.0,sampled wiring,CadQuery.Shape.intersect+Volume;OCP.BRepExtrema_DistShapeShape,0.0,0,26.055512755,158.320503,-11.0,325.547002,180.0,-11.0,340.0,CLEAR,PASS,,CONTINUOUS_CONSERVATIVE_SOLID_PLUS_0P5MM_ACTUAL_SAMPLES,0.5,3.0,False
SWEEP-0138,RIGHT_COUPLING_SLEEVE_SAMPLE,UNIT_INSTALLATION_ENVELOPE,FULL_SWEEP_SAMPLED,3.0,0.05,0.01,5.0,sampled insertion,CadQuery.Shape.intersect+Volume;OCP.BRepExtrema_DistShapeShape,0.0,0,5.0,160.0,-11.0,320.0,165.0,-11.0,320.0,CLEAR,PASS,,CONTINUOUS_CONSERVATIVE_SOLID_PLUS_0P5MM_ACTUAL_SAMPLES,0.5,3.0,False
SWEEP-0139,RIGHT_COUPLING_SLEEVE_SAMPLE,UNIT_REMOVAL_ENVELOPE,FULL_SWEEP_SAMPLED,3.0,0.05,0.01,5.0,sampled removal,CadQuery.Shape.intersect+Volume;OCP.BRepExtrema_DistShapeShape,0.0,0,5.0,160.0,-11.0,320.0,165.0,-11.0,320.0,CLEAR,PASS,,CONTINUOUS_CONSERVATIVE_SOLID_PLUS_0P5MM_ACTUAL_SAMPLES,0.5,3.0,False
SWEEP-0140,RIGHT_COUPLING_SLEEVE_SAMPLE,RIGHT_UNIT_INPUT_SUPPORT,FULL_SWEEP_SAMPLED,3.0,0.05,0.01,5.0,sampled input support,CadQuery.Shape.intersect+Volume;OCP.BRepExtrema_DistShapeShape,0.0,0,15.0,160.0,-11.0,320.0,175.0,-11.0,320.0,CLEAR,PASS,,CONTINUOUS_CONSERVATIVE_SOLID_PLUS_0P5MM_ACTUAL_SAMPLES,0.5,3.0,False
SWEEP-0141,LEFT_COUPLING_SLEEVE_SAMPLE,RIGHT_COUPLING_SLEEVE_SAMPLE,FULL_SWEEP_SAMPLED,3.5,0.05,0.01,5.0,sampled opposite sleeve,CadQuery.Shape.intersect+Volume;OCP.BRepExtrema_DistShapeShape,0.0,0,23.0,150.0,11.5,330.0,150.0,-11.5,330.0,CLEAR,PASS,,CONTINUOUS_CONSERVATIVE_SOLID_PLUS_0P5MM_ACTUAL_SAMPLES,0.5,3.5,False
SWEEP-0142,LEFT_COUPLING_SLEEVE_SAMPLE,RIGHT_PTO_STUB,FULL_SWEEP_SAMPLED,3.5,0.05,0.01,5.0,sampled opposite stub,CadQuery.Shape.intersect+Volume;OCP.BRepExtrema_DistShapeShape,0.0,0,29.506101064,150.0,11.5,325.6,150.0,-18.0,325.0,CLEAR,PASS,,CONTINUOUS_CONSERVATIVE_SOLID_PLUS_0P5MM_ACTUAL_SAMPLES,0.5,3.5,False
SWEEP-0143,LEFT_COUPLING_SLEEVE_SAMPLE,CENTRAL_UNIT_FRAME,FULL_SWEEP_SAMPLED,3.5,0.05,0.01,5.0,sampled central frame,CadQuery.Shape.intersect+Volume;OCP.BRepExtrema_DistShapeShape,0.0,0,40.0,156.0,21.5,328.0,180.0,21.5,360.0,CLEAR,PASS,,CONTINUOUS_CONSERVATIVE_SOLID_PLUS_0P5MM_ACTUAL_SAMPLES,0.5,3.5,False
SWEEP-0144,LEFT_COUPLING_SLEEVE_SAMPLE,CENTRAL_ALIGNMENT_GUIDE_LEFT,FULL_SWEEP_SAMPLED,3.5,0.05,0.01,5.0,sampled own alignment guide,CadQuery.Shape.intersect+Volume;OCP.BRepExtrema_DistShapeShape,0.0,0,5.0,160.0,21.5,320.0,165.0,21.5,320.0,CLEAR,PASS,,CONTINUOUS_CONSERVATIVE_SOLID_PLUS_0P5MM_ACTUAL_SAMPLES,0.5,3.5,False
SWEEP-0145,LEFT_COUPLING_SLEEVE_SAMPLE,CENTRAL_MECHANICAL_LOCK,FULL_SWEEP_SAMPLED,3.5,0.05,0.01,5.0,sampled lock,CadQuery.Shape.intersect+Volume;OCP.BRepExtrema_DistShapeShape,0.0,0,30.459856648,157.661915,16.0,326.426123,181.0,16.0,346.0,CLEAR,PASS,,CONTINUOUS_CONSERVATIVE_SOLID_PLUS_0P5MM_ACTUAL_SAMPLES,0.5,3.5,False
SWEEP-0146,LEFT_COUPLING_SLEEVE_SAMPLE,LEFT_GUARD_FIXED,FULL_SWEEP_SAMPLED,3.5,0.05,0.01,5.0,sampled guard,CadQuery.Shape.intersect+Volume;OCP.BRepExtrema_DistShapeShape,0.0,0,13.829316686,150.0,21.5,330.0,150.0,35.0,333.0,CLEAR,PASS,,CONTINUOUS_CONSERVATIVE_SOLID_PLUS_0P5MM_ACTUAL_SAMPLES,0.5,3.5,False
SWEEP-0147,LEFT_COUPLING_SLEEVE_SAMPLE,WIRING_KEEP_OUT,FULL_SWEEP_SAMPLED,3.5,0.05,0.01,10.0,sampled wiring,CadQuery.Shape.intersect+Volume;OCP.BRepExtrema_DistShapeShape,0.0,0,26.055512755,158.320503,21.5,325.547002,180.0,21.5,340.0,CLEAR,PASS,,CONTINUOUS_CONSERVATIVE_SOLID_PLUS_0P5MM_ACTUAL_SAMPLES,0.5,3.5,False
SWEEP-0148,LEFT_COUPLING_SLEEVE_SAMPLE,UNIT_INSTALLATION_ENVELOPE,FULL_SWEEP_SAMPLED,3.5,0.05,0.01,5.0,sampled insertion,CadQuery.Shape.intersect+Volume;OCP.BRepExtrema_DistShapeShape,0.0,0,5.0,160.0,21.5,320.0,165.0,21.5,320.0,CLEAR,PASS,,CONTINUOUS_CONSERVATIVE_SOLID_PLUS_0P5MM_ACTUAL_SAMPLES,0.5,3.5,False
SWEEP-0149,LEFT_COUPLING_SLEEVE_SAMPLE,UNIT_REMOVAL_ENVELOPE,FULL_SWEEP_SAMPLED,3.5,0.05,0.01,5.0,sampled removal,CadQuery.Shape.intersect+Volume;OCP.BRepExtrema_DistShapeShape,0.0,0,5.0,160.0,21.5,320.0,165.0,21.5,320.0,CLEAR,PASS,,CONTINUOUS_CONSERVATIVE_SOLID_PLUS_0P5MM_ACTUAL_SAMPLES,0.5,3.5,False
SWEEP-0150,LEFT_COUPLING_SLEEVE_SAMPLE,LEFT_UNIT_INPUT_SUPPORT,FULL_SWEEP_SAMPLED,3.5,0.05,0.01,5.0,sampled input support,CadQuery.Shape.intersect+Volume;OCP.BRepExtrema_DistShapeShape,0.0,0,15.0,160.0,21.5,320.0,175.0,21.5,320.0,CLEAR,PASS,,CONTINUOUS_CONSERVATIVE_SOLID_PLUS_0P5MM_ACTUAL_SAMPLES,0.5,3.5,False
SWEEP-0151,RIGHT_COUPLING_SLEEVE_SAMPLE,LEFT_COUPLING_SLEEVE_SAMPLE,FULL_SWEEP_SAMPLED,3.5,0.05,0.01,5.0,sampled opposite sleeve,CadQuery.Shape.intersect+Volume;OCP.BRepExtrema_DistShapeShape,0.0,0,23.0,150.0,-11.5,330.0,150.0,11.5,330.0,CLEAR,PASS,,CONTINUOUS_CONSERVATIVE_SOLID_PLUS_0P5MM_ACTUAL_SAMPLES,0.5,3.5,False
SWEEP-0152,RIGHT_COUPLING_SLEEVE_SAMPLE,LEFT_PTO_STUB,FULL_SWEEP_SAMPLED,3.5,0.05,0.01,5.0,sampled opposite stub,CadQuery.Shape.intersect+Volume;OCP.BRepExtrema_DistShapeShape,0.0,0,29.506101064,150.0,-11.5,325.6,150.0,18.0,325.0,CLEAR,PASS,,CONTINUOUS_CONSERVATIVE_SOLID_PLUS_0P5MM_ACTUAL_SAMPLES,0.5,3.5,False
SWEEP-0153,RIGHT_COUPLING_SLEEVE_SAMPLE,CENTRAL_UNIT_FRAME,FULL_SWEEP_SAMPLED,3.5,0.05,0.01,5.0,sampled central frame,CadQuery.Shape.intersect+Volume;OCP.BRepExtrema_DistShapeShape,0.0,0,40.0,156.0,-11.5,328.0,180.0,-11.5,360.0,CLEAR,PASS,,CONTINUOUS_CONSERVATIVE_SOLID_PLUS_0P5MM_ACTUAL_SAMPLES,0.5,3.5,False
SWEEP-0154,RIGHT_COUPLING_SLEEVE_SAMPLE,CENTRAL_ALIGNMENT_GUIDE_RIGHT,FULL_SWEEP_SAMPLED,3.5,0.05,0.01,5.0,sampled own alignment guide,CadQuery.Shape.intersect+Volume;OCP.BRepExtrema_DistShapeShape,0.0,0,5.0,160.0,-11.5,320.0,165.0,-11.5,320.0,CLEAR,PASS,,CONTINUOUS_CONSERVATIVE_SOLID_PLUS_0P5MM_ACTUAL_SAMPLES,0.5,3.5,False
SWEEP-0155,RIGHT_COUPLING_SLEEVE_SAMPLE,CENTRAL_MECHANICAL_LOCK,FULL_SWEEP_SAMPLED,3.5,0.05,0.01,5.0,sampled lock,CadQuery.Shape.intersect+Volume;OCP.BRepExtrema_DistShapeShape,0.0,0,30.459856648,157.661915,-16.0,326.426123,181.0,-16.0,346.0,CLEAR,PASS,,CONTINUOUS_CONSERVATIVE_SOLID_PLUS_0P5MM_ACTUAL_SAMPLES,0.5,3.5,False
SWEEP-0156,RIGHT_COUPLING_SLEEVE_SAMPLE,RIGHT_GUARD_FIXED,FULL_SWEEP_SAMPLED,3.5,0.05,0.01,5.0,sampled guard,CadQuery.Shape.intersect+Volume;OCP.BRepExtrema_DistShapeShape,0.0,0,13.829316686,150.0,-21.5,330.0,150.0,-35.0,333.0,CLEAR,PASS,,CONTINUOUS_CONSERVATIVE_SOLID_PLUS_0P5MM_ACTUAL_SAMPLES,0.5,3.5,False
SWEEP-0157,RIGHT_COUPLING_SLEEVE_SAMPLE,WIRING_KEEP_OUT,FULL_SWEEP_SAMPLED,3.5,0.05,0.01,10.0,sampled wiring,CadQuery.Shape.intersect+Volume;OCP.BRepExtrema_DistShapeShape,0.0,0,26.055512755,158.320503,-11.5,325.547002,180.0,-11.5,340.0,CLEAR,PASS,,CONTINUOUS_CONSERVATIVE_SOLID_PLUS_0P5MM_ACTUAL_SAMPLES,0.5,3.5,False
SWEEP-0158,RIGHT_COUPLING_SLEEVE_SAMPLE,UNIT_INSTALLATION_ENVELOPE,FULL_SWEEP_SAMPLED,3.5,0.05,0.01,5.0,sampled insertion,CadQuery.Shape.intersect+Volume;OCP.BRepExtrema_DistShapeShape,0.0,0,5.0,160.0,-11.5,320.0,165.0,-11.5,320.0,CLEAR,PASS,,CONTINUOUS_CONSERVATIVE_SOLID_PLUS_0P5MM_ACTUAL_SAMPLES,0.5,3.5,False
SWEEP-0159,RIGHT_COUPLING_SLEEVE_SAMPLE,UNIT_REMOVAL_ENVELOPE,FULL_SWEEP_SAMPLED,3.5,0.05,0.01,5.0,sampled removal,CadQuery.Shape.intersect+Volume;OCP.BRepExtrema_DistShapeShape,0.0,0,5.0,160.0,-11.5,320.0,165.0,-11.5,320.0,CLEAR,PASS,,CONTINUOUS_CONSERVATIVE_SOLID_PLUS_0P5MM_ACTUAL_SAMPLES,0.5,3.5,False
SWEEP-0160,RIGHT_COUPLING_SLEEVE_SAMPLE,RIGHT_UNIT_INPUT_SUPPORT,FULL_SWEEP_SAMPLED,3.5,0.05,0.01,5.0,sampled input support,CadQuery.Shape.intersect+Volume;OCP.BRepExtrema_DistShapeShape,0.0,0,15.0,160.0,-11.5,320.0,175.0,-11.5,320.0,CLEAR,PASS,,CONTINUOUS_CONSERVATIVE_SOLID_PLUS_0P5MM_ACTUAL_SAMPLES,0.5,3.5,False
SWEEP-0161,LEFT_COUPLING_SLEEVE_SAMPLE,RIGHT_COUPLING_SLEEVE_SAMPLE,FULL_SWEEP_SAMPLED,4.0,0.05,0.01,5.0,sampled opposite sleeve,CadQuery.Shape.intersect+Volume;OCP.BRepExtrema_DistShapeShape,0.0,0,24.0,150.0,12.0,330.0,150.0,-12.0,330.0,CLEAR,PASS,,CONTINUOUS_CONSERVATIVE_SOLID_PLUS_0P5MM_ACTUAL_SAMPLES,0.5,4.0,False
SWEEP-0162,LEFT_COUPLING_SLEEVE_SAMPLE,RIGHT_PTO_STUB,FULL_SWEEP_SAMPLED,4.0,0.05,0.01,5.0,sampled opposite stub,CadQuery.Shape.intersect+Volume;OCP.BRepExtrema_DistShapeShape,0.0,0,30.0059994,150.0,12.0,325.6,150.0,-18.0,325.0,CLEAR,PASS,,CONTINUOUS_CONSERVATIVE_SOLID_PLUS_0P5MM_ACTUAL_SAMPLES,0.5,4.0,False
SWEEP-0163,LEFT_COUPLING_SLEEVE_SAMPLE,CENTRAL_UNIT_FRAME,FULL_SWEEP_SAMPLED,4.0,0.05,0.01,5.0,sampled central frame,CadQuery.Shape.intersect+Volume;OCP.BRepExtrema_DistShapeShape,0.0,0,40.0,156.0,22.0,328.0,180.0,22.0,360.0,CLEAR,PASS,,CONTINUOUS_CONSERVATIVE_SOLID_PLUS_0P5MM_ACTUAL_SAMPLES,0.5,4.0,False
SWEEP-0164,LEFT_COUPLING_SLEEVE_SAMPLE,CENTRAL_ALIGNMENT_GUIDE_LEFT,FULL_SWEEP_SAMPLED,4.0,0.05,0.01,5.0,sampled own alignment guide,CadQuery.Shape.intersect+Volume;OCP.BRepExtrema_DistShapeShape,0.0,0,5.0,160.0,22.0,320.0,165.0,22.0,320.0,CLEAR,PASS,,CONTINUOUS_CONSERVATIVE_SOLID_PLUS_0P5MM_ACTUAL_SAMPLES,0.5,4.0,False
SWEEP-0165,LEFT_COUPLING_SLEEVE_SAMPLE,CENTRAL_MECHANICAL_LOCK,FULL_SWEEP_SAMPLED,4.0,0.05,0.01,5.0,sampled lock,CadQuery.Shape.intersect+Volume;OCP.BRepExtrema_DistShapeShape,0.0,0,30.459856648,157.661915,16.0,326.426123,181.0,16.0,346.0,CLEAR,PASS,,CONTINUOUS_CONSERVATIVE_SOLID_PLUS_0P5MM_ACTUAL_SAMPLES,0.5,4.0,False
SWEEP-0166,LEFT_COUPLING_SLEEVE_SAMPLE,LEFT_GUARD_FIXED,FULL_SWEEP_SAMPLED,4.0,0.05,0.01,5.0,sampled guard,CadQuery.Shape.intersect+Volume;OCP.BRepExtrema_DistShapeShape,0.0,0,13.341664064,150.0,22.0,330.0,150.0,35.0,333.0,CLEAR,PASS,,CONTINUOUS_CONSERVATIVE_SOLID_PLUS_0P5MM_ACTUAL_SAMPLES,0.5,4.0,False
SWEEP-0167,LEFT_COUPLING_SLEEVE_SAMPLE,WIRING_KEEP_OUT,FULL_SWEEP_SAMPLED,4.0,0.05,0.01,10.0,sampled wiring,CadQuery.Shape.intersect+Volume;OCP.BRepExtrema_DistShapeShape,0.0,0,26.055512755,158.320503,22.0,325.547002,180.0,22.0,340.0,CLEAR,PASS,,CONTINUOUS_CONSERVATIVE_SOLID_PLUS_0P5MM_ACTUAL_SAMPLES,0.5,4.0,False
SWEEP-0168,LEFT_COUPLING_SLEEVE_SAMPLE,UNIT_INSTALLATION_ENVELOPE,FULL_SWEEP_SAMPLED,4.0,0.05,0.01,5.0,sampled insertion,CadQuery.Shape.intersect+Volume;OCP.BRepExtrema_DistShapeShape,0.0,0,5.0,160.0,22.0,320.0,165.0,22.0,320.0,CLEAR,PASS,,CONTINUOUS_CONSERVATIVE_SOLID_PLUS_0P5MM_ACTUAL_SAMPLES,0.5,4.0,False
SWEEP-0169,LEFT_COUPLING_SLEEVE_SAMPLE,UNIT_REMOVAL_ENVELOPE,FULL_SWEEP_SAMPLED,4.0,0.05,0.01,5.0,sampled removal,CadQuery.Shape.intersect+Volume;OCP.BRepExtrema_DistShapeShape,0.0,0,5.0,160.0,22.0,320.0,165.0,22.0,320.0,CLEAR,PASS,,CONTINUOUS_CONSERVATIVE_SOLID_PLUS_0P5MM_ACTUAL_SAMPLES,0.5,4.0,False
SWEEP-0170,LEFT_COUPLING_SLEEVE_SAMPLE,LEFT_UNIT_INPUT_SUPPORT,FULL_SWEEP_SAMPLED,4.0,0.05,0.01,5.0,sampled input support,CadQuery.Shape.intersect+Volume;OCP.BRepExtrema_DistShapeShape,0.0,0,15.0,160.0,22.0,320.0,175.0,22.0,320.0,CLEAR,PASS,,CONTINUOUS_CONSERVATIVE_SOLID_PLUS_0P5MM_ACTUAL_SAMPLES,0.5,4.0,False
SWEEP-0171,RIGHT_COUPLING_SLEEVE_SAMPLE,LEFT_COUPLING_SLEEVE_SAMPLE,FULL_SWEEP_SAMPLED,4.0,0.05,0.01,5.0,sampled opposite sleeve,CadQuery.Shape.intersect+Volume;OCP.BRepExtrema_DistShapeShape,0.0,0,24.0,150.0,-12.0,330.0,150.0,12.0,330.0,CLEAR,PASS,,CONTINUOUS_CONSERVATIVE_SOLID_PLUS_0P5MM_ACTUAL_SAMPLES,0.5,4.0,False
SWEEP-0172,RIGHT_COUPLING_SLEEVE_SAMPLE,LEFT_PTO_STUB,FULL_SWEEP_SAMPLED,4.0,0.05,0.01,5.0,sampled opposite stub,CadQuery.Shape.intersect+Volume;OCP.BRepExtrema_DistShapeShape,0.0,0,30.0059994,150.0,-12.0,325.6,150.0,18.0,325.0,CLEAR,PASS,,CONTINUOUS_CONSERVATIVE_SOLID_PLUS_0P5MM_ACTUAL_SAMPLES,0.5,4.0,False
SWEEP-0173,RIGHT_COUPLING_SLEEVE_SAMPLE,CENTRAL_UNIT_FRAME,FULL_SWEEP_SAMPLED,4.0,0.05,0.01,5.0,sampled central frame,CadQuery.Shape.intersect+Volume;OCP.BRepExtrema_DistShapeShape,0.0,0,40.0,156.0,-22.0,328.0,180.0,-22.0,360.0,CLEAR,PASS,,CONTINUOUS_CONSERVATIVE_SOLID_PLUS_0P5MM_ACTUAL_SAMPLES,0.5,4.0,False
SWEEP-0174,RIGHT_COUPLING_SLEEVE_SAMPLE,CENTRAL_ALIGNMENT_GUIDE_RIGHT,FULL_SWEEP_SAMPLED,4.0,0.05,0.01,5.0,sampled own alignment guide,CadQuery.Shape.intersect+Volume;OCP.BRepExtrema_DistShapeShape,0.0,0,5.0,160.0,-12.0,320.0,165.0,-12.0,320.0,CLEAR,PASS,,CONTINUOUS_CONSERVATIVE_SOLID_PLUS_0P5MM_ACTUAL_SAMPLES,0.5,4.0,False
SWEEP-0175,RIGHT_COUPLING_SLEEVE_SAMPLE,CENTRAL_MECHANICAL_LOCK,FULL_SWEEP_SAMPLED,4.0,0.05,0.01,5.0,sampled lock,CadQuery.Shape.intersect+Volume;OCP.BRepExtrema_DistShapeShape,0.0,0,30.459856648,157.661915,-16.0,326.426123,181.0,-16.0,346.0,CLEAR,PASS,,CONTINUOUS_CONSERVATIVE_SOLID_PLUS_0P5MM_ACTUAL_SAMPLES,0.5,4.0,False
SWEEP-0176,RIGHT_COUPLING_SLEEVE_SAMPLE,RIGHT_GUARD_FIXED,FULL_SWEEP_SAMPLED,4.0,0.05,0.01,5.0,sampled guard,CadQuery.Shape.intersect+Volume;OCP.BRepExtrema_DistShapeShape,0.0,0,13.341664064,150.0,-22.0,330.0,150.0,-35.0,333.0,CLEAR,PASS,,CONTINUOUS_CONSERVATIVE_SOLID_PLUS_0P5MM_ACTUAL_SAMPLES,0.5,4.0,False
SWEEP-0177,RIGHT_COUPLING_SLEEVE_SAMPLE,WIRING_KEEP_OUT,FULL_SWEEP_SAMPLED,4.0,0.05,0.01,10.0,sampled wiring,CadQuery.Shape.intersect+Volume;OCP.BRepExtrema_DistShapeShape,0.0,0,26.055512755,158.320503,-12.0,325.547002,180.0,-12.0,340.0,CLEAR,PASS,,CONTINUOUS_CONSERVATIVE_SOLID_PLUS_0P5MM_ACTUAL_SAMPLES,0.5,4.0,False
SWEEP-0178,RIGHT_COUPLING_SLEEVE_SAMPLE,UNIT_INSTALLATION_ENVELOPE,FULL_SWEEP_SAMPLED,4.0,0.05,0.01,5.0,sampled insertion,CadQuery.Shape.intersect+Volume;OCP.BRepExtrema_DistShapeShape,0.0,0,5.0,160.0,-12.0,320.0,165.0,-12.0,320.0,CLEAR,PASS,,CONTINUOUS_CONSERVATIVE_SOLID_PLUS_0P5MM_ACTUAL_SAMPLES,0.5,4.0,False
SWEEP-0179,RIGHT_COUPLING_SLEEVE_SAMPLE,UNIT_REMOVAL_ENVELOPE,FULL_SWEEP_SAMPLED,4.0,0.05,0.01,5.0,sampled removal,CadQuery.Shape.intersect+Volume;OCP.BRepExtrema_DistShapeShape,0.0,0,5.0,160.0,-12.0,320.0,165.0,-12.0,320.0,CLEAR,PASS,,CONTINUOUS_CONSERVATIVE_SOLID_PLUS_0P5MM_ACTUAL_SAMPLES,0.5,4.0,False
SWEEP-0180,RIGHT_COUPLING_SLEEVE_SAMPLE,RIGHT_UNIT_INPUT_SUPPORT,FULL_SWEEP_SAMPLED,4.0,0.05,0.01,5.0,sampled input support,CadQuery.Shape.intersect+Volume;OCP.BRepExtrema_DistShapeShape,0.0,0,15.0,160.0,-12.0,320.0,175.0,-12.0,320.0,CLEAR,PASS,,CONTINUOUS_CONSERVATIVE_SOLID_PLUS_0P5MM_ACTUAL_SAMPLES,0.5,4.0,False
SWEEP-0181,LEFT_COUPLING_SLEEVE_SAMPLE,RIGHT_COUPLING_SLEEVE_SAMPLE,FULL_SWEEP_SAMPLED,4.5,0.05,0.01,5.0,sampled opposite sleeve,CadQuery.Shape.intersect+Volume;OCP.BRepExtrema_DistShapeShape,0.0,0,25.0,150.0,12.5,330.0,150.0,-12.5,330.0,CLEAR,PASS,,CONTINUOUS_CONSERVATIVE_SOLID_PLUS_0P5MM_ACTUAL_SAMPLES,0.5,4.5,False
SWEEP-0182,LEFT_COUPLING_SLEEVE_SAMPLE,RIGHT_PTO_STUB,FULL_SWEEP_SAMPLED,4.5,0.05,0.01,5.0,sampled opposite stub,CadQuery.Shape.intersect+Volume;OCP.BRepExtrema_DistShapeShape,0.0,0,30.505901068,150.0,12.5,325.6,150.0,-18.0,325.0,CLEAR,PASS,,CONTINUOUS_CONSERVATIVE_SOLID_PLUS_0P5MM_ACTUAL_SAMPLES,0.5,4.5,False
SWEEP-0183,LEFT_COUPLING_SLEEVE_SAMPLE,CENTRAL_UNIT_FRAME,FULL_SWEEP_SAMPLED,4.5,0.05,0.01,5.0,sampled central frame,CadQuery.Shape.intersect+Volume;OCP.BRepExtrema_DistShapeShape,0.0,0,40.0,156.0,22.0,328.0,180.0,22.0,360.0,CLEAR,PASS,,CONTINUOUS_CONSERVATIVE_SOLID_PLUS_0P5MM_ACTUAL_SAMPLES,0.5,4.5,False
SWEEP-0184,LEFT_COUPLING_SLEEVE_SAMPLE,CENTRAL_ALIGNMENT_GUIDE_LEFT,FULL_SWEEP_SAMPLED,4.5,0.05,0.01,5.0,sampled own alignment guide,CadQuery.Shape.intersect+Volume;OCP.BRepExtrema_DistShapeShape,0.0,0,5.0,160.0,22.5,320.0,165.0,22.5,320.0,CLEAR,PASS,,CONTINUOUS_CONSERVATIVE_SOLID_PLUS_0P5MM_ACTUAL_SAMPLES,0.5,4.5,False
SWEEP-0185,LEFT_COUPLING_SLEEVE_SAMPLE,CENTRAL_MECHANICAL_LOCK,FULL_SWEEP_SAMPLED,4.5,0.05,0.01,5.0,sampled lock,CadQuery.Shape.intersect+Volume;OCP.BRepExtrema_DistShapeShape,0.0,0,30.459856648,157.661915,16.0,326.426123,181.0,16.0,346.0,CLEAR,PASS,,CONTINUOUS_CONSERVATIVE_SOLID_PLUS_0P5MM_ACTUAL_SAMPLES,0.5,4.5,False
SWEEP-0186,LEFT_COUPLING_SLEEVE_SAMPLE,LEFT_GUARD_FIXED,FULL_SWEEP_SAMPLED,4.5,0.05,0.01,5.0,sampled guard,CadQuery.Shape.intersect+Volume;OCP.BRepExtrema_DistShapeShape,0.0,0,12.854960132,150.0,22.5,330.0,150.0,35.0,333.0,CLEAR,PASS,,CONTINUOUS_CONSERVATIVE_SOLID_PLUS_0P5MM_ACTUAL_SAMPLES,0.5,4.5,False
SWEEP-0187,LEFT_COUPLING_SLEEVE_SAMPLE,WIRING_KEEP_OUT,FULL_SWEEP_SAMPLED,4.5,0.05,0.01,10.0,sampled wiring,CadQuery.Shape.intersect+Volume;OCP.BRepExtrema_DistShapeShape,0.0,0,26.055512755,158.320503,22.5,325.547002,180.0,22.5,340.0,CLEAR,PASS,,CONTINUOUS_CONSERVATIVE_SOLID_PLUS_0P5MM_ACTUAL_SAMPLES,0.5,4.5,False
SWEEP-0188,LEFT_COUPLING_SLEEVE_SAMPLE,UNIT_INSTALLATION_ENVELOPE,FULL_SWEEP_SAMPLED,4.5,0.05,0.01,5.0,sampled insertion,CadQuery.Shape.intersect+Volume;OCP.BRepExtrema_DistShapeShape,0.0,0,5.0,160.0,22.5,320.0,165.0,22.5,320.0,CLEAR,PASS,,CONTINUOUS_CONSERVATIVE_SOLID_PLUS_0P5MM_ACTUAL_SAMPLES,0.5,4.5,False
SWEEP-0189,LEFT_COUPLING_SLEEVE_SAMPLE,UNIT_REMOVAL_ENVELOPE,FULL_SWEEP_SAMPLED,4.5,0.05,0.01,5.0,sampled removal,CadQuery.Shape.intersect+Volume;OCP.BRepExtrema_DistShapeShape,0.0,0,5.0,160.0,22.5,320.0,165.0,22.5,320.0,CLEAR,PASS,,CONTINUOUS_CONSERVATIVE_SOLID_PLUS_0P5MM_ACTUAL_SAMPLES,0.5,4.5,False
SWEEP-0190,LEFT_COUPLING_SLEEVE_SAMPLE,LEFT_UNIT_INPUT_SUPPORT,FULL_SWEEP_SAMPLED,4.5,0.05,0.01,5.0,sampled input support,CadQuery.Shape.intersect+Volume;OCP.BRepExtrema_DistShapeShape,0.0,0,15.0,160.0,22.5,320.0,175.0,22.5,320.0,CLEAR,PASS,,CONTINUOUS_CONSERVATIVE_SOLID_PLUS_0P5MM_ACTUAL_SAMPLES,0.5,4.5,False
SWEEP-0191,RIGHT_COUPLING_SLEEVE_SAMPLE,LEFT_COUPLING_SLEEVE_SAMPLE,FULL_SWEEP_SAMPLED,4.5,0.05,0.01,5.0,sampled opposite sleeve,CadQuery.Shape.intersect+Volume;OCP.BRepExtrema_DistShapeShape,0.0,0,25.0,150.0,-12.5,330.0,150.0,12.5,330.0,CLEAR,PASS,,CONTINUOUS_CONSERVATIVE_SOLID_PLUS_0P5MM_ACTUAL_SAMPLES,0.5,4.5,False
SWEEP-0192,RIGHT_COUPLING_SLEEVE_SAMPLE,LEFT_PTO_STUB,FULL_SWEEP_SAMPLED,4.5,0.05,0.01,5.0,sampled opposite stub,CadQuery.Shape.intersect+Volume;OCP.BRepExtrema_DistShapeShape,0.0,0,30.505901068,150.0,-12.5,325.6,150.0,18.0,325.0,CLEAR,PASS,,CONTINUOUS_CONSERVATIVE_SOLID_PLUS_0P5MM_ACTUAL_SAMPLES,0.5,4.5,False
SWEEP-0193,RIGHT_COUPLING_SLEEVE_SAMPLE,CENTRAL_UNIT_FRAME,FULL_SWEEP_SAMPLED,4.5,0.05,0.01,5.0,sampled central frame,CadQuery.Shape.intersect+Volume;OCP.BRepExtrema_DistShapeShape,0.0,0,40.0,156.0,-22.0,328.0,180.0,-22.0,360.0,CLEAR,PASS,,CONTINUOUS_CONSERVATIVE_SOLID_PLUS_0P5MM_ACTUAL_SAMPLES,0.5,4.5,False
SWEEP-0194,RIGHT_COUPLING_SLEEVE_SAMPLE,CENTRAL_ALIGNMENT_GUIDE_RIGHT,FULL_SWEEP_SAMPLED,4.5,0.05,0.01,5.0,sampled own alignment guide,CadQuery.Shape.intersect+Volume;OCP.BRepExtrema_DistShapeShape,0.0,0,5.0,160.0,-12.5,320.0,165.0,-12.5,320.0,CLEAR,PASS,,CONTINUOUS_CONSERVATIVE_SOLID_PLUS_0P5MM_ACTUAL_SAMPLES,0.5,4.5,False
SWEEP-0195,RIGHT_COUPLING_SLEEVE_SAMPLE,CENTRAL_MECHANICAL_LOCK,FULL_SWEEP_SAMPLED,4.5,0.05,0.01,5.0,sampled lock,CadQuery.Shape.intersect+Volume;OCP.BRepExtrema_DistShapeShape,0.0,0,30.459856648,157.661915,-16.0,326.426123,181.0,-16.0,346.0,CLEAR,PASS,,CONTINUOUS_CONSERVATIVE_SOLID_PLUS_0P5MM_ACTUAL_SAMPLES,0.5,4.5,False
SWEEP-0196,RIGHT_COUPLING_SLEEVE_SAMPLE,RIGHT_GUARD_FIXED,FULL_SWEEP_SAMPLED,4.5,0.05,0.01,5.0,sampled guard,CadQuery.Shape.intersect+Volume;OCP.BRepExtrema_DistShapeShape,0.0,0,12.854960132,150.0,-22.5,330.0,150.0,-35.0,333.0,CLEAR,PASS,,CONTINUOUS_CONSERVATIVE_SOLID_PLUS_0P5MM_ACTUAL_SAMPLES,0.5,4.5,False
SWEEP-0197,RIGHT_COUPLING_SLEEVE_SAMPLE,WIRING_KEEP_OUT,FULL_SWEEP_SAMPLED,4.5,0.05,0.01,10.0,sampled wiring,CadQuery.Shape.intersect+Volume;OCP.BRepExtrema_DistShapeShape,0.0,0,26.055512755,158.320503,-12.5,325.547002,180.0,-12.5,340.0,CLEAR,PASS,,CONTINUOUS_CONSERVATIVE_SOLID_PLUS_0P5MM_ACTUAL_SAMPLES,0.5,4.5,False
SWEEP-0198,RIGHT_COUPLING_SLEEVE_SAMPLE,UNIT_INSTALLATION_ENVELOPE,FULL_SWEEP_SAMPLED,4.5,0.05,0.01,5.0,sampled insertion,CadQuery.Shape.intersect+Volume;OCP.BRepExtrema_DistShapeShape,0.0,0,5.0,160.0,-12.5,320.0,165.0,-12.5,320.0,CLEAR,PASS,,CONTINUOUS_CONSERVATIVE_SOLID_PLUS_0P5MM_ACTUAL_SAMPLES,0.5,4.5,False
SWEEP-0199,RIGHT_COUPLING_SLEEVE_SAMPLE,UNIT_REMOVAL_ENVELOPE,FULL_SWEEP_SAMPLED,4.5,0.05,0.01,5.0,sampled removal,CadQuery.Shape.intersect+Volume;OCP.BRepExtrema_DistShapeShape,0.0,0,5.0,160.0,-12.5,320.0,165.0,-12.5,320.0,CLEAR,PASS,,CONTINUOUS_CONSERVATIVE_SOLID_PLUS_0P5MM_ACTUAL_SAMPLES,0.5,4.5,False
SWEEP-0200,RIGHT_COUPLING_SLEEVE_SAMPLE,RIGHT_UNIT_INPUT_SUPPORT,FULL_SWEEP_SAMPLED,4.5,0.05,0.01,5.0,sampled input support,CadQuery.Shape.intersect+Volume;OCP.BRepExtrema_DistShapeShape,0.0,0,15.0,160.0,-12.5,320.0,175.0,-12.5,320.0,CLEAR,PASS,,CONTINUOUS_CONSERVATIVE_SOLID_PLUS_0P5MM_ACTUAL_SAMPLES,0.5,4.5,False
SWEEP-0201,LEFT_COUPLING_SLEEVE_SAMPLE,RIGHT_COUPLING_SLEEVE_SAMPLE,FULL_SWEEP_SAMPLED,5.0,0.05,0.01,5.0,sampled opposite sleeve,CadQuery.Shape.intersect+Volume;OCP.BRepExtrema_DistShapeShape,0.0,0,26.0,150.0,13.0,330.0,150.0,-13.0,330.0,CLEAR,PASS,,CONTINUOUS_CONSERVATIVE_SOLID_PLUS_0P5MM_ACTUAL_SAMPLES,0.5,5.0,False
SWEEP-0202,LEFT_COUPLING_SLEEVE_SAMPLE,RIGHT_PTO_STUB,FULL_SWEEP_SAMPLED,5.0,0.05,0.01,5.0,sampled opposite stub,CadQuery.Shape.intersect+Volume;OCP.BRepExtrema_DistShapeShape,0.0,0,31.005805908,150.0,13.0,325.6,150.0,-18.0,325.0,CLEAR,PASS,,CONTINUOUS_CONSERVATIVE_SOLID_PLUS_0P5MM_ACTUAL_SAMPLES,0.5,5.0,False
SWEEP-0203,LEFT_COUPLING_SLEEVE_SAMPLE,CENTRAL_UNIT_FRAME,FULL_SWEEP_SAMPLED,5.0,0.05,0.01,5.0,sampled central frame,CadQuery.Shape.intersect+Volume;OCP.BRepExtrema_DistShapeShape,0.0,0,40.0,156.0,22.0,328.0,180.0,22.0,360.0,CLEAR,PASS,,CONTINUOUS_CONSERVATIVE_SOLID_PLUS_0P5MM_ACTUAL_SAMPLES,0.5,5.0,False
SWEEP-0204,LEFT_COUPLING_SLEEVE_SAMPLE,CENTRAL_ALIGNMENT_GUIDE_LEFT,FULL_SWEEP_SAMPLED,5.0,0.05,0.01,5.0,sampled own alignment guide,CadQuery.Shape.intersect+Volume;OCP.BRepExtrema_DistShapeShape,0.0,0,5.0,160.0,23.0,320.0,165.0,23.0,320.0,CLEAR,PASS,,CONTINUOUS_CONSERVATIVE_SOLID_PLUS_0P5MM_ACTUAL_SAMPLES,0.5,5.0,False
SWEEP-0205,LEFT_COUPLING_SLEEVE_SAMPLE,CENTRAL_MECHANICAL_LOCK,FULL_SWEEP_SAMPLED,5.0,0.05,0.01,5.0,sampled lock,CadQuery.Shape.intersect+Volume;OCP.BRepExtrema_DistShapeShape,0.0,0,30.459856648,157.661915,16.0,326.426123,181.0,16.0,346.0,CLEAR,PASS,,CONTINUOUS_CONSERVATIVE_SOLID_PLUS_0P5MM_ACTUAL_SAMPLES,0.5,5.0,False
SWEEP-0206,LEFT_COUPLING_SLEEVE_SAMPLE,LEFT_GUARD_FIXED,FULL_SWEEP_SAMPLED,5.0,0.05,0.01,5.0,sampled guard,CadQuery.Shape.intersect+Volume;OCP.BRepExtrema_DistShapeShape,0.0,0,12.369316877,150.0,23.0,330.0,150.0,35.0,333.0,CLEAR,PASS,,CONTINUOUS_CONSERVATIVE_SOLID_PLUS_0P5MM_ACTUAL_SAMPLES,0.5,5.0,False
SWEEP-0207,LEFT_COUPLING_SLEEVE_SAMPLE,WIRING_KEEP_OUT,FULL_SWEEP_SAMPLED,5.0,0.05,0.01,10.0,sampled wiring,CadQuery.Shape.intersect+Volume;OCP.BRepExtrema_DistShapeShape,0.0,0,26.055512755,158.320503,23.0,325.547002,180.0,23.0,340.0,CLEAR,PASS,,CONTINUOUS_CONSERVATIVE_SOLID_PLUS_0P5MM_ACTUAL_SAMPLES,0.5,5.0,False
SWEEP-0208,LEFT_COUPLING_SLEEVE_SAMPLE,UNIT_INSTALLATION_ENVELOPE,FULL_SWEEP_SAMPLED,5.0,0.05,0.01,5.0,sampled insertion,CadQuery.Shape.intersect+Volume;OCP.BRepExtrema_DistShapeShape,0.0,0,5.0,160.0,23.0,320.0,165.0,23.0,320.0,CLEAR,PASS,,CONTINUOUS_CONSERVATIVE_SOLID_PLUS_0P5MM_ACTUAL_SAMPLES,0.5,5.0,False
SWEEP-0209,LEFT_COUPLING_SLEEVE_SAMPLE,UNIT_REMOVAL_ENVELOPE,FULL_SWEEP_SAMPLED,5.0,0.05,0.01,5.0,sampled removal,CadQuery.Shape.intersect+Volume;OCP.BRepExtrema_DistShapeShape,0.0,0,5.0,160.0,23.0,320.0,165.0,23.0,320.0,CLEAR,PASS,,CONTINUOUS_CONSERVATIVE_SOLID_PLUS_0P5MM_ACTUAL_SAMPLES,0.5,5.0,False
SWEEP-0210,LEFT_COUPLING_SLEEVE_SAMPLE,LEFT_UNIT_INPUT_SUPPORT,FULL_SWEEP_SAMPLED,5.0,0.05,0.01,5.0,sampled input support,CadQuery.Shape.intersect+Volume;OCP.BRepExtrema_DistShapeShape,0.0,0,15.0,160.0,23.0,320.0,175.0,23.0,320.0,CLEAR,PASS,,CONTINUOUS_CONSERVATIVE_SOLID_PLUS_0P5MM_ACTUAL_SAMPLES,0.5,5.0,False
SWEEP-0211,RIGHT_COUPLING_SLEEVE_SAMPLE,LEFT_COUPLING_SLEEVE_SAMPLE,FULL_SWEEP_SAMPLED,5.0,0.05,0.01,5.0,sampled opposite sleeve,CadQuery.Shape.intersect+Volume;OCP.BRepExtrema_DistShapeShape,0.0,0,26.0,150.0,-13.0,330.0,150.0,13.0,330.0,CLEAR,PASS,,CONTINUOUS_CONSERVATIVE_SOLID_PLUS_0P5MM_ACTUAL_SAMPLES,0.5,5.0,False
SWEEP-0212,RIGHT_COUPLING_SLEEVE_SAMPLE,LEFT_PTO_STUB,FULL_SWEEP_SAMPLED,5.0,0.05,0.01,5.0,sampled opposite stub,CadQuery.Shape.intersect+Volume;OCP.BRepExtrema_DistShapeShape,0.0,0,31.005805908,150.0,-13.0,325.6,150.0,18.0,325.0,CLEAR,PASS,,CONTINUOUS_CONSERVATIVE_SOLID_PLUS_0P5MM_ACTUAL_SAMPLES,0.5,5.0,False
SWEEP-0213,RIGHT_COUPLING_SLEEVE_SAMPLE,CENTRAL_UNIT_FRAME,FULL_SWEEP_SAMPLED,5.0,0.05,0.01,5.0,sampled central frame,CadQuery.Shape.intersect+Volume;OCP.BRepExtrema_DistShapeShape,0.0,0,40.0,156.0,-22.0,328.0,180.0,-22.0,360.0,CLEAR,PASS,,CONTINUOUS_CONSERVATIVE_SOLID_PLUS_0P5MM_ACTUAL_SAMPLES,0.5,5.0,False
SWEEP-0214,RIGHT_COUPLING_SLEEVE_SAMPLE,CENTRAL_ALIGNMENT_GUIDE_RIGHT,FULL_SWEEP_SAMPLED,5.0,0.05,0.01,5.0,sampled own alignment guide,CadQuery.Shape.intersect+Volume;OCP.BRepExtrema_DistShapeShape,0.0,0,5.0,160.0,-13.0,320.0,165.0,-13.0,320.0,CLEAR,PASS,,CONTINUOUS_CONSERVATIVE_SOLID_PLUS_0P5MM_ACTUAL_SAMPLES,0.5,5.0,False
SWEEP-0215,RIGHT_COUPLING_SLEEVE_SAMPLE,CENTRAL_MECHANICAL_LOCK,FULL_SWEEP_SAMPLED,5.0,0.05,0.01,5.0,sampled lock,CadQuery.Shape.intersect+Volume;OCP.BRepExtrema_DistShapeShape,0.0,0,30.459856648,157.661915,-16.0,326.426123,181.0,-16.0,346.0,CLEAR,PASS,,CONTINUOUS_CONSERVATIVE_SOLID_PLUS_0P5MM_ACTUAL_SAMPLES,0.5,5.0,False
SWEEP-0216,RIGHT_COUPLING_SLEEVE_SAMPLE,RIGHT_GUARD_FIXED,FULL_SWEEP_SAMPLED,5.0,0.05,0.01,5.0,sampled guard,CadQuery.Shape.intersect+Volume;OCP.BRepExtrema_DistShapeShape,0.0,0,12.369316877,150.0,-23.0,330.0,150.0,-35.0,333.0,CLEAR,PASS,,CONTINUOUS_CONSERVATIVE_SOLID_PLUS_0P5MM_ACTUAL_SAMPLES,0.5,5.0,False
SWEEP-0217,RIGHT_COUPLING_SLEEVE_SAMPLE,WIRING_KEEP_OUT,FULL_SWEEP_SAMPLED,5.0,0.05,0.01,10.0,sampled wiring,CadQuery.Shape.intersect+Volume;OCP.BRepExtrema_DistShapeShape,0.0,0,26.055512755,158.320503,-13.0,325.547002,180.0,-13.0,340.0,CLEAR,PASS,,CONTINUOUS_CONSERVATIVE_SOLID_PLUS_0P5MM_ACTUAL_SAMPLES,0.5,5.0,False
SWEEP-0218,RIGHT_COUPLING_SLEEVE_SAMPLE,UNIT_INSTALLATION_ENVELOPE,FULL_SWEEP_SAMPLED,5.0,0.05,0.01,5.0,sampled insertion,CadQuery.Shape.intersect+Volume;OCP.BRepExtrema_DistShapeShape,0.0,0,5.0,160.0,-13.0,320.0,165.0,-13.0,320.0,CLEAR,PASS,,CONTINUOUS_CONSERVATIVE_SOLID_PLUS_0P5MM_ACTUAL_SAMPLES,0.5,5.0,False
SWEEP-0219,RIGHT_COUPLING_SLEEVE_SAMPLE,UNIT_REMOVAL_ENVELOPE,FULL_SWEEP_SAMPLED,5.0,0.05,0.01,5.0,sampled removal,CadQuery.Shape.intersect+Volume;OCP.BRepExtrema_DistShapeShape,0.0,0,5.0,160.0,-13.0,320.0,165.0,-13.0,320.0,CLEAR,PASS,,CONTINUOUS_CONSERVATIVE_SOLID_PLUS_0P5MM_ACTUAL_SAMPLES,0.5,5.0,False
SWEEP-0220,RIGHT_COUPLING_SLEEVE_SAMPLE,RIGHT_UNIT_INPUT_SUPPORT,FULL_SWEEP_SAMPLED,5.0,0.05,0.01,5.0,sampled input support,CadQuery.Shape.intersect+Volume;OCP.BRepExtrema_DistShapeShape,0.0,0,15.0,160.0,-13.0,320.0,175.0,-13.0,320.0,CLEAR,PASS,,CONTINUOUS_CONSERVATIVE_SOLID_PLUS_0P5MM_ACTUAL_SAMPLES,0.5,5.0,False
SWEEP-0221,LEFT_COUPLING_SLEEVE_SAMPLE,RIGHT_COUPLING_SLEEVE_SAMPLE,FULL_SWEEP_SAMPLED,5.5,0.05,0.01,5.0,sampled opposite sleeve,CadQuery.Shape.intersect+Volume;OCP.BRepExtrema_DistShapeShape,0.0,0,27.0,150.0,13.5,330.0,150.0,-13.5,330.0,CLEAR,PASS,,CONTINUOUS_CONSERVATIVE_SOLID_PLUS_0P5MM_ACTUAL_SAMPLES,0.5,5.5,False
SWEEP-0222,LEFT_COUPLING_SLEEVE_SAMPLE,RIGHT_PTO_STUB,FULL_SWEEP_SAMPLED,5.5,0.05,0.01,5.0,sampled opposite stub,CadQuery.Shape.intersect+Volume;OCP.BRepExtrema_DistShapeShape,0.0,0,31.505713768,150.0,13.5,325.6,150.0,-18.0,325.0,CLEAR,PASS,,CONTINUOUS_CONSERVATIVE_SOLID_PLUS_0P5MM_ACTUAL_SAMPLES,0.5,5.5,False
SWEEP-0223,LEFT_COUPLING_SLEEVE_SAMPLE,CENTRAL_UNIT_FRAME,FULL_SWEEP_SAMPLED,5.5,0.05,0.01,5.0,sampled central frame,CadQuery.Shape.intersect+Volume;OCP.BRepExtrema_DistShapeShape,0.0,0,40.0,156.0,22.0,328.0,180.0,22.0,360.0,CLEAR,PASS,,CONTINUOUS_CONSERVATIVE_SOLID_PLUS_0P5MM_ACTUAL_SAMPLES,0.5,5.5,False
SWEEP-0224,LEFT_COUPLING_SLEEVE_SAMPLE,CENTRAL_ALIGNMENT_GUIDE_LEFT,FULL_SWEEP_SAMPLED,5.5,0.05,0.01,5.0,sampled own alignment guide,CadQuery.Shape.intersect+Volume;OCP.BRepExtrema_DistShapeShape,0.0,0,5.0,160.0,23.5,320.0,165.0,23.5,320.0,CLEAR,PASS,,CONTINUOUS_CONSERVATIVE_SOLID_PLUS_0P5MM_ACTUAL_SAMPLES,0.5,5.5,False
SWEEP-0225,LEFT_COUPLING_SLEEVE_SAMPLE,CENTRAL_MECHANICAL_LOCK,FULL_SWEEP_SAMPLED,5.5,0.05,0.01,5.0,sampled lock,CadQuery.Shape.intersect+Volume;OCP.BRepExtrema_DistShapeShape,0.0,0,30.459856648,157.661915,16.0,326.426123,181.0,16.0,346.0,CLEAR,PASS,,CONTINUOUS_CONSERVATIVE_SOLID_PLUS_0P5MM_ACTUAL_SAMPLES,0.5,5.5,False
SWEEP-0226,LEFT_COUPLING_SLEEVE_SAMPLE,LEFT_GUARD_FIXED,FULL_SWEEP_SAMPLED,5.5,0.05,0.01,5.0,sampled guard,CadQuery.Shape.intersect+Volume;OCP.BRepExtrema_DistShapeShape,0.0,0,11.884864324,150.0,23.5,330.0,150.0,35.0,333.0,CLEAR,PASS,,CONTINUOUS_CONSERVATIVE_SOLID_PLUS_0P5MM_ACTUAL_SAMPLES,0.5,5.5,False
SWEEP-0227,LEFT_COUPLING_SLEEVE_SAMPLE,WIRING_KEEP_OUT,FULL_SWEEP_SAMPLED,5.5,0.05,0.01,10.0,sampled wiring,CadQuery.Shape.intersect+Volume;OCP.BRepExtrema_DistShapeShape,0.0,0,26.055512755,158.320503,23.5,325.547002,180.0,23.5,340.0,CLEAR,PASS,,CONTINUOUS_CONSERVATIVE_SOLID_PLUS_0P5MM_ACTUAL_SAMPLES,0.5,5.5,False
SWEEP-0228,LEFT_COUPLING_SLEEVE_SAMPLE,UNIT_INSTALLATION_ENVELOPE,FULL_SWEEP_SAMPLED,5.5,0.05,0.01,5.0,sampled insertion,CadQuery.Shape.intersect+Volume;OCP.BRepExtrema_DistShapeShape,0.0,0,5.0,160.0,23.5,320.0,165.0,23.5,320.0,CLEAR,PASS,,CONTINUOUS_CONSERVATIVE_SOLID_PLUS_0P5MM_ACTUAL_SAMPLES,0.5,5.5,False
SWEEP-0229,LEFT_COUPLING_SLEEVE_SAMPLE,UNIT_REMOVAL_ENVELOPE,FULL_SWEEP_SAMPLED,5.5,0.05,0.01,5.0,sampled removal,CadQuery.Shape.intersect+Volume;OCP.BRepExtrema_DistShapeShape,0.0,0,5.0,160.0,23.5,320.0,165.0,23.5,320.0,CLEAR,PASS,,CONTINUOUS_CONSERVATIVE_SOLID_PLUS_0P5MM_ACTUAL_SAMPLES,0.5,5.5,False
SWEEP-0230,LEFT_COUPLING_SLEEVE_SAMPLE,LEFT_UNIT_INPUT_SUPPORT,FULL_SWEEP_SAMPLED,5.5,0.05,0.01,5.0,sampled input support,CadQuery.Shape.intersect+Volume;OCP.BRepExtrema_DistShapeShape,0.0,0,15.0,160.0,23.5,320.0,175.0,23.5,320.0,CLEAR,PASS,,CONTINUOUS_CONSERVATIVE_SOLID_PLUS_0P5MM_ACTUAL_SAMPLES,0.5,5.5,False
SWEEP-0231,RIGHT_COUPLING_SLEEVE_SAMPLE,LEFT_COUPLING_SLEEVE_SAMPLE,FULL_SWEEP_SAMPLED,5.5,0.05,0.01,5.0,sampled opposite sleeve,CadQuery.Shape.intersect+Volume;OCP.BRepExtrema_DistShapeShape,0.0,0,27.0,150.0,-13.5,330.0,150.0,13.5,330.0,CLEAR,PASS,,CONTINUOUS_CONSERVATIVE_SOLID_PLUS_0P5MM_ACTUAL_SAMPLES,0.5,5.5,False
SWEEP-0232,RIGHT_COUPLING_SLEEVE_SAMPLE,LEFT_PTO_STUB,FULL_SWEEP_SAMPLED,5.5,0.05,0.01,5.0,sampled opposite stub,CadQuery.Shape.intersect+Volume;OCP.BRepExtrema_DistShapeShape,0.0,0,31.505713768,150.0,-13.5,325.6,150.0,18.0,325.0,CLEAR,PASS,,CONTINUOUS_CONSERVATIVE_SOLID_PLUS_0P5MM_ACTUAL_SAMPLES,0.5,5.5,False
SWEEP-0233,RIGHT_COUPLING_SLEEVE_SAMPLE,CENTRAL_UNIT_FRAME,FULL_SWEEP_SAMPLED,5.5,0.05,0.01,5.0,sampled central frame,CadQuery.Shape.intersect+Volume;OCP.BRepExtrema_DistShapeShape,0.0,0,40.0,156.0,-22.0,328.0,180.0,-22.0,360.0,CLEAR,PASS,,CONTINUOUS_CONSERVATIVE_SOLID_PLUS_0P5MM_ACTUAL_SAMPLES,0.5,5.5,False
SWEEP-0234,RIGHT_COUPLING_SLEEVE_SAMPLE,CENTRAL_ALIGNMENT_GUIDE_RIGHT,FULL_SWEEP_SAMPLED,5.5,0.05,0.01,5.0,sampled own alignment guide,CadQuery.Shape.intersect+Volume;OCP.BRepExtrema_DistShapeShape,0.0,0,5.0,160.0,-13.5,320.0,165.0,-13.5,320.0,CLEAR,PASS,,CONTINUOUS_CONSERVATIVE_SOLID_PLUS_0P5MM_ACTUAL_SAMPLES,0.5,5.5,False
SWEEP-0235,RIGHT_COUPLING_SLEEVE_SAMPLE,CENTRAL_MECHANICAL_LOCK,FULL_SWEEP_SAMPLED,5.5,0.05,0.01,5.0,sampled lock,CadQuery.Shape.intersect+Volume;OCP.BRepExtrema_DistShapeShape,0.0,0,30.459856648,157.661915,-16.0,326.426123,181.0,-16.0,346.0,CLEAR,PASS,,CONTINUOUS_CONSERVATIVE_SOLID_PLUS_0P5MM_ACTUAL_SAMPLES,0.5,5.5,False
SWEEP-0236,RIGHT_COUPLING_SLEEVE_SAMPLE,RIGHT_GUARD_FIXED,FULL_SWEEP_SAMPLED,5.5,0.05,0.01,5.0,sampled guard,CadQuery.Shape.intersect+Volume;OCP.BRepExtrema_DistShapeShape,0.0,0,11.884864324,150.0,-23.5,330.0,150.0,-35.0,333.0,CLEAR,PASS,,CONTINUOUS_CONSERVATIVE_SOLID_PLUS_0P5MM_ACTUAL_SAMPLES,0.5,5.5,False
SWEEP-0237,RIGHT_COUPLING_SLEEVE_SAMPLE,WIRING_KEEP_OUT,FULL_SWEEP_SAMPLED,5.5,0.05,0.01,10.0,sampled wiring,CadQuery.Shape.intersect+Volume;OCP.BRepExtrema_DistShapeShape,0.0,0,26.055512755,158.320503,-13.5,325.547002,180.0,-13.5,340.0,CLEAR,PASS,,CONTINUOUS_CONSERVATIVE_SOLID_PLUS_0P5MM_ACTUAL_SAMPLES,0.5,5.5,False
SWEEP-0238,RIGHT_COUPLING_SLEEVE_SAMPLE,UNIT_INSTALLATION_ENVELOPE,FULL_SWEEP_SAMPLED,5.5,0.05,0.01,5.0,sampled insertion,CadQuery.Shape.intersect+Volume;OCP.BRepExtrema_DistShapeShape,0.0,0,5.0,160.0,-13.5,320.0,165.0,-13.5,320.0,CLEAR,PASS,,CONTINUOUS_CONSERVATIVE_SOLID_PLUS_0P5MM_ACTUAL_SAMPLES,0.5,5.5,False
SWEEP-0239,RIGHT_COUPLING_SLEEVE_SAMPLE,UNIT_REMOVAL_ENVELOPE,FULL_SWEEP_SAMPLED,5.5,0.05,0.01,5.0,sampled removal,CadQuery.Shape.intersect+Volume;OCP.BRepExtrema_DistShapeShape,0.0,0,5.0,160.0,-13.5,320.0,165.0,-13.5,320.0,CLEAR,PASS,,CONTINUOUS_CONSERVATIVE_SOLID_PLUS_0P5MM_ACTUAL_SAMPLES,0.5,5.5,False
SWEEP-0240,RIGHT_COUPLING_SLEEVE_SAMPLE,RIGHT_UNIT_INPUT_SUPPORT,FULL_SWEEP_SAMPLED,5.5,0.05,0.01,5.0,sampled input support,CadQuery.Shape.intersect+Volume;OCP.BRepExtrema_DistShapeShape,0.0,0,15.0,160.0,-13.5,320.0,175.0,-13.5,320.0,CLEAR,PASS,,CONTINUOUS_CONSERVATIVE_SOLID_PLUS_0P5MM_ACTUAL_SAMPLES,0.5,5.5,False
SWEEP-0241,LEFT_COUPLING_SLEEVE_SAMPLE,RIGHT_COUPLING_SLEEVE_SAMPLE,FULL_SWEEP_SAMPLED,6.0,0.05,0.01,5.0,sampled opposite sleeve,CadQuery.Shape.intersect+Volume;OCP.BRepExtrema_DistShapeShape,0.0,0,28.0,150.0,14.0,330.0,150.0,-14.0,330.0,CLEAR,PASS,,CONTINUOUS_CONSERVATIVE_SOLID_PLUS_0P5MM_ACTUAL_SAMPLES,0.5,6.0,False
SWEEP-0242,LEFT_COUPLING_SLEEVE_SAMPLE,RIGHT_PTO_STUB,FULL_SWEEP_SAMPLED,6.0,0.05,0.01,5.0,sampled opposite stub,CadQuery.Shape.intersect+Volume;OCP.BRepExtrema_DistShapeShape,0.0,0,32.005624506,150.0,14.0,325.6,150.0,-18.0,325.0,CLEAR,PASS,,CONTINUOUS_CONSERVATIVE_SOLID_PLUS_0P5MM_ACTUAL_SAMPLES,0.5,6.0,False
SWEEP-0243,LEFT_COUPLING_SLEEVE_SAMPLE,CENTRAL_UNIT_FRAME,FULL_SWEEP_SAMPLED,6.0,0.05,0.01,5.0,sampled central frame,CadQuery.Shape.intersect+Volume;OCP.BRepExtrema_DistShapeShape,0.0,0,40.0,156.0,22.0,328.0,180.0,22.0,360.0,CLEAR,PASS,,CONTINUOUS_CONSERVATIVE_SOLID_PLUS_0P5MM_ACTUAL_SAMPLES,0.5,6.0,False
SWEEP-0244,LEFT_COUPLING_SLEEVE_SAMPLE,CENTRAL_ALIGNMENT_GUIDE_LEFT,FULL_SWEEP_SAMPLED,6.0,0.05,0.01,5.0,sampled own alignment guide,CadQuery.Shape.intersect+Volume;OCP.BRepExtrema_DistShapeShape,0.0,0,5.0,160.0,24.0,320.0,165.0,24.0,320.0,CLEAR,PASS,,CONTINUOUS_CONSERVATIVE_SOLID_PLUS_0P5MM_ACTUAL_SAMPLES,0.5,6.0,False
SWEEP-0245,LEFT_COUPLING_SLEEVE_SAMPLE,CENTRAL_MECHANICAL_LOCK,FULL_SWEEP_SAMPLED,6.0,0.05,0.01,5.0,sampled lock,CadQuery.Shape.intersect+Volume;OCP.BRepExtrema_DistShapeShape,0.0,0,30.459856648,157.661915,16.0,326.426123,181.0,16.0,346.0,CLEAR,PASS,,CONTINUOUS_CONSERVATIVE_SOLID_PLUS_0P5MM_ACTUAL_SAMPLES,0.5,6.0,False
SWEEP-0246,LEFT_COUPLING_SLEEVE_SAMPLE,LEFT_GUARD_FIXED,FULL_SWEEP_SAMPLED,6.0,0.05,0.01,5.0,sampled guard,CadQuery.Shape.intersect+Volume;OCP.BRepExtrema_DistShapeShape,0.0,0,11.401754251,150.0,24.0,330.0,150.0,35.0,333.0,CLEAR,PASS,,CONTINUOUS_CONSERVATIVE_SOLID_PLUS_0P5MM_ACTUAL_SAMPLES,0.5,6.0,False
SWEEP-0247,LEFT_COUPLING_SLEEVE_SAMPLE,WIRING_KEEP_OUT,FULL_SWEEP_SAMPLED,6.0,0.05,0.01,10.0,sampled wiring,CadQuery.Shape.intersect+Volume;OCP.BRepExtrema_DistShapeShape,0.0,0,26.055512755,158.320503,24.0,325.547002,180.0,24.0,340.0,CLEAR,PASS,,CONTINUOUS_CONSERVATIVE_SOLID_PLUS_0P5MM_ACTUAL_SAMPLES,0.5,6.0,False
SWEEP-0248,LEFT_COUPLING_SLEEVE_SAMPLE,UNIT_INSTALLATION_ENVELOPE,FULL_SWEEP_SAMPLED,6.0,0.05,0.01,5.0,sampled insertion,CadQuery.Shape.intersect+Volume;OCP.BRepExtrema_DistShapeShape,0.0,0,5.0,160.0,24.0,320.0,165.0,24.0,320.0,CLEAR,PASS,,CONTINUOUS_CONSERVATIVE_SOLID_PLUS_0P5MM_ACTUAL_SAMPLES,0.5,6.0,False
SWEEP-0249,LEFT_COUPLING_SLEEVE_SAMPLE,UNIT_REMOVAL_ENVELOPE,FULL_SWEEP_SAMPLED,6.0,0.05,0.01,5.0,sampled removal,CadQuery.Shape.intersect+Volume;OCP.BRepExtrema_DistShapeShape,0.0,0,5.0,160.0,24.0,320.0,165.0,24.0,320.0,CLEAR,PASS,,CONTINUOUS_CONSERVATIVE_SOLID_PLUS_0P5MM_ACTUAL_SAMPLES,0.5,6.0,False
SWEEP-0250,LEFT_COUPLING_SLEEVE_SAMPLE,LEFT_UNIT_INPUT_SUPPORT,FULL_SWEEP_SAMPLED,6.0,0.05,0.01,5.0,sampled input support,CadQuery.Shape.intersect+Volume;OCP.BRepExtrema_DistShapeShape,0.0,0,15.0,160.0,24.0,320.0,175.0,24.0,320.0,CLEAR,PASS,,CONTINUOUS_CONSERVATIVE_SOLID_PLUS_0P5MM_ACTUAL_SAMPLES,0.5,6.0,False
SWEEP-0251,RIGHT_COUPLING_SLEEVE_SAMPLE,LEFT_COUPLING_SLEEVE_SAMPLE,FULL_SWEEP_SAMPLED,6.0,0.05,0.01,5.0,sampled opposite sleeve,CadQuery.Shape.intersect+Volume;OCP.BRepExtrema_DistShapeShape,0.0,0,28.0,150.0,-14.0,330.0,150.0,14.0,330.0,CLEAR,PASS,,CONTINUOUS_CONSERVATIVE_SOLID_PLUS_0P5MM_ACTUAL_SAMPLES,0.5,6.0,False
SWEEP-0252,RIGHT_COUPLING_SLEEVE_SAMPLE,LEFT_PTO_STUB,FULL_SWEEP_SAMPLED,6.0,0.05,0.01,5.0,sampled opposite stub,CadQuery.Shape.intersect+Volume;OCP.BRepExtrema_DistShapeShape,0.0,0,32.005624506,150.0,-14.0,325.6,150.0,18.0,325.0,CLEAR,PASS,,CONTINUOUS_CONSERVATIVE_SOLID_PLUS_0P5MM_ACTUAL_SAMPLES,0.5,6.0,False
SWEEP-0253,RIGHT_COUPLING_SLEEVE_SAMPLE,CENTRAL_UNIT_FRAME,FULL_SWEEP_SAMPLED,6.0,0.05,0.01,5.0,sampled central frame,CadQuery.Shape.intersect+Volume;OCP.BRepExtrema_DistShapeShape,0.0,0,40.0,156.0,-22.0,328.0,180.0,-22.0,360.0,CLEAR,PASS,,CONTINUOUS_CONSERVATIVE_SOLID_PLUS_0P5MM_ACTUAL_SAMPLES,0.5,6.0,False
SWEEP-0254,RIGHT_COUPLING_SLEEVE_SAMPLE,CENTRAL_ALIGNMENT_GUIDE_RIGHT,FULL_SWEEP_SAMPLED,6.0,0.05,0.01,5.0,sampled own alignment guide,CadQuery.Shape.intersect+Volume;OCP.BRepExtrema_DistShapeShape,0.0,0,5.0,160.0,-14.0,320.0,165.0,-14.0,320.0,CLEAR,PASS,,CONTINUOUS_CONSERVATIVE_SOLID_PLUS_0P5MM_ACTUAL_SAMPLES,0.5,6.0,False
SWEEP-0255,RIGHT_COUPLING_SLEEVE_SAMPLE,CENTRAL_MECHANICAL_LOCK,FULL_SWEEP_SAMPLED,6.0,0.05,0.01,5.0,sampled lock,CadQuery.Shape.intersect+Volume;OCP.BRepExtrema_DistShapeShape,0.0,0,30.459856648,157.661915,-16.0,326.426123,181.0,-16.0,346.0,CLEAR,PASS,,CONTINUOUS_CONSERVATIVE_SOLID_PLUS_0P5MM_ACTUAL_SAMPLES,0.5,6.0,False
SWEEP-0256,RIGHT_COUPLING_SLEEVE_SAMPLE,RIGHT_GUARD_FIXED,FULL_SWEEP_SAMPLED,6.0,0.05,0.01,5.0,sampled guard,CadQuery.Shape.intersect+Volume;OCP.BRepExtrema_DistShapeShape,0.0,0,11.401754251,150.0,-24.0,330.0,150.0,-35.0,333.0,CLEAR,PASS,,CONTINUOUS_CONSERVATIVE_SOLID_PLUS_0P5MM_ACTUAL_SAMPLES,0.5,6.0,False
SWEEP-0257,RIGHT_COUPLING_SLEEVE_SAMPLE,WIRING_KEEP_OUT,FULL_SWEEP_SAMPLED,6.0,0.05,0.01,10.0,sampled wiring,CadQuery.Shape.intersect+Volume;OCP.BRepExtrema_DistShapeShape,0.0,0,26.055512755,158.320503,-14.0,325.547002,180.0,-14.0,340.0,CLEAR,PASS,,CONTINUOUS_CONSERVATIVE_SOLID_PLUS_0P5MM_ACTUAL_SAMPLES,0.5,6.0,False
SWEEP-0258,RIGHT_COUPLING_SLEEVE_SAMPLE,UNIT_INSTALLATION_ENVELOPE,FULL_SWEEP_SAMPLED,6.0,0.05,0.01,5.0,sampled insertion,CadQuery.Shape.intersect+Volume;OCP.BRepExtrema_DistShapeShape,0.0,0,5.0,160.0,-14.0,320.0,165.0,-14.0,320.0,CLEAR,PASS,,CONTINUOUS_CONSERVATIVE_SOLID_PLUS_0P5MM_ACTUAL_SAMPLES,0.5,6.0,False
SWEEP-0259,RIGHT_COUPLING_SLEEVE_SAMPLE,UNIT_REMOVAL_ENVELOPE,FULL_SWEEP_SAMPLED,6.0,0.05,0.01,5.0,sampled removal,CadQuery.Shape.intersect+Volume;OCP.BRepExtrema_DistShapeShape,0.0,0,5.0,160.0,-14.0,320.0,165.0,-14.0,320.0,CLEAR,PASS,,CONTINUOUS_CONSERVATIVE_SOLID_PLUS_0P5MM_ACTUAL_SAMPLES,0.5,6.0,False
SWEEP-0260,RIGHT_COUPLING_SLEEVE_SAMPLE,RIGHT_UNIT_INPUT_SUPPORT,FULL_SWEEP_SAMPLED,6.0,0.05,0.01,5.0,sampled input support,CadQuery.Shape.intersect+Volume;OCP.BRepExtrema_DistShapeShape,0.0,0,15.0,160.0,-24.0,320.0,175.0,-24.0,320.0,CLEAR,PASS,,CONTINUOUS_CONSERVATIVE_SOLID_PLUS_0P5MM_ACTUAL_SAMPLES,0.5,6.0,False
SWEEP-0261,LEFT_COUPLING_SLEEVE_SAMPLE,RIGHT_COUPLING_SLEEVE_SAMPLE,FULL_SWEEP_SAMPLED,6.5,0.05,0.01,5.0,sampled opposite sleeve,CadQuery.Shape.intersect+Volume;OCP.BRepExtrema_DistShapeShape,0.0,0,29.0,150.0,14.5,330.0,150.0,-14.5,330.0,CLEAR,PASS,,CONTINUOUS_CONSERVATIVE_SOLID_PLUS_0P5MM_ACTUAL_SAMPLES,0.5,6.5,False
SWEEP-0262,LEFT_COUPLING_SLEEVE_SAMPLE,RIGHT_PTO_STUB,FULL_SWEEP_SAMPLED,6.5,0.05,0.01,5.0,sampled opposite stub,CadQuery.Shape.intersect+Volume;OCP.BRepExtrema_DistShapeShape,0.0,0,32.50553799,150.0,14.5,325.6,150.0,-18.0,325.0,CLEAR,PASS,,CONTINUOUS_CONSERVATIVE_SOLID_PLUS_0P5MM_ACTUAL_SAMPLES,0.5,6.5,False
SWEEP-0263,LEFT_COUPLING_SLEEVE_SAMPLE,CENTRAL_UNIT_FRAME,FULL_SWEEP_SAMPLED,6.5,0.05,0.01,5.0,sampled central frame,CadQuery.Shape.intersect+Volume;OCP.BRepExtrema_DistShapeShape,0.0,0,40.0,156.0,22.0,328.0,180.0,22.0,360.0,CLEAR,PASS,,CONTINUOUS_CONSERVATIVE_SOLID_PLUS_0P5MM_ACTUAL_SAMPLES,0.5,6.5,False
SWEEP-0264,LEFT_COUPLING_SLEEVE_SAMPLE,CENTRAL_ALIGNMENT_GUIDE_LEFT,FULL_SWEEP_SAMPLED,6.5,0.05,0.01,5.0,sampled own alignment guide,CadQuery.Shape.intersect+Volume;OCP.BRepExtrema_DistShapeShape,0.0,0,5.0,160.0,24.5,320.0,165.0,24.5,320.0,CLEAR,PASS,,CONTINUOUS_CONSERVATIVE_SOLID_PLUS_0P5MM_ACTUAL_SAMPLES,0.5,6.5,False
SWEEP-0265,LEFT_COUPLING_SLEEVE_SAMPLE,CENTRAL_MECHANICAL_LOCK,FULL_SWEEP_SAMPLED,6.5,0.05,0.01,5.0,sampled lock,CadQuery.Shape.intersect+Volume;OCP.BRepExtrema_DistShapeShape,0.0,0,30.459856648,157.661915,16.0,326.426123,181.0,16.0,346.0,CLEAR,PASS,,CONTINUOUS_CONSERVATIVE_SOLID_PLUS_0P5MM_ACTUAL_SAMPLES,0.5,6.5,False
SWEEP-0266,LEFT_COUPLING_SLEEVE_SAMPLE,LEFT_GUARD_FIXED,FULL_SWEEP_SAMPLED,6.5,0.05,0.01,5.0,sampled guard,CadQuery.Shape.intersect+Volume;OCP.BRepExtrema_DistShapeShape,0.0,0,10.920164834,150.0,24.5,330.0,150.0,35.0,333.0,CLEAR,PASS,,CONTINUOUS_CONSERVATIVE_SOLID_PLUS_0P5MM_ACTUAL_SAMPLES,0.5,6.5,False
SWEEP-0267,LEFT_COUPLING_SLEEVE_SAMPLE,WIRING_KEEP_OUT,FULL_SWEEP_SAMPLED,6.5,0.05,0.01,10.0,sampled wiring,CadQuery.Shape.intersect+Volume;OCP.BRepExtrema_DistShapeShape,0.0,0,26.055512755,158.320503,24.5,325.547002,180.0,24.5,340.0,CLEAR,PASS,,CONTINUOUS_CONSERVATIVE_SOLID_PLUS_0P5MM_ACTUAL_SAMPLES,0.5,6.5,False
SWEEP-0268,LEFT_COUPLING_SLEEVE_SAMPLE,UNIT_INSTALLATION_ENVELOPE,FULL_SWEEP_SAMPLED,6.5,0.05,0.01,5.0,sampled insertion,CadQuery.Shape.intersect+Volume;OCP.BRepExtrema_DistShapeShape,0.0,0,5.0,160.0,24.5,320.0,165.0,24.5,320.0,CLEAR,PASS,,CONTINUOUS_CONSERVATIVE_SOLID_PLUS_0P5MM_ACTUAL_SAMPLES,0.5,6.5,False
SWEEP-0269,LEFT_COUPLING_SLEEVE_SAMPLE,UNIT_REMOVAL_ENVELOPE,FULL_SWEEP_SAMPLED,6.5,0.05,0.01,5.0,sampled removal,CadQuery.Shape.intersect+Volume;OCP.BRepExtrema_DistShapeShape,0.0,0,5.0,160.0,24.5,320.0,165.0,24.5,320.0,CLEAR,PASS,,CONTINUOUS_CONSERVATIVE_SOLID_PLUS_0P5MM_ACTUAL_SAMPLES,0.5,6.5,False
SWEEP-0270,LEFT_COUPLING_SLEEVE_SAMPLE,LEFT_UNIT_INPUT_SUPPORT,FULL_SWEEP_SAMPLED,6.5,0.05,0.01,5.0,sampled input support,CadQuery.Shape.intersect+Volume;OCP.BRepExtrema_DistShapeShape,0.0,0,15.0,160.0,14.5,320.0,175.0,14.5,320.0,CLEAR,PASS,,CONTINUOUS_CONSERVATIVE_SOLID_PLUS_0P5MM_ACTUAL_SAMPLES,0.5,6.5,False
SWEEP-0271,RIGHT_COUPLING_SLEEVE_SAMPLE,LEFT_COUPLING_SLEEVE_SAMPLE,FULL_SWEEP_SAMPLED,6.5,0.05,0.01,5.0,sampled opposite sleeve,CadQuery.Shape.intersect+Volume;OCP.BRepExtrema_DistShapeShape,0.0,0,29.0,150.0,-14.5,330.0,150.0,14.5,330.0,CLEAR,PASS,,CONTINUOUS_CONSERVATIVE_SOLID_PLUS_0P5MM_ACTUAL_SAMPLES,0.5,6.5,False
SWEEP-0272,RIGHT_COUPLING_SLEEVE_SAMPLE,LEFT_PTO_STUB,FULL_SWEEP_SAMPLED,6.5,0.05,0.01,5.0,sampled opposite stub,CadQuery.Shape.intersect+Volume;OCP.BRepExtrema_DistShapeShape,0.0,0,32.50553799,150.0,-14.5,325.6,150.0,18.0,325.0,CLEAR,PASS,,CONTINUOUS_CONSERVATIVE_SOLID_PLUS_0P5MM_ACTUAL_SAMPLES,0.5,6.5,False
SWEEP-0273,RIGHT_COUPLING_SLEEVE_SAMPLE,CENTRAL_UNIT_FRAME,FULL_SWEEP_SAMPLED,6.5,0.05,0.01,5.0,sampled central frame,CadQuery.Shape.intersect+Volume;OCP.BRepExtrema_DistShapeShape,0.0,0,40.0,156.0,-22.0,328.0,180.0,-22.0,360.0,CLEAR,PASS,,CONTINUOUS_CONSERVATIVE_SOLID_PLUS_0P5MM_ACTUAL_SAMPLES,0.5,6.5,False
SWEEP-0274,RIGHT_COUPLING_SLEEVE_SAMPLE,CENTRAL_ALIGNMENT_GUIDE_RIGHT,FULL_SWEEP_SAMPLED,6.5,0.05,0.01,5.0,sampled own alignment guide,CadQuery.Shape.intersect+Volume;OCP.BRepExtrema_DistShapeShape,0.0,0,5.0,160.0,-14.5,320.0,165.0,-14.5,320.0,CLEAR,PASS,,CONTINUOUS_CONSERVATIVE_SOLID_PLUS_0P5MM_ACTUAL_SAMPLES,0.5,6.5,False
SWEEP-0275,RIGHT_COUPLING_SLEEVE_SAMPLE,CENTRAL_MECHANICAL_LOCK,FULL_SWEEP_SAMPLED,6.5,0.05,0.01,5.0,sampled lock,CadQuery.Shape.intersect+Volume;OCP.BRepExtrema_DistShapeShape,0.0,0,30.459856648,157.661915,-16.0,326.426123,181.0,-16.0,346.0,CLEAR,PASS,,CONTINUOUS_CONSERVATIVE_SOLID_PLUS_0P5MM_ACTUAL_SAMPLES,0.5,6.5,False
SWEEP-0276,RIGHT_COUPLING_SLEEVE_SAMPLE,RIGHT_GUARD_FIXED,FULL_SWEEP_SAMPLED,6.5,0.05,0.01,5.0,sampled guard,CadQuery.Shape.intersect+Volume;OCP.BRepExtrema_DistShapeShape,0.0,0,10.920164834,150.0,-24.5,330.0,150.0,-35.0,333.0,CLEAR,PASS,,CONTINUOUS_CONSERVATIVE_SOLID_PLUS_0P5MM_ACTUAL_SAMPLES,0.5,6.5,False
SWEEP-0277,RIGHT_COUPLING_SLEEVE_SAMPLE,WIRING_KEEP_OUT,FULL_SWEEP_SAMPLED,6.5,0.05,0.01,10.0,sampled wiring,CadQuery.Shape.intersect+Volume;OCP.BRepExtrema_DistShapeShape,0.0,0,26.055512755,158.320503,-14.5,325.547002,180.0,-14.5,340.0,CLEAR,PASS,,CONTINUOUS_CONSERVATIVE_SOLID_PLUS_0P5MM_ACTUAL_SAMPLES,0.5,6.5,False
SWEEP-0278,RIGHT_COUPLING_SLEEVE_SAMPLE,UNIT_INSTALLATION_ENVELOPE,FULL_SWEEP_SAMPLED,6.5,0.05,0.01,5.0,sampled insertion,CadQuery.Shape.intersect+Volume;OCP.BRepExtrema_DistShapeShape,0.0,0,5.0,160.0,-14.5,320.0,165.0,-14.5,320.0,CLEAR,PASS,,CONTINUOUS_CONSERVATIVE_SOLID_PLUS_0P5MM_ACTUAL_SAMPLES,0.5,6.5,False
SWEEP-0279,RIGHT_COUPLING_SLEEVE_SAMPLE,UNIT_REMOVAL_ENVELOPE,FULL_SWEEP_SAMPLED,6.5,0.05,0.01,5.0,sampled removal,CadQuery.Shape.intersect+Volume;OCP.BRepExtrema_DistShapeShape,0.0,0,5.0,160.0,-14.5,320.0,165.0,-14.5,320.0,CLEAR,PASS,,CONTINUOUS_CONSERVATIVE_SOLID_PLUS_0P5MM_ACTUAL_SAMPLES,0.5,6.5,False
SWEEP-0280,RIGHT_COUPLING_SLEEVE_SAMPLE,RIGHT_UNIT_INPUT_SUPPORT,FULL_SWEEP_SAMPLED,6.5,0.05,0.01,5.0,sampled input support,CadQuery.Shape.intersect+Volume;OCP.BRepExtrema_DistShapeShape,0.0,0,15.0,160.0,-14.5,320.0,175.0,-14.5,320.0,CLEAR,PASS,,CONTINUOUS_CONSERVATIVE_SOLID_PLUS_0P5MM_ACTUAL_SAMPLES,0.5,6.5,False
SWEEP-0281,LEFT_COUPLING_SLEEVE_SAMPLE,RIGHT_COUPLING_SLEEVE_SAMPLE,FULL_SWEEP_SAMPLED,7.0,0.05,0.01,5.0,sampled opposite sleeve,CadQuery.Shape.intersect+Volume;OCP.BRepExtrema_DistShapeShape,0.0,0,30.0,150.0,15.0,330.0,150.0,-15.0,330.0,CLEAR,PASS,,CONTINUOUS_CONSERVATIVE_SOLID_PLUS_0P5MM_ACTUAL_SAMPLES,0.5,7.0,False
SWEEP-0282,LEFT_COUPLING_SLEEVE_SAMPLE,RIGHT_PTO_STUB,FULL_SWEEP_SAMPLED,7.0,0.05,0.01,5.0,sampled opposite stub,CadQuery.Shape.intersect+Volume;OCP.BRepExtrema_DistShapeShape,0.0,0,33.005454095,150.0,15.0,325.6,150.0,-18.0,325.0,CLEAR,PASS,,CONTINUOUS_CONSERVATIVE_SOLID_PLUS_0P5MM_ACTUAL_SAMPLES,0.5,7.0,False
SWEEP-0283,LEFT_COUPLING_SLEEVE_SAMPLE,CENTRAL_UNIT_FRAME,FULL_SWEEP_SAMPLED,7.0,0.05,0.01,5.0,sampled central frame,CadQuery.Shape.intersect+Volume;OCP.BRepExtrema_DistShapeShape,0.0,0,40.0,156.0,22.0,328.0,180.0,22.0,360.0,CLEAR,PASS,,CONTINUOUS_CONSERVATIVE_SOLID_PLUS_0P5MM_ACTUAL_SAMPLES,0.5,7.0,False
SWEEP-0284,LEFT_COUPLING_SLEEVE_SAMPLE,CENTRAL_ALIGNMENT_GUIDE_LEFT,FULL_SWEEP_SAMPLED,7.0,0.05,0.01,5.0,sampled own alignment guide,CadQuery.Shape.intersect+Volume;OCP.BRepExtrema_DistShapeShape,0.0,0,5.0,160.0,25.0,320.0,165.0,25.0,320.0,CLEAR,PASS,,CONTINUOUS_CONSERVATIVE_SOLID_PLUS_0P5MM_ACTUAL_SAMPLES,0.5,7.0,False
SWEEP-0285,LEFT_COUPLING_SLEEVE_SAMPLE,CENTRAL_MECHANICAL_LOCK,FULL_SWEEP_SAMPLED,7.0,0.05,0.01,5.0,sampled lock,CadQuery.Shape.intersect+Volume;OCP.BRepExtrema_DistShapeShape,0.0,0,30.459856648,157.661915,16.0,326.426123,181.0,16.0,346.0,CLEAR,PASS,,CONTINUOUS_CONSERVATIVE_SOLID_PLUS_0P5MM_ACTUAL_SAMPLES,0.5,7.0,False
SWEEP-0286,LEFT_COUPLING_SLEEVE_SAMPLE,LEFT_GUARD_FIXED,FULL_SWEEP_SAMPLED,7.0,0.05,0.01,5.0,sampled guard,CadQuery.Shape.intersect+Volume;OCP.BRepExtrema_DistShapeShape,0.0,0,10.440306509,150.0,25.0,330.0,150.0,35.0,333.0,CLEAR,PASS,,CONTINUOUS_CONSERVATIVE_SOLID_PLUS_0P5MM_ACTUAL_SAMPLES,0.5,7.0,False
SWEEP-0287,LEFT_COUPLING_SLEEVE_SAMPLE,WIRING_KEEP_OUT,FULL_SWEEP_SAMPLED,7.0,0.05,0.01,10.0,sampled wiring,CadQuery.Shape.intersect+Volume;OCP.BRepExtrema_DistShapeShape,0.0,0,26.055512755,158.320503,25.0,325.547002,180.0,25.0,340.0,CLEAR,PASS,,CONTINUOUS_CONSERVATIVE_SOLID_PLUS_0P5MM_ACTUAL_SAMPLES,0.5,7.0,False
SWEEP-0288,LEFT_COUPLING_SLEEVE_SAMPLE,UNIT_INSTALLATION_ENVELOPE,FULL_SWEEP_SAMPLED,7.0,0.05,0.01,5.0,sampled insertion,CadQuery.Shape.intersect+Volume;OCP.BRepExtrema_DistShapeShape,0.0,0,5.0,160.0,25.0,320.0,165.0,25.0,320.0,CLEAR,PASS,,CONTINUOUS_CONSERVATIVE_SOLID_PLUS_0P5MM_ACTUAL_SAMPLES,0.5,7.0,False
SWEEP-0289,LEFT_COUPLING_SLEEVE_SAMPLE,UNIT_REMOVAL_ENVELOPE,FULL_SWEEP_SAMPLED,7.0,0.05,0.01,5.0,sampled removal,CadQuery.Shape.intersect+Volume;OCP.BRepExtrema_DistShapeShape,0.0,0,5.0,160.0,25.0,320.0,165.0,25.0,320.0,CLEAR,PASS,,CONTINUOUS_CONSERVATIVE_SOLID_PLUS_0P5MM_ACTUAL_SAMPLES,0.5,7.0,False
SWEEP-0290,LEFT_COUPLING_SLEEVE_SAMPLE,LEFT_UNIT_INPUT_SUPPORT,FULL_SWEEP_SAMPLED,7.0,0.05,0.01,5.0,sampled input support,CadQuery.Shape.intersect+Volume;OCP.BRepExtrema_DistShapeShape,0.0,0,15.0,160.0,15.0,320.0,175.0,15.0,320.0,CLEAR,PASS,,CONTINUOUS_CONSERVATIVE_SOLID_PLUS_0P5MM_ACTUAL_SAMPLES,0.5,7.0,False
SWEEP-0291,RIGHT_COUPLING_SLEEVE_SAMPLE,LEFT_COUPLING_SLEEVE_SAMPLE,FULL_SWEEP_SAMPLED,7.0,0.05,0.01,5.0,sampled opposite sleeve,CadQuery.Shape.intersect+Volume;OCP.BRepExtrema_DistShapeShape,0.0,0,30.0,150.0,-15.0,330.0,150.0,15.0,330.0,CLEAR,PASS,,CONTINUOUS_CONSERVATIVE_SOLID_PLUS_0P5MM_ACTUAL_SAMPLES,0.5,7.0,False
SWEEP-0292,RIGHT_COUPLING_SLEEVE_SAMPLE,LEFT_PTO_STUB,FULL_SWEEP_SAMPLED,7.0,0.05,0.01,5.0,sampled opposite stub,CadQuery.Shape.intersect+Volume;OCP.BRepExtrema_DistShapeShape,0.0,0,33.005454095,150.0,-15.0,325.6,150.0,18.0,325.0,CLEAR,PASS,,CONTINUOUS_CONSERVATIVE_SOLID_PLUS_0P5MM_ACTUAL_SAMPLES,0.5,7.0,False
SWEEP-0293,RIGHT_COUPLING_SLEEVE_SAMPLE,CENTRAL_UNIT_FRAME,FULL_SWEEP_SAMPLED,7.0,0.05,0.01,5.0,sampled central frame,CadQuery.Shape.intersect+Volume;OCP.BRepExtrema_DistShapeShape,0.0,0,40.0,156.0,-22.0,328.0,180.0,-22.0,360.0,CLEAR,PASS,,CONTINUOUS_CONSERVATIVE_SOLID_PLUS_0P5MM_ACTUAL_SAMPLES,0.5,7.0,False
SWEEP-0294,RIGHT_COUPLING_SLEEVE_SAMPLE,CENTRAL_ALIGNMENT_GUIDE_RIGHT,FULL_SWEEP_SAMPLED,7.0,0.05,0.01,5.0,sampled own alignment guide,CadQuery.Shape.intersect+Volume;OCP.BRepExtrema_DistShapeShape,0.0,0,5.0,160.0,-15.0,320.0,165.0,-15.0,320.0,CLEAR,PASS,,CONTINUOUS_CONSERVATIVE_SOLID_PLUS_0P5MM_ACTUAL_SAMPLES,0.5,7.0,False
SWEEP-0295,RIGHT_COUPLING_SLEEVE_SAMPLE,CENTRAL_MECHANICAL_LOCK,FULL_SWEEP_SAMPLED,7.0,0.05,0.01,5.0,sampled lock,CadQuery.Shape.intersect+Volume;OCP.BRepExtrema_DistShapeShape,0.0,0,30.459856648,157.661915,-16.0,326.426123,181.0,-16.0,346.0,CLEAR,PASS,,CONTINUOUS_CONSERVATIVE_SOLID_PLUS_0P5MM_ACTUAL_SAMPLES,0.5,7.0,False
SWEEP-0296,RIGHT_COUPLING_SLEEVE_SAMPLE,RIGHT_GUARD_FIXED,FULL_SWEEP_SAMPLED,7.0,0.05,0.01,5.0,sampled guard,CadQuery.Shape.intersect+Volume;OCP.BRepExtrema_DistShapeShape,0.0,0,10.440306509,150.0,-25.0,330.0,150.0,-35.0,333.0,CLEAR,PASS,,CONTINUOUS_CONSERVATIVE_SOLID_PLUS_0P5MM_ACTUAL_SAMPLES,0.5,7.0,False
SWEEP-0297,RIGHT_COUPLING_SLEEVE_SAMPLE,WIRING_KEEP_OUT,FULL_SWEEP_SAMPLED,7.0,0.05,0.01,10.0,sampled wiring,CadQuery.Shape.intersect+Volume;OCP.BRepExtrema_DistShapeShape,0.0,0,26.055512755,158.320503,-25.0,325.547002,180.0,-25.0,340.0,CLEAR,PASS,,CONTINUOUS_CONSERVATIVE_SOLID_PLUS_0P5MM_ACTUAL_SAMPLES,0.5,7.0,False
SWEEP-0298,RIGHT_COUPLING_SLEEVE_SAMPLE,UNIT_INSTALLATION_ENVELOPE,FULL_SWEEP_SAMPLED,7.0,0.05,0.01,5.0,sampled insertion,CadQuery.Shape.intersect+Volume;OCP.BRepExtrema_DistShapeShape,0.0,0,5.0,160.0,-25.0,320.0,165.0,-25.0,320.0,CLEAR,PASS,,CONTINUOUS_CONSERVATIVE_SOLID_PLUS_0P5MM_ACTUAL_SAMPLES,0.5,7.0,False
SWEEP-0299,RIGHT_COUPLING_SLEEVE_SAMPLE,UNIT_REMOVAL_ENVELOPE,FULL_SWEEP_SAMPLED,7.0,0.05,0.01,5.0,sampled removal,CadQuery.Shape.intersect+Volume;OCP.BRepExtrema_DistShapeShape,0.0,0,5.0,160.0,-25.0,320.0,165.0,-25.0,320.0,CLEAR,PASS,,CONTINUOUS_CONSERVATIVE_SOLID_PLUS_0P5MM_ACTUAL_SAMPLES,0.5,7.0,False
SWEEP-0300,RIGHT_COUPLING_SLEEVE_SAMPLE,RIGHT_UNIT_INPUT_SUPPORT,FULL_SWEEP_SAMPLED,7.0,0.05,0.01,5.0,sampled input support,CadQuery.Shape.intersect+Volume;OCP.BRepExtrema_DistShapeShape,0.0,0,15.0,160.0,-15.0,320.0,175.0,-15.0,320.0,CLEAR,PASS,,CONTINUOUS_CONSERVATIVE_SOLID_PLUS_0P5MM_ACTUAL_SAMPLES,0.5,7.0,False
SWEEP-0301,LEFT_COUPLING_SLEEVE_SAMPLE,RIGHT_COUPLING_SLEEVE_SAMPLE,FULL_SWEEP_SAMPLED,7.5,0.05,0.01,5.0,sampled opposite sleeve,CadQuery.Shape.intersect+Volume;OCP.BRepExtrema_DistShapeShape,0.0,0,31.0,150.0,15.5,330.0,150.0,-15.5,330.0,CLEAR,PASS,,CONTINUOUS_CONSERVATIVE_SOLID_PLUS_0P5MM_ACTUAL_SAMPLES,0.5,7.5,False
SWEEP-0302,LEFT_COUPLING_SLEEVE_SAMPLE,RIGHT_PTO_STUB,FULL_SWEEP_SAMPLED,7.5,0.05,0.01,5.0,sampled opposite stub,CadQuery.Shape.intersect+Volume;OCP.BRepExtrema_DistShapeShape,0.0,0,33.505372703,150.0,15.5,325.6,150.0,-18.0,325.0,CLEAR,PASS,,CONTINUOUS_CONSERVATIVE_SOLID_PLUS_0P5MM_ACTUAL_SAMPLES,0.5,7.5,False
SWEEP-0303,LEFT_COUPLING_SLEEVE_SAMPLE,CENTRAL_UNIT_FRAME,FULL_SWEEP_SAMPLED,7.5,0.05,0.01,5.0,sampled central frame,CadQuery.Shape.intersect+Volume;OCP.BRepExtrema_DistShapeShape,0.0,0,40.0,156.0,22.0,328.0,180.0,22.0,360.0,CLEAR,PASS,,CONTINUOUS_CONSERVATIVE_SOLID_PLUS_0P5MM_ACTUAL_SAMPLES,0.5,7.5,False
SWEEP-0304,LEFT_COUPLING_SLEEVE_SAMPLE,CENTRAL_ALIGNMENT_GUIDE_LEFT,FULL_SWEEP_SAMPLED,7.5,0.05,0.01,5.0,sampled own alignment guide,CadQuery.Shape.intersect+Volume;OCP.BRepExtrema_DistShapeShape,0.0,0,5.0,160.0,25.5,320.0,165.0,25.5,320.0,CLEAR,PASS,,CONTINUOUS_CONSERVATIVE_SOLID_PLUS_0P5MM_ACTUAL_SAMPLES,0.5,7.5,False
SWEEP-0305,LEFT_COUPLING_SLEEVE_SAMPLE,CENTRAL_MECHANICAL_LOCK,FULL_SWEEP_SAMPLED,7.5,0.05,0.01,5.0,sampled lock,CadQuery.Shape.intersect+Volume;OCP.BRepExtrema_DistShapeShape,0.0,0,30.459856648,157.661915,16.0,326.426123,181.0,16.0,346.0,CLEAR,PASS,,CONTINUOUS_CONSERVATIVE_SOLID_PLUS_0P5MM_ACTUAL_SAMPLES,0.5,7.5,False
SWEEP-0306,LEFT_COUPLING_SLEEVE_SAMPLE,LEFT_GUARD_FIXED,FULL_SWEEP_SAMPLED,7.5,0.05,0.01,5.0,sampled guard,CadQuery.Shape.intersect+Volume;OCP.BRepExtrema_DistShapeShape,0.0,0,9.962429423,150.0,25.5,330.0,150.0,35.0,333.0,CLEAR,PASS,,CONTINUOUS_CONSERVATIVE_SOLID_PLUS_0P5MM_ACTUAL_SAMPLES,0.5,7.5,False
SWEEP-0307,LEFT_COUPLING_SLEEVE_SAMPLE,WIRING_KEEP_OUT,FULL_SWEEP_SAMPLED,7.5,0.05,0.01,10.0,sampled wiring,CadQuery.Shape.intersect+Volume;OCP.BRepExtrema_DistShapeShape,0.0,0,26.055512755,158.320503,25.0,325.547002,180.0,25.0,340.0,CLEAR,PASS,,CONTINUOUS_CONSERVATIVE_SOLID_PLUS_0P5MM_ACTUAL_SAMPLES,0.5,7.5,False
SWEEP-0308,LEFT_COUPLING_SLEEVE_SAMPLE,UNIT_INSTALLATION_ENVELOPE,FULL_SWEEP_SAMPLED,7.5,0.05,0.01,5.0,sampled insertion,CadQuery.Shape.intersect+Volume;OCP.BRepExtrema_DistShapeShape,0.0,0,5.0,160.0,15.5,320.0,165.0,15.5,320.0,CLEAR,PASS,,CONTINUOUS_CONSERVATIVE_SOLID_PLUS_0P5MM_ACTUAL_SAMPLES,0.5,7.5,False
SWEEP-0309,LEFT_COUPLING_SLEEVE_SAMPLE,UNIT_REMOVAL_ENVELOPE,FULL_SWEEP_SAMPLED,7.5,0.05,0.01,5.0,sampled removal,CadQuery.Shape.intersect+Volume;OCP.BRepExtrema_DistShapeShape,0.0,0,5.0,160.0,15.5,320.0,165.0,15.5,320.0,CLEAR,PASS,,CONTINUOUS_CONSERVATIVE_SOLID_PLUS_0P5MM_ACTUAL_SAMPLES,0.5,7.5,False
SWEEP-0310,LEFT_COUPLING_SLEEVE_SAMPLE,LEFT_UNIT_INPUT_SUPPORT,FULL_SWEEP_SAMPLED,7.5,0.05,0.01,5.0,sampled input support,CadQuery.Shape.intersect+Volume;OCP.BRepExtrema_DistShapeShape,0.0,0,15.0,160.0,15.5,320.0,175.0,15.5,320.0,CLEAR,PASS,,CONTINUOUS_CONSERVATIVE_SOLID_PLUS_0P5MM_ACTUAL_SAMPLES,0.5,7.5,False
SWEEP-0311,RIGHT_COUPLING_SLEEVE_SAMPLE,LEFT_COUPLING_SLEEVE_SAMPLE,FULL_SWEEP_SAMPLED,7.5,0.05,0.01,5.0,sampled opposite sleeve,CadQuery.Shape.intersect+Volume;OCP.BRepExtrema_DistShapeShape,0.0,0,31.0,150.0,-15.5,330.0,150.0,15.5,330.0,CLEAR,PASS,,CONTINUOUS_CONSERVATIVE_SOLID_PLUS_0P5MM_ACTUAL_SAMPLES,0.5,7.5,False
SWEEP-0312,RIGHT_COUPLING_SLEEVE_SAMPLE,LEFT_PTO_STUB,FULL_SWEEP_SAMPLED,7.5,0.05,0.01,5.0,sampled opposite stub,CadQuery.Shape.intersect+Volume;OCP.BRepExtrema_DistShapeShape,0.0,0,33.505372703,150.0,-15.5,325.6,150.0,18.0,325.0,CLEAR,PASS,,CONTINUOUS_CONSERVATIVE_SOLID_PLUS_0P5MM_ACTUAL_SAMPLES,0.5,7.5,False
SWEEP-0313,RIGHT_COUPLING_SLEEVE_SAMPLE,CENTRAL_UNIT_FRAME,FULL_SWEEP_SAMPLED,7.5,0.05,0.01,5.0,sampled central frame,CadQuery.Shape.intersect+Volume;OCP.BRepExtrema_DistShapeShape,0.0,0,40.0,156.0,-22.0,328.0,180.0,-22.0,360.0,CLEAR,PASS,,CONTINUOUS_CONSERVATIVE_SOLID_PLUS_0P5MM_ACTUAL_SAMPLES,0.5,7.5,False
SWEEP-0314,RIGHT_COUPLING_SLEEVE_SAMPLE,CENTRAL_ALIGNMENT_GUIDE_RIGHT,FULL_SWEEP_SAMPLED,7.5,0.05,0.01,5.0,sampled own alignment guide,CadQuery.Shape.intersect+Volume;OCP.BRepExtrema_DistShapeShape,0.0,0,5.0,160.0,-15.5,320.0,165.0,-15.5,320.0,CLEAR,PASS,,CONTINUOUS_CONSERVATIVE_SOLID_PLUS_0P5MM_ACTUAL_SAMPLES,0.5,7.5,False
SWEEP-0315,RIGHT_COUPLING_SLEEVE_SAMPLE,CENTRAL_MECHANICAL_LOCK,FULL_SWEEP_SAMPLED,7.5,0.05,0.01,5.0,sampled lock,CadQuery.Shape.intersect+Volume;OCP.BRepExtrema_DistShapeShape,0.0,0,30.459856648,157.661915,-16.0,326.426123,181.0,-16.0,346.0,CLEAR,PASS,,CONTINUOUS_CONSERVATIVE_SOLID_PLUS_0P5MM_ACTUAL_SAMPLES,0.5,7.5,False
SWEEP-0316,RIGHT_COUPLING_SLEEVE_SAMPLE,RIGHT_GUARD_FIXED,FULL_SWEEP_SAMPLED,7.5,0.05,0.01,5.0,sampled guard,CadQuery.Shape.intersect+Volume;OCP.BRepExtrema_DistShapeShape,0.0,0,9.962429423,150.0,-25.5,330.0,150.0,-35.0,333.0,CLEAR,PASS,,CONTINUOUS_CONSERVATIVE_SOLID_PLUS_0P5MM_ACTUAL_SAMPLES,0.5,7.5,False
SWEEP-0317,RIGHT_COUPLING_SLEEVE_SAMPLE,WIRING_KEEP_OUT,FULL_SWEEP_SAMPLED,7.5,0.05,0.01,10.0,sampled wiring,CadQuery.Shape.intersect+Volume;OCP.BRepExtrema_DistShapeShape,0.0,0,26.055512755,158.320503,-25.0,325.547002,180.0,-25.0,340.0,CLEAR,PASS,,CONTINUOUS_CONSERVATIVE_SOLID_PLUS_0P5MM_ACTUAL_SAMPLES,0.5,7.5,False
SWEEP-0318,RIGHT_COUPLING_SLEEVE_SAMPLE,UNIT_INSTALLATION_ENVELOPE,FULL_SWEEP_SAMPLED,7.5,0.05,0.01,5.0,sampled insertion,CadQuery.Shape.intersect+Volume;OCP.BRepExtrema_DistShapeShape,0.0,0,5.0,160.0,-15.5,320.0,165.0,-15.5,320.0,CLEAR,PASS,,CONTINUOUS_CONSERVATIVE_SOLID_PLUS_0P5MM_ACTUAL_SAMPLES,0.5,7.5,False
SWEEP-0319,RIGHT_COUPLING_SLEEVE_SAMPLE,UNIT_REMOVAL_ENVELOPE,FULL_SWEEP_SAMPLED,7.5,0.05,0.01,5.0,sampled removal,CadQuery.Shape.intersect+Volume;OCP.BRepExtrema_DistShapeShape,0.0,0,5.0,160.0,-15.5,320.0,165.0,-15.5,320.0,CLEAR,PASS,,CONTINUOUS_CONSERVATIVE_SOLID_PLUS_0P5MM_ACTUAL_SAMPLES,0.5,7.5,False
SWEEP-0320,RIGHT_COUPLING_SLEEVE_SAMPLE,RIGHT_UNIT_INPUT_SUPPORT,FULL_SWEEP_SAMPLED,7.5,0.05,0.01,5.0,sampled input support,CadQuery.Shape.intersect+Volume;OCP.BRepExtrema_DistShapeShape,0.0,0,15.0,160.0,-15.5,320.0,175.0,-15.5,320.0,CLEAR,PASS,,CONTINUOUS_CONSERVATIVE_SOLID_PLUS_0P5MM_ACTUAL_SAMPLES,0.5,7.5,False
SWEEP-0321,LEFT_COUPLING_SLEEVE_SAMPLE,RIGHT_COUPLING_SLEEVE_SAMPLE,FULL_SWEEP_SAMPLED,8.0,0.05,0.01,5.0,sampled opposite sleeve,CadQuery.Shape.intersect+Volume;OCP.BRepExtrema_DistShapeShape,0.0,0,32.0,150.0,16.0,330.0,150.0,-16.0,330.0,CLEAR,PASS,,CONTINUOUS_CONSERVATIVE_SOLID_PLUS_0P5MM_ACTUAL_SAMPLES,0.5,8.0,True
SWEEP-0322,LEFT_COUPLING_SLEEVE_SAMPLE,RIGHT_PTO_STUB,FULL_SWEEP_SAMPLED,8.0,0.05,0.01,5.0,sampled opposite stub,CadQuery.Shape.intersect+Volume;OCP.BRepExtrema_DistShapeShape,0.0,0,34.005293706,150.0,16.0,325.6,150.0,-18.0,325.0,CLEAR,PASS,,CONTINUOUS_CONSERVATIVE_SOLID_PLUS_0P5MM_ACTUAL_SAMPLES,0.5,8.0,True
SWEEP-0323,LEFT_COUPLING_SLEEVE_SAMPLE,CENTRAL_UNIT_FRAME,FULL_SWEEP_SAMPLED,8.0,0.05,0.01,5.0,sampled central frame,CadQuery.Shape.intersect+Volume;OCP.BRepExtrema_DistShapeShape,0.0,0,40.0,156.0,22.0,328.0,180.0,22.0,360.0,CLEAR,PASS,,CONTINUOUS_CONSERVATIVE_SOLID_PLUS_0P5MM_ACTUAL_SAMPLES,0.5,8.0,True
SWEEP-0324,LEFT_COUPLING_SLEEVE_SAMPLE,CENTRAL_ALIGNMENT_GUIDE_LEFT,FULL_SWEEP_SAMPLED,8.0,0.05,0.01,5.0,sampled own alignment guide,CadQuery.Shape.intersect+Volume;OCP.BRepExtrema_DistShapeShape,0.0,0,5.0,160.0,26.0,320.0,165.0,26.0,320.0,CLEAR,PASS,,CONTINUOUS_CONSERVATIVE_SOLID_PLUS_0P5MM_ACTUAL_SAMPLES,0.5,8.0,True
SWEEP-0325,LEFT_COUPLING_SLEEVE_SAMPLE,CENTRAL_MECHANICAL_LOCK,FULL_SWEEP_SAMPLED,8.0,0.05,0.01,5.0,sampled lock,CadQuery.Shape.intersect+Volume;OCP.BRepExtrema_DistShapeShape,0.0,0,30.459856648,157.661915,16.0,326.426123,181.0,16.0,346.0,CLEAR,PASS,,CONTINUOUS_CONSERVATIVE_SOLID_PLUS_0P5MM_ACTUAL_SAMPLES,0.5,8.0,True
SWEEP-0326,LEFT_COUPLING_SLEEVE_SAMPLE,LEFT_GUARD_FIXED,FULL_SWEEP_SAMPLED,8.0,0.05,0.01,5.0,sampled guard,CadQuery.Shape.intersect+Volume;OCP.BRepExtrema_DistShapeShape,0.0,0,9.486832981,150.0,26.0,330.0,150.0,35.0,333.0,CLEAR,PASS,,CONTINUOUS_CONSERVATIVE_SOLID_PLUS_0P5MM_ACTUAL_SAMPLES,0.5,8.0,True
SWEEP-0327,LEFT_COUPLING_SLEEVE_SAMPLE,WIRING_KEEP_OUT,FULL_SWEEP_SAMPLED,8.0,0.05,0.01,10.0,sampled wiring,CadQuery.Shape.intersect+Volume;OCP.BRepExtrema_DistShapeShape,0.0,0,26.055512755,158.320503,25.0,325.547002,180.0,25.0,340.0,CLEAR,PASS,,CONTINUOUS_CONSERVATIVE_SOLID_PLUS_0P5MM_ACTUAL_SAMPLES,0.5,8.0,True
SWEEP-0328,LEFT_COUPLING_SLEEVE_SAMPLE,UNIT_INSTALLATION_ENVELOPE,FULL_SWEEP_SAMPLED,8.0,0.05,0.01,5.0,sampled insertion,CadQuery.Shape.intersect+Volume;OCP.BRepExtrema_DistShapeShape,0.0,0,5.0,160.0,16.0,320.0,165.0,16.0,320.0,CLEAR,PASS,,CONTINUOUS_CONSERVATIVE_SOLID_PLUS_0P5MM_ACTUAL_SAMPLES,0.5,8.0,True
SWEEP-0329,LEFT_COUPLING_SLEEVE_SAMPLE,UNIT_REMOVAL_ENVELOPE,FULL_SWEEP_SAMPLED,8.0,0.05,0.01,5.0,sampled removal,CadQuery.Shape.intersect+Volume;OCP.BRepExtrema_DistShapeShape,0.0,0,5.0,160.0,16.0,320.0,165.0,16.0,320.0,CLEAR,PASS,,CONTINUOUS_CONSERVATIVE_SOLID_PLUS_0P5MM_ACTUAL_SAMPLES,0.5,8.0,True
SWEEP-0330,LEFT_COUPLING_SLEEVE_SAMPLE,LEFT_UNIT_INPUT_SUPPORT,FULL_SWEEP_SAMPLED,8.0,0.05,0.01,5.0,sampled input support,CadQuery.Shape.intersect+Volume;OCP.BRepExtrema_DistShapeShape,0.0,0,15.0,160.0,16.0,320.0,175.0,16.0,320.0,CLEAR,PASS,,CONTINUOUS_CONSERVATIVE_SOLID_PLUS_0P5MM_ACTUAL_SAMPLES,0.5,8.0,True
SWEEP-0331,RIGHT_COUPLING_SLEEVE_SAMPLE,LEFT_COUPLING_SLEEVE_SAMPLE,FULL_SWEEP_SAMPLED,8.0,0.05,0.01,5.0,sampled opposite sleeve,CadQuery.Shape.intersect+Volume;OCP.BRepExtrema_DistShapeShape,0.0,0,32.0,150.0,-16.0,330.0,150.0,16.0,330.0,CLEAR,PASS,,CONTINUOUS_CONSERVATIVE_SOLID_PLUS_0P5MM_ACTUAL_SAMPLES,0.5,8.0,True
SWEEP-0332,RIGHT_COUPLING_SLEEVE_SAMPLE,LEFT_PTO_STUB,FULL_SWEEP_SAMPLED,8.0,0.05,0.01,5.0,sampled opposite stub,CadQuery.Shape.intersect+Volume;OCP.BRepExtrema_DistShapeShape,0.0,0,34.005293706,150.0,-16.0,325.6,150.0,18.0,325.0,CLEAR,PASS,,CONTINUOUS_CONSERVATIVE_SOLID_PLUS_0P5MM_ACTUAL_SAMPLES,0.5,8.0,True
SWEEP-0333,RIGHT_COUPLING_SLEEVE_SAMPLE,CENTRAL_UNIT_FRAME,FULL_SWEEP_SAMPLED,8.0,0.05,0.01,5.0,sampled central frame,CadQuery.Shape.intersect+Volume;OCP.BRepExtrema_DistShapeShape,0.0,0,40.0,156.0,-22.0,328.0,180.0,-22.0,360.0,CLEAR,PASS,,CONTINUOUS_CONSERVATIVE_SOLID_PLUS_0P5MM_ACTUAL_SAMPLES,0.5,8.0,True
SWEEP-0334,RIGHT_COUPLING_SLEEVE_SAMPLE,CENTRAL_ALIGNMENT_GUIDE_RIGHT,FULL_SWEEP_SAMPLED,8.0,0.05,0.01,5.0,sampled own alignment guide,CadQuery.Shape.intersect+Volume;OCP.BRepExtrema_DistShapeShape,0.0,0,5.0,160.0,-16.0,320.0,165.0,-16.0,320.0,CLEAR,PASS,,CONTINUOUS_CONSERVATIVE_SOLID_PLUS_0P5MM_ACTUAL_SAMPLES,0.5,8.0,True
SWEEP-0335,RIGHT_COUPLING_SLEEVE_SAMPLE,CENTRAL_MECHANICAL_LOCK,FULL_SWEEP_SAMPLED,8.0,0.05,0.01,5.0,sampled lock,CadQuery.Shape.intersect+Volume;OCP.BRepExtrema_DistShapeShape,0.0,0,30.459856648,157.661915,-16.0,326.426123,181.0,-16.0,346.0,CLEAR,PASS,,CONTINUOUS_CONSERVATIVE_SOLID_PLUS_0P5MM_ACTUAL_SAMPLES,0.5,8.0,True
SWEEP-0336,RIGHT_COUPLING_SLEEVE_SAMPLE,RIGHT_GUARD_FIXED,FULL_SWEEP_SAMPLED,8.0,0.05,0.01,5.0,sampled guard,CadQuery.Shape.intersect+Volume;OCP.BRepExtrema_DistShapeShape,0.0,0,9.486832981,150.0,-26.0,330.0,150.0,-35.0,333.0,CLEAR,PASS,,CONTINUOUS_CONSERVATIVE_SOLID_PLUS_0P5MM_ACTUAL_SAMPLES,0.5,8.0,True
SWEEP-0337,RIGHT_COUPLING_SLEEVE_SAMPLE,WIRING_KEEP_OUT,FULL_SWEEP_SAMPLED,8.0,0.05,0.01,10.0,sampled wiring,CadQuery.Shape.intersect+Volume;OCP.BRepExtrema_DistShapeShape,0.0,0,26.055512755,158.320503,-25.0,325.547002,180.0,-25.0,340.0,CLEAR,PASS,,CONTINUOUS_CONSERVATIVE_SOLID_PLUS_0P5MM_ACTUAL_SAMPLES,0.5,8.0,True
SWEEP-0338,RIGHT_COUPLING_SLEEVE_SAMPLE,UNIT_INSTALLATION_ENVELOPE,FULL_SWEEP_SAMPLED,8.0,0.05,0.01,5.0,sampled insertion,CadQuery.Shape.intersect+Volume;OCP.BRepExtrema_DistShapeShape,0.0,0,5.0,160.0,-16.0,320.0,165.0,-16.0,320.0,CLEAR,PASS,,CONTINUOUS_CONSERVATIVE_SOLID_PLUS_0P5MM_ACTUAL_SAMPLES,0.5,8.0,True
SWEEP-0339,RIGHT_COUPLING_SLEEVE_SAMPLE,UNIT_REMOVAL_ENVELOPE,FULL_SWEEP_SAMPLED,8.0,0.05,0.01,5.0,sampled removal,CadQuery.Shape.intersect+Volume;OCP.BRepExtrema_DistShapeShape,0.0,0,5.0,160.0,-16.0,320.0,165.0,-16.0,320.0,CLEAR,PASS,,CONTINUOUS_CONSERVATIVE_SOLID_PLUS_0P5MM_ACTUAL_SAMPLES,0.5,8.0,True
SWEEP-0340,RIGHT_COUPLING_SLEEVE_SAMPLE,RIGHT_UNIT_INPUT_SUPPORT,FULL_SWEEP_SAMPLED,8.0,0.05,0.01,5.0,sampled input support,CadQuery.Shape.intersect+Volume;OCP.BRepExtrema_DistShapeShape,0.0,0,15.0,160.0,-16.0,320.0,175.0,-16.0,320.0,CLEAR,PASS,,CONTINUOUS_CONSERVATIVE_SOLID_PLUS_0P5MM_ACTUAL_SAMPLES,0.5,8.0,True
SWEEP-0341,LEFT_COUPLING_SLEEVE_SAMPLE,RIGHT_COUPLING_SLEEVE_SAMPLE,FULL_SWEEP_SAMPLED,8.5,0.05,0.01,5.0,sampled opposite sleeve,CadQuery.Shape.intersect+Volume;OCP.BRepExtrema_DistShapeShape,0.0,0,33.0,150.0,16.5,330.0,150.0,-16.5,330.0,CLEAR,PASS,,CONTINUOUS_CONSERVATIVE_SOLID_PLUS_0P5MM_ACTUAL_SAMPLES,0.5,8.5,True
SWEEP-0342,LEFT_COUPLING_SLEEVE_SAMPLE,RIGHT_PTO_STUB,FULL_SWEEP_SAMPLED,8.5,0.05,0.01,5.0,sampled opposite stub,CadQuery.Shape.intersect+Volume;OCP.BRepExtrema_DistShapeShape,0.0,0,34.505216997,150.0,16.5,325.6,150.0,-18.0,325.0,CLEAR,PASS,,CONTINUOUS_CONSERVATIVE_SOLID_PLUS_0P5MM_ACTUAL_SAMPLES,0.5,8.5,True
SWEEP-0343,LEFT_COUPLING_SLEEVE_SAMPLE,CENTRAL_UNIT_FRAME,FULL_SWEEP_SAMPLED,8.5,0.05,0.01,5.0,sampled central frame,CadQuery.Shape.intersect+Volume;OCP.BRepExtrema_DistShapeShape,0.0,0,40.0,156.0,22.0,328.0,180.0,22.0,360.0,CLEAR,PASS,,CONTINUOUS_CONSERVATIVE_SOLID_PLUS_0P5MM_ACTUAL_SAMPLES,0.5,8.5,True
SWEEP-0344,LEFT_COUPLING_SLEEVE_SAMPLE,CENTRAL_ALIGNMENT_GUIDE_LEFT,FULL_SWEEP_SAMPLED,8.5,0.05,0.01,5.0,sampled own alignment guide,CadQuery.Shape.intersect+Volume;OCP.BRepExtrema_DistShapeShape,0.0,0,5.0,160.0,26.5,320.0,165.0,26.5,320.0,CLEAR,PASS,,CONTINUOUS_CONSERVATIVE_SOLID_PLUS_0P5MM_ACTUAL_SAMPLES,0.5,8.5,True
SWEEP-0345,LEFT_COUPLING_SLEEVE_SAMPLE,CENTRAL_MECHANICAL_LOCK,FULL_SWEEP_SAMPLED,8.5,0.05,0.01,5.0,sampled lock,CadQuery.Shape.intersect+Volume;OCP.BRepExtrema_DistShapeShape,0.0,0,30.463960134,157.661915,16.5,326.426123,181.0,16.0,346.0,CLEAR,PASS,,CONTINUOUS_CONSERVATIVE_SOLID_PLUS_0P5MM_ACTUAL_SAMPLES,0.5,8.5,True
SWEEP-0346,LEFT_COUPLING_SLEEVE_SAMPLE,LEFT_GUARD_FIXED,FULL_SWEEP_SAMPLED,8.5,0.05,0.01,5.0,sampled guard,CadQuery.Shape.intersect+Volume;OCP.BRepExtrema_DistShapeShape,0.0,0,9.013878189,150.0,26.5,330.0,150.0,35.0,333.0,CLEAR,PASS,,CONTINUOUS_CONSERVATIVE_SOLID_PLUS_0P5MM_ACTUAL_SAMPLES,0.5,8.5,True
SWEEP-0347,LEFT_COUPLING_SLEEVE_SAMPLE,WIRING_KEEP_OUT,FULL_SWEEP_SAMPLED,8.5,0.05,0.01,10.0,sampled wiring,CadQuery.Shape.intersect+Volume;OCP.BRepExtrema_DistShapeShape,0.0,0,26.055512755,158.320503,25.0,325.547002,180.0,25.0,340.0,CLEAR,PASS,,CONTINUOUS_CONSERVATIVE_SOLID_PLUS_0P5MM_ACTUAL_SAMPLES,0.5,8.5,True
SWEEP-0348,LEFT_COUPLING_SLEEVE_SAMPLE,UNIT_INSTALLATION_ENVELOPE,FULL_SWEEP_SAMPLED,8.5,0.05,0.01,5.0,sampled insertion,CadQuery.Shape.intersect+Volume;OCP.BRepExtrema_DistShapeShape,0.0,0,5.0,160.0,16.5,320.0,165.0,16.5,320.0,CLEAR,PASS,,CONTINUOUS_CONSERVATIVE_SOLID_PLUS_0P5MM_ACTUAL_SAMPLES,0.5,8.5,True
SWEEP-0349,LEFT_COUPLING_SLEEVE_SAMPLE,UNIT_REMOVAL_ENVELOPE,FULL_SWEEP_SAMPLED,8.5,0.05,0.01,5.0,sampled removal,CadQuery.Shape.intersect+Volume;OCP.BRepExtrema_DistShapeShape,0.0,0,5.0,160.0,16.5,320.0,165.0,16.5,320.0,CLEAR,PASS,,CONTINUOUS_CONSERVATIVE_SOLID_PLUS_0P5MM_ACTUAL_SAMPLES,0.5,8.5,True
SWEEP-0350,LEFT_COUPLING_SLEEVE_SAMPLE,LEFT_UNIT_INPUT_SUPPORT,FULL_SWEEP_SAMPLED,8.5,0.05,0.01,5.0,sampled input support,CadQuery.Shape.intersect+Volume;OCP.BRepExtrema_DistShapeShape,0.0,0,15.0,160.0,16.5,320.0,175.0,16.5,320.0,CLEAR,PASS,,CONTINUOUS_CONSERVATIVE_SOLID_PLUS_0P5MM_ACTUAL_SAMPLES,0.5,8.5,True
SWEEP-0351,RIGHT_COUPLING_SLEEVE_SAMPLE,LEFT_COUPLING_SLEEVE_SAMPLE,FULL_SWEEP_SAMPLED,8.5,0.05,0.01,5.0,sampled opposite sleeve,CadQuery.Shape.intersect+Volume;OCP.BRepExtrema_DistShapeShape,0.0,0,33.0,150.0,-16.5,330.0,150.0,16.5,330.0,CLEAR,PASS,,CONTINUOUS_CONSERVATIVE_SOLID_PLUS_0P5MM_ACTUAL_SAMPLES,0.5,8.5,True
SWEEP-0352,RIGHT_COUPLING_SLEEVE_SAMPLE,LEFT_PTO_STUB,FULL_SWEEP_SAMPLED,8.5,0.05,0.01,5.0,sampled opposite stub,CadQuery.Shape.intersect+Volume;OCP.BRepExtrema_DistShapeShape,0.0,0,34.505216997,150.0,-16.5,325.6,150.0,18.0,325.0,CLEAR,PASS,,CONTINUOUS_CONSERVATIVE_SOLID_PLUS_0P5MM_ACTUAL_SAMPLES,0.5,8.5,True
SWEEP-0353,RIGHT_COUPLING_SLEEVE_SAMPLE,CENTRAL_UNIT_FRAME,FULL_SWEEP_SAMPLED,8.5,0.05,0.01,5.0,sampled central frame,CadQuery.Shape.intersect+Volume;OCP.BRepExtrema_DistShapeShape,0.0,0,40.0,156.0,-22.0,328.0,180.0,-22.0,360.0,CLEAR,PASS,,CONTINUOUS_CONSERVATIVE_SOLID_PLUS_0P5MM_ACTUAL_SAMPLES,0.5,8.5,True
SWEEP-0354,RIGHT_COUPLING_SLEEVE_SAMPLE,CENTRAL_ALIGNMENT_GUIDE_RIGHT,FULL_SWEEP_SAMPLED,8.5,0.05,0.01,5.0,sampled own alignment guide,CadQuery.Shape.intersect+Volume;OCP.BRepExtrema_DistShapeShape,0.0,0,5.0,160.0,-16.5,320.0,165.0,-16.5,320.0,CLEAR,PASS,,CONTINUOUS_CONSERVATIVE_SOLID_PLUS_0P5MM_ACTUAL_SAMPLES,0.5,8.5,True
SWEEP-0355,RIGHT_COUPLING_SLEEVE_SAMPLE,CENTRAL_MECHANICAL_LOCK,FULL_SWEEP_SAMPLED,8.5,0.05,0.01,5.0,sampled lock,CadQuery.Shape.intersect+Volume;OCP.BRepExtrema_DistShapeShape,0.0,0,30.463960134,157.661915,-16.5,326.426123,181.0,-16.0,346.0,CLEAR,PASS,,CONTINUOUS_CONSERVATIVE_SOLID_PLUS_0P5MM_ACTUAL_SAMPLES,0.5,8.5,True
SWEEP-0356,RIGHT_COUPLING_SLEEVE_SAMPLE,RIGHT_GUARD_FIXED,FULL_SWEEP_SAMPLED,8.5,0.05,0.01,5.0,sampled guard,CadQuery.Shape.intersect+Volume;OCP.BRepExtrema_DistShapeShape,0.0,0,9.013878189,150.0,-26.5,330.0,150.0,-35.0,333.0,CLEAR,PASS,,CONTINUOUS_CONSERVATIVE_SOLID_PLUS_0P5MM_ACTUAL_SAMPLES,0.5,8.5,True
SWEEP-0357,RIGHT_COUPLING_SLEEVE_SAMPLE,WIRING_KEEP_OUT,FULL_SWEEP_SAMPLED,8.5,0.05,0.01,10.0,sampled wiring,CadQuery.Shape.intersect+Volume;OCP.BRepExtrema_DistShapeShape,0.0,0,26.055512755,158.320503,-25.0,325.547002,180.0,-25.0,340.0,CLEAR,PASS,,CONTINUOUS_CONSERVATIVE_SOLID_PLUS_0P5MM_ACTUAL_SAMPLES,0.5,8.5,True
SWEEP-0358,RIGHT_COUPLING_SLEEVE_SAMPLE,UNIT_INSTALLATION_ENVELOPE,FULL_SWEEP_SAMPLED,8.5,0.05,0.01,5.0,sampled insertion,CadQuery.Shape.intersect+Volume;OCP.BRepExtrema_DistShapeShape,0.0,0,5.0,160.0,-16.5,320.0,165.0,-16.5,320.0,CLEAR,PASS,,CONTINUOUS_CONSERVATIVE_SOLID_PLUS_0P5MM_ACTUAL_SAMPLES,0.5,8.5,True
SWEEP-0359,RIGHT_COUPLING_SLEEVE_SAMPLE,UNIT_REMOVAL_ENVELOPE,FULL_SWEEP_SAMPLED,8.5,0.05,0.01,5.0,sampled removal,CadQuery.Shape.intersect+Volume;OCP.BRepExtrema_DistShapeShape,0.0,0,5.0,160.0,-16.5,320.0,165.0,-16.5,320.0,CLEAR,PASS,,CONTINUOUS_CONSERVATIVE_SOLID_PLUS_0P5MM_ACTUAL_SAMPLES,0.5,8.5,True
SWEEP-0360,RIGHT_COUPLING_SLEEVE_SAMPLE,RIGHT_UNIT_INPUT_SUPPORT,FULL_SWEEP_SAMPLED,8.5,0.05,0.01,5.0,sampled input support,CadQuery.Shape.intersect+Volume;OCP.BRepExtrema_DistShapeShape,0.0,0,15.0,160.0,-16.5,320.0,175.0,-16.5,320.0,CLEAR,PASS,,CONTINUOUS_CONSERVATIVE_SOLID_PLUS_0P5MM_ACTUAL_SAMPLES,0.5,8.5,True
SWEEP-0361,LEFT_COUPLING_SLEEVE_SAMPLE,RIGHT_COUPLING_SLEEVE_SAMPLE,FULL_SWEEP_SAMPLED,9.0,0.05,0.01,5.0,sampled opposite sleeve,CadQuery.Shape.intersect+Volume;OCP.BRepExtrema_DistShapeShape,0.0,0,34.0,150.0,17.0,330.0,150.0,-17.0,330.0,CLEAR,PASS,,CONTINUOUS_CONSERVATIVE_SOLID_PLUS_0P5MM_ACTUAL_SAMPLES,0.5,9.0,True
SWEEP-0362,LEFT_COUPLING_SLEEVE_SAMPLE,RIGHT_PTO_STUB,FULL_SWEEP_SAMPLED,9.0,0.05,0.01,5.0,sampled opposite stub,CadQuery.Shape.intersect+Volume;OCP.BRepExtrema_DistShapeShape,0.0,0,35.005142479,150.0,17.0,325.6,150.0,-18.0,325.0,CLEAR,PASS,,CONTINUOUS_CONSERVATIVE_SOLID_PLUS_0P5MM_ACTUAL_SAMPLES,0.5,9.0,True
SWEEP-0363,LEFT_COUPLING_SLEEVE_SAMPLE,CENTRAL_UNIT_FRAME,FULL_SWEEP_SAMPLED,9.0,0.05,0.01,5.0,sampled central frame,CadQuery.Shape.intersect+Volume;OCP.BRepExtrema_DistShapeShape,0.0,0,40.0,156.0,22.0,328.0,180.0,22.0,360.0,CLEAR,PASS,,CONTINUOUS_CONSERVATIVE_SOLID_PLUS_0P5MM_ACTUAL_SAMPLES,0.5,9.0,True
SWEEP-0364,LEFT_COUPLING_SLEEVE_SAMPLE,CENTRAL_ALIGNMENT_GUIDE_LEFT,FULL_SWEEP_SAMPLED,9.0,0.05,0.01,5.0,sampled own alignment guide,CadQuery.Shape.intersect+Volume;OCP.BRepExtrema_DistShapeShape,0.0,0,5.0,160.0,27.0,320.0,165.0,27.0,320.0,CLEAR,PASS,,CONTINUOUS_CONSERVATIVE_SOLID_PLUS_0P5MM_ACTUAL_SAMPLES,0.5,9.0,True
SWEEP-0365,LEFT_COUPLING_SLEEVE_SAMPLE,CENTRAL_MECHANICAL_LOCK,FULL_SWEEP_SAMPLED,9.0,0.05,0.01,5.0,sampled lock,CadQuery.Shape.intersect+Volume;OCP.BRepExtrema_DistShapeShape,0.0,0,30.476267275,157.661915,17.0,326.426123,181.0,16.0,346.0,CLEAR,PASS,,CONTINUOUS_CONSERVATIVE_SOLID_PLUS_0P5MM_ACTUAL_SAMPLES,0.5,9.0,True
SWEEP-0366,LEFT_COUPLING_SLEEVE_SAMPLE,LEFT_GUARD_FIXED,FULL_SWEEP_SAMPLED,9.0,0.05,0.01,5.0,sampled guard,CadQuery.Shape.intersect+Volume;OCP.BRepExtrema_DistShapeShape,0.0,0,8.544003745,150.0,27.0,330.0,150.0,35.0,333.0,CLEAR,PASS,,CONTINUOUS_CONSERVATIVE_SOLID_PLUS_0P5MM_ACTUAL_SAMPLES,0.5,9.0,True
SWEEP-0367,LEFT_COUPLING_SLEEVE_SAMPLE,WIRING_KEEP_OUT,FULL_SWEEP_SAMPLED,9.0,0.05,0.01,10.0,sampled wiring,CadQuery.Shape.intersect+Volume;OCP.BRepExtrema_DistShapeShape,0.0,0,26.055512755,158.320503,25.0,325.547002,180.0,25.0,340.0,CLEAR,PASS,,CONTINUOUS_CONSERVATIVE_SOLID_PLUS_0P5MM_ACTUAL_SAMPLES,0.5,9.0,True
SWEEP-0368,LEFT_COUPLING_SLEEVE_SAMPLE,UNIT_INSTALLATION_ENVELOPE,FULL_SWEEP_SAMPLED,9.0,0.05,0.01,5.0,sampled insertion,CadQuery.Shape.intersect+Volume;OCP.BRepExtrema_DistShapeShape,0.0,0,5.0,160.0,17.0,320.0,165.0,17.0,320.0,CLEAR,PASS,,CONTINUOUS_CONSERVATIVE_SOLID_PLUS_0P5MM_ACTUAL_SAMPLES,0.5,9.0,True
SWEEP-0369,LEFT_COUPLING_SLEEVE_SAMPLE,UNIT_REMOVAL_ENVELOPE,FULL_SWEEP_SAMPLED,9.0,0.05,0.01,5.0,sampled removal,CadQuery.Shape.intersect+Volume;OCP.BRepExtrema_DistShapeShape,0.0,0,5.0,160.0,17.0,320.0,165.0,17.0,320.0,CLEAR,PASS,,CONTINUOUS_CONSERVATIVE_SOLID_PLUS_0P5MM_ACTUAL_SAMPLES,0.5,9.0,True
SWEEP-0370,LEFT_COUPLING_SLEEVE_SAMPLE,LEFT_UNIT_INPUT_SUPPORT,FULL_SWEEP_SAMPLED,9.0,0.05,0.01,5.0,sampled input support,CadQuery.Shape.intersect+Volume;OCP.BRepExtrema_DistShapeShape,0.0,0,15.0,160.0,17.0,320.0,175.0,17.0,320.0,CLEAR,PASS,,CONTINUOUS_CONSERVATIVE_SOLID_PLUS_0P5MM_ACTUAL_SAMPLES,0.5,9.0,True
SWEEP-0371,RIGHT_COUPLING_SLEEVE_SAMPLE,LEFT_COUPLING_SLEEVE_SAMPLE,FULL_SWEEP_SAMPLED,9.0,0.05,0.01,5.0,sampled opposite sleeve,CadQuery.Shape.intersect+Volume;OCP.BRepExtrema_DistShapeShape,0.0,0,34.0,150.0,-17.0,330.0,150.0,17.0,330.0,CLEAR,PASS,,CONTINUOUS_CONSERVATIVE_SOLID_PLUS_0P5MM_ACTUAL_SAMPLES,0.5,9.0,True
SWEEP-0372,RIGHT_COUPLING_SLEEVE_SAMPLE,LEFT_PTO_STUB,FULL_SWEEP_SAMPLED,9.0,0.05,0.01,5.0,sampled opposite stub,CadQuery.Shape.intersect+Volume;OCP.BRepExtrema_DistShapeShape,0.0,0,35.005142479,150.0,-17.0,325.6,150.0,18.0,325.0,CLEAR,PASS,,CONTINUOUS_CONSERVATIVE_SOLID_PLUS_0P5MM_ACTUAL_SAMPLES,0.5,9.0,True
SWEEP-0373,RIGHT_COUPLING_SLEEVE_SAMPLE,CENTRAL_UNIT_FRAME,FULL_SWEEP_SAMPLED,9.0,0.05,0.01,5.0,sampled central frame,CadQuery.Shape.intersect+Volume;OCP.BRepExtrema_DistShapeShape,0.0,0,40.0,156.0,-22.0,328.0,180.0,-22.0,360.0,CLEAR,PASS,,CONTINUOUS_CONSERVATIVE_SOLID_PLUS_0P5MM_ACTUAL_SAMPLES,0.5,9.0,True
SWEEP-0374,RIGHT_COUPLING_SLEEVE_SAMPLE,CENTRAL_ALIGNMENT_GUIDE_RIGHT,FULL_SWEEP_SAMPLED,9.0,0.05,0.01,5.0,sampled own alignment guide,CadQuery.Shape.intersect+Volume;OCP.BRepExtrema_DistShapeShape,0.0,0,5.0,160.0,-17.0,320.0,165.0,-17.0,320.0,CLEAR,PASS,,CONTINUOUS_CONSERVATIVE_SOLID_PLUS_0P5MM_ACTUAL_SAMPLES,0.5,9.0,True
SWEEP-0375,RIGHT_COUPLING_SLEEVE_SAMPLE,CENTRAL_MECHANICAL_LOCK,FULL_SWEEP_SAMPLED,9.0,0.05,0.01,5.0,sampled lock,CadQuery.Shape.intersect+Volume;OCP.BRepExtrema_DistShapeShape,0.0,0,30.476267275,157.661915,-17.0,326.426123,181.0,-16.0,346.0,CLEAR,PASS,,CONTINUOUS_CONSERVATIVE_SOLID_PLUS_0P5MM_ACTUAL_SAMPLES,0.5,9.0,True
SWEEP-0376,RIGHT_COUPLING_SLEEVE_SAMPLE,RIGHT_GUARD_FIXED,FULL_SWEEP_SAMPLED,9.0,0.05,0.01,5.0,sampled guard,CadQuery.Shape.intersect+Volume;OCP.BRepExtrema_DistShapeShape,0.0,0,8.544003745,150.0,-27.0,330.0,150.0,-35.0,333.0,CLEAR,PASS,,CONTINUOUS_CONSERVATIVE_SOLID_PLUS_0P5MM_ACTUAL_SAMPLES,0.5,9.0,True
SWEEP-0377,RIGHT_COUPLING_SLEEVE_SAMPLE,WIRING_KEEP_OUT,FULL_SWEEP_SAMPLED,9.0,0.05,0.01,10.0,sampled wiring,CadQuery.Shape.intersect+Volume;OCP.BRepExtrema_DistShapeShape,0.0,0,26.055512755,158.320503,-25.0,325.547002,180.0,-25.0,340.0,CLEAR,PASS,,CONTINUOUS_CONSERVATIVE_SOLID_PLUS_0P5MM_ACTUAL_SAMPLES,0.5,9.0,True
SWEEP-0378,RIGHT_COUPLING_SLEEVE_SAMPLE,UNIT_INSTALLATION_ENVELOPE,FULL_SWEEP_SAMPLED,9.0,0.05,0.01,5.0,sampled insertion,CadQuery.Shape.intersect+Volume;OCP.BRepExtrema_DistShapeShape,0.0,0,5.0,160.0,-17.0,320.0,165.0,-17.0,320.0,CLEAR,PASS,,CONTINUOUS_CONSERVATIVE_SOLID_PLUS_0P5MM_ACTUAL_SAMPLES,0.5,9.0,True
SWEEP-0379,RIGHT_COUPLING_SLEEVE_SAMPLE,UNIT_REMOVAL_ENVELOPE,FULL_SWEEP_SAMPLED,9.0,0.05,0.01,5.0,sampled removal,CadQuery.Shape.intersect+Volume;OCP.BRepExtrema_DistShapeShape,0.0,0,5.0,160.0,-17.0,320.0,165.0,-17.0,320.0,CLEAR,PASS,,CONTINUOUS_CONSERVATIVE_SOLID_PLUS_0P5MM_ACTUAL_SAMPLES,0.5,9.0,True
SWEEP-0380,RIGHT_COUPLING_SLEEVE_SAMPLE,RIGHT_UNIT_INPUT_SUPPORT,FULL_SWEEP_SAMPLED,9.0,0.05,0.01,5.0,sampled input support,CadQuery.Shape.intersect+Volume;OCP.BRepExtrema_DistShapeShape,0.0,0,15.0,160.0,-17.0,320.0,175.0,-17.0,320.0,CLEAR,PASS,,CONTINUOUS_CONSERVATIVE_SOLID_PLUS_0P5MM_ACTUAL_SAMPLES,0.5,9.0,True
SWEEP-0381,LEFT_COUPLING_SLEEVE_SAMPLE,RIGHT_COUPLING_SLEEVE_SAMPLE,FULL_SWEEP_SAMPLED,9.5,0.05,0.01,5.0,sampled opposite sleeve,CadQuery.Shape.intersect+Volume;OCP.BRepExtrema_DistShapeShape,0.0,0,35.0,150.0,17.5,330.0,150.0,-17.5,330.0,CLEAR,PASS,,CONTINUOUS_CONSERVATIVE_SOLID_PLUS_0P5MM_ACTUAL_SAMPLES,0.5,9.5,True
SWEEP-0382,LEFT_COUPLING_SLEEVE_SAMPLE,RIGHT_PTO_STUB,FULL_SWEEP_SAMPLED,9.5,0.05,0.01,5.0,sampled opposite stub,CadQuery.Shape.intersect+Volume;OCP.BRepExtrema_DistShapeShape,0.0,0,35.50507006,150.0,17.5,325.6,150.0,-18.0,325.0,CLEAR,PASS,,CONTINUOUS_CONSERVATIVE_SOLID_PLUS_0P5MM_ACTUAL_SAMPLES,0.5,9.5,True
SWEEP-0383,LEFT_COUPLING_SLEEVE_SAMPLE,CENTRAL_UNIT_FRAME,FULL_SWEEP_SAMPLED,9.5,0.05,0.01,5.0,sampled central frame,CadQuery.Shape.intersect+Volume;OCP.BRepExtrema_DistShapeShape,0.0,0,40.0,156.0,22.0,328.0,180.0,22.0,360.0,CLEAR,PASS,,CONTINUOUS_CONSERVATIVE_SOLID_PLUS_0P5MM_ACTUAL_SAMPLES,0.5,9.5,True
SWEEP-0384,LEFT_COUPLING_SLEEVE_SAMPLE,CENTRAL_ALIGNMENT_GUIDE_LEFT,FULL_SWEEP_SAMPLED,9.5,0.05,0.01,5.0,sampled own alignment guide,CadQuery.Shape.intersect+Volume;OCP.BRepExtrema_DistShapeShape,0.0,0,5.0,160.0,27.5,320.0,165.0,27.5,320.0,CLEAR,PASS,,CONTINUOUS_CONSERVATIVE_SOLID_PLUS_0P5MM_ACTUAL_SAMPLES,0.5,9.5,True
SWEEP-0385,LEFT_COUPLING_SLEEVE_SAMPLE,CENTRAL_MECHANICAL_LOCK,FULL_SWEEP_SAMPLED,9.5,0.05,0.01,5.0,sampled lock,CadQuery.Shape.intersect+Volume;OCP.BRepExtrema_DistShapeShape,0.0,0,30.496768141,157.661915,17.5,326.426123,181.0,16.0,346.0,CLEAR,PASS,,CONTINUOUS_CONSERVATIVE_SOLID_PLUS_0P5MM_ACTUAL_SAMPLES,0.5,9.5,True
SWEEP-0386,LEFT_COUPLING_SLEEVE_SAMPLE,LEFT_GUARD_FIXED,FULL_SWEEP_SAMPLED,9.5,0.05,0.01,5.0,sampled guard,CadQuery.Shape.intersect+Volume;OCP.BRepExtrema_DistShapeShape,0.0,0,8.077747211,150.0,27.5,330.0,150.0,35.0,333.0,CLEAR,PASS,,CONTINUOUS_CONSERVATIVE_SOLID_PLUS_0P5MM_ACTUAL_SAMPLES,0.5,9.5,True
SWEEP-0387,LEFT_COUPLING_SLEEVE_SAMPLE,WIRING_KEEP_OUT,FULL_SWEEP_SAMPLED,9.5,0.05,0.01,10.0,sampled wiring,CadQuery.Shape.intersect+Volume;OCP.BRepExtrema_DistShapeShape,0.0,0,26.055512755,158.320503,25.0,325.547002,180.0,25.0,340.0,CLEAR,PASS,,CONTINUOUS_CONSERVATIVE_SOLID_PLUS_0P5MM_ACTUAL_SAMPLES,0.5,9.5,True
SWEEP-0388,LEFT_COUPLING_SLEEVE_SAMPLE,UNIT_INSTALLATION_ENVELOPE,FULL_SWEEP_SAMPLED,9.5,0.05,0.01,5.0,sampled insertion,CadQuery.Shape.intersect+Volume;OCP.BRepExtrema_DistShapeShape,0.0,0,5.0,160.0,17.5,320.0,165.0,17.5,320.0,CLEAR,PASS,,CONTINUOUS_CONSERVATIVE_SOLID_PLUS_0P5MM_ACTUAL_SAMPLES,0.5,9.5,True
SWEEP-0389,LEFT_COUPLING_SLEEVE_SAMPLE,UNIT_REMOVAL_ENVELOPE,FULL_SWEEP_SAMPLED,9.5,0.05,0.01,5.0,sampled removal,CadQuery.Shape.intersect+Volume;OCP.BRepExtrema_DistShapeShape,0.0,0,5.0,160.0,17.5,320.0,165.0,17.5,320.0,CLEAR,PASS,,CONTINUOUS_CONSERVATIVE_SOLID_PLUS_0P5MM_ACTUAL_SAMPLES,0.5,9.5,True
SWEEP-0390,LEFT_COUPLING_SLEEVE_SAMPLE,LEFT_UNIT_INPUT_SUPPORT,FULL_SWEEP_SAMPLED,9.5,0.05,0.01,5.0,sampled input support,CadQuery.Shape.intersect+Volume;OCP.BRepExtrema_DistShapeShape,0.0,0,15.0,160.0,17.5,320.0,175.0,17.5,320.0,CLEAR,PASS,,CONTINUOUS_CONSERVATIVE_SOLID_PLUS_0P5MM_ACTUAL_SAMPLES,0.5,9.5,True
SWEEP-0391,RIGHT_COUPLING_SLEEVE_SAMPLE,LEFT_COUPLING_SLEEVE_SAMPLE,FULL_SWEEP_SAMPLED,9.5,0.05,0.01,5.0,sampled opposite sleeve,CadQuery.Shape.intersect+Volume;OCP.BRepExtrema_DistShapeShape,0.0,0,35.0,150.0,-17.5,330.0,150.0,17.5,330.0,CLEAR,PASS,,CONTINUOUS_CONSERVATIVE_SOLID_PLUS_0P5MM_ACTUAL_SAMPLES,0.5,9.5,True
SWEEP-0392,RIGHT_COUPLING_SLEEVE_SAMPLE,LEFT_PTO_STUB,FULL_SWEEP_SAMPLED,9.5,0.05,0.01,5.0,sampled opposite stub,CadQuery.Shape.intersect+Volume;OCP.BRepExtrema_DistShapeShape,0.0,0,35.50507006,150.0,-17.5,325.6,150.0,18.0,325.0,CLEAR,PASS,,CONTINUOUS_CONSERVATIVE_SOLID_PLUS_0P5MM_ACTUAL_SAMPLES,0.5,9.5,True
SWEEP-0393,RIGHT_COUPLING_SLEEVE_SAMPLE,CENTRAL_UNIT_FRAME,FULL_SWEEP_SAMPLED,9.5,0.05,0.01,5.0,sampled central frame,CadQuery.Shape.intersect+Volume;OCP.BRepExtrema_DistShapeShape,0.0,0,40.0,156.0,-22.0,328.0,180.0,-22.0,360.0,CLEAR,PASS,,CONTINUOUS_CONSERVATIVE_SOLID_PLUS_0P5MM_ACTUAL_SAMPLES,0.5,9.5,True
SWEEP-0394,RIGHT_COUPLING_SLEEVE_SAMPLE,CENTRAL_ALIGNMENT_GUIDE_RIGHT,FULL_SWEEP_SAMPLED,9.5,0.05,0.01,5.0,sampled own alignment guide,CadQuery.Shape.intersect+Volume;OCP.BRepExtrema_DistShapeShape,0.0,0,5.0,160.0,-17.5,320.0,165.0,-17.5,320.0,CLEAR,PASS,,CONTINUOUS_CONSERVATIVE_SOLID_PLUS_0P5MM_ACTUAL_SAMPLES,0.5,9.5,True
SWEEP-0395,RIGHT_COUPLING_SLEEVE_SAMPLE,CENTRAL_MECHANICAL_LOCK,FULL_SWEEP_SAMPLED,9.5,0.05,0.01,5.0,sampled lock,CadQuery.Shape.intersect+Volume;OCP.BRepExtrema_DistShapeShape,0.0,0,30.496768141,157.661915,-17.5,326.426123,181.0,-16.0,346.0,CLEAR,PASS,,CONTINUOUS_CONSERVATIVE_SOLID_PLUS_0P5MM_ACTUAL_SAMPLES,0.5,9.5,True
SWEEP-0396,RIGHT_COUPLING_SLEEVE_SAMPLE,RIGHT_GUARD_FIXED,FULL_SWEEP_SAMPLED,9.5,0.05,0.01,5.0,sampled guard,CadQuery.Shape.intersect+Volume;OCP.BRepExtrema_DistShapeShape,0.0,0,8.077747211,150.0,-27.5,330.0,150.0,-35.0,333.0,CLEAR,PASS,,CONTINUOUS_CONSERVATIVE_SOLID_PLUS_0P5MM_ACTUAL_SAMPLES,0.5,9.5,True
SWEEP-0397,RIGHT_COUPLING_SLEEVE_SAMPLE,WIRING_KEEP_OUT,FULL_SWEEP_SAMPLED,9.5,0.05,0.01,10.0,sampled wiring,CadQuery.Shape.intersect+Volume;OCP.BRepExtrema_DistShapeShape,0.0,0,26.055512755,158.320503,-25.0,325.547002,180.0,-25.0,340.0,CLEAR,PASS,,CONTINUOUS_CONSERVATIVE_SOLID_PLUS_0P5MM_ACTUAL_SAMPLES,0.5,9.5,True
SWEEP-0398,RIGHT_COUPLING_SLEEVE_SAMPLE,UNIT_INSTALLATION_ENVELOPE,FULL_SWEEP_SAMPLED,9.5,0.05,0.01,5.0,sampled insertion,CadQuery.Shape.intersect+Volume;OCP.BRepExtrema_DistShapeShape,0.0,0,5.0,160.0,-17.5,320.0,165.0,-17.5,320.0,CLEAR,PASS,,CONTINUOUS_CONSERVATIVE_SOLID_PLUS_0P5MM_ACTUAL_SAMPLES,0.5,9.5,True
SWEEP-0399,RIGHT_COUPLING_SLEEVE_SAMPLE,UNIT_REMOVAL_ENVELOPE,FULL_SWEEP_SAMPLED,9.5,0.05,0.01,5.0,sampled removal,CadQuery.Shape.intersect+Volume;OCP.BRepExtrema_DistShapeShape,0.0,0,5.0,160.0,-17.5,320.0,165.0,-17.5,320.0,CLEAR,PASS,,CONTINUOUS_CONSERVATIVE_SOLID_PLUS_0P5MM_ACTUAL_SAMPLES,0.5,9.5,True
SWEEP-0400,RIGHT_COUPLING_SLEEVE_SAMPLE,RIGHT_UNIT_INPUT_SUPPORT,FULL_SWEEP_SAMPLED,9.5,0.05,0.01,5.0,sampled input support,CadQuery.Shape.intersect+Volume;OCP.BRepExtrema_DistShapeShape,0.0,0,15.0,160.0,-17.5,320.0,175.0,-17.5,320.0,CLEAR,PASS,,CONTINUOUS_CONSERVATIVE_SOLID_PLUS_0P5MM_ACTUAL_SAMPLES,0.5,9.5,True
SWEEP-0401,LEFT_COUPLING_SLEEVE_SAMPLE,RIGHT_COUPLING_SLEEVE_SAMPLE,FULL_SWEEP_SAMPLED,10.0,0.05,0.01,5.0,sampled opposite sleeve,CadQuery.Shape.intersect+Volume;OCP.BRepExtrema_DistShapeShape,0.0,0,36.0,150.0,18.0,330.0,150.0,-18.0,330.0,CLEAR,PASS,,CONTINUOUS_CONSERVATIVE_SOLID_PLUS_0P5MM_ACTUAL_SAMPLES,0.5,10.0,True
SWEEP-0402,LEFT_COUPLING_SLEEVE_SAMPLE,RIGHT_PTO_STUB,FULL_SWEEP_SAMPLED,10.0,0.05,0.01,5.0,sampled opposite stub,CadQuery.Shape.intersect+Volume;OCP.BRepExtrema_DistShapeShape,0.0,0,36.004999653,150.0,18.0,325.6,150.0,-18.0,325.0,CLEAR,PASS,,CONTINUOUS_CONSERVATIVE_SOLID_PLUS_0P5MM_ACTUAL_SAMPLES,0.5,10.0,True
SWEEP-0403,LEFT_COUPLING_SLEEVE_SAMPLE,CENTRAL_UNIT_FRAME,FULL_SWEEP_SAMPLED,10.0,0.05,0.01,5.0,sampled central frame,CadQuery.Shape.intersect+Volume;OCP.BRepExtrema_DistShapeShape,0.0,0,40.0,156.0,22.0,328.0,180.0,22.0,360.0,CLEAR,PASS,,CONTINUOUS_CONSERVATIVE_SOLID_PLUS_0P5MM_ACTUAL_SAMPLES,0.5,10.0,True
SWEEP-0404,LEFT_COUPLING_SLEEVE_SAMPLE,CENTRAL_ALIGNMENT_GUIDE_LEFT,FULL_SWEEP_SAMPLED,10.0,0.05,0.01,5.0,sampled own alignment guide,CadQuery.Shape.intersect+Volume;OCP.BRepExtrema_DistShapeShape,0.0,0,5.0,160.0,28.0,320.0,165.0,28.0,320.0,CLEAR,PASS,,CONTINUOUS_CONSERVATIVE_SOLID_PLUS_0P5MM_ACTUAL_SAMPLES,0.5,10.0,True
SWEEP-0405,LEFT_COUPLING_SLEEVE_SAMPLE,CENTRAL_MECHANICAL_LOCK,FULL_SWEEP_SAMPLED,10.0,0.05,0.01,5.0,sampled lock,CadQuery.Shape.intersect+Volume;OCP.BRepExtrema_DistShapeShape,0.0,0,30.525446222,157.661915,18.0,326.426123,181.0,16.0,346.0,CLEAR,PASS,,CONTINUOUS_CONSERVATIVE_SOLID_PLUS_0P5MM_ACTUAL_SAMPLES,0.5,10.0,True
SWEEP-0406,LEFT_COUPLING_SLEEVE_SAMPLE,LEFT_GUARD_FIXED,FULL_SWEEP_SAMPLED,10.0,0.05,0.01,5.0,sampled guard,CadQuery.Shape.intersect+Volume;OCP.BRepExtrema_DistShapeShape,0.0,0,7.615773106,150.0,28.0,330.0,150.0,35.0,333.0,CLEAR,PASS,,CONTINUOUS_CONSERVATIVE_SOLID_PLUS_0P5MM_ACTUAL_SAMPLES,0.5,10.0,True
SWEEP-0407,LEFT_COUPLING_SLEEVE_SAMPLE,WIRING_KEEP_OUT,FULL_SWEEP_SAMPLED,10.0,0.05,0.01,10.0,sampled wiring,CadQuery.Shape.intersect+Volume;OCP.BRepExtrema_DistShapeShape,0.0,0,26.055512755,158.320503,25.0,325.547002,180.0,25.0,340.0,CLEAR,PASS,,CONTINUOUS_CONSERVATIVE_SOLID_PLUS_0P5MM_ACTUAL_SAMPLES,0.5,10.0,True
SWEEP-0408,LEFT_COUPLING_SLEEVE_SAMPLE,UNIT_INSTALLATION_ENVELOPE,FULL_SWEEP_SAMPLED,10.0,0.05,0.01,5.0,sampled insertion,CadQuery.Shape.intersect+Volume;OCP.BRepExtrema_DistShapeShape,0.0,0,5.0,160.0,18.0,320.0,165.0,18.0,320.0,CLEAR,PASS,,CONTINUOUS_CONSERVATIVE_SOLID_PLUS_0P5MM_ACTUAL_SAMPLES,0.5,10.0,True
SWEEP-0409,LEFT_COUPLING_SLEEVE_SAMPLE,UNIT_REMOVAL_ENVELOPE,FULL_SWEEP_SAMPLED,10.0,0.05,0.01,5.0,sampled removal,CadQuery.Shape.intersect+Volume;OCP.BRepExtrema_DistShapeShape,0.0,0,5.0,160.0,18.0,320.0,165.0,18.0,320.0,CLEAR,PASS,,CONTINUOUS_CONSERVATIVE_SOLID_PLUS_0P5MM_ACTUAL_SAMPLES,0.5,10.0,True
SWEEP-0410,LEFT_COUPLING_SLEEVE_SAMPLE,LEFT_UNIT_INPUT_SUPPORT,FULL_SWEEP_SAMPLED,10.0,0.05,0.01,5.0,sampled input support,CadQuery.Shape.intersect+Volume;OCP.BRepExtrema_DistShapeShape,0.0,0,15.0,160.0,18.0,320.0,175.0,18.0,320.0,CLEAR,PASS,,CONTINUOUS_CONSERVATIVE_SOLID_PLUS_0P5MM_ACTUAL_SAMPLES,0.5,10.0,True
SWEEP-0411,RIGHT_COUPLING_SLEEVE_SAMPLE,LEFT_COUPLING_SLEEVE_SAMPLE,FULL_SWEEP_SAMPLED,10.0,0.05,0.01,5.0,sampled opposite sleeve,CadQuery.Shape.intersect+Volume;OCP.BRepExtrema_DistShapeShape,0.0,0,36.0,150.0,-18.0,330.0,150.0,18.0,330.0,CLEAR,PASS,,CONTINUOUS_CONSERVATIVE_SOLID_PLUS_0P5MM_ACTUAL_SAMPLES,0.5,10.0,True
SWEEP-0412,RIGHT_COUPLING_SLEEVE_SAMPLE,LEFT_PTO_STUB,FULL_SWEEP_SAMPLED,10.0,0.05,0.01,5.0,sampled opposite stub,CadQuery.Shape.intersect+Volume;OCP.BRepExtrema_DistShapeShape,0.0,0,36.004999653,150.0,-18.0,325.6,150.0,18.0,325.0,CLEAR,PASS,,CONTINUOUS_CONSERVATIVE_SOLID_PLUS_0P5MM_ACTUAL_SAMPLES,0.5,10.0,True
SWEEP-0413,RIGHT_COUPLING_SLEEVE_SAMPLE,CENTRAL_UNIT_FRAME,FULL_SWEEP_SAMPLED,10.0,0.05,0.01,5.0,sampled central frame,CadQuery.Shape.intersect+Volume;OCP.BRepExtrema_DistShapeShape,0.0,0,40.0,156.0,-22.0,328.0,180.0,-22.0,360.0,CLEAR,PASS,,CONTINUOUS_CONSERVATIVE_SOLID_PLUS_0P5MM_ACTUAL_SAMPLES,0.5,10.0,True
SWEEP-0414,RIGHT_COUPLING_SLEEVE_SAMPLE,CENTRAL_ALIGNMENT_GUIDE_RIGHT,FULL_SWEEP_SAMPLED,10.0,0.05,0.01,5.0,sampled own alignment guide,CadQuery.Shape.intersect+Volume;OCP.BRepExtrema_DistShapeShape,0.0,0,5.0,160.0,-18.0,320.0,165.0,-18.0,320.0,CLEAR,PASS,,CONTINUOUS_CONSERVATIVE_SOLID_PLUS_0P5MM_ACTUAL_SAMPLES,0.5,10.0,True
SWEEP-0415,RIGHT_COUPLING_SLEEVE_SAMPLE,CENTRAL_MECHANICAL_LOCK,FULL_SWEEP_SAMPLED,10.0,0.05,0.01,5.0,sampled lock,CadQuery.Shape.intersect+Volume;OCP.BRepExtrema_DistShapeShape,0.0,0,30.525446222,157.661915,-18.0,326.426123,181.0,-16.0,346.0,CLEAR,PASS,,CONTINUOUS_CONSERVATIVE_SOLID_PLUS_0P5MM_ACTUAL_SAMPLES,0.5,10.0,True
SWEEP-0416,RIGHT_COUPLING_SLEEVE_SAMPLE,RIGHT_GUARD_FIXED,FULL_SWEEP_SAMPLED,10.0,0.05,0.01,5.0,sampled guard,CadQuery.Shape.intersect+Volume;OCP.BRepExtrema_DistShapeShape,0.0,0,7.615773106,150.0,-28.0,330.0,150.0,-35.0,333.0,CLEAR,PASS,,CONTINUOUS_CONSERVATIVE_SOLID_PLUS_0P5MM_ACTUAL_SAMPLES,0.5,10.0,True
SWEEP-0417,RIGHT_COUPLING_SLEEVE_SAMPLE,WIRING_KEEP_OUT,FULL_SWEEP_SAMPLED,10.0,0.05,0.01,10.0,sampled wiring,CadQuery.Shape.intersect+Volume;OCP.BRepExtrema_DistShapeShape,0.0,0,26.055512755,158.320503,-25.0,325.547002,180.0,-25.0,340.0,CLEAR,PASS,,CONTINUOUS_CONSERVATIVE_SOLID_PLUS_0P5MM_ACTUAL_SAMPLES,0.5,10.0,True
SWEEP-0418,RIGHT_COUPLING_SLEEVE_SAMPLE,UNIT_INSTALLATION_ENVELOPE,FULL_SWEEP_SAMPLED,10.0,0.05,0.01,5.0,sampled insertion,CadQuery.Shape.intersect+Volume;OCP.BRepExtrema_DistShapeShape,0.0,0,5.0,160.0,-18.0,320.0,165.0,-18.0,320.0,CLEAR,PASS,,CONTINUOUS_CONSERVATIVE_SOLID_PLUS_0P5MM_ACTUAL_SAMPLES,0.5,10.0,True
SWEEP-0419,RIGHT_COUPLING_SLEEVE_SAMPLE,UNIT_REMOVAL_ENVELOPE,FULL_SWEEP_SAMPLED,10.0,0.05,0.01,5.0,sampled removal,CadQuery.Shape.intersect+Volume;OCP.BRepExtrema_DistShapeShape,0.0,0,5.0,160.0,-18.0,320.0,165.0,-18.0,320.0,CLEAR,PASS,,CONTINUOUS_CONSERVATIVE_SOLID_PLUS_0P5MM_ACTUAL_SAMPLES,0.5,10.0,True
SWEEP-0420,RIGHT_COUPLING_SLEEVE_SAMPLE,RIGHT_UNIT_INPUT_SUPPORT,FULL_SWEEP_SAMPLED,10.0,0.05,0.01,5.0,sampled input support,CadQuery.Shape.intersect+Volume;OCP.BRepExtrema_DistShapeShape,0.0,0,15.0,160.0,-18.0,320.0,175.0,-18.0,320.0,CLEAR,PASS,,CONTINUOUS_CONSERVATIVE_SOLID_PLUS_0P5MM_ACTUAL_SAMPLES,0.5,10.0,True
